DUR_SEQ,TYPE_NAME,MIX_TYPE,INGR_CODE,INGR_ENG_NAME,INGR_NAME,MIX_INGR,ORI_INGR,CLASS_NAME,FORM_NAME,GRADE,NOTIFICATION_DATE,PROHBT_CONTENT,REMARK,DEL_YN
1893,"임부금기","단일",D000100,Progesterone,"프로게스테론","","[M040719]프로게스테론/[M086429]미분화프로게스테론/[M252921]프로게스테론(미분화)","[02470]난포호르몬제 및 황체호르몬제","연질캡슐제, 현탁상/유화주사제/용액용분말주사제/서방성현탁액용분말주사제/용액용동결건조분말주사제/현탁액용동결건조분말주사제/서방성현탁액용동결건조분말주사제/리포좀화현탁액용동결건조분말주사제/현탁액주사제/서방성현탁액성주사제/용액주사제","1등급",20081211,"임부에 대한 안전성 미확립.","경구","정상"
1894,"임부금기","단일",D000597,"3'-Deoxy-3'-Fluorothymidine(18F)","3'-데옥시-3'-플루오로티미딘(18F)","","[M230797]3´-데옥시-3´-플루오로티미딘(18F)액/[M262548]3'-데옥시-3'-플루오로티미딘(18F)액","","용액주사제/유화주사제/용액용분말주사제/서방성현탁액용분말주사제/용액용동결건조분말주사제/현탁액용동결건조분말주사제/서방성현탁액용동결건조분말주사제/리포좀화현탁액용동결건조분말주사제/현탁액주사제/서방성현탁액성주사제","2등급",20150520,"임부에 대한 안전성 미확립.","","정상"
1895,"임부금기","단일",D000654,Abacavir,"아바카비르","","[I012292]아바카비르황산염/[M262968]아바카비르황산염","","정제","2등급",20150520,"임부에 대한 안전성 미확립.
동물실험에서 태반이행 보고. 랫드에서 태자 체중감소, 부종, 골격변화, 기형, 조기 자궁내 사망, 출생지연 등 나타남.","","정상"
1896,"임부금기","단일",D000738,Abatacept,"아바타셉트","","[M208741]아바타셉트","","용액주사제/유화주사제/용액용분말주사제/서방성현탁액용분말주사제/용액용동결건조분말주사제/현탁액용동결건조분말주사제/서방성현탁액용동결건조분말주사제/리포좀화현탁액용동결건조분말주사제/현탁액주사제/서방성현탁액성주사제","2등급",20130712,"임부에 대한 안전성 미확립.
동물실험에서 면역기능변형(갑상선과 췌장의 감염 등)보고.","","정상"
1897,"임부금기","단일",D000146,Abiraterone,"아비라테론","","[M262177]아비라테론아세테이트(미분화)","","정제/필름코팅정","1등급",20130523,"임부에 대한 안전성 미확립.
모체의 호르몬 농도변화로 인한 태아발달에 위해 가능성.","","정상"
1898,"임부금기","단일",D000033,Acamprosate,"아캄프로세이트","","[M102626]아캄프로세이트칼슘","","정제","2등급",20130712,"임부에 대한 안전성 미확립.","","정상"
1899,"임부금기","단일",D000149,Acarbose,"아카보즈","","[M085039]아카보즈","[03960]당뇨병용제","정제","2등급",20121121,"임부에 대한 안전성 미확립.","경구","정상"
1900,"임부금기","단일",D000739,Aceclofenac,"아세클로페낙","","[M040359]아세클로페낙","[01140]해열.진통.소염제","정제/캡슐","2등급",20081211,"임부에 대한 안전성 미확립.
임신 말기에 투여시 태아의 동맥관조기폐쇄 가능성.
동물실험에서 비스테로이드성 소염진통제는 난산발생빈도 증가, 분만지연, 태아 생존율 감소 보고.","경구","정상"
1901,"임부금기","단일",D000031,Acemetacin,"아세메타신","","[M080670]아세메타신","[01140]해열.진통.소염제","정제/캡슐","2등급",20081211,"동물실험에서 최기형성 보고. 태아 순환지속증, 동맥관수축, 동매관개존증, 신생아 신부전, 태아 장천공, 양수과소증 발생 보고. 
동물실험에서 비스테로이드성 소염진통제는 난산발생빈도 증가, 분만지연, 태아 생존율 감소 보고.","경구","정상"
1902,"임부금기","단일",D000249,Acetazolamide,"아세타졸아미드","","[M040351]아세타졸아미드","","정제/유화주사제/용액용분말주사제/서방성현탁액용분말주사제/용액용동결건조분말주사제/현탁액용동결건조분말주사제/서방성현탁액용동결건조분말주사제/리포좀화현탁액용동결건조분말주사제/현탁액주사제/서방성현탁액성주사제/용액주사제","2등급",20130712,"동물실험에서 기형발생 보고. 임상에서 임신 제1삼분기에 노출된 후 사지, 눈의 기형과 두개골-위턱얼굴 및 심장 기형 발생  보고.","","정상"
1903,"임부금기","단일",D000740,Acipimox,"아시피목스","","[M085111]아시피목스","","캡슐","2등급",20130712,"동물실험에서 고용량 투여시 모체에 대한 독성에 의해 태자미숙 및 저체중의 발생빈도 증가 보고.","","정상"
1904,"임부금기","단일",D000019,Acitretin,"아시트레틴","","[M086538]분무건조아시트레틴25%","[03110]비타민 A 및 D제","캡슐","1등급",20081211,"최기형성이 있음.","경구","정상"
1905,"임부금기","단일",D000346,Aflibercept,"애플리버셉트","","[M256584]애플리버셉트","","용액주사제/유화주사제/용액용분말주사제/서방성현탁액용분말주사제/용액용동결건조분말주사제/현탁액용동결건조분말주사제/서방성현탁액용동결건조분말주사제/리포좀화현탁액용동결건조분말주사제/현탁액주사제/서방성현탁액성주사제","2등급",20140915,"임부에 대한 안전성 미확립.
동물실험에서 생식독성 보고.","주사제(안과용)","정상"
1906,"임부금기","단일",D000456,Alacepril,"알라세프릴","","[M091774]알라세프릴","[02140]혈압강하제","정제","2등급",20081211,"임신 중기 및 말기에 ACE 저해제 투여시 양수과소증, 태아 및 신생아 사망, 신생아 저혈압, 신부전, 고칼륨혈증, 두개골형성부진, 사지의 구축, 두개안면변형 보고.
임신 첫 12주에 ACE 저해제 투여시 주요 선천성기형 발생 위험성 증가 보고.","경구","정상"
1907,"임부금기","단일",D000254,Albendazole,"알벤다졸","","[M081226]알벤다졸","[06420]구충제","정제/경구용현탁액제","2등급",20081211,"","경구","정상"
1908,"임부금기","단일",D000253,Alemtuzumab,"알렘투주맙","","[M102584]알렘투주맙","","용액주사제/유화주사제/용액용분말주사제/서방성현탁액용분말주사제/용액용동결건조분말주사제/현탁액용동결건조분말주사제/서방성현탁액용동결건조분말주사제/리포좀화현탁액용동결건조분말주사제/현탁액주사제/서방성현탁액성주사제","2등급",20130523,"임부에 대한 안전성 미확립, 이 약의 주성분은 태반벽을 통과할 것이며 이로 인해 태아에 위험을 야기할 가능성이 있음, 동물 시험에서 생식 독성이 나타남","금기내용 변경(2022.6.30.)","정상"
1909,"임부금기","단일",D000658,Alendronate,"알렌드론산","","[M200966]소듐알렌드로네이트/[M206239]알렌드론산나트륨/[M222873]알렌드론산나트륨수화물/[M253533]알렌드론산나트륨삼수화물","","정제/경구용액제/경구용현탁액제/","2등급",20130712,"임부에 대한 안전성 미확립.
동물시험에서 착상후 생존율 감소, 고용량에서 불완전 골화 증가, 분만지연과 분만실패, 모체독성 보고.","","정상"
1910,"임부금기","단일",D000745,Almotriptan,"알모트립탄","","[M252241]알모트립탄말산염","","정제","2등급",20121121,"임부에 대한 안전성 미확립.","경구","정상"
1911,"임부금기","단일",D000744,Alogliptin,"알로글립틴","","[A005744]알로글립틴","","정제/필름코팅정","2등급",20160129,"임부에 대한 안전성 미확립.","","정상"
1912,"임부금기","단일",D000345,Alprostadil,"알프로스타딜","","[M085333]알프로스타딜알파덱스/[M086790]알프로스타딜","","용액주사제/유화주사제/용액용분말주사제/서방성현탁액용분말주사제/용액용동결건조분말주사제/현탁액용동결건조분말주사제/서방성현탁액용동결건조분말주사제/리포좀화현탁액용동결건조분말주사제/현탁액주사제/서방성현탁액성주사제/좌제/크림/경구용액제","1등급",20081211,"(주사)
임부에 대한 안전성 미확립.
동물실험에서 자궁수축 작용 보고.
(액제)
동물실험에서 500㎍/kg 용량에서 배자독성, 2000㎍/kg 용량에서 흡수증가, 생존태자수 감소, 내장 및 골격변이 증가, 내장 및 골격의 육안적인 기형, 모체독성 보고.","","정상"
1913,"임부금기","단일",D000458,Ambrisentan,"암브리센탄","","[M246197]암브리센탄","","정제","1등급",20130712,"임부에 대한 안전성 미확립.
동물실험에서 최기형성(하악골과 경구개·연구개 이상, 심장과 대혈관기형, 흉선과 갑상선형성장애) 보고.","","정상"
1914,"임부금기","단일",D000550,Amikacin,"아미카신","","[M020084]아미카신/[M020085]황산아미카신/[M235156]아미카신황산염/[M243343]아미카신황산염","","용액주사제/유화주사제/용액용분말주사제/서방성현탁액용분말주사제/용액용동결건조분말주사제/현탁액용동결건조분말주사제/서방성현탁액용동결건조분말주사제/리포좀화현탁액용동결건조분말주사제/현탁액주사제/서방성현탁액성주사제","2등급",20081211,"신생아에 제8뇌신경장애 가능성.","","정상"
1915,"임부금기","단일",D000159,Amiloride,"아미로라이드","","[M080372]염산아미로라이드","","정제","2등급",20130712,"혈액량 감소, 혈액점도 증가 및 태반혈류량 감소와 관련.
태아와 신생아의 황달, 태아의 골수억제, 혈소판 감소 보고.","","정상"
1916,"임부금기","단일",D000687,"5-Aminolevulinic acid","5-아미노레불린산","","[M251111]5-아미노레불린산 염산염","","용액용산제","2등급",20130712,"임부에 대한 안전성 미확립.
동물실험에서 배아독성 보고.","","정상"
1917,"임부금기","단일",D000145,Aminophylline,"아미노필린","","[M040346]아미노필린/[M223100]아미노필린수화물","","정제/캡슐/용액주사제/유화주사제/용액용분말주사제/서방성현탁액용분말주사제/용액용동결건조분말주사제/현탁액용동결건조분말주사제/서방성현탁액용동결건조분말주사제/리포좀화현탁액용동결건조분말주사제/현탁액주사제/서방성현탁액성주사제","2등급",20130712,"동물실험에서 기형발생 보고 및 신생아 구토, 신경과민 가능(테오필린).","","정상"
1918,"임부금기","단일",D000736,Anidulafungin,"아니둘라펀진","","[M234183]아니둘라펀진과당혼합물","","용액주사제/유화주사제/용액용분말주사제/서방성현탁액용분말주사제/용액용동결건조분말주사제/현탁액용동결건조분말주사제/서방성현탁액용동결건조분말주사제/리포좀화현탁액용동결건조분말주사제/현탁액주사제/서방성현탁액성주사제","2등급",20150520,"임부에 대한 안전성 미확립.","","정상"
1919,"임부금기","단일",D000643,"Arsenic trioxide","삼산화비소","","[M250326]삼산화비소","","용액주사제/유화주사제/용액용분말주사제/서방성현탁액용분말주사제/용액용동결건조분말주사제/현탁액용동결건조분말주사제/서방성현탁액용동결건조분말주사제/리포좀화현탁액용동결건조분말주사제/현탁액주사제/서방성현탁액성주사제","2등급",20130523,"동물실험에서 최기형성(신경관이상, 무안구증, 소안구증 등)보고.
사람에서 유산 보고.
유전독성 및 발육독성 유발.","","정상"
1920,"임부금기","단일",D000454,Atenolol,"아테놀롤","","[M080475]아테놀올/[M201140]아테놀롤","","정제","2등급",20130712,"임부에 대한 안전성 미확립.
베타차단제는 태반관류를 감소시켜 자궁내 사망, 미숙분만, 조숙분만 야기 가능.
분만 또는 수유중 투여시 신생아에서 저혈당증이나 서맥 위험 가능.","","정상"
1921,"임부금기","단일",D000552,Atomoxetine,"아토목세틴","","[M212533]염산아토목세틴/[M246680]아토목세틴염산염","","캡슐","2등급",20130712,"임부에 대한 안전성 미확립.","","정상"
1922,"임부금기","단일",D000258,Axitinib,"엑시티닙","","[M255256]엑시티닙","","정제","2등급",20130523,"임부에 대한 안전성 미확립. 
동물실험에서 최기형성, 배자독성, 태자독성, 배자손실, 기형(구개열), 골형성변형 보고.","","정상"
1923,"임부금기","단일",D000741,Azacitidine,"아자시티딘","","[M248237]아자시티딘","","용액주사제/유화주사제/용액용분말주사제/서방성현탁액용분말주사제/용액용동결건조분말주사제/현탁액용동결건조분말주사제/서방성현탁액용동결건조분말주사제/리포좀화현탁액용동결건조분말주사제/현탁액주사제/서방성현탁액성주사제","2등급",20081211,"최기형성 가능성.
동물실험에서 중추신경계기형(뇌탈출/뇌헤르니아), 사지기형(소지증, 내반족(club foot), 합지증, 핍지증) 그리고 기타(소하악증, 위벽파열, 부종 및 늑골기형) 등 보고.","","정상"
1924,"임부금기","단일",D000551,Azelastine,"아젤라스틴","","[M084381]염산아젤라스틴/[M222870]아젤라스틴염산염","","정제","2등급",20130712,"동물실험에서 대량투여에 의해 기형발생 보고.","","정상"
1925,"임부금기","단일",D000148,Azosemide,"아조세미드","","[M084346]아조세미드","","정제","2등급",20130712,"동물실험에서 생후 소실되는 일시적인 골격이상 보고.","","정상"
1926,"임부금기","단일",D000533,Basiliximab,"바실릭시맙","","[M088655]바실릭시맙","","용액주사제/유화주사제/용액용분말주사제/서방성현탁액용분말주사제/용액용동결건조분말주사제/현탁액용동결건조분말주사제/서방성현탁액용동결건조분말주사제/리포좀화현탁액용동결건조분말주사제/현탁액주사제/서방성현탁액성주사제","2등급",20140915,"","","정상"
1927,"임부금기","단일",D000009,Bazedoxifene,"바제독시펜","","[M253432]바제독시펜아세테이트","","정제","1등급",20130712,"임부에 대한 안전성 미확립.
동물실험에서 생식독성 보고.","","정상"
1928,"임부금기","단일",D000637,Beclomethasone,"베클로메타손","","[M082969]프로피온산베클로메타손/[M239060]베클로메타손 디프로피오네이트/[M246477]베클로메타손 디프로피오네이트 무수물/[M263870]베클로메타손","","정제","2등급",20130712,"전신 코르티코스테로이드를 장기간 고용량 사용시 태아의 자궁내 성장지연 초래 가능성.","","정상"
1929,"임부금기","단일",D000539,Belimumab,"벨리무맙","","[M257212]벨리무맙","","용액주사제/유화주사제/용액용분말주사제/서방성현탁액용분말주사제/용액용동결건조분말주사제/현탁액용동결건조분말주사제/서방성현탁액용동결건조분말주사제/리포좀화현탁액용동결건조분말주사제/현탁액주사제/서방성현탁액성주사제","2등급",20150520,"임부에 대한 안전성 미확립.
태반 통과 보고.","","정상"
1930,"임부금기","단일",D000441,Belotecan,"벨로테칸","","[M102681]벨로테칸(CKD-602)","","용액주사제/유화주사제/용액용분말주사제/서방성현탁액용분말주사제/용액용동결건조분말주사제/현탁액용동결건조분말주사제/서방성현탁액용동결건조분말주사제/리포좀화현탁액용동결건조분말주사제/현탁액주사제/서방성현탁액성주사제","2등급",20081211,"동물실험에서 배태자독성 및 기형(안구, 뇌, 두개골, 척추부위) 보고.","","정상"
1931,"임부금기","단일",D000437,Bendamustine,"벤다무스틴","","[A005437]벤다무스틴/[I012358]벤다무스틴염산염/[M118326]벤다무스틴염산염/[M280160]벤다무스틴염산염수화물","","용액주사제/유화주사제/용액용분말주사제/서방성현탁액용분말주사제/용액용동결건조분말주사제/현탁액용동결건조분말주사제/서방성현탁액용동결건조분말주사제/리포좀화현탁액용동결건조분말주사제/현탁액주사제/서방성현탁액성주사제","2등급",20130523,"임부에 대한 안전성 미확립.
동물실험에서 최기형성 및 유전독성 보고.","","정상"
1932,"임부금기","복합",D000563,Benserazide,"벤세라지드","[D000302]Levodopa(레보도파)","[A005563]벤세라지드/[M040122]레보도파","","정제/캡슐/겔","2등급",20130712,"동물실험에서 골격기형 보고.","","정상"
1933,"임부금기","단일",D000440,Benztropine,"벤즈트로핀","","[M050593]벤즈트로핀메실레이트/[M200496]메실산벤즈트로핀/[M247864]벤즈트로핀메실산염","","정제/유화주사제/용액용분말주사제/서방성현탁액용분말주사제/용액용동결건조분말주사제/현탁액용동결건조분말주사제/서방성현탁액용동결건조분말주사제/리포좀화현탁액용동결건조분말주사제/현탁액주사제/서방성현탁액성주사제/용액주사제","2등급",20130712,"임부에 대한 안전성 미확립.","","정상"
1934,"임부금기","단일",D000236,Bepotastine,"베포타스틴","","[M249154]베포타스틴칼슘이수화물/[M255128]베포타스틴베실산염/[M256601]베포타스틴살리실산염/[M262124]베포타스틴니코틴산염/[M263871]베포타스틴","","정제","2등급",20130712,"임부에 대한 안전성 미확립.","","정상"
1935,"임부금기","단일",D000132,Betamethasone,"베타메타손","","[M040218]베타메타손/[M050570]베타메타손인산나트륨/[M070721]디프로피온산베타메타손/[M200675]베타메타손디프로피오네이트/[M223044]베타메타손포스페이트나트륨","","정제/유화주사제/용액용분말주사제/서방성현탁액용분말주사제/용액용동결건조분말주사제/현탁액용동결건조분말주사제/서방성현탁액용동결건조분말주사제/리포좀화현탁액용동결건조분말주사제/현탁액주사제/서방성현탁액성주사제/용액주사제","2등급",20130712,"동물실험에서 기형발생 작용 보고.
태아의 성장 지체, 언청이의 위험 등의 증가, 뇌성장 및 발달에도 영향 끼칠 수 있음.
신생아에서 부신부전증 일으킬 수 있음.","","정상"
1936,"임부금기","단일",D000537,Bevacizumab,"베바시주맙","","[M102193]베바시주맙","","용액주사제/유화주사제/용액용분말주사제/서방성현탁액용분말주사제/용액용동결건조분말주사제/현탁액용동결건조분말주사제/서방성현탁액용동결건조분말주사제/리포좀화현탁액용동결건조분말주사제/현탁액주사제/서방성현탁액성주사제","2등급",20130523,"임부에 대한 안전성 미확립. 
동물실험에서 기형을 포함한 생식독성, 난소부전 사례 발생 보고.","","정상"
1937,"임부금기","단일",D000542,Bleomycin,"블레오마이신","","[M020057]염산블레오마이신/[M088311]황산블레오마이신/[M222854]블레오마이신황산염/[M251485]블레오마이신염산염","","연고/유화주사제/용액용분말주사제/서방성현탁액용분말주사제/용액용동결건조분말주사제/현탁액용동결건조분말주사제/서방성현탁액용동결건조분말주사제/리포좀화현탁액용동결건조분말주사제/현탁액주사제/서방성현탁액성주사제/용액주사제","2등급",20081211,"(주사)
동물실험에서 기형발생 보고.","","정상"
1938,"임부금기","단일",D000330,Bortezomib,"보르테조밉","","[M200683]보르테조밉/[M256707]보르테조밉삼합체/[M262826]보르테조밉삼합체","","용액주사제/유화주사제/용액용분말주사제/서방성현탁액용분말주사제/용액용동결건조분말주사제/현탁액용동결건조분말주사제/서방성현탁액용동결건조분말주사제/리포좀화현탁액용동결건조분말주사제/현탁액주사제/서방성현탁액성주사제","2등급",20081211,"임부에 대한 안전성 미확립.
동물실험에서 태자손실, 생존태자 감소 및 생존태자의 체중감소 보고.","","정상"
1939,"임부금기","단일",D000640,Bromfenac,"브롬페낙","","[M254744]브롬페낙나트륨수화물","","점안용액제/용액용점안분말제","2등급",20150520,"임부에 대한 안전성 미확립.
임신 3기에 프로스타글란딘 합성억제는 태아의 심폐독성(동맥관의 조기봉합 및 폐동맥고혈압), 양수 부족증 및 신부전에 이를 수 있는 신기능 장애 유발 가능성. 임신 말기에 때때로 산모와 태아의 출혈시간 연장.","","정상"
1940,"임부금기","단일",D000134,Brompheniramine,"브롬페니라민","","[M050657]말레인산브롬페니라민/[M247022]브롬페니라민말레산염","","정제/캡슐","2등급",20130712,"","","정상"
1941,"임부금기","단일",D000017,Buprenorpine,"부프레노르핀","","[M088415]염산부프레노르핀/[M101851]부프레노르핀","","용액주사제/유화주사제/용액용분말주사제/서방성현탁액용분말주사제/용액용동결건조분말주사제/현탁액용동결건조분말주사제/서방성현탁액용동결건조분말주사제/리포좀화현탁액용동결건조분말주사제/현탁액주사제/서방성현탁액성주사제/경피흡수제","2등급",20081211,"(주사)
동물실험에서 난산, 서투른 보육행동, 출생자의 생존률 저하 및 체중증가억제 보고.
(패취)
임부에 대한 안전성 미확립.
고용량의 임상시험에서 설하 투여시 신생아의 금단증후군, 자궁내 성장저해 및 소두증 보고.","","정상"
1942,"임부금기","단일",D000016,Buserelin,"부세렐린","","[M257507]부세렐린아세테이트","","용액주사제/유화주사제/용액용분말주사제/서방성현탁액용분말주사제/용액용동결건조분말주사제/현탁액용동결건조분말주사제/서방성현탁액용동결건조분말주사제/리포좀화현탁액용동결건조분말주사제/현탁액주사제/서방성현탁액성주사제/이식물/일반액상분무제/정량액상분무제/일반분말분무제/정량분말분무제","1등급",20081211,"임부에 대한 안전성 미확립.","","정상"
1943,"임부금기","단일",D000331,Butorphanol,"부토르파놀","","[M088405]주석산부토르파놀/[M206210]주석산부토르파놀/[M250986]부토르파놀타르타르산염","","용액주사제/유화주사제/용액용분말주사제/서방성현탁액용분말주사제/용액용동결건조분말주사제/현탁액용동결건조분말주사제/서방성현탁액용동결건조분말주사제/리포좀화현탁액용동결건조분말주사제/현탁액주사제/서방성현탁액성주사제","2등급",20121121,"임부에 대한 안전성 미확립.
분만중 투여시 태아의 호흡곤란 또는 무호흡 가능성.","","정상"
1944,"임부금기","단일",D000372,Cabazitaxel,"카바지탁셀","","[M251905]카바지탁셀아세톤용매화물","","용액주사제/유화주사제/용액용분말주사제/서방성현탁액용분말주사제/용액용동결건조분말주사제/현탁액용동결건조분말주사제/서방성현탁액용동결건조분말주사제/리포좀화현탁액용동결건조분말주사제/현탁액주사제/서방성현탁액성주사제","2등급",20130523,"임부에 대한 안전성 미확립.","","정상"
1945,"임부금기","단일",D000581,Calcitriol,"칼시트리올","","[M082905]칼시트리올","","정제/캡슐/용액주사제/유화주사제/용액용분말주사제/서방성현탁액용분말주사제/용액용동결건조분말주사제/현탁액용동결건조분말주사제/서방성현탁액용동결건조분말주사제/리포좀화현탁액용동결건조분말주사제/현탁액주사제/서방성현탁액성주사제","2등급",20130712,"과량투여시 태아독성의 위험(육체적·정신적 발달지체, 대동맥 협착).","","정상"
1946,"임부금기","단일",D000053,Camostat,"카모스타트","","[M249049]카모스타트메실산염","","정제","2등급",20130712,"동물실험에서 과량투여시 태자 체중억제 보고.","","정상"
1947,"임부금기","단일",D000580,Canagliflozin,"카나글리플로진","","[M259297]카나글리플로진 반수화물","","정제","2등급",20160129,"임부에 대한 안전성 미확립
동물실험에서 사람의 임신 2기와 3기에 해당하는 신장 발달 독성(신우 및 세뇨관 확장) 보고","","정상"
1948,"임부금기","단일",D000051,Carbidopa,"카르비도파","","[M089172]카르비도파/[M256275]카르비도파수화물","","정제/겔","2등급",20130712,"동물실험에서 내장, 골격기형 발생 보고.","","정상"
1949,"임부금기","단일",D000174,Carbimazole,"카르비마졸","","[M081383]카르비마졸","","정제","2등급",20140915,"태반 통과함.임신 초기(14주) 및 고용량 투여 시 선천성 피부 무형성, 두개안면 기형(후비공 폐쇄; 안면기형), 배꼽탈장, 식도폐쇄증, 배꼽창자간막관 기형, 심실사이막결손이 보고됨.임신 가능성이 있는 여성은 치료기간 동안 효과적으로 피임해야 함.","","정상"
1950,"임부금기","단일",D000371,Carboplatin,"카르보플라틴","","[M087020]카르보플라틴","","용액주사제/유화주사제/용액용분말주사제/서방성현탁액용분말주사제/용액용동결건조분말주사제/현탁액용동결건조분말주사제/서방성현탁액용동결건조분말주사제/리포좀화현탁액용동결건조분말주사제/현탁액주사제/서방성현탁액성주사제","2등급",20081211,"임부에 대한 안전성 미확립.
몇몇 실험체계에서 태아독성과 변이원성 보고
동물실험에서 태자치사 및 최기형성 보고.","","정상"
1951,"임부금기","단일",D000337,Cetrorelix,"세트로렐릭스","","[M250438]세트로렐릭스아세트산염","","용액주사제/유화주사제/용액용분말주사제/서방성현탁액용분말주사제/용액용동결건조분말주사제/현탁액용동결건조분말주사제/서방성현탁액용동결건조분말주사제/리포좀화현탁액용동결건조분말주사제/현탁액주사제/서방성현탁액성주사제","1등급",20081211,"동물실험에서 착상수 감소, 착상전후 소실 증가, 고용량 투여시 완전한 불임 나타냄.","","정상"
1952,"임부금기","단일",D000646,Cetuximab,"세툭시맙","","[M237903]세툭시맙 (숙주: Sp2/0-Ag14,   벡터: pdHL2-C225)","","용액주사제/유화주사제/용액용분말주사제/서방성현탁액용분말주사제/용액용동결건조분말주사제/현탁액용동결건조분말주사제/서방성현탁액용동결건조분말주사제/리포좀화현탁액용동결건조분말주사제/현탁액주사제/서방성현탁액성주사제","2등급",20130523,"임부에 대한 안전성 미확립.
동물실험에서 용량 의존적으로 유산 발생율 증가 관찰.","","정상"
1953,"임부금기","단일",D000377,Chlorthalidone,"클로르탈리돈","","[M040615]클로르탈리돈","","정제","2등급",20130712,"저혈량증이나 혈액점도 증가, 태반환류 감소 가능성. 티아지드계 이뇨제의 사용은 태아 골수억제와 혈소판감소증 및 태아·신생아 황달과의 관련성 보고.","","정상"
1954,"임부금기","단일",D000339,Cinacalcet,"시나칼세트","","[A005339]시나칼세트","","정제","2등급",20150520,"임부에 대한 안전성 미확립. 
임신한 랫드에게 25 mg/kg/day(인체 노출량(하루 180 mg)의 3배 용량)로 경구 투여시, 모체에서 저칼슘혈증(분만시 사망 및 출생후 초기차산자 사망), 체중증가 억제, 태아 중량감소(차산자 체중 증가량 감소), 섭이량 감소 및 태반통과 보고.","","정상"
1955,"임부금기","단일",D000341,Ciprofibrate,"시프로피브레이트","","[M085636]시프로피브레이트","","정제/캡슐","2등급",20130712,"동물실험에서 고용량 투여시 기형발생 가능성.","","정상"
1956,"임부금기","단일",D000340,Cisplatin,"시스플라틴","","[M081325]시스플라틴","","용액주사제/유화주사제/용액용분말주사제/서방성현탁액용분말주사제/용액용동결건조분말주사제/현탁액용동결건조분말주사제/서방성현탁액용동결건조분말주사제/리포좀화현탁액용동결건조분말주사제/현탁액주사제/서방성현탁액성주사제","2등급",20081211,"동물실험에서 기형유발 작용, 태자치사율 증가 보고.","","정상"
1957,"임부금기","단일",D000054,Cladribine,"클라드리빈","","[M094161]클라드리빈","","용액주사제/유화주사제/용액용분말주사제/서방성현탁액용분말주사제/용액용동결건조분말주사제/현탁액용동결건조분말주사제/서방성현탁액용동결건조분말주사제/리포좀화현탁액용동결건조분말주사제/현탁액주사제/서방성현탁액성주사제","2등급",20081211,"동물실험에서 기형유발 보고.","","정상"
1958,"임부금기","단일",D000058,Clinofibrate,"클리노피브레이트","","[M040622]클리노피브레이트","","정제","2등급",20130712,"동물실험에서 태자 및 모유중으로의 이행이 보고.","","정상"
1963,"임부금기","단일",D000378,Clobasam,"클로바잠","","[M051537]클로바잠","","정제","2등급",20121213,"임부에 대한 안전성 미확립","","정상"
1964,"임부금기","단일",D000030,Amisulpride,"아미설프리드","","[M089148]아미설프리드","","","2등급",00120925,"임부에 대한 안전성 미확립.","경구","정상"
1965,"임부금기","단일",D000030,Amisulpride,"아미설프리드","","[M089148]아미설프리드","","","2등급",00120925,"임부에 대한 안전성 미확립.","경구","정상"
1966,"임부금기","단일",D000030,Amisulpride,"아미설프리드","","[M089148]아미설프리드","","정제","2등급",20120925,"임부에 대한 안전성 미확립.","경구","정상"
1967,"임부금기","단일",D000809,Amitriptyline,"아미트리프틸린","","[M040348]염산아미트리프틸린/[M089101]염산아미트리프틸린서방정과립/[M201277]염산아미트리프틸린서방과립/[M223101]아미트리프틸린염산염","","정제","2등급",20121213,"임부에 대한 안전성 미확립.","","정상"
1968,"임부금기","단일",D000152,Amlodipine,"암로디핀","","[M083437]베실산암로디핀/[M100608]말레인산암로디핀/[M100610]캄실산암로디핀/[M101934]암로디핀/[M102166]메실산암로디핀일수화물/[M102534]암로디핀오로트산염/[M222875]암로디핀베실산염/[M246033]암로디핀캄실산염/[M250821]암로디핀아디핀산염/[M250983]암로디핀말레산염/[M251079]암로디핀니코틴산염/[M254832]암로디핀메실산염일수화물/[M257408]암로디핀아디프산염","","정제/캡슐","2등급",20081211,"임부에 대한 안전성 미확립.","","정상"
1969,"임부금기","단일",D000653,Amosulalol,"아모설랄롤","","[M257409]아모설랄롤염산염","","정제","2등급",20081211,"동물실험에서 치사율 및 신생자 사망률 증가, 암컷의 성주기 변화, 수태율 저하, 초기흡수 증가, 골화지연 보고.","경구","정상"
1970,"임부금기","단일",D000248,Amoxapine,"아목사핀","","[M088554]아목사핀","","정제","2등급",20121213,"동물실험에서 삼환계 항우울약의 기형발생 작용 보고.","경구","정상"
1971,"임부금기","단일",D000451,Aripiprazole,"아리피프라졸","","[M096829]아리피프라졸/[M263313]아리피프라졸일수화물","","정제/유화주사제/용액용분말주사제/서방성현탁액용분말주사제/용액용동결건조분말주사제/현탁액용동결건조분말주사제/서방성현탁액용동결건조분말주사제/리포좀화현탁액용동결건조분말주사제/현탁액주사제/서방성현탁액성주사제/용액주사제/경구용액제","2등급",20120925,"""임부에 대한 안전성 미확립.
동물실험에서 발생학적 독성(최기형성 포함) 증명됨.""","경구","정상"
1972,"임부금기","단일",D000450,Arotinolol,"아로티놀롤","","[M223094]아로티놀롤염산염","","정제","2등급",20081211,"동물실험에서 고용량 투여시 신우확대, 시신경결손의 자연발생빈도 증가 보고.","","정상"
1973,"임부금기","단일",D000452,Aspirin,"아스피린","","[M040355]아스피린/[M040356]아스피린알루미늄/[M071842]아스피린리신/[M081776]아스피린장용과립/[M082548]아스피린제피세립(아세틸살리실산제피세립)/[M084664]아스피린장용피입자/[M089224]주사용아스피린리신90%/[M246086]아스피린제피세립/[M253914]아스피린장용펠렛/[M264065]아스피린과립","","정제/캡슐/용액주사제/유화주사제/용액용분말주사제/서방성현탁액용분말주사제/용액용동결건조분말주사제/현탁액용동결건조분말주사제/서방성현탁액용동결건조분말주사제/리포좀화현탁액용동결건조분말주사제/현탁액주사제/서방성현탁액성주사제/과립제/서방성과립제/장용성과립제 /용액용과립제/현탁액용과립제/서방성현탁액용과립제/발포과립제","2등급",20081211,"""정중배벽갈림증에 대한 위험성 증가 배제될 수 없음.
동물실험에서 생식독성 나타남, 태자의 동맥관 수축 보고.
임신 3기 동안 모든 프로스타글란딘 합성 저해제들은 태아의 심폐기관 독성(동맥관의 조기 페쇄 및 폐고혈압), 신기능 저하(이는 양수과소증) 유발 가능.
임신 말기에는 산모와 아이에서 출혈 시간 연장, 항응고 작용(저용량), 자궁 수축이 억제되어 분만시간 연장 또는 지연 가능.""","경구","정상"
1975,"임부금기","단일",D000827,Auranofin,"오라노핀","","[M081227]오라노핀","","정제","2등급",20081211,"동물실험에서 기형발생 보고.","경구","정상"
1976,"임부금기","단일",D000250,Azathioprine,"아자티오프린","","[M223108]아자티오프린","","정제","2등급",20081211,"""동물실험에서 기형발생(골격기형, 내장이상) 보고.
프레드니손과 병용투여시 태아에 림프구감소증, IgG 및 IgM의 감소, CMV 감염, 흉선 음영의 감소/모체에 범혈구감소증, 중증의 면역결핍/기형아출생 보고.""","","정상"
1977,"임부금기","단일",D000534,Balofloxacin,"발로플록사신","","[M081620]발로플록사신","","정제","2등급",20081211,"""임부에 대한 안전성 미확립.
동물실험에서 태자의 유의한 골화지연, 사망률 증가, 체중감소, 분만일지연 경향 보고.""","","정상"
1978,"임부금기","단일",D000041,Barnidipine,"바니디핀","","[M070482]염산바니디핀속방립/[M080649]염산바니디핀서방립/[M080655]염산바니디핀","","캡슐/과립제/서방성과립제/장용성과립제 /용액용과립제/현탁액용과립제/서방성현탁액용과립제/발포과립제","2등급",20081211,"""동물실험에서 태아독성 보고.
임신말기 투여시 임신기간 및 분만시간 연장 보고.""","경구","정상"
1979,"임부금기","단일",D000636,Benazepril,"베나제프릴","","[M251779]베나제프릴염산염","","정제","2등급",20081211,"""ACE저해제 투여시 신생아의 기형 및 사망 보고. 
임신 1기에 투여시 선천적장애 위험 증가 가능성, 임신 2기 및 3기에 투여시 태아 및 신생아의 저혈압, 신생아 두개형성부전, 무뇨증, 신부전 및 사망 가능성, 태아 신기능 손상으로 인한 양수과소증(태아 사지구축과 구개안면기형, 폐발육형성부전과 관련 있음) 보고.""","","삭제"
1980,"임부금기","단일",D000234,Benexate,"베넥세이트","","[M257717]베넥세이트염산염베타덱스","","캡슐/산제/용액용산제/현탁액용산제/세립/용액용세립제/현탁액용세립제","2등급",20081211,"동물실험에서 고용량 투여시 기형발생 보고.","","정상"
1981,"임부금기","단일",D000435,Benidipine,"베니디핀","","[M102164]염산베니디핀/[M237685]베니디핀염산염","","정제","2등급",20081211,"""동물실험에서 태아독성 보고.
임신말기에 투여시 임신기간 및 분만시간 연장 보고.""","","정상"
1982,"임부금기","단일",D000439,Benzbromarone,"벤즈브로마론","","[M050819]벤즈브로마론","","정제","2등급",20081211,"동물실험에서 기형발생 작용 보고.","","정상"
1984,"임부금기","단일",D000235,Beraprost,"베라프로스트","","[M040128]베라프로스트나트륨","","정제","2등급",20081211,"임부에 대한 안전성 미확립.","","정상"
1985,"임부금기","단일",D000436,Betaxolol,"베탁솔롤","","[M081704]염산베탁솔롤/[M222850]베탁솔롤염산염/[M230045]베탁소롤염산염","","정제","2등급",20081211,"""신생아에서 심폐합병증의 위험성 증가 및 서맥, 호흡부전, 저혈당증 보고. 
베타차단제는 태반관류를 감소시켜 자궁내 태아 사망, 미숙 및 조산 초래 가능성.
동물실험에서 배태자 사망 증가 보고.""","","정상"
1983,"임부금기","단일",D000538,Benzydamine,"벤지다민","","[M207018]염산 벤지다민/[M222851]벤지다민염산염","","경구용현탁액제/점이제, 현탁액용산제/현탁액제용주사용용제/직장용현탁액제/일반현탁분무제/정량현탁분무제/이식용현탁액제/점이현탁액제/유제/틴크제/전제/침제/레모네이드제/방향수제/주정제/피부액제/피부리니멘트제/도료/샴푸/경구용액제/질세정액/관류제/점이액제/혈액항응고보존액제/밀폐제용용액제/장기보존용액제/주사/피부단자시험용용액/방광내적용용액/정제/일반액상분무제/가글제","2등급",20121121,"""임부에 대한 안전성 미확립.
임신 말기에 투여시 태아의 동맥관조기폐쇄 가능성.
동물실험에서 난산발생빈도 증가, 분만지연, 태아 생존율 감소 보고.""","","정상"
1986,"임부금기","단일",D000013,Bethanechol,"베타네콜","","[M040429]염화베타네콜/[M223042]베타네콜염화물","","정제/유화주사제/용액용분말주사제/서방성현탁액용분말주사제/용액용동결건조분말주사제/현탁액용동결건조분말주사제/서방성현탁액용동결건조분말주사제/리포좀화현탁액용동결건조분말주사제/현탁액주사제/서방성현탁액성주사제/용액주사제","2등급",20081211,"임부에 대한 안전성 미확립.","경구","정상"
1987,"임부금기","단일",D000721,Bevantolol,"베반토롤","","[M258219]베반토롤염산염","","정제","2등급",20081211,"동물실험에서 고용량 투여시 체중감소 보고.","","정상"
1988,"임부금기","단일",D000012,Bezafibrate,"베자피브레이트","","[M080268]베자피브레이트","","정제","2등급",20081211,"임부에 대한 안전성 미확립.","","정상"
1989,"임부금기","단일",D000724,Bicalutamide,"비칼루타미드","","[M089188]비칼루타마이드/[M259016]비칼루타미드","","정제","1등급",20081211,"","","정상"
1990,"임부금기","단일",D000543,Bisoprolol,"비소프롤롤","","[M102058]푸마르산비소프롤롤/[M222856]비소프롤롤푸마르산염","","정제","2등급",20081211,"""베타차단제는 태반관류를 감소시켜 성장저해, 자궁내 사망 및 유산, 조기분만 초래 가능성.
태자 및 신생아에서 저혈당, 서맥 가능성 및 사망 증가, 저체중 보고.""","단, 강심제 제외","정상"
1991,"임부금기","단일",D000020,Blonanserin,"블로난세린","","[M247117]블로난세린","","정제","2등급",20120925,"""임부에 대한 안전성 미확립
임신 3기에 투여시 신생아에서 추체외로장애, 금단증상의 위험 가능성.""","","정상"
1992,"임부금기","단일",D000015,Bosentan,"보센탄","","[M102733]보센탄수화물","","정제","1등급",20081211,"임신중 투여시 선천성결함 야기 가능성.","","정상"
1993,"임부금기","단일",D000133,Bromazepam,"브로마제팜","","[M088410]브로마제팜","","정제","2등급",20121213,"벤조디아제핀계 약물의 최기형성 사례(대조군에 비해 높음), 신생아 포유곤란, 근긴장저하, 졸음, 황달 증가 및 분만전 연용시 신생아 금단증상(신경과민, 진전, 과다긴장 등) 보고.","","정상"
1994,"임부금기","단일",D000238,Bromperidol,"브롬페리돌","","[M081835]브롬페리돌","","정제/유화주사제/용액용분말주사제/서방성현탁액용분말주사제/용액용동결건조분말주사제/현탁액용동결건조분말주사제/서방성현탁액용동결건조분말주사제/리포좀화현탁액용동결건조분말주사제/현탁액주사제/서방성현탁액성주사제/용액주사제","2등급",20120925,"""동물실험에서 태자독성(태자흡수 증가 등) 보고. 임신말기나 분만중 투여시 신생아에서 기면, 진전, 과흥분성 가능성.
임신 3기에 투여시 신생아에서 추체외로장애, 금단증상 보고.""","","정상"
1995,"임부금기","단일",D000722,Bucillamine,"부시라민","","[M084627]부시라민/[M200702]부실라민","","정제","2등급",20121121,"""임부에 대한 안전성 미확립.
임신 말기에 투여시 태아의 동맥관조기폐쇄 가능성.
동물실험에서 난산발생빈도 증가, 분만지연, 태아 생존율 감소 보고.""","","정상"
1996,"임부금기","단일",D000237,Busulfan,"부설판","","[M040226]부설판","","정제/유화주사제/용액용분말주사제/서방성현탁액용분말주사제/용액용동결건조분말주사제/현탁액용동결건조분말주사제/서방성현탁액용동결건조분말주사제/리포좀화현탁액용동결건조분말주사제/현탁액주사제/서방성현탁액성주사제/용액주사제","2등급",20081211,"""(주사)
동물실험에서 최기형성(근골격계, 체중, 크기) 및 태아독성(전신부종, 구개열, 척추이상, 늑골이상 및 심장혈관의 중증 이상) 보고.""","","정상"
1997,"임부금기","단일",D000475,Cadralazine,"카드랄라진","","[M095293]카드랄라진","","정제","2등급",20130712,"동물실험에서 최기형 작용(구개열 등) 보고.","","정상"
1998,"임부금기","단일",D000273,"Candesartan cilexetil","칸데사르탄실렉세틸","","[M089055]칸데사르탄실렉세틸","","정제","2등급",20081211,"임신 2~3기중 투여시 태아 및 신생아 손상(저혈압, 신기능부전, 핍뇨 그리고/또는 무뇨, 양수과소증, 두개골발육부전, 자궁내 성장지체), 폐부전, 안면비정상, 사지연축 및 사망 가능성.","","정상"
1999,"임부금기","단일",D000768,Capecitabine,"카페시타빈","","[M089886]카페시타빈","","정제","2등급",20081211,"""임부에 대한 안전성 미확립. 
동물실험에서 태자치사 및 최기형성 보고.""","","정상"
2000,"임부금기","단일",D000176,Captopril,"캅토프릴","","[M081550]캅토프릴","","정제","2등급",20081211,"""임신 2기 및 3기에 ACE 저해제 복용시 태아 및 신생아에 저혈압, 신생아 두개형성부전, 무뇨, 고칼륨혈증, 신부전 및 사망 가능성.
태아의 신기능감소에 의한 양수과소증으로 태아사지경축, 두개안면변형, 폐발육형성부전 가능성.""","","정상"
2001,"임부금기","단일",D000476,Carbamazepine,"카르바마제핀","","[M040569]카르바마제핀/[M201734]카바마제핀","","정제/액상시럽제/건조시럽용 과립제","2등급",20081211,"""동물실험에서 과량 투여시 태아 사망률 증가, 결함발생 등 보고. 
간질여성의 자식에 이분척추 및 기타 선천성기형(예, 두개안면결함, 심혈관기형, 요도하열, 각종 신체기관의 이상) 및 성장장애와의 관련 보고.""","","정상"
2002,"임부금기","단일",D000052,Carteolol,"카르테올롤","","[M080501]염산카르테올롤/[M223181]카르테올롤염산염","","정제","2등급",20081211,"임부에 대한 안전성 미확립.","","정상"
2003,"임부금기","단일",D000370,Carvedilol,"카르베딜롤","","[M085731]카르베딜롤/[M116008]카르베딜롤 과립/[M259204]카르베딜롤과립","","정제/캡슐","2등급",20081211,"임부에 대한 안전성 미확립.","","정상"
2004,"임부금기","단일",D000138,Celecoxib,"세레콕시브","","[M089149]세레콕시브","","정제/캡슐/산제/용액용산제/현탁액용산제/세립/용액용세립제/현탁액용세립제/과립제/서방성과립제/장용성과립제 /용액용과립제/현탁액용과립제/서방성현탁액용과립제/발포과립제","2등급",20081211,"""임부에 대한 안전성 미확립.
동물실험에서 생식독성(기형발생 포함) 보고.
임신말기에 투여시 자궁무력증, 태아 동맥관조기폐쇄 가능성.""","","정상"
2005,"임부금기","단일",D000021,Celiprolol,"셀리프롤롤","","[M257553]셀리프롤롤염산염","","정제","2등급",20081211,"""임부에 대한 안전성 미확립.
신생아에서 심부전, 급성폐부종 가능성 및 서맥, 호흡곤란, 저혈당 보고.""","","정상"
2006,"임부금기","단일",D000376,Chlorambucil,"클로람부실","","[M040609]클로람부실","","정제","2등급",20081211,"기형유발 가능성.","","정상"
2007,"임부금기","단일",D000056,Chlordiazepoxide,"클로르디아제폭시드","","[M088403]클로르디아제폭시드/[M223206]클로르디아제폭시드염산염","","정제","2등급",20121213,"벤조디아제핀계 약물의 최기형성 사례(대조군에 비해 높음), 신생아 포유곤란, 근긴장저하, 졸음, 황달 증가 및 분만전 연용시 신생아 금단증상(신경과민, 진전, 과다긴장 등) 보고.","","정상"
2008,"임부금기","단일",D000765,Chloroquine,"클로로퀸","","[M051518]인산클로로퀸","","정제","2등급",20081211,"고용량 투여시 태아 이상(안구 혹은 귀의 와우손상 등) 유발 가능성 보고.","","정상"
2009,"임부금기","단일",D000584,Chlorpromazine,"클로르프로마진","","[M040618]염산클로르프로마진/[M223216]클로르프로마진염산염","","정제","2등급",20120925,"""임부에 대한 안전성 미확립.
동물실험에서 태자독성(태자사망 등) 보고.
임신 중 투여시 신생아에서 진전, 추체외로증상 등 보고. 
임신말기나 분만중 투여시 기면, 진전, 과흥분성 가능성.
임신 3기에 투여시 추체외로장애, 금단증상(초조, 근육긴장항진 또는 저하, 진전 등) 보고.""","","정상"
2010,"임부금기","단일",D000276,Chlorprothixene,"클로르프로틱센","","[M051534]클로르프로칙센","","정제","2등급",20120925,"""임부에 대한 안전성 미확립.
동물실험에서 태자독성(태자사망 등) 보고.
임신말기나 분만중 향정신병약 투여시 신생아에서 기면, 진전, 과흥분성 보고.""","","정상"
2011,"임부금기","단일",D000652,Cilazapril,"실라자프릴","","[M064516]실라자프릴/[M222868]실라자프릴수화물","","정제","2등급",20081211,"""임신 2기 및 3기에 ACE 저해제 복용시 태아 및 신생아에 저혈압, 신생아 두개형성부전, 무뇨, 고칼륨혈증, 신부전 및 사망 가능성.
태아의 신기능감소에 의한 양수과소증으로 태아사지경축, 두개안면변형 및 폐발육형성부전 가능성.""","경구","정상"
2012,"임부금기","단일",D000245,Cilnidipine,"실니디핀","","[M102565]실니디핀","","정제","2등급",20081211,"""실험동물에서 태아독성, 고용량에서 골화지연 보고. 
임신중기 투여시 임신기간 연장 보고.
임신말기 투여시 분만시간 연장 보고.""","","정상"
2013,"임부금기","단일",D000247,Cilostazol,"실로스타졸","","[M070044]실로스타졸/[M252025]실로스타졸(미분화)","","정제/캡슐/산제/용액용산제/현탁액용산제/세립/용액용세립제/현탁액용세립제","2등급",20081211,"동물실험에서 이상태자의 증가 및 출생시의 저체중, 사망 증가 보고.","","정상"
2014,"임부금기","단일",D000142,Ciprofloxacin,"시프로플록사신","","[M082454]염산시프로프록사신/[M091139]시프로플록사신/[M095543]염산시프로플록사신/[M223091]시프로플록사신염산염수화물/[M242850]시프로플록사신염산염","","정제/유화주사제/용액용분말주사제/서방성현탁액용분말주사제/용액용동결건조분말주사제/현탁액용동결건조분말주사제/서방성현탁액용동결건조분말주사제/리포좀화현탁액용동결건조분말주사제/현탁액주사제/서방성현탁액성주사제/용액주사제","2등급",20081211,"""임부에 대한 안전성 미확립.
동물실험에서 미성숙 개체에서 관절연골손상 유발 가능성.""","","정상"
2015,"임부금기","단일",D000057,Clofarabine,"클로파라빈","","[M252056]클로파라빈","","용액주사제/유화주사제/용액용분말주사제/서방성현탁액용분말주사제/용액용동결건조분말주사제/현탁액용동결건조분말주사제/서방성현탁액용동결건조분말주사제/리포좀화현탁액용동결건조분말주사제/현탁액주사제/서방성현탁액성주사제","2등급",20130523,"""임부에 대한 안전성 미확립.
동물시험에서 최기형성을 포함한 생식독성 보고.""","","정상"
2016,"임부금기","단일",D000677,Clofibrate,"클로피브레이트","","[M092027]클로피브레이트","","캡슐","2등급",20130712,"태아에 이행이 보고됨.","","정상"
2017,"임부금기","단일",D000478,Clomifene,"클로미펜","","[M040621]구연산클로미펜/[M223221]클로미펜시트르산염","","정제","1등급",20081211,"동물실험에서 태자독성, 기형발생 보고.","","정상"
2018,"임부금기","단일",D000277,Clomipramine,"클로미프라민","","[M223223]클로미프라민염산염","","정제/캡슐/산제/용액용산제/현탁액용산제/세립/용액용세립제/현탁액용세립제","2등급",20121213,"동물실험에서 최대 임상노출보다는 낮은 정도의 전신노출수준(AUC)에서 생식독성 나타냄. 임신말기에 복용시 신생아 중단증후군 발생 가능성.","","정상"
2019,"임부금기","단일",D000375,Clonazepam,"클로나제팜","","[M093594]클로나제팜","","정제","2등급",20140925,"벤조디아제핀계 약물의 최기형성 사례(대조군에 비해 높음), 신생아 포유곤란, 근긴장저하, 졸음, 황달 증가 및 분만전 연용시 신생아 금단증상(신경과민, 진전, 과다긴장 등) 보고.","","정상"
2020,"임부금기","단일",D000055,Clonidine,"클로니딘","","[M223200]클로니딘염산염","","정제","2등급",20130723,"임부에 대한 안전성 미확립.","","정상"
2021,"임부금기","단일",D000675,Clonixin,"클로닉신","","[M080375]클로닉신리시네이트/[M100531]클로닉신리진/[M104025]클로닉신리시네이트/[M212258]클로닉신리신/[M259773]클로닉신리지네이트","","정제","2등급",20121211,"""임부에 대한 안전성 미확립.
동물실험에서 태자독성 보고.""","","정상"
2022,"임부금기","단일",D000676,Clorazepate,"클로라제핀산","","[M088370]클로라제핀산칼륨","","캡슐/산제/용액용산제/현탁액용산제/세립/용액용세립제/현탁액용세립제","2등급",20121213,"""임신 초기에 투여시 선천성기형 보고.
임신 후기에 벤조디아제핀연용시 신생아 포유곤란, 근긴장저하, 졸음, 황달의 증강 보고.
분만전 연용시 신생아 금단증상(신경과민, 진전, 과긴장) 보고.""","","정상"
2023,"임부금기","단일",D000278,Clotiazepam,"클로티아제팜","","[M207668]클로티아제팜","","정제","2등급",20121213,"벤조디아제핀계 약물의 최기형성 사례(대조군에 비해 높음), 신생아 포유곤란, 근긴장저하, 졸음, 황달 증가 및 분만전 연용시 신생아 금단증상(신경과민, 진전, 과다긴장 등) 보고.","","정상"
2024,"임부금기","단일",D000180,Clozapine,"클로자핀","","[M081194]클로자핀","","","2등급",02010925,"""임신중 투여에 대한 안전성 미확립.
임신 3기에 투여시 신생아에서 추체외로장애, 금단증상(초조, 근육긴장항진 또는 저하, 진전 등) 보고.""","경구","정상"
2025,"임부금기","단일",D000582,Colchicine,"콜키신","","[M091703]콜키신","","정제","2등급",20081211,"동물실험에서 기형발생 작용 및 사람에서 태아 염색체 손상의 위험.","","정상"
2026,"임부금기","단일",D000664,Estrogens,"에스트로겐","","[M051066]에스트로겐/[M095201]결합형에스트로겐/[M259850]결합형에스트로겐4.29%","","정제/크림/용액주사제/유화주사제/용액용분말주사제/서방성현탁액용분말주사제/용액용동결건조분말주사제/현탁액용동결건조분말주사제/서방성현탁액용동결건조분말주사제/리포좀화현탁액용동결건조분말주사제/현탁액주사제/서방성현탁액성주사제","1등급",20081211,"""임부에 대한 안전성 미확립.
에스트로겐대체요법에 의해 태아에서 생식기관결함, 선천적 심장결함, 수족감소결함 가능성.
훗날 여성에서 질선증, 질 및 자궁경부 편평세포형성장애/암의 위험 증가.""","","정상"
2027,"임부금기","복합",D000664,Estrogens,"에스트로겐","[D000121]Medroxyprogesterone(메드록시프로게스테론)","[M051066]에스트로겐/[M095201]결합형에스트로겐/[M259850]결합형에스트로겐4.29%/[M040146]초산메드록시프로게스테론/[M200491]메드록시프로게스테론아세테이트","","정제/유화주사제/용액용분말주사제/서방성현탁액용분말주사제/용액용동결건조분말주사제/현탁액용동결건조분말주사제/서방성현탁액용동결건조분말주사제/리포좀화현탁액용동결건조분말주사제/현탁액주사제/서방성현탁액성주사제/용액주사제","1등급",20081211,"""임부에 대한 안전성 미확립.
에스트로겐대체요법에 의해 태아에서 생식기관 결함, 선천적 심장결함, 수족감소결함 가능성.
훗날 여성에서 질선증, 질 및 자궁경부 편평세포형성장애/암의 위험 증가.""","경구","정상"
2028,"임부금기","단일",D000674,Crizotinib,"크리조티닙","","[M253698]크리조티닙","","캡슐","2등급",20130523,"""임부에 대한 안전성 미확립. 
동물실험에서 배태자 독성(착상 후 손실, 태자 체중감소), 고용량 투여시 난포의 단일세포 괴사 등 보고.""","","정상"
2029,"임부금기","단일",D000243,Cyclofenil,"시클로페닐","","[M050879]시클로페닐","","정제","1등급",20081211,"유사화합물의 동물실험에서 태자독성 및 기형유발 보고.","","정상"
2030,"임부금기","단일",D000732,Cyclophosphamide,"시클로포스파미드","","[M040333]시클로포스파미드/[M223085]시클로포스파미드수화물","","정제/유화주사제/용액용분말주사제/서방성현탁액용분말주사제/용액용동결건조분말주사제/현탁액용동결건조분말주사제/서방성현탁액용동결건조분말주사제/리포좀화현탁액용동결건조분말주사제/현탁액주사제/서방성현탁액성주사제/용액주사제","2등급",20081211,"동물실험에서 유전독성 및 태아손상 유발 가능성.","","정상"
2031,"임부금기","단일",D000334,Cyclosporine,"사이클로스포린","","[A005971]시클로스포린/[M040068]마이크로에멀젼용시클로스포린/[M085282]사이클로스포린/[M085565]시클로스포린","","캡슐/유화주사제/용액용분말주사제/서방성현탁액용분말주사제/용액용동결건조분말주사제/현탁액용동결건조분말주사제/서방성현탁액용동결건조분말주사제/리포좀화현탁액용동결건조분말주사제/현탁액주사제/서방성현탁액성주사제/용액주사제/산제/용액용산제/현탁액용산제/세립/용액용세립제/현탁액용세립제/경구용현탁액제/점이제, 현탁액용산제/현탁액제용주사용용제/직장용현탁액제/일반현탁분무제/정량현탁분무제/이식용현탁액제/점이현탁액제/유제/틴크제/전제/침제/레모네이드제/방향수제/주정제/피부액제/피부리니멘트제/도료/샴푸/경구용액제/질세정액/관류제/점이액제/혈액항응고보존액제/밀폐제용용액제/장기보존용액제/주사/피부단자시험용용액/방광내적용용액","2등급",20081211,"""임부에 대한 안전성 미확립.
동물실험에서 생식독성 보고.
37주 미만의 미숙아 출산 위험성 높음.""","","정상"
2032,"임부금기","단일",D000026,Cyproheptadine,"시프로헵타딘","","[M040335]염산시프로헵타딘/[M081195]오로트산시프로헵타딘/[M094432]시프로헵타딘/[M223093]시프로헵타딘염산염수화물/[M254960]시프로헵타딘오로트산염수화물","","정제/캡슐","2등급",20130712,"임부에 대한 안전성 미확립.","","정상"
2033,"임부금기","단일",D000733,Cyproterone,"시프로테론","","[M080323]초산시프로테론/[M222867]시프로테론아세테이트","","정제","1등급",20081211,"","","정상"
2034,"임부금기","단일",D000449,Cytarabine,"시타라빈","","[M040334]시타라빈","","용액주사제/유화주사제/용액용분말주사제/서방성현탁액용분말주사제/용액용동결건조분말주사제/현탁액용동결건조분말주사제/서방성현탁액용동결건조분말주사제/리포좀화현탁액용동결건조분말주사제/현탁액주사제/서방성현탁액성주사제","2등급",20081211,"동물실험에서 기형발생 작용 보고.","","정상"
2035,"임부금기","단일",D000396,"Dabigatran etexilate","다비가트란에텍실레이트","","[M251630]다비가트란에텍실레이트메실산염","","캡슐","2등급",20150520,"""임부에 대한 안전성 미확립.
모체독성용량에서 태자의 체중감소, 태자변이 증가, 배태자 생존력 감소 보고.""","","정상"
2036,"임부금기","단일",D000691,Dacarbazine,"다카르바진","","[M086213]다카르바진","","용액주사제/유화주사제/용액용분말주사제/서방성현탁액용분말주사제/용액용동결건조분말주사제/현탁액용동결건조분말주사제/서방성현탁액용동결건조분말주사제/리포좀화현탁액용동결건조분말주사제/현탁액주사제/서방성현탁액성주사제","2등급",20081211,"동물실험에서 기형유발 보고.","","정상"
2037,"임부금기","단일",D000293,Dactinomycin,"닥티노마이신","","[M085416]닥티노마이신","","용액주사제/유화주사제/용액용분말주사제/서방성현탁액용분말주사제/용액용동결건조분말주사제/현탁액용동결건조분말주사제/서방성현탁액용동결건조분말주사제/리포좀화현탁액용동결건조분말주사제/현탁액주사제/서방성현탁액성주사제","2등급",20081211,"""임부에 대한 안전성 미확립.
동물실험에서 기형, 태자독성 보고.""","","정상"
2038,"임부금기","단일",D000394,Danazol,"다나졸","","[M081135]다나졸","","캡슐/산제/용액용산제/현탁액용산제/세립/용액용세립제/현탁액용세립제","1등급",20081211,"여성 태아의 남성화 가능성(음핵비대, 음순융합, 비뇨생식동결손, 질폐쇄) 보고.","","정상"
2039,"임부금기","단일",D000692,Dapagliflozin,"다파글리플로진","","[M258339]다파글리플로진프로판디올수화물","","정제","2등급",20160129,"""임부에 대한 안전성 미확립
동물실험에서 사람의 임신 2기와 3기에 해당하는 신장 발달 독성(신우 및 세뇨관 확장) 보고""","","정상"
2040,"임부금기","단일",D000292,Dasatinib,"다사티닙","","[M206461]다사티닙","","정제","2등급",20081211,"""임부에 대한 안전성 미확립.
동물실험에서 배태자 독성(근골격기형과 골형성 감소, 부종, 소간증 등) 보고.""","","정상"
2041,"임부금기","단일",D000198,Daunorubicin,"다우노루비신","","[M089345]염산다우노루비신/[M222833]다우노루비신염산염","","용액주사제/유화주사제/용액용분말주사제/서방성현탁액용분말주사제/용액용동결건조분말주사제/현탁액용동결건조분말주사제/서방성현탁액용동결건조분말주사제/리포좀화현탁액용동결건조분말주사제/현탁액주사제/서방성현탁액성주사제","2등급",20081211,"","","정상"
2042,"임부금기","단일",D000609,Decitabine,"데시타빈","","[M213782]데시타빈","","용액주사제/유화주사제/용액용분말주사제/서방성현탁액용분말주사제/용액용동결건조분말주사제/현탁액용동결건조분말주사제/서방성현탁액용동결건조분말주사제/리포좀화현탁액용동결건조분말주사제/현탁액주사제/서방성현탁액성주사제","2등급",20081211,"""임부에 대한 안전성 미확립.
동물실험에서 발육독성, 태자기형 유발, 태자 생존감소 및 태자 체중감소 보고.""","","정상"
2043,"임부금기","단일",D000788,Deflazacort,"데프라자코르트","","[M084608]미결정데프라자코르트/[M102052]데프라자코르트/[M257402]데플라자코트(미분화)","","정제","2등급",20081211,"""동물실험에서 기형발생 작용 보고.
태아의 성장지체, 언청이의 위험 등의 증가, 뇌성장 및 발달에 영향 가능성. 신생아에 부신부전증 유발 가능성.""","","정상"
2044,"임부금기","단일",D000693,Degarelix,"데가렐릭스","","[M256795]데가렐릭스","","용액주사제/유화주사제/용액용분말주사제/서방성현탁액용분말주사제/용액용동결건조분말주사제/현탁액용동결건조분말주사제/서방성현탁액용동결건조분말주사제/리포좀화현탁액용동결건조분말주사제/현탁액주사제/서방성현탁액성주사제","2등급",20140915,"임부에 대한 안전성 미확립.","","정상"
2045,"임부금기","단일",D000294,Denopamine,"데노파민","","[M085404]데노파민","","정제","2등급",20130712,"동물실험에서 심실중격결손, 손.발가락 발육부전의 기형발생 및 태자치사작용 보고.","","정상"
2046,"임부금기","단일",D000199,Dexamethasone,"덱사메타손","","[M040080]덱사메타손/[M050208]인산덱사메타손/[M082700]덱사메타손인산나트륨/[M085432]디나트륨인산덱사메타손/[M222954]덱사메타손디나트륨인산염/[M256848]덱사메타손포스페이트이나트륨/[M258481]덱사메타손팔미테이트/[M260226]덱사메타손시페실레이트/[M260415]덱사메타손시페실레이트(미분화)","","정제/캡슐/용액주사제/유화주사제/용액용분말주사제/서방성현탁액용분말주사제/용액용동결건조분말주사제/현탁액용동결건조분말주사제/서방성현탁액용동결건조분말주사제/리포좀화현탁액용동결건조분말주사제/현탁액주사제/서방성현탁액성주사제/이식물","2등급",20130712,"""동물실험에서 기형발생 작용 보고.
태아의 성장지체, 언청이의 위험 등의 증가, 뇌성장 및 발달에 영향 가능성. 신생아에 부신부전증 유발 가능성.""","","정상"
2047,"임부금기","단일",D000316,Dexbrompheniramine,"덱스브롬페니라민","","[M095060]말레인산덱스브롬페니라민/[M253274]d-브롬페니라민말레산염","","정제","2등급",20130712,"임부에 대한 안전성 미확립.","","정상"
2048,"임부금기","단일",D000086,Dexibuprofen,"덱시부프로펜","","[M088349]덱시부프로펜디ㆍ씨/[M092057]덱시부프로펜/[M212364]덱시부프로펜디씨/[M214134]덱시부프로펜 디.씨/[M215523]덱시부프로펜 디.씨./[M240099]덱시부프로펜디.씨/[M254719]덱시부프로펜","","정제/캡슐/액상시럽제/건조시럽용 과립제/산제/용액용산제/현탁액용산제/세립/용액용세립제/현탁액용세립제/경구용현탁액제/점이제, 현탁액용산제/현탁액제용주사용용제/직장용현탁액제/일반현탁분무제/정량현탁분무제/이식용현탁액제/점이현탁액제/유제/틴크제/전제/침제/레모네이드제/방향수제/주정제/피부액제/피부리니멘트제/도료/샴푸/경구용액제/질세정액/관류제/점이액제/혈액항응고보존액제/밀폐제용용액제/장기보존용액제/주사/피부단자시험용용액/방광내적용용액","2등급",20121211,"""임부에 대한 안전성 미확립.
임신 말기에 투여시 태아의 동맥관조기폐쇄 가능성.
동물실험에서 대사독성, 동맥관수축, 난산발생빈도 증가, 분만지연, 태아 생존율 감소 보고.""","","정상"
2050,"임부금기","단일",D000085,Dexmedetomidine,"덱스메데토미딘","","[M250146]덱스메데토미딘염산염","","용액주사제/유화주사제/용액용분말주사제/서방성현탁액용분말주사제/용액용동결건조분말주사제/현탁액용동결건조분말주사제/서방성현탁액용동결건조분말주사제/리포좀화현탁액용동결건조분말주사제/현탁액주사제/서방성현탁액성주사제","2등급",20150520,"""임부에 대한 안전성 미확립.
동물실험에서 피하투여시 착상 후 손실 증가, 생존태아 감소, 태자 체중감소 및 성장발달지연 보고. ""","","정상"
2053,"임부금기","단일",D000298,Diflunisal,"디플루니살","","[M085412]디플루니살","","정제","2등급",20081211,"""임부에 대한 안전성 미확립. 
임신 말기에 투여시 태아의 동맥관조기폐쇄 가능성.
동물실험에서 난산발생빈도 증가, 분만지연, 태아 생존율 감소 보고.""","경구","정상"
2054,"임부금기","단일",D000202,Dihydroergotamine,"디히드로에르고타민","","[M086240]디히드로에르고타민메실레이트","","용액주사제/유화주사제/용액용분말주사제/서방성현탁액용분말주사제/용액용동결건조분말주사제/현탁액용동결건조분말주사제/서방성현탁액용동결건조분말주사제/리포좀화현탁액용동결건조분말주사제/현탁액주사제/서방성현탁액성주사제","1등급",20081211,"""(경구) 
임부에 대한 안전성 미확립.
(주사)
동물실험에서 고용량 투여시 자궁평활근 및 태반의 혈류량을 감소시켜 태자의 성장장애 가능성 보고.""","경구","정상"
2056,"임부금기","단일",D000507,Diphenylpyraline,"디페닐피랄린","","[M050294]염산디페닐피랄린/[M051723]염산디페닐피라린/[M209282]디페닐피랄린","","용액주사제/유화주사제/용액용분말주사제/서방성현탁액용분말주사제/용액용동결건조분말주사제/현탁액용동결건조분말주사제/서방성현탁액용동결건조분말주사제/리포좀화현탁액용동결건조분말주사제/현탁액주사제/서방성현탁액성주사제/정제","2등급",20130712,"""임부에 대한 안전성 미확립.
동물실험에서 기형발생 보고.""","","정상"
2049,"임부금기","단일",D000696,Dexketoprofen,"덱스케토프로펜","","[M213126]덱스케토프로펜트로메타몰","","정제/유화주사제/용액용분말주사제/서방성현탁액용분말주사제/용액용동결건조분말주사제/현탁액용동결건조분말주사제/서방성현탁액용동결건조분말주사제/리포좀화현탁액용동결건조분말주사제/현탁액주사제/서방성현탁액성주사제/용액주사제","2등급",20121121,"""(경구)
양수과소증을 수반하는 신부전, 항응고효과로 인한 출혈시간지연, 자궁수축억제로 인한 출산지연 가능성.
(주사)
임부에 대한 안전성 미확립. 
자궁 수축 저해로 인한 출산지연. 자궁내 수축 또는 동맥관폐쇄유도로 인한 신생아 폐성 고혈압 및 호흡 불충분. 태아 혈소판과 신장기능 억제로 인한 양수과소증 및 신생아 무뇨증 가능성.""","","정상"
2051,"임부금기","단일",D000090,Diazepam,"디아제팜","","[M040102]디아제팜","","정제/유화주사제/용액용분말주사제/서방성현탁액용분말주사제/용액용동결건조분말주사제/현탁액용동결건조분말주사제/서방성현탁액용동결건조분말주사제/리포좀화현탁액용동결건조분말주사제/현탁액주사제/서방성현탁액성주사제/용액주사제","2등급",20121213,"""최기형성 사례(대조군에 비해 높음) 및 신생아 포유곤란, 근긴장저하, 졸음, 황달 증가 보고.
분만전 연용시 신생아 금단증상(신경과민, 진전, 과다긴장 등) 보고.
분만 중 정맥 주입시 sleeping baby 보고.
임신중 지속적 복용시 신생아 저혈압, 호흡기능저하, 체온저하 가능성.""","","정상"
2052,"임부금기","단일",D000506,Diclofenac,"디클로페낙","","[M050288]디클로페낙나트륨/[M083248]디클로페낙/[M083349]디클로페낙베타디메칠아미노에탄올/[M084600]디클로페낙칼륨/[M086205]디클로페낙디에칠암모늄/[M102665]디클로페낙에폴아민/[M230206]디클로페낙 β-디메칠아미노에탄올/[M249599]디클로페낙디에틸암모늄/[M251996]디클로페낙베타디메틸아미노에탄올/[M252249]디클로페낙β-디메틸아미노에탄올/[M255472]디클로페낙디에틸아민염/[M256203]디클로페낙디에틸아민","","정제/캡슐/용액주사제/유화주사제/용액용분말주사제/서방성현탁액용분말주사제/용액용동결건조분말주사제/현탁액용동결건조분말주사제/서방성현탁액용동결건조분말주사제/리포좀화현탁액용동결건조분말주사제/현탁액주사제/서방성현탁액성주사제/가글제/정량액상분무제/첩부제/카타플라스마제/피부용겔제/피부크림제","2등급",20081211,"""(경구, 주사)임부에 대한 안전성 미확립.임신말기에 투여시 태아의 동맥관조기폐쇄, 태아 순환지속증 가능성. 동물실험에서 난산발생 증가, 분만지연, 태자 생존율 감소 보고. 임신 약 20주 이후 비스테로이드성 소염제의 사용은 태아의 신기능 이상을 일으켜 양수 과소증 유발가능 및 경우에 따라 신생아 신장애 발생 가능(외용, 점안제)임신 3기에 투여시 태아에서 심폐독성 및 신장 독성, 산모와 신생아의 출혈 연장 및 산모 분만 지연 유발 가능 (구강용 스프레이제, 구강용 액제)","구강용 스프레이제, 구강용 액제, 겔제, 점안제, 첩부제, 카타플라마제, 크림제 포함","정상"
2055,"임부금기","단일",D000818,Diltiazem,"딜티아젬","","[M080266]염산딜티아젬/[M081095]딜티아젬아시딕폴리머콤플렉스/[M085036]염산딜티아젬60밀리그람서방형삼층정3정/[M088241]염산딜티아젬서방형입자/[M089288]염산딜티아젬서방성과립/[M222982]딜티아젬염산염","","정제/캡슐/용액주사제/유화주사제/용액용분말주사제/서방성현탁액용분말주사제/용액용동결건조분말주사제/현탁액용동결건조분말주사제/서방성현탁액용동결건조분말주사제/리포좀화현탁액용동결건조분말주사제/현탁액주사제/서방성현탁액성주사제","2등급",20081211,"""(경구) 
동물실험에서 골격, 심장, 망막 및 혀에 기형 보고.
출생자의 체중감소 및 생존수 감소, 분만지연, 사산수 증가 보고.
(주사)
동물 실험에서 최기형성 및 태자치사 작용 보고.""","","정상"
2057,"임부금기","단일",D000612,Etidronate,"에티드로네이트","","[M082306]디소디움에티드로네이트","","정제","2등급",20081211,"""임부에 대한 안전성 미확립.
동물실험에서 과량투여시 태자에 골격이상 발생 및 생존율 감소 보고.""","","정상"
2058,"임부금기","단일",D000295,Docetaxel,"도세탁셀","","[M089802]도세탁셀/[M246487]도세탁셀삼수화물/[M249007]도세탁셀무수물/[M256208]도세탁셀무수화물/[M259927]도세탁셀수화물","","용액주사제/유화주사제/용액용분말주사제/서방성현탁액용분말주사제/용액용동결건조분말주사제/현탁액용동결건조분말주사제/서방성현탁액용동결건조분말주사제/리포좀화현탁액용동결건조분말주사제/현탁액주사제/서방성현탁액성주사제","2등급",20081211,"동물실험에서 배태자 독성(배· 태아 치사 작용, 태아 및 출생아의 발육·발달지연, 최기형성 소견) 및 수태력 감소 보고.","","정상"
2060,"임부금기","단일",D000810,Dothiepin,"도티에핀","","[M081861]염산도치에핀","","캡슐/산제/용액용산제/현탁액용산제/세립/용액용세립제/현탁액용세립제","2등급",20121213,"임신중 세로토닌 재흡수 억제제에 노출된 신생아의 위험(호흡곤란, 청색증, 무호흡증, 발작 등) 보고.","경구","정상"
2061,"임부금기","단일",D000088,Doxazosin,"독사조신","","[M083467]메실산독사조신/[M252421]독사조신메실산염","","정제","2등급",20130712,"임부에 대한 안전성 미확립.","","정상"
2062,"임부금기","단일",D000504,Doxifluridine,"독시플루리딘","","[M085422]독시플루리딘","","캡슐/산제/용액용산제/현탁액용산제/세립/용액용세립제/현탁액용세립제","2등급",20081211,"동물실험에서 기형유발 보고.","","정상"
2063,"임부금기","단일",D000502,Doxorubicin,"독소루비신","","[M020025]염산독소루비신/[M222835]독소루비신염산염","","용액주사제/유화주사제/용액용분말주사제/서방성현탁액용분말주사제/용액용동결건조분말주사제/현탁액용동결건조분말주사제/서방성현탁액용동결건조분말주사제/리포좀화현탁액용동결건조분말주사제/현탁액주사제/서방성현탁액성주사제","2등급",20081211,"동물실험에서 기형발생 보고.","","정상"
2064,"임부금기","단일",D000503,Doxycycline,"독시사이클린","","[M020026]독시사이클린/[M020027]독시사이클린하이클레이트/[M084576]독시사이클린/[M222836]독시사이클린수화물/[M222960]독시사이클린하이클레이트수화물","","정제/캡슐/산제/용액용산제/현탁액용산제/세립/용액용세립제/현탁액용세립제","2등급",20081211,"""태자에 일과성 골발육부전, 영구적 치아착색, 법랑질형성부전 보고.
동물실험에서 태자독성(주로 골격발달지연과 관련) 및 배자독성 보고.""","경구","정상"
2059,"임부금기","단일",D000297,Domperidone,"돔페리돈","","[M081091]돔페리돈/[M085595]말레인산돔페리돈/[M222961]돔페리돈말레산염","","정제/산제/용액용산제/현탁액용산제/세립/용액용세립제/현탁액용세립제/과립제/서방성과립제/장용성과립제 /용액용과립제/현탁액용과립제/서방성현탁액용과립제/발포과립제/경구용현탁액제/점이제, 현탁액용산제/현탁액제용주사용용제/직장용현탁액제/일반현탁분무제/정량현탁분무제/이식용현탁액제/점이현탁액제/유제/틴크제/전제/침제/레모네이드제/방향수제/주정제/피부액제/피부리니멘트제/도료/샴푸/경구용액제/질세정액/관류제/점이액제/혈액항응고보존액제/밀폐제용용액제/장기보존용액제/주사/피부단자시험용용액/방광내적용용액","2등급",20081211,"동물실험에서 모체독성을 유발하는 농도에서 생식독성 보고.","","정상"
2065,"임부금기","단일",D000397,Penicillamine,"디페니실라민","","[M051705]디페니실라민","","정제/캡슐","2등급",20081211,"기형 유발로 의심되는 증례 보고.","""2등급
(윌슨병, 납·수은중독, 특정 시스틴뇨증시)""","정상"
2066,"임부금기","단일",D000201,Dronedarone,"드로네다론","","[M249412]드로네다론염산염","","정제","2등급",20130712,"동물실험에서 기형 유발.","","정상"
2067,"임부금기","단일",D000610,Dutasteride,"두타스테리드","","[M102694]두타스테리드","","경구용현탁액제/점이제, 현탁액용산제/현탁액제용주사용용제/직장용현탁액제/일반현탁분무제/정량현탁분무제/이식용현탁액제/점이현탁액제/유제/틴크제/전제/침제/레모네이드제/방향수제/주정제/피부액제/피부리니멘트제/도료/샴푸/경구용액제/질세정액/관류제/점이액제/혈액항응고보존액제/밀폐제용용액제/장기보존용액제/주사/피부단자시험용용액/방광내적용용액/캡슐","1등급",20081211,"전임상시험에서 남성 태아의 외부 생식기 발달 저해 가능성.","","정상"
2068,"임부금기","단일",D000611,Dydrogesterone,"디드로게스테론","","[M050236]디드로게스테론","","정제","1등급",20081211,"여성 태아의 외부생식기 남성화 및 남성 태아의 요도하열과의 관련성 보고.","""1등급
( 황체기능부전에 의한 불임치료, 황체호르몬 부족으로 인한 유·조산 치료시 제외)""","정상"
2069,"임부금기","단일",D000348,Ebastine,"에바스틴","","[M085337]에바스틴/[M088967]에바스틴구형과립","","경구용현탁액제/점이제, 현탁액용산제/현탁액제용주사용용제/직장용현탁액제/일반현탁분무제/정량현탁분무제/이식용현탁액제/점이현탁액제/유제/틴크제/전제/침제/레모네이드제/방향수제/주정제/피부액제/피부리니멘트제/도료/샴푸/경구용액제/질세정액/관류제/점이액제/혈액항응고보존액제/밀폐제용용액제/장기보존용액제/주사/피부단자시험용용액/방광내적용용액/정제/캡슐","2등급",20130712,"임부에 대한 안전성 미확립.","","정상"
2070,"임부금기","단일",D000558,Efavirenz,"에파비렌즈","","[M088675]에파비렌즈","","정제","2등급",20081211,"""임부에 대한 안전성 미확립.
동물실험에서 기형(무뇌증 및 단안 무안구증, 소안구증, 구개열) 및 태자 재흡수 증가 보고.""","","정상"
2071,"임부금기","단일",D000752,Efonidipine,"에포니디핀","","[M257938]에포니디핀염산염","","정제","2등급",20081211,"실험동물에서 모체동물, 출생자에 체중증가 억제 보고.","","정상"
2072,"임부금기","단일",D000460,Emorfazone,"에몰파존","","[M082008]에몰파존","","정제","2등급",20081211,"임부에 대한 안전성 미확립.","","정상"
2073,"임부금기","단일",D000157,Empagliflozin,"엠파글리플로진","","[M260057]엠파글리플로진","","정제","2등급",20160129,"""임부에 대한 안전성 미확립
동물실험에서 출생 후 발달에 유해한 영향 보고""","","정상"
2074,"임부금기","단일",D000554,Enalapril,"에날라프릴","","[M082059]말레인산에날라프릴/[M099977]말레인산에날프릴/[M223118]에날라프릴말레산염/[M223119]에날라프릴말레산염 정/[M249863]에날라프릴말레인산염","","정제","2등급",20081211,"임신 제2 및 3기에 ACE 저해제 투여시 양수과소증, 태아 및 신생아의 사망, 신생아 저혈압, 신부전, 고칼륨혈증, 두개형성부전, 양수과소증에 의한 것으로 추정되는 사지의 경축, 두개단면의 변형 보고.","","정상"
2075,"임부금기","단일",D000746,Enocitabine,"에노시타빈","","[M093669]에노시타빈","","용액주사제/유화주사제/용액용분말주사제/서방성현탁액용분말주사제/용액용동결건조분말주사제/현탁액용동결건조분말주사제/서방성현탁액용동결건조분말주사제/리포좀화현탁액용동결건조분말주사제/현탁액주사제/서방성현탁액성주사제","2등급",20081211,"동물실험에서 기형발생 작용 보고.","경구","정상"
2076,"임부금기","단일",D000347,Enoxacin,"에녹사신","","[M081589]에녹사신/[M223120]에녹사신수화물","","정제","2등급",20081211,"임부에 대한 안전성 미확립.","","정상"
2078,"임부금기","단일",D000156,Epinastine,"에피나스틴","","[I012505]에피나스틴염산염/[M256607]에피나스틴염산염","","정제","2등급",20130712,"임부에 대한 안전성 미확립.","","정상"
2080,"임부금기","단일",D000464,Epirubicin,"에피루비신","","[M084299]염산에피루비신/[M222876]에피루비신염산염","","용액주사제/유화주사제/용액용분말주사제/서방성현탁액용분말주사제/용액용동결건조분말주사제/현탁액용동결건조분말주사제/서방성현탁액용동결건조분말주사제/리포좀화현탁액용동결건조분말주사제/현탁액주사제/서방성현탁액성주사제","2등급",20081211,"""동물실험에서 태자독성 보고
기형발생 보고(안트라사이클린계의 다른 항악성종양제).""","","정상"
2081,"임부금기","단일",D000559,Eprosartan,"에프로사르탄","","[M257111]에프로사르탄메실산염","","정제","2등급",20081211,"임신 제 2~3기 투여시 태아와 신생아의 저혈압, 신생아 두개골형성부전, 무뇨, 신부전, 양수과소증(사지골절, 두개안면변형, 폐발육부전과 관련) 및 사망 보고.","","정상"
2082,"임부금기","단일",D000034,Eribulin,"에리불린","","[M255209]에리불린메실산염","","용액주사제/유화주사제/용액용분말주사제/서방성현탁액용분말주사제/용액용동결건조분말주사제/현탁액용동결건조분말주사제/서방성현탁액용동결건조분말주사제/리포좀화현탁액용동결건조분말주사제/현탁액주사제/서방성현탁액성주사제","2등급",20130523,"""임부에 대한 안전성 미확립
동물실험에서 배태자독성 및 최기형성 보고.""","","정상"
2079,"임부금기","단일",D000560,Epinephrine,"에피네프린","","[M040421]에피네프린/[M040581]중주석산에피네프린/[M094252]주석산에피네프린/[M251244]에피네프린타르타르산염","","경구용현탁액제/유화주사제/용액용분말주사제/서방성현탁액용분말주사제/용액용동결건조분말주사제/현탁액용동결건조분말주사제/서방성현탁액용동결건조분말주사제/리포좀화현탁액용동결건조분말주사제/현탁액주사제/서방성현탁액성주사제/용액주사제/점이제, 현탁액용산제/현탁액제용주사용용제/직장용현탁액제/일반현탁분무제/정량현탁분무제/이식용현탁액제/점이현탁액제/유제/틴크제/전제/침제/레모네이드제/방향수제/주정제/피부액제/피부리니멘트제/도료/샴푸/경구용액제/질세정액/관류제/점이액제/혈액항응고보존액제/밀폐제용용액제/장기보존용액제/주사/피부단자시험용용액/방광내적용용액","2등급",20130713,"태아의 산소결핍 초래 가능성.","","정상"
2083,"임부금기","단일",D000465,Erlotinib,"엘로티닙","","[M250547]엘로티닙염산염","","정제","2등급",20081211,"""임부에 대한 안전성 미확립.
동물실험에서 생존태자수 감소 및 과량 투여시 모체독성(유산 및 배/태자 사망 등) 보고.""","","정상"
2084,"임부금기","단일",D000349,Esmolol,"에스몰롤","","[M085107]염산에스몰롤/[M258655]에스몰롤염산염","","용액주사제/유화주사제/용액용분말주사제/서방성현탁액용분말주사제/용액용동결건조분말주사제/현탁액용동결건조분말주사제/서방성현탁액용동결건조분말주사제/리포좀화현탁액용동결건조분말주사제/현탁액주사제/서방성현탁액성주사제","2등급",20130712,"""임부에 대한 안전성 미확립.
임신후기 및 분만시 태아의 서맥 유발 가능성.""","","정상"
2085,"임부금기","단일",D000748,Estradiol,"에스트라디올","","[M040401]에스트라디올/[M040402]길초산에스트라디올/[M088710]에스트라디올1/2수화물/[M103099]에스트라디올헤미하이드레이트/[M223135]에스트라디올 발레레이트/[M224167]에스트라디올반수화물/[M257134]에스트라디올발레레이트","","정제/유화주사제/용액용분말주사제/서방성현탁액용분말주사제/용액용동결건조분말주사제/현탁액용동결건조분말주사제/서방성현탁액용동결건조분말주사제/리포좀화현탁액용동결건조분말주사제/현탁액주사제/서방성현탁액성주사제/용액주사제/겔/경피흡수제/서방성경피흡수제/전류조절형서방성경피흡수제","1등급",20081211,"""임부에 대한 안전성 미확립.
에스트로겐 대체 요법에 의해 남녀 태아의 생식기관 유전적 결함을 증가, 훗날 여성의 경우 질선증, 자궁경부 편평세포 형성장애, 자궁암의 위험 증가. 임신 중 에스트로겐 대체 요법이 필요한 적응증은 없음.""","경구","정상"
2086,"임부금기","단일",D000462,Estramustine,"에스트라머스틴","","[M257238]에스트라머스틴인산나트륨수화물","","캡슐/산제/용액용산제/현탁액용산제/세립/용액용세립제/현탁액용세립제","1등급",20081211,"","","정상"
2088,"임부금기","단일",D000555,Estropipate,"에스트로피페이트","","[M089024]에스트로피페이트","","정제/크림","2등급",20081211,"""임부에 대한 안전성 미확립.
에스트로겐대체요법에 의해 태아에서 생식기관결함, 선천적 심장결함, 수족감소결함, 사지감소장애 등 가능성.
훗날 여성에서 질선증, 질 및 자궁경부 편평세포형성장애, 자궁암의 위험 증가.""","","정상"
2089,"임부금기","단일",D000749,"Ethinyl estradiol","에티닐에스트라디올","","[A005749]에티닐에스트라디올/[M040405]에치닐에스트라디올/[M223147]에티닐에스트라디올/[M259133]에티닐에스트라디올(EE-베타덱스 포접체로서)","","정제","1등급",20081211,"태아의 손상 가능성.","","정상"
2090,"임부금기","단일",D000257,Ethosuximide,"에토숙시미드","","[M223146]에토숙시미드","","경구용현탁액제/점이제, 현탁액용산제/현탁액제용주사용용제/직장용현탁액제/일반현탁분무제/정량현탁분무제/이식용현탁액제/점이현탁액제/유제/틴크제/전제/침제/레모네이드제/방향수제/주정제/피부액제/피부리니멘트제/도료/샴푸/경구용액제/질세정액/관류제/점이액제/혈액항응고보존액제/밀폐제용용액제/장기보존용액제/주사/피부단자시험용용액/방광내적용용액/캡슐","2등급",20081211,"동물실험에서 기형발생 보고.","","정상"
2092,"임부금기","단일",D000352,Etizolam,"에티졸람","","[M088371]에티졸람","","정제","2등급",20121213,"벤조디아제핀계 약물의 최기형성 사례(대조군에 비해 높음), 신생아 포유곤란, 근긴장저하, 졸음, 황달 증가 및 분만전 연용시 신생아 금단증상(신경과민, 진전, 과다긴장 등) 보고.","경구","정상"
2093,"임부금기","단일",D000463,Etodolac,"에토돌락","","[M081813]미결정에토돌락/[M083240]에토돌락/[M257127]미분화에토돌락","","정제/캡슐/산제/용액용산제/현탁액용산제/세립/용액용세립제/현탁액용세립제/과립제/서방성과립제/장용성과립제 /용액용과립제/현탁액용과립제/서방성현탁액용과립제/발포과립제","2등급",20081211,"""임부에 대한 안전성 미확립.
임신 말기에 투여시 태아의 동맥관조기폐쇄 가능성.
동물실험에서 난산발생빈도 증가, 분만지연, 태아 생존율 감소 보고.""","","정상"
2094,"임부금기","단일",D000154,Etoposide,"에토포시드","","[M081926]에토포시드","","캡슐/유화주사제/용액용분말주사제/서방성현탁액용분말주사제/용액용동결건조분말주사제/현탁액용동결건조분말주사제/서방성현탁액용동결건조분말주사제/리포좀화현탁액용동결건조분말주사제/현탁액주사제/서방성현탁액성주사제/용액주사제/산제/용액용산제/현탁액용산제/세립/용액용세립제/현탁액용세립제","2등급",20081211,"동물실험에서 기형유발, 태자독성 보고.","","정상"
2095,"임부금기","단일",D000461,Everolimus,"에베로리무스","","[M255713]에베로리무스","","정제","2등급",20130523,"""임부에 대한 안전성 미확립.
동물실험에서 배태자독성(사망률, 태자 체중감소) 및 골격근 변화와 기형(흉골열 등) 발생률 증가.""","","정상"
2096,"임부금기","단일",D000038,Exemestane,"엑스메스탄","","[M089836]엑스메스탄","","정제","1등급",20081211,"""임부에 대한 안전성 미확립.
동물실험에서 생식 및 발생독성 보고.""","","정상"
2097,"임부금기","단일",D000037,Exenatide,"엑세나타이드","","[I012174]엑세나타이드/[M233532]엑세나타이드","","용액주사제/유화주사제/용액용분말주사제/서방성현탁액용분말주사제/용액용동결건조분말주사제/현탁액용동결건조분말주사제/서방성현탁액용동결건조분말주사제/리포좀화현탁액용동결건조분말주사제/현탁액주사제/서방성현탁액성주사제","2등급",20121121,"""임부에 대한 안전성 미확립.
동물실험에서 생식독성 보고.""","","정상"
2098,"임부금기","단일",D000402,Febuxostat,"페북소스타트","","[M245171]페북소스타트/[M245172]페북소스타트/[M245173]페북소스타트/[M245174]페북소스타트/[M245186]페북소스타트","","정제","2등급",20150520,"임부에 대한 안전성 미확립.","","정상"
2099,"임부금기","단일",D000404,Felodipine,"펠로디핀","","[M081580]펠로디핀과립4ㆍ79%/[M084735]펠로디핀","","정제/캡슐/과립제/서방성과립제/장용성과립제 /용액용과립제/현탁액용과립제/서방성현탁액용과립제/발포과립제","2등급",20081211,"""임부에 대한 안전성 미확립.
동물실험에서 태자손상, 분만지연, 태자 및 신생자의 사망률 증가 보고.""","","정상"
2100,"임부금기","단일",D000686,Fenofibrate,"페노피브레이트","","[M051799]페노피브레이트/[M092604]미세화페노피브레이트/[M095127]페노피브레이트펠렛/[M096854]미세화페노피브레이트구형과립/[M099150]페노피브레이트펠렛타입/[M099756]미세화페노피브레이트혼합분말/[M255612]페노피브릭산/[M256159]페노피브레이트콜린/[M257159]페노피브레이트 과립(미분화)/[M260738]페노피브레이트(미분화)","","정제/캡슐/과립제/서방성과립제/장용성과립제 /용액용과립제/현탁액용과립제/서방성현탁액용과립제/발포과립제/산제/용액용산제/현탁액용산제/세립/용액용세립제/현탁액용세립제","2등급",20081211,"임신 3개월 이후 투여시 태아에 축적되어 태아독성 유발 가능성.","","정상"
2101,"임부금기","단일",D000071,Fenoprofen,"페노프로펜","","[M081085]페노프로펜칼슘","","정제/캡슐/과립제/서방성과립제/장용성과립제 /용액용과립제/현탁액용과립제/서방성현탁액용과립제/발포과립제/산제/용액용산제/현탁액용산제/세립/용액용세립제/현탁액용세립제","2등급",20081211,"""임부에 대한 안전성 미확립.
임신 말기에 투여시 태아의 동맥관조기폐쇄 가능성.
동물실험에서 난산발생빈도 증가, 분만지연, 태아 생존율 감소 보고.""","","정상"
2102,"임부금기","단일",D000097,Fentanyl,"펜타닐","","[M210478]구연산펜타닐/[M223286]펜타닐시트르산염/[M230151]펜타닐/[M259588]펜타닐시트르산염(미분화)/[M261073]펜타닐","","정제/유화주사제/용액용분말주사제/서방성현탁액용분말주사제/용액용동결건조분말주사제/현탁액용동결건조분말주사제/서방성현탁액용동결건조분말주사제/리포좀화현탁액용동결건조분말주사제/현탁액주사제/서방성현탁액성주사제/용액주사제/일반액상분무제/정량액상분무제/일반분말분무제/정량분말분무제/경피흡수제/서방성경피흡수제/전류조절형서방성경피흡수제","2등급",20121121,"""임부에 대한 안전성 미확립.
동물실험에서 살배자 작용 보고.
출산/분만 중 투여시 신생아 호흡억제 유발 가능성.""","","정상"
2103,"임부금기","단일",D000750,Estriol,"에스트리올","","[M051067]에스트리올","","크림/좌제/정제","2등급",20081211,"""(경구) 
임부에 대한 안전성 미확립.
동물실험에서 난포호르몬제 투여시 태자의 성장 후 질상피 및 자궁내막의 암성변성 보고.
(질좌제)
동물실험에서 태자의 성장후 질상피 및 자궁내막의 악성변성을 시사하는 결과 보고.""","","정상"
2104,"임부금기","단일",D000512,Fesoterodine,"페소테로딘","","[M242751]페소테로딘푸마르산염","","서방성필름코팅정","2등급",20150520,"""임부에 대한 안전성 미확립.
동물실험에서 배자독성 보고.""","","정상"
2105,"임부금기","단일",D000624,Fimasartan,"피마사르탄","","[M258703]피마사르탄칼륨삼수화물/[M264048]피마사르탄칼륨삼수화물과립","","필름코팅정","2등급",20130712,"임신 2~3기에 투여시 태아 및 신생아 저혈압, 신생아 두개골형성저하증, 무뇨증, 신부전, 양수과소증(사지연축, 두개안면기형, 폐형성저하증과 관련), 및 사망 보고.","","정상"
2106,"임부금기","단일",D000107,Finasteride,"피나스테리드","","[M089174]피나스테리드","","필름코팅정","1등급",20081211,"약의 부서진 조각을 만지는 경우, 피부를 통해 흡수되어 남성 태아 외부생식기의 비정상 초래 가능성.","외용 (모발용제)","정상"
2107,"임부금기","단일",D000519,Fingolimod,"핀골리모드","","[M252321]핀골리모드염산염","","캡슐","1등급",20130712,"""임부에 대한 안전성 미확립.
동물실험에서 생식독성(태아소실, 장기결손, 동맥간존속, 심실중격결손) 보고.""","","정상"
2108,"임부금기","단일",D000212,"Flecainide Acetate","플레카이니드아세테이트","","[M201704]초산플레카이니드/[M239215]플레카이니드아세테이트/[M257171]플레카이니드아세트산염","","정제/유화주사제/용액용분말주사제/서방성현탁액용분말주사제/용액용동결건조분말주사제/현탁액용동결건조분말주사제/서방성현탁액용동결건조분말주사제/리포좀화현탁액용동결건조분말주사제/현탁액주사제/서방성현탁액성주사제/용액주사제","2등급",20081211,"동물실험에서 기형발생이 인정됨.","","정상"
2110,"임부금기","단일",D000105,Fludarabine,"플루다라빈","","[M240201]플루다라빈포스페이트","","정제/유화주사제/용액용분말주사제/서방성현탁액용분말주사제/용액용동결건조분말주사제/현탁액용동결건조분말주사제/서방성현탁액용동결건조분말주사제/리포좀화현탁액용동결건조분말주사제/현탁액주사제/서방성현탁액성주사제/용액주사제","2등급",20081211,"""동물실험에서 배자독성 및 기형발생 가능성 보고.
신생아에서 골격과 심장기형 및 조산 보고.""","","정상"
2111,"임부금기","단일",D000129,Fludrocortisone,"플루드로코르티손","","[M263521]미분화플루드로코르티손아세테이트","","정제","2등급",20130712,"""동물실험에서 기형발생 작용 보고.
태아의 성장지체, 언청이의 위험 등의 증가, 뇌성장 및 발달에 영향 가능성. 신생아에 부신부전증 유발 가능성.""","","정상"
2112,"임부금기","단일",D000835,"Flufenamic acid","플루페남산","","[M051841]플루페남산","","정제/캡슐/산제/용액용산제/현탁액용산제/세립/용액용세립제/현탁액용세립제","2등급",20121121,"""임부에 대한 안전성 미확립.
임신 말기에 투여시 태아의 동맥관조기폐쇄 가능성.
동물실험에서 동맥관수축, 난산발생빈도 증가, 분만지연, 태아 생존율 감소 보고.""","","정상"
2113,"임부금기","단일",D000410,Flunarizine,"플루나리진","","[M081336]염산플루나리진/[M251249]플루나리진염산염","","캡슐","2등급",20130712,"동물시험에서 기형발생(골격이상) 보고.","","정상"
2114,"임부금기","단일",D000411,Flunitrazepam,"플루니트라제팜","","[M088375]플루니트라제팜","","정제","2등급",20140915,"벤조디아제핀계 약물의 최기형성 사례(대조군에 비해 높음), 신생아 포유곤란, 근긴장저하, 졸음, 황달 증가 및 분만전 연용시 신생아 금단증상(신경과민, 진전, 과다긴장 등) 보고.","","정상"
2109,"임부금기","단일",D000517,Fluconazole,"플루코나졸","","[M084154]플루코나졸","","정제/캡슐/용액주사제/유화주사제/용액용분말주사제/서방성현탁액용분말주사제/용액용동결건조분말주사제/현탁액용동결건조분말주사제/서방성현탁액용동결건조분말주사제/리포좀화현탁액용동결건조분말주사제/현탁액주사제/서방성현탁액성주사제/산제/용액용산제/현탁액용산제/세립/용액용세립제/현탁액용세립제/과립제/서방성과립제/장용성과립제 /용액용과립제/현탁액용과립제/서방성현탁액용과립제/발포과립제/액상시럽제/건조시럽용 과립제/크림","2등급",20081211,"임신 첫 3개월 안에 150mg을 단회 또는 반복 투여한 임부에서 자연유산 및 영아의 선천성이상 보고.임신 첫 3개월의 모든 또는 대부분의 기간동안 고용량(1일 400-800mg) 투여 시 영아에서 출생기형(납작머리증, 비정상적 얼굴, 비정상정 머리덮개뼈 발달, 구개열, 대퇴부 휨, 얇은 갈비뼈, 긴뼈, 관절굽음증, 선천적 심장질환)이 나타남.콕시디오이데스진균증에 대해 3개월 이상 고용량(1일 400-800mg) 투여 시 영아에서 다발성 선천성 기형 보고.동물실험에서 고용량 투여 시 태자의 해부학적인 변형(과잉늑골, 신우확장) 증가 및 골화 지연, 배자치사 증가, 태아 기형(파형늑골, 구개열, 비정상적인 두개안면부 골화) 확인.","경구","정상"
2115,"임부금기","단일",D000412,Fluoropropyl-CIT(18F),"플루오로프로필씨아이티(18F)","","[M233245]플루오로프로필씨아이티(18F)/[M260793]플루오로프로필씨아이티(18F)액","","용액주사제/유화주사제/용액용분말주사제/서방성현탁액용분말주사제/용액용동결건조분말주사제/현탁액용동결건조분말주사제/서방성현탁액용동결건조분말주사제/리포좀화현탁액용동결건조분말주사제/현탁액주사제/서방성현탁액성주사제","2등급",20150520,"임부에 대한 안전성 미확립.","","정상"
2116,"임부금기","단일",D000623,Fluorouracil,"플루오로우라실","","[M040740]플루오로우라실/[M083217]5-플루오로우라실","","용액주사제/유화주사제/용액용분말주사제/서방성현탁액용분말주사제/용액용동결건조분말주사제/현탁액용동결건조분말주사제/서방성현탁액용동결건조분말주사제/리포좀화현탁액용동결건조분말주사제/현탁액주사제/서방성현탁액성주사제/크림/경구용액제","1등급",20081211,"동물실험에서 다지증, 구개열 등 기형유발 작용 보고.","","정상"
2117,"임부금기","단일",D000706,Fluoxymesterone,"플루옥시메스테론","","[M051839]플루옥시메스테론","","정제","1등급",20081211,"","","정상"
2118,"임부금기","단일",D000106,Flurazepam,"플루라제팜","","[M223321]플루라제팜염산염","","정제","2등급",20140915,"벤조디아제핀계 약물의 최기형성 사례(대조군에 비해 높음), 신생아 포유곤란, 근긴장저하, 졸음, 황달 증가 및 분만전 연용시 신생아 금단증상(신경과민, 진전, 과다긴장 등) 보고.","","정상"
2119,"임부금기","단일",D000705,Flurbiprofen,"플루르비프로펜","","[M051827]플루르비프로펜/[M089049]플루르비프로펜/[M106668]플루비프로펜나트륨","","정제/로젠지","2등급",20121121,"""임부에 대한 안전성 미확립.
임신 말기에 투여시 태아의 동맥관조기폐쇄 가능성.
동물실험에서 동맥관수축, 난산발생빈도 증가, 분만지연, 태아 생존율 감소 보고.""","","정상"
2120,"임부금기","단일",D000707,Fluticasone,"플루티카손","","[M070463]프로피온산플루티카손/[M222904]플루티카손프로피오네이트/[M233016]미분화플루티카손푸로에이트/[M241930]플루티카손프로피오네이트(미분화)/[M243509]플루티카손프로피오네이트(미분화)/[M259812]플루티카손푸로에이트(미분화)","","경구용현탁액제/크림","2등급",20150520,"""임부에 대한 안전성 미확립. 
동물실험에서 코르티코스테로이드는 상대적으로 낮은 농도로 전신 투여시 기형을 유발하는 것으로 관찰됨. ""","점비제","정상"
2121,"임부금기","단일",D000306,Fluvastatin,"플루바스타틴","","[M214128]플루바스타틴나트륨","","정제/캡슐/산제/용액용산제/현탁액용산제/세립/용액용세립제/현탁액용세립제","1등급",20081211,"""임부에 대한 안전성 미확립.
동물실험에서 과량투여시 골격발달지연, 모체독성, 부정렬 흉추, 태자 및 신생아 사망 보고.""","","정상"
2122,"임부금기","단일",D000048,"Follicle stimulating hormone","난포자극호르몬","","[M050515]인난포자극호르몬/[M089913]폴리트로핀알파(재조합-인간난포자극호르몬)/[M105120]폴리트로핀-베타(재조합난포자극호르몬recFSH)(숙주:CHO세포,벡타:pKMS.FSH αgβg)/[M106677]인난포자극호르몬(유로폴리트로핀)/[M249446]폴리트로핀(재조합-인난포자극호르몬)/[M251553]코리폴리트로핀 알파 (유전자재조합, 숙주세포 : CHO-K1, 벡터 : pKMS.FSHαβCTP)/[M262327]재조합인난포자극호르몬/[M263747]폴리트로핀베타","","용액주사제/유화주사제/용액용분말주사제/서방성현탁액용분말주사제/용액용동결건조분말주사제/현탁액용동결건조분말주사제/서방성현탁액용동결건조분말주사제/리포좀화현탁액용동결건조분말주사제/현탁액주사제/서방성현탁액성주사제","1등급",20140915,"","","정상"
2123,"임부금기","단일",D000796,Fosinopril,"포시노프릴","","[M085058]포시노프릴나트륨","","나정","2등급",20081211,"""임신 2기 및 3기에 ACE 저해제 복용시 태아 및 신생아에 저혈압, 신생아 두개형성부전, 무뇨, 고칼륨혈증, 신부전 및 사망 가능성.
태아의 신기능감소에 의한 양수과소증으로 태아사지경축, 두개안면변형 및 폐발육형성부전 가능성.""","","정상"
2124,"임부금기","단일",D000209,Fosphenytoin,"포스페니토인","","[M235712]포스페니토인나트륨","","용액주사제/유화주사제/용액용분말주사제/서방성현탁액용분말주사제/용액용동결건조분말주사제/현탁액용동결건조분말주사제/서방성현탁액용동결건조분말주사제/리포좀화현탁액용동결건조분말주사제/현탁액주사제/서방성현탁액성주사제","2등급",20140915,"발작빈도 증가, 대기형(구안지구열, 심기형), 소기형(두개안면이상, 손톱 및 손가락, 발가락형성부전), 성장이상(소두증), 정신적 결함 빈도 증가 및 악성종양(신경아세포종 등) 보고.","","정상"
2125,"임부금기","단일",D000407,Frovatriptan,"프로바트립탄","","[M246494]프로바트립탄숙신산염일수화물","","정제","2등급",20121121,"""임부에 대한 안전성 미확립.
동물실험에서 생식독성 보고.""","","정상"
2126,"임부금기","단일",D000099,Fulvestrant,"풀베스트란트","","[M217916]풀베스트란트","","용액주사제/유화주사제/용액용분말주사제/서방성현탁액용분말주사제/용액용동결건조분말주사제/현탁액용동결건조분말주사제/서방성현탁액용동결건조분말주사제/리포좀화현탁액용동결건조분말주사제/현탁액주사제/서방성현탁액성주사제","2등급",20081211,"동물실험에서 생식독성(태자 비정상 및 사망 빈도 증가 등) 보고.","","정상"
2127,"임부금기","단일",D000798,Furosemide,"푸로세미드","","[M040715]푸로세미드","","정제/유화주사제/용액용분말주사제/서방성현탁액용분말주사제/용액용동결건조분말주사제/현탁액용동결건조분말주사제/서방성현탁액용동결건조분말주사제/리포좀화현탁액용동결건조분말주사제/현탁액주사제/서방성현탁액성주사제/용액주사제","2등급",20130712,"임부에 대한 안전성 미확립.","","정상"
2128,"임부금기","단일",D000284,Gabexate,"가벡세이트","","[M082744]메실산가벡세이트/[M222932]가벡세이트메실산염","","용액주사제/유화주사제/용액용분말주사제/서방성현탁액용분말주사제/용액용동결건조분말주사제/현탁액용동결건조분말주사제/서방성현탁액용동결건조분말주사제/리포좀화현탁액용동결건조분말주사제/현탁액주사제/서방성현탁액성주사제","2등급",20130712,"동물실험에서 과량투여시 태자 체중억제 보고.","","정상"
2129,"임부금기","단일",D000387,Gadobutrol,"가도부트롤","","[M101892]가도부트롤","","용액주사제/유화주사제/용액용분말주사제/서방성현탁액용분말주사제/용액용동결건조분말주사제/현탁액용동결건조분말주사제/서방성현탁액용동결건조분말주사제/리포좀화현탁액용동결건조분말주사제/현탁액주사제/서방성현탁액성주사제","2등급",20150520,"""임부에 대한 안전성 미확립. 
동물생식독성시험에서 태자 발달지연, 고용량에서 태자 치사율 증가 보고.""","","정상"
2130,"임부금기","복합",D000725,"Gadolinium Oxide","산화가돌리늄","[D000365]EOB-DTPA(이오비-디티피에이)","[M086651]산화가돌리늄/[M222614]이오비-디티피에이","","용액주사제/유화주사제/용액용분말주사제/서방성현탁액용분말주사제/용액용동결건조분말주사제/현탁액용동결건조분말주사제/서방성현탁액용동결건조분말주사제/리포좀화현탁액용동결건조분말주사제/현탁액주사제/서방성현탁액성주사제","2등급",20150520,"""임부에 대한 안전성 미확립. 
동물실험에서 고용량 반복투여시 생식독성(착상 후 소실 및 유산률 증가) 보고.""","","정상"
2131,"임부금기","단일",D000073,Ganciclovir,"간시클로버","","[M090636]간시클로버","","용액주사제/유화주사제/용액용분말주사제/서방성현탁액용분말주사제/용액용동결건조분말주사제/현탁액용동결건조분말주사제/서방성현탁액용동결건조분말주사제/리포좀화현탁액용동결건조분말주사제/현탁액주사제/서방성현탁액성주사제","2등급",20081211,"동물실험에서 태자 발육지연, 배자치사, 최기형성(형성부전기관(신장 및 췌장), 수두증 및 하악단소증 등) 및/또는 모체 독성 보고.","","정상"
2132,"임부금기","단일",D000688,Ganirelix,"가니렐릭스","","[M249464]가니렐릭스아세트산염(가니렐릭스로서)","","용액주사제/유화주사제/용액용분말주사제/서방성현탁액용분말주사제/용액용동결건조분말주사제/현탁액용동결건조분말주사제/서방성현탁액용동결건조분말주사제/리포좀화현탁액용동결건조분말주사제/현탁액주사제/서방성현탁액성주사제","1등급",20081211,"""임부에 대한 안전성 미확립.
보조생식술을 실시할 경우 선천성기형 발생 가능성이 자연 임신에 비해서 높을 수 있음.
동물실험에서 태자흡수 보고.""","","정상"
2133,"임부금기","단일",D000072,Gatifloxacin,"가티플록사신","","[M257538]가티플록사신수화물","","정제","2등급",20081211,"""임부에 대한 안전성 미확립.
동물실험에서 태반무게와 태자 체중감소, 골화지연과 파형늑골 증가, 유산 발생 및 출산자수 등(출생자수, 출생률, 4일째 생존율)의 감소 보고.""","","정상"
2134,"임부금기","단일",D000074,Gefitinib,"게피티니브","","[M099313]게피티니브","","정제","2등급",20081211,"""임부에 대한 안전성 미확립.
동물실험에서 태자 체중감소, 생존 태자수 감소 및 출생자 조기 사망 보고.""","","정상"
2135,"임부금기","단일",D000366,Gemcitabine,"젬시타빈","","[M089424]염산젬시타빈/[M243857]젬시타빈염산염/[M243909]젬시타빈염산염/[M254894]젬시타빈염산염","","용액주사제/유화주사제/용액용분말주사제/서방성현탁액용분말주사제/용액용동결건조분말주사제/현탁액용동결건조분말주사제/서방성현탁액용동결건조분말주사제/리포좀화현탁액용동결건조분말주사제/현탁액주사제/서방성현탁액성주사제","2등급",20081211,"동물실험에서 최기형작용 및 태자 치사 작용 보고.","","정상"
2136,"임부금기","단일",D000076,Gemfibrozil,"겜피브로질","","[M081453]겜피브로질","","캡슐","2등급",20130712,"""동물실험에서 종양발생 보고.
태아독성 유발 가능성.""","","정상"
2137,"임부금기","단일",D000170,Gemifloxacin,"제미플록사신","","[A005170]제미플록사신","","정제/유화주사제/용액용분말주사제/서방성현탁액용분말주사제/용액용동결건조분말주사제/현탁액용동결건조분말주사제/서방성현탁액용동결건조분말주사제/리포좀화현탁액용동결건조분말주사제/현탁액주사제/서방성현탁액성주사제/용액주사제","2등급",20081211,"""임부에 대한 안전성 미확립.
동물실험에서 태자 성장지연, 모체독성 및 태자에서 뇌/안구기형(편측성 소안구증, 무안구증, 둥근 형태의 머리) 보고.""","경구","정상"
2138,"임부금기","단일",D000670,Gemigliptin,"제미글립틴","","[M254878]제미글립틴타르타르산염1.5수화물/[M263103]제미글립틴타르타르산염1.5수하물","","정제","2등급",20150520,"""임부에 대한 안전성 미확립.
동물실험에서 태반통과 보고.""","","정상"
2139,"임부금기","단일",D000075,Gentamicin,"겐타마이신","","[M020001]황산겐타마이신/[M202821]겐타마이신황산염","","용액주사제/유화주사제/용액용분말주사제/서방성현탁액용분말주사제/용액용동결건조분말주사제/현탁액용동결건조분말주사제/서방성현탁액용동결건조분말주사제/리포좀화현탁액용동결건조분말주사제/현탁액주사제/서방성현탁액성주사제/점안용액제/용액용점안분말제/현탁액점안제/안연고제/안겔/점안주사제/이식물","2등급",20081211,"""(주사)
신생아에 제8뇌신경장애(특히 비가역적 선천성 난청) 가능성.
(이식)
임부에 대한 안전성 미확립.
태반을 통과하여 치명적인 위해 가능성.""","","정상"
2140,"임부금기","단일",D000286,Glatiramer,"글라티라머","","[M095987]글라티라머아세테이트/[M257995]글라티라머아세트산염","","용액주사제/유화주사제/용액용분말주사제/서방성현탁액용분말주사제/용액용동결건조분말주사제/현탁액용동결건조분말주사제/서방성현탁액용동결건조분말주사제/리포좀화현탁액용동결건조분말주사제/현탁액주사제/서방성현탁액성주사제","2등급",20130712,"임부에 대한 안전성 미확립.","","정상"
2141,"임부금기","단일",D000690,Glibenclamide,"글리벤클라미드","","[M050102]글리벤클라미드","","정제","2등급",20081211,"""신생아에서 저혈당 또는 거대아 확인.
동물실험에서 기형발생 작용 보고.""","","정상"
2142,"임부금기","단일",D000600,Gliclazide,"글리클라지드","","[M099438]글리클라짓/[M222831]글리클라지드/[M258015]글리크라짓","","정제","2등급",20081211,"신생아에서 저혈당 또는 거대아 확인.","","정상"
2143,"임부금기","단일",D000392,Glimepiride,"글리메피리드","","[M086024]글리메피리드","","정제","2등급",20081211,"동물실험에서 고용량 투여시 상완골의 단축, 비후, 굴곡의 골격기형 보고.","","정상"
2144,"임부금기","단일",D000079,Glipizide,"글리피지드","","[M256618]글리피지드","","정제","2등급",20081211,"임부에 대한 안전성 미확립.","","정상"
2145,"임부금기","단일",D000077,Golimumab,"골리무맙","","[M255195]골리무맙(유전자재조합, 숙주 : Sp2/0-Ag14, 벡터 : p1860, p1865)/[M261592]골리무맙(유전자재조합, 숙주: Sp2/0-Ag14, 벡터: p1860, 1865)","","용액주사제/유화주사제/용액용분말주사제/서방성현탁액용분말주사제/용액용동결건조분말주사제/현탁액용동결건조분말주사제/서방성현탁액용동결건조분말주사제/리포좀화현탁액용동결건조분말주사제/현탁액주사제/서방성현탁액성주사제","2등급",20150520,"""임부에 대한 안전성 미확립.
동물실험에서 태반통과 보고.""","","정상"
2146,"임부금기","단일",D000272,Goserelin,"고세렐린","","[M090947]초산고세렐린","","용액주사제/유화주사제/용액용분말주사제/서방성현탁액용분말주사제/용액용동결건조분말주사제/현탁액용동결건조분말주사제/서방성현탁액용동결건조분말주사제/리포좀화현탁액용동결건조분말주사제/현탁액주사제/서방성현탁액성주사제","1등급",20081211,"""유산 또는 태아 이상의 위험(이론).
동물실험에서 착상전 임신 실패로 인한 배태아독성 보고.""","""2등급
(폐경전  유방암환자)
1등급
(자궁내막증/자궁내막축소증 환자)""","정상"
2147,"임부금기","단일",D000391,Griseofulvin,"그리세오풀빈","","[M020004]그리세오풀빈/[M104319]글리세오훌빈","","정제","2등급",20081211,"""유산, 기형아 출산 보고.
동물실험에서 태자독성, 기형발생 보고.""","","정상"
2148,"임부금기","단일",D000113,Haloperidol,"할로페리돌","","[M040766]할로페리돌/[M089302]할로페리돌데카노에이트","","정제/유화주사제/용액용분말주사제/서방성현탁액용분말주사제/용액용동결건조분말주사제/현탁액용동결건조분말주사제/서방성현탁액용동결건조분말주사제/리포좀화현탁액용동결건조분말주사제/현탁액주사제/서방성현탁액성주사제/용액주사제","2등급",20081211,"""기형 발생 의심증례 보고.
임신말기나 분만중 투여시 신생아에서 기면, 진전, 과흥분성 나타날 수 있음.
임신 3기에 복용시 신생아에서 추체외로장애, 금단증상(초조, 근육긴장항진 또는 저하, 진전 등) 보고.""","","정상"
2149,"임부금기","단일",D000214,Heptaplatin,"헵타플라틴","","[M089157]헵타플라틴","","용액주사제/유화주사제/용액용분말주사제/서방성현탁액용분말주사제/용액용동결건조분말주사제/현탁액용동결건조분말주사제/서방성현탁액용동결건조분말주사제/리포좀화현탁액용동결건조분말주사제/현탁액주사제/서방성현탁액성주사제","2등급",20081211,"동물실험에서 최기형성(내장, 골격기형 및 변이 등) 및 태자 사망수 증가 등 보고.","","정상"
2150,"임부금기","단일",D000625,Hydralazine,"히드랄라진","","[M223346]히드랄라진염산염","","정제/유화주사제/용액용분말주사제/서방성현탁액용분말주사제/용액용동결건조분말주사제/현탁액용동결건조분말주사제/서방성현탁액용동결건조분말주사제/리포좀화현탁액용동결건조분말주사제/현탁액주사제/서방성현탁액성주사제/용액주사제","2등급",20130712,"""동물실험에서 기형발생 보고.
신생자에서 혈소판감소 가능성.""","","정상"
2151,"임부금기","단일",D000522,Hydrocortisone,"히드로코르티손","","[M040818]히드로코르티손/[M101579]히드로코르티손/[M104049]호박산히드로코르티손나트륨/[M204310]하이드로코르티손/[M223350]히드로코르티손부티레이트/[M223352]히드로코르티손숙시네이트나트륨/[M223353]히드로코르티손아세테이트/[M257131]히드로코르티손발레레이트/[M261154]히드로코르티손프로부테이트","","정제/유화주사제/용액용분말주사제/서방성현탁액용분말주사제/용액용동결건조분말주사제/현탁액용동결건조분말주사제/서방성현탁액용동결건조분말주사제/리포좀화현탁액용동결건조분말주사제/현탁액주사제/서방성현탁액성주사제/용액주사제/좌제","2등급",20201228,"(정제, 주사제) 동물실험에서 기형발생 작용 보고. 태아의 성장지체, 언청이의 위험 등의 증가, 뇌성장 및 발달에 영향 가능성. 신생아에 부신부전증 유발 가능성/(좌제) 좌제로 투여 시 기타 국소제제에 비해 흡수율이 높아 태아에 스테로이드의 부적절한 영향 끼칠 수 있음","2013-07-12 정제,주사제에만 해당, 2020-12-28 좌제 포함, 2025-07-14 직장용 반고형제 포함","정상"
2152,"임부금기","단일",D000417,Hydroxychloroquine,"히드록시클로로퀸","","[M084124]황산히드록시클로로퀸/[M087341]히드록시클로로퀸설페이트/[M222909]히드록시클로로퀸황산염","","정제","2등급",20081211,"""유사화합물인 인산클로로퀸의 고용량 투여시 와우각손상 보고.
아미노퀴놀린 화합물의 이독성(청각, 전정독성, 선천성 귀머거리)을 포함한 중추신경계 손상, 망막출혈과 비정상적 망막색소와의 관련 보고.""","""2등급
(말라리아 치료시 제외)""","정상"
2153,"임부금기","단일",D000112,Hydroxyprogesterone,"하이드록시프로게스테론","","[M214026]하이드록시프로게스테론카프로에이트","","용액주사제/유화주사제/용액용분말주사제/서방성현탁액용분말주사제/용액용동결건조분말주사제/현탁액용동결건조분말주사제/서방성현탁액용동결건조분말주사제/리포좀화현탁액용동결건조분말주사제/현탁액주사제/서방성현탁액성주사제","1등급",20081211,"임부에 대한 안전성 미확립.","""1등급
(다만 황체기능부전에 의한 불임치료, 황체호르몬 부족으로 인한 유·조산 치료시 제외)""","정상"
2154,"임부금기","단일",D000416,Hydroxyurea,"히드록시우레아","","[M085397]히드록시우레아","","캡슐/과립제/서방성과립제/장용성과립제 /용액용과립제/현탁액용과립제/서방성현탁액용과립제/발포과립제/산제/용액용산제/현탁액용산제/세립/용액용세립제/현탁액용세립제","2등급",20081211,"""임부에 대한 안전성 미확립.
동물시험에서 기형유발 보고.""","","정상"
2155,"임부금기","단일",D000114,Hydroxyzine,"히드록시진","","[M223358]히드록시진염산염","","정제/액상시럽제/건조시럽용 과립제","2등급",20081211,"""신생아에서 근육긴장저하, 추체외로장애를 포함한 운동이상, 간대성운동, 중추신경계억제, 신생아저산소증, 뇨저류 등 보고.
동물실험에서 생식독성 보고.""","","정상"
2156,"임부금기","단일",D000668,"Ibandronic acid","이반드론산","","[M102556]이반드론산나트륨일수화물/[M256854]이반드론산나트륨수화물","","정제/유화주사제/용액용분말주사제/서방성현탁액용분말주사제/용액용동결건조분말주사제/현탁액용동결건조분말주사제/서방성현탁액용동결건조분말주사제/리포좀화현탁액용동결건조분말주사제/현탁액주사제/서방성현탁액성주사제/용액주사제","2등급",20130712,"""임부에 대한 안전성 미확립.
동물실험에서 생식독성 관찰됨.""","","정상"
2157,"임부금기","단일",D000264,"Ibritumomab Tiuxetan","이브리투모맙튜세탄","","[M102183]이브리투모맙튜세탄","","용액주사제/유화주사제/용액용분말주사제/서방성현탁액용분말주사제/용액용동결건조분말주사제/현탁액용동결건조분말주사제/서방성현탁액용동결건조분말주사제/리포좀화현탁액용동결건조분말주사제/현탁액주사제/서방성현탁액성주사제","2등급",20130523,"임부에 대한 안전성 미확립.","","정상"
2158,"임부금기","단일",D000363,Ibuprofen,"이부프로펜","","[M051259]이부프로펜/[M071015]이부프로펜리신/[M086772]이부프로펜제피세립/[M209277]이부프로펜아르기닌/[M246943]이부프로펜나트륨이수화물","","정제/캡슐/용액주사제/유화주사제/용액용분말주사제/서방성현탁액용분말주사제/용액용동결건조분말주사제/현탁액용동결건조분말주사제/서방성현탁액용동결건조분말주사제/리포좀화현탁액용동결건조분말주사제/현탁액주사제/서방성현탁액성주사제/좌제/산제/용액용산제/현탁액용산제/세립/용액용세립제/현탁액용세립제/과립제/서방성과립제/장용성과립제 /용액용과립제/현탁액용과립제/서방성현탁액용과립제/발포과립제/액상시럽제/건조시럽용 과립제/경구용현탁액제/점이제, 현탁액용산제/현탁액제용주사용용제/직장용현탁액제/일반현탁분무제/정량현탁분무제/이식용현탁액제/점이현탁액제/유제/틴크제/전제/침제/레모네이드제/방향수제/주정제/피부액제/피부리니멘트제/도료/샴푸/경구용액제/질세정액/관류제/점이액제/혈액항응고보존액제/밀폐제용용액제/장기보존용액제/주사/피부단자시험용용액/방광내적용용액/지지체가있는첩부제/지지체가없는첩부제/카타플라스마제/피부용겔제","2등급",20081211,"(경구, 주사)- 임부에 대한 안전성 미확립.- 임신 말기에 투여시 태아의 동맥관조기폐쇄 가능성.- 임신 약 20주 이후 비스테로이드성 소염제의 사용은 태아의 신기능 이상을 일으켜 양수 과소증 유발 가능 및 경우에 따라 신생아 신장애 발생 가능(외용)- 임신 후반기 투여 시 출산 지연,  출산 시 실혈, 신생아 출혈, 태아의 심폐독성(동맥관 조기폐쇄를 수반하는 폐고혈압), 신기능 저하로 양수과소증을 수반하는 신부전 발생 가능","겔제, 첩부제 포함","정상"
2159,"임부금기","단일",D000344,Idarubicin,"아이다루비신","","[M086779]염산아이다루비신/[M245157]아이다루비신염산염","","정제/캡슐/용액주사제/유화주사제/용액용분말주사제/서방성현탁액용분말주사제/용액용동결건조분말주사제/현탁액용동결건조분말주사제/서방성현탁액용동결건조분말주사제/리포좀화현탁액용동결건조분말주사제/현탁액주사제/서방성현탁액성주사제","2등급",20081211,"""임부에 대한 안전성 미확립.
동물실험에서 기형발생 및 태자독성 보고.""","","정상"
2160,"임부금기","단일",D000574,Ifosfamide,"이포스파마이드","","[M085777]이포스파마이드","","용액주사제/유화주사제/용액용분말주사제/서방성현탁액용분말주사제/용액용동결건조분말주사제/현탁액용동결건조분말주사제/서방성현탁액용동결건조분말주사제/리포좀화현탁액용동결건조분말주사제/현탁액주사제/서방성현탁액성주사제","2등급",20081211,"동물실험에서 유전독성 보고.","","정상"
2161,"임부금기","단일",D000472,Iguratimod,"이그라티모드","","[M257333]이그라티모드","","정제","2등급",20150520,"IgG 항체는 태반 통과, 임신 중에 이 항체를 투여 받은 환자에서 태어난 영아의 정상면역반응에 영향을 미쳐 최대 6개월까지 감염 위험 증가 가능성.","","정상"
2162,"임부금기","단일",D000168,Ilaprazole,"일라프라졸","","[M243753]일라프라졸/[M245218]일라프라졸","","정제","2등급",20150520,"동물실험에서 태자독성 보고.","","정상"
2163,"임부금기","단일",D000578,Iloprost,"일로프로스트","","[M102071]일로프로스트","","정량흡입제, 용액제/정량흡입제, 현탁액제/정량흡입제, 분말제/흡입제, 미분류","2등급",20130712,"""임부에 대한 안전성 미확립.
동물실험에서 골격이형(불완전 골화와 앞발의 짧은 발가락) 및 태자배아흡착 증가 보고.""","","정상"
2164,"임부금기","단일",D000162,Imatinib,"이매티닙","","[M253530]이매티닙메실산염","","정제","2등급",20081211,"""임부에 대한 안전성 미확립.
동물시험에서 최기형성(뇌탈출, 뇌헤르니아 등) 및 태아소실 보고.""","","정상"
2165,"임부금기","단일",D000047,Imidafenacin,"이미다페나신","","[M245357]이미다페나신","","정제","2등급",20150520,"""임부에 대한 안전성 미확립.
동물실험에서 태아로의 이행 보고.""","","정상"
2166,"임부금기","단일",D000570,Imidapril,"이미다프릴","","[M050664]염산이미다프릴/[M244241]이미다프릴염산염/[M244242]이미다프릴염산염/[M244244]이미다프릴염산염/[M244245]이미다프릴염산염/[M244246]이미다프릴염산염/[M244248]이미다프릴염산염/[M244252]이미다프릴염산염/[M244307]이미다프릴염산염/[M244308]이미다프릴염산염/[M244310]이미다프릴염산염","","정제","2등급",20081211,"임신 중기 및 말기에 ACE 저해제 투여시 양수과소증, 태아 및 신생아 사망, 신생아 저혈압, 신부전, 고칼륨혈증, 두개형성부진, 양수과소증에 의한 것으로 추측되는 사지의 구축, 두개안면변형 가능성.","","정상"
2167,"임부금기","단일",D000136,Imidazole,"이미다졸","","[M259636]살리실산이미다졸","","정제/캡슐","2등급",20121121,"""임부에 대한 안전성 미확립.
임신 말기에 투여시 태아의 동맥관조기폐쇄 가능성.
동물실험에서 난산발생빈도 증가, 분만지연, 태아 생존율 감소 보고.""","경구","정상"
2168,"임부금기","단일",D000362,Imipramine,"이미프라민","","[M223168]이미프라민염산염","","정제","2등급",20121213,"동물실험에서 최대 임상노출보다는 낮은 정도의 전신노출수준(AUC)에서 생식독성 나타냄. 임신말기에 복용시 신생아 중단증후군 발생 가능성.","","정상"
2169,"임부금기","단일",D000166,Indacaterol,"인다카테롤","","[M250690]인다카테롤말레산염","","정량흡입제, 용액제/정량흡입제, 현탁액제/정량흡입제, 분말제/흡입제, 미분류","2등급",20150520,"""임부에 대한 안전성 미확립. 
동물실험에서 한 개의 특정 골격변이 건수 증가와 관련된 생식독성 보고.""","","정상"
2170,"임부금기","단일",D000575,Indometacin,"인도메타신","","[M040508]인도메타신","","캡슐/유화주사제/용액용분말주사제/서방성현탁액용분말주사제/용액용동결건조분말주사제/현탁액용동결건조분말주사제/서방성현탁액용동결건조분말주사제/리포좀화현탁액용동결건조분말주사제/현탁액주사제/서방성현탁액성주사제/용액주사제/산제/용액용산제/현탁액용산제/세립/용액용세립제/현탁액용세립제","2등급",20081211,"""(경구)
임신말기에 투여시 태아순환지속증, 태아의 동맥관수축, 동맥관개존증, 양수과소/과다증, 태아 신부전, 태아장천공 및 조기출산한 신생아에서 괴사성 장염 보고.
동물실험에서 기형, 난산발생 증가, 분만지연, 태자 생존율 감소 보고.
(주사)
동물실험에서 임신기 마지막 3일간 투여시 모체와 태자 사망, 출생자에서는 간뇌 신경괴사의 발생빈도 증가 및 임신 3기에 투여시 출생자의 폐혈관수 감소, 폐혈관근육 과도생성 보고.""","","정상"
2171,"임부금기","단일",D000577,Insulin,"인슐린","","[I009385]인슐린글라진/[M040516]인슐린/[M084136]휴먼인슐린/[M097114]인슐린아스파트/[M103150]인슐린아스파트(숙주:Saccharomyces Cerevisiae MT663 벡터:pJB115)/[M104394]인슐린글루리신(유전자재조합)(숙주:E.coli K12 I35, 벡터:pINT 362d)/[M106067]휴먼인슐린(숙주:E.coli K12RV308,벡터:pHI7△4△1)/[M201508]인슐린글라진(유전자재조합)/[M234098]인슐린아스파트(숙주: Saccharomyces Cerevisiae MT663, 벡터: pAK1214)/[M247394]휴먼인슐린(유전자재조합)(숙주 :E.coli K12 RV308,벡터: pHI7Δ4Δ1)/[M250187]휴먼인슐린(유전자재조합)(숙주:E.coli K12RV308,벡터:pHI7△4△1)/[M251028]인슐린라이스프로(숙주:EㆍcoliㆍK12RV308,벡터:pHKY694)/[M252003]휴먼인슐린(숙주:S. Cerevisiae, 벡터: pAK729.6.16-△amp)/[M253720]인슐린디터머(숙주:S. Cerevisiae, 벡터: pAK729.6.16-△amp)/[M259097]인슐린데글루덱","","용액주사제/유화주사제/용액용분말주사제/서방성현탁액용분말주사제/용액용동결건조분말주사제/현탁액용동결건조분말주사제/서방성현탁액용동결건조분말주사제/리포좀화현탁액용동결건조분말주사제/현탁액주사제/서방성현탁액성주사제","2등급",20121121,"임부에 대한 안전성 미확립.","인슐린 데글루덱 (Insulin Degludec), 인슐린 데글루덱/아스파트 (Insulin Degludec/Aspart) 고시일자 2016-01-29","정상"
2172,"임부금기","단일",D000167,"Interferon Beta-1a","인터페론베타-1a","","[M089875]재조합인간인터페론베타-la/[M102523]인터페론베타-1a(유전자재조합)(숙주:CHO(DG44),벡터:pMSG-hIFNβ)/[M246218]인터페론베타-1a/[M264255]페그인터페론베타-1a","","용액주사제/유화주사제/용액용분말주사제/서방성현탁액용분말주사제/용액용동결건조분말주사제/현탁액용동결건조분말주사제/서방성현탁액용동결건조분말주사제/리포좀화현탁액용동결건조분말주사제/현탁액주사제/서방성현탁액성주사제","2등급",20140915,"Interferon beta-1a:자연유산 위험 증가 보고.
Interferon beta-1b:""대조임상시험에서 자연유산 보고.
동물실험에서 배아독성, 고용량에서 유산 증가 보고.""","","정상"
2173,"임부금기","단일",D000743,"Interleukin-2, Aldesleukin","알데스류킨","","[M088553]알데스류킨","","용액주사제/유화주사제/용액용분말주사제/서방성현탁액용분말주사제/용액용동결건조분말주사제/현탁액용동결건조분말주사제/서방성현탁액용동결건조분말주사제/리포좀화현탁액용동결건조분말주사제/현탁액주사제/서방성현탁액성주사제","2등급",20130523,"임부에 대한 안전성 미확립.","","정상"
2174,"임부금기","단일",D000269,"Ipragliflozin L-proline","이프라글리플로진L-프롤린","","[M260268]이프라글리플로진L-프롤린","","정제","2등급",20160129,"""임부에 대한 안전성 미확립
동물실험에서 신우 및 신세뇨관의 확장 보고""","","정상"
2175,"임부금기","단일",D000046,Irbesartan,"이르베사르탄","","[I004994]이르베사르탄/[M092285]이베사탄/[M251853]이르베사르탄/[M255988]이르베사탄","","정제","2등급",20081211,"임신 2기 및 3기에 ACE 저해제 투여시 태아 위해 및 사망 보고.","","정상"
2176,"임부금기","단일",D000161,Irinotecan,"이리노테칸","","[M090705]염산이리노테칸/[M234818]이리노테칸염산염","","용액주사제/유화주사제/용액용분말주사제/서방성현탁액용분말주사제/용액용동결건조분말주사제/현탁액용동결건조분말주사제/서방성현탁액용동결건조분말주사제/리포좀화현탁액용동결건조분말주사제/현탁액주사제/서방성현탁액성주사제","2등급",20081211,"""임부에 대한 안전성 미확립.
동물시험에서 최기형성(외표이상, 내장기형 및 골격기형 등) 및 착상후 손실 증가와 생존 태자수 감소의 독성 보고.""","","정상"
2177,"임부금기","단일",D000163,Isoflurane,"이소플루란","","[M081578]이소플루란","","경구용현탁액제/점이제, 현탁액용산제/현탁액제용주사용용제/직장용현탁액제/일반현탁분무제/정량현탁분무제/이식용현탁액제/점이현탁액제/유제/틴크제/전제/침제/레모네이드제/방향수제/주정제/피부액제/피부리니멘트제/도료/샴푸/경구용액제/질세정액/관류제/점이액제/혈액항응고보존액제/밀폐제용용액제/장기보존용액제/주사/피부단자시험용용액/방광내적용용액/정량흡입제, 용액제/정량흡입제, 현탁액제/정량흡입제, 분말제/흡입제, 미분류","2등급",20140915,"동물실험에서 과량투여시 배아독성 가능성 보고.","","정상"
2178,"임부금기","단일",D000266,"Unoprostone Isopropyl","이소프로필우노프로스톤","","[M094171]이소프로필우노프로스톤","","점안용액제/용액용점안분말제","2등급",20081211,"""임부에 대한 안전성 미확립.
동물실험에서 고용량 투여시 유조산 증가경향 보고.""","","정상"
2180,"임부금기","단일",D000758,Isotretinoin,"이소트레티노인","","[M088250]이소트레티노인","","캡슐","1등급",20081211,"""(경구)
최기형성이 높음.","","정상"
2179,"임부금기","단일",D000572,Isosorbide,"이소소르비드","","[M052004]희석질산이소소르비드/[M070427]질산이소소르비드/염화나트륨/[M081164]지속성질산이소소르비드펠렛/[M083257]이소소르비드5모노니트레이트90%/[M083258]이소소르비드5모노니트레이트/[M085624]5-일질산이소소르비드20%/[M087418]5-일질산이소소르비드90%/[M088245]이소소르비드5모노니트레이트서방소립구/[M098218]이소소르비드5모노니트레이트몬탄글리콜왁스혼합물40%/[M223173]이소소르비드질산염/[M224417]이소소르비드액/[M227281]이소소르비드/[M227641]이소소르비드농축액/[M229255]지속성 질산이소소르비드펠렛/[M230818]희질산이소소르비드(25%)/[M232513]희석이소소르비드질산염/[M246194]이소소르비드-5-모노니트레이트90%/[M246508]희석이소소르비드질산염(40%)/[M250379]묽은이소소르비드이질산염/[M250785]이소소르비드질산염 제피과립/[M255262]이소소르비드디니트레이트·염화나트륨/[M256312]이소소르비드이질산염-염화나트륨/[M256917]이소소르비드일질산염90%/[M257095]이소소르비드일질산염/[M258776]묽은이소소르비드일질산염/[M259305]이소소르비드이질산염지속과립","","정제/캡슐/용액주사제/유화주사제/용액용분말주사제/서방성현탁액용분말주사제/용액용동결건조분말주사제/현탁액용동결건조분말주사제/서방성현탁액용동결건조분말주사제/리포좀화현탁액용동결건조분말주사제/현탁액주사제/서방성현탁액성주사제/일반액상분무제/정량액상분무제/일반분말분무제/정량분말분무제/정량흡입제, 용액제/정량흡입제, 현탁액제/정량흡입제, 분말제/흡입제, 미분류","2등급",20130712,"임부에 대한 안전성 미확립.","","정상"
2181,"임부금기","단일",D000164,Isradipine,"이스라디핀","","[M083934]이스라디핀","","캡슐","2등급",20130712,"임부에 대한 안전성 미확립.","","정상"
2182,"임부금기","단일",D000762,Itraconazole,"이트라코나졸","","[M083733]이트라코나졸제피과립/[M083734]이트라코나졸/[M092870]이트라코나졸고체분산체/[M201487]이트라코나졸고체분산/[M201624]제피이트라코나졸과립","","정제/캡슐/용액주사제/유화주사제/용액용분말주사제/서방성현탁액용분말주사제/용액용동결건조분말주사제/현탁액용동결건조분말주사제/서방성현탁액용동결건조분말주사제/리포좀화현탁액용동결건조분말주사제/현탁액주사제/서방성현탁액성주사제/과립제/서방성과립제/장용성과립제 /용액용과립제/현탁액용과립제/서방성현탁액용과립제/발포과립제/산제/용액용산제/현탁액용산제/세립/용액용세립제/현탁액용세립제/경구용현탁액제/점이제, 현탁액용산제/현탁액제용주사용용제/직장용현탁액제/일반현탁분무제/정량현탁분무제/이식용현탁액제/점이현탁액제/유제/틴크제/전제/침제/레모네이드제/방향수제/주정제/피부액제/피부리니멘트제/도료/샴푸/경구용액제/질세정액/관류제/점이액제/혈액항응고보존액제/밀폐제용용액제/장기보존용액제/주사/피부단자시험용용액/방광내적용용액","2등급",20081211,"""임부에 대한 안전성 미확립.
동물실험에서 고용량 투여시 태자 기형발생 증가, 배자독성 유발됨.""","","정상"
2183,"임부금기","단일",D000571,Ivabradine,"이바브라딘","","[M245775]이바브라딘염산염","","정제","2등급",20140915,"""임부에 대한 안전성 미확립.
동물실험에서 배태자독성 및 최기형성 효과 나타남.""","","정상"
2184,"임부금기","단일",D000050,Kanamycin,"카나마이신","","[M203826]카나마이신황산염","","용액주사제/유화주사제/용액용분말주사제/서방성현탁액용분말주사제/용액용동결건조분말주사제/현탁액용동결건조분말주사제/서방성현탁액용동결건조분말주사제/리포좀화현탁액용동결건조분말주사제/현탁액주사제/서방성현탁액성주사제","2등급",20081211,"신생아에 제8뇌신경장애 가능성.","","정상"
2185,"임부금기","단일",D000769,Ketoconazole,"케토코나졸","","[M080618]케토코나졸","","정제","2등급",20130712,"""동물실험에서 고용량 투여시 기형발생(합지증, 핍지증) 보고.
임신 첫 3분기에 노출된 태아에서 사지결손 보고.""","","정상"
2186,"임부금기","단일",D000672,Ketoprofen,"케토프로펜","","[M051464]케토프로펜/[M081361]케토프로펜리신","","정제/캡슐/용액주사제/유화주사제/용액용분말주사제/서방성현탁액용분말주사제/용액용동결건조분말주사제/현탁액용동결건조분말주사제/서방성현탁액용동결건조분말주사제/리포좀화현탁액용동결건조분말주사제/현탁액주사제/서방성현탁액성주사제/산제/용액용산제/현탁액용산제/세립/용액용세립제/현탁액용세립제","2등급",20081211,"""임부에 대한 안전성 미확립.
임신 후기에 투여시 태아순환지속증과 태아 신부전 발생 보고 및 출혈시간 연장 가능성.
임신 말기에 투여시 태아 동맥관조기폐쇄 가능성.
동물실험에서 동맥혈관수축, 심폐와 신장독성 발생, 난산발생빈도 증가, 분만지연, 태아 생존율 감소 보고.""","","정상"
2187,"임부금기","단일",D000274,Ketorolac,"케토롤락","","[M084703]케토롤락트로메타민/[M222885]케토롤락트로메타민염","","정제/유화주사제/용액용분말주사제/서방성현탁액용분말주사제/용액용동결건조분말주사제/현탁액용동결건조분말주사제/서방성현탁액용동결건조분말주사제/리포좀화현탁액용동결건조분말주사제/현탁액주사제/서방성현탁액성주사제/용액주사제","2등급",20081211,"""임부에 대한 안전성 미확립.
임신 말기에 투여시 태아의 동맥관조기폐쇄 가능성.
동물실험에서 난산발생빈도 증가, 분만지연, 태아 생존율 감소 보고.""","","정상"
2188,"임부금기","단일",D000399,Lacidipine,"라시디핀","","[M090313]라시디핀","","정제","2등급",20081211,"""임부에 대한 안전성 미확립.
동물 실험에서 고용량 투여시 착상 전후의 유실이나 골화지연 보고.""","","정상"
2189,"임부금기","단일",D000205,Lacosamide,"라코사미드","","[M250562]라코사미드","","정제/유화주사제/용액용분말주사제/서방성현탁액용분말주사제/용액용동결건조분말주사제/현탁액용동결건조분말주사제/서방성현탁액용동결건조분말주사제/리포좀화현탁액용동결건조분말주사제/현탁액주사제/서방성현탁액성주사제/용액주사제/액상시럽제/건조시럽용 과립제","2등급",20150520,"""임부에 대한 안전성 미확립. 
동물실험에서 모체 독성량에서 배아독성 보고.""","","정상"
2190,"임부금기","단일",D000300,Lamotrigine,"라모트리진","","[M085586]라모트리진","","정제","2등급",20081211,"""임부에 대한 안전성 미확립.
동물실험에서 골격연화, 늑골장애, 태아 체중감소, 임신기간 연장, 새끼 수 감소, 사산, 수유기동안 새끼의 생존율 감소 보고.""","","정상"
2191,"임부금기","단일",D000400,Lanreotide,"란레오티드","","[M258014]란레오티드","","용액주사제/유화주사제/용액용분말주사제/서방성현탁액용분말주사제/용액용동결건조분말주사제/현탁액용동결건조분말주사제/서방성현탁액용동결건조분말주사제/리포좀화현탁액용동결건조분말주사제/현탁액주사제/서방성현탁액성주사제","2등급",20081211,"임부에 대한 안전성 미확립.","","정상"
2192,"임부금기","단일",D000791,Lapatinib,"라파티닙","","[M215173]라파티닙 디토실레이트","","정제","2등급",20081211,"""임부에 대한 안전성 미확립.
동물실험에서 고용량 투여시 출생자 조기사망 보고.""","","정상"
2193,"임부금기","단일",D000562,Asparaginase,"엘아스파라기나제","","[M093691]엘아스파라기나제/[M207920]엘-아스파라기나제","","용액주사제/유화주사제/용액용분말주사제/서방성현탁액용분말주사제/용액용동결건조분말주사제/현탁액용동결건조분말주사제/서방성현탁액용동결건조분말주사제/리포좀화현탁액용동결건조분말주사제/현탁액주사제/서방성현탁액성주사제","2등급",20081211,"동물실험에서 최기형 작용 보고.","","정상"
2194,"임부금기","단일",D000217,Leflunomide,"레플루노미드","","[M089728]레프루노미드/[M200402]레플루노미드","","정제","1등급",20081211,"동물실험에서 태아 사망 및 최기형성 효과 유발 보고.","","정상"
2195,"임부금기","단일",D000509,Lenalidomide,"레날리도마이드","","[M248274]레날리도마이드/[M251765]레날리도마이드반수화물/[M263493]레날리도마이드수화물","","캡슐","1등급",20130523,"""임부에 대한 안전성 미확립.
동물실험에서 사지기형 및 배태아독성 보고.""","","정상"
2196,"임부금기","단일",D000616,Lercanidipine,"레르카니디핀","","[M100654]염산레르카니디핀/[M241001]레르카니디핀염산염/[M250577]레르카니디핀염산염/[M255716]레르카티디핀염산염","","정제","2등급",20081211,"""임부에 대한 안전성 미확립.
동물실험에서 고용량 투여시 태자 사망률 증가, 태자 체중감소, 내장이상(신우 및 뇨관 확장) 및 설골의 불완전환 골화증가, 신생자의 사망률 증가 등 보고.""","","정상"
2197,"임부금기","단일",D000096,Letrozole,"레트로졸","","[M088635]레트로졸","","정제","1등급",20081211,"""임부에 대한 안전성 미확립.
동물실험에서 태자 기형발생 증가 보고.""","","정상"
2198,"임부금기","단일",D000116,Leuprorelin,"류프로렐린","","[M239038]류프로렐린아세트산염","","용액주사제/유화주사제/용액용분말주사제/서방성현탁액용분말주사제/용액용동결건조분말주사제/현탁액용동결건조분말주사제/서방성현탁액용동결건조분말주사제/리포좀화현탁액용동결건조분말주사제/현탁액주사제/서방성현탁액성주사제","1등급",20081211,"""임부에 대한 안전성 미확립.
동물실험에서 최고용량 투여시 태자 사망률 증가 및 태자 체중감소 보고.""","""2등급
(폐경전  유방암환자)
1등급
(자궁내막증/자궁내막축소증 환자)""","정상"
2199,"임부금기","단일",D000510,Levetiracetam,"레비티라세탐","","[M096537]레비티라세탐","","정제/유화주사제/용액용분말주사제/서방성현탁액용분말주사제/용액용동결건조분말주사제/현탁액용동결건조분말주사제/서방성현탁액용동결건조분말주사제/리포좀화현탁액용동결건조분말주사제/현탁액주사제/서방성현탁액성주사제/용액주사제/경구용현탁액제/점이제, 현탁액용산제/현탁액제용주사용용제/직장용현탁액제/일반현탁분무제/정량현탁분무제/이식용현탁액제/점이현탁액제/유제/틴크제/전제/침제/레모네이드제/방향수제/주정제/피부액제/피부리니멘트제/도료/샴푸/경구용액제/질세정액/관류제/점이액제/혈액항응고보존액제/밀폐제용용액제/장기보존용액제/주사/피부단자시험용용액/방광내적용용액","2등급",20160129,"임부에 투여시 최기형성 위험을 완전히 배제할 수 없음. 동물시험에서 생식독성(인체 치료용량과 유사하거나 그 이상의 용량에서 태아 골격이상, 태아기형 발현률 증가) 보고","","정상"
2200,"임부금기","단일",D000302,Levodopa,"레보도파","","[M040122]레보도파","","정제/캡슐/겔","2등급",20130712,"동물실험에서 내장, 골격기형 발생 보고.","","정상"
2201,"임부금기","단일",D000793,Levofloxacin,"레보플록사신","","[M085584]레보플록사신/[M088567]레보플록사신수화물/[M251128]레보플록사신수화물","","정제/유화주사제/용액용분말주사제/서방성현탁액용분말주사제/용액용동결건조분말주사제/현탁액용동결건조분말주사제/서방성현탁액용동결건조분말주사제/리포좀화현탁액용동결건조분말주사제/현탁액주사제/서방성현탁액성주사제/용액주사제","2등급",20081211,"임부에 대한 안전성 미확립.","","정상"
2202,"임부금기","단일",D000792,Levomepromazine,"레보메프로마진","","[M222988]레보메프로마진말레산염","","정제","2등급",20120925,"""동물실험에서 태자독성(대량 투여시 태자사망 등) 보고. 페노티아진계(클로르프로마진) 투여시 신생아 진전 보고.
임신 3기에 투여시 신생아에게 추체외로장애, 금단증상 보고.""","","정상"
2203,"임부금기","단일",D000617,Levonorgestrel,"레보노르게스트렐","","[M095487]레보노르게스트렐","","이식물","1등급",20081211,"""(자궁내시스템)
유산 및 조기분만의 위험성 증가. 태아의 남성화 효과 가능성.""","","정상"
2204,"임부금기","단일",D000312,Limaprost,"리마프로스트","","[I009919]리마프로스트알파덱스/[M084676]리마프로스트알파-시클로덱스트린포접화합물/[M214404]리마프로스트알파덱스/[M214600]리마프로스트 α-시클로덱스트린포접화합물/[M263867]리마프로스트","","정제","1등급",20081211,"""임부에 대한 안전성 미확립.
동물실험에서 자궁수축 작용 보고.""","","정상"
2205,"임부금기","단일",D000117,Linagliptin,"리나글립틴","","[M252996]리나글립틴","","정제","2등급",20121121,"임부에 대한 안전성 미확립.","","정상"
2207,"임부금기","단일",D000528,Lisinopril,"리시노프릴","","[M023167]리시노프릴/[M102017]리시노프릴이수화물/[M222843]리시노프릴수화물","","정제","2등급",20081211,"""임신 제2 및 3기에 ACE 저해제 투여시 태아 및 신생아에 저혈압, 고칼륨혈증, 신생아 두골형성부전, 양수과소증(태아사지경축, 두개안면변형, 폐발육형성부전과 관련), 무뇨, 신부전 및 사망 가능성.
임신 제1기에 임부에 대한 안전성 미확립.""","경구","정상"
2208,"임부금기","단일",D000059,"Lithium Carbonate","탄산리튬","","[M040628]탄산리튬","","정제","2등급",20081211,"동물실험에서 기형발생, 사람에서 심장기형의 발현빈도 증가 보고.","","정상"
2209,"임부금기","단일",D000118,Lixisenatide,"릭시세나티드","","[I012607]릭시세나티드","","용액주사제/유화주사제/용액용분말주사제/서방성현탁액용분말주사제/용액용동결건조분말주사제/현탁액용동결건조분말주사제/서방성현탁액용동결건조분말주사제/리포좀화현탁액용동결건조분말주사제/현탁액주사제/서방성현탁액성주사제","2등급",20160129,"""임부에 대한 안전성 미확립
동물실험에서 생식독성 보고""","","정상"
2210,"임부금기","단일",D000420,Lobeglitazone,"로베글리타존","","[M255019]로베글리타존황산염/[M255021]로베글리타존황산염","","정제","2등급",20150520,"""임부에 대한 안전성 미확립. 
동물실험에서 고용량 투여시 배자독성(태자 사망수, 착상후 배자 사망률 증가, 태자 체중감소 등), 심장중량 증가, 형태분화지연 보고.""","","정상"
2211,"임부금기","단일",D000523,Lomefloxacin,"로메플록사신","","[M084914]염산로메플록사신/[M229183]로메플록사신염산염","","정제","2등급",20081211,"임부에 대한 안전성 미확립.","","정상"
2212,"임부금기","복합",D000626,Lopinavir,"로피나비르","[D000712]Ritonavir(리토나비르)","[M259361]로피나비르/[M259362]리토나비르","","정제","2등급",20150520,"""임부에 대한 안전성 미확립.
랫드에서 발생독성(초기 재흡수, 태자 생존율 감소, 태자 체중감소, 골격변이 및 골격골화지연의 발생율 증가) 및 발달독성 보고.""","","삭제"
2213,"임부금기","단일",D000218,Lorazepam,"로라제팜","","[M088374]로라제팜","","정제/유화주사제/용액용분말주사제/서방성현탁액용분말주사제/용액용동결건조분말주사제/현탁액용동결건조분말주사제/서방성현탁액용동결건조분말주사제/리포좀화현탁액용동결건조분말주사제/현탁액주사제/서방성현탁액성주사제/용액주사제","2등급",20121213,"벤조디아제핀계 약물의 최기형성 사례(대조군에 비해 높음), 신생아 포유곤란, 근긴장저하, 졸음, 황달 증가 및 분만전 연용시 신생아 금단증상(신경과민, 진전, 과다긴장 등) 보고.","","정상"
2214,"임부금기","단일",D000115,Lornoxicam,"로녹시캄","","[M088931]로녹시캄","","정제/유화주사제/용액용분말주사제/서방성현탁액용분말주사제/용액용동결건조분말주사제/현탁액용동결건조분말주사제/서방성현탁액용동결건조분말주사제/리포좀화현탁액용동결건조분말주사제/현탁액주사제/서방성현탁액성주사제/용액주사제","2등급",20081211,"""임부에 대한 안전성 미확립.
임신 말기에 투여시 태아의 동맥관조기폐쇄 가능성.
동물실험에서 난산발생빈도 증가, 분만지연, 태아 생존율 감소 보고.""","","정상"
2215,"임부금기","단일",D000220,Losartan,"로사르탄","","[M086307]로자탄칼륨/[M201944]포타슘로사탄/[M248335]로자탄칼륨/[M249673]로사르탄칼륨/[M255575]로사르탄칼륨(로자탄으로서 45.8mg)/[M257973]로사르탄칼슘/[M259810]로자르탄칼륨/[M260076]로사르탄칼륨(로사르탄으로서45.8mg)","","정제","2등급",20081211,"""임신 제 2~3기에 ACE 저해제 투여시 태아와 신생아의 저혈압, 고칼륨혈증, 신생아 두개골발육부전, 무뇨증, 신부전, 자궁내 성장지체, 양수과소증(사지구축, 두개안면기형, 폐발육부전과 관련) 및 사망 등 보고.
임신 1기에 투여시 출생결함의 잠재적 위험과 관련됨.""","","정상"
2216,"임부금기","단일",D000221,"Loteprednol Etabonate","로테프레드놀 에타보네이트","","[M245318]로테프레드놀 에타보네이트","","점안용액제/용액용점안분말제/현탁액점안제/안연고제/안겔/점안주사제","2등급",20150520,"동물실험에서 모체독성을 유발하지 않는 용량에서 배독성(골화지연)과 최기형성(수막류, 비정상적 좌총경동맥, 사지 굴곡의 발현 증가) 보고, 모체독성 투여요법에서 최기형성(배꼽 탈장)과 배독성(태아 출생 체중감소) 보고.","","정상"
2217,"임부금기","단일",D000419,Lovastatin,"로바스타틴","","[M083392]로바스타틴","","정제","1등급",20081211,"태아 발육에 필수적인 콜레스테롤의 생합성 감소 가능성.","","정상"
2218,"임부금기","단일",D000525,Loxoprofen,"록소프로펜","","[M085577]록소프로펜나트륨/[M222839]록소프로펜나트륨수화물/[M259736]록소푸로펜나트륨수화물","","정제/유화주사제/용액용분말주사제/서방성현탁액용분말주사제/용액용동결건조분말주사제/현탁액용동결건조분말주사제/서방성현탁액용동결건조분말주사제/리포좀화현탁액용동결건조분말주사제/현탁액주사제/서방성현탁액성주사제/용액주사제","2등급",20081211,"""임부에 대한 안전성 미확립.
임신 말기에 투여시 태아의 동맥관조기폐쇄 가능성.
동물실험에서 난산발생빈도 증가, 분만지연, 태아 생존율 감소 보고.""","","정상"
2219,"임부금기","단일",D000663,"Live, attenuated, Yellow Fever virus 17D","약독 황열 생바이러스 17D(AB237주)","","[M252482]약독 황열 생바이러스 17D(AB237주)","","용액주사제/유화주사제/용액용분말주사제/서방성현탁액용분말주사제/용액용동결건조분말주사제/현탁액용동결건조분말주사제/서방성현탁액용동결건조분말주사제/리포좀화현탁액용동결건조분말주사제/현탁액주사제/서방성현탁액성주사제","2등급",20150520,"임부에 대한 안전성 미확립.","","정상"
2220,"임부금기","단일",D000840,Zuclopenthixol,"주클로펜틱솔","","[M081151]클로펜틱솔","","정제","2등급",20130523,"""임부에 대한 안전성 미확립.
임신말기나 분만중 복용시 신생아에서 기면, 진전, 과흥분성 가능성.
동물실험에서 태자사망, 유산, 조산 등의 태자독성 보고.""","","정상"
2221,"임부금기","단일",D000369,Zotepine,"죠테핀","","[M086840]죠테핀","","정제","2등급",20120925,"동물실험에서 신생자의 사망률 증가 보고.","경구","정상"
2222,"임부금기","단일",D000473,Zonisamide,"조니사미드","","[M095934]조니사미드","","정제","2등급",20140915,"""동물실험에서 최기형성 보고.
심실사이막결손, 심방사이막결손 및 호흡기계이상 보고.""","","정상"
2223,"임부금기","단일",D000171,Zolmitriptan,"졸미트립탄","","[M090949]졸미트립탄","","정제","2등급",20121121,"""임부에 대한 안전성 미확립.
태아의 생명력 저하로 볼 수 있는 경우 보고.""","","정상"
2224,"임부금기","단일",D000368,"Zoledronic acid","졸레드론산","","[M253522]졸레드론산일수화물/[M253537]졸레드론산삼수화물","","용액주사제/유화주사제/용액용분말주사제/서방성현탁액용분말주사제/용액용동결건조분말주사제/현탁액용동결건조분말주사제/서방성현탁액용동결건조분말주사제/리포좀화현탁액용동결건조분말주사제/현탁액주사제/서방성현탁액성주사제","2등급",20130712,"동물실험에서 최기형성, 모체독성 보고.","","정상"
2225,"임부금기","단일",D000367,"Zofenopril Calcium","조페노프릴칼슘","","[M216353]조페노프릴칼슘","","정제","2등급",20081211,"","","정상"
2226,"임부금기","단일",D000173,Ziprasidone,"지프라시돈","","[M251493]지프라시돈염산염 일수화물","","캡슐/산제/용액용산제/현탁액용산제/세립/용액용세립제/현탁액용세립제","2등급",20120925,"""임부에 대한 안전성 미확립.
임신 3기에 투여시 신생아에서 추체외로장애, 금단증상(초조, 근육긴장항진 또는 저하, 진전 등) 보고.""","","정상"
2227,"임부금기","단일",D000766,Zaltoprofen,"잘토프로펜","","[M086829]잘토프로펜","","정제","2등급",20121121,"""임부에 대한 안전성 미확립.
임신 말기에 투여시 태아의 동맥관조기폐쇄 가능성.
동물실험에서 동맥관수축, 난산발생빈도 증가, 분만지연, 태아 생존율 감소 보고.""","","정상"
2228,"임부금기","단일",D000567,Warfarin,"와파린","","[M081434]와파린나트륨","","정제","1등급",20081211,"태아의 출혈 또는 자궁내 사망, 형성부전 및 점상 연골 발육부전 등 선천성 기형 초래 보고.","","정상"
2229,"임부금기","단일",D000639,Vorinostat,"보리노스타트","","[M254253]보리노스타트","","캡슐","2등급",20130523,"""임부에 대한 안전성 미확립.
동물실험에서 생존 태자의 평균 체중감소, 두개골·흉부척추골·흉골분절·기타 각종 뼈 부위(경부늑골, 과잉늑골, 척추 뼈 개수, 엉치뼈 변형)의 골화 미완성 및 용량의존적 담낭형성기형 보고.""","","정상"
2230,"임부금기","단일",D000443,Voriconazole,"보리코나졸","","[I005813]보리코나졸/[M102252]보리코나졸","","정제/유화주사제/용액용분말주사제/서방성현탁액용분말주사제/용액용동결건조분말주사제/현탁액용동결건조분말주사제/서방성현탁액용동결건조분말주사제/리포좀화현탁액용동결건조분말주사제/현탁액주사제/서방성현탁액성주사제/용액주사제/액상시럽제/건조시럽용 과립제","2등급",20081211,"""임부에 대한 안전성 미확립.
동물실험에서 생식독성 관찰됨.""","","정상"
2231,"임부금기","단일",D000442,Voglibose,"보글리보스","","[M051790]보글리보스","","정제","2등급",20121121,"임부에 대한 안전성 미확립.","","정상"
2232,"임부금기","단일",D000239,Vismodegib,"비스모데깁","","[M256505]비스모데깁","","캡슐","2등급",20140915,"동물실험에서 배자치사성(유산, 태자의 100% 초기재흡수) 및 기형(손가락 발가락이 없거나 융합, 회음부 개방, 두개안면이상)과 지체 혹은 변이(팽창된 신우, 팽창된 요관과 흉골, 척추의 중추, 첫마디 뼈 및 갈퀴의 불완전하고 골화되지 않은 이상) 보고.","","정상"
2233,"임부금기","단일",D000333,Vinorelbine,"비노렐빈","","[M093524]주석산비노렐빈/[M222855]비노렐빈타르타르산염","","정제/캡슐","2등급",20081211,"동물실험에서 배·태자치사, 기형발생 보고.","경구","정상"
2234,"임부금기","단일",D000135,Vincristine,"빈크리스틴","","[M095696]황산빈크리스틴/[M223068]빈크리스틴황산염","","용액주사제/유화주사제/용액용분말주사제/서방성현탁액용분말주사제/용액용동결건조분말주사제/현탁액용동결건조분말주사제/서방성현탁액용동결건조분말주사제/리포좀화현탁액용동결건조분말주사제/현탁액주사제/서방성현탁액성주사제","2등급",20081211,"동물실험에서 태자흡수, 기형발생 보고.","","정상"
2235,"임부금기","단일",D000642,Vinblastine,"빈블라스틴","","[M202132]황산빈블라스틴/[M223066]빈블라스틴황산염","","용액주사제/유화주사제/용액용분말주사제/서방성현탁액용분말주사제/용액용동결건조분말주사제/현탁액용동결건조분말주사제/서방성현탁액용동결건조분말주사제/리포좀화현탁액용동결건조분말주사제/현탁액주사제/서방성현탁액성주사제","2등급",20081211,"동물실험에서 기형발생 보고.","","정상"
2236,"임부금기","단일",D000445,Vildagliptin,"빌다글립틴","","[M221584]빌다글립틴/[M262420]빌다글립틴(미분화)","","정제","2등급",20121121,"""임부에 대한 안전성 미확립.
동물실험에서 고용량 투여시 생식독성 및 태아독성 보고.""","경구","정상"
2237,"임부금기","단일",D000723,Vigabatrin,"비가바트린","","[M088971]비가바트린","","정제/산제/용액용산제/현탁액용산제/세립/용액용세립제/현탁액용세립제","2등급",20081211,"""임부에 대한 안전성 미확립.
선천성기형, 자연유산 보고.""","","정상"
2239,"임부금기","단일",D000720,Vemurafenib,"베무라페닙","","[M255079]베무라페닙혼합물","","정제","2등급",20130523,"임부에 대한 안전성 미확립.","","정상"
2240,"임부금기","단일",D000011,Valsartan,"발사르탄","","[M090403]발사르탄","","정제","2등급",20081211,"임신 2~3기에 ACE저해제 투여시 태아 및 신생아의 저혈압, 고칼륨혈증, 신생아 두개골 발육부전, 무뇨증, 신부전, 양수과소증(태아사지구축, 두개안면기형, 폐발육부전과 관련 있음) 및 사망과 관련됨.","","정상"
2242,"임부금기","단일",D000131,Valganciclovir,"발간시클로비르","","[I005744]발간시클로비르염산염/[M100395]염산발간시클로버/[M250415]발간시클로버염산염","","정제/산제/용액용산제/현탁액용산제/세립/용액용세립제/현탁액용세립제","2등급",20081211,"""임부에 대한 안전성 미확립.
동물시험에서 돌연변이원성, 최기형성, 정자무발생증 및 발암성 보고.""","","정상"
2243,"임부금기","단일",D000361,Ulipristal,"울리프리스탈","","[M252565]울리프리스탈 아세테이트","","정제","1등급",20150520,"","","정상"
2244,"임부금기","단일",D000360,Ubenimex,"우베니멕스","","[M094026]우베니멕스","","캡슐/산제/용액용산제/현탁액용산제/세립/용액용세립제/현탁액용세립제","2등급",20081211,"임부에 대한 안전성 미확립.","","정상"
2246,"임부금기","단일",D000753,Trifluoperazine,"트리플루오페라진","","[M051644]염산트리플루오페라진","","정제","2등급",20120925,"""동물실험에서 태자독성(태자사망, 유산, 조산 등) 보고.
임신 3기에 투여시 신생아에서 추체외로장애, 금단증상(초조, 근육긴장항진 또는 저하, 진전 등) 보고.""","","정상"
2247,"임부금기","단일",D000592,Triazolam,"트리아졸람","","[I005603]트리아졸람/[M088380]트리아졸람","","정제","1등급",20081211,"벤조디아제핀계 약물의 최기형성 사례(대조군에 비해 높음), 신생아 포유곤란, 근긴장저하, 졸음, 황달 증가 및 분만전 연용시 신생아 금단증상(신경과민, 진전, 과다긴장 등) 보고.","","정상"
2248,"임부금기","단일",D000829,Triamterene,"트리암테렌","","[M040663]트리암테렌","","정제","2등급",20130712,"동물시험에서 태반 통과 보고.","","정상"
2241,"임부금기","단일",D000535,"Valproic acid","발프로산","","[M070676]발프로산나트륨/[M082087]디발프로엑스나트륨/[M083547]발프로산/[M085424]디발프로엑스나트륨입자/[M090172]발프로산마그네슘","","정제/캡슐/용액주사제/유화주사제/용액용분말주사제/서방성현탁액용분말주사제/용액용동결건조분말주사제/현탁액용동결건조분말주사제/서방성현탁액용동결건조분말주사제/리포좀화현탁액용동결건조분말주사제/현탁액주사제/서방성현탁액성주사제/액상시럽제/건조시럽용 과립제","2등급",20081211,"발프로산은 신경관 이상(예, 척추갈림증)
과 같은 태아기형을 유발할 수 있으며, 게다가 자궁 내 노출 시 낮은 IQ점수를 유발할 수 있다.","","정상"
2245,"임부금기","단일",D000593,Triptorelin,"트립토렐린","","[M090242]초산트립토렐린/[M246573]트립토렐린아세트산염/[M261389]트립토렐린파모산염/[M263819]트립토렐린","","용액주사제/유화주사제/용액용분말주사제/서방성현탁액용분말주사제/용액용동결건조분말주사제/현탁액용동결건조분말주사제/서방성현탁액용동결건조분말주사제/리포좀화현탁액용동결건조분말주사제/현탁액주사제/서방성현탁액성주사제","1등급",20081211,"""<한국페링제약 : 데카펩틸 데포, 데카펩틸주0.1밀리그람>
<한국입센 : 디페렐린피알3.75밀리그람주>
임부에 대한 안전성 미확립.
동물실험에서 뇌하수체 종양증가, 배태자독성(배태자 발달, 분만지연) 보고.

<한국입센 : 디페렐린피알주11.25밀리그람>
임부에 대한 안전성 미확립.
동물실험에서 모체독성 및 배자독성 보고.""","","정상"
2249,"임부금기","단일",D000683,Triamcinolone,"트리암시놀론","","[M040661]트리암시놀론/[M040662]트리암시놀론아세토니드","","정제/유화주사제/용액용분말주사제/서방성현탁액용분말주사제/용액용동결건조분말주사제/현탁액용동결건조분말주사제/서방성현탁액용동결건조분말주사제/리포좀화현탁액용동결건조분말주사제/현탁액주사제/서방성현탁액성주사제/용액주사제","2등급",20130712,"동물시험에서 태반 통과 보고.","","정상"
2250,"임부금기","단일",D000488,Tretinoin,"트레티노인","","[M051617]트레티노인","","캡슐/유화주사제/용액용분말주사제/서방성현탁액용분말주사제/용액용동결건조분말주사제/현탁액용동결건조분말주사제/서방성현탁액용동결건조분말주사제/리포좀화현탁액용동결건조분말주사제/현탁액주사제/서방성현탁액성주사제/용액주사제/크림/겔","1등급",20081211,"""(경구)
기형발생 작용 높음.
(외용)
임부에 대한 안전성 미확립.
임부에 국소적용한 후 태어난 신생아에서 결손 보고.""","","정상"
2251,"임부금기","단일",D000776,Treprostinil,"트레프로스티닐","","[M249084]트레프로스티닐","","용액주사제/유화주사제/용액용분말주사제/서방성현탁액용분말주사제/용액용동결건조분말주사제/현탁액용동결건조분말주사제/서방성현탁액용동결건조분말주사제/리포좀화현탁액용동결건조분말주사제/현탁액주사제/서방성현탁액성주사제","2등급",20130712,"동물실험에서 과용량 투여시 태아 골격변이 발생 증가.","","정상"
2252,"임부금기","단일",D000382,Travoprost,"트라보프로스트","","[M095517]트라보프로스트","","점안용액제/용액용점안분말제","2등급",20140915,"""임부에 대한 안전성 미확립.
동물실험에서 최기형성(흉골, 원개형 두부, 수두증 및 골격계기형 등) 보고.
착상 후 손실 증가 및 태자 생존률 감소.""","","정상"
2253,"임부금기","단일",D000591,Trastuzumab,"트라스투주맙","","[M090706]트라스투주맙/[M258764]트라스투주맙엠탄신","","용액주사제/유화주사제/용액용분말주사제/서방성현탁액용분말주사제/용액용동결건조분말주사제/현탁액용동결건조분말주사제/서방성현탁액용동결건조분말주사제/리포좀화현탁액용동결건조분말주사제/현탁액주사제/서방성현탁액성주사제","2등급",20130523,"양수과소증(치명적인 폐형성저하증 초래)과 관련있는 태아의 신장 발달 및/또는 기능 장애 보고.","","정상"
2254,"임부금기","단일",D000186,Tranilast,"트라닐라스트","","[M080526]트라닐라스트(엔(3,4-(디메톡시신나오일)안트라일신)/[M101545]트라닐라스트","","캡슐/산제/용액용산제/현탁액용산제/세립/용액용세립제/현탁액용세립제","2등급",20081211,"""임부에 대한 안전성 미확립.
동물실험에서 대량 투여시 골격이상의 증가 보고.""","","정상"
2256,"임부금기","단일",D000775,Trafermin,"트라페르민","","[M239108]트라페르민(숙주:대장균 B주(ATCC 23848), 벡터:pTsF-9Δgal)","","경구용현탁액제/점이제, 현탁액용산제/현탁액제용주사용용제/직장용현탁액제/일반현탁분무제/정량현탁분무제/이식용현탁액제/점이현탁액제/유제/틴크제/전제/침제/레모네이드제/방향수제/주정제/피부액제/피부리니멘트제/도료/샴푸/경구용액제/질세정액/관류제/점이액제/혈액항응고보존액제/밀폐제용용액제/장기보존용액제/주사/피부단자시험용용액/방광내적용용액/일반액상분무제","2등급",20150520,"임부에 대한 안전성 미확립.","","정상"
2257,"임부금기","단일",D000682,Trabectedin,"트라벡테딘","","[M230801]트라벡테딘","","용액주사제/유화주사제/용액용분말주사제/서방성현탁액용분말주사제/용액용동결건조분말주사제/현탁액용동결건조분말주사제/서방성현탁액용동결건조분말주사제/리포좀화현탁액용동결건조분말주사제/현탁액주사제/서방성현탁액성주사제","2등급",20081211,"""임부에 대한 안전성 미확립.
작용기전에 따른 중대한 선천성 결함 유발 가능성.""","","정상"
2258,"임부금기","단일",D000589,Tosufloxacine,"토수플록사신","","[M085017]토실산토수플록사신/[M252750]토수플록사신토실산염수화물","","정제/점안용액제/용액용점안분말제","2등급",20081211,"임부에 대한 안전성 미확립.","","정상"
2259,"임부금기","단일",D000588,Torsemide,"토르세미드","","[M102689]토르세미드","","정제","2등급",20130712,"임부에 대한 안전성 미확립.","","정상"
2260,"임부금기","단일",D000842,Toremifene,"토레미펜","","[M089372]구연산토레미펜/[M246995]토레미펜시트르산염/[M255572]토레미펜구연산염","","정제","2등급",20081211,"동물실험에서 생식독성, 태자독성(사망, 발육부진, 내장/골격이상, 출생시 생식장애), 임신유지 및 분만장애 등의 생식장애 보고.","","정상"
2261,"임부금기","단일",D000772,Topotecan,"토포테칸","","[M244792]토포테칸염산염/[M244794]토포테칸염산염","","캡슐/유화주사제/용액용분말주사제/서방성현탁액용분말주사제/용액용동결건조분말주사제/현탁액용동결건조분말주사제/서방성현탁액용동결건조분말주사제/리포좀화현탁액용동결건조분말주사제/현탁액주사제/서방성현탁액성주사제/용액주사제","2등급",20081211,"동물실험에서 모체독성, 배자사망, 태아 체중감소 및 기형발생율 증가(눈(소안구증, 무안구증, 망막에 로제태 생성, 망막결손증, 안구일소증), 뇌(측면 및 제3뇌실의 확장), 두개골, 척수기형) 보고.","","정상"
2255,"임부금기","단일",D000773,Tramadol,"트라마돌","","[M080418]염산트라마돌/[M104509]염산트라마돌지속성제피과립/[M222893]트라마돌염산염/[M255410]트라마돌염산염","","정제/캡슐/용액주사제/유화주사제/용액용분말주사제/서방성현탁액용분말주사제/용액용동결건조분말주사제/현탁액용동결건조분말주사제/서방성현탁액용동결건조분말주사제/리포좀화현탁액용동결건조분말주사제/현탁액주사제/서방성현탁액성주사제/과립제/서방성과립제/장용성과립제 /용액용과립제/현탁액용과립제/서방성현탁액용과립제/발포과립제","2등급",20121121,"""임부에 대한 안전성 미확립.
동물 실험에서 돌연변이성, 발암성, 생식독성 보고.
임신 말기 고용량 단기 투여시 신생아의 호흡억제 가능성.
임신중 장기 투여시 신생아에게 금단증상 야기 가능성.""","","정상"
2262,"임부금기","단일",D000065,Topiramate,"토피라메이트","","[M087104]토피라메이트","","정제/캡슐","2등급",20140915,"선천성기형(구순열, 구개열, 두개안면결손, 요도밑열림증 등)의 위험 증가 및 높은 유병률(저체중 출생) 보고.","","정상"
2263,"임부금기","단일",D000487,Tolvaptan,"톨밥탄","","[A005487]톨밥탄/[M252922]톨밥탄분무건조분말","","정제","2등급",20130712,"동물실험에서 구개열, 소지증, 소안구증, 골격기형, 태아 체중감소, 태아 골화지연, 배·태자 사망 보고.","","정상"
2264,"임부금기","단일",D000066,Tolmetin,"톨메틴","","[M211567]톨메틴나트륨","","정제/캡슐/과립제/서방성과립제/장용성과립제 /용액용과립제/현탁액용과립제/서방성현탁액용과립제/발포과립제","2등급",20121121,"""임부에 대한 안전성 미확립.
임신 말기에 투여시 태아의 동맥관조기폐쇄 가능성.
동물실험에서 동맥관수축, 난산발생빈도 증가, 분만지연, 태아 생존율 감소 보고.""","","정상"
2265,"임부금기","단일",D000771,Tocilizumab,"토실리주맙","","[M254335]토실리주맙(숙주:CHO DXB11, 벡터:phPM1HL2, 종세포주:CHO V4)","","용액주사제/유화주사제/용액용분말주사제/서방성현탁액용분말주사제/용액용동결건조분말주사제/현탁액용동결건조분말주사제/서방성현탁액용동결건조분말주사제/리포좀화현탁액용동결건조분말주사제/현탁액주사제/서방성현탁액성주사제","2등급",20150520,"""임부에 대한 안전성 미확립. 
동물실험에서 고용량 투여시 자연유산, 배태아 사망 위험 증가 보고.""","","정상"
2266,"임부금기","단일",D000486,Tobramycin,"토브라마이신","","[M020144]토브라마이신/[M020145]황산토브라마이신/[M245292]토브라마이신황산염","","용액주사제/유화주사제/용액용분말주사제/서방성현탁액용분말주사제/용액용동결건조분말주사제/현탁액용동결건조분말주사제/서방성현탁액용동결건조분말주사제/리포좀화현탁액용동결건조분말주사제/현탁액주사제/서방성현탁액성주사제","2등급",20081211,"신생아에 제8뇌신경장애 가능성.","","정상"
2267,"임부금기","단일",D000182,Tigecycline,"타이제사이클린","","[M215175]타이제사이클린","","용액주사제/유화주사제/용액용분말주사제/서방성현탁액용분말주사제/용액용동결건조분말주사제/현탁액용동결건조분말주사제/서방성현탁액용동결건조분말주사제/리포좀화현탁액용동결건조분말주사제/현탁액주사제/서방성현탁액성주사제","2등급",20081211,"""임부에 대한 안전성 미확립.
동물실험에서 태자의 체중감소, 중요하지 않은 골격이상(골화지연) 증가, 태자감소 보고.""","","정상"
2268,"임부금기","단일",D000385,Ticagrelor,"티카그렐러","","[A005385]티카그렐러/[M252585]티카그렐러","","정제","2등급",20130712,"동물실험에서 생식독성 보고.","","정상"
2269,"임부금기","단일",D000068,Tibolone,"티볼론","","[M083880]티볼론","","정제","1등급",20081211,"동물실험에서 태자독성 보고.","","정상"
2270,"임부금기","단일",D000837,"Tiaprofenic acid","티아프로펜산","","[M080409]티아프로펜산","","정제/유화주사제/용액용분말주사제/서방성현탁액용분말주사제/용액용동결건조분말주사제/현탁액용동결건조분말주사제/서방성현탁액용동결건조분말주사제/리포좀화현탁액용동결건조분말주사제/현탁액주사제/서방성현탁액성주사제/용액주사제","2등급",20081211,"""임부에 대한 안전성 미확립.
임신 말기에 투여시 태아의 동맥관조기폐쇄 가능성.
동물실험에서 동맥관수축, 난산발생빈도 증가, 분만지연, 태아 생존율 감소 보고.""","","정상"
2271,"임부금기","단일",D000474,Thymopentin,"티모펜틴","","[M082433]치모펜틴아세테이트하이드레이트","","용액주사제/유화주사제/용액용분말주사제/서방성현탁액용분말주사제/용액용동결건조분말주사제/현탁액용동결건조분말주사제/서방성현탁액용동결건조분말주사제/리포좀화현탁액용동결건조분말주사제/현탁액주사제/서방성현탁액성주사제","2등급",20081211,"임부에 대한 안전성 미확립.","","삭제"
2272,"임부금기","단일",D000778,Thiothixene,"티오틱센","","[M259343]티오틱센","","캡슐/산제/용액용산제/현탁액용산제/세립/용액용세립제/현탁액용세립제","2등급",20120925,"""임부에 대한 안전성 미확립.
동물실험에서 태자독성(태자사망 등) 보고.
임신말기나 분만중 다른 항정신병약 투여시 신생아에서 기면, 진전, 과흥분성 보고.
임신 3기에 투여시 신생아에서 추체외로장애, 금단증상(초조, 근육긴장항진 또는 저하, 진전 등) 보고.""","","정상"
2273,"임부금기","단일",D000579,Thiotepa,"티오테파","","[M088916]치오테파","","용액주사제/유화주사제/용액용분말주사제/서방성현탁액용분말주사제/용액용동결건조분말주사제/현탁액용동결건조분말주사제/서방성현탁액용동결건조분말주사제/리포좀화현탁액용동결건조분말주사제/현탁액주사제/서방성현탁액성주사제","2등급",20081211,"""임부에 대한 안전성 미확립.
동물실험에서 기형유발과 태자독성, 정자형성 및 난소기능 저해 보고.""","","정상"
2274,"임부금기","복합",D000489,Thiocolchicoside,"티오콜키코시드","[D000232]Aescin(에스신)","[M095614]치오콜치코시드/[M251172]티오콜키코시드/[M080565]무정형에스신","","정제","2등급",20140915,"태아 위해 가능성.","","정상"
2275,"임부금기","단일",D000489,Thiocolchicoside,"티오콜키코시드","","[M095614]치오콜치코시드/[M251172]티오콜키코시드","","캡슐/유화주사제/용액용분말주사제/서방성현탁액용분말주사제/용액용동결건조분말주사제/현탁액용동결건조분말주사제/서방성현탁액용동결건조분말주사제/리포좀화현탁액용동결건조분말주사제/현탁액주사제/서방성현탁액성주사제/용액주사제","2등급",20140915,"태아 위해 가능성.","","정상"
2276,"임부금기","단일",D000482,Thalidomide,"탈리도마이드","","[M218518]탈리도마이드","","캡슐/산제/용액용산제/현탁액용산제/세립/용액용세립제/현탁액용세립제","1등급",20081211,"""단 1캡슐의 1회 용량 복용으로도 심각한 선천성 기형(사지결손(사지의 결여), 단지증(짧은 사지), 뼈의 저형성증, 외이의 이상(무이증, 귓바퀴가 작은 것, 외이도가 작거나 없는 것 포함), 안면마비, 눈의 이상(무안구증, 소안구증) 및 선천성 심장결함 등) 또는 유산 보고.
출생시 또는 출생 직후 사망률 약 40%로 보고.""","","정상"
2277,"임부금기","단일",D000063,Testosterone,"테스토스테론","","[M040159]메칠테스토스테론/[M040639]테스토스테론/[M040641]에난트산테스토스테론/[M051575]시피온산테스토스테론/[M223230]테스토스테론에난테이트/[M234840]테스토스테론운데카노에이트","","캡슐/유화주사제/용액용분말주사제/서방성현탁액용분말주사제/용액용동결건조분말주사제/현탁액용동결건조분말주사제/서방성현탁액용동결건조분말주사제/리포좀화현탁액용동결건조분말주사제/현탁액주사제/서방성현탁액성주사제/용액주사제/산제/용액용산제/현탁액용산제/세립/용액용세립제/현탁액용세립제/경구용현탁액제/점이제, 현탁액용산제/현탁액제용주사용용제/직장용현탁액제/일반현탁분무제/정량현탁분무제/이식용현탁액제/점이현탁액제/유제/틴크제/전제/침제/레모네이드제/방향수제/주정제/피부액제/피부리니멘트제/도료/샴푸/경구용액제/질세정액/관류제/점이액제/혈액항응고보존액제/밀폐제용용액제/장기보존용액제/주사/피부단자시험용용액/방광내적용용액","1등급",20081211,"여성 태아의 남성화 초래 가능성.","","정상"
2278,"임부금기","단일",D000061,Terlipressin,"테를리프레신","","[M094177]초산테를리프레신/[M251217]테를리프레신아세트산염","","용액주사제/유화주사제/용액용분말주사제/서방성현탁액용분말주사제/용액용동결건조분말주사제/현탁액용동결건조분말주사제/서방성현탁액용동결건조분말주사제/리포좀화현탁액용동결건조분말주사제/현탁액주사제/서방성현탁액성주사제","2등급",20140915,"""자궁평활근 수축으로 임신 4개월 전 낙태 유발 가능성.
자궁의 혈액공급장애로 태아손상 가능성.""","","정상"
2279,"임부금기","단일",D000060,Tenoxicam,"테녹시캄","","[M082086]테녹시캄","","정제/유화주사제/용액용분말주사제/서방성현탁액용분말주사제/용액용동결건조분말주사제/현탁액용동결건조분말주사제/서방성현탁액용동결건조분말주사제/리포좀화현탁액용동결건조분말주사제/현탁액주사제/서방성현탁액성주사제/용액주사제","2등급",20121121,"""임부에 대한 안전성 미확립.
임신 말기에 투여시 태아의 동맥관조기폐쇄 가능성.
동물실험에서 동맥관수축, 난산발생빈도 증가, 분만지연, 태아 생존율 감소 보고.""","","정상"
2280,"임부금기","단일",D000680,Teneligliptin,"테네리글립틴","","[M259364]테네리글립틴브롬화수소산염수화물","","정제","2등급",20160129,"임부에 대한 안전성 미확립","","정상"
2281,"임부금기","단일",D000587,Temsirolimus,"템시롤리무스","","[M243603]템시롤리무스","","용액주사제/유화주사제/용액용분말주사제/서방성현탁액용분말주사제/용액용동결건조분말주사제/현탁액용동결건조분말주사제/서방성현탁액용동결건조분말주사제/리포좀화현탁액용동결건조분말주사제/현탁액주사제/서방성현탁액성주사제","2등급",20130523,"""임부에 대한 안전성 미확립.
동물실험에서 배태아 독성(태아 사망 및 골격 골화지연과 관련 있는 태아 체중감소) 및 최기형성 효과(배꼽탈장) 보고.""","","정상"
2282,"임부금기","단일",D000381,Temozolomide,"테모졸로미드","","[M212372]테모졸로미드","","정제/캡슐/용액주사제/유화주사제/용액용분말주사제/서방성현탁액용분말주사제/용액용동결건조분말주사제/현탁액용동결건조분말주사제/서방성현탁액용동결건조분말주사제/리포좀화현탁액용동결건조분말주사제/현탁액주사제/서방성현탁액성주사제","2등급",20081211,"동물실험에서 기형발생 또는 태아독성 보고.","","정상"
2283,"임부금기","단일",D000062,Temocapril,"테모카프릴","","[M252702]테모카프릴염산염","","정제","2등급",20081211,"임신 중기 및 말기에 ACE저해제 투여시 양수과소증(사지의 경축, 두개안면변형과 관련), 태아 및 신생아 사망, 신생아 저혈압, 신부전, 고칼륨혈증, 두개형성부전 등 가능성.","경구","정상"
2284,"임부금기","단일",D000485,Telmisartan,"텔미사르탄","","[M090395]텔미사르탄/[M264500]텔미사르탄파우더(23.9%)","","정제","2등급",20081211,"임신 2기 및 3기에 투여시 태아 및 신생아에 저혈압, 신생아 두골형성부전, 무뇨, 신부전, 양수과소증(태아사지경축, 두개안면기형, 폐형성저하증과 관련) 및 사망과 관련됨.","","정상"
2285,"임부금기","복합",D000483,Tegafur,"테가푸르","[D000080]Gimeracil(기메라실)/[D000260]Oteracil(오테라실)","[M051785]테가푸르/[M088346]테가푸르과립/[M250313]기메라실/[M250314]오테라실칼륨","","캡슐","2등급",20081211,"""기형아 출산 보고.
동물실험에서 태아의 내장이상, 골격이상, 화골지연 등 보고.""","","정상"
2286,"임부금기","복합",D000483,Tegafur,"테가푸르","[D000359]Uracil(우라실)","[M051785]테가푸르/[M088346]테가푸르과립/[M071967]우라실/[M088347]우라실과립","","캡슐/과립제/서방성과립제/장용성과립제 /용액용과립제/현탁액용과립제/서방성현탁액용과립제/발포과립제","2등급",20081211,"동물실험에서 기형발생 보고.","","정상"
2287,"임부금기","단일",D000483,Tegafur,"테가푸르","","[M051785]테가푸르/[M088346]테가푸르과립","","캡슐/유화주사제/용액용분말주사제/서방성현탁액용분말주사제/용액용동결건조분말주사제/현탁액용동결건조분말주사제/서방성현탁액용동결건조분말주사제/리포좀화현탁액용동결건조분말주사제/현탁액주사제/서방성현탁액성주사제/용액주사제/과립제/서방성과립제/장용성과립제 /용액용과립제/현탁액용과립제/서방성현탁액용과립제/발포과립제","2등급",20081211,"동물실험에서 최기형성 작용 보고.","","정상"
2288,"임부금기","단일",D000679,Tamoxifen,"타목시펜","","[M081863]타목시펜시트레이트/[M081968]구연산타목시펜/[M222891]타목시펜시트르산염","","정제","2등급",20081211,"자연유산, 선천성결손, 태아사망 보고.","","정상"
2289,"임부금기","단일",D000280,Talniflumate,"탈니플루메이트","","[M081412]탈니플루메이트","","정제/캡슐","2등급",20121121,"""임부에 대한 안전성 미확립.
임신 말기에 투여시 태아의 동맥관조기폐쇄 가능성.
동물실험에서 난산발생빈도 증가, 분만지연, 태아 생존율 감소 보고.""","","정상"
2290,"임부금기","단일",D000481,Tafluprost,"타플루프로스트","","[M246721]타플루프로스트","","점안용액제/용액용점안분말제","2등급",20150520,"임부에 대한 안전성 미확립.","","정상"
2291,"임부금기","단일",D000279,Tacrolimus,"타크로리무스","","[M089193]타크로리무스수화물/[M227652]타크로리무스 수화물","","정제/캡슐/용액주사제/유화주사제/용액용분말주사제/서방성현탁액용분말주사제/용액용동결건조분말주사제/현탁액용동결건조분말주사제/서방성현탁액용동결건조분말주사제/리포좀화현탁액용동결건조분말주사제/현탁액주사제/서방성현탁액성주사제/연고/산제/용액용산제/현탁액용산제/세립/용액용세립제/현탁액용세립제","2등급",20081211,"""임부에 대한 안전성 미확립.
태아에 고칼륨혈증 및 신기능장애 나타남.
동물실험에서 최기형 작용, 유산증가, 모체독성, 생존감소 등 보고.""","","정상"
2292,"임부금기","단일",D000023,"Sunitinib Malate","수니티닙말산염","","[M249050]수니티닙말산염","","캡슐/과립제/서방성과립제/장용성과립제 /용액용과립제/현탁액용과립제/서방성현탁액용과립제/발포과립제","2등급",20081211,"""임부에 대한 안전성 미확립.
동물실험에서 배태자 치사 및 구조이상(근골격이상, 구순열 및 구개열) 보고.""","","정상"
2293,"임부금기","단일",D000650,Sumatriptan,"수마트립탄","","[M089467]호박산수마트립탄/[M246956]수마트립탄숙신산염","","정제","2등급",20121121,"임신 2기, 3기 중 투여에 대한 안전성 미확립.","","정상"
2294,"임부금기","단일",D000728,Sulpiride,"설피리드","","[M050794]설피리드","","정제/캡슐/산제/용액용산제/현탁액용산제/세립/용액용세립제/현탁액용세립제","2등급",20120925,"""동물실험에서 태자 기형발생위험 보고.
임신 3기에 투여시 신생아에서 추체외로장애, 금단증상(초조, 근육긴장항진 또는 저하, 진전 등) 보고.""","","정상"
2295,"임부금기","단일",D000644,Sulindac,"설린닥","","[M050765]설린닥","","정제","2등급",20081211,"""임부에 대한 안전성 미확립.
임신 말기에 투여시 태아의 동맥관조기폐쇄 가능성.
동물실험에서 동맥관 수축, 난산발생빈도 증가, 분만지연, 태아 생존율 감소 보고.""","","정상"
2296,"임부금기","복합",D000726,Sulfadoxine,"설파독신","[D000310]Pyrimethamine(피리메타민)","[M089110]설파독신/[M040752]피리메타민","","정제","2등급",20081211,"""동물실험에서 기형발생 및 엽산대사 저해 보고.
피리메타민은 사람 골수와 실험실 동물에서 돌연변이성 보고.""","""2등급
(클로로퀸 저항성 말라리아 치료시 제외)""","정상"
2297,"임부금기","단일",D000241,Streptomycin,"스트렙토마이신","","[M020070]황산스트렙토마이신/[M203395]스트렙토마이신황산염","","용액주사제/유화주사제/용액용분말주사제/서방성현탁액용분말주사제/용액용동결건조분말주사제/현탁액용동결건조분말주사제/서방성현탁액용동결건조분말주사제/리포좀화현탁액용동결건조분말주사제/현탁액주사제/서방성현탁액성주사제","2등급",20081211,"신생아에 제8뇌신경장애 가능성.","","정상"
2298,"임부금기","단일",D000731,Spironolactone,"스피로노락톤","","[M099796]스피로노락톤","","정제","2등급",20130712,"동물실험에서 기형발생 가능성 보고.","","정상"
2299,"임부금기","단일",D000830,Sparfloxacin,"스파플록사신","","[M083268]스파플록사신","","정제/캡슐","2등급",20081211,"임부에 대한 안전성 미확립.","경구","정상"
2300,"임부금기","단일",D000022,Sotalol,"소타롤","","[A005022]소타롤","","정제/유화주사제/용액용분말주사제/서방성현탁액용분말주사제/용액용동결건조분말주사제/현탁액용동결건조분말주사제/서방성현탁액용동결건조분말주사제/리포좀화현탁액용동결건조분말주사제/현탁액주사제/서방성현탁액성주사제/용액주사제","2등급",20130712,"태반통과 및 비정상적인 신생아 체중 보고.","","정상"
2301,"임부금기","단일",D000547,Sorafenib,"소라페닙","","[M257069]소라페닙토실레이트(미분화)","","정제","2등급",20081211,"""임부에 대한 안전성 미확립.
동물실험에서 기형 및 배태아 독성(착상 후 손실 증가, 재흡수, 골격지연, 태아의 체중증가지연) 보고.""","","정상"
2302,"임부금기","단일",D000244,Sitagliptin,"시타글립틴","","[M251915]시타글립틴인산염수화물/[M262101]시타글립틴인산염/[M266925]시타글립틴염산염수화물","","정제","2등급",20121211,"태아 발육에 필수적인 콜레스테롤의 생합성 감소 가능성.","","정상"
2303,"임부금기","단일",D000027,Simvastatin,"심바스타틴","","[M089710]심바스타틴","","정제","1등급",20081211,"태아 발육에 필수적인 콜레스테롤의 생합성 감소 가능성.","","정상"
2305,"임부금기","단일",D000139,"Selegiline Hydrochloride","셀레길린염산염","","[M222864]셀레길린염산염","","정제","2등급",20130712,"임부에 대한 안전성 미확립.","","정상"
2306,"임부금기","단일",D000335,Saxagliptin,"삭사글립틴","","[M251489]삭사글립틴수화물","","정제","2등급",20121121,"""임부에 대한 안전성 미확립.
동물실험에서 고용량 투여시 골반의 불완전 골화 및 발달지연, 모자독성 및 태아 체중감소, 경미한 골격변이 보고.""","","정상"
2307,"임부금기","단일",D000544,Salsalate,"살살레이트","","[M099981]살살레이트","","정제","2등급",20081211,"""임신중 투여에 대한 안전성 미확립.
임신 말기에 투여시 태아의 동맥관조기폐쇄 가능성.
동물실험에서 최기형 작용, 난산발생빈도 증가, 분만지연, 태아 생존율 감소 보고.""","","정상"
2308,"임부금기","단일",D000421,Rotigotine,"로티고틴","","[M245220]로티고틴","","경피흡수제/서방성경피흡수제/전류조절형서방성경피흡수제","2등급",20130712,"""임부에 대한 안전성 미확립.
동물실험에서 배아독성 보고.""","","삭제"
2309,"임부금기","단일",D000219,Rosuvastatin,"로수바스타틴","","[M095744]로수바스타틴칼슘/[M258559]로수바스타틴칼슘염/[M270546]로수바스타틴칼슘(미분화)","","정제","1등급",20081211,"""임부에 대한 안전성 미확립.
태아 발육에 필수적인 콜레스테롤의 생합성 감소 가능성.
동물실험에서 제한된 생식독성 보고.""","","정상"
2310,"임부금기","단일",D000627,Ropinirole,"로피니롤","","[M088897]염산로피니롤/[M234950]로피니롤염산염","","정제","2등급",20130712,"""임부에 대한 안전성 미확립.
동물실험에서 불임, 유산, 유즙분비억제 보고, 과량투여시 태자사망 증가, 기형 등 보고.""","","정상"
2311,"임부금기","단일",D000527,Rivaroxaban,"리바록사반","","[I012462]리바록사반(미세화)/[M254091]리바록사반(미세화)/[M264293]리바록사반(미분화)","","정제","2등급",20150520,"""임부에 대한 안전성 미확립. 
동물실험에서 약리학적 작용 양식(예, 출혈성 합병증)과 관련된 태반변화와 함께 뚜렷한 모독성(생식독성 유발) 보고.""","","정상"
2312,"임부금기","단일",D000313,Rituximab,"리툭시맙","","[M088506]리툭시맙","","용액주사제/유화주사제/용액용분말주사제/서방성현탁액용분말주사제/용액용동결건조분말주사제/현탁액용동결건조분말주사제/서방성현탁액용동결건조분말주사제/리포좀화현탁액용동결건조분말주사제/현탁액주사제/서방성현탁액성주사제","2등급",20130523,"태어난 유아 일부에서 일시적인 B세포 고갈 및 림프구감소증 보고.","","정상"
2313,"임부금기","단일",D000422,Risperidone,"리스페리돈","","[M086310]리스페리돈/[M098171]리스페리돈서방성미립구","","정제/유화주사제/용액용분말주사제/서방성현탁액용분말주사제/용액용동결건조분말주사제/현탁액용동결건조분말주사제/서방성현탁액용동결건조분말주사제/리포좀화현탁액용동결건조분말주사제/현탁액주사제/서방성현탁액성주사제/용액주사제","2등급",20120925,"""임부에 대한 안전성 미확립.
임신 3기에 투여시 신생아에서 추체외로장애, 금단증상의 위험 가능성.
동물실험에서 생식 능력과 태자의 생존율 감소 보고.""","경구","정상"
2314,"임부금기","단일",D000224,"Risedronic Acid","리세드론산","","[M099562]리세드론산나트륨/[M221599]리세드론산나트륨일수화물/[M245359]무수리세드론산나트륨/[M249382]리세드론산나트륨무수물/[M249411]리세드론산나트륨2.5수화물","","정제","2등급",20081211,"동물시험에서 분만기 모체 저칼슘혈증 및 태자의 골화 효과 가능성 보고.","","정상"
2315,"임부금기","단일",D000710,Riluzole,"리루졸","","[M093987]리루졸","","정제","2등급",20081211,"임부에 대한 안전성 미확립.","경구","정상"
2316,"임부금기","단일",D000223,Ribavirin,"리바비린","","[M070313]리바비린","","캡슐/액상시럽제/건조시럽용 과립제/크림/산제/용액용산제/현탁액용산제/세립/용액용세립제/현탁액용세립제/과립제/서방성과립제/장용성과립제 /용액용과립제/현탁액용과립제/서방성현탁액용과립제/발포과립제/정량흡입제, 용액제/정량흡입제, 현탁액제/정량흡입제, 분말제/흡입제, 미분류","1등급",20081211,"동물시험에서 심각한 기형형성(두개골, 구개, 눈, 턱, 사지, 뼈, 위장관 기형) 및 태아독성 보고.","경구","정상"
2317,"임부금기","단일",D000095,Retapamulin,"레타파물린","","[M246842]레타파물린","","연고","2등급",20150520,"""임부에 대한 안전성 미확립. 
동물실험에서 경구투여 후 생식독성 보고.""","","정상"
2318,"임부금기","단일",D000418,Repaglinide,"레파글리니드","","[M088889]레파글리니드","","정제","2등급",20121121,"""임부에 대한 안전성 미확립.
동물실험에서 초기흡수 증가 및 흉골 분절과 상지, 하지, 척추 및 두개골의 골화지연 보고.""","","정상"
2319,"임부금기","단일",D000401,Regorafenib,"레고라페닙","","[I012533]레고라페닙일수화물/[M118337]레고라페닙일수화물","","정제","2등급",20150520,"""임부에 대한 안전성 미확립. 
동물실험에서 기형 및 배태자 독성, 생식독성 보고.""","","정상"
2320,"임부금기","단일",D000698,Rasagiline,"라사길린","","[M257939]라사길린메실산염","","정제","2등급",20150520,"임부에 대한 안전성 미확립.","","정상"
2321,"임부금기","단일",D000093,Ranibizumab,"라니비주맙","","[M215125]라니비주맙","","용액주사제/유화주사제/용액용분말주사제/서방성현탁액용분말주사제/용액용동결건조분말주사제/현탁액용동결건조분말주사제/서방성현탁액용동결건조분말주사제/리포좀화현탁액용동결건조분말주사제/현탁액주사제/서방성현탁액성주사제","2등급",20130712,"""임부에 대한 안전성 미확립.
기전에 따른 최기형성 및 배태자 독성 가능성.""","","정상"
2322,"임부금기","단일",D000398,Ramipril,"라미프릴","","[M083172]라미프릴/[M255729]히드록시프로필메틸셀룰로오스로제피한라미프릴과립","","정제/캡슐/산제/용액용산제/현탁액용산제/세립/용액용세립제/현탁액용세립제/과립제/서방성과립제/장용성과립제 /용액용과립제/현탁액용과립제/서방성현탁액용과립제/발포과립제","2등급",20081211,"임신 제2 및 3기에 ACE저해제 투여시 태아 및 신생아에 저혈압, 신생아 두골형성부전, 무뇨, 신부전, 양수과소증으로 인한 태아사지경축, 두개안면변형, 발육형성부전 및 사망 가능성.","","정상"
2323,"임부금기","단일",D000094,Raltegravir,"랄테그라빌","","[M235768]랄테그라빌칼륨","","정제","2등급",20150520,"""임부에 대한 안전성 미확립. 
동물실험에서 태반통과 보고.
랫드에서 추가적인 늑골 발생률 증가.""","","정상"
2324,"임부금기","단일",D000508,Raloxifene,"라록시펜","","[M092677]염산라록시펜/[M240368]라록시펜염산염/[M243362]라록시펜염산염/[M259890]라록시펜염산염일수화물","","정제/산제/용액용산제/현탁액용산제/세립/용액용세립제/현탁액용세립제","1등급",20081211,"태아에 손상 및 선천적 결함 위험의 증가 가능성.","","정상"
2325,"임부금기","단일",D000299,Radotinib,"라도티닙","","[M253750]라도티닙염산염","","캡슐","2등급",20130523,"""임부에 대한 안전성 미확립.
동물실험에서 배태자독성(초기 및 후기 흡수배자수, 총 흡수배자수, 사망태자수, 착상후 태자 사망률, 태방증량, 내부장기 및 골격기형 및 변이, 골화지연 발현율의 증가) 보고.""","","정상"
2326,"임부금기","단일",D000811,Quinupramine,"퀴누프라민","","[M082061]퀴누프라민","","정제/캡슐","2등급",20121213,"""임부에 대한 안전성 미확립.
출산 후 수시간~수일동안 호흡곤란, 수면, 산통, 자극과민, 저.고혈압, 진전, 경축 등의 금단증상 보고.""","경구","정상"
2327,"임부금기","단일",D000823,Quinidine,"퀴니딘","","[M040601]황산퀴니딘/[M223194]퀴니딘황산염수화물","","정제","2등급",20081211,"임부에 대한 안전성 미확립.","","삭제"
2328,"임부금기","단일",D000179,Quinapril,"퀴나프릴","","[M251025]퀴나프릴염산염","","정제","2등급",20081211,"""임신중 ACE저해제 노출시 영아의 심혈관계 및 중추신경계 기형 위험성 증가 가능성.
미숙아, 저혈압, 신장이상(신부전포함), 두개골형성부진, 양수과소증, 사지경축, 두개안면변형, 폐발육형성부전, 자궁내 성장지연, 동맥관개존증, 태아 사망 및 신생아 사망 보고.""","","정상"
2329,"임부금기","단일",D000583,Quetiapine,"쿠에티아핀","","[M091777]푸마르산쿠에티아핀/[M220436]푸마르산 쿠에티아핀/[M228429]쿠에티아핀푸마르산염/[M243782]쿠에티아핀푸마르산염","","정제","2등급",20120925,"""임부에 대한 안전성 미확립.
임신 3기에 투여시 신생아에서 추체외로장애, 금단증상(초조, 근육긴장항진 또는 저하, 진전 등) 보고.""","","정상"
2330,"임부금기","단일",D000308,Pyronaridine,"피로나리딘","","[M256524]피로나리딘인산염","","정제/과립제/서방성과립제/장용성과립제 /용액용과립제/현탁액용과립제/서방성현탁액용과립제/발포과립제","2등급",20130712,"임부에 대한 안전성 미확립.","","정상"
2331,"임부금기","단일",D000816,Pyrazinobutazone,"피라지노부타존","","[M081982]피라지노부타존","","캡슐/산제/용액용산제/현탁액용산제/세립/용액용세립제/현탁액용세립제/과립제/서방성과립제/장용성과립제 /용액용과립제/현탁액용과립제/서방성현탁액용과립제/발포과립제","2등급",20121121,"""임부에 대한 안전성 미확립.
임신 말기에 투여시 태아의 동맥관조기폐쇄 가능성.
동물실험에서 난산발생빈도 증가, 분만지연, 태아 생존율 감소 보고.""","","정상"
2332,"임부금기","단일",D000102,Prucalopride,"프루칼로프라이드","","[M255643]프루칼로프라이드숙신산염","","정제","2등급",20150520,"임부에 대한 안전성 미확립.","","정상"
2333,"임부금기","단일",D000408,Propylthiouracil,"프로필티오우라실","","[M040734]프로필치오우라실/[M223317]프로필티오우라실","","정제","2등급",20140915,"""임부에 대한 안전성 미확립.
태아에서 갑상선종, 갑상선기능억제 보고.
신생아에서 간장애 보고 및 갑상선기능저하, 그 후 갑상선기능항진증이 나타날 수 있음.""","","정상"
2334,"임부금기","단일",D000799,Propranolol,"프로프라놀롤","","[M040732]염산프로프라놀롤/[M083648]스페로이드형염산프로프라놀롤/[M223316]프로프라놀롤염산염","","정제/캡슐/용액주사제/유화주사제/용액용분말주사제/서방성현탁액용분말주사제/용액용동결건조분말주사제/현탁액용동결건조분말주사제/서방성현탁액용동결건조분말주사제/리포좀화현탁액용동결건조분말주사제/현탁액주사제/서방성현탁액성주사제/경구용현탁액제//경구용액제","2등급",20130712,"""임부에 대한 안전성 미확립.
베타차단제는 태반관류를 감소시켜 자궁내 사산, 유산 초래 가능성. 
태아와 신생아에서 저혈당, 서맥 가능성 및 신생아에서 심폐합병증 위험성 증가.""","","정상"
2335,"임부금기","단일",D000515,Propafenone,"프로파페논","","[M081415]염산프로파페논/[M222902]프로파페논염산염","","정제/서방성캡슐제, 펠렛/서방성캡슐제, 정제펠렛/경질캡슐제, 서방성장용성펠렛/스팬슐","2등급",20130712,"임부에 대한 안전성 미확립. 동물실험에서 모체독성용량인 150mg/kg/일(토끼) 및 600mg/kg/일(랫트)을 투여했을 때 배태자 사망 나타남. 토끼는 30mg/kg/일에서 태반무게 증가 및 골화지연 나타남. 랫트는 180mg/kg/일 이상의 용량에서 모체사망 증가, 출생자 생존 감소, 체중증가 감소, 발달지연 나타남.","","정상"
2336,"임부금기","단일",D000101,Propacetamol,"프로파세타몰","","[M245991]프로파세타몰염산염","","용액주사제/유화주사제/용액용분말주사제/서방성현탁액용분말주사제/용액용동결건조분말주사제/현탁액용동결건조분말주사제/서방성현탁액용동결건조분말주사제/리포좀화현탁액용동결건조분말주사제/현탁액주사제/서방성현탁액성주사제","2등급",20121121,"""동물실험에서 태자독성 발생.
임신 초기와 중기 투여시 기형 작용 및 태아독성 미확립.""","","정상"
2337,"임부금기","단일",D000211,Proglumetacin,"프로글루메타신","","[M082031]말레인산프로글루메타신/[M256432]프로글루메타신말레산염","","정제/캡슐/산제/용액용산제/현탁액용산제/세립/용액용세립제/현탁액용세립제","2등급",20081211,"""임신 말기에 투여시 태아 순환지속증, 태아의 동맥관수축, 동맥관개존증, 신부전, 장천공, 양수과소증 발생 및 신생아에서 괴사성 장염 발생 보고.
동물실험에서 최기형 작용, 난산발생빈도 증가, 분만지연, 태아 생존율 감소 보고.""","","정상"
2339,"임부금기","단일",D000704,Probucol,"프로부콜","","[M071604]프로부콜","","정제","2등급",20130712,"임부에 대한 안전성 미확립.","","정상"
2340,"임부금기","단일",D000103,Primidone,"프리미돈","","[M040736]프리미돈","","정제","2등급",20081211,"기형아(구순열, 구개열) 출산 및 엽산저하 보고. 신생아에 출혈경향, 흡수억제, 혈액응고장애 및 금단증상(다동, 진전, 반사항진, 과긴장) 가능성.","","정상"
2341,"임부금기","단일",D000409,Primaquine,"프리마퀸","","[M103767]인산프리마퀸/[M257369]프리마퀸인산염","","정제","1등급",20081211,"임신 중 이 약의 안전한 사용법이 확립되어 있지 않음. 임부가 글루코오스-6-포스파타아제 결핍증(G-6-PD) 정상인 경우에도 태아는 정상이 아닐 수 있음. 동물 실험 데이터에서 생식 독성이 나타남. 이 약으로 치료한 동물과 세균을 대상으로 한 비임상 데이터에서, 이 약을 임신한 동물에게 투여했을 때 유전자 변이와 염색체/DNA 손상, 기형 발생, 배아 손상 및 태아 손상의 증거가 나타남. 환자는 치료 중 임신을 피해야 하며, 치료 중 그리고 치료 종료 후에도 효과적인 피임법 사용에 대해 권고됨.","","정상"
2343,"임부금기","단일",D000305,Pravastatin,"프라바스타틴","","[M084105]프라바스타틴나트륨","","정제/캡슐","1등급",20081211,"태아 발육에 필수적인 콜레스테롤의 생합성 감소 가능성.","","정상"
2344,"임부금기","단일",D000703,Pranoprofen,"프라노프로펜","","[M081426]프라노프로펜","","정제/캡슐/산제/용액용산제/현탁액용산제/세립/용액용세립제/현탁액용세립제/액상시럽제/건조시럽용 과립제","2등급",20081211,"""임부에 대한 안전성 미확립.
임신말기에 투여시 태아의 동맥관조기폐쇄 가능성.
동물실험에서 난산발생 증가, 분만지연, 태자 생존율 감소 보고.""","","정상"
2345,"임부금기","단일",D000621,Pranlukast,"프란루카스트","","[M087212]프란루카스트수화물","","정제/캡슐/액상시럽제/건조시럽용 과립제","2등급",20130712,"임부에 대한 안전성 미확립.","","정상"
2346,"임부금기","단일",D000620,Pramipexole,"프라미펙솔","","[M247162]프라미펙솔염산염일수화물/[M247307]프라미펙솔염산염","","정제","2등급",20081211,"""임부에 대한 안전성 미확립.
동물실험에서 과용량 투여시 태아독성, 착상억제 등 나타남.""","","정상"
2347,"임부금기","단일",D000471,"Potassium Iodide","요오드화칼륨","","[M040473]요오드화칼륨/[M225609]요오드화칼륨/유당 혼합물","","정제","2등급",20140915,"태아의 갑상선종 및 갑상선기능이상 유발 가능성.","","정상"
2348,"임부금기","단일",D000304,"Porfimer Sodium","포르피머나트륨","","[M096205]포르피머나트륨","","용액주사제/유화주사제/용액용분말주사제/서방성현탁액용분말주사제/용액용동결건조분말주사제/현탁액용동결건조분말주사제/서방성현탁액용동결건조분말주사제/리포좀화현탁액용동결건조분말주사제/현탁액주사제/서방성현탁액성주사제","2등급",20081211,"임부에 대한 안전성 미확립.","","정상"
2342,"임부금기","단일",D000406,Prednisolone,"프레드니솔론","","[M040717]프레드니솔론/[M104040]호박산프레드니솔론나트륨/[M223298]프레드니솔론아세테이트/[M256482]프레드니솔론헤미숙시네이트","","정제/유화주사제/용액용분말주사제/서방성현탁액용분말주사제/용액용동결건조분말주사제/현탁액용동결건조분말주사제/서방성현탁액용동결건조분말주사제/리포좀화현탁액용동결건조분말주사제/현탁액주사제/서방성현탁액성주사제/용액주사제/액상시럽제/건조시럽용 과립제","2등급",20130712,"""동물실험에서 기형발생 작용 보고.
태아의 성장지체, 언청이의 위험 등의 증가, 뇌성장 및 발달에 영향 가능성. 신생아에 부신부전증 유발 가능성.""","2025-07-14 직장용 반고형제 포함","정상"
2349,"임부금기","단일",D000797,Polaprezinc,"폴라프레징크","","[M246143]폴라프레징크","","정제/과립제/서방성과립제/장용성과립제 /용액용과립제/현탁액용과립제/서방성현탁액용과립제/발포과립제","2등급",20150520,"임부에 대한 안전성 미확립.","","정상"
2350,"임부금기","단일",D000104,Plerixafor,"플레릭사포르","","[M248943]플레릭사포르","","용액주사제/유화주사제/용액용분말주사제/서방성현탁액용분말주사제/용액용동결건조분말주사제/현탁액용동결건조분말주사제/서방성현탁액용동결건조분말주사제/리포좀화현탁액용동결건조분말주사제/현탁액주사제/서방성현탁액성주사제","2등급",20140915,"동물실험에서 기형유발(태자 사망, 사산, 착상후 소실, 태자 체중저하, 무안구증, 단지증, 심실중격결손증, 대동맥궁륜, 구상심장, 수두증, 후두실 비대, 골격계발달지연을 포함한 배태자독성) 보고.","","정상"
2351,"임부금기","단일",D000518,Pitavastatin,"피타바스타틴","","[M102119]피타바스타틴칼슘/[M259724]피타바스타틸칼슘","","정제","1등급",20081211,"태아 발육에 필수적인 콜레스테롤의 생합성 감소 가능성.","","정상"
2352,"임부금기","단일",D000309,Piroxicam,"피록시캄","","[M071634]피록시캄","","정제/캡슐/용액주사제/유화주사제/용액용분말주사제/서방성현탁액용분말주사제/용액용동결건조분말주사제/현탁액용동결건조분말주사제/서방성현탁액용동결건조분말주사제/리포좀화현탁액용동결건조분말주사제/현탁액주사제/서방성현탁액성주사제/과립제/서방성과립제/장용성과립제 /용액용과립제/현탁액용과립제/서방성현탁액용과립제/발포과립제/산제/용액용산제/현탁액용산제/세립/용액용세립제/현탁액용세립제","2등급",20081211,"""임부에 대한 안전성 미확립.
임신 말기에 투여시 태아의 동맥관조기폐쇄 가능성.
동물실험에서 최기형 작용, 난산발생빈도 증가, 분만지연, 태아 생존율 감소 보고.""","","정상"
2353,"임부금기","단일",D000110,"Pipemidic Acid","피페미드산","","[M051885]피페미드산","","캡슐/산제/용액용산제/현탁액용산제/세립/용액용세립제/현탁액용세립제","2등급",20081211,"임부에 대한 안전성 미확립.","경구","정상"
2354,"임부금기","단일",D000109,Pioglitazone,"피오글리타존","","[M092005]염산피오글리타존/[M235069]피오글리타존염산염/[M260948]피오글리타존염","","정제","2등급",20081211,"동물실험에서 과용량 투여시 분만지연 및 배자독성(착상후 손실 증가, 발생지연, 태아 체중감소) 보고.","","정상"
2355,"임부금기","단일",D000801,Pinazepam,"피나제팜","","[M088433]피나제팜","","캡슐","2등급",20121213,"벤조디아제핀계 약물의 최기형성 사례(대조군에 비해 높음), 신생아 포유곤란, 근긴장저하, 졸음, 황달 증가 및 분만전 연용시 신생아 금단증상(신경과민, 진전, 과다긴장 등) 보고.","","정상"
2356,"임부금기","단일",D000213,Pimozide,"피모짓","","[M071691]피모짓","","정제","2등급",20120925,"""임부에 대한 안전성 미확립.
임신 3기에 투여시 신생아에서 추체외로장애, 금단증상(초조, 근육긴장항진 또는 저하, 진전 등) 보고.""","","정상"
2357,"임부금기","단일",D000111,Pilsicainide,"필시카이니드","","[M246835]필시카이니드염산염","","캡슐","2등급",20130712,"임부에 대한 안전성 미확립.","","정상"
2358,"임부금기","단일",D000595,Phenytoin,"페니토인","","[M051706]페니토인/[M051707]페니토인나트륨","","정제/캡슐/용액주사제/유화주사제/용액용분말주사제/서방성현탁액용분말주사제/용액용동결건조분말주사제/현탁액용동결건조분말주사제/서방성현탁액용동결건조분말주사제/리포좀화현탁액용동결건조분말주사제/현탁액주사제/서방성현탁액성주사제/산제/용액용산제/현탁액용산제/세립/용액용세립제/현탁액용세립제","2등급",20081211,"역학조사에서 기형아(구순열, 구개열, 심기형) 출산, 태아의 종창(신경아세포증), 히단토인증후군, 신생아 출혈경향 등 보고.","","정상"
2359,"임부금기","단일",D000403,Phentolamine,"펜토라민","","[M096226]펜토라민메실레이트/[M097154]펜토라민메실레이트","","용액주사제/유화주사제/용액용분말주사제/서방성현탁액용분말주사제/용액용동결건조분말주사제/현탁액용동결건조분말주사제/서방성현탁액용동결건조분말주사제/리포좀화현탁액용동결건조분말주사제/현탁액주사제/서방성현탁액성주사제","2등급",20130712,"임부에 대한 안전성 미확립.","","정상"
2360,"임부금기","단일",D000282,Phenobarbital,"페노바르비탈","","[M040685]페노바르비탈/[M217088]페노바르비탈나트륨","","정제/캡슐","2등급",20081211,"""기형아(구순열, 구개열) 발생이 유의하게 높음(역학보고).
신생아에서 출혈경향, 호흡억제, 금단증상(다동, 진전, 반사고진, 과긴장 등) 가능성 및 엽산 저하 보고.""","경구","정상"
2361,"임부금기","단일",D000700,Pethidine,"페티딘","","[M223282]페티딘염산염/[M225648]염산페치딘","","용액주사제/유화주사제/용액용분말주사제/서방성현탁액용분말주사제/용액용동결건조분말주사제/현탁액용동결건조분말주사제/서방성현탁액용동결건조분말주사제/리포좀화현탁액용동결건조분말주사제/현탁액주사제/서방성현탁액성주사제","2등급",20130712,"""신생아에서 마약금단증상(신경과민, 과도한 움직임, 울음, 불면, 떨림, 발열 등) 가능성.
출산/분만 중 투여시 신생아 호흡억제 유발 가능성.""","","정상"
2362,"임부금기","단일",D000190,Pertuzumab,"퍼투주맙","","[M258185]퍼투주맙","","용액주사제/유화주사제/용액용분말주사제/서방성현탁액용분말주사제/용액용동결건조분말주사제/현탁액용동결건조분말주사제/서방성현탁액용동결건조분말주사제/리포좀화현탁액용동결건조분말주사제/현탁액주사제/서방성현탁액성주사제","2등급",20140915,"""임부에 대한 안전성 미확립.
동물실험에서 생식독성 나타남.""","","정상"
2363,"임부금기","단일",D000781,Perphenazine,"페르페나진","","[M091367]페르페나진/[M232514]페르페나진염산염","","정제/유화주사제/용액용분말주사제/서방성현탁액용분말주사제/용액용동결건조분말주사제/현탁액용동결건조분말주사제/서방성현탁액용동결건조분말주사제/리포좀화현탁액용동결건조분말주사제/현탁액주사제/서방성현탁액성주사제/용액주사제","2등급",20081211,"""임부에 대한 안전성 미확립.
동물실험에서 기형발생 보고.
임신 3기에 투여시 신생아에서 추체외로장애, 금단증상(초조, 근육긴장 항진 또는 저하, 진전 등) 보고.""","","정상"
2364,"임부금기","단일",D000192,Perindopril,"페린도프릴","","[M085045]페린도프릴제3부틸아민/[M217183]페린도프릴아르기닌/[M258860]페린도프릴-t-부틸아민/[M263821]페린도프릴","","정제","2등급",20081211,"임신 제2 및 3기에 ACE저해제 투여시 태아 및 신생아에 저혈압, 두개형성부전, 무뇨, 신부전, 양수과소증으로 인한 태아사지경축, 두개안면변형, 폐발육형성부전 및 사망 가능성.","","정상"
2365,"임부금기","단일",D000285,Perfluoro-n-butane,"과플루오르부탄","","[M254390]과플루오르부탄","","용액주사제/유화주사제/용액용분말주사제/서방성현탁액용분말주사제/용액용동결건조분말주사제/현탁액용동결건조분말주사제/서방성현탁액용동결건조분말주사제/리포좀화현탁액용동결건조분말주사제/현탁액주사제/서방성현탁액성주사제","2등급",20150520,"임부에 대한 안전성 미확립.","","정상"
2366,"임부금기","단일",D000596,Peramivir,"페라미비르","","[M250603]페라미비르수화물","","용액주사제/유화주사제/용액용분말주사제/서방성현탁액용분말주사제/용액용동결건조분말주사제/현탁액용동결건조분말주사제/서방성현탁액용동결건조분말주사제/리포좀화현탁액용동결건조분말주사제/현탁액주사제/서방성현탁액성주사제","2등급",20150520,"""임부에 대한 안전성 미확립. 
동물실험에서 태반 통과성, 유산 및 조산 증가 보고.""","","정상"
2367,"임부금기","단일",D000098,Pentostatin,"펜토스타틴","","[M241420]펜토스타틴","","용액주사제/유화주사제/용액용분말주사제/서방성현탁액용분말주사제/용액용동결건조분말주사제/현탁액용동결건조분말주사제/서방성현탁액용동결건조분말주사제/리포좀화현탁액용동결건조분말주사제/현탁액주사제/서방성현탁액성주사제","2등급",20130523,"""임부에 대한 안전성 미확립.
동물실험에서 모체독성 및 최기형성(다양한 골격기형) 보고.""","","정상"
2368,"임부금기","단일",D000618,Pentobarbital,"펜토바르비탈","","[M040700]펜토바르비탈나트륨","","용액주사제/유화주사제/용액용분말주사제/서방성현탁액용분말주사제/용액용동결건조분말주사제/현탁액용동결건조분말주사제/서방성현탁액용동결건조분말주사제/리포좀화현탁액용동결건조분말주사제/현탁액주사제/서방성현탁액성주사제","2등급",20140915,"신생아에 출혈경향, 호흡억제, 분만전 연용시 금단증상(다동, 진전, 반사항진, 과긴장증 등) 발생 가능성.","","정상"
2369,"임부금기","단일",D000794,Pentazocine,"펜타조신","","[M051738]펜타조신/[M093557]염산펜타조신","","정제/유화주사제/용액용분말주사제/서방성현탁액용분말주사제/용액용동결건조분말주사제/현탁액용동결건조분말주사제/서방성현탁액용동결건조분말주사제/리포좀화현탁액용동결건조분말주사제/현탁액주사제/서방성현탁액성주사제/용액주사제","2등급",20121121,"임부에 대한 안전성 미확립.","","정상"
2370,"임부금기","단일",D000511,Pemirolast,"페미로라스트","","[M088859]페미로라스트칼륨","","정제/액상시럽제/건조시럽용 과립제","2등급",20081211,"임부에 대한 안전성 미확립.","","정상"
2371,"임부금기","단일",D000303,Pemetrexed,"페메트렉시드","","[M254413]페메트렉시드이나트륨염2.5수화물/[M256078]페메트렉시드 이나트륨 2.5수화물/[M258078]페메트렉시드이나트륨칠수화물/[M263822]페메트렉시드","","용액주사제/유화주사제/용액용분말주사제/서방성현탁액용분말주사제/용액용동결건조분말주사제/현탁액용동결건조분말주사제/서방성현탁액용동결건조분말주사제/리포좀화현탁액용동결건조분말주사제/현탁액주사제/서방성현탁액성주사제","2등급",20081211,"""임부에 대한 안전성 미확립.
심각한 선천성 결함 및 유전적 손상 유발 가능성.
동물실험에서 생식독성 보고.""","","정상"
2372,"임부금기","단일",D000206,Pelubiprofen,"펠루비프로펜","","[M210533]펠루비프로펜","","정제","2등급",20121121,"""임부에 대한 안전성 미확립.
임신 말기에 투여시 태아의 동맥관조기폐쇄 가능성.
동물실험에서 태자독성, 난산발생빈도 증가, 분만지연, 태아 생존율 감소 보고.""","","정상"
2373,"임부금기","단일",D000808,Pazufloxacin,"파주플록사신","","[M247526]파주플록사신메실산염","","용액주사제/유화주사제/용액용분말주사제/서방성현탁액용분말주사제/용액용동결건조분말주사제/현탁액용동결건조분말주사제/서방성현탁액용동결건조분말주사제/리포좀화현탁액용동결건조분말주사제/현탁액주사제/서방성현탁액성주사제","2등급",20150520,"","","정상"
2374,"임부금기","단일",D000490,Pazopanib,"파조파닙","","[M250589]파조파닙염산염","","정제","2등급",20130523,"""임부에 대한 안전성 미확립.
동물실험에서 최기형 작용(심혈관기형, 뼈형성지연 등), 태자 체중감소, 착상 전후 배자치사 및 모체독성(체중감소, 먹이 섭취량 감소, 유산) 보고.""","","정상"
2375,"임부금기","단일",D000353,Paroxetine,"파록세틴","","[M050607]염산파록세틴/[M102324]무수염산파록세틴/[M222896]파록세틴염산염수화물/[M234807]파록세틴염산염반수화물","","정제","2등급",20081211,"""임신초기 3개월 이내 복용시 선천성기형(심실 및 심방중격결손 등) 발생 위험이 다른 항우울제에 비해 2.2배 높음.
임신후기에 SSRIs 복용시 신생아 폐동맥고혈압존속증 위험성이 전체 인구 대비 4~5배 높음.
임신말기 3개월에 SSRIs 복용시 신생아 합병증(호흡곤란, 청색증 등) 보고.""","","정상"
2376,"임부금기","단일",D000069,Panitumumab,"파니투무맙","","[M253327]파니투무맙","","용액주사제/유화주사제/용액용분말주사제/서방성현탁액용분말주사제/용액용동결건조분말주사제/현탁액용동결건조분말주사제/서방성현탁액용동결건조분말주사제/리포좀화현탁액용동결건조분말주사제/현탁액주사제/서방성현탁액성주사제","2등급",20130523,"""임부에 대한 안전성 미확립.
동물실험에서 생식독성, 태자유산 및 사망 보고.""","","정상"
2377,"임부금기","단일",D000685,Pamidronate,"파미드론산","","[M071878]파미드론산나트륨/[M089858]파미드론산나트륨오수화물","","캡슐/유화주사제/용액용분말주사제/서방성현탁액용분말주사제/용액용동결건조분말주사제/현탁액용동결건조분말주사제/서방성현탁액용동결건조분말주사제/리포좀화현탁액용동결건조분말주사제/현탁액주사제/서방성현탁액성주사제/용액주사제","2등급",20130712,"""임부에 대한 안전성 미확립.
태아 골격계의 이론상 위험성 존재.""","","정상"
2378,"임부금기","단일",D000491,Paliperidone,"팔리페리돈","","[M220478]팔리페리돈/[M250479]팔리페리돈팔미테이트","","정제/유화주사제/용액용분말주사제/서방성현탁액용분말주사제/용액용동결건조분말주사제/현탁액용동결건조분말주사제/서방성현탁액용동결건조분말주사제/리포좀화현탁액용동결건조분말주사제/현탁액주사제/서방성현탁액성주사제/용액주사제","2등급",20120925,"""임부에 대한 안전성 미확립.
임신 3기에 투여시 신생아 추체외로장애, 금단증상의 위험 가능성.
동물실험에서 고용량 투여시 태자사망 증가 보고.""","","정상"
2379,"임부금기","단일",D000189,Paclitaxel,"파클리탁셀","","[M088462]파클리탁셀","","용액주사제/유화주사제/용액용분말주사제/서방성현탁액용분말주사제/용액용동결건조분말주사제/현탁액용동결건조분말주사제/서방성현탁액용동결건조분말주사제/리포좀화현탁액용동결건조분말주사제/현탁액주사제/서방성현탁액성주사제","2등급",20081211,"""임부에 대한 안전성 미확립.
동물실험에서 배태자독성 및 수태율 감소 보고.""","","정상"
2380,"임부금기","단일",D000667,Oxytocin,"옥시토신","","[M040453]옥시토신/[M084116]합성옥시토신","","용액주사제/유화주사제/용액용분말주사제/서방성현탁액용분말주사제/용액용동결건조분말주사제/현탁액용동결건조분말주사제/서방성현탁액용동결건조분말주사제/리포좀화현탁액용동결건조분말주사제/현탁액주사제/서방성현탁액성주사제","1등급",20081211,"서맥, 부정맥, 중추신경계 또는 대뇌의 손상, 사산과 같은 태아에 대한 명확한 위험성 보고.","""1등급
(분만유도/촉진, 불가피한 사유로 인한 인공임신중절 시 제외)""","정상"
2381,"임부금기","단일",D000754,Oxytetracycline,"옥시테트라사이클린","","[M223166]옥시테트라사이클린염산염","","정제/캡슐/산제/용액용산제/현탁액용산제/세립/용액용세립제/현탁액용세립제","2등급",20120925,"""태자에 일과성 골발육부전, 영구적 치아착색, 법랑질형성부전 보고.
동물실험에서 태자독성(주로 골격발달지연과 관련) 및 배자독성 보고.""","","정상"
2382,"임부금기","단일",D000566,Oxymetholone,"옥시메톨론","","[M051171]옥시메톨론","","정제","1등급",20081211,"여성 태아의 남성화 가능성.","","정상"
2383,"임부금기","단일",D000355,Oxiracetam,"옥시라세탐","","[M085324]옥시라세탐","","정제/유화주사제/용액용분말주사제/서방성현탁액용분말주사제/용액용동결건조분말주사제/현탁액용동결건조분말주사제/서방성현탁액용동결건조분말주사제/리포좀화현탁액용동결건조분말주사제/현탁액주사제/서방성현탁액성주사제/용액주사제/액상시럽제/건조시럽용 과립제","2등급",20130712,"","","정상"
2384,"임부금기","단일",D000263,Oxcarbazepine,"옥스카르바제핀","","[M086765]옥스카르바제핀","","경구용현탁액제/점이제, 현탁액용산제/현탁액제용주사용용제/직장용현탁액제/일반현탁분무제/정량현탁분무제/이식용현탁액제/점이현탁액제/유제/틴크제/전제/침제/레모네이드제/방향수제/주정제/피부액제/피부리니멘트제/도료/샴푸/경구용액제/질세정액/관류제/점이액제/혈액항응고보존액제/밀폐제용용액제/장기보존용액제/주사/피부단자시험용용액/방광내적용용액/정제","2등급",20081211,"동물실험에서 태자의 구조적 기형 및 다른 발달학적 독성(태자 사망률 증가, 성장지연) 발생 증가, 신생아 응고 작용 방해 보고.","","정상"
2385,"임부금기","단일",D000261,Oxatomide,"옥사토마이드","","[M083726]옥사토마이드","","정제","2등급",20130712,"동물 실험에서 구개열, 합지증, 지골형성부전 등 기형발생 보고.","","정상"
2386,"임부금기","단일",D000262,Oxaprozin,"옥사프로진","","[M084890]옥사프로진","","정제","2등급",20081211,"""임부에 대한 안전성 미확립.
임신 말기에 투여시 태아의 동맥관조기폐쇄 가능성.
동물실험에서 난산발생빈도 증가, 분만지연, 태아 생존율 감소, 동맥관수축 보고.""","","정상"
2387,"임부금기","단일",D000043,Oxaliplatin,"옥살리플라틴","","[M089133]옥살리플라틴","","용액주사제/유화주사제/용액용분말주사제/서방성현탁액용분말주사제/용액용동결건조분말주사제/현탁액용동결건조분말주사제/서방성현탁액용동결건조분말주사제/리포좀화현탁액용동결건조분말주사제/현탁액주사제/서방성현탁액성주사제","2등급",20081211,"전임상자료에 따르면 태아에게 치명적이거나 기형 유발 가능성.","","정상"
2388,"임부금기","단일",D000468,Orphenadrine,"오르페나드린","","[M222877]오르페나드린염산염","","정제/유화주사제/용액용분말주사제/서방성현탁액용분말주사제/용액용동결건조분말주사제/현탁액용동결건조분말주사제/서방성현탁액용동결건조분말주사제/리포좀화현탁액용동결건조분말주사제/현탁액주사제/서방성현탁액성주사제/용액주사제","2등급",20130712,"임부에 대한 안전성 미확립.","","정상"
2389,"임부금기","단일",D000315,Manidipine,"마니디핀","","[M233987]마니디핀염산염","","정제","2등급",20081211,"동물실험에서 임신기간 및 분만시간지연 보고.","","정상"
2390,"임부금기","단일",D000630,Mebendazole,"메벤다졸","","[M050415]메벤다졸","","정제/액상시럽제/건조시럽용 과립제","2등급",20081211,"동물실험에서 기형발생 보고.","","정상"
2391,"임부금기","단일",D000836,Meclofenamate,"메크로페남산","","[M081682]메크로페남산나트륨/[M200919]소듐메클로페나메이트","","정제/캡슐","2등급",20121121,"""임부에 대한 안전성 미확립.
임신 말기에 투여시 태아의 동맥관조기폐쇄 가능성.
동물실험에서 임신기간지연, 분만장애, 이유기의 성장장애, 난산발생빈도 증가, 태아 생존율 감소 보고.""","경구","삭제"
2392,"임부금기","단일",D000121,Medroxyprogesterone,"메드록시프로게스테론","","[M040146]초산메드록시프로게스테론/[M200491]메드록시프로게스테론아세테이트","","정제/유화주사제/용액용분말주사제/서방성현탁액용분말주사제/용액용동결건조분말주사제/현탁액용동결건조분말주사제/서방성현탁액용동결건조분말주사제/리포좀화현탁액용동결건조분말주사제/현탁액주사제/서방성현탁액성주사제/용액주사제","1등급",20081211,"생식기 이상(여성 태아의 외부생식기 남성화 및 남성태아의 요도하열) 및 기형(선천성 심장결함 및 수족감소결함 등) 가능성 보고.","""1등급
(항암치료 제외)
2등급
(항암치료)""","정상"
2393,"임부금기","단일",D000230,"Mefenamic acid","메페남산","","[M050476]메페남산/[M100591]메페남산","","정제/캡슐/산제/용액용산제/현탁액용산제/세립/용액용세립제/현탁액용세립제","2등급",20081211,"""임부에 대한 안전성 미확립.
임신 말기에 투여시 태아순환지속증 발생 보고 및 태아의 동맥관조기폐쇄 가능성.
동물실험에서 난산발생빈도 증가, 분만지연, 태아 생존율 감소, 동맥관수축 보고.""","","정상"
2394,"임부금기","단일",D000467,Mefloquine,"메플로퀸","","[M093780]염산메플로퀸","","정제","2등급",20081211,"동물실험에서 고용량 투여시 기형형성, 태자독성 나타남.","""2등급
(말라리아 치료시 제외)""","정상"
2395,"임부금기","단일",D000715,Megestrol,"메게스트롤","","[M086907]초산메게스트롤/[M200489]메게스트롤아세테이트","","경구용현탁액제/점이현탁액제","1등급",20081211,"(현탁액)
임부 투여시 태아에 치명적인 위해 가능성.
동물실험에서 수컷 새끼의 번식능력 손상, 태자의 체중감소, 생존출생 태자수의 감소, 수컷 태자의 여성화 등 보고.""","""(정제) 
임신 초기 4개월동안 투여시 기형아 출산 가능성(태아의 수족기형현상 4.7배 높게 보고됨).
(현탁액)
임부 투여시 태아에 치명적인 위해 가능성.
동물실험에서 수컷 새끼의 번식능력 손상, 태자의 체중감소, 생존출생 태자수의 감소, 수컷 태자의 여성화 등 보고.""","정상"
2396,"임부금기","단일",D000427,Meloxicam,"멜록시캄","","[M086439]멜록시캄","","정제/캡슐/산제/용액용산제/현탁액용산제/세립/용액용세립제/현탁액용세립제","2등급",20081211,"""임신 초기 사용시 유산, 심장기형, 배벽갈림증 위험 증가.
임신 말기 사용시 심폐독성, 신기능장애, 출혈시간 연장, 항응집 효과, 자궁수축 억제 가능성.
동물실험에서 착상 전후 손실, 배태자 사망률 및 기형발생 증가 보고.""","","정상"
2397,"임부금기","단일",D000320,Melphalan,"멜팔란","","[A005320]멜팔란/[M200547]멜팔란","","정제/유화주사제/용액용분말주사제/서방성현탁액용분말주사제/용액용동결건조분말주사제/현탁액용동결건조분말주사제/서방성현탁액용동결건조분말주사제/리포좀화현탁액용동결건조분말주사제/현탁액주사제/서방성현탁액성주사제/용액주사제","2등급",20081211,"""알킬화제의 기형유발 의심 증례보고.
동물실험에서 태자치사 및 기형유발(뇌의 변형(발육부전, 기형, 수막탈출증, 뇌탈출증) 및 눈의 변형(무안구증, 소안구증), 하악골과 꼬리축소, 간낭종 등) 보고.""","","정상"
2398,"임부금기","단일",D000317,Menotropins,"메노트로핀","","[M085252]메노트로핀/[M231891]메노트로핀에이치피","","용액주사제/유화주사제/용액용분말주사제/서방성현탁액용분말주사제/용액용동결건조분말주사제/현탁액용동결건조분말주사제/서방성현탁액용동결건조분말주사제/리포좀화현탁액용동결건조분말주사제/현탁액주사제/서방성현탁액성주사제","1등급",20081211,"","","정상"
2399,"임부금기","단일",D000123,Mercaptopurine,"메르캅토푸린","","[M040148]메르캅토푸린/[M223006]메르캅토푸린수화물","","정제","2등급",20081211,"""유조산 및 다른 화학요법제와 병용투여시 복합적인 선천성이상 보고.
동물실험에서 배아치사 및 중증의 최기형성 작용 유발 보고.""","경구","정상"
2400,"임부금기","단일",D000718,Metformin,"메트포르민","","[M201260]염산메트포민/[M214651]염산메트포르민/[M223014]메트포르민염산염/[M244179]메트포르민염산염/[M255741]메트포르민아세트산염/[M263864]메트포르민/[M266682]메트포르민염산염 콜로이드성이산화규소","","정제","2등급",20121121,"","","정상"
2401,"임부금기","단일",D000158,Methacycline,"메타사이클린","","[M020046]염산메타사이클린","","캡슐/산제/용액용산제/현탁액용산제/세립/용액용세립제/현탁액용세립제","2등급",20120925,"""태자에 일과성 골발육부전, 영구적 치아착색, 법랑질형성부전 보고.
동물실험에서 태자독성(주로 골격발달지연과 관련) 및 배자독성 보고.""","","정상"
2402,"임부금기","단일",D000126,Methimazole,"메티마졸","","[M050423]메티마졸","","정제","2등급",20140915,"임부에 대한 안전성 미확립. 태아에 갑상선종, 갑상선기능억제를 일으킬 수 있음.임신 초기(14주) 및 고용량 투여 시 선천성 피부 무형성, 두개안면 기형(후비공 폐쇄; 안면기형), 배꼽탈장, 식도폐쇄증, 배꼽창자간막관 기형, 심실사이막결손이 보고됨.임신 가능성이 있는 여성은 치료기간 동안 효과적으로 피임해야 함.","","정상"
2404,"임부금기","단일",D000160,Olopatadine,"올로파타딘","","[M093285]염산올로파타딘/[M233188]올로파타딘염산염","","정제","2등급",20130712,"임부에 대한 안전성 미확립.","","정상"
2406,"임부금기","단일",D000357,Olanzapine,"올란자핀","","[M089222]올란자핀/[M233301]미세올란자핀","","정제/유화주사제/용액용분말주사제/서방성현탁액용분말주사제/용액용동결건조분말주사제/현탁액용동결건조분말주사제/서방성현탁액용동결건조분말주사제/리포좀화현탁액용동결건조분말주사제/현탁액주사제/서방성현탁액성주사제/용액주사제","2등급",20120925,"""임부에 대한 안전성 미확립.
임신 3기에 투여시 신생아에서 추체외로장애, 금단증상(초조, 근육긴장항진 또는 저하, 진전 등) 보고.""","","정상"
2407,"임부금기","단일",D000666,Ofloxacin,"오플록사신","","[M081639]오플록사신","","정제/유화주사제/용액용분말주사제/서방성현탁액용분말주사제/용액용동결건조분말주사제/현탁액용동결건조분말주사제/서방성현탁액용동결건조분말주사제/리포좀화현탁액용동결건조분말주사제/현탁액주사제/서방성현탁액성주사제/용액주사제","2등급",20081211,"임부에 대한 안전성 미확립.","","정상"
2408,"임부금기","단일",D000466,Nortriptyline,"노르트립틸린","","[M050132]염산노르트립틸린","","정제","2등급",20121213,"임부에 대한 안전성 미확립.","","정상"
2409,"임부금기","단일",D000605,Norfloxacin,"노르플록사신","","[M081284]노르플록사신","","정제/캡슐/산제/용액용산제/현탁액용산제/세립/용액용세립제/현탁액용세립제/과립제/서방성과립제/장용성과립제 /용액용과립제/현탁액용과립제/서방성현탁액용과립제/발포과립제","2등급",20081211,"임부에 대한 안전성 미확립.","","정상"
2411,"임부금기","단일",D000786,Norethisterone,"노르에티스테론","","[M222945]노르에티스테론아세테이트","","정제","1등급",20081211,"신생여아 외부생식기의 남성화 가능성.","","정상"
2403,"임부금기","단일",D000716,Methotrexate,"메토트렉세이트","","[M040168]메토트렉세이트","","정제/캡슐/용액주사제/유화주사제/용액용분말주사제/서방성현탁액용분말주사제/용액용동결건조분말주사제/현탁액용동결건조분말주사제/서방성현탁액용동결건조분말주사제/리포좀화현탁액용동결건조분말주사제/현탁액주사제/서방성현탁액성주사제/산제/용액용산제/현탁액용산제/세립/용액용세립제/현탁액용세립제","1등급",20081211,"1등급
(류마티스성 관절염 및 건선치료)
2등급
(항암치료)
난자형성 또는 정자발생 이상, 일시적 정자부족증, 월경기능장애, 불임증 및 임신 1기에 투여시 유산, 태아사망, 선천기형 보고.","","정상"
2410,"임부금기","복합",D000786,Norethisterone,"노르에티스테론","[D000748]Estradiol(에스트라디올)","[M222945]노르에티스테론아세테이트/[M040401]에스트라디올/[M040402]길초산에스트라디올/[M088710]에스트라디올1/2수화물/[M103099]에스트라디올헤미하이드레이트/[M223135]에스트라디올 발레레이트/[M224167]에스트라디올반수화물/[M257134]에스트라디올발레레이트","","정제/유화주사제/용액용분말주사제/서방성현탁액용분말주사제/용액용동결건조분말주사제/현탁액용동결건조분말주사제/서방성현탁액용동결건조분말주사제/리포좀화현탁액용동결건조분말주사제/현탁액주사제/서방성현탁액성주사제/용액주사제/경피흡수제/서방성경피흡수제/전류조절형서방성경피흡수제","1등급",20081211,"""에스트로겐 대체 요법에 의해 남녀 태아의 생식기관의 유전적 결함 증가. 훗날 여성의 경우 질선종, 자궁경부, 편평세포형성장애, 자궁암 위험 증가.
임부에 유방암 발생 증가 가능성.
임신중 여성호르몬제 복용시 선천성 심장기형 및 사지결손증 증가 보고.
동물실험에서 태자의 생식기이상, 기형유발 보고.""","경구","정상"
2412,"임부금기","단일",D000082,Norepinephrine,"노르에피네프린","","[M091963]주석산수소노르에피네프린/[M252333]노르에피네프린타르타르산염수화물","","용액주사제/유화주사제/용액용분말주사제/서방성현탁액용분말주사제/용액용동결건조분말주사제/현탁액용동결건조분말주사제/서방성현탁액용동결건조분말주사제/리포좀화현탁액용동결건조분말주사제/현탁액주사제/서방성현탁액성주사제","2등급",20130712,"자궁혈관의 수축으로 태아 가사상태 가능성.","","정상"
2413,"임부금기","단일",D000787,Nitroprusside,"니트로푸루시드","","[M234430]니트로 푸루시드 나트륨","","용액주사제/유화주사제/용액용분말주사제/서방성현탁액용분말주사제/용액용동결건조분말주사제/현탁액용동결건조분말주사제/서방성현탁액용동결건조분말주사제/리포좀화현탁액용동결건조분말주사제/현탁액주사제/서방성현탁액성주사제","2등급",20130712,"임부에 대한 안전성 미확립.","","정상"
2414,"임부금기","단일",D000606,Nitrendipine,"니트렌디핀","","[M082312]니트렌디핀","","경구용현탁액제/점이제, 현탁액용산제/현탁액제용주사용용제/직장용현탁액제/일반현탁분무제/정량현탁분무제/이식용현탁액제/점이현탁액제/유제/틴크제/전제/침제/레모네이드제/방향수제/주정제/피부액제/피부리니멘트제/도료/샴푸/경구용액제/질세정액/관류제/점이액제/혈액항응고보존액제/밀폐제용용액제/장기보존용액제/주사/피부단자시험용용액/방광내적용용액/캡슐","2등급",20081211,"동물실험에서 기형발생 및 태아치사 작용 보고.","","정상"
2415,"임부금기","단일",D000196,Nisoldipine,"니솔디핀","","[M089893]니솔디핀","","정제","2등급",20081211,"동물실험에서 태아의 발육억제 및 최기형 작용 보고(유사약물에서).","","정상"
2416,"임부금기","단일",D000607,Nipradilol,"니프라딜롤","","[M083116]니프라딜롤","","정제","2등급",20130712,"동물실험에서 고용량 투여시 태자의 사망률 증가 및 발육억제, 사산자수 증가, 신생자의 생존률 저하 보고.","","정상"
2417,"임부금기","단일",D000496,Nimodipine,"니모디핀","","[M081634]니모디핀","","정제/유화주사제/용액용분말주사제/서방성현탁액용분말주사제/용액용동결건조분말주사제/현탁액용동결건조분말주사제/서방성현탁액용동결건조분말주사제/리포좀화현탁액용동결건조분말주사제/현탁액주사제/서방성현탁액성주사제/용액주사제","2등급",20081211,"""(주사)
임부에 대한 안전성 미확립.
(경구)
동물실험에서 태아의 성장 저해로 인한 체중감소, 발달지연 및 사망 보고.""","","정상"
2418,"임부금기","단일",D000083,Nimesulide,"니메술리드","","[M082649]니메술리드","","정제","2등급",20121121,"""임부에 대한 안전성 미확립.
임신 말기에 투여시 태아의 동맥관조기폐쇄 가능성.
동물실험에서 난산발생빈도 증가, 분만지연, 태아 생존율 감소 보고.""","","정상"
2419,"임부금기","단일",D000291,Nilvadipine,"닐바디핀","","[M085540]닐바디핀","","정제","2등급",20081211,"""다른 칼슘길항제 투여시 동물실험에서 기형발생 보고.
동물실험에서 임신말기 투여시 임신기간 및 분만시기 연장 보고.""","","정상"
2420,"임부금기","단일",D000608,Nilotinib,"닐로티닙","","[M249741]닐로티닙염산염일수화물","","캡슐/과립제/서방성과립제/장용성과립제 /용액용과립제/현탁액용과립제/서방성현탁액용과립제/발포과립제","2등급",20081211,"동물실험에서 배태자독성 보고.","","정상"
2421,"임부금기","단일",D000124,"Methylene blue","메칠렌블루","","[M040154]메칠렌블루","","용액주사제/유화주사제/용액용분말주사제/서방성현탁액용분말주사제/용액용동결건조분말주사제/현탁액용동결건조분말주사제/서방성현탁액용동결건조분말주사제/리포좀화현탁액용동결건조분말주사제/현탁액주사제/서방성현탁액성주사제","1등급",20140915,"""임부에 대한 안전성 미확립.
양막공간 노출시, 신생아에서 용혈성빈혈과 고빌리루빈혈증 발생 보고.""","","정상"
2422,"임부금기","단일",D000228,Methylergometrine,"메틸에르고메트린","","[M070382]말레인산메칠에르고메트린/[M223020]메틸에르고메트린말레산염","","정제/캡슐","1등급",20081211,"자궁수축 작용으로 인한 자궁내 태아에 대한 악영향, 유산 가능성.","경구","정상"
2424,"임부금기","단일",D000717,Metoprolol,"메토프로롤","","[I012506]메토프롤롤숙신산염/[M094172]호박산메토프로롤/[M258742]메토프롤롤타르타르산염/[M263868]메토프로롤","","정제","2등급",20081211,"임부에 대한 안전성 미확립.","","정상"
2425,"임부금기","단일",D000529,Mexazolam,"멕사졸람","","[M220309]멕사졸람","","정제","2등급",20121213,"벤조디아제핀계 약물의 최기형성 사례(대조군에 비해 높음), 신생아 포유곤란, 근긴장저하, 졸음, 황달 증가 및 분만전 연용시 신생아 금단증상(신경과민, 진전, 과다긴장 등) 보고.","경구","정상"
2423,"임부금기","단일",D000005,Methylprednisolone,"메틸프레드니솔론","","[M040162]메칠프레드니솔론/[M040163]호박산메칠프레드니솔론나트륨/[M050439]초산메칠프레드니솔론/[M084969]아세폰산메칠프레드니솔론/[M222493]메칠프레드니솔론나트륨호박산염/[M222845]메틸프레드니솔론숙시네이트나트륨/[M223027]메틸프레드니솔론/[M241237]메틸프레드니솔론아세폰산염/[M250724]메틸프레드니솔론아세포네이트/[M259222]아세폰산메틸프레드니솔론/[M261985]메틸프레드니솔론숙시네이트나트륨ㆍ건조인산나트륨ㆍ무수인산이수소나트륨","","정제/유화주사제/용액용분말주사제/서방성현탁액용분말주사제/용액용동결건조분말주사제/현탁액용동결건조분말주사제/서방성현탁액용동결건조분말주사제/리포좀화현탁액용동결건조분말주사제/현탁액주사제/서방성현탁액성주사제/용액주사제","2등급",20130712,"정제: 동물실험에서 기형발생 작용 보고.태아의 성장지체, 언청이의 위험 등의 증가, 뇌성장 및 발달에 영향 가능성. 신생아에 부신부전증 유발 가능성.  주사제: 태반 통과함. 사람에서 임신 중 코르티코이드를 반복적으로 투여 시, 태아 발달 지연(출생시 체중, 신장, 머리둘레 감소 등)의 위험성이 증가하였음. 신생아에 부신부전증 가능성. 동물실험에서 태아의 성장지체, 언청이의 위험 등의 증가, 뇌성장 및 발달에 영향을 포함한 기형발생이 보고됨.","","정상"
2426,"임부금기","단일",D000119,Macitentan,"마시텐탄","","[M260639]마시텐탄(미분화)","","정제","1등급",20160129,"""임부에 대한 안전성 미확립
선천성 결함 가능성
동물실험에서 최기형성 보고""","","정상"
2427,"임부금기","단일",D000007,Midazolam,"미다졸람","","[M088434]미다졸람/[M222760]미다졸람","","용액주사제/유화주사제/용액용분말주사제/서방성현탁액용분말주사제/용액용동결건조분말주사제/현탁액용동결건조분말주사제/서방성현탁액용동결건조분말주사제/리포좀화현탁액용동결건조분말주사제/현탁액주사제/서방성현탁액성주사제","2등급",20140915,"벤조디아제핀계 약물의 최기형성 사례(대조군에 비해 높음), 신생아 포유곤란, 근긴장저하, 졸음, 황달 증가 및 분만전 연용시 신생아 금단증상(신경과민, 진전, 과다긴장 등) 보고.","","정상"
2428,"임부금기","단일",D000432,Miglustat,"미글루스타트","","[M246027]미글루스타트","","캡슐","1등급",20140915,"""임부에 대한 안전성 미확립.
동물실험에서 생식독성 보고.""","","정상"
2429,"임부금기","단일",D000127,Minocycline,"미노사이클린","","[M223036]미노사이클린염산염","","캡슐/산제/용액용산제/현탁액용산제/세립/용액용세립제/현탁액용세립제","2등급",20081211,"""태자에 일과성 골발육부전, 영구적 치아착색, 법랑질형성부전 보고.
동물실험에서 태자독성(주로 골격발달지연과 관련) 및 배자독성 보고.""","","정상"
2430,"임부금기","단일",D000433,Minoxidil,"미녹시딜","","[M081480]미녹시딜","","정제","2등급",20130712,"임부에 대한 안전성 미확립.","","정상"
2431,"임부금기","단일",D000008,Mirabegron,"미라베그론","","[M258610]미라베그론","","서방정/서방성필름코팅정/서방성당의정/서방성다층정/서방성장용필름코팅정","2등급",20160129,"""임부에 대한 안전성 미확립
동물실험에서 생식독성(고용량에서 심장기형, 폐기형, 착상 후 유산 및 가역적 골화이상) 보고""","","정상"
2432,"임부금기","단일",D000233,Misoprostol,"미소프로스톨","","[M082141]미소프로스톨에취ㆍ피ㆍ엠ㆍ씨배산/[M082142]미소프로스톨/[M098012]미소프로스톨에취ㆍ피ㆍ엠ㆍ씨배산(1:100)/[M216471]미소프로스톨·히드록시프로필메칠셀룰로오스배산(1:100)/[M254672]미소프로스톨히프로멜로오스배산(1:100)/[M256097]미소프로스톨·히드록시프로필메틸셀룰로오스배산(1:100)/[M256598]미소프로스톨-히드록시프로필메틸셀룰로오스 배산/[M257626]미소프로스톨 100배산/[M258072]미소프로스톨 에취.피.엠.씨 배산","","정제","1등급",20081211,"비정상적 자궁수축, 양수색전증, 자궁내 태아사망, 완전 또는 불완전유산, 조산, 잔류태반, 자궁천공, 자궁파열 보고. 임신 첫 삼분기에 노출 시 기형 위험이 대조군에 비해 3배 증가. 이 약에 태아가 노출되면 뫼비우스 증후군(사지 결손 유무와 관계없이, 선천성 안면 마비로 인한 표정감소, 빨기, 연하 및 눈의 움직임 어려움), 양막띠 증후군(사지기형, 절단, 특히 만곡족, 지부족증, 손결여증, 구개열 등) 및 중추신경계 이상(무뇌증, 뇌수종, 소뇌저형성, 신경관 결함과 같은 대뇌 및 두개골 이상) 보고.","","정상"
2433,"임부금기","단일",D000130,Mitiglinide,"미티글리니드","","[M252108]미티글리니드칼슘수화물","","정제","2등급",20081211,"동물실험에서 태반 통과 확인 및 저혈당으로 인한 모체 사망사례 보고.","경구","정상"
2434,"임부금기","단일",D000531,"Mitomycin C","미토마이신씨","","[M020052]미토마이신씨","","용액주사제/유화주사제/용액용분말주사제/서방성현탁액용분말주사제/용액용동결건조분말주사제/현탁액용동결건조분말주사제/서방성현탁액용동결건조분말주사제/리포좀화현탁액용동결건조분말주사제/현탁액주사제/서방성현탁액성주사제","1등급",20081211,"동물실험에서 기형발생 보고.","","정상"
2435,"임부금기","단일",D000532,Mitoxantrone,"미톡산트론","","[M085504]염산미톡산트론/[M246141]미톡산트론염산염","","용액주사제/유화주사제/용액용분말주사제/서방성현탁액용분말주사제/용액용동결건조분말주사제/현탁액용동결건조분말주사제/서방성현탁액용동결건조분말주사제/리포좀화현탁액용동결건조분말주사제/현탁액주사제/서방성현탁액성주사제","2등급",20081211,"""임부에 대한 안전성 미확립. 
기형유발 가능성.""","","정상"
2436,"임부금기","단일",D000634,Mizoribine,"미조리빈","","[M086418]미조리빈","","정제","2등급",20081211,"동물실험에서 기형발생 보고.","","정상"
2437,"임부금기","단일",D000197,Nifedipine,"니페디핀","","[M050164]니페디핀/[M260164]니페디핀(미분화)","","경구용현탁액제/점이제, 현탁액용산제/현탁액제용주사용용제/직장용현탁액제/일반현탁분무제/정량현탁분무제/이식용현탁액제/점이현탁액제/유제/틴크제/전제/침제/레모네이드제/방향수제/주정제/피부액제/피부리니멘트제/도료/샴푸/경구용액제/질세정액/관류제/점이액제/혈액항응고보존액제/밀폐제용용액제/장기보존용액제/주사/피부단자시험용용액/방광내적용용액/정제/캡슐","2등급",20081211,"동물실험에서 기형발생 및 배태자독성 보고.","","정상"
2438,"임부금기","단일",D000290,"Nicotinic acid","니코틴산","","[A005290]니코틴산/[M040063]니코틴산","","정제/캡슐/용액주사제/유화주사제/용액용분말주사제/서방성현탁액용분말주사제/용액용동결건조분말주사제/현탁액용동결건조분말주사제/서방성현탁액용동결건조분말주사제/리포좀화현탁액용동결건조분말주사제/현탁액주사제/서방성현탁액성주사제/산제/용액용산제/현탁액용산제/세립/용액용세립제/현탁액용세립제/과립제/서방성과립제/장용성과립제 /용액용과립제/현탁액용과립제/서방성현탁액용과립제/발포과립제/액상시럽제/건조시럽용 과립제/경구용현탁액제/점이제, 현탁액용산제/현탁액제용주사용용제/직장용현탁액제/일반현탁분무제/정량현탁분무제/이식용현탁액제/점이현탁액제/유제/틴크제/전제/침제/레모네이드제/방향수제/주정제/피부액제/피부리니멘트제/도료/샴푸/경구용액제/질세정액/관류제/점이액제/혈액항응고보존액제/밀폐제용용액제/장기보존용액제/주사/피부단자시험용용액/방광내적용용액","2등급",20081211,"임부에 대한 안전성 미확립.","","정상"
2439,"임부금기","단일",D000499,Nicotine,"니코틴","","[M086117]니코틴/[M095123]니코틴폴라크리렉스/[M100305]이주석산니코틴이수화물/[M102669]니코틴폴라크릴렉스/[M209023]니코틴레지네이트/[M267158]니코틴타르타르산염수화물","","로젠지/껌제/구강붕해정/경피흡수제/서방성경피흡수제/전류조절형서방성경피흡수제","2등급",20081211,"""용량 비례적으로 태아의 호흡과 순환에 위해성 보고.
동물실험에서 태자의 비특이적 성장지연 및 골격계이상이 야기됨.""","","정상"
2440,"임부금기","단일",D000497,Nicardipine,"니카르디핀","","[M222948]니카르디핀염산염/[M228651]니카르디핀염산염위용성과립/[M228652]니카르디핀염산염장용성과립","","정제/캡슐/용액주사제/유화주사제/용액용분말주사제/서방성현탁액용분말주사제/용액용동결건조분말주사제/현탁액용동결건조분말주사제/서방성현탁액용동결건조분말주사제/리포좀화현탁액용동결건조분말주사제/현탁액주사제/서방성현탁액성주사제","2등급",20081211,"""동물실험에서 임신 말기에 고용량 투여시 태자 사망증가, 분만장애, 출생자의 체중감소 및 출생 후 체중증가의 억제 보고.
임신중 고혈압에 투여시 태아에게 해가 되거나 태아 사망까지도 유발 가능성.""","","정상"
2442,"임부금기","단일",D000604,Netilmicin,"네틸마이신","","[M020218]황산네틸마이신/[M222832]네틸마이신황산염","","정제/캡슐","2등급",20081211,"신생아에 제8뇌신경장애 가능성.","","정상"
2443,"임부금기","단일",D000603,Neomycin,"네오마이신","","[M020009]황산네오마이신/[M202893]네오마이신황산염","","연고/크림/점안용액제/용액용점안분말제/질좌제, 일반/질좌제, 서방성","2등급",20140925,"","","정상"
2444,"임부금기","단일",D000495,Nemonapride,"네모나프리드","","[M085545]네모나프리드","","정제","2등급",20120925,"""임부에 대한 안전성 미확립.
동물실험에서 주산기 사망의 증가 보고.""","","정상"
2445,"임부금기","단일",D000289,"Nefopam Hydrochloride","네포팜염산염","","[M050126]염산네포팜/[M254140]네포팜염산염","","캡슐/유화주사제/용액용분말주사제/서방성현탁액용분말주사제/용액용동결건조분말주사제/현탁액용동결건조분말주사제/서방성현탁액용동결건조분말주사제/리포좀화현탁액용동결건조분말주사제/현탁액주사제/서방성현탁액성주사제/용액주사제/산제/용액용산제/현탁액용산제/세립/용액용세립제/현탁액용세립제","2등급",20121121,"임부에 대한 안전성 미확립.","","정상"
2446,"임부금기","단일",D000785,Nebivolol,"네비보롤","","[M246568]네비보롤염산염/[M254774]네비보롤염산염","","정제","2등급",20130712,"""임부에 대한 안전성 미확립.
베타차단제는 태반환류를 감소시켜 태아 사망과 미숙 및 조숙 분만 초래 가능성.
태아와 신생아에서 저혈당, 서맥 가능성 및 신생아의 심폐합병증 위험성 증가.""","","정상"
2447,"임부금기","단일",D000194,Nateglinide,"나테글리니드","","[M089833]나테글리니드","","정제","2등급",20081211,"동물실험에서 내장기관 기형(흉선의경부잔류, 담낭결손) 발생, 초기유산 및 태자사망 증가 관찰. 신생자의 체중증가 억제, 사산자 및 신생자 사망 증가 경향 보고.","","정상"
2448,"임부금기","단일",D000287,Naratriptan,"나라트립탄","","[M249577]나라트립탄염산염","","정제","2등급",20121211,"임부에 대한 안전성 미확립.","","정상"
2450,"임부금기","단일",D000783,"Nalidixic Acid","날리딕스산","","[M040054]날리딕스산","","정제","2등급",20081211,"임부에 대한 안전성 미확립.","","정상"
2451,"임부금기","단일",D000784,Nalbuphine,"날부핀","","[M082036]염산날부핀/[M257272]날부핀염산염","","용액주사제/유화주사제/용액용분말주사제/서방성현탁액용분말주사제/용액용동결건조분말주사제/현탁액용동결건조분말주사제/서방성현탁액용동결건조분말주사제/리포좀화현탁액용동결건조분말주사제/현탁액주사제/서방성현탁액성주사제","2등급",20121121,"""임부에 대한 안전성 미확립.
분만시 신생아의 호흡억제 가능성.""","","정상"
2452,"임부금기","단일",D000602,Nafamostat,"나파모스타트","","[I012503]나파모스타트메실산염/[M098405]메실산나파모스타트/[M262090]나파모스타트메실산염","","용액주사제/유화주사제/용액용분말주사제/서방성현탁액용분말주사제/용액용동결건조분말주사제/현탁액용동결건조분말주사제/서방성현탁액용동결건조분말주사제/리포좀화현탁액용동결건조분말주사제/현탁액주사제/서방성현탁액성주사제","2등급",20130712,"""임부에 대한 안전성 미확립.
동물실험에서 대량투여시 태아 사망률 증가 및 체중증가 억제, 분만율 저하 보고.""","","정상"
2453,"임부금기","단일",D000601,Nadolol,"나도롤","","[M050112]나도롤","","정제","2등급",20130712,"""임부에 대한 안전성 미확립.
동물실험에서 대량 투여시 태자사망, 유산 보고.""","","정상"
2454,"임부금기","단일",D000081,Nabumetone,"나부메톤","","[M084590]나부메톤","","정제","2등급",20081211,"""임부에 대한 안전성 미확립.
임신 말기에 투여시 태아의 동맥관조기폐쇄 가능성.
동물실험에서 난산발생빈도 증가, 분만지연, 태아 생존율 감소 보고.""","","정상"
2455,"임부금기","단일",D000325,Mycophenolate,"미코페놀레이트","","[M089670]미코페놀레이트모페틸/[M099656]미코페놀레이트나트륨/[M254778]미코페놀산모페틸/[M263869]미코페놀레이트","","정제/캡슐/산제/용액용산제/현탁액용산제/세립/용액용세립제/현탁액용세립제/과립제/서방성과립제/장용성과립제 /용액용과립제/현탁액용과립제/서방성현탁액용과립제/발포과립제","2등급",20081211,"임신중 복용시 유산 위험 및 선천성기형(얼굴기형, 원위성 사지, 심장, 식도, 신장기형 등) 위험 증가.","","정상"
2456,"임부금기","단일",D000231,Moxonidine,"목소니딘","","[M085598]목소니딘","","정제","2등급",20130712,"동물실험에서 태자의 체중감소와 출생율 감소, 이유기까지의 생존율 감소 및 신체발육지연 보고.","","정상"
2457,"임부금기","단일",D000430,Moxifloxacin,"목시플록사신","","[M090822]염산목시플록사신/[M247915]목시플록사신염산염/[M247929]목시플록사신","","정제/유화주사제/용액용분말주사제/서방성현탁액용분말주사제/용액용동결건조분말주사제/현탁액용동결건조분말주사제/서방성현탁액용동결건조분말주사제/리포좀화현탁액용동결건조분말주사제/현탁액주사제/서방성현탁액성주사제/용액주사제","2등급",20081211,"""임부에 대한 안전성 미확립.
동물실험에서 골격기형, 유산 증가, 태자 무게감소, 출생전 사망 증가, 임신기간 연장 등 보고.""","경구","정상"
2458,"임부금기","단일",D000006,Morphine,"모르핀","","[M040182]염산모르핀/[M040184]황산모르핀/[M103284]모르핀/[M208615]황산모르핀/[M223034]모르핀황산염수화물/[M230907]모르핀염산염수화물","","정제/캡슐","2등급",20081211,"""동물실험에서 고용량 투여시 저산소증으로 인한 기형 유발, 새끼의 사망률 및 발달장애 증가 보고.
신생아에서 마약금단증상(신경과민, 과도한 움직임, 울음, 불면, 떨림, 발열 등) 가능성. 출산/분만 중 투여시 신생아 호흡억제 유발 가능성.""","경구","정상"
2459,"임부금기","단일",D000321,Morniflumate,"모니플루메이트","","[M092795]모니플루메이트","","정제","2등급",20121121,"""임부에 대한 안전성 미확립.
임신 말기에 투여시 태아의 동맥관조기폐쇄 가능성.
동물실험에서 난산발생빈도 증가, 분만지연, 태아 생존율 감소 보고.""","","정상"
2460,"임부금기","단일",D000431,Molindone,"몰린돈","","[M086757]염산몰린돈/[M256587]몰린돈염산염","","정제","2등급",20120925,"""임부에 대한 안전성 미확립. 
임신 3기에 투여시 신생아에서 추체외로장애, 금단증상(초조, 근육긴장항진 또는 저하, 진전 등) 보고.""","","정상"
2461,"임부금기","단일",D000428,Moexipril,"모엑시프릴","","[M088647]염산모엑시프릴/[M246321]모엑시프릴염산염","","정제","2등급",20081211,"임신 제2 및 3기에 ACE저해제 투여시 양수과소증, 태아 및 신생아 사망, 신생아의 저혈압, 신부전, 고칼륨혈증, 두개형성부전, 양수과소증에 의한 것으로 추정되는 사지의 경축, 두개단면변형, 폐형성부전 및 자궁내 성장지연 등 보고.","","정상"
2462,"임부금기","단일",D000632,Modafinil,"모다피닐","","[M100572]모다피닐","","정제","2등급",20130712,"동물실험에서 생식독성 보고.","","정상"
2808,"임부금기","단일",D000936,Aliskiren,"알리스키렌","","[M216621]헤미푸마르산 알리스키렌/[M246265]알리스키렌헤미푸마르산염/[M250153]알리스키렌헤미프마르산염","","정제","2등급",20130712,"임신 제2 및 3기에 투여시 저혈압, 신생아 두개골형성저하, 무뇨, 신손상, 양수과소증(사지구축, 두개안면기형, 폐발육부전과 관련 있음) 및 사망 보고.","","삭제"
2809,"임부금기","단일",D000937,Allylestrenol,"알릴에스트레놀","","[M051031]알릴에스트레놀","","정제","1등급",20081211,"","경구","정상"
2811,"임부금기","단일",D000255,Altretamine,"알트레타민","","[M094184]알트레타민","","캡슐","2등급",20081211,"동물실험에서 과량 투여시 배자독성, 기형유발 및 태자의 생후 생존율 감소 또는 배자사망 보고.","경구","정상"
2812,"임부금기","단일",D000343,Amantadine,"아만타딘","","[M050926]염산아만타딘/[M081897]황산아만타딘/[M258880]아만타딘황산염/[M263832]아만타딘","","정제/캡슐/용액주사제/유화주사제/용액용분말주사제/서방성현탁액용분말주사제/용액용동결건조분말주사제/현탁액용동결건조분말주사제/서방성현탁액용동결건조분말주사제/리포좀화현탁액용동결건조분말주사제/현탁액주사제/서방성현탁액성주사제","2등급",20081211,"임신 합병증, 기형(심혈관의 결함, 수족의 짧음) 보고.","경구","정상"
2813,"임부금기","단일",D000661,Amfenac,"암페낙","","[M084283]암페낙나트륨","","캡슐","2등급",20081211,"""임신 말기에 투여시 태아의 동맥관조기폐쇄 가능성.
동물실험에서 동맥관수축, 난산발생빈도 증가, 분만지연, 태아 생존율 감소 보고.""","경구","정상"
2814,"임부금기","단일",D000259,Amiodarone,"아미오다론","","[A005259]아미오다론","","정제/유화주사제/용액용분말주사제/서방성현탁액용분말주사제/용액용동결건조분말주사제/현탁액용동결건조분말주사제/서방성현탁액용동결건조분말주사제/리포좀화현탁액용동결건조분말주사제/현탁액주사제/서방성현탁액성주사제/용액주사제","2등급",20081211,"임부에 대한 안전성 미확립.부정맥 위험이 증가 될 수 있으므로 진통 및 분만 중에 사용 시 모니터링 필요.","경구","정상"
2815,"임부금기","단일",D000940,Amsacrine,"암사크린","","[M094151]암사크린","","용액주사제/유화주사제/용액용분말주사제/서방성현탁액용분말주사제/용액용동결건조분말주사제/현탁액용동결건조분말주사제/서방성현탁액용동결건조분말주사제/리포좀화현탁액용동결건조분말주사제/현탁액주사제/서방성현탁액성주사제","2등급",20081211,"동물실험에서 기형발생, 태자독성 보고.","경구","정상"
2816,"임부금기","단일",D000144,Anastrozole,"아나스트로졸","","[M089187]아나스트로졸","","정제","1등급",20081211,"동물실험에서 생식독성 및 태자 생존율 감소 보고.","경구","정상"
2818,"임부금기","단일",D000455,Atorvastatin,"아토르바스타틴","","[I004369]아토르바스타틴칼슘수화물/[M093499]아토르바스타틴칼슘/[M213543]무수아토르바스타틴칼슘/[M215219]아토르바스타틴칼슘삼수화물/[M218956]아토르바스타틴삼수화물/[M244955]아토르바스타틴 스트론튬/[M247057]아토르바스타틴칼슘염무수물/[M251687]아토르바스타틴칼슘/[M256664]아토르바스타틴칼슘수화물/[M263837]아토르바스타틴","","정제","1등급",20081211,"임부에 대한 안전성 미확립.","","정상"
2819,"임부금기","단일",D000941,Bumetanide,"부메타니드","","[M050625]부메타니드","","정제/유화주사제/용액용분말주사제/서방성현탁액용분말주사제/용액용동결건조분말주사제/현탁액용동결건조분말주사제/서방성현탁액용동결건조분말주사제/리포좀화현탁액용동결건조분말주사제/현탁액주사제/서방성현탁액성주사제/용액주사제","2등급",20130712,"임부에 대한 안전성 미확립.","","정상"
2820,"임부금기","단일",D000942,Carmofur,"카르모푸르","","[M081057]카르모푸르/[M201731]카모푸르","","정제","2등급",20081211,"동물실험에서 기형유발 보고.","경구","정상"
2821,"임부금기","단일",D000943,Carmustine,"카무스틴","","[M087021]카무스틴","","이식물","2등급",20130523,"임부에 대한 안전성 미확립.","","정상"
2824,"임부금기","단일",D000946,Deferiprone,"데페리프론","","[M214179]데페리프론","","정제","2등급",20081211,"동물실험에서 생식독성 위험 보고. 최기형 및 염색체 이상의 우려가 있음.","경구","정상"
2825,"임부금기","단일",D000871,Delapril,"델라프릴","","[M070262]염산데라프릴/[M201251]염산델라프릴/[M229019]델라프릴염산염","","정제","2등급",20081211,"""임신 2기 및 3기에 ACE 저해제 복용시 태아 및 신생아에 저혈압, 신생아 두개형성부전, 무뇨, 고칼륨혈증, 신부전 및 사망 가능성.
태아의 신기능감소에 의한 양수과소증으로 태아사지경축, 두개안면변형 및 폐발육형성부전 가능성.""","경구","삭제"
2826,"임부금기","단일",D000947,Dienestrol,"디에네스트롤","","[M082430]디에네스트롤","","크림","1등급",20081211,"","","정상"
2827,"임부금기","단일",D000613,Dienogest,"디에노게스트","","[M252442]디에노게스트(미분화)/[M254421]디에노게스트","","정제","2등급",20150520,"임부에 대한 안전성 미확립.","","정상"
2828,"임부금기","복합",D000747,Ergotamine,"에르고타민","[D000852]Caffeine(카페인)","[M040398]주석산에르고타민/[M223126]에르고타민타르타르산염/[M040579]카페인(함수)/[M040580]무수카페인/[M090611]카페인/[M223183]카페인무수물/[M223184]카페인수화물/[M241017]무수물카페인","","정제","1등급",20081211,"주석산에르고타민의 자궁수축 및 혈관수축 작용.","경구","정상"
2829,"임부금기","단일",D000872,Etofibrate,"에토피브레이트","","[M080765]에토휘브레이트/[M084382]에토피브레이트서방형과립/[M104876]에토피브레이트/[M201227]에토피브레이트/[M201228]에토피브레이트서방과립","","캡슐","2등급",20130712,"임신중(특히 3개월 이후) 투여시 태아에 축적되어 태아독성 유발 가능성.","캡슐제","정상"
2830,"임부금기","단일",D000901,Fexofenadine,"펙소페나딘","","[M089143]염산펙소페나딘/[M246634]펙소페나딘염산염","","정제","2등급",20130712,"동물실험에서 고용량 투여시 용량 의존적으로 태자의 체중감소와 생존률 감소 보고.","","정상"
2831,"임부금기","단일",D000948,Fleroxacin,"플레록사신","","[M088965]플레록사신","","정제","2등급",20081211,"임부에 대한 안전성 미확립.","경구","정상"
2832,"임부금기","단일",D000949,Flutamide,"플루타미드","","[M088913]플루타미드","","정제","1등급",20081211,"","경구","정상"
2833,"임부금기","단일",D000950,Gestrinone,"게스트리논","","[M084826]게스트리논","","캡슐","2등급",20081211,"동물실험에서 고용량 투여시 태자독성 보고.","경구","정상"
2834,"임부금기","단일",D000848,Glucametacin,"글루카메타신","","[M082663]글루카메타신","","캡슐","2등급",20121121,"""임부에 대한 안전성 미확립.
임신 말기에 투여시 태아의 동맥관조기폐쇄 가능성.
동물실험에서 난산발생빈도 증가, 분만지연, 태아 생존율 감소 보고.""","경구","정상"
2835,"임부금기","단일",D000951,Ixabepilone,"익사베필론","","[M235052]익사베필론","","용액주사제/유화주사제/용액용분말주사제/서방성현탁액용분말주사제/용액용동결건조분말주사제/현탁액용동결건조분말주사제/서방성현탁액용동결건조분말주사제/리포좀화현탁액용동결건조분말주사제/현탁액주사제/서방성현탁액성주사제","2등급",20081211,"""임부에 대한 안전성 미확립.
동물실험에서 모체 독성(사망) 및 배태자 독성(배자 사망) 보고.""","","정상"
2836,"임부금기","단일",D000849,Lonazolac,"로나졸락","","[M081321]로나졸락칼슘/[M106294]로나졸락/[M201756]칼슘로나졸락","","정제","2등급",20121121,"""임부에 대한 안전성 미확립.
임신 말기에 투여시 태아의 동맥관조기폐쇄 가능성.
동물실험에서 난산발생빈도 증가, 분만지연, 태아 생존율 감소 보고.""","경구","삭제"
2837,"임부금기","단일",D000952,"Magnesium salicylate","마그네슘살리실레이트","","[M081390]살리실산마그네슘4수화물/[M084360]살리실산마그네슘","","정제","2등급",20121121,"""임부에 대한 안전성 미확립.
임신 말기에 투여시 태아의 동맥관조기폐쇄 가능성.
동물실험에서 동맥관수축, 난산발생빈도 증가, 분만지연, 태아 생존율 감소 보고.""","경구","정상"
2838,"임부금기","단일",D000953,Mitotane,"미토테인","","[M095400]미토테인/[M200618]미토탄","","정제","2등급",20081211,"임부에 대한 안전성 미확립.","","정상"
2839,"임부금기","단일",D000954,"Nandrolone decanoate","난드로론 데카노에이트","","[M080758]난드로론데카노에이트/[M200177]난드롤론데카노에이트","","용액주사제/유화주사제/용액용분말주사제/서방성현탁액용분말주사제/용액용동결건조분말주사제/현탁액용동결건조분말주사제/서방성현탁액용동결건조분말주사제/리포좀화현탁액용동결건조분말주사제/현탁액주사제/서방성현탁액성주사제","1등급",20081211,"여성 태아의 남성화 가능성.","","정상"
2840,"임부금기","단일",D000955,Nimustine,"니무스틴","","[M089327]염산니무스틴","","용액주사제/유화주사제/용액용분말주사제/서방성현탁액용분말주사제/용액용동결건조분말주사제/현탁액용동결건조분말주사제/서방성현탁액용동결건조분말주사제/리포좀화현탁액용동결건조분말주사제/현탁액주사제/서방성현탁액성주사제","2등급",20081211,"동물실험에서 다지증 등의 기형발생 보고.","","삭제"
2841,"임부금기","단일",D000956,Olpadronate,"올파드로네이트","","[M218226]올파드로네이트 나트륨","","정제","2등급",20130712,"임부에 대한 안전성 미확립.","","삭제"
2842,"임부금기","단일",D000957,Oxandrolone,"옥산드로론","","[M051158]옥산드로론","","정제","1등급",20081211,"여성 태아의 남성화 가능성.","","정상"
2843,"임부금기","단일",D000864,Penbutolol,"펜부톨롤","","[M084133]황산펜부톨롤/[M223285]펜부톨롤황산염","","정제","2등급",20130712,"""임부에 대한 안전성 미확립.
신생아에서 서맥, 혈압강하 가능성.""","","삭제"
2844,"임부금기","단일",D000896,Pheniramine,"페니라민","","[I002961]페니라민아미노살리실레이트/[I002962]페니라민말레산염/[M051704]말레인산페니라민/[M086103]니스과립디/[M086104]니스과립C-2/[M237022]페니라민말레산염","","액상시럽제/건조시럽용 과립제","2등급",20130712,"태반 관류 감소 가능성.","","정상"
2845,"임부금기","단일",D000958,Pralatrexate,"프랄라트렉세이트","","[M254995]프랄라트렉세이트","","용액주사제/유화주사제/용액용분말주사제/서방성현탁액용분말주사제/용액용동결건조분말주사제/현탁액용동결건조분말주사제/서방성현탁액용동결건조분말주사제/리포좀화현탁액용동결건조분말주사제/현탁액주사제/서방성현탁액성주사제","2등급",20130523,"""임부에 대한 안전성 미확립.
동물실험에서 생식독성 보고.""","","정상"
2846,"임부금기","단일",D000959,Pregabalin,"프레가발린","","[M102323]프레가발린","","정제/캡슐","2등급",20130712,"""임부에 대한 안전성 미확립.
동물실험에서 생식독성 보고.""","","정상"
2847,"임부금기","단일",D000960,Prulifloxacin,"프롤리플록사신","","[M221581]프룰리플록사신","","정제/캡슐","2등급",20081211,"임부에 대한 안전성 미확립.","경구","정상"
2849,"임부금기","단일",D000850,"Sodium salicylate","살리실산나트륨","","[M040268]살리실산나트륨/[M200822]살리실산소듐","","정제/캡슐","2등급",20121121,"""임부에 대한 안전성 미확립.
임신 말기에 투여시 태아의 동맥관조기폐쇄 가능성.
동물실험에서 동맥관수축, 난산발생빈도 증가, 분만지연, 태아 생존율 감소 보고.""","경구","정상"
2850,"임부금기","단일",D000963,Stanozolol,"스타노조롤","","[M092188]스타노조롤","","정제","1등급",20081211,"여성 태아의 남성화 가능성.","경구","정상"
2852,"임부금기","단일",D000965,"Strontium ranelate","스트론튬라넬레이트","","[M246454]스트론튬라넬레이트구수화물","","과립제/서방성과립제/장용성과립제 /용액용과립제/현탁액용과립제/서방성현탁액용과립제/발포과립제","2등급",20150520,"""임부에 대한 안전성 미확립. 
동물실험에서 고용량 투여시 태자의 뼈에 가역적인 영향 보고.""","","삭제"
2853,"임부금기","단일",D000851,"Tolfenamic acid","톨페남산","","[M051611]톨페남산","","캡슐/산제/용액용산제/현탁액용산제/세립/용액용세립제/현탁액용세립제","2등급",20121121,"""임부에 대한 안전성 미확립.
임신 말기에 투여시 태아의 동맥관조기폐쇄 가능성.
동물실험에서 동맥관수축, 난산발생빈도 증가, 분만지연, 태아 생존율 감소 보고.""","","정상"
2854,"임부금기","단일",D000964,Tropisetron,"트로피세트론","","[M091970]염산트로피세트론/[M240619]트로피세트론염산염","","정제/유화주사제/용액용분말주사제/서방성현탁액용분말주사제/용액용동결건조분말주사제/현탁액용동결건조분말주사제/서방성현탁액용동결건조분말주사제/리포좀화현탁액용동결건조분말주사제/현탁액주사제/서방성현탁액성주사제/용액주사제","2등급",20081211,"동물실험에서 임신률, 임신기간 감소, 고용량 투여시 배아독성 및 발달부전 보고.","","삭제"
2855,"임부금기","단일",D000064,Tetracycline,"테트라사이클린","","[M223235]테트라사이클린염산염","","캡슐/산제/용액용산제/현탁액용산제/세립/용액용세립제/현탁액용세립제","2등급",20081211,"""태자에 일과성 골발육부전, 영구적 치아착색, 법랑질형성부전 보고.
동물실험에서 태자독성(주로 골격발달지연과 관련) 및 배자독성 보고.""","","정상"
2856,"임부금기","단일",D000275,Chlormadinone,"클로르마디논","","[M223209]클로르마디논아세테이트","","정제","1등급",20081211,"","","정상"
2865,"임부금기","단일",D000180,Clozapine,"클로자핀","","[M081194]클로자핀","","정제","2등급",20120925,"""임신중 투여에 대한 안전성 미확립.
임신 3기에 투여시 신생아에서 추체외로장애, 금단증상(초조, 근육긴장항진 또는 저하, 진전 등) 보고.""","","정상"
2866,"임부금기","단일",D000087,Doripenem,"도리페넴","","[M249413]도리페넴일수화물","","용액주사제/유화주사제/용액용분말주사제/서방성현탁액용분말주사제/용액용동결건조분말주사제/현탁액용동결건조분말주사제/서방성현탁액용동결건조분말주사제/리포좀화현탁액용동결건조분말주사제/현탁액주사제/서방성현탁액성주사제","2등급",20150520,"임부에 대한 안전성 미확립.","","정상"
2867,"임부금기","단일",D000660,Alprazolam,"알프라졸람","","[M211313]알프라졸람/[M261118]알프라졸람","","정제","2등급",20081211,"임신 후기 3개월이나 분만시 노출된 영아에서 이완소아증후군(근긴장저하)이나 신생아 금단증상(신경과민, 진전, 과긴장), 포유곤란, 졸음, 황달증가 발생 보고.","경구","정상"
2872,"임부금기","단일",D000568,"Sodium Iodide(131I)","요오드화나트륨(131I)","","[M094481]요오드화나트륨(131 I)액/[M201433]요오드화나트륨(131I)/[M222550]방사성요오드화나트륨(131I)액","","정제/캡슐/용액주사제/유화주사제/용액용분말주사제/서방성현탁액용분말주사제/용액용동결건조분말주사제/현탁액용동결건조분말주사제/서방성현탁액용동결건조분말주사제/리포좀화현탁액용동결건조분말주사제/현탁액주사제/서방성현탁액성주사제","1등급",20140915,"임부에 대한 안전성 미확립.","","정상"
2874,"임부금기","단일",D000350,Ezetimibe,"에제티미브","","[M097492]에제티미브","","정제","2등급",20130712,"동물실험에서 고용량 투여시 태자 골격이상(늑골추가형성, 경추중심부골화부전, 늑골축소) 발현 증가 관찰.","","정상"
2875,"임부금기","단일",D000240,Sarpogrelate,"사르포그렐레이트","","[M088628]염산사포그릴레이트/[M236690]사포그릴레이트염산염/[M261406]사르포그렐레이트염산염/[M262978]사르포그릴레이트염산염","","정제","2등급",20081211,"동물시험에서 태자 사망률 증가 및 신생자 생존율 저하 보고.","","정상"
2876,"임부금기","단일",D000524,Roflumilast,"로플루밀라스트","","[M252180]로플루밀라스트(미분화)","","정제","2등급",20150520,"""임부에 대한 안전성 미확립. 
동물실험에서 태반통과, 생식독성 보고.""","","정상"
2930,"임부금기","복합",D000659,Artesunate,"알테수네이트","[D000980]Pyronaridine(피로나리딘)","[M250630]알테수네이트/[M250629]피로나리딘인산염/[M256524]피로나리딘인산염","","정제/과립제/서방성과립제/장용성과립제 /용액용과립제/현탁액용과립제/서방성현탁액용과립제/발포과립제","2등급",20130712,"""임부에 대한 안전성 미확립.
동물실험에서 배아독성 및 최기형성 보고.""","","정상"
2931,"임부금기","단일",D000659,Artesunate,"알테수네이트","","[M250630]알테수네이트","","정제/과립제/서방성과립제/장용성과립제 /용액용과립제/현탁액용과립제/서방성현탁액용과립제/발포과립제","2등급",20130712,"임부에 대한 안전성 미확립.
동물실험에서 배아독성 및 최기형성 보고.","","정상"
2932,"임부금기","단일",D000866,S-Atenolol,"에스아테놀롤","","[M102686]에스아테놀롤/[M213598]에스-아테놀롤/[M257843]S-아테놀롤","","정제","2등급",20130712,"임부에 대한 안전성 미확립.
베타차단제는 태반관류를 감소시켜 자궁내 사망, 미숙분만, 조숙분만 야기 가능.
분만 또는 수유중 투여시 신생아에서 저혈당증이나 서맥 위험 가능.","","정상"
2933,"임부금기","복합",D000056,Chlordiazepoxide,"클로르디아제폭시드","[D000585]Clidinium(클리디늄)","[M088403]클로르디아제폭시드/[M223206]클로르디아제폭시드염산염/[M253729]클리디늄브롬화물","","정제","2등급",20121213,"임신중에 클로르디아제폭시드의 투여를 받은 환자 중에 기형아 등의 장애아를 출산했다는 예가 대조군에 비교하여 유의하게 많다는 역학적 조사보고가 있으므로, 임부(3개월 이내) 또는 임신하고 있을 가능성이 있는 부인에는 치료상의 유익성이 위험성을 상회한다고 판단되는 경우에만 투여한다.
(클로르디아제폭시드에 한함)","","정상"
2934,"임부금기","복합",D000611,Dydrogesterone,"디드로게스테론","[D000748]Estradiol(에스트라디올)","[M050236]디드로게스테론/[M040401]에스트라디올/[M040402]길초산에스트라디올/[M088710]에스트라디올1/2수화물/[M103099]에스트라디올헤미하이드레이트/[M223135]에스트라디올 발레레이트/[M224167]에스트라디올반수화물/[M257134]에스트라디올발레레이트","","정제/유화주사제/용액용분말주사제/서방성현탁액용분말주사제/용액용동결건조분말주사제/현탁액용동결건조분말주사제/서방성현탁액용동결건조분말주사제/리포좀화현탁액용동결건조분말주사제/현탁액주사제/서방성현탁액성주사제/용액주사제","1등급",20081211,"여성 태아의 외부생식기 남성화 및 남성 태아의 요도하열과의 관련성 보고.","황체기능부전에 의한 불임치료, 황체호르몬 부족으로 인한 유·조산 치료시 제외","정상"
2935,"임부금기","복합",D000559,Eprosartan,"에프로사르탄","[D000414]Hydrochlorothiazide(히드로클로로티아지드)","[M257111]에프로사르탄메실산염/[M080768]히드로클로르치아지드/[M089923]히드로클로로치아짓/[M097694]히드로클로로치아지드/[M223356]히드로클로로티아지드","","정제","2등급",20081211,"임신 제 2~3기 투여시 태아와 신생아의 저혈압, 신생아 두개골형성부전, 무뇨, 신부전, 양수과소증(사지골절, 두개안면변형, 폐발육부전과 관련) 및 사망 보고.
(에프로사르탄에 한함)","","정상"
2936,"임부금기","복합",D000442,Voglibose,"보글리보스","[D000718]Metformin(메트포르민)","[M051790]보글리보스/[M201260]염산메트포민/[M214651]염산메트포르민/[M223014]메트포르민염산염/[M244179]메트포르민염산염/[M255741]메트포르민아세트산염/[M263864]메트포르민/[M266682]메트포르민염산염 콜로이드성이산화규소","","정제","2등급",20121121,"임부에 대한 안전성 미확립","","정상"
2937,"임부금기","복합",D000670,Gemigliptin,"제미글립틴","[D000718]Metformin(메트포르민)","[M254878]제미글립틴타르타르산염1.5수화물/[M263103]제미글립틴타르타르산염1.5수하물/[M201260]염산메트포민/[M214651]염산메트포르민/[M223014]메트포르민염산염/[M244179]메트포르민염산염/[M255741]메트포르민아세트산염/[M263864]메트포르민/[M266682]메트포르민염산염 콜로이드성이산화규소","","정제","2등급",20150520,"임부에 대한 안전성 미확립.
동물실험에서 태반통과 보고.","","정상"
2938,"임부금기","단일",D000651,Cinoxicam,"시녹시캄","","[M084858]시녹시캄","","정제","2등급",20130523,"임부에 대한 안전성 미확립.
임신 말기에 투여시 태아의 동맥관조기폐쇄 가능성.
동물실험에서 난산발생빈도 증가, 분만지연, 태아 생존율 감소 보고.","","정상"
2947,"임부금기","단일",D000982,Naproxen,"나프록센","","[M050116]나프록센/[M070724]나프록센나트륨/[M103210]소디움나프록센/[M200898]소듐나프록센","","정제/캡슐/용액주사제/유화주사제/용액용분말주사제/서방성현탁액용분말주사제/용액용동결건조분말주사제/현탁액용동결건조분말주사제/서방성현탁액용동결건조분말주사제/리포좀화현탁액용동결건조분말주사제/현탁액주사제/서방성현탁액성주사제/산제/용액용산제/현탁액용산제/세립/용액용세립제/현탁액용세립제/경구용현탁액제/점이제, 현탁액용산제/현탁액제용주사용용제/직장용현탁액제/일반현탁분무제/정량현탁분무제/이식용현탁액제/점이현탁액제/유제/틴크제/전제/침제/레모네이드제/방향수제/주정제/피부액제/피부리니멘트제/도료/샴푸/경구용액제/질세정액/관류제/점이액제/혈액항응고보존액제/밀폐제용용액제/장기보존용액제/주사/피부단자시험용용액/방광내적용용액","2등급",20081211,"""임부에 대한 안전성 미확립.
임신 말기에 투여시 태아의 동맥관조기폐쇄 가능성.
동물실험에서 난산발생빈도 증가, 분만지연, 태아 생존율 감소, 동맥관수축 보고.""","","정상"
2949,"임부금기","단일",D000845,Amrinone,"암리논","","[M084324]암리논/[M098799]인암리논","","용액주사제/유화주사제/용액용분말주사제/서방성현탁액용분말주사제/용액용동결건조분말주사제/현탁액용동결건조분말주사제/서방성현탁액용동결건조분말주사제/리포좀화현탁액용동결건조분말주사제/현탁액주사제/서방성현탁액성주사제","2등급",20130712,"""동물실험에서 태자의 골격이상 및 외형이상 보고.
생식시험에서 임신기간 다소 연장, 분만장애, 사산증가, 동복자 크기 감소, 생존율 감소 보고.""","","정상"
2950,"임부금기","복합",D000166,Indacaterol,"인다카테롤","[D000984]Glycopyrronium(글리코피로니움)","[M250690]인다카테롤말레산염/[M259646]글리코피로니움브롬화물","","정량흡입제, 분말제/캡슐","2등급",20150520,"""임부에 대한 안전성 미확립. 
동물실험에서 한 개의 특정 골격변이 건수 증가와 관련된 생식독성 보고.""
(인다카테롤에 한함)","","정상"
2951,"임부금기","단일",D000985,"Interferon beta-1b","인터페론베타-1b","","[M222826]인터페론베타-1b(숙주:E.coli strain MM294-1, 벡터:pSY2501)","","용액주사제/유화주사제/용액용분말주사제/서방성현탁액용분말주사제/용액용동결건조분말주사제/현탁액용동결건조분말주사제/서방성현탁액용동결건조분말주사제/리포좀화현탁액용동결건조분말주사제/현탁액주사제/서방성현탁액성주사제","2등급",20140915,"""대조임상시험에서 자연유산 보고.
동물실험에서 배아독성, 고용량에서 유산 증가 보고.""","","정상"
2952,"임부금기","단일",D000758,Isotretinoin,"이소트레티노인","","[M088250]이소트레티노인","","겔","2등급",20081211,"전신 투여시 기형발생 작용과 관련됨.","","정상"
2953,"임부금기","복합",D000758,Isotretinoin,"이소트레티노인","[D000256]Erythromycin(에리트로마이신)","[M088250]이소트레티노인/[M020095]에리스로마이신/[M020096]락토비온산에리스로마이신/[M020099]에리스로마이신에스톨레이트/[M020201]프로피온산에리스로마이신/[M223129]에리트로마이신/[M223130]에리트로마이신스테아르산염/[M223131]에리트로마이신에스톨산염/[M223132]에리트로마이신에틸숙시네이트/[M251863]에리트로마이신락토비온산염/[M256206]에리트로마이신 장용피입자/[M257644]에리트로마이신스티노프레이트","","겔","2등급",20081211,"임신 중의 투여에 대한 안전성 미확립
(이소트레티노인에 한함)","","정상"
2954,"임부금기","복합",D000420,Lobeglitazone,"로베글리타존","[D000718]Metformin(메트포르민)","[M255019]로베글리타존황산염/[M255021]로베글리타존황산염/[M201260]염산메트포민/[M214651]염산메트포르민/[M223014]메트포르민염산염/[M244179]메트포르민염산염/[M255741]메트포르민아세트산염/[M263864]메트포르민/[M266682]메트포르민염산염 콜로이드성이산화규소","","정제","2등급",20150520,"""임부에 대한 안전성 미확립. 
동물실험에서 고용량 투여시 배자독성(태자 사망수, 착상후 배자 사망률 증가, 태자 체중감소 등), 심장중량 증가, 형태분화지연 보고.""","","정상"
2955,"임부금기","단일",D000715,Megestrol,"메게스트롤","","[M086907]초산메게스트롤/[M200489]메게스트롤아세테이트","","정제","2등급",20081211,"임신 초기 4개월동안 투여시 기형아 출산 가능성(태아의 수족기형현상 4.7배 높게 보고됨)","""2등급
(정제:항암치료시)
1등급
(현탁액:암 또는 AIDS 환자의 식욕부진, 악액질 또는 원인불명의 현저한 체중감소의 치료)""","정상"
2956,"임부금기","단일",D000972,Olmesartan,"올메사르탄","","[I002674]올메사르탄메독소밀/[M102509]올메사탄메독소밀/[M253843]올메사탄실렉세틸/[M256141]올메사탄실렉세틸/[M257074]올메사르탄메독소밀","","정제","2등급",20081211,"임신 제2 및 3기에 ACE 저해제 복용시 저혈압, 신생아 두개골발육부전, 무뇨증, 신부전, 양수과소증(사지연축, 두개안면기형, 폐발육부진과 관련) 및 사망 보고.","","정상"
2974,"임부금기","단일",D000535,"Valproic acid","발프로산","","[M070676]발프로산나트륨/[M082087]디발프로엑스나트륨/[M083547]발프로산/[M085424]디발프로엑스나트륨입자/[M090172]발프로산마그네슘","","정제/캡슐/용액주사제/유화주사제/용액용분말주사제/서방성현탁액용분말주사제/용액용동결건조분말주사제/현탁액용동결건조분말주사제/서방성현탁액용동결건조분말주사제/리포좀화현탁액용동결건조분말주사제/현탁액주사제/서방성현탁액성주사제/액상시럽제/건조시럽용 과립제","2등급",20081211,"신경관 이상(예, 척추갈림증)과 같은 태아기형을 유발할 수 있으며, 게다가 자궁 내 노출 시 낮은 IQ점수를 유발할 수 있다.","","정상"
2975,"임부금기","복합",D000535,"Valproic acid","발프로산","[D000536]Sodium Valproate(발프로산나트륨)","[M070676]발프로산나트륨/[M082087]디발프로엑스나트륨/[M083547]발프로산/[M085424]디발프로엑스나트륨입자/[M090172]발프로산마그네슘","","정제","2등급",20081211,"신경관 이상(예, 척추갈림증)과 같은 태아기형을 유발할 수 있으며, 게다가 자궁 내 노출 시 낮은 IQ점수를 유발할 수 있다.","","정상"
2976,"임부금기","단일",D000649,Senna,"센나(생약)","","[M040297]센나/[M081395]센나열매건조엑스/[M082795]센나엽","","정제/산제/용액용산제/현탁액용산제/세립/용액용세립제/현탁액용세립제","2등급",20081211,"대황의 자궁 수축 작용 혹은 골반내 장기의 유출작용에 의해 유조산의 위험 가능성.","","정상"
2977,"임부금기","단일",D000216,Retinol,"레티놀","","[C202499]레티놀/[M040126]초산레티놀/[M050705]비타민A(팔미틴산레티놀)/[M083086]건조팔미틴산레티놀/[M083834]초산레티놀과립/[M084549]건조초산레티놀/[M085072]팔미틴산레티놀250CWS/[M088483]팔미틴산레티놀/[M095544]건조팔미틴산레티놀타입500/[M099259]팔미틴산레티놀과립/[M099421]건조팔미틴산레티놀과립/[M100749]팔미틴산레티놀유/[M101190]팔미틴산레티놀과립500/[M102298]건조초산레티놀과립500/[M205408]레티놀아세테이트/[M208869]레티놀/[M211331]건조초산레티놀과립/[M212202]합성비타민A분말(팔미틴산레티놀)/[M222991]레티놀팔미테이트/[M239907]건조레티놀팔미테이트과립/[M241189]건조레티놀아세테이트과립/[M243499]레티놀팔미테이트유/[M243758]건조레티놀아세테이트과립500/[M246727]레티놀팔미테이트250CWS/[M246785]건조레티놀아세테이트/[M247202]레티놀아세테이트 과립/[M247651]건조레티놀아세테이트분말/[M248244]레티놀팔미테이트과립/[M251132]합성비타민에이분말(레티놀팔미테이트)/[M253027]농축레티놀팔미테이트(유상형, 합성)/[M264001]레티놀팔미테이트농축분말","","정제/캡슐/용액주사제/유화주사제/용액용분말주사제/서방성현탁액용분말주사제/용액용동결건조분말주사제/현탁액용동결건조분말주사제/서방성현탁액용동결건조분말주사제/리포좀화현탁액용동결건조분말주사제/현탁액주사제/서방성현탁액성주사제/액상시럽제/건조시럽용 과립제/점안용액제/용액용점안분말제/현탁액점안제/안연고제/안겔/점안주사제","1등급",20081211,"(경구) 임신초기 3개월간 고용량 투여시 최기형 가능성.
(점안) 임부에 대한 안전성 미확립","단, VitA(레티놀)로서 5000 I.U/1일 이상","정상"
2978,"임부금기","복합",D000216,Retinol,"레티놀","[D000216]Retinol(레티놀)","[C202499]레티놀/[M040126]초산레티놀/[M050705]비타민A(팔미틴산레티놀)/[M083086]건조팔미틴산레티놀/[M083834]초산레티놀과립/[M084549]건조초산레티놀/[M085072]팔미틴산레티놀250CWS/[M088483]팔미틴산레티놀/[M095544]건조팔미틴산레티놀타입500/[M099259]팔미틴산레티놀과립/[M099421]건조팔미틴산레티놀과립/[M100749]팔미틴산레티놀유/[M101190]팔미틴산레티놀과립500/[M102298]건조초산레티놀과립500/[M205408]레티놀아세테이트/[M208869]레티놀/[M211331]건조초산레티놀과립/[M212202]합성비타민A분말(팔미틴산레티놀)/[M222991]레티놀팔미테이트/[M239907]건조레티놀팔미테이트과립/[M241189]건조레티놀아세테이트과립/[M243499]레티놀팔미테이트유/[M243758]건조레티놀아세테이트과립500/[M246727]레티놀팔미테이트250CWS/[M246785]건조레티놀아세테이트/[M247202]레티놀아세테이트 과립/[M247651]건조레티놀아세테이트분말/[M248244]레티놀팔미테이트과립/[M251132]합성비타민에이분말(레티놀팔미테이트)/[M253027]농축레티놀팔미테이트(유상형, 합성)/[M264001]레티놀팔미테이트농축분말","","정제/캡슐/용액주사제/유화주사제/용액용분말주사제/서방성현탁액용분말주사제/용액용동결건조분말주사제/현탁액용동결건조분말주사제/서방성현탁액용동결건조분말주사제/리포좀화현탁액용동결건조분말주사제/현탁액주사제/서방성현탁액성주사제/액상시럽제/건조시럽용 과립제/점안용액제/용액용점안분말제/현탁액점안제/안연고제/안겔/점안주사제","1등급",20081211,"(경구) 임신초기 3개월간 고용량 투여시 최기형 가능성.
(점안) 임부에 대한 안전성 미확립.","단, VitA(레티놀)로서 5000 I.U/1일 이상","정상"
2980,"임부금기","복합",D000654,Abacavir,"아바카비르","[D000615]Lamivudine(라미부딘)","[I012292]아바카비르황산염/[M262968]아바카비르황산염/[M086332]라미부딘","","정제","2등급",20150520,"임산부에게의 아바카비르 및 라미부딘의 안전성은 확립되어 있지 않다. 아바카비르와 라미부딘의 동물시험에서 생식독성이 관찰되었다.","","정상"
2981,"임부금기","복합",D000654,Abacavir,"아바카비르","[D000615]Lamivudine(라미부딘)/[D000986]Dolutegravir(돌루테그라비르)","[I012292]아바카비르황산염/[M262968]아바카비르황산염/[M086332]라미부딘/[I012655]돌루테그라비르나트륨(미분화)","","정제","2등급",20150520,"""동물 생식독성 연구에서는 돌루테그라비르가 태반을 통과하는 것으로 알려졌다. 동물 연구에서는 생식독성 측면에서 직접 또는 간접적인 유해한 효과가 나타나지 않았다. 라미부딘과 아바카비르는 동물 생식 시험에서의 소견과 관련이 있었다.""","","정상"
2982,"임부금기","복합",D000658,Alendronate,"알렌드론산","[D000581]Calcitriol(칼시트리올)","[M200966]소듐알렌드로네이트/[M206239]알렌드론산나트륨/[M222873]알렌드론산나트륨수화물/[M253533]알렌드론산나트륨삼수화물/[M082905]칼시트리올","","정제/경구용액제/경구용현탁액제/","2등급",20130712,"임부에 대한 안전성 미확립.
동물시험에서 착상후 생존율 감소, 고용량에서 불완전 골화 증가, 분만지연과 분만실패, 모체독성 보고.
과량투여시 태아독성의 위험(육체적·정신적 발달지체, 대동맥 협착).","","정상"
2983,"임부금기","복합",D000658,Alendronate,"알렌드론산","[D000987]Cholecalciferol(콜레칼시페롤)","[M200966]소듐알렌드로네이트/[M206239]알렌드론산나트륨/[M222873]알렌드론산나트륨수화물/[M253533]알렌드론산나트륨삼수화물/[M040594]콜레칼시페롤/[M094322]농축콜레칼시페롤분말/[M099907]콜레칼시페롤과립/[M102050]콜레칼시페롤농축분말/[M218189]농축콜레칼시페롤(분말형)/[M233228]콜레칼시페롤농축물(분말형)/[M255949]농축콜레칼시페롤과립/[M256378]농축콜레칼시페롤 과립","","정제/경구용액제/경구용현탁액제/","2등급",20130712,"""임부에 대한 안전성 미확립.
동물시험에서 착상후 생존율 감소, 고용량에서 불완전 골화 증가, 분만지연과 분만실패, 모체독성 보고.""","","정상"
2984,"임부금기","복합",D000345,Alprostadil,"알프로스타딜","[D000403]Phentolamine(펜토라민)","[M085333]알프로스타딜알파덱스/[M086790]알프로스타딜/[M096226]펜토라민메실레이트/[M097154]펜토라민메실레이트","","용액주사제/유화주사제/용액용분말주사제/서방성현탁액용분말주사제/용액용동결건조분말주사제/현탁액용동결건조분말주사제/서방성현탁액용동결건조분말주사제/리포좀화현탁액용동결건조분말주사제/현탁액주사제/서방성현탁액성주사제","1등급",20081211,"(주사)
임부에 대한 안전성 미확립.
동물실험에서 자궁수축 작용 보고.","","정상"
2985,"임부금기","복합",D000145,Aminophylline,"아미노필린","[D000893]Chlorpheniramine(클로르페니라민)","[M040346]아미노필린/[M223100]아미노필린수화물/[M040616]말레인산클로르페니라민/[M050213]말레인산덱스클로르페니라민/[M051529]클로르페니라민/[M082701]디엘말레인산클로르페니라민/[M083325]디말레인산클로르페니라민/[M099959]말레인산클로로페니라민/[M100018]말레산클로르페니라민/[M100476]디말레인산클로르페니라민/[M101581]디엘말레인산클로르페니라민/[M200471]말레인산클로르페니라민제피과립/[M202197]D-말레인산클로르페니라민/[M202204]DL-말레인산클로르페니라민/[M203913]클로르페니라민말레인산염/[M212847]클로르페니라민말레이트/[M223211]클로르페니라민말레산염/[M223212]d-클로르페니라민말레산염/[M223213]클로르페니라민말레산염 산/[M223214]클로르페니라민말레산염 정/[M223215]클로르페니라민말레산염 주사액/[M226783]dl-클로르페니라민말레산염/[M249715]덱스클로르페니라민 말레산염/[M251936]덱스클로르페니라민말레이트","","정제","2등급",20130712,"동물실험에서 기형발생 보고 및 신생아 구토, 신경과민 가능(테오필린).
(아미노필린에 한함)","","정상"
2986,"임부금기","복합",D000455,Atorvastatin,"아토르바스타틴","[D000152]Amlodipine (암로디핀)","[I004369]아토르바스타틴칼슘수화물/[M093499]아토르바스타틴칼슘/[M213543]무수아토르바스타틴칼슘/[M215219]아토르바스타틴칼슘삼수화물/[M218956]아토르바스타틴삼수화물/[M244955]아토르바스타틴 스트론튬/[M247057]아토르바스타틴칼슘염무수물/[M251687]아토르바스타틴칼슘/[M256664]아토르바스타틴칼슘수화물/[M263837]아토르바스타틴/[M083437]베실산암로디핀/[M100608]말레인산암로디핀/[M100610]캄실산암로디핀/[M101934]암로디핀/[M102166]메실산암로디핀일수화물/[M102534]암로디핀오로트산염/[M222875]암로디핀베실산염/[M246033]암로디핀캄실산염/[M250821]암로디핀아디핀산염/[M250983]암로디핀말레산염/[M251079]암로디핀니코틴산염/[M254832]암로디핀메실산염일수화물/[M257408]암로디핀아디프산염","","정제","1등급",20081211,"임부에 대한 안전성 미확립","","정상"
2988,"임부금기","복합",D000152,Amlodipine,"암로디핀","[D000220]Losartan(로사르탄)","[M083437]베실산암로디핀/[M100608]말레인산암로디핀/[M100610]캄실산암로디핀/[M101934]암로디핀/[M102166]메실산암로디핀일수화물/[M102534]암로디핀오로트산염/[M222875]암로디핀베실산염/[M246033]암로디핀캄실산염/[M250821]암로디핀아디핀산염/[M250983]암로디핀말레산염/[M251079]암로디핀니코틴산염/[M254832]암로디핀메실산염일수화물/[M257408]암로디핀아디프산염/[M086307]로자탄칼륨/[M201944]포타슘로사탄/[M248335]로자탄칼륨/[M249673]로사르탄칼륨/[M255575]로사르탄칼륨(로자탄으로서 45.8mg)/[M257973]로사르탄칼슘/[M259810]로자르탄칼륨/[M260076]로사르탄칼륨(로사르탄으로서45.8mg)","","정제","2등급",20081211,"임부에 대한 안전성 미확립.
임신 제 2~3기에 ACE 저해제 투여시 태아와 신생아의 저혈압, 고칼륨혈증, 신생아 두개골발육부전, 무뇨증, 신부전, 자궁내 성장지체, 양수과소증(사지구축, 두개안면기형, 폐발육부전과 관련) 및 사망 등 보고.
임신 1기에 투여시 출생결함의 잠재적 위험과 관련됨.","","정상"
2994,"임부금기","복합",D000152,Amlodipine,"암로디핀","[D000027]Simvastatin(심바스타틴)","[M083437]베실산암로디핀/[M100608]말레인산암로디핀/[M100610]캄실산암로디핀/[M101934]암로디핀/[M102166]메실산암로디핀일수화물/[M102534]암로디핀오로트산염/[M222875]암로디핀베실산염/[M246033]암로디핀캄실산염/[M250821]암로디핀아디핀산염/[M250983]암로디핀말레산염/[M251079]암로디핀니코틴산염/[M254832]암로디핀메실산염일수화물/[M257408]암로디핀아디프산염/[M089710]심바스타틴","","정제","2등급",20081211,"임부에 대한 안전성 미확립
태아 발육에 필수적인 콜레스테롤의 생합성 감소 가능성.","","정상"
2995,"임부금기","복합",D000152,Amlodipine,"암로디핀","[D000181]Tadalafil(타다라필)","[M083437]베실산암로디핀/[M100608]말레인산암로디핀/[M100610]캄실산암로디핀/[M101934]암로디핀/[M102166]메실산암로디핀일수화물/[M102534]암로디핀오로트산염/[M222875]암로디핀베실산염/[M246033]암로디핀캄실산염/[M250821]암로디핀아디핀산염/[M250983]암로디핀말레산염/[M251079]암로디핀니코틴산염/[M254832]암로디핀메실산염일수화물/[M257408]암로디핀아디프산염/[M095435]타다라필","","정제/캡슐/산제/용액용산제/현탁액용산제/세립/용액용세립제/현탁액용세립제","2등급",20081211,"임부에 대한 안전성 미확립","","정상"
2989,"임부금기","복합",D000152,Amlodipine,"암로디핀","[D000273]Candesartan cilexetil(칸데사르탄실렉세틸)","[M083437]베실산암로디핀/[M100608]말레인산암로디핀/[M100610]캄실산암로디핀/[M101934]암로디핀/[M102166]메실산암로디핀일수화물/[M102534]암로디핀오로트산염/[M222875]암로디핀베실산염/[M246033]암로디핀캄실산염/[M250821]암로디핀아디핀산염/[M250983]암로디핀말레산염/[M251079]암로디핀니코틴산염/[M254832]암로디핀메실산염일수화물/[M257408]암로디핀아디프산염/[M089055]칸데사르탄실렉세틸","","정제","2등급",20081211,"임부에 대한 안전성 미확립
임신 2~3기중 투여시 태아 및 신생아 손상(저혈압, 신기능부전, 핍뇨 그리고/또는 무뇨, 양수과소증, 두개골발육부전, 자궁내 성장지체), 폐부전, 안면비정상, 사지연축 및 사망 가능성.","","정상"
2990,"임부금기","복합",D000152,Amlodipine,"암로디핀","[D000485]Telmisartan(텔미사르탄)","[M083437]베실산암로디핀/[M100608]말레인산암로디핀/[M100610]캄실산암로디핀/[M101934]암로디핀/[M102166]메실산암로디핀일수화물/[M102534]암로디핀오로트산염/[M222875]암로디핀베실산염/[M246033]암로디핀캄실산염/[M250821]암로디핀아디핀산염/[M250983]암로디핀말레산염/[M251079]암로디핀니코틴산염/[M254832]암로디핀메실산염일수화물/[M257408]암로디핀아디프산염/[M090395]텔미사르탄/[M264500]텔미사르탄파우더(23.9%)","","정제","2등급",20081211,"임부에 대한 안전성 미확립
임신 2기 및 3기에 투여시 태아 및 신생아에 저혈압, 신생아 두골형성부전, 무뇨, 신부전, 양수과소증(태아사지경축, 두개안면기형, 폐형성저하증과 관련) 및 사망과 관련됨.","","정상"
2991,"임부금기","복합",D000152,Amlodipine,"암로디핀","[D000011]Valsartan(발사르탄)","[M083437]베실산암로디핀/[M100608]말레인산암로디핀/[M100610]캄실산암로디핀/[M101934]암로디핀/[M102166]메실산암로디핀일수화물/[M102534]암로디핀오로트산염/[M222875]암로디핀베실산염/[M246033]암로디핀캄실산염/[M250821]암로디핀아디핀산염/[M250983]암로디핀말레산염/[M251079]암로디핀니코틴산염/[M254832]암로디핀메실산염일수화물/[M257408]암로디핀아디프산염/[M090403]발사르탄","","정제","2등급",20081211,"임부에 대한 안전성 미확립
임신 2~3기에 ACE저해제 투여시 태아 및 신생아의 저혈압, 고칼륨혈증, 신생아 두개골 발육부전, 무뇨증, 신부전, 양수과소증(태아사지구축, 두개안면기형, 폐발육부전과 관련 있음) 및 사망과 관련됨.","","정상"
2992,"임부금기","복합",D000152,Amlodipine,"암로디핀","[D000972]Olmesartan(올메사르탄)","[M083437]베실산암로디핀/[M100608]말레인산암로디핀/[M100610]캄실산암로디핀/[M101934]암로디핀/[M102166]메실산암로디핀일수화물/[M102534]암로디핀오로트산염/[M222875]암로디핀베실산염/[M246033]암로디핀캄실산염/[M250821]암로디핀아디핀산염/[M250983]암로디핀말레산염/[M251079]암로디핀니코틴산염/[M254832]암로디핀메실산염일수화물/[M257408]암로디핀아디프산염/[I002674]올메사르탄메독소밀/[M102509]올메사탄메독소밀/[M253843]올메사탄실렉세틸/[M256141]올메사탄실렉세틸/[M257074]올메사르탄메독소밀","","정제","2등급",20081211,"임부에 대한 안전성 미확립
임신 제2 및 3기에 ACE 저해제 복용시 저혈압, 신생아 두개골발육부전, 무뇨증, 신부전, 양수과소증(사지연축, 두개안면기형, 폐발육부진과 관련) 및 사망 보고.","","정상"
2996,"임부금기","복합",D000152,Amlodipine,"암로디핀","[D000624]Fimasartan(피마사르탄)","[M083437]베실산암로디핀/[M100608]말레인산암로디핀/[M100610]캄실산암로디핀/[M101934]암로디핀/[M102166]메실산암로디핀일수화물/[M102534]암로디핀오로트산염/[M222875]암로디핀베실산염/[M246033]암로디핀캄실산염/[M250821]암로디핀아디핀산염/[M250983]암로디핀말레산염/[M251079]암로디핀니코틴산염/[M254832]암로디핀메실산염일수화물/[M257408]암로디핀아디프산염/[M258703]피마사르탄칼륨삼수화물/[M264048]피마사르탄칼륨삼수화물과립","","정제","2등급",20081211,"임부에 대한 안전성 미확립
임신 2~3기에 투여시 태아 및 신생아 저혈압, 신생아 두개골형성저하증, 무뇨증, 신부전, 양수과소증(사지연축, 두개안면기형, 폐형성저하증과 관련), 및 사망 보고.","","정상"
2997,"임부금기","복합",D000452,Aspirin,"아스피린","[D000988]Clopidogrel(클로피도그렐)","[M040355]아스피린/[M040356]아스피린알루미늄/[M071842]아스피린리신/[M081776]아스피린장용과립/[M082548]아스피린제피세립(아세틸살리실산제피세립)/[M084664]아스피린장용피입자/[M089224]주사용아스피린리신90%/[M246086]아스피린제피세립/[M253914]아스피린장용펠렛/[M264065]아스피린과립/[A005988]클로피도그렐/[I012351]클로피도그렐황산염/[M243848]클로피도그렐황산수소염/[M250541]클로피도그렐황산염/[M250716]클로피도그렐황산염","","정제/캡슐","2등급",20081211,"""정중배벽갈림증에 대한 위험성 증가 배제될 수 없음.
동물실험에서 생식독성 나타남, 태자의 동맥관 수축 보고.
임신 3기 동안 모든 프로스타글란딘 합성 저해제들은 태아의 심폐기관 독성(동맥관의 조기 페쇄 및 폐고혈압), 신기능 저하(이는 양수과소증) 유발 가능.
임신 말기에는 산모와 아이에서 출혈 시간 연장, 항응고 작용(저용량), 자궁 수축이 억제되어 분만시간 연장 또는 지연 가능.""
(아스피린에 한함)","","정상"
3002,"임부금기","복합",D000454,Atenolol,"아테놀롤","[D000377]Chlorthalidone(클로르탈리돈)","[M080475]아테놀올/[M201140]아테놀롤/[M040615]클로르탈리돈","","정제","2등급",20130712,"임부에 대한 안전성 미확립.
(아테놀롤)
베타차단제는 태반관류를 감소시켜 자궁내 사망, 미숙분만, 조숙분만 야기 가능.
분만 또는 수유중 투여시 신생아에서 저혈당증이나 서맥 위험 가능.
(클로르탈리돈)
저혈량증이나 혈액점도 증가, 태반환류 감소 가능성. 티아지드계 이뇨제의 사용은 태아 골수억제와 혈소판감소증 및 태아·신생아 황달과의 관련성 보고.","","정상"
3004,"임부금기","복합",D000455,Atorvastatin,"아토르바스타틴","[D000046]Irbesartan(이르베사르탄)","[I004369]아토르바스타틴칼슘수화물/[M093499]아토르바스타틴칼슘/[M213543]무수아토르바스타틴칼슘/[M215219]아토르바스타틴칼슘삼수화물/[M218956]아토르바스타틴삼수화물/[M244955]아토르바스타틴 스트론튬/[M247057]아토르바스타틴칼슘염무수물/[M251687]아토르바스타틴칼슘/[M256664]아토르바스타틴칼슘수화물/[M263837]아토르바스타틴/[I004994]이르베사르탄/[M092285]이베사탄/[M251853]이르베사르탄/[M255988]이르베사탄","","정제","2등급",20081211,"일부에 대한 안전성 미확립
임신 2기 및 3기에 ACE 저해제 투여시 태아 위해 및 사망 보고.","","정상"
2999,"임부금기","복합",D000452,Aspirin,"아스피린","[D000852]Caffeine(카페인)","[M040355]아스피린/[M040356]아스피린알루미늄/[M071842]아스피린리신/[M081776]아스피린장용과립/[M082548]아스피린제피세립(아세틸살리실산제피세립)/[M084664]아스피린장용피입자/[M089224]주사용아스피린리신90%/[M246086]아스피린제피세립/[M253914]아스피린장용펠렛/[M264065]아스피린과립/[M040579]카페인(함수)/[M040580]무수카페인/[M090611]카페인/[M223183]카페인무수물/[M223184]카페인수화물/[M241017]무수물카페인","","정제","2등급",20081211,"""정중배벽갈림증에 대한 위험성 증가 배제될 수 없음.
동물실험에서 생식독성 나타남, 태자의 동맥관 수축 보고.
임신 3기 동안 모든 프로스타글란딘 합성 저해제들은 태아의 심폐기관 독성(동맥관의 조기 페쇄 및 폐고혈압), 신기능 저하(이는 양수과소증) 유발 가능.
임신 말기에는 산모와 아이에서 출혈 시간 연장, 항응고 작용(저용량), 자궁 수축이 억제되어 분만시간 연장 또는 지연 가능.""
(아스피린에 한함)","","정상"
3000,"임부금기","복합",D000452,Aspirin,"아스피린","[D000091]Dipyridamole(디피리다몰)","[M040355]아스피린/[M040356]아스피린알루미늄/[M071842]아스피린리신/[M081776]아스피린장용과립/[M082548]아스피린제피세립(아세틸살리실산제피세립)/[M084664]아스피린장용피입자/[M089224]주사용아스피린리신90%/[M246086]아스피린제피세립/[M253914]아스피린장용펠렛/[M264065]아스피린과립/[M050305]디피리다몰","","캡슐","2등급",20081211,"""정중배벽갈림증에 대한 위험성 증가 배제될 수 없음.
동물실험에서 생식독성 나타남, 태자의 동맥관 수축 보고.
임신 3기 동안 모든 프로스타글란딘 합성 저해제들은 태아의 심폐기관 독성(동맥관의 조기 페쇄 및 폐고혈압), 신기능 저하(이는 양수과소증) 유발 가능.
임신 말기에는 산모와 아이에서 출혈 시간 연장, 항응고 작용(저용량), 자궁 수축이 억제되어 분만시간 연장 또는 지연 가능.""
(아스피린에 한함)","","정상"
3001,"임부금기","복합",D000452,Aspirin,"아스피린","[D000979]Citric acid(시트르산)","[M040355]아스피린/[M040356]아스피린알루미늄/[M071842]아스피린리신/[M081776]아스피린장용과립/[M082548]아스피린제피세립(아세틸살리실산제피세립)/[M084664]아스피린장용피입자/[M089224]주사용아스피린리신90%/[M246086]아스피린제피세립/[M253914]아스피린장용펠렛/[M264065]아스피린과립/[M096666]시트르산/[M223090]시트르산수화물","","정제","2등급",20081211,"""정중배벽갈림증에 대한 위험성 증가 배제될 수 없음.
동물실험에서 생식독성 나타남, 태자의 동맥관 수축 보고.
임신 3기 동안 모든 프로스타글란딘 합성 저해제들은 태아의 심폐기관 독성(동맥관의 조기 페쇄 및 폐고혈압), 신기능 저하(이는 양수과소증) 유발 가능.
임신 말기에는 산모와 아이에서 출혈 시간 연장, 항응고 작용(저용량), 자궁 수축이 억제되어 분만시간 연장 또는 지연 가능.""
(아스피린에 한함)","","정상"
3005,"임부금기","복합",D000664,Estrogens,"에스트로겐","[D000009]Bazedoxifene(바제독시펜)","[M051066]에스트로겐/[M095201]결합형에스트로겐/[M259850]결합형에스트로겐4.29%/[M253432]바제독시펜아세테이트","","정제","1등급",20081211,"임부에 대한 안전성 미확립
(에스트로겐) 에스트로겐대체요법에 의해 태아에서 생식기관 결함, 선천적 심장결함, 수족감소결함 가능성.
훗날 여성에서 질선증, 질 및 자궁경부 편평세포형성장애/암의 위험 증가.
(바제독시펜) 동물실험에서 생식독성 보고.","","정상"
3006,"임부금기","복합",D000132,Betamethasone,"베타메타손","[D000893]Chlorpheniramine(클로르페니라민)","[M040218]베타메타손/[M050570]베타메타손인산나트륨/[M070721]디프로피온산베타메타손/[M200675]베타메타손디프로피오네이트/[M223044]베타메타손포스페이트나트륨/[M040616]말레인산클로르페니라민/[M050213]말레인산덱스클로르페니라민/[M051529]클로르페니라민/[M082701]디엘말레인산클로르페니라민/[M083325]디말레인산클로르페니라민/[M099959]말레인산클로로페니라민/[M100018]말레산클로르페니라민/[M100476]디말레인산클로르페니라민/[M101581]디엘말레인산클로르페니라민/[M200471]말레인산클로르페니라민제피과립/[M202197]D-말레인산클로르페니라민/[M202204]DL-말레인산클로르페니라민/[M203913]클로르페니라민말레인산염/[M212847]클로르페니라민말레이트/[M223211]클로르페니라민말레산염/[M223212]d-클로르페니라민말레산염/[M223213]클로르페니라민말레산염 산/[M223214]클로르페니라민말레산염 정/[M223215]클로르페니라민말레산염 주사액/[M226783]dl-클로르페니라민말레산염/[M249715]덱스클로르페니라민 말레산염/[M251936]덱스클로르페니라민말레이트","","정제/유화주사제/용액용분말주사제/서방성현탁액용분말주사제/용액용동결건조분말주사제/현탁액용동결건조분말주사제/서방성현탁액용동결건조분말주사제/리포좀화현탁액용동결건조분말주사제/현탁액주사제/서방성현탁액성주사제/용액주사제","2등급",20130712,"""동물실험에서 기형발생 작용 보고.
태아의 성장 지체, 언청이의 위험 등의 증가, 뇌성장 및 발달에도 영향 끼칠 수 있음.
신생아에서 부신부전증 일으킬 수 있음.""
(베타메타손에 한함)","","정상"
3007,"임부금기","복합",D000543,Bisoprolol,"비소프롤롤","[D000414]Hydrochlorothiazide(히드로클로로티아지드)","[M102058]푸마르산비소프롤롤/[M222856]비소프롤롤푸마르산염/[M080768]히드로클로르치아지드/[M089923]히드로클로로치아짓/[M097694]히드로클로로치아지드/[M223356]히드로클로로티아지드","","정제","2등급",20081211,"베타차단제는 태반관류를 감소시켜 성장저해, 자궁내 사망 및 유산, 조기분만 초래 가능성.
태자 및 신생아에서 저혈당, 서맥 가능성 및 사망 증가, 저체중 보고.
(비소프롤롤에 한함)","단, 강심제로 사용시 제외","정상"
3009,"임부금기","복합",D000134,Brompheniramine,"브롬페니라민","[D000147]Acetaminophen(아세트아미노펜)","[M050657]말레인산브롬페니라민/[M247022]브롬페니라민말레산염/[M040353]아세트아미노펜/[M082309]아세트아미노펜제피세립/[M233006]아세트아미노펜 DC 500/600/[M246556]아세트아미노펜 (미분화)/[M262287]아세트아미노펜 과립","","정제/캡슐","2등급",20130712,"안전성 미확립
(브롬페니라민에 한함)","","정상"
3012,"임부금기","복합",D000051,Carbidopa,"카르비도파","[D000302]Levodopa(레보도파)","[M089172]카르비도파/[M256275]카르비도파수화물/[M040122]레보도파","","정제/겔","2등급",20130712,"레보도파/카비도파/엔타카폰 병용 투여가 임부에 미치는 영향은 알려진 바 없으나, 레보도파 및 레보도파/카비도파는 토끼에서 장기 및 골격 기형을 유발하였다","","정상"
3010,"임부금기","복합",D000273,"Candesartan cilexetil","칸데사르탄실렉세틸","[D000414]Hydrochlorothiazide(히드로클로로티아지드)","[M089055]칸데사르탄실렉세틸/[M080768]히드로클로르치아지드/[M089923]히드로클로로치아짓/[M097694]히드로클로로치아지드/[M223356]히드로클로로티아지드","","정제","2등급",20081211,"임신부에게 투여한 경험은 매우 제한되어 있으며, 임신 제1기 중에 투여했을 때 태아에 대한 잠재적인 위험성에 대해 결론 내리기는 불충분하다. 동물시험에서 칸데사르탄 실렉세틸은 말기 태아 및 신생아에서 신장에 대한 손상을 나타냈다. 그 기전은 renin-angiotensin-aldosterone계 (RAS)에 대한 영향에 의한 약물학적인 것으로 생각된다. 인체에서 태아의 신장 관류는 임신 제 2기에 시작되는 RAS의 발달과 관련되어 있다. 따라서 이 약을 임신 제 2~3기 중에 투여할 경우 태아에 대한 위험은 증가한다.
임신 제 2~3기 중에 투여할 경우, RAS계에 직접 작용하는 약물은 태아 및 신생아 손상(저혈압, 신기능 부전, 핍뇨 그리고/또는 무뇨, 양수과소증, 두개골 발육부전, 자궁내 성장 지체) 및 사망을 일으킬 수 있다. 폐 부전, 안면 비정상, 사지 연축의 경우가 있었다.
(칸제사르탄에 한함)","","정상"
3011,"임부금기","복합",D000176,Captopril,"캅토프릴","[D000414]Hydrochlorothiazide(히드로클로로티아지드)","[M081550]캅토프릴/[M080768]히드로클로르치아지드/[M089923]히드로클로로치아짓/[M097694]히드로클로로치아지드/[M223356]히드로클로로티아지드","","정제","2등급",20081211,"임부에 대한 안전성이 확립되어 있지 않다.
임신 제2 및 3기에 ACE저해제를 투여할 경우 태아에 손상 및 사망을 초래할 수 있으므로 임신이 확인되면 가능한 한 빨리 ACE저해제 투여를 중단한다. 임신 제 2및 3기에 ACE 저해제를 투여할 경우 태아 및 신생아에 저혈압, 고칼륨혈증, 신생아 두골형성부전, 무뇨증, 가역성 또는 비가역성 신부전 및 사망을 초래할 수 있다. 태아 신기능감소에 의한 양수과소증이 나타날 수 있으며 이러한 양수과소증은 태아사지경축, 두개안면변형, 폐발육형성부전 등과 관련된다. ACE저해제의 투여에 의한 것인지는 확실치 않으나 조숙, 자궁내 성장지연, 동맥관개존증(patent ductus arteriosus)이 보고된 바 있다. 임신 제1기에 ACE 저해제 투여에 대한 안전성은 확립되어 있지 않으므로 치료상의 유익성이 위험성을 상회한다고 판단되는 경우에만 투여한다.
(캅토프릴에 한함)","","정상"
3013,"임부금기","복합",D000247,Cilostazol,"실로스타졸","[D000991]Ginkgo biloba leaf Extract(은행엽엑스)","[M070044]실로스타졸/[M252025]실로스타졸(미분화)/[M080879]은행엽엑스","","정제","2등급",20081211,"동물실험에서 이상태자의 증가 및 출생시의 저체중, 사망 증가 보고.
(실로스타졸에 한함)","","정상"
3014,"임부금기","복합",D000733,Cyproterone,"시프로테론","[D000749]Ethinyl estradiol(에티닐에스트라디올)","[M080323]초산시프로테론/[M222867]시프로테론아세테이트/[A005749]에티닐에스트라디올/[M040405]에치닐에스트라디올/[M223147]에티닐에스트라디올/[M259133]에티닐에스트라디올(EE-베타덱스 포접체로서)","","정제","1등급",20081211,"","","정상"
3015,"임부금기","복합",D000733,Cyproterone,"시프로테론","[D000748]Estradiol(에스트라디올)","[M080323]초산시프로테론/[M222867]시프로테론아세테이트/[M040401]에스트라디올/[M040402]길초산에스트라디올/[M088710]에스트라디올1/2수화물/[M103099]에스트라디올헤미하이드레이트/[M223135]에스트라디올 발레레이트/[M224167]에스트라디올반수화물/[M257134]에스트라디올발레레이트","","정제/유화주사제/용액용분말주사제/서방성현탁액용분말주사제/용액용동결건조분말주사제/현탁액용동결건조분말주사제/서방성현탁액용동결건조분말주사제/리포좀화현탁액용동결건조분말주사제/현탁액주사제/서방성현탁액성주사제/용액주사제","1등급",20081211,"","","정상"
3016,"임부금기","복합",D000316,Dexbrompheniramine,"덱스브롬페니라민","[D000448]Pseudoephedrine(슈도에페드린)","[M095060]말레인산덱스브롬페니라민/[M253274]d-브롬페니라민말레산염/[M050833]염산슈도에페드린/[M081720]황산슈도에페드린/[M203364]슈도에페드린염산염/[M222865]수도에페드린염산염/[M248579]수도에페드린황산염/[M256034]수도에페드린염산염 과립/[M258826]수도에페드린","","정제","2등급",20130712,"안전성 미확립
(덱스브롬페니라민에 한함)","","정상"
3019,"임부금기","복합",D000297,Domperidone,"돔페리돈","[D000147]Acetaminophen(아세트아미노펜)","[M081091]돔페리돈/[M085595]말레인산돔페리돈/[M222961]돔페리돈말레산염/[M040353]아세트아미노펜/[M082309]아세트아미노펜제피세립/[M233006]아세트아미노펜 DC 500/600/[M246556]아세트아미노펜 (미분화)/[M262287]아세트아미노펜 과립","","정제","2등급",20081211,"동물실험에서 모체독성을 유발하는 농도에서 생식독성 보고.
(돔페리돈에 한함)","","정상"
3020,"임부금기","복합",D000348,Ebastine,"에바스틴","[D000448]Pseudoephedrine(슈도에페드린)","[M085337]에바스틴/[M088967]에바스틴구형과립/[M050833]염산슈도에페드린/[M081720]황산슈도에페드린/[M203364]슈도에페드린염산염/[M222865]수도에페드린염산염/[M248579]수도에페드린황산염/[M256034]수도에페드린염산염 과립/[M258826]수도에페드린","","캡슐","2등급",20130712,"안전성 미확립
(에바스틴에 한함)","","정상"
3024,"임부금기","복합",D000748,Estradiol,"에스트라디올","[D000789]Drospirenone(드로스피레논)","[M040401]에스트라디올/[M040402]길초산에스트라디올/[M088710]에스트라디올1/2수화물/[M103099]에스트라디올헤미하이드레이트/[M223135]에스트라디올 발레레이트/[M224167]에스트라디올반수화물/[M257134]에스트라디올발레레이트/[M211129]드로스피레논","","정제/유화주사제/용액용분말주사제/서방성현탁액용분말주사제/용액용동결건조분말주사제/현탁액용동결건조분말주사제/서방성현탁액용동결건조분말주사제/리포좀화현탁액용동결건조분말주사제/현탁액주사제/서방성현탁액성주사제/용액주사제","1등급",20081211,"","","정상"
3025,"임부금기","복합",D000750,Estriol,"에스트리올","[D000994]Lactobacillus Acidophilus Lyophilisate(락토바실루스아시도필루스균동결건조물)","[M051067]에스트리올/[M257483]락토바실루스아시도필루스균동결건조물","","정제","2등급",20081211,"동물 실험에서 에스트리올의 태아에 대한 바람직하지 않은 효과가 밝혀졌다
(에스트리올에 한함)","","정상"
3017,"임부금기","복합",D000233,Misoprostol,"미소프로스톨","[D000506]Diclofenac(디클로페낙)","[M082141]미소프로스톨에취ㆍ피ㆍ엠ㆍ씨배산/[M082142]미소프로스톨/[M098012]미소프로스톨에취ㆍ피ㆍ엠ㆍ씨배산(1:100)/[M216471]미소프로스톨·히드록시프로필메칠셀룰로오스배산(1:100)/[M254672]미소프로스톨히프로멜로오스배산(1:100)/[M256097]미소프로스톨·히드록시프로필메틸셀룰로오스배산(1:100)/[M256598]미소프로스톨-히드록시프로필메틸셀룰로오스 배산/[M257626]미소프로스톨 100배산/[M258072]미소프로스톨 에취.피.엠.씨 배산/[M050288]디클로페낙나트륨/[M083248]디클로페낙/[M083349]디클로페낙베타디메칠아미노에탄올/[M084600]디클로페낙칼륨/[M086205]디클로페낙디에칠암모늄/[M102665]디클로페낙에폴아민/[M230206]디클로페낙 β-디메칠아미노에탄올/[M249599]디클로페낙디에틸암모늄/[M251996]디클로페낙베타디메틸아미노에탄올/[M252249]디클로페낙β-디메틸아미노에탄올/[M255472]디클로페낙디에틸아민염/[M256203]디클로페낙디에틸아민","","정제","1등급",20081211,"유산, 조산, 또는 선천성 기형을 유발할 수 있다. 8주 이상의 임부에 분만유도 및 유산 목적으로 투여 시 자궁파열이 보고되었다. 유산을 유발할 수 있다.
미소프로스톨은 환자가 비스테로이드성 소염진통제(NSAID) 치료를 필요로 하며, 비스테로이드성 소염진통제로 인한 위 또는 십이지장 궤양으로 진행될 위험성이 높거나 위 및 십이지장 궤양 합병증 발생의 위험성이 있는 경우를 제외하고는 가임 여성에게 사용해서는 안 된다.","","정상"
3018,"임부금기","복합",D000613,Dienogest,"디에노게스트","[D000748]Estradiol(에스트라디올)","[M252442]디에노게스트(미분화)/[M254421]디에노게스트/[M040401]에스트라디올/[M040402]길초산에스트라디올/[M088710]에스트라디올1/2수화물/[M103099]에스트라디올헤미하이드레이트/[M223135]에스트라디올 발레레이트/[M224167]에스트라디올반수화물/[M257134]에스트라디올발레레이트","","정제/유화주사제/용액용분말주사제/서방성현탁액용분말주사제/용액용동결건조분말주사제/현탁액용동결건조분말주사제/서방성현탁액용동결건조분말주사제/리포좀화현탁액용동결건조분말주사제/현탁액주사제/서방성현탁액성주사제/용액주사제","1등급",20081211,"","","정상"
3021,"임부금기","복합",D000554,Enalapril,"에날라프릴","[D000414]Hydrochlorothiazide(히드로클로로티아지드)","[M082059]말레인산에날라프릴/[M099977]말레인산에날프릴/[M223118]에날라프릴말레산염/[M223119]에날라프릴말레산염 정/[M249863]에날라프릴말레인산염/[M080768]히드로클로르치아지드/[M089923]히드로클로로치아짓/[M097694]히드로클로로치아지드/[M223356]히드로클로로티아지드","","정제","2등급",20081211,"임신 제 2 및 3기에 ACE저해제를 투여받은 고혈압 환자에서 양수과소증, 태아·신생아의 사망, 신생아의 저혈압, 신부전, 고칼륨혈증, 두개형성부전 및 양수과소증에 의한 것으로 추정되는 사지의 경축, 두개단면의 변형 등이 나타났으므로 임부 또는 임신하고 있을 가능성이
있는 부인에는 투여하지 않는다.
(에날라프릴에 한함)","","정상"
3022,"임부금기","복합",D000748,Estradiol,"에스트라디올","[D000121]Medroxyprogesterone(메드록시프로게스테론)","[M040401]에스트라디올/[M040402]길초산에스트라디올/[M088710]에스트라디올1/2수화물/[M103099]에스트라디올헤미하이드레이트/[M223135]에스트라디올 발레레이트/[M224167]에스트라디올반수화물/[M257134]에스트라디올발레레이트/[M040146]초산메드록시프로게스테론/[M200491]메드록시프로게스테론아세테이트","","정제/유화주사제/용액용분말주사제/서방성현탁액용분말주사제/용액용동결건조분말주사제/현탁액용동결건조분말주사제/서방성현탁액용동결건조분말주사제/리포좀화현탁액용동결건조분말주사제/현탁액주사제/서방성현탁액성주사제/용액주사제","1등급",20081211,"","","정상"
3026,"임부금기","복합",D000749,"Ethinyl estradiol","에티닐에스트라디올","[D000389]Gestodene(게스토덴)","[A005749]에티닐에스트라디올/[M040405]에치닐에스트라디올/[M223147]에티닐에스트라디올/[M259133]에티닐에스트라디올(EE-베타덱스 포접체로서)/[M082621]게스토덴","","정제","1등급",20081211,"피임제","","정상"
3027,"임부금기","복합",D000749,"Ethinyl estradiol","에티닐에스트라디올","[D000789]Drospirenone(드로스피레논)","[A005749]에티닐에스트라디올/[M040405]에치닐에스트라디올/[M223147]에티닐에스트라디올/[M259133]에티닐에스트라디올(EE-베타덱스 포접체로서)/[M211129]드로스피레논","","정제","1등급",20081211,"피임제","","정상"
3028,"임부금기","복합",D000749,"Ethinyl estradiol","에티닐에스트라디올","[D000617]Levonorgestrel(레보노르게스트렐)","[A005749]에티닐에스트라디올/[M040405]에치닐에스트라디올/[M223147]에티닐에스트라디올/[M259133]에티닐에스트라디올(EE-베타덱스 포접체로서)/[M095487]레보노르게스트렐","","정제","1등급",20081211,"피임제","","정상"
3029,"임부금기","복합",D000749,"Ethinyl estradiol","에티닐에스트라디올","[D000694]Desogestrel(데소게스트렐)","[A005749]에티닐에스트라디올/[M040405]에치닐에스트라디올/[M223147]에티닐에스트라디올/[M259133]에티닐에스트라디올(EE-베타덱스 포접체로서)/[M083365]데소게스트렐","","정제","1등급",20081211,"피임제","","정상"
3030,"임부금기","복합",D000027,Simvastatin,"심바스타틴","[D000350]Ezetimibe(에제티미브)","[M089710]심바스타틴/[M097492]에제티미브","","정제","1등급",20081211,"임부에 대한 안전성은 확립되어 있지 않다. 
임부를 대상으로 심바스타틴을 투여한 대조임상시험은 수행되지 않았다. 드물게, HMG-CoA 환원효소저해제가 자궁 내에 
노출된 후, 선천성 기형이 드물게 보고되었다","","정상"
3031,"임부금기","복합",D000219,Rosuvastatin,"로수바스타틴","[D000350]Ezetimibe(에제티미브)","[M095744]로수바스타틴칼슘/[M258559]로수바스타틴칼슘염/[M270546]로수바스타틴칼슘(미분화)/[M097492]에제티미브","","정제","1등급",20081211,"안전성 미확립","","정상"
3032,"임부금기","복합",D000455,Atorvastatin,"아토르바스타틴","[D000350]Ezetimibe(에제티미브)","[I004369]아토르바스타틴칼슘수화물/[M093499]아토르바스타틴칼슘/[M213543]무수아토르바스타틴칼슘/[M215219]아토르바스타틴칼슘삼수화물/[M218956]아토르바스타틴삼수화물/[M244955]아토르바스타틴 스트론튬/[M247057]아토르바스타틴칼슘염무수물/[M251687]아토르바스타틴칼슘/[M256664]아토르바스타틴칼슘수화물/[M263837]아토르바스타틴/[M097492]에제티미브","","정제","1등급",20081211,"안전성 미확립
HMG-CoA 환원효소저해제가 콜레스테롤 합성 및 콜레스테롤 생
합성경로의 다른 생성물을 감소시킬 우려가 있음","","정상"
3033,"임부금기","복합",D000305,Pravastatin,"프라바스타틴","[D000686]Fenofibrate(페노피브레이트)","[M084105]프라바스타틴나트륨/[M051799]페노피브레이트/[M092604]미세화페노피브레이트/[M095127]페노피브레이트펠렛/[M096854]미세화페노피브레이트구형과립/[M099150]페노피브레이트펠렛타입/[M099756]미세화페노피브레이트혼합분말/[M255612]페노피브릭산/[M256159]페노피브레이트콜린/[M257159]페노피브레이트 과립(미분화)/[M260738]페노피브레이트(미분화)","","정제/캡슐","1등급",20081211,"안전성 미확립
HMG-CoA 환원효소저해제는 태아발육에 필수적인 콜레스테롤의
생합성을 감소시켜 태아에게 심각한 영향을 미칠 수 있음","","정상"
3034,"임부금기","복합",D000027,Simvastatin,"심바스타틴","[D000686]Fenofibrate(페노피브레이트)","[M089710]심바스타틴/[M051799]페노피브레이트/[M092604]미세화페노피브레이트/[M095127]페노피브레이트펠렛/[M096854]미세화페노피브레이트구형과립/[M099150]페노피브레이트펠렛타입/[M099756]미세화페노피브레이트혼합분말/[M255612]페노피브릭산/[M256159]페노피브레이트콜린/[M257159]페노피브레이트 과립(미분화)/[M260738]페노피브레이트(미분화)","","정제","1등급",20081211,"태아 발육에 필수적인 콜레스테롤의 생합성 감소 가능성.","","정상"
3035,"임부금기","복합",D000901,Fexofenadine,"펙소페나딘","[D000448]Pseudoephedrine(슈도에페드린)","[M089143]염산펙소페나딘/[M246634]펙소페나딘염산염/[M050833]염산슈도에페드린/[M081720]황산슈도에페드린/[M203364]슈도에페드린염산염/[M222865]수도에페드린염산염/[M248579]수도에페드린황산염/[M256034]수도에페드린염산염 과립/[M258826]수도에페드린","","정제","2등급",20130712,"임부에 대한 안전성 미확립
동물실험에서 고용량 투여시 용량 의존적으로 태자의 체중감소와 생존률 감소 보고.
(펙소페나딘에 한함)","","정상"
3036,"임부금기","복합",D000219,Rosuvastatin,"로수바스타틴","[D000624]Fimasartan(피마사르탄)","[M095744]로수바스타틴칼슘/[M258559]로수바스타틴칼슘염/[M270546]로수바스타틴칼슘(미분화)/[M258703]피마사르탄칼륨삼수화물/[M264048]피마사르탄칼륨삼수화물과립","","정제","1등급",20081211,"레닌-안지오텐신계에 직접 작용하는 약물을 임부(임신 제2～3
기)에 투여 시, 태아 및 신생아 손상 및 사망이 일어날 수 있음","","정상"
3037,"임부금기","복합",D000624,Fimasartan,"피마사르탄","[D000414]Hydrochlorothiazide(히드로클로로티아지드)","[M258703]피마사르탄칼륨삼수화물/[M264048]피마사르탄칼륨삼수화물과립/[M080768]히드로클로르치아지드/[M089923]히드로클로로치아짓/[M097694]히드로클로로치아지드/[M223356]히드로클로로티아지드","","정제","2등급",20130712,"임신 2~3기에 투여시 태아 및 신생아 저혈압, 신생아 두개골형성저하증, 무뇨증, 신부전, 양수과소증(사지연축, 두개안면기형, 폐형성저하증과 관련), 및 사망 보고.
(피마사르탄에 한함)","","정상"
3038,"임부금기","복합",D000075,Gentamicin,"겐타마이신","[D000995]Fluorometholone(플루오로메톨론)","[M020001]황산겐타마이신/[M202821]겐타마이신황산염/[M051832]플루오로메톨론/[M085378]플루오로메토론","","점안용액제/용액용점안분말제/현탁액점안제/안연고제/안겔/점안주사제","2등급",20081211,"동물실험 결과 태자에 바람직하지 못한 효과를 나타내었다. 
(겐타마이신에 한함)","","정상"
3039,"임부금기","복합",D000392,Glimepiride,"글리메피리드","[D000109]Pioglitazone(피오글리타존)","[M086024]글리메피리드/[M092005]염산피오글리타존/[M235069]피오글리타존염산염/[M260948]피오글리타존염","","정제","2등급",20081211,"(글리메피리드) 동물실험에서 고용량 투여시 상완골의 단축, 비후, 굴곡의 골격기형 보고.
(피오글리타존) 동물실험에서 과용량 투여시 분만지연 및 배자독성(착상후 손실 증가, 발생지연, 태아 체중감소) 보고.","","정상"
3040,"임부금기","복합",D000690,Glibenclamide,"글리벤클라미드","[D000718]Metformin(메트포르민)","[M050102]글리벤클라미드/[M201260]염산메트포민/[M214651]염산메트포르민/[M223014]메트포르민염산염/[M244179]메트포르민염산염/[M255741]메트포르민아세트산염/[M263864]메트포르민/[M266682]메트포르민염산염 콜로이드성이산화규소","","정제","2등급",20081211,"글리벤클라미드는 설포닐우레아계 약물로, 설포닐우레아계 약물은 태반을 통과한다는 보고가 있으며 신생아의 저혈당 또는 거대아가 확인되고 있다.
또한, 동물실험에서 기형발생 작용이 보고되고 있으므로 임부 또는 임신할 가능성이 있는 여성에게는 투여하지 않는다","","정상"
3050,"임부금기","복합",D000616,Lercanidipine,"레르카니디핀","[D000011]Valsartan(발사르탄)","[M100654]염산레르카니디핀/[M241001]레르카니디핀염산염/[M250577]레르카니디핀염산염/[M255716]레르카티디핀염산염/[M090403]발사르탄","","정제","2등급",20081211,"임신 2~3기에 ACE저해제 투여시 태아 및 신생아의 저혈압, 고칼륨혈증, 신생아 두개골 발육부전, 무뇨증, 신부전, 양수과소증(태아사지구축, 두개안면기형, 폐발육부전과 관련 있음) 및 사망과 관련됨.","","정상"
3051,"임부금기","복합",D000117,Linagliptin,"리나글립틴","[D000718]Metformin(메트포르민)","[M252996]리나글립틴/[M201260]염산메트포민/[M214651]염산메트포르민/[M223014]메트포르민염산염/[M244179]메트포르민염산염/[M255741]메트포르민아세트산염/[M263864]메트포르민/[M266682]메트포르민염산염 콜로이드성이산화규소","","정제","2등급",20121121,"임신예정이거나 임신 중인 당뇨병 환자에 메트포르민을 투여해서는 안 된다. 
최근의 연구에서 임신 기간 동안 비정상적인 혈당 농도가 선천성 기형의 높은 발현과 관련이 있다는 보고가 있음","","정상"
3052,"임부금기","복합",D000528,Lisinopril,"리시노프릴","[D000414]Hydrochlorothiazide(히드로클로로티아지드)","[M023167]리시노프릴/[M102017]리시노프릴이수화물/[M222843]리시노프릴수화물/[M080768]히드로클로르치아지드/[M089923]히드로클로로치아짓/[M097694]히드로클로로치아지드/[M223356]히드로클로로티아지드","","정제","2등급",20081211,"ACE억제제는 태아에 손상 및 사망을 초래할 수 있다
(리시노프릴에 한함)","","정상"
3054,"임부금기","복합",D000130,Mitiglinide,"미티글리니드","[D000718]Metformin(메트포르민)","[M252108]미티글리니드칼슘수화물/[M201260]염산메트포민/[M214651]염산메트포르민/[M223014]메트포르민염산염/[M244179]메트포르민염산염/[M255741]메트포르민아세트산염/[M263864]메트포르민/[M266682]메트포르민염산염 콜로이드성이산화규소","","정제","2등급",20081211,"(미티글리니드) 동물실험에서 태반 통과 확인 및 저혈당으로 인한 모체 사망사례 보고
(메트포르민) 최근의 연구에서 임신 기간 동안 비정상적인 혈당 농도가 선천성 기형의 높은 발현과 관련이 있다고 보고됨","","정상"
3041,"임부금기","복합",D000363,Ibuprofen,"이부프로펜","[D000177]Codeine(코데인)","[M051259]이부프로펜/[M071015]이부프로펜리신/[M086772]이부프로펜제피세립/[M209277]이부프로펜아르기닌/[M246943]이부프로펜나트륨이수화물/[M206948]인산코데인/[M223188]코데인인산염수화물","","정제/캡슐/용액주사제/유화주사제/용액용분말주사제/서방성현탁액용분말주사제/용액용동결건조분말주사제/현탁액용동결건조분말주사제/서방성현탁액용동결건조분말주사제/리포좀화현탁액용동결건조분말주사제/현탁액주사제/서방성현탁액성주사제/좌제","2등급",20081211,"(경구, 주사)- 임부에 대한 안전성 미확립.- 임신 말기에 투여시 태아의 동맥관조기폐쇄 가능성.- 임신 약 20주 이후 비스테로이드성 소염제의 사용은 태아의 신기능 이상을 일으켜 양수 과소증 유발 가능 및 경우에 따라 신생아 신장애 발생 가능(외용)- 임신 후반기 투여 시 출산 지연,  출산 시 실혈, 신생아 출혈, 태아의 심폐독성(동맥관 조기폐쇄를 수반하는 폐고혈압), 신기능 저하로 양수과소증을 수반하는 신부전 발생 가능","겔제, 첩부제 포함","정상"
3042,"임부금기","복합",D000363,Ibuprofen,"이부프로펜","[D000996]Arginine(아르기닌)","[M051259]이부프로펜/[M071015]이부프로펜리신/[M086772]이부프로펜제피세립/[M209277]이부프로펜아르기닌/[M246943]이부프로펜나트륨이수화물/[M095195]아르기닌/[M103077]L-아르기닌","","정제/캡슐/용액주사제/유화주사제/용액용분말주사제/서방성현탁액용분말주사제/용액용동결건조분말주사제/현탁액용동결건조분말주사제/서방성현탁액용동결건조분말주사제/리포좀화현탁액용동결건조분말주사제/현탁액주사제/서방성현탁액성주사제/좌제/과립제/서방성과립제/장용성과립제 /용액용과립제/서방성현탁액용과립제/발포과립제/현탁액용과립제/액상시럽제/건조시럽용 과립제","2등급",20081211,"(경구, 주사)- 임부에 대한 안전성 미확립.- 임신 말기에 투여시 태아의 동맥관조기폐쇄 가능성.- 임신 약 20주 이후 비스테로이드성 소염제의 사용은 태아의 신기능 이상을 일으켜 양수 과소증 유발 가능 및 경우에 따라 신생아 신장애 발생 가능(외용)- 임신 후반기 투여 시 출산 지연,  출산 시 실혈, 신생아 출혈, 태아의 심폐독성(동맥관 조기폐쇄를 수반하는 폐고혈압), 신기능 저하로 양수과소증을 수반하는 신부전 발생 가능","겔제, 첩부제 포함","정상"
3043,"임부금기","복합",D000363,Ibuprofen,"이부프로펜","[D000448]Pseudoephedrine(슈도에페드린)","[M051259]이부프로펜/[M071015]이부프로펜리신/[M086772]이부프로펜제피세립/[M209277]이부프로펜아르기닌/[M246943]이부프로펜나트륨이수화물/[M050833]염산슈도에페드린/[M081720]황산슈도에페드린/[M203364]슈도에페드린염산염/[M222865]수도에페드린염산염/[M248579]수도에페드린황산염/[M256034]수도에페드린염산염 과립/[M258826]수도에페드린","","정제/캡슐/용액주사제/유화주사제/용액용분말주사제/서방성현탁액용분말주사제/용액용동결건조분말주사제/현탁액용동결건조분말주사제/서방성현탁액용동결건조분말주사제/리포좀화현탁액용동결건조분말주사제/현탁액주사제/서방성현탁액성주사제/좌제/경구용현탁액제/점이현탁액제","2등급",20081211,"(경구, 주사)- 임부에 대한 안전성 미확립.- 임신 말기에 투여시 태아의 동맥관조기폐쇄 가능성.- 임신 약 20주 이후 비스테로이드성 소염제의 사용은 태아의 신기능 이상을 일으켜 양수 과소증 유발 가능 및 경우에 따라 신생아 신장애 발생 가능(외용)- 임신 후반기 투여 시 출산 지연,  출산 시 실혈, 신생아 출혈, 태아의 심폐독성(동맥관 조기폐쇄를 수반하는 폐고혈압), 신기능 저하로 양수과소증을 수반하는 신부전 발생 가능","겔제, 첩부제 포함","정상"
3044,"임부금기","복합",D000363,Ibuprofen,"이부프로펜","[D000997]Pamabrom(파마브롬)","[M051259]이부프로펜/[M071015]이부프로펜리신/[M086772]이부프로펜제피세립/[M209277]이부프로펜아르기닌/[M246943]이부프로펜나트륨이수화물/[M082487]파마브롬","","정제/캡슐/용액주사제/유화주사제/용액용분말주사제/서방성현탁액용분말주사제/용액용동결건조분말주사제/현탁액용동결건조분말주사제/서방성현탁액용동결건조분말주사제/리포좀화현탁액용동결건조분말주사제/현탁액주사제/서방성현탁액성주사제/좌제","2등급",20081211,"(경구, 주사)- 임부에 대한 안전성 미확립.- 임신 말기에 투여시 태아의 동맥관조기폐쇄 가능성.- 임신 약 20주 이후 비스테로이드성 소염제의 사용은 태아의 신기능 이상을 일으켜 양수 과소증 유발 가능 및 경우에 따라 신생아 신장애 발생 가능(외용)- 임신 후반기 투여 시 출산 지연,  출산 시 실혈, 신생아 출혈, 태아의 심폐독성(동맥관 조기폐쇄를 수반하는 폐고혈압), 신기능 저하로 양수과소증을 수반하는 신부전 발생 가능","겔제, 첩부제 포함","정상"
3055,"임부금기","복합",D000428,Moexipril,"모엑시프릴","[D000414]Hydrochlorothiazide(히드로클로로티아지드)","[M088647]염산모엑시프릴/[M246321]모엑시프릴염산염/[M080768]히드로클로르치아지드/[M089923]히드로클로로치아짓/[M097694]히드로클로로치아지드/[M223356]히드로클로로티아지드","","정제","2등급",20081211,"임신 제2 및 3기에 ACE저해제 투여시 양수과소증, 태아 및 신생아 사망, 신생아의 저혈압, 신부전, 고칼륨혈증, 두개형성부전, 양수과소증에 의한 것으로 추정되는 사지의 경축, 두개단면변형, 폐형성부전 및 자궁내 성장지연 등 보고.
(모엑시프릴에 한함)","","정상"
3057,"임부금기","복합",D000194,Nateglinide,"나테글리니드","[D000718]Metformin(메트포르민)","[M089833]나테글리니드/[M201260]염산메트포민/[M214651]염산메트포르민/[M223014]메트포르민염산염/[M244179]메트포르민염산염/[M255741]메트포르민아세트산염/[M263864]메트포르민/[M266682]메트포르민염산염 콜로이드성이산화규소","","정제","2등급",20081211,"동물실험에서 내장기관 기형(흉선의경부잔류, 담낭결손) 발생, 초기유산 및 태자사망 증가 관찰. 신생자의 체중증가 억제, 사산자 및 신생자 사망 증가 경향 보고.","","정상"
3058,"임부금기","복합",D000972,Olmesartan,"올메사르탄","[D000414]Hydrochlorothiazide(히드로클로로티아지드)","[I002674]올메사르탄메독소밀/[M102509]올메사탄메독소밀/[M253843]올메사탄실렉세틸/[M256141]올메사탄실렉세틸/[M257074]올메사르탄메독소밀/[M080768]히드로클로르치아지드/[M089923]히드로클로로치아짓/[M097694]히드로클로로치아지드/[M223356]히드로클로로티아지드","","정제","2등급",20081211,"임신 제2 및 3기에 ACE 저해제 복용시 저혈압, 신생아 두개골발육부전, 무뇨증, 신부전, 양수과소증(사지연축, 두개안면기형, 폐발육부진과 관련) 및 사망 보고.","","정상"
3045,"임부금기","복합",D000363,Ibuprofen,"이부프로펜","[D000852]Caffeine(카페인)","[M051259]이부프로펜/[M071015]이부프로펜리신/[M086772]이부프로펜제피세립/[M209277]이부프로펜아르기닌/[M246943]이부프로펜나트륨이수화물/[M040579]카페인(함수)/[M040580]무수카페인/[M090611]카페인/[M223183]카페인무수물/[M223184]카페인수화물/[M241017]무수물카페인","","정제/캡슐/용액주사제/유화주사제/용액용분말주사제/서방성현탁액용분말주사제/용액용동결건조분말주사제/현탁액용동결건조분말주사제/서방성현탁액용동결건조분말주사제/리포좀화현탁액용동결건조분말주사제/현탁액주사제/서방성현탁액성주사제/좌제","2등급",20081211,"(경구, 주사)- 임부에 대한 안전성 미확립.- 임신 말기에 투여시 태아의 동맥관조기폐쇄 가능성.- 임신 약 20주 이후 비스테로이드성 소염제의 사용은 태아의 신기능 이상을 일으켜 양수 과소증 유발 가능 및 경우에 따라 신생아 신장애 발생 가능(외용)- 임신 후반기 투여 시 출산 지연,  출산 시 실혈, 신생아 출혈, 태아의 심폐독성(동맥관 조기폐쇄를 수반하는 폐고혈압), 신기능 저하로 양수과소증을 수반하는 신부전 발생 가능","겔제, 첩부제 포함","정상"
3046,"임부금기","복합",D000363,Ibuprofen,"이부프로펜","[D000852]Caffeine(카페인)","[M051259]이부프로펜/[M071015]이부프로펜리신/[M086772]이부프로펜제피세립/[M209277]이부프로펜아르기닌/[M246943]이부프로펜나트륨이수화물/[M040579]카페인(함수)/[M040580]무수카페인/[M090611]카페인/[M223183]카페인무수물/[M223184]카페인수화물/[M241017]무수물카페인","","정제/캡슐/용액주사제/유화주사제/용액용분말주사제/서방성현탁액용분말주사제/용액용동결건조분말주사제/현탁액용동결건조분말주사제/서방성현탁액용동결건조분말주사제/리포좀화현탁액용동결건조분말주사제/현탁액주사제/서방성현탁액성주사제/좌제","2등급",20081211,"(경구, 주사)- 임부에 대한 안전성 미확립.- 임신 말기에 투여시 태아의 동맥관조기폐쇄 가능성.- 임신 약 20주 이후 비스테로이드성 소염제의 사용은 태아의 신기능 이상을 일으켜 양수 과소증 유발 가능 및 경우에 따라 신생아 신장애 발생 가능(외용)- 임신 후반기 투여 시 출산 지연,  출산 시 실혈, 신생아 출혈, 태아의 심폐독성(동맥관 조기폐쇄를 수반하는 폐고혈압), 신기능 저하로 양수과소증을 수반하는 신부전 발생 가능","겔제, 첩부제 포함","정상"
3047,"임부금기","복합",D000363,Ibuprofen,"이부프로펜","[D000998]Thiamine(티아민)","[M051259]이부프로펜/[M071015]이부프로펜리신/[M086772]이부프로펜제피세립/[M209277]이부프로펜아르기닌/[M246943]이부프로펜나트륨이수화물/[M223258]티아민염산염/[M223262]티아민질산염/[M243282]티아민질산염3배산","","정제/캡슐/용액주사제/유화주사제/용액용분말주사제/서방성현탁액용분말주사제/용액용동결건조분말주사제/현탁액용동결건조분말주사제/서방성현탁액용동결건조분말주사제/리포좀화현탁액용동결건조분말주사제/현탁액주사제/서방성현탁액성주사제/좌제","2등급",20081211,"(경구, 주사)- 임부에 대한 안전성 미확립.- 임신 말기에 투여시 태아의 동맥관조기폐쇄 가능성.- 임신 약 20주 이후 비스테로이드성 소염제의 사용은 태아의 신기능 이상을 일으켜 양수 과소증 유발 가능 및 경우에 따라 신생아 신장애 발생 가능(외용)- 임신 후반기 투여 시 출산 지연,  출산 시 실혈, 신생아 출혈, 태아의 심폐독성(동맥관 조기폐쇄를 수반하는 폐고혈압), 신기능 저하로 양수과소증을 수반하는 신부전 발생 가능","겔제, 첩부제 포함","정상"
3048,"임부금기","복합",D000363,Ibuprofen,"이부프로펜","[D000999]Scopolamine(스코폴라민)","[M051259]이부프로펜/[M071015]이부프로펜리신/[M086772]이부프로펜제피세립/[M209277]이부프로펜아르기닌/[M246943]이부프로펜나트륨이수화물/[M086103]니스과립디/[M086104]니스과립C-2/[M223057]부틸스코폴라민브롬화물","","정제/유화주사제/용액용분말주사제/서방성현탁액용분말주사제/용액용동결건조분말주사제/현탁액용동결건조분말주사제/서방성현탁액용동결건조분말주사제/리포좀화현탁액용동결건조분말주사제/현탁액주사제/서방성현탁액성주사제/용액주사제/좌제","2등급",20081211,"(경구, 주사)- 임부에 대한 안전성 미확립.- 임신 말기에 투여시 태아의 동맥관조기폐쇄 가능성.- 임신 약 20주 이후 비스테로이드성 소염제의 사용은 태아의 신기능 이상을 일으켜 양수 과소증 유발 가능 및 경우에 따라 신생아 신장애 발생 가능(외용)- 임신 후반기 투여 시 출산 지연,  출산 시 실혈, 신생아 출혈, 태아의 심폐독성(동맥관 조기폐쇄를 수반하는 폐고혈압), 신기능 저하로 양수과소증을 수반하는 신부전 발생 가능","겔제, 첩부제 포함","정상"
3059,"임부금기","복합",D000192,Perindopril,"페린도프릴","[D000856]Indapamide(인다파미드)","[M085045]페린도프릴제3부틸아민/[M217183]페린도프릴아르기닌/[M258860]페린도프릴-t-부틸아민/[M263821]페린도프릴/[M051280]인다파미드","","정제","2등급",20081211,"ACE억제제는 태아에 손상 및 사망을 초래할 수 있음","","정상"
3060,"임부금기","복합",D000896,Pheniramine,"페니라민","[D000191]Phenylephrine(페닐레프린)","[I002961]페니라민아미노살리실레이트/[I002962]페니라민말레산염/[M051704]말레인산페니라민/[M086103]니스과립디/[M086104]니스과립C-2/[M237022]페니라민말레산염/[M040696]염산페닐에프린/[M222724]페닐레프린염산염/[M225151]페닐에프린염산염","","정제/액상시럽제/건조시럽용 과립제","2등급",20130712,"임부에 대한 안전성 미확립
(페니라민) 태반 관류 감소 가능성.","","정상"
3061,"임부금기","복합",D000896,Pheniramine,"페니라민","[D000999]Scopolamine(스코폴라민)","[I002961]페니라민아미노살리실레이트/[I002962]페니라민말레산염/[M051704]말레인산페니라민/[M086103]니스과립디/[M086104]니스과립C-2/[M237022]페니라민말레산염/[M223057]부틸스코폴라민브롬화물","","정제/캡슐","2등급",20130712,"(페니라민) 태반 관류 감소 가능성","","정상"
3062,"임부금기","복합",D000109,Pioglitazone,"피오글리타존","[D000744]Alogliptin(알로글립틴)","[M092005]염산피오글리타존/[M235069]피오글리타존염산염/[M260948]피오글리타존염/[A005744]알로글립틴","","정제","2등급",20081211,"임부에 대한 안전성 미확립","","정상"
3063,"임부금기","복합",D000109,Pioglitazone,"피오글리타존","[D000718]Metformin(메트포르민)","[M092005]염산피오글리타존/[M235069]피오글리타존염산염/[M260948]피오글리타존염/[M201260]염산메트포민/[M214651]염산메트포르민/[M223014]메트포르민염산염/[M244179]메트포르민염산염/[M255741]메트포르민아세트산염/[M263864]메트포르민/[M266682]메트포르민염산염 콜로이드성이산화규소","","정제","2등급",20081211,"임신 중 비정상적인 혈당치가 신생아 유병률 및 사망률의 증가뿐만 아니라, 선천성 기형의 높은 발생빈도와 관련이 있다고 보고됨.","","정상"
3049,"임부금기","복합",D000363,Ibuprofen,"이부프로펜","[D001000]Licorice(감초)","[M051259]이부프로펜/[M071015]이부프로펜리신/[M086772]이부프로펜제피세립/[M209277]이부프로펜아르기닌/[M246943]이부프로펜나트륨이수화물/[A006000]감초/[M040006]감초/[M070009]감초가루","","정제/유화주사제/용액용분말주사제/서방성현탁액용분말주사제/용액용동결건조분말주사제/현탁액용동결건조분말주사제/서방성현탁액용동결건조분말주사제/리포좀화현탁액용동결건조분말주사제/현탁액주사제/서방성현탁액성주사제/용액주사제/좌제","2등급",20081211,"(경구, 주사)- 임부에 대한 안전성 미확립.- 임신 말기에 투여시 태아의 동맥관조기폐쇄 가능성.- 임신 약 20주 이후 비스테로이드성 소염제의 사용은 태아의 신기능 이상을 일으켜 양수 과소증 유발 가능 및 경우에 따라 신생아 신장애 발생 가능(외용)- 임신 후반기 투여 시 출산 지연,  출산 시 실혈, 신생아 출혈, 태아의 심폐독성(동맥관 조기폐쇄를 수반하는 폐고혈압), 신기능 저하로 양수과소증을 수반하는 신부전 발생 가능","겔제, 첩부제 포함","정상"
3053,"임부금기","복합",D000220,Losartan,"로사르탄","[D000414]Hydrochlorothiazide(히드로클로로티아지드)","[M086307]로자탄칼륨/[M201944]포타슘로사탄/[M248335]로자탄칼륨/[M249673]로사르탄칼륨/[M255575]로사르탄칼륨(로자탄으로서 45.8mg)/[M257973]로사르탄칼슘/[M259810]로자르탄칼륨/[M260076]로사르탄칼륨(로사르탄으로서45.8mg)/[M080768]히드로클로르치아지드/[M089923]히드로클로로치아짓/[M097694]히드로클로로치아지드/[M223356]히드로클로로티아지드","","정제","2등급",20081211,"임신 제 2~3기에 ACE 저해제 투여시 태아와 신생아의 저혈압, 고칼륨혈증, 신생아 두개골발육부전, 무뇨증, 신부전, 자궁내 성장지체, 양수과소증(사지구축, 두개안면기형, 폐발육부전과 관련) 및 사망 등 보고.
임신 1기에 투여시 출생결함의 잠재적 위험과 관련됨.
(로사르탄에 한함)","","정상"
3056,"임부금기","복합",D000982,Naproxen,"나프록센","[D000153]Esomeprazole(에스오메프라졸)","[M050116]나프록센/[M070724]나프록센나트륨/[M103210]소디움나프록센/[M200898]소듐나프록센/[M092321]에스오메프라졸마그네슘삼수화물/[M100498]에스오메프라졸나트륨/[M221042]에스오메프라졸스트론튬사수화물/[M242227]에스오메프라졸마그네슘이수화물/[M249554]에스오메프라졸/[M259375]에스오메프라졸마그네슘이수화물/[M262063]에스오메프라졸마그네슘과립","","정제","2등급",20081211,"임부에 대한 안전성 미확립.
임신 말기에 투여시 태아의 동맥관조기폐쇄 가능성.
동물실험에서 난산발생빈도 증가, 분만지연, 태아 생존율 감소, 동맥관수축 보고.
(나프록센에 한함)","","정상"
3064,"임부금기","복합",D000518,Pitavastatin,"피타바스타틴","[D000011]Valsartan(발사르탄)","[M102119]피타바스타틴칼슘/[M259724]피타바스타틸칼슘/[M090403]발사르탄","","정제","1등급",20081211,"레닌-안지오텐신-알도스테론계(RAAS)에 직접 작용하는 약물들의 투여시, 태아 및 신생아에게 손상 및 사망까지도 일어날 수 있으며, 이러한 사례는 ACE억제제를 복용한 환자에서도 세계적으로 수십 례가 보고된 바 있다.","","정상"
3065,"임부금기","복합",D000398,Ramipril,"라미프릴","[D000404]Felodipine(펠로디핀)","[M083172]라미프릴/[M255729]히드록시프로필메틸셀룰로오스로제피한라미프릴과립/[M081580]펠로디핀과립4ㆍ79%/[M084735]펠로디핀","","정제/캡슐","2등급",20081211,"안지오텐신 전환효소(ACE) 저해제를 임신 제2기 및 제3기 각 3개월 중에 투여하는 경우 태아의 손상 또는 심지어 사망까지 일으킬 수 있다","","정상"
3066,"임부금기","복합",D000418,Repaglinide,"레파글리니드","[D000718]Metformin(메트포르민)","[M088889]레파글리니드/[M201260]염산메트포민/[M214651]염산메트포르민/[M223014]메트포르민염산염/[M244179]메트포르민염산염/[M255741]메트포르민아세트산염/[M263864]메트포르민/[M266682]메트포르민염산염 콜로이드성이산화규소","","정제","2등급",20081211,"임부에 대한 안전성 미확립
(레파글리니드) 동물실험에서 초기흡수 증가 및 흉골 분절과 상지, 하지, 척추 및 두개골의 골화지연 보고","","정상"
3067,"임부금기","복합",D000224,"Risedronic Acid","리세드론산","[D000987]Cholecalciferol(콜레칼시페롤)","[M099562]리세드론산나트륨/[M221599]리세드론산나트륨일수화물/[M245359]무수리세드론산나트륨/[M249382]리세드론산나트륨무수물/[M249411]리세드론산나트륨2.5수화물/[M040594]콜레칼시페롤/[M094322]농축콜레칼시페롤분말/[M099907]콜레칼시페롤과립/[M102050]콜레칼시페롤농축분말/[M218189]농축콜레칼시페롤(분말형)/[M233228]콜레칼시페롤농축물(분말형)/[M255949]농축콜레칼시페롤과립/[M256378]농축콜레칼시페롤 과립","","정제","2등급",20081211,"(리세드론산) 동물시험에서 분만기 모체 저칼슘혈증 및 태자의 골화 효과 가능성 보고
(콜레칼시페롤) 콜레칼시페롤(비타민 D3)에 대한 자료는 없으나 에르고칼시페롤(비타민 D2)을 임신한 토끼에 고용량으로(이틀에 한번 10,000 IU 이상) 투여한 결과, 유산율과 태자의 대동맥 협착증 발생율이 증가하였음.
비타민 D2를 임신한 랫트에 일일 40,000 IU를 투여한 결과 신생자 사망, 태자 체중 감소, 출생 후 장골의 골형성 손상이 보고됨","","정상"
3068,"임부금기","복합",D000219,Rosuvastatin,"로수바스타틴","[D000485]Telmisartan(텔미사르탄)","[M095744]로수바스타틴칼슘/[M258559]로수바스타틴칼슘염/[M270546]로수바스타틴칼슘(미분화)/[M090395]텔미사르탄/[M264500]텔미사르탄파우더(23.9%)","","정제","1등급",20081211,"임부에게 레닌-안지오텐신-알도스테론계(RAAS)에 직접 작용하는 약물들의 투여시, 태아 및 신생아에게 손상 및 사망까지도 일어날 수 있으며, 이러한 사례는 ACE억제제를 복용한 환자에서도 세계적으로 수십 례가 보고된 바 있다.","","정상"
3069,"임부금기","복합",D000219,Rosuvastatin,"로수바스타틴","[D000011]Valsartan(발사르탄)","[M095744]로수바스타틴칼슘/[M258559]로수바스타틴칼슘염/[M270546]로수바스타틴칼슘(미분화)/[M090403]발사르탄","","정제","1등급",20081211,"임부에게 레닌-안지오텐신-알도스테론계(RAAS)에 직접 작용하는 약물의 투여 시, 태아 및 신생아에게 심각한 손상 및 사망까지도 일어날 수 있으며, 이러한 사례는 ACE억제제를 복용한 환자에서도 세계적으로 수십 례가 보고된 바 있다.","","정상"
3070,"임부금기","복합",D000335,Saxagliptin,"삭사글립틴","[D000718]Metformin(메트포르민)","[M251489]삭사글립틴수화물/[M201260]염산메트포민/[M214651]염산메트포르민/[M223014]메트포르민염산염/[M244179]메트포르민염산염/[M255741]메트포르민아세트산염/[M263864]메트포르민/[M266682]메트포르민염산염 콜로이드성이산화규소","","정제","2등급",20121121,"임부에 대한 안전성 미확립.
(삭사글립틴)
동물실험에서 고용량 투여시 골반의 불완전 골화 및 발달지연, 모자독성 및 태아 체중감소, 경미한 골격변이 보고","","정상"
3071,"임부금기","복합",D000244,Sitagliptin,"시타글립틴","[D000718]Metformin(메트포르민)","[M251915]시타글립틴인산염수화물/[M262101]시타글립틴인산염/[M266925]시타글립틴염산염수화물/[M201260]염산메트포민/[M214651]염산메트포르민/[M223014]메트포르민염산염/[M244179]메트포르민염산염/[M255741]메트포르민아세트산염/[M263864]메트포르민/[M266682]메트포르민염산염 콜로이드성이산화규소","","정제","2등급",20121121,"임부에 대한 안전성 미확립","","정상"
3072,"임부금기","복합",D000731,Spironolactone,"스피로노락톤","[D000414]Hydrochlorothiazide(히드로클로로티아지드)","[M099796]스피로노락톤/[M080768]히드로클로르치아지드/[M089923]히드로클로로치아짓/[M097694]히드로클로로치아지드/[M223356]히드로클로로티아지드","","정제","2등급",20130712,"스피로노락톤 및 그 대사산물과 히드로클로로치아짓은 태반을 통과하므로 태아 ·신생아황달, 혈소판 감소 및 성인에서 보고된 부작용이 태아에 나타날 수 있다.
임신 중에는 이뇨제 상용이 부적절하며 모체와 태아에게 불필요한 위험을 초래할 수 있다.","","정상"
3073,"임부금기","복합",D000485,Telmisartan,"텔미사르탄","[D000414]Hydrochlorothiazide(히드로클로로티아지드)","[M090395]텔미사르탄/[M264500]텔미사르탄파우더(23.9%)/[M080768]히드로클로르치아지드/[M089923]히드로클로로치아짓/[M097694]히드로클로로치아지드/[M223356]히드로클로로티아지드","","정제","2등급",20081211,"레닌-안지오텐신계에 직접적으로 작용하는 약물을 임부에 투여하는 경우 자라나는 태아 또는 신생아에게 병적 상태 및 사망을 일으킬 수 있다. 특히 임신 2기 3개월 및 3기 3개월 중의 이러한 약물의 사용은 저혈압, 신생아 두개골 형성 저하증, 무뇨증, 가역적 또는 비가역적인 신부전 및 사망을 포함한 태아 또는 신생아의 손상과 관련성이 있다. 태아의 신기능의 저하가 원인일 것으로 추정되는 양수과소증이 보고된 바 있으며, 양수과소증은 태아의 사지연축, 두개안면기형, 폐의 형성저하증과 관련성이 있다.","","정상"
3074,"임부금기","복합",D000773,Tramadol,"트라마돌","[D000147]Acetaminophen(아세트아미노펜)","[M080418]염산트라마돌/[M104509]염산트라마돌지속성제피과립/[M222893]트라마돌염산염/[M255410]트라마돌염산염/[M040353]아세트아미노펜/[M082309]아세트아미노펜제피세립/[M233006]아세트아미노펜 DC 500/600/[M246556]아세트아미노펜 (미분화)/[M262287]아세트아미노펜 과립","","정제","2등급",20121121,"임부에 대한 안전성 미확립.
동물 실험에서 돌연변이성, 발암성, 생식독성 보고.
임신 말기 고용량 단기 투여시 신생아의 호흡억제 가능성.
임신중 장기 투여시 신생아에게 금단증상 야기 가능성.
(트라마돌에 의함)","","정상"
3075,"임부금기","복합",D000011,Valsartan,"발사르탄","[D000414]Hydrochlorothiazide(히드로클로로티아지드)","[M090403]발사르탄/[M080768]히드로클로르치아지드/[M089923]히드로클로로치아짓/[M097694]히드로클로로치아지드/[M223356]히드로클로로티아지드","","정제","2등급",20081211,"임신 2~3기에 ACE저해제 투여시 태아 및 신생아의 저혈압, 고칼륨혈증, 신생아 두개골 발육부전, 무뇨증, 신부전, 양수과소증(태아사지구축, 두개안면기형, 폐발육부전과 관련 있음) 및 사망과 관련됨.
(발사르탄에 의함)","","정상"
3076,"임부금기","복합",D000445,Vildagliptin,"빌다글립틴","[D000718]Metformin(메트포르민)","[M221584]빌다글립틴/[M262420]빌다글립틴(미분화)/[M201260]염산메트포민/[M214651]염산메트포르민/[M223014]메트포르민염산염/[M244179]메트포르민염산염/[M255741]메트포르민아세트산염/[M263864]메트포르민/[M266682]메트포르민염산염 콜로이드성이산화규소","","정제","2등급",20121121,"임부에 대한 안전성 미확립.
동물실험에서 고용량 투여시 생식독성 및 태아독성 보고.","","정상"
3077,"임부금기","복합",D000600,Gliclazide,"글리클라지드","[D000718]Metformin(메트포르민)","[M099438]글리클라짓/[M222831]글리클라지드/[M258015]글리크라짓/[M201260]염산메트포민/[M214651]염산메트포르민/[M223014]메트포르민염산염/[M244179]메트포르민염산염/[M255741]메트포르민아세트산염/[M263864]메트포르민/[M266682]메트포르민염산염 콜로이드성이산화규소","","정제","2등급",20081211,"임부에 대한 안전성 미확립
(글리클라지드) 설포닐우레아계 약제는 태반을 통과한다는 보고가 있고 신생아의 저혈당, 또는 거대아가 확인되고 있음","","정상"
3079,"임부금기","복합",D000219,Rosuvastatin,"로수바스타틴","[D000972]Olmesartan(올메사르탄)","[M095744]로수바스타틴칼슘/[M258559]로수바스타틴칼슘염/[M270546]로수바스타틴칼슘(미분화)/[I002674]올메사르탄메독소밀/[M102509]올메사탄메독소밀/[M253843]올메사탄실렉세틸/[M256141]올메사탄실렉세틸/[M257074]올메사르탄메독소밀","","정제","1등급",20081211,"임신 2, 3기인 임부에 레닌-안지오텐신 시스템에 직접적으로 작용하는 약물 투여시, 태아 및 신생아에게 손상 및 사망까지 유발할 수 있다.","","정상"
3080,"임부금기","복합",D000392,Glimepiride,"글리메피리드","[D000718]Metformin(메트포르민)","[M086024]글리메피리드/[M201260]염산메트포민/[M214651]염산메트포르민/[M223014]메트포르민염산염/[M244179]메트포르민염산염/[M255741]메트포르민아세트산염/[M263864]메트포르민/[M266682]메트포르민염산염 콜로이드성이산화규소","","정제","2등급",20081211,"동물실험에서 기형형성 작용에 대한 보고가 있어 태아에게 위해를 끼칠 수 있고 임부에게는 유산산증이 일어날 수 있음","","정상"
3081,"임부금기","복합",D000692,Dapagliflozin,"다파글리플로진","[D000718]Metformin(메트포르민)","[M258339]다파글리플로진프로판디올수화물/[M201260]염산메트포민/[M214651]염산메트포르민/[M223014]메트포르민염산염/[M244179]메트포르민염산염/[M255741]메트포르민아세트산염/[M263864]메트포르민/[M266682]메트포르민염산염 콜로이드성이산화규소","","정제","2등급",20121121,"임부에 대한 안전성 미확립
(다파글리플로진) 랫트에 대한 연구 결과 사람의 임신 2기와 3기에 해당하는 기간에 신장발달에 대한 독성을 나타냄","","정상"
3082,"임부금기","복합",D000680,Teneligliptin,"테네리글립틴","[D000718]Metformin(메트포르민)","[M259364]테네리글립틴브롬화수소산염수화물/[M201260]염산메트포민/[M214651]염산메트포르민/[M223014]메트포르민염산염/[M244179]메트포르민염산염/[M255741]메트포르민아세트산염/[M263864]메트포르민/[M266682]메트포르민염산염 콜로이드성이산화규소","","정제","2등급",20121121,"임부에 대한 안전성 미확립","","정상"
3078,"임부금기","복합",D000668,"Ibandronic acid","이반드론산","[D000987]Cholecalciferol(콜레칼시페롤)","[M102556]이반드론산나트륨일수화물/[M256854]이반드론산나트륨수화물/[M040594]콜레칼시페롤/[M094322]농축콜레칼시페롤분말/[M099907]콜레칼시페롤과립/[M102050]콜레칼시페롤농축분말/[M218189]농축콜레칼시페롤(분말형)/[M233228]콜레칼시페롤농축물(분말형)/[M255949]농축콜레칼시페롤과립/[M256378]농축콜레칼시페롤 과립","","정제","2등급",20130712,"임부에 대한 안전성 미확립
(이반드론산나트륨) 동물실험결과 생식독성 관찰됨
(콜레칼시페롤)  에르고칼시페롤(비타민 D2)을 임신한 토끼에 고용량으로(이틀에 한번 10,000 IU 이상) 투여한 결과, 유산율과 태자의 대동맥 협착증 발생율이 증가하였다. 비타민 D2를 임신한 랫트에 일일 40,000 IU를 투여한 결과 신생자 사망, 태자 체중 감소, 출생후 장골의 골형성 손상이 나타났다.","","정상"
3083,"임부금기","복합",D000157,Empagliflozin,"엠파글리플로진","[D000718]Metformin(메트포르민)","[M260057]엠파글리플로진/[M201260]염산메트포민/[M214651]염산메트포르민/[M223014]메트포르민염산염/[M244179]메트포르민염산염/[M255741]메트포르민아세트산염/[M263864]메트포르민/[M266682]메트포르민염산염 콜로이드성이산화규소","","정제","2등급",20121121,"임부에 대한 안전성 미확립
동물시험에서 출생 후 발달에 대한 유해한 영향을 나타내었음","","정상"
3084,"임부금기","복합",D000290,"Nicotinic acid","니코틴산","[D000290]Nicotinic acid(니코틴산)","[A005290]니코틴산/[M040063]니코틴산","","정제/캡슐","2등급",20081211,"임부에 대한 안전성 미확립(니코틴산에 의함)","","정상"
3086,"임부금기","복합",D000026,Cyproheptadine,"시프로헵타딘","[D000026]Cyproheptadine(시프로헵타딘)","[M040335]염산시프로헵타딘/[M081195]오로트산시프로헵타딘/[M094432]시프로헵타딘/[M223093]시프로헵타딘염산염수화물/[M254960]시프로헵타딘오로트산염수화물","","정제/캡슐","2등급",20130712,"임부에 대한 안전성 미확립
(시프로헵타딘에 한함)","","정상"
3088,"임부금기","단일",D000888,"Ethyl Loflazepate","에틸로플라제페이트","","[M083333]에칠로플라제페이트/[M103439]에칠로프라제페이트/[M261044]에틸로플라제페이트/[M261131]에틸로플라제페이트","","정제","2등급",20121213,"벤조디아제핀계 약물의 최기형성 사례(대조군에 비해 높음), 신생아 포유곤란, 근긴장저하, 졸음, 황달 증가 및 분만전 연용시 신생아 금단증상(신경과민, 진전, 과다긴장 등) 보고.","","정상"
3089,"임부금기","단일",D000329,Verapamil,"베라파밀","","[M080637]염산베라파밀/[M203207]베라파밀염산염","","정제/유화주사제/용액용분말주사제/서방성현탁액용분말주사제/용액용동결건조분말주사제/현탁액용동결건조분말주사제/서방성현탁액용동결건조분말주사제/리포좀화현탁액용동결건조분말주사제/현탁액주사제/서방성현탁액성주사제/용액주사제","2등급",20081211,"동물실험에서 모체의 체중증가 억제, 저혈압 유발 등 모체에 대한 유해한 영향에 의한 태자의 발육 및 성장지연과 사망 보고.","","정상"
3140,"임부금기","단일",D000840,Zuclopenthixol,"주클로펜틱솔","","[M081151]클로펜틱솔","","정제","2등급",20161230,"","","정상"
3141,"임부금기","단일",D000663,"Live, attenuated, Yellow Fever virus 17D","약독 황열 생바이러스 17D(AB237주)","","[M252482]약독 황열 생바이러스 17D(AB237주)","","용액주사제/유화주사제/용액용분말주사제/서방성현탁액용분말주사제/용액용동결건조분말주사제/현탁액용동결건조분말주사제/서방성현탁액용동결건조분말주사제/리포좀화현탁액용동결건조분말주사제/현탁액주사제/서방성현탁액성주사제","2등급",20161230,"","","정상"
3142,"임부금기","단일",D000199,Dexamethasone,"덱사메타손","","[M040080]덱사메타손/[M050208]인산덱사메타손/[M082700]덱사메타손인산나트륨/[M085432]디나트륨인산덱사메타손/[M222954]덱사메타손디나트륨인산염/[M256848]덱사메타손포스페이트이나트륨/[M258481]덱사메타손팔미테이트/[M260226]덱사메타손시페실레이트/[M260415]덱사메타손시페실레이트(미분화)","","일반액상분무제/정량액상분무제/일반분말분무제/정량분말분무제","2등급",20161230,"","","정상"
3143,"임부금기","단일",D000018,"Bupropion Hydrochloride","부프로피온염산염","","[I000166]부프로피온염산염/[M095783]염산부프로피온/[M233238]부프로피온염산염","","정제","2등급",20161230,"","","정상"
3144,"임부금기","단일",D000708,Loratadine,"로라타딘","","[M082724]로라타딘/[M263169]로라타딘(미분화)","","정제/캡슐/액상시럽제/건조시럽용 과립제","2등급",20161230,"","","정상"
3145,"임부금기","단일",D000820,Alitretinoin,"알리트레티노인","","[M256772]알리트레티노인","","","1등급",20161230,"","","정상"
3146,"임부금기","단일",D000373,Clarithromycin,"클래리트로마이신","","[M085725]클래리스로마이신/[M087123]클래리스로마이신코팅입자/[M102127]클래리스로마이신제피과립/[M222887]클래리트로마이신/[M223198]클래리트로마이신/[M245961]클래리트로마이신제피과립/[M256483]클래리트로마이신제피과립(42%)","","","2등급",20161230,"","","정상"
3150,"임부금기","단일",D001003,Tofacitinib,"토파시티닙","","[M259196]토파시티닙시트르산염","","정제","2등급",20161230,"","","정상"
3168,"임부금기","단일",D000010,"Vancomycin Hydrochloride","반코마이신염산염","","[M020228]염산반코마이신/[M222847]반코마이신염산염/[M223574]반코마이신염산염","","","2등급",20170215,"","","정상"
3169,"임부금기","단일",D000010,"Vancomycin Hydrochloride","반코마이신염산염","","[M020228]염산반코마이신/[M222847]반코마이신염산염/[M223574]반코마이신염산염","","","2등급",20170202,"","","삭제"
3186,"임부금기","단일",D000822,Dirithromycin,"디리트로마이신","","[M040755]디리스로마이신/[M222837]디리트로마이신","","","2등급",20161230,"","","정상"
3187,"임부금기","단일",D000256,Erythromycin,"에리트로마이신","","[M020095]에리스로마이신/[M020096]락토비온산에리스로마이신/[M020099]에리스로마이신에스톨레이트/[M020201]프로피온산에리스로마이신/[M223129]에리트로마이신/[M223130]에리트로마이신스테아르산염/[M223131]에리트로마이신에스톨산염/[M223132]에리트로마이신에틸숙시네이트/[M251863]에리트로마이신락토비온산염/[M256206]에리트로마이신 장용피입자/[M257644]에리트로마이신스티노프레이트","","","2등급",20161230,"","","정상"
3188,"임부금기","복합",D000256,Erythromycin,"에리트로마이신","[D000655]Sulfisoxazole Acetyl(아세틸설피속사졸)","[M020095]에리스로마이신/[M020096]락토비온산에리스로마이신/[M020099]에리스로마이신에스톨레이트/[M020201]프로피온산에리스로마이신/[M223129]에리트로마이신/[M223130]에리트로마이신스테아르산염/[M223131]에리트로마이신에스톨산염/[M223132]에리트로마이신에틸숙시네이트/[M251863]에리트로마이신락토비온산염/[M256206]에리트로마이신 장용피입자/[M257644]에리트로마이신스티노프레이트/[M260960]아세틸설피속사졸","","","2등급",20161230,"","","정상"
3189,"임부금기","단일",D000322,Midecamycin,"미데카마이신","","[M200593]미데카마이신아세테이트","","","2등급",20161230,"","","정상"
3190,"임부금기","단일",D000628,Roxithromycin,"록시트로마이신","","[M082720]록시스로마이신/[M104917]록시스로마이신제피세립/[M222840]록시트로마이신/[M222994]록시트로마이신/[M243529]제피된 록시트로마이신","","","2등급",20161230,"","","정상"
3191,"임부금기","단일",D000010,"Vancomycin Hydrochloride","반코마이신염산염","","[M020228]염산반코마이신/[M222847]반코마이신염산염/[M223574]반코마이신염산염","","","2등급",20161230,"","","정상"
3192,"임부금기","단일",D000453,Aztreonam,"아즈트레오남","","[M081747]아즈트레오남","","","2등급",20161230,"","","정상"
3193,"임부금기","복합",D000779,Panipenem,"파니페넴","[D000014]Betamipron(베타미프론)","[M095991]파니페넴/[M095992]베타미프론","","","2등급",20161230,"","","정상"
3194,"임부금기","단일",D000122,Meropenem,"메로페넴","","[M091303]메로페넴건조탄산나트륨/[M237403]메로페넴 건조탄산나트륨/[M240683]메로페넴삼수화물/[M247956]메로페넴/[M249596]메로페넴수화물/[M252076]메로페넴수화물·건조탄산나트륨/[M252077]메로페넴수화물 건조탄산나트륨/[M252323]메로페넴·건조탄산나트륨/[M254183]무균메로페넴건조탄산나트륨","","","2등급",20161230,"","","정상"
3195,"임부금기","복합",D000757,Imipenem,"이미페넴","[D000734]Cilastatin(실라스타틴)","[M082600]이미페넴/[M089971]이미페넴/[M222879]이미페넴수화물/[M253549]이미페넴수화물,실라스타틴나트륨/[M253721]이미페넴ㆍ실라스타틴나트륨 혼합물/[M095530]실라스타틴나트륨/[M200960]소듐실라스타틴","","","2등급",20161230,"","","정상"
3196,"임부금기","단일",D000424,Pefloxacin,"페플록사신","","[M081951]메탄설폰산페플록사신/[M250421]페플록사신메실산염수화물","","","2등급",20161230,"","","정상"
3197,"임부금기","단일",D000713,Lincomycin,"린코마이신","","[M020043]염산린코마이신/[M223001]린코마이신염산염수화물/[M248008]린코마이신염산염","","","2등급",20161230,"","","정상"
3198,"임부금기","단일",D000770,Chloramphenicol,"클로람페니콜","","[M020122]클로람페니콜/[M223202]클로람페니콜나트륨숙시네이트","","점안용액제/용액용점안분말제/현탁액점안제/안연고제/안겔/점안주사제","2등급",20161230,"","","정상"
3199,"임부금기","단일",D000770,Chloramphenicol,"클로람페니콜","","[M020122]클로람페니콜/[M223202]클로람페니콜나트륨숙시네이트","","용액주사제/유화주사제/용액용분말주사제/서방성현탁액용분말주사제/용액용동결건조분말주사제/현탁액용동결건조분말주사제/서방성현탁액용동결건조분말주사제/리포좀화현탁액용동결건조분말주사제/현탁액주사제/서방성현탁액성주사제","1등급",20161230,"","","정상"
3233,"임부금기","단일",D001003,Tofacitinib,"토파시티닙","","[M259196]토파시티닙시트르산염","","정제","2등급",20161230,"","","정상"
3234,"임부금기","단일",D001012,Etoricoxib,"에토리콕시브","","[M260064]에토리콕시브","","정제","2등급",20161230,"","","정상"
3235,"임부금기","단일",D001016,Tapentadol,"타펜타돌","","[M252145]타펜타돌염산염","","정제","2등급",20161230,"","","정상"
3236,"임부금기","단일",D001013,Florbetaben(18F),"플로르베타벤(18F)","","[M261260]플로르베타벤(18F)","","용액주사제/유화주사제/용액용분말주사제/서방성현탁액용분말주사제/용액용동결건조분말주사제/현탁액용동결건조분말주사제/서방성현탁액용동결건조분말주사제/리포좀화현탁액용동결건조분말주사제/현탁액주사제/서방성현탁액성주사제","2등급",20161230,"","","정상"
3237,"임부금기","복합",D001015,Umeclidinium,"유메클리디늄","[D001014]Vilanterol(빌란테롤)","[I012543]유메클리디늄브롬화물/[M259864]유메클리디늄브롬화물(미분화)/[M257280]빌란테롤트리페나테이트/[M259813]빌란테롤트리페나테이트(미분화)","","정량흡입제, 용액제/정량흡입제, 현탁액제/정량흡입제, 분말제/흡입제, 미분류","2등급",20161230,"","","정상"
3238,"임부금기","단일",D001017,Afatinib,"아파티닙","","[M258804]아파티닙이말레산염","","정제","2등급",20161230,"","","정상"
3239,"임부금기","단일",D001018,Tertomotide,"테르토모타이드","","[M261973]테르토모타이드염산염","","용액주사제/유화주사제/용액용분말주사제/서방성현탁액용분말주사제/용액용동결건조분말주사제/현탁액용동결건조분말주사제/서방성현탁액용동결건조분말주사제/리포좀화현탁액용동결건조분말주사제/현탁액주사제/서방성현탁액성주사제","2등급",20161230,"","","정상"
3240,"임부금기","단일",D001019,Denosumab,"데노수맙","","[M260379]데노수맙","","용액주사제/유화주사제/용액용분말주사제/서방성현탁액용분말주사제/용액용동결건조분말주사제/현탁액용동결건조분말주사제/서방성현탁액용동결건조분말주사제/리포좀화현탁액용동결건조분말주사제/현탁액주사제/서방성현탁액성주사제","1등급",20161230,"","","정상"
3242,"임부금기","단일",D001021,kitasamycin,"키타사마이신","","[M020087]아세틸키타사마이신/[M020136]키타사마이신/[M020137]주석산키타사마이신","","","2등급",20161230,"","","정상"
3243,"임부금기","단일",D001022,rokitamycin,"로키타마이신","","[M083400]로키타마이신","","","2등급",20161230,"","","정상"
3244,"임부금기","단일",D001023,arbekacin,"아르베카신","","[M070288]황산아르베카신/[M252220]아르베카신황산염","","","2등급",20161230,"","","정상"
3245,"임부금기","단일",D001024,astromicin,"아스트로마이신","","[M249576]아스트로마이신황산염","","","2등급",20161230,"","","정상"
3246,"임부금기","단일",D001025,Isepamicin,"이세파마이신","","[M084176]황산이세파마이신/[M203718]이세파마이신황산염","","","2등급",20161230,"","","정상"
3247,"임부금기","단일",D001026,Micronomicin,"미크로노마이신","","[M020202]황산미크로노마이신/[M245151]미크로노마이신황산염","","","2등급",20161230,"","","정상"
3248,"임부금기","단일",D001027,Ribostamycin,"리보스타마이신","","[M020040]황산리보스타마이신/[M245150]리보스타마이신황산염","","","2등급",20161230,"","","정상"
3249,"임부금기","단일",D001028,Sisomicin,"시소마이신","","[M020074]황산시소마이신/[M020212]시소마이신/[M103929]시소마이신황산염","","","2등급",20161230,"","","정상"
3250,"임부금기","단일",D001029,Teicoplanin,"테이코플라닌","","[M245142]테이코플라닌","","","2등급",20161230,"","","정상"
3257,"임부금기","단일",D001033,Spectinomycin,"스펙티노마이신","","[M223082]스펙티노마이신염산염수화물","","","2등급",20161230,"","","정상"
3241,"임부금기","복합",D000256,Erythromycin,"에리트로마이신","[D001020]colistin(콜리스틴)","[M020095]에리스로마이신/[M020096]락토비온산에리스로마이신/[M020099]에리스로마이신에스톨레이트/[M020201]프로피온산에리스로마이신/[M223129]에리트로마이신/[M223130]에리트로마이신스테아르산염/[M223131]에리트로마이신에스톨산염/[M223132]에리트로마이신에틸숙시네이트/[M251863]에리트로마이신락토비온산염/[M256206]에리트로마이신 장용피입자/[M257644]에리트로마이신스티노프레이트/[M040598]콜리스틴메탄설폰산나트륨/[M254013]콜리스틴메탄설포네이트나트륨","","점안용액제/용액용점안분말제/현탁액점안제/안연고제/안겔/점안주사제","2등급",20161230,"","","정상"
3258,"임부금기","단일",D001034,Rifaximin,"리팍시민","","[M050186]리팍시민","","","2등급",20161230,"","","정상"
3259,"임부금기","단일",D001035,Linezolid,"리네졸리드","","[M093034]리네졸리드","","","2등급",20161230,"","","정상"
3260,"임부금기","단일",D001036,Fosfomycin,"포스포마이신","","[M020194]포스포마이신나트륨/[M215380]포스포마이신트로메탐올혼합분말/[M255155]포스포마이신나트륨ㆍ시트르산","","","2등급",20161230,"","","정상"
3261,"임부금기","단일",D001020,colistin,"콜리스틴","","[M040598]콜리스틴메탄설폰산나트륨/[M254013]콜리스틴메탄설포네이트나트륨","","","2등급",20161230,"","","정상"
3262,"임부금기","단일",D001037,Ertapenem,"에르타페넴","","[M098170]에르타페넴나트륨","","","2등급",20161230,"","","정상"
3263,"임부금기","단일",D001038,Thiamphenicol,"티암페니콜","","[M249590]티암페니콜","","","2등급",20161230,"","","정상"
3264,"임부금기","복합",D000770,Chloramphenicol,"클로람페니콜","[D000199]Dexamethasone(덱사메타손)/[D001039]Tetrahydrozoline(테트라히드로졸린)","[M020122]클로람페니콜/[M223202]클로람페니콜나트륨숙시네이트/[M040080]덱사메타손/[M050208]인산덱사메타손/[M082700]덱사메타손인산나트륨/[M085432]디나트륨인산덱사메타손/[M222954]덱사메타손디나트륨인산염/[M256848]덱사메타손포스페이트이나트륨/[M258481]덱사메타손팔미테이트/[M260226]덱사메타손시페실레이트/[M260415]덱사메타손시페실레이트(미분화)/[M223237]테트라히드로졸린염산염","","점안용액제/용액용점안분말제/현탁액점안제/안연고제/안겔/점안주사제","2등급",20161230,"","","정상"
3265,"임부금기","복합",D000678,Clindamycin,"클린다마이신","[D001040]Benzoyl Peroxide(과산화벤조일)","[M223227]클린다마이신염산염/[M050588]벤조일퍼옥시드/[M089058]과산화벤조일/[M102630]함수과산화벤조일/[M247420]가수과산화벤조일","","겔","2등급",20161230,"","","삭제"
3266,"임부금기","복합",D000480,Clindamycin,"클린다마이신","[D001040]Benzoyl Peroxide(과산화벤조일)","[M020134]인산클린다마이신/[M223228]클린다마이신포스페이트/[M050588]벤조일퍼옥시드/[M089058]과산화벤조일/[M102630]함수과산화벤조일/[M247420]가수과산화벤조일","","겔","2등급",20161230,"","","삭제"
3267,"임부금기","복합",D000678,Clindamycin,"클린다마이신","[D001040]Benzoyl Peroxide(과산화벤조일)","[M223227]클린다마이신염산염/[M050588]벤조일퍼옥시드/[M089058]과산화벤조일/[M102630]함수과산화벤조일/[M247420]가수과산화벤조일","","겔","2등급",20161230,"","","정상"
3292,"임부금기","단일",D000363,Ibuprofen,"이부프로펜","","[M051259]이부프로펜/[M071015]이부프로펜리신/[M086772]이부프로펜제피세립/[M209277]이부프로펜아르기닌/[M246943]이부프로펜나트륨이수화물","","","1등급",20170828,test,test,"삭제"
3301,"임부금기","단일",D000737,Avanafil,"아바나필","","[M252563]아바나필","","정제","1등급",20171106,"여성에게 사용할 수 없음
동물실험에서 태자 체중 감소, 유산율 증가, 차산자 체중 감소, 모체 체중 및 사료 섭취량 감소 나타남","","정상"
3302,"임부금기","단일",D000128,Mirodenafil,"미로데나필","","[M214384]염산미로데나필/[M253534]미로데나필","","정제","1등급",20171106,"여성에게 사용할 수 없음
동물실험에서 골격변이의 태자독성, 체중증가 억제 나타남","","정상"
3303,"임부금기","단일",D000246,Sildenafil,"실데나필","","[M089346]구연산실데나필/[M252789]실데나필시트르산염/[M253237]실데나필","","구강붕해필름/필름코팅정/추어블정(저작정)/구강붕해정/세립","1등급",20171106,"(폐동맥고혈압 치료시 제외)
여성에게 사용할 수 없음
동물실험에서 착상률, 수컷 태자의 체중 감소, 한배새끼수 감소 나타남","폐동맥고혈압 치료시 제외","정상"
3304,"임부금기","단일",D000181,Tadalafil,"타다라필","","[M095435]타다라필","","정제/캡슐/산제/용액용산제/현탁액용산제/세립/용액용세립제/현탁액용세립제","1등급",20171106,"여성에게 사용할 수 없음","","정상"
3305,"임부금기","단일",D000569,Udenafil,"유데나필","","[M102602]유데나필","","정제","1등급",20171106,"여성에게 사용할 수 없음
동물실험에서 골격변이, 골화지연, 차산자의 사산, 신체발육부진 나타남","","정상"
3306,"임부금기","단일",D000434,Vardenafil,"바데나필","","[M252262]바데나필염산염(미분화)","","정제","1등급",20171106,"여성에게 사용할 수 없음
동물실험에서 구개안면골 기형, 흉골, 척추, 늑골의 변이, 차산자의 신체발달 지체 관찰됨","","정상"
3307,"임부금기","단일",D000155,Ephedrine,"에페드린","","[M040420]염산에페드린/[M223155]에페드린염산염","","정제/캡슐/용액주사제/유화주사제/용액용분말주사제/서방성현탁액용분말주사제/용액용동결건조분말주사제/현탁액용동결건조분말주사제/서방성현탁액용동결건조분말주사제/리포좀화현탁액용동결건조분말주사제/현탁액주사제/서방성현탁액성주사제","2등급",20171106,"태아의 심박수 및 심장박동 변동성 증가","","정상"
3308,"임부금기","단일",D000521,"Terbutaline Sulfate","테르부탈린황산염","","[M051568]황산테르부탈린","","정제/정량흡입제, 용액제/정량흡입제, 현탁액제/정량흡입제, 분말제/흡입제, 미분류","2등급",20171106,"(정제) 임부에 대한 안전성 미확립
심각한 이상반응(심장박동 증가, 일시적 고혈당증, 저칼륨증, 심장부정맥, 폐부종 및 심근허혈) 및 태아의 심장박동 증가, 신생아 폐부종 발생 보고
(흡입제) 임부에 대한 안전성 미확립","","정상"
3309,"임부금기","단일",D001060,Edoxaban,"에독사반","","[I012712]에독사반토실산염수화물/[M262653]에독사반토실산염수화물/[M264926]에독사반토실산염 (DU-176b)","","정제","2등급",20171106,"- 동물시험에서 생식독성 관찰
- 임부에서의 안전성 및 유효성 미확립","","정상"
3310,"임부금기","단일",D000177,Codeine,"코데인","","[M206948]인산코데인/[M223188]코데인인산염수화물","","정제/캡슐","2등급",20171106,"- 동물실험에서 기형발생 보고
- 마약성 진통제는 태아순환계로 쉽게 이행되어 신생아 호흡억제 유발 가능
- 조산아가 예상되는 경우에는 사용 금기
- 신생아에서 육체적인 마약 의존성 또는 마약 금단증상 나타날 수 있음","","정상"
3311,"임부금기","단일",D000631,Mesalazine,"메살라진","","[I002148]메살라진/[M083890]메살라진/[M088568]메살라민/[M095342]메살라민(5-아미노살리실산)","","정제/크림/좌제/과립제/서방성과립제/장용성과립제 /용액용과립제/현탁액용과립제/서방성현탁액용과립제/발포과립제","2등급",20171106,"(서방정, 관장제, 포말)
- 임부에 대한 안전성 미확립
- 신생아에서 혈액 질환(범혈구감소증, 백혈구감소증, 혈소판감소증, 빈혈), 신부전 등 보고
(정제, 장용정, 과립제, 좌제)
- 임부에 대한 안전성 미확립","","정상"
3312,"임부금기","복합",D001005,Olodaterol,"올로다테롤","[D001006]Tiotropium(티오트로피움)","[I012706]올로다테롤염산염/[M262661]올로다테롤염산염/[M100354]브롬화티오트로피움일수화물/[M260630]티오트로퓸브롬화물수화물/[M261811]브롬화티오트로피움일수화물(미분화)/[M265286]티오트로퓸브롬화물(미분화)","","정량흡입제, 용액제/정량흡입제, 현탁액제/정량흡입제, 분말제/흡입제, 미분류","2등급",20171106,"- 임부에 대한 안전성 미확립
- 올로다테롤과 같은 베타-아드레날성 효능제의 자궁수축억제 작용을 고려해야 함","","정상"
3313,"임부금기","단일",D001009,"Flutemetamol (18F)","플루트메타몰(18F)","","[M262651]플루트메타몰(18F)","","용액주사제/유화주사제/용액용분말주사제/서방성현탁액용분말주사제/용액용동결건조분말주사제/현탁액용동결건조분말주사제/서방성현탁액용동결건조분말주사제/리포좀화현탁액용동결건조분말주사제/현탁액주사제/서방성현탁액성주사제","2등급",20171106,"임부에 대한 안전성 미확립","","정상"
3314,"임부금기","단일",D001061,Lenvatinib,"렌바티닙","","[I012713]렌바티닙메실산염/[M262889]렌바티닙메실산염/[M265762]렌바티닙","","캡슐","2등급",20171106,"- 임부에 대한 안전성 미확립
- 랫드 및 토끼에서 배아독성 및 최기형성 보임","","정상"
3315,"임부금기","단일",D001062,Perampanel,"페람파넬","","[I012689]페람파넬
/[M262338]페람파넬","","정제","2등급",20171106,"비임상시험에서 최기형성은 나타나지 않았으나 랫트의 모체 독성 용량에서 배아독성이 관찰되었으며, 임부에게 이 약을 투여한 사례는 제한적임","","정상"
3316,"임부금기","단일",D001004,Polmacoxib,"폴마콕시브","","[I012685]폴마콕시브/[M260872]폴마콕시브","","캡슐","2등급",20171106,"임부에 투여한 임상자료는 없으나 동물실험에서 최기형성 보고되었음","","정상"
3317,"임부금기","단일",D001063,Lorcaserin,"로카세린","","[I012676]로카세린염산염수화물/[M261521]로카세린염산염수화물","","정제","1등급",20171106,"임부에서의 사용 경험이 제한적이고, 임부의 체중감소가 태아에 미칠 수 있는 잠재적 위험이 있음","","정상"
3318,"임부금기","단일",D001064,Secukinumab,"세쿠키누맙","","[M262840]세쿠키누맙","","용액주사제/유화주사제/용액용분말주사제/서방성현탁액용분말주사제/용액용동결건조분말주사제/현탁액용동결건조분말주사제/서방성현탁액용동결건조분말주사제/리포좀화현탁액용동결건조분말주사제/현탁액주사제/서방성현탁액성주사제","2등급",20171106,"임부에서 사용에 대한 적절한 자료가 존재하지 않으며, 예방적인 차원에서 임부에서는 이 약의 사용을 피하는 것이 나음","","정상"
3319,"임부금기","단일",D001065,Albiglutide,"알비글루타이드","","[M262754]알비글루타이드","","용액주사제/유화주사제/용액용분말주사제/서방성현탁액용분말주사제/용액용동결건조분말주사제/현탁액용동결건조분말주사제/서방성현탁액용동결건조분말주사제/리포좀화현탁액용동결건조분말주사제/현탁액주사제/서방성현탁액성주사제","2등급",20171106,"- 동물시험에서 생식독성 발생
- 임신 계획 시 최소 1개월 전에 사용 중단해야 함","","정상"
3320,"임부금기","단일",D001066,Anagliptin,"아나글립틴","","[I012684]아나글립틴
/[M262009]아나글립틴","","정제","2등급",20171106,"동물시험(랫트)에서 태아에 대한 이행 보고","","정상"
3321,"임부금기","단일",D001007,Dulaglutide,"둘라글루타이드","","[M262100]둘라글루타이드","","용액주사제/유화주사제/용액용분말주사제/서방성현탁액용분말주사제/용액용동결건조분말주사제/현탁액용동결건조분말주사제/서방성현탁액용동결건조분말주사제/리포좀화현탁액용동결건조분말주사제/현탁액주사제/서방성현탁액성주사제","2등급",20171106,"임신한 여성을 대상으로 실시한 적절한 대조 임상시험 없음","","정상"
3322,"임부금기","단일",D001008,Evogliptin,"에보글립틴","","[M262875]에보글립틴타르타르산염/[M263350]에보글립틴타르타르산염","","정제","2등급",20171106,"- 동물시험결과 태반을 통과
- 임부를 대상으로 한 대조시험 결과 없음","","정상"
3324,"임부금기","단일",D001068,Propofol,"프로포폴","","[I003335]프로포폴/[M082350]프로포폴/[M260874]프로포폴","","용액주사제/유화주사제/용액용분말주사제/서방성현탁액용분말주사제/용액용동결건조분말주사제/현탁액용동결건조분말주사제/서방성현탁액용동결건조분말주사제/리포좀화현탁액용동결건조분말주사제/현탁액주사제/서방성현탁액성주사제","2등급",20171106,"태반 통과하여 신생아를 억압할 수 있으므로 산과적 마취에 사용 금기","","정상"
3325,"임부금기","단일",D001069,Tedizolid,"테디졸리드","","[I012677]테디졸리드포스페이트
/[M261927]테디졸리드포스페이트","","정제/유화주사제/용액용분말주사제/서방성현탁액용분말주사제/용액용동결건조분말주사제/현탁액용동결건조분말주사제/서방성현탁액용동결건조분말주사제/리포좀화현탁액용동결건조분말주사제/현탁액주사제/서방성현탁액성주사제/용액주사제","2등급",20171106,"동물실험에서 발생독성 나타남","","정상"
3326,"임부금기","단일",D001059,Zabofloxacin,"자보플록사신","","[I012683]자보플록사신D-아스파르트산염수화물
/[M261970]자보플록사신D-아스파르트산염수화물","","정제","2등급",20171106,"- 퀴놀론계 항균제가 성장 중인 생명체의 체중을 지탱하는 연골을 손상시키는 실험적인 위험성이 있으며, 사람에서의 잠재적인 위험성은 알려져 있지 않음
- 동물실험에서 부작용이 관찰됨","","정상"
3323,"임부금기","단일",D001067,Ramucirumab,"라무시루맙","","[M261916]라무시루맙","","용액주사제/유화주사제/용액용분말주사제/서방성현탁액용분말주사제/용액용동결건조분말주사제/현탁액용동결건조분말주사제/서방성현탁액용동결건조분말주사제/리포좀화현탁액용동결건조분말주사제/현탁액주사제/서방성현탁액성주사제","2등급",20171106,"- 작용기전에 근거하여 태아독성 유발 가능
- 마우스에서 VEGF 수용체 2 유전자의 소실은 배태자 사망의 결과를 가져왔으며 태자는 조직화된 혈관 및 난황낭의 혈관샘이 부족
- VEGF 신호의 파괴는 뇌영역, 앞다리, 전두부, 심장 및 혈관의 불량한 발달을 포함하는 발달 이상과 관련 있음","","정상"
3327,"임부금기","단일",D001070,Daclatasvir,"다클라타스비르","","[I012691]다클라타스비르염산염","","정제","2등급",20171106,"안전성 및 유효성 미확립","","정상"
3328,"임부금기","단일",D001071,Sofosbuvir,"소포스부비르","","[I012701]소포스부비르
/[M260784]소포스부비어/[M262752]소포스부비르","","정제","2등급",20171106,"안전성 및 유효성 미확립","","정상"
3329,"임부금기","복합",D001072,Ledipasvir,"레디파스비르","[D001071]Sofosbuvir(소포스부비르)","[I012702]레디파스비르/[M262910]레디파스비르/[I012701]소포스부비르
/[M260784]소포스부비어/[M262752]소포스부비르","","정제","2등급",20171106,"안전성 및 유효성 미확립","","정상"
3330,"임부금기","단일",D000447,"St. Johns Wort","세인트존스워트","","[M220509]세인트존스워트/[M248295]세인트존스워트80%메탄올엑스/[M255952]세인트존스워트50%에탄올엑스/[M256845]세인트존스워트틴크D2/[M258013]세인트존스워트80%메탄올건조엑스","","정제/유화주사제/용액용분말주사제/서방성현탁액용분말주사제/용액용동결건조분말주사제/현탁액용동결건조분말주사제/서방성현탁액용동결건조분말주사제/리포좀화현탁액용동결건조분말주사제/현탁액주사제/서방성현탁액성주사제/용액주사제/경구용현탁액제/점이제, 현탁액용산제/현탁액제용주사용용제/직장용현탁액제/일반현탁분무제/정량현탁분무제/이식용현탁액제/점이현탁액제/유제/틴크제/전제/침제/레모네이드제/방향수제/주정제/피부액제/피부리니멘트제/도료/샴푸/경구용액제/질세정액/관류제/점이액제/혈액항응고보존액제/밀폐제용용액제/장기보존용액제/주사/피부단자시험용용액/방광내적용용액","2등급",20171106,"(정제, 액제) 임부에서 사용 경험이 충분하지 않음","","정상"
3331,"임부금기","단일",D000633,Mometasone,"모메타손","","[M070188]모메타손푸로에이트/[M099947]푸로산모메타손/[M264264]모메타손푸로에이트일수화물","","일반현탁분무제/정량현탁분무제/연고/크림/피부로션제/일반액상분무제/정량액상분무제/일반분말분무제/정량분말분무제/포말에어로솔/정량계량성 에어로솔/에어로솔, 미분류/정량흡입제, 용액제/정량흡입제, 현탁액제/정량흡입제, 분말제/흡입제, 미분류","2등급",20171106,"(점비제)
- 임부에 대한 안전성 미확립
- 임신 중 코르티코스테로이드류를 투여 받은 어머니에게서 태어난 영아는 세심하게 부신기능부전을 관찰하여야 함
(연고제, 크림제, 로션제)
- 임부에 대한 안전성 미확립
- 동물실험에서 비교적 적은 용량의 코르티코이드를 전신적으로 투여한 경우 기형발생이 나타났으며, 일부 코르티코이드의 경우 실험동물에 피부도포를 하는 것으로도 기형발생을 보임
(흡입제)
- 임부에 대한 안전성 미확립
- 동물실험에서 생식독성이 나타남
- 임신 기간 중 코르티코스테로이드제를 투약 받았던 어머니에게서 태어난 아기는 부신기능부전을 주의 깊게 관찰해야 함","","정상"
4027,"임부금기","단일",D000153,Esomeprazole,"에스오메프라졸","","[M092321]에스오메프라졸마그네슘삼수화물/[M100498]에스오메프라졸나트륨/[M221042]에스오메프라졸스트론튬사수화물/[M242227]에스오메프라졸마그네슘이수화물/[M249554]에스오메프라졸/[M259375]에스오메프라졸마그네슘이수화물/[M262063]에스오메프라졸마그네슘과립","","","2등급",20181102,"임부에 대한 안전성 미확립","","정상"
4028,"임부금기","단일",D000699,Lansoprazole,"란소프라졸","","[M085578]란소프라졸/[M091244]란소프라졸과립","","","2등급",20181102,"임부에 대한 안전성 미확립. 토끼(경구 30 mg/kg)에서 태자사망율의 증가가 인정됨. 랫트에서 태자의 골성장 지연이 보고됨.","","정상"
4029,"임부금기","단일",D000695,Dexlansoprazole,"덱스란소프라졸","","[M255434]덱스란소프라졸","","","2등급",20181102,"임부에 대한 안전성 미확립. 랫트에서 태자사망율 증가 및 태자의 골성장 지연이 보고됨.","","정상"
4030,"임부금기","단일",D000204,Rabeprazole,"라베프라졸","","[M089852]라베프라졸나트륨","","","2등급",20181102,"임부에 대한 안전성 미확립. 동물실험에서 임신한 랫트의 기관형성기에 400mg/kg/day 경구 투여시, 태자의 골화지연, 분만시 착상수, 생존자수와 분만율의 감소, 출생자의 체중증가량 저하와 open-field test에서 시행회수와 구획이행수의 감소가 관찰됨.  분만 전후에 30mg/kg/day 정맥 투여시, 출생자의 지속적인 체중저하가 관찰됨. 임신토끼의 기관형성기에 정맥 투여시 태자의 체중저하, 골화 지연이 관찰됨.","","정상"
4031,"임부금기","단일",D000386,Pantoprazole,"판토프라졸","","[A005386]판토프라졸","","","2등급",20181102,"랫트 암컷을 이용한 수태능 및 일반생식독성 시험의 고용량(450mg/kg/day)에서 분만지연 및 출생자의 사망율 증가와 성장지연이 나타났음.  주산, 수유기 시험의 10mg/kg/day이상 투여군에서 출생자의 출생 후 체중감소가 나타남.  동물 생식연구에서는 판토프라졸 5mg/kg이상의 용량에서 약한 태자독성의 증상이 관찰됨.","","정상"
4032,"임부금기","단일",D000751,S-Pantoprazole,"에스판토프라졸","","[M115229]S-판토프라졸나트륨삼수화물","","","2등급",20181102,"랫트 암컷을 이용한 수태능 및 일반생식독성 시험의 고용량(450mg/kg/day)에서 분만지연 및 출생자의 사망율 증가와 성장지연이 나타났음. 주산, 수유기 시험의 10mg/kg/day이상 투여군에서 출생자의 출생 후 체중감소가 나타남. 동물 생식연구에서는 판토프라졸 5mg/kg이상의 용량에서 약한 태자독성의 증상이 관찰됨.","","정상"
4033,"임부금기","단일",D000457,Alclomethasone,"알클로메타손","","[M083381]디프로피온산알클로메타손/[M254155]알클로메타손디프로피오네이트","","","2등급",20181102,"동물 실험에서 비교적 적은 용량의 코르티코이드를 전신적으로 투여한 경우, 좀 더 강력한 코르티코이드 피부 도포로 인해 기형 발생 나타남.  임부에 대한 안전성 미확립. 대량 또는 장기간에 걸친 광범위한 사용을 피할 것","","정상"
4034,"임부금기","단일",D001153,"strontium chloride","스트론티움 클로라이드","","[C092953]염화스트론튬/[I003931]염화스트론튬(89 Sr)/[M092953]염화스트론튬/[M093575]염화스트론튬(89 Sr)","","","1등급",20181102,----------,"","정상"
4035,"임부금기","단일",D001161,"Dimethyl Fumarate","디메틸푸마르산염","","[A000182]디메틸푸마르산염","","","2등급",20181102,"동물실험에서 생식독성 나타남.","","정상"
4036,"임부금기","단일",D001092,Sacubitril/Valsartan,"사쿠비트릴/발사르탄","","[I012739]사쿠비트릴·발사르탄나트륨염수화물/[M263824]사쿠비트릴·발사르탄나트륨염수화물","","","1등급",20181102,"태아 및 신생아에게 손상 및 사망 일어날 수 있음.","","정상"
4037,"임부금기","단일",D001085,Nintedanib,"닌테다닙","","[I012705]닌테다닙에실산염/[M118354]닌테다닙에실산염/[M264976]닌테다닙","","","1등급",20181102,"동물실험에서 생식동성 나타남","","정상"
4038,"임부금기","단일",D001086,Pasireotide,"파시레오타이드","","[I012729]파시레오타이드파모산염
/[M256706]파시레오타이드디아스파르트산염/[M263321]파시레오타이드 파모산염
/[M267224]파시레오타이드파모산염","","","2등급",20181102,"동물실험에서 생식동성 나타남.","","정상"
4039,"임부금기","단일",D001162,Elotuzumab,"엘로투주맙","","[A000847]엘로투주맙","","","2등급",20181102,"레날리도마이드와 병용 시 태아 손상의 위험이 있으며, 이는 이러한 약물과 관련된 중대한 생명을 위협하는 선천성 기형 포함","","정상"
4040,"임부금기","단일",D001163,Nivolumab,"니볼루맙(유전자재조합)","","[A000110]니볼루맙(유전자재조합)","","","2등급",20181102,"태아 손상 가능. 생식독성시험에서 유산, 조기사앙 증가. 임신한 여성이 투여받은 경우 치명적인 위험 발생 가능","","정상"
4041,"임부금기","단일",D001164,olmutinib,"올무티닙","","[A000901]올무티닙","","","2등급",20181102,"동물에서 골격계 지연 및 변이와 같은 태자 발달지연 관찰","","정상"
4042,"임부금기","단일",D001149,palbociclib,"팔보시클립","","[I012742]팔보시클립/[M263856]팔보시클립","","","2등급",20181102,"임부에 투여시 태아에 유해할 수 있음. 동물실험에서 배티자 독성(태자독성, 태자 체중 감소, 골격 변형, 태아 사망) 나타남.","","정상"
4043,"임부금기","단일",D001165,Pembrolizumab,"펨브롤리주맙","","[A001305]펨브롤리주맙","","","2등급",20181102,"설치류에서 태아의 내성이 저해되어 태아 소실 증가 증명. 태아 소실 도는 사산의 발생률 증가를 포함하여 태아 손상 위험 가능성 시사","","정상"
4044,"임부금기","단일",D001090,Ruxolitinib,"룩소리티닙","","[M256115]룩소리티닙인산염","","","2등급",20181102,"동물실험에서 배자.태자 독성(착상 후 유산의 증가 및 태자 체중 감소) 나타남.","","정상"
4089,"임부금기","단일",D000556,Etonogestrel,"에토노게스트렐","","[M093855]에토노게스트렐","","","1등급",20190522,"동물연구에 의하면 매우 고용량의 프로게스틴성 물질이 암컷 태자의 수컷화를 초래할 수 있는 것으로 나타남","","정상"
4090,"임부금기","단일",D001179,"Lutropin Alpha","루트로핀 알파","","[A000274]루트로핀알파(인황체형성호르몬)(유전자재조합)","","","1등급",20190522,"","","정상"
4091,"임부금기","단일",D001180,"Darbepoetin Alpha","다베포에틴알파","","[A000123]다베포에틴알파","","","2등급",20190522,"치료상의 유익성이 태아에 대한 위험성을 상회한다고 판단되는 경우에만 투여","","정상"
4092,"임부금기","단일",D001181,erythropoietin,"에리스로포이에틴","","[A000979]인에리스로포이에틴(유전자재조합, 벡터; pMI-EP060-BiP-DHFR, 숙주; CH0 dhfr-ATCC CRL9096)/[A004478]재조합사람에리스로포이에틴/[A004479]재조합사람에리스로포이에틴(숙주: CHO dhfr-, 벡터:pDCE)/[A004480]재조합사람에리스로포이에틴(숙주: CHO,벡터: pSVEp2neo)/[A004481]재조합사람에리스로포이에틴(숙주: CHO-DG44-dhfr-)(벡터 pMSG-cEPO)/[A004482]재조합사람에리스로포이에틴베타(숙주: Chinese Hamster Ovary Cell, 벡터: DN2-3, 종세포주:CHO DN2-3 α3)","","","2등급",20190522,"랫트에 1주일 용량으로 사람의 20배를 투여했을 때 태자 체중 감소, 골화 지연, 사망률 증가 나타남.  치료상의 유익성이 태아에 대한 위험성을 상회한다고 판단되는 경우에만 투여","","정상"
4093,"임부금기","단일",D000755,Octreotide,"옥트레오티드","","[M256545]옥트레오티드아세트산염","","","2등급",20190522,"임신 제1삼분기 중에 자연유산 및 인공유산 사례 보고됨","","정상"
4094,"임부금기","단일",D001183,carbetocin,"카르베토신","","[A001072]카르베토신","","","1등급",20190522,"과긴장성·강직성 수축이 수반된 자궁과자극, 격동성 분만, 자궁파열, 자궁 경부 및 질의 열상, 분만 후 출혈, 자궁-태반의 관류저하 및 태아심장의 변이성 감속, 태아저산소증, 탄산과잉증, 사망 등이 이론적으로 발생할 수 있음","","정상"
4095,"임부금기","단일",D001184,Dinoprostone,"디노프로스톤","","[A000175]디노프로스톤","","","1등급",20190522,"지나치게 강한 진통 또는 강직성 자궁수축에 의하여 태아가사, 자궁파열, 경관열상, 양수색전 등이 나타날 수 있고, 모체 도는 태아가 위독한 상태에 이른 증례가 보고됨","(다만 임신 기간 38주 이상인, 분만의 유도가 의학적 또는 산과적으로 지시된 환자의 분만 유도 시 제외)","정상"
4096,"임부금기","단일",D001186,"Sodium Fluoride","플루오르화나트륨(18F)","","[A004539]플루오르화나트륨(18F)","","","2등급",20190522,"태아에 위험성을 일으킬 수 있음.","","정상"
4097,"임부금기","단일",D001187,N-Isopropyl-4-iodoamphetamine(123I),"N-이소프로필-4-요오도암페타민(123I)","","[A004309]N-이소프로필-4-요오도암페타민(123I)","","","1등급",20190522,-,"","정상"
4098,"임부금기","단일",D001188,"3-Iodobenzylguanidine (131I)","3-요오도벤질구아니딘(131I)","","[A000007]3-요오도벤질구아니딘(131I)/[M283999]3-요오도벤질구아니딘(131I)액","","","1등급",20190522,-,"","정상"
4099,"임부금기","단일",D000598,"6Beta-Iodomethyl-19-Norcholest-5(10)-en-3Beta-ol (131I)","6베타-요오도메틸-19-노르코레스트-5(10)-엔-3베타-올(131I)","","[M093573]6β-요오드메칠-19-노르-코레스트-5(10)-엔3β-올(131 I)","","","1등급",20190522,"","","정상"
4100,"임부금기","단일",D001190,Betiatide,"베티아티드","","[A000423]베티아티드","","","2등급",20190522,-,"","정상"
4101,"임부금기","단일",D001191,Mertiatide,"메르티아티드","","[A000313]메르티아티드","","","2등급",20190522,-,"","정상"
4102,"임부금기","단일",D001192,"Dimercaptosuccinic Acid","디메르캅토숙신산","","[A000177]디메르캅토숙신산","","","2등급",20190522,-,"","정상"
4103,"임부금기","복합",D001194,"Sodium Molybdate (99Mo)","몰리브덴산나트륨 (99Mo)","[D001195]Sodium Pertechnetate (99mTc)(과테크네튬산나트륨 (99mTc))","[M111175]몰리브덴산나트륨(99Mo) 액/[M250273]몰리브덴산나트륨수화물/[A000049]과테크네튬산(99mTc)","","","2등급",20190522,-,"","정상"
4104,"임부금기","단일",D001196,"Disodium Oxidronate","옥시드론산이나트륨","","[A000891]옥시드론산이나트륨","","","2등급",20190522,"임부에 대한 안전성 미확립.","","정상"
4105,"임부금기","단일",D001197,Mebrofenin,"메브로페닌","","[A000316]메브로페닌","","","2등급",20190522,-,"","정상"
4106,"임부금기","단일",D001198,"Methylenediphosphonic Acid","메틸렌디포스폰산","","[M111043]메틸렌디포스폰산","","","2등급",20190522,-,"","정상"
4107,"임부금기","단일",D001199,"Pentetic Acid","펜테트산","","[A001299]펜테트산","","","2등급",20190522,"","","정상"
4108,"임부금기","단일",D001201,"Sodium Phytate","피트산나트륨","","[A001403]피트산나트륨","","","2등급",20190522,-,"","정상"
4109,"임부금기","단일",D001202,"Sodium Pyrophosphate","피로인산나트륨","","[M051854]피로인산나트륨","","","2등급",20190522,"","","정상"
4110,"임부금기","단일",D001203,"Tetrakis (2-Methoxyisobutylisonitrile)copper (I)tetrafluoroborate","테트라키스(2-메톡시이소부틸이소니트릴)구리(I)테트라플루오로보레이트","","[A001174]테트라키스(2-메톡시이소부틸이소니트릴)구리(I)테트라플루오로보레이트","","","2등급",20190522,"740MBq의 휴식 시 정맥 주사에 의한 자궁 내 예측 방사능량은 5.8G임. 0.5mGy(평균 1년 동안 기초방사선에 노출된 양과 동등한 양)이상의 방사능량은 태아에게 심각한 위험을 야기할 수 있음.","","정상"
4111,"임부금기","단일",D001204,Tetrofosmin,"테트로포스민","","[A001175]테트로포스민","","","2등급",20190522,"운동부하 시의 250MBq 투여 및 휴식 시의 750MBq 투여로 인한 자궁흡수선량은 8.1mGy임.  0.5mGy 이상의 방사선량은 태아에게 위험을 주는 것으로 알려짐.","","정상"
4112,"임부금기","단일",D001205,Ammonia,"암모니아","","[A000787]암모니아","","","2등급",20190522,"임부에 대한 안전성 미확립.","","정상"
4114,"임부금기","단일",D001207,"Gallium Citrate(67Ga)","시트르산갈륨(67Ga)","","[A004424]시트르산갈륨(67Ga)","","","2등급",20190522,-,"","정상"
4115,"임부금기","단일",D001208,"Radium Dichloride(223Ra)","라듐 염화물(223Ra)","","[A000221]라듐-223","","","1등급",20190522,-,"","정상"
4116,"임부금기","단일",D001209,"Sodium Chromate(51Cr)","크롬산나트륨","","[A003043]크롬산나트륨","","","2등급",20190522,-,"","정상"
4117,"임부금기","단일",D001210,"Thallium (201TI) Chloride","염화칼륨(201TI)","","[A000866]염화탈륨","","","2등급",20190522,-,"","정상"
4118,"임부금기","단일",D001211,Urea,"우레아","","[A000907]우레아","","","2등급",20190522,"","","삭제"
4119,"임부금기","단일",D001212,"Yttrium (90Y) Chloride","염화이트리움(90Y)","","[A004457]염화이트리움(90Y)","","","2등급",20190522,"임부에게 수행된 방사핵종 과정은 태아에 대한 방사성 용량을 포함함.","","정상"
4120,"임부금기","단일",D001213,"Inactivated Hantan Virus (ROK 84/105 strain)","불활화한탄바이러스(바이러스주:ROK 84/105)","","[A000468]불활화한탄바이러스(바이러스주:ROK 84/105)","","","2등급",20190522,-,"","정상"
4121,"임부금기","복합",D001157,"live attenuated influenza virus type A (H1N1)","약독인플루엔자생바이러스A형(H1N1)","[D001159]live attenuated influenza virus type A (H3N2)(약독인플루엔자 생바이러스 A형 (H3N2))/[D001160]live attenuated influenza virus type B(약독인플루엔자 생바이러스 B형)","[A004450]약독인플루엔자생바이러스A형(A/California/7/2009, H1N1)/[A004451]약독인플루엔자생바이러스A형(A/Texas/50/2012, H3N2)/[A004452]약독인플루엔자생바이러스B형(B/Massachusetts/2/2012)","","","1등급",20190522,-,"","정상"
4123,"임부금기","단일",D001216,"Live Attenuated Japanese Encephalitis Vaccine","약독일본뇌염생바이러스","","[A000805]약독일본뇌염생바이러스(균주명: A14-14-2)","","","1등급",20190522,-,"","정상"
4125,"임부금기","복합",D001218,"Live attenuated Measles","약독홍역생바이러스","[D001220]Live Attenuated Mumps Vaccine(약독유행성이하선염생바이러스)/[D001219]Live Attenuated Rubella Vaccine(약독풍진생바이러스)","[A000807]약독홍역생바이러스/[A000800]약독유행성이하선염생바이러스(균주명: Jeryl Lynn B Level)/[A000801]약독유행성이하선염생바이러스(균주명: RIT4385)/[A000806]약독풍진생바이러스(균주명: Wistar RA 27/3)","","","1등급",20190522,"임신 첫 석달 내 유행성이하선염 감염은 자연 유산율을 증가시킬 수 있음.  임신 기간 중 자연적으로 홍역에 감염되면 태아 위험도 증대.  자연유산, 사산, 선천기형 및 미숙아 비율 증가.","","정상"
4126,"임부금기","단일",D001221,"Live Salmonella Typhoid Ty21a Strain","장티푸스 Ty21a주생균","","[A001021]장티푸스생균(균주명:Salmonella typhi ty21a,종세포주:Salmonella typhi ty2)","","","1등급",20190522,"임부에 대한 안전성 미확립.","","정상"
4127,"임부금기","단일",D001222,"Vaccinia Virus","백시니아 생바이러스","","[A000403]백시니아생바이러스","","","1등급",20190522,"임부에 대한 안전성 및 유효성 미확립. 태아에서 전신성 백시니아증, 사산아의 조산 및 태아사망을 초래할 수 있음.","","정상"
4128,"임부금기","단일",D001223,bupivacaine,"부피바카인","","[A000443]부피바카인","","","2등급",20190522,"0.75% 농도를 산과의 경막외 마취에 사용하였을 때 소생이 어렵거나 사망에 이른 심정지가 보고되었으므로 산과마취에 사용하지 않음.  0.5%, 0.25% 농도는 임신 중 투여에 대한 안전성 미확립.","","정상"
4129,"임부금기","단일",D001224,Levobupivacaine,"레보부피바카인","","[A000252]레보부피바카인","","","2등급",20190522,"- 이 약을 포함한 국소 마취제는 경막외 차단을 위해 사용될 때 신속히 태반을 통과하여 모체, 태아 및 신생아에게 다양한 정도의 독성을 유발할 수 있음. 분만시 진통 억제를 위해 이 약을 국소마취제로 사용한 결과 모체의 저혈압, 태아의 서맥 및 태아 감속이 나타남. 임신말기에는 마취 시 똑바로 누운 자세에서 저혈압을 더 쉽게 일으킬 수 있고 마취범위가 확대될 수 있음.","","정상"
4130,"임부금기","단일",D001225,Teriflunomide,"테리플루노미드","","[A001168]테리플루노미드","","","1등급",20190522,"- 임신한 여성을 대상으로 이 약을 사용한 자료는 제한적임. 동물시험에서는 생식기계 독성을 보임. 이 약을 임신한 여성에게 투여할 때에는 심각한 최기형성을 야기할 수 있음. 임신의 가능성이 있는 여성은 치료기간 그리고 치료 후 이 약의 혈장 농도가 0.02 mg/L 이상인 한 효과적인 피임을 해야함.","","정상"
4131,"임부금기","단일",D001079,Enzalutamide,"엔잘루타마이드","","[M257255]엔잘루타마이드","","","1등급",20190522,"- 여성에게 투여하지 않음. 발생기 태아에 위험을 초래할 수 있음. 임부가 복용하거나 복용 중에 임신을 할 경우, 태아에 위험하며 유산 가능성이 있음.","","정상"
4132,"임부금기","단일",D001226,Osimertinib,"오시머티닙","","[M264019]오시머티닙메실산염","","","2등급",20190522,"-동물에서 배자 치사, 태자 성장감소 및 신생자 사망 관찰","","정상"
4133,"임부금기","단일",D000635,Vandetanib,"반데타닙","","[M257061]반데타닙","","","2등급",20190522,"- 임산부에게 투여했을 때 태아에게 해를 입힐 수 있음. 인체 권장 용량인 300mg/day 투여 시에 랫트에서 배자 독성, 태아 독성과 최기형성을 나타냄. 교미 전과 수태 첫 1주 동안 투여했을 때, 착상 전 소실이 증가하였고 착상 후 소실로 인해 생존 배자의 수가 유의하게 감소함. - 기관형성기 동안 투여했을 때는 배태자 사망을 포함하여 착상 후 소실이 증가함. 반데타닙 1, 10, 및 25 mg/kg/day 용량(인체 권장 용량을 투여한 암환자에서의 Cmax, 각각 약 0.03, 0.4, 및 1.0배에 해당)을 기관형성기 동안 투여했을 때, 심장혈관의 기형이 발생하고 두개골, 척추, 흉골의 골화지연을 포함한 골격근 변형으로 태자 발달 지연이 시사됨. - 랫트 출생 전 후 발달 연구에서는 수태 및/또는 수유 기간 동안 모체 독성을 일으키는 용량(1 및 10mg/kg/day)으로 반데타닙을 투여했을 때 새끼 생존율이 감소, 출생 후 성장 저하(신체 발달 지연 동반)됨.- 가임 여성에게는 이 약 투여 중에 임신하지 않아야 하며, 이 약 투여 후 최소 4달의 휴약기가 있어야 함.","","정상"
4134,"임부금기","단일",D000143,Anagrelide,"아나그렐리드","","[M246870]아나그렐리드염산염","","","2등급",20190522,"- 임신한 여성에게 투여시 태아에게 해를 끼칠 수 있음. 암컷 랫트로 실시한 수태능 및 생식·발생독성시험에서 경구로 60mg/kg/day (360mg/m2/day, 체표면적에 근거한 최대 사람용량의 49배) 또는 그 이상 투여하였을 때 착상을 억제하였으며, 배/태자의 생존에 유해한 영향을 미쳤음. 출생 전·후 발생독성시험에서는 같은 용량 투여 시, 분만을 지연시키거나 억제하였고, 분만하지 않은 임신한 모체와 발달된 태자가 사망하였으며, 분만된 새끼의 사망률을 증가시킴.","","정상"
4135,"임부금기","단일",D001227,"BCG(Strain Tice)","비씨지(Tice균주)","","[A000484]비씨지","","","2등급",20190522,"","","삭제"
4136,"임부금기","단일",D001228,Mifamurtide,"마이파머티드","","[A000300]마이파머티드","","","2등급",20190522,"- 임부에 대한 안전성 미확립.","","정상"
4137,"임부금기","단일",D001229,Levosulpiride,"레보설피리드","","[A000253]레보설피리드","","","2등급",20190522,"-임신 중 투여에 대한 안전성 미확립.  동물실험에서 태자에 대한 기형발생의 위험이 았는 것으롤 보고됨.","","정상"
4138,"임부금기","단일",D001230,Somatostatin,"소마토스타틴","","[A000608]소마토스타틴","","","2등급",20190522,"- 임부에 대한 안전성 미확립. 전임상 시험에서 토끼에 0.2mg/kg/일 이상 투여했을 때 초기 배자 발달을 저해함. 분만 중인 암컷에 대한 연구에서 소마토스타틴(500 μg을 30분 이상의 시간동안 주입)이 태반 벽을 통과하여 태자의 성장호르몬 및 갑상샘 자극 호르몬에 영향을 줄 수 있다고 나타남.","","정상"
4139,"임부금기","단일",D001232,Somatropin,"소마트로핀","","[A000609]소마트로핀/[A000610]소마트로핀(균주: E.coli BL21(DE3), 벡터: pT0191)/[A000611]소마트로핀(숙주: E.coli, K-12 MG1655, 벡터: pHGH)/[A000612]소마트로핀(유전자재조합, 벡터: pYLBC ADH/GAP hGH, 숙주 : Saccharomyces Cerevisiae 2150)","","","2등급",20190522,"-임신 중 투여에 대한 안전성 미확립.","","정상"
4140,"임부금기","단일",D000484,Teriparatide,"테리파라타이드","","[M255493]테리파라타이드(유전자재조합)(숙주:E.coli K12RQ228, 벡터:pHMM193)/[M263083]테리파라타이드아세트산염","","","2등급",20190522,"(주사제) 토끼를 이용한 정맥 내 투여에 의한 기관 형성기 투여 시험에서 태아독성(태아 사망)이 인정됨. (프리필드펜) 토끼 연구에서 생식 독성이 나타남. 사람에 대한 잠재적인 위험성은 알려지지 않음. 가임 여성은 이 약을 사용하는 동안 효과적인 피임법을 사용해야 하며, 임신이 되는 경우 이 약의 투여를 중단해야 함.","","정상"
4141,"임부금기","단일",D001233,Prednisone,"프레드니손","","[A001352]프레드니손","","","2등급",20190522,"- 임신 중에 글루코코르티코이드를 투여한 모체에서 태어난 신생아의 경우 부신부전증을 일으킬 수 있음. - 동물실험에서 기형발생 작용이 보고되어 있으며 태아의 성장지체, 언청이의 위험 등의 증가, 태아의 뇌성장 및 발달에도 영향을 줄 수 있음.","","정상"
4142,"임부금기","단일",D001234,Tolterodine,"톨터로딘","","[A001184]톨터로딘","","","2등급",20190522,"사람과 동물실험에서 태아 및 타자독성이 나타남.","","정상"
4143,"임부금기","단일",D000423,Lindane,"린단","","[M050381]린단","","","2등급",20190522,"","","정상"
4144,"임부금기","단일",D001235,Alfatradiol,"알파트라디올","","[A000784]알파트라디올","","","2등급",20190522,"사람이나 동물에 대한 적절한 연구결과가 없음.","","정상"
4145,"임부금기","단일",D001236,eculizumab,"에쿨리주맙","","[A000826]에쿨리주맙","","","2등급",20190522,"임부에 대한 안전성 미확립. 잠재적으로 태아의 순환혈에서 말단 보체 차단 초래 가능. 동물실험에서 새끼의 발달 이상 비율 증가, 사망 또는 죽어가는 새끼 비율 증가","","정상"
4147,"임부금기","복합",D001171,Elbasvir,"엘바스비르","[D001172]Grazoprevir(그라조프레비르)","[A000849]엘바스비르/[A000058]그라조프레비르","","","2등급",20190522,"임부에 대한 안전성 미확립","","정상"
4149,"임부금기","단일",D001239,baricitinib,"바리시티닙","","[A002021]바리시티닙","","","2등급",20190522,"임부에 대한 안전성 미확립. 동물실험에서 생식독성, 기형 유발 보고","","정상"
4150,"임부금기","단일",D001240,lxekizumab,"익세키주맙","","[A002770]익세키주맙","","","2등급",20190522,"임부에 대한 안전성 미확립. 동물실험에서 신생자 사망 보고.","","정상"
4151,"임부금기","단일",D001168,"Azilsartan medoxomil potassium","아질사르탄 메독소밀칼륨","","[A000744]아질사르탄메독소밀칼륨","","","2등급",20190522,"태아독성(신기능 감소, 양수과소증, 두개골 골화지연) 및 신생아 독성(신부전, 저혈압, 고칼륨혈증), 사망 유발 가능","","정상"
4152,"임부금기","단일",D001241,Alirocumab,"알리로쿠맙","","[A000770]알리로쿠맙","","","2등급",20190522,"임부에 대한 안전성 미확립. 동물실험에서 산모 독성, 새끼에게 약한 2차 면역 반응이 나타남.","","정상"
4146,"임부금기","단일",D001237,"Human papillovirus","인유두종바이러스","","[A000980]인유두종바이러스11형L1단백질/[A000981]인유두종바이러스16형L1단백질/[A000982]인유두종바이러스16형L1단백질(숙주: Trichoplusia ni Hi-5 Rix4446, 벡터: rBaculo4449)/[A000983]인유두종바이러스18형L1단백질/[A000984]인유두종바이러스18형L1단백질(숙주: Trichoplusia ni Hi-5 Rix4446, 벡터: rBaculo4450)/[A000985]인유두종바이러스31형L1단백질/[A000986]인유두종바이러스33형L1단백질/[A000987]인유두종바이러스45형L1단백질/[A000988]인유두종바이러스52형L1단백질/[A000989]인유두종바이러스58형L1단백질/[A000990]인유두종바이러스6형L1단백질","","","2등급",20190522,"임부에 대한 안전성 미확립.  사람에서의 반응을 예측하기는 어려우므로, 이 백신 접종 중 임신은 가급적 피할 것.","","정상"
4148,"임부금기","단일",D001238,Apremilast,"아프레밀라스트","","[A002502]아프레밀라스트","","","1등급",20190522,"임부에 대한 안전성 미확립. 동물실험에서 배태자 소실, 태아 체중 감소, 골화 지연 보고.  생식력 및 초기 배자 발달 시험에서 발정주기의 연장 및 짝짓기까지의 시간 증가 관찰됨. 배태자 발달 시험에서 심장의 절대 중량 및/ 또는 상대 중량 증가, 초기 재흡수의 수적 증가, 골화부골의 수적 감소, 태자 체중 감소, 두개골의 후두상부뼈의 골화 지연 관찰됨. 출생 전후 발달 시험에서 모체 체중감소, 체중 증가의 감소, 새끼 분만의 난관으로 인한 몿 사망, 새끼 분만으로 인한 모체독성, 새끼의 사망 증가 관찰됨.","","정상"
4153,"임부금기","단일",D001242,evolocumab,"에볼로쿠맙","","[A000820]에볼로쿠맙","","","2등급",20190522,"임부에 대한 안전성 미확립","","정상"
4154,"임부금기","단일",D001243,"Besifovir dipivoxil maleate","베시포비르디피복실말레산염","","[M265751]베시포비르디피복실말레산염","","","2등급",20190522,"임부에 대한 안전성 미확립.  동물실험에서 착상 후 소실 증가, 태자 생존 수 감소, 심장 및 대혈관 기형, 태자 생장 지연, 유산 증가, 출생자의 생존율 감소 보고","","정상"
4155,"임부금기","단일",D001244,atezolizumab,"아테졸리주맙","","[A000752]아테졸리주맙","","","2등급",20190522,"임부에 대한 안전성 미확립.  동물실험에서 태아에 대한 면역관련 거부 위험을 증가시켜 태아 사망을 초래 가능","","정상"
4156,"임부금기","단일",D001245,Carfilzomib,"카르필조밉","","[A001077]카르필조밉","","","2등급",20190522,"임부에 대한 안전성 미확립.  동물실험에서 조기 흡수 및 착상 전 소실 증가, 태아 체중 감소 관찰됨","","정상"
4157,"임부금기","단일",D001246,Panobinostat,"파노비노스타트","","[A001235]파노비노스타트","","","2등급",20190522,"임부에 대한 안전성 미확립.  동물실험에서 배태자 독성 및 최기형성, 태아 기형발생률 증가 보고","","정상"
4158,"임부금기","복합",D001174,Ombitasvir,"옴비타스비르","[D001175]Paritaprevir(파리타프레비르)/[D000712]Ritonavir(리토나비르)","[A000902]옴비타스비르/[A001241]파리타프레비르/[M118365]파리타프레비르/[M259362]리토나비르","","","2등급",20190522,"임부에 대한 안전성 미확립.","","정상"
4159,"임부금기","단일",D001247,Sevoflurane,"세보플루란","","[A000550]세보플루란","","","2등급",20190522,"동물실험에서 발달 중인 뇌의 신경세포 자멸사 증가, 3시간 이상 사용될 경우 장기적 인지 기능 저하 초래.  사람에서 이러한 변화에 취약한 시기는 임신 후기부터 생후 첫 수개월 내 노출과 연관됨.","","정상"
4160,"임부금기","단일",D000991,"Ginkgo biloba leaf Extract","은행엽엑스","","[M080879]은행엽엑스","","","2등급",20190522,"(정제, 액제, 캡슐제) 임신 중 투여에 대한 충분한 사용 경험 적음.     ( 주사제) 국내 허가 사항 내 임부 금기에 대한 상세 정보 없음.","","정상"
4161,"임부금기","단일",D001248,Sulprostone,"설프로스톤","","[A000539]설프로스톤","","","1등급",20190522,"- 배아독성 가능성에 관한 동물 시험에서 모체독성 용량을 투여한 후에 배아치사 및 최기형성 관찰","","정상"
4162,"임부금기","단일",D000040,Ritodrine,"리토드린","","[M050378]염산리토드린","","","2등급",20190522,-,"","정상"
4163,"임부금기","단일",D001030,Alfuzosin,"알푸조신","","[M085821]염산알푸조신/[M222874]알푸조신염산염","","","2등급",20190522,-,"","정상"
4164,"임부금기","단일",D001032,Tamsulosin,"탐스로신","","[M085770]탐스로신서방립/[M099145]염산탐스로신/[M241531]탐스로신염산염/[M243979]탐스로신염산염","","","2등급",20190522,-,"","정상"
4165,"임부금기","단일",D000681,Terazosin,"테라조신","","[M083720]염산테라조신/[M101588]염산테라조신/[M249200]테라조신염산염/[M250456]테라조신염산염수화물/[M256626]테라조신염산염수화물(이수화물)","","","2등급",20190522,"- 치료상의 유익성이 태아에 대한 위험성을 상회한다고 판단되는 경우에만 투여","","정상"
4166,"임부금기","단일",D000505,Diethylpropion,"디에틸프로피온","","[M215226]염산디에칠프로피온/[M230781]디에틸프로피온염산염","","","1등급",20190522,"- 임신 중 복용으로 신생아에게 금단증상을 일으킬 수 있음.  - 이 약과의 연관성은 확립되어 있지 않으나, 선천성 기형에 대한 자발적 보고가 있었음.  - 고용량 투여는 모체, 배아에 독성을 일으킬 수 있음.","","정상"
4167,"임부금기","단일",D000714,Mazindol,"마진돌","","[M092419]마진돌","","","1등급",20190522,"- 동물의 생식·발생 독성실험에서 출산 시 태자의 사망 위험성이 증가","","정상"
4168,"임부금기","단일",D000701,"Phendimetrazine tartrate","펜디메트라진타르타르산염","","[M088437]주석산펜디메트라진/[M214394]주석산펜디메트라진/[M230784]펜디메트라진타르타르산염","","","1등급",20190522,"- 임부에 안전성 미확립.   - 치료상의 유익성이 위험성을 상회한다고 판단되는 경우에만 투여.","","정상"
4169,"임부금기","단일",D000795,Phentermine,"펜터민","","[M099629]염산펜터민/[M219108]염산펜터민/[M238557]펜터민염산염","","","1등급",20190522,"- 임부에 안전성 미확립.  - 치료상의 유익성이 위험성을 상회한다고 판단되는 경우에만 투여","","정상"
4170,"임부금기","복합",D001155,naltrexone,"날트랙손","[D000018]Bupropion Hydrochloride(부프로피온염산염)","[C089318]염산날트렉손/[I002456]날트렉손/[I002457]염산날트렉손/[M089318]염산날트렉손/[M254702]날트렉손염산염/[I000166]부프로피온염산염/[M095783]염산부프로피온/[M233238]부프로피온염산염","","","1등급",20190522,"- 날트렉손을 투여한 동물실험에서 생식독성 나타남(초기 태자 사망 증가)","","정상"
4171,"임부금기","단일",D001250,Orlistat,"오르리스타트","","[A000871]오르리스타트","","","1등급",20190522,-,"","정상"
4172,"임부금기","단일",D001155,naltrexone,"날트랙손","","[C089318]염산날트렉손/[I002456]날트렉손/[I002457]염산날트렉손/[M089318]염산날트렉손/[M254702]날트렉손염산염","","","2등급",20190522,"동물실험에서 고용량에 의해 배아치사효과 나타남","","정상"
4173,"임부금기","단일",D001252,6-Fluoro-(18F)-L-dopa,"에프도파(18F)","","[A000836]에프도파18F","","","2등급",20190522,"임신 중 사용에 대한 자료 없음.","","정상"
4174,"임부금기","단일",D001251,"2-Deoxy-2-fluoro-D-glucose (18F)","2-데옥시-2-플루오로-디-글루코스 (18F)","","[A000002]2-데옥시-2-플루오로-D-글루코스","","","2등급",20190522,"-임신 중 투여에 대한 안전성 미확립","","정상"
4175,"임부금기","단일",D001253,Exametazime,"엑사메타짐","","[A000840]엑사메타짐","","","2등급",20190522,"- 500MBq 투여 시 3.6mGy가 자궁으로 흡수됨. (0.5mGy는 연간 평균 기초 방사량과 동등량)","","정상"
4176,"임부금기","단일",D001254,"N-(3-Fluoropropyl)-2β-Carbomethoxy-3β-(4-[123]iodophenyl)-tropane","N-(3-플루오로프로필)-2베타-카르복시-메톡시-3베타-(4-[123]아이오도페닐)-트로판","","[M114784]N-(3-플루오로프로필)-2베타-카르복시-메톡시-3베타-(4-[123I]아이오도페닐)-노르트로판","","","1등급",20190522,-,"","정상"
4177,"임부금기","단일",D001255,"Choriogonadotropin α","코리오고나도트로핀알파","","[A001103]코리오고나도트로핀","","","1등급",20190522,"- 효능·효과를 고려할 때, 임신 중에 사용해서는 안됨.  -인체 최고투여 용량의 6배를 임신 렛트에게 투여했을 때 태자 사망 및 분만 장애 관찰.","","정상"
4178,"임부금기","단일",D001256,"Urea (14C)","우레아 (14C)","","[A000909]우레아(14C)","","","2등급",20190522,"마우스 림포마 세포를 이용한 DNA-strand 절단 시험에서 양성의 결과를 나타냄.  차이니스 햄스터 세포를 이용한 in vitro 염색체 이상 시험과 마우스를 이용한 in vitro 염색체 이상 시험 모두에서 양성의 결과를 나타냄.","","정상"
4179,"임부금기","단일",D001227,"BCG(Strain Tice)","비씨지(Tice균주)","","[A000484]비씨지","","","1등급",20190522,-,"","정상"
4180,"임부금기","단일",D001259,"Purified Inactivated Influenza Antigen (H5N1)","정제불활화인플루엔자바이러스항원 (H5N1)","","[M094404]정제불활화인플루엔자바이러스항원","","","2등급",20190522,-,"","정상"
4181,"임부금기","단일",D001260,"Live Attenuated Varicella-Zoster Vaccines","약독바리셀라조스터생바이러스(약독수두생바이러스)","","[A000797]약독수두생바이러스(균주명: MAV/06 Strain)/[A000798]약독수두생바이러스(균주명: OKA)/[A000799]약독수두생바이러스(균주명: Oka/Merck, 세포주: MRC-5)/[A004449]약독수두생바이러스(균주명: Oka/SK, 세포주:MRC-5)","","","1등급",20190522,-,"","정상"
4419,"임부금기","단일",D000678,Clindamycin,"클린다마이신","","[M223227]클린다마이신염산염","","정제/피부액제/피부용겔제/용액주사제","2등급",20191217,"임부에 대한 안전성 미확립","","삭제"
4420,"임부금기","단일",D000480,Clindamycin,"클린다마이신","","[M020134]인산클린다마이신/[M223228]클린다마이신포스페이트","","정제/피부액제/피부용겔제/용액주사제","2등급",20191217,"임부에 대한 안전성 미확립","","정상"
4421,"임부금기","단일",D000092,Dihydrocodeine,"디히드로코데인","","[M051341]주석산수소디히드로코데인/[M247988]디히드로코데인주석산염/[M249060]디히드로코데인타르타르산염/[M261072]디히드로코데인타르타르산염","","정제","2등급",20191217,"임부에 대한 안전성 미확립. 신생아 호흡억제 및 금단 증상 유발 가능","","정상"
4422,"임부금기","복합",D000092,Dihydrocodeine,"디히드로코데인","[D001116]Methylephedrine(메틸에페드린)/[D001315]Ammonium chloride(염화암모늄)/[D000893]Chlorpheniramine(클로르페니라민)","[M051341]주석산수소디히드로코데인/[M247988]디히드로코데인주석산염/[M249060]디히드로코데인타르타르산염/[M261072]디히드로코데인타르타르산염/[A006116]메틸에페드린/[I006391]dl-메틸에페드린염산염/[M204422]dl-메틸에페드린염산염/[M223022]dl-메틸에페드린염산염 산 10%/[M235519]디엘메틸에페드린염산염/[M240608]dI-메틸에페드린염산염/[M240859]디엘-메틸에페드린염산염/[M252389]㎗-메틸에페드린염산염/[M264046]DL-메틸에페드린염산염/[A002612]염화암모늄/[M040616]말레인산클로르페니라민/[M050213]말레인산덱스클로르페니라민/[M051529]클로르페니라민/[M082701]디엘말레인산클로르페니라민/[M083325]디말레인산클로르페니라민/[M099959]말레인산클로로페니라민/[M100018]말레산클로르페니라민/[M100476]디말레인산클로르페니라민/[M101581]디엘말레인산클로르페니라민/[M200471]말레인산클로르페니라민제피과립/[M202197]D-말레인산클로르페니라민/[M202204]DL-말레인산클로르페니라민/[M203913]클로르페니라민말레인산염/[M212847]클로르페니라민말레이트/[M223211]클로르페니라민말레산염/[M223212]d-클로르페니라민말레산염/[M223213]클로르페니라민말레산염 산/[M223214]클로르페니라민말레산염 정/[M223215]클로르페니라민말레산염 주사액/[M226783]dl-클로르페니라민말레산염/[M249715]덱스클로르페니라민 말레산염/[M251936]덱스클로르페니라민말레이트","","정제/액상시럽제","2등급",20191217,"임부에 대한 안전성 미확립. 신생아 호흡억제 및 금단 증상 유발 가능.","","정상"
4425,"임부금기","복합",D000878,Hydrocodone,"히드로코돈","[D000147]Acetaminophen(아세트아미노펜)","[M089290]주석산수소히드로코돈/[M103278]히드로코돈/[M247990]히드로코돈주석산염/[M260898]히드로코돈타르타르산염/[M261065]히드로코돈타르타르산염/[M040353]아세트아미노펜/[M082309]아세트아미노펜제피세립/[M233006]아세트아미노펜 DC 500/600/[M246556]아세트아미노펜 (미분화)/[M262287]아세트아미노펜 과립","","정제","2등급",20191217,"임부에 대한 안전성 미확립. 신생아 호흡억제 및 금단 증상 유발 가능.","","정상"
4426,"임부금기","단일",D000879,Hydromorphone,"히드로모르폰","","[M088418]염산히드로모르폰/[M101831]염산하이드로모르폰/[M103280]히드로모르폰/[M205756]염산히드로모르폰/[M247991]히드로모르폰염산염/[M261066]히드로모르폰염산염","","용액주사제/정제","2등급",20191217,"동물실험에서 기형, 체중 및 출산율 저하 등 발생. 신생아 호흡억제 및 금단 증상 유발 가능","","정상"
4427,"임부금기","단일",D000356,Oxycodone,"옥시코돈","","[M040451]염산옥시코돈/[M238042]옥시코돈염산염","","정제/용액주사제","2등급",20191217,"동물실험에서 기형 발생. 폐동맥판협착증의 위험증가와 관련. 신생아 호흡억제 및 금단 증상 유발 가능.","","정상"
4423,"임부금기","복합",D000092,Dihydrocodeine,"디히드로코데인","[D001116]Methylephedrine(메틸에페드린)/[D000493]Guaifenesin(구아이페네신)/[D000893]Chlorpheniramine(클로르페니라민)","[M051341]주석산수소디히드로코데인/[M247988]디히드로코데인주석산염/[M249060]디히드로코데인타르타르산염/[M261072]디히드로코데인타르타르산염/[A006116]메틸에페드린/[I006391]dl-메틸에페드린염산염/[M204422]dl-메틸에페드린염산염/[M223022]dl-메틸에페드린염산염 산 10%/[M235519]디엘메틸에페드린염산염/[M240608]dI-메틸에페드린염산염/[M240859]디엘-메틸에페드린염산염/[M252389]㎗-메틸에페드린염산염/[M264046]DL-메틸에페드린염산염/[M050058]구아이페네신/[M040616]말레인산클로르페니라민/[M050213]말레인산덱스클로르페니라민/[M051529]클로르페니라민/[M082701]디엘말레인산클로르페니라민/[M083325]디말레인산클로르페니라민/[M099959]말레인산클로로페니라민/[M100018]말레산클로르페니라민/[M100476]디말레인산클로르페니라민/[M101581]디엘말레인산클로르페니라민/[M200471]말레인산클로르페니라민제피과립/[M202197]D-말레인산클로르페니라민/[M202204]DL-말레인산클로르페니라민/[M203913]클로르페니라민말레인산염/[M212847]클로르페니라민말레이트/[M223211]클로르페니라민말레산염/[M223212]d-클로르페니라민말레산염/[M223213]클로르페니라민말레산염 산/[M223214]클로르페니라민말레산염 정/[M223215]클로르페니라민말레산염 주사액/[M226783]dl-클로르페니라민말레산염/[M249715]덱스클로르페니라민 말레산염/[M251936]덱스클로르페니라민말레이트","","정제/액상시럽제","2등급",20191217,"임부에 대한 안전성 미확립. 신생아 호흡억제 및 금단 증상 유발 가능.","","정상"
4424,"임부금기","복합",D000092,Dihydrocodeine,"디히드로코데인","[D001116]Methylephedrine(메틸에페드린)/[D001266]Anhydrous Caffeine(카페인무수물)/[D000893]Chlorpheniramine(클로르페니라민)","[M051341]주석산수소디히드로코데인/[M247988]디히드로코데인주석산염/[M249060]디히드로코데인타르타르산염/[M261072]디히드로코데인타르타르산염/[A006116]메틸에페드린/[I006391]dl-메틸에페드린염산염/[M204422]dl-메틸에페드린염산염/[M223022]dl-메틸에페드린염산염 산 10%/[M235519]디엘메틸에페드린염산염/[M240608]dI-메틸에페드린염산염/[M240859]디엘-메틸에페드린염산염/[M252389]㎗-메틸에페드린염산염/[M264046]DL-메틸에페드린염산염/[M223183]카페인무수물/[M040616]말레인산클로르페니라민/[M050213]말레인산덱스클로르페니라민/[M051529]클로르페니라민/[M082701]디엘말레인산클로르페니라민/[M083325]디말레인산클로르페니라민/[M099959]말레인산클로로페니라민/[M100018]말레산클로르페니라민/[M100476]디말레인산클로르페니라민/[M101581]디엘말레인산클로르페니라민/[M200471]말레인산클로르페니라민제피과립/[M202197]D-말레인산클로르페니라민/[M202204]DL-말레인산클로르페니라민/[M203913]클로르페니라민말레인산염/[M212847]클로르페니라민말레이트/[M223211]클로르페니라민말레산염/[M223212]d-클로르페니라민말레산염/[M223213]클로르페니라민말레산염 산/[M223214]클로르페니라민말레산염 정/[M223215]클로르페니라민말레산염 주사액/[M226783]dl-클로르페니라민말레산염/[M249715]덱스클로르페니라민 말레산염/[M251936]덱스클로르페니라민말레이트","","정제/액상시럽제","2등급",20191217,"임부에 대한 안전성 미확립. 신생아 호흡억제 및 금단 증상 유발 가능.","","정상"
4428,"임부금기","복합",D000356,Oxycodone,"옥시코돈","[D000393]Naloxone(날록손)","[M040451]염산옥시코돈/[M238042]옥시코돈염산염/[M222939]날록손염산염/[M246655]날록손염산염이수화물","","정제","2등급",20191217,"동물실험에서 기형 발생. 폐동맥판협착증의 위험증가와 관련. 신생아 호흡억제 및 금단 증상 유발 가능.","","정상"
4429,"임부금기","복합",D000356,Oxycodone,"옥시코돈","[D000147]Acetaminophen(아세트아미노펜)","[M040451]염산옥시코돈/[M238042]옥시코돈염산염/[M040353]아세트아미노펜/[M082309]아세트아미노펜제피세립/[M233006]아세트아미노펜 DC 500/600/[M246556]아세트아미노펜 (미분화)/[M262287]아세트아미노펜 과립","","정제","2등급",20191217,"동물실험에서 기형 발생. 폐동맥판협착증의 위험증가와 관련. 신생아 호흡억제 및 금단 증상 유발 가능.","","정상"
4430,"임부금기","단일",D000875,Alfentanil,"알펜타닐","","[M103361]알펜타닐 /[M221096]염산알펜타닐/[M247958]알펜타닐염산염/[M261077]알펜타닐염산염","","용액주사제","2등급",20191217,"임부에 대한 안전성 미확립. 신생아 호흡억제 및 금단 증상 유발 가능","","정상"
4431,"임부금기","단일",D001316,Remifentanil,"레미펜타닐","","[A005876]레미펜다닐","","용액용분말주사제/용액용동결건조분말주사제","2등급",20191217,"임부에 대한 안전성 미확립. 신생아 호흡억제 및 금단 증상 유발 가능.","","정상"
4432,"임부금기","단일",D001317,Sufentanil,"수펜타닐","","[A002347]수펜타닐","","용액주사제","2등급",20191217,"임부에 대한 안전성 미확립. 신생아 호흡억제 및 금단 증상 유발 가능","","정상"
4433,"임부금기","단일",D001318,Desflurane,"데스플루란","","[A000148]데스플루란","","흡입제, 미분류","2등급",20191217,"동물실험에서 태자에게 유해하며 기형을 유발하는 결과 나타남. 농도에 따라 태아 우울증, 신생아의 일시적 각성 감소, 임신한 자궁의 이완, 지혈 지연이 나타날 수 있음.","","정상"
4434,"임부금기","단일",D000557,Etomidate,"에토미데이트","","[M088929]에토미데이트","","유화주사제","2등급",20191217,"임부에 대한 안전성 미확립. 수술 중 태반을 통과할 수 있음.","","정상"
4435,"임부금기","단일",D001319,Ketamine,"케타민","","[A001100]케타민","","용액주사제","2등급",20191217,"임부에 대한 안전성 미확립","","정상"
4436,"임부금기","단일",D001320,Thiopental,"티오펜탈","","[A001228]티오펜탈","","용액용분말주사제/용액용동결건조분말주사제","2등급",20191217,"","","정상"
4437,"임부금기","단일",D000207,"Chloral Hydrate","포수클로랄","","[M220531]포수클로랄","","액상시럽제","2등급",00201121,"태반을 통과하여 태아장애의 가능성이 있음","","정상"
4438,"임부금기","단일",D000501,Doxepin,"독세핀","","[M258572]독세핀염산염","","정제","2등급",20191217,"동물실험(랫트)에서 기관형성기간 중에 투여 시 발생 독성(태아 구조적 이상 발생 증가, 태아 체중감소)이 관찰됨","","정상"
4439,"임부금기","단일",D000178,Quazepam,"쿠아제팜","","[M102600]쿠아제팜","","정제","2등급",20191217,"임신 중 벤조디아제핀계 약물 투여 시 기형이 있는 태아 등 장애아 출산의 예가 유의하게 증가함. 분만 전에 계속 복용한 경우, 신생아 금단 증상(신경과민, 진전, 과긴장 등)이 나타날 수 있음","","정상"
4474,"임부금기","단일",D000271,"Zolpidem tartrate","졸피뎀타르타르산염","","[M088392]주석산졸피뎀/[M222883]졸피뎀타르타르산/[M239566]졸피뎀타르타르산염/[M261178]졸피뎀타르타르산염","","정제","2등급",20191217,"임신 말기 혹은 출산 동안의 투여 시, 신생아의 저체온증, 근육긴장저하, 잘 빨지 못하는 수유장애, 중증도의 호흡저하가 나타날 수 있음. 임신 후반기 동안 벤조디아제핀계 약물 및 벤조디아제핀 유사 약물을 만성적으로 투여 시 신생아 금단 증상 및 신체적 의존성의 위험이 있음","","정상"
4475,"임부금기","단일",D000388,Gabapentin,"가바펜틴","","[M086012]가바펜틴/[M264220]가바펜틴","","캡슐/정제","2등급",20191217,"동물시험에서 생식독성이 나타남. 항전간제를 투여 받은 여성의 자녀에서 선천성 기형의 위험은 2-3배 증가함","","정상"
4476,"임부금기","단일",D001279,Rufinamide,"루피나미드","","[A000277]루피나미드","","정제","2등급",20191217,"임부에 대한 안전성 미확립.","","정상"
4477,"임부금기","복합",D000573,Isopropylantipyrine,"이소프로필안티피린","[D000147]Acetaminophen(아세트아미노펜)/[D001266]Anhydrous Caffeine(카페인무수물)","[M040499]이소프로필안티피린/[M040353]아세트아미노펜/[M082309]아세트아미노펜제피세립/[M233006]아세트아미노펜 DC 500/600/[M246556]아세트아미노펜 (미분화)/[M262287]아세트아미노펜 과립/[M223183]카페인무수물","","정제","2등급",20191217,"","","정상"
4478,"임부금기","복합",D000573,Isopropylantipyrine,"이소프로필안티피린","[D000147]Acetaminophen(아세트아미노펜)/[D000852]Caffeine(카페인)/[D001112]Benzyl Mandelate(만델산벤질)","[M040499]이소프로필안티피린/[M040353]아세트아미노펜/[M082309]아세트아미노펜제피세립/[M233006]아세트아미노펜 DC 500/600/[M246556]아세트아미노펜 (미분화)/[M262287]아세트아미노펜 과립/[M040579]카페인(함수)/[M040580]무수카페인/[M090611]카페인/[M223183]카페인무수물/[M223184]카페인수화물/[M241017]무수물카페인/[C083466]만델산벤질/[I007321]만델산벤질/[M083466]만델산벤질","","정제","2등급",20191217,"","","정상"
4479,"임부금기","단일",D000229,Methylphenidate,"메틸페니데이트","","[M223025]메틸페니데이트염산염","","정제/캡슐","2등급",20191217,"최대권장용량의 약 40배를 토끼에 투여 시 최기형성(태자척추피열 증가) 관찰됨.","","정상"
4480,"임부금기","단일",D000891,Donepezil,"도네페질","","[M090052]염산도네페질/[M208967]염삼도네페질일수화물/[M211793]염산도네페질일수화물/[M232430]도네페질염산염일수화물/[M232855]도네페질염산염/[M256941]도네페질염산염수화물/[M260334]도네페질","","정제","2등급",20191217,"동물실험에서 어린 새끼의 생존율과 사산율에 영향을 줌.","","정상"
4481,"임부금기","단일",D001273,Fampridine,"팜프리딘","","[A001267]팜프리딘","","정제","2등급",20191217,"동물실험에서 생식독성이 확인됨. 모체 독성용량에서 태자와 차산자의 체중 및 생존 감소가 관찰됨.","","정상"
4482,"임부금기","단일",D000689,Galantamine,"갈란타민","","[M243021]갈란타민브롬화수소산염","","정제/캡슐","2등급",20191217,"동물실험에서 태자의 흉골분절 이상, 골격변이, 늑골흔적의 증가, 발정주기 수의 감소가 나타남.","","정상"
4483,"임부금기","단일",D000318,Memantine,"메만틴","","[M081322]염산메만틴/[M242614]메만틴염산염","","정제/경구용액제","2등급",20191217,"동물실험에서 태자의 성장의 감소 위험 가능성이 나타남.","","정상"
4484,"임부금기","단일",D001280,"Nalfurafine hydrochloride","날푸라핀염산염","","[M257193]날푸라핀염산염","","캡슐","2등급",20191217,"동물실험(랫트)에서 태반통과, 생존태자수의 감소, 출산율의 저하 및 출생자 체중의 감소가 보고됨.","","정상"
4485,"임부금기","단일",D000892,Rivastigmine,"리바스티그민","","[M088539]주석산리바스티그민/[M220029]리바스티그민/[M226944]리바스티그민 주석산염/[M252066]리바스티그민타르타르산염/[M252068]리바스티그민주석산염/[M252069]리바스티그민타르타르산염","","캡슐/경피흡수제/서방성경피흡수제","2등급",20191217,"임부에 대한 안전성 미확립.","","정상"
4486,"임부금기","복합",D000546,Sulfamethoxazole,"설파메톡사졸","[D000067]Trimethoprim(트리메토프림)","[M040283]설파메톡사졸/[M081371]설파메톡사졸나트륨/[M051623]트리메토프림","","정제/용액주사제/액상시럽제","2등급",20191217,"동물실험에서 기형발생 보고. 임신 중 이 약을 투여 받은 환자의 아이에게 선천성 이상이 보고됨.","","정상"
4487,"임부금기","단일",D000405,Posaconazole,"포사코나졸","","[M256381]포사코나졸(미분화)","","정제/경구용현탁액제/용액주사제","2등급",20191217,"동물실험에서 생식독성 관찰됨","","정상"
4488,"임부금기","단일",D001321,Caspofungin,"카스포펀진","","[A001082]카스포펀진","","용액용동결건조분말주사제","2등급",20191217,"동물실험에서 태자독성(골화부전, 경늑 발생빈도 증가 등)이 나타남. 임신 제1삼분기에 이 약의 사용을 피하는 것이 안전함.","","정상"
4489,"임부금기","단일",D001322,Micafungin,"미카펑긴","","[A000370]미카펑긴","","용액용동결건조분말주사제","2등급",20191217,"동물실험에서 내장이상(비정상적인 폐엽 형성, 좌심증, 하대정맥후뇨관, 기형우쇄골하동맥 등) 및 유산이 나타남. 임신 제1삼분기에 이 약의 사용을 피하는 것이 안전함.","","정상"
4490,"임부금기","단일",D000549,Cycloserine,"시클로세린","","[M020076]시클로세린","","캡슐","2등급",20191217,"임부에 대한 안전성 미확립","","정상"
4491,"임부금기","단일",D001323,Delamanid,"델라마니드","","[A000157]델라마니드","","정제","2등급",20191217,"동물실험에서 생식독성 관찰됨","","정상"
4492,"임부금기","단일",D000314,Rifampicin,"리팜피신","","[M020042]리팜피신","","정제/캡슐","2등급",20191217,"동물실험에서 기형발생 보고","","정상"
4493,"임부금기","복합",D000314,Rifampicin,"리팜피신","[D000265]Isoniazid(이소니아지드)/[D000802]Pyrazinamide(피라진아미드)","[M020042]리팜피신/[M223170]이소니아지드/[M040746]피라진아미드","","정제","2등급",20191217,"(Rifampicin)동물실험에서 기형발생 보고, (Isoniazid)동물실험(마우스)에서 태자발육 장애가 보고, (Pyrazinamide)임부에 대한 안전성 미확립","","정상"
4494,"임부금기","복합",D000314,Rifampicin,"리팜피신","[D000265]Isoniazid(이소니아지드)","[M020042]리팜피신/[M223170]이소니아지드","","정제/캡슐","2등급",20191217,"(Rifampicin) 동물실험에서 기형발생 보고 (Isoniazid)동물실험(마우스)에서 태자발육 장애가 보고","","정상"
4495,"임부금기","복합",D000314,Rifampicin,"리팜피신","[D000802]Pyrazinamide(피라진아미드)/[D000265]Isoniazid(이소니아지드)/[D001324]Ethambutol(에탐부톨)","[M020042]리팜피신/[M040746]피라진아미드/[M223170]이소니아지드/[A000830]에탐부톨","","정제","2등급",20191217,"(Rifampicin)동물실험에서 기형발생 보고, (Pyrazinamide)임부에 대한 안전성 미확립, (Isoniazid)동물실험(마우스)에서 태자발육 장애가 보고, (Ethambutol)임부에 대한 안전성 미확립","","정상"
4496,"임부금기","단일",D000265,Isoniazid,"이소니아지드","","[M223170]이소니아지드","","정제","2등급",20191217,"동물실험(마우스)에서 태자발육 장애가 보고","","정상"
4497,"임부금기","단일",D001324,Ethambutol,"에탐부톨","","[A000830]에탐부톨","","정제","2등급",20191217,"임부에 대한 안전성 미확립","","정상"
4498,"임부금기","단일",D000802,Pyrazinamide,"피라진아미드","","[M040746]피라진아미드","","정제","2등급",20191217,"임부에 대한 안전성 미확립","","정상"
4499,"임부금기","단일",D000615,Lamivudine,"라미부딘","","[M086332]라미부딘","","정제","2등급",20191217,"동물실험에서 임신초기에 태자치사 나타남","","정상"
4500,"임부금기","복합",D000615,Lamivudine,"라미부딘","[D000986]Dolutegravir(돌루테그라비르)/[D000281]Tenofovir(테노포비르)","[M086332]라미부딘/[I012655]돌루테그라비르나트륨(미분화)/[A001163]테노포비르","","정제","2등급",20191217,"동물실험에서 임신초기에 태자치사 나타남","","삭제"
4501,"임부금기","복합",D000615,Lamivudine,"라미부딘","[D000986]Dolutegravir(돌루테그라비르)/[D000281]Tenofovir(테노포비르)","[M086332]라미부딘/[I012655]돌루테그라비르나트륨(미분화)/[A001163]테노포비르","","정제","2등급",20191217,"(Lamivudine)동물실험에서 임신초기에 태자치사 나타남","","삭제"
4502,"임부금기","복합",D000615,Lamivudine,"라미부딘","[D000172]Zidovudine(지도부딘)","[M086332]라미부딘/[M082858]지도부딘","","정제","2등급",20191217,"(Lamivudine)동물실험에서 임신초기에 태자치사 나타남","","정상"
4503,"임부금기","복합",D000615,Lamivudine,"라미부딘","[D000281]Tenofovir(테노포비르)","[M086332]라미부딘/[A001163]테노포비르","","정제","2등급",20191217,"(Lamivudine)동물실험에서 임신초기에 태자치사 나타남","","정상"
4504,"임부금기","단일",D000028,"Adefovir dipivoxil","아데포비어디피복실","","[M101796]아데포비어디피복실","","정제","2등급",20191217,"동물실험에서 배자독성, 태자기형 증가함","","정상"
4505,"임부금기","단일",D001325,Entecavir,"엔테카비르","","[A000843]엔테카비르","","정제/액상시럽제","2등급",20191217,"동물실험에서 배태자 독성, 골화 감소가 관찰됨","","정상"
4506,"임부금기","복합",D001326,Atovaquone,"아토바쿠온","[D001327]Proguanil(프로구아닐)","[A000753]아토바쿠온/[A001354]프로구아닐","","정제","2등급",20191217,"임부에 대한 안전성 미확립. 동물실험에서 모체독성, 태아에 대한 이상반응이 관찰됨","","정상"
4507,"임부금기","복합",D000673,Cobicistat,"코비시스타트","[D000561]Elvitegravir(엘비테그라비르)/[D000665]Emtricitabine(엠트리시타빈)/[D000281]Tenofovir(테노포비르)","[M256270]코비시스타트이산화규소/[A005561]엘비테그라비르/[M250026]엠트리시타빈/[A001163]테노포비르","","정제","2등급",20191217,"임부에 대한 안전성 미확립","","정상"
4508,"임부금기","복합",D000615,Lamivudine,"라미부딘","[D000986]Dolutegravir(돌루테그라비르)/[D000281]Tenofovir(테노포비르)","[M086332]라미부딘/[I012655]돌루테그라비르나트륨(미분화)/[A001163]테노포비르","","정제","2등급",20191217,"(Lamivudine)동물실험에서 임신초기에 태자치사 나타남, (Dolutegravir)임신 제1삼분기에는 투여를 피해야 함. 수정 전부터 이 약에 노출된 모체에서 난 신생아에서 신경관 결손증 유병률이 증가됨.","","정상"
4509,"임부금기","단일",D000986,Dolutegravir,"돌루테그라비르","","[I012655]돌루테그라비르나트륨(미분화)","","정제","2등급",20191217,"임신 제1삼분기에는 투여를 피해야 함. 수정 전부터 이 약에 노출된 모체에서 난 신생아에서 신경관 결손증 유병률이 증가됨.","","정상"
4510,"임부금기","복합",D000986,Dolutegravir,"돌루테그라비르","[D000225]Rilpivirine(릴피비린)","[I012655]돌루테그라비르나트륨(미분화)/[A005225]릴피비린/[M253921]릴피비린염산염","","정제","2등급",20191217,"임신 제1삼분기에는 투여를 피해야 함. 수정 전부터 이 약에 노출된 모체에서 난 신생아에서 신경관 결손증 유병률이 증가됨.","","정상"
4810,"임부금기","단일",D000930,Levodropropizine,"레보드로프로피진","","[M090122]레보드로프로피진/[M253916]레보드로프로피진","","정제/서방정/서방성필름코팅정/서방성당의정/서방성다층정/서방성장용필름코팅정/캡슐/경질캡슐제, 산제/경질캡슐제, 과립제/경질캡슐제, 정제/경질캡슐제, 과립제정제/과립/시럽","2등급",20200710,"","","정상"
4811,"임부금기","단일",D000477,Clenbuterol,"클렌부테롤","","[M081571]염산클렌부테롤/[M222889]클렌부테롤염산염","","시럽","2등급",20200710,"임부에 대한 안전성 미확립. 동물실험에서 임신 후기 투여 시 자궁근수축을 억제하여 분만 지연을 일으킴.","","정상"
4812,"임부금기","단일",D000070,Fenoterol,"페노테롤","","[M051699]브롬화수소산페노테롤/[M222898]페노테롤브롬화수소산염","","정제","2등급",20200710,"동물실험에서 랫트의 태자골격이상 출현빈도의 증가가 보고됨.","","정상"
4814,"임부금기","단일",D001331,Midodrine,"미도드린","","[A000367]미도드린","","정제","2등급",20200710,"임부에 대한 안전성 미확립.","","정상"
4815,"임부금기","단일",D001332,"Calcium dobesilate","도베실산칼슘","","[A000160]도베실산칼슘/[M083328]도베실레이트칼슘/[M100053]도베실산칼슘","","정제","2등급",20200710,"임부에서의 사용 경험 제한적.","","정상"
4816,"임부금기","단일",D001333,Miglitol,"미그리톨","","[A000366]미그리톨/[M091466]미그리톨","","정제","2등급",20200710,"안전성 미확립. 동물시험에서 300mg/Kg 이상에서 모체 독성에 의한 이차적 유해작용이 발생하는 것으로 밝혀짐.","","정상"
4817,"임부금기","단일",D001334,Rasburicase,"라스부리카제","","[A000227]라스부리카제/[M096158]라스부리카제","","용액용동결건조분말주사제","2등급",20200710,"임산부에 대한 임상적 자료 없음. 토끼에게서 사람 용량의 10, 50, 100배 용량을, 랫트에게 사람 용량의 250배 용량을 투여했을 때 최기형성 나타남. 유익성이 위험성 상회 시 사용.","","정상"
4818,"임부금기","단일",D001335,"Alglucosidase α","알글루코시다제 알파","","[A000762]알글루코시다제알파/[M113247]알글루코시다제알파","","용액용동결건조분말주사제","2등급",20200710,"임부에서 적절한 자료 없음. 동물 시험에서 생식 독성이 나타남. 반드시 필요할 경우를 제외하고 임신 중 사용되어서는 안 됨.","","정상"
4809,"임부금기","단일",D000912,Theophylline,"테오필린","","[M040643]테오필린/[M081196]무수데오필린/[M083879]테오필린서방형입자/[M084478]무수테오필린/[M085622]48ㆍ15%테오필린지속성과립/[M085755]테오필린지속성제피과립/[M087122]테오필린일수화물/[M088689]테오필린폴리메릭쉘드콤플렉스/[M201628]제피테오필린서방과립/[M201834]테오필린서방과립/[M235596]테오필린무수물/[M252202]48.15%테오필린지속성과립(48.15% Theophylline-sustained release bead)","","서방정/서방성필름코팅정/서방성당의정/서방성다층정/서방성장용필름코팅정/캡슐/서방성캡슐제, 펠렛/서방성캡슐제, 정제펠렛/경질캡슐제, 서방성장용성펠렛/시럽/건조시럽제, 산제/건조시럽용 과립제","2등급",20200710,"동물실험에서 기형발생이 보고됨. 사람 태반을 통과하여 신생아에서 구토, 신경과민 유발 가능성.","","정상"
4813,"임부금기","단일",D000868,S-Amlodipine,"에스암로디핀","","[I009505]s-암로디핀베실산염/[I012395]에스암로디핀베실산염2.5수화물/[M102682]베실산에스암로디핀/[M215517]베실산 에스-암로디핀/[M224657]캄실산에스암로디핀/[M226654]에스암로디핀베실산염이수화물/[M241597]에스암로디핀베실산염/[M243469]에스암로디핀베실산염/[M249423]에스암로디핀니코틴산염/[M251686]에스암로디핀니코틴산염/[M252107]에스암로디핀베실산염2.5수화물/[M259723]에스암로디핀겐티스산염/[M263840]S-암로디핀베실산염2.5수화물","","정제","2등급",20200710,"인체에 대한 최대권장용량의 50배에 해당하는 용량의 이 약을 투여한 랫트에서 분만지연 및 연장 나타남. 동물실험 중 고용량에서 생식독성 나타남.","","정상"
4819,"임부금기","단일",D001345,Streptokinase/Streptodornase,"스트렙토키나제/스트렙토도르나제","","[A000652]스트렙토키나제·스트렙토도르나제/[M110559]스트렙토키나제·스트렙토도르나제 분말/[M212209]스트렙토키나제·스트렙토도르나제","","정제","2등급",20200710,"임부에 대한 안전성 미확립. 태아의 혈액에서 스트렙토키나제 특이성 항체가 발견됨.","","정상"
4820,"임부금기","단일",D001006,Tiotropium,"티오트로피움","","[M100354]브롬화티오트로피움일수화물/[M260630]티오트로퓸브롬화물수화물/[M261811]브롬화티오트로피움일수화물(미분화)/[M265286]티오트로퓸브롬화물(미분화)","","정량흡입제, 분말제/정량흡입제, 현탁액제/정량흡입제, 용액제/흡입제, 미분류","2등급",20200710,"임부에 이 약을 투여한 임상자료는 제한적이므로, 예방적 조치로서 임신 중 이 약의 사용을 피하는 것이 권장됨.","","정상"
4821,"임부금기","단일",D000514,Procaterol,"프로카테롤","","[M223307]프로카테롤염산염수화물/[M256192]프로카테롤염산염수화물(미분화)","","정제/정량흡입제, 분말제","2등급",20200710,"임부에 대한 안전성 미확립.","","정상"
4822,"임부금기","단일",D000914,Bambuterol,"밤부테롤","","[M050790]염산밤부테롤/[M222849]밤부테롤염산염","","정제/액상시럽제","2등급",20200710,"임부에 대한 안전성 미확립.","","정상"
4823,"임부금기","단일",D000838,Formoterol,"포르모테롤","","[M081683]푸마르산포르모테롤/[M088695]푸마르산포르모테롤이수화물/[M095424]포르모테롤푸마레이트이수화물/[M100632]포르모테롤/[M223288]포르모테롤푸마르산염수화물/[M257129]포르모테롤푸마르산염수화물/[M258126]포르모테롤푸마르산염수화물(미분화)","","정제/건조시럽용 과립제/건조시럽제, 산제/시럽","2등급",20200710,"동물실험에서 주산기에 대량(6mg/kg/day 이상) 경구 투여 시 사산수의 증가 보고됨.","","정상"
4824,"임부금기","단일",D000137,Salbutamol,"살부타몰","","[M050744]황산살부타몰/[M088646]황산살부타몰서방성과립/[M223069]살부타몰황산염/[M259051]살부타몰황산염(미분화)","","정제/서방정/서방성필름코팅정/서방성당의정/서방성다층정/서방성장용필름코팅정","2등급",20200710,"임부에 대한 안전성 미확립. 동물실험에서 기형발생이 보고됨.","","정상"
4825,"임부금기","단일",D000759,Isoproterenol,"이소프로테레놀","","[M223175]이소프로테레놀염산염","","용액주사제/용액용분말주사제/용액용동결건조분말주사제/서방성현탁액용분말주사제/현탁액용동결건조분말주사제/서방성현탁액용동결건조분말주사제/리포좀화현탁액용동결건조분말주사제/현탁액주사제","2등급",20200710,"동물실험(마우스, 햄스터)에서 기형발생이 보고됨.","","정상"
4826,"임부금기","단일",D000393,Naloxone,"날록손","","[M222939]날록손염산염/[M246655]날록손염산염이수화물","","용액주사제/용액용분말주사제/용액용동결건조분말주사제/서방성현탁액용분말주사제/서방성현탁액용동결건조분말주사제/리포좀화현탁액용동결건조분말주사제/현탁액주사제","2등급",20200710,"임부에 대한 안전성 미확립.","","정상"
4827,"임부금기","단일",D001348,Pirfenidone,"피르페니돈","","[A001394]피르페니돈/[M255129]피르페니돈","","정제","2등급",20200710,"임부에 대한 안전성 미확립. 동물실험에서 고용량(≥1000mg/kg/day)이 노출된 랫트에서 임신기간 연장과 출생률 저하, 토끼에서 유산 또는 조산이 나타남. 동물시험에서 피르페니돈 및 그 대사체는 태반을 통과하는 것으로 나타남.","","정상"
4828,"임부금기","단일",D000448,Pseudoephedrine,"슈도에페드린","","[M050833]염산슈도에페드린/[M081720]황산슈도에페드린/[M203364]슈도에페드린염산염/[M222865]수도에페드린염산염/[M248579]수도에페드린황산염/[M256034]수도에페드린염산염 과립/[M258826]수도에페드린","","정제/액제","2등급",20200710,"임부에 대한 안전성 미확립.","","정상"
4829,"임부금기","단일",D001344,Streptokinase,"스트렙토키나제","","[A000651]스트렙토키나제/[M050842]스트렙토키나제","","용액용분말주사제/용액용동결건조분말주사제/용액주사제/서방성현탁액용분말주사제/현탁액용동결건조분말주사제/서방성현탁액용동결건조분말주사제/리포좀화현탁액용동결건조분말주사제/현탁액주사제","2등급",20200710,"임신 초기 18주간은 출혈로 인상 유산 위험이 있음.","","정상"
4830,"임부금기","단일",D001261,Alteplase,"알테플라제","","[A000779]알테플라제","","용액용동결건조분말주사제/용액주사제/용액용분말주사제/서방성현탁액용분말주사제/현탁액용동결건조분말주사제/서방성현탁액용동결건조분말주사제/리포좀화현탁액용동결건조분말주사제/현탁액주사제","2등급",20200710,"고용량의 비임상시험에서 추가적인 약리학적 활성으로 미숙태자 및/또는 배자독성 나타남.","","정상"
4831,"임부금기","단일",D001347,Tenecteplase,"테넥테플라제","","[A001162]테넥테플라제/[M098520]테넥테플라제","","용액용동결건조분말주사제/용액주사제/용액용분말주사제/서방성현탁액용분말주사제/현탁액용동결건조분말주사제/서방성현탁액용동결건조분말주사제/리포좀화현탁액용동결건조분말주사제/현탁액주사제","2등급",20200710,"동물실험에서 유산과 태반유실로 인한 것으로 생각되는 질출혈의 위험성이 높았음.","","정상"
4832,"임부금기","단일",D001346,Urokinase,"유로키나제","","[A000916]유로키나제/[M051223]유로키나제","","용액용분말주사제/용액용동결건조분말주사제/용액주사제/서방성현탁액용분말주사제/현탁액용동결건조분말주사제/서방성현탁액용동결건조분말주사제/리포좀화현탁액용동결건조분말주사제/현탁액주사제","2등급",20200710,"섬유소 용해 작용으로 인해 태반초기박리를 일으킬 수 있음.","","정상"
4833,"임부금기","단일",D001343,Argatroban,"아가트로반","","[A000690]아가트로반/[M086769]아가트로반","","용액주사제","2등급",20200710,"임부에 대한 안전성 미확립. 이 약으로 인한 출혈 위험의 증가는 임신 중 치료에 위험을 미칠 것으로 예상됨.","","정상"
4834,"임부금기","단일",D001342,Dopamine,"도파민","","[A000163]도파민","","용액주사제","2등급",20200710,"임부에 대한 안전성 미확립.","","정상"
4835,"임부금기","단일",D001341,Milrinone,"밀리논","","[A000374]밀리논/[M089902]밀리논","","용액주사제","2등급",20200710,"비임상실험에서 태자 및 출생 후 랫트의 동맥관을 용량 의존적으로 확장시키는 것이 증명됨.","","정상"
4836,"임부금기","단일",D000702,Pentoxifylline,"펜톡시필린","","[M051736]펜톡시필린","","서방정/서방성필름코팅정/서방성당의정/서방성다층정/서방성장용필름코팅정/용액주사제","2등급",20200710,"임부에 대한 충분한 사용 경험 없음.","","정상"
4837,"임부금기","단일",D001339,Ibudilast,"이부딜라스트","","[A000939]이부딜라스트/[M102053]이부딜라스트/[M110073]이부딜라스트 과립","","정제/캡슐","2등급",20200710,"동물실험(랫트)에서 신생자의 발육지연 및 생후 4일 생존율저하 보고.","","정상"
4838,"임부금기","단일",D001338,Protirelin,"프로티렐린","","[A001363]프로티렐린/[M081048]프로티렐린","","용액주사제","2등급",20200710,"임부에 대한 안전성 미확립.","","정상"
4839,"임부금기","단일",D001337,"Lanthanum carbonate","탄산란탄","","[M102671]탄산란탄","","정제/산제","2등급",20200710,"동물시험에서 고용량 투여로 생식독성 발생.","","정상"
4840,"임부금기","단일",D001336,Sevelamer,"세벨라머","","[A000548]세벨라머","","정제/산제","2등급",20200710,"임신한 랫트에서 지용성 비타민 D의 흡수 감소로 기관형성기의 태자 골형성 감소, 기관형성기의 임신한 토끼에서 MRHD의 2배 용량에서 초기 흡수의 발생 증가됨.","","정상"
4841,"임부금기","단일",D001330,"Insulin degludec","인슐린데글루덱","","[A001486]인슐린데글루덱/[M259097]인슐린데글루덱","","용액주사제/유화주사제/용액용분말주사제/서방성현탁액용분말주사제/용액용동결건조분말주사제/현탁액용동결건조분말주사제/서방성현탁액용동결건조분말주사제/리포좀화현탁액용동결건조분말주사제/현탁액주사제/서방성현탁액성주사제","2등급",20160129,"임부에 대한 안전성 미확립.","","정상"
4842,"임부금기","단일",D001349,"Insulin glargine","인슐린글라진","","[A001483]인슐린글라진","","용액주사제/유화주사제/용액용분말주사제/서방성현탁액용분말주사제/용액용동결건조분말주사제/현탁액용동결건조분말주사제/서방성현탁액용동결건조분말주사제/리포좀화현탁액용동결건조분말주사제/현탁액주사제/서방성현탁액성주사제","2등급",20160129,"임부에 대한 안전성 미확립.","","정상"
4843,"임부금기","단일",D001350,"Insulin gluisine","인슐린글루리진","","[A001485]인슐린글루리신(유전자재조합)(숙주: E.coli K12 I35, 벡터: pINT 362d)/[M111983]인슐린글루리신(유전자재조합)(숙주: E.coli K12 I35, 벡터: pINT 362d)","","용액주사제/유화주사제/용액용분말주사제/서방성현탁액용분말주사제/용액용동결건조분말주사제/현탁액용동결건조분말주사제/서방성현탁액용동결건조분말주사제/리포좀화현탁액용동결건조분말주사제/현탁액주사제/서방성현탁액성주사제","2등급",20160129,"임부에 대한 안전성 미확립.","","정상"
4844,"임부금기","복합",D001330,"Insulin degludec","인슐린데글루덱","[D001351]Insulin Aspart(인슐린아스파트)","[A001486]인슐린데글루덱/[M259097]인슐린데글루덱/[A001489]인슐린아스파트/[M097114]인슐린아스파트","","용액주사제/유화주사제/용액용분말주사제/서방성현탁액용분말주사제/용액용동결건조분말주사제/현탁액용동결건조분말주사제/서방성현탁액용동결건조분말주사제/리포좀화현탁액용동결건조분말주사제/현탁액주사제/서방성현탁액성주사제","2등급",20160129,"임부에 대한 안전성 미확립.","","정상"
4964,"임부금기","단일",D001283,"Zinc acetate","아세트산아연","","[A000723]아세트산아연","","경질캡슐제, 산제","2등급",20201228,"임부에 투여 시 구리 결핍으로 최기형성 보고외국에서 소두증 및 심장 장애가 각 1례씩 보고됨","단일제에 한함","정상"
4965,"임부금기","단일",D000553,Allopurinol,"알로푸리놀","","[M040387]알로푸리놀","","나정","2등급",20201228,"동물실험에서 기형발생 보고","","정상"
4966,"임부금기","단일",D001378,Deferasirox,"데페라시록스","","[A000150]데페라시록스/[M102737]데페라시록스","","분산정(현탁정)/산제/필름코팅정/나정/경구용현탁액제","2등급",20201228,"임부에 대한 안전성 미확립동물시험에서 모체독성용량 투여 시 일부 생식독성 보임동물실험(랫트)에서 비-철분축적(non-iron-overloaded) 모체에 중증의 독성을 일으키는 고용량을 투여 시 골격변이와 사산 발생빈도 수 증가","","정상"
4967,"임부금기","단일",D001379,Deferoxamine,"데페록사민","","[A000151]데페록사민/[M111276]데페록사민메실산염","","용액용동결건조분말주사제","2등급",20201228,"동물실험(토끼)에서 기형발생(골격기형) 보고","","삭제"
4968,"임부금기","단일",D001380,Dexrazoxane,"덱스라족산","","[A000154]덱스라족산/[M090497]덱스라족산","","용액용동결건조분말주사제","1등급",20201228,"동물실험에서 태자독성, 기형발생 보고환자는 치료 중 임신을 피해야 하며, 치료 중 그리고 치료 종료 후에도 효과적인 피임법 사용에 대해 권고됨","","정상"
4969,"임부금기","단일",D001379,Deferoxamine,"데페록사민","","[A000151]데페록사민/[M111276]데페록사민메실산염","","용액용동결건조분말주사제","2등급",20201228,"동물실험(토끼)에서 기형발생(골격기형) 보고","","정상"
4970,"임부금기","단일",D001381,"Aminobenzoate Potassium","아미노벤조산칼륨","","[A000709]아미노벤조산칼륨/[M113532]아미노벤조산칼륨","","경질캡슐제, 산제/필름코팅정","2등급",20201228,"임부에 대한 안전성 미확립","","정상"
4971,"임부금기","단일",D001284,Cabergoline,"카베르골린","","[A001079]카베르골린","","나정","2등급",20201228,"256명의 임부에서 17명의 선천적 기형이나 임신 중절 발생. 신생아 258명 중 23명에서 총 27건의 주요하고 경미한 기형 발생","","정상"
4972,"임부금기","단일",D001383,Diacerein,"디아세레인","","[A000185]디아세레인/[M082697]디아세레인","","경질캡슐제, 산제/경질캡슐제, 과립제/경질캡슐제, 정제","2등급",20201228,"동물실험에서 태자 골형성 지연 보고","","정상"
4973,"임부금기","단일",D001385,"Barium sulfate","황산바륨","","[A003451]황산바륨/[M040801]황산바륨","","경구용현탁액제/현탁액용산제","2등급",20201228,"방사선 절차는 태아 기형 유발 가능","","정상"
4974,"임부금기","단일",D000760,Iobitridol,"이오비트리돌","","[M086785]이오비트리돌","","용액주사제","2등급",20201228,"태아 갑상선기능저하증 유발 가능방사선 절차는 태아 기형 유발 가능","","정상"
4975,"임부금기","단일",D000032,"Iodised Oil","아이오다이즈드오일","","[M259322]아이오다이즈드오일(양귀비종자 유래 요오드화지방산 에틸에스테르)","","용액주사제","2등급",20201228,"자궁조영난관술은 임부금기일시적이라도 뇌손상이나 영구적인 갑상선기능저하증의 위험이 있으므로 모니터링 필요","","정상"
4976,"임부금기","단일",D000669,Iohexol,"이오헥솔","","[M088960]이오헥솔","","용액주사제","2등급",20201228,"태아 갑상선기능저하증 유발 가능방사선 절차는 태아 기형 유발 가능","","정상"
4977,"임부금기","단일",D000364,Iomeprol,"이오메프롤","","[M088268]이오메프롤","","수액제/용액주사제","2등급",20201228,"태아 갑상선기능저하증 유발 가능방사선 절차는 태아 기형 유발 가능","","정상"
4978,"임부금기","단일",D000267,Iopamidol,"이오파미돌","","[M085529]이오파미돌","","용액주사제","2등급",20201228,"태아 갑상선기능저하증 유발 가능방사선 절차는 태아 기형 유발 가능","","정상"
4979,"임부금기","단일",D000165,Ioversol,"이오베르솔","","[A000953]이오베르솔/[M088691]이오버솔/[M257716]이오베르솔/[M274167]조이오베르솔","","용액주사제","2등급",20201228,"태아 갑상선기능저하증 유발 가능방사선 절차는 태아 기형 유발 가능","","정상"
4980,"임부금기","단일",D000151,Alfacalcidol,"알파칼시돌","","[M081303]알파칼시돌","","연질캡슐제, 액상/나정","2등급",20201228,"과량 복용 시 태아독성 위험(육체적·정신적 발달지체, 대동맥 협착) 가능","","정상"
4981,"임부금기","단일",D000175,Calcifediol,"칼시페디올","","[M088487]칼시페디올","","연질캡슐제, 액상","2등급",20201228,"임부에 대한 안전성 미확립동물실험에서 사람 복용량의 6~12배 투여 시 토끼에서 기형발생 보고","","정상"
4982,"임부금기","단일",D000188,Paricalcitol,"파리칼시톨","","[M095446]파리칼시톨","","용액주사제","2등급",20201228,"임부에 대한 안전성 미확립동물실험에서 인체 투여용량인 0.24μg/kg의 0.5배(체표면적 기준, μg/m²)를 토끼에게, 2배(혈장노출농도 기준)를 랫트에게 매일 투여 시 경미한 태자육성 감소(5%) 보고동물실험에서 20μg/kg씩 매주 3회 투여(체표면적 기준 인체 투여용량 14μg(0.24μg/kg)의 13배) 시 모태에 독성(고칼슘혈증)이 있는 용량에서 랫트 신생아의 사망률 증가 보고","","정상"
4983,"임부금기","단일",D000565,"Potassium Chloride","염화칼륨","","[M040438]염화칼륨","","수액제/서방성필름코팅정/용액주사제","2등급",20201228,"임부에 대한 안전성 미확립","단일제에 한함","정상"
4984,"임부금기","단일",D000029,"Aminocaproic Acid","아미노카프론산","","[M081388]아미노카프론산","","치약/페이스트제","2등급",20201228,"임부에 대한 안전성 미확립","","정상"
4985,"임부금기","단일",D001386,"Efmoroctocog alfa","에프모록토코그알파","","[A002590]에프모록토코그-알파/[M117893]에프모록토코그-알파(혈액응고인자VIII-Fc융합단백, 유전자재조합)/[M277179]에프모록토코그알파(혈액응고인자VIII-Fc융합단백, 유전자재조합)","","용액용동결건조분말주사제","2등급",20201228,"마우스에서 태반 통과잠재적인 이익이 위험을 상회하는 경우에만 투여","","정상"
4986,"임부금기","단일",D001282,Eltrombopag,"엘트롬보팍","","[A000851]엘트롬보팍","","필름코팅정","2등급",20201228,"동물실험에서 모체 독성 용량에서 배자치사와 태자 체중감소의 증거 있음","","정상"
4987,"임부금기","단일",D001387,Romiplostim,"로미플로스팀","","[A000263]로미플로스팀/[M252297]로미플로스팀","","용액용동결건조분말주사제","2등급",20201228,"랫트에서 태반 통과 및 태자 혈소판수 증가와 같은 생식 독성 보고","","정상"
4988,"임부금기","단일",D001388,Lenograstim,"레노그라스팀","","[A000245]레노그라스팀/[M249998]레노그라스팀","","용액용동결건조분말주사제","2등급",20201228,"임부에 대한 안전성 미확립","","정상"
4989,"임부금기","단일",D001389,Pegfilgrastim,"페그필그라스팀","","[A001277]페그필그라스팀/[M254483]페그필그라스팀","","용액주사제","2등급",20201228,"사람에게 투여하는 권장용량(체표면적에 의거)의 4배량을 누적하여 투여된 임신한 토끼에서 배아독성 및 유산증가 보고됨. 이러한 용량에서 모체독성의 징후가 있었음","","정상"
4990,"임부금기","단일",D001390,Lipegfilgrastin,"리페그필그라스팀","","[A000295]리페그필그라스팀/[M262491]리페그필그라스팀","","","2등급",20201228,"동물실험에서 생식독성 보임","","정상"
4991,"임부금기","단일",D001391,Pegteograstim,"페그테오그라스팀","","[A001276]페그테오그라스팀/[M260079]페그테오그라스팀","","용액주사제","2등급",20201228,"임신한 토끼에서 용량 의존적으로 출혈 및 유산 발생률 증가 보고","","정상"
4992,"임부금기","단일",D001392,Tripegfilgrastim,"트리페그필그라스팀","","[A001206]트리페그필그라스팀/[M260078]트리페그필그라스팀","","용액주사제","2등급",20201228,"임부에 대한 안전성 미확립","","정상"
4995,"임부금기","단일",D001393,Ticlopidine,"티클로피딘","","[A001233]티클로피딘","","당의정/필름코팅정","2등급",20201228,"임부에 대한 안전성 미확립랫트에 의한 실험에서 모체에 출혈경향 보고","","정상"
4996,"임부금기","단일",D001394,"Sodium tetradecyl sulfate","테트라데실황산나트륨","","[M110851]농축테트라데실황산나트륨/[M210690]테트라데실황산나트륨","","용액주사제","2등급",20201228,"","","정상"
4997,"임부금기","단일",D001395,"Manganese Chloride","염화망간","","[A000857]염화망간","","용액주사제/수액제","2등급",20201228,"치료상의 유익성이 태아에 대한 위험성을 상회한다고 판단되는 경우에만 투여","","정상"
4998,"임부금기","단일",D001295,"Brentuximab vedotin","브렌툭시맙 베도틴","","[A000469]브렌툭시맙베도틴","","용액용동결건조분말주사제","2등급",20201228,"임부에 대한 안전성 미확립동물실험에서 생식독성 보고","","정상"
4999,"임부금기","단일",D001369,"Dioctahedral smectite","디옥타헤드랄스멕타이트","","[A000193]디옥타헤드랄스멕타이트/[M084602]디옥타헤드랄스멕타이트","","경구용현탁액제","2등급",20201228,"","","정상"
5000,"임부금기","단일",D001364,Letermovir,"레테르모비르","","[A110166]레테르모버/[M272502]레테르모버","","필름코팅정/용액주사제","2등급",20201228,"임부에 대한 안전성 미확립동물실험에서 배태자 독성 및 태자기형 보고랫트의 출생전후 발생시험에서 사람에 대한 권장용량에서의 노출도의 2배에서 총 한배새끼 소실 관찰","","정상"
5001,"임부금기","단일",D001396,Nusinersen,"뉴시너센","","[A001715]뉴시너센나트륨/[M267178]뉴시너센나트륨/[M276394]뉴시너센","","용액주사제","2등급",20201228,"동물실험(SC)에서 발달독성(장기 신경행동장애-운동능력 변화, 학습·기억 결함) 관찰됨","","정상"
5002,"임부금기","단일",D001397,Guselkumab,"구셀쿠맙","","[A110119]구셀쿠맙/[M266258]구셀쿠맙","","용액주사제","2등급",20201228,"임부에 대한 안전성 미확립동물실험에서 태반통과 보고","","정상"
5003,"임부금기","단일",D001398,"Centella asiatica","센텔라아시아티카","","[A000599]센텔라아시아티카","","연고/피부연고제/나정/외용산제","2등급",20201228,"","","정상"
5004,"임부금기","단일",D001399,Durvalumab,"더발루맙","","[A110139]더발루맙/[M268607]더발루맙","","용액주사제","2등급",20201228,"임부에 대한 안전성 미확립태반통과 보고동물실험(원숭이)에서 태자손실(유산 및 사산) 및 신생자 사망 수 증가 보고","","정상"
5005,"임부금기","단일",D001367,Tegoprazan,"테고프라잔","","[A110396]테고프라잔/[M267790]테고프라잔","","필름코팅정","2등급",20201228,"임부에 대한 안전성 미확립랫트 태자에서 짧은 과잉목갈비뼈 증가 보고","","정상"
5006,"임부금기","단일",D001400,"Sucroferric oxyhydroxide","수크로제이철옥시수산화물","","[A002346]수크로제이철옥시수산화물/[M267505]수크로제이철옥시수산화물","","추어블정(저작정)","2등급",20201228,"임부에 대한 안전성 미확립","","정상"
5007,"임부금기","단일",D001401,Florapronol(18F),"플로라프로놀(18F)","","[A003321]플로라프로놀(18F)/[M118076]플로라프로놀(18F) 액","","용액주사제","2등급",20201228,"임부에 대한 안전성 미확립","","정상"
5008,"임부금기","단일",D001402,Adapalene,"아다팔렌","","[A000697]아다팔렌/[M089466]아다팔렌","","피부용겔제/경구용겔제/치과용겔제/직장용겔제/질용겔제","2등급",20201228,"경구 레티노이드는 최기형성과 관련 있음국소 투여 시 피부를 통해 소량 흡수될 가능성 있음랫트와 토끼에 국소 적용한 실험에서 과잉늑골 발생이 미량 증가토끼에서 골화지연 보고","","정상"
5009,"임부금기","단일",D001403,Brivaracetam,"브리바라세탐","","[A110220]브리바라세탐/[M267686]브리바라세탐","","필름코팅정/경구용액제","2등급",20201228,"임부에 대한 안전성 미확립랫트에서 태반이행 보고토끼 모체독성용량에서 배태자 독성 관찰","","정상"
5010,"임부금기","단일",D001404,Galcanezumab,"갈카네주맙","","[A110478]갈카네주맙","","용액주사제","2등급",20201228,"임부에 대한 안전성 미확립","","정상"
5011,"임부금기","단일",D001405,Opicapone,"오피카폰","","[A110482]오피카폰/[M270597]오피카폰","","경질캡슐제, 산제","2등급",20201228,"임부에 대한 안전성 미확립","","정상"
5012,"임부금기","단일",D001406,Ripasudil,"리파스딜","","[A110177]리파스딜/[M268554]리파스딜염산염수화물","","점안용액제/용액용점안분말제/현탁액점안제/점안주사제","2등급",20201228,"임부에 대한 안전성 미확립","","정상"
5013,"임부금기","단일",D001407,"Omidenepag isopropyl","오미데네팍이소프로필","","[A110472]이소프로필오미데네팍/[M269683]오미데네팍이소프로필","","점안용액제/용액용점안분말제/현탁액점안제/점안주사제","2등급",20201228,"임부에 대한 안전성 미확립","","정상"
5014,"임부금기","단일",D001408,Risankizumab,"리산키주맙","","[A110502]리산키주맙/[M265303]리산키주맙","","용액주사제","2등급",20201228,"임부에 대한 안전성 미확립","","정상"
5015,"임부금기","단일",D001409,Benralizumab,"벤라리주맙","","[A110501]벤라리주맙/[M265000]벤라리주맙","","용액주사제","2등급",20201228,"임부에 대한 안전성 미확립태반이행 보고","","정상"
5016,"임부금기","단일",D001410,Vonoprazan,"보노프라잔","","[A110211]보노프라잔/[M269283]보노프라잔푸마르산염","","필름코팅정","2등급",20201228,"임부에 대한 안전성 미확립동물실험(랫트) 시 최대 임상용량(40mg/day)의 약 28배를 초과하는 노출량에서 태자체중 및 태반 중량의 낮은 수치, 외상 이상(항문 협착 및 꼬리의 이상) 및 내장 이상(심실중격결손 및 이상쇄골하동맥) 확인","","정상"
5017,"임부금기","단일",D001411,Lubiprostone,"루비프로스톤","","[A110468]루비프로스톤/[M269621]루비프로스톤","","연질캡슐제, 액상","2등급",20201228,"랫트에 1,000mcg/kg/day 투여 시 착상 부위 및 살아있는 배자 수 감소랫트에 2,000mcg/kg/day 투여 시 조기 재흡수 및 연조직 기형 증가기니피그에 1, 10 및 25mcg/kg/day 반복 투여 시 용량 의존적인 태자소실 유발","","정상"
5018,"임부금기","단일",D001412,Romosozumab,"로모소주맙","","[A110469]로모소주맙/[M269706]로모소주맙","","용액주사제","2등급",20201228,"임부에 대한 안전성 미확립사람에서 관찰된 전신 노출의 최소 30배 이상 노출한 랫트의 생식 및 발생 독성시험에서 인간에게 발견되지 않는 골격 과정인 경추 6번에서의 배쪽돌기 감소 발생률 증가, 합지증 및 다지증을 포함하는 골격계 이상이 새끼 75마리 중 1마리에서 발생","","정상"
5019,"임부금기","단일",D001413,"Inotuzumab ozogamicin","이노투주맙오조가마이신","","[M268719]이노투주맙오조가마이신","","용액용동결건조분말주사제","2등급",20201228,"랫트의 배태자 발생시험에서 최대권장용량의 약 0.4배에서 태자 성장지연, 최대권장용량의 약 2배에서 흡수증가 및 생존 태자체중 감소와 골화지연으로 입증된 태자 성장지연을 포함한 배태자 독성 관찰","","정상"
5020,"임부금기","단일",D001414,Abemaciclib,"아베마시클립","","[A110470]아베마시클립/[M269529]아베마시클립","","필름코팅정","2등급",20201228,"랫트의 배태자 발달시험에서 기관형성 기간에 4mg/kg/day 이상의 용량에서 태자체중 감소, 심혈관계 및 골격기형 및 변화의 발생률 증가","","정상"
5021,"임부금기","복합",D001416,Tipiracil,"티피라실","[D001417]Trifluridine(트리플루리딘)","[A110479]티피라실염산염/[M270421]티피라실염산염/[A001208]트리플루리딘/[M085753]트리플루리딘","","필름코팅정","2등급",20201228,"동물실험(랫트)에서 Trifluridine 용량이 50mg/kg 이상(임상용량의 약 0.33배)에서 태자 체중감소, 150mg/kg(임상용량의 약 0.92배)에서 배아 치사 및 구조적 이상(꼬인 꼬리, 구개 파열, 지결손증, 전신부종, 대혈관 전위 및 골격 기형) 관찰","","정상"
5022,"임부금기","단일",D001415,Olaparib,"올라파립","","[A000897]올라파립/[M262546]올라파립","","필름코팅정/경질캡슐제, 산제","2등급",20201228,"랫트 배태자 발달시험에서 유해한 모체 독성을 유도하지 않는 용량 수준에서 배태자 생존 감소, 태자체중 감소 및 태자발달 이상(내장 및 골격이상, 주요 안구 및 척추/늑골 기형 포함) 나타냄","","정상"
5023,"임부금기","단일",D001418,Ribociclib,"리보시클립","","[A110474]리보시클립/[M270078]리보시클립숙신산염","","필름코팅정","2등급",20201228,"동물 생식독성시험에서 랫드(사람노출량의 0.6배)에서 착상 후 유산 발생률 증가와 태자체중 감소, 토끼(사람노출량의 1.5배)에서 태자 기형 발생률 증가","","정상"
5024,"임부금기","복합",D001419,Bictegravir,"빅테그라비르","[D000665]Emtricitabine(엠트리시타빈)/[D001420]Tenofovir alafenamide(테노포비르알라페나미드)","[A110225]빅테그라비르/[M268156]빅테그라비르나트륨/[M250026]엠트리시타빈/[M118368]테노포비르알라페나미드푸마르산염/[M279141]테노포비르알라페나미드숙신산염/[M279170]테노포비르알라페나미드헤미말산염","","필름코팅정","2등급",20201228,"임부에 대한 안전성 미확립","","정상"
5025,"임부금기","단일",D001421,"Baloxavir marboxil","발록사비르 마르복실","","[M268731]발록사비르 마르복실","","필름코팅정","2등급",20201228,"임부에 대한 안전성 미확립토끼에서 1000mg/kg/day 용량은 모체독성을 유발하여 19마리 중 2마리에서 유산을 초래. 골격변이(경추 늑골)가 있는 태자 발생률 증가","","정상"
5026,"임부금기","단일",D001422,Vasopressin,"바소프레신","","[A000378]바소프레신/[M104893]바소프레신","","용액주사제","2등급",20201228,"","","정상"
5027,"임부금기","단일",D001423,Elcatonin,"엘카토닌","","[A000850]엘카토닌/[M085515]엘카토닌","","용액주사제","2등급",20201228,"","","정상"
5028,"임부금기","단일",D000711,"Liothyronine Sodium","리오티로닌나트륨","","[M050370]리오치로닌나트륨/[M222999]리오티로닌나트륨","","나정","2등급",20201228,"","","정상"
5029,"임부금기","단일",D001355,Propiverine,"프로피베린","","[A001368]프로피베린/[M254865]조프로피베린염산염/[M255864]프로피베린염산염","","필름코팅정","2등급",20201228,"","","정상"
5030,"임부금기","단일",D000479,"Clobetasol Propionate","클로베타솔 프로피오네이트","","[M051539]프로피온산클로베타솔/[M223224]클로베타솔프로피오네이트","","피부로션제/연고/피부연고제/피부현탁액제/샴푸/피부크림제/크림","2등급",20201228,"","","정상"
5031,"임부금기","단일",D001309,Desoximetasone,"데속시메타손","","[A000144]데속시메타손","","피부로션제/피부용겔제/피부연고제","2등급",20201228,"","","정상"
5032,"임부금기","단일",D001293,"Clobetasone butyrate","클로베타손 부티레이트","","[A001132]클로베타손","","피부연고제/피부크림제","2등급",20201228,"","","정상"
5033,"임부금기","단일",D001310,Prednicarbate,"프레드니카르베이트","","[A001353]프레드니카르베이트","","피부로션제/피부연고제/피부액제/피부크림제","2등급",20201228,"","","정상"
5034,"임부금기","단일",D001308,Desonide,"데소니드","","[M200279]데소니드","","피부로션제/크림/피부크림제","2등급",20201228,"","","정상"
5035,"임부금기","단일",D000380,Terbinafine,"테르비나핀","","[M085321]염산테르비나핀/[M245869]테르비나핀염산염/[M252342]테르비나핀염산염/[M258362]테르비나핀염산염","","나정/일반액상분무제/포말에어로솔/피부액제/피부용겔제/피부크림제","2등급",20201228,"","","정상"
5036,"임부금기","복합",D000471,"Potassium Iodide","요오드화칼륨","[D000568]Sodium Iodide(131I)(요오드화나트륨(131I))","[M040473]요오드화칼륨/[M225609]요오드화칼륨/유당 혼합물/[M094481]요오드화나트륨(131 I)액/[M201433]요오드화나트륨(131I)/[M222550]방사성요오드화나트륨(131I)액","","점안용액제","2등급",20201228,"","","정상"
5037,"임부금기","단일",D001262,Dimenhydrinate,"디멘히드리네이트","","[A000183]디멘히드리네이트","","나정/추어블정(저작정)/필름코팅정/껌제/경구용액제/액상시럽제","2등급",20201228,"","","정상"
5038,"임부금기","단일",D000078,Granisetron,"그라니세트론","","[M093643]염산그라니세트론/[M245313]그라니세트론/[M246726]그라니세트론염산염/[M254683]그라니세트론염산염","","필름코팅정/용액주사제/서방성경피흡수제/구강붕해정/경피흡수제","2등급",20201228,"","","정상"
5039,"임부금기","단일",D000470,Ondansetron,"온단세트론","","[M086743]염산온단세트론이수화물/[M088519]온단세트론/[M222878]온단세트론염산염수화물/[M257638]온단세트론염산염","","구강붕해정/용액주사제/필름코팅정","2등급",20201228,"","","정상"
5040,"임부금기","단일",D001366,Palonosetron,"팔로노세트론","","[A001262]팔로노세트론/[M246060]팔로노세트론염산염","","용액주사제/경질캡슐제, 정제","2등급",20201228,"","","정상"
5041,"임부금기","복합",D001366,Palonosetron,"팔로노세트론","[D001365]Netupitant(네투피탄트)","[A001262]팔로노세트론/[M246060]팔로노세트론염산염/[A110129]네투피탄트/[M265905]네투피탄트","","경질캡슐제, 정제","1등급",20241011,"- 임부에 대한 안전성 미확립 - 동물실험(토끼)에서 최기형성을 포함한 생식독성이 나타났으며, 안전역이 없었음 - 토끼에서 일일 10mg/kg 이상의 네투피탄트 투여 시 사지 및 발의 위치 기형, 흉골 융착, 폐부엽의 미발달이 관찰되었고, 일일 30mg/kg 투여 시 구개열, 소안구증, 무수정체증을 보임","","정상"
5042,"임부금기","단일",D001300,Bisacodyl,"비사코딜","","[A000477]비사코딜","","항문용좌제, 수용성/항문용좌제, 지용성/항문용좌제, 서방성/장용성필름코팅정/장용성필름코팅당의정/장용성당의정/관장제/당의정/연질캡슐제, 액상/연질캡슐제, 현탁상/장용성캡슐제, 펠렛/장용정/필름코팅정","2등급",20201228,"","","정상"
5043,"임부금기","단일",D000425,Metoclopramide,"메토클로프라미드","","[M050465]메토클로프라미드/[M050466]염산메토클로프라미드/[M223013]메토클로프라미드염산염수화물","","용액주사제/당의정/필름코팅정","2등급",20201228,"","","정상"
5044,"임부금기","단일",D001429,Mepivacaine,"메피바카인","","[A000346]메피바카인/[M223029]메피바카인염산염","","용액주사제/산제","2등급",20201228,"임신 초기 기형발생 및 중기 이후 태아 서맥 발생 가능성","","정상"
5045,"임부금기","단일",D001430,Ropivacaine,"로피바카인","","[A000271]로피바카인/[M264760]로피바카인염산염","","용액주사제","2등급",20201228,"임부에 대한 안전성 미확립","","정상"
5046,"임부금기","단일",D001431,Procaine,"프로카인","","[A001359]프로카인/[M204268]프로카인염산염","","용액주사제","2등급",20201228,"동물 실험에서 부작용 발생. 태아 서맥 발생 가능성","","정상"
5047,"임부금기","단일",D001432,Atracurium,"아트라쿠륨","","[A000755]아트라쿠륨","","용액주사제","2등급",20201228,"동물 실험에서 기형 보고","","정상"
5048,"임부금기","단일",D001433,Cisatracurium,"시스아트라쿠륨","","[A000662]시스아트라쿠륨","","용액주사제","2등급",20201228,"임부에 대한 안전성 미확립","","정상"
5049,"임부금기","단일",D001434,Baclofen,"바클로펜","","[A000390]바클로펜/[M081536]바클로펜","","나정","2등급",20201228,"동물 실험에서 배꼽탈장, 흉골 분화 지연, 소두증 등 기형 발생","","정상"
5050,"임부금기","단일",D001436,Suxamethonium,"숙사메토늄","","[A004415]숙사메토늄/[M110349]숙사메토늄염화물","","","2등급",20201228,"태아에게 호흡저하, 마비 등의 부작용 발생 가능성","","정상"
5051,"임부금기","단일",D000242,Cyclobenzaprine,"시클로벤자프린","","[M246272]시클로벤자프린염산염","","나정/서방성캡슐제, 펠렛","2등급",20201228,"사람과 동물 모두에서 기형 및 부작용 보고","","정상"
5052,"임부금기","단일",D000227,Methocarbamol,"메토카르바몰","","[M050463]메토카르바몰/[M200536]메토카바몰","","나정/용액주사제/필름코팅정","2등급",20201228,"임부에 대한 안전성 미확립. 동물 실험에서 기형 보고","","정상"
5053,"임부금기","단일",D000187,Tizanidine,"티자니딘","","[M083714]염산티자니딘/[M248019]티자니딘염산염","","나정","2등급",20201228,"동물 실험에서 기형 및 독성 보고","","정상"
5054,"임부금기","단일",D001437,Tolperisone,"톨페리손","","[A001185]톨페리손","","용액주사제/당의정","2등급",20201228,"동물 실험에서 부작용 보고","","정상"
5055,"임부금기","단일",D000656,Atropine,"아트로핀","","[M040370]황산아트로핀/[M084258]아트로핀/[M110023]아트로핀황산염/[M223111]아트로핀황산염수화물","","용액주사제/점안용액제","2등급",20201228,"(주사제) 동물 실험에서 기형 발생. 태아에서 빈맥 등 발생 가능성, (점안제) 점안으로도 전신 순환 가능. 동물 실험에서 기형 보고","","정상"
5056,"임부금기","단일",D001438,Tofisopam,"토피소팜","","[A001181]토피소팜/[M085768]토피소팜","","나정","2등급",20201228,"같은 계열의 약물에서 부작용 보고","","정상"
5057,"임부금기","단일",D000044,Oxybutynin,"옥시부티닌","","[M246163]옥시부티닌염산염/[M259129]옥시부티닌","","나정/서방성필름코팅정","2등급",20201228,"동물 실험에서 골격기형, 뇌수종, 소안구증, 심장기형 등 보고","","정상"
5058,"임부금기","단일",D001439,"Magnesium Sulfate","황산마그네슘","","[A001449]황산마그네슘/[M275897]황산마그네슘","","용액주사제/수액제/필름코팅정/체외진단용의약품, 정량용/점안용액제/용액용산제/연질캡슐제, 현탁상/산제/경구용액제","2등급",20201228,"장기간 사용 시(5일 이상) 태아 저칼슘혈증, 골형성 저하, 골절 등 위험성","","정상"
5059,"임부금기","단일",D001354,Trospium,"트로스피움","","[A001192]트로스퓸/[M250033]트로스퓸염화물","","당의정/필름코팅정/복막투석제, 액제","2등급",20201228,"동물 실험에서 태아 독성 보고","","정상"
5060,"임부금기","단일",D001264,"Scopolamine Hydrobromide Hydrate","스코폴라민브롬화수소산염수화물","","[M223081]스코폴라민브롬화수소산염수화물","","경구용액제/경질캡슐제, 산제/나정/산제/추어블정(저작정)/경피흡수제/서방성경피흡수제/전류조절형서방성경피흡수제","2등급",20201228,"태아에 대한 부작용 위험성. 동물 실험에서 기형 보고","","정상"
5061,"임부금기","단일",D001442,Ethanol,"에탄올","","[M089677]에탄올","","피부용겔제/피부액제","2등급",20201228,"태아의 뇌 발달 저해 위험성. 태아 독성 및 기형 위험성","","정상"
5062,"임부금기","단일",D001441,Enviomycin,"엔비오마이신","","[A000841]엔비오마이신","","용액용동결건조분말주사제","2등급",20201228,"임부에 대한 안전성 미확립.신생아에 제8뇌신경장애 가능성","","정상"
5063,"임부금기","단일",D001081,Rifabutin,"리파부틴","","[I003537]리파부틴/[M089091]리파부틴","","경질캡슐제, 산제","2등급",20201228,"임부에 대한 안전성 미확립","","정상"
5064,"임부금기","단일",D001443,Prothionamide,"프로티온아미드","","[A001364]프로티온아미드/[M223313]프로티온아미드","","당의정/필름코팅정","2등급",20201228,"기형아 출산 보고","","정상"
5065,"임부금기","단일",D001444,Clofazimine,"클로파지민","","[A001140]클로파지민/[M081881]클로파지민","","연질캡슐제, 액상/연질캡슐제, 현탁상","2등급",20201228,"임부에 대한 안전성 미확립. 사람 태반을 통과하여 태아에게 피부착색 가능성. 동물실험에서 랫트의 착상수 감소, 태자 체중감소 및 사망률 증가와 마우스의 태자 사망률 증가 및 두개골 골화 지연 나타남","","정상"
5066,"임부금기","단일",D001445,Dapsone,"답손","","[A000137]답손/[M040069]답손","","나정","2등급",20201228,"임부에 대한 안전성 미확립","","정상"
5067,"임부금기","단일",D001420,"Tenofovir alafenamide","테노포비르알라페나미드","","[M118368]테노포비르알라페나미드푸마르산염/[M279141]테노포비르알라페나미드숙신산염/[M279170]테노포비르알라페나미드헤미말산염","","필름코팅정","2등급",20201228,"임부에 대한 안전성 미확립","","정상"
5068,"임부금기","단일",D000172,Zidovudine,"지도부딘","","[M082858]지도부딘","","경질캡슐제, 산제/경질캡슐제, 과립제/용액주사제/필름코팅정","2등급",20201228,"태반 통과함. 이 약을 복용한 산모에게서 태어난 신생아의 혈중농도가 산모와 같다는 보고가 있음","","정상"
5069,"임부금기","단일",D001074,Nevirapine,"네비라핀","","[I002518]네비라핀/[I009520]네비라핀반수화물/[M088529]무수네비라핀/[M094375]반수네비라핀/[M200179]네비라핀/[M200180]네비라핀반수화물","","나정","2등급",20201228,"동물실험에서 50mg/kg/day 투여 시 랫트의 태자 체중감소, 수태능 장애 나타남","","정상"
5070,"임부금기","단일",D000003,Nelfinavir,"넬피나비어","","[M088546]메실산넬피나비어","","산제/필름코팅정","2등급",20201228,"임부에 대한 안전성 미확립","","정상"
5071,"임부금기","단일",D001446,Enfuvirtide,"엔푸버티드","","[A000844]엔푸버티드/[M111630]엔푸버티드","","용액용동결건조분말주사제","2등급",20201228,"임부에 대한 안전성 미확립","","정상"
5072,"임부금기","단일",D001447,Maraviroc,"마라비록","","[A000299]마라비록/[M225920]마라비록","","필름코팅정","2등급",20201228,"임부에 대한 안전성 미확립","","정상"
5073,"임부금기","단일",D001448,Inosiplex,"이노시플렉스","","[A000931]이노시플렉스/[M101156]이노시플렉스","","액상시럽제/나정","2등급",20201228,"임부에 대한 안전성 미확립","","정상"
5074,"임부금기","단일",D001449,Valaciclovir,"발라시클로비르","","[A004369]발라시클로비르/[M276708]발라시클로비르","","필름코팅정","2등급",20201228,"임부에 대한 안전성 미확립. 동물실험에서 활성대사물인 Acyclovir를 과용량(200mg/kg/day) 피하투여 시 랫트의 태자기형 보고","","정상"
5075,"임부금기","단일",D001450,Zanamivir,"자나미비어","","[A001012]자나미비어/[M277344]자나미비어","","정량흡입제, 분말제/정량흡입제, 현탁액제/정량흡입제, 용액제/흡입제, 미분류","2등급",20201228,"임부에 대한 안전성 미확립","","정상"
5076,"임부금기","단일",D001451,Natalizumab,"나탈리주맙","","[A000088]나탈리주맙/[M255905]나탈리주맙","","용액주사제","2등급",20201228,"임신 후기에 투여 시 태아에 일시적인 혈소판 감소증 및 빈혈이 보고. 동물실험에서 생식독성 보고","","정상"
5077,"임부금기","단일",D001452,Flubendazole,"플루벤다졸","","[A001379]플루벤다졸/[M081956]플루벤다졸","","경구용현탁액제/나정/필름코팅정","2등급",20201228,"동물실험에서 태자독성 및 기형발생 보고","","정상"
5078,"임부금기","단일",D001453,Niclosamide,"니클로사미드","","[A000118]니클로사미드/[M113431]니클로사미드","","","2등급",20201228,"","","정상"
5079,"임부금기","단일",D001454,Pyrantel,"피란텔","","[A001389]피란텔","","건조시럽제, 산제/액상시럽제/시럽/나정","2등급",20201228,"임부에 대한 안전성 미확립","","정상"
5080,"임부금기","단일",D001455,"Clostridium Botulinum Toxin Type A","클로스트리디움보톨리눔독소A형","","[A001133]클로스트리디움보툴리눔독소A형/[M096119]클로스트리디움보툴리눔독소A형","","용액용동결건조분말주사제/현탁액용동결건조분말주사제/용액용분말주사제/용액주사제","2등급",20201228,"임부에 대한 안전성 미확립. 동물실험에서 0.125U/kg/day, 2U/kg/day 이상을 bolus투여한 토끼에서 유산 및 모체독성, 태자기형 나타남","","정상"
5081,"임부금기","단일",D000727,Sulfasalazine,"설파살라진","","[M083653]설파살라진","","장용성필름코팅정/장용정/정제/장용성당의정","2등급",20201228,"신경계 장애(무뇌증, 이분척추) 및 엽산부족 가능성. 사람 태반을 통과하여 신생아에 핵황달 또는 고빌리루빈혈증 가능성","","정상"
5082,"임부금기","단일",D001456,Pentamidine,"펜타미딘","","[A001296]펜타미딘","","용액용분말주사제","3등급",20201228,"동물실험에서 유산 및 뼈형성 지연에 근거한 배아독성 보고","","정상"
5083,"임부금기","단일",D001457,Pilocarpine,"필로카르핀","","[A001411]필로카르핀","","필름코팅정/점안용액제/용액용점안분말제/현탁액점안제/점안주사제","2등급",20201228,"(정제) 동물실험에서 태아 독성 및 기형 보고 / (점안제) 자궁 근육 수축을 일으킬 수 있음","","정상"
5084,"임부금기","단일",D001458,Homatropine,"호마트로핀","","[A001443]호마트로핀","","점안용액제/용액용점안분말제/점안주사제/현탁액점안제","2등급",20201228,"임부에 대한 안전성 미확립","","정상"
5085,"임부금기","단일",D000191,Phenylephrine,"페닐레프린","","[M040696]염산페닐에프린/[M222724]페닐레프린염산염/[M225151]페닐에프린염산염","","건조시럽용 과립제/건조시럽제, 산제/경구용액제/경질캡슐제, 산제/경질캡슐제, 과립제/과립제/구강붕해정/구강붕해필름/나정/서방성캡슐제, 펠렛/시럽/액상시럽제/액제/연질캡슐제, 액상/용액주사제/일반액상분무제/점안용액제/좌제/직장용겔제/직장용연고제/직장용크림제/캡슐/피부연고제/필름코팅정","2등급",20201228,"랫트와 토끼에서 용량에 따라 발달지연 및 모체독성, 태아기형, 사망증가 등이 나타남","","정상"
5086,"임부금기","단일",D001459,"Fluocinolone Acetonide","플루오시놀론아세토니드","","[M040741]플루오시놀론아세토니드","","피부크림제/점이액제/서방형이식제, 국소용/경구용액제/서방형이식제, 전신용","2등급",20201228,"(이식정제) 동물실험에서 전신투여 시 저용량에서도 기형유발 작용이 있음/(크림제) 임부에 대한 안전성 미확립/(점이제) 동물실험에서 국소도포로 기형 발생","","정상"
5087,"임부금기","단일",D000995,Fluorometholone,"플루오로메톨론","","[M051832]플루오로메톨론/[M085378]플루오로메토론","","현탁액점안제/점안용액제/안연고제/점안주사제/용액용점안분말제","2등급",20201228,"(점안제) 스테로이드 제제의 최기형성 위험성/(안연고제) 동물실험에서 태아에 바람직하지 못한 효과 발생. 기형발생과 배자독성을 나타내는 물질로 알려져 있음","","정상"
5088,"임부금기","단일",D000902,Ketotifen,"케토티펜","","[M081819]푸마르산케토티펜/[M240837]케토티펜푸마르산염/[M244220]케토티펜푸마르산염","","점안용액제/나정/액상시럽제","2등급",20201228,"임부에 대한 안전성 미확립","","정상"
5089,"임부금기","단일",D000657,Apraclonidine,"아프라클로니딘","","[M259621]아프라클로니딘염산염","","점안용액제","2등급",20201228,"동물실험에서 태아 부작용 발생","","정상"
5090,"임부금기","단일",D001274,Bimatoprost,"비마토프로스트","","[A000476]비마토프로스트","","점안용액제","2등급",20201228,"동물실험에서 유산 발생","","정상"
5091,"임부금기","단일",D001275,Latanoprost,"라타노프로스트","","[M089240]라타노프로스트","","점안용액제","2등급",20201228,"동물실험에서 유산 및 태아 부작용 발생","","정상"
5092,"임부금기","단일",D001460,Brinzolamide,"브린졸라미드","","[A000474]브린졸라미드/[M262199]브린졸라미드","","현탁액점안제/점안용액제","2등급",20201228,"동물실험에서 태아 부작용 발생","","정상"
5093,"임부금기","단일",D001465,Dorzolamide,"도르졸라미드","","[A000159]도르졸라미드","","점안용액제/현탁액점안제","2등급",20201228,"동물 실험에서 체중감소와 골화지연, 척추체 기형 등 발생","","정상"
5094,"임부금기","단일",D001461,Levobunolol,"레보부놀롤","","[A000251]레보부놀롤","","점안용액제","2등급",20201228,"임부에 대한 안전성 미확립. 장기투여 시 신생아에서 베타차단제의 징후 및 증상 관찰","","정상"
5095,"임부금기","단일",D000684,Timolol,"티몰롤","","[M051656]말레인산티몰롤/[M096214]말레인산티몰롤/[M222894]티몰롤말레산염/[M256384]티몰롤말레산염","","점안용액제/현탁액점안제","2등급",20201228,"임부에 대한 안전성 미확립. 장기투여 시 신생아에서 베타차단제의 징후 및 증상 관찰","","정상"
5096,"임부금기","단일",D001462,Verteporfin,"베르테포르핀","","[A000415]베르테포르핀/[M091377]베르테포르핀","","용액용동결건조분말주사제","2등급",20201228,"동물실험에서 무안구증, 소안구증, 파상늑골 등 기형 보고","","정상"
5097,"임부금기","단일",D001463,Omalizumab,"오말리주맙","","[A000876]오말리주맙/[M212439]오말리주맙","","용액용동결건조분말주사제/용액주사제","2등급",20201228,"영장류에서 혈소판의 감소와 관련이 있음. 낮은 연령일수록 감수성 증가","","정상"
5098,"임부금기","단일",D000897,Piprinhydrinate,"피프린히드리네이트","","[M051889]피프린히드리네이트(콜톤)/[M071547]피프린히드리네이트","","나정/용액주사제","2등급",20201228,"동물실험에서 기형 발생","","정상"
5099,"임부금기","단일",D001082,Sirolimus,"시롤리무스","","[I003725]시롤리무스/[M092290]시롤리머스/[M096307]시롤리무스/[M212252]시롤리무스분산용액/[M259798]시롤리무스분산용액/[M269901]시롤리무스","","당의정","2등급",20201228,"동물실험에서 태아독성 보고","","정상"
5100,"임부금기","단일",D001047,"Evening Primrose Oil","월견초종자유(달맞이꽃종자유)","","[I001385]월견초유/[M082480]달맞이꽃종자유/[M092084]월견초유/[M207663]월견초종자유/[M230344]달맞이꽃 종자유/[M233139]조달맞이꽃종자유/[M246622]달맞이꽃오일","","연질캡슐제, 액상","2등급",20201228,"임부에 대한 안전성 미확립","","정상"
5101,"임부금기","단일",D001464,"Peginterferon beta-1a","페그인터페론베타-1a","","[A001271]페그인터페론베타-1A/[M264255]페그인터페론베타-1a","","용액주사제","2등급",20201228,"자연유산 위험 증가 보고","","정상"
5102,"임부금기","단일",D001466,Ciclesonide,"시클레소니드","","[A000667]시클레소니드/[M210532]시클레소니드","","정량계량성 에어로솔/점비액제/흡입제, 미분류/정량흡입제, 분말제/정량흡입제, 현탁액제/정량흡입제, 용액제","2등급",20201228,"스테로이드를 투여받은 모체에서 태어난 영아는 부신저하증이 나타날 수 있음","","정상"
5103,"임부금기","복합",D000673,Cobicistat,"코비시스타트","[D000150]Atazanavir(아타자나비르)","[M256270]코비시스타트이산화규소/[M249264]아타자나비어황산염/[M263079]아타자나비르황산염","","필름코팅정","2등급",20201228,"임신한 여성을 포함한 환자들에게 투여 시 고빌리루빈혈증이 흔하게 발생함","","정상"
5104,"임부금기","복합",D000673,Cobicistat,"코비시스타트","[D000395]Darunavir(다루나비르)","[M256270]코비시스타트이산화규소/[M258751]다루나비르에탄올레이트","","필름코팅정","2등급",20201228,"임신 중 약물노출 감소. 임신기간 중 이 약 투여를 시작하면 안 됨","","정상"
5105,"임부금기","단일",D001467,Dantrolene,"단트롤렌","","[A000133]단트롤렌","","경질캡슐제, 산제","2등급",20201228,"동물 실험에서 골격 기형 보고","","정상"
5109,"임부금기","단일",D000709,Lidocaine,"리도카인","","[M040131]리도카인/[M050364]염산리도카인/[M203064]리도카인염산염일수화물/[M222842]리도카인염산염수화물/[M241764]리도카인염산염","","용액주사제/경구용액제/일반액상분무제/젤리형겔/피부액제/피부연고제/피부용겔제/피부크림제","2등급",20201228,"태아 서맥 또는 빈맥, 호흡 저하 등 발생 가능성","2025-07-14 직장용 반고형제 포함","정상"
5110,"임부금기","단일",D001468,Trientine,"트리엔틴","","[A001202]트리엔틴","","경질캡슐제, 산제","2등급",20201228,"동물실험(랫트)에서 경구 투여 시 출혈 및 부종을 포함하여 흡수율과 기형 증가, 랫트 태아의 체내 구리농도는 감소","","정상"
5111,"임부금기","단일",D001469,"Edetate Calcium Disodium(Calcium EDTA)","에데트산칼슘나트륨","","[A000815]에데트산칼슘나트륨/[M103253]에데트산칼슘나트륨","","용액주사제","2등급",20201228,"임부에 대한 안전성 미확립동물실험(랫트)에서 사람권장용량의 25~40배 투여 시 태아기형의 흔적을 보였으나 음식으로의 아연 동시 섭취에 의해 예방되었음","","정상"
5112,"임부금기","단일",D001470,5-Hydroxytryptophan,"5-히드록시트리프토판","","[A000009]5-히드록시트리프토판/[M111291]5-히드록시트리프토판","","경질캡슐제, 산제","2등급",20201228,-,"","정상"
5113,"임부금기","단일",D001471,"Avocado and Soyabean oil, unsaponifiables","아보카도·대두불검화물","","[A004431]아보카도·대두/[M110436]아보카도·대두불검화물 엑스","","경질캡슐제, 산제","2등급",20201228,"동물에서의 기형발생과 관련된 자료 및 임신 중에 복용 시 태아독성 또는 기형유발의 가능성을 평가하기 위한 충분한 정보 없음","","정상"
5114,"임부금기","단일",D001472,Gadoteridol,"가도테리돌","","[A000033]가도테리돌/[M252334]가도테리돌","","용액주사제","1등급",20201228,"동물실험에서 유산 및 조산 발생 빈도 증가임상연구에서 사산 및 신생아 사망 빈도 증가가돌리늄 유발 신성전신섬유증에 대한 위험 있음","","정상"
5115,"임부금기","단일",D000831,Iodixanol,"이오딕사놀","","[M089870]요오딕사놀/[M201123]아이오딕사놀/[M222881]이오딕산올","","","2등급",20201228,"태아 갑상선기능저하증 유발 가능방사선 절차는 태아 기형 유발 가능","","정상"
5116,"임부금기","단일",D001473,"Ioxitalamic acid","이옥시탈라민산","","[A000955]이옥시탈라민산/[M085562]이옥시탈라민산","","용액주사제","2등급",20201228,"태아 갑상선기능저하증 유발 가능방사선 절차는 태아 기형 유발 가능","","정상"
5117,"임부금기","단일",D001474,Heparin,"헤파린","","[A001431]헤파린","","피부용겔제/피부액제/피부크림제","2등급",20201228,"임부에 대한 안전성 미확립자궁과 태반의 출혈위험 때문에 출산 시 주의 필요경막 외 마취 시 헤파린투여 중단","","정상"
5118,"임부금기","단일",D001475,Lipegfilgrastim,"리페그필그라스팀","","[A000295]리페그필그라스팀/[M262491]리페그필그라스팀","","용액주사제","2등급",20201228,"동물실험에서 생식독성 보임","","정상"
5119,"임부금기","단일",D001328,"Ertugliflozin L-Pyroglutamic Acid","에르투글리플로진 L-피로글루탐산","","[A110293]에르투글리플로진L-피로글루탐산/[M268102]에르투글리플로진L-피로글루탐산/[M272715]미분화에르투글리플로진L-피로글루탐산","","필름코팅정","2등급",20201228,"임부에 대한 안전성 미확립랫트의 모체독성용량에서 태자 생존율 감소와 장관기형 발생률 증가 보고랫트에서 신장 중량증가, 신우와 세뇨관의 이완, 신장 무기질 침작이 관찰됨","","정상"
5120,"임부금기","단일",D001424,Fenticonazole,"펜티코나졸","","[A001302]펜티코나졸/[M222900]펜티코나졸질산염","","질연질캡슐제","2등급",20201228,"","","정상"
5121,"임부금기","단일",D001476,Solifenacin,"솔리페나신","","[A000618]솔리페나신","","필름코팅정","2등급",20201228,"","","정상"
5122,"임부금기","단일",D001425,"Dimethyl Sulfoxide","디메틸설폭시드","","[A000180]디메틸설폭시드/[M202913]다이메틸설폭사이드/[M214485]디메틸설폭시드","","피부액제","2등급",20201228,"","","정상"
5123,"임부금기","단일",D001477,"Silver Sulfadiazine","설파디아진은","","[A004574]설파디아진은/[M050775]설파디아진은","","피부크림제/질용크림제/구강용크림제/직장용크림제","2등급",20201228,"","","정상"
5124,"임부금기","단일",D001478,"Mafenide acetate","마페니드아세테이트","","[M200462]마페니드아세테이트","","피부크림제/외용산제/크림/질용크림제/구강용크림제/직장용크림제","2등급",20201228,"","","정상"
5125,"임부금기","단일",D001479,"Diflucortolone valerate","디플루코르톨론발레레이트","","[M222838]디플루코르톨론발레레이트","","피부로션제/연고/피부연고제/구강용연고제/비강연고/직장용연고제/안연고제/피부로션제/크림/피부크림제/질용크림제/구강용크림제/직장용크림제","2등급",20201228,"","","정상"
5126,"임부금기","단일",D001480,Fluocinonide,"플루오시노니드","","[A001382]플루오시노니드/[M071592]플루오시노니드","","피부용겔제/피부크림제/피부액제/겔/크림","2등급",20201228,"","","정상"
5127,"임부금기","단일",D001481,Halcinonide,"할시노니드","","[A001414]할시노니드/[M051905]할시노니드","","연고/크림/피부연고제/피부크림제","2등급",20201228,"","","정상"
5128,"임부금기","단일",D001482,"Diflorasone diacetate","디플로라손디아세테이트","","[A000210]디플로라손/[M256746]디플로라손아세테이트","","피부크림제/크림","2등급",20201228,"","","정상"
5129,"임부금기","단일",D001483,Crotamiton,"크로타미톤","","[A001117]크로타미톤/[M051499]크로타미톤","","연고/피부연고제","2등급",20201228,"","","정상"
5130,"임부금기","단일",D001484,Tioconazole,"티오코나졸","","[A001227]티오코나졸/[M081066]티오코나졸","","크림/피부크림제","2등급",20201228,"","","정상"
5131,"임부금기","단일",D001485,"Cadexomer·Iodine","카덱소머·요오드","","[A001065]카덱소머·요오드/[M112482]카덱소머·요오드","","연고/피부연고제","2등급",20201228,"","","정상"
5132,"임부금기","단일",D001486,Difluprednate,"디플루프레드네이트","","[A000212]디플루프레드네이트/[M070601]디플루프레드네이트","","크림/피부크림제","2등급",20201228,"","","정상"
5133,"임부금기","단일",D001487,Irsogladine,"이르소글라딘","","[A000934]이르소글라딘","","나정/구강붕해정","2등급",20201228,"","","정상"
5134,"임부금기","단일",D001488,Lafutidine,"라푸티딘","","[A000231]라푸티딘/[M255655]라푸티딘","","필름코팅정","2등급",20201228,"","","정상"
5135,"임부금기","단일",D001489,Nizatidine,"니자티딘","","[A000113]니자티딘/[M261381]니자티딘","","필름코팅정/경질캡슐제, 산제","2등급",20201228,"","","정상"
5136,"임부금기","단일",D001490,Roxatidine,"록사티딘","","[A000272]록사티딘","","서방성캡슐제, 펠렛/경질캡슐제, 과립제","2등급",20201228,"","","정상"
5137,"임부금기","복합",D001491,"Magnesium Carbonate","탄산마그네슘","[D000979]Citric acid(시트르산)","[A001155]탄산마그네슘/[M040629]탄산마그네슘/[M096666]시트르산/[M223090]시트르산수화물","","경구용액제","2등급",20201228,"","","정상"
5138,"임부금기","단일",D001492,Aprepitant,"아프레피탄트","","[A000756]아프레피탄트/[M211076]아프레피탄트","","젤라틴코팅성경질캡슐제","2등급",20201228,"","","정상"
5139,"임부금기","단일",D001493,Fosaprepitant,"포스아프레피탄트","","[A001315]포스아프레피탄트","","용액용동결건조분말주사제","2등급",20201228,"","","정상"
5140,"임부금기","단일",D001494,Ramosetron,"라모세트론","","[A000224]라모세트론","","구강붕해정/용액주사제/필름코팅정","2등급",20201228,"","","정상"
5141,"임부금기","복합",D001495,"Chenodeoxycholic Acid","케노데옥시콜산","[D001499]Ursodeoxycholic Acid(우르소데옥시콜산)","[A110372]케노데옥시콜산/[M255183]케노데옥시콜산/[A000910]우르소데옥시콜산/[M223167]우르소데옥시콜산","","경질캡슐제, 산제/경질캡슐제, 정제/연질캡슐제, 현탁상/나정/필름코팅정/다층정/장용성당의정/경구용액제/환제/장용정/경질캡슐제, 과립제/산제/연질캡슐제, 액상/장용성캡슐제, 펠렛/젤라틴코팅성경질캡슐제/치약/캡슐","1등급",20201228,"","","정상"
5142,"임부금기","단일",D001496,Loperamide,"로페라미드","","[A000269]로페라미드","","경질캡슐제, 산제/구강붕해필름/연질캡슐제, 액상/추어블정(저작정)","2등급",20201228,"","","정상"
5143,"임부금기","단일",D001497,Berberine,"베르베린","","[A000414]베르베린/[M276738]베르베린","","액상시럽제/경질캡슐제, 산제/경질캡슐제, 과립제/필름코팅정/환제","1등급",20201228,"","","정상"
5144,"임부금기","단일",D001500,"Sodium Picosulfate","피코설페이트나트륨","","[A001401]피코설페이트나트륨/[M202028]피코설페이트나트륨","","용액용산제/경구용액제/산제/경질캡슐제, 산제/당의정","2등급",20201228,"","","정상"
5145,"임부금기","단일",D001501,Agiolax,"아기오락스","","[M113324]아기오락스 원료과립","","과립제","2등급",20201228,"","","정상"
5146,"임부금기","단일",D001502,Docusate,"도큐세이트","","[A000161]도큐세이트","","장용성필름코팅정/관장제/장용정/장용성당의정/필름코팅정/당의정/장용성캡슐제, 펠렛/연질캡슐제, 현탁상/연질캡슐제, 액상","2등급",20201228,"","","정상"
5147,"임부금기","단일",D001503,Glycerin,"글리세린","","[A000075]글리세린/[M040043]글리세린","","관장제/경피흡수제/서방성경피흡수제/설하정/수액제/액상시럽제/용액주사제/일반액상분무제/점안용액제/직장용크림제/피부크림제","2등급",20201228,"","","정상"
5148,"임부금기","단일",D001504,"Liquid Paraffin","유동파라핀","","[M244785]유동파라핀","","안연고제/직장용연고제","2등급",20201228,"","","정상"
5149,"임부금기","단일",D001505,Pinaverium,"피나베륨","","[A001385]피나베륨","","필름코팅정/나정","2등급",20201228,"","","정상"
5150,"임부금기","단일",D001506,Mebeverine,"메베베린","","[A000315]메베베린","","당의정","2등급",20201228,"","","정상"
5151,"임부금기","단일",D001507,Balsalazide,"발살라지드","","[A000396]발살라지드","","경질캡슐제, 산제","2등급",20201228,"","","정상"
5152,"임부금기","단일",D001508,"Sodium phenylbutyrate","페닐부틸산나트륨","","[A001284]페닐부틸산나트륨/[M102326]페닐부틸산나트륨","","나정/과립제/산제","2등급",20201228,"","","정상"
5153,"임부금기","단일",D001509,Clevudine,"클레부딘","","[A001123]클레부딘/[M207075]클레부딘","","경질캡슐제, 산제","2등급",20201228,"","","정상"
5154,"임부금기","복합",D001498,"Bismuth Subsalicylate","비스무트차살리실산염","[D001511]Calcium Carbonate p.p.t.(침강탄산칼슘)","[A000479]비스무트차살리실산염/[M251876]비스무트차살리실산염/[M040634]침강탄산칼슘/[M275023]침강탄산칼슘 과립90%","","경구용현탁액제/환제/필름코팅정/페이스트제/치약/추어블정(저작정)/유핵정/연질캡슐제, 현탁상/산제/당의정/다층정/나정/과립/경구용현탁액제","2등급",20201228,"","","정상"
5155,"임부금기","단일",D001512,"Gadobenate dimeglumine","가도베네이트디메글루민","","[M256662]가도펜테틴산디메글루민","","용액주사제/경구용액제/용액용동결건조분말주사제/연질캡슐제, 액상","1등급",20201228,"","","정상"
5163,"임부금기","단일",D001537,"Factor IX Fc fusion protein recombinant","에프트레노나코그-알파(혈액응고인자IX-Fc융합단백, 유전자재조합)","","[M117710]에프트레노나코그-알파(혈액응고인자IX-Fc융합단백, 유전자재조합)","","용액용동결건조분말주사제","2등급",20201228,"","","정상"
5215,"임부금기","단일",D001538,Remdesivir,"렘데시비르","","[A110573]렘데시비르/[M279177]렘데시비르","","","2등급",20210831,"랫트를 이용한 수태능 및 초기배 발생시험에서 10mg/kg(임상 권장용량의 1.3배) 투여 시 황체 수, 배아의 착상 및 생존 배아의 감소 관찰","","정상"
5226,"임부금기","단일",D001542,D-Mannitol,"D-만니톨","","[M243496]D-만니톨","","수액제","2등급",20211216,"임부에 대한 안전성 미확립","","정상"
5296,"임부금기","단일",D001545,Esketamine,"에스케타민","","[A110559]에스케타민","","점비분말제/점비액제","2등급",20220630,"알케타민과 에스케타민의 이성질체 혼합물인 케타민을 이용한 동물연구에서 발달성 신경독성의 증거가 있었음. 태아에 미칠 수 있는 에스케타민의 잠재적 신경독성 영향을 배제할 수 없음","","정상"
5297,"임부금기","단일",D001557,Loxapine,"록사핀","","[A110490]록사핀","","","2등급",20220630,"임신 후기 동안 항정신병약에 반복적으로 노출된 신생아는 출산에 따른 기간과 정도에서 다양한 추체외로 그리고/또는 금단증상을 포함한 부작용 위험이 있음. 초조, 저긴장증, 고긴장증, 진전, 기면, 호흡억제 또는 영양섭취장애가 보고됨","","정상"
5298,"임부금기","단일",D001546,Armodafinil,"아모다피닐","","[A000703]아모다피닐","","","2등급",20220630,"임신 레지스트리 및 자발보고에서 얻은 제한된 사용경험에 따르면 이 약을 임신 중에 투여했을 때 선천성 기형을 유발하는 것으로 추정됨, 동물시험에서는 생식독성을 보임","","정상"
5299,"임부금기","단일",D001567,Ataluren,"아탈루렌","","[A000751]아탈루렌","","","2등급",20220630,"동물시험에서 임신 모체의 독성을 일으켰던 용량에서만 생식독성이 발생함, 랫드와 토끼에서 배태자 독성시험(예, 조기 재흡수 증가, 착상후 손실, 태자생존 감소)과 성장지연의 징후(골격계 변형증가)등이 모체독성에서 발견됨","","정상"
5300,"임부금기","단일",D001568,Edaravone,"에다라본","","[A000814]에다라본","","","2등급",20220630,"임부에 대한 안전성 미확립","","정상"
5301,"임부금기","단일",D001569,L-arginine-L-aspartate,"엘-아스파르트산-엘-아르기닌","","[M251855]L-아스파르트산-L-아르기닌","","","2등급",20220630,"동물 기형에 대한 자료가 존재함","","정상"
5302,"임부금기","단일",D001570,Tafamidis,"타파미디스","","[M279366]타파미디스","","","2등급",20220630,"동물시험에서 발생독성이 나타남","","정상"
5303,"임부금기","단일",D001547,Canakinumab,"카나키누맙","","[A001064]카나키누맙","","","2등급",20220630,"이 약과 같은 단일클론 항체는 주로 임신 제2분기 및 제3분기에 태반을 능동적으로 통과하여 태아에게서 검출될 수 있음. 제한된 인간 대상 자료에 따르면 탯줄 및 신생아의 혈액에서 이 약의 농도가 검출되었으며, 그 임상적인 영향은 알려지지 않음","","정상"
5304,"임부금기","단일",D001571,"Purified house dust mite allergen extract","집먼지진드기정제추출물","","[M093002]집먼지진드기정제추출물","","","2등급",20220630,"임부에 대한 안전성 미확립","","정상"
5305,"임부금기","단일",D001572,"Gadoterate meglumine","가도테레이트메글루민","","[A001534]가도테레이트메글루민","","","2등급",20220630,"임부에 대한 안전성 미확립","","정상"
5306,"임부금기","단일",D001573,Perflutren,"퍼플루트렌","","[A001270]퍼플루트렌","","","2등급",20220630,"임부에 대한 안전성 미확립","","정상"
5307,"임부금기","단일",D001574,Varenicline,"바레니클린","","[A002020]바레니클린","","","2등급",20220630,"동물 시험에서 생식독성이 나타남","","정상"
5308,"임부금기","단일",D000328,Bedaquiline,"베다퀼린","","[M259110]베다퀼린푸마르산염","","","2등급",20220630,"임부에 대한 안전성 미확립","","정상"
5309,"임부금기","단일",D001548,"Conestat Alpha","코네스타트알파","","[A003009]코네스타트알파","","","2등급",20220630,"토끼에서 태아 심혈관결손의 발생률 증가","","정상"
5310,"임부금기","단일",D001549,"Follitropin delta","폴리트로핀델타","","[M270741]폴리트로핀델타","","","1등급",20220630,"랫드의 수태능 및 초기 배 발생에 부정적 영향을 미침","","정상"
5311,"임부금기","단일",D001559,Foscarnet,"포스카네트","","[A001316]포스카르네트","","","2등급",20220630,"랫트에서 태반 통과 보고","","정상"
5312,"임부금기","단일",D001575,"Human serum albumin","사람혈청알부민","","[M010062]사람혈청알부민","","","2등급",20220630,"임부에 대한 안전성 미확립, 사람 파르보바이러스 B19의 감염 가능성을 부정할 수 없음, 감염된 경우 태아에 장애(유산, 태아 부종, 태아 사망)가 생길 가능성을 부정할 수 없음","","정상"
5313,"임부금기","단일",D001550,Icatibant,"이카티반트","","[A000956]이카티반트","","","2등급",20220630,"랫드에서 분만 지연, 태자 사망, 착상 전 손실이 발생, 토끼에서 조산, 유산, 태자 사망, 착상 전 손실이 발생","","정상"
5314,"임부금기","단일",D001576,Mepolizumab,"메폴리주맙","","[A000344]메폴리주맙","","","2등급",20220630,"임부에 대한 안전성 미확립","","정상"
5315,"임부금기","단일",D001577,Migalastat,"미갈라스타트","","[A001982]미갈라스타트","","","2등급",20220630,"토끼 배태자 독성 연구에서 배아-태아의 사망, 태아의 평균 체중 감소, 지골연화, 미미한 뼈 기형의 발생률 증가","","정상"
5316,"임부금기","단일",D001565,Nitrofurantoin,"니트로푸란토인","","[A001727]니트로푸란토인","","","2등급",20220630,"임부에 대한 안전성 미확립, 임신 기간(임신 38-42주) 및 분만 또는 출산 시 사용해서는 안됨, 태아 및 신생아에서 용혈성 빈혈의 가능성","","정상"
5317,"임부금기","단일",D001073,Riociguat,"리오시구앗","","[M259695]리오시구앗(미분화)","","","1등급",20220630,"랫드에서 심장기형(심실중격결손) 유발, 배자독성(착상후소실증가) 관찰됨. 토끼에서 자연유산, 흡수증가 관찰됨","","정상"
5318,"임부금기","단일",D001561,Defibrotide,"데피브로타이드","","[A000152]데피브로타이드","","","2등급",20220630,"임부에 대한 안전성 미확립, 랫드 및 토끼에서 출혈성 유산의 발생률 증가","","정상"
5319,"임부금기","단일",D001578,"Asfotase alfa","아스포타제알파","","[A000736]아스포타제알파","","","2등급",20220630,"임부에 대한 안전성 미확립, 태반 통과 가능성 있음","","정상"
5320,"임부금기","단일",D001579,"Elosulfase alfa","엘로설파제알파","","[A000846]엘로설파제알파","","","2등급",20220630,"임부에 대한 안전성 미확립","","정상"
5321,"임부금기","단일",D001580,Eliglustat,"엘리글루스타트","","[A000848]엘리글루스타트","","","2등급",20220630,"임부에 대한 안전성 미확립","","정상"
5322,"임부금기","단일",D001581,Sapropterin,"사프롭테린","","[A000504]사프롭테린","","","2등급",20220630,"임부에 대한 안전성 미확립","","정상"
5323,"임부금기","단일",D001582,Alectinib,"알렉티닙","","[A000769]알렉티닙","","","2등급",20220630,"임부에 대한 안전성 미확립, 동물시험에서 인체 투여용량의 약 2.7배 용량 투여 시 배태자독성 및 모체 태자 흡수를 유발","","정상"
5324,"임부금기","단일",D001583,Avelumab,"아벨루맙","","[A110503]아벨루맙","","","2등급",20220630,"임부에 대한 안전성 미확립","","정상"
5325,"임부금기","단일",D001584,Blinatumomab,"블리나투모맙","","[A000475]블리나투모맙","","","2등급",20220630,"임부에 대한 안전성 미확립","","정상"
5326,"임부금기","단일",D001585,Cabozantinib,"카보잔티닙","","[A002982]카보잔티닙","","","2등급",20220630,"임부에 대한 안전성 미확립, 동물 실험에서 배아독성, 태아독성 및 기형유발 영향, 랫드에서 이식 후 손실, 태아 부종, 구개열/구순열, 피부 무형성, 비틀린 또는 미성숙한 꼬리 유발, 토끼에서 태아의 연조직 변화(비장 크기 감소, 중간 폐엽이 작거나 결손) 및 총 기형의 태아 발병 증가","","정상"
5327,"임부금기","단일",D001076,Ceritinib,"세리티닙","","[M261400]세리티닙","","","2등급",20220630,"임부에 대한 안전성 미확립, 랫트와 토끼에서 권장용량보다 낮은 용량에서 태자 골격형성장애 유발","","정상"
5328,"임부금기","단일",D001586,Cobimetinib,"코비메티닙","","[A003013]코비메티닙","","","2등급",20220630,"임부에 대한 안전성 미확립, 랫드에서 배아치사성과 대혈관 및 두 대골의 태아 기형을 유발","","정상"
5329,"임부금기","단일",D001078,Dabrafenib,"다브라페닙","","[M260368]다브라페닙메실산염(미분화)/[M266849]다브라페닙메실산염","","","2등급",20220630,"임부에 대한 안전성 미확립, 비임상 연구에서 생식독성 및 최기형성을 포함한 배태자독성 나타남","","삭제"
5330,"임부금기","단일",D001078,Dabrafenib,"다브라페닙","","[M260368]다브라페닙메실산염(미분화)/[M266849]다브라페닙메실산염","","","2등급",20220630,"임부에 대한 안전성 미확립, 비임상 연구에서 생식독성 및 최기형성을 포함한 배태자독성 나타남","","정상"
5331,"임부금기","단일",D001587,Daratumumab,"다라투무맙","","[A001729]다라투무맙","","","2등급",20220630,"임부에 대한 안전성 미확립","","정상"
5332,"임부금기","단일",D001588,Entrectinib,"엔트렉티닙","","[A110496]엔트렉티닙","","","2등급",20220630,"임부에 대한 안전성 미확립","","정상"
5333,"임부금기","단일",D001589,Gilteritinib,"길테리티닙","","[A110484]길테리티닙푸마르산염","","","2등급",20220630,"임부에 대한 안전성 미확립, 랫드에서 태아 성장을 억제하고 배아-태아 사망 및 최기형성을 초래","","정상"
5334,"임부금기","단일",D001590,Ibrutinib,"이브루티닙","","[A000940]이브루티닙","","","2등급",20220630,"동물실험 결과에 근거하여 임부 복용 시 태아에 위해 가능성 있음","","정상"
5335,"임부금기","단일",D001591,Ipilimumab,"이필리무맙","","[A000962]이필리무맙","","","2등급",20220630,"임부에 대한 안전성 미확립, 사이노몰거스 원숭이에서 임신후기 초반에 이필리무맙 투여군은 유산, 사산, 조산(저체중 동반)을 포함하는 중증 독성 발생률 및 영아사망률이 대조군에 비해 용량 의존적으로 높게 나타남","","정상"
5336,"임부금기","단일",D001592,"Ixazomib citrate","익사조밉시트레이트","","[M117799]익사조밉시트르산염","","","2등급",20220630,"임부에 대한 안전성 미확립, 임신한 랫트 및 토끼에게 권장 용량보다 높은 용량으로 노출 시 배태자 독성 일으킴, 토끼에서 태자 골격 변화 및 비정상(꼬리 척추뼈 융합, 요추 개수, 완전한 과잉 늑골)이 증가, 랫트에서 태자 체중 감소, 태자 생존 감소의 경향 및 착상 후 소실 증가","","정상"
5337,"임부금기","단일",D001593,Larotrectinib,"라로트렉티닙","","[A110536]라로트렉티닙","","","2등급",20220630,"임부에 대한 안전성 미확립","","정상"
5338,"임부금기","단일",D001594,Midostaurin,"미도스타우린","","[A110202]미도스타우린","","","2등급",20220630,"임부에 대한 안전성 미확립, 랫드와 토끼에서 태자 독성 유발, 랫드와 토끼를 대상으로 한 태자 발달 연구에서 만기 재흡수 수의 증가, 태자 중량 감소 그리고 골격 골화 감소가 관찰됨. 출생 전, 후 발생 시험에서 모체성 난산 및 감소된 산자수, 새끼의 저체중, 완벽한 개안 촉진, 늦은 청각반사 개체(delayed auricular startle ontogeny)가 관찰","","정상"
5339,"임부금기","단일",D001595,Niraparib,"니라파립","","[A110491]니라파립","","","2등급",20220630,"최기형성 및/또는 배아-태아 사망을 발생시킬 수 있음","","정상"
5340,"임부금기","단일",D001596,Obinutuzumab,"오비누투주맙","","[A000878]오비누투주맙","","","2등급",20220630,"임부에 대한 안전성 미확립, 사이노몰거스 원숭이에서 출생자의 B 림프구는 완전히 고갈되는 현상을 보임. 그러나 출생 6개월 이내에 B 세포수 및 면역기능은 정상적으로 회복 됨","","정상"
5341,"임부금기","단일",D001597,Pomalidomide,"포말리도마이드","","[A001313]포말리도마이드","","","1등급",20220630,"기형 유발이 예상됨, 구조적으로 탈리도마이드와 관련성이 있음. 탈리도마이드는 인간에게 중증의 치명적인 선천적 기형을 초래하는 기형 유발 물질로 알려져 있음. 쥐와 토끼 모두에서 발생독성 확인","","정상"
5342,"임부금기","단일",D001598,Ponatinib,"포나티닙","","[A003172]포나티닙","","","2등급",20220630,"기관형성기에 임신한 랫드 대상 배태자 발달에 대한 영향 연구 결과 배태자 독성 관찰됨. 모체 독성 용량 3mg/kg/일(사람 권장용량에서 AUC와 동등)에서 태아 흡수 증가, 체중 감소, 외형 변화, 여러 연조직 및 골격 변화, 골화 감소, 1mg/kg/일(사람 권장 용량에서 AUC의 약 24%)에서도 여러 태아 연조직 및 골화 감소를 포함한 골격 변화 등 배태자 독성 관찰 나타남","","정상"
5343,"임부금기","단일",D001599,Siltuximab,"실툭시맙","","[A000687]실툭시맙(단클론항체, 유전자재조합)","","","2등급",20220630,"임부에 대한 안전성 미확립","","정상"
5344,"임부금기","단일",D001600,Trametinib,"트라메티닙","","[A001188]트라메티닙","","","2등급",20220630,"임부에 대한 안전성 미확립, 사람 최대 권장용량 2mg/일의 약 0.3배 및 1.8배 농도에 노출된 랫드에서 태자 체중 감소와 착상 후 소실 증가 관찰됨, 사람 최대 권장용량 2mg/일의 0.09배 및 0.3배 농도에 노출된 토끼에서 태자 체중 감소 및 골형성 변이 발생률, 착상 후 소실 증가 관찰됨","","정상"
5345,"임부금기","단일",D001601,Fluoroestradiol(18F),"플루오로에스트라디올(18F)","","[M270509]플루오로에스트라디올 (18F) 액","","","2등급",20220630,"임부에 대한 안전성 미확립","","정상"
5346,"임부금기","단일",D001602,"Lutetium(177Lu) oxodotreotide","루테튬(177Lu)옥소도트레오타이드","","[A110568]루테튬옥소도트레오타이드","","","1등급",20220630,"임부에 대한 안전성 미확립, 방사선 의약품은 태아 손상을 유발할 가능성 있음","","정상"
5347,"임부금기","단일",D001603,"Eslicarbazepine acetate","에슬리카르바제핀아세테이트","","[M279911]에슬리카르바제핀아세테이트(미분화)","","","2등급",20220630,"","","정상"
5348,"임부금기","단일",D001551,Mirogabalin,"미로가발린","","[A110473]미로가발린","","","2등급",20220630,"동물 시험에서 수태능 장애가 관찰됨","","정상"
5349,"임부금기","단일",D001604,Safinamide,"사피나미드","","[A110561]사피나미드","","","2등급",20220630,"임신한 랫트에서 기관형성 기간에 이 약의 투여는 이소성 고환, 비뇨기적 변화 (세뇨관 확장 및 신우 확장) 및 태아의 골격 이상을 유발함","","정상"
5350,"임부금기","단일",D001605,Upadacitinib,"유파다시티닙","","[A110560]유파다시티닙","","","2등급",20220630,"동물 시험에 의하면, 이 약은 발달 중인 태아에게 영향을 미칠 잠재성이 있음","","정상"
5351,"임부금기","단일",D001562,Ranolazine,"라놀라진","","[A110483]라놀라진","","","2등급",20220630,"동물 연구에서 배·태자 독성을 보임","","정상"
5352,"임부금기","단일",D001552,Burosumab,"부로수맙","","[A110581]부로수맙","","","2등급",20220630,"원숭이를 이용한 생식 및 발달 독성 연구 결과, 임상 최대 노출 용량의 3.7 배에 해당하는 용량에서 조기 분만율의 증가, 임상 최대 노출 용량의 32배에 해당하는 용량에서 태반의 무게와 미네랄 축적의 증가, 유산율 및 배태아 사망률의 증가가 확인됨","","정상"
5353,"임부금기","단일",D001606,Brigatinib,"브리가티닙","","[A110219]브리가티닙","","","2등급",20220630,"임부에게 투여 시 태아 손상을 발생시킬 수 있음. 동물에 대한 시험에서 생식 독성이 확인됨","","정상"
5354,"임부금기","단일",D001607,Dacomitinib,"다코미티닙","","[A110480]다코미티닙수화물","","","2등급",20220630,"동물시험에서 생식독성에 제한적인 영향을 보임(랫드와 토끼에서 모체 체중증가량과 음식섭취량 감소, 랫드에서만 태자 체중감소 및 높은 중족골 골화부전 발생률). 이 약의 작용기전에 근거하면, 이 약은 임부에 투여시 태아에게 위해할 수 있음","","정상"
5355,"임부금기","단일",D001608,Talazoparib,"탈라조파립","","[A110574]탈라조파립","","","2등급",20220630,"동물시험에서 배태자 독성을 보임. 이 약을 임부에게 투여할 경우 태아에 위해할 수 있음","","정상"
5356,"임부금기","단일",D001609,Venetoclax,"베네토클락스","","[A110514]베네토클락스","","","2등급",20220630,"동물시험에서 배아-태아 독성이 나타남. 이 약은 임부에 투여 시 태아에 유해할 수 있음","","정상"
5357,"임부금기","단일",D001610,Brolucizumab,"브롤루시주맙","","[A110562]브롤루시주맙","","","2등급",20220630,"VEGF 억제는 난포 발달, 황체 기능 및 출산력에 영향을 미치는 것으로 나타남. VEGF 억제제의 작용 기전을 고려했을 때, 여성의 생식 및 배아-태아 발달에 대한 잠재적 위험성이 존재함","","정상"
5358,"임부금기","단일",D001611,Vedolizumab,"베돌리주맙","","[A000411]베돌리주맙","","","2등급",20220630,"임부에 대한 안전성 미확립","","정상"
5359,"임부금기","단일",D001612,Isavuconazonium,"이사부코나조늄","","[M268759]이사부코나조늄황산염","","","2등급",20220630,"동물 시험에서 생식독성이 관찰됨","","정상"
5360,"임부금기","단일",D001613,Ravulizumab,"라불리주맙","","[A110538]라불리주맙","","","2등급",20220630,"인간 IgG는 인간의 태반 장벽을 통과하는 것으로 알려져 있으며, 따라서 이 약은 태아 순환에서 잠재적으로 말단 보체 억제를 유발할 수 있음","","정상"
5966,"임부금기","단일",D001726,"Manganese Sulfate","황산망간","","[A001450]황산망간","","용액주사제","2등급",20230705,"임부에 대한 안전성 미확립","주사제에 한함","정상"
5967,"임부금기","복합",D001727,amidotrizoate,"아미도트리조산","[D001728]meglumine(메글루민)/[D001729]sodium hydroxide(수산화나트륨)","[A000711]아미도트리조산/[M040141]메글루민/[A000632]수산화나트륨","","경구용액제","2등급",20230705,"- 임부에 대한 안전성 미확립. - 임신 기간 동안 노출된 신생아, 특히 미숙아는 과량의 요오드가 갑상선 기능 저하증을 유발할 수 있으므로 갑상선 기능 모니터링이 권장됨.","","정상"
5968,"임부금기","복합",D001617,D-Sorbitol,"D-소르비톨","[D001503]Glycerin(글리세린)/[D001730]Sodium citrate(시트르산나트륨수화물)","[A000606]소르비톨/[A000075]글리세린/[M040043]글리세린/[A000675]시트르산나트륨","","관장제","2등급",20230705,-,"","정상"
5969,"임부금기","복합",D001731,Iodine,"요오드","[D001732]Isopropanol(이소프로판올)","[M040461]요오드/[A000950]이소프로판올","","피부액제","2등급",20230705,"- 건강한 피부를 통해 요오드가 작은 양이라도 흡수되므로 치료상 유익성과 태아 갑상선기능에 대한 영향의 가능성 비교 검토 필","외용액제 포함","정상"
5970,"임부금기","단일",D001733,Povidone-iodine,"포비돈요오드","","[M244708]포비돈요오드","","피부액제/가글제/약물이포함된거즈/피부연고제/가글제, 용액용정제/일반액상분무제/질세정액/약물이포함된스폰지/일반분말분무제/약물이포함된면봉/질좌제, 일반/경구용액제/피부연고제","2등급",20230705,"- (질용좌제, 외용액제, 연고제, 에어로솔제) 태아나 신생아의 갑상선기능에 영향을 미치거나 갑상선종을 일으킬 수 있음- (가글제) 태아나 신생아의 TSH가 증가하여 일시적인 갑상선기능저하증을 일으킬 수 있음- (구강용 스프레이제) -","질용좌제, 외용액제, 가글제, 구강용 스프레이제, 연고제, 에어로솔제 포함","정상"
5971,"임부금기","복합",D001731,Iodine,"요오드","[D000471]Potassium Iodide(요오드화칼륨)","[M040461]요오드/[M040473]요오드화칼륨/[M225609]요오드화칼륨/유당 혼합물","","경구용액제","2등급",20230705,-,"","정상"
5972,"임부금기","단일",D001734,Remimazolam,"레미마졸람","","[A110594]레미마졸람","","용액용동결건조분말주사제","2등급",20230705,"- 랫트에서 조기 재흡수 증가","","정상"
5973,"임부금기","단일",D001724,Valbenazine,"발베나진","","[A110656]발베나진","","경질캡슐제, 산제","2등급",20230705,"- 동물실험에서 사산 및 출산 후 출생자 사망 증가, 태자 발달 지연(체중 감소 및 골화 지연) 관찰","","정상"
5974,"임부금기","단일",D001649,"Latanoprostene bunod","라타노프로스틴부노드","","[M280415]라타노프로스틴부노드","","점안용액제","2등급",20230705,"- 동물실험에서 유산, 낙태, 태자 손상, 기형 관찰","점안제 포","정상"
5975,"임부금기","단일",D001644,Abrocitinib,"아브로시티닙","","[M281729]아브로시티닙","","필름코팅정","2등급",20230705,"- 동물실험에서 생식독성, 태자의 골격변형, 배태자 치사율 증가, 난산, 체중감소, 출생 후 생존률 감소 관찰","","정상"
5976,"임부금기","단일",D001735,Lanadelumab,"라나델루맙","","[A110588]라나델루맙","","용액주사제","2등급",20230705,"- 임부에 대한 안전성 미확립","","정상"
5977,"임부금기","단일",D001736,Vericiguat,"베리시구앗","","[A110660]베리시구앗","","필름코팅정","1등급",20230705,"- 동물실험에서 유산, 흡수 증가, 심장 및 주요 혈관 기형, 새끼의 체중 증가량 감소, 새끼 치사율 증가 관찰","","정상"
5978,"임부금기","단일",D001648,Fexuprazan,"펙수프라잔","","[A110665]펙수프라잔","","필름코팅정","2등급",20230705,"- 임부에 대한 안전성 미확립","","정상"
5979,"임부금기","단일",D001737,Trifarotene,"트리파로텐","","[A110621]트리파로텐","","피부크림제","2등급",20230705,"- 국소 투여한 레티노이드계 약물의 흡수가 증가될 수 있으므로 임신 중 사용하지 않음. - 동물실험에서 경구투여 시 태자 사망, 외부, 내장 및 골격기형과 같은 생식독성 관찰됨.","크림제 포함","정상"
5980,"임부금기","단일",D001738,Roxadustat,"록사두스타트","","[A110634]록사두스타트","","필름코팅정","1등급",20230705,"- Roxadustat의 콜레스테롤 저하 효과로 임신 후기에 위해성 우려가 있음. - 동물실험에서 태아 체중 감소 및 발달 지연, 태반 무게 증가, 모체 체중 감소, 유산, 심박수 증가 관찰됨.","","정상"
5981,"임부금기","단일",D001701,Acalabrutinib,"아칼라브루티닙","","[A110597]아칼라브루티닙","","경질캡슐제, 산제/필름코팅정","2등급",20230705,"- 동물실험에서 난산, 태아 체중 감소 및 골화 지연 관찰됨.","","정상"
5982,"임부금기","단일",D001704,Alpelisib,"알펠리십","","[A110623]알펠리십/[M280473]알펠리십","","필름코팅정","2등급",20230705,"- 동물실험에서 배태자 사망, 태자 체중 감소 및 기형 증가 관찰됨.","","정상"
5983,"임부금기","단일",D001694,Lazertinib,"레이저티닙","","[M280186]레이저티닙메실산염일수화물","","필름코팅정","2등급",20230705,"- 랫트에서 태자 착상 후 손실 증가 및 중량 감소 관찰됨.","","정상"
5984,"임부금기","단일",D001699,Neratinib,"네라티닙","","[A110653]네라티닙","","필름코팅정","2등급",20230705,"-토끼에서 유산, 배태자 사망(흡수 증가), 태자 이상 관찰됨","","정상"
5985,"임부금기","단일",D001739,Tisagenlecleucel,"티사젠렉류셀","","[A110599]티사젠렉류셀","","현탁액주사제","2등급",20230705,"- 임부에 대한 안전성 미확립","","정상"
5986,"임부금기","단일",D001740,Fluciclovine(18F),"플루시클로빈(18F)액","","[A110650]플루시클로빈","","용액주사제","1등급",20230705,"- 임부에 대한 안전성 미확립","","정상"
5987,"임부금기","단일",D001741,Fremanezumab,"프레마네주맙","","[A110635]프레마네주맙","","용액주사제","2등급",20230705,"- 임부에 대한 안전성 미확립","","정상"
5988,"임부금기","단일",D001742,Eflapegrastim,"에플라페그라스팀","","[A110605]에플라페그라스팀","","용액주사제","2등급",20230705,"- 임부에 대한 안전성 미확립. - 토끼에서 태자독성 관찰됨.","","정상"
6091,"임부금기","단일",D001746,Lasmiditan,"라스미디탄","","[A110834]라스미디탄헤미","","필름코팅정","2등급",20240625,"-임부에 대한 안전성 미확립. - 동물실험에서 기형(골격 및 내장), 골격 변화 증가, 배태자 사망률 증가, 태자 체중 감소가 관찰됨","","정상"
6092,"임부금기","단일",D001755,Filgotinib,"필고티닙","","[A110782]필고티닙","","필름코팅정","2등급",20240625,"- 임부에 대한 안전성 미확립- 동물실험에서 내부 수두증, 팽창된 수뇨관,생존 가능 태자 수 감소, 조기 및 후기 흡수횟수 증가, 태아 체중 감소, 폐와 심혈관계내장 기형, 척추뼈, 갈비뼈 및 흉골분절의골격 기형, 흉골분절 융합, 골격 골화 지체가 관찰됨","","정상"
6093,"임부금기","단일",D001743,Finerenone,"피네레논","","[A110831]피네레논","","필름코팅정","2등급",20240625,"- 임부에 대한 안전성 미확립- 동물실험에서 태아 체중 감소, 골화 지연,태반 무게 감소, 내장 및 골격 변이(경미한부종, 짧은 탯줄, 약간 확대된 천문, 귓바퀴풀림 지연), 희귀 기형(중복 대동맥궁)을 포함한 복잡한 기형, 새끼 사망률 증가, 새끼에서 약간 증가된 운동 활동, 초기 배아 독성 징후(착상 후 손실 증가 및 생존 가능한태아 수 감소)가 관찰됨","","정상"
6094,"임부금기","단일",D001756,Vibegron,"비베그론","","[A110833]비베그론","","필름코팅정","2등급",20240625,"- 동물실험(랫드)에서 태아로의 이행이 보고됨","","정상"
6095,"임부금기","단일",D001744,Enarodustat,"에나로두스타트","","[A110889]에나로두스타트","","필름코팅정","1등급",20240625,"- 임부에 대한 안전성 미확립- 동물실험에서 배태자 사망률 증가, 출생자발육 지연이 관찰됨","","정상"
6096,"임부금기","단일",D001757,Luspatercept,"루스파터셉트","","[A110826]루스파터셉트","","용액용동결건조분말주사제","1등급",20240625,"- 임부에 대한 안전성 미확립- 동물실험에서 살아 있는 태자 수 감소, 태자체중 감소, 재흡수 증가, 착상 후 소실 증가, 골격 변이 증가, 갈비뼈 및 척추뼈 기형이 관찰됨","","정상"
6097,"임부금기","단일",D001745,Enavogliflozin,"이나보글리플로진","","[A110902]이나보글리플로진","","서방성다층정/필름코팅정","2등급",20240625,"- 임부에 대한 안전성 미확립- 랫드에서 태아로의 이행이 보고됨","","정상"
6098,"임부금기","단일",D001716,Dostarlimab,"도스탈리맙","","[A110901]도스탈리맙/[M283328]도스탈리맙","","용액주사제","2등급",20240625,"- 임부에 대한 안전성 미확립- 작용기전에 따른 태아 위해 가능성 있음. 동물실험에서 PD-L1 신호전달을 차단하면 태아에 대한 모체의 면역 관용이 저해되어 태아 소실이 증가함. 사람 면역글로불린(IgG4)는 태반 장벽을 통과하므로 이 약이 태아에게 전달될 가능성 있음","","정상"
6099,"임부금기","단일",D001700,Fedratinib,"페드라티닙","","[M282491]페드라티닙염산염수화물(미분화)","","경질캡슐제, 과립제","2등급",20240625,"- 임부에 대한 안전성 미확립- 작용기전에 따른 태아 손상 가능성 있음. 동물실험에서 배태자 사망과 최기형성을 유발한 JAK 저해제군에 속함- 랫드에서 착상 후 손실, 태아 체중 감소, 골격 변이를 포함한 배태자의 독성과 관련됨","","정상"
6100,"임부금기","단일",D001697,Lorlatinib,"롤라티닙","","[M281233]롤라티닙","","필름코팅정","2등급",20240625,"- 임부에 대한 안전성 미확립- 동물실험에서 배아치사성, 태자 체중감소 및기형(사지뒤틀림, 다지증, 위벽파열, 신장기형, 반구형머리, 높은 아치형입천장, 뇌실확장)이 관찰됨","","정상"
6101,"임부금기","단일",D001720,Mogamulizumab,"모가물리주맙","","[A110869]모가물리주맙/[M283074]모가물리주맙","","용액주사제","2등급",20240625,"- 임부에 대한 안전성 미확립- 일반적으로 IgG 분자는 태반 장벽을 횡단하는 것으로 알려져 있으며, 태아 혈장에서 모Mogamulizumab이 검출됨","","정상"
6102,"임부금기","단일",D001713,"Trastuzumab deruxtecan","트라스투주맙 데룩스테칸","","[A110870]트라스투주맙데룩스테칸/[M283075]트라스투주맙데룩스테칸","","용액용동결건조분말주사제","2등급",20240625,"양수과소증(치명적인 폐형성저하증 초래)과 관련있는 태아의 신장 발달 및/또는 기능 장애 보고.","","정상"
6103,"임부금기","단일",D001748,Cabotegravir,"카보테그라비르","","[A110673]카보테그라비르","","현탁액주사제/필름코팅정","2등급",20240625,"- 임부에 대한 안전성 미확립- 랫드에서 자손의 생존율과 생존능력 감소와연관 있는 분만 지연을 유발하고, 태아 체중감소가 관찰됨","","정상"
6104,"임부금기","복합",D001071,Sofosbuvir,"소포스부비르","[D001749]Velpatasvir(벨파타스비르)","[I012701]소포스부비르
/[M260784]소포스부비어/[M262752]소포스부비르/[A110681]벨파타스비르","","필름코팅정","2등급",20240625,"- 임부에 대한 안전성 미확립","","정상"
6105,"임부금기","복합",D001071,Sofosbuvir,"소포스부비르","[D001749]Velpatasvir(벨파타스비르)/[D001750]Voxilaprevir(복실라프레비르)","[I012701]소포스부비르
/[M260784]소포스부비어/[M262752]소포스부비르/[A110681]벨파타스비르/[A110773]복실라프레비르","","필름코팅정","2등급",20240625,"- 임부에 대한 안전성 미확립","","정상"
6106,"임부금기","단일",D001758,"Human Protein C","사람단백질씨","","[A110859]사람단백질씨","","용액용동결건조분말주사제","2등급",20240625,"- 임부에 대한 안전성 미확립","","정상"
6107,"임부금기","단일",D001058,Nifuroxazide,"니푸록사지드","","[I002555]니푸록사지드/[M080689]니푸록사짓/[M200244]니푸록사지드/[M218893]니푸록사자이드","","경질캡슐제, 산제/경질캡슐제, 과립제/경구용현탁액제","2등급",20240625,"- 임부에 대한 안전성 미확립- 잠재적 변이원성을 가지므로 임신 중 권장되지 않음","","정상"
6108,"임부금기","단일",D000694,Desogestrel,"데소게스트렐","","[M083365]데소게스트렐","","필름코팅정/나정","1등급",20240625,"이 약 사용 중 임신 사실을 알게 되거나,임신되면 복용을 바로 중단함.대량 복용 시, 태아의 위험 가능성을 완전히 배제할 수 없음","","정상"
6114,"임부금기","복합",D000138,Celecoxib,"세레콕시브","[D001760]Angelica Gigas Root·Chaenomelis Fructus·Saposhnikovia Root·Dipsaci Radix·Acanthopanax Root Bark·Achyranthes Root·Clematidis Radix·Cinnamon Bark·Gentianae Macrophyllae Radix·Cnidium Rhizome·Gastrodia Rhizome·Safflower(당귀·모과·방풍·속단·오가피·우슬·위령선·육계·진교·천궁·천마·홍화)","[M089149]세레콕시브/[A001739]당귀·모과·방풍·속단·오가피·우슬·위령선·육계·진교·천궁·천마·홍화","","다층정","2등급",20161230,"""임부에 대한 안전성 미확립.동물실험에서 생식독성(기형발생 포함) 보고.임신말기에 투여시 자궁무력증, 태아 동맥관조기폐쇄 가능성.""","","정상"
6115,"임부금기","복합",D000146,Abiraterone,"아비라테론","[D001595]Niraparib(니라파립)","[M262177]아비라테론아세테이트(미분화)/[A110491]니라파립","","필름코팅정","1등급",20161230,"임부에 대한 안전성 미확립.모체의 호르몬 농도변화로 인한 태아발달에 위해 가능성.","","정상"
6116,"임부금기","복합",D000146,Abiraterone,"아비라테론","[D000406]Prednisolone(프레드니솔론)","[M262177]아비라테론아세테이트(미분화)/[M040717]프레드니솔론/[M104040]호박산프레드니솔론나트륨/[M223298]프레드니솔론아세테이트/[M256482]프레드니솔론헤미숙시네이트","","필름코팅정","1등급",20161230,"임부에 대한 안전성 미확립.모체의 호르몬 농도변화로 인한 태아발달에 위해 가능성.","","정상"
6117,"임부금기","복합",D000739,Aceclofenac,"아세클로페낙","[D001762]Eperisone Hydrochloride(에페리손염산염)","[M040359]아세클로페낙/[M232172]에페리손염산염","","필름코팅정","2등급",20161230,"임부에 대한 안전성 미확립.임신 말기에 투여시 태아의 동맥관조기폐쇄 가능성.동물실험에서 비스테로이드성 소염진통제는 난산발생빈도 증가, 분만지연, 태아 생존율 감소 보고.","경구","정상"
6120,"임부금기","복합",D000377,Chlorthalidone,"클로르탈리돈","[D000220]Losartan(로사르탄)","[M040615]클로르탈리돈/[M086307]로자탄칼륨/[M201944]포타슘로사탄/[M248335]로자탄칼륨/[M249673]로사르탄칼륨/[M255575]로사르탄칼륨(로자탄으로서 45.8mg)/[M257973]로사르탄칼슘/[M259810]로자르탄칼륨/[M260076]로사르탄칼륨(로사르탄으로서45.8mg)","","필름코팅정","2등급",20130712,"저혈량증이나 혈액점도 증가, 태반환류 감소 가능성. 티아지드계 이뇨제의 사용은 태아 골수억제와 혈소판감소증 및 태아·신생아 황달과의 관련성 보고.","","정상"
6121,"임부금기","복합",D000377,Chlorthalidone,"클로르탈리돈","[D001168]Azilsartan medoxomil potassium(아질사르탄 메독소밀칼륨)","[M040615]클로르탈리돈/[A000744]아질사르탄메독소밀칼륨","","필름코팅정","2등급",20130712,"저혈량증이나 혈액점도 증가, 태반환류 감소 가능성. 티아지드계 이뇨제의 사용은 태아 골수억제와 혈소판감소증 및 태아·신생아 황달과의 관련성 보고.","","정상"
6139,"임부금기","단일",D001294,Liraglutide,"리라글루티드","","[A005629]리라글루티드","","용액주사제","1등급",20241011,"- 임부에 대한 안전성 미확립- 동물실험에서 생식독성 보고- 동물실험 최고용량에서 초기 배아 사망이 근소하게 증가함. 임신 중기 투여는 모체 체중 및 태자 성장 감소를 초래하고, 랫드 늑골에서의 불분명한 영향 및 토끼에서의 골격 변이가 함께 나타남","비만 및 과체중 환자 체중관리","정상"
6118,"임부금기","복합",D000377,Chlorthalidone,"클로르탈리돈","[D000152]Amlodipine (암로디핀)/[D000220]Losartan(로사르탄)","[M040615]클로르탈리돈/[M083437]베실산암로디핀/[M100608]말레인산암로디핀/[M100610]캄실산암로디핀/[M101934]암로디핀/[M102166]메실산암로디핀일수화물/[M102534]암로디핀오로트산염/[M222875]암로디핀베실산염/[M246033]암로디핀캄실산염/[M250821]암로디핀아디핀산염/[M250983]암로디핀말레산염/[M251079]암로디핀니코틴산염/[M254832]암로디핀메실산염일수화물/[M257408]암로디핀아디프산염/[M086307]로자탄칼륨/[M201944]포타슘로사탄/[M248335]로자탄칼륨/[M249673]로사르탄칼륨/[M255575]로사르탄칼륨(로자탄으로서 45.8mg)/[M257973]로사르탄칼슘/[M259810]로자르탄칼륨/[M260076]로사르탄칼륨(로사르탄으로서45.8mg)","","필름코팅정","2등급",20130712,"저혈량증이나 혈액점도 증가, 태반환류 감소 가능성. 티아지드계 이뇨제의 사용은 태아 골수억제와 혈소판감소증 및 태아·신생아 황달과의 관련성 보고.","","정상"
6119,"임부금기","복합",D000377,Chlorthalidone,"클로르탈리돈","[D000485]Telmisartan(텔미사르탄)/[D000152]Amlodipine (암로디핀)","[M040615]클로르탈리돈/[M090395]텔미사르탄/[M264500]텔미사르탄파우더(23.9%)/[M083437]베실산암로디핀/[M100608]말레인산암로디핀/[M100610]캄실산암로디핀/[M101934]암로디핀/[M102166]메실산암로디핀일수화물/[M102534]암로디핀오로트산염/[M222875]암로디핀베실산염/[M246033]암로디핀캄실산염/[M250821]암로디핀아디핀산염/[M250983]암로디핀말레산염/[M251079]암로디핀니코틴산염/[M254832]암로디핀메실산염일수화물/[M257408]암로디핀아디프산염","","다층정","2등급",20130712,"저혈량증이나 혈액점도 증가, 태반환류 감소 가능성. 티아지드계 이뇨제의 사용은 태아 골수억제와 혈소판감소증 및 태아·신생아 황달과의 관련성 보고.","","정상"
6136,"임부금기","복합",D001747,Fosnetupitant,"포스네투피탄트","[D001366]Palonosetron(팔로노세트론)","[A110896]포스네투피탄트염화물염산염/[A001262]팔로노세트론/[M246060]팔로노세트론염산염","","용액주사제","1등급",20241011,"- 임부에 대한 안전성 미확립- 동물실험(토끼)에서 최기형성을 포함한 생식독성이 나타났으며, 안전역이 없었음- 랫드에서 포스네투피탄트를 매일 정맥 투여 시(항암 화학요법 각 주기에 투여되는 네투피탄트 단회 용량에 대한 사람 AUC의 3배) 치골의 골화가 지연됨. 토끼에서 일일 6mg/kg 이상의 포스네투피탄트를 매일 정맥 투여 시(항암 화학요법 각 주기에 투여되는 네투피탄트 단회 용량에 대한 사람 AUC의 0.4배 및 포스네투피탄트에 대한 사람 AUC의 9배) 재흡수의 증가가 관찰됨","","정상"
6137,"임부금기","단일",D001759,Semaglutide,"세마글루티드","","[A110824]세마글루티드","","용액주사제","1등급",20241011,"- 임부에 대한 안전성 미확립- 동물실험에서 생식독성을 나타냄- 랫드의 배태아 발달 실험에서 배아 독성을 일으킴. 이 약은 현저한 모체 체중 감소 및 배아 생존과 성장 감소를 야기함. 태아의 경우, 장골, 늑골, 척추, 꼬리, 혈관 및 뇌실에 대한 영향을 포함한 주요 골격 및 내장 기형이 관찰됨- 토끼 및 사이노몰거스 원숭이의 발달 독성 실험에서 유산 증가 및 약간의 태아 이상 발생률 증가가 관찰됨- 사이노몰거스 원숭이의 출생 후 성장 및 발달 평가에서 영아는 분만 시 약간 더 작았음","비만 및 과체중 환자 체중관리","정상"
6138,"임부금기","단일",D001759,Semaglutide,"세마글루티드","","[A110824]세마글루티드","","용액주사제/나정","2등급",20241011,"- 임부에 대한 안전성 미확립- 동물실험에서 생식독성을 나타냄- 랫드의 배태아 발달 실험에서 배아 독성을 일으킴. 이 약은 현저한 모체 체중 감소 및 배아 생존과 성장 감소를 야기함. 태아의 경우, 장골, 늑골, 척추, 꼬리, 혈관 및 뇌실에 대한 영향을 포함한 주요 골격 및 내장 기형이 관찰됨- 토끼 및 사이노몰거스 원숭이의 발달 독성 실험에서 유산 증가 및 약간의 태아 이상 발생률 증가가 관찰됨- 사이노몰거스 원숭이의 출생 후 성장 및 발달 평가에서 영아는 분만 시 약간 더 작았음","제2형 당뇨병","정상"
6140,"임부금기","단일",D001294,Liraglutide,"리라글루티드","","[A005629]리라글루티드","","용액주사제","2등급",20241011,"- 임부에 대한 안전성 미확립- 동물실험에서 생식독성 보고 - 암컷 랫드에서 1.0mg/kg/day에서 조기배아사의 증가가 나타남","제2형 당뇨병","정상"
6371,"임부금기","단일",D001786,Atogepant,"아토제판트","","[A110961]아토제판트","","나정","2등급",20250714,"- 임부에 대한 안전성 미확립 - 동물실험 태자 체중 감소, 내부장기 및 골격 변이 등 발생독성 관찰","","정상"
6372,"임부금기","단일",D001763,Lurasidone,"루라시돈","","[A110986]루라시돈","","필름코팅정","2등급",20250714,"- 임부에 대한 안전성 미확립 - 임신 3기 동안 항정신병 약물에 노출된 신생아에서 추체외로 및/또는 금단 증상 보고(초조, 근긴장 항진증, 근긴장 저하증, 진정, 졸림, 호흡 곤란, 섭식 장애 포함)","","정상"
6373,"임부금기","단일",D001787,Netarsudil,"네타르수딜","","[A110915]네타르수딜","","점안용액제","2등급",20250714,"- 임부에 대한 안전성 미확립 - 동물실험에서 생존 태자수 감소 및 착상 후 손실 증가 관찰","점안제 포함","정상"
6374,"임부금기","복합",D001787,Netarsudil,"네타르수딜","[D001275]Latanoprost(라타노프로스트)","[A110915]네타르수딜/[M089240]라타노프로스트","","점안용액제","2등급",20250714,"- 임부에 대한 안전성 미확립 - 동물실험에서 생존 태자수 감소 및 착상 후 손실 증가 관찰","점안제 포함","정상"
6375,"임부금기","단일",D001788,Deucravacitinib,"듀크라바시티닙","","[A110916]듀크라바시티닙","","필름코팅정","2등급",20250714,"- 임부에 대한 안전성 미확립","","정상"
6376,"임부금기","단일",D001783,Ozanimod,"오자니모드","","[A110893]오자니모드","","경질캡슐제, 산제","1등급",20250714,"- 임부에 대한 안전성 미확립 - 동물실험에서 배태자 사망, 비정상/지연 골화, 내장 및 대혈관 이상 등 관찰","","정상"
6377,"임부금기","단일",D001789,Spesolimab,"스페솔리맙","","[A110953]스페솔리맙","","용액주사제","2등급",20250714,"- 임부에 대한 안전성 미확립","","정상"
6378,"임부금기","단일",D001790,Tralokinumab,"트랄로키누맙","","[A110955]트랄로키누맙","","용액주사제","2등급",20250714,"- 임부에 대한 안전성 미확립","","정상"
6379,"임부금기","단일",D001766,Clazosentan,"클라조센탄","","[A110971]클라조센탄이나트륨","","용액주사제","1등급",20250714,"- 임부에 대한 안전성 미확립 - 동물실험에서 배아독성과 최기혈성이 나타남","","정상"
6380,"임부금기","단일",D001791,Tezepelumab,"테제펠루맙","","[A110972]테제펠루맙","","용액주사제","2등급",20250714,"- 임부에 대한 안전성 미확립 - 인간 lgG 항체는 태반 벽을 통과 모체로부터 발달 중인 태아로 전달","","정상"
6381,"임부금기","단일",D001764,Vadadustat,"바다두스타트","","[A110917]바다두스타트","","필름코팅정","1등급",20250714,"- 임부에 대한 안전성 미확립 - 동물실험에서 태자 체중 저하 및 골화부전 관찰","","정상"
6382,"임부금기","단일",D001765,Tirzepatide,"터제파타이드","","[A110941]터제파타이드","","용액주사제","1등급",20250714,"- 임부에 대한 안전성 미확립 - 동물실험에서 생식 독성(태아의 외부, 내장 및 골격기형 발생률 증가, 내장 및 골격 발달 변동 발생률 증가, 체중 감소) 관찰","비만 및 과체중 환자 체중관리","정상"
6383,"임부금기","단일",D001765,Tirzepatide,"터제파타이드","","[A110941]터제파타이드","","용액주사제","2등급",20250714,"- 임부에 대한 안전성 미확립 - 동물실험에서 생식 독성(태아의 외부, 내장 및 골격기형 발생률 증가, 내장 및 골격 발달 변동 발생률 증가, 체중 감소) 관찰","제2형 당뇨병","정상"
6384,"임부금기","단일",D001792,Evocalcet,"에보칼세트","","[A110968]에보칼세트","","필름코팅정","1등급",20250714,"- 동물실험에서 태반 통과, 높은 사산 지수, 낮은 정상 출산 지수 및 태자의 낮은 체중 관찰","","정상"
6385,"임부금기","단일",D001693,Bosutinib,"보수티닙","","[M266097]보수티닙일수화물","","필름코팅정","2등급",20250714,"- 임부에 대한 안전성 미확립 - 동물실험에서 이상 발달 결과(구조적 이상, 배태자 사망 및 성장변화 포함) 관찰","","정상"
6386,"임부금기","단일",D001715,Cemiplimab,"세미플리맙","","[A110885]세미플리맙/[M283153]세미플리맙","","용액주사제","2등급",20250714,"- 임부에 대한 안전성 미확립 - 동물실험에서 PD-1/PD-L1 신호전달 경로 억제가 발생 중인 태아에 대한 면역 -매개 거부 위험을 증가시켜 태아 사망 초래 - 인간 lgG4는 태반 장벽을 통과하여 태아에게 전달 가능성 있음","","정상"
6387,"임부금기","단일",D001793,Tislelizumab,"티슬렐리주맙","","[A110969]티슬렐리주맙","","용액주사제","2등급",20250714,"- 임부에 대한 안전성 미확립 - 동물실험에서 PD-1/PD-L1 신호 전달 차단은 태아에 대한 내성 방해, 태아 손실 증가 유발 - 인간 lgG4는 태반 장벽을 통과하여 태아에게 전달 가능성 있음","","정상"
6388,"임부금기","단일",D001794,Tremelimumab,"트레멜리무맙","","[A110944]트레멜리무맙","","용액주사제","2등급",20250714,"- 임부에 대한 안전성 미확립 - 작용 기전에 따라 임신 유지에 영향을 미칠 가능성이 있으며 임부에게 투여 시 태아에 악영향을 줄 수 있음 - 동물실험에서 CTLA-4 차단은 재흡수 증가 및 태자수를 감소","","정상"
6389,"임부금기","단일",D001784,Tucatinib,"투카티닙","","[A110945]투카티닙","","필름코팅정","2등급",20250714,"- 임부에 대한 안전성 미확립 - 태아 독성 가능성 - 동물실험에서 태자 이상 소견(재흡수 증가, 생존 태자 백분율 감소, 태자의 골격, 장관, 외모 기형, 태자 체중감소, 태자 골화 지연)과 모체 체중 감소가 나타남","","정상"
6390,"임부금기","단일",D001703,Zanubrutinib,"자누브루티닙","","[M281881]자누브루티닙","","경질캡슐제, 산제","2등급",20250714,"- 임부에 대한 안전성 미확립 - 동물실험에서 치명적인 심장 기형, 착상 후 태자소실, 모체독성, 이유전 체중 감소, 이상 안구 소견(백내장, 동출된 눈 등) 관찰","","정상"
6391,"임부금기","단일",D001795,Faricimab,"파리시맙","","[A110914]파리시맙","","용액주사제","2등급",20250714,"- 임부에 대한 안전성 미확립 - 작용기전(VEGF 억제)에 근거하여 최기형성 및 배태자 독성이 있음","","정상"
6392,"임부금기","복합",D001650,Nirmatrelvir,"니르마트렐비르","[D000712]Ritonavir(리토나비르)","[M281904]니르마트렐비르/[M259362]리토나비르","","필름코팅정","2등급",20250714,"- 임부에 대한 안전성 미확립 - 사람에서 Ritonavir의 태반 전달 및 태아 노출 관찰 - 동물실험에서 골화지연, 발달 변이, 태자 체중 감소 관찰","","정상"
6393,"임부금기","단일",D001796,Sutimlimab,"수팀리맙","","[A110950]수팀리맙","","용액주사제","2등급",20250714,"- 임부에 대한 안전성 미확립 - 인간 lgG 항체는 태반 장벽을 통과하여 모체에서 발달 중인 태아로 전파","","정상"
6416,"임부금기","복합",D001098,Noscapine,"노스카핀","[D001520]Thiamine nitrate(티아민질산염)/[D000147]Acetaminophen(아세트아미노펜)/[D001116]Methylephedrine(메틸에페드린)/[D001109]Potassium Guaiacolsulfonate(구아야콜설폰산칼륨)/[D001125]Platycodonis Radix(길경)/[D000981]Cloperastine(클로페라스틴)/[D001101]Riboflavin(리보플라빈)/[D001106]Ascorbic acid(아스코르브산)","[C040059]노스카핀/[C040060]염산노스카핀/[I002629]노스카핀/[I002630]노스카핀캄실레이트/[I002631]노스카핀염산염수화물/[M040059]노스카핀/[M040060]염산노스카핀/[M222947]노스카핀염산염수화물/[M223470]노스카핀염산염수화물/[M245380]노스카핀염산염/[M223262]티아민질산염/[M040353]아세트아미노펜/[M082309]아세트아미노펜제피세립/[M233006]아세트아미노펜 DC 500/600/[M246556]아세트아미노펜 (미분화)/[M262287]아세트아미노펜 과립/[A006116]메틸에페드린/[I006391]dl-메틸에페드린염산염/[M204422]dl-메틸에페드린염산염/[M223022]dl-메틸에페드린염산염 산 10%/[M235519]디엘메틸에페드린염산염/[M240608]dI-메틸에페드린염산염/[M240859]디엘-메틸에페드린염산염/[M252389]㎗-메틸에페드린염산염/[M264046]DL-메틸에페드린염산염/[C050059]구아야콜설폰산칼륨/[I005220]구아야콜설폰산칼륨/[M050059]구아야콜설폰산칼륨/[M251709]구아야콜설폰산칼륨(무수물로서 45밀리그램)/[M263120]구아야콜설폰산칼륨수화물/[C040048]길경/[C070085]길경추출액/[C070086]길경유동엑스/[C082634]길경가루/[C082657]길경건조엑스/[C082674]길경엑스/[C082950]길경건조엑스말/[C083122]길경33ㆍ3%에탄올엑스/[C084557]길경45%에탄올엑스가루/[C084832]길경엑스산/[C086044]길경연조엑스/[C086047]길경근/[C095008]길경30%에탄올연조엑스/[C100979]길경50%에탄올건조엑스(10->1)/[C101406]길경엑스산(10→1)/[C403069]길경추출물/[I006474]길경/[M040048]길경/[M070085]길경추출액/[M070086]길경유동엑스/[M082634]길경가루/[M082657]길경건조엑스/[M082674]길경엑스/[M082950]길경건조엑스말/[M083122]길경33ㆍ3%에탄올엑스/[M084557]길경45%에탄올엑스가루/[M084832]길경엑스산/[M086044]길경연조엑스/[M095008]길경30%에탄올연조엑스/[M100979]길경50%에탄올건조엑스(10->1)/[M101406]길경엑스산(10→1)/[M103013]길경엑스(3ㆍ7→1)/[M103895]길경건조엑스(3.7→1)/[M104031]길경엑스(4→1)/[M104077]길경엑스(10→1)/[M104359]길경건조엑스(10:1)/[M104415]길경33.3%에탄올엑스(4:1)/[M105015]길경45%에탄올엑스가루(10:1)/[M106069]길경33.3%에탄올유동엑스(4→1)/[M200164]길경건조엑스가루/[M200165]길경엑스가루/[M211323]길경건조엑스(10->1)/[M217082]길경엑스산(10 ->1)/[M221344]길경 30% 에탄올 유동엑스(1:1)/[M232676]길경엑스 (3.7→1)/[M238263]길경50%에탄올건조엑스(10→1)/[M242406]길경 유동엑스/[M243217]길경탕연조엑스/[M250128]길경농축엑기스/[M251012]길경33.3%에탄올유동엑스(4-1)/[M258076]길경33.3%에탄올유동엑스(4->1)/[M258823]길경농축엑스/[M261226]길경연조엑스(2.3∼2.8→1)
/[M262500]길경연조엑스(2.3~2.8→1)/[M263491]길경50%에탄올엑스산(10→1)/[M263888]길경연조엑스(1.2~1.4→1)/[M263904]길경30%에탄올유동엑스(1:1)/[M264018]길경엑스산(3.7→1)/[M264375]길경연조엑스(1.8~2.2→1)/[M264641]길경연조엑스(2.6→1)/[M266592]길경연조엑스(2.3~2.9→1)/[M266996]길경연조엑스(2.2∼2.7→1)/[M267307]길경연조엑스(2.1~2.5→1)/[M268063]길경연조엑스(2.3∼2.8→1)/[M268240]길경추출분말/[M051546]염산클로페라스틴/[M051547]펜디조산클로페라스틴/[M222890]클로페라스틴염산염/[C040133]리보플라빈/[C040512]인산리보플라빈나트륨/[C050367]테트라부티르산리보플라빈/[C050368]인산리보플라빈/[C050369]리보플라빈-5-인산나트륨/[C081186]리보플라빈33 1/3%/[C082711]리보플라빈낙산에스텔/[C082719]리보플라빈331/3%산/[C083052]리보플라빈98%DC/[C083101]낙산리보플라빈/[C083163]리보플라빈98%/[C083404]리보플라빈33 1/3%과립/[C084424]염산리보플라빈나트륨/[C085688]직탁용리보플라빈98%/[C089984]리보플라빈인산나트륨/[C090982]리보플라빈산나트륨/[C091022]리보플라빈98%과립/[C091383]리보플라빈25%과립/[C092484]부티르산리보플라빈/[C100456]리보플라빈3배산/[C100480]인산리보플라빈나트륨이수화물/[C101969]리보플라빈E101/[C202525]리보플라빈/[C401176]리보플라빈/[C407713]소듐리보플라빈포스페이트/[C409503]리보플라빈테트라부티레이트/[C422825]리보플라빈/[C422826]리보플라빈테트라부티레이트/[C422827]리보플라빈테트라아세테이트/[C425375]소듐리보플라빈포스페이트/[I003529]리보플라빈/[I003530]리보플라빈포스페이트나트륨/[I006525]리보플라빈부티레이트/[I007430]인산리보플라빈/[I007658]인산리보플라빈나트륨이수화물/[I007907]리보플라빈산나트륨/[M040133]리보플라빈/[M040512]인산리보플라빈나트륨/[M050367]테트라부티르산리보플라빈/[M050368]인산리보플라빈/[M050369]리보플라빈-5-인산나트륨/[M081186]리보플라빈33 1/3%/[M082711]리보플라빈낙산에스텔/[M082719]리보플라빈33 1/3%산/[M083052]리보플라빈98%DC/[M083101]낙산리보플라빈/[M083163]리보플라빈98%/[M083404]리보플라빈33 1/3%과립/[M085688]직탁용리보플라빈98%/[M090982]리보플라빈산나트륨/[M091022]리보플라빈98%과립/[M091383]리보플라빈25%과립/[M092484]부티르산리보플라빈/[M100456]리보플라빈3배산/[M100480]인산리보플라빈나트륨이수화물/[M101969]리보플라빈E101/[M200421]리보플라빈33ㆍ3%/[M200422]리보플라빈33ㆍ3%과립/[M200423]리보플라빈33ㆍ3%산/[M203723]인산리보플라빈소듐/[M206124]조리보플라빈/[M216041]리보플라빈3배산(리보플라빈으로서 5밀리그램)/[M216399]리보플라빈 3배산(리보플라빈으로서 0.84밀리그램)/[M217503]리보플라빈인산에스텔나트륨/[M218021]안산리보플라빈나트륨/[M222995]리보플라빈부티레이트/[M222996]리보플라빈포스페이트나트륨/[M222997]리보플라빈포스페이트나트륨 주사액/[M232651]제피리보플라빈/[M249967]리보플라빈부틸레이트/[M249982]리보플라빈나트륨포스페이트/[C040354]아스코르빈산/[C050961]아스코르빈산철/[C080210]아스코르빈산나트륨/[C081017]아스코르빈산90%과립/[C081495]아스코르빈산펠렛/[C081615]아스코르빈산 제피과립/[C081679]아스코르빈산60%/[C081772]제피아스코르빈산TYPE-SC/[C081998]아스코르빈팔미틴산/[C082617]아스코르빈산제피산/[C082841]아스코르빈산98%과립/[C082845]제피형아스코르빈산96%/[C082850]직탁용아스코르빈산/[C082857]제피아스코르빈산/[C083022]아스코르빈산96%과립/[C083040]아스코르빈산97%과립/[C083727]아스코르빈산제피산98%DC/[C083984]아스코르빈산칼슘/[C084311]엘-아스코르빈산나트륨/[C084327]아스코르빈산과립/[C084388]아스코르빈산나트륨99%/[C084419]아스코르빈산98%/[C084433]아스코르빈산97ㆍ5%과립/[C084448]아스코르빈산97%/[C084495]아스코르빈산칼슘97%과립/[C084658]아스코르빈산96%/[C084927]제피형아스코르빈산96%Type SC/[C085686]직탁용아스코르빈산98%/[C085785]아스코르빈산스테아레이트/[C086801]제피아스코르빈산97ㆍ5%/[C087036]코팅된아스코르빈산/[C088252]아스코르빈산제제/[C089177]아스코르빈산96%SC/[C090019]90%아스코르빈산/[C091430]아스코르빈산유캡/[C094260]95%아스코르빈산/[C094676]3-O-에칠아스코르빈산/[C095118]제피아스코르빈산96%/[C095392]아스코르빌팔미테이트/[C095412]제피아스코르빈사96% Type SC/[C095426]제피아스코르빈산96%가루/[C095604]아스코르빈산90%/[C099084]아스코르빈산팔미테이트/[C099734]아스코르브산90%과립/[C099910]직타용아스코르빈산/[C100271]팔미틴산아스코르빈산/[C100420]엘-아스코르빈산/[C101135]90%아스코르빈산과립/[C102189]아스코르빅애씨드/[C312780]소듐아스코르베이트/[C312824]아스코르빌 테트라이소팔미테이트/[C317903]글루코사민아스코르베이트/[C318482]칼슘 아스코르베이트/[C320842]아스코르빅애씨드/[C400592]아스코르빌니코티네이트/[I000229]아스코르빈산칼슘/[I001468]아스코르빈산제일철/[I001971]마그네슘아스코르베이트/[I003752]아스코르빈산나트륨/[I004351]아스코르브산/[M040354]아스코르빈산/[M050961]아스코르빈산철/[M080210]아스코르빈산나트륨/[M081017]아스코르빈산90%과립/[M081495]아스코르빈산펠렛/[M081615]아스코르빈산제피과립/[M081679]아스코르빈산60%/[M081772]제피아스코르빈산TYPE-SC/[M081998]아스코르빈팔미틴산/[M082617]아스코르빈산제피산/[M082841]아스코르빈산98%과립/[M082845]제피아스코르빈산96%/[M082850]직타용아스코르빈산/[M082857]제피아스코르빈산/[M083022]아스코르빈산96%과립/[M083040]아스코르빈산97%과립/[M083727]아스코르빈산제피산98%DC/[M083960]제피아스코르빈산TYPE-SC/[M083984]아스코르빈산칼슘/[M084311]엘아스코르빈산나트륨/[M084327]아스코르빈산과립/[M084388]아스코르빈산나트륨99%/[M084419]아스코르빈산98%/[M084433]아스코르빈산97ㆍ5%과립/[M084448]아스코르빈산97%/[M084495]아스코르빈산칼슘97%과립/[M084658]아스코르빈산96%/[M084927]제피아스코르빈산96%Type SC/[M085686]직타용아스코르빈산98%/[M087036]제피아스코르빈산/[M088252]아스코르빈산/[M089177]아스코르빈산96%SC/[M090019]아스코르빈산90%/[M091430]아스코르빈산유캡/[M094260]아스코르빈산95%/[M095392]아스코르빌팔미테이트/[M095426]제피아스코르빈산96%가루/[M095604]아스코르빈산90%/[M099084]아스코르빈산팔미테이트/[M100271]팔미틴산아스코르빈산/[M100420]엘-아스코르빈산/[M103048]제피형아스코르빈산96%TypeSC/[M103617]팔미틴산아스코르빌/[M104937]아스코르빈산97%분말/[M105763]아스코르빈산제제/[M107308]제피아스코르빈산97.0%가루/[M107594]소듐엘아스코르베이트/[M201112]아스코르빈산제일철/[M201618]제피아스코르빈사96%TypeSC/[M201620]제피아스코르빈산가루/[M201622]제피아스코르빈산TYPEB/[M203450]아스코르브산/[M203451]아스코르브산소듐/[M203452]아스코르빈산소듐/[M207370]팔미틴산아스코르브산/[M207385]아스코르빈산 97(아스코르빈산으로서 600mg)/[M207533]아스코르빈산 97(아스코르빈산으로서 600㎎)/[M209224]직타용아스코르빈산97%/[M210040]제피아스코르빈산97%과립/[M210875]소듐L-아스코르베이트/[M211316]아스코르빈산 산/[M211364]제피형아스코르빈산96%/[M211402]직타용아스코르빈산 90%/[M212742]아스코르빈산과립 97%(아스코르빈산으로서 83.3밀리그램)/[M214926]제피아스코르빈산 Type SC/[M215692]아스코르빈산(비타민C)/[M216038]아스코르빈산과립97%(아스코르빈산으로서 75밀리그램)/[M216398]아스코르빈산과립97%(아스코르빈산으로서 83.34밀리그램)/[M220142]직타용아스코르빈산(97%)/[M220180]아스코르빈산 97/[M223105]아스코르브산 산/[M223106]아스코르브산 정/[M223107]아스코르브산 주사액/[M224238]아스코르브산97/[M225398]아스코르빈산 Type FC/[M226183]아스코르빈산과립97%/[M227509]아스코르브산97%과립/[M229451]아스코르빈산 90%과립/[M229497]제피아스코르빈산 96% Type SC/[M234001]아스코르브산과립97%/[M236177]아스코르브산 90%과립/[M236913]제피아스코르브산/[M236926]직타용아스코르브산/[M239246]L-아스코르빈산/[M239251]L-아스코르빈산나트륨/[M239556]제피아스코르브산96% Type SC/[M241223]아스코르브산90%과립/[M242242]제피아스코르빈산*/[M243471]엘-아스코르빈산나트륨/[M243491]아스코르브산 97/[M244591]엘-아스코르빈산나트륨/[M244678]아스코르브산 97/[M245849]제피아스코르브산에스씨/[M245878]아스코르브산팔미테이트/[M246161]직타용아스코르브산97%/[M246638]아스코르브산97%/[M246709]아스코르브산나트륨/[M246900]90%아스코르브산/[M248326]아스코르빌나트륨포스페이트/[M249820]아스코르브산96%과립/[M250406]아스코르브산과립/[M250800]제피아스코르브산 TYPE-SC/[M251500]제피아스코르브산96%가루/[M252473]아스코르브산칼슘/[M252874]아스코르브산나트륨/[M252882]L-아스코르브산/[M253028]아스코르브산칼슘수화물/[M254082]제피아스코르브산 Type SC/[M254227]제피형아스코르브산96%TypeSC/[M254749]아스코르브산95%과립/[M254848]90%아스코르브산과립/[M256156]아스코르브산과립96%/[M257558]제피아스코르브산96%/[M257734]아스코르브산 과립90%/[M258008]아스코르브산칼슘이수화물/[M258592]작타용아스코르브산 97 %/[M258994]아스코르브산/[M259386]L-아스코르브산나트륨/[M259573]L-아스코르브산/[M261728]아스코르브산97%(직타용)/[M263901]제피아스코르브산97%가루/[M264037]90%아스코르빈산/[M265896]제피아스코르브산97.5%가루","","경질캡슐제, 산제","2등급",20250714,-,"","정상"
6423,"임부금기","복합",D000493,Guaifenesin,"구아이페네신","[D000147]Acetaminophen(아세트아미노펜)/[D001093]Galgeun-tang(갈근탕)/[D001266]Anhydrous Caffeine(카페인무수물)/[D000981]Cloperastine(클로페라스틴)/[D001101]Riboflavin(리보플라빈)/[D001106]Ascorbic acid(아스코르브산)/[D000893]Chlorpheniramine(클로르페니라민)","[M050058]구아이페네신/[M040353]아세트아미노펜/[M082309]아세트아미노펜제피세립/[M233006]아세트아미노펜 DC 500/600/[M246556]아세트아미노펜 (미분화)/[M262287]아세트아미노펜 과립/[C084556]갈근탕엑스/[C085494]갈근탕엑스분말/[C085503]갈근탕건조엑스/[C086018]갈근탕연조엑스/[C090838]갈근탕엑스과립/[C096410]갈근탕엑스정건조엑스/[C096710]갈근탕건조엑스[10→1]/[C100973]갈근탕엑스(10→1)/[M084556]갈근탕엑스/[M085494]갈근탕엑스분말/[M085503]갈근탕건조엑스/[M086018]갈근탕연조엑스/[M096410]갈근탕엑스정건조엑스/[M096710]갈근탕건조엑스[10→1]/[M100973]갈근탕엑스(10→1)/[M103265]갈근탕엑스말(10→1)/[M103916]갈근탕연조엑스(4.32→1)/[M104358]갈근탕엑스말/[M104683]갈근탕건조엑스(6.80→1)/[M104753]갈근탕연조엑스(3.4→1)/[M105329]갈근탕수침건조엑기스/[M105588]갈근탕건조엑스(5.78→1)/[M105816]갈근탕엑스분말(6→1)/[M105833]갈근탕연조엑스(4.17→1)/[M200049]갈근탕엑스가루/[M214453]갈근탕 연조엑스(4→1)/[M217483]갈근탕연조엑스(3->1)/[M229053]갈근탕 연조엑스(3.33→1)/[M250041]갈근탕엑스(5.81:1)/[M252043]갈근탕연조엑스[2.78→1]/[M252386]갈근탕연조엑스
(3.33→1)/[M259853]갈근탕건조엑스(6.31:1)/[M260768]갈근탕연조엑스(3.08→1)/[M261860]갈근탕건조엑스(5.6→1)/[M267754]갈근탕건조엑스(4→1)/[M223183]카페인무수물/[M051546]염산클로페라스틴/[M051547]펜디조산클로페라스틴/[M222890]클로페라스틴염산염/[C040133]리보플라빈/[C040512]인산리보플라빈나트륨/[C050367]테트라부티르산리보플라빈/[C050368]인산리보플라빈/[C050369]리보플라빈-5-인산나트륨/[C081186]리보플라빈33 1/3%/[C082711]리보플라빈낙산에스텔/[C082719]리보플라빈331/3%산/[C083052]리보플라빈98%DC/[C083101]낙산리보플라빈/[C083163]리보플라빈98%/[C083404]리보플라빈33 1/3%과립/[C084424]염산리보플라빈나트륨/[C085688]직탁용리보플라빈98%/[C089984]리보플라빈인산나트륨/[C090982]리보플라빈산나트륨/[C091022]리보플라빈98%과립/[C091383]리보플라빈25%과립/[C092484]부티르산리보플라빈/[C100456]리보플라빈3배산/[C100480]인산리보플라빈나트륨이수화물/[C101969]리보플라빈E101/[C202525]리보플라빈/[C401176]리보플라빈/[C407713]소듐리보플라빈포스페이트/[C409503]리보플라빈테트라부티레이트/[C422825]리보플라빈/[C422826]리보플라빈테트라부티레이트/[C422827]리보플라빈테트라아세테이트/[C425375]소듐리보플라빈포스페이트/[I003529]리보플라빈/[I003530]리보플라빈포스페이트나트륨/[I006525]리보플라빈부티레이트/[I007430]인산리보플라빈/[I007658]인산리보플라빈나트륨이수화물/[I007907]리보플라빈산나트륨/[M040133]리보플라빈/[M040512]인산리보플라빈나트륨/[M050367]테트라부티르산리보플라빈/[M050368]인산리보플라빈/[M050369]리보플라빈-5-인산나트륨/[M081186]리보플라빈33 1/3%/[M082711]리보플라빈낙산에스텔/[M082719]리보플라빈33 1/3%산/[M083052]리보플라빈98%DC/[M083101]낙산리보플라빈/[M083163]리보플라빈98%/[M083404]리보플라빈33 1/3%과립/[M085688]직탁용리보플라빈98%/[M090982]리보플라빈산나트륨/[M091022]리보플라빈98%과립/[M091383]리보플라빈25%과립/[M092484]부티르산리보플라빈/[M100456]리보플라빈3배산/[M100480]인산리보플라빈나트륨이수화물/[M101969]리보플라빈E101/[M200421]리보플라빈33ㆍ3%/[M200422]리보플라빈33ㆍ3%과립/[M200423]리보플라빈33ㆍ3%산/[M203723]인산리보플라빈소듐/[M206124]조리보플라빈/[M216041]리보플라빈3배산(리보플라빈으로서 5밀리그램)/[M216399]리보플라빈 3배산(리보플라빈으로서 0.84밀리그램)/[M217503]리보플라빈인산에스텔나트륨/[M218021]안산리보플라빈나트륨/[M222995]리보플라빈부티레이트/[M222996]리보플라빈포스페이트나트륨/[M222997]리보플라빈포스페이트나트륨 주사액/[M232651]제피리보플라빈/[M249967]리보플라빈부틸레이트/[M249982]리보플라빈나트륨포스페이트/[C040354]아스코르빈산/[C050961]아스코르빈산철/[C080210]아스코르빈산나트륨/[C081017]아스코르빈산90%과립/[C081495]아스코르빈산펠렛/[C081615]아스코르빈산 제피과립/[C081679]아스코르빈산60%/[C081772]제피아스코르빈산TYPE-SC/[C081998]아스코르빈팔미틴산/[C082617]아스코르빈산제피산/[C082841]아스코르빈산98%과립/[C082845]제피형아스코르빈산96%/[C082850]직탁용아스코르빈산/[C082857]제피아스코르빈산/[C083022]아스코르빈산96%과립/[C083040]아스코르빈산97%과립/[C083727]아스코르빈산제피산98%DC/[C083984]아스코르빈산칼슘/[C084311]엘-아스코르빈산나트륨/[C084327]아스코르빈산과립/[C084388]아스코르빈산나트륨99%/[C084419]아스코르빈산98%/[C084433]아스코르빈산97ㆍ5%과립/[C084448]아스코르빈산97%/[C084495]아스코르빈산칼슘97%과립/[C084658]아스코르빈산96%/[C084927]제피형아스코르빈산96%Type SC/[C085686]직탁용아스코르빈산98%/[C085785]아스코르빈산스테아레이트/[C086801]제피아스코르빈산97ㆍ5%/[C087036]코팅된아스코르빈산/[C088252]아스코르빈산제제/[C089177]아스코르빈산96%SC/[C090019]90%아스코르빈산/[C091430]아스코르빈산유캡/[C094260]95%아스코르빈산/[C094676]3-O-에칠아스코르빈산/[C095118]제피아스코르빈산96%/[C095392]아스코르빌팔미테이트/[C095412]제피아스코르빈사96% Type SC/[C095426]제피아스코르빈산96%가루/[C095604]아스코르빈산90%/[C099084]아스코르빈산팔미테이트/[C099734]아스코르브산90%과립/[C099910]직타용아스코르빈산/[C100271]팔미틴산아스코르빈산/[C100420]엘-아스코르빈산/[C101135]90%아스코르빈산과립/[C102189]아스코르빅애씨드/[C312780]소듐아스코르베이트/[C312824]아스코르빌 테트라이소팔미테이트/[C317903]글루코사민아스코르베이트/[C318482]칼슘 아스코르베이트/[C320842]아스코르빅애씨드/[C400592]아스코르빌니코티네이트/[I000229]아스코르빈산칼슘/[I001468]아스코르빈산제일철/[I001971]마그네슘아스코르베이트/[I003752]아스코르빈산나트륨/[I004351]아스코르브산/[M040354]아스코르빈산/[M050961]아스코르빈산철/[M080210]아스코르빈산나트륨/[M081017]아스코르빈산90%과립/[M081495]아스코르빈산펠렛/[M081615]아스코르빈산제피과립/[M081679]아스코르빈산60%/[M081772]제피아스코르빈산TYPE-SC/[M081998]아스코르빈팔미틴산/[M082617]아스코르빈산제피산/[M082841]아스코르빈산98%과립/[M082845]제피아스코르빈산96%/[M082850]직타용아스코르빈산/[M082857]제피아스코르빈산/[M083022]아스코르빈산96%과립/[M083040]아스코르빈산97%과립/[M083727]아스코르빈산제피산98%DC/[M083960]제피아스코르빈산TYPE-SC/[M083984]아스코르빈산칼슘/[M084311]엘아스코르빈산나트륨/[M084327]아스코르빈산과립/[M084388]아스코르빈산나트륨99%/[M084419]아스코르빈산98%/[M084433]아스코르빈산97ㆍ5%과립/[M084448]아스코르빈산97%/[M084495]아스코르빈산칼슘97%과립/[M084658]아스코르빈산96%/[M084927]제피아스코르빈산96%Type SC/[M085686]직타용아스코르빈산98%/[M087036]제피아스코르빈산/[M088252]아스코르빈산/[M089177]아스코르빈산96%SC/[M090019]아스코르빈산90%/[M091430]아스코르빈산유캡/[M094260]아스코르빈산95%/[M095392]아스코르빌팔미테이트/[M095426]제피아스코르빈산96%가루/[M095604]아스코르빈산90%/[M099084]아스코르빈산팔미테이트/[M100271]팔미틴산아스코르빈산/[M100420]엘-아스코르빈산/[M103048]제피형아스코르빈산96%TypeSC/[M103617]팔미틴산아스코르빌/[M104937]아스코르빈산97%분말/[M105763]아스코르빈산제제/[M107308]제피아스코르빈산97.0%가루/[M107594]소듐엘아스코르베이트/[M201112]아스코르빈산제일철/[M201618]제피아스코르빈사96%TypeSC/[M201620]제피아스코르빈산가루/[M201622]제피아스코르빈산TYPEB/[M203450]아스코르브산/[M203451]아스코르브산소듐/[M203452]아스코르빈산소듐/[M207370]팔미틴산아스코르브산/[M207385]아스코르빈산 97(아스코르빈산으로서 600mg)/[M207533]아스코르빈산 97(아스코르빈산으로서 600㎎)/[M209224]직타용아스코르빈산97%/[M210040]제피아스코르빈산97%과립/[M210875]소듐L-아스코르베이트/[M211316]아스코르빈산 산/[M211364]제피형아스코르빈산96%/[M211402]직타용아스코르빈산 90%/[M212742]아스코르빈산과립 97%(아스코르빈산으로서 83.3밀리그램)/[M214926]제피아스코르빈산 Type SC/[M215692]아스코르빈산(비타민C)/[M216038]아스코르빈산과립97%(아스코르빈산으로서 75밀리그램)/[M216398]아스코르빈산과립97%(아스코르빈산으로서 83.34밀리그램)/[M220142]직타용아스코르빈산(97%)/[M220180]아스코르빈산 97/[M223105]아스코르브산 산/[M223106]아스코르브산 정/[M223107]아스코르브산 주사액/[M224238]아스코르브산97/[M225398]아스코르빈산 Type FC/[M226183]아스코르빈산과립97%/[M227509]아스코르브산97%과립/[M229451]아스코르빈산 90%과립/[M229497]제피아스코르빈산 96% Type SC/[M234001]아스코르브산과립97%/[M236177]아스코르브산 90%과립/[M236913]제피아스코르브산/[M236926]직타용아스코르브산/[M239246]L-아스코르빈산/[M239251]L-아스코르빈산나트륨/[M239556]제피아스코르브산96% Type SC/[M241223]아스코르브산90%과립/[M242242]제피아스코르빈산*/[M243471]엘-아스코르빈산나트륨/[M243491]아스코르브산 97/[M244591]엘-아스코르빈산나트륨/[M244678]아스코르브산 97/[M245849]제피아스코르브산에스씨/[M245878]아스코르브산팔미테이트/[M246161]직타용아스코르브산97%/[M246638]아스코르브산97%/[M246709]아스코르브산나트륨/[M246900]90%아스코르브산/[M248326]아스코르빌나트륨포스페이트/[M249820]아스코르브산96%과립/[M250406]아스코르브산과립/[M250800]제피아스코르브산 TYPE-SC/[M251500]제피아스코르브산96%가루/[M252473]아스코르브산칼슘/[M252874]아스코르브산나트륨/[M252882]L-아스코르브산/[M253028]아스코르브산칼슘수화물/[M254082]제피아스코르브산 Type SC/[M254227]제피형아스코르브산96%TypeSC/[M254749]아스코르브산95%과립/[M254848]90%아스코르브산과립/[M256156]아스코르브산과립96%/[M257558]제피아스코르브산96%/[M257734]아스코르브산 과립90%/[M258008]아스코르브산칼슘이수화물/[M258592]작타용아스코르브산 97 %/[M258994]아스코르브산/[M259386]L-아스코르브산나트륨/[M259573]L-아스코르브산/[M261728]아스코르브산97%(직타용)/[M263901]제피아스코르브산97%가루/[M264037]90%아스코르빈산/[M265896]제피아스코르브산97.5%가루/[M040616]말레인산클로르페니라민/[M050213]말레인산덱스클로르페니라민/[M051529]클로르페니라민/[M082701]디엘말레인산클로르페니라민/[M083325]디말레인산클로르페니라민/[M099959]말레인산클로로페니라민/[M100018]말레산클로르페니라민/[M100476]디말레인산클로르페니라민/[M101581]디엘말레인산클로르페니라민/[M200471]말레인산클로르페니라민제피과립/[M202197]D-말레인산클로르페니라민/[M202204]DL-말레인산클로르페니라민/[M203913]클로르페니라민말레인산염/[M212847]클로르페니라민말레이트/[M223211]클로르페니라민말레산염/[M223212]d-클로르페니라민말레산염/[M223213]클로르페니라민말레산염 산/[M223214]클로르페니라민말레산염 정/[M223215]클로르페니라민말레산염 주사액/[M226783]dl-클로르페니라민말레산염/[M249715]덱스클로르페니라민 말레산염/[M251936]덱스클로르페니라민말레이트","","경질캡슐제, 산제","2등급",20250714,-,"","정상"
6424,"임부금기","복합",D000493,Guaifenesin,"구아이페네신","[D000147]Acetaminophen(아세트아미노펜)/[D000191]Phenylephrine(페닐레프린)","[M050058]구아이페네신/[M040353]아세트아미노펜/[M082309]아세트아미노펜제피세립/[M233006]아세트아미노펜 DC 500/600/[M246556]아세트아미노펜 (미분화)/[M262287]아세트아미노펜 과립/[M040696]염산페닐에프린/[M222724]페닐레프린염산염/[M225151]페닐에프린염산염","","경구용액제","2등급",20250714,-,"","정상"
6425,"임부금기","복합",D000493,Guaifenesin,"구아이페네신","[D000147]Acetaminophen(아세트아미노펜)/[D000191]Phenylephrine(페닐레프린)/[D000200]Dextromethorphan(덱스트로메토르판)","[M050058]구아이페네신/[M040353]아세트아미노펜/[M082309]아세트아미노펜제피세립/[M233006]아세트아미노펜 DC 500/600/[M246556]아세트아미노펜 (미분화)/[M262287]아세트아미노펜 과립/[M040696]염산페닐에프린/[M222724]페닐레프린염산염/[M225151]페닐에프린염산염/[M040084]브롬화수소산덱스트로메토르판/[M202983]덱스트로메토르판브롬화수소산염/[M222957]덱스트로메토르판브롬화수소산염수화물","","액상시럽제/연질캡슐제, 액상","2등급",20250714,-,"","정상"
6435,"임부금기","복합",D000493,Guaifenesin,"구아이페네신","[D000147]Acetaminophen(아세트아미노펜)/[D000932]Pentoxyverine(펜톡시베린)/[D001266]Anhydrous Caffeine(카페인무수물)","[M050058]구아이페네신/[M040353]아세트아미노펜/[M082309]아세트아미노펜제피세립/[M233006]아세트아미노펜 DC 500/600/[M246556]아세트아미노펜 (미분화)/[M262287]아세트아미노펜 과립/[M200134]구연산펜톡시베린/[M223287]펜톡시베린시트르산염/[M223183]카페인무수물","","경구용액제","2등급",20250714,-,"","정상"
6394,"임부금기","복합",D001315,"Ammonium chloride","염화암모늄","[D001116]Methylephedrine(메틸에페드린)/[D000200]Dextromethorphan(덱스트로메토르판)/[D000893]Chlorpheniramine(클로르페니라민)","[A002612]염화암모늄/[A006116]메틸에페드린/[I006391]dl-메틸에페드린염산염/[M204422]dl-메틸에페드린염산염/[M223022]dl-메틸에페드린염산염 산 10%/[M235519]디엘메틸에페드린염산염/[M240608]dI-메틸에페드린염산염/[M240859]디엘-메틸에페드린염산염/[M252389]㎗-메틸에페드린염산염/[M264046]DL-메틸에페드린염산염/[M040084]브롬화수소산덱스트로메토르판/[M202983]덱스트로메토르판브롬화수소산염/[M222957]덱스트로메토르판브롬화수소산염수화물/[M040616]말레인산클로르페니라민/[M050213]말레인산덱스클로르페니라민/[M051529]클로르페니라민/[M082701]디엘말레인산클로르페니라민/[M083325]디말레인산클로르페니라민/[M099959]말레인산클로로페니라민/[M100018]말레산클로르페니라민/[M100476]디말레인산클로르페니라민/[M101581]디엘말레인산클로르페니라민/[M200471]말레인산클로르페니라민제피과립/[M202197]D-말레인산클로르페니라민/[M202204]DL-말레인산클로르페니라민/[M203913]클로르페니라민말레인산염/[M212847]클로르페니라민말레이트/[M223211]클로르페니라민말레산염/[M223212]d-클로르페니라민말레산염/[M223213]클로르페니라민말레산염 산/[M223214]클로르페니라민말레산염 정/[M223215]클로르페니라민말레산염 주사액/[M226783]dl-클로르페니라민말레산염/[M249715]덱스클로르페니라민 말레산염/[M251936]덱스클로르페니라민말레이트","","액상시럽제","2등급",20250714,-,"","정상"
6395,"임부금기","복합",D001315,"Ammonium chloride","염화암모늄","[D001116]Methylephedrine(메틸에페드린)/[D000092]Dihydrocodeine(디히드로코데인)/[D000893]Chlorpheniramine(클로르페니라민)","[A002612]염화암모늄/[A006116]메틸에페드린/[I006391]dl-메틸에페드린염산염/[M204422]dl-메틸에페드린염산염/[M223022]dl-메틸에페드린염산염 산 10%/[M235519]디엘메틸에페드린염산염/[M240608]dI-메틸에페드린염산염/[M240859]디엘-메틸에페드린염산염/[M252389]㎗-메틸에페드린염산염/[M264046]DL-메틸에페드린염산염/[M051341]주석산수소디히드로코데인/[M247988]디히드로코데인주석산염/[M249060]디히드로코데인타르타르산염/[M261072]디히드로코데인타르타르산염/[M040616]말레인산클로르페니라민/[M050213]말레인산덱스클로르페니라민/[M051529]클로르페니라민/[M082701]디엘말레인산클로르페니라민/[M083325]디말레인산클로르페니라민/[M099959]말레인산클로로페니라민/[M100018]말레산클로르페니라민/[M100476]디말레인산클로르페니라민/[M101581]디엘말레인산클로르페니라민/[M200471]말레인산클로르페니라민제피과립/[M202197]D-말레인산클로르페니라민/[M202204]DL-말레인산클로르페니라민/[M203913]클로르페니라민말레인산염/[M212847]클로르페니라민말레이트/[M223211]클로르페니라민말레산염/[M223212]d-클로르페니라민말레산염/[M223213]클로르페니라민말레산염 산/[M223214]클로르페니라민말레산염 정/[M223215]클로르페니라민말레산염 주사액/[M226783]dl-클로르페니라민말레산염/[M249715]덱스클로르페니라민 말레산염/[M251936]덱스클로르페니라민말레이트","","액상시럽제","2등급",20250714,-,"","정상"
6396,"임부금기","복합",D001315,"Ammonium chloride","염화암모늄","[D001116]Methylephedrine(메틸에페드린)/[D001305]Pelargonium sidoides(펠라고니움시도이데스)/[D000092]Dihydrocodeine(디히드로코데인)/[D000893]Chlorpheniramine(클로르페니라민)","[A002612]염화암모늄/[A006116]메틸에페드린/[I006391]dl-메틸에페드린염산염/[M204422]dl-메틸에페드린염산염/[M223022]dl-메틸에페드린염산염 산 10%/[M235519]디엘메틸에페드린염산염/[M240608]dI-메틸에페드린염산염/[M240859]디엘-메틸에페드린염산염/[M252389]㎗-메틸에페드린염산염/[M264046]DL-메틸에페드린염산염/[A001303]펠라고늄시도이데스/[M267961]펠라고니움시도이데스11%에탄올건조엑스(5.5~6.6→1)/[M269642]펠라고니움시도이데스11%에탄올건조엑스(5.5∼6.6→1)/[M051341]주석산수소디히드로코데인/[M247988]디히드로코데인주석산염/[M249060]디히드로코데인타르타르산염/[M261072]디히드로코데인타르타르산염/[M040616]말레인산클로르페니라민/[M050213]말레인산덱스클로르페니라민/[M051529]클로르페니라민/[M082701]디엘말레인산클로르페니라민/[M083325]디말레인산클로르페니라민/[M099959]말레인산클로로페니라민/[M100018]말레산클로르페니라민/[M100476]디말레인산클로르페니라민/[M101581]디엘말레인산클로르페니라민/[M200471]말레인산클로르페니라민제피과립/[M202197]D-말레인산클로르페니라민/[M202204]DL-말레인산클로르페니라민/[M203913]클로르페니라민말레인산염/[M212847]클로르페니라민말레이트/[M223211]클로르페니라민말레산염/[M223212]d-클로르페니라민말레산염/[M223213]클로르페니라민말레산염 산/[M223214]클로르페니라민말레산염 정/[M223215]클로르페니라민말레산염 주사액/[M226783]dl-클로르페니라민말레산염/[M249715]덱스클로르페니라민 말레산염/[M251936]덱스클로르페니라민말레이트","","액상시럽제","2등급",20250714,-,"","정상"
6439,"임부금기","복합",D000493,Guaifenesin,"구아이페네신","[D000147]Acetaminophen(아세트아미노펜)/[D001137]Ginseng Radix(인삼)/[D001520]Thiamine nitrate(티아민질산염)/[D000448]Pseudoephedrine(슈도에페드린)/[D000200]Dextromethorphan(덱스트로메토르판)/[D001106]Ascorbic acid(아스코르브산)/[D001266]Anhydrous Caffeine(카페인무수물)/[D001101]Riboflavin(리보플라빈)/[D000893]Chlorpheniramine(클로르페니라민)/[D001000]Licorice(감초)","[M050058]구아이페네신/[M040353]아세트아미노펜/[M082309]아세트아미노펜제피세립/[M233006]아세트아미노펜 DC 500/600/[M246556]아세트아미노펜 (미분화)/[M262287]아세트아미노펜 과립/[C050584]인삼25%에탄올유동엑스/[C051292]인삼총사포닌/[C061119]인삼30%에탄올건조엑스/[C070029]건조인삼엑스/[C070042]고려인삼건조엑스/[C071030]인삼유동엑스/[C071033]인삼엑스/[C080835]인삼건조엑스/[C080884]인삼엑스ㆍG115/[C082665]고려인삼유동엑스/[C084441]인삼추출액/[C084884]인삼30%에탄올엑스/[C084901]인삼70%에탄올유동엑스/[C084962]인삼엑스산/[C085109]인삼50%에탄올엑스/[C085318]인삼70%에탄올건조엑스/[C085782]인삼묽은에탄올건조엑스(7:1)/[C086724]인삼35%에탄올건조엑스/[C088213]인삼50%에탄올유동엑스/[C088361]인삼류엑스/[C089977]인삼90%에탄올엑스/[C090113]인삼30%에탄올유동엑스/[C090137]인삼70%메탄올엑스/[C090803]인삼추출물/[C090854]인삼50%에탄올연조엑스/[C091784]인삼가루/[C091856]인삼70%에탄올엑스/[C092512]인삼15%에탄올엑스/[C097100]인삼근추출물/[C098674]인삼추출물/물/[C099966]인삼양영탕연조엑스/[C100019]인삼50%에탄올건조엑스/[C100862]인삼연조엑스(6ㆍ7→1)/[C200894]인삼수/[C200895]인삼추출물/[C405998]인삼가루/[C406000]인삼배양액 추출물/[C406001]인삼분열조직세포배양액/[C406002]인삼/[C406003]인삼수/[C406004]인삼싹추출물/[C406009]인삼추출물/[C428850]인삼/[C428851]인삼가루/[C428853]인삼배양액 추출물/[C428856]인삼세포배양추출물/[C428857]인삼수/[C428866]인삼추출물/[C438004]인삼형성층세포배양추출물/[C438005]인삼분열조직세포/[C438006]인삼분열조직세포추출물/[C438655]인삼싹추출물/[C438656]인삼분열조직세포배양물/[C438660]인삼잎/뿌리/줄기추출물/[C442019]인삼추출물(35)/[I001699]인삼/[I008730]인삼총사포닌/[M040213]인삼/[M050584]인삼25%에탄올유동엑스/[M051291]인삼/[M061119]인삼30%에탄올건조엑스/[M070029]건조인삼엑스/[M071030]인삼유동엑스/[M071033]인삼엑스/[M080417]인삼건조엑스-에이/[M080835]인삼건조엑스/[M080884]인삼엑스ㆍG115/[M082106]인삼유동엑스/[M082665]고려인삼유동엑스/[M082761]인삼가루/[M082773]인삼건조엑스/[M084441]인삼추출액/[M084631]인삼묽은에탄올엑스/[M084800]인삼50%에탄올추출액/[M084809]인삼30%에탄올엑스/[M084814]인삼70%에탄올유동엑스/[M084884]인삼30%에탄올엑스/[M085109]인삼50%에탄올엑스/[M085287]인삼35%에탄올유동엑스/[M085318]인삼70%에탄올건조엑스/[M085334]인삼40%에탄올유동엑스/[M085782]인삼묽은에탄올건조엑스(7:1)/[M086540]인삼70%에탄올건조엑스/[M086724]인삼35%에탄올건조엑스/[M088361]인삼류엑스/[M089262]인삼연조엑스-A/[M089783]인삼90%에탄올엑스/[M089977]인삼90%에탄올엑스/[M090113]인삼30%에탄올유동엑스/[M090137]인삼70%메탄올엑스/[M091856]인삼70%에탄올엑스/[M092070]인삼패독산엑스/[M092512]인삼15%에탄올엑스/[M092892]인삼엑스G115/[M095307]인삼에탄올엑스/[M100019]인삼50%에탄올건조엑스/[M100862]인삼연조엑스(6ㆍ7→1)/[M102340]인삼건조엑스(2ㆍ94→1)/[M103357]인삼건조엑스(6ㆍ7→1)/[M103441]인삼30%에탄올엑스(6ㆍ7→1)/[M103522]인삼30%에탄올엑스산(1ㆍ2→1)/[M103858]인삼70%에탄올건조엑스(14.5→1)/[M105460]인삼건조엑스(14.5→1)/[M105557]인삼70%에탄올유동엑스(3→1)/[M105602]인삼50%에탄올엑스(6.7:1)/[M106440]건인삼/[M106441]생인삼/[M106646]인삼30%에탄올엑스(14.99:1)/[M201506]인삼묽은엑스/[M201507]인삼엑스가루/[M206628]인삼70%에탄올연조엑스(2.5→1)/[M209618]인삼추출물/[M211705]인삼70%에탄올연조엑스(2.5->1)/[M211843]인삼엑기스/[M213221]인삼건조엑스(2→1)/[M220312]인삼건조엑스(6.7→1)/[M225655]인삼35%에탄올건조엑스(14.9→1)/[M242098]인삼80%에탄올건조엑스(5→1)/[M245267]인삼 30% 에탄올연조엑스(7→1)/[M245625]인삼40%에탄올엑스/[M246368]인삼건조엑스(6.7->1)/[M249553]인삼50%에탄올연조엑스(2.2→1)/[M252511]인삼묽은에탄올엑스(10→1.5)/[M256216]인삼총사포닌/[M257951]인삼에탄올건조엑스(14.5→1)/[M262144]인삼35%에탄올건조엑스(14.9->1)/[M262516]인삼연조엑스/[M262520]인삼연조엑스(3.3~4.9→1)
/[M262526]인삼연조엑스
(3.3~4.9→1)
/[M262714]인삼연조엑스(3.3∼4.9→1)/[M262725]인삼연조엑스(2.2~2.7→1)
/[M268394]인삼엑스산 등/[M268617]인삼뿌리추출물/[M223262]티아민질산염/[M050833]염산슈도에페드린/[M081720]황산슈도에페드린/[M203364]슈도에페드린염산염/[M222865]수도에페드린염산염/[M248579]수도에페드린황산염/[M256034]수도에페드린염산염 과립/[M258826]수도에페드린/[M040084]브롬화수소산덱스트로메토르판/[M202983]덱스트로메토르판브롬화수소산염/[M222957]덱스트로메토르판브롬화수소산염수화물/[C040354]아스코르빈산/[C050961]아스코르빈산철/[C080210]아스코르빈산나트륨/[C081017]아스코르빈산90%과립/[C081495]아스코르빈산펠렛/[C081615]아스코르빈산 제피과립/[C081679]아스코르빈산60%/[C081772]제피아스코르빈산TYPE-SC/[C081998]아스코르빈팔미틴산/[C082617]아스코르빈산제피산/[C082841]아스코르빈산98%과립/[C082845]제피형아스코르빈산96%/[C082850]직탁용아스코르빈산/[C082857]제피아스코르빈산/[C083022]아스코르빈산96%과립/[C083040]아스코르빈산97%과립/[C083727]아스코르빈산제피산98%DC/[C083984]아스코르빈산칼슘/[C084311]엘-아스코르빈산나트륨/[C084327]아스코르빈산과립/[C084388]아스코르빈산나트륨99%/[C084419]아스코르빈산98%/[C084433]아스코르빈산97ㆍ5%과립/[C084448]아스코르빈산97%/[C084495]아스코르빈산칼슘97%과립/[C084658]아스코르빈산96%/[C084927]제피형아스코르빈산96%Type SC/[C085686]직탁용아스코르빈산98%/[C085785]아스코르빈산스테아레이트/[C086801]제피아스코르빈산97ㆍ5%/[C087036]코팅된아스코르빈산/[C088252]아스코르빈산제제/[C089177]아스코르빈산96%SC/[C090019]90%아스코르빈산/[C091430]아스코르빈산유캡/[C094260]95%아스코르빈산/[C094676]3-O-에칠아스코르빈산/[C095118]제피아스코르빈산96%/[C095392]아스코르빌팔미테이트/[C095412]제피아스코르빈사96% Type SC/[C095426]제피아스코르빈산96%가루/[C095604]아스코르빈산90%/[C099084]아스코르빈산팔미테이트/[C099734]아스코르브산90%과립/[C099910]직타용아스코르빈산/[C100271]팔미틴산아스코르빈산/[C100420]엘-아스코르빈산/[C101135]90%아스코르빈산과립/[C102189]아스코르빅애씨드/[C312780]소듐아스코르베이트/[C312824]아스코르빌 테트라이소팔미테이트/[C317903]글루코사민아스코르베이트/[C318482]칼슘 아스코르베이트/[C320842]아스코르빅애씨드/[C400592]아스코르빌니코티네이트/[I000229]아스코르빈산칼슘/[I001468]아스코르빈산제일철/[I001971]마그네슘아스코르베이트/[I003752]아스코르빈산나트륨/[I004351]아스코르브산/[M040354]아스코르빈산/[M050961]아스코르빈산철/[M080210]아스코르빈산나트륨/[M081017]아스코르빈산90%과립/[M081495]아스코르빈산펠렛/[M081615]아스코르빈산제피과립/[M081679]아스코르빈산60%/[M081772]제피아스코르빈산TYPE-SC/[M081998]아스코르빈팔미틴산/[M082617]아스코르빈산제피산/[M082841]아스코르빈산98%과립/[M082845]제피아스코르빈산96%/[M082850]직타용아스코르빈산/[M082857]제피아스코르빈산/[M083022]아스코르빈산96%과립/[M083040]아스코르빈산97%과립/[M083727]아스코르빈산제피산98%DC/[M083960]제피아스코르빈산TYPE-SC/[M083984]아스코르빈산칼슘/[M084311]엘아스코르빈산나트륨/[M084327]아스코르빈산과립/[M084388]아스코르빈산나트륨99%/[M084419]아스코르빈산98%/[M084433]아스코르빈산97ㆍ5%과립/[M084448]아스코르빈산97%/[M084495]아스코르빈산칼슘97%과립/[M084658]아스코르빈산96%/[M084927]제피아스코르빈산96%Type SC/[M085686]직타용아스코르빈산98%/[M087036]제피아스코르빈산/[M088252]아스코르빈산/[M089177]아스코르빈산96%SC/[M090019]아스코르빈산90%/[M091430]아스코르빈산유캡/[M094260]아스코르빈산95%/[M095392]아스코르빌팔미테이트/[M095426]제피아스코르빈산96%가루/[M095604]아스코르빈산90%/[M099084]아스코르빈산팔미테이트/[M100271]팔미틴산아스코르빈산/[M100420]엘-아스코르빈산/[M103048]제피형아스코르빈산96%TypeSC/[M103617]팔미틴산아스코르빌/[M104937]아스코르빈산97%분말/[M105763]아스코르빈산제제/[M107308]제피아스코르빈산97.0%가루/[M107594]소듐엘아스코르베이트/[M201112]아스코르빈산제일철/[M201618]제피아스코르빈사96%TypeSC/[M201620]제피아스코르빈산가루/[M201622]제피아스코르빈산TYPEB/[M203450]아스코르브산/[M203451]아스코르브산소듐/[M203452]아스코르빈산소듐/[M207370]팔미틴산아스코르브산/[M207385]아스코르빈산 97(아스코르빈산으로서 600mg)/[M207533]아스코르빈산 97(아스코르빈산으로서 600㎎)/[M209224]직타용아스코르빈산97%/[M210040]제피아스코르빈산97%과립/[M210875]소듐L-아스코르베이트/[M211316]아스코르빈산 산/[M211364]제피형아스코르빈산96%/[M211402]직타용아스코르빈산 90%/[M212742]아스코르빈산과립 97%(아스코르빈산으로서 83.3밀리그램)/[M214926]제피아스코르빈산 Type SC/[M215692]아스코르빈산(비타민C)/[M216038]아스코르빈산과립97%(아스코르빈산으로서 75밀리그램)/[M216398]아스코르빈산과립97%(아스코르빈산으로서 83.34밀리그램)/[M220142]직타용아스코르빈산(97%)/[M220180]아스코르빈산 97/[M223105]아스코르브산 산/[M223106]아스코르브산 정/[M223107]아스코르브산 주사액/[M224238]아스코르브산97/[M225398]아스코르빈산 Type FC/[M226183]아스코르빈산과립97%/[M227509]아스코르브산97%과립/[M229451]아스코르빈산 90%과립/[M229497]제피아스코르빈산 96% Type SC/[M234001]아스코르브산과립97%/[M236177]아스코르브산 90%과립/[M236913]제피아스코르브산/[M236926]직타용아스코르브산/[M239246]L-아스코르빈산/[M239251]L-아스코르빈산나트륨/[M239556]제피아스코르브산96% Type SC/[M241223]아스코르브산90%과립/[M242242]제피아스코르빈산*/[M243471]엘-아스코르빈산나트륨/[M243491]아스코르브산 97/[M244591]엘-아스코르빈산나트륨/[M244678]아스코르브산 97/[M245849]제피아스코르브산에스씨/[M245878]아스코르브산팔미테이트/[M246161]직타용아스코르브산97%/[M246638]아스코르브산97%/[M246709]아스코르브산나트륨/[M246900]90%아스코르브산/[M248326]아스코르빌나트륨포스페이트/[M249820]아스코르브산96%과립/[M250406]아스코르브산과립/[M250800]제피아스코르브산 TYPE-SC/[M251500]제피아스코르브산96%가루/[M252473]아스코르브산칼슘/[M252874]아스코르브산나트륨/[M252882]L-아스코르브산/[M253028]아스코르브산칼슘수화물/[M254082]제피아스코르브산 Type SC/[M254227]제피형아스코르브산96%TypeSC/[M254749]아스코르브산95%과립/[M254848]90%아스코르브산과립/[M256156]아스코르브산과립96%/[M257558]제피아스코르브산96%/[M257734]아스코르브산 과립90%/[M258008]아스코르브산칼슘이수화물/[M258592]작타용아스코르브산 97 %/[M258994]아스코르브산/[M259386]L-아스코르브산나트륨/[M259573]L-아스코르브산/[M261728]아스코르브산97%(직타용)/[M263901]제피아스코르브산97%가루/[M264037]90%아스코르빈산/[M265896]제피아스코르브산97.5%가루/[M223183]카페인무수물/[C040133]리보플라빈/[C040512]인산리보플라빈나트륨/[C050367]테트라부티르산리보플라빈/[C050368]인산리보플라빈/[C050369]리보플라빈-5-인산나트륨/[C081186]리보플라빈33 1/3%/[C082711]리보플라빈낙산에스텔/[C082719]리보플라빈331/3%산/[C083052]리보플라빈98%DC/[C083101]낙산리보플라빈/[C083163]리보플라빈98%/[C083404]리보플라빈33 1/3%과립/[C084424]염산리보플라빈나트륨/[C085688]직탁용리보플라빈98%/[C089984]리보플라빈인산나트륨/[C090982]리보플라빈산나트륨/[C091022]리보플라빈98%과립/[C091383]리보플라빈25%과립/[C092484]부티르산리보플라빈/[C100456]리보플라빈3배산/[C100480]인산리보플라빈나트륨이수화물/[C101969]리보플라빈E101/[C202525]리보플라빈/[C401176]리보플라빈/[C407713]소듐리보플라빈포스페이트/[C409503]리보플라빈테트라부티레이트/[C422825]리보플라빈/[C422826]리보플라빈테트라부티레이트/[C422827]리보플라빈테트라아세테이트/[C425375]소듐리보플라빈포스페이트/[I003529]리보플라빈/[I003530]리보플라빈포스페이트나트륨/[I006525]리보플라빈부티레이트/[I007430]인산리보플라빈/[I007658]인산리보플라빈나트륨이수화물/[I007907]리보플라빈산나트륨/[M040133]리보플라빈/[M040512]인산리보플라빈나트륨/[M050367]테트라부티르산리보플라빈/[M050368]인산리보플라빈/[M050369]리보플라빈-5-인산나트륨/[M081186]리보플라빈33 1/3%/[M082711]리보플라빈낙산에스텔/[M082719]리보플라빈33 1/3%산/[M083052]리보플라빈98%DC/[M083101]낙산리보플라빈/[M083163]리보플라빈98%/[M083404]리보플라빈33 1/3%과립/[M085688]직탁용리보플라빈98%/[M090982]리보플라빈산나트륨/[M091022]리보플라빈98%과립/[M091383]리보플라빈25%과립/[M092484]부티르산리보플라빈/[M100456]리보플라빈3배산/[M100480]인산리보플라빈나트륨이수화물/[M101969]리보플라빈E101/[M200421]리보플라빈33ㆍ3%/[M200422]리보플라빈33ㆍ3%과립/[M200423]리보플라빈33ㆍ3%산/[M203723]인산리보플라빈소듐/[M206124]조리보플라빈/[M216041]리보플라빈3배산(리보플라빈으로서 5밀리그램)/[M216399]리보플라빈 3배산(리보플라빈으로서 0.84밀리그램)/[M217503]리보플라빈인산에스텔나트륨/[M218021]안산리보플라빈나트륨/[M222995]리보플라빈부티레이트/[M222996]리보플라빈포스페이트나트륨/[M222997]리보플라빈포스페이트나트륨 주사액/[M232651]제피리보플라빈/[M249967]리보플라빈부틸레이트/[M249982]리보플라빈나트륨포스페이트/[M040616]말레인산클로르페니라민/[M050213]말레인산덱스클로르페니라민/[M051529]클로르페니라민/[M082701]디엘말레인산클로르페니라민/[M083325]디말레인산클로르페니라민/[M099959]말레인산클로로페니라민/[M100018]말레산클로르페니라민/[M100476]디말레인산클로르페니라민/[M101581]디엘말레인산클로르페니라민/[M200471]말레인산클로르페니라민제피과립/[M202197]D-말레인산클로르페니라민/[M202204]DL-말레인산클로르페니라민/[M203913]클로르페니라민말레인산염/[M212847]클로르페니라민말레이트/[M223211]클로르페니라민말레산염/[M223212]d-클로르페니라민말레산염/[M223213]클로르페니라민말레산염 산/[M223214]클로르페니라민말레산염 정/[M223215]클로르페니라민말레산염 주사액/[M226783]dl-클로르페니라민말레산염/[M249715]덱스클로르페니라민 말레산염/[M251936]덱스클로르페니라민말레이트/[A006000]감초/[M040006]감초/[M070009]감초가루","","경질캡슐제, 산제","2등급",20250714,-,"","정상"
6440,"임부금기","복합",D000493,Guaifenesin,"구아이페네신","[D000147]Acetaminophen(아세트아미노펜)/[D000448]Pseudoephedrine(슈도에페드린)/[D001093]Galgeun-tang(갈근탕)/[D000200]Dextromethorphan(덱스트로메토르판)/[D001266]Anhydrous Caffeine(카페인무수물)/[D000893]Chlorpheniramine(클로르페니라민)/[D001106]Ascorbic acid(아스코르브산)","[M050058]구아이페네신/[M040353]아세트아미노펜/[M082309]아세트아미노펜제피세립/[M233006]아세트아미노펜 DC 500/600/[M246556]아세트아미노펜 (미분화)/[M262287]아세트아미노펜 과립/[M050833]염산슈도에페드린/[M081720]황산슈도에페드린/[M203364]슈도에페드린염산염/[M222865]수도에페드린염산염/[M248579]수도에페드린황산염/[M256034]수도에페드린염산염 과립/[M258826]수도에페드린/[C084556]갈근탕엑스/[C085494]갈근탕엑스분말/[C085503]갈근탕건조엑스/[C086018]갈근탕연조엑스/[C090838]갈근탕엑스과립/[C096410]갈근탕엑스정건조엑스/[C096710]갈근탕건조엑스[10→1]/[C100973]갈근탕엑스(10→1)/[M084556]갈근탕엑스/[M085494]갈근탕엑스분말/[M085503]갈근탕건조엑스/[M086018]갈근탕연조엑스/[M096410]갈근탕엑스정건조엑스/[M096710]갈근탕건조엑스[10→1]/[M100973]갈근탕엑스(10→1)/[M103265]갈근탕엑스말(10→1)/[M103916]갈근탕연조엑스(4.32→1)/[M104358]갈근탕엑스말/[M104683]갈근탕건조엑스(6.80→1)/[M104753]갈근탕연조엑스(3.4→1)/[M105329]갈근탕수침건조엑기스/[M105588]갈근탕건조엑스(5.78→1)/[M105816]갈근탕엑스분말(6→1)/[M105833]갈근탕연조엑스(4.17→1)/[M200049]갈근탕엑스가루/[M214453]갈근탕 연조엑스(4→1)/[M217483]갈근탕연조엑스(3->1)/[M229053]갈근탕 연조엑스(3.33→1)/[M250041]갈근탕엑스(5.81:1)/[M252043]갈근탕연조엑스[2.78→1]/[M252386]갈근탕연조엑스
(3.33→1)/[M259853]갈근탕건조엑스(6.31:1)/[M260768]갈근탕연조엑스(3.08→1)/[M261860]갈근탕건조엑스(5.6→1)/[M267754]갈근탕건조엑스(4→1)/[M040084]브롬화수소산덱스트로메토르판/[M202983]덱스트로메토르판브롬화수소산염/[M222957]덱스트로메토르판브롬화수소산염수화물/[M223183]카페인무수물/[M040616]말레인산클로르페니라민/[M050213]말레인산덱스클로르페니라민/[M051529]클로르페니라민/[M082701]디엘말레인산클로르페니라민/[M083325]디말레인산클로르페니라민/[M099959]말레인산클로로페니라민/[M100018]말레산클로르페니라민/[M100476]디말레인산클로르페니라민/[M101581]디엘말레인산클로르페니라민/[M200471]말레인산클로르페니라민제피과립/[M202197]D-말레인산클로르페니라민/[M202204]DL-말레인산클로르페니라민/[M203913]클로르페니라민말레인산염/[M212847]클로르페니라민말레이트/[M223211]클로르페니라민말레산염/[M223212]d-클로르페니라민말레산염/[M223213]클로르페니라민말레산염 산/[M223214]클로르페니라민말레산염 정/[M223215]클로르페니라민말레산염 주사액/[M226783]dl-클로르페니라민말레산염/[M249715]덱스클로르페니라민 말레산염/[M251936]덱스클로르페니라민말레이트/[C040354]아스코르빈산/[C050961]아스코르빈산철/[C080210]아스코르빈산나트륨/[C081017]아스코르빈산90%과립/[C081495]아스코르빈산펠렛/[C081615]아스코르빈산 제피과립/[C081679]아스코르빈산60%/[C081772]제피아스코르빈산TYPE-SC/[C081998]아스코르빈팔미틴산/[C082617]아스코르빈산제피산/[C082841]아스코르빈산98%과립/[C082845]제피형아스코르빈산96%/[C082850]직탁용아스코르빈산/[C082857]제피아스코르빈산/[C083022]아스코르빈산96%과립/[C083040]아스코르빈산97%과립/[C083727]아스코르빈산제피산98%DC/[C083984]아스코르빈산칼슘/[C084311]엘-아스코르빈산나트륨/[C084327]아스코르빈산과립/[C084388]아스코르빈산나트륨99%/[C084419]아스코르빈산98%/[C084433]아스코르빈산97ㆍ5%과립/[C084448]아스코르빈산97%/[C084495]아스코르빈산칼슘97%과립/[C084658]아스코르빈산96%/[C084927]제피형아스코르빈산96%Type SC/[C085686]직탁용아스코르빈산98%/[C085785]아스코르빈산스테아레이트/[C086801]제피아스코르빈산97ㆍ5%/[C087036]코팅된아스코르빈산/[C088252]아스코르빈산제제/[C089177]아스코르빈산96%SC/[C090019]90%아스코르빈산/[C091430]아스코르빈산유캡/[C094260]95%아스코르빈산/[C094676]3-O-에칠아스코르빈산/[C095118]제피아스코르빈산96%/[C095392]아스코르빌팔미테이트/[C095412]제피아스코르빈사96% Type SC/[C095426]제피아스코르빈산96%가루/[C095604]아스코르빈산90%/[C099084]아스코르빈산팔미테이트/[C099734]아스코르브산90%과립/[C099910]직타용아스코르빈산/[C100271]팔미틴산아스코르빈산/[C100420]엘-아스코르빈산/[C101135]90%아스코르빈산과립/[C102189]아스코르빅애씨드/[C312780]소듐아스코르베이트/[C312824]아스코르빌 테트라이소팔미테이트/[C317903]글루코사민아스코르베이트/[C318482]칼슘 아스코르베이트/[C320842]아스코르빅애씨드/[C400592]아스코르빌니코티네이트/[I000229]아스코르빈산칼슘/[I001468]아스코르빈산제일철/[I001971]마그네슘아스코르베이트/[I003752]아스코르빈산나트륨/[I004351]아스코르브산/[M040354]아스코르빈산/[M050961]아스코르빈산철/[M080210]아스코르빈산나트륨/[M081017]아스코르빈산90%과립/[M081495]아스코르빈산펠렛/[M081615]아스코르빈산제피과립/[M081679]아스코르빈산60%/[M081772]제피아스코르빈산TYPE-SC/[M081998]아스코르빈팔미틴산/[M082617]아스코르빈산제피산/[M082841]아스코르빈산98%과립/[M082845]제피아스코르빈산96%/[M082850]직타용아스코르빈산/[M082857]제피아스코르빈산/[M083022]아스코르빈산96%과립/[M083040]아스코르빈산97%과립/[M083727]아스코르빈산제피산98%DC/[M083960]제피아스코르빈산TYPE-SC/[M083984]아스코르빈산칼슘/[M084311]엘아스코르빈산나트륨/[M084327]아스코르빈산과립/[M084388]아스코르빈산나트륨99%/[M084419]아스코르빈산98%/[M084433]아스코르빈산97ㆍ5%과립/[M084448]아스코르빈산97%/[M084495]아스코르빈산칼슘97%과립/[M084658]아스코르빈산96%/[M084927]제피아스코르빈산96%Type SC/[M085686]직타용아스코르빈산98%/[M087036]제피아스코르빈산/[M088252]아스코르빈산/[M089177]아스코르빈산96%SC/[M090019]아스코르빈산90%/[M091430]아스코르빈산유캡/[M094260]아스코르빈산95%/[M095392]아스코르빌팔미테이트/[M095426]제피아스코르빈산96%가루/[M095604]아스코르빈산90%/[M099084]아스코르빈산팔미테이트/[M100271]팔미틴산아스코르빈산/[M100420]엘-아스코르빈산/[M103048]제피형아스코르빈산96%TypeSC/[M103617]팔미틴산아스코르빌/[M104937]아스코르빈산97%분말/[M105763]아스코르빈산제제/[M107308]제피아스코르빈산97.0%가루/[M107594]소듐엘아스코르베이트/[M201112]아스코르빈산제일철/[M201618]제피아스코르빈사96%TypeSC/[M201620]제피아스코르빈산가루/[M201622]제피아스코르빈산TYPEB/[M203450]아스코르브산/[M203451]아스코르브산소듐/[M203452]아스코르빈산소듐/[M207370]팔미틴산아스코르브산/[M207385]아스코르빈산 97(아스코르빈산으로서 600mg)/[M207533]아스코르빈산 97(아스코르빈산으로서 600㎎)/[M209224]직타용아스코르빈산97%/[M210040]제피아스코르빈산97%과립/[M210875]소듐L-아스코르베이트/[M211316]아스코르빈산 산/[M211364]제피형아스코르빈산96%/[M211402]직타용아스코르빈산 90%/[M212742]아스코르빈산과립 97%(아스코르빈산으로서 83.3밀리그램)/[M214926]제피아스코르빈산 Type SC/[M215692]아스코르빈산(비타민C)/[M216038]아스코르빈산과립97%(아스코르빈산으로서 75밀리그램)/[M216398]아스코르빈산과립97%(아스코르빈산으로서 83.34밀리그램)/[M220142]직타용아스코르빈산(97%)/[M220180]아스코르빈산 97/[M223105]아스코르브산 산/[M223106]아스코르브산 정/[M223107]아스코르브산 주사액/[M224238]아스코르브산97/[M225398]아스코르빈산 Type FC/[M226183]아스코르빈산과립97%/[M227509]아스코르브산97%과립/[M229451]아스코르빈산 90%과립/[M229497]제피아스코르빈산 96% Type SC/[M234001]아스코르브산과립97%/[M236177]아스코르브산 90%과립/[M236913]제피아스코르브산/[M236926]직타용아스코르브산/[M239246]L-아스코르빈산/[M239251]L-아스코르빈산나트륨/[M239556]제피아스코르브산96% Type SC/[M241223]아스코르브산90%과립/[M242242]제피아스코르빈산*/[M243471]엘-아스코르빈산나트륨/[M243491]아스코르브산 97/[M244591]엘-아스코르빈산나트륨/[M244678]아스코르브산 97/[M245849]제피아스코르브산에스씨/[M245878]아스코르브산팔미테이트/[M246161]직타용아스코르브산97%/[M246638]아스코르브산97%/[M246709]아스코르브산나트륨/[M246900]90%아스코르브산/[M248326]아스코르빌나트륨포스페이트/[M249820]아스코르브산96%과립/[M250406]아스코르브산과립/[M250800]제피아스코르브산 TYPE-SC/[M251500]제피아스코르브산96%가루/[M252473]아스코르브산칼슘/[M252874]아스코르브산나트륨/[M252882]L-아스코르브산/[M253028]아스코르브산칼슘수화물/[M254082]제피아스코르브산 Type SC/[M254227]제피형아스코르브산96%TypeSC/[M254749]아스코르브산95%과립/[M254848]90%아스코르브산과립/[M256156]아스코르브산과립96%/[M257558]제피아스코르브산96%/[M257734]아스코르브산 과립90%/[M258008]아스코르브산칼슘이수화물/[M258592]작타용아스코르브산 97 %/[M258994]아스코르브산/[M259386]L-아스코르브산나트륨/[M259573]L-아스코르브산/[M261728]아스코르브산97%(직타용)/[M263901]제피아스코르브산97%가루/[M264037]90%아스코르빈산/[M265896]제피아스코르브산97.5%가루","","필름코팅정","2등급",20250714,-,"","정상"
6460,"임부금기","복합",D001108,Pyrilamine,"피릴라민","[D000147]Acetaminophen(아세트아미노펜)/[D000852]Caffeine(카페인)","[C083883]탄닌산피릴라민/[C084743]피릴라민/[C088707]말레인산피릴라민/[I002132]피릴라민말레이트/[I007461]탄닌산피릴라민/[M088707]말레인산피릴라민/[M202021]피릴라민말레이트/[M040353]아세트아미노펜/[M082309]아세트아미노펜제피세립/[M233006]아세트아미노펜 DC 500/600/[M246556]아세트아미노펜 (미분화)/[M262287]아세트아미노펜 과립/[M040579]카페인(함수)/[M040580]무수카페인/[M090611]카페인/[M223183]카페인무수물/[M223184]카페인수화물/[M241017]무수물카페인","","필름코팅정","2등급",20250714,-,"","정상"
6397,"임부금기","복합",D001098,Noscapine,"노스카핀","[D000893]Chlorpheniramine(클로르페니라민)/[D001109]Potassium Guaiacolsulfonate(구아야콜설폰산칼륨)/[D001116]Methylephedrine(메틸에페드린)","[C040059]노스카핀/[C040060]염산노스카핀/[I002629]노스카핀/[I002630]노스카핀캄실레이트/[I002631]노스카핀염산염수화물/[M040059]노스카핀/[M040060]염산노스카핀/[M222947]노스카핀염산염수화물/[M223470]노스카핀염산염수화물/[M245380]노스카핀염산염/[M040616]말레인산클로르페니라민/[M050213]말레인산덱스클로르페니라민/[M051529]클로르페니라민/[M082701]디엘말레인산클로르페니라민/[M083325]디말레인산클로르페니라민/[M099959]말레인산클로로페니라민/[M100018]말레산클로르페니라민/[M100476]디말레인산클로르페니라민/[M101581]디엘말레인산클로르페니라민/[M200471]말레인산클로르페니라민제피과립/[M202197]D-말레인산클로르페니라민/[M202204]DL-말레인산클로르페니라민/[M203913]클로르페니라민말레인산염/[M212847]클로르페니라민말레이트/[M223211]클로르페니라민말레산염/[M223212]d-클로르페니라민말레산염/[M223213]클로르페니라민말레산염 산/[M223214]클로르페니라민말레산염 정/[M223215]클로르페니라민말레산염 주사액/[M226783]dl-클로르페니라민말레산염/[M249715]덱스클로르페니라민 말레산염/[M251936]덱스클로르페니라민말레이트/[C050059]구아야콜설폰산칼륨/[I005220]구아야콜설폰산칼륨/[M050059]구아야콜설폰산칼륨/[M251709]구아야콜설폰산칼륨(무수물로서 45밀리그램)/[M263120]구아야콜설폰산칼륨수화물/[A006116]메틸에페드린/[I006391]dl-메틸에페드린염산염/[M204422]dl-메틸에페드린염산염/[M223022]dl-메틸에페드린염산염 산 10%/[M235519]디엘메틸에페드린염산염/[M240608]dI-메틸에페드린염산염/[M240859]디엘-메틸에페드린염산염/[M252389]㎗-메틸에페드린염산염/[M264046]DL-메틸에페드린염산염","","경구용액제","2등급",20250714,-,"","정상"
6398,"임부금기","복합",D001098,Noscapine,"노스카핀","[D000145]Aminophylline(아미노필린)/[D000893]Chlorpheniramine(클로르페니라민)/[D001116]Methylephedrine(메틸에페드린)","[C040059]노스카핀/[C040060]염산노스카핀/[I002629]노스카핀/[I002630]노스카핀캄실레이트/[I002631]노스카핀염산염수화물/[M040059]노스카핀/[M040060]염산노스카핀/[M222947]노스카핀염산염수화물/[M223470]노스카핀염산염수화물/[M245380]노스카핀염산염/[M040346]아미노필린/[M223100]아미노필린수화물/[M040616]말레인산클로르페니라민/[M050213]말레인산덱스클로르페니라민/[M051529]클로르페니라민/[M082701]디엘말레인산클로르페니라민/[M083325]디말레인산클로르페니라민/[M099959]말레인산클로로페니라민/[M100018]말레산클로르페니라민/[M100476]디말레인산클로르페니라민/[M101581]디엘말레인산클로르페니라민/[M200471]말레인산클로르페니라민제피과립/[M202197]D-말레인산클로르페니라민/[M202204]DL-말레인산클로르페니라민/[M203913]클로르페니라민말레인산염/[M212847]클로르페니라민말레이트/[M223211]클로르페니라민말레산염/[M223212]d-클로르페니라민말레산염/[M223213]클로르페니라민말레산염 산/[M223214]클로르페니라민말레산염 정/[M223215]클로르페니라민말레산염 주사액/[M226783]dl-클로르페니라민말레산염/[M249715]덱스클로르페니라민 말레산염/[M251936]덱스클로르페니라민말레이트/[A006116]메틸에페드린/[I006391]dl-메틸에페드린염산염/[M204422]dl-메틸에페드린염산염/[M223022]dl-메틸에페드린염산염 산 10%/[M235519]디엘메틸에페드린염산염/[M240608]dI-메틸에페드린염산염/[M240859]디엘-메틸에페드린염산염/[M252389]㎗-메틸에페드린염산염/[M264046]DL-메틸에페드린염산염","","당의정","2등급",20250714,-,"","정상"
6399,"임부금기","복합",D001098,Noscapine,"노스카핀","[D000147]Acetaminophen(아세트아미노펜)/[D000493]Guaifenesin(구아이페네신)/[D000200]Dextromethorphan(덱스트로메토르판)","[C040059]노스카핀/[C040060]염산노스카핀/[I002629]노스카핀/[I002630]노스카핀캄실레이트/[I002631]노스카핀염산염수화물/[M040059]노스카핀/[M040060]염산노스카핀/[M222947]노스카핀염산염수화물/[M223470]노스카핀염산염수화물/[M245380]노스카핀염산염/[M040353]아세트아미노펜/[M082309]아세트아미노펜제피세립/[M233006]아세트아미노펜 DC 500/600/[M246556]아세트아미노펜 (미분화)/[M262287]아세트아미노펜 과립/[M050058]구아이페네신/[M040084]브롬화수소산덱스트로메토르판/[M202983]덱스트로메토르판브롬화수소산염/[M222957]덱스트로메토르판브롬화수소산염수화물","","연질캡슐제, 액상","2등급",20250714,-,"","정상"
6461,"임부금기","복합",D000764,"Sodium Phosphate Dibasic Dihydrate","인산일수소나트륨","[D000576]Sodium dihydrogen Phosphate(인산이수소나트륨)","[M040513]인산일수소나트륨/[M089733]인산수소나트륨칠수화물/[M228832]인산수소나트륨무수물/[M249575]인산일수소나트륨수화물/[M051286]인산이수소나트륨/[M083252]인산이수소나트륨일수화물/[M232835]인산이수소나트륨수화물","","관장제","2등급",20250714,"(정제) - 임부에 대한 안전성 미확립 (관장제) -","관장제 포함","정상"
6462,"임부금기","복합",D000709,Lidocaine,"리도카인","[D001808]Bacitracin(바시트라신)","[M040131]리도카인/[M050364]염산리도카인/[M203064]리도카인염산염일수화물/[M222842]리도카인염산염수화물/[M241764]리도카인염산염/[A000379]바시트라신","","직장용연고제","2등급",20201228,"- 태아 서맥 또는 빈맥, 호흡 저하 등 발생 가능성 - (직장용반고형제) -","직장용 반고형제 포함","정상"
6464,"임부금기","복합",D000709,Lidocaine,"리도카인","[D001809]Allantoin(알란토인)/[D000406]Prednisolone(프레드니솔론)/[D001810]Tocopherol(토코페롤)","[M040131]리도카인/[M050364]염산리도카인/[M203064]리도카인염산염일수화물/[M222842]리도카인염산염수화물/[M241764]리도카인염산염/[A000767]알란토인/[M040717]프레드니솔론/[M104040]호박산프레드니솔론나트륨/[M223298]프레드니솔론아세테이트/[M256482]프레드니솔론헤미숙시네이트/[A001180]토코페롤","","직장용크림제","2등급",20201228,"- 태아 서맥 또는 빈맥, 호흡 저하 등 발생 가능성- (직장용반고형제) -","직장용 반고형제 포함","정상"
6468,"임부금기","복합",D000709,Lidocaine,"리도카인","[D001811]Isopropyl Methylphenol(이소프로필메틸페놀)/[D001039]Tetrahydrozoline(테트라히드로졸린)","[M040131]리도카인/[M050364]염산리도카인/[M203064]리도카인염산염일수화물/[M222842]리도카인염산염수화물/[M241764]리도카인염산염/[A000951]이소프로필메틸페놀/[M223237]테트라히드로졸린염산염","","직장용겔제","2등급",20201228,"- 태아 서맥 또는 빈맥, 호흡 저하 등 발생 가능성 - (직장용반고형제) -","직장용 반고형제 포함","정상"
6400,"임부금기","복합",D001098,Noscapine,"노스카핀","[D000147]Acetaminophen(아세트아미노펜)/[D001116]Methylephedrine(메틸에페드린)/[D001131]Polygalae Radix(원지)/[D001123]Cinnamomum cassia Blume(육계)/[D001266]Anhydrous Caffeine(카페인무수물)/[D001132]Bezoar Bovis(우황)/[D000893]Chlorpheniramine(클로르페니라민)","[C040059]노스카핀/[C040060]염산노스카핀/[I002629]노스카핀/[I002630]노스카핀캄실레이트/[I002631]노스카핀염산염수화물/[M040059]노스카핀/[M040060]염산노스카핀/[M222947]노스카핀염산염수화물/[M223470]노스카핀염산염수화물/[M245380]노스카핀염산염/[M040353]아세트아미노펜/[M082309]아세트아미노펜제피세립/[M233006]아세트아미노펜 DC 500/600/[M246556]아세트아미노펜 (미분화)/[M262287]아세트아미노펜 과립/[A006116]메틸에페드린/[I006391]dl-메틸에페드린염산염/[M204422]dl-메틸에페드린염산염/[M223022]dl-메틸에페드린염산염 산 10%/[M235519]디엘메틸에페드린염산염/[M240608]dI-메틸에페드린염산염/[M240859]디엘-메틸에페드린염산염/[M252389]㎗-메틸에페드린염산염/[M264046]DL-메틸에페드린염산염/[C040482]원지/[C050846]원지건조엑스/[C071320]원지가루/[C085132]원지강즙제/[C085177]원지강제/[C095275]제원지/[C405888]원지뿌리추출물/[C428611]원지뿌리추출물/[I012234]원지/[M040482]원지/[M050846]원지건조엑스/[M071320]원지가루/[M085132]원지강즙제/[M085177]원지강제/[M095275]제원지/[C050036]육계/[C089617]육계엑스산/[C401739]육계추출물/[C401743]육계잎추출물/[C402601]육계/[C402602]육계껍질/정향싹/로즈마리잎/불가리스백리향잎수/[C428728]육계/[C428729]육계/정향싹/로즈마리잎/타임잎수/[C428730]육계/정향싹/로즈마리잎/타임잎오일/[C428731]육계껍질/탱자열매/삼백초잎/뿌리/도둑놈의지팡이뿌리추출물/[C428733]육계잎추출물/[C428734]육계전초오일/[C428735]육계전초추출물/[C428736]육계껍질추출물/[C434092]하이드롤라이즈드육계추출물/[C438444]육계껍질수/[C438521](육계껍질/요엽후박)나무껍질/(고량강/참당귀)뿌리추출물/[I000485]육계/[I008329]육계/[I012425]육계·아선약·소두구·고추 연조엑스(5→1)/[M050036]육계/[M089617]육계엑스산/[M106290]육계(모계)/[M201470]육계엑스가루/[M227893]육계70%에탄올틴크(1->5)/[M232832]육계건조엑스/[M234405]육계가루/[M239186]육계엑스(22->1)/[M240817]육계70%에탄올틴크(1→5)/[M244658]육계틴크(1→5)/[M245879]육계건조엑스(31.25->1)/[M246170]육계연조엑스/[M251943]육계추출물/[M252166]육계유/[M252345]육계유동엑스/[M252650]육계·아선약·소두구·고추 연조엑스(5→1)/[M253194]육계엑스(22→1)/[M254384]육계·아선약·소두구·고추 연조엑스(5->1)/[M258809]육계엑스/[M259064]육계30%에탄올유동엑스/[M261235]육계연조엑스(7.9∼9.6→1)
/[M262509]육계연조엑스(7.9~9.6→1)/[M264213]육계/당귀/작약/숙지황/천궁/황기 혼합추출물/[M264384]육계연조엑스(8.8~10.8→1)/[M264645]육계연조엑스(8.3→1)/[M266305]육계건조엑스(20~35→1)/[M266529]육계건조엑스(22→1)/[M267315]육계연조엑스(8.4~10.2→1)/[M267418]육계연조엑스(6.7~10→1) /[M223183]카페인무수물/[C040345]우황가루/[C040478]우황/[C082205]우황추출액/[I006429]우황/[M040345]우황가루/[M040478]우황/[M082205]우황추출액/[M040616]말레인산클로르페니라민/[M050213]말레인산덱스클로르페니라민/[M051529]클로르페니라민/[M082701]디엘말레인산클로르페니라민/[M083325]디말레인산클로르페니라민/[M099959]말레인산클로로페니라민/[M100018]말레산클로르페니라민/[M100476]디말레인산클로르페니라민/[M101581]디엘말레인산클로르페니라민/[M200471]말레인산클로르페니라민제피과립/[M202197]D-말레인산클로르페니라민/[M202204]DL-말레인산클로르페니라민/[M203913]클로르페니라민말레인산염/[M212847]클로르페니라민말레이트/[M223211]클로르페니라민말레산염/[M223212]d-클로르페니라민말레산염/[M223213]클로르페니라민말레산염 산/[M223214]클로르페니라민말레산염 정/[M223215]클로르페니라민말레산염 주사액/[M226783]dl-클로르페니라민말레산염/[M249715]덱스클로르페니라민 말레산염/[M251936]덱스클로르페니라민말레이트","","경질캡슐제, 산제","2등급",20250714,-,"","정상"
6401,"임부금기","복합",D001098,Noscapine,"노스카핀","[D000147]Acetaminophen(아세트아미노펜)/[D000981]Cloperastine(클로페라스틴)","[C040059]노스카핀/[C040060]염산노스카핀/[I002629]노스카핀/[I002630]노스카핀캄실레이트/[I002631]노스카핀염산염수화물/[M040059]노스카핀/[M040060]염산노스카핀/[M222947]노스카핀염산염수화물/[M223470]노스카핀염산염수화물/[M245380]노스카핀염산염/[M040353]아세트아미노펜/[M082309]아세트아미노펜제피세립/[M233006]아세트아미노펜 DC 500/600/[M246556]아세트아미노펜 (미분화)/[M262287]아세트아미노펜 과립/[M051546]염산클로페라스틴/[M051547]펜디조산클로페라스틴/[M222890]클로페라스틴염산염","","연질캡슐제, 액상","2등급",20250714,-,"","정상"
6494,"임부금기","단일",D001813,"Ibuprofen Piconol","이부프로펜피코놀","","[M261461]이부프로펜피코놀","","피부크림제","2등급",20251223,"- 임신 3기에 사용 시 출산 지연, 출산시 실혈, 신생아 출혈, 태아의 심폐독성(동맥관 조기폐쇄를 수반하는 폐고혈압), 신기능 저하로 양수과소증을 수반하는 신부전 발생 가능","크림제 포함","정상"
6495,"임부금기","단일",D001813,"Ibuprofen Piconol","이부프로펜피코놀","","[M261461]이부프로펜피코놀","","피부크림제","2등급",20251223,"- 임신 3기에 사용 시 출산 지연, 출산시 실혈, 신생아 출혈, 태아의 심폐독성(동맥관 조기폐쇄를 수반하는 폐고혈압), 신기능 저하로 양수과소증을 수반하는 신부전 발생 가능","크림제 포함","삭제"
6496,"임부금기","단일",D001814,"Deoxycholic acid","데옥시콜산","","[A004330]데옥시콜산나트륨/[A110638]데옥시콜산/[M111487]데옥시콜산나트륨/[M280524]데옥시콜산","","용액주사제","2등급",20251223,"- 임부에 대한 안전성 미확립","","정상"
6497,"임부금기","단일",D001815,"Prednisolone valeroacetate","프레드니솔론발레로아세테이트","","[M249662]프레드니솔론발레로아세테이트","","피부크림제/피부로션제","2등급",20251223,"- 임부에 대한 안전성 미확립- 임부에게 대량 또는 장기간에 걸친 광범위한 사용 피할 것","로션제, 크림제 포함","정상"
6945,"임부금기","복합",D001813,"Ibuprofen Piconol","이부프로펜피코놀","[D001811]Isopropyl Methylphenol(이소프로필메틸페놀)","[M261461]이부프로펜피코놀/[A000951]이소프로필메틸페놀","","피부크림제","2등급",20251223,"- 임신 3기에 사용 시 출산 지연, 출산시 실혈, 신생아 출혈, 태아의 심폐독성(동맥관 조기폐쇄를 수반하는 폐고혈압), 신기능 저하로 양수과소증을 수반하는 신부전 발생 가능","크림제 포함","정상"
6402,"임부금기","복합",D001098,Noscapine,"노스카핀","[D000147]Acetaminophen(아세트아미노펜)/[D000826]Triprolidine(트리프롤리딘)/[D000493]Guaifenesin(구아이페네신)/[D000200]Dextromethorphan(덱스트로메토르판)","[C040059]노스카핀/[C040060]염산노스카핀/[I002629]노스카핀/[I002630]노스카핀캄실레이트/[I002631]노스카핀염산염수화물/[M040059]노스카핀/[M040060]염산노스카핀/[M222947]노스카핀염산염수화물/[M223470]노스카핀염산염수화물/[M245380]노스카핀염산염/[M040353]아세트아미노펜/[M082309]아세트아미노펜제피세립/[M233006]아세트아미노펜 DC 500/600/[M246556]아세트아미노펜 (미분화)/[M262287]아세트아미노펜 과립/[M051642]염산트리프롤리딘/[M241782]트리프롤리딘염산염/[M243192]트리프롤리딘염산염/[M243987]트리프롤리딘염산염/[M244139]트리프롤리딘염산염/[M246366]트리프로리딘염산염/[M250460]트리프롤리딘염산염수화물/[M050058]구아이페네신/[M040084]브롬화수소산덱스트로메토르판/[M202983]덱스트로메토르판브롬화수소산염/[M222957]덱스트로메토르판브롬화수소산염수화물","","연질캡슐제, 액상","2등급",20250717,-,"","정상"
6403,"임부금기","복합",D001098,Noscapine,"노스카핀","[D000147]Acetaminophen(아세트아미노펜)/[D001116]Methylephedrine(메틸에페드린)/[D000493]Guaifenesin(구아이페네신)/[D000200]Dextromethorphan(덱스트로메토르판)","[C040059]노스카핀/[C040060]염산노스카핀/[I002629]노스카핀/[I002630]노스카핀캄실레이트/[I002631]노스카핀염산염수화물/[M040059]노스카핀/[M040060]염산노스카핀/[M222947]노스카핀염산염수화물/[M223470]노스카핀염산염수화물/[M245380]노스카핀염산염/[M040353]아세트아미노펜/[M082309]아세트아미노펜제피세립/[M233006]아세트아미노펜 DC 500/600/[M246556]아세트아미노펜 (미분화)/[M262287]아세트아미노펜 과립/[A006116]메틸에페드린/[I006391]dl-메틸에페드린염산염/[M204422]dl-메틸에페드린염산염/[M223022]dl-메틸에페드린염산염 산 10%/[M235519]디엘메틸에페드린염산염/[M240608]dI-메틸에페드린염산염/[M240859]디엘-메틸에페드린염산염/[M252389]㎗-메틸에페드린염산염/[M264046]DL-메틸에페드린염산염/[M050058]구아이페네신/[M040084]브롬화수소산덱스트로메토르판/[M202983]덱스트로메토르판브롬화수소산염/[M222957]덱스트로메토르판브롬화수소산염수화물","","연질캡슐제, 액상","2등급",20250714,-,"","정상"
6404,"임부금기","복합",D001098,Noscapine,"노스카핀","[D000147]Acetaminophen(아세트아미노펜)/[D001116]Methylephedrine(메틸에페드린)/[D000493]Guaifenesin(구아이페네신)/[D000200]Dextromethorphan(덱스트로메토르판)/[D001123]Cinnamomum cassia Blume(육계)","[C040059]노스카핀/[C040060]염산노스카핀/[I002629]노스카핀/[I002630]노스카핀캄실레이트/[I002631]노스카핀염산염수화물/[M040059]노스카핀/[M040060]염산노스카핀/[M222947]노스카핀염산염수화물/[M223470]노스카핀염산염수화물/[M245380]노스카핀염산염/[M040353]아세트아미노펜/[M082309]아세트아미노펜제피세립/[M233006]아세트아미노펜 DC 500/600/[M246556]아세트아미노펜 (미분화)/[M262287]아세트아미노펜 과립/[A006116]메틸에페드린/[I006391]dl-메틸에페드린염산염/[M204422]dl-메틸에페드린염산염/[M223022]dl-메틸에페드린염산염 산 10%/[M235519]디엘메틸에페드린염산염/[M240608]dI-메틸에페드린염산염/[M240859]디엘-메틸에페드린염산염/[M252389]㎗-메틸에페드린염산염/[M264046]DL-메틸에페드린염산염/[M050058]구아이페네신/[M040084]브롬화수소산덱스트로메토르판/[M202983]덱스트로메토르판브롬화수소산염/[M222957]덱스트로메토르판브롬화수소산염수화물/[C050036]육계/[C089617]육계엑스산/[C401739]육계추출물/[C401743]육계잎추출물/[C402601]육계/[C402602]육계껍질/정향싹/로즈마리잎/불가리스백리향잎수/[C428728]육계/[C428729]육계/정향싹/로즈마리잎/타임잎수/[C428730]육계/정향싹/로즈마리잎/타임잎오일/[C428731]육계껍질/탱자열매/삼백초잎/뿌리/도둑놈의지팡이뿌리추출물/[C428733]육계잎추출물/[C428734]육계전초오일/[C428735]육계전초추출물/[C428736]육계껍질추출물/[C434092]하이드롤라이즈드육계추출물/[C438444]육계껍질수/[C438521](육계껍질/요엽후박)나무껍질/(고량강/참당귀)뿌리추출물/[I000485]육계/[I008329]육계/[I012425]육계·아선약·소두구·고추 연조엑스(5→1)/[M050036]육계/[M089617]육계엑스산/[M106290]육계(모계)/[M201470]육계엑스가루/[M227893]육계70%에탄올틴크(1->5)/[M232832]육계건조엑스/[M234405]육계가루/[M239186]육계엑스(22->1)/[M240817]육계70%에탄올틴크(1→5)/[M244658]육계틴크(1→5)/[M245879]육계건조엑스(31.25->1)/[M246170]육계연조엑스/[M251943]육계추출물/[M252166]육계유/[M252345]육계유동엑스/[M252650]육계·아선약·소두구·고추 연조엑스(5→1)/[M253194]육계엑스(22→1)/[M254384]육계·아선약·소두구·고추 연조엑스(5->1)/[M258809]육계엑스/[M259064]육계30%에탄올유동엑스/[M261235]육계연조엑스(7.9∼9.6→1)
/[M262509]육계연조엑스(7.9~9.6→1)/[M264213]육계/당귀/작약/숙지황/천궁/황기 혼합추출물/[M264384]육계연조엑스(8.8~10.8→1)/[M264645]육계연조엑스(8.3→1)/[M266305]육계건조엑스(20~35→1)/[M266529]육계건조엑스(22→1)/[M267315]육계연조엑스(8.4~10.2→1)/[M267418]육계연조엑스(6.7~10→1)","","연질캡슐제, 현탁상","2등급",20250714,-,"","정상"
6946,"임부금기","단일",D001667,Sennoside,"센노사이드","","[A000598]센나/[M040297]센나/[M050808]센노시드","","장용성필름코팅정/과립제","2등급",20081211,"","","정상"
6405,"임부금기","복합",D001098,Noscapine,"노스카핀","[D000147]Acetaminophen(아세트아미노펜)/[D001116]Methylephedrine(메틸에페드린)/[D000448]Pseudoephedrine(슈도에페드린)/[D000493]Guaifenesin(구아이페네신)/[D000200]Dextromethorphan(덱스트로메토르판)/[D000893]Chlorpheniramine(클로르페니라민)","[C040059]노스카핀/[C040060]염산노스카핀/[I002629]노스카핀/[I002630]노스카핀캄실레이트/[I002631]노스카핀염산염수화물/[M040059]노스카핀/[M040060]염산노스카핀/[M222947]노스카핀염산염수화물/[M223470]노스카핀염산염수화물/[M245380]노스카핀염산염/[M040353]아세트아미노펜/[M082309]아세트아미노펜제피세립/[M233006]아세트아미노펜 DC 500/600/[M246556]아세트아미노펜 (미분화)/[M262287]아세트아미노펜 과립/[A006116]메틸에페드린/[I006391]dl-메틸에페드린염산염/[M204422]dl-메틸에페드린염산염/[M223022]dl-메틸에페드린염산염 산 10%/[M235519]디엘메틸에페드린염산염/[M240608]dI-메틸에페드린염산염/[M240859]디엘-메틸에페드린염산염/[M252389]㎗-메틸에페드린염산염/[M264046]DL-메틸에페드린염산염/[M050833]염산슈도에페드린/[M081720]황산슈도에페드린/[M203364]슈도에페드린염산염/[M222865]수도에페드린염산염/[M248579]수도에페드린황산염/[M256034]수도에페드린염산염 과립/[M258826]수도에페드린/[M050058]구아이페네신/[M040084]브롬화수소산덱스트로메토르판/[M202983]덱스트로메토르판브롬화수소산염/[M222957]덱스트로메토르판브롬화수소산염수화물/[M040616]말레인산클로르페니라민/[M050213]말레인산덱스클로르페니라민/[M051529]클로르페니라민/[M082701]디엘말레인산클로르페니라민/[M083325]디말레인산클로르페니라민/[M099959]말레인산클로로페니라민/[M100018]말레산클로르페니라민/[M100476]디말레인산클로르페니라민/[M101581]디엘말레인산클로르페니라민/[M200471]말레인산클로르페니라민제피과립/[M202197]D-말레인산클로르페니라민/[M202204]DL-말레인산클로르페니라민/[M203913]클로르페니라민말레인산염/[M212847]클로르페니라민말레이트/[M223211]클로르페니라민말레산염/[M223212]d-클로르페니라민말레산염/[M223213]클로르페니라민말레산염 산/[M223214]클로르페니라민말레산염 정/[M223215]클로르페니라민말레산염 주사액/[M226783]dl-클로르페니라민말레산염/[M249715]덱스클로르페니라민 말레산염/[M251936]덱스클로르페니라민말레이트","","연질캡슐제, 액상","2등급",20250714,-,"","정상"
6407,"임부금기","복합",D001098,Noscapine,"노스카핀","[D000147]Acetaminophen(아세트아미노펜)/[D001116]Methylephedrine(메틸에페드린)/[D000448]Pseudoephedrine(슈도에페드린)/[D000493]Guaifenesin(구아이페네신)/[D001266]Anhydrous Caffeine(카페인무수물)/[D000893]Chlorpheniramine(클로르페니라민)","[C040059]노스카핀/[C040060]염산노스카핀/[I002629]노스카핀/[I002630]노스카핀캄실레이트/[I002631]노스카핀염산염수화물/[M040059]노스카핀/[M040060]염산노스카핀/[M222947]노스카핀염산염수화물/[M223470]노스카핀염산염수화물/[M245380]노스카핀염산염/[M040353]아세트아미노펜/[M082309]아세트아미노펜제피세립/[M233006]아세트아미노펜 DC 500/600/[M246556]아세트아미노펜 (미분화)/[M262287]아세트아미노펜 과립/[A006116]메틸에페드린/[I006391]dl-메틸에페드린염산염/[M204422]dl-메틸에페드린염산염/[M223022]dl-메틸에페드린염산염 산 10%/[M235519]디엘메틸에페드린염산염/[M240608]dI-메틸에페드린염산염/[M240859]디엘-메틸에페드린염산염/[M252389]㎗-메틸에페드린염산염/[M264046]DL-메틸에페드린염산염/[M050833]염산슈도에페드린/[M081720]황산슈도에페드린/[M203364]슈도에페드린염산염/[M222865]수도에페드린염산염/[M248579]수도에페드린황산염/[M256034]수도에페드린염산염 과립/[M258826]수도에페드린/[M050058]구아이페네신/[M223183]카페인무수물/[M040616]말레인산클로르페니라민/[M050213]말레인산덱스클로르페니라민/[M051529]클로르페니라민/[M082701]디엘말레인산클로르페니라민/[M083325]디말레인산클로르페니라민/[M099959]말레인산클로로페니라민/[M100018]말레산클로르페니라민/[M100476]디말레인산클로르페니라민/[M101581]디엘말레인산클로르페니라민/[M200471]말레인산클로르페니라민제피과립/[M202197]D-말레인산클로르페니라민/[M202204]DL-말레인산클로르페니라민/[M203913]클로르페니라민말레인산염/[M212847]클로르페니라민말레이트/[M223211]클로르페니라민말레산염/[M223212]d-클로르페니라민말레산염/[M223213]클로르페니라민말레산염 산/[M223214]클로르페니라민말레산염 정/[M223215]클로르페니라민말레산염 주사액/[M226783]dl-클로르페니라민말레산염/[M249715]덱스클로르페니라민 말레산염/[M251936]덱스클로르페니라민말레이트","","경질캡슐제, 과립제","2등급",20250714,-,"","정상"
6406,"임부금기","복합",D001098,Noscapine,"노스카핀","[D000147]Acetaminophen(아세트아미노펜)/[D001116]Methylephedrine(메틸에페드린)/[D000448]Pseudoephedrine(슈도에페드린)/[D000493]Guaifenesin(구아이페네신)/[D000200]Dextromethorphan(덱스트로메토르판)/[D000893]Chlorpheniramine(클로르페니라민)/[D001123]Cinnamomum cassia Blume(육계)","[C040059]노스카핀/[C040060]염산노스카핀/[I002629]노스카핀/[I002630]노스카핀캄실레이트/[I002631]노스카핀염산염수화물/[M040059]노스카핀/[M040060]염산노스카핀/[M222947]노스카핀염산염수화물/[M223470]노스카핀염산염수화물/[M245380]노스카핀염산염/[M040353]아세트아미노펜/[M082309]아세트아미노펜제피세립/[M233006]아세트아미노펜 DC 500/600/[M246556]아세트아미노펜 (미분화)/[M262287]아세트아미노펜 과립/[A006116]메틸에페드린/[I006391]dl-메틸에페드린염산염/[M204422]dl-메틸에페드린염산염/[M223022]dl-메틸에페드린염산염 산 10%/[M235519]디엘메틸에페드린염산염/[M240608]dI-메틸에페드린염산염/[M240859]디엘-메틸에페드린염산염/[M252389]㎗-메틸에페드린염산염/[M264046]DL-메틸에페드린염산염/[M050833]염산슈도에페드린/[M081720]황산슈도에페드린/[M203364]슈도에페드린염산염/[M222865]수도에페드린염산염/[M248579]수도에페드린황산염/[M256034]수도에페드린염산염 과립/[M258826]수도에페드린/[M050058]구아이페네신/[M040084]브롬화수소산덱스트로메토르판/[M202983]덱스트로메토르판브롬화수소산염/[M222957]덱스트로메토르판브롬화수소산염수화물/[M040616]말레인산클로르페니라민/[M050213]말레인산덱스클로르페니라민/[M051529]클로르페니라민/[M082701]디엘말레인산클로르페니라민/[M083325]디말레인산클로르페니라민/[M099959]말레인산클로로페니라민/[M100018]말레산클로르페니라민/[M100476]디말레인산클로르페니라민/[M101581]디엘말레인산클로르페니라민/[M200471]말레인산클로르페니라민제피과립/[M202197]D-말레인산클로르페니라민/[M202204]DL-말레인산클로르페니라민/[M203913]클로르페니라민말레인산염/[M212847]클로르페니라민말레이트/[M223211]클로르페니라민말레산염/[M223212]d-클로르페니라민말레산염/[M223213]클로르페니라민말레산염 산/[M223214]클로르페니라민말레산염 정/[M223215]클로르페니라민말레산염 주사액/[M226783]dl-클로르페니라민말레산염/[M249715]덱스클로르페니라민 말레산염/[M251936]덱스클로르페니라민말레이트/[C050036]육계/[C089617]육계엑스산/[C401739]육계추출물/[C401743]육계잎추출물/[C402601]육계/[C402602]육계껍질/정향싹/로즈마리잎/불가리스백리향잎수/[C428728]육계/[C428729]육계/정향싹/로즈마리잎/타임잎수/[C428730]육계/정향싹/로즈마리잎/타임잎오일/[C428731]육계껍질/탱자열매/삼백초잎/뿌리/도둑놈의지팡이뿌리추출물/[C428733]육계잎추출물/[C428734]육계전초오일/[C428735]육계전초추출물/[C428736]육계껍질추출물/[C434092]하이드롤라이즈드육계추출물/[C438444]육계껍질수/[C438521](육계껍질/요엽후박)나무껍질/(고량강/참당귀)뿌리추출물/[I000485]육계/[I008329]육계/[I012425]육계·아선약·소두구·고추 연조엑스(5→1)/[M050036]육계/[M089617]육계엑스산/[M106290]육계(모계)/[M201470]육계엑스가루/[M227893]육계70%에탄올틴크(1->5)/[M232832]육계건조엑스/[M234405]육계가루/[M239186]육계엑스(22->1)/[M240817]육계70%에탄올틴크(1→5)/[M244658]육계틴크(1→5)/[M245879]육계건조엑스(31.25->1)/[M246170]육계연조엑스/[M251943]육계추출물/[M252166]육계유/[M252345]육계유동엑스/[M252650]육계·아선약·소두구·고추 연조엑스(5→1)/[M253194]육계엑스(22→1)/[M254384]육계·아선약·소두구·고추 연조엑스(5->1)/[M258809]육계엑스/[M259064]육계30%에탄올유동엑스/[M261235]육계연조엑스(7.9∼9.6→1)
/[M262509]육계연조엑스(7.9~9.6→1)/[M264213]육계/당귀/작약/숙지황/천궁/황기 혼합추출물/[M264384]육계연조엑스(8.8~10.8→1)/[M264645]육계연조엑스(8.3→1)/[M266305]육계건조엑스(20~35→1)/[M266529]육계건조엑스(22→1)/[M267315]육계연조엑스(8.4~10.2→1)/[M267418]육계연조엑스(6.7~10→1)","","연질캡슐제, 현탁상","2등급",20250714,-,"","정상"
6409,"임부금기","복합",D001098,Noscapine,"노스카핀","[D000147]Acetaminophen(아세트아미노펜)/[D001093]Galgeun-tang(갈근탕)/[D000493]Guaifenesin(구아이페네신)/[D001266]Anhydrous Caffeine(카페인무수물)/[D000893]Chlorpheniramine(클로르페니라민)","[C040059]노스카핀/[C040060]염산노스카핀/[I002629]노스카핀/[I002630]노스카핀캄실레이트/[I002631]노스카핀염산염수화물/[M040059]노스카핀/[M040060]염산노스카핀/[M222947]노스카핀염산염수화물/[M223470]노스카핀염산염수화물/[M245380]노스카핀염산염/[M040353]아세트아미노펜/[M082309]아세트아미노펜제피세립/[M233006]아세트아미노펜 DC 500/600/[M246556]아세트아미노펜 (미분화)/[M262287]아세트아미노펜 과립/[C084556]갈근탕엑스/[C085494]갈근탕엑스분말/[C085503]갈근탕건조엑스/[C086018]갈근탕연조엑스/[C090838]갈근탕엑스과립/[C096410]갈근탕엑스정건조엑스/[C096710]갈근탕건조엑스[10→1]/[C100973]갈근탕엑스(10→1)/[M084556]갈근탕엑스/[M085494]갈근탕엑스분말/[M085503]갈근탕건조엑스/[M086018]갈근탕연조엑스/[M096410]갈근탕엑스정건조엑스/[M096710]갈근탕건조엑스[10→1]/[M100973]갈근탕엑스(10→1)/[M103265]갈근탕엑스말(10→1)/[M103916]갈근탕연조엑스(4.32→1)/[M104358]갈근탕엑스말/[M104683]갈근탕건조엑스(6.80→1)/[M104753]갈근탕연조엑스(3.4→1)/[M105329]갈근탕수침건조엑기스/[M105588]갈근탕건조엑스(5.78→1)/[M105816]갈근탕엑스분말(6→1)/[M105833]갈근탕연조엑스(4.17→1)/[M200049]갈근탕엑스가루/[M214453]갈근탕 연조엑스(4→1)/[M217483]갈근탕연조엑스(3->1)/[M229053]갈근탕 연조엑스(3.33→1)/[M250041]갈근탕엑스(5.81:1)/[M252043]갈근탕연조엑스[2.78→1]/[M252386]갈근탕연조엑스
(3.33→1)/[M259853]갈근탕건조엑스(6.31:1)/[M260768]갈근탕연조엑스(3.08→1)/[M261860]갈근탕건조엑스(5.6→1)/[M267754]갈근탕건조엑스(4→1)/[M050058]구아이페네신/[M223183]카페인무수물/[M040616]말레인산클로르페니라민/[M050213]말레인산덱스클로르페니라민/[M051529]클로르페니라민/[M082701]디엘말레인산클로르페니라민/[M083325]디말레인산클로르페니라민/[M099959]말레인산클로로페니라민/[M100018]말레산클로르페니라민/[M100476]디말레인산클로르페니라민/[M101581]디엘말레인산클로르페니라민/[M200471]말레인산클로르페니라민제피과립/[M202197]D-말레인산클로르페니라민/[M202204]DL-말레인산클로르페니라민/[M203913]클로르페니라민말레인산염/[M212847]클로르페니라민말레이트/[M223211]클로르페니라민말레산염/[M223212]d-클로르페니라민말레산염/[M223213]클로르페니라민말레산염 산/[M223214]클로르페니라민말레산염 정/[M223215]클로르페니라민말레산염 주사액/[M226783]dl-클로르페니라민말레산염/[M249715]덱스클로르페니라민 말레산염/[M251936]덱스클로르페니라민말레이트","","경질캡슐제, 공캡슐","2등급",20250714,-,"","정상"
6408,"임부금기","복합",D001098,Noscapine,"노스카핀","[D000147]Acetaminophen(아세트아미노펜)/[D001116]Methylephedrine(메틸에페드린)/[D001266]Anhydrous Caffeine(카페인무수물)/[D001142]Citrus Unshiu Peel(진피)/[D000893]Chlorpheniramine(클로르페니라민)","[C040059]노스카핀/[C040060]염산노스카핀/[I002629]노스카핀/[I002630]노스카핀캄실레이트/[I002631]노스카핀염산염수화물/[M040059]노스카핀/[M040060]염산노스카핀/[M222947]노스카핀염산염수화물/[M223470]노스카핀염산염수화물/[M245380]노스카핀염산염/[M040353]아세트아미노펜/[M082309]아세트아미노펜제피세립/[M233006]아세트아미노펜 DC 500/600/[M246556]아세트아미노펜 (미분화)/[M262287]아세트아미노펜 과립/[A006116]메틸에페드린/[I006391]dl-메틸에페드린염산염/[M204422]dl-메틸에페드린염산염/[M223022]dl-메틸에페드린염산염 산 10%/[M235519]디엘메틸에페드린염산염/[M240608]dI-메틸에페드린염산염/[M240859]디엘-메틸에페드린염산염/[M252389]㎗-메틸에페드린염산염/[M264046]DL-메틸에페드린염산염/[M223183]카페인무수물/[C040538]진피/[C070542]진피30%에탄올연조엑스(5:1)/[C082099]진피엑스/[C082860]진피연조엑스/[C084931]진피40%에탄올엑스/[C084933]진피70%에탄올틴크/[C084944]진피가루/[C086811]진피건조엑스/[C089506]진피엑스산/[C098637]진피추출물/글리세린/정제수/[C101459]진피70%에탄올틴크(1→5)/[C101807]진피(헤스페리딘으로서1ㆍ33밀리그람)/[I006157]진피(陳皮)/[I009557]진피(秦皮)/[M040538]진피/[M070542]진피30%에탄올연조엑스(5:1)/[M082099]진피엑스/[M082860]진피연조엑스/[M084931]진피40%에탄올엑스/[M084933]진피70%에탄올틴크/[M084944]진피가루/[M086811]진피건조엑스/[M089506]진피엑스산/[M101459]진피70%에탄올틴크(1→5)/[M101807]진피(헤스페리딘으로서1ㆍ33밀리그람)/[M102560]진피연조엑스(5→1)/[M103925]진피건조엑스(5.0→1)/[M104356]진피엑스(5→1)/[M105886]진피30%에탄올연조엑스/[M107313]진피40%에탄올엑스(5:1)/[M201658]진피엑스가루/[M239322]진피30%에탄올연조엑스(5->1)/[M244967]진피추출물/[M244970]진피추출물/[M244973]진피추출물/[M244976]진피추출물/[M245266]진피 30%에탄올연조엑스(5→1)/[M252013]진피(秦皮)/[M252641]진피70%에탄올틴크(1->5)/[M252649]진피엑스(5:1)/[M253084]진피(秦皮)/[M254026]진피(귤껍질)추출물/[M254322]진피(秦皮)/[M254478]진피(秦皮)/[M261224]진피연조엑스(1.7∼2.1→1)
/[M261584]진피(秦皮)/[M262498]진피연조엑스(1.7~2.1→1)/[M262523]진피연조엑스(1.4~1.7→1)
/[M262712]진피건조엑스(4.5~5.6→1)
/[M262718]진피연조엑스(1.4∼1.7→1)/[M264373]진피연조엑스(1.7~2.1→1)/[M264503]진피연조엑스(2.5→1)/[M266243]진피연조엑스(1.9∼2.3→1)/[M266530]진피30%에탄올연조엑스(5→1)-Ⅱ/[M266591]진피연조엑스(2.3~2.8→1)/[M267552]진피연조엑스(2.6~3.2→1)/[M040616]말레인산클로르페니라민/[M050213]말레인산덱스클로르페니라민/[M051529]클로르페니라민/[M082701]디엘말레인산클로르페니라민/[M083325]디말레인산클로르페니라민/[M099959]말레인산클로로페니라민/[M100018]말레산클로르페니라민/[M100476]디말레인산클로르페니라민/[M101581]디엘말레인산클로르페니라민/[M200471]말레인산클로르페니라민제피과립/[M202197]D-말레인산클로르페니라민/[M202204]DL-말레인산클로르페니라민/[M203913]클로르페니라민말레인산염/[M212847]클로르페니라민말레이트/[M223211]클로르페니라민말레산염/[M223212]d-클로르페니라민말레산염/[M223213]클로르페니라민말레산염 산/[M223214]클로르페니라민말레산염 정/[M223215]클로르페니라민말레산염 주사액/[M226783]dl-클로르페니라민말레산염/[M249715]덱스클로르페니라민 말레산염/[M251936]덱스클로르페니라민말레이트","","과립제","2등급",20250717,-,"","정상"
6411,"임부금기","복합",D001098,Noscapine,"노스카핀","[D000493]Guaifenesin(구아이페네신)/[D001799]Trimetoquinol(트리메토퀴놀)/[D000200]Dextromethorphan(덱스트로메토르판)/[D000893]Chlorpheniramine(클로르페니라민)","[C040059]노스카핀/[C040060]염산노스카핀/[I002629]노스카핀/[I002630]노스카핀캄실레이트/[I002631]노스카핀염산염수화물/[M040059]노스카핀/[M040060]염산노스카핀/[M222947]노스카핀염산염수화물/[M223470]노스카핀염산염수화물/[M245380]노스카핀염산염/[M050058]구아이페네신/[A001200]트리메토퀴놀/[M040084]브롬화수소산덱스트로메토르판/[M202983]덱스트로메토르판브롬화수소산염/[M222957]덱스트로메토르판브롬화수소산염수화물/[M040616]말레인산클로르페니라민/[M050213]말레인산덱스클로르페니라민/[M051529]클로르페니라민/[M082701]디엘말레인산클로르페니라민/[M083325]디말레인산클로르페니라민/[M099959]말레인산클로로페니라민/[M100018]말레산클로르페니라민/[M100476]디말레인산클로르페니라민/[M101581]디엘말레인산클로르페니라민/[M200471]말레인산클로르페니라민제피과립/[M202197]D-말레인산클로르페니라민/[M202204]DL-말레인산클로르페니라민/[M203913]클로르페니라민말레인산염/[M212847]클로르페니라민말레이트/[M223211]클로르페니라민말레산염/[M223212]d-클로르페니라민말레산염/[M223213]클로르페니라민말레산염 산/[M223214]클로르페니라민말레산염 정/[M223215]클로르페니라민말레산염 주사액/[M226783]dl-클로르페니라민말레산염/[M249715]덱스클로르페니라민 말레산염/[M251936]덱스클로르페니라민말레이트","","연질캡슐제, 액상","2등급",20250714,-,"","정상"
6410,"임부금기","복합",D001098,Noscapine,"노스카핀","[D001123]Cinnamomum cassia Blume(육계)/[D000847]Ethenzamide(에텐자미드)/[D001000]Licorice(감초)/[D001122]Jujube(대추)/[D001121]Dried Ginger(건강)/[D001119]Peony Root(작약)/[D001266]Anhydrous Caffeine(카페인무수물)/[D001798]Pueraria Root(갈근)/[D001133]Ephedrae Herb(마황)/[D000893]Chlorpheniramine(클로르페니라민)","[C040059]노스카핀/[C040060]염산노스카핀/[I002629]노스카핀/[I002630]노스카핀캄실레이트/[I002631]노스카핀염산염수화물/[M040059]노스카핀/[M040060]염산노스카핀/[M222947]노스카핀염산염수화물/[M223470]노스카핀염산염수화물/[M245380]노스카핀염산염/[C050036]육계/[C089617]육계엑스산/[C401739]육계추출물/[C401743]육계잎추출물/[C402601]육계/[C402602]육계껍질/정향싹/로즈마리잎/불가리스백리향잎수/[C428728]육계/[C428729]육계/정향싹/로즈마리잎/타임잎수/[C428730]육계/정향싹/로즈마리잎/타임잎오일/[C428731]육계껍질/탱자열매/삼백초잎/뿌리/도둑놈의지팡이뿌리추출물/[C428733]육계잎추출물/[C428734]육계전초오일/[C428735]육계전초추출물/[C428736]육계껍질추출물/[C434092]하이드롤라이즈드육계추출물/[C438444]육계껍질수/[C438521](육계껍질/요엽후박)나무껍질/(고량강/참당귀)뿌리추출물/[I000485]육계/[I008329]육계/[I012425]육계·아선약·소두구·고추 연조엑스(5→1)/[M050036]육계/[M089617]육계엑스산/[M106290]육계(모계)/[M201470]육계엑스가루/[M227893]육계70%에탄올틴크(1->5)/[M232832]육계건조엑스/[M234405]육계가루/[M239186]육계엑스(22->1)/[M240817]육계70%에탄올틴크(1→5)/[M244658]육계틴크(1→5)/[M245879]육계건조엑스(31.25->1)/[M246170]육계연조엑스/[M251943]육계추출물/[M252166]육계유/[M252345]육계유동엑스/[M252650]육계·아선약·소두구·고추 연조엑스(5→1)/[M253194]육계엑스(22→1)/[M254384]육계·아선약·소두구·고추 연조엑스(5->1)/[M258809]육계엑스/[M259064]육계30%에탄올유동엑스/[M261235]육계연조엑스(7.9∼9.6→1)
/[M262509]육계연조엑스(7.9~9.6→1)/[M264213]육계/당귀/작약/숙지황/천궁/황기 혼합추출물/[M264384]육계연조엑스(8.8~10.8→1)/[M264645]육계연조엑스(8.3→1)/[M266305]육계건조엑스(20~35→1)/[M266529]육계건조엑스(22→1)/[M267315]육계연조엑스(8.4~10.2→1)/[M267418]육계연조엑스(6.7~10→1) /[M040417]에텐자미드/[M095771]에덴자미드/[A006000]감초/[M040006]감초/[M070009]감초가루/[C040071]대추/[I006323]대추/[M040071]대추/[M262512]대추연조엑스(1.5∼1.9→1)/[M266238]대추건조엑스(2.5~3.1→1)/[M266249]대추연조엑스(1.2~1.4→1)/[C040007]건강/[C070022]건강조말/[C070030]건강틴크/[C082104]건강유동엑스/[C082517]건강가루/[C083050]건강엑스/[C084830]건강70%에탄올유동엑스/[C085146]건강70%에탄올틴크/[C085483]건강30%에탄올유동엑스/[C089572]건강엑스산/[C091939]건강연조엑스/[C093695]건강묽은에탄올틴크/[C096526]건강건조엑스/[C101460]건강70%에탄올틴크(1→5)/[I001696]건강/[M040007]건강/[M070030]건강틴크/[M082104]건강유동엑스/[M082517]건강가루/[M083050]건강엑스/[M085146]건강70%에탄올틴크/[M085483]건강30%에탄올유동엑스/[M091939]건강연조엑스/[M093373]포건강/[M093695]건강묽은에탄올틴크/[M095865]건강엑스가루/[M101460]건강70%에탄올틴크(1→5)/[M103252]건강건조엑스(5ㆍ6→1)/[M104354]건강틴크(1→5)/[M227892]건강70%에탄올틴크(1->5)/[M239738]건강건조엑스/[M246445]건강초탄/[M249865]건강틴크
(1→5)/[M250885]건강건조엑스(5.6→1)/[M251645]건강초탄/[M254336]건강초탄/[M260577]건강초탄/[M261229]건강연조엑스(1.5∼1.8→1)
/[M262503]건강연조엑스(1.5~1.8→1)/[M262727]건강연조엑스(2.2~2.7→1)
/[M264378]건강연조엑스(1.7~2.0→1)/[M264508]건강연조엑스(3.23→1)/[M266087]건강건조엑스(6.5~7.9→1)/[M266876]건강연조엑스(2.9~3.6→1)/[M267309]건강연조엑스(1.6~2.0→1)/[C040523]작약/[C051307]백작약/[C051308]적작약/[C071158]작약엑스/[C082518]작약가루/[C085611]백작약초/[C088975]백작약가루/[C089531]백작약엑스산(패오니플로린으로서 133ㆍ2밀리그람)/[C089542]백작약엑스산/[C090093]작약엑스산/[C090789]작약초/[C092727]백작약연조엑스/[C093837]작약건조엑스/[C096770]작약추출물/[C312372]작약추출물/[C313826]백작약추출물/[C320059]참작약/[C402274]작약전초추출물/[C402275]작약뿌리추출물/[C404274]작약뿌리수/[C404275]작약뿌리가루/[C406079]작약가루/[C406080]작약껍질/수액추출물/[C406081]작약꽃추출물/[C406082]작약추출물/[C429024]작약꽃추출물/[C429025]작약나무껍질/수액추출물/[C429026]작약뿌리/[C429027]작약뿌리가루/[C429028]작약뿌리수/[C429029]작약뿌리추출물/[C429030]작약잎세포추출물/[C429031]작약추출물/[I006447]작약/[M040523]작약/[M051307]백작약/[M051308]적작약/[M071158]작약엑스/[M082518]작약가루/[M085611]백작약초/[M088975]백작약가루/[M090093]작약엑스산/[M090789]작약초/[M093837]작약건조엑스/[M103890]작약건조엑스(5.88→1)/[M201554]작약엑스가루/[M212494]백작약엑스 (5.9→1)/[M214365]작약추출물/[M241192]작약엑스(5.9->1)/[M243283]작약엑스(5.9->1)/[M245904]작약엑스 (5.9→1)/[M246879]작약추출액/[M261230]작약연조엑스(3.3∼4.0→1)
/[M262504]작약연조엑스(3.3~4.0→1)/[M263913]작약연조엑스(2.3∼3.2→1)/[M264309]작약연조엑스(3.03->1)/[M264379]작약연조엑스(2.4~3.0→1)/[M264643]작약연조엑스(3.03→1)/[M266482]작약연조엑스(2.8∼3.4→1)/[M266487]작약연조엑스(2.7~3.3→1)/[M266950]작약연조엑스(2.8∼3.4→1)/[M267310]작약연조엑스(2.9~3.5→1)/[M268068]작약연조엑스(2.8~3.4→1)/[M268187]작약연조엑스(2.8~3.4→1)/[M223183]카페인무수물/[A000037]갈근/[C040135]마황/[C080619]마황탕수침건조엑스/[C088524]마황수침건조엑스/[C089573]마황엑스산/[C091941]마황엑스/[C095063]마황탕연조엑스/[C095449]마황가루/[C102054]마황근/[C102097]마황추출물/[C202560]마황추출물/[C423024]마황뿌리추출물/[I001223]마황/[I008197]마황근/[M040135]마황/[M088524]마황수침건조엑스/[M089573]마황엑스산/[M091941]마황엑스/[M095063]마황탕연조엑스/[M095449]마황가루/[M102054]마황근/[M200464]마황엑스가루/[M261223]마황연조엑스(2.2∼2.7→1)
/[M261691]마황탕엑스/[M262497]마황연조엑스(2.2~2.7→1)/[M264308]마황연조엑스(4.35->1)/[M264372]마황연조엑스(3.4~4.2→1)/[M264504]마황연조엑스(4.35→1)/[M266357]마황연조엑스(2.3∼2.9→1)/[M266873]마황연조엑스(3.7~5.0→1)/[M267305]마황연조엑스(2.8~3.4→1)/[M268323]마황연조엑스(3.8∼5.1→1)/[M040616]말레인산클로르페니라민/[M050213]말레인산덱스클로르페니라민/[M051529]클로르페니라민/[M082701]디엘말레인산클로르페니라민/[M083325]디말레인산클로르페니라민/[M099959]말레인산클로로페니라민/[M100018]말레산클로르페니라민/[M100476]디말레인산클로르페니라민/[M101581]디엘말레인산클로르페니라민/[M200471]말레인산클로르페니라민제피과립/[M202197]D-말레인산클로르페니라민/[M202204]DL-말레인산클로르페니라민/[M203913]클로르페니라민말레인산염/[M212847]클로르페니라민말레이트/[M223211]클로르페니라민말레산염/[M223212]d-클로르페니라민말레산염/[M223213]클로르페니라민말레산염 산/[M223214]클로르페니라민말레산염 정/[M223215]클로르페니라민말레산염 주사액/[M226783]dl-클로르페니라민말레산염/[M249715]덱스클로르페니라민 말레산염/[M251936]덱스클로르페니라민말레이트","","과립제","2등급",20250714,-,"","정상"
6412,"임부금기","복합",D001098,Noscapine,"노스카핀","[D000125]Methoxyphenamine(메톡시페나민)/[D001800]Diprophylline(디프로필린)/[D000893]Chlorpheniramine(클로르페니라민)","[C040059]노스카핀/[C040060]염산노스카핀/[I002629]노스카핀/[I002630]노스카핀캄실레이트/[I002631]노스카핀염산염수화물/[M040059]노스카핀/[M040060]염산노스카핀/[M222947]노스카핀염산염수화물/[M223470]노스카핀염산염수화물/[M245380]노스카핀염산염/[M050468]염산메톡시페나민/[M253687]메톡시페나민염산염/[A000202]디프로필린/[M040616]말레인산클로르페니라민/[M050213]말레인산덱스클로르페니라민/[M051529]클로르페니라민/[M082701]디엘말레인산클로르페니라민/[M083325]디말레인산클로르페니라민/[M099959]말레인산클로로페니라민/[M100018]말레산클로르페니라민/[M100476]디말레인산클로르페니라민/[M101581]디엘말레인산클로르페니라민/[M200471]말레인산클로르페니라민제피과립/[M202197]D-말레인산클로르페니라민/[M202204]DL-말레인산클로르페니라민/[M203913]클로르페니라민말레인산염/[M212847]클로르페니라민말레이트/[M223211]클로르페니라민말레산염/[M223212]d-클로르페니라민말레산염/[M223213]클로르페니라민말레산염 산/[M223214]클로르페니라민말레산염 정/[M223215]클로르페니라민말레산염 주사액/[M226783]dl-클로르페니라민말레산염/[M249715]덱스클로르페니라민 말레산염/[M251936]덱스클로르페니라민말레이트","","경질캡슐제, 산제","2등급",20250714,-,"","정상"
6414,"임부금기","복합",D001098,Noscapine,"노스카핀","[D001116]Methylephedrine(메틸에페드린)/[D000493]Guaifenesin(구아이페네신)/[D000200]Dextromethorphan(덱스트로메토르판)/[D000893]Chlorpheniramine(클로르페니라민)","[C040059]노스카핀/[C040060]염산노스카핀/[I002629]노스카핀/[I002630]노스카핀캄실레이트/[I002631]노스카핀염산염수화물/[M040059]노스카핀/[M040060]염산노스카핀/[M222947]노스카핀염산염수화물/[M223470]노스카핀염산염수화물/[M245380]노스카핀염산염/[A006116]메틸에페드린/[I006391]dl-메틸에페드린염산염/[M204422]dl-메틸에페드린염산염/[M223022]dl-메틸에페드린염산염 산 10%/[M235519]디엘메틸에페드린염산염/[M240608]dI-메틸에페드린염산염/[M240859]디엘-메틸에페드린염산염/[M252389]㎗-메틸에페드린염산염/[M264046]DL-메틸에페드린염산염/[M050058]구아이페네신/[M040084]브롬화수소산덱스트로메토르판/[M202983]덱스트로메토르판브롬화수소산염/[M222957]덱스트로메토르판브롬화수소산염수화물/[M040616]말레인산클로르페니라민/[M050213]말레인산덱스클로르페니라민/[M051529]클로르페니라민/[M082701]디엘말레인산클로르페니라민/[M083325]디말레인산클로르페니라민/[M099959]말레인산클로로페니라민/[M100018]말레산클로르페니라민/[M100476]디말레인산클로르페니라민/[M101581]디엘말레인산클로르페니라민/[M200471]말레인산클로르페니라민제피과립/[M202197]D-말레인산클로르페니라민/[M202204]DL-말레인산클로르페니라민/[M203913]클로르페니라민말레인산염/[M212847]클로르페니라민말레이트/[M223211]클로르페니라민말레산염/[M223212]d-클로르페니라민말레산염/[M223213]클로르페니라민말레산염 산/[M223214]클로르페니라민말레산염 정/[M223215]클로르페니라민말레산염 주사액/[M226783]dl-클로르페니라민말레산염/[M249715]덱스클로르페니라민 말레산염/[M251936]덱스클로르페니라민말레이트","","경질캡슐제, 산제","2등급",20250714,-,"","정상"
6415,"임부금기","복합",D001098,Noscapine,"노스카핀","[D001116]Methylephedrine(메틸에페드린)/[D001109]Potassium Guaiacolsulfonate(구아야콜설폰산칼륨)/[D000200]Dextromethorphan(덱스트로메토르판)/[D000893]Chlorpheniramine(클로르페니라민)","[C040059]노스카핀/[C040060]염산노스카핀/[I002629]노스카핀/[I002630]노스카핀캄실레이트/[I002631]노스카핀염산염수화물/[M040059]노스카핀/[M040060]염산노스카핀/[M222947]노스카핀염산염수화물/[M223470]노스카핀염산염수화물/[M245380]노스카핀염산염/[A006116]메틸에페드린/[I006391]dl-메틸에페드린염산염/[M204422]dl-메틸에페드린염산염/[M223022]dl-메틸에페드린염산염 산 10%/[M235519]디엘메틸에페드린염산염/[M240608]dI-메틸에페드린염산염/[M240859]디엘-메틸에페드린염산염/[M252389]㎗-메틸에페드린염산염/[M264046]DL-메틸에페드린염산염/[C050059]구아야콜설폰산칼륨/[I005220]구아야콜설폰산칼륨/[M050059]구아야콜설폰산칼륨/[M251709]구아야콜설폰산칼륨(무수물로서 45밀리그램)/[M263120]구아야콜설폰산칼륨수화물/[M040084]브롬화수소산덱스트로메토르판/[M202983]덱스트로메토르판브롬화수소산염/[M222957]덱스트로메토르판브롬화수소산염수화물/[M040616]말레인산클로르페니라민/[M050213]말레인산덱스클로르페니라민/[M051529]클로르페니라민/[M082701]디엘말레인산클로르페니라민/[M083325]디말레인산클로르페니라민/[M099959]말레인산클로로페니라민/[M100018]말레산클로르페니라민/[M100476]디말레인산클로르페니라민/[M101581]디엘말레인산클로르페니라민/[M200471]말레인산클로르페니라민제피과립/[M202197]D-말레인산클로르페니라민/[M202204]DL-말레인산클로르페니라민/[M203913]클로르페니라민말레인산염/[M212847]클로르페니라민말레이트/[M223211]클로르페니라민말레산염/[M223212]d-클로르페니라민말레산염/[M223213]클로르페니라민말레산염 산/[M223214]클로르페니라민말레산염 정/[M223215]클로르페니라민말레산염 주사액/[M226783]dl-클로르페니라민말레산염/[M249715]덱스클로르페니라민 말레산염/[M251936]덱스클로르페니라민말레이트","","경질캡슐제, 산제","2등급",20250714,-,"","정상"
6413,"임부금기","복합",D001098,Noscapine,"노스카핀","[D001524]Pulvis Glycyrrhizae Radicis et Rhizomatis(Licorice Powder)(감초 가루)/[D001137]Ginseng Radix(인삼)/[D001801]Senega(세네가)/[D001802]Gambir(아선약)/[D001125]Platycodonis Radix(길경)/[D001803]Apricot Kernel(행인)","[C040059]노스카핀/[C040060]염산노스카핀/[I002629]노스카핀/[I002630]노스카핀캄실레이트/[I002631]노스카핀염산염수화물/[M040059]노스카핀/[M040060]염산노스카핀/[M222947]노스카핀염산염수화물/[M223470]노스카핀염산염수화물/[M245380]노스카핀염산염/[A006000]감초/[M040006]감초/[C050584]인삼25%에탄올유동엑스/[C051292]인삼총사포닌/[C061119]인삼30%에탄올건조엑스/[C070029]건조인삼엑스/[C070042]고려인삼건조엑스/[C071030]인삼유동엑스/[C071033]인삼엑스/[C080835]인삼건조엑스/[C080884]인삼엑스ㆍG115/[C082665]고려인삼유동엑스/[C084441]인삼추출액/[C084884]인삼30%에탄올엑스/[C084901]인삼70%에탄올유동엑스/[C084962]인삼엑스산/[C085109]인삼50%에탄올엑스/[C085318]인삼70%에탄올건조엑스/[C085782]인삼묽은에탄올건조엑스(7:1)/[C086724]인삼35%에탄올건조엑스/[C088213]인삼50%에탄올유동엑스/[C088361]인삼류엑스/[C089977]인삼90%에탄올엑스/[C090113]인삼30%에탄올유동엑스/[C090137]인삼70%메탄올엑스/[C090803]인삼추출물/[C090854]인삼50%에탄올연조엑스/[C091784]인삼가루/[C091856]인삼70%에탄올엑스/[C092512]인삼15%에탄올엑스/[C097100]인삼근추출물/[C098674]인삼추출물/물/[C099966]인삼양영탕연조엑스/[C100019]인삼50%에탄올건조엑스/[C100862]인삼연조엑스(6ㆍ7→1)/[C200894]인삼수/[C200895]인삼추출물/[C405998]인삼가루/[C406000]인삼배양액 추출물/[C406001]인삼분열조직세포배양액/[C406002]인삼/[C406003]인삼수/[C406004]인삼싹추출물/[C406009]인삼추출물/[C428850]인삼/[C428851]인삼가루/[C428853]인삼배양액 추출물/[C428856]인삼세포배양추출물/[C428857]인삼수/[C428866]인삼추출물/[C438004]인삼형성층세포배양추출물/[C438005]인삼분열조직세포/[C438006]인삼분열조직세포추출물/[C438655]인삼싹추출물/[C438656]인삼분열조직세포배양물/[C438660]인삼잎/뿌리/줄기추출물/[C442019]인삼추출물(35)/[I001699]인삼/[I008730]인삼총사포닌/[M040213]인삼/[M050584]인삼25%에탄올유동엑스/[M051291]인삼/[M061119]인삼30%에탄올건조엑스/[M070029]건조인삼엑스/[M071030]인삼유동엑스/[M071033]인삼엑스/[M080417]인삼건조엑스-에이/[M080835]인삼건조엑스/[M080884]인삼엑스ㆍG115/[M082106]인삼유동엑스/[M082665]고려인삼유동엑스/[M082761]인삼가루/[M082773]인삼건조엑스/[M084441]인삼추출액/[M084631]인삼묽은에탄올엑스/[M084800]인삼50%에탄올추출액/[M084809]인삼30%에탄올엑스/[M084814]인삼70%에탄올유동엑스/[M084884]인삼30%에탄올엑스/[M085109]인삼50%에탄올엑스/[M085287]인삼35%에탄올유동엑스/[M085318]인삼70%에탄올건조엑스/[M085334]인삼40%에탄올유동엑스/[M085782]인삼묽은에탄올건조엑스(7:1)/[M086540]인삼70%에탄올건조엑스/[M086724]인삼35%에탄올건조엑스/[M088361]인삼류엑스/[M089262]인삼연조엑스-A/[M089783]인삼90%에탄올엑스/[M089977]인삼90%에탄올엑스/[M090113]인삼30%에탄올유동엑스/[M090137]인삼70%메탄올엑스/[M091856]인삼70%에탄올엑스/[M092070]인삼패독산엑스/[M092512]인삼15%에탄올엑스/[M092892]인삼엑스G115/[M095307]인삼에탄올엑스/[M100019]인삼50%에탄올건조엑스/[M100862]인삼연조엑스(6ㆍ7→1)/[M102340]인삼건조엑스(2ㆍ94→1)/[M103357]인삼건조엑스(6ㆍ7→1)/[M103441]인삼30%에탄올엑스(6ㆍ7→1)/[M103522]인삼30%에탄올엑스산(1ㆍ2→1)/[M103858]인삼70%에탄올건조엑스(14.5→1)/[M105460]인삼건조엑스(14.5→1)/[M105557]인삼70%에탄올유동엑스(3→1)/[M105602]인삼50%에탄올엑스(6.7:1)/[M106440]건인삼/[M106441]생인삼/[M106646]인삼30%에탄올엑스(14.99:1)/[M201506]인삼묽은엑스/[M201507]인삼엑스가루/[M206628]인삼70%에탄올연조엑스(2.5→1)/[M209618]인삼추출물/[M211705]인삼70%에탄올연조엑스(2.5->1)/[M211843]인삼엑기스/[M213221]인삼건조엑스(2→1)/[M220312]인삼건조엑스(6.7→1)/[M225655]인삼35%에탄올건조엑스(14.9→1)/[M242098]인삼80%에탄올건조엑스(5→1)/[M245267]인삼 30% 에탄올연조엑스(7→1)/[M245625]인삼40%에탄올엑스/[M246368]인삼건조엑스(6.7->1)/[M249553]인삼50%에탄올연조엑스(2.2→1)/[M252511]인삼묽은에탄올엑스(10→1.5)/[M256216]인삼총사포닌/[M257951]인삼에탄올건조엑스(14.5→1)/[M262144]인삼35%에탄올건조엑스(14.9->1)/[M262516]인삼연조엑스/[M262520]인삼연조엑스(3.3~4.9→1)
/[M262526]인삼연조엑스
(3.3~4.9→1)
/[M262714]인삼연조엑스(3.3∼4.9→1)/[M262725]인삼연조엑스(2.2~2.7→1)
/[M268394]인삼엑스산 등/[M268617]인삼뿌리추출물/[A000540]세네가/[A000717]아선약/[C040048]길경/[C070085]길경추출액/[C070086]길경유동엑스/[C082634]길경가루/[C082657]길경건조엑스/[C082674]길경엑스/[C082950]길경건조엑스말/[C083122]길경33ㆍ3%에탄올엑스/[C084557]길경45%에탄올엑스가루/[C084832]길경엑스산/[C086044]길경연조엑스/[C086047]길경근/[C095008]길경30%에탄올연조엑스/[C100979]길경50%에탄올건조엑스(10->1)/[C101406]길경엑스산(10→1)/[C403069]길경추출물/[I006474]길경/[M040048]길경/[M070085]길경추출액/[M070086]길경유동엑스/[M082634]길경가루/[M082657]길경건조엑스/[M082674]길경엑스/[M082950]길경건조엑스말/[M083122]길경33ㆍ3%에탄올엑스/[M084557]길경45%에탄올엑스가루/[M084832]길경엑스산/[M086044]길경연조엑스/[M095008]길경30%에탄올연조엑스/[M100979]길경50%에탄올건조엑스(10->1)/[M101406]길경엑스산(10→1)/[M103013]길경엑스(3ㆍ7→1)/[M103895]길경건조엑스(3.7→1)/[M104031]길경엑스(4→1)/[M104077]길경엑스(10→1)/[M104359]길경건조엑스(10:1)/[M104415]길경33.3%에탄올엑스(4:1)/[M105015]길경45%에탄올엑스가루(10:1)/[M106069]길경33.3%에탄올유동엑스(4→1)/[M200164]길경건조엑스가루/[M200165]길경엑스가루/[M211323]길경건조엑스(10->1)/[M217082]길경엑스산(10 ->1)/[M221344]길경 30% 에탄올 유동엑스(1:1)/[M232676]길경엑스 (3.7→1)/[M238263]길경50%에탄올건조엑스(10→1)/[M242406]길경 유동엑스/[M243217]길경탕연조엑스/[M250128]길경농축엑기스/[M251012]길경33.3%에탄올유동엑스(4-1)/[M258076]길경33.3%에탄올유동엑스(4->1)/[M258823]길경농축엑스/[M261226]길경연조엑스(2.3∼2.8→1)
/[M262500]길경연조엑스(2.3~2.8→1)/[M263491]길경50%에탄올엑스산(10→1)/[M263888]길경연조엑스(1.2~1.4→1)/[M263904]길경30%에탄올유동엑스(1:1)/[M264018]길경엑스산(3.7→1)/[M264375]길경연조엑스(1.8~2.2→1)/[M264641]길경연조엑스(2.6→1)/[M266592]길경연조엑스(2.3~2.9→1)/[M266996]길경연조엑스(2.2∼2.7→1)/[M267307]길경연조엑스(2.1~2.5→1)/[M268063]길경연조엑스(2.3∼2.8→1)/[M268240]길경추출분말/[A003384]행인","","산제","2등급",20250714,-,"","정상"
6417,"임부금기","복합",D001098,Noscapine,"노스카핀","[D001110]Carbinoxamine(카르비녹사민)/[D001524]Pulvis Glycyrrhizae Radicis et Rhizomatis(Licorice Powder)(감초 가루)/[D001116]Methylephedrine(메틸에페드린)/[D001109]Potassium Guaiacolsulfonate(구아야콜설폰산칼륨)/[D000200]Dextromethorphan(덱스트로메토르판)/[D001125]Platycodonis Radix(길경)","[C040059]노스카핀/[C040060]염산노스카핀/[I002629]노스카핀/[I002630]노스카핀캄실레이트/[I002631]노스카핀염산염수화물/[M040059]노스카핀/[M040060]염산노스카핀/[M222947]노스카핀염산염수화물/[M223470]노스카핀염산염수화물/[M245380]노스카핀염산염/[C051445]말레인산카르비녹사민/[C083490]말레인산카르비녹사민서방성과립/[C090108]카르비녹사민레지네이트/[C091587]말레인산카르비녹사민과립/[I000321]말레인산카르비녹사민/[M051445]말레인산카르비녹사민/[M071403]카르비녹사민 레지네이트/[M083490]말레인산카르비녹사민서방성과립/[M090108]카르비녹사민레지네이트/[M091587]말레인산카르비녹사민과립/[M200470]말레인산카르비녹사민서방과립/[M251260]카르비녹사민말레산염/[A006000]감초/[M040006]감초/[A006116]메틸에페드린/[I006391]dl-메틸에페드린염산염/[M204422]dl-메틸에페드린염산염/[M223022]dl-메틸에페드린염산염 산 10%/[M235519]디엘메틸에페드린염산염/[M240608]dI-메틸에페드린염산염/[M240859]디엘-메틸에페드린염산염/[M252389]㎗-메틸에페드린염산염/[M264046]DL-메틸에페드린염산염/[C050059]구아야콜설폰산칼륨/[I005220]구아야콜설폰산칼륨/[M050059]구아야콜설폰산칼륨/[M251709]구아야콜설폰산칼륨(무수물로서 45밀리그램)/[M263120]구아야콜설폰산칼륨수화물/[M040084]브롬화수소산덱스트로메토르판/[M202983]덱스트로메토르판브롬화수소산염/[M222957]덱스트로메토르판브롬화수소산염수화물/[C040048]길경/[C070085]길경추출액/[C070086]길경유동엑스/[C082634]길경가루/[C082657]길경건조엑스/[C082674]길경엑스/[C082950]길경건조엑스말/[C083122]길경33ㆍ3%에탄올엑스/[C084557]길경45%에탄올엑스가루/[C084832]길경엑스산/[C086044]길경연조엑스/[C086047]길경근/[C095008]길경30%에탄올연조엑스/[C100979]길경50%에탄올건조엑스(10->1)/[C101406]길경엑스산(10→1)/[C403069]길경추출물/[I006474]길경/[M040048]길경/[M070085]길경추출액/[M070086]길경유동엑스/[M082634]길경가루/[M082657]길경건조엑스/[M082674]길경엑스/[M082950]길경건조엑스말/[M083122]길경33ㆍ3%에탄올엑스/[M084557]길경45%에탄올엑스가루/[M084832]길경엑스산/[M086044]길경연조엑스/[M095008]길경30%에탄올연조엑스/[M100979]길경50%에탄올건조엑스(10->1)/[M101406]길경엑스산(10→1)/[M103013]길경엑스(3ㆍ7→1)/[M103895]길경건조엑스(3.7→1)/[M104031]길경엑스(4→1)/[M104077]길경엑스(10→1)/[M104359]길경건조엑스(10:1)/[M104415]길경33.3%에탄올엑스(4:1)/[M105015]길경45%에탄올엑스가루(10:1)/[M106069]길경33.3%에탄올유동엑스(4→1)/[M200164]길경건조엑스가루/[M200165]길경엑스가루/[M211323]길경건조엑스(10->1)/[M217082]길경엑스산(10 ->1)/[M221344]길경 30% 에탄올 유동엑스(1:1)/[M232676]길경엑스 (3.7→1)/[M238263]길경50%에탄올건조엑스(10→1)/[M242406]길경 유동엑스/[M243217]길경탕연조엑스/[M250128]길경농축엑기스/[M251012]길경33.3%에탄올유동엑스(4-1)/[M258076]길경33.3%에탄올유동엑스(4->1)/[M258823]길경농축엑스/[M261226]길경연조엑스(2.3∼2.8→1)
/[M262500]길경연조엑스(2.3~2.8→1)/[M263491]길경50%에탄올엑스산(10→1)/[M263888]길경연조엑스(1.2~1.4→1)/[M263904]길경30%에탄올유동엑스(1:1)/[M264018]길경엑스산(3.7→1)/[M264375]길경연조엑스(1.8~2.2→1)/[M264641]길경연조엑스(2.6→1)/[M266592]길경연조엑스(2.3~2.9→1)/[M266996]길경연조엑스(2.2∼2.7→1)/[M267307]길경연조엑스(2.1~2.5→1)/[M268063]길경연조엑스(2.3∼2.8→1)/[M268240]길경추출분말","","경질캡슐제, 산제","2등급",20250714,-,"","정상"
6418,"임부금기","복합",D001098,Noscapine,"노스카핀","[D001110]Carbinoxamine(카르비녹사민)/[D001116]Methylephedrine(메틸에페드린)/[D001109]Potassium Guaiacolsulfonate(구아야콜설폰산칼륨)/[D000200]Dextromethorphan(덱스트로메토르판)","[C040059]노스카핀/[C040060]염산노스카핀/[I002629]노스카핀/[I002630]노스카핀캄실레이트/[I002631]노스카핀염산염수화물/[M040059]노스카핀/[M040060]염산노스카핀/[M222947]노스카핀염산염수화물/[M223470]노스카핀염산염수화물/[M245380]노스카핀염산염/[C051445]말레인산카르비녹사민/[C083490]말레인산카르비녹사민서방성과립/[C090108]카르비녹사민레지네이트/[C091587]말레인산카르비녹사민과립/[I000321]말레인산카르비녹사민/[M051445]말레인산카르비녹사민/[M071403]카르비녹사민 레지네이트/[M083490]말레인산카르비녹사민서방성과립/[M090108]카르비녹사민레지네이트/[M091587]말레인산카르비녹사민과립/[M200470]말레인산카르비녹사민서방과립/[M251260]카르비녹사민말레산염/[A006116]메틸에페드린/[I006391]dl-메틸에페드린염산염/[M204422]dl-메틸에페드린염산염/[M223022]dl-메틸에페드린염산염 산 10%/[M235519]디엘메틸에페드린염산염/[M240608]dI-메틸에페드린염산염/[M240859]디엘-메틸에페드린염산염/[M252389]㎗-메틸에페드린염산염/[M264046]DL-메틸에페드린염산염/[C050059]구아야콜설폰산칼륨/[I005220]구아야콜설폰산칼륨/[M050059]구아야콜설폰산칼륨/[M251709]구아야콜설폰산칼륨(무수물로서 45밀리그램)/[M263120]구아야콜설폰산칼륨수화물/[M040084]브롬화수소산덱스트로메토르판/[M202983]덱스트로메토르판브롬화수소산염/[M222957]덱스트로메토르판브롬화수소산염수화물","","경질캡슐제, 산제","2등급",20250714,-,"","정상"
6419,"임부금기","복합",D001098,Noscapine,"노스카핀","[D001110]Carbinoxamine(카르비녹사민)/[D001116]Methylephedrine(메틸에페드린)/[D001664]Glycyrrhiza extract powder(감초엑스산)/[D001109]Potassium Guaiacolsulfonate(구아야콜설폰산칼륨)/[D000200]Dextromethorphan(덱스트로메토르판)/[D001804]Trichosanthes Seed(괄루인)/[D001125]Platycodonis Radix(길경)/[D001266]Anhydrous Caffeine(카페인무수물)/[D001685]Raw ginger extract powder(생강엑스산)","[C040059]노스카핀/[C040060]염산노스카핀/[I002629]노스카핀/[I002630]노스카핀캄실레이트/[I002631]노스카핀염산염수화물/[M040059]노스카핀/[M040060]염산노스카핀/[M222947]노스카핀염산염수화물/[M223470]노스카핀염산염수화물/[M245380]노스카핀염산염/[C051445]말레인산카르비녹사민/[C083490]말레인산카르비녹사민서방성과립/[C090108]카르비녹사민레지네이트/[C091587]말레인산카르비녹사민과립/[I000321]말레인산카르비녹사민/[M051445]말레인산카르비녹사민/[M071403]카르비녹사민 레지네이트/[M083490]말레인산카르비녹사민서방성과립/[M090108]카르비녹사민레지네이트/[M091587]말레인산카르비녹사민과립/[M200470]말레인산카르비녹사민서방과립/[M251260]카르비녹사민말레산염/[A006116]메틸에페드린/[I006391]dl-메틸에페드린염산염/[M204422]dl-메틸에페드린염산염/[M223022]dl-메틸에페드린염산염 산 10%/[M235519]디엘메틸에페드린염산염/[M240608]dI-메틸에페드린염산염/[M240859]디엘-메틸에페드린염산염/[M252389]㎗-메틸에페드린염산염/[M264046]DL-메틸에페드린염산염/[A006000]감초/[C050059]구아야콜설폰산칼륨/[I005220]구아야콜설폰산칼륨/[M050059]구아야콜설폰산칼륨/[M251709]구아야콜설폰산칼륨(무수물로서 45밀리그램)/[M263120]구아야콜설폰산칼륨수화물/[M040084]브롬화수소산덱스트로메토르판/[M202983]덱스트로메토르판브롬화수소산염/[M222957]덱스트로메토르판브롬화수소산염수화물/[A001623]괄루인/[C040048]길경/[C070085]길경추출액/[C070086]길경유동엑스/[C082634]길경가루/[C082657]길경건조엑스/[C082674]길경엑스/[C082950]길경건조엑스말/[C083122]길경33ㆍ3%에탄올엑스/[C084557]길경45%에탄올엑스가루/[C084832]길경엑스산/[C086044]길경연조엑스/[C086047]길경근/[C095008]길경30%에탄올연조엑스/[C100979]길경50%에탄올건조엑스(10->1)/[C101406]길경엑스산(10→1)/[C403069]길경추출물/[I006474]길경/[M040048]길경/[M070085]길경추출액/[M070086]길경유동엑스/[M082634]길경가루/[M082657]길경건조엑스/[M082674]길경엑스/[M082950]길경건조엑스말/[M083122]길경33ㆍ3%에탄올엑스/[M084557]길경45%에탄올엑스가루/[M084832]길경엑스산/[M086044]길경연조엑스/[M095008]길경30%에탄올연조엑스/[M100979]길경50%에탄올건조엑스(10->1)/[M101406]길경엑스산(10→1)/[M103013]길경엑스(3ㆍ7→1)/[M103895]길경건조엑스(3.7→1)/[M104031]길경엑스(4→1)/[M104077]길경엑스(10→1)/[M104359]길경건조엑스(10:1)/[M104415]길경33.3%에탄올엑스(4:1)/[M105015]길경45%에탄올엑스가루(10:1)/[M106069]길경33.3%에탄올유동엑스(4→1)/[M200164]길경건조엑스가루/[M200165]길경엑스가루/[M211323]길경건조엑스(10->1)/[M217082]길경엑스산(10 ->1)/[M221344]길경 30% 에탄올 유동엑스(1:1)/[M232676]길경엑스 (3.7→1)/[M238263]길경50%에탄올건조엑스(10→1)/[M242406]길경 유동엑스/[M243217]길경탕연조엑스/[M250128]길경농축엑기스/[M251012]길경33.3%에탄올유동엑스(4-1)/[M258076]길경33.3%에탄올유동엑스(4->1)/[M258823]길경농축엑스/[M261226]길경연조엑스(2.3∼2.8→1)
/[M262500]길경연조엑스(2.3~2.8→1)/[M263491]길경50%에탄올엑스산(10→1)/[M263888]길경연조엑스(1.2~1.4→1)/[M263904]길경30%에탄올유동엑스(1:1)/[M264018]길경엑스산(3.7→1)/[M264375]길경연조엑스(1.8~2.2→1)/[M264641]길경연조엑스(2.6→1)/[M266592]길경연조엑스(2.3~2.9→1)/[M266996]길경연조엑스(2.2∼2.7→1)/[M267307]길경연조엑스(2.1~2.5→1)/[M268063]길경연조엑스(2.3∼2.8→1)/[M268240]길경추출분말/[M223183]카페인무수물/[A000524]생강","","경질캡슐제, 산제","2등급",20250714,-,"","정상"
6420,"임부금기","복합",D001098,Noscapine,"노스카핀","[D001116]Methylephedrine(메틸에페드린)/[D000147]Acetaminophen(아세트아미노펜)/[D000493]Guaifenesin(구아이페네신)","[C040059]노스카핀/[C040060]염산노스카핀/[I002629]노스카핀/[I002630]노스카핀캄실레이트/[I002631]노스카핀염산염수화물/[M040059]노스카핀/[M040060]염산노스카핀/[M222947]노스카핀염산염수화물/[M223470]노스카핀염산염수화물/[M245380]노스카핀염산염/[A006116]메틸에페드린/[I006391]dl-메틸에페드린염산염/[M204422]dl-메틸에페드린염산염/[M223022]dl-메틸에페드린염산염 산 10%/[M235519]디엘메틸에페드린염산염/[M240608]dI-메틸에페드린염산염/[M240859]디엘-메틸에페드린염산염/[M252389]㎗-메틸에페드린염산염/[M264046]DL-메틸에페드린염산염/[M040353]아세트아미노펜/[M082309]아세트아미노펜제피세립/[M233006]아세트아미노펜 DC 500/600/[M246556]아세트아미노펜 (미분화)/[M262287]아세트아미노펜 과립/[M050058]구아이페네신","","경질캡슐제, 과립제","2등급",20250714,-,"","정상"
6421,"임부금기","복합",D000493,Guaifenesin,"구아이페네신","[D001125]Platycodonis Radix(길경)/[D000147]Acetaminophen(아세트아미노펜)/[D001123]Cinnamomum cassia Blume(육계)/[D001116]Methylephedrine(메틸에페드린)/[D001000]Licorice(감초)/[D001513]Fennel(회향)/[D001266]Anhydrous Caffeine(카페인무수물)/[D000200]Dextromethorphan(덱스트로메토르판)/[D000893]Chlorpheniramine(클로르페니라민)","[M050058]구아이페네신/[C040048]길경/[C070085]길경추출액/[C070086]길경유동엑스/[C082634]길경가루/[C082657]길경건조엑스/[C082674]길경엑스/[C082950]길경건조엑스말/[C083122]길경33ㆍ3%에탄올엑스/[C084557]길경45%에탄올엑스가루/[C084832]길경엑스산/[C086044]길경연조엑스/[C086047]길경근/[C095008]길경30%에탄올연조엑스/[C100979]길경50%에탄올건조엑스(10->1)/[C101406]길경엑스산(10→1)/[C403069]길경추출물/[I006474]길경/[M040048]길경/[M070085]길경추출액/[M070086]길경유동엑스/[M082634]길경가루/[M082657]길경건조엑스/[M082674]길경엑스/[M082950]길경건조엑스말/[M083122]길경33ㆍ3%에탄올엑스/[M084557]길경45%에탄올엑스가루/[M084832]길경엑스산/[M086044]길경연조엑스/[M095008]길경30%에탄올연조엑스/[M100979]길경50%에탄올건조엑스(10->1)/[M101406]길경엑스산(10→1)/[M103013]길경엑스(3ㆍ7→1)/[M103895]길경건조엑스(3.7→1)/[M104031]길경엑스(4→1)/[M104077]길경엑스(10→1)/[M104359]길경건조엑스(10:1)/[M104415]길경33.3%에탄올엑스(4:1)/[M105015]길경45%에탄올엑스가루(10:1)/[M106069]길경33.3%에탄올유동엑스(4→1)/[M200164]길경건조엑스가루/[M200165]길경엑스가루/[M211323]길경건조엑스(10->1)/[M217082]길경엑스산(10 ->1)/[M221344]길경 30% 에탄올 유동엑스(1:1)/[M232676]길경엑스 (3.7→1)/[M238263]길경50%에탄올건조엑스(10→1)/[M242406]길경 유동엑스/[M243217]길경탕연조엑스/[M250128]길경농축엑기스/[M251012]길경33.3%에탄올유동엑스(4-1)/[M258076]길경33.3%에탄올유동엑스(4->1)/[M258823]길경농축엑스/[M261226]길경연조엑스(2.3∼2.8→1)
/[M262500]길경연조엑스(2.3~2.8→1)/[M263491]길경50%에탄올엑스산(10→1)/[M263888]길경연조엑스(1.2~1.4→1)/[M263904]길경30%에탄올유동엑스(1:1)/[M264018]길경엑스산(3.7→1)/[M264375]길경연조엑스(1.8~2.2→1)/[M264641]길경연조엑스(2.6→1)/[M266592]길경연조엑스(2.3~2.9→1)/[M266996]길경연조엑스(2.2∼2.7→1)/[M267307]길경연조엑스(2.1~2.5→1)/[M268063]길경연조엑스(2.3∼2.8→1)/[M268240]길경추출분말/[M040353]아세트아미노펜/[M082309]아세트아미노펜제피세립/[M233006]아세트아미노펜 DC 500/600/[M246556]아세트아미노펜 (미분화)/[M262287]아세트아미노펜 과립/[C050036]육계/[C089617]육계엑스산/[C401739]육계추출물/[C401743]육계잎추출물/[C402601]육계/[C402602]육계껍질/정향싹/로즈마리잎/불가리스백리향잎수/[C428728]육계/[C428729]육계/정향싹/로즈마리잎/타임잎수/[C428730]육계/정향싹/로즈마리잎/타임잎오일/[C428731]육계껍질/탱자열매/삼백초잎/뿌리/도둑놈의지팡이뿌리추출물/[C428733]육계잎추출물/[C428734]육계전초오일/[C428735]육계전초추출물/[C428736]육계껍질추출물/[C434092]하이드롤라이즈드육계추출물/[C438444]육계껍질수/[C438521](육계껍질/요엽후박)나무껍질/(고량강/참당귀)뿌리추출물/[I000485]육계/[I008329]육계/[I012425]육계·아선약·소두구·고추 연조엑스(5→1)/[M050036]육계/[M089617]육계엑스산/[M106290]육계(모계)/[M201470]육계엑스가루/[M227893]육계70%에탄올틴크(1->5)/[M232832]육계건조엑스/[M234405]육계가루/[M239186]육계엑스(22->1)/[M240817]육계70%에탄올틴크(1→5)/[M244658]육계틴크(1→5)/[M245879]육계건조엑스(31.25->1)/[M246170]육계연조엑스/[M251943]육계추출물/[M252166]육계유/[M252345]육계유동엑스/[M252650]육계·아선약·소두구·고추 연조엑스(5→1)/[M253194]육계엑스(22→1)/[M254384]육계·아선약·소두구·고추 연조엑스(5->1)/[M258809]육계엑스/[M259064]육계30%에탄올유동엑스/[M261235]육계연조엑스(7.9∼9.6→1)
/[M262509]육계연조엑스(7.9~9.6→1)/[M264213]육계/당귀/작약/숙지황/천궁/황기 혼합추출물/[M264384]육계연조엑스(8.8~10.8→1)/[M264645]육계연조엑스(8.3→1)/[M266305]육계건조엑스(20~35→1)/[M266529]육계건조엑스(22→1)/[M267315]육계연조엑스(8.4~10.2→1)/[M267418]육계연조엑스(6.7~10→1) /[A006116]메틸에페드린/[I006391]dl-메틸에페드린염산염/[M204422]dl-메틸에페드린염산염/[M223022]dl-메틸에페드린염산염 산 10%/[M235519]디엘메틸에페드린염산염/[M240608]dI-메틸에페드린염산염/[M240859]디엘-메틸에페드린염산염/[M252389]㎗-메틸에페드린염산염/[M264046]DL-메틸에페드린염산염/[A006000]감초/[M040006]감초/[M070009]감초가루/[A003462]회향/[M040811]회향/[M223183]카페인무수물/[M040084]브롬화수소산덱스트로메토르판/[M202983]덱스트로메토르판브롬화수소산염/[M222957]덱스트로메토르판브롬화수소산염수화물/[M040616]말레인산클로르페니라민/[M050213]말레인산덱스클로르페니라민/[M051529]클로르페니라민/[M082701]디엘말레인산클로르페니라민/[M083325]디말레인산클로르페니라민/[M099959]말레인산클로로페니라민/[M100018]말레산클로르페니라민/[M100476]디말레인산클로르페니라민/[M101581]디엘말레인산클로르페니라민/[M200471]말레인산클로르페니라민제피과립/[M202197]D-말레인산클로르페니라민/[M202204]DL-말레인산클로르페니라민/[M203913]클로르페니라민말레인산염/[M212847]클로르페니라민말레이트/[M223211]클로르페니라민말레산염/[M223212]d-클로르페니라민말레산염/[M223213]클로르페니라민말레산염 산/[M223214]클로르페니라민말레산염 정/[M223215]클로르페니라민말레산염 주사액/[M226783]dl-클로르페니라민말레산염/[M249715]덱스클로르페니라민 말레산염/[M251936]덱스클로르페니라민말레이트","","필름코팅정","2등급",20250714,-,"","정상"
6422,"임부금기","복합",D000493,Guaifenesin,"구아이페네신","[D001125]Platycodonis Radix(길경)/[D000147]Acetaminophen(아세트아미노펜)/[D001123]Cinnamomum cassia Blume(육계)/[D001116]Methylephedrine(메틸에페드린)/[D001000]Licorice(감초)/[D000448]Pseudoephedrine(슈도에페드린)/[D001513]Fennel(회향)/[D001266]Anhydrous Caffeine(카페인무수물)/[D000200]Dextromethorphan(덱스트로메토르판)","[M050058]구아이페네신/[C040048]길경/[C070085]길경추출액/[C070086]길경유동엑스/[C082634]길경가루/[C082657]길경건조엑스/[C082674]길경엑스/[C082950]길경건조엑스말/[C083122]길경33ㆍ3%에탄올엑스/[C084557]길경45%에탄올엑스가루/[C084832]길경엑스산/[C086044]길경연조엑스/[C086047]길경근/[C095008]길경30%에탄올연조엑스/[C100979]길경50%에탄올건조엑스(10->1)/[C101406]길경엑스산(10→1)/[C403069]길경추출물/[I006474]길경/[M040048]길경/[M070085]길경추출액/[M070086]길경유동엑스/[M082634]길경가루/[M082657]길경건조엑스/[M082674]길경엑스/[M082950]길경건조엑스말/[M083122]길경33ㆍ3%에탄올엑스/[M084557]길경45%에탄올엑스가루/[M084832]길경엑스산/[M086044]길경연조엑스/[M095008]길경30%에탄올연조엑스/[M100979]길경50%에탄올건조엑스(10->1)/[M101406]길경엑스산(10→1)/[M103013]길경엑스(3ㆍ7→1)/[M103895]길경건조엑스(3.7→1)/[M104031]길경엑스(4→1)/[M104077]길경엑스(10→1)/[M104359]길경건조엑스(10:1)/[M104415]길경33.3%에탄올엑스(4:1)/[M105015]길경45%에탄올엑스가루(10:1)/[M106069]길경33.3%에탄올유동엑스(4→1)/[M200164]길경건조엑스가루/[M200165]길경엑스가루/[M211323]길경건조엑스(10->1)/[M217082]길경엑스산(10 ->1)/[M221344]길경 30% 에탄올 유동엑스(1:1)/[M232676]길경엑스 (3.7→1)/[M238263]길경50%에탄올건조엑스(10→1)/[M242406]길경 유동엑스/[M243217]길경탕연조엑스/[M250128]길경농축엑기스/[M251012]길경33.3%에탄올유동엑스(4-1)/[M258076]길경33.3%에탄올유동엑스(4->1)/[M258823]길경농축엑스/[M261226]길경연조엑스(2.3∼2.8→1)
/[M262500]길경연조엑스(2.3~2.8→1)/[M263491]길경50%에탄올엑스산(10→1)/[M263888]길경연조엑스(1.2~1.4→1)/[M263904]길경30%에탄올유동엑스(1:1)/[M264018]길경엑스산(3.7→1)/[M264375]길경연조엑스(1.8~2.2→1)/[M264641]길경연조엑스(2.6→1)/[M266592]길경연조엑스(2.3~2.9→1)/[M266996]길경연조엑스(2.2∼2.7→1)/[M267307]길경연조엑스(2.1~2.5→1)/[M268063]길경연조엑스(2.3∼2.8→1)/[M268240]길경추출분말/[M040353]아세트아미노펜/[M082309]아세트아미노펜제피세립/[M233006]아세트아미노펜 DC 500/600/[M246556]아세트아미노펜 (미분화)/[M262287]아세트아미노펜 과립/[C050036]육계/[C089617]육계엑스산/[C401739]육계추출물/[C401743]육계잎추출물/[C402601]육계/[C402602]육계껍질/정향싹/로즈마리잎/불가리스백리향잎수/[C428728]육계/[C428729]육계/정향싹/로즈마리잎/타임잎수/[C428730]육계/정향싹/로즈마리잎/타임잎오일/[C428731]육계껍질/탱자열매/삼백초잎/뿌리/도둑놈의지팡이뿌리추출물/[C428733]육계잎추출물/[C428734]육계전초오일/[C428735]육계전초추출물/[C428736]육계껍질추출물/[C434092]하이드롤라이즈드육계추출물/[C438444]육계껍질수/[C438521](육계껍질/요엽후박)나무껍질/(고량강/참당귀)뿌리추출물/[I000485]육계/[I008329]육계/[I012425]육계·아선약·소두구·고추 연조엑스(5→1)/[M050036]육계/[M089617]육계엑스산/[M106290]육계(모계)/[M201470]육계엑스가루/[M227893]육계70%에탄올틴크(1->5)/[M232832]육계건조엑스/[M234405]육계가루/[M239186]육계엑스(22->1)/[M240817]육계70%에탄올틴크(1→5)/[M244658]육계틴크(1→5)/[M245879]육계건조엑스(31.25->1)/[M246170]육계연조엑스/[M251943]육계추출물/[M252166]육계유/[M252345]육계유동엑스/[M252650]육계·아선약·소두구·고추 연조엑스(5→1)/[M253194]육계엑스(22→1)/[M254384]육계·아선약·소두구·고추 연조엑스(5->1)/[M258809]육계엑스/[M259064]육계30%에탄올유동엑스/[M261235]육계연조엑스(7.9∼9.6→1)
/[M262509]육계연조엑스(7.9~9.6→1)/[M264213]육계/당귀/작약/숙지황/천궁/황기 혼합추출물/[M264384]육계연조엑스(8.8~10.8→1)/[M264645]육계연조엑스(8.3→1)/[M266305]육계건조엑스(20~35→1)/[M266529]육계건조엑스(22→1)/[M267315]육계연조엑스(8.4~10.2→1)/[M267418]육계연조엑스(6.7~10→1) /[A006116]메틸에페드린/[I006391]dl-메틸에페드린염산염/[M204422]dl-메틸에페드린염산염/[M223022]dl-메틸에페드린염산염 산 10%/[M235519]디엘메틸에페드린염산염/[M240608]dI-메틸에페드린염산염/[M240859]디엘-메틸에페드린염산염/[M252389]㎗-메틸에페드린염산염/[M264046]DL-메틸에페드린염산염/[A006000]감초/[M040006]감초/[M070009]감초가루/[M050833]염산슈도에페드린/[M081720]황산슈도에페드린/[M203364]슈도에페드린염산염/[M222865]수도에페드린염산염/[M248579]수도에페드린황산염/[M256034]수도에페드린염산염 과립/[M258826]수도에페드린/[A003462]회향/[M040811]회향/[M223183]카페인무수물/[M040084]브롬화수소산덱스트로메토르판/[M202983]덱스트로메토르판브롬화수소산염/[M222957]덱스트로메토르판브롬화수소산염수화물","","필름코팅정","2등급",20250714,-,"","정상"
6426,"임부금기","복합",D000493,Guaifenesin,"구아이페네신","[D000147]Acetaminophen(아세트아미노펜)/[D000191]Phenylephrine(페닐레프린)/[D000932]Pentoxyverine(펜톡시베린)/[D001266]Anhydrous Caffeine(카페인무수물)/[D000893]Chlorpheniramine(클로르페니라민)","[M050058]구아이페네신/[M040353]아세트아미노펜/[M082309]아세트아미노펜제피세립/[M233006]아세트아미노펜 DC 500/600/[M246556]아세트아미노펜 (미분화)/[M262287]아세트아미노펜 과립/[M040696]염산페닐에프린/[M222724]페닐레프린염산염/[M225151]페닐에프린염산염/[M200134]구연산펜톡시베린/[M223287]펜톡시베린시트르산염/[M223183]카페인무수물/[M040616]말레인산클로르페니라민/[M050213]말레인산덱스클로르페니라민/[M051529]클로르페니라민/[M082701]디엘말레인산클로르페니라민/[M083325]디말레인산클로르페니라민/[M099959]말레인산클로로페니라민/[M100018]말레산클로르페니라민/[M100476]디말레인산클로르페니라민/[M101581]디엘말레인산클로르페니라민/[M200471]말레인산클로르페니라민제피과립/[M202197]D-말레인산클로르페니라민/[M202204]DL-말레인산클로르페니라민/[M203913]클로르페니라민말레인산염/[M212847]클로르페니라민말레이트/[M223211]클로르페니라민말레산염/[M223212]d-클로르페니라민말레산염/[M223213]클로르페니라민말레산염 산/[M223214]클로르페니라민말레산염 정/[M223215]클로르페니라민말레산염 주사액/[M226783]dl-클로르페니라민말레산염/[M249715]덱스클로르페니라민 말레산염/[M251936]덱스클로르페니라민말레이트","","경구용액제","2등급",20250714,-,"","정상"
6427,"임부금기","복합",D000493,Guaifenesin,"구아이페네신","[D000147]Acetaminophen(아세트아미노펜)/[D000448]Pseudoephedrine(슈도에페드린)/[D000200]Dextromethorphan(덱스트로메토르판)/[D000893]Chlorpheniramine(클로르페니라민)","[M050058]구아이페네신/[M040353]아세트아미노펜/[M082309]아세트아미노펜제피세립/[M233006]아세트아미노펜 DC 500/600/[M246556]아세트아미노펜 (미분화)/[M262287]아세트아미노펜 과립/[M050833]염산슈도에페드린/[M081720]황산슈도에페드린/[M203364]슈도에페드린염산염/[M222865]수도에페드린염산염/[M248579]수도에페드린황산염/[M256034]수도에페드린염산염 과립/[M258826]수도에페드린/[M040084]브롬화수소산덱스트로메토르판/[M202983]덱스트로메토르판브롬화수소산염/[M222957]덱스트로메토르판브롬화수소산염수화물/[M040616]말레인산클로르페니라민/[M050213]말레인산덱스클로르페니라민/[M051529]클로르페니라민/[M082701]디엘말레인산클로르페니라민/[M083325]디말레인산클로르페니라민/[M099959]말레인산클로로페니라민/[M100018]말레산클로르페니라민/[M100476]디말레인산클로르페니라민/[M101581]디엘말레인산클로르페니라민/[M200471]말레인산클로르페니라민제피과립/[M202197]D-말레인산클로르페니라민/[M202204]DL-말레인산클로르페니라민/[M203913]클로르페니라민말레인산염/[M212847]클로르페니라민말레이트/[M223211]클로르페니라민말레산염/[M223212]d-클로르페니라민말레산염/[M223213]클로르페니라민말레산염 산/[M223214]클로르페니라민말레산염 정/[M223215]클로르페니라민말레산염 주사액/[M226783]dl-클로르페니라민말레산염/[M249715]덱스클로르페니라민 말레산염/[M251936]덱스클로르페니라민말레이트","","연질캡슐제, 액상","2등급",20250714,-,"","정상"
6428,"임부금기","복합",D000493,Guaifenesin,"구아이페네신","[D000147]Acetaminophen(아세트아미노펜)/[D000448]Pseudoephedrine(슈도에페드린)/[D000893]Chlorpheniramine(클로르페니라민)","[M050058]구아이페네신/[M040353]아세트아미노펜/[M082309]아세트아미노펜제피세립/[M233006]아세트아미노펜 DC 500/600/[M246556]아세트아미노펜 (미분화)/[M262287]아세트아미노펜 과립/[M050833]염산슈도에페드린/[M081720]황산슈도에페드린/[M203364]슈도에페드린염산염/[M222865]수도에페드린염산염/[M248579]수도에페드린황산염/[M256034]수도에페드린염산염 과립/[M258826]수도에페드린/[M040616]말레인산클로르페니라민/[M050213]말레인산덱스클로르페니라민/[M051529]클로르페니라민/[M082701]디엘말레인산클로르페니라민/[M083325]디말레인산클로르페니라민/[M099959]말레인산클로로페니라민/[M100018]말레산클로르페니라민/[M100476]디말레인산클로르페니라민/[M101581]디엘말레인산클로르페니라민/[M200471]말레인산클로르페니라민제피과립/[M202197]D-말레인산클로르페니라민/[M202204]DL-말레인산클로르페니라민/[M203913]클로르페니라민말레인산염/[M212847]클로르페니라민말레이트/[M223211]클로르페니라민말레산염/[M223212]d-클로르페니라민말레산염/[M223213]클로르페니라민말레산염 산/[M223214]클로르페니라민말레산염 정/[M223215]클로르페니라민말레산염 주사액/[M226783]dl-클로르페니라민말레산염/[M249715]덱스클로르페니라민 말레산염/[M251936]덱스클로르페니라민말레이트","","연질캡슐제, 액상","2등급",20250714,-,"","정상"
6429,"임부금기","복합",D000493,Guaifenesin,"구아이페네신","[D000147]Acetaminophen(아세트아미노펜)/[D000981]Cloperastine(클로페라스틴)/[D001101]Riboflavin(리보플라빈)/[D000893]Chlorpheniramine(클로르페니라민)","[M050058]구아이페네신/[M040353]아세트아미노펜/[M082309]아세트아미노펜제피세립/[M233006]아세트아미노펜 DC 500/600/[M246556]아세트아미노펜 (미분화)/[M262287]아세트아미노펜 과립/[M051546]염산클로페라스틴/[M051547]펜디조산클로페라스틴/[M222890]클로페라스틴염산염/[C040133]리보플라빈/[C040512]인산리보플라빈나트륨/[C050367]테트라부티르산리보플라빈/[C050368]인산리보플라빈/[C050369]리보플라빈-5-인산나트륨/[C081186]리보플라빈33 1/3%/[C082711]리보플라빈낙산에스텔/[C082719]리보플라빈331/3%산/[C083052]리보플라빈98%DC/[C083101]낙산리보플라빈/[C083163]리보플라빈98%/[C083404]리보플라빈33 1/3%과립/[C084424]염산리보플라빈나트륨/[C085688]직탁용리보플라빈98%/[C089984]리보플라빈인산나트륨/[C090982]리보플라빈산나트륨/[C091022]리보플라빈98%과립/[C091383]리보플라빈25%과립/[C092484]부티르산리보플라빈/[C100456]리보플라빈3배산/[C100480]인산리보플라빈나트륨이수화물/[C101969]리보플라빈E101/[C202525]리보플라빈/[C401176]리보플라빈/[C407713]소듐리보플라빈포스페이트/[C409503]리보플라빈테트라부티레이트/[C422825]리보플라빈/[C422826]리보플라빈테트라부티레이트/[C422827]리보플라빈테트라아세테이트/[C425375]소듐리보플라빈포스페이트/[I003529]리보플라빈/[I003530]리보플라빈포스페이트나트륨/[I006525]리보플라빈부티레이트/[I007430]인산리보플라빈/[I007658]인산리보플라빈나트륨이수화물/[I007907]리보플라빈산나트륨/[M040133]리보플라빈/[M040512]인산리보플라빈나트륨/[M050367]테트라부티르산리보플라빈/[M050368]인산리보플라빈/[M050369]리보플라빈-5-인산나트륨/[M081186]리보플라빈33 1/3%/[M082711]리보플라빈낙산에스텔/[M082719]리보플라빈33 1/3%산/[M083052]리보플라빈98%DC/[M083101]낙산리보플라빈/[M083163]리보플라빈98%/[M083404]리보플라빈33 1/3%과립/[M085688]직탁용리보플라빈98%/[M090982]리보플라빈산나트륨/[M091022]리보플라빈98%과립/[M091383]리보플라빈25%과립/[M092484]부티르산리보플라빈/[M100456]리보플라빈3배산/[M100480]인산리보플라빈나트륨이수화물/[M101969]리보플라빈E101/[M200421]리보플라빈33ㆍ3%/[M200422]리보플라빈33ㆍ3%과립/[M200423]리보플라빈33ㆍ3%산/[M203723]인산리보플라빈소듐/[M206124]조리보플라빈/[M216041]리보플라빈3배산(리보플라빈으로서 5밀리그램)/[M216399]리보플라빈 3배산(리보플라빈으로서 0.84밀리그램)/[M217503]리보플라빈인산에스텔나트륨/[M218021]안산리보플라빈나트륨/[M222995]리보플라빈부티레이트/[M222996]리보플라빈포스페이트나트륨/[M222997]리보플라빈포스페이트나트륨 주사액/[M232651]제피리보플라빈/[M249967]리보플라빈부틸레이트/[M249982]리보플라빈나트륨포스페이트/[M040616]말레인산클로르페니라민/[M050213]말레인산덱스클로르페니라민/[M051529]클로르페니라민/[M082701]디엘말레인산클로르페니라민/[M083325]디말레인산클로르페니라민/[M099959]말레인산클로로페니라민/[M100018]말레산클로르페니라민/[M100476]디말레인산클로르페니라민/[M101581]디엘말레인산클로르페니라민/[M200471]말레인산클로르페니라민제피과립/[M202197]D-말레인산클로르페니라민/[M202204]DL-말레인산클로르페니라민/[M203913]클로르페니라민말레인산염/[M212847]클로르페니라민말레이트/[M223211]클로르페니라민말레산염/[M223212]d-클로르페니라민말레산염/[M223213]클로르페니라민말레산염 산/[M223214]클로르페니라민말레산염 정/[M223215]클로르페니라민말레산염 주사액/[M226783]dl-클로르페니라민말레산염/[M249715]덱스클로르페니라민 말레산염/[M251936]덱스클로르페니라민말레이트","","연질캡슐제, 액상","2등급",20250714,-,"","정상"
6430,"임부금기","복합",D000493,Guaifenesin,"구아이페네신","[D000147]Acetaminophen(아세트아미노펜)/[D000200]Dextromethorphan(덱스트로메토르판)/[D000893]Chlorpheniramine(클로르페니라민)","[M050058]구아이페네신/[M040353]아세트아미노펜/[M082309]아세트아미노펜제피세립/[M233006]아세트아미노펜 DC 500/600/[M246556]아세트아미노펜 (미분화)/[M262287]아세트아미노펜 과립/[M040084]브롬화수소산덱스트로메토르판/[M202983]덱스트로메토르판브롬화수소산염/[M222957]덱스트로메토르판브롬화수소산염수화물/[M040616]말레인산클로르페니라민/[M050213]말레인산덱스클로르페니라민/[M051529]클로르페니라민/[M082701]디엘말레인산클로르페니라민/[M083325]디말레인산클로르페니라민/[M099959]말레인산클로로페니라민/[M100018]말레산클로르페니라민/[M100476]디말레인산클로르페니라민/[M101581]디엘말레인산클로르페니라민/[M200471]말레인산클로르페니라민제피과립/[M202197]D-말레인산클로르페니라민/[M202204]DL-말레인산클로르페니라민/[M203913]클로르페니라민말레인산염/[M212847]클로르페니라민말레이트/[M223211]클로르페니라민말레산염/[M223212]d-클로르페니라민말레산염/[M223213]클로르페니라민말레산염 산/[M223214]클로르페니라민말레산염 정/[M223215]클로르페니라민말레산염 주사액/[M226783]dl-클로르페니라민말레산염/[M249715]덱스클로르페니라민 말레산염/[M251936]덱스클로르페니라민말레이트","","경질캡슐제, 과립제","2등급",20250714,-,"","정상"
6431,"임부금기","복합",D000493,Guaifenesin,"구아이페네신","[D000147]Acetaminophen(아세트아미노펜)/[D000155]Ephedrine(에페드린)/[D000200]Dextromethorphan(덱스트로메토르판)/[D001266]Anhydrous Caffeine(카페인무수물)/[D000893]Chlorpheniramine(클로르페니라민)","[M050058]구아이페네신/[M040353]아세트아미노펜/[M082309]아세트아미노펜제피세립/[M233006]아세트아미노펜 DC 500/600/[M246556]아세트아미노펜 (미분화)/[M262287]아세트아미노펜 과립/[M040420]염산에페드린/[M223155]에페드린염산염/[M040084]브롬화수소산덱스트로메토르판/[M202983]덱스트로메토르판브롬화수소산염/[M222957]덱스트로메토르판브롬화수소산염수화물/[M223183]카페인무수물/[M040616]말레인산클로르페니라민/[M050213]말레인산덱스클로르페니라민/[M051529]클로르페니라민/[M082701]디엘말레인산클로르페니라민/[M083325]디말레인산클로르페니라민/[M099959]말레인산클로로페니라민/[M100018]말레산클로르페니라민/[M100476]디말레인산클로르페니라민/[M101581]디엘말레인산클로르페니라민/[M200471]말레인산클로르페니라민제피과립/[M202197]D-말레인산클로르페니라민/[M202204]DL-말레인산클로르페니라민/[M203913]클로르페니라민말레인산염/[M212847]클로르페니라민말레이트/[M223211]클로르페니라민말레산염/[M223212]d-클로르페니라민말레산염/[M223213]클로르페니라민말레산염 산/[M223214]클로르페니라민말레산염 정/[M223215]클로르페니라민말레산염 주사액/[M226783]dl-클로르페니라민말레산염/[M249715]덱스클로르페니라민 말레산염/[M251936]덱스클로르페니라민말레이트","","나정","2등급",20250714,-,"","정상"
6432,"임부금기","복합",D000493,Guaifenesin,"구아이페네신","[D000147]Acetaminophen(아세트아미노펜)/[D000155]Ephedrine(에페드린)/[D001266]Anhydrous Caffeine(카페인무수물)/[D000893]Chlorpheniramine(클로르페니라민)","[M050058]구아이페네신/[M040353]아세트아미노펜/[M082309]아세트아미노펜제피세립/[M233006]아세트아미노펜 DC 500/600/[M246556]아세트아미노펜 (미분화)/[M262287]아세트아미노펜 과립/[M040420]염산에페드린/[M223155]에페드린염산염/[M223183]카페인무수물/[M040616]말레인산클로르페니라민/[M050213]말레인산덱스클로르페니라민/[M051529]클로르페니라민/[M082701]디엘말레인산클로르페니라민/[M083325]디말레인산클로르페니라민/[M099959]말레인산클로로페니라민/[M100018]말레산클로르페니라민/[M100476]디말레인산클로르페니라민/[M101581]디엘말레인산클로르페니라민/[M200471]말레인산클로르페니라민제피과립/[M202197]D-말레인산클로르페니라민/[M202204]DL-말레인산클로르페니라민/[M203913]클로르페니라민말레인산염/[M212847]클로르페니라민말레이트/[M223211]클로르페니라민말레산염/[M223212]d-클로르페니라민말레산염/[M223213]클로르페니라민말레산염 산/[M223214]클로르페니라민말레산염 정/[M223215]클로르페니라민말레산염 주사액/[M226783]dl-클로르페니라민말레산염/[M249715]덱스클로르페니라민 말레산염/[M251936]덱스클로르페니라민말레이트","","경구용액제","2등급",20250714,-,"","정상"
6433,"임부금기","복합",D000493,Guaifenesin,"구아이페네신","[D000147]Acetaminophen(아세트아미노펜)/[D001266]Anhydrous Caffeine(카페인무수물)/[D000893]Chlorpheniramine(클로르페니라민)","[M050058]구아이페네신/[M040353]아세트아미노펜/[M082309]아세트아미노펜제피세립/[M233006]아세트아미노펜 DC 500/600/[M246556]아세트아미노펜 (미분화)/[M262287]아세트아미노펜 과립/[M223183]카페인무수물/[M040616]말레인산클로르페니라민/[M050213]말레인산덱스클로르페니라민/[M051529]클로르페니라민/[M082701]디엘말레인산클로르페니라민/[M083325]디말레인산클로르페니라민/[M099959]말레인산클로로페니라민/[M100018]말레산클로르페니라민/[M100476]디말레인산클로르페니라민/[M101581]디엘말레인산클로르페니라민/[M200471]말레인산클로르페니라민제피과립/[M202197]D-말레인산클로르페니라민/[M202204]DL-말레인산클로르페니라민/[M203913]클로르페니라민말레인산염/[M212847]클로르페니라민말레이트/[M223211]클로르페니라민말레산염/[M223212]d-클로르페니라민말레산염/[M223213]클로르페니라민말레산염 산/[M223214]클로르페니라민말레산염 정/[M223215]클로르페니라민말레산염 주사액/[M226783]dl-클로르페니라민말레산염/[M249715]덱스클로르페니라민 말레산염/[M251936]덱스클로르페니라민말레이트","","경구용액제","2등급",20250714,-,"","정상"
6434,"임부금기","복합",D000493,Guaifenesin,"구아이페네신","[D000147]Acetaminophen(아세트아미노펜)/[D000932]Pentoxyverine(펜톡시베린)/[D001093]Galgeun-tang(갈근탕)/[D001266]Anhydrous Caffeine(카페인무수물)/[D000893]Chlorpheniramine(클로르페니라민)","[M050058]구아이페네신/[M040353]아세트아미노펜/[M082309]아세트아미노펜제피세립/[M233006]아세트아미노펜 DC 500/600/[M246556]아세트아미노펜 (미분화)/[M262287]아세트아미노펜 과립/[M200134]구연산펜톡시베린/[M223287]펜톡시베린시트르산염/[C084556]갈근탕엑스/[C085494]갈근탕엑스분말/[C085503]갈근탕건조엑스/[C086018]갈근탕연조엑스/[C090838]갈근탕엑스과립/[C096410]갈근탕엑스정건조엑스/[C096710]갈근탕건조엑스[10→1]/[C100973]갈근탕엑스(10→1)/[M084556]갈근탕엑스/[M085494]갈근탕엑스분말/[M085503]갈근탕건조엑스/[M086018]갈근탕연조엑스/[M096410]갈근탕엑스정건조엑스/[M096710]갈근탕건조엑스[10→1]/[M100973]갈근탕엑스(10→1)/[M103265]갈근탕엑스말(10→1)/[M103916]갈근탕연조엑스(4.32→1)/[M104358]갈근탕엑스말/[M104683]갈근탕건조엑스(6.80→1)/[M104753]갈근탕연조엑스(3.4→1)/[M105329]갈근탕수침건조엑기스/[M105588]갈근탕건조엑스(5.78→1)/[M105816]갈근탕엑스분말(6→1)/[M105833]갈근탕연조엑스(4.17→1)/[M200049]갈근탕엑스가루/[M214453]갈근탕 연조엑스(4→1)/[M217483]갈근탕연조엑스(3->1)/[M229053]갈근탕 연조엑스(3.33→1)/[M250041]갈근탕엑스(5.81:1)/[M252043]갈근탕연조엑스[2.78→1]/[M252386]갈근탕연조엑스
(3.33→1)/[M259853]갈근탕건조엑스(6.31:1)/[M260768]갈근탕연조엑스(3.08→1)/[M261860]갈근탕건조엑스(5.6→1)/[M267754]갈근탕건조엑스(4→1)/[M223183]카페인무수물/[M040616]말레인산클로르페니라민/[M050213]말레인산덱스클로르페니라민/[M051529]클로르페니라민/[M082701]디엘말레인산클로르페니라민/[M083325]디말레인산클로르페니라민/[M099959]말레인산클로로페니라민/[M100018]말레산클로르페니라민/[M100476]디말레인산클로르페니라민/[M101581]디엘말레인산클로르페니라민/[M200471]말레인산클로르페니라민제피과립/[M202197]D-말레인산클로르페니라민/[M202204]DL-말레인산클로르페니라민/[M203913]클로르페니라민말레인산염/[M212847]클로르페니라민말레이트/[M223211]클로르페니라민말레산염/[M223212]d-클로르페니라민말레산염/[M223213]클로르페니라민말레산염 산/[M223214]클로르페니라민말레산염 정/[M223215]클로르페니라민말레산염 주사액/[M226783]dl-클로르페니라민말레산염/[M249715]덱스클로르페니라민 말레산염/[M251936]덱스클로르페니라민말레이트","","경구용액제","2등급",20250714,-,"","정상"
6436,"임부금기","복합",D000493,Guaifenesin,"구아이페네신","[D000147]Acetaminophen(아세트아미노펜)/[D000932]Pentoxyverine(펜톡시베린)/[D001266]Anhydrous Caffeine(카페인무수물)/[D000893]Chlorpheniramine(클로르페니라민)","[M050058]구아이페네신/[M040353]아세트아미노펜/[M082309]아세트아미노펜제피세립/[M233006]아세트아미노펜 DC 500/600/[M246556]아세트아미노펜 (미분화)/[M262287]아세트아미노펜 과립/[M200134]구연산펜톡시베린/[M223287]펜톡시베린시트르산염/[M223183]카페인무수물/[M040616]말레인산클로르페니라민/[M050213]말레인산덱스클로르페니라민/[M051529]클로르페니라민/[M082701]디엘말레인산클로르페니라민/[M083325]디말레인산클로르페니라민/[M099959]말레인산클로로페니라민/[M100018]말레산클로르페니라민/[M100476]디말레인산클로르페니라민/[M101581]디엘말레인산클로르페니라민/[M200471]말레인산클로르페니라민제피과립/[M202197]D-말레인산클로르페니라민/[M202204]DL-말레인산클로르페니라민/[M203913]클로르페니라민말레인산염/[M212847]클로르페니라민말레이트/[M223211]클로르페니라민말레산염/[M223212]d-클로르페니라민말레산염/[M223213]클로르페니라민말레산염 산/[M223214]클로르페니라민말레산염 정/[M223215]클로르페니라민말레산염 주사액/[M226783]dl-클로르페니라민말레산염/[M249715]덱스클로르페니라민 말레산염/[M251936]덱스클로르페니라민말레이트","","액상시럽제","2등급",20250714,-,"","정상"
6437,"임부금기","복합",D000493,Guaifenesin,"구아이페네신","[D000147]Acetaminophen(아세트아미노펜)/[D000932]Pentoxyverine(펜톡시베린)/[D000893]Chlorpheniramine(클로르페니라민)","[M050058]구아이페네신/[M040353]아세트아미노펜/[M082309]아세트아미노펜제피세립/[M233006]아세트아미노펜 DC 500/600/[M246556]아세트아미노펜 (미분화)/[M262287]아세트아미노펜 과립/[M200134]구연산펜톡시베린/[M223287]펜톡시베린시트르산염/[M040616]말레인산클로르페니라민/[M050213]말레인산덱스클로르페니라민/[M051529]클로르페니라민/[M082701]디엘말레인산클로르페니라민/[M083325]디말레인산클로르페니라민/[M099959]말레인산클로로페니라민/[M100018]말레산클로르페니라민/[M100476]디말레인산클로르페니라민/[M101581]디엘말레인산클로르페니라민/[M200471]말레인산클로르페니라민제피과립/[M202197]D-말레인산클로르페니라민/[M202204]DL-말레인산클로르페니라민/[M203913]클로르페니라민말레인산염/[M212847]클로르페니라민말레이트/[M223211]클로르페니라민말레산염/[M223212]d-클로르페니라민말레산염/[M223213]클로르페니라민말레산염 산/[M223214]클로르페니라민말레산염 정/[M223215]클로르페니라민말레산염 주사액/[M226783]dl-클로르페니라민말레산염/[M249715]덱스클로르페니라민 말레산염/[M251936]덱스클로르페니라민말레이트","","액상시럽제","2등급",20250714,-,"","정상"
6438,"임부금기","복합",D000493,Guaifenesin,"구아이페네신","[D000147]Acetaminophen(아세트아미노펜)/[D000933]Tipepidine(티페피딘)/[D001266]Anhydrous Caffeine(카페인무수물)/[D000893]Chlorpheniramine(클로르페니라민)","[M050058]구아이페네신/[M040353]아세트아미노펜/[M082309]아세트아미노펜제피세립/[M233006]아세트아미노펜 DC 500/600/[M246556]아세트아미노펜 (미분화)/[M262287]아세트아미노펜 과립/[M051662]구연산티페피딘/[M051663]히벤즈산티페피딘/[M223274]티페피딘히벤즈산염 정/[M254445]티페피딘시트르산염/[M223183]카페인무수물/[M040616]말레인산클로르페니라민/[M050213]말레인산덱스클로르페니라민/[M051529]클로르페니라민/[M082701]디엘말레인산클로르페니라민/[M083325]디말레인산클로르페니라민/[M099959]말레인산클로로페니라민/[M100018]말레산클로르페니라민/[M100476]디말레인산클로르페니라민/[M101581]디엘말레인산클로르페니라민/[M200471]말레인산클로르페니라민제피과립/[M202197]D-말레인산클로르페니라민/[M202204]DL-말레인산클로르페니라민/[M203913]클로르페니라민말레인산염/[M212847]클로르페니라민말레이트/[M223211]클로르페니라민말레산염/[M223212]d-클로르페니라민말레산염/[M223213]클로르페니라민말레산염 산/[M223214]클로르페니라민말레산염 정/[M223215]클로르페니라민말레산염 주사액/[M226783]dl-클로르페니라민말레산염/[M249715]덱스클로르페니라민 말레산염/[M251936]덱스클로르페니라민말레이트","","경구용액제","2등급",20250714,-,"","정상"
6441,"임부금기","복합",D000493,Guaifenesin,"구아이페네신","[D000147]Acetaminophen(아세트아미노펜)/[D000448]Pseudoephedrine(슈도에페드린)/[D000981]Cloperastine(클로페라스틴)/[D000893]Chlorpheniramine(클로르페니라민)","[M050058]구아이페네신/[M040353]아세트아미노펜/[M082309]아세트아미노펜제피세립/[M233006]아세트아미노펜 DC 500/600/[M246556]아세트아미노펜 (미분화)/[M262287]아세트아미노펜 과립/[M050833]염산슈도에페드린/[M081720]황산슈도에페드린/[M203364]슈도에페드린염산염/[M222865]수도에페드린염산염/[M248579]수도에페드린황산염/[M256034]수도에페드린염산염 과립/[M258826]수도에페드린/[M051546]염산클로페라스틴/[M051547]펜디조산클로페라스틴/[M222890]클로페라스틴염산염/[M040616]말레인산클로르페니라민/[M050213]말레인산덱스클로르페니라민/[M051529]클로르페니라민/[M082701]디엘말레인산클로르페니라민/[M083325]디말레인산클로르페니라민/[M099959]말레인산클로로페니라민/[M100018]말레산클로르페니라민/[M100476]디말레인산클로르페니라민/[M101581]디엘말레인산클로르페니라민/[M200471]말레인산클로르페니라민제피과립/[M202197]D-말레인산클로르페니라민/[M202204]DL-말레인산클로르페니라민/[M203913]클로르페니라민말레인산염/[M212847]클로르페니라민말레이트/[M223211]클로르페니라민말레산염/[M223212]d-클로르페니라민말레산염/[M223213]클로르페니라민말레산염 산/[M223214]클로르페니라민말레산염 정/[M223215]클로르페니라민말레산염 주사액/[M226783]dl-클로르페니라민말레산염/[M249715]덱스클로르페니라민 말레산염/[M251936]덱스클로르페니라민말레이트","","연질캡슐제, 액상","2등급",20250714,-,"","정상"
6442,"임부금기","복합",D000493,Guaifenesin,"구아이페네신","[D000147]Acetaminophen(아세트아미노펜)/[D000448]Pseudoephedrine(슈도에페드린)/[D000200]Dextromethorphan(덱스트로메토르판)","[M050058]구아이페네신/[M040353]아세트아미노펜/[M082309]아세트아미노펜제피세립/[M233006]아세트아미노펜 DC 500/600/[M246556]아세트아미노펜 (미분화)/[M262287]아세트아미노펜 과립/[M050833]염산슈도에페드린/[M081720]황산슈도에페드린/[M203364]슈도에페드린염산염/[M222865]수도에페드린염산염/[M248579]수도에페드린황산염/[M256034]수도에페드린염산염 과립/[M258826]수도에페드린/[M040084]브롬화수소산덱스트로메토르판/[M202983]덱스트로메토르판브롬화수소산염/[M222957]덱스트로메토르판브롬화수소산염수화물","","필름코팅정/경질캡슐제, 산제/경질캡슐제, 과립제","2등급",20250714,-,"","정상"
6443,"임부금기","복합",D000493,Guaifenesin,"구아이페네신","[D000147]Acetaminophen(아세트아미노펜)/[D000448]Pseudoephedrine(슈도에페드린)/[D000200]Dextromethorphan(덱스트로메토르판)/[D000893]Chlorpheniramine(클로르페니라민)","[M050058]구아이페네신/[M040353]아세트아미노펜/[M082309]아세트아미노펜제피세립/[M233006]아세트아미노펜 DC 500/600/[M246556]아세트아미노펜 (미분화)/[M262287]아세트아미노펜 과립/[M050833]염산슈도에페드린/[M081720]황산슈도에페드린/[M203364]슈도에페드린염산염/[M222865]수도에페드린염산염/[M248579]수도에페드린황산염/[M256034]수도에페드린염산염 과립/[M258826]수도에페드린/[M040084]브롬화수소산덱스트로메토르판/[M202983]덱스트로메토르판브롬화수소산염/[M222957]덱스트로메토르판브롬화수소산염수화물/[M040616]말레인산클로르페니라민/[M050213]말레인산덱스클로르페니라민/[M051529]클로르페니라민/[M082701]디엘말레인산클로르페니라민/[M083325]디말레인산클로르페니라민/[M099959]말레인산클로로페니라민/[M100018]말레산클로르페니라민/[M100476]디말레인산클로르페니라민/[M101581]디엘말레인산클로르페니라민/[M200471]말레인산클로르페니라민제피과립/[M202197]D-말레인산클로르페니라민/[M202204]DL-말레인산클로르페니라민/[M203913]클로르페니라민말레인산염/[M212847]클로르페니라민말레이트/[M223211]클로르페니라민말레산염/[M223212]d-클로르페니라민말레산염/[M223213]클로르페니라민말레산염 산/[M223214]클로르페니라민말레산염 정/[M223215]클로르페니라민말레산염 주사액/[M226783]dl-클로르페니라민말레산염/[M249715]덱스클로르페니라민 말레산염/[M251936]덱스클로르페니라민말레이트","","연질캡슐제, 액상","2등급",20250714,-,"","정상"
6444,"임부금기","복합",D000493,Guaifenesin,"구아이페네신","[D000147]Acetaminophen(아세트아미노펜)/[D000448]Pseudoephedrine(슈도에페드린)/[D001266]Anhydrous Caffeine(카페인무수물)/[D000893]Chlorpheniramine(클로르페니라민)","[M050058]구아이페네신/[M040353]아세트아미노펜/[M082309]아세트아미노펜제피세립/[M233006]아세트아미노펜 DC 500/600/[M246556]아세트아미노펜 (미분화)/[M262287]아세트아미노펜 과립/[M050833]염산슈도에페드린/[M081720]황산슈도에페드린/[M203364]슈도에페드린염산염/[M222865]수도에페드린염산염/[M248579]수도에페드린황산염/[M256034]수도에페드린염산염 과립/[M258826]수도에페드린/[M223183]카페인무수물/[M040616]말레인산클로르페니라민/[M050213]말레인산덱스클로르페니라민/[M051529]클로르페니라민/[M082701]디엘말레인산클로르페니라민/[M083325]디말레인산클로르페니라민/[M099959]말레인산클로로페니라민/[M100018]말레산클로르페니라민/[M100476]디말레인산클로르페니라민/[M101581]디엘말레인산클로르페니라민/[M200471]말레인산클로르페니라민제피과립/[M202197]D-말레인산클로르페니라민/[M202204]DL-말레인산클로르페니라민/[M203913]클로르페니라민말레인산염/[M212847]클로르페니라민말레이트/[M223211]클로르페니라민말레산염/[M223212]d-클로르페니라민말레산염/[M223213]클로르페니라민말레산염 산/[M223214]클로르페니라민말레산염 정/[M223215]클로르페니라민말레산염 주사액/[M226783]dl-클로르페니라민말레산염/[M249715]덱스클로르페니라민 말레산염/[M251936]덱스클로르페니라민말레이트","","액상시럽제","2등급",20250714,-,"","정상"
6445,"임부금기","복합",D000493,Guaifenesin,"구아이페네신","[D000147]Acetaminophen(아세트아미노펜)/[D000448]Pseudoephedrine(슈도에페드린)/[D000932]Pentoxyverine(펜톡시베린)/[D001266]Anhydrous Caffeine(카페인무수물)/[D000893]Chlorpheniramine(클로르페니라민)","[M050058]구아이페네신/[M040353]아세트아미노펜/[M082309]아세트아미노펜제피세립/[M233006]아세트아미노펜 DC 500/600/[M246556]아세트아미노펜 (미분화)/[M262287]아세트아미노펜 과립/[M050833]염산슈도에페드린/[M081720]황산슈도에페드린/[M203364]슈도에페드린염산염/[M222865]수도에페드린염산염/[M248579]수도에페드린황산염/[M256034]수도에페드린염산염 과립/[M258826]수도에페드린/[M200134]구연산펜톡시베린/[M223287]펜톡시베린시트르산염/[M223183]카페인무수물/[M040616]말레인산클로르페니라민/[M050213]말레인산덱스클로르페니라민/[M051529]클로르페니라민/[M082701]디엘말레인산클로르페니라민/[M083325]디말레인산클로르페니라민/[M099959]말레인산클로로페니라민/[M100018]말레산클로르페니라민/[M100476]디말레인산클로르페니라민/[M101581]디엘말레인산클로르페니라민/[M200471]말레인산클로르페니라민제피과립/[M202197]D-말레인산클로르페니라민/[M202204]DL-말레인산클로르페니라민/[M203913]클로르페니라민말레인산염/[M212847]클로르페니라민말레이트/[M223211]클로르페니라민말레산염/[M223212]d-클로르페니라민말레산염/[M223213]클로르페니라민말레산염 산/[M223214]클로르페니라민말레산염 정/[M223215]클로르페니라민말레산염 주사액/[M226783]dl-클로르페니라민말레산염/[M249715]덱스클로르페니라민 말레산염/[M251936]덱스클로르페니라민말레이트","","경구용액제","2등급",20250714,-,"","정상"
6447,"임부금기","복합",D000493,Guaifenesin,"구아이페네신","[D000147]Acetaminophen(아세트아미노펜)/[D001116]Methylephedrine(메틸에페드린)/[D000448]Pseudoephedrine(슈도에페드린)/[D000200]Dextromethorphan(덱스트로메토르판)/[D000893]Chlorpheniramine(클로르페니라민)","[M050058]구아이페네신/[M040353]아세트아미노펜/[M082309]아세트아미노펜제피세립/[M233006]아세트아미노펜 DC 500/600/[M246556]아세트아미노펜 (미분화)/[M262287]아세트아미노펜 과립/[A006116]메틸에페드린/[I006391]dl-메틸에페드린염산염/[M204422]dl-메틸에페드린염산염/[M223022]dl-메틸에페드린염산염 산 10%/[M235519]디엘메틸에페드린염산염/[M240608]dI-메틸에페드린염산염/[M240859]디엘-메틸에페드린염산염/[M252389]㎗-메틸에페드린염산염/[M264046]DL-메틸에페드린염산염/[M050833]염산슈도에페드린/[M081720]황산슈도에페드린/[M203364]슈도에페드린염산염/[M222865]수도에페드린염산염/[M248579]수도에페드린황산염/[M256034]수도에페드린염산염 과립/[M258826]수도에페드린/[M040084]브롬화수소산덱스트로메토르판/[M202983]덱스트로메토르판브롬화수소산염/[M222957]덱스트로메토르판브롬화수소산염수화물/[M040616]말레인산클로르페니라민/[M050213]말레인산덱스클로르페니라민/[M051529]클로르페니라민/[M082701]디엘말레인산클로르페니라민/[M083325]디말레인산클로르페니라민/[M099959]말레인산클로로페니라민/[M100018]말레산클로르페니라민/[M100476]디말레인산클로르페니라민/[M101581]디엘말레인산클로르페니라민/[M200471]말레인산클로르페니라민제피과립/[M202197]D-말레인산클로르페니라민/[M202204]DL-말레인산클로르페니라민/[M203913]클로르페니라민말레인산염/[M212847]클로르페니라민말레이트/[M223211]클로르페니라민말레산염/[M223212]d-클로르페니라민말레산염/[M223213]클로르페니라민말레산염 산/[M223214]클로르페니라민말레산염 정/[M223215]클로르페니라민말레산염 주사액/[M226783]dl-클로르페니라민말레산염/[M249715]덱스클로르페니라민 말레산염/[M251936]덱스클로르페니라민말레이트","","연질캡슐제, 액상","2등급",20250714,-,"","정상"
6446,"임부금기","복합",D000493,Guaifenesin,"구아이페네신","[D000147]Acetaminophen(아세트아미노펜)/[D000448]Pseudoephedrine(슈도에페드린)/[D000895]Diphenhydramine(디펜히드라민)/[D001101]Riboflavin(리보플라빈)","[M050058]구아이페네신/[M040353]아세트아미노펜/[M082309]아세트아미노펜제피세립/[M233006]아세트아미노펜 DC 500/600/[M246556]아세트아미노펜 (미분화)/[M262287]아세트아미노펜 과립/[M050833]염산슈도에페드린/[M081720]황산슈도에페드린/[M203364]슈도에페드린염산염/[M222865]수도에페드린염산염/[M248579]수도에페드린황산염/[M256034]수도에페드린염산염 과립/[M258826]수도에페드린/[I006203]디펜히드라민탄느산염/[M040108]디펜히드라민/[M040110]염산디펜히드라민/[M050298]살리실산디펜히드라민/[M082024]구연산디펜히드라민/[M083318]디펜히드라민씨트레이트/[M200130]구연산디펜하이드라민/[M200353]디펜하이드라민/[M201255]염산디펜하이드라민/[M222973]디펜히드라민염산염/[M222974]디펜히드라민염산염 주사액/[M222975]디펜히드라민염산염 캡슐/[M222976]디펜히드라민탄닌산염/[M254160]디펜히드라민시트르산염/[M257663]디펜히드라민살리실산염/[C040133]리보플라빈/[C040512]인산리보플라빈나트륨/[C050367]테트라부티르산리보플라빈/[C050368]인산리보플라빈/[C050369]리보플라빈-5-인산나트륨/[C081186]리보플라빈33 1/3%/[C082711]리보플라빈낙산에스텔/[C082719]리보플라빈331/3%산/[C083052]리보플라빈98%DC/[C083101]낙산리보플라빈/[C083163]리보플라빈98%/[C083404]리보플라빈33 1/3%과립/[C084424]염산리보플라빈나트륨/[C085688]직탁용리보플라빈98%/[C089984]리보플라빈인산나트륨/[C090982]리보플라빈산나트륨/[C091022]리보플라빈98%과립/[C091383]리보플라빈25%과립/[C092484]부티르산리보플라빈/[C100456]리보플라빈3배산/[C100480]인산리보플라빈나트륨이수화물/[C101969]리보플라빈E101/[C202525]리보플라빈/[C401176]리보플라빈/[C407713]소듐리보플라빈포스페이트/[C409503]리보플라빈테트라부티레이트/[C422825]리보플라빈/[C422826]리보플라빈테트라부티레이트/[C422827]리보플라빈테트라아세테이트/[C425375]소듐리보플라빈포스페이트/[I003529]리보플라빈/[I003530]리보플라빈포스페이트나트륨/[I006525]리보플라빈부티레이트/[I007430]인산리보플라빈/[I007658]인산리보플라빈나트륨이수화물/[I007907]리보플라빈산나트륨/[M040133]리보플라빈/[M040512]인산리보플라빈나트륨/[M050367]테트라부티르산리보플라빈/[M050368]인산리보플라빈/[M050369]리보플라빈-5-인산나트륨/[M081186]리보플라빈33 1/3%/[M082711]리보플라빈낙산에스텔/[M082719]리보플라빈33 1/3%산/[M083052]리보플라빈98%DC/[M083101]낙산리보플라빈/[M083163]리보플라빈98%/[M083404]리보플라빈33 1/3%과립/[M085688]직탁용리보플라빈98%/[M090982]리보플라빈산나트륨/[M091022]리보플라빈98%과립/[M091383]리보플라빈25%과립/[M092484]부티르산리보플라빈/[M100456]리보플라빈3배산/[M100480]인산리보플라빈나트륨이수화물/[M101969]리보플라빈E101/[M200421]리보플라빈33ㆍ3%/[M200422]리보플라빈33ㆍ3%과립/[M200423]리보플라빈33ㆍ3%산/[M203723]인산리보플라빈소듐/[M206124]조리보플라빈/[M216041]리보플라빈3배산(리보플라빈으로서 5밀리그램)/[M216399]리보플라빈 3배산(리보플라빈으로서 0.84밀리그램)/[M217503]리보플라빈인산에스텔나트륨/[M218021]안산리보플라빈나트륨/[M222995]리보플라빈부티레이트/[M222996]리보플라빈포스페이트나트륨/[M222997]리보플라빈포스페이트나트륨 주사액/[M232651]제피리보플라빈/[M249967]리보플라빈부틸레이트/[M249982]리보플라빈나트륨포스페이트","","건조시럽제, 산제","2등급",20250714,-,"","정상"
6448,"임부금기","복합",D000493,Guaifenesin,"구아이페네신","[D000147]Acetaminophen(아세트아미노펜)/[D001116]Methylephedrine(메틸에페드린)/[D000981]Cloperastine(클로페라스틴)","[M050058]구아이페네신/[M040353]아세트아미노펜/[M082309]아세트아미노펜제피세립/[M233006]아세트아미노펜 DC 500/600/[M246556]아세트아미노펜 (미분화)/[M262287]아세트아미노펜 과립/[A006116]메틸에페드린/[I006391]dl-메틸에페드린염산염/[M204422]dl-메틸에페드린염산염/[M223022]dl-메틸에페드린염산염 산 10%/[M235519]디엘메틸에페드린염산염/[M240608]dI-메틸에페드린염산염/[M240859]디엘-메틸에페드린염산염/[M252389]㎗-메틸에페드린염산염/[M264046]DL-메틸에페드린염산염/[M051546]염산클로페라스틴/[M051547]펜디조산클로페라스틴/[M222890]클로페라스틴염산염","","연질캡슐제, 액상","2등급",20250714,-,"","정상"
6449,"임부금기","복합",D000493,Guaifenesin,"구아이페네신","[D000147]Acetaminophen(아세트아미노펜)/[D001116]Methylephedrine(메틸에페드린)/[D000981]Cloperastine(클로페라스틴)/[D000893]Chlorpheniramine(클로르페니라민)","[M050058]구아이페네신/[M040353]아세트아미노펜/[M082309]아세트아미노펜제피세립/[M233006]아세트아미노펜 DC 500/600/[M246556]아세트아미노펜 (미분화)/[M262287]아세트아미노펜 과립/[A006116]메틸에페드린/[I006391]dl-메틸에페드린염산염/[M204422]dl-메틸에페드린염산염/[M223022]dl-메틸에페드린염산염 산 10%/[M235519]디엘메틸에페드린염산염/[M240608]dI-메틸에페드린염산염/[M240859]디엘-메틸에페드린염산염/[M252389]㎗-메틸에페드린염산염/[M264046]DL-메틸에페드린염산염/[M051546]염산클로페라스틴/[M051547]펜디조산클로페라스틴/[M222890]클로페라스틴염산염/[M040616]말레인산클로르페니라민/[M050213]말레인산덱스클로르페니라민/[M051529]클로르페니라민/[M082701]디엘말레인산클로르페니라민/[M083325]디말레인산클로르페니라민/[M099959]말레인산클로로페니라민/[M100018]말레산클로르페니라민/[M100476]디말레인산클로르페니라민/[M101581]디엘말레인산클로르페니라민/[M200471]말레인산클로르페니라민제피과립/[M202197]D-말레인산클로르페니라민/[M202204]DL-말레인산클로르페니라민/[M203913]클로르페니라민말레인산염/[M212847]클로르페니라민말레이트/[M223211]클로르페니라민말레산염/[M223212]d-클로르페니라민말레산염/[M223213]클로르페니라민말레산염 산/[M223214]클로르페니라민말레산염 정/[M223215]클로르페니라민말레산염 주사액/[M226783]dl-클로르페니라민말레산염/[M249715]덱스클로르페니라민 말레산염/[M251936]덱스클로르페니라민말레이트","","연질캡슐제, 액상","2등급",20250714,-,"","정상"
6450,"임부금기","복합",D000493,Guaifenesin,"구아이페네신","[D000147]Acetaminophen(아세트아미노펜)/[D001116]Methylephedrine(메틸에페드린)/[D000200]Dextromethorphan(덱스트로메토르판)","[M050058]구아이페네신/[M040353]아세트아미노펜/[M082309]아세트아미노펜제피세립/[M233006]아세트아미노펜 DC 500/600/[M246556]아세트아미노펜 (미분화)/[M262287]아세트아미노펜 과립/[A006116]메틸에페드린/[I006391]dl-메틸에페드린염산염/[M204422]dl-메틸에페드린염산염/[M223022]dl-메틸에페드린염산염 산 10%/[M235519]디엘메틸에페드린염산염/[M240608]dI-메틸에페드린염산염/[M240859]디엘-메틸에페드린염산염/[M252389]㎗-메틸에페드린염산염/[M264046]DL-메틸에페드린염산염/[M040084]브롬화수소산덱스트로메토르판/[M202983]덱스트로메토르판브롬화수소산염/[M222957]덱스트로메토르판브롬화수소산염수화물","","연질캡슐제, 액상","2등급",20250714,-,"","정상"
6451,"임부금기","복합",D000493,Guaifenesin,"구아이페네신","[D000147]Acetaminophen(아세트아미노펜)/[D001116]Methylephedrine(메틸에페드린)/[D000200]Dextromethorphan(덱스트로메토르판)/[D001266]Anhydrous Caffeine(카페인무수물)/[D000893]Chlorpheniramine(클로르페니라민)","[M050058]구아이페네신/[M040353]아세트아미노펜/[M082309]아세트아미노펜제피세립/[M233006]아세트아미노펜 DC 500/600/[M246556]아세트아미노펜 (미분화)/[M262287]아세트아미노펜 과립/[A006116]메틸에페드린/[I006391]dl-메틸에페드린염산염/[M204422]dl-메틸에페드린염산염/[M223022]dl-메틸에페드린염산염 산 10%/[M235519]디엘메틸에페드린염산염/[M240608]dI-메틸에페드린염산염/[M240859]디엘-메틸에페드린염산염/[M252389]㎗-메틸에페드린염산염/[M264046]DL-메틸에페드린염산염/[M040084]브롬화수소산덱스트로메토르판/[M202983]덱스트로메토르판브롬화수소산염/[M222957]덱스트로메토르판브롬화수소산염수화물/[M223183]카페인무수물/[M040616]말레인산클로르페니라민/[M050213]말레인산덱스클로르페니라민/[M051529]클로르페니라민/[M082701]디엘말레인산클로르페니라민/[M083325]디말레인산클로르페니라민/[M099959]말레인산클로로페니라민/[M100018]말레산클로르페니라민/[M100476]디말레인산클로르페니라민/[M101581]디엘말레인산클로르페니라민/[M200471]말레인산클로르페니라민제피과립/[M202197]D-말레인산클로르페니라민/[M202204]DL-말레인산클로르페니라민/[M203913]클로르페니라민말레인산염/[M212847]클로르페니라민말레이트/[M223211]클로르페니라민말레산염/[M223212]d-클로르페니라민말레산염/[M223213]클로르페니라민말레산염 산/[M223214]클로르페니라민말레산염 정/[M223215]클로르페니라민말레산염 주사액/[M226783]dl-클로르페니라민말레산염/[M249715]덱스클로르페니라민 말레산염/[M251936]덱스클로르페니라민말레이트","","경질캡슐제, 산제/경질캡슐제, 과립제/액상시럽제","2등급",20250714,-,"","정상"
6452,"임부금기","복합",D000493,Guaifenesin,"구아이페네신","[D000147]Acetaminophen(아세트아미노펜)/[D001116]Methylephedrine(메틸에페드린)/[D000200]Dextromethorphan(덱스트로메토르판)/[D000893]Chlorpheniramine(클로르페니라민)","[M050058]구아이페네신/[M040353]아세트아미노펜/[M082309]아세트아미노펜제피세립/[M233006]아세트아미노펜 DC 500/600/[M246556]아세트아미노펜 (미분화)/[M262287]아세트아미노펜 과립/[A006116]메틸에페드린/[I006391]dl-메틸에페드린염산염/[M204422]dl-메틸에페드린염산염/[M223022]dl-메틸에페드린염산염 산 10%/[M235519]디엘메틸에페드린염산염/[M240608]dI-메틸에페드린염산염/[M240859]디엘-메틸에페드린염산염/[M252389]㎗-메틸에페드린염산염/[M264046]DL-메틸에페드린염산염/[M040084]브롬화수소산덱스트로메토르판/[M202983]덱스트로메토르판브롬화수소산염/[M222957]덱스트로메토르판브롬화수소산염수화물/[M040616]말레인산클로르페니라민/[M050213]말레인산덱스클로르페니라민/[M051529]클로르페니라민/[M082701]디엘말레인산클로르페니라민/[M083325]디말레인산클로르페니라민/[M099959]말레인산클로로페니라민/[M100018]말레산클로르페니라민/[M100476]디말레인산클로르페니라민/[M101581]디엘말레인산클로르페니라민/[M200471]말레인산클로르페니라민제피과립/[M202197]D-말레인산클로르페니라민/[M202204]DL-말레인산클로르페니라민/[M203913]클로르페니라민말레인산염/[M212847]클로르페니라민말레이트/[M223211]클로르페니라민말레산염/[M223212]d-클로르페니라민말레산염/[M223213]클로르페니라민말레산염 산/[M223214]클로르페니라민말레산염 정/[M223215]클로르페니라민말레산염 주사액/[M226783]dl-클로르페니라민말레산염/[M249715]덱스클로르페니라민 말레산염/[M251936]덱스클로르페니라민말레이트","","연질캡슐제, 액상/액상시럽제","2등급",20250714,-,"","정상"
6453,"임부금기","복합",D000493,Guaifenesin,"구아이페네신","[D000147]Acetaminophen(아세트아미노펜)/[D001116]Methylephedrine(메틸에페드린)/[D001266]Anhydrous Caffeine(카페인무수물)/[D000200]Dextromethorphan(덱스트로메토르판)/[D000893]Chlorpheniramine(클로르페니라민)","[M050058]구아이페네신/[M040353]아세트아미노펜/[M082309]아세트아미노펜제피세립/[M233006]아세트아미노펜 DC 500/600/[M246556]아세트아미노펜 (미분화)/[M262287]아세트아미노펜 과립/[A006116]메틸에페드린/[I006391]dl-메틸에페드린염산염/[M204422]dl-메틸에페드린염산염/[M223022]dl-메틸에페드린염산염 산 10%/[M235519]디엘메틸에페드린염산염/[M240608]dI-메틸에페드린염산염/[M240859]디엘-메틸에페드린염산염/[M252389]㎗-메틸에페드린염산염/[M264046]DL-메틸에페드린염산염/[M223183]카페인무수물/[M040084]브롬화수소산덱스트로메토르판/[M202983]덱스트로메토르판브롬화수소산염/[M222957]덱스트로메토르판브롬화수소산염수화물/[M040616]말레인산클로르페니라민/[M050213]말레인산덱스클로르페니라민/[M051529]클로르페니라민/[M082701]디엘말레인산클로르페니라민/[M083325]디말레인산클로르페니라민/[M099959]말레인산클로로페니라민/[M100018]말레산클로르페니라민/[M100476]디말레인산클로르페니라민/[M101581]디엘말레인산클로르페니라민/[M200471]말레인산클로르페니라민제피과립/[M202197]D-말레인산클로르페니라민/[M202204]DL-말레인산클로르페니라민/[M203913]클로르페니라민말레인산염/[M212847]클로르페니라민말레이트/[M223211]클로르페니라민말레산염/[M223212]d-클로르페니라민말레산염/[M223213]클로르페니라민말레산염 산/[M223214]클로르페니라민말레산염 정/[M223215]클로르페니라민말레산염 주사액/[M226783]dl-클로르페니라민말레산염/[M249715]덱스클로르페니라민 말레산염/[M251936]덱스클로르페니라민말레이트","","필름코팅정","2등급",20250714,-,"","정상"
6454,"임부금기","복합",D000493,Guaifenesin,"구아이페네신","[D000147]Acetaminophen(아세트아미노펜)/[D001116]Methylephedrine(메틸에페드린)/[D001266]Anhydrous Caffeine(카페인무수물)/[D000893]Chlorpheniramine(클로르페니라민)","[M050058]구아이페네신/[M040353]아세트아미노펜/[M082309]아세트아미노펜제피세립/[M233006]아세트아미노펜 DC 500/600/[M246556]아세트아미노펜 (미분화)/[M262287]아세트아미노펜 과립/[A006116]메틸에페드린/[I006391]dl-메틸에페드린염산염/[M204422]dl-메틸에페드린염산염/[M223022]dl-메틸에페드린염산염 산 10%/[M235519]디엘메틸에페드린염산염/[M240608]dI-메틸에페드린염산염/[M240859]디엘-메틸에페드린염산염/[M252389]㎗-메틸에페드린염산염/[M264046]DL-메틸에페드린염산염/[M223183]카페인무수물/[M040616]말레인산클로르페니라민/[M050213]말레인산덱스클로르페니라민/[M051529]클로르페니라민/[M082701]디엘말레인산클로르페니라민/[M083325]디말레인산클로르페니라민/[M099959]말레인산클로로페니라민/[M100018]말레산클로르페니라민/[M100476]디말레인산클로르페니라민/[M101581]디엘말레인산클로르페니라민/[M200471]말레인산클로르페니라민제피과립/[M202197]D-말레인산클로르페니라민/[M202204]DL-말레인산클로르페니라민/[M203913]클로르페니라민말레인산염/[M212847]클로르페니라민말레이트/[M223211]클로르페니라민말레산염/[M223212]d-클로르페니라민말레산염/[M223213]클로르페니라민말레산염 산/[M223214]클로르페니라민말레산염 정/[M223215]클로르페니라민말레산염 주사액/[M226783]dl-클로르페니라민말레산염/[M249715]덱스클로르페니라민 말레산염/[M251936]덱스클로르페니라민말레이트","","경구용액제/연질캡슐제, 액상","2등급",20250714,-,"","정상"
6455,"임부금기","복합",D000493,Guaifenesin,"구아이페네신","[D000147]Acetaminophen(아세트아미노펜)/[D001116]Methylephedrine(메틸에페드린)/[D001266]Anhydrous Caffeine(카페인무수물)/[D000893]Chlorpheniramine(클로르페니라민)/[D000191]Phenylephrine(페닐레프린)","[M050058]구아이페네신/[M040353]아세트아미노펜/[M082309]아세트아미노펜제피세립/[M233006]아세트아미노펜 DC 500/600/[M246556]아세트아미노펜 (미분화)/[M262287]아세트아미노펜 과립/[A006116]메틸에페드린/[I006391]dl-메틸에페드린염산염/[M204422]dl-메틸에페드린염산염/[M223022]dl-메틸에페드린염산염 산 10%/[M235519]디엘메틸에페드린염산염/[M240608]dI-메틸에페드린염산염/[M240859]디엘-메틸에페드린염산염/[M252389]㎗-메틸에페드린염산염/[M264046]DL-메틸에페드린염산염/[M223183]카페인무수물/[M040616]말레인산클로르페니라민/[M050213]말레인산덱스클로르페니라민/[M051529]클로르페니라민/[M082701]디엘말레인산클로르페니라민/[M083325]디말레인산클로르페니라민/[M099959]말레인산클로로페니라민/[M100018]말레산클로르페니라민/[M100476]디말레인산클로르페니라민/[M101581]디엘말레인산클로르페니라민/[M200471]말레인산클로르페니라민제피과립/[M202197]D-말레인산클로르페니라민/[M202204]DL-말레인산클로르페니라민/[M203913]클로르페니라민말레인산염/[M212847]클로르페니라민말레이트/[M223211]클로르페니라민말레산염/[M223212]d-클로르페니라민말레산염/[M223213]클로르페니라민말레산염 산/[M223214]클로르페니라민말레산염 정/[M223215]클로르페니라민말레산염 주사액/[M226783]dl-클로르페니라민말레산염/[M249715]덱스클로르페니라민 말레산염/[M251936]덱스클로르페니라민말레이트/[M040696]염산페닐에프린/[M222724]페닐레프린염산염/[M225151]페닐에프린염산염","","경구용액제","2등급",20250714,-,"","정상"
6456,"임부금기","복합",D000493,Guaifenesin,"구아이페네신","[D000147]Acetaminophen(아세트아미노펜)/[D001116]Methylephedrine(메틸에페드린)/[D000933]Tipepidine(티페피딘)/[D001266]Anhydrous Caffeine(카페인무수물)/[D000893]Chlorpheniramine(클로르페니라민)","[M050058]구아이페네신/[M040353]아세트아미노펜/[M082309]아세트아미노펜제피세립/[M233006]아세트아미노펜 DC 500/600/[M246556]아세트아미노펜 (미분화)/[M262287]아세트아미노펜 과립/[A006116]메틸에페드린/[I006391]dl-메틸에페드린염산염/[M204422]dl-메틸에페드린염산염/[M223022]dl-메틸에페드린염산염 산 10%/[M235519]디엘메틸에페드린염산염/[M240608]dI-메틸에페드린염산염/[M240859]디엘-메틸에페드린염산염/[M252389]㎗-메틸에페드린염산염/[M264046]DL-메틸에페드린염산염/[M051662]구연산티페피딘/[M051663]히벤즈산티페피딘/[M223274]티페피딘히벤즈산염 정/[M254445]티페피딘시트르산염/[M223183]카페인무수물/[M040616]말레인산클로르페니라민/[M050213]말레인산덱스클로르페니라민/[M051529]클로르페니라민/[M082701]디엘말레인산클로르페니라민/[M083325]디말레인산클로르페니라민/[M099959]말레인산클로로페니라민/[M100018]말레산클로르페니라민/[M100476]디말레인산클로르페니라민/[M101581]디엘말레인산클로르페니라민/[M200471]말레인산클로르페니라민제피과립/[M202197]D-말레인산클로르페니라민/[M202204]DL-말레인산클로르페니라민/[M203913]클로르페니라민말레인산염/[M212847]클로르페니라민말레이트/[M223211]클로르페니라민말레산염/[M223212]d-클로르페니라민말레산염/[M223213]클로르페니라민말레산염 산/[M223214]클로르페니라민말레산염 정/[M223215]클로르페니라민말레산염 주사액/[M226783]dl-클로르페니라민말레산염/[M249715]덱스클로르페니라민 말레산염/[M251936]덱스클로르페니라민말레이트","","액상시럽제","2등급",20250714,-,"","정상"
6457,"임부금기","복합",D000493,Guaifenesin,"구아이페네신","[D000147]Acetaminophen(아세트아미노펜)/[D001116]Methylephedrine(메틸에페드린)/[D000932]Pentoxyverine(펜톡시베린)/[D001266]Anhydrous Caffeine(카페인무수물)/[D000893]Chlorpheniramine(클로르페니라민)","[M050058]구아이페네신/[M040353]아세트아미노펜/[M082309]아세트아미노펜제피세립/[M233006]아세트아미노펜 DC 500/600/[M246556]아세트아미노펜 (미분화)/[M262287]아세트아미노펜 과립/[A006116]메틸에페드린/[I006391]dl-메틸에페드린염산염/[M204422]dl-메틸에페드린염산염/[M223022]dl-메틸에페드린염산염 산 10%/[M235519]디엘메틸에페드린염산염/[M240608]dI-메틸에페드린염산염/[M240859]디엘-메틸에페드린염산염/[M252389]㎗-메틸에페드린염산염/[M264046]DL-메틸에페드린염산염/[M200134]구연산펜톡시베린/[M223287]펜톡시베린시트르산염/[M223183]카페인무수물/[M040616]말레인산클로르페니라민/[M050213]말레인산덱스클로르페니라민/[M051529]클로르페니라민/[M082701]디엘말레인산클로르페니라민/[M083325]디말레인산클로르페니라민/[M099959]말레인산클로로페니라민/[M100018]말레산클로르페니라민/[M100476]디말레인산클로르페니라민/[M101581]디엘말레인산클로르페니라민/[M200471]말레인산클로르페니라민제피과립/[M202197]D-말레인산클로르페니라민/[M202204]DL-말레인산클로르페니라민/[M203913]클로르페니라민말레인산염/[M212847]클로르페니라민말레이트/[M223211]클로르페니라민말레산염/[M223212]d-클로르페니라민말레산염/[M223213]클로르페니라민말레산염 산/[M223214]클로르페니라민말레산염 정/[M223215]클로르페니라민말레산염 주사액/[M226783]dl-클로르페니라민말레산염/[M249715]덱스클로르페니라민 말레산염/[M251936]덱스클로르페니라민말레이트","","액상시럽제","2등급",20250714,-,"","정상"
6458,"임부금기","복합",D000493,Guaifenesin,"구아이페네신","[D000147]Acetaminophen(아세트아미노펜)/[D001116]Methylephedrine(메틸에페드린)/[D000932]Pentoxyverine(펜톡시베린)/[D000893]Chlorpheniramine(클로르페니라민)","[M050058]구아이페네신/[M040353]아세트아미노펜/[M082309]아세트아미노펜제피세립/[M233006]아세트아미노펜 DC 500/600/[M246556]아세트아미노펜 (미분화)/[M262287]아세트아미노펜 과립/[A006116]메틸에페드린/[I006391]dl-메틸에페드린염산염/[M204422]dl-메틸에페드린염산염/[M223022]dl-메틸에페드린염산염 산 10%/[M235519]디엘메틸에페드린염산염/[M240608]dI-메틸에페드린염산염/[M240859]디엘-메틸에페드린염산염/[M252389]㎗-메틸에페드린염산염/[M264046]DL-메틸에페드린염산염/[M200134]구연산펜톡시베린/[M223287]펜톡시베린시트르산염/[M040616]말레인산클로르페니라민/[M050213]말레인산덱스클로르페니라민/[M051529]클로르페니라민/[M082701]디엘말레인산클로르페니라민/[M083325]디말레인산클로르페니라민/[M099959]말레인산클로로페니라민/[M100018]말레산클로르페니라민/[M100476]디말레인산클로르페니라민/[M101581]디엘말레인산클로르페니라민/[M200471]말레인산클로르페니라민제피과립/[M202197]D-말레인산클로르페니라민/[M202204]DL-말레인산클로르페니라민/[M203913]클로르페니라민말레인산염/[M212847]클로르페니라민말레이트/[M223211]클로르페니라민말레산염/[M223212]d-클로르페니라민말레산염/[M223213]클로르페니라민말레산염 산/[M223214]클로르페니라민말레산염 정/[M223215]클로르페니라민말레산염 주사액/[M226783]dl-클로르페니라민말레산염/[M249715]덱스클로르페니라민 말레산염/[M251936]덱스클로르페니라민말레이트","","액상시럽제","2등급",20250714,-,"","정상"
6459,"임부금기","복합",D001800,Diprophylline,"디프로필린","[D001116]Methylephedrine(메틸에페드린)/[D000895]Diphenhydramine(디펜히드라민)/[D000200]Dextromethorphan(덱스트로메토르판)","[A000202]디프로필린/[A006116]메틸에페드린/[I006391]dl-메틸에페드린염산염/[M204422]dl-메틸에페드린염산염/[M223022]dl-메틸에페드린염산염 산 10%/[M235519]디엘메틸에페드린염산염/[M240608]dI-메틸에페드린염산염/[M240859]디엘-메틸에페드린염산염/[M252389]㎗-메틸에페드린염산염/[M264046]DL-메틸에페드린염산염/[I006203]디펜히드라민탄느산염/[M040108]디펜히드라민/[M040110]염산디펜히드라민/[M050298]살리실산디펜히드라민/[M082024]구연산디펜히드라민/[M083318]디펜히드라민씨트레이트/[M200130]구연산디펜하이드라민/[M200353]디펜하이드라민/[M201255]염산디펜하이드라민/[M222973]디펜히드라민염산염/[M222974]디펜히드라민염산염 주사액/[M222975]디펜히드라민염산염 캡슐/[M222976]디펜히드라민탄닌산염/[M254160]디펜히드라민시트르산염/[M257663]디펜히드라민살리실산염/[M040084]브롬화수소산덱스트로메토르판/[M202983]덱스트로메토르판브롬화수소산염/[M222957]덱스트로메토르판브롬화수소산염수화물","","경질캡슐제, 산제","2등급",20250714,-,"","정상"
6463,"임부금기","복합",D000709,Lidocaine,"리도카인","[D001809]Allantoin(알란토인)/[D001039]Tetrahydrozoline(테트라히드로졸린)/[D001152]chlorhexidine(클로르헥시딘)","[M040131]리도카인/[M050364]염산리도카인/[M203064]리도카인염산염일수화물/[M222842]리도카인염산염수화물/[M241764]리도카인염산염/[A000767]알란토인/[M223237]테트라히드로졸린염산염/[C040620]염산클로르헥시딘/[C051536]글루콘산클로르헥시딘액/[C081338]초산클로르헥시딘/[C083151]디글루콘산클로르헥시딘/[C084526]글루콘산클로르헥시딘/[C088672]글루콘산클로르헥시딘액20%/[C089477]글로콘산클로르헥시딘액/[C315323]클로르헥시딘디글루코네이트/[C315339]클로르헥시딘디글루코네이트 20%/[C409535]클로르헥시딘/[I004578]클로르헥시딘/[I004579]초산클로르헥시딘/[I004580]클로르헥시딘글루콘산염/[I004581]클로르헥시딘염산염/[M040620]염산클로르헥시딘/[M051536]글루콘산클로르헥시딘액/[M081338]초산클로르헥시딘/[M084526]글루콘산클로르헥시딘/[M088672]글루콘산클로르헥시딘액20%/[M089477]글로콘산클로르헥시딘액/[M106679]초산클로르헥시딘연고/[M202318]20%글루콘산클로르헥시딘액/[M203914]클로르헥시딘글루코네이트/[M203915]클로르헥시딘염산염/[M203916]클로르헥시딘이초산염/[M207602]글루콘산클로르헥시딘액(20%)/[M214668]글루콘산 클로르헥시딘액/[M223220]클로르헥시딘글루콘산염 액/[M224233]클로르헥시딘글루콘산염/[M234944]클로르헥시딘디글루콘산액/[M241336]20% 클로르헥시딘글루콘산염 용액/[M243030]글루콘산클로르헥시딘액/[M244239]클로르헥시딘글루콘산염액/[M246214]20% 글루콘산클로르헥시딘/[M246507]클로르헥시딘글루코네이트용액/[M246648]클로르헥시딘글루콘산염액 20%/[M247682]클로르헥시딘아세트산염/[M256314]글루콘산클로르헥시딘 액/[M260778]클로르헥시딘디글루코네이트액","","직장용연고제","2등급",20201228,"- 태아 서맥 또는 빈맥, 호흡 저하 등 발생 가능성 - (직장용반고형제) -","직작용 반고형제 포함","정상"
6465,"임부금기","복합",D000709,Lidocaine,"리도카인","[D001809]Allantoin(알란토인)/[D000191]Phenylephrine(페닐레프린)/[D001810]Tocopherol(토코페롤)/[D001152]chlorhexidine(클로르헥시딘)/[D000216]Retinol(레티놀)","[M040131]리도카인/[M050364]염산리도카인/[M203064]리도카인염산염일수화물/[M222842]리도카인염산염수화물/[M241764]리도카인염산염/[A000767]알란토인/[M040696]염산페닐에프린/[M222724]페닐레프린염산염/[M225151]페닐에프린염산염/[A001180]토코페롤/[C040620]염산클로르헥시딘/[C051536]글루콘산클로르헥시딘액/[C081338]초산클로르헥시딘/[C083151]디글루콘산클로르헥시딘/[C084526]글루콘산클로르헥시딘/[C088672]글루콘산클로르헥시딘액20%/[C089477]글로콘산클로르헥시딘액/[C315323]클로르헥시딘디글루코네이트/[C315339]클로르헥시딘디글루코네이트 20%/[C409535]클로르헥시딘/[I004578]클로르헥시딘/[I004579]초산클로르헥시딘/[I004580]클로르헥시딘글루콘산염/[I004581]클로르헥시딘염산염/[M040620]염산클로르헥시딘/[M051536]글루콘산클로르헥시딘액/[M081338]초산클로르헥시딘/[M084526]글루콘산클로르헥시딘/[M088672]글루콘산클로르헥시딘액20%/[M089477]글로콘산클로르헥시딘액/[M106679]초산클로르헥시딘연고/[M202318]20%글루콘산클로르헥시딘액/[M203914]클로르헥시딘글루코네이트/[M203915]클로르헥시딘염산염/[M203916]클로르헥시딘이초산염/[M207602]글루콘산클로르헥시딘액(20%)/[M214668]글루콘산 클로르헥시딘액/[M223220]클로르헥시딘글루콘산염 액/[M224233]클로르헥시딘글루콘산염/[M234944]클로르헥시딘디글루콘산액/[M241336]20% 클로르헥시딘글루콘산염 용액/[M243030]글루콘산클로르헥시딘액/[M244239]클로르헥시딘글루콘산염액/[M246214]20% 글루콘산클로르헥시딘/[M246507]클로르헥시딘글루코네이트용액/[M246648]클로르헥시딘글루콘산염액 20%/[M247682]클로르헥시딘아세트산염/[M256314]글루콘산클로르헥시딘 액/[M260778]클로르헥시딘디글루코네이트액/[C202499]레티놀/[M040126]초산레티놀/[M050705]비타민A(팔미틴산레티놀)/[M083086]건조팔미틴산레티놀/[M083834]초산레티놀과립/[M084549]건조초산레티놀/[M085072]팔미틴산레티놀250CWS/[M088483]팔미틴산레티놀/[M095544]건조팔미틴산레티놀타입500/[M099259]팔미틴산레티놀과립/[M099421]건조팔미틴산레티놀과립/[M100749]팔미틴산레티놀유/[M101190]팔미틴산레티놀과립500/[M102298]건조초산레티놀과립500/[M205408]레티놀아세테이트/[M208869]레티놀/[M211331]건조초산레티놀과립/[M212202]합성비타민A분말(팔미틴산레티놀)/[M222991]레티놀팔미테이트/[M239907]건조레티놀팔미테이트과립/[M241189]건조레티놀아세테이트과립/[M243499]레티놀팔미테이트유/[M243758]건조레티놀아세테이트과립500/[M246727]레티놀팔미테이트250CWS/[M246785]건조레티놀아세테이트/[M247202]레티놀아세테이트 과립/[M247651]건조레티놀아세테이트분말/[M248244]레티놀팔미테이트과립/[M251132]합성비타민에이분말(레티놀팔미테이트)/[M253027]농축레티놀팔미테이트(유상형, 합성)/[M264001]레티놀팔미테이트농축분말","","직장용연고제","2등급",20201228,"- 태아 서맥 또는 빈맥, 호흡 저하 등 발생 가능성 - (직장용반고형제) -","직장용 반고형제 포함","정상"
6469,"임부금기","복합",D000709,Lidocaine,"리도카인","[D001116]Methylephedrine(메틸에페드린)/[D000895]Diphenhydramine(디펜히드라민)/[D001809]Allantoin(알란토인)/[D001152]chlorhexidine(클로르헥시딘)","[M040131]리도카인/[M050364]염산리도카인/[M203064]리도카인염산염일수화물/[M222842]리도카인염산염수화물/[M241764]리도카인염산염/[A006116]메틸에페드린/[I006391]dl-메틸에페드린염산염/[M204422]dl-메틸에페드린염산염/[M223022]dl-메틸에페드린염산염 산 10%/[M235519]디엘메틸에페드린염산염/[M240608]dI-메틸에페드린염산염/[M240859]디엘-메틸에페드린염산염/[M252389]㎗-메틸에페드린염산염/[M264046]DL-메틸에페드린염산염/[I006203]디펜히드라민탄느산염/[M040108]디펜히드라민/[M040110]염산디펜히드라민/[M050298]살리실산디펜히드라민/[M082024]구연산디펜히드라민/[M083318]디펜히드라민씨트레이트/[M200130]구연산디펜하이드라민/[M200353]디펜하이드라민/[M201255]염산디펜하이드라민/[M222973]디펜히드라민염산염/[M222974]디펜히드라민염산염 주사액/[M222975]디펜히드라민염산염 캡슐/[M222976]디펜히드라민탄닌산염/[M254160]디펜히드라민시트르산염/[M257663]디펜히드라민살리실산염/[A000767]알란토인/[C040620]염산클로르헥시딘/[C051536]글루콘산클로르헥시딘액/[C081338]초산클로르헥시딘/[C083151]디글루콘산클로르헥시딘/[C084526]글루콘산클로르헥시딘/[C088672]글루콘산클로르헥시딘액20%/[C089477]글로콘산클로르헥시딘액/[C315323]클로르헥시딘디글루코네이트/[C315339]클로르헥시딘디글루코네이트 20%/[C409535]클로르헥시딘/[I004578]클로르헥시딘/[I004579]초산클로르헥시딘/[I004580]클로르헥시딘글루콘산염/[I004581]클로르헥시딘염산염/[M040620]염산클로르헥시딘/[M051536]글루콘산클로르헥시딘액/[M081338]초산클로르헥시딘/[M084526]글루콘산클로르헥시딘/[M088672]글루콘산클로르헥시딘액20%/[M089477]글로콘산클로르헥시딘액/[M106679]초산클로르헥시딘연고/[M202318]20%글루콘산클로르헥시딘액/[M203914]클로르헥시딘글루코네이트/[M203915]클로르헥시딘염산염/[M203916]클로르헥시딘이초산염/[M207602]글루콘산클로르헥시딘액(20%)/[M214668]글루콘산 클로르헥시딘액/[M223220]클로르헥시딘글루콘산염 액/[M224233]클로르헥시딘글루콘산염/[M234944]클로르헥시딘디글루콘산액/[M241336]20% 클로르헥시딘글루콘산염 용액/[M243030]글루콘산클로르헥시딘액/[M244239]클로르헥시딘글루콘산염액/[M246214]20% 글루콘산클로르헥시딘/[M246507]클로르헥시딘글루코네이트용액/[M246648]클로르헥시딘글루콘산염액 20%/[M247682]클로르헥시딘아세트산염/[M256314]글루콘산클로르헥시딘 액/[M260778]클로르헥시딘디글루코네이트액","","직장용크림제","2등급",20201228,"- 태아 서맥 또는 빈맥, 호흡 저하 등 발생 가능성 - (직장용반고형제) -","직장용 반고형제 포함","정상"
6466,"임부금기","복합",D000709,Lidocaine,"리도카인","[D000522]Hydrocortisone(히드로코르티손)/[D001116]Methylephedrine(메틸에페드린)/[D000895]Diphenhydramine(디펜히드라민)/[D001809]Allantoin(알란토인)/[D000216]Retinol(레티놀)/[D001810]Tocopherol(토코페롤)/[D001152]chlorhexidine(클로르헥시딘)","[M040131]리도카인/[M050364]염산리도카인/[M203064]리도카인염산염일수화물/[M222842]리도카인염산염수화물/[M241764]리도카인염산염/[M040818]히드로코르티손/[M101579]히드로코르티손/[M104049]호박산히드로코르티손나트륨/[M204310]하이드로코르티손/[M223350]히드로코르티손부티레이트/[M223352]히드로코르티손숙시네이트나트륨/[M223353]히드로코르티손아세테이트/[M257131]히드로코르티손발레레이트/[M261154]히드로코르티손프로부테이트/[A006116]메틸에페드린/[I006391]dl-메틸에페드린염산염/[M204422]dl-메틸에페드린염산염/[M223022]dl-메틸에페드린염산염 산 10%/[M235519]디엘메틸에페드린염산염/[M240608]dI-메틸에페드린염산염/[M240859]디엘-메틸에페드린염산염/[M252389]㎗-메틸에페드린염산염/[M264046]DL-메틸에페드린염산염/[I006203]디펜히드라민탄느산염/[M040108]디펜히드라민/[M040110]염산디펜히드라민/[M050298]살리실산디펜히드라민/[M082024]구연산디펜히드라민/[M083318]디펜히드라민씨트레이트/[M200130]구연산디펜하이드라민/[M200353]디펜하이드라민/[M201255]염산디펜하이드라민/[M222973]디펜히드라민염산염/[M222974]디펜히드라민염산염 주사액/[M222975]디펜히드라민염산염 캡슐/[M222976]디펜히드라민탄닌산염/[M254160]디펜히드라민시트르산염/[M257663]디펜히드라민살리실산염/[A000767]알란토인/[C202499]레티놀/[M040126]초산레티놀/[M050705]비타민A(팔미틴산레티놀)/[M083086]건조팔미틴산레티놀/[M083834]초산레티놀과립/[M084549]건조초산레티놀/[M085072]팔미틴산레티놀250CWS/[M088483]팔미틴산레티놀/[M095544]건조팔미틴산레티놀타입500/[M099259]팔미틴산레티놀과립/[M099421]건조팔미틴산레티놀과립/[M100749]팔미틴산레티놀유/[M101190]팔미틴산레티놀과립500/[M102298]건조초산레티놀과립500/[M205408]레티놀아세테이트/[M208869]레티놀/[M211331]건조초산레티놀과립/[M212202]합성비타민A분말(팔미틴산레티놀)/[M222991]레티놀팔미테이트/[M239907]건조레티놀팔미테이트과립/[M241189]건조레티놀아세테이트과립/[M243499]레티놀팔미테이트유/[M243758]건조레티놀아세테이트과립500/[M246727]레티놀팔미테이트250CWS/[M246785]건조레티놀아세테이트/[M247202]레티놀아세테이트 과립/[M247651]건조레티놀아세테이트분말/[M248244]레티놀팔미테이트과립/[M251132]합성비타민에이분말(레티놀팔미테이트)/[M253027]농축레티놀팔미테이트(유상형, 합성)/[M264001]레티놀팔미테이트농축분말/[A001180]토코페롤/[C040620]염산클로르헥시딘/[C051536]글루콘산클로르헥시딘액/[C081338]초산클로르헥시딘/[C083151]디글루콘산클로르헥시딘/[C084526]글루콘산클로르헥시딘/[C088672]글루콘산클로르헥시딘액20%/[C089477]글로콘산클로르헥시딘액/[C315323]클로르헥시딘디글루코네이트/[C315339]클로르헥시딘디글루코네이트 20%/[C409535]클로르헥시딘/[I004578]클로르헥시딘/[I004579]초산클로르헥시딘/[I004580]클로르헥시딘글루콘산염/[I004581]클로르헥시딘염산염/[M040620]염산클로르헥시딘/[M051536]글루콘산클로르헥시딘액/[M081338]초산클로르헥시딘/[M084526]글루콘산클로르헥시딘/[M088672]글루콘산클로르헥시딘액20%/[M089477]글로콘산클로르헥시딘액/[M106679]초산클로르헥시딘연고/[M202318]20%글루콘산클로르헥시딘액/[M203914]클로르헥시딘글루코네이트/[M203915]클로르헥시딘염산염/[M203916]클로르헥시딘이초산염/[M207602]글루콘산클로르헥시딘액(20%)/[M214668]글루콘산 클로르헥시딘액/[M223220]클로르헥시딘글루콘산염 액/[M224233]클로르헥시딘글루콘산염/[M234944]클로르헥시딘디글루콘산액/[M241336]20% 클로르헥시딘글루콘산염 용액/[M243030]글루콘산클로르헥시딘액/[M244239]클로르헥시딘글루콘산염액/[M246214]20% 글루콘산클로르헥시딘/[M246507]클로르헥시딘글루코네이트용액/[M246648]클로르헥시딘글루콘산염액 20%/[M247682]클로르헥시딘아세트산염/[M256314]글루콘산클로르헥시딘 액/[M260778]클로르헥시딘디글루코네이트액","","직장용연고제","2등급",20201228,"- 태아 서맥 또는 빈맥, 호흡 저하 등 발생 가능성 - (직장용반고형제) -","직장용 반고형제 포함","정상"
6467,"임부금기","복합",D000709,Lidocaine,"리도카인","[D000522]Hydrocortisone(히드로코르티손)/[D001116]Methylephedrine(메틸에페드린)/[D000895]Diphenhydramine(디펜히드라민)/[D001809]Allantoin(알란토인)/[D001810]Tocopherol(토코페롤)/[D001152]chlorhexidine(클로르헥시딘)","[M040131]리도카인/[M050364]염산리도카인/[M203064]리도카인염산염일수화물/[M222842]리도카인염산염수화물/[M241764]리도카인염산염/[M040818]히드로코르티손/[M101579]히드로코르티손/[M104049]호박산히드로코르티손나트륨/[M204310]하이드로코르티손/[M223350]히드로코르티손부티레이트/[M223352]히드로코르티손숙시네이트나트륨/[M223353]히드로코르티손아세테이트/[M257131]히드로코르티손발레레이트/[M261154]히드로코르티손프로부테이트/[A006116]메틸에페드린/[I006391]dl-메틸에페드린염산염/[M204422]dl-메틸에페드린염산염/[M223022]dl-메틸에페드린염산염 산 10%/[M235519]디엘메틸에페드린염산염/[M240608]dI-메틸에페드린염산염/[M240859]디엘-메틸에페드린염산염/[M252389]㎗-메틸에페드린염산염/[M264046]DL-메틸에페드린염산염/[I006203]디펜히드라민탄느산염/[M040108]디펜히드라민/[M040110]염산디펜히드라민/[M050298]살리실산디펜히드라민/[M082024]구연산디펜히드라민/[M083318]디펜히드라민씨트레이트/[M200130]구연산디펜하이드라민/[M200353]디펜하이드라민/[M201255]염산디펜하이드라민/[M222973]디펜히드라민염산염/[M222974]디펜히드라민염산염 주사액/[M222975]디펜히드라민염산염 캡슐/[M222976]디펜히드라민탄닌산염/[M254160]디펜히드라민시트르산염/[M257663]디펜히드라민살리실산염/[A000767]알란토인/[A001180]토코페롤/[C040620]염산클로르헥시딘/[C051536]글루콘산클로르헥시딘액/[C081338]초산클로르헥시딘/[C083151]디글루콘산클로르헥시딘/[C084526]글루콘산클로르헥시딘/[C088672]글루콘산클로르헥시딘액20%/[C089477]글로콘산클로르헥시딘액/[C315323]클로르헥시딘디글루코네이트/[C315339]클로르헥시딘디글루코네이트 20%/[C409535]클로르헥시딘/[I004578]클로르헥시딘/[I004579]초산클로르헥시딘/[I004580]클로르헥시딘글루콘산염/[I004581]클로르헥시딘염산염/[M040620]염산클로르헥시딘/[M051536]글루콘산클로르헥시딘액/[M081338]초산클로르헥시딘/[M084526]글루콘산클로르헥시딘/[M088672]글루콘산클로르헥시딘액20%/[M089477]글로콘산클로르헥시딘액/[M106679]초산클로르헥시딘연고/[M202318]20%글루콘산클로르헥시딘액/[M203914]클로르헥시딘글루코네이트/[M203915]클로르헥시딘염산염/[M203916]클로르헥시딘이초산염/[M207602]글루콘산클로르헥시딘액(20%)/[M214668]글루콘산 클로르헥시딘액/[M223220]클로르헥시딘글루콘산염 액/[M224233]클로르헥시딘글루콘산염/[M234944]클로르헥시딘디글루콘산액/[M241336]20% 클로르헥시딘글루콘산염 용액/[M243030]글루콘산클로르헥시딘액/[M244239]클로르헥시딘글루콘산염액/[M246214]20% 글루콘산클로르헥시딘/[M246507]클로르헥시딘글루코네이트용액/[M246648]클로르헥시딘글루콘산염액 20%/[M247682]클로르헥시딘아세트산염/[M256314]글루콘산클로르헥시딘 액/[M260778]클로르헥시딘디글루코네이트액","","직장용연고제","2등급",20201228,"- 태아 서맥 또는 빈맥, 호흡 저하 등 발생 가능성 - (직장용반고형제) -","직장용 반고형제 포함","정상"
6470,"임부금기","복합",D000709,Lidocaine,"리도카인","[D001084]L-Menthol(L-멘톨)/[D001809]Allantoin(알란토인)/[D001039]Tetrahydrozoline(테트라히드로졸린)/[D001152]chlorhexidine(클로르헥시딘)","[M040131]리도카인/[M050364]염산리도카인/[M203064]리도카인염산염일수화물/[M222842]리도카인염산염수화물/[M241764]리도카인염산염/[C040175]엘-멘톨/[C089484]L-멘톨/[C312553]L-멘톨/[C316512]엘-멘톨/[I006981]L-멘톨/[M200545]멘톨l-/[M204434]L-멘톨/[M208129]ℓ- 멘톨/[M212885]엘-멘톨/[M219244]엘 멘톨/[M230875]l-멘톨/[M243611]엘멘톨/[M243792]엘멘톨/[M244288]엘멘톨/[M244290]엘멘톨/[M247578]ㅣ-멘톨/[M251585]멘톨/l/[M252509]멘톨/ℓ-/[M253205]멘톨/L-/[M279284]L-멘톨/[A000767]알란토인/[M223237]테트라히드로졸린염산염/[C040620]염산클로르헥시딘/[C051536]글루콘산클로르헥시딘액/[C081338]초산클로르헥시딘/[C083151]디글루콘산클로르헥시딘/[C084526]글루콘산클로르헥시딘/[C088672]글루콘산클로르헥시딘액20%/[C089477]글로콘산클로르헥시딘액/[C315323]클로르헥시딘디글루코네이트/[C315339]클로르헥시딘디글루코네이트 20%/[C409535]클로르헥시딘/[I004578]클로르헥시딘/[I004579]초산클로르헥시딘/[I004580]클로르헥시딘글루콘산염/[I004581]클로르헥시딘염산염/[M040620]염산클로르헥시딘/[M051536]글루콘산클로르헥시딘액/[M081338]초산클로르헥시딘/[M084526]글루콘산클로르헥시딘/[M088672]글루콘산클로르헥시딘액20%/[M089477]글로콘산클로르헥시딘액/[M106679]초산클로르헥시딘연고/[M202318]20%글루콘산클로르헥시딘액/[M203914]클로르헥시딘글루코네이트/[M203915]클로르헥시딘염산염/[M203916]클로르헥시딘이초산염/[M207602]글루콘산클로르헥시딘액(20%)/[M214668]글루콘산 클로르헥시딘액/[M223220]클로르헥시딘글루콘산염 액/[M224233]클로르헥시딘글루콘산염/[M234944]클로르헥시딘디글루콘산액/[M241336]20% 클로르헥시딘글루콘산염 용액/[M243030]글루콘산클로르헥시딘액/[M244239]클로르헥시딘글루콘산염액/[M246214]20% 글루콘산클로르헥시딘/[M246507]클로르헥시딘글루코네이트용액/[M246648]클로르헥시딘글루콘산염액 20%/[M247682]클로르헥시딘아세트산염/[M256314]글루콘산클로르헥시딘 액/[M260778]클로르헥시딘디글루코네이트액","","직장용연고제","2등급",20201228,"- 태아 서맥 또는 빈맥, 호흡 저하 등 발생 가능성 - (직장용반고형제) -","직장용 반고형제 포함","정상"
6498,"임부금기","복합",D000363,Ibuprofen,"이부프로펜","[D001084]L-Menthol(L-멘톨)","[M051259]이부프로펜/[M071015]이부프로펜리신/[M086772]이부프로펜제피세립/[M209277]이부프로펜아르기닌/[M246943]이부프로펜나트륨이수화물/[C040175]엘-멘톨/[C089484]L-멘톨/[C312553]L-멘톨/[C316512]엘-멘톨/[I006981]L-멘톨/[M200545]멘톨l-/[M204434]L-멘톨/[M208129]ℓ- 멘톨/[M212885]엘-멘톨/[M219244]엘 멘톨/[M230875]l-멘톨/[M243611]엘멘톨/[M243792]엘멘톨/[M244288]엘멘톨/[M244290]엘멘톨/[M247578]ㅣ-멘톨/[M251585]멘톨/l/[M252509]멘톨/ℓ-/[M253205]멘톨/L-/[M279284]L-멘톨","","피부용겔제","2등급",20251223,"(경구, 주사)- 임부에 대한 안전성 미확립.- 임신 말기에 투여시 태아의 동맥관조기폐쇄 가능성.- 임신 약 20주 이후 비스테로이드성 소염제의 사용은 태아의 신기능 이상을 일으켜 양수 과소증 유발 가능 및 경우에 따라 신생아 신장애 발생 가능(외용)- 임신 후반기 투여 시 출산 지연,  출산 시 실혈, 신생아 출혈, 태아의 심폐독성(동맥관 조기폐쇄를 수반하는 폐고혈압), 신기능 저하로 양수과소증을 수반하는 신부전 발생 가능","겔제, 첩부제 포함","정상"
