DUR_SEQ,TYPE_NAME,MIX_TYPE,INGR_CODE,INGR_ENG_NAME,INGR_NAME,MIX_INGR,ORI_INGR,CLASS_NAME,FORM_NAME,MAX_QTY,NOTIFICATION_DATE,PROHBT_CONTENT,REMARK,DEL_YN
636,"용량주의","단일",D000592,Triazolam,"트리아졸람","","[I005603]트리아졸람/[M088380]트리아졸람","[01120]최면진정제","정제","0.25밀리그램",20130703,"","","정상"
809,"용량주의","단일",D000456,Alacepril,"알라세프릴","","[M091774]알라세프릴","[02140]혈압강하제","정제","알라세프릴 100밀리그램",20130703,"","","정상"
812,"용량주의","단일",D000176,Captopril,"캅토프릴","","[M081550]캅토프릴","[02140]혈압강하제","정제","400밀리그램",20130703,"","","정상"
1734,"용량주의","복합",D000176,Captopril,"캅토프릴","[D000414]Hydrochlorothiazide(히드로클로로티아지드)","[M081550]캅토프릴/[M080768]히드로클로르치아지드/[M089923]히드로클로로치아짓/[M097694]히드로클로로치아지드/[M223356]히드로클로로티아지드","[02140]혈압강하제","정제","100밀리그램",20130703,"캅토프릴 100mg/히드로클로로티아지드 50mg","","정상"
1735,"용량주의","단일",D000796,Fosinopril,"포시노프릴","","[M085058]포시노프릴나트륨","[02140]혈압강하제","정제","40밀리그램",20130703,"","","정상"
1736,"용량주의","단일",D000529,Mexazolam,"멕사졸람","","[M220309]멕사졸람","[01170]정신신경용제","정제","(고령자)멕사졸람 1.5밀리그램",20130703,"(고령자) 멜록시캄 1.5mg","","정상"
1737,"용량주의","단일",D000784,Nalbuphine,"날부핀","","[M082036]염산날부핀/[M257272]날부핀염산염","[01140]해열.진통.소염제","용액주사제","날부핀염산염 160밀리그램",20130703,"","","정상"
1738,"용량주의","단일",D000794,Pentazocine,"펜타조신","","[M051738]펜타조신/[M093557]염산펜타조신","[01140]해열.진통.소염제","정제/용액주사제","360밀리그램",20130703,"","","정상"
1739,"용량주의","단일",D000398,Ramipril,"라미프릴","","[M083172]라미프릴/[M255729]히드록시프로필메틸셀룰로오스로제피한라미프릴과립","[02140]혈압강하제","정제/캡슐","라미프릴 10밀리그램",20130703,"","","정상"
1740,"용량주의","단일",D000152,Amlodipine,"암로디핀","","[M083437]베실산암로디핀/[M100608]말레인산암로디핀/[M100610]캄실산암로디핀/[M101934]암로디핀/[M102166]메실산암로디핀일수화물/[M102534]암로디핀오로트산염/[M222875]암로디핀베실산염/[M246033]암로디핀캄실산염/[M250821]암로디핀아디핀산염/[M250983]암로디핀말레산염/[M251079]암로디핀니코틴산염/[M254832]암로디핀메실산염일수화물/[M257408]암로디핀아디프산염","[02140]혈압강하제","정제/캡슐","암로디핀 10밀리그램",20131128,"","","정상"
1741,"용량주의","단일",D000220,Losartan,"로사르탄","","[M086307]로자탄칼륨/[M201944]포타슘로사탄/[M248335]로자탄칼륨/[M249673]로사르탄칼륨/[M255575]로사르탄칼륨(로자탄으로서 45.8mg)/[M257973]로사르탄칼슘/[M259810]로자르탄칼륨/[M260076]로사르탄칼륨(로사르탄으로서45.8mg)","[02140]혈압강하제","정제","로사르탄칼륨 100밀리그램",20131128,"","","정상"
1742,"용량주의","단일",D000358,"Olmesartan Medoxomil","올메사르탄메독소밀","","[I002674]올메사르탄메독소밀/[M102509]올메사탄메독소밀/[M257074]올메사르탄메독소밀","[02140]혈압강하제","정제","올메사르탄메독소밀 40밀리그램",20131128,"","","정상"
1743,"용량주의","단일",D000540,Buspirone,"부스피론","","[M081980]염산부스피론/[M222852]부스피론염산염","[01170]정신신경용제","정제","부스피론염산염 60밀리그램",20131128,"","","정상"
1744,"용량주의","단일",D000427,Meloxicam,"멜록시캄","","[M086439]멜록시캄","[01140]해열.진통.소염제","정제/캡슐/구강붕해정","멜록시캄 15밀리그램",20131128,"","","정상"
1745,"용량주의","단일",D000621,Pranlukast,"프란루카스트","","[M087212]프란루카스트수화물","[01490]기타의 알레르기용약","정제/캡슐/용액주사제/유화주사제/용액용분말주사제/서방성현탁액용분말주사제/용액용동결건조분말주사제/현탁액용동결건조분말주사제/서방성현탁액용동결건조분말주사제/리포좀화현탁액용동결건조분말주사제/현탁액주사제/서방성현탁액성주사제/액상시럽제/건조시럽용 과립제","450밀리그램",20131128,"","","정상"
1746,"용량주의","단일",D000086,Dexibuprofen,"덱시부프로펜","","[M088349]덱시부프로펜디ㆍ씨/[M092057]덱시부프로펜/[M212364]덱시부프로펜디씨/[M214134]덱시부프로펜 디.씨/[M215523]덱시부프로펜 디.씨./[M240099]덱시부프로펜디.씨/[M254719]덱시부프로펜","[01140]해열.진통.소염제","정제/캡슐","덱시부프로펜 1,200밀리그램",20131227,"","","정상"
1747,"용량주의","단일",D000363,Ibuprofen,"이부프로펜","","[M051259]이부프로펜/[M071015]이부프로펜리신/[M086772]이부프로펜제피세립/[M209277]이부프로펜아르기닌/[M246943]이부프로펜나트륨이수화물","[01140]해열.진통.소염제","정제/캡슐/용액주사제/액상시럽제/서방정/서방성필름코팅정","이부프로펜 3,200밀리그램",20131227,"","","정상"
1748,"용량주의","단일",D000714,Mazindol,"마진돌","","[M092419]마진돌","[01230]자율신경제","정제","마진돌 1.5밀리그램",20131227,"","","정상"
1749,"용량주의","단일",D000701,"Phendimetrazine tartrate","펜디메트라진타르타르산염","","[M088437]주석산펜디메트라진/[M214394]주석산펜디메트라진/[M230784]펜디메트라진타르타르산염","[01230]자율신경제","정제","210밀리그램",20131227,"","","정상"
1750,"용량주의","단일",D000178,Quazepam,"쿠아제팜","","[M102600]쿠아제팜","[01120]최면진정제","정제","30밀리그램",20131227,"","","정상"
1751,"용량주의","단일",D000062,Temocapril,"테모카프릴","","[M252702]테모카프릴염산염","[02140]혈압강하제","정제","4밀리그램",20131227,"","","정상"
1752,"용량주의","단일",D000526,Lidamidine,"리다미딘","","[M257561]리다미딘염산염","[02390]기타의 소화기관용약","캡슐","리다미딘염산염 20밀리그램",20131227,"","","정상"
1753,"용량주의","단일",D000259,Amiodarone,"아미오다론","","[A005259]아미오다론","[02120]부정맥용제","용액주사제","아미오다론염산염 1,200밀리그램",20141024,"","","정상"
1754,"용량주의","단일",D000212,"Flecainide Acetate","플레카이니드아세테이트","","[M201704]초산플레카이니드/[M239215]플레카이니드아세테이트/[M257171]플레카이니드아세트산염","[02120]부정맥용제","정제","400밀리그램",20141024,"","","정상"
1755,"용량주의","단일",D000212,"Flecainide Acetate","플레카이니드아세테이트","","[M201704]초산플레카이니드/[M239215]플레카이니드아세테이트/[M257171]플레카이니드아세트산염","[02120]부정맥용제","용액주사제/유화주사제/용액용분말주사제/서방성현탁액용분말주사제/용액용동결건조분말주사제/현탁액용동결건조분말주사제/서방성현탁액용동결건조분말주사제/리포좀화현탁액용동결건조분말주사제/현탁액주사제/서방성현탁액성주사제","600밀리그램",20141024,"","","정상"
1756,"용량주의","단일",D000829,Triamterene,"트리암테렌","","[M040663]트리암테렌","[02130]이뇨제","정제","300밀리그램",20141024,"","","정상"
1757,"용량주의","단일",D000454,Atenolol,"아테놀롤","","[M080475]아테놀올/[M201140]아테놀롤","[02140]혈압강하제","정제","아테놀롤 100밀리그램",20141024,"","","정상"
1758,"용량주의","단일",D000436,Betaxolol,"베탁솔롤","","[M081704]염산베탁솔롤/[M222850]베탁솔롤염산염/[M230045]베탁소롤염산염","[02140]혈압강하제","정제","베탁솔롤염산염 20밀리그램",20141024,"","","정상"
1759,"용량주의","단일",D000370,Carvedilol,"카르베딜롤","","[M085731]카르베딜롤/[M116008]카르베딜롤 과립/[M259204]카르베딜롤과립","[02140]혈압강하제","정제/필름코팅정","카르베딜롤 100밀리그램",20141024,"","","정상"
1760,"용량주의","단일",D000370,Carvedilol,"카르베딜롤","","[M085731]카르베딜롤/[M116008]카르베딜롤 과립/[M259204]카르베딜롤과립","[02140]혈압강하제","서방성캡슐제, 펠렛/서방정","카르베딜롤 128밀리그램",20141024,"","","정상"
1761,"용량주의","단일",D000785,Nebivolol,"네비보롤","","[M246568]네비보롤염산염/[M254774]네비보롤염산염","[02140]혈압강하제","정제","네비보롤 10밀리그램",20141024,"","","정상"
1762,"용량주의","단일",D000607,Nipradilol,"니프라딜롤","","[M083116]니프라딜롤","[02140]혈압강하제","정제","니프라딜롤 18밀리그램",20141024,"","","정상"
1763,"용량주의","단일",D000554,Enalapril,"에날라프릴","","[M082059]말레인산에날라프릴/[M099977]말레인산에날프릴/[M223118]에날라프릴말레산염/[M223119]에날라프릴말레산염 정/[M249863]에날라프릴말레인산염","[02140]혈압강하제","정제","에날라프릴말레산염 40밀리그램",20141024,"","","정상"
1764,"용량주의","단일",D000273,"Candesartan cilexetil","칸데사르탄실렉세틸","","[M089055]칸데사르탄실렉세틸","[02140]혈압강하제","정제","칸데사르탄실렉세틸 32밀리그램",20141024,"","","정상"
1765,"용량주의","단일",D000756,"Olmesartan Cilexetil","올메사르탄실렉세틸","","[M256141]올메사탄실렉세틸","[02140]혈압강하제","정제","44.16밀리그램",20141024,"","","삭제"
1766,"용량주의","단일",D000011,Valsartan,"발사르탄","","[M090403]발사르탄","[02140]혈압강하제","정제","발사르탄 320밀리그램",20141024,"","","정상"
1767,"용량주의","단일",D000404,Felodipine,"펠로디핀","","[M081580]펠로디핀과립4ㆍ79%/[M084735]펠로디핀","[02140]혈압강하제","정제","20밀리그램",20141024,"","","정상"
1768,"용량주의","단일",D000543,Bisoprolol,"비소프롤롤","","[M102058]푸마르산비소프롤롤/[M222856]비소프롤롤푸마르산염","[02190]기타의 순환계용약","정제","비소프롤롤푸마르산염 20밀리그램",20141024,"","","정상"
1769,"용량주의","단일",D000433,Minoxidil,"미녹시딜","","[M081480]미녹시딜","[02140]혈압강하제","정제","미녹시딜 100밀리그램",20141024,"","","정상"
1770,"용량주의","단일",D000231,Moxonidine,"목소니딘","","[M085598]목소니딘","[02140]혈압강하제","정제","목소니딘 0.6밀리그램",20141024,"","","정상"
1771,"용량주의","단일",D000752,Efonidipine,"에포니디핀","","[M257938]에포니디핀염산염","[02170]혈관확장제","정제","에포니디핀염산염 60밀리그램",20141024,"","","정상"
1773,"용량주의","단일",D000197,Nifedipine,"니페디핀","","[M050164]니페디핀/[M260164]니페디핀(미분화)","[02170]혈관확장제","정제/서방성필름코팅정","니페디핀 120밀리그램",20141024,"","","정상"
1774,"용량주의","단일",D000196,Nisoldipine,"니솔디핀","","[M089893]니솔디핀","[02170]혈관확장제","정제/서방정","니솔디핀 40밀리그램",20141024,"","","정상"
1775,"용량주의","단일",D000329,Verapamil,"베라파밀","","[M080637]염산베라파밀/[M203207]베라파밀염산염","[02170]혈관확장제","서방성필름코팅정","베라파밀염산염 480밀리그램",20141024,"","","정상"
1776,"용량주의","단일",D000306,Fluvastatin,"플루바스타틴","","[M214128]플루바스타틴나트륨","[02180]동맥경화용제","서방정/서방성필름코팅정/서방성당의정/서방성다층정/서방성장용필름코팅정/캡슐","80밀리그램",20141024,"","","정상"
1777,"용량주의","단일",D000419,Lovastatin,"로바스타틴","","[M083392]로바스타틴","[02180]동맥경화용제","정제","로바스타틴 80밀리그램",20141024,"","","정상"
1778,"용량주의","단일",D000518,Pitavastatin,"피타바스타틴","","[M102119]피타바스타틴칼슘/[M259724]피타바스타틸칼슘","[02180]동맥경화용제","정제","4밀리그램",20141024,"","","정상"
1779,"용량주의","단일",D000219,Rosuvastatin,"로수바스타틴","","[M095744]로수바스타틴칼슘/[M258559]로수바스타틴칼슘염/[M270546]로수바스타틴칼슘(미분화)","[02180]동맥경화용제","정제","로수바스타틴 20밀리그램",20141024,"","","정상"
1780,"용량주의","단일",D000740,Acipimox,"아시피목스","","[M085111]아시피목스","[02180]동맥경화용제","캡슐","아시피목스 1,200밀리그램",20141024,"","","정상"
1781,"용량주의","단일",D000290,"Nicotinic acid","니코틴산","","[A005290]니코틴산/[M040063]니코틴산","[02180]동맥경화용제","서방정","니코틴산 2,000밀리그램",20141024,"","","정상"
1782,"용량주의","단일",D000271,"Zolpidem tartrate","졸피뎀타르타르산염","","[M088392]주석산졸피뎀/[M222883]졸피뎀타르타르산/[M239566]졸피뎀타르타르산염/[M261178]졸피뎀타르타르산염","[01120]최면진정제","나정/필름코팅정","졸피뎀타르타르산염 10밀리그램",20141230,"","","정상"
1783,"용량주의","단일",D000501,Doxepin,"독세핀","","[M258572]독세핀염산염","[01120]최면진정제","정제","독세핀 6밀리그램",20141230,"","","정상"
1784,"용량주의","단일",D000271,"Zolpidem tartrate","졸피뎀타르타르산염","","[M088392]주석산졸피뎀/[M222883]졸피뎀타르타르산/[M239566]졸피뎀타르타르산염/[M261178]졸피뎀타르타르산염","[01120]최면진정제","서방성필름코팅정","졸피뎀타르타르산염 12.5밀리그램",20141230,"","","정상"
1785,"용량주의","단일",D000056,Chlordiazepoxide,"클로르디아제폭시드","","[M088403]클로르디아제폭시드/[M223206]클로르디아제폭시드염산염","[01170]정신신경용제","정제","300밀리그램",20141230,"","","정상"
1786,"용량주의","단일",D000103,Primidone,"프리미돈","","[M040736]프리미돈","[01130]항전간제","정제","2000밀리그램",20141230,"","","정상"
1787,"용량주의","단일",D000536,"Sodium Valproate","발프로산나트륨","","[M070676]발프로산나트륨","[01130]항전간제","정제","발프로산나트륨 3,000밀리그램",20141230,"","","정상"
1788,"용량주의","단일",D000536,"Sodium Valproate","발프로산나트륨","","[M070676]발프로산나트륨","[01130]항전간제","용액주사제/용액용동결건조분말주사제","발프로산나트륨 2,500밀리그램",20141230,"","","정상"
1789,"용량주의","단일",D000473,Zonisamide,"조니사미드","","[M095934]조니사미드","[01130]항전간제","정제","조니사미드 600밀리그램",20141024,"","","정상"
1790,"용량주의","단일",D000510,Levetiracetam,"레비티라세탐","","[M096537]레비티라세탐","[01130]항전간제","경구용액제/정제/서방성필름코팅정/용액주사제","레비티라세탐 3,000밀리그램",20141230,"","","정상"
1791,"용량주의","단일",D000388,Gabapentin,"가바펜틴","","[M086012]가바펜틴/[M264220]가바펜틴","[01130]항전간제","정제/캡슐","가바펜틴 3,600밀리그램",20141230,"","","정상"
1792,"용량주의","단일",D000229,Methylphenidate,"메틸페니데이트","","[M223025]메틸페니데이트염산염","[01150]각성제,흥분제","서방성캡슐제, 펠렛/나정","메틸페니데이트염산염 60밀리그램",20141230,"","","정상"
1793,"용량주의","단일",D000229,Methylphenidate,"메틸페니데이트","","[M223025]메틸페니데이트염산염","[01150]각성제,흥분제","서방성필름코팅정","메틸페니데이트염산염 72밀리그램",20141230,"","","정상"
1794,"용량주의","단일",D000466,Nortriptyline,"노르트립틸린","","[M050132]염산노르트립틸린","[01170]정신신경용제","정제","노르트립틸린 150밀리그램",20141230,"","","정상"
1795,"용량주의","단일",D000516,Fluoxetine,"플루옥세틴","","[M083718]염산플루옥세틴/[M098986]염산플루옥세틴/[M222903]플루옥세틴염산염","[01170]정신신경용제","정제/캡슐","80밀리그램",20141230,"","","정상"
1796,"용량주의","단일",D000332,Citalopram,"시탈로프람","","[M085304]브롬화수소산시탈로프람","[01170]정신신경용제","정제","시탈로프람 40밀리그램",20141230,"","","정상"
1797,"용량주의","단일",D000353,Paroxetine,"파록세틴","","[M050607]염산파록세틴/[M102324]무수염산파록세틴/[M222896]파록세틴염산염수화물/[M234807]파록세틴염산염반수화물","[01170]정신신경용제","정제","60밀리그램",20141230,"","","정상"
1798,"용량주의","단일",D000336,Sertraline,"설트랄린","","[M085340]염산설트랄린/[M251308]설트랄린염산염","[01170]정신신경용제","정제","설트랄린 200밀리그램",20141230,"","","정상"
1799,"용량주의","단일",D000774,"Trazodone Hydrochloride","트라조돈염산염","","[M080557]염산트라조돈/[M246553]트라조돈염산염","[01170]정신신경용제","정제/캡슐/서방정/서방성필름코팅정/서방성당의정/서방성다층정/서방성장용필름코팅정","600밀리그램",20141230,"","","정상"
1800,"용량주의","단일",D000018,"Bupropion Hydrochloride","부프로피온염산염","","[I000166]부프로피온염산염/[M095783]염산부프로피온/[M233238]부프로피온염산염","[01170]정신신경용제","서방성필름코팅정","부프로피온염산염 400밀리그램",20141230,"","","정상"
1801,"용량주의","단일",D000018,"Bupropion Hydrochloride","부프로피온염산염","","[I000166]부프로피온염산염/[M095783]염산부프로피온/[M233238]부프로피온염산염","[01170]정신신경용제","필름코팅정","부프로피온염산염 450밀리그램",20141230,"","","정상"
1802,"용량주의","단일",D000584,Chlorpromazine,"클로르프로마진","","[M040618]염산클로르프로마진/[M223216]클로르프로마진염산염","[01170]정신신경용제","정제","1000밀리그램",20141230,"","","정상"
1803,"용량주의","단일",D000792,Levomepromazine,"레보메프로마진","","[M222988]레보메프로마진말레산염","[01170]정신신경용제","정제","레보메프로마진 250밀리그램",20141230,"","","정상"
1804,"용량주의","단일",D000113,Haloperidol,"할로페리돌","","[M040766]할로페리돌/[M089302]할로페리돌데카노에이트","[01170]정신신경용제","정제","100밀리그램",20141230,"","","정상"
1805,"용량주의","단일",D000213,Pimozide,"피모짓","","[M071691]피모짓","[01170]정신신경용제","정제","9밀리그램",20141230,"","","정상"
1806,"용량주의","단일",D000422,Risperidone,"리스페리돈","","[M086310]리스페리돈/[M098171]리스페리돈서방성미립구","[01170]정신신경용제","정제","리스페리돈 16밀리그램",20141230,"","","정상"
1807,"용량주의","단일",D000379,Tandospirone,"탄도스피론","","[M257724]탄도스피론시트르산염","[01170]정신신경용제","정제","60밀리그램",20141230,"","","정상"
1808,"용량주의","단일",D000440,Benztropine,"벤즈트로핀","","[M050593]벤즈트로핀메실레이트/[M200496]메실산벤즈트로핀/[M247864]벤즈트로핀메실산염","[01190]기타의 중추신경용약","정제","벤즈트로핀메실산염 6밀리그램",20141230,"","","정상"
1809,"용량주의","단일",D000343,Amantadine,"아만타딘","","[M050926]염산아만타딘/[M081897]황산아만타딘/[M258880]아만타딘황산염/[M263832]아만타딘","[01190]기타의 중추신경용약","정제","아만타딘황산염 400밀리그램",20141230,"","","정상"
1810,"용량주의","단일",D000627,Ropinirole,"로피니롤","","[M088897]염산로피니롤/[M234950]로피니롤염산염","[01190]기타의 중추신경용약","정제","로피니롤 24밀리그램",20141230,"","","정상"
1811,"용량주의","단일",D000139,"Selegiline Hydrochloride","셀레길린염산염","","[M222864]셀레길린염산염","[01190]기타의 중추신경용약","정제","셀레길린염산염 10밀리그램",20141230,"","","정상"
1812,"용량주의","단일",D000689,Galantamine,"갈란타민","","[M243021]갈란타민브롬화수소산염","[01190]기타의 중추신경용약","서방정/서방성캡슐제, 펠렛/서방성필름코팅정","갈란타민 24밀리그램",20141230,"","","정상"
1813,"용량주의","단일",D000318,Memantine,"메만틴","","[M081322]염산메만틴/[M242614]메만틴염산염","[01190]기타의 중추신경용약","경구용액제/정제","메만틴염산염 20밀리그램",20141230,"","","정상"
1814,"용량주의","단일",D000489,Thiocolchicoside,"티오콜키코시드","","[M095614]치오콜치코시드/[M251172]티오콜키코시드","[01220]골격근이완제","캡슐","티오콜키코시드 16밀리그램",20141230,"","","정상"
1815,"용량주의","단일",D000489,Thiocolchicoside,"티오콜키코시드","","[M095614]치오콜치코시드/[M251172]티오콜키코시드","[01220]골격근이완제","용액주사제/유화주사제/용액용분말주사제/서방성현탁액용분말주사제/용액용동결건조분말주사제/현탁액용동결건조분말주사제/서방성현탁액용동결건조분말주사제/리포좀화현탁액용동결건조분말주사제/현탁액주사제/서방성현탁액성주사제","8밀리그램",20141230,"","","삭제"
1816,"용량주의","단일",D000288,"Neostigmine Methylsulfate","네오스티그민메틸황산염","","[M040164]메칠황산네오스티그민/[M213672]메틸황산네오스티그민/[M222940]네오스티그민메틸황산염","[01230]자율신경제","용액주사제","네오스티그민메틸황산염 5밀리그램",20141230,"","","정상"
1817,"용량주의","단일",D000044,Oxybutynin,"옥시부티닌","","[M246163]옥시부티닌염산염/[M259129]옥시부티닌","[01230]자율신경제","서방성필름코팅정","옥시부티닌염산염 30밀리그램",20141230,"","","정상"
1818,"용량주의","단일",D000044,Oxybutynin,"옥시부티닌","","[M246163]옥시부티닌염산염/[M259129]옥시부티닌","[01230]자율신경제","나정","옥시부티닌염산염 20밀리그램",20141230,"","","정상"
1819,"용량주의","단일",D000169,Zafirlukast,"자피르루카스트","","[M088674]자피르루카스트","[01490]기타의 알레르기용약","정제","자피르루카스트 40밀리그램",20141230,"","","정상"
1820,"용량주의","단일",D000147,Acetaminophen,"아세트아미노펜","","[M040353]아세트아미노펜/[M082309]아세트아미노펜제피세립/[M233006]아세트아미노펜 DC 500/600/[M246556]아세트아미노펜 (미분화)/[M262287]아세트아미노펜 과립","[01140]해열.진통.소염제","고형제/반고형제/액제","아세트아미노펜 4,000밀리그램",20141230,"모든 제형","단일제·복합제 포함","정상"
1821,"용량주의","단일",D000493,Guaifenesin,"구아이페네신","","[M050058]구아이페네신","[02220]진해거담제","액상시럽제/건조시럽용 과립제","2400밀리그램",20150331,"","","삭제"
1822,"용량주의","단일",D000448,Pseudoephedrine,"슈도에페드린","","[M050833]염산슈도에페드린/[M081720]황산슈도에페드린/[M203364]슈도에페드린염산염/[M222865]수도에페드린염산염/[M248579]수도에페드린황산염/[M256034]수도에페드린염산염 과립/[M258826]수도에페드린","[02220]진해거담제","정제","슈도에페드린염산염 240밀리그램",20150331,"","","정상"
1823,"용량주의","단일",D000521,"Terbutaline Sulfate","테르부탈린황산염","","[M051568]황산테르부탈린","[02220]진해거담제","정제","15밀리그램",20150331,"","","정상"
1824,"용량주의","단일",D000140,Cimetidine,"시메티딘","","[M050857]시메티딘/[M096180]염산시메티딘","[02320]소화성궤양용제","정제","시메티딘 2.4그램",20150331,"","","정상"
1825,"용량주의","단일",D000782,Glycopyrrolate,"글리코피롤레이트","","[M050104]글리코피롤레이트","[02320]소화성궤양용제","정제","글리코피롤레이트 8밀리그램",20150331,"","","정상"
1826,"용량주의","단일",D000078,Granisetron,"그라니세트론","","[M093643]염산그라니세트론/[M245313]그라니세트론/[M246726]그라니세트론염산염/[M254683]그라니세트론염산염","[02350]최토제, 진토제","정제/구강붕해정/용액주사제","그라니세트론 9밀리그램",20150331,"","","정상"
1827,"용량주의","단일",D000203,"Ramosetron Hydrochloride","라모세트론염산염","","[M246846]라모세트론염산염/[M255325]라모세트론염산염","[02350]최토제, 진토제","용액주사제","라모세트론염산염 0.6밀리그램",20150331,"","","정상"
1828,"용량주의","단일",D000222,"Loperamide Hydrochloride","로페라미드염산염","","[M050356]염산로페라미드/[M222992]로페라미드염산염","[02370]정장제","정제/캡슐","로페라미드염산염 16밀리그램",20150331,"","","정상"
1829,"용량주의","단일",D000297,Domperidone,"돔페리돈","","[M081091]돔페리돈/[M085595]말레인산돔페리돈/[M222961]돔페리돈말레산염","[02390]기타의 소화기관용약","정제/과립제/산제/경구용액제","돔페리돈 30밀리그램",20150331,"","","정상"
1830,"용량주의","단일",D000425,Metoclopramide,"메토클로프라미드","","[M050465]메토클로프라미드/[M050466]염산메토클로프라미드/[M223013]메토클로프라미드염산염수화물","[02390]기타의 소화기관용약","정제","메토클로프라미드염산염 30밀리그램",20150331,"","","정상"
1831,"용량주의","단일",D000711,"Liothyronine Sodium","리오티로닌나트륨","","[M050370]리오치로닌나트륨/[M222999]리오티로닌나트륨","[02430]갑상선, 부갑상선호르몬제","정제","150나노그램",20150331,"","","삭제"
1832,"용량주의","단일",D000277,Clomipramine,"클로미프라민","","[M223223]클로미프라민염산염","[02590]기타의 비뇨생식기관 및 항문용약","정제","15밀리그램",20150331,"","","정상"
1834,"용량주의","단일",D000730,"Solifenacin succinate","솔리페나신숙신산염","","[I012745]솔리페나신푸마르산염/[M251551]솔리페나신숙신산염/[M259862]솔리페나신숙신산염","[02590]기타의 비뇨생식기관 및 항문용약","정제","솔리페나신숙신산염 10밀리그램",20150331,"","","정상"
1835,"용량주의","단일",D000023,"Sunitinib Malate","수니티닙말산염","","[M249050]수니티닙말산염","[04210]항악성종양제","캡슐","수니티닙 87.5밀리그램",20150331,"","","정상"
1836,"용량주의","단일",D000482,Thalidomide,"탈리도마이드","","[M218518]탈리도마이드","[04210]항악성종양제","캡슐","400밀리그램",20150331,"","","정상"
1837,"용량주의","단일",D000143,Anagrelide,"아나그렐리드","","[M246870]아나그렐리드염산염","[04290]기타의 종양치료제","캡슐","아나그렐리드 10밀리그램",20150331,"","","정상"
1838,"용량주의","단일",D000010,"Vancomycin Hydrochloride","반코마이신염산염","","[M020228]염산반코마이신/[M222847]반코마이신염산염/[M223574]반코마이신염산염","[06110]주로 그람양성균에 작용하는 것","캡슐/용액주사제/용액용분말주사제/용액용동결건조분말주사제","반코마이신 2(주사제의 경우 경구투여 시에 한함)그램",20251127,"반코마이신 2g(역가)(주사제의 경우 경구토여 시에 한함)","","정상"
1839,"용량주의","단일",D000550,Amikacin,"아미카신","","[M020084]아미카신/[M020085]황산아미카신/[M235156]아미카신황산염/[M243343]아미카신황산염","[06120]주로 그람음성균에 작용하는 것","용액주사제/유화주사제/용액용분말주사제/서방성현탁액용분말주사제/용액용동결건조분말주사제/현탁액용동결건조분말주사제/서방성현탁액용동결건조분말주사제/리포좀화현탁액용동결건조분말주사제/현탁액주사제/서방성현탁액성주사제","아미카신 1.5그램",20150331,"아미카신 1.5g(역가)","","정상"
1840,"용량주의","단일",D000453,Aztreonam,"아즈트레오남","","[M081747]아즈트레오남","[06120]주로 그람음성균에 작용하는 것/[06160]주로 곰팡이, 원충에 작용하는 것","용액용분말주사제/용액용동결건조분말주사제","아즈트레오남 8그램",20150331,"","","정상"
1841,"용량주의","단일",D000549,Cycloserine,"시클로세린","","[M020076]시클로세린","[06130]주로 항산성균에 작용하는 것","캡슐","시클로세린 1그램",20150331,"","","정상"
1843,"용량주의","단일",D000729,"Ceftriaxone Sodium","세프트리악손나트륨","","[M020225]세프트리악손나트륨/[M222862]세프트리악손나트륨수화물","[06180]주로 그람양성, 음성균에 작용하는 것","용액주사제/용액용분말주사제/용액용동결건조분말주사제/현탁액주사제","세프트리악손 4그램",20150331,"세프트리악손 4g(역가)","","정상"
1844,"용량주의","단일",D000001,Loracarbef,"로라카베프","","[M085582]로라카베프","[06180]주로 그람양성, 음성균에 작용하는 것","액상시럽제/건조시럽용 과립제","800밀리그램",20150331,"","","정상"
1842,"용량주의","단일",D000256,Erythromycin,"에리트로마이신","","[M020095]에리스로마이신/[M020096]락토비온산에리스로마이신/[M020099]에리스로마이신에스톨레이트/[M020201]프로피온산에리스로마이신/[M223129]에리트로마이신/[M223130]에리트로마이신스테아르산염/[M223131]에리트로마이신에스톨산염/[M223132]에리트로마이신에틸숙시네이트/[M251863]에리트로마이신락토비온산염/[M256206]에리트로마이신 장용피입자/[M257644]에리트로마이신스티노프레이트","[06140]주로 그람양성균, 리케치아, 비루스에 작용하는 것/[06150]주로 그람양성, 음성균, 리케치아, 비루스에 작용하는 것","캡슐/액상시럽제/건조시럽용 과립제","에리트로마이신 4그램",20150331,"에리트로마이신4g(역가)","","정상"
1845,"용량주의","단일",D000802,Pyrazinamide,"피라진아미드","","[M040746]피라진아미드","[06220]항결핵제","정제","3그램",20150331,"","","정상"
1846,"용량주의","단일",D000426,Metronidazole,"메트로니다졸","","[M040170]메트로니다졸","[06410]항원충제","정제","메트로니다졸 4그램",20150331,"","","정상"
1847,"용량주의","단일",D000722,Bucillamine,"부시라민","","[M084627]부시라민/[M200702]부실라민","[01140]해열.진통.소염제","정제","부시라민 300밀리그램",20150507,"","","정상"
1848,"용량주의","단일",D000651,Cinoxicam,"시녹시캄","","[M084858]시녹시캄","[01140]해열.진통.소염제","정제","시녹시캄 30밀리그램",20150507,"","","정상"
1849,"용량주의","단일",D000463,Etodolac,"에토돌락","","[M081813]미결정에토돌락/[M083240]에토돌락/[M257127]미분화에토돌락","[01140]해열.진통.소염제","정제/캡슐","에토돌락 1,200밀리그램",20150507,"","","정상"
1851,"용량주의","단일",D000071,Fenoprofen,"페노프로펜","","[M081085]페노프로펜칼슘","[01140]해열.진통.소염제","정제/캡슐","3그램",20150507,"Fenoprofen로 3g","","정상"
1853,"용량주의","단일",D000274,Ketorolac,"케토롤락","","[M084703]케토롤락트로메타민/[M222885]케토롤락트로메타민염","[01140]해열.진통.소염제","정제","40밀리그램",20150507,"","","정상"
1854,"용량주의","단일",D000274,Ketorolac,"케토롤락","","[M084703]케토롤락트로메타민/[M222885]케토롤락트로메타민염","[01140]해열.진통.소염제","용액주사제/유화주사제/용액용분말주사제/서방성현탁액용분말주사제/용액용동결건조분말주사제/현탁액용동결건조분말주사제/서방성현탁액용동결건조분말주사제/리포좀화현탁액용동결건조분말주사제/현탁액주사제/서방성현탁액성주사제","90밀리그램",20150507,"","","정상"
1855,"용량주의","단일",D000115,Lornoxicam,"로녹시캄","","[M088931]로녹시캄","[01140]해열.진통.소염제","정제/용액용분말주사제","로녹시캄 16밀리그램",20150507,"","","정상"
1856,"용량주의","단일",D000525,Loxoprofen,"록소프로펜","","[M085577]록소프로펜나트륨/[M222839]록소프로펜나트륨수화물/[M259736]록소푸로펜나트륨수화물","[01140]해열.진통.소염제","정제","록소프로펜나트륨 180밀리그램",20150507,"","","정상"
1857,"용량주의","단일",D000321,Morniflumate,"모니플루메이트","","[M092795]모니플루메이트","[01140]해열.진통.소염제","정제","모니플루메이트 1,400밀리그램",20150507,"","","정상"
1858,"용량주의","단일",D000195,Naproxen,"나프록센","","[M050116]나프록센","[01140]해열.진통.소염제","정제/경구용액제/캡슐","나프록센 1250밀리그램",20150507,"","","정상"
1861,"용량주의","단일",D000287,Naratriptan,"나라트립탄","","[M249577]나라트립탄염산염","[01140]해열.진통.소염제","정제","나라트립탄 5밀리그램",20150507,"","","정상"
1862,"용량주의","단일",D000289,"Nefopam Hydrochloride","네포팜염산염","","[M050126]염산네포팜/[M254140]네포팜염산염","[01140]해열.진통.소염제","용액주사제","네포팜염산염 120밀리그램",20150507,"","","정상"
1863,"용량주의","단일",D000309,Piroxicam,"피록시캄","","[M071634]피록시캄","[01140]해열.진통.소염제","정제/캡슐/용액주사제/유화주사제/용액용분말주사제/서방성현탁액용분말주사제/용액용동결건조분말주사제/현탁액용동결건조분말주사제/서방성현탁액용동결건조분말주사제/리포좀화현탁액용동결건조분말주사제/현탁액주사제/서방성현탁액성주사제","20밀리그램",20150507,"","","정상"
1867,"용량주의","단일",D000101,Propacetamol,"프로파세타몰","","[M245991]프로파세타몰염산염","[01140]해열.진통.소염제","용액주사제/유화주사제/용액용분말주사제/서방성현탁액용분말주사제/용액용동결건조분말주사제/현탁액용동결건조분말주사제/서방성현탁액용동결건조분말주사제/리포좀화현탁액용동결건조분말주사제/현탁액주사제/서방성현탁액성주사제","8그램",20150507,"","","정상"
1868,"용량주의","단일",D000650,Sumatriptan,"수마트립탄","","[M089467]호박산수마트립탄/[M246956]수마트립탄숙신산염","[01140]해열.진통.소염제","정제","수마트립탄 300밀리그램",20150507,"","","정상"
1869,"용량주의","단일",D000060,Tenoxicam,"테녹시캄","","[M082086]테녹시캄","[01140]해열.진통.소염제","용액용동결건조분말주사제/정제","20밀리그램",20150507,"","","정상"
1873,"용량주의","단일",D000773,Tramadol,"트라마돌","","[M080418]염산트라마돌/[M104509]염산트라마돌지속성제피과립/[M222893]트라마돌염산염/[M255410]트라마돌염산염","[01140]해열.진통.소염제","정제/캡슐/용액주사제/유화주사제/용액용분말주사제/서방성현탁액용분말주사제/용액용동결건조분말주사제/현탁액용동결건조분말주사제/서방성현탁액용동결건조분말주사제/리포좀화현탁액용동결건조분말주사제/현탁액주사제/서방성현탁액성주사제","400밀리그램",20150507,"","","정상"
1874,"용량주의","단일",D000171,Zolmitriptan,"졸미트립탄","","[M090949]졸미트립탄","[01140]해열.진통.소염제","정제","졸미트립탄 10밀리그램",20150507,"","","정상"
1875,"용량주의","단일",D000177,Codeine,"코데인","","[M206948]인산코데인/[M223188]코데인인산염수화물","[08110]아편알카로이드계 제제","정제","240밀리그램",20150507,"","","정상"
1876,"용량주의","단일",D000207,"Chloral Hydrate","포수클로랄","","[M220531]포수클로랄","[01120]최면진정제","액상시럽제/건조시럽용 과립제","1그램",20150507,"","","정상"
1877,"용량주의","단일",D000218,Lorazepam,"로라제팜","","[M088374]로라제팜","[01170]정신신경용제","정제","로라제팜 10밀리그램",20150507,"","","정상"
1878,"용량주의","단일",D000383,"Trientine Hydrochloride","트리엔틴염산염","","[M237514]트리엔틴염산염","[03920]해독제","캡슐","2그램",20150602,"","","정상"
1879,"용량주의","단일",D000553,Allopurinol,"알로푸리놀","","[M040387]알로푸리놀","[03940]통풍치료제","정제","알로푸리놀 800밀리그램",20150602,"","","정상"
1880,"용량주의","단일",D000600,Gliclazide,"글리클라지드","","[M099438]글리클라짓/[M222831]글리클라지드/[M258015]글리크라짓","[03960]당뇨병용제","나정","글리클라지드 320밀리그램",20150602,"","","정상"
1881,"용량주의","단일",D000600,Gliclazide,"글리클라지드","","[M099438]글리클라짓/[M222831]글리클라지드/[M258015]글리크라짓","[03960]당뇨병용제","서방정","글리클라지드 120밀리그램",20150602,"","","정상"
1882,"용량주의","단일",D000079,Glipizide,"글리피지드","","[M256618]글리피지드","[03960]당뇨병용제","정제","글리피지드 40밀리그램",20150602,"","","정상"
1883,"용량주의","단일",D000718,Metformin,"메트포르민","","[M201260]염산메트포민/[M214651]염산메트포르민/[M223014]메트포르민염산염/[M244179]메트포르민염산염/[M255741]메트포르민아세트산염/[M263864]메트포르민/[M266682]메트포르민염산염 콜로이드성이산화규소","[03960]당뇨병용제","나정/필름코팅정","메트포르민염산염 2,550밀리그램",20150602,"","","정상"
1884,"용량주의","단일",D000718,Metformin,"메트포르민","","[M201260]염산메트포민/[M214651]염산메트포르민/[M223014]메트포르민염산염/[M244179]메트포르민염산염/[M255741]메트포르민아세트산염/[M263864]메트포르민/[M266682]메트포르민염산염 콜로이드성이산화규소","[03960]당뇨병용제","서방정/서방성필름코팅정","메트포르민염산염 2,000밀리그램",20150602,"","","정상"
1885,"용량주의","단일",D000670,Gemigliptin,"제미글립틴","","[M254878]제미글립틴타르타르산염1.5수화물/[M263103]제미글립틴타르타르산염1.5수하물","[03960]당뇨병용제","정제","제미글립틴 50밀리그램",20150602,"","","정상"
1886,"용량주의","단일",D000109,Pioglitazone,"피오글리타존","","[M092005]염산피오글리타존/[M235069]피오글리타존염산염/[M260948]피오글리타존염","[03960]당뇨병용제","정제","30밀리그램",20150602,"","","정상"
1887,"용량주의","단일",D000418,Repaglinide,"레파글리니드","","[M088889]레파글리니드","[03960]당뇨병용제","정제","레파글리니드 16밀리그램",20150602,"","","정상"
1888,"용량주의","단일",D000002,"Rosiglitazone Maleate","로시글리타존말레산염","","[M089365]말레인산로시글리타존/[M237507]로시글리타존말레산염","[03960]당뇨병용제","정제","8밀리그램",20150602,"","","정상"
1889,"용량주의","단일",D000244,Sitagliptin,"시타글립틴","","[M251915]시타글립틴인산염수화물/[M262101]시타글립틴인산염/[M266925]시타글립틴염산염수화물","[03960]당뇨병용제","정제","시타글립틴 100밀리그램",20150602,"","","정상"
1890,"용량주의","단일",D000445,Vildagliptin,"빌다글립틴","","[M221584]빌다글립틴/[M262420]빌다글립틴(미분화)","[03960]당뇨병용제","정제","빌다글립틴 100밀리그램",20150602,"","","정상"
1891,"용량주의","단일",D000506,Diclofenac,"디클로페낙","","[M050288]디클로페낙나트륨/[M083248]디클로페낙/[M083349]디클로페낙베타디메칠아미노에탄올/[M084600]디클로페낙칼륨/[M086205]디클로페낙디에칠암모늄/[M102665]디클로페낙에폴아민/[M230206]디클로페낙 β-디메칠아미노에탄올/[M249599]디클로페낙디에틸암모늄/[M251996]디클로페낙베타디메틸아미노에탄올/[M252249]디클로페낙β-디메틸아미노에탄올/[M255472]디클로페낙디에틸아민염/[M256203]디클로페낙디에틸아민","[01140]해열.진통.소염제","정제","디클로페낙나트륨 100밀리그램 또는 디클로페낙칼륨 100밀리그램",20150817,"디클로페낙나트륨 100mg 또는 디클로페낙칼륨 100mg","","정상"
2877,"용량주의","단일",D000871,Delapril,"델라프릴","","[M070262]염산데라프릴/[M201251]염산델라프릴/[M229019]델라프릴염산염","[02140]혈압강하제","정제","120밀리그램",20130703,"","","삭제"
2878,"용량주의","복합",D000554,Enalapril,"에날라프릴","[D000414]Hydrochlorothiazide(히드로클로로티아지드)","[M082059]말레인산에날라프릴/[M099977]말레인산에날프릴/[M223118]에날라프릴말레산염/[M223119]에날라프릴말레산염 정/[M249863]에날라프릴말레인산염/[M080768]히드로클로르치아지드/[M089923]히드로클로로치아짓/[M097694]히드로클로로치아지드/[M223356]히드로클로로티아지드","[02140]혈압강하제","정제","에날라프릴말레산염 20밀리그램/히드로클로로티아지드 50밀리그램",20130703,"에날라프릴 20mg, 히드로클로로티아지드 50mg","복합제","정상"
2879,"용량주의","복합",D000404,Felodipine,"펠로디핀","[D000398]Ramipril(라미프릴)","[M081580]펠로디핀과립4ㆍ79%/[M084735]펠로디핀/[M083172]라미프릴/[M255729]히드록시프로필메틸셀룰로오스로제피한라미프릴과립","[02140]혈압강하제","정제/캡슐","5밀리그램",20130703,"","1일최대용량 : 펠로디핀 5mg 및 라미프릴 5mg(복합제)","정상"
2883,"용량주의","복합",D000671,"Calcium Carbonate","탄산칼슘","[D000494]Calcium Gluconate(글루콘산칼슘)/[D000494]Calcium Gluconate(글루콘산칼슘)/[D000459]Ergocalciferol(에르고칼시페롤)","[M040634]침강탄산칼슘/[M040041]글루콘산칼슘/[M222935]글루콘산칼슘수화물/[M040397]에르고칼시페롤/[M082636]건조에르고칼시페롤/[M083515]에르고칼시페롤과립/[M099192]건조에르고칼시페롤과립","[03210]칼슘제","정제","960밀리그램",20131227,"1일 최대용량 : 침강탄산칼슘 960mg, 글루콘산칼슘 960mg, 젖산칼슘 1,087.2mg, 에르고칼시페롤 0.472mg(복합제)","","정상"
2884,"용량주의","복합",D000220,Losartan,"로사르탄","[D000414]Hydrochlorothiazide(히드로클로로티아지드)","[M086307]로자탄칼륨/[M201944]포타슘로사탄/[M248335]로자탄칼륨/[M249673]로사르탄칼륨/[M255575]로사르탄칼륨(로자탄으로서 45.8mg)/[M257973]로사르탄칼슘/[M259810]로자르탄칼륨/[M260076]로사르탄칼륨(로사르탄으로서45.8mg)/[M080768]히드로클로르치아지드/[M089923]히드로클로로치아짓/[M097694]히드로클로로치아지드/[M223356]히드로클로로티아지드","[02140]혈압강하제","정제","로사르탄칼륨 100밀리그램/히드로클로로티아지드 25밀리그램",20131128,"로사르탄칼륨 100mg, 히드로클로로티아지드 25mg","복합제","정상"
2885,"용량주의","복합",D000356,Oxycodone,"옥시코돈","[D000393]Naloxone(날록손)","[M040451]염산옥시코돈/[M238042]옥시코돈염산염/[M222939]날록손염산염/[M246655]날록손염산염이수화물","[08210]합성마약","서방성필름코팅정","옥시코돈염산염 160밀리그램/날록손염산염 80밀리그램",20170216,"옥시코돈염산염 160mg, 날록손염산염 80mg","복합제","정상"
2880,"용량주의","복합",D000152,Amlodipine,"암로디핀","[D000358]Olmesartan Medoxomil(올메사르탄메독소밀)","[M083437]베실산암로디핀/[M100608]말레인산암로디핀/[M100610]캄실산암로디핀/[M101934]암로디핀/[M102166]메실산암로디핀일수화물/[M102534]암로디핀오로트산염/[M222875]암로디핀베실산염/[M246033]암로디핀캄실산염/[M250821]암로디핀아디핀산염/[M250983]암로디핀말레산염/[M251079]암로디핀니코틴산염/[M254832]암로디핀메실산염일수화물/[M257408]암로디핀아디프산염/[I002674]올메사르탄메독소밀/[M102509]올메사탄메독소밀/[M257074]올메사르탄메독소밀","[02140]혈압강하제","정제","암로디핀 10밀리그램/올메사탄메독소밀 40밀리그램",20141024,"암로디핀 10mg/올메사탄메독소밀 40mg","복합제","정상"
2882,"용량주의","복합",D000152,Amlodipine,"암로디핀","[D000358]Olmesartan Medoxomil(올메사르탄메독소밀)/[D000414]Hydrochlorothiazide(히드로클로로티아지드)","[M083437]베실산암로디핀/[M100608]말레인산암로디핀/[M100610]캄실산암로디핀/[M101934]암로디핀/[M102166]메실산암로디핀일수화물/[M102534]암로디핀오로트산염/[M222875]암로디핀베실산염/[M246033]암로디핀캄실산염/[M250821]암로디핀아디핀산염/[M250983]암로디핀말레산염/[M251079]암로디핀니코틴산염/[M254832]암로디핀메실산염일수화물/[M257408]암로디핀아디프산염/[I002674]올메사르탄메독소밀/[M102509]올메사탄메독소밀/[M257074]올메사르탄메독소밀/[M080768]히드로클로르치아지드/[M089923]히드로클로로치아짓/[M097694]히드로클로로치아지드/[M223356]히드로클로로티아지드","[02140]혈압강하제","정제","10밀리그램",20141024,"1회 최대용량 : 암로디핀 10mg, 올메사탄메독소밀 40mg, 히드로클로로티아지드25mg(복합제)","주성분 3성분","정상"
2886,"용량주의","단일",D000868,S-Amlodipine,"에스암로디핀","","[I009505]s-암로디핀베실산염/[I012395]에스암로디핀베실산염2.5수화물/[M102682]베실산에스암로디핀/[M215517]베실산 에스-암로디핀/[M224657]캄실산에스암로디핀/[M226654]에스암로디핀베실산염이수화물/[M241597]에스암로디핀베실산염/[M243469]에스암로디핀베실산염/[M249423]에스암로디핀니코틴산염/[M251686]에스암로디핀니코틴산염/[M252107]에스암로디핀베실산염2.5수화물/[M259723]에스암로디핀겐티스산염/[M263840]S-암로디핀베실산염2.5수화물","[02140]혈압강하제","정제","에스암로디핀 5밀리그램",20131128,"","","정상"
2887,"용량주의","단일",D000866,S-Atenolol,"에스아테놀롤","","[M102686]에스아테놀롤/[M213598]에스-아테놀롤/[M257843]S-아테놀롤","[02140]혈압강하제","정제","에스아테놀롤 50밀리그램",20141024,"","","정상"
2888,"용량주의","복합",D000543,Bisoprolol,"비소프롤롤","[D000414]Hydrochlorothiazide(히드로클로로티아지드)","[M102058]푸마르산비소프롤롤/[M222856]비소프롤롤푸마르산염/[M080768]히드로클로르치아지드/[M089923]히드로클로로치아짓/[M097694]히드로클로로치아지드/[M223356]히드로클로로티아지드","[02140]혈압강하제","정제","비소프롤롤푸마르산염 20밀리그램/히드로클로로티아지드 12.5밀리그램",20141024,"비소프롤롤푸마르산염 20mg, 히드로클로로티아지드 12.5mg","복합제","정상"
2889,"용량주의","단일",D000973,Bunazosin,"부나조신","","[M083253]염산부나조신/[M223055]부나조신염산염","[02140]혈압강하제","정제","12밀리그램",20141024,"","","삭제"
2890,"용량주의","복합",D000046,Irbesartan,"이르베사르탄","[D000414]Hydrochlorothiazide(히드로클로로티아지드)","[I004994]이르베사르탄/[M092285]이베사탄/[M251853]이르베사르탄/[M255988]이르베사탄/[M080768]히드로클로르치아지드/[M089923]히드로클로로치아짓/[M097694]히드로클로로치아지드/[M223356]히드로클로로티아지드","[02140]혈압강하제","정제","이르베사르탄 300밀리그램/히드로클로로티아지드 25밀리그램",20141024,"이르베사탄 300mg, 히드로클로로티아지드 25mg","복합제","정상"
2891,"용량주의","단일",D000859,Prazosin,"프라조신","","[M081961]염산프라조신","[02140]혈압강하제","정제","20밀리그램",20141024,"","","정상"
2892,"용량주의","복합",D000358,"Olmesartan Medoxomil","올메사르탄메독소밀","[D000219]Rosuvastatin(로수바스타틴)","[I002674]올메사르탄메독소밀/[M102509]올메사탄메독소밀/[M257074]올메사르탄메독소밀/[M095744]로수바스타틴칼슘/[M258559]로수바스타틴칼슘염/[M270546]로수바스타틴칼슘(미분화)","[02190]기타의 순환계용약","정제","올메사르탄메독소밀 40밀리그램/로수바스타틴 20밀리그램",20141024,"올메사르탄메독소밀 40mg, 로수바스타틴 20mg","복합제","정상"
2893,"용량주의","복합",D000219,Rosuvastatin,"로수바스타틴","[D000011]Valsartan(발사르탄)","[M095744]로수바스타틴칼슘/[M258559]로수바스타틴칼슘염/[M270546]로수바스타틴칼슘(미분화)/[M090403]발사르탄","[02190]기타의 순환계용약","정제","로수바스타틴 20밀리그램/발사르탄 320밀리그램",20141024,"로수바스타틴 20mg, 발사르탄 320mg","복합제","삭제"
2894,"용량주의","복합",D000852,Caffeine,"카페인","[D000747]Ergotamine(에르고타민)","[M040579]카페인(함수)/[M040580]무수카페인/[M090611]카페인/[M223183]카페인무수물/[M223184]카페인수화물/[M241017]무수물카페인/[M040398]주석산에르고타민/[M223126]에르고타민타르타르산염","[01140]해열.진통.소염제","정제","카페인무수물 600밀리그램/에르고타민타르타르산염 6밀리그램",20150507,"카페인무수물 600mg, 에르고타민타르타르산염 6mg","복합제","정상"
2895,"용량주의","복합",D000302,Levodopa,"레보도파","[D000051]Carbidopa(카르비도파)","[M040122]레보도파/[M089172]카르비도파/[M256275]카르비도파수화물","[01190]기타의 중추신경용약","정제","1500밀리그램",20141230,"레보도파로서 1,500mg","","삭제"
2896,"용량주의","복합",D000177,Codeine,"코데인","[D000363]Ibuprofen(이부프로펜)/[D000147]Acetaminophen(아세트아미노펜)","[M206948]인산코데인/[M223188]코데인인산염수화물/[M051259]이부프로펜/[M071015]이부프로펜리신/[M086772]이부프로펜제피세립/[M209277]이부프로펜아르기닌/[M246943]이부프로펜나트륨이수화물/[M040353]아세트아미노펜/[M082309]아세트아미노펜제피세립/[M233006]아세트아미노펜 DC 500/600/[M246556]아세트아미노펜 (미분화)/[M262287]아세트아미노펜 과립","[08110]아편알카로이드계 제제","캡슐","120밀리그램",20150507,"1일최대용량 : 코데인 120mg, 이부프로펜 2,400mg, 아세트아미노펜 3,000mg(복합제)","","정상"
2897,"용량주의","복합",D000177,Codeine,"코데인","[D000147]Acetaminophen(아세트아미노펜)","[M206948]인산코데인/[M223188]코데인인산염수화물/[M040353]아세트아미노펜/[M082309]아세트아미노펜제피세립/[M233006]아세트아미노펜 DC 500/600/[M246556]아세트아미노펜 (미분화)/[M262287]아세트아미노펜 과립","[08110]아편알카로이드계 제제","정제","240밀리그램",20150507,"1일최대용량 : 코데인 240mg, 아세트아미노펜 2,400mg(복합제)","","삭제"
2898,"용량주의","복합",D000506,Diclofenac,"디클로페낙","[D000233]Misoprostol(미소프로스톨)","[M050288]디클로페낙나트륨/[M083248]디클로페낙/[M083349]디클로페낙베타디메칠아미노에탄올/[M084600]디클로페낙칼륨/[M086205]디클로페낙디에칠암모늄/[M102665]디클로페낙에폴아민/[M230206]디클로페낙 β-디메칠아미노에탄올/[M249599]디클로페낙디에틸암모늄/[M251996]디클로페낙베타디메틸아미노에탄올/[M252249]디클로페낙β-디메틸아미노에탄올/[M255472]디클로페낙디에틸아민염/[M256203]디클로페낙디에틸아민/[M082141]미소프로스톨에취ㆍ피ㆍ엠ㆍ씨배산/[M082142]미소프로스톨/[M098012]미소프로스톨에취ㆍ피ㆍ엠ㆍ씨배산(1:100)/[M216471]미소프로스톨·히드록시프로필메칠셀룰로오스배산(1:100)/[M254672]미소프로스톨히프로멜로오스배산(1:100)/[M256097]미소프로스톨·히드록시프로필메틸셀룰로오스배산(1:100)/[M256598]미소프로스톨-히드록시프로필메틸셀룰로오스 배산/[M257626]미소프로스톨 100배산/[M258072]미소프로스톨 에취.피.엠.씨 배산","[01140]해열.진통.소염제","정제","디클로페낙나트륨 100밀리그램/미소프로스톨 400마이크로그램",20150817,"디클로페낙나트륨 100mg, 미소프로스톨 400ug","복합제","정상"
2899,"용량주의","복합",D000817,Sulfisoxazole,"설피속사졸","[D000817]Sulfisoxazole(설피속사졸)/[D000256]Erythromycin(에리트로마이신)","[M040288]설프이속사졸/[M223072]설피속사졸/[M223073]설피속사졸 정/[M020095]에리스로마이신/[M020096]락토비온산에리스로마이신/[M020099]에리스로마이신에스톨레이트/[M020201]프로피온산에리스로마이신/[M223129]에리트로마이신/[M223130]에리트로마이신스테아르산염/[M223131]에리트로마이신에스톨산염/[M223132]에리트로마이신에틸숙시네이트/[M251863]에리트로마이신락토비온산염/[M256206]에리트로마이신 장용피입자/[M257644]에리트로마이신스티노프레이트","[06190]기타의 항생물질제제(복합항생물질제제를 포함)","","6그램",20150331,"에리스로마이신, 설프이속사졸(복합제)","설피속사졸로써 6g","삭제"
2900,"용량주의","복합",D000718,Metformin,"메트포르민","[D000670]Gemigliptin(제미글립틴)","[M201260]염산메트포민/[M214651]염산메트포르민/[M223014]메트포르민염산염/[M244179]메트포르민염산염/[M255741]메트포르민아세트산염/[M263864]메트포르민/[M266682]메트포르민염산염 콜로이드성이산화규소/[M254878]제미글립틴타르타르산염1.5수화물/[M263103]제미글립틴타르타르산염1.5수하물","[03960]당뇨병용제","서방성필름코팅정","메트포르민 2,000밀리그램/제미글립틴 50밀리그램",20150602,"메트포르민 2,000mg, 제미글립틴 50mg","복합제","정상"
2901,"용량주의","복합",D000690,Glibenclamide,"글리벤클라미드","[D000718]Metformin(메트포르민)","[M050102]글리벤클라미드/[M201260]염산메트포민/[M214651]염산메트포르민/[M223014]메트포르민염산염/[M244179]메트포르민염산염/[M255741]메트포르민아세트산염/[M263864]메트포르민/[M266682]메트포르민염산염 콜로이드성이산화규소","[03960]당뇨병용제","정제","글리벤클라미드 20밀리그램/메트포르민염산염 2,000밀리그램",20150602,"글리벤클라미드 20mg/메트포르민염산염 2,000mg","복합제","정상"
2902,"용량주의","복합",D000600,Gliclazide,"글리클라지드","[D000718]Metformin(메트포르민)","[M099438]글리클라짓/[M222831]글리클라지드/[M258015]글리크라짓/[M201260]염산메트포민/[M214651]염산메트포르민/[M223014]메트포르민염산염/[M244179]메트포르민염산염/[M255741]메트포르민아세트산염/[M263864]메트포르민/[M266682]메트포르민염산염 콜로이드성이산화규소","[03960]당뇨병용제","정제","글리클라지드 320밀리그램/메트포르민염산염 2,000밀리그램",20150602,"글리클라지드 320mg/메트포르민염산염 2,000mg","복합제","정상"
2903,"용량주의","복합",D000392,Glimepiride,"글리메피리드","[D000718]Metformin(메트포르민)","[M086024]글리메피리드/[M201260]염산메트포민/[M214651]염산메트포르민/[M223014]메트포르민염산염/[M244179]메트포르민염산염/[M255741]메트포르민아세트산염/[M263864]메트포르민/[M266682]메트포르민염산염 콜로이드성이산화규소","[03960]당뇨병용제","서방성필름코팅정/정제","글리메피리드 8밀리그램/메트포르민염산염 2,000밀리그램",20150602,"글리메피리드 8mg/메트포르민염산염 2,000mg","복합제","정상"
2904,"용량주의","복합",D000392,Glimepiride,"글리메피리드","[D000109]Pioglitazone(피오글리타존)","[M086024]글리메피리드/[M092005]염산피오글리타존/[M235069]피오글리타존염산염/[M260948]피오글리타존염","[03960]당뇨병용제","정제","글리메피리드 8밀리그램/피오글리타존 30밀리그램",20150602,"글리메피리드 8mg/피오글리타존 30mg","복합제","정상"
2905,"용량주의","복합",D000392,Glimepiride,"글리메피리드","[D000002]Rosiglitazone Maleate(로시글리타존말레산염)","[M086024]글리메피리드/[M089365]말레인산로시글리타존/[M237507]로시글리타존말레산염","[03960]당뇨병용제","정제","4밀리그램",20150602,"1회최대용량:글리메피리드 4mg, 로시글리타존dmfh 8mg(복합제)","","삭제"
2906,"용량주의","복합",D000302,Levodopa,"레보도파","[D000051]Carbidopa(카르비도파)","[M040122]레보도파/[M089172]카르비도파/[M256275]카르비도파수화물","[01190]기타의 중추신경용약","정제","레보도파 1,500밀리그램/카르비도파 375밀리그램/엔타카폰 2,000밀리그램",20141230,"레보도파 1,500mg, 카르비도파 375mg, 엔타카폰 2,000mg","복합제","정상"
2907,"용량주의","단일",D000283,L-Methionine,"L-메티오닌","","[M040150]디엘메치오닌/[M090757]메치오닌/[M100637]엘메치오닌/[M100667]디엘메치오닌/[M202206]DL-메치오닌/[M214295]L-메치오닌/[M218567]L-메티오닌/[M223015]DL-메티오닌/[M224258]엘-메티오닌","[03920]해독제","정제","10그램",20150602,"","","삭제"
2908,"용량주의","복합",D000425,Metoclopramide,"메토클로프라미드","[D000803]Pancreatin(판크레아틴)","[M050465]메토클로프라미드/[M050466]염산메토클로프라미드/[M223013]메토클로프라미드염산염수화물/[M040678]판크레아틴/[M082071]판크레아틴장용과립/[M089689]판크레아틴I/[M089690]판크레아틴II/[M102500]판크레아틴장용성제피정/[M257265]판크레아틴장용성제피펠렛/[M261343]판크레아틴Ⅰ/[M262958]판크레아틴장용성제피미세정","[02390]기타의 소화기관용약","정제","메토클로프라미드염산염 30밀리그램",20150331,"메토클로프라미드염산염 30mg","복합제","정상"
2909,"용량주의","단일",D000975,"Naproxen Sodium","나프록센나트륨","","[M070724]나프록센나트륨/[M103210]소디움나프록센/[M200898]소듐나프록센","[01140]해열.진통.소염제","정제/캡슐","나프록센나트륨 1350밀리그램",20150507,"","","정상"
2910,"용량주의","단일",D000976,"Piroxicam potassium","피록시캄칼륨","","[M084084]피록시캄칼륨","[01140]해열.진통.소염제","용액주사제/유화주사제/용액용분말주사제/서방성현탁액용분말주사제/용액용동결건조분말주사제/현탁액용동결건조분말주사제/서방성현탁액용동결건조분말주사제/리포좀화현탁액용동결건조분말주사제/현탁액주사제/서방성현탁액성주사제","20밀리그램",20150507,"피록시캄으로서 20mg","","정상"
2911,"용량주의","단일",D000977,"Piroxicam β-cyclodextrin","피록시캄베타-사이클로덱스트린","","[M085204]피록시캄베타-싸이클로덱스트린/[M204302]피록시캄베타-사이클로덱스트린/[M256428]피록시캄-베타사이클로덱스트린","[01140]해열.진통.소염제","정제","20밀리그램",20150507,"피록시캄으로서 20mg","","정상"
2912,"용량주의","단일",D000978,"Potassium citrate","시트르산칼륨","","[M050714]과립상구연산칼륨/[M080391]구연산칼륨/[M202384]구연산칼륨과립/[M244335]시트르산칼륨/[M247036]시트르산칼륨수화물","[02590]기타의 비뇨생식기관 및 항문용약","서방정","시트르산칼륨수화물 10,800밀리그램",20150331,"","","정상"
2913,"용량주의","단일",D000959,Pregabalin,"프레가발린","","[M102323]프레가발린","[01190]기타의 중추신경용약","캡슐/나정/서방성필름코팅정/서방성다층정","600밀리그램",20141230,"","","정상"
2914,"용량주의","복합",D000718,Metformin,"메트포르민","[D000418]Repaglinide(레파글리니드)","[M201260]염산메트포민/[M214651]염산메트포르민/[M223014]메트포르민염산염/[M244179]메트포르민염산염/[M255741]메트포르민아세트산염/[M263864]메트포르민/[M266682]메트포르민염산염 콜로이드성이산화규소/[M088889]레파글리니드","[03960]당뇨병용제","정제","메트포르민 2,500밀리그램/레파글리니드 10밀리그램",20150602,"메트포르민 2,500mg, 레파글리니드 10mg","복합제","정상"
2915,"용량주의","복합",D000718,Metformin,"메트포르민","[D000002]Rosiglitazone Maleate(로시글리타존말레산염)","[M201260]염산메트포민/[M214651]염산메트포르민/[M223014]메트포르민염산염/[M244179]메트포르민염산염/[M255741]메트포르민아세트산염/[M263864]메트포르민/[M266682]메트포르민염산염 콜로이드성이산화규소/[M089365]말레인산로시글리타존/[M237507]로시글리타존말레산염","[03960]당뇨병용제","정제","2그램",20150602,"1일최대용량 : 메트포르민 2g, 로시글리타존 8mg(복합제)","","삭제"
2916,"용량주의","복합",D000718,Metformin,"메트포르민","[D000244]Sitagliptin(시타글립틴)","[M201260]염산메트포민/[M214651]염산메트포르민/[M223014]메트포르민염산염/[M244179]메트포르민염산염/[M255741]메트포르민아세트산염/[M263864]메트포르민/[M266682]메트포르민염산염 콜로이드성이산화규소/[M251915]시타글립틴인산염수화물/[M262101]시타글립틴인산염/[M266925]시타글립틴염산염수화물","[03960]당뇨병용제","정제","메트포르민 2,000밀리그램/시타글립틴 100밀리그램",20150602,"메트포르민 2,000mg, 시타글립틴 100mg","복합제","정상"
2917,"용량주의","복합",D000489,Thiocolchicoside,"티오콜키코시드","[D000232]Aescin(에스신)","[M095614]치오콜치코시드/[M251172]티오콜키코시드/[M080565]무정형에스신","[01220]골격근이완제","정제","16밀리그램",20141230,"","","정상"
2918,"용량주의","복합",D000645,"Sulbactam Sodium","설박탐나트륨","[D000662]Ampicillin(암피실린)","[M020307]설박탐나트륨/[M257132]설박탐나트륨/[M020089]암피실린/[M020092]암피실린나트륨","[06190]기타의 항생물질제제(복합항생물질제제를 포함)","용액주사제/용액용분말주사제","설박탐 4그램",20150331,"설박탐 4g(역가)","복합제","정상"
2919,"용량주의","복합",D000354,"Papaverine Hydrochloride","파파베린염산염","[D000345]Alprostadil(알프로스타딜)/[D000403]Phentolamine(펜토라민)","[M040677]염산파파베린/[M085333]알프로스타딜알파덱스/[M086790]알프로스타딜/[M096226]펜토라민메실레이트/[M097154]펜토라민메실레이트","[02590]기타의 비뇨생식기관 및 항문용약","용액주사제/유화주사제/용액용분말주사제/서방성현탁액용분말주사제/용액용동결건조분말주사제/현탁액용동결건조분말주사제/서방성현탁액용동결건조분말주사제/리포좀화현탁액용동결건조분말주사제/현탁액주사제/서방성현탁액성주사제","1밀리리터",20150331,"1일최대용량 : 파파베린염산염, 알프로스타딜, 펜토라민메실레이트(복합제)로서 1mL","","정상"
2920,"용량주의","복합",D000718,Metformin,"메트포르민","[D000117]Linagliptin(리나글립틴)","[M201260]염산메트포민/[M214651]염산메트포르민/[M223014]메트포르민염산염/[M244179]메트포르민염산염/[M255741]메트포르민아세트산염/[M263864]메트포르민/[M266682]메트포르민염산염 콜로이드성이산화규소/[M252996]리나글립틴","[03960]당뇨병용제","정제","메트포르민 2,000밀리그램/리나글립틴 5밀리그램",20150602,"메트포르민 2,000mg, 리나글립틴 5mg","복합제","정상"
2921,"용량주의","복합",D000718,Metformin,"메트포르민","[D000335]Saxagliptin(삭사글립틴)","[M201260]염산메트포민/[M214651]염산메트포르민/[M223014]메트포르민염산염/[M244179]메트포르민염산염/[M255741]메트포르민아세트산염/[M263864]메트포르민/[M266682]메트포르민염산염 콜로이드성이산화규소/[M251489]삭사글립틴수화물","[03960]당뇨병용제","서방성필름코팅정","메트포르민 2,000밀리그램/삭사글립틴 5밀리그램",20150602,"메트포르민 2,000mg, 삭사글립틴 5mg","복합제","정상"
2922,"용량주의","복합",D000718,Metformin,"메트포르민","[D000445]Vildagliptin(빌다글립틴)","[M201260]염산메트포민/[M214651]염산메트포르민/[M223014]메트포르민염산염/[M244179]메트포르민염산염/[M255741]메트포르민아세트산염/[M263864]메트포르민/[M266682]메트포르민염산염 콜로이드성이산화규소/[M221584]빌다글립틴/[M262420]빌다글립틴(미분화)","[03960]당뇨병용제","정제","메트포르민 2,000밀리그램/빌다글립틴 100밀리그램",20150602,"메트포르민 2,000mg, 빌다글립틴 100mg","복합제","정상"
2923,"용량주의","복합",D000227,Methocarbamol,"메토카르바몰","[D000147]Acetaminophen(아세트아미노펜)","[M050463]메토카르바몰/[M200536]메토카바몰/[M040353]아세트아미노펜/[M082309]아세트아미노펜제피세립/[M233006]아세트아미노펜 DC 500/600/[M246556]아세트아미노펜 (미분화)/[M262287]아세트아미노펜 과립","[01220]골격근이완제","정제","메토카르바몰 3.2그램/아세트아미노펜 4그램",20141230,"메토카르바몰 3.2g, 아세트아미노펜 4g","복합제","정상"
3090,"용량주의","단일",D001002,Cicletanine,"시클레타닌","","[M084509]염산시클레타닌","","캡슐","150밀리그램",20161103,"","65세 이상: 100mg","삭제"
3170,"용량주의","단일",D001004,Polmacoxib,"폴마콕시브","","[I012685]폴마콕시브/[M260872]폴마콕시브","[01140]해열.진통.소염제","캡슐","2밀리그램",20170219,"","","정상"
3171,"용량주의","복합",D001005,Olodaterol,"올로다테롤","[D001006]Tiotropium(티오트로피움)","[I012706]올로다테롤염산염/[M262661]올로다테롤염산염/[M100354]브롬화티오트로피움일수화물/[M260630]티오트로퓸브롬화물수화물/[M261811]브롬화티오트로피움일수화물(미분화)/[M265286]티오트로퓸브롬화물(미분화)","[02290]기타의 호흡기관용약","정량흡입제, 용액제/정량흡입제, 현탁액제/정량흡입제, 분말제/흡입제, 미분류","5마이크로그램",20140216,"5μg/5μg(2번 분사)","","정상"
3172,"용량주의","단일",D001007,Dulaglutide,"둘라글루타이드","","[M262100]둘라글루타이드","[03960]당뇨병용제","용액주사제","둘라글루타이드 주1회 1.5밀리그램",20170216,"","","정상"
3173,"용량주의","단일",D001008,Evogliptin,"에보글립틴","","[M262875]에보글립틴타르타르산염/[M263350]에보글립틴타르타르산염","[03960]당뇨병용제","정제","에보글립틴 5밀리그램",20170216,"","","정상"
3174,"용량주의","단일",D001009,"Flutemetamol (18F)","플루트메타몰(18F)","","[M262651]플루트메타몰(18F)","[04310]방사성 의약품","용액주사제/유화주사제/용액용분말주사제/서방성현탁액용분말주사제/용액용동결건조분말주사제/현탁액용동결건조분말주사제/서방성현탁액용동결건조분말주사제/리포좀화현탁액용동결건조분말주사제/현탁액주사제/서방성현탁액성주사제","20마이크로그램",20170216,"","","정상"
3175,"용량주의","단일",D001010,Desvenlafaxine,"데스벤라팍신","","[A004571]데스벤라팍신","[01170]정신신경용제","서방성필름코팅정/필름코팅정","데스벤라팍신 200밀리그램",20170216,"","","정상"
3176,"용량주의","단일",D001011,Vortioxetine,"보티옥세틴","","[M260128]보티옥세틴브롬화수소산염","[01170]정신신경용제","정제","보티옥세틴 20밀리그램",20170216,"","","정상"
3177,"용량주의","단일",D001012,Etoricoxib,"에토리콕시브","","[M260064]에토리콕시브","[01140]해열.진통.소염제","정제","에토리콕시브 30밀리그램",20170216,"","","정상"
3178,"용량주의","단일",D001013,Florbetaben(18F),"플로르베타벤(18F)","","[M261260]플로르베타벤(18F)","[04310]방사성 의약품","용액주사제/유화주사제/용액용분말주사제/서방성현탁액용분말주사제/용액용동결건조분말주사제/현탁액용동결건조분말주사제/서방성현탁액용동결건조분말주사제/리포좀화현탁액용동결건조분말주사제/현탁액주사제/서방성현탁액성주사제","360메가베크렐",20170216,360MBq,"","정상"
3179,"용량주의","복합",D000707,Fluticasone,"플루티카손","[D001014]Vilanterol(빌란테롤)","[M070463]프로피온산플루티카손/[M222904]플루티카손프로피오네이트/[M233016]미분화플루티카손푸로에이트/[M241930]플루티카손프로피오네이트(미분화)/[M243509]플루티카손프로피오네이트(미분화)/[M259812]플루티카손푸로에이트(미분화)/[M257280]빌란테롤트리페나테이트/[M259813]빌란테롤트리페나테이트(미분화)","[02200]호흡기관용약","정량흡입제, 용액제/정량흡입제, 현탁액제/정량흡입제, 분말제/흡입제, 미분류","200/25마이크로그램",20170216,"200㎍/25㎍","","정상"
3180,"용량주의","복합",D001015,Umeclidinium,"유메클리디늄","[D001014]Vilanterol(빌란테롤)","[I012543]유메클리디늄브롬화물/[M259864]유메클리디늄브롬화물(미분화)/[M257280]빌란테롤트리페나테이트/[M259813]빌란테롤트리페나테이트(미분화)","[02290]기타의 호흡기관용약","정량흡입제, 용액제/정량흡입제, 현탁액제/정량흡입제, 분말제/흡입제, 미분류","62.5마이크로그램",20170216,"62.5㎍/25㎍","","정상"
3181,"용량주의","단일",D001002,Cicletanine,"시클레타닌","","[M084509]염산시클레타닌","[02140]혈압강하제","캡슐","시클레타닌염산염 150밀리그램",20170216,"65세 이상: 100mg","","정상"
3570,"용량주의","단일",D000633,Mometasone,"모메타손","","[M070188]모메타손푸로에이트/[M099947]푸로산모메타손/[M264264]모메타손푸로에이트일수화물","[01320]이비과용제","일반현탁분무제/정량현탁분무제/점비액제","모메타손푸로에이트 0.4밀리그램",20180103,"","","정상"
3574,"용량주의","복합",D000046,Irbesartan,"이르베사르탄","[D000455]Atorvastatin(아토르바스타틴)","[I004994]이르베사르탄/[M092285]이베사탄/[M251853]이르베사르탄/[M255988]이르베사탄/[I004369]아토르바스타틴칼슘수화물/[M093499]아토르바스타틴칼슘/[M213543]무수아토르바스타틴칼슘/[M215219]아토르바스타틴칼슘삼수화물/[M218956]아토르바스타틴삼수화물/[M244955]아토르바스타틴 스트론튬/[M247057]아토르바스타틴칼슘염무수물/[M251687]아토르바스타틴칼슘/[M256664]아토르바스타틴칼슘수화물/[M263837]아토르바스타틴","[02190]기타의 순환계용약","정제","이르베사르탄 300밀리그램",20180831,"이르베사르탄 300mg","복합제","정상"
3575,"용량주의","단일",D000046,Irbesartan,"이르베사르탄","","[I004994]이르베사르탄/[M092285]이베사탄/[M251853]이르베사르탄/[M255988]이르베사탄","[02140]혈압강하제","정제","300밀리그램",20180831,"","","정상"
3577,"용량주의","단일",D000575,Indometacin,"인도메타신","","[M040508]인도메타신","[01140]해열.진통.소염제","캡슐","200밀리그램",20180831,"","","정상"
3578,"용량주의","단일",D000575,Indometacin,"인도메타신","","[M040508]인도메타신","[02640]진통.진양.수렴.소염제","일반액상분무제/정량액상분무제/일반분말분무제/정량분말분무제","60밀리그램",20180831,"","","정상"
3579,"용량주의","복합",D000575,Indometacin,"인도메타신","[D001084]L-Menthol(L-멘톨)","[M040508]인도메타신/[C040175]엘-멘톨/[C089484]L-멘톨/[C312553]L-멘톨/[C316512]엘-멘톨/[I006981]L-멘톨/[M200545]멘톨l-/[M204434]L-멘톨/[M208129]ℓ- 멘톨/[M212885]엘-멘톨/[M219244]엘 멘톨/[M230875]l-멘톨/[M243611]엘멘톨/[M243792]엘멘톨/[M244288]엘멘톨/[M244290]엘멘톨/[M247578]ㅣ-멘톨/[M251585]멘톨/l/[M252509]멘톨/ℓ-/[M253205]멘톨/L-/[M279284]L-멘톨","[02640]진통.진양.수렴.소염제","포말에어로솔/정량계량성 에어로솔/에어로솔, 미분류","60밀리그램",20180831,"1일 최대용량 : 인도메타신 60mg","","정상"
3580,"용량주의","단일",D001085,Nintedanib,"닌테다닙","","[I012705]닌테다닙에실산염/[M118354]닌테다닙에실산염/[M264976]닌테다닙","[02290]기타의 호흡기관용약","캡슐","닌테다닙 300밀리그램",20180831,"","","정상"
3573,"용량주의","복합",D000152,Amlodipine,"암로디핀","[D000455]Atorvastatin(아토르바스타틴)","[M083437]베실산암로디핀/[M100608]말레인산암로디핀/[M100610]캄실산암로디핀/[M101934]암로디핀/[M102166]메실산암로디핀일수화물/[M102534]암로디핀오로트산염/[M222875]암로디핀베실산염/[M246033]암로디핀캄실산염/[M250821]암로디핀아디핀산염/[M250983]암로디핀말레산염/[M251079]암로디핀니코틴산염/[M254832]암로디핀메실산염일수화물/[M257408]암로디핀아디프산염/[I004369]아토르바스타틴칼슘수화물/[M093499]아토르바스타틴칼슘/[M213543]무수아토르바스타틴칼슘/[M215219]아토르바스타틴칼슘삼수화물/[M218956]아토르바스타틴삼수화물/[M244955]아토르바스타틴 스트론튬/[M247057]아토르바스타틴칼슘염무수물/[M251687]아토르바스타틴칼슘/[M256664]아토르바스타틴칼슘수화물/[M263837]아토르바스타틴","[02190]기타의 순환계용약","정제","암로디핀 10밀리그램",20180831,"암로디핀 10mg","","정상"
3576,"용량주의","복합",D000147,Acetaminophen,"아세트아미노펜","[D000448]Pseudoephedrine(슈도에페드린)/[D000826]Triprolidine(트리프롤리딘)","[M040353]아세트아미노펜/[M082309]아세트아미노펜제피세립/[M233006]아세트아미노펜 DC 500/600/[M246556]아세트아미노펜 (미분화)/[M262287]아세트아미노펜 과립/[M050833]염산슈도에페드린/[M081720]황산슈도에페드린/[M203364]슈도에페드린염산염/[M222865]수도에페드린염산염/[M248579]수도에페드린황산염/[M256034]수도에페드린염산염 과립/[M258826]수도에페드린/[M051642]염산트리프롤리딘/[M241782]트리프롤리딘염산염/[M243192]트리프롤리딘염산염/[M243987]트리프롤리딘염산염/[M244139]트리프롤리딘염산염/[M246366]트리프로리딘염산염/[M250460]트리프롤리딘염산염수화물","[01140]해열.진통.소염제","정제","1,500밀리그램",20180831,"1일 최대용량  : 아세트아미노펜 1,500mg / 슈도에페드린 180mg / 트리프롤리딘염산염 /7.5mg","","정상"
3581,"용량주의","단일",D001086,Pasireotide,"파시레오타이드","","[I012729]파시레오타이드파모산염
/[M256706]파시레오타이드디아스파르트산염/[M263321]파시레오타이드 파모산염
/[M267224]파시레오타이드파모산염","[02490]기타의 호르몬제(항호르몬제를 포함)","용액주사제/유화주사제/용액용분말주사제/서방성현탁액용분말주사제/용액용동결건조분말주사제/현탁액용동결건조분말주사제/서방성현탁액용동결건조분말주사제/리포좀화현탁액용동결건조분말주사제/현탁액주사제/서방성현탁액성주사제","60밀리그램",20180831,"","","정상"
3582,"용량주의","복합",D000147,Acetaminophen,"아세트아미노펜","[D000773]Tramadol(트라마돌)","[M040353]아세트아미노펜/[M082309]아세트아미노펜제피세립/[M233006]아세트아미노펜 DC 500/600/[M246556]아세트아미노펜 (미분화)/[M262287]아세트아미노펜 과립/[M080418]염산트라마돌/[M104509]염산트라마돌지속성제피과립/[M222893]트라마돌염산염/[M255410]트라마돌염산염","[01140]해열.진통.소염제","정제/서방성필름코팅정","아세트아미노펜 2,600밀리그램/트라마돌염산염 300밀리그램",20180831,"아세트아미노펜 2600mg, 트라마돌염산염 300mg","복합제","정상"
3583,"용량주의","단일",D000745,Almotriptan,"알모트립탄","","[M252241]알모트립탄말산염","[01140]해열.진통.소염제","필름코팅정","알모트립탄 25밀리그램",20180831,"","","정상"
3584,"용량주의","단일",D000145,Aminophylline,"아미노필린","","[M040346]아미노필린/[M223100]아미노필린수화물","[02110]강심제","서방정","아미노필린수화물 900밀리그램",20180831,"","","정상"
3585,"용량주의","단일",D000882,"Biperiden Hydrochloride","비비페리덴염산염","","[M081403]염산비페리덴/[M223065]비페리덴염산염","[01190]기타의 중추신경용약","정제","16밀리그램",20180831,"비페리덴염산염 16mg","","정상"
3586,"용량주의","단일",D000020,Blonanserin,"블로난세린","","[M247117]블로난세린","[01170]정신신경용제","나정","블로난세린 24밀리그램",20180831,"","","정상"
3587,"용량주의","단일",D000893,Chlorpheniramine,"클로르페니라민","","[M040616]말레인산클로르페니라민/[M050213]말레인산덱스클로르페니라민/[M051529]클로르페니라민/[M082701]디엘말레인산클로르페니라민/[M083325]디말레인산클로르페니라민/[M099959]말레인산클로로페니라민/[M100018]말레산클로르페니라민/[M100476]디말레인산클로르페니라민/[M101581]디엘말레인산클로르페니라민/[M200471]말레인산클로르페니라민제피과립/[M202197]D-말레인산클로르페니라민/[M202204]DL-말레인산클로르페니라민/[M203913]클로르페니라민말레인산염/[M212847]클로르페니라민말레이트/[M223211]클로르페니라민말레산염/[M223212]d-클로르페니라민말레산염/[M223213]클로르페니라민말레산염 산/[M223214]클로르페니라민말레산염 정/[M223215]클로르페니라민말레산염 주사액/[M226783]dl-클로르페니라민말레산염/[M249715]덱스클로르페니라민 말레산염/[M251936]덱스클로르페니라민말레이트","[01410]항히스타민제","정제","24밀리그램",20180831,"클로르페니라민말레산염 24mg","","정상"
3588,"용량주의","단일",D000276,Chlorprothixene,"클로르프로틱센","","[M051534]클로르프로칙센","[01170]정신신경용제","정제","600밀리그램",20180831,"","","정상"
3589,"용량주의","단일",D000374,Clemastine,"클레마스틴","","[M051505]푸마르산클레마스틴/[M223199]클레마스틴푸마르산염","[01410]항히스타민제","정제","2밀리그램",20180831,"","","정상"
3590,"용량주의","단일",D000180,Clozapine,"클로자핀","","[M081194]클로자핀","[01170]정신신경용제","정제","900밀리그램",20180831,"","","정상"
3591,"용량주의","단일",D000242,Cyclobenzaprine,"시클로벤자프린","","[M246272]시클로벤자프린염산염","[01220]골격근이완제","정제","시클로벤자프린염산염 30밀리그램",20260609,"","","정상"
3592,"용량주의","단일",D000242,Cyclobenzaprine,"시클로벤자프린","","[M246272]시클로벤자프린염산염","[01220]골격근이완제","서방성캡슐제, 펠렛","시클로벤자프린염산염 30밀리그램",20180831,"","","정상"
3593,"용량주의","단일",D000733,Cyproterone,"시프로테론","","[M080323]초산시프로테론/[M222867]시프로테론아세테이트","[02470]난포호르몬제 및 황체호르몬제","정제","시프로테론아세테이트 300밀리그램",20180831,"","","정상"
3594,"용량주의","단일",D001087,"Dantrolene sodium","단트롤렌나트륨","","[C040265]단트롤렌나트륨/[I000761]단트롤렌나트륨수화물/[I006962]단트로렌소듐수화물/[M040265]단트롤렌나트륨/[M200265]단트로렌소듐수화물/[M200900]소듐단트롤렌/[M222949]단트롤렌나트륨수화물","[01220]골격근이완제","캡슐","단트롤렌나트륨수화물 400밀리그램",20180831,"","","정상"
3595,"용량주의","단일",D000035,Escitalopram,"에스시탈로프람","","[M234885]에스시탈로프람옥살산염/[M256262]에스시탈로프람","[01170]정신신경용제","정제","에스시탈로프람 20밀리그램",20180831,"","","정상"
3596,"용량주의","복합",D000350,Ezetimibe,"에제티미브","[D000219]Rosuvastatin(로수바스타틴)","[M097492]에제티미브/[M095744]로수바스타틴칼슘/[M258559]로수바스타틴칼슘염/[M270546]로수바스타틴칼슘(미분화)","[02180]동맥경화용제","정제","에제티미브 10밀리그램/로수바스타틴 20밀리그램",20180831,"에제티미브 10mg / 로수바스타틴 20mg","","정상"
3597,"용량주의","단일",D000512,Fesoterodine,"페소테로딘","","[M242751]페소테로딘푸마르산염","[02590]기타의 비뇨생식기관 및 항문용약","서방정/서방성필름코팅정/서방성당의정/서방성다층정/서방성장용필름코팅정","8밀리그램",20180831,"페소테로딘푸마르산염 8mg","","정상"
3598,"용량주의","단일",D000800,Fluvoxamine,"플루복사민","","[M088658]플루복사민말레이트","[01170]정신신경용제","정제","300밀리그램",20180831,"플루복사민말레산염 300mg","","정상"
3599,"용량주의","단일",D000407,Frovatriptan,"프로바트립탄","","[M246494]프로바트립탄숙신산염일수화물","[01140]해열.진통.소염제","정제","5밀리그램",20180831,"","","정상"
3600,"용량주의","단일",D000047,Imidafenacin,"이미다페나신","","[M245357]이미다페나신","[02550]비뇨생식기관용제(성병예방제포함)/[02590]기타의 비뇨생식기관 및 항문용약","정제/구강붕해정","0.4밀리그램",20180831,"","","정상"
3601,"용량주의","단일",D000227,Methocarbamol,"메토카르바몰","","[M050463]메토카르바몰/[M200536]메토카바몰","[01220]골격근이완제","용액주사제","메토카르바몰 3그램",20180831,"","","정상"
3602,"용량주의","단일",D001031,Naftopidil,"나프토피딜","","[M252062]나프토피딜/[M252063]나프토피딜","[02590]기타의 비뇨생식기관 및 항문용약","정제","나프토피딜 75밀리그램",20180831,"","","정상"
3603,"용량주의","단일",D000495,Nemonapride,"네모나프리드","","[M085545]네모나프리드","[01170]정신신경용제","정제","60밀리그램",20180831,"","","정상"
3604,"용량주의","단일",D001088,"Petasites hybridus CO2 extracts","페타시테스히브리두스엽이산화탄소엑스","","[I012094]페타시테스히브리두스엽이산화탄소엑스/[M102808]페타시테스히브리두스엽이산화탄소엑스/[M210409]페타시테스히브리두스엽이산화탄소엑스","[01490]기타의 알레르기용약","정제","90밀리그램",20180831,"","","정상"
3605,"용량주의","복합",D000518,Pitavastatin,"피타바스타틴","[D000011]Valsartan(발사르탄)","[M102119]피타바스타틴칼슘/[M259724]피타바스타틸칼슘/[M090403]발사르탄","[02190]기타의 순환계용약","정제","4밀리그램",20180831,"1일 최대용량 : 피타바스타틴칼슘 4mg / 발사르탄 320mg","","정상"
3606,"용량주의","단일",D000369,Zotepine,"죠테핀","","[M086840]죠테핀","[01170]정신신경용제","정제","450밀리그램",20180831,"","","정상"
3607,"용량주의","단일",D001090,Ruxolitinib,"룩소리티닙","","[M256115]룩소리티닙인산염","[04210]항악성종양제","정제","룩소리티닙 50밀리그램",20180831,"","","정상"
3620,"용량주의","복합",D000147,Acetaminophen,"아세트아미노펜","[D001093]Galgeun-tang(갈근탕)","[M040353]아세트아미노펜/[M082309]아세트아미노펜제피세립/[M233006]아세트아미노펜 DC 500/600/[M246556]아세트아미노펜 (미분화)/[M262287]아세트아미노펜 과립/[C084556]갈근탕엑스/[C085494]갈근탕엑스분말/[C085503]갈근탕건조엑스/[C086018]갈근탕연조엑스/[C090838]갈근탕엑스과립/[C096410]갈근탕엑스정건조엑스/[C096710]갈근탕건조엑스[10→1]/[C100973]갈근탕엑스(10→1)/[M084556]갈근탕엑스/[M085494]갈근탕엑스분말/[M085503]갈근탕건조엑스/[M086018]갈근탕연조엑스/[M096410]갈근탕엑스정건조엑스/[M096710]갈근탕건조엑스[10→1]/[M100973]갈근탕엑스(10→1)/[M103265]갈근탕엑스말(10→1)/[M103916]갈근탕연조엑스(4.32→1)/[M104358]갈근탕엑스말/[M104683]갈근탕건조엑스(6.80→1)/[M104753]갈근탕연조엑스(3.4→1)/[M105329]갈근탕수침건조엑기스/[M105588]갈근탕건조엑스(5.78→1)/[M105816]갈근탕엑스분말(6→1)/[M105833]갈근탕연조엑스(4.17→1)/[M200049]갈근탕엑스가루/[M214453]갈근탕 연조엑스(4→1)/[M217483]갈근탕연조엑스(3->1)/[M229053]갈근탕 연조엑스(3.33→1)/[M250041]갈근탕엑스(5.81:1)/[M252043]갈근탕연조엑스[2.78→1]/[M252386]갈근탕연조엑스
(3.33→1)/[M259853]갈근탕건조엑스(6.31:1)/[M260768]갈근탕연조엑스(3.08→1)/[M261860]갈근탕건조엑스(5.6→1)/[M267754]갈근탕건조엑스(4→1)","[01140]해열.진통.소염제","","4,000밀리그램",20180831,"아세트아미노펜으로서 4,000mg/day(모든제형, 단일제.복합제 포함)","","정상"
3621,"용량주의","복합",D000147,Acetaminophen,"아세트아미노펜","[D000297]Domperidone(돔페리돈)","[M040353]아세트아미노펜/[M082309]아세트아미노펜제피세립/[M233006]아세트아미노펜 DC 500/600/[M246556]아세트아미노펜 (미분화)/[M262287]아세트아미노펜 과립/[M081091]돔페리돈/[M085595]말레인산돔페리돈/[M222961]돔페리돈말레산염","[01140]해열.진통.소염제","","아세트아미노펜 4,000밀리그램",20180831,"","모든제형, 단일제·복합제 포함","삭제"
3623,"용량주의","복합",D000147,Acetaminophen,"아세트아미노펜","[D000227]Methocarbamol(메토카르바몰)","[M040353]아세트아미노펜/[M082309]아세트아미노펜제피세립/[M233006]아세트아미노펜 DC 500/600/[M246556]아세트아미노펜 (미분화)/[M262287]아세트아미노펜 과립/[M050463]메토카르바몰/[M200536]메토카바몰","[01220]골격근이완제","","4,000밀리그램",20180831,"아세트아미노펜으로서 4,000mg/day(모든제형, 단일제.복합제 포함)","","삭제"
3624,"용량주의","복합",D000147,Acetaminophen,"아세트아미노펜","[D000283]L-Methionine(L-메티오닌)","[M040353]아세트아미노펜/[M082309]아세트아미노펜제피세립/[M233006]아세트아미노펜 DC 500/600/[M246556]아세트아미노펜 (미분화)/[M262287]아세트아미노펜 과립/[M040150]디엘메치오닌/[M090757]메치오닌/[M100637]엘메치오닌/[M100667]디엘메치오닌/[M202206]DL-메치오닌/[M214295]L-메치오닌/[M218567]L-메티오닌/[M223015]DL-메티오닌/[M224258]엘-메티오닌","[01140]해열.진통.소염제","","4,000밀리그램",20180831,"아세트아미노펜으로서 4,000mg/day(모든제형, 단일제.복합제 포함)","","정상"
3625,"용량주의","복합",D000147,Acetaminophen,"아세트아미노펜","[D000999]Scopolamine(스코폴라민)","[M040353]아세트아미노펜/[M082309]아세트아미노펜제피세립/[M233006]아세트아미노펜 DC 500/600/[M246556]아세트아미노펜 (미분화)/[M262287]아세트아미노펜 과립/[M086103]니스과립디/[M086104]니스과립C-2/[M223057]부틸스코폴라민브롬화물","[01240]진경제","","4,000밀리그램",20180831,"아세트아미노펜으로서 4,000mg/day(모든제형, 단일제.복합제 포함)","","정상"
3622,"용량주의","복합",D000147,Acetaminophen,"아세트아미노펜","[D000895]Diphenhydramine(디펜히드라민)","[M040353]아세트아미노펜/[M082309]아세트아미노펜제피세립/[M233006]아세트아미노펜 DC 500/600/[M246556]아세트아미노펜 (미분화)/[M262287]아세트아미노펜 과립/[I006203]디펜히드라민탄느산염/[M040108]디펜히드라민/[M040110]염산디펜히드라민/[M050298]살리실산디펜히드라민/[M082024]구연산디펜히드라민/[M083318]디펜히드라민씨트레이트/[M200130]구연산디펜하이드라민/[M200353]디펜하이드라민/[M201255]염산디펜하이드라민/[M222973]디펜히드라민염산염/[M222974]디펜히드라민염산염 주사액/[M222975]디펜히드라민염산염 캡슐/[M222976]디펜히드라민탄닌산염/[M254160]디펜히드라민시트르산염/[M257663]디펜히드라민살리실산염","[01140]해열.진통.소염제","","4,000밀리그램",20180831,"아세트아미노펜으로서 4,000mg/day(모든제형, 단일제.복합제 포함)","","정상"
3626,"용량주의","복합",D000147,Acetaminophen,"아세트아미노펜","[D000847]Ethenzamide(에텐자미드)","[M040353]아세트아미노펜/[M082309]아세트아미노펜제피세립/[M233006]아세트아미노펜 DC 500/600/[M246556]아세트아미노펜 (미분화)/[M262287]아세트아미노펜 과립/[M040417]에텐자미드/[M095771]에덴자미드","[01140]해열.진통.소염제","","아세트아미노펜 4,000밀리그램",20180831,"모든 제형","단일제·복합제 포함","정상"
3627,"용량주의","복합",D000147,Acetaminophen,"아세트아미노펜","[D001094]Orphenadrine(오르펜나드린)","[M040353]아세트아미노펜/[M082309]아세트아미노펜제피세립/[M233006]아세트아미노펜 DC 500/600/[M246556]아세트아미노펜 (미분화)/[M262287]아세트아미노펜 과립/[I002713]오르펜나드린시트르산염/[M237474]오르펜나드린시트르산염","[01140]해열.진통.소염제","","4,000밀리그램",20180831,"아세트아미노펜으로서 4,000mg/day(모든제형, 단일제.복합제 포함)","","삭제"
3628,"용량주의","복합",D000147,Acetaminophen,"아세트아미노펜","[D000356]Oxycodone(옥시코돈)","[M040353]아세트아미노펜/[M082309]아세트아미노펜제피세립/[M233006]아세트아미노펜 DC 500/600/[M246556]아세트아미노펜 (미분화)/[M262287]아세트아미노펜 과립/[M040451]염산옥시코돈/[M238042]옥시코돈염산염","[08210]합성마약","","아세트아미노펜 4,000밀리그램",20180831,"모든 제형","단일제·복합제 포함","정상"
3629,"용량주의","복합",D000147,Acetaminophen,"아세트아미노펜","[D001095]Jinkwang-tang(진광탕)","[M040353]아세트아미노펜/[M082309]아세트아미노펜제피세립/[M233006]아세트아미노펜 DC 500/600/[M246556]아세트아미노펜 (미분화)/[M262287]아세트아미노펜 과립/[M102829]진광탕연조엑스","[01140]해열.진통.소염제","","아세트아미노펜 4,000밀리그램",20180831,"모든 제형","단일제·복합제 포함","정상"
3630,"용량주의","복합",D000147,Acetaminophen,"아세트아미노펜","[D000852]Caffeine(카페인)","[M040353]아세트아미노펜/[M082309]아세트아미노펜제피세립/[M233006]아세트아미노펜 DC 500/600/[M246556]아세트아미노펜 (미분화)/[M262287]아세트아미노펜 과립/[M040579]카페인(함수)/[M040580]무수카페인/[M090611]카페인/[M223183]카페인무수물/[M223184]카페인수화물/[M241017]무수물카페인","[01140]해열.진통.소염제","","4,000밀리그램",20180831,"아세트아미노펜으로서 4,000mg/day(모든제형, 단일제.복합제 포함)","","정상"
3631,"용량주의","복합",D000147,Acetaminophen,"아세트아미노펜","[D001096]Chlorzoxazone(클로르족사존)","[M040353]아세트아미노펜/[M082309]아세트아미노펜제피세립/[M233006]아세트아미노펜 DC 500/600/[M246556]아세트아미노펜 (미분화)/[M262287]아세트아미노펜 과립/[C040614]클로르족사존/[C098570]Crude 클로르족사존/[C098571]크루드 클로르족사존/[I004637]클로르족사존/[M040614]클로르족사존/[M098571]조클로르족사존","[01140]해열.진통.소염제","","4,000밀리그램",20180831,"아세트아미노펜으로서 4,000mg/day(모든제형, 단일제.복합제 포함)","","정상"
3632,"용량주의","복합",D000147,Acetaminophen,"아세트아미노펜","[D000773]Tramadol(트라마돌)","[M040353]아세트아미노펜/[M082309]아세트아미노펜제피세립/[M233006]아세트아미노펜 DC 500/600/[M246556]아세트아미노펜 (미분화)/[M262287]아세트아미노펜 과립/[M080418]염산트라마돌/[M104509]염산트라마돌지속성제피과립/[M222893]트라마돌염산염/[M255410]트라마돌염산염","[01140]해열.진통.소염제","","아세트아미노펜 4,000밀리그램",20180831,"모든 제형","단일제·복합제 포함","삭제"
3633,"용량주의","복합",D000147,Acetaminophen,"아세트아미노펜","[D000997]Pamabrom(파마브롬)","[M040353]아세트아미노펜/[M082309]아세트아미노펜제피세립/[M233006]아세트아미노펜 DC 500/600/[M246556]아세트아미노펜 (미분화)/[M262287]아세트아미노펜 과립/[M082487]파마브롬","[01900]기타의 신경계및 감각기관용 의약품","","4,000밀리그램",20180831,"아세트아미노펜으로서 4,000mg/day(모든제형, 단일제.복합제 포함)","","삭제"
3634,"용량주의","복합",D000147,Acetaminophen,"아세트아미노펜","[D000191]Phenylephrine(페닐레프린)","[M040353]아세트아미노펜/[M082309]아세트아미노펜제피세립/[M233006]아세트아미노펜 DC 500/600/[M246556]아세트아미노펜 (미분화)/[M262287]아세트아미노펜 과립/[M040696]염산페닐에프린/[M222724]페닐레프린염산염/[M225151]페닐에프린염산염","[01140]해열.진통.소염제","","4,000밀리그램",20180831,"아세트아미노펜으로서 4,000mg/day(모든제형, 단일제.복합제 포함)","","정상"
3635,"용량주의","복합",D000147,Acetaminophen,"아세트아미노펜","[D001097]Fursultiamine(푸르설티아민)","[M040353]아세트아미노펜/[M082309]아세트아미노펜제피세립/[M233006]아세트아미노펜 DC 500/600/[M246556]아세트아미노펜 (미분화)/[M262287]아세트아미노펜 과립/[C051415]푸르설티아민/[C070197]염산푸르설티아민/[I001642]푸르설티아민/[I006251]푸르설티아민염산염/[M051415]푸르설티아민/[M070197]염산푸르설티아민/[M223292]푸르설티아민염산염","[01140]해열.진통.소염제","","4,000밀리그램",20180831,"아세트아미노펜으로서 4,000mg/day(모든제형, 단일제.복합제 포함)","","정상"
3636,"용량주의","복합",D000147,Acetaminophen,"아세트아미노펜","[D000878]Hydrocodone(히드로코돈)","[M040353]아세트아미노펜/[M082309]아세트아미노펜제피세립/[M233006]아세트아미노펜 DC 500/600/[M246556]아세트아미노펜 (미분화)/[M262287]아세트아미노펜 과립/[M089290]주석산수소히드로코돈/[M103278]히드로코돈/[M247990]히드로코돈주석산염/[M260898]히드로코돈타르타르산염/[M261065]히드로코돈타르타르산염","[08110]아편알카로이드계 제제","","4,000밀리그램",20180831,"아세트아미노펜으로서 4,000mg/day(모든제형, 단일제.복합제 포함)","","정상"
3637,"용량주의","복합",D000147,Acetaminophen,"아세트아미노펜","[D001093]Galgeun-tang(갈근탕)/[D000852]Caffeine(카페인)","[M040353]아세트아미노펜/[M082309]아세트아미노펜제피세립/[M233006]아세트아미노펜 DC 500/600/[M246556]아세트아미노펜 (미분화)/[M262287]아세트아미노펜 과립/[C084556]갈근탕엑스/[C085494]갈근탕엑스분말/[C085503]갈근탕건조엑스/[C086018]갈근탕연조엑스/[C090838]갈근탕엑스과립/[C096410]갈근탕엑스정건조엑스/[C096710]갈근탕건조엑스[10→1]/[C100973]갈근탕엑스(10→1)/[M084556]갈근탕엑스/[M085494]갈근탕엑스분말/[M085503]갈근탕건조엑스/[M086018]갈근탕연조엑스/[M096410]갈근탕엑스정건조엑스/[M096710]갈근탕건조엑스[10→1]/[M100973]갈근탕엑스(10→1)/[M103265]갈근탕엑스말(10→1)/[M103916]갈근탕연조엑스(4.32→1)/[M104358]갈근탕엑스말/[M104683]갈근탕건조엑스(6.80→1)/[M104753]갈근탕연조엑스(3.4→1)/[M105329]갈근탕수침건조엑기스/[M105588]갈근탕건조엑스(5.78→1)/[M105816]갈근탕엑스분말(6→1)/[M105833]갈근탕연조엑스(4.17→1)/[M200049]갈근탕엑스가루/[M214453]갈근탕 연조엑스(4→1)/[M217483]갈근탕연조엑스(3->1)/[M229053]갈근탕 연조엑스(3.33→1)/[M250041]갈근탕엑스(5.81:1)/[M252043]갈근탕연조엑스[2.78→1]/[M252386]갈근탕연조엑스
(3.33→1)/[M259853]갈근탕건조엑스(6.31:1)/[M260768]갈근탕연조엑스(3.08→1)/[M261860]갈근탕건조엑스(5.6→1)/[M267754]갈근탕건조엑스(4→1)/[M040579]카페인(함수)/[M040580]무수카페인/[M090611]카페인/[M223183]카페인무수물/[M223184]카페인수화물/[M241017]무수물카페인","[01140]해열.진통.소염제","","4,000밀리그램",20180831,"아세트아미노펜으로서 4,000mg/day(모든제형, 단일제.복합제 포함)","","정상"
3638,"용량주의","복합",D000147,Acetaminophen,"아세트아미노펜","[D000493]Guaifenesin(구아이페네신)/[D001098]Noscapine(노스카핀)","[M040353]아세트아미노펜/[M082309]아세트아미노펜제피세립/[M233006]아세트아미노펜 DC 500/600/[M246556]아세트아미노펜 (미분화)/[M262287]아세트아미노펜 과립/[M050058]구아이페네신/[C040059]노스카핀/[C040060]염산노스카핀/[I002629]노스카핀/[I002630]노스카핀캄실레이트/[I002631]노스카핀염산염수화물/[M040059]노스카핀/[M040060]염산노스카핀/[M222947]노스카핀염산염수화물/[M223470]노스카핀염산염수화물/[M245380]노스카핀염산염","[01140]해열.진통.소염제","","4,000밀리그램",20180831,"아세트아미노펜으로서 4,000mg/day(모든제형, 단일제.복합제 포함)","","정상"
3639,"용량주의","복합",D000147,Acetaminophen,"아세트아미노펜","[D000493]Guaifenesin(구아이페네신)/[D000200]Dextromethorphan(덱스트로메토르판)","[M040353]아세트아미노펜/[M082309]아세트아미노펜제피세립/[M233006]아세트아미노펜 DC 500/600/[M246556]아세트아미노펜 (미분화)/[M262287]아세트아미노펜 과립/[M050058]구아이페네신/[M040084]브롬화수소산덱스트로메토르판/[M202983]덱스트로메토르판브롬화수소산염/[M222957]덱스트로메토르판브롬화수소산염수화물","[01140]해열.진통.소염제","","4,000밀리그램",20180831,"아세트아미노펜으로서 4,000mg/day(모든제형, 단일제.복합제 포함)","","정상"
3640,"용량주의","복합",D000147,Acetaminophen,"아세트아미노펜","[D000493]Guaifenesin(구아이페네신)/[D000155]Ephedrine(에페드린)","[M040353]아세트아미노펜/[M082309]아세트아미노펜제피세립/[M233006]아세트아미노펜 DC 500/600/[M246556]아세트아미노펜 (미분화)/[M262287]아세트아미노펜 과립/[M050058]구아이페네신/[M040420]염산에페드린/[M223155]에페드린염산염","[01140]해열.진통.소염제","","4,000밀리그램",20180831,"아세트아미노펜으로서 4,000mg/day(모든제형, 단일제.복합제 포함)","","정상"
3641,"용량주의","복합",D000147,Acetaminophen,"아세트아미노펜","[D000493]Guaifenesin(구아이페네신)/[D000981]Cloperastine(클로페라스틴)","[M040353]아세트아미노펜/[M082309]아세트아미노펜제피세립/[M233006]아세트아미노펜 DC 500/600/[M246556]아세트아미노펜 (미분화)/[M262287]아세트아미노펜 과립/[M050058]구아이페네신/[M051546]염산클로페라스틴/[M051547]펜디조산클로페라스틴/[M222890]클로페라스틴염산염","[01140]해열.진통.소염제","","4,000밀리그램",20180831,"아세트아미노펜으로서 4,000mg/day(모든제형, 단일제.복합제 포함)","","정상"
3642,"용량주의","복합",D000147,Acetaminophen,"아세트아미노펜","[D000493]Guaifenesin(구아이페네신)/[D000933]Tipepidine(티페피딘)","[M040353]아세트아미노펜/[M082309]아세트아미노펜제피세립/[M233006]아세트아미노펜 DC 500/600/[M246556]아세트아미노펜 (미분화)/[M262287]아세트아미노펜 과립/[M050058]구아이페네신/[M051662]구연산티페피딘/[M051663]히벤즈산티페피딘/[M223274]티페피딘히벤즈산염 정/[M254445]티페피딘시트르산염","[01140]해열.진통.소염제","","4,000밀리그램",20180831,"아세트아미노펜으로서 4,000mg/day(모든제형, 단일제.복합제 포함)","","정상"
3643,"용량주의","복합",D000147,Acetaminophen,"아세트아미노펜","[D000493]Guaifenesin(구아이페네신)/[D000191]Phenylephrine(페닐레프린)","[M040353]아세트아미노펜/[M082309]아세트아미노펜제피세립/[M233006]아세트아미노펜 DC 500/600/[M246556]아세트아미노펜 (미분화)/[M262287]아세트아미노펜 과립/[M050058]구아이페네신/[M040696]염산페닐에프린/[M222724]페닐레프린염산염/[M225151]페닐에프린염산염","[01140]해열.진통.소염제","","4,000밀리그램",20180831,"아세트아미노펜으로서 4,000mg/day(모든제형, 단일제.복합제 포함)","","정상"
3645,"용량주의","복합",D000147,Acetaminophen,"아세트아미노펜","[D000200]Dextromethorphan(덱스트로메토르판)/[D000296]Doxylamine(독시라민)","[M040353]아세트아미노펜/[M082309]아세트아미노펜제피세립/[M233006]아세트아미노펜 DC 500/600/[M246556]아세트아미노펜 (미분화)/[M262287]아세트아미노펜 과립/[M040084]브롬화수소산덱스트로메토르판/[M202983]덱스트로메토르판브롬화수소산염/[M222957]덱스트로메토르판브롬화수소산염수화물/[M226319]독시라민석시네이트/[M250452]독시라민숙신산염","[01140]해열.진통.소염제","","4,000밀리그램",20180831,"아세트아미노펜으로서 4,000mg/day(모든제형, 단일제.복합제 포함)","","정상"
3648,"용량주의","복합",D000147,Acetaminophen,"아세트아미노펜","[D000200]Dextromethorphan(덱스트로메토르판)/[D000191]Phenylephrine(페닐레프린)","[M040353]아세트아미노펜/[M082309]아세트아미노펜제피세립/[M233006]아세트아미노펜 DC 500/600/[M246556]아세트아미노펜 (미분화)/[M262287]아세트아미노펜 과립/[M040084]브롬화수소산덱스트로메토르판/[M202983]덱스트로메토르판브롬화수소산염/[M222957]덱스트로메토르판브롬화수소산염수화물/[M040696]염산페닐에프린/[M222724]페닐레프린염산염/[M225151]페닐에프린염산염","[01140]해열.진통.소염제","","4,000밀리그램",20180831,"아세트아미노펜으로서 4,000mg/day(모든제형, 단일제.복합제 포함)","","정상"
3644,"용량주의","복합",D000147,Acetaminophen,"아세트아미노펜","[D001098]Noscapine(노스카핀)/[D000981]Cloperastine(클로페라스틴)","[M040353]아세트아미노펜/[M082309]아세트아미노펜제피세립/[M233006]아세트아미노펜 DC 500/600/[M246556]아세트아미노펜 (미분화)/[M262287]아세트아미노펜 과립/[C040059]노스카핀/[C040060]염산노스카핀/[I002629]노스카핀/[I002630]노스카핀캄실레이트/[I002631]노스카핀염산염수화물/[M040059]노스카핀/[M040060]염산노스카핀/[M222947]노스카핀염산염수화물/[M223470]노스카핀염산염수화물/[M245380]노스카핀염산염/[M051546]염산클로페라스틴/[M051547]펜디조산클로페라스틴/[M222890]클로페라스틴염산염","[01140]해열.진통.소염제","","4,000밀리그램",20180831,"아세트아미노펜으로서 4,000mg/day(모든제형, 단일제.복합제 포함)","","정상"
3646,"용량주의","복합",D000147,Acetaminophen,"아세트아미노펜","[D000200]Dextromethorphan(덱스트로메토르판)/[D000448]Pseudoephedrine(슈도에페드린)","[M040353]아세트아미노펜/[M082309]아세트아미노펜제피세립/[M233006]아세트아미노펜 DC 500/600/[M246556]아세트아미노펜 (미분화)/[M262287]아세트아미노펜 과립/[M040084]브롬화수소산덱스트로메토르판/[M202983]덱스트로메토르판브롬화수소산염/[M222957]덱스트로메토르판브롬화수소산염수화물/[M050833]염산슈도에페드린/[M081720]황산슈도에페드린/[M203364]슈도에페드린염산염/[M222865]수도에페드린염산염/[M248579]수도에페드린황산염/[M256034]수도에페드린염산염 과립/[M258826]수도에페드린","[01140]해열.진통.소염제","","4,000밀리그램",20180831,"아세트아미노펜으로서 4,000mg/day(모든제형, 단일제.복합제 포함)","","정상"
3647,"용량주의","복합",D000147,Acetaminophen,"아세트아미노펜","[D000200]Dextromethorphan(덱스트로메토르판)/[D000893]Chlorpheniramine(클로르페니라민)","[M040353]아세트아미노펜/[M082309]아세트아미노펜제피세립/[M233006]아세트아미노펜 DC 500/600/[M246556]아세트아미노펜 (미분화)/[M262287]아세트아미노펜 과립/[M040084]브롬화수소산덱스트로메토르판/[M202983]덱스트로메토르판브롬화수소산염/[M222957]덱스트로메토르판브롬화수소산염수화물/[M040616]말레인산클로르페니라민/[M050213]말레인산덱스클로르페니라민/[M051529]클로르페니라민/[M082701]디엘말레인산클로르페니라민/[M083325]디말레인산클로르페니라민/[M099959]말레인산클로로페니라민/[M100018]말레산클로르페니라민/[M100476]디말레인산클로르페니라민/[M101581]디엘말레인산클로르페니라민/[M200471]말레인산클로르페니라민제피과립/[M202197]D-말레인산클로르페니라민/[M202204]DL-말레인산클로르페니라민/[M203913]클로르페니라민말레인산염/[M212847]클로르페니라민말레이트/[M223211]클로르페니라민말레산염/[M223212]d-클로르페니라민말레산염/[M223213]클로르페니라민말레산염 산/[M223214]클로르페니라민말레산염 정/[M223215]클로르페니라민말레산염 주사액/[M226783]dl-클로르페니라민말레산염/[M249715]덱스클로르페니라민 말레산염/[M251936]덱스클로르페니라민말레이트","[01140]해열.진통.소염제","","4,000밀리그램",20180831,"아세트아미노펜으로서 4,000mg/day(모든제형, 단일제.복합제 포함)","","정상"
3649,"용량주의","복합",D000147,Acetaminophen,"아세트아미노펜","[D000296]Doxylamine(독시라민)/[D000200]Dextromethorphan(덱스트로메토르판)","[M040353]아세트아미노펜/[M082309]아세트아미노펜제피세립/[M233006]아세트아미노펜 DC 500/600/[M246556]아세트아미노펜 (미분화)/[M262287]아세트아미노펜 과립/[M226319]독시라민석시네이트/[M250452]독시라민숙신산염/[M040084]브롬화수소산덱스트로메토르판/[M202983]덱스트로메토르판브롬화수소산염/[M222957]덱스트로메토르판브롬화수소산염수화물","[01140]해열.진통.소염제","","4,000밀리그램",20180831,"아세트아미노펜으로서 4,000mg/day(모든제형, 단일제.복합제 포함)","","정상"
3650,"용량주의","복합",D000147,Acetaminophen,"아세트아미노펜","[D001100]Dichloralphenazone(디클로랄페나존)/[D001099]Isometheptene Mucate(이소메텝텐뮤케이트)","[M040353]아세트아미노펜/[M082309]아세트아미노펜제피세립/[M233006]아세트아미노펜 DC 500/600/[M246556]아세트아미노펜 (미분화)/[M262287]아세트아미노펜 과립/[C088908]디클로랄페나존/[I000886]디클로랄페나존/[M088908]디클로랄페나존/[C082046]이소메텝턴뮤케이트/[I005027]염산이소메텝텐/[I005028]이소메텝텐뮤케이트/[M082046]이소메텝턴뮤케이트/[M201481]이소메텝텐뮤케이트","[01140]해열.진통.소염제","","4,000밀리그램",20180831,"아세트아미노펜으로서 4,000mg/day(모든제형, 단일제.복합제 포함)","","정상"
3655,"용량주의","복합",D000147,Acetaminophen,"아세트아미노펜","[D001103]Salicylamide(살리실아미드)/[D000847]Ethenzamide(에텐자미드)","[M040353]아세트아미노펜/[M082309]아세트아미노펜제피세립/[M233006]아세트아미노펜 DC 500/600/[M246556]아세트아미노펜 (미분화)/[M262287]아세트아미노펜 과립/[C040269]살리실아미드/[I003625]살리실아미드/[M040269]살리실아미드/[M040417]에텐자미드/[M095771]에덴자미드","[01140]해열.진통.소염제","","4,000밀리그램",20180831,"아세트아미노펜으로서 4,000mg/day(모든제형, 단일제.복합제 포함)","","정상"
3662,"용량주의","복합",D000147,Acetaminophen,"아세트아미노펜","[D000847]Ethenzamide(에텐자미드)/[D000852]Caffeine(카페인)","[M040353]아세트아미노펜/[M082309]아세트아미노펜제피세립/[M233006]아세트아미노펜 DC 500/600/[M246556]아세트아미노펜 (미분화)/[M262287]아세트아미노펜 과립/[M040417]에텐자미드/[M095771]에덴자미드/[M040579]카페인(함수)/[M040580]무수카페인/[M090611]카페인/[M223183]카페인무수물/[M223184]카페인수화물/[M241017]무수물카페인","[01140]해열.진통.소염제","","4,000밀리그램",20180831,"아세트아미노펜으로서 4,000mg/day(모든제형, 단일제.복합제 포함)","","정상"
3663,"용량주의","복합",D000147,Acetaminophen,"아세트아미노펜","[D000155]Ephedrine(에페드린)/[D000852]Caffeine(카페인)","[M040353]아세트아미노펜/[M082309]아세트아미노펜제피세립/[M233006]아세트아미노펜 DC 500/600/[M246556]아세트아미노펜 (미분화)/[M262287]아세트아미노펜 과립/[M040420]염산에페드린/[M223155]에페드린염산염/[M040579]카페인(함수)/[M040580]무수카페인/[M090611]카페인/[M223183]카페인무수물/[M223184]카페인수화물/[M241017]무수물카페인","[01140]해열.진통.소염제","","4,000밀리그램",20180831,"아세트아미노펜으로서 4,000mg/day(모든제형, 단일제.복합제 포함)","","삭제"
3665,"용량주의","복합",D000147,Acetaminophen,"아세트아미노펜","[D000363]Ibuprofen(이부프로펜)/[D000177]Codeine(코데인)","[M040353]아세트아미노펜/[M082309]아세트아미노펜제피세립/[M233006]아세트아미노펜 DC 500/600/[M246556]아세트아미노펜 (미분화)/[M262287]아세트아미노펜 과립/[M051259]이부프로펜/[M071015]이부프로펜리신/[M086772]이부프로펜제피세립/[M209277]이부프로펜아르기닌/[M246943]이부프로펜나트륨이수화물/[M206948]인산코데인/[M223188]코데인인산염수화물","[08110]아편알카로이드계 제제","","4,000밀리그램",20180831,"아세트아미노펜으로서 4,000mg/day(모든제형, 단일제.복합제 포함)","","정상"
3651,"용량주의","복합",D000147,Acetaminophen,"아세트아미노펜","[D000895]Diphenhydramine(디펜히드라민)/[D000191]Phenylephrine(페닐레프린)","[M040353]아세트아미노펜/[M082309]아세트아미노펜제피세립/[M233006]아세트아미노펜 DC 500/600/[M246556]아세트아미노펜 (미분화)/[M262287]아세트아미노펜 과립/[I006203]디펜히드라민탄느산염/[M040108]디펜히드라민/[M040110]염산디펜히드라민/[M050298]살리실산디펜히드라민/[M082024]구연산디펜히드라민/[M083318]디펜히드라민씨트레이트/[M200130]구연산디펜하이드라민/[M200353]디펜하이드라민/[M201255]염산디펜하이드라민/[M222973]디펜히드라민염산염/[M222974]디펜히드라민염산염 주사액/[M222975]디펜히드라민염산염 캡슐/[M222976]디펜히드라민탄닌산염/[M254160]디펜히드라민시트르산염/[M257663]디펜히드라민살리실산염/[M040696]염산페닐에프린/[M222724]페닐레프린염산염/[M225151]페닐에프린염산염","[01140]해열.진통.소염제","","4,000밀리그램",20180831,"아세트아미노펜으로서 4,000mg/day(모든제형, 단일제.복합제 포함)","","정상"
3652,"용량주의","복합",D000147,Acetaminophen,"아세트아미노펜","[D001101]Riboflavin(리보플라빈)/[D001097]Fursultiamine(푸르설티아민)","[M040353]아세트아미노펜/[M082309]아세트아미노펜제피세립/[M233006]아세트아미노펜 DC 500/600/[M246556]아세트아미노펜 (미분화)/[M262287]아세트아미노펜 과립/[C040133]리보플라빈/[C040512]인산리보플라빈나트륨/[C050367]테트라부티르산리보플라빈/[C050368]인산리보플라빈/[C050369]리보플라빈-5-인산나트륨/[C081186]리보플라빈33 1/3%/[C082711]리보플라빈낙산에스텔/[C082719]리보플라빈331/3%산/[C083052]리보플라빈98%DC/[C083101]낙산리보플라빈/[C083163]리보플라빈98%/[C083404]리보플라빈33 1/3%과립/[C084424]염산리보플라빈나트륨/[C085688]직탁용리보플라빈98%/[C089984]리보플라빈인산나트륨/[C090982]리보플라빈산나트륨/[C091022]리보플라빈98%과립/[C091383]리보플라빈25%과립/[C092484]부티르산리보플라빈/[C100456]리보플라빈3배산/[C100480]인산리보플라빈나트륨이수화물/[C101969]리보플라빈E101/[C202525]리보플라빈/[C401176]리보플라빈/[C407713]소듐리보플라빈포스페이트/[C409503]리보플라빈테트라부티레이트/[C422825]리보플라빈/[C422826]리보플라빈테트라부티레이트/[C422827]리보플라빈테트라아세테이트/[C425375]소듐리보플라빈포스페이트/[I003529]리보플라빈/[I003530]리보플라빈포스페이트나트륨/[I006525]리보플라빈부티레이트/[I007430]인산리보플라빈/[I007658]인산리보플라빈나트륨이수화물/[I007907]리보플라빈산나트륨/[M040133]리보플라빈/[M040512]인산리보플라빈나트륨/[M050367]테트라부티르산리보플라빈/[M050368]인산리보플라빈/[M050369]리보플라빈-5-인산나트륨/[M081186]리보플라빈33 1/3%/[M082711]리보플라빈낙산에스텔/[M082719]리보플라빈33 1/3%산/[M083052]리보플라빈98%DC/[M083101]낙산리보플라빈/[M083163]리보플라빈98%/[M083404]리보플라빈33 1/3%과립/[M085688]직탁용리보플라빈98%/[M090982]리보플라빈산나트륨/[M091022]리보플라빈98%과립/[M091383]리보플라빈25%과립/[M092484]부티르산리보플라빈/[M100456]리보플라빈3배산/[M100480]인산리보플라빈나트륨이수화물/[M101969]리보플라빈E101/[M200421]리보플라빈33ㆍ3%/[M200422]리보플라빈33ㆍ3%과립/[M200423]리보플라빈33ㆍ3%산/[M203723]인산리보플라빈소듐/[M206124]조리보플라빈/[M216041]리보플라빈3배산(리보플라빈으로서 5밀리그램)/[M216399]리보플라빈 3배산(리보플라빈으로서 0.84밀리그램)/[M217503]리보플라빈인산에스텔나트륨/[M218021]안산리보플라빈나트륨/[M222995]리보플라빈부티레이트/[M222996]리보플라빈포스페이트나트륨/[M222997]리보플라빈포스페이트나트륨 주사액/[M232651]제피리보플라빈/[M249967]리보플라빈부틸레이트/[M249982]리보플라빈나트륨포스페이트/[C051415]푸르설티아민/[C070197]염산푸르설티아민/[I001642]푸르설티아민/[I006251]푸르설티아민염산염/[M051415]푸르설티아민/[M070197]염산푸르설티아민/[M223292]푸르설티아민염산염","[01140]해열.진통.소염제","","4,000밀리그램",20180831,"아세트아미노펜으로서 4,000mg/day(모든제형, 단일제.복합제 포함)","","정상"
3653,"용량주의","복합",D000147,Acetaminophen,"아세트아미노펜","[D001102]Macmundong-tang(맥문동탕)/[D000933]Tipepidine(티페피딘)","[M040353]아세트아미노펜/[M082309]아세트아미노펜제피세립/[M233006]아세트아미노펜 DC 500/600/[M246556]아세트아미노펜 (미분화)/[M262287]아세트아미노펜 과립/[C088602]맥문동탕연조엑스/[M088602]맥문동탕연조엑스/[M218971]맥문동탕건조엑스/[M227974]맥문동탕 연조엑스(3.33→1)/[M239145]맥문동탕연조엑스(7.1→1)/[M261590]맥문동탕연조엑스(2.7→1)/[M261815]맥문동탕건조엑스(5.3→1)/[M051662]구연산티페피딘/[M051663]히벤즈산티페피딘/[M223274]티페피딘히벤즈산염 정/[M254445]티페피딘시트르산염","[01140]해열.진통.소염제","","4,000밀리그램",20180831,"아세트아미노펜으로서 4,000mg/day(모든제형, 단일제.복합제 포함)","","정상"
3666,"용량주의","복합",D000147,Acetaminophen,"아세트아미노펜","[D000573]Isopropylantipyrine(이소프로필안티피린)/[D000852]Caffeine(카페인)","[M040353]아세트아미노펜/[M082309]아세트아미노펜제피세립/[M233006]아세트아미노펜 DC 500/600/[M246556]아세트아미노펜 (미분화)/[M262287]아세트아미노펜 과립/[M040499]이소프로필안티피린/[M040579]카페인(함수)/[M040580]무수카페인/[M090611]카페인/[M223183]카페인무수물/[M223184]카페인수화물/[M241017]무수물카페인","[01140]해열.진통.소염제","","4,000밀리그램",20180831,"아세트아미노펜으로서 4,000mg/day(모든제형, 단일제.복합제 포함)","","정상"
3674,"용량주의","복합",D000147,Acetaminophen,"아세트아미노펜","[D001093]Galgeun-tang(갈근탕)/[D001101]Riboflavin(리보플라빈)/[D001106]Ascorbic acid(아스코르브산)","[M040353]아세트아미노펜/[M082309]아세트아미노펜제피세립/[M233006]아세트아미노펜 DC 500/600/[M246556]아세트아미노펜 (미분화)/[M262287]아세트아미노펜 과립/[C084556]갈근탕엑스/[C085494]갈근탕엑스분말/[C085503]갈근탕건조엑스/[C086018]갈근탕연조엑스/[C090838]갈근탕엑스과립/[C096410]갈근탕엑스정건조엑스/[C096710]갈근탕건조엑스[10→1]/[C100973]갈근탕엑스(10→1)/[M084556]갈근탕엑스/[M085494]갈근탕엑스분말/[M085503]갈근탕건조엑스/[M086018]갈근탕연조엑스/[M096410]갈근탕엑스정건조엑스/[M096710]갈근탕건조엑스[10→1]/[M100973]갈근탕엑스(10→1)/[M103265]갈근탕엑스말(10→1)/[M103916]갈근탕연조엑스(4.32→1)/[M104358]갈근탕엑스말/[M104683]갈근탕건조엑스(6.80→1)/[M104753]갈근탕연조엑스(3.4→1)/[M105329]갈근탕수침건조엑기스/[M105588]갈근탕건조엑스(5.78→1)/[M105816]갈근탕엑스분말(6→1)/[M105833]갈근탕연조엑스(4.17→1)/[M200049]갈근탕엑스가루/[M214453]갈근탕 연조엑스(4→1)/[M217483]갈근탕연조엑스(3->1)/[M229053]갈근탕 연조엑스(3.33→1)/[M250041]갈근탕엑스(5.81:1)/[M252043]갈근탕연조엑스[2.78→1]/[M252386]갈근탕연조엑스
(3.33→1)/[M259853]갈근탕건조엑스(6.31:1)/[M260768]갈근탕연조엑스(3.08→1)/[M261860]갈근탕건조엑스(5.6→1)/[M267754]갈근탕건조엑스(4→1)/[C040133]리보플라빈/[C040512]인산리보플라빈나트륨/[C050367]테트라부티르산리보플라빈/[C050368]인산리보플라빈/[C050369]리보플라빈-5-인산나트륨/[C081186]리보플라빈33 1/3%/[C082711]리보플라빈낙산에스텔/[C082719]리보플라빈331/3%산/[C083052]리보플라빈98%DC/[C083101]낙산리보플라빈/[C083163]리보플라빈98%/[C083404]리보플라빈33 1/3%과립/[C084424]염산리보플라빈나트륨/[C085688]직탁용리보플라빈98%/[C089984]리보플라빈인산나트륨/[C090982]리보플라빈산나트륨/[C091022]리보플라빈98%과립/[C091383]리보플라빈25%과립/[C092484]부티르산리보플라빈/[C100456]리보플라빈3배산/[C100480]인산리보플라빈나트륨이수화물/[C101969]리보플라빈E101/[C202525]리보플라빈/[C401176]리보플라빈/[C407713]소듐리보플라빈포스페이트/[C409503]리보플라빈테트라부티레이트/[C422825]리보플라빈/[C422826]리보플라빈테트라부티레이트/[C422827]리보플라빈테트라아세테이트/[C425375]소듐리보플라빈포스페이트/[I003529]리보플라빈/[I003530]리보플라빈포스페이트나트륨/[I006525]리보플라빈부티레이트/[I007430]인산리보플라빈/[I007658]인산리보플라빈나트륨이수화물/[I007907]리보플라빈산나트륨/[M040133]리보플라빈/[M040512]인산리보플라빈나트륨/[M050367]테트라부티르산리보플라빈/[M050368]인산리보플라빈/[M050369]리보플라빈-5-인산나트륨/[M081186]리보플라빈33 1/3%/[M082711]리보플라빈낙산에스텔/[M082719]리보플라빈33 1/3%산/[M083052]리보플라빈98%DC/[M083101]낙산리보플라빈/[M083163]리보플라빈98%/[M083404]리보플라빈33 1/3%과립/[M085688]직탁용리보플라빈98%/[M090982]리보플라빈산나트륨/[M091022]리보플라빈98%과립/[M091383]리보플라빈25%과립/[M092484]부티르산리보플라빈/[M100456]리보플라빈3배산/[M100480]인산리보플라빈나트륨이수화물/[M101969]리보플라빈E101/[M200421]리보플라빈33ㆍ3%/[M200422]리보플라빈33ㆍ3%과립/[M200423]리보플라빈33ㆍ3%산/[M203723]인산리보플라빈소듐/[M206124]조리보플라빈/[M216041]리보플라빈3배산(리보플라빈으로서 5밀리그램)/[M216399]리보플라빈 3배산(리보플라빈으로서 0.84밀리그램)/[M217503]리보플라빈인산에스텔나트륨/[M218021]안산리보플라빈나트륨/[M222995]리보플라빈부티레이트/[M222996]리보플라빈포스페이트나트륨/[M222997]리보플라빈포스페이트나트륨 주사액/[M232651]제피리보플라빈/[M249967]리보플라빈부틸레이트/[M249982]리보플라빈나트륨포스페이트/[C040354]아스코르빈산/[C050961]아스코르빈산철/[C080210]아스코르빈산나트륨/[C081017]아스코르빈산90%과립/[C081495]아스코르빈산펠렛/[C081615]아스코르빈산 제피과립/[C081679]아스코르빈산60%/[C081772]제피아스코르빈산TYPE-SC/[C081998]아스코르빈팔미틴산/[C082617]아스코르빈산제피산/[C082841]아스코르빈산98%과립/[C082845]제피형아스코르빈산96%/[C082850]직탁용아스코르빈산/[C082857]제피아스코르빈산/[C083022]아스코르빈산96%과립/[C083040]아스코르빈산97%과립/[C083727]아스코르빈산제피산98%DC/[C083984]아스코르빈산칼슘/[C084311]엘-아스코르빈산나트륨/[C084327]아스코르빈산과립/[C084388]아스코르빈산나트륨99%/[C084419]아스코르빈산98%/[C084433]아스코르빈산97ㆍ5%과립/[C084448]아스코르빈산97%/[C084495]아스코르빈산칼슘97%과립/[C084658]아스코르빈산96%/[C084927]제피형아스코르빈산96%Type SC/[C085686]직탁용아스코르빈산98%/[C085785]아스코르빈산스테아레이트/[C086801]제피아스코르빈산97ㆍ5%/[C087036]코팅된아스코르빈산/[C088252]아스코르빈산제제/[C089177]아스코르빈산96%SC/[C090019]90%아스코르빈산/[C091430]아스코르빈산유캡/[C094260]95%아스코르빈산/[C094676]3-O-에칠아스코르빈산/[C095118]제피아스코르빈산96%/[C095392]아스코르빌팔미테이트/[C095412]제피아스코르빈사96% Type SC/[C095426]제피아스코르빈산96%가루/[C095604]아스코르빈산90%/[C099084]아스코르빈산팔미테이트/[C099734]아스코르브산90%과립/[C099910]직타용아스코르빈산/[C100271]팔미틴산아스코르빈산/[C100420]엘-아스코르빈산/[C101135]90%아스코르빈산과립/[C102189]아스코르빅애씨드/[C312780]소듐아스코르베이트/[C312824]아스코르빌 테트라이소팔미테이트/[C317903]글루코사민아스코르베이트/[C318482]칼슘 아스코르베이트/[C320842]아스코르빅애씨드/[C400592]아스코르빌니코티네이트/[I000229]아스코르빈산칼슘/[I001468]아스코르빈산제일철/[I001971]마그네슘아스코르베이트/[I003752]아스코르빈산나트륨/[I004351]아스코르브산/[M040354]아스코르빈산/[M050961]아스코르빈산철/[M080210]아스코르빈산나트륨/[M081017]아스코르빈산90%과립/[M081495]아스코르빈산펠렛/[M081615]아스코르빈산제피과립/[M081679]아스코르빈산60%/[M081772]제피아스코르빈산TYPE-SC/[M081998]아스코르빈팔미틴산/[M082617]아스코르빈산제피산/[M082841]아스코르빈산98%과립/[M082845]제피아스코르빈산96%/[M082850]직타용아스코르빈산/[M082857]제피아스코르빈산/[M083022]아스코르빈산96%과립/[M083040]아스코르빈산97%과립/[M083727]아스코르빈산제피산98%DC/[M083960]제피아스코르빈산TYPE-SC/[M083984]아스코르빈산칼슘/[M084311]엘아스코르빈산나트륨/[M084327]아스코르빈산과립/[M084388]아스코르빈산나트륨99%/[M084419]아스코르빈산98%/[M084433]아스코르빈산97ㆍ5%과립/[M084448]아스코르빈산97%/[M084495]아스코르빈산칼슘97%과립/[M084658]아스코르빈산96%/[M084927]제피아스코르빈산96%Type SC/[M085686]직타용아스코르빈산98%/[M087036]제피아스코르빈산/[M088252]아스코르빈산/[M089177]아스코르빈산96%SC/[M090019]아스코르빈산90%/[M091430]아스코르빈산유캡/[M094260]아스코르빈산95%/[M095392]아스코르빌팔미테이트/[M095426]제피아스코르빈산96%가루/[M095604]아스코르빈산90%/[M099084]아스코르빈산팔미테이트/[M100271]팔미틴산아스코르빈산/[M100420]엘-아스코르빈산/[M103048]제피형아스코르빈산96%TypeSC/[M103617]팔미틴산아스코르빌/[M104937]아스코르빈산97%분말/[M105763]아스코르빈산제제/[M107308]제피아스코르빈산97.0%가루/[M107594]소듐엘아스코르베이트/[M201112]아스코르빈산제일철/[M201618]제피아스코르빈사96%TypeSC/[M201620]제피아스코르빈산가루/[M201622]제피아스코르빈산TYPEB/[M203450]아스코르브산/[M203451]아스코르브산소듐/[M203452]아스코르빈산소듐/[M207370]팔미틴산아스코르브산/[M207385]아스코르빈산 97(아스코르빈산으로서 600mg)/[M207533]아스코르빈산 97(아스코르빈산으로서 600㎎)/[M209224]직타용아스코르빈산97%/[M210040]제피아스코르빈산97%과립/[M210875]소듐L-아스코르베이트/[M211316]아스코르빈산 산/[M211364]제피형아스코르빈산96%/[M211402]직타용아스코르빈산 90%/[M212742]아스코르빈산과립 97%(아스코르빈산으로서 83.3밀리그램)/[M214926]제피아스코르빈산 Type SC/[M215692]아스코르빈산(비타민C)/[M216038]아스코르빈산과립97%(아스코르빈산으로서 75밀리그램)/[M216398]아스코르빈산과립97%(아스코르빈산으로서 83.34밀리그램)/[M220142]직타용아스코르빈산(97%)/[M220180]아스코르빈산 97/[M223105]아스코르브산 산/[M223106]아스코르브산 정/[M223107]아스코르브산 주사액/[M224238]아스코르브산97/[M225398]아스코르빈산 Type FC/[M226183]아스코르빈산과립97%/[M227509]아스코르브산97%과립/[M229451]아스코르빈산 90%과립/[M229497]제피아스코르빈산 96% Type SC/[M234001]아스코르브산과립97%/[M236177]아스코르브산 90%과립/[M236913]제피아스코르브산/[M236926]직타용아스코르브산/[M239246]L-아스코르빈산/[M239251]L-아스코르빈산나트륨/[M239556]제피아스코르브산96% Type SC/[M241223]아스코르브산90%과립/[M242242]제피아스코르빈산*/[M243471]엘-아스코르빈산나트륨/[M243491]아스코르브산 97/[M244591]엘-아스코르빈산나트륨/[M244678]아스코르브산 97/[M245849]제피아스코르브산에스씨/[M245878]아스코르브산팔미테이트/[M246161]직타용아스코르브산97%/[M246638]아스코르브산97%/[M246709]아스코르브산나트륨/[M246900]90%아스코르브산/[M248326]아스코르빌나트륨포스페이트/[M249820]아스코르브산96%과립/[M250406]아스코르브산과립/[M250800]제피아스코르브산 TYPE-SC/[M251500]제피아스코르브산96%가루/[M252473]아스코르브산칼슘/[M252874]아스코르브산나트륨/[M252882]L-아스코르브산/[M253028]아스코르브산칼슘수화물/[M254082]제피아스코르브산 Type SC/[M254227]제피형아스코르브산96%TypeSC/[M254749]아스코르브산95%과립/[M254848]90%아스코르브산과립/[M256156]아스코르브산과립96%/[M257558]제피아스코르브산96%/[M257734]아스코르브산 과립90%/[M258008]아스코르브산칼슘이수화물/[M258592]작타용아스코르브산 97 %/[M258994]아스코르브산/[M259386]L-아스코르브산나트륨/[M259573]L-아스코르브산/[M261728]아스코르브산97%(직타용)/[M263901]제피아스코르브산97%가루/[M264037]90%아스코르빈산/[M265896]제피아스코르브산97.5%가루","[01140]해열.진통.소염제","","4,000밀리그램",20180831,"아세트아미노펜으로서 4,000mg/day(모든제형, 단일제.복합제 포함)","","정상"
3675,"용량주의","복합",D000147,Acetaminophen,"아세트아미노펜","[D001093]Galgeun-tang(갈근탕)/[D001106]Ascorbic acid(아스코르브산)/[D000852]Caffeine(카페인)","[M040353]아세트아미노펜/[M082309]아세트아미노펜제피세립/[M233006]아세트아미노펜 DC 500/600/[M246556]아세트아미노펜 (미분화)/[M262287]아세트아미노펜 과립/[C084556]갈근탕엑스/[C085494]갈근탕엑스분말/[C085503]갈근탕건조엑스/[C086018]갈근탕연조엑스/[C090838]갈근탕엑스과립/[C096410]갈근탕엑스정건조엑스/[C096710]갈근탕건조엑스[10→1]/[C100973]갈근탕엑스(10→1)/[M084556]갈근탕엑스/[M085494]갈근탕엑스분말/[M085503]갈근탕건조엑스/[M086018]갈근탕연조엑스/[M096410]갈근탕엑스정건조엑스/[M096710]갈근탕건조엑스[10→1]/[M100973]갈근탕엑스(10→1)/[M103265]갈근탕엑스말(10→1)/[M103916]갈근탕연조엑스(4.32→1)/[M104358]갈근탕엑스말/[M104683]갈근탕건조엑스(6.80→1)/[M104753]갈근탕연조엑스(3.4→1)/[M105329]갈근탕수침건조엑기스/[M105588]갈근탕건조엑스(5.78→1)/[M105816]갈근탕엑스분말(6→1)/[M105833]갈근탕연조엑스(4.17→1)/[M200049]갈근탕엑스가루/[M214453]갈근탕 연조엑스(4→1)/[M217483]갈근탕연조엑스(3->1)/[M229053]갈근탕 연조엑스(3.33→1)/[M250041]갈근탕엑스(5.81:1)/[M252043]갈근탕연조엑스[2.78→1]/[M252386]갈근탕연조엑스
(3.33→1)/[M259853]갈근탕건조엑스(6.31:1)/[M260768]갈근탕연조엑스(3.08→1)/[M261860]갈근탕건조엑스(5.6→1)/[M267754]갈근탕건조엑스(4→1)/[C040354]아스코르빈산/[C050961]아스코르빈산철/[C080210]아스코르빈산나트륨/[C081017]아스코르빈산90%과립/[C081495]아스코르빈산펠렛/[C081615]아스코르빈산 제피과립/[C081679]아스코르빈산60%/[C081772]제피아스코르빈산TYPE-SC/[C081998]아스코르빈팔미틴산/[C082617]아스코르빈산제피산/[C082841]아스코르빈산98%과립/[C082845]제피형아스코르빈산96%/[C082850]직탁용아스코르빈산/[C082857]제피아스코르빈산/[C083022]아스코르빈산96%과립/[C083040]아스코르빈산97%과립/[C083727]아스코르빈산제피산98%DC/[C083984]아스코르빈산칼슘/[C084311]엘-아스코르빈산나트륨/[C084327]아스코르빈산과립/[C084388]아스코르빈산나트륨99%/[C084419]아스코르빈산98%/[C084433]아스코르빈산97ㆍ5%과립/[C084448]아스코르빈산97%/[C084495]아스코르빈산칼슘97%과립/[C084658]아스코르빈산96%/[C084927]제피형아스코르빈산96%Type SC/[C085686]직탁용아스코르빈산98%/[C085785]아스코르빈산스테아레이트/[C086801]제피아스코르빈산97ㆍ5%/[C087036]코팅된아스코르빈산/[C088252]아스코르빈산제제/[C089177]아스코르빈산96%SC/[C090019]90%아스코르빈산/[C091430]아스코르빈산유캡/[C094260]95%아스코르빈산/[C094676]3-O-에칠아스코르빈산/[C095118]제피아스코르빈산96%/[C095392]아스코르빌팔미테이트/[C095412]제피아스코르빈사96% Type SC/[C095426]제피아스코르빈산96%가루/[C095604]아스코르빈산90%/[C099084]아스코르빈산팔미테이트/[C099734]아스코르브산90%과립/[C099910]직타용아스코르빈산/[C100271]팔미틴산아스코르빈산/[C100420]엘-아스코르빈산/[C101135]90%아스코르빈산과립/[C102189]아스코르빅애씨드/[C312780]소듐아스코르베이트/[C312824]아스코르빌 테트라이소팔미테이트/[C317903]글루코사민아스코르베이트/[C318482]칼슘 아스코르베이트/[C320842]아스코르빅애씨드/[C400592]아스코르빌니코티네이트/[I000229]아스코르빈산칼슘/[I001468]아스코르빈산제일철/[I001971]마그네슘아스코르베이트/[I003752]아스코르빈산나트륨/[I004351]아스코르브산/[M040354]아스코르빈산/[M050961]아스코르빈산철/[M080210]아스코르빈산나트륨/[M081017]아스코르빈산90%과립/[M081495]아스코르빈산펠렛/[M081615]아스코르빈산제피과립/[M081679]아스코르빈산60%/[M081772]제피아스코르빈산TYPE-SC/[M081998]아스코르빈팔미틴산/[M082617]아스코르빈산제피산/[M082841]아스코르빈산98%과립/[M082845]제피아스코르빈산96%/[M082850]직타용아스코르빈산/[M082857]제피아스코르빈산/[M083022]아스코르빈산96%과립/[M083040]아스코르빈산97%과립/[M083727]아스코르빈산제피산98%DC/[M083960]제피아스코르빈산TYPE-SC/[M083984]아스코르빈산칼슘/[M084311]엘아스코르빈산나트륨/[M084327]아스코르빈산과립/[M084388]아스코르빈산나트륨99%/[M084419]아스코르빈산98%/[M084433]아스코르빈산97ㆍ5%과립/[M084448]아스코르빈산97%/[M084495]아스코르빈산칼슘97%과립/[M084658]아스코르빈산96%/[M084927]제피아스코르빈산96%Type SC/[M085686]직타용아스코르빈산98%/[M087036]제피아스코르빈산/[M088252]아스코르빈산/[M089177]아스코르빈산96%SC/[M090019]아스코르빈산90%/[M091430]아스코르빈산유캡/[M094260]아스코르빈산95%/[M095392]아스코르빌팔미테이트/[M095426]제피아스코르빈산96%가루/[M095604]아스코르빈산90%/[M099084]아스코르빈산팔미테이트/[M100271]팔미틴산아스코르빈산/[M100420]엘-아스코르빈산/[M103048]제피형아스코르빈산96%TypeSC/[M103617]팔미틴산아스코르빌/[M104937]아스코르빈산97%분말/[M105763]아스코르빈산제제/[M107308]제피아스코르빈산97.0%가루/[M107594]소듐엘아스코르베이트/[M201112]아스코르빈산제일철/[M201618]제피아스코르빈사96%TypeSC/[M201620]제피아스코르빈산가루/[M201622]제피아스코르빈산TYPEB/[M203450]아스코르브산/[M203451]아스코르브산소듐/[M203452]아스코르빈산소듐/[M207370]팔미틴산아스코르브산/[M207385]아스코르빈산 97(아스코르빈산으로서 600mg)/[M207533]아스코르빈산 97(아스코르빈산으로서 600㎎)/[M209224]직타용아스코르빈산97%/[M210040]제피아스코르빈산97%과립/[M210875]소듐L-아스코르베이트/[M211316]아스코르빈산 산/[M211364]제피형아스코르빈산96%/[M211402]직타용아스코르빈산 90%/[M212742]아스코르빈산과립 97%(아스코르빈산으로서 83.3밀리그램)/[M214926]제피아스코르빈산 Type SC/[M215692]아스코르빈산(비타민C)/[M216038]아스코르빈산과립97%(아스코르빈산으로서 75밀리그램)/[M216398]아스코르빈산과립97%(아스코르빈산으로서 83.34밀리그램)/[M220142]직타용아스코르빈산(97%)/[M220180]아스코르빈산 97/[M223105]아스코르브산 산/[M223106]아스코르브산 정/[M223107]아스코르브산 주사액/[M224238]아스코르브산97/[M225398]아스코르빈산 Type FC/[M226183]아스코르빈산과립97%/[M227509]아스코르브산97%과립/[M229451]아스코르빈산 90%과립/[M229497]제피아스코르빈산 96% Type SC/[M234001]아스코르브산과립97%/[M236177]아스코르브산 90%과립/[M236913]제피아스코르브산/[M236926]직타용아스코르브산/[M239246]L-아스코르빈산/[M239251]L-아스코르빈산나트륨/[M239556]제피아스코르브산96% Type SC/[M241223]아스코르브산90%과립/[M242242]제피아스코르빈산*/[M243471]엘-아스코르빈산나트륨/[M243491]아스코르브산 97/[M244591]엘-아스코르빈산나트륨/[M244678]아스코르브산 97/[M245849]제피아스코르브산에스씨/[M245878]아스코르브산팔미테이트/[M246161]직타용아스코르브산97%/[M246638]아스코르브산97%/[M246709]아스코르브산나트륨/[M246900]90%아스코르브산/[M248326]아스코르빌나트륨포스페이트/[M249820]아스코르브산96%과립/[M250406]아스코르브산과립/[M250800]제피아스코르브산 TYPE-SC/[M251500]제피아스코르브산96%가루/[M252473]아스코르브산칼슘/[M252874]아스코르브산나트륨/[M252882]L-아스코르브산/[M253028]아스코르브산칼슘수화물/[M254082]제피아스코르브산 Type SC/[M254227]제피형아스코르브산96%TypeSC/[M254749]아스코르브산95%과립/[M254848]90%아스코르브산과립/[M256156]아스코르브산과립96%/[M257558]제피아스코르브산96%/[M257734]아스코르브산 과립90%/[M258008]아스코르브산칼슘이수화물/[M258592]작타용아스코르브산 97 %/[M258994]아스코르브산/[M259386]L-아스코르브산나트륨/[M259573]L-아스코르브산/[M261728]아스코르브산97%(직타용)/[M263901]제피아스코르브산97%가루/[M264037]90%아스코르빈산/[M265896]제피아스코르브산97.5%가루/[M040579]카페인(함수)/[M040580]무수카페인/[M090611]카페인/[M223183]카페인무수물/[M223184]카페인수화물/[M241017]무수물카페인","[01140]해열.진통.소염제","","4,000밀리그램",20180831,"아세트아미노펜으로서 4,000mg/day(모든제형, 단일제.복합제 포함)","","정상"
3706,"용량주의","복합",D000147,Acetaminophen,"아세트아미노펜","[D000448]Pseudoephedrine(슈도에페드린)/[D001106]Ascorbic acid(아스코르브산)/[D000893]Chlorpheniramine(클로르페니라민)","[M040353]아세트아미노펜/[M082309]아세트아미노펜제피세립/[M233006]아세트아미노펜 DC 500/600/[M246556]아세트아미노펜 (미분화)/[M262287]아세트아미노펜 과립/[M050833]염산슈도에페드린/[M081720]황산슈도에페드린/[M203364]슈도에페드린염산염/[M222865]수도에페드린염산염/[M248579]수도에페드린황산염/[M256034]수도에페드린염산염 과립/[M258826]수도에페드린/[C040354]아스코르빈산/[C050961]아스코르빈산철/[C080210]아스코르빈산나트륨/[C081017]아스코르빈산90%과립/[C081495]아스코르빈산펠렛/[C081615]아스코르빈산 제피과립/[C081679]아스코르빈산60%/[C081772]제피아스코르빈산TYPE-SC/[C081998]아스코르빈팔미틴산/[C082617]아스코르빈산제피산/[C082841]아스코르빈산98%과립/[C082845]제피형아스코르빈산96%/[C082850]직탁용아스코르빈산/[C082857]제피아스코르빈산/[C083022]아스코르빈산96%과립/[C083040]아스코르빈산97%과립/[C083727]아스코르빈산제피산98%DC/[C083984]아스코르빈산칼슘/[C084311]엘-아스코르빈산나트륨/[C084327]아스코르빈산과립/[C084388]아스코르빈산나트륨99%/[C084419]아스코르빈산98%/[C084433]아스코르빈산97ㆍ5%과립/[C084448]아스코르빈산97%/[C084495]아스코르빈산칼슘97%과립/[C084658]아스코르빈산96%/[C084927]제피형아스코르빈산96%Type SC/[C085686]직탁용아스코르빈산98%/[C085785]아스코르빈산스테아레이트/[C086801]제피아스코르빈산97ㆍ5%/[C087036]코팅된아스코르빈산/[C088252]아스코르빈산제제/[C089177]아스코르빈산96%SC/[C090019]90%아스코르빈산/[C091430]아스코르빈산유캡/[C094260]95%아스코르빈산/[C094676]3-O-에칠아스코르빈산/[C095118]제피아스코르빈산96%/[C095392]아스코르빌팔미테이트/[C095412]제피아스코르빈사96% Type SC/[C095426]제피아스코르빈산96%가루/[C095604]아스코르빈산90%/[C099084]아스코르빈산팔미테이트/[C099734]아스코르브산90%과립/[C099910]직타용아스코르빈산/[C100271]팔미틴산아스코르빈산/[C100420]엘-아스코르빈산/[C101135]90%아스코르빈산과립/[C102189]아스코르빅애씨드/[C312780]소듐아스코르베이트/[C312824]아스코르빌 테트라이소팔미테이트/[C317903]글루코사민아스코르베이트/[C318482]칼슘 아스코르베이트/[C320842]아스코르빅애씨드/[C400592]아스코르빌니코티네이트/[I000229]아스코르빈산칼슘/[I001468]아스코르빈산제일철/[I001971]마그네슘아스코르베이트/[I003752]아스코르빈산나트륨/[I004351]아스코르브산/[M040354]아스코르빈산/[M050961]아스코르빈산철/[M080210]아스코르빈산나트륨/[M081017]아스코르빈산90%과립/[M081495]아스코르빈산펠렛/[M081615]아스코르빈산제피과립/[M081679]아스코르빈산60%/[M081772]제피아스코르빈산TYPE-SC/[M081998]아스코르빈팔미틴산/[M082617]아스코르빈산제피산/[M082841]아스코르빈산98%과립/[M082845]제피아스코르빈산96%/[M082850]직타용아스코르빈산/[M082857]제피아스코르빈산/[M083022]아스코르빈산96%과립/[M083040]아스코르빈산97%과립/[M083727]아스코르빈산제피산98%DC/[M083960]제피아스코르빈산TYPE-SC/[M083984]아스코르빈산칼슘/[M084311]엘아스코르빈산나트륨/[M084327]아스코르빈산과립/[M084388]아스코르빈산나트륨99%/[M084419]아스코르빈산98%/[M084433]아스코르빈산97ㆍ5%과립/[M084448]아스코르빈산97%/[M084495]아스코르빈산칼슘97%과립/[M084658]아스코르빈산96%/[M084927]제피아스코르빈산96%Type SC/[M085686]직타용아스코르빈산98%/[M087036]제피아스코르빈산/[M088252]아스코르빈산/[M089177]아스코르빈산96%SC/[M090019]아스코르빈산90%/[M091430]아스코르빈산유캡/[M094260]아스코르빈산95%/[M095392]아스코르빌팔미테이트/[M095426]제피아스코르빈산96%가루/[M095604]아스코르빈산90%/[M099084]아스코르빈산팔미테이트/[M100271]팔미틴산아스코르빈산/[M100420]엘-아스코르빈산/[M103048]제피형아스코르빈산96%TypeSC/[M103617]팔미틴산아스코르빌/[M104937]아스코르빈산97%분말/[M105763]아스코르빈산제제/[M107308]제피아스코르빈산97.0%가루/[M107594]소듐엘아스코르베이트/[M201112]아스코르빈산제일철/[M201618]제피아스코르빈사96%TypeSC/[M201620]제피아스코르빈산가루/[M201622]제피아스코르빈산TYPEB/[M203450]아스코르브산/[M203451]아스코르브산소듐/[M203452]아스코르빈산소듐/[M207370]팔미틴산아스코르브산/[M207385]아스코르빈산 97(아스코르빈산으로서 600mg)/[M207533]아스코르빈산 97(아스코르빈산으로서 600㎎)/[M209224]직타용아스코르빈산97%/[M210040]제피아스코르빈산97%과립/[M210875]소듐L-아스코르베이트/[M211316]아스코르빈산 산/[M211364]제피형아스코르빈산96%/[M211402]직타용아스코르빈산 90%/[M212742]아스코르빈산과립 97%(아스코르빈산으로서 83.3밀리그램)/[M214926]제피아스코르빈산 Type SC/[M215692]아스코르빈산(비타민C)/[M216038]아스코르빈산과립97%(아스코르빈산으로서 75밀리그램)/[M216398]아스코르빈산과립97%(아스코르빈산으로서 83.34밀리그램)/[M220142]직타용아스코르빈산(97%)/[M220180]아스코르빈산 97/[M223105]아스코르브산 산/[M223106]아스코르브산 정/[M223107]아스코르브산 주사액/[M224238]아스코르브산97/[M225398]아스코르빈산 Type FC/[M226183]아스코르빈산과립97%/[M227509]아스코르브산97%과립/[M229451]아스코르빈산 90%과립/[M229497]제피아스코르빈산 96% Type SC/[M234001]아스코르브산과립97%/[M236177]아스코르브산 90%과립/[M236913]제피아스코르브산/[M236926]직타용아스코르브산/[M239246]L-아스코르빈산/[M239251]L-아스코르빈산나트륨/[M239556]제피아스코르브산96% Type SC/[M241223]아스코르브산90%과립/[M242242]제피아스코르빈산*/[M243471]엘-아스코르빈산나트륨/[M243491]아스코르브산 97/[M244591]엘-아스코르빈산나트륨/[M244678]아스코르브산 97/[M245849]제피아스코르브산에스씨/[M245878]아스코르브산팔미테이트/[M246161]직타용아스코르브산97%/[M246638]아스코르브산97%/[M246709]아스코르브산나트륨/[M246900]90%아스코르브산/[M248326]아스코르빌나트륨포스페이트/[M249820]아스코르브산96%과립/[M250406]아스코르브산과립/[M250800]제피아스코르브산 TYPE-SC/[M251500]제피아스코르브산96%가루/[M252473]아스코르브산칼슘/[M252874]아스코르브산나트륨/[M252882]L-아스코르브산/[M253028]아스코르브산칼슘수화물/[M254082]제피아스코르브산 Type SC/[M254227]제피형아스코르브산96%TypeSC/[M254749]아스코르브산95%과립/[M254848]90%아스코르브산과립/[M256156]아스코르브산과립96%/[M257558]제피아스코르브산96%/[M257734]아스코르브산 과립90%/[M258008]아스코르브산칼슘이수화물/[M258592]작타용아스코르브산 97 %/[M258994]아스코르브산/[M259386]L-아스코르브산나트륨/[M259573]L-아스코르브산/[M261728]아스코르브산97%(직타용)/[M263901]제피아스코르브산97%가루/[M264037]90%아스코르빈산/[M265896]제피아스코르브산97.5%가루/[M040616]말레인산클로르페니라민/[M050213]말레인산덱스클로르페니라민/[M051529]클로르페니라민/[M082701]디엘말레인산클로르페니라민/[M083325]디말레인산클로르페니라민/[M099959]말레인산클로로페니라민/[M100018]말레산클로르페니라민/[M100476]디말레인산클로르페니라민/[M101581]디엘말레인산클로르페니라민/[M200471]말레인산클로르페니라민제피과립/[M202197]D-말레인산클로르페니라민/[M202204]DL-말레인산클로르페니라민/[M203913]클로르페니라민말레인산염/[M212847]클로르페니라민말레이트/[M223211]클로르페니라민말레산염/[M223212]d-클로르페니라민말레산염/[M223213]클로르페니라민말레산염 산/[M223214]클로르페니라민말레산염 정/[M223215]클로르페니라민말레산염 주사액/[M226783]dl-클로르페니라민말레산염/[M249715]덱스클로르페니라민 말레산염/[M251936]덱스클로르페니라민말레이트","[01140]해열.진통.소염제","","4,000밀리그램",20180831,"아세트아미노펜으로서 4,000mg/day(모든제형, 단일제.복합제 포함)","","정상"
3718,"용량주의","복합",D000147,Acetaminophen,"아세트아미노펜","[D001093]Galgeun-tang(갈근탕)/[D001101]Riboflavin(리보플라빈)/[D001118]Benfotiamine(벤포티아민)/[D001106]Ascorbic acid(아스코르브산)","[M040353]아세트아미노펜/[M082309]아세트아미노펜제피세립/[M233006]아세트아미노펜 DC 500/600/[M246556]아세트아미노펜 (미분화)/[M262287]아세트아미노펜 과립/[C084556]갈근탕엑스/[C085494]갈근탕엑스분말/[C085503]갈근탕건조엑스/[C086018]갈근탕연조엑스/[C090838]갈근탕엑스과립/[C096410]갈근탕엑스정건조엑스/[C096710]갈근탕건조엑스[10→1]/[C100973]갈근탕엑스(10→1)/[M084556]갈근탕엑스/[M085494]갈근탕엑스분말/[M085503]갈근탕건조엑스/[M086018]갈근탕연조엑스/[M096410]갈근탕엑스정건조엑스/[M096710]갈근탕건조엑스[10→1]/[M100973]갈근탕엑스(10→1)/[M103265]갈근탕엑스말(10→1)/[M103916]갈근탕연조엑스(4.32→1)/[M104358]갈근탕엑스말/[M104683]갈근탕건조엑스(6.80→1)/[M104753]갈근탕연조엑스(3.4→1)/[M105329]갈근탕수침건조엑기스/[M105588]갈근탕건조엑스(5.78→1)/[M105816]갈근탕엑스분말(6→1)/[M105833]갈근탕연조엑스(4.17→1)/[M200049]갈근탕엑스가루/[M214453]갈근탕 연조엑스(4→1)/[M217483]갈근탕연조엑스(3->1)/[M229053]갈근탕 연조엑스(3.33→1)/[M250041]갈근탕엑스(5.81:1)/[M252043]갈근탕연조엑스[2.78→1]/[M252386]갈근탕연조엑스
(3.33→1)/[M259853]갈근탕건조엑스(6.31:1)/[M260768]갈근탕연조엑스(3.08→1)/[M261860]갈근탕건조엑스(5.6→1)/[M267754]갈근탕건조엑스(4→1)/[C040133]리보플라빈/[C040512]인산리보플라빈나트륨/[C050367]테트라부티르산리보플라빈/[C050368]인산리보플라빈/[C050369]리보플라빈-5-인산나트륨/[C081186]리보플라빈33 1/3%/[C082711]리보플라빈낙산에스텔/[C082719]리보플라빈331/3%산/[C083052]리보플라빈98%DC/[C083101]낙산리보플라빈/[C083163]리보플라빈98%/[C083404]리보플라빈33 1/3%과립/[C084424]염산리보플라빈나트륨/[C085688]직탁용리보플라빈98%/[C089984]리보플라빈인산나트륨/[C090982]리보플라빈산나트륨/[C091022]리보플라빈98%과립/[C091383]리보플라빈25%과립/[C092484]부티르산리보플라빈/[C100456]리보플라빈3배산/[C100480]인산리보플라빈나트륨이수화물/[C101969]리보플라빈E101/[C202525]리보플라빈/[C401176]리보플라빈/[C407713]소듐리보플라빈포스페이트/[C409503]리보플라빈테트라부티레이트/[C422825]리보플라빈/[C422826]리보플라빈테트라부티레이트/[C422827]리보플라빈테트라아세테이트/[C425375]소듐리보플라빈포스페이트/[I003529]리보플라빈/[I003530]리보플라빈포스페이트나트륨/[I006525]리보플라빈부티레이트/[I007430]인산리보플라빈/[I007658]인산리보플라빈나트륨이수화물/[I007907]리보플라빈산나트륨/[M040133]리보플라빈/[M040512]인산리보플라빈나트륨/[M050367]테트라부티르산리보플라빈/[M050368]인산리보플라빈/[M050369]리보플라빈-5-인산나트륨/[M081186]리보플라빈33 1/3%/[M082711]리보플라빈낙산에스텔/[M082719]리보플라빈33 1/3%산/[M083052]리보플라빈98%DC/[M083101]낙산리보플라빈/[M083163]리보플라빈98%/[M083404]리보플라빈33 1/3%과립/[M085688]직탁용리보플라빈98%/[M090982]리보플라빈산나트륨/[M091022]리보플라빈98%과립/[M091383]리보플라빈25%과립/[M092484]부티르산리보플라빈/[M100456]리보플라빈3배산/[M100480]인산리보플라빈나트륨이수화물/[M101969]리보플라빈E101/[M200421]리보플라빈33ㆍ3%/[M200422]리보플라빈33ㆍ3%과립/[M200423]리보플라빈33ㆍ3%산/[M203723]인산리보플라빈소듐/[M206124]조리보플라빈/[M216041]리보플라빈3배산(리보플라빈으로서 5밀리그램)/[M216399]리보플라빈 3배산(리보플라빈으로서 0.84밀리그램)/[M217503]리보플라빈인산에스텔나트륨/[M218021]안산리보플라빈나트륨/[M222995]리보플라빈부티레이트/[M222996]리보플라빈포스페이트나트륨/[M222997]리보플라빈포스페이트나트륨 주사액/[M232651]제피리보플라빈/[M249967]리보플라빈부틸레이트/[M249982]리보플라빈나트륨포스페이트/[C081474]벤포티아민(비오타민)/[C096428]벤포티아민/[I004465]벤포티아민/[M081474]벤포티아민(비오타민)/[M096428]벤포티아민/[M256717]조벤포티아민/[C040354]아스코르빈산/[C050961]아스코르빈산철/[C080210]아스코르빈산나트륨/[C081017]아스코르빈산90%과립/[C081495]아스코르빈산펠렛/[C081615]아스코르빈산 제피과립/[C081679]아스코르빈산60%/[C081772]제피아스코르빈산TYPE-SC/[C081998]아스코르빈팔미틴산/[C082617]아스코르빈산제피산/[C082841]아스코르빈산98%과립/[C082845]제피형아스코르빈산96%/[C082850]직탁용아스코르빈산/[C082857]제피아스코르빈산/[C083022]아스코르빈산96%과립/[C083040]아스코르빈산97%과립/[C083727]아스코르빈산제피산98%DC/[C083984]아스코르빈산칼슘/[C084311]엘-아스코르빈산나트륨/[C084327]아스코르빈산과립/[C084388]아스코르빈산나트륨99%/[C084419]아스코르빈산98%/[C084433]아스코르빈산97ㆍ5%과립/[C084448]아스코르빈산97%/[C084495]아스코르빈산칼슘97%과립/[C084658]아스코르빈산96%/[C084927]제피형아스코르빈산96%Type SC/[C085686]직탁용아스코르빈산98%/[C085785]아스코르빈산스테아레이트/[C086801]제피아스코르빈산97ㆍ5%/[C087036]코팅된아스코르빈산/[C088252]아스코르빈산제제/[C089177]아스코르빈산96%SC/[C090019]90%아스코르빈산/[C091430]아스코르빈산유캡/[C094260]95%아스코르빈산/[C094676]3-O-에칠아스코르빈산/[C095118]제피아스코르빈산96%/[C095392]아스코르빌팔미테이트/[C095412]제피아스코르빈사96% Type SC/[C095426]제피아스코르빈산96%가루/[C095604]아스코르빈산90%/[C099084]아스코르빈산팔미테이트/[C099734]아스코르브산90%과립/[C099910]직타용아스코르빈산/[C100271]팔미틴산아스코르빈산/[C100420]엘-아스코르빈산/[C101135]90%아스코르빈산과립/[C102189]아스코르빅애씨드/[C312780]소듐아스코르베이트/[C312824]아스코르빌 테트라이소팔미테이트/[C317903]글루코사민아스코르베이트/[C318482]칼슘 아스코르베이트/[C320842]아스코르빅애씨드/[C400592]아스코르빌니코티네이트/[I000229]아스코르빈산칼슘/[I001468]아스코르빈산제일철/[I001971]마그네슘아스코르베이트/[I003752]아스코르빈산나트륨/[I004351]아스코르브산/[M040354]아스코르빈산/[M050961]아스코르빈산철/[M080210]아스코르빈산나트륨/[M081017]아스코르빈산90%과립/[M081495]아스코르빈산펠렛/[M081615]아스코르빈산제피과립/[M081679]아스코르빈산60%/[M081772]제피아스코르빈산TYPE-SC/[M081998]아스코르빈팔미틴산/[M082617]아스코르빈산제피산/[M082841]아스코르빈산98%과립/[M082845]제피아스코르빈산96%/[M082850]직타용아스코르빈산/[M082857]제피아스코르빈산/[M083022]아스코르빈산96%과립/[M083040]아스코르빈산97%과립/[M083727]아스코르빈산제피산98%DC/[M083960]제피아스코르빈산TYPE-SC/[M083984]아스코르빈산칼슘/[M084311]엘아스코르빈산나트륨/[M084327]아스코르빈산과립/[M084388]아스코르빈산나트륨99%/[M084419]아스코르빈산98%/[M084433]아스코르빈산97ㆍ5%과립/[M084448]아스코르빈산97%/[M084495]아스코르빈산칼슘97%과립/[M084658]아스코르빈산96%/[M084927]제피아스코르빈산96%Type SC/[M085686]직타용아스코르빈산98%/[M087036]제피아스코르빈산/[M088252]아스코르빈산/[M089177]아스코르빈산96%SC/[M090019]아스코르빈산90%/[M091430]아스코르빈산유캡/[M094260]아스코르빈산95%/[M095392]아스코르빌팔미테이트/[M095426]제피아스코르빈산96%가루/[M095604]아스코르빈산90%/[M099084]아스코르빈산팔미테이트/[M100271]팔미틴산아스코르빈산/[M100420]엘-아스코르빈산/[M103048]제피형아스코르빈산96%TypeSC/[M103617]팔미틴산아스코르빌/[M104937]아스코르빈산97%분말/[M105763]아스코르빈산제제/[M107308]제피아스코르빈산97.0%가루/[M107594]소듐엘아스코르베이트/[M201112]아스코르빈산제일철/[M201618]제피아스코르빈사96%TypeSC/[M201620]제피아스코르빈산가루/[M201622]제피아스코르빈산TYPEB/[M203450]아스코르브산/[M203451]아스코르브산소듐/[M203452]아스코르빈산소듐/[M207370]팔미틴산아스코르브산/[M207385]아스코르빈산 97(아스코르빈산으로서 600mg)/[M207533]아스코르빈산 97(아스코르빈산으로서 600㎎)/[M209224]직타용아스코르빈산97%/[M210040]제피아스코르빈산97%과립/[M210875]소듐L-아스코르베이트/[M211316]아스코르빈산 산/[M211364]제피형아스코르빈산96%/[M211402]직타용아스코르빈산 90%/[M212742]아스코르빈산과립 97%(아스코르빈산으로서 83.3밀리그램)/[M214926]제피아스코르빈산 Type SC/[M215692]아스코르빈산(비타민C)/[M216038]아스코르빈산과립97%(아스코르빈산으로서 75밀리그램)/[M216398]아스코르빈산과립97%(아스코르빈산으로서 83.34밀리그램)/[M220142]직타용아스코르빈산(97%)/[M220180]아스코르빈산 97/[M223105]아스코르브산 산/[M223106]아스코르브산 정/[M223107]아스코르브산 주사액/[M224238]아스코르브산97/[M225398]아스코르빈산 Type FC/[M226183]아스코르빈산과립97%/[M227509]아스코르브산97%과립/[M229451]아스코르빈산 90%과립/[M229497]제피아스코르빈산 96% Type SC/[M234001]아스코르브산과립97%/[M236177]아스코르브산 90%과립/[M236913]제피아스코르브산/[M236926]직타용아스코르브산/[M239246]L-아스코르빈산/[M239251]L-아스코르빈산나트륨/[M239556]제피아스코르브산96% Type SC/[M241223]아스코르브산90%과립/[M242242]제피아스코르빈산*/[M243471]엘-아스코르빈산나트륨/[M243491]아스코르브산 97/[M244591]엘-아스코르빈산나트륨/[M244678]아스코르브산 97/[M245849]제피아스코르브산에스씨/[M245878]아스코르브산팔미테이트/[M246161]직타용아스코르브산97%/[M246638]아스코르브산97%/[M246709]아스코르브산나트륨/[M246900]90%아스코르브산/[M248326]아스코르빌나트륨포스페이트/[M249820]아스코르브산96%과립/[M250406]아스코르브산과립/[M250800]제피아스코르브산 TYPE-SC/[M251500]제피아스코르브산96%가루/[M252473]아스코르브산칼슘/[M252874]아스코르브산나트륨/[M252882]L-아스코르브산/[M253028]아스코르브산칼슘수화물/[M254082]제피아스코르브산 Type SC/[M254227]제피형아스코르브산96%TypeSC/[M254749]아스코르브산95%과립/[M254848]90%아스코르브산과립/[M256156]아스코르브산과립96%/[M257558]제피아스코르브산96%/[M257734]아스코르브산 과립90%/[M258008]아스코르브산칼슘이수화물/[M258592]작타용아스코르브산 97 %/[M258994]아스코르브산/[M259386]L-아스코르브산나트륨/[M259573]L-아스코르브산/[M261728]아스코르브산97%(직타용)/[M263901]제피아스코르브산97%가루/[M264037]90%아스코르빈산/[M265896]제피아스코르브산97.5%가루","[01140]해열.진통.소염제","","4,000밀리그램",20180831,"아세트아미노펜으로서 4,000mg/day(모든제형, 단일제.복합제 포함)","","정상"
3654,"용량주의","복합",D000147,Acetaminophen,"아세트아미노펜","[D000134]Brompheniramine(브롬페니라민)/[D000448]Pseudoephedrine(슈도에페드린)","[M040353]아세트아미노펜/[M082309]아세트아미노펜제피세립/[M233006]아세트아미노펜 DC 500/600/[M246556]아세트아미노펜 (미분화)/[M262287]아세트아미노펜 과립/[M050657]말레인산브롬페니라민/[M247022]브롬페니라민말레산염/[M050833]염산슈도에페드린/[M081720]황산슈도에페드린/[M203364]슈도에페드린염산염/[M222865]수도에페드린염산염/[M248579]수도에페드린황산염/[M256034]수도에페드린염산염 과립/[M258826]수도에페드린","[01140]해열.진통.소염제","","아세트아미노펜 4,000밀리그램",20180831,"모든 제형","단일제·복합제 포함","정상"
3656,"용량주의","복합",D000147,Acetaminophen,"아세트아미노펜","[D001104]Sochoengryoung-tang(소청룡탕)/[D000893]Chlorpheniramine(클로르페니라민)","[M040353]아세트아미노펜/[M082309]아세트아미노펜제피세립/[M233006]아세트아미노펜 DC 500/600/[M246556]아세트아미노펜 (미분화)/[M262287]아세트아미노펜 과립/[C040140]소청룡탕건조엑스/[C080611]소청룡탕유동엑스/[C083503]소청룡탕엑스분말/[C086635]소청룡탕연조엑스/[C091418]소청룡탕물연조엑스/[C101353]소청룡탕엑스(13 →1)/[M040140]소청룡탕건조엑스/[M080611]소청룡탕유동엑스/[M083503]소청룡탕엑스분말/[M086635]소청룡탕연조엑스/[M091418]소청룡탕물연조엑스/[M101353]소청룡탕엑스(13 →1)/[M102718]소청룡탕건조엑스(13→1)/[M103669]소청룡탕연조엑스(6.3→1)/[M104005]소청룡탕엑스/[M104399]소청룡탕건조엑스(4.4:1)/[M104719]소청룡탕건조엑스(7.69→1)/[M104745]소청룡탕건조엑스(9.00→1)/[M104829]소청룡탕건조엑스(7.30→1)/[M105817]소청룡탕엑스분말(8.4→1)/[M107273]소청룡탕건조엑스(10→1)/[M201011]소청룡탕엑스가루/[M207025]소청룡탕건조엑스(13:1)/[M229051]소청룡탕 연조엑스(3.57→1)/[M240280]소청룡탕건조엑스(9.47:1)/[M252443]소청룡탕연조엑스[2.77→1]/[M260766]소청룡탕연조엑스(1.67→1)/[M261813]소청룡탕연조엑스(6.3→1)/[M261859]소청룡탕건조엑스(6.0→1)/[M040616]말레인산클로르페니라민/[M050213]말레인산덱스클로르페니라민/[M051529]클로르페니라민/[M082701]디엘말레인산클로르페니라민/[M083325]디말레인산클로르페니라민/[M099959]말레인산클로로페니라민/[M100018]말레산클로르페니라민/[M100476]디말레인산클로르페니라민/[M101581]디엘말레인산클로르페니라민/[M200471]말레인산클로르페니라민제피과립/[M202197]D-말레인산클로르페니라민/[M202204]DL-말레인산클로르페니라민/[M203913]클로르페니라민말레인산염/[M212847]클로르페니라민말레이트/[M223211]클로르페니라민말레산염/[M223212]d-클로르페니라민말레산염/[M223213]클로르페니라민말레산염 산/[M223214]클로르페니라민말레산염 정/[M223215]클로르페니라민말레산염 주사액/[M226783]dl-클로르페니라민말레산염/[M249715]덱스클로르페니라민 말레산염/[M251936]덱스클로르페니라민말레이트","[01140]해열.진통.소염제","","4,000밀리그램",20180831,"아세트아미노펜으로서 4,000mg/day(모든제형, 단일제.복합제 포함)","","정상"
3657,"용량주의","복합",D000147,Acetaminophen,"아세트아미노펜","[D000448]Pseudoephedrine(슈도에페드린)/[D000852]Caffeine(카페인)","[M040353]아세트아미노펜/[M082309]아세트아미노펜제피세립/[M233006]아세트아미노펜 DC 500/600/[M246556]아세트아미노펜 (미분화)/[M262287]아세트아미노펜 과립/[M050833]염산슈도에페드린/[M081720]황산슈도에페드린/[M203364]슈도에페드린염산염/[M222865]수도에페드린염산염/[M248579]수도에페드린황산염/[M256034]수도에페드린염산염 과립/[M258826]수도에페드린/[M040579]카페인(함수)/[M040580]무수카페인/[M090611]카페인/[M223183]카페인무수물/[M223184]카페인수화물/[M241017]무수물카페인","[01140]해열.진통.소염제","","4,000밀리그램",20180831,"아세트아미노펜으로서 4,000mg/day(모든제형, 단일제.복합제 포함)","","정상"
3658,"용량주의","복합",D000147,Acetaminophen,"아세트아미노펜","[D000448]Pseudoephedrine(슈도에페드린)/[D000893]Chlorpheniramine(클로르페니라민)","[M040353]아세트아미노펜/[M082309]아세트아미노펜제피세립/[M233006]아세트아미노펜 DC 500/600/[M246556]아세트아미노펜 (미분화)/[M262287]아세트아미노펜 과립/[M050833]염산슈도에페드린/[M081720]황산슈도에페드린/[M203364]슈도에페드린염산염/[M222865]수도에페드린염산염/[M248579]수도에페드린황산염/[M256034]수도에페드린염산염 과립/[M258826]수도에페드린/[M040616]말레인산클로르페니라민/[M050213]말레인산덱스클로르페니라민/[M051529]클로르페니라민/[M082701]디엘말레인산클로르페니라민/[M083325]디말레인산클로르페니라민/[M099959]말레인산클로로페니라민/[M100018]말레산클로르페니라민/[M100476]디말레인산클로르페니라민/[M101581]디엘말레인산클로르페니라민/[M200471]말레인산클로르페니라민제피과립/[M202197]D-말레인산클로르페니라민/[M202204]DL-말레인산클로르페니라민/[M203913]클로르페니라민말레인산염/[M212847]클로르페니라민말레이트/[M223211]클로르페니라민말레산염/[M223212]d-클로르페니라민말레산염/[M223213]클로르페니라민말레산염 산/[M223214]클로르페니라민말레산염 정/[M223215]클로르페니라민말레산염 주사액/[M226783]dl-클로르페니라민말레산염/[M249715]덱스클로르페니라민 말레산염/[M251936]덱스클로르페니라민말레이트","[01140]해열.진통.소염제","","4,000밀리그램",20180831,"아세트아미노펜으로서 4,000mg/day(모든제형, 단일제.복합제 포함)","","정상"
3729,"용량주의","복합",D000147,Acetaminophen,"아세트아미노펜","[D000493]Guaifenesin(구아이페네신)/[D000200]Dextromethorphan(덱스트로메토르판)/[D001116]Methylephedrine(메틸에페드린)/[D001106]Ascorbic acid(아스코르브산)","[M040353]아세트아미노펜/[M082309]아세트아미노펜제피세립/[M233006]아세트아미노펜 DC 500/600/[M246556]아세트아미노펜 (미분화)/[M262287]아세트아미노펜 과립/[M050058]구아이페네신/[M040084]브롬화수소산덱스트로메토르판/[M202983]덱스트로메토르판브롬화수소산염/[M222957]덱스트로메토르판브롬화수소산염수화물/[A006116]메틸에페드린/[I006391]dl-메틸에페드린염산염/[M204422]dl-메틸에페드린염산염/[M223022]dl-메틸에페드린염산염 산 10%/[M235519]디엘메틸에페드린염산염/[M240608]dI-메틸에페드린염산염/[M240859]디엘-메틸에페드린염산염/[M252389]㎗-메틸에페드린염산염/[M264046]DL-메틸에페드린염산염/[C040354]아스코르빈산/[C050961]아스코르빈산철/[C080210]아스코르빈산나트륨/[C081017]아스코르빈산90%과립/[C081495]아스코르빈산펠렛/[C081615]아스코르빈산 제피과립/[C081679]아스코르빈산60%/[C081772]제피아스코르빈산TYPE-SC/[C081998]아스코르빈팔미틴산/[C082617]아스코르빈산제피산/[C082841]아스코르빈산98%과립/[C082845]제피형아스코르빈산96%/[C082850]직탁용아스코르빈산/[C082857]제피아스코르빈산/[C083022]아스코르빈산96%과립/[C083040]아스코르빈산97%과립/[C083727]아스코르빈산제피산98%DC/[C083984]아스코르빈산칼슘/[C084311]엘-아스코르빈산나트륨/[C084327]아스코르빈산과립/[C084388]아스코르빈산나트륨99%/[C084419]아스코르빈산98%/[C084433]아스코르빈산97ㆍ5%과립/[C084448]아스코르빈산97%/[C084495]아스코르빈산칼슘97%과립/[C084658]아스코르빈산96%/[C084927]제피형아스코르빈산96%Type SC/[C085686]직탁용아스코르빈산98%/[C085785]아스코르빈산스테아레이트/[C086801]제피아스코르빈산97ㆍ5%/[C087036]코팅된아스코르빈산/[C088252]아스코르빈산제제/[C089177]아스코르빈산96%SC/[C090019]90%아스코르빈산/[C091430]아스코르빈산유캡/[C094260]95%아스코르빈산/[C094676]3-O-에칠아스코르빈산/[C095118]제피아스코르빈산96%/[C095392]아스코르빌팔미테이트/[C095412]제피아스코르빈사96% Type SC/[C095426]제피아스코르빈산96%가루/[C095604]아스코르빈산90%/[C099084]아스코르빈산팔미테이트/[C099734]아스코르브산90%과립/[C099910]직타용아스코르빈산/[C100271]팔미틴산아스코르빈산/[C100420]엘-아스코르빈산/[C101135]90%아스코르빈산과립/[C102189]아스코르빅애씨드/[C312780]소듐아스코르베이트/[C312824]아스코르빌 테트라이소팔미테이트/[C317903]글루코사민아스코르베이트/[C318482]칼슘 아스코르베이트/[C320842]아스코르빅애씨드/[C400592]아스코르빌니코티네이트/[I000229]아스코르빈산칼슘/[I001468]아스코르빈산제일철/[I001971]마그네슘아스코르베이트/[I003752]아스코르빈산나트륨/[I004351]아스코르브산/[M040354]아스코르빈산/[M050961]아스코르빈산철/[M080210]아스코르빈산나트륨/[M081017]아스코르빈산90%과립/[M081495]아스코르빈산펠렛/[M081615]아스코르빈산제피과립/[M081679]아스코르빈산60%/[M081772]제피아스코르빈산TYPE-SC/[M081998]아스코르빈팔미틴산/[M082617]아스코르빈산제피산/[M082841]아스코르빈산98%과립/[M082845]제피아스코르빈산96%/[M082850]직타용아스코르빈산/[M082857]제피아스코르빈산/[M083022]아스코르빈산96%과립/[M083040]아스코르빈산97%과립/[M083727]아스코르빈산제피산98%DC/[M083960]제피아스코르빈산TYPE-SC/[M083984]아스코르빈산칼슘/[M084311]엘아스코르빈산나트륨/[M084327]아스코르빈산과립/[M084388]아스코르빈산나트륨99%/[M084419]아스코르빈산98%/[M084433]아스코르빈산97ㆍ5%과립/[M084448]아스코르빈산97%/[M084495]아스코르빈산칼슘97%과립/[M084658]아스코르빈산96%/[M084927]제피아스코르빈산96%Type SC/[M085686]직타용아스코르빈산98%/[M087036]제피아스코르빈산/[M088252]아스코르빈산/[M089177]아스코르빈산96%SC/[M090019]아스코르빈산90%/[M091430]아스코르빈산유캡/[M094260]아스코르빈산95%/[M095392]아스코르빌팔미테이트/[M095426]제피아스코르빈산96%가루/[M095604]아스코르빈산90%/[M099084]아스코르빈산팔미테이트/[M100271]팔미틴산아스코르빈산/[M100420]엘-아스코르빈산/[M103048]제피형아스코르빈산96%TypeSC/[M103617]팔미틴산아스코르빌/[M104937]아스코르빈산97%분말/[M105763]아스코르빈산제제/[M107308]제피아스코르빈산97.0%가루/[M107594]소듐엘아스코르베이트/[M201112]아스코르빈산제일철/[M201618]제피아스코르빈사96%TypeSC/[M201620]제피아스코르빈산가루/[M201622]제피아스코르빈산TYPEB/[M203450]아스코르브산/[M203451]아스코르브산소듐/[M203452]아스코르빈산소듐/[M207370]팔미틴산아스코르브산/[M207385]아스코르빈산 97(아스코르빈산으로서 600mg)/[M207533]아스코르빈산 97(아스코르빈산으로서 600㎎)/[M209224]직타용아스코르빈산97%/[M210040]제피아스코르빈산97%과립/[M210875]소듐L-아스코르베이트/[M211316]아스코르빈산 산/[M211364]제피형아스코르빈산96%/[M211402]직타용아스코르빈산 90%/[M212742]아스코르빈산과립 97%(아스코르빈산으로서 83.3밀리그램)/[M214926]제피아스코르빈산 Type SC/[M215692]아스코르빈산(비타민C)/[M216038]아스코르빈산과립97%(아스코르빈산으로서 75밀리그램)/[M216398]아스코르빈산과립97%(아스코르빈산으로서 83.34밀리그램)/[M220142]직타용아스코르빈산(97%)/[M220180]아스코르빈산 97/[M223105]아스코르브산 산/[M223106]아스코르브산 정/[M223107]아스코르브산 주사액/[M224238]아스코르브산97/[M225398]아스코르빈산 Type FC/[M226183]아스코르빈산과립97%/[M227509]아스코르브산97%과립/[M229451]아스코르빈산 90%과립/[M229497]제피아스코르빈산 96% Type SC/[M234001]아스코르브산과립97%/[M236177]아스코르브산 90%과립/[M236913]제피아스코르브산/[M236926]직타용아스코르브산/[M239246]L-아스코르빈산/[M239251]L-아스코르빈산나트륨/[M239556]제피아스코르브산96% Type SC/[M241223]아스코르브산90%과립/[M242242]제피아스코르빈산*/[M243471]엘-아스코르빈산나트륨/[M243491]아스코르브산 97/[M244591]엘-아스코르빈산나트륨/[M244678]아스코르브산 97/[M245849]제피아스코르브산에스씨/[M245878]아스코르브산팔미테이트/[M246161]직타용아스코르브산97%/[M246638]아스코르브산97%/[M246709]아스코르브산나트륨/[M246900]90%아스코르브산/[M248326]아스코르빌나트륨포스페이트/[M249820]아스코르브산96%과립/[M250406]아스코르브산과립/[M250800]제피아스코르브산 TYPE-SC/[M251500]제피아스코르브산96%가루/[M252473]아스코르브산칼슘/[M252874]아스코르브산나트륨/[M252882]L-아스코르브산/[M253028]아스코르브산칼슘수화물/[M254082]제피아스코르브산 Type SC/[M254227]제피형아스코르브산96%TypeSC/[M254749]아스코르브산95%과립/[M254848]90%아스코르브산과립/[M256156]아스코르브산과립96%/[M257558]제피아스코르브산96%/[M257734]아스코르브산 과립90%/[M258008]아스코르브산칼슘이수화물/[M258592]작타용아스코르브산 97 %/[M258994]아스코르브산/[M259386]L-아스코르브산나트륨/[M259573]L-아스코르브산/[M261728]아스코르브산97%(직타용)/[M263901]제피아스코르브산97%가루/[M264037]90%아스코르빈산/[M265896]제피아스코르브산97.5%가루","[01140]해열.진통.소염제","","4,000밀리그램",20180831,"아세트아미노펜으로서 4,000mg/day(모든제형, 단일제.복합제 포함)","","정상"
3752,"용량주의","복합",D000147,Acetaminophen,"아세트아미노펜","[D000200]Dextromethorphan(덱스트로메토르판)/[D001116]Methylephedrine(메틸에페드린)/[D001106]Ascorbic acid(아스코르브산)/[D000893]Chlorpheniramine(클로르페니라민)","[M040353]아세트아미노펜/[M082309]아세트아미노펜제피세립/[M233006]아세트아미노펜 DC 500/600/[M246556]아세트아미노펜 (미분화)/[M262287]아세트아미노펜 과립/[M040084]브롬화수소산덱스트로메토르판/[M202983]덱스트로메토르판브롬화수소산염/[M222957]덱스트로메토르판브롬화수소산염수화물/[A006116]메틸에페드린/[I006391]dl-메틸에페드린염산염/[M204422]dl-메틸에페드린염산염/[M223022]dl-메틸에페드린염산염 산 10%/[M235519]디엘메틸에페드린염산염/[M240608]dI-메틸에페드린염산염/[M240859]디엘-메틸에페드린염산염/[M252389]㎗-메틸에페드린염산염/[M264046]DL-메틸에페드린염산염/[C040354]아스코르빈산/[C050961]아스코르빈산철/[C080210]아스코르빈산나트륨/[C081017]아스코르빈산90%과립/[C081495]아스코르빈산펠렛/[C081615]아스코르빈산 제피과립/[C081679]아스코르빈산60%/[C081772]제피아스코르빈산TYPE-SC/[C081998]아스코르빈팔미틴산/[C082617]아스코르빈산제피산/[C082841]아스코르빈산98%과립/[C082845]제피형아스코르빈산96%/[C082850]직탁용아스코르빈산/[C082857]제피아스코르빈산/[C083022]아스코르빈산96%과립/[C083040]아스코르빈산97%과립/[C083727]아스코르빈산제피산98%DC/[C083984]아스코르빈산칼슘/[C084311]엘-아스코르빈산나트륨/[C084327]아스코르빈산과립/[C084388]아스코르빈산나트륨99%/[C084419]아스코르빈산98%/[C084433]아스코르빈산97ㆍ5%과립/[C084448]아스코르빈산97%/[C084495]아스코르빈산칼슘97%과립/[C084658]아스코르빈산96%/[C084927]제피형아스코르빈산96%Type SC/[C085686]직탁용아스코르빈산98%/[C085785]아스코르빈산스테아레이트/[C086801]제피아스코르빈산97ㆍ5%/[C087036]코팅된아스코르빈산/[C088252]아스코르빈산제제/[C089177]아스코르빈산96%SC/[C090019]90%아스코르빈산/[C091430]아스코르빈산유캡/[C094260]95%아스코르빈산/[C094676]3-O-에칠아스코르빈산/[C095118]제피아스코르빈산96%/[C095392]아스코르빌팔미테이트/[C095412]제피아스코르빈사96% Type SC/[C095426]제피아스코르빈산96%가루/[C095604]아스코르빈산90%/[C099084]아스코르빈산팔미테이트/[C099734]아스코르브산90%과립/[C099910]직타용아스코르빈산/[C100271]팔미틴산아스코르빈산/[C100420]엘-아스코르빈산/[C101135]90%아스코르빈산과립/[C102189]아스코르빅애씨드/[C312780]소듐아스코르베이트/[C312824]아스코르빌 테트라이소팔미테이트/[C317903]글루코사민아스코르베이트/[C318482]칼슘 아스코르베이트/[C320842]아스코르빅애씨드/[C400592]아스코르빌니코티네이트/[I000229]아스코르빈산칼슘/[I001468]아스코르빈산제일철/[I001971]마그네슘아스코르베이트/[I003752]아스코르빈산나트륨/[I004351]아스코르브산/[M040354]아스코르빈산/[M050961]아스코르빈산철/[M080210]아스코르빈산나트륨/[M081017]아스코르빈산90%과립/[M081495]아스코르빈산펠렛/[M081615]아스코르빈산제피과립/[M081679]아스코르빈산60%/[M081772]제피아스코르빈산TYPE-SC/[M081998]아스코르빈팔미틴산/[M082617]아스코르빈산제피산/[M082841]아스코르빈산98%과립/[M082845]제피아스코르빈산96%/[M082850]직타용아스코르빈산/[M082857]제피아스코르빈산/[M083022]아스코르빈산96%과립/[M083040]아스코르빈산97%과립/[M083727]아스코르빈산제피산98%DC/[M083960]제피아스코르빈산TYPE-SC/[M083984]아스코르빈산칼슘/[M084311]엘아스코르빈산나트륨/[M084327]아스코르빈산과립/[M084388]아스코르빈산나트륨99%/[M084419]아스코르빈산98%/[M084433]아스코르빈산97ㆍ5%과립/[M084448]아스코르빈산97%/[M084495]아스코르빈산칼슘97%과립/[M084658]아스코르빈산96%/[M084927]제피아스코르빈산96%Type SC/[M085686]직타용아스코르빈산98%/[M087036]제피아스코르빈산/[M088252]아스코르빈산/[M089177]아스코르빈산96%SC/[M090019]아스코르빈산90%/[M091430]아스코르빈산유캡/[M094260]아스코르빈산95%/[M095392]아스코르빌팔미테이트/[M095426]제피아스코르빈산96%가루/[M095604]아스코르빈산90%/[M099084]아스코르빈산팔미테이트/[M100271]팔미틴산아스코르빈산/[M100420]엘-아스코르빈산/[M103048]제피형아스코르빈산96%TypeSC/[M103617]팔미틴산아스코르빌/[M104937]아스코르빈산97%분말/[M105763]아스코르빈산제제/[M107308]제피아스코르빈산97.0%가루/[M107594]소듐엘아스코르베이트/[M201112]아스코르빈산제일철/[M201618]제피아스코르빈사96%TypeSC/[M201620]제피아스코르빈산가루/[M201622]제피아스코르빈산TYPEB/[M203450]아스코르브산/[M203451]아스코르브산소듐/[M203452]아스코르빈산소듐/[M207370]팔미틴산아스코르브산/[M207385]아스코르빈산 97(아스코르빈산으로서 600mg)/[M207533]아스코르빈산 97(아스코르빈산으로서 600㎎)/[M209224]직타용아스코르빈산97%/[M210040]제피아스코르빈산97%과립/[M210875]소듐L-아스코르베이트/[M211316]아스코르빈산 산/[M211364]제피형아스코르빈산96%/[M211402]직타용아스코르빈산 90%/[M212742]아스코르빈산과립 97%(아스코르빈산으로서 83.3밀리그램)/[M214926]제피아스코르빈산 Type SC/[M215692]아스코르빈산(비타민C)/[M216038]아스코르빈산과립97%(아스코르빈산으로서 75밀리그램)/[M216398]아스코르빈산과립97%(아스코르빈산으로서 83.34밀리그램)/[M220142]직타용아스코르빈산(97%)/[M220180]아스코르빈산 97/[M223105]아스코르브산 산/[M223106]아스코르브산 정/[M223107]아스코르브산 주사액/[M224238]아스코르브산97/[M225398]아스코르빈산 Type FC/[M226183]아스코르빈산과립97%/[M227509]아스코르브산97%과립/[M229451]아스코르빈산 90%과립/[M229497]제피아스코르빈산 96% Type SC/[M234001]아스코르브산과립97%/[M236177]아스코르브산 90%과립/[M236913]제피아스코르브산/[M236926]직타용아스코르브산/[M239246]L-아스코르빈산/[M239251]L-아스코르빈산나트륨/[M239556]제피아스코르브산96% Type SC/[M241223]아스코르브산90%과립/[M242242]제피아스코르빈산*/[M243471]엘-아스코르빈산나트륨/[M243491]아스코르브산 97/[M244591]엘-아스코르빈산나트륨/[M244678]아스코르브산 97/[M245849]제피아스코르브산에스씨/[M245878]아스코르브산팔미테이트/[M246161]직타용아스코르브산97%/[M246638]아스코르브산97%/[M246709]아스코르브산나트륨/[M246900]90%아스코르브산/[M248326]아스코르빌나트륨포스페이트/[M249820]아스코르브산96%과립/[M250406]아스코르브산과립/[M250800]제피아스코르브산 TYPE-SC/[M251500]제피아스코르브산96%가루/[M252473]아스코르브산칼슘/[M252874]아스코르브산나트륨/[M252882]L-아스코르브산/[M253028]아스코르브산칼슘수화물/[M254082]제피아스코르브산 Type SC/[M254227]제피형아스코르브산96%TypeSC/[M254749]아스코르브산95%과립/[M254848]90%아스코르브산과립/[M256156]아스코르브산과립96%/[M257558]제피아스코르브산96%/[M257734]아스코르브산 과립90%/[M258008]아스코르브산칼슘이수화물/[M258592]작타용아스코르브산 97 %/[M258994]아스코르브산/[M259386]L-아스코르브산나트륨/[M259573]L-아스코르브산/[M261728]아스코르브산97%(직타용)/[M263901]제피아스코르브산97%가루/[M264037]90%아스코르빈산/[M265896]제피아스코르브산97.5%가루/[M040616]말레인산클로르페니라민/[M050213]말레인산덱스클로르페니라민/[M051529]클로르페니라민/[M082701]디엘말레인산클로르페니라민/[M083325]디말레인산클로르페니라민/[M099959]말레인산클로로페니라민/[M100018]말레산클로르페니라민/[M100476]디말레인산클로르페니라민/[M101581]디엘말레인산클로르페니라민/[M200471]말레인산클로르페니라민제피과립/[M202197]D-말레인산클로르페니라민/[M202204]DL-말레인산클로르페니라민/[M203913]클로르페니라민말레인산염/[M212847]클로르페니라민말레이트/[M223211]클로르페니라민말레산염/[M223212]d-클로르페니라민말레산염/[M223213]클로르페니라민말레산염 산/[M223214]클로르페니라민말레산염 정/[M223215]클로르페니라민말레산염 주사액/[M226783]dl-클로르페니라민말레산염/[M249715]덱스클로르페니라민 말레산염/[M251936]덱스클로르페니라민말레이트","[01140]해열.진통.소염제","","4,000밀리그램",20180831,"아세트아미노펜으로서 4,000mg/day(모든제형, 단일제.복합제 포함)","","정상"
3763,"용량주의","복합",D000147,Acetaminophen,"아세트아미노펜","[D000448]Pseudoephedrine(슈도에페드린)/[D001106]Ascorbic acid(아스코르브산)/[D000852]Caffeine(카페인)/[D000893]Chlorpheniramine(클로르페니라민)","[M040353]아세트아미노펜/[M082309]아세트아미노펜제피세립/[M233006]아세트아미노펜 DC 500/600/[M246556]아세트아미노펜 (미분화)/[M262287]아세트아미노펜 과립/[M050833]염산슈도에페드린/[M081720]황산슈도에페드린/[M203364]슈도에페드린염산염/[M222865]수도에페드린염산염/[M248579]수도에페드린황산염/[M256034]수도에페드린염산염 과립/[M258826]수도에페드린/[C040354]아스코르빈산/[C050961]아스코르빈산철/[C080210]아스코르빈산나트륨/[C081017]아스코르빈산90%과립/[C081495]아스코르빈산펠렛/[C081615]아스코르빈산 제피과립/[C081679]아스코르빈산60%/[C081772]제피아스코르빈산TYPE-SC/[C081998]아스코르빈팔미틴산/[C082617]아스코르빈산제피산/[C082841]아스코르빈산98%과립/[C082845]제피형아스코르빈산96%/[C082850]직탁용아스코르빈산/[C082857]제피아스코르빈산/[C083022]아스코르빈산96%과립/[C083040]아스코르빈산97%과립/[C083727]아스코르빈산제피산98%DC/[C083984]아스코르빈산칼슘/[C084311]엘-아스코르빈산나트륨/[C084327]아스코르빈산과립/[C084388]아스코르빈산나트륨99%/[C084419]아스코르빈산98%/[C084433]아스코르빈산97ㆍ5%과립/[C084448]아스코르빈산97%/[C084495]아스코르빈산칼슘97%과립/[C084658]아스코르빈산96%/[C084927]제피형아스코르빈산96%Type SC/[C085686]직탁용아스코르빈산98%/[C085785]아스코르빈산스테아레이트/[C086801]제피아스코르빈산97ㆍ5%/[C087036]코팅된아스코르빈산/[C088252]아스코르빈산제제/[C089177]아스코르빈산96%SC/[C090019]90%아스코르빈산/[C091430]아스코르빈산유캡/[C094260]95%아스코르빈산/[C094676]3-O-에칠아스코르빈산/[C095118]제피아스코르빈산96%/[C095392]아스코르빌팔미테이트/[C095412]제피아스코르빈사96% Type SC/[C095426]제피아스코르빈산96%가루/[C095604]아스코르빈산90%/[C099084]아스코르빈산팔미테이트/[C099734]아스코르브산90%과립/[C099910]직타용아스코르빈산/[C100271]팔미틴산아스코르빈산/[C100420]엘-아스코르빈산/[C101135]90%아스코르빈산과립/[C102189]아스코르빅애씨드/[C312780]소듐아스코르베이트/[C312824]아스코르빌 테트라이소팔미테이트/[C317903]글루코사민아스코르베이트/[C318482]칼슘 아스코르베이트/[C320842]아스코르빅애씨드/[C400592]아스코르빌니코티네이트/[I000229]아스코르빈산칼슘/[I001468]아스코르빈산제일철/[I001971]마그네슘아스코르베이트/[I003752]아스코르빈산나트륨/[I004351]아스코르브산/[M040354]아스코르빈산/[M050961]아스코르빈산철/[M080210]아스코르빈산나트륨/[M081017]아스코르빈산90%과립/[M081495]아스코르빈산펠렛/[M081615]아스코르빈산제피과립/[M081679]아스코르빈산60%/[M081772]제피아스코르빈산TYPE-SC/[M081998]아스코르빈팔미틴산/[M082617]아스코르빈산제피산/[M082841]아스코르빈산98%과립/[M082845]제피아스코르빈산96%/[M082850]직타용아스코르빈산/[M082857]제피아스코르빈산/[M083022]아스코르빈산96%과립/[M083040]아스코르빈산97%과립/[M083727]아스코르빈산제피산98%DC/[M083960]제피아스코르빈산TYPE-SC/[M083984]아스코르빈산칼슘/[M084311]엘아스코르빈산나트륨/[M084327]아스코르빈산과립/[M084388]아스코르빈산나트륨99%/[M084419]아스코르빈산98%/[M084433]아스코르빈산97ㆍ5%과립/[M084448]아스코르빈산97%/[M084495]아스코르빈산칼슘97%과립/[M084658]아스코르빈산96%/[M084927]제피아스코르빈산96%Type SC/[M085686]직타용아스코르빈산98%/[M087036]제피아스코르빈산/[M088252]아스코르빈산/[M089177]아스코르빈산96%SC/[M090019]아스코르빈산90%/[M091430]아스코르빈산유캡/[M094260]아스코르빈산95%/[M095392]아스코르빌팔미테이트/[M095426]제피아스코르빈산96%가루/[M095604]아스코르빈산90%/[M099084]아스코르빈산팔미테이트/[M100271]팔미틴산아스코르빈산/[M100420]엘-아스코르빈산/[M103048]제피형아스코르빈산96%TypeSC/[M103617]팔미틴산아스코르빌/[M104937]아스코르빈산97%분말/[M105763]아스코르빈산제제/[M107308]제피아스코르빈산97.0%가루/[M107594]소듐엘아스코르베이트/[M201112]아스코르빈산제일철/[M201618]제피아스코르빈사96%TypeSC/[M201620]제피아스코르빈산가루/[M201622]제피아스코르빈산TYPEB/[M203450]아스코르브산/[M203451]아스코르브산소듐/[M203452]아스코르빈산소듐/[M207370]팔미틴산아스코르브산/[M207385]아스코르빈산 97(아스코르빈산으로서 600mg)/[M207533]아스코르빈산 97(아스코르빈산으로서 600㎎)/[M209224]직타용아스코르빈산97%/[M210040]제피아스코르빈산97%과립/[M210875]소듐L-아스코르베이트/[M211316]아스코르빈산 산/[M211364]제피형아스코르빈산96%/[M211402]직타용아스코르빈산 90%/[M212742]아스코르빈산과립 97%(아스코르빈산으로서 83.3밀리그램)/[M214926]제피아스코르빈산 Type SC/[M215692]아스코르빈산(비타민C)/[M216038]아스코르빈산과립97%(아스코르빈산으로서 75밀리그램)/[M216398]아스코르빈산과립97%(아스코르빈산으로서 83.34밀리그램)/[M220142]직타용아스코르빈산(97%)/[M220180]아스코르빈산 97/[M223105]아스코르브산 산/[M223106]아스코르브산 정/[M223107]아스코르브산 주사액/[M224238]아스코르브산97/[M225398]아스코르빈산 Type FC/[M226183]아스코르빈산과립97%/[M227509]아스코르브산97%과립/[M229451]아스코르빈산 90%과립/[M229497]제피아스코르빈산 96% Type SC/[M234001]아스코르브산과립97%/[M236177]아스코르브산 90%과립/[M236913]제피아스코르브산/[M236926]직타용아스코르브산/[M239246]L-아스코르빈산/[M239251]L-아스코르빈산나트륨/[M239556]제피아스코르브산96% Type SC/[M241223]아스코르브산90%과립/[M242242]제피아스코르빈산*/[M243471]엘-아스코르빈산나트륨/[M243491]아스코르브산 97/[M244591]엘-아스코르빈산나트륨/[M244678]아스코르브산 97/[M245849]제피아스코르브산에스씨/[M245878]아스코르브산팔미테이트/[M246161]직타용아스코르브산97%/[M246638]아스코르브산97%/[M246709]아스코르브산나트륨/[M246900]90%아스코르브산/[M248326]아스코르빌나트륨포스페이트/[M249820]아스코르브산96%과립/[M250406]아스코르브산과립/[M250800]제피아스코르브산 TYPE-SC/[M251500]제피아스코르브산96%가루/[M252473]아스코르브산칼슘/[M252874]아스코르브산나트륨/[M252882]L-아스코르브산/[M253028]아스코르브산칼슘수화물/[M254082]제피아스코르브산 Type SC/[M254227]제피형아스코르브산96%TypeSC/[M254749]아스코르브산95%과립/[M254848]90%아스코르브산과립/[M256156]아스코르브산과립96%/[M257558]제피아스코르브산96%/[M257734]아스코르브산 과립90%/[M258008]아스코르브산칼슘이수화물/[M258592]작타용아스코르브산 97 %/[M258994]아스코르브산/[M259386]L-아스코르브산나트륨/[M259573]L-아스코르브산/[M261728]아스코르브산97%(직타용)/[M263901]제피아스코르브산97%가루/[M264037]90%아스코르빈산/[M265896]제피아스코르브산97.5%가루/[M040579]카페인(함수)/[M040580]무수카페인/[M090611]카페인/[M223183]카페인무수물/[M223184]카페인수화물/[M241017]무수물카페인/[M040616]말레인산클로르페니라민/[M050213]말레인산덱스클로르페니라민/[M051529]클로르페니라민/[M082701]디엘말레인산클로르페니라민/[M083325]디말레인산클로르페니라민/[M099959]말레인산클로로페니라민/[M100018]말레산클로르페니라민/[M100476]디말레인산클로르페니라민/[M101581]디엘말레인산클로르페니라민/[M200471]말레인산클로르페니라민제피과립/[M202197]D-말레인산클로르페니라민/[M202204]DL-말레인산클로르페니라민/[M203913]클로르페니라민말레인산염/[M212847]클로르페니라민말레이트/[M223211]클로르페니라민말레산염/[M223212]d-클로르페니라민말레산염/[M223213]클로르페니라민말레산염 산/[M223214]클로르페니라민말레산염 정/[M223215]클로르페니라민말레산염 주사액/[M226783]dl-클로르페니라민말레산염/[M249715]덱스클로르페니라민 말레산염/[M251936]덱스클로르페니라민말레이트","[01140]해열.진통.소염제","","4,000밀리그램",20180831,"아세트아미노펜으로서 4,000mg/day(모든제형, 단일제.복합제 포함)","","정상"
3659,"용량주의","복합",D000147,Acetaminophen,"아세트아미노펜","[D000448]Pseudoephedrine(슈도에페드린)/[D000826]Triprolidine(트리프롤리딘)","[M040353]아세트아미노펜/[M082309]아세트아미노펜제피세립/[M233006]아세트아미노펜 DC 500/600/[M246556]아세트아미노펜 (미분화)/[M262287]아세트아미노펜 과립/[M050833]염산슈도에페드린/[M081720]황산슈도에페드린/[M203364]슈도에페드린염산염/[M222865]수도에페드린염산염/[M248579]수도에페드린황산염/[M256034]수도에페드린염산염 과립/[M258826]수도에페드린/[M051642]염산트리프롤리딘/[M241782]트리프롤리딘염산염/[M243192]트리프롤리딘염산염/[M243987]트리프롤리딘염산염/[M244139]트리프롤리딘염산염/[M246366]트리프로리딘염산염/[M250460]트리프롤리딘염산염수화물","[01140]해열.진통.소염제","","4,000밀리그램",20180831,"아세트아미노펜으로서 4,000mg/day(모든제형, 단일제.복합제 포함)","","정상"
3661,"용량주의","복합",D000147,Acetaminophen,"아세트아미노펜","[D000452]Aspirin(아스피린)/[D000852]Caffeine(카페인)","[M040353]아세트아미노펜/[M082309]아세트아미노펜제피세립/[M233006]아세트아미노펜 DC 500/600/[M246556]아세트아미노펜 (미분화)/[M262287]아세트아미노펜 과립/[M040355]아스피린/[M040356]아스피린알루미늄/[M071842]아스피린리신/[M081776]아스피린장용과립/[M082548]아스피린제피세립(아세틸살리실산제피세립)/[M084664]아스피린장용피입자/[M089224]주사용아스피린리신90%/[M246086]아스피린제피세립/[M253914]아스피린장용펠렛/[M264065]아스피린과립/[M040579]카페인(함수)/[M040580]무수카페인/[M090611]카페인/[M223183]카페인무수물/[M223184]카페인수화물/[M241017]무수물카페인","[01140]해열.진통.소염제","","4,000밀리그램",20180831,"아세트아미노펜으로서 4,000mg/day(모든제형, 단일제.복합제 포함)","","정상"
3664,"용량주의","복합",D000147,Acetaminophen,"아세트아미노펜","[D000155]Ephedrine(에페드린)/[D000893]Chlorpheniramine(클로르페니라민)","[M040353]아세트아미노펜/[M082309]아세트아미노펜제피세립/[M233006]아세트아미노펜 DC 500/600/[M246556]아세트아미노펜 (미분화)/[M262287]아세트아미노펜 과립/[M040420]염산에페드린/[M223155]에페드린염산염/[M040616]말레인산클로르페니라민/[M050213]말레인산덱스클로르페니라민/[M051529]클로르페니라민/[M082701]디엘말레인산클로르페니라민/[M083325]디말레인산클로르페니라민/[M099959]말레인산클로로페니라민/[M100018]말레산클로르페니라민/[M100476]디말레인산클로르페니라민/[M101581]디엘말레인산클로르페니라민/[M200471]말레인산클로르페니라민제피과립/[M202197]D-말레인산클로르페니라민/[M202204]DL-말레인산클로르페니라민/[M203913]클로르페니라민말레인산염/[M212847]클로르페니라민말레이트/[M223211]클로르페니라민말레산염/[M223212]d-클로르페니라민말레산염/[M223213]클로르페니라민말레산염 산/[M223214]클로르페니라민말레산염 정/[M223215]클로르페니라민말레산염 주사액/[M226783]dl-클로르페니라민말레산염/[M249715]덱스클로르페니라민 말레산염/[M251936]덱스클로르페니라민말레이트","[01140]해열.진통.소염제","","4,000밀리그램",20180831,"아세트아미노펜으로서 4,000mg/day(모든제형, 단일제.복합제 포함)","","정상"
3667,"용량주의","복합",D000147,Acetaminophen,"아세트아미노펜","[D000852]Caffeine(카페인)/[D000893]Chlorpheniramine(클로르페니라민)","[M040353]아세트아미노펜/[M082309]아세트아미노펜제피세립/[M233006]아세트아미노펜 DC 500/600/[M246556]아세트아미노펜 (미분화)/[M262287]아세트아미노펜 과립/[M040579]카페인(함수)/[M040580]무수카페인/[M090611]카페인/[M223183]카페인무수물/[M223184]카페인수화물/[M241017]무수물카페인/[M040616]말레인산클로르페니라민/[M050213]말레인산덱스클로르페니라민/[M051529]클로르페니라민/[M082701]디엘말레인산클로르페니라민/[M083325]디말레인산클로르페니라민/[M099959]말레인산클로로페니라민/[M100018]말레산클로르페니라민/[M100476]디말레인산클로르페니라민/[M101581]디엘말레인산클로르페니라민/[M200471]말레인산클로르페니라민제피과립/[M202197]D-말레인산클로르페니라민/[M202204]DL-말레인산클로르페니라민/[M203913]클로르페니라민말레인산염/[M212847]클로르페니라민말레이트/[M223211]클로르페니라민말레산염/[M223212]d-클로르페니라민말레산염/[M223213]클로르페니라민말레산염 산/[M223214]클로르페니라민말레산염 정/[M223215]클로르페니라민말레산염 주사액/[M226783]dl-클로르페니라민말레산염/[M249715]덱스클로르페니라민 말레산염/[M251936]덱스클로르페니라민말레이트","[01140]해열.진통.소염제","","4,000밀리그램",20180831,"아세트아미노펜으로서 4,000mg/day(모든제형, 단일제.복합제 포함)","","정상"
3777,"용량주의","복합",D000147,Acetaminophen,"아세트아미노펜","[D000493]Guaifenesin(구아이페네신)/[D000200]Dextromethorphan(덱스트로메토르판)/[D000448]Pseudoephedrine(슈도에페드린)/[D001106]Ascorbic acid(아스코르브산)/[D000893]Chlorpheniramine(클로르페니라민)","[M040353]아세트아미노펜/[M082309]아세트아미노펜제피세립/[M233006]아세트아미노펜 DC 500/600/[M246556]아세트아미노펜 (미분화)/[M262287]아세트아미노펜 과립/[M050058]구아이페네신/[M040084]브롬화수소산덱스트로메토르판/[M202983]덱스트로메토르판브롬화수소산염/[M222957]덱스트로메토르판브롬화수소산염수화물/[M050833]염산슈도에페드린/[M081720]황산슈도에페드린/[M203364]슈도에페드린염산염/[M222865]수도에페드린염산염/[M248579]수도에페드린황산염/[M256034]수도에페드린염산염 과립/[M258826]수도에페드린/[C040354]아스코르빈산/[C050961]아스코르빈산철/[C080210]아스코르빈산나트륨/[C081017]아스코르빈산90%과립/[C081495]아스코르빈산펠렛/[C081615]아스코르빈산 제피과립/[C081679]아스코르빈산60%/[C081772]제피아스코르빈산TYPE-SC/[C081998]아스코르빈팔미틴산/[C082617]아스코르빈산제피산/[C082841]아스코르빈산98%과립/[C082845]제피형아스코르빈산96%/[C082850]직탁용아스코르빈산/[C082857]제피아스코르빈산/[C083022]아스코르빈산96%과립/[C083040]아스코르빈산97%과립/[C083727]아스코르빈산제피산98%DC/[C083984]아스코르빈산칼슘/[C084311]엘-아스코르빈산나트륨/[C084327]아스코르빈산과립/[C084388]아스코르빈산나트륨99%/[C084419]아스코르빈산98%/[C084433]아스코르빈산97ㆍ5%과립/[C084448]아스코르빈산97%/[C084495]아스코르빈산칼슘97%과립/[C084658]아스코르빈산96%/[C084927]제피형아스코르빈산96%Type SC/[C085686]직탁용아스코르빈산98%/[C085785]아스코르빈산스테아레이트/[C086801]제피아스코르빈산97ㆍ5%/[C087036]코팅된아스코르빈산/[C088252]아스코르빈산제제/[C089177]아스코르빈산96%SC/[C090019]90%아스코르빈산/[C091430]아스코르빈산유캡/[C094260]95%아스코르빈산/[C094676]3-O-에칠아스코르빈산/[C095118]제피아스코르빈산96%/[C095392]아스코르빌팔미테이트/[C095412]제피아스코르빈사96% Type SC/[C095426]제피아스코르빈산96%가루/[C095604]아스코르빈산90%/[C099084]아스코르빈산팔미테이트/[C099734]아스코르브산90%과립/[C099910]직타용아스코르빈산/[C100271]팔미틴산아스코르빈산/[C100420]엘-아스코르빈산/[C101135]90%아스코르빈산과립/[C102189]아스코르빅애씨드/[C312780]소듐아스코르베이트/[C312824]아스코르빌 테트라이소팔미테이트/[C317903]글루코사민아스코르베이트/[C318482]칼슘 아스코르베이트/[C320842]아스코르빅애씨드/[C400592]아스코르빌니코티네이트/[I000229]아스코르빈산칼슘/[I001468]아스코르빈산제일철/[I001971]마그네슘아스코르베이트/[I003752]아스코르빈산나트륨/[I004351]아스코르브산/[M040354]아스코르빈산/[M050961]아스코르빈산철/[M080210]아스코르빈산나트륨/[M081017]아스코르빈산90%과립/[M081495]아스코르빈산펠렛/[M081615]아스코르빈산제피과립/[M081679]아스코르빈산60%/[M081772]제피아스코르빈산TYPE-SC/[M081998]아스코르빈팔미틴산/[M082617]아스코르빈산제피산/[M082841]아스코르빈산98%과립/[M082845]제피아스코르빈산96%/[M082850]직타용아스코르빈산/[M082857]제피아스코르빈산/[M083022]아스코르빈산96%과립/[M083040]아스코르빈산97%과립/[M083727]아스코르빈산제피산98%DC/[M083960]제피아스코르빈산TYPE-SC/[M083984]아스코르빈산칼슘/[M084311]엘아스코르빈산나트륨/[M084327]아스코르빈산과립/[M084388]아스코르빈산나트륨99%/[M084419]아스코르빈산98%/[M084433]아스코르빈산97ㆍ5%과립/[M084448]아스코르빈산97%/[M084495]아스코르빈산칼슘97%과립/[M084658]아스코르빈산96%/[M084927]제피아스코르빈산96%Type SC/[M085686]직타용아스코르빈산98%/[M087036]제피아스코르빈산/[M088252]아스코르빈산/[M089177]아스코르빈산96%SC/[M090019]아스코르빈산90%/[M091430]아스코르빈산유캡/[M094260]아스코르빈산95%/[M095392]아스코르빌팔미테이트/[M095426]제피아스코르빈산96%가루/[M095604]아스코르빈산90%/[M099084]아스코르빈산팔미테이트/[M100271]팔미틴산아스코르빈산/[M100420]엘-아스코르빈산/[M103048]제피형아스코르빈산96%TypeSC/[M103617]팔미틴산아스코르빌/[M104937]아스코르빈산97%분말/[M105763]아스코르빈산제제/[M107308]제피아스코르빈산97.0%가루/[M107594]소듐엘아스코르베이트/[M201112]아스코르빈산제일철/[M201618]제피아스코르빈사96%TypeSC/[M201620]제피아스코르빈산가루/[M201622]제피아스코르빈산TYPEB/[M203450]아스코르브산/[M203451]아스코르브산소듐/[M203452]아스코르빈산소듐/[M207370]팔미틴산아스코르브산/[M207385]아스코르빈산 97(아스코르빈산으로서 600mg)/[M207533]아스코르빈산 97(아스코르빈산으로서 600㎎)/[M209224]직타용아스코르빈산97%/[M210040]제피아스코르빈산97%과립/[M210875]소듐L-아스코르베이트/[M211316]아스코르빈산 산/[M211364]제피형아스코르빈산96%/[M211402]직타용아스코르빈산 90%/[M212742]아스코르빈산과립 97%(아스코르빈산으로서 83.3밀리그램)/[M214926]제피아스코르빈산 Type SC/[M215692]아스코르빈산(비타민C)/[M216038]아스코르빈산과립97%(아스코르빈산으로서 75밀리그램)/[M216398]아스코르빈산과립97%(아스코르빈산으로서 83.34밀리그램)/[M220142]직타용아스코르빈산(97%)/[M220180]아스코르빈산 97/[M223105]아스코르브산 산/[M223106]아스코르브산 정/[M223107]아스코르브산 주사액/[M224238]아스코르브산97/[M225398]아스코르빈산 Type FC/[M226183]아스코르빈산과립97%/[M227509]아스코르브산97%과립/[M229451]아스코르빈산 90%과립/[M229497]제피아스코르빈산 96% Type SC/[M234001]아스코르브산과립97%/[M236177]아스코르브산 90%과립/[M236913]제피아스코르브산/[M236926]직타용아스코르브산/[M239246]L-아스코르빈산/[M239251]L-아스코르빈산나트륨/[M239556]제피아스코르브산96% Type SC/[M241223]아스코르브산90%과립/[M242242]제피아스코르빈산*/[M243471]엘-아스코르빈산나트륨/[M243491]아스코르브산 97/[M244591]엘-아스코르빈산나트륨/[M244678]아스코르브산 97/[M245849]제피아스코르브산에스씨/[M245878]아스코르브산팔미테이트/[M246161]직타용아스코르브산97%/[M246638]아스코르브산97%/[M246709]아스코르브산나트륨/[M246900]90%아스코르브산/[M248326]아스코르빌나트륨포스페이트/[M249820]아스코르브산96%과립/[M250406]아스코르브산과립/[M250800]제피아스코르브산 TYPE-SC/[M251500]제피아스코르브산96%가루/[M252473]아스코르브산칼슘/[M252874]아스코르브산나트륨/[M252882]L-아스코르브산/[M253028]아스코르브산칼슘수화물/[M254082]제피아스코르브산 Type SC/[M254227]제피형아스코르브산96%TypeSC/[M254749]아스코르브산95%과립/[M254848]90%아스코르브산과립/[M256156]아스코르브산과립96%/[M257558]제피아스코르브산96%/[M257734]아스코르브산 과립90%/[M258008]아스코르브산칼슘이수화물/[M258592]작타용아스코르브산 97 %/[M258994]아스코르브산/[M259386]L-아스코르브산나트륨/[M259573]L-아스코르브산/[M261728]아스코르브산97%(직타용)/[M263901]제피아스코르브산97%가루/[M264037]90%아스코르빈산/[M265896]제피아스코르브산97.5%가루/[M040616]말레인산클로르페니라민/[M050213]말레인산덱스클로르페니라민/[M051529]클로르페니라민/[M082701]디엘말레인산클로르페니라민/[M083325]디말레인산클로르페니라민/[M099959]말레인산클로로페니라민/[M100018]말레산클로르페니라민/[M100476]디말레인산클로르페니라민/[M101581]디엘말레인산클로르페니라민/[M200471]말레인산클로르페니라민제피과립/[M202197]D-말레인산클로르페니라민/[M202204]DL-말레인산클로르페니라민/[M203913]클로르페니라민말레인산염/[M212847]클로르페니라민말레이트/[M223211]클로르페니라민말레산염/[M223212]d-클로르페니라민말레산염/[M223213]클로르페니라민말레산염 산/[M223214]클로르페니라민말레산염 정/[M223215]클로르페니라민말레산염 주사액/[M226783]dl-클로르페니라민말레산염/[M249715]덱스클로르페니라민 말레산염/[M251936]덱스클로르페니라민말레이트","[01140]해열.진통.소염제","","4,000밀리그램",20180831,"아세트아미노펜으로서 4,000mg/day(모든제형, 단일제.복합제 포함)","","정상"
3779,"용량주의","복합",D000147,Acetaminophen,"아세트아미노펜","[D000493]Guaifenesin(구아이페네신)/[D001116]Methylephedrine(메틸에페드린)/[D000448]Pseudoephedrine(슈도에페드린)/[D001106]Ascorbic acid(아스코르브산)/[D000981]Cloperastine(클로페라스틴)","[M040353]아세트아미노펜/[M082309]아세트아미노펜제피세립/[M233006]아세트아미노펜 DC 500/600/[M246556]아세트아미노펜 (미분화)/[M262287]아세트아미노펜 과립/[M050058]구아이페네신/[A006116]메틸에페드린/[I006391]dl-메틸에페드린염산염/[M204422]dl-메틸에페드린염산염/[M223022]dl-메틸에페드린염산염 산 10%/[M235519]디엘메틸에페드린염산염/[M240608]dI-메틸에페드린염산염/[M240859]디엘-메틸에페드린염산염/[M252389]㎗-메틸에페드린염산염/[M264046]DL-메틸에페드린염산염/[M050833]염산슈도에페드린/[M081720]황산슈도에페드린/[M203364]슈도에페드린염산염/[M222865]수도에페드린염산염/[M248579]수도에페드린황산염/[M256034]수도에페드린염산염 과립/[M258826]수도에페드린/[C040354]아스코르빈산/[C050961]아스코르빈산철/[C080210]아스코르빈산나트륨/[C081017]아스코르빈산90%과립/[C081495]아스코르빈산펠렛/[C081615]아스코르빈산 제피과립/[C081679]아스코르빈산60%/[C081772]제피아스코르빈산TYPE-SC/[C081998]아스코르빈팔미틴산/[C082617]아스코르빈산제피산/[C082841]아스코르빈산98%과립/[C082845]제피형아스코르빈산96%/[C082850]직탁용아스코르빈산/[C082857]제피아스코르빈산/[C083022]아스코르빈산96%과립/[C083040]아스코르빈산97%과립/[C083727]아스코르빈산제피산98%DC/[C083984]아스코르빈산칼슘/[C084311]엘-아스코르빈산나트륨/[C084327]아스코르빈산과립/[C084388]아스코르빈산나트륨99%/[C084419]아스코르빈산98%/[C084433]아스코르빈산97ㆍ5%과립/[C084448]아스코르빈산97%/[C084495]아스코르빈산칼슘97%과립/[C084658]아스코르빈산96%/[C084927]제피형아스코르빈산96%Type SC/[C085686]직탁용아스코르빈산98%/[C085785]아스코르빈산스테아레이트/[C086801]제피아스코르빈산97ㆍ5%/[C087036]코팅된아스코르빈산/[C088252]아스코르빈산제제/[C089177]아스코르빈산96%SC/[C090019]90%아스코르빈산/[C091430]아스코르빈산유캡/[C094260]95%아스코르빈산/[C094676]3-O-에칠아스코르빈산/[C095118]제피아스코르빈산96%/[C095392]아스코르빌팔미테이트/[C095412]제피아스코르빈사96% Type SC/[C095426]제피아스코르빈산96%가루/[C095604]아스코르빈산90%/[C099084]아스코르빈산팔미테이트/[C099734]아스코르브산90%과립/[C099910]직타용아스코르빈산/[C100271]팔미틴산아스코르빈산/[C100420]엘-아스코르빈산/[C101135]90%아스코르빈산과립/[C102189]아스코르빅애씨드/[C312780]소듐아스코르베이트/[C312824]아스코르빌 테트라이소팔미테이트/[C317903]글루코사민아스코르베이트/[C318482]칼슘 아스코르베이트/[C320842]아스코르빅애씨드/[C400592]아스코르빌니코티네이트/[I000229]아스코르빈산칼슘/[I001468]아스코르빈산제일철/[I001971]마그네슘아스코르베이트/[I003752]아스코르빈산나트륨/[I004351]아스코르브산/[M040354]아스코르빈산/[M050961]아스코르빈산철/[M080210]아스코르빈산나트륨/[M081017]아스코르빈산90%과립/[M081495]아스코르빈산펠렛/[M081615]아스코르빈산제피과립/[M081679]아스코르빈산60%/[M081772]제피아스코르빈산TYPE-SC/[M081998]아스코르빈팔미틴산/[M082617]아스코르빈산제피산/[M082841]아스코르빈산98%과립/[M082845]제피아스코르빈산96%/[M082850]직타용아스코르빈산/[M082857]제피아스코르빈산/[M083022]아스코르빈산96%과립/[M083040]아스코르빈산97%과립/[M083727]아스코르빈산제피산98%DC/[M083960]제피아스코르빈산TYPE-SC/[M083984]아스코르빈산칼슘/[M084311]엘아스코르빈산나트륨/[M084327]아스코르빈산과립/[M084388]아스코르빈산나트륨99%/[M084419]아스코르빈산98%/[M084433]아스코르빈산97ㆍ5%과립/[M084448]아스코르빈산97%/[M084495]아스코르빈산칼슘97%과립/[M084658]아스코르빈산96%/[M084927]제피아스코르빈산96%Type SC/[M085686]직타용아스코르빈산98%/[M087036]제피아스코르빈산/[M088252]아스코르빈산/[M089177]아스코르빈산96%SC/[M090019]아스코르빈산90%/[M091430]아스코르빈산유캡/[M094260]아스코르빈산95%/[M095392]아스코르빌팔미테이트/[M095426]제피아스코르빈산96%가루/[M095604]아스코르빈산90%/[M099084]아스코르빈산팔미테이트/[M100271]팔미틴산아스코르빈산/[M100420]엘-아스코르빈산/[M103048]제피형아스코르빈산96%TypeSC/[M103617]팔미틴산아스코르빌/[M104937]아스코르빈산97%분말/[M105763]아스코르빈산제제/[M107308]제피아스코르빈산97.0%가루/[M107594]소듐엘아스코르베이트/[M201112]아스코르빈산제일철/[M201618]제피아스코르빈사96%TypeSC/[M201620]제피아스코르빈산가루/[M201622]제피아스코르빈산TYPEB/[M203450]아스코르브산/[M203451]아스코르브산소듐/[M203452]아스코르빈산소듐/[M207370]팔미틴산아스코르브산/[M207385]아스코르빈산 97(아스코르빈산으로서 600mg)/[M207533]아스코르빈산 97(아스코르빈산으로서 600㎎)/[M209224]직타용아스코르빈산97%/[M210040]제피아스코르빈산97%과립/[M210875]소듐L-아스코르베이트/[M211316]아스코르빈산 산/[M211364]제피형아스코르빈산96%/[M211402]직타용아스코르빈산 90%/[M212742]아스코르빈산과립 97%(아스코르빈산으로서 83.3밀리그램)/[M214926]제피아스코르빈산 Type SC/[M215692]아스코르빈산(비타민C)/[M216038]아스코르빈산과립97%(아스코르빈산으로서 75밀리그램)/[M216398]아스코르빈산과립97%(아스코르빈산으로서 83.34밀리그램)/[M220142]직타용아스코르빈산(97%)/[M220180]아스코르빈산 97/[M223105]아스코르브산 산/[M223106]아스코르브산 정/[M223107]아스코르브산 주사액/[M224238]아스코르브산97/[M225398]아스코르빈산 Type FC/[M226183]아스코르빈산과립97%/[M227509]아스코르브산97%과립/[M229451]아스코르빈산 90%과립/[M229497]제피아스코르빈산 96% Type SC/[M234001]아스코르브산과립97%/[M236177]아스코르브산 90%과립/[M236913]제피아스코르브산/[M236926]직타용아스코르브산/[M239246]L-아스코르빈산/[M239251]L-아스코르빈산나트륨/[M239556]제피아스코르브산96% Type SC/[M241223]아스코르브산90%과립/[M242242]제피아스코르빈산*/[M243471]엘-아스코르빈산나트륨/[M243491]아스코르브산 97/[M244591]엘-아스코르빈산나트륨/[M244678]아스코르브산 97/[M245849]제피아스코르브산에스씨/[M245878]아스코르브산팔미테이트/[M246161]직타용아스코르브산97%/[M246638]아스코르브산97%/[M246709]아스코르브산나트륨/[M246900]90%아스코르브산/[M248326]아스코르빌나트륨포스페이트/[M249820]아스코르브산96%과립/[M250406]아스코르브산과립/[M250800]제피아스코르브산 TYPE-SC/[M251500]제피아스코르브산96%가루/[M252473]아스코르브산칼슘/[M252874]아스코르브산나트륨/[M252882]L-아스코르브산/[M253028]아스코르브산칼슘수화물/[M254082]제피아스코르브산 Type SC/[M254227]제피형아스코르브산96%TypeSC/[M254749]아스코르브산95%과립/[M254848]90%아스코르브산과립/[M256156]아스코르브산과립96%/[M257558]제피아스코르브산96%/[M257734]아스코르브산 과립90%/[M258008]아스코르브산칼슘이수화물/[M258592]작타용아스코르브산 97 %/[M258994]아스코르브산/[M259386]L-아스코르브산나트륨/[M259573]L-아스코르브산/[M261728]아스코르브산97%(직타용)/[M263901]제피아스코르브산97%가루/[M264037]90%아스코르빈산/[M265896]제피아스코르브산97.5%가루/[M051546]염산클로페라스틴/[M051547]펜디조산클로페라스틴/[M222890]클로페라스틴염산염","[01140]해열.진통.소염제","","4,000밀리그램",20180831,"아세트아미노펜으로서 4,000mg/day(모든제형, 단일제.복합제 포함)","","정상"
3795,"용량주의","복합",D000147,Acetaminophen,"아세트아미노펜","[D001101]Riboflavin(리보플라빈)/[D001113]Magnesium Aluminometasilicate(메타규산알루민산마그네슘)/[D001106]Ascorbic acid(아스코르브산)/[D001115]Allylisopropylacetylurea(알릴이소프로필아세틸요소)/[D000998]Thiamine(티아민)","[M040353]아세트아미노펜/[M082309]아세트아미노펜제피세립/[M233006]아세트아미노펜 DC 500/600/[M246556]아세트아미노펜 (미분화)/[M262287]아세트아미노펜 과립/[C040133]리보플라빈/[C040512]인산리보플라빈나트륨/[C050367]테트라부티르산리보플라빈/[C050368]인산리보플라빈/[C050369]리보플라빈-5-인산나트륨/[C081186]리보플라빈33 1/3%/[C082711]리보플라빈낙산에스텔/[C082719]리보플라빈331/3%산/[C083052]리보플라빈98%DC/[C083101]낙산리보플라빈/[C083163]리보플라빈98%/[C083404]리보플라빈33 1/3%과립/[C084424]염산리보플라빈나트륨/[C085688]직탁용리보플라빈98%/[C089984]리보플라빈인산나트륨/[C090982]리보플라빈산나트륨/[C091022]리보플라빈98%과립/[C091383]리보플라빈25%과립/[C092484]부티르산리보플라빈/[C100456]리보플라빈3배산/[C100480]인산리보플라빈나트륨이수화물/[C101969]리보플라빈E101/[C202525]리보플라빈/[C401176]리보플라빈/[C407713]소듐리보플라빈포스페이트/[C409503]리보플라빈테트라부티레이트/[C422825]리보플라빈/[C422826]리보플라빈테트라부티레이트/[C422827]리보플라빈테트라아세테이트/[C425375]소듐리보플라빈포스페이트/[I003529]리보플라빈/[I003530]리보플라빈포스페이트나트륨/[I006525]리보플라빈부티레이트/[I007430]인산리보플라빈/[I007658]인산리보플라빈나트륨이수화물/[I007907]리보플라빈산나트륨/[M040133]리보플라빈/[M040512]인산리보플라빈나트륨/[M050367]테트라부티르산리보플라빈/[M050368]인산리보플라빈/[M050369]리보플라빈-5-인산나트륨/[M081186]리보플라빈33 1/3%/[M082711]리보플라빈낙산에스텔/[M082719]리보플라빈33 1/3%산/[M083052]리보플라빈98%DC/[M083101]낙산리보플라빈/[M083163]리보플라빈98%/[M083404]리보플라빈33 1/3%과립/[M085688]직탁용리보플라빈98%/[M090982]리보플라빈산나트륨/[M091022]리보플라빈98%과립/[M091383]리보플라빈25%과립/[M092484]부티르산리보플라빈/[M100456]리보플라빈3배산/[M100480]인산리보플라빈나트륨이수화물/[M101969]리보플라빈E101/[M200421]리보플라빈33ㆍ3%/[M200422]리보플라빈33ㆍ3%과립/[M200423]리보플라빈33ㆍ3%산/[M203723]인산리보플라빈소듐/[M206124]조리보플라빈/[M216041]리보플라빈3배산(리보플라빈으로서 5밀리그램)/[M216399]리보플라빈 3배산(리보플라빈으로서 0.84밀리그램)/[M217503]리보플라빈인산에스텔나트륨/[M218021]안산리보플라빈나트륨/[M222995]리보플라빈부티레이트/[M222996]리보플라빈포스페이트나트륨/[M222997]리보플라빈포스페이트나트륨 주사액/[M232651]제피리보플라빈/[M249967]리보플라빈부틸레이트/[M249982]리보플라빈나트륨포스페이트/[C050448]메타규산알루민산마그네슘/[I004147]메타규산알루민산마그네슘/[M050448]메타규산알루민산마그네슘/[M207093]메타규산알루민산마그네슘 (건조물로서)/[M257256]메타규산알루민산마그네슘건조물/[C040354]아스코르빈산/[C050961]아스코르빈산철/[C080210]아스코르빈산나트륨/[C081017]아스코르빈산90%과립/[C081495]아스코르빈산펠렛/[C081615]아스코르빈산 제피과립/[C081679]아스코르빈산60%/[C081772]제피아스코르빈산TYPE-SC/[C081998]아스코르빈팔미틴산/[C082617]아스코르빈산제피산/[C082841]아스코르빈산98%과립/[C082845]제피형아스코르빈산96%/[C082850]직탁용아스코르빈산/[C082857]제피아스코르빈산/[C083022]아스코르빈산96%과립/[C083040]아스코르빈산97%과립/[C083727]아스코르빈산제피산98%DC/[C083984]아스코르빈산칼슘/[C084311]엘-아스코르빈산나트륨/[C084327]아스코르빈산과립/[C084388]아스코르빈산나트륨99%/[C084419]아스코르빈산98%/[C084433]아스코르빈산97ㆍ5%과립/[C084448]아스코르빈산97%/[C084495]아스코르빈산칼슘97%과립/[C084658]아스코르빈산96%/[C084927]제피형아스코르빈산96%Type SC/[C085686]직탁용아스코르빈산98%/[C085785]아스코르빈산스테아레이트/[C086801]제피아스코르빈산97ㆍ5%/[C087036]코팅된아스코르빈산/[C088252]아스코르빈산제제/[C089177]아스코르빈산96%SC/[C090019]90%아스코르빈산/[C091430]아스코르빈산유캡/[C094260]95%아스코르빈산/[C094676]3-O-에칠아스코르빈산/[C095118]제피아스코르빈산96%/[C095392]아스코르빌팔미테이트/[C095412]제피아스코르빈사96% Type SC/[C095426]제피아스코르빈산96%가루/[C095604]아스코르빈산90%/[C099084]아스코르빈산팔미테이트/[C099734]아스코르브산90%과립/[C099910]직타용아스코르빈산/[C100271]팔미틴산아스코르빈산/[C100420]엘-아스코르빈산/[C101135]90%아스코르빈산과립/[C102189]아스코르빅애씨드/[C312780]소듐아스코르베이트/[C312824]아스코르빌 테트라이소팔미테이트/[C317903]글루코사민아스코르베이트/[C318482]칼슘 아스코르베이트/[C320842]아스코르빅애씨드/[C400592]아스코르빌니코티네이트/[I000229]아스코르빈산칼슘/[I001468]아스코르빈산제일철/[I001971]마그네슘아스코르베이트/[I003752]아스코르빈산나트륨/[I004351]아스코르브산/[M040354]아스코르빈산/[M050961]아스코르빈산철/[M080210]아스코르빈산나트륨/[M081017]아스코르빈산90%과립/[M081495]아스코르빈산펠렛/[M081615]아스코르빈산제피과립/[M081679]아스코르빈산60%/[M081772]제피아스코르빈산TYPE-SC/[M081998]아스코르빈팔미틴산/[M082617]아스코르빈산제피산/[M082841]아스코르빈산98%과립/[M082845]제피아스코르빈산96%/[M082850]직타용아스코르빈산/[M082857]제피아스코르빈산/[M083022]아스코르빈산96%과립/[M083040]아스코르빈산97%과립/[M083727]아스코르빈산제피산98%DC/[M083960]제피아스코르빈산TYPE-SC/[M083984]아스코르빈산칼슘/[M084311]엘아스코르빈산나트륨/[M084327]아스코르빈산과립/[M084388]아스코르빈산나트륨99%/[M084419]아스코르빈산98%/[M084433]아스코르빈산97ㆍ5%과립/[M084448]아스코르빈산97%/[M084495]아스코르빈산칼슘97%과립/[M084658]아스코르빈산96%/[M084927]제피아스코르빈산96%Type SC/[M085686]직타용아스코르빈산98%/[M087036]제피아스코르빈산/[M088252]아스코르빈산/[M089177]아스코르빈산96%SC/[M090019]아스코르빈산90%/[M091430]아스코르빈산유캡/[M094260]아스코르빈산95%/[M095392]아스코르빌팔미테이트/[M095426]제피아스코르빈산96%가루/[M095604]아스코르빈산90%/[M099084]아스코르빈산팔미테이트/[M100271]팔미틴산아스코르빈산/[M100420]엘-아스코르빈산/[M103048]제피형아스코르빈산96%TypeSC/[M103617]팔미틴산아스코르빌/[M104937]아스코르빈산97%분말/[M105763]아스코르빈산제제/[M107308]제피아스코르빈산97.0%가루/[M107594]소듐엘아스코르베이트/[M201112]아스코르빈산제일철/[M201618]제피아스코르빈사96%TypeSC/[M201620]제피아스코르빈산가루/[M201622]제피아스코르빈산TYPEB/[M203450]아스코르브산/[M203451]아스코르브산소듐/[M203452]아스코르빈산소듐/[M207370]팔미틴산아스코르브산/[M207385]아스코르빈산 97(아스코르빈산으로서 600mg)/[M207533]아스코르빈산 97(아스코르빈산으로서 600㎎)/[M209224]직타용아스코르빈산97%/[M210040]제피아스코르빈산97%과립/[M210875]소듐L-아스코르베이트/[M211316]아스코르빈산 산/[M211364]제피형아스코르빈산96%/[M211402]직타용아스코르빈산 90%/[M212742]아스코르빈산과립 97%(아스코르빈산으로서 83.3밀리그램)/[M214926]제피아스코르빈산 Type SC/[M215692]아스코르빈산(비타민C)/[M216038]아스코르빈산과립97%(아스코르빈산으로서 75밀리그램)/[M216398]아스코르빈산과립97%(아스코르빈산으로서 83.34밀리그램)/[M220142]직타용아스코르빈산(97%)/[M220180]아스코르빈산 97/[M223105]아스코르브산 산/[M223106]아스코르브산 정/[M223107]아스코르브산 주사액/[M224238]아스코르브산97/[M225398]아스코르빈산 Type FC/[M226183]아스코르빈산과립97%/[M227509]아스코르브산97%과립/[M229451]아스코르빈산 90%과립/[M229497]제피아스코르빈산 96% Type SC/[M234001]아스코르브산과립97%/[M236177]아스코르브산 90%과립/[M236913]제피아스코르브산/[M236926]직타용아스코르브산/[M239246]L-아스코르빈산/[M239251]L-아스코르빈산나트륨/[M239556]제피아스코르브산96% Type SC/[M241223]아스코르브산90%과립/[M242242]제피아스코르빈산*/[M243471]엘-아스코르빈산나트륨/[M243491]아스코르브산 97/[M244591]엘-아스코르빈산나트륨/[M244678]아스코르브산 97/[M245849]제피아스코르브산에스씨/[M245878]아스코르브산팔미테이트/[M246161]직타용아스코르브산97%/[M246638]아스코르브산97%/[M246709]아스코르브산나트륨/[M246900]90%아스코르브산/[M248326]아스코르빌나트륨포스페이트/[M249820]아스코르브산96%과립/[M250406]아스코르브산과립/[M250800]제피아스코르브산 TYPE-SC/[M251500]제피아스코르브산96%가루/[M252473]아스코르브산칼슘/[M252874]아스코르브산나트륨/[M252882]L-아스코르브산/[M253028]아스코르브산칼슘수화물/[M254082]제피아스코르브산 Type SC/[M254227]제피형아스코르브산96%TypeSC/[M254749]아스코르브산95%과립/[M254848]90%아스코르브산과립/[M256156]아스코르브산과립96%/[M257558]제피아스코르브산96%/[M257734]아스코르브산 과립90%/[M258008]아스코르브산칼슘이수화물/[M258592]작타용아스코르브산 97 %/[M258994]아스코르브산/[M259386]L-아스코르브산나트륨/[M259573]L-아스코르브산/[M261728]아스코르브산97%(직타용)/[M263901]제피아스코르브산97%가루/[M264037]90%아스코르빈산/[M265896]제피아스코르브산97.5%가루/[C092871]알릴이소프로필아세틸요소/[I007380]알릴이소프로필아세틸요소/[M050924]알릴이소프로필아세틸요소/[M092871]알릴이소프로필아세틸요소/[M223258]티아민염산염/[M223262]티아민질산염/[M243282]티아민질산염3배산","[01140]해열.진통.소염제","","4,000밀리그램",20180831,"아세트아미노펜으로서 4,000mg/day(모든제형, 단일제.복합제 포함)","","정상"
3797,"용량주의","복합",D000147,Acetaminophen,"아세트아미노펜","[D001116]Methylephedrine(메틸에페드린)/[D000448]Pseudoephedrine(슈도에페드린)/[D001106]Ascorbic acid(아스코르브산)/[D000893]Chlorpheniramine(클로르페니라민)/[D000981]Cloperastine(클로페라스틴)","[M040353]아세트아미노펜/[M082309]아세트아미노펜제피세립/[M233006]아세트아미노펜 DC 500/600/[M246556]아세트아미노펜 (미분화)/[M262287]아세트아미노펜 과립/[A006116]메틸에페드린/[I006391]dl-메틸에페드린염산염/[M204422]dl-메틸에페드린염산염/[M223022]dl-메틸에페드린염산염 산 10%/[M235519]디엘메틸에페드린염산염/[M240608]dI-메틸에페드린염산염/[M240859]디엘-메틸에페드린염산염/[M252389]㎗-메틸에페드린염산염/[M264046]DL-메틸에페드린염산염/[M050833]염산슈도에페드린/[M081720]황산슈도에페드린/[M203364]슈도에페드린염산염/[M222865]수도에페드린염산염/[M248579]수도에페드린황산염/[M256034]수도에페드린염산염 과립/[M258826]수도에페드린/[C040354]아스코르빈산/[C050961]아스코르빈산철/[C080210]아스코르빈산나트륨/[C081017]아스코르빈산90%과립/[C081495]아스코르빈산펠렛/[C081615]아스코르빈산 제피과립/[C081679]아스코르빈산60%/[C081772]제피아스코르빈산TYPE-SC/[C081998]아스코르빈팔미틴산/[C082617]아스코르빈산제피산/[C082841]아스코르빈산98%과립/[C082845]제피형아스코르빈산96%/[C082850]직탁용아스코르빈산/[C082857]제피아스코르빈산/[C083022]아스코르빈산96%과립/[C083040]아스코르빈산97%과립/[C083727]아스코르빈산제피산98%DC/[C083984]아스코르빈산칼슘/[C084311]엘-아스코르빈산나트륨/[C084327]아스코르빈산과립/[C084388]아스코르빈산나트륨99%/[C084419]아스코르빈산98%/[C084433]아스코르빈산97ㆍ5%과립/[C084448]아스코르빈산97%/[C084495]아스코르빈산칼슘97%과립/[C084658]아스코르빈산96%/[C084927]제피형아스코르빈산96%Type SC/[C085686]직탁용아스코르빈산98%/[C085785]아스코르빈산스테아레이트/[C086801]제피아스코르빈산97ㆍ5%/[C087036]코팅된아스코르빈산/[C088252]아스코르빈산제제/[C089177]아스코르빈산96%SC/[C090019]90%아스코르빈산/[C091430]아스코르빈산유캡/[C094260]95%아스코르빈산/[C094676]3-O-에칠아스코르빈산/[C095118]제피아스코르빈산96%/[C095392]아스코르빌팔미테이트/[C095412]제피아스코르빈사96% Type SC/[C095426]제피아스코르빈산96%가루/[C095604]아스코르빈산90%/[C099084]아스코르빈산팔미테이트/[C099734]아스코르브산90%과립/[C099910]직타용아스코르빈산/[C100271]팔미틴산아스코르빈산/[C100420]엘-아스코르빈산/[C101135]90%아스코르빈산과립/[C102189]아스코르빅애씨드/[C312780]소듐아스코르베이트/[C312824]아스코르빌 테트라이소팔미테이트/[C317903]글루코사민아스코르베이트/[C318482]칼슘 아스코르베이트/[C320842]아스코르빅애씨드/[C400592]아스코르빌니코티네이트/[I000229]아스코르빈산칼슘/[I001468]아스코르빈산제일철/[I001971]마그네슘아스코르베이트/[I003752]아스코르빈산나트륨/[I004351]아스코르브산/[M040354]아스코르빈산/[M050961]아스코르빈산철/[M080210]아스코르빈산나트륨/[M081017]아스코르빈산90%과립/[M081495]아스코르빈산펠렛/[M081615]아스코르빈산제피과립/[M081679]아스코르빈산60%/[M081772]제피아스코르빈산TYPE-SC/[M081998]아스코르빈팔미틴산/[M082617]아스코르빈산제피산/[M082841]아스코르빈산98%과립/[M082845]제피아스코르빈산96%/[M082850]직타용아스코르빈산/[M082857]제피아스코르빈산/[M083022]아스코르빈산96%과립/[M083040]아스코르빈산97%과립/[M083727]아스코르빈산제피산98%DC/[M083960]제피아스코르빈산TYPE-SC/[M083984]아스코르빈산칼슘/[M084311]엘아스코르빈산나트륨/[M084327]아스코르빈산과립/[M084388]아스코르빈산나트륨99%/[M084419]아스코르빈산98%/[M084433]아스코르빈산97ㆍ5%과립/[M084448]아스코르빈산97%/[M084495]아스코르빈산칼슘97%과립/[M084658]아스코르빈산96%/[M084927]제피아스코르빈산96%Type SC/[M085686]직타용아스코르빈산98%/[M087036]제피아스코르빈산/[M088252]아스코르빈산/[M089177]아스코르빈산96%SC/[M090019]아스코르빈산90%/[M091430]아스코르빈산유캡/[M094260]아스코르빈산95%/[M095392]아스코르빌팔미테이트/[M095426]제피아스코르빈산96%가루/[M095604]아스코르빈산90%/[M099084]아스코르빈산팔미테이트/[M100271]팔미틴산아스코르빈산/[M100420]엘-아스코르빈산/[M103048]제피형아스코르빈산96%TypeSC/[M103617]팔미틴산아스코르빌/[M104937]아스코르빈산97%분말/[M105763]아스코르빈산제제/[M107308]제피아스코르빈산97.0%가루/[M107594]소듐엘아스코르베이트/[M201112]아스코르빈산제일철/[M201618]제피아스코르빈사96%TypeSC/[M201620]제피아스코르빈산가루/[M201622]제피아스코르빈산TYPEB/[M203450]아스코르브산/[M203451]아스코르브산소듐/[M203452]아스코르빈산소듐/[M207370]팔미틴산아스코르브산/[M207385]아스코르빈산 97(아스코르빈산으로서 600mg)/[M207533]아스코르빈산 97(아스코르빈산으로서 600㎎)/[M209224]직타용아스코르빈산97%/[M210040]제피아스코르빈산97%과립/[M210875]소듐L-아스코르베이트/[M211316]아스코르빈산 산/[M211364]제피형아스코르빈산96%/[M211402]직타용아스코르빈산 90%/[M212742]아스코르빈산과립 97%(아스코르빈산으로서 83.3밀리그램)/[M214926]제피아스코르빈산 Type SC/[M215692]아스코르빈산(비타민C)/[M216038]아스코르빈산과립97%(아스코르빈산으로서 75밀리그램)/[M216398]아스코르빈산과립97%(아스코르빈산으로서 83.34밀리그램)/[M220142]직타용아스코르빈산(97%)/[M220180]아스코르빈산 97/[M223105]아스코르브산 산/[M223106]아스코르브산 정/[M223107]아스코르브산 주사액/[M224238]아스코르브산97/[M225398]아스코르빈산 Type FC/[M226183]아스코르빈산과립97%/[M227509]아스코르브산97%과립/[M229451]아스코르빈산 90%과립/[M229497]제피아스코르빈산 96% Type SC/[M234001]아스코르브산과립97%/[M236177]아스코르브산 90%과립/[M236913]제피아스코르브산/[M236926]직타용아스코르브산/[M239246]L-아스코르빈산/[M239251]L-아스코르빈산나트륨/[M239556]제피아스코르브산96% Type SC/[M241223]아스코르브산90%과립/[M242242]제피아스코르빈산*/[M243471]엘-아스코르빈산나트륨/[M243491]아스코르브산 97/[M244591]엘-아스코르빈산나트륨/[M244678]아스코르브산 97/[M245849]제피아스코르브산에스씨/[M245878]아스코르브산팔미테이트/[M246161]직타용아스코르브산97%/[M246638]아스코르브산97%/[M246709]아스코르브산나트륨/[M246900]90%아스코르브산/[M248326]아스코르빌나트륨포스페이트/[M249820]아스코르브산96%과립/[M250406]아스코르브산과립/[M250800]제피아스코르브산 TYPE-SC/[M251500]제피아스코르브산96%가루/[M252473]아스코르브산칼슘/[M252874]아스코르브산나트륨/[M252882]L-아스코르브산/[M253028]아스코르브산칼슘수화물/[M254082]제피아스코르브산 Type SC/[M254227]제피형아스코르브산96%TypeSC/[M254749]아스코르브산95%과립/[M254848]90%아스코르브산과립/[M256156]아스코르브산과립96%/[M257558]제피아스코르브산96%/[M257734]아스코르브산 과립90%/[M258008]아스코르브산칼슘이수화물/[M258592]작타용아스코르브산 97 %/[M258994]아스코르브산/[M259386]L-아스코르브산나트륨/[M259573]L-아스코르브산/[M261728]아스코르브산97%(직타용)/[M263901]제피아스코르브산97%가루/[M264037]90%아스코르빈산/[M265896]제피아스코르브산97.5%가루/[M040616]말레인산클로르페니라민/[M050213]말레인산덱스클로르페니라민/[M051529]클로르페니라민/[M082701]디엘말레인산클로르페니라민/[M083325]디말레인산클로르페니라민/[M099959]말레인산클로로페니라민/[M100018]말레산클로르페니라민/[M100476]디말레인산클로르페니라민/[M101581]디엘말레인산클로르페니라민/[M200471]말레인산클로르페니라민제피과립/[M202197]D-말레인산클로르페니라민/[M202204]DL-말레인산클로르페니라민/[M203913]클로르페니라민말레인산염/[M212847]클로르페니라민말레이트/[M223211]클로르페니라민말레산염/[M223212]d-클로르페니라민말레산염/[M223213]클로르페니라민말레산염 산/[M223214]클로르페니라민말레산염 정/[M223215]클로르페니라민말레산염 주사액/[M226783]dl-클로르페니라민말레산염/[M249715]덱스클로르페니라민 말레산염/[M251936]덱스클로르페니라민말레이트/[M051546]염산클로페라스틴/[M051547]펜디조산클로페라스틴/[M222890]클로페라스틴염산염","[01140]해열.진통.소염제","","4,000밀리그램",20180831,"아세트아미노펜으로서 4,000mg/day(모든제형, 단일제.복합제 포함)","","정상"
3798,"용량주의","복합",D000147,Acetaminophen,"아세트아미노펜","[D001116]Methylephedrine(메틸에페드린)/[D001106]Ascorbic acid(아스코르브산)/[D000852]Caffeine(카페인)/[D000893]Chlorpheniramine(클로르페니라민)/[D000981]Cloperastine(클로페라스틴)","[M040353]아세트아미노펜/[M082309]아세트아미노펜제피세립/[M233006]아세트아미노펜 DC 500/600/[M246556]아세트아미노펜 (미분화)/[M262287]아세트아미노펜 과립/[A006116]메틸에페드린/[I006391]dl-메틸에페드린염산염/[M204422]dl-메틸에페드린염산염/[M223022]dl-메틸에페드린염산염 산 10%/[M235519]디엘메틸에페드린염산염/[M240608]dI-메틸에페드린염산염/[M240859]디엘-메틸에페드린염산염/[M252389]㎗-메틸에페드린염산염/[M264046]DL-메틸에페드린염산염/[C040354]아스코르빈산/[C050961]아스코르빈산철/[C080210]아스코르빈산나트륨/[C081017]아스코르빈산90%과립/[C081495]아스코르빈산펠렛/[C081615]아스코르빈산 제피과립/[C081679]아스코르빈산60%/[C081772]제피아스코르빈산TYPE-SC/[C081998]아스코르빈팔미틴산/[C082617]아스코르빈산제피산/[C082841]아스코르빈산98%과립/[C082845]제피형아스코르빈산96%/[C082850]직탁용아스코르빈산/[C082857]제피아스코르빈산/[C083022]아스코르빈산96%과립/[C083040]아스코르빈산97%과립/[C083727]아스코르빈산제피산98%DC/[C083984]아스코르빈산칼슘/[C084311]엘-아스코르빈산나트륨/[C084327]아스코르빈산과립/[C084388]아스코르빈산나트륨99%/[C084419]아스코르빈산98%/[C084433]아스코르빈산97ㆍ5%과립/[C084448]아스코르빈산97%/[C084495]아스코르빈산칼슘97%과립/[C084658]아스코르빈산96%/[C084927]제피형아스코르빈산96%Type SC/[C085686]직탁용아스코르빈산98%/[C085785]아스코르빈산스테아레이트/[C086801]제피아스코르빈산97ㆍ5%/[C087036]코팅된아스코르빈산/[C088252]아스코르빈산제제/[C089177]아스코르빈산96%SC/[C090019]90%아스코르빈산/[C091430]아스코르빈산유캡/[C094260]95%아스코르빈산/[C094676]3-O-에칠아스코르빈산/[C095118]제피아스코르빈산96%/[C095392]아스코르빌팔미테이트/[C095412]제피아스코르빈사96% Type SC/[C095426]제피아스코르빈산96%가루/[C095604]아스코르빈산90%/[C099084]아스코르빈산팔미테이트/[C099734]아스코르브산90%과립/[C099910]직타용아스코르빈산/[C100271]팔미틴산아스코르빈산/[C100420]엘-아스코르빈산/[C101135]90%아스코르빈산과립/[C102189]아스코르빅애씨드/[C312780]소듐아스코르베이트/[C312824]아스코르빌 테트라이소팔미테이트/[C317903]글루코사민아스코르베이트/[C318482]칼슘 아스코르베이트/[C320842]아스코르빅애씨드/[C400592]아스코르빌니코티네이트/[I000229]아스코르빈산칼슘/[I001468]아스코르빈산제일철/[I001971]마그네슘아스코르베이트/[I003752]아스코르빈산나트륨/[I004351]아스코르브산/[M040354]아스코르빈산/[M050961]아스코르빈산철/[M080210]아스코르빈산나트륨/[M081017]아스코르빈산90%과립/[M081495]아스코르빈산펠렛/[M081615]아스코르빈산제피과립/[M081679]아스코르빈산60%/[M081772]제피아스코르빈산TYPE-SC/[M081998]아스코르빈팔미틴산/[M082617]아스코르빈산제피산/[M082841]아스코르빈산98%과립/[M082845]제피아스코르빈산96%/[M082850]직타용아스코르빈산/[M082857]제피아스코르빈산/[M083022]아스코르빈산96%과립/[M083040]아스코르빈산97%과립/[M083727]아스코르빈산제피산98%DC/[M083960]제피아스코르빈산TYPE-SC/[M083984]아스코르빈산칼슘/[M084311]엘아스코르빈산나트륨/[M084327]아스코르빈산과립/[M084388]아스코르빈산나트륨99%/[M084419]아스코르빈산98%/[M084433]아스코르빈산97ㆍ5%과립/[M084448]아스코르빈산97%/[M084495]아스코르빈산칼슘97%과립/[M084658]아스코르빈산96%/[M084927]제피아스코르빈산96%Type SC/[M085686]직타용아스코르빈산98%/[M087036]제피아스코르빈산/[M088252]아스코르빈산/[M089177]아스코르빈산96%SC/[M090019]아스코르빈산90%/[M091430]아스코르빈산유캡/[M094260]아스코르빈산95%/[M095392]아스코르빌팔미테이트/[M095426]제피아스코르빈산96%가루/[M095604]아스코르빈산90%/[M099084]아스코르빈산팔미테이트/[M100271]팔미틴산아스코르빈산/[M100420]엘-아스코르빈산/[M103048]제피형아스코르빈산96%TypeSC/[M103617]팔미틴산아스코르빌/[M104937]아스코르빈산97%분말/[M105763]아스코르빈산제제/[M107308]제피아스코르빈산97.0%가루/[M107594]소듐엘아스코르베이트/[M201112]아스코르빈산제일철/[M201618]제피아스코르빈사96%TypeSC/[M201620]제피아스코르빈산가루/[M201622]제피아스코르빈산TYPEB/[M203450]아스코르브산/[M203451]아스코르브산소듐/[M203452]아스코르빈산소듐/[M207370]팔미틴산아스코르브산/[M207385]아스코르빈산 97(아스코르빈산으로서 600mg)/[M207533]아스코르빈산 97(아스코르빈산으로서 600㎎)/[M209224]직타용아스코르빈산97%/[M210040]제피아스코르빈산97%과립/[M210875]소듐L-아스코르베이트/[M211316]아스코르빈산 산/[M211364]제피형아스코르빈산96%/[M211402]직타용아스코르빈산 90%/[M212742]아스코르빈산과립 97%(아스코르빈산으로서 83.3밀리그램)/[M214926]제피아스코르빈산 Type SC/[M215692]아스코르빈산(비타민C)/[M216038]아스코르빈산과립97%(아스코르빈산으로서 75밀리그램)/[M216398]아스코르빈산과립97%(아스코르빈산으로서 83.34밀리그램)/[M220142]직타용아스코르빈산(97%)/[M220180]아스코르빈산 97/[M223105]아스코르브산 산/[M223106]아스코르브산 정/[M223107]아스코르브산 주사액/[M224238]아스코르브산97/[M225398]아스코르빈산 Type FC/[M226183]아스코르빈산과립97%/[M227509]아스코르브산97%과립/[M229451]아스코르빈산 90%과립/[M229497]제피아스코르빈산 96% Type SC/[M234001]아스코르브산과립97%/[M236177]아스코르브산 90%과립/[M236913]제피아스코르브산/[M236926]직타용아스코르브산/[M239246]L-아스코르빈산/[M239251]L-아스코르빈산나트륨/[M239556]제피아스코르브산96% Type SC/[M241223]아스코르브산90%과립/[M242242]제피아스코르빈산*/[M243471]엘-아스코르빈산나트륨/[M243491]아스코르브산 97/[M244591]엘-아스코르빈산나트륨/[M244678]아스코르브산 97/[M245849]제피아스코르브산에스씨/[M245878]아스코르브산팔미테이트/[M246161]직타용아스코르브산97%/[M246638]아스코르브산97%/[M246709]아스코르브산나트륨/[M246900]90%아스코르브산/[M248326]아스코르빌나트륨포스페이트/[M249820]아스코르브산96%과립/[M250406]아스코르브산과립/[M250800]제피아스코르브산 TYPE-SC/[M251500]제피아스코르브산96%가루/[M252473]아스코르브산칼슘/[M252874]아스코르브산나트륨/[M252882]L-아스코르브산/[M253028]아스코르브산칼슘수화물/[M254082]제피아스코르브산 Type SC/[M254227]제피형아스코르브산96%TypeSC/[M254749]아스코르브산95%과립/[M254848]90%아스코르브산과립/[M256156]아스코르브산과립96%/[M257558]제피아스코르브산96%/[M257734]아스코르브산 과립90%/[M258008]아스코르브산칼슘이수화물/[M258592]작타용아스코르브산 97 %/[M258994]아스코르브산/[M259386]L-아스코르브산나트륨/[M259573]L-아스코르브산/[M261728]아스코르브산97%(직타용)/[M263901]제피아스코르브산97%가루/[M264037]90%아스코르빈산/[M265896]제피아스코르브산97.5%가루/[M040579]카페인(함수)/[M040580]무수카페인/[M090611]카페인/[M223183]카페인무수물/[M223184]카페인수화물/[M241017]무수물카페인/[M040616]말레인산클로르페니라민/[M050213]말레인산덱스클로르페니라민/[M051529]클로르페니라민/[M082701]디엘말레인산클로르페니라민/[M083325]디말레인산클로르페니라민/[M099959]말레인산클로로페니라민/[M100018]말레산클로르페니라민/[M100476]디말레인산클로르페니라민/[M101581]디엘말레인산클로르페니라민/[M200471]말레인산클로르페니라민제피과립/[M202197]D-말레인산클로르페니라민/[M202204]DL-말레인산클로르페니라민/[M203913]클로르페니라민말레인산염/[M212847]클로르페니라민말레이트/[M223211]클로르페니라민말레산염/[M223212]d-클로르페니라민말레산염/[M223213]클로르페니라민말레산염 산/[M223214]클로르페니라민말레산염 정/[M223215]클로르페니라민말레산염 주사액/[M226783]dl-클로르페니라민말레산염/[M249715]덱스클로르페니라민 말레산염/[M251936]덱스클로르페니라민말레이트/[M051546]염산클로페라스틴/[M051547]펜디조산클로페라스틴/[M222890]클로페라스틴염산염","[01140]해열.진통.소염제","","4,000밀리그램",20180831,"아세트아미노펜으로서 4,000mg/day(모든제형, 단일제.복합제 포함)","","정상"
3660,"용량주의","복합",D000147,Acetaminophen,"아세트아미노펜","[D001106]Ascorbic acid(아스코르브산)/[D000852]Caffeine(카페인)","[M040353]아세트아미노펜/[M082309]아세트아미노펜제피세립/[M233006]아세트아미노펜 DC 500/600/[M246556]아세트아미노펜 (미분화)/[M262287]아세트아미노펜 과립/[C040354]아스코르빈산/[C050961]아스코르빈산철/[C080210]아스코르빈산나트륨/[C081017]아스코르빈산90%과립/[C081495]아스코르빈산펠렛/[C081615]아스코르빈산 제피과립/[C081679]아스코르빈산60%/[C081772]제피아스코르빈산TYPE-SC/[C081998]아스코르빈팔미틴산/[C082617]아스코르빈산제피산/[C082841]아스코르빈산98%과립/[C082845]제피형아스코르빈산96%/[C082850]직탁용아스코르빈산/[C082857]제피아스코르빈산/[C083022]아스코르빈산96%과립/[C083040]아스코르빈산97%과립/[C083727]아스코르빈산제피산98%DC/[C083984]아스코르빈산칼슘/[C084311]엘-아스코르빈산나트륨/[C084327]아스코르빈산과립/[C084388]아스코르빈산나트륨99%/[C084419]아스코르빈산98%/[C084433]아스코르빈산97ㆍ5%과립/[C084448]아스코르빈산97%/[C084495]아스코르빈산칼슘97%과립/[C084658]아스코르빈산96%/[C084927]제피형아스코르빈산96%Type SC/[C085686]직탁용아스코르빈산98%/[C085785]아스코르빈산스테아레이트/[C086801]제피아스코르빈산97ㆍ5%/[C087036]코팅된아스코르빈산/[C088252]아스코르빈산제제/[C089177]아스코르빈산96%SC/[C090019]90%아스코르빈산/[C091430]아스코르빈산유캡/[C094260]95%아스코르빈산/[C094676]3-O-에칠아스코르빈산/[C095118]제피아스코르빈산96%/[C095392]아스코르빌팔미테이트/[C095412]제피아스코르빈사96% Type SC/[C095426]제피아스코르빈산96%가루/[C095604]아스코르빈산90%/[C099084]아스코르빈산팔미테이트/[C099734]아스코르브산90%과립/[C099910]직타용아스코르빈산/[C100271]팔미틴산아스코르빈산/[C100420]엘-아스코르빈산/[C101135]90%아스코르빈산과립/[C102189]아스코르빅애씨드/[C312780]소듐아스코르베이트/[C312824]아스코르빌 테트라이소팔미테이트/[C317903]글루코사민아스코르베이트/[C318482]칼슘 아스코르베이트/[C320842]아스코르빅애씨드/[C400592]아스코르빌니코티네이트/[I000229]아스코르빈산칼슘/[I001468]아스코르빈산제일철/[I001971]마그네슘아스코르베이트/[I003752]아스코르빈산나트륨/[I004351]아스코르브산/[M040354]아스코르빈산/[M050961]아스코르빈산철/[M080210]아스코르빈산나트륨/[M081017]아스코르빈산90%과립/[M081495]아스코르빈산펠렛/[M081615]아스코르빈산제피과립/[M081679]아스코르빈산60%/[M081772]제피아스코르빈산TYPE-SC/[M081998]아스코르빈팔미틴산/[M082617]아스코르빈산제피산/[M082841]아스코르빈산98%과립/[M082845]제피아스코르빈산96%/[M082850]직타용아스코르빈산/[M082857]제피아스코르빈산/[M083022]아스코르빈산96%과립/[M083040]아스코르빈산97%과립/[M083727]아스코르빈산제피산98%DC/[M083960]제피아스코르빈산TYPE-SC/[M083984]아스코르빈산칼슘/[M084311]엘아스코르빈산나트륨/[M084327]아스코르빈산과립/[M084388]아스코르빈산나트륨99%/[M084419]아스코르빈산98%/[M084433]아스코르빈산97ㆍ5%과립/[M084448]아스코르빈산97%/[M084495]아스코르빈산칼슘97%과립/[M084658]아스코르빈산96%/[M084927]제피아스코르빈산96%Type SC/[M085686]직타용아스코르빈산98%/[M087036]제피아스코르빈산/[M088252]아스코르빈산/[M089177]아스코르빈산96%SC/[M090019]아스코르빈산90%/[M091430]아스코르빈산유캡/[M094260]아스코르빈산95%/[M095392]아스코르빌팔미테이트/[M095426]제피아스코르빈산96%가루/[M095604]아스코르빈산90%/[M099084]아스코르빈산팔미테이트/[M100271]팔미틴산아스코르빈산/[M100420]엘-아스코르빈산/[M103048]제피형아스코르빈산96%TypeSC/[M103617]팔미틴산아스코르빌/[M104937]아스코르빈산97%분말/[M105763]아스코르빈산제제/[M107308]제피아스코르빈산97.0%가루/[M107594]소듐엘아스코르베이트/[M201112]아스코르빈산제일철/[M201618]제피아스코르빈사96%TypeSC/[M201620]제피아스코르빈산가루/[M201622]제피아스코르빈산TYPEB/[M203450]아스코르브산/[M203451]아스코르브산소듐/[M203452]아스코르빈산소듐/[M207370]팔미틴산아스코르브산/[M207385]아스코르빈산 97(아스코르빈산으로서 600mg)/[M207533]아스코르빈산 97(아스코르빈산으로서 600㎎)/[M209224]직타용아스코르빈산97%/[M210040]제피아스코르빈산97%과립/[M210875]소듐L-아스코르베이트/[M211316]아스코르빈산 산/[M211364]제피형아스코르빈산96%/[M211402]직타용아스코르빈산 90%/[M212742]아스코르빈산과립 97%(아스코르빈산으로서 83.3밀리그램)/[M214926]제피아스코르빈산 Type SC/[M215692]아스코르빈산(비타민C)/[M216038]아스코르빈산과립97%(아스코르빈산으로서 75밀리그램)/[M216398]아스코르빈산과립97%(아스코르빈산으로서 83.34밀리그램)/[M220142]직타용아스코르빈산(97%)/[M220180]아스코르빈산 97/[M223105]아스코르브산 산/[M223106]아스코르브산 정/[M223107]아스코르브산 주사액/[M224238]아스코르브산97/[M225398]아스코르빈산 Type FC/[M226183]아스코르빈산과립97%/[M227509]아스코르브산97%과립/[M229451]아스코르빈산 90%과립/[M229497]제피아스코르빈산 96% Type SC/[M234001]아스코르브산과립97%/[M236177]아스코르브산 90%과립/[M236913]제피아스코르브산/[M236926]직타용아스코르브산/[M239246]L-아스코르빈산/[M239251]L-아스코르빈산나트륨/[M239556]제피아스코르브산96% Type SC/[M241223]아스코르브산90%과립/[M242242]제피아스코르빈산*/[M243471]엘-아스코르빈산나트륨/[M243491]아스코르브산 97/[M244591]엘-아스코르빈산나트륨/[M244678]아스코르브산 97/[M245849]제피아스코르브산에스씨/[M245878]아스코르브산팔미테이트/[M246161]직타용아스코르브산97%/[M246638]아스코르브산97%/[M246709]아스코르브산나트륨/[M246900]90%아스코르브산/[M248326]아스코르빌나트륨포스페이트/[M249820]아스코르브산96%과립/[M250406]아스코르브산과립/[M250800]제피아스코르브산 TYPE-SC/[M251500]제피아스코르브산96%가루/[M252473]아스코르브산칼슘/[M252874]아스코르브산나트륨/[M252882]L-아스코르브산/[M253028]아스코르브산칼슘수화물/[M254082]제피아스코르브산 Type SC/[M254227]제피형아스코르브산96%TypeSC/[M254749]아스코르브산95%과립/[M254848]90%아스코르브산과립/[M256156]아스코르브산과립96%/[M257558]제피아스코르브산96%/[M257734]아스코르브산 과립90%/[M258008]아스코르브산칼슘이수화물/[M258592]작타용아스코르브산 97 %/[M258994]아스코르브산/[M259386]L-아스코르브산나트륨/[M259573]L-아스코르브산/[M261728]아스코르브산97%(직타용)/[M263901]제피아스코르브산97%가루/[M264037]90%아스코르빈산/[M265896]제피아스코르브산97.5%가루/[M040579]카페인(함수)/[M040580]무수카페인/[M090611]카페인/[M223183]카페인무수물/[M223184]카페인수화물/[M241017]무수물카페인","[01140]해열.진통.소염제","","4,000밀리그램",20180831,"아세트아미노펜으로서 4,000mg/day(모든제형, 단일제.복합제 포함)","","정상"
3668,"용량주의","복합",D000147,Acetaminophen,"아세트아미노펜","[D000852]Caffeine(카페인)/[D001097]Fursultiamine(푸르설티아민)","[M040353]아세트아미노펜/[M082309]아세트아미노펜제피세립/[M233006]아세트아미노펜 DC 500/600/[M246556]아세트아미노펜 (미분화)/[M262287]아세트아미노펜 과립/[M040579]카페인(함수)/[M040580]무수카페인/[M090611]카페인/[M223183]카페인무수물/[M223184]카페인수화물/[M241017]무수물카페인/[C051415]푸르설티아민/[C070197]염산푸르설티아민/[I001642]푸르설티아민/[I006251]푸르설티아민염산염/[M051415]푸르설티아민/[M070197]염산푸르설티아민/[M223292]푸르설티아민염산염","[01140]해열.진통.소염제","","4,000밀리그램",20180831,"아세트아미노펜으로서 4,000mg/day(모든제형, 단일제.복합제 포함)","","정상"
3669,"용량주의","복합",D000147,Acetaminophen,"아세트아미노펜","[D000893]Chlorpheniramine(클로르페니라민)/[D000981]Cloperastine(클로페라스틴)","[M040353]아세트아미노펜/[M082309]아세트아미노펜제피세립/[M233006]아세트아미노펜 DC 500/600/[M246556]아세트아미노펜 (미분화)/[M262287]아세트아미노펜 과립/[M040616]말레인산클로르페니라민/[M050213]말레인산덱스클로르페니라민/[M051529]클로르페니라민/[M082701]디엘말레인산클로르페니라민/[M083325]디말레인산클로르페니라민/[M099959]말레인산클로로페니라민/[M100018]말레산클로르페니라민/[M100476]디말레인산클로르페니라민/[M101581]디엘말레인산클로르페니라민/[M200471]말레인산클로르페니라민제피과립/[M202197]D-말레인산클로르페니라민/[M202204]DL-말레인산클로르페니라민/[M203913]클로르페니라민말레인산염/[M212847]클로르페니라민말레이트/[M223211]클로르페니라민말레산염/[M223212]d-클로르페니라민말레산염/[M223213]클로르페니라민말레산염 산/[M223214]클로르페니라민말레산염 정/[M223215]클로르페니라민말레산염 주사액/[M226783]dl-클로르페니라민말레산염/[M249715]덱스클로르페니라민 말레산염/[M251936]덱스클로르페니라민말레이트/[M051546]염산클로페라스틴/[M051547]펜디조산클로페라스틴/[M222890]클로페라스틴염산염","[01140]해열.진통.소염제","","4,000밀리그램",20180831,"아세트아미노펜으로서 4,000mg/day(모든제형, 단일제.복합제 포함)","","정상"
3670,"용량주의","복합",D000147,Acetaminophen,"아세트아미노펜","[D000893]Chlorpheniramine(클로르페니라민)/[D000191]Phenylephrine(페닐레프린)","[M040353]아세트아미노펜/[M082309]아세트아미노펜제피세립/[M233006]아세트아미노펜 DC 500/600/[M246556]아세트아미노펜 (미분화)/[M262287]아세트아미노펜 과립/[M040616]말레인산클로르페니라민/[M050213]말레인산덱스클로르페니라민/[M051529]클로르페니라민/[M082701]디엘말레인산클로르페니라민/[M083325]디말레인산클로르페니라민/[M099959]말레인산클로로페니라민/[M100018]말레산클로르페니라민/[M100476]디말레인산클로르페니라민/[M101581]디엘말레인산클로르페니라민/[M200471]말레인산클로르페니라민제피과립/[M202197]D-말레인산클로르페니라민/[M202204]DL-말레인산클로르페니라민/[M203913]클로르페니라민말레인산염/[M212847]클로르페니라민말레이트/[M223211]클로르페니라민말레산염/[M223212]d-클로르페니라민말레산염/[M223213]클로르페니라민말레산염 산/[M223214]클로르페니라민말레산염 정/[M223215]클로르페니라민말레산염 주사액/[M226783]dl-클로르페니라민말레산염/[M249715]덱스클로르페니라민 말레산염/[M251936]덱스클로르페니라민말레이트/[M040696]염산페닐에프린/[M222724]페닐레프린염산염/[M225151]페닐에프린염산염","[01140]해열.진통.소염제","","4,000밀리그램",20180831,"아세트아미노펜으로서 4,000mg/day(모든제형, 단일제.복합제 포함)","","정상"
3671,"용량주의","복합",D000147,Acetaminophen,"아세트아미노펜","[D000893]Chlorpheniramine(클로르페니라민)/[D001107]Hyangsosan(향소산)","[M040353]아세트아미노펜/[M082309]아세트아미노펜제피세립/[M233006]아세트아미노펜 DC 500/600/[M246556]아세트아미노펜 (미분화)/[M262287]아세트아미노펜 과립/[M040616]말레인산클로르페니라민/[M050213]말레인산덱스클로르페니라민/[M051529]클로르페니라민/[M082701]디엘말레인산클로르페니라민/[M083325]디말레인산클로르페니라민/[M099959]말레인산클로로페니라민/[M100018]말레산클로르페니라민/[M100476]디말레인산클로르페니라민/[M101581]디엘말레인산클로르페니라민/[M200471]말레인산클로르페니라민제피과립/[M202197]D-말레인산클로르페니라민/[M202204]DL-말레인산클로르페니라민/[M203913]클로르페니라민말레인산염/[M212847]클로르페니라민말레이트/[M223211]클로르페니라민말레산염/[M223212]d-클로르페니라민말레산염/[M223213]클로르페니라민말레산염 산/[M223214]클로르페니라민말레산염 정/[M223215]클로르페니라민말레산염 주사액/[M226783]dl-클로르페니라민말레산염/[M249715]덱스클로르페니라민 말레산염/[M251936]덱스클로르페니라민말레이트/[C081544]향소산/[C087324]향소산엑스/[C090874]향소산건조엑스/[C095071]향소산연조엑스/[C101061]향소산건조엑스(8->1)/[M081544]향소산/[M087324]향소산엑스/[M090874]향소산건조엑스/[M095071]향소산연조엑스/[M101061]향소산건조엑스(8->1)/[M103686]향소산연조엑스(5.82→1)/[M211801]향소산연조엑스(4.00→1)/[M229060]향소산건조엑스(5.79→1)/[M252050]향소산건조엑스(5.3→1)/[M252391]향소산 연조엑스(5.82→1)/[M252444]향소산연조엑스[3.14→1]","[01140]해열.진통.소염제","","4,000밀리그램",20180831,"아세트아미노펜으로서 4,000mg/day(모든제형, 단일제.복합제 포함)","","정상"
3800,"용량주의","복합",D000147,Acetaminophen,"아세트아미노펜","[D001093]Galgeun-tang(갈근탕)/[D001109]Potassium Guaiacolsulfonate(구아야콜설폰산칼륨)/[D000200]Dextromethorphan(덱스트로메토르판)/[D000448]Pseudoephedrine(슈도에페드린)/[D001106]Ascorbic acid(아스코르브산)/[D000893]Chlorpheniramine(클로르페니라민)","[M040353]아세트아미노펜/[M082309]아세트아미노펜제피세립/[M233006]아세트아미노펜 DC 500/600/[M246556]아세트아미노펜 (미분화)/[M262287]아세트아미노펜 과립/[C084556]갈근탕엑스/[C085494]갈근탕엑스분말/[C085503]갈근탕건조엑스/[C086018]갈근탕연조엑스/[C090838]갈근탕엑스과립/[C096410]갈근탕엑스정건조엑스/[C096710]갈근탕건조엑스[10→1]/[C100973]갈근탕엑스(10→1)/[M084556]갈근탕엑스/[M085494]갈근탕엑스분말/[M085503]갈근탕건조엑스/[M086018]갈근탕연조엑스/[M096410]갈근탕엑스정건조엑스/[M096710]갈근탕건조엑스[10→1]/[M100973]갈근탕엑스(10→1)/[M103265]갈근탕엑스말(10→1)/[M103916]갈근탕연조엑스(4.32→1)/[M104358]갈근탕엑스말/[M104683]갈근탕건조엑스(6.80→1)/[M104753]갈근탕연조엑스(3.4→1)/[M105329]갈근탕수침건조엑기스/[M105588]갈근탕건조엑스(5.78→1)/[M105816]갈근탕엑스분말(6→1)/[M105833]갈근탕연조엑스(4.17→1)/[M200049]갈근탕엑스가루/[M214453]갈근탕 연조엑스(4→1)/[M217483]갈근탕연조엑스(3->1)/[M229053]갈근탕 연조엑스(3.33→1)/[M250041]갈근탕엑스(5.81:1)/[M252043]갈근탕연조엑스[2.78→1]/[M252386]갈근탕연조엑스
(3.33→1)/[M259853]갈근탕건조엑스(6.31:1)/[M260768]갈근탕연조엑스(3.08→1)/[M261860]갈근탕건조엑스(5.6→1)/[M267754]갈근탕건조엑스(4→1)/[C050059]구아야콜설폰산칼륨/[I005220]구아야콜설폰산칼륨/[M050059]구아야콜설폰산칼륨/[M251709]구아야콜설폰산칼륨(무수물로서 45밀리그램)/[M263120]구아야콜설폰산칼륨수화물/[M040084]브롬화수소산덱스트로메토르판/[M202983]덱스트로메토르판브롬화수소산염/[M222957]덱스트로메토르판브롬화수소산염수화물/[M050833]염산슈도에페드린/[M081720]황산슈도에페드린/[M203364]슈도에페드린염산염/[M222865]수도에페드린염산염/[M248579]수도에페드린황산염/[M256034]수도에페드린염산염 과립/[M258826]수도에페드린/[C040354]아스코르빈산/[C050961]아스코르빈산철/[C080210]아스코르빈산나트륨/[C081017]아스코르빈산90%과립/[C081495]아스코르빈산펠렛/[C081615]아스코르빈산 제피과립/[C081679]아스코르빈산60%/[C081772]제피아스코르빈산TYPE-SC/[C081998]아스코르빈팔미틴산/[C082617]아스코르빈산제피산/[C082841]아스코르빈산98%과립/[C082845]제피형아스코르빈산96%/[C082850]직탁용아스코르빈산/[C082857]제피아스코르빈산/[C083022]아스코르빈산96%과립/[C083040]아스코르빈산97%과립/[C083727]아스코르빈산제피산98%DC/[C083984]아스코르빈산칼슘/[C084311]엘-아스코르빈산나트륨/[C084327]아스코르빈산과립/[C084388]아스코르빈산나트륨99%/[C084419]아스코르빈산98%/[C084433]아스코르빈산97ㆍ5%과립/[C084448]아스코르빈산97%/[C084495]아스코르빈산칼슘97%과립/[C084658]아스코르빈산96%/[C084927]제피형아스코르빈산96%Type SC/[C085686]직탁용아스코르빈산98%/[C085785]아스코르빈산스테아레이트/[C086801]제피아스코르빈산97ㆍ5%/[C087036]코팅된아스코르빈산/[C088252]아스코르빈산제제/[C089177]아스코르빈산96%SC/[C090019]90%아스코르빈산/[C091430]아스코르빈산유캡/[C094260]95%아스코르빈산/[C094676]3-O-에칠아스코르빈산/[C095118]제피아스코르빈산96%/[C095392]아스코르빌팔미테이트/[C095412]제피아스코르빈사96% Type SC/[C095426]제피아스코르빈산96%가루/[C095604]아스코르빈산90%/[C099084]아스코르빈산팔미테이트/[C099734]아스코르브산90%과립/[C099910]직타용아스코르빈산/[C100271]팔미틴산아스코르빈산/[C100420]엘-아스코르빈산/[C101135]90%아스코르빈산과립/[C102189]아스코르빅애씨드/[C312780]소듐아스코르베이트/[C312824]아스코르빌 테트라이소팔미테이트/[C317903]글루코사민아스코르베이트/[C318482]칼슘 아스코르베이트/[C320842]아스코르빅애씨드/[C400592]아스코르빌니코티네이트/[I000229]아스코르빈산칼슘/[I001468]아스코르빈산제일철/[I001971]마그네슘아스코르베이트/[I003752]아스코르빈산나트륨/[I004351]아스코르브산/[M040354]아스코르빈산/[M050961]아스코르빈산철/[M080210]아스코르빈산나트륨/[M081017]아스코르빈산90%과립/[M081495]아스코르빈산펠렛/[M081615]아스코르빈산제피과립/[M081679]아스코르빈산60%/[M081772]제피아스코르빈산TYPE-SC/[M081998]아스코르빈팔미틴산/[M082617]아스코르빈산제피산/[M082841]아스코르빈산98%과립/[M082845]제피아스코르빈산96%/[M082850]직타용아스코르빈산/[M082857]제피아스코르빈산/[M083022]아스코르빈산96%과립/[M083040]아스코르빈산97%과립/[M083727]아스코르빈산제피산98%DC/[M083960]제피아스코르빈산TYPE-SC/[M083984]아스코르빈산칼슘/[M084311]엘아스코르빈산나트륨/[M084327]아스코르빈산과립/[M084388]아스코르빈산나트륨99%/[M084419]아스코르빈산98%/[M084433]아스코르빈산97ㆍ5%과립/[M084448]아스코르빈산97%/[M084495]아스코르빈산칼슘97%과립/[M084658]아스코르빈산96%/[M084927]제피아스코르빈산96%Type SC/[M085686]직타용아스코르빈산98%/[M087036]제피아스코르빈산/[M088252]아스코르빈산/[M089177]아스코르빈산96%SC/[M090019]아스코르빈산90%/[M091430]아스코르빈산유캡/[M094260]아스코르빈산95%/[M095392]아스코르빌팔미테이트/[M095426]제피아스코르빈산96%가루/[M095604]아스코르빈산90%/[M099084]아스코르빈산팔미테이트/[M100271]팔미틴산아스코르빈산/[M100420]엘-아스코르빈산/[M103048]제피형아스코르빈산96%TypeSC/[M103617]팔미틴산아스코르빌/[M104937]아스코르빈산97%분말/[M105763]아스코르빈산제제/[M107308]제피아스코르빈산97.0%가루/[M107594]소듐엘아스코르베이트/[M201112]아스코르빈산제일철/[M201618]제피아스코르빈사96%TypeSC/[M201620]제피아스코르빈산가루/[M201622]제피아스코르빈산TYPEB/[M203450]아스코르브산/[M203451]아스코르브산소듐/[M203452]아스코르빈산소듐/[M207370]팔미틴산아스코르브산/[M207385]아스코르빈산 97(아스코르빈산으로서 600mg)/[M207533]아스코르빈산 97(아스코르빈산으로서 600㎎)/[M209224]직타용아스코르빈산97%/[M210040]제피아스코르빈산97%과립/[M210875]소듐L-아스코르베이트/[M211316]아스코르빈산 산/[M211364]제피형아스코르빈산96%/[M211402]직타용아스코르빈산 90%/[M212742]아스코르빈산과립 97%(아스코르빈산으로서 83.3밀리그램)/[M214926]제피아스코르빈산 Type SC/[M215692]아스코르빈산(비타민C)/[M216038]아스코르빈산과립97%(아스코르빈산으로서 75밀리그램)/[M216398]아스코르빈산과립97%(아스코르빈산으로서 83.34밀리그램)/[M220142]직타용아스코르빈산(97%)/[M220180]아스코르빈산 97/[M223105]아스코르브산 산/[M223106]아스코르브산 정/[M223107]아스코르브산 주사액/[M224238]아스코르브산97/[M225398]아스코르빈산 Type FC/[M226183]아스코르빈산과립97%/[M227509]아스코르브산97%과립/[M229451]아스코르빈산 90%과립/[M229497]제피아스코르빈산 96% Type SC/[M234001]아스코르브산과립97%/[M236177]아스코르브산 90%과립/[M236913]제피아스코르브산/[M236926]직타용아스코르브산/[M239246]L-아스코르빈산/[M239251]L-아스코르빈산나트륨/[M239556]제피아스코르브산96% Type SC/[M241223]아스코르브산90%과립/[M242242]제피아스코르빈산*/[M243471]엘-아스코르빈산나트륨/[M243491]아스코르브산 97/[M244591]엘-아스코르빈산나트륨/[M244678]아스코르브산 97/[M245849]제피아스코르브산에스씨/[M245878]아스코르브산팔미테이트/[M246161]직타용아스코르브산97%/[M246638]아스코르브산97%/[M246709]아스코르브산나트륨/[M246900]90%아스코르브산/[M248326]아스코르빌나트륨포스페이트/[M249820]아스코르브산96%과립/[M250406]아스코르브산과립/[M250800]제피아스코르브산 TYPE-SC/[M251500]제피아스코르브산96%가루/[M252473]아스코르브산칼슘/[M252874]아스코르브산나트륨/[M252882]L-아스코르브산/[M253028]아스코르브산칼슘수화물/[M254082]제피아스코르브산 Type SC/[M254227]제피형아스코르브산96%TypeSC/[M254749]아스코르브산95%과립/[M254848]90%아스코르브산과립/[M256156]아스코르브산과립96%/[M257558]제피아스코르브산96%/[M257734]아스코르브산 과립90%/[M258008]아스코르브산칼슘이수화물/[M258592]작타용아스코르브산 97 %/[M258994]아스코르브산/[M259386]L-아스코르브산나트륨/[M259573]L-아스코르브산/[M261728]아스코르브산97%(직타용)/[M263901]제피아스코르브산97%가루/[M264037]90%아스코르빈산/[M265896]제피아스코르브산97.5%가루/[M040616]말레인산클로르페니라민/[M050213]말레인산덱스클로르페니라민/[M051529]클로르페니라민/[M082701]디엘말레인산클로르페니라민/[M083325]디말레인산클로르페니라민/[M099959]말레인산클로로페니라민/[M100018]말레산클로르페니라민/[M100476]디말레인산클로르페니라민/[M101581]디엘말레인산클로르페니라민/[M200471]말레인산클로르페니라민제피과립/[M202197]D-말레인산클로르페니라민/[M202204]DL-말레인산클로르페니라민/[M203913]클로르페니라민말레인산염/[M212847]클로르페니라민말레이트/[M223211]클로르페니라민말레산염/[M223212]d-클로르페니라민말레산염/[M223213]클로르페니라민말레산염 산/[M223214]클로르페니라민말레산염 정/[M223215]클로르페니라민말레산염 주사액/[M226783]dl-클로르페니라민말레산염/[M249715]덱스클로르페니라민 말레산염/[M251936]덱스클로르페니라민말레이트","[01140]해열.진통.소염제","","4,000밀리그램",20180831,"아세트아미노펜으로서 4,000mg/day(모든제형, 단일제.복합제 포함)","","정상"
3802,"용량주의","복합",D000147,Acetaminophen,"아세트아미노펜","[D001093]Galgeun-tang(갈근탕)/[D000200]Dextromethorphan(덱스트로메토르판)/[D001106]Ascorbic acid(아스코르브산)/[D000852]Caffeine(카페인)/[D000893]Chlorpheniramine(클로르페니라민)/[D000191]Phenylephrine(페닐레프린)","[M040353]아세트아미노펜/[M082309]아세트아미노펜제피세립/[M233006]아세트아미노펜 DC 500/600/[M246556]아세트아미노펜 (미분화)/[M262287]아세트아미노펜 과립/[C084556]갈근탕엑스/[C085494]갈근탕엑스분말/[C085503]갈근탕건조엑스/[C086018]갈근탕연조엑스/[C090838]갈근탕엑스과립/[C096410]갈근탕엑스정건조엑스/[C096710]갈근탕건조엑스[10→1]/[C100973]갈근탕엑스(10→1)/[M084556]갈근탕엑스/[M085494]갈근탕엑스분말/[M085503]갈근탕건조엑스/[M086018]갈근탕연조엑스/[M096410]갈근탕엑스정건조엑스/[M096710]갈근탕건조엑스[10→1]/[M100973]갈근탕엑스(10→1)/[M103265]갈근탕엑스말(10→1)/[M103916]갈근탕연조엑스(4.32→1)/[M104358]갈근탕엑스말/[M104683]갈근탕건조엑스(6.80→1)/[M104753]갈근탕연조엑스(3.4→1)/[M105329]갈근탕수침건조엑기스/[M105588]갈근탕건조엑스(5.78→1)/[M105816]갈근탕엑스분말(6→1)/[M105833]갈근탕연조엑스(4.17→1)/[M200049]갈근탕엑스가루/[M214453]갈근탕 연조엑스(4→1)/[M217483]갈근탕연조엑스(3->1)/[M229053]갈근탕 연조엑스(3.33→1)/[M250041]갈근탕엑스(5.81:1)/[M252043]갈근탕연조엑스[2.78→1]/[M252386]갈근탕연조엑스
(3.33→1)/[M259853]갈근탕건조엑스(6.31:1)/[M260768]갈근탕연조엑스(3.08→1)/[M261860]갈근탕건조엑스(5.6→1)/[M267754]갈근탕건조엑스(4→1)/[M040084]브롬화수소산덱스트로메토르판/[M202983]덱스트로메토르판브롬화수소산염/[M222957]덱스트로메토르판브롬화수소산염수화물/[C040354]아스코르빈산/[C050961]아스코르빈산철/[C080210]아스코르빈산나트륨/[C081017]아스코르빈산90%과립/[C081495]아스코르빈산펠렛/[C081615]아스코르빈산 제피과립/[C081679]아스코르빈산60%/[C081772]제피아스코르빈산TYPE-SC/[C081998]아스코르빈팔미틴산/[C082617]아스코르빈산제피산/[C082841]아스코르빈산98%과립/[C082845]제피형아스코르빈산96%/[C082850]직탁용아스코르빈산/[C082857]제피아스코르빈산/[C083022]아스코르빈산96%과립/[C083040]아스코르빈산97%과립/[C083727]아스코르빈산제피산98%DC/[C083984]아스코르빈산칼슘/[C084311]엘-아스코르빈산나트륨/[C084327]아스코르빈산과립/[C084388]아스코르빈산나트륨99%/[C084419]아스코르빈산98%/[C084433]아스코르빈산97ㆍ5%과립/[C084448]아스코르빈산97%/[C084495]아스코르빈산칼슘97%과립/[C084658]아스코르빈산96%/[C084927]제피형아스코르빈산96%Type SC/[C085686]직탁용아스코르빈산98%/[C085785]아스코르빈산스테아레이트/[C086801]제피아스코르빈산97ㆍ5%/[C087036]코팅된아스코르빈산/[C088252]아스코르빈산제제/[C089177]아스코르빈산96%SC/[C090019]90%아스코르빈산/[C091430]아스코르빈산유캡/[C094260]95%아스코르빈산/[C094676]3-O-에칠아스코르빈산/[C095118]제피아스코르빈산96%/[C095392]아스코르빌팔미테이트/[C095412]제피아스코르빈사96% Type SC/[C095426]제피아스코르빈산96%가루/[C095604]아스코르빈산90%/[C099084]아스코르빈산팔미테이트/[C099734]아스코르브산90%과립/[C099910]직타용아스코르빈산/[C100271]팔미틴산아스코르빈산/[C100420]엘-아스코르빈산/[C101135]90%아스코르빈산과립/[C102189]아스코르빅애씨드/[C312780]소듐아스코르베이트/[C312824]아스코르빌 테트라이소팔미테이트/[C317903]글루코사민아스코르베이트/[C318482]칼슘 아스코르베이트/[C320842]아스코르빅애씨드/[C400592]아스코르빌니코티네이트/[I000229]아스코르빈산칼슘/[I001468]아스코르빈산제일철/[I001971]마그네슘아스코르베이트/[I003752]아스코르빈산나트륨/[I004351]아스코르브산/[M040354]아스코르빈산/[M050961]아스코르빈산철/[M080210]아스코르빈산나트륨/[M081017]아스코르빈산90%과립/[M081495]아스코르빈산펠렛/[M081615]아스코르빈산제피과립/[M081679]아스코르빈산60%/[M081772]제피아스코르빈산TYPE-SC/[M081998]아스코르빈팔미틴산/[M082617]아스코르빈산제피산/[M082841]아스코르빈산98%과립/[M082845]제피아스코르빈산96%/[M082850]직타용아스코르빈산/[M082857]제피아스코르빈산/[M083022]아스코르빈산96%과립/[M083040]아스코르빈산97%과립/[M083727]아스코르빈산제피산98%DC/[M083960]제피아스코르빈산TYPE-SC/[M083984]아스코르빈산칼슘/[M084311]엘아스코르빈산나트륨/[M084327]아스코르빈산과립/[M084388]아스코르빈산나트륨99%/[M084419]아스코르빈산98%/[M084433]아스코르빈산97ㆍ5%과립/[M084448]아스코르빈산97%/[M084495]아스코르빈산칼슘97%과립/[M084658]아스코르빈산96%/[M084927]제피아스코르빈산96%Type SC/[M085686]직타용아스코르빈산98%/[M087036]제피아스코르빈산/[M088252]아스코르빈산/[M089177]아스코르빈산96%SC/[M090019]아스코르빈산90%/[M091430]아스코르빈산유캡/[M094260]아스코르빈산95%/[M095392]아스코르빌팔미테이트/[M095426]제피아스코르빈산96%가루/[M095604]아스코르빈산90%/[M099084]아스코르빈산팔미테이트/[M100271]팔미틴산아스코르빈산/[M100420]엘-아스코르빈산/[M103048]제피형아스코르빈산96%TypeSC/[M103617]팔미틴산아스코르빌/[M104937]아스코르빈산97%분말/[M105763]아스코르빈산제제/[M107308]제피아스코르빈산97.0%가루/[M107594]소듐엘아스코르베이트/[M201112]아스코르빈산제일철/[M201618]제피아스코르빈사96%TypeSC/[M201620]제피아스코르빈산가루/[M201622]제피아스코르빈산TYPEB/[M203450]아스코르브산/[M203451]아스코르브산소듐/[M203452]아스코르빈산소듐/[M207370]팔미틴산아스코르브산/[M207385]아스코르빈산 97(아스코르빈산으로서 600mg)/[M207533]아스코르빈산 97(아스코르빈산으로서 600㎎)/[M209224]직타용아스코르빈산97%/[M210040]제피아스코르빈산97%과립/[M210875]소듐L-아스코르베이트/[M211316]아스코르빈산 산/[M211364]제피형아스코르빈산96%/[M211402]직타용아스코르빈산 90%/[M212742]아스코르빈산과립 97%(아스코르빈산으로서 83.3밀리그램)/[M214926]제피아스코르빈산 Type SC/[M215692]아스코르빈산(비타민C)/[M216038]아스코르빈산과립97%(아스코르빈산으로서 75밀리그램)/[M216398]아스코르빈산과립97%(아스코르빈산으로서 83.34밀리그램)/[M220142]직타용아스코르빈산(97%)/[M220180]아스코르빈산 97/[M223105]아스코르브산 산/[M223106]아스코르브산 정/[M223107]아스코르브산 주사액/[M224238]아스코르브산97/[M225398]아스코르빈산 Type FC/[M226183]아스코르빈산과립97%/[M227509]아스코르브산97%과립/[M229451]아스코르빈산 90%과립/[M229497]제피아스코르빈산 96% Type SC/[M234001]아스코르브산과립97%/[M236177]아스코르브산 90%과립/[M236913]제피아스코르브산/[M236926]직타용아스코르브산/[M239246]L-아스코르빈산/[M239251]L-아스코르빈산나트륨/[M239556]제피아스코르브산96% Type SC/[M241223]아스코르브산90%과립/[M242242]제피아스코르빈산*/[M243471]엘-아스코르빈산나트륨/[M243491]아스코르브산 97/[M244591]엘-아스코르빈산나트륨/[M244678]아스코르브산 97/[M245849]제피아스코르브산에스씨/[M245878]아스코르브산팔미테이트/[M246161]직타용아스코르브산97%/[M246638]아스코르브산97%/[M246709]아스코르브산나트륨/[M246900]90%아스코르브산/[M248326]아스코르빌나트륨포스페이트/[M249820]아스코르브산96%과립/[M250406]아스코르브산과립/[M250800]제피아스코르브산 TYPE-SC/[M251500]제피아스코르브산96%가루/[M252473]아스코르브산칼슘/[M252874]아스코르브산나트륨/[M252882]L-아스코르브산/[M253028]아스코르브산칼슘수화물/[M254082]제피아스코르브산 Type SC/[M254227]제피형아스코르브산96%TypeSC/[M254749]아스코르브산95%과립/[M254848]90%아스코르브산과립/[M256156]아스코르브산과립96%/[M257558]제피아스코르브산96%/[M257734]아스코르브산 과립90%/[M258008]아스코르브산칼슘이수화물/[M258592]작타용아스코르브산 97 %/[M258994]아스코르브산/[M259386]L-아스코르브산나트륨/[M259573]L-아스코르브산/[M261728]아스코르브산97%(직타용)/[M263901]제피아스코르브산97%가루/[M264037]90%아스코르빈산/[M265896]제피아스코르브산97.5%가루/[M040579]카페인(함수)/[M040580]무수카페인/[M090611]카페인/[M223183]카페인무수물/[M223184]카페인수화물/[M241017]무수물카페인/[M040616]말레인산클로르페니라민/[M050213]말레인산덱스클로르페니라민/[M051529]클로르페니라민/[M082701]디엘말레인산클로르페니라민/[M083325]디말레인산클로르페니라민/[M099959]말레인산클로로페니라민/[M100018]말레산클로르페니라민/[M100476]디말레인산클로르페니라민/[M101581]디엘말레인산클로르페니라민/[M200471]말레인산클로르페니라민제피과립/[M202197]D-말레인산클로르페니라민/[M202204]DL-말레인산클로르페니라민/[M203913]클로르페니라민말레인산염/[M212847]클로르페니라민말레이트/[M223211]클로르페니라민말레산염/[M223212]d-클로르페니라민말레산염/[M223213]클로르페니라민말레산염 산/[M223214]클로르페니라민말레산염 정/[M223215]클로르페니라민말레산염 주사액/[M226783]dl-클로르페니라민말레산염/[M249715]덱스클로르페니라민 말레산염/[M251936]덱스클로르페니라민말레이트/[M040696]염산페닐에프린/[M222724]페닐레프린염산염/[M225151]페닐에프린염산염","[01140]해열.진통.소염제","","4,000밀리그램",20180831,"아세트아미노펜으로서 4,000mg/day(모든제형, 단일제.복합제 포함)","","정상"
3811,"용량주의","복합",D000147,Acetaminophen,"아세트아미노펜","[D000493]Guaifenesin(구아이페네신)/[D001101]Riboflavin(리보플라빈)/[D001104]Sochoengryoung-tang(소청룡탕)/[D001106]Ascorbic acid(아스코르브산)/[D000893]Chlorpheniramine(클로르페니라민)","[M040353]아세트아미노펜/[M082309]아세트아미노펜제피세립/[M233006]아세트아미노펜 DC 500/600/[M246556]아세트아미노펜 (미분화)/[M262287]아세트아미노펜 과립/[M050058]구아이페네신/[C040133]리보플라빈/[C040512]인산리보플라빈나트륨/[C050367]테트라부티르산리보플라빈/[C050368]인산리보플라빈/[C050369]리보플라빈-5-인산나트륨/[C081186]리보플라빈33 1/3%/[C082711]리보플라빈낙산에스텔/[C082719]리보플라빈331/3%산/[C083052]리보플라빈98%DC/[C083101]낙산리보플라빈/[C083163]리보플라빈98%/[C083404]리보플라빈33 1/3%과립/[C084424]염산리보플라빈나트륨/[C085688]직탁용리보플라빈98%/[C089984]리보플라빈인산나트륨/[C090982]리보플라빈산나트륨/[C091022]리보플라빈98%과립/[C091383]리보플라빈25%과립/[C092484]부티르산리보플라빈/[C100456]리보플라빈3배산/[C100480]인산리보플라빈나트륨이수화물/[C101969]리보플라빈E101/[C202525]리보플라빈/[C401176]리보플라빈/[C407713]소듐리보플라빈포스페이트/[C409503]리보플라빈테트라부티레이트/[C422825]리보플라빈/[C422826]리보플라빈테트라부티레이트/[C422827]리보플라빈테트라아세테이트/[C425375]소듐리보플라빈포스페이트/[I003529]리보플라빈/[I003530]리보플라빈포스페이트나트륨/[I006525]리보플라빈부티레이트/[I007430]인산리보플라빈/[I007658]인산리보플라빈나트륨이수화물/[I007907]리보플라빈산나트륨/[M040133]리보플라빈/[M040512]인산리보플라빈나트륨/[M050367]테트라부티르산리보플라빈/[M050368]인산리보플라빈/[M050369]리보플라빈-5-인산나트륨/[M081186]리보플라빈33 1/3%/[M082711]리보플라빈낙산에스텔/[M082719]리보플라빈33 1/3%산/[M083052]리보플라빈98%DC/[M083101]낙산리보플라빈/[M083163]리보플라빈98%/[M083404]리보플라빈33 1/3%과립/[M085688]직탁용리보플라빈98%/[M090982]리보플라빈산나트륨/[M091022]리보플라빈98%과립/[M091383]리보플라빈25%과립/[M092484]부티르산리보플라빈/[M100456]리보플라빈3배산/[M100480]인산리보플라빈나트륨이수화물/[M101969]리보플라빈E101/[M200421]리보플라빈33ㆍ3%/[M200422]리보플라빈33ㆍ3%과립/[M200423]리보플라빈33ㆍ3%산/[M203723]인산리보플라빈소듐/[M206124]조리보플라빈/[M216041]리보플라빈3배산(리보플라빈으로서 5밀리그램)/[M216399]리보플라빈 3배산(리보플라빈으로서 0.84밀리그램)/[M217503]리보플라빈인산에스텔나트륨/[M218021]안산리보플라빈나트륨/[M222995]리보플라빈부티레이트/[M222996]리보플라빈포스페이트나트륨/[M222997]리보플라빈포스페이트나트륨 주사액/[M232651]제피리보플라빈/[M249967]리보플라빈부틸레이트/[M249982]리보플라빈나트륨포스페이트/[C040140]소청룡탕건조엑스/[C080611]소청룡탕유동엑스/[C083503]소청룡탕엑스분말/[C086635]소청룡탕연조엑스/[C091418]소청룡탕물연조엑스/[C101353]소청룡탕엑스(13 →1)/[M040140]소청룡탕건조엑스/[M080611]소청룡탕유동엑스/[M083503]소청룡탕엑스분말/[M086635]소청룡탕연조엑스/[M091418]소청룡탕물연조엑스/[M101353]소청룡탕엑스(13 →1)/[M102718]소청룡탕건조엑스(13→1)/[M103669]소청룡탕연조엑스(6.3→1)/[M104005]소청룡탕엑스/[M104399]소청룡탕건조엑스(4.4:1)/[M104719]소청룡탕건조엑스(7.69→1)/[M104745]소청룡탕건조엑스(9.00→1)/[M104829]소청룡탕건조엑스(7.30→1)/[M105817]소청룡탕엑스분말(8.4→1)/[M107273]소청룡탕건조엑스(10→1)/[M201011]소청룡탕엑스가루/[M207025]소청룡탕건조엑스(13:1)/[M229051]소청룡탕 연조엑스(3.57→1)/[M240280]소청룡탕건조엑스(9.47:1)/[M252443]소청룡탕연조엑스[2.77→1]/[M260766]소청룡탕연조엑스(1.67→1)/[M261813]소청룡탕연조엑스(6.3→1)/[M261859]소청룡탕건조엑스(6.0→1)/[C040354]아스코르빈산/[C050961]아스코르빈산철/[C080210]아스코르빈산나트륨/[C081017]아스코르빈산90%과립/[C081495]아스코르빈산펠렛/[C081615]아스코르빈산 제피과립/[C081679]아스코르빈산60%/[C081772]제피아스코르빈산TYPE-SC/[C081998]아스코르빈팔미틴산/[C082617]아스코르빈산제피산/[C082841]아스코르빈산98%과립/[C082845]제피형아스코르빈산96%/[C082850]직탁용아스코르빈산/[C082857]제피아스코르빈산/[C083022]아스코르빈산96%과립/[C083040]아스코르빈산97%과립/[C083727]아스코르빈산제피산98%DC/[C083984]아스코르빈산칼슘/[C084311]엘-아스코르빈산나트륨/[C084327]아스코르빈산과립/[C084388]아스코르빈산나트륨99%/[C084419]아스코르빈산98%/[C084433]아스코르빈산97ㆍ5%과립/[C084448]아스코르빈산97%/[C084495]아스코르빈산칼슘97%과립/[C084658]아스코르빈산96%/[C084927]제피형아스코르빈산96%Type SC/[C085686]직탁용아스코르빈산98%/[C085785]아스코르빈산스테아레이트/[C086801]제피아스코르빈산97ㆍ5%/[C087036]코팅된아스코르빈산/[C088252]아스코르빈산제제/[C089177]아스코르빈산96%SC/[C090019]90%아스코르빈산/[C091430]아스코르빈산유캡/[C094260]95%아스코르빈산/[C094676]3-O-에칠아스코르빈산/[C095118]제피아스코르빈산96%/[C095392]아스코르빌팔미테이트/[C095412]제피아스코르빈사96% Type SC/[C095426]제피아스코르빈산96%가루/[C095604]아스코르빈산90%/[C099084]아스코르빈산팔미테이트/[C099734]아스코르브산90%과립/[C099910]직타용아스코르빈산/[C100271]팔미틴산아스코르빈산/[C100420]엘-아스코르빈산/[C101135]90%아스코르빈산과립/[C102189]아스코르빅애씨드/[C312780]소듐아스코르베이트/[C312824]아스코르빌 테트라이소팔미테이트/[C317903]글루코사민아스코르베이트/[C318482]칼슘 아스코르베이트/[C320842]아스코르빅애씨드/[C400592]아스코르빌니코티네이트/[I000229]아스코르빈산칼슘/[I001468]아스코르빈산제일철/[I001971]마그네슘아스코르베이트/[I003752]아스코르빈산나트륨/[I004351]아스코르브산/[M040354]아스코르빈산/[M050961]아스코르빈산철/[M080210]아스코르빈산나트륨/[M081017]아스코르빈산90%과립/[M081495]아스코르빈산펠렛/[M081615]아스코르빈산제피과립/[M081679]아스코르빈산60%/[M081772]제피아스코르빈산TYPE-SC/[M081998]아스코르빈팔미틴산/[M082617]아스코르빈산제피산/[M082841]아스코르빈산98%과립/[M082845]제피아스코르빈산96%/[M082850]직타용아스코르빈산/[M082857]제피아스코르빈산/[M083022]아스코르빈산96%과립/[M083040]아스코르빈산97%과립/[M083727]아스코르빈산제피산98%DC/[M083960]제피아스코르빈산TYPE-SC/[M083984]아스코르빈산칼슘/[M084311]엘아스코르빈산나트륨/[M084327]아스코르빈산과립/[M084388]아스코르빈산나트륨99%/[M084419]아스코르빈산98%/[M084433]아스코르빈산97ㆍ5%과립/[M084448]아스코르빈산97%/[M084495]아스코르빈산칼슘97%과립/[M084658]아스코르빈산96%/[M084927]제피아스코르빈산96%Type SC/[M085686]직타용아스코르빈산98%/[M087036]제피아스코르빈산/[M088252]아스코르빈산/[M089177]아스코르빈산96%SC/[M090019]아스코르빈산90%/[M091430]아스코르빈산유캡/[M094260]아스코르빈산95%/[M095392]아스코르빌팔미테이트/[M095426]제피아스코르빈산96%가루/[M095604]아스코르빈산90%/[M099084]아스코르빈산팔미테이트/[M100271]팔미틴산아스코르빈산/[M100420]엘-아스코르빈산/[M103048]제피형아스코르빈산96%TypeSC/[M103617]팔미틴산아스코르빌/[M104937]아스코르빈산97%분말/[M105763]아스코르빈산제제/[M107308]제피아스코르빈산97.0%가루/[M107594]소듐엘아스코르베이트/[M201112]아스코르빈산제일철/[M201618]제피아스코르빈사96%TypeSC/[M201620]제피아스코르빈산가루/[M201622]제피아스코르빈산TYPEB/[M203450]아스코르브산/[M203451]아스코르브산소듐/[M203452]아스코르빈산소듐/[M207370]팔미틴산아스코르브산/[M207385]아스코르빈산 97(아스코르빈산으로서 600mg)/[M207533]아스코르빈산 97(아스코르빈산으로서 600㎎)/[M209224]직타용아스코르빈산97%/[M210040]제피아스코르빈산97%과립/[M210875]소듐L-아스코르베이트/[M211316]아스코르빈산 산/[M211364]제피형아스코르빈산96%/[M211402]직타용아스코르빈산 90%/[M212742]아스코르빈산과립 97%(아스코르빈산으로서 83.3밀리그램)/[M214926]제피아스코르빈산 Type SC/[M215692]아스코르빈산(비타민C)/[M216038]아스코르빈산과립97%(아스코르빈산으로서 75밀리그램)/[M216398]아스코르빈산과립97%(아스코르빈산으로서 83.34밀리그램)/[M220142]직타용아스코르빈산(97%)/[M220180]아스코르빈산 97/[M223105]아스코르브산 산/[M223106]아스코르브산 정/[M223107]아스코르브산 주사액/[M224238]아스코르브산97/[M225398]아스코르빈산 Type FC/[M226183]아스코르빈산과립97%/[M227509]아스코르브산97%과립/[M229451]아스코르빈산 90%과립/[M229497]제피아스코르빈산 96% Type SC/[M234001]아스코르브산과립97%/[M236177]아스코르브산 90%과립/[M236913]제피아스코르브산/[M236926]직타용아스코르브산/[M239246]L-아스코르빈산/[M239251]L-아스코르빈산나트륨/[M239556]제피아스코르브산96% Type SC/[M241223]아스코르브산90%과립/[M242242]제피아스코르빈산*/[M243471]엘-아스코르빈산나트륨/[M243491]아스코르브산 97/[M244591]엘-아스코르빈산나트륨/[M244678]아스코르브산 97/[M245849]제피아스코르브산에스씨/[M245878]아스코르브산팔미테이트/[M246161]직타용아스코르브산97%/[M246638]아스코르브산97%/[M246709]아스코르브산나트륨/[M246900]90%아스코르브산/[M248326]아스코르빌나트륨포스페이트/[M249820]아스코르브산96%과립/[M250406]아스코르브산과립/[M250800]제피아스코르브산 TYPE-SC/[M251500]제피아스코르브산96%가루/[M252473]아스코르브산칼슘/[M252874]아스코르브산나트륨/[M252882]L-아스코르브산/[M253028]아스코르브산칼슘수화물/[M254082]제피아스코르브산 Type SC/[M254227]제피형아스코르브산96%TypeSC/[M254749]아스코르브산95%과립/[M254848]90%아스코르브산과립/[M256156]아스코르브산과립96%/[M257558]제피아스코르브산96%/[M257734]아스코르브산 과립90%/[M258008]아스코르브산칼슘이수화물/[M258592]작타용아스코르브산 97 %/[M258994]아스코르브산/[M259386]L-아스코르브산나트륨/[M259573]L-아스코르브산/[M261728]아스코르브산97%(직타용)/[M263901]제피아스코르브산97%가루/[M264037]90%아스코르빈산/[M265896]제피아스코르브산97.5%가루/[M040616]말레인산클로르페니라민/[M050213]말레인산덱스클로르페니라민/[M051529]클로르페니라민/[M082701]디엘말레인산클로르페니라민/[M083325]디말레인산클로르페니라민/[M099959]말레인산클로로페니라민/[M100018]말레산클로르페니라민/[M100476]디말레인산클로르페니라민/[M101581]디엘말레인산클로르페니라민/[M200471]말레인산클로르페니라민제피과립/[M202197]D-말레인산클로르페니라민/[M202204]DL-말레인산클로르페니라민/[M203913]클로르페니라민말레인산염/[M212847]클로르페니라민말레이트/[M223211]클로르페니라민말레산염/[M223212]d-클로르페니라민말레산염/[M223213]클로르페니라민말레산염 산/[M223214]클로르페니라민말레산염 정/[M223215]클로르페니라민말레산염 주사액/[M226783]dl-클로르페니라민말레산염/[M249715]덱스클로르페니라민 말레산염/[M251936]덱스클로르페니라민말레이트","[01140]해열.진통.소염제","","4,000밀리그램",20180831,"아세트아미노펜으로서 4,000mg/day(모든제형, 단일제.복합제 포함)","","정상"
3672,"용량주의","복합",D000147,Acetaminophen,"아세트아미노펜","[D000896]Pheniramine(페니라민)/[D000191]Phenylephrine(페닐레프린)","[M040353]아세트아미노펜/[M082309]아세트아미노펜제피세립/[M233006]아세트아미노펜 DC 500/600/[M246556]아세트아미노펜 (미분화)/[M262287]아세트아미노펜 과립/[I002961]페니라민아미노살리실레이트/[I002962]페니라민말레산염/[M051704]말레인산페니라민/[M086103]니스과립디/[M086104]니스과립C-2/[M237022]페니라민말레산염/[M040696]염산페닐에프린/[M222724]페닐레프린염산염/[M225151]페닐에프린염산염","[01140]해열.진통.소염제","","4,000밀리그램",20180831,"아세트아미노펜으로서 4,000mg/day(모든제형, 단일제.복합제 포함)","","정상"
3673,"용량주의","복합",D000147,Acetaminophen,"아세트아미노펜","[D001108]Pyrilamine(피릴라민)/[D000852]Caffeine(카페인)","[M040353]아세트아미노펜/[M082309]아세트아미노펜제피세립/[M233006]아세트아미노펜 DC 500/600/[M246556]아세트아미노펜 (미분화)/[M262287]아세트아미노펜 과립/[C083883]탄닌산피릴라민/[C084743]피릴라민/[C088707]말레인산피릴라민/[I002132]피릴라민말레이트/[I007461]탄닌산피릴라민/[M088707]말레인산피릴라민/[M202021]피릴라민말레이트/[M040579]카페인(함수)/[M040580]무수카페인/[M090611]카페인/[M223183]카페인무수물/[M223184]카페인수화물/[M241017]무수물카페인","[01900]기타의 신경계및 감각기관용 의약품","","4,000밀리그램",20180831,"아세트아미노펜으로서 4,000mg/day(모든제형, 단일제.복합제 포함)","","정상"
3676,"용량주의","복합",D000147,Acetaminophen,"아세트아미노펜","[D001109]Potassium Guaiacolsulfonate(구아야콜설폰산칼륨)/[D000200]Dextromethorphan(덱스트로메토르판)/[D001104]Sochoengryoung-tang(소청룡탕)","[M040353]아세트아미노펜/[M082309]아세트아미노펜제피세립/[M233006]아세트아미노펜 DC 500/600/[M246556]아세트아미노펜 (미분화)/[M262287]아세트아미노펜 과립/[C050059]구아야콜설폰산칼륨/[I005220]구아야콜설폰산칼륨/[M050059]구아야콜설폰산칼륨/[M251709]구아야콜설폰산칼륨(무수물로서 45밀리그램)/[M263120]구아야콜설폰산칼륨수화물/[M040084]브롬화수소산덱스트로메토르판/[M202983]덱스트로메토르판브롬화수소산염/[M222957]덱스트로메토르판브롬화수소산염수화물/[C040140]소청룡탕건조엑스/[C080611]소청룡탕유동엑스/[C083503]소청룡탕엑스분말/[C086635]소청룡탕연조엑스/[C091418]소청룡탕물연조엑스/[C101353]소청룡탕엑스(13 →1)/[M040140]소청룡탕건조엑스/[M080611]소청룡탕유동엑스/[M083503]소청룡탕엑스분말/[M086635]소청룡탕연조엑스/[M091418]소청룡탕물연조엑스/[M101353]소청룡탕엑스(13 →1)/[M102718]소청룡탕건조엑스(13→1)/[M103669]소청룡탕연조엑스(6.3→1)/[M104005]소청룡탕엑스/[M104399]소청룡탕건조엑스(4.4:1)/[M104719]소청룡탕건조엑스(7.69→1)/[M104745]소청룡탕건조엑스(9.00→1)/[M104829]소청룡탕건조엑스(7.30→1)/[M105817]소청룡탕엑스분말(8.4→1)/[M107273]소청룡탕건조엑스(10→1)/[M201011]소청룡탕엑스가루/[M207025]소청룡탕건조엑스(13:1)/[M229051]소청룡탕 연조엑스(3.57→1)/[M240280]소청룡탕건조엑스(9.47:1)/[M252443]소청룡탕연조엑스[2.77→1]/[M260766]소청룡탕연조엑스(1.67→1)/[M261813]소청룡탕연조엑스(6.3→1)/[M261859]소청룡탕건조엑스(6.0→1)","[01140]해열.진통.소염제","","4,000밀리그램",20180831,"아세트아미노펜으로서 4,000mg/day(모든제형, 단일제.복합제 포함)","","정상"
3677,"용량주의","복합",D000147,Acetaminophen,"아세트아미노펜","[D000493]Guaifenesin(구아이페네신)/[D000200]Dextromethorphan(덱스트로메토르판)/[D000155]Ephedrine(에페드린)","[M040353]아세트아미노펜/[M082309]아세트아미노펜제피세립/[M233006]아세트아미노펜 DC 500/600/[M246556]아세트아미노펜 (미분화)/[M262287]아세트아미노펜 과립/[M050058]구아이페네신/[M040084]브롬화수소산덱스트로메토르판/[M202983]덱스트로메토르판브롬화수소산염/[M222957]덱스트로메토르판브롬화수소산염수화물/[M040420]염산에페드린/[M223155]에페드린염산염","[01140]해열.진통.소염제","","4,000밀리그램",20180831,"아세트아미노펜으로서 4,000mg/day(모든제형, 단일제.복합제 포함)","","정상"
3678,"용량주의","복합",D000147,Acetaminophen,"아세트아미노펜","[D000493]Guaifenesin(구아이페네신)/[D000200]Dextromethorphan(덱스트로메토르판)/[D001116]Methylephedrine(메틸에페드린)","[M040353]아세트아미노펜/[M082309]아세트아미노펜제피세립/[M233006]아세트아미노펜 DC 500/600/[M246556]아세트아미노펜 (미분화)/[M262287]아세트아미노펜 과립/[M050058]구아이페네신/[M040084]브롬화수소산덱스트로메토르판/[M202983]덱스트로메토르판브롬화수소산염/[M222957]덱스트로메토르판브롬화수소산염수화물/[A006116]메틸에페드린/[I006391]dl-메틸에페드린염산염/[M204422]dl-메틸에페드린염산염/[M223022]dl-메틸에페드린염산염 산 10%/[M235519]디엘메틸에페드린염산염/[M240608]dI-메틸에페드린염산염/[M240859]디엘-메틸에페드린염산염/[M252389]㎗-메틸에페드린염산염/[M264046]DL-메틸에페드린염산염","[01140]해열.진통.소염제","","4,000밀리그램",20180831,"아세트아미노펜으로서 4,000mg/day(모든제형, 단일제.복합제 포함)","","정상"
3812,"용량주의","복합",D000147,Acetaminophen,"아세트아미노펜","[D000493]Guaifenesin(구아이페네신)/[D001101]Riboflavin(리보플라빈)/[D000448]Pseudoephedrine(슈도에페드린)/[D001106]Ascorbic acid(아스코르브산)/[D000852]Caffeine(카페인)/[D000998]Thiamine(티아민)","[M040353]아세트아미노펜/[M082309]아세트아미노펜제피세립/[M233006]아세트아미노펜 DC 500/600/[M246556]아세트아미노펜 (미분화)/[M262287]아세트아미노펜 과립/[M050058]구아이페네신/[C040133]리보플라빈/[C040512]인산리보플라빈나트륨/[C050367]테트라부티르산리보플라빈/[C050368]인산리보플라빈/[C050369]리보플라빈-5-인산나트륨/[C081186]리보플라빈33 1/3%/[C082711]리보플라빈낙산에스텔/[C082719]리보플라빈331/3%산/[C083052]리보플라빈98%DC/[C083101]낙산리보플라빈/[C083163]리보플라빈98%/[C083404]리보플라빈33 1/3%과립/[C084424]염산리보플라빈나트륨/[C085688]직탁용리보플라빈98%/[C089984]리보플라빈인산나트륨/[C090982]리보플라빈산나트륨/[C091022]리보플라빈98%과립/[C091383]리보플라빈25%과립/[C092484]부티르산리보플라빈/[C100456]리보플라빈3배산/[C100480]인산리보플라빈나트륨이수화물/[C101969]리보플라빈E101/[C202525]리보플라빈/[C401176]리보플라빈/[C407713]소듐리보플라빈포스페이트/[C409503]리보플라빈테트라부티레이트/[C422825]리보플라빈/[C422826]리보플라빈테트라부티레이트/[C422827]리보플라빈테트라아세테이트/[C425375]소듐리보플라빈포스페이트/[I003529]리보플라빈/[I003530]리보플라빈포스페이트나트륨/[I006525]리보플라빈부티레이트/[I007430]인산리보플라빈/[I007658]인산리보플라빈나트륨이수화물/[I007907]리보플라빈산나트륨/[M040133]리보플라빈/[M040512]인산리보플라빈나트륨/[M050367]테트라부티르산리보플라빈/[M050368]인산리보플라빈/[M050369]리보플라빈-5-인산나트륨/[M081186]리보플라빈33 1/3%/[M082711]리보플라빈낙산에스텔/[M082719]리보플라빈33 1/3%산/[M083052]리보플라빈98%DC/[M083101]낙산리보플라빈/[M083163]리보플라빈98%/[M083404]리보플라빈33 1/3%과립/[M085688]직탁용리보플라빈98%/[M090982]리보플라빈산나트륨/[M091022]리보플라빈98%과립/[M091383]리보플라빈25%과립/[M092484]부티르산리보플라빈/[M100456]리보플라빈3배산/[M100480]인산리보플라빈나트륨이수화물/[M101969]리보플라빈E101/[M200421]리보플라빈33ㆍ3%/[M200422]리보플라빈33ㆍ3%과립/[M200423]리보플라빈33ㆍ3%산/[M203723]인산리보플라빈소듐/[M206124]조리보플라빈/[M216041]리보플라빈3배산(리보플라빈으로서 5밀리그램)/[M216399]리보플라빈 3배산(리보플라빈으로서 0.84밀리그램)/[M217503]리보플라빈인산에스텔나트륨/[M218021]안산리보플라빈나트륨/[M222995]리보플라빈부티레이트/[M222996]리보플라빈포스페이트나트륨/[M222997]리보플라빈포스페이트나트륨 주사액/[M232651]제피리보플라빈/[M249967]리보플라빈부틸레이트/[M249982]리보플라빈나트륨포스페이트/[M050833]염산슈도에페드린/[M081720]황산슈도에페드린/[M203364]슈도에페드린염산염/[M222865]수도에페드린염산염/[M248579]수도에페드린황산염/[M256034]수도에페드린염산염 과립/[M258826]수도에페드린/[C040354]아스코르빈산/[C050961]아스코르빈산철/[C080210]아스코르빈산나트륨/[C081017]아스코르빈산90%과립/[C081495]아스코르빈산펠렛/[C081615]아스코르빈산 제피과립/[C081679]아스코르빈산60%/[C081772]제피아스코르빈산TYPE-SC/[C081998]아스코르빈팔미틴산/[C082617]아스코르빈산제피산/[C082841]아스코르빈산98%과립/[C082845]제피형아스코르빈산96%/[C082850]직탁용아스코르빈산/[C082857]제피아스코르빈산/[C083022]아스코르빈산96%과립/[C083040]아스코르빈산97%과립/[C083727]아스코르빈산제피산98%DC/[C083984]아스코르빈산칼슘/[C084311]엘-아스코르빈산나트륨/[C084327]아스코르빈산과립/[C084388]아스코르빈산나트륨99%/[C084419]아스코르빈산98%/[C084433]아스코르빈산97ㆍ5%과립/[C084448]아스코르빈산97%/[C084495]아스코르빈산칼슘97%과립/[C084658]아스코르빈산96%/[C084927]제피형아스코르빈산96%Type SC/[C085686]직탁용아스코르빈산98%/[C085785]아스코르빈산스테아레이트/[C086801]제피아스코르빈산97ㆍ5%/[C087036]코팅된아스코르빈산/[C088252]아스코르빈산제제/[C089177]아스코르빈산96%SC/[C090019]90%아스코르빈산/[C091430]아스코르빈산유캡/[C094260]95%아스코르빈산/[C094676]3-O-에칠아스코르빈산/[C095118]제피아스코르빈산96%/[C095392]아스코르빌팔미테이트/[C095412]제피아스코르빈사96% Type SC/[C095426]제피아스코르빈산96%가루/[C095604]아스코르빈산90%/[C099084]아스코르빈산팔미테이트/[C099734]아스코르브산90%과립/[C099910]직타용아스코르빈산/[C100271]팔미틴산아스코르빈산/[C100420]엘-아스코르빈산/[C101135]90%아스코르빈산과립/[C102189]아스코르빅애씨드/[C312780]소듐아스코르베이트/[C312824]아스코르빌 테트라이소팔미테이트/[C317903]글루코사민아스코르베이트/[C318482]칼슘 아스코르베이트/[C320842]아스코르빅애씨드/[C400592]아스코르빌니코티네이트/[I000229]아스코르빈산칼슘/[I001468]아스코르빈산제일철/[I001971]마그네슘아스코르베이트/[I003752]아스코르빈산나트륨/[I004351]아스코르브산/[M040354]아스코르빈산/[M050961]아스코르빈산철/[M080210]아스코르빈산나트륨/[M081017]아스코르빈산90%과립/[M081495]아스코르빈산펠렛/[M081615]아스코르빈산제피과립/[M081679]아스코르빈산60%/[M081772]제피아스코르빈산TYPE-SC/[M081998]아스코르빈팔미틴산/[M082617]아스코르빈산제피산/[M082841]아스코르빈산98%과립/[M082845]제피아스코르빈산96%/[M082850]직타용아스코르빈산/[M082857]제피아스코르빈산/[M083022]아스코르빈산96%과립/[M083040]아스코르빈산97%과립/[M083727]아스코르빈산제피산98%DC/[M083960]제피아스코르빈산TYPE-SC/[M083984]아스코르빈산칼슘/[M084311]엘아스코르빈산나트륨/[M084327]아스코르빈산과립/[M084388]아스코르빈산나트륨99%/[M084419]아스코르빈산98%/[M084433]아스코르빈산97ㆍ5%과립/[M084448]아스코르빈산97%/[M084495]아스코르빈산칼슘97%과립/[M084658]아스코르빈산96%/[M084927]제피아스코르빈산96%Type SC/[M085686]직타용아스코르빈산98%/[M087036]제피아스코르빈산/[M088252]아스코르빈산/[M089177]아스코르빈산96%SC/[M090019]아스코르빈산90%/[M091430]아스코르빈산유캡/[M094260]아스코르빈산95%/[M095392]아스코르빌팔미테이트/[M095426]제피아스코르빈산96%가루/[M095604]아스코르빈산90%/[M099084]아스코르빈산팔미테이트/[M100271]팔미틴산아스코르빈산/[M100420]엘-아스코르빈산/[M103048]제피형아스코르빈산96%TypeSC/[M103617]팔미틴산아스코르빌/[M104937]아스코르빈산97%분말/[M105763]아스코르빈산제제/[M107308]제피아스코르빈산97.0%가루/[M107594]소듐엘아스코르베이트/[M201112]아스코르빈산제일철/[M201618]제피아스코르빈사96%TypeSC/[M201620]제피아스코르빈산가루/[M201622]제피아스코르빈산TYPEB/[M203450]아스코르브산/[M203451]아스코르브산소듐/[M203452]아스코르빈산소듐/[M207370]팔미틴산아스코르브산/[M207385]아스코르빈산 97(아스코르빈산으로서 600mg)/[M207533]아스코르빈산 97(아스코르빈산으로서 600㎎)/[M209224]직타용아스코르빈산97%/[M210040]제피아스코르빈산97%과립/[M210875]소듐L-아스코르베이트/[M211316]아스코르빈산 산/[M211364]제피형아스코르빈산96%/[M211402]직타용아스코르빈산 90%/[M212742]아스코르빈산과립 97%(아스코르빈산으로서 83.3밀리그램)/[M214926]제피아스코르빈산 Type SC/[M215692]아스코르빈산(비타민C)/[M216038]아스코르빈산과립97%(아스코르빈산으로서 75밀리그램)/[M216398]아스코르빈산과립97%(아스코르빈산으로서 83.34밀리그램)/[M220142]직타용아스코르빈산(97%)/[M220180]아스코르빈산 97/[M223105]아스코르브산 산/[M223106]아스코르브산 정/[M223107]아스코르브산 주사액/[M224238]아스코르브산97/[M225398]아스코르빈산 Type FC/[M226183]아스코르빈산과립97%/[M227509]아스코르브산97%과립/[M229451]아스코르빈산 90%과립/[M229497]제피아스코르빈산 96% Type SC/[M234001]아스코르브산과립97%/[M236177]아스코르브산 90%과립/[M236913]제피아스코르브산/[M236926]직타용아스코르브산/[M239246]L-아스코르빈산/[M239251]L-아스코르빈산나트륨/[M239556]제피아스코르브산96% Type SC/[M241223]아스코르브산90%과립/[M242242]제피아스코르빈산*/[M243471]엘-아스코르빈산나트륨/[M243491]아스코르브산 97/[M244591]엘-아스코르빈산나트륨/[M244678]아스코르브산 97/[M245849]제피아스코르브산에스씨/[M245878]아스코르브산팔미테이트/[M246161]직타용아스코르브산97%/[M246638]아스코르브산97%/[M246709]아스코르브산나트륨/[M246900]90%아스코르브산/[M248326]아스코르빌나트륨포스페이트/[M249820]아스코르브산96%과립/[M250406]아스코르브산과립/[M250800]제피아스코르브산 TYPE-SC/[M251500]제피아스코르브산96%가루/[M252473]아스코르브산칼슘/[M252874]아스코르브산나트륨/[M252882]L-아스코르브산/[M253028]아스코르브산칼슘수화물/[M254082]제피아스코르브산 Type SC/[M254227]제피형아스코르브산96%TypeSC/[M254749]아스코르브산95%과립/[M254848]90%아스코르브산과립/[M256156]아스코르브산과립96%/[M257558]제피아스코르브산96%/[M257734]아스코르브산 과립90%/[M258008]아스코르브산칼슘이수화물/[M258592]작타용아스코르브산 97 %/[M258994]아스코르브산/[M259386]L-아스코르브산나트륨/[M259573]L-아스코르브산/[M261728]아스코르브산97%(직타용)/[M263901]제피아스코르브산97%가루/[M264037]90%아스코르빈산/[M265896]제피아스코르브산97.5%가루/[M040579]카페인(함수)/[M040580]무수카페인/[M090611]카페인/[M223183]카페인무수물/[M223184]카페인수화물/[M241017]무수물카페인/[M223258]티아민염산염/[M223262]티아민질산염/[M243282]티아민질산염3배산","[01140]해열.진통.소염제","","4,000밀리그램",20180831,"아세트아미노펜으로서 4,000mg/day(모든제형, 단일제.복합제 포함)","","정상"
3815,"용량주의","복합",D000147,Acetaminophen,"아세트아미노펜","[D000493]Guaifenesin(구아이페네신)/[D001116]Methylephedrine(메틸에페드린)/[D001106]Ascorbic acid(아스코르브산)/[D000852]Caffeine(카페인)/[D000893]Chlorpheniramine(클로르페니라민)/[D000981]Cloperastine(클로페라스틴)","[M040353]아세트아미노펜/[M082309]아세트아미노펜제피세립/[M233006]아세트아미노펜 DC 500/600/[M246556]아세트아미노펜 (미분화)/[M262287]아세트아미노펜 과립/[M050058]구아이페네신/[A006116]메틸에페드린/[I006391]dl-메틸에페드린염산염/[M204422]dl-메틸에페드린염산염/[M223022]dl-메틸에페드린염산염 산 10%/[M235519]디엘메틸에페드린염산염/[M240608]dI-메틸에페드린염산염/[M240859]디엘-메틸에페드린염산염/[M252389]㎗-메틸에페드린염산염/[M264046]DL-메틸에페드린염산염/[C040354]아스코르빈산/[C050961]아스코르빈산철/[C080210]아스코르빈산나트륨/[C081017]아스코르빈산90%과립/[C081495]아스코르빈산펠렛/[C081615]아스코르빈산 제피과립/[C081679]아스코르빈산60%/[C081772]제피아스코르빈산TYPE-SC/[C081998]아스코르빈팔미틴산/[C082617]아스코르빈산제피산/[C082841]아스코르빈산98%과립/[C082845]제피형아스코르빈산96%/[C082850]직탁용아스코르빈산/[C082857]제피아스코르빈산/[C083022]아스코르빈산96%과립/[C083040]아스코르빈산97%과립/[C083727]아스코르빈산제피산98%DC/[C083984]아스코르빈산칼슘/[C084311]엘-아스코르빈산나트륨/[C084327]아스코르빈산과립/[C084388]아스코르빈산나트륨99%/[C084419]아스코르빈산98%/[C084433]아스코르빈산97ㆍ5%과립/[C084448]아스코르빈산97%/[C084495]아스코르빈산칼슘97%과립/[C084658]아스코르빈산96%/[C084927]제피형아스코르빈산96%Type SC/[C085686]직탁용아스코르빈산98%/[C085785]아스코르빈산스테아레이트/[C086801]제피아스코르빈산97ㆍ5%/[C087036]코팅된아스코르빈산/[C088252]아스코르빈산제제/[C089177]아스코르빈산96%SC/[C090019]90%아스코르빈산/[C091430]아스코르빈산유캡/[C094260]95%아스코르빈산/[C094676]3-O-에칠아스코르빈산/[C095118]제피아스코르빈산96%/[C095392]아스코르빌팔미테이트/[C095412]제피아스코르빈사96% Type SC/[C095426]제피아스코르빈산96%가루/[C095604]아스코르빈산90%/[C099084]아스코르빈산팔미테이트/[C099734]아스코르브산90%과립/[C099910]직타용아스코르빈산/[C100271]팔미틴산아스코르빈산/[C100420]엘-아스코르빈산/[C101135]90%아스코르빈산과립/[C102189]아스코르빅애씨드/[C312780]소듐아스코르베이트/[C312824]아스코르빌 테트라이소팔미테이트/[C317903]글루코사민아스코르베이트/[C318482]칼슘 아스코르베이트/[C320842]아스코르빅애씨드/[C400592]아스코르빌니코티네이트/[I000229]아스코르빈산칼슘/[I001468]아스코르빈산제일철/[I001971]마그네슘아스코르베이트/[I003752]아스코르빈산나트륨/[I004351]아스코르브산/[M040354]아스코르빈산/[M050961]아스코르빈산철/[M080210]아스코르빈산나트륨/[M081017]아스코르빈산90%과립/[M081495]아스코르빈산펠렛/[M081615]아스코르빈산제피과립/[M081679]아스코르빈산60%/[M081772]제피아스코르빈산TYPE-SC/[M081998]아스코르빈팔미틴산/[M082617]아스코르빈산제피산/[M082841]아스코르빈산98%과립/[M082845]제피아스코르빈산96%/[M082850]직타용아스코르빈산/[M082857]제피아스코르빈산/[M083022]아스코르빈산96%과립/[M083040]아스코르빈산97%과립/[M083727]아스코르빈산제피산98%DC/[M083960]제피아스코르빈산TYPE-SC/[M083984]아스코르빈산칼슘/[M084311]엘아스코르빈산나트륨/[M084327]아스코르빈산과립/[M084388]아스코르빈산나트륨99%/[M084419]아스코르빈산98%/[M084433]아스코르빈산97ㆍ5%과립/[M084448]아스코르빈산97%/[M084495]아스코르빈산칼슘97%과립/[M084658]아스코르빈산96%/[M084927]제피아스코르빈산96%Type SC/[M085686]직타용아스코르빈산98%/[M087036]제피아스코르빈산/[M088252]아스코르빈산/[M089177]아스코르빈산96%SC/[M090019]아스코르빈산90%/[M091430]아스코르빈산유캡/[M094260]아스코르빈산95%/[M095392]아스코르빌팔미테이트/[M095426]제피아스코르빈산96%가루/[M095604]아스코르빈산90%/[M099084]아스코르빈산팔미테이트/[M100271]팔미틴산아스코르빈산/[M100420]엘-아스코르빈산/[M103048]제피형아스코르빈산96%TypeSC/[M103617]팔미틴산아스코르빌/[M104937]아스코르빈산97%분말/[M105763]아스코르빈산제제/[M107308]제피아스코르빈산97.0%가루/[M107594]소듐엘아스코르베이트/[M201112]아스코르빈산제일철/[M201618]제피아스코르빈사96%TypeSC/[M201620]제피아스코르빈산가루/[M201622]제피아스코르빈산TYPEB/[M203450]아스코르브산/[M203451]아스코르브산소듐/[M203452]아스코르빈산소듐/[M207370]팔미틴산아스코르브산/[M207385]아스코르빈산 97(아스코르빈산으로서 600mg)/[M207533]아스코르빈산 97(아스코르빈산으로서 600㎎)/[M209224]직타용아스코르빈산97%/[M210040]제피아스코르빈산97%과립/[M210875]소듐L-아스코르베이트/[M211316]아스코르빈산 산/[M211364]제피형아스코르빈산96%/[M211402]직타용아스코르빈산 90%/[M212742]아스코르빈산과립 97%(아스코르빈산으로서 83.3밀리그램)/[M214926]제피아스코르빈산 Type SC/[M215692]아스코르빈산(비타민C)/[M216038]아스코르빈산과립97%(아스코르빈산으로서 75밀리그램)/[M216398]아스코르빈산과립97%(아스코르빈산으로서 83.34밀리그램)/[M220142]직타용아스코르빈산(97%)/[M220180]아스코르빈산 97/[M223105]아스코르브산 산/[M223106]아스코르브산 정/[M223107]아스코르브산 주사액/[M224238]아스코르브산97/[M225398]아스코르빈산 Type FC/[M226183]아스코르빈산과립97%/[M227509]아스코르브산97%과립/[M229451]아스코르빈산 90%과립/[M229497]제피아스코르빈산 96% Type SC/[M234001]아스코르브산과립97%/[M236177]아스코르브산 90%과립/[M236913]제피아스코르브산/[M236926]직타용아스코르브산/[M239246]L-아스코르빈산/[M239251]L-아스코르빈산나트륨/[M239556]제피아스코르브산96% Type SC/[M241223]아스코르브산90%과립/[M242242]제피아스코르빈산*/[M243471]엘-아스코르빈산나트륨/[M243491]아스코르브산 97/[M244591]엘-아스코르빈산나트륨/[M244678]아스코르브산 97/[M245849]제피아스코르브산에스씨/[M245878]아스코르브산팔미테이트/[M246161]직타용아스코르브산97%/[M246638]아스코르브산97%/[M246709]아스코르브산나트륨/[M246900]90%아스코르브산/[M248326]아스코르빌나트륨포스페이트/[M249820]아스코르브산96%과립/[M250406]아스코르브산과립/[M250800]제피아스코르브산 TYPE-SC/[M251500]제피아스코르브산96%가루/[M252473]아스코르브산칼슘/[M252874]아스코르브산나트륨/[M252882]L-아스코르브산/[M253028]아스코르브산칼슘수화물/[M254082]제피아스코르브산 Type SC/[M254227]제피형아스코르브산96%TypeSC/[M254749]아스코르브산95%과립/[M254848]90%아스코르브산과립/[M256156]아스코르브산과립96%/[M257558]제피아스코르브산96%/[M257734]아스코르브산 과립90%/[M258008]아스코르브산칼슘이수화물/[M258592]작타용아스코르브산 97 %/[M258994]아스코르브산/[M259386]L-아스코르브산나트륨/[M259573]L-아스코르브산/[M261728]아스코르브산97%(직타용)/[M263901]제피아스코르브산97%가루/[M264037]90%아스코르빈산/[M265896]제피아스코르브산97.5%가루/[M040579]카페인(함수)/[M040580]무수카페인/[M090611]카페인/[M223183]카페인무수물/[M223184]카페인수화물/[M241017]무수물카페인/[M040616]말레인산클로르페니라민/[M050213]말레인산덱스클로르페니라민/[M051529]클로르페니라민/[M082701]디엘말레인산클로르페니라민/[M083325]디말레인산클로르페니라민/[M099959]말레인산클로로페니라민/[M100018]말레산클로르페니라민/[M100476]디말레인산클로르페니라민/[M101581]디엘말레인산클로르페니라민/[M200471]말레인산클로르페니라민제피과립/[M202197]D-말레인산클로르페니라민/[M202204]DL-말레인산클로르페니라민/[M203913]클로르페니라민말레인산염/[M212847]클로르페니라민말레이트/[M223211]클로르페니라민말레산염/[M223212]d-클로르페니라민말레산염/[M223213]클로르페니라민말레산염 산/[M223214]클로르페니라민말레산염 정/[M223215]클로르페니라민말레산염 주사액/[M226783]dl-클로르페니라민말레산염/[M249715]덱스클로르페니라민 말레산염/[M251936]덱스클로르페니라민말레이트/[M051546]염산클로페라스틴/[M051547]펜디조산클로페라스틴/[M222890]클로페라스틴염산염","[01140]해열.진통.소염제","","4,000밀리그램",20180831,"아세트아미노펜으로서 4,000mg/day(모든제형, 단일제.복합제 포함)","","정상"
3816,"용량주의","복합",D000147,Acetaminophen,"아세트아미노펜","[D000493]Guaifenesin(구아이페네신)/[D001116]Methylephedrine(메틸에페드린)/[D001106]Ascorbic acid(아스코르브산)/[D000852]Caffeine(카페인)/[D000893]Chlorpheniramine(클로르페니라민)/[D000191]Phenylephrine(페닐레프린)","[M040353]아세트아미노펜/[M082309]아세트아미노펜제피세립/[M233006]아세트아미노펜 DC 500/600/[M246556]아세트아미노펜 (미분화)/[M262287]아세트아미노펜 과립/[M050058]구아이페네신/[A006116]메틸에페드린/[I006391]dl-메틸에페드린염산염/[M204422]dl-메틸에페드린염산염/[M223022]dl-메틸에페드린염산염 산 10%/[M235519]디엘메틸에페드린염산염/[M240608]dI-메틸에페드린염산염/[M240859]디엘-메틸에페드린염산염/[M252389]㎗-메틸에페드린염산염/[M264046]DL-메틸에페드린염산염/[C040354]아스코르빈산/[C050961]아스코르빈산철/[C080210]아스코르빈산나트륨/[C081017]아스코르빈산90%과립/[C081495]아스코르빈산펠렛/[C081615]아스코르빈산 제피과립/[C081679]아스코르빈산60%/[C081772]제피아스코르빈산TYPE-SC/[C081998]아스코르빈팔미틴산/[C082617]아스코르빈산제피산/[C082841]아스코르빈산98%과립/[C082845]제피형아스코르빈산96%/[C082850]직탁용아스코르빈산/[C082857]제피아스코르빈산/[C083022]아스코르빈산96%과립/[C083040]아스코르빈산97%과립/[C083727]아스코르빈산제피산98%DC/[C083984]아스코르빈산칼슘/[C084311]엘-아스코르빈산나트륨/[C084327]아스코르빈산과립/[C084388]아스코르빈산나트륨99%/[C084419]아스코르빈산98%/[C084433]아스코르빈산97ㆍ5%과립/[C084448]아스코르빈산97%/[C084495]아스코르빈산칼슘97%과립/[C084658]아스코르빈산96%/[C084927]제피형아스코르빈산96%Type SC/[C085686]직탁용아스코르빈산98%/[C085785]아스코르빈산스테아레이트/[C086801]제피아스코르빈산97ㆍ5%/[C087036]코팅된아스코르빈산/[C088252]아스코르빈산제제/[C089177]아스코르빈산96%SC/[C090019]90%아스코르빈산/[C091430]아스코르빈산유캡/[C094260]95%아스코르빈산/[C094676]3-O-에칠아스코르빈산/[C095118]제피아스코르빈산96%/[C095392]아스코르빌팔미테이트/[C095412]제피아스코르빈사96% Type SC/[C095426]제피아스코르빈산96%가루/[C095604]아스코르빈산90%/[C099084]아스코르빈산팔미테이트/[C099734]아스코르브산90%과립/[C099910]직타용아스코르빈산/[C100271]팔미틴산아스코르빈산/[C100420]엘-아스코르빈산/[C101135]90%아스코르빈산과립/[C102189]아스코르빅애씨드/[C312780]소듐아스코르베이트/[C312824]아스코르빌 테트라이소팔미테이트/[C317903]글루코사민아스코르베이트/[C318482]칼슘 아스코르베이트/[C320842]아스코르빅애씨드/[C400592]아스코르빌니코티네이트/[I000229]아스코르빈산칼슘/[I001468]아스코르빈산제일철/[I001971]마그네슘아스코르베이트/[I003752]아스코르빈산나트륨/[I004351]아스코르브산/[M040354]아스코르빈산/[M050961]아스코르빈산철/[M080210]아스코르빈산나트륨/[M081017]아스코르빈산90%과립/[M081495]아스코르빈산펠렛/[M081615]아스코르빈산제피과립/[M081679]아스코르빈산60%/[M081772]제피아스코르빈산TYPE-SC/[M081998]아스코르빈팔미틴산/[M082617]아스코르빈산제피산/[M082841]아스코르빈산98%과립/[M082845]제피아스코르빈산96%/[M082850]직타용아스코르빈산/[M082857]제피아스코르빈산/[M083022]아스코르빈산96%과립/[M083040]아스코르빈산97%과립/[M083727]아스코르빈산제피산98%DC/[M083960]제피아스코르빈산TYPE-SC/[M083984]아스코르빈산칼슘/[M084311]엘아스코르빈산나트륨/[M084327]아스코르빈산과립/[M084388]아스코르빈산나트륨99%/[M084419]아스코르빈산98%/[M084433]아스코르빈산97ㆍ5%과립/[M084448]아스코르빈산97%/[M084495]아스코르빈산칼슘97%과립/[M084658]아스코르빈산96%/[M084927]제피아스코르빈산96%Type SC/[M085686]직타용아스코르빈산98%/[M087036]제피아스코르빈산/[M088252]아스코르빈산/[M089177]아스코르빈산96%SC/[M090019]아스코르빈산90%/[M091430]아스코르빈산유캡/[M094260]아스코르빈산95%/[M095392]아스코르빌팔미테이트/[M095426]제피아스코르빈산96%가루/[M095604]아스코르빈산90%/[M099084]아스코르빈산팔미테이트/[M100271]팔미틴산아스코르빈산/[M100420]엘-아스코르빈산/[M103048]제피형아스코르빈산96%TypeSC/[M103617]팔미틴산아스코르빌/[M104937]아스코르빈산97%분말/[M105763]아스코르빈산제제/[M107308]제피아스코르빈산97.0%가루/[M107594]소듐엘아스코르베이트/[M201112]아스코르빈산제일철/[M201618]제피아스코르빈사96%TypeSC/[M201620]제피아스코르빈산가루/[M201622]제피아스코르빈산TYPEB/[M203450]아스코르브산/[M203451]아스코르브산소듐/[M203452]아스코르빈산소듐/[M207370]팔미틴산아스코르브산/[M207385]아스코르빈산 97(아스코르빈산으로서 600mg)/[M207533]아스코르빈산 97(아스코르빈산으로서 600㎎)/[M209224]직타용아스코르빈산97%/[M210040]제피아스코르빈산97%과립/[M210875]소듐L-아스코르베이트/[M211316]아스코르빈산 산/[M211364]제피형아스코르빈산96%/[M211402]직타용아스코르빈산 90%/[M212742]아스코르빈산과립 97%(아스코르빈산으로서 83.3밀리그램)/[M214926]제피아스코르빈산 Type SC/[M215692]아스코르빈산(비타민C)/[M216038]아스코르빈산과립97%(아스코르빈산으로서 75밀리그램)/[M216398]아스코르빈산과립97%(아스코르빈산으로서 83.34밀리그램)/[M220142]직타용아스코르빈산(97%)/[M220180]아스코르빈산 97/[M223105]아스코르브산 산/[M223106]아스코르브산 정/[M223107]아스코르브산 주사액/[M224238]아스코르브산97/[M225398]아스코르빈산 Type FC/[M226183]아스코르빈산과립97%/[M227509]아스코르브산97%과립/[M229451]아스코르빈산 90%과립/[M229497]제피아스코르빈산 96% Type SC/[M234001]아스코르브산과립97%/[M236177]아스코르브산 90%과립/[M236913]제피아스코르브산/[M236926]직타용아스코르브산/[M239246]L-아스코르빈산/[M239251]L-아스코르빈산나트륨/[M239556]제피아스코르브산96% Type SC/[M241223]아스코르브산90%과립/[M242242]제피아스코르빈산*/[M243471]엘-아스코르빈산나트륨/[M243491]아스코르브산 97/[M244591]엘-아스코르빈산나트륨/[M244678]아스코르브산 97/[M245849]제피아스코르브산에스씨/[M245878]아스코르브산팔미테이트/[M246161]직타용아스코르브산97%/[M246638]아스코르브산97%/[M246709]아스코르브산나트륨/[M246900]90%아스코르브산/[M248326]아스코르빌나트륨포스페이트/[M249820]아스코르브산96%과립/[M250406]아스코르브산과립/[M250800]제피아스코르브산 TYPE-SC/[M251500]제피아스코르브산96%가루/[M252473]아스코르브산칼슘/[M252874]아스코르브산나트륨/[M252882]L-아스코르브산/[M253028]아스코르브산칼슘수화물/[M254082]제피아스코르브산 Type SC/[M254227]제피형아스코르브산96%TypeSC/[M254749]아스코르브산95%과립/[M254848]90%아스코르브산과립/[M256156]아스코르브산과립96%/[M257558]제피아스코르브산96%/[M257734]아스코르브산 과립90%/[M258008]아스코르브산칼슘이수화물/[M258592]작타용아스코르브산 97 %/[M258994]아스코르브산/[M259386]L-아스코르브산나트륨/[M259573]L-아스코르브산/[M261728]아스코르브산97%(직타용)/[M263901]제피아스코르브산97%가루/[M264037]90%아스코르빈산/[M265896]제피아스코르브산97.5%가루/[M040579]카페인(함수)/[M040580]무수카페인/[M090611]카페인/[M223183]카페인무수물/[M223184]카페인수화물/[M241017]무수물카페인/[M040616]말레인산클로르페니라민/[M050213]말레인산덱스클로르페니라민/[M051529]클로르페니라민/[M082701]디엘말레인산클로르페니라민/[M083325]디말레인산클로르페니라민/[M099959]말레인산클로로페니라민/[M100018]말레산클로르페니라민/[M100476]디말레인산클로르페니라민/[M101581]디엘말레인산클로르페니라민/[M200471]말레인산클로르페니라민제피과립/[M202197]D-말레인산클로르페니라민/[M202204]DL-말레인산클로르페니라민/[M203913]클로르페니라민말레인산염/[M212847]클로르페니라민말레이트/[M223211]클로르페니라민말레산염/[M223212]d-클로르페니라민말레산염/[M223213]클로르페니라민말레산염 산/[M223214]클로르페니라민말레산염 정/[M223215]클로르페니라민말레산염 주사액/[M226783]dl-클로르페니라민말레산염/[M249715]덱스클로르페니라민 말레산염/[M251936]덱스클로르페니라민말레이트/[M040696]염산페닐에프린/[M222724]페닐레프린염산염/[M225151]페닐에프린염산염","[01140]해열.진통.소염제","","4,000밀리그램",20180831,"아세트아미노펜으로서 4,000mg/day(모든제형, 단일제.복합제 포함)","","정상"
3819,"용량주의","복합",D000147,Acetaminophen,"아세트아미노펜","[D000200]Dextromethorphan(덱스트로메토르판)/[D001116]Methylephedrine(메틸에페드린)/[D001106]Ascorbic acid(아스코르브산)/[D000893]Chlorpheniramine(클로르페니라민)/[D000998]Thiamine(티아민)/[D001101]Riboflavin(리보플라빈)","[M040353]아세트아미노펜/[M082309]아세트아미노펜제피세립/[M233006]아세트아미노펜 DC 500/600/[M246556]아세트아미노펜 (미분화)/[M262287]아세트아미노펜 과립/[M040084]브롬화수소산덱스트로메토르판/[M202983]덱스트로메토르판브롬화수소산염/[M222957]덱스트로메토르판브롬화수소산염수화물/[A006116]메틸에페드린/[I006391]dl-메틸에페드린염산염/[M204422]dl-메틸에페드린염산염/[M223022]dl-메틸에페드린염산염 산 10%/[M235519]디엘메틸에페드린염산염/[M240608]dI-메틸에페드린염산염/[M240859]디엘-메틸에페드린염산염/[M252389]㎗-메틸에페드린염산염/[M264046]DL-메틸에페드린염산염/[C040354]아스코르빈산/[C050961]아스코르빈산철/[C080210]아스코르빈산나트륨/[C081017]아스코르빈산90%과립/[C081495]아스코르빈산펠렛/[C081615]아스코르빈산 제피과립/[C081679]아스코르빈산60%/[C081772]제피아스코르빈산TYPE-SC/[C081998]아스코르빈팔미틴산/[C082617]아스코르빈산제피산/[C082841]아스코르빈산98%과립/[C082845]제피형아스코르빈산96%/[C082850]직탁용아스코르빈산/[C082857]제피아스코르빈산/[C083022]아스코르빈산96%과립/[C083040]아스코르빈산97%과립/[C083727]아스코르빈산제피산98%DC/[C083984]아스코르빈산칼슘/[C084311]엘-아스코르빈산나트륨/[C084327]아스코르빈산과립/[C084388]아스코르빈산나트륨99%/[C084419]아스코르빈산98%/[C084433]아스코르빈산97ㆍ5%과립/[C084448]아스코르빈산97%/[C084495]아스코르빈산칼슘97%과립/[C084658]아스코르빈산96%/[C084927]제피형아스코르빈산96%Type SC/[C085686]직탁용아스코르빈산98%/[C085785]아스코르빈산스테아레이트/[C086801]제피아스코르빈산97ㆍ5%/[C087036]코팅된아스코르빈산/[C088252]아스코르빈산제제/[C089177]아스코르빈산96%SC/[C090019]90%아스코르빈산/[C091430]아스코르빈산유캡/[C094260]95%아스코르빈산/[C094676]3-O-에칠아스코르빈산/[C095118]제피아스코르빈산96%/[C095392]아스코르빌팔미테이트/[C095412]제피아스코르빈사96% Type SC/[C095426]제피아스코르빈산96%가루/[C095604]아스코르빈산90%/[C099084]아스코르빈산팔미테이트/[C099734]아스코르브산90%과립/[C099910]직타용아스코르빈산/[C100271]팔미틴산아스코르빈산/[C100420]엘-아스코르빈산/[C101135]90%아스코르빈산과립/[C102189]아스코르빅애씨드/[C312780]소듐아스코르베이트/[C312824]아스코르빌 테트라이소팔미테이트/[C317903]글루코사민아스코르베이트/[C318482]칼슘 아스코르베이트/[C320842]아스코르빅애씨드/[C400592]아스코르빌니코티네이트/[I000229]아스코르빈산칼슘/[I001468]아스코르빈산제일철/[I001971]마그네슘아스코르베이트/[I003752]아스코르빈산나트륨/[I004351]아스코르브산/[M040354]아스코르빈산/[M050961]아스코르빈산철/[M080210]아스코르빈산나트륨/[M081017]아스코르빈산90%과립/[M081495]아스코르빈산펠렛/[M081615]아스코르빈산제피과립/[M081679]아스코르빈산60%/[M081772]제피아스코르빈산TYPE-SC/[M081998]아스코르빈팔미틴산/[M082617]아스코르빈산제피산/[M082841]아스코르빈산98%과립/[M082845]제피아스코르빈산96%/[M082850]직타용아스코르빈산/[M082857]제피아스코르빈산/[M083022]아스코르빈산96%과립/[M083040]아스코르빈산97%과립/[M083727]아스코르빈산제피산98%DC/[M083960]제피아스코르빈산TYPE-SC/[M083984]아스코르빈산칼슘/[M084311]엘아스코르빈산나트륨/[M084327]아스코르빈산과립/[M084388]아스코르빈산나트륨99%/[M084419]아스코르빈산98%/[M084433]아스코르빈산97ㆍ5%과립/[M084448]아스코르빈산97%/[M084495]아스코르빈산칼슘97%과립/[M084658]아스코르빈산96%/[M084927]제피아스코르빈산96%Type SC/[M085686]직타용아스코르빈산98%/[M087036]제피아스코르빈산/[M088252]아스코르빈산/[M089177]아스코르빈산96%SC/[M090019]아스코르빈산90%/[M091430]아스코르빈산유캡/[M094260]아스코르빈산95%/[M095392]아스코르빌팔미테이트/[M095426]제피아스코르빈산96%가루/[M095604]아스코르빈산90%/[M099084]아스코르빈산팔미테이트/[M100271]팔미틴산아스코르빈산/[M100420]엘-아스코르빈산/[M103048]제피형아스코르빈산96%TypeSC/[M103617]팔미틴산아스코르빌/[M104937]아스코르빈산97%분말/[M105763]아스코르빈산제제/[M107308]제피아스코르빈산97.0%가루/[M107594]소듐엘아스코르베이트/[M201112]아스코르빈산제일철/[M201618]제피아스코르빈사96%TypeSC/[M201620]제피아스코르빈산가루/[M201622]제피아스코르빈산TYPEB/[M203450]아스코르브산/[M203451]아스코르브산소듐/[M203452]아스코르빈산소듐/[M207370]팔미틴산아스코르브산/[M207385]아스코르빈산 97(아스코르빈산으로서 600mg)/[M207533]아스코르빈산 97(아스코르빈산으로서 600㎎)/[M209224]직타용아스코르빈산97%/[M210040]제피아스코르빈산97%과립/[M210875]소듐L-아스코르베이트/[M211316]아스코르빈산 산/[M211364]제피형아스코르빈산96%/[M211402]직타용아스코르빈산 90%/[M212742]아스코르빈산과립 97%(아스코르빈산으로서 83.3밀리그램)/[M214926]제피아스코르빈산 Type SC/[M215692]아스코르빈산(비타민C)/[M216038]아스코르빈산과립97%(아스코르빈산으로서 75밀리그램)/[M216398]아스코르빈산과립97%(아스코르빈산으로서 83.34밀리그램)/[M220142]직타용아스코르빈산(97%)/[M220180]아스코르빈산 97/[M223105]아스코르브산 산/[M223106]아스코르브산 정/[M223107]아스코르브산 주사액/[M224238]아스코르브산97/[M225398]아스코르빈산 Type FC/[M226183]아스코르빈산과립97%/[M227509]아스코르브산97%과립/[M229451]아스코르빈산 90%과립/[M229497]제피아스코르빈산 96% Type SC/[M234001]아스코르브산과립97%/[M236177]아스코르브산 90%과립/[M236913]제피아스코르브산/[M236926]직타용아스코르브산/[M239246]L-아스코르빈산/[M239251]L-아스코르빈산나트륨/[M239556]제피아스코르브산96% Type SC/[M241223]아스코르브산90%과립/[M242242]제피아스코르빈산*/[M243471]엘-아스코르빈산나트륨/[M243491]아스코르브산 97/[M244591]엘-아스코르빈산나트륨/[M244678]아스코르브산 97/[M245849]제피아스코르브산에스씨/[M245878]아스코르브산팔미테이트/[M246161]직타용아스코르브산97%/[M246638]아스코르브산97%/[M246709]아스코르브산나트륨/[M246900]90%아스코르브산/[M248326]아스코르빌나트륨포스페이트/[M249820]아스코르브산96%과립/[M250406]아스코르브산과립/[M250800]제피아스코르브산 TYPE-SC/[M251500]제피아스코르브산96%가루/[M252473]아스코르브산칼슘/[M252874]아스코르브산나트륨/[M252882]L-아스코르브산/[M253028]아스코르브산칼슘수화물/[M254082]제피아스코르브산 Type SC/[M254227]제피형아스코르브산96%TypeSC/[M254749]아스코르브산95%과립/[M254848]90%아스코르브산과립/[M256156]아스코르브산과립96%/[M257558]제피아스코르브산96%/[M257734]아스코르브산 과립90%/[M258008]아스코르브산칼슘이수화물/[M258592]작타용아스코르브산 97 %/[M258994]아스코르브산/[M259386]L-아스코르브산나트륨/[M259573]L-아스코르브산/[M261728]아스코르브산97%(직타용)/[M263901]제피아스코르브산97%가루/[M264037]90%아스코르빈산/[M265896]제피아스코르브산97.5%가루/[M040616]말레인산클로르페니라민/[M050213]말레인산덱스클로르페니라민/[M051529]클로르페니라민/[M082701]디엘말레인산클로르페니라민/[M083325]디말레인산클로르페니라민/[M099959]말레인산클로로페니라민/[M100018]말레산클로르페니라민/[M100476]디말레인산클로르페니라민/[M101581]디엘말레인산클로르페니라민/[M200471]말레인산클로르페니라민제피과립/[M202197]D-말레인산클로르페니라민/[M202204]DL-말레인산클로르페니라민/[M203913]클로르페니라민말레인산염/[M212847]클로르페니라민말레이트/[M223211]클로르페니라민말레산염/[M223212]d-클로르페니라민말레산염/[M223213]클로르페니라민말레산염 산/[M223214]클로르페니라민말레산염 정/[M223215]클로르페니라민말레산염 주사액/[M226783]dl-클로르페니라민말레산염/[M249715]덱스클로르페니라민 말레산염/[M251936]덱스클로르페니라민말레이트/[M223258]티아민염산염/[M223262]티아민질산염/[M243282]티아민질산염3배산/[C040133]리보플라빈/[C040512]인산리보플라빈나트륨/[C050367]테트라부티르산리보플라빈/[C050368]인산리보플라빈/[C050369]리보플라빈-5-인산나트륨/[C081186]리보플라빈33 1/3%/[C082711]리보플라빈낙산에스텔/[C082719]리보플라빈331/3%산/[C083052]리보플라빈98%DC/[C083101]낙산리보플라빈/[C083163]리보플라빈98%/[C083404]리보플라빈33 1/3%과립/[C084424]염산리보플라빈나트륨/[C085688]직탁용리보플라빈98%/[C089984]리보플라빈인산나트륨/[C090982]리보플라빈산나트륨/[C091022]리보플라빈98%과립/[C091383]리보플라빈25%과립/[C092484]부티르산리보플라빈/[C100456]리보플라빈3배산/[C100480]인산리보플라빈나트륨이수화물/[C101969]리보플라빈E101/[C202525]리보플라빈/[C401176]리보플라빈/[C407713]소듐리보플라빈포스페이트/[C409503]리보플라빈테트라부티레이트/[C422825]리보플라빈/[C422826]리보플라빈테트라부티레이트/[C422827]리보플라빈테트라아세테이트/[C425375]소듐리보플라빈포스페이트/[I003529]리보플라빈/[I003530]리보플라빈포스페이트나트륨/[I006525]리보플라빈부티레이트/[I007430]인산리보플라빈/[I007658]인산리보플라빈나트륨이수화물/[I007907]리보플라빈산나트륨/[M040133]리보플라빈/[M040512]인산리보플라빈나트륨/[M050367]테트라부티르산리보플라빈/[M050368]인산리보플라빈/[M050369]리보플라빈-5-인산나트륨/[M081186]리보플라빈33 1/3%/[M082711]리보플라빈낙산에스텔/[M082719]리보플라빈33 1/3%산/[M083052]리보플라빈98%DC/[M083101]낙산리보플라빈/[M083163]리보플라빈98%/[M083404]리보플라빈33 1/3%과립/[M085688]직탁용리보플라빈98%/[M090982]리보플라빈산나트륨/[M091022]리보플라빈98%과립/[M091383]리보플라빈25%과립/[M092484]부티르산리보플라빈/[M100456]리보플라빈3배산/[M100480]인산리보플라빈나트륨이수화물/[M101969]리보플라빈E101/[M200421]리보플라빈33ㆍ3%/[M200422]리보플라빈33ㆍ3%과립/[M200423]리보플라빈33ㆍ3%산/[M203723]인산리보플라빈소듐/[M206124]조리보플라빈/[M216041]리보플라빈3배산(리보플라빈으로서 5밀리그램)/[M216399]리보플라빈 3배산(리보플라빈으로서 0.84밀리그램)/[M217503]리보플라빈인산에스텔나트륨/[M218021]안산리보플라빈나트륨/[M222995]리보플라빈부티레이트/[M222996]리보플라빈포스페이트나트륨/[M222997]리보플라빈포스페이트나트륨 주사액/[M232651]제피리보플라빈/[M249967]리보플라빈부틸레이트/[M249982]리보플라빈나트륨포스페이트","","","4,000밀리그램",20180831,"아세트아미노펜으로서 4,000mg/day(모든제형, 단일제.복합제 포함)","","정상"
3679,"용량주의","복합",D000147,Acetaminophen,"아세트아미노펜","[D000493]Guaifenesin(구아이페네신)/[D000200]Dextromethorphan(덱스트로메토르판)/[D000134]Brompheniramine(브롬페니라민)","[M040353]아세트아미노펜/[M082309]아세트아미노펜제피세립/[M233006]아세트아미노펜 DC 500/600/[M246556]아세트아미노펜 (미분화)/[M262287]아세트아미노펜 과립/[M050058]구아이페네신/[M040084]브롬화수소산덱스트로메토르판/[M202983]덱스트로메토르판브롬화수소산염/[M222957]덱스트로메토르판브롬화수소산염수화물/[M050657]말레인산브롬페니라민/[M247022]브롬페니라민말레산염","[01140]해열.진통.소염제","","4,000밀리그램",20180831,"아세트아미노펜으로서 4,000mg/day(모든제형, 단일제.복합제 포함)","","정상"
3680,"용량주의","복합",D000147,Acetaminophen,"아세트아미노펜","[D000493]Guaifenesin(구아이페네신)/[D000200]Dextromethorphan(덱스트로메토르판)/[D000448]Pseudoephedrine(슈도에페드린)","[M040353]아세트아미노펜/[M082309]아세트아미노펜제피세립/[M233006]아세트아미노펜 DC 500/600/[M246556]아세트아미노펜 (미분화)/[M262287]아세트아미노펜 과립/[M050058]구아이페네신/[M040084]브롬화수소산덱스트로메토르판/[M202983]덱스트로메토르판브롬화수소산염/[M222957]덱스트로메토르판브롬화수소산염수화물/[M050833]염산슈도에페드린/[M081720]황산슈도에페드린/[M203364]슈도에페드린염산염/[M222865]수도에페드린염산염/[M248579]수도에페드린황산염/[M256034]수도에페드린염산염 과립/[M258826]수도에페드린","[01140]해열.진통.소염제","","4,000밀리그램",20180831,"아세트아미노펜으로서 4,000mg/day(모든제형, 단일제.복합제 포함)","","정상"
3681,"용량주의","복합",D000147,Acetaminophen,"아세트아미노펜","[D000493]Guaifenesin(구아이페네신)/[D000200]Dextromethorphan(덱스트로메토르판)/[D001110]Carbinoxamine(카르비녹사민)","[M040353]아세트아미노펜/[M082309]아세트아미노펜제피세립/[M233006]아세트아미노펜 DC 500/600/[M246556]아세트아미노펜 (미분화)/[M262287]아세트아미노펜 과립/[M050058]구아이페네신/[M040084]브롬화수소산덱스트로메토르판/[M202983]덱스트로메토르판브롬화수소산염/[M222957]덱스트로메토르판브롬화수소산염수화물/[C051445]말레인산카르비녹사민/[C083490]말레인산카르비녹사민서방성과립/[C090108]카르비녹사민레지네이트/[C091587]말레인산카르비녹사민과립/[I000321]말레인산카르비녹사민/[M051445]말레인산카르비녹사민/[M071403]카르비녹사민 레지네이트/[M083490]말레인산카르비녹사민서방성과립/[M090108]카르비녹사민레지네이트/[M091587]말레인산카르비녹사민과립/[M200470]말레인산카르비녹사민서방과립/[M251260]카르비녹사민말레산염","[01140]해열.진통.소염제","","4,000밀리그램",20180831,"아세트아미노펜으로서 4,000mg/day(모든제형, 단일제.복합제 포함)","","정상"
3682,"용량주의","복합",D000147,Acetaminophen,"아세트아미노펜","[D000493]Guaifenesin(구아이페네신)/[D000200]Dextromethorphan(덱스트로메토르판)/[D000191]Phenylephrine(페닐레프린)","[M040353]아세트아미노펜/[M082309]아세트아미노펜제피세립/[M233006]아세트아미노펜 DC 500/600/[M246556]아세트아미노펜 (미분화)/[M262287]아세트아미노펜 과립/[M050058]구아이페네신/[M040084]브롬화수소산덱스트로메토르판/[M202983]덱스트로메토르판브롬화수소산염/[M222957]덱스트로메토르판브롬화수소산염수화물/[M040696]염산페닐에프린/[M222724]페닐레프린염산염/[M225151]페닐에프린염산염","[01140]해열.진통.소염제","","4,000밀리그램",20180831,"아세트아미노펜으로서 4,000mg/day(모든제형, 단일제.복합제 포함)","","정상"
3683,"용량주의","복합",D000147,Acetaminophen,"아세트아미노펜","[D000493]Guaifenesin(구아이페네신)/[D000895]Diphenhydramine(디펜히드라민)/[D001116]Methylephedrine(메틸에페드린)","[M040353]아세트아미노펜/[M082309]아세트아미노펜제피세립/[M233006]아세트아미노펜 DC 500/600/[M246556]아세트아미노펜 (미분화)/[M262287]아세트아미노펜 과립/[M050058]구아이페네신/[I006203]디펜히드라민탄느산염/[M040108]디펜히드라민/[M040110]염산디펜히드라민/[M050298]살리실산디펜히드라민/[M082024]구연산디펜히드라민/[M083318]디펜히드라민씨트레이트/[M200130]구연산디펜하이드라민/[M200353]디펜하이드라민/[M201255]염산디펜하이드라민/[M222973]디펜히드라민염산염/[M222974]디펜히드라민염산염 주사액/[M222975]디펜히드라민염산염 캡슐/[M222976]디펜히드라민탄닌산염/[M254160]디펜히드라민시트르산염/[M257663]디펜히드라민살리실산염/[A006116]메틸에페드린/[I006391]dl-메틸에페드린염산염/[M204422]dl-메틸에페드린염산염/[M223022]dl-메틸에페드린염산염 산 10%/[M235519]디엘메틸에페드린염산염/[M240608]dI-메틸에페드린염산염/[M240859]디엘-메틸에페드린염산염/[M252389]㎗-메틸에페드린염산염/[M264046]DL-메틸에페드린염산염","[01140]해열.진통.소염제","","4,000밀리그램",20180831,"아세트아미노펜으로서 4,000mg/day(모든제형, 단일제.복합제 포함)","","정상"
3822,"용량주의","복합",D000147,Acetaminophen,"아세트아미노펜","[D000200]Dextromethorphan(덱스트로메토르판)/[D001101]Riboflavin(리보플라빈)/[D000448]Pseudoephedrine(슈도에페드린)/[D001106]Ascorbic acid(아스코르브산)/[D000852]Caffeine(카페인)/[D000998]Thiamine(티아민)","[M040353]아세트아미노펜/[M082309]아세트아미노펜제피세립/[M233006]아세트아미노펜 DC 500/600/[M246556]아세트아미노펜 (미분화)/[M262287]아세트아미노펜 과립/[M040084]브롬화수소산덱스트로메토르판/[M202983]덱스트로메토르판브롬화수소산염/[M222957]덱스트로메토르판브롬화수소산염수화물/[C040133]리보플라빈/[C040512]인산리보플라빈나트륨/[C050367]테트라부티르산리보플라빈/[C050368]인산리보플라빈/[C050369]리보플라빈-5-인산나트륨/[C081186]리보플라빈33 1/3%/[C082711]리보플라빈낙산에스텔/[C082719]리보플라빈331/3%산/[C083052]리보플라빈98%DC/[C083101]낙산리보플라빈/[C083163]리보플라빈98%/[C083404]리보플라빈33 1/3%과립/[C084424]염산리보플라빈나트륨/[C085688]직탁용리보플라빈98%/[C089984]리보플라빈인산나트륨/[C090982]리보플라빈산나트륨/[C091022]리보플라빈98%과립/[C091383]리보플라빈25%과립/[C092484]부티르산리보플라빈/[C100456]리보플라빈3배산/[C100480]인산리보플라빈나트륨이수화물/[C101969]리보플라빈E101/[C202525]리보플라빈/[C401176]리보플라빈/[C407713]소듐리보플라빈포스페이트/[C409503]리보플라빈테트라부티레이트/[C422825]리보플라빈/[C422826]리보플라빈테트라부티레이트/[C422827]리보플라빈테트라아세테이트/[C425375]소듐리보플라빈포스페이트/[I003529]리보플라빈/[I003530]리보플라빈포스페이트나트륨/[I006525]리보플라빈부티레이트/[I007430]인산리보플라빈/[I007658]인산리보플라빈나트륨이수화물/[I007907]리보플라빈산나트륨/[M040133]리보플라빈/[M040512]인산리보플라빈나트륨/[M050367]테트라부티르산리보플라빈/[M050368]인산리보플라빈/[M050369]리보플라빈-5-인산나트륨/[M081186]리보플라빈33 1/3%/[M082711]리보플라빈낙산에스텔/[M082719]리보플라빈33 1/3%산/[M083052]리보플라빈98%DC/[M083101]낙산리보플라빈/[M083163]리보플라빈98%/[M083404]리보플라빈33 1/3%과립/[M085688]직탁용리보플라빈98%/[M090982]리보플라빈산나트륨/[M091022]리보플라빈98%과립/[M091383]리보플라빈25%과립/[M092484]부티르산리보플라빈/[M100456]리보플라빈3배산/[M100480]인산리보플라빈나트륨이수화물/[M101969]리보플라빈E101/[M200421]리보플라빈33ㆍ3%/[M200422]리보플라빈33ㆍ3%과립/[M200423]리보플라빈33ㆍ3%산/[M203723]인산리보플라빈소듐/[M206124]조리보플라빈/[M216041]리보플라빈3배산(리보플라빈으로서 5밀리그램)/[M216399]리보플라빈 3배산(리보플라빈으로서 0.84밀리그램)/[M217503]리보플라빈인산에스텔나트륨/[M218021]안산리보플라빈나트륨/[M222995]리보플라빈부티레이트/[M222996]리보플라빈포스페이트나트륨/[M222997]리보플라빈포스페이트나트륨 주사액/[M232651]제피리보플라빈/[M249967]리보플라빈부틸레이트/[M249982]리보플라빈나트륨포스페이트/[M050833]염산슈도에페드린/[M081720]황산슈도에페드린/[M203364]슈도에페드린염산염/[M222865]수도에페드린염산염/[M248579]수도에페드린황산염/[M256034]수도에페드린염산염 과립/[M258826]수도에페드린/[C040354]아스코르빈산/[C050961]아스코르빈산철/[C080210]아스코르빈산나트륨/[C081017]아스코르빈산90%과립/[C081495]아스코르빈산펠렛/[C081615]아스코르빈산 제피과립/[C081679]아스코르빈산60%/[C081772]제피아스코르빈산TYPE-SC/[C081998]아스코르빈팔미틴산/[C082617]아스코르빈산제피산/[C082841]아스코르빈산98%과립/[C082845]제피형아스코르빈산96%/[C082850]직탁용아스코르빈산/[C082857]제피아스코르빈산/[C083022]아스코르빈산96%과립/[C083040]아스코르빈산97%과립/[C083727]아스코르빈산제피산98%DC/[C083984]아스코르빈산칼슘/[C084311]엘-아스코르빈산나트륨/[C084327]아스코르빈산과립/[C084388]아스코르빈산나트륨99%/[C084419]아스코르빈산98%/[C084433]아스코르빈산97ㆍ5%과립/[C084448]아스코르빈산97%/[C084495]아스코르빈산칼슘97%과립/[C084658]아스코르빈산96%/[C084927]제피형아스코르빈산96%Type SC/[C085686]직탁용아스코르빈산98%/[C085785]아스코르빈산스테아레이트/[C086801]제피아스코르빈산97ㆍ5%/[C087036]코팅된아스코르빈산/[C088252]아스코르빈산제제/[C089177]아스코르빈산96%SC/[C090019]90%아스코르빈산/[C091430]아스코르빈산유캡/[C094260]95%아스코르빈산/[C094676]3-O-에칠아스코르빈산/[C095118]제피아스코르빈산96%/[C095392]아스코르빌팔미테이트/[C095412]제피아스코르빈사96% Type SC/[C095426]제피아스코르빈산96%가루/[C095604]아스코르빈산90%/[C099084]아스코르빈산팔미테이트/[C099734]아스코르브산90%과립/[C099910]직타용아스코르빈산/[C100271]팔미틴산아스코르빈산/[C100420]엘-아스코르빈산/[C101135]90%아스코르빈산과립/[C102189]아스코르빅애씨드/[C312780]소듐아스코르베이트/[C312824]아스코르빌 테트라이소팔미테이트/[C317903]글루코사민아스코르베이트/[C318482]칼슘 아스코르베이트/[C320842]아스코르빅애씨드/[C400592]아스코르빌니코티네이트/[I000229]아스코르빈산칼슘/[I001468]아스코르빈산제일철/[I001971]마그네슘아스코르베이트/[I003752]아스코르빈산나트륨/[I004351]아스코르브산/[M040354]아스코르빈산/[M050961]아스코르빈산철/[M080210]아스코르빈산나트륨/[M081017]아스코르빈산90%과립/[M081495]아스코르빈산펠렛/[M081615]아스코르빈산제피과립/[M081679]아스코르빈산60%/[M081772]제피아스코르빈산TYPE-SC/[M081998]아스코르빈팔미틴산/[M082617]아스코르빈산제피산/[M082841]아스코르빈산98%과립/[M082845]제피아스코르빈산96%/[M082850]직타용아스코르빈산/[M082857]제피아스코르빈산/[M083022]아스코르빈산96%과립/[M083040]아스코르빈산97%과립/[M083727]아스코르빈산제피산98%DC/[M083960]제피아스코르빈산TYPE-SC/[M083984]아스코르빈산칼슘/[M084311]엘아스코르빈산나트륨/[M084327]아스코르빈산과립/[M084388]아스코르빈산나트륨99%/[M084419]아스코르빈산98%/[M084433]아스코르빈산97ㆍ5%과립/[M084448]아스코르빈산97%/[M084495]아스코르빈산칼슘97%과립/[M084658]아스코르빈산96%/[M084927]제피아스코르빈산96%Type SC/[M085686]직타용아스코르빈산98%/[M087036]제피아스코르빈산/[M088252]아스코르빈산/[M089177]아스코르빈산96%SC/[M090019]아스코르빈산90%/[M091430]아스코르빈산유캡/[M094260]아스코르빈산95%/[M095392]아스코르빌팔미테이트/[M095426]제피아스코르빈산96%가루/[M095604]아스코르빈산90%/[M099084]아스코르빈산팔미테이트/[M100271]팔미틴산아스코르빈산/[M100420]엘-아스코르빈산/[M103048]제피형아스코르빈산96%TypeSC/[M103617]팔미틴산아스코르빌/[M104937]아스코르빈산97%분말/[M105763]아스코르빈산제제/[M107308]제피아스코르빈산97.0%가루/[M107594]소듐엘아스코르베이트/[M201112]아스코르빈산제일철/[M201618]제피아스코르빈사96%TypeSC/[M201620]제피아스코르빈산가루/[M201622]제피아스코르빈산TYPEB/[M203450]아스코르브산/[M203451]아스코르브산소듐/[M203452]아스코르빈산소듐/[M207370]팔미틴산아스코르브산/[M207385]아스코르빈산 97(아스코르빈산으로서 600mg)/[M207533]아스코르빈산 97(아스코르빈산으로서 600㎎)/[M209224]직타용아스코르빈산97%/[M210040]제피아스코르빈산97%과립/[M210875]소듐L-아스코르베이트/[M211316]아스코르빈산 산/[M211364]제피형아스코르빈산96%/[M211402]직타용아스코르빈산 90%/[M212742]아스코르빈산과립 97%(아스코르빈산으로서 83.3밀리그램)/[M214926]제피아스코르빈산 Type SC/[M215692]아스코르빈산(비타민C)/[M216038]아스코르빈산과립97%(아스코르빈산으로서 75밀리그램)/[M216398]아스코르빈산과립97%(아스코르빈산으로서 83.34밀리그램)/[M220142]직타용아스코르빈산(97%)/[M220180]아스코르빈산 97/[M223105]아스코르브산 산/[M223106]아스코르브산 정/[M223107]아스코르브산 주사액/[M224238]아스코르브산97/[M225398]아스코르빈산 Type FC/[M226183]아스코르빈산과립97%/[M227509]아스코르브산97%과립/[M229451]아스코르빈산 90%과립/[M229497]제피아스코르빈산 96% Type SC/[M234001]아스코르브산과립97%/[M236177]아스코르브산 90%과립/[M236913]제피아스코르브산/[M236926]직타용아스코르브산/[M239246]L-아스코르빈산/[M239251]L-아스코르빈산나트륨/[M239556]제피아스코르브산96% Type SC/[M241223]아스코르브산90%과립/[M242242]제피아스코르빈산*/[M243471]엘-아스코르빈산나트륨/[M243491]아스코르브산 97/[M244591]엘-아스코르빈산나트륨/[M244678]아스코르브산 97/[M245849]제피아스코르브산에스씨/[M245878]아스코르브산팔미테이트/[M246161]직타용아스코르브산97%/[M246638]아스코르브산97%/[M246709]아스코르브산나트륨/[M246900]90%아스코르브산/[M248326]아스코르빌나트륨포스페이트/[M249820]아스코르브산96%과립/[M250406]아스코르브산과립/[M250800]제피아스코르브산 TYPE-SC/[M251500]제피아스코르브산96%가루/[M252473]아스코르브산칼슘/[M252874]아스코르브산나트륨/[M252882]L-아스코르브산/[M253028]아스코르브산칼슘수화물/[M254082]제피아스코르브산 Type SC/[M254227]제피형아스코르브산96%TypeSC/[M254749]아스코르브산95%과립/[M254848]90%아스코르브산과립/[M256156]아스코르브산과립96%/[M257558]제피아스코르브산96%/[M257734]아스코르브산 과립90%/[M258008]아스코르브산칼슘이수화물/[M258592]작타용아스코르브산 97 %/[M258994]아스코르브산/[M259386]L-아스코르브산나트륨/[M259573]L-아스코르브산/[M261728]아스코르브산97%(직타용)/[M263901]제피아스코르브산97%가루/[M264037]90%아스코르빈산/[M265896]제피아스코르브산97.5%가루/[M040579]카페인(함수)/[M040580]무수카페인/[M090611]카페인/[M223183]카페인무수물/[M223184]카페인수화물/[M241017]무수물카페인/[M223258]티아민염산염/[M223262]티아민질산염/[M243282]티아민질산염3배산","[01140]해열.진통.소염제","","4,000밀리그램",20180831,"아세트아미노펜으로서 4,000mg/day(모든제형, 단일제.복합제 포함)","","정상"
3823,"용량주의","복합",D000147,Acetaminophen,"아세트아미노펜","[D000200]Dextromethorphan(덱스트로메토르판)/[D001101]Riboflavin(리보플라빈)/[D000448]Pseudoephedrine(슈도에페드린)/[D001106]Ascorbic acid(아스코르브산)/[D000893]Chlorpheniramine(클로르페니라민)/[D000998]Thiamine(티아민)","[M040353]아세트아미노펜/[M082309]아세트아미노펜제피세립/[M233006]아세트아미노펜 DC 500/600/[M246556]아세트아미노펜 (미분화)/[M262287]아세트아미노펜 과립/[M040084]브롬화수소산덱스트로메토르판/[M202983]덱스트로메토르판브롬화수소산염/[M222957]덱스트로메토르판브롬화수소산염수화물/[C040133]리보플라빈/[C040512]인산리보플라빈나트륨/[C050367]테트라부티르산리보플라빈/[C050368]인산리보플라빈/[C050369]리보플라빈-5-인산나트륨/[C081186]리보플라빈33 1/3%/[C082711]리보플라빈낙산에스텔/[C082719]리보플라빈331/3%산/[C083052]리보플라빈98%DC/[C083101]낙산리보플라빈/[C083163]리보플라빈98%/[C083404]리보플라빈33 1/3%과립/[C084424]염산리보플라빈나트륨/[C085688]직탁용리보플라빈98%/[C089984]리보플라빈인산나트륨/[C090982]리보플라빈산나트륨/[C091022]리보플라빈98%과립/[C091383]리보플라빈25%과립/[C092484]부티르산리보플라빈/[C100456]리보플라빈3배산/[C100480]인산리보플라빈나트륨이수화물/[C101969]리보플라빈E101/[C202525]리보플라빈/[C401176]리보플라빈/[C407713]소듐리보플라빈포스페이트/[C409503]리보플라빈테트라부티레이트/[C422825]리보플라빈/[C422826]리보플라빈테트라부티레이트/[C422827]리보플라빈테트라아세테이트/[C425375]소듐리보플라빈포스페이트/[I003529]리보플라빈/[I003530]리보플라빈포스페이트나트륨/[I006525]리보플라빈부티레이트/[I007430]인산리보플라빈/[I007658]인산리보플라빈나트륨이수화물/[I007907]리보플라빈산나트륨/[M040133]리보플라빈/[M040512]인산리보플라빈나트륨/[M050367]테트라부티르산리보플라빈/[M050368]인산리보플라빈/[M050369]리보플라빈-5-인산나트륨/[M081186]리보플라빈33 1/3%/[M082711]리보플라빈낙산에스텔/[M082719]리보플라빈33 1/3%산/[M083052]리보플라빈98%DC/[M083101]낙산리보플라빈/[M083163]리보플라빈98%/[M083404]리보플라빈33 1/3%과립/[M085688]직탁용리보플라빈98%/[M090982]리보플라빈산나트륨/[M091022]리보플라빈98%과립/[M091383]리보플라빈25%과립/[M092484]부티르산리보플라빈/[M100456]리보플라빈3배산/[M100480]인산리보플라빈나트륨이수화물/[M101969]리보플라빈E101/[M200421]리보플라빈33ㆍ3%/[M200422]리보플라빈33ㆍ3%과립/[M200423]리보플라빈33ㆍ3%산/[M203723]인산리보플라빈소듐/[M206124]조리보플라빈/[M216041]리보플라빈3배산(리보플라빈으로서 5밀리그램)/[M216399]리보플라빈 3배산(리보플라빈으로서 0.84밀리그램)/[M217503]리보플라빈인산에스텔나트륨/[M218021]안산리보플라빈나트륨/[M222995]리보플라빈부티레이트/[M222996]리보플라빈포스페이트나트륨/[M222997]리보플라빈포스페이트나트륨 주사액/[M232651]제피리보플라빈/[M249967]리보플라빈부틸레이트/[M249982]리보플라빈나트륨포스페이트/[M050833]염산슈도에페드린/[M081720]황산슈도에페드린/[M203364]슈도에페드린염산염/[M222865]수도에페드린염산염/[M248579]수도에페드린황산염/[M256034]수도에페드린염산염 과립/[M258826]수도에페드린/[C040354]아스코르빈산/[C050961]아스코르빈산철/[C080210]아스코르빈산나트륨/[C081017]아스코르빈산90%과립/[C081495]아스코르빈산펠렛/[C081615]아스코르빈산 제피과립/[C081679]아스코르빈산60%/[C081772]제피아스코르빈산TYPE-SC/[C081998]아스코르빈팔미틴산/[C082617]아스코르빈산제피산/[C082841]아스코르빈산98%과립/[C082845]제피형아스코르빈산96%/[C082850]직탁용아스코르빈산/[C082857]제피아스코르빈산/[C083022]아스코르빈산96%과립/[C083040]아스코르빈산97%과립/[C083727]아스코르빈산제피산98%DC/[C083984]아스코르빈산칼슘/[C084311]엘-아스코르빈산나트륨/[C084327]아스코르빈산과립/[C084388]아스코르빈산나트륨99%/[C084419]아스코르빈산98%/[C084433]아스코르빈산97ㆍ5%과립/[C084448]아스코르빈산97%/[C084495]아스코르빈산칼슘97%과립/[C084658]아스코르빈산96%/[C084927]제피형아스코르빈산96%Type SC/[C085686]직탁용아스코르빈산98%/[C085785]아스코르빈산스테아레이트/[C086801]제피아스코르빈산97ㆍ5%/[C087036]코팅된아스코르빈산/[C088252]아스코르빈산제제/[C089177]아스코르빈산96%SC/[C090019]90%아스코르빈산/[C091430]아스코르빈산유캡/[C094260]95%아스코르빈산/[C094676]3-O-에칠아스코르빈산/[C095118]제피아스코르빈산96%/[C095392]아스코르빌팔미테이트/[C095412]제피아스코르빈사96% Type SC/[C095426]제피아스코르빈산96%가루/[C095604]아스코르빈산90%/[C099084]아스코르빈산팔미테이트/[C099734]아스코르브산90%과립/[C099910]직타용아스코르빈산/[C100271]팔미틴산아스코르빈산/[C100420]엘-아스코르빈산/[C101135]90%아스코르빈산과립/[C102189]아스코르빅애씨드/[C312780]소듐아스코르베이트/[C312824]아스코르빌 테트라이소팔미테이트/[C317903]글루코사민아스코르베이트/[C318482]칼슘 아스코르베이트/[C320842]아스코르빅애씨드/[C400592]아스코르빌니코티네이트/[I000229]아스코르빈산칼슘/[I001468]아스코르빈산제일철/[I001971]마그네슘아스코르베이트/[I003752]아스코르빈산나트륨/[I004351]아스코르브산/[M040354]아스코르빈산/[M050961]아스코르빈산철/[M080210]아스코르빈산나트륨/[M081017]아스코르빈산90%과립/[M081495]아스코르빈산펠렛/[M081615]아스코르빈산제피과립/[M081679]아스코르빈산60%/[M081772]제피아스코르빈산TYPE-SC/[M081998]아스코르빈팔미틴산/[M082617]아스코르빈산제피산/[M082841]아스코르빈산98%과립/[M082845]제피아스코르빈산96%/[M082850]직타용아스코르빈산/[M082857]제피아스코르빈산/[M083022]아스코르빈산96%과립/[M083040]아스코르빈산97%과립/[M083727]아스코르빈산제피산98%DC/[M083960]제피아스코르빈산TYPE-SC/[M083984]아스코르빈산칼슘/[M084311]엘아스코르빈산나트륨/[M084327]아스코르빈산과립/[M084388]아스코르빈산나트륨99%/[M084419]아스코르빈산98%/[M084433]아스코르빈산97ㆍ5%과립/[M084448]아스코르빈산97%/[M084495]아스코르빈산칼슘97%과립/[M084658]아스코르빈산96%/[M084927]제피아스코르빈산96%Type SC/[M085686]직타용아스코르빈산98%/[M087036]제피아스코르빈산/[M088252]아스코르빈산/[M089177]아스코르빈산96%SC/[M090019]아스코르빈산90%/[M091430]아스코르빈산유캡/[M094260]아스코르빈산95%/[M095392]아스코르빌팔미테이트/[M095426]제피아스코르빈산96%가루/[M095604]아스코르빈산90%/[M099084]아스코르빈산팔미테이트/[M100271]팔미틴산아스코르빈산/[M100420]엘-아스코르빈산/[M103048]제피형아스코르빈산96%TypeSC/[M103617]팔미틴산아스코르빌/[M104937]아스코르빈산97%분말/[M105763]아스코르빈산제제/[M107308]제피아스코르빈산97.0%가루/[M107594]소듐엘아스코르베이트/[M201112]아스코르빈산제일철/[M201618]제피아스코르빈사96%TypeSC/[M201620]제피아스코르빈산가루/[M201622]제피아스코르빈산TYPEB/[M203450]아스코르브산/[M203451]아스코르브산소듐/[M203452]아스코르빈산소듐/[M207370]팔미틴산아스코르브산/[M207385]아스코르빈산 97(아스코르빈산으로서 600mg)/[M207533]아스코르빈산 97(아스코르빈산으로서 600㎎)/[M209224]직타용아스코르빈산97%/[M210040]제피아스코르빈산97%과립/[M210875]소듐L-아스코르베이트/[M211316]아스코르빈산 산/[M211364]제피형아스코르빈산96%/[M211402]직타용아스코르빈산 90%/[M212742]아스코르빈산과립 97%(아스코르빈산으로서 83.3밀리그램)/[M214926]제피아스코르빈산 Type SC/[M215692]아스코르빈산(비타민C)/[M216038]아스코르빈산과립97%(아스코르빈산으로서 75밀리그램)/[M216398]아스코르빈산과립97%(아스코르빈산으로서 83.34밀리그램)/[M220142]직타용아스코르빈산(97%)/[M220180]아스코르빈산 97/[M223105]아스코르브산 산/[M223106]아스코르브산 정/[M223107]아스코르브산 주사액/[M224238]아스코르브산97/[M225398]아스코르빈산 Type FC/[M226183]아스코르빈산과립97%/[M227509]아스코르브산97%과립/[M229451]아스코르빈산 90%과립/[M229497]제피아스코르빈산 96% Type SC/[M234001]아스코르브산과립97%/[M236177]아스코르브산 90%과립/[M236913]제피아스코르브산/[M236926]직타용아스코르브산/[M239246]L-아스코르빈산/[M239251]L-아스코르빈산나트륨/[M239556]제피아스코르브산96% Type SC/[M241223]아스코르브산90%과립/[M242242]제피아스코르빈산*/[M243471]엘-아스코르빈산나트륨/[M243491]아스코르브산 97/[M244591]엘-아스코르빈산나트륨/[M244678]아스코르브산 97/[M245849]제피아스코르브산에스씨/[M245878]아스코르브산팔미테이트/[M246161]직타용아스코르브산97%/[M246638]아스코르브산97%/[M246709]아스코르브산나트륨/[M246900]90%아스코르브산/[M248326]아스코르빌나트륨포스페이트/[M249820]아스코르브산96%과립/[M250406]아스코르브산과립/[M250800]제피아스코르브산 TYPE-SC/[M251500]제피아스코르브산96%가루/[M252473]아스코르브산칼슘/[M252874]아스코르브산나트륨/[M252882]L-아스코르브산/[M253028]아스코르브산칼슘수화물/[M254082]제피아스코르브산 Type SC/[M254227]제피형아스코르브산96%TypeSC/[M254749]아스코르브산95%과립/[M254848]90%아스코르브산과립/[M256156]아스코르브산과립96%/[M257558]제피아스코르브산96%/[M257734]아스코르브산 과립90%/[M258008]아스코르브산칼슘이수화물/[M258592]작타용아스코르브산 97 %/[M258994]아스코르브산/[M259386]L-아스코르브산나트륨/[M259573]L-아스코르브산/[M261728]아스코르브산97%(직타용)/[M263901]제피아스코르브산97%가루/[M264037]90%아스코르빈산/[M265896]제피아스코르브산97.5%가루/[M040616]말레인산클로르페니라민/[M050213]말레인산덱스클로르페니라민/[M051529]클로르페니라민/[M082701]디엘말레인산클로르페니라민/[M083325]디말레인산클로르페니라민/[M099959]말레인산클로로페니라민/[M100018]말레산클로르페니라민/[M100476]디말레인산클로르페니라민/[M101581]디엘말레인산클로르페니라민/[M200471]말레인산클로르페니라민제피과립/[M202197]D-말레인산클로르페니라민/[M202204]DL-말레인산클로르페니라민/[M203913]클로르페니라민말레인산염/[M212847]클로르페니라민말레이트/[M223211]클로르페니라민말레산염/[M223212]d-클로르페니라민말레산염/[M223213]클로르페니라민말레산염 산/[M223214]클로르페니라민말레산염 정/[M223215]클로르페니라민말레산염 주사액/[M226783]dl-클로르페니라민말레산염/[M249715]덱스클로르페니라민 말레산염/[M251936]덱스클로르페니라민말레이트/[M223258]티아민염산염/[M223262]티아민질산염/[M243282]티아민질산염3배산","[01140]해열.진통.소염제","","4,000밀리그램",20180831,"아세트아미노펜으로서 4,000mg/day(모든제형, 단일제.복합제 포함)","","정상"
3824,"용량주의","복합",D000147,Acetaminophen,"아세트아미노펜","[D000200]Dextromethorphan(덱스트로메토르판)/[D001116]Methylephedrine(메틸에페드린)/[D001106]Ascorbic acid(아스코르브산)/[D000847]Ethenzamide(에텐자미드)/[D000893]Chlorpheniramine(클로르페니라민)/[D000998]Thiamine(티아민)","[M040353]아세트아미노펜/[M082309]아세트아미노펜제피세립/[M233006]아세트아미노펜 DC 500/600/[M246556]아세트아미노펜 (미분화)/[M262287]아세트아미노펜 과립/[M040084]브롬화수소산덱스트로메토르판/[M202983]덱스트로메토르판브롬화수소산염/[M222957]덱스트로메토르판브롬화수소산염수화물/[A006116]메틸에페드린/[I006391]dl-메틸에페드린염산염/[M204422]dl-메틸에페드린염산염/[M223022]dl-메틸에페드린염산염 산 10%/[M235519]디엘메틸에페드린염산염/[M240608]dI-메틸에페드린염산염/[M240859]디엘-메틸에페드린염산염/[M252389]㎗-메틸에페드린염산염/[M264046]DL-메틸에페드린염산염/[C040354]아스코르빈산/[C050961]아스코르빈산철/[C080210]아스코르빈산나트륨/[C081017]아스코르빈산90%과립/[C081495]아스코르빈산펠렛/[C081615]아스코르빈산 제피과립/[C081679]아스코르빈산60%/[C081772]제피아스코르빈산TYPE-SC/[C081998]아스코르빈팔미틴산/[C082617]아스코르빈산제피산/[C082841]아스코르빈산98%과립/[C082845]제피형아스코르빈산96%/[C082850]직탁용아스코르빈산/[C082857]제피아스코르빈산/[C083022]아스코르빈산96%과립/[C083040]아스코르빈산97%과립/[C083727]아스코르빈산제피산98%DC/[C083984]아스코르빈산칼슘/[C084311]엘-아스코르빈산나트륨/[C084327]아스코르빈산과립/[C084388]아스코르빈산나트륨99%/[C084419]아스코르빈산98%/[C084433]아스코르빈산97ㆍ5%과립/[C084448]아스코르빈산97%/[C084495]아스코르빈산칼슘97%과립/[C084658]아스코르빈산96%/[C084927]제피형아스코르빈산96%Type SC/[C085686]직탁용아스코르빈산98%/[C085785]아스코르빈산스테아레이트/[C086801]제피아스코르빈산97ㆍ5%/[C087036]코팅된아스코르빈산/[C088252]아스코르빈산제제/[C089177]아스코르빈산96%SC/[C090019]90%아스코르빈산/[C091430]아스코르빈산유캡/[C094260]95%아스코르빈산/[C094676]3-O-에칠아스코르빈산/[C095118]제피아스코르빈산96%/[C095392]아스코르빌팔미테이트/[C095412]제피아스코르빈사96% Type SC/[C095426]제피아스코르빈산96%가루/[C095604]아스코르빈산90%/[C099084]아스코르빈산팔미테이트/[C099734]아스코르브산90%과립/[C099910]직타용아스코르빈산/[C100271]팔미틴산아스코르빈산/[C100420]엘-아스코르빈산/[C101135]90%아스코르빈산과립/[C102189]아스코르빅애씨드/[C312780]소듐아스코르베이트/[C312824]아스코르빌 테트라이소팔미테이트/[C317903]글루코사민아스코르베이트/[C318482]칼슘 아스코르베이트/[C320842]아스코르빅애씨드/[C400592]아스코르빌니코티네이트/[I000229]아스코르빈산칼슘/[I001468]아스코르빈산제일철/[I001971]마그네슘아스코르베이트/[I003752]아스코르빈산나트륨/[I004351]아스코르브산/[M040354]아스코르빈산/[M050961]아스코르빈산철/[M080210]아스코르빈산나트륨/[M081017]아스코르빈산90%과립/[M081495]아스코르빈산펠렛/[M081615]아스코르빈산제피과립/[M081679]아스코르빈산60%/[M081772]제피아스코르빈산TYPE-SC/[M081998]아스코르빈팔미틴산/[M082617]아스코르빈산제피산/[M082841]아스코르빈산98%과립/[M082845]제피아스코르빈산96%/[M082850]직타용아스코르빈산/[M082857]제피아스코르빈산/[M083022]아스코르빈산96%과립/[M083040]아스코르빈산97%과립/[M083727]아스코르빈산제피산98%DC/[M083960]제피아스코르빈산TYPE-SC/[M083984]아스코르빈산칼슘/[M084311]엘아스코르빈산나트륨/[M084327]아스코르빈산과립/[M084388]아스코르빈산나트륨99%/[M084419]아스코르빈산98%/[M084433]아스코르빈산97ㆍ5%과립/[M084448]아스코르빈산97%/[M084495]아스코르빈산칼슘97%과립/[M084658]아스코르빈산96%/[M084927]제피아스코르빈산96%Type SC/[M085686]직타용아스코르빈산98%/[M087036]제피아스코르빈산/[M088252]아스코르빈산/[M089177]아스코르빈산96%SC/[M090019]아스코르빈산90%/[M091430]아스코르빈산유캡/[M094260]아스코르빈산95%/[M095392]아스코르빌팔미테이트/[M095426]제피아스코르빈산96%가루/[M095604]아스코르빈산90%/[M099084]아스코르빈산팔미테이트/[M100271]팔미틴산아스코르빈산/[M100420]엘-아스코르빈산/[M103048]제피형아스코르빈산96%TypeSC/[M103617]팔미틴산아스코르빌/[M104937]아스코르빈산97%분말/[M105763]아스코르빈산제제/[M107308]제피아스코르빈산97.0%가루/[M107594]소듐엘아스코르베이트/[M201112]아스코르빈산제일철/[M201618]제피아스코르빈사96%TypeSC/[M201620]제피아스코르빈산가루/[M201622]제피아스코르빈산TYPEB/[M203450]아스코르브산/[M203451]아스코르브산소듐/[M203452]아스코르빈산소듐/[M207370]팔미틴산아스코르브산/[M207385]아스코르빈산 97(아스코르빈산으로서 600mg)/[M207533]아스코르빈산 97(아스코르빈산으로서 600㎎)/[M209224]직타용아스코르빈산97%/[M210040]제피아스코르빈산97%과립/[M210875]소듐L-아스코르베이트/[M211316]아스코르빈산 산/[M211364]제피형아스코르빈산96%/[M211402]직타용아스코르빈산 90%/[M212742]아스코르빈산과립 97%(아스코르빈산으로서 83.3밀리그램)/[M214926]제피아스코르빈산 Type SC/[M215692]아스코르빈산(비타민C)/[M216038]아스코르빈산과립97%(아스코르빈산으로서 75밀리그램)/[M216398]아스코르빈산과립97%(아스코르빈산으로서 83.34밀리그램)/[M220142]직타용아스코르빈산(97%)/[M220180]아스코르빈산 97/[M223105]아스코르브산 산/[M223106]아스코르브산 정/[M223107]아스코르브산 주사액/[M224238]아스코르브산97/[M225398]아스코르빈산 Type FC/[M226183]아스코르빈산과립97%/[M227509]아스코르브산97%과립/[M229451]아스코르빈산 90%과립/[M229497]제피아스코르빈산 96% Type SC/[M234001]아스코르브산과립97%/[M236177]아스코르브산 90%과립/[M236913]제피아스코르브산/[M236926]직타용아스코르브산/[M239246]L-아스코르빈산/[M239251]L-아스코르빈산나트륨/[M239556]제피아스코르브산96% Type SC/[M241223]아스코르브산90%과립/[M242242]제피아스코르빈산*/[M243471]엘-아스코르빈산나트륨/[M243491]아스코르브산 97/[M244591]엘-아스코르빈산나트륨/[M244678]아스코르브산 97/[M245849]제피아스코르브산에스씨/[M245878]아스코르브산팔미테이트/[M246161]직타용아스코르브산97%/[M246638]아스코르브산97%/[M246709]아스코르브산나트륨/[M246900]90%아스코르브산/[M248326]아스코르빌나트륨포스페이트/[M249820]아스코르브산96%과립/[M250406]아스코르브산과립/[M250800]제피아스코르브산 TYPE-SC/[M251500]제피아스코르브산96%가루/[M252473]아스코르브산칼슘/[M252874]아스코르브산나트륨/[M252882]L-아스코르브산/[M253028]아스코르브산칼슘수화물/[M254082]제피아스코르브산 Type SC/[M254227]제피형아스코르브산96%TypeSC/[M254749]아스코르브산95%과립/[M254848]90%아스코르브산과립/[M256156]아스코르브산과립96%/[M257558]제피아스코르브산96%/[M257734]아스코르브산 과립90%/[M258008]아스코르브산칼슘이수화물/[M258592]작타용아스코르브산 97 %/[M258994]아스코르브산/[M259386]L-아스코르브산나트륨/[M259573]L-아스코르브산/[M261728]아스코르브산97%(직타용)/[M263901]제피아스코르브산97%가루/[M264037]90%아스코르빈산/[M265896]제피아스코르브산97.5%가루/[M040417]에텐자미드/[M095771]에덴자미드/[M040616]말레인산클로르페니라민/[M050213]말레인산덱스클로르페니라민/[M051529]클로르페니라민/[M082701]디엘말레인산클로르페니라민/[M083325]디말레인산클로르페니라민/[M099959]말레인산클로로페니라민/[M100018]말레산클로르페니라민/[M100476]디말레인산클로르페니라민/[M101581]디엘말레인산클로르페니라민/[M200471]말레인산클로르페니라민제피과립/[M202197]D-말레인산클로르페니라민/[M202204]DL-말레인산클로르페니라민/[M203913]클로르페니라민말레인산염/[M212847]클로르페니라민말레이트/[M223211]클로르페니라민말레산염/[M223212]d-클로르페니라민말레산염/[M223213]클로르페니라민말레산염 산/[M223214]클로르페니라민말레산염 정/[M223215]클로르페니라민말레산염 주사액/[M226783]dl-클로르페니라민말레산염/[M249715]덱스클로르페니라민 말레산염/[M251936]덱스클로르페니라민말레이트/[M223258]티아민염산염/[M223262]티아민질산염/[M243282]티아민질산염3배산","[01140]해열.진통.소염제","","4,000밀리그램",20180831,"아세트아미노펜으로서 4,000mg/day(모든제형, 단일제.복합제 포함)","","정상"
3826,"용량주의","복합",D000147,Acetaminophen,"아세트아미노펜","[D001101]Riboflavin(리보플라빈)/[D000448]Pseudoephedrine(슈도에페드린)/[D001106]Ascorbic acid(아스코르브산)/[D000852]Caffeine(카페인)/[D000893]Chlorpheniramine(클로르페니라민)/[D000998]Thiamine(티아민)","[M040353]아세트아미노펜/[M082309]아세트아미노펜제피세립/[M233006]아세트아미노펜 DC 500/600/[M246556]아세트아미노펜 (미분화)/[M262287]아세트아미노펜 과립/[C040133]리보플라빈/[C040512]인산리보플라빈나트륨/[C050367]테트라부티르산리보플라빈/[C050368]인산리보플라빈/[C050369]리보플라빈-5-인산나트륨/[C081186]리보플라빈33 1/3%/[C082711]리보플라빈낙산에스텔/[C082719]리보플라빈331/3%산/[C083052]리보플라빈98%DC/[C083101]낙산리보플라빈/[C083163]리보플라빈98%/[C083404]리보플라빈33 1/3%과립/[C084424]염산리보플라빈나트륨/[C085688]직탁용리보플라빈98%/[C089984]리보플라빈인산나트륨/[C090982]리보플라빈산나트륨/[C091022]리보플라빈98%과립/[C091383]리보플라빈25%과립/[C092484]부티르산리보플라빈/[C100456]리보플라빈3배산/[C100480]인산리보플라빈나트륨이수화물/[C101969]리보플라빈E101/[C202525]리보플라빈/[C401176]리보플라빈/[C407713]소듐리보플라빈포스페이트/[C409503]리보플라빈테트라부티레이트/[C422825]리보플라빈/[C422826]리보플라빈테트라부티레이트/[C422827]리보플라빈테트라아세테이트/[C425375]소듐리보플라빈포스페이트/[I003529]리보플라빈/[I003530]리보플라빈포스페이트나트륨/[I006525]리보플라빈부티레이트/[I007430]인산리보플라빈/[I007658]인산리보플라빈나트륨이수화물/[I007907]리보플라빈산나트륨/[M040133]리보플라빈/[M040512]인산리보플라빈나트륨/[M050367]테트라부티르산리보플라빈/[M050368]인산리보플라빈/[M050369]리보플라빈-5-인산나트륨/[M081186]리보플라빈33 1/3%/[M082711]리보플라빈낙산에스텔/[M082719]리보플라빈33 1/3%산/[M083052]리보플라빈98%DC/[M083101]낙산리보플라빈/[M083163]리보플라빈98%/[M083404]리보플라빈33 1/3%과립/[M085688]직탁용리보플라빈98%/[M090982]리보플라빈산나트륨/[M091022]리보플라빈98%과립/[M091383]리보플라빈25%과립/[M092484]부티르산리보플라빈/[M100456]리보플라빈3배산/[M100480]인산리보플라빈나트륨이수화물/[M101969]리보플라빈E101/[M200421]리보플라빈33ㆍ3%/[M200422]리보플라빈33ㆍ3%과립/[M200423]리보플라빈33ㆍ3%산/[M203723]인산리보플라빈소듐/[M206124]조리보플라빈/[M216041]리보플라빈3배산(리보플라빈으로서 5밀리그램)/[M216399]리보플라빈 3배산(리보플라빈으로서 0.84밀리그램)/[M217503]리보플라빈인산에스텔나트륨/[M218021]안산리보플라빈나트륨/[M222995]리보플라빈부티레이트/[M222996]리보플라빈포스페이트나트륨/[M222997]리보플라빈포스페이트나트륨 주사액/[M232651]제피리보플라빈/[M249967]리보플라빈부틸레이트/[M249982]리보플라빈나트륨포스페이트/[M050833]염산슈도에페드린/[M081720]황산슈도에페드린/[M203364]슈도에페드린염산염/[M222865]수도에페드린염산염/[M248579]수도에페드린황산염/[M256034]수도에페드린염산염 과립/[M258826]수도에페드린/[C040354]아스코르빈산/[C050961]아스코르빈산철/[C080210]아스코르빈산나트륨/[C081017]아스코르빈산90%과립/[C081495]아스코르빈산펠렛/[C081615]아스코르빈산 제피과립/[C081679]아스코르빈산60%/[C081772]제피아스코르빈산TYPE-SC/[C081998]아스코르빈팔미틴산/[C082617]아스코르빈산제피산/[C082841]아스코르빈산98%과립/[C082845]제피형아스코르빈산96%/[C082850]직탁용아스코르빈산/[C082857]제피아스코르빈산/[C083022]아스코르빈산96%과립/[C083040]아스코르빈산97%과립/[C083727]아스코르빈산제피산98%DC/[C083984]아스코르빈산칼슘/[C084311]엘-아스코르빈산나트륨/[C084327]아스코르빈산과립/[C084388]아스코르빈산나트륨99%/[C084419]아스코르빈산98%/[C084433]아스코르빈산97ㆍ5%과립/[C084448]아스코르빈산97%/[C084495]아스코르빈산칼슘97%과립/[C084658]아스코르빈산96%/[C084927]제피형아스코르빈산96%Type SC/[C085686]직탁용아스코르빈산98%/[C085785]아스코르빈산스테아레이트/[C086801]제피아스코르빈산97ㆍ5%/[C087036]코팅된아스코르빈산/[C088252]아스코르빈산제제/[C089177]아스코르빈산96%SC/[C090019]90%아스코르빈산/[C091430]아스코르빈산유캡/[C094260]95%아스코르빈산/[C094676]3-O-에칠아스코르빈산/[C095118]제피아스코르빈산96%/[C095392]아스코르빌팔미테이트/[C095412]제피아스코르빈사96% Type SC/[C095426]제피아스코르빈산96%가루/[C095604]아스코르빈산90%/[C099084]아스코르빈산팔미테이트/[C099734]아스코르브산90%과립/[C099910]직타용아스코르빈산/[C100271]팔미틴산아스코르빈산/[C100420]엘-아스코르빈산/[C101135]90%아스코르빈산과립/[C102189]아스코르빅애씨드/[C312780]소듐아스코르베이트/[C312824]아스코르빌 테트라이소팔미테이트/[C317903]글루코사민아스코르베이트/[C318482]칼슘 아스코르베이트/[C320842]아스코르빅애씨드/[C400592]아스코르빌니코티네이트/[I000229]아스코르빈산칼슘/[I001468]아스코르빈산제일철/[I001971]마그네슘아스코르베이트/[I003752]아스코르빈산나트륨/[I004351]아스코르브산/[M040354]아스코르빈산/[M050961]아스코르빈산철/[M080210]아스코르빈산나트륨/[M081017]아스코르빈산90%과립/[M081495]아스코르빈산펠렛/[M081615]아스코르빈산제피과립/[M081679]아스코르빈산60%/[M081772]제피아스코르빈산TYPE-SC/[M081998]아스코르빈팔미틴산/[M082617]아스코르빈산제피산/[M082841]아스코르빈산98%과립/[M082845]제피아스코르빈산96%/[M082850]직타용아스코르빈산/[M082857]제피아스코르빈산/[M083022]아스코르빈산96%과립/[M083040]아스코르빈산97%과립/[M083727]아스코르빈산제피산98%DC/[M083960]제피아스코르빈산TYPE-SC/[M083984]아스코르빈산칼슘/[M084311]엘아스코르빈산나트륨/[M084327]아스코르빈산과립/[M084388]아스코르빈산나트륨99%/[M084419]아스코르빈산98%/[M084433]아스코르빈산97ㆍ5%과립/[M084448]아스코르빈산97%/[M084495]아스코르빈산칼슘97%과립/[M084658]아스코르빈산96%/[M084927]제피아스코르빈산96%Type SC/[M085686]직타용아스코르빈산98%/[M087036]제피아스코르빈산/[M088252]아스코르빈산/[M089177]아스코르빈산96%SC/[M090019]아스코르빈산90%/[M091430]아스코르빈산유캡/[M094260]아스코르빈산95%/[M095392]아스코르빌팔미테이트/[M095426]제피아스코르빈산96%가루/[M095604]아스코르빈산90%/[M099084]아스코르빈산팔미테이트/[M100271]팔미틴산아스코르빈산/[M100420]엘-아스코르빈산/[M103048]제피형아스코르빈산96%TypeSC/[M103617]팔미틴산아스코르빌/[M104937]아스코르빈산97%분말/[M105763]아스코르빈산제제/[M107308]제피아스코르빈산97.0%가루/[M107594]소듐엘아스코르베이트/[M201112]아스코르빈산제일철/[M201618]제피아스코르빈사96%TypeSC/[M201620]제피아스코르빈산가루/[M201622]제피아스코르빈산TYPEB/[M203450]아스코르브산/[M203451]아스코르브산소듐/[M203452]아스코르빈산소듐/[M207370]팔미틴산아스코르브산/[M207385]아스코르빈산 97(아스코르빈산으로서 600mg)/[M207533]아스코르빈산 97(아스코르빈산으로서 600㎎)/[M209224]직타용아스코르빈산97%/[M210040]제피아스코르빈산97%과립/[M210875]소듐L-아스코르베이트/[M211316]아스코르빈산 산/[M211364]제피형아스코르빈산96%/[M211402]직타용아스코르빈산 90%/[M212742]아스코르빈산과립 97%(아스코르빈산으로서 83.3밀리그램)/[M214926]제피아스코르빈산 Type SC/[M215692]아스코르빈산(비타민C)/[M216038]아스코르빈산과립97%(아스코르빈산으로서 75밀리그램)/[M216398]아스코르빈산과립97%(아스코르빈산으로서 83.34밀리그램)/[M220142]직타용아스코르빈산(97%)/[M220180]아스코르빈산 97/[M223105]아스코르브산 산/[M223106]아스코르브산 정/[M223107]아스코르브산 주사액/[M224238]아스코르브산97/[M225398]아스코르빈산 Type FC/[M226183]아스코르빈산과립97%/[M227509]아스코르브산97%과립/[M229451]아스코르빈산 90%과립/[M229497]제피아스코르빈산 96% Type SC/[M234001]아스코르브산과립97%/[M236177]아스코르브산 90%과립/[M236913]제피아스코르브산/[M236926]직타용아스코르브산/[M239246]L-아스코르빈산/[M239251]L-아스코르빈산나트륨/[M239556]제피아스코르브산96% Type SC/[M241223]아스코르브산90%과립/[M242242]제피아스코르빈산*/[M243471]엘-아스코르빈산나트륨/[M243491]아스코르브산 97/[M244591]엘-아스코르빈산나트륨/[M244678]아스코르브산 97/[M245849]제피아스코르브산에스씨/[M245878]아스코르브산팔미테이트/[M246161]직타용아스코르브산97%/[M246638]아스코르브산97%/[M246709]아스코르브산나트륨/[M246900]90%아스코르브산/[M248326]아스코르빌나트륨포스페이트/[M249820]아스코르브산96%과립/[M250406]아스코르브산과립/[M250800]제피아스코르브산 TYPE-SC/[M251500]제피아스코르브산96%가루/[M252473]아스코르브산칼슘/[M252874]아스코르브산나트륨/[M252882]L-아스코르브산/[M253028]아스코르브산칼슘수화물/[M254082]제피아스코르브산 Type SC/[M254227]제피형아스코르브산96%TypeSC/[M254749]아스코르브산95%과립/[M254848]90%아스코르브산과립/[M256156]아스코르브산과립96%/[M257558]제피아스코르브산96%/[M257734]아스코르브산 과립90%/[M258008]아스코르브산칼슘이수화물/[M258592]작타용아스코르브산 97 %/[M258994]아스코르브산/[M259386]L-아스코르브산나트륨/[M259573]L-아스코르브산/[M261728]아스코르브산97%(직타용)/[M263901]제피아스코르브산97%가루/[M264037]90%아스코르빈산/[M265896]제피아스코르브산97.5%가루/[M040579]카페인(함수)/[M040580]무수카페인/[M090611]카페인/[M223183]카페인무수물/[M223184]카페인수화물/[M241017]무수물카페인/[M040616]말레인산클로르페니라민/[M050213]말레인산덱스클로르페니라민/[M051529]클로르페니라민/[M082701]디엘말레인산클로르페니라민/[M083325]디말레인산클로르페니라민/[M099959]말레인산클로로페니라민/[M100018]말레산클로르페니라민/[M100476]디말레인산클로르페니라민/[M101581]디엘말레인산클로르페니라민/[M200471]말레인산클로르페니라민제피과립/[M202197]D-말레인산클로르페니라민/[M202204]DL-말레인산클로르페니라민/[M203913]클로르페니라민말레인산염/[M212847]클로르페니라민말레이트/[M223211]클로르페니라민말레산염/[M223212]d-클로르페니라민말레산염/[M223213]클로르페니라민말레산염 산/[M223214]클로르페니라민말레산염 정/[M223215]클로르페니라민말레산염 주사액/[M226783]dl-클로르페니라민말레산염/[M249715]덱스클로르페니라민 말레산염/[M251936]덱스클로르페니라민말레이트/[M223258]티아민염산염/[M223262]티아민질산염/[M243282]티아민질산염3배산","[01140]해열.진통.소염제","","4,000밀리그램",20180831,"아세트아미노펜으로서 4,000mg/day(모든제형, 단일제.복합제 포함)","","정상"
3684,"용량주의","복합",D000147,Acetaminophen,"아세트아미노펜","[D000493]Guaifenesin(구아이페네신)/[D001116]Methylephedrine(메틸에페드린)/[D000981]Cloperastine(클로페라스틴)","[M040353]아세트아미노펜/[M082309]아세트아미노펜제피세립/[M233006]아세트아미노펜 DC 500/600/[M246556]아세트아미노펜 (미분화)/[M262287]아세트아미노펜 과립/[M050058]구아이페네신/[A006116]메틸에페드린/[I006391]dl-메틸에페드린염산염/[M204422]dl-메틸에페드린염산염/[M223022]dl-메틸에페드린염산염 산 10%/[M235519]디엘메틸에페드린염산염/[M240608]dI-메틸에페드린염산염/[M240859]디엘-메틸에페드린염산염/[M252389]㎗-메틸에페드린염산염/[M264046]DL-메틸에페드린염산염/[M051546]염산클로페라스틴/[M051547]펜디조산클로페라스틴/[M222890]클로페라스틴염산염","[01140]해열.진통.소염제","","4,000밀리그램",20180831,"아세트아미노펜으로서 4,000mg/day(모든제형, 단일제.복합제 포함)","","정상"
3685,"용량주의","복합",D000147,Acetaminophen,"아세트아미노펜","[D000493]Guaifenesin(구아이페네신)/[D001116]Methylephedrine(메틸에페드린)/[D000933]Tipepidine(티페피딘)","[M040353]아세트아미노펜/[M082309]아세트아미노펜제피세립/[M233006]아세트아미노펜 DC 500/600/[M246556]아세트아미노펜 (미분화)/[M262287]아세트아미노펜 과립/[M050058]구아이페네신/[A006116]메틸에페드린/[I006391]dl-메틸에페드린염산염/[M204422]dl-메틸에페드린염산염/[M223022]dl-메틸에페드린염산염 산 10%/[M235519]디엘메틸에페드린염산염/[M240608]dI-메틸에페드린염산염/[M240859]디엘-메틸에페드린염산염/[M252389]㎗-메틸에페드린염산염/[M264046]DL-메틸에페드린염산염/[M051662]구연산티페피딘/[M051663]히벤즈산티페피딘/[M223274]티페피딘히벤즈산염 정/[M254445]티페피딘시트르산염","[01140]해열.진통.소염제","","4,000밀리그램",20180831,"아세트아미노펜으로서 4,000mg/day(모든제형, 단일제.복합제 포함)","","정상"
3686,"용량주의","복합",D000147,Acetaminophen,"아세트아미노펜","[D000493]Guaifenesin(구아이페네신)/[D001056]Benzoic Acid & Sodium Benzoate(벤조산 및 벤조산나트륨(안식향산 및 안식향산나트륨))/[D001111]Oxomemazine(옥소메마진)","[M040353]아세트아미노펜/[M082309]아세트아미노펜제피세립/[M233006]아세트아미노펜 DC 500/600/[M246556]아세트아미노펜 (미분화)/[M262287]아세트아미노펜 과립/[M050058]구아이페네신/[I003756]벤조산나트륨/[I004495]벤조산/[M040380]안식향산/[M040381]안식향산나트륨/[M040382]안식향산나트륨카페인/[M090660]조안식향산/[M092250]벤조인산나트륨/[M096406]소디움벤조에이트/[M103142]벤조인산/[M203215]벤조산/[M203218]벤조산소듐/[M212526]소듐벤조에이트/[M214203]안식향산 나트륨/[M223053]벤조산나트륨/[M223054]벤조산나트륨카페인/[M239897]안식향산나트륨/[M243055]안식향산나트륨/[M256714]배산벤조산/[M264299]소듐벤조산/[C071095]염산옥소메마진/[C082335]옥소메마진염기/[C082836]옥소메마진/[I002761]옥소메마진/[I002762]염산옥소메마진/[M071095]염산옥소메마진/[M082836]옥소메마진/[M245764]옥소메마진염산염","[02220]진해거담제","","4,000밀리그램",20180831,"아세트아미노펜으로서 4,000mg/day(모든제형, 단일제.복합제 포함)","","정상"
3687,"용량주의","복합",D000147,Acetaminophen,"아세트아미노펜","[D000493]Guaifenesin(구아이페네신)/[D000448]Pseudoephedrine(슈도에페드린)/[D000893]Chlorpheniramine(클로르페니라민)","[M040353]아세트아미노펜/[M082309]아세트아미노펜제피세립/[M233006]아세트아미노펜 DC 500/600/[M246556]아세트아미노펜 (미분화)/[M262287]아세트아미노펜 과립/[M050058]구아이페네신/[M050833]염산슈도에페드린/[M081720]황산슈도에페드린/[M203364]슈도에페드린염산염/[M222865]수도에페드린염산염/[M248579]수도에페드린황산염/[M256034]수도에페드린염산염 과립/[M258826]수도에페드린/[M040616]말레인산클로르페니라민/[M050213]말레인산덱스클로르페니라민/[M051529]클로르페니라민/[M082701]디엘말레인산클로르페니라민/[M083325]디말레인산클로르페니라민/[M099959]말레인산클로로페니라민/[M100018]말레산클로르페니라민/[M100476]디말레인산클로르페니라민/[M101581]디엘말레인산클로르페니라민/[M200471]말레인산클로르페니라민제피과립/[M202197]D-말레인산클로르페니라민/[M202204]DL-말레인산클로르페니라민/[M203913]클로르페니라민말레인산염/[M212847]클로르페니라민말레이트/[M223211]클로르페니라민말레산염/[M223212]d-클로르페니라민말레산염/[M223213]클로르페니라민말레산염 산/[M223214]클로르페니라민말레산염 정/[M223215]클로르페니라민말레산염 주사액/[M226783]dl-클로르페니라민말레산염/[M249715]덱스클로르페니라민 말레산염/[M251936]덱스클로르페니라민말레이트","[01140]해열.진통.소염제","","4,000밀리그램",20180831,"아세트아미노펜으로서 4,000mg/day(모든제형, 단일제.복합제 포함)","","정상"
3827,"용량주의","복합",D000147,Acetaminophen,"아세트아미노펜","[D001116]Methylephedrine(메틸에페드린)/[D000448]Pseudoephedrine(슈도에페드린)/[D001106]Ascorbic acid(아스코르브산)/[D000852]Caffeine(카페인)/[D000893]Chlorpheniramine(클로르페니라민)/[D000981]Cloperastine(클로페라스틴)","[M040353]아세트아미노펜/[M082309]아세트아미노펜제피세립/[M233006]아세트아미노펜 DC 500/600/[M246556]아세트아미노펜 (미분화)/[M262287]아세트아미노펜 과립/[A006116]메틸에페드린/[I006391]dl-메틸에페드린염산염/[M204422]dl-메틸에페드린염산염/[M223022]dl-메틸에페드린염산염 산 10%/[M235519]디엘메틸에페드린염산염/[M240608]dI-메틸에페드린염산염/[M240859]디엘-메틸에페드린염산염/[M252389]㎗-메틸에페드린염산염/[M264046]DL-메틸에페드린염산염/[M050833]염산슈도에페드린/[M081720]황산슈도에페드린/[M203364]슈도에페드린염산염/[M222865]수도에페드린염산염/[M248579]수도에페드린황산염/[M256034]수도에페드린염산염 과립/[M258826]수도에페드린/[C040354]아스코르빈산/[C050961]아스코르빈산철/[C080210]아스코르빈산나트륨/[C081017]아스코르빈산90%과립/[C081495]아스코르빈산펠렛/[C081615]아스코르빈산 제피과립/[C081679]아스코르빈산60%/[C081772]제피아스코르빈산TYPE-SC/[C081998]아스코르빈팔미틴산/[C082617]아스코르빈산제피산/[C082841]아스코르빈산98%과립/[C082845]제피형아스코르빈산96%/[C082850]직탁용아스코르빈산/[C082857]제피아스코르빈산/[C083022]아스코르빈산96%과립/[C083040]아스코르빈산97%과립/[C083727]아스코르빈산제피산98%DC/[C083984]아스코르빈산칼슘/[C084311]엘-아스코르빈산나트륨/[C084327]아스코르빈산과립/[C084388]아스코르빈산나트륨99%/[C084419]아스코르빈산98%/[C084433]아스코르빈산97ㆍ5%과립/[C084448]아스코르빈산97%/[C084495]아스코르빈산칼슘97%과립/[C084658]아스코르빈산96%/[C084927]제피형아스코르빈산96%Type SC/[C085686]직탁용아스코르빈산98%/[C085785]아스코르빈산스테아레이트/[C086801]제피아스코르빈산97ㆍ5%/[C087036]코팅된아스코르빈산/[C088252]아스코르빈산제제/[C089177]아스코르빈산96%SC/[C090019]90%아스코르빈산/[C091430]아스코르빈산유캡/[C094260]95%아스코르빈산/[C094676]3-O-에칠아스코르빈산/[C095118]제피아스코르빈산96%/[C095392]아스코르빌팔미테이트/[C095412]제피아스코르빈사96% Type SC/[C095426]제피아스코르빈산96%가루/[C095604]아스코르빈산90%/[C099084]아스코르빈산팔미테이트/[C099734]아스코르브산90%과립/[C099910]직타용아스코르빈산/[C100271]팔미틴산아스코르빈산/[C100420]엘-아스코르빈산/[C101135]90%아스코르빈산과립/[C102189]아스코르빅애씨드/[C312780]소듐아스코르베이트/[C312824]아스코르빌 테트라이소팔미테이트/[C317903]글루코사민아스코르베이트/[C318482]칼슘 아스코르베이트/[C320842]아스코르빅애씨드/[C400592]아스코르빌니코티네이트/[I000229]아스코르빈산칼슘/[I001468]아스코르빈산제일철/[I001971]마그네슘아스코르베이트/[I003752]아스코르빈산나트륨/[I004351]아스코르브산/[M040354]아스코르빈산/[M050961]아스코르빈산철/[M080210]아스코르빈산나트륨/[M081017]아스코르빈산90%과립/[M081495]아스코르빈산펠렛/[M081615]아스코르빈산제피과립/[M081679]아스코르빈산60%/[M081772]제피아스코르빈산TYPE-SC/[M081998]아스코르빈팔미틴산/[M082617]아스코르빈산제피산/[M082841]아스코르빈산98%과립/[M082845]제피아스코르빈산96%/[M082850]직타용아스코르빈산/[M082857]제피아스코르빈산/[M083022]아스코르빈산96%과립/[M083040]아스코르빈산97%과립/[M083727]아스코르빈산제피산98%DC/[M083960]제피아스코르빈산TYPE-SC/[M083984]아스코르빈산칼슘/[M084311]엘아스코르빈산나트륨/[M084327]아스코르빈산과립/[M084388]아스코르빈산나트륨99%/[M084419]아스코르빈산98%/[M084433]아스코르빈산97ㆍ5%과립/[M084448]아스코르빈산97%/[M084495]아스코르빈산칼슘97%과립/[M084658]아스코르빈산96%/[M084927]제피아스코르빈산96%Type SC/[M085686]직타용아스코르빈산98%/[M087036]제피아스코르빈산/[M088252]아스코르빈산/[M089177]아스코르빈산96%SC/[M090019]아스코르빈산90%/[M091430]아스코르빈산유캡/[M094260]아스코르빈산95%/[M095392]아스코르빌팔미테이트/[M095426]제피아스코르빈산96%가루/[M095604]아스코르빈산90%/[M099084]아스코르빈산팔미테이트/[M100271]팔미틴산아스코르빈산/[M100420]엘-아스코르빈산/[M103048]제피형아스코르빈산96%TypeSC/[M103617]팔미틴산아스코르빌/[M104937]아스코르빈산97%분말/[M105763]아스코르빈산제제/[M107308]제피아스코르빈산97.0%가루/[M107594]소듐엘아스코르베이트/[M201112]아스코르빈산제일철/[M201618]제피아스코르빈사96%TypeSC/[M201620]제피아스코르빈산가루/[M201622]제피아스코르빈산TYPEB/[M203450]아스코르브산/[M203451]아스코르브산소듐/[M203452]아스코르빈산소듐/[M207370]팔미틴산아스코르브산/[M207385]아스코르빈산 97(아스코르빈산으로서 600mg)/[M207533]아스코르빈산 97(아스코르빈산으로서 600㎎)/[M209224]직타용아스코르빈산97%/[M210040]제피아스코르빈산97%과립/[M210875]소듐L-아스코르베이트/[M211316]아스코르빈산 산/[M211364]제피형아스코르빈산96%/[M211402]직타용아스코르빈산 90%/[M212742]아스코르빈산과립 97%(아스코르빈산으로서 83.3밀리그램)/[M214926]제피아스코르빈산 Type SC/[M215692]아스코르빈산(비타민C)/[M216038]아스코르빈산과립97%(아스코르빈산으로서 75밀리그램)/[M216398]아스코르빈산과립97%(아스코르빈산으로서 83.34밀리그램)/[M220142]직타용아스코르빈산(97%)/[M220180]아스코르빈산 97/[M223105]아스코르브산 산/[M223106]아스코르브산 정/[M223107]아스코르브산 주사액/[M224238]아스코르브산97/[M225398]아스코르빈산 Type FC/[M226183]아스코르빈산과립97%/[M227509]아스코르브산97%과립/[M229451]아스코르빈산 90%과립/[M229497]제피아스코르빈산 96% Type SC/[M234001]아스코르브산과립97%/[M236177]아스코르브산 90%과립/[M236913]제피아스코르브산/[M236926]직타용아스코르브산/[M239246]L-아스코르빈산/[M239251]L-아스코르빈산나트륨/[M239556]제피아스코르브산96% Type SC/[M241223]아스코르브산90%과립/[M242242]제피아스코르빈산*/[M243471]엘-아스코르빈산나트륨/[M243491]아스코르브산 97/[M244591]엘-아스코르빈산나트륨/[M244678]아스코르브산 97/[M245849]제피아스코르브산에스씨/[M245878]아스코르브산팔미테이트/[M246161]직타용아스코르브산97%/[M246638]아스코르브산97%/[M246709]아스코르브산나트륨/[M246900]90%아스코르브산/[M248326]아스코르빌나트륨포스페이트/[M249820]아스코르브산96%과립/[M250406]아스코르브산과립/[M250800]제피아스코르브산 TYPE-SC/[M251500]제피아스코르브산96%가루/[M252473]아스코르브산칼슘/[M252874]아스코르브산나트륨/[M252882]L-아스코르브산/[M253028]아스코르브산칼슘수화물/[M254082]제피아스코르브산 Type SC/[M254227]제피형아스코르브산96%TypeSC/[M254749]아스코르브산95%과립/[M254848]90%아스코르브산과립/[M256156]아스코르브산과립96%/[M257558]제피아스코르브산96%/[M257734]아스코르브산 과립90%/[M258008]아스코르브산칼슘이수화물/[M258592]작타용아스코르브산 97 %/[M258994]아스코르브산/[M259386]L-아스코르브산나트륨/[M259573]L-아스코르브산/[M261728]아스코르브산97%(직타용)/[M263901]제피아스코르브산97%가루/[M264037]90%아스코르빈산/[M265896]제피아스코르브산97.5%가루/[M040579]카페인(함수)/[M040580]무수카페인/[M090611]카페인/[M223183]카페인무수물/[M223184]카페인수화물/[M241017]무수물카페인/[M040616]말레인산클로르페니라민/[M050213]말레인산덱스클로르페니라민/[M051529]클로르페니라민/[M082701]디엘말레인산클로르페니라민/[M083325]디말레인산클로르페니라민/[M099959]말레인산클로로페니라민/[M100018]말레산클로르페니라민/[M100476]디말레인산클로르페니라민/[M101581]디엘말레인산클로르페니라민/[M200471]말레인산클로르페니라민제피과립/[M202197]D-말레인산클로르페니라민/[M202204]DL-말레인산클로르페니라민/[M203913]클로르페니라민말레인산염/[M212847]클로르페니라민말레이트/[M223211]클로르페니라민말레산염/[M223212]d-클로르페니라민말레산염/[M223213]클로르페니라민말레산염 산/[M223214]클로르페니라민말레산염 정/[M223215]클로르페니라민말레산염 주사액/[M226783]dl-클로르페니라민말레산염/[M249715]덱스클로르페니라민 말레산염/[M251936]덱스클로르페니라민말레이트/[M051546]염산클로페라스틴/[M051547]펜디조산클로페라스틴/[M222890]클로페라스틴염산염","[01140]해열.진통.소염제","","4,000밀리그램",20180831,"아세트아미노펜으로서 4,000mg/day(모든제형, 단일제.복합제 포함)","","정상"
3831,"용량주의","복합",D000147,Acetaminophen,"아세트아미노펜","[D001093]Galgeun-tang(갈근탕)/[D001109]Potassium Guaiacolsulfonate(구아야콜설폰산칼륨)/[D000200]Dextromethorphan(덱스트로메토르판)/[D000448]Pseudoephedrine(슈도에페드린)/[D001106]Ascorbic acid(아스코르브산)/[D000852]Caffeine(카페인)/[D000893]Chlorpheniramine(클로르페니라민)","[M040353]아세트아미노펜/[M082309]아세트아미노펜제피세립/[M233006]아세트아미노펜 DC 500/600/[M246556]아세트아미노펜 (미분화)/[M262287]아세트아미노펜 과립/[C084556]갈근탕엑스/[C085494]갈근탕엑스분말/[C085503]갈근탕건조엑스/[C086018]갈근탕연조엑스/[C090838]갈근탕엑스과립/[C096410]갈근탕엑스정건조엑스/[C096710]갈근탕건조엑스[10→1]/[C100973]갈근탕엑스(10→1)/[M084556]갈근탕엑스/[M085494]갈근탕엑스분말/[M085503]갈근탕건조엑스/[M086018]갈근탕연조엑스/[M096410]갈근탕엑스정건조엑스/[M096710]갈근탕건조엑스[10→1]/[M100973]갈근탕엑스(10→1)/[M103265]갈근탕엑스말(10→1)/[M103916]갈근탕연조엑스(4.32→1)/[M104358]갈근탕엑스말/[M104683]갈근탕건조엑스(6.80→1)/[M104753]갈근탕연조엑스(3.4→1)/[M105329]갈근탕수침건조엑기스/[M105588]갈근탕건조엑스(5.78→1)/[M105816]갈근탕엑스분말(6→1)/[M105833]갈근탕연조엑스(4.17→1)/[M200049]갈근탕엑스가루/[M214453]갈근탕 연조엑스(4→1)/[M217483]갈근탕연조엑스(3->1)/[M229053]갈근탕 연조엑스(3.33→1)/[M250041]갈근탕엑스(5.81:1)/[M252043]갈근탕연조엑스[2.78→1]/[M252386]갈근탕연조엑스
(3.33→1)/[M259853]갈근탕건조엑스(6.31:1)/[M260768]갈근탕연조엑스(3.08→1)/[M261860]갈근탕건조엑스(5.6→1)/[M267754]갈근탕건조엑스(4→1)/[C050059]구아야콜설폰산칼륨/[I005220]구아야콜설폰산칼륨/[M050059]구아야콜설폰산칼륨/[M251709]구아야콜설폰산칼륨(무수물로서 45밀리그램)/[M263120]구아야콜설폰산칼륨수화물/[M040084]브롬화수소산덱스트로메토르판/[M202983]덱스트로메토르판브롬화수소산염/[M222957]덱스트로메토르판브롬화수소산염수화물/[M050833]염산슈도에페드린/[M081720]황산슈도에페드린/[M203364]슈도에페드린염산염/[M222865]수도에페드린염산염/[M248579]수도에페드린황산염/[M256034]수도에페드린염산염 과립/[M258826]수도에페드린/[C040354]아스코르빈산/[C050961]아스코르빈산철/[C080210]아스코르빈산나트륨/[C081017]아스코르빈산90%과립/[C081495]아스코르빈산펠렛/[C081615]아스코르빈산 제피과립/[C081679]아스코르빈산60%/[C081772]제피아스코르빈산TYPE-SC/[C081998]아스코르빈팔미틴산/[C082617]아스코르빈산제피산/[C082841]아스코르빈산98%과립/[C082845]제피형아스코르빈산96%/[C082850]직탁용아스코르빈산/[C082857]제피아스코르빈산/[C083022]아스코르빈산96%과립/[C083040]아스코르빈산97%과립/[C083727]아스코르빈산제피산98%DC/[C083984]아스코르빈산칼슘/[C084311]엘-아스코르빈산나트륨/[C084327]아스코르빈산과립/[C084388]아스코르빈산나트륨99%/[C084419]아스코르빈산98%/[C084433]아스코르빈산97ㆍ5%과립/[C084448]아스코르빈산97%/[C084495]아스코르빈산칼슘97%과립/[C084658]아스코르빈산96%/[C084927]제피형아스코르빈산96%Type SC/[C085686]직탁용아스코르빈산98%/[C085785]아스코르빈산스테아레이트/[C086801]제피아스코르빈산97ㆍ5%/[C087036]코팅된아스코르빈산/[C088252]아스코르빈산제제/[C089177]아스코르빈산96%SC/[C090019]90%아스코르빈산/[C091430]아스코르빈산유캡/[C094260]95%아스코르빈산/[C094676]3-O-에칠아스코르빈산/[C095118]제피아스코르빈산96%/[C095392]아스코르빌팔미테이트/[C095412]제피아스코르빈사96% Type SC/[C095426]제피아스코르빈산96%가루/[C095604]아스코르빈산90%/[C099084]아스코르빈산팔미테이트/[C099734]아스코르브산90%과립/[C099910]직타용아스코르빈산/[C100271]팔미틴산아스코르빈산/[C100420]엘-아스코르빈산/[C101135]90%아스코르빈산과립/[C102189]아스코르빅애씨드/[C312780]소듐아스코르베이트/[C312824]아스코르빌 테트라이소팔미테이트/[C317903]글루코사민아스코르베이트/[C318482]칼슘 아스코르베이트/[C320842]아스코르빅애씨드/[C400592]아스코르빌니코티네이트/[I000229]아스코르빈산칼슘/[I001468]아스코르빈산제일철/[I001971]마그네슘아스코르베이트/[I003752]아스코르빈산나트륨/[I004351]아스코르브산/[M040354]아스코르빈산/[M050961]아스코르빈산철/[M080210]아스코르빈산나트륨/[M081017]아스코르빈산90%과립/[M081495]아스코르빈산펠렛/[M081615]아스코르빈산제피과립/[M081679]아스코르빈산60%/[M081772]제피아스코르빈산TYPE-SC/[M081998]아스코르빈팔미틴산/[M082617]아스코르빈산제피산/[M082841]아스코르빈산98%과립/[M082845]제피아스코르빈산96%/[M082850]직타용아스코르빈산/[M082857]제피아스코르빈산/[M083022]아스코르빈산96%과립/[M083040]아스코르빈산97%과립/[M083727]아스코르빈산제피산98%DC/[M083960]제피아스코르빈산TYPE-SC/[M083984]아스코르빈산칼슘/[M084311]엘아스코르빈산나트륨/[M084327]아스코르빈산과립/[M084388]아스코르빈산나트륨99%/[M084419]아스코르빈산98%/[M084433]아스코르빈산97ㆍ5%과립/[M084448]아스코르빈산97%/[M084495]아스코르빈산칼슘97%과립/[M084658]아스코르빈산96%/[M084927]제피아스코르빈산96%Type SC/[M085686]직타용아스코르빈산98%/[M087036]제피아스코르빈산/[M088252]아스코르빈산/[M089177]아스코르빈산96%SC/[M090019]아스코르빈산90%/[M091430]아스코르빈산유캡/[M094260]아스코르빈산95%/[M095392]아스코르빌팔미테이트/[M095426]제피아스코르빈산96%가루/[M095604]아스코르빈산90%/[M099084]아스코르빈산팔미테이트/[M100271]팔미틴산아스코르빈산/[M100420]엘-아스코르빈산/[M103048]제피형아스코르빈산96%TypeSC/[M103617]팔미틴산아스코르빌/[M104937]아스코르빈산97%분말/[M105763]아스코르빈산제제/[M107308]제피아스코르빈산97.0%가루/[M107594]소듐엘아스코르베이트/[M201112]아스코르빈산제일철/[M201618]제피아스코르빈사96%TypeSC/[M201620]제피아스코르빈산가루/[M201622]제피아스코르빈산TYPEB/[M203450]아스코르브산/[M203451]아스코르브산소듐/[M203452]아스코르빈산소듐/[M207370]팔미틴산아스코르브산/[M207385]아스코르빈산 97(아스코르빈산으로서 600mg)/[M207533]아스코르빈산 97(아스코르빈산으로서 600㎎)/[M209224]직타용아스코르빈산97%/[M210040]제피아스코르빈산97%과립/[M210875]소듐L-아스코르베이트/[M211316]아스코르빈산 산/[M211364]제피형아스코르빈산96%/[M211402]직타용아스코르빈산 90%/[M212742]아스코르빈산과립 97%(아스코르빈산으로서 83.3밀리그램)/[M214926]제피아스코르빈산 Type SC/[M215692]아스코르빈산(비타민C)/[M216038]아스코르빈산과립97%(아스코르빈산으로서 75밀리그램)/[M216398]아스코르빈산과립97%(아스코르빈산으로서 83.34밀리그램)/[M220142]직타용아스코르빈산(97%)/[M220180]아스코르빈산 97/[M223105]아스코르브산 산/[M223106]아스코르브산 정/[M223107]아스코르브산 주사액/[M224238]아스코르브산97/[M225398]아스코르빈산 Type FC/[M226183]아스코르빈산과립97%/[M227509]아스코르브산97%과립/[M229451]아스코르빈산 90%과립/[M229497]제피아스코르빈산 96% Type SC/[M234001]아스코르브산과립97%/[M236177]아스코르브산 90%과립/[M236913]제피아스코르브산/[M236926]직타용아스코르브산/[M239246]L-아스코르빈산/[M239251]L-아스코르빈산나트륨/[M239556]제피아스코르브산96% Type SC/[M241223]아스코르브산90%과립/[M242242]제피아스코르빈산*/[M243471]엘-아스코르빈산나트륨/[M243491]아스코르브산 97/[M244591]엘-아스코르빈산나트륨/[M244678]아스코르브산 97/[M245849]제피아스코르브산에스씨/[M245878]아스코르브산팔미테이트/[M246161]직타용아스코르브산97%/[M246638]아스코르브산97%/[M246709]아스코르브산나트륨/[M246900]90%아스코르브산/[M248326]아스코르빌나트륨포스페이트/[M249820]아스코르브산96%과립/[M250406]아스코르브산과립/[M250800]제피아스코르브산 TYPE-SC/[M251500]제피아스코르브산96%가루/[M252473]아스코르브산칼슘/[M252874]아스코르브산나트륨/[M252882]L-아스코르브산/[M253028]아스코르브산칼슘수화물/[M254082]제피아스코르브산 Type SC/[M254227]제피형아스코르브산96%TypeSC/[M254749]아스코르브산95%과립/[M254848]90%아스코르브산과립/[M256156]아스코르브산과립96%/[M257558]제피아스코르브산96%/[M257734]아스코르브산 과립90%/[M258008]아스코르브산칼슘이수화물/[M258592]작타용아스코르브산 97 %/[M258994]아스코르브산/[M259386]L-아스코르브산나트륨/[M259573]L-아스코르브산/[M261728]아스코르브산97%(직타용)/[M263901]제피아스코르브산97%가루/[M264037]90%아스코르빈산/[M265896]제피아스코르브산97.5%가루/[M040579]카페인(함수)/[M040580]무수카페인/[M090611]카페인/[M223183]카페인무수물/[M223184]카페인수화물/[M241017]무수물카페인/[M040616]말레인산클로르페니라민/[M050213]말레인산덱스클로르페니라민/[M051529]클로르페니라민/[M082701]디엘말레인산클로르페니라민/[M083325]디말레인산클로르페니라민/[M099959]말레인산클로로페니라민/[M100018]말레산클로르페니라민/[M100476]디말레인산클로르페니라민/[M101581]디엘말레인산클로르페니라민/[M200471]말레인산클로르페니라민제피과립/[M202197]D-말레인산클로르페니라민/[M202204]DL-말레인산클로르페니라민/[M203913]클로르페니라민말레인산염/[M212847]클로르페니라민말레이트/[M223211]클로르페니라민말레산염/[M223212]d-클로르페니라민말레산염/[M223213]클로르페니라민말레산염 산/[M223214]클로르페니라민말레산염 정/[M223215]클로르페니라민말레산염 주사액/[M226783]dl-클로르페니라민말레산염/[M249715]덱스클로르페니라민 말레산염/[M251936]덱스클로르페니라민말레이트","[01140]해열.진통.소염제","","4,000밀리그램",20180831,"아세트아미노펜으로서 4,000mg/day(모든제형, 단일제.복합제 포함)","","정상"
3832,"용량주의","복합",D000147,Acetaminophen,"아세트아미노펜","[D001093]Galgeun-tang(갈근탕)/[D000493]Guaifenesin(구아이페네신)/[D000200]Dextromethorphan(덱스트로메토르판)/[D000448]Pseudoephedrine(슈도에페드린)/[D001106]Ascorbic acid(아스코르브산)/[D000852]Caffeine(카페인)/[D000893]Chlorpheniramine(클로르페니라민)","[M040353]아세트아미노펜/[M082309]아세트아미노펜제피세립/[M233006]아세트아미노펜 DC 500/600/[M246556]아세트아미노펜 (미분화)/[M262287]아세트아미노펜 과립/[C084556]갈근탕엑스/[C085494]갈근탕엑스분말/[C085503]갈근탕건조엑스/[C086018]갈근탕연조엑스/[C090838]갈근탕엑스과립/[C096410]갈근탕엑스정건조엑스/[C096710]갈근탕건조엑스[10→1]/[C100973]갈근탕엑스(10→1)/[M084556]갈근탕엑스/[M085494]갈근탕엑스분말/[M085503]갈근탕건조엑스/[M086018]갈근탕연조엑스/[M096410]갈근탕엑스정건조엑스/[M096710]갈근탕건조엑스[10→1]/[M100973]갈근탕엑스(10→1)/[M103265]갈근탕엑스말(10→1)/[M103916]갈근탕연조엑스(4.32→1)/[M104358]갈근탕엑스말/[M104683]갈근탕건조엑스(6.80→1)/[M104753]갈근탕연조엑스(3.4→1)/[M105329]갈근탕수침건조엑기스/[M105588]갈근탕건조엑스(5.78→1)/[M105816]갈근탕엑스분말(6→1)/[M105833]갈근탕연조엑스(4.17→1)/[M200049]갈근탕엑스가루/[M214453]갈근탕 연조엑스(4→1)/[M217483]갈근탕연조엑스(3->1)/[M229053]갈근탕 연조엑스(3.33→1)/[M250041]갈근탕엑스(5.81:1)/[M252043]갈근탕연조엑스[2.78→1]/[M252386]갈근탕연조엑스
(3.33→1)/[M259853]갈근탕건조엑스(6.31:1)/[M260768]갈근탕연조엑스(3.08→1)/[M261860]갈근탕건조엑스(5.6→1)/[M267754]갈근탕건조엑스(4→1)/[M050058]구아이페네신/[M040084]브롬화수소산덱스트로메토르판/[M202983]덱스트로메토르판브롬화수소산염/[M222957]덱스트로메토르판브롬화수소산염수화물/[M050833]염산슈도에페드린/[M081720]황산슈도에페드린/[M203364]슈도에페드린염산염/[M222865]수도에페드린염산염/[M248579]수도에페드린황산염/[M256034]수도에페드린염산염 과립/[M258826]수도에페드린/[C040354]아스코르빈산/[C050961]아스코르빈산철/[C080210]아스코르빈산나트륨/[C081017]아스코르빈산90%과립/[C081495]아스코르빈산펠렛/[C081615]아스코르빈산 제피과립/[C081679]아스코르빈산60%/[C081772]제피아스코르빈산TYPE-SC/[C081998]아스코르빈팔미틴산/[C082617]아스코르빈산제피산/[C082841]아스코르빈산98%과립/[C082845]제피형아스코르빈산96%/[C082850]직탁용아스코르빈산/[C082857]제피아스코르빈산/[C083022]아스코르빈산96%과립/[C083040]아스코르빈산97%과립/[C083727]아스코르빈산제피산98%DC/[C083984]아스코르빈산칼슘/[C084311]엘-아스코르빈산나트륨/[C084327]아스코르빈산과립/[C084388]아스코르빈산나트륨99%/[C084419]아스코르빈산98%/[C084433]아스코르빈산97ㆍ5%과립/[C084448]아스코르빈산97%/[C084495]아스코르빈산칼슘97%과립/[C084658]아스코르빈산96%/[C084927]제피형아스코르빈산96%Type SC/[C085686]직탁용아스코르빈산98%/[C085785]아스코르빈산스테아레이트/[C086801]제피아스코르빈산97ㆍ5%/[C087036]코팅된아스코르빈산/[C088252]아스코르빈산제제/[C089177]아스코르빈산96%SC/[C090019]90%아스코르빈산/[C091430]아스코르빈산유캡/[C094260]95%아스코르빈산/[C094676]3-O-에칠아스코르빈산/[C095118]제피아스코르빈산96%/[C095392]아스코르빌팔미테이트/[C095412]제피아스코르빈사96% Type SC/[C095426]제피아스코르빈산96%가루/[C095604]아스코르빈산90%/[C099084]아스코르빈산팔미테이트/[C099734]아스코르브산90%과립/[C099910]직타용아스코르빈산/[C100271]팔미틴산아스코르빈산/[C100420]엘-아스코르빈산/[C101135]90%아스코르빈산과립/[C102189]아스코르빅애씨드/[C312780]소듐아스코르베이트/[C312824]아스코르빌 테트라이소팔미테이트/[C317903]글루코사민아스코르베이트/[C318482]칼슘 아스코르베이트/[C320842]아스코르빅애씨드/[C400592]아스코르빌니코티네이트/[I000229]아스코르빈산칼슘/[I001468]아스코르빈산제일철/[I001971]마그네슘아스코르베이트/[I003752]아스코르빈산나트륨/[I004351]아스코르브산/[M040354]아스코르빈산/[M050961]아스코르빈산철/[M080210]아스코르빈산나트륨/[M081017]아스코르빈산90%과립/[M081495]아스코르빈산펠렛/[M081615]아스코르빈산제피과립/[M081679]아스코르빈산60%/[M081772]제피아스코르빈산TYPE-SC/[M081998]아스코르빈팔미틴산/[M082617]아스코르빈산제피산/[M082841]아스코르빈산98%과립/[M082845]제피아스코르빈산96%/[M082850]직타용아스코르빈산/[M082857]제피아스코르빈산/[M083022]아스코르빈산96%과립/[M083040]아스코르빈산97%과립/[M083727]아스코르빈산제피산98%DC/[M083960]제피아스코르빈산TYPE-SC/[M083984]아스코르빈산칼슘/[M084311]엘아스코르빈산나트륨/[M084327]아스코르빈산과립/[M084388]아스코르빈산나트륨99%/[M084419]아스코르빈산98%/[M084433]아스코르빈산97ㆍ5%과립/[M084448]아스코르빈산97%/[M084495]아스코르빈산칼슘97%과립/[M084658]아스코르빈산96%/[M084927]제피아스코르빈산96%Type SC/[M085686]직타용아스코르빈산98%/[M087036]제피아스코르빈산/[M088252]아스코르빈산/[M089177]아스코르빈산96%SC/[M090019]아스코르빈산90%/[M091430]아스코르빈산유캡/[M094260]아스코르빈산95%/[M095392]아스코르빌팔미테이트/[M095426]제피아스코르빈산96%가루/[M095604]아스코르빈산90%/[M099084]아스코르빈산팔미테이트/[M100271]팔미틴산아스코르빈산/[M100420]엘-아스코르빈산/[M103048]제피형아스코르빈산96%TypeSC/[M103617]팔미틴산아스코르빌/[M104937]아스코르빈산97%분말/[M105763]아스코르빈산제제/[M107308]제피아스코르빈산97.0%가루/[M107594]소듐엘아스코르베이트/[M201112]아스코르빈산제일철/[M201618]제피아스코르빈사96%TypeSC/[M201620]제피아스코르빈산가루/[M201622]제피아스코르빈산TYPEB/[M203450]아스코르브산/[M203451]아스코르브산소듐/[M203452]아스코르빈산소듐/[M207370]팔미틴산아스코르브산/[M207385]아스코르빈산 97(아스코르빈산으로서 600mg)/[M207533]아스코르빈산 97(아스코르빈산으로서 600㎎)/[M209224]직타용아스코르빈산97%/[M210040]제피아스코르빈산97%과립/[M210875]소듐L-아스코르베이트/[M211316]아스코르빈산 산/[M211364]제피형아스코르빈산96%/[M211402]직타용아스코르빈산 90%/[M212742]아스코르빈산과립 97%(아스코르빈산으로서 83.3밀리그램)/[M214926]제피아스코르빈산 Type SC/[M215692]아스코르빈산(비타민C)/[M216038]아스코르빈산과립97%(아스코르빈산으로서 75밀리그램)/[M216398]아스코르빈산과립97%(아스코르빈산으로서 83.34밀리그램)/[M220142]직타용아스코르빈산(97%)/[M220180]아스코르빈산 97/[M223105]아스코르브산 산/[M223106]아스코르브산 정/[M223107]아스코르브산 주사액/[M224238]아스코르브산97/[M225398]아스코르빈산 Type FC/[M226183]아스코르빈산과립97%/[M227509]아스코르브산97%과립/[M229451]아스코르빈산 90%과립/[M229497]제피아스코르빈산 96% Type SC/[M234001]아스코르브산과립97%/[M236177]아스코르브산 90%과립/[M236913]제피아스코르브산/[M236926]직타용아스코르브산/[M239246]L-아스코르빈산/[M239251]L-아스코르빈산나트륨/[M239556]제피아스코르브산96% Type SC/[M241223]아스코르브산90%과립/[M242242]제피아스코르빈산*/[M243471]엘-아스코르빈산나트륨/[M243491]아스코르브산 97/[M244591]엘-아스코르빈산나트륨/[M244678]아스코르브산 97/[M245849]제피아스코르브산에스씨/[M245878]아스코르브산팔미테이트/[M246161]직타용아스코르브산97%/[M246638]아스코르브산97%/[M246709]아스코르브산나트륨/[M246900]90%아스코르브산/[M248326]아스코르빌나트륨포스페이트/[M249820]아스코르브산96%과립/[M250406]아스코르브산과립/[M250800]제피아스코르브산 TYPE-SC/[M251500]제피아스코르브산96%가루/[M252473]아스코르브산칼슘/[M252874]아스코르브산나트륨/[M252882]L-아스코르브산/[M253028]아스코르브산칼슘수화물/[M254082]제피아스코르브산 Type SC/[M254227]제피형아스코르브산96%TypeSC/[M254749]아스코르브산95%과립/[M254848]90%아스코르브산과립/[M256156]아스코르브산과립96%/[M257558]제피아스코르브산96%/[M257734]아스코르브산 과립90%/[M258008]아스코르브산칼슘이수화물/[M258592]작타용아스코르브산 97 %/[M258994]아스코르브산/[M259386]L-아스코르브산나트륨/[M259573]L-아스코르브산/[M261728]아스코르브산97%(직타용)/[M263901]제피아스코르브산97%가루/[M264037]90%아스코르빈산/[M265896]제피아스코르브산97.5%가루/[M040579]카페인(함수)/[M040580]무수카페인/[M090611]카페인/[M223183]카페인무수물/[M223184]카페인수화물/[M241017]무수물카페인/[M040616]말레인산클로르페니라민/[M050213]말레인산덱스클로르페니라민/[M051529]클로르페니라민/[M082701]디엘말레인산클로르페니라민/[M083325]디말레인산클로르페니라민/[M099959]말레인산클로로페니라민/[M100018]말레산클로르페니라민/[M100476]디말레인산클로르페니라민/[M101581]디엘말레인산클로르페니라민/[M200471]말레인산클로르페니라민제피과립/[M202197]D-말레인산클로르페니라민/[M202204]DL-말레인산클로르페니라민/[M203913]클로르페니라민말레인산염/[M212847]클로르페니라민말레이트/[M223211]클로르페니라민말레산염/[M223212]d-클로르페니라민말레산염/[M223213]클로르페니라민말레산염 산/[M223214]클로르페니라민말레산염 정/[M223215]클로르페니라민말레산염 주사액/[M226783]dl-클로르페니라민말레산염/[M249715]덱스클로르페니라민 말레산염/[M251936]덱스클로르페니라민말레이트","[01140]해열.진통.소염제","","4,000밀리그램",20180831,"아세트아미노펜으로서 4,000mg/day(모든제형, 단일제.복합제 포함)","","정상"
3834,"용량주의","복합",D000147,Acetaminophen,"아세트아미노펜","[D001000]Licorice(감초)/[D000493]Guaifenesin(구아이페네신)/[D001116]Methylephedrine(메틸에페드린)/[D001106]Ascorbic acid(아스코르브산)/[D000852]Caffeine(카페인)/[D000893]Chlorpheniramine(클로르페니라민)/[D000933]Tipepidine(티페피딘)","[M040353]아세트아미노펜/[M082309]아세트아미노펜제피세립/[M233006]아세트아미노펜 DC 500/600/[M246556]아세트아미노펜 (미분화)/[M262287]아세트아미노펜 과립/[A006000]감초/[M040006]감초/[M070009]감초가루/[M050058]구아이페네신/[A006116]메틸에페드린/[I006391]dl-메틸에페드린염산염/[M204422]dl-메틸에페드린염산염/[M223022]dl-메틸에페드린염산염 산 10%/[M235519]디엘메틸에페드린염산염/[M240608]dI-메틸에페드린염산염/[M240859]디엘-메틸에페드린염산염/[M252389]㎗-메틸에페드린염산염/[M264046]DL-메틸에페드린염산염/[C040354]아스코르빈산/[C050961]아스코르빈산철/[C080210]아스코르빈산나트륨/[C081017]아스코르빈산90%과립/[C081495]아스코르빈산펠렛/[C081615]아스코르빈산 제피과립/[C081679]아스코르빈산60%/[C081772]제피아스코르빈산TYPE-SC/[C081998]아스코르빈팔미틴산/[C082617]아스코르빈산제피산/[C082841]아스코르빈산98%과립/[C082845]제피형아스코르빈산96%/[C082850]직탁용아스코르빈산/[C082857]제피아스코르빈산/[C083022]아스코르빈산96%과립/[C083040]아스코르빈산97%과립/[C083727]아스코르빈산제피산98%DC/[C083984]아스코르빈산칼슘/[C084311]엘-아스코르빈산나트륨/[C084327]아스코르빈산과립/[C084388]아스코르빈산나트륨99%/[C084419]아스코르빈산98%/[C084433]아스코르빈산97ㆍ5%과립/[C084448]아스코르빈산97%/[C084495]아스코르빈산칼슘97%과립/[C084658]아스코르빈산96%/[C084927]제피형아스코르빈산96%Type SC/[C085686]직탁용아스코르빈산98%/[C085785]아스코르빈산스테아레이트/[C086801]제피아스코르빈산97ㆍ5%/[C087036]코팅된아스코르빈산/[C088252]아스코르빈산제제/[C089177]아스코르빈산96%SC/[C090019]90%아스코르빈산/[C091430]아스코르빈산유캡/[C094260]95%아스코르빈산/[C094676]3-O-에칠아스코르빈산/[C095118]제피아스코르빈산96%/[C095392]아스코르빌팔미테이트/[C095412]제피아스코르빈사96% Type SC/[C095426]제피아스코르빈산96%가루/[C095604]아스코르빈산90%/[C099084]아스코르빈산팔미테이트/[C099734]아스코르브산90%과립/[C099910]직타용아스코르빈산/[C100271]팔미틴산아스코르빈산/[C100420]엘-아스코르빈산/[C101135]90%아스코르빈산과립/[C102189]아스코르빅애씨드/[C312780]소듐아스코르베이트/[C312824]아스코르빌 테트라이소팔미테이트/[C317903]글루코사민아스코르베이트/[C318482]칼슘 아스코르베이트/[C320842]아스코르빅애씨드/[C400592]아스코르빌니코티네이트/[I000229]아스코르빈산칼슘/[I001468]아스코르빈산제일철/[I001971]마그네슘아스코르베이트/[I003752]아스코르빈산나트륨/[I004351]아스코르브산/[M040354]아스코르빈산/[M050961]아스코르빈산철/[M080210]아스코르빈산나트륨/[M081017]아스코르빈산90%과립/[M081495]아스코르빈산펠렛/[M081615]아스코르빈산제피과립/[M081679]아스코르빈산60%/[M081772]제피아스코르빈산TYPE-SC/[M081998]아스코르빈팔미틴산/[M082617]아스코르빈산제피산/[M082841]아스코르빈산98%과립/[M082845]제피아스코르빈산96%/[M082850]직타용아스코르빈산/[M082857]제피아스코르빈산/[M083022]아스코르빈산96%과립/[M083040]아스코르빈산97%과립/[M083727]아스코르빈산제피산98%DC/[M083960]제피아스코르빈산TYPE-SC/[M083984]아스코르빈산칼슘/[M084311]엘아스코르빈산나트륨/[M084327]아스코르빈산과립/[M084388]아스코르빈산나트륨99%/[M084419]아스코르빈산98%/[M084433]아스코르빈산97ㆍ5%과립/[M084448]아스코르빈산97%/[M084495]아스코르빈산칼슘97%과립/[M084658]아스코르빈산96%/[M084927]제피아스코르빈산96%Type SC/[M085686]직타용아스코르빈산98%/[M087036]제피아스코르빈산/[M088252]아스코르빈산/[M089177]아스코르빈산96%SC/[M090019]아스코르빈산90%/[M091430]아스코르빈산유캡/[M094260]아스코르빈산95%/[M095392]아스코르빌팔미테이트/[M095426]제피아스코르빈산96%가루/[M095604]아스코르빈산90%/[M099084]아스코르빈산팔미테이트/[M100271]팔미틴산아스코르빈산/[M100420]엘-아스코르빈산/[M103048]제피형아스코르빈산96%TypeSC/[M103617]팔미틴산아스코르빌/[M104937]아스코르빈산97%분말/[M105763]아스코르빈산제제/[M107308]제피아스코르빈산97.0%가루/[M107594]소듐엘아스코르베이트/[M201112]아스코르빈산제일철/[M201618]제피아스코르빈사96%TypeSC/[M201620]제피아스코르빈산가루/[M201622]제피아스코르빈산TYPEB/[M203450]아스코르브산/[M203451]아스코르브산소듐/[M203452]아스코르빈산소듐/[M207370]팔미틴산아스코르브산/[M207385]아스코르빈산 97(아스코르빈산으로서 600mg)/[M207533]아스코르빈산 97(아스코르빈산으로서 600㎎)/[M209224]직타용아스코르빈산97%/[M210040]제피아스코르빈산97%과립/[M210875]소듐L-아스코르베이트/[M211316]아스코르빈산 산/[M211364]제피형아스코르빈산96%/[M211402]직타용아스코르빈산 90%/[M212742]아스코르빈산과립 97%(아스코르빈산으로서 83.3밀리그램)/[M214926]제피아스코르빈산 Type SC/[M215692]아스코르빈산(비타민C)/[M216038]아스코르빈산과립97%(아스코르빈산으로서 75밀리그램)/[M216398]아스코르빈산과립97%(아스코르빈산으로서 83.34밀리그램)/[M220142]직타용아스코르빈산(97%)/[M220180]아스코르빈산 97/[M223105]아스코르브산 산/[M223106]아스코르브산 정/[M223107]아스코르브산 주사액/[M224238]아스코르브산97/[M225398]아스코르빈산 Type FC/[M226183]아스코르빈산과립97%/[M227509]아스코르브산97%과립/[M229451]아스코르빈산 90%과립/[M229497]제피아스코르빈산 96% Type SC/[M234001]아스코르브산과립97%/[M236177]아스코르브산 90%과립/[M236913]제피아스코르브산/[M236926]직타용아스코르브산/[M239246]L-아스코르빈산/[M239251]L-아스코르빈산나트륨/[M239556]제피아스코르브산96% Type SC/[M241223]아스코르브산90%과립/[M242242]제피아스코르빈산*/[M243471]엘-아스코르빈산나트륨/[M243491]아스코르브산 97/[M244591]엘-아스코르빈산나트륨/[M244678]아스코르브산 97/[M245849]제피아스코르브산에스씨/[M245878]아스코르브산팔미테이트/[M246161]직타용아스코르브산97%/[M246638]아스코르브산97%/[M246709]아스코르브산나트륨/[M246900]90%아스코르브산/[M248326]아스코르빌나트륨포스페이트/[M249820]아스코르브산96%과립/[M250406]아스코르브산과립/[M250800]제피아스코르브산 TYPE-SC/[M251500]제피아스코르브산96%가루/[M252473]아스코르브산칼슘/[M252874]아스코르브산나트륨/[M252882]L-아스코르브산/[M253028]아스코르브산칼슘수화물/[M254082]제피아스코르브산 Type SC/[M254227]제피형아스코르브산96%TypeSC/[M254749]아스코르브산95%과립/[M254848]90%아스코르브산과립/[M256156]아스코르브산과립96%/[M257558]제피아스코르브산96%/[M257734]아스코르브산 과립90%/[M258008]아스코르브산칼슘이수화물/[M258592]작타용아스코르브산 97 %/[M258994]아스코르브산/[M259386]L-아스코르브산나트륨/[M259573]L-아스코르브산/[M261728]아스코르브산97%(직타용)/[M263901]제피아스코르브산97%가루/[M264037]90%아스코르빈산/[M265896]제피아스코르브산97.5%가루/[M040579]카페인(함수)/[M040580]무수카페인/[M090611]카페인/[M223183]카페인무수물/[M223184]카페인수화물/[M241017]무수물카페인/[M040616]말레인산클로르페니라민/[M050213]말레인산덱스클로르페니라민/[M051529]클로르페니라민/[M082701]디엘말레인산클로르페니라민/[M083325]디말레인산클로르페니라민/[M099959]말레인산클로로페니라민/[M100018]말레산클로르페니라민/[M100476]디말레인산클로르페니라민/[M101581]디엘말레인산클로르페니라민/[M200471]말레인산클로르페니라민제피과립/[M202197]D-말레인산클로르페니라민/[M202204]DL-말레인산클로르페니라민/[M203913]클로르페니라민말레인산염/[M212847]클로르페니라민말레이트/[M223211]클로르페니라민말레산염/[M223212]d-클로르페니라민말레산염/[M223213]클로르페니라민말레산염 산/[M223214]클로르페니라민말레산염 정/[M223215]클로르페니라민말레산염 주사액/[M226783]dl-클로르페니라민말레산염/[M249715]덱스클로르페니라민 말레산염/[M251936]덱스클로르페니라민말레이트/[M051662]구연산티페피딘/[M051663]히벤즈산티페피딘/[M223274]티페피딘히벤즈산염 정/[M254445]티페피딘시트르산염","[01140]해열.진통.소염제","","4,000밀리그램",20180831,"아세트아미노펜으로서 4,000mg/day(모든제형, 단일제.복합제 포함)","","정상"
3688,"용량주의","복합",D000147,Acetaminophen,"아세트아미노펜","[D000493]Guaifenesin(구아이페네신)/[D000155]Ephedrine(에페드린)/[D000893]Chlorpheniramine(클로르페니라민)","[M040353]아세트아미노펜/[M082309]아세트아미노펜제피세립/[M233006]아세트아미노펜 DC 500/600/[M246556]아세트아미노펜 (미분화)/[M262287]아세트아미노펜 과립/[M050058]구아이페네신/[M040420]염산에페드린/[M223155]에페드린염산염/[M040616]말레인산클로르페니라민/[M050213]말레인산덱스클로르페니라민/[M051529]클로르페니라민/[M082701]디엘말레인산클로르페니라민/[M083325]디말레인산클로르페니라민/[M099959]말레인산클로로페니라민/[M100018]말레산클로르페니라민/[M100476]디말레인산클로르페니라민/[M101581]디엘말레인산클로르페니라민/[M200471]말레인산클로르페니라민제피과립/[M202197]D-말레인산클로르페니라민/[M202204]DL-말레인산클로르페니라민/[M203913]클로르페니라민말레인산염/[M212847]클로르페니라민말레이트/[M223211]클로르페니라민말레산염/[M223212]d-클로르페니라민말레산염/[M223213]클로르페니라민말레산염 산/[M223214]클로르페니라민말레산염 정/[M223215]클로르페니라민말레산염 주사액/[M226783]dl-클로르페니라민말레산염/[M249715]덱스클로르페니라민 말레산염/[M251936]덱스클로르페니라민말레이트","[01140]해열.진통.소염제","","4,000밀리그램",20180831,"아세트아미노펜으로서 4,000mg/day(모든제형, 단일제.복합제 포함)","","정상"
3689,"용량주의","복합",D000147,Acetaminophen,"아세트아미노펜","[D000200]Dextromethorphan(덱스트로메토르판)/[D000296]Doxylamine(독시라민)/[D000448]Pseudoephedrine(슈도에페드린)","[M040353]아세트아미노펜/[M082309]아세트아미노펜제피세립/[M233006]아세트아미노펜 DC 500/600/[M246556]아세트아미노펜 (미분화)/[M262287]아세트아미노펜 과립/[M040084]브롬화수소산덱스트로메토르판/[M202983]덱스트로메토르판브롬화수소산염/[M222957]덱스트로메토르판브롬화수소산염수화물/[M226319]독시라민석시네이트/[M250452]독시라민숙신산염/[M050833]염산슈도에페드린/[M081720]황산슈도에페드린/[M203364]슈도에페드린염산염/[M222865]수도에페드린염산염/[M248579]수도에페드린황산염/[M256034]수도에페드린염산염 과립/[M258826]수도에페드린","[01140]해열.진통.소염제","","4,000밀리그램",20180831,"아세트아미노펜으로서 4,000mg/day(모든제형, 단일제.복합제 포함)","","정상"
3690,"용량주의","복합",D000147,Acetaminophen,"아세트아미노펜","[D000200]Dextromethorphan(덱스트로메토르판)/[D000895]Diphenhydramine(디펜히드라민)/[D000191]Phenylephrine(페닐레프린)","[M040353]아세트아미노펜/[M082309]아세트아미노펜제피세립/[M233006]아세트아미노펜 DC 500/600/[M246556]아세트아미노펜 (미분화)/[M262287]아세트아미노펜 과립/[M040084]브롬화수소산덱스트로메토르판/[M202983]덱스트로메토르판브롬화수소산염/[M222957]덱스트로메토르판브롬화수소산염수화물/[I006203]디펜히드라민탄느산염/[M040108]디펜히드라민/[M040110]염산디펜히드라민/[M050298]살리실산디펜히드라민/[M082024]구연산디펜히드라민/[M083318]디펜히드라민씨트레이트/[M200130]구연산디펜하이드라민/[M200353]디펜하이드라민/[M201255]염산디펜하이드라민/[M222973]디펜히드라민염산염/[M222974]디펜히드라민염산염 주사액/[M222975]디펜히드라민염산염 캡슐/[M222976]디펜히드라민탄닌산염/[M254160]디펜히드라민시트르산염/[M257663]디펜히드라민살리실산염/[M040696]염산페닐에프린/[M222724]페닐레프린염산염/[M225151]페닐에프린염산염","[01140]해열.진통.소염제","","4,000밀리그램",20180831,"아세트아미노펜으로서 4,000mg/day(모든제형, 단일제.복합제 포함)","","정상"
3691,"용량주의","복합",D000147,Acetaminophen,"아세트아미노펜","[D000200]Dextromethorphan(덱스트로메토르판)/[D001116]Methylephedrine(메틸에페드린)/[D000893]Chlorpheniramine(클로르페니라민)","[M040353]아세트아미노펜/[M082309]아세트아미노펜제피세립/[M233006]아세트아미노펜 DC 500/600/[M246556]아세트아미노펜 (미분화)/[M262287]아세트아미노펜 과립/[M040084]브롬화수소산덱스트로메토르판/[M202983]덱스트로메토르판브롬화수소산염/[M222957]덱스트로메토르판브롬화수소산염수화물/[A006116]메틸에페드린/[I006391]dl-메틸에페드린염산염/[M204422]dl-메틸에페드린염산염/[M223022]dl-메틸에페드린염산염 산 10%/[M235519]디엘메틸에페드린염산염/[M240608]dI-메틸에페드린염산염/[M240859]디엘-메틸에페드린염산염/[M252389]㎗-메틸에페드린염산염/[M264046]DL-메틸에페드린염산염/[M040616]말레인산클로르페니라민/[M050213]말레인산덱스클로르페니라민/[M051529]클로르페니라민/[M082701]디엘말레인산클로르페니라민/[M083325]디말레인산클로르페니라민/[M099959]말레인산클로로페니라민/[M100018]말레산클로르페니라민/[M100476]디말레인산클로르페니라민/[M101581]디엘말레인산클로르페니라민/[M200471]말레인산클로르페니라민제피과립/[M202197]D-말레인산클로르페니라민/[M202204]DL-말레인산클로르페니라민/[M203913]클로르페니라민말레인산염/[M212847]클로르페니라민말레이트/[M223211]클로르페니라민말레산염/[M223212]d-클로르페니라민말레산염/[M223213]클로르페니라민말레산염 산/[M223214]클로르페니라민말레산염 정/[M223215]클로르페니라민말레산염 주사액/[M226783]dl-클로르페니라민말레산염/[M249715]덱스클로르페니라민 말레산염/[M251936]덱스클로르페니라민말레이트","[01140]해열.진통.소염제","","4,000밀리그램",20180831,"아세트아미노펜으로서 4,000mg/day(모든제형, 단일제.복합제 포함)","","정상"
3837,"용량주의","복합",D000147,Acetaminophen,"아세트아미노펜","[D000493]Guaifenesin(구아이페네신)/[D000200]Dextromethorphan(덱스트로메토르판)/[D001101]Riboflavin(리보플라빈)/[D001116]Methylephedrine(메틸에페드린)/[D001106]Ascorbic acid(아스코르브산)/[D000893]Chlorpheniramine(클로르페니라민)/[D000998]Thiamine(티아민)","[M040353]아세트아미노펜/[M082309]아세트아미노펜제피세립/[M233006]아세트아미노펜 DC 500/600/[M246556]아세트아미노펜 (미분화)/[M262287]아세트아미노펜 과립/[M050058]구아이페네신/[M040084]브롬화수소산덱스트로메토르판/[M202983]덱스트로메토르판브롬화수소산염/[M222957]덱스트로메토르판브롬화수소산염수화물/[C040133]리보플라빈/[C040512]인산리보플라빈나트륨/[C050367]테트라부티르산리보플라빈/[C050368]인산리보플라빈/[C050369]리보플라빈-5-인산나트륨/[C081186]리보플라빈33 1/3%/[C082711]리보플라빈낙산에스텔/[C082719]리보플라빈331/3%산/[C083052]리보플라빈98%DC/[C083101]낙산리보플라빈/[C083163]리보플라빈98%/[C083404]리보플라빈33 1/3%과립/[C084424]염산리보플라빈나트륨/[C085688]직탁용리보플라빈98%/[C089984]리보플라빈인산나트륨/[C090982]리보플라빈산나트륨/[C091022]리보플라빈98%과립/[C091383]리보플라빈25%과립/[C092484]부티르산리보플라빈/[C100456]리보플라빈3배산/[C100480]인산리보플라빈나트륨이수화물/[C101969]리보플라빈E101/[C202525]리보플라빈/[C401176]리보플라빈/[C407713]소듐리보플라빈포스페이트/[C409503]리보플라빈테트라부티레이트/[C422825]리보플라빈/[C422826]리보플라빈테트라부티레이트/[C422827]리보플라빈테트라아세테이트/[C425375]소듐리보플라빈포스페이트/[I003529]리보플라빈/[I003530]리보플라빈포스페이트나트륨/[I006525]리보플라빈부티레이트/[I007430]인산리보플라빈/[I007658]인산리보플라빈나트륨이수화물/[I007907]리보플라빈산나트륨/[M040133]리보플라빈/[M040512]인산리보플라빈나트륨/[M050367]테트라부티르산리보플라빈/[M050368]인산리보플라빈/[M050369]리보플라빈-5-인산나트륨/[M081186]리보플라빈33 1/3%/[M082711]리보플라빈낙산에스텔/[M082719]리보플라빈33 1/3%산/[M083052]리보플라빈98%DC/[M083101]낙산리보플라빈/[M083163]리보플라빈98%/[M083404]리보플라빈33 1/3%과립/[M085688]직탁용리보플라빈98%/[M090982]리보플라빈산나트륨/[M091022]리보플라빈98%과립/[M091383]리보플라빈25%과립/[M092484]부티르산리보플라빈/[M100456]리보플라빈3배산/[M100480]인산리보플라빈나트륨이수화물/[M101969]리보플라빈E101/[M200421]리보플라빈33ㆍ3%/[M200422]리보플라빈33ㆍ3%과립/[M200423]리보플라빈33ㆍ3%산/[M203723]인산리보플라빈소듐/[M206124]조리보플라빈/[M216041]리보플라빈3배산(리보플라빈으로서 5밀리그램)/[M216399]리보플라빈 3배산(리보플라빈으로서 0.84밀리그램)/[M217503]리보플라빈인산에스텔나트륨/[M218021]안산리보플라빈나트륨/[M222995]리보플라빈부티레이트/[M222996]리보플라빈포스페이트나트륨/[M222997]리보플라빈포스페이트나트륨 주사액/[M232651]제피리보플라빈/[M249967]리보플라빈부틸레이트/[M249982]리보플라빈나트륨포스페이트/[A006116]메틸에페드린/[I006391]dl-메틸에페드린염산염/[M204422]dl-메틸에페드린염산염/[M223022]dl-메틸에페드린염산염 산 10%/[M235519]디엘메틸에페드린염산염/[M240608]dI-메틸에페드린염산염/[M240859]디엘-메틸에페드린염산염/[M252389]㎗-메틸에페드린염산염/[M264046]DL-메틸에페드린염산염/[C040354]아스코르빈산/[C050961]아스코르빈산철/[C080210]아스코르빈산나트륨/[C081017]아스코르빈산90%과립/[C081495]아스코르빈산펠렛/[C081615]아스코르빈산 제피과립/[C081679]아스코르빈산60%/[C081772]제피아스코르빈산TYPE-SC/[C081998]아스코르빈팔미틴산/[C082617]아스코르빈산제피산/[C082841]아스코르빈산98%과립/[C082845]제피형아스코르빈산96%/[C082850]직탁용아스코르빈산/[C082857]제피아스코르빈산/[C083022]아스코르빈산96%과립/[C083040]아스코르빈산97%과립/[C083727]아스코르빈산제피산98%DC/[C083984]아스코르빈산칼슘/[C084311]엘-아스코르빈산나트륨/[C084327]아스코르빈산과립/[C084388]아스코르빈산나트륨99%/[C084419]아스코르빈산98%/[C084433]아스코르빈산97ㆍ5%과립/[C084448]아스코르빈산97%/[C084495]아스코르빈산칼슘97%과립/[C084658]아스코르빈산96%/[C084927]제피형아스코르빈산96%Type SC/[C085686]직탁용아스코르빈산98%/[C085785]아스코르빈산스테아레이트/[C086801]제피아스코르빈산97ㆍ5%/[C087036]코팅된아스코르빈산/[C088252]아스코르빈산제제/[C089177]아스코르빈산96%SC/[C090019]90%아스코르빈산/[C091430]아스코르빈산유캡/[C094260]95%아스코르빈산/[C094676]3-O-에칠아스코르빈산/[C095118]제피아스코르빈산96%/[C095392]아스코르빌팔미테이트/[C095412]제피아스코르빈사96% Type SC/[C095426]제피아스코르빈산96%가루/[C095604]아스코르빈산90%/[C099084]아스코르빈산팔미테이트/[C099734]아스코르브산90%과립/[C099910]직타용아스코르빈산/[C100271]팔미틴산아스코르빈산/[C100420]엘-아스코르빈산/[C101135]90%아스코르빈산과립/[C102189]아스코르빅애씨드/[C312780]소듐아스코르베이트/[C312824]아스코르빌 테트라이소팔미테이트/[C317903]글루코사민아스코르베이트/[C318482]칼슘 아스코르베이트/[C320842]아스코르빅애씨드/[C400592]아스코르빌니코티네이트/[I000229]아스코르빈산칼슘/[I001468]아스코르빈산제일철/[I001971]마그네슘아스코르베이트/[I003752]아스코르빈산나트륨/[I004351]아스코르브산/[M040354]아스코르빈산/[M050961]아스코르빈산철/[M080210]아스코르빈산나트륨/[M081017]아스코르빈산90%과립/[M081495]아스코르빈산펠렛/[M081615]아스코르빈산제피과립/[M081679]아스코르빈산60%/[M081772]제피아스코르빈산TYPE-SC/[M081998]아스코르빈팔미틴산/[M082617]아스코르빈산제피산/[M082841]아스코르빈산98%과립/[M082845]제피아스코르빈산96%/[M082850]직타용아스코르빈산/[M082857]제피아스코르빈산/[M083022]아스코르빈산96%과립/[M083040]아스코르빈산97%과립/[M083727]아스코르빈산제피산98%DC/[M083960]제피아스코르빈산TYPE-SC/[M083984]아스코르빈산칼슘/[M084311]엘아스코르빈산나트륨/[M084327]아스코르빈산과립/[M084388]아스코르빈산나트륨99%/[M084419]아스코르빈산98%/[M084433]아스코르빈산97ㆍ5%과립/[M084448]아스코르빈산97%/[M084495]아스코르빈산칼슘97%과립/[M084658]아스코르빈산96%/[M084927]제피아스코르빈산96%Type SC/[M085686]직타용아스코르빈산98%/[M087036]제피아스코르빈산/[M088252]아스코르빈산/[M089177]아스코르빈산96%SC/[M090019]아스코르빈산90%/[M091430]아스코르빈산유캡/[M094260]아스코르빈산95%/[M095392]아스코르빌팔미테이트/[M095426]제피아스코르빈산96%가루/[M095604]아스코르빈산90%/[M099084]아스코르빈산팔미테이트/[M100271]팔미틴산아스코르빈산/[M100420]엘-아스코르빈산/[M103048]제피형아스코르빈산96%TypeSC/[M103617]팔미틴산아스코르빌/[M104937]아스코르빈산97%분말/[M105763]아스코르빈산제제/[M107308]제피아스코르빈산97.0%가루/[M107594]소듐엘아스코르베이트/[M201112]아스코르빈산제일철/[M201618]제피아스코르빈사96%TypeSC/[M201620]제피아스코르빈산가루/[M201622]제피아스코르빈산TYPEB/[M203450]아스코르브산/[M203451]아스코르브산소듐/[M203452]아스코르빈산소듐/[M207370]팔미틴산아스코르브산/[M207385]아스코르빈산 97(아스코르빈산으로서 600mg)/[M207533]아스코르빈산 97(아스코르빈산으로서 600㎎)/[M209224]직타용아스코르빈산97%/[M210040]제피아스코르빈산97%과립/[M210875]소듐L-아스코르베이트/[M211316]아스코르빈산 산/[M211364]제피형아스코르빈산96%/[M211402]직타용아스코르빈산 90%/[M212742]아스코르빈산과립 97%(아스코르빈산으로서 83.3밀리그램)/[M214926]제피아스코르빈산 Type SC/[M215692]아스코르빈산(비타민C)/[M216038]아스코르빈산과립97%(아스코르빈산으로서 75밀리그램)/[M216398]아스코르빈산과립97%(아스코르빈산으로서 83.34밀리그램)/[M220142]직타용아스코르빈산(97%)/[M220180]아스코르빈산 97/[M223105]아스코르브산 산/[M223106]아스코르브산 정/[M223107]아스코르브산 주사액/[M224238]아스코르브산97/[M225398]아스코르빈산 Type FC/[M226183]아스코르빈산과립97%/[M227509]아스코르브산97%과립/[M229451]아스코르빈산 90%과립/[M229497]제피아스코르빈산 96% Type SC/[M234001]아스코르브산과립97%/[M236177]아스코르브산 90%과립/[M236913]제피아스코르브산/[M236926]직타용아스코르브산/[M239246]L-아스코르빈산/[M239251]L-아스코르빈산나트륨/[M239556]제피아스코르브산96% Type SC/[M241223]아스코르브산90%과립/[M242242]제피아스코르빈산*/[M243471]엘-아스코르빈산나트륨/[M243491]아스코르브산 97/[M244591]엘-아스코르빈산나트륨/[M244678]아스코르브산 97/[M245849]제피아스코르브산에스씨/[M245878]아스코르브산팔미테이트/[M246161]직타용아스코르브산97%/[M246638]아스코르브산97%/[M246709]아스코르브산나트륨/[M246900]90%아스코르브산/[M248326]아스코르빌나트륨포스페이트/[M249820]아스코르브산96%과립/[M250406]아스코르브산과립/[M250800]제피아스코르브산 TYPE-SC/[M251500]제피아스코르브산96%가루/[M252473]아스코르브산칼슘/[M252874]아스코르브산나트륨/[M252882]L-아스코르브산/[M253028]아스코르브산칼슘수화물/[M254082]제피아스코르브산 Type SC/[M254227]제피형아스코르브산96%TypeSC/[M254749]아스코르브산95%과립/[M254848]90%아스코르브산과립/[M256156]아스코르브산과립96%/[M257558]제피아스코르브산96%/[M257734]아스코르브산 과립90%/[M258008]아스코르브산칼슘이수화물/[M258592]작타용아스코르브산 97 %/[M258994]아스코르브산/[M259386]L-아스코르브산나트륨/[M259573]L-아스코르브산/[M261728]아스코르브산97%(직타용)/[M263901]제피아스코르브산97%가루/[M264037]90%아스코르빈산/[M265896]제피아스코르브산97.5%가루/[M040616]말레인산클로르페니라민/[M050213]말레인산덱스클로르페니라민/[M051529]클로르페니라민/[M082701]디엘말레인산클로르페니라민/[M083325]디말레인산클로르페니라민/[M099959]말레인산클로로페니라민/[M100018]말레산클로르페니라민/[M100476]디말레인산클로르페니라민/[M101581]디엘말레인산클로르페니라민/[M200471]말레인산클로르페니라민제피과립/[M202197]D-말레인산클로르페니라민/[M202204]DL-말레인산클로르페니라민/[M203913]클로르페니라민말레인산염/[M212847]클로르페니라민말레이트/[M223211]클로르페니라민말레산염/[M223212]d-클로르페니라민말레산염/[M223213]클로르페니라민말레산염 산/[M223214]클로르페니라민말레산염 정/[M223215]클로르페니라민말레산염 주사액/[M226783]dl-클로르페니라민말레산염/[M249715]덱스클로르페니라민 말레산염/[M251936]덱스클로르페니라민말레이트/[M223258]티아민염산염/[M223262]티아민질산염/[M243282]티아민질산염3배산","[01140]해열.진통.소염제","","4,000밀리그램",20180831,"아세트아미노펜으로서 4,000mg/day(모든제형, 단일제.복합제 포함)","","정상"
3839,"용량주의","복합",D000147,Acetaminophen,"아세트아미노펜","[D000493]Guaifenesin(구아이페네신)/[D001101]Riboflavin(리보플라빈)/[D001116]Methylephedrine(메틸에페드린)/[D001118]Benfotiamine(벤포티아민)/[D001106]Ascorbic acid(아스코르브산)/[D000852]Caffeine(카페인)/[D000893]Chlorpheniramine(클로르페니라민)","[M040353]아세트아미노펜/[M082309]아세트아미노펜제피세립/[M233006]아세트아미노펜 DC 500/600/[M246556]아세트아미노펜 (미분화)/[M262287]아세트아미노펜 과립/[M050058]구아이페네신/[C040133]리보플라빈/[C040512]인산리보플라빈나트륨/[C050367]테트라부티르산리보플라빈/[C050368]인산리보플라빈/[C050369]리보플라빈-5-인산나트륨/[C081186]리보플라빈33 1/3%/[C082711]리보플라빈낙산에스텔/[C082719]리보플라빈331/3%산/[C083052]리보플라빈98%DC/[C083101]낙산리보플라빈/[C083163]리보플라빈98%/[C083404]리보플라빈33 1/3%과립/[C084424]염산리보플라빈나트륨/[C085688]직탁용리보플라빈98%/[C089984]리보플라빈인산나트륨/[C090982]리보플라빈산나트륨/[C091022]리보플라빈98%과립/[C091383]리보플라빈25%과립/[C092484]부티르산리보플라빈/[C100456]리보플라빈3배산/[C100480]인산리보플라빈나트륨이수화물/[C101969]리보플라빈E101/[C202525]리보플라빈/[C401176]리보플라빈/[C407713]소듐리보플라빈포스페이트/[C409503]리보플라빈테트라부티레이트/[C422825]리보플라빈/[C422826]리보플라빈테트라부티레이트/[C422827]리보플라빈테트라아세테이트/[C425375]소듐리보플라빈포스페이트/[I003529]리보플라빈/[I003530]리보플라빈포스페이트나트륨/[I006525]리보플라빈부티레이트/[I007430]인산리보플라빈/[I007658]인산리보플라빈나트륨이수화물/[I007907]리보플라빈산나트륨/[M040133]리보플라빈/[M040512]인산리보플라빈나트륨/[M050367]테트라부티르산리보플라빈/[M050368]인산리보플라빈/[M050369]리보플라빈-5-인산나트륨/[M081186]리보플라빈33 1/3%/[M082711]리보플라빈낙산에스텔/[M082719]리보플라빈33 1/3%산/[M083052]리보플라빈98%DC/[M083101]낙산리보플라빈/[M083163]리보플라빈98%/[M083404]리보플라빈33 1/3%과립/[M085688]직탁용리보플라빈98%/[M090982]리보플라빈산나트륨/[M091022]리보플라빈98%과립/[M091383]리보플라빈25%과립/[M092484]부티르산리보플라빈/[M100456]리보플라빈3배산/[M100480]인산리보플라빈나트륨이수화물/[M101969]리보플라빈E101/[M200421]리보플라빈33ㆍ3%/[M200422]리보플라빈33ㆍ3%과립/[M200423]리보플라빈33ㆍ3%산/[M203723]인산리보플라빈소듐/[M206124]조리보플라빈/[M216041]리보플라빈3배산(리보플라빈으로서 5밀리그램)/[M216399]리보플라빈 3배산(리보플라빈으로서 0.84밀리그램)/[M217503]리보플라빈인산에스텔나트륨/[M218021]안산리보플라빈나트륨/[M222995]리보플라빈부티레이트/[M222996]리보플라빈포스페이트나트륨/[M222997]리보플라빈포스페이트나트륨 주사액/[M232651]제피리보플라빈/[M249967]리보플라빈부틸레이트/[M249982]리보플라빈나트륨포스페이트/[A006116]메틸에페드린/[I006391]dl-메틸에페드린염산염/[M204422]dl-메틸에페드린염산염/[M223022]dl-메틸에페드린염산염 산 10%/[M235519]디엘메틸에페드린염산염/[M240608]dI-메틸에페드린염산염/[M240859]디엘-메틸에페드린염산염/[M252389]㎗-메틸에페드린염산염/[M264046]DL-메틸에페드린염산염/[C081474]벤포티아민(비오타민)/[C096428]벤포티아민/[I004465]벤포티아민/[M081474]벤포티아민(비오타민)/[M096428]벤포티아민/[M256717]조벤포티아민/[C040354]아스코르빈산/[C050961]아스코르빈산철/[C080210]아스코르빈산나트륨/[C081017]아스코르빈산90%과립/[C081495]아스코르빈산펠렛/[C081615]아스코르빈산 제피과립/[C081679]아스코르빈산60%/[C081772]제피아스코르빈산TYPE-SC/[C081998]아스코르빈팔미틴산/[C082617]아스코르빈산제피산/[C082841]아스코르빈산98%과립/[C082845]제피형아스코르빈산96%/[C082850]직탁용아스코르빈산/[C082857]제피아스코르빈산/[C083022]아스코르빈산96%과립/[C083040]아스코르빈산97%과립/[C083727]아스코르빈산제피산98%DC/[C083984]아스코르빈산칼슘/[C084311]엘-아스코르빈산나트륨/[C084327]아스코르빈산과립/[C084388]아스코르빈산나트륨99%/[C084419]아스코르빈산98%/[C084433]아스코르빈산97ㆍ5%과립/[C084448]아스코르빈산97%/[C084495]아스코르빈산칼슘97%과립/[C084658]아스코르빈산96%/[C084927]제피형아스코르빈산96%Type SC/[C085686]직탁용아스코르빈산98%/[C085785]아스코르빈산스테아레이트/[C086801]제피아스코르빈산97ㆍ5%/[C087036]코팅된아스코르빈산/[C088252]아스코르빈산제제/[C089177]아스코르빈산96%SC/[C090019]90%아스코르빈산/[C091430]아스코르빈산유캡/[C094260]95%아스코르빈산/[C094676]3-O-에칠아스코르빈산/[C095118]제피아스코르빈산96%/[C095392]아스코르빌팔미테이트/[C095412]제피아스코르빈사96% Type SC/[C095426]제피아스코르빈산96%가루/[C095604]아스코르빈산90%/[C099084]아스코르빈산팔미테이트/[C099734]아스코르브산90%과립/[C099910]직타용아스코르빈산/[C100271]팔미틴산아스코르빈산/[C100420]엘-아스코르빈산/[C101135]90%아스코르빈산과립/[C102189]아스코르빅애씨드/[C312780]소듐아스코르베이트/[C312824]아스코르빌 테트라이소팔미테이트/[C317903]글루코사민아스코르베이트/[C318482]칼슘 아스코르베이트/[C320842]아스코르빅애씨드/[C400592]아스코르빌니코티네이트/[I000229]아스코르빈산칼슘/[I001468]아스코르빈산제일철/[I001971]마그네슘아스코르베이트/[I003752]아스코르빈산나트륨/[I004351]아스코르브산/[M040354]아스코르빈산/[M050961]아스코르빈산철/[M080210]아스코르빈산나트륨/[M081017]아스코르빈산90%과립/[M081495]아스코르빈산펠렛/[M081615]아스코르빈산제피과립/[M081679]아스코르빈산60%/[M081772]제피아스코르빈산TYPE-SC/[M081998]아스코르빈팔미틴산/[M082617]아스코르빈산제피산/[M082841]아스코르빈산98%과립/[M082845]제피아스코르빈산96%/[M082850]직타용아스코르빈산/[M082857]제피아스코르빈산/[M083022]아스코르빈산96%과립/[M083040]아스코르빈산97%과립/[M083727]아스코르빈산제피산98%DC/[M083960]제피아스코르빈산TYPE-SC/[M083984]아스코르빈산칼슘/[M084311]엘아스코르빈산나트륨/[M084327]아스코르빈산과립/[M084388]아스코르빈산나트륨99%/[M084419]아스코르빈산98%/[M084433]아스코르빈산97ㆍ5%과립/[M084448]아스코르빈산97%/[M084495]아스코르빈산칼슘97%과립/[M084658]아스코르빈산96%/[M084927]제피아스코르빈산96%Type SC/[M085686]직타용아스코르빈산98%/[M087036]제피아스코르빈산/[M088252]아스코르빈산/[M089177]아스코르빈산96%SC/[M090019]아스코르빈산90%/[M091430]아스코르빈산유캡/[M094260]아스코르빈산95%/[M095392]아스코르빌팔미테이트/[M095426]제피아스코르빈산96%가루/[M095604]아스코르빈산90%/[M099084]아스코르빈산팔미테이트/[M100271]팔미틴산아스코르빈산/[M100420]엘-아스코르빈산/[M103048]제피형아스코르빈산96%TypeSC/[M103617]팔미틴산아스코르빌/[M104937]아스코르빈산97%분말/[M105763]아스코르빈산제제/[M107308]제피아스코르빈산97.0%가루/[M107594]소듐엘아스코르베이트/[M201112]아스코르빈산제일철/[M201618]제피아스코르빈사96%TypeSC/[M201620]제피아스코르빈산가루/[M201622]제피아스코르빈산TYPEB/[M203450]아스코르브산/[M203451]아스코르브산소듐/[M203452]아스코르빈산소듐/[M207370]팔미틴산아스코르브산/[M207385]아스코르빈산 97(아스코르빈산으로서 600mg)/[M207533]아스코르빈산 97(아스코르빈산으로서 600㎎)/[M209224]직타용아스코르빈산97%/[M210040]제피아스코르빈산97%과립/[M210875]소듐L-아스코르베이트/[M211316]아스코르빈산 산/[M211364]제피형아스코르빈산96%/[M211402]직타용아스코르빈산 90%/[M212742]아스코르빈산과립 97%(아스코르빈산으로서 83.3밀리그램)/[M214926]제피아스코르빈산 Type SC/[M215692]아스코르빈산(비타민C)/[M216038]아스코르빈산과립97%(아스코르빈산으로서 75밀리그램)/[M216398]아스코르빈산과립97%(아스코르빈산으로서 83.34밀리그램)/[M220142]직타용아스코르빈산(97%)/[M220180]아스코르빈산 97/[M223105]아스코르브산 산/[M223106]아스코르브산 정/[M223107]아스코르브산 주사액/[M224238]아스코르브산97/[M225398]아스코르빈산 Type FC/[M226183]아스코르빈산과립97%/[M227509]아스코르브산97%과립/[M229451]아스코르빈산 90%과립/[M229497]제피아스코르빈산 96% Type SC/[M234001]아스코르브산과립97%/[M236177]아스코르브산 90%과립/[M236913]제피아스코르브산/[M236926]직타용아스코르브산/[M239246]L-아스코르빈산/[M239251]L-아스코르빈산나트륨/[M239556]제피아스코르브산96% Type SC/[M241223]아스코르브산90%과립/[M242242]제피아스코르빈산*/[M243471]엘-아스코르빈산나트륨/[M243491]아스코르브산 97/[M244591]엘-아스코르빈산나트륨/[M244678]아스코르브산 97/[M245849]제피아스코르브산에스씨/[M245878]아스코르브산팔미테이트/[M246161]직타용아스코르브산97%/[M246638]아스코르브산97%/[M246709]아스코르브산나트륨/[M246900]90%아스코르브산/[M248326]아스코르빌나트륨포스페이트/[M249820]아스코르브산96%과립/[M250406]아스코르브산과립/[M250800]제피아스코르브산 TYPE-SC/[M251500]제피아스코르브산96%가루/[M252473]아스코르브산칼슘/[M252874]아스코르브산나트륨/[M252882]L-아스코르브산/[M253028]아스코르브산칼슘수화물/[M254082]제피아스코르브산 Type SC/[M254227]제피형아스코르브산96%TypeSC/[M254749]아스코르브산95%과립/[M254848]90%아스코르브산과립/[M256156]아스코르브산과립96%/[M257558]제피아스코르브산96%/[M257734]아스코르브산 과립90%/[M258008]아스코르브산칼슘이수화물/[M258592]작타용아스코르브산 97 %/[M258994]아스코르브산/[M259386]L-아스코르브산나트륨/[M259573]L-아스코르브산/[M261728]아스코르브산97%(직타용)/[M263901]제피아스코르브산97%가루/[M264037]90%아스코르빈산/[M265896]제피아스코르브산97.5%가루/[M040579]카페인(함수)/[M040580]무수카페인/[M090611]카페인/[M223183]카페인무수물/[M223184]카페인수화물/[M241017]무수물카페인/[M040616]말레인산클로르페니라민/[M050213]말레인산덱스클로르페니라민/[M051529]클로르페니라민/[M082701]디엘말레인산클로르페니라민/[M083325]디말레인산클로르페니라민/[M099959]말레인산클로로페니라민/[M100018]말레산클로르페니라민/[M100476]디말레인산클로르페니라민/[M101581]디엘말레인산클로르페니라민/[M200471]말레인산클로르페니라민제피과립/[M202197]D-말레인산클로르페니라민/[M202204]DL-말레인산클로르페니라민/[M203913]클로르페니라민말레인산염/[M212847]클로르페니라민말레이트/[M223211]클로르페니라민말레산염/[M223212]d-클로르페니라민말레산염/[M223213]클로르페니라민말레산염 산/[M223214]클로르페니라민말레산염 정/[M223215]클로르페니라민말레산염 주사액/[M226783]dl-클로르페니라민말레산염/[M249715]덱스클로르페니라민 말레산염/[M251936]덱스클로르페니라민말레이트","[01140]해열.진통.소염제","","4,000밀리그램",20180831,"아세트아미노펜으로서 4,000mg/day(모든제형, 단일제.복합제 포함)","","정상"
3840,"용량주의","복합",D000147,Acetaminophen,"아세트아미노펜","[D000493]Guaifenesin(구아이페네신)/[D001101]Riboflavin(리보플라빈)/[D001116]Methylephedrine(메틸에페드린)/[D001106]Ascorbic acid(아스코르브산)/[D000852]Caffeine(카페인)/[D000893]Chlorpheniramine(클로르페니라민)/[D000191]Phenylephrine(페닐레프린)","[M040353]아세트아미노펜/[M082309]아세트아미노펜제피세립/[M233006]아세트아미노펜 DC 500/600/[M246556]아세트아미노펜 (미분화)/[M262287]아세트아미노펜 과립/[M050058]구아이페네신/[C040133]리보플라빈/[C040512]인산리보플라빈나트륨/[C050367]테트라부티르산리보플라빈/[C050368]인산리보플라빈/[C050369]리보플라빈-5-인산나트륨/[C081186]리보플라빈33 1/3%/[C082711]리보플라빈낙산에스텔/[C082719]리보플라빈331/3%산/[C083052]리보플라빈98%DC/[C083101]낙산리보플라빈/[C083163]리보플라빈98%/[C083404]리보플라빈33 1/3%과립/[C084424]염산리보플라빈나트륨/[C085688]직탁용리보플라빈98%/[C089984]리보플라빈인산나트륨/[C090982]리보플라빈산나트륨/[C091022]리보플라빈98%과립/[C091383]리보플라빈25%과립/[C092484]부티르산리보플라빈/[C100456]리보플라빈3배산/[C100480]인산리보플라빈나트륨이수화물/[C101969]리보플라빈E101/[C202525]리보플라빈/[C401176]리보플라빈/[C407713]소듐리보플라빈포스페이트/[C409503]리보플라빈테트라부티레이트/[C422825]리보플라빈/[C422826]리보플라빈테트라부티레이트/[C422827]리보플라빈테트라아세테이트/[C425375]소듐리보플라빈포스페이트/[I003529]리보플라빈/[I003530]리보플라빈포스페이트나트륨/[I006525]리보플라빈부티레이트/[I007430]인산리보플라빈/[I007658]인산리보플라빈나트륨이수화물/[I007907]리보플라빈산나트륨/[M040133]리보플라빈/[M040512]인산리보플라빈나트륨/[M050367]테트라부티르산리보플라빈/[M050368]인산리보플라빈/[M050369]리보플라빈-5-인산나트륨/[M081186]리보플라빈33 1/3%/[M082711]리보플라빈낙산에스텔/[M082719]리보플라빈33 1/3%산/[M083052]리보플라빈98%DC/[M083101]낙산리보플라빈/[M083163]리보플라빈98%/[M083404]리보플라빈33 1/3%과립/[M085688]직탁용리보플라빈98%/[M090982]리보플라빈산나트륨/[M091022]리보플라빈98%과립/[M091383]리보플라빈25%과립/[M092484]부티르산리보플라빈/[M100456]리보플라빈3배산/[M100480]인산리보플라빈나트륨이수화물/[M101969]리보플라빈E101/[M200421]리보플라빈33ㆍ3%/[M200422]리보플라빈33ㆍ3%과립/[M200423]리보플라빈33ㆍ3%산/[M203723]인산리보플라빈소듐/[M206124]조리보플라빈/[M216041]리보플라빈3배산(리보플라빈으로서 5밀리그램)/[M216399]리보플라빈 3배산(리보플라빈으로서 0.84밀리그램)/[M217503]리보플라빈인산에스텔나트륨/[M218021]안산리보플라빈나트륨/[M222995]리보플라빈부티레이트/[M222996]리보플라빈포스페이트나트륨/[M222997]리보플라빈포스페이트나트륨 주사액/[M232651]제피리보플라빈/[M249967]리보플라빈부틸레이트/[M249982]리보플라빈나트륨포스페이트/[A006116]메틸에페드린/[I006391]dl-메틸에페드린염산염/[M204422]dl-메틸에페드린염산염/[M223022]dl-메틸에페드린염산염 산 10%/[M235519]디엘메틸에페드린염산염/[M240608]dI-메틸에페드린염산염/[M240859]디엘-메틸에페드린염산염/[M252389]㎗-메틸에페드린염산염/[M264046]DL-메틸에페드린염산염/[C040354]아스코르빈산/[C050961]아스코르빈산철/[C080210]아스코르빈산나트륨/[C081017]아스코르빈산90%과립/[C081495]아스코르빈산펠렛/[C081615]아스코르빈산 제피과립/[C081679]아스코르빈산60%/[C081772]제피아스코르빈산TYPE-SC/[C081998]아스코르빈팔미틴산/[C082617]아스코르빈산제피산/[C082841]아스코르빈산98%과립/[C082845]제피형아스코르빈산96%/[C082850]직탁용아스코르빈산/[C082857]제피아스코르빈산/[C083022]아스코르빈산96%과립/[C083040]아스코르빈산97%과립/[C083727]아스코르빈산제피산98%DC/[C083984]아스코르빈산칼슘/[C084311]엘-아스코르빈산나트륨/[C084327]아스코르빈산과립/[C084388]아스코르빈산나트륨99%/[C084419]아스코르빈산98%/[C084433]아스코르빈산97ㆍ5%과립/[C084448]아스코르빈산97%/[C084495]아스코르빈산칼슘97%과립/[C084658]아스코르빈산96%/[C084927]제피형아스코르빈산96%Type SC/[C085686]직탁용아스코르빈산98%/[C085785]아스코르빈산스테아레이트/[C086801]제피아스코르빈산97ㆍ5%/[C087036]코팅된아스코르빈산/[C088252]아스코르빈산제제/[C089177]아스코르빈산96%SC/[C090019]90%아스코르빈산/[C091430]아스코르빈산유캡/[C094260]95%아스코르빈산/[C094676]3-O-에칠아스코르빈산/[C095118]제피아스코르빈산96%/[C095392]아스코르빌팔미테이트/[C095412]제피아스코르빈사96% Type SC/[C095426]제피아스코르빈산96%가루/[C095604]아스코르빈산90%/[C099084]아스코르빈산팔미테이트/[C099734]아스코르브산90%과립/[C099910]직타용아스코르빈산/[C100271]팔미틴산아스코르빈산/[C100420]엘-아스코르빈산/[C101135]90%아스코르빈산과립/[C102189]아스코르빅애씨드/[C312780]소듐아스코르베이트/[C312824]아스코르빌 테트라이소팔미테이트/[C317903]글루코사민아스코르베이트/[C318482]칼슘 아스코르베이트/[C320842]아스코르빅애씨드/[C400592]아스코르빌니코티네이트/[I000229]아스코르빈산칼슘/[I001468]아스코르빈산제일철/[I001971]마그네슘아스코르베이트/[I003752]아스코르빈산나트륨/[I004351]아스코르브산/[M040354]아스코르빈산/[M050961]아스코르빈산철/[M080210]아스코르빈산나트륨/[M081017]아스코르빈산90%과립/[M081495]아스코르빈산펠렛/[M081615]아스코르빈산제피과립/[M081679]아스코르빈산60%/[M081772]제피아스코르빈산TYPE-SC/[M081998]아스코르빈팔미틴산/[M082617]아스코르빈산제피산/[M082841]아스코르빈산98%과립/[M082845]제피아스코르빈산96%/[M082850]직타용아스코르빈산/[M082857]제피아스코르빈산/[M083022]아스코르빈산96%과립/[M083040]아스코르빈산97%과립/[M083727]아스코르빈산제피산98%DC/[M083960]제피아스코르빈산TYPE-SC/[M083984]아스코르빈산칼슘/[M084311]엘아스코르빈산나트륨/[M084327]아스코르빈산과립/[M084388]아스코르빈산나트륨99%/[M084419]아스코르빈산98%/[M084433]아스코르빈산97ㆍ5%과립/[M084448]아스코르빈산97%/[M084495]아스코르빈산칼슘97%과립/[M084658]아스코르빈산96%/[M084927]제피아스코르빈산96%Type SC/[M085686]직타용아스코르빈산98%/[M087036]제피아스코르빈산/[M088252]아스코르빈산/[M089177]아스코르빈산96%SC/[M090019]아스코르빈산90%/[M091430]아스코르빈산유캡/[M094260]아스코르빈산95%/[M095392]아스코르빌팔미테이트/[M095426]제피아스코르빈산96%가루/[M095604]아스코르빈산90%/[M099084]아스코르빈산팔미테이트/[M100271]팔미틴산아스코르빈산/[M100420]엘-아스코르빈산/[M103048]제피형아스코르빈산96%TypeSC/[M103617]팔미틴산아스코르빌/[M104937]아스코르빈산97%분말/[M105763]아스코르빈산제제/[M107308]제피아스코르빈산97.0%가루/[M107594]소듐엘아스코르베이트/[M201112]아스코르빈산제일철/[M201618]제피아스코르빈사96%TypeSC/[M201620]제피아스코르빈산가루/[M201622]제피아스코르빈산TYPEB/[M203450]아스코르브산/[M203451]아스코르브산소듐/[M203452]아스코르빈산소듐/[M207370]팔미틴산아스코르브산/[M207385]아스코르빈산 97(아스코르빈산으로서 600mg)/[M207533]아스코르빈산 97(아스코르빈산으로서 600㎎)/[M209224]직타용아스코르빈산97%/[M210040]제피아스코르빈산97%과립/[M210875]소듐L-아스코르베이트/[M211316]아스코르빈산 산/[M211364]제피형아스코르빈산96%/[M211402]직타용아스코르빈산 90%/[M212742]아스코르빈산과립 97%(아스코르빈산으로서 83.3밀리그램)/[M214926]제피아스코르빈산 Type SC/[M215692]아스코르빈산(비타민C)/[M216038]아스코르빈산과립97%(아스코르빈산으로서 75밀리그램)/[M216398]아스코르빈산과립97%(아스코르빈산으로서 83.34밀리그램)/[M220142]직타용아스코르빈산(97%)/[M220180]아스코르빈산 97/[M223105]아스코르브산 산/[M223106]아스코르브산 정/[M223107]아스코르브산 주사액/[M224238]아스코르브산97/[M225398]아스코르빈산 Type FC/[M226183]아스코르빈산과립97%/[M227509]아스코르브산97%과립/[M229451]아스코르빈산 90%과립/[M229497]제피아스코르빈산 96% Type SC/[M234001]아스코르브산과립97%/[M236177]아스코르브산 90%과립/[M236913]제피아스코르브산/[M236926]직타용아스코르브산/[M239246]L-아스코르빈산/[M239251]L-아스코르빈산나트륨/[M239556]제피아스코르브산96% Type SC/[M241223]아스코르브산90%과립/[M242242]제피아스코르빈산*/[M243471]엘-아스코르빈산나트륨/[M243491]아스코르브산 97/[M244591]엘-아스코르빈산나트륨/[M244678]아스코르브산 97/[M245849]제피아스코르브산에스씨/[M245878]아스코르브산팔미테이트/[M246161]직타용아스코르브산97%/[M246638]아스코르브산97%/[M246709]아스코르브산나트륨/[M246900]90%아스코르브산/[M248326]아스코르빌나트륨포스페이트/[M249820]아스코르브산96%과립/[M250406]아스코르브산과립/[M250800]제피아스코르브산 TYPE-SC/[M251500]제피아스코르브산96%가루/[M252473]아스코르브산칼슘/[M252874]아스코르브산나트륨/[M252882]L-아스코르브산/[M253028]아스코르브산칼슘수화물/[M254082]제피아스코르브산 Type SC/[M254227]제피형아스코르브산96%TypeSC/[M254749]아스코르브산95%과립/[M254848]90%아스코르브산과립/[M256156]아스코르브산과립96%/[M257558]제피아스코르브산96%/[M257734]아스코르브산 과립90%/[M258008]아스코르브산칼슘이수화물/[M258592]작타용아스코르브산 97 %/[M258994]아스코르브산/[M259386]L-아스코르브산나트륨/[M259573]L-아스코르브산/[M261728]아스코르브산97%(직타용)/[M263901]제피아스코르브산97%가루/[M264037]90%아스코르빈산/[M265896]제피아스코르브산97.5%가루/[M040579]카페인(함수)/[M040580]무수카페인/[M090611]카페인/[M223183]카페인무수물/[M223184]카페인수화물/[M241017]무수물카페인/[M040616]말레인산클로르페니라민/[M050213]말레인산덱스클로르페니라민/[M051529]클로르페니라민/[M082701]디엘말레인산클로르페니라민/[M083325]디말레인산클로르페니라민/[M099959]말레인산클로로페니라민/[M100018]말레산클로르페니라민/[M100476]디말레인산클로르페니라민/[M101581]디엘말레인산클로르페니라민/[M200471]말레인산클로르페니라민제피과립/[M202197]D-말레인산클로르페니라민/[M202204]DL-말레인산클로르페니라민/[M203913]클로르페니라민말레인산염/[M212847]클로르페니라민말레이트/[M223211]클로르페니라민말레산염/[M223212]d-클로르페니라민말레산염/[M223213]클로르페니라민말레산염 산/[M223214]클로르페니라민말레산염 정/[M223215]클로르페니라민말레산염 주사액/[M226783]dl-클로르페니라민말레산염/[M249715]덱스클로르페니라민 말레산염/[M251936]덱스클로르페니라민말레이트/[M040696]염산페닐에프린/[M222724]페닐레프린염산염/[M225151]페닐에프린염산염","[01140]해열.진통.소염제","","4000밀리그램",20180831,"아세트아미노펜으로서 4,000mg/day(모든제형, 단일제.복합제 포함)","","정상"
3692,"용량주의","복합",D000147,Acetaminophen,"아세트아미노펜","[D000200]Dextromethorphan(덱스트로메토르판)/[D000448]Pseudoephedrine(슈도에페드린)/[D000852]Caffeine(카페인)","[M040353]아세트아미노펜/[M082309]아세트아미노펜제피세립/[M233006]아세트아미노펜 DC 500/600/[M246556]아세트아미노펜 (미분화)/[M262287]아세트아미노펜 과립/[M040084]브롬화수소산덱스트로메토르판/[M202983]덱스트로메토르판브롬화수소산염/[M222957]덱스트로메토르판브롬화수소산염수화물/[M050833]염산슈도에페드린/[M081720]황산슈도에페드린/[M203364]슈도에페드린염산염/[M222865]수도에페드린염산염/[M248579]수도에페드린황산염/[M256034]수도에페드린염산염 과립/[M258826]수도에페드린/[M040579]카페인(함수)/[M040580]무수카페인/[M090611]카페인/[M223183]카페인무수물/[M223184]카페인수화물/[M241017]무수물카페인","[01140]해열.진통.소염제","","4,000밀리그램",20180831,"아세트아미노펜으로서 4,000mg/day(모든제형, 단일제.복합제 포함)","","정상"
3693,"용량주의","복합",D000147,Acetaminophen,"아세트아미노펜","[D000200]Dextromethorphan(덱스트로메토르판)/[D000448]Pseudoephedrine(슈도에페드린)/[D000893]Chlorpheniramine(클로르페니라민)","[M040353]아세트아미노펜/[M082309]아세트아미노펜제피세립/[M233006]아세트아미노펜 DC 500/600/[M246556]아세트아미노펜 (미분화)/[M262287]아세트아미노펜 과립/[M040084]브롬화수소산덱스트로메토르판/[M202983]덱스트로메토르판브롬화수소산염/[M222957]덱스트로메토르판브롬화수소산염수화물/[M050833]염산슈도에페드린/[M081720]황산슈도에페드린/[M203364]슈도에페드린염산염/[M222865]수도에페드린염산염/[M248579]수도에페드린황산염/[M256034]수도에페드린염산염 과립/[M258826]수도에페드린/[M040616]말레인산클로르페니라민/[M050213]말레인산덱스클로르페니라민/[M051529]클로르페니라민/[M082701]디엘말레인산클로르페니라민/[M083325]디말레인산클로르페니라민/[M099959]말레인산클로로페니라민/[M100018]말레산클로르페니라민/[M100476]디말레인산클로르페니라민/[M101581]디엘말레인산클로르페니라민/[M200471]말레인산클로르페니라민제피과립/[M202197]D-말레인산클로르페니라민/[M202204]DL-말레인산클로르페니라민/[M203913]클로르페니라민말레인산염/[M212847]클로르페니라민말레이트/[M223211]클로르페니라민말레산염/[M223212]d-클로르페니라민말레산염/[M223213]클로르페니라민말레산염 산/[M223214]클로르페니라민말레산염 정/[M223215]클로르페니라민말레산염 주사액/[M226783]dl-클로르페니라민말레산염/[M249715]덱스클로르페니라민 말레산염/[M251936]덱스클로르페니라민말레이트","[01140]해열.진통.소염제","","4,000밀리그램",20180831,"아세트아미노펜으로서 4,000mg/day(모든제형, 단일제.복합제 포함)","","정상"
3694,"용량주의","복합",D000147,Acetaminophen,"아세트아미노펜","[D000200]Dextromethorphan(덱스트로메토르판)/[D000893]Chlorpheniramine(클로르페니라민)/[D000191]Phenylephrine(페닐레프린)","[M040353]아세트아미노펜/[M082309]아세트아미노펜제피세립/[M233006]아세트아미노펜 DC 500/600/[M246556]아세트아미노펜 (미분화)/[M262287]아세트아미노펜 과립/[M040084]브롬화수소산덱스트로메토르판/[M202983]덱스트로메토르판브롬화수소산염/[M222957]덱스트로메토르판브롬화수소산염수화물/[M040616]말레인산클로르페니라민/[M050213]말레인산덱스클로르페니라민/[M051529]클로르페니라민/[M082701]디엘말레인산클로르페니라민/[M083325]디말레인산클로르페니라민/[M099959]말레인산클로로페니라민/[M100018]말레산클로르페니라민/[M100476]디말레인산클로르페니라민/[M101581]디엘말레인산클로르페니라민/[M200471]말레인산클로르페니라민제피과립/[M202197]D-말레인산클로르페니라민/[M202204]DL-말레인산클로르페니라민/[M203913]클로르페니라민말레인산염/[M212847]클로르페니라민말레이트/[M223211]클로르페니라민말레산염/[M223212]d-클로르페니라민말레산염/[M223213]클로르페니라민말레산염 산/[M223214]클로르페니라민말레산염 정/[M223215]클로르페니라민말레산염 주사액/[M226783]dl-클로르페니라민말레산염/[M249715]덱스클로르페니라민 말레산염/[M251936]덱스클로르페니라민말레이트/[M040696]염산페닐에프린/[M222724]페닐레프린염산염/[M225151]페닐에프린염산염","[01140]해열.진통.소염제","","4,000밀리그램",20180831,"아세트아미노펜으로서 4,000mg/day(모든제형, 단일제.복합제 포함)","","정상"
3843,"용량주의","복합",D000147,Acetaminophen,"아세트아미노펜","[D000200]Dextromethorphan(덱스트로메토르판)/[D001101]Riboflavin(리보플라빈)/[D001116]Methylephedrine(메틸에페드린)/[D000448]Pseudoephedrine(슈도에페드린)/[D001106]Ascorbic acid(아스코르브산)/[D000893]Chlorpheniramine(클로르페니라민)/[D000998]Thiamine(티아민)","[M040353]아세트아미노펜/[M082309]아세트아미노펜제피세립/[M233006]아세트아미노펜 DC 500/600/[M246556]아세트아미노펜 (미분화)/[M262287]아세트아미노펜 과립/[M040084]브롬화수소산덱스트로메토르판/[M202983]덱스트로메토르판브롬화수소산염/[M222957]덱스트로메토르판브롬화수소산염수화물/[C040133]리보플라빈/[C040512]인산리보플라빈나트륨/[C050367]테트라부티르산리보플라빈/[C050368]인산리보플라빈/[C050369]리보플라빈-5-인산나트륨/[C081186]리보플라빈33 1/3%/[C082711]리보플라빈낙산에스텔/[C082719]리보플라빈331/3%산/[C083052]리보플라빈98%DC/[C083101]낙산리보플라빈/[C083163]리보플라빈98%/[C083404]리보플라빈33 1/3%과립/[C084424]염산리보플라빈나트륨/[C085688]직탁용리보플라빈98%/[C089984]리보플라빈인산나트륨/[C090982]리보플라빈산나트륨/[C091022]리보플라빈98%과립/[C091383]리보플라빈25%과립/[C092484]부티르산리보플라빈/[C100456]리보플라빈3배산/[C100480]인산리보플라빈나트륨이수화물/[C101969]리보플라빈E101/[C202525]리보플라빈/[C401176]리보플라빈/[C407713]소듐리보플라빈포스페이트/[C409503]리보플라빈테트라부티레이트/[C422825]리보플라빈/[C422826]리보플라빈테트라부티레이트/[C422827]리보플라빈테트라아세테이트/[C425375]소듐리보플라빈포스페이트/[I003529]리보플라빈/[I003530]리보플라빈포스페이트나트륨/[I006525]리보플라빈부티레이트/[I007430]인산리보플라빈/[I007658]인산리보플라빈나트륨이수화물/[I007907]리보플라빈산나트륨/[M040133]리보플라빈/[M040512]인산리보플라빈나트륨/[M050367]테트라부티르산리보플라빈/[M050368]인산리보플라빈/[M050369]리보플라빈-5-인산나트륨/[M081186]리보플라빈33 1/3%/[M082711]리보플라빈낙산에스텔/[M082719]리보플라빈33 1/3%산/[M083052]리보플라빈98%DC/[M083101]낙산리보플라빈/[M083163]리보플라빈98%/[M083404]리보플라빈33 1/3%과립/[M085688]직탁용리보플라빈98%/[M090982]리보플라빈산나트륨/[M091022]리보플라빈98%과립/[M091383]리보플라빈25%과립/[M092484]부티르산리보플라빈/[M100456]리보플라빈3배산/[M100480]인산리보플라빈나트륨이수화물/[M101969]리보플라빈E101/[M200421]리보플라빈33ㆍ3%/[M200422]리보플라빈33ㆍ3%과립/[M200423]리보플라빈33ㆍ3%산/[M203723]인산리보플라빈소듐/[M206124]조리보플라빈/[M216041]리보플라빈3배산(리보플라빈으로서 5밀리그램)/[M216399]리보플라빈 3배산(리보플라빈으로서 0.84밀리그램)/[M217503]리보플라빈인산에스텔나트륨/[M218021]안산리보플라빈나트륨/[M222995]리보플라빈부티레이트/[M222996]리보플라빈포스페이트나트륨/[M222997]리보플라빈포스페이트나트륨 주사액/[M232651]제피리보플라빈/[M249967]리보플라빈부틸레이트/[M249982]리보플라빈나트륨포스페이트/[A006116]메틸에페드린/[I006391]dl-메틸에페드린염산염/[M204422]dl-메틸에페드린염산염/[M223022]dl-메틸에페드린염산염 산 10%/[M235519]디엘메틸에페드린염산염/[M240608]dI-메틸에페드린염산염/[M240859]디엘-메틸에페드린염산염/[M252389]㎗-메틸에페드린염산염/[M264046]DL-메틸에페드린염산염/[M050833]염산슈도에페드린/[M081720]황산슈도에페드린/[M203364]슈도에페드린염산염/[M222865]수도에페드린염산염/[M248579]수도에페드린황산염/[M256034]수도에페드린염산염 과립/[M258826]수도에페드린/[C040354]아스코르빈산/[C050961]아스코르빈산철/[C080210]아스코르빈산나트륨/[C081017]아스코르빈산90%과립/[C081495]아스코르빈산펠렛/[C081615]아스코르빈산 제피과립/[C081679]아스코르빈산60%/[C081772]제피아스코르빈산TYPE-SC/[C081998]아스코르빈팔미틴산/[C082617]아스코르빈산제피산/[C082841]아스코르빈산98%과립/[C082845]제피형아스코르빈산96%/[C082850]직탁용아스코르빈산/[C082857]제피아스코르빈산/[C083022]아스코르빈산96%과립/[C083040]아스코르빈산97%과립/[C083727]아스코르빈산제피산98%DC/[C083984]아스코르빈산칼슘/[C084311]엘-아스코르빈산나트륨/[C084327]아스코르빈산과립/[C084388]아스코르빈산나트륨99%/[C084419]아스코르빈산98%/[C084433]아스코르빈산97ㆍ5%과립/[C084448]아스코르빈산97%/[C084495]아스코르빈산칼슘97%과립/[C084658]아스코르빈산96%/[C084927]제피형아스코르빈산96%Type SC/[C085686]직탁용아스코르빈산98%/[C085785]아스코르빈산스테아레이트/[C086801]제피아스코르빈산97ㆍ5%/[C087036]코팅된아스코르빈산/[C088252]아스코르빈산제제/[C089177]아스코르빈산96%SC/[C090019]90%아스코르빈산/[C091430]아스코르빈산유캡/[C094260]95%아스코르빈산/[C094676]3-O-에칠아스코르빈산/[C095118]제피아스코르빈산96%/[C095392]아스코르빌팔미테이트/[C095412]제피아스코르빈사96% Type SC/[C095426]제피아스코르빈산96%가루/[C095604]아스코르빈산90%/[C099084]아스코르빈산팔미테이트/[C099734]아스코르브산90%과립/[C099910]직타용아스코르빈산/[C100271]팔미틴산아스코르빈산/[C100420]엘-아스코르빈산/[C101135]90%아스코르빈산과립/[C102189]아스코르빅애씨드/[C312780]소듐아스코르베이트/[C312824]아스코르빌 테트라이소팔미테이트/[C317903]글루코사민아스코르베이트/[C318482]칼슘 아스코르베이트/[C320842]아스코르빅애씨드/[C400592]아스코르빌니코티네이트/[I000229]아스코르빈산칼슘/[I001468]아스코르빈산제일철/[I001971]마그네슘아스코르베이트/[I003752]아스코르빈산나트륨/[I004351]아스코르브산/[M040354]아스코르빈산/[M050961]아스코르빈산철/[M080210]아스코르빈산나트륨/[M081017]아스코르빈산90%과립/[M081495]아스코르빈산펠렛/[M081615]아스코르빈산제피과립/[M081679]아스코르빈산60%/[M081772]제피아스코르빈산TYPE-SC/[M081998]아스코르빈팔미틴산/[M082617]아스코르빈산제피산/[M082841]아스코르빈산98%과립/[M082845]제피아스코르빈산96%/[M082850]직타용아스코르빈산/[M082857]제피아스코르빈산/[M083022]아스코르빈산96%과립/[M083040]아스코르빈산97%과립/[M083727]아스코르빈산제피산98%DC/[M083960]제피아스코르빈산TYPE-SC/[M083984]아스코르빈산칼슘/[M084311]엘아스코르빈산나트륨/[M084327]아스코르빈산과립/[M084388]아스코르빈산나트륨99%/[M084419]아스코르빈산98%/[M084433]아스코르빈산97ㆍ5%과립/[M084448]아스코르빈산97%/[M084495]아스코르빈산칼슘97%과립/[M084658]아스코르빈산96%/[M084927]제피아스코르빈산96%Type SC/[M085686]직타용아스코르빈산98%/[M087036]제피아스코르빈산/[M088252]아스코르빈산/[M089177]아스코르빈산96%SC/[M090019]아스코르빈산90%/[M091430]아스코르빈산유캡/[M094260]아스코르빈산95%/[M095392]아스코르빌팔미테이트/[M095426]제피아스코르빈산96%가루/[M095604]아스코르빈산90%/[M099084]아스코르빈산팔미테이트/[M100271]팔미틴산아스코르빈산/[M100420]엘-아스코르빈산/[M103048]제피형아스코르빈산96%TypeSC/[M103617]팔미틴산아스코르빌/[M104937]아스코르빈산97%분말/[M105763]아스코르빈산제제/[M107308]제피아스코르빈산97.0%가루/[M107594]소듐엘아스코르베이트/[M201112]아스코르빈산제일철/[M201618]제피아스코르빈사96%TypeSC/[M201620]제피아스코르빈산가루/[M201622]제피아스코르빈산TYPEB/[M203450]아스코르브산/[M203451]아스코르브산소듐/[M203452]아스코르빈산소듐/[M207370]팔미틴산아스코르브산/[M207385]아스코르빈산 97(아스코르빈산으로서 600mg)/[M207533]아스코르빈산 97(아스코르빈산으로서 600㎎)/[M209224]직타용아스코르빈산97%/[M210040]제피아스코르빈산97%과립/[M210875]소듐L-아스코르베이트/[M211316]아스코르빈산 산/[M211364]제피형아스코르빈산96%/[M211402]직타용아스코르빈산 90%/[M212742]아스코르빈산과립 97%(아스코르빈산으로서 83.3밀리그램)/[M214926]제피아스코르빈산 Type SC/[M215692]아스코르빈산(비타민C)/[M216038]아스코르빈산과립97%(아스코르빈산으로서 75밀리그램)/[M216398]아스코르빈산과립97%(아스코르빈산으로서 83.34밀리그램)/[M220142]직타용아스코르빈산(97%)/[M220180]아스코르빈산 97/[M223105]아스코르브산 산/[M223106]아스코르브산 정/[M223107]아스코르브산 주사액/[M224238]아스코르브산97/[M225398]아스코르빈산 Type FC/[M226183]아스코르빈산과립97%/[M227509]아스코르브산97%과립/[M229451]아스코르빈산 90%과립/[M229497]제피아스코르빈산 96% Type SC/[M234001]아스코르브산과립97%/[M236177]아스코르브산 90%과립/[M236913]제피아스코르브산/[M236926]직타용아스코르브산/[M239246]L-아스코르빈산/[M239251]L-아스코르빈산나트륨/[M239556]제피아스코르브산96% Type SC/[M241223]아스코르브산90%과립/[M242242]제피아스코르빈산*/[M243471]엘-아스코르빈산나트륨/[M243491]아스코르브산 97/[M244591]엘-아스코르빈산나트륨/[M244678]아스코르브산 97/[M245849]제피아스코르브산에스씨/[M245878]아스코르브산팔미테이트/[M246161]직타용아스코르브산97%/[M246638]아스코르브산97%/[M246709]아스코르브산나트륨/[M246900]90%아스코르브산/[M248326]아스코르빌나트륨포스페이트/[M249820]아스코르브산96%과립/[M250406]아스코르브산과립/[M250800]제피아스코르브산 TYPE-SC/[M251500]제피아스코르브산96%가루/[M252473]아스코르브산칼슘/[M252874]아스코르브산나트륨/[M252882]L-아스코르브산/[M253028]아스코르브산칼슘수화물/[M254082]제피아스코르브산 Type SC/[M254227]제피형아스코르브산96%TypeSC/[M254749]아스코르브산95%과립/[M254848]90%아스코르브산과립/[M256156]아스코르브산과립96%/[M257558]제피아스코르브산96%/[M257734]아스코르브산 과립90%/[M258008]아스코르브산칼슘이수화물/[M258592]작타용아스코르브산 97 %/[M258994]아스코르브산/[M259386]L-아스코르브산나트륨/[M259573]L-아스코르브산/[M261728]아스코르브산97%(직타용)/[M263901]제피아스코르브산97%가루/[M264037]90%아스코르빈산/[M265896]제피아스코르브산97.5%가루/[M040616]말레인산클로르페니라민/[M050213]말레인산덱스클로르페니라민/[M051529]클로르페니라민/[M082701]디엘말레인산클로르페니라민/[M083325]디말레인산클로르페니라민/[M099959]말레인산클로로페니라민/[M100018]말레산클로르페니라민/[M100476]디말레인산클로르페니라민/[M101581]디엘말레인산클로르페니라민/[M200471]말레인산클로르페니라민제피과립/[M202197]D-말레인산클로르페니라민/[M202204]DL-말레인산클로르페니라민/[M203913]클로르페니라민말레인산염/[M212847]클로르페니라민말레이트/[M223211]클로르페니라민말레산염/[M223212]d-클로르페니라민말레산염/[M223213]클로르페니라민말레산염 산/[M223214]클로르페니라민말레산염 정/[M223215]클로르페니라민말레산염 주사액/[M226783]dl-클로르페니라민말레산염/[M249715]덱스클로르페니라민 말레산염/[M251936]덱스클로르페니라민말레이트/[M223258]티아민염산염/[M223262]티아민질산염/[M243282]티아민질산염3배산","[01140]해열.진통.소염제","","4,000밀리그램",20180831,"아세트아미노펜으로서 4,000mg/day(모든제형, 단일제.복합제 포함)","","정상"
3847,"용량주의","복합",D000147,Acetaminophen,"아세트아미노펜","[D001101]Riboflavin(리보플라빈)/[D001116]Methylephedrine(메틸에페드린)/[D001106]Ascorbic acid(아스코르브산)/[D000852]Caffeine(카페인)/[D000893]Chlorpheniramine(클로르페니라민)/[D000981]Cloperastine(클로페라스틴)","[M040353]아세트아미노펜/[M082309]아세트아미노펜제피세립/[M233006]아세트아미노펜 DC 500/600/[M246556]아세트아미노펜 (미분화)/[M262287]아세트아미노펜 과립/[C040133]리보플라빈/[C040512]인산리보플라빈나트륨/[C050367]테트라부티르산리보플라빈/[C050368]인산리보플라빈/[C050369]리보플라빈-5-인산나트륨/[C081186]리보플라빈33 1/3%/[C082711]리보플라빈낙산에스텔/[C082719]리보플라빈331/3%산/[C083052]리보플라빈98%DC/[C083101]낙산리보플라빈/[C083163]리보플라빈98%/[C083404]리보플라빈33 1/3%과립/[C084424]염산리보플라빈나트륨/[C085688]직탁용리보플라빈98%/[C089984]리보플라빈인산나트륨/[C090982]리보플라빈산나트륨/[C091022]리보플라빈98%과립/[C091383]리보플라빈25%과립/[C092484]부티르산리보플라빈/[C100456]리보플라빈3배산/[C100480]인산리보플라빈나트륨이수화물/[C101969]리보플라빈E101/[C202525]리보플라빈/[C401176]리보플라빈/[C407713]소듐리보플라빈포스페이트/[C409503]리보플라빈테트라부티레이트/[C422825]리보플라빈/[C422826]리보플라빈테트라부티레이트/[C422827]리보플라빈테트라아세테이트/[C425375]소듐리보플라빈포스페이트/[I003529]리보플라빈/[I003530]리보플라빈포스페이트나트륨/[I006525]리보플라빈부티레이트/[I007430]인산리보플라빈/[I007658]인산리보플라빈나트륨이수화물/[I007907]리보플라빈산나트륨/[M040133]리보플라빈/[M040512]인산리보플라빈나트륨/[M050367]테트라부티르산리보플라빈/[M050368]인산리보플라빈/[M050369]리보플라빈-5-인산나트륨/[M081186]리보플라빈33 1/3%/[M082711]리보플라빈낙산에스텔/[M082719]리보플라빈33 1/3%산/[M083052]리보플라빈98%DC/[M083101]낙산리보플라빈/[M083163]리보플라빈98%/[M083404]리보플라빈33 1/3%과립/[M085688]직탁용리보플라빈98%/[M090982]리보플라빈산나트륨/[M091022]리보플라빈98%과립/[M091383]리보플라빈25%과립/[M092484]부티르산리보플라빈/[M100456]리보플라빈3배산/[M100480]인산리보플라빈나트륨이수화물/[M101969]리보플라빈E101/[M200421]리보플라빈33ㆍ3%/[M200422]리보플라빈33ㆍ3%과립/[M200423]리보플라빈33ㆍ3%산/[M203723]인산리보플라빈소듐/[M206124]조리보플라빈/[M216041]리보플라빈3배산(리보플라빈으로서 5밀리그램)/[M216399]리보플라빈 3배산(리보플라빈으로서 0.84밀리그램)/[M217503]리보플라빈인산에스텔나트륨/[M218021]안산리보플라빈나트륨/[M222995]리보플라빈부티레이트/[M222996]리보플라빈포스페이트나트륨/[M222997]리보플라빈포스페이트나트륨 주사액/[M232651]제피리보플라빈/[M249967]리보플라빈부틸레이트/[M249982]리보플라빈나트륨포스페이트/[A006116]메틸에페드린/[I006391]dl-메틸에페드린염산염/[M204422]dl-메틸에페드린염산염/[M223022]dl-메틸에페드린염산염 산 10%/[M235519]디엘메틸에페드린염산염/[M240608]dI-메틸에페드린염산염/[M240859]디엘-메틸에페드린염산염/[M252389]㎗-메틸에페드린염산염/[M264046]DL-메틸에페드린염산염/[C040354]아스코르빈산/[C050961]아스코르빈산철/[C080210]아스코르빈산나트륨/[C081017]아스코르빈산90%과립/[C081495]아스코르빈산펠렛/[C081615]아스코르빈산 제피과립/[C081679]아스코르빈산60%/[C081772]제피아스코르빈산TYPE-SC/[C081998]아스코르빈팔미틴산/[C082617]아스코르빈산제피산/[C082841]아스코르빈산98%과립/[C082845]제피형아스코르빈산96%/[C082850]직탁용아스코르빈산/[C082857]제피아스코르빈산/[C083022]아스코르빈산96%과립/[C083040]아스코르빈산97%과립/[C083727]아스코르빈산제피산98%DC/[C083984]아스코르빈산칼슘/[C084311]엘-아스코르빈산나트륨/[C084327]아스코르빈산과립/[C084388]아스코르빈산나트륨99%/[C084419]아스코르빈산98%/[C084433]아스코르빈산97ㆍ5%과립/[C084448]아스코르빈산97%/[C084495]아스코르빈산칼슘97%과립/[C084658]아스코르빈산96%/[C084927]제피형아스코르빈산96%Type SC/[C085686]직탁용아스코르빈산98%/[C085785]아스코르빈산스테아레이트/[C086801]제피아스코르빈산97ㆍ5%/[C087036]코팅된아스코르빈산/[C088252]아스코르빈산제제/[C089177]아스코르빈산96%SC/[C090019]90%아스코르빈산/[C091430]아스코르빈산유캡/[C094260]95%아스코르빈산/[C094676]3-O-에칠아스코르빈산/[C095118]제피아스코르빈산96%/[C095392]아스코르빌팔미테이트/[C095412]제피아스코르빈사96% Type SC/[C095426]제피아스코르빈산96%가루/[C095604]아스코르빈산90%/[C099084]아스코르빈산팔미테이트/[C099734]아스코르브산90%과립/[C099910]직타용아스코르빈산/[C100271]팔미틴산아스코르빈산/[C100420]엘-아스코르빈산/[C101135]90%아스코르빈산과립/[C102189]아스코르빅애씨드/[C312780]소듐아스코르베이트/[C312824]아스코르빌 테트라이소팔미테이트/[C317903]글루코사민아스코르베이트/[C318482]칼슘 아스코르베이트/[C320842]아스코르빅애씨드/[C400592]아스코르빌니코티네이트/[I000229]아스코르빈산칼슘/[I001468]아스코르빈산제일철/[I001971]마그네슘아스코르베이트/[I003752]아스코르빈산나트륨/[I004351]아스코르브산/[M040354]아스코르빈산/[M050961]아스코르빈산철/[M080210]아스코르빈산나트륨/[M081017]아스코르빈산90%과립/[M081495]아스코르빈산펠렛/[M081615]아스코르빈산제피과립/[M081679]아스코르빈산60%/[M081772]제피아스코르빈산TYPE-SC/[M081998]아스코르빈팔미틴산/[M082617]아스코르빈산제피산/[M082841]아스코르빈산98%과립/[M082845]제피아스코르빈산96%/[M082850]직타용아스코르빈산/[M082857]제피아스코르빈산/[M083022]아스코르빈산96%과립/[M083040]아스코르빈산97%과립/[M083727]아스코르빈산제피산98%DC/[M083960]제피아스코르빈산TYPE-SC/[M083984]아스코르빈산칼슘/[M084311]엘아스코르빈산나트륨/[M084327]아스코르빈산과립/[M084388]아스코르빈산나트륨99%/[M084419]아스코르빈산98%/[M084433]아스코르빈산97ㆍ5%과립/[M084448]아스코르빈산97%/[M084495]아스코르빈산칼슘97%과립/[M084658]아스코르빈산96%/[M084927]제피아스코르빈산96%Type SC/[M085686]직타용아스코르빈산98%/[M087036]제피아스코르빈산/[M088252]아스코르빈산/[M089177]아스코르빈산96%SC/[M090019]아스코르빈산90%/[M091430]아스코르빈산유캡/[M094260]아스코르빈산95%/[M095392]아스코르빌팔미테이트/[M095426]제피아스코르빈산96%가루/[M095604]아스코르빈산90%/[M099084]아스코르빈산팔미테이트/[M100271]팔미틴산아스코르빈산/[M100420]엘-아스코르빈산/[M103048]제피형아스코르빈산96%TypeSC/[M103617]팔미틴산아스코르빌/[M104937]아스코르빈산97%분말/[M105763]아스코르빈산제제/[M107308]제피아스코르빈산97.0%가루/[M107594]소듐엘아스코르베이트/[M201112]아스코르빈산제일철/[M201618]제피아스코르빈사96%TypeSC/[M201620]제피아스코르빈산가루/[M201622]제피아스코르빈산TYPEB/[M203450]아스코르브산/[M203451]아스코르브산소듐/[M203452]아스코르빈산소듐/[M207370]팔미틴산아스코르브산/[M207385]아스코르빈산 97(아스코르빈산으로서 600mg)/[M207533]아스코르빈산 97(아스코르빈산으로서 600㎎)/[M209224]직타용아스코르빈산97%/[M210040]제피아스코르빈산97%과립/[M210875]소듐L-아스코르베이트/[M211316]아스코르빈산 산/[M211364]제피형아스코르빈산96%/[M211402]직타용아스코르빈산 90%/[M212742]아스코르빈산과립 97%(아스코르빈산으로서 83.3밀리그램)/[M214926]제피아스코르빈산 Type SC/[M215692]아스코르빈산(비타민C)/[M216038]아스코르빈산과립97%(아스코르빈산으로서 75밀리그램)/[M216398]아스코르빈산과립97%(아스코르빈산으로서 83.34밀리그램)/[M220142]직타용아스코르빈산(97%)/[M220180]아스코르빈산 97/[M223105]아스코르브산 산/[M223106]아스코르브산 정/[M223107]아스코르브산 주사액/[M224238]아스코르브산97/[M225398]아스코르빈산 Type FC/[M226183]아스코르빈산과립97%/[M227509]아스코르브산97%과립/[M229451]아스코르빈산 90%과립/[M229497]제피아스코르빈산 96% Type SC/[M234001]아스코르브산과립97%/[M236177]아스코르브산 90%과립/[M236913]제피아스코르브산/[M236926]직타용아스코르브산/[M239246]L-아스코르빈산/[M239251]L-아스코르빈산나트륨/[M239556]제피아스코르브산96% Type SC/[M241223]아스코르브산90%과립/[M242242]제피아스코르빈산*/[M243471]엘-아스코르빈산나트륨/[M243491]아스코르브산 97/[M244591]엘-아스코르빈산나트륨/[M244678]아스코르브산 97/[M245849]제피아스코르브산에스씨/[M245878]아스코르브산팔미테이트/[M246161]직타용아스코르브산97%/[M246638]아스코르브산97%/[M246709]아스코르브산나트륨/[M246900]90%아스코르브산/[M248326]아스코르빌나트륨포스페이트/[M249820]아스코르브산96%과립/[M250406]아스코르브산과립/[M250800]제피아스코르브산 TYPE-SC/[M251500]제피아스코르브산96%가루/[M252473]아스코르브산칼슘/[M252874]아스코르브산나트륨/[M252882]L-아스코르브산/[M253028]아스코르브산칼슘수화물/[M254082]제피아스코르브산 Type SC/[M254227]제피형아스코르브산96%TypeSC/[M254749]아스코르브산95%과립/[M254848]90%아스코르브산과립/[M256156]아스코르브산과립96%/[M257558]제피아스코르브산96%/[M257734]아스코르브산 과립90%/[M258008]아스코르브산칼슘이수화물/[M258592]작타용아스코르브산 97 %/[M258994]아스코르브산/[M259386]L-아스코르브산나트륨/[M259573]L-아스코르브산/[M261728]아스코르브산97%(직타용)/[M263901]제피아스코르브산97%가루/[M264037]90%아스코르빈산/[M265896]제피아스코르브산97.5%가루/[M040579]카페인(함수)/[M040580]무수카페인/[M090611]카페인/[M223183]카페인무수물/[M223184]카페인수화물/[M241017]무수물카페인/[M040616]말레인산클로르페니라민/[M050213]말레인산덱스클로르페니라민/[M051529]클로르페니라민/[M082701]디엘말레인산클로르페니라민/[M083325]디말레인산클로르페니라민/[M099959]말레인산클로로페니라민/[M100018]말레산클로르페니라민/[M100476]디말레인산클로르페니라민/[M101581]디엘말레인산클로르페니라민/[M200471]말레인산클로르페니라민제피과립/[M202197]D-말레인산클로르페니라민/[M202204]DL-말레인산클로르페니라민/[M203913]클로르페니라민말레인산염/[M212847]클로르페니라민말레이트/[M223211]클로르페니라민말레산염/[M223212]d-클로르페니라민말레산염/[M223213]클로르페니라민말레산염 산/[M223214]클로르페니라민말레산염 정/[M223215]클로르페니라민말레산염 주사액/[M226783]dl-클로르페니라민말레산염/[M249715]덱스클로르페니라민 말레산염/[M251936]덱스클로르페니라민말레이트/[M051546]염산클로페라스틴/[M051547]펜디조산클로페라스틴/[M222890]클로페라스틴염산염","[01140]해열.진통.소염제","","4,000밀리그램",20180831,"아세트아미노펜으로서 4,000mg/day(모든제형, 단일제.복합제 포함)","","정상"
3848,"용량주의","복합",D000147,Acetaminophen,"아세트아미노펜","[D000493]Guaifenesin(구아이페네신)/[D001101]Riboflavin(리보플라빈)/[D001116]Methylephedrine(메틸에페드린)/[D001118]Benfotiamine(벤포티아민)/[D001106]Ascorbic acid(아스코르브산)/[D000852]Caffeine(카페인)/[D000893]Chlorpheniramine(클로르페니라민)","[M040353]아세트아미노펜/[M082309]아세트아미노펜제피세립/[M233006]아세트아미노펜 DC 500/600/[M246556]아세트아미노펜 (미분화)/[M262287]아세트아미노펜 과립/[M050058]구아이페네신/[C040133]리보플라빈/[C040512]인산리보플라빈나트륨/[C050367]테트라부티르산리보플라빈/[C050368]인산리보플라빈/[C050369]리보플라빈-5-인산나트륨/[C081186]리보플라빈33 1/3%/[C082711]리보플라빈낙산에스텔/[C082719]리보플라빈331/3%산/[C083052]리보플라빈98%DC/[C083101]낙산리보플라빈/[C083163]리보플라빈98%/[C083404]리보플라빈33 1/3%과립/[C084424]염산리보플라빈나트륨/[C085688]직탁용리보플라빈98%/[C089984]리보플라빈인산나트륨/[C090982]리보플라빈산나트륨/[C091022]리보플라빈98%과립/[C091383]리보플라빈25%과립/[C092484]부티르산리보플라빈/[C100456]리보플라빈3배산/[C100480]인산리보플라빈나트륨이수화물/[C101969]리보플라빈E101/[C202525]리보플라빈/[C401176]리보플라빈/[C407713]소듐리보플라빈포스페이트/[C409503]리보플라빈테트라부티레이트/[C422825]리보플라빈/[C422826]리보플라빈테트라부티레이트/[C422827]리보플라빈테트라아세테이트/[C425375]소듐리보플라빈포스페이트/[I003529]리보플라빈/[I003530]리보플라빈포스페이트나트륨/[I006525]리보플라빈부티레이트/[I007430]인산리보플라빈/[I007658]인산리보플라빈나트륨이수화물/[I007907]리보플라빈산나트륨/[M040133]리보플라빈/[M040512]인산리보플라빈나트륨/[M050367]테트라부티르산리보플라빈/[M050368]인산리보플라빈/[M050369]리보플라빈-5-인산나트륨/[M081186]리보플라빈33 1/3%/[M082711]리보플라빈낙산에스텔/[M082719]리보플라빈33 1/3%산/[M083052]리보플라빈98%DC/[M083101]낙산리보플라빈/[M083163]리보플라빈98%/[M083404]리보플라빈33 1/3%과립/[M085688]직탁용리보플라빈98%/[M090982]리보플라빈산나트륨/[M091022]리보플라빈98%과립/[M091383]리보플라빈25%과립/[M092484]부티르산리보플라빈/[M100456]리보플라빈3배산/[M100480]인산리보플라빈나트륨이수화물/[M101969]리보플라빈E101/[M200421]리보플라빈33ㆍ3%/[M200422]리보플라빈33ㆍ3%과립/[M200423]리보플라빈33ㆍ3%산/[M203723]인산리보플라빈소듐/[M206124]조리보플라빈/[M216041]리보플라빈3배산(리보플라빈으로서 5밀리그램)/[M216399]리보플라빈 3배산(리보플라빈으로서 0.84밀리그램)/[M217503]리보플라빈인산에스텔나트륨/[M218021]안산리보플라빈나트륨/[M222995]리보플라빈부티레이트/[M222996]리보플라빈포스페이트나트륨/[M222997]리보플라빈포스페이트나트륨 주사액/[M232651]제피리보플라빈/[M249967]리보플라빈부틸레이트/[M249982]리보플라빈나트륨포스페이트/[A006116]메틸에페드린/[I006391]dl-메틸에페드린염산염/[M204422]dl-메틸에페드린염산염/[M223022]dl-메틸에페드린염산염 산 10%/[M235519]디엘메틸에페드린염산염/[M240608]dI-메틸에페드린염산염/[M240859]디엘-메틸에페드린염산염/[M252389]㎗-메틸에페드린염산염/[M264046]DL-메틸에페드린염산염/[C081474]벤포티아민(비오타민)/[C096428]벤포티아민/[I004465]벤포티아민/[M081474]벤포티아민(비오타민)/[M096428]벤포티아민/[M256717]조벤포티아민/[C040354]아스코르빈산/[C050961]아스코르빈산철/[C080210]아스코르빈산나트륨/[C081017]아스코르빈산90%과립/[C081495]아스코르빈산펠렛/[C081615]아스코르빈산 제피과립/[C081679]아스코르빈산60%/[C081772]제피아스코르빈산TYPE-SC/[C081998]아스코르빈팔미틴산/[C082617]아스코르빈산제피산/[C082841]아스코르빈산98%과립/[C082845]제피형아스코르빈산96%/[C082850]직탁용아스코르빈산/[C082857]제피아스코르빈산/[C083022]아스코르빈산96%과립/[C083040]아스코르빈산97%과립/[C083727]아스코르빈산제피산98%DC/[C083984]아스코르빈산칼슘/[C084311]엘-아스코르빈산나트륨/[C084327]아스코르빈산과립/[C084388]아스코르빈산나트륨99%/[C084419]아스코르빈산98%/[C084433]아스코르빈산97ㆍ5%과립/[C084448]아스코르빈산97%/[C084495]아스코르빈산칼슘97%과립/[C084658]아스코르빈산96%/[C084927]제피형아스코르빈산96%Type SC/[C085686]직탁용아스코르빈산98%/[C085785]아스코르빈산스테아레이트/[C086801]제피아스코르빈산97ㆍ5%/[C087036]코팅된아스코르빈산/[C088252]아스코르빈산제제/[C089177]아스코르빈산96%SC/[C090019]90%아스코르빈산/[C091430]아스코르빈산유캡/[C094260]95%아스코르빈산/[C094676]3-O-에칠아스코르빈산/[C095118]제피아스코르빈산96%/[C095392]아스코르빌팔미테이트/[C095412]제피아스코르빈사96% Type SC/[C095426]제피아스코르빈산96%가루/[C095604]아스코르빈산90%/[C099084]아스코르빈산팔미테이트/[C099734]아스코르브산90%과립/[C099910]직타용아스코르빈산/[C100271]팔미틴산아스코르빈산/[C100420]엘-아스코르빈산/[C101135]90%아스코르빈산과립/[C102189]아스코르빅애씨드/[C312780]소듐아스코르베이트/[C312824]아스코르빌 테트라이소팔미테이트/[C317903]글루코사민아스코르베이트/[C318482]칼슘 아스코르베이트/[C320842]아스코르빅애씨드/[C400592]아스코르빌니코티네이트/[I000229]아스코르빈산칼슘/[I001468]아스코르빈산제일철/[I001971]마그네슘아스코르베이트/[I003752]아스코르빈산나트륨/[I004351]아스코르브산/[M040354]아스코르빈산/[M050961]아스코르빈산철/[M080210]아스코르빈산나트륨/[M081017]아스코르빈산90%과립/[M081495]아스코르빈산펠렛/[M081615]아스코르빈산제피과립/[M081679]아스코르빈산60%/[M081772]제피아스코르빈산TYPE-SC/[M081998]아스코르빈팔미틴산/[M082617]아스코르빈산제피산/[M082841]아스코르빈산98%과립/[M082845]제피아스코르빈산96%/[M082850]직타용아스코르빈산/[M082857]제피아스코르빈산/[M083022]아스코르빈산96%과립/[M083040]아스코르빈산97%과립/[M083727]아스코르빈산제피산98%DC/[M083960]제피아스코르빈산TYPE-SC/[M083984]아스코르빈산칼슘/[M084311]엘아스코르빈산나트륨/[M084327]아스코르빈산과립/[M084388]아스코르빈산나트륨99%/[M084419]아스코르빈산98%/[M084433]아스코르빈산97ㆍ5%과립/[M084448]아스코르빈산97%/[M084495]아스코르빈산칼슘97%과립/[M084658]아스코르빈산96%/[M084927]제피아스코르빈산96%Type SC/[M085686]직타용아스코르빈산98%/[M087036]제피아스코르빈산/[M088252]아스코르빈산/[M089177]아스코르빈산96%SC/[M090019]아스코르빈산90%/[M091430]아스코르빈산유캡/[M094260]아스코르빈산95%/[M095392]아스코르빌팔미테이트/[M095426]제피아스코르빈산96%가루/[M095604]아스코르빈산90%/[M099084]아스코르빈산팔미테이트/[M100271]팔미틴산아스코르빈산/[M100420]엘-아스코르빈산/[M103048]제피형아스코르빈산96%TypeSC/[M103617]팔미틴산아스코르빌/[M104937]아스코르빈산97%분말/[M105763]아스코르빈산제제/[M107308]제피아스코르빈산97.0%가루/[M107594]소듐엘아스코르베이트/[M201112]아스코르빈산제일철/[M201618]제피아스코르빈사96%TypeSC/[M201620]제피아스코르빈산가루/[M201622]제피아스코르빈산TYPEB/[M203450]아스코르브산/[M203451]아스코르브산소듐/[M203452]아스코르빈산소듐/[M207370]팔미틴산아스코르브산/[M207385]아스코르빈산 97(아스코르빈산으로서 600mg)/[M207533]아스코르빈산 97(아스코르빈산으로서 600㎎)/[M209224]직타용아스코르빈산97%/[M210040]제피아스코르빈산97%과립/[M210875]소듐L-아스코르베이트/[M211316]아스코르빈산 산/[M211364]제피형아스코르빈산96%/[M211402]직타용아스코르빈산 90%/[M212742]아스코르빈산과립 97%(아스코르빈산으로서 83.3밀리그램)/[M214926]제피아스코르빈산 Type SC/[M215692]아스코르빈산(비타민C)/[M216038]아스코르빈산과립97%(아스코르빈산으로서 75밀리그램)/[M216398]아스코르빈산과립97%(아스코르빈산으로서 83.34밀리그램)/[M220142]직타용아스코르빈산(97%)/[M220180]아스코르빈산 97/[M223105]아스코르브산 산/[M223106]아스코르브산 정/[M223107]아스코르브산 주사액/[M224238]아스코르브산97/[M225398]아스코르빈산 Type FC/[M226183]아스코르빈산과립97%/[M227509]아스코르브산97%과립/[M229451]아스코르빈산 90%과립/[M229497]제피아스코르빈산 96% Type SC/[M234001]아스코르브산과립97%/[M236177]아스코르브산 90%과립/[M236913]제피아스코르브산/[M236926]직타용아스코르브산/[M239246]L-아스코르빈산/[M239251]L-아스코르빈산나트륨/[M239556]제피아스코르브산96% Type SC/[M241223]아스코르브산90%과립/[M242242]제피아스코르빈산*/[M243471]엘-아스코르빈산나트륨/[M243491]아스코르브산 97/[M244591]엘-아스코르빈산나트륨/[M244678]아스코르브산 97/[M245849]제피아스코르브산에스씨/[M245878]아스코르브산팔미테이트/[M246161]직타용아스코르브산97%/[M246638]아스코르브산97%/[M246709]아스코르브산나트륨/[M246900]90%아스코르브산/[M248326]아스코르빌나트륨포스페이트/[M249820]아스코르브산96%과립/[M250406]아스코르브산과립/[M250800]제피아스코르브산 TYPE-SC/[M251500]제피아스코르브산96%가루/[M252473]아스코르브산칼슘/[M252874]아스코르브산나트륨/[M252882]L-아스코르브산/[M253028]아스코르브산칼슘수화물/[M254082]제피아스코르브산 Type SC/[M254227]제피형아스코르브산96%TypeSC/[M254749]아스코르브산95%과립/[M254848]90%아스코르브산과립/[M256156]아스코르브산과립96%/[M257558]제피아스코르브산96%/[M257734]아스코르브산 과립90%/[M258008]아스코르브산칼슘이수화물/[M258592]작타용아스코르브산 97 %/[M258994]아스코르브산/[M259386]L-아스코르브산나트륨/[M259573]L-아스코르브산/[M261728]아스코르브산97%(직타용)/[M263901]제피아스코르브산97%가루/[M264037]90%아스코르빈산/[M265896]제피아스코르브산97.5%가루/[M040579]카페인(함수)/[M040580]무수카페인/[M090611]카페인/[M223183]카페인무수물/[M223184]카페인수화물/[M241017]무수물카페인/[M040616]말레인산클로르페니라민/[M050213]말레인산덱스클로르페니라민/[M051529]클로르페니라민/[M082701]디엘말레인산클로르페니라민/[M083325]디말레인산클로르페니라민/[M099959]말레인산클로로페니라민/[M100018]말레산클로르페니라민/[M100476]디말레인산클로르페니라민/[M101581]디엘말레인산클로르페니라민/[M200471]말레인산클로르페니라민제피과립/[M202197]D-말레인산클로르페니라민/[M202204]DL-말레인산클로르페니라민/[M203913]클로르페니라민말레인산염/[M212847]클로르페니라민말레이트/[M223211]클로르페니라민말레산염/[M223212]d-클로르페니라민말레산염/[M223213]클로르페니라민말레산염 산/[M223214]클로르페니라민말레산염 정/[M223215]클로르페니라민말레산염 주사액/[M226783]dl-클로르페니라민말레산염/[M249715]덱스클로르페니라민 말레산염/[M251936]덱스클로르페니라민말레이트","[01140]해열.진통.소염제","","4,000밀리그램",20180831,"아세트아미노펜으로서 4,000mg/day(모든제형, 단일제.복합제 포함)","","정상"
3849,"용량주의","복합",D000147,Acetaminophen,"아세트아미노펜","[D001101]Riboflavin(리보플라빈)/[D001104]Sochoengryoung-tang(소청룡탕)/[D000448]Pseudoephedrine(슈도에페드린)/[D001106]Ascorbic acid(아스코르브산)/[D000852]Caffeine(카페인)/[D000893]Chlorpheniramine(클로르페니라민)/[D000998]Thiamine(티아민)","[M040353]아세트아미노펜/[M082309]아세트아미노펜제피세립/[M233006]아세트아미노펜 DC 500/600/[M246556]아세트아미노펜 (미분화)/[M262287]아세트아미노펜 과립/[C040133]리보플라빈/[C040512]인산리보플라빈나트륨/[C050367]테트라부티르산리보플라빈/[C050368]인산리보플라빈/[C050369]리보플라빈-5-인산나트륨/[C081186]리보플라빈33 1/3%/[C082711]리보플라빈낙산에스텔/[C082719]리보플라빈331/3%산/[C083052]리보플라빈98%DC/[C083101]낙산리보플라빈/[C083163]리보플라빈98%/[C083404]리보플라빈33 1/3%과립/[C084424]염산리보플라빈나트륨/[C085688]직탁용리보플라빈98%/[C089984]리보플라빈인산나트륨/[C090982]리보플라빈산나트륨/[C091022]리보플라빈98%과립/[C091383]리보플라빈25%과립/[C092484]부티르산리보플라빈/[C100456]리보플라빈3배산/[C100480]인산리보플라빈나트륨이수화물/[C101969]리보플라빈E101/[C202525]리보플라빈/[C401176]리보플라빈/[C407713]소듐리보플라빈포스페이트/[C409503]리보플라빈테트라부티레이트/[C422825]리보플라빈/[C422826]리보플라빈테트라부티레이트/[C422827]리보플라빈테트라아세테이트/[C425375]소듐리보플라빈포스페이트/[I003529]리보플라빈/[I003530]리보플라빈포스페이트나트륨/[I006525]리보플라빈부티레이트/[I007430]인산리보플라빈/[I007658]인산리보플라빈나트륨이수화물/[I007907]리보플라빈산나트륨/[M040133]리보플라빈/[M040512]인산리보플라빈나트륨/[M050367]테트라부티르산리보플라빈/[M050368]인산리보플라빈/[M050369]리보플라빈-5-인산나트륨/[M081186]리보플라빈33 1/3%/[M082711]리보플라빈낙산에스텔/[M082719]리보플라빈33 1/3%산/[M083052]리보플라빈98%DC/[M083101]낙산리보플라빈/[M083163]리보플라빈98%/[M083404]리보플라빈33 1/3%과립/[M085688]직탁용리보플라빈98%/[M090982]리보플라빈산나트륨/[M091022]리보플라빈98%과립/[M091383]리보플라빈25%과립/[M092484]부티르산리보플라빈/[M100456]리보플라빈3배산/[M100480]인산리보플라빈나트륨이수화물/[M101969]리보플라빈E101/[M200421]리보플라빈33ㆍ3%/[M200422]리보플라빈33ㆍ3%과립/[M200423]리보플라빈33ㆍ3%산/[M203723]인산리보플라빈소듐/[M206124]조리보플라빈/[M216041]리보플라빈3배산(리보플라빈으로서 5밀리그램)/[M216399]리보플라빈 3배산(리보플라빈으로서 0.84밀리그램)/[M217503]리보플라빈인산에스텔나트륨/[M218021]안산리보플라빈나트륨/[M222995]리보플라빈부티레이트/[M222996]리보플라빈포스페이트나트륨/[M222997]리보플라빈포스페이트나트륨 주사액/[M232651]제피리보플라빈/[M249967]리보플라빈부틸레이트/[M249982]리보플라빈나트륨포스페이트/[C040140]소청룡탕건조엑스/[C080611]소청룡탕유동엑스/[C083503]소청룡탕엑스분말/[C086635]소청룡탕연조엑스/[C091418]소청룡탕물연조엑스/[C101353]소청룡탕엑스(13 →1)/[M040140]소청룡탕건조엑스/[M080611]소청룡탕유동엑스/[M083503]소청룡탕엑스분말/[M086635]소청룡탕연조엑스/[M091418]소청룡탕물연조엑스/[M101353]소청룡탕엑스(13 →1)/[M102718]소청룡탕건조엑스(13→1)/[M103669]소청룡탕연조엑스(6.3→1)/[M104005]소청룡탕엑스/[M104399]소청룡탕건조엑스(4.4:1)/[M104719]소청룡탕건조엑스(7.69→1)/[M104745]소청룡탕건조엑스(9.00→1)/[M104829]소청룡탕건조엑스(7.30→1)/[M105817]소청룡탕엑스분말(8.4→1)/[M107273]소청룡탕건조엑스(10→1)/[M201011]소청룡탕엑스가루/[M207025]소청룡탕건조엑스(13:1)/[M229051]소청룡탕 연조엑스(3.57→1)/[M240280]소청룡탕건조엑스(9.47:1)/[M252443]소청룡탕연조엑스[2.77→1]/[M260766]소청룡탕연조엑스(1.67→1)/[M261813]소청룡탕연조엑스(6.3→1)/[M261859]소청룡탕건조엑스(6.0→1)/[M050833]염산슈도에페드린/[M081720]황산슈도에페드린/[M203364]슈도에페드린염산염/[M222865]수도에페드린염산염/[M248579]수도에페드린황산염/[M256034]수도에페드린염산염 과립/[M258826]수도에페드린/[C040354]아스코르빈산/[C050961]아스코르빈산철/[C080210]아스코르빈산나트륨/[C081017]아스코르빈산90%과립/[C081495]아스코르빈산펠렛/[C081615]아스코르빈산 제피과립/[C081679]아스코르빈산60%/[C081772]제피아스코르빈산TYPE-SC/[C081998]아스코르빈팔미틴산/[C082617]아스코르빈산제피산/[C082841]아스코르빈산98%과립/[C082845]제피형아스코르빈산96%/[C082850]직탁용아스코르빈산/[C082857]제피아스코르빈산/[C083022]아스코르빈산96%과립/[C083040]아스코르빈산97%과립/[C083727]아스코르빈산제피산98%DC/[C083984]아스코르빈산칼슘/[C084311]엘-아스코르빈산나트륨/[C084327]아스코르빈산과립/[C084388]아스코르빈산나트륨99%/[C084419]아스코르빈산98%/[C084433]아스코르빈산97ㆍ5%과립/[C084448]아스코르빈산97%/[C084495]아스코르빈산칼슘97%과립/[C084658]아스코르빈산96%/[C084927]제피형아스코르빈산96%Type SC/[C085686]직탁용아스코르빈산98%/[C085785]아스코르빈산스테아레이트/[C086801]제피아스코르빈산97ㆍ5%/[C087036]코팅된아스코르빈산/[C088252]아스코르빈산제제/[C089177]아스코르빈산96%SC/[C090019]90%아스코르빈산/[C091430]아스코르빈산유캡/[C094260]95%아스코르빈산/[C094676]3-O-에칠아스코르빈산/[C095118]제피아스코르빈산96%/[C095392]아스코르빌팔미테이트/[C095412]제피아스코르빈사96% Type SC/[C095426]제피아스코르빈산96%가루/[C095604]아스코르빈산90%/[C099084]아스코르빈산팔미테이트/[C099734]아스코르브산90%과립/[C099910]직타용아스코르빈산/[C100271]팔미틴산아스코르빈산/[C100420]엘-아스코르빈산/[C101135]90%아스코르빈산과립/[C102189]아스코르빅애씨드/[C312780]소듐아스코르베이트/[C312824]아스코르빌 테트라이소팔미테이트/[C317903]글루코사민아스코르베이트/[C318482]칼슘 아스코르베이트/[C320842]아스코르빅애씨드/[C400592]아스코르빌니코티네이트/[I000229]아스코르빈산칼슘/[I001468]아스코르빈산제일철/[I001971]마그네슘아스코르베이트/[I003752]아스코르빈산나트륨/[I004351]아스코르브산/[M040354]아스코르빈산/[M050961]아스코르빈산철/[M080210]아스코르빈산나트륨/[M081017]아스코르빈산90%과립/[M081495]아스코르빈산펠렛/[M081615]아스코르빈산제피과립/[M081679]아스코르빈산60%/[M081772]제피아스코르빈산TYPE-SC/[M081998]아스코르빈팔미틴산/[M082617]아스코르빈산제피산/[M082841]아스코르빈산98%과립/[M082845]제피아스코르빈산96%/[M082850]직타용아스코르빈산/[M082857]제피아스코르빈산/[M083022]아스코르빈산96%과립/[M083040]아스코르빈산97%과립/[M083727]아스코르빈산제피산98%DC/[M083960]제피아스코르빈산TYPE-SC/[M083984]아스코르빈산칼슘/[M084311]엘아스코르빈산나트륨/[M084327]아스코르빈산과립/[M084388]아스코르빈산나트륨99%/[M084419]아스코르빈산98%/[M084433]아스코르빈산97ㆍ5%과립/[M084448]아스코르빈산97%/[M084495]아스코르빈산칼슘97%과립/[M084658]아스코르빈산96%/[M084927]제피아스코르빈산96%Type SC/[M085686]직타용아스코르빈산98%/[M087036]제피아스코르빈산/[M088252]아스코르빈산/[M089177]아스코르빈산96%SC/[M090019]아스코르빈산90%/[M091430]아스코르빈산유캡/[M094260]아스코르빈산95%/[M095392]아스코르빌팔미테이트/[M095426]제피아스코르빈산96%가루/[M095604]아스코르빈산90%/[M099084]아스코르빈산팔미테이트/[M100271]팔미틴산아스코르빈산/[M100420]엘-아스코르빈산/[M103048]제피형아스코르빈산96%TypeSC/[M103617]팔미틴산아스코르빌/[M104937]아스코르빈산97%분말/[M105763]아스코르빈산제제/[M107308]제피아스코르빈산97.0%가루/[M107594]소듐엘아스코르베이트/[M201112]아스코르빈산제일철/[M201618]제피아스코르빈사96%TypeSC/[M201620]제피아스코르빈산가루/[M201622]제피아스코르빈산TYPEB/[M203450]아스코르브산/[M203451]아스코르브산소듐/[M203452]아스코르빈산소듐/[M207370]팔미틴산아스코르브산/[M207385]아스코르빈산 97(아스코르빈산으로서 600mg)/[M207533]아스코르빈산 97(아스코르빈산으로서 600㎎)/[M209224]직타용아스코르빈산97%/[M210040]제피아스코르빈산97%과립/[M210875]소듐L-아스코르베이트/[M211316]아스코르빈산 산/[M211364]제피형아스코르빈산96%/[M211402]직타용아스코르빈산 90%/[M212742]아스코르빈산과립 97%(아스코르빈산으로서 83.3밀리그램)/[M214926]제피아스코르빈산 Type SC/[M215692]아스코르빈산(비타민C)/[M216038]아스코르빈산과립97%(아스코르빈산으로서 75밀리그램)/[M216398]아스코르빈산과립97%(아스코르빈산으로서 83.34밀리그램)/[M220142]직타용아스코르빈산(97%)/[M220180]아스코르빈산 97/[M223105]아스코르브산 산/[M223106]아스코르브산 정/[M223107]아스코르브산 주사액/[M224238]아스코르브산97/[M225398]아스코르빈산 Type FC/[M226183]아스코르빈산과립97%/[M227509]아스코르브산97%과립/[M229451]아스코르빈산 90%과립/[M229497]제피아스코르빈산 96% Type SC/[M234001]아스코르브산과립97%/[M236177]아스코르브산 90%과립/[M236913]제피아스코르브산/[M236926]직타용아스코르브산/[M239246]L-아스코르빈산/[M239251]L-아스코르빈산나트륨/[M239556]제피아스코르브산96% Type SC/[M241223]아스코르브산90%과립/[M242242]제피아스코르빈산*/[M243471]엘-아스코르빈산나트륨/[M243491]아스코르브산 97/[M244591]엘-아스코르빈산나트륨/[M244678]아스코르브산 97/[M245849]제피아스코르브산에스씨/[M245878]아스코르브산팔미테이트/[M246161]직타용아스코르브산97%/[M246638]아스코르브산97%/[M246709]아스코르브산나트륨/[M246900]90%아스코르브산/[M248326]아스코르빌나트륨포스페이트/[M249820]아스코르브산96%과립/[M250406]아스코르브산과립/[M250800]제피아스코르브산 TYPE-SC/[M251500]제피아스코르브산96%가루/[M252473]아스코르브산칼슘/[M252874]아스코르브산나트륨/[M252882]L-아스코르브산/[M253028]아스코르브산칼슘수화물/[M254082]제피아스코르브산 Type SC/[M254227]제피형아스코르브산96%TypeSC/[M254749]아스코르브산95%과립/[M254848]90%아스코르브산과립/[M256156]아스코르브산과립96%/[M257558]제피아스코르브산96%/[M257734]아스코르브산 과립90%/[M258008]아스코르브산칼슘이수화물/[M258592]작타용아스코르브산 97 %/[M258994]아스코르브산/[M259386]L-아스코르브산나트륨/[M259573]L-아스코르브산/[M261728]아스코르브산97%(직타용)/[M263901]제피아스코르브산97%가루/[M264037]90%아스코르빈산/[M265896]제피아스코르브산97.5%가루/[M040579]카페인(함수)/[M040580]무수카페인/[M090611]카페인/[M223183]카페인무수물/[M223184]카페인수화물/[M241017]무수물카페인/[M040616]말레인산클로르페니라민/[M050213]말레인산덱스클로르페니라민/[M051529]클로르페니라민/[M082701]디엘말레인산클로르페니라민/[M083325]디말레인산클로르페니라민/[M099959]말레인산클로로페니라민/[M100018]말레산클로르페니라민/[M100476]디말레인산클로르페니라민/[M101581]디엘말레인산클로르페니라민/[M200471]말레인산클로르페니라민제피과립/[M202197]D-말레인산클로르페니라민/[M202204]DL-말레인산클로르페니라민/[M203913]클로르페니라민말레인산염/[M212847]클로르페니라민말레이트/[M223211]클로르페니라민말레산염/[M223212]d-클로르페니라민말레산염/[M223213]클로르페니라민말레산염 산/[M223214]클로르페니라민말레산염 정/[M223215]클로르페니라민말레산염 주사액/[M226783]dl-클로르페니라민말레산염/[M249715]덱스클로르페니라민 말레산염/[M251936]덱스클로르페니라민말레이트/[M223258]티아민염산염/[M223262]티아민질산염/[M243282]티아민질산염3배산","[01140]해열.진통.소염제","","4,000밀리그램",20180831,"아세트아미노펜으로서 4,000mg/day(모든제형, 단일제.복합제 포함)","","정상"
3851,"용량주의","복합",D000147,Acetaminophen,"아세트아미노펜","[D001093]Galgeun-tang(갈근탕)/[D001000]Licorice(감초)/[D001121]Dried Ginger(건강)/[D001122]Jujube(대추)/[D001133]Ephedrae Herb(마황)/[D001123]Cinnamomum cassia Blume(육계)/[D001119]Peony Root(작약)/[D000852]Caffeine(카페인)","[M040353]아세트아미노펜/[M082309]아세트아미노펜제피세립/[M233006]아세트아미노펜 DC 500/600/[M246556]아세트아미노펜 (미분화)/[M262287]아세트아미노펜 과립/[C084556]갈근탕엑스/[C085494]갈근탕엑스분말/[C085503]갈근탕건조엑스/[C086018]갈근탕연조엑스/[C090838]갈근탕엑스과립/[C096410]갈근탕엑스정건조엑스/[C096710]갈근탕건조엑스[10→1]/[C100973]갈근탕엑스(10→1)/[M084556]갈근탕엑스/[M085494]갈근탕엑스분말/[M085503]갈근탕건조엑스/[M086018]갈근탕연조엑스/[M096410]갈근탕엑스정건조엑스/[M096710]갈근탕건조엑스[10→1]/[M100973]갈근탕엑스(10→1)/[M103265]갈근탕엑스말(10→1)/[M103916]갈근탕연조엑스(4.32→1)/[M104358]갈근탕엑스말/[M104683]갈근탕건조엑스(6.80→1)/[M104753]갈근탕연조엑스(3.4→1)/[M105329]갈근탕수침건조엑기스/[M105588]갈근탕건조엑스(5.78→1)/[M105816]갈근탕엑스분말(6→1)/[M105833]갈근탕연조엑스(4.17→1)/[M200049]갈근탕엑스가루/[M214453]갈근탕 연조엑스(4→1)/[M217483]갈근탕연조엑스(3->1)/[M229053]갈근탕 연조엑스(3.33→1)/[M250041]갈근탕엑스(5.81:1)/[M252043]갈근탕연조엑스[2.78→1]/[M252386]갈근탕연조엑스
(3.33→1)/[M259853]갈근탕건조엑스(6.31:1)/[M260768]갈근탕연조엑스(3.08→1)/[M261860]갈근탕건조엑스(5.6→1)/[M267754]갈근탕건조엑스(4→1)/[A006000]감초/[M040006]감초/[M070009]감초가루/[C040007]건강/[C070022]건강조말/[C070030]건강틴크/[C082104]건강유동엑스/[C082517]건강가루/[C083050]건강엑스/[C084830]건강70%에탄올유동엑스/[C085146]건강70%에탄올틴크/[C085483]건강30%에탄올유동엑스/[C089572]건강엑스산/[C091939]건강연조엑스/[C093695]건강묽은에탄올틴크/[C096526]건강건조엑스/[C101460]건강70%에탄올틴크(1→5)/[I001696]건강/[M040007]건강/[M070030]건강틴크/[M082104]건강유동엑스/[M082517]건강가루/[M083050]건강엑스/[M085146]건강70%에탄올틴크/[M085483]건강30%에탄올유동엑스/[M091939]건강연조엑스/[M093373]포건강/[M093695]건강묽은에탄올틴크/[M095865]건강엑스가루/[M101460]건강70%에탄올틴크(1→5)/[M103252]건강건조엑스(5ㆍ6→1)/[M104354]건강틴크(1→5)/[M227892]건강70%에탄올틴크(1->5)/[M239738]건강건조엑스/[M246445]건강초탄/[M249865]건강틴크
(1→5)/[M250885]건강건조엑스(5.6→1)/[M251645]건강초탄/[M254336]건강초탄/[M260577]건강초탄/[M261229]건강연조엑스(1.5∼1.8→1)
/[M262503]건강연조엑스(1.5~1.8→1)/[M262727]건강연조엑스(2.2~2.7→1)
/[M264378]건강연조엑스(1.7~2.0→1)/[M264508]건강연조엑스(3.23→1)/[M266087]건강건조엑스(6.5~7.9→1)/[M266876]건강연조엑스(2.9~3.6→1)/[M267309]건강연조엑스(1.6~2.0→1)/[C040071]대추/[I006323]대추/[M040071]대추/[M262512]대추연조엑스(1.5∼1.9→1)/[M266238]대추건조엑스(2.5~3.1→1)/[M266249]대추연조엑스(1.2~1.4→1)/[C040135]마황/[C080619]마황탕수침건조엑스/[C088524]마황수침건조엑스/[C089573]마황엑스산/[C091941]마황엑스/[C095063]마황탕연조엑스/[C095449]마황가루/[C102054]마황근/[C102097]마황추출물/[C202560]마황추출물/[C423024]마황뿌리추출물/[I001223]마황/[I008197]마황근/[M040135]마황/[M088524]마황수침건조엑스/[M089573]마황엑스산/[M091941]마황엑스/[M095063]마황탕연조엑스/[M095449]마황가루/[M102054]마황근/[M200464]마황엑스가루/[M261223]마황연조엑스(2.2∼2.7→1)
/[M261691]마황탕엑스/[M262497]마황연조엑스(2.2~2.7→1)/[M264308]마황연조엑스(4.35->1)/[M264372]마황연조엑스(3.4~4.2→1)/[M264504]마황연조엑스(4.35→1)/[M266357]마황연조엑스(2.3∼2.9→1)/[M266873]마황연조엑스(3.7~5.0→1)/[M267305]마황연조엑스(2.8~3.4→1)/[M268323]마황연조엑스(3.8∼5.1→1)/[C050036]육계/[C089617]육계엑스산/[C401739]육계추출물/[C401743]육계잎추출물/[C402601]육계/[C402602]육계껍질/정향싹/로즈마리잎/불가리스백리향잎수/[C428728]육계/[C428729]육계/정향싹/로즈마리잎/타임잎수/[C428730]육계/정향싹/로즈마리잎/타임잎오일/[C428731]육계껍질/탱자열매/삼백초잎/뿌리/도둑놈의지팡이뿌리추출물/[C428733]육계잎추출물/[C428734]육계전초오일/[C428735]육계전초추출물/[C428736]육계껍질추출물/[C434092]하이드롤라이즈드육계추출물/[C438444]육계껍질수/[C438521](육계껍질/요엽후박)나무껍질/(고량강/참당귀)뿌리추출물/[I000485]육계/[I008329]육계/[I012425]육계·아선약·소두구·고추 연조엑스(5→1)/[M050036]육계/[M089617]육계엑스산/[M106290]육계(모계)/[M201470]육계엑스가루/[M227893]육계70%에탄올틴크(1->5)/[M232832]육계건조엑스/[M234405]육계가루/[M239186]육계엑스(22->1)/[M240817]육계70%에탄올틴크(1→5)/[M244658]육계틴크(1→5)/[M245879]육계건조엑스(31.25->1)/[M246170]육계연조엑스/[M251943]육계추출물/[M252166]육계유/[M252345]육계유동엑스/[M252650]육계·아선약·소두구·고추 연조엑스(5→1)/[M253194]육계엑스(22→1)/[M254384]육계·아선약·소두구·고추 연조엑스(5->1)/[M258809]육계엑스/[M259064]육계30%에탄올유동엑스/[M261235]육계연조엑스(7.9∼9.6→1)
/[M262509]육계연조엑스(7.9~9.6→1)/[M264213]육계/당귀/작약/숙지황/천궁/황기 혼합추출물/[M264384]육계연조엑스(8.8~10.8→1)/[M264645]육계연조엑스(8.3→1)/[M266305]육계건조엑스(20~35→1)/[M266529]육계건조엑스(22→1)/[M267315]육계연조엑스(8.4~10.2→1)/[M267418]육계연조엑스(6.7~10→1) /[C040523]작약/[C051307]백작약/[C051308]적작약/[C071158]작약엑스/[C082518]작약가루/[C085611]백작약초/[C088975]백작약가루/[C089531]백작약엑스산(패오니플로린으로서 133ㆍ2밀리그람)/[C089542]백작약엑스산/[C090093]작약엑스산/[C090789]작약초/[C092727]백작약연조엑스/[C093837]작약건조엑스/[C096770]작약추출물/[C312372]작약추출물/[C313826]백작약추출물/[C320059]참작약/[C402274]작약전초추출물/[C402275]작약뿌리추출물/[C404274]작약뿌리수/[C404275]작약뿌리가루/[C406079]작약가루/[C406080]작약껍질/수액추출물/[C406081]작약꽃추출물/[C406082]작약추출물/[C429024]작약꽃추출물/[C429025]작약나무껍질/수액추출물/[C429026]작약뿌리/[C429027]작약뿌리가루/[C429028]작약뿌리수/[C429029]작약뿌리추출물/[C429030]작약잎세포추출물/[C429031]작약추출물/[I006447]작약/[M040523]작약/[M051307]백작약/[M051308]적작약/[M071158]작약엑스/[M082518]작약가루/[M085611]백작약초/[M088975]백작약가루/[M090093]작약엑스산/[M090789]작약초/[M093837]작약건조엑스/[M103890]작약건조엑스(5.88→1)/[M201554]작약엑스가루/[M212494]백작약엑스 (5.9→1)/[M214365]작약추출물/[M241192]작약엑스(5.9->1)/[M243283]작약엑스(5.9->1)/[M245904]작약엑스 (5.9→1)/[M246879]작약추출액/[M261230]작약연조엑스(3.3∼4.0→1)
/[M262504]작약연조엑스(3.3~4.0→1)/[M263913]작약연조엑스(2.3∼3.2→1)/[M264309]작약연조엑스(3.03->1)/[M264379]작약연조엑스(2.4~3.0→1)/[M264643]작약연조엑스(3.03→1)/[M266482]작약연조엑스(2.8∼3.4→1)/[M266487]작약연조엑스(2.7~3.3→1)/[M266950]작약연조엑스(2.8∼3.4→1)/[M267310]작약연조엑스(2.9~3.5→1)/[M268068]작약연조엑스(2.8~3.4→1)/[M268187]작약연조엑스(2.8~3.4→1)/[M040579]카페인(함수)/[M040580]무수카페인/[M090611]카페인/[M223183]카페인무수물/[M223184]카페인수화물/[M241017]무수물카페인","[01140]해열.진통.소염제","","4,000밀리그램",20180831,"아세트아미노펜으로서 4,000mg/day(모든제형, 단일제.복합제 포함)","","정상"
3852,"용량주의","복합",D000147,Acetaminophen,"아세트아미노펜","[D001093]Galgeun-tang(갈근탕)/[D001101]Riboflavin(리보플라빈)/[D001116]Methylephedrine(메틸에페드린)/[D001106]Ascorbic acid(아스코르브산)/[D000852]Caffeine(카페인)/[D000893]Chlorpheniramine(클로르페니라민)/[D000981]Cloperastine(클로페라스틴)/[D000998]Thiamine(티아민)","[M040353]아세트아미노펜/[M082309]아세트아미노펜제피세립/[M233006]아세트아미노펜 DC 500/600/[M246556]아세트아미노펜 (미분화)/[M262287]아세트아미노펜 과립/[C084556]갈근탕엑스/[C085494]갈근탕엑스분말/[C085503]갈근탕건조엑스/[C086018]갈근탕연조엑스/[C090838]갈근탕엑스과립/[C096410]갈근탕엑스정건조엑스/[C096710]갈근탕건조엑스[10→1]/[C100973]갈근탕엑스(10→1)/[M084556]갈근탕엑스/[M085494]갈근탕엑스분말/[M085503]갈근탕건조엑스/[M086018]갈근탕연조엑스/[M096410]갈근탕엑스정건조엑스/[M096710]갈근탕건조엑스[10→1]/[M100973]갈근탕엑스(10→1)/[M103265]갈근탕엑스말(10→1)/[M103916]갈근탕연조엑스(4.32→1)/[M104358]갈근탕엑스말/[M104683]갈근탕건조엑스(6.80→1)/[M104753]갈근탕연조엑스(3.4→1)/[M105329]갈근탕수침건조엑기스/[M105588]갈근탕건조엑스(5.78→1)/[M105816]갈근탕엑스분말(6→1)/[M105833]갈근탕연조엑스(4.17→1)/[M200049]갈근탕엑스가루/[M214453]갈근탕 연조엑스(4→1)/[M217483]갈근탕연조엑스(3->1)/[M229053]갈근탕 연조엑스(3.33→1)/[M250041]갈근탕엑스(5.81:1)/[M252043]갈근탕연조엑스[2.78→1]/[M252386]갈근탕연조엑스
(3.33→1)/[M259853]갈근탕건조엑스(6.31:1)/[M260768]갈근탕연조엑스(3.08→1)/[M261860]갈근탕건조엑스(5.6→1)/[M267754]갈근탕건조엑스(4→1)/[C040133]리보플라빈/[C040512]인산리보플라빈나트륨/[C050367]테트라부티르산리보플라빈/[C050368]인산리보플라빈/[C050369]리보플라빈-5-인산나트륨/[C081186]리보플라빈33 1/3%/[C082711]리보플라빈낙산에스텔/[C082719]리보플라빈331/3%산/[C083052]리보플라빈98%DC/[C083101]낙산리보플라빈/[C083163]리보플라빈98%/[C083404]리보플라빈33 1/3%과립/[C084424]염산리보플라빈나트륨/[C085688]직탁용리보플라빈98%/[C089984]리보플라빈인산나트륨/[C090982]리보플라빈산나트륨/[C091022]리보플라빈98%과립/[C091383]리보플라빈25%과립/[C092484]부티르산리보플라빈/[C100456]리보플라빈3배산/[C100480]인산리보플라빈나트륨이수화물/[C101969]리보플라빈E101/[C202525]리보플라빈/[C401176]리보플라빈/[C407713]소듐리보플라빈포스페이트/[C409503]리보플라빈테트라부티레이트/[C422825]리보플라빈/[C422826]리보플라빈테트라부티레이트/[C422827]리보플라빈테트라아세테이트/[C425375]소듐리보플라빈포스페이트/[I003529]리보플라빈/[I003530]리보플라빈포스페이트나트륨/[I006525]리보플라빈부티레이트/[I007430]인산리보플라빈/[I007658]인산리보플라빈나트륨이수화물/[I007907]리보플라빈산나트륨/[M040133]리보플라빈/[M040512]인산리보플라빈나트륨/[M050367]테트라부티르산리보플라빈/[M050368]인산리보플라빈/[M050369]리보플라빈-5-인산나트륨/[M081186]리보플라빈33 1/3%/[M082711]리보플라빈낙산에스텔/[M082719]리보플라빈33 1/3%산/[M083052]리보플라빈98%DC/[M083101]낙산리보플라빈/[M083163]리보플라빈98%/[M083404]리보플라빈33 1/3%과립/[M085688]직탁용리보플라빈98%/[M090982]리보플라빈산나트륨/[M091022]리보플라빈98%과립/[M091383]리보플라빈25%과립/[M092484]부티르산리보플라빈/[M100456]리보플라빈3배산/[M100480]인산리보플라빈나트륨이수화물/[M101969]리보플라빈E101/[M200421]리보플라빈33ㆍ3%/[M200422]리보플라빈33ㆍ3%과립/[M200423]리보플라빈33ㆍ3%산/[M203723]인산리보플라빈소듐/[M206124]조리보플라빈/[M216041]리보플라빈3배산(리보플라빈으로서 5밀리그램)/[M216399]리보플라빈 3배산(리보플라빈으로서 0.84밀리그램)/[M217503]리보플라빈인산에스텔나트륨/[M218021]안산리보플라빈나트륨/[M222995]리보플라빈부티레이트/[M222996]리보플라빈포스페이트나트륨/[M222997]리보플라빈포스페이트나트륨 주사액/[M232651]제피리보플라빈/[M249967]리보플라빈부틸레이트/[M249982]리보플라빈나트륨포스페이트/[A006116]메틸에페드린/[I006391]dl-메틸에페드린염산염/[M204422]dl-메틸에페드린염산염/[M223022]dl-메틸에페드린염산염 산 10%/[M235519]디엘메틸에페드린염산염/[M240608]dI-메틸에페드린염산염/[M240859]디엘-메틸에페드린염산염/[M252389]㎗-메틸에페드린염산염/[M264046]DL-메틸에페드린염산염/[C040354]아스코르빈산/[C050961]아스코르빈산철/[C080210]아스코르빈산나트륨/[C081017]아스코르빈산90%과립/[C081495]아스코르빈산펠렛/[C081615]아스코르빈산 제피과립/[C081679]아스코르빈산60%/[C081772]제피아스코르빈산TYPE-SC/[C081998]아스코르빈팔미틴산/[C082617]아스코르빈산제피산/[C082841]아스코르빈산98%과립/[C082845]제피형아스코르빈산96%/[C082850]직탁용아스코르빈산/[C082857]제피아스코르빈산/[C083022]아스코르빈산96%과립/[C083040]아스코르빈산97%과립/[C083727]아스코르빈산제피산98%DC/[C083984]아스코르빈산칼슘/[C084311]엘-아스코르빈산나트륨/[C084327]아스코르빈산과립/[C084388]아스코르빈산나트륨99%/[C084419]아스코르빈산98%/[C084433]아스코르빈산97ㆍ5%과립/[C084448]아스코르빈산97%/[C084495]아스코르빈산칼슘97%과립/[C084658]아스코르빈산96%/[C084927]제피형아스코르빈산96%Type SC/[C085686]직탁용아스코르빈산98%/[C085785]아스코르빈산스테아레이트/[C086801]제피아스코르빈산97ㆍ5%/[C087036]코팅된아스코르빈산/[C088252]아스코르빈산제제/[C089177]아스코르빈산96%SC/[C090019]90%아스코르빈산/[C091430]아스코르빈산유캡/[C094260]95%아스코르빈산/[C094676]3-O-에칠아스코르빈산/[C095118]제피아스코르빈산96%/[C095392]아스코르빌팔미테이트/[C095412]제피아스코르빈사96% Type SC/[C095426]제피아스코르빈산96%가루/[C095604]아스코르빈산90%/[C099084]아스코르빈산팔미테이트/[C099734]아스코르브산90%과립/[C099910]직타용아스코르빈산/[C100271]팔미틴산아스코르빈산/[C100420]엘-아스코르빈산/[C101135]90%아스코르빈산과립/[C102189]아스코르빅애씨드/[C312780]소듐아스코르베이트/[C312824]아스코르빌 테트라이소팔미테이트/[C317903]글루코사민아스코르베이트/[C318482]칼슘 아스코르베이트/[C320842]아스코르빅애씨드/[C400592]아스코르빌니코티네이트/[I000229]아스코르빈산칼슘/[I001468]아스코르빈산제일철/[I001971]마그네슘아스코르베이트/[I003752]아스코르빈산나트륨/[I004351]아스코르브산/[M040354]아스코르빈산/[M050961]아스코르빈산철/[M080210]아스코르빈산나트륨/[M081017]아스코르빈산90%과립/[M081495]아스코르빈산펠렛/[M081615]아스코르빈산제피과립/[M081679]아스코르빈산60%/[M081772]제피아스코르빈산TYPE-SC/[M081998]아스코르빈팔미틴산/[M082617]아스코르빈산제피산/[M082841]아스코르빈산98%과립/[M082845]제피아스코르빈산96%/[M082850]직타용아스코르빈산/[M082857]제피아스코르빈산/[M083022]아스코르빈산96%과립/[M083040]아스코르빈산97%과립/[M083727]아스코르빈산제피산98%DC/[M083960]제피아스코르빈산TYPE-SC/[M083984]아스코르빈산칼슘/[M084311]엘아스코르빈산나트륨/[M084327]아스코르빈산과립/[M084388]아스코르빈산나트륨99%/[M084419]아스코르빈산98%/[M084433]아스코르빈산97ㆍ5%과립/[M084448]아스코르빈산97%/[M084495]아스코르빈산칼슘97%과립/[M084658]아스코르빈산96%/[M084927]제피아스코르빈산96%Type SC/[M085686]직타용아스코르빈산98%/[M087036]제피아스코르빈산/[M088252]아스코르빈산/[M089177]아스코르빈산96%SC/[M090019]아스코르빈산90%/[M091430]아스코르빈산유캡/[M094260]아스코르빈산95%/[M095392]아스코르빌팔미테이트/[M095426]제피아스코르빈산96%가루/[M095604]아스코르빈산90%/[M099084]아스코르빈산팔미테이트/[M100271]팔미틴산아스코르빈산/[M100420]엘-아스코르빈산/[M103048]제피형아스코르빈산96%TypeSC/[M103617]팔미틴산아스코르빌/[M104937]아스코르빈산97%분말/[M105763]아스코르빈산제제/[M107308]제피아스코르빈산97.0%가루/[M107594]소듐엘아스코르베이트/[M201112]아스코르빈산제일철/[M201618]제피아스코르빈사96%TypeSC/[M201620]제피아스코르빈산가루/[M201622]제피아스코르빈산TYPEB/[M203450]아스코르브산/[M203451]아스코르브산소듐/[M203452]아스코르빈산소듐/[M207370]팔미틴산아스코르브산/[M207385]아스코르빈산 97(아스코르빈산으로서 600mg)/[M207533]아스코르빈산 97(아스코르빈산으로서 600㎎)/[M209224]직타용아스코르빈산97%/[M210040]제피아스코르빈산97%과립/[M210875]소듐L-아스코르베이트/[M211316]아스코르빈산 산/[M211364]제피형아스코르빈산96%/[M211402]직타용아스코르빈산 90%/[M212742]아스코르빈산과립 97%(아스코르빈산으로서 83.3밀리그램)/[M214926]제피아스코르빈산 Type SC/[M215692]아스코르빈산(비타민C)/[M216038]아스코르빈산과립97%(아스코르빈산으로서 75밀리그램)/[M216398]아스코르빈산과립97%(아스코르빈산으로서 83.34밀리그램)/[M220142]직타용아스코르빈산(97%)/[M220180]아스코르빈산 97/[M223105]아스코르브산 산/[M223106]아스코르브산 정/[M223107]아스코르브산 주사액/[M224238]아스코르브산97/[M225398]아스코르빈산 Type FC/[M226183]아스코르빈산과립97%/[M227509]아스코르브산97%과립/[M229451]아스코르빈산 90%과립/[M229497]제피아스코르빈산 96% Type SC/[M234001]아스코르브산과립97%/[M236177]아스코르브산 90%과립/[M236913]제피아스코르브산/[M236926]직타용아스코르브산/[M239246]L-아스코르빈산/[M239251]L-아스코르빈산나트륨/[M239556]제피아스코르브산96% Type SC/[M241223]아스코르브산90%과립/[M242242]제피아스코르빈산*/[M243471]엘-아스코르빈산나트륨/[M243491]아스코르브산 97/[M244591]엘-아스코르빈산나트륨/[M244678]아스코르브산 97/[M245849]제피아스코르브산에스씨/[M245878]아스코르브산팔미테이트/[M246161]직타용아스코르브산97%/[M246638]아스코르브산97%/[M246709]아스코르브산나트륨/[M246900]90%아스코르브산/[M248326]아스코르빌나트륨포스페이트/[M249820]아스코르브산96%과립/[M250406]아스코르브산과립/[M250800]제피아스코르브산 TYPE-SC/[M251500]제피아스코르브산96%가루/[M252473]아스코르브산칼슘/[M252874]아스코르브산나트륨/[M252882]L-아스코르브산/[M253028]아스코르브산칼슘수화물/[M254082]제피아스코르브산 Type SC/[M254227]제피형아스코르브산96%TypeSC/[M254749]아스코르브산95%과립/[M254848]90%아스코르브산과립/[M256156]아스코르브산과립96%/[M257558]제피아스코르브산96%/[M257734]아스코르브산 과립90%/[M258008]아스코르브산칼슘이수화물/[M258592]작타용아스코르브산 97 %/[M258994]아스코르브산/[M259386]L-아스코르브산나트륨/[M259573]L-아스코르브산/[M261728]아스코르브산97%(직타용)/[M263901]제피아스코르브산97%가루/[M264037]90%아스코르빈산/[M265896]제피아스코르브산97.5%가루/[M040579]카페인(함수)/[M040580]무수카페인/[M090611]카페인/[M223183]카페인무수물/[M223184]카페인수화물/[M241017]무수물카페인/[M040616]말레인산클로르페니라민/[M050213]말레인산덱스클로르페니라민/[M051529]클로르페니라민/[M082701]디엘말레인산클로르페니라민/[M083325]디말레인산클로르페니라민/[M099959]말레인산클로로페니라민/[M100018]말레산클로르페니라민/[M100476]디말레인산클로르페니라민/[M101581]디엘말레인산클로르페니라민/[M200471]말레인산클로르페니라민제피과립/[M202197]D-말레인산클로르페니라민/[M202204]DL-말레인산클로르페니라민/[M203913]클로르페니라민말레인산염/[M212847]클로르페니라민말레이트/[M223211]클로르페니라민말레산염/[M223212]d-클로르페니라민말레산염/[M223213]클로르페니라민말레산염 산/[M223214]클로르페니라민말레산염 정/[M223215]클로르페니라민말레산염 주사액/[M226783]dl-클로르페니라민말레산염/[M249715]덱스클로르페니라민 말레산염/[M251936]덱스클로르페니라민말레이트/[M051546]염산클로페라스틴/[M051547]펜디조산클로페라스틴/[M222890]클로페라스틴염산염/[M223258]티아민염산염/[M223262]티아민질산염/[M243282]티아민질산염3배산","[01140]해열.진통.소염제","","4,000밀리그램",20180831,"아세트아미노펜으로서 4,000mg/day(모든제형, 단일제.복합제 포함)","","정상"
3695,"용량주의","복합",D000147,Acetaminophen,"아세트아미노펜","[D001101]Riboflavin(리보플라빈)/[D000134]Brompheniramine(브롬페니라민)/[D000448]Pseudoephedrine(슈도에페드린)","[M040353]아세트아미노펜/[M082309]아세트아미노펜제피세립/[M233006]아세트아미노펜 DC 500/600/[M246556]아세트아미노펜 (미분화)/[M262287]아세트아미노펜 과립/[C040133]리보플라빈/[C040512]인산리보플라빈나트륨/[C050367]테트라부티르산리보플라빈/[C050368]인산리보플라빈/[C050369]리보플라빈-5-인산나트륨/[C081186]리보플라빈33 1/3%/[C082711]리보플라빈낙산에스텔/[C082719]리보플라빈331/3%산/[C083052]리보플라빈98%DC/[C083101]낙산리보플라빈/[C083163]리보플라빈98%/[C083404]리보플라빈33 1/3%과립/[C084424]염산리보플라빈나트륨/[C085688]직탁용리보플라빈98%/[C089984]리보플라빈인산나트륨/[C090982]리보플라빈산나트륨/[C091022]리보플라빈98%과립/[C091383]리보플라빈25%과립/[C092484]부티르산리보플라빈/[C100456]리보플라빈3배산/[C100480]인산리보플라빈나트륨이수화물/[C101969]리보플라빈E101/[C202525]리보플라빈/[C401176]리보플라빈/[C407713]소듐리보플라빈포스페이트/[C409503]리보플라빈테트라부티레이트/[C422825]리보플라빈/[C422826]리보플라빈테트라부티레이트/[C422827]리보플라빈테트라아세테이트/[C425375]소듐리보플라빈포스페이트/[I003529]리보플라빈/[I003530]리보플라빈포스페이트나트륨/[I006525]리보플라빈부티레이트/[I007430]인산리보플라빈/[I007658]인산리보플라빈나트륨이수화물/[I007907]리보플라빈산나트륨/[M040133]리보플라빈/[M040512]인산리보플라빈나트륨/[M050367]테트라부티르산리보플라빈/[M050368]인산리보플라빈/[M050369]리보플라빈-5-인산나트륨/[M081186]리보플라빈33 1/3%/[M082711]리보플라빈낙산에스텔/[M082719]리보플라빈33 1/3%산/[M083052]리보플라빈98%DC/[M083101]낙산리보플라빈/[M083163]리보플라빈98%/[M083404]리보플라빈33 1/3%과립/[M085688]직탁용리보플라빈98%/[M090982]리보플라빈산나트륨/[M091022]리보플라빈98%과립/[M091383]리보플라빈25%과립/[M092484]부티르산리보플라빈/[M100456]리보플라빈3배산/[M100480]인산리보플라빈나트륨이수화물/[M101969]리보플라빈E101/[M200421]리보플라빈33ㆍ3%/[M200422]리보플라빈33ㆍ3%과립/[M200423]리보플라빈33ㆍ3%산/[M203723]인산리보플라빈소듐/[M206124]조리보플라빈/[M216041]리보플라빈3배산(리보플라빈으로서 5밀리그램)/[M216399]리보플라빈 3배산(리보플라빈으로서 0.84밀리그램)/[M217503]리보플라빈인산에스텔나트륨/[M218021]안산리보플라빈나트륨/[M222995]리보플라빈부티레이트/[M222996]리보플라빈포스페이트나트륨/[M222997]리보플라빈포스페이트나트륨 주사액/[M232651]제피리보플라빈/[M249967]리보플라빈부틸레이트/[M249982]리보플라빈나트륨포스페이트/[M050657]말레인산브롬페니라민/[M247022]브롬페니라민말레산염/[M050833]염산슈도에페드린/[M081720]황산슈도에페드린/[M203364]슈도에페드린염산염/[M222865]수도에페드린염산염/[M248579]수도에페드린황산염/[M256034]수도에페드린염산염 과립/[M258826]수도에페드린","[01140]해열.진통.소염제","","4,000밀리그램",20180831,"아세트아미노펜으로서 4,000mg/day(모든제형, 단일제.복합제 포함)","","정상"
3696,"용량주의","복합",D000147,Acetaminophen,"아세트아미노펜","[D001112]Benzyl Mandelate(만델산벤질)/[D000573]Isopropylantipyrine(이소프로필안티피린)/[D000852]Caffeine(카페인)","[M040353]아세트아미노펜/[M082309]아세트아미노펜제피세립/[M233006]아세트아미노펜 DC 500/600/[M246556]아세트아미노펜 (미분화)/[M262287]아세트아미노펜 과립/[C083466]만델산벤질/[I007321]만델산벤질/[M083466]만델산벤질/[M040499]이소프로필안티피린/[M040579]카페인(함수)/[M040580]무수카페인/[M090611]카페인/[M223183]카페인무수물/[M223184]카페인수화물/[M241017]무수물카페인","[01140]해열.진통.소염제","","4,000밀리그램",20180831,"아세트아미노펜으로서 4,000mg/day(모든제형, 단일제.복합제 포함)","","정상"
3697,"용량주의","복합",D000147,Acetaminophen,"아세트아미노펜","[D001102]Macmundong-tang(맥문동탕)/[D001116]Methylephedrine(메틸에페드린)/[D000933]Tipepidine(티페피딘)","[M040353]아세트아미노펜/[M082309]아세트아미노펜제피세립/[M233006]아세트아미노펜 DC 500/600/[M246556]아세트아미노펜 (미분화)/[M262287]아세트아미노펜 과립/[C088602]맥문동탕연조엑스/[M088602]맥문동탕연조엑스/[M218971]맥문동탕건조엑스/[M227974]맥문동탕 연조엑스(3.33→1)/[M239145]맥문동탕연조엑스(7.1→1)/[M261590]맥문동탕연조엑스(2.7→1)/[M261815]맥문동탕건조엑스(5.3→1)/[A006116]메틸에페드린/[I006391]dl-메틸에페드린염산염/[M204422]dl-메틸에페드린염산염/[M223022]dl-메틸에페드린염산염 산 10%/[M235519]디엘메틸에페드린염산염/[M240608]dI-메틸에페드린염산염/[M240859]디엘-메틸에페드린염산염/[M252389]㎗-메틸에페드린염산염/[M264046]DL-메틸에페드린염산염/[M051662]구연산티페피딘/[M051663]히벤즈산티페피딘/[M223274]티페피딘히벤즈산염 정/[M254445]티페피딘시트르산염","[01140]해열.진통.소염제","","4,000밀리그램",20180831,"아세트아미노펜으로서 4,000mg/day(모든제형, 단일제.복합제 포함)","","정상"
3853,"용량주의","복합",D000147,Acetaminophen,"아세트아미노펜","[D001093]Galgeun-tang(갈근탕)/[D000493]Guaifenesin(구아이페네신)/[D000200]Dextromethorphan(덱스트로메토르판)/[D001101]Riboflavin(리보플라빈)/[D000448]Pseudoephedrine(슈도에페드린)/[D001106]Ascorbic acid(아스코르브산)/[D000893]Chlorpheniramine(클로르페니라민)/[D000998]Thiamine(티아민)","[M040353]아세트아미노펜/[M082309]아세트아미노펜제피세립/[M233006]아세트아미노펜 DC 500/600/[M246556]아세트아미노펜 (미분화)/[M262287]아세트아미노펜 과립/[C084556]갈근탕엑스/[C085494]갈근탕엑스분말/[C085503]갈근탕건조엑스/[C086018]갈근탕연조엑스/[C090838]갈근탕엑스과립/[C096410]갈근탕엑스정건조엑스/[C096710]갈근탕건조엑스[10→1]/[C100973]갈근탕엑스(10→1)/[M084556]갈근탕엑스/[M085494]갈근탕엑스분말/[M085503]갈근탕건조엑스/[M086018]갈근탕연조엑스/[M096410]갈근탕엑스정건조엑스/[M096710]갈근탕건조엑스[10→1]/[M100973]갈근탕엑스(10→1)/[M103265]갈근탕엑스말(10→1)/[M103916]갈근탕연조엑스(4.32→1)/[M104358]갈근탕엑스말/[M104683]갈근탕건조엑스(6.80→1)/[M104753]갈근탕연조엑스(3.4→1)/[M105329]갈근탕수침건조엑기스/[M105588]갈근탕건조엑스(5.78→1)/[M105816]갈근탕엑스분말(6→1)/[M105833]갈근탕연조엑스(4.17→1)/[M200049]갈근탕엑스가루/[M214453]갈근탕 연조엑스(4→1)/[M217483]갈근탕연조엑스(3->1)/[M229053]갈근탕 연조엑스(3.33→1)/[M250041]갈근탕엑스(5.81:1)/[M252043]갈근탕연조엑스[2.78→1]/[M252386]갈근탕연조엑스
(3.33→1)/[M259853]갈근탕건조엑스(6.31:1)/[M260768]갈근탕연조엑스(3.08→1)/[M261860]갈근탕건조엑스(5.6→1)/[M267754]갈근탕건조엑스(4→1)/[M050058]구아이페네신/[M040084]브롬화수소산덱스트로메토르판/[M202983]덱스트로메토르판브롬화수소산염/[M222957]덱스트로메토르판브롬화수소산염수화물/[C040133]리보플라빈/[C040512]인산리보플라빈나트륨/[C050367]테트라부티르산리보플라빈/[C050368]인산리보플라빈/[C050369]리보플라빈-5-인산나트륨/[C081186]리보플라빈33 1/3%/[C082711]리보플라빈낙산에스텔/[C082719]리보플라빈331/3%산/[C083052]리보플라빈98%DC/[C083101]낙산리보플라빈/[C083163]리보플라빈98%/[C083404]리보플라빈33 1/3%과립/[C084424]염산리보플라빈나트륨/[C085688]직탁용리보플라빈98%/[C089984]리보플라빈인산나트륨/[C090982]리보플라빈산나트륨/[C091022]리보플라빈98%과립/[C091383]리보플라빈25%과립/[C092484]부티르산리보플라빈/[C100456]리보플라빈3배산/[C100480]인산리보플라빈나트륨이수화물/[C101969]리보플라빈E101/[C202525]리보플라빈/[C401176]리보플라빈/[C407713]소듐리보플라빈포스페이트/[C409503]리보플라빈테트라부티레이트/[C422825]리보플라빈/[C422826]리보플라빈테트라부티레이트/[C422827]리보플라빈테트라아세테이트/[C425375]소듐리보플라빈포스페이트/[I003529]리보플라빈/[I003530]리보플라빈포스페이트나트륨/[I006525]리보플라빈부티레이트/[I007430]인산리보플라빈/[I007658]인산리보플라빈나트륨이수화물/[I007907]리보플라빈산나트륨/[M040133]리보플라빈/[M040512]인산리보플라빈나트륨/[M050367]테트라부티르산리보플라빈/[M050368]인산리보플라빈/[M050369]리보플라빈-5-인산나트륨/[M081186]리보플라빈33 1/3%/[M082711]리보플라빈낙산에스텔/[M082719]리보플라빈33 1/3%산/[M083052]리보플라빈98%DC/[M083101]낙산리보플라빈/[M083163]리보플라빈98%/[M083404]리보플라빈33 1/3%과립/[M085688]직탁용리보플라빈98%/[M090982]리보플라빈산나트륨/[M091022]리보플라빈98%과립/[M091383]리보플라빈25%과립/[M092484]부티르산리보플라빈/[M100456]리보플라빈3배산/[M100480]인산리보플라빈나트륨이수화물/[M101969]리보플라빈E101/[M200421]리보플라빈33ㆍ3%/[M200422]리보플라빈33ㆍ3%과립/[M200423]리보플라빈33ㆍ3%산/[M203723]인산리보플라빈소듐/[M206124]조리보플라빈/[M216041]리보플라빈3배산(리보플라빈으로서 5밀리그램)/[M216399]리보플라빈 3배산(리보플라빈으로서 0.84밀리그램)/[M217503]리보플라빈인산에스텔나트륨/[M218021]안산리보플라빈나트륨/[M222995]리보플라빈부티레이트/[M222996]리보플라빈포스페이트나트륨/[M222997]리보플라빈포스페이트나트륨 주사액/[M232651]제피리보플라빈/[M249967]리보플라빈부틸레이트/[M249982]리보플라빈나트륨포스페이트/[M050833]염산슈도에페드린/[M081720]황산슈도에페드린/[M203364]슈도에페드린염산염/[M222865]수도에페드린염산염/[M248579]수도에페드린황산염/[M256034]수도에페드린염산염 과립/[M258826]수도에페드린/[C040354]아스코르빈산/[C050961]아스코르빈산철/[C080210]아스코르빈산나트륨/[C081017]아스코르빈산90%과립/[C081495]아스코르빈산펠렛/[C081615]아스코르빈산 제피과립/[C081679]아스코르빈산60%/[C081772]제피아스코르빈산TYPE-SC/[C081998]아스코르빈팔미틴산/[C082617]아스코르빈산제피산/[C082841]아스코르빈산98%과립/[C082845]제피형아스코르빈산96%/[C082850]직탁용아스코르빈산/[C082857]제피아스코르빈산/[C083022]아스코르빈산96%과립/[C083040]아스코르빈산97%과립/[C083727]아스코르빈산제피산98%DC/[C083984]아스코르빈산칼슘/[C084311]엘-아스코르빈산나트륨/[C084327]아스코르빈산과립/[C084388]아스코르빈산나트륨99%/[C084419]아스코르빈산98%/[C084433]아스코르빈산97ㆍ5%과립/[C084448]아스코르빈산97%/[C084495]아스코르빈산칼슘97%과립/[C084658]아스코르빈산96%/[C084927]제피형아스코르빈산96%Type SC/[C085686]직탁용아스코르빈산98%/[C085785]아스코르빈산스테아레이트/[C086801]제피아스코르빈산97ㆍ5%/[C087036]코팅된아스코르빈산/[C088252]아스코르빈산제제/[C089177]아스코르빈산96%SC/[C090019]90%아스코르빈산/[C091430]아스코르빈산유캡/[C094260]95%아스코르빈산/[C094676]3-O-에칠아스코르빈산/[C095118]제피아스코르빈산96%/[C095392]아스코르빌팔미테이트/[C095412]제피아스코르빈사96% Type SC/[C095426]제피아스코르빈산96%가루/[C095604]아스코르빈산90%/[C099084]아스코르빈산팔미테이트/[C099734]아스코르브산90%과립/[C099910]직타용아스코르빈산/[C100271]팔미틴산아스코르빈산/[C100420]엘-아스코르빈산/[C101135]90%아스코르빈산과립/[C102189]아스코르빅애씨드/[C312780]소듐아스코르베이트/[C312824]아스코르빌 테트라이소팔미테이트/[C317903]글루코사민아스코르베이트/[C318482]칼슘 아스코르베이트/[C320842]아스코르빅애씨드/[C400592]아스코르빌니코티네이트/[I000229]아스코르빈산칼슘/[I001468]아스코르빈산제일철/[I001971]마그네슘아스코르베이트/[I003752]아스코르빈산나트륨/[I004351]아스코르브산/[M040354]아스코르빈산/[M050961]아스코르빈산철/[M080210]아스코르빈산나트륨/[M081017]아스코르빈산90%과립/[M081495]아스코르빈산펠렛/[M081615]아스코르빈산제피과립/[M081679]아스코르빈산60%/[M081772]제피아스코르빈산TYPE-SC/[M081998]아스코르빈팔미틴산/[M082617]아스코르빈산제피산/[M082841]아스코르빈산98%과립/[M082845]제피아스코르빈산96%/[M082850]직타용아스코르빈산/[M082857]제피아스코르빈산/[M083022]아스코르빈산96%과립/[M083040]아스코르빈산97%과립/[M083727]아스코르빈산제피산98%DC/[M083960]제피아스코르빈산TYPE-SC/[M083984]아스코르빈산칼슘/[M084311]엘아스코르빈산나트륨/[M084327]아스코르빈산과립/[M084388]아스코르빈산나트륨99%/[M084419]아스코르빈산98%/[M084433]아스코르빈산97ㆍ5%과립/[M084448]아스코르빈산97%/[M084495]아스코르빈산칼슘97%과립/[M084658]아스코르빈산96%/[M084927]제피아스코르빈산96%Type SC/[M085686]직타용아스코르빈산98%/[M087036]제피아스코르빈산/[M088252]아스코르빈산/[M089177]아스코르빈산96%SC/[M090019]아스코르빈산90%/[M091430]아스코르빈산유캡/[M094260]아스코르빈산95%/[M095392]아스코르빌팔미테이트/[M095426]제피아스코르빈산96%가루/[M095604]아스코르빈산90%/[M099084]아스코르빈산팔미테이트/[M100271]팔미틴산아스코르빈산/[M100420]엘-아스코르빈산/[M103048]제피형아스코르빈산96%TypeSC/[M103617]팔미틴산아스코르빌/[M104937]아스코르빈산97%분말/[M105763]아스코르빈산제제/[M107308]제피아스코르빈산97.0%가루/[M107594]소듐엘아스코르베이트/[M201112]아스코르빈산제일철/[M201618]제피아스코르빈사96%TypeSC/[M201620]제피아스코르빈산가루/[M201622]제피아스코르빈산TYPEB/[M203450]아스코르브산/[M203451]아스코르브산소듐/[M203452]아스코르빈산소듐/[M207370]팔미틴산아스코르브산/[M207385]아스코르빈산 97(아스코르빈산으로서 600mg)/[M207533]아스코르빈산 97(아스코르빈산으로서 600㎎)/[M209224]직타용아스코르빈산97%/[M210040]제피아스코르빈산97%과립/[M210875]소듐L-아스코르베이트/[M211316]아스코르빈산 산/[M211364]제피형아스코르빈산96%/[M211402]직타용아스코르빈산 90%/[M212742]아스코르빈산과립 97%(아스코르빈산으로서 83.3밀리그램)/[M214926]제피아스코르빈산 Type SC/[M215692]아스코르빈산(비타민C)/[M216038]아스코르빈산과립97%(아스코르빈산으로서 75밀리그램)/[M216398]아스코르빈산과립97%(아스코르빈산으로서 83.34밀리그램)/[M220142]직타용아스코르빈산(97%)/[M220180]아스코르빈산 97/[M223105]아스코르브산 산/[M223106]아스코르브산 정/[M223107]아스코르브산 주사액/[M224238]아스코르브산97/[M225398]아스코르빈산 Type FC/[M226183]아스코르빈산과립97%/[M227509]아스코르브산97%과립/[M229451]아스코르빈산 90%과립/[M229497]제피아스코르빈산 96% Type SC/[M234001]아스코르브산과립97%/[M236177]아스코르브산 90%과립/[M236913]제피아스코르브산/[M236926]직타용아스코르브산/[M239246]L-아스코르빈산/[M239251]L-아스코르빈산나트륨/[M239556]제피아스코르브산96% Type SC/[M241223]아스코르브산90%과립/[M242242]제피아스코르빈산*/[M243471]엘-아스코르빈산나트륨/[M243491]아스코르브산 97/[M244591]엘-아스코르빈산나트륨/[M244678]아스코르브산 97/[M245849]제피아스코르브산에스씨/[M245878]아스코르브산팔미테이트/[M246161]직타용아스코르브산97%/[M246638]아스코르브산97%/[M246709]아스코르브산나트륨/[M246900]90%아스코르브산/[M248326]아스코르빌나트륨포스페이트/[M249820]아스코르브산96%과립/[M250406]아스코르브산과립/[M250800]제피아스코르브산 TYPE-SC/[M251500]제피아스코르브산96%가루/[M252473]아스코르브산칼슘/[M252874]아스코르브산나트륨/[M252882]L-아스코르브산/[M253028]아스코르브산칼슘수화물/[M254082]제피아스코르브산 Type SC/[M254227]제피형아스코르브산96%TypeSC/[M254749]아스코르브산95%과립/[M254848]90%아스코르브산과립/[M256156]아스코르브산과립96%/[M257558]제피아스코르브산96%/[M257734]아스코르브산 과립90%/[M258008]아스코르브산칼슘이수화물/[M258592]작타용아스코르브산 97 %/[M258994]아스코르브산/[M259386]L-아스코르브산나트륨/[M259573]L-아스코르브산/[M261728]아스코르브산97%(직타용)/[M263901]제피아스코르브산97%가루/[M264037]90%아스코르빈산/[M265896]제피아스코르브산97.5%가루/[M040616]말레인산클로르페니라민/[M050213]말레인산덱스클로르페니라민/[M051529]클로르페니라민/[M082701]디엘말레인산클로르페니라민/[M083325]디말레인산클로르페니라민/[M099959]말레인산클로로페니라민/[M100018]말레산클로르페니라민/[M100476]디말레인산클로르페니라민/[M101581]디엘말레인산클로르페니라민/[M200471]말레인산클로르페니라민제피과립/[M202197]D-말레인산클로르페니라민/[M202204]DL-말레인산클로르페니라민/[M203913]클로르페니라민말레인산염/[M212847]클로르페니라민말레이트/[M223211]클로르페니라민말레산염/[M223212]d-클로르페니라민말레산염/[M223213]클로르페니라민말레산염 산/[M223214]클로르페니라민말레산염 정/[M223215]클로르페니라민말레산염 주사액/[M226783]dl-클로르페니라민말레산염/[M249715]덱스클로르페니라민 말레산염/[M251936]덱스클로르페니라민말레이트/[M223258]티아민염산염/[M223262]티아민질산염/[M243282]티아민질산염3배산","[01140]해열.진통.소염제","","4,000밀리그램",20180831,"아세트아미노펜으로서 4,000mg/day(모든제형, 단일제.복합제 포함)","","정상"
3856,"용량주의","복합",D000147,Acetaminophen,"아세트아미노펜","[D001093]Galgeun-tang(갈근탕)/[D001000]Licorice(감초)/[D001121]Dried Ginger(건강)/[D001122]Jujube(대추)/[D001133]Ephedrae Herb(마황)/[D001123]Cinnamomum cassia Blume(육계)/[D001119]Peony Root(작약)/[D000852]Caffeine(카페인)","[M040353]아세트아미노펜/[M082309]아세트아미노펜제피세립/[M233006]아세트아미노펜 DC 500/600/[M246556]아세트아미노펜 (미분화)/[M262287]아세트아미노펜 과립/[C084556]갈근탕엑스/[C085494]갈근탕엑스분말/[C085503]갈근탕건조엑스/[C086018]갈근탕연조엑스/[C090838]갈근탕엑스과립/[C096410]갈근탕엑스정건조엑스/[C096710]갈근탕건조엑스[10→1]/[C100973]갈근탕엑스(10→1)/[M084556]갈근탕엑스/[M085494]갈근탕엑스분말/[M085503]갈근탕건조엑스/[M086018]갈근탕연조엑스/[M096410]갈근탕엑스정건조엑스/[M096710]갈근탕건조엑스[10→1]/[M100973]갈근탕엑스(10→1)/[M103265]갈근탕엑스말(10→1)/[M103916]갈근탕연조엑스(4.32→1)/[M104358]갈근탕엑스말/[M104683]갈근탕건조엑스(6.80→1)/[M104753]갈근탕연조엑스(3.4→1)/[M105329]갈근탕수침건조엑기스/[M105588]갈근탕건조엑스(5.78→1)/[M105816]갈근탕엑스분말(6→1)/[M105833]갈근탕연조엑스(4.17→1)/[M200049]갈근탕엑스가루/[M214453]갈근탕 연조엑스(4→1)/[M217483]갈근탕연조엑스(3->1)/[M229053]갈근탕 연조엑스(3.33→1)/[M250041]갈근탕엑스(5.81:1)/[M252043]갈근탕연조엑스[2.78→1]/[M252386]갈근탕연조엑스
(3.33→1)/[M259853]갈근탕건조엑스(6.31:1)/[M260768]갈근탕연조엑스(3.08→1)/[M261860]갈근탕건조엑스(5.6→1)/[M267754]갈근탕건조엑스(4→1)/[A006000]감초/[M040006]감초/[M070009]감초가루/[C040007]건강/[C070022]건강조말/[C070030]건강틴크/[C082104]건강유동엑스/[C082517]건강가루/[C083050]건강엑스/[C084830]건강70%에탄올유동엑스/[C085146]건강70%에탄올틴크/[C085483]건강30%에탄올유동엑스/[C089572]건강엑스산/[C091939]건강연조엑스/[C093695]건강묽은에탄올틴크/[C096526]건강건조엑스/[C101460]건강70%에탄올틴크(1→5)/[I001696]건강/[M040007]건강/[M070030]건강틴크/[M082104]건강유동엑스/[M082517]건강가루/[M083050]건강엑스/[M085146]건강70%에탄올틴크/[M085483]건강30%에탄올유동엑스/[M091939]건강연조엑스/[M093373]포건강/[M093695]건강묽은에탄올틴크/[M095865]건강엑스가루/[M101460]건강70%에탄올틴크(1→5)/[M103252]건강건조엑스(5ㆍ6→1)/[M104354]건강틴크(1→5)/[M227892]건강70%에탄올틴크(1->5)/[M239738]건강건조엑스/[M246445]건강초탄/[M249865]건강틴크
(1→5)/[M250885]건강건조엑스(5.6→1)/[M251645]건강초탄/[M254336]건강초탄/[M260577]건강초탄/[M261229]건강연조엑스(1.5∼1.8→1)
/[M262503]건강연조엑스(1.5~1.8→1)/[M262727]건강연조엑스(2.2~2.7→1)
/[M264378]건강연조엑스(1.7~2.0→1)/[M264508]건강연조엑스(3.23→1)/[M266087]건강건조엑스(6.5~7.9→1)/[M266876]건강연조엑스(2.9~3.6→1)/[M267309]건강연조엑스(1.6~2.0→1)/[C040071]대추/[I006323]대추/[M040071]대추/[M262512]대추연조엑스(1.5∼1.9→1)/[M266238]대추건조엑스(2.5~3.1→1)/[M266249]대추연조엑스(1.2~1.4→1)/[C040135]마황/[C080619]마황탕수침건조엑스/[C088524]마황수침건조엑스/[C089573]마황엑스산/[C091941]마황엑스/[C095063]마황탕연조엑스/[C095449]마황가루/[C102054]마황근/[C102097]마황추출물/[C202560]마황추출물/[C423024]마황뿌리추출물/[I001223]마황/[I008197]마황근/[M040135]마황/[M088524]마황수침건조엑스/[M089573]마황엑스산/[M091941]마황엑스/[M095063]마황탕연조엑스/[M095449]마황가루/[M102054]마황근/[M200464]마황엑스가루/[M261223]마황연조엑스(2.2∼2.7→1)
/[M261691]마황탕엑스/[M262497]마황연조엑스(2.2~2.7→1)/[M264308]마황연조엑스(4.35->1)/[M264372]마황연조엑스(3.4~4.2→1)/[M264504]마황연조엑스(4.35→1)/[M266357]마황연조엑스(2.3∼2.9→1)/[M266873]마황연조엑스(3.7~5.0→1)/[M267305]마황연조엑스(2.8~3.4→1)/[M268323]마황연조엑스(3.8∼5.1→1)/[C050036]육계/[C089617]육계엑스산/[C401739]육계추출물/[C401743]육계잎추출물/[C402601]육계/[C402602]육계껍질/정향싹/로즈마리잎/불가리스백리향잎수/[C428728]육계/[C428729]육계/정향싹/로즈마리잎/타임잎수/[C428730]육계/정향싹/로즈마리잎/타임잎오일/[C428731]육계껍질/탱자열매/삼백초잎/뿌리/도둑놈의지팡이뿌리추출물/[C428733]육계잎추출물/[C428734]육계전초오일/[C428735]육계전초추출물/[C428736]육계껍질추출물/[C434092]하이드롤라이즈드육계추출물/[C438444]육계껍질수/[C438521](육계껍질/요엽후박)나무껍질/(고량강/참당귀)뿌리추출물/[I000485]육계/[I008329]육계/[I012425]육계·아선약·소두구·고추 연조엑스(5→1)/[M050036]육계/[M089617]육계엑스산/[M106290]육계(모계)/[M201470]육계엑스가루/[M227893]육계70%에탄올틴크(1->5)/[M232832]육계건조엑스/[M234405]육계가루/[M239186]육계엑스(22->1)/[M240817]육계70%에탄올틴크(1→5)/[M244658]육계틴크(1→5)/[M245879]육계건조엑스(31.25->1)/[M246170]육계연조엑스/[M251943]육계추출물/[M252166]육계유/[M252345]육계유동엑스/[M252650]육계·아선약·소두구·고추 연조엑스(5→1)/[M253194]육계엑스(22→1)/[M254384]육계·아선약·소두구·고추 연조엑스(5->1)/[M258809]육계엑스/[M259064]육계30%에탄올유동엑스/[M261235]육계연조엑스(7.9∼9.6→1)
/[M262509]육계연조엑스(7.9~9.6→1)/[M264213]육계/당귀/작약/숙지황/천궁/황기 혼합추출물/[M264384]육계연조엑스(8.8~10.8→1)/[M264645]육계연조엑스(8.3→1)/[M266305]육계건조엑스(20~35→1)/[M266529]육계건조엑스(22→1)/[M267315]육계연조엑스(8.4~10.2→1)/[M267418]육계연조엑스(6.7~10→1) /[C040523]작약/[C051307]백작약/[C051308]적작약/[C071158]작약엑스/[C082518]작약가루/[C085611]백작약초/[C088975]백작약가루/[C089531]백작약엑스산(패오니플로린으로서 133ㆍ2밀리그람)/[C089542]백작약엑스산/[C090093]작약엑스산/[C090789]작약초/[C092727]백작약연조엑스/[C093837]작약건조엑스/[C096770]작약추출물/[C312372]작약추출물/[C313826]백작약추출물/[C320059]참작약/[C402274]작약전초추출물/[C402275]작약뿌리추출물/[C404274]작약뿌리수/[C404275]작약뿌리가루/[C406079]작약가루/[C406080]작약껍질/수액추출물/[C406081]작약꽃추출물/[C406082]작약추출물/[C429024]작약꽃추출물/[C429025]작약나무껍질/수액추출물/[C429026]작약뿌리/[C429027]작약뿌리가루/[C429028]작약뿌리수/[C429029]작약뿌리추출물/[C429030]작약잎세포추출물/[C429031]작약추출물/[I006447]작약/[M040523]작약/[M051307]백작약/[M051308]적작약/[M071158]작약엑스/[M082518]작약가루/[M085611]백작약초/[M088975]백작약가루/[M090093]작약엑스산/[M090789]작약초/[M093837]작약건조엑스/[M103890]작약건조엑스(5.88→1)/[M201554]작약엑스가루/[M212494]백작약엑스 (5.9→1)/[M214365]작약추출물/[M241192]작약엑스(5.9->1)/[M243283]작약엑스(5.9->1)/[M245904]작약엑스 (5.9→1)/[M246879]작약추출액/[M261230]작약연조엑스(3.3∼4.0→1)
/[M262504]작약연조엑스(3.3~4.0→1)/[M263913]작약연조엑스(2.3∼3.2→1)/[M264309]작약연조엑스(3.03->1)/[M264379]작약연조엑스(2.4~3.0→1)/[M264643]작약연조엑스(3.03→1)/[M266482]작약연조엑스(2.8∼3.4→1)/[M266487]작약연조엑스(2.7~3.3→1)/[M266950]작약연조엑스(2.8∼3.4→1)/[M267310]작약연조엑스(2.9~3.5→1)/[M268068]작약연조엑스(2.8~3.4→1)/[M268187]작약연조엑스(2.8~3.4→1)/[M040579]카페인(함수)/[M040580]무수카페인/[M090611]카페인/[M223183]카페인무수물/[M223184]카페인수화물/[M241017]무수물카페인","[01140]해열.진통.소염제","","4,000밀리그램",20180831,"아세트아미노펜으로서 4,000mg/day(모든제형, 단일제.복합제 포함)","","정상"
3857,"용량주의","복합",D000147,Acetaminophen,"아세트아미노펜","[D001093]Galgeun-tang(갈근탕)/[D001101]Riboflavin(리보플라빈)/[D001116]Methylephedrine(메틸에페드린)/[D001106]Ascorbic acid(아스코르브산)/[D000852]Caffeine(카페인)/[D000893]Chlorpheniramine(클로르페니라민)/[D000981]Cloperastine(클로페라스틴)/[D000998]Thiamine(티아민)","[M040353]아세트아미노펜/[M082309]아세트아미노펜제피세립/[M233006]아세트아미노펜 DC 500/600/[M246556]아세트아미노펜 (미분화)/[M262287]아세트아미노펜 과립/[C084556]갈근탕엑스/[C085494]갈근탕엑스분말/[C085503]갈근탕건조엑스/[C086018]갈근탕연조엑스/[C090838]갈근탕엑스과립/[C096410]갈근탕엑스정건조엑스/[C096710]갈근탕건조엑스[10→1]/[C100973]갈근탕엑스(10→1)/[M084556]갈근탕엑스/[M085494]갈근탕엑스분말/[M085503]갈근탕건조엑스/[M086018]갈근탕연조엑스/[M096410]갈근탕엑스정건조엑스/[M096710]갈근탕건조엑스[10→1]/[M100973]갈근탕엑스(10→1)/[M103265]갈근탕엑스말(10→1)/[M103916]갈근탕연조엑스(4.32→1)/[M104358]갈근탕엑스말/[M104683]갈근탕건조엑스(6.80→1)/[M104753]갈근탕연조엑스(3.4→1)/[M105329]갈근탕수침건조엑기스/[M105588]갈근탕건조엑스(5.78→1)/[M105816]갈근탕엑스분말(6→1)/[M105833]갈근탕연조엑스(4.17→1)/[M200049]갈근탕엑스가루/[M214453]갈근탕 연조엑스(4→1)/[M217483]갈근탕연조엑스(3->1)/[M229053]갈근탕 연조엑스(3.33→1)/[M250041]갈근탕엑스(5.81:1)/[M252043]갈근탕연조엑스[2.78→1]/[M252386]갈근탕연조엑스
(3.33→1)/[M259853]갈근탕건조엑스(6.31:1)/[M260768]갈근탕연조엑스(3.08→1)/[M261860]갈근탕건조엑스(5.6→1)/[M267754]갈근탕건조엑스(4→1)/[C040133]리보플라빈/[C040512]인산리보플라빈나트륨/[C050367]테트라부티르산리보플라빈/[C050368]인산리보플라빈/[C050369]리보플라빈-5-인산나트륨/[C081186]리보플라빈33 1/3%/[C082711]리보플라빈낙산에스텔/[C082719]리보플라빈331/3%산/[C083052]리보플라빈98%DC/[C083101]낙산리보플라빈/[C083163]리보플라빈98%/[C083404]리보플라빈33 1/3%과립/[C084424]염산리보플라빈나트륨/[C085688]직탁용리보플라빈98%/[C089984]리보플라빈인산나트륨/[C090982]리보플라빈산나트륨/[C091022]리보플라빈98%과립/[C091383]리보플라빈25%과립/[C092484]부티르산리보플라빈/[C100456]리보플라빈3배산/[C100480]인산리보플라빈나트륨이수화물/[C101969]리보플라빈E101/[C202525]리보플라빈/[C401176]리보플라빈/[C407713]소듐리보플라빈포스페이트/[C409503]리보플라빈테트라부티레이트/[C422825]리보플라빈/[C422826]리보플라빈테트라부티레이트/[C422827]리보플라빈테트라아세테이트/[C425375]소듐리보플라빈포스페이트/[I003529]리보플라빈/[I003530]리보플라빈포스페이트나트륨/[I006525]리보플라빈부티레이트/[I007430]인산리보플라빈/[I007658]인산리보플라빈나트륨이수화물/[I007907]리보플라빈산나트륨/[M040133]리보플라빈/[M040512]인산리보플라빈나트륨/[M050367]테트라부티르산리보플라빈/[M050368]인산리보플라빈/[M050369]리보플라빈-5-인산나트륨/[M081186]리보플라빈33 1/3%/[M082711]리보플라빈낙산에스텔/[M082719]리보플라빈33 1/3%산/[M083052]리보플라빈98%DC/[M083101]낙산리보플라빈/[M083163]리보플라빈98%/[M083404]리보플라빈33 1/3%과립/[M085688]직탁용리보플라빈98%/[M090982]리보플라빈산나트륨/[M091022]리보플라빈98%과립/[M091383]리보플라빈25%과립/[M092484]부티르산리보플라빈/[M100456]리보플라빈3배산/[M100480]인산리보플라빈나트륨이수화물/[M101969]리보플라빈E101/[M200421]리보플라빈33ㆍ3%/[M200422]리보플라빈33ㆍ3%과립/[M200423]리보플라빈33ㆍ3%산/[M203723]인산리보플라빈소듐/[M206124]조리보플라빈/[M216041]리보플라빈3배산(리보플라빈으로서 5밀리그램)/[M216399]리보플라빈 3배산(리보플라빈으로서 0.84밀리그램)/[M217503]리보플라빈인산에스텔나트륨/[M218021]안산리보플라빈나트륨/[M222995]리보플라빈부티레이트/[M222996]리보플라빈포스페이트나트륨/[M222997]리보플라빈포스페이트나트륨 주사액/[M232651]제피리보플라빈/[M249967]리보플라빈부틸레이트/[M249982]리보플라빈나트륨포스페이트/[A006116]메틸에페드린/[I006391]dl-메틸에페드린염산염/[M204422]dl-메틸에페드린염산염/[M223022]dl-메틸에페드린염산염 산 10%/[M235519]디엘메틸에페드린염산염/[M240608]dI-메틸에페드린염산염/[M240859]디엘-메틸에페드린염산염/[M252389]㎗-메틸에페드린염산염/[M264046]DL-메틸에페드린염산염/[C040354]아스코르빈산/[C050961]아스코르빈산철/[C080210]아스코르빈산나트륨/[C081017]아스코르빈산90%과립/[C081495]아스코르빈산펠렛/[C081615]아스코르빈산 제피과립/[C081679]아스코르빈산60%/[C081772]제피아스코르빈산TYPE-SC/[C081998]아스코르빈팔미틴산/[C082617]아스코르빈산제피산/[C082841]아스코르빈산98%과립/[C082845]제피형아스코르빈산96%/[C082850]직탁용아스코르빈산/[C082857]제피아스코르빈산/[C083022]아스코르빈산96%과립/[C083040]아스코르빈산97%과립/[C083727]아스코르빈산제피산98%DC/[C083984]아스코르빈산칼슘/[C084311]엘-아스코르빈산나트륨/[C084327]아스코르빈산과립/[C084388]아스코르빈산나트륨99%/[C084419]아스코르빈산98%/[C084433]아스코르빈산97ㆍ5%과립/[C084448]아스코르빈산97%/[C084495]아스코르빈산칼슘97%과립/[C084658]아스코르빈산96%/[C084927]제피형아스코르빈산96%Type SC/[C085686]직탁용아스코르빈산98%/[C085785]아스코르빈산스테아레이트/[C086801]제피아스코르빈산97ㆍ5%/[C087036]코팅된아스코르빈산/[C088252]아스코르빈산제제/[C089177]아스코르빈산96%SC/[C090019]90%아스코르빈산/[C091430]아스코르빈산유캡/[C094260]95%아스코르빈산/[C094676]3-O-에칠아스코르빈산/[C095118]제피아스코르빈산96%/[C095392]아스코르빌팔미테이트/[C095412]제피아스코르빈사96% Type SC/[C095426]제피아스코르빈산96%가루/[C095604]아스코르빈산90%/[C099084]아스코르빈산팔미테이트/[C099734]아스코르브산90%과립/[C099910]직타용아스코르빈산/[C100271]팔미틴산아스코르빈산/[C100420]엘-아스코르빈산/[C101135]90%아스코르빈산과립/[C102189]아스코르빅애씨드/[C312780]소듐아스코르베이트/[C312824]아스코르빌 테트라이소팔미테이트/[C317903]글루코사민아스코르베이트/[C318482]칼슘 아스코르베이트/[C320842]아스코르빅애씨드/[C400592]아스코르빌니코티네이트/[I000229]아스코르빈산칼슘/[I001468]아스코르빈산제일철/[I001971]마그네슘아스코르베이트/[I003752]아스코르빈산나트륨/[I004351]아스코르브산/[M040354]아스코르빈산/[M050961]아스코르빈산철/[M080210]아스코르빈산나트륨/[M081017]아스코르빈산90%과립/[M081495]아스코르빈산펠렛/[M081615]아스코르빈산제피과립/[M081679]아스코르빈산60%/[M081772]제피아스코르빈산TYPE-SC/[M081998]아스코르빈팔미틴산/[M082617]아스코르빈산제피산/[M082841]아스코르빈산98%과립/[M082845]제피아스코르빈산96%/[M082850]직타용아스코르빈산/[M082857]제피아스코르빈산/[M083022]아스코르빈산96%과립/[M083040]아스코르빈산97%과립/[M083727]아스코르빈산제피산98%DC/[M083960]제피아스코르빈산TYPE-SC/[M083984]아스코르빈산칼슘/[M084311]엘아스코르빈산나트륨/[M084327]아스코르빈산과립/[M084388]아스코르빈산나트륨99%/[M084419]아스코르빈산98%/[M084433]아스코르빈산97ㆍ5%과립/[M084448]아스코르빈산97%/[M084495]아스코르빈산칼슘97%과립/[M084658]아스코르빈산96%/[M084927]제피아스코르빈산96%Type SC/[M085686]직타용아스코르빈산98%/[M087036]제피아스코르빈산/[M088252]아스코르빈산/[M089177]아스코르빈산96%SC/[M090019]아스코르빈산90%/[M091430]아스코르빈산유캡/[M094260]아스코르빈산95%/[M095392]아스코르빌팔미테이트/[M095426]제피아스코르빈산96%가루/[M095604]아스코르빈산90%/[M099084]아스코르빈산팔미테이트/[M100271]팔미틴산아스코르빈산/[M100420]엘-아스코르빈산/[M103048]제피형아스코르빈산96%TypeSC/[M103617]팔미틴산아스코르빌/[M104937]아스코르빈산97%분말/[M105763]아스코르빈산제제/[M107308]제피아스코르빈산97.0%가루/[M107594]소듐엘아스코르베이트/[M201112]아스코르빈산제일철/[M201618]제피아스코르빈사96%TypeSC/[M201620]제피아스코르빈산가루/[M201622]제피아스코르빈산TYPEB/[M203450]아스코르브산/[M203451]아스코르브산소듐/[M203452]아스코르빈산소듐/[M207370]팔미틴산아스코르브산/[M207385]아스코르빈산 97(아스코르빈산으로서 600mg)/[M207533]아스코르빈산 97(아스코르빈산으로서 600㎎)/[M209224]직타용아스코르빈산97%/[M210040]제피아스코르빈산97%과립/[M210875]소듐L-아스코르베이트/[M211316]아스코르빈산 산/[M211364]제피형아스코르빈산96%/[M211402]직타용아스코르빈산 90%/[M212742]아스코르빈산과립 97%(아스코르빈산으로서 83.3밀리그램)/[M214926]제피아스코르빈산 Type SC/[M215692]아스코르빈산(비타민C)/[M216038]아스코르빈산과립97%(아스코르빈산으로서 75밀리그램)/[M216398]아스코르빈산과립97%(아스코르빈산으로서 83.34밀리그램)/[M220142]직타용아스코르빈산(97%)/[M220180]아스코르빈산 97/[M223105]아스코르브산 산/[M223106]아스코르브산 정/[M223107]아스코르브산 주사액/[M224238]아스코르브산97/[M225398]아스코르빈산 Type FC/[M226183]아스코르빈산과립97%/[M227509]아스코르브산97%과립/[M229451]아스코르빈산 90%과립/[M229497]제피아스코르빈산 96% Type SC/[M234001]아스코르브산과립97%/[M236177]아스코르브산 90%과립/[M236913]제피아스코르브산/[M236926]직타용아스코르브산/[M239246]L-아스코르빈산/[M239251]L-아스코르빈산나트륨/[M239556]제피아스코르브산96% Type SC/[M241223]아스코르브산90%과립/[M242242]제피아스코르빈산*/[M243471]엘-아스코르빈산나트륨/[M243491]아스코르브산 97/[M244591]엘-아스코르빈산나트륨/[M244678]아스코르브산 97/[M245849]제피아스코르브산에스씨/[M245878]아스코르브산팔미테이트/[M246161]직타용아스코르브산97%/[M246638]아스코르브산97%/[M246709]아스코르브산나트륨/[M246900]90%아스코르브산/[M248326]아스코르빌나트륨포스페이트/[M249820]아스코르브산96%과립/[M250406]아스코르브산과립/[M250800]제피아스코르브산 TYPE-SC/[M251500]제피아스코르브산96%가루/[M252473]아스코르브산칼슘/[M252874]아스코르브산나트륨/[M252882]L-아스코르브산/[M253028]아스코르브산칼슘수화물/[M254082]제피아스코르브산 Type SC/[M254227]제피형아스코르브산96%TypeSC/[M254749]아스코르브산95%과립/[M254848]90%아스코르브산과립/[M256156]아스코르브산과립96%/[M257558]제피아스코르브산96%/[M257734]아스코르브산 과립90%/[M258008]아스코르브산칼슘이수화물/[M258592]작타용아스코르브산 97 %/[M258994]아스코르브산/[M259386]L-아스코르브산나트륨/[M259573]L-아스코르브산/[M261728]아스코르브산97%(직타용)/[M263901]제피아스코르브산97%가루/[M264037]90%아스코르빈산/[M265896]제피아스코르브산97.5%가루/[M040579]카페인(함수)/[M040580]무수카페인/[M090611]카페인/[M223183]카페인무수물/[M223184]카페인수화물/[M241017]무수물카페인/[M040616]말레인산클로르페니라민/[M050213]말레인산덱스클로르페니라민/[M051529]클로르페니라민/[M082701]디엘말레인산클로르페니라민/[M083325]디말레인산클로르페니라민/[M099959]말레인산클로로페니라민/[M100018]말레산클로르페니라민/[M100476]디말레인산클로르페니라민/[M101581]디엘말레인산클로르페니라민/[M200471]말레인산클로르페니라민제피과립/[M202197]D-말레인산클로르페니라민/[M202204]DL-말레인산클로르페니라민/[M203913]클로르페니라민말레인산염/[M212847]클로르페니라민말레이트/[M223211]클로르페니라민말레산염/[M223212]d-클로르페니라민말레산염/[M223213]클로르페니라민말레산염 산/[M223214]클로르페니라민말레산염 정/[M223215]클로르페니라민말레산염 주사액/[M226783]dl-클로르페니라민말레산염/[M249715]덱스클로르페니라민 말레산염/[M251936]덱스클로르페니라민말레이트/[M051546]염산클로페라스틴/[M051547]펜디조산클로페라스틴/[M222890]클로페라스틴염산염/[M223258]티아민염산염/[M223262]티아민질산염/[M243282]티아민질산염3배산","[01140]해열.진통.소염제","","4,000밀리그램",20180831,"아세트아미노펜으로서 4,000mg/day(모든제형, 단일제.복합제 포함)","","정상"
3858,"용량주의","복합",D000147,Acetaminophen,"아세트아미노펜","[D001093]Galgeun-tang(갈근탕)/[D000493]Guaifenesin(구아이페네신)/[D000200]Dextromethorphan(덱스트로메토르판)/[D001101]Riboflavin(리보플라빈)/[D000448]Pseudoephedrine(슈도에페드린)/[D001106]Ascorbic acid(아스코르브산)/[D000893]Chlorpheniramine(클로르페니라민)/[D000998]Thiamine(티아민)","[M040353]아세트아미노펜/[M082309]아세트아미노펜제피세립/[M233006]아세트아미노펜 DC 500/600/[M246556]아세트아미노펜 (미분화)/[M262287]아세트아미노펜 과립/[C084556]갈근탕엑스/[C085494]갈근탕엑스분말/[C085503]갈근탕건조엑스/[C086018]갈근탕연조엑스/[C090838]갈근탕엑스과립/[C096410]갈근탕엑스정건조엑스/[C096710]갈근탕건조엑스[10→1]/[C100973]갈근탕엑스(10→1)/[M084556]갈근탕엑스/[M085494]갈근탕엑스분말/[M085503]갈근탕건조엑스/[M086018]갈근탕연조엑스/[M096410]갈근탕엑스정건조엑스/[M096710]갈근탕건조엑스[10→1]/[M100973]갈근탕엑스(10→1)/[M103265]갈근탕엑스말(10→1)/[M103916]갈근탕연조엑스(4.32→1)/[M104358]갈근탕엑스말/[M104683]갈근탕건조엑스(6.80→1)/[M104753]갈근탕연조엑스(3.4→1)/[M105329]갈근탕수침건조엑기스/[M105588]갈근탕건조엑스(5.78→1)/[M105816]갈근탕엑스분말(6→1)/[M105833]갈근탕연조엑스(4.17→1)/[M200049]갈근탕엑스가루/[M214453]갈근탕 연조엑스(4→1)/[M217483]갈근탕연조엑스(3->1)/[M229053]갈근탕 연조엑스(3.33→1)/[M250041]갈근탕엑스(5.81:1)/[M252043]갈근탕연조엑스[2.78→1]/[M252386]갈근탕연조엑스
(3.33→1)/[M259853]갈근탕건조엑스(6.31:1)/[M260768]갈근탕연조엑스(3.08→1)/[M261860]갈근탕건조엑스(5.6→1)/[M267754]갈근탕건조엑스(4→1)/[M050058]구아이페네신/[M040084]브롬화수소산덱스트로메토르판/[M202983]덱스트로메토르판브롬화수소산염/[M222957]덱스트로메토르판브롬화수소산염수화물/[C040133]리보플라빈/[C040512]인산리보플라빈나트륨/[C050367]테트라부티르산리보플라빈/[C050368]인산리보플라빈/[C050369]리보플라빈-5-인산나트륨/[C081186]리보플라빈33 1/3%/[C082711]리보플라빈낙산에스텔/[C082719]리보플라빈331/3%산/[C083052]리보플라빈98%DC/[C083101]낙산리보플라빈/[C083163]리보플라빈98%/[C083404]리보플라빈33 1/3%과립/[C084424]염산리보플라빈나트륨/[C085688]직탁용리보플라빈98%/[C089984]리보플라빈인산나트륨/[C090982]리보플라빈산나트륨/[C091022]리보플라빈98%과립/[C091383]리보플라빈25%과립/[C092484]부티르산리보플라빈/[C100456]리보플라빈3배산/[C100480]인산리보플라빈나트륨이수화물/[C101969]리보플라빈E101/[C202525]리보플라빈/[C401176]리보플라빈/[C407713]소듐리보플라빈포스페이트/[C409503]리보플라빈테트라부티레이트/[C422825]리보플라빈/[C422826]리보플라빈테트라부티레이트/[C422827]리보플라빈테트라아세테이트/[C425375]소듐리보플라빈포스페이트/[I003529]리보플라빈/[I003530]리보플라빈포스페이트나트륨/[I006525]리보플라빈부티레이트/[I007430]인산리보플라빈/[I007658]인산리보플라빈나트륨이수화물/[I007907]리보플라빈산나트륨/[M040133]리보플라빈/[M040512]인산리보플라빈나트륨/[M050367]테트라부티르산리보플라빈/[M050368]인산리보플라빈/[M050369]리보플라빈-5-인산나트륨/[M081186]리보플라빈33 1/3%/[M082711]리보플라빈낙산에스텔/[M082719]리보플라빈33 1/3%산/[M083052]리보플라빈98%DC/[M083101]낙산리보플라빈/[M083163]리보플라빈98%/[M083404]리보플라빈33 1/3%과립/[M085688]직탁용리보플라빈98%/[M090982]리보플라빈산나트륨/[M091022]리보플라빈98%과립/[M091383]리보플라빈25%과립/[M092484]부티르산리보플라빈/[M100456]리보플라빈3배산/[M100480]인산리보플라빈나트륨이수화물/[M101969]리보플라빈E101/[M200421]리보플라빈33ㆍ3%/[M200422]리보플라빈33ㆍ3%과립/[M200423]리보플라빈33ㆍ3%산/[M203723]인산리보플라빈소듐/[M206124]조리보플라빈/[M216041]리보플라빈3배산(리보플라빈으로서 5밀리그램)/[M216399]리보플라빈 3배산(리보플라빈으로서 0.84밀리그램)/[M217503]리보플라빈인산에스텔나트륨/[M218021]안산리보플라빈나트륨/[M222995]리보플라빈부티레이트/[M222996]리보플라빈포스페이트나트륨/[M222997]리보플라빈포스페이트나트륨 주사액/[M232651]제피리보플라빈/[M249967]리보플라빈부틸레이트/[M249982]리보플라빈나트륨포스페이트/[M050833]염산슈도에페드린/[M081720]황산슈도에페드린/[M203364]슈도에페드린염산염/[M222865]수도에페드린염산염/[M248579]수도에페드린황산염/[M256034]수도에페드린염산염 과립/[M258826]수도에페드린/[C040354]아스코르빈산/[C050961]아스코르빈산철/[C080210]아스코르빈산나트륨/[C081017]아스코르빈산90%과립/[C081495]아스코르빈산펠렛/[C081615]아스코르빈산 제피과립/[C081679]아스코르빈산60%/[C081772]제피아스코르빈산TYPE-SC/[C081998]아스코르빈팔미틴산/[C082617]아스코르빈산제피산/[C082841]아스코르빈산98%과립/[C082845]제피형아스코르빈산96%/[C082850]직탁용아스코르빈산/[C082857]제피아스코르빈산/[C083022]아스코르빈산96%과립/[C083040]아스코르빈산97%과립/[C083727]아스코르빈산제피산98%DC/[C083984]아스코르빈산칼슘/[C084311]엘-아스코르빈산나트륨/[C084327]아스코르빈산과립/[C084388]아스코르빈산나트륨99%/[C084419]아스코르빈산98%/[C084433]아스코르빈산97ㆍ5%과립/[C084448]아스코르빈산97%/[C084495]아스코르빈산칼슘97%과립/[C084658]아스코르빈산96%/[C084927]제피형아스코르빈산96%Type SC/[C085686]직탁용아스코르빈산98%/[C085785]아스코르빈산스테아레이트/[C086801]제피아스코르빈산97ㆍ5%/[C087036]코팅된아스코르빈산/[C088252]아스코르빈산제제/[C089177]아스코르빈산96%SC/[C090019]90%아스코르빈산/[C091430]아스코르빈산유캡/[C094260]95%아스코르빈산/[C094676]3-O-에칠아스코르빈산/[C095118]제피아스코르빈산96%/[C095392]아스코르빌팔미테이트/[C095412]제피아스코르빈사96% Type SC/[C095426]제피아스코르빈산96%가루/[C095604]아스코르빈산90%/[C099084]아스코르빈산팔미테이트/[C099734]아스코르브산90%과립/[C099910]직타용아스코르빈산/[C100271]팔미틴산아스코르빈산/[C100420]엘-아스코르빈산/[C101135]90%아스코르빈산과립/[C102189]아스코르빅애씨드/[C312780]소듐아스코르베이트/[C312824]아스코르빌 테트라이소팔미테이트/[C317903]글루코사민아스코르베이트/[C318482]칼슘 아스코르베이트/[C320842]아스코르빅애씨드/[C400592]아스코르빌니코티네이트/[I000229]아스코르빈산칼슘/[I001468]아스코르빈산제일철/[I001971]마그네슘아스코르베이트/[I003752]아스코르빈산나트륨/[I004351]아스코르브산/[M040354]아스코르빈산/[M050961]아스코르빈산철/[M080210]아스코르빈산나트륨/[M081017]아스코르빈산90%과립/[M081495]아스코르빈산펠렛/[M081615]아스코르빈산제피과립/[M081679]아스코르빈산60%/[M081772]제피아스코르빈산TYPE-SC/[M081998]아스코르빈팔미틴산/[M082617]아스코르빈산제피산/[M082841]아스코르빈산98%과립/[M082845]제피아스코르빈산96%/[M082850]직타용아스코르빈산/[M082857]제피아스코르빈산/[M083022]아스코르빈산96%과립/[M083040]아스코르빈산97%과립/[M083727]아스코르빈산제피산98%DC/[M083960]제피아스코르빈산TYPE-SC/[M083984]아스코르빈산칼슘/[M084311]엘아스코르빈산나트륨/[M084327]아스코르빈산과립/[M084388]아스코르빈산나트륨99%/[M084419]아스코르빈산98%/[M084433]아스코르빈산97ㆍ5%과립/[M084448]아스코르빈산97%/[M084495]아스코르빈산칼슘97%과립/[M084658]아스코르빈산96%/[M084927]제피아스코르빈산96%Type SC/[M085686]직타용아스코르빈산98%/[M087036]제피아스코르빈산/[M088252]아스코르빈산/[M089177]아스코르빈산96%SC/[M090019]아스코르빈산90%/[M091430]아스코르빈산유캡/[M094260]아스코르빈산95%/[M095392]아스코르빌팔미테이트/[M095426]제피아스코르빈산96%가루/[M095604]아스코르빈산90%/[M099084]아스코르빈산팔미테이트/[M100271]팔미틴산아스코르빈산/[M100420]엘-아스코르빈산/[M103048]제피형아스코르빈산96%TypeSC/[M103617]팔미틴산아스코르빌/[M104937]아스코르빈산97%분말/[M105763]아스코르빈산제제/[M107308]제피아스코르빈산97.0%가루/[M107594]소듐엘아스코르베이트/[M201112]아스코르빈산제일철/[M201618]제피아스코르빈사96%TypeSC/[M201620]제피아스코르빈산가루/[M201622]제피아스코르빈산TYPEB/[M203450]아스코르브산/[M203451]아스코르브산소듐/[M203452]아스코르빈산소듐/[M207370]팔미틴산아스코르브산/[M207385]아스코르빈산 97(아스코르빈산으로서 600mg)/[M207533]아스코르빈산 97(아스코르빈산으로서 600㎎)/[M209224]직타용아스코르빈산97%/[M210040]제피아스코르빈산97%과립/[M210875]소듐L-아스코르베이트/[M211316]아스코르빈산 산/[M211364]제피형아스코르빈산96%/[M211402]직타용아스코르빈산 90%/[M212742]아스코르빈산과립 97%(아스코르빈산으로서 83.3밀리그램)/[M214926]제피아스코르빈산 Type SC/[M215692]아스코르빈산(비타민C)/[M216038]아스코르빈산과립97%(아스코르빈산으로서 75밀리그램)/[M216398]아스코르빈산과립97%(아스코르빈산으로서 83.34밀리그램)/[M220142]직타용아스코르빈산(97%)/[M220180]아스코르빈산 97/[M223105]아스코르브산 산/[M223106]아스코르브산 정/[M223107]아스코르브산 주사액/[M224238]아스코르브산97/[M225398]아스코르빈산 Type FC/[M226183]아스코르빈산과립97%/[M227509]아스코르브산97%과립/[M229451]아스코르빈산 90%과립/[M229497]제피아스코르빈산 96% Type SC/[M234001]아스코르브산과립97%/[M236177]아스코르브산 90%과립/[M236913]제피아스코르브산/[M236926]직타용아스코르브산/[M239246]L-아스코르빈산/[M239251]L-아스코르빈산나트륨/[M239556]제피아스코르브산96% Type SC/[M241223]아스코르브산90%과립/[M242242]제피아스코르빈산*/[M243471]엘-아스코르빈산나트륨/[M243491]아스코르브산 97/[M244591]엘-아스코르빈산나트륨/[M244678]아스코르브산 97/[M245849]제피아스코르브산에스씨/[M245878]아스코르브산팔미테이트/[M246161]직타용아스코르브산97%/[M246638]아스코르브산97%/[M246709]아스코르브산나트륨/[M246900]90%아스코르브산/[M248326]아스코르빌나트륨포스페이트/[M249820]아스코르브산96%과립/[M250406]아스코르브산과립/[M250800]제피아스코르브산 TYPE-SC/[M251500]제피아스코르브산96%가루/[M252473]아스코르브산칼슘/[M252874]아스코르브산나트륨/[M252882]L-아스코르브산/[M253028]아스코르브산칼슘수화물/[M254082]제피아스코르브산 Type SC/[M254227]제피형아스코르브산96%TypeSC/[M254749]아스코르브산95%과립/[M254848]90%아스코르브산과립/[M256156]아스코르브산과립96%/[M257558]제피아스코르브산96%/[M257734]아스코르브산 과립90%/[M258008]아스코르브산칼슘이수화물/[M258592]작타용아스코르브산 97 %/[M258994]아스코르브산/[M259386]L-아스코르브산나트륨/[M259573]L-아스코르브산/[M261728]아스코르브산97%(직타용)/[M263901]제피아스코르브산97%가루/[M264037]90%아스코르빈산/[M265896]제피아스코르브산97.5%가루/[M040616]말레인산클로르페니라민/[M050213]말레인산덱스클로르페니라민/[M051529]클로르페니라민/[M082701]디엘말레인산클로르페니라민/[M083325]디말레인산클로르페니라민/[M099959]말레인산클로로페니라민/[M100018]말레산클로르페니라민/[M100476]디말레인산클로르페니라민/[M101581]디엘말레인산클로르페니라민/[M200471]말레인산클로르페니라민제피과립/[M202197]D-말레인산클로르페니라민/[M202204]DL-말레인산클로르페니라민/[M203913]클로르페니라민말레인산염/[M212847]클로르페니라민말레이트/[M223211]클로르페니라민말레산염/[M223212]d-클로르페니라민말레산염/[M223213]클로르페니라민말레산염 산/[M223214]클로르페니라민말레산염 정/[M223215]클로르페니라민말레산염 주사액/[M226783]dl-클로르페니라민말레산염/[M249715]덱스클로르페니라민 말레산염/[M251936]덱스클로르페니라민말레이트/[M223258]티아민염산염/[M223262]티아민질산염/[M243282]티아민질산염3배산","[01140]해열.진통.소염제","","4,000밀리그램",20180831,"아세트아미노펜으로서 4,000mg/day(모든제형, 단일제.복합제 포함)","","정상"
3698,"용량주의","복합",D000147,Acetaminophen,"아세트아미노펜","[D001113]Magnesium Aluminometasilicate(메타규산알루민산마그네슘)/[D000847]Ethenzamide(에텐자미드)/[D000852]Caffeine(카페인)","[M040353]아세트아미노펜/[M082309]아세트아미노펜제피세립/[M233006]아세트아미노펜 DC 500/600/[M246556]아세트아미노펜 (미분화)/[M262287]아세트아미노펜 과립/[C050448]메타규산알루민산마그네슘/[I004147]메타규산알루민산마그네슘/[M050448]메타규산알루민산마그네슘/[M207093]메타규산알루민산마그네슘 (건조물로서)/[M257256]메타규산알루민산마그네슘건조물/[M040417]에텐자미드/[M095771]에덴자미드/[M040579]카페인(함수)/[M040580]무수카페인/[M090611]카페인/[M223183]카페인무수물/[M223184]카페인수화물/[M241017]무수물카페인","[01140]해열.진통.소염제","","4,000밀리그램",20180831,"아세트아미노펜으로서 4,000mg/day(모든제형, 단일제.복합제 포함)","","정상"
3699,"용량주의","복합",D000147,Acetaminophen,"아세트아미노펜","[D001116]Methylephedrine(메틸에페드린)/[D001103]Salicylamide(살리실아미드)/[D000893]Chlorpheniramine(클로르페니라민)","[M040353]아세트아미노펜/[M082309]아세트아미노펜제피세립/[M233006]아세트아미노펜 DC 500/600/[M246556]아세트아미노펜 (미분화)/[M262287]아세트아미노펜 과립/[A006116]메틸에페드린/[I006391]dl-메틸에페드린염산염/[M204422]dl-메틸에페드린염산염/[M223022]dl-메틸에페드린염산염 산 10%/[M235519]디엘메틸에페드린염산염/[M240608]dI-메틸에페드린염산염/[M240859]디엘-메틸에페드린염산염/[M252389]㎗-메틸에페드린염산염/[M264046]DL-메틸에페드린염산염/[C040269]살리실아미드/[I003625]살리실아미드/[M040269]살리실아미드/[M040616]말레인산클로르페니라민/[M050213]말레인산덱스클로르페니라민/[M051529]클로르페니라민/[M082701]디엘말레인산클로르페니라민/[M083325]디말레인산클로르페니라민/[M099959]말레인산클로로페니라민/[M100018]말레산클로르페니라민/[M100476]디말레인산클로르페니라민/[M101581]디엘말레인산클로르페니라민/[M200471]말레인산클로르페니라민제피과립/[M202197]D-말레인산클로르페니라민/[M202204]DL-말레인산클로르페니라민/[M203913]클로르페니라민말레인산염/[M212847]클로르페니라민말레이트/[M223211]클로르페니라민말레산염/[M223212]d-클로르페니라민말레산염/[M223213]클로르페니라민말레산염 산/[M223214]클로르페니라민말레산염 정/[M223215]클로르페니라민말레산염 주사액/[M226783]dl-클로르페니라민말레산염/[M249715]덱스클로르페니라민 말레산염/[M251936]덱스클로르페니라민말레이트","[01140]해열.진통.소염제","","4,000밀리그램",20180831,"아세트아미노펜으로서 4,000mg/day(모든제형, 단일제.복합제 포함)","","정상"
3700,"용량주의","복합",D000147,Acetaminophen,"아세트아미노펜","[D001116]Methylephedrine(메틸에페드린)/[D000448]Pseudoephedrine(슈도에페드린)/[D000893]Chlorpheniramine(클로르페니라민)","[M040353]아세트아미노펜/[M082309]아세트아미노펜제피세립/[M233006]아세트아미노펜 DC 500/600/[M246556]아세트아미노펜 (미분화)/[M262287]아세트아미노펜 과립/[A006116]메틸에페드린/[I006391]dl-메틸에페드린염산염/[M204422]dl-메틸에페드린염산염/[M223022]dl-메틸에페드린염산염 산 10%/[M235519]디엘메틸에페드린염산염/[M240608]dI-메틸에페드린염산염/[M240859]디엘-메틸에페드린염산염/[M252389]㎗-메틸에페드린염산염/[M264046]DL-메틸에페드린염산염/[M050833]염산슈도에페드린/[M081720]황산슈도에페드린/[M203364]슈도에페드린염산염/[M222865]수도에페드린염산염/[M248579]수도에페드린황산염/[M256034]수도에페드린염산염 과립/[M258826]수도에페드린/[M040616]말레인산클로르페니라민/[M050213]말레인산덱스클로르페니라민/[M051529]클로르페니라민/[M082701]디엘말레인산클로르페니라민/[M083325]디말레인산클로르페니라민/[M099959]말레인산클로로페니라민/[M100018]말레산클로르페니라민/[M100476]디말레인산클로르페니라민/[M101581]디엘말레인산클로르페니라민/[M200471]말레인산클로르페니라민제피과립/[M202197]D-말레인산클로르페니라민/[M202204]DL-말레인산클로르페니라민/[M203913]클로르페니라민말레인산염/[M212847]클로르페니라민말레이트/[M223211]클로르페니라민말레산염/[M223212]d-클로르페니라민말레산염/[M223213]클로르페니라민말레산염 산/[M223214]클로르페니라민말레산염 정/[M223215]클로르페니라민말레산염 주사액/[M226783]dl-클로르페니라민말레산염/[M249715]덱스클로르페니라민 말레산염/[M251936]덱스클로르페니라민말레이트","[01140]해열.진통.소염제","","4,000밀리그램",20180831,"아세트아미노펜으로서 4,000mg/day(모든제형, 단일제.복합제 포함)","","정상"
3859,"용량주의","복합",D000147,Acetaminophen,"아세트아미노펜","[D001093]Galgeun-tang(갈근탕)/[D000493]Guaifenesin(구아이페네신)/[D001101]Riboflavin(리보플라빈)/[D001106]Ascorbic acid(아스코르브산)/[D000852]Caffeine(카페인)/[D000893]Chlorpheniramine(클로르페니라민)/[D000981]Cloperastine(클로페라스틴)/[D000998]Thiamine(티아민)","[M040353]아세트아미노펜/[M082309]아세트아미노펜제피세립/[M233006]아세트아미노펜 DC 500/600/[M246556]아세트아미노펜 (미분화)/[M262287]아세트아미노펜 과립/[C084556]갈근탕엑스/[C085494]갈근탕엑스분말/[C085503]갈근탕건조엑스/[C086018]갈근탕연조엑스/[C090838]갈근탕엑스과립/[C096410]갈근탕엑스정건조엑스/[C096710]갈근탕건조엑스[10→1]/[C100973]갈근탕엑스(10→1)/[M084556]갈근탕엑스/[M085494]갈근탕엑스분말/[M085503]갈근탕건조엑스/[M086018]갈근탕연조엑스/[M096410]갈근탕엑스정건조엑스/[M096710]갈근탕건조엑스[10→1]/[M100973]갈근탕엑스(10→1)/[M103265]갈근탕엑스말(10→1)/[M103916]갈근탕연조엑스(4.32→1)/[M104358]갈근탕엑스말/[M104683]갈근탕건조엑스(6.80→1)/[M104753]갈근탕연조엑스(3.4→1)/[M105329]갈근탕수침건조엑기스/[M105588]갈근탕건조엑스(5.78→1)/[M105816]갈근탕엑스분말(6→1)/[M105833]갈근탕연조엑스(4.17→1)/[M200049]갈근탕엑스가루/[M214453]갈근탕 연조엑스(4→1)/[M217483]갈근탕연조엑스(3->1)/[M229053]갈근탕 연조엑스(3.33→1)/[M250041]갈근탕엑스(5.81:1)/[M252043]갈근탕연조엑스[2.78→1]/[M252386]갈근탕연조엑스
(3.33→1)/[M259853]갈근탕건조엑스(6.31:1)/[M260768]갈근탕연조엑스(3.08→1)/[M261860]갈근탕건조엑스(5.6→1)/[M267754]갈근탕건조엑스(4→1)/[M050058]구아이페네신/[C040133]리보플라빈/[C040512]인산리보플라빈나트륨/[C050367]테트라부티르산리보플라빈/[C050368]인산리보플라빈/[C050369]리보플라빈-5-인산나트륨/[C081186]리보플라빈33 1/3%/[C082711]리보플라빈낙산에스텔/[C082719]리보플라빈331/3%산/[C083052]리보플라빈98%DC/[C083101]낙산리보플라빈/[C083163]리보플라빈98%/[C083404]리보플라빈33 1/3%과립/[C084424]염산리보플라빈나트륨/[C085688]직탁용리보플라빈98%/[C089984]리보플라빈인산나트륨/[C090982]리보플라빈산나트륨/[C091022]리보플라빈98%과립/[C091383]리보플라빈25%과립/[C092484]부티르산리보플라빈/[C100456]리보플라빈3배산/[C100480]인산리보플라빈나트륨이수화물/[C101969]리보플라빈E101/[C202525]리보플라빈/[C401176]리보플라빈/[C407713]소듐리보플라빈포스페이트/[C409503]리보플라빈테트라부티레이트/[C422825]리보플라빈/[C422826]리보플라빈테트라부티레이트/[C422827]리보플라빈테트라아세테이트/[C425375]소듐리보플라빈포스페이트/[I003529]리보플라빈/[I003530]리보플라빈포스페이트나트륨/[I006525]리보플라빈부티레이트/[I007430]인산리보플라빈/[I007658]인산리보플라빈나트륨이수화물/[I007907]리보플라빈산나트륨/[M040133]리보플라빈/[M040512]인산리보플라빈나트륨/[M050367]테트라부티르산리보플라빈/[M050368]인산리보플라빈/[M050369]리보플라빈-5-인산나트륨/[M081186]리보플라빈33 1/3%/[M082711]리보플라빈낙산에스텔/[M082719]리보플라빈33 1/3%산/[M083052]리보플라빈98%DC/[M083101]낙산리보플라빈/[M083163]리보플라빈98%/[M083404]리보플라빈33 1/3%과립/[M085688]직탁용리보플라빈98%/[M090982]리보플라빈산나트륨/[M091022]리보플라빈98%과립/[M091383]리보플라빈25%과립/[M092484]부티르산리보플라빈/[M100456]리보플라빈3배산/[M100480]인산리보플라빈나트륨이수화물/[M101969]리보플라빈E101/[M200421]리보플라빈33ㆍ3%/[M200422]리보플라빈33ㆍ3%과립/[M200423]리보플라빈33ㆍ3%산/[M203723]인산리보플라빈소듐/[M206124]조리보플라빈/[M216041]리보플라빈3배산(리보플라빈으로서 5밀리그램)/[M216399]리보플라빈 3배산(리보플라빈으로서 0.84밀리그램)/[M217503]리보플라빈인산에스텔나트륨/[M218021]안산리보플라빈나트륨/[M222995]리보플라빈부티레이트/[M222996]리보플라빈포스페이트나트륨/[M222997]리보플라빈포스페이트나트륨 주사액/[M232651]제피리보플라빈/[M249967]리보플라빈부틸레이트/[M249982]리보플라빈나트륨포스페이트/[C040354]아스코르빈산/[C050961]아스코르빈산철/[C080210]아스코르빈산나트륨/[C081017]아스코르빈산90%과립/[C081495]아스코르빈산펠렛/[C081615]아스코르빈산 제피과립/[C081679]아스코르빈산60%/[C081772]제피아스코르빈산TYPE-SC/[C081998]아스코르빈팔미틴산/[C082617]아스코르빈산제피산/[C082841]아스코르빈산98%과립/[C082845]제피형아스코르빈산96%/[C082850]직탁용아스코르빈산/[C082857]제피아스코르빈산/[C083022]아스코르빈산96%과립/[C083040]아스코르빈산97%과립/[C083727]아스코르빈산제피산98%DC/[C083984]아스코르빈산칼슘/[C084311]엘-아스코르빈산나트륨/[C084327]아스코르빈산과립/[C084388]아스코르빈산나트륨99%/[C084419]아스코르빈산98%/[C084433]아스코르빈산97ㆍ5%과립/[C084448]아스코르빈산97%/[C084495]아스코르빈산칼슘97%과립/[C084658]아스코르빈산96%/[C084927]제피형아스코르빈산96%Type SC/[C085686]직탁용아스코르빈산98%/[C085785]아스코르빈산스테아레이트/[C086801]제피아스코르빈산97ㆍ5%/[C087036]코팅된아스코르빈산/[C088252]아스코르빈산제제/[C089177]아스코르빈산96%SC/[C090019]90%아스코르빈산/[C091430]아스코르빈산유캡/[C094260]95%아스코르빈산/[C094676]3-O-에칠아스코르빈산/[C095118]제피아스코르빈산96%/[C095392]아스코르빌팔미테이트/[C095412]제피아스코르빈사96% Type SC/[C095426]제피아스코르빈산96%가루/[C095604]아스코르빈산90%/[C099084]아스코르빈산팔미테이트/[C099734]아스코르브산90%과립/[C099910]직타용아스코르빈산/[C100271]팔미틴산아스코르빈산/[C100420]엘-아스코르빈산/[C101135]90%아스코르빈산과립/[C102189]아스코르빅애씨드/[C312780]소듐아스코르베이트/[C312824]아스코르빌 테트라이소팔미테이트/[C317903]글루코사민아스코르베이트/[C318482]칼슘 아스코르베이트/[C320842]아스코르빅애씨드/[C400592]아스코르빌니코티네이트/[I000229]아스코르빈산칼슘/[I001468]아스코르빈산제일철/[I001971]마그네슘아스코르베이트/[I003752]아스코르빈산나트륨/[I004351]아스코르브산/[M040354]아스코르빈산/[M050961]아스코르빈산철/[M080210]아스코르빈산나트륨/[M081017]아스코르빈산90%과립/[M081495]아스코르빈산펠렛/[M081615]아스코르빈산제피과립/[M081679]아스코르빈산60%/[M081772]제피아스코르빈산TYPE-SC/[M081998]아스코르빈팔미틴산/[M082617]아스코르빈산제피산/[M082841]아스코르빈산98%과립/[M082845]제피아스코르빈산96%/[M082850]직타용아스코르빈산/[M082857]제피아스코르빈산/[M083022]아스코르빈산96%과립/[M083040]아스코르빈산97%과립/[M083727]아스코르빈산제피산98%DC/[M083960]제피아스코르빈산TYPE-SC/[M083984]아스코르빈산칼슘/[M084311]엘아스코르빈산나트륨/[M084327]아스코르빈산과립/[M084388]아스코르빈산나트륨99%/[M084419]아스코르빈산98%/[M084433]아스코르빈산97ㆍ5%과립/[M084448]아스코르빈산97%/[M084495]아스코르빈산칼슘97%과립/[M084658]아스코르빈산96%/[M084927]제피아스코르빈산96%Type SC/[M085686]직타용아스코르빈산98%/[M087036]제피아스코르빈산/[M088252]아스코르빈산/[M089177]아스코르빈산96%SC/[M090019]아스코르빈산90%/[M091430]아스코르빈산유캡/[M094260]아스코르빈산95%/[M095392]아스코르빌팔미테이트/[M095426]제피아스코르빈산96%가루/[M095604]아스코르빈산90%/[M099084]아스코르빈산팔미테이트/[M100271]팔미틴산아스코르빈산/[M100420]엘-아스코르빈산/[M103048]제피형아스코르빈산96%TypeSC/[M103617]팔미틴산아스코르빌/[M104937]아스코르빈산97%분말/[M105763]아스코르빈산제제/[M107308]제피아스코르빈산97.0%가루/[M107594]소듐엘아스코르베이트/[M201112]아스코르빈산제일철/[M201618]제피아스코르빈사96%TypeSC/[M201620]제피아스코르빈산가루/[M201622]제피아스코르빈산TYPEB/[M203450]아스코르브산/[M203451]아스코르브산소듐/[M203452]아스코르빈산소듐/[M207370]팔미틴산아스코르브산/[M207385]아스코르빈산 97(아스코르빈산으로서 600mg)/[M207533]아스코르빈산 97(아스코르빈산으로서 600㎎)/[M209224]직타용아스코르빈산97%/[M210040]제피아스코르빈산97%과립/[M210875]소듐L-아스코르베이트/[M211316]아스코르빈산 산/[M211364]제피형아스코르빈산96%/[M211402]직타용아스코르빈산 90%/[M212742]아스코르빈산과립 97%(아스코르빈산으로서 83.3밀리그램)/[M214926]제피아스코르빈산 Type SC/[M215692]아스코르빈산(비타민C)/[M216038]아스코르빈산과립97%(아스코르빈산으로서 75밀리그램)/[M216398]아스코르빈산과립97%(아스코르빈산으로서 83.34밀리그램)/[M220142]직타용아스코르빈산(97%)/[M220180]아스코르빈산 97/[M223105]아스코르브산 산/[M223106]아스코르브산 정/[M223107]아스코르브산 주사액/[M224238]아스코르브산97/[M225398]아스코르빈산 Type FC/[M226183]아스코르빈산과립97%/[M227509]아스코르브산97%과립/[M229451]아스코르빈산 90%과립/[M229497]제피아스코르빈산 96% Type SC/[M234001]아스코르브산과립97%/[M236177]아스코르브산 90%과립/[M236913]제피아스코르브산/[M236926]직타용아스코르브산/[M239246]L-아스코르빈산/[M239251]L-아스코르빈산나트륨/[M239556]제피아스코르브산96% Type SC/[M241223]아스코르브산90%과립/[M242242]제피아스코르빈산*/[M243471]엘-아스코르빈산나트륨/[M243491]아스코르브산 97/[M244591]엘-아스코르빈산나트륨/[M244678]아스코르브산 97/[M245849]제피아스코르브산에스씨/[M245878]아스코르브산팔미테이트/[M246161]직타용아스코르브산97%/[M246638]아스코르브산97%/[M246709]아스코르브산나트륨/[M246900]90%아스코르브산/[M248326]아스코르빌나트륨포스페이트/[M249820]아스코르브산96%과립/[M250406]아스코르브산과립/[M250800]제피아스코르브산 TYPE-SC/[M251500]제피아스코르브산96%가루/[M252473]아스코르브산칼슘/[M252874]아스코르브산나트륨/[M252882]L-아스코르브산/[M253028]아스코르브산칼슘수화물/[M254082]제피아스코르브산 Type SC/[M254227]제피형아스코르브산96%TypeSC/[M254749]아스코르브산95%과립/[M254848]90%아스코르브산과립/[M256156]아스코르브산과립96%/[M257558]제피아스코르브산96%/[M257734]아스코르브산 과립90%/[M258008]아스코르브산칼슘이수화물/[M258592]작타용아스코르브산 97 %/[M258994]아스코르브산/[M259386]L-아스코르브산나트륨/[M259573]L-아스코르브산/[M261728]아스코르브산97%(직타용)/[M263901]제피아스코르브산97%가루/[M264037]90%아스코르빈산/[M265896]제피아스코르브산97.5%가루/[M040579]카페인(함수)/[M040580]무수카페인/[M090611]카페인/[M223183]카페인무수물/[M223184]카페인수화물/[M241017]무수물카페인/[M040616]말레인산클로르페니라민/[M050213]말레인산덱스클로르페니라민/[M051529]클로르페니라민/[M082701]디엘말레인산클로르페니라민/[M083325]디말레인산클로르페니라민/[M099959]말레인산클로로페니라민/[M100018]말레산클로르페니라민/[M100476]디말레인산클로르페니라민/[M101581]디엘말레인산클로르페니라민/[M200471]말레인산클로르페니라민제피과립/[M202197]D-말레인산클로르페니라민/[M202204]DL-말레인산클로르페니라민/[M203913]클로르페니라민말레인산염/[M212847]클로르페니라민말레이트/[M223211]클로르페니라민말레산염/[M223212]d-클로르페니라민말레산염/[M223213]클로르페니라민말레산염 산/[M223214]클로르페니라민말레산염 정/[M223215]클로르페니라민말레산염 주사액/[M226783]dl-클로르페니라민말레산염/[M249715]덱스클로르페니라민 말레산염/[M251936]덱스클로르페니라민말레이트/[M051546]염산클로페라스틴/[M051547]펜디조산클로페라스틴/[M222890]클로페라스틴염산염/[M223258]티아민염산염/[M223262]티아민질산염/[M243282]티아민질산염3배산","[01140]해열.진통.소염제","","4,000밀리그램",20180831,"아세트아미노펜으로서 4,000mg/day(모든제형, 단일제.복합제 포함)","","정상"
3863,"용량주의","복합",D000147,Acetaminophen,"아세트아미노펜","[D001109]Potassium Guaiacolsulfonate(구아야콜설폰산칼륨)/[D001125]Platycodonis Radix(길경)/[D001098]Noscapine(노스카핀)/[D001101]Riboflavin(리보플라빈)/[D001116]Methylephedrine(메틸에페드린)/[D001106]Ascorbic acid(아스코르브산)/[D000981]Cloperastine(클로페라스틴)/[D000998]Thiamine(티아민)","[M040353]아세트아미노펜/[M082309]아세트아미노펜제피세립/[M233006]아세트아미노펜 DC 500/600/[M246556]아세트아미노펜 (미분화)/[M262287]아세트아미노펜 과립/[C050059]구아야콜설폰산칼륨/[I005220]구아야콜설폰산칼륨/[M050059]구아야콜설폰산칼륨/[M251709]구아야콜설폰산칼륨(무수물로서 45밀리그램)/[M263120]구아야콜설폰산칼륨수화물/[C040048]길경/[C070085]길경추출액/[C070086]길경유동엑스/[C082634]길경가루/[C082657]길경건조엑스/[C082674]길경엑스/[C082950]길경건조엑스말/[C083122]길경33ㆍ3%에탄올엑스/[C084557]길경45%에탄올엑스가루/[C084832]길경엑스산/[C086044]길경연조엑스/[C086047]길경근/[C095008]길경30%에탄올연조엑스/[C100979]길경50%에탄올건조엑스(10->1)/[C101406]길경엑스산(10→1)/[C403069]길경추출물/[I006474]길경/[M040048]길경/[M070085]길경추출액/[M070086]길경유동엑스/[M082634]길경가루/[M082657]길경건조엑스/[M082674]길경엑스/[M082950]길경건조엑스말/[M083122]길경33ㆍ3%에탄올엑스/[M084557]길경45%에탄올엑스가루/[M084832]길경엑스산/[M086044]길경연조엑스/[M095008]길경30%에탄올연조엑스/[M100979]길경50%에탄올건조엑스(10->1)/[M101406]길경엑스산(10→1)/[M103013]길경엑스(3ㆍ7→1)/[M103895]길경건조엑스(3.7→1)/[M104031]길경엑스(4→1)/[M104077]길경엑스(10→1)/[M104359]길경건조엑스(10:1)/[M104415]길경33.3%에탄올엑스(4:1)/[M105015]길경45%에탄올엑스가루(10:1)/[M106069]길경33.3%에탄올유동엑스(4→1)/[M200164]길경건조엑스가루/[M200165]길경엑스가루/[M211323]길경건조엑스(10->1)/[M217082]길경엑스산(10 ->1)/[M221344]길경 30% 에탄올 유동엑스(1:1)/[M232676]길경엑스 (3.7→1)/[M238263]길경50%에탄올건조엑스(10→1)/[M242406]길경 유동엑스/[M243217]길경탕연조엑스/[M250128]길경농축엑기스/[M251012]길경33.3%에탄올유동엑스(4-1)/[M258076]길경33.3%에탄올유동엑스(4->1)/[M258823]길경농축엑스/[M261226]길경연조엑스(2.3∼2.8→1)
/[M262500]길경연조엑스(2.3~2.8→1)/[M263491]길경50%에탄올엑스산(10→1)/[M263888]길경연조엑스(1.2~1.4→1)/[M263904]길경30%에탄올유동엑스(1:1)/[M264018]길경엑스산(3.7→1)/[M264375]길경연조엑스(1.8~2.2→1)/[M264641]길경연조엑스(2.6→1)/[M266592]길경연조엑스(2.3~2.9→1)/[M266996]길경연조엑스(2.2∼2.7→1)/[M267307]길경연조엑스(2.1~2.5→1)/[M268063]길경연조엑스(2.3∼2.8→1)/[M268240]길경추출분말/[C040059]노스카핀/[C040060]염산노스카핀/[I002629]노스카핀/[I002630]노스카핀캄실레이트/[I002631]노스카핀염산염수화물/[M040059]노스카핀/[M040060]염산노스카핀/[M222947]노스카핀염산염수화물/[M223470]노스카핀염산염수화물/[M245380]노스카핀염산염/[C040133]리보플라빈/[C040512]인산리보플라빈나트륨/[C050367]테트라부티르산리보플라빈/[C050368]인산리보플라빈/[C050369]리보플라빈-5-인산나트륨/[C081186]리보플라빈33 1/3%/[C082711]리보플라빈낙산에스텔/[C082719]리보플라빈331/3%산/[C083052]리보플라빈98%DC/[C083101]낙산리보플라빈/[C083163]리보플라빈98%/[C083404]리보플라빈33 1/3%과립/[C084424]염산리보플라빈나트륨/[C085688]직탁용리보플라빈98%/[C089984]리보플라빈인산나트륨/[C090982]리보플라빈산나트륨/[C091022]리보플라빈98%과립/[C091383]리보플라빈25%과립/[C092484]부티르산리보플라빈/[C100456]리보플라빈3배산/[C100480]인산리보플라빈나트륨이수화물/[C101969]리보플라빈E101/[C202525]리보플라빈/[C401176]리보플라빈/[C407713]소듐리보플라빈포스페이트/[C409503]리보플라빈테트라부티레이트/[C422825]리보플라빈/[C422826]리보플라빈테트라부티레이트/[C422827]리보플라빈테트라아세테이트/[C425375]소듐리보플라빈포스페이트/[I003529]리보플라빈/[I003530]리보플라빈포스페이트나트륨/[I006525]리보플라빈부티레이트/[I007430]인산리보플라빈/[I007658]인산리보플라빈나트륨이수화물/[I007907]리보플라빈산나트륨/[M040133]리보플라빈/[M040512]인산리보플라빈나트륨/[M050367]테트라부티르산리보플라빈/[M050368]인산리보플라빈/[M050369]리보플라빈-5-인산나트륨/[M081186]리보플라빈33 1/3%/[M082711]리보플라빈낙산에스텔/[M082719]리보플라빈33 1/3%산/[M083052]리보플라빈98%DC/[M083101]낙산리보플라빈/[M083163]리보플라빈98%/[M083404]리보플라빈33 1/3%과립/[M085688]직탁용리보플라빈98%/[M090982]리보플라빈산나트륨/[M091022]리보플라빈98%과립/[M091383]리보플라빈25%과립/[M092484]부티르산리보플라빈/[M100456]리보플라빈3배산/[M100480]인산리보플라빈나트륨이수화물/[M101969]리보플라빈E101/[M200421]리보플라빈33ㆍ3%/[M200422]리보플라빈33ㆍ3%과립/[M200423]리보플라빈33ㆍ3%산/[M203723]인산리보플라빈소듐/[M206124]조리보플라빈/[M216041]리보플라빈3배산(리보플라빈으로서 5밀리그램)/[M216399]리보플라빈 3배산(리보플라빈으로서 0.84밀리그램)/[M217503]리보플라빈인산에스텔나트륨/[M218021]안산리보플라빈나트륨/[M222995]리보플라빈부티레이트/[M222996]리보플라빈포스페이트나트륨/[M222997]리보플라빈포스페이트나트륨 주사액/[M232651]제피리보플라빈/[M249967]리보플라빈부틸레이트/[M249982]리보플라빈나트륨포스페이트/[A006116]메틸에페드린/[I006391]dl-메틸에페드린염산염/[M204422]dl-메틸에페드린염산염/[M223022]dl-메틸에페드린염산염 산 10%/[M235519]디엘메틸에페드린염산염/[M240608]dI-메틸에페드린염산염/[M240859]디엘-메틸에페드린염산염/[M252389]㎗-메틸에페드린염산염/[M264046]DL-메틸에페드린염산염/[C040354]아스코르빈산/[C050961]아스코르빈산철/[C080210]아스코르빈산나트륨/[C081017]아스코르빈산90%과립/[C081495]아스코르빈산펠렛/[C081615]아스코르빈산 제피과립/[C081679]아스코르빈산60%/[C081772]제피아스코르빈산TYPE-SC/[C081998]아스코르빈팔미틴산/[C082617]아스코르빈산제피산/[C082841]아스코르빈산98%과립/[C082845]제피형아스코르빈산96%/[C082850]직탁용아스코르빈산/[C082857]제피아스코르빈산/[C083022]아스코르빈산96%과립/[C083040]아스코르빈산97%과립/[C083727]아스코르빈산제피산98%DC/[C083984]아스코르빈산칼슘/[C084311]엘-아스코르빈산나트륨/[C084327]아스코르빈산과립/[C084388]아스코르빈산나트륨99%/[C084419]아스코르빈산98%/[C084433]아스코르빈산97ㆍ5%과립/[C084448]아스코르빈산97%/[C084495]아스코르빈산칼슘97%과립/[C084658]아스코르빈산96%/[C084927]제피형아스코르빈산96%Type SC/[C085686]직탁용아스코르빈산98%/[C085785]아스코르빈산스테아레이트/[C086801]제피아스코르빈산97ㆍ5%/[C087036]코팅된아스코르빈산/[C088252]아스코르빈산제제/[C089177]아스코르빈산96%SC/[C090019]90%아스코르빈산/[C091430]아스코르빈산유캡/[C094260]95%아스코르빈산/[C094676]3-O-에칠아스코르빈산/[C095118]제피아스코르빈산96%/[C095392]아스코르빌팔미테이트/[C095412]제피아스코르빈사96% Type SC/[C095426]제피아스코르빈산96%가루/[C095604]아스코르빈산90%/[C099084]아스코르빈산팔미테이트/[C099734]아스코르브산90%과립/[C099910]직타용아스코르빈산/[C100271]팔미틴산아스코르빈산/[C100420]엘-아스코르빈산/[C101135]90%아스코르빈산과립/[C102189]아스코르빅애씨드/[C312780]소듐아스코르베이트/[C312824]아스코르빌 테트라이소팔미테이트/[C317903]글루코사민아스코르베이트/[C318482]칼슘 아스코르베이트/[C320842]아스코르빅애씨드/[C400592]아스코르빌니코티네이트/[I000229]아스코르빈산칼슘/[I001468]아스코르빈산제일철/[I001971]마그네슘아스코르베이트/[I003752]아스코르빈산나트륨/[I004351]아스코르브산/[M040354]아스코르빈산/[M050961]아스코르빈산철/[M080210]아스코르빈산나트륨/[M081017]아스코르빈산90%과립/[M081495]아스코르빈산펠렛/[M081615]아스코르빈산제피과립/[M081679]아스코르빈산60%/[M081772]제피아스코르빈산TYPE-SC/[M081998]아스코르빈팔미틴산/[M082617]아스코르빈산제피산/[M082841]아스코르빈산98%과립/[M082845]제피아스코르빈산96%/[M082850]직타용아스코르빈산/[M082857]제피아스코르빈산/[M083022]아스코르빈산96%과립/[M083040]아스코르빈산97%과립/[M083727]아스코르빈산제피산98%DC/[M083960]제피아스코르빈산TYPE-SC/[M083984]아스코르빈산칼슘/[M084311]엘아스코르빈산나트륨/[M084327]아스코르빈산과립/[M084388]아스코르빈산나트륨99%/[M084419]아스코르빈산98%/[M084433]아스코르빈산97ㆍ5%과립/[M084448]아스코르빈산97%/[M084495]아스코르빈산칼슘97%과립/[M084658]아스코르빈산96%/[M084927]제피아스코르빈산96%Type SC/[M085686]직타용아스코르빈산98%/[M087036]제피아스코르빈산/[M088252]아스코르빈산/[M089177]아스코르빈산96%SC/[M090019]아스코르빈산90%/[M091430]아스코르빈산유캡/[M094260]아스코르빈산95%/[M095392]아스코르빌팔미테이트/[M095426]제피아스코르빈산96%가루/[M095604]아스코르빈산90%/[M099084]아스코르빈산팔미테이트/[M100271]팔미틴산아스코르빈산/[M100420]엘-아스코르빈산/[M103048]제피형아스코르빈산96%TypeSC/[M103617]팔미틴산아스코르빌/[M104937]아스코르빈산97%분말/[M105763]아스코르빈산제제/[M107308]제피아스코르빈산97.0%가루/[M107594]소듐엘아스코르베이트/[M201112]아스코르빈산제일철/[M201618]제피아스코르빈사96%TypeSC/[M201620]제피아스코르빈산가루/[M201622]제피아스코르빈산TYPEB/[M203450]아스코르브산/[M203451]아스코르브산소듐/[M203452]아스코르빈산소듐/[M207370]팔미틴산아스코르브산/[M207385]아스코르빈산 97(아스코르빈산으로서 600mg)/[M207533]아스코르빈산 97(아스코르빈산으로서 600㎎)/[M209224]직타용아스코르빈산97%/[M210040]제피아스코르빈산97%과립/[M210875]소듐L-아스코르베이트/[M211316]아스코르빈산 산/[M211364]제피형아스코르빈산96%/[M211402]직타용아스코르빈산 90%/[M212742]아스코르빈산과립 97%(아스코르빈산으로서 83.3밀리그램)/[M214926]제피아스코르빈산 Type SC/[M215692]아스코르빈산(비타민C)/[M216038]아스코르빈산과립97%(아스코르빈산으로서 75밀리그램)/[M216398]아스코르빈산과립97%(아스코르빈산으로서 83.34밀리그램)/[M220142]직타용아스코르빈산(97%)/[M220180]아스코르빈산 97/[M223105]아스코르브산 산/[M223106]아스코르브산 정/[M223107]아스코르브산 주사액/[M224238]아스코르브산97/[M225398]아스코르빈산 Type FC/[M226183]아스코르빈산과립97%/[M227509]아스코르브산97%과립/[M229451]아스코르빈산 90%과립/[M229497]제피아스코르빈산 96% Type SC/[M234001]아스코르브산과립97%/[M236177]아스코르브산 90%과립/[M236913]제피아스코르브산/[M236926]직타용아스코르브산/[M239246]L-아스코르빈산/[M239251]L-아스코르빈산나트륨/[M239556]제피아스코르브산96% Type SC/[M241223]아스코르브산90%과립/[M242242]제피아스코르빈산*/[M243471]엘-아스코르빈산나트륨/[M243491]아스코르브산 97/[M244591]엘-아스코르빈산나트륨/[M244678]아스코르브산 97/[M245849]제피아스코르브산에스씨/[M245878]아스코르브산팔미테이트/[M246161]직타용아스코르브산97%/[M246638]아스코르브산97%/[M246709]아스코르브산나트륨/[M246900]90%아스코르브산/[M248326]아스코르빌나트륨포스페이트/[M249820]아스코르브산96%과립/[M250406]아스코르브산과립/[M250800]제피아스코르브산 TYPE-SC/[M251500]제피아스코르브산96%가루/[M252473]아스코르브산칼슘/[M252874]아스코르브산나트륨/[M252882]L-아스코르브산/[M253028]아스코르브산칼슘수화물/[M254082]제피아스코르브산 Type SC/[M254227]제피형아스코르브산96%TypeSC/[M254749]아스코르브산95%과립/[M254848]90%아스코르브산과립/[M256156]아스코르브산과립96%/[M257558]제피아스코르브산96%/[M257734]아스코르브산 과립90%/[M258008]아스코르브산칼슘이수화물/[M258592]작타용아스코르브산 97 %/[M258994]아스코르브산/[M259386]L-아스코르브산나트륨/[M259573]L-아스코르브산/[M261728]아스코르브산97%(직타용)/[M263901]제피아스코르브산97%가루/[M264037]90%아스코르빈산/[M265896]제피아스코르브산97.5%가루/[M051546]염산클로페라스틴/[M051547]펜디조산클로페라스틴/[M222890]클로페라스틴염산염/[M223258]티아민염산염/[M223262]티아민질산염/[M243282]티아민질산염3배산","[01140]해열.진통.소염제","","4,000밀리그램",20180831,"아세트아미노펜으로서 4,000mg/day(모든제형, 단일제.복합제 포함)","","정상"
3864,"용량주의","복합",D000147,Acetaminophen,"아세트아미노펜","[D001109]Potassium Guaiacolsulfonate(구아야콜설폰산칼륨)/[D000200]Dextromethorphan(덱스트로메토르판)/[D001101]Riboflavin(리보플라빈)/[D001116]Methylephedrine(메틸에페드린)/[D001106]Ascorbic acid(아스코르브산)/[D000852]Caffeine(카페인)/[D000893]Chlorpheniramine(클로르페니라민)/[D000998]Thiamine(티아민)","[M040353]아세트아미노펜/[M082309]아세트아미노펜제피세립/[M233006]아세트아미노펜 DC 500/600/[M246556]아세트아미노펜 (미분화)/[M262287]아세트아미노펜 과립/[C050059]구아야콜설폰산칼륨/[I005220]구아야콜설폰산칼륨/[M050059]구아야콜설폰산칼륨/[M251709]구아야콜설폰산칼륨(무수물로서 45밀리그램)/[M263120]구아야콜설폰산칼륨수화물/[M040084]브롬화수소산덱스트로메토르판/[M202983]덱스트로메토르판브롬화수소산염/[M222957]덱스트로메토르판브롬화수소산염수화물/[C040133]리보플라빈/[C040512]인산리보플라빈나트륨/[C050367]테트라부티르산리보플라빈/[C050368]인산리보플라빈/[C050369]리보플라빈-5-인산나트륨/[C081186]리보플라빈33 1/3%/[C082711]리보플라빈낙산에스텔/[C082719]리보플라빈331/3%산/[C083052]리보플라빈98%DC/[C083101]낙산리보플라빈/[C083163]리보플라빈98%/[C083404]리보플라빈33 1/3%과립/[C084424]염산리보플라빈나트륨/[C085688]직탁용리보플라빈98%/[C089984]리보플라빈인산나트륨/[C090982]리보플라빈산나트륨/[C091022]리보플라빈98%과립/[C091383]리보플라빈25%과립/[C092484]부티르산리보플라빈/[C100456]리보플라빈3배산/[C100480]인산리보플라빈나트륨이수화물/[C101969]리보플라빈E101/[C202525]리보플라빈/[C401176]리보플라빈/[C407713]소듐리보플라빈포스페이트/[C409503]리보플라빈테트라부티레이트/[C422825]리보플라빈/[C422826]리보플라빈테트라부티레이트/[C422827]리보플라빈테트라아세테이트/[C425375]소듐리보플라빈포스페이트/[I003529]리보플라빈/[I003530]리보플라빈포스페이트나트륨/[I006525]리보플라빈부티레이트/[I007430]인산리보플라빈/[I007658]인산리보플라빈나트륨이수화물/[I007907]리보플라빈산나트륨/[M040133]리보플라빈/[M040512]인산리보플라빈나트륨/[M050367]테트라부티르산리보플라빈/[M050368]인산리보플라빈/[M050369]리보플라빈-5-인산나트륨/[M081186]리보플라빈33 1/3%/[M082711]리보플라빈낙산에스텔/[M082719]리보플라빈33 1/3%산/[M083052]리보플라빈98%DC/[M083101]낙산리보플라빈/[M083163]리보플라빈98%/[M083404]리보플라빈33 1/3%과립/[M085688]직탁용리보플라빈98%/[M090982]리보플라빈산나트륨/[M091022]리보플라빈98%과립/[M091383]리보플라빈25%과립/[M092484]부티르산리보플라빈/[M100456]리보플라빈3배산/[M100480]인산리보플라빈나트륨이수화물/[M101969]리보플라빈E101/[M200421]리보플라빈33ㆍ3%/[M200422]리보플라빈33ㆍ3%과립/[M200423]리보플라빈33ㆍ3%산/[M203723]인산리보플라빈소듐/[M206124]조리보플라빈/[M216041]리보플라빈3배산(리보플라빈으로서 5밀리그램)/[M216399]리보플라빈 3배산(리보플라빈으로서 0.84밀리그램)/[M217503]리보플라빈인산에스텔나트륨/[M218021]안산리보플라빈나트륨/[M222995]리보플라빈부티레이트/[M222996]리보플라빈포스페이트나트륨/[M222997]리보플라빈포스페이트나트륨 주사액/[M232651]제피리보플라빈/[M249967]리보플라빈부틸레이트/[M249982]리보플라빈나트륨포스페이트/[A006116]메틸에페드린/[I006391]dl-메틸에페드린염산염/[M204422]dl-메틸에페드린염산염/[M223022]dl-메틸에페드린염산염 산 10%/[M235519]디엘메틸에페드린염산염/[M240608]dI-메틸에페드린염산염/[M240859]디엘-메틸에페드린염산염/[M252389]㎗-메틸에페드린염산염/[M264046]DL-메틸에페드린염산염/[C040354]아스코르빈산/[C050961]아스코르빈산철/[C080210]아스코르빈산나트륨/[C081017]아스코르빈산90%과립/[C081495]아스코르빈산펠렛/[C081615]아스코르빈산 제피과립/[C081679]아스코르빈산60%/[C081772]제피아스코르빈산TYPE-SC/[C081998]아스코르빈팔미틴산/[C082617]아스코르빈산제피산/[C082841]아스코르빈산98%과립/[C082845]제피형아스코르빈산96%/[C082850]직탁용아스코르빈산/[C082857]제피아스코르빈산/[C083022]아스코르빈산96%과립/[C083040]아스코르빈산97%과립/[C083727]아스코르빈산제피산98%DC/[C083984]아스코르빈산칼슘/[C084311]엘-아스코르빈산나트륨/[C084327]아스코르빈산과립/[C084388]아스코르빈산나트륨99%/[C084419]아스코르빈산98%/[C084433]아스코르빈산97ㆍ5%과립/[C084448]아스코르빈산97%/[C084495]아스코르빈산칼슘97%과립/[C084658]아스코르빈산96%/[C084927]제피형아스코르빈산96%Type SC/[C085686]직탁용아스코르빈산98%/[C085785]아스코르빈산스테아레이트/[C086801]제피아스코르빈산97ㆍ5%/[C087036]코팅된아스코르빈산/[C088252]아스코르빈산제제/[C089177]아스코르빈산96%SC/[C090019]90%아스코르빈산/[C091430]아스코르빈산유캡/[C094260]95%아스코르빈산/[C094676]3-O-에칠아스코르빈산/[C095118]제피아스코르빈산96%/[C095392]아스코르빌팔미테이트/[C095412]제피아스코르빈사96% Type SC/[C095426]제피아스코르빈산96%가루/[C095604]아스코르빈산90%/[C099084]아스코르빈산팔미테이트/[C099734]아스코르브산90%과립/[C099910]직타용아스코르빈산/[C100271]팔미틴산아스코르빈산/[C100420]엘-아스코르빈산/[C101135]90%아스코르빈산과립/[C102189]아스코르빅애씨드/[C312780]소듐아스코르베이트/[C312824]아스코르빌 테트라이소팔미테이트/[C317903]글루코사민아스코르베이트/[C318482]칼슘 아스코르베이트/[C320842]아스코르빅애씨드/[C400592]아스코르빌니코티네이트/[I000229]아스코르빈산칼슘/[I001468]아스코르빈산제일철/[I001971]마그네슘아스코르베이트/[I003752]아스코르빈산나트륨/[I004351]아스코르브산/[M040354]아스코르빈산/[M050961]아스코르빈산철/[M080210]아스코르빈산나트륨/[M081017]아스코르빈산90%과립/[M081495]아스코르빈산펠렛/[M081615]아스코르빈산제피과립/[M081679]아스코르빈산60%/[M081772]제피아스코르빈산TYPE-SC/[M081998]아스코르빈팔미틴산/[M082617]아스코르빈산제피산/[M082841]아스코르빈산98%과립/[M082845]제피아스코르빈산96%/[M082850]직타용아스코르빈산/[M082857]제피아스코르빈산/[M083022]아스코르빈산96%과립/[M083040]아스코르빈산97%과립/[M083727]아스코르빈산제피산98%DC/[M083960]제피아스코르빈산TYPE-SC/[M083984]아스코르빈산칼슘/[M084311]엘아스코르빈산나트륨/[M084327]아스코르빈산과립/[M084388]아스코르빈산나트륨99%/[M084419]아스코르빈산98%/[M084433]아스코르빈산97ㆍ5%과립/[M084448]아스코르빈산97%/[M084495]아스코르빈산칼슘97%과립/[M084658]아스코르빈산96%/[M084927]제피아스코르빈산96%Type SC/[M085686]직타용아스코르빈산98%/[M087036]제피아스코르빈산/[M088252]아스코르빈산/[M089177]아스코르빈산96%SC/[M090019]아스코르빈산90%/[M091430]아스코르빈산유캡/[M094260]아스코르빈산95%/[M095392]아스코르빌팔미테이트/[M095426]제피아스코르빈산96%가루/[M095604]아스코르빈산90%/[M099084]아스코르빈산팔미테이트/[M100271]팔미틴산아스코르빈산/[M100420]엘-아스코르빈산/[M103048]제피형아스코르빈산96%TypeSC/[M103617]팔미틴산아스코르빌/[M104937]아스코르빈산97%분말/[M105763]아스코르빈산제제/[M107308]제피아스코르빈산97.0%가루/[M107594]소듐엘아스코르베이트/[M201112]아스코르빈산제일철/[M201618]제피아스코르빈사96%TypeSC/[M201620]제피아스코르빈산가루/[M201622]제피아스코르빈산TYPEB/[M203450]아스코르브산/[M203451]아스코르브산소듐/[M203452]아스코르빈산소듐/[M207370]팔미틴산아스코르브산/[M207385]아스코르빈산 97(아스코르빈산으로서 600mg)/[M207533]아스코르빈산 97(아스코르빈산으로서 600㎎)/[M209224]직타용아스코르빈산97%/[M210040]제피아스코르빈산97%과립/[M210875]소듐L-아스코르베이트/[M211316]아스코르빈산 산/[M211364]제피형아스코르빈산96%/[M211402]직타용아스코르빈산 90%/[M212742]아스코르빈산과립 97%(아스코르빈산으로서 83.3밀리그램)/[M214926]제피아스코르빈산 Type SC/[M215692]아스코르빈산(비타민C)/[M216038]아스코르빈산과립97%(아스코르빈산으로서 75밀리그램)/[M216398]아스코르빈산과립97%(아스코르빈산으로서 83.34밀리그램)/[M220142]직타용아스코르빈산(97%)/[M220180]아스코르빈산 97/[M223105]아스코르브산 산/[M223106]아스코르브산 정/[M223107]아스코르브산 주사액/[M224238]아스코르브산97/[M225398]아스코르빈산 Type FC/[M226183]아스코르빈산과립97%/[M227509]아스코르브산97%과립/[M229451]아스코르빈산 90%과립/[M229497]제피아스코르빈산 96% Type SC/[M234001]아스코르브산과립97%/[M236177]아스코르브산 90%과립/[M236913]제피아스코르브산/[M236926]직타용아스코르브산/[M239246]L-아스코르빈산/[M239251]L-아스코르빈산나트륨/[M239556]제피아스코르브산96% Type SC/[M241223]아스코르브산90%과립/[M242242]제피아스코르빈산*/[M243471]엘-아스코르빈산나트륨/[M243491]아스코르브산 97/[M244591]엘-아스코르빈산나트륨/[M244678]아스코르브산 97/[M245849]제피아스코르브산에스씨/[M245878]아스코르브산팔미테이트/[M246161]직타용아스코르브산97%/[M246638]아스코르브산97%/[M246709]아스코르브산나트륨/[M246900]90%아스코르브산/[M248326]아스코르빌나트륨포스페이트/[M249820]아스코르브산96%과립/[M250406]아스코르브산과립/[M250800]제피아스코르브산 TYPE-SC/[M251500]제피아스코르브산96%가루/[M252473]아스코르브산칼슘/[M252874]아스코르브산나트륨/[M252882]L-아스코르브산/[M253028]아스코르브산칼슘수화물/[M254082]제피아스코르브산 Type SC/[M254227]제피형아스코르브산96%TypeSC/[M254749]아스코르브산95%과립/[M254848]90%아스코르브산과립/[M256156]아스코르브산과립96%/[M257558]제피아스코르브산96%/[M257734]아스코르브산 과립90%/[M258008]아스코르브산칼슘이수화물/[M258592]작타용아스코르브산 97 %/[M258994]아스코르브산/[M259386]L-아스코르브산나트륨/[M259573]L-아스코르브산/[M261728]아스코르브산97%(직타용)/[M263901]제피아스코르브산97%가루/[M264037]90%아스코르빈산/[M265896]제피아스코르브산97.5%가루/[M040579]카페인(함수)/[M040580]무수카페인/[M090611]카페인/[M223183]카페인무수물/[M223184]카페인수화물/[M241017]무수물카페인/[M040616]말레인산클로르페니라민/[M050213]말레인산덱스클로르페니라민/[M051529]클로르페니라민/[M082701]디엘말레인산클로르페니라민/[M083325]디말레인산클로르페니라민/[M099959]말레인산클로로페니라민/[M100018]말레산클로르페니라민/[M100476]디말레인산클로르페니라민/[M101581]디엘말레인산클로르페니라민/[M200471]말레인산클로르페니라민제피과립/[M202197]D-말레인산클로르페니라민/[M202204]DL-말레인산클로르페니라민/[M203913]클로르페니라민말레인산염/[M212847]클로르페니라민말레이트/[M223211]클로르페니라민말레산염/[M223212]d-클로르페니라민말레산염/[M223213]클로르페니라민말레산염 산/[M223214]클로르페니라민말레산염 정/[M223215]클로르페니라민말레산염 주사액/[M226783]dl-클로르페니라민말레산염/[M249715]덱스클로르페니라민 말레산염/[M251936]덱스클로르페니라민말레이트/[M223258]티아민염산염/[M223262]티아민질산염/[M243282]티아민질산염3배산","[01140]해열.진통.소염제","","4,000밀리그램",20180831,"아세트아미노펜으로서 4,000mg/day(모든제형, 단일제.복합제 포함)","","정상"
3865,"용량주의","복합",D001109,"Potassium Guaiacolsulfonate","구아야콜설폰산칼륨","[D001109]Potassium Guaiacolsulfonate(구아야콜설폰산칼륨)/[D001101]Riboflavin(리보플라빈)/[D001116]Methylephedrine(메틸에페드린)/[D001106]Ascorbic acid(아스코르브산)/[D000852]Caffeine(카페인)/[D000893]Chlorpheniramine(클로르페니라민)/[D000981]Cloperastine(클로페라스틴)/[D000998]Thiamine(티아민)","[C050059]구아야콜설폰산칼륨/[I005220]구아야콜설폰산칼륨/[M050059]구아야콜설폰산칼륨/[M251709]구아야콜설폰산칼륨(무수물로서 45밀리그램)/[M263120]구아야콜설폰산칼륨수화물/[C040133]리보플라빈/[C040512]인산리보플라빈나트륨/[C050367]테트라부티르산리보플라빈/[C050368]인산리보플라빈/[C050369]리보플라빈-5-인산나트륨/[C081186]리보플라빈33 1/3%/[C082711]리보플라빈낙산에스텔/[C082719]리보플라빈331/3%산/[C083052]리보플라빈98%DC/[C083101]낙산리보플라빈/[C083163]리보플라빈98%/[C083404]리보플라빈33 1/3%과립/[C084424]염산리보플라빈나트륨/[C085688]직탁용리보플라빈98%/[C089984]리보플라빈인산나트륨/[C090982]리보플라빈산나트륨/[C091022]리보플라빈98%과립/[C091383]리보플라빈25%과립/[C092484]부티르산리보플라빈/[C100456]리보플라빈3배산/[C100480]인산리보플라빈나트륨이수화물/[C101969]리보플라빈E101/[C202525]리보플라빈/[C401176]리보플라빈/[C407713]소듐리보플라빈포스페이트/[C409503]리보플라빈테트라부티레이트/[C422825]리보플라빈/[C422826]리보플라빈테트라부티레이트/[C422827]리보플라빈테트라아세테이트/[C425375]소듐리보플라빈포스페이트/[I003529]리보플라빈/[I003530]리보플라빈포스페이트나트륨/[I006525]리보플라빈부티레이트/[I007430]인산리보플라빈/[I007658]인산리보플라빈나트륨이수화물/[I007907]리보플라빈산나트륨/[M040133]리보플라빈/[M040512]인산리보플라빈나트륨/[M050367]테트라부티르산리보플라빈/[M050368]인산리보플라빈/[M050369]리보플라빈-5-인산나트륨/[M081186]리보플라빈33 1/3%/[M082711]리보플라빈낙산에스텔/[M082719]리보플라빈33 1/3%산/[M083052]리보플라빈98%DC/[M083101]낙산리보플라빈/[M083163]리보플라빈98%/[M083404]리보플라빈33 1/3%과립/[M085688]직탁용리보플라빈98%/[M090982]리보플라빈산나트륨/[M091022]리보플라빈98%과립/[M091383]리보플라빈25%과립/[M092484]부티르산리보플라빈/[M100456]리보플라빈3배산/[M100480]인산리보플라빈나트륨이수화물/[M101969]리보플라빈E101/[M200421]리보플라빈33ㆍ3%/[M200422]리보플라빈33ㆍ3%과립/[M200423]리보플라빈33ㆍ3%산/[M203723]인산리보플라빈소듐/[M206124]조리보플라빈/[M216041]리보플라빈3배산(리보플라빈으로서 5밀리그램)/[M216399]리보플라빈 3배산(리보플라빈으로서 0.84밀리그램)/[M217503]리보플라빈인산에스텔나트륨/[M218021]안산리보플라빈나트륨/[M222995]리보플라빈부티레이트/[M222996]리보플라빈포스페이트나트륨/[M222997]리보플라빈포스페이트나트륨 주사액/[M232651]제피리보플라빈/[M249967]리보플라빈부틸레이트/[M249982]리보플라빈나트륨포스페이트/[A006116]메틸에페드린/[I006391]dl-메틸에페드린염산염/[M204422]dl-메틸에페드린염산염/[M223022]dl-메틸에페드린염산염 산 10%/[M235519]디엘메틸에페드린염산염/[M240608]dI-메틸에페드린염산염/[M240859]디엘-메틸에페드린염산염/[M252389]㎗-메틸에페드린염산염/[M264046]DL-메틸에페드린염산염/[C040354]아스코르빈산/[C050961]아스코르빈산철/[C080210]아스코르빈산나트륨/[C081017]아스코르빈산90%과립/[C081495]아스코르빈산펠렛/[C081615]아스코르빈산 제피과립/[C081679]아스코르빈산60%/[C081772]제피아스코르빈산TYPE-SC/[C081998]아스코르빈팔미틴산/[C082617]아스코르빈산제피산/[C082841]아스코르빈산98%과립/[C082845]제피형아스코르빈산96%/[C082850]직탁용아스코르빈산/[C082857]제피아스코르빈산/[C083022]아스코르빈산96%과립/[C083040]아스코르빈산97%과립/[C083727]아스코르빈산제피산98%DC/[C083984]아스코르빈산칼슘/[C084311]엘-아스코르빈산나트륨/[C084327]아스코르빈산과립/[C084388]아스코르빈산나트륨99%/[C084419]아스코르빈산98%/[C084433]아스코르빈산97ㆍ5%과립/[C084448]아스코르빈산97%/[C084495]아스코르빈산칼슘97%과립/[C084658]아스코르빈산96%/[C084927]제피형아스코르빈산96%Type SC/[C085686]직탁용아스코르빈산98%/[C085785]아스코르빈산스테아레이트/[C086801]제피아스코르빈산97ㆍ5%/[C087036]코팅된아스코르빈산/[C088252]아스코르빈산제제/[C089177]아스코르빈산96%SC/[C090019]90%아스코르빈산/[C091430]아스코르빈산유캡/[C094260]95%아스코르빈산/[C094676]3-O-에칠아스코르빈산/[C095118]제피아스코르빈산96%/[C095392]아스코르빌팔미테이트/[C095412]제피아스코르빈사96% Type SC/[C095426]제피아스코르빈산96%가루/[C095604]아스코르빈산90%/[C099084]아스코르빈산팔미테이트/[C099734]아스코르브산90%과립/[C099910]직타용아스코르빈산/[C100271]팔미틴산아스코르빈산/[C100420]엘-아스코르빈산/[C101135]90%아스코르빈산과립/[C102189]아스코르빅애씨드/[C312780]소듐아스코르베이트/[C312824]아스코르빌 테트라이소팔미테이트/[C317903]글루코사민아스코르베이트/[C318482]칼슘 아스코르베이트/[C320842]아스코르빅애씨드/[C400592]아스코르빌니코티네이트/[I000229]아스코르빈산칼슘/[I001468]아스코르빈산제일철/[I001971]마그네슘아스코르베이트/[I003752]아스코르빈산나트륨/[I004351]아스코르브산/[M040354]아스코르빈산/[M050961]아스코르빈산철/[M080210]아스코르빈산나트륨/[M081017]아스코르빈산90%과립/[M081495]아스코르빈산펠렛/[M081615]아스코르빈산제피과립/[M081679]아스코르빈산60%/[M081772]제피아스코르빈산TYPE-SC/[M081998]아스코르빈팔미틴산/[M082617]아스코르빈산제피산/[M082841]아스코르빈산98%과립/[M082845]제피아스코르빈산96%/[M082850]직타용아스코르빈산/[M082857]제피아스코르빈산/[M083022]아스코르빈산96%과립/[M083040]아스코르빈산97%과립/[M083727]아스코르빈산제피산98%DC/[M083960]제피아스코르빈산TYPE-SC/[M083984]아스코르빈산칼슘/[M084311]엘아스코르빈산나트륨/[M084327]아스코르빈산과립/[M084388]아스코르빈산나트륨99%/[M084419]아스코르빈산98%/[M084433]아스코르빈산97ㆍ5%과립/[M084448]아스코르빈산97%/[M084495]아스코르빈산칼슘97%과립/[M084658]아스코르빈산96%/[M084927]제피아스코르빈산96%Type SC/[M085686]직타용아스코르빈산98%/[M087036]제피아스코르빈산/[M088252]아스코르빈산/[M089177]아스코르빈산96%SC/[M090019]아스코르빈산90%/[M091430]아스코르빈산유캡/[M094260]아스코르빈산95%/[M095392]아스코르빌팔미테이트/[M095426]제피아스코르빈산96%가루/[M095604]아스코르빈산90%/[M099084]아스코르빈산팔미테이트/[M100271]팔미틴산아스코르빈산/[M100420]엘-아스코르빈산/[M103048]제피형아스코르빈산96%TypeSC/[M103617]팔미틴산아스코르빌/[M104937]아스코르빈산97%분말/[M105763]아스코르빈산제제/[M107308]제피아스코르빈산97.0%가루/[M107594]소듐엘아스코르베이트/[M201112]아스코르빈산제일철/[M201618]제피아스코르빈사96%TypeSC/[M201620]제피아스코르빈산가루/[M201622]제피아스코르빈산TYPEB/[M203450]아스코르브산/[M203451]아스코르브산소듐/[M203452]아스코르빈산소듐/[M207370]팔미틴산아스코르브산/[M207385]아스코르빈산 97(아스코르빈산으로서 600mg)/[M207533]아스코르빈산 97(아스코르빈산으로서 600㎎)/[M209224]직타용아스코르빈산97%/[M210040]제피아스코르빈산97%과립/[M210875]소듐L-아스코르베이트/[M211316]아스코르빈산 산/[M211364]제피형아스코르빈산96%/[M211402]직타용아스코르빈산 90%/[M212742]아스코르빈산과립 97%(아스코르빈산으로서 83.3밀리그램)/[M214926]제피아스코르빈산 Type SC/[M215692]아스코르빈산(비타민C)/[M216038]아스코르빈산과립97%(아스코르빈산으로서 75밀리그램)/[M216398]아스코르빈산과립97%(아스코르빈산으로서 83.34밀리그램)/[M220142]직타용아스코르빈산(97%)/[M220180]아스코르빈산 97/[M223105]아스코르브산 산/[M223106]아스코르브산 정/[M223107]아스코르브산 주사액/[M224238]아스코르브산97/[M225398]아스코르빈산 Type FC/[M226183]아스코르빈산과립97%/[M227509]아스코르브산97%과립/[M229451]아스코르빈산 90%과립/[M229497]제피아스코르빈산 96% Type SC/[M234001]아스코르브산과립97%/[M236177]아스코르브산 90%과립/[M236913]제피아스코르브산/[M236926]직타용아스코르브산/[M239246]L-아스코르빈산/[M239251]L-아스코르빈산나트륨/[M239556]제피아스코르브산96% Type SC/[M241223]아스코르브산90%과립/[M242242]제피아스코르빈산*/[M243471]엘-아스코르빈산나트륨/[M243491]아스코르브산 97/[M244591]엘-아스코르빈산나트륨/[M244678]아스코르브산 97/[M245849]제피아스코르브산에스씨/[M245878]아스코르브산팔미테이트/[M246161]직타용아스코르브산97%/[M246638]아스코르브산97%/[M246709]아스코르브산나트륨/[M246900]90%아스코르브산/[M248326]아스코르빌나트륨포스페이트/[M249820]아스코르브산96%과립/[M250406]아스코르브산과립/[M250800]제피아스코르브산 TYPE-SC/[M251500]제피아스코르브산96%가루/[M252473]아스코르브산칼슘/[M252874]아스코르브산나트륨/[M252882]L-아스코르브산/[M253028]아스코르브산칼슘수화물/[M254082]제피아스코르브산 Type SC/[M254227]제피형아스코르브산96%TypeSC/[M254749]아스코르브산95%과립/[M254848]90%아스코르브산과립/[M256156]아스코르브산과립96%/[M257558]제피아스코르브산96%/[M257734]아스코르브산 과립90%/[M258008]아스코르브산칼슘이수화물/[M258592]작타용아스코르브산 97 %/[M258994]아스코르브산/[M259386]L-아스코르브산나트륨/[M259573]L-아스코르브산/[M261728]아스코르브산97%(직타용)/[M263901]제피아스코르브산97%가루/[M264037]90%아스코르빈산/[M265896]제피아스코르브산97.5%가루/[M040579]카페인(함수)/[M040580]무수카페인/[M090611]카페인/[M223183]카페인무수물/[M223184]카페인수화물/[M241017]무수물카페인/[M040616]말레인산클로르페니라민/[M050213]말레인산덱스클로르페니라민/[M051529]클로르페니라민/[M082701]디엘말레인산클로르페니라민/[M083325]디말레인산클로르페니라민/[M099959]말레인산클로로페니라민/[M100018]말레산클로르페니라민/[M100476]디말레인산클로르페니라민/[M101581]디엘말레인산클로르페니라민/[M200471]말레인산클로르페니라민제피과립/[M202197]D-말레인산클로르페니라민/[M202204]DL-말레인산클로르페니라민/[M203913]클로르페니라민말레인산염/[M212847]클로르페니라민말레이트/[M223211]클로르페니라민말레산염/[M223212]d-클로르페니라민말레산염/[M223213]클로르페니라민말레산염 산/[M223214]클로르페니라민말레산염 정/[M223215]클로르페니라민말레산염 주사액/[M226783]dl-클로르페니라민말레산염/[M249715]덱스클로르페니라민 말레산염/[M251936]덱스클로르페니라민말레이트/[M051546]염산클로페라스틴/[M051547]펜디조산클로페라스틴/[M222890]클로페라스틴염산염/[M223258]티아민염산염/[M223262]티아민질산염/[M243282]티아민질산염3배산","[01140]해열.진통.소염제","","4,000밀리그램",20180831,"아세트아미노펜으로서 4,000mg/day(모든제형, 단일제.복합제 포함)","","정상"
3701,"용량주의","복합",D000147,Acetaminophen,"아세트아미노펜","[D001116]Methylephedrine(메틸에페드린)/[D000852]Caffeine(카페인)/[D000893]Chlorpheniramine(클로르페니라민)","[M040353]아세트아미노펜/[M082309]아세트아미노펜제피세립/[M233006]아세트아미노펜 DC 500/600/[M246556]아세트아미노펜 (미분화)/[M262287]아세트아미노펜 과립/[A006116]메틸에페드린/[I006391]dl-메틸에페드린염산염/[M204422]dl-메틸에페드린염산염/[M223022]dl-메틸에페드린염산염 산 10%/[M235519]디엘메틸에페드린염산염/[M240608]dI-메틸에페드린염산염/[M240859]디엘-메틸에페드린염산염/[M252389]㎗-메틸에페드린염산염/[M264046]DL-메틸에페드린염산염/[M040579]카페인(함수)/[M040580]무수카페인/[M090611]카페인/[M223183]카페인무수물/[M223184]카페인수화물/[M241017]무수물카페인/[M040616]말레인산클로르페니라민/[M050213]말레인산덱스클로르페니라민/[M051529]클로르페니라민/[M082701]디엘말레인산클로르페니라민/[M083325]디말레인산클로르페니라민/[M099959]말레인산클로로페니라민/[M100018]말레산클로르페니라민/[M100476]디말레인산클로르페니라민/[M101581]디엘말레인산클로르페니라민/[M200471]말레인산클로르페니라민제피과립/[M202197]D-말레인산클로르페니라민/[M202204]DL-말레인산클로르페니라민/[M203913]클로르페니라민말레인산염/[M212847]클로르페니라민말레이트/[M223211]클로르페니라민말레산염/[M223212]d-클로르페니라민말레산염/[M223213]클로르페니라민말레산염 산/[M223214]클로르페니라민말레산염 정/[M223215]클로르페니라민말레산염 주사액/[M226783]dl-클로르페니라민말레산염/[M249715]덱스클로르페니라민 말레산염/[M251936]덱스클로르페니라민말레이트","[01140]해열.진통.소염제","","4,000밀리그램",20180831,"아세트아미노펜으로서 4,000mg/day(모든제형, 단일제.복합제 포함)","","정상"
3702,"용량주의","복합",D000147,Acetaminophen,"아세트아미노펜","[D001116]Methylephedrine(메틸에페드린)/[D000852]Caffeine(카페인)/[D000893]Chlorpheniramine(클로르페니라민)","[M040353]아세트아미노펜/[M082309]아세트아미노펜제피세립/[M233006]아세트아미노펜 DC 500/600/[M246556]아세트아미노펜 (미분화)/[M262287]아세트아미노펜 과립/[A006116]메틸에페드린/[I006391]dl-메틸에페드린염산염/[M204422]dl-메틸에페드린염산염/[M223022]dl-메틸에페드린염산염 산 10%/[M235519]디엘메틸에페드린염산염/[M240608]dI-메틸에페드린염산염/[M240859]디엘-메틸에페드린염산염/[M252389]㎗-메틸에페드린염산염/[M264046]DL-메틸에페드린염산염/[M040579]카페인(함수)/[M040580]무수카페인/[M090611]카페인/[M223183]카페인무수물/[M223184]카페인수화물/[M241017]무수물카페인/[M040616]말레인산클로르페니라민/[M050213]말레인산덱스클로르페니라민/[M051529]클로르페니라민/[M082701]디엘말레인산클로르페니라민/[M083325]디말레인산클로르페니라민/[M099959]말레인산클로로페니라민/[M100018]말레산클로르페니라민/[M100476]디말레인산클로르페니라민/[M101581]디엘말레인산클로르페니라민/[M200471]말레인산클로르페니라민제피과립/[M202197]D-말레인산클로르페니라민/[M202204]DL-말레인산클로르페니라민/[M203913]클로르페니라민말레인산염/[M212847]클로르페니라민말레이트/[M223211]클로르페니라민말레산염/[M223212]d-클로르페니라민말레산염/[M223213]클로르페니라민말레산염 산/[M223214]클로르페니라민말레산염 정/[M223215]클로르페니라민말레산염 주사액/[M226783]dl-클로르페니라민말레산염/[M249715]덱스클로르페니라민 말레산염/[M251936]덱스클로르페니라민말레이트","[01140]해열.진통.소염제","","4,000밀리그램",20180831,"아세트아미노펜으로서 4,000mg/day(모든제형, 단일제.복합제 포함)","","정상"
3703,"용량주의","복합",D000147,Acetaminophen,"아세트아미노펜","[D001116]Methylephedrine(메틸에페드린)/[D000893]Chlorpheniramine(클로르페니라민)/[D000191]Phenylephrine(페닐레프린)","[M040353]아세트아미노펜/[M082309]아세트아미노펜제피세립/[M233006]아세트아미노펜 DC 500/600/[M246556]아세트아미노펜 (미분화)/[M262287]아세트아미노펜 과립/[A006116]메틸에페드린/[I006391]dl-메틸에페드린염산염/[M204422]dl-메틸에페드린염산염/[M223022]dl-메틸에페드린염산염 산 10%/[M235519]디엘메틸에페드린염산염/[M240608]dI-메틸에페드린염산염/[M240859]디엘-메틸에페드린염산염/[M252389]㎗-메틸에페드린염산염/[M264046]DL-메틸에페드린염산염/[M040616]말레인산클로르페니라민/[M050213]말레인산덱스클로르페니라민/[M051529]클로르페니라민/[M082701]디엘말레인산클로르페니라민/[M083325]디말레인산클로르페니라민/[M099959]말레인산클로로페니라민/[M100018]말레산클로르페니라민/[M100476]디말레인산클로르페니라민/[M101581]디엘말레인산클로르페니라민/[M200471]말레인산클로르페니라민제피과립/[M202197]D-말레인산클로르페니라민/[M202204]DL-말레인산클로르페니라민/[M203913]클로르페니라민말레인산염/[M212847]클로르페니라민말레이트/[M223211]클로르페니라민말레산염/[M223212]d-클로르페니라민말레산염/[M223213]클로르페니라민말레산염 산/[M223214]클로르페니라민말레산염 정/[M223215]클로르페니라민말레산염 주사액/[M226783]dl-클로르페니라민말레산염/[M249715]덱스클로르페니라민 말레산염/[M251936]덱스클로르페니라민말레이트/[M040696]염산페닐에프린/[M222724]페닐레프린염산염/[M225151]페닐에프린염산염","[01140]해열.진통.소염제","","4,000밀리그램",20180831,"아세트아미노펜으로서 4,000mg/day(모든제형, 단일제.복합제 포함)","","정상"
3866,"용량주의","복합",D000147,Acetaminophen,"아세트아미노펜","[D001109]Potassium Guaiacolsulfonate(구아야콜설폰산칼륨)/[D001101]Riboflavin(리보플라빈)/[D001116]Methylephedrine(메틸에페드린)/[D001106]Ascorbic acid(아스코르브산)/[D000852]Caffeine(카페인)/[D000893]Chlorpheniramine(클로르페니라민)/[D000998]Thiamine(티아민)/[D000933]Tipepidine(티페피딘)","[M040353]아세트아미노펜/[M082309]아세트아미노펜제피세립/[M233006]아세트아미노펜 DC 500/600/[M246556]아세트아미노펜 (미분화)/[M262287]아세트아미노펜 과립/[C050059]구아야콜설폰산칼륨/[I005220]구아야콜설폰산칼륨/[M050059]구아야콜설폰산칼륨/[M251709]구아야콜설폰산칼륨(무수물로서 45밀리그램)/[M263120]구아야콜설폰산칼륨수화물/[C040133]리보플라빈/[C040512]인산리보플라빈나트륨/[C050367]테트라부티르산리보플라빈/[C050368]인산리보플라빈/[C050369]리보플라빈-5-인산나트륨/[C081186]리보플라빈33 1/3%/[C082711]리보플라빈낙산에스텔/[C082719]리보플라빈331/3%산/[C083052]리보플라빈98%DC/[C083101]낙산리보플라빈/[C083163]리보플라빈98%/[C083404]리보플라빈33 1/3%과립/[C084424]염산리보플라빈나트륨/[C085688]직탁용리보플라빈98%/[C089984]리보플라빈인산나트륨/[C090982]리보플라빈산나트륨/[C091022]리보플라빈98%과립/[C091383]리보플라빈25%과립/[C092484]부티르산리보플라빈/[C100456]리보플라빈3배산/[C100480]인산리보플라빈나트륨이수화물/[C101969]리보플라빈E101/[C202525]리보플라빈/[C401176]리보플라빈/[C407713]소듐리보플라빈포스페이트/[C409503]리보플라빈테트라부티레이트/[C422825]리보플라빈/[C422826]리보플라빈테트라부티레이트/[C422827]리보플라빈테트라아세테이트/[C425375]소듐리보플라빈포스페이트/[I003529]리보플라빈/[I003530]리보플라빈포스페이트나트륨/[I006525]리보플라빈부티레이트/[I007430]인산리보플라빈/[I007658]인산리보플라빈나트륨이수화물/[I007907]리보플라빈산나트륨/[M040133]리보플라빈/[M040512]인산리보플라빈나트륨/[M050367]테트라부티르산리보플라빈/[M050368]인산리보플라빈/[M050369]리보플라빈-5-인산나트륨/[M081186]리보플라빈33 1/3%/[M082711]리보플라빈낙산에스텔/[M082719]리보플라빈33 1/3%산/[M083052]리보플라빈98%DC/[M083101]낙산리보플라빈/[M083163]리보플라빈98%/[M083404]리보플라빈33 1/3%과립/[M085688]직탁용리보플라빈98%/[M090982]리보플라빈산나트륨/[M091022]리보플라빈98%과립/[M091383]리보플라빈25%과립/[M092484]부티르산리보플라빈/[M100456]리보플라빈3배산/[M100480]인산리보플라빈나트륨이수화물/[M101969]리보플라빈E101/[M200421]리보플라빈33ㆍ3%/[M200422]리보플라빈33ㆍ3%과립/[M200423]리보플라빈33ㆍ3%산/[M203723]인산리보플라빈소듐/[M206124]조리보플라빈/[M216041]리보플라빈3배산(리보플라빈으로서 5밀리그램)/[M216399]리보플라빈 3배산(리보플라빈으로서 0.84밀리그램)/[M217503]리보플라빈인산에스텔나트륨/[M218021]안산리보플라빈나트륨/[M222995]리보플라빈부티레이트/[M222996]리보플라빈포스페이트나트륨/[M222997]리보플라빈포스페이트나트륨 주사액/[M232651]제피리보플라빈/[M249967]리보플라빈부틸레이트/[M249982]리보플라빈나트륨포스페이트/[A006116]메틸에페드린/[I006391]dl-메틸에페드린염산염/[M204422]dl-메틸에페드린염산염/[M223022]dl-메틸에페드린염산염 산 10%/[M235519]디엘메틸에페드린염산염/[M240608]dI-메틸에페드린염산염/[M240859]디엘-메틸에페드린염산염/[M252389]㎗-메틸에페드린염산염/[M264046]DL-메틸에페드린염산염/[C040354]아스코르빈산/[C050961]아스코르빈산철/[C080210]아스코르빈산나트륨/[C081017]아스코르빈산90%과립/[C081495]아스코르빈산펠렛/[C081615]아스코르빈산 제피과립/[C081679]아스코르빈산60%/[C081772]제피아스코르빈산TYPE-SC/[C081998]아스코르빈팔미틴산/[C082617]아스코르빈산제피산/[C082841]아스코르빈산98%과립/[C082845]제피형아스코르빈산96%/[C082850]직탁용아스코르빈산/[C082857]제피아스코르빈산/[C083022]아스코르빈산96%과립/[C083040]아스코르빈산97%과립/[C083727]아스코르빈산제피산98%DC/[C083984]아스코르빈산칼슘/[C084311]엘-아스코르빈산나트륨/[C084327]아스코르빈산과립/[C084388]아스코르빈산나트륨99%/[C084419]아스코르빈산98%/[C084433]아스코르빈산97ㆍ5%과립/[C084448]아스코르빈산97%/[C084495]아스코르빈산칼슘97%과립/[C084658]아스코르빈산96%/[C084927]제피형아스코르빈산96%Type SC/[C085686]직탁용아스코르빈산98%/[C085785]아스코르빈산스테아레이트/[C086801]제피아스코르빈산97ㆍ5%/[C087036]코팅된아스코르빈산/[C088252]아스코르빈산제제/[C089177]아스코르빈산96%SC/[C090019]90%아스코르빈산/[C091430]아스코르빈산유캡/[C094260]95%아스코르빈산/[C094676]3-O-에칠아스코르빈산/[C095118]제피아스코르빈산96%/[C095392]아스코르빌팔미테이트/[C095412]제피아스코르빈사96% Type SC/[C095426]제피아스코르빈산96%가루/[C095604]아스코르빈산90%/[C099084]아스코르빈산팔미테이트/[C099734]아스코르브산90%과립/[C099910]직타용아스코르빈산/[C100271]팔미틴산아스코르빈산/[C100420]엘-아스코르빈산/[C101135]90%아스코르빈산과립/[C102189]아스코르빅애씨드/[C312780]소듐아스코르베이트/[C312824]아스코르빌 테트라이소팔미테이트/[C317903]글루코사민아스코르베이트/[C318482]칼슘 아스코르베이트/[C320842]아스코르빅애씨드/[C400592]아스코르빌니코티네이트/[I000229]아스코르빈산칼슘/[I001468]아스코르빈산제일철/[I001971]마그네슘아스코르베이트/[I003752]아스코르빈산나트륨/[I004351]아스코르브산/[M040354]아스코르빈산/[M050961]아스코르빈산철/[M080210]아스코르빈산나트륨/[M081017]아스코르빈산90%과립/[M081495]아스코르빈산펠렛/[M081615]아스코르빈산제피과립/[M081679]아스코르빈산60%/[M081772]제피아스코르빈산TYPE-SC/[M081998]아스코르빈팔미틴산/[M082617]아스코르빈산제피산/[M082841]아스코르빈산98%과립/[M082845]제피아스코르빈산96%/[M082850]직타용아스코르빈산/[M082857]제피아스코르빈산/[M083022]아스코르빈산96%과립/[M083040]아스코르빈산97%과립/[M083727]아스코르빈산제피산98%DC/[M083960]제피아스코르빈산TYPE-SC/[M083984]아스코르빈산칼슘/[M084311]엘아스코르빈산나트륨/[M084327]아스코르빈산과립/[M084388]아스코르빈산나트륨99%/[M084419]아스코르빈산98%/[M084433]아스코르빈산97ㆍ5%과립/[M084448]아스코르빈산97%/[M084495]아스코르빈산칼슘97%과립/[M084658]아스코르빈산96%/[M084927]제피아스코르빈산96%Type SC/[M085686]직타용아스코르빈산98%/[M087036]제피아스코르빈산/[M088252]아스코르빈산/[M089177]아스코르빈산96%SC/[M090019]아스코르빈산90%/[M091430]아스코르빈산유캡/[M094260]아스코르빈산95%/[M095392]아스코르빌팔미테이트/[M095426]제피아스코르빈산96%가루/[M095604]아스코르빈산90%/[M099084]아스코르빈산팔미테이트/[M100271]팔미틴산아스코르빈산/[M100420]엘-아스코르빈산/[M103048]제피형아스코르빈산96%TypeSC/[M103617]팔미틴산아스코르빌/[M104937]아스코르빈산97%분말/[M105763]아스코르빈산제제/[M107308]제피아스코르빈산97.0%가루/[M107594]소듐엘아스코르베이트/[M201112]아스코르빈산제일철/[M201618]제피아스코르빈사96%TypeSC/[M201620]제피아스코르빈산가루/[M201622]제피아스코르빈산TYPEB/[M203450]아스코르브산/[M203451]아스코르브산소듐/[M203452]아스코르빈산소듐/[M207370]팔미틴산아스코르브산/[M207385]아스코르빈산 97(아스코르빈산으로서 600mg)/[M207533]아스코르빈산 97(아스코르빈산으로서 600㎎)/[M209224]직타용아스코르빈산97%/[M210040]제피아스코르빈산97%과립/[M210875]소듐L-아스코르베이트/[M211316]아스코르빈산 산/[M211364]제피형아스코르빈산96%/[M211402]직타용아스코르빈산 90%/[M212742]아스코르빈산과립 97%(아스코르빈산으로서 83.3밀리그램)/[M214926]제피아스코르빈산 Type SC/[M215692]아스코르빈산(비타민C)/[M216038]아스코르빈산과립97%(아스코르빈산으로서 75밀리그램)/[M216398]아스코르빈산과립97%(아스코르빈산으로서 83.34밀리그램)/[M220142]직타용아스코르빈산(97%)/[M220180]아스코르빈산 97/[M223105]아스코르브산 산/[M223106]아스코르브산 정/[M223107]아스코르브산 주사액/[M224238]아스코르브산97/[M225398]아스코르빈산 Type FC/[M226183]아스코르빈산과립97%/[M227509]아스코르브산97%과립/[M229451]아스코르빈산 90%과립/[M229497]제피아스코르빈산 96% Type SC/[M234001]아스코르브산과립97%/[M236177]아스코르브산 90%과립/[M236913]제피아스코르브산/[M236926]직타용아스코르브산/[M239246]L-아스코르빈산/[M239251]L-아스코르빈산나트륨/[M239556]제피아스코르브산96% Type SC/[M241223]아스코르브산90%과립/[M242242]제피아스코르빈산*/[M243471]엘-아스코르빈산나트륨/[M243491]아스코르브산 97/[M244591]엘-아스코르빈산나트륨/[M244678]아스코르브산 97/[M245849]제피아스코르브산에스씨/[M245878]아스코르브산팔미테이트/[M246161]직타용아스코르브산97%/[M246638]아스코르브산97%/[M246709]아스코르브산나트륨/[M246900]90%아스코르브산/[M248326]아스코르빌나트륨포스페이트/[M249820]아스코르브산96%과립/[M250406]아스코르브산과립/[M250800]제피아스코르브산 TYPE-SC/[M251500]제피아스코르브산96%가루/[M252473]아스코르브산칼슘/[M252874]아스코르브산나트륨/[M252882]L-아스코르브산/[M253028]아스코르브산칼슘수화물/[M254082]제피아스코르브산 Type SC/[M254227]제피형아스코르브산96%TypeSC/[M254749]아스코르브산95%과립/[M254848]90%아스코르브산과립/[M256156]아스코르브산과립96%/[M257558]제피아스코르브산96%/[M257734]아스코르브산 과립90%/[M258008]아스코르브산칼슘이수화물/[M258592]작타용아스코르브산 97 %/[M258994]아스코르브산/[M259386]L-아스코르브산나트륨/[M259573]L-아스코르브산/[M261728]아스코르브산97%(직타용)/[M263901]제피아스코르브산97%가루/[M264037]90%아스코르빈산/[M265896]제피아스코르브산97.5%가루/[M040579]카페인(함수)/[M040580]무수카페인/[M090611]카페인/[M223183]카페인무수물/[M223184]카페인수화물/[M241017]무수물카페인/[M040616]말레인산클로르페니라민/[M050213]말레인산덱스클로르페니라민/[M051529]클로르페니라민/[M082701]디엘말레인산클로르페니라민/[M083325]디말레인산클로르페니라민/[M099959]말레인산클로로페니라민/[M100018]말레산클로르페니라민/[M100476]디말레인산클로르페니라민/[M101581]디엘말레인산클로르페니라민/[M200471]말레인산클로르페니라민제피과립/[M202197]D-말레인산클로르페니라민/[M202204]DL-말레인산클로르페니라민/[M203913]클로르페니라민말레인산염/[M212847]클로르페니라민말레이트/[M223211]클로르페니라민말레산염/[M223212]d-클로르페니라민말레산염/[M223213]클로르페니라민말레산염 산/[M223214]클로르페니라민말레산염 정/[M223215]클로르페니라민말레산염 주사액/[M226783]dl-클로르페니라민말레산염/[M249715]덱스클로르페니라민 말레산염/[M251936]덱스클로르페니라민말레이트/[M223258]티아민염산염/[M223262]티아민질산염/[M243282]티아민질산염3배산/[M051662]구연산티페피딘/[M051663]히벤즈산티페피딘/[M223274]티페피딘히벤즈산염 정/[M254445]티페피딘시트르산염","[01140]해열.진통.소염제","","4,000밀리그램",20180831,"아세트아미노펜으로서 4,000mg/day(모든제형, 단일제.복합제 포함)","","정상"
3868,"용량주의","복합",D000147,Acetaminophen,"아세트아미노펜","[D000493]Guaifenesin(구아이페네신)/[D000200]Dextromethorphan(덱스트로메토르판)/[D001101]Riboflavin(리보플라빈)/[D001116]Methylephedrine(메틸에페드린)/[D000448]Pseudoephedrine(슈도에페드린)/[D001106]Ascorbic acid(아스코르브산)/[D000893]Chlorpheniramine(클로르페니라민)/[D000998]Thiamine(티아민)","[M040353]아세트아미노펜/[M082309]아세트아미노펜제피세립/[M233006]아세트아미노펜 DC 500/600/[M246556]아세트아미노펜 (미분화)/[M262287]아세트아미노펜 과립/[M050058]구아이페네신/[M040084]브롬화수소산덱스트로메토르판/[M202983]덱스트로메토르판브롬화수소산염/[M222957]덱스트로메토르판브롬화수소산염수화물/[C040133]리보플라빈/[C040512]인산리보플라빈나트륨/[C050367]테트라부티르산리보플라빈/[C050368]인산리보플라빈/[C050369]리보플라빈-5-인산나트륨/[C081186]리보플라빈33 1/3%/[C082711]리보플라빈낙산에스텔/[C082719]리보플라빈331/3%산/[C083052]리보플라빈98%DC/[C083101]낙산리보플라빈/[C083163]리보플라빈98%/[C083404]리보플라빈33 1/3%과립/[C084424]염산리보플라빈나트륨/[C085688]직탁용리보플라빈98%/[C089984]리보플라빈인산나트륨/[C090982]리보플라빈산나트륨/[C091022]리보플라빈98%과립/[C091383]리보플라빈25%과립/[C092484]부티르산리보플라빈/[C100456]리보플라빈3배산/[C100480]인산리보플라빈나트륨이수화물/[C101969]리보플라빈E101/[C202525]리보플라빈/[C401176]리보플라빈/[C407713]소듐리보플라빈포스페이트/[C409503]리보플라빈테트라부티레이트/[C422825]리보플라빈/[C422826]리보플라빈테트라부티레이트/[C422827]리보플라빈테트라아세테이트/[C425375]소듐리보플라빈포스페이트/[I003529]리보플라빈/[I003530]리보플라빈포스페이트나트륨/[I006525]리보플라빈부티레이트/[I007430]인산리보플라빈/[I007658]인산리보플라빈나트륨이수화물/[I007907]리보플라빈산나트륨/[M040133]리보플라빈/[M040512]인산리보플라빈나트륨/[M050367]테트라부티르산리보플라빈/[M050368]인산리보플라빈/[M050369]리보플라빈-5-인산나트륨/[M081186]리보플라빈33 1/3%/[M082711]리보플라빈낙산에스텔/[M082719]리보플라빈33 1/3%산/[M083052]리보플라빈98%DC/[M083101]낙산리보플라빈/[M083163]리보플라빈98%/[M083404]리보플라빈33 1/3%과립/[M085688]직탁용리보플라빈98%/[M090982]리보플라빈산나트륨/[M091022]리보플라빈98%과립/[M091383]리보플라빈25%과립/[M092484]부티르산리보플라빈/[M100456]리보플라빈3배산/[M100480]인산리보플라빈나트륨이수화물/[M101969]리보플라빈E101/[M200421]리보플라빈33ㆍ3%/[M200422]리보플라빈33ㆍ3%과립/[M200423]리보플라빈33ㆍ3%산/[M203723]인산리보플라빈소듐/[M206124]조리보플라빈/[M216041]리보플라빈3배산(리보플라빈으로서 5밀리그램)/[M216399]리보플라빈 3배산(리보플라빈으로서 0.84밀리그램)/[M217503]리보플라빈인산에스텔나트륨/[M218021]안산리보플라빈나트륨/[M222995]리보플라빈부티레이트/[M222996]리보플라빈포스페이트나트륨/[M222997]리보플라빈포스페이트나트륨 주사액/[M232651]제피리보플라빈/[M249967]리보플라빈부틸레이트/[M249982]리보플라빈나트륨포스페이트/[A006116]메틸에페드린/[I006391]dl-메틸에페드린염산염/[M204422]dl-메틸에페드린염산염/[M223022]dl-메틸에페드린염산염 산 10%/[M235519]디엘메틸에페드린염산염/[M240608]dI-메틸에페드린염산염/[M240859]디엘-메틸에페드린염산염/[M252389]㎗-메틸에페드린염산염/[M264046]DL-메틸에페드린염산염/[M050833]염산슈도에페드린/[M081720]황산슈도에페드린/[M203364]슈도에페드린염산염/[M222865]수도에페드린염산염/[M248579]수도에페드린황산염/[M256034]수도에페드린염산염 과립/[M258826]수도에페드린/[C040354]아스코르빈산/[C050961]아스코르빈산철/[C080210]아스코르빈산나트륨/[C081017]아스코르빈산90%과립/[C081495]아스코르빈산펠렛/[C081615]아스코르빈산 제피과립/[C081679]아스코르빈산60%/[C081772]제피아스코르빈산TYPE-SC/[C081998]아스코르빈팔미틴산/[C082617]아스코르빈산제피산/[C082841]아스코르빈산98%과립/[C082845]제피형아스코르빈산96%/[C082850]직탁용아스코르빈산/[C082857]제피아스코르빈산/[C083022]아스코르빈산96%과립/[C083040]아스코르빈산97%과립/[C083727]아스코르빈산제피산98%DC/[C083984]아스코르빈산칼슘/[C084311]엘-아스코르빈산나트륨/[C084327]아스코르빈산과립/[C084388]아스코르빈산나트륨99%/[C084419]아스코르빈산98%/[C084433]아스코르빈산97ㆍ5%과립/[C084448]아스코르빈산97%/[C084495]아스코르빈산칼슘97%과립/[C084658]아스코르빈산96%/[C084927]제피형아스코르빈산96%Type SC/[C085686]직탁용아스코르빈산98%/[C085785]아스코르빈산스테아레이트/[C086801]제피아스코르빈산97ㆍ5%/[C087036]코팅된아스코르빈산/[C088252]아스코르빈산제제/[C089177]아스코르빈산96%SC/[C090019]90%아스코르빈산/[C091430]아스코르빈산유캡/[C094260]95%아스코르빈산/[C094676]3-O-에칠아스코르빈산/[C095118]제피아스코르빈산96%/[C095392]아스코르빌팔미테이트/[C095412]제피아스코르빈사96% Type SC/[C095426]제피아스코르빈산96%가루/[C095604]아스코르빈산90%/[C099084]아스코르빈산팔미테이트/[C099734]아스코르브산90%과립/[C099910]직타용아스코르빈산/[C100271]팔미틴산아스코르빈산/[C100420]엘-아스코르빈산/[C101135]90%아스코르빈산과립/[C102189]아스코르빅애씨드/[C312780]소듐아스코르베이트/[C312824]아스코르빌 테트라이소팔미테이트/[C317903]글루코사민아스코르베이트/[C318482]칼슘 아스코르베이트/[C320842]아스코르빅애씨드/[C400592]아스코르빌니코티네이트/[I000229]아스코르빈산칼슘/[I001468]아스코르빈산제일철/[I001971]마그네슘아스코르베이트/[I003752]아스코르빈산나트륨/[I004351]아스코르브산/[M040354]아스코르빈산/[M050961]아스코르빈산철/[M080210]아스코르빈산나트륨/[M081017]아스코르빈산90%과립/[M081495]아스코르빈산펠렛/[M081615]아스코르빈산제피과립/[M081679]아스코르빈산60%/[M081772]제피아스코르빈산TYPE-SC/[M081998]아스코르빈팔미틴산/[M082617]아스코르빈산제피산/[M082841]아스코르빈산98%과립/[M082845]제피아스코르빈산96%/[M082850]직타용아스코르빈산/[M082857]제피아스코르빈산/[M083022]아스코르빈산96%과립/[M083040]아스코르빈산97%과립/[M083727]아스코르빈산제피산98%DC/[M083960]제피아스코르빈산TYPE-SC/[M083984]아스코르빈산칼슘/[M084311]엘아스코르빈산나트륨/[M084327]아스코르빈산과립/[M084388]아스코르빈산나트륨99%/[M084419]아스코르빈산98%/[M084433]아스코르빈산97ㆍ5%과립/[M084448]아스코르빈산97%/[M084495]아스코르빈산칼슘97%과립/[M084658]아스코르빈산96%/[M084927]제피아스코르빈산96%Type SC/[M085686]직타용아스코르빈산98%/[M087036]제피아스코르빈산/[M088252]아스코르빈산/[M089177]아스코르빈산96%SC/[M090019]아스코르빈산90%/[M091430]아스코르빈산유캡/[M094260]아스코르빈산95%/[M095392]아스코르빌팔미테이트/[M095426]제피아스코르빈산96%가루/[M095604]아스코르빈산90%/[M099084]아스코르빈산팔미테이트/[M100271]팔미틴산아스코르빈산/[M100420]엘-아스코르빈산/[M103048]제피형아스코르빈산96%TypeSC/[M103617]팔미틴산아스코르빌/[M104937]아스코르빈산97%분말/[M105763]아스코르빈산제제/[M107308]제피아스코르빈산97.0%가루/[M107594]소듐엘아스코르베이트/[M201112]아스코르빈산제일철/[M201618]제피아스코르빈사96%TypeSC/[M201620]제피아스코르빈산가루/[M201622]제피아스코르빈산TYPEB/[M203450]아스코르브산/[M203451]아스코르브산소듐/[M203452]아스코르빈산소듐/[M207370]팔미틴산아스코르브산/[M207385]아스코르빈산 97(아스코르빈산으로서 600mg)/[M207533]아스코르빈산 97(아스코르빈산으로서 600㎎)/[M209224]직타용아스코르빈산97%/[M210040]제피아스코르빈산97%과립/[M210875]소듐L-아스코르베이트/[M211316]아스코르빈산 산/[M211364]제피형아스코르빈산96%/[M211402]직타용아스코르빈산 90%/[M212742]아스코르빈산과립 97%(아스코르빈산으로서 83.3밀리그램)/[M214926]제피아스코르빈산 Type SC/[M215692]아스코르빈산(비타민C)/[M216038]아스코르빈산과립97%(아스코르빈산으로서 75밀리그램)/[M216398]아스코르빈산과립97%(아스코르빈산으로서 83.34밀리그램)/[M220142]직타용아스코르빈산(97%)/[M220180]아스코르빈산 97/[M223105]아스코르브산 산/[M223106]아스코르브산 정/[M223107]아스코르브산 주사액/[M224238]아스코르브산97/[M225398]아스코르빈산 Type FC/[M226183]아스코르빈산과립97%/[M227509]아스코르브산97%과립/[M229451]아스코르빈산 90%과립/[M229497]제피아스코르빈산 96% Type SC/[M234001]아스코르브산과립97%/[M236177]아스코르브산 90%과립/[M236913]제피아스코르브산/[M236926]직타용아스코르브산/[M239246]L-아스코르빈산/[M239251]L-아스코르빈산나트륨/[M239556]제피아스코르브산96% Type SC/[M241223]아스코르브산90%과립/[M242242]제피아스코르빈산*/[M243471]엘-아스코르빈산나트륨/[M243491]아스코르브산 97/[M244591]엘-아스코르빈산나트륨/[M244678]아스코르브산 97/[M245849]제피아스코르브산에스씨/[M245878]아스코르브산팔미테이트/[M246161]직타용아스코르브산97%/[M246638]아스코르브산97%/[M246709]아스코르브산나트륨/[M246900]90%아스코르브산/[M248326]아스코르빌나트륨포스페이트/[M249820]아스코르브산96%과립/[M250406]아스코르브산과립/[M250800]제피아스코르브산 TYPE-SC/[M251500]제피아스코르브산96%가루/[M252473]아스코르브산칼슘/[M252874]아스코르브산나트륨/[M252882]L-아스코르브산/[M253028]아스코르브산칼슘수화물/[M254082]제피아스코르브산 Type SC/[M254227]제피형아스코르브산96%TypeSC/[M254749]아스코르브산95%과립/[M254848]90%아스코르브산과립/[M256156]아스코르브산과립96%/[M257558]제피아스코르브산96%/[M257734]아스코르브산 과립90%/[M258008]아스코르브산칼슘이수화물/[M258592]작타용아스코르브산 97 %/[M258994]아스코르브산/[M259386]L-아스코르브산나트륨/[M259573]L-아스코르브산/[M261728]아스코르브산97%(직타용)/[M263901]제피아스코르브산97%가루/[M264037]90%아스코르빈산/[M265896]제피아스코르브산97.5%가루/[M040616]말레인산클로르페니라민/[M050213]말레인산덱스클로르페니라민/[M051529]클로르페니라민/[M082701]디엘말레인산클로르페니라민/[M083325]디말레인산클로르페니라민/[M099959]말레인산클로로페니라민/[M100018]말레산클로르페니라민/[M100476]디말레인산클로르페니라민/[M101581]디엘말레인산클로르페니라민/[M200471]말레인산클로르페니라민제피과립/[M202197]D-말레인산클로르페니라민/[M202204]DL-말레인산클로르페니라민/[M203913]클로르페니라민말레인산염/[M212847]클로르페니라민말레이트/[M223211]클로르페니라민말레산염/[M223212]d-클로르페니라민말레산염/[M223213]클로르페니라민말레산염 산/[M223214]클로르페니라민말레산염 정/[M223215]클로르페니라민말레산염 주사액/[M226783]dl-클로르페니라민말레산염/[M249715]덱스클로르페니라민 말레산염/[M251936]덱스클로르페니라민말레이트/[M223258]티아민염산염/[M223262]티아민질산염/[M243282]티아민질산염3배산","[01140]해열.진통.소염제","","4000밀리그램",20180831,"아세트아미노펜으로서 4,000mg/day(모든제형, 단일제.복합제 포함)","","정상"
3869,"용량주의","복합",D000147,Acetaminophen,"아세트아미노펜","[D000493]Guaifenesin(구아이페네신)/[D000200]Dextromethorphan(덱스트로메토르판)/[D001101]Riboflavin(리보플라빈)/[D001116]Methylephedrine(메틸에페드린)/[D001106]Ascorbic acid(아스코르브산)/[D000852]Caffeine(카페인)/[D000893]Chlorpheniramine(클로르페니라민)/[D000998]Thiamine(티아민)","[M040353]아세트아미노펜/[M082309]아세트아미노펜제피세립/[M233006]아세트아미노펜 DC 500/600/[M246556]아세트아미노펜 (미분화)/[M262287]아세트아미노펜 과립/[M050058]구아이페네신/[M040084]브롬화수소산덱스트로메토르판/[M202983]덱스트로메토르판브롬화수소산염/[M222957]덱스트로메토르판브롬화수소산염수화물/[C040133]리보플라빈/[C040512]인산리보플라빈나트륨/[C050367]테트라부티르산리보플라빈/[C050368]인산리보플라빈/[C050369]리보플라빈-5-인산나트륨/[C081186]리보플라빈33 1/3%/[C082711]리보플라빈낙산에스텔/[C082719]리보플라빈331/3%산/[C083052]리보플라빈98%DC/[C083101]낙산리보플라빈/[C083163]리보플라빈98%/[C083404]리보플라빈33 1/3%과립/[C084424]염산리보플라빈나트륨/[C085688]직탁용리보플라빈98%/[C089984]리보플라빈인산나트륨/[C090982]리보플라빈산나트륨/[C091022]리보플라빈98%과립/[C091383]리보플라빈25%과립/[C092484]부티르산리보플라빈/[C100456]리보플라빈3배산/[C100480]인산리보플라빈나트륨이수화물/[C101969]리보플라빈E101/[C202525]리보플라빈/[C401176]리보플라빈/[C407713]소듐리보플라빈포스페이트/[C409503]리보플라빈테트라부티레이트/[C422825]리보플라빈/[C422826]리보플라빈테트라부티레이트/[C422827]리보플라빈테트라아세테이트/[C425375]소듐리보플라빈포스페이트/[I003529]리보플라빈/[I003530]리보플라빈포스페이트나트륨/[I006525]리보플라빈부티레이트/[I007430]인산리보플라빈/[I007658]인산리보플라빈나트륨이수화물/[I007907]리보플라빈산나트륨/[M040133]리보플라빈/[M040512]인산리보플라빈나트륨/[M050367]테트라부티르산리보플라빈/[M050368]인산리보플라빈/[M050369]리보플라빈-5-인산나트륨/[M081186]리보플라빈33 1/3%/[M082711]리보플라빈낙산에스텔/[M082719]리보플라빈33 1/3%산/[M083052]리보플라빈98%DC/[M083101]낙산리보플라빈/[M083163]리보플라빈98%/[M083404]리보플라빈33 1/3%과립/[M085688]직탁용리보플라빈98%/[M090982]리보플라빈산나트륨/[M091022]리보플라빈98%과립/[M091383]리보플라빈25%과립/[M092484]부티르산리보플라빈/[M100456]리보플라빈3배산/[M100480]인산리보플라빈나트륨이수화물/[M101969]리보플라빈E101/[M200421]리보플라빈33ㆍ3%/[M200422]리보플라빈33ㆍ3%과립/[M200423]리보플라빈33ㆍ3%산/[M203723]인산리보플라빈소듐/[M206124]조리보플라빈/[M216041]리보플라빈3배산(리보플라빈으로서 5밀리그램)/[M216399]리보플라빈 3배산(리보플라빈으로서 0.84밀리그램)/[M217503]리보플라빈인산에스텔나트륨/[M218021]안산리보플라빈나트륨/[M222995]리보플라빈부티레이트/[M222996]리보플라빈포스페이트나트륨/[M222997]리보플라빈포스페이트나트륨 주사액/[M232651]제피리보플라빈/[M249967]리보플라빈부틸레이트/[M249982]리보플라빈나트륨포스페이트/[A006116]메틸에페드린/[I006391]dl-메틸에페드린염산염/[M204422]dl-메틸에페드린염산염/[M223022]dl-메틸에페드린염산염 산 10%/[M235519]디엘메틸에페드린염산염/[M240608]dI-메틸에페드린염산염/[M240859]디엘-메틸에페드린염산염/[M252389]㎗-메틸에페드린염산염/[M264046]DL-메틸에페드린염산염/[C040354]아스코르빈산/[C050961]아스코르빈산철/[C080210]아스코르빈산나트륨/[C081017]아스코르빈산90%과립/[C081495]아스코르빈산펠렛/[C081615]아스코르빈산 제피과립/[C081679]아스코르빈산60%/[C081772]제피아스코르빈산TYPE-SC/[C081998]아스코르빈팔미틴산/[C082617]아스코르빈산제피산/[C082841]아스코르빈산98%과립/[C082845]제피형아스코르빈산96%/[C082850]직탁용아스코르빈산/[C082857]제피아스코르빈산/[C083022]아스코르빈산96%과립/[C083040]아스코르빈산97%과립/[C083727]아스코르빈산제피산98%DC/[C083984]아스코르빈산칼슘/[C084311]엘-아스코르빈산나트륨/[C084327]아스코르빈산과립/[C084388]아스코르빈산나트륨99%/[C084419]아스코르빈산98%/[C084433]아스코르빈산97ㆍ5%과립/[C084448]아스코르빈산97%/[C084495]아스코르빈산칼슘97%과립/[C084658]아스코르빈산96%/[C084927]제피형아스코르빈산96%Type SC/[C085686]직탁용아스코르빈산98%/[C085785]아스코르빈산스테아레이트/[C086801]제피아스코르빈산97ㆍ5%/[C087036]코팅된아스코르빈산/[C088252]아스코르빈산제제/[C089177]아스코르빈산96%SC/[C090019]90%아스코르빈산/[C091430]아스코르빈산유캡/[C094260]95%아스코르빈산/[C094676]3-O-에칠아스코르빈산/[C095118]제피아스코르빈산96%/[C095392]아스코르빌팔미테이트/[C095412]제피아스코르빈사96% Type SC/[C095426]제피아스코르빈산96%가루/[C095604]아스코르빈산90%/[C099084]아스코르빈산팔미테이트/[C099734]아스코르브산90%과립/[C099910]직타용아스코르빈산/[C100271]팔미틴산아스코르빈산/[C100420]엘-아스코르빈산/[C101135]90%아스코르빈산과립/[C102189]아스코르빅애씨드/[C312780]소듐아스코르베이트/[C312824]아스코르빌 테트라이소팔미테이트/[C317903]글루코사민아스코르베이트/[C318482]칼슘 아스코르베이트/[C320842]아스코르빅애씨드/[C400592]아스코르빌니코티네이트/[I000229]아스코르빈산칼슘/[I001468]아스코르빈산제일철/[I001971]마그네슘아스코르베이트/[I003752]아스코르빈산나트륨/[I004351]아스코르브산/[M040354]아스코르빈산/[M050961]아스코르빈산철/[M080210]아스코르빈산나트륨/[M081017]아스코르빈산90%과립/[M081495]아스코르빈산펠렛/[M081615]아스코르빈산제피과립/[M081679]아스코르빈산60%/[M081772]제피아스코르빈산TYPE-SC/[M081998]아스코르빈팔미틴산/[M082617]아스코르빈산제피산/[M082841]아스코르빈산98%과립/[M082845]제피아스코르빈산96%/[M082850]직타용아스코르빈산/[M082857]제피아스코르빈산/[M083022]아스코르빈산96%과립/[M083040]아스코르빈산97%과립/[M083727]아스코르빈산제피산98%DC/[M083960]제피아스코르빈산TYPE-SC/[M083984]아스코르빈산칼슘/[M084311]엘아스코르빈산나트륨/[M084327]아스코르빈산과립/[M084388]아스코르빈산나트륨99%/[M084419]아스코르빈산98%/[M084433]아스코르빈산97ㆍ5%과립/[M084448]아스코르빈산97%/[M084495]아스코르빈산칼슘97%과립/[M084658]아스코르빈산96%/[M084927]제피아스코르빈산96%Type SC/[M085686]직타용아스코르빈산98%/[M087036]제피아스코르빈산/[M088252]아스코르빈산/[M089177]아스코르빈산96%SC/[M090019]아스코르빈산90%/[M091430]아스코르빈산유캡/[M094260]아스코르빈산95%/[M095392]아스코르빌팔미테이트/[M095426]제피아스코르빈산96%가루/[M095604]아스코르빈산90%/[M099084]아스코르빈산팔미테이트/[M100271]팔미틴산아스코르빈산/[M100420]엘-아스코르빈산/[M103048]제피형아스코르빈산96%TypeSC/[M103617]팔미틴산아스코르빌/[M104937]아스코르빈산97%분말/[M105763]아스코르빈산제제/[M107308]제피아스코르빈산97.0%가루/[M107594]소듐엘아스코르베이트/[M201112]아스코르빈산제일철/[M201618]제피아스코르빈사96%TypeSC/[M201620]제피아스코르빈산가루/[M201622]제피아스코르빈산TYPEB/[M203450]아스코르브산/[M203451]아스코르브산소듐/[M203452]아스코르빈산소듐/[M207370]팔미틴산아스코르브산/[M207385]아스코르빈산 97(아스코르빈산으로서 600mg)/[M207533]아스코르빈산 97(아스코르빈산으로서 600㎎)/[M209224]직타용아스코르빈산97%/[M210040]제피아스코르빈산97%과립/[M210875]소듐L-아스코르베이트/[M211316]아스코르빈산 산/[M211364]제피형아스코르빈산96%/[M211402]직타용아스코르빈산 90%/[M212742]아스코르빈산과립 97%(아스코르빈산으로서 83.3밀리그램)/[M214926]제피아스코르빈산 Type SC/[M215692]아스코르빈산(비타민C)/[M216038]아스코르빈산과립97%(아스코르빈산으로서 75밀리그램)/[M216398]아스코르빈산과립97%(아스코르빈산으로서 83.34밀리그램)/[M220142]직타용아스코르빈산(97%)/[M220180]아스코르빈산 97/[M223105]아스코르브산 산/[M223106]아스코르브산 정/[M223107]아스코르브산 주사액/[M224238]아스코르브산97/[M225398]아스코르빈산 Type FC/[M226183]아스코르빈산과립97%/[M227509]아스코르브산97%과립/[M229451]아스코르빈산 90%과립/[M229497]제피아스코르빈산 96% Type SC/[M234001]아스코르브산과립97%/[M236177]아스코르브산 90%과립/[M236913]제피아스코르브산/[M236926]직타용아스코르브산/[M239246]L-아스코르빈산/[M239251]L-아스코르빈산나트륨/[M239556]제피아스코르브산96% Type SC/[M241223]아스코르브산90%과립/[M242242]제피아스코르빈산*/[M243471]엘-아스코르빈산나트륨/[M243491]아스코르브산 97/[M244591]엘-아스코르빈산나트륨/[M244678]아스코르브산 97/[M245849]제피아스코르브산에스씨/[M245878]아스코르브산팔미테이트/[M246161]직타용아스코르브산97%/[M246638]아스코르브산97%/[M246709]아스코르브산나트륨/[M246900]90%아스코르브산/[M248326]아스코르빌나트륨포스페이트/[M249820]아스코르브산96%과립/[M250406]아스코르브산과립/[M250800]제피아스코르브산 TYPE-SC/[M251500]제피아스코르브산96%가루/[M252473]아스코르브산칼슘/[M252874]아스코르브산나트륨/[M252882]L-아스코르브산/[M253028]아스코르브산칼슘수화물/[M254082]제피아스코르브산 Type SC/[M254227]제피형아스코르브산96%TypeSC/[M254749]아스코르브산95%과립/[M254848]90%아스코르브산과립/[M256156]아스코르브산과립96%/[M257558]제피아스코르브산96%/[M257734]아스코르브산 과립90%/[M258008]아스코르브산칼슘이수화물/[M258592]작타용아스코르브산 97 %/[M258994]아스코르브산/[M259386]L-아스코르브산나트륨/[M259573]L-아스코르브산/[M261728]아스코르브산97%(직타용)/[M263901]제피아스코르브산97%가루/[M264037]90%아스코르빈산/[M265896]제피아스코르브산97.5%가루/[M040579]카페인(함수)/[M040580]무수카페인/[M090611]카페인/[M223183]카페인무수물/[M223184]카페인수화물/[M241017]무수물카페인/[M040616]말레인산클로르페니라민/[M050213]말레인산덱스클로르페니라민/[M051529]클로르페니라민/[M082701]디엘말레인산클로르페니라민/[M083325]디말레인산클로르페니라민/[M099959]말레인산클로로페니라민/[M100018]말레산클로르페니라민/[M100476]디말레인산클로르페니라민/[M101581]디엘말레인산클로르페니라민/[M200471]말레인산클로르페니라민제피과립/[M202197]D-말레인산클로르페니라민/[M202204]DL-말레인산클로르페니라민/[M203913]클로르페니라민말레인산염/[M212847]클로르페니라민말레이트/[M223211]클로르페니라민말레산염/[M223212]d-클로르페니라민말레산염/[M223213]클로르페니라민말레산염 산/[M223214]클로르페니라민말레산염 정/[M223215]클로르페니라민말레산염 주사액/[M226783]dl-클로르페니라민말레산염/[M249715]덱스클로르페니라민 말레산염/[M251936]덱스클로르페니라민말레이트/[M223258]티아민염산염/[M223262]티아민질산염/[M243282]티아민질산염3배산","[01140]해열.진통.소염제","","4,000밀리그램",20180831,"아세트아미노펜으로서 4,000mg/day(모든제형, 단일제.복합제 포함)","","정상"
3704,"용량주의","복합",D000147,Acetaminophen,"아세트아미노펜","[D001114]Magnessium Oxide(산화마그네슘)/[D000852]Caffeine(카페인)/[D000998]Thiamine(티아민)","[M040353]아세트아미노펜/[M082309]아세트아미노펜제피세립/[M233006]아세트아미노펜 DC 500/600/[M246556]아세트아미노펜 (미분화)/[M262287]아세트아미노펜 과립/[C040262]산화마그네슘/[C040263]중질산화마그네슘/[C083202]산화마그네슘40%/[M040262]산화마그네슘/[M040263]중질산화마그네슘/[M083202]산화마그네슘40%/[M086039]경질산화마그네슘/[M216048]산화마그네슘(마그네슘으로서 3밀리그램)/[M040579]카페인(함수)/[M040580]무수카페인/[M090611]카페인/[M223183]카페인무수물/[M223184]카페인수화물/[M241017]무수물카페인/[M223258]티아민염산염/[M223262]티아민질산염/[M243282]티아민질산염3배산","[01140]해열.진통.소염제","","4,000밀리그램",20180831,"아세트아미노펜으로서 4,000mg/day(모든제형, 단일제.복합제 포함)","","정상"
3705,"용량주의","복합",D000147,Acetaminophen,"아세트아미노펜","[D001104]Sochoengryoung-tang(소청룡탕)/[D000448]Pseudoephedrine(슈도에페드린)/[D000893]Chlorpheniramine(클로르페니라민)","[M040353]아세트아미노펜/[M082309]아세트아미노펜제피세립/[M233006]아세트아미노펜 DC 500/600/[M246556]아세트아미노펜 (미분화)/[M262287]아세트아미노펜 과립/[C040140]소청룡탕건조엑스/[C080611]소청룡탕유동엑스/[C083503]소청룡탕엑스분말/[C086635]소청룡탕연조엑스/[C091418]소청룡탕물연조엑스/[C101353]소청룡탕엑스(13 →1)/[M040140]소청룡탕건조엑스/[M080611]소청룡탕유동엑스/[M083503]소청룡탕엑스분말/[M086635]소청룡탕연조엑스/[M091418]소청룡탕물연조엑스/[M101353]소청룡탕엑스(13 →1)/[M102718]소청룡탕건조엑스(13→1)/[M103669]소청룡탕연조엑스(6.3→1)/[M104005]소청룡탕엑스/[M104399]소청룡탕건조엑스(4.4:1)/[M104719]소청룡탕건조엑스(7.69→1)/[M104745]소청룡탕건조엑스(9.00→1)/[M104829]소청룡탕건조엑스(7.30→1)/[M105817]소청룡탕엑스분말(8.4→1)/[M107273]소청룡탕건조엑스(10→1)/[M201011]소청룡탕엑스가루/[M207025]소청룡탕건조엑스(13:1)/[M229051]소청룡탕 연조엑스(3.57→1)/[M240280]소청룡탕건조엑스(9.47:1)/[M252443]소청룡탕연조엑스[2.77→1]/[M260766]소청룡탕연조엑스(1.67→1)/[M261813]소청룡탕연조엑스(6.3→1)/[M261859]소청룡탕건조엑스(6.0→1)/[M050833]염산슈도에페드린/[M081720]황산슈도에페드린/[M203364]슈도에페드린염산염/[M222865]수도에페드린염산염/[M248579]수도에페드린황산염/[M256034]수도에페드린염산염 과립/[M258826]수도에페드린/[M040616]말레인산클로르페니라민/[M050213]말레인산덱스클로르페니라민/[M051529]클로르페니라민/[M082701]디엘말레인산클로르페니라민/[M083325]디말레인산클로르페니라민/[M099959]말레인산클로로페니라민/[M100018]말레산클로르페니라민/[M100476]디말레인산클로르페니라민/[M101581]디엘말레인산클로르페니라민/[M200471]말레인산클로르페니라민제피과립/[M202197]D-말레인산클로르페니라민/[M202204]DL-말레인산클로르페니라민/[M203913]클로르페니라민말레인산염/[M212847]클로르페니라민말레이트/[M223211]클로르페니라민말레산염/[M223212]d-클로르페니라민말레산염/[M223213]클로르페니라민말레산염 산/[M223214]클로르페니라민말레산염 정/[M223215]클로르페니라민말레산염 주사액/[M226783]dl-클로르페니라민말레산염/[M249715]덱스클로르페니라민 말레산염/[M251936]덱스클로르페니라민말레이트","[01140]해열.진통.소염제","","4,000밀리그램",20180831,"아세트아미노펜으로서 4,000mg/day(모든제형, 단일제.복합제 포함)","","정상"
3707,"용량주의","복합",D000147,Acetaminophen,"아세트아미노펜","[D000448]Pseudoephedrine(슈도에페드린)/[D000852]Caffeine(카페인)/[D000893]Chlorpheniramine(클로르페니라민)","[M040353]아세트아미노펜/[M082309]아세트아미노펜제피세립/[M233006]아세트아미노펜 DC 500/600/[M246556]아세트아미노펜 (미분화)/[M262287]아세트아미노펜 과립/[M050833]염산슈도에페드린/[M081720]황산슈도에페드린/[M203364]슈도에페드린염산염/[M222865]수도에페드린염산염/[M248579]수도에페드린황산염/[M256034]수도에페드린염산염 과립/[M258826]수도에페드린/[M040579]카페인(함수)/[M040580]무수카페인/[M090611]카페인/[M223183]카페인무수물/[M223184]카페인수화물/[M241017]무수물카페인/[M040616]말레인산클로르페니라민/[M050213]말레인산덱스클로르페니라민/[M051529]클로르페니라민/[M082701]디엘말레인산클로르페니라민/[M083325]디말레인산클로르페니라민/[M099959]말레인산클로로페니라민/[M100018]말레산클로르페니라민/[M100476]디말레인산클로르페니라민/[M101581]디엘말레인산클로르페니라민/[M200471]말레인산클로르페니라민제피과립/[M202197]D-말레인산클로르페니라민/[M202204]DL-말레인산클로르페니라민/[M203913]클로르페니라민말레인산염/[M212847]클로르페니라민말레이트/[M223211]클로르페니라민말레산염/[M223212]d-클로르페니라민말레산염/[M223213]클로르페니라민말레산염 산/[M223214]클로르페니라민말레산염 정/[M223215]클로르페니라민말레산염 주사액/[M226783]dl-클로르페니라민말레산염/[M249715]덱스클로르페니라민 말레산염/[M251936]덱스클로르페니라민말레이트","[01140]해열.진통.소염제","","4,000밀리그램",20180831,"아세트아미노펜으로서 4,000mg/day(모든제형, 단일제.복합제 포함)","","정상"
3870,"용량주의","복합",D000147,Acetaminophen,"아세트아미노펜","[D001098]Noscapine(노스카핀)/[D001101]Riboflavin(리보플라빈)/[D001116]Methylephedrine(메틸에페드린)/[D001106]Ascorbic acid(아스코르브산)/[D000847]Ethenzamide(에텐자미드)/[D000852]Caffeine(카페인)/[D000893]Chlorpheniramine(클로르페니라민)/[D000998]Thiamine(티아민)","[M040353]아세트아미노펜/[M082309]아세트아미노펜제피세립/[M233006]아세트아미노펜 DC 500/600/[M246556]아세트아미노펜 (미분화)/[M262287]아세트아미노펜 과립/[C040059]노스카핀/[C040060]염산노스카핀/[I002629]노스카핀/[I002630]노스카핀캄실레이트/[I002631]노스카핀염산염수화물/[M040059]노스카핀/[M040060]염산노스카핀/[M222947]노스카핀염산염수화물/[M223470]노스카핀염산염수화물/[M245380]노스카핀염산염/[C040133]리보플라빈/[C040512]인산리보플라빈나트륨/[C050367]테트라부티르산리보플라빈/[C050368]인산리보플라빈/[C050369]리보플라빈-5-인산나트륨/[C081186]리보플라빈33 1/3%/[C082711]리보플라빈낙산에스텔/[C082719]리보플라빈331/3%산/[C083052]리보플라빈98%DC/[C083101]낙산리보플라빈/[C083163]리보플라빈98%/[C083404]리보플라빈33 1/3%과립/[C084424]염산리보플라빈나트륨/[C085688]직탁용리보플라빈98%/[C089984]리보플라빈인산나트륨/[C090982]리보플라빈산나트륨/[C091022]리보플라빈98%과립/[C091383]리보플라빈25%과립/[C092484]부티르산리보플라빈/[C100456]리보플라빈3배산/[C100480]인산리보플라빈나트륨이수화물/[C101969]리보플라빈E101/[C202525]리보플라빈/[C401176]리보플라빈/[C407713]소듐리보플라빈포스페이트/[C409503]리보플라빈테트라부티레이트/[C422825]리보플라빈/[C422826]리보플라빈테트라부티레이트/[C422827]리보플라빈테트라아세테이트/[C425375]소듐리보플라빈포스페이트/[I003529]리보플라빈/[I003530]리보플라빈포스페이트나트륨/[I006525]리보플라빈부티레이트/[I007430]인산리보플라빈/[I007658]인산리보플라빈나트륨이수화물/[I007907]리보플라빈산나트륨/[M040133]리보플라빈/[M040512]인산리보플라빈나트륨/[M050367]테트라부티르산리보플라빈/[M050368]인산리보플라빈/[M050369]리보플라빈-5-인산나트륨/[M081186]리보플라빈33 1/3%/[M082711]리보플라빈낙산에스텔/[M082719]리보플라빈33 1/3%산/[M083052]리보플라빈98%DC/[M083101]낙산리보플라빈/[M083163]리보플라빈98%/[M083404]리보플라빈33 1/3%과립/[M085688]직탁용리보플라빈98%/[M090982]리보플라빈산나트륨/[M091022]리보플라빈98%과립/[M091383]리보플라빈25%과립/[M092484]부티르산리보플라빈/[M100456]리보플라빈3배산/[M100480]인산리보플라빈나트륨이수화물/[M101969]리보플라빈E101/[M200421]리보플라빈33ㆍ3%/[M200422]리보플라빈33ㆍ3%과립/[M200423]리보플라빈33ㆍ3%산/[M203723]인산리보플라빈소듐/[M206124]조리보플라빈/[M216041]리보플라빈3배산(리보플라빈으로서 5밀리그램)/[M216399]리보플라빈 3배산(리보플라빈으로서 0.84밀리그램)/[M217503]리보플라빈인산에스텔나트륨/[M218021]안산리보플라빈나트륨/[M222995]리보플라빈부티레이트/[M222996]리보플라빈포스페이트나트륨/[M222997]리보플라빈포스페이트나트륨 주사액/[M232651]제피리보플라빈/[M249967]리보플라빈부틸레이트/[M249982]리보플라빈나트륨포스페이트/[A006116]메틸에페드린/[I006391]dl-메틸에페드린염산염/[M204422]dl-메틸에페드린염산염/[M223022]dl-메틸에페드린염산염 산 10%/[M235519]디엘메틸에페드린염산염/[M240608]dI-메틸에페드린염산염/[M240859]디엘-메틸에페드린염산염/[M252389]㎗-메틸에페드린염산염/[M264046]DL-메틸에페드린염산염/[C040354]아스코르빈산/[C050961]아스코르빈산철/[C080210]아스코르빈산나트륨/[C081017]아스코르빈산90%과립/[C081495]아스코르빈산펠렛/[C081615]아스코르빈산 제피과립/[C081679]아스코르빈산60%/[C081772]제피아스코르빈산TYPE-SC/[C081998]아스코르빈팔미틴산/[C082617]아스코르빈산제피산/[C082841]아스코르빈산98%과립/[C082845]제피형아스코르빈산96%/[C082850]직탁용아스코르빈산/[C082857]제피아스코르빈산/[C083022]아스코르빈산96%과립/[C083040]아스코르빈산97%과립/[C083727]아스코르빈산제피산98%DC/[C083984]아스코르빈산칼슘/[C084311]엘-아스코르빈산나트륨/[C084327]아스코르빈산과립/[C084388]아스코르빈산나트륨99%/[C084419]아스코르빈산98%/[C084433]아스코르빈산97ㆍ5%과립/[C084448]아스코르빈산97%/[C084495]아스코르빈산칼슘97%과립/[C084658]아스코르빈산96%/[C084927]제피형아스코르빈산96%Type SC/[C085686]직탁용아스코르빈산98%/[C085785]아스코르빈산스테아레이트/[C086801]제피아스코르빈산97ㆍ5%/[C087036]코팅된아스코르빈산/[C088252]아스코르빈산제제/[C089177]아스코르빈산96%SC/[C090019]90%아스코르빈산/[C091430]아스코르빈산유캡/[C094260]95%아스코르빈산/[C094676]3-O-에칠아스코르빈산/[C095118]제피아스코르빈산96%/[C095392]아스코르빌팔미테이트/[C095412]제피아스코르빈사96% Type SC/[C095426]제피아스코르빈산96%가루/[C095604]아스코르빈산90%/[C099084]아스코르빈산팔미테이트/[C099734]아스코르브산90%과립/[C099910]직타용아스코르빈산/[C100271]팔미틴산아스코르빈산/[C100420]엘-아스코르빈산/[C101135]90%아스코르빈산과립/[C102189]아스코르빅애씨드/[C312780]소듐아스코르베이트/[C312824]아스코르빌 테트라이소팔미테이트/[C317903]글루코사민아스코르베이트/[C318482]칼슘 아스코르베이트/[C320842]아스코르빅애씨드/[C400592]아스코르빌니코티네이트/[I000229]아스코르빈산칼슘/[I001468]아스코르빈산제일철/[I001971]마그네슘아스코르베이트/[I003752]아스코르빈산나트륨/[I004351]아스코르브산/[M040354]아스코르빈산/[M050961]아스코르빈산철/[M080210]아스코르빈산나트륨/[M081017]아스코르빈산90%과립/[M081495]아스코르빈산펠렛/[M081615]아스코르빈산제피과립/[M081679]아스코르빈산60%/[M081772]제피아스코르빈산TYPE-SC/[M081998]아스코르빈팔미틴산/[M082617]아스코르빈산제피산/[M082841]아스코르빈산98%과립/[M082845]제피아스코르빈산96%/[M082850]직타용아스코르빈산/[M082857]제피아스코르빈산/[M083022]아스코르빈산96%과립/[M083040]아스코르빈산97%과립/[M083727]아스코르빈산제피산98%DC/[M083960]제피아스코르빈산TYPE-SC/[M083984]아스코르빈산칼슘/[M084311]엘아스코르빈산나트륨/[M084327]아스코르빈산과립/[M084388]아스코르빈산나트륨99%/[M084419]아스코르빈산98%/[M084433]아스코르빈산97ㆍ5%과립/[M084448]아스코르빈산97%/[M084495]아스코르빈산칼슘97%과립/[M084658]아스코르빈산96%/[M084927]제피아스코르빈산96%Type SC/[M085686]직타용아스코르빈산98%/[M087036]제피아스코르빈산/[M088252]아스코르빈산/[M089177]아스코르빈산96%SC/[M090019]아스코르빈산90%/[M091430]아스코르빈산유캡/[M094260]아스코르빈산95%/[M095392]아스코르빌팔미테이트/[M095426]제피아스코르빈산96%가루/[M095604]아스코르빈산90%/[M099084]아스코르빈산팔미테이트/[M100271]팔미틴산아스코르빈산/[M100420]엘-아스코르빈산/[M103048]제피형아스코르빈산96%TypeSC/[M103617]팔미틴산아스코르빌/[M104937]아스코르빈산97%분말/[M105763]아스코르빈산제제/[M107308]제피아스코르빈산97.0%가루/[M107594]소듐엘아스코르베이트/[M201112]아스코르빈산제일철/[M201618]제피아스코르빈사96%TypeSC/[M201620]제피아스코르빈산가루/[M201622]제피아스코르빈산TYPEB/[M203450]아스코르브산/[M203451]아스코르브산소듐/[M203452]아스코르빈산소듐/[M207370]팔미틴산아스코르브산/[M207385]아스코르빈산 97(아스코르빈산으로서 600mg)/[M207533]아스코르빈산 97(아스코르빈산으로서 600㎎)/[M209224]직타용아스코르빈산97%/[M210040]제피아스코르빈산97%과립/[M210875]소듐L-아스코르베이트/[M211316]아스코르빈산 산/[M211364]제피형아스코르빈산96%/[M211402]직타용아스코르빈산 90%/[M212742]아스코르빈산과립 97%(아스코르빈산으로서 83.3밀리그램)/[M214926]제피아스코르빈산 Type SC/[M215692]아스코르빈산(비타민C)/[M216038]아스코르빈산과립97%(아스코르빈산으로서 75밀리그램)/[M216398]아스코르빈산과립97%(아스코르빈산으로서 83.34밀리그램)/[M220142]직타용아스코르빈산(97%)/[M220180]아스코르빈산 97/[M223105]아스코르브산 산/[M223106]아스코르브산 정/[M223107]아스코르브산 주사액/[M224238]아스코르브산97/[M225398]아스코르빈산 Type FC/[M226183]아스코르빈산과립97%/[M227509]아스코르브산97%과립/[M229451]아스코르빈산 90%과립/[M229497]제피아스코르빈산 96% Type SC/[M234001]아스코르브산과립97%/[M236177]아스코르브산 90%과립/[M236913]제피아스코르브산/[M236926]직타용아스코르브산/[M239246]L-아스코르빈산/[M239251]L-아스코르빈산나트륨/[M239556]제피아스코르브산96% Type SC/[M241223]아스코르브산90%과립/[M242242]제피아스코르빈산*/[M243471]엘-아스코르빈산나트륨/[M243491]아스코르브산 97/[M244591]엘-아스코르빈산나트륨/[M244678]아스코르브산 97/[M245849]제피아스코르브산에스씨/[M245878]아스코르브산팔미테이트/[M246161]직타용아스코르브산97%/[M246638]아스코르브산97%/[M246709]아스코르브산나트륨/[M246900]90%아스코르브산/[M248326]아스코르빌나트륨포스페이트/[M249820]아스코르브산96%과립/[M250406]아스코르브산과립/[M250800]제피아스코르브산 TYPE-SC/[M251500]제피아스코르브산96%가루/[M252473]아스코르브산칼슘/[M252874]아스코르브산나트륨/[M252882]L-아스코르브산/[M253028]아스코르브산칼슘수화물/[M254082]제피아스코르브산 Type SC/[M254227]제피형아스코르브산96%TypeSC/[M254749]아스코르브산95%과립/[M254848]90%아스코르브산과립/[M256156]아스코르브산과립96%/[M257558]제피아스코르브산96%/[M257734]아스코르브산 과립90%/[M258008]아스코르브산칼슘이수화물/[M258592]작타용아스코르브산 97 %/[M258994]아스코르브산/[M259386]L-아스코르브산나트륨/[M259573]L-아스코르브산/[M261728]아스코르브산97%(직타용)/[M263901]제피아스코르브산97%가루/[M264037]90%아스코르빈산/[M265896]제피아스코르브산97.5%가루/[M040417]에텐자미드/[M095771]에덴자미드/[M040579]카페인(함수)/[M040580]무수카페인/[M090611]카페인/[M223183]카페인무수물/[M223184]카페인수화물/[M241017]무수물카페인/[M040616]말레인산클로르페니라민/[M050213]말레인산덱스클로르페니라민/[M051529]클로르페니라민/[M082701]디엘말레인산클로르페니라민/[M083325]디말레인산클로르페니라민/[M099959]말레인산클로로페니라민/[M100018]말레산클로르페니라민/[M100476]디말레인산클로르페니라민/[M101581]디엘말레인산클로르페니라민/[M200471]말레인산클로르페니라민제피과립/[M202197]D-말레인산클로르페니라민/[M202204]DL-말레인산클로르페니라민/[M203913]클로르페니라민말레인산염/[M212847]클로르페니라민말레이트/[M223211]클로르페니라민말레산염/[M223212]d-클로르페니라민말레산염/[M223213]클로르페니라민말레산염 산/[M223214]클로르페니라민말레산염 정/[M223215]클로르페니라민말레산염 주사액/[M226783]dl-클로르페니라민말레산염/[M249715]덱스클로르페니라민 말레산염/[M251936]덱스클로르페니라민말레이트/[M223258]티아민염산염/[M223262]티아민질산염/[M243282]티아민질산염3배산","[01140]해열.진통.소염제","","4000밀리그램",20180831,"아세트아미노펜으로서 4,000mg/day(모든제형, 단일제.복합제 포함)","","정상"
3871,"용량주의","복합",D000147,Acetaminophen,"아세트아미노펜","[D000200]Dextromethorphan(덱스트로메토르판)/[D001101]Riboflavin(리보플라빈)/[D001116]Methylephedrine(메틸에페드린)/[D000448]Pseudoephedrine(슈도에페드린)/[D001106]Ascorbic acid(아스코르브산)/[D000852]Caffeine(카페인)/[D000893]Chlorpheniramine(클로르페니라민)/[D000998]Thiamine(티아민)","[M040353]아세트아미노펜/[M082309]아세트아미노펜제피세립/[M233006]아세트아미노펜 DC 500/600/[M246556]아세트아미노펜 (미분화)/[M262287]아세트아미노펜 과립/[M040084]브롬화수소산덱스트로메토르판/[M202983]덱스트로메토르판브롬화수소산염/[M222957]덱스트로메토르판브롬화수소산염수화물/[C040133]리보플라빈/[C040512]인산리보플라빈나트륨/[C050367]테트라부티르산리보플라빈/[C050368]인산리보플라빈/[C050369]리보플라빈-5-인산나트륨/[C081186]리보플라빈33 1/3%/[C082711]리보플라빈낙산에스텔/[C082719]리보플라빈331/3%산/[C083052]리보플라빈98%DC/[C083101]낙산리보플라빈/[C083163]리보플라빈98%/[C083404]리보플라빈33 1/3%과립/[C084424]염산리보플라빈나트륨/[C085688]직탁용리보플라빈98%/[C089984]리보플라빈인산나트륨/[C090982]리보플라빈산나트륨/[C091022]리보플라빈98%과립/[C091383]리보플라빈25%과립/[C092484]부티르산리보플라빈/[C100456]리보플라빈3배산/[C100480]인산리보플라빈나트륨이수화물/[C101969]리보플라빈E101/[C202525]리보플라빈/[C401176]리보플라빈/[C407713]소듐리보플라빈포스페이트/[C409503]리보플라빈테트라부티레이트/[C422825]리보플라빈/[C422826]리보플라빈테트라부티레이트/[C422827]리보플라빈테트라아세테이트/[C425375]소듐리보플라빈포스페이트/[I003529]리보플라빈/[I003530]리보플라빈포스페이트나트륨/[I006525]리보플라빈부티레이트/[I007430]인산리보플라빈/[I007658]인산리보플라빈나트륨이수화물/[I007907]리보플라빈산나트륨/[M040133]리보플라빈/[M040512]인산리보플라빈나트륨/[M050367]테트라부티르산리보플라빈/[M050368]인산리보플라빈/[M050369]리보플라빈-5-인산나트륨/[M081186]리보플라빈33 1/3%/[M082711]리보플라빈낙산에스텔/[M082719]리보플라빈33 1/3%산/[M083052]리보플라빈98%DC/[M083101]낙산리보플라빈/[M083163]리보플라빈98%/[M083404]리보플라빈33 1/3%과립/[M085688]직탁용리보플라빈98%/[M090982]리보플라빈산나트륨/[M091022]리보플라빈98%과립/[M091383]리보플라빈25%과립/[M092484]부티르산리보플라빈/[M100456]리보플라빈3배산/[M100480]인산리보플라빈나트륨이수화물/[M101969]리보플라빈E101/[M200421]리보플라빈33ㆍ3%/[M200422]리보플라빈33ㆍ3%과립/[M200423]리보플라빈33ㆍ3%산/[M203723]인산리보플라빈소듐/[M206124]조리보플라빈/[M216041]리보플라빈3배산(리보플라빈으로서 5밀리그램)/[M216399]리보플라빈 3배산(리보플라빈으로서 0.84밀리그램)/[M217503]리보플라빈인산에스텔나트륨/[M218021]안산리보플라빈나트륨/[M222995]리보플라빈부티레이트/[M222996]리보플라빈포스페이트나트륨/[M222997]리보플라빈포스페이트나트륨 주사액/[M232651]제피리보플라빈/[M249967]리보플라빈부틸레이트/[M249982]리보플라빈나트륨포스페이트/[A006116]메틸에페드린/[I006391]dl-메틸에페드린염산염/[M204422]dl-메틸에페드린염산염/[M223022]dl-메틸에페드린염산염 산 10%/[M235519]디엘메틸에페드린염산염/[M240608]dI-메틸에페드린염산염/[M240859]디엘-메틸에페드린염산염/[M252389]㎗-메틸에페드린염산염/[M264046]DL-메틸에페드린염산염/[M050833]염산슈도에페드린/[M081720]황산슈도에페드린/[M203364]슈도에페드린염산염/[M222865]수도에페드린염산염/[M248579]수도에페드린황산염/[M256034]수도에페드린염산염 과립/[M258826]수도에페드린/[C040354]아스코르빈산/[C050961]아스코르빈산철/[C080210]아스코르빈산나트륨/[C081017]아스코르빈산90%과립/[C081495]아스코르빈산펠렛/[C081615]아스코르빈산 제피과립/[C081679]아스코르빈산60%/[C081772]제피아스코르빈산TYPE-SC/[C081998]아스코르빈팔미틴산/[C082617]아스코르빈산제피산/[C082841]아스코르빈산98%과립/[C082845]제피형아스코르빈산96%/[C082850]직탁용아스코르빈산/[C082857]제피아스코르빈산/[C083022]아스코르빈산96%과립/[C083040]아스코르빈산97%과립/[C083727]아스코르빈산제피산98%DC/[C083984]아스코르빈산칼슘/[C084311]엘-아스코르빈산나트륨/[C084327]아스코르빈산과립/[C084388]아스코르빈산나트륨99%/[C084419]아스코르빈산98%/[C084433]아스코르빈산97ㆍ5%과립/[C084448]아스코르빈산97%/[C084495]아스코르빈산칼슘97%과립/[C084658]아스코르빈산96%/[C084927]제피형아스코르빈산96%Type SC/[C085686]직탁용아스코르빈산98%/[C085785]아스코르빈산스테아레이트/[C086801]제피아스코르빈산97ㆍ5%/[C087036]코팅된아스코르빈산/[C088252]아스코르빈산제제/[C089177]아스코르빈산96%SC/[C090019]90%아스코르빈산/[C091430]아스코르빈산유캡/[C094260]95%아스코르빈산/[C094676]3-O-에칠아스코르빈산/[C095118]제피아스코르빈산96%/[C095392]아스코르빌팔미테이트/[C095412]제피아스코르빈사96% Type SC/[C095426]제피아스코르빈산96%가루/[C095604]아스코르빈산90%/[C099084]아스코르빈산팔미테이트/[C099734]아스코르브산90%과립/[C099910]직타용아스코르빈산/[C100271]팔미틴산아스코르빈산/[C100420]엘-아스코르빈산/[C101135]90%아스코르빈산과립/[C102189]아스코르빅애씨드/[C312780]소듐아스코르베이트/[C312824]아스코르빌 테트라이소팔미테이트/[C317903]글루코사민아스코르베이트/[C318482]칼슘 아스코르베이트/[C320842]아스코르빅애씨드/[C400592]아스코르빌니코티네이트/[I000229]아스코르빈산칼슘/[I001468]아스코르빈산제일철/[I001971]마그네슘아스코르베이트/[I003752]아스코르빈산나트륨/[I004351]아스코르브산/[M040354]아스코르빈산/[M050961]아스코르빈산철/[M080210]아스코르빈산나트륨/[M081017]아스코르빈산90%과립/[M081495]아스코르빈산펠렛/[M081615]아스코르빈산제피과립/[M081679]아스코르빈산60%/[M081772]제피아스코르빈산TYPE-SC/[M081998]아스코르빈팔미틴산/[M082617]아스코르빈산제피산/[M082841]아스코르빈산98%과립/[M082845]제피아스코르빈산96%/[M082850]직타용아스코르빈산/[M082857]제피아스코르빈산/[M083022]아스코르빈산96%과립/[M083040]아스코르빈산97%과립/[M083727]아스코르빈산제피산98%DC/[M083960]제피아스코르빈산TYPE-SC/[M083984]아스코르빈산칼슘/[M084311]엘아스코르빈산나트륨/[M084327]아스코르빈산과립/[M084388]아스코르빈산나트륨99%/[M084419]아스코르빈산98%/[M084433]아스코르빈산97ㆍ5%과립/[M084448]아스코르빈산97%/[M084495]아스코르빈산칼슘97%과립/[M084658]아스코르빈산96%/[M084927]제피아스코르빈산96%Type SC/[M085686]직타용아스코르빈산98%/[M087036]제피아스코르빈산/[M088252]아스코르빈산/[M089177]아스코르빈산96%SC/[M090019]아스코르빈산90%/[M091430]아스코르빈산유캡/[M094260]아스코르빈산95%/[M095392]아스코르빌팔미테이트/[M095426]제피아스코르빈산96%가루/[M095604]아스코르빈산90%/[M099084]아스코르빈산팔미테이트/[M100271]팔미틴산아스코르빈산/[M100420]엘-아스코르빈산/[M103048]제피형아스코르빈산96%TypeSC/[M103617]팔미틴산아스코르빌/[M104937]아스코르빈산97%분말/[M105763]아스코르빈산제제/[M107308]제피아스코르빈산97.0%가루/[M107594]소듐엘아스코르베이트/[M201112]아스코르빈산제일철/[M201618]제피아스코르빈사96%TypeSC/[M201620]제피아스코르빈산가루/[M201622]제피아스코르빈산TYPEB/[M203450]아스코르브산/[M203451]아스코르브산소듐/[M203452]아스코르빈산소듐/[M207370]팔미틴산아스코르브산/[M207385]아스코르빈산 97(아스코르빈산으로서 600mg)/[M207533]아스코르빈산 97(아스코르빈산으로서 600㎎)/[M209224]직타용아스코르빈산97%/[M210040]제피아스코르빈산97%과립/[M210875]소듐L-아스코르베이트/[M211316]아스코르빈산 산/[M211364]제피형아스코르빈산96%/[M211402]직타용아스코르빈산 90%/[M212742]아스코르빈산과립 97%(아스코르빈산으로서 83.3밀리그램)/[M214926]제피아스코르빈산 Type SC/[M215692]아스코르빈산(비타민C)/[M216038]아스코르빈산과립97%(아스코르빈산으로서 75밀리그램)/[M216398]아스코르빈산과립97%(아스코르빈산으로서 83.34밀리그램)/[M220142]직타용아스코르빈산(97%)/[M220180]아스코르빈산 97/[M223105]아스코르브산 산/[M223106]아스코르브산 정/[M223107]아스코르브산 주사액/[M224238]아스코르브산97/[M225398]아스코르빈산 Type FC/[M226183]아스코르빈산과립97%/[M227509]아스코르브산97%과립/[M229451]아스코르빈산 90%과립/[M229497]제피아스코르빈산 96% Type SC/[M234001]아스코르브산과립97%/[M236177]아스코르브산 90%과립/[M236913]제피아스코르브산/[M236926]직타용아스코르브산/[M239246]L-아스코르빈산/[M239251]L-아스코르빈산나트륨/[M239556]제피아스코르브산96% Type SC/[M241223]아스코르브산90%과립/[M242242]제피아스코르빈산*/[M243471]엘-아스코르빈산나트륨/[M243491]아스코르브산 97/[M244591]엘-아스코르빈산나트륨/[M244678]아스코르브산 97/[M245849]제피아스코르브산에스씨/[M245878]아스코르브산팔미테이트/[M246161]직타용아스코르브산97%/[M246638]아스코르브산97%/[M246709]아스코르브산나트륨/[M246900]90%아스코르브산/[M248326]아스코르빌나트륨포스페이트/[M249820]아스코르브산96%과립/[M250406]아스코르브산과립/[M250800]제피아스코르브산 TYPE-SC/[M251500]제피아스코르브산96%가루/[M252473]아스코르브산칼슘/[M252874]아스코르브산나트륨/[M252882]L-아스코르브산/[M253028]아스코르브산칼슘수화물/[M254082]제피아스코르브산 Type SC/[M254227]제피형아스코르브산96%TypeSC/[M254749]아스코르브산95%과립/[M254848]90%아스코르브산과립/[M256156]아스코르브산과립96%/[M257558]제피아스코르브산96%/[M257734]아스코르브산 과립90%/[M258008]아스코르브산칼슘이수화물/[M258592]작타용아스코르브산 97 %/[M258994]아스코르브산/[M259386]L-아스코르브산나트륨/[M259573]L-아스코르브산/[M261728]아스코르브산97%(직타용)/[M263901]제피아스코르브산97%가루/[M264037]90%아스코르빈산/[M265896]제피아스코르브산97.5%가루/[M040579]카페인(함수)/[M040580]무수카페인/[M090611]카페인/[M223183]카페인무수물/[M223184]카페인수화물/[M241017]무수물카페인/[M040616]말레인산클로르페니라민/[M050213]말레인산덱스클로르페니라민/[M051529]클로르페니라민/[M082701]디엘말레인산클로르페니라민/[M083325]디말레인산클로르페니라민/[M099959]말레인산클로로페니라민/[M100018]말레산클로르페니라민/[M100476]디말레인산클로르페니라민/[M101581]디엘말레인산클로르페니라민/[M200471]말레인산클로르페니라민제피과립/[M202197]D-말레인산클로르페니라민/[M202204]DL-말레인산클로르페니라민/[M203913]클로르페니라민말레인산염/[M212847]클로르페니라민말레이트/[M223211]클로르페니라민말레산염/[M223212]d-클로르페니라민말레산염/[M223213]클로르페니라민말레산염 산/[M223214]클로르페니라민말레산염 정/[M223215]클로르페니라민말레산염 주사액/[M226783]dl-클로르페니라민말레산염/[M249715]덱스클로르페니라민 말레산염/[M251936]덱스클로르페니라민말레이트/[M223258]티아민염산염/[M223262]티아민질산염/[M243282]티아민질산염3배산","[01140]해열.진통.소염제","","4,000밀리그램",20180831,"아세트아미노펜으로서 4,000mg/day(모든제형, 단일제.복합제 포함)","","정상"
3872,"용량주의","복합",D000147,Acetaminophen,"아세트아미노펜","[D001101]Riboflavin(리보플라빈)/[D001116]Methylephedrine(메틸에페드린)/[D000448]Pseudoephedrine(슈도에페드린)/[D001106]Ascorbic acid(아스코르브산)/[D000852]Caffeine(카페인)/[D000893]Chlorpheniramine(클로르페니라민)/[D000981]Cloperastine(클로페라스틴)/[D000998]Thiamine(티아민)","[M040353]아세트아미노펜/[M082309]아세트아미노펜제피세립/[M233006]아세트아미노펜 DC 500/600/[M246556]아세트아미노펜 (미분화)/[M262287]아세트아미노펜 과립/[C040133]리보플라빈/[C040512]인산리보플라빈나트륨/[C050367]테트라부티르산리보플라빈/[C050368]인산리보플라빈/[C050369]리보플라빈-5-인산나트륨/[C081186]리보플라빈33 1/3%/[C082711]리보플라빈낙산에스텔/[C082719]리보플라빈331/3%산/[C083052]리보플라빈98%DC/[C083101]낙산리보플라빈/[C083163]리보플라빈98%/[C083404]리보플라빈33 1/3%과립/[C084424]염산리보플라빈나트륨/[C085688]직탁용리보플라빈98%/[C089984]리보플라빈인산나트륨/[C090982]리보플라빈산나트륨/[C091022]리보플라빈98%과립/[C091383]리보플라빈25%과립/[C092484]부티르산리보플라빈/[C100456]리보플라빈3배산/[C100480]인산리보플라빈나트륨이수화물/[C101969]리보플라빈E101/[C202525]리보플라빈/[C401176]리보플라빈/[C407713]소듐리보플라빈포스페이트/[C409503]리보플라빈테트라부티레이트/[C422825]리보플라빈/[C422826]리보플라빈테트라부티레이트/[C422827]리보플라빈테트라아세테이트/[C425375]소듐리보플라빈포스페이트/[I003529]리보플라빈/[I003530]리보플라빈포스페이트나트륨/[I006525]리보플라빈부티레이트/[I007430]인산리보플라빈/[I007658]인산리보플라빈나트륨이수화물/[I007907]리보플라빈산나트륨/[M040133]리보플라빈/[M040512]인산리보플라빈나트륨/[M050367]테트라부티르산리보플라빈/[M050368]인산리보플라빈/[M050369]리보플라빈-5-인산나트륨/[M081186]리보플라빈33 1/3%/[M082711]리보플라빈낙산에스텔/[M082719]리보플라빈33 1/3%산/[M083052]리보플라빈98%DC/[M083101]낙산리보플라빈/[M083163]리보플라빈98%/[M083404]리보플라빈33 1/3%과립/[M085688]직탁용리보플라빈98%/[M090982]리보플라빈산나트륨/[M091022]리보플라빈98%과립/[M091383]리보플라빈25%과립/[M092484]부티르산리보플라빈/[M100456]리보플라빈3배산/[M100480]인산리보플라빈나트륨이수화물/[M101969]리보플라빈E101/[M200421]리보플라빈33ㆍ3%/[M200422]리보플라빈33ㆍ3%과립/[M200423]리보플라빈33ㆍ3%산/[M203723]인산리보플라빈소듐/[M206124]조리보플라빈/[M216041]리보플라빈3배산(리보플라빈으로서 5밀리그램)/[M216399]리보플라빈 3배산(리보플라빈으로서 0.84밀리그램)/[M217503]리보플라빈인산에스텔나트륨/[M218021]안산리보플라빈나트륨/[M222995]리보플라빈부티레이트/[M222996]리보플라빈포스페이트나트륨/[M222997]리보플라빈포스페이트나트륨 주사액/[M232651]제피리보플라빈/[M249967]리보플라빈부틸레이트/[M249982]리보플라빈나트륨포스페이트/[A006116]메틸에페드린/[I006391]dl-메틸에페드린염산염/[M204422]dl-메틸에페드린염산염/[M223022]dl-메틸에페드린염산염 산 10%/[M235519]디엘메틸에페드린염산염/[M240608]dI-메틸에페드린염산염/[M240859]디엘-메틸에페드린염산염/[M252389]㎗-메틸에페드린염산염/[M264046]DL-메틸에페드린염산염/[M050833]염산슈도에페드린/[M081720]황산슈도에페드린/[M203364]슈도에페드린염산염/[M222865]수도에페드린염산염/[M248579]수도에페드린황산염/[M256034]수도에페드린염산염 과립/[M258826]수도에페드린/[C040354]아스코르빈산/[C050961]아스코르빈산철/[C080210]아스코르빈산나트륨/[C081017]아스코르빈산90%과립/[C081495]아스코르빈산펠렛/[C081615]아스코르빈산 제피과립/[C081679]아스코르빈산60%/[C081772]제피아스코르빈산TYPE-SC/[C081998]아스코르빈팔미틴산/[C082617]아스코르빈산제피산/[C082841]아스코르빈산98%과립/[C082845]제피형아스코르빈산96%/[C082850]직탁용아스코르빈산/[C082857]제피아스코르빈산/[C083022]아스코르빈산96%과립/[C083040]아스코르빈산97%과립/[C083727]아스코르빈산제피산98%DC/[C083984]아스코르빈산칼슘/[C084311]엘-아스코르빈산나트륨/[C084327]아스코르빈산과립/[C084388]아스코르빈산나트륨99%/[C084419]아스코르빈산98%/[C084433]아스코르빈산97ㆍ5%과립/[C084448]아스코르빈산97%/[C084495]아스코르빈산칼슘97%과립/[C084658]아스코르빈산96%/[C084927]제피형아스코르빈산96%Type SC/[C085686]직탁용아스코르빈산98%/[C085785]아스코르빈산스테아레이트/[C086801]제피아스코르빈산97ㆍ5%/[C087036]코팅된아스코르빈산/[C088252]아스코르빈산제제/[C089177]아스코르빈산96%SC/[C090019]90%아스코르빈산/[C091430]아스코르빈산유캡/[C094260]95%아스코르빈산/[C094676]3-O-에칠아스코르빈산/[C095118]제피아스코르빈산96%/[C095392]아스코르빌팔미테이트/[C095412]제피아스코르빈사96% Type SC/[C095426]제피아스코르빈산96%가루/[C095604]아스코르빈산90%/[C099084]아스코르빈산팔미테이트/[C099734]아스코르브산90%과립/[C099910]직타용아스코르빈산/[C100271]팔미틴산아스코르빈산/[C100420]엘-아스코르빈산/[C101135]90%아스코르빈산과립/[C102189]아스코르빅애씨드/[C312780]소듐아스코르베이트/[C312824]아스코르빌 테트라이소팔미테이트/[C317903]글루코사민아스코르베이트/[C318482]칼슘 아스코르베이트/[C320842]아스코르빅애씨드/[C400592]아스코르빌니코티네이트/[I000229]아스코르빈산칼슘/[I001468]아스코르빈산제일철/[I001971]마그네슘아스코르베이트/[I003752]아스코르빈산나트륨/[I004351]아스코르브산/[M040354]아스코르빈산/[M050961]아스코르빈산철/[M080210]아스코르빈산나트륨/[M081017]아스코르빈산90%과립/[M081495]아스코르빈산펠렛/[M081615]아스코르빈산제피과립/[M081679]아스코르빈산60%/[M081772]제피아스코르빈산TYPE-SC/[M081998]아스코르빈팔미틴산/[M082617]아스코르빈산제피산/[M082841]아스코르빈산98%과립/[M082845]제피아스코르빈산96%/[M082850]직타용아스코르빈산/[M082857]제피아스코르빈산/[M083022]아스코르빈산96%과립/[M083040]아스코르빈산97%과립/[M083727]아스코르빈산제피산98%DC/[M083960]제피아스코르빈산TYPE-SC/[M083984]아스코르빈산칼슘/[M084311]엘아스코르빈산나트륨/[M084327]아스코르빈산과립/[M084388]아스코르빈산나트륨99%/[M084419]아스코르빈산98%/[M084433]아스코르빈산97ㆍ5%과립/[M084448]아스코르빈산97%/[M084495]아스코르빈산칼슘97%과립/[M084658]아스코르빈산96%/[M084927]제피아스코르빈산96%Type SC/[M085686]직타용아스코르빈산98%/[M087036]제피아스코르빈산/[M088252]아스코르빈산/[M089177]아스코르빈산96%SC/[M090019]아스코르빈산90%/[M091430]아스코르빈산유캡/[M094260]아스코르빈산95%/[M095392]아스코르빌팔미테이트/[M095426]제피아스코르빈산96%가루/[M095604]아스코르빈산90%/[M099084]아스코르빈산팔미테이트/[M100271]팔미틴산아스코르빈산/[M100420]엘-아스코르빈산/[M103048]제피형아스코르빈산96%TypeSC/[M103617]팔미틴산아스코르빌/[M104937]아스코르빈산97%분말/[M105763]아스코르빈산제제/[M107308]제피아스코르빈산97.0%가루/[M107594]소듐엘아스코르베이트/[M201112]아스코르빈산제일철/[M201618]제피아스코르빈사96%TypeSC/[M201620]제피아스코르빈산가루/[M201622]제피아스코르빈산TYPEB/[M203450]아스코르브산/[M203451]아스코르브산소듐/[M203452]아스코르빈산소듐/[M207370]팔미틴산아스코르브산/[M207385]아스코르빈산 97(아스코르빈산으로서 600mg)/[M207533]아스코르빈산 97(아스코르빈산으로서 600㎎)/[M209224]직타용아스코르빈산97%/[M210040]제피아스코르빈산97%과립/[M210875]소듐L-아스코르베이트/[M211316]아스코르빈산 산/[M211364]제피형아스코르빈산96%/[M211402]직타용아스코르빈산 90%/[M212742]아스코르빈산과립 97%(아스코르빈산으로서 83.3밀리그램)/[M214926]제피아스코르빈산 Type SC/[M215692]아스코르빈산(비타민C)/[M216038]아스코르빈산과립97%(아스코르빈산으로서 75밀리그램)/[M216398]아스코르빈산과립97%(아스코르빈산으로서 83.34밀리그램)/[M220142]직타용아스코르빈산(97%)/[M220180]아스코르빈산 97/[M223105]아스코르브산 산/[M223106]아스코르브산 정/[M223107]아스코르브산 주사액/[M224238]아스코르브산97/[M225398]아스코르빈산 Type FC/[M226183]아스코르빈산과립97%/[M227509]아스코르브산97%과립/[M229451]아스코르빈산 90%과립/[M229497]제피아스코르빈산 96% Type SC/[M234001]아스코르브산과립97%/[M236177]아스코르브산 90%과립/[M236913]제피아스코르브산/[M236926]직타용아스코르브산/[M239246]L-아스코르빈산/[M239251]L-아스코르빈산나트륨/[M239556]제피아스코르브산96% Type SC/[M241223]아스코르브산90%과립/[M242242]제피아스코르빈산*/[M243471]엘-아스코르빈산나트륨/[M243491]아스코르브산 97/[M244591]엘-아스코르빈산나트륨/[M244678]아스코르브산 97/[M245849]제피아스코르브산에스씨/[M245878]아스코르브산팔미테이트/[M246161]직타용아스코르브산97%/[M246638]아스코르브산97%/[M246709]아스코르브산나트륨/[M246900]90%아스코르브산/[M248326]아스코르빌나트륨포스페이트/[M249820]아스코르브산96%과립/[M250406]아스코르브산과립/[M250800]제피아스코르브산 TYPE-SC/[M251500]제피아스코르브산96%가루/[M252473]아스코르브산칼슘/[M252874]아스코르브산나트륨/[M252882]L-아스코르브산/[M253028]아스코르브산칼슘수화물/[M254082]제피아스코르브산 Type SC/[M254227]제피형아스코르브산96%TypeSC/[M254749]아스코르브산95%과립/[M254848]90%아스코르브산과립/[M256156]아스코르브산과립96%/[M257558]제피아스코르브산96%/[M257734]아스코르브산 과립90%/[M258008]아스코르브산칼슘이수화물/[M258592]작타용아스코르브산 97 %/[M258994]아스코르브산/[M259386]L-아스코르브산나트륨/[M259573]L-아스코르브산/[M261728]아스코르브산97%(직타용)/[M263901]제피아스코르브산97%가루/[M264037]90%아스코르빈산/[M265896]제피아스코르브산97.5%가루/[M040579]카페인(함수)/[M040580]무수카페인/[M090611]카페인/[M223183]카페인무수물/[M223184]카페인수화물/[M241017]무수물카페인/[M040616]말레인산클로르페니라민/[M050213]말레인산덱스클로르페니라민/[M051529]클로르페니라민/[M082701]디엘말레인산클로르페니라민/[M083325]디말레인산클로르페니라민/[M099959]말레인산클로로페니라민/[M100018]말레산클로르페니라민/[M100476]디말레인산클로르페니라민/[M101581]디엘말레인산클로르페니라민/[M200471]말레인산클로르페니라민제피과립/[M202197]D-말레인산클로르페니라민/[M202204]DL-말레인산클로르페니라민/[M203913]클로르페니라민말레인산염/[M212847]클로르페니라민말레이트/[M223211]클로르페니라민말레산염/[M223212]d-클로르페니라민말레산염/[M223213]클로르페니라민말레산염 산/[M223214]클로르페니라민말레산염 정/[M223215]클로르페니라민말레산염 주사액/[M226783]dl-클로르페니라민말레산염/[M249715]덱스클로르페니라민 말레산염/[M251936]덱스클로르페니라민말레이트/[M051546]염산클로페라스틴/[M051547]펜디조산클로페라스틴/[M222890]클로페라스틴염산염/[M223258]티아민염산염/[M223262]티아민질산염/[M243282]티아민질산염3배산","[01140]해열.진통.소염제","","4,000밀리그램",20180831,"아세트아미노펜으로서 4,000mg/day(모든제형, 단일제.복합제 포함)","","정상"
3708,"용량주의","복합",D000147,Acetaminophen,"아세트아미노펜","[D000448]Pseudoephedrine(슈도에페드린)/[D000893]Chlorpheniramine(클로르페니라민)/[D000981]Cloperastine(클로페라스틴)","[M040353]아세트아미노펜/[M082309]아세트아미노펜제피세립/[M233006]아세트아미노펜 DC 500/600/[M246556]아세트아미노펜 (미분화)/[M262287]아세트아미노펜 과립/[M050833]염산슈도에페드린/[M081720]황산슈도에페드린/[M203364]슈도에페드린염산염/[M222865]수도에페드린염산염/[M248579]수도에페드린황산염/[M256034]수도에페드린염산염 과립/[M258826]수도에페드린/[M040616]말레인산클로르페니라민/[M050213]말레인산덱스클로르페니라민/[M051529]클로르페니라민/[M082701]디엘말레인산클로르페니라민/[M083325]디말레인산클로르페니라민/[M099959]말레인산클로로페니라민/[M100018]말레산클로르페니라민/[M100476]디말레인산클로르페니라민/[M101581]디엘말레인산클로르페니라민/[M200471]말레인산클로르페니라민제피과립/[M202197]D-말레인산클로르페니라민/[M202204]DL-말레인산클로르페니라민/[M203913]클로르페니라민말레인산염/[M212847]클로르페니라민말레이트/[M223211]클로르페니라민말레산염/[M223212]d-클로르페니라민말레산염/[M223213]클로르페니라민말레산염 산/[M223214]클로르페니라민말레산염 정/[M223215]클로르페니라민말레산염 주사액/[M226783]dl-클로르페니라민말레산염/[M249715]덱스클로르페니라민 말레산염/[M251936]덱스클로르페니라민말레이트/[M051546]염산클로페라스틴/[M051547]펜디조산클로페라스틴/[M222890]클로페라스틴염산염","[01140]해열.진통.소염제","","4,000밀리그램",20180831,"아세트아미노펜으로서 4,000mg/day(모든제형, 단일제.복합제 포함)","","정상"
3709,"용량주의","복합",D000147,Acetaminophen,"아세트아미노펜","[D000448]Pseudoephedrine(슈도에페드린)/[D000893]Chlorpheniramine(클로르페니라민)/[D000191]Phenylephrine(페닐레프린)","[M040353]아세트아미노펜/[M082309]아세트아미노펜제피세립/[M233006]아세트아미노펜 DC 500/600/[M246556]아세트아미노펜 (미분화)/[M262287]아세트아미노펜 과립/[M050833]염산슈도에페드린/[M081720]황산슈도에페드린/[M203364]슈도에페드린염산염/[M222865]수도에페드린염산염/[M248579]수도에페드린황산염/[M256034]수도에페드린염산염 과립/[M258826]수도에페드린/[M040616]말레인산클로르페니라민/[M050213]말레인산덱스클로르페니라민/[M051529]클로르페니라민/[M082701]디엘말레인산클로르페니라민/[M083325]디말레인산클로르페니라민/[M099959]말레인산클로로페니라민/[M100018]말레산클로르페니라민/[M100476]디말레인산클로르페니라민/[M101581]디엘말레인산클로르페니라민/[M200471]말레인산클로르페니라민제피과립/[M202197]D-말레인산클로르페니라민/[M202204]DL-말레인산클로르페니라민/[M203913]클로르페니라민말레인산염/[M212847]클로르페니라민말레이트/[M223211]클로르페니라민말레산염/[M223212]d-클로르페니라민말레산염/[M223213]클로르페니라민말레산염 산/[M223214]클로르페니라민말레산염 정/[M223215]클로르페니라민말레산염 주사액/[M226783]dl-클로르페니라민말레산염/[M249715]덱스클로르페니라민 말레산염/[M251936]덱스클로르페니라민말레이트/[M040696]염산페닐에프린/[M222724]페닐레프린염산염/[M225151]페닐에프린염산염","[01140]해열.진통.소염제","","4,000밀리그램",20180831,"아세트아미노펜으로서 4,000mg/day(모든제형, 단일제.복합제 포함)","","정상"
3712,"용량주의","복합",D000147,Acetaminophen,"아세트아미노펜","[D001115]Allylisopropylacetylurea(알릴이소프로필아세틸요소)/[D000363]Ibuprofen(이부프로펜)/[D000852]Caffeine(카페인)","[M040353]아세트아미노펜/[M082309]아세트아미노펜제피세립/[M233006]아세트아미노펜 DC 500/600/[M246556]아세트아미노펜 (미분화)/[M262287]아세트아미노펜 과립/[C092871]알릴이소프로필아세틸요소/[I007380]알릴이소프로필아세틸요소/[M050924]알릴이소프로필아세틸요소/[M092871]알릴이소프로필아세틸요소/[M051259]이부프로펜/[M071015]이부프로펜리신/[M086772]이부프로펜제피세립/[M209277]이부프로펜아르기닌/[M246943]이부프로펜나트륨이수화물/[M040579]카페인(함수)/[M040580]무수카페인/[M090611]카페인/[M223183]카페인무수물/[M223184]카페인수화물/[M241017]무수물카페인","[01140]해열.진통.소염제","","4,000밀리그램",20180831,"아세트아미노펜으로서 4,000mg/day(모든제형, 단일제.복합제 포함)","","정상"
3873,"용량주의","복합",D000147,Acetaminophen,"아세트아미노펜","[D001101]Riboflavin(리보플라빈)/[D001116]Methylephedrine(메틸에페드린)/[D001106]Ascorbic acid(아스코르브산)/[D000852]Caffeine(카페인)/[D000893]Chlorpheniramine(클로르페니라민)/[D000981]Cloperastine(클로페라스틴)/[D000998]Thiamine(티아민)/[D001107]Hyangsosan(향소산)","[M040353]아세트아미노펜/[M082309]아세트아미노펜제피세립/[M233006]아세트아미노펜 DC 500/600/[M246556]아세트아미노펜 (미분화)/[M262287]아세트아미노펜 과립/[C040133]리보플라빈/[C040512]인산리보플라빈나트륨/[C050367]테트라부티르산리보플라빈/[C050368]인산리보플라빈/[C050369]리보플라빈-5-인산나트륨/[C081186]리보플라빈33 1/3%/[C082711]리보플라빈낙산에스텔/[C082719]리보플라빈331/3%산/[C083052]리보플라빈98%DC/[C083101]낙산리보플라빈/[C083163]리보플라빈98%/[C083404]리보플라빈33 1/3%과립/[C084424]염산리보플라빈나트륨/[C085688]직탁용리보플라빈98%/[C089984]리보플라빈인산나트륨/[C090982]리보플라빈산나트륨/[C091022]리보플라빈98%과립/[C091383]리보플라빈25%과립/[C092484]부티르산리보플라빈/[C100456]리보플라빈3배산/[C100480]인산리보플라빈나트륨이수화물/[C101969]리보플라빈E101/[C202525]리보플라빈/[C401176]리보플라빈/[C407713]소듐리보플라빈포스페이트/[C409503]리보플라빈테트라부티레이트/[C422825]리보플라빈/[C422826]리보플라빈테트라부티레이트/[C422827]리보플라빈테트라아세테이트/[C425375]소듐리보플라빈포스페이트/[I003529]리보플라빈/[I003530]리보플라빈포스페이트나트륨/[I006525]리보플라빈부티레이트/[I007430]인산리보플라빈/[I007658]인산리보플라빈나트륨이수화물/[I007907]리보플라빈산나트륨/[M040133]리보플라빈/[M040512]인산리보플라빈나트륨/[M050367]테트라부티르산리보플라빈/[M050368]인산리보플라빈/[M050369]리보플라빈-5-인산나트륨/[M081186]리보플라빈33 1/3%/[M082711]리보플라빈낙산에스텔/[M082719]리보플라빈33 1/3%산/[M083052]리보플라빈98%DC/[M083101]낙산리보플라빈/[M083163]리보플라빈98%/[M083404]리보플라빈33 1/3%과립/[M085688]직탁용리보플라빈98%/[M090982]리보플라빈산나트륨/[M091022]리보플라빈98%과립/[M091383]리보플라빈25%과립/[M092484]부티르산리보플라빈/[M100456]리보플라빈3배산/[M100480]인산리보플라빈나트륨이수화물/[M101969]리보플라빈E101/[M200421]리보플라빈33ㆍ3%/[M200422]리보플라빈33ㆍ3%과립/[M200423]리보플라빈33ㆍ3%산/[M203723]인산리보플라빈소듐/[M206124]조리보플라빈/[M216041]리보플라빈3배산(리보플라빈으로서 5밀리그램)/[M216399]리보플라빈 3배산(리보플라빈으로서 0.84밀리그램)/[M217503]리보플라빈인산에스텔나트륨/[M218021]안산리보플라빈나트륨/[M222995]리보플라빈부티레이트/[M222996]리보플라빈포스페이트나트륨/[M222997]리보플라빈포스페이트나트륨 주사액/[M232651]제피리보플라빈/[M249967]리보플라빈부틸레이트/[M249982]리보플라빈나트륨포스페이트/[A006116]메틸에페드린/[I006391]dl-메틸에페드린염산염/[M204422]dl-메틸에페드린염산염/[M223022]dl-메틸에페드린염산염 산 10%/[M235519]디엘메틸에페드린염산염/[M240608]dI-메틸에페드린염산염/[M240859]디엘-메틸에페드린염산염/[M252389]㎗-메틸에페드린염산염/[M264046]DL-메틸에페드린염산염/[C040354]아스코르빈산/[C050961]아스코르빈산철/[C080210]아스코르빈산나트륨/[C081017]아스코르빈산90%과립/[C081495]아스코르빈산펠렛/[C081615]아스코르빈산 제피과립/[C081679]아스코르빈산60%/[C081772]제피아스코르빈산TYPE-SC/[C081998]아스코르빈팔미틴산/[C082617]아스코르빈산제피산/[C082841]아스코르빈산98%과립/[C082845]제피형아스코르빈산96%/[C082850]직탁용아스코르빈산/[C082857]제피아스코르빈산/[C083022]아스코르빈산96%과립/[C083040]아스코르빈산97%과립/[C083727]아스코르빈산제피산98%DC/[C083984]아스코르빈산칼슘/[C084311]엘-아스코르빈산나트륨/[C084327]아스코르빈산과립/[C084388]아스코르빈산나트륨99%/[C084419]아스코르빈산98%/[C084433]아스코르빈산97ㆍ5%과립/[C084448]아스코르빈산97%/[C084495]아스코르빈산칼슘97%과립/[C084658]아스코르빈산96%/[C084927]제피형아스코르빈산96%Type SC/[C085686]직탁용아스코르빈산98%/[C085785]아스코르빈산스테아레이트/[C086801]제피아스코르빈산97ㆍ5%/[C087036]코팅된아스코르빈산/[C088252]아스코르빈산제제/[C089177]아스코르빈산96%SC/[C090019]90%아스코르빈산/[C091430]아스코르빈산유캡/[C094260]95%아스코르빈산/[C094676]3-O-에칠아스코르빈산/[C095118]제피아스코르빈산96%/[C095392]아스코르빌팔미테이트/[C095412]제피아스코르빈사96% Type SC/[C095426]제피아스코르빈산96%가루/[C095604]아스코르빈산90%/[C099084]아스코르빈산팔미테이트/[C099734]아스코르브산90%과립/[C099910]직타용아스코르빈산/[C100271]팔미틴산아스코르빈산/[C100420]엘-아스코르빈산/[C101135]90%아스코르빈산과립/[C102189]아스코르빅애씨드/[C312780]소듐아스코르베이트/[C312824]아스코르빌 테트라이소팔미테이트/[C317903]글루코사민아스코르베이트/[C318482]칼슘 아스코르베이트/[C320842]아스코르빅애씨드/[C400592]아스코르빌니코티네이트/[I000229]아스코르빈산칼슘/[I001468]아스코르빈산제일철/[I001971]마그네슘아스코르베이트/[I003752]아스코르빈산나트륨/[I004351]아스코르브산/[M040354]아스코르빈산/[M050961]아스코르빈산철/[M080210]아스코르빈산나트륨/[M081017]아스코르빈산90%과립/[M081495]아스코르빈산펠렛/[M081615]아스코르빈산제피과립/[M081679]아스코르빈산60%/[M081772]제피아스코르빈산TYPE-SC/[M081998]아스코르빈팔미틴산/[M082617]아스코르빈산제피산/[M082841]아스코르빈산98%과립/[M082845]제피아스코르빈산96%/[M082850]직타용아스코르빈산/[M082857]제피아스코르빈산/[M083022]아스코르빈산96%과립/[M083040]아스코르빈산97%과립/[M083727]아스코르빈산제피산98%DC/[M083960]제피아스코르빈산TYPE-SC/[M083984]아스코르빈산칼슘/[M084311]엘아스코르빈산나트륨/[M084327]아스코르빈산과립/[M084388]아스코르빈산나트륨99%/[M084419]아스코르빈산98%/[M084433]아스코르빈산97ㆍ5%과립/[M084448]아스코르빈산97%/[M084495]아스코르빈산칼슘97%과립/[M084658]아스코르빈산96%/[M084927]제피아스코르빈산96%Type SC/[M085686]직타용아스코르빈산98%/[M087036]제피아스코르빈산/[M088252]아스코르빈산/[M089177]아스코르빈산96%SC/[M090019]아스코르빈산90%/[M091430]아스코르빈산유캡/[M094260]아스코르빈산95%/[M095392]아스코르빌팔미테이트/[M095426]제피아스코르빈산96%가루/[M095604]아스코르빈산90%/[M099084]아스코르빈산팔미테이트/[M100271]팔미틴산아스코르빈산/[M100420]엘-아스코르빈산/[M103048]제피형아스코르빈산96%TypeSC/[M103617]팔미틴산아스코르빌/[M104937]아스코르빈산97%분말/[M105763]아스코르빈산제제/[M107308]제피아스코르빈산97.0%가루/[M107594]소듐엘아스코르베이트/[M201112]아스코르빈산제일철/[M201618]제피아스코르빈사96%TypeSC/[M201620]제피아스코르빈산가루/[M201622]제피아스코르빈산TYPEB/[M203450]아스코르브산/[M203451]아스코르브산소듐/[M203452]아스코르빈산소듐/[M207370]팔미틴산아스코르브산/[M207385]아스코르빈산 97(아스코르빈산으로서 600mg)/[M207533]아스코르빈산 97(아스코르빈산으로서 600㎎)/[M209224]직타용아스코르빈산97%/[M210040]제피아스코르빈산97%과립/[M210875]소듐L-아스코르베이트/[M211316]아스코르빈산 산/[M211364]제피형아스코르빈산96%/[M211402]직타용아스코르빈산 90%/[M212742]아스코르빈산과립 97%(아스코르빈산으로서 83.3밀리그램)/[M214926]제피아스코르빈산 Type SC/[M215692]아스코르빈산(비타민C)/[M216038]아스코르빈산과립97%(아스코르빈산으로서 75밀리그램)/[M216398]아스코르빈산과립97%(아스코르빈산으로서 83.34밀리그램)/[M220142]직타용아스코르빈산(97%)/[M220180]아스코르빈산 97/[M223105]아스코르브산 산/[M223106]아스코르브산 정/[M223107]아스코르브산 주사액/[M224238]아스코르브산97/[M225398]아스코르빈산 Type FC/[M226183]아스코르빈산과립97%/[M227509]아스코르브산97%과립/[M229451]아스코르빈산 90%과립/[M229497]제피아스코르빈산 96% Type SC/[M234001]아스코르브산과립97%/[M236177]아스코르브산 90%과립/[M236913]제피아스코르브산/[M236926]직타용아스코르브산/[M239246]L-아스코르빈산/[M239251]L-아스코르빈산나트륨/[M239556]제피아스코르브산96% Type SC/[M241223]아스코르브산90%과립/[M242242]제피아스코르빈산*/[M243471]엘-아스코르빈산나트륨/[M243491]아스코르브산 97/[M244591]엘-아스코르빈산나트륨/[M244678]아스코르브산 97/[M245849]제피아스코르브산에스씨/[M245878]아스코르브산팔미테이트/[M246161]직타용아스코르브산97%/[M246638]아스코르브산97%/[M246709]아스코르브산나트륨/[M246900]90%아스코르브산/[M248326]아스코르빌나트륨포스페이트/[M249820]아스코르브산96%과립/[M250406]아스코르브산과립/[M250800]제피아스코르브산 TYPE-SC/[M251500]제피아스코르브산96%가루/[M252473]아스코르브산칼슘/[M252874]아스코르브산나트륨/[M252882]L-아스코르브산/[M253028]아스코르브산칼슘수화물/[M254082]제피아스코르브산 Type SC/[M254227]제피형아스코르브산96%TypeSC/[M254749]아스코르브산95%과립/[M254848]90%아스코르브산과립/[M256156]아스코르브산과립96%/[M257558]제피아스코르브산96%/[M257734]아스코르브산 과립90%/[M258008]아스코르브산칼슘이수화물/[M258592]작타용아스코르브산 97 %/[M258994]아스코르브산/[M259386]L-아스코르브산나트륨/[M259573]L-아스코르브산/[M261728]아스코르브산97%(직타용)/[M263901]제피아스코르브산97%가루/[M264037]90%아스코르빈산/[M265896]제피아스코르브산97.5%가루/[M040579]카페인(함수)/[M040580]무수카페인/[M090611]카페인/[M223183]카페인무수물/[M223184]카페인수화물/[M241017]무수물카페인/[M040616]말레인산클로르페니라민/[M050213]말레인산덱스클로르페니라민/[M051529]클로르페니라민/[M082701]디엘말레인산클로르페니라민/[M083325]디말레인산클로르페니라민/[M099959]말레인산클로로페니라민/[M100018]말레산클로르페니라민/[M100476]디말레인산클로르페니라민/[M101581]디엘말레인산클로르페니라민/[M200471]말레인산클로르페니라민제피과립/[M202197]D-말레인산클로르페니라민/[M202204]DL-말레인산클로르페니라민/[M203913]클로르페니라민말레인산염/[M212847]클로르페니라민말레이트/[M223211]클로르페니라민말레산염/[M223212]d-클로르페니라민말레산염/[M223213]클로르페니라민말레산염 산/[M223214]클로르페니라민말레산염 정/[M223215]클로르페니라민말레산염 주사액/[M226783]dl-클로르페니라민말레산염/[M249715]덱스클로르페니라민 말레산염/[M251936]덱스클로르페니라민말레이트/[M051546]염산클로페라스틴/[M051547]펜디조산클로페라스틴/[M222890]클로페라스틴염산염/[M223258]티아민염산염/[M223262]티아민질산염/[M243282]티아민질산염3배산/[C081544]향소산/[C087324]향소산엑스/[C090874]향소산건조엑스/[C095071]향소산연조엑스/[C101061]향소산건조엑스(8->1)/[M081544]향소산/[M087324]향소산엑스/[M090874]향소산건조엑스/[M095071]향소산연조엑스/[M101061]향소산건조엑스(8->1)/[M103686]향소산연조엑스(5.82→1)/[M211801]향소산연조엑스(4.00→1)/[M229060]향소산건조엑스(5.79→1)/[M252050]향소산건조엑스(5.3→1)/[M252391]향소산 연조엑스(5.82→1)/[M252444]향소산연조엑스[3.14→1]","[01140]해열.진통.소염제","","4,000밀리그램",20180831,"아세트아미노펜으로서 4,000mg/day(모든제형, 단일제.복합제 포함)","","정상"
3875,"용량주의","복합",D000147,Acetaminophen,"아세트아미노펜","[D001000]Licorice(감초)/[D000493]Guaifenesin(구아이페네신)/[D000200]Dextromethorphan(덱스트로메토르판)/[D001101]Riboflavin(리보플라빈)/[D001116]Methylephedrine(메틸에페드린)/[D001106]Ascorbic acid(아스코르브산)/[D000852]Caffeine(카페인)/[D000893]Chlorpheniramine(클로르페니라민)/[D000998]Thiamine(티아민)","[M040353]아세트아미노펜/[M082309]아세트아미노펜제피세립/[M233006]아세트아미노펜 DC 500/600/[M246556]아세트아미노펜 (미분화)/[M262287]아세트아미노펜 과립/[A006000]감초/[M040006]감초/[M070009]감초가루/[M050058]구아이페네신/[M040084]브롬화수소산덱스트로메토르판/[M202983]덱스트로메토르판브롬화수소산염/[M222957]덱스트로메토르판브롬화수소산염수화물/[C040133]리보플라빈/[C040512]인산리보플라빈나트륨/[C050367]테트라부티르산리보플라빈/[C050368]인산리보플라빈/[C050369]리보플라빈-5-인산나트륨/[C081186]리보플라빈33 1/3%/[C082711]리보플라빈낙산에스텔/[C082719]리보플라빈331/3%산/[C083052]리보플라빈98%DC/[C083101]낙산리보플라빈/[C083163]리보플라빈98%/[C083404]리보플라빈33 1/3%과립/[C084424]염산리보플라빈나트륨/[C085688]직탁용리보플라빈98%/[C089984]리보플라빈인산나트륨/[C090982]리보플라빈산나트륨/[C091022]리보플라빈98%과립/[C091383]리보플라빈25%과립/[C092484]부티르산리보플라빈/[C100456]리보플라빈3배산/[C100480]인산리보플라빈나트륨이수화물/[C101969]리보플라빈E101/[C202525]리보플라빈/[C401176]리보플라빈/[C407713]소듐리보플라빈포스페이트/[C409503]리보플라빈테트라부티레이트/[C422825]리보플라빈/[C422826]리보플라빈테트라부티레이트/[C422827]리보플라빈테트라아세테이트/[C425375]소듐리보플라빈포스페이트/[I003529]리보플라빈/[I003530]리보플라빈포스페이트나트륨/[I006525]리보플라빈부티레이트/[I007430]인산리보플라빈/[I007658]인산리보플라빈나트륨이수화물/[I007907]리보플라빈산나트륨/[M040133]리보플라빈/[M040512]인산리보플라빈나트륨/[M050367]테트라부티르산리보플라빈/[M050368]인산리보플라빈/[M050369]리보플라빈-5-인산나트륨/[M081186]리보플라빈33 1/3%/[M082711]리보플라빈낙산에스텔/[M082719]리보플라빈33 1/3%산/[M083052]리보플라빈98%DC/[M083101]낙산리보플라빈/[M083163]리보플라빈98%/[M083404]리보플라빈33 1/3%과립/[M085688]직탁용리보플라빈98%/[M090982]리보플라빈산나트륨/[M091022]리보플라빈98%과립/[M091383]리보플라빈25%과립/[M092484]부티르산리보플라빈/[M100456]리보플라빈3배산/[M100480]인산리보플라빈나트륨이수화물/[M101969]리보플라빈E101/[M200421]리보플라빈33ㆍ3%/[M200422]리보플라빈33ㆍ3%과립/[M200423]리보플라빈33ㆍ3%산/[M203723]인산리보플라빈소듐/[M206124]조리보플라빈/[M216041]리보플라빈3배산(리보플라빈으로서 5밀리그램)/[M216399]리보플라빈 3배산(리보플라빈으로서 0.84밀리그램)/[M217503]리보플라빈인산에스텔나트륨/[M218021]안산리보플라빈나트륨/[M222995]리보플라빈부티레이트/[M222996]리보플라빈포스페이트나트륨/[M222997]리보플라빈포스페이트나트륨 주사액/[M232651]제피리보플라빈/[M249967]리보플라빈부틸레이트/[M249982]리보플라빈나트륨포스페이트/[A006116]메틸에페드린/[I006391]dl-메틸에페드린염산염/[M204422]dl-메틸에페드린염산염/[M223022]dl-메틸에페드린염산염 산 10%/[M235519]디엘메틸에페드린염산염/[M240608]dI-메틸에페드린염산염/[M240859]디엘-메틸에페드린염산염/[M252389]㎗-메틸에페드린염산염/[M264046]DL-메틸에페드린염산염/[C040354]아스코르빈산/[C050961]아스코르빈산철/[C080210]아스코르빈산나트륨/[C081017]아스코르빈산90%과립/[C081495]아스코르빈산펠렛/[C081615]아스코르빈산 제피과립/[C081679]아스코르빈산60%/[C081772]제피아스코르빈산TYPE-SC/[C081998]아스코르빈팔미틴산/[C082617]아스코르빈산제피산/[C082841]아스코르빈산98%과립/[C082845]제피형아스코르빈산96%/[C082850]직탁용아스코르빈산/[C082857]제피아스코르빈산/[C083022]아스코르빈산96%과립/[C083040]아스코르빈산97%과립/[C083727]아스코르빈산제피산98%DC/[C083984]아스코르빈산칼슘/[C084311]엘-아스코르빈산나트륨/[C084327]아스코르빈산과립/[C084388]아스코르빈산나트륨99%/[C084419]아스코르빈산98%/[C084433]아스코르빈산97ㆍ5%과립/[C084448]아스코르빈산97%/[C084495]아스코르빈산칼슘97%과립/[C084658]아스코르빈산96%/[C084927]제피형아스코르빈산96%Type SC/[C085686]직탁용아스코르빈산98%/[C085785]아스코르빈산스테아레이트/[C086801]제피아스코르빈산97ㆍ5%/[C087036]코팅된아스코르빈산/[C088252]아스코르빈산제제/[C089177]아스코르빈산96%SC/[C090019]90%아스코르빈산/[C091430]아스코르빈산유캡/[C094260]95%아스코르빈산/[C094676]3-O-에칠아스코르빈산/[C095118]제피아스코르빈산96%/[C095392]아스코르빌팔미테이트/[C095412]제피아스코르빈사96% Type SC/[C095426]제피아스코르빈산96%가루/[C095604]아스코르빈산90%/[C099084]아스코르빈산팔미테이트/[C099734]아스코르브산90%과립/[C099910]직타용아스코르빈산/[C100271]팔미틴산아스코르빈산/[C100420]엘-아스코르빈산/[C101135]90%아스코르빈산과립/[C102189]아스코르빅애씨드/[C312780]소듐아스코르베이트/[C312824]아스코르빌 테트라이소팔미테이트/[C317903]글루코사민아스코르베이트/[C318482]칼슘 아스코르베이트/[C320842]아스코르빅애씨드/[C400592]아스코르빌니코티네이트/[I000229]아스코르빈산칼슘/[I001468]아스코르빈산제일철/[I001971]마그네슘아스코르베이트/[I003752]아스코르빈산나트륨/[I004351]아스코르브산/[M040354]아스코르빈산/[M050961]아스코르빈산철/[M080210]아스코르빈산나트륨/[M081017]아스코르빈산90%과립/[M081495]아스코르빈산펠렛/[M081615]아스코르빈산제피과립/[M081679]아스코르빈산60%/[M081772]제피아스코르빈산TYPE-SC/[M081998]아스코르빈팔미틴산/[M082617]아스코르빈산제피산/[M082841]아스코르빈산98%과립/[M082845]제피아스코르빈산96%/[M082850]직타용아스코르빈산/[M082857]제피아스코르빈산/[M083022]아스코르빈산96%과립/[M083040]아스코르빈산97%과립/[M083727]아스코르빈산제피산98%DC/[M083960]제피아스코르빈산TYPE-SC/[M083984]아스코르빈산칼슘/[M084311]엘아스코르빈산나트륨/[M084327]아스코르빈산과립/[M084388]아스코르빈산나트륨99%/[M084419]아스코르빈산98%/[M084433]아스코르빈산97ㆍ5%과립/[M084448]아스코르빈산97%/[M084495]아스코르빈산칼슘97%과립/[M084658]아스코르빈산96%/[M084927]제피아스코르빈산96%Type SC/[M085686]직타용아스코르빈산98%/[M087036]제피아스코르빈산/[M088252]아스코르빈산/[M089177]아스코르빈산96%SC/[M090019]아스코르빈산90%/[M091430]아스코르빈산유캡/[M094260]아스코르빈산95%/[M095392]아스코르빌팔미테이트/[M095426]제피아스코르빈산96%가루/[M095604]아스코르빈산90%/[M099084]아스코르빈산팔미테이트/[M100271]팔미틴산아스코르빈산/[M100420]엘-아스코르빈산/[M103048]제피형아스코르빈산96%TypeSC/[M103617]팔미틴산아스코르빌/[M104937]아스코르빈산97%분말/[M105763]아스코르빈산제제/[M107308]제피아스코르빈산97.0%가루/[M107594]소듐엘아스코르베이트/[M201112]아스코르빈산제일철/[M201618]제피아스코르빈사96%TypeSC/[M201620]제피아스코르빈산가루/[M201622]제피아스코르빈산TYPEB/[M203450]아스코르브산/[M203451]아스코르브산소듐/[M203452]아스코르빈산소듐/[M207370]팔미틴산아스코르브산/[M207385]아스코르빈산 97(아스코르빈산으로서 600mg)/[M207533]아스코르빈산 97(아스코르빈산으로서 600㎎)/[M209224]직타용아스코르빈산97%/[M210040]제피아스코르빈산97%과립/[M210875]소듐L-아스코르베이트/[M211316]아스코르빈산 산/[M211364]제피형아스코르빈산96%/[M211402]직타용아스코르빈산 90%/[M212742]아스코르빈산과립 97%(아스코르빈산으로서 83.3밀리그램)/[M214926]제피아스코르빈산 Type SC/[M215692]아스코르빈산(비타민C)/[M216038]아스코르빈산과립97%(아스코르빈산으로서 75밀리그램)/[M216398]아스코르빈산과립97%(아스코르빈산으로서 83.34밀리그램)/[M220142]직타용아스코르빈산(97%)/[M220180]아스코르빈산 97/[M223105]아스코르브산 산/[M223106]아스코르브산 정/[M223107]아스코르브산 주사액/[M224238]아스코르브산97/[M225398]아스코르빈산 Type FC/[M226183]아스코르빈산과립97%/[M227509]아스코르브산97%과립/[M229451]아스코르빈산 90%과립/[M229497]제피아스코르빈산 96% Type SC/[M234001]아스코르브산과립97%/[M236177]아스코르브산 90%과립/[M236913]제피아스코르브산/[M236926]직타용아스코르브산/[M239246]L-아스코르빈산/[M239251]L-아스코르빈산나트륨/[M239556]제피아스코르브산96% Type SC/[M241223]아스코르브산90%과립/[M242242]제피아스코르빈산*/[M243471]엘-아스코르빈산나트륨/[M243491]아스코르브산 97/[M244591]엘-아스코르빈산나트륨/[M244678]아스코르브산 97/[M245849]제피아스코르브산에스씨/[M245878]아스코르브산팔미테이트/[M246161]직타용아스코르브산97%/[M246638]아스코르브산97%/[M246709]아스코르브산나트륨/[M246900]90%아스코르브산/[M248326]아스코르빌나트륨포스페이트/[M249820]아스코르브산96%과립/[M250406]아스코르브산과립/[M250800]제피아스코르브산 TYPE-SC/[M251500]제피아스코르브산96%가루/[M252473]아스코르브산칼슘/[M252874]아스코르브산나트륨/[M252882]L-아스코르브산/[M253028]아스코르브산칼슘수화물/[M254082]제피아스코르브산 Type SC/[M254227]제피형아스코르브산96%TypeSC/[M254749]아스코르브산95%과립/[M254848]90%아스코르브산과립/[M256156]아스코르브산과립96%/[M257558]제피아스코르브산96%/[M257734]아스코르브산 과립90%/[M258008]아스코르브산칼슘이수화물/[M258592]작타용아스코르브산 97 %/[M258994]아스코르브산/[M259386]L-아스코르브산나트륨/[M259573]L-아스코르브산/[M261728]아스코르브산97%(직타용)/[M263901]제피아스코르브산97%가루/[M264037]90%아스코르빈산/[M265896]제피아스코르브산97.5%가루/[M040579]카페인(함수)/[M040580]무수카페인/[M090611]카페인/[M223183]카페인무수물/[M223184]카페인수화물/[M241017]무수물카페인/[M040616]말레인산클로르페니라민/[M050213]말레인산덱스클로르페니라민/[M051529]클로르페니라민/[M082701]디엘말레인산클로르페니라민/[M083325]디말레인산클로르페니라민/[M099959]말레인산클로로페니라민/[M100018]말레산클로르페니라민/[M100476]디말레인산클로르페니라민/[M101581]디엘말레인산클로르페니라민/[M200471]말레인산클로르페니라민제피과립/[M202197]D-말레인산클로르페니라민/[M202204]DL-말레인산클로르페니라민/[M203913]클로르페니라민말레인산염/[M212847]클로르페니라민말레이트/[M223211]클로르페니라민말레산염/[M223212]d-클로르페니라민말레산염/[M223213]클로르페니라민말레산염 산/[M223214]클로르페니라민말레산염 정/[M223215]클로르페니라민말레산염 주사액/[M226783]dl-클로르페니라민말레산염/[M249715]덱스클로르페니라민 말레산염/[M251936]덱스클로르페니라민말레이트/[M223258]티아민염산염/[M223262]티아민질산염/[M243282]티아민질산염3배산","[01140]해열.진통.소염제","","4,000밀리그램",20180831,"아세트아미노펜으로서 4,000mg/day(모든제형, 단일제.복합제 포함)","","정상"
3876,"용량주의","복합",D000147,Acetaminophen,"아세트아미노펜","[D001000]Licorice(감초)/[D000493]Guaifenesin(구아이페네신)/[D000200]Dextromethorphan(덱스트로메토르판)/[D001101]Riboflavin(리보플라빈)/[D000448]Pseudoephedrine(슈도에페드린)/[D001106]Ascorbic acid(아스코르브산)/[D000852]Caffeine(카페인)/[D000893]Chlorpheniramine(클로르페니라민)/[D000998]Thiamine(티아민)","[M040353]아세트아미노펜/[M082309]아세트아미노펜제피세립/[M233006]아세트아미노펜 DC 500/600/[M246556]아세트아미노펜 (미분화)/[M262287]아세트아미노펜 과립/[A006000]감초/[M040006]감초/[M070009]감초가루/[M050058]구아이페네신/[M040084]브롬화수소산덱스트로메토르판/[M202983]덱스트로메토르판브롬화수소산염/[M222957]덱스트로메토르판브롬화수소산염수화물/[C040133]리보플라빈/[C040512]인산리보플라빈나트륨/[C050367]테트라부티르산리보플라빈/[C050368]인산리보플라빈/[C050369]리보플라빈-5-인산나트륨/[C081186]리보플라빈33 1/3%/[C082711]리보플라빈낙산에스텔/[C082719]리보플라빈331/3%산/[C083052]리보플라빈98%DC/[C083101]낙산리보플라빈/[C083163]리보플라빈98%/[C083404]리보플라빈33 1/3%과립/[C084424]염산리보플라빈나트륨/[C085688]직탁용리보플라빈98%/[C089984]리보플라빈인산나트륨/[C090982]리보플라빈산나트륨/[C091022]리보플라빈98%과립/[C091383]리보플라빈25%과립/[C092484]부티르산리보플라빈/[C100456]리보플라빈3배산/[C100480]인산리보플라빈나트륨이수화물/[C101969]리보플라빈E101/[C202525]리보플라빈/[C401176]리보플라빈/[C407713]소듐리보플라빈포스페이트/[C409503]리보플라빈테트라부티레이트/[C422825]리보플라빈/[C422826]리보플라빈테트라부티레이트/[C422827]리보플라빈테트라아세테이트/[C425375]소듐리보플라빈포스페이트/[I003529]리보플라빈/[I003530]리보플라빈포스페이트나트륨/[I006525]리보플라빈부티레이트/[I007430]인산리보플라빈/[I007658]인산리보플라빈나트륨이수화물/[I007907]리보플라빈산나트륨/[M040133]리보플라빈/[M040512]인산리보플라빈나트륨/[M050367]테트라부티르산리보플라빈/[M050368]인산리보플라빈/[M050369]리보플라빈-5-인산나트륨/[M081186]리보플라빈33 1/3%/[M082711]리보플라빈낙산에스텔/[M082719]리보플라빈33 1/3%산/[M083052]리보플라빈98%DC/[M083101]낙산리보플라빈/[M083163]리보플라빈98%/[M083404]리보플라빈33 1/3%과립/[M085688]직탁용리보플라빈98%/[M090982]리보플라빈산나트륨/[M091022]리보플라빈98%과립/[M091383]리보플라빈25%과립/[M092484]부티르산리보플라빈/[M100456]리보플라빈3배산/[M100480]인산리보플라빈나트륨이수화물/[M101969]리보플라빈E101/[M200421]리보플라빈33ㆍ3%/[M200422]리보플라빈33ㆍ3%과립/[M200423]리보플라빈33ㆍ3%산/[M203723]인산리보플라빈소듐/[M206124]조리보플라빈/[M216041]리보플라빈3배산(리보플라빈으로서 5밀리그램)/[M216399]리보플라빈 3배산(리보플라빈으로서 0.84밀리그램)/[M217503]리보플라빈인산에스텔나트륨/[M218021]안산리보플라빈나트륨/[M222995]리보플라빈부티레이트/[M222996]리보플라빈포스페이트나트륨/[M222997]리보플라빈포스페이트나트륨 주사액/[M232651]제피리보플라빈/[M249967]리보플라빈부틸레이트/[M249982]리보플라빈나트륨포스페이트/[M050833]염산슈도에페드린/[M081720]황산슈도에페드린/[M203364]슈도에페드린염산염/[M222865]수도에페드린염산염/[M248579]수도에페드린황산염/[M256034]수도에페드린염산염 과립/[M258826]수도에페드린/[C040354]아스코르빈산/[C050961]아스코르빈산철/[C080210]아스코르빈산나트륨/[C081017]아스코르빈산90%과립/[C081495]아스코르빈산펠렛/[C081615]아스코르빈산 제피과립/[C081679]아스코르빈산60%/[C081772]제피아스코르빈산TYPE-SC/[C081998]아스코르빈팔미틴산/[C082617]아스코르빈산제피산/[C082841]아스코르빈산98%과립/[C082845]제피형아스코르빈산96%/[C082850]직탁용아스코르빈산/[C082857]제피아스코르빈산/[C083022]아스코르빈산96%과립/[C083040]아스코르빈산97%과립/[C083727]아스코르빈산제피산98%DC/[C083984]아스코르빈산칼슘/[C084311]엘-아스코르빈산나트륨/[C084327]아스코르빈산과립/[C084388]아스코르빈산나트륨99%/[C084419]아스코르빈산98%/[C084433]아스코르빈산97ㆍ5%과립/[C084448]아스코르빈산97%/[C084495]아스코르빈산칼슘97%과립/[C084658]아스코르빈산96%/[C084927]제피형아스코르빈산96%Type SC/[C085686]직탁용아스코르빈산98%/[C085785]아스코르빈산스테아레이트/[C086801]제피아스코르빈산97ㆍ5%/[C087036]코팅된아스코르빈산/[C088252]아스코르빈산제제/[C089177]아스코르빈산96%SC/[C090019]90%아스코르빈산/[C091430]아스코르빈산유캡/[C094260]95%아스코르빈산/[C094676]3-O-에칠아스코르빈산/[C095118]제피아스코르빈산96%/[C095392]아스코르빌팔미테이트/[C095412]제피아스코르빈사96% Type SC/[C095426]제피아스코르빈산96%가루/[C095604]아스코르빈산90%/[C099084]아스코르빈산팔미테이트/[C099734]아스코르브산90%과립/[C099910]직타용아스코르빈산/[C100271]팔미틴산아스코르빈산/[C100420]엘-아스코르빈산/[C101135]90%아스코르빈산과립/[C102189]아스코르빅애씨드/[C312780]소듐아스코르베이트/[C312824]아스코르빌 테트라이소팔미테이트/[C317903]글루코사민아스코르베이트/[C318482]칼슘 아스코르베이트/[C320842]아스코르빅애씨드/[C400592]아스코르빌니코티네이트/[I000229]아스코르빈산칼슘/[I001468]아스코르빈산제일철/[I001971]마그네슘아스코르베이트/[I003752]아스코르빈산나트륨/[I004351]아스코르브산/[M040354]아스코르빈산/[M050961]아스코르빈산철/[M080210]아스코르빈산나트륨/[M081017]아스코르빈산90%과립/[M081495]아스코르빈산펠렛/[M081615]아스코르빈산제피과립/[M081679]아스코르빈산60%/[M081772]제피아스코르빈산TYPE-SC/[M081998]아스코르빈팔미틴산/[M082617]아스코르빈산제피산/[M082841]아스코르빈산98%과립/[M082845]제피아스코르빈산96%/[M082850]직타용아스코르빈산/[M082857]제피아스코르빈산/[M083022]아스코르빈산96%과립/[M083040]아스코르빈산97%과립/[M083727]아스코르빈산제피산98%DC/[M083960]제피아스코르빈산TYPE-SC/[M083984]아스코르빈산칼슘/[M084311]엘아스코르빈산나트륨/[M084327]아스코르빈산과립/[M084388]아스코르빈산나트륨99%/[M084419]아스코르빈산98%/[M084433]아스코르빈산97ㆍ5%과립/[M084448]아스코르빈산97%/[M084495]아스코르빈산칼슘97%과립/[M084658]아스코르빈산96%/[M084927]제피아스코르빈산96%Type SC/[M085686]직타용아스코르빈산98%/[M087036]제피아스코르빈산/[M088252]아스코르빈산/[M089177]아스코르빈산96%SC/[M090019]아스코르빈산90%/[M091430]아스코르빈산유캡/[M094260]아스코르빈산95%/[M095392]아스코르빌팔미테이트/[M095426]제피아스코르빈산96%가루/[M095604]아스코르빈산90%/[M099084]아스코르빈산팔미테이트/[M100271]팔미틴산아스코르빈산/[M100420]엘-아스코르빈산/[M103048]제피형아스코르빈산96%TypeSC/[M103617]팔미틴산아스코르빌/[M104937]아스코르빈산97%분말/[M105763]아스코르빈산제제/[M107308]제피아스코르빈산97.0%가루/[M107594]소듐엘아스코르베이트/[M201112]아스코르빈산제일철/[M201618]제피아스코르빈사96%TypeSC/[M201620]제피아스코르빈산가루/[M201622]제피아스코르빈산TYPEB/[M203450]아스코르브산/[M203451]아스코르브산소듐/[M203452]아스코르빈산소듐/[M207370]팔미틴산아스코르브산/[M207385]아스코르빈산 97(아스코르빈산으로서 600mg)/[M207533]아스코르빈산 97(아스코르빈산으로서 600㎎)/[M209224]직타용아스코르빈산97%/[M210040]제피아스코르빈산97%과립/[M210875]소듐L-아스코르베이트/[M211316]아스코르빈산 산/[M211364]제피형아스코르빈산96%/[M211402]직타용아스코르빈산 90%/[M212742]아스코르빈산과립 97%(아스코르빈산으로서 83.3밀리그램)/[M214926]제피아스코르빈산 Type SC/[M215692]아스코르빈산(비타민C)/[M216038]아스코르빈산과립97%(아스코르빈산으로서 75밀리그램)/[M216398]아스코르빈산과립97%(아스코르빈산으로서 83.34밀리그램)/[M220142]직타용아스코르빈산(97%)/[M220180]아스코르빈산 97/[M223105]아스코르브산 산/[M223106]아스코르브산 정/[M223107]아스코르브산 주사액/[M224238]아스코르브산97/[M225398]아스코르빈산 Type FC/[M226183]아스코르빈산과립97%/[M227509]아스코르브산97%과립/[M229451]아스코르빈산 90%과립/[M229497]제피아스코르빈산 96% Type SC/[M234001]아스코르브산과립97%/[M236177]아스코르브산 90%과립/[M236913]제피아스코르브산/[M236926]직타용아스코르브산/[M239246]L-아스코르빈산/[M239251]L-아스코르빈산나트륨/[M239556]제피아스코르브산96% Type SC/[M241223]아스코르브산90%과립/[M242242]제피아스코르빈산*/[M243471]엘-아스코르빈산나트륨/[M243491]아스코르브산 97/[M244591]엘-아스코르빈산나트륨/[M244678]아스코르브산 97/[M245849]제피아스코르브산에스씨/[M245878]아스코르브산팔미테이트/[M246161]직타용아스코르브산97%/[M246638]아스코르브산97%/[M246709]아스코르브산나트륨/[M246900]90%아스코르브산/[M248326]아스코르빌나트륨포스페이트/[M249820]아스코르브산96%과립/[M250406]아스코르브산과립/[M250800]제피아스코르브산 TYPE-SC/[M251500]제피아스코르브산96%가루/[M252473]아스코르브산칼슘/[M252874]아스코르브산나트륨/[M252882]L-아스코르브산/[M253028]아스코르브산칼슘수화물/[M254082]제피아스코르브산 Type SC/[M254227]제피형아스코르브산96%TypeSC/[M254749]아스코르브산95%과립/[M254848]90%아스코르브산과립/[M256156]아스코르브산과립96%/[M257558]제피아스코르브산96%/[M257734]아스코르브산 과립90%/[M258008]아스코르브산칼슘이수화물/[M258592]작타용아스코르브산 97 %/[M258994]아스코르브산/[M259386]L-아스코르브산나트륨/[M259573]L-아스코르브산/[M261728]아스코르브산97%(직타용)/[M263901]제피아스코르브산97%가루/[M264037]90%아스코르빈산/[M265896]제피아스코르브산97.5%가루/[M040579]카페인(함수)/[M040580]무수카페인/[M090611]카페인/[M223183]카페인무수물/[M223184]카페인수화물/[M241017]무수물카페인/[M040616]말레인산클로르페니라민/[M050213]말레인산덱스클로르페니라민/[M051529]클로르페니라민/[M082701]디엘말레인산클로르페니라민/[M083325]디말레인산클로르페니라민/[M099959]말레인산클로로페니라민/[M100018]말레산클로르페니라민/[M100476]디말레인산클로르페니라민/[M101581]디엘말레인산클로르페니라민/[M200471]말레인산클로르페니라민제피과립/[M202197]D-말레인산클로르페니라민/[M202204]DL-말레인산클로르페니라민/[M203913]클로르페니라민말레인산염/[M212847]클로르페니라민말레이트/[M223211]클로르페니라민말레산염/[M223212]d-클로르페니라민말레산염/[M223213]클로르페니라민말레산염 산/[M223214]클로르페니라민말레산염 정/[M223215]클로르페니라민말레산염 주사액/[M226783]dl-클로르페니라민말레산염/[M249715]덱스클로르페니라민 말레산염/[M251936]덱스클로르페니라민말레이트/[M223258]티아민염산염/[M223262]티아민질산염/[M243282]티아민질산염3배산","[01140]해열.진통.소염제","","4,000밀리그램",20180831,"아세트아미노펜으로서 4,000mg/day(모든제형, 단일제.복합제 포함)","","정상"
3877,"용량주의","복합",D000147,Acetaminophen,"아세트아미노펜","[D000493]Guaifenesin(구아이페네신)/[D000200]Dextromethorphan(덱스트로메토르판)/[D001101]Riboflavin(리보플라빈)/[D001116]Methylephedrine(메틸에페드린)/[D000448]Pseudoephedrine(슈도에페드린)/[D001106]Ascorbic acid(아스코르브산)/[D000852]Caffeine(카페인)/[D000893]Chlorpheniramine(클로르페니라민)/[D000998]Thiamine(티아민)","[M040353]아세트아미노펜/[M082309]아세트아미노펜제피세립/[M233006]아세트아미노펜 DC 500/600/[M246556]아세트아미노펜 (미분화)/[M262287]아세트아미노펜 과립/[M050058]구아이페네신/[M040084]브롬화수소산덱스트로메토르판/[M202983]덱스트로메토르판브롬화수소산염/[M222957]덱스트로메토르판브롬화수소산염수화물/[C040133]리보플라빈/[C040512]인산리보플라빈나트륨/[C050367]테트라부티르산리보플라빈/[C050368]인산리보플라빈/[C050369]리보플라빈-5-인산나트륨/[C081186]리보플라빈33 1/3%/[C082711]리보플라빈낙산에스텔/[C082719]리보플라빈331/3%산/[C083052]리보플라빈98%DC/[C083101]낙산리보플라빈/[C083163]리보플라빈98%/[C083404]리보플라빈33 1/3%과립/[C084424]염산리보플라빈나트륨/[C085688]직탁용리보플라빈98%/[C089984]리보플라빈인산나트륨/[C090982]리보플라빈산나트륨/[C091022]리보플라빈98%과립/[C091383]리보플라빈25%과립/[C092484]부티르산리보플라빈/[C100456]리보플라빈3배산/[C100480]인산리보플라빈나트륨이수화물/[C101969]리보플라빈E101/[C202525]리보플라빈/[C401176]리보플라빈/[C407713]소듐리보플라빈포스페이트/[C409503]리보플라빈테트라부티레이트/[C422825]리보플라빈/[C422826]리보플라빈테트라부티레이트/[C422827]리보플라빈테트라아세테이트/[C425375]소듐리보플라빈포스페이트/[I003529]리보플라빈/[I003530]리보플라빈포스페이트나트륨/[I006525]리보플라빈부티레이트/[I007430]인산리보플라빈/[I007658]인산리보플라빈나트륨이수화물/[I007907]리보플라빈산나트륨/[M040133]리보플라빈/[M040512]인산리보플라빈나트륨/[M050367]테트라부티르산리보플라빈/[M050368]인산리보플라빈/[M050369]리보플라빈-5-인산나트륨/[M081186]리보플라빈33 1/3%/[M082711]리보플라빈낙산에스텔/[M082719]리보플라빈33 1/3%산/[M083052]리보플라빈98%DC/[M083101]낙산리보플라빈/[M083163]리보플라빈98%/[M083404]리보플라빈33 1/3%과립/[M085688]직탁용리보플라빈98%/[M090982]리보플라빈산나트륨/[M091022]리보플라빈98%과립/[M091383]리보플라빈25%과립/[M092484]부티르산리보플라빈/[M100456]리보플라빈3배산/[M100480]인산리보플라빈나트륨이수화물/[M101969]리보플라빈E101/[M200421]리보플라빈33ㆍ3%/[M200422]리보플라빈33ㆍ3%과립/[M200423]리보플라빈33ㆍ3%산/[M203723]인산리보플라빈소듐/[M206124]조리보플라빈/[M216041]리보플라빈3배산(리보플라빈으로서 5밀리그램)/[M216399]리보플라빈 3배산(리보플라빈으로서 0.84밀리그램)/[M217503]리보플라빈인산에스텔나트륨/[M218021]안산리보플라빈나트륨/[M222995]리보플라빈부티레이트/[M222996]리보플라빈포스페이트나트륨/[M222997]리보플라빈포스페이트나트륨 주사액/[M232651]제피리보플라빈/[M249967]리보플라빈부틸레이트/[M249982]리보플라빈나트륨포스페이트/[A006116]메틸에페드린/[I006391]dl-메틸에페드린염산염/[M204422]dl-메틸에페드린염산염/[M223022]dl-메틸에페드린염산염 산 10%/[M235519]디엘메틸에페드린염산염/[M240608]dI-메틸에페드린염산염/[M240859]디엘-메틸에페드린염산염/[M252389]㎗-메틸에페드린염산염/[M264046]DL-메틸에페드린염산염/[M050833]염산슈도에페드린/[M081720]황산슈도에페드린/[M203364]슈도에페드린염산염/[M222865]수도에페드린염산염/[M248579]수도에페드린황산염/[M256034]수도에페드린염산염 과립/[M258826]수도에페드린/[C040354]아스코르빈산/[C050961]아스코르빈산철/[C080210]아스코르빈산나트륨/[C081017]아스코르빈산90%과립/[C081495]아스코르빈산펠렛/[C081615]아스코르빈산 제피과립/[C081679]아스코르빈산60%/[C081772]제피아스코르빈산TYPE-SC/[C081998]아스코르빈팔미틴산/[C082617]아스코르빈산제피산/[C082841]아스코르빈산98%과립/[C082845]제피형아스코르빈산96%/[C082850]직탁용아스코르빈산/[C082857]제피아스코르빈산/[C083022]아스코르빈산96%과립/[C083040]아스코르빈산97%과립/[C083727]아스코르빈산제피산98%DC/[C083984]아스코르빈산칼슘/[C084311]엘-아스코르빈산나트륨/[C084327]아스코르빈산과립/[C084388]아스코르빈산나트륨99%/[C084419]아스코르빈산98%/[C084433]아스코르빈산97ㆍ5%과립/[C084448]아스코르빈산97%/[C084495]아스코르빈산칼슘97%과립/[C084658]아스코르빈산96%/[C084927]제피형아스코르빈산96%Type SC/[C085686]직탁용아스코르빈산98%/[C085785]아스코르빈산스테아레이트/[C086801]제피아스코르빈산97ㆍ5%/[C087036]코팅된아스코르빈산/[C088252]아스코르빈산제제/[C089177]아스코르빈산96%SC/[C090019]90%아스코르빈산/[C091430]아스코르빈산유캡/[C094260]95%아스코르빈산/[C094676]3-O-에칠아스코르빈산/[C095118]제피아스코르빈산96%/[C095392]아스코르빌팔미테이트/[C095412]제피아스코르빈사96% Type SC/[C095426]제피아스코르빈산96%가루/[C095604]아스코르빈산90%/[C099084]아스코르빈산팔미테이트/[C099734]아스코르브산90%과립/[C099910]직타용아스코르빈산/[C100271]팔미틴산아스코르빈산/[C100420]엘-아스코르빈산/[C101135]90%아스코르빈산과립/[C102189]아스코르빅애씨드/[C312780]소듐아스코르베이트/[C312824]아스코르빌 테트라이소팔미테이트/[C317903]글루코사민아스코르베이트/[C318482]칼슘 아스코르베이트/[C320842]아스코르빅애씨드/[C400592]아스코르빌니코티네이트/[I000229]아스코르빈산칼슘/[I001468]아스코르빈산제일철/[I001971]마그네슘아스코르베이트/[I003752]아스코르빈산나트륨/[I004351]아스코르브산/[M040354]아스코르빈산/[M050961]아스코르빈산철/[M080210]아스코르빈산나트륨/[M081017]아스코르빈산90%과립/[M081495]아스코르빈산펠렛/[M081615]아스코르빈산제피과립/[M081679]아스코르빈산60%/[M081772]제피아스코르빈산TYPE-SC/[M081998]아스코르빈팔미틴산/[M082617]아스코르빈산제피산/[M082841]아스코르빈산98%과립/[M082845]제피아스코르빈산96%/[M082850]직타용아스코르빈산/[M082857]제피아스코르빈산/[M083022]아스코르빈산96%과립/[M083040]아스코르빈산97%과립/[M083727]아스코르빈산제피산98%DC/[M083960]제피아스코르빈산TYPE-SC/[M083984]아스코르빈산칼슘/[M084311]엘아스코르빈산나트륨/[M084327]아스코르빈산과립/[M084388]아스코르빈산나트륨99%/[M084419]아스코르빈산98%/[M084433]아스코르빈산97ㆍ5%과립/[M084448]아스코르빈산97%/[M084495]아스코르빈산칼슘97%과립/[M084658]아스코르빈산96%/[M084927]제피아스코르빈산96%Type SC/[M085686]직타용아스코르빈산98%/[M087036]제피아스코르빈산/[M088252]아스코르빈산/[M089177]아스코르빈산96%SC/[M090019]아스코르빈산90%/[M091430]아스코르빈산유캡/[M094260]아스코르빈산95%/[M095392]아스코르빌팔미테이트/[M095426]제피아스코르빈산96%가루/[M095604]아스코르빈산90%/[M099084]아스코르빈산팔미테이트/[M100271]팔미틴산아스코르빈산/[M100420]엘-아스코르빈산/[M103048]제피형아스코르빈산96%TypeSC/[M103617]팔미틴산아스코르빌/[M104937]아스코르빈산97%분말/[M105763]아스코르빈산제제/[M107308]제피아스코르빈산97.0%가루/[M107594]소듐엘아스코르베이트/[M201112]아스코르빈산제일철/[M201618]제피아스코르빈사96%TypeSC/[M201620]제피아스코르빈산가루/[M201622]제피아스코르빈산TYPEB/[M203450]아스코르브산/[M203451]아스코르브산소듐/[M203452]아스코르빈산소듐/[M207370]팔미틴산아스코르브산/[M207385]아스코르빈산 97(아스코르빈산으로서 600mg)/[M207533]아스코르빈산 97(아스코르빈산으로서 600㎎)/[M209224]직타용아스코르빈산97%/[M210040]제피아스코르빈산97%과립/[M210875]소듐L-아스코르베이트/[M211316]아스코르빈산 산/[M211364]제피형아스코르빈산96%/[M211402]직타용아스코르빈산 90%/[M212742]아스코르빈산과립 97%(아스코르빈산으로서 83.3밀리그램)/[M214926]제피아스코르빈산 Type SC/[M215692]아스코르빈산(비타민C)/[M216038]아스코르빈산과립97%(아스코르빈산으로서 75밀리그램)/[M216398]아스코르빈산과립97%(아스코르빈산으로서 83.34밀리그램)/[M220142]직타용아스코르빈산(97%)/[M220180]아스코르빈산 97/[M223105]아스코르브산 산/[M223106]아스코르브산 정/[M223107]아스코르브산 주사액/[M224238]아스코르브산97/[M225398]아스코르빈산 Type FC/[M226183]아스코르빈산과립97%/[M227509]아스코르브산97%과립/[M229451]아스코르빈산 90%과립/[M229497]제피아스코르빈산 96% Type SC/[M234001]아스코르브산과립97%/[M236177]아스코르브산 90%과립/[M236913]제피아스코르브산/[M236926]직타용아스코르브산/[M239246]L-아스코르빈산/[M239251]L-아스코르빈산나트륨/[M239556]제피아스코르브산96% Type SC/[M241223]아스코르브산90%과립/[M242242]제피아스코르빈산*/[M243471]엘-아스코르빈산나트륨/[M243491]아스코르브산 97/[M244591]엘-아스코르빈산나트륨/[M244678]아스코르브산 97/[M245849]제피아스코르브산에스씨/[M245878]아스코르브산팔미테이트/[M246161]직타용아스코르브산97%/[M246638]아스코르브산97%/[M246709]아스코르브산나트륨/[M246900]90%아스코르브산/[M248326]아스코르빌나트륨포스페이트/[M249820]아스코르브산96%과립/[M250406]아스코르브산과립/[M250800]제피아스코르브산 TYPE-SC/[M251500]제피아스코르브산96%가루/[M252473]아스코르브산칼슘/[M252874]아스코르브산나트륨/[M252882]L-아스코르브산/[M253028]아스코르브산칼슘수화물/[M254082]제피아스코르브산 Type SC/[M254227]제피형아스코르브산96%TypeSC/[M254749]아스코르브산95%과립/[M254848]90%아스코르브산과립/[M256156]아스코르브산과립96%/[M257558]제피아스코르브산96%/[M257734]아스코르브산 과립90%/[M258008]아스코르브산칼슘이수화물/[M258592]작타용아스코르브산 97 %/[M258994]아스코르브산/[M259386]L-아스코르브산나트륨/[M259573]L-아스코르브산/[M261728]아스코르브산97%(직타용)/[M263901]제피아스코르브산97%가루/[M264037]90%아스코르빈산/[M265896]제피아스코르브산97.5%가루/[M040579]카페인(함수)/[M040580]무수카페인/[M090611]카페인/[M223183]카페인무수물/[M223184]카페인수화물/[M241017]무수물카페인/[M040616]말레인산클로르페니라민/[M050213]말레인산덱스클로르페니라민/[M051529]클로르페니라민/[M082701]디엘말레인산클로르페니라민/[M083325]디말레인산클로르페니라민/[M099959]말레인산클로로페니라민/[M100018]말레산클로르페니라민/[M100476]디말레인산클로르페니라민/[M101581]디엘말레인산클로르페니라민/[M200471]말레인산클로르페니라민제피과립/[M202197]D-말레인산클로르페니라민/[M202204]DL-말레인산클로르페니라민/[M203913]클로르페니라민말레인산염/[M212847]클로르페니라민말레이트/[M223211]클로르페니라민말레산염/[M223212]d-클로르페니라민말레산염/[M223213]클로르페니라민말레산염 산/[M223214]클로르페니라민말레산염 정/[M223215]클로르페니라민말레산염 주사액/[M226783]dl-클로르페니라민말레산염/[M249715]덱스클로르페니라민 말레산염/[M251936]덱스클로르페니라민말레이트/[M223258]티아민염산염/[M223262]티아민질산염/[M243282]티아민질산염3배산","[01140]해열.진통.소염제","","4,000밀리그램",20180831,"아세트아미노펜으로서 4,000mg/day(모든제형, 단일제.복합제 포함)","","정상"
3878,"용량주의","복합",D000147,Acetaminophen,"아세트아미노펜","[D001101]Riboflavin(리보플라빈)/[D001116]Methylephedrine(메틸에페드린)/[D001106]Ascorbic acid(아스코르브산)/[D000847]Ethenzamide(에텐자미드)/[D000852]Caffeine(카페인)/[D000893]Chlorpheniramine(클로르페니라민)/[D000998]Thiamine(티아민)/[D000933]Tipepidine(티페피딘)/[D001107]Hyangsosan(향소산)","[M040353]아세트아미노펜/[M082309]아세트아미노펜제피세립/[M233006]아세트아미노펜 DC 500/600/[M246556]아세트아미노펜 (미분화)/[M262287]아세트아미노펜 과립/[C040133]리보플라빈/[C040512]인산리보플라빈나트륨/[C050367]테트라부티르산리보플라빈/[C050368]인산리보플라빈/[C050369]리보플라빈-5-인산나트륨/[C081186]리보플라빈33 1/3%/[C082711]리보플라빈낙산에스텔/[C082719]리보플라빈331/3%산/[C083052]리보플라빈98%DC/[C083101]낙산리보플라빈/[C083163]리보플라빈98%/[C083404]리보플라빈33 1/3%과립/[C084424]염산리보플라빈나트륨/[C085688]직탁용리보플라빈98%/[C089984]리보플라빈인산나트륨/[C090982]리보플라빈산나트륨/[C091022]리보플라빈98%과립/[C091383]리보플라빈25%과립/[C092484]부티르산리보플라빈/[C100456]리보플라빈3배산/[C100480]인산리보플라빈나트륨이수화물/[C101969]리보플라빈E101/[C202525]리보플라빈/[C401176]리보플라빈/[C407713]소듐리보플라빈포스페이트/[C409503]리보플라빈테트라부티레이트/[C422825]리보플라빈/[C422826]리보플라빈테트라부티레이트/[C422827]리보플라빈테트라아세테이트/[C425375]소듐리보플라빈포스페이트/[I003529]리보플라빈/[I003530]리보플라빈포스페이트나트륨/[I006525]리보플라빈부티레이트/[I007430]인산리보플라빈/[I007658]인산리보플라빈나트륨이수화물/[I007907]리보플라빈산나트륨/[M040133]리보플라빈/[M040512]인산리보플라빈나트륨/[M050367]테트라부티르산리보플라빈/[M050368]인산리보플라빈/[M050369]리보플라빈-5-인산나트륨/[M081186]리보플라빈33 1/3%/[M082711]리보플라빈낙산에스텔/[M082719]리보플라빈33 1/3%산/[M083052]리보플라빈98%DC/[M083101]낙산리보플라빈/[M083163]리보플라빈98%/[M083404]리보플라빈33 1/3%과립/[M085688]직탁용리보플라빈98%/[M090982]리보플라빈산나트륨/[M091022]리보플라빈98%과립/[M091383]리보플라빈25%과립/[M092484]부티르산리보플라빈/[M100456]리보플라빈3배산/[M100480]인산리보플라빈나트륨이수화물/[M101969]리보플라빈E101/[M200421]리보플라빈33ㆍ3%/[M200422]리보플라빈33ㆍ3%과립/[M200423]리보플라빈33ㆍ3%산/[M203723]인산리보플라빈소듐/[M206124]조리보플라빈/[M216041]리보플라빈3배산(리보플라빈으로서 5밀리그램)/[M216399]리보플라빈 3배산(리보플라빈으로서 0.84밀리그램)/[M217503]리보플라빈인산에스텔나트륨/[M218021]안산리보플라빈나트륨/[M222995]리보플라빈부티레이트/[M222996]리보플라빈포스페이트나트륨/[M222997]리보플라빈포스페이트나트륨 주사액/[M232651]제피리보플라빈/[M249967]리보플라빈부틸레이트/[M249982]리보플라빈나트륨포스페이트/[A006116]메틸에페드린/[I006391]dl-메틸에페드린염산염/[M204422]dl-메틸에페드린염산염/[M223022]dl-메틸에페드린염산염 산 10%/[M235519]디엘메틸에페드린염산염/[M240608]dI-메틸에페드린염산염/[M240859]디엘-메틸에페드린염산염/[M252389]㎗-메틸에페드린염산염/[M264046]DL-메틸에페드린염산염/[C040354]아스코르빈산/[C050961]아스코르빈산철/[C080210]아스코르빈산나트륨/[C081017]아스코르빈산90%과립/[C081495]아스코르빈산펠렛/[C081615]아스코르빈산 제피과립/[C081679]아스코르빈산60%/[C081772]제피아스코르빈산TYPE-SC/[C081998]아스코르빈팔미틴산/[C082617]아스코르빈산제피산/[C082841]아스코르빈산98%과립/[C082845]제피형아스코르빈산96%/[C082850]직탁용아스코르빈산/[C082857]제피아스코르빈산/[C083022]아스코르빈산96%과립/[C083040]아스코르빈산97%과립/[C083727]아스코르빈산제피산98%DC/[C083984]아스코르빈산칼슘/[C084311]엘-아스코르빈산나트륨/[C084327]아스코르빈산과립/[C084388]아스코르빈산나트륨99%/[C084419]아스코르빈산98%/[C084433]아스코르빈산97ㆍ5%과립/[C084448]아스코르빈산97%/[C084495]아스코르빈산칼슘97%과립/[C084658]아스코르빈산96%/[C084927]제피형아스코르빈산96%Type SC/[C085686]직탁용아스코르빈산98%/[C085785]아스코르빈산스테아레이트/[C086801]제피아스코르빈산97ㆍ5%/[C087036]코팅된아스코르빈산/[C088252]아스코르빈산제제/[C089177]아스코르빈산96%SC/[C090019]90%아스코르빈산/[C091430]아스코르빈산유캡/[C094260]95%아스코르빈산/[C094676]3-O-에칠아스코르빈산/[C095118]제피아스코르빈산96%/[C095392]아스코르빌팔미테이트/[C095412]제피아스코르빈사96% Type SC/[C095426]제피아스코르빈산96%가루/[C095604]아스코르빈산90%/[C099084]아스코르빈산팔미테이트/[C099734]아스코르브산90%과립/[C099910]직타용아스코르빈산/[C100271]팔미틴산아스코르빈산/[C100420]엘-아스코르빈산/[C101135]90%아스코르빈산과립/[C102189]아스코르빅애씨드/[C312780]소듐아스코르베이트/[C312824]아스코르빌 테트라이소팔미테이트/[C317903]글루코사민아스코르베이트/[C318482]칼슘 아스코르베이트/[C320842]아스코르빅애씨드/[C400592]아스코르빌니코티네이트/[I000229]아스코르빈산칼슘/[I001468]아스코르빈산제일철/[I001971]마그네슘아스코르베이트/[I003752]아스코르빈산나트륨/[I004351]아스코르브산/[M040354]아스코르빈산/[M050961]아스코르빈산철/[M080210]아스코르빈산나트륨/[M081017]아스코르빈산90%과립/[M081495]아스코르빈산펠렛/[M081615]아스코르빈산제피과립/[M081679]아스코르빈산60%/[M081772]제피아스코르빈산TYPE-SC/[M081998]아스코르빈팔미틴산/[M082617]아스코르빈산제피산/[M082841]아스코르빈산98%과립/[M082845]제피아스코르빈산96%/[M082850]직타용아스코르빈산/[M082857]제피아스코르빈산/[M083022]아스코르빈산96%과립/[M083040]아스코르빈산97%과립/[M083727]아스코르빈산제피산98%DC/[M083960]제피아스코르빈산TYPE-SC/[M083984]아스코르빈산칼슘/[M084311]엘아스코르빈산나트륨/[M084327]아스코르빈산과립/[M084388]아스코르빈산나트륨99%/[M084419]아스코르빈산98%/[M084433]아스코르빈산97ㆍ5%과립/[M084448]아스코르빈산97%/[M084495]아스코르빈산칼슘97%과립/[M084658]아스코르빈산96%/[M084927]제피아스코르빈산96%Type SC/[M085686]직타용아스코르빈산98%/[M087036]제피아스코르빈산/[M088252]아스코르빈산/[M089177]아스코르빈산96%SC/[M090019]아스코르빈산90%/[M091430]아스코르빈산유캡/[M094260]아스코르빈산95%/[M095392]아스코르빌팔미테이트/[M095426]제피아스코르빈산96%가루/[M095604]아스코르빈산90%/[M099084]아스코르빈산팔미테이트/[M100271]팔미틴산아스코르빈산/[M100420]엘-아스코르빈산/[M103048]제피형아스코르빈산96%TypeSC/[M103617]팔미틴산아스코르빌/[M104937]아스코르빈산97%분말/[M105763]아스코르빈산제제/[M107308]제피아스코르빈산97.0%가루/[M107594]소듐엘아스코르베이트/[M201112]아스코르빈산제일철/[M201618]제피아스코르빈사96%TypeSC/[M201620]제피아스코르빈산가루/[M201622]제피아스코르빈산TYPEB/[M203450]아스코르브산/[M203451]아스코르브산소듐/[M203452]아스코르빈산소듐/[M207370]팔미틴산아스코르브산/[M207385]아스코르빈산 97(아스코르빈산으로서 600mg)/[M207533]아스코르빈산 97(아스코르빈산으로서 600㎎)/[M209224]직타용아스코르빈산97%/[M210040]제피아스코르빈산97%과립/[M210875]소듐L-아스코르베이트/[M211316]아스코르빈산 산/[M211364]제피형아스코르빈산96%/[M211402]직타용아스코르빈산 90%/[M212742]아스코르빈산과립 97%(아스코르빈산으로서 83.3밀리그램)/[M214926]제피아스코르빈산 Type SC/[M215692]아스코르빈산(비타민C)/[M216038]아스코르빈산과립97%(아스코르빈산으로서 75밀리그램)/[M216398]아스코르빈산과립97%(아스코르빈산으로서 83.34밀리그램)/[M220142]직타용아스코르빈산(97%)/[M220180]아스코르빈산 97/[M223105]아스코르브산 산/[M223106]아스코르브산 정/[M223107]아스코르브산 주사액/[M224238]아스코르브산97/[M225398]아스코르빈산 Type FC/[M226183]아스코르빈산과립97%/[M227509]아스코르브산97%과립/[M229451]아스코르빈산 90%과립/[M229497]제피아스코르빈산 96% Type SC/[M234001]아스코르브산과립97%/[M236177]아스코르브산 90%과립/[M236913]제피아스코르브산/[M236926]직타용아스코르브산/[M239246]L-아스코르빈산/[M239251]L-아스코르빈산나트륨/[M239556]제피아스코르브산96% Type SC/[M241223]아스코르브산90%과립/[M242242]제피아스코르빈산*/[M243471]엘-아스코르빈산나트륨/[M243491]아스코르브산 97/[M244591]엘-아스코르빈산나트륨/[M244678]아스코르브산 97/[M245849]제피아스코르브산에스씨/[M245878]아스코르브산팔미테이트/[M246161]직타용아스코르브산97%/[M246638]아스코르브산97%/[M246709]아스코르브산나트륨/[M246900]90%아스코르브산/[M248326]아스코르빌나트륨포스페이트/[M249820]아스코르브산96%과립/[M250406]아스코르브산과립/[M250800]제피아스코르브산 TYPE-SC/[M251500]제피아스코르브산96%가루/[M252473]아스코르브산칼슘/[M252874]아스코르브산나트륨/[M252882]L-아스코르브산/[M253028]아스코르브산칼슘수화물/[M254082]제피아스코르브산 Type SC/[M254227]제피형아스코르브산96%TypeSC/[M254749]아스코르브산95%과립/[M254848]90%아스코르브산과립/[M256156]아스코르브산과립96%/[M257558]제피아스코르브산96%/[M257734]아스코르브산 과립90%/[M258008]아스코르브산칼슘이수화물/[M258592]작타용아스코르브산 97 %/[M258994]아스코르브산/[M259386]L-아스코르브산나트륨/[M259573]L-아스코르브산/[M261728]아스코르브산97%(직타용)/[M263901]제피아스코르브산97%가루/[M264037]90%아스코르빈산/[M265896]제피아스코르브산97.5%가루/[M040417]에텐자미드/[M095771]에덴자미드/[M040579]카페인(함수)/[M040580]무수카페인/[M090611]카페인/[M223183]카페인무수물/[M223184]카페인수화물/[M241017]무수물카페인/[M040616]말레인산클로르페니라민/[M050213]말레인산덱스클로르페니라민/[M051529]클로르페니라민/[M082701]디엘말레인산클로르페니라민/[M083325]디말레인산클로르페니라민/[M099959]말레인산클로로페니라민/[M100018]말레산클로르페니라민/[M100476]디말레인산클로르페니라민/[M101581]디엘말레인산클로르페니라민/[M200471]말레인산클로르페니라민제피과립/[M202197]D-말레인산클로르페니라민/[M202204]DL-말레인산클로르페니라민/[M203913]클로르페니라민말레인산염/[M212847]클로르페니라민말레이트/[M223211]클로르페니라민말레산염/[M223212]d-클로르페니라민말레산염/[M223213]클로르페니라민말레산염 산/[M223214]클로르페니라민말레산염 정/[M223215]클로르페니라민말레산염 주사액/[M226783]dl-클로르페니라민말레산염/[M249715]덱스클로르페니라민 말레산염/[M251936]덱스클로르페니라민말레이트/[M223258]티아민염산염/[M223262]티아민질산염/[M243282]티아민질산염3배산/[M051662]구연산티페피딘/[M051663]히벤즈산티페피딘/[M223274]티페피딘히벤즈산염 정/[M254445]티페피딘시트르산염/[C081544]향소산/[C087324]향소산엑스/[C090874]향소산건조엑스/[C095071]향소산연조엑스/[C101061]향소산건조엑스(8->1)/[M081544]향소산/[M087324]향소산엑스/[M090874]향소산건조엑스/[M095071]향소산연조엑스/[M101061]향소산건조엑스(8->1)/[M103686]향소산연조엑스(5.82→1)/[M211801]향소산연조엑스(4.00→1)/[M229060]향소산건조엑스(5.79→1)/[M252050]향소산건조엑스(5.3→1)/[M252391]향소산 연조엑스(5.82→1)/[M252444]향소산연조엑스[3.14→1]","[01140]해열.진통.소염제","","4,000밀리그램",20180831,"아세트아미노펜으로서 4,000mg/day(모든제형, 단일제.복합제 포함)","","정상"
3710,"용량주의","복합",D000147,Acetaminophen,"아세트아미노펜","[D001117]Cyanocobalamin(시아노코발라민)/[D000998]Thiamine(티아민)/[D000413]Pyridoxine(피리독신)","[M040353]아세트아미노펜/[M082309]아세트아미노펜제피세립/[M233006]아세트아미노펜 DC 500/600/[M246556]아세트아미노펜 (미분화)/[M262287]아세트아미노펜 과립/[C040330]시아노코발라민(비타민B12)/[C081020]시아노코발라민1%/[C081612]시아노코발라민0ㆍ1%WS,Spray-dried/[C082616]시아노코발라민0ㆍ1%SD/[C082811]시아노코발라민1%SD/[C083188]시아노코발라민0ㆍ1%/[C083197]시아노코발라민1%산/[C083532]무수시아노코발라민/[C083632]시아노코발라민1%과립/[C083673]수지흡착1%시아노코발라민/[C084210]0ㆍ1%시아노코발라민트리츄레이션/[C084370]시아노코발라민0ㆍ1%type ws/[C084641]수용성시아노코발라민0ㆍ1%/[C084783]시아노코발라민0ㆍ1%산/[C086692]시아노코발라민제제/[C089580]0ㆍ1%시아노코발라민/[C091382]시아노코발라민0ㆍ1%과립/[C093734]시아노코발라민산/[C093748]시아노코발라민0ㆍ1%분말/[C096429]시아노코발라민/[C099915]0ㆍ1% 수용성시아노코발라민/[C409830]시아노코발라민/[I000703]시아노코발라민/[M040330]시아노코발라민(비타민B12)/[M081020]시아노코발라민1%/[M081612]시아노코발라민0ㆍ1%WS,Spray-dried/[M082616]시아노코발라민0ㆍ1%SD/[M082811]시아노코발라민1%SD/[M083188]시아노코발라민0ㆍ1%/[M083197]시아노코발라민1%산/[M083532]무수시아노코발라민/[M083632]시아노코발라민1%과립/[M083673]수지흡착1%시아노코발라민/[M084210]0ㆍ1%시아노코발라민트리츄레이션/[M084370]시아노코발라민0ㆍ1%type ws/[M084641]수용성시아노코발라민0ㆍ1%/[M084783]시아노코발라민0ㆍ1%산/[M086692]시아노코발라민/[M089580]0ㆍ1%시아노코발라민/[M091382]시아노코발라민0ㆍ1%과립/[M093734]시아노코발라민산/[M093748]시아노코발라민0ㆍ1%분말/[M096429]시아노코발라민/[M099915]0ㆍ1%수용성시아노코발라민/[M105765]시아노코발라민제제/[M201060]시아노코발라민0ㆍ1%typews/[M205977]수용성 시아노코발라민 0.1%/[M207390]시아노코발라민 0.1%(시아노코발라민으로서 5㎍)/[M207532]시아노코발라민 0.1%(비타민 B12로서 5㎍)/[M210476]0.1%시아노코발라민/[M211243]만니톨-시아노코발라민 배산 0.1%/[M212896]0.1% 시아노코바라민/[M213686]시아노코발라민0.1%/[M216043]0.1% 시아노코발라민(시아노코발라민으로서 2.5마이크로그램)/[M221499]시아노코발리민0.1%/[M225607]시아노코발라민 1%/[M232653]시아노코발라민 배산 0.1%/[M235614]1%시아노코발라민/[M240091]시아노코발라민1%/[M243438]시아노코발라민 0.1%/[M243493]0.1%시아노코발라민/[M243574]0.1% 시아노코발라민/[M243956]0.1% 시아노코발라민/[M243963]0.1% 시아노코발라민/[M244157]0.1% 시아노코발라민/[M244374]시아노코발라민1%/[M244679]0.1% 시아노코발라민/[M245647]0.1％ 시아노코발라민/[M245958]0.1% 시아노코발리민/[M246786]0.1%수용성시아노코발라민/[M255994]시아노코발라민1000배산/[M256157]시아노코발라민100배산/[M262818]시아노코발라빈 1000배산/[M265578]시아노코발라민1000배산/[M223258]티아민염산염/[M223262]티아민질산염/[M243282]티아민질산염3배산/[M080913]로코트염산피리독신/[M081199]로코트염산피리독신331/3%/[M084231]염산피리독신33 1/3%/[M092263]염산피리독신98%과립/[M099035]염산피리독신3배산/[M204304]피리독신염산염/[M225043]염산 피리독신/[M227508]피리독신염산염97%과립/[M232652]제피피리독신염산염/[M240075]염산피리독신/[M240090]피리독신염산염 98% 과립/[M241190]피리독신염산염3배산/[M243281]피리독신염산염3배산/[M244825]피리독신염산염3배산/[M251501]피리독신염산염33·1/3%","[01140]해열.진통.소염제","","4,000밀리그램",20180831,"아세트아미노펜으로서 4,000mg/day(모든제형, 단일제.복합제 포함)","","정상"
3713,"용량주의","복합",D000147,Acetaminophen,"아세트아미노펜","[D000847]Ethenzamide(에텐자미드)/[D000852]Caffeine(카페인)/[D000893]Chlorpheniramine(클로르페니라민)","[M040353]아세트아미노펜/[M082309]아세트아미노펜제피세립/[M233006]아세트아미노펜 DC 500/600/[M246556]아세트아미노펜 (미분화)/[M262287]아세트아미노펜 과립/[M040417]에텐자미드/[M095771]에덴자미드/[M040579]카페인(함수)/[M040580]무수카페인/[M090611]카페인/[M223183]카페인무수물/[M223184]카페인수화물/[M241017]무수물카페인/[M040616]말레인산클로르페니라민/[M050213]말레인산덱스클로르페니라민/[M051529]클로르페니라민/[M082701]디엘말레인산클로르페니라민/[M083325]디말레인산클로르페니라민/[M099959]말레인산클로로페니라민/[M100018]말레산클로르페니라민/[M100476]디말레인산클로르페니라민/[M101581]디엘말레인산클로르페니라민/[M200471]말레인산클로르페니라민제피과립/[M202197]D-말레인산클로르페니라민/[M202204]DL-말레인산클로르페니라민/[M203913]클로르페니라민말레인산염/[M212847]클로르페니라민말레이트/[M223211]클로르페니라민말레산염/[M223212]d-클로르페니라민말레산염/[M223213]클로르페니라민말레산염 산/[M223214]클로르페니라민말레산염 정/[M223215]클로르페니라민말레산염 주사액/[M226783]dl-클로르페니라민말레산염/[M249715]덱스클로르페니라민 말레산염/[M251936]덱스클로르페니라민말레이트","[01140]해열.진통.소염제","","4,000밀리그램",20180831,"아세트아미노펜으로서 4,000mg/day(모든제형, 단일제.복합제 포함)","","정상"
3879,"용량주의","복합",D000147,Acetaminophen,"아세트아미노펜","[D001093]Galgeun-tang(갈근탕)/[D001000]Licorice(감초)/[D001121]Dried Ginger(건강)/[D001122]Jujube(대추)/[D001133]Ephedrae Herb(마황)/[D001123]Cinnamomum cassia Blume(육계)/[D001119]Peony Root(작약)/[D000852]Caffeine(카페인)/[D000893]Chlorpheniramine(클로르페니라민)","[M040353]아세트아미노펜/[M082309]아세트아미노펜제피세립/[M233006]아세트아미노펜 DC 500/600/[M246556]아세트아미노펜 (미분화)/[M262287]아세트아미노펜 과립/[C084556]갈근탕엑스/[C085494]갈근탕엑스분말/[C085503]갈근탕건조엑스/[C086018]갈근탕연조엑스/[C090838]갈근탕엑스과립/[C096410]갈근탕엑스정건조엑스/[C096710]갈근탕건조엑스[10→1]/[C100973]갈근탕엑스(10→1)/[M084556]갈근탕엑스/[M085494]갈근탕엑스분말/[M085503]갈근탕건조엑스/[M086018]갈근탕연조엑스/[M096410]갈근탕엑스정건조엑스/[M096710]갈근탕건조엑스[10→1]/[M100973]갈근탕엑스(10→1)/[M103265]갈근탕엑스말(10→1)/[M103916]갈근탕연조엑스(4.32→1)/[M104358]갈근탕엑스말/[M104683]갈근탕건조엑스(6.80→1)/[M104753]갈근탕연조엑스(3.4→1)/[M105329]갈근탕수침건조엑기스/[M105588]갈근탕건조엑스(5.78→1)/[M105816]갈근탕엑스분말(6→1)/[M105833]갈근탕연조엑스(4.17→1)/[M200049]갈근탕엑스가루/[M214453]갈근탕 연조엑스(4→1)/[M217483]갈근탕연조엑스(3->1)/[M229053]갈근탕 연조엑스(3.33→1)/[M250041]갈근탕엑스(5.81:1)/[M252043]갈근탕연조엑스[2.78→1]/[M252386]갈근탕연조엑스
(3.33→1)/[M259853]갈근탕건조엑스(6.31:1)/[M260768]갈근탕연조엑스(3.08→1)/[M261860]갈근탕건조엑스(5.6→1)/[M267754]갈근탕건조엑스(4→1)/[A006000]감초/[M040006]감초/[M070009]감초가루/[C040007]건강/[C070022]건강조말/[C070030]건강틴크/[C082104]건강유동엑스/[C082517]건강가루/[C083050]건강엑스/[C084830]건강70%에탄올유동엑스/[C085146]건강70%에탄올틴크/[C085483]건강30%에탄올유동엑스/[C089572]건강엑스산/[C091939]건강연조엑스/[C093695]건강묽은에탄올틴크/[C096526]건강건조엑스/[C101460]건강70%에탄올틴크(1→5)/[I001696]건강/[M040007]건강/[M070030]건강틴크/[M082104]건강유동엑스/[M082517]건강가루/[M083050]건강엑스/[M085146]건강70%에탄올틴크/[M085483]건강30%에탄올유동엑스/[M091939]건강연조엑스/[M093373]포건강/[M093695]건강묽은에탄올틴크/[M095865]건강엑스가루/[M101460]건강70%에탄올틴크(1→5)/[M103252]건강건조엑스(5ㆍ6→1)/[M104354]건강틴크(1→5)/[M227892]건강70%에탄올틴크(1->5)/[M239738]건강건조엑스/[M246445]건강초탄/[M249865]건강틴크
(1→5)/[M250885]건강건조엑스(5.6→1)/[M251645]건강초탄/[M254336]건강초탄/[M260577]건강초탄/[M261229]건강연조엑스(1.5∼1.8→1)
/[M262503]건강연조엑스(1.5~1.8→1)/[M262727]건강연조엑스(2.2~2.7→1)
/[M264378]건강연조엑스(1.7~2.0→1)/[M264508]건강연조엑스(3.23→1)/[M266087]건강건조엑스(6.5~7.9→1)/[M266876]건강연조엑스(2.9~3.6→1)/[M267309]건강연조엑스(1.6~2.0→1)/[C040071]대추/[I006323]대추/[M040071]대추/[M262512]대추연조엑스(1.5∼1.9→1)/[M266238]대추건조엑스(2.5~3.1→1)/[M266249]대추연조엑스(1.2~1.4→1)/[C040135]마황/[C080619]마황탕수침건조엑스/[C088524]마황수침건조엑스/[C089573]마황엑스산/[C091941]마황엑스/[C095063]마황탕연조엑스/[C095449]마황가루/[C102054]마황근/[C102097]마황추출물/[C202560]마황추출물/[C423024]마황뿌리추출물/[I001223]마황/[I008197]마황근/[M040135]마황/[M088524]마황수침건조엑스/[M089573]마황엑스산/[M091941]마황엑스/[M095063]마황탕연조엑스/[M095449]마황가루/[M102054]마황근/[M200464]마황엑스가루/[M261223]마황연조엑스(2.2∼2.7→1)
/[M261691]마황탕엑스/[M262497]마황연조엑스(2.2~2.7→1)/[M264308]마황연조엑스(4.35->1)/[M264372]마황연조엑스(3.4~4.2→1)/[M264504]마황연조엑스(4.35→1)/[M266357]마황연조엑스(2.3∼2.9→1)/[M266873]마황연조엑스(3.7~5.0→1)/[M267305]마황연조엑스(2.8~3.4→1)/[M268323]마황연조엑스(3.8∼5.1→1)/[C050036]육계/[C089617]육계엑스산/[C401739]육계추출물/[C401743]육계잎추출물/[C402601]육계/[C402602]육계껍질/정향싹/로즈마리잎/불가리스백리향잎수/[C428728]육계/[C428729]육계/정향싹/로즈마리잎/타임잎수/[C428730]육계/정향싹/로즈마리잎/타임잎오일/[C428731]육계껍질/탱자열매/삼백초잎/뿌리/도둑놈의지팡이뿌리추출물/[C428733]육계잎추출물/[C428734]육계전초오일/[C428735]육계전초추출물/[C428736]육계껍질추출물/[C434092]하이드롤라이즈드육계추출물/[C438444]육계껍질수/[C438521](육계껍질/요엽후박)나무껍질/(고량강/참당귀)뿌리추출물/[I000485]육계/[I008329]육계/[I012425]육계·아선약·소두구·고추 연조엑스(5→1)/[M050036]육계/[M089617]육계엑스산/[M106290]육계(모계)/[M201470]육계엑스가루/[M227893]육계70%에탄올틴크(1->5)/[M232832]육계건조엑스/[M234405]육계가루/[M239186]육계엑스(22->1)/[M240817]육계70%에탄올틴크(1→5)/[M244658]육계틴크(1→5)/[M245879]육계건조엑스(31.25->1)/[M246170]육계연조엑스/[M251943]육계추출물/[M252166]육계유/[M252345]육계유동엑스/[M252650]육계·아선약·소두구·고추 연조엑스(5→1)/[M253194]육계엑스(22→1)/[M254384]육계·아선약·소두구·고추 연조엑스(5->1)/[M258809]육계엑스/[M259064]육계30%에탄올유동엑스/[M261235]육계연조엑스(7.9∼9.6→1)
/[M262509]육계연조엑스(7.9~9.6→1)/[M264213]육계/당귀/작약/숙지황/천궁/황기 혼합추출물/[M264384]육계연조엑스(8.8~10.8→1)/[M264645]육계연조엑스(8.3→1)/[M266305]육계건조엑스(20~35→1)/[M266529]육계건조엑스(22→1)/[M267315]육계연조엑스(8.4~10.2→1)/[M267418]육계연조엑스(6.7~10→1) /[C040523]작약/[C051307]백작약/[C051308]적작약/[C071158]작약엑스/[C082518]작약가루/[C085611]백작약초/[C088975]백작약가루/[C089531]백작약엑스산(패오니플로린으로서 133ㆍ2밀리그람)/[C089542]백작약엑스산/[C090093]작약엑스산/[C090789]작약초/[C092727]백작약연조엑스/[C093837]작약건조엑스/[C096770]작약추출물/[C312372]작약추출물/[C313826]백작약추출물/[C320059]참작약/[C402274]작약전초추출물/[C402275]작약뿌리추출물/[C404274]작약뿌리수/[C404275]작약뿌리가루/[C406079]작약가루/[C406080]작약껍질/수액추출물/[C406081]작약꽃추출물/[C406082]작약추출물/[C429024]작약꽃추출물/[C429025]작약나무껍질/수액추출물/[C429026]작약뿌리/[C429027]작약뿌리가루/[C429028]작약뿌리수/[C429029]작약뿌리추출물/[C429030]작약잎세포추출물/[C429031]작약추출물/[I006447]작약/[M040523]작약/[M051307]백작약/[M051308]적작약/[M071158]작약엑스/[M082518]작약가루/[M085611]백작약초/[M088975]백작약가루/[M090093]작약엑스산/[M090789]작약초/[M093837]작약건조엑스/[M103890]작약건조엑스(5.88→1)/[M201554]작약엑스가루/[M212494]백작약엑스 (5.9→1)/[M214365]작약추출물/[M241192]작약엑스(5.9->1)/[M243283]작약엑스(5.9->1)/[M245904]작약엑스 (5.9→1)/[M246879]작약추출액/[M261230]작약연조엑스(3.3∼4.0→1)
/[M262504]작약연조엑스(3.3~4.0→1)/[M263913]작약연조엑스(2.3∼3.2→1)/[M264309]작약연조엑스(3.03->1)/[M264379]작약연조엑스(2.4~3.0→1)/[M264643]작약연조엑스(3.03→1)/[M266482]작약연조엑스(2.8∼3.4→1)/[M266487]작약연조엑스(2.7~3.3→1)/[M266950]작약연조엑스(2.8∼3.4→1)/[M267310]작약연조엑스(2.9~3.5→1)/[M268068]작약연조엑스(2.8~3.4→1)/[M268187]작약연조엑스(2.8~3.4→1)/[M040579]카페인(함수)/[M040580]무수카페인/[M090611]카페인/[M223183]카페인무수물/[M223184]카페인수화물/[M241017]무수물카페인/[M040616]말레인산클로르페니라민/[M050213]말레인산덱스클로르페니라민/[M051529]클로르페니라민/[M082701]디엘말레인산클로르페니라민/[M083325]디말레인산클로르페니라민/[M099959]말레인산클로로페니라민/[M100018]말레산클로르페니라민/[M100476]디말레인산클로르페니라민/[M101581]디엘말레인산클로르페니라민/[M200471]말레인산클로르페니라민제피과립/[M202197]D-말레인산클로르페니라민/[M202204]DL-말레인산클로르페니라민/[M203913]클로르페니라민말레인산염/[M212847]클로르페니라민말레이트/[M223211]클로르페니라민말레산염/[M223212]d-클로르페니라민말레산염/[M223213]클로르페니라민말레산염 산/[M223214]클로르페니라민말레산염 정/[M223215]클로르페니라민말레산염 주사액/[M226783]dl-클로르페니라민말레산염/[M249715]덱스클로르페니라민 말레산염/[M251936]덱스클로르페니라민말레이트","[01140]해열.진통.소염제","","4,000밀리그램",20180831,"아세트아미노펜으로서 4,000mg/day(모든제형, 단일제.복합제 포함)","","정상"
3880,"용량주의","복합",D001000,Licorice,"감초","[D001000]Licorice(감초)/[D000493]Guaifenesin(구아이페네신)/[D001125]Platycodonis Radix(길경)/[D001101]Riboflavin(리보플라빈)/[D001116]Methylephedrine(메틸에페드린)/[D001106]Ascorbic acid(아스코르브산)/[D000852]Caffeine(카페인)/[D000893]Chlorpheniramine(클로르페니라민)/[D000998]Thiamine(티아민)/[D000933]Tipepidine(티페피딘)","[A006000]감초/[M040006]감초/[M070009]감초가루/[M050058]구아이페네신/[C040048]길경/[C070085]길경추출액/[C070086]길경유동엑스/[C082634]길경가루/[C082657]길경건조엑스/[C082674]길경엑스/[C082950]길경건조엑스말/[C083122]길경33ㆍ3%에탄올엑스/[C084557]길경45%에탄올엑스가루/[C084832]길경엑스산/[C086044]길경연조엑스/[C086047]길경근/[C095008]길경30%에탄올연조엑스/[C100979]길경50%에탄올건조엑스(10->1)/[C101406]길경엑스산(10→1)/[C403069]길경추출물/[I006474]길경/[M040048]길경/[M070085]길경추출액/[M070086]길경유동엑스/[M082634]길경가루/[M082657]길경건조엑스/[M082674]길경엑스/[M082950]길경건조엑스말/[M083122]길경33ㆍ3%에탄올엑스/[M084557]길경45%에탄올엑스가루/[M084832]길경엑스산/[M086044]길경연조엑스/[M095008]길경30%에탄올연조엑스/[M100979]길경50%에탄올건조엑스(10->1)/[M101406]길경엑스산(10→1)/[M103013]길경엑스(3ㆍ7→1)/[M103895]길경건조엑스(3.7→1)/[M104031]길경엑스(4→1)/[M104077]길경엑스(10→1)/[M104359]길경건조엑스(10:1)/[M104415]길경33.3%에탄올엑스(4:1)/[M105015]길경45%에탄올엑스가루(10:1)/[M106069]길경33.3%에탄올유동엑스(4→1)/[M200164]길경건조엑스가루/[M200165]길경엑스가루/[M211323]길경건조엑스(10->1)/[M217082]길경엑스산(10 ->1)/[M221344]길경 30% 에탄올 유동엑스(1:1)/[M232676]길경엑스 (3.7→1)/[M238263]길경50%에탄올건조엑스(10→1)/[M242406]길경 유동엑스/[M243217]길경탕연조엑스/[M250128]길경농축엑기스/[M251012]길경33.3%에탄올유동엑스(4-1)/[M258076]길경33.3%에탄올유동엑스(4->1)/[M258823]길경농축엑스/[M261226]길경연조엑스(2.3∼2.8→1)
/[M262500]길경연조엑스(2.3~2.8→1)/[M263491]길경50%에탄올엑스산(10→1)/[M263888]길경연조엑스(1.2~1.4→1)/[M263904]길경30%에탄올유동엑스(1:1)/[M264018]길경엑스산(3.7→1)/[M264375]길경연조엑스(1.8~2.2→1)/[M264641]길경연조엑스(2.6→1)/[M266592]길경연조엑스(2.3~2.9→1)/[M266996]길경연조엑스(2.2∼2.7→1)/[M267307]길경연조엑스(2.1~2.5→1)/[M268063]길경연조엑스(2.3∼2.8→1)/[M268240]길경추출분말/[C040133]리보플라빈/[C040512]인산리보플라빈나트륨/[C050367]테트라부티르산리보플라빈/[C050368]인산리보플라빈/[C050369]리보플라빈-5-인산나트륨/[C081186]리보플라빈33 1/3%/[C082711]리보플라빈낙산에스텔/[C082719]리보플라빈331/3%산/[C083052]리보플라빈98%DC/[C083101]낙산리보플라빈/[C083163]리보플라빈98%/[C083404]리보플라빈33 1/3%과립/[C084424]염산리보플라빈나트륨/[C085688]직탁용리보플라빈98%/[C089984]리보플라빈인산나트륨/[C090982]리보플라빈산나트륨/[C091022]리보플라빈98%과립/[C091383]리보플라빈25%과립/[C092484]부티르산리보플라빈/[C100456]리보플라빈3배산/[C100480]인산리보플라빈나트륨이수화물/[C101969]리보플라빈E101/[C202525]리보플라빈/[C401176]리보플라빈/[C407713]소듐리보플라빈포스페이트/[C409503]리보플라빈테트라부티레이트/[C422825]리보플라빈/[C422826]리보플라빈테트라부티레이트/[C422827]리보플라빈테트라아세테이트/[C425375]소듐리보플라빈포스페이트/[I003529]리보플라빈/[I003530]리보플라빈포스페이트나트륨/[I006525]리보플라빈부티레이트/[I007430]인산리보플라빈/[I007658]인산리보플라빈나트륨이수화물/[I007907]리보플라빈산나트륨/[M040133]리보플라빈/[M040512]인산리보플라빈나트륨/[M050367]테트라부티르산리보플라빈/[M050368]인산리보플라빈/[M050369]리보플라빈-5-인산나트륨/[M081186]리보플라빈33 1/3%/[M082711]리보플라빈낙산에스텔/[M082719]리보플라빈33 1/3%산/[M083052]리보플라빈98%DC/[M083101]낙산리보플라빈/[M083163]리보플라빈98%/[M083404]리보플라빈33 1/3%과립/[M085688]직탁용리보플라빈98%/[M090982]리보플라빈산나트륨/[M091022]리보플라빈98%과립/[M091383]리보플라빈25%과립/[M092484]부티르산리보플라빈/[M100456]리보플라빈3배산/[M100480]인산리보플라빈나트륨이수화물/[M101969]리보플라빈E101/[M200421]리보플라빈33ㆍ3%/[M200422]리보플라빈33ㆍ3%과립/[M200423]리보플라빈33ㆍ3%산/[M203723]인산리보플라빈소듐/[M206124]조리보플라빈/[M216041]리보플라빈3배산(리보플라빈으로서 5밀리그램)/[M216399]리보플라빈 3배산(리보플라빈으로서 0.84밀리그램)/[M217503]리보플라빈인산에스텔나트륨/[M218021]안산리보플라빈나트륨/[M222995]리보플라빈부티레이트/[M222996]리보플라빈포스페이트나트륨/[M222997]리보플라빈포스페이트나트륨 주사액/[M232651]제피리보플라빈/[M249967]리보플라빈부틸레이트/[M249982]리보플라빈나트륨포스페이트/[A006116]메틸에페드린/[I006391]dl-메틸에페드린염산염/[M204422]dl-메틸에페드린염산염/[M223022]dl-메틸에페드린염산염 산 10%/[M235519]디엘메틸에페드린염산염/[M240608]dI-메틸에페드린염산염/[M240859]디엘-메틸에페드린염산염/[M252389]㎗-메틸에페드린염산염/[M264046]DL-메틸에페드린염산염/[C040354]아스코르빈산/[C050961]아스코르빈산철/[C080210]아스코르빈산나트륨/[C081017]아스코르빈산90%과립/[C081495]아스코르빈산펠렛/[C081615]아스코르빈산 제피과립/[C081679]아스코르빈산60%/[C081772]제피아스코르빈산TYPE-SC/[C081998]아스코르빈팔미틴산/[C082617]아스코르빈산제피산/[C082841]아스코르빈산98%과립/[C082845]제피형아스코르빈산96%/[C082850]직탁용아스코르빈산/[C082857]제피아스코르빈산/[C083022]아스코르빈산96%과립/[C083040]아스코르빈산97%과립/[C083727]아스코르빈산제피산98%DC/[C083984]아스코르빈산칼슘/[C084311]엘-아스코르빈산나트륨/[C084327]아스코르빈산과립/[C084388]아스코르빈산나트륨99%/[C084419]아스코르빈산98%/[C084433]아스코르빈산97ㆍ5%과립/[C084448]아스코르빈산97%/[C084495]아스코르빈산칼슘97%과립/[C084658]아스코르빈산96%/[C084927]제피형아스코르빈산96%Type SC/[C085686]직탁용아스코르빈산98%/[C085785]아스코르빈산스테아레이트/[C086801]제피아스코르빈산97ㆍ5%/[C087036]코팅된아스코르빈산/[C088252]아스코르빈산제제/[C089177]아스코르빈산96%SC/[C090019]90%아스코르빈산/[C091430]아스코르빈산유캡/[C094260]95%아스코르빈산/[C094676]3-O-에칠아스코르빈산/[C095118]제피아스코르빈산96%/[C095392]아스코르빌팔미테이트/[C095412]제피아스코르빈사96% Type SC/[C095426]제피아스코르빈산96%가루/[C095604]아스코르빈산90%/[C099084]아스코르빈산팔미테이트/[C099734]아스코르브산90%과립/[C099910]직타용아스코르빈산/[C100271]팔미틴산아스코르빈산/[C100420]엘-아스코르빈산/[C101135]90%아스코르빈산과립/[C102189]아스코르빅애씨드/[C312780]소듐아스코르베이트/[C312824]아스코르빌 테트라이소팔미테이트/[C317903]글루코사민아스코르베이트/[C318482]칼슘 아스코르베이트/[C320842]아스코르빅애씨드/[C400592]아스코르빌니코티네이트/[I000229]아스코르빈산칼슘/[I001468]아스코르빈산제일철/[I001971]마그네슘아스코르베이트/[I003752]아스코르빈산나트륨/[I004351]아스코르브산/[M040354]아스코르빈산/[M050961]아스코르빈산철/[M080210]아스코르빈산나트륨/[M081017]아스코르빈산90%과립/[M081495]아스코르빈산펠렛/[M081615]아스코르빈산제피과립/[M081679]아스코르빈산60%/[M081772]제피아스코르빈산TYPE-SC/[M081998]아스코르빈팔미틴산/[M082617]아스코르빈산제피산/[M082841]아스코르빈산98%과립/[M082845]제피아스코르빈산96%/[M082850]직타용아스코르빈산/[M082857]제피아스코르빈산/[M083022]아스코르빈산96%과립/[M083040]아스코르빈산97%과립/[M083727]아스코르빈산제피산98%DC/[M083960]제피아스코르빈산TYPE-SC/[M083984]아스코르빈산칼슘/[M084311]엘아스코르빈산나트륨/[M084327]아스코르빈산과립/[M084388]아스코르빈산나트륨99%/[M084419]아스코르빈산98%/[M084433]아스코르빈산97ㆍ5%과립/[M084448]아스코르빈산97%/[M084495]아스코르빈산칼슘97%과립/[M084658]아스코르빈산96%/[M084927]제피아스코르빈산96%Type SC/[M085686]직타용아스코르빈산98%/[M087036]제피아스코르빈산/[M088252]아스코르빈산/[M089177]아스코르빈산96%SC/[M090019]아스코르빈산90%/[M091430]아스코르빈산유캡/[M094260]아스코르빈산95%/[M095392]아스코르빌팔미테이트/[M095426]제피아스코르빈산96%가루/[M095604]아스코르빈산90%/[M099084]아스코르빈산팔미테이트/[M100271]팔미틴산아스코르빈산/[M100420]엘-아스코르빈산/[M103048]제피형아스코르빈산96%TypeSC/[M103617]팔미틴산아스코르빌/[M104937]아스코르빈산97%분말/[M105763]아스코르빈산제제/[M107308]제피아스코르빈산97.0%가루/[M107594]소듐엘아스코르베이트/[M201112]아스코르빈산제일철/[M201618]제피아스코르빈사96%TypeSC/[M201620]제피아스코르빈산가루/[M201622]제피아스코르빈산TYPEB/[M203450]아스코르브산/[M203451]아스코르브산소듐/[M203452]아스코르빈산소듐/[M207370]팔미틴산아스코르브산/[M207385]아스코르빈산 97(아스코르빈산으로서 600mg)/[M207533]아스코르빈산 97(아스코르빈산으로서 600㎎)/[M209224]직타용아스코르빈산97%/[M210040]제피아스코르빈산97%과립/[M210875]소듐L-아스코르베이트/[M211316]아스코르빈산 산/[M211364]제피형아스코르빈산96%/[M211402]직타용아스코르빈산 90%/[M212742]아스코르빈산과립 97%(아스코르빈산으로서 83.3밀리그램)/[M214926]제피아스코르빈산 Type SC/[M215692]아스코르빈산(비타민C)/[M216038]아스코르빈산과립97%(아스코르빈산으로서 75밀리그램)/[M216398]아스코르빈산과립97%(아스코르빈산으로서 83.34밀리그램)/[M220142]직타용아스코르빈산(97%)/[M220180]아스코르빈산 97/[M223105]아스코르브산 산/[M223106]아스코르브산 정/[M223107]아스코르브산 주사액/[M224238]아스코르브산97/[M225398]아스코르빈산 Type FC/[M226183]아스코르빈산과립97%/[M227509]아스코르브산97%과립/[M229451]아스코르빈산 90%과립/[M229497]제피아스코르빈산 96% Type SC/[M234001]아스코르브산과립97%/[M236177]아스코르브산 90%과립/[M236913]제피아스코르브산/[M236926]직타용아스코르브산/[M239246]L-아스코르빈산/[M239251]L-아스코르빈산나트륨/[M239556]제피아스코르브산96% Type SC/[M241223]아스코르브산90%과립/[M242242]제피아스코르빈산*/[M243471]엘-아스코르빈산나트륨/[M243491]아스코르브산 97/[M244591]엘-아스코르빈산나트륨/[M244678]아스코르브산 97/[M245849]제피아스코르브산에스씨/[M245878]아스코르브산팔미테이트/[M246161]직타용아스코르브산97%/[M246638]아스코르브산97%/[M246709]아스코르브산나트륨/[M246900]90%아스코르브산/[M248326]아스코르빌나트륨포스페이트/[M249820]아스코르브산96%과립/[M250406]아스코르브산과립/[M250800]제피아스코르브산 TYPE-SC/[M251500]제피아스코르브산96%가루/[M252473]아스코르브산칼슘/[M252874]아스코르브산나트륨/[M252882]L-아스코르브산/[M253028]아스코르브산칼슘수화물/[M254082]제피아스코르브산 Type SC/[M254227]제피형아스코르브산96%TypeSC/[M254749]아스코르브산95%과립/[M254848]90%아스코르브산과립/[M256156]아스코르브산과립96%/[M257558]제피아스코르브산96%/[M257734]아스코르브산 과립90%/[M258008]아스코르브산칼슘이수화물/[M258592]작타용아스코르브산 97 %/[M258994]아스코르브산/[M259386]L-아스코르브산나트륨/[M259573]L-아스코르브산/[M261728]아스코르브산97%(직타용)/[M263901]제피아스코르브산97%가루/[M264037]90%아스코르빈산/[M265896]제피아스코르브산97.5%가루/[M040579]카페인(함수)/[M040580]무수카페인/[M090611]카페인/[M223183]카페인무수물/[M223184]카페인수화물/[M241017]무수물카페인/[M040616]말레인산클로르페니라민/[M050213]말레인산덱스클로르페니라민/[M051529]클로르페니라민/[M082701]디엘말레인산클로르페니라민/[M083325]디말레인산클로르페니라민/[M099959]말레인산클로로페니라민/[M100018]말레산클로르페니라민/[M100476]디말레인산클로르페니라민/[M101581]디엘말레인산클로르페니라민/[M200471]말레인산클로르페니라민제피과립/[M202197]D-말레인산클로르페니라민/[M202204]DL-말레인산클로르페니라민/[M203913]클로르페니라민말레인산염/[M212847]클로르페니라민말레이트/[M223211]클로르페니라민말레산염/[M223212]d-클로르페니라민말레산염/[M223213]클로르페니라민말레산염 산/[M223214]클로르페니라민말레산염 정/[M223215]클로르페니라민말레산염 주사액/[M226783]dl-클로르페니라민말레산염/[M249715]덱스클로르페니라민 말레산염/[M251936]덱스클로르페니라민말레이트/[M223258]티아민염산염/[M223262]티아민질산염/[M243282]티아민질산염3배산/[M051662]구연산티페피딘/[M051663]히벤즈산티페피딘/[M223274]티페피딘히벤즈산염 정/[M254445]티페피딘시트르산염","[01140]해열.진통.소염제","","4,000밀리그램",20180831,"아세트아미노펜으로서 4,000mg/day(모든제형, 단일제.복합제 포함)","","삭제"
3881,"용량주의","복합",D000147,Acetaminophen,"아세트아미노펜","[D001000]Licorice(감초)/[D001125]Platycodonis Radix(길경)/[D001101]Riboflavin(리보플라빈)/[D001116]Methylephedrine(메틸에페드린)/[D001126]Seratio Peptidase(세라티오펩티다제)/[D001106]Ascorbic acid(아스코르브산)/[D001132]Bezoar Bovis(우황)/[D000852]Caffeine(카페인)/[D000893]Chlorpheniramine(클로르페니라민)/[D000981]Cloperastine(클로페라스틴)/[D000998]Thiamine(티아민)","[M040353]아세트아미노펜/[M082309]아세트아미노펜제피세립/[M233006]아세트아미노펜 DC 500/600/[M246556]아세트아미노펜 (미분화)/[M262287]아세트아미노펜 과립/[A006000]감초/[M040006]감초/[M070009]감초가루/[C040048]길경/[C070085]길경추출액/[C070086]길경유동엑스/[C082634]길경가루/[C082657]길경건조엑스/[C082674]길경엑스/[C082950]길경건조엑스말/[C083122]길경33ㆍ3%에탄올엑스/[C084557]길경45%에탄올엑스가루/[C084832]길경엑스산/[C086044]길경연조엑스/[C086047]길경근/[C095008]길경30%에탄올연조엑스/[C100979]길경50%에탄올건조엑스(10->1)/[C101406]길경엑스산(10→1)/[C403069]길경추출물/[I006474]길경/[M040048]길경/[M070085]길경추출액/[M070086]길경유동엑스/[M082634]길경가루/[M082657]길경건조엑스/[M082674]길경엑스/[M082950]길경건조엑스말/[M083122]길경33ㆍ3%에탄올엑스/[M084557]길경45%에탄올엑스가루/[M084832]길경엑스산/[M086044]길경연조엑스/[M095008]길경30%에탄올연조엑스/[M100979]길경50%에탄올건조엑스(10->1)/[M101406]길경엑스산(10→1)/[M103013]길경엑스(3ㆍ7→1)/[M103895]길경건조엑스(3.7→1)/[M104031]길경엑스(4→1)/[M104077]길경엑스(10→1)/[M104359]길경건조엑스(10:1)/[M104415]길경33.3%에탄올엑스(4:1)/[M105015]길경45%에탄올엑스가루(10:1)/[M106069]길경33.3%에탄올유동엑스(4→1)/[M200164]길경건조엑스가루/[M200165]길경엑스가루/[M211323]길경건조엑스(10->1)/[M217082]길경엑스산(10 ->1)/[M221344]길경 30% 에탄올 유동엑스(1:1)/[M232676]길경엑스 (3.7→1)/[M238263]길경50%에탄올건조엑스(10→1)/[M242406]길경 유동엑스/[M243217]길경탕연조엑스/[M250128]길경농축엑기스/[M251012]길경33.3%에탄올유동엑스(4-1)/[M258076]길경33.3%에탄올유동엑스(4->1)/[M258823]길경농축엑스/[M261226]길경연조엑스(2.3∼2.8→1)
/[M262500]길경연조엑스(2.3~2.8→1)/[M263491]길경50%에탄올엑스산(10→1)/[M263888]길경연조엑스(1.2~1.4→1)/[M263904]길경30%에탄올유동엑스(1:1)/[M264018]길경엑스산(3.7→1)/[M264375]길경연조엑스(1.8~2.2→1)/[M264641]길경연조엑스(2.6→1)/[M266592]길경연조엑스(2.3~2.9→1)/[M266996]길경연조엑스(2.2∼2.7→1)/[M267307]길경연조엑스(2.1~2.5→1)/[M268063]길경연조엑스(2.3∼2.8→1)/[M268240]길경추출분말/[C040133]리보플라빈/[C040512]인산리보플라빈나트륨/[C050367]테트라부티르산리보플라빈/[C050368]인산리보플라빈/[C050369]리보플라빈-5-인산나트륨/[C081186]리보플라빈33 1/3%/[C082711]리보플라빈낙산에스텔/[C082719]리보플라빈331/3%산/[C083052]리보플라빈98%DC/[C083101]낙산리보플라빈/[C083163]리보플라빈98%/[C083404]리보플라빈33 1/3%과립/[C084424]염산리보플라빈나트륨/[C085688]직탁용리보플라빈98%/[C089984]리보플라빈인산나트륨/[C090982]리보플라빈산나트륨/[C091022]리보플라빈98%과립/[C091383]리보플라빈25%과립/[C092484]부티르산리보플라빈/[C100456]리보플라빈3배산/[C100480]인산리보플라빈나트륨이수화물/[C101969]리보플라빈E101/[C202525]리보플라빈/[C401176]리보플라빈/[C407713]소듐리보플라빈포스페이트/[C409503]리보플라빈테트라부티레이트/[C422825]리보플라빈/[C422826]리보플라빈테트라부티레이트/[C422827]리보플라빈테트라아세테이트/[C425375]소듐리보플라빈포스페이트/[I003529]리보플라빈/[I003530]리보플라빈포스페이트나트륨/[I006525]리보플라빈부티레이트/[I007430]인산리보플라빈/[I007658]인산리보플라빈나트륨이수화물/[I007907]리보플라빈산나트륨/[M040133]리보플라빈/[M040512]인산리보플라빈나트륨/[M050367]테트라부티르산리보플라빈/[M050368]인산리보플라빈/[M050369]리보플라빈-5-인산나트륨/[M081186]리보플라빈33 1/3%/[M082711]리보플라빈낙산에스텔/[M082719]리보플라빈33 1/3%산/[M083052]리보플라빈98%DC/[M083101]낙산리보플라빈/[M083163]리보플라빈98%/[M083404]리보플라빈33 1/3%과립/[M085688]직탁용리보플라빈98%/[M090982]리보플라빈산나트륨/[M091022]리보플라빈98%과립/[M091383]리보플라빈25%과립/[M092484]부티르산리보플라빈/[M100456]리보플라빈3배산/[M100480]인산리보플라빈나트륨이수화물/[M101969]리보플라빈E101/[M200421]리보플라빈33ㆍ3%/[M200422]리보플라빈33ㆍ3%과립/[M200423]리보플라빈33ㆍ3%산/[M203723]인산리보플라빈소듐/[M206124]조리보플라빈/[M216041]리보플라빈3배산(리보플라빈으로서 5밀리그램)/[M216399]리보플라빈 3배산(리보플라빈으로서 0.84밀리그램)/[M217503]리보플라빈인산에스텔나트륨/[M218021]안산리보플라빈나트륨/[M222995]리보플라빈부티레이트/[M222996]리보플라빈포스페이트나트륨/[M222997]리보플라빈포스페이트나트륨 주사액/[M232651]제피리보플라빈/[M249967]리보플라빈부틸레이트/[M249982]리보플라빈나트륨포스페이트/[A006116]메틸에페드린/[I006391]dl-메틸에페드린염산염/[M204422]dl-메틸에페드린염산염/[M223022]dl-메틸에페드린염산염 산 10%/[M235519]디엘메틸에페드린염산염/[M240608]dI-메틸에페드린염산염/[M240859]디엘-메틸에페드린염산염/[M252389]㎗-메틸에페드린염산염/[M264046]DL-메틸에페드린염산염/[C081836]장용성세라티오펩티다제과립/[C099414]세라티오펩티다제/[I003690]세라티오펩티다제/[M081836]장용성세라티오펩티다제과립/[M099414]세라티오펩티다제/[M200865]세라티오펩티다제장용과립/[M222201]세라티오펩티다제(6600세라티오펩티다제 단위)/[C040354]아스코르빈산/[C050961]아스코르빈산철/[C080210]아스코르빈산나트륨/[C081017]아스코르빈산90%과립/[C081495]아스코르빈산펠렛/[C081615]아스코르빈산 제피과립/[C081679]아스코르빈산60%/[C081772]제피아스코르빈산TYPE-SC/[C081998]아스코르빈팔미틴산/[C082617]아스코르빈산제피산/[C082841]아스코르빈산98%과립/[C082845]제피형아스코르빈산96%/[C082850]직탁용아스코르빈산/[C082857]제피아스코르빈산/[C083022]아스코르빈산96%과립/[C083040]아스코르빈산97%과립/[C083727]아스코르빈산제피산98%DC/[C083984]아스코르빈산칼슘/[C084311]엘-아스코르빈산나트륨/[C084327]아스코르빈산과립/[C084388]아스코르빈산나트륨99%/[C084419]아스코르빈산98%/[C084433]아스코르빈산97ㆍ5%과립/[C084448]아스코르빈산97%/[C084495]아스코르빈산칼슘97%과립/[C084658]아스코르빈산96%/[C084927]제피형아스코르빈산96%Type SC/[C085686]직탁용아스코르빈산98%/[C085785]아스코르빈산스테아레이트/[C086801]제피아스코르빈산97ㆍ5%/[C087036]코팅된아스코르빈산/[C088252]아스코르빈산제제/[C089177]아스코르빈산96%SC/[C090019]90%아스코르빈산/[C091430]아스코르빈산유캡/[C094260]95%아스코르빈산/[C094676]3-O-에칠아스코르빈산/[C095118]제피아스코르빈산96%/[C095392]아스코르빌팔미테이트/[C095412]제피아스코르빈사96% Type SC/[C095426]제피아스코르빈산96%가루/[C095604]아스코르빈산90%/[C099084]아스코르빈산팔미테이트/[C099734]아스코르브산90%과립/[C099910]직타용아스코르빈산/[C100271]팔미틴산아스코르빈산/[C100420]엘-아스코르빈산/[C101135]90%아스코르빈산과립/[C102189]아스코르빅애씨드/[C312780]소듐아스코르베이트/[C312824]아스코르빌 테트라이소팔미테이트/[C317903]글루코사민아스코르베이트/[C318482]칼슘 아스코르베이트/[C320842]아스코르빅애씨드/[C400592]아스코르빌니코티네이트/[I000229]아스코르빈산칼슘/[I001468]아스코르빈산제일철/[I001971]마그네슘아스코르베이트/[I003752]아스코르빈산나트륨/[I004351]아스코르브산/[M040354]아스코르빈산/[M050961]아스코르빈산철/[M080210]아스코르빈산나트륨/[M081017]아스코르빈산90%과립/[M081495]아스코르빈산펠렛/[M081615]아스코르빈산제피과립/[M081679]아스코르빈산60%/[M081772]제피아스코르빈산TYPE-SC/[M081998]아스코르빈팔미틴산/[M082617]아스코르빈산제피산/[M082841]아스코르빈산98%과립/[M082845]제피아스코르빈산96%/[M082850]직타용아스코르빈산/[M082857]제피아스코르빈산/[M083022]아스코르빈산96%과립/[M083040]아스코르빈산97%과립/[M083727]아스코르빈산제피산98%DC/[M083960]제피아스코르빈산TYPE-SC/[M083984]아스코르빈산칼슘/[M084311]엘아스코르빈산나트륨/[M084327]아스코르빈산과립/[M084388]아스코르빈산나트륨99%/[M084419]아스코르빈산98%/[M084433]아스코르빈산97ㆍ5%과립/[M084448]아스코르빈산97%/[M084495]아스코르빈산칼슘97%과립/[M084658]아스코르빈산96%/[M084927]제피아스코르빈산96%Type SC/[M085686]직타용아스코르빈산98%/[M087036]제피아스코르빈산/[M088252]아스코르빈산/[M089177]아스코르빈산96%SC/[M090019]아스코르빈산90%/[M091430]아스코르빈산유캡/[M094260]아스코르빈산95%/[M095392]아스코르빌팔미테이트/[M095426]제피아스코르빈산96%가루/[M095604]아스코르빈산90%/[M099084]아스코르빈산팔미테이트/[M100271]팔미틴산아스코르빈산/[M100420]엘-아스코르빈산/[M103048]제피형아스코르빈산96%TypeSC/[M103617]팔미틴산아스코르빌/[M104937]아스코르빈산97%분말/[M105763]아스코르빈산제제/[M107308]제피아스코르빈산97.0%가루/[M107594]소듐엘아스코르베이트/[M201112]아스코르빈산제일철/[M201618]제피아스코르빈사96%TypeSC/[M201620]제피아스코르빈산가루/[M201622]제피아스코르빈산TYPEB/[M203450]아스코르브산/[M203451]아스코르브산소듐/[M203452]아스코르빈산소듐/[M207370]팔미틴산아스코르브산/[M207385]아스코르빈산 97(아스코르빈산으로서 600mg)/[M207533]아스코르빈산 97(아스코르빈산으로서 600㎎)/[M209224]직타용아스코르빈산97%/[M210040]제피아스코르빈산97%과립/[M210875]소듐L-아스코르베이트/[M211316]아스코르빈산 산/[M211364]제피형아스코르빈산96%/[M211402]직타용아스코르빈산 90%/[M212742]아스코르빈산과립 97%(아스코르빈산으로서 83.3밀리그램)/[M214926]제피아스코르빈산 Type SC/[M215692]아스코르빈산(비타민C)/[M216038]아스코르빈산과립97%(아스코르빈산으로서 75밀리그램)/[M216398]아스코르빈산과립97%(아스코르빈산으로서 83.34밀리그램)/[M220142]직타용아스코르빈산(97%)/[M220180]아스코르빈산 97/[M223105]아스코르브산 산/[M223106]아스코르브산 정/[M223107]아스코르브산 주사액/[M224238]아스코르브산97/[M225398]아스코르빈산 Type FC/[M226183]아스코르빈산과립97%/[M227509]아스코르브산97%과립/[M229451]아스코르빈산 90%과립/[M229497]제피아스코르빈산 96% Type SC/[M234001]아스코르브산과립97%/[M236177]아스코르브산 90%과립/[M236913]제피아스코르브산/[M236926]직타용아스코르브산/[M239246]L-아스코르빈산/[M239251]L-아스코르빈산나트륨/[M239556]제피아스코르브산96% Type SC/[M241223]아스코르브산90%과립/[M242242]제피아스코르빈산*/[M243471]엘-아스코르빈산나트륨/[M243491]아스코르브산 97/[M244591]엘-아스코르빈산나트륨/[M244678]아스코르브산 97/[M245849]제피아스코르브산에스씨/[M245878]아스코르브산팔미테이트/[M246161]직타용아스코르브산97%/[M246638]아스코르브산97%/[M246709]아스코르브산나트륨/[M246900]90%아스코르브산/[M248326]아스코르빌나트륨포스페이트/[M249820]아스코르브산96%과립/[M250406]아스코르브산과립/[M250800]제피아스코르브산 TYPE-SC/[M251500]제피아스코르브산96%가루/[M252473]아스코르브산칼슘/[M252874]아스코르브산나트륨/[M252882]L-아스코르브산/[M253028]아스코르브산칼슘수화물/[M254082]제피아스코르브산 Type SC/[M254227]제피형아스코르브산96%TypeSC/[M254749]아스코르브산95%과립/[M254848]90%아스코르브산과립/[M256156]아스코르브산과립96%/[M257558]제피아스코르브산96%/[M257734]아스코르브산 과립90%/[M258008]아스코르브산칼슘이수화물/[M258592]작타용아스코르브산 97 %/[M258994]아스코르브산/[M259386]L-아스코르브산나트륨/[M259573]L-아스코르브산/[M261728]아스코르브산97%(직타용)/[M263901]제피아스코르브산97%가루/[M264037]90%아스코르빈산/[M265896]제피아스코르브산97.5%가루/[C040345]우황가루/[C040478]우황/[C082205]우황추출액/[I006429]우황/[M040345]우황가루/[M040478]우황/[M082205]우황추출액/[M040579]카페인(함수)/[M040580]무수카페인/[M090611]카페인/[M223183]카페인무수물/[M223184]카페인수화물/[M241017]무수물카페인/[M040616]말레인산클로르페니라민/[M050213]말레인산덱스클로르페니라민/[M051529]클로르페니라민/[M082701]디엘말레인산클로르페니라민/[M083325]디말레인산클로르페니라민/[M099959]말레인산클로로페니라민/[M100018]말레산클로르페니라민/[M100476]디말레인산클로르페니라민/[M101581]디엘말레인산클로르페니라민/[M200471]말레인산클로르페니라민제피과립/[M202197]D-말레인산클로르페니라민/[M202204]DL-말레인산클로르페니라민/[M203913]클로르페니라민말레인산염/[M212847]클로르페니라민말레이트/[M223211]클로르페니라민말레산염/[M223212]d-클로르페니라민말레산염/[M223213]클로르페니라민말레산염 산/[M223214]클로르페니라민말레산염 정/[M223215]클로르페니라민말레산염 주사액/[M226783]dl-클로르페니라민말레산염/[M249715]덱스클로르페니라민 말레산염/[M251936]덱스클로르페니라민말레이트/[M051546]염산클로페라스틴/[M051547]펜디조산클로페라스틴/[M222890]클로페라스틴염산염/[M223258]티아민염산염/[M223262]티아민질산염/[M243282]티아민질산염3배산","[01140]해열.진통.소염제","","4,000밀리그램",20180831,"아세트아미노펜으로서 4,000mg/day(모든제형, 단일제.복합제 포함)","","정상"
3711,"용량주의","복합",D000147,Acetaminophen,"아세트아미노펜","[D001106]Ascorbic acid(아스코르브산)/[D000155]Ephedrine(에페드린)/[D000852]Caffeine(카페인)","[M040353]아세트아미노펜/[M082309]아세트아미노펜제피세립/[M233006]아세트아미노펜 DC 500/600/[M246556]아세트아미노펜 (미분화)/[M262287]아세트아미노펜 과립/[C040354]아스코르빈산/[C050961]아스코르빈산철/[C080210]아스코르빈산나트륨/[C081017]아스코르빈산90%과립/[C081495]아스코르빈산펠렛/[C081615]아스코르빈산 제피과립/[C081679]아스코르빈산60%/[C081772]제피아스코르빈산TYPE-SC/[C081998]아스코르빈팔미틴산/[C082617]아스코르빈산제피산/[C082841]아스코르빈산98%과립/[C082845]제피형아스코르빈산96%/[C082850]직탁용아스코르빈산/[C082857]제피아스코르빈산/[C083022]아스코르빈산96%과립/[C083040]아스코르빈산97%과립/[C083727]아스코르빈산제피산98%DC/[C083984]아스코르빈산칼슘/[C084311]엘-아스코르빈산나트륨/[C084327]아스코르빈산과립/[C084388]아스코르빈산나트륨99%/[C084419]아스코르빈산98%/[C084433]아스코르빈산97ㆍ5%과립/[C084448]아스코르빈산97%/[C084495]아스코르빈산칼슘97%과립/[C084658]아스코르빈산96%/[C084927]제피형아스코르빈산96%Type SC/[C085686]직탁용아스코르빈산98%/[C085785]아스코르빈산스테아레이트/[C086801]제피아스코르빈산97ㆍ5%/[C087036]코팅된아스코르빈산/[C088252]아스코르빈산제제/[C089177]아스코르빈산96%SC/[C090019]90%아스코르빈산/[C091430]아스코르빈산유캡/[C094260]95%아스코르빈산/[C094676]3-O-에칠아스코르빈산/[C095118]제피아스코르빈산96%/[C095392]아스코르빌팔미테이트/[C095412]제피아스코르빈사96% Type SC/[C095426]제피아스코르빈산96%가루/[C095604]아스코르빈산90%/[C099084]아스코르빈산팔미테이트/[C099734]아스코르브산90%과립/[C099910]직타용아스코르빈산/[C100271]팔미틴산아스코르빈산/[C100420]엘-아스코르빈산/[C101135]90%아스코르빈산과립/[C102189]아스코르빅애씨드/[C312780]소듐아스코르베이트/[C312824]아스코르빌 테트라이소팔미테이트/[C317903]글루코사민아스코르베이트/[C318482]칼슘 아스코르베이트/[C320842]아스코르빅애씨드/[C400592]아스코르빌니코티네이트/[I000229]아스코르빈산칼슘/[I001468]아스코르빈산제일철/[I001971]마그네슘아스코르베이트/[I003752]아스코르빈산나트륨/[I004351]아스코르브산/[M040354]아스코르빈산/[M050961]아스코르빈산철/[M080210]아스코르빈산나트륨/[M081017]아스코르빈산90%과립/[M081495]아스코르빈산펠렛/[M081615]아스코르빈산제피과립/[M081679]아스코르빈산60%/[M081772]제피아스코르빈산TYPE-SC/[M081998]아스코르빈팔미틴산/[M082617]아스코르빈산제피산/[M082841]아스코르빈산98%과립/[M082845]제피아스코르빈산96%/[M082850]직타용아스코르빈산/[M082857]제피아스코르빈산/[M083022]아스코르빈산96%과립/[M083040]아스코르빈산97%과립/[M083727]아스코르빈산제피산98%DC/[M083960]제피아스코르빈산TYPE-SC/[M083984]아스코르빈산칼슘/[M084311]엘아스코르빈산나트륨/[M084327]아스코르빈산과립/[M084388]아스코르빈산나트륨99%/[M084419]아스코르빈산98%/[M084433]아스코르빈산97ㆍ5%과립/[M084448]아스코르빈산97%/[M084495]아스코르빈산칼슘97%과립/[M084658]아스코르빈산96%/[M084927]제피아스코르빈산96%Type SC/[M085686]직타용아스코르빈산98%/[M087036]제피아스코르빈산/[M088252]아스코르빈산/[M089177]아스코르빈산96%SC/[M090019]아스코르빈산90%/[M091430]아스코르빈산유캡/[M094260]아스코르빈산95%/[M095392]아스코르빌팔미테이트/[M095426]제피아스코르빈산96%가루/[M095604]아스코르빈산90%/[M099084]아스코르빈산팔미테이트/[M100271]팔미틴산아스코르빈산/[M100420]엘-아스코르빈산/[M103048]제피형아스코르빈산96%TypeSC/[M103617]팔미틴산아스코르빌/[M104937]아스코르빈산97%분말/[M105763]아스코르빈산제제/[M107308]제피아스코르빈산97.0%가루/[M107594]소듐엘아스코르베이트/[M201112]아스코르빈산제일철/[M201618]제피아스코르빈사96%TypeSC/[M201620]제피아스코르빈산가루/[M201622]제피아스코르빈산TYPEB/[M203450]아스코르브산/[M203451]아스코르브산소듐/[M203452]아스코르빈산소듐/[M207370]팔미틴산아스코르브산/[M207385]아스코르빈산 97(아스코르빈산으로서 600mg)/[M207533]아스코르빈산 97(아스코르빈산으로서 600㎎)/[M209224]직타용아스코르빈산97%/[M210040]제피아스코르빈산97%과립/[M210875]소듐L-아스코르베이트/[M211316]아스코르빈산 산/[M211364]제피형아스코르빈산96%/[M211402]직타용아스코르빈산 90%/[M212742]아스코르빈산과립 97%(아스코르빈산으로서 83.3밀리그램)/[M214926]제피아스코르빈산 Type SC/[M215692]아스코르빈산(비타민C)/[M216038]아스코르빈산과립97%(아스코르빈산으로서 75밀리그램)/[M216398]아스코르빈산과립97%(아스코르빈산으로서 83.34밀리그램)/[M220142]직타용아스코르빈산(97%)/[M220180]아스코르빈산 97/[M223105]아스코르브산 산/[M223106]아스코르브산 정/[M223107]아스코르브산 주사액/[M224238]아스코르브산97/[M225398]아스코르빈산 Type FC/[M226183]아스코르빈산과립97%/[M227509]아스코르브산97%과립/[M229451]아스코르빈산 90%과립/[M229497]제피아스코르빈산 96% Type SC/[M234001]아스코르브산과립97%/[M236177]아스코르브산 90%과립/[M236913]제피아스코르브산/[M236926]직타용아스코르브산/[M239246]L-아스코르빈산/[M239251]L-아스코르빈산나트륨/[M239556]제피아스코르브산96% Type SC/[M241223]아스코르브산90%과립/[M242242]제피아스코르빈산*/[M243471]엘-아스코르빈산나트륨/[M243491]아스코르브산 97/[M244591]엘-아스코르빈산나트륨/[M244678]아스코르브산 97/[M245849]제피아스코르브산에스씨/[M245878]아스코르브산팔미테이트/[M246161]직타용아스코르브산97%/[M246638]아스코르브산97%/[M246709]아스코르브산나트륨/[M246900]90%아스코르브산/[M248326]아스코르빌나트륨포스페이트/[M249820]아스코르브산96%과립/[M250406]아스코르브산과립/[M250800]제피아스코르브산 TYPE-SC/[M251500]제피아스코르브산96%가루/[M252473]아스코르브산칼슘/[M252874]아스코르브산나트륨/[M252882]L-아스코르브산/[M253028]아스코르브산칼슘수화물/[M254082]제피아스코르브산 Type SC/[M254227]제피형아스코르브산96%TypeSC/[M254749]아스코르브산95%과립/[M254848]90%아스코르브산과립/[M256156]아스코르브산과립96%/[M257558]제피아스코르브산96%/[M257734]아스코르브산 과립90%/[M258008]아스코르브산칼슘이수화물/[M258592]작타용아스코르브산 97 %/[M258994]아스코르브산/[M259386]L-아스코르브산나트륨/[M259573]L-아스코르브산/[M261728]아스코르브산97%(직타용)/[M263901]제피아스코르브산97%가루/[M264037]90%아스코르빈산/[M265896]제피아스코르브산97.5%가루/[M040420]염산에페드린/[M223155]에페드린염산염/[M040579]카페인(함수)/[M040580]무수카페인/[M090611]카페인/[M223183]카페인무수물/[M223184]카페인수화물/[M241017]무수물카페인","[01140]해열.진통.소염제","","4,000밀리그램",20180831,"아세트아미노펜으로서 4,000mg/day(모든제형, 단일제.복합제 포함)","","정상"
3714,"용량주의","복합",D000147,Acetaminophen,"아세트아미노펜","[D000155]Ephedrine(에페드린)/[D000852]Caffeine(카페인)/[D000998]Thiamine(티아민)","[M040353]아세트아미노펜/[M082309]아세트아미노펜제피세립/[M233006]아세트아미노펜 DC 500/600/[M246556]아세트아미노펜 (미분화)/[M262287]아세트아미노펜 과립/[M040420]염산에페드린/[M223155]에페드린염산염/[M040579]카페인(함수)/[M040580]무수카페인/[M090611]카페인/[M223183]카페인무수물/[M223184]카페인수화물/[M241017]무수물카페인/[M223258]티아민염산염/[M223262]티아민질산염/[M243282]티아민질산염3배산","[01140]해열.진통.소염제","","아세트아미노펜 4,000밀리그램",20180831,"모든 제형","단일제·복합제 포함","정상"
3715,"용량주의","복합",D000147,Acetaminophen,"아세트아미노펜","[D000852]Caffeine(카페인)/[D000893]Chlorpheniramine(클로르페니라민)/[D000191]Phenylephrine(페닐레프린)","[M040353]아세트아미노펜/[M082309]아세트아미노펜제피세립/[M233006]아세트아미노펜 DC 500/600/[M246556]아세트아미노펜 (미분화)/[M262287]아세트아미노펜 과립/[M040579]카페인(함수)/[M040580]무수카페인/[M090611]카페인/[M223183]카페인무수물/[M223184]카페인수화물/[M241017]무수물카페인/[M040616]말레인산클로르페니라민/[M050213]말레인산덱스클로르페니라민/[M051529]클로르페니라민/[M082701]디엘말레인산클로르페니라민/[M083325]디말레인산클로르페니라민/[M099959]말레인산클로로페니라민/[M100018]말레산클로르페니라민/[M100476]디말레인산클로르페니라민/[M101581]디엘말레인산클로르페니라민/[M200471]말레인산클로르페니라민제피과립/[M202197]D-말레인산클로르페니라민/[M202204]DL-말레인산클로르페니라민/[M203913]클로르페니라민말레인산염/[M212847]클로르페니라민말레이트/[M223211]클로르페니라민말레산염/[M223212]d-클로르페니라민말레산염/[M223213]클로르페니라민말레산염 산/[M223214]클로르페니라민말레산염 정/[M223215]클로르페니라민말레산염 주사액/[M226783]dl-클로르페니라민말레산염/[M249715]덱스클로르페니라민 말레산염/[M251936]덱스클로르페니라민말레이트/[M040696]염산페닐에프린/[M222724]페닐레프린염산염/[M225151]페닐에프린염산염","[01140]해열.진통.소염제","","4,000밀리그램",20180831,"아세트아미노펜으로서 4,000mg/day(모든제형, 단일제.복합제 포함)","","정상"
3717,"용량주의","복합",D000147,Acetaminophen,"아세트아미노펜","[D001093]Galgeun-tang(갈근탕)/[D000200]Dextromethorphan(덱스트로메토르판)/[D000852]Caffeine(카페인)/[D000893]Chlorpheniramine(클로르페니라민)","[M040353]아세트아미노펜/[M082309]아세트아미노펜제피세립/[M233006]아세트아미노펜 DC 500/600/[M246556]아세트아미노펜 (미분화)/[M262287]아세트아미노펜 과립/[C084556]갈근탕엑스/[C085494]갈근탕엑스분말/[C085503]갈근탕건조엑스/[C086018]갈근탕연조엑스/[C090838]갈근탕엑스과립/[C096410]갈근탕엑스정건조엑스/[C096710]갈근탕건조엑스[10→1]/[C100973]갈근탕엑스(10→1)/[M084556]갈근탕엑스/[M085494]갈근탕엑스분말/[M085503]갈근탕건조엑스/[M086018]갈근탕연조엑스/[M096410]갈근탕엑스정건조엑스/[M096710]갈근탕건조엑스[10→1]/[M100973]갈근탕엑스(10→1)/[M103265]갈근탕엑스말(10→1)/[M103916]갈근탕연조엑스(4.32→1)/[M104358]갈근탕엑스말/[M104683]갈근탕건조엑스(6.80→1)/[M104753]갈근탕연조엑스(3.4→1)/[M105329]갈근탕수침건조엑기스/[M105588]갈근탕건조엑스(5.78→1)/[M105816]갈근탕엑스분말(6→1)/[M105833]갈근탕연조엑스(4.17→1)/[M200049]갈근탕엑스가루/[M214453]갈근탕 연조엑스(4→1)/[M217483]갈근탕연조엑스(3->1)/[M229053]갈근탕 연조엑스(3.33→1)/[M250041]갈근탕엑스(5.81:1)/[M252043]갈근탕연조엑스[2.78→1]/[M252386]갈근탕연조엑스
(3.33→1)/[M259853]갈근탕건조엑스(6.31:1)/[M260768]갈근탕연조엑스(3.08→1)/[M261860]갈근탕건조엑스(5.6→1)/[M267754]갈근탕건조엑스(4→1)/[M040084]브롬화수소산덱스트로메토르판/[M202983]덱스트로메토르판브롬화수소산염/[M222957]덱스트로메토르판브롬화수소산염수화물/[M040579]카페인(함수)/[M040580]무수카페인/[M090611]카페인/[M223183]카페인무수물/[M223184]카페인수화물/[M241017]무수물카페인/[M040616]말레인산클로르페니라민/[M050213]말레인산덱스클로르페니라민/[M051529]클로르페니라민/[M082701]디엘말레인산클로르페니라민/[M083325]디말레인산클로르페니라민/[M099959]말레인산클로로페니라민/[M100018]말레산클로르페니라민/[M100476]디말레인산클로르페니라민/[M101581]디엘말레인산클로르페니라민/[M200471]말레인산클로르페니라민제피과립/[M202197]D-말레인산클로르페니라민/[M202204]DL-말레인산클로르페니라민/[M203913]클로르페니라민말레인산염/[M212847]클로르페니라민말레이트/[M223211]클로르페니라민말레산염/[M223212]d-클로르페니라민말레산염/[M223213]클로르페니라민말레산염 산/[M223214]클로르페니라민말레산염 정/[M223215]클로르페니라민말레산염 주사액/[M226783]dl-클로르페니라민말레산염/[M249715]덱스클로르페니라민 말레산염/[M251936]덱스클로르페니라민말레이트","[01140]해열.진통.소염제","","4,000밀리그램",20180831,"아세트아미노펜으로서 4,000mg/day(모든제형, 단일제.복합제 포함)","","정상"
3882,"용량주의","복합",D000147,Acetaminophen,"아세트아미노펜","[D001093]Galgeun-tang(갈근탕)/[D001000]Licorice(감초)/[D001121]Dried Ginger(건강)/[D001122]Jujube(대추)/[D001101]Riboflavin(리보플라빈)/[D001133]Ephedrae Herb(마황)/[D001106]Ascorbic acid(아스코르브산)/[D001123]Cinnamomum cassia Blume(육계)/[D001119]Peony Root(작약)/[D000852]Caffeine(카페인)/[D000998]Thiamine(티아민)","[M040353]아세트아미노펜/[M082309]아세트아미노펜제피세립/[M233006]아세트아미노펜 DC 500/600/[M246556]아세트아미노펜 (미분화)/[M262287]아세트아미노펜 과립/[C084556]갈근탕엑스/[C085494]갈근탕엑스분말/[C085503]갈근탕건조엑스/[C086018]갈근탕연조엑스/[C090838]갈근탕엑스과립/[C096410]갈근탕엑스정건조엑스/[C096710]갈근탕건조엑스[10→1]/[C100973]갈근탕엑스(10→1)/[M084556]갈근탕엑스/[M085494]갈근탕엑스분말/[M085503]갈근탕건조엑스/[M086018]갈근탕연조엑스/[M096410]갈근탕엑스정건조엑스/[M096710]갈근탕건조엑스[10→1]/[M100973]갈근탕엑스(10→1)/[M103265]갈근탕엑스말(10→1)/[M103916]갈근탕연조엑스(4.32→1)/[M104358]갈근탕엑스말/[M104683]갈근탕건조엑스(6.80→1)/[M104753]갈근탕연조엑스(3.4→1)/[M105329]갈근탕수침건조엑기스/[M105588]갈근탕건조엑스(5.78→1)/[M105816]갈근탕엑스분말(6→1)/[M105833]갈근탕연조엑스(4.17→1)/[M200049]갈근탕엑스가루/[M214453]갈근탕 연조엑스(4→1)/[M217483]갈근탕연조엑스(3->1)/[M229053]갈근탕 연조엑스(3.33→1)/[M250041]갈근탕엑스(5.81:1)/[M252043]갈근탕연조엑스[2.78→1]/[M252386]갈근탕연조엑스
(3.33→1)/[M259853]갈근탕건조엑스(6.31:1)/[M260768]갈근탕연조엑스(3.08→1)/[M261860]갈근탕건조엑스(5.6→1)/[M267754]갈근탕건조엑스(4→1)/[A006000]감초/[M040006]감초/[M070009]감초가루/[C040007]건강/[C070022]건강조말/[C070030]건강틴크/[C082104]건강유동엑스/[C082517]건강가루/[C083050]건강엑스/[C084830]건강70%에탄올유동엑스/[C085146]건강70%에탄올틴크/[C085483]건강30%에탄올유동엑스/[C089572]건강엑스산/[C091939]건강연조엑스/[C093695]건강묽은에탄올틴크/[C096526]건강건조엑스/[C101460]건강70%에탄올틴크(1→5)/[I001696]건강/[M040007]건강/[M070030]건강틴크/[M082104]건강유동엑스/[M082517]건강가루/[M083050]건강엑스/[M085146]건강70%에탄올틴크/[M085483]건강30%에탄올유동엑스/[M091939]건강연조엑스/[M093373]포건강/[M093695]건강묽은에탄올틴크/[M095865]건강엑스가루/[M101460]건강70%에탄올틴크(1→5)/[M103252]건강건조엑스(5ㆍ6→1)/[M104354]건강틴크(1→5)/[M227892]건강70%에탄올틴크(1->5)/[M239738]건강건조엑스/[M246445]건강초탄/[M249865]건강틴크
(1→5)/[M250885]건강건조엑스(5.6→1)/[M251645]건강초탄/[M254336]건강초탄/[M260577]건강초탄/[M261229]건강연조엑스(1.5∼1.8→1)
/[M262503]건강연조엑스(1.5~1.8→1)/[M262727]건강연조엑스(2.2~2.7→1)
/[M264378]건강연조엑스(1.7~2.0→1)/[M264508]건강연조엑스(3.23→1)/[M266087]건강건조엑스(6.5~7.9→1)/[M266876]건강연조엑스(2.9~3.6→1)/[M267309]건강연조엑스(1.6~2.0→1)/[C040071]대추/[I006323]대추/[M040071]대추/[M262512]대추연조엑스(1.5∼1.9→1)/[M266238]대추건조엑스(2.5~3.1→1)/[M266249]대추연조엑스(1.2~1.4→1)/[C040133]리보플라빈/[C040512]인산리보플라빈나트륨/[C050367]테트라부티르산리보플라빈/[C050368]인산리보플라빈/[C050369]리보플라빈-5-인산나트륨/[C081186]리보플라빈33 1/3%/[C082711]리보플라빈낙산에스텔/[C082719]리보플라빈331/3%산/[C083052]리보플라빈98%DC/[C083101]낙산리보플라빈/[C083163]리보플라빈98%/[C083404]리보플라빈33 1/3%과립/[C084424]염산리보플라빈나트륨/[C085688]직탁용리보플라빈98%/[C089984]리보플라빈인산나트륨/[C090982]리보플라빈산나트륨/[C091022]리보플라빈98%과립/[C091383]리보플라빈25%과립/[C092484]부티르산리보플라빈/[C100456]리보플라빈3배산/[C100480]인산리보플라빈나트륨이수화물/[C101969]리보플라빈E101/[C202525]리보플라빈/[C401176]리보플라빈/[C407713]소듐리보플라빈포스페이트/[C409503]리보플라빈테트라부티레이트/[C422825]리보플라빈/[C422826]리보플라빈테트라부티레이트/[C422827]리보플라빈테트라아세테이트/[C425375]소듐리보플라빈포스페이트/[I003529]리보플라빈/[I003530]리보플라빈포스페이트나트륨/[I006525]리보플라빈부티레이트/[I007430]인산리보플라빈/[I007658]인산리보플라빈나트륨이수화물/[I007907]리보플라빈산나트륨/[M040133]리보플라빈/[M040512]인산리보플라빈나트륨/[M050367]테트라부티르산리보플라빈/[M050368]인산리보플라빈/[M050369]리보플라빈-5-인산나트륨/[M081186]리보플라빈33 1/3%/[M082711]리보플라빈낙산에스텔/[M082719]리보플라빈33 1/3%산/[M083052]리보플라빈98%DC/[M083101]낙산리보플라빈/[M083163]리보플라빈98%/[M083404]리보플라빈33 1/3%과립/[M085688]직탁용리보플라빈98%/[M090982]리보플라빈산나트륨/[M091022]리보플라빈98%과립/[M091383]리보플라빈25%과립/[M092484]부티르산리보플라빈/[M100456]리보플라빈3배산/[M100480]인산리보플라빈나트륨이수화물/[M101969]리보플라빈E101/[M200421]리보플라빈33ㆍ3%/[M200422]리보플라빈33ㆍ3%과립/[M200423]리보플라빈33ㆍ3%산/[M203723]인산리보플라빈소듐/[M206124]조리보플라빈/[M216041]리보플라빈3배산(리보플라빈으로서 5밀리그램)/[M216399]리보플라빈 3배산(리보플라빈으로서 0.84밀리그램)/[M217503]리보플라빈인산에스텔나트륨/[M218021]안산리보플라빈나트륨/[M222995]리보플라빈부티레이트/[M222996]리보플라빈포스페이트나트륨/[M222997]리보플라빈포스페이트나트륨 주사액/[M232651]제피리보플라빈/[M249967]리보플라빈부틸레이트/[M249982]리보플라빈나트륨포스페이트/[C040135]마황/[C080619]마황탕수침건조엑스/[C088524]마황수침건조엑스/[C089573]마황엑스산/[C091941]마황엑스/[C095063]마황탕연조엑스/[C095449]마황가루/[C102054]마황근/[C102097]마황추출물/[C202560]마황추출물/[C423024]마황뿌리추출물/[I001223]마황/[I008197]마황근/[M040135]마황/[M088524]마황수침건조엑스/[M089573]마황엑스산/[M091941]마황엑스/[M095063]마황탕연조엑스/[M095449]마황가루/[M102054]마황근/[M200464]마황엑스가루/[M261223]마황연조엑스(2.2∼2.7→1)
/[M261691]마황탕엑스/[M262497]마황연조엑스(2.2~2.7→1)/[M264308]마황연조엑스(4.35->1)/[M264372]마황연조엑스(3.4~4.2→1)/[M264504]마황연조엑스(4.35→1)/[M266357]마황연조엑스(2.3∼2.9→1)/[M266873]마황연조엑스(3.7~5.0→1)/[M267305]마황연조엑스(2.8~3.4→1)/[M268323]마황연조엑스(3.8∼5.1→1)/[C040354]아스코르빈산/[C050961]아스코르빈산철/[C080210]아스코르빈산나트륨/[C081017]아스코르빈산90%과립/[C081495]아스코르빈산펠렛/[C081615]아스코르빈산 제피과립/[C081679]아스코르빈산60%/[C081772]제피아스코르빈산TYPE-SC/[C081998]아스코르빈팔미틴산/[C082617]아스코르빈산제피산/[C082841]아스코르빈산98%과립/[C082845]제피형아스코르빈산96%/[C082850]직탁용아스코르빈산/[C082857]제피아스코르빈산/[C083022]아스코르빈산96%과립/[C083040]아스코르빈산97%과립/[C083727]아스코르빈산제피산98%DC/[C083984]아스코르빈산칼슘/[C084311]엘-아스코르빈산나트륨/[C084327]아스코르빈산과립/[C084388]아스코르빈산나트륨99%/[C084419]아스코르빈산98%/[C084433]아스코르빈산97ㆍ5%과립/[C084448]아스코르빈산97%/[C084495]아스코르빈산칼슘97%과립/[C084658]아스코르빈산96%/[C084927]제피형아스코르빈산96%Type SC/[C085686]직탁용아스코르빈산98%/[C085785]아스코르빈산스테아레이트/[C086801]제피아스코르빈산97ㆍ5%/[C087036]코팅된아스코르빈산/[C088252]아스코르빈산제제/[C089177]아스코르빈산96%SC/[C090019]90%아스코르빈산/[C091430]아스코르빈산유캡/[C094260]95%아스코르빈산/[C094676]3-O-에칠아스코르빈산/[C095118]제피아스코르빈산96%/[C095392]아스코르빌팔미테이트/[C095412]제피아스코르빈사96% Type SC/[C095426]제피아스코르빈산96%가루/[C095604]아스코르빈산90%/[C099084]아스코르빈산팔미테이트/[C099734]아스코르브산90%과립/[C099910]직타용아스코르빈산/[C100271]팔미틴산아스코르빈산/[C100420]엘-아스코르빈산/[C101135]90%아스코르빈산과립/[C102189]아스코르빅애씨드/[C312780]소듐아스코르베이트/[C312824]아스코르빌 테트라이소팔미테이트/[C317903]글루코사민아스코르베이트/[C318482]칼슘 아스코르베이트/[C320842]아스코르빅애씨드/[C400592]아스코르빌니코티네이트/[I000229]아스코르빈산칼슘/[I001468]아스코르빈산제일철/[I001971]마그네슘아스코르베이트/[I003752]아스코르빈산나트륨/[I004351]아스코르브산/[M040354]아스코르빈산/[M050961]아스코르빈산철/[M080210]아스코르빈산나트륨/[M081017]아스코르빈산90%과립/[M081495]아스코르빈산펠렛/[M081615]아스코르빈산제피과립/[M081679]아스코르빈산60%/[M081772]제피아스코르빈산TYPE-SC/[M081998]아스코르빈팔미틴산/[M082617]아스코르빈산제피산/[M082841]아스코르빈산98%과립/[M082845]제피아스코르빈산96%/[M082850]직타용아스코르빈산/[M082857]제피아스코르빈산/[M083022]아스코르빈산96%과립/[M083040]아스코르빈산97%과립/[M083727]아스코르빈산제피산98%DC/[M083960]제피아스코르빈산TYPE-SC/[M083984]아스코르빈산칼슘/[M084311]엘아스코르빈산나트륨/[M084327]아스코르빈산과립/[M084388]아스코르빈산나트륨99%/[M084419]아스코르빈산98%/[M084433]아스코르빈산97ㆍ5%과립/[M084448]아스코르빈산97%/[M084495]아스코르빈산칼슘97%과립/[M084658]아스코르빈산96%/[M084927]제피아스코르빈산96%Type SC/[M085686]직타용아스코르빈산98%/[M087036]제피아스코르빈산/[M088252]아스코르빈산/[M089177]아스코르빈산96%SC/[M090019]아스코르빈산90%/[M091430]아스코르빈산유캡/[M094260]아스코르빈산95%/[M095392]아스코르빌팔미테이트/[M095426]제피아스코르빈산96%가루/[M095604]아스코르빈산90%/[M099084]아스코르빈산팔미테이트/[M100271]팔미틴산아스코르빈산/[M100420]엘-아스코르빈산/[M103048]제피형아스코르빈산96%TypeSC/[M103617]팔미틴산아스코르빌/[M104937]아스코르빈산97%분말/[M105763]아스코르빈산제제/[M107308]제피아스코르빈산97.0%가루/[M107594]소듐엘아스코르베이트/[M201112]아스코르빈산제일철/[M201618]제피아스코르빈사96%TypeSC/[M201620]제피아스코르빈산가루/[M201622]제피아스코르빈산TYPEB/[M203450]아스코르브산/[M203451]아스코르브산소듐/[M203452]아스코르빈산소듐/[M207370]팔미틴산아스코르브산/[M207385]아스코르빈산 97(아스코르빈산으로서 600mg)/[M207533]아스코르빈산 97(아스코르빈산으로서 600㎎)/[M209224]직타용아스코르빈산97%/[M210040]제피아스코르빈산97%과립/[M210875]소듐L-아스코르베이트/[M211316]아스코르빈산 산/[M211364]제피형아스코르빈산96%/[M211402]직타용아스코르빈산 90%/[M212742]아스코르빈산과립 97%(아스코르빈산으로서 83.3밀리그램)/[M214926]제피아스코르빈산 Type SC/[M215692]아스코르빈산(비타민C)/[M216038]아스코르빈산과립97%(아스코르빈산으로서 75밀리그램)/[M216398]아스코르빈산과립97%(아스코르빈산으로서 83.34밀리그램)/[M220142]직타용아스코르빈산(97%)/[M220180]아스코르빈산 97/[M223105]아스코르브산 산/[M223106]아스코르브산 정/[M223107]아스코르브산 주사액/[M224238]아스코르브산97/[M225398]아스코르빈산 Type FC/[M226183]아스코르빈산과립97%/[M227509]아스코르브산97%과립/[M229451]아스코르빈산 90%과립/[M229497]제피아스코르빈산 96% Type SC/[M234001]아스코르브산과립97%/[M236177]아스코르브산 90%과립/[M236913]제피아스코르브산/[M236926]직타용아스코르브산/[M239246]L-아스코르빈산/[M239251]L-아스코르빈산나트륨/[M239556]제피아스코르브산96% Type SC/[M241223]아스코르브산90%과립/[M242242]제피아스코르빈산*/[M243471]엘-아스코르빈산나트륨/[M243491]아스코르브산 97/[M244591]엘-아스코르빈산나트륨/[M244678]아스코르브산 97/[M245849]제피아스코르브산에스씨/[M245878]아스코르브산팔미테이트/[M246161]직타용아스코르브산97%/[M246638]아스코르브산97%/[M246709]아스코르브산나트륨/[M246900]90%아스코르브산/[M248326]아스코르빌나트륨포스페이트/[M249820]아스코르브산96%과립/[M250406]아스코르브산과립/[M250800]제피아스코르브산 TYPE-SC/[M251500]제피아스코르브산96%가루/[M252473]아스코르브산칼슘/[M252874]아스코르브산나트륨/[M252882]L-아스코르브산/[M253028]아스코르브산칼슘수화물/[M254082]제피아스코르브산 Type SC/[M254227]제피형아스코르브산96%TypeSC/[M254749]아스코르브산95%과립/[M254848]90%아스코르브산과립/[M256156]아스코르브산과립96%/[M257558]제피아스코르브산96%/[M257734]아스코르브산 과립90%/[M258008]아스코르브산칼슘이수화물/[M258592]작타용아스코르브산 97 %/[M258994]아스코르브산/[M259386]L-아스코르브산나트륨/[M259573]L-아스코르브산/[M261728]아스코르브산97%(직타용)/[M263901]제피아스코르브산97%가루/[M264037]90%아스코르빈산/[M265896]제피아스코르브산97.5%가루/[C050036]육계/[C089617]육계엑스산/[C401739]육계추출물/[C401743]육계잎추출물/[C402601]육계/[C402602]육계껍질/정향싹/로즈마리잎/불가리스백리향잎수/[C428728]육계/[C428729]육계/정향싹/로즈마리잎/타임잎수/[C428730]육계/정향싹/로즈마리잎/타임잎오일/[C428731]육계껍질/탱자열매/삼백초잎/뿌리/도둑놈의지팡이뿌리추출물/[C428733]육계잎추출물/[C428734]육계전초오일/[C428735]육계전초추출물/[C428736]육계껍질추출물/[C434092]하이드롤라이즈드육계추출물/[C438444]육계껍질수/[C438521](육계껍질/요엽후박)나무껍질/(고량강/참당귀)뿌리추출물/[I000485]육계/[I008329]육계/[I012425]육계·아선약·소두구·고추 연조엑스(5→1)/[M050036]육계/[M089617]육계엑스산/[M106290]육계(모계)/[M201470]육계엑스가루/[M227893]육계70%에탄올틴크(1->5)/[M232832]육계건조엑스/[M234405]육계가루/[M239186]육계엑스(22->1)/[M240817]육계70%에탄올틴크(1→5)/[M244658]육계틴크(1→5)/[M245879]육계건조엑스(31.25->1)/[M246170]육계연조엑스/[M251943]육계추출물/[M252166]육계유/[M252345]육계유동엑스/[M252650]육계·아선약·소두구·고추 연조엑스(5→1)/[M253194]육계엑스(22→1)/[M254384]육계·아선약·소두구·고추 연조엑스(5->1)/[M258809]육계엑스/[M259064]육계30%에탄올유동엑스/[M261235]육계연조엑스(7.9∼9.6→1)
/[M262509]육계연조엑스(7.9~9.6→1)/[M264213]육계/당귀/작약/숙지황/천궁/황기 혼합추출물/[M264384]육계연조엑스(8.8~10.8→1)/[M264645]육계연조엑스(8.3→1)/[M266305]육계건조엑스(20~35→1)/[M266529]육계건조엑스(22→1)/[M267315]육계연조엑스(8.4~10.2→1)/[M267418]육계연조엑스(6.7~10→1) /[C040523]작약/[C051307]백작약/[C051308]적작약/[C071158]작약엑스/[C082518]작약가루/[C085611]백작약초/[C088975]백작약가루/[C089531]백작약엑스산(패오니플로린으로서 133ㆍ2밀리그람)/[C089542]백작약엑스산/[C090093]작약엑스산/[C090789]작약초/[C092727]백작약연조엑스/[C093837]작약건조엑스/[C096770]작약추출물/[C312372]작약추출물/[C313826]백작약추출물/[C320059]참작약/[C402274]작약전초추출물/[C402275]작약뿌리추출물/[C404274]작약뿌리수/[C404275]작약뿌리가루/[C406079]작약가루/[C406080]작약껍질/수액추출물/[C406081]작약꽃추출물/[C406082]작약추출물/[C429024]작약꽃추출물/[C429025]작약나무껍질/수액추출물/[C429026]작약뿌리/[C429027]작약뿌리가루/[C429028]작약뿌리수/[C429029]작약뿌리추출물/[C429030]작약잎세포추출물/[C429031]작약추출물/[I006447]작약/[M040523]작약/[M051307]백작약/[M051308]적작약/[M071158]작약엑스/[M082518]작약가루/[M085611]백작약초/[M088975]백작약가루/[M090093]작약엑스산/[M090789]작약초/[M093837]작약건조엑스/[M103890]작약건조엑스(5.88→1)/[M201554]작약엑스가루/[M212494]백작약엑스 (5.9→1)/[M214365]작약추출물/[M241192]작약엑스(5.9->1)/[M243283]작약엑스(5.9->1)/[M245904]작약엑스 (5.9→1)/[M246879]작약추출액/[M261230]작약연조엑스(3.3∼4.0→1)
/[M262504]작약연조엑스(3.3~4.0→1)/[M263913]작약연조엑스(2.3∼3.2→1)/[M264309]작약연조엑스(3.03->1)/[M264379]작약연조엑스(2.4~3.0→1)/[M264643]작약연조엑스(3.03→1)/[M266482]작약연조엑스(2.8∼3.4→1)/[M266487]작약연조엑스(2.7~3.3→1)/[M266950]작약연조엑스(2.8∼3.4→1)/[M267310]작약연조엑스(2.9~3.5→1)/[M268068]작약연조엑스(2.8~3.4→1)/[M268187]작약연조엑스(2.8~3.4→1)/[M040579]카페인(함수)/[M040580]무수카페인/[M090611]카페인/[M223183]카페인무수물/[M223184]카페인수화물/[M241017]무수물카페인/[M223258]티아민염산염/[M223262]티아민질산염/[M243282]티아민질산염3배산","[01140]해열.진통.소염제","","4,000밀리그램",20180831,"아세트아미노펜으로서 4,000mg/day(모든제형, 단일제.복합제 포함)","","정상"
3883,"용량주의","복합",D000147,Acetaminophen,"아세트아미노펜","[D001093]Galgeun-tang(갈근탕)/[D001000]Licorice(감초)/[D001121]Dried Ginger(건강)/[D001109]Potassium Guaiacolsulfonate(구아야콜설폰산칼륨)/[D001122]Jujube(대추)/[D000200]Dextromethorphan(덱스트로메토르판)/[D001101]Riboflavin(리보플라빈)/[D001133]Ephedrae Herb(마황)/[D001123]Cinnamomum cassia Blume(육계)/[D001119]Peony Root(작약)/[D001110]Carbinoxamine(카르비녹사민)/[D000852]Caffeine(카페인)/[D000998]Thiamine(티아민)","[M040353]아세트아미노펜/[M082309]아세트아미노펜제피세립/[M233006]아세트아미노펜 DC 500/600/[M246556]아세트아미노펜 (미분화)/[M262287]아세트아미노펜 과립/[C084556]갈근탕엑스/[C085494]갈근탕엑스분말/[C085503]갈근탕건조엑스/[C086018]갈근탕연조엑스/[C090838]갈근탕엑스과립/[C096410]갈근탕엑스정건조엑스/[C096710]갈근탕건조엑스[10→1]/[C100973]갈근탕엑스(10→1)/[M084556]갈근탕엑스/[M085494]갈근탕엑스분말/[M085503]갈근탕건조엑스/[M086018]갈근탕연조엑스/[M096410]갈근탕엑스정건조엑스/[M096710]갈근탕건조엑스[10→1]/[M100973]갈근탕엑스(10→1)/[M103265]갈근탕엑스말(10→1)/[M103916]갈근탕연조엑스(4.32→1)/[M104358]갈근탕엑스말/[M104683]갈근탕건조엑스(6.80→1)/[M104753]갈근탕연조엑스(3.4→1)/[M105329]갈근탕수침건조엑기스/[M105588]갈근탕건조엑스(5.78→1)/[M105816]갈근탕엑스분말(6→1)/[M105833]갈근탕연조엑스(4.17→1)/[M200049]갈근탕엑스가루/[M214453]갈근탕 연조엑스(4→1)/[M217483]갈근탕연조엑스(3->1)/[M229053]갈근탕 연조엑스(3.33→1)/[M250041]갈근탕엑스(5.81:1)/[M252043]갈근탕연조엑스[2.78→1]/[M252386]갈근탕연조엑스
(3.33→1)/[M259853]갈근탕건조엑스(6.31:1)/[M260768]갈근탕연조엑스(3.08→1)/[M261860]갈근탕건조엑스(5.6→1)/[M267754]갈근탕건조엑스(4→1)/[A006000]감초/[M040006]감초/[M070009]감초가루/[C040007]건강/[C070022]건강조말/[C070030]건강틴크/[C082104]건강유동엑스/[C082517]건강가루/[C083050]건강엑스/[C084830]건강70%에탄올유동엑스/[C085146]건강70%에탄올틴크/[C085483]건강30%에탄올유동엑스/[C089572]건강엑스산/[C091939]건강연조엑스/[C093695]건강묽은에탄올틴크/[C096526]건강건조엑스/[C101460]건강70%에탄올틴크(1→5)/[I001696]건강/[M040007]건강/[M070030]건강틴크/[M082104]건강유동엑스/[M082517]건강가루/[M083050]건강엑스/[M085146]건강70%에탄올틴크/[M085483]건강30%에탄올유동엑스/[M091939]건강연조엑스/[M093373]포건강/[M093695]건강묽은에탄올틴크/[M095865]건강엑스가루/[M101460]건강70%에탄올틴크(1→5)/[M103252]건강건조엑스(5ㆍ6→1)/[M104354]건강틴크(1→5)/[M227892]건강70%에탄올틴크(1->5)/[M239738]건강건조엑스/[M246445]건강초탄/[M249865]건강틴크
(1→5)/[M250885]건강건조엑스(5.6→1)/[M251645]건강초탄/[M254336]건강초탄/[M260577]건강초탄/[M261229]건강연조엑스(1.5∼1.8→1)
/[M262503]건강연조엑스(1.5~1.8→1)/[M262727]건강연조엑스(2.2~2.7→1)
/[M264378]건강연조엑스(1.7~2.0→1)/[M264508]건강연조엑스(3.23→1)/[M266087]건강건조엑스(6.5~7.9→1)/[M266876]건강연조엑스(2.9~3.6→1)/[M267309]건강연조엑스(1.6~2.0→1)/[C050059]구아야콜설폰산칼륨/[I005220]구아야콜설폰산칼륨/[M050059]구아야콜설폰산칼륨/[M251709]구아야콜설폰산칼륨(무수물로서 45밀리그램)/[M263120]구아야콜설폰산칼륨수화물/[C040071]대추/[I006323]대추/[M040071]대추/[M262512]대추연조엑스(1.5∼1.9→1)/[M266238]대추건조엑스(2.5~3.1→1)/[M266249]대추연조엑스(1.2~1.4→1)/[M040084]브롬화수소산덱스트로메토르판/[M202983]덱스트로메토르판브롬화수소산염/[M222957]덱스트로메토르판브롬화수소산염수화물/[C040133]리보플라빈/[C040512]인산리보플라빈나트륨/[C050367]테트라부티르산리보플라빈/[C050368]인산리보플라빈/[C050369]리보플라빈-5-인산나트륨/[C081186]리보플라빈33 1/3%/[C082711]리보플라빈낙산에스텔/[C082719]리보플라빈331/3%산/[C083052]리보플라빈98%DC/[C083101]낙산리보플라빈/[C083163]리보플라빈98%/[C083404]리보플라빈33 1/3%과립/[C084424]염산리보플라빈나트륨/[C085688]직탁용리보플라빈98%/[C089984]리보플라빈인산나트륨/[C090982]리보플라빈산나트륨/[C091022]리보플라빈98%과립/[C091383]리보플라빈25%과립/[C092484]부티르산리보플라빈/[C100456]리보플라빈3배산/[C100480]인산리보플라빈나트륨이수화물/[C101969]리보플라빈E101/[C202525]리보플라빈/[C401176]리보플라빈/[C407713]소듐리보플라빈포스페이트/[C409503]리보플라빈테트라부티레이트/[C422825]리보플라빈/[C422826]리보플라빈테트라부티레이트/[C422827]리보플라빈테트라아세테이트/[C425375]소듐리보플라빈포스페이트/[I003529]리보플라빈/[I003530]리보플라빈포스페이트나트륨/[I006525]리보플라빈부티레이트/[I007430]인산리보플라빈/[I007658]인산리보플라빈나트륨이수화물/[I007907]리보플라빈산나트륨/[M040133]리보플라빈/[M040512]인산리보플라빈나트륨/[M050367]테트라부티르산리보플라빈/[M050368]인산리보플라빈/[M050369]리보플라빈-5-인산나트륨/[M081186]리보플라빈33 1/3%/[M082711]리보플라빈낙산에스텔/[M082719]리보플라빈33 1/3%산/[M083052]리보플라빈98%DC/[M083101]낙산리보플라빈/[M083163]리보플라빈98%/[M083404]리보플라빈33 1/3%과립/[M085688]직탁용리보플라빈98%/[M090982]리보플라빈산나트륨/[M091022]리보플라빈98%과립/[M091383]리보플라빈25%과립/[M092484]부티르산리보플라빈/[M100456]리보플라빈3배산/[M100480]인산리보플라빈나트륨이수화물/[M101969]리보플라빈E101/[M200421]리보플라빈33ㆍ3%/[M200422]리보플라빈33ㆍ3%과립/[M200423]리보플라빈33ㆍ3%산/[M203723]인산리보플라빈소듐/[M206124]조리보플라빈/[M216041]리보플라빈3배산(리보플라빈으로서 5밀리그램)/[M216399]리보플라빈 3배산(리보플라빈으로서 0.84밀리그램)/[M217503]리보플라빈인산에스텔나트륨/[M218021]안산리보플라빈나트륨/[M222995]리보플라빈부티레이트/[M222996]리보플라빈포스페이트나트륨/[M222997]리보플라빈포스페이트나트륨 주사액/[M232651]제피리보플라빈/[M249967]리보플라빈부틸레이트/[M249982]리보플라빈나트륨포스페이트/[C040135]마황/[C080619]마황탕수침건조엑스/[C088524]마황수침건조엑스/[C089573]마황엑스산/[C091941]마황엑스/[C095063]마황탕연조엑스/[C095449]마황가루/[C102054]마황근/[C102097]마황추출물/[C202560]마황추출물/[C423024]마황뿌리추출물/[I001223]마황/[I008197]마황근/[M040135]마황/[M088524]마황수침건조엑스/[M089573]마황엑스산/[M091941]마황엑스/[M095063]마황탕연조엑스/[M095449]마황가루/[M102054]마황근/[M200464]마황엑스가루/[M261223]마황연조엑스(2.2∼2.7→1)
/[M261691]마황탕엑스/[M262497]마황연조엑스(2.2~2.7→1)/[M264308]마황연조엑스(4.35->1)/[M264372]마황연조엑스(3.4~4.2→1)/[M264504]마황연조엑스(4.35→1)/[M266357]마황연조엑스(2.3∼2.9→1)/[M266873]마황연조엑스(3.7~5.0→1)/[M267305]마황연조엑스(2.8~3.4→1)/[M268323]마황연조엑스(3.8∼5.1→1)/[C050036]육계/[C089617]육계엑스산/[C401739]육계추출물/[C401743]육계잎추출물/[C402601]육계/[C402602]육계껍질/정향싹/로즈마리잎/불가리스백리향잎수/[C428728]육계/[C428729]육계/정향싹/로즈마리잎/타임잎수/[C428730]육계/정향싹/로즈마리잎/타임잎오일/[C428731]육계껍질/탱자열매/삼백초잎/뿌리/도둑놈의지팡이뿌리추출물/[C428733]육계잎추출물/[C428734]육계전초오일/[C428735]육계전초추출물/[C428736]육계껍질추출물/[C434092]하이드롤라이즈드육계추출물/[C438444]육계껍질수/[C438521](육계껍질/요엽후박)나무껍질/(고량강/참당귀)뿌리추출물/[I000485]육계/[I008329]육계/[I012425]육계·아선약·소두구·고추 연조엑스(5→1)/[M050036]육계/[M089617]육계엑스산/[M106290]육계(모계)/[M201470]육계엑스가루/[M227893]육계70%에탄올틴크(1->5)/[M232832]육계건조엑스/[M234405]육계가루/[M239186]육계엑스(22->1)/[M240817]육계70%에탄올틴크(1→5)/[M244658]육계틴크(1→5)/[M245879]육계건조엑스(31.25->1)/[M246170]육계연조엑스/[M251943]육계추출물/[M252166]육계유/[M252345]육계유동엑스/[M252650]육계·아선약·소두구·고추 연조엑스(5→1)/[M253194]육계엑스(22→1)/[M254384]육계·아선약·소두구·고추 연조엑스(5->1)/[M258809]육계엑스/[M259064]육계30%에탄올유동엑스/[M261235]육계연조엑스(7.9∼9.6→1)
/[M262509]육계연조엑스(7.9~9.6→1)/[M264213]육계/당귀/작약/숙지황/천궁/황기 혼합추출물/[M264384]육계연조엑스(8.8~10.8→1)/[M264645]육계연조엑스(8.3→1)/[M266305]육계건조엑스(20~35→1)/[M266529]육계건조엑스(22→1)/[M267315]육계연조엑스(8.4~10.2→1)/[M267418]육계연조엑스(6.7~10→1) /[C040523]작약/[C051307]백작약/[C051308]적작약/[C071158]작약엑스/[C082518]작약가루/[C085611]백작약초/[C088975]백작약가루/[C089531]백작약엑스산(패오니플로린으로서 133ㆍ2밀리그람)/[C089542]백작약엑스산/[C090093]작약엑스산/[C090789]작약초/[C092727]백작약연조엑스/[C093837]작약건조엑스/[C096770]작약추출물/[C312372]작약추출물/[C313826]백작약추출물/[C320059]참작약/[C402274]작약전초추출물/[C402275]작약뿌리추출물/[C404274]작약뿌리수/[C404275]작약뿌리가루/[C406079]작약가루/[C406080]작약껍질/수액추출물/[C406081]작약꽃추출물/[C406082]작약추출물/[C429024]작약꽃추출물/[C429025]작약나무껍질/수액추출물/[C429026]작약뿌리/[C429027]작약뿌리가루/[C429028]작약뿌리수/[C429029]작약뿌리추출물/[C429030]작약잎세포추출물/[C429031]작약추출물/[I006447]작약/[M040523]작약/[M051307]백작약/[M051308]적작약/[M071158]작약엑스/[M082518]작약가루/[M085611]백작약초/[M088975]백작약가루/[M090093]작약엑스산/[M090789]작약초/[M093837]작약건조엑스/[M103890]작약건조엑스(5.88→1)/[M201554]작약엑스가루/[M212494]백작약엑스 (5.9→1)/[M214365]작약추출물/[M241192]작약엑스(5.9->1)/[M243283]작약엑스(5.9->1)/[M245904]작약엑스 (5.9→1)/[M246879]작약추출액/[M261230]작약연조엑스(3.3∼4.0→1)
/[M262504]작약연조엑스(3.3~4.0→1)/[M263913]작약연조엑스(2.3∼3.2→1)/[M264309]작약연조엑스(3.03->1)/[M264379]작약연조엑스(2.4~3.0→1)/[M264643]작약연조엑스(3.03→1)/[M266482]작약연조엑스(2.8∼3.4→1)/[M266487]작약연조엑스(2.7~3.3→1)/[M266950]작약연조엑스(2.8∼3.4→1)/[M267310]작약연조엑스(2.9~3.5→1)/[M268068]작약연조엑스(2.8~3.4→1)/[M268187]작약연조엑스(2.8~3.4→1)/[C051445]말레인산카르비녹사민/[C083490]말레인산카르비녹사민서방성과립/[C090108]카르비녹사민레지네이트/[C091587]말레인산카르비녹사민과립/[I000321]말레인산카르비녹사민/[M051445]말레인산카르비녹사민/[M071403]카르비녹사민 레지네이트/[M083490]말레인산카르비녹사민서방성과립/[M090108]카르비녹사민레지네이트/[M091587]말레인산카르비녹사민과립/[M200470]말레인산카르비녹사민서방과립/[M251260]카르비녹사민말레산염/[M040579]카페인(함수)/[M040580]무수카페인/[M090611]카페인/[M223183]카페인무수물/[M223184]카페인수화물/[M241017]무수물카페인/[M223258]티아민염산염/[M223262]티아민질산염/[M243282]티아민질산염3배산","","","4,000밀리그램",20180831,"아세트아미노펜으로서 4,000mg/day(모든제형, 단일제.복합제 포함)","","정상"
3887,"용량주의","복합",D000147,Acetaminophen,"아세트아미노펜","[D001000]Licorice(감초)/[D001121]Dried Ginger(건강)/[D001133]Ephedrae Herb(마황)/[D001136]Pinelliae Tuber(반하)/[D001139]Asiasari Radix et Rhizoma(세신)/[D001140]Schisandra Fruit(오미자)/[D001123]Cinnamomum cassia Blume(육계)/[D001119]Peony Root(작약)/[D000893]Chlorpheniramine(클로르페니라민)","[M040353]아세트아미노펜/[M082309]아세트아미노펜제피세립/[M233006]아세트아미노펜 DC 500/600/[M246556]아세트아미노펜 (미분화)/[M262287]아세트아미노펜 과립/[A006000]감초/[M040006]감초/[M070009]감초가루/[C040007]건강/[C070022]건강조말/[C070030]건강틴크/[C082104]건강유동엑스/[C082517]건강가루/[C083050]건강엑스/[C084830]건강70%에탄올유동엑스/[C085146]건강70%에탄올틴크/[C085483]건강30%에탄올유동엑스/[C089572]건강엑스산/[C091939]건강연조엑스/[C093695]건강묽은에탄올틴크/[C096526]건강건조엑스/[C101460]건강70%에탄올틴크(1→5)/[I001696]건강/[M040007]건강/[M070030]건강틴크/[M082104]건강유동엑스/[M082517]건강가루/[M083050]건강엑스/[M085146]건강70%에탄올틴크/[M085483]건강30%에탄올유동엑스/[M091939]건강연조엑스/[M093373]포건강/[M093695]건강묽은에탄올틴크/[M095865]건강엑스가루/[M101460]건강70%에탄올틴크(1→5)/[M103252]건강건조엑스(5ㆍ6→1)/[M104354]건강틴크(1→5)/[M227892]건강70%에탄올틴크(1->5)/[M239738]건강건조엑스/[M246445]건강초탄/[M249865]건강틴크
(1→5)/[M250885]건강건조엑스(5.6→1)/[M251645]건강초탄/[M254336]건강초탄/[M260577]건강초탄/[M261229]건강연조엑스(1.5∼1.8→1)
/[M262503]건강연조엑스(1.5~1.8→1)/[M262727]건강연조엑스(2.2~2.7→1)
/[M264378]건강연조엑스(1.7~2.0→1)/[M264508]건강연조엑스(3.23→1)/[M266087]건강건조엑스(6.5~7.9→1)/[M266876]건강연조엑스(2.9~3.6→1)/[M267309]건강연조엑스(1.6~2.0→1)/[C040135]마황/[C080619]마황탕수침건조엑스/[C088524]마황수침건조엑스/[C089573]마황엑스산/[C091941]마황엑스/[C095063]마황탕연조엑스/[C095449]마황가루/[C102054]마황근/[C102097]마황추출물/[C202560]마황추출물/[C423024]마황뿌리추출물/[I001223]마황/[I008197]마황근/[M040135]마황/[M088524]마황수침건조엑스/[M089573]마황엑스산/[M091941]마황엑스/[M095063]마황탕연조엑스/[M095449]마황가루/[M102054]마황근/[M200464]마황엑스가루/[M261223]마황연조엑스(2.2∼2.7→1)
/[M261691]마황탕엑스/[M262497]마황연조엑스(2.2~2.7→1)/[M264308]마황연조엑스(4.35->1)/[M264372]마황연조엑스(3.4~4.2→1)/[M264504]마황연조엑스(4.35→1)/[M266357]마황연조엑스(2.3∼2.9→1)/[M266873]마황연조엑스(3.7~5.0→1)/[M267305]마황연조엑스(2.8~3.4→1)/[M268323]마황연조엑스(3.8∼5.1→1)/[C040202]반하/[C085292]반하제/[C088555]반하가루/[C089568]반하엑스산/[C095269]반하곡/[C097468]반하추출물/[C404222]반하뿌리추출물/[C423750]반하뿌리추출물/[I006469]반하/[M040202]반하/[M085292]반하제/[M088555]반하가루/[M089568]반하엑스산/[M106444]반하분/[M200651]반하엑스가루/[M261234]반하연조엑스(1.8∼2.2→1)
/[M262508]반하연조엑스(1.8~2.2→1)/[M262708]반하건조엑스(5.9~7.3→1)
/[M263878]반하연조엑스(2.5∼3.4→1)/[M264383]반하연조엑스(2.0~2.4→1)/[M264501]반하연조엑스(0.72→1)/[M266234]반하건조엑스(5.9~7.3→1)/[M266486]반하건조엑스(5.8~7.1)→1/[M266588]반하연조엑스(0.6~0.8→1)/[M267314]반하연조엑스(1.9~2.3→1)/[M268061] 반하연조엑스(0.7~0.8→1)/[M268073]반하연조엑스(0.7~0.8→1)/[C040293]세신/[C089608]세신엑스산/[C092777]세신연조엑스/[C094083]세신추출물/[I004348]세신/[M040293]세신/[M089608]세신엑스산/[M200871]세신엑스가루/[M222755]세신추출물/[M246877]세신추출액/[M260237]세신엑스/[M264506]세신연조엑스(3.85→1)/[M265870]세신연조엑스(4.7~5.8→1)/[M266360]세신연조엑스(1.8∼2.3→1)/[M266603]세신연조엑스(3.5~4.2→1)/[M267398]세신연조엑스(3.6 ~4.4→1)/[C040445]오미자/[C084387]오미자유동엑스/[C084500]오미자추출액/[C084894]오미자10%에탄올유동엑스/[C086761]오미자연조엑스/[C089619]오미자엑스산/[C101335]오미자건조엑스(5ㆍ6->1)/[C321880]오미자추출물/[C408100]오미자/[C408101]오미자가루/[C408102]오미자추출물/[C428169]오미자/[C428170]오미자가루/[C428172]오미자추출물/[I006546]오미자/[M040445]오미자/[M084387]오미자유동엑스/[M084500]오미자추출액/[M084894]오미자10%에탄올유동엑스/[M086761]오미자연조엑스/[M089619]오미자엑스산/[M101335]오미자건조엑스(5ㆍ6->1)/[M201349]오미자엑스가루/[M214412]오미자추출물/[M262807]오미자연조엑스(1.8~2.2→
1)/[M264505]오미자연조엑스(4→1)/[M265868]오미자연조엑스(2.5~3.1→1)/[M266358]오미자연조엑스(1.4∼1.8→1)/[M266874]오미자연조엑스(3.6~4.4→1)/[M267399]오미자연조엑스(2.3~2.9→1)/[C050036]육계/[C089617]육계엑스산/[C401739]육계추출물/[C401743]육계잎추출물/[C402601]육계/[C402602]육계껍질/정향싹/로즈마리잎/불가리스백리향잎수/[C428728]육계/[C428729]육계/정향싹/로즈마리잎/타임잎수/[C428730]육계/정향싹/로즈마리잎/타임잎오일/[C428731]육계껍질/탱자열매/삼백초잎/뿌리/도둑놈의지팡이뿌리추출물/[C428733]육계잎추출물/[C428734]육계전초오일/[C428735]육계전초추출물/[C428736]육계껍질추출물/[C434092]하이드롤라이즈드육계추출물/[C438444]육계껍질수/[C438521](육계껍질/요엽후박)나무껍질/(고량강/참당귀)뿌리추출물/[I000485]육계/[I008329]육계/[I012425]육계·아선약·소두구·고추 연조엑스(5→1)/[M050036]육계/[M089617]육계엑스산/[M106290]육계(모계)/[M201470]육계엑스가루/[M227893]육계70%에탄올틴크(1->5)/[M232832]육계건조엑스/[M234405]육계가루/[M239186]육계엑스(22->1)/[M240817]육계70%에탄올틴크(1→5)/[M244658]육계틴크(1→5)/[M245879]육계건조엑스(31.25->1)/[M246170]육계연조엑스/[M251943]육계추출물/[M252166]육계유/[M252345]육계유동엑스/[M252650]육계·아선약·소두구·고추 연조엑스(5→1)/[M253194]육계엑스(22→1)/[M254384]육계·아선약·소두구·고추 연조엑스(5->1)/[M258809]육계엑스/[M259064]육계30%에탄올유동엑스/[M261235]육계연조엑스(7.9∼9.6→1)
/[M262509]육계연조엑스(7.9~9.6→1)/[M264213]육계/당귀/작약/숙지황/천궁/황기 혼합추출물/[M264384]육계연조엑스(8.8~10.8→1)/[M264645]육계연조엑스(8.3→1)/[M266305]육계건조엑스(20~35→1)/[M266529]육계건조엑스(22→1)/[M267315]육계연조엑스(8.4~10.2→1)/[M267418]육계연조엑스(6.7~10→1) /[C040523]작약/[C051307]백작약/[C051308]적작약/[C071158]작약엑스/[C082518]작약가루/[C085611]백작약초/[C088975]백작약가루/[C089531]백작약엑스산(패오니플로린으로서 133ㆍ2밀리그람)/[C089542]백작약엑스산/[C090093]작약엑스산/[C090789]작약초/[C092727]백작약연조엑스/[C093837]작약건조엑스/[C096770]작약추출물/[C312372]작약추출물/[C313826]백작약추출물/[C320059]참작약/[C402274]작약전초추출물/[C402275]작약뿌리추출물/[C404274]작약뿌리수/[C404275]작약뿌리가루/[C406079]작약가루/[C406080]작약껍질/수액추출물/[C406081]작약꽃추출물/[C406082]작약추출물/[C429024]작약꽃추출물/[C429025]작약나무껍질/수액추출물/[C429026]작약뿌리/[C429027]작약뿌리가루/[C429028]작약뿌리수/[C429029]작약뿌리추출물/[C429030]작약잎세포추출물/[C429031]작약추출물/[I006447]작약/[M040523]작약/[M051307]백작약/[M051308]적작약/[M071158]작약엑스/[M082518]작약가루/[M085611]백작약초/[M088975]백작약가루/[M090093]작약엑스산/[M090789]작약초/[M093837]작약건조엑스/[M103890]작약건조엑스(5.88→1)/[M201554]작약엑스가루/[M212494]백작약엑스 (5.9→1)/[M214365]작약추출물/[M241192]작약엑스(5.9->1)/[M243283]작약엑스(5.9->1)/[M245904]작약엑스 (5.9→1)/[M246879]작약추출액/[M261230]작약연조엑스(3.3∼4.0→1)
/[M262504]작약연조엑스(3.3~4.0→1)/[M263913]작약연조엑스(2.3∼3.2→1)/[M264309]작약연조엑스(3.03->1)/[M264379]작약연조엑스(2.4~3.0→1)/[M264643]작약연조엑스(3.03→1)/[M266482]작약연조엑스(2.8∼3.4→1)/[M266487]작약연조엑스(2.7~3.3→1)/[M266950]작약연조엑스(2.8∼3.4→1)/[M267310]작약연조엑스(2.9~3.5→1)/[M268068]작약연조엑스(2.8~3.4→1)/[M268187]작약연조엑스(2.8~3.4→1)/[M040616]말레인산클로르페니라민/[M050213]말레인산덱스클로르페니라민/[M051529]클로르페니라민/[M082701]디엘말레인산클로르페니라민/[M083325]디말레인산클로르페니라민/[M099959]말레인산클로로페니라민/[M100018]말레산클로르페니라민/[M100476]디말레인산클로르페니라민/[M101581]디엘말레인산클로르페니라민/[M200471]말레인산클로르페니라민제피과립/[M202197]D-말레인산클로르페니라민/[M202204]DL-말레인산클로르페니라민/[M203913]클로르페니라민말레인산염/[M212847]클로르페니라민말레이트/[M223211]클로르페니라민말레산염/[M223212]d-클로르페니라민말레산염/[M223213]클로르페니라민말레산염 산/[M223214]클로르페니라민말레산염 정/[M223215]클로르페니라민말레산염 주사액/[M226783]dl-클로르페니라민말레산염/[M249715]덱스클로르페니라민 말레산염/[M251936]덱스클로르페니라민말레이트","[01140]해열.진통.소염제","","4,000밀리그램",20180831,"아세트아미노펜으로서 4,000mg/day(모든제형, 단일제.복합제 포함)","","정상"
3716,"용량주의","복합",D000147,Acetaminophen,"아세트아미노펜","[D001093]Galgeun-tang(갈근탕)/[D000200]Dextromethorphan(덱스트로메토르판)/[D000448]Pseudoephedrine(슈도에페드린)/[D000893]Chlorpheniramine(클로르페니라민)","[M040353]아세트아미노펜/[M082309]아세트아미노펜제피세립/[M233006]아세트아미노펜 DC 500/600/[M246556]아세트아미노펜 (미분화)/[M262287]아세트아미노펜 과립/[C084556]갈근탕엑스/[C085494]갈근탕엑스분말/[C085503]갈근탕건조엑스/[C086018]갈근탕연조엑스/[C090838]갈근탕엑스과립/[C096410]갈근탕엑스정건조엑스/[C096710]갈근탕건조엑스[10→1]/[C100973]갈근탕엑스(10→1)/[M084556]갈근탕엑스/[M085494]갈근탕엑스분말/[M085503]갈근탕건조엑스/[M086018]갈근탕연조엑스/[M096410]갈근탕엑스정건조엑스/[M096710]갈근탕건조엑스[10→1]/[M100973]갈근탕엑스(10→1)/[M103265]갈근탕엑스말(10→1)/[M103916]갈근탕연조엑스(4.32→1)/[M104358]갈근탕엑스말/[M104683]갈근탕건조엑스(6.80→1)/[M104753]갈근탕연조엑스(3.4→1)/[M105329]갈근탕수침건조엑기스/[M105588]갈근탕건조엑스(5.78→1)/[M105816]갈근탕엑스분말(6→1)/[M105833]갈근탕연조엑스(4.17→1)/[M200049]갈근탕엑스가루/[M214453]갈근탕 연조엑스(4→1)/[M217483]갈근탕연조엑스(3->1)/[M229053]갈근탕 연조엑스(3.33→1)/[M250041]갈근탕엑스(5.81:1)/[M252043]갈근탕연조엑스[2.78→1]/[M252386]갈근탕연조엑스
(3.33→1)/[M259853]갈근탕건조엑스(6.31:1)/[M260768]갈근탕연조엑스(3.08→1)/[M261860]갈근탕건조엑스(5.6→1)/[M267754]갈근탕건조엑스(4→1)/[M040084]브롬화수소산덱스트로메토르판/[M202983]덱스트로메토르판브롬화수소산염/[M222957]덱스트로메토르판브롬화수소산염수화물/[M050833]염산슈도에페드린/[M081720]황산슈도에페드린/[M203364]슈도에페드린염산염/[M222865]수도에페드린염산염/[M248579]수도에페드린황산염/[M256034]수도에페드린염산염 과립/[M258826]수도에페드린/[M040616]말레인산클로르페니라민/[M050213]말레인산덱스클로르페니라민/[M051529]클로르페니라민/[M082701]디엘말레인산클로르페니라민/[M083325]디말레인산클로르페니라민/[M099959]말레인산클로로페니라민/[M100018]말레산클로르페니라민/[M100476]디말레인산클로르페니라민/[M101581]디엘말레인산클로르페니라민/[M200471]말레인산클로르페니라민제피과립/[M202197]D-말레인산클로르페니라민/[M202204]DL-말레인산클로르페니라민/[M203913]클로르페니라민말레인산염/[M212847]클로르페니라민말레이트/[M223211]클로르페니라민말레산염/[M223212]d-클로르페니라민말레산염/[M223213]클로르페니라민말레산염 산/[M223214]클로르페니라민말레산염 정/[M223215]클로르페니라민말레산염 주사액/[M226783]dl-클로르페니라민말레산염/[M249715]덱스클로르페니라민 말레산염/[M251936]덱스클로르페니라민말레이트","[01140]해열.진통.소염제","","4,000밀리그램",20180831,"아세트아미노펜으로서 4,000mg/day(모든제형, 단일제.복합제 포함)","","정상"
3719,"용량주의","복합",D000147,Acetaminophen,"아세트아미노펜","[D001000]Licorice(감초)/[D000847]Ethenzamide(에텐자미드)/[D001119]Peony Root(작약)/[D000852]Caffeine(카페인)","[M040353]아세트아미노펜/[M082309]아세트아미노펜제피세립/[M233006]아세트아미노펜 DC 500/600/[M246556]아세트아미노펜 (미분화)/[M262287]아세트아미노펜 과립/[A006000]감초/[M040006]감초/[M070009]감초가루/[M040417]에텐자미드/[M095771]에덴자미드/[C040523]작약/[C051307]백작약/[C051308]적작약/[C071158]작약엑스/[C082518]작약가루/[C085611]백작약초/[C088975]백작약가루/[C089531]백작약엑스산(패오니플로린으로서 133ㆍ2밀리그람)/[C089542]백작약엑스산/[C090093]작약엑스산/[C090789]작약초/[C092727]백작약연조엑스/[C093837]작약건조엑스/[C096770]작약추출물/[C312372]작약추출물/[C313826]백작약추출물/[C320059]참작약/[C402274]작약전초추출물/[C402275]작약뿌리추출물/[C404274]작약뿌리수/[C404275]작약뿌리가루/[C406079]작약가루/[C406080]작약껍질/수액추출물/[C406081]작약꽃추출물/[C406082]작약추출물/[C429024]작약꽃추출물/[C429025]작약나무껍질/수액추출물/[C429026]작약뿌리/[C429027]작약뿌리가루/[C429028]작약뿌리수/[C429029]작약뿌리추출물/[C429030]작약잎세포추출물/[C429031]작약추출물/[I006447]작약/[M040523]작약/[M051307]백작약/[M051308]적작약/[M071158]작약엑스/[M082518]작약가루/[M085611]백작약초/[M088975]백작약가루/[M090093]작약엑스산/[M090789]작약초/[M093837]작약건조엑스/[M103890]작약건조엑스(5.88→1)/[M201554]작약엑스가루/[M212494]백작약엑스 (5.9→1)/[M214365]작약추출물/[M241192]작약엑스(5.9->1)/[M243283]작약엑스(5.9->1)/[M245904]작약엑스 (5.9→1)/[M246879]작약추출액/[M261230]작약연조엑스(3.3∼4.0→1)
/[M262504]작약연조엑스(3.3~4.0→1)/[M263913]작약연조엑스(2.3∼3.2→1)/[M264309]작약연조엑스(3.03->1)/[M264379]작약연조엑스(2.4~3.0→1)/[M264643]작약연조엑스(3.03→1)/[M266482]작약연조엑스(2.8∼3.4→1)/[M266487]작약연조엑스(2.7~3.3→1)/[M266950]작약연조엑스(2.8∼3.4→1)/[M267310]작약연조엑스(2.9~3.5→1)/[M268068]작약연조엑스(2.8~3.4→1)/[M268187]작약연조엑스(2.8~3.4→1)/[M040579]카페인(함수)/[M040580]무수카페인/[M090611]카페인/[M223183]카페인무수물/[M223184]카페인수화물/[M241017]무수물카페인","[01140]해열.진통.소염제","","4,000밀리그램",20180831,"아세트아미노펜으로서 4,000mg/day(모든제형, 단일제.복합제 포함)","","정상"
3891,"용량주의","복합",D000147,Acetaminophen,"아세트아미노펜","[D001000]Licorice(감초)/[D001121]Dried Ginger(건강)/[D001133]Ephedrae Herb(마황)/[D001136]Pinelliae Tuber(반하)/[D001139]Asiasari Radix et Rhizoma(세신)/[D001140]Schisandra Fruit(오미자)/[D001123]Cinnamomum cassia Blume(육계)/[D001119]Peony Root(작약)/[D000852]Caffeine(카페인)/[D000893]Chlorpheniramine(클로르페니라민)","[M040353]아세트아미노펜/[M082309]아세트아미노펜제피세립/[M233006]아세트아미노펜 DC 500/600/[M246556]아세트아미노펜 (미분화)/[M262287]아세트아미노펜 과립/[A006000]감초/[M040006]감초/[M070009]감초가루/[C040007]건강/[C070022]건강조말/[C070030]건강틴크/[C082104]건강유동엑스/[C082517]건강가루/[C083050]건강엑스/[C084830]건강70%에탄올유동엑스/[C085146]건강70%에탄올틴크/[C085483]건강30%에탄올유동엑스/[C089572]건강엑스산/[C091939]건강연조엑스/[C093695]건강묽은에탄올틴크/[C096526]건강건조엑스/[C101460]건강70%에탄올틴크(1→5)/[I001696]건강/[M040007]건강/[M070030]건강틴크/[M082104]건강유동엑스/[M082517]건강가루/[M083050]건강엑스/[M085146]건강70%에탄올틴크/[M085483]건강30%에탄올유동엑스/[M091939]건강연조엑스/[M093373]포건강/[M093695]건강묽은에탄올틴크/[M095865]건강엑스가루/[M101460]건강70%에탄올틴크(1→5)/[M103252]건강건조엑스(5ㆍ6→1)/[M104354]건강틴크(1→5)/[M227892]건강70%에탄올틴크(1->5)/[M239738]건강건조엑스/[M246445]건강초탄/[M249865]건강틴크
(1→5)/[M250885]건강건조엑스(5.6→1)/[M251645]건강초탄/[M254336]건강초탄/[M260577]건강초탄/[M261229]건강연조엑스(1.5∼1.8→1)
/[M262503]건강연조엑스(1.5~1.8→1)/[M262727]건강연조엑스(2.2~2.7→1)
/[M264378]건강연조엑스(1.7~2.0→1)/[M264508]건강연조엑스(3.23→1)/[M266087]건강건조엑스(6.5~7.9→1)/[M266876]건강연조엑스(2.9~3.6→1)/[M267309]건강연조엑스(1.6~2.0→1)/[C040135]마황/[C080619]마황탕수침건조엑스/[C088524]마황수침건조엑스/[C089573]마황엑스산/[C091941]마황엑스/[C095063]마황탕연조엑스/[C095449]마황가루/[C102054]마황근/[C102097]마황추출물/[C202560]마황추출물/[C423024]마황뿌리추출물/[I001223]마황/[I008197]마황근/[M040135]마황/[M088524]마황수침건조엑스/[M089573]마황엑스산/[M091941]마황엑스/[M095063]마황탕연조엑스/[M095449]마황가루/[M102054]마황근/[M200464]마황엑스가루/[M261223]마황연조엑스(2.2∼2.7→1)
/[M261691]마황탕엑스/[M262497]마황연조엑스(2.2~2.7→1)/[M264308]마황연조엑스(4.35->1)/[M264372]마황연조엑스(3.4~4.2→1)/[M264504]마황연조엑스(4.35→1)/[M266357]마황연조엑스(2.3∼2.9→1)/[M266873]마황연조엑스(3.7~5.0→1)/[M267305]마황연조엑스(2.8~3.4→1)/[M268323]마황연조엑스(3.8∼5.1→1)/[C040202]반하/[C085292]반하제/[C088555]반하가루/[C089568]반하엑스산/[C095269]반하곡/[C097468]반하추출물/[C404222]반하뿌리추출물/[C423750]반하뿌리추출물/[I006469]반하/[M040202]반하/[M085292]반하제/[M088555]반하가루/[M089568]반하엑스산/[M106444]반하분/[M200651]반하엑스가루/[M261234]반하연조엑스(1.8∼2.2→1)
/[M262508]반하연조엑스(1.8~2.2→1)/[M262708]반하건조엑스(5.9~7.3→1)
/[M263878]반하연조엑스(2.5∼3.4→1)/[M264383]반하연조엑스(2.0~2.4→1)/[M264501]반하연조엑스(0.72→1)/[M266234]반하건조엑스(5.9~7.3→1)/[M266486]반하건조엑스(5.8~7.1)→1/[M266588]반하연조엑스(0.6~0.8→1)/[M267314]반하연조엑스(1.9~2.3→1)/[M268061] 반하연조엑스(0.7~0.8→1)/[M268073]반하연조엑스(0.7~0.8→1)/[C040293]세신/[C089608]세신엑스산/[C092777]세신연조엑스/[C094083]세신추출물/[I004348]세신/[M040293]세신/[M089608]세신엑스산/[M200871]세신엑스가루/[M222755]세신추출물/[M246877]세신추출액/[M260237]세신엑스/[M264506]세신연조엑스(3.85→1)/[M265870]세신연조엑스(4.7~5.8→1)/[M266360]세신연조엑스(1.8∼2.3→1)/[M266603]세신연조엑스(3.5~4.2→1)/[M267398]세신연조엑스(3.6 ~4.4→1)/[C040445]오미자/[C084387]오미자유동엑스/[C084500]오미자추출액/[C084894]오미자10%에탄올유동엑스/[C086761]오미자연조엑스/[C089619]오미자엑스산/[C101335]오미자건조엑스(5ㆍ6->1)/[C321880]오미자추출물/[C408100]오미자/[C408101]오미자가루/[C408102]오미자추출물/[C428169]오미자/[C428170]오미자가루/[C428172]오미자추출물/[I006546]오미자/[M040445]오미자/[M084387]오미자유동엑스/[M084500]오미자추출액/[M084894]오미자10%에탄올유동엑스/[M086761]오미자연조엑스/[M089619]오미자엑스산/[M101335]오미자건조엑스(5ㆍ6->1)/[M201349]오미자엑스가루/[M214412]오미자추출물/[M262807]오미자연조엑스(1.8~2.2→
1)/[M264505]오미자연조엑스(4→1)/[M265868]오미자연조엑스(2.5~3.1→1)/[M266358]오미자연조엑스(1.4∼1.8→1)/[M266874]오미자연조엑스(3.6~4.4→1)/[M267399]오미자연조엑스(2.3~2.9→1)/[C050036]육계/[C089617]육계엑스산/[C401739]육계추출물/[C401743]육계잎추출물/[C402601]육계/[C402602]육계껍질/정향싹/로즈마리잎/불가리스백리향잎수/[C428728]육계/[C428729]육계/정향싹/로즈마리잎/타임잎수/[C428730]육계/정향싹/로즈마리잎/타임잎오일/[C428731]육계껍질/탱자열매/삼백초잎/뿌리/도둑놈의지팡이뿌리추출물/[C428733]육계잎추출물/[C428734]육계전초오일/[C428735]육계전초추출물/[C428736]육계껍질추출물/[C434092]하이드롤라이즈드육계추출물/[C438444]육계껍질수/[C438521](육계껍질/요엽후박)나무껍질/(고량강/참당귀)뿌리추출물/[I000485]육계/[I008329]육계/[I012425]육계·아선약·소두구·고추 연조엑스(5→1)/[M050036]육계/[M089617]육계엑스산/[M106290]육계(모계)/[M201470]육계엑스가루/[M227893]육계70%에탄올틴크(1->5)/[M232832]육계건조엑스/[M234405]육계가루/[M239186]육계엑스(22->1)/[M240817]육계70%에탄올틴크(1→5)/[M244658]육계틴크(1→5)/[M245879]육계건조엑스(31.25->1)/[M246170]육계연조엑스/[M251943]육계추출물/[M252166]육계유/[M252345]육계유동엑스/[M252650]육계·아선약·소두구·고추 연조엑스(5→1)/[M253194]육계엑스(22→1)/[M254384]육계·아선약·소두구·고추 연조엑스(5->1)/[M258809]육계엑스/[M259064]육계30%에탄올유동엑스/[M261235]육계연조엑스(7.9∼9.6→1)
/[M262509]육계연조엑스(7.9~9.6→1)/[M264213]육계/당귀/작약/숙지황/천궁/황기 혼합추출물/[M264384]육계연조엑스(8.8~10.8→1)/[M264645]육계연조엑스(8.3→1)/[M266305]육계건조엑스(20~35→1)/[M266529]육계건조엑스(22→1)/[M267315]육계연조엑스(8.4~10.2→1)/[M267418]육계연조엑스(6.7~10→1) /[C040523]작약/[C051307]백작약/[C051308]적작약/[C071158]작약엑스/[C082518]작약가루/[C085611]백작약초/[C088975]백작약가루/[C089531]백작약엑스산(패오니플로린으로서 133ㆍ2밀리그람)/[C089542]백작약엑스산/[C090093]작약엑스산/[C090789]작약초/[C092727]백작약연조엑스/[C093837]작약건조엑스/[C096770]작약추출물/[C312372]작약추출물/[C313826]백작약추출물/[C320059]참작약/[C402274]작약전초추출물/[C402275]작약뿌리추출물/[C404274]작약뿌리수/[C404275]작약뿌리가루/[C406079]작약가루/[C406080]작약껍질/수액추출물/[C406081]작약꽃추출물/[C406082]작약추출물/[C429024]작약꽃추출물/[C429025]작약나무껍질/수액추출물/[C429026]작약뿌리/[C429027]작약뿌리가루/[C429028]작약뿌리수/[C429029]작약뿌리추출물/[C429030]작약잎세포추출물/[C429031]작약추출물/[I006447]작약/[M040523]작약/[M051307]백작약/[M051308]적작약/[M071158]작약엑스/[M082518]작약가루/[M085611]백작약초/[M088975]백작약가루/[M090093]작약엑스산/[M090789]작약초/[M093837]작약건조엑스/[M103890]작약건조엑스(5.88→1)/[M201554]작약엑스가루/[M212494]백작약엑스 (5.9→1)/[M214365]작약추출물/[M241192]작약엑스(5.9->1)/[M243283]작약엑스(5.9->1)/[M245904]작약엑스 (5.9→1)/[M246879]작약추출액/[M261230]작약연조엑스(3.3∼4.0→1)
/[M262504]작약연조엑스(3.3~4.0→1)/[M263913]작약연조엑스(2.3∼3.2→1)/[M264309]작약연조엑스(3.03->1)/[M264379]작약연조엑스(2.4~3.0→1)/[M264643]작약연조엑스(3.03→1)/[M266482]작약연조엑스(2.8∼3.4→1)/[M266487]작약연조엑스(2.7~3.3→1)/[M266950]작약연조엑스(2.8∼3.4→1)/[M267310]작약연조엑스(2.9~3.5→1)/[M268068]작약연조엑스(2.8~3.4→1)/[M268187]작약연조엑스(2.8~3.4→1)/[M040579]카페인(함수)/[M040580]무수카페인/[M090611]카페인/[M223183]카페인무수물/[M223184]카페인수화물/[M241017]무수물카페인/[M040616]말레인산클로르페니라민/[M050213]말레인산덱스클로르페니라민/[M051529]클로르페니라민/[M082701]디엘말레인산클로르페니라민/[M083325]디말레인산클로르페니라민/[M099959]말레인산클로로페니라민/[M100018]말레산클로르페니라민/[M100476]디말레인산클로르페니라민/[M101581]디엘말레인산클로르페니라민/[M200471]말레인산클로르페니라민제피과립/[M202197]D-말레인산클로르페니라민/[M202204]DL-말레인산클로르페니라민/[M203913]클로르페니라민말레인산염/[M212847]클로르페니라민말레이트/[M223211]클로르페니라민말레산염/[M223212]d-클로르페니라민말레산염/[M223213]클로르페니라민말레산염 산/[M223214]클로르페니라민말레산염 정/[M223215]클로르페니라민말레산염 주사액/[M226783]dl-클로르페니라민말레산염/[M249715]덱스클로르페니라민 말레산염/[M251936]덱스클로르페니라민말레이트","[01140]해열.진통.소염제","","4,000밀리그램",20180831,"아세트아미노펜으로서 4,000mg/day(모든제형, 단일제.복합제 포함)","","정상"
3892,"용량주의","복합",D000147,Acetaminophen,"아세트아미노펜","[D001000]Licorice(감초)/[D000493]Guaifenesin(구아이페네신)/[D000200]Dextromethorphan(덱스트로메토르판)/[D001101]Riboflavin(리보플라빈)/[D001144]White Ginseng(백삼)/[D000448]Pseudoephedrine(슈도에페드린)/[D001041]Lactose(유당)/[D000852]Caffeine(카페인)/[D000893]Chlorpheniramine(클로르페니라민)/[D000998]Thiamine(티아민)","[M040353]아세트아미노펜/[M082309]아세트아미노펜제피세립/[M233006]아세트아미노펜 DC 500/600/[M246556]아세트아미노펜 (미분화)/[M262287]아세트아미노펜 과립/[A006000]감초/[M040006]감초/[M070009]감초가루/[M050058]구아이페네신/[M040084]브롬화수소산덱스트로메토르판/[M202983]덱스트로메토르판브롬화수소산염/[M222957]덱스트로메토르판브롬화수소산염수화물/[C040133]리보플라빈/[C040512]인산리보플라빈나트륨/[C050367]테트라부티르산리보플라빈/[C050368]인산리보플라빈/[C050369]리보플라빈-5-인산나트륨/[C081186]리보플라빈33 1/3%/[C082711]리보플라빈낙산에스텔/[C082719]리보플라빈331/3%산/[C083052]리보플라빈98%DC/[C083101]낙산리보플라빈/[C083163]리보플라빈98%/[C083404]리보플라빈33 1/3%과립/[C084424]염산리보플라빈나트륨/[C085688]직탁용리보플라빈98%/[C089984]리보플라빈인산나트륨/[C090982]리보플라빈산나트륨/[C091022]리보플라빈98%과립/[C091383]리보플라빈25%과립/[C092484]부티르산리보플라빈/[C100456]리보플라빈3배산/[C100480]인산리보플라빈나트륨이수화물/[C101969]리보플라빈E101/[C202525]리보플라빈/[C401176]리보플라빈/[C407713]소듐리보플라빈포스페이트/[C409503]리보플라빈테트라부티레이트/[C422825]리보플라빈/[C422826]리보플라빈테트라부티레이트/[C422827]리보플라빈테트라아세테이트/[C425375]소듐리보플라빈포스페이트/[I003529]리보플라빈/[I003530]리보플라빈포스페이트나트륨/[I006525]리보플라빈부티레이트/[I007430]인산리보플라빈/[I007658]인산리보플라빈나트륨이수화물/[I007907]리보플라빈산나트륨/[M040133]리보플라빈/[M040512]인산리보플라빈나트륨/[M050367]테트라부티르산리보플라빈/[M050368]인산리보플라빈/[M050369]리보플라빈-5-인산나트륨/[M081186]리보플라빈33 1/3%/[M082711]리보플라빈낙산에스텔/[M082719]리보플라빈33 1/3%산/[M083052]리보플라빈98%DC/[M083101]낙산리보플라빈/[M083163]리보플라빈98%/[M083404]리보플라빈33 1/3%과립/[M085688]직탁용리보플라빈98%/[M090982]리보플라빈산나트륨/[M091022]리보플라빈98%과립/[M091383]리보플라빈25%과립/[M092484]부티르산리보플라빈/[M100456]리보플라빈3배산/[M100480]인산리보플라빈나트륨이수화물/[M101969]리보플라빈E101/[M200421]리보플라빈33ㆍ3%/[M200422]리보플라빈33ㆍ3%과립/[M200423]리보플라빈33ㆍ3%산/[M203723]인산리보플라빈소듐/[M206124]조리보플라빈/[M216041]리보플라빈3배산(리보플라빈으로서 5밀리그램)/[M216399]리보플라빈 3배산(리보플라빈으로서 0.84밀리그램)/[M217503]리보플라빈인산에스텔나트륨/[M218021]안산리보플라빈나트륨/[M222995]리보플라빈부티레이트/[M222996]리보플라빈포스페이트나트륨/[M222997]리보플라빈포스페이트나트륨 주사액/[M232651]제피리보플라빈/[M249967]리보플라빈부틸레이트/[M249982]리보플라빈나트륨포스페이트/[C040213]백삼/[C051650]백삼엑스산/[C080417]백삼건조엑스-에이/[C082106]백삼유동엑스/[C082761]백삼가루/[C082773]백삼건조엑스/[C083158]백삼엑스/[C084631]백삼묽은에탄올엑스/[C084799]백삼50%에탄올엑스와황기엑스의혼합추출액/[C084800]백삼50%에탄올추출액/[C084809]백삼30%에탄올엑스/[C084814]백삼70%에탄올유동엑스/[C085287]백삼35%에탄올유동엑스/[C086540]백삼70%에탄올건조엑스/[C086542]백삼30%에탄올건조엑스/[C089783]백삼90%에탄올엑스/[C092892]백삼엑스G115/[C095307]백삼에탄올엑스/[C096155]백삼50%에탄올엑스/[C100811]백삼연조엑스(6ㆍ7→1)/[C102072]백삼/[M102072]백삼/[M102805]백삼가루/[M103666]백삼건조엑스(20→3)/[M104162]백삼묽은에탄올엑스(10→15)/[M104278]백삼30%에탄올유동엑스/[M105374]백삼30%에탄올엑스(6.67→1)/[M105605]백삼30%에탄올엑스(3→1)/[M105718]백삼엑스(11→1)/[M105735]백삼30%에탄올건조엑스(10→1)/[M106171]백삼엑스산(14→1)/[M107314]백삼30%에탄올유동엑스(14.93:1)/[M207211]백삼건조엑스(6.7→1)/[M209233]백삼30%에탄올엑스/[M209535]백삼건조엑스(6.7->1)/[M213721]백삼유동엑스/[M220034]백삼엑스G115/[M223472]백삼엑스산/[M229647]백삼엑스/[M235001]백삼50%에탄올엑스/[M251458]백삼건조엑스/[M252603]백삼가루/[M050833]염산슈도에페드린/[M081720]황산슈도에페드린/[M203364]슈도에페드린염산염/[M222865]수도에페드린염산염/[M248579]수도에페드린황산염/[M256034]수도에페드린염산염 과립/[M258826]수도에페드린/[I005101]유당수화물/[I006329]무수유당/[I008990]셀락토오스/[I009540]저유당탈지우유/[I012678]서양승마58%에탄올연조엑스(건조엑스로서 5~10→1)·유당혼합 건조물(1:1)/[M007111]유당/[M040484]유당/[M081491]수화유당분무공정규격/[M081664]니트로글리세린10%유당/[M081842]무수유당/[M082278]조유당/[M083806]저유당탈지분유/[M084968]이소소르비드5모노니트레이트유당혼합물/[M086725]유당일수화물/[M088727]셀락토오스/[M089296]유당:미결정셀룰로오스(75:25)혼합물/[M089366]일수산화락토오스/[M090488]스프레이건조유당/[M091218]셀락토스80/[M091280]저유당단백질/[M092521]디-유당/[M093462]락토스모노하이드레이트/[M093547]셀룰로오스유당분말/[M093779]셀락토스/[M095386]락토오스일수화물/[M095387]일수화물유당/[M095438]유당일수화물(분사건조품)/[M095736]미분화유당/[M099012]녹색산화철:유당/[M099013]흑색산화철:유당/[M102249]유당ㆍ미결정셀룰로오스과립/[M102921]락토오스/[M103736]흑색산화철:유당(95:5)/[M103878]셀락토오스80/[M104121]전분·유당또는옥수수전분/[M104322]희석된니트로글리세린(니트로글리세린10%유당)/[M104323]희석된니트로글리세린(니트로글리세린2%유당)/[M104411]유당(63㎛미만)/[M104412]유당(100㎛미만)/[M104844]직타용유당/[M200606]미세화유당/[M200708]분무건조유당/[M200892]셀룰로오스유당가루/[M202199]D-유당/[M203166]미분유당/[M208285]유당모노하이드레이트/[M210815]셀락토오즈/[M215553]유당일수화물(Pharmatose 200M)/[M220734]유당 일수화물/[M221488]직타유당/[M223367]유당수화물/[M225609]요오드화칼륨/유당 혼합물/[M227968]유당수화물/[M236431]유당 일수화물(분사 건조품)/[M242752]유당미결정셀룰로오스100/[M243911]유당일수화물 (200 mesh)/[M243912]유당일수화물 (스프레이 건조)/[M243915]유당일수화물 (200 mesh)/[M243916]유당일수화물 (스프레이 건조)/[M243919]유당일수화물 (200 mesh)/[M243920]유당일수화물 (스프레이 건조)/[M246233]미분화유당수화물/[M246234]미분화유당일수화물/[M246495]유당무수물/[M246959]셀락토즈/[M246974]유당수화물:미결정셀룰로오스(75:25)혼합물/[M247245]락토오스모노하이드레이트/[M247862]유당수화물 (200 mesh)/[M247863]유당수화물 (스프레이 건조)/[M251254]저유당유단백질/[M254574]락토오스/셀룰로오스/히드록시프로필메칠셀룰로오스/호호바에스터/아스코빌팔미테이트/울트라마린/토코페릴아세테이트/[M254581]유당수화물/[M254582]유당수화물(분사 건조품)/[M254677]락토오스/셀룰로오스/하이드록시프로필메칠셀룰로오스/호호바에스터/아스코빌팔미테이트/울트라마린/토코페릴아세테이트/[M257420]락토오스/셀룰로오스/히드록시프로필메틸셀룰로오스/호호바에스터/아스코빌팔미테이트/울트라마린/토코페릴아세테이트/[M258744]유당수화물(미분화 SV003)/[M258745]유당수화물(미분화 SV010)/[M258746]유당수화물(미분화 ML006)/[M260153]유당수화물(100mesh)/[M260416]유당미결정셀룰로오스25/[M261390]서양승마58%에탄올연조엑스(건조엑스로서5~10→1)·유당혼합 건조물(1:1)/[M261547]유당·미결정셀룰로오스25/[M262995]서양승마58%에탄올연조엑스(건조엑스로서5∼10→1)·유당혼합건조물(1:1)/[M263383]유당수화물(SuperTab 11SD)/[M263532]레스트애로우근엑스(5∼8→1)·유당수화물혼합물(4:1)/[M040579]카페인(함수)/[M040580]무수카페인/[M090611]카페인/[M223183]카페인무수물/[M223184]카페인수화물/[M241017]무수물카페인/[M040616]말레인산클로르페니라민/[M050213]말레인산덱스클로르페니라민/[M051529]클로르페니라민/[M082701]디엘말레인산클로르페니라민/[M083325]디말레인산클로르페니라민/[M099959]말레인산클로로페니라민/[M100018]말레산클로르페니라민/[M100476]디말레인산클로르페니라민/[M101581]디엘말레인산클로르페니라민/[M200471]말레인산클로르페니라민제피과립/[M202197]D-말레인산클로르페니라민/[M202204]DL-말레인산클로르페니라민/[M203913]클로르페니라민말레인산염/[M212847]클로르페니라민말레이트/[M223211]클로르페니라민말레산염/[M223212]d-클로르페니라민말레산염/[M223213]클로르페니라민말레산염 산/[M223214]클로르페니라민말레산염 정/[M223215]클로르페니라민말레산염 주사액/[M226783]dl-클로르페니라민말레산염/[M249715]덱스클로르페니라민 말레산염/[M251936]덱스클로르페니라민말레이트/[M223258]티아민염산염/[M223262]티아민질산염/[M243282]티아민질산염3배산","[01140]해열.진통.소염제","","4,000밀리그램",20180831,"아세트아미노펜으로서 4,000mg/day(모든제형, 단일제.복합제 포함)","","정상"
3893,"용량주의","복합",D000147,Acetaminophen,"아세트아미노펜","[D001000]Licorice(감초)/[D000493]Guaifenesin(구아이페네신)/[D000200]Dextromethorphan(덱스트로메토르판)/[D001101]Riboflavin(리보플라빈)/[D000448]Pseudoephedrine(슈도에페드린)/[D001106]Ascorbic acid(아스코르브산)/[D001137]Ginseng Radix(인삼)/[D000852]Caffeine(카페인)/[D000893]Chlorpheniramine(클로르페니라민)/[D000998]Thiamine(티아민)","[M040353]아세트아미노펜/[M082309]아세트아미노펜제피세립/[M233006]아세트아미노펜 DC 500/600/[M246556]아세트아미노펜 (미분화)/[M262287]아세트아미노펜 과립/[A006000]감초/[M040006]감초/[M070009]감초가루/[M050058]구아이페네신/[M040084]브롬화수소산덱스트로메토르판/[M202983]덱스트로메토르판브롬화수소산염/[M222957]덱스트로메토르판브롬화수소산염수화물/[C040133]리보플라빈/[C040512]인산리보플라빈나트륨/[C050367]테트라부티르산리보플라빈/[C050368]인산리보플라빈/[C050369]리보플라빈-5-인산나트륨/[C081186]리보플라빈33 1/3%/[C082711]리보플라빈낙산에스텔/[C082719]리보플라빈331/3%산/[C083052]리보플라빈98%DC/[C083101]낙산리보플라빈/[C083163]리보플라빈98%/[C083404]리보플라빈33 1/3%과립/[C084424]염산리보플라빈나트륨/[C085688]직탁용리보플라빈98%/[C089984]리보플라빈인산나트륨/[C090982]리보플라빈산나트륨/[C091022]리보플라빈98%과립/[C091383]리보플라빈25%과립/[C092484]부티르산리보플라빈/[C100456]리보플라빈3배산/[C100480]인산리보플라빈나트륨이수화물/[C101969]리보플라빈E101/[C202525]리보플라빈/[C401176]리보플라빈/[C407713]소듐리보플라빈포스페이트/[C409503]리보플라빈테트라부티레이트/[C422825]리보플라빈/[C422826]리보플라빈테트라부티레이트/[C422827]리보플라빈테트라아세테이트/[C425375]소듐리보플라빈포스페이트/[I003529]리보플라빈/[I003530]리보플라빈포스페이트나트륨/[I006525]리보플라빈부티레이트/[I007430]인산리보플라빈/[I007658]인산리보플라빈나트륨이수화물/[I007907]리보플라빈산나트륨/[M040133]리보플라빈/[M040512]인산리보플라빈나트륨/[M050367]테트라부티르산리보플라빈/[M050368]인산리보플라빈/[M050369]리보플라빈-5-인산나트륨/[M081186]리보플라빈33 1/3%/[M082711]리보플라빈낙산에스텔/[M082719]리보플라빈33 1/3%산/[M083052]리보플라빈98%DC/[M083101]낙산리보플라빈/[M083163]리보플라빈98%/[M083404]리보플라빈33 1/3%과립/[M085688]직탁용리보플라빈98%/[M090982]리보플라빈산나트륨/[M091022]리보플라빈98%과립/[M091383]리보플라빈25%과립/[M092484]부티르산리보플라빈/[M100456]리보플라빈3배산/[M100480]인산리보플라빈나트륨이수화물/[M101969]리보플라빈E101/[M200421]리보플라빈33ㆍ3%/[M200422]리보플라빈33ㆍ3%과립/[M200423]리보플라빈33ㆍ3%산/[M203723]인산리보플라빈소듐/[M206124]조리보플라빈/[M216041]리보플라빈3배산(리보플라빈으로서 5밀리그램)/[M216399]리보플라빈 3배산(리보플라빈으로서 0.84밀리그램)/[M217503]리보플라빈인산에스텔나트륨/[M218021]안산리보플라빈나트륨/[M222995]리보플라빈부티레이트/[M222996]리보플라빈포스페이트나트륨/[M222997]리보플라빈포스페이트나트륨 주사액/[M232651]제피리보플라빈/[M249967]리보플라빈부틸레이트/[M249982]리보플라빈나트륨포스페이트/[M050833]염산슈도에페드린/[M081720]황산슈도에페드린/[M203364]슈도에페드린염산염/[M222865]수도에페드린염산염/[M248579]수도에페드린황산염/[M256034]수도에페드린염산염 과립/[M258826]수도에페드린/[C040354]아스코르빈산/[C050961]아스코르빈산철/[C080210]아스코르빈산나트륨/[C081017]아스코르빈산90%과립/[C081495]아스코르빈산펠렛/[C081615]아스코르빈산 제피과립/[C081679]아스코르빈산60%/[C081772]제피아스코르빈산TYPE-SC/[C081998]아스코르빈팔미틴산/[C082617]아스코르빈산제피산/[C082841]아스코르빈산98%과립/[C082845]제피형아스코르빈산96%/[C082850]직탁용아스코르빈산/[C082857]제피아스코르빈산/[C083022]아스코르빈산96%과립/[C083040]아스코르빈산97%과립/[C083727]아스코르빈산제피산98%DC/[C083984]아스코르빈산칼슘/[C084311]엘-아스코르빈산나트륨/[C084327]아스코르빈산과립/[C084388]아스코르빈산나트륨99%/[C084419]아스코르빈산98%/[C084433]아스코르빈산97ㆍ5%과립/[C084448]아스코르빈산97%/[C084495]아스코르빈산칼슘97%과립/[C084658]아스코르빈산96%/[C084927]제피형아스코르빈산96%Type SC/[C085686]직탁용아스코르빈산98%/[C085785]아스코르빈산스테아레이트/[C086801]제피아스코르빈산97ㆍ5%/[C087036]코팅된아스코르빈산/[C088252]아스코르빈산제제/[C089177]아스코르빈산96%SC/[C090019]90%아스코르빈산/[C091430]아스코르빈산유캡/[C094260]95%아스코르빈산/[C094676]3-O-에칠아스코르빈산/[C095118]제피아스코르빈산96%/[C095392]아스코르빌팔미테이트/[C095412]제피아스코르빈사96% Type SC/[C095426]제피아스코르빈산96%가루/[C095604]아스코르빈산90%/[C099084]아스코르빈산팔미테이트/[C099734]아스코르브산90%과립/[C099910]직타용아스코르빈산/[C100271]팔미틴산아스코르빈산/[C100420]엘-아스코르빈산/[C101135]90%아스코르빈산과립/[C102189]아스코르빅애씨드/[C312780]소듐아스코르베이트/[C312824]아스코르빌 테트라이소팔미테이트/[C317903]글루코사민아스코르베이트/[C318482]칼슘 아스코르베이트/[C320842]아스코르빅애씨드/[C400592]아스코르빌니코티네이트/[I000229]아스코르빈산칼슘/[I001468]아스코르빈산제일철/[I001971]마그네슘아스코르베이트/[I003752]아스코르빈산나트륨/[I004351]아스코르브산/[M040354]아스코르빈산/[M050961]아스코르빈산철/[M080210]아스코르빈산나트륨/[M081017]아스코르빈산90%과립/[M081495]아스코르빈산펠렛/[M081615]아스코르빈산제피과립/[M081679]아스코르빈산60%/[M081772]제피아스코르빈산TYPE-SC/[M081998]아스코르빈팔미틴산/[M082617]아스코르빈산제피산/[M082841]아스코르빈산98%과립/[M082845]제피아스코르빈산96%/[M082850]직타용아스코르빈산/[M082857]제피아스코르빈산/[M083022]아스코르빈산96%과립/[M083040]아스코르빈산97%과립/[M083727]아스코르빈산제피산98%DC/[M083960]제피아스코르빈산TYPE-SC/[M083984]아스코르빈산칼슘/[M084311]엘아스코르빈산나트륨/[M084327]아스코르빈산과립/[M084388]아스코르빈산나트륨99%/[M084419]아스코르빈산98%/[M084433]아스코르빈산97ㆍ5%과립/[M084448]아스코르빈산97%/[M084495]아스코르빈산칼슘97%과립/[M084658]아스코르빈산96%/[M084927]제피아스코르빈산96%Type SC/[M085686]직타용아스코르빈산98%/[M087036]제피아스코르빈산/[M088252]아스코르빈산/[M089177]아스코르빈산96%SC/[M090019]아스코르빈산90%/[M091430]아스코르빈산유캡/[M094260]아스코르빈산95%/[M095392]아스코르빌팔미테이트/[M095426]제피아스코르빈산96%가루/[M095604]아스코르빈산90%/[M099084]아스코르빈산팔미테이트/[M100271]팔미틴산아스코르빈산/[M100420]엘-아스코르빈산/[M103048]제피형아스코르빈산96%TypeSC/[M103617]팔미틴산아스코르빌/[M104937]아스코르빈산97%분말/[M105763]아스코르빈산제제/[M107308]제피아스코르빈산97.0%가루/[M107594]소듐엘아스코르베이트/[M201112]아스코르빈산제일철/[M201618]제피아스코르빈사96%TypeSC/[M201620]제피아스코르빈산가루/[M201622]제피아스코르빈산TYPEB/[M203450]아스코르브산/[M203451]아스코르브산소듐/[M203452]아스코르빈산소듐/[M207370]팔미틴산아스코르브산/[M207385]아스코르빈산 97(아스코르빈산으로서 600mg)/[M207533]아스코르빈산 97(아스코르빈산으로서 600㎎)/[M209224]직타용아스코르빈산97%/[M210040]제피아스코르빈산97%과립/[M210875]소듐L-아스코르베이트/[M211316]아스코르빈산 산/[M211364]제피형아스코르빈산96%/[M211402]직타용아스코르빈산 90%/[M212742]아스코르빈산과립 97%(아스코르빈산으로서 83.3밀리그램)/[M214926]제피아스코르빈산 Type SC/[M215692]아스코르빈산(비타민C)/[M216038]아스코르빈산과립97%(아스코르빈산으로서 75밀리그램)/[M216398]아스코르빈산과립97%(아스코르빈산으로서 83.34밀리그램)/[M220142]직타용아스코르빈산(97%)/[M220180]아스코르빈산 97/[M223105]아스코르브산 산/[M223106]아스코르브산 정/[M223107]아스코르브산 주사액/[M224238]아스코르브산97/[M225398]아스코르빈산 Type FC/[M226183]아스코르빈산과립97%/[M227509]아스코르브산97%과립/[M229451]아스코르빈산 90%과립/[M229497]제피아스코르빈산 96% Type SC/[M234001]아스코르브산과립97%/[M236177]아스코르브산 90%과립/[M236913]제피아스코르브산/[M236926]직타용아스코르브산/[M239246]L-아스코르빈산/[M239251]L-아스코르빈산나트륨/[M239556]제피아스코르브산96% Type SC/[M241223]아스코르브산90%과립/[M242242]제피아스코르빈산*/[M243471]엘-아스코르빈산나트륨/[M243491]아스코르브산 97/[M244591]엘-아스코르빈산나트륨/[M244678]아스코르브산 97/[M245849]제피아스코르브산에스씨/[M245878]아스코르브산팔미테이트/[M246161]직타용아스코르브산97%/[M246638]아스코르브산97%/[M246709]아스코르브산나트륨/[M246900]90%아스코르브산/[M248326]아스코르빌나트륨포스페이트/[M249820]아스코르브산96%과립/[M250406]아스코르브산과립/[M250800]제피아스코르브산 TYPE-SC/[M251500]제피아스코르브산96%가루/[M252473]아스코르브산칼슘/[M252874]아스코르브산나트륨/[M252882]L-아스코르브산/[M253028]아스코르브산칼슘수화물/[M254082]제피아스코르브산 Type SC/[M254227]제피형아스코르브산96%TypeSC/[M254749]아스코르브산95%과립/[M254848]90%아스코르브산과립/[M256156]아스코르브산과립96%/[M257558]제피아스코르브산96%/[M257734]아스코르브산 과립90%/[M258008]아스코르브산칼슘이수화물/[M258592]작타용아스코르브산 97 %/[M258994]아스코르브산/[M259386]L-아스코르브산나트륨/[M259573]L-아스코르브산/[M261728]아스코르브산97%(직타용)/[M263901]제피아스코르브산97%가루/[M264037]90%아스코르빈산/[M265896]제피아스코르브산97.5%가루/[C050584]인삼25%에탄올유동엑스/[C051292]인삼총사포닌/[C061119]인삼30%에탄올건조엑스/[C070029]건조인삼엑스/[C070042]고려인삼건조엑스/[C071030]인삼유동엑스/[C071033]인삼엑스/[C080835]인삼건조엑스/[C080884]인삼엑스ㆍG115/[C082665]고려인삼유동엑스/[C084441]인삼추출액/[C084884]인삼30%에탄올엑스/[C084901]인삼70%에탄올유동엑스/[C084962]인삼엑스산/[C085109]인삼50%에탄올엑스/[C085318]인삼70%에탄올건조엑스/[C085782]인삼묽은에탄올건조엑스(7:1)/[C086724]인삼35%에탄올건조엑스/[C088213]인삼50%에탄올유동엑스/[C088361]인삼류엑스/[C089977]인삼90%에탄올엑스/[C090113]인삼30%에탄올유동엑스/[C090137]인삼70%메탄올엑스/[C090803]인삼추출물/[C090854]인삼50%에탄올연조엑스/[C091784]인삼가루/[C091856]인삼70%에탄올엑스/[C092512]인삼15%에탄올엑스/[C097100]인삼근추출물/[C098674]인삼추출물/물/[C099966]인삼양영탕연조엑스/[C100019]인삼50%에탄올건조엑스/[C100862]인삼연조엑스(6ㆍ7→1)/[C200894]인삼수/[C200895]인삼추출물/[C405998]인삼가루/[C406000]인삼배양액 추출물/[C406001]인삼분열조직세포배양액/[C406002]인삼/[C406003]인삼수/[C406004]인삼싹추출물/[C406009]인삼추출물/[C428850]인삼/[C428851]인삼가루/[C428853]인삼배양액 추출물/[C428856]인삼세포배양추출물/[C428857]인삼수/[C428866]인삼추출물/[C438004]인삼형성층세포배양추출물/[C438005]인삼분열조직세포/[C438006]인삼분열조직세포추출물/[C438655]인삼싹추출물/[C438656]인삼분열조직세포배양물/[C438660]인삼잎/뿌리/줄기추출물/[C442019]인삼추출물(35)/[I001699]인삼/[I008730]인삼총사포닌/[M040213]인삼/[M050584]인삼25%에탄올유동엑스/[M051291]인삼/[M061119]인삼30%에탄올건조엑스/[M070029]건조인삼엑스/[M071030]인삼유동엑스/[M071033]인삼엑스/[M080417]인삼건조엑스-에이/[M080835]인삼건조엑스/[M080884]인삼엑스ㆍG115/[M082106]인삼유동엑스/[M082665]고려인삼유동엑스/[M082761]인삼가루/[M082773]인삼건조엑스/[M084441]인삼추출액/[M084631]인삼묽은에탄올엑스/[M084800]인삼50%에탄올추출액/[M084809]인삼30%에탄올엑스/[M084814]인삼70%에탄올유동엑스/[M084884]인삼30%에탄올엑스/[M085109]인삼50%에탄올엑스/[M085287]인삼35%에탄올유동엑스/[M085318]인삼70%에탄올건조엑스/[M085334]인삼40%에탄올유동엑스/[M085782]인삼묽은에탄올건조엑스(7:1)/[M086540]인삼70%에탄올건조엑스/[M086724]인삼35%에탄올건조엑스/[M088361]인삼류엑스/[M089262]인삼연조엑스-A/[M089783]인삼90%에탄올엑스/[M089977]인삼90%에탄올엑스/[M090113]인삼30%에탄올유동엑스/[M090137]인삼70%메탄올엑스/[M091856]인삼70%에탄올엑스/[M092070]인삼패독산엑스/[M092512]인삼15%에탄올엑스/[M092892]인삼엑스G115/[M095307]인삼에탄올엑스/[M100019]인삼50%에탄올건조엑스/[M100862]인삼연조엑스(6ㆍ7→1)/[M102340]인삼건조엑스(2ㆍ94→1)/[M103357]인삼건조엑스(6ㆍ7→1)/[M103441]인삼30%에탄올엑스(6ㆍ7→1)/[M103522]인삼30%에탄올엑스산(1ㆍ2→1)/[M103858]인삼70%에탄올건조엑스(14.5→1)/[M105460]인삼건조엑스(14.5→1)/[M105557]인삼70%에탄올유동엑스(3→1)/[M105602]인삼50%에탄올엑스(6.7:1)/[M106440]건인삼/[M106441]생인삼/[M106646]인삼30%에탄올엑스(14.99:1)/[M201506]인삼묽은엑스/[M201507]인삼엑스가루/[M206628]인삼70%에탄올연조엑스(2.5→1)/[M209618]인삼추출물/[M211705]인삼70%에탄올연조엑스(2.5->1)/[M211843]인삼엑기스/[M213221]인삼건조엑스(2→1)/[M220312]인삼건조엑스(6.7→1)/[M225655]인삼35%에탄올건조엑스(14.9→1)/[M242098]인삼80%에탄올건조엑스(5→1)/[M245267]인삼 30% 에탄올연조엑스(7→1)/[M245625]인삼40%에탄올엑스/[M246368]인삼건조엑스(6.7->1)/[M249553]인삼50%에탄올연조엑스(2.2→1)/[M252511]인삼묽은에탄올엑스(10→1.5)/[M256216]인삼총사포닌/[M257951]인삼에탄올건조엑스(14.5→1)/[M262144]인삼35%에탄올건조엑스(14.9->1)/[M262516]인삼연조엑스/[M262520]인삼연조엑스(3.3~4.9→1)
/[M262526]인삼연조엑스
(3.3~4.9→1)
/[M262714]인삼연조엑스(3.3∼4.9→1)/[M262725]인삼연조엑스(2.2~2.7→1)
/[M268394]인삼엑스산 등/[M268617]인삼뿌리추출물/[M040579]카페인(함수)/[M040580]무수카페인/[M090611]카페인/[M223183]카페인무수물/[M223184]카페인수화물/[M241017]무수물카페인/[M040616]말레인산클로르페니라민/[M050213]말레인산덱스클로르페니라민/[M051529]클로르페니라민/[M082701]디엘말레인산클로르페니라민/[M083325]디말레인산클로르페니라민/[M099959]말레인산클로로페니라민/[M100018]말레산클로르페니라민/[M100476]디말레인산클로르페니라민/[M101581]디엘말레인산클로르페니라민/[M200471]말레인산클로르페니라민제피과립/[M202197]D-말레인산클로르페니라민/[M202204]DL-말레인산클로르페니라민/[M203913]클로르페니라민말레인산염/[M212847]클로르페니라민말레이트/[M223211]클로르페니라민말레산염/[M223212]d-클로르페니라민말레산염/[M223213]클로르페니라민말레산염 산/[M223214]클로르페니라민말레산염 정/[M223215]클로르페니라민말레산염 주사액/[M226783]dl-클로르페니라민말레산염/[M249715]덱스클로르페니라민 말레산염/[M251936]덱스클로르페니라민말레이트/[M223258]티아민염산염/[M223262]티아민질산염/[M243282]티아민질산염3배산","[01140]해열.진통.소염제","","4,000밀리그램",20180831,"아세트아미노펜으로서 4,000mg/day(모든제형, 단일제.복합제 포함)","","정상"
3720,"용량주의","복합",D000147,Acetaminophen,"아세트아미노펜","[D000493]Guaifenesin(구아이페네신)/[D001098]Noscapine(노스카핀)/[D000200]Dextromethorphan(덱스트로메토르판)/[D001116]Methylephedrine(메틸에페드린)","[M040353]아세트아미노펜/[M082309]아세트아미노펜제피세립/[M233006]아세트아미노펜 DC 500/600/[M246556]아세트아미노펜 (미분화)/[M262287]아세트아미노펜 과립/[M050058]구아이페네신/[C040059]노스카핀/[C040060]염산노스카핀/[I002629]노스카핀/[I002630]노스카핀캄실레이트/[I002631]노스카핀염산염수화물/[M040059]노스카핀/[M040060]염산노스카핀/[M222947]노스카핀염산염수화물/[M223470]노스카핀염산염수화물/[M245380]노스카핀염산염/[M040084]브롬화수소산덱스트로메토르판/[M202983]덱스트로메토르판브롬화수소산염/[M222957]덱스트로메토르판브롬화수소산염수화물/[A006116]메틸에페드린/[I006391]dl-메틸에페드린염산염/[M204422]dl-메틸에페드린염산염/[M223022]dl-메틸에페드린염산염 산 10%/[M235519]디엘메틸에페드린염산염/[M240608]dI-메틸에페드린염산염/[M240859]디엘-메틸에페드린염산염/[M252389]㎗-메틸에페드린염산염/[M264046]DL-메틸에페드린염산염","[01140]해열.진통.소염제","","4,000밀리그램",20180831,"아세트아미노펜으로서 4,000mg/day(모든제형, 단일제.복합제 포함)","","정상"
3721,"용량주의","복합",D000147,Acetaminophen,"아세트아미노펜","[D000493]Guaifenesin(구아이페네신)/[D001098]Noscapine(노스카핀)/[D000200]Dextromethorphan(덱스트로메토르판)/[D000893]Chlorpheniramine(클로르페니라민)","[M040353]아세트아미노펜/[M082309]아세트아미노펜제피세립/[M233006]아세트아미노펜 DC 500/600/[M246556]아세트아미노펜 (미분화)/[M262287]아세트아미노펜 과립/[M050058]구아이페네신/[C040059]노스카핀/[C040060]염산노스카핀/[I002629]노스카핀/[I002630]노스카핀캄실레이트/[I002631]노스카핀염산염수화물/[M040059]노스카핀/[M040060]염산노스카핀/[M222947]노스카핀염산염수화물/[M223470]노스카핀염산염수화물/[M245380]노스카핀염산염/[M040084]브롬화수소산덱스트로메토르판/[M202983]덱스트로메토르판브롬화수소산염/[M222957]덱스트로메토르판브롬화수소산염수화물/[M040616]말레인산클로르페니라민/[M050213]말레인산덱스클로르페니라민/[M051529]클로르페니라민/[M082701]디엘말레인산클로르페니라민/[M083325]디말레인산클로르페니라민/[M099959]말레인산클로로페니라민/[M100018]말레산클로르페니라민/[M100476]디말레인산클로르페니라민/[M101581]디엘말레인산클로르페니라민/[M200471]말레인산클로르페니라민제피과립/[M202197]D-말레인산클로르페니라민/[M202204]DL-말레인산클로르페니라민/[M203913]클로르페니라민말레인산염/[M212847]클로르페니라민말레이트/[M223211]클로르페니라민말레산염/[M223212]d-클로르페니라민말레산염/[M223213]클로르페니라민말레산염 산/[M223214]클로르페니라민말레산염 정/[M223215]클로르페니라민말레산염 주사액/[M226783]dl-클로르페니라민말레산염/[M249715]덱스클로르페니라민 말레산염/[M251936]덱스클로르페니라민말레이트","[01140]해열.진통.소염제","","4,000밀리그램",20180831,"아세트아미노펜으로서 4,000mg/day(모든제형, 단일제.복합제 포함)","","정상"
3722,"용량주의","복합",D000147,Acetaminophen,"아세트아미노펜","[D000493]Guaifenesin(구아이페네신)/[D001098]Noscapine(노스카핀)/[D000200]Dextromethorphan(덱스트로메토르판)/[D000826]Triprolidine(트리프롤리딘)","[M040353]아세트아미노펜/[M082309]아세트아미노펜제피세립/[M233006]아세트아미노펜 DC 500/600/[M246556]아세트아미노펜 (미분화)/[M262287]아세트아미노펜 과립/[M050058]구아이페네신/[C040059]노스카핀/[C040060]염산노스카핀/[I002629]노스카핀/[I002630]노스카핀캄실레이트/[I002631]노스카핀염산염수화물/[M040059]노스카핀/[M040060]염산노스카핀/[M222947]노스카핀염산염수화물/[M223470]노스카핀염산염수화물/[M245380]노스카핀염산염/[M040084]브롬화수소산덱스트로메토르판/[M202983]덱스트로메토르판브롬화수소산염/[M222957]덱스트로메토르판브롬화수소산염수화물/[M051642]염산트리프롤리딘/[M241782]트리프롤리딘염산염/[M243192]트리프롤리딘염산염/[M243987]트리프롤리딘염산염/[M244139]트리프롤리딘염산염/[M246366]트리프로리딘염산염/[M250460]트리프롤리딘염산염수화물","[01140]해열.진통.소염제","","4,000밀리그램",20180831,"아세트아미노펜으로서 4,000mg/day(모든제형, 단일제.복합제 포함)","","정상"
3894,"용량주의","복합",D000147,Acetaminophen,"아세트아미노펜","[D001000]Licorice(감초)/[D001121]Dried Ginger(건강)/[D001133]Ephedrae Herb(마황)/[D001136]Pinelliae Tuber(반하)/[D001139]Asiasari Radix et Rhizoma(세신)/[D001104]Sochoengryoung-tang(소청룡탕)/[D001140]Schisandra Fruit(오미자)/[D001123]Cinnamomum cassia Blume(육계)/[D001119]Peony Root(작약)/[D000852]Caffeine(카페인)/[D000893]Chlorpheniramine(클로르페니라민)","[M040353]아세트아미노펜/[M082309]아세트아미노펜제피세립/[M233006]아세트아미노펜 DC 500/600/[M246556]아세트아미노펜 (미분화)/[M262287]아세트아미노펜 과립/[A006000]감초/[M040006]감초/[M070009]감초가루/[C040007]건강/[C070022]건강조말/[C070030]건강틴크/[C082104]건강유동엑스/[C082517]건강가루/[C083050]건강엑스/[C084830]건강70%에탄올유동엑스/[C085146]건강70%에탄올틴크/[C085483]건강30%에탄올유동엑스/[C089572]건강엑스산/[C091939]건강연조엑스/[C093695]건강묽은에탄올틴크/[C096526]건강건조엑스/[C101460]건강70%에탄올틴크(1→5)/[I001696]건강/[M040007]건강/[M070030]건강틴크/[M082104]건강유동엑스/[M082517]건강가루/[M083050]건강엑스/[M085146]건강70%에탄올틴크/[M085483]건강30%에탄올유동엑스/[M091939]건강연조엑스/[M093373]포건강/[M093695]건강묽은에탄올틴크/[M095865]건강엑스가루/[M101460]건강70%에탄올틴크(1→5)/[M103252]건강건조엑스(5ㆍ6→1)/[M104354]건강틴크(1→5)/[M227892]건강70%에탄올틴크(1->5)/[M239738]건강건조엑스/[M246445]건강초탄/[M249865]건강틴크
(1→5)/[M250885]건강건조엑스(5.6→1)/[M251645]건강초탄/[M254336]건강초탄/[M260577]건강초탄/[M261229]건강연조엑스(1.5∼1.8→1)
/[M262503]건강연조엑스(1.5~1.8→1)/[M262727]건강연조엑스(2.2~2.7→1)
/[M264378]건강연조엑스(1.7~2.0→1)/[M264508]건강연조엑스(3.23→1)/[M266087]건강건조엑스(6.5~7.9→1)/[M266876]건강연조엑스(2.9~3.6→1)/[M267309]건강연조엑스(1.6~2.0→1)/[C040135]마황/[C080619]마황탕수침건조엑스/[C088524]마황수침건조엑스/[C089573]마황엑스산/[C091941]마황엑스/[C095063]마황탕연조엑스/[C095449]마황가루/[C102054]마황근/[C102097]마황추출물/[C202560]마황추출물/[C423024]마황뿌리추출물/[I001223]마황/[I008197]마황근/[M040135]마황/[M088524]마황수침건조엑스/[M089573]마황엑스산/[M091941]마황엑스/[M095063]마황탕연조엑스/[M095449]마황가루/[M102054]마황근/[M200464]마황엑스가루/[M261223]마황연조엑스(2.2∼2.7→1)
/[M261691]마황탕엑스/[M262497]마황연조엑스(2.2~2.7→1)/[M264308]마황연조엑스(4.35->1)/[M264372]마황연조엑스(3.4~4.2→1)/[M264504]마황연조엑스(4.35→1)/[M266357]마황연조엑스(2.3∼2.9→1)/[M266873]마황연조엑스(3.7~5.0→1)/[M267305]마황연조엑스(2.8~3.4→1)/[M268323]마황연조엑스(3.8∼5.1→1)/[C040202]반하/[C085292]반하제/[C088555]반하가루/[C089568]반하엑스산/[C095269]반하곡/[C097468]반하추출물/[C404222]반하뿌리추출물/[C423750]반하뿌리추출물/[I006469]반하/[M040202]반하/[M085292]반하제/[M088555]반하가루/[M089568]반하엑스산/[M106444]반하분/[M200651]반하엑스가루/[M261234]반하연조엑스(1.8∼2.2→1)
/[M262508]반하연조엑스(1.8~2.2→1)/[M262708]반하건조엑스(5.9~7.3→1)
/[M263878]반하연조엑스(2.5∼3.4→1)/[M264383]반하연조엑스(2.0~2.4→1)/[M264501]반하연조엑스(0.72→1)/[M266234]반하건조엑스(5.9~7.3→1)/[M266486]반하건조엑스(5.8~7.1)→1/[M266588]반하연조엑스(0.6~0.8→1)/[M267314]반하연조엑스(1.9~2.3→1)/[M268061] 반하연조엑스(0.7~0.8→1)/[M268073]반하연조엑스(0.7~0.8→1)/[C040293]세신/[C089608]세신엑스산/[C092777]세신연조엑스/[C094083]세신추출물/[I004348]세신/[M040293]세신/[M089608]세신엑스산/[M200871]세신엑스가루/[M222755]세신추출물/[M246877]세신추출액/[M260237]세신엑스/[M264506]세신연조엑스(3.85→1)/[M265870]세신연조엑스(4.7~5.8→1)/[M266360]세신연조엑스(1.8∼2.3→1)/[M266603]세신연조엑스(3.5~4.2→1)/[M267398]세신연조엑스(3.6 ~4.4→1)/[C040140]소청룡탕건조엑스/[C080611]소청룡탕유동엑스/[C083503]소청룡탕엑스분말/[C086635]소청룡탕연조엑스/[C091418]소청룡탕물연조엑스/[C101353]소청룡탕엑스(13 →1)/[M040140]소청룡탕건조엑스/[M080611]소청룡탕유동엑스/[M083503]소청룡탕엑스분말/[M086635]소청룡탕연조엑스/[M091418]소청룡탕물연조엑스/[M101353]소청룡탕엑스(13 →1)/[M102718]소청룡탕건조엑스(13→1)/[M103669]소청룡탕연조엑스(6.3→1)/[M104005]소청룡탕엑스/[M104399]소청룡탕건조엑스(4.4:1)/[M104719]소청룡탕건조엑스(7.69→1)/[M104745]소청룡탕건조엑스(9.00→1)/[M104829]소청룡탕건조엑스(7.30→1)/[M105817]소청룡탕엑스분말(8.4→1)/[M107273]소청룡탕건조엑스(10→1)/[M201011]소청룡탕엑스가루/[M207025]소청룡탕건조엑스(13:1)/[M229051]소청룡탕 연조엑스(3.57→1)/[M240280]소청룡탕건조엑스(9.47:1)/[M252443]소청룡탕연조엑스[2.77→1]/[M260766]소청룡탕연조엑스(1.67→1)/[M261813]소청룡탕연조엑스(6.3→1)/[M261859]소청룡탕건조엑스(6.0→1)/[C040445]오미자/[C084387]오미자유동엑스/[C084500]오미자추출액/[C084894]오미자10%에탄올유동엑스/[C086761]오미자연조엑스/[C089619]오미자엑스산/[C101335]오미자건조엑스(5ㆍ6->1)/[C321880]오미자추출물/[C408100]오미자/[C408101]오미자가루/[C408102]오미자추출물/[C428169]오미자/[C428170]오미자가루/[C428172]오미자추출물/[I006546]오미자/[M040445]오미자/[M084387]오미자유동엑스/[M084500]오미자추출액/[M084894]오미자10%에탄올유동엑스/[M086761]오미자연조엑스/[M089619]오미자엑스산/[M101335]오미자건조엑스(5ㆍ6->1)/[M201349]오미자엑스가루/[M214412]오미자추출물/[M262807]오미자연조엑스(1.8~2.2→
1)/[M264505]오미자연조엑스(4→1)/[M265868]오미자연조엑스(2.5~3.1→1)/[M266358]오미자연조엑스(1.4∼1.8→1)/[M266874]오미자연조엑스(3.6~4.4→1)/[M267399]오미자연조엑스(2.3~2.9→1)/[C050036]육계/[C089617]육계엑스산/[C401739]육계추출물/[C401743]육계잎추출물/[C402601]육계/[C402602]육계껍질/정향싹/로즈마리잎/불가리스백리향잎수/[C428728]육계/[C428729]육계/정향싹/로즈마리잎/타임잎수/[C428730]육계/정향싹/로즈마리잎/타임잎오일/[C428731]육계껍질/탱자열매/삼백초잎/뿌리/도둑놈의지팡이뿌리추출물/[C428733]육계잎추출물/[C428734]육계전초오일/[C428735]육계전초추출물/[C428736]육계껍질추출물/[C434092]하이드롤라이즈드육계추출물/[C438444]육계껍질수/[C438521](육계껍질/요엽후박)나무껍질/(고량강/참당귀)뿌리추출물/[I000485]육계/[I008329]육계/[I012425]육계·아선약·소두구·고추 연조엑스(5→1)/[M050036]육계/[M089617]육계엑스산/[M106290]육계(모계)/[M201470]육계엑스가루/[M227893]육계70%에탄올틴크(1->5)/[M232832]육계건조엑스/[M234405]육계가루/[M239186]육계엑스(22->1)/[M240817]육계70%에탄올틴크(1→5)/[M244658]육계틴크(1→5)/[M245879]육계건조엑스(31.25->1)/[M246170]육계연조엑스/[M251943]육계추출물/[M252166]육계유/[M252345]육계유동엑스/[M252650]육계·아선약·소두구·고추 연조엑스(5→1)/[M253194]육계엑스(22→1)/[M254384]육계·아선약·소두구·고추 연조엑스(5->1)/[M258809]육계엑스/[M259064]육계30%에탄올유동엑스/[M261235]육계연조엑스(7.9∼9.6→1)
/[M262509]육계연조엑스(7.9~9.6→1)/[M264213]육계/당귀/작약/숙지황/천궁/황기 혼합추출물/[M264384]육계연조엑스(8.8~10.8→1)/[M264645]육계연조엑스(8.3→1)/[M266305]육계건조엑스(20~35→1)/[M266529]육계건조엑스(22→1)/[M267315]육계연조엑스(8.4~10.2→1)/[M267418]육계연조엑스(6.7~10→1) /[C040523]작약/[C051307]백작약/[C051308]적작약/[C071158]작약엑스/[C082518]작약가루/[C085611]백작약초/[C088975]백작약가루/[C089531]백작약엑스산(패오니플로린으로서 133ㆍ2밀리그람)/[C089542]백작약엑스산/[C090093]작약엑스산/[C090789]작약초/[C092727]백작약연조엑스/[C093837]작약건조엑스/[C096770]작약추출물/[C312372]작약추출물/[C313826]백작약추출물/[C320059]참작약/[C402274]작약전초추출물/[C402275]작약뿌리추출물/[C404274]작약뿌리수/[C404275]작약뿌리가루/[C406079]작약가루/[C406080]작약껍질/수액추출물/[C406081]작약꽃추출물/[C406082]작약추출물/[C429024]작약꽃추출물/[C429025]작약나무껍질/수액추출물/[C429026]작약뿌리/[C429027]작약뿌리가루/[C429028]작약뿌리수/[C429029]작약뿌리추출물/[C429030]작약잎세포추출물/[C429031]작약추출물/[I006447]작약/[M040523]작약/[M051307]백작약/[M051308]적작약/[M071158]작약엑스/[M082518]작약가루/[M085611]백작약초/[M088975]백작약가루/[M090093]작약엑스산/[M090789]작약초/[M093837]작약건조엑스/[M103890]작약건조엑스(5.88→1)/[M201554]작약엑스가루/[M212494]백작약엑스 (5.9→1)/[M214365]작약추출물/[M241192]작약엑스(5.9->1)/[M243283]작약엑스(5.9->1)/[M245904]작약엑스 (5.9→1)/[M246879]작약추출액/[M261230]작약연조엑스(3.3∼4.0→1)
/[M262504]작약연조엑스(3.3~4.0→1)/[M263913]작약연조엑스(2.3∼3.2→1)/[M264309]작약연조엑스(3.03->1)/[M264379]작약연조엑스(2.4~3.0→1)/[M264643]작약연조엑스(3.03→1)/[M266482]작약연조엑스(2.8∼3.4→1)/[M266487]작약연조엑스(2.7~3.3→1)/[M266950]작약연조엑스(2.8∼3.4→1)/[M267310]작약연조엑스(2.9~3.5→1)/[M268068]작약연조엑스(2.8~3.4→1)/[M268187]작약연조엑스(2.8~3.4→1)/[M040579]카페인(함수)/[M040580]무수카페인/[M090611]카페인/[M223183]카페인무수물/[M223184]카페인수화물/[M241017]무수물카페인/[M040616]말레인산클로르페니라민/[M050213]말레인산덱스클로르페니라민/[M051529]클로르페니라민/[M082701]디엘말레인산클로르페니라민/[M083325]디말레인산클로르페니라민/[M099959]말레인산클로로페니라민/[M100018]말레산클로르페니라민/[M100476]디말레인산클로르페니라민/[M101581]디엘말레인산클로르페니라민/[M200471]말레인산클로르페니라민제피과립/[M202197]D-말레인산클로르페니라민/[M202204]DL-말레인산클로르페니라민/[M203913]클로르페니라민말레인산염/[M212847]클로르페니라민말레이트/[M223211]클로르페니라민말레산염/[M223212]d-클로르페니라민말레산염/[M223213]클로르페니라민말레산염 산/[M223214]클로르페니라민말레산염 정/[M223215]클로르페니라민말레산염 주사액/[M226783]dl-클로르페니라민말레산염/[M249715]덱스클로르페니라민 말레산염/[M251936]덱스클로르페니라민말레이트","[01140]해열.진통.소염제","","4,000밀리그램",20180831,"아세트아미노펜으로서 4,000mg/day(모든제형, 단일제.복합제 포함)","","정상"
3895,"용량주의","복합",D000147,Acetaminophen,"아세트아미노펜","[D001000]Licorice(감초)/[D001122]Jujube(대추)/[D001136]Pinelliae Tuber(반하)/[D001145]Ginger Root(생강)/[D001146]Bupleurum Root(시호)/[D001106]Ascorbic acid(아스코르브산)/[D001137]Ginseng Radix(인삼)/[D000852]Caffeine(카페인)/[D000893]Chlorpheniramine(클로르페니라민)/[D000933]Tipepidine(티페피딘)/[D001147]Scutellaria Root(황금)","[M040353]아세트아미노펜/[M082309]아세트아미노펜제피세립/[M233006]아세트아미노펜 DC 500/600/[M246556]아세트아미노펜 (미분화)/[M262287]아세트아미노펜 과립/[A006000]감초/[M040006]감초/[M070009]감초가루/[C040071]대추/[I006323]대추/[M040071]대추/[M262512]대추연조엑스(1.5∼1.9→1)/[M266238]대추건조엑스(2.5~3.1→1)/[M266249]대추연조엑스(1.2~1.4→1)/[C040202]반하/[C085292]반하제/[C088555]반하가루/[C089568]반하엑스산/[C095269]반하곡/[C097468]반하추출물/[C404222]반하뿌리추출물/[C423750]반하뿌리추출물/[I006469]반하/[M040202]반하/[M085292]반하제/[M088555]반하가루/[M089568]반하엑스산/[M106444]반하분/[M200651]반하엑스가루/[M261234]반하연조엑스(1.8∼2.2→1)
/[M262508]반하연조엑스(1.8~2.2→1)/[M262708]반하건조엑스(5.9~7.3→1)
/[M263878]반하연조엑스(2.5∼3.4→1)/[M264383]반하연조엑스(2.0~2.4→1)/[M264501]반하연조엑스(0.72→1)/[M266234]반하건조엑스(5.9~7.3→1)/[M266486]반하건조엑스(5.8~7.1)→1/[M266588]반하연조엑스(0.6~0.8→1)/[M267314]반하연조엑스(1.9~2.3→1)/[M268061] 반하연조엑스(0.7~0.8→1)/[M268073]반하연조엑스(0.7~0.8→1)/[C050752]생강/[C081964]생강유동엑스/[C084851]생강30%에탄올유동엑스/[C085640]생강에센스45127/[C086601]생강가루/[C086628]생강엑스/[C088359]생강추출액/[C089512]생강엑스산/[C090544]생강엣센스G-980/[C093506]생강건조엑스/[C097101]생강추출물/[C409874]생강/[C409875]생강가루/[C409876]생강수/[C409878]생강추출물/[C424771]생강/[C424772]생강가루/[C424774]생강뿌리줄기추출물/[C424775]생강뿌리즙/[C424776]생강수/[C424780]생강추출물/[M081964]생강유동엑스/[M084851]생강30%에탄올유동엑스/[M086601]생강가루/[M086628]생강엑스/[M088359]생강추출액/[M089512]생강엑스산/[M093506]생강건조엑스/[M203285]생강에센스G-980/[M220129]생강즙/[M239320]생강30%에탄올유동엑스(1->1)/[M246157]생강추출물/[M246171]생강연조엑스/[M261237]생강연조엑스(12.3∼15.0→1)
/[M262511]생강연조엑스(12.3~15.0→1)/[M262711]생강건조엑스(26.0~31.7→1)
/[M262729]생강연조엑스(6.5~8.0→1)
/[M263880]생강연조엑스(4.8∼7.3→1)/[M264386]생강연조엑스(7.5~9.2→1)/[M264516]생강연조엑스(5.88→1)/[M266239]생강건조엑스(26.0~31.7→1)/[M266248]생강연조엑스(6.1~7.4→1)/[M266594]생강연조엑스(5.0~6.8→1)/[M267317]생강연조엑스(10.0~12.2→1)/[M268065]생강연조엑스(5.1~6.9→1)/[C040336]시호/[C085643]시호가루/[C089450]시호연조엑스/[C405129]시호추출물/[C426475]시호뿌리추출물/[I006111]시호/[I012709]시호연조엑스(2.4∼3.2→1)
/[M040336]시호/[M085643]시호가루/[M089450]시호연조엑스/[M089498]시호엑스산/[M094078]소시호탕연조엑스/[M104747]소시호탕연조엑스(3.6→1)/[M201067]시호건조엑스/[M201068]시호엑스가루/[M262519]시호연조엑스(2.4∼3.2→1)
/[M262525]시호연조엑스(2.4~3.2→1)
/[M262720]시호연조엑스(2.4∼3.2→1)/[M266245]시호연조엑스(4.5~5.6→1)/[M266614]시호연조엑스(3.6~4.4→1)/[M267548]시호연조엑스(5.3∼6.5→1)/[M268277]시호연조엑스(3.1~3.7→1)/[C040354]아스코르빈산/[C050961]아스코르빈산철/[C080210]아스코르빈산나트륨/[C081017]아스코르빈산90%과립/[C081495]아스코르빈산펠렛/[C081615]아스코르빈산 제피과립/[C081679]아스코르빈산60%/[C081772]제피아스코르빈산TYPE-SC/[C081998]아스코르빈팔미틴산/[C082617]아스코르빈산제피산/[C082841]아스코르빈산98%과립/[C082845]제피형아스코르빈산96%/[C082850]직탁용아스코르빈산/[C082857]제피아스코르빈산/[C083022]아스코르빈산96%과립/[C083040]아스코르빈산97%과립/[C083727]아스코르빈산제피산98%DC/[C083984]아스코르빈산칼슘/[C084311]엘-아스코르빈산나트륨/[C084327]아스코르빈산과립/[C084388]아스코르빈산나트륨99%/[C084419]아스코르빈산98%/[C084433]아스코르빈산97ㆍ5%과립/[C084448]아스코르빈산97%/[C084495]아스코르빈산칼슘97%과립/[C084658]아스코르빈산96%/[C084927]제피형아스코르빈산96%Type SC/[C085686]직탁용아스코르빈산98%/[C085785]아스코르빈산스테아레이트/[C086801]제피아스코르빈산97ㆍ5%/[C087036]코팅된아스코르빈산/[C088252]아스코르빈산제제/[C089177]아스코르빈산96%SC/[C090019]90%아스코르빈산/[C091430]아스코르빈산유캡/[C094260]95%아스코르빈산/[C094676]3-O-에칠아스코르빈산/[C095118]제피아스코르빈산96%/[C095392]아스코르빌팔미테이트/[C095412]제피아스코르빈사96% Type SC/[C095426]제피아스코르빈산96%가루/[C095604]아스코르빈산90%/[C099084]아스코르빈산팔미테이트/[C099734]아스코르브산90%과립/[C099910]직타용아스코르빈산/[C100271]팔미틴산아스코르빈산/[C100420]엘-아스코르빈산/[C101135]90%아스코르빈산과립/[C102189]아스코르빅애씨드/[C312780]소듐아스코르베이트/[C312824]아스코르빌 테트라이소팔미테이트/[C317903]글루코사민아스코르베이트/[C318482]칼슘 아스코르베이트/[C320842]아스코르빅애씨드/[C400592]아스코르빌니코티네이트/[I000229]아스코르빈산칼슘/[I001468]아스코르빈산제일철/[I001971]마그네슘아스코르베이트/[I003752]아스코르빈산나트륨/[I004351]아스코르브산/[M040354]아스코르빈산/[M050961]아스코르빈산철/[M080210]아스코르빈산나트륨/[M081017]아스코르빈산90%과립/[M081495]아스코르빈산펠렛/[M081615]아스코르빈산제피과립/[M081679]아스코르빈산60%/[M081772]제피아스코르빈산TYPE-SC/[M081998]아스코르빈팔미틴산/[M082617]아스코르빈산제피산/[M082841]아스코르빈산98%과립/[M082845]제피아스코르빈산96%/[M082850]직타용아스코르빈산/[M082857]제피아스코르빈산/[M083022]아스코르빈산96%과립/[M083040]아스코르빈산97%과립/[M083727]아스코르빈산제피산98%DC/[M083960]제피아스코르빈산TYPE-SC/[M083984]아스코르빈산칼슘/[M084311]엘아스코르빈산나트륨/[M084327]아스코르빈산과립/[M084388]아스코르빈산나트륨99%/[M084419]아스코르빈산98%/[M084433]아스코르빈산97ㆍ5%과립/[M084448]아스코르빈산97%/[M084495]아스코르빈산칼슘97%과립/[M084658]아스코르빈산96%/[M084927]제피아스코르빈산96%Type SC/[M085686]직타용아스코르빈산98%/[M087036]제피아스코르빈산/[M088252]아스코르빈산/[M089177]아스코르빈산96%SC/[M090019]아스코르빈산90%/[M091430]아스코르빈산유캡/[M094260]아스코르빈산95%/[M095392]아스코르빌팔미테이트/[M095426]제피아스코르빈산96%가루/[M095604]아스코르빈산90%/[M099084]아스코르빈산팔미테이트/[M100271]팔미틴산아스코르빈산/[M100420]엘-아스코르빈산/[M103048]제피형아스코르빈산96%TypeSC/[M103617]팔미틴산아스코르빌/[M104937]아스코르빈산97%분말/[M105763]아스코르빈산제제/[M107308]제피아스코르빈산97.0%가루/[M107594]소듐엘아스코르베이트/[M201112]아스코르빈산제일철/[M201618]제피아스코르빈사96%TypeSC/[M201620]제피아스코르빈산가루/[M201622]제피아스코르빈산TYPEB/[M203450]아스코르브산/[M203451]아스코르브산소듐/[M203452]아스코르빈산소듐/[M207370]팔미틴산아스코르브산/[M207385]아스코르빈산 97(아스코르빈산으로서 600mg)/[M207533]아스코르빈산 97(아스코르빈산으로서 600㎎)/[M209224]직타용아스코르빈산97%/[M210040]제피아스코르빈산97%과립/[M210875]소듐L-아스코르베이트/[M211316]아스코르빈산 산/[M211364]제피형아스코르빈산96%/[M211402]직타용아스코르빈산 90%/[M212742]아스코르빈산과립 97%(아스코르빈산으로서 83.3밀리그램)/[M214926]제피아스코르빈산 Type SC/[M215692]아스코르빈산(비타민C)/[M216038]아스코르빈산과립97%(아스코르빈산으로서 75밀리그램)/[M216398]아스코르빈산과립97%(아스코르빈산으로서 83.34밀리그램)/[M220142]직타용아스코르빈산(97%)/[M220180]아스코르빈산 97/[M223105]아스코르브산 산/[M223106]아스코르브산 정/[M223107]아스코르브산 주사액/[M224238]아스코르브산97/[M225398]아스코르빈산 Type FC/[M226183]아스코르빈산과립97%/[M227509]아스코르브산97%과립/[M229451]아스코르빈산 90%과립/[M229497]제피아스코르빈산 96% Type SC/[M234001]아스코르브산과립97%/[M236177]아스코르브산 90%과립/[M236913]제피아스코르브산/[M236926]직타용아스코르브산/[M239246]L-아스코르빈산/[M239251]L-아스코르빈산나트륨/[M239556]제피아스코르브산96% Type SC/[M241223]아스코르브산90%과립/[M242242]제피아스코르빈산*/[M243471]엘-아스코르빈산나트륨/[M243491]아스코르브산 97/[M244591]엘-아스코르빈산나트륨/[M244678]아스코르브산 97/[M245849]제피아스코르브산에스씨/[M245878]아스코르브산팔미테이트/[M246161]직타용아스코르브산97%/[M246638]아스코르브산97%/[M246709]아스코르브산나트륨/[M246900]90%아스코르브산/[M248326]아스코르빌나트륨포스페이트/[M249820]아스코르브산96%과립/[M250406]아스코르브산과립/[M250800]제피아스코르브산 TYPE-SC/[M251500]제피아스코르브산96%가루/[M252473]아스코르브산칼슘/[M252874]아스코르브산나트륨/[M252882]L-아스코르브산/[M253028]아스코르브산칼슘수화물/[M254082]제피아스코르브산 Type SC/[M254227]제피형아스코르브산96%TypeSC/[M254749]아스코르브산95%과립/[M254848]90%아스코르브산과립/[M256156]아스코르브산과립96%/[M257558]제피아스코르브산96%/[M257734]아스코르브산 과립90%/[M258008]아스코르브산칼슘이수화물/[M258592]작타용아스코르브산 97 %/[M258994]아스코르브산/[M259386]L-아스코르브산나트륨/[M259573]L-아스코르브산/[M261728]아스코르브산97%(직타용)/[M263901]제피아스코르브산97%가루/[M264037]90%아스코르빈산/[M265896]제피아스코르브산97.5%가루/[C050584]인삼25%에탄올유동엑스/[C051292]인삼총사포닌/[C061119]인삼30%에탄올건조엑스/[C070029]건조인삼엑스/[C070042]고려인삼건조엑스/[C071030]인삼유동엑스/[C071033]인삼엑스/[C080835]인삼건조엑스/[C080884]인삼엑스ㆍG115/[C082665]고려인삼유동엑스/[C084441]인삼추출액/[C084884]인삼30%에탄올엑스/[C084901]인삼70%에탄올유동엑스/[C084962]인삼엑스산/[C085109]인삼50%에탄올엑스/[C085318]인삼70%에탄올건조엑스/[C085782]인삼묽은에탄올건조엑스(7:1)/[C086724]인삼35%에탄올건조엑스/[C088213]인삼50%에탄올유동엑스/[C088361]인삼류엑스/[C089977]인삼90%에탄올엑스/[C090113]인삼30%에탄올유동엑스/[C090137]인삼70%메탄올엑스/[C090803]인삼추출물/[C090854]인삼50%에탄올연조엑스/[C091784]인삼가루/[C091856]인삼70%에탄올엑스/[C092512]인삼15%에탄올엑스/[C097100]인삼근추출물/[C098674]인삼추출물/물/[C099966]인삼양영탕연조엑스/[C100019]인삼50%에탄올건조엑스/[C100862]인삼연조엑스(6ㆍ7→1)/[C200894]인삼수/[C200895]인삼추출물/[C405998]인삼가루/[C406000]인삼배양액 추출물/[C406001]인삼분열조직세포배양액/[C406002]인삼/[C406003]인삼수/[C406004]인삼싹추출물/[C406009]인삼추출물/[C428850]인삼/[C428851]인삼가루/[C428853]인삼배양액 추출물/[C428856]인삼세포배양추출물/[C428857]인삼수/[C428866]인삼추출물/[C438004]인삼형성층세포배양추출물/[C438005]인삼분열조직세포/[C438006]인삼분열조직세포추출물/[C438655]인삼싹추출물/[C438656]인삼분열조직세포배양물/[C438660]인삼잎/뿌리/줄기추출물/[C442019]인삼추출물(35)/[I001699]인삼/[I008730]인삼총사포닌/[M040213]인삼/[M050584]인삼25%에탄올유동엑스/[M051291]인삼/[M061119]인삼30%에탄올건조엑스/[M070029]건조인삼엑스/[M071030]인삼유동엑스/[M071033]인삼엑스/[M080417]인삼건조엑스-에이/[M080835]인삼건조엑스/[M080884]인삼엑스ㆍG115/[M082106]인삼유동엑스/[M082665]고려인삼유동엑스/[M082761]인삼가루/[M082773]인삼건조엑스/[M084441]인삼추출액/[M084631]인삼묽은에탄올엑스/[M084800]인삼50%에탄올추출액/[M084809]인삼30%에탄올엑스/[M084814]인삼70%에탄올유동엑스/[M084884]인삼30%에탄올엑스/[M085109]인삼50%에탄올엑스/[M085287]인삼35%에탄올유동엑스/[M085318]인삼70%에탄올건조엑스/[M085334]인삼40%에탄올유동엑스/[M085782]인삼묽은에탄올건조엑스(7:1)/[M086540]인삼70%에탄올건조엑스/[M086724]인삼35%에탄올건조엑스/[M088361]인삼류엑스/[M089262]인삼연조엑스-A/[M089783]인삼90%에탄올엑스/[M089977]인삼90%에탄올엑스/[M090113]인삼30%에탄올유동엑스/[M090137]인삼70%메탄올엑스/[M091856]인삼70%에탄올엑스/[M092070]인삼패독산엑스/[M092512]인삼15%에탄올엑스/[M092892]인삼엑스G115/[M095307]인삼에탄올엑스/[M100019]인삼50%에탄올건조엑스/[M100862]인삼연조엑스(6ㆍ7→1)/[M102340]인삼건조엑스(2ㆍ94→1)/[M103357]인삼건조엑스(6ㆍ7→1)/[M103441]인삼30%에탄올엑스(6ㆍ7→1)/[M103522]인삼30%에탄올엑스산(1ㆍ2→1)/[M103858]인삼70%에탄올건조엑스(14.5→1)/[M105460]인삼건조엑스(14.5→1)/[M105557]인삼70%에탄올유동엑스(3→1)/[M105602]인삼50%에탄올엑스(6.7:1)/[M106440]건인삼/[M106441]생인삼/[M106646]인삼30%에탄올엑스(14.99:1)/[M201506]인삼묽은엑스/[M201507]인삼엑스가루/[M206628]인삼70%에탄올연조엑스(2.5→1)/[M209618]인삼추출물/[M211705]인삼70%에탄올연조엑스(2.5->1)/[M211843]인삼엑기스/[M213221]인삼건조엑스(2→1)/[M220312]인삼건조엑스(6.7→1)/[M225655]인삼35%에탄올건조엑스(14.9→1)/[M242098]인삼80%에탄올건조엑스(5→1)/[M245267]인삼 30% 에탄올연조엑스(7→1)/[M245625]인삼40%에탄올엑스/[M246368]인삼건조엑스(6.7->1)/[M249553]인삼50%에탄올연조엑스(2.2→1)/[M252511]인삼묽은에탄올엑스(10→1.5)/[M256216]인삼총사포닌/[M257951]인삼에탄올건조엑스(14.5→1)/[M262144]인삼35%에탄올건조엑스(14.9->1)/[M262516]인삼연조엑스/[M262520]인삼연조엑스(3.3~4.9→1)
/[M262526]인삼연조엑스
(3.3~4.9→1)
/[M262714]인삼연조엑스(3.3∼4.9→1)/[M262725]인삼연조엑스(2.2~2.7→1)
/[M268394]인삼엑스산 등/[M268617]인삼뿌리추출물/[M040579]카페인(함수)/[M040580]무수카페인/[M090611]카페인/[M223183]카페인무수물/[M223184]카페인수화물/[M241017]무수물카페인/[M040616]말레인산클로르페니라민/[M050213]말레인산덱스클로르페니라민/[M051529]클로르페니라민/[M082701]디엘말레인산클로르페니라민/[M083325]디말레인산클로르페니라민/[M099959]말레인산클로로페니라민/[M100018]말레산클로르페니라민/[M100476]디말레인산클로르페니라민/[M101581]디엘말레인산클로르페니라민/[M200471]말레인산클로르페니라민제피과립/[M202197]D-말레인산클로르페니라민/[M202204]DL-말레인산클로르페니라민/[M203913]클로르페니라민말레인산염/[M212847]클로르페니라민말레이트/[M223211]클로르페니라민말레산염/[M223212]d-클로르페니라민말레산염/[M223213]클로르페니라민말레산염 산/[M223214]클로르페니라민말레산염 정/[M223215]클로르페니라민말레산염 주사액/[M226783]dl-클로르페니라민말레산염/[M249715]덱스클로르페니라민 말레산염/[M251936]덱스클로르페니라민말레이트/[M051662]구연산티페피딘/[M051663]히벤즈산티페피딘/[M223274]티페피딘히벤즈산염 정/[M254445]티페피딘시트르산염/[C040789]황금/[C080705]황금엑스/[C084181]황금가루/[C085377]황금연조엑스/[C089535]황금엑스산/[C089559]황금산엑스산/[C093082]황금건조엑스/[C095054]황금70%에탄올엑스/[C096755]황금추출물/[C307222]황금추출물/[C407517]황금추출물/[C434535]황금가루/[C434536]황금추출물/[I006550]황금/[M040789]황금/[M080705]황금엑스/[M084181]황금가루/[M085377]황금연조엑스/[M089535]황금엑스산/[M089559]황금산엑스산/[M093082]황금건조엑스/[M095054]황금70%에탄올엑스/[M102282]황금건조엑스(6→1)/[M103010]황금연조엑스(2ㆍ5→1)/[M103930]황금연조엑스(4:1)/[M104397]황금건조엑스(3.57→1)/[M104698]황금탕연조엑스(3.33→1)/[M107312]황금엑스(4:1)/[M202120]황금산엑스가루/[M202121]황금엑스가루/[M215267]황금탕연조엑스/[M245419]황금추출분말/[M247278]황금추출물/[M262705]황금건조엑스(3.2~4.0→1)
/[M262724]황금연조엑스(1.8~2.2→1)
/[M263337]황금뿌리추출물/[M265350]황금연조엑스(1.7→1)/[M266601]황금연조엑스(1.5~1.9→1)/[M267395]황금연조엑스(1.9~2.4→1)/[M268270]황금연조엑스(1.6~2.0→1)","[01140]해열.진통.소염제","","4,000밀리그램",20180831,"아세트아미노펜으로서 4,000mg/day(모든제형, 단일제.복합제 포함)","","정상"
3896,"용량주의","복합",D000147,Acetaminophen,"아세트아미노펜","[D001000]Licorice(감초)/[D001138]Cinnamon (bark)(계피)/[D000493]Guaifenesin(구아이페네신)/[D001125]Platycodonis Radix(길경)/[D001101]Riboflavin(리보플라빈)/[D001116]Methylephedrine(메틸에페드린)/[D001106]Ascorbic acid(아스코르브산)/[D000852]Caffeine(카페인)/[D000893]Chlorpheniramine(클로르페니라민)/[D000998]Thiamine(티아민)/[D000933]Tipepidine(티페피딘)","[M040353]아세트아미노펜/[M082309]아세트아미노펜제피세립/[M233006]아세트아미노펜 DC 500/600/[M246556]아세트아미노펜 (미분화)/[M262287]아세트아미노펜 과립/[A006000]감초/[M040006]감초/[M070009]감초가루/[M083049]계피엑스/[M085164]계피엣센스/[M089678]계피엑스산/[M096525]계피건조엑스/[M101461]계피70%에탄올틴크(1→5)/[M050058]구아이페네신/[C040048]길경/[C070085]길경추출액/[C070086]길경유동엑스/[C082634]길경가루/[C082657]길경건조엑스/[C082674]길경엑스/[C082950]길경건조엑스말/[C083122]길경33ㆍ3%에탄올엑스/[C084557]길경45%에탄올엑스가루/[C084832]길경엑스산/[C086044]길경연조엑스/[C086047]길경근/[C095008]길경30%에탄올연조엑스/[C100979]길경50%에탄올건조엑스(10->1)/[C101406]길경엑스산(10→1)/[C403069]길경추출물/[I006474]길경/[M040048]길경/[M070085]길경추출액/[M070086]길경유동엑스/[M082634]길경가루/[M082657]길경건조엑스/[M082674]길경엑스/[M082950]길경건조엑스말/[M083122]길경33ㆍ3%에탄올엑스/[M084557]길경45%에탄올엑스가루/[M084832]길경엑스산/[M086044]길경연조엑스/[M095008]길경30%에탄올연조엑스/[M100979]길경50%에탄올건조엑스(10->1)/[M101406]길경엑스산(10→1)/[M103013]길경엑스(3ㆍ7→1)/[M103895]길경건조엑스(3.7→1)/[M104031]길경엑스(4→1)/[M104077]길경엑스(10→1)/[M104359]길경건조엑스(10:1)/[M104415]길경33.3%에탄올엑스(4:1)/[M105015]길경45%에탄올엑스가루(10:1)/[M106069]길경33.3%에탄올유동엑스(4→1)/[M200164]길경건조엑스가루/[M200165]길경엑스가루/[M211323]길경건조엑스(10->1)/[M217082]길경엑스산(10 ->1)/[M221344]길경 30% 에탄올 유동엑스(1:1)/[M232676]길경엑스 (3.7→1)/[M238263]길경50%에탄올건조엑스(10→1)/[M242406]길경 유동엑스/[M243217]길경탕연조엑스/[M250128]길경농축엑기스/[M251012]길경33.3%에탄올유동엑스(4-1)/[M258076]길경33.3%에탄올유동엑스(4->1)/[M258823]길경농축엑스/[M261226]길경연조엑스(2.3∼2.8→1)
/[M262500]길경연조엑스(2.3~2.8→1)/[M263491]길경50%에탄올엑스산(10→1)/[M263888]길경연조엑스(1.2~1.4→1)/[M263904]길경30%에탄올유동엑스(1:1)/[M264018]길경엑스산(3.7→1)/[M264375]길경연조엑스(1.8~2.2→1)/[M264641]길경연조엑스(2.6→1)/[M266592]길경연조엑스(2.3~2.9→1)/[M266996]길경연조엑스(2.2∼2.7→1)/[M267307]길경연조엑스(2.1~2.5→1)/[M268063]길경연조엑스(2.3∼2.8→1)/[M268240]길경추출분말/[C040133]리보플라빈/[C040512]인산리보플라빈나트륨/[C050367]테트라부티르산리보플라빈/[C050368]인산리보플라빈/[C050369]리보플라빈-5-인산나트륨/[C081186]리보플라빈33 1/3%/[C082711]리보플라빈낙산에스텔/[C082719]리보플라빈331/3%산/[C083052]리보플라빈98%DC/[C083101]낙산리보플라빈/[C083163]리보플라빈98%/[C083404]리보플라빈33 1/3%과립/[C084424]염산리보플라빈나트륨/[C085688]직탁용리보플라빈98%/[C089984]리보플라빈인산나트륨/[C090982]리보플라빈산나트륨/[C091022]리보플라빈98%과립/[C091383]리보플라빈25%과립/[C092484]부티르산리보플라빈/[C100456]리보플라빈3배산/[C100480]인산리보플라빈나트륨이수화물/[C101969]리보플라빈E101/[C202525]리보플라빈/[C401176]리보플라빈/[C407713]소듐리보플라빈포스페이트/[C409503]리보플라빈테트라부티레이트/[C422825]리보플라빈/[C422826]리보플라빈테트라부티레이트/[C422827]리보플라빈테트라아세테이트/[C425375]소듐리보플라빈포스페이트/[I003529]리보플라빈/[I003530]리보플라빈포스페이트나트륨/[I006525]리보플라빈부티레이트/[I007430]인산리보플라빈/[I007658]인산리보플라빈나트륨이수화물/[I007907]리보플라빈산나트륨/[M040133]리보플라빈/[M040512]인산리보플라빈나트륨/[M050367]테트라부티르산리보플라빈/[M050368]인산리보플라빈/[M050369]리보플라빈-5-인산나트륨/[M081186]리보플라빈33 1/3%/[M082711]리보플라빈낙산에스텔/[M082719]리보플라빈33 1/3%산/[M083052]리보플라빈98%DC/[M083101]낙산리보플라빈/[M083163]리보플라빈98%/[M083404]리보플라빈33 1/3%과립/[M085688]직탁용리보플라빈98%/[M090982]리보플라빈산나트륨/[M091022]리보플라빈98%과립/[M091383]리보플라빈25%과립/[M092484]부티르산리보플라빈/[M100456]리보플라빈3배산/[M100480]인산리보플라빈나트륨이수화물/[M101969]리보플라빈E101/[M200421]리보플라빈33ㆍ3%/[M200422]리보플라빈33ㆍ3%과립/[M200423]리보플라빈33ㆍ3%산/[M203723]인산리보플라빈소듐/[M206124]조리보플라빈/[M216041]리보플라빈3배산(리보플라빈으로서 5밀리그램)/[M216399]리보플라빈 3배산(리보플라빈으로서 0.84밀리그램)/[M217503]리보플라빈인산에스텔나트륨/[M218021]안산리보플라빈나트륨/[M222995]리보플라빈부티레이트/[M222996]리보플라빈포스페이트나트륨/[M222997]리보플라빈포스페이트나트륨 주사액/[M232651]제피리보플라빈/[M249967]리보플라빈부틸레이트/[M249982]리보플라빈나트륨포스페이트/[A006116]메틸에페드린/[I006391]dl-메틸에페드린염산염/[M204422]dl-메틸에페드린염산염/[M223022]dl-메틸에페드린염산염 산 10%/[M235519]디엘메틸에페드린염산염/[M240608]dI-메틸에페드린염산염/[M240859]디엘-메틸에페드린염산염/[M252389]㎗-메틸에페드린염산염/[M264046]DL-메틸에페드린염산염/[C040354]아스코르빈산/[C050961]아스코르빈산철/[C080210]아스코르빈산나트륨/[C081017]아스코르빈산90%과립/[C081495]아스코르빈산펠렛/[C081615]아스코르빈산 제피과립/[C081679]아스코르빈산60%/[C081772]제피아스코르빈산TYPE-SC/[C081998]아스코르빈팔미틴산/[C082617]아스코르빈산제피산/[C082841]아스코르빈산98%과립/[C082845]제피형아스코르빈산96%/[C082850]직탁용아스코르빈산/[C082857]제피아스코르빈산/[C083022]아스코르빈산96%과립/[C083040]아스코르빈산97%과립/[C083727]아스코르빈산제피산98%DC/[C083984]아스코르빈산칼슘/[C084311]엘-아스코르빈산나트륨/[C084327]아스코르빈산과립/[C084388]아스코르빈산나트륨99%/[C084419]아스코르빈산98%/[C084433]아스코르빈산97ㆍ5%과립/[C084448]아스코르빈산97%/[C084495]아스코르빈산칼슘97%과립/[C084658]아스코르빈산96%/[C084927]제피형아스코르빈산96%Type SC/[C085686]직탁용아스코르빈산98%/[C085785]아스코르빈산스테아레이트/[C086801]제피아스코르빈산97ㆍ5%/[C087036]코팅된아스코르빈산/[C088252]아스코르빈산제제/[C089177]아스코르빈산96%SC/[C090019]90%아스코르빈산/[C091430]아스코르빈산유캡/[C094260]95%아스코르빈산/[C094676]3-O-에칠아스코르빈산/[C095118]제피아스코르빈산96%/[C095392]아스코르빌팔미테이트/[C095412]제피아스코르빈사96% Type SC/[C095426]제피아스코르빈산96%가루/[C095604]아스코르빈산90%/[C099084]아스코르빈산팔미테이트/[C099734]아스코르브산90%과립/[C099910]직타용아스코르빈산/[C100271]팔미틴산아스코르빈산/[C100420]엘-아스코르빈산/[C101135]90%아스코르빈산과립/[C102189]아스코르빅애씨드/[C312780]소듐아스코르베이트/[C312824]아스코르빌 테트라이소팔미테이트/[C317903]글루코사민아스코르베이트/[C318482]칼슘 아스코르베이트/[C320842]아스코르빅애씨드/[C400592]아스코르빌니코티네이트/[I000229]아스코르빈산칼슘/[I001468]아스코르빈산제일철/[I001971]마그네슘아스코르베이트/[I003752]아스코르빈산나트륨/[I004351]아스코르브산/[M040354]아스코르빈산/[M050961]아스코르빈산철/[M080210]아스코르빈산나트륨/[M081017]아스코르빈산90%과립/[M081495]아스코르빈산펠렛/[M081615]아스코르빈산제피과립/[M081679]아스코르빈산60%/[M081772]제피아스코르빈산TYPE-SC/[M081998]아스코르빈팔미틴산/[M082617]아스코르빈산제피산/[M082841]아스코르빈산98%과립/[M082845]제피아스코르빈산96%/[M082850]직타용아스코르빈산/[M082857]제피아스코르빈산/[M083022]아스코르빈산96%과립/[M083040]아스코르빈산97%과립/[M083727]아스코르빈산제피산98%DC/[M083960]제피아스코르빈산TYPE-SC/[M083984]아스코르빈산칼슘/[M084311]엘아스코르빈산나트륨/[M084327]아스코르빈산과립/[M084388]아스코르빈산나트륨99%/[M084419]아스코르빈산98%/[M084433]아스코르빈산97ㆍ5%과립/[M084448]아스코르빈산97%/[M084495]아스코르빈산칼슘97%과립/[M084658]아스코르빈산96%/[M084927]제피아스코르빈산96%Type SC/[M085686]직타용아스코르빈산98%/[M087036]제피아스코르빈산/[M088252]아스코르빈산/[M089177]아스코르빈산96%SC/[M090019]아스코르빈산90%/[M091430]아스코르빈산유캡/[M094260]아스코르빈산95%/[M095392]아스코르빌팔미테이트/[M095426]제피아스코르빈산96%가루/[M095604]아스코르빈산90%/[M099084]아스코르빈산팔미테이트/[M100271]팔미틴산아스코르빈산/[M100420]엘-아스코르빈산/[M103048]제피형아스코르빈산96%TypeSC/[M103617]팔미틴산아스코르빌/[M104937]아스코르빈산97%분말/[M105763]아스코르빈산제제/[M107308]제피아스코르빈산97.0%가루/[M107594]소듐엘아스코르베이트/[M201112]아스코르빈산제일철/[M201618]제피아스코르빈사96%TypeSC/[M201620]제피아스코르빈산가루/[M201622]제피아스코르빈산TYPEB/[M203450]아스코르브산/[M203451]아스코르브산소듐/[M203452]아스코르빈산소듐/[M207370]팔미틴산아스코르브산/[M207385]아스코르빈산 97(아스코르빈산으로서 600mg)/[M207533]아스코르빈산 97(아스코르빈산으로서 600㎎)/[M209224]직타용아스코르빈산97%/[M210040]제피아스코르빈산97%과립/[M210875]소듐L-아스코르베이트/[M211316]아스코르빈산 산/[M211364]제피형아스코르빈산96%/[M211402]직타용아스코르빈산 90%/[M212742]아스코르빈산과립 97%(아스코르빈산으로서 83.3밀리그램)/[M214926]제피아스코르빈산 Type SC/[M215692]아스코르빈산(비타민C)/[M216038]아스코르빈산과립97%(아스코르빈산으로서 75밀리그램)/[M216398]아스코르빈산과립97%(아스코르빈산으로서 83.34밀리그램)/[M220142]직타용아스코르빈산(97%)/[M220180]아스코르빈산 97/[M223105]아스코르브산 산/[M223106]아스코르브산 정/[M223107]아스코르브산 주사액/[M224238]아스코르브산97/[M225398]아스코르빈산 Type FC/[M226183]아스코르빈산과립97%/[M227509]아스코르브산97%과립/[M229451]아스코르빈산 90%과립/[M229497]제피아스코르빈산 96% Type SC/[M234001]아스코르브산과립97%/[M236177]아스코르브산 90%과립/[M236913]제피아스코르브산/[M236926]직타용아스코르브산/[M239246]L-아스코르빈산/[M239251]L-아스코르빈산나트륨/[M239556]제피아스코르브산96% Type SC/[M241223]아스코르브산90%과립/[M242242]제피아스코르빈산*/[M243471]엘-아스코르빈산나트륨/[M243491]아스코르브산 97/[M244591]엘-아스코르빈산나트륨/[M244678]아스코르브산 97/[M245849]제피아스코르브산에스씨/[M245878]아스코르브산팔미테이트/[M246161]직타용아스코르브산97%/[M246638]아스코르브산97%/[M246709]아스코르브산나트륨/[M246900]90%아스코르브산/[M248326]아스코르빌나트륨포스페이트/[M249820]아스코르브산96%과립/[M250406]아스코르브산과립/[M250800]제피아스코르브산 TYPE-SC/[M251500]제피아스코르브산96%가루/[M252473]아스코르브산칼슘/[M252874]아스코르브산나트륨/[M252882]L-아스코르브산/[M253028]아스코르브산칼슘수화물/[M254082]제피아스코르브산 Type SC/[M254227]제피형아스코르브산96%TypeSC/[M254749]아스코르브산95%과립/[M254848]90%아스코르브산과립/[M256156]아스코르브산과립96%/[M257558]제피아스코르브산96%/[M257734]아스코르브산 과립90%/[M258008]아스코르브산칼슘이수화물/[M258592]작타용아스코르브산 97 %/[M258994]아스코르브산/[M259386]L-아스코르브산나트륨/[M259573]L-아스코르브산/[M261728]아스코르브산97%(직타용)/[M263901]제피아스코르브산97%가루/[M264037]90%아스코르빈산/[M265896]제피아스코르브산97.5%가루/[M040579]카페인(함수)/[M040580]무수카페인/[M090611]카페인/[M223183]카페인무수물/[M223184]카페인수화물/[M241017]무수물카페인/[M040616]말레인산클로르페니라민/[M050213]말레인산덱스클로르페니라민/[M051529]클로르페니라민/[M082701]디엘말레인산클로르페니라민/[M083325]디말레인산클로르페니라민/[M099959]말레인산클로로페니라민/[M100018]말레산클로르페니라민/[M100476]디말레인산클로르페니라민/[M101581]디엘말레인산클로르페니라민/[M200471]말레인산클로르페니라민제피과립/[M202197]D-말레인산클로르페니라민/[M202204]DL-말레인산클로르페니라민/[M203913]클로르페니라민말레인산염/[M212847]클로르페니라민말레이트/[M223211]클로르페니라민말레산염/[M223212]d-클로르페니라민말레산염/[M223213]클로르페니라민말레산염 산/[M223214]클로르페니라민말레산염 정/[M223215]클로르페니라민말레산염 주사액/[M226783]dl-클로르페니라민말레산염/[M249715]덱스클로르페니라민 말레산염/[M251936]덱스클로르페니라민말레이트/[M223258]티아민염산염/[M223262]티아민질산염/[M243282]티아민질산염3배산/[M051662]구연산티페피딘/[M051663]히벤즈산티페피딘/[M223274]티페피딘히벤즈산염 정/[M254445]티페피딘시트르산염","[01140]해열.진통.소염제","","4,000밀리그램",20180831,"아세트아미노펜으로서 4,000mg/day(모든제형, 단일제.복합제 포함)","","정상"
3897,"용량주의","복합",D000147,Acetaminophen,"아세트아미노펜","[D001000]Licorice(감초)/[D001121]Dried Ginger(건강)/[D001133]Ephedrae Herb(마황)/[D001136]Pinelliae Tuber(반하)/[D001139]Asiasari Radix et Rhizoma(세신)/[D000448]Pseudoephedrine(슈도에페드린)/[D001123]Cinnamomum cassia Blume(육계)/[D001119]Peony Root(작약)/[D000852]Caffeine(카페인)/[D000893]Chlorpheniramine(클로르페니라민)/[D001140]Schisandra Fruit(오미자)","[M040353]아세트아미노펜/[M082309]아세트아미노펜제피세립/[M233006]아세트아미노펜 DC 500/600/[M246556]아세트아미노펜 (미분화)/[M262287]아세트아미노펜 과립/[A006000]감초/[M040006]감초/[M070009]감초가루/[C040007]건강/[C070022]건강조말/[C070030]건강틴크/[C082104]건강유동엑스/[C082517]건강가루/[C083050]건강엑스/[C084830]건강70%에탄올유동엑스/[C085146]건강70%에탄올틴크/[C085483]건강30%에탄올유동엑스/[C089572]건강엑스산/[C091939]건강연조엑스/[C093695]건강묽은에탄올틴크/[C096526]건강건조엑스/[C101460]건강70%에탄올틴크(1→5)/[I001696]건강/[M040007]건강/[M070030]건강틴크/[M082104]건강유동엑스/[M082517]건강가루/[M083050]건강엑스/[M085146]건강70%에탄올틴크/[M085483]건강30%에탄올유동엑스/[M091939]건강연조엑스/[M093373]포건강/[M093695]건강묽은에탄올틴크/[M095865]건강엑스가루/[M101460]건강70%에탄올틴크(1→5)/[M103252]건강건조엑스(5ㆍ6→1)/[M104354]건강틴크(1→5)/[M227892]건강70%에탄올틴크(1->5)/[M239738]건강건조엑스/[M246445]건강초탄/[M249865]건강틴크
(1→5)/[M250885]건강건조엑스(5.6→1)/[M251645]건강초탄/[M254336]건강초탄/[M260577]건강초탄/[M261229]건강연조엑스(1.5∼1.8→1)
/[M262503]건강연조엑스(1.5~1.8→1)/[M262727]건강연조엑스(2.2~2.7→1)
/[M264378]건강연조엑스(1.7~2.0→1)/[M264508]건강연조엑스(3.23→1)/[M266087]건강건조엑스(6.5~7.9→1)/[M266876]건강연조엑스(2.9~3.6→1)/[M267309]건강연조엑스(1.6~2.0→1)/[C040135]마황/[C080619]마황탕수침건조엑스/[C088524]마황수침건조엑스/[C089573]마황엑스산/[C091941]마황엑스/[C095063]마황탕연조엑스/[C095449]마황가루/[C102054]마황근/[C102097]마황추출물/[C202560]마황추출물/[C423024]마황뿌리추출물/[I001223]마황/[I008197]마황근/[M040135]마황/[M088524]마황수침건조엑스/[M089573]마황엑스산/[M091941]마황엑스/[M095063]마황탕연조엑스/[M095449]마황가루/[M102054]마황근/[M200464]마황엑스가루/[M261223]마황연조엑스(2.2∼2.7→1)
/[M261691]마황탕엑스/[M262497]마황연조엑스(2.2~2.7→1)/[M264308]마황연조엑스(4.35->1)/[M264372]마황연조엑스(3.4~4.2→1)/[M264504]마황연조엑스(4.35→1)/[M266357]마황연조엑스(2.3∼2.9→1)/[M266873]마황연조엑스(3.7~5.0→1)/[M267305]마황연조엑스(2.8~3.4→1)/[M268323]마황연조엑스(3.8∼5.1→1)/[C040202]반하/[C085292]반하제/[C088555]반하가루/[C089568]반하엑스산/[C095269]반하곡/[C097468]반하추출물/[C404222]반하뿌리추출물/[C423750]반하뿌리추출물/[I006469]반하/[M040202]반하/[M085292]반하제/[M088555]반하가루/[M089568]반하엑스산/[M106444]반하분/[M200651]반하엑스가루/[M261234]반하연조엑스(1.8∼2.2→1)
/[M262508]반하연조엑스(1.8~2.2→1)/[M262708]반하건조엑스(5.9~7.3→1)
/[M263878]반하연조엑스(2.5∼3.4→1)/[M264383]반하연조엑스(2.0~2.4→1)/[M264501]반하연조엑스(0.72→1)/[M266234]반하건조엑스(5.9~7.3→1)/[M266486]반하건조엑스(5.8~7.1)→1/[M266588]반하연조엑스(0.6~0.8→1)/[M267314]반하연조엑스(1.9~2.3→1)/[M268061] 반하연조엑스(0.7~0.8→1)/[M268073]반하연조엑스(0.7~0.8→1)/[C040293]세신/[C089608]세신엑스산/[C092777]세신연조엑스/[C094083]세신추출물/[I004348]세신/[M040293]세신/[M089608]세신엑스산/[M200871]세신엑스가루/[M222755]세신추출물/[M246877]세신추출액/[M260237]세신엑스/[M264506]세신연조엑스(3.85→1)/[M265870]세신연조엑스(4.7~5.8→1)/[M266360]세신연조엑스(1.8∼2.3→1)/[M266603]세신연조엑스(3.5~4.2→1)/[M267398]세신연조엑스(3.6 ~4.4→1)/[M050833]염산슈도에페드린/[M081720]황산슈도에페드린/[M203364]슈도에페드린염산염/[M222865]수도에페드린염산염/[M248579]수도에페드린황산염/[M256034]수도에페드린염산염 과립/[M258826]수도에페드린/[C050036]육계/[C089617]육계엑스산/[C401739]육계추출물/[C401743]육계잎추출물/[C402601]육계/[C402602]육계껍질/정향싹/로즈마리잎/불가리스백리향잎수/[C428728]육계/[C428729]육계/정향싹/로즈마리잎/타임잎수/[C428730]육계/정향싹/로즈마리잎/타임잎오일/[C428731]육계껍질/탱자열매/삼백초잎/뿌리/도둑놈의지팡이뿌리추출물/[C428733]육계잎추출물/[C428734]육계전초오일/[C428735]육계전초추출물/[C428736]육계껍질추출물/[C434092]하이드롤라이즈드육계추출물/[C438444]육계껍질수/[C438521](육계껍질/요엽후박)나무껍질/(고량강/참당귀)뿌리추출물/[I000485]육계/[I008329]육계/[I012425]육계·아선약·소두구·고추 연조엑스(5→1)/[M050036]육계/[M089617]육계엑스산/[M106290]육계(모계)/[M201470]육계엑스가루/[M227893]육계70%에탄올틴크(1->5)/[M232832]육계건조엑스/[M234405]육계가루/[M239186]육계엑스(22->1)/[M240817]육계70%에탄올틴크(1→5)/[M244658]육계틴크(1→5)/[M245879]육계건조엑스(31.25->1)/[M246170]육계연조엑스/[M251943]육계추출물/[M252166]육계유/[M252345]육계유동엑스/[M252650]육계·아선약·소두구·고추 연조엑스(5→1)/[M253194]육계엑스(22→1)/[M254384]육계·아선약·소두구·고추 연조엑스(5->1)/[M258809]육계엑스/[M259064]육계30%에탄올유동엑스/[M261235]육계연조엑스(7.9∼9.6→1)
/[M262509]육계연조엑스(7.9~9.6→1)/[M264213]육계/당귀/작약/숙지황/천궁/황기 혼합추출물/[M264384]육계연조엑스(8.8~10.8→1)/[M264645]육계연조엑스(8.3→1)/[M266305]육계건조엑스(20~35→1)/[M266529]육계건조엑스(22→1)/[M267315]육계연조엑스(8.4~10.2→1)/[M267418]육계연조엑스(6.7~10→1) /[C040523]작약/[C051307]백작약/[C051308]적작약/[C071158]작약엑스/[C082518]작약가루/[C085611]백작약초/[C088975]백작약가루/[C089531]백작약엑스산(패오니플로린으로서 133ㆍ2밀리그람)/[C089542]백작약엑스산/[C090093]작약엑스산/[C090789]작약초/[C092727]백작약연조엑스/[C093837]작약건조엑스/[C096770]작약추출물/[C312372]작약추출물/[C313826]백작약추출물/[C320059]참작약/[C402274]작약전초추출물/[C402275]작약뿌리추출물/[C404274]작약뿌리수/[C404275]작약뿌리가루/[C406079]작약가루/[C406080]작약껍질/수액추출물/[C406081]작약꽃추출물/[C406082]작약추출물/[C429024]작약꽃추출물/[C429025]작약나무껍질/수액추출물/[C429026]작약뿌리/[C429027]작약뿌리가루/[C429028]작약뿌리수/[C429029]작약뿌리추출물/[C429030]작약잎세포추출물/[C429031]작약추출물/[I006447]작약/[M040523]작약/[M051307]백작약/[M051308]적작약/[M071158]작약엑스/[M082518]작약가루/[M085611]백작약초/[M088975]백작약가루/[M090093]작약엑스산/[M090789]작약초/[M093837]작약건조엑스/[M103890]작약건조엑스(5.88→1)/[M201554]작약엑스가루/[M212494]백작약엑스 (5.9→1)/[M214365]작약추출물/[M241192]작약엑스(5.9->1)/[M243283]작약엑스(5.9->1)/[M245904]작약엑스 (5.9→1)/[M246879]작약추출액/[M261230]작약연조엑스(3.3∼4.0→1)
/[M262504]작약연조엑스(3.3~4.0→1)/[M263913]작약연조엑스(2.3∼3.2→1)/[M264309]작약연조엑스(3.03->1)/[M264379]작약연조엑스(2.4~3.0→1)/[M264643]작약연조엑스(3.03→1)/[M266482]작약연조엑스(2.8∼3.4→1)/[M266487]작약연조엑스(2.7~3.3→1)/[M266950]작약연조엑스(2.8∼3.4→1)/[M267310]작약연조엑스(2.9~3.5→1)/[M268068]작약연조엑스(2.8~3.4→1)/[M268187]작약연조엑스(2.8~3.4→1)/[M040579]카페인(함수)/[M040580]무수카페인/[M090611]카페인/[M223183]카페인무수물/[M223184]카페인수화물/[M241017]무수물카페인/[M040616]말레인산클로르페니라민/[M050213]말레인산덱스클로르페니라민/[M051529]클로르페니라민/[M082701]디엘말레인산클로르페니라민/[M083325]디말레인산클로르페니라민/[M099959]말레인산클로로페니라민/[M100018]말레산클로르페니라민/[M100476]디말레인산클로르페니라민/[M101581]디엘말레인산클로르페니라민/[M200471]말레인산클로르페니라민제피과립/[M202197]D-말레인산클로르페니라민/[M202204]DL-말레인산클로르페니라민/[M203913]클로르페니라민말레인산염/[M212847]클로르페니라민말레이트/[M223211]클로르페니라민말레산염/[M223212]d-클로르페니라민말레산염/[M223213]클로르페니라민말레산염 산/[M223214]클로르페니라민말레산염 정/[M223215]클로르페니라민말레산염 주사액/[M226783]dl-클로르페니라민말레산염/[M249715]덱스클로르페니라민 말레산염/[M251936]덱스클로르페니라민말레이트/[C040445]오미자/[C084387]오미자유동엑스/[C084500]오미자추출액/[C084894]오미자10%에탄올유동엑스/[C086761]오미자연조엑스/[C089619]오미자엑스산/[C101335]오미자건조엑스(5ㆍ6->1)/[C321880]오미자추출물/[C408100]오미자/[C408101]오미자가루/[C408102]오미자추출물/[C428169]오미자/[C428170]오미자가루/[C428172]오미자추출물/[I006546]오미자/[M040445]오미자/[M084387]오미자유동엑스/[M084500]오미자추출액/[M084894]오미자10%에탄올유동엑스/[M086761]오미자연조엑스/[M089619]오미자엑스산/[M101335]오미자건조엑스(5ㆍ6->1)/[M201349]오미자엑스가루/[M214412]오미자추출물/[M262807]오미자연조엑스(1.8~2.2→
1)/[M264505]오미자연조엑스(4→1)/[M265868]오미자연조엑스(2.5~3.1→1)/[M266358]오미자연조엑스(1.4∼1.8→1)/[M266874]오미자연조엑스(3.6~4.4→1)/[M267399]오미자연조엑스(2.3~2.9→1)","[01140]해열.진통.소염제","","4,000밀리그램",20180831,"아세트아미노펜으로서 4,000mg/day(모든제형, 단일제.복합제 포함)","","정상"
3898,"용량주의","복합",D000147,Acetaminophen,"아세트아미노펜","[D001000]Licorice(감초)/[D001121]Dried Ginger(건강)/[D001133]Ephedrae Herb(마황)/[D001136]Pinelliae Tuber(반하)/[D001139]Asiasari Radix et Rhizoma(세신)/[D001140]Schisandra Fruit(오미자)/[D001123]Cinnamomum cassia Blume(육계)/[D001119]Peony Root(작약)/[D000852]Caffeine(카페인)/[D000893]Chlorpheniramine(클로르페니라민)/[D000933]Tipepidine(티페피딘)","[M040353]아세트아미노펜/[M082309]아세트아미노펜제피세립/[M233006]아세트아미노펜 DC 500/600/[M246556]아세트아미노펜 (미분화)/[M262287]아세트아미노펜 과립/[A006000]감초/[M040006]감초/[M070009]감초가루/[C040007]건강/[C070022]건강조말/[C070030]건강틴크/[C082104]건강유동엑스/[C082517]건강가루/[C083050]건강엑스/[C084830]건강70%에탄올유동엑스/[C085146]건강70%에탄올틴크/[C085483]건강30%에탄올유동엑스/[C089572]건강엑스산/[C091939]건강연조엑스/[C093695]건강묽은에탄올틴크/[C096526]건강건조엑스/[C101460]건강70%에탄올틴크(1→5)/[I001696]건강/[M040007]건강/[M070030]건강틴크/[M082104]건강유동엑스/[M082517]건강가루/[M083050]건강엑스/[M085146]건강70%에탄올틴크/[M085483]건강30%에탄올유동엑스/[M091939]건강연조엑스/[M093373]포건강/[M093695]건강묽은에탄올틴크/[M095865]건강엑스가루/[M101460]건강70%에탄올틴크(1→5)/[M103252]건강건조엑스(5ㆍ6→1)/[M104354]건강틴크(1→5)/[M227892]건강70%에탄올틴크(1->5)/[M239738]건강건조엑스/[M246445]건강초탄/[M249865]건강틴크
(1→5)/[M250885]건강건조엑스(5.6→1)/[M251645]건강초탄/[M254336]건강초탄/[M260577]건강초탄/[M261229]건강연조엑스(1.5∼1.8→1)
/[M262503]건강연조엑스(1.5~1.8→1)/[M262727]건강연조엑스(2.2~2.7→1)
/[M264378]건강연조엑스(1.7~2.0→1)/[M264508]건강연조엑스(3.23→1)/[M266087]건강건조엑스(6.5~7.9→1)/[M266876]건강연조엑스(2.9~3.6→1)/[M267309]건강연조엑스(1.6~2.0→1)/[C040135]마황/[C080619]마황탕수침건조엑스/[C088524]마황수침건조엑스/[C089573]마황엑스산/[C091941]마황엑스/[C095063]마황탕연조엑스/[C095449]마황가루/[C102054]마황근/[C102097]마황추출물/[C202560]마황추출물/[C423024]마황뿌리추출물/[I001223]마황/[I008197]마황근/[M040135]마황/[M088524]마황수침건조엑스/[M089573]마황엑스산/[M091941]마황엑스/[M095063]마황탕연조엑스/[M095449]마황가루/[M102054]마황근/[M200464]마황엑스가루/[M261223]마황연조엑스(2.2∼2.7→1)
/[M261691]마황탕엑스/[M262497]마황연조엑스(2.2~2.7→1)/[M264308]마황연조엑스(4.35->1)/[M264372]마황연조엑스(3.4~4.2→1)/[M264504]마황연조엑스(4.35→1)/[M266357]마황연조엑스(2.3∼2.9→1)/[M266873]마황연조엑스(3.7~5.0→1)/[M267305]마황연조엑스(2.8~3.4→1)/[M268323]마황연조엑스(3.8∼5.1→1)/[C040202]반하/[C085292]반하제/[C088555]반하가루/[C089568]반하엑스산/[C095269]반하곡/[C097468]반하추출물/[C404222]반하뿌리추출물/[C423750]반하뿌리추출물/[I006469]반하/[M040202]반하/[M085292]반하제/[M088555]반하가루/[M089568]반하엑스산/[M106444]반하분/[M200651]반하엑스가루/[M261234]반하연조엑스(1.8∼2.2→1)
/[M262508]반하연조엑스(1.8~2.2→1)/[M262708]반하건조엑스(5.9~7.3→1)
/[M263878]반하연조엑스(2.5∼3.4→1)/[M264383]반하연조엑스(2.0~2.4→1)/[M264501]반하연조엑스(0.72→1)/[M266234]반하건조엑스(5.9~7.3→1)/[M266486]반하건조엑스(5.8~7.1)→1/[M266588]반하연조엑스(0.6~0.8→1)/[M267314]반하연조엑스(1.9~2.3→1)/[M268061] 반하연조엑스(0.7~0.8→1)/[M268073]반하연조엑스(0.7~0.8→1)/[C040293]세신/[C089608]세신엑스산/[C092777]세신연조엑스/[C094083]세신추출물/[I004348]세신/[M040293]세신/[M089608]세신엑스산/[M200871]세신엑스가루/[M222755]세신추출물/[M246877]세신추출액/[M260237]세신엑스/[M264506]세신연조엑스(3.85→1)/[M265870]세신연조엑스(4.7~5.8→1)/[M266360]세신연조엑스(1.8∼2.3→1)/[M266603]세신연조엑스(3.5~4.2→1)/[M267398]세신연조엑스(3.6 ~4.4→1)/[C040445]오미자/[C084387]오미자유동엑스/[C084500]오미자추출액/[C084894]오미자10%에탄올유동엑스/[C086761]오미자연조엑스/[C089619]오미자엑스산/[C101335]오미자건조엑스(5ㆍ6->1)/[C321880]오미자추출물/[C408100]오미자/[C408101]오미자가루/[C408102]오미자추출물/[C428169]오미자/[C428170]오미자가루/[C428172]오미자추출물/[I006546]오미자/[M040445]오미자/[M084387]오미자유동엑스/[M084500]오미자추출액/[M084894]오미자10%에탄올유동엑스/[M086761]오미자연조엑스/[M089619]오미자엑스산/[M101335]오미자건조엑스(5ㆍ6->1)/[M201349]오미자엑스가루/[M214412]오미자추출물/[M262807]오미자연조엑스(1.8~2.2→
1)/[M264505]오미자연조엑스(4→1)/[M265868]오미자연조엑스(2.5~3.1→1)/[M266358]오미자연조엑스(1.4∼1.8→1)/[M266874]오미자연조엑스(3.6~4.4→1)/[M267399]오미자연조엑스(2.3~2.9→1)/[C050036]육계/[C089617]육계엑스산/[C401739]육계추출물/[C401743]육계잎추출물/[C402601]육계/[C402602]육계껍질/정향싹/로즈마리잎/불가리스백리향잎수/[C428728]육계/[C428729]육계/정향싹/로즈마리잎/타임잎수/[C428730]육계/정향싹/로즈마리잎/타임잎오일/[C428731]육계껍질/탱자열매/삼백초잎/뿌리/도둑놈의지팡이뿌리추출물/[C428733]육계잎추출물/[C428734]육계전초오일/[C428735]육계전초추출물/[C428736]육계껍질추출물/[C434092]하이드롤라이즈드육계추출물/[C438444]육계껍질수/[C438521](육계껍질/요엽후박)나무껍질/(고량강/참당귀)뿌리추출물/[I000485]육계/[I008329]육계/[I012425]육계·아선약·소두구·고추 연조엑스(5→1)/[M050036]육계/[M089617]육계엑스산/[M106290]육계(모계)/[M201470]육계엑스가루/[M227893]육계70%에탄올틴크(1->5)/[M232832]육계건조엑스/[M234405]육계가루/[M239186]육계엑스(22->1)/[M240817]육계70%에탄올틴크(1→5)/[M244658]육계틴크(1→5)/[M245879]육계건조엑스(31.25->1)/[M246170]육계연조엑스/[M251943]육계추출물/[M252166]육계유/[M252345]육계유동엑스/[M252650]육계·아선약·소두구·고추 연조엑스(5→1)/[M253194]육계엑스(22→1)/[M254384]육계·아선약·소두구·고추 연조엑스(5->1)/[M258809]육계엑스/[M259064]육계30%에탄올유동엑스/[M261235]육계연조엑스(7.9∼9.6→1)
/[M262509]육계연조엑스(7.9~9.6→1)/[M264213]육계/당귀/작약/숙지황/천궁/황기 혼합추출물/[M264384]육계연조엑스(8.8~10.8→1)/[M264645]육계연조엑스(8.3→1)/[M266305]육계건조엑스(20~35→1)/[M266529]육계건조엑스(22→1)/[M267315]육계연조엑스(8.4~10.2→1)/[M267418]육계연조엑스(6.7~10→1) /[C040523]작약/[C051307]백작약/[C051308]적작약/[C071158]작약엑스/[C082518]작약가루/[C085611]백작약초/[C088975]백작약가루/[C089531]백작약엑스산(패오니플로린으로서 133ㆍ2밀리그람)/[C089542]백작약엑스산/[C090093]작약엑스산/[C090789]작약초/[C092727]백작약연조엑스/[C093837]작약건조엑스/[C096770]작약추출물/[C312372]작약추출물/[C313826]백작약추출물/[C320059]참작약/[C402274]작약전초추출물/[C402275]작약뿌리추출물/[C404274]작약뿌리수/[C404275]작약뿌리가루/[C406079]작약가루/[C406080]작약껍질/수액추출물/[C406081]작약꽃추출물/[C406082]작약추출물/[C429024]작약꽃추출물/[C429025]작약나무껍질/수액추출물/[C429026]작약뿌리/[C429027]작약뿌리가루/[C429028]작약뿌리수/[C429029]작약뿌리추출물/[C429030]작약잎세포추출물/[C429031]작약추출물/[I006447]작약/[M040523]작약/[M051307]백작약/[M051308]적작약/[M071158]작약엑스/[M082518]작약가루/[M085611]백작약초/[M088975]백작약가루/[M090093]작약엑스산/[M090789]작약초/[M093837]작약건조엑스/[M103890]작약건조엑스(5.88→1)/[M201554]작약엑스가루/[M212494]백작약엑스 (5.9→1)/[M214365]작약추출물/[M241192]작약엑스(5.9->1)/[M243283]작약엑스(5.9->1)/[M245904]작약엑스 (5.9→1)/[M246879]작약추출액/[M261230]작약연조엑스(3.3∼4.0→1)
/[M262504]작약연조엑스(3.3~4.0→1)/[M263913]작약연조엑스(2.3∼3.2→1)/[M264309]작약연조엑스(3.03->1)/[M264379]작약연조엑스(2.4~3.0→1)/[M264643]작약연조엑스(3.03→1)/[M266482]작약연조엑스(2.8∼3.4→1)/[M266487]작약연조엑스(2.7~3.3→1)/[M266950]작약연조엑스(2.8∼3.4→1)/[M267310]작약연조엑스(2.9~3.5→1)/[M268068]작약연조엑스(2.8~3.4→1)/[M268187]작약연조엑스(2.8~3.4→1)/[M040579]카페인(함수)/[M040580]무수카페인/[M090611]카페인/[M223183]카페인무수물/[M223184]카페인수화물/[M241017]무수물카페인/[M040616]말레인산클로르페니라민/[M050213]말레인산덱스클로르페니라민/[M051529]클로르페니라민/[M082701]디엘말레인산클로르페니라민/[M083325]디말레인산클로르페니라민/[M099959]말레인산클로로페니라민/[M100018]말레산클로르페니라민/[M100476]디말레인산클로르페니라민/[M101581]디엘말레인산클로르페니라민/[M200471]말레인산클로르페니라민제피과립/[M202197]D-말레인산클로르페니라민/[M202204]DL-말레인산클로르페니라민/[M203913]클로르페니라민말레인산염/[M212847]클로르페니라민말레이트/[M223211]클로르페니라민말레산염/[M223212]d-클로르페니라민말레산염/[M223213]클로르페니라민말레산염 산/[M223214]클로르페니라민말레산염 정/[M223215]클로르페니라민말레산염 주사액/[M226783]dl-클로르페니라민말레산염/[M249715]덱스클로르페니라민 말레산염/[M251936]덱스클로르페니라민말레이트/[M051662]구연산티페피딘/[M051663]히벤즈산티페피딘/[M223274]티페피딘히벤즈산염 정/[M254445]티페피딘시트르산염","[01140]해열.진통.소염제","","4,000밀리그램",20180831,"아세트아미노펜으로서 4,000mg/day(모든제형, 단일제.복합제 포함)","","정상"
3723,"용량주의","복합",D000147,Acetaminophen,"아세트아미노펜","[D000493]Guaifenesin(구아이페네신)/[D000200]Dextromethorphan(덱스트로메토르판)/[D000296]Doxylamine(독시라민)/[D000448]Pseudoephedrine(슈도에페드린)","[M040353]아세트아미노펜/[M082309]아세트아미노펜제피세립/[M233006]아세트아미노펜 DC 500/600/[M246556]아세트아미노펜 (미분화)/[M262287]아세트아미노펜 과립/[M050058]구아이페네신/[M040084]브롬화수소산덱스트로메토르판/[M202983]덱스트로메토르판브롬화수소산염/[M222957]덱스트로메토르판브롬화수소산염수화물/[M226319]독시라민석시네이트/[M250452]독시라민숙신산염/[M050833]염산슈도에페드린/[M081720]황산슈도에페드린/[M203364]슈도에페드린염산염/[M222865]수도에페드린염산염/[M248579]수도에페드린황산염/[M256034]수도에페드린염산염 과립/[M258826]수도에페드린","[01140]해열.진통.소염제","","4,000밀리그램",20180831,"아세트아미노펜으로서 4,000mg/day(모든제형, 단일제.복합제 포함)","","정상"
3724,"용량주의","복합",D000147,Acetaminophen,"아세트아미노펜","[D000493]Guaifenesin(구아이페네신)/[D000200]Dextromethorphan(덱스트로메토르판)/[D000296]Doxylamine(독시라민)/[D000448]Pseudoephedrine(슈도에페드린)","[M040353]아세트아미노펜/[M082309]아세트아미노펜제피세립/[M233006]아세트아미노펜 DC 500/600/[M246556]아세트아미노펜 (미분화)/[M262287]아세트아미노펜 과립/[M050058]구아이페네신/[M040084]브롬화수소산덱스트로메토르판/[M202983]덱스트로메토르판브롬화수소산염/[M222957]덱스트로메토르판브롬화수소산염수화물/[M226319]독시라민석시네이트/[M250452]독시라민숙신산염/[M050833]염산슈도에페드린/[M081720]황산슈도에페드린/[M203364]슈도에페드린염산염/[M222865]수도에페드린염산염/[M248579]수도에페드린황산염/[M256034]수도에페드린염산염 과립/[M258826]수도에페드린","[01140]해열.진통.소염제","","4,000밀리그램",20180831,"아세트아미노펜으로서 4,000mg/day(모든제형, 단일제.복합제 포함)","","삭제"
3725,"용량주의","복합",D000147,Acetaminophen,"아세트아미노펜","[D000493]Guaifenesin(구아이페네신)/[D000200]Dextromethorphan(덱스트로메토르판)/[D000296]Doxylamine(독시라민)/[D000191]Phenylephrine(페닐레프린)","[M040353]아세트아미노펜/[M082309]아세트아미노펜제피세립/[M233006]아세트아미노펜 DC 500/600/[M246556]아세트아미노펜 (미분화)/[M262287]아세트아미노펜 과립/[M050058]구아이페네신/[M040084]브롬화수소산덱스트로메토르판/[M202983]덱스트로메토르판브롬화수소산염/[M222957]덱스트로메토르판브롬화수소산염수화물/[M226319]독시라민석시네이트/[M250452]독시라민숙신산염/[M040696]염산페닐에프린/[M222724]페닐레프린염산염/[M225151]페닐에프린염산염","[01140]해열.진통.소염제","","4,000밀리그램",20180831,"아세트아미노펜으로서 4,000mg/day(모든제형, 단일제.복합제 포함)","","정상"
3726,"용량주의","복합",D000147,Acetaminophen,"아세트아미노펜","[D000493]Guaifenesin(구아이페네신)/[D000200]Dextromethorphan(덱스트로메토르판)/[D000895]Diphenhydramine(디펜히드라민)/[D001116]Methylephedrine(메틸에페드린)","[M040353]아세트아미노펜/[M082309]아세트아미노펜제피세립/[M233006]아세트아미노펜 DC 500/600/[M246556]아세트아미노펜 (미분화)/[M262287]아세트아미노펜 과립/[M050058]구아이페네신/[M040084]브롬화수소산덱스트로메토르판/[M202983]덱스트로메토르판브롬화수소산염/[M222957]덱스트로메토르판브롬화수소산염수화물/[I006203]디펜히드라민탄느산염/[M040108]디펜히드라민/[M040110]염산디펜히드라민/[M050298]살리실산디펜히드라민/[M082024]구연산디펜히드라민/[M083318]디펜히드라민씨트레이트/[M200130]구연산디펜하이드라민/[M200353]디펜하이드라민/[M201255]염산디펜하이드라민/[M222973]디펜히드라민염산염/[M222974]디펜히드라민염산염 주사액/[M222975]디펜히드라민염산염 캡슐/[M222976]디펜히드라민탄닌산염/[M254160]디펜히드라민시트르산염/[M257663]디펜히드라민살리실산염/[A006116]메틸에페드린/[I006391]dl-메틸에페드린염산염/[M204422]dl-메틸에페드린염산염/[M223022]dl-메틸에페드린염산염 산 10%/[M235519]디엘메틸에페드린염산염/[M240608]dI-메틸에페드린염산염/[M240859]디엘-메틸에페드린염산염/[M252389]㎗-메틸에페드린염산염/[M264046]DL-메틸에페드린염산염","[01140]해열.진통.소염제","","4,000밀리그램",20180831,"아세트아미노펜으로서 4,000mg/day(모든제형, 단일제.복합제 포함)","","정상"
4182,"용량주의","단일",D000388,Gabapentin,"가바펜틴","","[M086012]가바펜틴/[M264220]가바펜틴","","","3600밀리그램",20190621,"","","삭제"
4183,"용량주의","단일",D000689,Galantamine,"갈란타민","","[M243021]갈란타민브롬화수소산염","","","24밀리그램",20190621,"","","삭제"
4184,"용량주의","단일",D000867,Labetalol,"라베타롤","","[M050323]염산라베타롤/[M257161]라베타롤염산염/[M257566]라베탈롤염산염","","용액주사제","200밀리그램",20190621,"","","삭제"
4185,"용량주의","단일",D000341,Ciprofibrate,"시프로피브레이트","","[M085636]시프로피브레이트","[02180]동맥경화용제","정제","시프로피브레이트 100밀리그램",20190621,"","","정상"
4186,"용량주의","단일",D001261,Alteplase,"알테플라제","","[A000779]알테플라제","","용액용동결건조분말주사제","100밀리그램",20190621,"-급성심근경색, 급성폐색전증: 100mg,   -급성허혈뇌졸증: 90mg","","삭제"
4187,"용량주의","단일",D001261,Alteplase,"알테플라제","","[A000779]알테플라제","","용액용동결건조분말주사제","90밀리그램",20190621,"-급성심근경색, 급성폐색전증: 100mg,   -급성허혈뇌졸증: 90mg","","삭제"
4188,"용량주의","단일",D001262,Dimenhydrinate,"디멘히드리네이트","","[A000183]디멘히드리네이트","[02350]최토제, 진토제","정제","디멘히드리네이트 200밀리그램",20190621,"","","정상"
4189,"용량주의","복합",D001262,Dimenhydrinate,"디멘히드리네이트","[D001266]Anhydrous Caffeine(카페인무수물)","[A000183]디멘히드리네이트/[M223183]카페인무수물","[02350]최토제, 진토제","필름코팅정","디멘히드리네이트 75밀리그램/카페인무수물 90밀리그램",20190621,"디멘히드리네이트 75mg, 카페인무수물 90mg","복합제","정상"
4190,"용량주의","복합",D001262,Dimenhydrinate,"디멘히드리네이트","[D001263]Cinnarizine(신나리진)","[A000183]디멘히드리네이트/[A000683]신나리진","[01160]진훈제","정제","디멘히드리네이트 200밀리그램/신나리진 100밀리그램",20190621,"디멘히드리네이트 200mg, 신나리진 100mg","복합제","정상"
4192,"용량주의","복합",D001262,Dimenhydrinate,"디멘히드리네이트","[D001264]Scopolamine Hydrobromide Hydrate(스코폴라민브롬화수소산염수화물)","[A000183]디멘히드리네이트/[M223081]스코폴라민브롬화수소산염수화물","[02350]최토제, 진토제","추어블정(저작정)","디멘히드리네이트 80밀리그램/스코폴라민브롬화수소산염수화물 0.5밀리그램",20190621,"디멘히드리네이트 80mg,  스코폴라민브롬화수소산염수화물0.5mg","복합제","정상"
3727,"용량주의","복합",D000147,Acetaminophen,"아세트아미노펜","[D000493]Guaifenesin(구아이페네신)/[D000200]Dextromethorphan(덱스트로메토르판)/[D000895]Diphenhydramine(디펜히드라민)/[D000448]Pseudoephedrine(슈도에페드린)","[M040353]아세트아미노펜/[M082309]아세트아미노펜제피세립/[M233006]아세트아미노펜 DC 500/600/[M246556]아세트아미노펜 (미분화)/[M262287]아세트아미노펜 과립/[M050058]구아이페네신/[M040084]브롬화수소산덱스트로메토르판/[M202983]덱스트로메토르판브롬화수소산염/[M222957]덱스트로메토르판브롬화수소산염수화물/[I006203]디펜히드라민탄느산염/[M040108]디펜히드라민/[M040110]염산디펜히드라민/[M050298]살리실산디펜히드라민/[M082024]구연산디펜히드라민/[M083318]디펜히드라민씨트레이트/[M200130]구연산디펜하이드라민/[M200353]디펜하이드라민/[M201255]염산디펜하이드라민/[M222973]디펜히드라민염산염/[M222974]디펜히드라민염산염 주사액/[M222975]디펜히드라민염산염 캡슐/[M222976]디펜히드라민탄닌산염/[M254160]디펜히드라민시트르산염/[M257663]디펜히드라민살리실산염/[M050833]염산슈도에페드린/[M081720]황산슈도에페드린/[M203364]슈도에페드린염산염/[M222865]수도에페드린염산염/[M248579]수도에페드린황산염/[M256034]수도에페드린염산염 과립/[M258826]수도에페드린","[01140]해열.진통.소염제","","4,000밀리그램",20180831,"아세트아미노펜으로서 4,000mg/day(모든제형, 단일제.복합제 포함)","","정상"
3728,"용량주의","복합",D000147,Acetaminophen,"아세트아미노펜","[D000493]Guaifenesin(구아이페네신)/[D000200]Dextromethorphan(덱스트로메토르판)/[D000895]Diphenhydramine(디펜히드라민)/[D000191]Phenylephrine(페닐레프린)","[M040353]아세트아미노펜/[M082309]아세트아미노펜제피세립/[M233006]아세트아미노펜 DC 500/600/[M246556]아세트아미노펜 (미분화)/[M262287]아세트아미노펜 과립/[M050058]구아이페네신/[M040084]브롬화수소산덱스트로메토르판/[M202983]덱스트로메토르판브롬화수소산염/[M222957]덱스트로메토르판브롬화수소산염수화물/[I006203]디펜히드라민탄느산염/[M040108]디펜히드라민/[M040110]염산디펜히드라민/[M050298]살리실산디펜히드라민/[M082024]구연산디펜히드라민/[M083318]디펜히드라민씨트레이트/[M200130]구연산디펜하이드라민/[M200353]디펜하이드라민/[M201255]염산디펜하이드라민/[M222973]디펜히드라민염산염/[M222974]디펜히드라민염산염 주사액/[M222975]디펜히드라민염산염 캡슐/[M222976]디펜히드라민탄닌산염/[M254160]디펜히드라민시트르산염/[M257663]디펜히드라민살리실산염/[M040696]염산페닐에프린/[M222724]페닐레프린염산염/[M225151]페닐에프린염산염","[01140]해열.진통.소염제","","4,000밀리그램",20180831,"아세트아미노펜으로서 4,000mg/day(모든제형, 단일제.복합제 포함)","","정상"
3730,"용량주의","복합",D000147,Acetaminophen,"아세트아미노펜","[D000493]Guaifenesin(구아이페네신)/[D000200]Dextromethorphan(덱스트로메토르판)/[D001116]Methylephedrine(메틸에페드린)/[D000893]Chlorpheniramine(클로르페니라민)","[M040353]아세트아미노펜/[M082309]아세트아미노펜제피세립/[M233006]아세트아미노펜 DC 500/600/[M246556]아세트아미노펜 (미분화)/[M262287]아세트아미노펜 과립/[M050058]구아이페네신/[M040084]브롬화수소산덱스트로메토르판/[M202983]덱스트로메토르판브롬화수소산염/[M222957]덱스트로메토르판브롬화수소산염수화물/[A006116]메틸에페드린/[I006391]dl-메틸에페드린염산염/[M204422]dl-메틸에페드린염산염/[M223022]dl-메틸에페드린염산염 산 10%/[M235519]디엘메틸에페드린염산염/[M240608]dI-메틸에페드린염산염/[M240859]디엘-메틸에페드린염산염/[M252389]㎗-메틸에페드린염산염/[M264046]DL-메틸에페드린염산염/[M040616]말레인산클로르페니라민/[M050213]말레인산덱스클로르페니라민/[M051529]클로르페니라민/[M082701]디엘말레인산클로르페니라민/[M083325]디말레인산클로르페니라민/[M099959]말레인산클로로페니라민/[M100018]말레산클로르페니라민/[M100476]디말레인산클로르페니라민/[M101581]디엘말레인산클로르페니라민/[M200471]말레인산클로르페니라민제피과립/[M202197]D-말레인산클로르페니라민/[M202204]DL-말레인산클로르페니라민/[M203913]클로르페니라민말레인산염/[M212847]클로르페니라민말레이트/[M223211]클로르페니라민말레산염/[M223212]d-클로르페니라민말레산염/[M223213]클로르페니라민말레산염 산/[M223214]클로르페니라민말레산염 정/[M223215]클로르페니라민말레산염 주사액/[M226783]dl-클로르페니라민말레산염/[M249715]덱스클로르페니라민 말레산염/[M251936]덱스클로르페니라민말레이트","[01140]해열.진통.소염제","","4,000밀리그램",20180831,"아세트아미노펜으로서 4,000mg/day(모든제형, 단일제.복합제 포함)","","정상"
4194,"용량주의","복합",D001262,Dimenhydrinate,"디멘히드리네이트","[D001266]Anhydrous Caffeine(카페인무수물)/[D001265]Pyridoxine Hydrochloride(피리독신염산염)","[A000183]디멘히드리네이트/[M223183]카페인무수물/[M204304]피리독신염산염","[02350]최토제, 진토제","시럽/경구용액제","디멘히드리네이트 150밀리그램/카페인무수물 60밀리그램/피리독신염산염 15밀리그램",20190621,"디멘히드리네이트 150mg,  카페인무수물 60mg,  피리독신염산염 15mg","복합제","정상"
4195,"용량주의","복합",D001262,Dimenhydrinate,"디멘히드리네이트","[D001266]Anhydrous Caffeine(카페인무수물)/[D001265]Pyridoxine Hydrochloride(피리독신염산염)","[A000183]디멘히드리네이트/[M223183]카페인무수물/[M204304]피리독신염산염","[02350]최토제, 진토제","시럽","디멘히드리네이트 120밀리그램",20190621,"디멘히드리네이트 120mg, 카페인무수물 18mg, 니코틴산아미드 30mg, 피리독신염산염 15mg","복합제","정상"
4196,"용량주의","복합",D001262,Dimenhydrinate,"디멘히드리네이트","[D001266]Anhydrous Caffeine(카페인무수물)/[D001265]Pyridoxine Hydrochloride(피리독신염산염)/[D001264]Scopolamine Hydrobromide Hydrate(스코폴라민브롬화수소산염수화물)","[A000183]디멘히드리네이트/[M223183]카페인무수물/[M204304]피리독신염산염/[M223081]스코폴라민브롬화수소산염수화물","[02350]최토제, 진토제","경구용액제","디멘히드리네이트 70밀리그램",20190621,"디멘히드리네이트 70mg, 카페인무수물 60mg, 니코틴산아미드 40mg, 피리독신염산염 10mg, 스코폴라민브롬화수소산염수화물 0.5mg","복합제","정상"
4198,"용량주의","단일",D001269,"Meclizine hydrochloride hydrate","메클리진 염산염수화물","","[M223008]메클리진염산염수화물","[02350]최토제, 진토제","정제","메클리진염산염수화물 75밀리그램",20190621,"","","정상"
3731,"용량주의","복합",D000147,Acetaminophen,"아세트아미노펜","[D000493]Guaifenesin(구아이페네신)/[D000200]Dextromethorphan(덱스트로메토르판)/[D001116]Methylephedrine(메틸에페드린)/[D000981]Cloperastine(클로페라스틴)","[M040353]아세트아미노펜/[M082309]아세트아미노펜제피세립/[M233006]아세트아미노펜 DC 500/600/[M246556]아세트아미노펜 (미분화)/[M262287]아세트아미노펜 과립/[M050058]구아이페네신/[M040084]브롬화수소산덱스트로메토르판/[M202983]덱스트로메토르판브롬화수소산염/[M222957]덱스트로메토르판브롬화수소산염수화물/[A006116]메틸에페드린/[I006391]dl-메틸에페드린염산염/[M204422]dl-메틸에페드린염산염/[M223022]dl-메틸에페드린염산염 산 10%/[M235519]디엘메틸에페드린염산염/[M240608]dI-메틸에페드린염산염/[M240859]디엘-메틸에페드린염산염/[M252389]㎗-메틸에페드린염산염/[M264046]DL-메틸에페드린염산염/[M051546]염산클로페라스틴/[M051547]펜디조산클로페라스틴/[M222890]클로페라스틴염산염","[01140]해열.진통.소염제","","4,000밀리그램",20180831,"아세트아미노펜으로서 4,000mg/day(모든제형, 단일제.복합제 포함)","","정상"
3732,"용량주의","복합",D000147,Acetaminophen,"아세트아미노펜","[D000493]Guaifenesin(구아이페네신)/[D000200]Dextromethorphan(덱스트로메토르판)/[D000134]Brompheniramine(브롬페니라민)/[D000448]Pseudoephedrine(슈도에페드린)","[M040353]아세트아미노펜/[M082309]아세트아미노펜제피세립/[M233006]아세트아미노펜 DC 500/600/[M246556]아세트아미노펜 (미분화)/[M262287]아세트아미노펜 과립/[M050058]구아이페네신/[M040084]브롬화수소산덱스트로메토르판/[M202983]덱스트로메토르판브롬화수소산염/[M222957]덱스트로메토르판브롬화수소산염수화물/[M050657]말레인산브롬페니라민/[M247022]브롬페니라민말레산염/[M050833]염산슈도에페드린/[M081720]황산슈도에페드린/[M203364]슈도에페드린염산염/[M222865]수도에페드린염산염/[M248579]수도에페드린황산염/[M256034]수도에페드린염산염 과립/[M258826]수도에페드린","[01140]해열.진통.소염제","","4,000밀리그램",20180831,"아세트아미노펜으로서 4,000mg/day(모든제형, 단일제.복합제 포함)","","정상"
3733,"용량주의","복합",D000147,Acetaminophen,"아세트아미노펜","[D000493]Guaifenesin(구아이페네신)/[D000200]Dextromethorphan(덱스트로메토르판)/[D000448]Pseudoephedrine(슈도에페드린)/[D001110]Carbinoxamine(카르비녹사민)","[M040353]아세트아미노펜/[M082309]아세트아미노펜제피세립/[M233006]아세트아미노펜 DC 500/600/[M246556]아세트아미노펜 (미분화)/[M262287]아세트아미노펜 과립/[M050058]구아이페네신/[M040084]브롬화수소산덱스트로메토르판/[M202983]덱스트로메토르판브롬화수소산염/[M222957]덱스트로메토르판브롬화수소산염수화물/[M050833]염산슈도에페드린/[M081720]황산슈도에페드린/[M203364]슈도에페드린염산염/[M222865]수도에페드린염산염/[M248579]수도에페드린황산염/[M256034]수도에페드린염산염 과립/[M258826]수도에페드린/[C051445]말레인산카르비녹사민/[C083490]말레인산카르비녹사민서방성과립/[C090108]카르비녹사민레지네이트/[C091587]말레인산카르비녹사민과립/[I000321]말레인산카르비녹사민/[M051445]말레인산카르비녹사민/[M071403]카르비녹사민 레지네이트/[M083490]말레인산카르비녹사민서방성과립/[M090108]카르비녹사민레지네이트/[M091587]말레인산카르비녹사민과립/[M200470]말레인산카르비녹사민서방과립/[M251260]카르비녹사민말레산염","[01140]해열.진통.소염제","","4,000밀리그램",20180831,"아세트아미노펜으로서 4,000mg/day(모든제형, 단일제.복합제 포함)","","정상"
3734,"용량주의","복합",D000147,Acetaminophen,"아세트아미노펜","[D000493]Guaifenesin(구아이페네신)/[D000200]Dextromethorphan(덱스트로메토르판)/[D000448]Pseudoephedrine(슈도에페드린)/[D000893]Chlorpheniramine(클로르페니라민)","[M040353]아세트아미노펜/[M082309]아세트아미노펜제피세립/[M233006]아세트아미노펜 DC 500/600/[M246556]아세트아미노펜 (미분화)/[M262287]아세트아미노펜 과립/[M050058]구아이페네신/[M040084]브롬화수소산덱스트로메토르판/[M202983]덱스트로메토르판브롬화수소산염/[M222957]덱스트로메토르판브롬화수소산염수화물/[M050833]염산슈도에페드린/[M081720]황산슈도에페드린/[M203364]슈도에페드린염산염/[M222865]수도에페드린염산염/[M248579]수도에페드린황산염/[M256034]수도에페드린염산염 과립/[M258826]수도에페드린/[M040616]말레인산클로르페니라민/[M050213]말레인산덱스클로르페니라민/[M051529]클로르페니라민/[M082701]디엘말레인산클로르페니라민/[M083325]디말레인산클로르페니라민/[M099959]말레인산클로로페니라민/[M100018]말레산클로르페니라민/[M100476]디말레인산클로르페니라민/[M101581]디엘말레인산클로르페니라민/[M200471]말레인산클로르페니라민제피과립/[M202197]D-말레인산클로르페니라민/[M202204]DL-말레인산클로르페니라민/[M203913]클로르페니라민말레인산염/[M212847]클로르페니라민말레이트/[M223211]클로르페니라민말레산염/[M223212]d-클로르페니라민말레산염/[M223213]클로르페니라민말레산염 산/[M223214]클로르페니라민말레산염 정/[M223215]클로르페니라민말레산염 주사액/[M226783]dl-클로르페니라민말레산염/[M249715]덱스클로르페니라민 말레산염/[M251936]덱스클로르페니라민말레이트","[01140]해열.진통.소염제","","4,000밀리그램",20180831,"아세트아미노펜으로서 4,000mg/day(모든제형, 단일제.복합제 포함)","","정상"
4199,"용량주의","복합",D001269,"Meclizine hydrochloride hydrate","메클리진 염산염수화물","[D001264]Scopolamine Hydrobromide Hydrate(스코폴라민브롬화수소산염수화물)","[M223008]메클리진염산염수화물/[M223081]스코폴라민브롬화수소산염수화물","[02350]최토제, 진토제","추어블정(저작정)","메클리진염산염수화물 50밀리그램/스코폴라민브롬화수소산염수화물 0.5밀리그램",20190621,"메클리진염산염수화물 50mg, 스코폴라민브롬화수소산염수화물 0.5mg","복합제","정상"
4200,"용량주의","복합",D001269,"Meclizine hydrochloride hydrate","메클리진 염산염수화물","[D001264]Scopolamine Hydrobromide Hydrate(스코폴라민브롬화수소산염수화물)","[M223008]메클리진염산염수화물/[M223081]스코폴라민브롬화수소산염수화물","[02350]최토제, 진토제","산제","메클리진염산염수화물 50밀리그램/스코폴라민브롬화수소산염수화물 0.2밀리그램",20190621,"메클리진염산염수화물 50mg,  스코폴라민브롬화수소산염수화물 0.2mg","복합제","정상"
4201,"용량주의","복합",D001269,"Meclizine hydrochloride hydrate","메클리진 염산염수화물","[D001266]Anhydrous Caffeine(카페인무수물)/[D001265]Pyridoxine Hydrochloride(피리독신염산염)","[M223008]메클리진염산염수화물/[M223183]카페인무수물/[M204304]피리독신염산염","[02350]최토제, 진토제","시럽","메클리진염산염수화물 75밀리그램",20190621,"메클리진염산염수화물 75mg, 카페인무수물 60mg, 피리독신염산염 15mg","복합제","정상"
3735,"용량주의","복합",D000147,Acetaminophen,"아세트아미노펜","[D000493]Guaifenesin(구아이페네신)/[D001101]Riboflavin(리보플라빈)/[D000893]Chlorpheniramine(클로르페니라민)/[D000981]Cloperastine(클로페라스틴)","[M040353]아세트아미노펜/[M082309]아세트아미노펜제피세립/[M233006]아세트아미노펜 DC 500/600/[M246556]아세트아미노펜 (미분화)/[M262287]아세트아미노펜 과립/[M050058]구아이페네신/[C040133]리보플라빈/[C040512]인산리보플라빈나트륨/[C050367]테트라부티르산리보플라빈/[C050368]인산리보플라빈/[C050369]리보플라빈-5-인산나트륨/[C081186]리보플라빈33 1/3%/[C082711]리보플라빈낙산에스텔/[C082719]리보플라빈331/3%산/[C083052]리보플라빈98%DC/[C083101]낙산리보플라빈/[C083163]리보플라빈98%/[C083404]리보플라빈33 1/3%과립/[C084424]염산리보플라빈나트륨/[C085688]직탁용리보플라빈98%/[C089984]리보플라빈인산나트륨/[C090982]리보플라빈산나트륨/[C091022]리보플라빈98%과립/[C091383]리보플라빈25%과립/[C092484]부티르산리보플라빈/[C100456]리보플라빈3배산/[C100480]인산리보플라빈나트륨이수화물/[C101969]리보플라빈E101/[C202525]리보플라빈/[C401176]리보플라빈/[C407713]소듐리보플라빈포스페이트/[C409503]리보플라빈테트라부티레이트/[C422825]리보플라빈/[C422826]리보플라빈테트라부티레이트/[C422827]리보플라빈테트라아세테이트/[C425375]소듐리보플라빈포스페이트/[I003529]리보플라빈/[I003530]리보플라빈포스페이트나트륨/[I006525]리보플라빈부티레이트/[I007430]인산리보플라빈/[I007658]인산리보플라빈나트륨이수화물/[I007907]리보플라빈산나트륨/[M040133]리보플라빈/[M040512]인산리보플라빈나트륨/[M050367]테트라부티르산리보플라빈/[M050368]인산리보플라빈/[M050369]리보플라빈-5-인산나트륨/[M081186]리보플라빈33 1/3%/[M082711]리보플라빈낙산에스텔/[M082719]리보플라빈33 1/3%산/[M083052]리보플라빈98%DC/[M083101]낙산리보플라빈/[M083163]리보플라빈98%/[M083404]리보플라빈33 1/3%과립/[M085688]직탁용리보플라빈98%/[M090982]리보플라빈산나트륨/[M091022]리보플라빈98%과립/[M091383]리보플라빈25%과립/[M092484]부티르산리보플라빈/[M100456]리보플라빈3배산/[M100480]인산리보플라빈나트륨이수화물/[M101969]리보플라빈E101/[M200421]리보플라빈33ㆍ3%/[M200422]리보플라빈33ㆍ3%과립/[M200423]리보플라빈33ㆍ3%산/[M203723]인산리보플라빈소듐/[M206124]조리보플라빈/[M216041]리보플라빈3배산(리보플라빈으로서 5밀리그램)/[M216399]리보플라빈 3배산(리보플라빈으로서 0.84밀리그램)/[M217503]리보플라빈인산에스텔나트륨/[M218021]안산리보플라빈나트륨/[M222995]리보플라빈부티레이트/[M222996]리보플라빈포스페이트나트륨/[M222997]리보플라빈포스페이트나트륨 주사액/[M232651]제피리보플라빈/[M249967]리보플라빈부틸레이트/[M249982]리보플라빈나트륨포스페이트/[M040616]말레인산클로르페니라민/[M050213]말레인산덱스클로르페니라민/[M051529]클로르페니라민/[M082701]디엘말레인산클로르페니라민/[M083325]디말레인산클로르페니라민/[M099959]말레인산클로로페니라민/[M100018]말레산클로르페니라민/[M100476]디말레인산클로르페니라민/[M101581]디엘말레인산클로르페니라민/[M200471]말레인산클로르페니라민제피과립/[M202197]D-말레인산클로르페니라민/[M202204]DL-말레인산클로르페니라민/[M203913]클로르페니라민말레인산염/[M212847]클로르페니라민말레이트/[M223211]클로르페니라민말레산염/[M223212]d-클로르페니라민말레산염/[M223213]클로르페니라민말레산염 산/[M223214]클로르페니라민말레산염 정/[M223215]클로르페니라민말레산염 주사액/[M226783]dl-클로르페니라민말레산염/[M249715]덱스클로르페니라민 말레산염/[M251936]덱스클로르페니라민말레이트/[M051546]염산클로페라스틴/[M051547]펜디조산클로페라스틴/[M222890]클로페라스틴염산염","[01140]해열.진통.소염제","","4,000밀리그램",20180831,"아세트아미노펜으로서 4,000mg/day(모든제형, 단일제.복합제 포함)","","정상"
3736,"용량주의","복합",D000147,Acetaminophen,"아세트아미노펜","[D000493]Guaifenesin(구아이페네신)/[D001116]Methylephedrine(메틸에페드린)/[D000448]Pseudoephedrine(슈도에페드린)/[D000893]Chlorpheniramine(클로르페니라민)","[M040353]아세트아미노펜/[M082309]아세트아미노펜제피세립/[M233006]아세트아미노펜 DC 500/600/[M246556]아세트아미노펜 (미분화)/[M262287]아세트아미노펜 과립/[M050058]구아이페네신/[A006116]메틸에페드린/[I006391]dl-메틸에페드린염산염/[M204422]dl-메틸에페드린염산염/[M223022]dl-메틸에페드린염산염 산 10%/[M235519]디엘메틸에페드린염산염/[M240608]dI-메틸에페드린염산염/[M240859]디엘-메틸에페드린염산염/[M252389]㎗-메틸에페드린염산염/[M264046]DL-메틸에페드린염산염/[M050833]염산슈도에페드린/[M081720]황산슈도에페드린/[M203364]슈도에페드린염산염/[M222865]수도에페드린염산염/[M248579]수도에페드린황산염/[M256034]수도에페드린염산염 과립/[M258826]수도에페드린/[M040616]말레인산클로르페니라민/[M050213]말레인산덱스클로르페니라민/[M051529]클로르페니라민/[M082701]디엘말레인산클로르페니라민/[M083325]디말레인산클로르페니라민/[M099959]말레인산클로로페니라민/[M100018]말레산클로르페니라민/[M100476]디말레인산클로르페니라민/[M101581]디엘말레인산클로르페니라민/[M200471]말레인산클로르페니라민제피과립/[M202197]D-말레인산클로르페니라민/[M202204]DL-말레인산클로르페니라민/[M203913]클로르페니라민말레인산염/[M212847]클로르페니라민말레이트/[M223211]클로르페니라민말레산염/[M223212]d-클로르페니라민말레산염/[M223213]클로르페니라민말레산염 산/[M223214]클로르페니라민말레산염 정/[M223215]클로르페니라민말레산염 주사액/[M226783]dl-클로르페니라민말레산염/[M249715]덱스클로르페니라민 말레산염/[M251936]덱스클로르페니라민말레이트","[01140]해열.진통.소염제","","4,000밀리그램",20180831,"아세트아미노펜으로서 4,000mg/day(모든제형, 단일제.복합제 포함)","","정상"
4202,"용량주의","복합",D001269,"Meclizine hydrochloride hydrate","메클리진 염산염수화물","[D001266]Anhydrous Caffeine(카페인무수물)/[D001264]Scopolamine Hydrobromide Hydrate(스코폴라민브롬화수소산염수화물)","[M223008]메클리진염산염수화물/[M223183]카페인무수물/[M223081]스코폴라민브롬화수소산염수화물","[02350]최토제, 진토제","정제/추어블정(저작정)","메클리진염산염수화물 50mg밀리그램",20190621,"메클리진염산염수화물 50mg,  카페인무수물  40mg,  스코폴라민브롬화수소산염수화물 0.4mg","복합제","정상"
3737,"용량주의","복합",D000147,Acetaminophen,"아세트아미노펜","[D000493]Guaifenesin(구아이페네신)/[D001116]Methylephedrine(메틸에페드린)/[D000448]Pseudoephedrine(슈도에페드린)/[D000893]Chlorpheniramine(클로르페니라민)","[M040353]아세트아미노펜/[M082309]아세트아미노펜제피세립/[M233006]아세트아미노펜 DC 500/600/[M246556]아세트아미노펜 (미분화)/[M262287]아세트아미노펜 과립/[M050058]구아이페네신/[A006116]메틸에페드린/[I006391]dl-메틸에페드린염산염/[M204422]dl-메틸에페드린염산염/[M223022]dl-메틸에페드린염산염 산 10%/[M235519]디엘메틸에페드린염산염/[M240608]dI-메틸에페드린염산염/[M240859]디엘-메틸에페드린염산염/[M252389]㎗-메틸에페드린염산염/[M264046]DL-메틸에페드린염산염/[M050833]염산슈도에페드린/[M081720]황산슈도에페드린/[M203364]슈도에페드린염산염/[M222865]수도에페드린염산염/[M248579]수도에페드린황산염/[M256034]수도에페드린염산염 과립/[M258826]수도에페드린/[M040616]말레인산클로르페니라민/[M050213]말레인산덱스클로르페니라민/[M051529]클로르페니라민/[M082701]디엘말레인산클로르페니라민/[M083325]디말레인산클로르페니라민/[M099959]말레인산클로로페니라민/[M100018]말레산클로르페니라민/[M100476]디말레인산클로르페니라민/[M101581]디엘말레인산클로르페니라민/[M200471]말레인산클로르페니라민제피과립/[M202197]D-말레인산클로르페니라민/[M202204]DL-말레인산클로르페니라민/[M203913]클로르페니라민말레인산염/[M212847]클로르페니라민말레이트/[M223211]클로르페니라민말레산염/[M223212]d-클로르페니라민말레산염/[M223213]클로르페니라민말레산염 산/[M223214]클로르페니라민말레산염 정/[M223215]클로르페니라민말레산염 주사액/[M226783]dl-클로르페니라민말레산염/[M249715]덱스클로르페니라민 말레산염/[M251936]덱스클로르페니라민말레이트","[01140]해열.진통.소염제","","4,000밀리그램",20180831,"아세트아미노펜으로서 4,000mg/day(모든제형, 단일제.복합제 포함)","","정상"
3738,"용량주의","복합",D000147,Acetaminophen,"아세트아미노펜","[D000493]Guaifenesin(구아이페네신)/[D001116]Methylephedrine(메틸에페드린)/[D000448]Pseudoephedrine(슈도에페드린)/[D000826]Triprolidine(트리프롤리딘)","[M040353]아세트아미노펜/[M082309]아세트아미노펜제피세립/[M233006]아세트아미노펜 DC 500/600/[M246556]아세트아미노펜 (미분화)/[M262287]아세트아미노펜 과립/[M050058]구아이페네신/[A006116]메틸에페드린/[I006391]dl-메틸에페드린염산염/[M204422]dl-메틸에페드린염산염/[M223022]dl-메틸에페드린염산염 산 10%/[M235519]디엘메틸에페드린염산염/[M240608]dI-메틸에페드린염산염/[M240859]디엘-메틸에페드린염산염/[M252389]㎗-메틸에페드린염산염/[M264046]DL-메틸에페드린염산염/[M050833]염산슈도에페드린/[M081720]황산슈도에페드린/[M203364]슈도에페드린염산염/[M222865]수도에페드린염산염/[M248579]수도에페드린황산염/[M256034]수도에페드린염산염 과립/[M258826]수도에페드린/[M051642]염산트리프롤리딘/[M241782]트리프롤리딘염산염/[M243192]트리프롤리딘염산염/[M243987]트리프롤리딘염산염/[M244139]트리프롤리딘염산염/[M246366]트리프로리딘염산염/[M250460]트리프롤리딘염산염수화물","[01140]해열.진통.소염제","","4,000밀리그램",20180831,"아세트아미노펜으로서 4,000mg/day(모든제형, 단일제.복합제 포함)","","정상"
3739,"용량주의","복합",D000147,Acetaminophen,"아세트아미노펜","[D000493]Guaifenesin(구아이페네신)/[D001116]Methylephedrine(메틸에페드린)/[D000852]Caffeine(카페인)/[D000893]Chlorpheniramine(클로르페니라민)","[M040353]아세트아미노펜/[M082309]아세트아미노펜제피세립/[M233006]아세트아미노펜 DC 500/600/[M246556]아세트아미노펜 (미분화)/[M262287]아세트아미노펜 과립/[M050058]구아이페네신/[A006116]메틸에페드린/[I006391]dl-메틸에페드린염산염/[M204422]dl-메틸에페드린염산염/[M223022]dl-메틸에페드린염산염 산 10%/[M235519]디엘메틸에페드린염산염/[M240608]dI-메틸에페드린염산염/[M240859]디엘-메틸에페드린염산염/[M252389]㎗-메틸에페드린염산염/[M264046]DL-메틸에페드린염산염/[M040579]카페인(함수)/[M040580]무수카페인/[M090611]카페인/[M223183]카페인무수물/[M223184]카페인수화물/[M241017]무수물카페인/[M040616]말레인산클로르페니라민/[M050213]말레인산덱스클로르페니라민/[M051529]클로르페니라민/[M082701]디엘말레인산클로르페니라민/[M083325]디말레인산클로르페니라민/[M099959]말레인산클로로페니라민/[M100018]말레산클로르페니라민/[M100476]디말레인산클로르페니라민/[M101581]디엘말레인산클로르페니라민/[M200471]말레인산클로르페니라민제피과립/[M202197]D-말레인산클로르페니라민/[M202204]DL-말레인산클로르페니라민/[M203913]클로르페니라민말레인산염/[M212847]클로르페니라민말레이트/[M223211]클로르페니라민말레산염/[M223212]d-클로르페니라민말레산염/[M223213]클로르페니라민말레산염 산/[M223214]클로르페니라민말레산염 정/[M223215]클로르페니라민말레산염 주사액/[M226783]dl-클로르페니라민말레산염/[M249715]덱스클로르페니라민 말레산염/[M251936]덱스클로르페니라민말레이트","[01140]해열.진통.소염제","","4,000밀리그램",20180831,"아세트아미노펜으로서 4,000mg/day(모든제형, 단일제.복합제 포함)","","정상"
4203,"용량주의","복합",D001269,"Meclizine hydrochloride hydrate","메클리진 염산염수화물","[D001266]Anhydrous Caffeine(카페인무수물)/[D001264]Scopolamine Hydrobromide Hydrate(스코폴라민브롬화수소산염수화물)","[M223008]메클리진염산염수화물/[M223183]카페인무수물/[M223081]스코폴라민브롬화수소산염수화물","[02350]최토제, 진토제","추어블정(저작정)","메클리진염산염수화물 50밀리그램",20190621,"메클리진염산염수화물  50mg,  카페인무수물 40mg,  스코폴라민브롬화수소산염수화물 0.5mg","복합제","정상"
4205,"용량주의","단일",D001270,Dalteparin,"달테파린","","[A000135]달테파린","[03330]혈액응고저지제","용액주사제","20,000아이.유",20190621,"1일최대용량 : 허혈성 심질환 : 20,000IU, 증상적 정맥 혈전색전증을 보이는 암환자 : 18,000IU","","삭제"
4206,"용량주의","단일",D000527,Rivaroxaban,"리바록사반","","[I012462]리바록사반(미세화)/[M254091]리바록사반(미세화)/[M264293]리바록사반(미분화)","[03330]혈액응고저지제","정제","리바록사반 20밀리그램",20190621,"(비판막성 심방세동 환자에서 뇌졸증 및 전신 색전증의 위험 감소) 리바록사반 20mg,  (심재성 정맥혈전증 및 폐색전증의 치료/심재성 정맥혈전증 및 폐색전증의 재발 위험 감소) 리바록사반 30mg","","정상"
3740,"용량주의","복합",D000147,Acetaminophen,"아세트아미노펜","[D000493]Guaifenesin(구아이페네신)/[D001116]Methylephedrine(메틸에페드린)/[D000852]Caffeine(카페인)/[D000932]Pentoxyverine(펜톡시베린)","[M040353]아세트아미노펜/[M082309]아세트아미노펜제피세립/[M233006]아세트아미노펜 DC 500/600/[M246556]아세트아미노펜 (미분화)/[M262287]아세트아미노펜 과립/[M050058]구아이페네신/[A006116]메틸에페드린/[I006391]dl-메틸에페드린염산염/[M204422]dl-메틸에페드린염산염/[M223022]dl-메틸에페드린염산염 산 10%/[M235519]디엘메틸에페드린염산염/[M240608]dI-메틸에페드린염산염/[M240859]디엘-메틸에페드린염산염/[M252389]㎗-메틸에페드린염산염/[M264046]DL-메틸에페드린염산염/[M040579]카페인(함수)/[M040580]무수카페인/[M090611]카페인/[M223183]카페인무수물/[M223184]카페인수화물/[M241017]무수물카페인/[M200134]구연산펜톡시베린/[M223287]펜톡시베린시트르산염","[01140]해열.진통.소염제","","4,000밀리그램",20180831,"아세트아미노펜으로서 4,000mg/day(모든제형, 단일제.복합제 포함)","","정상"
3741,"용량주의","복합",D000147,Acetaminophen,"아세트아미노펜","[D000493]Guaifenesin(구아이페네신)/[D001116]Methylephedrine(메틸에페드린)/[D000893]Chlorpheniramine(클로르페니라민)/[D000981]Cloperastine(클로페라스틴)","[M040353]아세트아미노펜/[M082309]아세트아미노펜제피세립/[M233006]아세트아미노펜 DC 500/600/[M246556]아세트아미노펜 (미분화)/[M262287]아세트아미노펜 과립/[M050058]구아이페네신/[A006116]메틸에페드린/[I006391]dl-메틸에페드린염산염/[M204422]dl-메틸에페드린염산염/[M223022]dl-메틸에페드린염산염 산 10%/[M235519]디엘메틸에페드린염산염/[M240608]dI-메틸에페드린염산염/[M240859]디엘-메틸에페드린염산염/[M252389]㎗-메틸에페드린염산염/[M264046]DL-메틸에페드린염산염/[M040616]말레인산클로르페니라민/[M050213]말레인산덱스클로르페니라민/[M051529]클로르페니라민/[M082701]디엘말레인산클로르페니라민/[M083325]디말레인산클로르페니라민/[M099959]말레인산클로로페니라민/[M100018]말레산클로르페니라민/[M100476]디말레인산클로르페니라민/[M101581]디엘말레인산클로르페니라민/[M200471]말레인산클로르페니라민제피과립/[M202197]D-말레인산클로르페니라민/[M202204]DL-말레인산클로르페니라민/[M203913]클로르페니라민말레인산염/[M212847]클로르페니라민말레이트/[M223211]클로르페니라민말레산염/[M223212]d-클로르페니라민말레산염/[M223213]클로르페니라민말레산염 산/[M223214]클로르페니라민말레산염 정/[M223215]클로르페니라민말레산염 주사액/[M226783]dl-클로르페니라민말레산염/[M249715]덱스클로르페니라민 말레산염/[M251936]덱스클로르페니라민말레이트/[M051546]염산클로페라스틴/[M051547]펜디조산클로페라스틴/[M222890]클로페라스틴염산염","[01140]해열.진통.소염제","","4,000밀리그램",20180831,"아세트아미노펜으로서 4,000mg/day(모든제형, 단일제.복합제 포함)","","정상"
3742,"용량주의","복합",D000147,Acetaminophen,"아세트아미노펜","[D000493]Guaifenesin(구아이페네신)/[D001116]Methylephedrine(메틸에페드린)/[D000893]Chlorpheniramine(클로르페니라민)","[M040353]아세트아미노펜/[M082309]아세트아미노펜제피세립/[M233006]아세트아미노펜 DC 500/600/[M246556]아세트아미노펜 (미분화)/[M262287]아세트아미노펜 과립/[M050058]구아이페네신/[A006116]메틸에페드린/[I006391]dl-메틸에페드린염산염/[M204422]dl-메틸에페드린염산염/[M223022]dl-메틸에페드린염산염 산 10%/[M235519]디엘메틸에페드린염산염/[M240608]dI-메틸에페드린염산염/[M240859]디엘-메틸에페드린염산염/[M252389]㎗-메틸에페드린염산염/[M264046]DL-메틸에페드린염산염/[M040616]말레인산클로르페니라민/[M050213]말레인산덱스클로르페니라민/[M051529]클로르페니라민/[M082701]디엘말레인산클로르페니라민/[M083325]디말레인산클로르페니라민/[M099959]말레인산클로로페니라민/[M100018]말레산클로르페니라민/[M100476]디말레인산클로르페니라민/[M101581]디엘말레인산클로르페니라민/[M200471]말레인산클로르페니라민제피과립/[M202197]D-말레인산클로르페니라민/[M202204]DL-말레인산클로르페니라민/[M203913]클로르페니라민말레인산염/[M212847]클로르페니라민말레이트/[M223211]클로르페니라민말레산염/[M223212]d-클로르페니라민말레산염/[M223213]클로르페니라민말레산염 산/[M223214]클로르페니라민말레산염 정/[M223215]클로르페니라민말레산염 주사액/[M226783]dl-클로르페니라민말레산염/[M249715]덱스클로르페니라민 말레산염/[M251936]덱스클로르페니라민말레이트","[01140]해열.진통.소염제","","4,000밀리그램",20180831,"아세트아미노펜으로서 4,000mg/day(모든제형, 단일제.복합제 포함)","","정상"
4207,"용량주의","복합",D000744,Alogliptin,"알로글립틴","[D000109]Pioglitazone(피오글리타존)","[A005744]알로글립틴/[M092005]염산피오글리타존/[M235069]피오글리타존염산염/[M260948]피오글리타존염","","","25밀리그램",20190621,"1일최대용량 : 알로글립틴  25mg,  피오글리타존 30mg","복합제","삭제"
4208,"용량주의","복합",D000744,Alogliptin,"알로글립틴","[D000109]Pioglitazone(피오글리타존)","[A005744]알로글립틴/[M092005]염산피오글리타존/[M235069]피오글리타존염산염/[M260948]피오글리타존염","[03960]당뇨병용제","정제","알로글립틴 25밀리그램/피오글리타존 30밀리그램",20190621,"알로글립틴  25mg,  피오글리타존 30mg","복합제","정상"
4209,"용량주의","복합",D000744,Alogliptin,"알로글립틴","[D001271]Metformin hydrochloride(메트포르민 염산염)","[A005744]알로글립틴/[M244179]메트포르민염산염","[03960]당뇨병용제","정제","알로글립틴 25밀리그램/메트포르민염산염 2,000밀리그램",20190621,"알로글립틴 25mg,  메트포르민염산염 2,000mg","복합제","정상"
4210,"용량주의","복합",D000420,Lobeglitazone,"로베글리타존","[D001271]Metformin hydrochloride(메트포르민 염산염)","[M255019]로베글리타존황산염/[M255021]로베글리타존황산염/[M244179]메트포르민염산염","[03960]당뇨병용제","서방정","로베글리타존황산염 0.5밀리그램/메트포르민염산염 2,000밀리그램",20190621,"로베글리타존황산염 0.5mg, 메트포르민염산염 2,000mg","복합제","정상"
4211,"용량주의","복합",D000335,Saxagliptin,"삭사글립틴","[D001271]Metformin hydrochloride(메트포르민 염산염)","[M251489]삭사글립틴수화물/[M244179]메트포르민염산염","[03960]당뇨병용제","서방정","5밀리그램",20190621,"1일최대용량 : 삭사글립틴 5mg,  메트포르민 염산염 2,000mg","복합제","삭제"
3743,"용량주의","복합",D000147,Acetaminophen,"아세트아미노펜","[D000493]Guaifenesin(구아이페네신)/[D000134]Brompheniramine(브롬페니라민)/[D000448]Pseudoephedrine(슈도에페드린)/[D000981]Cloperastine(클로페라스틴)","[M040353]아세트아미노펜/[M082309]아세트아미노펜제피세립/[M233006]아세트아미노펜 DC 500/600/[M246556]아세트아미노펜 (미분화)/[M262287]아세트아미노펜 과립/[M050058]구아이페네신/[M050657]말레인산브롬페니라민/[M247022]브롬페니라민말레산염/[M050833]염산슈도에페드린/[M081720]황산슈도에페드린/[M203364]슈도에페드린염산염/[M222865]수도에페드린염산염/[M248579]수도에페드린황산염/[M256034]수도에페드린염산염 과립/[M258826]수도에페드린/[M051546]염산클로페라스틴/[M051547]펜디조산클로페라스틴/[M222890]클로페라스틴염산염","[01140]해열.진통.소염제","","4,000밀리그램",20180831,"아세트아미노펜으로서 4,000mg/day(모든제형, 단일제.복합제 포함)","","정상"
3744,"용량주의","복합",D000147,Acetaminophen,"아세트아미노펜","[D000493]Guaifenesin(구아이페네신)/[D000448]Pseudoephedrine(슈도에페드린)/[D000852]Caffeine(카페인)/[D000893]Chlorpheniramine(클로르페니라민)","[M040353]아세트아미노펜/[M082309]아세트아미노펜제피세립/[M233006]아세트아미노펜 DC 500/600/[M246556]아세트아미노펜 (미분화)/[M262287]아세트아미노펜 과립/[M050058]구아이페네신/[M050833]염산슈도에페드린/[M081720]황산슈도에페드린/[M203364]슈도에페드린염산염/[M222865]수도에페드린염산염/[M248579]수도에페드린황산염/[M256034]수도에페드린염산염 과립/[M258826]수도에페드린/[M040579]카페인(함수)/[M040580]무수카페인/[M090611]카페인/[M223183]카페인무수물/[M223184]카페인수화물/[M241017]무수물카페인/[M040616]말레인산클로르페니라민/[M050213]말레인산덱스클로르페니라민/[M051529]클로르페니라민/[M082701]디엘말레인산클로르페니라민/[M083325]디말레인산클로르페니라민/[M099959]말레인산클로로페니라민/[M100018]말레산클로르페니라민/[M100476]디말레인산클로르페니라민/[M101581]디엘말레인산클로르페니라민/[M200471]말레인산클로르페니라민제피과립/[M202197]D-말레인산클로르페니라민/[M202204]DL-말레인산클로르페니라민/[M203913]클로르페니라민말레인산염/[M212847]클로르페니라민말레이트/[M223211]클로르페니라민말레산염/[M223212]d-클로르페니라민말레산염/[M223213]클로르페니라민말레산염 산/[M223214]클로르페니라민말레산염 정/[M223215]클로르페니라민말레산염 주사액/[M226783]dl-클로르페니라민말레산염/[M249715]덱스클로르페니라민 말레산염/[M251936]덱스클로르페니라민말레이트","[01140]해열.진통.소염제","","4,000밀리그램",20180831,"아세트아미노펜으로서 4,000mg/day(모든제형, 단일제.복합제 포함)","","정상"
3745,"용량주의","복합",D000147,Acetaminophen,"아세트아미노펜","[D000493]Guaifenesin(구아이페네신)/[D000448]Pseudoephedrine(슈도에페드린)/[D000893]Chlorpheniramine(클로르페니라민)/[D000981]Cloperastine(클로페라스틴)","[M040353]아세트아미노펜/[M082309]아세트아미노펜제피세립/[M233006]아세트아미노펜 DC 500/600/[M246556]아세트아미노펜 (미분화)/[M262287]아세트아미노펜 과립/[M050058]구아이페네신/[M050833]염산슈도에페드린/[M081720]황산슈도에페드린/[M203364]슈도에페드린염산염/[M222865]수도에페드린염산염/[M248579]수도에페드린황산염/[M256034]수도에페드린염산염 과립/[M258826]수도에페드린/[M040616]말레인산클로르페니라민/[M050213]말레인산덱스클로르페니라민/[M051529]클로르페니라민/[M082701]디엘말레인산클로르페니라민/[M083325]디말레인산클로르페니라민/[M099959]말레인산클로로페니라민/[M100018]말레산클로르페니라민/[M100476]디말레인산클로르페니라민/[M101581]디엘말레인산클로르페니라민/[M200471]말레인산클로르페니라민제피과립/[M202197]D-말레인산클로르페니라민/[M202204]DL-말레인산클로르페니라민/[M203913]클로르페니라민말레인산염/[M212847]클로르페니라민말레이트/[M223211]클로르페니라민말레산염/[M223212]d-클로르페니라민말레산염/[M223213]클로르페니라민말레산염 산/[M223214]클로르페니라민말레산염 정/[M223215]클로르페니라민말레산염 주사액/[M226783]dl-클로르페니라민말레산염/[M249715]덱스클로르페니라민 말레산염/[M251936]덱스클로르페니라민말레이트/[M051546]염산클로페라스틴/[M051547]펜디조산클로페라스틴/[M222890]클로페라스틴염산염","[01140]해열.진통.소염제","","4,000밀리그램",20180831,"아세트아미노펜으로서 4,000mg/day(모든제형, 단일제.복합제 포함)","","정상"
4212,"용량주의","단일",D000814,Simethicone,"시메티콘","","[M050855]시메치콘/[M098445]시메치콘파우더/[M223083]시메티콘","[02390]기타의 소화기관용약","구강붕해필름","시메티콘 500밀리그램",20190621,"","","정상"
4213,"용량주의","단일",D000696,Dexketoprofen,"덱스케토프로펜","","[M213126]덱스케토프로펜트로메타몰","[01140]해열.진통.소염제","필름코팅정","75밀리그램",20190621,"","","삭제"
4214,"용량주의","단일",D000696,Dexketoprofen,"덱스케토프로펜","","[M213126]덱스케토프로펜트로메타몰","[01140]해열.진통.소염제","용액주사제","덱스케토프로펜 150밀리그램",20190621,"","","정상"
4215,"용량주의","복합",D000696,Dexketoprofen,"덱스케토프로펜","[D001272]Tramadol Hydrochloride(트라마돌염산염)","[M213126]덱스케토프로펜트로메타몰/[M255410]트라마돌염산염","[01140]해열.진통.소염제","필름코팅정","덱스케토프로펜 75밀리그램/트라마돌염산염 225밀리그램",20190621,"덱스케토프로펜 75mg,  트라마돌염산염 225mg","복합제","정상"
4216,"용량주의","단일",D001273,Fampridine,"팜프리딘","","[A001267]팜프리딘","[01190]기타의 중추신경용약","필름코팅정","20밀리그램",20190621,"","","정상"
4217,"용량주의","단일",D001274,Bimatoprost,"비마토프로스트","","[A000476]비마토프로스트","[01310]안과용제","점안용액제","",20190621,"비마토프로스트 해당 제형(점안제)으로 1방울","","정상"
4218,"용량주의","단일",D001275,Latanoprost,"라타노프로스트","","[M089240]라타노프로스트","[01310]안과용제","점안용액제","",20190621,"","","정상"
4219,"용량주의","단일",D000481,Tafluprost,"타플루프로스트","","[M246721]타플루프로스트","[01310]안과용제","점안용액제","",20190621,"","","정상"
4220,"용량주의","단일",D000382,Travoprost,"트라보프로스트","","[M095517]트라보프로스트","","점안용액제","",20190621,"","","삭제"
4221,"용량주의","단일",D000382,Travoprost,"트라보프로스트","","[M095517]트라보프로스트","[01310]안과용제","점안용액제","",20190621,"","","정상"
3746,"용량주의","복합",D000147,Acetaminophen,"아세트아미노펜","[D000493]Guaifenesin(구아이페네신)/[D000448]Pseudoephedrine(슈도에페드린)/[D000893]Chlorpheniramine(클로르페니라민)/[D000933]Tipepidine(티페피딘)","[M040353]아세트아미노펜/[M082309]아세트아미노펜제피세립/[M233006]아세트아미노펜 DC 500/600/[M246556]아세트아미노펜 (미분화)/[M262287]아세트아미노펜 과립/[M050058]구아이페네신/[M050833]염산슈도에페드린/[M081720]황산슈도에페드린/[M203364]슈도에페드린염산염/[M222865]수도에페드린염산염/[M248579]수도에페드린황산염/[M256034]수도에페드린염산염 과립/[M258826]수도에페드린/[M040616]말레인산클로르페니라민/[M050213]말레인산덱스클로르페니라민/[M051529]클로르페니라민/[M082701]디엘말레인산클로르페니라민/[M083325]디말레인산클로르페니라민/[M099959]말레인산클로로페니라민/[M100018]말레산클로르페니라민/[M100476]디말레인산클로르페니라민/[M101581]디엘말레인산클로르페니라민/[M200471]말레인산클로르페니라민제피과립/[M202197]D-말레인산클로르페니라민/[M202204]DL-말레인산클로르페니라민/[M203913]클로르페니라민말레인산염/[M212847]클로르페니라민말레이트/[M223211]클로르페니라민말레산염/[M223212]d-클로르페니라민말레산염/[M223213]클로르페니라민말레산염 산/[M223214]클로르페니라민말레산염 정/[M223215]클로르페니라민말레산염 주사액/[M226783]dl-클로르페니라민말레산염/[M249715]덱스클로르페니라민 말레산염/[M251936]덱스클로르페니라민말레이트/[M051662]구연산티페피딘/[M051663]히벤즈산티페피딘/[M223274]티페피딘히벤즈산염 정/[M254445]티페피딘시트르산염","[01140]해열.진통.소염제","","4,000밀리그램",20180831,"아세트아미노펜으로서 4,000mg/day(모든제형, 단일제.복합제 포함)","","정상"
3747,"용량주의","복합",D000147,Acetaminophen,"아세트아미노펜","[D000493]Guaifenesin(구아이페네신)/[D000448]Pseudoephedrine(슈도에페드린)/[D000893]Chlorpheniramine(클로르페니라민)/[D000933]Tipepidine(티페피딘)","[M040353]아세트아미노펜/[M082309]아세트아미노펜제피세립/[M233006]아세트아미노펜 DC 500/600/[M246556]아세트아미노펜 (미분화)/[M262287]아세트아미노펜 과립/[M050058]구아이페네신/[M050833]염산슈도에페드린/[M081720]황산슈도에페드린/[M203364]슈도에페드린염산염/[M222865]수도에페드린염산염/[M248579]수도에페드린황산염/[M256034]수도에페드린염산염 과립/[M258826]수도에페드린/[M040616]말레인산클로르페니라민/[M050213]말레인산덱스클로르페니라민/[M051529]클로르페니라민/[M082701]디엘말레인산클로르페니라민/[M083325]디말레인산클로르페니라민/[M099959]말레인산클로로페니라민/[M100018]말레산클로르페니라민/[M100476]디말레인산클로르페니라민/[M101581]디엘말레인산클로르페니라민/[M200471]말레인산클로르페니라민제피과립/[M202197]D-말레인산클로르페니라민/[M202204]DL-말레인산클로르페니라민/[M203913]클로르페니라민말레인산염/[M212847]클로르페니라민말레이트/[M223211]클로르페니라민말레산염/[M223212]d-클로르페니라민말레산염/[M223213]클로르페니라민말레산염 산/[M223214]클로르페니라민말레산염 정/[M223215]클로르페니라민말레산염 주사액/[M226783]dl-클로르페니라민말레산염/[M249715]덱스클로르페니라민 말레산염/[M251936]덱스클로르페니라민말레이트/[M051662]구연산티페피딘/[M051663]히벤즈산티페피딘/[M223274]티페피딘히벤즈산염 정/[M254445]티페피딘시트르산염","[01140]해열.진통.소염제","","4,000밀리그램",20180831,"아세트아미노펜으로서 4,000mg/day(모든제형, 단일제.복합제 포함)","","정상"
3748,"용량주의","복합",D000147,Acetaminophen,"아세트아미노펜","[D000493]Guaifenesin(구아이페네신)/[D000155]Ephedrine(에페드린)/[D000852]Caffeine(카페인)/[D000893]Chlorpheniramine(클로르페니라민)","[M040353]아세트아미노펜/[M082309]아세트아미노펜제피세립/[M233006]아세트아미노펜 DC 500/600/[M246556]아세트아미노펜 (미분화)/[M262287]아세트아미노펜 과립/[M050058]구아이페네신/[M040420]염산에페드린/[M223155]에페드린염산염/[M040579]카페인(함수)/[M040580]무수카페인/[M090611]카페인/[M223183]카페인무수물/[M223184]카페인수화물/[M241017]무수물카페인/[M040616]말레인산클로르페니라민/[M050213]말레인산덱스클로르페니라민/[M051529]클로르페니라민/[M082701]디엘말레인산클로르페니라민/[M083325]디말레인산클로르페니라민/[M099959]말레인산클로로페니라민/[M100018]말레산클로르페니라민/[M100476]디말레인산클로르페니라민/[M101581]디엘말레인산클로르페니라민/[M200471]말레인산클로르페니라민제피과립/[M202197]D-말레인산클로르페니라민/[M202204]DL-말레인산클로르페니라민/[M203913]클로르페니라민말레인산염/[M212847]클로르페니라민말레이트/[M223211]클로르페니라민말레산염/[M223212]d-클로르페니라민말레산염/[M223213]클로르페니라민말레산염 산/[M223214]클로르페니라민말레산염 정/[M223215]클로르페니라민말레산염 주사액/[M226783]dl-클로르페니라민말레산염/[M249715]덱스클로르페니라민 말레산염/[M251936]덱스클로르페니라민말레이트","[01140]해열.진통.소염제","","4,000밀리그램",20180831,"아세트아미노펜으로서 4,000mg/day(모든제형, 단일제.복합제 포함)","","정상"
4222,"용량주의","복합",D001274,Bimatoprost,"비마토프로스트","[D000684]Timolol(티몰롤)","[A000476]비마토프로스트/[M051656]말레인산티몰롤/[M096214]말레인산티몰롤/[M222894]티몰롤말레산염/[M256384]티몰롤말레산염","[01310]안과용제","점안용액제","",20190621,"'비마토프로스트/티몰롤말레산염' 해당 제형(점안제)으로 1방울","복합제","정상"
4223,"용량주의","복합",D001275,Latanoprost,"라타노프로스트","[D000684]Timolol(티몰롤)","[M089240]라타노프로스트/[M051656]말레인산티몰롤/[M096214]말레인산티몰롤/[M222894]티몰롤말레산염/[M256384]티몰롤말레산염","[01310]안과용제","점안용액제","",20190621,"","복합제","정상"
4224,"용량주의","복합",D000481,Tafluprost,"타플루프로스트","[D000684]Timolol(티몰롤)","[M246721]타플루프로스트/[M051656]말레인산티몰롤/[M096214]말레인산티몰롤/[M222894]티몰롤말레산염/[M256384]티몰롤말레산염","[01310]안과용제","점안용액제","",20190621,"","복합제","정상"
4225,"용량주의","복합",D000382,Travoprost,"트라보프로스트","[D000684]Timolol(티몰롤)","[M095517]트라보프로스트/[M051656]말레인산티몰롤/[M096214]말레인산티몰롤/[M222894]티몰롤말레산염/[M256384]티몰롤말레산염","[01310]안과용제","점안용액제","",20190621,"","복합제","정상"
3749,"용량주의","복합",D000147,Acetaminophen,"아세트아미노펜","[D000493]Guaifenesin(구아이페네신)/[D000893]Chlorpheniramine(클로르페니라민)/[D000981]Cloperastine(클로페라스틴)/[D000191]Phenylephrine(페닐레프린)","[M040353]아세트아미노펜/[M082309]아세트아미노펜제피세립/[M233006]아세트아미노펜 DC 500/600/[M246556]아세트아미노펜 (미분화)/[M262287]아세트아미노펜 과립/[M050058]구아이페네신/[M040616]말레인산클로르페니라민/[M050213]말레인산덱스클로르페니라민/[M051529]클로르페니라민/[M082701]디엘말레인산클로르페니라민/[M083325]디말레인산클로르페니라민/[M099959]말레인산클로로페니라민/[M100018]말레산클로르페니라민/[M100476]디말레인산클로르페니라민/[M101581]디엘말레인산클로르페니라민/[M200471]말레인산클로르페니라민제피과립/[M202197]D-말레인산클로르페니라민/[M202204]DL-말레인산클로르페니라민/[M203913]클로르페니라민말레인산염/[M212847]클로르페니라민말레이트/[M223211]클로르페니라민말레산염/[M223212]d-클로르페니라민말레산염/[M223213]클로르페니라민말레산염 산/[M223214]클로르페니라민말레산염 정/[M223215]클로르페니라민말레산염 주사액/[M226783]dl-클로르페니라민말레산염/[M249715]덱스클로르페니라민 말레산염/[M251936]덱스클로르페니라민말레이트/[M051546]염산클로페라스틴/[M051547]펜디조산클로페라스틴/[M222890]클로페라스틴염산염/[M040696]염산페닐에프린/[M222724]페닐레프린염산염/[M225151]페닐에프린염산염","[01140]해열.진통.소염제","","4,000밀리그램",20180831,"아세트아미노펜으로서 4,000mg/day(모든제형, 단일제.복합제 포함)","","정상"
3750,"용량주의","복합",D000147,Acetaminophen,"아세트아미노펜","[D000200]Dextromethorphan(덱스트로메토르판)/[D000895]Diphenhydramine(디펜히드라민)/[D001116]Methylephedrine(메틸에페드린)/[D000448]Pseudoephedrine(슈도에페드린)","[M040353]아세트아미노펜/[M082309]아세트아미노펜제피세립/[M233006]아세트아미노펜 DC 500/600/[M246556]아세트아미노펜 (미분화)/[M262287]아세트아미노펜 과립/[M040084]브롬화수소산덱스트로메토르판/[M202983]덱스트로메토르판브롬화수소산염/[M222957]덱스트로메토르판브롬화수소산염수화물/[I006203]디펜히드라민탄느산염/[M040108]디펜히드라민/[M040110]염산디펜히드라민/[M050298]살리실산디펜히드라민/[M082024]구연산디펜히드라민/[M083318]디펜히드라민씨트레이트/[M200130]구연산디펜하이드라민/[M200353]디펜하이드라민/[M201255]염산디펜하이드라민/[M222973]디펜히드라민염산염/[M222974]디펜히드라민염산염 주사액/[M222975]디펜히드라민염산염 캡슐/[M222976]디펜히드라민탄닌산염/[M254160]디펜히드라민시트르산염/[M257663]디펜히드라민살리실산염/[A006116]메틸에페드린/[I006391]dl-메틸에페드린염산염/[M204422]dl-메틸에페드린염산염/[M223022]dl-메틸에페드린염산염 산 10%/[M235519]디엘메틸에페드린염산염/[M240608]dI-메틸에페드린염산염/[M240859]디엘-메틸에페드린염산염/[M252389]㎗-메틸에페드린염산염/[M264046]DL-메틸에페드린염산염/[M050833]염산슈도에페드린/[M081720]황산슈도에페드린/[M203364]슈도에페드린염산염/[M222865]수도에페드린염산염/[M248579]수도에페드린황산염/[M256034]수도에페드린염산염 과립/[M258826]수도에페드린","[01140]해열.진통.소염제","","4,000밀리그램",20180831,"아세트아미노펜으로서 4,000mg/day(모든제형, 단일제.복합제 포함)","","정상"
3751,"용량주의","복합",D000147,Acetaminophen,"아세트아미노펜","[D000200]Dextromethorphan(덱스트로메토르판)/[D001116]Methylephedrine(메틸에페드린)/[D000448]Pseudoephedrine(슈도에페드린)/[D000893]Chlorpheniramine(클로르페니라민)","[M040353]아세트아미노펜/[M082309]아세트아미노펜제피세립/[M233006]아세트아미노펜 DC 500/600/[M246556]아세트아미노펜 (미분화)/[M262287]아세트아미노펜 과립/[M040084]브롬화수소산덱스트로메토르판/[M202983]덱스트로메토르판브롬화수소산염/[M222957]덱스트로메토르판브롬화수소산염수화물/[A006116]메틸에페드린/[I006391]dl-메틸에페드린염산염/[M204422]dl-메틸에페드린염산염/[M223022]dl-메틸에페드린염산염 산 10%/[M235519]디엘메틸에페드린염산염/[M240608]dI-메틸에페드린염산염/[M240859]디엘-메틸에페드린염산염/[M252389]㎗-메틸에페드린염산염/[M264046]DL-메틸에페드린염산염/[M050833]염산슈도에페드린/[M081720]황산슈도에페드린/[M203364]슈도에페드린염산염/[M222865]수도에페드린염산염/[M248579]수도에페드린황산염/[M256034]수도에페드린염산염 과립/[M258826]수도에페드린/[M040616]말레인산클로르페니라민/[M050213]말레인산덱스클로르페니라민/[M051529]클로르페니라민/[M082701]디엘말레인산클로르페니라민/[M083325]디말레인산클로르페니라민/[M099959]말레인산클로로페니라민/[M100018]말레산클로르페니라민/[M100476]디말레인산클로르페니라민/[M101581]디엘말레인산클로르페니라민/[M200471]말레인산클로르페니라민제피과립/[M202197]D-말레인산클로르페니라민/[M202204]DL-말레인산클로르페니라민/[M203913]클로르페니라민말레인산염/[M212847]클로르페니라민말레이트/[M223211]클로르페니라민말레산염/[M223212]d-클로르페니라민말레산염/[M223213]클로르페니라민말레산염 산/[M223214]클로르페니라민말레산염 정/[M223215]클로르페니라민말레산염 주사액/[M226783]dl-클로르페니라민말레산염/[M249715]덱스클로르페니라민 말레산염/[M251936]덱스클로르페니라민말레이트","[01140]해열.진통.소염제","","4,000밀리그램",20180831,"아세트아미노펜으로서 4,000mg/day(모든제형, 단일제.복합제 포함)","","정상"
4226,"용량주의","단일",D000472,Iguratimod,"이그라티모드","","[M257333]이그라티모드","[01420]자격요법제(비특이성면역억제제를 포함)","정제","50밀리그램",20190621,"","","정상"
4227,"용량주의","단일",D000771,Tocilizumab,"토실리주맙","","[M254335]토실리주맙(숙주:CHO DXB11, 벡터:phPM1HL2, 종세포주:CHO V4)","[01420]자격요법제(비특이성면역억제제를 포함)","용액주사제","800밀리그램",20190621,"","","정상"
4228,"용량주의","단일",D000166,Indacaterol,"인다카테롤","","[M250690]인다카테롤말레산염","","흡입제, 미분류","300마이크로그램",20190621,"","","삭제"
4229,"용량주의","복합",D000166,Indacaterol,"인다카테롤","[D000984]Glycopyrronium(글리코피로니움)","[M250690]인다카테롤말레산염/[M259646]글리코피로니움브롬화물","[02290]기타의 호흡기관용약","정량흡입제, 분말제","110마이크로그램",20190621,"1일최대용량 : 인다카테롤 110마이크로그램 ,   글리코피로니움 50마이크로그램","복합제","정상"
3753,"용량주의","복합",D000147,Acetaminophen,"아세트아미노펜","[D001101]Riboflavin(리보플라빈)/[D001116]Methylephedrine(메틸에페드린)/[D000200]Dextromethorphan(덱스트로메토르판)/[D000893]Chlorpheniramine(클로르페니라민)","[M040353]아세트아미노펜/[M082309]아세트아미노펜제피세립/[M233006]아세트아미노펜 DC 500/600/[M246556]아세트아미노펜 (미분화)/[M262287]아세트아미노펜 과립/[C040133]리보플라빈/[C040512]인산리보플라빈나트륨/[C050367]테트라부티르산리보플라빈/[C050368]인산리보플라빈/[C050369]리보플라빈-5-인산나트륨/[C081186]리보플라빈33 1/3%/[C082711]리보플라빈낙산에스텔/[C082719]리보플라빈331/3%산/[C083052]리보플라빈98%DC/[C083101]낙산리보플라빈/[C083163]리보플라빈98%/[C083404]리보플라빈33 1/3%과립/[C084424]염산리보플라빈나트륨/[C085688]직탁용리보플라빈98%/[C089984]리보플라빈인산나트륨/[C090982]리보플라빈산나트륨/[C091022]리보플라빈98%과립/[C091383]리보플라빈25%과립/[C092484]부티르산리보플라빈/[C100456]리보플라빈3배산/[C100480]인산리보플라빈나트륨이수화물/[C101969]리보플라빈E101/[C202525]리보플라빈/[C401176]리보플라빈/[C407713]소듐리보플라빈포스페이트/[C409503]리보플라빈테트라부티레이트/[C422825]리보플라빈/[C422826]리보플라빈테트라부티레이트/[C422827]리보플라빈테트라아세테이트/[C425375]소듐리보플라빈포스페이트/[I003529]리보플라빈/[I003530]리보플라빈포스페이트나트륨/[I006525]리보플라빈부티레이트/[I007430]인산리보플라빈/[I007658]인산리보플라빈나트륨이수화물/[I007907]리보플라빈산나트륨/[M040133]리보플라빈/[M040512]인산리보플라빈나트륨/[M050367]테트라부티르산리보플라빈/[M050368]인산리보플라빈/[M050369]리보플라빈-5-인산나트륨/[M081186]리보플라빈33 1/3%/[M082711]리보플라빈낙산에스텔/[M082719]리보플라빈33 1/3%산/[M083052]리보플라빈98%DC/[M083101]낙산리보플라빈/[M083163]리보플라빈98%/[M083404]리보플라빈33 1/3%과립/[M085688]직탁용리보플라빈98%/[M090982]리보플라빈산나트륨/[M091022]리보플라빈98%과립/[M091383]리보플라빈25%과립/[M092484]부티르산리보플라빈/[M100456]리보플라빈3배산/[M100480]인산리보플라빈나트륨이수화물/[M101969]리보플라빈E101/[M200421]리보플라빈33ㆍ3%/[M200422]리보플라빈33ㆍ3%과립/[M200423]리보플라빈33ㆍ3%산/[M203723]인산리보플라빈소듐/[M206124]조리보플라빈/[M216041]리보플라빈3배산(리보플라빈으로서 5밀리그램)/[M216399]리보플라빈 3배산(리보플라빈으로서 0.84밀리그램)/[M217503]리보플라빈인산에스텔나트륨/[M218021]안산리보플라빈나트륨/[M222995]리보플라빈부티레이트/[M222996]리보플라빈포스페이트나트륨/[M222997]리보플라빈포스페이트나트륨 주사액/[M232651]제피리보플라빈/[M249967]리보플라빈부틸레이트/[M249982]리보플라빈나트륨포스페이트/[A006116]메틸에페드린/[I006391]dl-메틸에페드린염산염/[M204422]dl-메틸에페드린염산염/[M223022]dl-메틸에페드린염산염 산 10%/[M235519]디엘메틸에페드린염산염/[M240608]dI-메틸에페드린염산염/[M240859]디엘-메틸에페드린염산염/[M252389]㎗-메틸에페드린염산염/[M264046]DL-메틸에페드린염산염/[M040084]브롬화수소산덱스트로메토르판/[M202983]덱스트로메토르판브롬화수소산염/[M222957]덱스트로메토르판브롬화수소산염수화물/[M040616]말레인산클로르페니라민/[M050213]말레인산덱스클로르페니라민/[M051529]클로르페니라민/[M082701]디엘말레인산클로르페니라민/[M083325]디말레인산클로르페니라민/[M099959]말레인산클로로페니라민/[M100018]말레산클로르페니라민/[M100476]디말레인산클로르페니라민/[M101581]디엘말레인산클로르페니라민/[M200471]말레인산클로르페니라민제피과립/[M202197]D-말레인산클로르페니라민/[M202204]DL-말레인산클로르페니라민/[M203913]클로르페니라민말레인산염/[M212847]클로르페니라민말레이트/[M223211]클로르페니라민말레산염/[M223212]d-클로르페니라민말레산염/[M223213]클로르페니라민말레산염 산/[M223214]클로르페니라민말레산염 정/[M223215]클로르페니라민말레산염 주사액/[M226783]dl-클로르페니라민말레산염/[M249715]덱스클로르페니라민 말레산염/[M251936]덱스클로르페니라민말레이트","[01140]해열.진통.소염제","","4,000밀리그램",20180831,"아세트아미노펜으로서 4,000mg/day(모든제형, 단일제.복합제 포함)","","정상"
3755,"용량주의","복합",D000147,Acetaminophen,"아세트아미노펜","[D001102]Macmundong-tang(맥문동탕)/[D000852]Caffeine(카페인)/[D000893]Chlorpheniramine(클로르페니라민)/[D000933]Tipepidine(티페피딘)","[M040353]아세트아미노펜/[M082309]아세트아미노펜제피세립/[M233006]아세트아미노펜 DC 500/600/[M246556]아세트아미노펜 (미분화)/[M262287]아세트아미노펜 과립/[C088602]맥문동탕연조엑스/[M088602]맥문동탕연조엑스/[M218971]맥문동탕건조엑스/[M227974]맥문동탕 연조엑스(3.33→1)/[M239145]맥문동탕연조엑스(7.1→1)/[M261590]맥문동탕연조엑스(2.7→1)/[M261815]맥문동탕건조엑스(5.3→1)/[M040579]카페인(함수)/[M040580]무수카페인/[M090611]카페인/[M223183]카페인무수물/[M223184]카페인수화물/[M241017]무수물카페인/[M040616]말레인산클로르페니라민/[M050213]말레인산덱스클로르페니라민/[M051529]클로르페니라민/[M082701]디엘말레인산클로르페니라민/[M083325]디말레인산클로르페니라민/[M099959]말레인산클로로페니라민/[M100018]말레산클로르페니라민/[M100476]디말레인산클로르페니라민/[M101581]디엘말레인산클로르페니라민/[M200471]말레인산클로르페니라민제피과립/[M202197]D-말레인산클로르페니라민/[M202204]DL-말레인산클로르페니라민/[M203913]클로르페니라민말레인산염/[M212847]클로르페니라민말레이트/[M223211]클로르페니라민말레산염/[M223212]d-클로르페니라민말레산염/[M223213]클로르페니라민말레산염 산/[M223214]클로르페니라민말레산염 정/[M223215]클로르페니라민말레산염 주사액/[M226783]dl-클로르페니라민말레산염/[M249715]덱스클로르페니라민 말레산염/[M251936]덱스클로르페니라민말레이트/[M051662]구연산티페피딘/[M051663]히벤즈산티페피딘/[M223274]티페피딘히벤즈산염 정/[M254445]티페피딘시트르산염","[01140]해열.진통.소염제","","4,000밀리그램",20180831,"아세트아미노펜으로서 4,000mg/day(모든제형, 단일제.복합제 포함)","","정상"
4230,"용량주의","단일",D001006,Tiotropium,"티오트로피움","","[M100354]브롬화티오트로피움일수화물/[M260630]티오트로퓸브롬화물수화물/[M261811]브롬화티오트로피움일수화물(미분화)/[M265286]티오트로퓸브롬화물(미분화)","[02290]기타의 호흡기관용약","정량흡입제, 분말제","18마이크로그램",20190621,"","","정상"
3754,"용량주의","복합",D000147,Acetaminophen,"아세트아미노펜","[D001101]Riboflavin(리보플라빈)/[D000155]Ephedrine(에페드린)/[D000852]Caffeine(카페인)/[D000998]Thiamine(티아민)","[M040353]아세트아미노펜/[M082309]아세트아미노펜제피세립/[M233006]아세트아미노펜 DC 500/600/[M246556]아세트아미노펜 (미분화)/[M262287]아세트아미노펜 과립/[C040133]리보플라빈/[C040512]인산리보플라빈나트륨/[C050367]테트라부티르산리보플라빈/[C050368]인산리보플라빈/[C050369]리보플라빈-5-인산나트륨/[C081186]리보플라빈33 1/3%/[C082711]리보플라빈낙산에스텔/[C082719]리보플라빈331/3%산/[C083052]리보플라빈98%DC/[C083101]낙산리보플라빈/[C083163]리보플라빈98%/[C083404]리보플라빈33 1/3%과립/[C084424]염산리보플라빈나트륨/[C085688]직탁용리보플라빈98%/[C089984]리보플라빈인산나트륨/[C090982]리보플라빈산나트륨/[C091022]리보플라빈98%과립/[C091383]리보플라빈25%과립/[C092484]부티르산리보플라빈/[C100456]리보플라빈3배산/[C100480]인산리보플라빈나트륨이수화물/[C101969]리보플라빈E101/[C202525]리보플라빈/[C401176]리보플라빈/[C407713]소듐리보플라빈포스페이트/[C409503]리보플라빈테트라부티레이트/[C422825]리보플라빈/[C422826]리보플라빈테트라부티레이트/[C422827]리보플라빈테트라아세테이트/[C425375]소듐리보플라빈포스페이트/[I003529]리보플라빈/[I003530]리보플라빈포스페이트나트륨/[I006525]리보플라빈부티레이트/[I007430]인산리보플라빈/[I007658]인산리보플라빈나트륨이수화물/[I007907]리보플라빈산나트륨/[M040133]리보플라빈/[M040512]인산리보플라빈나트륨/[M050367]테트라부티르산리보플라빈/[M050368]인산리보플라빈/[M050369]리보플라빈-5-인산나트륨/[M081186]리보플라빈33 1/3%/[M082711]리보플라빈낙산에스텔/[M082719]리보플라빈33 1/3%산/[M083052]리보플라빈98%DC/[M083101]낙산리보플라빈/[M083163]리보플라빈98%/[M083404]리보플라빈33 1/3%과립/[M085688]직탁용리보플라빈98%/[M090982]리보플라빈산나트륨/[M091022]리보플라빈98%과립/[M091383]리보플라빈25%과립/[M092484]부티르산리보플라빈/[M100456]리보플라빈3배산/[M100480]인산리보플라빈나트륨이수화물/[M101969]리보플라빈E101/[M200421]리보플라빈33ㆍ3%/[M200422]리보플라빈33ㆍ3%과립/[M200423]리보플라빈33ㆍ3%산/[M203723]인산리보플라빈소듐/[M206124]조리보플라빈/[M216041]리보플라빈3배산(리보플라빈으로서 5밀리그램)/[M216399]리보플라빈 3배산(리보플라빈으로서 0.84밀리그램)/[M217503]리보플라빈인산에스텔나트륨/[M218021]안산리보플라빈나트륨/[M222995]리보플라빈부티레이트/[M222996]리보플라빈포스페이트나트륨/[M222997]리보플라빈포스페이트나트륨 주사액/[M232651]제피리보플라빈/[M249967]리보플라빈부틸레이트/[M249982]리보플라빈나트륨포스페이트/[M040420]염산에페드린/[M223155]에페드린염산염/[M040579]카페인(함수)/[M040580]무수카페인/[M090611]카페인/[M223183]카페인무수물/[M223184]카페인수화물/[M241017]무수물카페인/[M223258]티아민염산염/[M223262]티아민질산염/[M243282]티아민질산염3배산","[01140]해열.진통.소염제","","4,000밀리그램",20180831,"아세트아미노펜으로서 4,000mg/day(모든제형, 단일제.복합제 포함)","","정상"
3756,"용량주의","복합",D000147,Acetaminophen,"아세트아미노펜","[D001116]Methylephedrine(메틸에페드린)/[D000448]Pseudoephedrine(슈도에페드린)/[D000893]Chlorpheniramine(클로르페니라민)/[D000933]Tipepidine(티페피딘)","[M040353]아세트아미노펜/[M082309]아세트아미노펜제피세립/[M233006]아세트아미노펜 DC 500/600/[M246556]아세트아미노펜 (미분화)/[M262287]아세트아미노펜 과립/[A006116]메틸에페드린/[I006391]dl-메틸에페드린염산염/[M204422]dl-메틸에페드린염산염/[M223022]dl-메틸에페드린염산염 산 10%/[M235519]디엘메틸에페드린염산염/[M240608]dI-메틸에페드린염산염/[M240859]디엘-메틸에페드린염산염/[M252389]㎗-메틸에페드린염산염/[M264046]DL-메틸에페드린염산염/[M050833]염산슈도에페드린/[M081720]황산슈도에페드린/[M203364]슈도에페드린염산염/[M222865]수도에페드린염산염/[M248579]수도에페드린황산염/[M256034]수도에페드린염산염 과립/[M258826]수도에페드린/[M040616]말레인산클로르페니라민/[M050213]말레인산덱스클로르페니라민/[M051529]클로르페니라민/[M082701]디엘말레인산클로르페니라민/[M083325]디말레인산클로르페니라민/[M099959]말레인산클로로페니라민/[M100018]말레산클로르페니라민/[M100476]디말레인산클로르페니라민/[M101581]디엘말레인산클로르페니라민/[M200471]말레인산클로르페니라민제피과립/[M202197]D-말레인산클로르페니라민/[M202204]DL-말레인산클로르페니라민/[M203913]클로르페니라민말레인산염/[M212847]클로르페니라민말레이트/[M223211]클로르페니라민말레산염/[M223212]d-클로르페니라민말레산염/[M223213]클로르페니라민말레산염 산/[M223214]클로르페니라민말레산염 정/[M223215]클로르페니라민말레산염 주사액/[M226783]dl-클로르페니라민말레산염/[M249715]덱스클로르페니라민 말레산염/[M251936]덱스클로르페니라민말레이트/[M051662]구연산티페피딘/[M051663]히벤즈산티페피딘/[M223274]티페피딘히벤즈산염 정/[M254445]티페피딘시트르산염","[01140]해열.진통.소염제","","4,000밀리그램",20180831,"아세트아미노펜으로서 4,000mg/day(모든제형, 단일제.복합제 포함)","","정상"
4231,"용량주의","단일",D001006,Tiotropium,"티오트로피움","","[M100354]브롬화티오트로피움일수화물/[M260630]티오트로퓸브롬화물수화물/[M261811]브롬화티오트로피움일수화물(미분화)/[M265286]티오트로퓸브롬화물(미분화)","[02290]기타의 호흡기관용약","정량흡입제, 용액제","5마이크로그램",20190621,"","","정상"
4232,"용량주의","단일",D000581,Calcitriol,"칼시트리올","","[M082905]칼시트리올","","피부연고제","",20190621,"","","삭제"
4233,"용량주의","단일",D001276,Calcipotriol,"칼시포트리올","","[A001093]칼시포트리올","[02690]기타의 외피용약","피부액제","",20190621,"1일최대용량 : ""1주 60ml(Calcipotriol로 1주 3mg)""","","정상"
4234,"용량주의","단일",D001276,Calcipotriol,"칼시포트리올","","[A001093]칼시포트리올","[02690]기타의 외피용약","피부연고제","",20190621,"1일최대용량 : ""1주 100g(1일 약 15g, Calcipotriol로 1일 약 750㎍)""","","정상"
4235,"용량주의","복합",D001276,Calcipotriol,"칼시포트리올","[D000132]Betamethasone(베타메타손)","[A001093]칼시포트리올/[M040218]베타메타손/[M050570]베타메타손인산나트륨/[M070721]디프로피온산베타메타손/[M200675]베타메타손디프로피오네이트/[M223044]베타메타손포스페이트나트륨","[02690]기타의 외피용약","피부연고제/피부용겔제/포말에어로솔","",20190621,"1일최대용량 : 15g (Calcipotriol로 750㎍)","복합제","정상"
3757,"용량주의","복합",D000147,Acetaminophen,"아세트아미노펜","[D001116]Methylephedrine(메틸에페드린)/[D000847]Ethenzamide(에텐자미드)/[D000852]Caffeine(카페인)/[D000893]Chlorpheniramine(클로르페니라민)","[M040353]아세트아미노펜/[M082309]아세트아미노펜제피세립/[M233006]아세트아미노펜 DC 500/600/[M246556]아세트아미노펜 (미분화)/[M262287]아세트아미노펜 과립/[A006116]메틸에페드린/[I006391]dl-메틸에페드린염산염/[M204422]dl-메틸에페드린염산염/[M223022]dl-메틸에페드린염산염 산 10%/[M235519]디엘메틸에페드린염산염/[M240608]dI-메틸에페드린염산염/[M240859]디엘-메틸에페드린염산염/[M252389]㎗-메틸에페드린염산염/[M264046]DL-메틸에페드린염산염/[M040417]에텐자미드/[M095771]에덴자미드/[M040579]카페인(함수)/[M040580]무수카페인/[M090611]카페인/[M223183]카페인무수물/[M223184]카페인수화물/[M241017]무수물카페인/[M040616]말레인산클로르페니라민/[M050213]말레인산덱스클로르페니라민/[M051529]클로르페니라민/[M082701]디엘말레인산클로르페니라민/[M083325]디말레인산클로르페니라민/[M099959]말레인산클로로페니라민/[M100018]말레산클로르페니라민/[M100476]디말레인산클로르페니라민/[M101581]디엘말레인산클로르페니라민/[M200471]말레인산클로르페니라민제피과립/[M202197]D-말레인산클로르페니라민/[M202204]DL-말레인산클로르페니라민/[M203913]클로르페니라민말레인산염/[M212847]클로르페니라민말레이트/[M223211]클로르페니라민말레산염/[M223212]d-클로르페니라민말레산염/[M223213]클로르페니라민말레산염 산/[M223214]클로르페니라민말레산염 정/[M223215]클로르페니라민말레산염 주사액/[M226783]dl-클로르페니라민말레산염/[M249715]덱스클로르페니라민 말레산염/[M251936]덱스클로르페니라민말레이트","[01140]해열.진통.소염제","","4,000밀리그램",20180831,"아세트아미노펜으로서 4,000mg/day(모든제형, 단일제.복합제 포함)","","정상"
3758,"용량주의","복합",D000147,Acetaminophen,"아세트아미노펜","[D001116]Methylephedrine(메틸에페드린)/[D000852]Caffeine(카페인)/[D000893]Chlorpheniramine(클로르페니라민)/[D000933]Tipepidine(티페피딘)","[M040353]아세트아미노펜/[M082309]아세트아미노펜제피세립/[M233006]아세트아미노펜 DC 500/600/[M246556]아세트아미노펜 (미분화)/[M262287]아세트아미노펜 과립/[A006116]메틸에페드린/[I006391]dl-메틸에페드린염산염/[M204422]dl-메틸에페드린염산염/[M223022]dl-메틸에페드린염산염 산 10%/[M235519]디엘메틸에페드린염산염/[M240608]dI-메틸에페드린염산염/[M240859]디엘-메틸에페드린염산염/[M252389]㎗-메틸에페드린염산염/[M264046]DL-메틸에페드린염산염/[M040579]카페인(함수)/[M040580]무수카페인/[M090611]카페인/[M223183]카페인무수물/[M223184]카페인수화물/[M241017]무수물카페인/[M040616]말레인산클로르페니라민/[M050213]말레인산덱스클로르페니라민/[M051529]클로르페니라민/[M082701]디엘말레인산클로르페니라민/[M083325]디말레인산클로르페니라민/[M099959]말레인산클로로페니라민/[M100018]말레산클로르페니라민/[M100476]디말레인산클로르페니라민/[M101581]디엘말레인산클로르페니라민/[M200471]말레인산클로르페니라민제피과립/[M202197]D-말레인산클로르페니라민/[M202204]DL-말레인산클로르페니라민/[M203913]클로르페니라민말레인산염/[M212847]클로르페니라민말레이트/[M223211]클로르페니라민말레산염/[M223212]d-클로르페니라민말레산염/[M223213]클로르페니라민말레산염 산/[M223214]클로르페니라민말레산염 정/[M223215]클로르페니라민말레산염 주사액/[M226783]dl-클로르페니라민말레산염/[M249715]덱스클로르페니라민 말레산염/[M251936]덱스클로르페니라민말레이트/[M051662]구연산티페피딘/[M051663]히벤즈산티페피딘/[M223274]티페피딘히벤즈산염 정/[M254445]티페피딘시트르산염","[01140]해열.진통.소염제","","4,000밀리그램",20180831,"아세트아미노펜으로서 4,000mg/day(모든제형, 단일제.복합제 포함)","","정상"
3759,"용량주의","복합",D000147,Acetaminophen,"아세트아미노펜","[D001104]Sochoengryoung-tang(소청룡탕)/[D000448]Pseudoephedrine(슈도에페드린)/[D000852]Caffeine(카페인)/[D000893]Chlorpheniramine(클로르페니라민)","[M040353]아세트아미노펜/[M082309]아세트아미노펜제피세립/[M233006]아세트아미노펜 DC 500/600/[M246556]아세트아미노펜 (미분화)/[M262287]아세트아미노펜 과립/[C040140]소청룡탕건조엑스/[C080611]소청룡탕유동엑스/[C083503]소청룡탕엑스분말/[C086635]소청룡탕연조엑스/[C091418]소청룡탕물연조엑스/[C101353]소청룡탕엑스(13 →1)/[M040140]소청룡탕건조엑스/[M080611]소청룡탕유동엑스/[M083503]소청룡탕엑스분말/[M086635]소청룡탕연조엑스/[M091418]소청룡탕물연조엑스/[M101353]소청룡탕엑스(13 →1)/[M102718]소청룡탕건조엑스(13→1)/[M103669]소청룡탕연조엑스(6.3→1)/[M104005]소청룡탕엑스/[M104399]소청룡탕건조엑스(4.4:1)/[M104719]소청룡탕건조엑스(7.69→1)/[M104745]소청룡탕건조엑스(9.00→1)/[M104829]소청룡탕건조엑스(7.30→1)/[M105817]소청룡탕엑스분말(8.4→1)/[M107273]소청룡탕건조엑스(10→1)/[M201011]소청룡탕엑스가루/[M207025]소청룡탕건조엑스(13:1)/[M229051]소청룡탕 연조엑스(3.57→1)/[M240280]소청룡탕건조엑스(9.47:1)/[M252443]소청룡탕연조엑스[2.77→1]/[M260766]소청룡탕연조엑스(1.67→1)/[M261813]소청룡탕연조엑스(6.3→1)/[M261859]소청룡탕건조엑스(6.0→1)/[M050833]염산슈도에페드린/[M081720]황산슈도에페드린/[M203364]슈도에페드린염산염/[M222865]수도에페드린염산염/[M248579]수도에페드린황산염/[M256034]수도에페드린염산염 과립/[M258826]수도에페드린/[M040579]카페인(함수)/[M040580]무수카페인/[M090611]카페인/[M223183]카페인무수물/[M223184]카페인수화물/[M241017]무수물카페인/[M040616]말레인산클로르페니라민/[M050213]말레인산덱스클로르페니라민/[M051529]클로르페니라민/[M082701]디엘말레인산클로르페니라민/[M083325]디말레인산클로르페니라민/[M099959]말레인산클로로페니라민/[M100018]말레산클로르페니라민/[M100476]디말레인산클로르페니라민/[M101581]디엘말레인산클로르페니라민/[M200471]말레인산클로르페니라민제피과립/[M202197]D-말레인산클로르페니라민/[M202204]DL-말레인산클로르페니라민/[M203913]클로르페니라민말레인산염/[M212847]클로르페니라민말레이트/[M223211]클로르페니라민말레산염/[M223212]d-클로르페니라민말레산염/[M223213]클로르페니라민말레산염 산/[M223214]클로르페니라민말레산염 정/[M223215]클로르페니라민말레산염 주사액/[M226783]dl-클로르페니라민말레산염/[M249715]덱스클로르페니라민 말레산염/[M251936]덱스클로르페니라민말레이트","[01140]해열.진통.소염제","","4,000밀리그램",20180831,"아세트아미노펜으로서 4,000mg/day(모든제형, 단일제.복합제 포함)","","정상"
3760,"용량주의","복합",D000147,Acetaminophen,"아세트아미노펜","[D001104]Sochoengryoung-tang(소청룡탕)/[D000852]Caffeine(카페인)/[D000893]Chlorpheniramine(클로르페니라민)/[D000933]Tipepidine(티페피딘)","[M040353]아세트아미노펜/[M082309]아세트아미노펜제피세립/[M233006]아세트아미노펜 DC 500/600/[M246556]아세트아미노펜 (미분화)/[M262287]아세트아미노펜 과립/[C040140]소청룡탕건조엑스/[C080611]소청룡탕유동엑스/[C083503]소청룡탕엑스분말/[C086635]소청룡탕연조엑스/[C091418]소청룡탕물연조엑스/[C101353]소청룡탕엑스(13 →1)/[M040140]소청룡탕건조엑스/[M080611]소청룡탕유동엑스/[M083503]소청룡탕엑스분말/[M086635]소청룡탕연조엑스/[M091418]소청룡탕물연조엑스/[M101353]소청룡탕엑스(13 →1)/[M102718]소청룡탕건조엑스(13→1)/[M103669]소청룡탕연조엑스(6.3→1)/[M104005]소청룡탕엑스/[M104399]소청룡탕건조엑스(4.4:1)/[M104719]소청룡탕건조엑스(7.69→1)/[M104745]소청룡탕건조엑스(9.00→1)/[M104829]소청룡탕건조엑스(7.30→1)/[M105817]소청룡탕엑스분말(8.4→1)/[M107273]소청룡탕건조엑스(10→1)/[M201011]소청룡탕엑스가루/[M207025]소청룡탕건조엑스(13:1)/[M229051]소청룡탕 연조엑스(3.57→1)/[M240280]소청룡탕건조엑스(9.47:1)/[M252443]소청룡탕연조엑스[2.77→1]/[M260766]소청룡탕연조엑스(1.67→1)/[M261813]소청룡탕연조엑스(6.3→1)/[M261859]소청룡탕건조엑스(6.0→1)/[M040579]카페인(함수)/[M040580]무수카페인/[M090611]카페인/[M223183]카페인무수물/[M223184]카페인수화물/[M241017]무수물카페인/[M040616]말레인산클로르페니라민/[M050213]말레인산덱스클로르페니라민/[M051529]클로르페니라민/[M082701]디엘말레인산클로르페니라민/[M083325]디말레인산클로르페니라민/[M099959]말레인산클로로페니라민/[M100018]말레산클로르페니라민/[M100476]디말레인산클로르페니라민/[M101581]디엘말레인산클로르페니라민/[M200471]말레인산클로르페니라민제피과립/[M202197]D-말레인산클로르페니라민/[M202204]DL-말레인산클로르페니라민/[M203913]클로르페니라민말레인산염/[M212847]클로르페니라민말레이트/[M223211]클로르페니라민말레산염/[M223212]d-클로르페니라민말레산염/[M223213]클로르페니라민말레산염 산/[M223214]클로르페니라민말레산염 정/[M223215]클로르페니라민말레산염 주사액/[M226783]dl-클로르페니라민말레산염/[M249715]덱스클로르페니라민 말레산염/[M251936]덱스클로르페니라민말레이트/[M051662]구연산티페피딘/[M051663]히벤즈산티페피딘/[M223274]티페피딘히벤즈산염 정/[M254445]티페피딘시트르산염","[01140]해열.진통.소염제","","4,000밀리그램",20180831,"아세트아미노펜으로서 4,000mg/day(모든제형, 단일제.복합제 포함)","","정상"
3762,"용량주의","복합",D000147,Acetaminophen,"아세트아미노펜","[D001104]Sochoengryoung-tang(소청룡탕)/[D000852]Caffeine(카페인)/[D000893]Chlorpheniramine(클로르페니라민)/[D000933]Tipepidine(티페피딘)","[M040353]아세트아미노펜/[M082309]아세트아미노펜제피세립/[M233006]아세트아미노펜 DC 500/600/[M246556]아세트아미노펜 (미분화)/[M262287]아세트아미노펜 과립/[C040140]소청룡탕건조엑스/[C080611]소청룡탕유동엑스/[C083503]소청룡탕엑스분말/[C086635]소청룡탕연조엑스/[C091418]소청룡탕물연조엑스/[C101353]소청룡탕엑스(13 →1)/[M040140]소청룡탕건조엑스/[M080611]소청룡탕유동엑스/[M083503]소청룡탕엑스분말/[M086635]소청룡탕연조엑스/[M091418]소청룡탕물연조엑스/[M101353]소청룡탕엑스(13 →1)/[M102718]소청룡탕건조엑스(13→1)/[M103669]소청룡탕연조엑스(6.3→1)/[M104005]소청룡탕엑스/[M104399]소청룡탕건조엑스(4.4:1)/[M104719]소청룡탕건조엑스(7.69→1)/[M104745]소청룡탕건조엑스(9.00→1)/[M104829]소청룡탕건조엑스(7.30→1)/[M105817]소청룡탕엑스분말(8.4→1)/[M107273]소청룡탕건조엑스(10→1)/[M201011]소청룡탕엑스가루/[M207025]소청룡탕건조엑스(13:1)/[M229051]소청룡탕 연조엑스(3.57→1)/[M240280]소청룡탕건조엑스(9.47:1)/[M252443]소청룡탕연조엑스[2.77→1]/[M260766]소청룡탕연조엑스(1.67→1)/[M261813]소청룡탕연조엑스(6.3→1)/[M261859]소청룡탕건조엑스(6.0→1)/[M040579]카페인(함수)/[M040580]무수카페인/[M090611]카페인/[M223183]카페인무수물/[M223184]카페인수화물/[M241017]무수물카페인/[M040616]말레인산클로르페니라민/[M050213]말레인산덱스클로르페니라민/[M051529]클로르페니라민/[M082701]디엘말레인산클로르페니라민/[M083325]디말레인산클로르페니라민/[M099959]말레인산클로로페니라민/[M100018]말레산클로르페니라민/[M100476]디말레인산클로르페니라민/[M101581]디엘말레인산클로르페니라민/[M200471]말레인산클로르페니라민제피과립/[M202197]D-말레인산클로르페니라민/[M202204]DL-말레인산클로르페니라민/[M203913]클로르페니라민말레인산염/[M212847]클로르페니라민말레이트/[M223211]클로르페니라민말레산염/[M223212]d-클로르페니라민말레산염/[M223213]클로르페니라민말레산염 산/[M223214]클로르페니라민말레산염 정/[M223215]클로르페니라민말레산염 주사액/[M226783]dl-클로르페니라민말레산염/[M249715]덱스클로르페니라민 말레산염/[M251936]덱스클로르페니라민말레이트/[M051662]구연산티페피딘/[M051663]히벤즈산티페피딘/[M223274]티페피딘히벤즈산염 정/[M254445]티페피딘시트르산염","[01140]해열.진통.소염제","","4,000밀리그램",20180831,"아세트아미노펜으로서 4,000mg/day(모든제형, 단일제.복합제 포함)","","정상"
4236,"용량주의","단일",D001277,Tacalcitol,"타칼시톨","","[M250548]타칼시톨일수화물","[02690]기타의 외피용약","피부연고제/피부로션제/피부크림제","",20190621,"1일최대용량 : Tacalcitol로 200㎍","","정상"
4237,"용량주의","단일",D000499,Nicotine,"니코틴","","[M086117]니코틴/[M095123]니코틴폴라크리렉스/[M100305]이주석산니코틴이수화물/[M102669]니코틴폴라크릴렉스/[M209023]니코틴레지네이트/[M267158]니코틴타르타르산염수화물","[07990]따로 분류되지 않고 치료를 주목적으로 하지않는 의약품","구강붕해필름","니코틴 37.5밀리그램",20190621,"","","정상"
4238,"용량주의","단일",D000499,Nicotine,"니코틴","","[M086117]니코틴/[M095123]니코틴폴라크리렉스/[M100305]이주석산니코틴이수화물/[M102669]니코틴폴라크릴렉스/[M209023]니코틴레지네이트/[M267158]니코틴타르타르산염수화물","[07990]따로 분류되지 않고 치료를 주목적으로 하지않는 의약품","껌제","니코틴 60밀리그램",20190621,"","","정상"
4239,"용량주의","단일",D000499,Nicotine,"니코틴","","[M086117]니코틴/[M095123]니코틴폴라크리렉스/[M100305]이주석산니코틴이수화물/[M102669]니코틴폴라크릴렉스/[M209023]니코틴레지네이트/[M267158]니코틴타르타르산염수화물","[07990]따로 분류되지 않고 치료를 주목적으로 하지않는 의약품","트로키제","니코틴 50밀리그램",20190621,"","","정상"
3761,"용량주의","복합",D000147,Acetaminophen,"아세트아미노펜","[D000448]Pseudoephedrine(슈도에페드린)/[D001106]Ascorbic acid(아스코르브산)/[D000852]Caffeine(카페인)/[D000998]Thiamine(티아민)","[M040353]아세트아미노펜/[M082309]아세트아미노펜제피세립/[M233006]아세트아미노펜 DC 500/600/[M246556]아세트아미노펜 (미분화)/[M262287]아세트아미노펜 과립/[M050833]염산슈도에페드린/[M081720]황산슈도에페드린/[M203364]슈도에페드린염산염/[M222865]수도에페드린염산염/[M248579]수도에페드린황산염/[M256034]수도에페드린염산염 과립/[M258826]수도에페드린/[C040354]아스코르빈산/[C050961]아스코르빈산철/[C080210]아스코르빈산나트륨/[C081017]아스코르빈산90%과립/[C081495]아스코르빈산펠렛/[C081615]아스코르빈산 제피과립/[C081679]아스코르빈산60%/[C081772]제피아스코르빈산TYPE-SC/[C081998]아스코르빈팔미틴산/[C082617]아스코르빈산제피산/[C082841]아스코르빈산98%과립/[C082845]제피형아스코르빈산96%/[C082850]직탁용아스코르빈산/[C082857]제피아스코르빈산/[C083022]아스코르빈산96%과립/[C083040]아스코르빈산97%과립/[C083727]아스코르빈산제피산98%DC/[C083984]아스코르빈산칼슘/[C084311]엘-아스코르빈산나트륨/[C084327]아스코르빈산과립/[C084388]아스코르빈산나트륨99%/[C084419]아스코르빈산98%/[C084433]아스코르빈산97ㆍ5%과립/[C084448]아스코르빈산97%/[C084495]아스코르빈산칼슘97%과립/[C084658]아스코르빈산96%/[C084927]제피형아스코르빈산96%Type SC/[C085686]직탁용아스코르빈산98%/[C085785]아스코르빈산스테아레이트/[C086801]제피아스코르빈산97ㆍ5%/[C087036]코팅된아스코르빈산/[C088252]아스코르빈산제제/[C089177]아스코르빈산96%SC/[C090019]90%아스코르빈산/[C091430]아스코르빈산유캡/[C094260]95%아스코르빈산/[C094676]3-O-에칠아스코르빈산/[C095118]제피아스코르빈산96%/[C095392]아스코르빌팔미테이트/[C095412]제피아스코르빈사96% Type SC/[C095426]제피아스코르빈산96%가루/[C095604]아스코르빈산90%/[C099084]아스코르빈산팔미테이트/[C099734]아스코르브산90%과립/[C099910]직타용아스코르빈산/[C100271]팔미틴산아스코르빈산/[C100420]엘-아스코르빈산/[C101135]90%아스코르빈산과립/[C102189]아스코르빅애씨드/[C312780]소듐아스코르베이트/[C312824]아스코르빌 테트라이소팔미테이트/[C317903]글루코사민아스코르베이트/[C318482]칼슘 아스코르베이트/[C320842]아스코르빅애씨드/[C400592]아스코르빌니코티네이트/[I000229]아스코르빈산칼슘/[I001468]아스코르빈산제일철/[I001971]마그네슘아스코르베이트/[I003752]아스코르빈산나트륨/[I004351]아스코르브산/[M040354]아스코르빈산/[M050961]아스코르빈산철/[M080210]아스코르빈산나트륨/[M081017]아스코르빈산90%과립/[M081495]아스코르빈산펠렛/[M081615]아스코르빈산제피과립/[M081679]아스코르빈산60%/[M081772]제피아스코르빈산TYPE-SC/[M081998]아스코르빈팔미틴산/[M082617]아스코르빈산제피산/[M082841]아스코르빈산98%과립/[M082845]제피아스코르빈산96%/[M082850]직타용아스코르빈산/[M082857]제피아스코르빈산/[M083022]아스코르빈산96%과립/[M083040]아스코르빈산97%과립/[M083727]아스코르빈산제피산98%DC/[M083960]제피아스코르빈산TYPE-SC/[M083984]아스코르빈산칼슘/[M084311]엘아스코르빈산나트륨/[M084327]아스코르빈산과립/[M084388]아스코르빈산나트륨99%/[M084419]아스코르빈산98%/[M084433]아스코르빈산97ㆍ5%과립/[M084448]아스코르빈산97%/[M084495]아스코르빈산칼슘97%과립/[M084658]아스코르빈산96%/[M084927]제피아스코르빈산96%Type SC/[M085686]직타용아스코르빈산98%/[M087036]제피아스코르빈산/[M088252]아스코르빈산/[M089177]아스코르빈산96%SC/[M090019]아스코르빈산90%/[M091430]아스코르빈산유캡/[M094260]아스코르빈산95%/[M095392]아스코르빌팔미테이트/[M095426]제피아스코르빈산96%가루/[M095604]아스코르빈산90%/[M099084]아스코르빈산팔미테이트/[M100271]팔미틴산아스코르빈산/[M100420]엘-아스코르빈산/[M103048]제피형아스코르빈산96%TypeSC/[M103617]팔미틴산아스코르빌/[M104937]아스코르빈산97%분말/[M105763]아스코르빈산제제/[M107308]제피아스코르빈산97.0%가루/[M107594]소듐엘아스코르베이트/[M201112]아스코르빈산제일철/[M201618]제피아스코르빈사96%TypeSC/[M201620]제피아스코르빈산가루/[M201622]제피아스코르빈산TYPEB/[M203450]아스코르브산/[M203451]아스코르브산소듐/[M203452]아스코르빈산소듐/[M207370]팔미틴산아스코르브산/[M207385]아스코르빈산 97(아스코르빈산으로서 600mg)/[M207533]아스코르빈산 97(아스코르빈산으로서 600㎎)/[M209224]직타용아스코르빈산97%/[M210040]제피아스코르빈산97%과립/[M210875]소듐L-아스코르베이트/[M211316]아스코르빈산 산/[M211364]제피형아스코르빈산96%/[M211402]직타용아스코르빈산 90%/[M212742]아스코르빈산과립 97%(아스코르빈산으로서 83.3밀리그램)/[M214926]제피아스코르빈산 Type SC/[M215692]아스코르빈산(비타민C)/[M216038]아스코르빈산과립97%(아스코르빈산으로서 75밀리그램)/[M216398]아스코르빈산과립97%(아스코르빈산으로서 83.34밀리그램)/[M220142]직타용아스코르빈산(97%)/[M220180]아스코르빈산 97/[M223105]아스코르브산 산/[M223106]아스코르브산 정/[M223107]아스코르브산 주사액/[M224238]아스코르브산97/[M225398]아스코르빈산 Type FC/[M226183]아스코르빈산과립97%/[M227509]아스코르브산97%과립/[M229451]아스코르빈산 90%과립/[M229497]제피아스코르빈산 96% Type SC/[M234001]아스코르브산과립97%/[M236177]아스코르브산 90%과립/[M236913]제피아스코르브산/[M236926]직타용아스코르브산/[M239246]L-아스코르빈산/[M239251]L-아스코르빈산나트륨/[M239556]제피아스코르브산96% Type SC/[M241223]아스코르브산90%과립/[M242242]제피아스코르빈산*/[M243471]엘-아스코르빈산나트륨/[M243491]아스코르브산 97/[M244591]엘-아스코르빈산나트륨/[M244678]아스코르브산 97/[M245849]제피아스코르브산에스씨/[M245878]아스코르브산팔미테이트/[M246161]직타용아스코르브산97%/[M246638]아스코르브산97%/[M246709]아스코르브산나트륨/[M246900]90%아스코르브산/[M248326]아스코르빌나트륨포스페이트/[M249820]아스코르브산96%과립/[M250406]아스코르브산과립/[M250800]제피아스코르브산 TYPE-SC/[M251500]제피아스코르브산96%가루/[M252473]아스코르브산칼슘/[M252874]아스코르브산나트륨/[M252882]L-아스코르브산/[M253028]아스코르브산칼슘수화물/[M254082]제피아스코르브산 Type SC/[M254227]제피형아스코르브산96%TypeSC/[M254749]아스코르브산95%과립/[M254848]90%아스코르브산과립/[M256156]아스코르브산과립96%/[M257558]제피아스코르브산96%/[M257734]아스코르브산 과립90%/[M258008]아스코르브산칼슘이수화물/[M258592]작타용아스코르브산 97 %/[M258994]아스코르브산/[M259386]L-아스코르브산나트륨/[M259573]L-아스코르브산/[M261728]아스코르브산97%(직타용)/[M263901]제피아스코르브산97%가루/[M264037]90%아스코르빈산/[M265896]제피아스코르브산97.5%가루/[M040579]카페인(함수)/[M040580]무수카페인/[M090611]카페인/[M223183]카페인무수물/[M223184]카페인수화물/[M241017]무수물카페인/[M223258]티아민염산염/[M223262]티아민질산염/[M243282]티아민질산염3배산","[01140]해열.진통.소염제","","4,000밀리그램",20180831,"아세트아미노펜으로서 4,000mg/day(모든제형, 단일제.복합제 포함)","","정상"
3764,"용량주의","복합",D000147,Acetaminophen,"아세트아미노펜","[D001106]Ascorbic acid(아스코르브산)/[D000155]Ephedrine(에페드린)/[D000852]Caffeine(카페인)/[D000998]Thiamine(티아민)","[M040353]아세트아미노펜/[M082309]아세트아미노펜제피세립/[M233006]아세트아미노펜 DC 500/600/[M246556]아세트아미노펜 (미분화)/[M262287]아세트아미노펜 과립/[C040354]아스코르빈산/[C050961]아스코르빈산철/[C080210]아스코르빈산나트륨/[C081017]아스코르빈산90%과립/[C081495]아스코르빈산펠렛/[C081615]아스코르빈산 제피과립/[C081679]아스코르빈산60%/[C081772]제피아스코르빈산TYPE-SC/[C081998]아스코르빈팔미틴산/[C082617]아스코르빈산제피산/[C082841]아스코르빈산98%과립/[C082845]제피형아스코르빈산96%/[C082850]직탁용아스코르빈산/[C082857]제피아스코르빈산/[C083022]아스코르빈산96%과립/[C083040]아스코르빈산97%과립/[C083727]아스코르빈산제피산98%DC/[C083984]아스코르빈산칼슘/[C084311]엘-아스코르빈산나트륨/[C084327]아스코르빈산과립/[C084388]아스코르빈산나트륨99%/[C084419]아스코르빈산98%/[C084433]아스코르빈산97ㆍ5%과립/[C084448]아스코르빈산97%/[C084495]아스코르빈산칼슘97%과립/[C084658]아스코르빈산96%/[C084927]제피형아스코르빈산96%Type SC/[C085686]직탁용아스코르빈산98%/[C085785]아스코르빈산스테아레이트/[C086801]제피아스코르빈산97ㆍ5%/[C087036]코팅된아스코르빈산/[C088252]아스코르빈산제제/[C089177]아스코르빈산96%SC/[C090019]90%아스코르빈산/[C091430]아스코르빈산유캡/[C094260]95%아스코르빈산/[C094676]3-O-에칠아스코르빈산/[C095118]제피아스코르빈산96%/[C095392]아스코르빌팔미테이트/[C095412]제피아스코르빈사96% Type SC/[C095426]제피아스코르빈산96%가루/[C095604]아스코르빈산90%/[C099084]아스코르빈산팔미테이트/[C099734]아스코르브산90%과립/[C099910]직타용아스코르빈산/[C100271]팔미틴산아스코르빈산/[C100420]엘-아스코르빈산/[C101135]90%아스코르빈산과립/[C102189]아스코르빅애씨드/[C312780]소듐아스코르베이트/[C312824]아스코르빌 테트라이소팔미테이트/[C317903]글루코사민아스코르베이트/[C318482]칼슘 아스코르베이트/[C320842]아스코르빅애씨드/[C400592]아스코르빌니코티네이트/[I000229]아스코르빈산칼슘/[I001468]아스코르빈산제일철/[I001971]마그네슘아스코르베이트/[I003752]아스코르빈산나트륨/[I004351]아스코르브산/[M040354]아스코르빈산/[M050961]아스코르빈산철/[M080210]아스코르빈산나트륨/[M081017]아스코르빈산90%과립/[M081495]아스코르빈산펠렛/[M081615]아스코르빈산제피과립/[M081679]아스코르빈산60%/[M081772]제피아스코르빈산TYPE-SC/[M081998]아스코르빈팔미틴산/[M082617]아스코르빈산제피산/[M082841]아스코르빈산98%과립/[M082845]제피아스코르빈산96%/[M082850]직타용아스코르빈산/[M082857]제피아스코르빈산/[M083022]아스코르빈산96%과립/[M083040]아스코르빈산97%과립/[M083727]아스코르빈산제피산98%DC/[M083960]제피아스코르빈산TYPE-SC/[M083984]아스코르빈산칼슘/[M084311]엘아스코르빈산나트륨/[M084327]아스코르빈산과립/[M084388]아스코르빈산나트륨99%/[M084419]아스코르빈산98%/[M084433]아스코르빈산97ㆍ5%과립/[M084448]아스코르빈산97%/[M084495]아스코르빈산칼슘97%과립/[M084658]아스코르빈산96%/[M084927]제피아스코르빈산96%Type SC/[M085686]직타용아스코르빈산98%/[M087036]제피아스코르빈산/[M088252]아스코르빈산/[M089177]아스코르빈산96%SC/[M090019]아스코르빈산90%/[M091430]아스코르빈산유캡/[M094260]아스코르빈산95%/[M095392]아스코르빌팔미테이트/[M095426]제피아스코르빈산96%가루/[M095604]아스코르빈산90%/[M099084]아스코르빈산팔미테이트/[M100271]팔미틴산아스코르빈산/[M100420]엘-아스코르빈산/[M103048]제피형아스코르빈산96%TypeSC/[M103617]팔미틴산아스코르빌/[M104937]아스코르빈산97%분말/[M105763]아스코르빈산제제/[M107308]제피아스코르빈산97.0%가루/[M107594]소듐엘아스코르베이트/[M201112]아스코르빈산제일철/[M201618]제피아스코르빈사96%TypeSC/[M201620]제피아스코르빈산가루/[M201622]제피아스코르빈산TYPEB/[M203450]아스코르브산/[M203451]아스코르브산소듐/[M203452]아스코르빈산소듐/[M207370]팔미틴산아스코르브산/[M207385]아스코르빈산 97(아스코르빈산으로서 600mg)/[M207533]아스코르빈산 97(아스코르빈산으로서 600㎎)/[M209224]직타용아스코르빈산97%/[M210040]제피아스코르빈산97%과립/[M210875]소듐L-아스코르베이트/[M211316]아스코르빈산 산/[M211364]제피형아스코르빈산96%/[M211402]직타용아스코르빈산 90%/[M212742]아스코르빈산과립 97%(아스코르빈산으로서 83.3밀리그램)/[M214926]제피아스코르빈산 Type SC/[M215692]아스코르빈산(비타민C)/[M216038]아스코르빈산과립97%(아스코르빈산으로서 75밀리그램)/[M216398]아스코르빈산과립97%(아스코르빈산으로서 83.34밀리그램)/[M220142]직타용아스코르빈산(97%)/[M220180]아스코르빈산 97/[M223105]아스코르브산 산/[M223106]아스코르브산 정/[M223107]아스코르브산 주사액/[M224238]아스코르브산97/[M225398]아스코르빈산 Type FC/[M226183]아스코르빈산과립97%/[M227509]아스코르브산97%과립/[M229451]아스코르빈산 90%과립/[M229497]제피아스코르빈산 96% Type SC/[M234001]아스코르브산과립97%/[M236177]아스코르브산 90%과립/[M236913]제피아스코르브산/[M236926]직타용아스코르브산/[M239246]L-아스코르빈산/[M239251]L-아스코르빈산나트륨/[M239556]제피아스코르브산96% Type SC/[M241223]아스코르브산90%과립/[M242242]제피아스코르빈산*/[M243471]엘-아스코르빈산나트륨/[M243491]아스코르브산 97/[M244591]엘-아스코르빈산나트륨/[M244678]아스코르브산 97/[M245849]제피아스코르브산에스씨/[M245878]아스코르브산팔미테이트/[M246161]직타용아스코르브산97%/[M246638]아스코르브산97%/[M246709]아스코르브산나트륨/[M246900]90%아스코르브산/[M248326]아스코르빌나트륨포스페이트/[M249820]아스코르브산96%과립/[M250406]아스코르브산과립/[M250800]제피아스코르브산 TYPE-SC/[M251500]제피아스코르브산96%가루/[M252473]아스코르브산칼슘/[M252874]아스코르브산나트륨/[M252882]L-아스코르브산/[M253028]아스코르브산칼슘수화물/[M254082]제피아스코르브산 Type SC/[M254227]제피형아스코르브산96%TypeSC/[M254749]아스코르브산95%과립/[M254848]90%아스코르브산과립/[M256156]아스코르브산과립96%/[M257558]제피아스코르브산96%/[M257734]아스코르브산 과립90%/[M258008]아스코르브산칼슘이수화물/[M258592]작타용아스코르브산 97 %/[M258994]아스코르브산/[M259386]L-아스코르브산나트륨/[M259573]L-아스코르브산/[M261728]아스코르브산97%(직타용)/[M263901]제피아스코르브산97%가루/[M264037]90%아스코르빈산/[M265896]제피아스코르브산97.5%가루/[M040420]염산에페드린/[M223155]에페드린염산염/[M040579]카페인(함수)/[M040580]무수카페인/[M090611]카페인/[M223183]카페인무수물/[M223184]카페인수화물/[M241017]무수물카페인/[M223258]티아민염산염/[M223262]티아민질산염/[M243282]티아민질산염3배산","[01140]해열.진통.소염제","","4,000밀리그램",20180831,"아세트아미노펜으로서 4,000mg/day(모든제형, 단일제.복합제 포함)","","정상"
3765,"용량주의","복합",D000147,Acetaminophen,"아세트아미노펜","[D000847]Ethenzamide(에텐자미드)/[D000852]Caffeine(카페인)/[D000893]Chlorpheniramine(클로르페니라민)/[D000933]Tipepidine(티페피딘)","[M040353]아세트아미노펜/[M082309]아세트아미노펜제피세립/[M233006]아세트아미노펜 DC 500/600/[M246556]아세트아미노펜 (미분화)/[M262287]아세트아미노펜 과립/[M040417]에텐자미드/[M095771]에덴자미드/[M040579]카페인(함수)/[M040580]무수카페인/[M090611]카페인/[M223183]카페인무수물/[M223184]카페인수화물/[M241017]무수물카페인/[M040616]말레인산클로르페니라민/[M050213]말레인산덱스클로르페니라민/[M051529]클로르페니라민/[M082701]디엘말레인산클로르페니라민/[M083325]디말레인산클로르페니라민/[M099959]말레인산클로로페니라민/[M100018]말레산클로르페니라민/[M100476]디말레인산클로르페니라민/[M101581]디엘말레인산클로르페니라민/[M200471]말레인산클로르페니라민제피과립/[M202197]D-말레인산클로르페니라민/[M202204]DL-말레인산클로르페니라민/[M203913]클로르페니라민말레인산염/[M212847]클로르페니라민말레이트/[M223211]클로르페니라민말레산염/[M223212]d-클로르페니라민말레산염/[M223213]클로르페니라민말레산염 산/[M223214]클로르페니라민말레산염 정/[M223215]클로르페니라민말레산염 주사액/[M226783]dl-클로르페니라민말레산염/[M249715]덱스클로르페니라민 말레산염/[M251936]덱스클로르페니라민말레이트/[M051662]구연산티페피딘/[M051663]히벤즈산티페피딘/[M223274]티페피딘히벤즈산염 정/[M254445]티페피딘시트르산염","[01140]해열.진통.소염제","","4,000밀리그램",20180831,"아세트아미노펜으로서 4,000mg/day(모든제형, 단일제.복합제 포함)","","정상"
3766,"용량주의","복합",D000147,Acetaminophen,"아세트아미노펜","[D001093]Galgeun-tang(갈근탕)/[D001109]Potassium Guaiacolsulfonate(구아야콜설폰산칼륨)/[D000200]Dextromethorphan(덱스트로메토르판)/[D000852]Caffeine(카페인)/[D000893]Chlorpheniramine(클로르페니라민)","[M040353]아세트아미노펜/[M082309]아세트아미노펜제피세립/[M233006]아세트아미노펜 DC 500/600/[M246556]아세트아미노펜 (미분화)/[M262287]아세트아미노펜 과립/[C084556]갈근탕엑스/[C085494]갈근탕엑스분말/[C085503]갈근탕건조엑스/[C086018]갈근탕연조엑스/[C090838]갈근탕엑스과립/[C096410]갈근탕엑스정건조엑스/[C096710]갈근탕건조엑스[10→1]/[C100973]갈근탕엑스(10→1)/[M084556]갈근탕엑스/[M085494]갈근탕엑스분말/[M085503]갈근탕건조엑스/[M086018]갈근탕연조엑스/[M096410]갈근탕엑스정건조엑스/[M096710]갈근탕건조엑스[10→1]/[M100973]갈근탕엑스(10→1)/[M103265]갈근탕엑스말(10→1)/[M103916]갈근탕연조엑스(4.32→1)/[M104358]갈근탕엑스말/[M104683]갈근탕건조엑스(6.80→1)/[M104753]갈근탕연조엑스(3.4→1)/[M105329]갈근탕수침건조엑기스/[M105588]갈근탕건조엑스(5.78→1)/[M105816]갈근탕엑스분말(6→1)/[M105833]갈근탕연조엑스(4.17→1)/[M200049]갈근탕엑스가루/[M214453]갈근탕 연조엑스(4→1)/[M217483]갈근탕연조엑스(3->1)/[M229053]갈근탕 연조엑스(3.33→1)/[M250041]갈근탕엑스(5.81:1)/[M252043]갈근탕연조엑스[2.78→1]/[M252386]갈근탕연조엑스
(3.33→1)/[M259853]갈근탕건조엑스(6.31:1)/[M260768]갈근탕연조엑스(3.08→1)/[M261860]갈근탕건조엑스(5.6→1)/[M267754]갈근탕건조엑스(4→1)/[C050059]구아야콜설폰산칼륨/[I005220]구아야콜설폰산칼륨/[M050059]구아야콜설폰산칼륨/[M251709]구아야콜설폰산칼륨(무수물로서 45밀리그램)/[M263120]구아야콜설폰산칼륨수화물/[M040084]브롬화수소산덱스트로메토르판/[M202983]덱스트로메토르판브롬화수소산염/[M222957]덱스트로메토르판브롬화수소산염수화물/[M040579]카페인(함수)/[M040580]무수카페인/[M090611]카페인/[M223183]카페인무수물/[M223184]카페인수화물/[M241017]무수물카페인/[M040616]말레인산클로르페니라민/[M050213]말레인산덱스클로르페니라민/[M051529]클로르페니라민/[M082701]디엘말레인산클로르페니라민/[M083325]디말레인산클로르페니라민/[M099959]말레인산클로로페니라민/[M100018]말레산클로르페니라민/[M100476]디말레인산클로르페니라민/[M101581]디엘말레인산클로르페니라민/[M200471]말레인산클로르페니라민제피과립/[M202197]D-말레인산클로르페니라민/[M202204]DL-말레인산클로르페니라민/[M203913]클로르페니라민말레인산염/[M212847]클로르페니라민말레이트/[M223211]클로르페니라민말레산염/[M223212]d-클로르페니라민말레산염/[M223213]클로르페니라민말레산염 산/[M223214]클로르페니라민말레산염 정/[M223215]클로르페니라민말레산염 주사액/[M226783]dl-클로르페니라민말레산염/[M249715]덱스클로르페니라민 말레산염/[M251936]덱스클로르페니라민말레이트","[01140]해열.진통.소염제","","4,000밀리그램",20180831,"아세트아미노펜으로서 4,000mg/day(모든제형, 단일제.복합제 포함)","","정상"
4241,"용량주의","단일",D001278,"Micronized ciclesonide","미분화 시클레소니드","","[M113905]미분화시클레소니드","[01320]이비과용제","정량현탁분무제","미분화시클레소니드 200마이크로그램",20190621,"해당 제형으로 4번 분사","","정상"
4242,"용량주의","단일",D001279,Rufinamide,"루피나미드","","[A000277]루피나미드","","정제","3200밀리그램",20190621,"","","삭제"
4243,"용량주의","단일",D001280,"Nalfurafine hydrochloride","날푸라핀염산염","","[M257193]날푸라핀염산염","[01190]기타의 중추신경용약","캡슐","날푸라핀염산염 5마이크로그램",20190621,"","","정상"
4244,"용량주의","단일",D001082,Sirolimus,"시롤리무스","","[I003725]시롤리무스/[M092290]시롤리머스/[M096307]시롤리무스/[M212252]시롤리무스분산용액/[M259798]시롤리무스분산용액/[M269901]시롤리무스","[01420]자격요법제(비특이성면역억제제를 포함)","정제","시롤리무스 40밀리그램",20190621,"","","정상"
4245,"용량주의","단일",D000487,Tolvaptan,"톨밥탄","","[A005487]톨밥탄/[M252922]톨밥탄분무건조분말","[02190]기타의 순환계용약","정제","120밀리그램",20190621,"1일최대용량 -   ""상염색체우성 다낭신장병 : 120mg,  저나트륨혈증 : 60mg""","","정상"
4246,"용량주의","단일",D001281,"Doxapram hydrochloride","염산독사푸람","","[M084436]염산독사푸람일수화물","[02210]호흡촉진제","용액주사제","3그램",20190621,"","","삭제"
4247,"용량주의","단일",D001184,Dinoprostone,"디노프로스톤","","[A000175]디노프로스톤","[02520]자궁수축제","질정/질좌제, 서방성","디노프로스톤 6밀리그램",20190621,"","","정상"
4248,"용량주의","단일",D001248,Sulprostone,"설프로스톤","","[A000539]설프로스톤","[02520]자궁수축제","용액용동결건조분말주사제","설프로스톤 1,500마이크로그램",20190621,"","","정상"
3767,"용량주의","복합",D000147,Acetaminophen,"아세트아미노펜","[D001000]Licorice(감초)/[D000200]Dextromethorphan(덱스트로메토르판)/[D001116]Methylephedrine(메틸에페드린)/[D000448]Pseudoephedrine(슈도에페드린)/[D000893]Chlorpheniramine(클로르페니라민)","[M040353]아세트아미노펜/[M082309]아세트아미노펜제피세립/[M233006]아세트아미노펜 DC 500/600/[M246556]아세트아미노펜 (미분화)/[M262287]아세트아미노펜 과립/[A006000]감초/[M040006]감초/[M070009]감초가루/[M040084]브롬화수소산덱스트로메토르판/[M202983]덱스트로메토르판브롬화수소산염/[M222957]덱스트로메토르판브롬화수소산염수화물/[A006116]메틸에페드린/[I006391]dl-메틸에페드린염산염/[M204422]dl-메틸에페드린염산염/[M223022]dl-메틸에페드린염산염 산 10%/[M235519]디엘메틸에페드린염산염/[M240608]dI-메틸에페드린염산염/[M240859]디엘-메틸에페드린염산염/[M252389]㎗-메틸에페드린염산염/[M264046]DL-메틸에페드린염산염/[M050833]염산슈도에페드린/[M081720]황산슈도에페드린/[M203364]슈도에페드린염산염/[M222865]수도에페드린염산염/[M248579]수도에페드린황산염/[M256034]수도에페드린염산염 과립/[M258826]수도에페드린/[M040616]말레인산클로르페니라민/[M050213]말레인산덱스클로르페니라민/[M051529]클로르페니라민/[M082701]디엘말레인산클로르페니라민/[M083325]디말레인산클로르페니라민/[M099959]말레인산클로로페니라민/[M100018]말레산클로르페니라민/[M100476]디말레인산클로르페니라민/[M101581]디엘말레인산클로르페니라민/[M200471]말레인산클로르페니라민제피과립/[M202197]D-말레인산클로르페니라민/[M202204]DL-말레인산클로르페니라민/[M203913]클로르페니라민말레인산염/[M212847]클로르페니라민말레이트/[M223211]클로르페니라민말레산염/[M223212]d-클로르페니라민말레산염/[M223213]클로르페니라민말레산염 산/[M223214]클로르페니라민말레산염 정/[M223215]클로르페니라민말레산염 주사액/[M226783]dl-클로르페니라민말레산염/[M249715]덱스클로르페니라민 말레산염/[M251936]덱스클로르페니라민말레이트","[01140]해열.진통.소염제","","4,000밀리그램",20180831,"아세트아미노펜으로서 4,000mg/day(모든제형, 단일제.복합제 포함)","","정상"
3768,"용량주의","복합",D000147,Acetaminophen,"아세트아미노펜","[D001109]Potassium Guaiacolsulfonate(구아야콜설폰산칼륨)/[D000200]Dextromethorphan(덱스트로메토르판)/[D001116]Methylephedrine(메틸에페드린)/[D000852]Caffeine(카페인)/[D000893]Chlorpheniramine(클로르페니라민)","[M040353]아세트아미노펜/[M082309]아세트아미노펜제피세립/[M233006]아세트아미노펜 DC 500/600/[M246556]아세트아미노펜 (미분화)/[M262287]아세트아미노펜 과립/[C050059]구아야콜설폰산칼륨/[I005220]구아야콜설폰산칼륨/[M050059]구아야콜설폰산칼륨/[M251709]구아야콜설폰산칼륨(무수물로서 45밀리그램)/[M263120]구아야콜설폰산칼륨수화물/[M040084]브롬화수소산덱스트로메토르판/[M202983]덱스트로메토르판브롬화수소산염/[M222957]덱스트로메토르판브롬화수소산염수화물/[A006116]메틸에페드린/[I006391]dl-메틸에페드린염산염/[M204422]dl-메틸에페드린염산염/[M223022]dl-메틸에페드린염산염 산 10%/[M235519]디엘메틸에페드린염산염/[M240608]dI-메틸에페드린염산염/[M240859]디엘-메틸에페드린염산염/[M252389]㎗-메틸에페드린염산염/[M264046]DL-메틸에페드린염산염/[M040579]카페인(함수)/[M040580]무수카페인/[M090611]카페인/[M223183]카페인무수물/[M223184]카페인수화물/[M241017]무수물카페인/[M040616]말레인산클로르페니라민/[M050213]말레인산덱스클로르페니라민/[M051529]클로르페니라민/[M082701]디엘말레인산클로르페니라민/[M083325]디말레인산클로르페니라민/[M099959]말레인산클로로페니라민/[M100018]말레산클로르페니라민/[M100476]디말레인산클로르페니라민/[M101581]디엘말레인산클로르페니라민/[M200471]말레인산클로르페니라민제피과립/[M202197]D-말레인산클로르페니라민/[M202204]DL-말레인산클로르페니라민/[M203913]클로르페니라민말레인산염/[M212847]클로르페니라민말레이트/[M223211]클로르페니라민말레산염/[M223212]d-클로르페니라민말레산염/[M223213]클로르페니라민말레산염 산/[M223214]클로르페니라민말레산염 정/[M223215]클로르페니라민말레산염 주사액/[M226783]dl-클로르페니라민말레산염/[M249715]덱스클로르페니라민 말레산염/[M251936]덱스클로르페니라민말레이트","[01140]해열.진통.소염제","","4,000밀리그램",20180831,"아세트아미노펜으로서 4,000mg/day(모든제형, 단일제.복합제 포함)","","정상"
4249,"용량주의","단일",D000084,Dapoxetine,"다폭세틴","","[M245211]다폭세틴염산염/[M245237]다폭세틴염산염","[02590]기타의 비뇨생식기관 및 항문용약","정제","다폭세틴 60밀리그램",20190621,"","","정상"
4250,"용량주의","단일",D001282,Eltrombopag,"엘트롬보팍","","[A000851]엘트롬보팍","[03390]기타의 혈액 및 체액용약","정제","비고 참고밀리그램",20190621,"만성면역성(특발성) 혈소판 감소증 : 엘트롬보팍 50mg,  만성 C형 간염 : 엘트롬보팍 75mg,  중증 재생불량성 빈혈 : 엘트롬보팍 100mg","만성면역성(특발성) 혈소판 감소증 : 엘트롬보팍 50mg,  만성 C형 간염 : 엘트롬보팍 75mg,  중증 재생불량성 빈혈 : 엘트롬보팍 100mg","정상"
4251,"용량주의","단일",D000104,Plerixafor,"플레릭사포르","","[M248943]플레릭사포르","[03390]기타의 혈액 및 체액용약","용액주사제","40밀리그램",20190621,"","","정상"
4252,"용량주의","단일",D001283,"Zinc acetate","아세트산아연","","[A000723]아세트산아연","[03920]해독제","캡슐","아연 250밀리그램",20190621,"","","정상"
4253,"용량주의","단일",D001284,Cabergoline,"카베르골린","","[A001079]카베르골린","[03990]따로 분류되지 않는 대사성 의약품","정제","3밀리그램",20190621,"","","정상"
4254,"용량주의","단일",D000339,Cinacalcet,"시나칼세트","","[A005339]시나칼세트","[03990]따로 분류되지 않는 대사성 의약품","정제","시나칼세트 100밀리그램",20190621,"","","정상"
4255,"용량주의","단일",D000490,Pazopanib,"파조파닙","","[M250589]파조파닙염산염","[04210]항악성종양제","정제","",20190621,"","","정상"
4256,"용량주의","단일",D000401,Regorafenib,"레고라페닙","","[I012533]레고라페닙일수화물/[M118337]레고라페닙일수화물","[04210]항악성종양제","정제","레고라페닙 160밀리그램",20190621,"","","정상"
4257,"용량주의","단일",D001285,Ceftazidime,"세프타지딤","","[A000586]세프타지딤","[06180]주로 그람양성, 음성균에 작용하는 것","용액용분말주사제","세프타지딤 9그램",20190621,"역가","","정상"
3769,"용량주의","복합",D000147,Acetaminophen,"아세트아미노펜","[D001109]Potassium Guaiacolsulfonate(구아야콜설폰산칼륨)/[D000200]Dextromethorphan(덱스트로메토르판)/[D000852]Caffeine(카페인)/[D000893]Chlorpheniramine(클로르페니라민)","[M040353]아세트아미노펜/[M082309]아세트아미노펜제피세립/[M233006]아세트아미노펜 DC 500/600/[M246556]아세트아미노펜 (미분화)/[M262287]아세트아미노펜 과립/[C050059]구아야콜설폰산칼륨/[I005220]구아야콜설폰산칼륨/[M050059]구아야콜설폰산칼륨/[M251709]구아야콜설폰산칼륨(무수물로서 45밀리그램)/[M263120]구아야콜설폰산칼륨수화물/[M040084]브롬화수소산덱스트로메토르판/[M202983]덱스트로메토르판브롬화수소산염/[M222957]덱스트로메토르판브롬화수소산염수화물/[M040579]카페인(함수)/[M040580]무수카페인/[M090611]카페인/[M223183]카페인무수물/[M223184]카페인수화물/[M241017]무수물카페인/[M040616]말레인산클로르페니라민/[M050213]말레인산덱스클로르페니라민/[M051529]클로르페니라민/[M082701]디엘말레인산클로르페니라민/[M083325]디말레인산클로르페니라민/[M099959]말레인산클로로페니라민/[M100018]말레산클로르페니라민/[M100476]디말레인산클로르페니라민/[M101581]디엘말레인산클로르페니라민/[M200471]말레인산클로르페니라민제피과립/[M202197]D-말레인산클로르페니라민/[M202204]DL-말레인산클로르페니라민/[M203913]클로르페니라민말레인산염/[M212847]클로르페니라민말레이트/[M223211]클로르페니라민말레산염/[M223212]d-클로르페니라민말레산염/[M223213]클로르페니라민말레산염 산/[M223214]클로르페니라민말레산염 정/[M223215]클로르페니라민말레산염 주사액/[M226783]dl-클로르페니라민말레산염/[M249715]덱스클로르페니라민 말레산염/[M251936]덱스클로르페니라민말레이트","[01140]해열.진통.소염제","","4,000밀리그램",20180831,"아세트아미노펜으로서 4,000mg/day(모든제형, 단일제.복합제 포함)","","정상"
3770,"용량주의","복합",D000147,Acetaminophen,"아세트아미노펜","[D000493]Guaifenesin(구아이페네신)/[D001098]Noscapine(노스카핀)/[D000200]Dextromethorphan(덱스트로메토르판)/[D000134]Brompheniramine(브롬페니라민)/[D000191]Phenylephrine(페닐레프린)","[M040353]아세트아미노펜/[M082309]아세트아미노펜제피세립/[M233006]아세트아미노펜 DC 500/600/[M246556]아세트아미노펜 (미분화)/[M262287]아세트아미노펜 과립/[M050058]구아이페네신/[C040059]노스카핀/[C040060]염산노스카핀/[I002629]노스카핀/[I002630]노스카핀캄실레이트/[I002631]노스카핀염산염수화물/[M040059]노스카핀/[M040060]염산노스카핀/[M222947]노스카핀염산염수화물/[M223470]노스카핀염산염수화물/[M245380]노스카핀염산염/[M040084]브롬화수소산덱스트로메토르판/[M202983]덱스트로메토르판브롬화수소산염/[M222957]덱스트로메토르판브롬화수소산염수화물/[M050657]말레인산브롬페니라민/[M247022]브롬페니라민말레산염/[M040696]염산페닐에프린/[M222724]페닐레프린염산염/[M225151]페닐에프린염산염","[02220]진해거담제","","4,000밀리그램",20180831,"아세트아미노펜으로서 4,000mg/day(모든제형, 단일제.복합제 포함)","","정상"
3771,"용량주의","복합",D000147,Acetaminophen,"아세트아미노펜","[D000493]Guaifenesin(구아이페네신)/[D001098]Noscapine(노스카핀)/[D001116]Methylephedrine(메틸에페드린)/[D000448]Pseudoephedrine(슈도에페드린)/[D000981]Cloperastine(클로페라스틴)","[M040353]아세트아미노펜/[M082309]아세트아미노펜제피세립/[M233006]아세트아미노펜 DC 500/600/[M246556]아세트아미노펜 (미분화)/[M262287]아세트아미노펜 과립/[M050058]구아이페네신/[C040059]노스카핀/[C040060]염산노스카핀/[I002629]노스카핀/[I002630]노스카핀캄실레이트/[I002631]노스카핀염산염수화물/[M040059]노스카핀/[M040060]염산노스카핀/[M222947]노스카핀염산염수화물/[M223470]노스카핀염산염수화물/[M245380]노스카핀염산염/[A006116]메틸에페드린/[I006391]dl-메틸에페드린염산염/[M204422]dl-메틸에페드린염산염/[M223022]dl-메틸에페드린염산염 산 10%/[M235519]디엘메틸에페드린염산염/[M240608]dI-메틸에페드린염산염/[M240859]디엘-메틸에페드린염산염/[M252389]㎗-메틸에페드린염산염/[M264046]DL-메틸에페드린염산염/[M050833]염산슈도에페드린/[M081720]황산슈도에페드린/[M203364]슈도에페드린염산염/[M222865]수도에페드린염산염/[M248579]수도에페드린황산염/[M256034]수도에페드린염산염 과립/[M258826]수도에페드린/[M051546]염산클로페라스틴/[M051547]펜디조산클로페라스틴/[M222890]클로페라스틴염산염","[02220]진해거담제","","4,000밀리그램",20180831,"아세트아미노펜으로서 4,000mg/day(모든제형, 단일제.복합제 포함)","","정상"
4258,"용량주의","단일",D000709,Lidocaine,"리도카인","","[M040131]리도카인/[M050364]염산리도카인/[M203064]리도카인염산염일수화물/[M222842]리도카인염산염수화물/[M241764]리도카인염산염","","용액주사제/경구용액제/피부용겔제/젤리형겔","300밀리그램",20190621,"","","삭제"
4259,"용량주의","단일",D001286,"Lidocaine hydrochloride","리도카인염산염","","[M112029]리도카인염산염 주사액/[M203064]리도카인염산염일수화물/[M222842]리도카인염산염수화물/[M241764]리도카인염산염","[01210]국소마취제","피부용겔제/젤리형겔/경구용액제/용액주사제","300밀리그램",20190621,"주사제, 외용액제(2%, 4%)","","삭제"
4263,"용량주의","단일",D000205,Lacosamide,"라코사미드","","[M250562]라코사미드","[01130]항전간제","정제","라코사미드 400밀리그램",20190621,"","","정상"
4264,"용량주의","단일",D000641,Brimonidine,"브리모니딘","","[M090423]주석산브리모니딘/[M251494]브리모니딘타르타르산염/[M255020]브리모니딘타르타르산염","","겔","브리모니딘 3.3밀리그램",20190621,"해당 제형(겔제)으로 1g","","정상"
4266,"용량주의","단일",D001290,"Labetalol hydrochloride","라베타롤 염산염","","[M257566]라베탈롤염산염","[02140]혈압강하제","용액주사제","200밀리그램",20190621,"","","삭제"
4267,"용량주의","단일",D000867,Labetalol,"라베타롤","","[M050323]염산라베타롤/[M257161]라베타롤염산염/[M257566]라베탈롤염산염","[02140]혈압강하제","용액주사제","라베타롤염산염 200밀리그램",20190621,"","","정상"
4268,"용량주의","단일",D001261,Alteplase,"알테플라제","","[A000779]알테플라제","[02190]기타의 순환계용약","용액용동결건조분말주사제","알테플라제 100밀리그램",20190621,"급성심근경색, 급성폐색전증: 알테플라제 100mg,  급성허혈뇌졸중: 알테플라제 90mg","","정상"
4269,"용량주의","단일",D001262,Dimenhydrinate,"디멘히드리네이트","","[A000183]디멘히드리네이트","[02350]최토제, 진토제","정제","200밀리그램",20190621,"","","삭제"
3772,"용량주의","복합",D000147,Acetaminophen,"아세트아미노펜","[D000493]Guaifenesin(구아이페네신)/[D000200]Dextromethorphan(덱스트로메토르판)/[D000895]Diphenhydramine(디펜히드라민)/[D001116]Methylephedrine(메틸에페드린)/[D000448]Pseudoephedrine(슈도에페드린)","[M040353]아세트아미노펜/[M082309]아세트아미노펜제피세립/[M233006]아세트아미노펜 DC 500/600/[M246556]아세트아미노펜 (미분화)/[M262287]아세트아미노펜 과립/[M050058]구아이페네신/[M040084]브롬화수소산덱스트로메토르판/[M202983]덱스트로메토르판브롬화수소산염/[M222957]덱스트로메토르판브롬화수소산염수화물/[I006203]디펜히드라민탄느산염/[M040108]디펜히드라민/[M040110]염산디펜히드라민/[M050298]살리실산디펜히드라민/[M082024]구연산디펜히드라민/[M083318]디펜히드라민씨트레이트/[M200130]구연산디펜하이드라민/[M200353]디펜하이드라민/[M201255]염산디펜하이드라민/[M222973]디펜히드라민염산염/[M222974]디펜히드라민염산염 주사액/[M222975]디펜히드라민염산염 캡슐/[M222976]디펜히드라민탄닌산염/[M254160]디펜히드라민시트르산염/[M257663]디펜히드라민살리실산염/[A006116]메틸에페드린/[I006391]dl-메틸에페드린염산염/[M204422]dl-메틸에페드린염산염/[M223022]dl-메틸에페드린염산염 산 10%/[M235519]디엘메틸에페드린염산염/[M240608]dI-메틸에페드린염산염/[M240859]디엘-메틸에페드린염산염/[M252389]㎗-메틸에페드린염산염/[M264046]DL-메틸에페드린염산염/[M050833]염산슈도에페드린/[M081720]황산슈도에페드린/[M203364]슈도에페드린염산염/[M222865]수도에페드린염산염/[M248579]수도에페드린황산염/[M256034]수도에페드린염산염 과립/[M258826]수도에페드린","[01140]해열.진통.소염제","","4,000밀리그램",20180831,"아세트아미노펜으로서 4,000mg/day(모든제형, 단일제.복합제 포함)","","정상"
3773,"용량주의","복합",D000147,Acetaminophen,"아세트아미노펜","[D000493]Guaifenesin(구아이페네신)/[D000200]Dextromethorphan(덱스트로메토르판)/[D000895]Diphenhydramine(디펜히드라민)/[D001116]Methylephedrine(메틸에페드린)/[D000191]Phenylephrine(페닐레프린)","[M040353]아세트아미노펜/[M082309]아세트아미노펜제피세립/[M233006]아세트아미노펜 DC 500/600/[M246556]아세트아미노펜 (미분화)/[M262287]아세트아미노펜 과립/[M050058]구아이페네신/[M040084]브롬화수소산덱스트로메토르판/[M202983]덱스트로메토르판브롬화수소산염/[M222957]덱스트로메토르판브롬화수소산염수화물/[I006203]디펜히드라민탄느산염/[M040108]디펜히드라민/[M040110]염산디펜히드라민/[M050298]살리실산디펜히드라민/[M082024]구연산디펜히드라민/[M083318]디펜히드라민씨트레이트/[M200130]구연산디펜하이드라민/[M200353]디펜하이드라민/[M201255]염산디펜하이드라민/[M222973]디펜히드라민염산염/[M222974]디펜히드라민염산염 주사액/[M222975]디펜히드라민염산염 캡슐/[M222976]디펜히드라민탄닌산염/[M254160]디펜히드라민시트르산염/[M257663]디펜히드라민살리실산염/[A006116]메틸에페드린/[I006391]dl-메틸에페드린염산염/[M204422]dl-메틸에페드린염산염/[M223022]dl-메틸에페드린염산염 산 10%/[M235519]디엘메틸에페드린염산염/[M240608]dI-메틸에페드린염산염/[M240859]디엘-메틸에페드린염산염/[M252389]㎗-메틸에페드린염산염/[M264046]DL-메틸에페드린염산염/[M040696]염산페닐에프린/[M222724]페닐레프린염산염/[M225151]페닐에프린염산염","[01140]해열.진통.소염제","","4,000밀리그램",20180831,"아세트아미노펜으로서 4,000mg/day(모든제형, 단일제.복합제 포함)","","정상"
3774,"용량주의","복합",D000147,Acetaminophen,"아세트아미노펜","[D000493]Guaifenesin(구아이페네신)/[D000200]Dextromethorphan(덱스트로메토르판)/[D000448]Pseudoephedrine(슈도에페드린)/[D000893]Chlorpheniramine(클로르페니라민)/[D001116]Methylephedrine(메틸에페드린)","[M040353]아세트아미노펜/[M082309]아세트아미노펜제피세립/[M233006]아세트아미노펜 DC 500/600/[M246556]아세트아미노펜 (미분화)/[M262287]아세트아미노펜 과립/[M050058]구아이페네신/[M040084]브롬화수소산덱스트로메토르판/[M202983]덱스트로메토르판브롬화수소산염/[M222957]덱스트로메토르판브롬화수소산염수화물/[M050833]염산슈도에페드린/[M081720]황산슈도에페드린/[M203364]슈도에페드린염산염/[M222865]수도에페드린염산염/[M248579]수도에페드린황산염/[M256034]수도에페드린염산염 과립/[M258826]수도에페드린/[M040616]말레인산클로르페니라민/[M050213]말레인산덱스클로르페니라민/[M051529]클로르페니라민/[M082701]디엘말레인산클로르페니라민/[M083325]디말레인산클로르페니라민/[M099959]말레인산클로로페니라민/[M100018]말레산클로르페니라민/[M100476]디말레인산클로르페니라민/[M101581]디엘말레인산클로르페니라민/[M200471]말레인산클로르페니라민제피과립/[M202197]D-말레인산클로르페니라민/[M202204]DL-말레인산클로르페니라민/[M203913]클로르페니라민말레인산염/[M212847]클로르페니라민말레이트/[M223211]클로르페니라민말레산염/[M223212]d-클로르페니라민말레산염/[M223213]클로르페니라민말레산염 산/[M223214]클로르페니라민말레산염 정/[M223215]클로르페니라민말레산염 주사액/[M226783]dl-클로르페니라민말레산염/[M249715]덱스클로르페니라민 말레산염/[M251936]덱스클로르페니라민말레이트/[A006116]메틸에페드린/[I006391]dl-메틸에페드린염산염/[M204422]dl-메틸에페드린염산염/[M223022]dl-메틸에페드린염산염 산 10%/[M235519]디엘메틸에페드린염산염/[M240608]dI-메틸에페드린염산염/[M240859]디엘-메틸에페드린염산염/[M252389]㎗-메틸에페드린염산염/[M264046]DL-메틸에페드린염산염","[01140]해열.진통.소염제","","4,000밀리그램",20180831,"아세트아미노펜으로서 4,000mg/day(모든제형, 단일제.복합제 포함)","","정상"
4270,"용량주의","단일",D001270,Dalteparin,"달테파린","","[A000135]달테파린","[03330]혈액응고저지제","용액주사제","비고 참고아이.유",20190621,"허혈성 심질환 : 20,000IU, 증상적 정맥 혈전색전증을 보이는 암환자 : 18,000IU","허혈성 심질환 : 20,000IU, 증상적 정맥 혈전색전증을 보이는 암환자 : 18,000IU","정상"
4271,"용량주의","단일",D000771,Tocilizumab,"토실리주맙","","[M254335]토실리주맙(숙주:CHO DXB11, 벡터:phPM1HL2, 종세포주:CHO V4)","[01420]자격요법제(비특이성면역억제제를 포함)","용액주사제","800밀리그램",20190621,"","","정상"
4272,"용량주의","단일",D000166,Indacaterol,"인다카테롤","","[M250690]인다카테롤말레산염","[02290]기타의 호흡기관용약","흡입제, 미분류","300마이크로그램",20190621,"","","정상"
3775,"용량주의","복합",D000147,Acetaminophen,"아세트아미노펜","[D000493]Guaifenesin(구아이페네신)/[D000200]Dextromethorphan(덱스트로메토르판)/[D001116]Methylephedrine(메틸에페드린)/[D000448]Pseudoephedrine(슈도에페드린)/[D000826]Triprolidine(트리프롤리딘)","[M040353]아세트아미노펜/[M082309]아세트아미노펜제피세립/[M233006]아세트아미노펜 DC 500/600/[M246556]아세트아미노펜 (미분화)/[M262287]아세트아미노펜 과립/[M050058]구아이페네신/[M040084]브롬화수소산덱스트로메토르판/[M202983]덱스트로메토르판브롬화수소산염/[M222957]덱스트로메토르판브롬화수소산염수화물/[A006116]메틸에페드린/[I006391]dl-메틸에페드린염산염/[M204422]dl-메틸에페드린염산염/[M223022]dl-메틸에페드린염산염 산 10%/[M235519]디엘메틸에페드린염산염/[M240608]dI-메틸에페드린염산염/[M240859]디엘-메틸에페드린염산염/[M252389]㎗-메틸에페드린염산염/[M264046]DL-메틸에페드린염산염/[M050833]염산슈도에페드린/[M081720]황산슈도에페드린/[M203364]슈도에페드린염산염/[M222865]수도에페드린염산염/[M248579]수도에페드린황산염/[M256034]수도에페드린염산염 과립/[M258826]수도에페드린/[M051642]염산트리프롤리딘/[M241782]트리프롤리딘염산염/[M243192]트리프롤리딘염산염/[M243987]트리프롤리딘염산염/[M244139]트리프롤리딘염산염/[M246366]트리프로리딘염산염/[M250460]트리프롤리딘염산염수화물","[01140]해열.진통.소염제","","4,000밀리그램",20180831,"아세트아미노펜으로서 4,000mg/day(모든제형, 단일제.복합제 포함)","","정상"
3776,"용량주의","복합",D000147,Acetaminophen,"아세트아미노펜","[D000493]Guaifenesin(구아이페네신)/[D000200]Dextromethorphan(덱스트로메토르판)/[D001116]Methylephedrine(메틸에페드린)/[D000852]Caffeine(카페인)/[D000893]Chlorpheniramine(클로르페니라민)","[M040353]아세트아미노펜/[M082309]아세트아미노펜제피세립/[M233006]아세트아미노펜 DC 500/600/[M246556]아세트아미노펜 (미분화)/[M262287]아세트아미노펜 과립/[M050058]구아이페네신/[M040084]브롬화수소산덱스트로메토르판/[M202983]덱스트로메토르판브롬화수소산염/[M222957]덱스트로메토르판브롬화수소산염수화물/[A006116]메틸에페드린/[I006391]dl-메틸에페드린염산염/[M204422]dl-메틸에페드린염산염/[M223022]dl-메틸에페드린염산염 산 10%/[M235519]디엘메틸에페드린염산염/[M240608]dI-메틸에페드린염산염/[M240859]디엘-메틸에페드린염산염/[M252389]㎗-메틸에페드린염산염/[M264046]DL-메틸에페드린염산염/[M040579]카페인(함수)/[M040580]무수카페인/[M090611]카페인/[M223183]카페인무수물/[M223184]카페인수화물/[M241017]무수물카페인/[M040616]말레인산클로르페니라민/[M050213]말레인산덱스클로르페니라민/[M051529]클로르페니라민/[M082701]디엘말레인산클로르페니라민/[M083325]디말레인산클로르페니라민/[M099959]말레인산클로로페니라민/[M100018]말레산클로르페니라민/[M100476]디말레인산클로르페니라민/[M101581]디엘말레인산클로르페니라민/[M200471]말레인산클로르페니라민제피과립/[M202197]D-말레인산클로르페니라민/[M202204]DL-말레인산클로르페니라민/[M203913]클로르페니라민말레인산염/[M212847]클로르페니라민말레이트/[M223211]클로르페니라민말레산염/[M223212]d-클로르페니라민말레산염/[M223213]클로르페니라민말레산염 산/[M223214]클로르페니라민말레산염 정/[M223215]클로르페니라민말레산염 주사액/[M226783]dl-클로르페니라민말레산염/[M249715]덱스클로르페니라민 말레산염/[M251936]덱스클로르페니라민말레이트","[01140]해열.진통.소염제","","4,000밀리그램",20180831,"아세트아미노펜으로서 4,000mg/day(모든제형, 단일제.복합제 포함)","","정상"
3778,"용량주의","복합",D000147,Acetaminophen,"아세트아미노펜","[D000493]Guaifenesin(구아이페네신)/[D000200]Dextromethorphan(덱스트로메토르판)/[D000448]Pseudoephedrine(슈도에페드린)/[D000852]Caffeine(카페인)/[D000893]Chlorpheniramine(클로르페니라민)","[M040353]아세트아미노펜/[M082309]아세트아미노펜제피세립/[M233006]아세트아미노펜 DC 500/600/[M246556]아세트아미노펜 (미분화)/[M262287]아세트아미노펜 과립/[M050058]구아이페네신/[M040084]브롬화수소산덱스트로메토르판/[M202983]덱스트로메토르판브롬화수소산염/[M222957]덱스트로메토르판브롬화수소산염수화물/[M050833]염산슈도에페드린/[M081720]황산슈도에페드린/[M203364]슈도에페드린염산염/[M222865]수도에페드린염산염/[M248579]수도에페드린황산염/[M256034]수도에페드린염산염 과립/[M258826]수도에페드린/[M040579]카페인(함수)/[M040580]무수카페인/[M090611]카페인/[M223183]카페인무수물/[M223184]카페인수화물/[M241017]무수물카페인/[M040616]말레인산클로르페니라민/[M050213]말레인산덱스클로르페니라민/[M051529]클로르페니라민/[M082701]디엘말레인산클로르페니라민/[M083325]디말레인산클로르페니라민/[M099959]말레인산클로로페니라민/[M100018]말레산클로르페니라민/[M100476]디말레인산클로르페니라민/[M101581]디엘말레인산클로르페니라민/[M200471]말레인산클로르페니라민제피과립/[M202197]D-말레인산클로르페니라민/[M202204]DL-말레인산클로르페니라민/[M203913]클로르페니라민말레인산염/[M212847]클로르페니라민말레이트/[M223211]클로르페니라민말레산염/[M223212]d-클로르페니라민말레산염/[M223213]클로르페니라민말레산염 산/[M223214]클로르페니라민말레산염 정/[M223215]클로르페니라민말레산염 주사액/[M226783]dl-클로르페니라민말레산염/[M249715]덱스클로르페니라민 말레산염/[M251936]덱스클로르페니라민말레이트","[01140]해열.진통.소염제","","4,000밀리그램",20180831,"아세트아미노펜으로서 4,000mg/day(모든제형, 단일제.복합제 포함)","","정상"
4273,"용량주의","단일",D000696,Dexketoprofen,"덱스케토프로펜","","[M213126]덱스케토프로펜트로메타몰","[01140]해열.진통.소염제","정제/필름코팅정","75밀리그램",20190621,"","","삭제"
4274,"용량주의","단일",D001276,Calcipotriol,"칼시포트리올","","[A001093]칼시포트리올","[02690]기타의 외피용약","피부연고제/피부용겔제","",20190621,"","","삭제"
4275,"용량주의","단일",D001279,Rufinamide,"루피나미드","","[A000277]루피나미드","[01130]항전간제","정제","루미나미드 3,200밀리그램",20190621,"","","정상"
4276,"용량주의","단일",D001280,"Nalfurafine hydrochloride","날푸라핀염산염","","[M257193]날푸라핀염산염","[01190]기타의 중추신경용약","캡슐/연질캡슐제, 액상","5마이크로그램",20190621,"","","삭제"
4277,"용량주의","단일",D000490,Pazopanib,"파조파닙","","[M250589]파조파닙염산염","[04210]항악성종양제","정제","800밀리그램",20190621,"","","삭제"
3780,"용량주의","복합",D000147,Acetaminophen,"아세트아미노펜","[D000493]Guaifenesin(구아이페네신)/[D001116]Methylephedrine(메틸에페드린)/[D000448]Pseudoephedrine(슈도에페드린)/[D000852]Caffeine(카페인)/[D000893]Chlorpheniramine(클로르페니라민)","[M040353]아세트아미노펜/[M082309]아세트아미노펜제피세립/[M233006]아세트아미노펜 DC 500/600/[M246556]아세트아미노펜 (미분화)/[M262287]아세트아미노펜 과립/[M050058]구아이페네신/[A006116]메틸에페드린/[I006391]dl-메틸에페드린염산염/[M204422]dl-메틸에페드린염산염/[M223022]dl-메틸에페드린염산염 산 10%/[M235519]디엘메틸에페드린염산염/[M240608]dI-메틸에페드린염산염/[M240859]디엘-메틸에페드린염산염/[M252389]㎗-메틸에페드린염산염/[M264046]DL-메틸에페드린염산염/[M050833]염산슈도에페드린/[M081720]황산슈도에페드린/[M203364]슈도에페드린염산염/[M222865]수도에페드린염산염/[M248579]수도에페드린황산염/[M256034]수도에페드린염산염 과립/[M258826]수도에페드린/[M040579]카페인(함수)/[M040580]무수카페인/[M090611]카페인/[M223183]카페인무수물/[M223184]카페인수화물/[M241017]무수물카페인/[M040616]말레인산클로르페니라민/[M050213]말레인산덱스클로르페니라민/[M051529]클로르페니라민/[M082701]디엘말레인산클로르페니라민/[M083325]디말레인산클로르페니라민/[M099959]말레인산클로로페니라민/[M100018]말레산클로르페니라민/[M100476]디말레인산클로르페니라민/[M101581]디엘말레인산클로르페니라민/[M200471]말레인산클로르페니라민제피과립/[M202197]D-말레인산클로르페니라민/[M202204]DL-말레인산클로르페니라민/[M203913]클로르페니라민말레인산염/[M212847]클로르페니라민말레이트/[M223211]클로르페니라민말레산염/[M223212]d-클로르페니라민말레산염/[M223213]클로르페니라민말레산염 산/[M223214]클로르페니라민말레산염 정/[M223215]클로르페니라민말레산염 주사액/[M226783]dl-클로르페니라민말레산염/[M249715]덱스클로르페니라민 말레산염/[M251936]덱스클로르페니라민말레이트","[01140]해열.진통.소염제","","4,000밀리그램",20180831,"아세트아미노펜으로서 4,000mg/day(모든제형, 단일제.복합제 포함)","","정상"
3782,"용량주의","복합",D000147,Acetaminophen,"아세트아미노펜","[D000493]Guaifenesin(구아이페네신)/[D001116]Methylephedrine(메틸에페드린)/[D000448]Pseudoephedrine(슈도에페드린)/[D000852]Caffeine(카페인)/[D000826]Triprolidine(트리프롤리딘)","[M040353]아세트아미노펜/[M082309]아세트아미노펜제피세립/[M233006]아세트아미노펜 DC 500/600/[M246556]아세트아미노펜 (미분화)/[M262287]아세트아미노펜 과립/[M050058]구아이페네신/[A006116]메틸에페드린/[I006391]dl-메틸에페드린염산염/[M204422]dl-메틸에페드린염산염/[M223022]dl-메틸에페드린염산염 산 10%/[M235519]디엘메틸에페드린염산염/[M240608]dI-메틸에페드린염산염/[M240859]디엘-메틸에페드린염산염/[M252389]㎗-메틸에페드린염산염/[M264046]DL-메틸에페드린염산염/[M050833]염산슈도에페드린/[M081720]황산슈도에페드린/[M203364]슈도에페드린염산염/[M222865]수도에페드린염산염/[M248579]수도에페드린황산염/[M256034]수도에페드린염산염 과립/[M258826]수도에페드린/[M040579]카페인(함수)/[M040580]무수카페인/[M090611]카페인/[M223183]카페인무수물/[M223184]카페인수화물/[M241017]무수물카페인/[M051642]염산트리프롤리딘/[M241782]트리프롤리딘염산염/[M243192]트리프롤리딘염산염/[M243987]트리프롤리딘염산염/[M244139]트리프롤리딘염산염/[M246366]트리프로리딘염산염/[M250460]트리프롤리딘염산염수화물","[01140]해열.진통.소염제","","4,000밀리그램",20180831,"아세트아미노펜으로서 4,000mg/day(모든제형, 단일제.복합제 포함)","","정상"
3783,"용량주의","복합",D000147,Acetaminophen,"아세트아미노펜","[D000493]Guaifenesin(구아이페네신)/[D001116]Methylephedrine(메틸에페드린)/[D000448]Pseudoephedrine(슈도에페드린)/[D000852]Caffeine(카페인)/[D000933]Tipepidine(티페피딘)","[M040353]아세트아미노펜/[M082309]아세트아미노펜제피세립/[M233006]아세트아미노펜 DC 500/600/[M246556]아세트아미노펜 (미분화)/[M262287]아세트아미노펜 과립/[M050058]구아이페네신/[A006116]메틸에페드린/[I006391]dl-메틸에페드린염산염/[M204422]dl-메틸에페드린염산염/[M223022]dl-메틸에페드린염산염 산 10%/[M235519]디엘메틸에페드린염산염/[M240608]dI-메틸에페드린염산염/[M240859]디엘-메틸에페드린염산염/[M252389]㎗-메틸에페드린염산염/[M264046]DL-메틸에페드린염산염/[M050833]염산슈도에페드린/[M081720]황산슈도에페드린/[M203364]슈도에페드린염산염/[M222865]수도에페드린염산염/[M248579]수도에페드린황산염/[M256034]수도에페드린염산염 과립/[M258826]수도에페드린/[M040579]카페인(함수)/[M040580]무수카페인/[M090611]카페인/[M223183]카페인무수물/[M223184]카페인수화물/[M241017]무수물카페인/[M051662]구연산티페피딘/[M051663]히벤즈산티페피딘/[M223274]티페피딘히벤즈산염 정/[M254445]티페피딘시트르산염","[01140]해열.진통.소염제","","4,000밀리그램",20180831,"아세트아미노펜으로서 4,000mg/day(모든제형, 단일제.복합제 포함)","","정상"
4278,"용량주의","단일",D001288,"Fluticasone propionate","플루티카손프로피오네이트","","[M222904]플루티카손프로피오네이트","[02220]진해거담제/[02640]진통.진양.수렴.소염제/[01320]이비과용제","정량흡입제, 현탁액제/정량현탁분무제/피부크림제","400마이크로그램",20190621,"","","정상"
4279,"용량주의","단일",D001291,"Brimonidine tartrate","브리모니딘 타르타르산염","","[M255020]브리모니딘타르타르산염","[01310]안과용제/[02690]기타의 외피용약","점안용액제/피부용겔제","1그램",20190621,"1일최대용량 : 1g (Brimonidine으로 3.3mg)","","정상"
4280,"용량주의","단일",D001292,"Tosufloxacin tosylate hydrate","토수플록사신토실산염수화물","","[M252750]토수플록사신토실산염수화물","[06290]기타의 화학요법제","정제","600밀리그램",20190621,"1일최대용량 : 600mg (Tosufloxacin으로 408mg)","","정상"
4281,"용량주의","단일",D000571,Ivabradine,"이바브라딘","","[M245775]이바브라딘염산염","[02190]기타의 순환계용약","정제","15밀리그램",20190621,"","","정상"
4282,"용량주의","단일",D000061,Terlipressin,"테를리프레신","","[M094177]초산테를리프레신/[M251217]테를리프레신아세트산염","[02410]뇌하수체호르몬제","용액주사제/용액용동결건조분말주사제","12밀리그램",20190621,"1일최대용량 : 12mg (2mg/4hr)","","정상"
4283,"용량주의","단일",D000317,Menotropins,"메노트로핀","","[M085252]메노트로핀/[M231891]메노트로핀에이치피","[02490]기타의 호르몬제(항호르몬제를 포함)","용액용동결건조분말주사제","450아이.유",20190621,"","","삭제"
3781,"용량주의","복합",D000147,Acetaminophen,"아세트아미노펜","[D001000]Licorice(감초)/[D001121]Dried Ginger(건강)/[D001122]Jujube(대추)/[D001123]Cinnamomum cassia Blume(육계)/[D001119]Peony Root(작약)","[M040353]아세트아미노펜/[M082309]아세트아미노펜제피세립/[M233006]아세트아미노펜 DC 500/600/[M246556]아세트아미노펜 (미분화)/[M262287]아세트아미노펜 과립/[A006000]감초/[M040006]감초/[M070009]감초가루/[C040007]건강/[C070022]건강조말/[C070030]건강틴크/[C082104]건강유동엑스/[C082517]건강가루/[C083050]건강엑스/[C084830]건강70%에탄올유동엑스/[C085146]건강70%에탄올틴크/[C085483]건강30%에탄올유동엑스/[C089572]건강엑스산/[C091939]건강연조엑스/[C093695]건강묽은에탄올틴크/[C096526]건강건조엑스/[C101460]건강70%에탄올틴크(1→5)/[I001696]건강/[M040007]건강/[M070030]건강틴크/[M082104]건강유동엑스/[M082517]건강가루/[M083050]건강엑스/[M085146]건강70%에탄올틴크/[M085483]건강30%에탄올유동엑스/[M091939]건강연조엑스/[M093373]포건강/[M093695]건강묽은에탄올틴크/[M095865]건강엑스가루/[M101460]건강70%에탄올틴크(1→5)/[M103252]건강건조엑스(5ㆍ6→1)/[M104354]건강틴크(1→5)/[M227892]건강70%에탄올틴크(1->5)/[M239738]건강건조엑스/[M246445]건강초탄/[M249865]건강틴크
(1→5)/[M250885]건강건조엑스(5.6→1)/[M251645]건강초탄/[M254336]건강초탄/[M260577]건강초탄/[M261229]건강연조엑스(1.5∼1.8→1)
/[M262503]건강연조엑스(1.5~1.8→1)/[M262727]건강연조엑스(2.2~2.7→1)
/[M264378]건강연조엑스(1.7~2.0→1)/[M264508]건강연조엑스(3.23→1)/[M266087]건강건조엑스(6.5~7.9→1)/[M266876]건강연조엑스(2.9~3.6→1)/[M267309]건강연조엑스(1.6~2.0→1)/[C040071]대추/[I006323]대추/[M040071]대추/[M262512]대추연조엑스(1.5∼1.9→1)/[M266238]대추건조엑스(2.5~3.1→1)/[M266249]대추연조엑스(1.2~1.4→1)/[C050036]육계/[C089617]육계엑스산/[C401739]육계추출물/[C401743]육계잎추출물/[C402601]육계/[C402602]육계껍질/정향싹/로즈마리잎/불가리스백리향잎수/[C428728]육계/[C428729]육계/정향싹/로즈마리잎/타임잎수/[C428730]육계/정향싹/로즈마리잎/타임잎오일/[C428731]육계껍질/탱자열매/삼백초잎/뿌리/도둑놈의지팡이뿌리추출물/[C428733]육계잎추출물/[C428734]육계전초오일/[C428735]육계전초추출물/[C428736]육계껍질추출물/[C434092]하이드롤라이즈드육계추출물/[C438444]육계껍질수/[C438521](육계껍질/요엽후박)나무껍질/(고량강/참당귀)뿌리추출물/[I000485]육계/[I008329]육계/[I012425]육계·아선약·소두구·고추 연조엑스(5→1)/[M050036]육계/[M089617]육계엑스산/[M106290]육계(모계)/[M201470]육계엑스가루/[M227893]육계70%에탄올틴크(1->5)/[M232832]육계건조엑스/[M234405]육계가루/[M239186]육계엑스(22->1)/[M240817]육계70%에탄올틴크(1→5)/[M244658]육계틴크(1→5)/[M245879]육계건조엑스(31.25->1)/[M246170]육계연조엑스/[M251943]육계추출물/[M252166]육계유/[M252345]육계유동엑스/[M252650]육계·아선약·소두구·고추 연조엑스(5→1)/[M253194]육계엑스(22→1)/[M254384]육계·아선약·소두구·고추 연조엑스(5->1)/[M258809]육계엑스/[M259064]육계30%에탄올유동엑스/[M261235]육계연조엑스(7.9∼9.6→1)
/[M262509]육계연조엑스(7.9~9.6→1)/[M264213]육계/당귀/작약/숙지황/천궁/황기 혼합추출물/[M264384]육계연조엑스(8.8~10.8→1)/[M264645]육계연조엑스(8.3→1)/[M266305]육계건조엑스(20~35→1)/[M266529]육계건조엑스(22→1)/[M267315]육계연조엑스(8.4~10.2→1)/[M267418]육계연조엑스(6.7~10→1) /[C040523]작약/[C051307]백작약/[C051308]적작약/[C071158]작약엑스/[C082518]작약가루/[C085611]백작약초/[C088975]백작약가루/[C089531]백작약엑스산(패오니플로린으로서 133ㆍ2밀리그람)/[C089542]백작약엑스산/[C090093]작약엑스산/[C090789]작약초/[C092727]백작약연조엑스/[C093837]작약건조엑스/[C096770]작약추출물/[C312372]작약추출물/[C313826]백작약추출물/[C320059]참작약/[C402274]작약전초추출물/[C402275]작약뿌리추출물/[C404274]작약뿌리수/[C404275]작약뿌리가루/[C406079]작약가루/[C406080]작약껍질/수액추출물/[C406081]작약꽃추출물/[C406082]작약추출물/[C429024]작약꽃추출물/[C429025]작약나무껍질/수액추출물/[C429026]작약뿌리/[C429027]작약뿌리가루/[C429028]작약뿌리수/[C429029]작약뿌리추출물/[C429030]작약잎세포추출물/[C429031]작약추출물/[I006447]작약/[M040523]작약/[M051307]백작약/[M051308]적작약/[M071158]작약엑스/[M082518]작약가루/[M085611]백작약초/[M088975]백작약가루/[M090093]작약엑스산/[M090789]작약초/[M093837]작약건조엑스/[M103890]작약건조엑스(5.88→1)/[M201554]작약엑스가루/[M212494]백작약엑스 (5.9→1)/[M214365]작약추출물/[M241192]작약엑스(5.9->1)/[M243283]작약엑스(5.9->1)/[M245904]작약엑스 (5.9→1)/[M246879]작약추출액/[M261230]작약연조엑스(3.3∼4.0→1)
/[M262504]작약연조엑스(3.3~4.0→1)/[M263913]작약연조엑스(2.3∼3.2→1)/[M264309]작약연조엑스(3.03->1)/[M264379]작약연조엑스(2.4~3.0→1)/[M264643]작약연조엑스(3.03→1)/[M266482]작약연조엑스(2.8∼3.4→1)/[M266487]작약연조엑스(2.7~3.3→1)/[M266950]작약연조엑스(2.8∼3.4→1)/[M267310]작약연조엑스(2.9~3.5→1)/[M268068]작약연조엑스(2.8~3.4→1)/[M268187]작약연조엑스(2.8~3.4→1)","[01140]해열.진통.소염제","","4,000밀리그램",20180831,"아세트아미노펜으로서 4,000mg/day(모든제형, 단일제.복합제 포함)","","정상"
4284,"용량주의","단일",D000775,Trafermin,"트라페르민","","[M239108]트라페르민(숙주:대장균 B주(ATCC 23848), 벡터:pTsF-9Δgal)","[02630]화농성질환용제","일반액상분무제","1000마이크로그램",20190621,"","","정상"
4285,"용량주의","단일",D000479,"Clobetasol Propionate","클로베타솔 프로피오네이트","","[M051539]프로피온산클로베타솔/[M223224]클로베타솔프로피오네이트","[02690]기타의 외피용약/[02640]진통.진양.수렴.소염제","연고/크림/샴푸/피부로션제/피부현탁액제","1주 50g (50ml) (Clobetasol propionate로 1주 25mg)그램",20190621,"1일최대용량 : ""1주 50g(50mL) (Clobetasol propionate로 1주 25mg)""","","정상"
4286,"용량주의","단일",D000479,"Clobetasol Propionate","클로베타솔 프로피오네이트","","[M051539]프로피온산클로베타솔/[M223224]클로베타솔프로피오네이트","[02640]진통.진양.수렴.소염제","일반액상분무제","",20190621,"1일최대용량 : ""1주 50g(60mL) (Clobetasol propionate로 1주 25mg)""","","정상"
4288,"용량주의","단일",D001293,"Clobetasone butyrate","클로베타손 부티레이트","","[A001132]클로베타손","[02640]진통.진양.수렴.소염제","연고/크림","",20190621,"1일최대용량 : ""1주 100g(Clobetasone butyrate로 1주 50mg)""","","정상"
4289,"용량주의","단일",D000471,"Potassium Iodide","요오드화칼륨","","[M040473]요오드화칼륨/[M225609]요오드화칼륨/유당 혼합물","[03220]무기질제제","정제","130밀리그램",20190621,"","","정상"
3784,"용량주의","복합",D000147,Acetaminophen,"아세트아미노펜","[D000493]Guaifenesin(구아이페네신)/[D001116]Methylephedrine(메틸에페드린)/[D000448]Pseudoephedrine(슈도에페드린)/[D000852]Caffeine(카페인)/[D000932]Pentoxyverine(펜톡시베린)","[M040353]아세트아미노펜/[M082309]아세트아미노펜제피세립/[M233006]아세트아미노펜 DC 500/600/[M246556]아세트아미노펜 (미분화)/[M262287]아세트아미노펜 과립/[M050058]구아이페네신/[A006116]메틸에페드린/[I006391]dl-메틸에페드린염산염/[M204422]dl-메틸에페드린염산염/[M223022]dl-메틸에페드린염산염 산 10%/[M235519]디엘메틸에페드린염산염/[M240608]dI-메틸에페드린염산염/[M240859]디엘-메틸에페드린염산염/[M252389]㎗-메틸에페드린염산염/[M264046]DL-메틸에페드린염산염/[M050833]염산슈도에페드린/[M081720]황산슈도에페드린/[M203364]슈도에페드린염산염/[M222865]수도에페드린염산염/[M248579]수도에페드린황산염/[M256034]수도에페드린염산염 과립/[M258826]수도에페드린/[M040579]카페인(함수)/[M040580]무수카페인/[M090611]카페인/[M223183]카페인무수물/[M223184]카페인수화물/[M241017]무수물카페인/[M200134]구연산펜톡시베린/[M223287]펜톡시베린시트르산염","[01140]해열.진통.소염제","","4,000밀리그램",20180831,"아세트아미노펜으로서 4,000mg/day(모든제형, 단일제.복합제 포함)","","정상"
3785,"용량주의","복합",D000147,Acetaminophen,"아세트아미노펜","[D000493]Guaifenesin(구아이페네신)/[D001116]Methylephedrine(메틸에페드린)/[D000448]Pseudoephedrine(슈도에페드린)/[D000893]Chlorpheniramine(클로르페니라민)/[D000981]Cloperastine(클로페라스틴)","[M040353]아세트아미노펜/[M082309]아세트아미노펜제피세립/[M233006]아세트아미노펜 DC 500/600/[M246556]아세트아미노펜 (미분화)/[M262287]아세트아미노펜 과립/[M050058]구아이페네신/[A006116]메틸에페드린/[I006391]dl-메틸에페드린염산염/[M204422]dl-메틸에페드린염산염/[M223022]dl-메틸에페드린염산염 산 10%/[M235519]디엘메틸에페드린염산염/[M240608]dI-메틸에페드린염산염/[M240859]디엘-메틸에페드린염산염/[M252389]㎗-메틸에페드린염산염/[M264046]DL-메틸에페드린염산염/[M050833]염산슈도에페드린/[M081720]황산슈도에페드린/[M203364]슈도에페드린염산염/[M222865]수도에페드린염산염/[M248579]수도에페드린황산염/[M256034]수도에페드린염산염 과립/[M258826]수도에페드린/[M040616]말레인산클로르페니라민/[M050213]말레인산덱스클로르페니라민/[M051529]클로르페니라민/[M082701]디엘말레인산클로르페니라민/[M083325]디말레인산클로르페니라민/[M099959]말레인산클로로페니라민/[M100018]말레산클로르페니라민/[M100476]디말레인산클로르페니라민/[M101581]디엘말레인산클로르페니라민/[M200471]말레인산클로르페니라민제피과립/[M202197]D-말레인산클로르페니라민/[M202204]DL-말레인산클로르페니라민/[M203913]클로르페니라민말레인산염/[M212847]클로르페니라민말레이트/[M223211]클로르페니라민말레산염/[M223212]d-클로르페니라민말레산염/[M223213]클로르페니라민말레산염 산/[M223214]클로르페니라민말레산염 정/[M223215]클로르페니라민말레산염 주사액/[M226783]dl-클로르페니라민말레산염/[M249715]덱스클로르페니라민 말레산염/[M251936]덱스클로르페니라민말레이트/[M051546]염산클로페라스틴/[M051547]펜디조산클로페라스틴/[M222890]클로페라스틴염산염","[01140]해열.진통.소염제","","4,000밀리그램",20180831,"아세트아미노펜으로서 4,000mg/day(모든제형, 단일제.복합제 포함)","","정상"
3786,"용량주의","복합",D000493,Guaifenesin,"구아이페네신","[D000493]Guaifenesin(구아이페네신)/[D001116]Methylephedrine(메틸에페드린)/[D000448]Pseudoephedrine(슈도에페드린)/[D000893]Chlorpheniramine(클로르페니라민)/[D000933]Tipepidine(티페피딘)","[M050058]구아이페네신/[A006116]메틸에페드린/[I006391]dl-메틸에페드린염산염/[M204422]dl-메틸에페드린염산염/[M223022]dl-메틸에페드린염산염 산 10%/[M235519]디엘메틸에페드린염산염/[M240608]dI-메틸에페드린염산염/[M240859]디엘-메틸에페드린염산염/[M252389]㎗-메틸에페드린염산염/[M264046]DL-메틸에페드린염산염/[M050833]염산슈도에페드린/[M081720]황산슈도에페드린/[M203364]슈도에페드린염산염/[M222865]수도에페드린염산염/[M248579]수도에페드린황산염/[M256034]수도에페드린염산염 과립/[M258826]수도에페드린/[M040616]말레인산클로르페니라민/[M050213]말레인산덱스클로르페니라민/[M051529]클로르페니라민/[M082701]디엘말레인산클로르페니라민/[M083325]디말레인산클로르페니라민/[M099959]말레인산클로로페니라민/[M100018]말레산클로르페니라민/[M100476]디말레인산클로르페니라민/[M101581]디엘말레인산클로르페니라민/[M200471]말레인산클로르페니라민제피과립/[M202197]D-말레인산클로르페니라민/[M202204]DL-말레인산클로르페니라민/[M203913]클로르페니라민말레인산염/[M212847]클로르페니라민말레이트/[M223211]클로르페니라민말레산염/[M223212]d-클로르페니라민말레산염/[M223213]클로르페니라민말레산염 산/[M223214]클로르페니라민말레산염 정/[M223215]클로르페니라민말레산염 주사액/[M226783]dl-클로르페니라민말레산염/[M249715]덱스클로르페니라민 말레산염/[M251936]덱스클로르페니라민말레이트/[M051662]구연산티페피딘/[M051663]히벤즈산티페피딘/[M223274]티페피딘히벤즈산염 정/[M254445]티페피딘시트르산염","[01140]해열.진통.소염제","","4,000밀리그램",20180831,"아세트아미노펜으로서 4,000mg/day(모든제형, 단일제.복합제 포함)","","정상"
4290,"용량주의","단일",D000183,Tetradecyl,"테트라데실","","[M089182]테트라데실황산나트륨콘센트레이트/[M210690]테트라데실황산나트륨","[03390]기타의 혈액 및 체액용약","용액주사제","300밀리그램",20190621,"","","정상"
4293,"용량주의","단일",D001294,Liraglutide,"리라글루티드","","[A005629]리라글루티드","[03990]따로 분류되지 않는 대사성 의약품","용액주사제","리라글루티드 3밀리그램",20240809,"비만 및 과체중 환자 체중관리","","정상"
4294,"용량주의","단일",D000258,Axitinib,"엑시티닙","","[M255256]엑시티닙","[04210]항악성종양제","정제","엑시티닙 20밀리그램",20190621,"","","정상"
4295,"용량주의","단일",D001295,"Brentuximab vedotin","브렌툭시맙 베도틴","","[A000469]브렌툭시맙베도틴","[04210]항악성종양제","용액용동결건조분말주사제","브렌툭시맙베도틴 180밀리그램",20190621,"","","정상"
4296,"용량주의","단일",D001079,Enzalutamide,"엔잘루타마이드","","[M257255]엔잘루타마이드","[04210]항악성종양제","캡슐","엔잘루타마이드 160밀리그램",20190621,"","","정상"
3787,"용량주의","복합",D000147,Acetaminophen,"아세트아미노펜","[D000493]Guaifenesin(구아이페네신)/[D001116]Methylephedrine(메틸에페드린)/[D000852]Caffeine(카페인)/[D000893]Chlorpheniramine(클로르페니라민)/[D000933]Tipepidine(티페피딘)","[M040353]아세트아미노펜/[M082309]아세트아미노펜제피세립/[M233006]아세트아미노펜 DC 500/600/[M246556]아세트아미노펜 (미분화)/[M262287]아세트아미노펜 과립/[M050058]구아이페네신/[A006116]메틸에페드린/[I006391]dl-메틸에페드린염산염/[M204422]dl-메틸에페드린염산염/[M223022]dl-메틸에페드린염산염 산 10%/[M235519]디엘메틸에페드린염산염/[M240608]dI-메틸에페드린염산염/[M240859]디엘-메틸에페드린염산염/[M252389]㎗-메틸에페드린염산염/[M264046]DL-메틸에페드린염산염/[M040579]카페인(함수)/[M040580]무수카페인/[M090611]카페인/[M223183]카페인무수물/[M223184]카페인수화물/[M241017]무수물카페인/[M040616]말레인산클로르페니라민/[M050213]말레인산덱스클로르페니라민/[M051529]클로르페니라민/[M082701]디엘말레인산클로르페니라민/[M083325]디말레인산클로르페니라민/[M099959]말레인산클로로페니라민/[M100018]말레산클로르페니라민/[M100476]디말레인산클로르페니라민/[M101581]디엘말레인산클로르페니라민/[M200471]말레인산클로르페니라민제피과립/[M202197]D-말레인산클로르페니라민/[M202204]DL-말레인산클로르페니라민/[M203913]클로르페니라민말레인산염/[M212847]클로르페니라민말레이트/[M223211]클로르페니라민말레산염/[M223212]d-클로르페니라민말레산염/[M223213]클로르페니라민말레산염 산/[M223214]클로르페니라민말레산염 정/[M223215]클로르페니라민말레산염 주사액/[M226783]dl-클로르페니라민말레산염/[M249715]덱스클로르페니라민 말레산염/[M251936]덱스클로르페니라민말레이트/[M051662]구연산티페피딘/[M051663]히벤즈산티페피딘/[M223274]티페피딘히벤즈산염 정/[M254445]티페피딘시트르산염","[01140]해열.진통.소염제","","4,000밀리그램",20180831,"아세트아미노펜으로서 4,000mg/day(모든제형, 단일제.복합제 포함)","","정상"
3788,"용량주의","복합",D000147,Acetaminophen,"아세트아미노펜","[D000493]Guaifenesin(구아이페네신)/[D001116]Methylephedrine(메틸에페드린)/[D000852]Caffeine(카페인)/[D000893]Chlorpheniramine(클로르페니라민)/[D000932]Pentoxyverine(펜톡시베린)","[M040353]아세트아미노펜/[M082309]아세트아미노펜제피세립/[M233006]아세트아미노펜 DC 500/600/[M246556]아세트아미노펜 (미분화)/[M262287]아세트아미노펜 과립/[M050058]구아이페네신/[A006116]메틸에페드린/[I006391]dl-메틸에페드린염산염/[M204422]dl-메틸에페드린염산염/[M223022]dl-메틸에페드린염산염 산 10%/[M235519]디엘메틸에페드린염산염/[M240608]dI-메틸에페드린염산염/[M240859]디엘-메틸에페드린염산염/[M252389]㎗-메틸에페드린염산염/[M264046]DL-메틸에페드린염산염/[M040579]카페인(함수)/[M040580]무수카페인/[M090611]카페인/[M223183]카페인무수물/[M223184]카페인수화물/[M241017]무수물카페인/[M040616]말레인산클로르페니라민/[M050213]말레인산덱스클로르페니라민/[M051529]클로르페니라민/[M082701]디엘말레인산클로르페니라민/[M083325]디말레인산클로르페니라민/[M099959]말레인산클로로페니라민/[M100018]말레산클로르페니라민/[M100476]디말레인산클로르페니라민/[M101581]디엘말레인산클로르페니라민/[M200471]말레인산클로르페니라민제피과립/[M202197]D-말레인산클로르페니라민/[M202204]DL-말레인산클로르페니라민/[M203913]클로르페니라민말레인산염/[M212847]클로르페니라민말레이트/[M223211]클로르페니라민말레산염/[M223212]d-클로르페니라민말레산염/[M223213]클로르페니라민말레산염 산/[M223214]클로르페니라민말레산염 정/[M223215]클로르페니라민말레산염 주사액/[M226783]dl-클로르페니라민말레산염/[M249715]덱스클로르페니라민 말레산염/[M251936]덱스클로르페니라민말레이트/[M200134]구연산펜톡시베린/[M223287]펜톡시베린시트르산염","[01140]해열.진통.소염제","","4,000밀리그램",20180831,"아세트아미노펜으로서 4,000mg/day(모든제형, 단일제.복합제 포함)","","정상"
3789,"용량주의","복합",D000147,Acetaminophen,"아세트아미노펜","[D000493]Guaifenesin(구아이페네신)/[D000155]Ephedrine(에페드린)/[D000852]Caffeine(카페인)/[D000893]Chlorpheniramine(클로르페니라민)/[D000933]Tipepidine(티페피딘)","[M040353]아세트아미노펜/[M082309]아세트아미노펜제피세립/[M233006]아세트아미노펜 DC 500/600/[M246556]아세트아미노펜 (미분화)/[M262287]아세트아미노펜 과립/[M050058]구아이페네신/[M040420]염산에페드린/[M223155]에페드린염산염/[M040579]카페인(함수)/[M040580]무수카페인/[M090611]카페인/[M223183]카페인무수물/[M223184]카페인수화물/[M241017]무수물카페인/[M040616]말레인산클로르페니라민/[M050213]말레인산덱스클로르페니라민/[M051529]클로르페니라민/[M082701]디엘말레인산클로르페니라민/[M083325]디말레인산클로르페니라민/[M099959]말레인산클로로페니라민/[M100018]말레산클로르페니라민/[M100476]디말레인산클로르페니라민/[M101581]디엘말레인산클로르페니라민/[M200471]말레인산클로르페니라민제피과립/[M202197]D-말레인산클로르페니라민/[M202204]DL-말레인산클로르페니라민/[M203913]클로르페니라민말레인산염/[M212847]클로르페니라민말레이트/[M223211]클로르페니라민말레산염/[M223212]d-클로르페니라민말레산염/[M223213]클로르페니라민말레산염 산/[M223214]클로르페니라민말레산염 정/[M223215]클로르페니라민말레산염 주사액/[M226783]dl-클로르페니라민말레산염/[M249715]덱스클로르페니라민 말레산염/[M251936]덱스클로르페니라민말레이트/[M051662]구연산티페피딘/[M051663]히벤즈산티페피딘/[M223274]티페피딘히벤즈산염 정/[M254445]티페피딘시트르산염","","","4,000밀리그램",20180831,"아세트아미노펜으로서 4,000mg/day(모든제형, 단일제.복합제 포함)","","정상"
4297,"용량주의","단일",D000953,Mitotane,"미토테인","","[M095400]미토테인/[M200618]미토탄","[04210]항악성종양제","정제","미토테인 16그램",20190621,"","","정상"
4298,"용량주의","단일",D000608,Nilotinib,"닐로티닙","","[M249741]닐로티닙염산염일수화물","[04210]항악성종양제","캡슐","닐로티닙 800밀리그램",20190621,"","","정상"
4299,"용량주의","단일",D001286,"Lidocaine hydrochloride","리도카인염산염","","[M112029]리도카인염산염 주사액/[M203064]리도카인염산염일수화물/[M222842]리도카인염산염수화물/[M241764]리도카인염산염","[01210]국소마취제","용액주사제","리도카인염산염 300밀리그램",20190621,"주사제, 외용액제(2%, 4%)","","정상"
3790,"용량주의","복합",D000147,Acetaminophen,"아세트아미노펜","[D000493]Guaifenesin(구아이페네신)/[D000852]Caffeine(카페인)/[D000893]Chlorpheniramine(클로르페니라민)/[D000191]Phenylephrine(페닐레프린)/[D000932]Pentoxyverine(펜톡시베린)","[M040353]아세트아미노펜/[M082309]아세트아미노펜제피세립/[M233006]아세트아미노펜 DC 500/600/[M246556]아세트아미노펜 (미분화)/[M262287]아세트아미노펜 과립/[M050058]구아이페네신/[M040579]카페인(함수)/[M040580]무수카페인/[M090611]카페인/[M223183]카페인무수물/[M223184]카페인수화물/[M241017]무수물카페인/[M040616]말레인산클로르페니라민/[M050213]말레인산덱스클로르페니라민/[M051529]클로르페니라민/[M082701]디엘말레인산클로르페니라민/[M083325]디말레인산클로르페니라민/[M099959]말레인산클로로페니라민/[M100018]말레산클로르페니라민/[M100476]디말레인산클로르페니라민/[M101581]디엘말레인산클로르페니라민/[M200471]말레인산클로르페니라민제피과립/[M202197]D-말레인산클로르페니라민/[M202204]DL-말레인산클로르페니라민/[M203913]클로르페니라민말레인산염/[M212847]클로르페니라민말레이트/[M223211]클로르페니라민말레산염/[M223212]d-클로르페니라민말레산염/[M223213]클로르페니라민말레산염 산/[M223214]클로르페니라민말레산염 정/[M223215]클로르페니라민말레산염 주사액/[M226783]dl-클로르페니라민말레산염/[M249715]덱스클로르페니라민 말레산염/[M251936]덱스클로르페니라민말레이트/[M040696]염산페닐에프린/[M222724]페닐레프린염산염/[M225151]페닐에프린염산염/[M200134]구연산펜톡시베린/[M223287]펜톡시베린시트르산염","[01140]해열.진통.소염제","","4,000밀리그램",20180831,"아세트아미노펜으로서 4,000mg/day(모든제형, 단일제.복합제 포함)","","정상"
3792,"용량주의","복합",D000147,Acetaminophen,"아세트아미노펜","[D001098]Noscapine(노스카핀)/[D001116]Methylephedrine(메틸에페드린)/[D000847]Ethenzamide(에텐자미드)/[D000852]Caffeine(카페인)/[D000893]Chlorpheniramine(클로르페니라민)","[M040353]아세트아미노펜/[M082309]아세트아미노펜제피세립/[M233006]아세트아미노펜 DC 500/600/[M246556]아세트아미노펜 (미분화)/[M262287]아세트아미노펜 과립/[C040059]노스카핀/[C040060]염산노스카핀/[I002629]노스카핀/[I002630]노스카핀캄실레이트/[I002631]노스카핀염산염수화물/[M040059]노스카핀/[M040060]염산노스카핀/[M222947]노스카핀염산염수화물/[M223470]노스카핀염산염수화물/[M245380]노스카핀염산염/[A006116]메틸에페드린/[I006391]dl-메틸에페드린염산염/[M204422]dl-메틸에페드린염산염/[M223022]dl-메틸에페드린염산염 산 10%/[M235519]디엘메틸에페드린염산염/[M240608]dI-메틸에페드린염산염/[M240859]디엘-메틸에페드린염산염/[M252389]㎗-메틸에페드린염산염/[M264046]DL-메틸에페드린염산염/[M040417]에텐자미드/[M095771]에덴자미드/[M040579]카페인(함수)/[M040580]무수카페인/[M090611]카페인/[M223183]카페인무수물/[M223184]카페인수화물/[M241017]무수물카페인/[M040616]말레인산클로르페니라민/[M050213]말레인산덱스클로르페니라민/[M051529]클로르페니라민/[M082701]디엘말레인산클로르페니라민/[M083325]디말레인산클로르페니라민/[M099959]말레인산클로로페니라민/[M100018]말레산클로르페니라민/[M100476]디말레인산클로르페니라민/[M101581]디엘말레인산클로르페니라민/[M200471]말레인산클로르페니라민제피과립/[M202197]D-말레인산클로르페니라민/[M202204]DL-말레인산클로르페니라민/[M203913]클로르페니라민말레인산염/[M212847]클로르페니라민말레이트/[M223211]클로르페니라민말레산염/[M223212]d-클로르페니라민말레산염/[M223213]클로르페니라민말레산염 산/[M223214]클로르페니라민말레산염 정/[M223215]클로르페니라민말레산염 주사액/[M226783]dl-클로르페니라민말레산염/[M249715]덱스클로르페니라민 말레산염/[M251936]덱스클로르페니라민말레이트","[01140]해열.진통.소염제","","4,000밀리그램",20180831,"아세트아미노펜으로서 4,000mg/day(모든제형, 단일제.복합제 포함)","","정상"
3794,"용량주의","복합",D000147,Acetaminophen,"아세트아미노펜","[D000200]Dextromethorphan(덱스트로메토르판)/[D001116]Methylephedrine(메틸에페드린)/[D000847]Ethenzamide(에텐자미드)/[D000852]Caffeine(카페인)/[D000893]Chlorpheniramine(클로르페니라민)","[M040353]아세트아미노펜/[M082309]아세트아미노펜제피세립/[M233006]아세트아미노펜 DC 500/600/[M246556]아세트아미노펜 (미분화)/[M262287]아세트아미노펜 과립/[M040084]브롬화수소산덱스트로메토르판/[M202983]덱스트로메토르판브롬화수소산염/[M222957]덱스트로메토르판브롬화수소산염수화물/[A006116]메틸에페드린/[I006391]dl-메틸에페드린염산염/[M204422]dl-메틸에페드린염산염/[M223022]dl-메틸에페드린염산염 산 10%/[M235519]디엘메틸에페드린염산염/[M240608]dI-메틸에페드린염산염/[M240859]디엘-메틸에페드린염산염/[M252389]㎗-메틸에페드린염산염/[M264046]DL-메틸에페드린염산염/[M040417]에텐자미드/[M095771]에덴자미드/[M040579]카페인(함수)/[M040580]무수카페인/[M090611]카페인/[M223183]카페인무수물/[M223184]카페인수화물/[M241017]무수물카페인/[M040616]말레인산클로르페니라민/[M050213]말레인산덱스클로르페니라민/[M051529]클로르페니라민/[M082701]디엘말레인산클로르페니라민/[M083325]디말레인산클로르페니라민/[M099959]말레인산클로로페니라민/[M100018]말레산클로르페니라민/[M100476]디말레인산클로르페니라민/[M101581]디엘말레인산클로르페니라민/[M200471]말레인산클로르페니라민제피과립/[M202197]D-말레인산클로르페니라민/[M202204]DL-말레인산클로르페니라민/[M203913]클로르페니라민말레인산염/[M212847]클로르페니라민말레이트/[M223211]클로르페니라민말레산염/[M223212]d-클로르페니라민말레산염/[M223213]클로르페니라민말레산염 산/[M223214]클로르페니라민말레산염 정/[M223215]클로르페니라민말레산염 주사액/[M226783]dl-클로르페니라민말레산염/[M249715]덱스클로르페니라민 말레산염/[M251936]덱스클로르페니라민말레이트","[01140]해열.진통.소염제","","4,000밀리그램",20180831,"아세트아미노펜으로서 4,000mg/day(모든제형, 단일제.복합제 포함)","","정상"
4300,"용량주의","단일",D001296,"Penicillin G potassium","페니실린지 칼륨","","[M020156]페니실린지칼륨","[06110]주로 그람양성균에 작용하는 것","용액용분말주사제","",20190621,"1일최대용량 : Penicillin G로 2,400만 단위","","정상"
4302,"용량주의","복합",D001299,"Potassium clavulanate","클라불란산 칼륨","[D001299]Potassium clavulanate(클라불란산 칼륨)","[A000707]아목시실린·클라불란산/[M118102]클라불란산칼륨·티카르실린나트륨(1:15)","[06180]주로 그람양성, 음성균에 작용하는 것","용액용분말주사제","",20190621,"","","삭제"
3791,"용량주의","복합",D000147,Acetaminophen,"아세트아미노펜","[D001125]Platycodonis Radix(길경)/[D000200]Dextromethorphan(덱스트로메토르판)/[D000847]Ethenzamide(에텐자미드)/[D000893]Chlorpheniramine(클로르페니라민)/[D001124]Coptidis Rhizoma(황련)","[M040353]아세트아미노펜/[M082309]아세트아미노펜제피세립/[M233006]아세트아미노펜 DC 500/600/[M246556]아세트아미노펜 (미분화)/[M262287]아세트아미노펜 과립/[C040048]길경/[C070085]길경추출액/[C070086]길경유동엑스/[C082634]길경가루/[C082657]길경건조엑스/[C082674]길경엑스/[C082950]길경건조엑스말/[C083122]길경33ㆍ3%에탄올엑스/[C084557]길경45%에탄올엑스가루/[C084832]길경엑스산/[C086044]길경연조엑스/[C086047]길경근/[C095008]길경30%에탄올연조엑스/[C100979]길경50%에탄올건조엑스(10->1)/[C101406]길경엑스산(10→1)/[C403069]길경추출물/[I006474]길경/[M040048]길경/[M070085]길경추출액/[M070086]길경유동엑스/[M082634]길경가루/[M082657]길경건조엑스/[M082674]길경엑스/[M082950]길경건조엑스말/[M083122]길경33ㆍ3%에탄올엑스/[M084557]길경45%에탄올엑스가루/[M084832]길경엑스산/[M086044]길경연조엑스/[M095008]길경30%에탄올연조엑스/[M100979]길경50%에탄올건조엑스(10->1)/[M101406]길경엑스산(10→1)/[M103013]길경엑스(3ㆍ7→1)/[M103895]길경건조엑스(3.7→1)/[M104031]길경엑스(4→1)/[M104077]길경엑스(10→1)/[M104359]길경건조엑스(10:1)/[M104415]길경33.3%에탄올엑스(4:1)/[M105015]길경45%에탄올엑스가루(10:1)/[M106069]길경33.3%에탄올유동엑스(4→1)/[M200164]길경건조엑스가루/[M200165]길경엑스가루/[M211323]길경건조엑스(10->1)/[M217082]길경엑스산(10 ->1)/[M221344]길경 30% 에탄올 유동엑스(1:1)/[M232676]길경엑스 (3.7→1)/[M238263]길경50%에탄올건조엑스(10→1)/[M242406]길경 유동엑스/[M243217]길경탕연조엑스/[M250128]길경농축엑기스/[M251012]길경33.3%에탄올유동엑스(4-1)/[M258076]길경33.3%에탄올유동엑스(4->1)/[M258823]길경농축엑스/[M261226]길경연조엑스(2.3∼2.8→1)
/[M262500]길경연조엑스(2.3~2.8→1)/[M263491]길경50%에탄올엑스산(10→1)/[M263888]길경연조엑스(1.2~1.4→1)/[M263904]길경30%에탄올유동엑스(1:1)/[M264018]길경엑스산(3.7→1)/[M264375]길경연조엑스(1.8~2.2→1)/[M264641]길경연조엑스(2.6→1)/[M266592]길경연조엑스(2.3~2.9→1)/[M266996]길경연조엑스(2.2∼2.7→1)/[M267307]길경연조엑스(2.1~2.5→1)/[M268063]길경연조엑스(2.3∼2.8→1)/[M268240]길경추출분말/[M040084]브롬화수소산덱스트로메토르판/[M202983]덱스트로메토르판브롬화수소산염/[M222957]덱스트로메토르판브롬화수소산염수화물/[M040417]에텐자미드/[M095771]에덴자미드/[M040616]말레인산클로르페니라민/[M050213]말레인산덱스클로르페니라민/[M051529]클로르페니라민/[M082701]디엘말레인산클로르페니라민/[M083325]디말레인산클로르페니라민/[M099959]말레인산클로로페니라민/[M100018]말레산클로르페니라민/[M100476]디말레인산클로르페니라민/[M101581]디엘말레인산클로르페니라민/[M200471]말레인산클로르페니라민제피과립/[M202197]D-말레인산클로르페니라민/[M202204]DL-말레인산클로르페니라민/[M203913]클로르페니라민말레인산염/[M212847]클로르페니라민말레이트/[M223211]클로르페니라민말레산염/[M223212]d-클로르페니라민말레산염/[M223213]클로르페니라민말레산염 산/[M223214]클로르페니라민말레산염 정/[M223215]클로르페니라민말레산염 주사액/[M226783]dl-클로르페니라민말레산염/[M249715]덱스클로르페니라민 말레산염/[M251936]덱스클로르페니라민말레이트/[C040792]황련/[C080706]황련엑스/[C082101]황련유동엑스/[C082987]황련가루/[C085384]황련50%에탄올유동엑스/[C085391]황련해독탕건조엑스/[C087356]황련탕건조엑스-에프/[C088358]황련추출액/[C088525]황련수침건조엑스/[C089461]황련해독탕엑스/[C089522]황련엑스산/[C089523]황련엑스산(베르베린으로서 93ㆍ8밀리그람)/[C091392]쌍황련연조엑스/[C091992]황련연조엑스/[C095064]황련해독탕연조엑스/[C097315]황련추출물/[C407523]황련추출물/[C407525]황련뿌리추출물/[C407526]황련뿌리줄기추출물/[C434544]황련뿌리줄기추출물/[C434545]황련뿌리추출물/[C434546]황련추출물/[I006174]황련/[M040792]황련/[M080706]황련엑스/[M082101]황련유동엑스/[M082987]황련가루/[M085373]황련강초/[M085384]황련50%에탄올유동엑스/[M085391]황련해독탕건조엑스/[M087356]황련탕건조엑스-에프/[M088358]황련추출액/[M088525]황련수침건조엑스/[M089461]황련해독탕엑스/[M089522]황련엑스산/[M091392]쌍황련연조엑스/[M091992]황련연조엑스/[M095064]황련해독탕연조엑스/[M102175]황련ㆍ황백50%에탄올추출액(1->2ㆍ5)/[M102281]황련건조엑스(6→1)/[M104751]황련해독탕건조엑스(4.07→1)/[M202123]황련건조엑스/[M202124]황련엑스가루/[M202125]황련탕건조엑스/[M228735]황련엑스(2.5:1)/[M247789]황련추출물/[M261940]쌍황련연조엑스(13.6→1)/[M262706]황련건조엑스(8.1~9.9→1)
/[M262728]황련연조엑스(4.5~5.5→1)
/[M267106]황련연조엑스(4.0~5.5→1)/[M267319]황련건조엑스(8.93→1)/[M267397]황련연조엑스(4.8~5.8→1)","[01140]해열.진통.소염제","","4,000밀리그램",20180831,"아세트아미노펜으로서 4,000mg/day(모든제형, 단일제.복합제 포함)","","정상"
4327,"용량주의","복합",D001299,"Potassium clavulanate","클라불란산 칼륨","[D001311]Ticarcillin sodium(티카실린 나트륨)","[A000707]아목시실린·클라불란산/[M118102]클라불란산칼륨·티카르실린나트륨(1:15)/[M247904]티카실린","[06180]주로 그람양성, 음성균에 작용하는 것","용액용분말주사제","1.2/18그램",20190621,"","","정상"
4511,"용량주의","단일",D000203,"Ramosetron Hydrochloride","라모세트론염산염","","[M246846]라모세트론염산염/[M255325]라모세트론염산염","[02390]기타의 소화기관용약","정제","(남성)라모세트론염산염 10마이크로그램",20191111,"(남성)라모세트론염산염 10㎍,  (여성)라모세트론염산염 5㎍","","정상"
4512,"용량주의","단일",D000422,Risperidone,"리스페리돈","","[M086310]리스페리돈/[M098171]리스페리돈서방성미립구","[01170]정신신경용제","서방성현탁액용분말주사제","리스페리돈 50밀리그램",20191111,"","","정상"
4513,"용량주의","단일",D000140,Cimetidine,"시메티딘","","[M050857]시메티딘/[M096180]염산시메티딘","[02320]소화성궤양용제","용액주사제","시메티딘 2그램",20191111,"","","정상"
4514,"용량주의","복합",D000051,Carbidopa,"카르비도파","[D000302]Levodopa(레보도파)","[M089172]카르비도파/[M256275]카르비도파수화물/[M040122]레보도파","[01190]기타의 중추신경용약","장관용겔","레보도파 2,000밀리그램",20191111,"레보도파 2,000mg","복합제","정상"
4515,"용량주의","복합",D000018,"Bupropion Hydrochloride","부프로피온염산염","[D001312]Naltrexone(날트렉손)","[I000166]부프로피온염산염/[M095783]염산부프로피온/[M233238]부프로피온염산염/[A000098]날트렉손","[01230]자율신경제","서방성필름코팅정","부프로피온염산염 360밀리그램/날트렉손염산염 32밀리그램",20191111,"부프로피온염산염 360mg, 날트렉손염산염 32mg","","정상"
3793,"용량주의","복합",D000147,Acetaminophen,"아세트아미노펜","[D000200]Dextromethorphan(덱스트로메토르판)/[D001116]Methylephedrine(메틸에페드린)/[D000448]Pseudoephedrine(슈도에페드린)/[D001123]Cinnamomum cassia Blume(육계)/[D000893]Chlorpheniramine(클로르페니라민)","[M040353]아세트아미노펜/[M082309]아세트아미노펜제피세립/[M233006]아세트아미노펜 DC 500/600/[M246556]아세트아미노펜 (미분화)/[M262287]아세트아미노펜 과립/[M040084]브롬화수소산덱스트로메토르판/[M202983]덱스트로메토르판브롬화수소산염/[M222957]덱스트로메토르판브롬화수소산염수화물/[A006116]메틸에페드린/[I006391]dl-메틸에페드린염산염/[M204422]dl-메틸에페드린염산염/[M223022]dl-메틸에페드린염산염 산 10%/[M235519]디엘메틸에페드린염산염/[M240608]dI-메틸에페드린염산염/[M240859]디엘-메틸에페드린염산염/[M252389]㎗-메틸에페드린염산염/[M264046]DL-메틸에페드린염산염/[M050833]염산슈도에페드린/[M081720]황산슈도에페드린/[M203364]슈도에페드린염산염/[M222865]수도에페드린염산염/[M248579]수도에페드린황산염/[M256034]수도에페드린염산염 과립/[M258826]수도에페드린/[C050036]육계/[C089617]육계엑스산/[C401739]육계추출물/[C401743]육계잎추출물/[C402601]육계/[C402602]육계껍질/정향싹/로즈마리잎/불가리스백리향잎수/[C428728]육계/[C428729]육계/정향싹/로즈마리잎/타임잎수/[C428730]육계/정향싹/로즈마리잎/타임잎오일/[C428731]육계껍질/탱자열매/삼백초잎/뿌리/도둑놈의지팡이뿌리추출물/[C428733]육계잎추출물/[C428734]육계전초오일/[C428735]육계전초추출물/[C428736]육계껍질추출물/[C434092]하이드롤라이즈드육계추출물/[C438444]육계껍질수/[C438521](육계껍질/요엽후박)나무껍질/(고량강/참당귀)뿌리추출물/[I000485]육계/[I008329]육계/[I012425]육계·아선약·소두구·고추 연조엑스(5→1)/[M050036]육계/[M089617]육계엑스산/[M106290]육계(모계)/[M201470]육계엑스가루/[M227893]육계70%에탄올틴크(1->5)/[M232832]육계건조엑스/[M234405]육계가루/[M239186]육계엑스(22->1)/[M240817]육계70%에탄올틴크(1→5)/[M244658]육계틴크(1→5)/[M245879]육계건조엑스(31.25->1)/[M246170]육계연조엑스/[M251943]육계추출물/[M252166]육계유/[M252345]육계유동엑스/[M252650]육계·아선약·소두구·고추 연조엑스(5→1)/[M253194]육계엑스(22→1)/[M254384]육계·아선약·소두구·고추 연조엑스(5->1)/[M258809]육계엑스/[M259064]육계30%에탄올유동엑스/[M261235]육계연조엑스(7.9∼9.6→1)
/[M262509]육계연조엑스(7.9~9.6→1)/[M264213]육계/당귀/작약/숙지황/천궁/황기 혼합추출물/[M264384]육계연조엑스(8.8~10.8→1)/[M264645]육계연조엑스(8.3→1)/[M266305]육계건조엑스(20~35→1)/[M266529]육계건조엑스(22→1)/[M267315]육계연조엑스(8.4~10.2→1)/[M267418]육계연조엑스(6.7~10→1) /[M040616]말레인산클로르페니라민/[M050213]말레인산덱스클로르페니라민/[M051529]클로르페니라민/[M082701]디엘말레인산클로르페니라민/[M083325]디말레인산클로르페니라민/[M099959]말레인산클로로페니라민/[M100018]말레산클로르페니라민/[M100476]디말레인산클로르페니라민/[M101581]디엘말레인산클로르페니라민/[M200471]말레인산클로르페니라민제피과립/[M202197]D-말레인산클로르페니라민/[M202204]DL-말레인산클로르페니라민/[M203913]클로르페니라민말레인산염/[M212847]클로르페니라민말레이트/[M223211]클로르페니라민말레산염/[M223212]d-클로르페니라민말레산염/[M223213]클로르페니라민말레산염 산/[M223214]클로르페니라민말레산염 정/[M223215]클로르페니라민말레산염 주사액/[M226783]dl-클로르페니라민말레산염/[M249715]덱스클로르페니라민 말레산염/[M251936]덱스클로르페니라민말레이트","[01140]해열.진통.소염제","","4,000밀리그램",20180831,"아세트아미노펜으로서 4,000mg/day(모든제형, 단일제.복합제 포함)","","정상"
3796,"용량주의","복합",D000147,Acetaminophen,"아세트아미노펜","[D001116]Methylephedrine(메틸에페드린)/[D001126]Seratio Peptidase(세라티오펩티다제)/[D000852]Caffeine(카페인)/[D000893]Chlorpheniramine(클로르페니라민)/[D000981]Cloperastine(클로페라스틴)","[M040353]아세트아미노펜/[M082309]아세트아미노펜제피세립/[M233006]아세트아미노펜 DC 500/600/[M246556]아세트아미노펜 (미분화)/[M262287]아세트아미노펜 과립/[A006116]메틸에페드린/[I006391]dl-메틸에페드린염산염/[M204422]dl-메틸에페드린염산염/[M223022]dl-메틸에페드린염산염 산 10%/[M235519]디엘메틸에페드린염산염/[M240608]dI-메틸에페드린염산염/[M240859]디엘-메틸에페드린염산염/[M252389]㎗-메틸에페드린염산염/[M264046]DL-메틸에페드린염산염/[C081836]장용성세라티오펩티다제과립/[C099414]세라티오펩티다제/[I003690]세라티오펩티다제/[M081836]장용성세라티오펩티다제과립/[M099414]세라티오펩티다제/[M200865]세라티오펩티다제장용과립/[M222201]세라티오펩티다제(6600세라티오펩티다제 단위)/[M040579]카페인(함수)/[M040580]무수카페인/[M090611]카페인/[M223183]카페인무수물/[M223184]카페인수화물/[M241017]무수물카페인/[M040616]말레인산클로르페니라민/[M050213]말레인산덱스클로르페니라민/[M051529]클로르페니라민/[M082701]디엘말레인산클로르페니라민/[M083325]디말레인산클로르페니라민/[M099959]말레인산클로로페니라민/[M100018]말레산클로르페니라민/[M100476]디말레인산클로르페니라민/[M101581]디엘말레인산클로르페니라민/[M200471]말레인산클로르페니라민제피과립/[M202197]D-말레인산클로르페니라민/[M202204]DL-말레인산클로르페니라민/[M203913]클로르페니라민말레인산염/[M212847]클로르페니라민말레이트/[M223211]클로르페니라민말레산염/[M223212]d-클로르페니라민말레산염/[M223213]클로르페니라민말레산염 산/[M223214]클로르페니라민말레산염 정/[M223215]클로르페니라민말레산염 주사액/[M226783]dl-클로르페니라민말레산염/[M249715]덱스클로르페니라민 말레산염/[M251936]덱스클로르페니라민말레이트/[M051546]염산클로페라스틴/[M051547]펜디조산클로페라스틴/[M222890]클로페라스틴염산염","[01140]해열.진통.소염제","","4,000밀리그램",20180831,"아세트아미노펜으로서 4,000mg/day(모든제형, 단일제.복합제 포함)","","정상"
4516,"용량주의","단일",D001063,Lorcaserin,"로카세린","","[I012676]로카세린염산염수화물/[M261521]로카세린염산염수화물","[01230]자율신경제","정제","로카세린 20밀리그램",20191111,"","","정상"
4517,"용량주의","단일",D000505,Diethylpropion,"디에틸프로피온","","[M215226]염산디에칠프로피온/[M230781]디에틸프로피온염산염","[01230]자율신경제","정제","디에틸프로피온염산염 75밀리그램",20191111,"","","정상"
3799,"용량주의","복합",D000147,Acetaminophen,"아세트아미노펜","[D001117]Cyanocobalamin(시아노코발라민)/[D001128]Cytidine(시티딘)/[D001127]Uridine(우리딘)/[D000998]Thiamine(티아민)/[D000413]Pyridoxine(피리독신)","[M040353]아세트아미노펜/[M082309]아세트아미노펜제피세립/[M233006]아세트아미노펜 DC 500/600/[M246556]아세트아미노펜 (미분화)/[M262287]아세트아미노펜 과립/[C040330]시아노코발라민(비타민B12)/[C081020]시아노코발라민1%/[C081612]시아노코발라민0ㆍ1%WS,Spray-dried/[C082616]시아노코발라민0ㆍ1%SD/[C082811]시아노코발라민1%SD/[C083188]시아노코발라민0ㆍ1%/[C083197]시아노코발라민1%산/[C083532]무수시아노코발라민/[C083632]시아노코발라민1%과립/[C083673]수지흡착1%시아노코발라민/[C084210]0ㆍ1%시아노코발라민트리츄레이션/[C084370]시아노코발라민0ㆍ1%type ws/[C084641]수용성시아노코발라민0ㆍ1%/[C084783]시아노코발라민0ㆍ1%산/[C086692]시아노코발라민제제/[C089580]0ㆍ1%시아노코발라민/[C091382]시아노코발라민0ㆍ1%과립/[C093734]시아노코발라민산/[C093748]시아노코발라민0ㆍ1%분말/[C096429]시아노코발라민/[C099915]0ㆍ1% 수용성시아노코발라민/[C409830]시아노코발라민/[I000703]시아노코발라민/[M040330]시아노코발라민(비타민B12)/[M081020]시아노코발라민1%/[M081612]시아노코발라민0ㆍ1%WS,Spray-dried/[M082616]시아노코발라민0ㆍ1%SD/[M082811]시아노코발라민1%SD/[M083188]시아노코발라민0ㆍ1%/[M083197]시아노코발라민1%산/[M083532]무수시아노코발라민/[M083632]시아노코발라민1%과립/[M083673]수지흡착1%시아노코발라민/[M084210]0ㆍ1%시아노코발라민트리츄레이션/[M084370]시아노코발라민0ㆍ1%type ws/[M084641]수용성시아노코발라민0ㆍ1%/[M084783]시아노코발라민0ㆍ1%산/[M086692]시아노코발라민/[M089580]0ㆍ1%시아노코발라민/[M091382]시아노코발라민0ㆍ1%과립/[M093734]시아노코발라민산/[M093748]시아노코발라민0ㆍ1%분말/[M096429]시아노코발라민/[M099915]0ㆍ1%수용성시아노코발라민/[M105765]시아노코발라민제제/[M201060]시아노코발라민0ㆍ1%typews/[M205977]수용성 시아노코발라민 0.1%/[M207390]시아노코발라민 0.1%(시아노코발라민으로서 5㎍)/[M207532]시아노코발라민 0.1%(비타민 B12로서 5㎍)/[M210476]0.1%시아노코발라민/[M211243]만니톨-시아노코발라민 배산 0.1%/[M212896]0.1% 시아노코바라민/[M213686]시아노코발라민0.1%/[M216043]0.1% 시아노코발라민(시아노코발라민으로서 2.5마이크로그램)/[M221499]시아노코발리민0.1%/[M225607]시아노코발라민 1%/[M232653]시아노코발라민 배산 0.1%/[M235614]1%시아노코발라민/[M240091]시아노코발라민1%/[M243438]시아노코발라민 0.1%/[M243493]0.1%시아노코발라민/[M243574]0.1% 시아노코발라민/[M243956]0.1% 시아노코발라민/[M243963]0.1% 시아노코발라민/[M244157]0.1% 시아노코발라민/[M244374]시아노코발라민1%/[M244679]0.1% 시아노코발라민/[M245647]0.1％ 시아노코발라민/[M245958]0.1% 시아노코발리민/[M246786]0.1%수용성시아노코발라민/[M255994]시아노코발라민1000배산/[M256157]시아노코발라민100배산/[M262818]시아노코발라빈 1000배산/[M265578]시아노코발라민1000배산/[C070702]시티딘/[I007369]시티딘/[M070702]시티딘/[C051213]우리딘/[C408220]우리딘/[C428548]우리딘/[M051213]우리딘/[M223258]티아민염산염/[M223262]티아민질산염/[M243282]티아민질산염3배산/[M080913]로코트염산피리독신/[M081199]로코트염산피리독신331/3%/[M084231]염산피리독신33 1/3%/[M092263]염산피리독신98%과립/[M099035]염산피리독신3배산/[M204304]피리독신염산염/[M225043]염산 피리독신/[M227508]피리독신염산염97%과립/[M232652]제피피리독신염산염/[M240075]염산피리독신/[M240090]피리독신염산염 98% 과립/[M241190]피리독신염산염3배산/[M243281]피리독신염산염3배산/[M244825]피리독신염산염3배산/[M251501]피리독신염산염33·1/3%","[01140]해열.진통.소염제","","4,000밀리그램",20180831,"아세트아미노펜으로서 4,000mg/day(모든제형, 단일제.복합제 포함)","","정상"
3805,"용량주의","복합",D000147,Acetaminophen,"아세트아미노펜","[D000493]Guaifenesin(구아이페네신)/[D001098]Noscapine(노스카핀)/[D000200]Dextromethorphan(덱스트로메토르판)/[D001116]Methylephedrine(메틸에페드린)/[D000448]Pseudoephedrine(슈도에페드린)/[D000893]Chlorpheniramine(클로르페니라민)","[M040353]아세트아미노펜/[M082309]아세트아미노펜제피세립/[M233006]아세트아미노펜 DC 500/600/[M246556]아세트아미노펜 (미분화)/[M262287]아세트아미노펜 과립/[M050058]구아이페네신/[C040059]노스카핀/[C040060]염산노스카핀/[I002629]노스카핀/[I002630]노스카핀캄실레이트/[I002631]노스카핀염산염수화물/[M040059]노스카핀/[M040060]염산노스카핀/[M222947]노스카핀염산염수화물/[M223470]노스카핀염산염수화물/[M245380]노스카핀염산염/[M040084]브롬화수소산덱스트로메토르판/[M202983]덱스트로메토르판브롬화수소산염/[M222957]덱스트로메토르판브롬화수소산염수화물/[A006116]메틸에페드린/[I006391]dl-메틸에페드린염산염/[M204422]dl-메틸에페드린염산염/[M223022]dl-메틸에페드린염산염 산 10%/[M235519]디엘메틸에페드린염산염/[M240608]dI-메틸에페드린염산염/[M240859]디엘-메틸에페드린염산염/[M252389]㎗-메틸에페드린염산염/[M264046]DL-메틸에페드린염산염/[M050833]염산슈도에페드린/[M081720]황산슈도에페드린/[M203364]슈도에페드린염산염/[M222865]수도에페드린염산염/[M248579]수도에페드린황산염/[M256034]수도에페드린염산염 과립/[M258826]수도에페드린/[M040616]말레인산클로르페니라민/[M050213]말레인산덱스클로르페니라민/[M051529]클로르페니라민/[M082701]디엘말레인산클로르페니라민/[M083325]디말레인산클로르페니라민/[M099959]말레인산클로로페니라민/[M100018]말레산클로르페니라민/[M100476]디말레인산클로르페니라민/[M101581]디엘말레인산클로르페니라민/[M200471]말레인산클로르페니라민제피과립/[M202197]D-말레인산클로르페니라민/[M202204]DL-말레인산클로르페니라민/[M203913]클로르페니라민말레인산염/[M212847]클로르페니라민말레이트/[M223211]클로르페니라민말레산염/[M223212]d-클로르페니라민말레산염/[M223213]클로르페니라민말레산염 산/[M223214]클로르페니라민말레산염 정/[M223215]클로르페니라민말레산염 주사액/[M226783]dl-클로르페니라민말레산염/[M249715]덱스클로르페니라민 말레산염/[M251936]덱스클로르페니라민말레이트","[01140]해열.진통.소염제","","4,000밀리그램",20180831,"아세트아미노펜으로서 4,000mg/day(모든제형, 단일제.복합제 포함)","","정상"
4518,"용량주의","단일",D000795,Phentermine,"펜터민","","[M099629]염산펜터민/[M219108]염산펜터민/[M238557]펜터민염산염","[01230]자율신경제","정제/캡슐/서방성캡슐제, 펠렛","37.5밀리그램",20191111,"","","정상"
3801,"용량주의","복합",D000147,Acetaminophen,"아세트아미노펜","[D001093]Galgeun-tang(갈근탕)/[D000493]Guaifenesin(구아이페네신)/[D000852]Caffeine(카페인)/[D000893]Chlorpheniramine(클로르페니라민)/[D000998]Thiamine(티아민)/[D000933]Tipepidine(티페피딘)","[M040353]아세트아미노펜/[M082309]아세트아미노펜제피세립/[M233006]아세트아미노펜 DC 500/600/[M246556]아세트아미노펜 (미분화)/[M262287]아세트아미노펜 과립/[C084556]갈근탕엑스/[C085494]갈근탕엑스분말/[C085503]갈근탕건조엑스/[C086018]갈근탕연조엑스/[C090838]갈근탕엑스과립/[C096410]갈근탕엑스정건조엑스/[C096710]갈근탕건조엑스[10→1]/[C100973]갈근탕엑스(10→1)/[M084556]갈근탕엑스/[M085494]갈근탕엑스분말/[M085503]갈근탕건조엑스/[M086018]갈근탕연조엑스/[M096410]갈근탕엑스정건조엑스/[M096710]갈근탕건조엑스[10→1]/[M100973]갈근탕엑스(10→1)/[M103265]갈근탕엑스말(10→1)/[M103916]갈근탕연조엑스(4.32→1)/[M104358]갈근탕엑스말/[M104683]갈근탕건조엑스(6.80→1)/[M104753]갈근탕연조엑스(3.4→1)/[M105329]갈근탕수침건조엑기스/[M105588]갈근탕건조엑스(5.78→1)/[M105816]갈근탕엑스분말(6→1)/[M105833]갈근탕연조엑스(4.17→1)/[M200049]갈근탕엑스가루/[M214453]갈근탕 연조엑스(4→1)/[M217483]갈근탕연조엑스(3->1)/[M229053]갈근탕 연조엑스(3.33→1)/[M250041]갈근탕엑스(5.81:1)/[M252043]갈근탕연조엑스[2.78→1]/[M252386]갈근탕연조엑스
(3.33→1)/[M259853]갈근탕건조엑스(6.31:1)/[M260768]갈근탕연조엑스(3.08→1)/[M261860]갈근탕건조엑스(5.6→1)/[M267754]갈근탕건조엑스(4→1)/[M050058]구아이페네신/[M040579]카페인(함수)/[M040580]무수카페인/[M090611]카페인/[M223183]카페인무수물/[M223184]카페인수화물/[M241017]무수물카페인/[M040616]말레인산클로르페니라민/[M050213]말레인산덱스클로르페니라민/[M051529]클로르페니라민/[M082701]디엘말레인산클로르페니라민/[M083325]디말레인산클로르페니라민/[M099959]말레인산클로로페니라민/[M100018]말레산클로르페니라민/[M100476]디말레인산클로르페니라민/[M101581]디엘말레인산클로르페니라민/[M200471]말레인산클로르페니라민제피과립/[M202197]D-말레인산클로르페니라민/[M202204]DL-말레인산클로르페니라민/[M203913]클로르페니라민말레인산염/[M212847]클로르페니라민말레이트/[M223211]클로르페니라민말레산염/[M223212]d-클로르페니라민말레산염/[M223213]클로르페니라민말레산염 산/[M223214]클로르페니라민말레산염 정/[M223215]클로르페니라민말레산염 주사액/[M226783]dl-클로르페니라민말레산염/[M249715]덱스클로르페니라민 말레산염/[M251936]덱스클로르페니라민말레이트/[M223258]티아민염산염/[M223262]티아민질산염/[M243282]티아민질산염3배산/[M051662]구연산티페피딘/[M051663]히벤즈산티페피딘/[M223274]티페피딘히벤즈산염 정/[M254445]티페피딘시트르산염","[01140]해열.진통.소염제","","4,000밀리그램",20180831,"아세트아미노펜으로서 4,000mg/day(모든제형, 단일제.복합제 포함)","","정상"
3810,"용량주의","복합",D000147,Acetaminophen,"아세트아미노펜","[D000493]Guaifenesin(구아이페네신)/[D000200]Dextromethorphan(덱스트로메토르판)/[D001116]Methylephedrine(메틸에페드린)/[D000363]Ibuprofen(이부프로펜)/[D000852]Caffeine(카페인)/[D000893]Chlorpheniramine(클로르페니라민)","[M040353]아세트아미노펜/[M082309]아세트아미노펜제피세립/[M233006]아세트아미노펜 DC 500/600/[M246556]아세트아미노펜 (미분화)/[M262287]아세트아미노펜 과립/[M050058]구아이페네신/[M040084]브롬화수소산덱스트로메토르판/[M202983]덱스트로메토르판브롬화수소산염/[M222957]덱스트로메토르판브롬화수소산염수화물/[A006116]메틸에페드린/[I006391]dl-메틸에페드린염산염/[M204422]dl-메틸에페드린염산염/[M223022]dl-메틸에페드린염산염 산 10%/[M235519]디엘메틸에페드린염산염/[M240608]dI-메틸에페드린염산염/[M240859]디엘-메틸에페드린염산염/[M252389]㎗-메틸에페드린염산염/[M264046]DL-메틸에페드린염산염/[M051259]이부프로펜/[M071015]이부프로펜리신/[M086772]이부프로펜제피세립/[M209277]이부프로펜아르기닌/[M246943]이부프로펜나트륨이수화물/[M040579]카페인(함수)/[M040580]무수카페인/[M090611]카페인/[M223183]카페인무수물/[M223184]카페인수화물/[M241017]무수물카페인/[M040616]말레인산클로르페니라민/[M050213]말레인산덱스클로르페니라민/[M051529]클로르페니라민/[M082701]디엘말레인산클로르페니라민/[M083325]디말레인산클로르페니라민/[M099959]말레인산클로로페니라민/[M100018]말레산클로르페니라민/[M100476]디말레인산클로르페니라민/[M101581]디엘말레인산클로르페니라민/[M200471]말레인산클로르페니라민제피과립/[M202197]D-말레인산클로르페니라민/[M202204]DL-말레인산클로르페니라민/[M203913]클로르페니라민말레인산염/[M212847]클로르페니라민말레이트/[M223211]클로르페니라민말레산염/[M223212]d-클로르페니라민말레산염/[M223213]클로르페니라민말레산염 산/[M223214]클로르페니라민말레산염 정/[M223215]클로르페니라민말레산염 주사액/[M226783]dl-클로르페니라민말레산염/[M249715]덱스클로르페니라민 말레산염/[M251936]덱스클로르페니라민말레이트","[01140]해열.진통.소염제","","4,000밀리그램",20180831,"아세트아미노펜으로서 4,000mg/day(모든제형, 단일제.복합제 포함)","","정상"
4519,"용량주의","단일",D000723,Vigabatrin,"비가바트린","","[M088971]비가바트린","[01130]항전간제","정제","비가바트린 3그램",20191111,"","","정상"
5106,"용량주의","단일",D000709,Lidocaine,"리도카인","","[M040131]리도카인/[M050364]염산리도카인/[M203064]리도카인염산염일수화물/[M222842]리도카인염산염수화물/[M241764]리도카인염산염","[01210]국소마취제","일반액상분무제/정량액상분무제","리도카인 200밀리그램밀리그램",20190621,"에어로졸제(10%) 리도카인 해당 제형으로 20회 분무","","정상"
5107,"용량주의","단일",D000709,Lidocaine,"리도카인","","[M040131]리도카인/[M050364]염산리도카인/[M203064]리도카인염산염일수화물/[M222842]리도카인염산염수화물/[M241764]리도카인염산염","[01210]국소마취제","겔/크림","리도카인 184그램",20190621,"겔제(9.6%), 크림제(9.6%) 리도카인 해당 제형으로 2g","","정상"
5108,"용량주의","단일",D000709,Lidocaine,"리도카인","","[M040131]리도카인/[M050364]염산리도카인/[M203064]리도카인염산염일수화물/[M222842]리도카인염산염수화물/[M241764]리도카인염산염","[01210]국소마취제","일반액상분무제/정량액상분무제","리도카인 184밀리그램",20190621,"에어로솔제(9.6%)","","정상"
5164,"용량주의","단일",D001400,"Sucroferric oxyhydroxide","수크로제이철옥시수산화물","","[A002346]수크로제이철옥시수산화물/[M267505]수크로제이철옥시수산화물","[02190]기타의 순환계용약","정제","철 3,000밀리그램",20210715,"","","정상"
3803,"용량주의","복합",D000147,Acetaminophen,"아세트아미노펜","[D001093]Galgeun-tang(갈근탕)/[D001129]Semi-alkaline Protease(세미알카린프로테아제)/[D000852]Caffeine(카페인)/[D000893]Chlorpheniramine(클로르페니라민)/[D000998]Thiamine(티아민)/[D000933]Tipepidine(티페피딘)","[M040353]아세트아미노펜/[M082309]아세트아미노펜제피세립/[M233006]아세트아미노펜 DC 500/600/[M246556]아세트아미노펜 (미분화)/[M262287]아세트아미노펜 과립/[C084556]갈근탕엑스/[C085494]갈근탕엑스분말/[C085503]갈근탕건조엑스/[C086018]갈근탕연조엑스/[C090838]갈근탕엑스과립/[C096410]갈근탕엑스정건조엑스/[C096710]갈근탕건조엑스[10→1]/[C100973]갈근탕엑스(10→1)/[M084556]갈근탕엑스/[M085494]갈근탕엑스분말/[M085503]갈근탕건조엑스/[M086018]갈근탕연조엑스/[M096410]갈근탕엑스정건조엑스/[M096710]갈근탕건조엑스[10→1]/[M100973]갈근탕엑스(10→1)/[M103265]갈근탕엑스말(10→1)/[M103916]갈근탕연조엑스(4.32→1)/[M104358]갈근탕엑스말/[M104683]갈근탕건조엑스(6.80→1)/[M104753]갈근탕연조엑스(3.4→1)/[M105329]갈근탕수침건조엑기스/[M105588]갈근탕건조엑스(5.78→1)/[M105816]갈근탕엑스분말(6→1)/[M105833]갈근탕연조엑스(4.17→1)/[M200049]갈근탕엑스가루/[M214453]갈근탕 연조엑스(4→1)/[M217483]갈근탕연조엑스(3->1)/[M229053]갈근탕 연조엑스(3.33→1)/[M250041]갈근탕엑스(5.81:1)/[M252043]갈근탕연조엑스[2.78→1]/[M252386]갈근탕연조엑스
(3.33→1)/[M259853]갈근탕건조엑스(6.31:1)/[M260768]갈근탕연조엑스(3.08→1)/[M261860]갈근탕건조엑스(5.6→1)/[M267754]갈근탕건조엑스(4→1)/[C051804]세미알카린프로테아제/[M051804]세미알카린프로테아제/[M040579]카페인(함수)/[M040580]무수카페인/[M090611]카페인/[M223183]카페인무수물/[M223184]카페인수화물/[M241017]무수물카페인/[M040616]말레인산클로르페니라민/[M050213]말레인산덱스클로르페니라민/[M051529]클로르페니라민/[M082701]디엘말레인산클로르페니라민/[M083325]디말레인산클로르페니라민/[M099959]말레인산클로로페니라민/[M100018]말레산클로르페니라민/[M100476]디말레인산클로르페니라민/[M101581]디엘말레인산클로르페니라민/[M200471]말레인산클로르페니라민제피과립/[M202197]D-말레인산클로르페니라민/[M202204]DL-말레인산클로르페니라민/[M203913]클로르페니라민말레인산염/[M212847]클로르페니라민말레이트/[M223211]클로르페니라민말레산염/[M223212]d-클로르페니라민말레산염/[M223213]클로르페니라민말레산염 산/[M223214]클로르페니라민말레산염 정/[M223215]클로르페니라민말레산염 주사액/[M226783]dl-클로르페니라민말레산염/[M249715]덱스클로르페니라민 말레산염/[M251936]덱스클로르페니라민말레이트/[M223258]티아민염산염/[M223262]티아민질산염/[M243282]티아민질산염3배산/[M051662]구연산티페피딘/[M051663]히벤즈산티페피딘/[M223274]티페피딘히벤즈산염 정/[M254445]티페피딘시트르산염","[01140]해열.진통.소염제","","4,000밀리그램",20180831,"아세트아미노펜으로서 4,000mg/day(모든제형, 단일제.복합제 포함)","","정상"
3813,"용량주의","복합",D000147,Acetaminophen,"아세트아미노펜","[D000493]Guaifenesin(구아이페네신)/[D001116]Methylephedrine(메틸에페드린)/[D000448]Pseudoephedrine(슈도에페드린)/[D001130]Karbeta Pentane Cytric Acid(카르베타펜탄시트르산염)/[D000852]Caffeine(카페인)/[D000893]Chlorpheniramine(클로르페니라민)","[M040353]아세트아미노펜/[M082309]아세트아미노펜제피세립/[M233006]아세트아미노펜 DC 500/600/[M246556]아세트아미노펜 (미분화)/[M262287]아세트아미노펜 과립/[M050058]구아이페네신/[A006116]메틸에페드린/[I006391]dl-메틸에페드린염산염/[M204422]dl-메틸에페드린염산염/[M223022]dl-메틸에페드린염산염 산 10%/[M235519]디엘메틸에페드린염산염/[M240608]dI-메틸에페드린염산염/[M240859]디엘-메틸에페드린염산염/[M252389]㎗-메틸에페드린염산염/[M264046]DL-메틸에페드린염산염/[M050833]염산슈도에페드린/[M081720]황산슈도에페드린/[M203364]슈도에페드린염산염/[M222865]수도에페드린염산염/[M248579]수도에페드린황산염/[M256034]수도에페드린염산염 과립/[M258826]수도에페드린/[C070052]구연산카르베타펜탄/[M070052]구연산카르베타펜탄/[M040579]카페인(함수)/[M040580]무수카페인/[M090611]카페인/[M223183]카페인무수물/[M223184]카페인수화물/[M241017]무수물카페인/[M040616]말레인산클로르페니라민/[M050213]말레인산덱스클로르페니라민/[M051529]클로르페니라민/[M082701]디엘말레인산클로르페니라민/[M083325]디말레인산클로르페니라민/[M099959]말레인산클로로페니라민/[M100018]말레산클로르페니라민/[M100476]디말레인산클로르페니라민/[M101581]디엘말레인산클로르페니라민/[M200471]말레인산클로르페니라민제피과립/[M202197]D-말레인산클로르페니라민/[M202204]DL-말레인산클로르페니라민/[M203913]클로르페니라민말레인산염/[M212847]클로르페니라민말레이트/[M223211]클로르페니라민말레산염/[M223212]d-클로르페니라민말레산염/[M223213]클로르페니라민말레산염 산/[M223214]클로르페니라민말레산염 정/[M223215]클로르페니라민말레산염 주사액/[M226783]dl-클로르페니라민말레산염/[M249715]덱스클로르페니라민 말레산염/[M251936]덱스클로르페니라민말레이트","[01140]해열.진통.소염제","","4,000밀리그램",20180831,"아세트아미노펜으로서 4,000mg/day(모든제형, 단일제.복합제 포함)","","정상"
5166,"용량주의","복합",D000147,Acetaminophen,"아세트아미노펜","[D000997]Pamabrom(파마브롬)","[M040353]아세트아미노펜/[M082309]아세트아미노펜제피세립/[M233006]아세트아미노펜 DC 500/600/[M246556]아세트아미노펜 (미분화)/[M262287]아세트아미노펜 과립/[M082487]파마브롬","[01900]기타의 신경계및 감각기관용 의약품","정제/필름코팅정","3000밀리그램",20210715,"","","삭제"
5167,"용량주의","복합",D001416,Tipiracil,"티피라실","[D001417]Trifluridine(트리플루리딘)","[A110479]티피라실염산염/[M270421]티피라실염산염/[A001208]트리플루리딘/[M085753]트리플루리딘","[04210]항악성종양제","정제/필름코팅정","트리플루리딘으로 160밀리그램",20210715,"","","삭제"
5168,"용량주의","복합",D000147,Acetaminophen,"아세트아미노펜","[D000997]Pamabrom(파마브롬)","[M040353]아세트아미노펜/[M082309]아세트아미노펜제피세립/[M233006]아세트아미노펜 DC 500/600/[M246556]아세트아미노펜 (미분화)/[M262287]아세트아미노펜 과립/[M082487]파마브롬","[01140]해열.진통.소염제","정제","아세트아미노펜 3,000밀리그램/파마브롬 150밀리그램",20210715,"아세트아미노펜 3,000mg, 파마브롬 150mg","복합제","정상"
3804,"용량주의","복합",D000147,Acetaminophen,"아세트아미노펜","[D001109]Potassium Guaiacolsulfonate(구아야콜설폰산칼륨)/[D001125]Platycodonis Radix(길경)/[D000200]Dextromethorphan(덱스트로메토르판)/[D000847]Ethenzamide(에텐자미드)/[D000893]Chlorpheniramine(클로르페니라민)/[D001124]Coptidis Rhizoma(황련)","[M040353]아세트아미노펜/[M082309]아세트아미노펜제피세립/[M233006]아세트아미노펜 DC 500/600/[M246556]아세트아미노펜 (미분화)/[M262287]아세트아미노펜 과립/[C050059]구아야콜설폰산칼륨/[I005220]구아야콜설폰산칼륨/[M050059]구아야콜설폰산칼륨/[M251709]구아야콜설폰산칼륨(무수물로서 45밀리그램)/[M263120]구아야콜설폰산칼륨수화물/[C040048]길경/[C070085]길경추출액/[C070086]길경유동엑스/[C082634]길경가루/[C082657]길경건조엑스/[C082674]길경엑스/[C082950]길경건조엑스말/[C083122]길경33ㆍ3%에탄올엑스/[C084557]길경45%에탄올엑스가루/[C084832]길경엑스산/[C086044]길경연조엑스/[C086047]길경근/[C095008]길경30%에탄올연조엑스/[C100979]길경50%에탄올건조엑스(10->1)/[C101406]길경엑스산(10→1)/[C403069]길경추출물/[I006474]길경/[M040048]길경/[M070085]길경추출액/[M070086]길경유동엑스/[M082634]길경가루/[M082657]길경건조엑스/[M082674]길경엑스/[M082950]길경건조엑스말/[M083122]길경33ㆍ3%에탄올엑스/[M084557]길경45%에탄올엑스가루/[M084832]길경엑스산/[M086044]길경연조엑스/[M095008]길경30%에탄올연조엑스/[M100979]길경50%에탄올건조엑스(10->1)/[M101406]길경엑스산(10→1)/[M103013]길경엑스(3ㆍ7→1)/[M103895]길경건조엑스(3.7→1)/[M104031]길경엑스(4→1)/[M104077]길경엑스(10→1)/[M104359]길경건조엑스(10:1)/[M104415]길경33.3%에탄올엑스(4:1)/[M105015]길경45%에탄올엑스가루(10:1)/[M106069]길경33.3%에탄올유동엑스(4→1)/[M200164]길경건조엑스가루/[M200165]길경엑스가루/[M211323]길경건조엑스(10->1)/[M217082]길경엑스산(10 ->1)/[M221344]길경 30% 에탄올 유동엑스(1:1)/[M232676]길경엑스 (3.7→1)/[M238263]길경50%에탄올건조엑스(10→1)/[M242406]길경 유동엑스/[M243217]길경탕연조엑스/[M250128]길경농축엑기스/[M251012]길경33.3%에탄올유동엑스(4-1)/[M258076]길경33.3%에탄올유동엑스(4->1)/[M258823]길경농축엑스/[M261226]길경연조엑스(2.3∼2.8→1)
/[M262500]길경연조엑스(2.3~2.8→1)/[M263491]길경50%에탄올엑스산(10→1)/[M263888]길경연조엑스(1.2~1.4→1)/[M263904]길경30%에탄올유동엑스(1:1)/[M264018]길경엑스산(3.7→1)/[M264375]길경연조엑스(1.8~2.2→1)/[M264641]길경연조엑스(2.6→1)/[M266592]길경연조엑스(2.3~2.9→1)/[M266996]길경연조엑스(2.2∼2.7→1)/[M267307]길경연조엑스(2.1~2.5→1)/[M268063]길경연조엑스(2.3∼2.8→1)/[M268240]길경추출분말/[M040084]브롬화수소산덱스트로메토르판/[M202983]덱스트로메토르판브롬화수소산염/[M222957]덱스트로메토르판브롬화수소산염수화물/[M040417]에텐자미드/[M095771]에덴자미드/[M040616]말레인산클로르페니라민/[M050213]말레인산덱스클로르페니라민/[M051529]클로르페니라민/[M082701]디엘말레인산클로르페니라민/[M083325]디말레인산클로르페니라민/[M099959]말레인산클로로페니라민/[M100018]말레산클로르페니라민/[M100476]디말레인산클로르페니라민/[M101581]디엘말레인산클로르페니라민/[M200471]말레인산클로르페니라민제피과립/[M202197]D-말레인산클로르페니라민/[M202204]DL-말레인산클로르페니라민/[M203913]클로르페니라민말레인산염/[M212847]클로르페니라민말레이트/[M223211]클로르페니라민말레산염/[M223212]d-클로르페니라민말레산염/[M223213]클로르페니라민말레산염 산/[M223214]클로르페니라민말레산염 정/[M223215]클로르페니라민말레산염 주사액/[M226783]dl-클로르페니라민말레산염/[M249715]덱스클로르페니라민 말레산염/[M251936]덱스클로르페니라민말레이트/[C040792]황련/[C080706]황련엑스/[C082101]황련유동엑스/[C082987]황련가루/[C085384]황련50%에탄올유동엑스/[C085391]황련해독탕건조엑스/[C087356]황련탕건조엑스-에프/[C088358]황련추출액/[C088525]황련수침건조엑스/[C089461]황련해독탕엑스/[C089522]황련엑스산/[C089523]황련엑스산(베르베린으로서 93ㆍ8밀리그람)/[C091392]쌍황련연조엑스/[C091992]황련연조엑스/[C095064]황련해독탕연조엑스/[C097315]황련추출물/[C407523]황련추출물/[C407525]황련뿌리추출물/[C407526]황련뿌리줄기추출물/[C434544]황련뿌리줄기추출물/[C434545]황련뿌리추출물/[C434546]황련추출물/[I006174]황련/[M040792]황련/[M080706]황련엑스/[M082101]황련유동엑스/[M082987]황련가루/[M085373]황련강초/[M085384]황련50%에탄올유동엑스/[M085391]황련해독탕건조엑스/[M087356]황련탕건조엑스-에프/[M088358]황련추출액/[M088525]황련수침건조엑스/[M089461]황련해독탕엑스/[M089522]황련엑스산/[M091392]쌍황련연조엑스/[M091992]황련연조엑스/[M095064]황련해독탕연조엑스/[M102175]황련ㆍ황백50%에탄올추출액(1->2ㆍ5)/[M102281]황련건조엑스(6→1)/[M104751]황련해독탕건조엑스(4.07→1)/[M202123]황련건조엑스/[M202124]황련엑스가루/[M202125]황련탕건조엑스/[M228735]황련엑스(2.5:1)/[M247789]황련추출물/[M261940]쌍황련연조엑스(13.6→1)/[M262706]황련건조엑스(8.1~9.9→1)
/[M262728]황련연조엑스(4.5~5.5→1)
/[M267106]황련연조엑스(4.0~5.5→1)/[M267319]황련건조엑스(8.93→1)/[M267397]황련연조엑스(4.8~5.8→1)","[01140]해열.진통.소염제","","4,000밀리그램",20180831,"아세트아미노펜으로서 4,000mg/day(모든제형, 단일제.복합제 포함)","","정상"
5213,"용량주의","복합",D001416,Tipiracil,"티피라실","[D001417]Trifluridine(트리플루리딘)","[A110479]티피라실염산염/[M270421]티피라실염산염/[A001208]트리플루리딘/[M085753]트리플루리딘","[04210]항악성종양제","필름코팅정/정제","트리플루리딘으로 160밀리그램",20210715,"","","정상"
5216,"용량주의","복합",D000191,Phenylephrine,"페닐레프린","[D001268]Chlorpheniramine maleate(클로르페니라민말레산염)","[M040696]염산페닐에프린/[M222724]페닐레프린염산염/[M225151]페닐에프린염산염/[M223211]클로르페니라민말레산염","[01410]항히스타민제","정제/시럽","페닐레프린염산염 60밀리그램/클로르페니라민말레산염 24밀리그램",20211119,"","복합제","정상"
5217,"용량주의","단일",D001542,D-Mannitol,"D-만니톨","","[M243496]D-만니톨","[03230]당류제","수액제","D-만니톨 200그램",20211119,"","","정상"
5227,"용량주의","복합",D000398,Ramipril,"라미프릴","[D000414]Hydrochlorothiazide(히드로클로로티아지드)","[M083172]라미프릴/[M255729]히드록시프로필메틸셀룰로오스로제피한라미프릴과립/[M080768]히드로클로르치아지드/[M089923]히드로클로로치아짓/[M097694]히드로클로로치아지드/[M223356]히드로클로로티아지드","","정제","라미프릴 10밀리그램/히드로클로로티아지드 50밀리그램",20130703,"라미프릴 10mg, 히드로클로로티아지드 50mg","복합제","정상"
3806,"용량주의","복합",D000147,Acetaminophen,"아세트아미노펜","[D000493]Guaifenesin(구아이페네신)/[D001125]Platycodonis Radix(길경)/[D000200]Dextromethorphan(덱스트로메토르판)/[D000847]Ethenzamide(에텐자미드)/[D000893]Chlorpheniramine(클로르페니라민)/[D001124]Coptidis Rhizoma(황련)","[M040353]아세트아미노펜/[M082309]아세트아미노펜제피세립/[M233006]아세트아미노펜 DC 500/600/[M246556]아세트아미노펜 (미분화)/[M262287]아세트아미노펜 과립/[M050058]구아이페네신/[C040048]길경/[C070085]길경추출액/[C070086]길경유동엑스/[C082634]길경가루/[C082657]길경건조엑스/[C082674]길경엑스/[C082950]길경건조엑스말/[C083122]길경33ㆍ3%에탄올엑스/[C084557]길경45%에탄올엑스가루/[C084832]길경엑스산/[C086044]길경연조엑스/[C086047]길경근/[C095008]길경30%에탄올연조엑스/[C100979]길경50%에탄올건조엑스(10->1)/[C101406]길경엑스산(10→1)/[C403069]길경추출물/[I006474]길경/[M040048]길경/[M070085]길경추출액/[M070086]길경유동엑스/[M082634]길경가루/[M082657]길경건조엑스/[M082674]길경엑스/[M082950]길경건조엑스말/[M083122]길경33ㆍ3%에탄올엑스/[M084557]길경45%에탄올엑스가루/[M084832]길경엑스산/[M086044]길경연조엑스/[M095008]길경30%에탄올연조엑스/[M100979]길경50%에탄올건조엑스(10->1)/[M101406]길경엑스산(10→1)/[M103013]길경엑스(3ㆍ7→1)/[M103895]길경건조엑스(3.7→1)/[M104031]길경엑스(4→1)/[M104077]길경엑스(10→1)/[M104359]길경건조엑스(10:1)/[M104415]길경33.3%에탄올엑스(4:1)/[M105015]길경45%에탄올엑스가루(10:1)/[M106069]길경33.3%에탄올유동엑스(4→1)/[M200164]길경건조엑스가루/[M200165]길경엑스가루/[M211323]길경건조엑스(10->1)/[M217082]길경엑스산(10 ->1)/[M221344]길경 30% 에탄올 유동엑스(1:1)/[M232676]길경엑스 (3.7→1)/[M238263]길경50%에탄올건조엑스(10→1)/[M242406]길경 유동엑스/[M243217]길경탕연조엑스/[M250128]길경농축엑기스/[M251012]길경33.3%에탄올유동엑스(4-1)/[M258076]길경33.3%에탄올유동엑스(4->1)/[M258823]길경농축엑스/[M261226]길경연조엑스(2.3∼2.8→1)
/[M262500]길경연조엑스(2.3~2.8→1)/[M263491]길경50%에탄올엑스산(10→1)/[M263888]길경연조엑스(1.2~1.4→1)/[M263904]길경30%에탄올유동엑스(1:1)/[M264018]길경엑스산(3.7→1)/[M264375]길경연조엑스(1.8~2.2→1)/[M264641]길경연조엑스(2.6→1)/[M266592]길경연조엑스(2.3~2.9→1)/[M266996]길경연조엑스(2.2∼2.7→1)/[M267307]길경연조엑스(2.1~2.5→1)/[M268063]길경연조엑스(2.3∼2.8→1)/[M268240]길경추출분말/[M040084]브롬화수소산덱스트로메토르판/[M202983]덱스트로메토르판브롬화수소산염/[M222957]덱스트로메토르판브롬화수소산염수화물/[M040417]에텐자미드/[M095771]에덴자미드/[M040616]말레인산클로르페니라민/[M050213]말레인산덱스클로르페니라민/[M051529]클로르페니라민/[M082701]디엘말레인산클로르페니라민/[M083325]디말레인산클로르페니라민/[M099959]말레인산클로로페니라민/[M100018]말레산클로르페니라민/[M100476]디말레인산클로르페니라민/[M101581]디엘말레인산클로르페니라민/[M200471]말레인산클로르페니라민제피과립/[M202197]D-말레인산클로르페니라민/[M202204]DL-말레인산클로르페니라민/[M203913]클로르페니라민말레인산염/[M212847]클로르페니라민말레이트/[M223211]클로르페니라민말레산염/[M223212]d-클로르페니라민말레산염/[M223213]클로르페니라민말레산염 산/[M223214]클로르페니라민말레산염 정/[M223215]클로르페니라민말레산염 주사액/[M226783]dl-클로르페니라민말레산염/[M249715]덱스클로르페니라민 말레산염/[M251936]덱스클로르페니라민말레이트/[C040792]황련/[C080706]황련엑스/[C082101]황련유동엑스/[C082987]황련가루/[C085384]황련50%에탄올유동엑스/[C085391]황련해독탕건조엑스/[C087356]황련탕건조엑스-에프/[C088358]황련추출액/[C088525]황련수침건조엑스/[C089461]황련해독탕엑스/[C089522]황련엑스산/[C089523]황련엑스산(베르베린으로서 93ㆍ8밀리그람)/[C091392]쌍황련연조엑스/[C091992]황련연조엑스/[C095064]황련해독탕연조엑스/[C097315]황련추출물/[C407523]황련추출물/[C407525]황련뿌리추출물/[C407526]황련뿌리줄기추출물/[C434544]황련뿌리줄기추출물/[C434545]황련뿌리추출물/[C434546]황련추출물/[I006174]황련/[M040792]황련/[M080706]황련엑스/[M082101]황련유동엑스/[M082987]황련가루/[M085373]황련강초/[M085384]황련50%에탄올유동엑스/[M085391]황련해독탕건조엑스/[M087356]황련탕건조엑스-에프/[M088358]황련추출액/[M088525]황련수침건조엑스/[M089461]황련해독탕엑스/[M089522]황련엑스산/[M091392]쌍황련연조엑스/[M091992]황련연조엑스/[M095064]황련해독탕연조엑스/[M102175]황련ㆍ황백50%에탄올추출액(1->2ㆍ5)/[M102281]황련건조엑스(6→1)/[M104751]황련해독탕건조엑스(4.07→1)/[M202123]황련건조엑스/[M202124]황련엑스가루/[M202125]황련탕건조엑스/[M228735]황련엑스(2.5:1)/[M247789]황련추출물/[M261940]쌍황련연조엑스(13.6→1)/[M262706]황련건조엑스(8.1~9.9→1)
/[M262728]황련연조엑스(4.5~5.5→1)
/[M267106]황련연조엑스(4.0~5.5→1)/[M267319]황련건조엑스(8.93→1)/[M267397]황련연조엑스(4.8~5.8→1)","[01140]해열.진통.소염제","","4,000밀리그램",20180831,"아세트아미노펜으로서 4,000mg/day(모든제형, 단일제.복합제 포함)","","정상"
5228,"용량주의","단일",D000317,Menotropins,"메노트로핀","","[M085252]메노트로핀/[M231891]메노트로핀에이치피","[02490]기타의 호르몬제(항호르몬제를 포함)","용액용동결건조분말주사제","메노트로핀에이치피 450아이.유",20190621,"","","정상"
5229,"용량주의","단일",D000425,Metoclopramide,"메토클로프라미드","","[M050465]메토클로프라미드/[M050466]염산메토클로프라미드/[M223013]메토클로프라미드염산염수화물","[02390]기타의 소화기관용약","용액주사제","메토클로프라미드염산염수화물 30밀리그램",20150331,"","","정상"
5230,"용량주의","복합",D000718,Metformin,"메트포르민","[D000109]Pioglitazone(피오글리타존)","[M201260]염산메트포민/[M214651]염산메트포르민/[M223014]메트포르민염산염/[M244179]메트포르민염산염/[M255741]메트포르민아세트산염/[M263864]메트포르민/[M266682]메트포르민염산염 콜로이드성이산화규소/[M092005]염산피오글리타존/[M235069]피오글리타존염산염/[M260948]피오글리타존염","[03960]당뇨병용제","정제","메트포르민 2,500밀리그램/피오글리타존 30밀리그램",20150602,"메트포르민 2,500mg, 피오글리타존 30mg","복합제","정상"
5231,"용량주의","복합",D000147,Acetaminophen,"아세트아미노펜","[D000773]Tramadol(트라마돌)/[D000773]Tramadol(트라마돌)","[M040353]아세트아미노펜/[M082309]아세트아미노펜제피세립/[M233006]아세트아미노펜 DC 500/600/[M246556]아세트아미노펜 (미분화)/[M262287]아세트아미노펜 과립/[M080418]염산트라마돌/[M104509]염산트라마돌지속성제피과립/[M222893]트라마돌염산염/[M255410]트라마돌염산염","[01140]해열.진통.소염제","정제/서방성필름코팅정","아세트아미노펜 2,600밀리그램",20180831,"아세트아미노펜 2,600mg, 트라마돌염산염 300mg","복합제","정상"
3807,"용량주의","복합",D000147,Acetaminophen,"아세트아미노펜","[D000493]Guaifenesin(구아이페네신)/[D000200]Dextromethorphan(덱스트로메토르판)/[D001101]Riboflavin(리보플라빈)/[D001116]Methylephedrine(메틸에페드린)/[D000448]Pseudoephedrine(슈도에페드린)/[D000893]Chlorpheniramine(클로르페니라민)","[M040353]아세트아미노펜/[M082309]아세트아미노펜제피세립/[M233006]아세트아미노펜 DC 500/600/[M246556]아세트아미노펜 (미분화)/[M262287]아세트아미노펜 과립/[M050058]구아이페네신/[M040084]브롬화수소산덱스트로메토르판/[M202983]덱스트로메토르판브롬화수소산염/[M222957]덱스트로메토르판브롬화수소산염수화물/[C040133]리보플라빈/[C040512]인산리보플라빈나트륨/[C050367]테트라부티르산리보플라빈/[C050368]인산리보플라빈/[C050369]리보플라빈-5-인산나트륨/[C081186]리보플라빈33 1/3%/[C082711]리보플라빈낙산에스텔/[C082719]리보플라빈331/3%산/[C083052]리보플라빈98%DC/[C083101]낙산리보플라빈/[C083163]리보플라빈98%/[C083404]리보플라빈33 1/3%과립/[C084424]염산리보플라빈나트륨/[C085688]직탁용리보플라빈98%/[C089984]리보플라빈인산나트륨/[C090982]리보플라빈산나트륨/[C091022]리보플라빈98%과립/[C091383]리보플라빈25%과립/[C092484]부티르산리보플라빈/[C100456]리보플라빈3배산/[C100480]인산리보플라빈나트륨이수화물/[C101969]리보플라빈E101/[C202525]리보플라빈/[C401176]리보플라빈/[C407713]소듐리보플라빈포스페이트/[C409503]리보플라빈테트라부티레이트/[C422825]리보플라빈/[C422826]리보플라빈테트라부티레이트/[C422827]리보플라빈테트라아세테이트/[C425375]소듐리보플라빈포스페이트/[I003529]리보플라빈/[I003530]리보플라빈포스페이트나트륨/[I006525]리보플라빈부티레이트/[I007430]인산리보플라빈/[I007658]인산리보플라빈나트륨이수화물/[I007907]리보플라빈산나트륨/[M040133]리보플라빈/[M040512]인산리보플라빈나트륨/[M050367]테트라부티르산리보플라빈/[M050368]인산리보플라빈/[M050369]리보플라빈-5-인산나트륨/[M081186]리보플라빈33 1/3%/[M082711]리보플라빈낙산에스텔/[M082719]리보플라빈33 1/3%산/[M083052]리보플라빈98%DC/[M083101]낙산리보플라빈/[M083163]리보플라빈98%/[M083404]리보플라빈33 1/3%과립/[M085688]직탁용리보플라빈98%/[M090982]리보플라빈산나트륨/[M091022]리보플라빈98%과립/[M091383]리보플라빈25%과립/[M092484]부티르산리보플라빈/[M100456]리보플라빈3배산/[M100480]인산리보플라빈나트륨이수화물/[M101969]리보플라빈E101/[M200421]리보플라빈33ㆍ3%/[M200422]리보플라빈33ㆍ3%과립/[M200423]리보플라빈33ㆍ3%산/[M203723]인산리보플라빈소듐/[M206124]조리보플라빈/[M216041]리보플라빈3배산(리보플라빈으로서 5밀리그램)/[M216399]리보플라빈 3배산(리보플라빈으로서 0.84밀리그램)/[M217503]리보플라빈인산에스텔나트륨/[M218021]안산리보플라빈나트륨/[M222995]리보플라빈부티레이트/[M222996]리보플라빈포스페이트나트륨/[M222997]리보플라빈포스페이트나트륨 주사액/[M232651]제피리보플라빈/[M249967]리보플라빈부틸레이트/[M249982]리보플라빈나트륨포스페이트/[A006116]메틸에페드린/[I006391]dl-메틸에페드린염산염/[M204422]dl-메틸에페드린염산염/[M223022]dl-메틸에페드린염산염 산 10%/[M235519]디엘메틸에페드린염산염/[M240608]dI-메틸에페드린염산염/[M240859]디엘-메틸에페드린염산염/[M252389]㎗-메틸에페드린염산염/[M264046]DL-메틸에페드린염산염/[M050833]염산슈도에페드린/[M081720]황산슈도에페드린/[M203364]슈도에페드린염산염/[M222865]수도에페드린염산염/[M248579]수도에페드린황산염/[M256034]수도에페드린염산염 과립/[M258826]수도에페드린/[M040616]말레인산클로르페니라민/[M050213]말레인산덱스클로르페니라민/[M051529]클로르페니라민/[M082701]디엘말레인산클로르페니라민/[M083325]디말레인산클로르페니라민/[M099959]말레인산클로로페니라민/[M100018]말레산클로르페니라민/[M100476]디말레인산클로르페니라민/[M101581]디엘말레인산클로르페니라민/[M200471]말레인산클로르페니라민제피과립/[M202197]D-말레인산클로르페니라민/[M202204]DL-말레인산클로르페니라민/[M203913]클로르페니라민말레인산염/[M212847]클로르페니라민말레이트/[M223211]클로르페니라민말레산염/[M223212]d-클로르페니라민말레산염/[M223213]클로르페니라민말레산염 산/[M223214]클로르페니라민말레산염 정/[M223215]클로르페니라민말레산염 주사액/[M226783]dl-클로르페니라민말레산염/[M249715]덱스클로르페니라민 말레산염/[M251936]덱스클로르페니라민말레이트","[01140]해열.진통.소염제","","4,000밀리그램",20180831,"아세트아미노펜으로서 4,000mg/day(모든제형, 단일제.복합제 포함)","","정상"
5232,"용량주의","복합",D000147,Acetaminophen,"아세트아미노펜","[D000155]Ephedrine(에페드린)/[D001266]Anhydrous Caffeine(카페인무수물)","[M040353]아세트아미노펜/[M082309]아세트아미노펜제피세립/[M233006]아세트아미노펜 DC 500/600/[M246556]아세트아미노펜 (미분화)/[M262287]아세트아미노펜 과립/[M040420]염산에페드린/[M223155]에페드린염산염/[M223183]카페인무수물","[01140]해열.진통.소염제","","아세트아미노펜 4,000밀리그램",20180831,"모든 제형","단일제·복합제 포함","정상"
5233,"용량주의","단일",D001168,"Azilsartan medoxomil potassium","아질사르탄 메독소밀칼륨","","[A000744]아질사르탄메독소밀칼륨","[02140]혈압강하제","정제","아질사르탄메독소밀 80밀리그램",20190419,"","","정상"
5234,"용량주의","복합",D000051,Carbidopa,"카르비도파","[D000302]Levodopa(레보도파)","[M089172]카르비도파/[M256275]카르비도파수화물/[M040122]레보도파","[01190]기타의 중추신경용약","정제","레보도파 1,500밀리그램",20191111,"레보도파 1,500mg","복합제","정상"
5235,"용량주의","단일",D001544,Eszopiclone,"에스조피클론","","[A110510]에스조피클론","[01120]최면진정제","정제","에스조피클론 3밀리그램",20220527,"에스조피클론 3mg","정제","정상"
5236,"용량주의","단일",D001545,Esketamine,"에스케타민","","[A110559]에스케타민","[01170]정신신경용제","점비액제/정량액상분무제","에스케타민 84밀리그램",20220527,"에스케타민 84mg","점비액제","정상"
5237,"용량주의","단일",D001546,Armodafinil,"아모다피닐","","[A000703]아모다피닐","[01190]기타의 중추신경용약","정제","아모다피닐 250밀리그램",20220527,"아모다피닐 250mg","정제","정상"
5238,"용량주의","단일",D001547,Canakinumab,"카나키누맙","","[A001064]카나키누맙","[01420]자격요법제(비특이성면역억제제를 포함)","용액주사제","카나키누맙 300밀리그램",20220527,"전신성 소아 특발성 관절염의 경우 카나키누맙 300mg","주사제","정상"
3808,"용량주의","복합",D000147,Acetaminophen,"아세트아미노펜","[D000493]Guaifenesin(구아이페네신)/[D000200]Dextromethorphan(덱스트로메토르판)/[D001101]Riboflavin(리보플라빈)/[D001116]Methylephedrine(메틸에페드린)/[D000448]Pseudoephedrine(슈도에페드린)/[D000893]Chlorpheniramine(클로르페니라민)","[M040353]아세트아미노펜/[M082309]아세트아미노펜제피세립/[M233006]아세트아미노펜 DC 500/600/[M246556]아세트아미노펜 (미분화)/[M262287]아세트아미노펜 과립/[M050058]구아이페네신/[M040084]브롬화수소산덱스트로메토르판/[M202983]덱스트로메토르판브롬화수소산염/[M222957]덱스트로메토르판브롬화수소산염수화물/[C040133]리보플라빈/[C040512]인산리보플라빈나트륨/[C050367]테트라부티르산리보플라빈/[C050368]인산리보플라빈/[C050369]리보플라빈-5-인산나트륨/[C081186]리보플라빈33 1/3%/[C082711]리보플라빈낙산에스텔/[C082719]리보플라빈331/3%산/[C083052]리보플라빈98%DC/[C083101]낙산리보플라빈/[C083163]리보플라빈98%/[C083404]리보플라빈33 1/3%과립/[C084424]염산리보플라빈나트륨/[C085688]직탁용리보플라빈98%/[C089984]리보플라빈인산나트륨/[C090982]리보플라빈산나트륨/[C091022]리보플라빈98%과립/[C091383]리보플라빈25%과립/[C092484]부티르산리보플라빈/[C100456]리보플라빈3배산/[C100480]인산리보플라빈나트륨이수화물/[C101969]리보플라빈E101/[C202525]리보플라빈/[C401176]리보플라빈/[C407713]소듐리보플라빈포스페이트/[C409503]리보플라빈테트라부티레이트/[C422825]리보플라빈/[C422826]리보플라빈테트라부티레이트/[C422827]리보플라빈테트라아세테이트/[C425375]소듐리보플라빈포스페이트/[I003529]리보플라빈/[I003530]리보플라빈포스페이트나트륨/[I006525]리보플라빈부티레이트/[I007430]인산리보플라빈/[I007658]인산리보플라빈나트륨이수화물/[I007907]리보플라빈산나트륨/[M040133]리보플라빈/[M040512]인산리보플라빈나트륨/[M050367]테트라부티르산리보플라빈/[M050368]인산리보플라빈/[M050369]리보플라빈-5-인산나트륨/[M081186]리보플라빈33 1/3%/[M082711]리보플라빈낙산에스텔/[M082719]리보플라빈33 1/3%산/[M083052]리보플라빈98%DC/[M083101]낙산리보플라빈/[M083163]리보플라빈98%/[M083404]리보플라빈33 1/3%과립/[M085688]직탁용리보플라빈98%/[M090982]리보플라빈산나트륨/[M091022]리보플라빈98%과립/[M091383]리보플라빈25%과립/[M092484]부티르산리보플라빈/[M100456]리보플라빈3배산/[M100480]인산리보플라빈나트륨이수화물/[M101969]리보플라빈E101/[M200421]리보플라빈33ㆍ3%/[M200422]리보플라빈33ㆍ3%과립/[M200423]리보플라빈33ㆍ3%산/[M203723]인산리보플라빈소듐/[M206124]조리보플라빈/[M216041]리보플라빈3배산(리보플라빈으로서 5밀리그램)/[M216399]리보플라빈 3배산(리보플라빈으로서 0.84밀리그램)/[M217503]리보플라빈인산에스텔나트륨/[M218021]안산리보플라빈나트륨/[M222995]리보플라빈부티레이트/[M222996]리보플라빈포스페이트나트륨/[M222997]리보플라빈포스페이트나트륨 주사액/[M232651]제피리보플라빈/[M249967]리보플라빈부틸레이트/[M249982]리보플라빈나트륨포스페이트/[A006116]메틸에페드린/[I006391]dl-메틸에페드린염산염/[M204422]dl-메틸에페드린염산염/[M223022]dl-메틸에페드린염산염 산 10%/[M235519]디엘메틸에페드린염산염/[M240608]dI-메틸에페드린염산염/[M240859]디엘-메틸에페드린염산염/[M252389]㎗-메틸에페드린염산염/[M264046]DL-메틸에페드린염산염/[M050833]염산슈도에페드린/[M081720]황산슈도에페드린/[M203364]슈도에페드린염산염/[M222865]수도에페드린염산염/[M248579]수도에페드린황산염/[M256034]수도에페드린염산염 과립/[M258826]수도에페드린/[M040616]말레인산클로르페니라민/[M050213]말레인산덱스클로르페니라민/[M051529]클로르페니라민/[M082701]디엘말레인산클로르페니라민/[M083325]디말레인산클로르페니라민/[M099959]말레인산클로로페니라민/[M100018]말레산클로르페니라민/[M100476]디말레인산클로르페니라민/[M101581]디엘말레인산클로르페니라민/[M200471]말레인산클로르페니라민제피과립/[M202197]D-말레인산클로르페니라민/[M202204]DL-말레인산클로르페니라민/[M203913]클로르페니라민말레인산염/[M212847]클로르페니라민말레이트/[M223211]클로르페니라민말레산염/[M223212]d-클로르페니라민말레산염/[M223213]클로르페니라민말레산염 산/[M223214]클로르페니라민말레산염 정/[M223215]클로르페니라민말레산염 주사액/[M226783]dl-클로르페니라민말레산염/[M249715]덱스클로르페니라민 말레산염/[M251936]덱스클로르페니라민말레이트","[01140]해열.진통.소염제","","4,000밀리그램",20180831,"아세트아미노펜으로서 4,000mg/day(모든제형, 단일제.복합제 포함)","","정상"
5239,"용량주의","단일",D001548,"Conestat Alpha","코네스타트알파","","[A003009]코네스타트알파","[03390]기타의 혈액 및 체액용약","용액용동결건조분말주사제","코네스타트알파 8400아이.유",20220527,"코네스타트알파 8400IU","주사제","정상"
5240,"용량주의","단일",D001549,"Follitropin delta","폴리트로핀델타","","[M270741]폴리트로핀델타","[02490]기타의 호르몬제(항호르몬제를 포함)","용액주사제","폴리트로핀델타 24마이크로그램",20220527,"폴리트로핀델타 24㎍","주사제","정상"
5241,"용량주의","단일",D001550,Icatibant,"이카티반트","","[A000956]이카티반트","[02190]기타의 순환계용약","용액주사제","이카티반트 90밀리그램",20220527,"이카티반트 90mg","주사제","정상"
5242,"용량주의","단일",D001073,Riociguat,"리오시구앗","","[M259695]리오시구앗(미분화)","[02140]혈압강하제","정제","리오시구앗(미분화) 7.5밀리그램",20220527,"리오시구앗(미분화) 7.5mg","정제","정상"
5243,"용량주의","단일",D001178,selexipag,"셀렉시팍","","[A000603]셀렉시팍","[02140]혈압강하제","정제","셀렉시팍(미분화) 3200마이크로그램",20220527,"셀렉시팍(미분화) 3200㎍","정제","정상"
5244,"용량주의","단일",D001076,Ceritinib,"세리티닙","","[M261400]세리티닙","[04210]항악성종양제","캡슐","세리티닙 450밀리그램",20220527,"세리티닙 450mg","캡슐제","정상"
5245,"용량주의","단일",D001078,Dabrafenib,"다브라페닙","","[M260368]다브라페닙메실산염(미분화)/[M266849]다브라페닙메실산염","[04210]항악성종양제","캡슐","다브라페닙 300밀리그램",20220527,"다브라페닙 300mg","캡슐제","정상"
5246,"용량주의","단일",D001551,Mirogabalin,"미로가발린","","[A110473]미로가발린","[01190]기타의 중추신경용약","정제","미로가발린 30밀리그램",20220527,"미로가발린 30mg","정제","정상"
5247,"용량주의","단일",D001552,Burosumab,"부로수맙","","[A110581]부로수맙","[03990]따로 분류되지 않는 대사성 의약품","용액주사제","부로수맙 90밀리그램",20220527,"FGF23 관련 저인산혈증성 구루병 및 골연화증의 경우 부로수맙 90mg","FGF23 관련 저인산혈증성 구루병 및 골연화증의 경우 부로수맙 90mg, 주사제","정상"
3809,"용량주의","복합",D000147,Acetaminophen,"아세트아미노펜","[D000493]Guaifenesin(구아이페네신)/[D000200]Dextromethorphan(덱스트로메토르판)/[D001101]Riboflavin(리보플라빈)/[D000448]Pseudoephedrine(슈도에페드린)/[D000893]Chlorpheniramine(클로르페니라민)/[D000998]Thiamine(티아민)","[M040353]아세트아미노펜/[M082309]아세트아미노펜제피세립/[M233006]아세트아미노펜 DC 500/600/[M246556]아세트아미노펜 (미분화)/[M262287]아세트아미노펜 과립/[M050058]구아이페네신/[M040084]브롬화수소산덱스트로메토르판/[M202983]덱스트로메토르판브롬화수소산염/[M222957]덱스트로메토르판브롬화수소산염수화물/[C040133]리보플라빈/[C040512]인산리보플라빈나트륨/[C050367]테트라부티르산리보플라빈/[C050368]인산리보플라빈/[C050369]리보플라빈-5-인산나트륨/[C081186]리보플라빈33 1/3%/[C082711]리보플라빈낙산에스텔/[C082719]리보플라빈331/3%산/[C083052]리보플라빈98%DC/[C083101]낙산리보플라빈/[C083163]리보플라빈98%/[C083404]리보플라빈33 1/3%과립/[C084424]염산리보플라빈나트륨/[C085688]직탁용리보플라빈98%/[C089984]리보플라빈인산나트륨/[C090982]리보플라빈산나트륨/[C091022]리보플라빈98%과립/[C091383]리보플라빈25%과립/[C092484]부티르산리보플라빈/[C100456]리보플라빈3배산/[C100480]인산리보플라빈나트륨이수화물/[C101969]리보플라빈E101/[C202525]리보플라빈/[C401176]리보플라빈/[C407713]소듐리보플라빈포스페이트/[C409503]리보플라빈테트라부티레이트/[C422825]리보플라빈/[C422826]리보플라빈테트라부티레이트/[C422827]리보플라빈테트라아세테이트/[C425375]소듐리보플라빈포스페이트/[I003529]리보플라빈/[I003530]리보플라빈포스페이트나트륨/[I006525]리보플라빈부티레이트/[I007430]인산리보플라빈/[I007658]인산리보플라빈나트륨이수화물/[I007907]리보플라빈산나트륨/[M040133]리보플라빈/[M040512]인산리보플라빈나트륨/[M050367]테트라부티르산리보플라빈/[M050368]인산리보플라빈/[M050369]리보플라빈-5-인산나트륨/[M081186]리보플라빈33 1/3%/[M082711]리보플라빈낙산에스텔/[M082719]리보플라빈33 1/3%산/[M083052]리보플라빈98%DC/[M083101]낙산리보플라빈/[M083163]리보플라빈98%/[M083404]리보플라빈33 1/3%과립/[M085688]직탁용리보플라빈98%/[M090982]리보플라빈산나트륨/[M091022]리보플라빈98%과립/[M091383]리보플라빈25%과립/[M092484]부티르산리보플라빈/[M100456]리보플라빈3배산/[M100480]인산리보플라빈나트륨이수화물/[M101969]리보플라빈E101/[M200421]리보플라빈33ㆍ3%/[M200422]리보플라빈33ㆍ3%과립/[M200423]리보플라빈33ㆍ3%산/[M203723]인산리보플라빈소듐/[M206124]조리보플라빈/[M216041]리보플라빈3배산(리보플라빈으로서 5밀리그램)/[M216399]리보플라빈 3배산(리보플라빈으로서 0.84밀리그램)/[M217503]리보플라빈인산에스텔나트륨/[M218021]안산리보플라빈나트륨/[M222995]리보플라빈부티레이트/[M222996]리보플라빈포스페이트나트륨/[M222997]리보플라빈포스페이트나트륨 주사액/[M232651]제피리보플라빈/[M249967]리보플라빈부틸레이트/[M249982]리보플라빈나트륨포스페이트/[M050833]염산슈도에페드린/[M081720]황산슈도에페드린/[M203364]슈도에페드린염산염/[M222865]수도에페드린염산염/[M248579]수도에페드린황산염/[M256034]수도에페드린염산염 과립/[M258826]수도에페드린/[M040616]말레인산클로르페니라민/[M050213]말레인산덱스클로르페니라민/[M051529]클로르페니라민/[M082701]디엘말레인산클로르페니라민/[M083325]디말레인산클로르페니라민/[M099959]말레인산클로로페니라민/[M100018]말레산클로르페니라민/[M100476]디말레인산클로르페니라민/[M101581]디엘말레인산클로르페니라민/[M200471]말레인산클로르페니라민제피과립/[M202197]D-말레인산클로르페니라민/[M202204]DL-말레인산클로르페니라민/[M203913]클로르페니라민말레인산염/[M212847]클로르페니라민말레이트/[M223211]클로르페니라민말레산염/[M223212]d-클로르페니라민말레산염/[M223213]클로르페니라민말레산염 산/[M223214]클로르페니라민말레산염 정/[M223215]클로르페니라민말레산염 주사액/[M226783]dl-클로르페니라민말레산염/[M249715]덱스클로르페니라민 말레산염/[M251936]덱스클로르페니라민말레이트/[M223258]티아민염산염/[M223262]티아민질산염/[M243282]티아민질산염3배산","[01140]해열.진통.소염제","","4,000밀리그램",20180831,"아세트아미노펜으로서 4,000mg/day(모든제형, 단일제.복합제 포함)","","정상"
5248,"용량주의","단일",D001553,Darolutamide,"다로루타마이드","","[A110539]다로루타마이드","[04210]항악성종양제","정제","다로루타마이드 1200밀리그램",20220527,"다로루타마이드 1200mg","정제","정상"
5249,"용량주의","단일",D001015,Umeclidinium,"유메클리디늄","","[I012543]유메클리디늄브롬화물/[M259864]유메클리디늄브롬화물(미분화)","[02290]기타의 호흡기관용약","정량흡입제, 분말제","유메클리디늄 62.5마이크로그램",20220527,"유메클리디늄 62.5㎍","흡입제","정상"
5392,"용량주의","단일",D000709,Lidocaine,"리도카인","","[M040131]리도카인/[M050364]염산리도카인/[M203064]리도카인염산염일수화물/[M222842]리도카인염산염수화물/[M241764]리도카인염산염","[01210]국소마취제","연고/겔","리도카인 1000밀리그램",20221028,"연고제(5%), 겔제(5%) 리도카인 해당 제형으로 20g","","정상"
5393,"용량주의","단일",D000709,Lidocaine,"리도카인","","[M040131]리도카인/[M050364]염산리도카인/[M203064]리도카인염산염일수화물/[M222842]리도카인염산염수화물/[M241764]리도카인염산염","[01210]국소마취제","크림","리도카인 1000밀리그램",20221028,"크림제(4%) 리도카인 해당 제형으로 25g","","정상"
5394,"용량주의","단일",D000709,Lidocaine,"리도카인","","[M040131]리도카인/[M050364]염산리도카인/[M203064]리도카인염산염일수화물/[M222842]리도카인염산염수화물/[M241764]리도카인염산염","[01210]국소마취제","피부용겔제","리도카인 200밀리그램",20221028,"구강용겔제(5%) 리도카인 해당 제형으로 4g","","정상"
5397,"용량주의","단일",D001617,D-Sorbitol,"D-소르비톨","","[A000606]소르비톨","[03230]당류제","용액주사제","D-소르비톨 100그램",20221028,"","","정상"
5398,"용량주의","단일",D001617,D-Sorbitol,"D-소르비톨","","[A000606]소르비톨","[03230]당류제/[03250]단백아미노산제제","용액주사제/수액제","D-소르비톨 100그램",20221028,"","","삭제"
5401,"용량주의","단일",D001617,D-Sorbitol,"D-소르비톨","","[A000606]소르비톨","[03250]단백아미노산제제","수액제/용액주사제","D-소르비톨 100그램",20221028,"","D-소르비톨 함유 아미노산 복합제","정상"
3814,"용량주의","복합",D000147,Acetaminophen,"아세트아미노펜","[D000493]Guaifenesin(구아이페네신)/[D001116]Methylephedrine(메틸에페드린)/[D000448]Pseudoephedrine(슈도에페드린)/[D000852]Caffeine(카페인)/[D000893]Chlorpheniramine(클로르페니라민)/[D000981]Cloperastine(클로페라스틴)","[M040353]아세트아미노펜/[M082309]아세트아미노펜제피세립/[M233006]아세트아미노펜 DC 500/600/[M246556]아세트아미노펜 (미분화)/[M262287]아세트아미노펜 과립/[M050058]구아이페네신/[A006116]메틸에페드린/[I006391]dl-메틸에페드린염산염/[M204422]dl-메틸에페드린염산염/[M223022]dl-메틸에페드린염산염 산 10%/[M235519]디엘메틸에페드린염산염/[M240608]dI-메틸에페드린염산염/[M240859]디엘-메틸에페드린염산염/[M252389]㎗-메틸에페드린염산염/[M264046]DL-메틸에페드린염산염/[M050833]염산슈도에페드린/[M081720]황산슈도에페드린/[M203364]슈도에페드린염산염/[M222865]수도에페드린염산염/[M248579]수도에페드린황산염/[M256034]수도에페드린염산염 과립/[M258826]수도에페드린/[M040579]카페인(함수)/[M040580]무수카페인/[M090611]카페인/[M223183]카페인무수물/[M223184]카페인수화물/[M241017]무수물카페인/[M040616]말레인산클로르페니라민/[M050213]말레인산덱스클로르페니라민/[M051529]클로르페니라민/[M082701]디엘말레인산클로르페니라민/[M083325]디말레인산클로르페니라민/[M099959]말레인산클로로페니라민/[M100018]말레산클로르페니라민/[M100476]디말레인산클로르페니라민/[M101581]디엘말레인산클로르페니라민/[M200471]말레인산클로르페니라민제피과립/[M202197]D-말레인산클로르페니라민/[M202204]DL-말레인산클로르페니라민/[M203913]클로르페니라민말레인산염/[M212847]클로르페니라민말레이트/[M223211]클로르페니라민말레산염/[M223212]d-클로르페니라민말레산염/[M223213]클로르페니라민말레산염 산/[M223214]클로르페니라민말레산염 정/[M223215]클로르페니라민말레산염 주사액/[M226783]dl-클로르페니라민말레산염/[M249715]덱스클로르페니라민 말레산염/[M251936]덱스클로르페니라민말레이트/[M051546]염산클로페라스틴/[M051547]펜디조산클로페라스틴/[M222890]클로페라스틴염산염","[01140]해열.진통.소염제","","4,000밀리그램",20180831,"아세트아미노펜으로서 4,000mg/day(모든제형, 단일제.복합제 포함)","","정상"
3825,"용량주의","복합",D000147,Acetaminophen,"아세트아미노펜","[D000200]Dextromethorphan(덱스트로메토르판)/[D001116]Methylephedrine(메틸에페드린)/[D000847]Ethenzamide(에텐자미드)/[D000852]Caffeine(카페인)/[D000893]Chlorpheniramine(클로르페니라민)/[D001107]Hyangsosan(향소산)","[M040353]아세트아미노펜/[M082309]아세트아미노펜제피세립/[M233006]아세트아미노펜 DC 500/600/[M246556]아세트아미노펜 (미분화)/[M262287]아세트아미노펜 과립/[M040084]브롬화수소산덱스트로메토르판/[M202983]덱스트로메토르판브롬화수소산염/[M222957]덱스트로메토르판브롬화수소산염수화물/[A006116]메틸에페드린/[I006391]dl-메틸에페드린염산염/[M204422]dl-메틸에페드린염산염/[M223022]dl-메틸에페드린염산염 산 10%/[M235519]디엘메틸에페드린염산염/[M240608]dI-메틸에페드린염산염/[M240859]디엘-메틸에페드린염산염/[M252389]㎗-메틸에페드린염산염/[M264046]DL-메틸에페드린염산염/[M040417]에텐자미드/[M095771]에덴자미드/[M040579]카페인(함수)/[M040580]무수카페인/[M090611]카페인/[M223183]카페인무수물/[M223184]카페인수화물/[M241017]무수물카페인/[M040616]말레인산클로르페니라민/[M050213]말레인산덱스클로르페니라민/[M051529]클로르페니라민/[M082701]디엘말레인산클로르페니라민/[M083325]디말레인산클로르페니라민/[M099959]말레인산클로로페니라민/[M100018]말레산클로르페니라민/[M100476]디말레인산클로르페니라민/[M101581]디엘말레인산클로르페니라민/[M200471]말레인산클로르페니라민제피과립/[M202197]D-말레인산클로르페니라민/[M202204]DL-말레인산클로르페니라민/[M203913]클로르페니라민말레인산염/[M212847]클로르페니라민말레이트/[M223211]클로르페니라민말레산염/[M223212]d-클로르페니라민말레산염/[M223213]클로르페니라민말레산염 산/[M223214]클로르페니라민말레산염 정/[M223215]클로르페니라민말레산염 주사액/[M226783]dl-클로르페니라민말레산염/[M249715]덱스클로르페니라민 말레산염/[M251936]덱스클로르페니라민말레이트/[C081544]향소산/[C087324]향소산엑스/[C090874]향소산건조엑스/[C095071]향소산연조엑스/[C101061]향소산건조엑스(8->1)/[M081544]향소산/[M087324]향소산엑스/[M090874]향소산건조엑스/[M095071]향소산연조엑스/[M101061]향소산건조엑스(8->1)/[M103686]향소산연조엑스(5.82→1)/[M211801]향소산연조엑스(4.00→1)/[M229060]향소산건조엑스(5.79→1)/[M252050]향소산건조엑스(5.3→1)/[M252391]향소산 연조엑스(5.82→1)/[M252444]향소산연조엑스[3.14→1]","[01140]해열.진통.소염제","","4,000밀리그램",20180831,"아세트아미노펜으로서 4,000mg/day(모든제형, 단일제.복합제 포함)","","정상"
5419,"용량주의","단일",D001643,"Ferric Hydroxide·Carboxymaltose Complex","카르복시말토오스·수산화제이철착염","","[M116052]카르복시말토오스·수산화제이철착염","[03220]무기질제제","용액주사제","철 주1회 1,000밀리그램",20230531,"","","정상"
5420,"용량주의","단일",D001644,Abrocitinib,"아브로시티닙","","[M281729]아브로시티닙","[01420]자격요법제(비특이성면역억제제를 포함)","정제","아브로시티닙 200밀리그램",20230531,"","","정상"
5423,"용량주의","단일",D001649,"Latanoprostene bunod","라타노프로스틴부노드","","[M280415]라타노프로스틴부노드","[01310]안과용제","점안용액제","",20230531,"","","정상"
5424,"용량주의","단일",D000135,Vincristine,"빈크리스틴","","[M095696]황산빈크리스틴/[M223068]빈크리스틴황산염","[04210]항악성종양제","용액주사제/용액용동결건조분말주사제","빈크리스틴황산염 주1회 2밀리그램",20231108,"","","정상"
5989,"용량주의","단일",D001743,Finerenone,"피네레논","","[A110831]피네레논","[02190]기타의 순환계용약","필름코팅정","20밀리그램",20240501,"","","정상"
5990,"용량주의","단일",D001744,Enarodustat,"에나로두스타트","","[A110889]에나로두스타트","[03390]기타의 혈액 및 체액용약","필름코팅정","8밀리그램",20240501,"","","정상"
6109,"용량주의","단일",D001759,Semaglutide,"세마글루티드","","[A110824]세마글루티드","[03990]따로 분류되지 않는 대사성 의약품","용액주사제","세마글루티드 주 1회 2.4밀리그램",20240809,"비만 및 과체중 환자 체중관리","","정상"
6110,"용량주의","단일",D001759,Semaglutide,"세마글루티드","","[A110824]세마글루티드","[03960]당뇨병용제","용액주사제","세마글루티드 주 1회 1밀리그램",20240809,"제2형 당뇨병","","정상"
3817,"용량주의","복합",D000147,Acetaminophen,"아세트아미노펜","[D001098]Noscapine(노스카핀)/[D001101]Riboflavin(리보플라빈)/[D001116]Methylephedrine(메틸에페드린)/[D000847]Ethenzamide(에텐자미드)/[D000852]Caffeine(카페인)/[D000893]Chlorpheniramine(클로르페니라민)","[M040353]아세트아미노펜/[M082309]아세트아미노펜제피세립/[M233006]아세트아미노펜 DC 500/600/[M246556]아세트아미노펜 (미분화)/[M262287]아세트아미노펜 과립/[C040059]노스카핀/[C040060]염산노스카핀/[I002629]노스카핀/[I002630]노스카핀캄실레이트/[I002631]노스카핀염산염수화물/[M040059]노스카핀/[M040060]염산노스카핀/[M222947]노스카핀염산염수화물/[M223470]노스카핀염산염수화물/[M245380]노스카핀염산염/[C040133]리보플라빈/[C040512]인산리보플라빈나트륨/[C050367]테트라부티르산리보플라빈/[C050368]인산리보플라빈/[C050369]리보플라빈-5-인산나트륨/[C081186]리보플라빈33 1/3%/[C082711]리보플라빈낙산에스텔/[C082719]리보플라빈331/3%산/[C083052]리보플라빈98%DC/[C083101]낙산리보플라빈/[C083163]리보플라빈98%/[C083404]리보플라빈33 1/3%과립/[C084424]염산리보플라빈나트륨/[C085688]직탁용리보플라빈98%/[C089984]리보플라빈인산나트륨/[C090982]리보플라빈산나트륨/[C091022]리보플라빈98%과립/[C091383]리보플라빈25%과립/[C092484]부티르산리보플라빈/[C100456]리보플라빈3배산/[C100480]인산리보플라빈나트륨이수화물/[C101969]리보플라빈E101/[C202525]리보플라빈/[C401176]리보플라빈/[C407713]소듐리보플라빈포스페이트/[C409503]리보플라빈테트라부티레이트/[C422825]리보플라빈/[C422826]리보플라빈테트라부티레이트/[C422827]리보플라빈테트라아세테이트/[C425375]소듐리보플라빈포스페이트/[I003529]리보플라빈/[I003530]리보플라빈포스페이트나트륨/[I006525]리보플라빈부티레이트/[I007430]인산리보플라빈/[I007658]인산리보플라빈나트륨이수화물/[I007907]리보플라빈산나트륨/[M040133]리보플라빈/[M040512]인산리보플라빈나트륨/[M050367]테트라부티르산리보플라빈/[M050368]인산리보플라빈/[M050369]리보플라빈-5-인산나트륨/[M081186]리보플라빈33 1/3%/[M082711]리보플라빈낙산에스텔/[M082719]리보플라빈33 1/3%산/[M083052]리보플라빈98%DC/[M083101]낙산리보플라빈/[M083163]리보플라빈98%/[M083404]리보플라빈33 1/3%과립/[M085688]직탁용리보플라빈98%/[M090982]리보플라빈산나트륨/[M091022]리보플라빈98%과립/[M091383]리보플라빈25%과립/[M092484]부티르산리보플라빈/[M100456]리보플라빈3배산/[M100480]인산리보플라빈나트륨이수화물/[M101969]리보플라빈E101/[M200421]리보플라빈33ㆍ3%/[M200422]리보플라빈33ㆍ3%과립/[M200423]리보플라빈33ㆍ3%산/[M203723]인산리보플라빈소듐/[M206124]조리보플라빈/[M216041]리보플라빈3배산(리보플라빈으로서 5밀리그램)/[M216399]리보플라빈 3배산(리보플라빈으로서 0.84밀리그램)/[M217503]리보플라빈인산에스텔나트륨/[M218021]안산리보플라빈나트륨/[M222995]리보플라빈부티레이트/[M222996]리보플라빈포스페이트나트륨/[M222997]리보플라빈포스페이트나트륨 주사액/[M232651]제피리보플라빈/[M249967]리보플라빈부틸레이트/[M249982]리보플라빈나트륨포스페이트/[A006116]메틸에페드린/[I006391]dl-메틸에페드린염산염/[M204422]dl-메틸에페드린염산염/[M223022]dl-메틸에페드린염산염 산 10%/[M235519]디엘메틸에페드린염산염/[M240608]dI-메틸에페드린염산염/[M240859]디엘-메틸에페드린염산염/[M252389]㎗-메틸에페드린염산염/[M264046]DL-메틸에페드린염산염/[M040417]에텐자미드/[M095771]에덴자미드/[M040579]카페인(함수)/[M040580]무수카페인/[M090611]카페인/[M223183]카페인무수물/[M223184]카페인수화물/[M241017]무수물카페인/[M040616]말레인산클로르페니라민/[M050213]말레인산덱스클로르페니라민/[M051529]클로르페니라민/[M082701]디엘말레인산클로르페니라민/[M083325]디말레인산클로르페니라민/[M099959]말레인산클로로페니라민/[M100018]말레산클로르페니라민/[M100476]디말레인산클로르페니라민/[M101581]디엘말레인산클로르페니라민/[M200471]말레인산클로르페니라민제피과립/[M202197]D-말레인산클로르페니라민/[M202204]DL-말레인산클로르페니라민/[M203913]클로르페니라민말레인산염/[M212847]클로르페니라민말레이트/[M223211]클로르페니라민말레산염/[M223212]d-클로르페니라민말레산염/[M223213]클로르페니라민말레산염 산/[M223214]클로르페니라민말레산염 정/[M223215]클로르페니라민말레산염 주사액/[M226783]dl-클로르페니라민말레산염/[M249715]덱스클로르페니라민 말레산염/[M251936]덱스클로르페니라민말레이트","[01140]해열.진통.소염제","","4,000밀리그램",20180831,"아세트아미노펜으로서 4,000mg/day(모든제형, 단일제.복합제 포함)","","정상"
6111,"용량주의","단일",D001759,Semaglutide,"세마글루티드","","[A110824]세마글루티드","[03960]당뇨병용제","나정","세마글루티드 14밀리그램",20240809,"","","정상"
6112,"용량주의","단일",D000229,Methylphenidate,"메틸페니데이트","","[M223025]메틸페니데이트염산염","[01150]각성제,흥분제","장용성캡슐제, 펠렛","메틸페니데이트 80밀리그램",20240809,"","","정상"
6141,"용량주의","단일",D001294,Liraglutide,"리라글루티드","","[A005629]리라글루티드","[03960]당뇨병용제","용액주사제","리라글루티드 1.8밀리그램",20240809,"제2형 당뇨병","","정상"
6142,"용량주의","단일",D001763,Lurasidone,"루라시돈","","[A110986]루라시돈","[01170]정신신경용제","필름코팅정","(조현병) 루라시돈 160밀리그램",20250530,"(조현병) 루라시돈 160mg","","정상"
6143,"용량주의","단일",D001763,Lurasidone,"루라시돈","","[A110986]루라시돈","[01170]정신신경용제","필름코팅정","(양극성 장애) 루라시돈 120밀리그램",20250530,"(양극성 장애) 루라시돈 120mg","","정상"
6144,"용량주의","단일",D001764,Vadadustat,"바다두스타트","","[A110917]바다두스타트","[03390]기타의 혈액 및 체액용약","필름코팅정","바다두스타트 600밀리그램",20250530,"","","정상"
6145,"용량주의","단일",D001765,Tirzepatide,"터제파타이드","","[A110941]터제파타이드","[03960]당뇨병용제","용액주사제","터제파타이드 주 1회 15밀리그램",20250530,"","","정상"
6146,"용량주의","단일",D001693,Bosutinib,"보수티닙","","[M266097]보수티닙일수화물","[04210]항악성종양제","필름코팅정","보수티닙 600밀리그램",20250530,"","","정상"
6947,"용량주의","단일",D001822,Opiranserin,"오피란제린","","[A111055]오피란제린염산염/[M285047]오피란제린염산염","[01140]해열.진통.소염제","용액주사제","오피란제린염산염 1,000밀리그램",20260609,"","","정상"
3818,"용량주의","복합",D000147,Acetaminophen,"아세트아미노펜","[D001098]Noscapine(노스카핀)/[D001116]Methylephedrine(메틸에페드린)/[D001131]Polygalae Radix(원지)/[D001123]Cinnamomum cassia Blume(육계)/[D000852]Caffeine(카페인)/[D000893]Chlorpheniramine(클로르페니라민)","[M040353]아세트아미노펜/[M082309]아세트아미노펜제피세립/[M233006]아세트아미노펜 DC 500/600/[M246556]아세트아미노펜 (미분화)/[M262287]아세트아미노펜 과립/[C040059]노스카핀/[C040060]염산노스카핀/[I002629]노스카핀/[I002630]노스카핀캄실레이트/[I002631]노스카핀염산염수화물/[M040059]노스카핀/[M040060]염산노스카핀/[M222947]노스카핀염산염수화물/[M223470]노스카핀염산염수화물/[M245380]노스카핀염산염/[A006116]메틸에페드린/[I006391]dl-메틸에페드린염산염/[M204422]dl-메틸에페드린염산염/[M223022]dl-메틸에페드린염산염 산 10%/[M235519]디엘메틸에페드린염산염/[M240608]dI-메틸에페드린염산염/[M240859]디엘-메틸에페드린염산염/[M252389]㎗-메틸에페드린염산염/[M264046]DL-메틸에페드린염산염/[C040482]원지/[C050846]원지건조엑스/[C071320]원지가루/[C085132]원지강즙제/[C085177]원지강제/[C095275]제원지/[C405888]원지뿌리추출물/[C428611]원지뿌리추출물/[I012234]원지/[M040482]원지/[M050846]원지건조엑스/[M071320]원지가루/[M085132]원지강즙제/[M085177]원지강제/[M095275]제원지/[C050036]육계/[C089617]육계엑스산/[C401739]육계추출물/[C401743]육계잎추출물/[C402601]육계/[C402602]육계껍질/정향싹/로즈마리잎/불가리스백리향잎수/[C428728]육계/[C428729]육계/정향싹/로즈마리잎/타임잎수/[C428730]육계/정향싹/로즈마리잎/타임잎오일/[C428731]육계껍질/탱자열매/삼백초잎/뿌리/도둑놈의지팡이뿌리추출물/[C428733]육계잎추출물/[C428734]육계전초오일/[C428735]육계전초추출물/[C428736]육계껍질추출물/[C434092]하이드롤라이즈드육계추출물/[C438444]육계껍질수/[C438521](육계껍질/요엽후박)나무껍질/(고량강/참당귀)뿌리추출물/[I000485]육계/[I008329]육계/[I012425]육계·아선약·소두구·고추 연조엑스(5→1)/[M050036]육계/[M089617]육계엑스산/[M106290]육계(모계)/[M201470]육계엑스가루/[M227893]육계70%에탄올틴크(1->5)/[M232832]육계건조엑스/[M234405]육계가루/[M239186]육계엑스(22->1)/[M240817]육계70%에탄올틴크(1→5)/[M244658]육계틴크(1→5)/[M245879]육계건조엑스(31.25->1)/[M246170]육계연조엑스/[M251943]육계추출물/[M252166]육계유/[M252345]육계유동엑스/[M252650]육계·아선약·소두구·고추 연조엑스(5→1)/[M253194]육계엑스(22→1)/[M254384]육계·아선약·소두구·고추 연조엑스(5->1)/[M258809]육계엑스/[M259064]육계30%에탄올유동엑스/[M261235]육계연조엑스(7.9∼9.6→1)
/[M262509]육계연조엑스(7.9~9.6→1)/[M264213]육계/당귀/작약/숙지황/천궁/황기 혼합추출물/[M264384]육계연조엑스(8.8~10.8→1)/[M264645]육계연조엑스(8.3→1)/[M266305]육계건조엑스(20~35→1)/[M266529]육계건조엑스(22→1)/[M267315]육계연조엑스(8.4~10.2→1)/[M267418]육계연조엑스(6.7~10→1) /[M040579]카페인(함수)/[M040580]무수카페인/[M090611]카페인/[M223183]카페인무수물/[M223184]카페인수화물/[M241017]무수물카페인/[M040616]말레인산클로르페니라민/[M050213]말레인산덱스클로르페니라민/[M051529]클로르페니라민/[M082701]디엘말레인산클로르페니라민/[M083325]디말레인산클로르페니라민/[M099959]말레인산클로로페니라민/[M100018]말레산클로르페니라민/[M100476]디말레인산클로르페니라민/[M101581]디엘말레인산클로르페니라민/[M200471]말레인산클로르페니라민제피과립/[M202197]D-말레인산클로르페니라민/[M202204]DL-말레인산클로르페니라민/[M203913]클로르페니라민말레인산염/[M212847]클로르페니라민말레이트/[M223211]클로르페니라민말레산염/[M223212]d-클로르페니라민말레산염/[M223213]클로르페니라민말레산염 산/[M223214]클로르페니라민말레산염 정/[M223215]클로르페니라민말레산염 주사액/[M226783]dl-클로르페니라민말레산염/[M249715]덱스클로르페니라민 말레산염/[M251936]덱스클로르페니라민말레이트","[01140]해열.진통.소염제","","4,000밀리그램",20180831,"아세트아미노펜으로서 4,000mg/day(모든제형, 단일제.복합제 포함)","","정상"
3833,"용량주의","복합",D000147,Acetaminophen,"아세트아미노펜","[D001000]Licorice(감초)/[D000493]Guaifenesin(구아이페네신)/[D000200]Dextromethorphan(덱스트로메토르판)/[D001116]Methylephedrine(메틸에페드린)/[D000852]Caffeine(카페인)/[D000893]Chlorpheniramine(클로르페니라민)/[D000998]Thiamine(티아민)","[M040353]아세트아미노펜/[M082309]아세트아미노펜제피세립/[M233006]아세트아미노펜 DC 500/600/[M246556]아세트아미노펜 (미분화)/[M262287]아세트아미노펜 과립/[A006000]감초/[M040006]감초/[M070009]감초가루/[M050058]구아이페네신/[M040084]브롬화수소산덱스트로메토르판/[M202983]덱스트로메토르판브롬화수소산염/[M222957]덱스트로메토르판브롬화수소산염수화물/[A006116]메틸에페드린/[I006391]dl-메틸에페드린염산염/[M204422]dl-메틸에페드린염산염/[M223022]dl-메틸에페드린염산염 산 10%/[M235519]디엘메틸에페드린염산염/[M240608]dI-메틸에페드린염산염/[M240859]디엘-메틸에페드린염산염/[M252389]㎗-메틸에페드린염산염/[M264046]DL-메틸에페드린염산염/[M040579]카페인(함수)/[M040580]무수카페인/[M090611]카페인/[M223183]카페인무수물/[M223184]카페인수화물/[M241017]무수물카페인/[M040616]말레인산클로르페니라민/[M050213]말레인산덱스클로르페니라민/[M051529]클로르페니라민/[M082701]디엘말레인산클로르페니라민/[M083325]디말레인산클로르페니라민/[M099959]말레인산클로로페니라민/[M100018]말레산클로르페니라민/[M100476]디말레인산클로르페니라민/[M101581]디엘말레인산클로르페니라민/[M200471]말레인산클로르페니라민제피과립/[M202197]D-말레인산클로르페니라민/[M202204]DL-말레인산클로르페니라민/[M203913]클로르페니라민말레인산염/[M212847]클로르페니라민말레이트/[M223211]클로르페니라민말레산염/[M223212]d-클로르페니라민말레산염/[M223213]클로르페니라민말레산염 산/[M223214]클로르페니라민말레산염 정/[M223215]클로르페니라민말레산염 주사액/[M226783]dl-클로르페니라민말레산염/[M249715]덱스클로르페니라민 말레산염/[M251936]덱스클로르페니라민말레이트/[M223258]티아민염산염/[M223262]티아민질산염/[M243282]티아민질산염3배산","[01140]해열.진통.소염제","","4,000밀리그램",20180831,"아세트아미노펜으로서 4,000mg/day(모든제형, 단일제.복합제 포함)","","정상"
3820,"용량주의","복합",D000147,Acetaminophen,"아세트아미노펜","[D000200]Dextromethorphan(덱스트로메토르판)/[D001101]Riboflavin(리보플라빈)/[D001116]Methylephedrine(메틸에페드린)/[D000852]Caffeine(카페인)/[D000893]Chlorpheniramine(클로르페니라민)/[D001097]Fursultiamine(푸르설티아민)","[M040353]아세트아미노펜/[M082309]아세트아미노펜제피세립/[M233006]아세트아미노펜 DC 500/600/[M246556]아세트아미노펜 (미분화)/[M262287]아세트아미노펜 과립/[M040084]브롬화수소산덱스트로메토르판/[M202983]덱스트로메토르판브롬화수소산염/[M222957]덱스트로메토르판브롬화수소산염수화물/[C040133]리보플라빈/[C040512]인산리보플라빈나트륨/[C050367]테트라부티르산리보플라빈/[C050368]인산리보플라빈/[C050369]리보플라빈-5-인산나트륨/[C081186]리보플라빈33 1/3%/[C082711]리보플라빈낙산에스텔/[C082719]리보플라빈331/3%산/[C083052]리보플라빈98%DC/[C083101]낙산리보플라빈/[C083163]리보플라빈98%/[C083404]리보플라빈33 1/3%과립/[C084424]염산리보플라빈나트륨/[C085688]직탁용리보플라빈98%/[C089984]리보플라빈인산나트륨/[C090982]리보플라빈산나트륨/[C091022]리보플라빈98%과립/[C091383]리보플라빈25%과립/[C092484]부티르산리보플라빈/[C100456]리보플라빈3배산/[C100480]인산리보플라빈나트륨이수화물/[C101969]리보플라빈E101/[C202525]리보플라빈/[C401176]리보플라빈/[C407713]소듐리보플라빈포스페이트/[C409503]리보플라빈테트라부티레이트/[C422825]리보플라빈/[C422826]리보플라빈테트라부티레이트/[C422827]리보플라빈테트라아세테이트/[C425375]소듐리보플라빈포스페이트/[I003529]리보플라빈/[I003530]리보플라빈포스페이트나트륨/[I006525]리보플라빈부티레이트/[I007430]인산리보플라빈/[I007658]인산리보플라빈나트륨이수화물/[I007907]리보플라빈산나트륨/[M040133]리보플라빈/[M040512]인산리보플라빈나트륨/[M050367]테트라부티르산리보플라빈/[M050368]인산리보플라빈/[M050369]리보플라빈-5-인산나트륨/[M081186]리보플라빈33 1/3%/[M082711]리보플라빈낙산에스텔/[M082719]리보플라빈33 1/3%산/[M083052]리보플라빈98%DC/[M083101]낙산리보플라빈/[M083163]리보플라빈98%/[M083404]리보플라빈33 1/3%과립/[M085688]직탁용리보플라빈98%/[M090982]리보플라빈산나트륨/[M091022]리보플라빈98%과립/[M091383]리보플라빈25%과립/[M092484]부티르산리보플라빈/[M100456]리보플라빈3배산/[M100480]인산리보플라빈나트륨이수화물/[M101969]리보플라빈E101/[M200421]리보플라빈33ㆍ3%/[M200422]리보플라빈33ㆍ3%과립/[M200423]리보플라빈33ㆍ3%산/[M203723]인산리보플라빈소듐/[M206124]조리보플라빈/[M216041]리보플라빈3배산(리보플라빈으로서 5밀리그램)/[M216399]리보플라빈 3배산(리보플라빈으로서 0.84밀리그램)/[M217503]리보플라빈인산에스텔나트륨/[M218021]안산리보플라빈나트륨/[M222995]리보플라빈부티레이트/[M222996]리보플라빈포스페이트나트륨/[M222997]리보플라빈포스페이트나트륨 주사액/[M232651]제피리보플라빈/[M249967]리보플라빈부틸레이트/[M249982]리보플라빈나트륨포스페이트/[A006116]메틸에페드린/[I006391]dl-메틸에페드린염산염/[M204422]dl-메틸에페드린염산염/[M223022]dl-메틸에페드린염산염 산 10%/[M235519]디엘메틸에페드린염산염/[M240608]dI-메틸에페드린염산염/[M240859]디엘-메틸에페드린염산염/[M252389]㎗-메틸에페드린염산염/[M264046]DL-메틸에페드린염산염/[M040579]카페인(함수)/[M040580]무수카페인/[M090611]카페인/[M223183]카페인무수물/[M223184]카페인수화물/[M241017]무수물카페인/[M040616]말레인산클로르페니라민/[M050213]말레인산덱스클로르페니라민/[M051529]클로르페니라민/[M082701]디엘말레인산클로르페니라민/[M083325]디말레인산클로르페니라민/[M099959]말레인산클로로페니라민/[M100018]말레산클로르페니라민/[M100476]디말레인산클로르페니라민/[M101581]디엘말레인산클로르페니라민/[M200471]말레인산클로르페니라민제피과립/[M202197]D-말레인산클로르페니라민/[M202204]DL-말레인산클로르페니라민/[M203913]클로르페니라민말레인산염/[M212847]클로르페니라민말레이트/[M223211]클로르페니라민말레산염/[M223212]d-클로르페니라민말레산염/[M223213]클로르페니라민말레산염 산/[M223214]클로르페니라민말레산염 정/[M223215]클로르페니라민말레산염 주사액/[M226783]dl-클로르페니라민말레산염/[M249715]덱스클로르페니라민 말레산염/[M251936]덱스클로르페니라민말레이트/[C051415]푸르설티아민/[C070197]염산푸르설티아민/[I001642]푸르설티아민/[I006251]푸르설티아민염산염/[M051415]푸르설티아민/[M070197]염산푸르설티아민/[M223292]푸르설티아민염산염","[01140]해열.진통.소염제","","4,000밀리그램",20180831,"아세트아미노펜으로서 4,000mg/day(모든제형, 단일제.복합제 포함)","","정상"
3821,"용량주의","복합",D000147,Acetaminophen,"아세트아미노펜","[D000200]Dextromethorphan(덱스트로메토르판)/[D001101]Riboflavin(리보플라빈)/[D001116]Methylephedrine(메틸에페드린)/[D000893]Chlorpheniramine(클로르페니라민)/[D000998]Thiamine(티아민)/[D001107]Hyangsosan(향소산)","[M040353]아세트아미노펜/[M082309]아세트아미노펜제피세립/[M233006]아세트아미노펜 DC 500/600/[M246556]아세트아미노펜 (미분화)/[M262287]아세트아미노펜 과립/[M040084]브롬화수소산덱스트로메토르판/[M202983]덱스트로메토르판브롬화수소산염/[M222957]덱스트로메토르판브롬화수소산염수화물/[C040133]리보플라빈/[C040512]인산리보플라빈나트륨/[C050367]테트라부티르산리보플라빈/[C050368]인산리보플라빈/[C050369]리보플라빈-5-인산나트륨/[C081186]리보플라빈33 1/3%/[C082711]리보플라빈낙산에스텔/[C082719]리보플라빈331/3%산/[C083052]리보플라빈98%DC/[C083101]낙산리보플라빈/[C083163]리보플라빈98%/[C083404]리보플라빈33 1/3%과립/[C084424]염산리보플라빈나트륨/[C085688]직탁용리보플라빈98%/[C089984]리보플라빈인산나트륨/[C090982]리보플라빈산나트륨/[C091022]리보플라빈98%과립/[C091383]리보플라빈25%과립/[C092484]부티르산리보플라빈/[C100456]리보플라빈3배산/[C100480]인산리보플라빈나트륨이수화물/[C101969]리보플라빈E101/[C202525]리보플라빈/[C401176]리보플라빈/[C407713]소듐리보플라빈포스페이트/[C409503]리보플라빈테트라부티레이트/[C422825]리보플라빈/[C422826]리보플라빈테트라부티레이트/[C422827]리보플라빈테트라아세테이트/[C425375]소듐리보플라빈포스페이트/[I003529]리보플라빈/[I003530]리보플라빈포스페이트나트륨/[I006525]리보플라빈부티레이트/[I007430]인산리보플라빈/[I007658]인산리보플라빈나트륨이수화물/[I007907]리보플라빈산나트륨/[M040133]리보플라빈/[M040512]인산리보플라빈나트륨/[M050367]테트라부티르산리보플라빈/[M050368]인산리보플라빈/[M050369]리보플라빈-5-인산나트륨/[M081186]리보플라빈33 1/3%/[M082711]리보플라빈낙산에스텔/[M082719]리보플라빈33 1/3%산/[M083052]리보플라빈98%DC/[M083101]낙산리보플라빈/[M083163]리보플라빈98%/[M083404]리보플라빈33 1/3%과립/[M085688]직탁용리보플라빈98%/[M090982]리보플라빈산나트륨/[M091022]리보플라빈98%과립/[M091383]리보플라빈25%과립/[M092484]부티르산리보플라빈/[M100456]리보플라빈3배산/[M100480]인산리보플라빈나트륨이수화물/[M101969]리보플라빈E101/[M200421]리보플라빈33ㆍ3%/[M200422]리보플라빈33ㆍ3%과립/[M200423]리보플라빈33ㆍ3%산/[M203723]인산리보플라빈소듐/[M206124]조리보플라빈/[M216041]리보플라빈3배산(리보플라빈으로서 5밀리그램)/[M216399]리보플라빈 3배산(리보플라빈으로서 0.84밀리그램)/[M217503]리보플라빈인산에스텔나트륨/[M218021]안산리보플라빈나트륨/[M222995]리보플라빈부티레이트/[M222996]리보플라빈포스페이트나트륨/[M222997]리보플라빈포스페이트나트륨 주사액/[M232651]제피리보플라빈/[M249967]리보플라빈부틸레이트/[M249982]리보플라빈나트륨포스페이트/[A006116]메틸에페드린/[I006391]dl-메틸에페드린염산염/[M204422]dl-메틸에페드린염산염/[M223022]dl-메틸에페드린염산염 산 10%/[M235519]디엘메틸에페드린염산염/[M240608]dI-메틸에페드린염산염/[M240859]디엘-메틸에페드린염산염/[M252389]㎗-메틸에페드린염산염/[M264046]DL-메틸에페드린염산염/[M040616]말레인산클로르페니라민/[M050213]말레인산덱스클로르페니라민/[M051529]클로르페니라민/[M082701]디엘말레인산클로르페니라민/[M083325]디말레인산클로르페니라민/[M099959]말레인산클로로페니라민/[M100018]말레산클로르페니라민/[M100476]디말레인산클로르페니라민/[M101581]디엘말레인산클로르페니라민/[M200471]말레인산클로르페니라민제피과립/[M202197]D-말레인산클로르페니라민/[M202204]DL-말레인산클로르페니라민/[M203913]클로르페니라민말레인산염/[M212847]클로르페니라민말레이트/[M223211]클로르페니라민말레산염/[M223212]d-클로르페니라민말레산염/[M223213]클로르페니라민말레산염 산/[M223214]클로르페니라민말레산염 정/[M223215]클로르페니라민말레산염 주사액/[M226783]dl-클로르페니라민말레산염/[M249715]덱스클로르페니라민 말레산염/[M251936]덱스클로르페니라민말레이트/[M223258]티아민염산염/[M223262]티아민질산염/[M243282]티아민질산염3배산/[C081544]향소산/[C087324]향소산엑스/[C090874]향소산건조엑스/[C095071]향소산연조엑스/[C101061]향소산건조엑스(8->1)/[M081544]향소산/[M087324]향소산엑스/[M090874]향소산건조엑스/[M095071]향소산연조엑스/[M101061]향소산건조엑스(8->1)/[M103686]향소산연조엑스(5.82→1)/[M211801]향소산연조엑스(4.00→1)/[M229060]향소산건조엑스(5.79→1)/[M252050]향소산건조엑스(5.3→1)/[M252391]향소산 연조엑스(5.82→1)/[M252444]향소산연조엑스[3.14→1]","[01140]해열.진통.소염제","","4,000밀리그램",20180831,"아세트아미노펜으로서 4,000mg/day(모든제형, 단일제.복합제 포함)","","정상"
3828,"용량주의","복합",D000147,Acetaminophen,"아세트아미노펜","[D001116]Methylephedrine(메틸에페드린)/[D001132]Bezoar Bovis(우황)/[D001131]Polygalae Radix(원지)/[D001123]Cinnamomum cassia Blume(육계)/[D000852]Caffeine(카페인)/[D000893]Chlorpheniramine(클로르페니라민)","[M040353]아세트아미노펜/[M082309]아세트아미노펜제피세립/[M233006]아세트아미노펜 DC 500/600/[M246556]아세트아미노펜 (미분화)/[M262287]아세트아미노펜 과립/[A006116]메틸에페드린/[I006391]dl-메틸에페드린염산염/[M204422]dl-메틸에페드린염산염/[M223022]dl-메틸에페드린염산염 산 10%/[M235519]디엘메틸에페드린염산염/[M240608]dI-메틸에페드린염산염/[M240859]디엘-메틸에페드린염산염/[M252389]㎗-메틸에페드린염산염/[M264046]DL-메틸에페드린염산염/[C040345]우황가루/[C040478]우황/[C082205]우황추출액/[I006429]우황/[M040345]우황가루/[M040478]우황/[M082205]우황추출액/[C040482]원지/[C050846]원지건조엑스/[C071320]원지가루/[C085132]원지강즙제/[C085177]원지강제/[C095275]제원지/[C405888]원지뿌리추출물/[C428611]원지뿌리추출물/[I012234]원지/[M040482]원지/[M050846]원지건조엑스/[M071320]원지가루/[M085132]원지강즙제/[M085177]원지강제/[M095275]제원지/[C050036]육계/[C089617]육계엑스산/[C401739]육계추출물/[C401743]육계잎추출물/[C402601]육계/[C402602]육계껍질/정향싹/로즈마리잎/불가리스백리향잎수/[C428728]육계/[C428729]육계/정향싹/로즈마리잎/타임잎수/[C428730]육계/정향싹/로즈마리잎/타임잎오일/[C428731]육계껍질/탱자열매/삼백초잎/뿌리/도둑놈의지팡이뿌리추출물/[C428733]육계잎추출물/[C428734]육계전초오일/[C428735]육계전초추출물/[C428736]육계껍질추출물/[C434092]하이드롤라이즈드육계추출물/[C438444]육계껍질수/[C438521](육계껍질/요엽후박)나무껍질/(고량강/참당귀)뿌리추출물/[I000485]육계/[I008329]육계/[I012425]육계·아선약·소두구·고추 연조엑스(5→1)/[M050036]육계/[M089617]육계엑스산/[M106290]육계(모계)/[M201470]육계엑스가루/[M227893]육계70%에탄올틴크(1->5)/[M232832]육계건조엑스/[M234405]육계가루/[M239186]육계엑스(22->1)/[M240817]육계70%에탄올틴크(1→5)/[M244658]육계틴크(1→5)/[M245879]육계건조엑스(31.25->1)/[M246170]육계연조엑스/[M251943]육계추출물/[M252166]육계유/[M252345]육계유동엑스/[M252650]육계·아선약·소두구·고추 연조엑스(5→1)/[M253194]육계엑스(22→1)/[M254384]육계·아선약·소두구·고추 연조엑스(5->1)/[M258809]육계엑스/[M259064]육계30%에탄올유동엑스/[M261235]육계연조엑스(7.9∼9.6→1)
/[M262509]육계연조엑스(7.9~9.6→1)/[M264213]육계/당귀/작약/숙지황/천궁/황기 혼합추출물/[M264384]육계연조엑스(8.8~10.8→1)/[M264645]육계연조엑스(8.3→1)/[M266305]육계건조엑스(20~35→1)/[M266529]육계건조엑스(22→1)/[M267315]육계연조엑스(8.4~10.2→1)/[M267418]육계연조엑스(6.7~10→1) /[M040579]카페인(함수)/[M040580]무수카페인/[M090611]카페인/[M223183]카페인무수물/[M223184]카페인수화물/[M241017]무수물카페인/[M040616]말레인산클로르페니라민/[M050213]말레인산덱스클로르페니라민/[M051529]클로르페니라민/[M082701]디엘말레인산클로르페니라민/[M083325]디말레인산클로르페니라민/[M099959]말레인산클로로페니라민/[M100018]말레산클로르페니라민/[M100476]디말레인산클로르페니라민/[M101581]디엘말레인산클로르페니라민/[M200471]말레인산클로르페니라민제피과립/[M202197]D-말레인산클로르페니라민/[M202204]DL-말레인산클로르페니라민/[M203913]클로르페니라민말레인산염/[M212847]클로르페니라민말레이트/[M223211]클로르페니라민말레산염/[M223212]d-클로르페니라민말레산염/[M223213]클로르페니라민말레산염 산/[M223214]클로르페니라민말레산염 정/[M223215]클로르페니라민말레산염 주사액/[M226783]dl-클로르페니라민말레산염/[M249715]덱스클로르페니라민 말레산염/[M251936]덱스클로르페니라민말레이트","","","4,000밀리그램",20180831,"아세트아미노펜으로서 4,000mg/day(모든제형, 단일제.복합제 포함)","","정상"
3842,"용량주의","복합",D000147,Acetaminophen,"아세트아미노펜","[D000200]Dextromethorphan(덱스트로메토르판)/[D001116]Methylephedrine(메틸에페드린)/[D000147]Acetaminophen(아세트아미노펜)/[D000893]Chlorpheniramine(클로르페니라민)","[M040353]아세트아미노펜/[M082309]아세트아미노펜제피세립/[M233006]아세트아미노펜 DC 500/600/[M246556]아세트아미노펜 (미분화)/[M262287]아세트아미노펜 과립/[M040084]브롬화수소산덱스트로메토르판/[M202983]덱스트로메토르판브롬화수소산염/[M222957]덱스트로메토르판브롬화수소산염수화물/[A006116]메틸에페드린/[I006391]dl-메틸에페드린염산염/[M204422]dl-메틸에페드린염산염/[M223022]dl-메틸에페드린염산염 산 10%/[M235519]디엘메틸에페드린염산염/[M240608]dI-메틸에페드린염산염/[M240859]디엘-메틸에페드린염산염/[M252389]㎗-메틸에페드린염산염/[M264046]DL-메틸에페드린염산염/[M040616]말레인산클로르페니라민/[M050213]말레인산덱스클로르페니라민/[M051529]클로르페니라민/[M082701]디엘말레인산클로르페니라민/[M083325]디말레인산클로르페니라민/[M099959]말레인산클로로페니라민/[M100018]말레산클로르페니라민/[M100476]디말레인산클로르페니라민/[M101581]디엘말레인산클로르페니라민/[M200471]말레인산클로르페니라민제피과립/[M202197]D-말레인산클로르페니라민/[M202204]DL-말레인산클로르페니라민/[M203913]클로르페니라민말레인산염/[M212847]클로르페니라민말레이트/[M223211]클로르페니라민말레산염/[M223212]d-클로르페니라민말레산염/[M223213]클로르페니라민말레산염 산/[M223214]클로르페니라민말레산염 정/[M223215]클로르페니라민말레산염 주사액/[M226783]dl-클로르페니라민말레산염/[M249715]덱스클로르페니라민 말레산염/[M251936]덱스클로르페니라민말레이트","[01140]해열.진통.소염제","","4,000밀리그램",20180831,"아세트아미노펜으로서 4,000mg/day(모든제형, 단일제.복합제 포함)","","삭제"
3829,"용량주의","복합",D000147,Acetaminophen,"아세트아미노펜","[D001116]Methylephedrine(메틸에페드린)/[D001132]Bezoar Bovis(우황)/[D001131]Polygalae Radix(원지)/[D001123]Cinnamomum cassia Blume(육계)/[D000852]Caffeine(카페인)/[D000893]Chlorpheniramine(클로르페니라민)","[M040353]아세트아미노펜/[M082309]아세트아미노펜제피세립/[M233006]아세트아미노펜 DC 500/600/[M246556]아세트아미노펜 (미분화)/[M262287]아세트아미노펜 과립/[A006116]메틸에페드린/[I006391]dl-메틸에페드린염산염/[M204422]dl-메틸에페드린염산염/[M223022]dl-메틸에페드린염산염 산 10%/[M235519]디엘메틸에페드린염산염/[M240608]dI-메틸에페드린염산염/[M240859]디엘-메틸에페드린염산염/[M252389]㎗-메틸에페드린염산염/[M264046]DL-메틸에페드린염산염/[C040345]우황가루/[C040478]우황/[C082205]우황추출액/[I006429]우황/[M040345]우황가루/[M040478]우황/[M082205]우황추출액/[C040482]원지/[C050846]원지건조엑스/[C071320]원지가루/[C085132]원지강즙제/[C085177]원지강제/[C095275]제원지/[C405888]원지뿌리추출물/[C428611]원지뿌리추출물/[I012234]원지/[M040482]원지/[M050846]원지건조엑스/[M071320]원지가루/[M085132]원지강즙제/[M085177]원지강제/[M095275]제원지/[C050036]육계/[C089617]육계엑스산/[C401739]육계추출물/[C401743]육계잎추출물/[C402601]육계/[C402602]육계껍질/정향싹/로즈마리잎/불가리스백리향잎수/[C428728]육계/[C428729]육계/정향싹/로즈마리잎/타임잎수/[C428730]육계/정향싹/로즈마리잎/타임잎오일/[C428731]육계껍질/탱자열매/삼백초잎/뿌리/도둑놈의지팡이뿌리추출물/[C428733]육계잎추출물/[C428734]육계전초오일/[C428735]육계전초추출물/[C428736]육계껍질추출물/[C434092]하이드롤라이즈드육계추출물/[C438444]육계껍질수/[C438521](육계껍질/요엽후박)나무껍질/(고량강/참당귀)뿌리추출물/[I000485]육계/[I008329]육계/[I012425]육계·아선약·소두구·고추 연조엑스(5→1)/[M050036]육계/[M089617]육계엑스산/[M106290]육계(모계)/[M201470]육계엑스가루/[M227893]육계70%에탄올틴크(1->5)/[M232832]육계건조엑스/[M234405]육계가루/[M239186]육계엑스(22->1)/[M240817]육계70%에탄올틴크(1→5)/[M244658]육계틴크(1→5)/[M245879]육계건조엑스(31.25->1)/[M246170]육계연조엑스/[M251943]육계추출물/[M252166]육계유/[M252345]육계유동엑스/[M252650]육계·아선약·소두구·고추 연조엑스(5→1)/[M253194]육계엑스(22→1)/[M254384]육계·아선약·소두구·고추 연조엑스(5->1)/[M258809]육계엑스/[M259064]육계30%에탄올유동엑스/[M261235]육계연조엑스(7.9∼9.6→1)
/[M262509]육계연조엑스(7.9~9.6→1)/[M264213]육계/당귀/작약/숙지황/천궁/황기 혼합추출물/[M264384]육계연조엑스(8.8~10.8→1)/[M264645]육계연조엑스(8.3→1)/[M266305]육계건조엑스(20~35→1)/[M266529]육계건조엑스(22→1)/[M267315]육계연조엑스(8.4~10.2→1)/[M267418]육계연조엑스(6.7~10→1) /[M040579]카페인(함수)/[M040580]무수카페인/[M090611]카페인/[M223183]카페인무수물/[M223184]카페인수화물/[M241017]무수물카페인/[M040616]말레인산클로르페니라민/[M050213]말레인산덱스클로르페니라민/[M051529]클로르페니라민/[M082701]디엘말레인산클로르페니라민/[M083325]디말레인산클로르페니라민/[M099959]말레인산클로로페니라민/[M100018]말레산클로르페니라민/[M100476]디말레인산클로르페니라민/[M101581]디엘말레인산클로르페니라민/[M200471]말레인산클로르페니라민제피과립/[M202197]D-말레인산클로르페니라민/[M202204]DL-말레인산클로르페니라민/[M203913]클로르페니라민말레인산염/[M212847]클로르페니라민말레이트/[M223211]클로르페니라민말레산염/[M223212]d-클로르페니라민말레산염/[M223213]클로르페니라민말레산염 산/[M223214]클로르페니라민말레산염 정/[M223215]클로르페니라민말레산염 주사액/[M226783]dl-클로르페니라민말레산염/[M249715]덱스클로르페니라민 말레산염/[M251936]덱스클로르페니라민말레이트","[01140]해열.진통.소염제","","4,000밀리그램",20180831,"아세트아미노펜으로서 4,000mg/day(모든제형, 단일제.복합제 포함)","","정상"
3867,"용량주의","복합",D000147,Acetaminophen,"아세트아미노펜","[D000493]Guaifenesin(구아이페네신)/[D001098]Noscapine(노스카핀)/[D000200]Dextromethorphan(덱스트로메토르판)/[D001116]Methylephedrine(메틸에페드린)/[D000847]Ethenzamide(에텐자미드)/[D000852]Caffeine(카페인)/[D000893]Chlorpheniramine(클로르페니라민)/[D000998]Thiamine(티아민)","[M040353]아세트아미노펜/[M082309]아세트아미노펜제피세립/[M233006]아세트아미노펜 DC 500/600/[M246556]아세트아미노펜 (미분화)/[M262287]아세트아미노펜 과립/[M050058]구아이페네신/[C040059]노스카핀/[C040060]염산노스카핀/[I002629]노스카핀/[I002630]노스카핀캄실레이트/[I002631]노스카핀염산염수화물/[M040059]노스카핀/[M040060]염산노스카핀/[M222947]노스카핀염산염수화물/[M223470]노스카핀염산염수화물/[M245380]노스카핀염산염/[M040084]브롬화수소산덱스트로메토르판/[M202983]덱스트로메토르판브롬화수소산염/[M222957]덱스트로메토르판브롬화수소산염수화물/[A006116]메틸에페드린/[I006391]dl-메틸에페드린염산염/[M204422]dl-메틸에페드린염산염/[M223022]dl-메틸에페드린염산염 산 10%/[M235519]디엘메틸에페드린염산염/[M240608]dI-메틸에페드린염산염/[M240859]디엘-메틸에페드린염산염/[M252389]㎗-메틸에페드린염산염/[M264046]DL-메틸에페드린염산염/[M040417]에텐자미드/[M095771]에덴자미드/[M040579]카페인(함수)/[M040580]무수카페인/[M090611]카페인/[M223183]카페인무수물/[M223184]카페인수화물/[M241017]무수물카페인/[M040616]말레인산클로르페니라민/[M050213]말레인산덱스클로르페니라민/[M051529]클로르페니라민/[M082701]디엘말레인산클로르페니라민/[M083325]디말레인산클로르페니라민/[M099959]말레인산클로로페니라민/[M100018]말레산클로르페니라민/[M100476]디말레인산클로르페니라민/[M101581]디엘말레인산클로르페니라민/[M200471]말레인산클로르페니라민제피과립/[M202197]D-말레인산클로르페니라민/[M202204]DL-말레인산클로르페니라민/[M203913]클로르페니라민말레인산염/[M212847]클로르페니라민말레이트/[M223211]클로르페니라민말레산염/[M223212]d-클로르페니라민말레산염/[M223213]클로르페니라민말레산염 산/[M223214]클로르페니라민말레산염 정/[M223215]클로르페니라민말레산염 주사액/[M226783]dl-클로르페니라민말레산염/[M249715]덱스클로르페니라민 말레산염/[M251936]덱스클로르페니라민말레이트/[M223258]티아민염산염/[M223262]티아민질산염/[M243282]티아민질산염3배산","[01140]해열.진통.소염제","","4000밀리그램",20180831,"아세트아미노펜으로서 4,000mg/day(모든제형, 단일제.복합제 포함)","","정상"
3830,"용량주의","복합",D000147,Acetaminophen,"아세트아미노펜","[D001093]Galgeun-tang(갈근탕)/[D001000]Licorice(감초)/[D001121]Dried Ginger(건강)/[D001122]Jujube(대추)/[D001133]Ephedrae Herb(마황)/[D001123]Cinnamomum cassia Blume(육계)/[D001119]Peony Root(작약)","[M040353]아세트아미노펜/[M082309]아세트아미노펜제피세립/[M233006]아세트아미노펜 DC 500/600/[M246556]아세트아미노펜 (미분화)/[M262287]아세트아미노펜 과립/[C084556]갈근탕엑스/[C085494]갈근탕엑스분말/[C085503]갈근탕건조엑스/[C086018]갈근탕연조엑스/[C090838]갈근탕엑스과립/[C096410]갈근탕엑스정건조엑스/[C096710]갈근탕건조엑스[10→1]/[C100973]갈근탕엑스(10→1)/[M084556]갈근탕엑스/[M085494]갈근탕엑스분말/[M085503]갈근탕건조엑스/[M086018]갈근탕연조엑스/[M096410]갈근탕엑스정건조엑스/[M096710]갈근탕건조엑스[10→1]/[M100973]갈근탕엑스(10→1)/[M103265]갈근탕엑스말(10→1)/[M103916]갈근탕연조엑스(4.32→1)/[M104358]갈근탕엑스말/[M104683]갈근탕건조엑스(6.80→1)/[M104753]갈근탕연조엑스(3.4→1)/[M105329]갈근탕수침건조엑기스/[M105588]갈근탕건조엑스(5.78→1)/[M105816]갈근탕엑스분말(6→1)/[M105833]갈근탕연조엑스(4.17→1)/[M200049]갈근탕엑스가루/[M214453]갈근탕 연조엑스(4→1)/[M217483]갈근탕연조엑스(3->1)/[M229053]갈근탕 연조엑스(3.33→1)/[M250041]갈근탕엑스(5.81:1)/[M252043]갈근탕연조엑스[2.78→1]/[M252386]갈근탕연조엑스
(3.33→1)/[M259853]갈근탕건조엑스(6.31:1)/[M260768]갈근탕연조엑스(3.08→1)/[M261860]갈근탕건조엑스(5.6→1)/[M267754]갈근탕건조엑스(4→1)/[A006000]감초/[M040006]감초/[M070009]감초가루/[C040007]건강/[C070022]건강조말/[C070030]건강틴크/[C082104]건강유동엑스/[C082517]건강가루/[C083050]건강엑스/[C084830]건강70%에탄올유동엑스/[C085146]건강70%에탄올틴크/[C085483]건강30%에탄올유동엑스/[C089572]건강엑스산/[C091939]건강연조엑스/[C093695]건강묽은에탄올틴크/[C096526]건강건조엑스/[C101460]건강70%에탄올틴크(1→5)/[I001696]건강/[M040007]건강/[M070030]건강틴크/[M082104]건강유동엑스/[M082517]건강가루/[M083050]건강엑스/[M085146]건강70%에탄올틴크/[M085483]건강30%에탄올유동엑스/[M091939]건강연조엑스/[M093373]포건강/[M093695]건강묽은에탄올틴크/[M095865]건강엑스가루/[M101460]건강70%에탄올틴크(1→5)/[M103252]건강건조엑스(5ㆍ6→1)/[M104354]건강틴크(1→5)/[M227892]건강70%에탄올틴크(1->5)/[M239738]건강건조엑스/[M246445]건강초탄/[M249865]건강틴크
(1→5)/[M250885]건강건조엑스(5.6→1)/[M251645]건강초탄/[M254336]건강초탄/[M260577]건강초탄/[M261229]건강연조엑스(1.5∼1.8→1)
/[M262503]건강연조엑스(1.5~1.8→1)/[M262727]건강연조엑스(2.2~2.7→1)
/[M264378]건강연조엑스(1.7~2.0→1)/[M264508]건강연조엑스(3.23→1)/[M266087]건강건조엑스(6.5~7.9→1)/[M266876]건강연조엑스(2.9~3.6→1)/[M267309]건강연조엑스(1.6~2.0→1)/[C040071]대추/[I006323]대추/[M040071]대추/[M262512]대추연조엑스(1.5∼1.9→1)/[M266238]대추건조엑스(2.5~3.1→1)/[M266249]대추연조엑스(1.2~1.4→1)/[C040135]마황/[C080619]마황탕수침건조엑스/[C088524]마황수침건조엑스/[C089573]마황엑스산/[C091941]마황엑스/[C095063]마황탕연조엑스/[C095449]마황가루/[C102054]마황근/[C102097]마황추출물/[C202560]마황추출물/[C423024]마황뿌리추출물/[I001223]마황/[I008197]마황근/[M040135]마황/[M088524]마황수침건조엑스/[M089573]마황엑스산/[M091941]마황엑스/[M095063]마황탕연조엑스/[M095449]마황가루/[M102054]마황근/[M200464]마황엑스가루/[M261223]마황연조엑스(2.2∼2.7→1)
/[M261691]마황탕엑스/[M262497]마황연조엑스(2.2~2.7→1)/[M264308]마황연조엑스(4.35->1)/[M264372]마황연조엑스(3.4~4.2→1)/[M264504]마황연조엑스(4.35→1)/[M266357]마황연조엑스(2.3∼2.9→1)/[M266873]마황연조엑스(3.7~5.0→1)/[M267305]마황연조엑스(2.8~3.4→1)/[M268323]마황연조엑스(3.8∼5.1→1)/[C050036]육계/[C089617]육계엑스산/[C401739]육계추출물/[C401743]육계잎추출물/[C402601]육계/[C402602]육계껍질/정향싹/로즈마리잎/불가리스백리향잎수/[C428728]육계/[C428729]육계/정향싹/로즈마리잎/타임잎수/[C428730]육계/정향싹/로즈마리잎/타임잎오일/[C428731]육계껍질/탱자열매/삼백초잎/뿌리/도둑놈의지팡이뿌리추출물/[C428733]육계잎추출물/[C428734]육계전초오일/[C428735]육계전초추출물/[C428736]육계껍질추출물/[C434092]하이드롤라이즈드육계추출물/[C438444]육계껍질수/[C438521](육계껍질/요엽후박)나무껍질/(고량강/참당귀)뿌리추출물/[I000485]육계/[I008329]육계/[I012425]육계·아선약·소두구·고추 연조엑스(5→1)/[M050036]육계/[M089617]육계엑스산/[M106290]육계(모계)/[M201470]육계엑스가루/[M227893]육계70%에탄올틴크(1->5)/[M232832]육계건조엑스/[M234405]육계가루/[M239186]육계엑스(22->1)/[M240817]육계70%에탄올틴크(1→5)/[M244658]육계틴크(1→5)/[M245879]육계건조엑스(31.25->1)/[M246170]육계연조엑스/[M251943]육계추출물/[M252166]육계유/[M252345]육계유동엑스/[M252650]육계·아선약·소두구·고추 연조엑스(5→1)/[M253194]육계엑스(22→1)/[M254384]육계·아선약·소두구·고추 연조엑스(5->1)/[M258809]육계엑스/[M259064]육계30%에탄올유동엑스/[M261235]육계연조엑스(7.9∼9.6→1)
/[M262509]육계연조엑스(7.9~9.6→1)/[M264213]육계/당귀/작약/숙지황/천궁/황기 혼합추출물/[M264384]육계연조엑스(8.8~10.8→1)/[M264645]육계연조엑스(8.3→1)/[M266305]육계건조엑스(20~35→1)/[M266529]육계건조엑스(22→1)/[M267315]육계연조엑스(8.4~10.2→1)/[M267418]육계연조엑스(6.7~10→1) /[C040523]작약/[C051307]백작약/[C051308]적작약/[C071158]작약엑스/[C082518]작약가루/[C085611]백작약초/[C088975]백작약가루/[C089531]백작약엑스산(패오니플로린으로서 133ㆍ2밀리그람)/[C089542]백작약엑스산/[C090093]작약엑스산/[C090789]작약초/[C092727]백작약연조엑스/[C093837]작약건조엑스/[C096770]작약추출물/[C312372]작약추출물/[C313826]백작약추출물/[C320059]참작약/[C402274]작약전초추출물/[C402275]작약뿌리추출물/[C404274]작약뿌리수/[C404275]작약뿌리가루/[C406079]작약가루/[C406080]작약껍질/수액추출물/[C406081]작약꽃추출물/[C406082]작약추출물/[C429024]작약꽃추출물/[C429025]작약나무껍질/수액추출물/[C429026]작약뿌리/[C429027]작약뿌리가루/[C429028]작약뿌리수/[C429029]작약뿌리추출물/[C429030]작약잎세포추출물/[C429031]작약추출물/[I006447]작약/[M040523]작약/[M051307]백작약/[M051308]적작약/[M071158]작약엑스/[M082518]작약가루/[M085611]백작약초/[M088975]백작약가루/[M090093]작약엑스산/[M090789]작약초/[M093837]작약건조엑스/[M103890]작약건조엑스(5.88→1)/[M201554]작약엑스가루/[M212494]백작약엑스 (5.9→1)/[M214365]작약추출물/[M241192]작약엑스(5.9->1)/[M243283]작약엑스(5.9->1)/[M245904]작약엑스 (5.9→1)/[M246879]작약추출액/[M261230]작약연조엑스(3.3∼4.0→1)
/[M262504]작약연조엑스(3.3~4.0→1)/[M263913]작약연조엑스(2.3∼3.2→1)/[M264309]작약연조엑스(3.03->1)/[M264379]작약연조엑스(2.4~3.0→1)/[M264643]작약연조엑스(3.03→1)/[M266482]작약연조엑스(2.8∼3.4→1)/[M266487]작약연조엑스(2.7~3.3→1)/[M266950]작약연조엑스(2.8∼3.4→1)/[M267310]작약연조엑스(2.9~3.5→1)/[M268068]작약연조엑스(2.8~3.4→1)/[M268187]작약연조엑스(2.8~3.4→1)","[01140]해열.진통.소염제","","4,000밀리그램",20180831,"아세트아미노펜으로서 4,000mg/day(모든제형, 단일제.복합제 포함)","","정상"
3835,"용량주의","복합",D000147,Acetaminophen,"아세트아미노펜","[D001000]Licorice(감초)/[D000200]Dextromethorphan(덱스트로메토르판)/[D001101]Riboflavin(리보플라빈)/[D001116]Methylephedrine(메틸에페드린)/[D000852]Caffeine(카페인)/[D000893]Chlorpheniramine(클로르페니라민)/[D000998]Thiamine(티아민)","[M040353]아세트아미노펜/[M082309]아세트아미노펜제피세립/[M233006]아세트아미노펜 DC 500/600/[M246556]아세트아미노펜 (미분화)/[M262287]아세트아미노펜 과립/[A006000]감초/[M040006]감초/[M070009]감초가루/[M040084]브롬화수소산덱스트로메토르판/[M202983]덱스트로메토르판브롬화수소산염/[M222957]덱스트로메토르판브롬화수소산염수화물/[C040133]리보플라빈/[C040512]인산리보플라빈나트륨/[C050367]테트라부티르산리보플라빈/[C050368]인산리보플라빈/[C050369]리보플라빈-5-인산나트륨/[C081186]리보플라빈33 1/3%/[C082711]리보플라빈낙산에스텔/[C082719]리보플라빈331/3%산/[C083052]리보플라빈98%DC/[C083101]낙산리보플라빈/[C083163]리보플라빈98%/[C083404]리보플라빈33 1/3%과립/[C084424]염산리보플라빈나트륨/[C085688]직탁용리보플라빈98%/[C089984]리보플라빈인산나트륨/[C090982]리보플라빈산나트륨/[C091022]리보플라빈98%과립/[C091383]리보플라빈25%과립/[C092484]부티르산리보플라빈/[C100456]리보플라빈3배산/[C100480]인산리보플라빈나트륨이수화물/[C101969]리보플라빈E101/[C202525]리보플라빈/[C401176]리보플라빈/[C407713]소듐리보플라빈포스페이트/[C409503]리보플라빈테트라부티레이트/[C422825]리보플라빈/[C422826]리보플라빈테트라부티레이트/[C422827]리보플라빈테트라아세테이트/[C425375]소듐리보플라빈포스페이트/[I003529]리보플라빈/[I003530]리보플라빈포스페이트나트륨/[I006525]리보플라빈부티레이트/[I007430]인산리보플라빈/[I007658]인산리보플라빈나트륨이수화물/[I007907]리보플라빈산나트륨/[M040133]리보플라빈/[M040512]인산리보플라빈나트륨/[M050367]테트라부티르산리보플라빈/[M050368]인산리보플라빈/[M050369]리보플라빈-5-인산나트륨/[M081186]리보플라빈33 1/3%/[M082711]리보플라빈낙산에스텔/[M082719]리보플라빈33 1/3%산/[M083052]리보플라빈98%DC/[M083101]낙산리보플라빈/[M083163]리보플라빈98%/[M083404]리보플라빈33 1/3%과립/[M085688]직탁용리보플라빈98%/[M090982]리보플라빈산나트륨/[M091022]리보플라빈98%과립/[M091383]리보플라빈25%과립/[M092484]부티르산리보플라빈/[M100456]리보플라빈3배산/[M100480]인산리보플라빈나트륨이수화물/[M101969]리보플라빈E101/[M200421]리보플라빈33ㆍ3%/[M200422]리보플라빈33ㆍ3%과립/[M200423]리보플라빈33ㆍ3%산/[M203723]인산리보플라빈소듐/[M206124]조리보플라빈/[M216041]리보플라빈3배산(리보플라빈으로서 5밀리그램)/[M216399]리보플라빈 3배산(리보플라빈으로서 0.84밀리그램)/[M217503]리보플라빈인산에스텔나트륨/[M218021]안산리보플라빈나트륨/[M222995]리보플라빈부티레이트/[M222996]리보플라빈포스페이트나트륨/[M222997]리보플라빈포스페이트나트륨 주사액/[M232651]제피리보플라빈/[M249967]리보플라빈부틸레이트/[M249982]리보플라빈나트륨포스페이트/[A006116]메틸에페드린/[I006391]dl-메틸에페드린염산염/[M204422]dl-메틸에페드린염산염/[M223022]dl-메틸에페드린염산염 산 10%/[M235519]디엘메틸에페드린염산염/[M240608]dI-메틸에페드린염산염/[M240859]디엘-메틸에페드린염산염/[M252389]㎗-메틸에페드린염산염/[M264046]DL-메틸에페드린염산염/[M040579]카페인(함수)/[M040580]무수카페인/[M090611]카페인/[M223183]카페인무수물/[M223184]카페인수화물/[M241017]무수물카페인/[M040616]말레인산클로르페니라민/[M050213]말레인산덱스클로르페니라민/[M051529]클로르페니라민/[M082701]디엘말레인산클로르페니라민/[M083325]디말레인산클로르페니라민/[M099959]말레인산클로로페니라민/[M100018]말레산클로르페니라민/[M100476]디말레인산클로르페니라민/[M101581]디엘말레인산클로르페니라민/[M200471]말레인산클로르페니라민제피과립/[M202197]D-말레인산클로르페니라민/[M202204]DL-말레인산클로르페니라민/[M203913]클로르페니라민말레인산염/[M212847]클로르페니라민말레이트/[M223211]클로르페니라민말레산염/[M223212]d-클로르페니라민말레산염/[M223213]클로르페니라민말레산염 산/[M223214]클로르페니라민말레산염 정/[M223215]클로르페니라민말레산염 주사액/[M226783]dl-클로르페니라민말레산염/[M249715]덱스클로르페니라민 말레산염/[M251936]덱스클로르페니라민말레이트/[M223258]티아민염산염/[M223262]티아민질산염/[M243282]티아민질산염3배산","[01140]해열.진통.소염제","","4,000밀리그램",20180831,"아세트아미노펜으로서 4,000mg/day(모든제형, 단일제.복합제 포함)","","정상"
3836,"용량주의","복합",D000147,Acetaminophen,"아세트아미노펜","[D000493]Guaifenesin(구아이페네신)/[D000200]Dextromethorphan(덱스트로메토르판)/[D001101]Riboflavin(리보플라빈)/[D001116]Methylephedrine(메틸에페드린)/[D000448]Pseudoephedrine(슈도에페드린)/[D000893]Chlorpheniramine(클로르페니라민)/[D000998]Thiamine(티아민)","[M040353]아세트아미노펜/[M082309]아세트아미노펜제피세립/[M233006]아세트아미노펜 DC 500/600/[M246556]아세트아미노펜 (미분화)/[M262287]아세트아미노펜 과립/[M050058]구아이페네신/[M040084]브롬화수소산덱스트로메토르판/[M202983]덱스트로메토르판브롬화수소산염/[M222957]덱스트로메토르판브롬화수소산염수화물/[C040133]리보플라빈/[C040512]인산리보플라빈나트륨/[C050367]테트라부티르산리보플라빈/[C050368]인산리보플라빈/[C050369]리보플라빈-5-인산나트륨/[C081186]리보플라빈33 1/3%/[C082711]리보플라빈낙산에스텔/[C082719]리보플라빈331/3%산/[C083052]리보플라빈98%DC/[C083101]낙산리보플라빈/[C083163]리보플라빈98%/[C083404]리보플라빈33 1/3%과립/[C084424]염산리보플라빈나트륨/[C085688]직탁용리보플라빈98%/[C089984]리보플라빈인산나트륨/[C090982]리보플라빈산나트륨/[C091022]리보플라빈98%과립/[C091383]리보플라빈25%과립/[C092484]부티르산리보플라빈/[C100456]리보플라빈3배산/[C100480]인산리보플라빈나트륨이수화물/[C101969]리보플라빈E101/[C202525]리보플라빈/[C401176]리보플라빈/[C407713]소듐리보플라빈포스페이트/[C409503]리보플라빈테트라부티레이트/[C422825]리보플라빈/[C422826]리보플라빈테트라부티레이트/[C422827]리보플라빈테트라아세테이트/[C425375]소듐리보플라빈포스페이트/[I003529]리보플라빈/[I003530]리보플라빈포스페이트나트륨/[I006525]리보플라빈부티레이트/[I007430]인산리보플라빈/[I007658]인산리보플라빈나트륨이수화물/[I007907]리보플라빈산나트륨/[M040133]리보플라빈/[M040512]인산리보플라빈나트륨/[M050367]테트라부티르산리보플라빈/[M050368]인산리보플라빈/[M050369]리보플라빈-5-인산나트륨/[M081186]리보플라빈33 1/3%/[M082711]리보플라빈낙산에스텔/[M082719]리보플라빈33 1/3%산/[M083052]리보플라빈98%DC/[M083101]낙산리보플라빈/[M083163]리보플라빈98%/[M083404]리보플라빈33 1/3%과립/[M085688]직탁용리보플라빈98%/[M090982]리보플라빈산나트륨/[M091022]리보플라빈98%과립/[M091383]리보플라빈25%과립/[M092484]부티르산리보플라빈/[M100456]리보플라빈3배산/[M100480]인산리보플라빈나트륨이수화물/[M101969]리보플라빈E101/[M200421]리보플라빈33ㆍ3%/[M200422]리보플라빈33ㆍ3%과립/[M200423]리보플라빈33ㆍ3%산/[M203723]인산리보플라빈소듐/[M206124]조리보플라빈/[M216041]리보플라빈3배산(리보플라빈으로서 5밀리그램)/[M216399]리보플라빈 3배산(리보플라빈으로서 0.84밀리그램)/[M217503]리보플라빈인산에스텔나트륨/[M218021]안산리보플라빈나트륨/[M222995]리보플라빈부티레이트/[M222996]리보플라빈포스페이트나트륨/[M222997]리보플라빈포스페이트나트륨 주사액/[M232651]제피리보플라빈/[M249967]리보플라빈부틸레이트/[M249982]리보플라빈나트륨포스페이트/[A006116]메틸에페드린/[I006391]dl-메틸에페드린염산염/[M204422]dl-메틸에페드린염산염/[M223022]dl-메틸에페드린염산염 산 10%/[M235519]디엘메틸에페드린염산염/[M240608]dI-메틸에페드린염산염/[M240859]디엘-메틸에페드린염산염/[M252389]㎗-메틸에페드린염산염/[M264046]DL-메틸에페드린염산염/[M050833]염산슈도에페드린/[M081720]황산슈도에페드린/[M203364]슈도에페드린염산염/[M222865]수도에페드린염산염/[M248579]수도에페드린황산염/[M256034]수도에페드린염산염 과립/[M258826]수도에페드린/[M040616]말레인산클로르페니라민/[M050213]말레인산덱스클로르페니라민/[M051529]클로르페니라민/[M082701]디엘말레인산클로르페니라민/[M083325]디말레인산클로르페니라민/[M099959]말레인산클로로페니라민/[M100018]말레산클로르페니라민/[M100476]디말레인산클로르페니라민/[M101581]디엘말레인산클로르페니라민/[M200471]말레인산클로르페니라민제피과립/[M202197]D-말레인산클로르페니라민/[M202204]DL-말레인산클로르페니라민/[M203913]클로르페니라민말레인산염/[M212847]클로르페니라민말레이트/[M223211]클로르페니라민말레산염/[M223212]d-클로르페니라민말레산염/[M223213]클로르페니라민말레산염 산/[M223214]클로르페니라민말레산염 정/[M223215]클로르페니라민말레산염 주사액/[M226783]dl-클로르페니라민말레산염/[M249715]덱스클로르페니라민 말레산염/[M251936]덱스클로르페니라민말레이트/[M223258]티아민염산염/[M223262]티아민질산염/[M243282]티아민질산염3배산","[01140]해열.진통.소염제","","4,000밀리그램",20180831,"아세트아미노펜으로서 4,000mg/day(모든제형, 단일제.복합제 포함)","","정상"
3838,"용량주의","복합",D000147,Acetaminophen,"아세트아미노펜","[D000493]Guaifenesin(구아이페네신)/[D000200]Dextromethorphan(덱스트로메토르판)/[D001101]Riboflavin(리보플라빈)/[D001116]Methylephedrine(메틸에페드린)/[D001110]Carbinoxamine(카르비녹사민)/[D000852]Caffeine(카페인)/[D000998]Thiamine(티아민)","[M040353]아세트아미노펜/[M082309]아세트아미노펜제피세립/[M233006]아세트아미노펜 DC 500/600/[M246556]아세트아미노펜 (미분화)/[M262287]아세트아미노펜 과립/[M050058]구아이페네신/[M040084]브롬화수소산덱스트로메토르판/[M202983]덱스트로메토르판브롬화수소산염/[M222957]덱스트로메토르판브롬화수소산염수화물/[C040133]리보플라빈/[C040512]인산리보플라빈나트륨/[C050367]테트라부티르산리보플라빈/[C050368]인산리보플라빈/[C050369]리보플라빈-5-인산나트륨/[C081186]리보플라빈33 1/3%/[C082711]리보플라빈낙산에스텔/[C082719]리보플라빈331/3%산/[C083052]리보플라빈98%DC/[C083101]낙산리보플라빈/[C083163]리보플라빈98%/[C083404]리보플라빈33 1/3%과립/[C084424]염산리보플라빈나트륨/[C085688]직탁용리보플라빈98%/[C089984]리보플라빈인산나트륨/[C090982]리보플라빈산나트륨/[C091022]리보플라빈98%과립/[C091383]리보플라빈25%과립/[C092484]부티르산리보플라빈/[C100456]리보플라빈3배산/[C100480]인산리보플라빈나트륨이수화물/[C101969]리보플라빈E101/[C202525]리보플라빈/[C401176]리보플라빈/[C407713]소듐리보플라빈포스페이트/[C409503]리보플라빈테트라부티레이트/[C422825]리보플라빈/[C422826]리보플라빈테트라부티레이트/[C422827]리보플라빈테트라아세테이트/[C425375]소듐리보플라빈포스페이트/[I003529]리보플라빈/[I003530]리보플라빈포스페이트나트륨/[I006525]리보플라빈부티레이트/[I007430]인산리보플라빈/[I007658]인산리보플라빈나트륨이수화물/[I007907]리보플라빈산나트륨/[M040133]리보플라빈/[M040512]인산리보플라빈나트륨/[M050367]테트라부티르산리보플라빈/[M050368]인산리보플라빈/[M050369]리보플라빈-5-인산나트륨/[M081186]리보플라빈33 1/3%/[M082711]리보플라빈낙산에스텔/[M082719]리보플라빈33 1/3%산/[M083052]리보플라빈98%DC/[M083101]낙산리보플라빈/[M083163]리보플라빈98%/[M083404]리보플라빈33 1/3%과립/[M085688]직탁용리보플라빈98%/[M090982]리보플라빈산나트륨/[M091022]리보플라빈98%과립/[M091383]리보플라빈25%과립/[M092484]부티르산리보플라빈/[M100456]리보플라빈3배산/[M100480]인산리보플라빈나트륨이수화물/[M101969]리보플라빈E101/[M200421]리보플라빈33ㆍ3%/[M200422]리보플라빈33ㆍ3%과립/[M200423]리보플라빈33ㆍ3%산/[M203723]인산리보플라빈소듐/[M206124]조리보플라빈/[M216041]리보플라빈3배산(리보플라빈으로서 5밀리그램)/[M216399]리보플라빈 3배산(리보플라빈으로서 0.84밀리그램)/[M217503]리보플라빈인산에스텔나트륨/[M218021]안산리보플라빈나트륨/[M222995]리보플라빈부티레이트/[M222996]리보플라빈포스페이트나트륨/[M222997]리보플라빈포스페이트나트륨 주사액/[M232651]제피리보플라빈/[M249967]리보플라빈부틸레이트/[M249982]리보플라빈나트륨포스페이트/[A006116]메틸에페드린/[I006391]dl-메틸에페드린염산염/[M204422]dl-메틸에페드린염산염/[M223022]dl-메틸에페드린염산염 산 10%/[M235519]디엘메틸에페드린염산염/[M240608]dI-메틸에페드린염산염/[M240859]디엘-메틸에페드린염산염/[M252389]㎗-메틸에페드린염산염/[M264046]DL-메틸에페드린염산염/[C051445]말레인산카르비녹사민/[C083490]말레인산카르비녹사민서방성과립/[C090108]카르비녹사민레지네이트/[C091587]말레인산카르비녹사민과립/[I000321]말레인산카르비녹사민/[M051445]말레인산카르비녹사민/[M071403]카르비녹사민 레지네이트/[M083490]말레인산카르비녹사민서방성과립/[M090108]카르비녹사민레지네이트/[M091587]말레인산카르비녹사민과립/[M200470]말레인산카르비녹사민서방과립/[M251260]카르비녹사민말레산염/[M040579]카페인(함수)/[M040580]무수카페인/[M090611]카페인/[M223183]카페인무수물/[M223184]카페인수화물/[M241017]무수물카페인/[M223258]티아민염산염/[M223262]티아민질산염/[M243282]티아민질산염3배산","[01140]해열.진통.소염제","","4,000밀리그램",20180831,"아세트아미노펜으로서 4,000mg/day(모든제형, 단일제.복합제 포함)","","정상"
3885,"용량주의","복합",D000147,Acetaminophen,"아세트아미노펜","[D001138]Cinnamon (bark)(계피)/[D001098]Noscapine(노스카핀)/[D001116]Methylephedrine(메틸에페드린)/[D001132]Bezoar Bovis(우황)/[D001131]Polygalae Radix(원지)/[D000852]Caffeine(카페인)/[D000893]Chlorpheniramine(클로르페니라민)","[M040353]아세트아미노펜/[M082309]아세트아미노펜제피세립/[M233006]아세트아미노펜 DC 500/600/[M246556]아세트아미노펜 (미분화)/[M262287]아세트아미노펜 과립/[M083049]계피엑스/[M085164]계피엣센스/[M089678]계피엑스산/[M096525]계피건조엑스/[M101461]계피70%에탄올틴크(1→5)/[C040059]노스카핀/[C040060]염산노스카핀/[I002629]노스카핀/[I002630]노스카핀캄실레이트/[I002631]노스카핀염산염수화물/[M040059]노스카핀/[M040060]염산노스카핀/[M222947]노스카핀염산염수화물/[M223470]노스카핀염산염수화물/[M245380]노스카핀염산염/[A006116]메틸에페드린/[I006391]dl-메틸에페드린염산염/[M204422]dl-메틸에페드린염산염/[M223022]dl-메틸에페드린염산염 산 10%/[M235519]디엘메틸에페드린염산염/[M240608]dI-메틸에페드린염산염/[M240859]디엘-메틸에페드린염산염/[M252389]㎗-메틸에페드린염산염/[M264046]DL-메틸에페드린염산염/[C040345]우황가루/[C040478]우황/[C082205]우황추출액/[I006429]우황/[M040345]우황가루/[M040478]우황/[M082205]우황추출액/[C040482]원지/[C050846]원지건조엑스/[C071320]원지가루/[C085132]원지강즙제/[C085177]원지강제/[C095275]제원지/[C405888]원지뿌리추출물/[C428611]원지뿌리추출물/[I012234]원지/[M040482]원지/[M050846]원지건조엑스/[M071320]원지가루/[M085132]원지강즙제/[M085177]원지강제/[M095275]제원지/[M040579]카페인(함수)/[M040580]무수카페인/[M090611]카페인/[M223183]카페인무수물/[M223184]카페인수화물/[M241017]무수물카페인/[M040616]말레인산클로르페니라민/[M050213]말레인산덱스클로르페니라민/[M051529]클로르페니라민/[M082701]디엘말레인산클로르페니라민/[M083325]디말레인산클로르페니라민/[M099959]말레인산클로로페니라민/[M100018]말레산클로르페니라민/[M100476]디말레인산클로르페니라민/[M101581]디엘말레인산클로르페니라민/[M200471]말레인산클로르페니라민제피과립/[M202197]D-말레인산클로르페니라민/[M202204]DL-말레인산클로르페니라민/[M203913]클로르페니라민말레인산염/[M212847]클로르페니라민말레이트/[M223211]클로르페니라민말레산염/[M223212]d-클로르페니라민말레산염/[M223213]클로르페니라민말레산염 산/[M223214]클로르페니라민말레산염 정/[M223215]클로르페니라민말레산염 주사액/[M226783]dl-클로르페니라민말레산염/[M249715]덱스클로르페니라민 말레산염/[M251936]덱스클로르페니라민말레이트","[01140]해열.진통.소염제","","4,000밀리그램",20180831,"아세트아미노펜으로서 4,000mg/day(모든제형, 단일제.복합제 포함)","","정상"
3841,"용량주의","복합",D000147,Acetaminophen,"아세트아미노펜","[D001098]Noscapine(노스카핀)/[D001116]Methylephedrine(메틸에페드린)/[D001132]Bezoar Bovis(우황)/[D001131]Polygalae Radix(원지)/[D001123]Cinnamomum cassia Blume(육계)/[D000852]Caffeine(카페인)/[D000893]Chlorpheniramine(클로르페니라민)","[M040353]아세트아미노펜/[M082309]아세트아미노펜제피세립/[M233006]아세트아미노펜 DC 500/600/[M246556]아세트아미노펜 (미분화)/[M262287]아세트아미노펜 과립/[C040059]노스카핀/[C040060]염산노스카핀/[I002629]노스카핀/[I002630]노스카핀캄실레이트/[I002631]노스카핀염산염수화물/[M040059]노스카핀/[M040060]염산노스카핀/[M222947]노스카핀염산염수화물/[M223470]노스카핀염산염수화물/[M245380]노스카핀염산염/[A006116]메틸에페드린/[I006391]dl-메틸에페드린염산염/[M204422]dl-메틸에페드린염산염/[M223022]dl-메틸에페드린염산염 산 10%/[M235519]디엘메틸에페드린염산염/[M240608]dI-메틸에페드린염산염/[M240859]디엘-메틸에페드린염산염/[M252389]㎗-메틸에페드린염산염/[M264046]DL-메틸에페드린염산염/[C040345]우황가루/[C040478]우황/[C082205]우황추출액/[I006429]우황/[M040345]우황가루/[M040478]우황/[M082205]우황추출액/[C040482]원지/[C050846]원지건조엑스/[C071320]원지가루/[C085132]원지강즙제/[C085177]원지강제/[C095275]제원지/[C405888]원지뿌리추출물/[C428611]원지뿌리추출물/[I012234]원지/[M040482]원지/[M050846]원지건조엑스/[M071320]원지가루/[M085132]원지강즙제/[M085177]원지강제/[M095275]제원지/[C050036]육계/[C089617]육계엑스산/[C401739]육계추출물/[C401743]육계잎추출물/[C402601]육계/[C402602]육계껍질/정향싹/로즈마리잎/불가리스백리향잎수/[C428728]육계/[C428729]육계/정향싹/로즈마리잎/타임잎수/[C428730]육계/정향싹/로즈마리잎/타임잎오일/[C428731]육계껍질/탱자열매/삼백초잎/뿌리/도둑놈의지팡이뿌리추출물/[C428733]육계잎추출물/[C428734]육계전초오일/[C428735]육계전초추출물/[C428736]육계껍질추출물/[C434092]하이드롤라이즈드육계추출물/[C438444]육계껍질수/[C438521](육계껍질/요엽후박)나무껍질/(고량강/참당귀)뿌리추출물/[I000485]육계/[I008329]육계/[I012425]육계·아선약·소두구·고추 연조엑스(5→1)/[M050036]육계/[M089617]육계엑스산/[M106290]육계(모계)/[M201470]육계엑스가루/[M227893]육계70%에탄올틴크(1->5)/[M232832]육계건조엑스/[M234405]육계가루/[M239186]육계엑스(22->1)/[M240817]육계70%에탄올틴크(1→5)/[M244658]육계틴크(1→5)/[M245879]육계건조엑스(31.25->1)/[M246170]육계연조엑스/[M251943]육계추출물/[M252166]육계유/[M252345]육계유동엑스/[M252650]육계·아선약·소두구·고추 연조엑스(5→1)/[M253194]육계엑스(22→1)/[M254384]육계·아선약·소두구·고추 연조엑스(5->1)/[M258809]육계엑스/[M259064]육계30%에탄올유동엑스/[M261235]육계연조엑스(7.9∼9.6→1)
/[M262509]육계연조엑스(7.9~9.6→1)/[M264213]육계/당귀/작약/숙지황/천궁/황기 혼합추출물/[M264384]육계연조엑스(8.8~10.8→1)/[M264645]육계연조엑스(8.3→1)/[M266305]육계건조엑스(20~35→1)/[M266529]육계건조엑스(22→1)/[M267315]육계연조엑스(8.4~10.2→1)/[M267418]육계연조엑스(6.7~10→1) /[M040579]카페인(함수)/[M040580]무수카페인/[M090611]카페인/[M223183]카페인무수물/[M223184]카페인수화물/[M241017]무수물카페인/[M040616]말레인산클로르페니라민/[M050213]말레인산덱스클로르페니라민/[M051529]클로르페니라민/[M082701]디엘말레인산클로르페니라민/[M083325]디말레인산클로르페니라민/[M099959]말레인산클로로페니라민/[M100018]말레산클로르페니라민/[M100476]디말레인산클로르페니라민/[M101581]디엘말레인산클로르페니라민/[M200471]말레인산클로르페니라민제피과립/[M202197]D-말레인산클로르페니라민/[M202204]DL-말레인산클로르페니라민/[M203913]클로르페니라민말레인산염/[M212847]클로르페니라민말레이트/[M223211]클로르페니라민말레산염/[M223212]d-클로르페니라민말레산염/[M223213]클로르페니라민말레산염 산/[M223214]클로르페니라민말레산염 정/[M223215]클로르페니라민말레산염 주사액/[M226783]dl-클로르페니라민말레산염/[M249715]덱스클로르페니라민 말레산염/[M251936]덱스클로르페니라민말레이트","[01140]해열.진통.소염제","","4,000밀리그램",20180831,"아세트아미노펜으로서 4,000mg/day(모든제형, 단일제.복합제 포함)","","정상"
3899,"용량주의","복합",D000147,Acetaminophen,"아세트아미노펜","[D001000]Licorice(감초)/[D000200]Dextromethorphan(덱스트로메토르판)/[D001116]Methylephedrine(메틸에페드린)/[D000448]Pseudoephedrine(슈도에페드린)/[D000893]Chlorpheniramine(클로르페니라민)","[M040353]아세트아미노펜/[M082309]아세트아미노펜제피세립/[M233006]아세트아미노펜 DC 500/600/[M246556]아세트아미노펜 (미분화)/[M262287]아세트아미노펜 과립/[A006000]감초/[M040006]감초/[M070009]감초가루/[M040084]브롬화수소산덱스트로메토르판/[M202983]덱스트로메토르판브롬화수소산염/[M222957]덱스트로메토르판브롬화수소산염수화물/[A006116]메틸에페드린/[I006391]dl-메틸에페드린염산염/[M204422]dl-메틸에페드린염산염/[M223022]dl-메틸에페드린염산염 산 10%/[M235519]디엘메틸에페드린염산염/[M240608]dI-메틸에페드린염산염/[M240859]디엘-메틸에페드린염산염/[M252389]㎗-메틸에페드린염산염/[M264046]DL-메틸에페드린염산염/[M050833]염산슈도에페드린/[M081720]황산슈도에페드린/[M203364]슈도에페드린염산염/[M222865]수도에페드린염산염/[M248579]수도에페드린황산염/[M256034]수도에페드린염산염 과립/[M258826]수도에페드린/[M040616]말레인산클로르페니라민/[M050213]말레인산덱스클로르페니라민/[M051529]클로르페니라민/[M082701]디엘말레인산클로르페니라민/[M083325]디말레인산클로르페니라민/[M099959]말레인산클로로페니라민/[M100018]말레산클로르페니라민/[M100476]디말레인산클로르페니라민/[M101581]디엘말레인산클로르페니라민/[M200471]말레인산클로르페니라민제피과립/[M202197]D-말레인산클로르페니라민/[M202204]DL-말레인산클로르페니라민/[M203913]클로르페니라민말레인산염/[M212847]클로르페니라민말레이트/[M223211]클로르페니라민말레산염/[M223212]d-클로르페니라민말레산염/[M223213]클로르페니라민말레산염 산/[M223214]클로르페니라민말레산염 정/[M223215]클로르페니라민말레산염 주사액/[M226783]dl-클로르페니라민말레산염/[M249715]덱스클로르페니라민 말레산염/[M251936]덱스클로르페니라민말레이트","[01140]해열.진통.소염제","","4,000밀리그램",20180831,"아세트아미노펜으로서 4,000mg/day(모든제형, 단일제.복합제 포함)","","정상"
3844,"용량주의","복합",D000147,Acetaminophen,"아세트아미노펜","[D000200]Dextromethorphan(덱스트로메토르판)/[D001101]Riboflavin(리보플라빈)/[D001116]Methylephedrine(메틸에페드린)/[D000847]Ethenzamide(에텐자미드)/[D000852]Caffeine(카페인)/[D000893]Chlorpheniramine(클로르페니라민)/[D000998]Thiamine(티아민)","[M040353]아세트아미노펜/[M082309]아세트아미노펜제피세립/[M233006]아세트아미노펜 DC 500/600/[M246556]아세트아미노펜 (미분화)/[M262287]아세트아미노펜 과립/[M040084]브롬화수소산덱스트로메토르판/[M202983]덱스트로메토르판브롬화수소산염/[M222957]덱스트로메토르판브롬화수소산염수화물/[C040133]리보플라빈/[C040512]인산리보플라빈나트륨/[C050367]테트라부티르산리보플라빈/[C050368]인산리보플라빈/[C050369]리보플라빈-5-인산나트륨/[C081186]리보플라빈33 1/3%/[C082711]리보플라빈낙산에스텔/[C082719]리보플라빈331/3%산/[C083052]리보플라빈98%DC/[C083101]낙산리보플라빈/[C083163]리보플라빈98%/[C083404]리보플라빈33 1/3%과립/[C084424]염산리보플라빈나트륨/[C085688]직탁용리보플라빈98%/[C089984]리보플라빈인산나트륨/[C090982]리보플라빈산나트륨/[C091022]리보플라빈98%과립/[C091383]리보플라빈25%과립/[C092484]부티르산리보플라빈/[C100456]리보플라빈3배산/[C100480]인산리보플라빈나트륨이수화물/[C101969]리보플라빈E101/[C202525]리보플라빈/[C401176]리보플라빈/[C407713]소듐리보플라빈포스페이트/[C409503]리보플라빈테트라부티레이트/[C422825]리보플라빈/[C422826]리보플라빈테트라부티레이트/[C422827]리보플라빈테트라아세테이트/[C425375]소듐리보플라빈포스페이트/[I003529]리보플라빈/[I003530]리보플라빈포스페이트나트륨/[I006525]리보플라빈부티레이트/[I007430]인산리보플라빈/[I007658]인산리보플라빈나트륨이수화물/[I007907]리보플라빈산나트륨/[M040133]리보플라빈/[M040512]인산리보플라빈나트륨/[M050367]테트라부티르산리보플라빈/[M050368]인산리보플라빈/[M050369]리보플라빈-5-인산나트륨/[M081186]리보플라빈33 1/3%/[M082711]리보플라빈낙산에스텔/[M082719]리보플라빈33 1/3%산/[M083052]리보플라빈98%DC/[M083101]낙산리보플라빈/[M083163]리보플라빈98%/[M083404]리보플라빈33 1/3%과립/[M085688]직탁용리보플라빈98%/[M090982]리보플라빈산나트륨/[M091022]리보플라빈98%과립/[M091383]리보플라빈25%과립/[M092484]부티르산리보플라빈/[M100456]리보플라빈3배산/[M100480]인산리보플라빈나트륨이수화물/[M101969]리보플라빈E101/[M200421]리보플라빈33ㆍ3%/[M200422]리보플라빈33ㆍ3%과립/[M200423]리보플라빈33ㆍ3%산/[M203723]인산리보플라빈소듐/[M206124]조리보플라빈/[M216041]리보플라빈3배산(리보플라빈으로서 5밀리그램)/[M216399]리보플라빈 3배산(리보플라빈으로서 0.84밀리그램)/[M217503]리보플라빈인산에스텔나트륨/[M218021]안산리보플라빈나트륨/[M222995]리보플라빈부티레이트/[M222996]리보플라빈포스페이트나트륨/[M222997]리보플라빈포스페이트나트륨 주사액/[M232651]제피리보플라빈/[M249967]리보플라빈부틸레이트/[M249982]리보플라빈나트륨포스페이트/[A006116]메틸에페드린/[I006391]dl-메틸에페드린염산염/[M204422]dl-메틸에페드린염산염/[M223022]dl-메틸에페드린염산염 산 10%/[M235519]디엘메틸에페드린염산염/[M240608]dI-메틸에페드린염산염/[M240859]디엘-메틸에페드린염산염/[M252389]㎗-메틸에페드린염산염/[M264046]DL-메틸에페드린염산염/[M040417]에텐자미드/[M095771]에덴자미드/[M040579]카페인(함수)/[M040580]무수카페인/[M090611]카페인/[M223183]카페인무수물/[M223184]카페인수화물/[M241017]무수물카페인/[M040616]말레인산클로르페니라민/[M050213]말레인산덱스클로르페니라민/[M051529]클로르페니라민/[M082701]디엘말레인산클로르페니라민/[M083325]디말레인산클로르페니라민/[M099959]말레인산클로로페니라민/[M100018]말레산클로르페니라민/[M100476]디말레인산클로르페니라민/[M101581]디엘말레인산클로르페니라민/[M200471]말레인산클로르페니라민제피과립/[M202197]D-말레인산클로르페니라민/[M202204]DL-말레인산클로르페니라민/[M203913]클로르페니라민말레인산염/[M212847]클로르페니라민말레이트/[M223211]클로르페니라민말레산염/[M223212]d-클로르페니라민말레산염/[M223213]클로르페니라민말레산염 산/[M223214]클로르페니라민말레산염 정/[M223215]클로르페니라민말레산염 주사액/[M226783]dl-클로르페니라민말레산염/[M249715]덱스클로르페니라민 말레산염/[M251936]덱스클로르페니라민말레이트/[M223258]티아민염산염/[M223262]티아민질산염/[M243282]티아민질산염3배산","[01140]해열.진통.소염제","","4,000밀리그램",20180831,"아세트아미노펜으로서 4,000mg/day(모든제형, 단일제.복합제 포함)","","정상"
3845,"용량주의","복합",D000147,Acetaminophen,"아세트아미노펜","[D000200]Dextromethorphan(덱스트로메토르판)/[D001101]Riboflavin(리보플라빈)/[D001116]Methylephedrine(메틸에페드린)/[D000847]Ethenzamide(에텐자미드)/[D000852]Caffeine(카페인)/[D000893]Chlorpheniramine(클로르페니라민)/[D001097]Fursultiamine(푸르설티아민)","[M040353]아세트아미노펜/[M082309]아세트아미노펜제피세립/[M233006]아세트아미노펜 DC 500/600/[M246556]아세트아미노펜 (미분화)/[M262287]아세트아미노펜 과립/[M040084]브롬화수소산덱스트로메토르판/[M202983]덱스트로메토르판브롬화수소산염/[M222957]덱스트로메토르판브롬화수소산염수화물/[C040133]리보플라빈/[C040512]인산리보플라빈나트륨/[C050367]테트라부티르산리보플라빈/[C050368]인산리보플라빈/[C050369]리보플라빈-5-인산나트륨/[C081186]리보플라빈33 1/3%/[C082711]리보플라빈낙산에스텔/[C082719]리보플라빈331/3%산/[C083052]리보플라빈98%DC/[C083101]낙산리보플라빈/[C083163]리보플라빈98%/[C083404]리보플라빈33 1/3%과립/[C084424]염산리보플라빈나트륨/[C085688]직탁용리보플라빈98%/[C089984]리보플라빈인산나트륨/[C090982]리보플라빈산나트륨/[C091022]리보플라빈98%과립/[C091383]리보플라빈25%과립/[C092484]부티르산리보플라빈/[C100456]리보플라빈3배산/[C100480]인산리보플라빈나트륨이수화물/[C101969]리보플라빈E101/[C202525]리보플라빈/[C401176]리보플라빈/[C407713]소듐리보플라빈포스페이트/[C409503]리보플라빈테트라부티레이트/[C422825]리보플라빈/[C422826]리보플라빈테트라부티레이트/[C422827]리보플라빈테트라아세테이트/[C425375]소듐리보플라빈포스페이트/[I003529]리보플라빈/[I003530]리보플라빈포스페이트나트륨/[I006525]리보플라빈부티레이트/[I007430]인산리보플라빈/[I007658]인산리보플라빈나트륨이수화물/[I007907]리보플라빈산나트륨/[M040133]리보플라빈/[M040512]인산리보플라빈나트륨/[M050367]테트라부티르산리보플라빈/[M050368]인산리보플라빈/[M050369]리보플라빈-5-인산나트륨/[M081186]리보플라빈33 1/3%/[M082711]리보플라빈낙산에스텔/[M082719]리보플라빈33 1/3%산/[M083052]리보플라빈98%DC/[M083101]낙산리보플라빈/[M083163]리보플라빈98%/[M083404]리보플라빈33 1/3%과립/[M085688]직탁용리보플라빈98%/[M090982]리보플라빈산나트륨/[M091022]리보플라빈98%과립/[M091383]리보플라빈25%과립/[M092484]부티르산리보플라빈/[M100456]리보플라빈3배산/[M100480]인산리보플라빈나트륨이수화물/[M101969]리보플라빈E101/[M200421]리보플라빈33ㆍ3%/[M200422]리보플라빈33ㆍ3%과립/[M200423]리보플라빈33ㆍ3%산/[M203723]인산리보플라빈소듐/[M206124]조리보플라빈/[M216041]리보플라빈3배산(리보플라빈으로서 5밀리그램)/[M216399]리보플라빈 3배산(리보플라빈으로서 0.84밀리그램)/[M217503]리보플라빈인산에스텔나트륨/[M218021]안산리보플라빈나트륨/[M222995]리보플라빈부티레이트/[M222996]리보플라빈포스페이트나트륨/[M222997]리보플라빈포스페이트나트륨 주사액/[M232651]제피리보플라빈/[M249967]리보플라빈부틸레이트/[M249982]리보플라빈나트륨포스페이트/[A006116]메틸에페드린/[I006391]dl-메틸에페드린염산염/[M204422]dl-메틸에페드린염산염/[M223022]dl-메틸에페드린염산염 산 10%/[M235519]디엘메틸에페드린염산염/[M240608]dI-메틸에페드린염산염/[M240859]디엘-메틸에페드린염산염/[M252389]㎗-메틸에페드린염산염/[M264046]DL-메틸에페드린염산염/[M040417]에텐자미드/[M095771]에덴자미드/[M040579]카페인(함수)/[M040580]무수카페인/[M090611]카페인/[M223183]카페인무수물/[M223184]카페인수화물/[M241017]무수물카페인/[M040616]말레인산클로르페니라민/[M050213]말레인산덱스클로르페니라민/[M051529]클로르페니라민/[M082701]디엘말레인산클로르페니라민/[M083325]디말레인산클로르페니라민/[M099959]말레인산클로로페니라민/[M100018]말레산클로르페니라민/[M100476]디말레인산클로르페니라민/[M101581]디엘말레인산클로르페니라민/[M200471]말레인산클로르페니라민제피과립/[M202197]D-말레인산클로르페니라민/[M202204]DL-말레인산클로르페니라민/[M203913]클로르페니라민말레인산염/[M212847]클로르페니라민말레이트/[M223211]클로르페니라민말레산염/[M223212]d-클로르페니라민말레산염/[M223213]클로르페니라민말레산염 산/[M223214]클로르페니라민말레산염 정/[M223215]클로르페니라민말레산염 주사액/[M226783]dl-클로르페니라민말레산염/[M249715]덱스클로르페니라민 말레산염/[M251936]덱스클로르페니라민말레이트/[C051415]푸르설티아민/[C070197]염산푸르설티아민/[I001642]푸르설티아민/[I006251]푸르설티아민염산염/[M051415]푸르설티아민/[M070197]염산푸르설티아민/[M223292]푸르설티아민염산염","[01140]해열.진통.소염제","","4,000밀리그램",20180831,"아세트아미노펜으로서 4,000mg/day(모든제형, 단일제.복합제 포함)","","정상"
3846,"용량주의","복합",D000147,Acetaminophen,"아세트아미노펜","[D001101]Riboflavin(리보플라빈)/[D001116]Methylephedrine(메틸에페드린)/[D001126]Seratio Peptidase(세라티오펩티다제)/[D000852]Caffeine(카페인)/[D000893]Chlorpheniramine(클로르페니라민)/[D000981]Cloperastine(클로페라스틴)/[D000998]Thiamine(티아민)","[M040353]아세트아미노펜/[M082309]아세트아미노펜제피세립/[M233006]아세트아미노펜 DC 500/600/[M246556]아세트아미노펜 (미분화)/[M262287]아세트아미노펜 과립/[C040133]리보플라빈/[C040512]인산리보플라빈나트륨/[C050367]테트라부티르산리보플라빈/[C050368]인산리보플라빈/[C050369]리보플라빈-5-인산나트륨/[C081186]리보플라빈33 1/3%/[C082711]리보플라빈낙산에스텔/[C082719]리보플라빈331/3%산/[C083052]리보플라빈98%DC/[C083101]낙산리보플라빈/[C083163]리보플라빈98%/[C083404]리보플라빈33 1/3%과립/[C084424]염산리보플라빈나트륨/[C085688]직탁용리보플라빈98%/[C089984]리보플라빈인산나트륨/[C090982]리보플라빈산나트륨/[C091022]리보플라빈98%과립/[C091383]리보플라빈25%과립/[C092484]부티르산리보플라빈/[C100456]리보플라빈3배산/[C100480]인산리보플라빈나트륨이수화물/[C101969]리보플라빈E101/[C202525]리보플라빈/[C401176]리보플라빈/[C407713]소듐리보플라빈포스페이트/[C409503]리보플라빈테트라부티레이트/[C422825]리보플라빈/[C422826]리보플라빈테트라부티레이트/[C422827]리보플라빈테트라아세테이트/[C425375]소듐리보플라빈포스페이트/[I003529]리보플라빈/[I003530]리보플라빈포스페이트나트륨/[I006525]리보플라빈부티레이트/[I007430]인산리보플라빈/[I007658]인산리보플라빈나트륨이수화물/[I007907]리보플라빈산나트륨/[M040133]리보플라빈/[M040512]인산리보플라빈나트륨/[M050367]테트라부티르산리보플라빈/[M050368]인산리보플라빈/[M050369]리보플라빈-5-인산나트륨/[M081186]리보플라빈33 1/3%/[M082711]리보플라빈낙산에스텔/[M082719]리보플라빈33 1/3%산/[M083052]리보플라빈98%DC/[M083101]낙산리보플라빈/[M083163]리보플라빈98%/[M083404]리보플라빈33 1/3%과립/[M085688]직탁용리보플라빈98%/[M090982]리보플라빈산나트륨/[M091022]리보플라빈98%과립/[M091383]리보플라빈25%과립/[M092484]부티르산리보플라빈/[M100456]리보플라빈3배산/[M100480]인산리보플라빈나트륨이수화물/[M101969]리보플라빈E101/[M200421]리보플라빈33ㆍ3%/[M200422]리보플라빈33ㆍ3%과립/[M200423]리보플라빈33ㆍ3%산/[M203723]인산리보플라빈소듐/[M206124]조리보플라빈/[M216041]리보플라빈3배산(리보플라빈으로서 5밀리그램)/[M216399]리보플라빈 3배산(리보플라빈으로서 0.84밀리그램)/[M217503]리보플라빈인산에스텔나트륨/[M218021]안산리보플라빈나트륨/[M222995]리보플라빈부티레이트/[M222996]리보플라빈포스페이트나트륨/[M222997]리보플라빈포스페이트나트륨 주사액/[M232651]제피리보플라빈/[M249967]리보플라빈부틸레이트/[M249982]리보플라빈나트륨포스페이트/[A006116]메틸에페드린/[I006391]dl-메틸에페드린염산염/[M204422]dl-메틸에페드린염산염/[M223022]dl-메틸에페드린염산염 산 10%/[M235519]디엘메틸에페드린염산염/[M240608]dI-메틸에페드린염산염/[M240859]디엘-메틸에페드린염산염/[M252389]㎗-메틸에페드린염산염/[M264046]DL-메틸에페드린염산염/[C081836]장용성세라티오펩티다제과립/[C099414]세라티오펩티다제/[I003690]세라티오펩티다제/[M081836]장용성세라티오펩티다제과립/[M099414]세라티오펩티다제/[M200865]세라티오펩티다제장용과립/[M222201]세라티오펩티다제(6600세라티오펩티다제 단위)/[M040579]카페인(함수)/[M040580]무수카페인/[M090611]카페인/[M223183]카페인무수물/[M223184]카페인수화물/[M241017]무수물카페인/[M040616]말레인산클로르페니라민/[M050213]말레인산덱스클로르페니라민/[M051529]클로르페니라민/[M082701]디엘말레인산클로르페니라민/[M083325]디말레인산클로르페니라민/[M099959]말레인산클로로페니라민/[M100018]말레산클로르페니라민/[M100476]디말레인산클로르페니라민/[M101581]디엘말레인산클로르페니라민/[M200471]말레인산클로르페니라민제피과립/[M202197]D-말레인산클로르페니라민/[M202204]DL-말레인산클로르페니라민/[M203913]클로르페니라민말레인산염/[M212847]클로르페니라민말레이트/[M223211]클로르페니라민말레산염/[M223212]d-클로르페니라민말레산염/[M223213]클로르페니라민말레산염 산/[M223214]클로르페니라민말레산염 정/[M223215]클로르페니라민말레산염 주사액/[M226783]dl-클로르페니라민말레산염/[M249715]덱스클로르페니라민 말레산염/[M251936]덱스클로르페니라민말레이트/[M051546]염산클로페라스틴/[M051547]펜디조산클로페라스틴/[M222890]클로페라스틴염산염/[M223258]티아민염산염/[M223262]티아민질산염/[M243282]티아민질산염3배산","[01140]해열.진통.소염제","","4,000밀리그램",20180831,"아세트아미노펜으로서 4,000mg/day(모든제형, 단일제.복합제 포함)","","정상"
3850,"용량주의","복합",D000147,Acetaminophen,"아세트아미노펜","[D001093]Galgeun-tang(갈근탕)/[D001000]Licorice(감초)/[D001121]Dried Ginger(건강)/[D001122]Jujube(대추)/[D001133]Ephedrae Herb(마황)/[D001123]Cinnamomum cassia Blume(육계)/[D001119]Peony Root(작약)","[M040353]아세트아미노펜/[M082309]아세트아미노펜제피세립/[M233006]아세트아미노펜 DC 500/600/[M246556]아세트아미노펜 (미분화)/[M262287]아세트아미노펜 과립/[C084556]갈근탕엑스/[C085494]갈근탕엑스분말/[C085503]갈근탕건조엑스/[C086018]갈근탕연조엑스/[C090838]갈근탕엑스과립/[C096410]갈근탕엑스정건조엑스/[C096710]갈근탕건조엑스[10→1]/[C100973]갈근탕엑스(10→1)/[M084556]갈근탕엑스/[M085494]갈근탕엑스분말/[M085503]갈근탕건조엑스/[M086018]갈근탕연조엑스/[M096410]갈근탕엑스정건조엑스/[M096710]갈근탕건조엑스[10→1]/[M100973]갈근탕엑스(10→1)/[M103265]갈근탕엑스말(10→1)/[M103916]갈근탕연조엑스(4.32→1)/[M104358]갈근탕엑스말/[M104683]갈근탕건조엑스(6.80→1)/[M104753]갈근탕연조엑스(3.4→1)/[M105329]갈근탕수침건조엑기스/[M105588]갈근탕건조엑스(5.78→1)/[M105816]갈근탕엑스분말(6→1)/[M105833]갈근탕연조엑스(4.17→1)/[M200049]갈근탕엑스가루/[M214453]갈근탕 연조엑스(4→1)/[M217483]갈근탕연조엑스(3->1)/[M229053]갈근탕 연조엑스(3.33→1)/[M250041]갈근탕엑스(5.81:1)/[M252043]갈근탕연조엑스[2.78→1]/[M252386]갈근탕연조엑스
(3.33→1)/[M259853]갈근탕건조엑스(6.31:1)/[M260768]갈근탕연조엑스(3.08→1)/[M261860]갈근탕건조엑스(5.6→1)/[M267754]갈근탕건조엑스(4→1)/[A006000]감초/[M040006]감초/[M070009]감초가루/[C040007]건강/[C070022]건강조말/[C070030]건강틴크/[C082104]건강유동엑스/[C082517]건강가루/[C083050]건강엑스/[C084830]건강70%에탄올유동엑스/[C085146]건강70%에탄올틴크/[C085483]건강30%에탄올유동엑스/[C089572]건강엑스산/[C091939]건강연조엑스/[C093695]건강묽은에탄올틴크/[C096526]건강건조엑스/[C101460]건강70%에탄올틴크(1→5)/[I001696]건강/[M040007]건강/[M070030]건강틴크/[M082104]건강유동엑스/[M082517]건강가루/[M083050]건강엑스/[M085146]건강70%에탄올틴크/[M085483]건강30%에탄올유동엑스/[M091939]건강연조엑스/[M093373]포건강/[M093695]건강묽은에탄올틴크/[M095865]건강엑스가루/[M101460]건강70%에탄올틴크(1→5)/[M103252]건강건조엑스(5ㆍ6→1)/[M104354]건강틴크(1→5)/[M227892]건강70%에탄올틴크(1->5)/[M239738]건강건조엑스/[M246445]건강초탄/[M249865]건강틴크
(1→5)/[M250885]건강건조엑스(5.6→1)/[M251645]건강초탄/[M254336]건강초탄/[M260577]건강초탄/[M261229]건강연조엑스(1.5∼1.8→1)
/[M262503]건강연조엑스(1.5~1.8→1)/[M262727]건강연조엑스(2.2~2.7→1)
/[M264378]건강연조엑스(1.7~2.0→1)/[M264508]건강연조엑스(3.23→1)/[M266087]건강건조엑스(6.5~7.9→1)/[M266876]건강연조엑스(2.9~3.6→1)/[M267309]건강연조엑스(1.6~2.0→1)/[C040071]대추/[I006323]대추/[M040071]대추/[M262512]대추연조엑스(1.5∼1.9→1)/[M266238]대추건조엑스(2.5~3.1→1)/[M266249]대추연조엑스(1.2~1.4→1)/[C040135]마황/[C080619]마황탕수침건조엑스/[C088524]마황수침건조엑스/[C089573]마황엑스산/[C091941]마황엑스/[C095063]마황탕연조엑스/[C095449]마황가루/[C102054]마황근/[C102097]마황추출물/[C202560]마황추출물/[C423024]마황뿌리추출물/[I001223]마황/[I008197]마황근/[M040135]마황/[M088524]마황수침건조엑스/[M089573]마황엑스산/[M091941]마황엑스/[M095063]마황탕연조엑스/[M095449]마황가루/[M102054]마황근/[M200464]마황엑스가루/[M261223]마황연조엑스(2.2∼2.7→1)
/[M261691]마황탕엑스/[M262497]마황연조엑스(2.2~2.7→1)/[M264308]마황연조엑스(4.35->1)/[M264372]마황연조엑스(3.4~4.2→1)/[M264504]마황연조엑스(4.35→1)/[M266357]마황연조엑스(2.3∼2.9→1)/[M266873]마황연조엑스(3.7~5.0→1)/[M267305]마황연조엑스(2.8~3.4→1)/[M268323]마황연조엑스(3.8∼5.1→1)/[C050036]육계/[C089617]육계엑스산/[C401739]육계추출물/[C401743]육계잎추출물/[C402601]육계/[C402602]육계껍질/정향싹/로즈마리잎/불가리스백리향잎수/[C428728]육계/[C428729]육계/정향싹/로즈마리잎/타임잎수/[C428730]육계/정향싹/로즈마리잎/타임잎오일/[C428731]육계껍질/탱자열매/삼백초잎/뿌리/도둑놈의지팡이뿌리추출물/[C428733]육계잎추출물/[C428734]육계전초오일/[C428735]육계전초추출물/[C428736]육계껍질추출물/[C434092]하이드롤라이즈드육계추출물/[C438444]육계껍질수/[C438521](육계껍질/요엽후박)나무껍질/(고량강/참당귀)뿌리추출물/[I000485]육계/[I008329]육계/[I012425]육계·아선약·소두구·고추 연조엑스(5→1)/[M050036]육계/[M089617]육계엑스산/[M106290]육계(모계)/[M201470]육계엑스가루/[M227893]육계70%에탄올틴크(1->5)/[M232832]육계건조엑스/[M234405]육계가루/[M239186]육계엑스(22->1)/[M240817]육계70%에탄올틴크(1→5)/[M244658]육계틴크(1→5)/[M245879]육계건조엑스(31.25->1)/[M246170]육계연조엑스/[M251943]육계추출물/[M252166]육계유/[M252345]육계유동엑스/[M252650]육계·아선약·소두구·고추 연조엑스(5→1)/[M253194]육계엑스(22→1)/[M254384]육계·아선약·소두구·고추 연조엑스(5->1)/[M258809]육계엑스/[M259064]육계30%에탄올유동엑스/[M261235]육계연조엑스(7.9∼9.6→1)
/[M262509]육계연조엑스(7.9~9.6→1)/[M264213]육계/당귀/작약/숙지황/천궁/황기 혼합추출물/[M264384]육계연조엑스(8.8~10.8→1)/[M264645]육계연조엑스(8.3→1)/[M266305]육계건조엑스(20~35→1)/[M266529]육계건조엑스(22→1)/[M267315]육계연조엑스(8.4~10.2→1)/[M267418]육계연조엑스(6.7~10→1) /[C040523]작약/[C051307]백작약/[C051308]적작약/[C071158]작약엑스/[C082518]작약가루/[C085611]백작약초/[C088975]백작약가루/[C089531]백작약엑스산(패오니플로린으로서 133ㆍ2밀리그람)/[C089542]백작약엑스산/[C090093]작약엑스산/[C090789]작약초/[C092727]백작약연조엑스/[C093837]작약건조엑스/[C096770]작약추출물/[C312372]작약추출물/[C313826]백작약추출물/[C320059]참작약/[C402274]작약전초추출물/[C402275]작약뿌리추출물/[C404274]작약뿌리수/[C404275]작약뿌리가루/[C406079]작약가루/[C406080]작약껍질/수액추출물/[C406081]작약꽃추출물/[C406082]작약추출물/[C429024]작약꽃추출물/[C429025]작약나무껍질/수액추출물/[C429026]작약뿌리/[C429027]작약뿌리가루/[C429028]작약뿌리수/[C429029]작약뿌리추출물/[C429030]작약잎세포추출물/[C429031]작약추출물/[I006447]작약/[M040523]작약/[M051307]백작약/[M051308]적작약/[M071158]작약엑스/[M082518]작약가루/[M085611]백작약초/[M088975]백작약가루/[M090093]작약엑스산/[M090789]작약초/[M093837]작약건조엑스/[M103890]작약건조엑스(5.88→1)/[M201554]작약엑스가루/[M212494]백작약엑스 (5.9→1)/[M214365]작약추출물/[M241192]작약엑스(5.9->1)/[M243283]작약엑스(5.9->1)/[M245904]작약엑스 (5.9→1)/[M246879]작약추출액/[M261230]작약연조엑스(3.3∼4.0→1)
/[M262504]작약연조엑스(3.3~4.0→1)/[M263913]작약연조엑스(2.3∼3.2→1)/[M264309]작약연조엑스(3.03->1)/[M264379]작약연조엑스(2.4~3.0→1)/[M264643]작약연조엑스(3.03→1)/[M266482]작약연조엑스(2.8∼3.4→1)/[M266487]작약연조엑스(2.7~3.3→1)/[M266950]작약연조엑스(2.8∼3.4→1)/[M267310]작약연조엑스(2.9~3.5→1)/[M268068]작약연조엑스(2.8~3.4→1)/[M268187]작약연조엑스(2.8~3.4→1)","[01140]해열.진통.소염제","","4,000밀리그램",20180831,"아세트아미노펜으로서 4,000mg/day(모든제형, 단일제.복합제 포함)","","정상"
3854,"용량주의","복합",D000147,Acetaminophen,"아세트아미노펜","[D001000]Licorice(감초)/[D000493]Guaifenesin(구아이페네신)/[D000200]Dextromethorphan(덱스트로메토르판)/[D001101]Riboflavin(리보플라빈)/[D001116]Methylephedrine(메틸에페드린)/[D000448]Pseudoephedrine(슈도에페드린)/[D000893]Chlorpheniramine(클로르페니라민)/[D000998]Thiamine(티아민)","[M040353]아세트아미노펜/[M082309]아세트아미노펜제피세립/[M233006]아세트아미노펜 DC 500/600/[M246556]아세트아미노펜 (미분화)/[M262287]아세트아미노펜 과립/[A006000]감초/[M040006]감초/[M070009]감초가루/[M050058]구아이페네신/[M040084]브롬화수소산덱스트로메토르판/[M202983]덱스트로메토르판브롬화수소산염/[M222957]덱스트로메토르판브롬화수소산염수화물/[C040133]리보플라빈/[C040512]인산리보플라빈나트륨/[C050367]테트라부티르산리보플라빈/[C050368]인산리보플라빈/[C050369]리보플라빈-5-인산나트륨/[C081186]리보플라빈33 1/3%/[C082711]리보플라빈낙산에스텔/[C082719]리보플라빈331/3%산/[C083052]리보플라빈98%DC/[C083101]낙산리보플라빈/[C083163]리보플라빈98%/[C083404]리보플라빈33 1/3%과립/[C084424]염산리보플라빈나트륨/[C085688]직탁용리보플라빈98%/[C089984]리보플라빈인산나트륨/[C090982]리보플라빈산나트륨/[C091022]리보플라빈98%과립/[C091383]리보플라빈25%과립/[C092484]부티르산리보플라빈/[C100456]리보플라빈3배산/[C100480]인산리보플라빈나트륨이수화물/[C101969]리보플라빈E101/[C202525]리보플라빈/[C401176]리보플라빈/[C407713]소듐리보플라빈포스페이트/[C409503]리보플라빈테트라부티레이트/[C422825]리보플라빈/[C422826]리보플라빈테트라부티레이트/[C422827]리보플라빈테트라아세테이트/[C425375]소듐리보플라빈포스페이트/[I003529]리보플라빈/[I003530]리보플라빈포스페이트나트륨/[I006525]리보플라빈부티레이트/[I007430]인산리보플라빈/[I007658]인산리보플라빈나트륨이수화물/[I007907]리보플라빈산나트륨/[M040133]리보플라빈/[M040512]인산리보플라빈나트륨/[M050367]테트라부티르산리보플라빈/[M050368]인산리보플라빈/[M050369]리보플라빈-5-인산나트륨/[M081186]리보플라빈33 1/3%/[M082711]리보플라빈낙산에스텔/[M082719]리보플라빈33 1/3%산/[M083052]리보플라빈98%DC/[M083101]낙산리보플라빈/[M083163]리보플라빈98%/[M083404]리보플라빈33 1/3%과립/[M085688]직탁용리보플라빈98%/[M090982]리보플라빈산나트륨/[M091022]리보플라빈98%과립/[M091383]리보플라빈25%과립/[M092484]부티르산리보플라빈/[M100456]리보플라빈3배산/[M100480]인산리보플라빈나트륨이수화물/[M101969]리보플라빈E101/[M200421]리보플라빈33ㆍ3%/[M200422]리보플라빈33ㆍ3%과립/[M200423]리보플라빈33ㆍ3%산/[M203723]인산리보플라빈소듐/[M206124]조리보플라빈/[M216041]리보플라빈3배산(리보플라빈으로서 5밀리그램)/[M216399]리보플라빈 3배산(리보플라빈으로서 0.84밀리그램)/[M217503]리보플라빈인산에스텔나트륨/[M218021]안산리보플라빈나트륨/[M222995]리보플라빈부티레이트/[M222996]리보플라빈포스페이트나트륨/[M222997]리보플라빈포스페이트나트륨 주사액/[M232651]제피리보플라빈/[M249967]리보플라빈부틸레이트/[M249982]리보플라빈나트륨포스페이트/[A006116]메틸에페드린/[I006391]dl-메틸에페드린염산염/[M204422]dl-메틸에페드린염산염/[M223022]dl-메틸에페드린염산염 산 10%/[M235519]디엘메틸에페드린염산염/[M240608]dI-메틸에페드린염산염/[M240859]디엘-메틸에페드린염산염/[M252389]㎗-메틸에페드린염산염/[M264046]DL-메틸에페드린염산염/[M050833]염산슈도에페드린/[M081720]황산슈도에페드린/[M203364]슈도에페드린염산염/[M222865]수도에페드린염산염/[M248579]수도에페드린황산염/[M256034]수도에페드린염산염 과립/[M258826]수도에페드린/[M040616]말레인산클로르페니라민/[M050213]말레인산덱스클로르페니라민/[M051529]클로르페니라민/[M082701]디엘말레인산클로르페니라민/[M083325]디말레인산클로르페니라민/[M099959]말레인산클로로페니라민/[M100018]말레산클로르페니라민/[M100476]디말레인산클로르페니라민/[M101581]디엘말레인산클로르페니라민/[M200471]말레인산클로르페니라민제피과립/[M202197]D-말레인산클로르페니라민/[M202204]DL-말레인산클로르페니라민/[M203913]클로르페니라민말레인산염/[M212847]클로르페니라민말레이트/[M223211]클로르페니라민말레산염/[M223212]d-클로르페니라민말레산염/[M223213]클로르페니라민말레산염 산/[M223214]클로르페니라민말레산염 정/[M223215]클로르페니라민말레산염 주사액/[M226783]dl-클로르페니라민말레산염/[M249715]덱스클로르페니라민 말레산염/[M251936]덱스클로르페니라민말레이트/[M223258]티아민염산염/[M223262]티아민질산염/[M243282]티아민질산염3배산","[01140]해열.진통.소염제","","4,000밀리그램",20180831,"아세트아미노펜으로서 4,000mg/day(모든제형, 단일제.복합제 포함)","","정상"
3855,"용량주의","복합",D000147,Acetaminophen,"아세트아미노펜","[D001000]Licorice(감초)/[D001125]Platycodonis Radix(길경)/[D000200]Dextromethorphan(덱스트로메토르판)/[D001113]Magnesium Aluminometasilicate(메타규산알루민산마그네슘)/[D001116]Methylephedrine(메틸에페드린)/[D000852]Caffeine(카페인)/[D000893]Chlorpheniramine(클로르페니라민)/[D000998]Thiamine(티아민)","[M040353]아세트아미노펜/[M082309]아세트아미노펜제피세립/[M233006]아세트아미노펜 DC 500/600/[M246556]아세트아미노펜 (미분화)/[M262287]아세트아미노펜 과립/[A006000]감초/[M040006]감초/[M070009]감초가루/[C040048]길경/[C070085]길경추출액/[C070086]길경유동엑스/[C082634]길경가루/[C082657]길경건조엑스/[C082674]길경엑스/[C082950]길경건조엑스말/[C083122]길경33ㆍ3%에탄올엑스/[C084557]길경45%에탄올엑스가루/[C084832]길경엑스산/[C086044]길경연조엑스/[C086047]길경근/[C095008]길경30%에탄올연조엑스/[C100979]길경50%에탄올건조엑스(10->1)/[C101406]길경엑스산(10→1)/[C403069]길경추출물/[I006474]길경/[M040048]길경/[M070085]길경추출액/[M070086]길경유동엑스/[M082634]길경가루/[M082657]길경건조엑스/[M082674]길경엑스/[M082950]길경건조엑스말/[M083122]길경33ㆍ3%에탄올엑스/[M084557]길경45%에탄올엑스가루/[M084832]길경엑스산/[M086044]길경연조엑스/[M095008]길경30%에탄올연조엑스/[M100979]길경50%에탄올건조엑스(10->1)/[M101406]길경엑스산(10→1)/[M103013]길경엑스(3ㆍ7→1)/[M103895]길경건조엑스(3.7→1)/[M104031]길경엑스(4→1)/[M104077]길경엑스(10→1)/[M104359]길경건조엑스(10:1)/[M104415]길경33.3%에탄올엑스(4:1)/[M105015]길경45%에탄올엑스가루(10:1)/[M106069]길경33.3%에탄올유동엑스(4→1)/[M200164]길경건조엑스가루/[M200165]길경엑스가루/[M211323]길경건조엑스(10->1)/[M217082]길경엑스산(10 ->1)/[M221344]길경 30% 에탄올 유동엑스(1:1)/[M232676]길경엑스 (3.7→1)/[M238263]길경50%에탄올건조엑스(10→1)/[M242406]길경 유동엑스/[M243217]길경탕연조엑스/[M250128]길경농축엑기스/[M251012]길경33.3%에탄올유동엑스(4-1)/[M258076]길경33.3%에탄올유동엑스(4->1)/[M258823]길경농축엑스/[M261226]길경연조엑스(2.3∼2.8→1)
/[M262500]길경연조엑스(2.3~2.8→1)/[M263491]길경50%에탄올엑스산(10→1)/[M263888]길경연조엑스(1.2~1.4→1)/[M263904]길경30%에탄올유동엑스(1:1)/[M264018]길경엑스산(3.7→1)/[M264375]길경연조엑스(1.8~2.2→1)/[M264641]길경연조엑스(2.6→1)/[M266592]길경연조엑스(2.3~2.9→1)/[M266996]길경연조엑스(2.2∼2.7→1)/[M267307]길경연조엑스(2.1~2.5→1)/[M268063]길경연조엑스(2.3∼2.8→1)/[M268240]길경추출분말/[M040084]브롬화수소산덱스트로메토르판/[M202983]덱스트로메토르판브롬화수소산염/[M222957]덱스트로메토르판브롬화수소산염수화물/[C050448]메타규산알루민산마그네슘/[I004147]메타규산알루민산마그네슘/[M050448]메타규산알루민산마그네슘/[M207093]메타규산알루민산마그네슘 (건조물로서)/[M257256]메타규산알루민산마그네슘건조물/[A006116]메틸에페드린/[I006391]dl-메틸에페드린염산염/[M204422]dl-메틸에페드린염산염/[M223022]dl-메틸에페드린염산염 산 10%/[M235519]디엘메틸에페드린염산염/[M240608]dI-메틸에페드린염산염/[M240859]디엘-메틸에페드린염산염/[M252389]㎗-메틸에페드린염산염/[M264046]DL-메틸에페드린염산염/[M040579]카페인(함수)/[M040580]무수카페인/[M090611]카페인/[M223183]카페인무수물/[M223184]카페인수화물/[M241017]무수물카페인/[M040616]말레인산클로르페니라민/[M050213]말레인산덱스클로르페니라민/[M051529]클로르페니라민/[M082701]디엘말레인산클로르페니라민/[M083325]디말레인산클로르페니라민/[M099959]말레인산클로로페니라민/[M100018]말레산클로르페니라민/[M100476]디말레인산클로르페니라민/[M101581]디엘말레인산클로르페니라민/[M200471]말레인산클로르페니라민제피과립/[M202197]D-말레인산클로르페니라민/[M202204]DL-말레인산클로르페니라민/[M203913]클로르페니라민말레인산염/[M212847]클로르페니라민말레이트/[M223211]클로르페니라민말레산염/[M223212]d-클로르페니라민말레산염/[M223213]클로르페니라민말레산염 산/[M223214]클로르페니라민말레산염 정/[M223215]클로르페니라민말레산염 주사액/[M226783]dl-클로르페니라민말레산염/[M249715]덱스클로르페니라민 말레산염/[M251936]덱스클로르페니라민말레이트/[M223258]티아민염산염/[M223262]티아민질산염/[M243282]티아민질산염3배산","[01140]해열.진통.소염제","","4,000밀리그램",20180831,"아세트아미노펜으로서 4,000mg/day(모든제형, 단일제.복합제 포함)","","정상"
3860,"용량주의","복합",D000147,Acetaminophen,"아세트아미노펜","[D001000]Licorice(감초)/[D000493]Guaifenesin(구아이페네신)/[D000200]Dextromethorphan(덱스트로메토르판)/[D001101]Riboflavin(리보플라빈)/[D001116]Methylephedrine(메틸에페드린)/[D000448]Pseudoephedrine(슈도에페드린)/[D000893]Chlorpheniramine(클로르페니라민)/[D000998]Thiamine(티아민)","[M040353]아세트아미노펜/[M082309]아세트아미노펜제피세립/[M233006]아세트아미노펜 DC 500/600/[M246556]아세트아미노펜 (미분화)/[M262287]아세트아미노펜 과립/[A006000]감초/[M040006]감초/[M070009]감초가루/[M050058]구아이페네신/[M040084]브롬화수소산덱스트로메토르판/[M202983]덱스트로메토르판브롬화수소산염/[M222957]덱스트로메토르판브롬화수소산염수화물/[C040133]리보플라빈/[C040512]인산리보플라빈나트륨/[C050367]테트라부티르산리보플라빈/[C050368]인산리보플라빈/[C050369]리보플라빈-5-인산나트륨/[C081186]리보플라빈33 1/3%/[C082711]리보플라빈낙산에스텔/[C082719]리보플라빈331/3%산/[C083052]리보플라빈98%DC/[C083101]낙산리보플라빈/[C083163]리보플라빈98%/[C083404]리보플라빈33 1/3%과립/[C084424]염산리보플라빈나트륨/[C085688]직탁용리보플라빈98%/[C089984]리보플라빈인산나트륨/[C090982]리보플라빈산나트륨/[C091022]리보플라빈98%과립/[C091383]리보플라빈25%과립/[C092484]부티르산리보플라빈/[C100456]리보플라빈3배산/[C100480]인산리보플라빈나트륨이수화물/[C101969]리보플라빈E101/[C202525]리보플라빈/[C401176]리보플라빈/[C407713]소듐리보플라빈포스페이트/[C409503]리보플라빈테트라부티레이트/[C422825]리보플라빈/[C422826]리보플라빈테트라부티레이트/[C422827]리보플라빈테트라아세테이트/[C425375]소듐리보플라빈포스페이트/[I003529]리보플라빈/[I003530]리보플라빈포스페이트나트륨/[I006525]리보플라빈부티레이트/[I007430]인산리보플라빈/[I007658]인산리보플라빈나트륨이수화물/[I007907]리보플라빈산나트륨/[M040133]리보플라빈/[M040512]인산리보플라빈나트륨/[M050367]테트라부티르산리보플라빈/[M050368]인산리보플라빈/[M050369]리보플라빈-5-인산나트륨/[M081186]리보플라빈33 1/3%/[M082711]리보플라빈낙산에스텔/[M082719]리보플라빈33 1/3%산/[M083052]리보플라빈98%DC/[M083101]낙산리보플라빈/[M083163]리보플라빈98%/[M083404]리보플라빈33 1/3%과립/[M085688]직탁용리보플라빈98%/[M090982]리보플라빈산나트륨/[M091022]리보플라빈98%과립/[M091383]리보플라빈25%과립/[M092484]부티르산리보플라빈/[M100456]리보플라빈3배산/[M100480]인산리보플라빈나트륨이수화물/[M101969]리보플라빈E101/[M200421]리보플라빈33ㆍ3%/[M200422]리보플라빈33ㆍ3%과립/[M200423]리보플라빈33ㆍ3%산/[M203723]인산리보플라빈소듐/[M206124]조리보플라빈/[M216041]리보플라빈3배산(리보플라빈으로서 5밀리그램)/[M216399]리보플라빈 3배산(리보플라빈으로서 0.84밀리그램)/[M217503]리보플라빈인산에스텔나트륨/[M218021]안산리보플라빈나트륨/[M222995]리보플라빈부티레이트/[M222996]리보플라빈포스페이트나트륨/[M222997]리보플라빈포스페이트나트륨 주사액/[M232651]제피리보플라빈/[M249967]리보플라빈부틸레이트/[M249982]리보플라빈나트륨포스페이트/[A006116]메틸에페드린/[I006391]dl-메틸에페드린염산염/[M204422]dl-메틸에페드린염산염/[M223022]dl-메틸에페드린염산염 산 10%/[M235519]디엘메틸에페드린염산염/[M240608]dI-메틸에페드린염산염/[M240859]디엘-메틸에페드린염산염/[M252389]㎗-메틸에페드린염산염/[M264046]DL-메틸에페드린염산염/[M050833]염산슈도에페드린/[M081720]황산슈도에페드린/[M203364]슈도에페드린염산염/[M222865]수도에페드린염산염/[M248579]수도에페드린황산염/[M256034]수도에페드린염산염 과립/[M258826]수도에페드린/[M040616]말레인산클로르페니라민/[M050213]말레인산덱스클로르페니라민/[M051529]클로르페니라민/[M082701]디엘말레인산클로르페니라민/[M083325]디말레인산클로르페니라민/[M099959]말레인산클로로페니라민/[M100018]말레산클로르페니라민/[M100476]디말레인산클로르페니라민/[M101581]디엘말레인산클로르페니라민/[M200471]말레인산클로르페니라민제피과립/[M202197]D-말레인산클로르페니라민/[M202204]DL-말레인산클로르페니라민/[M203913]클로르페니라민말레인산염/[M212847]클로르페니라민말레이트/[M223211]클로르페니라민말레산염/[M223212]d-클로르페니라민말레산염/[M223213]클로르페니라민말레산염 산/[M223214]클로르페니라민말레산염 정/[M223215]클로르페니라민말레산염 주사액/[M226783]dl-클로르페니라민말레산염/[M249715]덱스클로르페니라민 말레산염/[M251936]덱스클로르페니라민말레이트/[M223258]티아민염산염/[M223262]티아민질산염/[M243282]티아민질산염3배산","[01140]해열.진통.소염제","","4,000밀리그램",20180831,"아세트아미노펜으로서 4,000mg/day(모든제형, 단일제.복합제 포함)","","정상"
3861,"용량주의","복합",D000147,Acetaminophen,"아세트아미노펜","[D001000]Licorice(감초)/[D001125]Platycodonis Radix(길경)/[D000200]Dextromethorphan(덱스트로메토르판)/[D001113]Magnesium Aluminometasilicate(메타규산알루민산마그네슘)/[D001116]Methylephedrine(메틸에페드린)/[D000852]Caffeine(카페인)/[D000893]Chlorpheniramine(클로르페니라민)/[D000998]Thiamine(티아민)","[M040353]아세트아미노펜/[M082309]아세트아미노펜제피세립/[M233006]아세트아미노펜 DC 500/600/[M246556]아세트아미노펜 (미분화)/[M262287]아세트아미노펜 과립/[A006000]감초/[M040006]감초/[M070009]감초가루/[C040048]길경/[C070085]길경추출액/[C070086]길경유동엑스/[C082634]길경가루/[C082657]길경건조엑스/[C082674]길경엑스/[C082950]길경건조엑스말/[C083122]길경33ㆍ3%에탄올엑스/[C084557]길경45%에탄올엑스가루/[C084832]길경엑스산/[C086044]길경연조엑스/[C086047]길경근/[C095008]길경30%에탄올연조엑스/[C100979]길경50%에탄올건조엑스(10->1)/[C101406]길경엑스산(10→1)/[C403069]길경추출물/[I006474]길경/[M040048]길경/[M070085]길경추출액/[M070086]길경유동엑스/[M082634]길경가루/[M082657]길경건조엑스/[M082674]길경엑스/[M082950]길경건조엑스말/[M083122]길경33ㆍ3%에탄올엑스/[M084557]길경45%에탄올엑스가루/[M084832]길경엑스산/[M086044]길경연조엑스/[M095008]길경30%에탄올연조엑스/[M100979]길경50%에탄올건조엑스(10->1)/[M101406]길경엑스산(10→1)/[M103013]길경엑스(3ㆍ7→1)/[M103895]길경건조엑스(3.7→1)/[M104031]길경엑스(4→1)/[M104077]길경엑스(10→1)/[M104359]길경건조엑스(10:1)/[M104415]길경33.3%에탄올엑스(4:1)/[M105015]길경45%에탄올엑스가루(10:1)/[M106069]길경33.3%에탄올유동엑스(4→1)/[M200164]길경건조엑스가루/[M200165]길경엑스가루/[M211323]길경건조엑스(10->1)/[M217082]길경엑스산(10 ->1)/[M221344]길경 30% 에탄올 유동엑스(1:1)/[M232676]길경엑스 (3.7→1)/[M238263]길경50%에탄올건조엑스(10→1)/[M242406]길경 유동엑스/[M243217]길경탕연조엑스/[M250128]길경농축엑기스/[M251012]길경33.3%에탄올유동엑스(4-1)/[M258076]길경33.3%에탄올유동엑스(4->1)/[M258823]길경농축엑스/[M261226]길경연조엑스(2.3∼2.8→1)
/[M262500]길경연조엑스(2.3~2.8→1)/[M263491]길경50%에탄올엑스산(10→1)/[M263888]길경연조엑스(1.2~1.4→1)/[M263904]길경30%에탄올유동엑스(1:1)/[M264018]길경엑스산(3.7→1)/[M264375]길경연조엑스(1.8~2.2→1)/[M264641]길경연조엑스(2.6→1)/[M266592]길경연조엑스(2.3~2.9→1)/[M266996]길경연조엑스(2.2∼2.7→1)/[M267307]길경연조엑스(2.1~2.5→1)/[M268063]길경연조엑스(2.3∼2.8→1)/[M268240]길경추출분말/[M040084]브롬화수소산덱스트로메토르판/[M202983]덱스트로메토르판브롬화수소산염/[M222957]덱스트로메토르판브롬화수소산염수화물/[C050448]메타규산알루민산마그네슘/[I004147]메타규산알루민산마그네슘/[M050448]메타규산알루민산마그네슘/[M207093]메타규산알루민산마그네슘 (건조물로서)/[M257256]메타규산알루민산마그네슘건조물/[A006116]메틸에페드린/[I006391]dl-메틸에페드린염산염/[M204422]dl-메틸에페드린염산염/[M223022]dl-메틸에페드린염산염 산 10%/[M235519]디엘메틸에페드린염산염/[M240608]dI-메틸에페드린염산염/[M240859]디엘-메틸에페드린염산염/[M252389]㎗-메틸에페드린염산염/[M264046]DL-메틸에페드린염산염/[M040579]카페인(함수)/[M040580]무수카페인/[M090611]카페인/[M223183]카페인무수물/[M223184]카페인수화물/[M241017]무수물카페인/[M040616]말레인산클로르페니라민/[M050213]말레인산덱스클로르페니라민/[M051529]클로르페니라민/[M082701]디엘말레인산클로르페니라민/[M083325]디말레인산클로르페니라민/[M099959]말레인산클로로페니라민/[M100018]말레산클로르페니라민/[M100476]디말레인산클로르페니라민/[M101581]디엘말레인산클로르페니라민/[M200471]말레인산클로르페니라민제피과립/[M202197]D-말레인산클로르페니라민/[M202204]DL-말레인산클로르페니라민/[M203913]클로르페니라민말레인산염/[M212847]클로르페니라민말레이트/[M223211]클로르페니라민말레산염/[M223212]d-클로르페니라민말레산염/[M223213]클로르페니라민말레산염 산/[M223214]클로르페니라민말레산염 정/[M223215]클로르페니라민말레산염 주사액/[M226783]dl-클로르페니라민말레산염/[M249715]덱스클로르페니라민 말레산염/[M251936]덱스클로르페니라민말레이트/[M223258]티아민염산염/[M223262]티아민질산염/[M243282]티아민질산염3배산","[01140]해열.진통.소염제","","4,000밀리그램",20180831,"아세트아미노펜으로서 4,000mg/day(모든제형, 단일제.복합제 포함)","","정상"
3862,"용량주의","복합",D000147,Acetaminophen,"아세트아미노펜","[D001000]Licorice(감초)/[D001125]Platycodonis Radix(길경)/[D001101]Riboflavin(리보플라빈)/[D001116]Methylephedrine(메틸에페드린)/[D000852]Caffeine(카페인)/[D000893]Chlorpheniramine(클로르페니라민)/[D000981]Cloperastine(클로페라스틴)/[D000998]Thiamine(티아민)","[M040353]아세트아미노펜/[M082309]아세트아미노펜제피세립/[M233006]아세트아미노펜 DC 500/600/[M246556]아세트아미노펜 (미분화)/[M262287]아세트아미노펜 과립/[A006000]감초/[M040006]감초/[M070009]감초가루/[C040048]길경/[C070085]길경추출액/[C070086]길경유동엑스/[C082634]길경가루/[C082657]길경건조엑스/[C082674]길경엑스/[C082950]길경건조엑스말/[C083122]길경33ㆍ3%에탄올엑스/[C084557]길경45%에탄올엑스가루/[C084832]길경엑스산/[C086044]길경연조엑스/[C086047]길경근/[C095008]길경30%에탄올연조엑스/[C100979]길경50%에탄올건조엑스(10->1)/[C101406]길경엑스산(10→1)/[C403069]길경추출물/[I006474]길경/[M040048]길경/[M070085]길경추출액/[M070086]길경유동엑스/[M082634]길경가루/[M082657]길경건조엑스/[M082674]길경엑스/[M082950]길경건조엑스말/[M083122]길경33ㆍ3%에탄올엑스/[M084557]길경45%에탄올엑스가루/[M084832]길경엑스산/[M086044]길경연조엑스/[M095008]길경30%에탄올연조엑스/[M100979]길경50%에탄올건조엑스(10->1)/[M101406]길경엑스산(10→1)/[M103013]길경엑스(3ㆍ7→1)/[M103895]길경건조엑스(3.7→1)/[M104031]길경엑스(4→1)/[M104077]길경엑스(10→1)/[M104359]길경건조엑스(10:1)/[M104415]길경33.3%에탄올엑스(4:1)/[M105015]길경45%에탄올엑스가루(10:1)/[M106069]길경33.3%에탄올유동엑스(4→1)/[M200164]길경건조엑스가루/[M200165]길경엑스가루/[M211323]길경건조엑스(10->1)/[M217082]길경엑스산(10 ->1)/[M221344]길경 30% 에탄올 유동엑스(1:1)/[M232676]길경엑스 (3.7→1)/[M238263]길경50%에탄올건조엑스(10→1)/[M242406]길경 유동엑스/[M243217]길경탕연조엑스/[M250128]길경농축엑기스/[M251012]길경33.3%에탄올유동엑스(4-1)/[M258076]길경33.3%에탄올유동엑스(4->1)/[M258823]길경농축엑스/[M261226]길경연조엑스(2.3∼2.8→1)
/[M262500]길경연조엑스(2.3~2.8→1)/[M263491]길경50%에탄올엑스산(10→1)/[M263888]길경연조엑스(1.2~1.4→1)/[M263904]길경30%에탄올유동엑스(1:1)/[M264018]길경엑스산(3.7→1)/[M264375]길경연조엑스(1.8~2.2→1)/[M264641]길경연조엑스(2.6→1)/[M266592]길경연조엑스(2.3~2.9→1)/[M266996]길경연조엑스(2.2∼2.7→1)/[M267307]길경연조엑스(2.1~2.5→1)/[M268063]길경연조엑스(2.3∼2.8→1)/[M268240]길경추출분말/[C040133]리보플라빈/[C040512]인산리보플라빈나트륨/[C050367]테트라부티르산리보플라빈/[C050368]인산리보플라빈/[C050369]리보플라빈-5-인산나트륨/[C081186]리보플라빈33 1/3%/[C082711]리보플라빈낙산에스텔/[C082719]리보플라빈331/3%산/[C083052]리보플라빈98%DC/[C083101]낙산리보플라빈/[C083163]리보플라빈98%/[C083404]리보플라빈33 1/3%과립/[C084424]염산리보플라빈나트륨/[C085688]직탁용리보플라빈98%/[C089984]리보플라빈인산나트륨/[C090982]리보플라빈산나트륨/[C091022]리보플라빈98%과립/[C091383]리보플라빈25%과립/[C092484]부티르산리보플라빈/[C100456]리보플라빈3배산/[C100480]인산리보플라빈나트륨이수화물/[C101969]리보플라빈E101/[C202525]리보플라빈/[C401176]리보플라빈/[C407713]소듐리보플라빈포스페이트/[C409503]리보플라빈테트라부티레이트/[C422825]리보플라빈/[C422826]리보플라빈테트라부티레이트/[C422827]리보플라빈테트라아세테이트/[C425375]소듐리보플라빈포스페이트/[I003529]리보플라빈/[I003530]리보플라빈포스페이트나트륨/[I006525]리보플라빈부티레이트/[I007430]인산리보플라빈/[I007658]인산리보플라빈나트륨이수화물/[I007907]리보플라빈산나트륨/[M040133]리보플라빈/[M040512]인산리보플라빈나트륨/[M050367]테트라부티르산리보플라빈/[M050368]인산리보플라빈/[M050369]리보플라빈-5-인산나트륨/[M081186]리보플라빈33 1/3%/[M082711]리보플라빈낙산에스텔/[M082719]리보플라빈33 1/3%산/[M083052]리보플라빈98%DC/[M083101]낙산리보플라빈/[M083163]리보플라빈98%/[M083404]리보플라빈33 1/3%과립/[M085688]직탁용리보플라빈98%/[M090982]리보플라빈산나트륨/[M091022]리보플라빈98%과립/[M091383]리보플라빈25%과립/[M092484]부티르산리보플라빈/[M100456]리보플라빈3배산/[M100480]인산리보플라빈나트륨이수화물/[M101969]리보플라빈E101/[M200421]리보플라빈33ㆍ3%/[M200422]리보플라빈33ㆍ3%과립/[M200423]리보플라빈33ㆍ3%산/[M203723]인산리보플라빈소듐/[M206124]조리보플라빈/[M216041]리보플라빈3배산(리보플라빈으로서 5밀리그램)/[M216399]리보플라빈 3배산(리보플라빈으로서 0.84밀리그램)/[M217503]리보플라빈인산에스텔나트륨/[M218021]안산리보플라빈나트륨/[M222995]리보플라빈부티레이트/[M222996]리보플라빈포스페이트나트륨/[M222997]리보플라빈포스페이트나트륨 주사액/[M232651]제피리보플라빈/[M249967]리보플라빈부틸레이트/[M249982]리보플라빈나트륨포스페이트/[A006116]메틸에페드린/[I006391]dl-메틸에페드린염산염/[M204422]dl-메틸에페드린염산염/[M223022]dl-메틸에페드린염산염 산 10%/[M235519]디엘메틸에페드린염산염/[M240608]dI-메틸에페드린염산염/[M240859]디엘-메틸에페드린염산염/[M252389]㎗-메틸에페드린염산염/[M264046]DL-메틸에페드린염산염/[M040579]카페인(함수)/[M040580]무수카페인/[M090611]카페인/[M223183]카페인무수물/[M223184]카페인수화물/[M241017]무수물카페인/[M040616]말레인산클로르페니라민/[M050213]말레인산덱스클로르페니라민/[M051529]클로르페니라민/[M082701]디엘말레인산클로르페니라민/[M083325]디말레인산클로르페니라민/[M099959]말레인산클로로페니라민/[M100018]말레산클로르페니라민/[M100476]디말레인산클로르페니라민/[M101581]디엘말레인산클로르페니라민/[M200471]말레인산클로르페니라민제피과립/[M202197]D-말레인산클로르페니라민/[M202204]DL-말레인산클로르페니라민/[M203913]클로르페니라민말레인산염/[M212847]클로르페니라민말레이트/[M223211]클로르페니라민말레산염/[M223212]d-클로르페니라민말레산염/[M223213]클로르페니라민말레산염 산/[M223214]클로르페니라민말레산염 정/[M223215]클로르페니라민말레산염 주사액/[M226783]dl-클로르페니라민말레산염/[M249715]덱스클로르페니라민 말레산염/[M251936]덱스클로르페니라민말레이트/[M051546]염산클로페라스틴/[M051547]펜디조산클로페라스틴/[M222890]클로페라스틴염산염/[M223258]티아민염산염/[M223262]티아민질산염/[M243282]티아민질산염3배산","[01140]해열.진통.소염제","","4,000밀리그램",20180831,"아세트아미노펜으로서 4,000mg/day(모든제형, 단일제.복합제 포함)","","정상"
3874,"용량주의","복합",D000147,Acetaminophen,"아세트아미노펜","[D001000]Licorice(감초)/[D000493]Guaifenesin(구아이페네신)/[D001125]Platycodonis Radix(길경)/[D000200]Dextromethorphan(덱스트로메토르판)/[D001101]Riboflavin(리보플라빈)/[D001116]Methylephedrine(메틸에페드린)/[D000852]Caffeine(카페인)/[D000893]Chlorpheniramine(클로르페니라민)/[D000998]Thiamine(티아민)","[M040353]아세트아미노펜/[M082309]아세트아미노펜제피세립/[M233006]아세트아미노펜 DC 500/600/[M246556]아세트아미노펜 (미분화)/[M262287]아세트아미노펜 과립/[A006000]감초/[M040006]감초/[M070009]감초가루/[M050058]구아이페네신/[C040048]길경/[C070085]길경추출액/[C070086]길경유동엑스/[C082634]길경가루/[C082657]길경건조엑스/[C082674]길경엑스/[C082950]길경건조엑스말/[C083122]길경33ㆍ3%에탄올엑스/[C084557]길경45%에탄올엑스가루/[C084832]길경엑스산/[C086044]길경연조엑스/[C086047]길경근/[C095008]길경30%에탄올연조엑스/[C100979]길경50%에탄올건조엑스(10->1)/[C101406]길경엑스산(10→1)/[C403069]길경추출물/[I006474]길경/[M040048]길경/[M070085]길경추출액/[M070086]길경유동엑스/[M082634]길경가루/[M082657]길경건조엑스/[M082674]길경엑스/[M082950]길경건조엑스말/[M083122]길경33ㆍ3%에탄올엑스/[M084557]길경45%에탄올엑스가루/[M084832]길경엑스산/[M086044]길경연조엑스/[M095008]길경30%에탄올연조엑스/[M100979]길경50%에탄올건조엑스(10->1)/[M101406]길경엑스산(10→1)/[M103013]길경엑스(3ㆍ7→1)/[M103895]길경건조엑스(3.7→1)/[M104031]길경엑스(4→1)/[M104077]길경엑스(10→1)/[M104359]길경건조엑스(10:1)/[M104415]길경33.3%에탄올엑스(4:1)/[M105015]길경45%에탄올엑스가루(10:1)/[M106069]길경33.3%에탄올유동엑스(4→1)/[M200164]길경건조엑스가루/[M200165]길경엑스가루/[M211323]길경건조엑스(10->1)/[M217082]길경엑스산(10 ->1)/[M221344]길경 30% 에탄올 유동엑스(1:1)/[M232676]길경엑스 (3.7→1)/[M238263]길경50%에탄올건조엑스(10→1)/[M242406]길경 유동엑스/[M243217]길경탕연조엑스/[M250128]길경농축엑기스/[M251012]길경33.3%에탄올유동엑스(4-1)/[M258076]길경33.3%에탄올유동엑스(4->1)/[M258823]길경농축엑스/[M261226]길경연조엑스(2.3∼2.8→1)
/[M262500]길경연조엑스(2.3~2.8→1)/[M263491]길경50%에탄올엑스산(10→1)/[M263888]길경연조엑스(1.2~1.4→1)/[M263904]길경30%에탄올유동엑스(1:1)/[M264018]길경엑스산(3.7→1)/[M264375]길경연조엑스(1.8~2.2→1)/[M264641]길경연조엑스(2.6→1)/[M266592]길경연조엑스(2.3~2.9→1)/[M266996]길경연조엑스(2.2∼2.7→1)/[M267307]길경연조엑스(2.1~2.5→1)/[M268063]길경연조엑스(2.3∼2.8→1)/[M268240]길경추출분말/[M040084]브롬화수소산덱스트로메토르판/[M202983]덱스트로메토르판브롬화수소산염/[M222957]덱스트로메토르판브롬화수소산염수화물/[C040133]리보플라빈/[C040512]인산리보플라빈나트륨/[C050367]테트라부티르산리보플라빈/[C050368]인산리보플라빈/[C050369]리보플라빈-5-인산나트륨/[C081186]리보플라빈33 1/3%/[C082711]리보플라빈낙산에스텔/[C082719]리보플라빈331/3%산/[C083052]리보플라빈98%DC/[C083101]낙산리보플라빈/[C083163]리보플라빈98%/[C083404]리보플라빈33 1/3%과립/[C084424]염산리보플라빈나트륨/[C085688]직탁용리보플라빈98%/[C089984]리보플라빈인산나트륨/[C090982]리보플라빈산나트륨/[C091022]리보플라빈98%과립/[C091383]리보플라빈25%과립/[C092484]부티르산리보플라빈/[C100456]리보플라빈3배산/[C100480]인산리보플라빈나트륨이수화물/[C101969]리보플라빈E101/[C202525]리보플라빈/[C401176]리보플라빈/[C407713]소듐리보플라빈포스페이트/[C409503]리보플라빈테트라부티레이트/[C422825]리보플라빈/[C422826]리보플라빈테트라부티레이트/[C422827]리보플라빈테트라아세테이트/[C425375]소듐리보플라빈포스페이트/[I003529]리보플라빈/[I003530]리보플라빈포스페이트나트륨/[I006525]리보플라빈부티레이트/[I007430]인산리보플라빈/[I007658]인산리보플라빈나트륨이수화물/[I007907]리보플라빈산나트륨/[M040133]리보플라빈/[M040512]인산리보플라빈나트륨/[M050367]테트라부티르산리보플라빈/[M050368]인산리보플라빈/[M050369]리보플라빈-5-인산나트륨/[M081186]리보플라빈33 1/3%/[M082711]리보플라빈낙산에스텔/[M082719]리보플라빈33 1/3%산/[M083052]리보플라빈98%DC/[M083101]낙산리보플라빈/[M083163]리보플라빈98%/[M083404]리보플라빈33 1/3%과립/[M085688]직탁용리보플라빈98%/[M090982]리보플라빈산나트륨/[M091022]리보플라빈98%과립/[M091383]리보플라빈25%과립/[M092484]부티르산리보플라빈/[M100456]리보플라빈3배산/[M100480]인산리보플라빈나트륨이수화물/[M101969]리보플라빈E101/[M200421]리보플라빈33ㆍ3%/[M200422]리보플라빈33ㆍ3%과립/[M200423]리보플라빈33ㆍ3%산/[M203723]인산리보플라빈소듐/[M206124]조리보플라빈/[M216041]리보플라빈3배산(리보플라빈으로서 5밀리그램)/[M216399]리보플라빈 3배산(리보플라빈으로서 0.84밀리그램)/[M217503]리보플라빈인산에스텔나트륨/[M218021]안산리보플라빈나트륨/[M222995]리보플라빈부티레이트/[M222996]리보플라빈포스페이트나트륨/[M222997]리보플라빈포스페이트나트륨 주사액/[M232651]제피리보플라빈/[M249967]리보플라빈부틸레이트/[M249982]리보플라빈나트륨포스페이트/[A006116]메틸에페드린/[I006391]dl-메틸에페드린염산염/[M204422]dl-메틸에페드린염산염/[M223022]dl-메틸에페드린염산염 산 10%/[M235519]디엘메틸에페드린염산염/[M240608]dI-메틸에페드린염산염/[M240859]디엘-메틸에페드린염산염/[M252389]㎗-메틸에페드린염산염/[M264046]DL-메틸에페드린염산염/[M040579]카페인(함수)/[M040580]무수카페인/[M090611]카페인/[M223183]카페인무수물/[M223184]카페인수화물/[M241017]무수물카페인/[M040616]말레인산클로르페니라민/[M050213]말레인산덱스클로르페니라민/[M051529]클로르페니라민/[M082701]디엘말레인산클로르페니라민/[M083325]디말레인산클로르페니라민/[M099959]말레인산클로로페니라민/[M100018]말레산클로르페니라민/[M100476]디말레인산클로르페니라민/[M101581]디엘말레인산클로르페니라민/[M200471]말레인산클로르페니라민제피과립/[M202197]D-말레인산클로르페니라민/[M202204]DL-말레인산클로르페니라민/[M203913]클로르페니라민말레인산염/[M212847]클로르페니라민말레이트/[M223211]클로르페니라민말레산염/[M223212]d-클로르페니라민말레산염/[M223213]클로르페니라민말레산염 산/[M223214]클로르페니라민말레산염 정/[M223215]클로르페니라민말레산염 주사액/[M226783]dl-클로르페니라민말레산염/[M249715]덱스클로르페니라민 말레산염/[M251936]덱스클로르페니라민말레이트/[M223258]티아민염산염/[M223262]티아민질산염/[M243282]티아민질산염3배산","[01140]해열.진통.소염제","","4,000밀리그램",20180831,"아세트아미노펜으로서 4,000mg/day(모든제형, 단일제.복합제 포함)","","정상"
3884,"용량주의","복합",D000147,Acetaminophen,"아세트아미노펜","[D001000]Licorice(감초)/[D001134]Oryzae Semen(갱미)/[D001122]Jujube(대추)/[D001135]Liripis Tuber(맥문동)/[D001136]Pinelliae Tuber(반하)/[D001137]Ginseng Radix(인삼)/[D000933]Tipepidine(티페피딘)","[M040353]아세트아미노펜/[M082309]아세트아미노펜제피세립/[M233006]아세트아미노펜 DC 500/600/[M246556]아세트아미노펜 (미분화)/[M262287]아세트아미노펜 과립/[A006000]감초/[M040006]감초/[M070009]감초가루/[C070017]갱미/[I008121]갱미/[M070017]갱미/[C040071]대추/[I006323]대추/[M040071]대추/[M262512]대추연조엑스(1.5∼1.9→1)/[M266238]대추건조엑스(2.5~3.1→1)/[M266249]대추연조엑스(1.2~1.4→1)/[C040139]맥문동/[C083522]맥문동유동엑스/[C088602]맥문동탕연조엑스/[C089553]맥문동엑스산/[C315503]맥문동뿌리/[C325414]맥문동추출물/[C403961]맥문동추출물/[I006344]맥문동/[M040139]맥문동/[M083522]맥문동유동엑스/[M084697]맥문동30%에탄올유동엑스/[M088602]맥문동탕연조엑스/[M089553]맥문동엑스산/[M200485]맥문동엑스가루/[M218971]맥문동탕건조엑스/[M227974]맥문동탕 연조엑스(3.33→1)/[M239145]맥문동탕연조엑스(7.1→1)/[M261590]맥문동탕연조엑스(2.7→1)/[M261815]맥문동탕건조엑스(5.3→1)/[M262806]맥문동연조엑스(1.3~1.6→
1)/[M266952]맥문동연조엑스(3.2∼3.9→1)/[M266956]맥문동연조엑스(3.2∼3.9→1)/[M268383]맥문동연조엑스(2.7∼3.3→1)/[C040202]반하/[C085292]반하제/[C088555]반하가루/[C089568]반하엑스산/[C095269]반하곡/[C097468]반하추출물/[C404222]반하뿌리추출물/[C423750]반하뿌리추출물/[I006469]반하/[M040202]반하/[M085292]반하제/[M088555]반하가루/[M089568]반하엑스산/[M106444]반하분/[M200651]반하엑스가루/[M261234]반하연조엑스(1.8∼2.2→1)
/[M262508]반하연조엑스(1.8~2.2→1)/[M262708]반하건조엑스(5.9~7.3→1)
/[M263878]반하연조엑스(2.5∼3.4→1)/[M264383]반하연조엑스(2.0~2.4→1)/[M264501]반하연조엑스(0.72→1)/[M266234]반하건조엑스(5.9~7.3→1)/[M266486]반하건조엑스(5.8~7.1)→1/[M266588]반하연조엑스(0.6~0.8→1)/[M267314]반하연조엑스(1.9~2.3→1)/[M268061] 반하연조엑스(0.7~0.8→1)/[M268073]반하연조엑스(0.7~0.8→1)/[C050584]인삼25%에탄올유동엑스/[C051292]인삼총사포닌/[C061119]인삼30%에탄올건조엑스/[C070029]건조인삼엑스/[C070042]고려인삼건조엑스/[C071030]인삼유동엑스/[C071033]인삼엑스/[C080835]인삼건조엑스/[C080884]인삼엑스ㆍG115/[C082665]고려인삼유동엑스/[C084441]인삼추출액/[C084884]인삼30%에탄올엑스/[C084901]인삼70%에탄올유동엑스/[C084962]인삼엑스산/[C085109]인삼50%에탄올엑스/[C085318]인삼70%에탄올건조엑스/[C085782]인삼묽은에탄올건조엑스(7:1)/[C086724]인삼35%에탄올건조엑스/[C088213]인삼50%에탄올유동엑스/[C088361]인삼류엑스/[C089977]인삼90%에탄올엑스/[C090113]인삼30%에탄올유동엑스/[C090137]인삼70%메탄올엑스/[C090803]인삼추출물/[C090854]인삼50%에탄올연조엑스/[C091784]인삼가루/[C091856]인삼70%에탄올엑스/[C092512]인삼15%에탄올엑스/[C097100]인삼근추출물/[C098674]인삼추출물/물/[C099966]인삼양영탕연조엑스/[C100019]인삼50%에탄올건조엑스/[C100862]인삼연조엑스(6ㆍ7→1)/[C200894]인삼수/[C200895]인삼추출물/[C405998]인삼가루/[C406000]인삼배양액 추출물/[C406001]인삼분열조직세포배양액/[C406002]인삼/[C406003]인삼수/[C406004]인삼싹추출물/[C406009]인삼추출물/[C428850]인삼/[C428851]인삼가루/[C428853]인삼배양액 추출물/[C428856]인삼세포배양추출물/[C428857]인삼수/[C428866]인삼추출물/[C438004]인삼형성층세포배양추출물/[C438005]인삼분열조직세포/[C438006]인삼분열조직세포추출물/[C438655]인삼싹추출물/[C438656]인삼분열조직세포배양물/[C438660]인삼잎/뿌리/줄기추출물/[C442019]인삼추출물(35)/[I001699]인삼/[I008730]인삼총사포닌/[M040213]인삼/[M050584]인삼25%에탄올유동엑스/[M051291]인삼/[M061119]인삼30%에탄올건조엑스/[M070029]건조인삼엑스/[M071030]인삼유동엑스/[M071033]인삼엑스/[M080417]인삼건조엑스-에이/[M080835]인삼건조엑스/[M080884]인삼엑스ㆍG115/[M082106]인삼유동엑스/[M082665]고려인삼유동엑스/[M082761]인삼가루/[M082773]인삼건조엑스/[M084441]인삼추출액/[M084631]인삼묽은에탄올엑스/[M084800]인삼50%에탄올추출액/[M084809]인삼30%에탄올엑스/[M084814]인삼70%에탄올유동엑스/[M084884]인삼30%에탄올엑스/[M085109]인삼50%에탄올엑스/[M085287]인삼35%에탄올유동엑스/[M085318]인삼70%에탄올건조엑스/[M085334]인삼40%에탄올유동엑스/[M085782]인삼묽은에탄올건조엑스(7:1)/[M086540]인삼70%에탄올건조엑스/[M086724]인삼35%에탄올건조엑스/[M088361]인삼류엑스/[M089262]인삼연조엑스-A/[M089783]인삼90%에탄올엑스/[M089977]인삼90%에탄올엑스/[M090113]인삼30%에탄올유동엑스/[M090137]인삼70%메탄올엑스/[M091856]인삼70%에탄올엑스/[M092070]인삼패독산엑스/[M092512]인삼15%에탄올엑스/[M092892]인삼엑스G115/[M095307]인삼에탄올엑스/[M100019]인삼50%에탄올건조엑스/[M100862]인삼연조엑스(6ㆍ7→1)/[M102340]인삼건조엑스(2ㆍ94→1)/[M103357]인삼건조엑스(6ㆍ7→1)/[M103441]인삼30%에탄올엑스(6ㆍ7→1)/[M103522]인삼30%에탄올엑스산(1ㆍ2→1)/[M103858]인삼70%에탄올건조엑스(14.5→1)/[M105460]인삼건조엑스(14.5→1)/[M105557]인삼70%에탄올유동엑스(3→1)/[M105602]인삼50%에탄올엑스(6.7:1)/[M106440]건인삼/[M106441]생인삼/[M106646]인삼30%에탄올엑스(14.99:1)/[M201506]인삼묽은엑스/[M201507]인삼엑스가루/[M206628]인삼70%에탄올연조엑스(2.5→1)/[M209618]인삼추출물/[M211705]인삼70%에탄올연조엑스(2.5->1)/[M211843]인삼엑기스/[M213221]인삼건조엑스(2→1)/[M220312]인삼건조엑스(6.7→1)/[M225655]인삼35%에탄올건조엑스(14.9→1)/[M242098]인삼80%에탄올건조엑스(5→1)/[M245267]인삼 30% 에탄올연조엑스(7→1)/[M245625]인삼40%에탄올엑스/[M246368]인삼건조엑스(6.7->1)/[M249553]인삼50%에탄올연조엑스(2.2→1)/[M252511]인삼묽은에탄올엑스(10→1.5)/[M256216]인삼총사포닌/[M257951]인삼에탄올건조엑스(14.5→1)/[M262144]인삼35%에탄올건조엑스(14.9->1)/[M262516]인삼연조엑스/[M262520]인삼연조엑스(3.3~4.9→1)
/[M262526]인삼연조엑스
(3.3~4.9→1)
/[M262714]인삼연조엑스(3.3∼4.9→1)/[M262725]인삼연조엑스(2.2~2.7→1)
/[M268394]인삼엑스산 등/[M268617]인삼뿌리추출물/[M051662]구연산티페피딘/[M051663]히벤즈산티페피딘/[M223274]티페피딘히벤즈산염 정/[M254445]티페피딘시트르산염","[01140]해열.진통.소염제","","4,000밀리그램",20180831,"아세트아미노펜으로서 4,000mg/day(모든제형, 단일제.복합제 포함)","","정상"
3886,"용량주의","복합",D000147,Acetaminophen,"아세트아미노펜","[D001000]Licorice(감초)/[D001134]Oryzae Semen(갱미)/[D001122]Jujube(대추)/[D001135]Liripis Tuber(맥문동)/[D001116]Methylephedrine(메틸에페드린)/[D001136]Pinelliae Tuber(반하)/[D001137]Ginseng Radix(인삼)/[D000933]Tipepidine(티페피딘)","[M040353]아세트아미노펜/[M082309]아세트아미노펜제피세립/[M233006]아세트아미노펜 DC 500/600/[M246556]아세트아미노펜 (미분화)/[M262287]아세트아미노펜 과립/[A006000]감초/[M040006]감초/[M070009]감초가루/[C070017]갱미/[I008121]갱미/[M070017]갱미/[C040071]대추/[I006323]대추/[M040071]대추/[M262512]대추연조엑스(1.5∼1.9→1)/[M266238]대추건조엑스(2.5~3.1→1)/[M266249]대추연조엑스(1.2~1.4→1)/[C040139]맥문동/[C083522]맥문동유동엑스/[C088602]맥문동탕연조엑스/[C089553]맥문동엑스산/[C315503]맥문동뿌리/[C325414]맥문동추출물/[C403961]맥문동추출물/[I006344]맥문동/[M040139]맥문동/[M083522]맥문동유동엑스/[M084697]맥문동30%에탄올유동엑스/[M088602]맥문동탕연조엑스/[M089553]맥문동엑스산/[M200485]맥문동엑스가루/[M218971]맥문동탕건조엑스/[M227974]맥문동탕 연조엑스(3.33→1)/[M239145]맥문동탕연조엑스(7.1→1)/[M261590]맥문동탕연조엑스(2.7→1)/[M261815]맥문동탕건조엑스(5.3→1)/[M262806]맥문동연조엑스(1.3~1.6→
1)/[M266952]맥문동연조엑스(3.2∼3.9→1)/[M266956]맥문동연조엑스(3.2∼3.9→1)/[M268383]맥문동연조엑스(2.7∼3.3→1)/[A006116]메틸에페드린/[I006391]dl-메틸에페드린염산염/[M204422]dl-메틸에페드린염산염/[M223022]dl-메틸에페드린염산염 산 10%/[M235519]디엘메틸에페드린염산염/[M240608]dI-메틸에페드린염산염/[M240859]디엘-메틸에페드린염산염/[M252389]㎗-메틸에페드린염산염/[M264046]DL-메틸에페드린염산염/[C040202]반하/[C085292]반하제/[C088555]반하가루/[C089568]반하엑스산/[C095269]반하곡/[C097468]반하추출물/[C404222]반하뿌리추출물/[C423750]반하뿌리추출물/[I006469]반하/[M040202]반하/[M085292]반하제/[M088555]반하가루/[M089568]반하엑스산/[M106444]반하분/[M200651]반하엑스가루/[M261234]반하연조엑스(1.8∼2.2→1)
/[M262508]반하연조엑스(1.8~2.2→1)/[M262708]반하건조엑스(5.9~7.3→1)
/[M263878]반하연조엑스(2.5∼3.4→1)/[M264383]반하연조엑스(2.0~2.4→1)/[M264501]반하연조엑스(0.72→1)/[M266234]반하건조엑스(5.9~7.3→1)/[M266486]반하건조엑스(5.8~7.1)→1/[M266588]반하연조엑스(0.6~0.8→1)/[M267314]반하연조엑스(1.9~2.3→1)/[M268061] 반하연조엑스(0.7~0.8→1)/[M268073]반하연조엑스(0.7~0.8→1)/[C050584]인삼25%에탄올유동엑스/[C051292]인삼총사포닌/[C061119]인삼30%에탄올건조엑스/[C070029]건조인삼엑스/[C070042]고려인삼건조엑스/[C071030]인삼유동엑스/[C071033]인삼엑스/[C080835]인삼건조엑스/[C080884]인삼엑스ㆍG115/[C082665]고려인삼유동엑스/[C084441]인삼추출액/[C084884]인삼30%에탄올엑스/[C084901]인삼70%에탄올유동엑스/[C084962]인삼엑스산/[C085109]인삼50%에탄올엑스/[C085318]인삼70%에탄올건조엑스/[C085782]인삼묽은에탄올건조엑스(7:1)/[C086724]인삼35%에탄올건조엑스/[C088213]인삼50%에탄올유동엑스/[C088361]인삼류엑스/[C089977]인삼90%에탄올엑스/[C090113]인삼30%에탄올유동엑스/[C090137]인삼70%메탄올엑스/[C090803]인삼추출물/[C090854]인삼50%에탄올연조엑스/[C091784]인삼가루/[C091856]인삼70%에탄올엑스/[C092512]인삼15%에탄올엑스/[C097100]인삼근추출물/[C098674]인삼추출물/물/[C099966]인삼양영탕연조엑스/[C100019]인삼50%에탄올건조엑스/[C100862]인삼연조엑스(6ㆍ7→1)/[C200894]인삼수/[C200895]인삼추출물/[C405998]인삼가루/[C406000]인삼배양액 추출물/[C406001]인삼분열조직세포배양액/[C406002]인삼/[C406003]인삼수/[C406004]인삼싹추출물/[C406009]인삼추출물/[C428850]인삼/[C428851]인삼가루/[C428853]인삼배양액 추출물/[C428856]인삼세포배양추출물/[C428857]인삼수/[C428866]인삼추출물/[C438004]인삼형성층세포배양추출물/[C438005]인삼분열조직세포/[C438006]인삼분열조직세포추출물/[C438655]인삼싹추출물/[C438656]인삼분열조직세포배양물/[C438660]인삼잎/뿌리/줄기추출물/[C442019]인삼추출물(35)/[I001699]인삼/[I008730]인삼총사포닌/[M040213]인삼/[M050584]인삼25%에탄올유동엑스/[M051291]인삼/[M061119]인삼30%에탄올건조엑스/[M070029]건조인삼엑스/[M071030]인삼유동엑스/[M071033]인삼엑스/[M080417]인삼건조엑스-에이/[M080835]인삼건조엑스/[M080884]인삼엑스ㆍG115/[M082106]인삼유동엑스/[M082665]고려인삼유동엑스/[M082761]인삼가루/[M082773]인삼건조엑스/[M084441]인삼추출액/[M084631]인삼묽은에탄올엑스/[M084800]인삼50%에탄올추출액/[M084809]인삼30%에탄올엑스/[M084814]인삼70%에탄올유동엑스/[M084884]인삼30%에탄올엑스/[M085109]인삼50%에탄올엑스/[M085287]인삼35%에탄올유동엑스/[M085318]인삼70%에탄올건조엑스/[M085334]인삼40%에탄올유동엑스/[M085782]인삼묽은에탄올건조엑스(7:1)/[M086540]인삼70%에탄올건조엑스/[M086724]인삼35%에탄올건조엑스/[M088361]인삼류엑스/[M089262]인삼연조엑스-A/[M089783]인삼90%에탄올엑스/[M089977]인삼90%에탄올엑스/[M090113]인삼30%에탄올유동엑스/[M090137]인삼70%메탄올엑스/[M091856]인삼70%에탄올엑스/[M092070]인삼패독산엑스/[M092512]인삼15%에탄올엑스/[M092892]인삼엑스G115/[M095307]인삼에탄올엑스/[M100019]인삼50%에탄올건조엑스/[M100862]인삼연조엑스(6ㆍ7→1)/[M102340]인삼건조엑스(2ㆍ94→1)/[M103357]인삼건조엑스(6ㆍ7→1)/[M103441]인삼30%에탄올엑스(6ㆍ7→1)/[M103522]인삼30%에탄올엑스산(1ㆍ2→1)/[M103858]인삼70%에탄올건조엑스(14.5→1)/[M105460]인삼건조엑스(14.5→1)/[M105557]인삼70%에탄올유동엑스(3→1)/[M105602]인삼50%에탄올엑스(6.7:1)/[M106440]건인삼/[M106441]생인삼/[M106646]인삼30%에탄올엑스(14.99:1)/[M201506]인삼묽은엑스/[M201507]인삼엑스가루/[M206628]인삼70%에탄올연조엑스(2.5→1)/[M209618]인삼추출물/[M211705]인삼70%에탄올연조엑스(2.5->1)/[M211843]인삼엑기스/[M213221]인삼건조엑스(2→1)/[M220312]인삼건조엑스(6.7→1)/[M225655]인삼35%에탄올건조엑스(14.9→1)/[M242098]인삼80%에탄올건조엑스(5→1)/[M245267]인삼 30% 에탄올연조엑스(7→1)/[M245625]인삼40%에탄올엑스/[M246368]인삼건조엑스(6.7->1)/[M249553]인삼50%에탄올연조엑스(2.2→1)/[M252511]인삼묽은에탄올엑스(10→1.5)/[M256216]인삼총사포닌/[M257951]인삼에탄올건조엑스(14.5→1)/[M262144]인삼35%에탄올건조엑스(14.9->1)/[M262516]인삼연조엑스/[M262520]인삼연조엑스(3.3~4.9→1)
/[M262526]인삼연조엑스
(3.3~4.9→1)
/[M262714]인삼연조엑스(3.3∼4.9→1)/[M262725]인삼연조엑스(2.2~2.7→1)
/[M268394]인삼엑스산 등/[M268617]인삼뿌리추출물/[M051662]구연산티페피딘/[M051663]히벤즈산티페피딘/[M223274]티페피딘히벤즈산염 정/[M254445]티페피딘시트르산염","[01140]해열.진통.소염제","","4,000밀리그램",20180831,"아세트아미노펜으로서 4,000mg/day(모든제형, 단일제.복합제 포함)","","정상"
3888,"용량주의","복합",D000147,Acetaminophen,"아세트아미노펜","[D001000]Licorice(감초)/[D001121]Dried Ginger(건강)/[D001116]Methylephedrine(메틸에페드린)/[D001141]Perilla Herb(소엽)/[D000847]Ethenzamide(에텐자미드)/[D001142]Citrus Unshiu Peel(진피)/[D000852]Caffeine(카페인)/[D000893]Chlorpheniramine(클로르페니라민)/[D001143]Cyperus Rhizome(향부자)","[M040353]아세트아미노펜/[M082309]아세트아미노펜제피세립/[M233006]아세트아미노펜 DC 500/600/[M246556]아세트아미노펜 (미분화)/[M262287]아세트아미노펜 과립/[A006000]감초/[M040006]감초/[M070009]감초가루/[C040007]건강/[C070022]건강조말/[C070030]건강틴크/[C082104]건강유동엑스/[C082517]건강가루/[C083050]건강엑스/[C084830]건강70%에탄올유동엑스/[C085146]건강70%에탄올틴크/[C085483]건강30%에탄올유동엑스/[C089572]건강엑스산/[C091939]건강연조엑스/[C093695]건강묽은에탄올틴크/[C096526]건강건조엑스/[C101460]건강70%에탄올틴크(1→5)/[I001696]건강/[M040007]건강/[M070030]건강틴크/[M082104]건강유동엑스/[M082517]건강가루/[M083050]건강엑스/[M085146]건강70%에탄올틴크/[M085483]건강30%에탄올유동엑스/[M091939]건강연조엑스/[M093373]포건강/[M093695]건강묽은에탄올틴크/[M095865]건강엑스가루/[M101460]건강70%에탄올틴크(1→5)/[M103252]건강건조엑스(5ㆍ6→1)/[M104354]건강틴크(1→5)/[M227892]건강70%에탄올틴크(1->5)/[M239738]건강건조엑스/[M246445]건강초탄/[M249865]건강틴크
(1→5)/[M250885]건강건조엑스(5.6→1)/[M251645]건강초탄/[M254336]건강초탄/[M260577]건강초탄/[M261229]건강연조엑스(1.5∼1.8→1)
/[M262503]건강연조엑스(1.5~1.8→1)/[M262727]건강연조엑스(2.2~2.7→1)
/[M264378]건강연조엑스(1.7~2.0→1)/[M264508]건강연조엑스(3.23→1)/[M266087]건강건조엑스(6.5~7.9→1)/[M266876]건강연조엑스(2.9~3.6→1)/[M267309]건강연조엑스(1.6~2.0→1)/[A006116]메틸에페드린/[I006391]dl-메틸에페드린염산염/[M204422]dl-메틸에페드린염산염/[M223022]dl-메틸에페드린염산염 산 10%/[M235519]디엘메틸에페드린염산염/[M240608]dI-메틸에페드린염산염/[M240859]디엘-메틸에페드린염산염/[M252389]㎗-메틸에페드린염산염/[M264046]DL-메틸에페드린염산염/[C040301]소엽/[C051301]자소엽/[C089577]소엽엑스산/[C406046]자소엽수/[C406047]자소엽추출물/[C406048]소엽추출물/[C425933]소엽잎추출물/[C425934]소엽추출물/[I006449]자소엽/[M040301]소엽/[M051301]자소엽/[M089623]자소엽엑스산/[M201008]소엽엑스가루/[M220245]자소엽추출물/[M259292]소엽엑스/[M259808]자소엽엑스/[M260527]자소엽엑스(2)/[M260789]자소엽허브추출물(1)/[M260797]자소엽추출물(2)/[M266237]자소엽건조엑스(9.1 ~ 11.1→ 1)/[M266240]자소엽건조엑스(9.1~11.1→1)/[M266586]자소엽연조엑스(2.6~3.2→1)/[M267550]자소엽연조엑스(5.3∼6.5→1)/[M268278]자소엽연조엑스(3.4~4.2→1)/[M268325]자소엽연조엑스(2.7~3.3→1)/[M268353]자소엽건조엑스(7.8~9.5→1)/[M040417]에텐자미드/[M095771]에덴자미드/[C040538]진피/[C070542]진피30%에탄올연조엑스(5:1)/[C082099]진피엑스/[C082860]진피연조엑스/[C084931]진피40%에탄올엑스/[C084933]진피70%에탄올틴크/[C084944]진피가루/[C086811]진피건조엑스/[C089506]진피엑스산/[C098637]진피추출물/글리세린/정제수/[C101459]진피70%에탄올틴크(1→5)/[C101807]진피(헤스페리딘으로서1ㆍ33밀리그람)/[I006157]진피(陳皮)/[I009557]진피(秦皮)/[M040538]진피/[M070542]진피30%에탄올연조엑스(5:1)/[M082099]진피엑스/[M082860]진피연조엑스/[M084931]진피40%에탄올엑스/[M084933]진피70%에탄올틴크/[M084944]진피가루/[M086811]진피건조엑스/[M089506]진피엑스산/[M101459]진피70%에탄올틴크(1→5)/[M101807]진피(헤스페리딘으로서1ㆍ33밀리그람)/[M102560]진피연조엑스(5→1)/[M103925]진피건조엑스(5.0→1)/[M104356]진피엑스(5→1)/[M105886]진피30%에탄올연조엑스/[M107313]진피40%에탄올엑스(5:1)/[M201658]진피엑스가루/[M239322]진피30%에탄올연조엑스(5->1)/[M244967]진피추출물/[M244970]진피추출물/[M244973]진피추출물/[M244976]진피추출물/[M245266]진피 30%에탄올연조엑스(5→1)/[M252013]진피(秦皮)/[M252641]진피70%에탄올틴크(1->5)/[M252649]진피엑스(5:1)/[M253084]진피(秦皮)/[M254026]진피(귤껍질)추출물/[M254322]진피(秦皮)/[M254478]진피(秦皮)/[M261224]진피연조엑스(1.7∼2.1→1)
/[M261584]진피(秦皮)/[M262498]진피연조엑스(1.7~2.1→1)/[M262523]진피연조엑스(1.4~1.7→1)
/[M262712]진피건조엑스(4.5~5.6→1)
/[M262718]진피연조엑스(1.4∼1.7→1)/[M264373]진피연조엑스(1.7~2.1→1)/[M264503]진피연조엑스(2.5→1)/[M266243]진피연조엑스(1.9∼2.3→1)/[M266530]진피30%에탄올연조엑스(5→1)-Ⅱ/[M266591]진피연조엑스(2.3~2.8→1)/[M267552]진피연조엑스(2.6~3.2→1)/[M040579]카페인(함수)/[M040580]무수카페인/[M090611]카페인/[M223183]카페인무수물/[M223184]카페인수화물/[M241017]무수물카페인/[M040616]말레인산클로르페니라민/[M050213]말레인산덱스클로르페니라민/[M051529]클로르페니라민/[M082701]디엘말레인산클로르페니라민/[M083325]디말레인산클로르페니라민/[M099959]말레인산클로로페니라민/[M100018]말레산클로르페니라민/[M100476]디말레인산클로르페니라민/[M101581]디엘말레인산클로르페니라민/[M200471]말레인산클로르페니라민제피과립/[M202197]D-말레인산클로르페니라민/[M202204]DL-말레인산클로르페니라민/[M203913]클로르페니라민말레인산염/[M212847]클로르페니라민말레이트/[M223211]클로르페니라민말레산염/[M223212]d-클로르페니라민말레산염/[M223213]클로르페니라민말레산염 산/[M223214]클로르페니라민말레산염 정/[M223215]클로르페니라민말레산염 주사액/[M226783]dl-클로르페니라민말레산염/[M249715]덱스클로르페니라민 말레산염/[M251936]덱스클로르페니라민말레이트/[C040228]향부자/[C083007]향부자가루/[C089589]향부자엑스산/[C407455]향부자추출물/[C434303]향부자추출물/[I006185]향부자/[M040228]향부자/[M083007]향부자가루/[M089589]향부자엑스산/[M202091]향부자엑스가루/[M266982]향부자연조엑스(1.5~1.8→1)/[M268167]향부자/당귀/인진호/애엽/[M268319]향부자연조엑스(2.8~3.5→1)","[01140]해열.진통.소염제","","4,000밀리그램",20180831,"아세트아미노펜으로서 4,000mg/day(모든제형, 단일제.복합제 포함)","","정상"
3889,"용량주의","복합",D000147,Acetaminophen,"아세트아미노펜","[D001000]Licorice(감초)/[D001138]Cinnamon (bark)(계피)/[D000493]Guaifenesin(구아이페네신)/[D001125]Platycodonis Radix(길경)/[D001101]Riboflavin(리보플라빈)/[D000448]Pseudoephedrine(슈도에페드린)/[D000893]Chlorpheniramine(클로르페니라민)/[D000981]Cloperastine(클로페라스틴)/[D000998]Thiamine(티아민)","[M040353]아세트아미노펜/[M082309]아세트아미노펜제피세립/[M233006]아세트아미노펜 DC 500/600/[M246556]아세트아미노펜 (미분화)/[M262287]아세트아미노펜 과립/[A006000]감초/[M040006]감초/[M070009]감초가루/[M083049]계피엑스/[M085164]계피엣센스/[M089678]계피엑스산/[M096525]계피건조엑스/[M101461]계피70%에탄올틴크(1→5)/[M050058]구아이페네신/[C040048]길경/[C070085]길경추출액/[C070086]길경유동엑스/[C082634]길경가루/[C082657]길경건조엑스/[C082674]길경엑스/[C082950]길경건조엑스말/[C083122]길경33ㆍ3%에탄올엑스/[C084557]길경45%에탄올엑스가루/[C084832]길경엑스산/[C086044]길경연조엑스/[C086047]길경근/[C095008]길경30%에탄올연조엑스/[C100979]길경50%에탄올건조엑스(10->1)/[C101406]길경엑스산(10→1)/[C403069]길경추출물/[I006474]길경/[M040048]길경/[M070085]길경추출액/[M070086]길경유동엑스/[M082634]길경가루/[M082657]길경건조엑스/[M082674]길경엑스/[M082950]길경건조엑스말/[M083122]길경33ㆍ3%에탄올엑스/[M084557]길경45%에탄올엑스가루/[M084832]길경엑스산/[M086044]길경연조엑스/[M095008]길경30%에탄올연조엑스/[M100979]길경50%에탄올건조엑스(10->1)/[M101406]길경엑스산(10→1)/[M103013]길경엑스(3ㆍ7→1)/[M103895]길경건조엑스(3.7→1)/[M104031]길경엑스(4→1)/[M104077]길경엑스(10→1)/[M104359]길경건조엑스(10:1)/[M104415]길경33.3%에탄올엑스(4:1)/[M105015]길경45%에탄올엑스가루(10:1)/[M106069]길경33.3%에탄올유동엑스(4→1)/[M200164]길경건조엑스가루/[M200165]길경엑스가루/[M211323]길경건조엑스(10->1)/[M217082]길경엑스산(10 ->1)/[M221344]길경 30% 에탄올 유동엑스(1:1)/[M232676]길경엑스 (3.7→1)/[M238263]길경50%에탄올건조엑스(10→1)/[M242406]길경 유동엑스/[M243217]길경탕연조엑스/[M250128]길경농축엑기스/[M251012]길경33.3%에탄올유동엑스(4-1)/[M258076]길경33.3%에탄올유동엑스(4->1)/[M258823]길경농축엑스/[M261226]길경연조엑스(2.3∼2.8→1)
/[M262500]길경연조엑스(2.3~2.8→1)/[M263491]길경50%에탄올엑스산(10→1)/[M263888]길경연조엑스(1.2~1.4→1)/[M263904]길경30%에탄올유동엑스(1:1)/[M264018]길경엑스산(3.7→1)/[M264375]길경연조엑스(1.8~2.2→1)/[M264641]길경연조엑스(2.6→1)/[M266592]길경연조엑스(2.3~2.9→1)/[M266996]길경연조엑스(2.2∼2.7→1)/[M267307]길경연조엑스(2.1~2.5→1)/[M268063]길경연조엑스(2.3∼2.8→1)/[M268240]길경추출분말/[C040133]리보플라빈/[C040512]인산리보플라빈나트륨/[C050367]테트라부티르산리보플라빈/[C050368]인산리보플라빈/[C050369]리보플라빈-5-인산나트륨/[C081186]리보플라빈33 1/3%/[C082711]리보플라빈낙산에스텔/[C082719]리보플라빈331/3%산/[C083052]리보플라빈98%DC/[C083101]낙산리보플라빈/[C083163]리보플라빈98%/[C083404]리보플라빈33 1/3%과립/[C084424]염산리보플라빈나트륨/[C085688]직탁용리보플라빈98%/[C089984]리보플라빈인산나트륨/[C090982]리보플라빈산나트륨/[C091022]리보플라빈98%과립/[C091383]리보플라빈25%과립/[C092484]부티르산리보플라빈/[C100456]리보플라빈3배산/[C100480]인산리보플라빈나트륨이수화물/[C101969]리보플라빈E101/[C202525]리보플라빈/[C401176]리보플라빈/[C407713]소듐리보플라빈포스페이트/[C409503]리보플라빈테트라부티레이트/[C422825]리보플라빈/[C422826]리보플라빈테트라부티레이트/[C422827]리보플라빈테트라아세테이트/[C425375]소듐리보플라빈포스페이트/[I003529]리보플라빈/[I003530]리보플라빈포스페이트나트륨/[I006525]리보플라빈부티레이트/[I007430]인산리보플라빈/[I007658]인산리보플라빈나트륨이수화물/[I007907]리보플라빈산나트륨/[M040133]리보플라빈/[M040512]인산리보플라빈나트륨/[M050367]테트라부티르산리보플라빈/[M050368]인산리보플라빈/[M050369]리보플라빈-5-인산나트륨/[M081186]리보플라빈33 1/3%/[M082711]리보플라빈낙산에스텔/[M082719]리보플라빈33 1/3%산/[M083052]리보플라빈98%DC/[M083101]낙산리보플라빈/[M083163]리보플라빈98%/[M083404]리보플라빈33 1/3%과립/[M085688]직탁용리보플라빈98%/[M090982]리보플라빈산나트륨/[M091022]리보플라빈98%과립/[M091383]리보플라빈25%과립/[M092484]부티르산리보플라빈/[M100456]리보플라빈3배산/[M100480]인산리보플라빈나트륨이수화물/[M101969]리보플라빈E101/[M200421]리보플라빈33ㆍ3%/[M200422]리보플라빈33ㆍ3%과립/[M200423]리보플라빈33ㆍ3%산/[M203723]인산리보플라빈소듐/[M206124]조리보플라빈/[M216041]리보플라빈3배산(리보플라빈으로서 5밀리그램)/[M216399]리보플라빈 3배산(리보플라빈으로서 0.84밀리그램)/[M217503]리보플라빈인산에스텔나트륨/[M218021]안산리보플라빈나트륨/[M222995]리보플라빈부티레이트/[M222996]리보플라빈포스페이트나트륨/[M222997]리보플라빈포스페이트나트륨 주사액/[M232651]제피리보플라빈/[M249967]리보플라빈부틸레이트/[M249982]리보플라빈나트륨포스페이트/[M050833]염산슈도에페드린/[M081720]황산슈도에페드린/[M203364]슈도에페드린염산염/[M222865]수도에페드린염산염/[M248579]수도에페드린황산염/[M256034]수도에페드린염산염 과립/[M258826]수도에페드린/[M040616]말레인산클로르페니라민/[M050213]말레인산덱스클로르페니라민/[M051529]클로르페니라민/[M082701]디엘말레인산클로르페니라민/[M083325]디말레인산클로르페니라민/[M099959]말레인산클로로페니라민/[M100018]말레산클로르페니라민/[M100476]디말레인산클로르페니라민/[M101581]디엘말레인산클로르페니라민/[M200471]말레인산클로르페니라민제피과립/[M202197]D-말레인산클로르페니라민/[M202204]DL-말레인산클로르페니라민/[M203913]클로르페니라민말레인산염/[M212847]클로르페니라민말레이트/[M223211]클로르페니라민말레산염/[M223212]d-클로르페니라민말레산염/[M223213]클로르페니라민말레산염 산/[M223214]클로르페니라민말레산염 정/[M223215]클로르페니라민말레산염 주사액/[M226783]dl-클로르페니라민말레산염/[M249715]덱스클로르페니라민 말레산염/[M251936]덱스클로르페니라민말레이트/[M051546]염산클로페라스틴/[M051547]펜디조산클로페라스틴/[M222890]클로페라스틴염산염/[M223258]티아민염산염/[M223262]티아민질산염/[M243282]티아민질산염3배산","[01140]해열.진통.소염제","","4,000밀리그램",20180831,"아세트아미노펜으로서 4,000mg/day(모든제형, 단일제.복합제 포함)","","정상"
3890,"용량주의","복합",D000147,Acetaminophen,"아세트아미노펜","[D001000]Licorice(감초)/[D000493]Guaifenesin(구아이페네신)/[D001125]Platycodonis Radix(길경)/[D000200]Dextromethorphan(덱스트로메토르판)/[D001101]Riboflavin(리보플라빈)/[D001116]Methylephedrine(메틸에페드린)/[D000852]Caffeine(카페인)/[D000893]Chlorpheniramine(클로르페니라민)/[D000998]Thiamine(티아민)","[M040353]아세트아미노펜/[M082309]아세트아미노펜제피세립/[M233006]아세트아미노펜 DC 500/600/[M246556]아세트아미노펜 (미분화)/[M262287]아세트아미노펜 과립/[A006000]감초/[M040006]감초/[M070009]감초가루/[M050058]구아이페네신/[C040048]길경/[C070085]길경추출액/[C070086]길경유동엑스/[C082634]길경가루/[C082657]길경건조엑스/[C082674]길경엑스/[C082950]길경건조엑스말/[C083122]길경33ㆍ3%에탄올엑스/[C084557]길경45%에탄올엑스가루/[C084832]길경엑스산/[C086044]길경연조엑스/[C086047]길경근/[C095008]길경30%에탄올연조엑스/[C100979]길경50%에탄올건조엑스(10->1)/[C101406]길경엑스산(10→1)/[C403069]길경추출물/[I006474]길경/[M040048]길경/[M070085]길경추출액/[M070086]길경유동엑스/[M082634]길경가루/[M082657]길경건조엑스/[M082674]길경엑스/[M082950]길경건조엑스말/[M083122]길경33ㆍ3%에탄올엑스/[M084557]길경45%에탄올엑스가루/[M084832]길경엑스산/[M086044]길경연조엑스/[M095008]길경30%에탄올연조엑스/[M100979]길경50%에탄올건조엑스(10->1)/[M101406]길경엑스산(10→1)/[M103013]길경엑스(3ㆍ7→1)/[M103895]길경건조엑스(3.7→1)/[M104031]길경엑스(4→1)/[M104077]길경엑스(10→1)/[M104359]길경건조엑스(10:1)/[M104415]길경33.3%에탄올엑스(4:1)/[M105015]길경45%에탄올엑스가루(10:1)/[M106069]길경33.3%에탄올유동엑스(4→1)/[M200164]길경건조엑스가루/[M200165]길경엑스가루/[M211323]길경건조엑스(10->1)/[M217082]길경엑스산(10 ->1)/[M221344]길경 30% 에탄올 유동엑스(1:1)/[M232676]길경엑스 (3.7→1)/[M238263]길경50%에탄올건조엑스(10→1)/[M242406]길경 유동엑스/[M243217]길경탕연조엑스/[M250128]길경농축엑기스/[M251012]길경33.3%에탄올유동엑스(4-1)/[M258076]길경33.3%에탄올유동엑스(4->1)/[M258823]길경농축엑스/[M261226]길경연조엑스(2.3∼2.8→1)
/[M262500]길경연조엑스(2.3~2.8→1)/[M263491]길경50%에탄올엑스산(10→1)/[M263888]길경연조엑스(1.2~1.4→1)/[M263904]길경30%에탄올유동엑스(1:1)/[M264018]길경엑스산(3.7→1)/[M264375]길경연조엑스(1.8~2.2→1)/[M264641]길경연조엑스(2.6→1)/[M266592]길경연조엑스(2.3~2.9→1)/[M266996]길경연조엑스(2.2∼2.7→1)/[M267307]길경연조엑스(2.1~2.5→1)/[M268063]길경연조엑스(2.3∼2.8→1)/[M268240]길경추출분말/[M040084]브롬화수소산덱스트로메토르판/[M202983]덱스트로메토르판브롬화수소산염/[M222957]덱스트로메토르판브롬화수소산염수화물/[C040133]리보플라빈/[C040512]인산리보플라빈나트륨/[C050367]테트라부티르산리보플라빈/[C050368]인산리보플라빈/[C050369]리보플라빈-5-인산나트륨/[C081186]리보플라빈33 1/3%/[C082711]리보플라빈낙산에스텔/[C082719]리보플라빈331/3%산/[C083052]리보플라빈98%DC/[C083101]낙산리보플라빈/[C083163]리보플라빈98%/[C083404]리보플라빈33 1/3%과립/[C084424]염산리보플라빈나트륨/[C085688]직탁용리보플라빈98%/[C089984]리보플라빈인산나트륨/[C090982]리보플라빈산나트륨/[C091022]리보플라빈98%과립/[C091383]리보플라빈25%과립/[C092484]부티르산리보플라빈/[C100456]리보플라빈3배산/[C100480]인산리보플라빈나트륨이수화물/[C101969]리보플라빈E101/[C202525]리보플라빈/[C401176]리보플라빈/[C407713]소듐리보플라빈포스페이트/[C409503]리보플라빈테트라부티레이트/[C422825]리보플라빈/[C422826]리보플라빈테트라부티레이트/[C422827]리보플라빈테트라아세테이트/[C425375]소듐리보플라빈포스페이트/[I003529]리보플라빈/[I003530]리보플라빈포스페이트나트륨/[I006525]리보플라빈부티레이트/[I007430]인산리보플라빈/[I007658]인산리보플라빈나트륨이수화물/[I007907]리보플라빈산나트륨/[M040133]리보플라빈/[M040512]인산리보플라빈나트륨/[M050367]테트라부티르산리보플라빈/[M050368]인산리보플라빈/[M050369]리보플라빈-5-인산나트륨/[M081186]리보플라빈33 1/3%/[M082711]리보플라빈낙산에스텔/[M082719]리보플라빈33 1/3%산/[M083052]리보플라빈98%DC/[M083101]낙산리보플라빈/[M083163]리보플라빈98%/[M083404]리보플라빈33 1/3%과립/[M085688]직탁용리보플라빈98%/[M090982]리보플라빈산나트륨/[M091022]리보플라빈98%과립/[M091383]리보플라빈25%과립/[M092484]부티르산리보플라빈/[M100456]리보플라빈3배산/[M100480]인산리보플라빈나트륨이수화물/[M101969]리보플라빈E101/[M200421]리보플라빈33ㆍ3%/[M200422]리보플라빈33ㆍ3%과립/[M200423]리보플라빈33ㆍ3%산/[M203723]인산리보플라빈소듐/[M206124]조리보플라빈/[M216041]리보플라빈3배산(리보플라빈으로서 5밀리그램)/[M216399]리보플라빈 3배산(리보플라빈으로서 0.84밀리그램)/[M217503]리보플라빈인산에스텔나트륨/[M218021]안산리보플라빈나트륨/[M222995]리보플라빈부티레이트/[M222996]리보플라빈포스페이트나트륨/[M222997]리보플라빈포스페이트나트륨 주사액/[M232651]제피리보플라빈/[M249967]리보플라빈부틸레이트/[M249982]리보플라빈나트륨포스페이트/[A006116]메틸에페드린/[I006391]dl-메틸에페드린염산염/[M204422]dl-메틸에페드린염산염/[M223022]dl-메틸에페드린염산염 산 10%/[M235519]디엘메틸에페드린염산염/[M240608]dI-메틸에페드린염산염/[M240859]디엘-메틸에페드린염산염/[M252389]㎗-메틸에페드린염산염/[M264046]DL-메틸에페드린염산염/[M040579]카페인(함수)/[M040580]무수카페인/[M090611]카페인/[M223183]카페인무수물/[M223184]카페인수화물/[M241017]무수물카페인/[M040616]말레인산클로르페니라민/[M050213]말레인산덱스클로르페니라민/[M051529]클로르페니라민/[M082701]디엘말레인산클로르페니라민/[M083325]디말레인산클로르페니라민/[M099959]말레인산클로로페니라민/[M100018]말레산클로르페니라민/[M100476]디말레인산클로르페니라민/[M101581]디엘말레인산클로르페니라민/[M200471]말레인산클로르페니라민제피과립/[M202197]D-말레인산클로르페니라민/[M202204]DL-말레인산클로르페니라민/[M203913]클로르페니라민말레인산염/[M212847]클로르페니라민말레이트/[M223211]클로르페니라민말레산염/[M223212]d-클로르페니라민말레산염/[M223213]클로르페니라민말레산염 산/[M223214]클로르페니라민말레산염 정/[M223215]클로르페니라민말레산염 주사액/[M226783]dl-클로르페니라민말레산염/[M249715]덱스클로르페니라민 말레산염/[M251936]덱스클로르페니라민말레이트/[M223258]티아민염산염/[M223262]티아민질산염/[M243282]티아민질산염3배산","[01140]해열.진통.소염제","","4,000밀리그램",20180831,"아세트아미노펜으로서 4,000mg/day(모든제형, 단일제.복합제 포함)","","정상"
4193,"용량주의","복합",D001262,Dimenhydrinate,"디멘히드리네이트","[D001148]sodium bicarbonate(탄산수소나트륨)","[A000183]디멘히드리네이트/[C040631]탄산수소나트륨/[C096332]탄산수소나트륨수용액/[I003757]탄산수소나트륨/[M040631]탄산수소나트륨/[M091817]중탄산수소나트륨/[M096332]탄산수소나트륨수용액/[M104138]포화탄산수소나트륨/[M104658]5%탄산수소나트륨/[M206247]무균탄산수소나트륨/[M206711]탄산수소나트륨(중조)/[M207094]탄산수소나트륨/[M215774]5%탄산수소나트륨수용액/[M230823]탄산수소나트륨액/[M250011]탄산수소나트륨주사액/[M253779]탄산수소나트륨(제3법)","[02350]최토제, 진토제","정제","디멘히드리네이트 75밀리그램/탄산수소나트륨 600밀리그램",20190621,"디멘히드리네이트 75mg, 탄산수소나트륨 600mg","복합제","정상"
4197,"용량주의","복합",D001262,Dimenhydrinate,"디멘히드리네이트","[D001262]Dimenhydrinate(디멘히드리네이트)/[D001266]Anhydrous Caffeine(카페인무수물)/[D001268]Chlorpheniramine maleate(클로르페니라민말레산염)/[D001265]Pyridoxine Hydrochloride(피리독신염산염)/[D001264]Scopolamine Hydrobromide Hydrate(스코폴라민브롬화수소산염수화물)","[A000183]디멘히드리네이트/[M223183]카페인무수물/[M223211]클로르페니라민말레산염/[M204304]피리독신염산염/[M223081]스코폴라민브롬화수소산염수화물","[02350]최토제, 진토제","액제","디멘히드리네이트 66밀리그램",20190621,"디멘히드리네이트 66mg, 카페인무수물 60mg, 클로르페니라민말레산염 1.36mg, 니코틴산아미드 8.8mg, 피리독신염산염 8.8mg, 스코폴라민브롬화수소산염수화물 0.5mg","복합제","정상"
4204,"용량주의","복합",D001269,"Meclizine hydrochloride hydrate","메클리진 염산염수화물","[D001266]Anhydrous Caffeine(카페인무수물)/[D000893]Chlorpheniramine(클로르페니라민)","[M223008]메클리진염산염수화물/[M223183]카페인무수물/[M040616]말레인산클로르페니라민/[M050213]말레인산덱스클로르페니라민/[M051529]클로르페니라민/[M082701]디엘말레인산클로르페니라민/[M083325]디말레인산클로르페니라민/[M099959]말레인산클로로페니라민/[M100018]말레산클로르페니라민/[M100476]디말레인산클로르페니라민/[M101581]디엘말레인산클로르페니라민/[M200471]말레인산클로르페니라민제피과립/[M202197]D-말레인산클로르페니라민/[M202204]DL-말레인산클로르페니라민/[M203913]클로르페니라민말레인산염/[M212847]클로르페니라민말레이트/[M223211]클로르페니라민말레산염/[M223212]d-클로르페니라민말레산염/[M223213]클로르페니라민말레산염 산/[M223214]클로르페니라민말레산염 정/[M223215]클로르페니라민말레산염 주사액/[M226783]dl-클로르페니라민말레산염/[M249715]덱스클로르페니라민 말레산염/[M251936]덱스클로르페니라민말레이트","[02350]최토제, 진토제","경구용액제","메클리진염산염수화물 75밀리그램",20190621,"메클리진염산염수화물 75mg,  카페인무수물 75mg,  클로르페니라민말레산염 6mg,  피리독신염산염 30mg","복합제","정상"
4240,"용량주의","복합",D000826,Triprolidine,"트리프롤리딘","[D000448]Pseudoephedrine(슈도에페드린)/[D000200]Dextromethorphan(덱스트로메토르판)","[M051642]염산트리프롤리딘/[M241782]트리프롤리딘염산염/[M243192]트리프롤리딘염산염/[M243987]트리프롤리딘염산염/[M244139]트리프롤리딘염산염/[M246366]트리프로리딘염산염/[M250460]트리프롤리딘염산염수화물/[M050833]염산슈도에페드린/[M081720]황산슈도에페드린/[M203364]슈도에페드린염산염/[M222865]수도에페드린염산염/[M248579]수도에페드린황산염/[M256034]수도에페드린염산염 과립/[M258826]수도에페드린/[M040084]브롬화수소산덱스트로메토르판/[M202983]덱스트로메토르판브롬화수소산염/[M222957]덱스트로메토르판브롬화수소산염수화물","[02220]진해거담제","엘릭서제","10밀리그램",20190621,"1일최대용량 : 트리프롤리딘 염산염 10mg,  슈도페드린 염산염 240mg,  덱스트로메토르판 브롬화수소산염80mg","복합제","정상"
5399,"용량주의","복합",D001617,D-Sorbitol,"D-소르비톨","[D000283]L-Methionine(L-메티오닌)/[D001621]Glycine(글리신)/[D001618]L-Lysine Hydrochloride(L-리신염산염)/[D001620]L-Proline(L-프롤린)/[D001622]L-Isoleucine(L-이소류신)/[D001623]L-Tryptophan(L-트리프토판)/[D001624]L-Valine(L-발린)/[D001625]L-Histidine(L-히스티딘)/[D001627]L-Leucine(L-류신)/[D001626]L-Alanine(L-알라닌)/[D001628]Xylitol(자일리톨)/[D001629]L-Threonine(L-트레오닌)/[D001630]L-Arginine(L-아르기닌)/[D001619]L-Phenylalanine(L-페닐알라닌)","[A000606]소르비톨/[M040150]디엘메치오닌/[M090757]메치오닌/[M100637]엘메치오닌/[M100667]디엘메치오닌/[M202206]DL-메치오닌/[M214295]L-메치오닌/[M218567]L-메티오닌/[M223015]DL-메티오닌/[M224258]엘-메티오닌/[A000078]글리신/[M085533]엘글리신/[M088656]글리신/[M272145]글리신1.5W·V%/[M276198]L-글리신/[M277003]아미노산(글리신)/[M222998]L-리신염산염/[M214861]L-프롤린/[M222530]L-이소류신/[M214274]L-트리프토판/[M209360]L-발린/[M215288]L-히스티딘/[M222531]L-류신/[M209366]L-알라닌/[M040624]자일리톨/[M103060]L-트레오닌/[M103077]L-아르기닌/[M204442]L-페닐알라닌","[03250]단백아미노산제제","수액제","D-소르비톨 100그램",20221028,"","D-소르비톨 함유 아미노산 복합제","삭제"
4326,"용량주의","복합",D000147,Acetaminophen,"아세트아미노펜","[D001000]Licorice(감초)/[D000493]Guaifenesin(구아이페네신)/[D001125]Platycodonis Radix(길경)/[D001101]Riboflavin(리보플라빈)/[D001116]Methylephedrine(메틸에페드린)/[D000998]Thiamine(티아민)/[D000933]Tipepidine(티페피딘)","[M040353]아세트아미노펜/[M082309]아세트아미노펜제피세립/[M233006]아세트아미노펜 DC 500/600/[M246556]아세트아미노펜 (미분화)/[M262287]아세트아미노펜 과립/[A006000]감초/[M040006]감초/[M070009]감초가루/[M050058]구아이페네신/[C040048]길경/[C070085]길경추출액/[C070086]길경유동엑스/[C082634]길경가루/[C082657]길경건조엑스/[C082674]길경엑스/[C082950]길경건조엑스말/[C083122]길경33ㆍ3%에탄올엑스/[C084557]길경45%에탄올엑스가루/[C084832]길경엑스산/[C086044]길경연조엑스/[C086047]길경근/[C095008]길경30%에탄올연조엑스/[C100979]길경50%에탄올건조엑스(10->1)/[C101406]길경엑스산(10→1)/[C403069]길경추출물/[I006474]길경/[M040048]길경/[M070085]길경추출액/[M070086]길경유동엑스/[M082634]길경가루/[M082657]길경건조엑스/[M082674]길경엑스/[M082950]길경건조엑스말/[M083122]길경33ㆍ3%에탄올엑스/[M084557]길경45%에탄올엑스가루/[M084832]길경엑스산/[M086044]길경연조엑스/[M095008]길경30%에탄올연조엑스/[M100979]길경50%에탄올건조엑스(10->1)/[M101406]길경엑스산(10→1)/[M103013]길경엑스(3ㆍ7→1)/[M103895]길경건조엑스(3.7→1)/[M104031]길경엑스(4→1)/[M104077]길경엑스(10→1)/[M104359]길경건조엑스(10:1)/[M104415]길경33.3%에탄올엑스(4:1)/[M105015]길경45%에탄올엑스가루(10:1)/[M106069]길경33.3%에탄올유동엑스(4→1)/[M200164]길경건조엑스가루/[M200165]길경엑스가루/[M211323]길경건조엑스(10->1)/[M217082]길경엑스산(10 ->1)/[M221344]길경 30% 에탄올 유동엑스(1:1)/[M232676]길경엑스 (3.7→1)/[M238263]길경50%에탄올건조엑스(10→1)/[M242406]길경 유동엑스/[M243217]길경탕연조엑스/[M250128]길경농축엑기스/[M251012]길경33.3%에탄올유동엑스(4-1)/[M258076]길경33.3%에탄올유동엑스(4->1)/[M258823]길경농축엑스/[M261226]길경연조엑스(2.3∼2.8→1)
/[M262500]길경연조엑스(2.3~2.8→1)/[M263491]길경50%에탄올엑스산(10→1)/[M263888]길경연조엑스(1.2~1.4→1)/[M263904]길경30%에탄올유동엑스(1:1)/[M264018]길경엑스산(3.7→1)/[M264375]길경연조엑스(1.8~2.2→1)/[M264641]길경연조엑스(2.6→1)/[M266592]길경연조엑스(2.3~2.9→1)/[M266996]길경연조엑스(2.2∼2.7→1)/[M267307]길경연조엑스(2.1~2.5→1)/[M268063]길경연조엑스(2.3∼2.8→1)/[M268240]길경추출분말/[C040133]리보플라빈/[C040512]인산리보플라빈나트륨/[C050367]테트라부티르산리보플라빈/[C050368]인산리보플라빈/[C050369]리보플라빈-5-인산나트륨/[C081186]리보플라빈33 1/3%/[C082711]리보플라빈낙산에스텔/[C082719]리보플라빈331/3%산/[C083052]리보플라빈98%DC/[C083101]낙산리보플라빈/[C083163]리보플라빈98%/[C083404]리보플라빈33 1/3%과립/[C084424]염산리보플라빈나트륨/[C085688]직탁용리보플라빈98%/[C089984]리보플라빈인산나트륨/[C090982]리보플라빈산나트륨/[C091022]리보플라빈98%과립/[C091383]리보플라빈25%과립/[C092484]부티르산리보플라빈/[C100456]리보플라빈3배산/[C100480]인산리보플라빈나트륨이수화물/[C101969]리보플라빈E101/[C202525]리보플라빈/[C401176]리보플라빈/[C407713]소듐리보플라빈포스페이트/[C409503]리보플라빈테트라부티레이트/[C422825]리보플라빈/[C422826]리보플라빈테트라부티레이트/[C422827]리보플라빈테트라아세테이트/[C425375]소듐리보플라빈포스페이트/[I003529]리보플라빈/[I003530]리보플라빈포스페이트나트륨/[I006525]리보플라빈부티레이트/[I007430]인산리보플라빈/[I007658]인산리보플라빈나트륨이수화물/[I007907]리보플라빈산나트륨/[M040133]리보플라빈/[M040512]인산리보플라빈나트륨/[M050367]테트라부티르산리보플라빈/[M050368]인산리보플라빈/[M050369]리보플라빈-5-인산나트륨/[M081186]리보플라빈33 1/3%/[M082711]리보플라빈낙산에스텔/[M082719]리보플라빈33 1/3%산/[M083052]리보플라빈98%DC/[M083101]낙산리보플라빈/[M083163]리보플라빈98%/[M083404]리보플라빈33 1/3%과립/[M085688]직탁용리보플라빈98%/[M090982]리보플라빈산나트륨/[M091022]리보플라빈98%과립/[M091383]리보플라빈25%과립/[M092484]부티르산리보플라빈/[M100456]리보플라빈3배산/[M100480]인산리보플라빈나트륨이수화물/[M101969]리보플라빈E101/[M200421]리보플라빈33ㆍ3%/[M200422]리보플라빈33ㆍ3%과립/[M200423]리보플라빈33ㆍ3%산/[M203723]인산리보플라빈소듐/[M206124]조리보플라빈/[M216041]리보플라빈3배산(리보플라빈으로서 5밀리그램)/[M216399]리보플라빈 3배산(리보플라빈으로서 0.84밀리그램)/[M217503]리보플라빈인산에스텔나트륨/[M218021]안산리보플라빈나트륨/[M222995]리보플라빈부티레이트/[M222996]리보플라빈포스페이트나트륨/[M222997]리보플라빈포스페이트나트륨 주사액/[M232651]제피리보플라빈/[M249967]리보플라빈부틸레이트/[M249982]리보플라빈나트륨포스페이트/[A006116]메틸에페드린/[I006391]dl-메틸에페드린염산염/[M204422]dl-메틸에페드린염산염/[M223022]dl-메틸에페드린염산염 산 10%/[M235519]디엘메틸에페드린염산염/[M240608]dI-메틸에페드린염산염/[M240859]디엘-메틸에페드린염산염/[M252389]㎗-메틸에페드린염산염/[M264046]DL-메틸에페드린염산염/[M223258]티아민염산염/[M223262]티아민질산염/[M243282]티아민질산염3배산/[M051662]구연산티페피딘/[M051663]히벤즈산티페피딘/[M223274]티페피딘히벤즈산염 정/[M254445]티페피딘시트르산염","","","4000밀리그램",20180831,"아세트아미노펜으로서 4,000mg/day(모든제형, 단일제.복합제 포함)","","삭제"
5400,"용량주의","복합",D001617,D-Sorbitol,"D-소르비톨","[D000283]L-Methionine(L-메티오닌)/[D001618]L-Lysine Hydrochloride(L-리신염산염)/[D001620]L-Proline(L-프롤린)/[D001631]L-Ornithine·L-Aspartate(L-아스파르트산·L-오르니틴)/[D001622]L-Isoleucine(L-이소류신)/[D001623]L-Tryptophan(L-트리프토판)/[D001624]L-Valine(L-발린)/[D001626]L-Alanine(L-알라닌)/[D001627]L-Leucine(L-류신)/[D001629]L-Threonine(L-트레오닌)/[D001630]L-Arginine(L-아르기닌)/[D001636]L-Histidine Hydrochloride(L-히스티딘염산염)/[D001619]L-Phenylalanine(L-페닐알라닌)/[D001621]Glycine(글리신)/[D001265]Pyridoxine Hydrochloride(피리독신염산염)/[D001519]Nicotinamide(니코틴산아미드)/[D001101]Riboflavin(리보플라빈)","[A000606]소르비톨/[M040150]디엘메치오닌/[M090757]메치오닌/[M100637]엘메치오닌/[M100667]디엘메치오닌/[M202206]DL-메치오닌/[M214295]L-메치오닌/[M218567]L-메티오닌/[M223015]DL-메티오닌/[M224258]엘-메티오닌/[M222998]L-리신염산염/[M214861]L-프롤린/[M271840]L-아스파르트산·L-오르니틴/[M222530]L-이소류신/[M214274]L-트리프토판/[M209360]L-발린/[M209366]L-알라닌/[M222531]L-류신/[M103060]L-트레오닌/[M103077]L-아르기닌/[M202249]L-히스티딘염산염/[M040624]자일리톨/[M204442]L-페닐알라닌/[M215288]L-히스티딘/[A000078]글리신/[M085533]엘글리신/[M088656]글리신/[M272145]글리신1.5W·V%/[M276198]L-글리신/[M277003]아미노산(글리신)/[M204304]피리독신염산염/[A000117]니코틴산아미드/[M040064]니코틴산아미드/[C040133]리보플라빈/[C040512]인산리보플라빈나트륨/[C050367]테트라부티르산리보플라빈/[C050368]인산리보플라빈/[C050369]리보플라빈-5-인산나트륨/[C081186]리보플라빈33 1/3%/[C082711]리보플라빈낙산에스텔/[C082719]리보플라빈331/3%산/[C083052]리보플라빈98%DC/[C083101]낙산리보플라빈/[C083163]리보플라빈98%/[C083404]리보플라빈33 1/3%과립/[C084424]염산리보플라빈나트륨/[C085688]직탁용리보플라빈98%/[C089984]리보플라빈인산나트륨/[C090982]리보플라빈산나트륨/[C091022]리보플라빈98%과립/[C091383]리보플라빈25%과립/[C092484]부티르산리보플라빈/[C100456]리보플라빈3배산/[C100480]인산리보플라빈나트륨이수화물/[C101969]리보플라빈E101/[C202525]리보플라빈/[C401176]리보플라빈/[C407713]소듐리보플라빈포스페이트/[C409503]리보플라빈테트라부티레이트/[C422825]리보플라빈/[C422826]리보플라빈테트라부티레이트/[C422827]리보플라빈테트라아세테이트/[C425375]소듐리보플라빈포스페이트/[I003529]리보플라빈/[I003530]리보플라빈포스페이트나트륨/[I006525]리보플라빈부티레이트/[I007430]인산리보플라빈/[I007658]인산리보플라빈나트륨이수화물/[I007907]리보플라빈산나트륨/[M040133]리보플라빈/[M040512]인산리보플라빈나트륨/[M050367]테트라부티르산리보플라빈/[M050368]인산리보플라빈/[M050369]리보플라빈-5-인산나트륨/[M081186]리보플라빈33 1/3%/[M082711]리보플라빈낙산에스텔/[M082719]리보플라빈33 1/3%산/[M083052]리보플라빈98%DC/[M083101]낙산리보플라빈/[M083163]리보플라빈98%/[M083404]리보플라빈33 1/3%과립/[M085688]직탁용리보플라빈98%/[M090982]리보플라빈산나트륨/[M091022]리보플라빈98%과립/[M091383]리보플라빈25%과립/[M092484]부티르산리보플라빈/[M100456]리보플라빈3배산/[M100480]인산리보플라빈나트륨이수화물/[M101969]리보플라빈E101/[M200421]리보플라빈33ㆍ3%/[M200422]리보플라빈33ㆍ3%과립/[M200423]리보플라빈33ㆍ3%산/[M203723]인산리보플라빈소듐/[M206124]조리보플라빈/[M216041]리보플라빈3배산(리보플라빈으로서 5밀리그램)/[M216399]리보플라빈 3배산(리보플라빈으로서 0.84밀리그램)/[M217503]리보플라빈인산에스텔나트륨/[M218021]안산리보플라빈나트륨/[M222995]리보플라빈부티레이트/[M222996]리보플라빈포스페이트나트륨/[M222997]리보플라빈포스페이트나트륨 주사액/[M232651]제피리보플라빈/[M249967]리보플라빈부틸레이트/[M249982]리보플라빈나트륨포스페이트","[03250]단백아미노산제제","용액주사제","D-소르비톨 100그램",20221028,"","D-소르비톨 함유 아미노산 복합제","삭제"
5402,"용량주의","복합",D001617,D-Sorbitol,"D-소르비톨","[D000283]L-Methionine(L-메티오닌)/[D001634]L-Serine(L-세린)/[D001637]Aspartic Acid(아스파르트산)/[D001638]Glutamic Acid(글루탐산)/[D001618]L-Lysine Hydrochloride(L-리신염산염)/[D001620]L-Proline(L-프롤린)/[D001622]L-Isoleucine(L-이소류신)/[D001623]L-Tryptophan(L-트리프토판)/[D001624]L-Valine(L-발린)/[D001626]L-Alanine(L-알라닌)/[D001627]L-Leucine(L-류신)/[D001639]Tyrosine(티로신)/[D001640]Histidine(히스티딘)/[D001629]L-Threonine(L-트레오닌)/[D001630]L-Arginine(L-아르기닌)/[D001619]L-Phenylalanine(L-페닐알라닌)/[D001628]Xylitol(자일리톨)/[D001641]Ornithine(오르니틴)/[D001621]Glycine(글리신)","[A000606]소르비톨/[M040150]디엘메치오닌/[M090757]메치오닌/[M100637]엘메치오닌/[M100667]디엘메치오닌/[M202206]DL-메치오닌/[M214295]L-메치오닌/[M218567]L-메티오닌/[M223015]DL-메티오닌/[M224258]엘-메티오닌/[M204435]L-세린/[A000732]아스파르트산/[A000071]글루탐산/[M222998]L-리신염산염/[M214861]L-프롤린/[M222530]L-이소류신/[M214274]L-트리프토판/[M209360]L-발린/[M209366]L-알라닌/[M222531]L-류신/[A001214]티로신/[A001469]히스티딘/[M103060]L-트레오닌/[M103077]L-아르기닌/[M040624]자일리톨/[M204442]L-페닐알라닌/[M215288]L-히스티딘/[A000869]오르니틴/[A000078]글리신/[M085533]엘글리신/[M088656]글리신/[M272145]글리신1.5W·V%/[M276198]L-글리신/[M277003]아미노산(글리신)","[03250]단백아미노산제제","수액제","D-소르비톨 100그램",20221028,"","D-소르비톨 함유 아미노산 복합제","삭제"
5403,"용량주의","복합",D001617,D-Sorbitol,"D-소르비톨","[D001633]L-Lysine Malate(L-리신말산염)/[D000283]L-Methionine(L-메티오닌)/[D001634]L-Serine(L-세린)/[D001620]L-Proline(L-프롤린)/[D001631]L-Ornithine·L-Aspartate(L-아스파르트산·L-오르니틴)/[D001622]L-Isoleucine(L-이소류신)/[D001623]L-Tryptophan(L-트리프토판)/[D001624]L-Valine(L-발린)/[D001625]L-Histidine(L-히스티딘)/[D001626]L-Alanine(L-알라닌)/[D001627]L-Leucine(L-류신)/[D001629]L-Threonine(L-트레오닌)/[D001630]L-Arginine(L-아르기닌)/[D001619]L-Phenylalanine(L-페닐알라닌)/[D001638]Glutamic Acid(글루탐산)/[D001621]Glycine(글리신)/[D000915]Acetylcysteine (아세틸시스테인)/[D001628]Xylitol(자일리톨)","[A000606]소르비톨/[M252128]L-리신말산염/[M040150]디엘메치오닌/[M090757]메치오닌/[M100637]엘메치오닌/[M100667]디엘메치오닌/[M202206]DL-메치오닌/[M214295]L-메치오닌/[M218567]L-메티오닌/[M223015]DL-메티오닌/[M224258]엘-메티오닌/[M204435]L-세린/[M214861]L-프롤린/[M271840]L-아스파르트산·L-오르니틴/[M222530]L-이소류신/[M214274]L-트리프토판/[M209360]L-발린/[M215288]L-히스티딘/[M209366]L-알라닌/[M222531]L-류신/[M103060]L-트레오닌/[M103077]L-아르기닌/[M040624]자일리톨/[M204442]L-페닐알라닌/[A000071]글루탐산/[A000078]글리신/[M085533]엘글리신/[M088656]글리신/[M272145]글리신1.5W·V%/[M276198]L-글리신/[M277003]아미노산(글리신)/[M050972]아세틸시스테인","[03250]단백아미노산제제","수액제","D-소르비톨 100그램",20221028,"","D-소르비톨 함유 아미노산 복합제","삭제"
6949,"용량주의","복합",D001825,"Ammonium Glycyrrhizinate","글리시리진산암모늄","[D001621]Glycine(글리신)/[D001826]Cysteine(시스테인)","[A000076]글리시리진산/[A001662]글리시리진산암모늄/[A110127]글리시리진산모노암모늄/[M050096]글리시리진산/[M070100]글리시리진산암모늄/[M272143]글리시리진산모노암모늄/[A000078]글리신/[M085533]엘글리신/[M088656]글리신/[M272145]글리신1.5W·V%/[M276198]L-글리신/[M277003]아미노산(글리신)/[A000663]시스테인/[M050860]시스테인/[M084336]엘시스테인염산염ㆍH2O/[M095429]엘시스테인염산염·H2O/[M100584]시스테인염산염/[M104913]시스테인하이드로클로라이드/[M204437]L-시스테인/[M204438]L-시스테인염산염/[M241210]시스테인에이치씨엘/[M242604]L-시스테인염산염일수화물/[M245944]시스테인염산염일수화물/[M246698]시스테인염산염수화물/[M247176]시스테인염산염무수물/[M251877]L-시스테인염산염수화물","[03920]해독제","용액주사제","‘글리시리진산암모늄/글리신/시스테인’ 해당 제형으로 100밀리리터",20260609,"","","정상"
