TYPE_NAME,MIX_TYPE,INGR_CODE,INGR_ENG_NAME,INGR_KOR_NAME,MIX,ORI,CLASS,MIXTURE_MIX_TYPE,MIXTURE_INGR_CODE,MIXTURE_INGR_ENG_NAME,MIXTURE_INGR_KOR_NAME,MIXTURE_MIX,MIXTURE_ORI,MIXTURE_CLASS,NOTIFICATION_DATE,PROHBT_CONTENT,REMARK,DEL_YN
"병용금기","단일",D000762,Itraconazole,"이트라코나졸","","[M083733]이트라코나졸제피과립/[M083734]이트라코나졸/[M092870]이트라코나졸고체분산체/[M201487]이트라코나졸고체분산/[M201624]제피이트라코나졸과립","[06290]기타의 화학요법제","단일",D000027,Simvastatin,"심바스타틴","","[M089710]심바스타틴","[02180]동맥경화용제",20090303,"횡문근융해증","","정상"
"병용금기","단일",D000762,Itraconazole,"이트라코나졸","","[M083733]이트라코나졸제피과립/[M083734]이트라코나졸/[M092870]이트라코나졸고체분산체/[M201487]이트라코나졸고체분산/[M201624]제피이트라코나졸과립","[06290]기타의 화학요법제","단일",D000592,Triazolam,"트리아졸람","","[I005603]트리아졸람/[M088380]트리아졸람","[01120]최면진정제",20090303,"triazolam 의 약리학적 효과 및 작용(수면유도 및 진정작용 등의 중추신경 억제 효과) 증가","","정상"
"병용금기","단일",D000353,Paroxetine,"파록세틴","","[M050607]염산파록세틴/[M102324]무수염산파록세틴/[M222896]파록세틴염산염수화물/[M234807]파록세틴염산염반수화물","[01170]정신신경용제","단일",D000139,"Selegiline Hydrochloride","셀레길린염산염","","[M222864]셀레길린염산염","[01190]기타의 중추신경용약",20090303,"세로토닌성 증후군(고혈압, 고열, 간대성 근경련, 정신상태 변화 등)","","정상"
"병용금기","단일",D000139,"Selegiline Hydrochloride","셀레길린염산염","","[M222864]셀레길린염산염","[01190]기타의 중추신경용약","단일",D000336,Sertraline,"설트랄린","","[M085340]염산설트랄린/[M251308]설트랄린염산염","[01170]정신신경용제",20090303,"세로토닌성 증후군 (고열, 간대성근경련, 정신상태 변화등)","","정상"
"병용금기","단일",D000660,Alprazolam,"알프라졸람","","[M211313]알프라졸람/[M261118]알프라졸람","[01170]정신신경용제","단일",D000762,Itraconazole,"이트라코나졸","","[M083733]이트라코나졸제피과립/[M083734]이트라코나졸/[M092870]이트라코나졸고체분산체/[M201487]이트라코나졸고체분산/[M201624]제피이트라코나졸과립","[06290]기타의 화학요법제",20090303,"alprazolam의 혈장농도 증가, 수면 및 진정작용 증강 및 연장","","정상"
"병용금기","단일",D000455,Atorvastatin,"아토르바스타틴","","[I004369]아토르바스타틴칼슘수화물/[M093499]아토르바스타틴칼슘/[M213543]무수아토르바스타틴칼슘/[M215219]아토르바스타틴칼슘삼수화물/[M218956]아토르바스타틴삼수화물/[M244955]아토르바스타틴 스트론튬/[M247057]아토르바스타틴칼슘염무수물/[M251687]아토르바스타틴칼슘/[M256664]아토르바스타틴칼슘수화물/[M263837]아토르바스타틴","[02180]동맥경화용제","단일",D000769,Ketoconazole,"케토코나졸","","[M080618]케토코나졸","[02650]기생성 피부질환용제/[06290]기타의 화학요법제/[06410]항원충제",20090303,"근육병증","","정상"
"병용금기","복합",D000747,Ergotamine,"에르고타민","[D001266]Anhydrous Caffeine(카페인무수물)","[M040398]주석산에르고타민/[M223126]에르고타민타르타르산염/[M223183]카페인무수물","[01140]해열.진통.소염제","단일",D000650,Sumatriptan,"수마트립탄","","[M089467]호박산수마트립탄/[M246956]수마트립탄숙신산염","[01140]해열.진통.소염제",20090303,"혈압상승 및 맥각독성(말초혈관수축증가) 위험","","정상"
"병용금기","단일",D000202,Dihydroergotamine,"디히드로에르고타민","","[M086240]디히드로에르고타민메실레이트","[01140]해열.진통.소염제/[02190]기타의 순환계용약","단일",D000628,Roxithromycin,"록시트로마이신","","[M082720]록시스로마이신/[M104917]록시스로마이신제피세립/[M222840]록시트로마이신/[M222994]록시트로마이신/[M243529]제피된 록시트로마이신","[06140]주로 그람양성균, 리케치아, 비루스에 작용하는 것",20090303,"맥각독성(혈관경련, 말단 및 기타조직 허혈)위험증가","","정상"
"병용금기","단일",D000762,Itraconazole,"이트라코나졸","","[M083733]이트라코나졸제피과립/[M083734]이트라코나졸/[M092870]이트라코나졸고체분산체/[M201487]이트라코나졸고체분산/[M201624]제피이트라코나졸과립","[06290]기타의 화학요법제","단일",D000419,Lovastatin,"로바스타틴","","[M083392]로바스타틴","[02180]동맥경화용제",20090303,"횡문근융해증","","정상"
"병용금기","단일",D000769,Ketoconazole,"케토코나졸","","[M080618]케토코나졸","[06290]기타의 화학요법제/[06410]항원충제","단일",D000419,Lovastatin,"로바스타틴","","[M083392]로바스타틴","[02180]동맥경화용제",20090303,"횡문근융해증을 비롯한 근육질환 등 중증 이상반응","","정상"
"병용금기","단일",D000019,Acitretin,"아시트레틴","","[M086538]분무건조아시트레틴25%","[03110]비타민 A 및 D제","단일",D000716,Methotrexate,"메토트렉세이트","","[M040168]메토트렉세이트","[01140]해열.진통.소염제/[04210]항악성종양제",20090303,"간 독성","","정상"
"병용금기","단일",D000660,Alprazolam,"알프라졸람","","[M211313]알프라졸람/[M261118]알프라졸람","[01170]정신신경용제","단일",D000769,Ketoconazole,"케토코나졸","","[M080618]케토코나졸","[02650]기생성 피부질환용제/[06290]기타의 화학요법제/[06410]항원충제",20090303,"alprazolam의 혈장농도 증가, 수면 및 진정작용 증강 및 연장","","정상"
"병용금기","단일",D000540,Buspirone,"부스피론","","[M081980]염산부스피론/[M222852]부스피론염산염","[01170]정신신경용제","단일",D000139,"Selegiline Hydrochloride","셀레길린염산염","","[M222864]셀레길린염산염","[01190]기타의 중추신경용약",20090303,"혈압상승","","정상"
"병용금기","단일",D000373,Clarithromycin,"클래리트로마이신","","[M085725]클래리스로마이신/[M087123]클래리스로마이신코팅입자/[M102127]클래리스로마이신제피과립/[M222887]클래리트로마이신/[M223198]클래리트로마이신/[M245961]클래리트로마이신제피과립/[M256483]클래리트로마이신제피과립(42%)","[06180]주로 그람양성, 음성균에 작용하는 것/[06190]기타의 항생물질제제(복합항생물질제제를 포함)","단일",D000719,Mizolastine,"미졸라스틴","","[M089840]미졸라스틴","[01410]항히스타민제",20090303,"심실부정맥(Torsade de pointes)","","정상"
"병용금기","단일",D000202,Dihydroergotamine,"디히드로에르고타민","","[M086240]디히드로에르고타민메실레이트","[01140]해열.진통.소염제/[02190]기타의 순환계용약","단일",D000650,Sumatriptan,"수마트립탄","","[M089467]호박산수마트립탄/[M246956]수마트립탄숙신산염","[01140]해열.진통.소염제",20090303,"혈압 상승 및 에르고티즘(말초혈관수축 증가, 경련, 사지허혈) 위험 증가","","정상"
"병용금기","단일",D000503,Doxycycline,"독시사이클린","","[M020026]독시사이클린/[M020027]독시사이클린하이클레이트/[M084576]독시사이클린/[M222836]독시사이클린수화물/[M222960]독시사이클린하이클레이트수화물","[02310]치과구강용약/[06150]주로 그람양성, 음성균, 리케치아, 비루스에 작용하는 것","단일",D000758,Isotretinoin,"이소트레티노인","","[M088250]이소트레티노인","[02650]기생성 피부질환용제/[03110]비타민 A 및 D제",20090303,"두개내 고혈압","","정상"
"병용금기","단일",D000255,Altretamine,"알트레타민","","[M094184]알트레타민","[04210]항악성종양제","단일",D000413,Pyridoxine,"피리독신","","[M080913]로코트염산피리독신/[M081199]로코트염산피리독신331/3%/[M084231]염산피리독신33 1/3%/[M092263]염산피리독신98%과립/[M099035]염산피리독신3배산/[M204304]피리독신염산염/[M225043]염산 피리독신/[M227508]피리독신염산염97%과립/[M232652]제피피리독신염산염/[M240075]염산피리독신/[M240090]피리독신염산염 98% 과립/[M241190]피리독신염산염3배산/[M243281]피리독신염산염3배산/[M244825]피리독신염산염3배산/[M251501]피리독신염산염33·1/3%","[03130]비타민 B제(비타민 B1을 제외)",20090303,"피리독신은 신경독성을 현저하게 감소시켰으나 반응기간에는 역효과, 알트레타민의 치료효과 감소","","정상"
"병용금기","단일",D000256,Erythromycin,"에리트로마이신","","[M020095]에리스로마이신/[M020096]락토비온산에리스로마이신/[M020099]에리스로마이신에스톨레이트/[M020201]프로피온산에리스로마이신/[M223129]에리트로마이신/[M223130]에리트로마이신스테아르산염/[M223131]에리트로마이신에스톨산염/[M223132]에리트로마이신에틸숙시네이트/[M251863]에리트로마이신락토비온산염/[M256206]에리트로마이신 장용피입자/[M257644]에리트로마이신스티노프레이트","[06110]주로 그람양성균에 작용하는 것/[06140]주로 그람양성균, 리케치아, 비루스에 작용하는 것/[06150]주로 그람양성, 음성균, 리케치아, 비루스에 작용하는 것","단일",D000719,Mizolastine,"미졸라스틴","","[M089840]미졸라스틴","[01410]항히스타민제",20090303,"QT연장 등","","정상"
"병용금기","단일",D000758,Isotretinoin,"이소트레티노인","","[M088250]이소트레티노인","[02650]기생성 피부질환용제/[03110]비타민 A 및 D제","단일",D000127,Minocycline,"미노사이클린","","[M223036]미노사이클린염산염","[06150]주로 그람양성, 음성균, 리케치아, 비루스에 작용하는 것",20090303,"테트라사이클린 가성뇌종양 보고","","정상"
"병용금기","단일",D000758,Isotretinoin,"이소트레티노인","","[M088250]이소트레티노인","[02650]기생성 피부질환용제/[03110]비타민 A 및 D제","단일",D000064,Tetracycline,"테트라사이클린","","[M223235]테트라사이클린염산염","[02630]화농성질환용제/[06150]주로 그람양성, 음성균, 리케치아, 비루스에 작용하는 것",20090303,"테트라사이클린 가성뇌종양 보고","","정상"
"병용금기","단일",D000758,Isotretinoin,"이소트레티노인","","[M088250]이소트레티노인","[02650]기생성 피부질환용제/[03110]비타민 A 및 D제","단일",D000754,Oxytetracycline,"옥시테트라사이클린","","[M223166]옥시테트라사이클린염산염","[06150]주로 그람양성, 음성균, 리케치아, 비루스에 작용하는 것",20090303,"테트라사이클린 가성뇌종양 보고","","정상"
"병용금기","복합",D000426,Metronidazole,"메트로니다졸","[D000338]Spiramycin(스피라마이신)","[M040170]메트로니다졸/[M020072]스피라마이신","[06190]기타의 항생물질제제(복합항생물질제제를 포함)","단일",D000719,Mizolastine,"미졸라스틴","","[M089840]미졸라스틴","[01410]항히스타민제",20090303,"심실부정맥(Torsade de pointes)","","정상"
"병용금기","단일",D000323,Mirtazapine,"미르타자핀","","[M088893]미르타자핀/[M260571]제피미르타자핀","[01170]정신신경용제","단일",D000139,"Selegiline Hydrochloride","셀레길린염산염","","[M222864]셀레길린염산염","[01190]기타의 중추신경용약",20090303,"구역, 구토, 안면홍조, 어지러움, 진전, 산동, 강직, 발한, 고온증, 심장지표의 빠른 변화, 자율신경계의 불안정, 정신상태의 변화","","정상"
"병용금기","단일",D000719,Mizolastine,"미졸라스틴","","[M089840]미졸라스틴","[01410]항히스타민제","단일",D000628,Roxithromycin,"록시트로마이신","","[M082720]록시스로마이신/[M104917]록시스로마이신제피세립/[M222840]록시트로마이신/[M222994]록시트로마이신/[M243529]제피된 록시트로마이신","[06140]주로 그람양성균, 리케치아, 비루스에 작용하는 것",20090303,"말초혈관경련, 사지허혈, 감각이상등","","정상"
"병용금기","단일",D000259,Amiodarone,"아미오다론","","[A005259]아미오다론","[02120]부정맥용제","단일",D000022,Sotalol,"소타롤","","[A005022]소타롤","[02120]부정맥용제",20090303,"심실부정맥(Torsade de pointes) 위험 증가","","정상"
"병용금기","단일",D000259,Amiodarone,"아미오다론","","[A005259]아미오다론","[02120]부정맥용제","단일",D000256,Erythromycin,"에리트로마이신","","[M020095]에리스로마이신/[M020096]락토비온산에리스로마이신/[M020099]에리스로마이신에스톨레이트/[M020201]프로피온산에리스로마이신/[M223129]에리트로마이신/[M223130]에리트로마이신스테아르산염/[M223131]에리트로마이신에스톨산염/[M223132]에리트로마이신에틸숙시네이트/[M251863]에리트로마이신락토비온산염/[M256206]에리트로마이신 장용피입자/[M257644]에리트로마이신스티노프레이트","[06110]주로 그람양성균에 작용하는 것/[06140]주로 그람양성균, 리케치아, 비루스에 작용하는 것/[06150]주로 그람양성, 음성균, 리케치아, 비루스에 작용하는 것",20090303,"심실부정맥(Torsade de pointes) 위험 증가","","정상"
"병용금기","단일",D000259,Amiodarone,"아미오다론","","[A005259]아미오다론","[02120]부정맥용제","단일",D000513,Pentamidin,"펜타미딘","","[M261497]펜타미딘이세티온산염","[06160]주로 곰팡이, 원충에 작용하는 것",20090303,"심실부정맥(Torsade de pointes) 위험 증가","","정상"
"병용금기","단일",D000452,Aspirin,"아스피린","","[M040355]아스피린/[M040356]아스피린알루미늄/[M071842]아스피린리신/[M081776]아스피린장용과립/[M082548]아스피린제피세립(아세틸살리실산제피세립)/[M084664]아스피린장용피입자/[M089224]주사용아스피린리신90%/[M246086]아스피린제피세립/[M253914]아스피린장용펠렛/[M264065]아스피린과립","[01140]해열.진통.소염제/[02190]기타의 순환계용약","단일",D000716,Methotrexate,"메토트렉세이트","","[M040168]메토트렉세이트","[01140]해열.진통.소염제/[04210]항악성종양제",20090303,"혈액학적 독성","methotrexate (1週에 15mg 이상 투여시)","정상"
"병용금기","단일",D000373,Clarithromycin,"클래리트로마이신","","[M085725]클래리스로마이신/[M087123]클래리스로마이신코팅입자/[M102127]클래리스로마이신제피과립/[M222887]클래리트로마이신/[M223198]클래리트로마이신/[M245961]클래리트로마이신제피과립/[M256483]클래리트로마이신제피과립(42%)","[06180]주로 그람양성, 음성균에 작용하는 것/[06190]기타의 항생물질제제(복합항생물질제제를 포함)","단일",D000213,Pimozide,"피모짓","","[M071691]피모짓","[01170]정신신경용제",20090303,"pimozide의 혈중농도 상승, QT연장","","정상"
"병용금기","단일",D000256,Erythromycin,"에리트로마이신","","[M020095]에리스로마이신/[M020096]락토비온산에리스로마이신/[M020099]에리스로마이신에스톨레이트/[M020201]프로피온산에리스로마이신/[M223129]에리트로마이신/[M223130]에리트로마이신스테아르산염/[M223131]에리트로마이신에스톨산염/[M223132]에리트로마이신에틸숙시네이트/[M251863]에리트로마이신락토비온산염/[M256206]에리트로마이신 장용피입자/[M257644]에리트로마이신스티노프레이트","[06110]주로 그람양성균에 작용하는 것/[06140]주로 그람양성균, 리케치아, 비루스에 작용하는 것/[06150]주로 그람양성, 음성균, 리케치아, 비루스에 작용하는 것","단일",D000213,Pimozide,"피모짓","","[M071691]피모짓","[01170]정신신경용제",20090303,"QT연장 등","","정상"
"병용금기","단일",D000256,Erythromycin,"에리트로마이신","","[M020095]에리스로마이신/[M020096]락토비온산에리스로마이신/[M020099]에리스로마이신에스톨레이트/[M020201]프로피온산에리스로마이신/[M223129]에리트로마이신/[M223130]에리트로마이신스테아르산염/[M223131]에리트로마이신에스톨산염/[M223132]에리트로마이신에틸숙시네이트/[M251863]에리트로마이신락토비온산염/[M256206]에리트로마이신 장용피입자/[M257644]에리트로마이신스티노프레이트","[06110]주로 그람양성균에 작용하는 것/[06140]주로 그람양성균, 리케치아, 비루스에 작용하는 것/[06150]주로 그람양성, 음성균, 리케치아, 비루스에 작용하는 것","단일",D000770,Chloramphenicol,"클로람페니콜","","[M020122]클로람페니콜/[M223202]클로람페니콜나트륨숙시네이트","[06150]주로 그람양성, 음성균, 리케치아, 비루스에 작용하는 것",20090303,"병용을 하여도 항균작용이 증가되지 않음","","정상"
"병용금기","단일",D000256,Erythromycin,"에리트로마이신","","[M020095]에리스로마이신/[M020096]락토비온산에리스로마이신/[M020099]에리스로마이신에스톨레이트/[M020201]프로피온산에리스로마이신/[M223129]에리트로마이신/[M223130]에리트로마이신스테아르산염/[M223131]에리트로마이신에스톨산염/[M223132]에리트로마이신에틸숙시네이트/[M251863]에리트로마이신락토비온산염/[M256206]에리트로마이신 장용피입자/[M257644]에리트로마이신스티노프레이트","[06110]주로 그람양성균에 작용하는 것/[06140]주로 그람양성균, 리케치아, 비루스에 작용하는 것/[06150]주로 그람양성, 음성균, 리케치아, 비루스에 작용하는 것","단일",D000678,Clindamycin,"클린다마이신","","[M223227]클린다마이신염산염","[02550]비뇨생식기관용제(성병예방제포함)/[06190]기타의 항생물질제제(복합항생물질제제를 포함)",20090303,"병용을 하여도 항균작용이 증가되지 않음","","정상"
"병용금기","단일",D000256,Erythromycin,"에리트로마이신","","[M020095]에리스로마이신/[M020096]락토비온산에리스로마이신/[M020099]에리스로마이신에스톨레이트/[M020201]프로피온산에리스로마이신/[M223129]에리트로마이신/[M223130]에리트로마이신스테아르산염/[M223131]에리트로마이신에스톨산염/[M223132]에리트로마이신에틸숙시네이트/[M251863]에리트로마이신락토비온산염/[M256206]에리트로마이신 장용피입자/[M257644]에리트로마이신스티노프레이트","[06110]주로 그람양성균에 작용하는 것/[06140]주로 그람양성균, 리케치아, 비루스에 작용하는 것/[06150]주로 그람양성, 음성균, 리케치아, 비루스에 작용하는 것","단일",D000713,Lincomycin,"린코마이신","","[M020043]염산린코마이신/[M223001]린코마이신염산염수화물/[M248008]린코마이신염산염","[06110]주로 그람양성균에 작용하는 것",20090303,"병용을 하여도 항균작용이 증가되지 않음","","정상"
"병용금기","단일",D000517,Fluconazole,"플루코나졸","","[M084154]플루코나졸","[02650]기생성 피부질환용제/[06290]기타의 화학요법제","단일",D000592,Triazolam,"트리아졸람","","[I005603]트리아졸람/[M088380]트리아졸람","[01120]최면진정제",20090303,"triazolam 의 약리학적 효과 및 작용증가","","정상"
"병용금기","단일",D000113,Haloperidol,"할로페리돌","","[M040766]할로페리돌/[M089302]할로페리돌데카노에이트","[01170]정신신경용제","단일",D000560,Epinephrine,"에피네프린","","[M040421]에피네프린/[M040581]중주석산에피네프린/[M094252]주석산에피네프린/[M251244]에피네프린타르타르산염","[02450]부신호르몬제",20090303,"혈압강하효과","","정상"
"병용금기","단일",D000363,Ibuprofen,"이부프로펜","","[M051259]이부프로펜/[M071015]이부프로펜리신/[M086772]이부프로펜제피세립/[M209277]이부프로펜아르기닌/[M246943]이부프로펜나트륨이수화물","[01140]해열.진통.소염제/[02190]기타의 순환계용약/[02640]진통.진양.수렴.소염제","단일",D000716,Methotrexate,"메토트렉세이트","","[M040168]메토트렉세이트","[01140]해열.진통.소염제/[04210]항악성종양제",20090303,"혈액학적 독성","methotrexate(1週에 20mg 이상 투여시)","정상"
"병용금기","단일",D000762,Itraconazole,"이트라코나졸","","[M083733]이트라코나졸제피과립/[M083734]이트라코나졸/[M092870]이트라코나졸고체분산체/[M201487]이트라코나졸고체분산/[M201624]제피이트라코나졸과립","[06290]기타의 화학요법제","단일",D000007,Midazolam,"미다졸람","","[M088434]미다졸람/[M222760]미다졸람","[01120]최면진정제",20090303,"midazolam 의 약리학적 효과 및 작용(수면유도 및 진정작용 등의 중추신경 억제 효과) 증가","","정상"
"병용금기","단일",D000762,Itraconazole,"이트라코나졸","","[M083733]이트라코나졸제피과립/[M083734]이트라코나졸/[M092870]이트라코나졸고체분산체/[M201487]이트라코나졸고체분산/[M201624]제피이트라코나졸과립","[06290]기타의 화학요법제","단일",D000213,Pimozide,"피모짓","","[M071691]피모짓","[01170]정신신경용제",20090303,"QT 간격 연장 및 심실부정맥(Torsade de pointes) 위험 증가","","정상"
"병용금기","단일",D000769,Ketoconazole,"케토코나졸","","[M080618]케토코나졸","[06290]기타의 화학요법제/[06410]항원충제","단일",D000007,Midazolam,"미다졸람","","[M088434]미다졸람/[M222760]미다졸람","[01120]최면진정제",20090303,"midazolam 의 약리학적 효과 및 작용증가","","정상"
"병용금기","단일",D000769,Ketoconazole,"케토코나졸","","[M080618]케토코나졸","[06290]기타의 화학요법제/[06410]항원충제","단일",D000592,Triazolam,"트리아졸람","","[I005603]트리아졸람/[M088380]트리아졸람","[01120]최면진정제",20090303,"triazolam 의 약리학적 효과 및 작용증가","","정상"
"병용금기","단일",D000429,Moclobemide,"모클로베미드","","[M085249]모클로베미드","[01170]정신신경용제","단일",D000139,"Selegiline Hydrochloride","셀레길린염산염","","[M222864]셀레길린염산염","[01190]기타의 중추신경용약",20090303,"심각한 혈압저하 위험 증가","","정상"
"병용금기","단일",D000414,Hydrochlorothiazide,"히드로클로로티아지드","","[M080768]히드로클로르치아지드/[M089923]히드로클로로치아짓/[M097694]히드로클로로치아지드/[M223356]히드로클로로티아지드","[02130]이뇨제","단일",D000256,Erythromycin,"에리트로마이신","","[M020095]에리스로마이신/[M020096]락토비온산에리스로마이신/[M020099]에리스로마이신에스톨레이트/[M020201]프로피온산에리스로마이신/[M223129]에리트로마이신/[M223130]에리트로마이신스테아르산염/[M223131]에리트로마이신에스톨산염/[M223132]에리트로마이신에틸숙시네이트/[M251863]에리트로마이신락토비온산염/[M256206]에리트로마이신 장용피입자/[M257644]에리트로마이신스티노프레이트","[06110]주로 그람양성균에 작용하는 것/[06140]주로 그람양성균, 리케치아, 비루스에 작용하는 것/[06150]주로 그람양성, 음성균, 리케치아, 비루스에 작용하는 것",20090303,"심실성빈맥(Torsade de pointes)","","정상"
"병용금기","단일",D000429,Moclobemide,"모클로베미드","","[M085249]모클로베미드","[01170]정신신경용제","단일",D000650,Sumatriptan,"수마트립탄","","[M089467]호박산수마트립탄/[M246956]수마트립탄숙신산염","[01140]해열.진통.소염제",20090303,"수마트립탄의 혈장농도 증가","","정상"
"병용금기","단일",D000781,Perphenazine,"페르페나진","","[M091367]페르페나진/[M232514]페르페나진염산염","[01170]정신신경용제","단일",D000560,Epinephrine,"에피네프린","","[M040421]에피네프린/[M040581]중주석산에피네프린/[M094252]주석산에피네프린/[M251244]에피네프린타르타르산염","[02450]부신호르몬제",20090303,"혈압강하효과","","정상"
"병용금기","단일",D000139,"Selegiline Hydrochloride","셀레길린염산염","","[M222864]셀레길린염산염","[01190]기타의 중추신경용약","단일",D000516,Fluoxetine,"플루옥세틴","","[M083718]염산플루옥세틴/[M098986]염산플루옥세틴/[M222903]플루옥세틴염산염","[01170]정신신경용제",20090303,"세로토닌성 증후군 (고혈압, 고열, 경련, 정신상태 변화등)","","정상"
"병용금기","단일",D000027,Simvastatin,"심바스타틴","","[M089710]심바스타틴","[02180]동맥경화용제","단일",D000769,Ketoconazole,"케토코나졸","","[M080618]케토코나졸","[02650]기생성 피부질환용제/[06290]기타의 화학요법제/[06410]항원충제",20090303,"근병증, 횡문근융해의 위험증가","","정상"
"병용금기","단일",D000027,Simvastatin,"심바스타틴","","[M089710]심바스타틴","[02180]동맥경화용제","단일",D000256,Erythromycin,"에리트로마이신","","[M020095]에리스로마이신/[M020096]락토비온산에리스로마이신/[M020099]에리스로마이신에스톨레이트/[M020201]프로피온산에리스로마이신/[M223129]에리트로마이신/[M223130]에리트로마이신스테아르산염/[M223131]에리트로마이신에스톨산염/[M223132]에리트로마이신에틸숙시네이트/[M251863]에리트로마이신락토비온산염/[M256206]에리트로마이신 장용피입자/[M257644]에리트로마이신스티노프레이트","[06110]주로 그람양성균에 작용하는 것/[06140]주로 그람양성균, 리케치아, 비루스에 작용하는 것/[06150]주로 그람양성, 음성균, 리케치아, 비루스에 작용하는 것",20090303,"근병증, 횡문근융해의 위험증가","","정상"
"병용금기","단일",D000027,Simvastatin,"심바스타틴","","[M089710]심바스타틴","[02180]동맥경화용제","단일",D000373,Clarithromycin,"클래리트로마이신","","[M085725]클래리스로마이신/[M087123]클래리스로마이신코팅입자/[M102127]클래리스로마이신제피과립/[M222887]클래리트로마이신/[M223198]클래리트로마이신/[M245961]클래리트로마이신제피과립/[M256483]클래리트로마이신제피과립(42%)","[06180]주로 그람양성, 음성균에 작용하는 것/[06190]기타의 항생물질제제(복합항생물질제제를 포함)",20090303,"근병증, 횡문근융해의 위험증가","","정상"
"병용금기","단일",D000060,Tenoxicam,"테녹시캄","","[M082086]테녹시캄","[01140]해열.진통.소염제","단일",D000716,Methotrexate,"메토트렉세이트","","[M040168]메토트렉세이트","[01140]해열.진통.소염제/[04210]항악성종양제",20090303,"혈액학적 독성","methotrexate(1週에 20mg 이상 투여시)","정상"
"병용금기","단일",D000592,Triazolam,"트리아졸람","","[I005603]트리아졸람/[M088380]트리아졸람","[01120]최면진정제","단일",D000256,Erythromycin,"에리트로마이신","","[M020095]에리스로마이신/[M020096]락토비온산에리스로마이신/[M020099]에리스로마이신에스톨레이트/[M020201]프로피온산에리스로마이신/[M223129]에리트로마이신/[M223130]에리트로마이신스테아르산염/[M223131]에리트로마이신에스톨산염/[M223132]에리트로마이신에틸숙시네이트/[M251863]에리트로마이신락토비온산염/[M256206]에리트로마이신 장용피입자/[M257644]에리트로마이신스티노프레이트","[06110]주로 그람양성균에 작용하는 것/[06140]주로 그람양성균, 리케치아, 비루스에 작용하는 것/[06150]주로 그람양성, 음성균, 리케치아, 비루스에 작용하는 것",20090303,"triazolam 의 약리학적 효과 및 작용증가","","삭제"
"병용금기","단일",D000249,Acetazolamide,"아세타졸아미드","","[M040351]아세타졸아미드","[02130]이뇨제","단일",D000065,Topiramate,"토피라메이트","","[M087104]토피라메이트","[01130]항전간제/[01140]해열.진통.소염제",20090303,"신결석","","정상"
"병용금기","단일",D000274,Ketorolac,"케토롤락","","[M084703]케토롤락트로메타민/[M222885]케토롤락트로메타민염","[01140]해열.진통.소염제/[01310]안과용제","단일",D000739,Aceclofenac,"아세클로페낙","","[M040359]아세클로페낙","[01140]해열.진통.소염제",20090303,"중증의 위장관계 이상반응","","정상"
"병용금기","단일",D000274,Ketorolac,"케토롤락","","[M084703]케토롤락트로메타민/[M222885]케토롤락트로메타민염","[01140]해열.진통.소염제/[01310]안과용제","단일",D000138,Celecoxib,"세레콕시브","","[M089149]세레콕시브","[01140]해열.진통.소염제",20090303,"중증의 위장관계 이상반응","","정상"
"병용금기","단일",D000274,Ketorolac,"케토롤락","","[M084703]케토롤락트로메타민/[M222885]케토롤락트로메타민염","[01140]해열.진통.소염제/[01310]안과용제","단일",D000086,Dexibuprofen,"덱시부프로펜","","[M088349]덱시부프로펜디ㆍ씨/[M092057]덱시부프로펜/[M212364]덱시부프로펜디씨/[M214134]덱시부프로펜 디.씨/[M215523]덱시부프로펜 디.씨./[M240099]덱시부프로펜디.씨/[M254719]덱시부프로펜","[01140]해열.진통.소염제",20090303,"중증의 위장관계 이상반응","","정상"
"병용금기","단일",D000274,Ketorolac,"케토롤락","","[M084703]케토롤락트로메타민/[M222885]케토롤락트로메타민염","[01140]해열.진통.소염제/[01310]안과용제","단일",D000463,Etodolac,"에토돌락","","[M081813]미결정에토돌락/[M083240]에토돌락/[M257127]미분화에토돌락","[01140]해열.진통.소염제",20090303,"중증의 위장관계 이상반응","","정상"
"병용금기","단일",D000455,Atorvastatin,"아토르바스타틴","","[I004369]아토르바스타틴칼슘수화물/[M093499]아토르바스타틴칼슘/[M213543]무수아토르바스타틴칼슘/[M215219]아토르바스타틴칼슘삼수화물/[M218956]아토르바스타틴삼수화물/[M244955]아토르바스타틴 스트론튬/[M247057]아토르바스타틴칼슘염무수물/[M251687]아토르바스타틴칼슘/[M256664]아토르바스타틴칼슘수화물/[M263837]아토르바스타틴","[02180]동맥경화용제","단일",D000762,Itraconazole,"이트라코나졸","","[M083733]이트라코나졸제피과립/[M083734]이트라코나졸/[M092870]이트라코나졸고체분산체/[M201487]이트라코나졸고체분산/[M201624]제피이트라코나졸과립","[06290]기타의 화학요법제",20090303,"근육병증","","정상"
"병용금기","단일",D000274,Ketorolac,"케토롤락","","[M084703]케토롤락트로메타민/[M222885]케토롤락트로메타민염","[01140]해열.진통.소염제/[01310]안과용제","단일",D000506,Diclofenac,"디클로페낙","","[M050288]디클로페낙나트륨/[M083248]디클로페낙/[M083349]디클로페낙베타디메칠아미노에탄올/[M084600]디클로페낙칼륨/[M086205]디클로페낙디에칠암모늄/[M102665]디클로페낙에폴아민/[M230206]디클로페낙 β-디메칠아미노에탄올/[M249599]디클로페낙디에틸암모늄/[M251996]디클로페낙베타디메틸아미노에탄올/[M252249]디클로페낙β-디메틸아미노에탄올/[M255472]디클로페낙디에틸아민염/[M256203]디클로페낙디에틸아민","[01140]해열.진통.소염제/[01310]안과용제/[02640]진통.진양.수렴.소염제/[04210]항악성종양제",20090303,"중증의 위장관계 이상반응","","정상"
"병용금기","단일",D000274,Ketorolac,"케토롤락","","[M084703]케토롤락트로메타민/[M222885]케토롤락트로메타민염","[01140]해열.진통.소염제/[01310]안과용제","단일",D000071,Fenoprofen,"페노프로펜","","[M081085]페노프로펜칼슘","[01140]해열.진통.소염제",20090303,"중증의 위장관계 이상반응","","정상"
"병용금기","단일",D000274,Ketorolac,"케토롤락","","[M084703]케토롤락트로메타민/[M222885]케토롤락트로메타민염","[01140]해열.진통.소염제/[01310]안과용제","단일",D000705,Flurbiprofen,"플루르비프로펜","","[M051827]플루르비프로펜/[M089049]플루르비프로펜/[M106668]플루비프로펜나트륨","[01140]해열.진통.소염제/[01310]안과용제/[02310]치과구강용약/[02640]진통.진양.수렴.소염제",20090303,"중증의 위장관계 이상반응","","정상"
"병용금기","단일",D000274,Ketorolac,"케토롤락","","[M084703]케토롤락트로메타민/[M222885]케토롤락트로메타민염","[01140]해열.진통.소염제/[01310]안과용제","단일",D000230,"Mefenamic acid","메페남산","","[M050476]메페남산/[M100591]메페남산","[01140]해열.진통.소염제",20090303,"중증의 위장관계 이상반응","","정상"
"병용금기","단일",D000274,Ketorolac,"케토롤락","","[M084703]케토롤락트로메타민/[M222885]케토롤락트로메타민염","[01140]해열.진통.소염제/[01310]안과용제","단일",D000427,Meloxicam,"멜록시캄","","[M086439]멜록시캄","[01140]해열.진통.소염제",20090303,"중증의 위장관계 이상반응","","정상"
"병용금기","단일",D000274,Ketorolac,"케토롤락","","[M084703]케토롤락트로메타민/[M222885]케토롤락트로메타민염","[01140]해열.진통.소염제/[01310]안과용제","단일",D000081,Nabumetone,"나부메톤","","[M084590]나부메톤","[01140]해열.진통.소염제",20090303,"중증의 위장관계 이상반응","","정상"
"병용금기","단일",D000274,Ketorolac,"케토롤락","","[M084703]케토롤락트로메타민/[M222885]케토롤락트로메타민염","[01140]해열.진통.소염제/[01310]안과용제","단일",D000060,Tenoxicam,"테녹시캄","","[M082086]테녹시캄","[01140]해열.진통.소염제",20090303,"중증의 위장관계 이상반응","","정상"
"병용금기","단일",D000429,Moclobemide,"모클로베미드","","[M085249]모클로베미드","[01170]정신신경용제","단일",D000448,Pseudoephedrine,"슈도에페드린","","[M050833]염산슈도에페드린/[M081720]황산슈도에페드린/[M203364]슈도에페드린염산염/[M222865]수도에페드린염산염/[M248579]수도에페드린황산염/[M256034]수도에페드린염산염 과립/[M258826]수도에페드린","[01140]해열.진통.소염제",20090303,"교감신경흥분제의 작용 증강 또는 연장","","정상"
"병용금기","단일",D000213,Pimozide,"피모짓","","[M071691]피모짓","[01170]정신신경용제","단일",D000362,Imipramine,"이미프라민","","[M223168]이미프라민염산염","[01170]정신신경용제",20090303,"QT연장","","정상"
"병용금기","단일",D000213,Pimozide,"피모짓","","[M071691]피모짓","[01170]정신신경용제","단일",D000466,Nortriptyline,"노르트립틸린","","[M050132]염산노르트립틸린","[01170]정신신경용제/[01190]기타의 중추신경용약",20090303,"QT연장","","정상"
"병용금기","단일",D000027,Simvastatin,"심바스타틴","","[M089710]심바스타틴","[02180]동맥경화용제","단일",D000763,Indinavir,"인디나빌","","[M239870]인디나빌황산염","[06290]기타의 화학요법제",20090303,"횡문근융해증을 비롯한 근육질환 등 중증 이상반응","","정상"
"병용금기","단일",D000027,Simvastatin,"심바스타틴","","[M089710]심바스타틴","[02180]동맥경화용제","복합",D000626,Lopinavir,"로피나비르","[D000712]Ritonavir(리토나비르)","[M259361]로피나비르/[M259362]리토나비르","[06290]기타의 화학요법제",20090303,"횡문근융해증을 비롯한 근육질환 등 중증 이상반응","","정상"
"병용금기","단일",D000027,Simvastatin,"심바스타틴","","[M089710]심바스타틴","[02180]동맥경화용제","단일",D000003,Nelfinavir,"넬피나비어","","[M088546]메실산넬피나비어","[06290]기타의 화학요법제",20090303,"횡문근융해증을 비롯한 근육질환 등 중증 이상반응","","정상"
"병용금기","단일",D000027,Simvastatin,"심바스타틴","","[M089710]심바스타틴","[02180]동맥경화용제","단일",D000712,Ritonavir,"리토나비르","","[M259362]리토나비르","[06290]기타의 화학요법제",20090303,"횡문근융해증을 비롯한 근육질환 등 중증 이상반응","","정상"
"병용금기","단일",D000031,Acemetacin,"아세메타신","","[M080670]아세메타신","[01140]해열.진통.소염제","단일",D000298,Diflunisal,"디플루니살","","[M085412]디플루니살","[01140]해열.진통.소염제",20090303,"중증의 위장관계 이상반응","","정상"
"병용금기","단일",D000017,Buprenorpine,"부프레노르핀","","[M088415]염산부프레노르핀/[M101851]부프레노르핀","[01140]해열.진통.소염제/[02640]진통.진양.수렴.소염제","단일",D000006,Morphine,"모르핀","","[M040182]염산모르핀/[M040184]황산모르핀/[M103284]모르핀/[M208615]황산모르핀/[M223034]모르핀황산염수화물/[M230907]모르핀염산염수화물","[08110]아편알카로이드계 제제",20090303,"진통효과 감소, 금단증상 위험","","정상"
"병용금기","단일",D000298,Diflunisal,"디플루니살","","[M085412]디플루니살","[01140]해열.진통.소염제","단일",D000575,Indometacin,"인도메타신","","[M040508]인도메타신","[01140]해열.진통.소염제/[02190]기타의 순환계용약/[02640]진통.진양.수렴.소염제",20090303,"중증의 위장관계 이상반응","","정상"
"병용금기","단일",D000672,Ketoprofen,"케토프로펜","","[M051464]케토프로펜/[M081361]케토프로펜리신","[01140]해열.진통.소염제/[02310]치과구강용약/[02640]진통.진양.수렴.소염제","단일",D000142,Ciprofloxacin,"시프로플록사신","","[M082454]염산시프로프록사신/[M091139]시프로플록사신/[M095543]염산시프로플록사신/[M223091]시프로플록사신염산염수화물/[M242850]시프로플록사신염산염","[01310]안과용제/[01320]이비과용제/[06290]기타의 화학요법제",20090303,"경련","","정상"
"병용금기","단일",D000274,Ketorolac,"케토롤락","","[M084703]케토롤락트로메타민/[M222885]케토롤락트로메타민염","[01140]해열.진통.소염제/[01310]안과용제","단일",D000702,Pentoxifylline,"펜톡시필린","","[M051736]펜톡시필린","[02190]기타의 순환계용약",20090303,"출혈 및 프로트롬빈시간 연장","","정상"
"병용금기","단일",D000211,Proglumetacin,"프로글루메타신","","[M082031]말레인산프로글루메타신/[M256432]프로글루메타신말레산염","[01140]해열.진통.소염제","단일",D000298,Diflunisal,"디플루니살","","[M085412]디플루니살","[01140]해열.진통.소염제",20090303,"중증의 위장관계 이상반응","","정상"
"병용금기","단일",D000650,Sumatriptan,"수마트립탄","","[M089467]호박산수마트립탄/[M246956]수마트립탄숙신산염","[01140]해열.진통.소염제","단일",D000277,Clomipramine,"클로미프라민","","[M223223]클로미프라민염산염","[01170]정신신경용제",20090303,"세로토닌 증후군","","정상"
"병용금기","단일",D000650,Sumatriptan,"수마트립탄","","[M089467]호박산수마트립탄/[M246956]수마트립탄숙신산염","[01140]해열.진통.소염제","단일",D000747,Ergotamine,"에르고타민","","[M040398]주석산에르고타민/[M223126]에르고타민타르타르산염","[01140]해열.진통.소염제",20090303,"상가적인 혈관경련","","정상"
"병용금기","단일",D000650,Sumatriptan,"수마트립탄","","[M089467]호박산수마트립탄/[M246956]수마트립탄숙신산염","[01140]해열.진통.소염제","단일",D000059,"Lithium Carbonate","탄산리튬","","[M040628]탄산리튬","[01170]정신신경용제",20090303,"세로토닌 증후군","","정상"
"병용금기","단일",D000019,Acitretin,"아시트레틴","","[M086538]분무건조아시트레틴25%","[03110]비타민 A 및 D제","단일",D000503,Doxycycline,"독시사이클린","","[M020026]독시사이클린/[M020027]독시사이클린하이클레이트/[M084576]독시사이클린/[M222836]독시사이클린수화물/[M222960]독시사이클린하이클레이트수화물","[02310]치과구강용약/[06150]주로 그람양성, 음성균, 리케치아, 비루스에 작용하는 것",20070411,"두개내압 증가","","정상"
"병용금기","단일",D000019,Acitretin,"아시트레틴","","[M086538]분무건조아시트레틴25%","[03110]비타민 A 및 D제","단일",D000127,Minocycline,"미노사이클린","","[M223036]미노사이클린염산염","[06150]주로 그람양성, 음성균, 리케치아, 비루스에 작용하는 것",20070411,"두개내압 증가","","정상"
"병용금기","단일",D000019,Acitretin,"아시트레틴","","[M086538]분무건조아시트레틴25%","[03110]비타민 A 및 D제","단일",D000754,Oxytetracycline,"옥시테트라사이클린","","[M223166]옥시테트라사이클린염산염","[06150]주로 그람양성, 음성균, 리케치아, 비루스에 작용하는 것",20070411,"두개내압 증가","","정상"
"병용금기","단일",D000019,Acitretin,"아시트레틴","","[M086538]분무건조아시트레틴25%","[03110]비타민 A 및 D제","단일",D000064,Tetracycline,"테트라사이클린","","[M223235]테트라사이클린염산염","[02630]화농성질환용제/[06150]주로 그람양성, 음성균, 리케치아, 비루스에 작용하는 것",20070411,"두개내압 증가","","정상"
"병용금기","단일",D000259,Amiodarone,"아미오다론","","[A005259]아미오다론","[02120]부정맥용제","단일",D000712,Ritonavir,"리토나비르","","[M259362]리토나비르","[06290]기타의 화학요법제",20070411,"부정맥, 혈액장애, 발작 등 중대한 이상반응","","정상"
"병용금기","단일",D000259,Amiodarone,"아미오다론","","[A005259]아미오다론","[02120]부정맥용제","단일",D000429,Moclobemide,"모클로베미드","","[M085249]모클로베미드","[01170]정신신경용제",20070411,"근독성, 간질, 세로토닌성 증후군(고혈압, 고열, 간대성 근경련, 정신상태 변화 등)","","삭제"
"병용금기","단일",D000248,Amoxapine,"아목사핀","","[M088554]아목사핀","[01170]정신신경용제","단일",D000139,"Selegiline Hydrochloride","셀레길린염산염","","[M222864]셀레길린염산염","[01190]기타의 중추신경용약",20070411,"세로토닌성 증후군(고혈압, 고열, 간대성 근경련, 정신상태 변화 등)","","정상"
"병용금기","단일",D000657,Apraclonidine,"아프라클로니딘","","[M259621]아프라클로니딘염산염","[01310]안과용제","단일",D000429,Moclobemide,"모클로베미드","","[M085249]모클로베미드","[01170]정신신경용제",20070411,"교감신경흥분제의 작용 증강 또는 연장(고혈압, 빈맥 등)","","정상"
"병용금기","단일",D000657,Apraclonidine,"아프라클로니딘","","[M259621]아프라클로니딘염산염","[01310]안과용제","단일",D000139,"Selegiline Hydrochloride","셀레길린염산염","","[M222864]셀레길린염산염","[01190]기타의 중추신경용약",20070411,"교감신경흥분제의 작용 증강 또는 연장(고혈압, 빈맥 등)","","정상"
"병용금기","단일",D000150,Atazanavir,"아타자나비르","","[M249264]아타자나비어황산염/[M263079]아타자나비르황산염","[06290]기타의 화학요법제","단일",D000202,Dihydroergotamine,"디히드로에르고타민","","[M086240]디히드로에르고타민메실레이트","[01140]해열.진통.소염제/[02190]기타의 순환계용약",20070411,"맥각독성(말초혈관 경련, 사지와 기타 조직의 허혈, 감각이상 등) 위험 증가","","정상"
"병용금기","단일",D000150,Atazanavir,"아타자나비르","","[M249264]아타자나비어황산염/[M263079]아타자나비르황산염","[06290]기타의 화학요법제","단일",D000747,Ergotamine,"에르고타민","","[M040398]주석산에르고타민/[M223126]에르고타민타르타르산염","[01140]해열.진통.소염제",20070411,"맥각독성(말초혈관 경련, 사지와 기타 조직의 허혈, 감각이상 등) 위험 증가","","정상"
"병용금기","단일",D000150,Atazanavir,"아타자나비르","","[M249264]아타자나비어황산염/[M263079]아타자나비르황산염","[06290]기타의 화학요법제","단일",D000419,Lovastatin,"로바스타틴","","[M083392]로바스타틴","[02180]동맥경화용제",20070411,"횡문근융해증을 비롯한 근육질환 등 중증 이상반응","","정상"
"병용금기","단일",D000150,Atazanavir,"아타자나비르","","[M249264]아타자나비어황산염/[M263079]아타자나비르황산염","[06290]기타의 화학요법제","단일",D000228,Methylergometrine,"메틸에르고메트린","","[M070382]말레인산메칠에르고메트린/[M223020]메틸에르고메트린말레산염","[02520]자궁수축제",20070411,"맥각독성(말초혈관 경련, 사지와 기타 조직의 허혈, 감각이상 등) 위험 증가","","정상"
"병용금기","단일",D000150,Atazanavir,"아타자나비르","","[M249264]아타자나비어황산염/[M263079]아타자나비르황산염","[06290]기타의 화학요법제","단일",D000213,Pimozide,"피모짓","","[M071691]피모짓","[01170]정신신경용제",20070411,"QT 연장, 심실성 빈맥, 심실세동 및 torsades de pointes 등 심독성위험 증가","","정상"
"병용금기","단일",D000150,Atazanavir,"아타자나비르","","[M249264]아타자나비어황산염/[M263079]아타자나비르황산염","[06290]기타의 화학요법제","단일",D000027,Simvastatin,"심바스타틴","","[M089710]심바스타틴","[02180]동맥경화용제",20070411,"횡문근융해증을 비롯한 근육질환 등 중증 이상반응","","정상"
"병용금기","단일",D000641,Brimonidine,"브리모니딘","","[M090423]주석산브리모니딘/[M251494]브리모니딘타르타르산염/[M255020]브리모니딘타르타르산염","[01310]안과용제","단일",D000429,Moclobemide,"모클로베미드","","[M085249]모클로베미드","[01170]정신신경용제",20070411,"교감신경흥분제의 작용 증강 또는 연장(고혈압, 빈맥 등)","","정상"
"병용금기","단일",D000641,Brimonidine,"브리모니딘","","[M090423]주석산브리모니딘/[M251494]브리모니딘타르타르산염/[M255020]브리모니딘타르타르산염","[01310]안과용제","단일",D000139,"Selegiline Hydrochloride","셀레길린염산염","","[M222864]셀레길린염산염","[01190]기타의 중추신경용약",20070411,"교감신경흥분제의 작용 증강 또는 연장(고혈압, 빈맥 등)","","정상"
"병용금기","단일",D000476,Carbamazepine,"카르바마제핀","","[M040569]카르바마제핀/[M201734]카바마제핀","[01130]항전간제","단일",D000429,Moclobemide,"모클로베미드","","[M085249]모클로베미드","[01170]정신신경용제",20070411,"고혈압, 저혈압, 발한을 동반한 심각한 중추신경계 이상반응(현기, 진전, 발작 등)","","정상"
"병용금기","단일",D000476,Carbamazepine,"카르바마제핀","","[M040569]카르바마제핀/[M201734]카바마제핀","[01130]항전간제","단일",D000139,"Selegiline Hydrochloride","셀레길린염산염","","[M222864]셀레길린염산염","[01190]기타의 중추신경용약",20070411,"고혈압, 저혈압, 발한을 동반한 심각한 중추신경계 이상반응(현기, 진전, 발작 등)","","정상"
"병용금기","단일",D000476,Carbamazepine,"카르바마제핀","","[M040569]카르바마제핀/[M201734]카바마제핀","[01130]항전간제","단일",D000443,Voriconazole,"보리코나졸","","[I005813]보리코나졸/[M102252]보리코나졸","[06290]기타의 화학요법제",20070411,"혈중농도가 저하되어 보리코나졸의 약물효과 감소","","정상"
"병용금기","단일",D000332,Citalopram,"시탈로프람","","[M085304]브롬화수소산시탈로프람","[01170]정신신경용제","단일",D000429,Moclobemide,"모클로베미드","","[M085249]모클로베미드","[01170]정신신경용제",20070411,"세로토닌성 증후군(고혈압, 고열, 간대성 근경련, 정신상태 변화 등)","","정상"
"병용금기","단일",D000277,Clomipramine,"클로미프라민","","[M223223]클로미프라민염산염","[01170]정신신경용제","단일",D000429,Moclobemide,"모클로베미드","","[M085249]모클로베미드","[01170]정신신경용제",20070411,"근독성, 간질, 세로토닌성 증후군(고혈압, 고열, 간대성 근경련, 정신상태 변화 등)","","정상"
"병용금기","단일",D000202,Dihydroergotamine,"디히드로에르고타민","","[M086240]디히드로에르고타민메실레이트","[01140]해열.진통.소염제/[02190]기타의 순환계용약","단일",D000558,Efavirenz,"에파비렌즈","","[M088675]에파비렌즈","[06290]기타의 화학요법제",20070411,"맥각독성(말초혈관 경련, 사지와 기타 조직의 허혈, 감각이상 등) 위험 증가","","정상"
"병용금기","단일",D000202,Dihydroergotamine,"디히드로에르고타민","","[M086240]디히드로에르고타민메실레이트","[01140]해열.진통.소염제/[02190]기타의 순환계용약","단일",D000256,Erythromycin,"에리트로마이신","","[M020095]에리스로마이신/[M020096]락토비온산에리스로마이신/[M020099]에리스로마이신에스톨레이트/[M020201]프로피온산에리스로마이신/[M223129]에리트로마이신/[M223130]에리트로마이신스테아르산염/[M223131]에리트로마이신에스톨산염/[M223132]에리트로마이신에틸숙시네이트/[M251863]에리트로마이신락토비온산염/[M256206]에리트로마이신 장용피입자/[M257644]에리트로마이신스티노프레이트","[06110]주로 그람양성균에 작용하는 것/[06140]주로 그람양성균, 리케치아, 비루스에 작용하는 것/[06150]주로 그람양성, 음성균, 리케치아, 비루스에 작용하는 것",20070411,"맥각독성(말초혈관 경련, 사지와 기타 조직의 허혈, 감각이상 등) 위험 증가","","정상"
"병용금기","단일",D000202,Dihydroergotamine,"디히드로에르고타민","","[M086240]디히드로에르고타민메실레이트","[01140]해열.진통.소염제/[02190]기타의 순환계용약","단일",D000763,Indinavir,"인디나빌","","[M239870]인디나빌황산염","[06290]기타의 화학요법제",20070411,"맥각독성(말초혈관 경련, 사지와 기타 조직의 허혈, 감각이상 등) 위험 증가","","정상"
"병용금기","단일",D000202,Dihydroergotamine,"디히드로에르고타민","","[M086240]디히드로에르고타민메실레이트","[01140]해열.진통.소염제/[02190]기타의 순환계용약","단일",D000762,Itraconazole,"이트라코나졸","","[M083733]이트라코나졸제피과립/[M083734]이트라코나졸/[M092870]이트라코나졸고체분산체/[M201487]이트라코나졸고체분산/[M201624]제피이트라코나졸과립","[06290]기타의 화학요법제",20070411,"맥각독성(말초혈관 경련, 사지와 기타 조직의 허혈, 감각이상 등) 위험 증가","","정상"
"병용금기","단일",D000202,Dihydroergotamine,"디히드로에르고타민","","[M086240]디히드로에르고타민메실레이트","[01140]해열.진통.소염제/[02190]기타의 순환계용약","단일",D000003,Nelfinavir,"넬피나비어","","[M088546]메실산넬피나비어","[06290]기타의 화학요법제",20070411,"맥각독성(말초혈관 경련, 사지와 기타 조직의 허혈, 감각이상 등) 위험 증가","","정상"
"병용금기","단일",D000202,Dihydroergotamine,"디히드로에르고타민","","[M086240]디히드로에르고타민메실레이트","[01140]해열.진통.소염제/[02190]기타의 순환계용약","단일",D000712,Ritonavir,"리토나비르","","[M259362]리토나비르","[06290]기타의 화학요법제",20070411,"맥각독성(말초혈관 경련, 사지와 기타 조직의 허혈, 감각이상 등) 위험 증가","","정상"
"병용금기","단일",D000202,Dihydroergotamine,"디히드로에르고타민","","[M086240]디히드로에르고타민메실레이트","[01140]해열.진통.소염제/[02190]기타의 순환계용약","단일",D000443,Voriconazole,"보리코나졸","","[I005813]보리코나졸/[M102252]보리코나졸","[06290]기타의 화학요법제",20070411,"맥각독성(말초혈관 경련, 사지와 기타 조직의 허혈, 감각이상 등) 위험 증가","","정상"
"병용금기","단일",D000202,Dihydroergotamine,"디히드로에르고타민","","[M086240]디히드로에르고타민메실레이트","[01140]해열.진통.소염제/[02190]기타의 순환계용약","단일",D000171,Zolmitriptan,"졸미트립탄","","[M090949]졸미트립탄","[01140]해열.진통.소염제",20070411,"상가적인 혈관수축반응, 현저한 혈압상승","","정상"
"병용금기","단일",D000501,Doxepin,"독세핀","","[M258572]독세핀염산염","[01230]자율신경제","단일",D000429,Moclobemide,"모클로베미드","","[M085249]모클로베미드","[01170]정신신경용제",20070411,"근독성, 간질, 세로토닌성 증후군(고혈압, 고열, 간대성 근경련, 정신상태 변화 등)","","정상"
"병용금기","단일",D000501,Doxepin,"독세핀","","[M258572]독세핀염산염","[01230]자율신경제","단일",D000139,"Selegiline Hydrochloride","셀레길린염산염","","[M222864]셀레길린염산염","[01190]기타의 중추신경용약",20070411,"근독성, 간질, 세로토닌성 증후군(고혈압, 고열, 간대성 근경련, 정신상태 변화 등)","","정상"
"병용금기","단일",D000558,Efavirenz,"에파비렌즈","","[M088675]에파비렌즈","[06290]기타의 화학요법제","단일",D000007,Midazolam,"미다졸람","","[M088434]미다졸람/[M222760]미다졸람","[01120]최면진정제",20070411,"과도한 진정작용","","정상"
"병용금기","단일",D000558,Efavirenz,"에파비렌즈","","[M088675]에파비렌즈","[06290]기타의 화학요법제","단일",D000443,Voriconazole,"보리코나졸","","[I005813]보리코나졸/[M102252]보리코나졸","[06290]기타의 화학요법제",20070411,"현저하게 voriconazole 혈장농도 감소, efavirenz 혈장농도 증가","","정상"
"병용금기","단일",D000747,Ergotamine,"에르고타민","","[M040398]주석산에르고타민/[M223126]에르고타민타르타르산염","[01140]해열.진통.소염제","단일",D000763,Indinavir,"인디나빌","","[M239870]인디나빌황산염","[06290]기타의 화학요법제",20070411,"맥각독성(말초혈관 경련, 사지와 기타 조직의 허혈, 감각이상 등) 위험 증가","","정상"
"병용금기","단일",D000747,Ergotamine,"에르고타민","","[M040398]주석산에르고타민/[M223126]에르고타민타르타르산염","[01140]해열.진통.소염제","단일",D000762,Itraconazole,"이트라코나졸","","[M083733]이트라코나졸제피과립/[M083734]이트라코나졸/[M092870]이트라코나졸고체분산체/[M201487]이트라코나졸고체분산/[M201624]제피이트라코나졸과립","[06290]기타의 화학요법제",20070411,"맥각독성(말초혈관 경련, 사지와 기타 조직의 허혈, 감각이상 등) 위험 증가","","정상"
"병용금기","단일",D000747,Ergotamine,"에르고타민","","[M040398]주석산에르고타민/[M223126]에르고타민타르타르산염","[01140]해열.진통.소염제","단일",D000003,Nelfinavir,"넬피나비어","","[M088546]메실산넬피나비어","[06290]기타의 화학요법제",20070411,"맥각독성(말초혈관 경련, 사지와 기타 조직의 허혈, 감각이상 등) 위험 증가","","정상"
"병용금기","단일",D000747,Ergotamine,"에르고타민","","[M040398]주석산에르고타민/[M223126]에르고타민타르타르산염","[01140]해열.진통.소염제","단일",D000712,Ritonavir,"리토나비르","","[M259362]리토나비르","[06290]기타의 화학요법제",20070411,"맥각독성(말초혈관 경련, 사지와 기타 조직의 허혈, 감각이상 등) 위험 증가","","정상"
"병용금기","단일",D000747,Ergotamine,"에르고타민","","[M040398]주석산에르고타민/[M223126]에르고타민타르타르산염","[01140]해열.진통.소염제","단일",D000443,Voriconazole,"보리코나졸","","[I005813]보리코나졸/[M102252]보리코나졸","[06290]기타의 화학요법제",20070411,"맥각독성(말초혈관 경련, 사지와 기타 조직의 허혈, 감각이상 등) 위험 증가","","정상"
"병용금기","단일",D000516,Fluoxetine,"플루옥세틴","","[M083718]염산플루옥세틴/[M098986]염산플루옥세틴/[M222903]플루옥세틴염산염","[01170]정신신경용제","단일",D000429,Moclobemide,"모클로베미드","","[M085249]모클로베미드","[01170]정신신경용제",20070411,"세로토닌성 증후군(고혈압, 고열, 간대성 근경련, 정신상태 변화 등)","","정상"
"병용금기","단일",D000800,Fluvoxamine,"플루복사민","","[M088658]플루복사민말레이트","[01170]정신신경용제","단일",D000429,Moclobemide,"모클로베미드","","[M085249]모클로베미드","[01170]정신신경용제",20070411,"세로토닌성 증후군(고혈압, 고열, 간대성 근경련, 정신상태 변화 등)","","정상"
"병용금기","단일",D000800,Fluvoxamine,"플루복사민","","[M088658]플루복사민말레이트","[01170]정신신경용제","단일",D000139,"Selegiline Hydrochloride","셀레길린염산염","","[M222864]셀레길린염산염","[01190]기타의 중추신경용약",20070411,"세로토닌성 증후군(고혈압, 고열, 간대성 근경련, 정신상태 변화 등)","","정상"
"병용금기","단일",D000800,Fluvoxamine,"플루복사민","","[M088658]플루복사민말레이트","[01170]정신신경용제","단일",D000187,Tizanidine,"티자니딘","","[M083714]염산티자니딘/[M248019]티자니딘염산염","[01220]골격근이완제/[01240]진경제",20070411,"장기화된 저혈압, 졸음, 현기증 및 정신운동능력 감소","","정상"
"병용금기","단일",D000362,Imipramine,"이미프라민","","[M223168]이미프라민염산염","[01170]정신신경용제","단일",D000429,Moclobemide,"모클로베미드","","[M085249]모클로베미드","[01170]정신신경용제",20070411,"근독성, 간질, 세로토닌성 증후군(고혈압, 고열, 간대성 근경련, 정신상태 변화 등)","","정상"
"병용금기","단일",D000362,Imipramine,"이미프라민","","[M223168]이미프라민염산염","[01170]정신신경용제","단일",D000139,"Selegiline Hydrochloride","셀레길린염산염","","[M222864]셀레길린염산염","[01190]기타의 중추신경용약",20070411,"근독성, 간질, 세로토닌성 증후군(고혈압, 고열, 간대성 근경련, 정신상태 변화 등)","","정상"
"병용금기","단일",D000763,Indinavir,"인디나빌","","[M239870]인디나빌황산염","[06290]기타의 화학요법제","단일",D000007,Midazolam,"미다졸람","","[M088434]미다졸람/[M222760]미다졸람","[01120]최면진정제",20070411,"과도한 진정작용","","정상"
"병용금기","단일",D000763,Indinavir,"인디나빌","","[M239870]인디나빌황산염","[06290]기타의 화학요법제","단일",D000314,Rifampicin,"리팜피신","","[M020042]리팜피신","[06130]주로 항산성균에 작용하는 것",20070411,"혈중농도 저하로 항레트로바이러스 약물효과 감소","","정상"
"병용금기","단일",D000760,Iobitridol,"이오비트리돌","","[M086785]이오비트리돌","[07210]X선조영제","단일",D000718,Metformin,"메트포르민","","[M201260]염산메트포민/[M214651]염산메트포르민/[M223014]메트포르민염산염/[M244179]메트포르민염산염/[M255741]메트포르민아세트산염/[M263864]메트포르민/[M266682]메트포르민염산염 콜로이드성이산화규소","[03960]당뇨병용제",20070411,"기능적 신부전에 의해 유산 산성증 촉진","","정상"
"병용금기","단일",D000669,Iohexol,"이오헥솔","","[M088960]이오헥솔","[07210]X선조영제","단일",D000718,Metformin,"메트포르민","","[M201260]염산메트포민/[M214651]염산메트포르민/[M223014]메트포르민염산염/[M244179]메트포르민염산염/[M255741]메트포르민아세트산염/[M263864]메트포르민/[M266682]메트포르민염산염 콜로이드성이산화규소","[03960]당뇨병용제",20070411,"기능적 신부전에 의해 유산 산성증 촉진","","정상"
"병용금기","단일",D000364,Iomeprol,"이오메프롤","","[M088268]이오메프롤","[07210]X선조영제","단일",D000718,Metformin,"메트포르민","","[M201260]염산메트포민/[M214651]염산메트포르민/[M223014]메트포르민염산염/[M244179]메트포르민염산염/[M255741]메트포르민아세트산염/[M263864]메트포르민/[M266682]메트포르민염산염 콜로이드성이산화규소","[03960]당뇨병용제",20070411,"기능적 신부전에 의해 유산 산성증 촉진","","정상"
"병용금기","단일",D000761,Iopromide,"이오프로마이드","","[M085564]이오프로마이드","[07210]X선조영제","단일",D000718,Metformin,"메트포르민","","[M201260]염산메트포민/[M214651]염산메트포르민/[M223014]메트포르민염산염/[M244179]메트포르민염산염/[M255741]메트포르민아세트산염/[M263864]메트포르민/[M266682]메트포르민염산염 콜로이드성이산화규소","[03960]당뇨병용제",20070411,"기능적 신부전에 의해 유산 산성증 촉진","","정상"
"병용금기","단일",D000572,Isosorbide,"이소소르비드","","[M052004]희석질산이소소르비드/[M070427]질산이소소르비드/염화나트륨/[M081164]지속성질산이소소르비드펠렛/[M083257]이소소르비드5모노니트레이트90%/[M083258]이소소르비드5모노니트레이트/[M085624]5-일질산이소소르비드20%/[M087418]5-일질산이소소르비드90%/[M088245]이소소르비드5모노니트레이트서방소립구/[M098218]이소소르비드5모노니트레이트몬탄글리콜왁스혼합물40%/[M223173]이소소르비드질산염/[M224417]이소소르비드액/[M227281]이소소르비드/[M227641]이소소르비드농축액/[M229255]지속성 질산이소소르비드펠렛/[M230818]희질산이소소르비드(25%)/[M232513]희석이소소르비드질산염/[M246194]이소소르비드-5-모노니트레이트90%/[M246508]희석이소소르비드질산염(40%)/[M250379]묽은이소소르비드이질산염/[M250785]이소소르비드질산염 제피과립/[M255262]이소소르비드디니트레이트·염화나트륨/[M256312]이소소르비드이질산염-염화나트륨/[M256917]이소소르비드일질산염90%/[M257095]이소소르비드일질산염/[M258776]묽은이소소르비드일질산염/[M259305]이소소르비드이질산염지속과립","[01160]진훈제/[02130]이뇨제/[02170]혈관확장제","단일",D000246,Sildenafil,"실데나필","","[M089346]구연산실데나필/[M252789]실데나필시트르산염/[M253237]실데나필","[02140]혈압강하제/[02590]기타의 비뇨생식기관 및 항문용약",20070411,"혈관확장작용 증가로 저혈압 효과 상승","","삭제"
"병용금기","단일",D000762,Itraconazole,"이트라코나졸","","[M083733]이트라코나졸제피과립/[M083734]이트라코나졸/[M092870]이트라코나졸고체분산체/[M201487]이트라코나졸고체분산/[M201624]제피이트라코나졸과립","[06290]기타의 화학요법제","단일",D000228,Methylergometrine,"메틸에르고메트린","","[M070382]말레인산메칠에르고메트린/[M223020]메틸에르고메트린말레산염","[02520]자궁수축제",20070411,"맥각독성(말초혈관 경련, 사지와 기타 조직의 허혈, 감각이상 등) 위험 증가","","정상"
"병용금기","단일",D000228,Methylergometrine,"메틸에르고메트린","","[M070382]말레인산메칠에르고메트린/[M223020]메틸에르고메트린말레산염","[02520]자궁수축제","단일",D000003,Nelfinavir,"넬피나비어","","[M088546]메실산넬피나비어","[06290]기타의 화학요법제",20070411,"맥각독성(말초혈관 경련, 사지와 기타 조직의 허혈, 감각이상 등) 위험 증가","","정상"
"병용금기","단일",D000228,Methylergometrine,"메틸에르고메트린","","[M070382]말레인산메칠에르고메트린/[M223020]메틸에르고메트린말레산염","[02520]자궁수축제","단일",D000712,Ritonavir,"리토나비르","","[M259362]리토나비르","[06290]기타의 화학요법제",20070411,"맥각독성(말초혈관 경련, 사지와 기타 조직의 허혈, 감각이상 등) 위험 증가","","정상"
"병용금기","단일",D000228,Methylergometrine,"메틸에르고메트린","","[M070382]말레인산메칠에르고메트린/[M223020]메틸에르고메트린말레산염","[02520]자궁수축제","단일",D000650,Sumatriptan,"수마트립탄","","[M089467]호박산수마트립탄/[M246956]수마트립탄숙신산염","[01140]해열.진통.소염제",20070411,"상가적인 혈관수축반응, 현저한 혈압상승","","정상"
"병용금기","단일",D000228,Methylergometrine,"메틸에르고메트린","","[M070382]말레인산메칠에르고메트린/[M223020]메틸에르고메트린말레산염","[02520]자궁수축제","단일",D000171,Zolmitriptan,"졸미트립탄","","[M090949]졸미트립탄","[01140]해열.진통.소염제",20070411,"상가적인 혈관수축반응, 현저한 혈압상승","","정상"
"병용금기","단일",D000229,Methylphenidate,"메틸페니데이트","","[M223025]메틸페니데이트염산염","[01150]각성제,흥분제","단일",D000429,Moclobemide,"모클로베미드","","[M085249]모클로베미드","[01170]정신신경용제",20070411,"고혈압성 위기(현저한 혈압상승)","","정상"
"병용금기","단일",D000229,Methylphenidate,"메틸페니데이트","","[M223025]메틸페니데이트염산염","[01150]각성제,흥분제","단일",D000139,"Selegiline Hydrochloride","셀레길린염산염","","[M222864]셀레길린염산염","[01190]기타의 중추신경용약",20070411,"고혈압성 위기(현저한 혈압상승)","","정상"
"병용금기","단일",D000323,Mirtazapine,"미르타자핀","","[M088893]미르타자핀/[M260571]제피미르타자핀","[01170]정신신경용제","단일",D000429,Moclobemide,"모클로베미드","","[M085249]모클로베미드","[01170]정신신경용제",20070411,"구역, 구토, 안면홍조, 어지러움, 진전, 산동, 강직, 발한, 고온증, 심장지표의 빠른 변화와 함께 자율신경계의 불안정, 정신상태의 변화","","정상"
"병용금기","단일",D000429,Moclobemide,"모클로베미드","","[M085249]모클로베미드","[01170]정신신경용제","단일",D000466,Nortriptyline,"노르트립틸린","","[M050132]염산노르트립틸린","[01170]정신신경용제/[01190]기타의 중추신경용약",20070411,"근독성, 간질, 세로토닌성 증후군(고혈압, 고열, 간대성 근경련, 정신상태 변화 등)","","정상"
"병용금기","단일",D000429,Moclobemide,"모클로베미드","","[M085249]모클로베미드","[01170]정신신경용제","단일",D000353,Paroxetine,"파록세틴","","[M050607]염산파록세틴/[M102324]무수염산파록세틴/[M222896]파록세틴염산염수화물/[M234807]파록세틴염산염반수화물","[01170]정신신경용제",20070411,"세로토닌성 증후군(고혈압, 고열, 간대성 근경련, 정신상태 변화 등)","","정상"
"병용금기","단일",D000429,Moclobemide,"모클로베미드","","[M085249]모클로베미드","[01170]정신신경용제","단일",D000700,Pethidine,"페티딘","","[M223282]페티딘염산염/[M225648]염산페치딘","[08210]합성마약",20070411,"아편계 약물의 효과 증강. 혼수, 중증의 호흡 억제","","정상"
"병용금기","단일",D000429,Moclobemide,"모클로베미드","","[M085249]모클로베미드","[01170]정신신경용제","단일",D000336,Sertraline,"설트랄린","","[M085340]염산설트랄린/[M251308]설트랄린염산염","[01170]정신신경용제",20070411,"세로토닌성 증후군(고혈압, 고열, 간대성 근경련, 정신상태 변화 등)","","정상"
"병용금기","단일",D000429,Moclobemide,"모클로베미드","","[M085249]모클로베미드","[01170]정신신경용제","단일",D000638,Venlafaxine,"벤라팍신","","[M088219]염산벤라팍신/[M091246]염산벤라팍신서방성과립/[M207949]염산벤라팍신펠렛/[M241528]벤라팍신염산염/[M241640]벤라팍신염산염서방성과립/[M241643]벤라팍신염산염서방과립/[M242800]벤라팍신염산염펠렛","[01170]정신신경용제",20070411,"세로토닌성 증후군(고혈압, 고열, 간대성 근경련, 정신상태 변화 등)","","정상"
"병용금기","단일",D000530,Molsidomine,"몰시도민","","[M070605]몰시도민","[02170]혈관확장제","단일",D000246,Sildenafil,"실데나필","","[M089346]구연산실데나필/[M252789]실데나필시트르산염/[M253237]실데나필","[02140]혈압강하제/[02590]기타의 비뇨생식기관 및 항문용약",20070411,"혈압강하작용 증강","","정상"
"병용금기","단일",D000287,Naratriptan,"나라트립탄","","[M249577]나라트립탄염산염","[01140]해열.진통.소염제","단일",D000650,Sumatriptan,"수마트립탄","","[M089467]호박산수마트립탄/[M246956]수마트립탄숙신산염","[01140]해열.진통.소염제",20070411,"상가적인 혈관수축반응, 현저한 혈압상승","","정상"
"병용금기","단일",D000287,Naratriptan,"나라트립탄","","[M249577]나라트립탄염산염","[01140]해열.진통.소염제","단일",D000171,Zolmitriptan,"졸미트립탄","","[M090949]졸미트립탄","[01140]해열.진통.소염제",20070411,"상가적인 혈관수축반응, 현저한 혈압상승","","정상"
"병용금기","단일",D000003,Nelfinavir,"넬피나비어","","[M088546]메실산넬피나비어","[06290]기타의 화학요법제","단일",D000314,Rifampicin,"리팜피신","","[M020042]리팜피신","[06130]주로 항산성균에 작용하는 것",20070411,"혈중농도 저하로 항레트로바이러스 약물효과 감소","","정상"
"병용금기","단일",D000498,Nicorandil,"니코란딜","","[M081543]니코란딜","[02170]혈관확장제","단일",D000246,Sildenafil,"실데나필","","[M089346]구연산실데나필/[M252789]실데나필시트르산염/[M253237]실데나필","[02140]혈압강하제/[02590]기타의 비뇨생식기관 및 항문용약",20070411,"혈관확장작용 증가로 저혈압 효과 상승","","정상"
"병용금기","단일",D000466,Nortriptyline,"노르트립틸린","","[M050132]염산노르트립틸린","[01170]정신신경용제/[01190]기타의 중추신경용약","단일",D000139,"Selegiline Hydrochloride","셀레길린염산염","","[M222864]셀레길린염산염","[01190]기타의 중추신경용약",20070411,"근독성, 간질, 세로토닌성 증후군(고혈압, 고열, 간대성 근경련, 정신상태 변화 등)","","정상"
"병용금기","단일",D000700,Pethidine,"페티딘","","[M223282]페티딘염산염/[M225648]염산페치딘","[08210]합성마약","단일",D000139,"Selegiline Hydrochloride","셀레길린염산염","","[M222864]셀레길린염산염","[01190]기타의 중추신경용약",20070411,"아편계 약물의 효과 증강. 혼수, 중증의 호흡 억제","","정상"
"병용금기","단일",D000213,Pimozide,"피모짓","","[M071691]피모짓","[01170]정신신경용제","단일",D000712,Ritonavir,"리토나비르","","[M259362]리토나비르","[06290]기타의 화학요법제",20070411,"QT 연장, 심실성 빈맥, 심실세동 및 torsades de pointes 등 심독성위험 증가","","정상"
"병용금기","단일",D000213,Pimozide,"피모짓","","[M071691]피모짓","[01170]정신신경용제","단일",D000443,Voriconazole,"보리코나졸","","[I005813]보리코나졸/[M102252]보리코나졸","[06290]기타의 화학요법제",20070411,"QT 연장, 심실성 빈맥, 심실세동 및 torsades de pointes 등 심독성위험 증가","","정상"
"병용금기","단일",D000314,Rifampicin,"리팜피신","","[M020042]리팜피신","[06130]주로 항산성균에 작용하는 것","단일",D000443,Voriconazole,"보리코나졸","","[I005813]보리코나졸/[M102252]보리코나졸","[06290]기타의 화학요법제",20070411,"혈중농도가 저하되어 보리코나졸의 약물효과 감소","","정상"
"병용금기","단일",D000139,"Selegiline Hydrochloride","셀레길린염산염","","[M222864]셀레길린염산염","[01190]기타의 중추신경용약","단일",D000638,Venlafaxine,"벤라팍신","","[M088219]염산벤라팍신/[M091246]염산벤라팍신서방성과립/[M207949]염산벤라팍신펠렛/[M241528]벤라팍신염산염/[M241640]벤라팍신염산염서방성과립/[M241643]벤라팍신염산염서방과립/[M242800]벤라팍신염산염펠렛","[02130]이뇨제",20070411,"세로토닌성 증후군(고혈압, 고열, 간대성 근경련, 정신상태 변화 등)","","정상"
"병용금기","단일",D000650,Sumatriptan,"수마트립탄","","[M089467]호박산수마트립탄/[M246956]수마트립탄숙신산염","[01140]해열.진통.소염제","단일",D000171,Zolmitriptan,"졸미트립탄","","[M090949]졸미트립탄","[01140]해열.진통.소염제",20070411,"상가적인 혈관수축반응, 현저한 혈압상승","","정상"
"병용금기","단일",D000274,Ketorolac,"케토롤락","","[M084703]케토롤락트로메타민/[M222885]케토롤락트로메타민염","[01140]해열.진통.소염제/[01310]안과용제","단일",D000031,Acemetacin,"아세메타신","","[M080670]아세메타신","[01140]해열.진통.소염제",20080101,"중증의 위장관계 이상반응","","정상"
"병용금기","단일",D000274,Ketorolac,"케토롤락","","[M084703]케토롤락트로메타민/[M222885]케토롤락트로메타민염","[01140]해열.진통.소염제/[01310]안과용제","단일",D000452,Aspirin,"아스피린","","[M040355]아스피린/[M040356]아스피린알루미늄/[M071842]아스피린리신/[M081776]아스피린장용과립/[M082548]아스피린제피세립(아세틸살리실산제피세립)/[M084664]아스피린장용피입자/[M089224]주사용아스피린리신90%/[M246086]아스피린제피세립/[M253914]아스피린장용펠렛/[M264065]아스피린과립","[01140]해열.진통.소염제/[02190]기타의 순환계용약",20080101,"중증의 위장관계 이상반응","","정상"
"병용금기","단일",D000274,Ketorolac,"케토롤락","","[M084703]케토롤락트로메타민/[M222885]케토롤락트로메타민염","[01140]해열.진통.소염제/[01310]안과용제","단일",D000675,Clonixin,"클로닉신","","[M080375]클로닉신리시네이트/[M100531]클로닉신리진/[M104025]클로닉신리시네이트/[M212258]클로닉신리신/[M259773]클로닉신리지네이트","[01140]해열.진통.소염제",20080101,"중증의 위장관계 이상반응","","정상"
"병용금기","단일",D000274,Ketorolac,"케토롤락","","[M084703]케토롤락트로메타민/[M222885]케토롤락트로메타민염","[01140]해열.진통.소염제/[01310]안과용제","단일",D000298,Diflunisal,"디플루니살","","[M085412]디플루니살","[01140]해열.진통.소염제",20080101,"중증의 위장관계 이상반응","","정상"
"병용금기","단일",D000274,Ketorolac,"케토롤락","","[M084703]케토롤락트로메타민/[M222885]케토롤락트로메타민염","[01140]해열.진통.소염제","단일",D000363,Ibuprofen,"이부프로펜","","[M051259]이부프로펜/[M071015]이부프로펜리신/[M086772]이부프로펜제피세립/[M209277]이부프로펜아르기닌/[M246943]이부프로펜나트륨이수화물","[01140]해열.진통.소염제/[02190]기타의 순환계용약/[02640]진통.진양.수렴.소염제",20080101,"중증의 위장관계 이상반응","","정상"
"병용금기","단일",D000274,Ketorolac,"케토롤락","","[M084703]케토롤락트로메타민/[M222885]케토롤락트로메타민염","[01140]해열.진통.소염제/[01310]안과용제","단일",D000575,Indometacin,"인도메타신","","[M040508]인도메타신","[01140]해열.진통.소염제/[02190]기타의 순환계용약/[02640]진통.진양.수렴.소염제",20080101,"중증의 위장관계 이상반응","","정상"
"병용금기","단일",D000274,Ketorolac,"케토롤락","","[M084703]케토롤락트로메타민/[M222885]케토롤락트로메타민염","[01140]해열.진통.소염제/[01310]안과용제","단일",D000672,Ketoprofen,"케토프로펜","","[M051464]케토프로펜/[M081361]케토프로펜리신","[01140]해열.진통.소염제/[02310]치과구강용약/[02640]진통.진양.수렴.소염제",20080101,"중증의 위장관계 이상반응","","정상"
"병용금기","단일",D000274,Ketorolac,"케토롤락","","[M084703]케토롤락트로메타민/[M222885]케토롤락트로메타민염","[01140]해열.진통.소염제/[01310]안과용제","단일",D000115,Lornoxicam,"로녹시캄","","[M088931]로녹시캄","[01140]해열.진통.소염제",20080101,"중증의 위장관계 이상반응","","정상"
"병용금기","단일",D000274,Ketorolac,"케토롤락","","[M084703]케토롤락트로메타민/[M222885]케토롤락트로메타민염","[01140]해열.진통.소염제/[01310]안과용제","단일",D000083,Nimesulide,"니메술리드","","[M082649]니메술리드","[01140]해열.진통.소염제",20080101,"중증의 위장관계 이상반응","","정상"
"병용금기","단일",D000274,Ketorolac,"케토롤락","","[M084703]케토롤락트로메타민/[M222885]케토롤락트로메타민염","[01140]해열.진통.소염제/[01310]안과용제","단일",D000262,Oxaprozin,"옥사프로진","","[M084890]옥사프로진","[01140]해열.진통.소염제",20080101,"중증의 위장관계 이상반응","","정상"
"병용금기","단일",D000274,Ketorolac,"케토롤락","","[M084703]케토롤락트로메타민/[M222885]케토롤락트로메타민염","[01140]해열.진통.소염제/[01310]안과용제","단일",D000309,Piroxicam,"피록시캄","","[M071634]피록시캄","[01140]해열.진통.소염제/[02640]진통.진양.수렴.소염제",20080101,"중증의 위장관계 이상반응","","정상"
"병용금기","단일",D000274,Ketorolac,"케토롤락","","[M084703]케토롤락트로메타민/[M222885]케토롤락트로메타민염","[01140]해열.진통.소염제/[01310]안과용제","단일",D000544,Salsalate,"살살레이트","","[M099981]살살레이트","[01140]해열.진통.소염제",20080101,"중증의 위장관계 이상반응","","정상"
"병용금기","단일",D000274,Ketorolac,"케토롤락","","[M084703]케토롤락트로메타민/[M222885]케토롤락트로메타민염","[01140]해열.진통.소염제/[01310]안과용제","단일",D000644,Sulindac,"설린닥","","[M050765]설린닥","[01140]해열.진통.소염제",20080101,"중증의 위장관계 이상반응","","정상"
"병용금기","단일",D000343,Amantadine,"아만타딘","","[M050926]염산아만타딘/[M081897]황산아만타딘/[M258880]아만타딘황산염/[M263832]아만타딘","[01190]기타의 중추신경용약","단일",D000238,Bromperidol,"브롬페리돌","","[M081835]브롬페리돌","[01170]정신신경용제",20080401,"항콜린작용 증가","","정상"
"병용금기","단일",D000343,Amantadine,"아만타딘","","[M050926]염산아만타딘/[M081897]황산아만타딘/[M258880]아만타딘황산염/[M263832]아만타딘","[01190]기타의 중추신경용약","단일",D000584,Chlorpromazine,"클로르프로마진","","[M040618]염산클로르프로마진/[M223216]클로르프로마진염산염","[01170]정신신경용제",20080401,"항콜린작용 증가","","정상"
"병용금기","단일",D000343,Amantadine,"아만타딘","","[M050926]염산아만타딘/[M081897]황산아만타딘/[M258880]아만타딘황산염/[M263832]아만타딘","[01190]기타의 중추신경용약","단일",D000781,Perphenazine,"페르페나진","","[M091367]페르페나진/[M232514]페르페나진염산염","[01170]정신신경용제",20080401,"amantadine의 효과 저해","","정상"
"병용금기","단일",D000144,Anastrozole,"아나스트로졸","","[M089187]아나스트로졸","[04210]항악성종양제","단일",D000664,Estrogens,"에스트로겐","","[M051066]에스트로겐/[M095201]결합형에스트로겐/[M259850]결합형에스트로겐4.29%","[02470]난포호르몬제 및 황체호르몬제/[02690]기타의 외피용약",20080401,"anastrozole의 약리작용 감소","","정상"
"병용금기","단일",D000144,Anastrozole,"아나스트로졸","","[M089187]아나스트로졸","[04210]항악성종양제","단일",D000679,Tamoxifen,"타목시펜","","[M081863]타목시펜시트레이트/[M081968]구연산타목시펜/[M222891]타목시펜시트르산염","[04210]항악성종양제",20080401,"anastrozole의 혈장농도 감소","","정상"
"병용금기","단일",D000238,Bromperidol,"브롬페리돌","","[M081835]브롬페리돌","[01170]정신신경용제","단일",D000541,Bromocriptine,"브로모크립틴","","[M084476]메실산브로모크립틴/[M099735]브로모크립틴메실레이트/[M223060]브로모크립틴메실산염","[03990]따로 분류되지 않는 대사성 의약품",20080401,"지발성 운동장애 촉진, bromocryptine의 작용감약","","정상"
"병용금기","단일",D000238,Bromperidol,"브롬페리돌","","[M081835]브롬페리돌","[01170]정신신경용제","단일",D000560,Epinephrine,"에피네프린","","[M040421]에피네프린/[M040581]중주석산에피네프린/[M094252]주석산에피네프린/[M251244]에피네프린타르타르산염","[02450]부신호르몬제",20080401,"혈압강하","","정상"
"병용금기","단일",D000540,Buspirone,"부스피론","","[M081980]염산부스피론/[M222852]부스피론염산염","[01170]정신신경용제","단일",D000429,Moclobemide,"모클로베미드","","[M085249]모클로베미드","[01170]정신신경용제",20080401,"혈압상승","","정상"
"병용금기","단일",D000584,Chlorpromazine,"클로르프로마진","","[M040618]염산클로르프로마진/[M223216]클로르프로마진염산염","[01170]정신신경용제","단일",D000560,Epinephrine,"에피네프린","","[M040421]에피네프린/[M040581]중주석산에피네프린/[M094252]주석산에피네프린/[M251244]에피네프린타르타르산염","[02450]부신호르몬제",20080401,"혈압강하","","정상"
"병용금기","단일",D000276,Chlorprothixene,"클로르프로틱센","","[M051534]클로르프로칙센","[01170]정신신경용제","단일",D000560,Epinephrine,"에피네프린","","[M040421]에피네프린/[M040581]중주석산에피네프린/[M094252]주석산에피네프린/[M251244]에피네프린타르타르산염","[02450]부신호르몬제",20080401,"혈압강하","","정상"
"병용금기","단일",D000332,Citalopram,"시탈로프람","","[M085304]브롬화수소산시탈로프람","[01170]정신신경용제","단일",D000213,Pimozide,"피모짓","","[M071691]피모짓","[01170]정신신경용제",20080401,"QT간격 연장","","정상"
"병용금기","단일",D000477,Clenbuterol,"클렌부테롤","","[M081571]염산클렌부테롤/[M222889]클렌부테롤염산염","[02220]진해거담제","단일",D000560,Epinephrine,"에피네프린","","[M040421]에피네프린/[M040581]중주석산에피네프린/[M094252]주석산에피네프린/[M251244]에피네프린타르타르산염","[02450]부신호르몬제",20080401,"부정맥 또는 심정지","","정상"
"병용금기","단일",D000334,Cyclosporine,"사이클로스포린","","[A005971]시클로스포린/[M040068]마이크로에멀젼용시클로스포린/[M085282]사이클로스포린/[M085565]시클로스포린","[01310]안과용제/[01420]자격요법제(비특이성면역억제제를 포함)","단일",D000279,Tacrolimus,"타크로리무스","","[M089193]타크로리무스수화물/[M227652]타크로리무스 수화물","[01420]자격요법제(비특이성면역억제제를 포함)/[02690]기타의 외피용약",20080401,"신독성 증가","48시간 이내 병용금기","정상"
"병용금기","단일",D000155,Ephedrine,"에페드린","","[M040420]염산에페드린/[M223155]에페드린염산염","[02220]진해거담제","단일",D000429,Moclobemide,"모클로베미드","","[M085249]모클로베미드","[01170]정신신경용제",20080401,"고혈압, 빈맥 유발","","정상"
"병용금기","단일",D000155,Ephedrine,"에페드린","","[M040420]염산에페드린/[M223155]에페드린염산염","[02220]진해거담제","단일",D000560,Epinephrine,"에피네프린","","[M040421]에피네프린/[M040581]중주석산에피네프린/[M094252]주석산에피네프린/[M251244]에피네프린타르타르산염","[02450]부신호르몬제",20080401,"부정맥 또는 심정지 유도","","정상"
"병용금기","단일",D000155,Ephedrine,"에페드린","","[M040420]염산에페드린/[M223155]에페드린염산염","[02220]진해거담제","단일",D000139,"Selegiline Hydrochloride","셀레길린염산염","","[M222864]셀레길린염산염","[01190]기타의 중추신경용약",20080401,"고혈압, 빈맥 유발","","정상"
"병용금기","단일",D000070,Fenoterol,"페노테롤","","[M051699]브롬화수소산페노테롤/[M222898]페노테롤브롬화수소산염","[02220]진해거담제/[02290]기타의 호흡기관용약","단일",D000560,Epinephrine,"에피네프린","","[M040421]에피네프린/[M040581]중주석산에피네프린/[M094252]주석산에피네프린/[M251244]에피네프린타르타르산염","[02450]부신호르몬제",20080401,"부정맥 또는 심정지 유도","","정상"
"병용금기","단일",D000212,"Flecainide Acetate","플레카이니드아세테이트","","[M201704]초산플레카이니드/[M239215]플레카이니드아세테이트/[M257171]플레카이니드아세트산염","[02120]부정맥용제","단일",D000719,Mizolastine,"미졸라스틴","","[M089840]미졸라스틴","[01410]항히스타민제",20080401,"심실성부정맥","","정상"
"병용금기","단일",D000267,Iopamidol,"이오파미돌","","[M085529]이오파미돌","[07210]X선조영제","단일",D000718,Metformin,"메트포르민","","[M201260]염산메트포민/[M214651]염산메트포르민/[M223014]메트포르민염산염/[M244179]메트포르민염산염/[M255741]메트포르민아세트산염/[M263864]메트포르민/[M266682]메트포르민염산염 콜로이드성이산화규소","[03960]당뇨병용제",20080401,"급성신부전","","정상"
"병용금기","단일",D000165,Ioversol,"이오베르솔","","[A000953]이오베르솔/[M088691]이오버솔/[M257716]이오베르솔/[M274167]조이오베르솔","[07210]X선조영제","단일",D000718,Metformin,"메트포르민","","[M201260]염산메트포민/[M214651]염산메트포르민/[M223014]메트포르민염산염/[M244179]메트포르민염산염/[M255741]메트포르민아세트산염/[M263864]메트포르민/[M266682]메트포르민염산염 콜로이드성이산화규소","[03960]당뇨병용제",20080401,"급성신부전","","정상"
"병용금기","단일",D000268,"Ioxaglic Acid","이옥사글린산","","[M085561]이옥사글린산","[07210]X선조영제","단일",D000718,Metformin,"메트포르민","","[M201260]염산메트포민/[M214651]염산메트포르민/[M223014]메트포르민염산염/[M244179]메트포르민염산염/[M255741]메트포르민아세트산염/[M263864]메트포르민/[M266682]메트포르민염산염 콜로이드성이산화규소","[03960]당뇨병용제",20080401,"급성신부전","","정상"
"병용금기","단일",D000759,Isoproterenol,"이소프로테레놀","","[M223175]이소프로테레놀염산염","[02220]진해거담제","단일",D000560,Epinephrine,"에피네프린","","[M040421]에피네프린/[M040581]중주석산에피네프린/[M094252]주석산에피네프린/[M251244]에피네프린타르타르산염","[02450]부신호르몬제",20080401,"부정맥 또는 심정지 유도","","정상"
"병용금기","단일",D000758,Isotretinoin,"이소트레티노인","","[M088250]이소트레티노인","[02650]기생성 피부질환용제/[03110]비타민 A 및 D제","단일",D000488,Tretinoin,"트레티노인","","[M051617]트레티노인","[02650]기생성 피부질환용제/[02660]피부연화제(부식제를 포함)/[04290]기타의 종양치료제",20080401,"비타민A 과잉증","","정상"
"병용금기","단일",D000769,Ketoconazole,"케토코나졸","","[M080618]케토코나졸","[06290]기타의 화학요법제/[06410]항원충제","단일",D000265,Isoniazid,"이소니아지드","","[M223170]이소니아지드","[06220]항결핵제",20080401,"효소유도로 인한 ketoconazole의 혈중농도 저하","","정상"
"병용금기","단일",D000769,Ketoconazole,"케토코나졸","","[M080618]케토코나졸","[06290]기타의 화학요법제/[06410]항원충제","단일",D000314,Rifampicin,"리팜피신","","[M020042]리팜피신","[06130]주로 항산성균에 작용하는 것",20080401,"효소유도로 인한 ketoconazole의 혈중농도 저하","","정상"
"병용금기","단일",D000274,Ketorolac,"케토롤락","","[M084703]케토롤락트로메타민/[M222885]케토롤락트로메타민염","[01140]해열.진통.소염제/[01310]안과용제","단일",D000696,Dexketoprofen,"덱스케토프로펜","","[M213126]덱스케토프로펜트로메타몰","[01140]해열.진통.소염제",20080401,"상가적인 위장관 궤양, 출혈의 위험","","정상"
"병용금기","단일",D000274,Ketorolac,"케토롤락","","[M084703]케토롤락트로메타민/[M222885]케토롤락트로메타민염","[01140]해열.진통.소염제/[01310]안과용제","단일",D000525,Loxoprofen,"록소프로펜","","[M085577]록소프로펜나트륨/[M222839]록소프로펜나트륨수화물/[M259736]록소푸로펜나트륨수화물","[01140]해열.진통.소염제/[02640]진통.진양.수렴.소염제",20080401,"상가적인 위장관 궤양, 출혈의 위험","","정상"
"병용금기","단일",D000274,Ketorolac,"케토롤락","","[M084703]케토롤락트로메타민/[M222885]케토롤락트로메타민염","[01140]해열.진통.소염제/[01310]안과용제","단일",D000703,Pranoprofen,"프라노프로펜","","[M081426]프라노프로펜","[01140]해열.진통.소염제/[01310]안과용제",20080401,"상가적인 위장관 궤양, 출혈의 위험","","정상"
"병용금기","단일",D000274,Ketorolac,"케토롤락","","[M084703]케토롤락트로메타민/[M222885]케토롤락트로메타민염","[01140]해열.진통.소염제/[01310]안과용제","단일",D000766,Zaltoprofen,"잘토프로펜","","[M086829]잘토프로펜","[01140]해열.진통.소염제",20080401,"상가적인 위장관 궤양, 출혈의 위험","","정상"
"병용금기","단일",D000320,Melphalan,"멜팔란","","[A005320]멜팔란/[M200547]멜팔란","[04210]항악성종양제","단일",D000783,"Nalidixic Acid","날리딕스산","","[M040054]날리딕스산","[06290]기타의 화학요법제",20080401,"출혈성 궤양대장염과 장괴사","","정상"
"병용금기","단일",D000120,Menatetrenone,"메나테트레논","","[M240052]메나테트레논","[03990]따로 분류되지 않는 대사성 의약품","단일",D000567,Warfarin,"와파린","","[M081434]와파린나트륨","[03330]혈액응고저지제",20080401,"warfarin의 항응고효과 감소","","정상"
"병용금기","단일",D000719,Mizolastine,"미졸라스틴","","[M089840]미졸라스틴","[01410]항히스타민제","단일",D000426,Metronidazole,"메트로니다졸","","[M040170]메트로니다졸","[02690]기타의 외피용약/[06410]항원충제",20080401,"mizolastine의 혈중농도 상승","","정상"
"병용금기","단일",D000429,Moclobemide,"모클로베미드","","[M085249]모클로베미드","[01170]정신신경용제","단일",D000200,Dextromethorphan,"덱스트로메토르판","","[M040084]브롬화수소산덱스트로메토르판/[M202983]덱스트로메토르판브롬화수소산염/[M222957]덱스트로메토르판브롬화수소산염수화물","[02220]진해거담제",20080401,"경련, 반사항진, 이상고열, 혼수 등","","정상"
"병용금기","단일",D000429,Moclobemide,"모클로베미드","","[M085249]모클로베미드","[01170]정신신경용제","단일",D000006,Morphine,"모르핀","","[M040182]염산모르핀/[M040184]황산모르핀/[M103284]모르핀/[M208615]황산모르핀/[M223034]모르핀황산염수화물/[M230907]모르핀염산염수화물","[08110]아편알카로이드계 제제",20080401,"경련, 반사항진, 이상고열, 혼수 등","","정상"
"병용금기","단일",D000429,Moclobemide,"모클로베미드","","[M085249]모클로베미드","[01170]정신신경용제","단일",D000773,Tramadol,"트라마돌","","[M080418]염산트라마돌/[M104509]염산트라마돌지속성제피과립/[M222893]트라마돌염산염/[M255410]트라마돌염산염","[01140]해열.진통.소염제",20080401,"세로토닌 작용에 의한 증후군(중추흥분, 설사, 빈맥, 땀, 진전, 혼동, 혼수 등) 야기","","정상"
"병용금기","단일",D000196,Nisoldipine,"니솔디핀","","[M089893]니솔디핀","[02140]혈압강하제","단일",D000762,Itraconazole,"이트라코나졸","","[M083733]이트라코나졸제피과립/[M083734]이트라코나졸/[M092870]이트라코나졸고체분산체/[M201487]이트라코나졸고체분산/[M201624]제피이트라코나졸과립","[06290]기타의 화학요법제",20080401,"nisoldipine의 혈중농도 상승","","정상"
"병용금기","단일",D000196,Nisoldipine,"니솔디핀","","[M089893]니솔디핀","[02140]혈압강하제","단일",D000769,Ketoconazole,"케토코나졸","","[M080618]케토코나졸","[02650]기생성 피부질환용제/[06290]기타의 화학요법제/[06410]항원충제",20080401,"nisoldipine의 혈중농도 상승","","정상"
"병용금기","단일",D000755,Octreotide,"옥트레오티드","","[M256545]옥트레오티드아세트산염","[02490]기타의 호르몬제(항호르몬제를 포함)","단일",D000541,Bromocriptine,"브로모크립틴","","[M084476]메실산브로모크립틴/[M099735]브로모크립틴메실레이트/[M223060]브로모크립틴메실산염","[03990]따로 분류되지 않는 대사성 의약품",20080401,"bromocriptine mesylate 혈중농도 상승","","정상"
"병용금기","단일",D000261,Oxatomide,"옥사토마이드","","[M083726]옥사토마이드","[01410]항히스타민제","단일",D000656,Atropine,"아트로핀","","[M040370]황산아트로핀/[M084258]아트로핀/[M110023]아트로핀황산염/[M223111]아트로핀황산염수화물","[01230]자율신경제/[01240]진경제/[01310]안과용제",20080401,"항콜린 작용 증가","","정상"
"병용금기","단일",D000513,Pentamidin,"펜타미딘","","[M261497]펜타미딘이세티온산염","[06160]주로 곰팡이, 원충에 작용하는 것","단일",D000030,Amisulpride,"아미설프리드","","[M089148]아미설프리드","[01170]정신신경용제",20080401,"심실성 부정맥(특히 torsades de pointes) 위험 증가","","정상"
"병용금기","단일",D000514,Procaterol,"프로카테롤","","[M223307]프로카테롤염산염수화물/[M256192]프로카테롤염산염수화물(미분화)","[02220]진해거담제","단일",D000560,Epinephrine,"에피네프린","","[M040421]에피네프린/[M040581]중주석산에피네프린/[M094252]주석산에피네프린/[M251244]에피네프린타르타르산염","[02450]부신호르몬제",20080401,"부정맥 또는 심정지 유도","소생 등의 위급상황 제외","정상"
"병용금기","단일",D000448,Pseudoephedrine,"슈도에페드린","","[M050833]염산슈도에페드린/[M081720]황산슈도에페드린/[M203364]슈도에페드린염산염/[M222865]수도에페드린염산염/[M248579]수도에페드린황산염/[M256034]수도에페드린염산염 과립/[M258826]수도에페드린","[02220]진해거담제/[02290]기타의 호흡기관용약","단일",D000429,Moclobemide,"모클로베미드","","[M085249]모클로베미드","[01170]정신신경용제",20080401,"고혈압, 빈맥 유발","","정상"
"병용금기","단일",D000448,Pseudoephedrine,"슈도에페드린","","[M050833]염산슈도에페드린/[M081720]황산슈도에페드린/[M203364]슈도에페드린염산염/[M222865]수도에페드린염산염/[M248579]수도에페드린황산염/[M256034]수도에페드린염산염 과립/[M258826]수도에페드린","[02220]진해거담제/[02290]기타의 호흡기관용약","단일",D000139,"Selegiline Hydrochloride","셀레길린염산염","","[M222864]셀레길린염산염","[01190]기타의 중추신경용약",20080401,"고혈압, 빈맥 유발","","정상"
"병용금기","단일",D000314,Rifampicin,"리팜피신","","[M020042]리팜피신","[06130]주로 항산성균에 작용하는 것","단일",D000164,Isradipine,"이스라디핀","","[M083934]이스라디핀","[02140]혈압강하제",20080401,"isradipine의 혈장농도 저하","","정상"
"병용금기","단일",D000314,Rifampicin,"리팜피신","","[M020042]리팜피신","[06130]주로 항산성균에 작용하는 것","단일",D000197,Nifedipine,"니페디핀","","[M050164]니페디핀/[M260164]니페디핀(미분화)","[02170]혈관확장제",20080401,"nifedipine의 혈장농도 저하","","정상"
"병용금기","단일",D000314,Rifampicin,"리팜피신","","[M020042]리팜피신","[06130]주로 항산성균에 작용하는 것","단일",D000196,Nisoldipine,"니솔디핀","","[M089893]니솔디핀","[02140]혈압강하제",20080401,"nisoldipine의 작용 약화","","정상"
"병용금기","단일",D000628,Roxithromycin,"록시트로마이신","","[M082720]록시스로마이신/[M104917]록시스로마이신제피세립/[M222840]록시트로마이신/[M222994]록시트로마이신/[M243529]제피된 록시트로마이신","[06140]주로 그람양성균, 리케치아, 비루스에 작용하는 것","단일",D000213,Pimozide,"피모짓","","[M071691]피모짓","[01170]정신신경용제",20080401,"심실부정맥(Torsades de pointes 포함)등의 심혈관계 이상반응","","정상"
"병용금기","단일",D000139,"Selegiline Hydrochloride","셀레길린염산염","","[M222864]셀레길린염산염","[01190]기타의 중추신경용약","단일",D000018,"Bupropion Hydrochloride","부프로피온염산염","","[I000166]부프로피온염산염/[M095783]염산부프로피온/[M233238]부프로피온염산염","[01170]정신신경용제",20080401,"bupropion의 급성독성 증가","","정상"
"병용금기","단일",D000139,"Selegiline Hydrochloride","셀레길린염산염","","[M222864]셀레길린염산염","[01190]기타의 중추신경용약","단일",D000242,Cyclobenzaprine,"시클로벤자프린","","[M246272]시클로벤자프린염산염","[01220]골격근이완제",20080401,"고혈압, 저혈압, 발한을 동반한 심각한 중추신경계 이상반응(현기, 진전, 발작등)","","정상"
"병용금기","단일",D000139,"Selegiline Hydrochloride","셀레길린염산염","","[M222864]셀레길린염산염","[01190]기타의 중추신경용약","단일",D000200,Dextromethorphan,"덱스트로메토르판","","[M040084]브롬화수소산덱스트로메토르판/[M202983]덱스트로메토르판브롬화수소산염/[M222957]덱스트로메토르판브롬화수소산염수화물","[02220]진해거담제",20080401,"경련, 반사항진, 이상고열, 혼수 등","","정상"
"병용금기","단일",D000139,"Selegiline Hydrochloride","셀레길린염산염","","[M222864]셀레길린염산염","[01190]기타의 중추신경용약","단일",D000006,Morphine,"모르핀","","[M040182]염산모르핀/[M040184]황산모르핀/[M103284]모르핀/[M208615]황산모르핀/[M223034]모르핀황산염수화물/[M230907]모르핀염산염수화물","[08110]아편알카로이드계 제제",20080401,"경련, 반사항진, 이상고열, 혼수 등","","정상"
"병용금기","단일",D000139,"Selegiline Hydrochloride","셀레길린염산염","","[M222864]셀레길린염산염","[01190]기타의 중추신경용약","단일",D000650,Sumatriptan,"수마트립탄","","[M089467]호박산수마트립탄/[M246956]수마트립탄숙신산염","[01140]해열.진통.소염제",20080401,"동맥 고혈압, 관상동맥 수축","","정상"
"병용금기","단일",D000139,"Selegiline Hydrochloride","셀레길린염산염","","[M222864]셀레길린염산염","[01190]기타의 중추신경용약","단일",D000773,Tramadol,"트라마돌","","[M080418]염산트라마돌/[M104509]염산트라마돌지속성제피과립/[M222893]트라마돌염산염/[M255410]트라마돌염산염","[01140]해열.진통.소염제",20080401,"세로토닌 작용에 의한 증후군(중추흥분, 설사, 빈맥, 땀, 진전, 혼동, 혼수 등) 야기","","정상"
"병용금기","단일",D000246,Sildenafil,"실데나필","","[M089346]구연산실데나필/[M252789]실데나필시트르산염/[M253237]실데나필","[02140]혈압강하제/[02590]기타의 비뇨생식기관 및 항문용약","단일",D000215,Nitroglycerin,"니트로글리세린","","[M088774]희석니트로글리세린/[M094010]5%니트로글리세린무수에탄올액/[M104103]희석된니트로글리세린/[M104323]희석된니트로글리세린(니트로글리세린2%유당)/[M214344]희석힌니트로글리세린용액/[M257143]묽은니트로글리세린","[02170]혈관확장제/[02560]치질용제",20080401,"혈압강하작용 증가","","정상"
"병용금기","단일",D000246,Sildenafil,"실데나필","","[M089346]구연산실데나필/[M252789]실데나필시트르산염/[M253237]실데나필","[02140]혈압강하제/[02590]기타의 비뇨생식기관 및 항문용약","단일",D000787,Nitroprusside,"니트로푸루시드","","[M234430]니트로 푸루시드 나트륨","[02140]혈압강하제",20080401,"혈압강하작용 증가","","정상"
"병용금기","단일",D000279,Tacrolimus,"타크로리무스","","[M089193]타크로리무스수화물/[M227652]타크로리무스 수화물","[01420]자격요법제(비특이성면역억제제를 포함)/[02690]기타의 외피용약","단일",D000159,Amiloride,"아미로라이드","","[M080372]염산아미로라이드","[02130]이뇨제",20080401,"고칼륨혈증","","정상"
"병용금기","단일",D000279,Tacrolimus,"타크로리무스","","[M089193]타크로리무스수화물/[M227652]타크로리무스 수화물","[01420]자격요법제(비특이성면역억제제를 포함)/[02690]기타의 외피용약","단일",D000731,Spironolactone,"스피로노락톤","","[M099796]스피로노락톤","[02130]이뇨제",20080401,"고칼륨혈증","","정상"
"병용금기","단일",D000181,Tadalafil,"타다라필","","[M095435]타다라필","[02590]기타의 비뇨생식기관 및 항문용약","단일",D000530,Molsidomine,"몰시도민","","[M070605]몰시도민","[02170]혈관확장제",20080401,"혈압강하작용 증가","","정상"
"병용금기","단일",D000181,Tadalafil,"타다라필","","[M095435]타다라필","[02590]기타의 비뇨생식기관 및 항문용약","단일",D000215,Nitroglycerin,"니트로글리세린","","[M088774]희석니트로글리세린/[M094010]5%니트로글리세린무수에탄올액/[M104103]희석된니트로글리세린/[M104323]희석된니트로글리세린(니트로글리세린2%유당)/[M214344]희석힌니트로글리세린용액/[M257143]묽은니트로글리세린","[02170]혈관확장제/[02560]치질용제",20080401,"혈압강하작용 증가","","정상"
"병용금기","단일",D000181,Tadalafil,"타다라필","","[M095435]타다라필","[02590]기타의 비뇨생식기관 및 항문용약","단일",D000787,Nitroprusside,"니트로푸루시드","","[M234430]니트로 푸루시드 나트륨","[02140]혈압강하제",20080401,"혈압강하작용 증가","","정상"
"병용금기","단일",D000521,"Terbutaline Sulfate","테르부탈린황산염","","[M051568]황산테르부탈린","[02220]진해거담제","단일",D000560,Epinephrine,"에피네프린","","[M040421]에피네프린/[M040581]중주석산에피네프린/[M094252]주석산에피네프린/[M251244]에피네프린타르타르산염","[02450]부신호르몬제",20080401,"부정맥 또는 심정지 유도","","정상"
"병용금기","단일",D000778,Thiothixene,"티오틱센","","[M259343]티오틱센","[01170]정신신경용제","단일",D000541,Bromocriptine,"브로모크립틴","","[M084476]메실산브로모크립틴/[M099735]브로모크립틴메실레이트/[M223060]브로모크립틴메실산염","[03990]따로 분류되지 않는 대사성 의약품",20080401,"bromocryptine의 효과 저해","","정상"
"병용금기","단일",D000181,Tadalafil,"타다라필","","[M095435]타다라필","[02590]기타의 비뇨생식기관 및 항문용약","단일",D000572,Isosorbide,"이소소르비드","","[M052004]희석질산이소소르비드/[M070427]질산이소소르비드/염화나트륨/[M081164]지속성질산이소소르비드펠렛/[M083257]이소소르비드5모노니트레이트90%/[M083258]이소소르비드5모노니트레이트/[M085624]5-일질산이소소르비드20%/[M087418]5-일질산이소소르비드90%/[M088245]이소소르비드5모노니트레이트서방소립구/[M098218]이소소르비드5모노니트레이트몬탄글리콜왁스혼합물40%/[M223173]이소소르비드질산염/[M224417]이소소르비드액/[M227281]이소소르비드/[M227641]이소소르비드농축액/[M229255]지속성 질산이소소르비드펠렛/[M230818]희질산이소소르비드(25%)/[M232513]희석이소소르비드질산염/[M246194]이소소르비드-5-모노니트레이트90%/[M246508]희석이소소르비드질산염(40%)/[M250379]묽은이소소르비드이질산염/[M250785]이소소르비드질산염 제피과립/[M255262]이소소르비드디니트레이트·염화나트륨/[M256312]이소소르비드이질산염-염화나트륨/[M256917]이소소르비드일질산염90%/[M257095]이소소르비드일질산염/[M258776]묽은이소소르비드일질산염/[M259305]이소소르비드이질산염지속과립","[01160]진훈제/[02130]이뇨제/[02170]혈관확장제",20080401,"혈압강하작용 증가","","삭제"
"병용금기","단일",D000488,Tretinoin,"트레티노인","","[M051617]트레티노인","[02650]기생성 피부질환용제/[02660]피부연화제(부식제를 포함)/[04290]기타의 종양치료제","단일",D000503,Doxycycline,"독시사이클린","","[M020026]독시사이클린/[M020027]독시사이클린하이클레이트/[M084576]독시사이클린/[M222836]독시사이클린수화물/[M222960]독시사이클린하이클레이트수화물","[02310]치과구강용약/[06150]주로 그람양성, 음성균, 리케치아, 비루스에 작용하는 것",20080401,"두개내 고혈압","","정상"
"병용금기","단일",D000488,Tretinoin,"트레티노인","","[M051617]트레티노인","[02650]기생성 피부질환용제/[02660]피부연화제(부식제를 포함)/[04290]기타의 종양치료제","단일",D000754,Oxytetracycline,"옥시테트라사이클린","","[M223166]옥시테트라사이클린염산염","[06150]주로 그람양성, 음성균, 리케치아, 비루스에 작용하는 것",20080401,"두개내 고혈압","","정상"
"병용금기","단일",D000488,Tretinoin,"트레티노인","","[M051617]트레티노인","[02650]기생성 피부질환용제/[02660]피부연화제(부식제를 포함)/[04290]기타의 종양치료제","단일",D000064,Tetracycline,"테트라사이클린","","[M223235]테트라사이클린염산염","[02630]화농성질환용제/[06150]주로 그람양성, 음성균, 리케치아, 비루스에 작용하는 것",20080401,"두개내 고혈압","","정상"
"병용금기","단일",D000753,Trifluoperazine,"트리플루오페라진","","[M051644]염산트리플루오페라진","[01190]기타의 중추신경용약","단일",D000560,Epinephrine,"에피네프린","","[M040421]에피네프린/[M040581]중주석산에피네프린/[M094252]주석산에피네프린/[M251244]에피네프린타르타르산염","[02450]부신호르몬제",20080401,"혈압강하","","정상"
"병용금기","단일",D000569,Udenafil,"유데나필","","[M102602]유데나필","[02590]기타의 비뇨생식기관 및 항문용약","단일",D000572,Isosorbide,"이소소르비드","","[M052004]희석질산이소소르비드/[M070427]질산이소소르비드/염화나트륨/[M081164]지속성질산이소소르비드펠렛/[M083257]이소소르비드5모노니트레이트90%/[M083258]이소소르비드5모노니트레이트/[M085624]5-일질산이소소르비드20%/[M087418]5-일질산이소소르비드90%/[M088245]이소소르비드5모노니트레이트서방소립구/[M098218]이소소르비드5모노니트레이트몬탄글리콜왁스혼합물40%/[M223173]이소소르비드질산염/[M224417]이소소르비드액/[M227281]이소소르비드/[M227641]이소소르비드농축액/[M229255]지속성 질산이소소르비드펠렛/[M230818]희질산이소소르비드(25%)/[M232513]희석이소소르비드질산염/[M246194]이소소르비드-5-모노니트레이트90%/[M246508]희석이소소르비드질산염(40%)/[M250379]묽은이소소르비드이질산염/[M250785]이소소르비드질산염 제피과립/[M255262]이소소르비드디니트레이트·염화나트륨/[M256312]이소소르비드이질산염-염화나트륨/[M256917]이소소르비드일질산염90%/[M257095]이소소르비드일질산염/[M258776]묽은이소소르비드일질산염/[M259305]이소소르비드이질산염지속과립","[01160]진훈제/[02130]이뇨제/[02170]혈관확장제",20080401,"혈압강하작용 증가","","삭제"
"병용금기","단일",D000569,Udenafil,"유데나필","","[M102602]유데나필","[02590]기타의 비뇨생식기관 및 항문용약","단일",D000530,Molsidomine,"몰시도민","","[M070605]몰시도민","[02170]혈관확장제",20080401,"혈압강하작용 증가","","정상"
"병용금기","단일",D000569,Udenafil,"유데나필","","[M102602]유데나필","[02590]기타의 비뇨생식기관 및 항문용약","단일",D000215,Nitroglycerin,"니트로글리세린","","[M088774]희석니트로글리세린/[M094010]5%니트로글리세린무수에탄올액/[M104103]희석된니트로글리세린/[M104323]희석된니트로글리세린(니트로글리세린2%유당)/[M214344]희석힌니트로글리세린용액/[M257143]묽은니트로글리세린","[02170]혈관확장제/[02560]치질용제",20080401,"혈압강하작용 증가","","정상"
"병용금기","단일",D000569,Udenafil,"유데나필","","[M102602]유데나필","[02590]기타의 비뇨생식기관 및 항문용약","단일",D000787,Nitroprusside,"니트로푸루시드","","[M234430]니트로 푸루시드 나트륨","[02140]혈압강하제",20080401,"혈압강하작용 증가","","정상"
"병용금기","단일",D000434,Vardenafil,"바데나필","","[M252262]바데나필염산염(미분화)","[02590]기타의 비뇨생식기관 및 항문용약","단일",D000530,Molsidomine,"몰시도민","","[M070605]몰시도민","[02170]혈관확장제",20080401,"혈압강하작용 증가","","정상"
"병용금기","단일",D000434,Vardenafil,"바데나필","","[M252262]바데나필염산염(미분화)","[02590]기타의 비뇨생식기관 및 항문용약","단일",D000215,Nitroglycerin,"니트로글리세린","","[M088774]희석니트로글리세린/[M094010]5%니트로글리세린무수에탄올액/[M104103]희석된니트로글리세린/[M104323]희석된니트로글리세린(니트로글리세린2%유당)/[M214344]희석힌니트로글리세린용액/[M257143]묽은니트로글리세린","[02170]혈관확장제/[02560]치질용제",20080401,"혈압강하작용 증가","","정상"
"병용금기","단일",D000434,Vardenafil,"바데나필","","[M252262]바데나필염산염(미분화)","[02590]기타의 비뇨생식기관 및 항문용약","단일",D000787,Nitroprusside,"니트로푸루시드","","[M234430]니트로 푸루시드 나트륨","[02140]혈압강하제",20080401,"혈압강하작용 증가","","정상"
"병용금기","단일",D000434,Vardenafil,"바데나필","","[M252262]바데나필염산염(미분화)","[02590]기타의 비뇨생식기관 및 항문용약","단일",D000572,Isosorbide,"이소소르비드","","[M052004]희석질산이소소르비드/[M070427]질산이소소르비드/염화나트륨/[M081164]지속성질산이소소르비드펠렛/[M083257]이소소르비드5모노니트레이트90%/[M083258]이소소르비드5모노니트레이트/[M085624]5-일질산이소소르비드20%/[M087418]5-일질산이소소르비드90%/[M088245]이소소르비드5모노니트레이트서방소립구/[M098218]이소소르비드5모노니트레이트몬탄글리콜왁스혼합물40%/[M223173]이소소르비드질산염/[M224417]이소소르비드액/[M227281]이소소르비드/[M227641]이소소르비드농축액/[M229255]지속성 질산이소소르비드펠렛/[M230818]희질산이소소르비드(25%)/[M232513]희석이소소르비드질산염/[M246194]이소소르비드-5-모노니트레이트90%/[M246508]희석이소소르비드질산염(40%)/[M250379]묽은이소소르비드이질산염/[M250785]이소소르비드질산염 제피과립/[M255262]이소소르비드디니트레이트·염화나트륨/[M256312]이소소르비드이질산염-염화나트륨/[M256917]이소소르비드일질산염90%/[M257095]이소소르비드일질산염/[M258776]묽은이소소르비드일질산염/[M259305]이소소르비드이질산염지속과립","[01160]진훈제/[02130]이뇨제/[02170]혈관확장제",20080401,"혈압강하작용 증가","","삭제"
"병용금기","단일",D000030,Amisulpride,"아미설프리드","","[M089148]아미설프리드","[01170]정신신경용제","단일",D000259,Amiodarone,"아미오다론","","[A005259]아미오다론","[02120]부정맥용제",20091203,"심실성 부정맥(특히 torsades de pointes)","","정상"
"병용금기","단일",D000202,Dihydroergotamine,"디히드로에르고타민","","[M086240]디히드로에르고타민메실레이트","[01140]해열.진통.소염제/[02190]기타의 순환계용약","단일",D000745,Almotriptan,"알모트립탄","","[M252241]알모트립탄말산염","[01140]해열.진통.소염제",20091203,"혈압상승 및 맥각독성(혈관경련, 말단 및 기타조직 허혈)","24시간이내 병용금기","정상"
"병용금기","단일",D000256,Erythromycin,"에리트로마이신","","[M020095]에리스로마이신/[M020096]락토비온산에리스로마이신/[M020099]에리스로마이신에스톨레이트/[M020201]프로피온산에리스로마이신/[M223129]에리트로마이신/[M223130]에리트로마이신스테아르산염/[M223131]에리트로마이신에스톨산염/[M223132]에리트로마이신에틸숙시네이트/[M251863]에리트로마이신락토비온산염/[M256206]에리트로마이신 장용피입자/[M257644]에리트로마이신스티노프레이트","[06110]주로 그람양성균에 작용하는 것/[06140]주로 그람양성균, 리케치아, 비루스에 작용하는 것/[06150]주로 그람양성, 음성균, 리케치아, 비루스에 작용하는 것","단일",D000419,Lovastatin,"로바스타틴","","[M083392]로바스타틴","[02180]동맥경화용제",20091203,"횡문근융해증/근육병증 및 이에 수반되는 급격한 신기능악화","","정상"
"병용금기","단일",D000202,Dihydroergotamine,"디히드로에르고타민","","[M086240]디히드로에르고타민메실레이트","[01140]해열.진통.소염제/[02190]기타의 순환계용약","단일",D000373,Clarithromycin,"클래리트로마이신","","[M085725]클래리스로마이신/[M087123]클래리스로마이신코팅입자/[M102127]클래리스로마이신제피과립/[M222887]클래리트로마이신/[M223198]클래리트로마이신/[M245961]클래리트로마이신제피과립/[M256483]클래리트로마이신제피과립(42%)","[06180]주로 그람양성, 음성균에 작용하는 것/[06190]기타의 항생물질제제(복합항생물질제제를 포함)",20091203,"맥각독성(혈관경련, 말단 및 기타조직 허혈)","","정상"
"병용금기","단일",D000763,Indinavir,"인디나빌","","[M239870]인디나빌황산염","[06290]기타의 화학요법제","단일",D000259,Amiodarone,"아미오다론","","[A005259]아미오다론","[02120]부정맥용제",20091203,"부정맥, 혈액장애, 경련등","","정상"
"병용금기","단일",D000690,Glibenclamide,"글리벤클라미드","","[M050102]글리벤클라미드","[03960]당뇨병용제","단일",D000015,Bosentan,"보센탄","","[M102733]보센탄수화물","[02140]혈압강하제",20091203,"간독성 및 간효소치 상승","","정상"
"병용금기","단일",D000007,Midazolam,"미다졸람","","[M088434]미다졸람/[M222760]미다졸람","[01120]최면진정제","단일",D000712,Ritonavir,"리토나비르","","[M259362]리토나비르","[06290]기타의 화학요법제",20091203,"진정작용의 연장 또는 증가, 호흡저하","","정상"
"병용금기","단일",D000003,Nelfinavir,"넬피나비어","","[M088546]메실산넬피나비어","[06290]기타의 화학요법제","단일",D000259,Amiodarone,"아미오다론","","[A005259]아미오다론","[02120]부정맥용제",20091203,"부정맥, 혈액장애, 경련등","","정상"
"병용금기","단일",D000418,Repaglinide,"레파글리니드","","[M088889]레파글리니드","[03960]당뇨병용제","단일",D000076,Gemfibrozil,"겜피브로질","","[M081453]겜피브로질","[02180]동맥경화용제",20091203,"혈당강하 작용 증강","","정상"
"병용금기","단일",D000712,Ritonavir,"리토나비르","","[M259362]리토나비르","[06290]기타의 화학요법제","단일",D000212,"Flecainide Acetate","플레카이니드아세테이트","","[M201704]초산플레카이니드/[M239215]플레카이니드아세테이트/[M257171]플레카이니드아세트산염","[02120]부정맥용제",20091203,"부정맥, 혈액장애, 경련등","","정상"
"병용금기","단일",D000187,Tizanidine,"티자니딘","","[M083714]염산티자니딘/[M248019]티자니딘염산염","[01220]골격근이완제/[01240]진경제","단일",D000142,Ciprofloxacin,"시프로플록사신","","[M082454]염산시프로프록사신/[M091139]시프로플록사신/[M095543]염산시프로플록사신/[M223091]시프로플록사신염산염수화물/[M242850]시프로플록사신염산염","[01310]안과용제/[01320]이비과용제/[06290]기타의 화학요법제",20091203,"저혈압에 의해 졸음, 현기증 및 정신운동능력 감소","","정상"
"병용금기","단일",D000469,Omeprazole,"오메프라졸","","[M083697]오메프라졸장용성과립/[M083698]오메프라졸/[M089720]오메프라졸나트륨/[M201348]오메프라졸장용과립","[02320]소화성궤양용제","단일",D000150,Atazanavir,"아타자나비르","","[M249264]아타자나비어황산염/[M263079]아타자나비르황산염","[06290]기타의 화학요법제",20091203,"아타자나비어 효과감소 및 내성발현","","정상"
"병용금기","단일",D000259,Amiodarone,"아미오다론","","[A005259]아미오다론","[02120]부정맥용제","단일",D000719,Mizolastine,"미졸라스틴","","[M089840]미졸라스틴","[01410]항히스타민제",20091203,"QT 연장, 심실성 부정맥","","정상"
"병용금기","단일",D000395,Darunavir,"다루나비르","","[M258751]다루나비르에탄올레이트","[06290]기타의 화학요법제","단일",D000202,Dihydroergotamine,"디히드로에르고타민","","[M086240]디히드로에르고타민메실레이트","[01140]해열.진통.소염제/[02190]기타의 순환계용약",20091203,"사지 및 기타조직의 말초 혈관경련 및 허혈로 나타나는 급성 맥각 중독과 같은 중대한 그리고/또는 생명을 위협하는 반응","","정상"
"병용금기","단일",D000517,Fluconazole,"플루코나졸","","[M084154]플루코나졸","[02650]기생성 피부질환용제/[06290]기타의 화학요법제","단일",D000202,Dihydroergotamine,"디히드로에르고타민","","[M086240]디히드로에르고타민메실레이트","[01140]해열.진통.소염제/[02190]기타의 순환계용약",20091203,"맥각독성(혈관경련, 말단 및 기타조직 허혈)","","정상"
"병용금기","단일",D000007,Midazolam,"미다졸람","","[M088434]미다졸람/[M222760]미다졸람","[01120]최면진정제","단일",D000150,Atazanavir,"아타자나비르","","[M249264]아타자나비어황산염/[M263079]아타자나비르황산염","[06290]기타의 화학요법제",20091203,"진정작용이나 호흡억제를 증가 또는 연장","","정상"
"병용금기","단일",D000082,Norepinephrine,"노르에피네프린","","[M091963]주석산수소노르에피네프린/[M252333]노르에피네프린타르타르산염수화물","[02450]부신호르몬제","단일",D000759,Isoproterenol,"이소프로테레놀","","[M223175]이소프로테레놀염산염","[02220]진해거담제",20091203,"심부정맥, 경우에 따라 심정지","","정상"
"병용금기","단일",D000137,Salbutamol,"살부타몰","","[M050744]황산살부타몰/[M088646]황산살부타몰서방성과립/[M223069]살부타몰황산염/[M259051]살부타몰황산염(미분화)","[02220]진해거담제","단일",D000560,Epinephrine,"에피네프린","","[M040421]에피네프린/[M040581]중주석산에피네프린/[M094252]주석산에피네프린/[M251244]에피네프린타르타르산염","[02450]부신호르몬제",20091203,"부정맥 또는 심정지","","정상"
"병용금기","단일",D000181,Tadalafil,"타다라필","","[M095435]타다라필","[02590]기타의 비뇨생식기관 및 항문용약","단일",D000498,Nicorandil,"니코란딜","","[M081543]니코란딜","[02170]혈관확장제",20091203,"혈압강하작용 증강","","정상"
"병용금기","단일",D000434,Vardenafil,"바데나필","","[M252262]바데나필염산염(미분화)","[02590]기타의 비뇨생식기관 및 항문용약","단일",D000498,Nicorandil,"니코란딜","","[M081543]니코란딜","[02170]혈관확장제",20091203,"혈압강하작용 증강","","정상"
"병용금기","단일",D000213,Pimozide,"피모짓","","[M071691]피모짓","[01170]정신신경용제","단일",D000035,Escitalopram,"에스시탈로프람","","[M234885]에스시탈로프람옥살산염/[M256262]에스시탈로프람","[01170]정신신경용제",20091203,"QT 간격 연장","","정상"
"병용금기","단일",D000213,Pimozide,"피모짓","","[M071691]피모짓","[01170]정신신경용제","단일",D000516,Fluoxetine,"플루옥세틴","","[M083718]염산플루옥세틴/[M098986]염산플루옥세틴/[M222903]플루옥세틴염산염","[01170]정신신경용제",20091203,"QT 간격 연장","","정상"
"병용금기","단일",D000213,Pimozide,"피모짓","","[M071691]피모짓","[01170]정신신경용제","단일",D000800,Fluvoxamine,"플루복사민","","[M088658]플루복사민말레이트","[01170]정신신경용제",20091203,"QT 간격 연장","","정상"
"병용금기","단일",D000213,Pimozide,"피모짓","","[M071691]피모짓","[01170]정신신경용제","단일",D000353,Paroxetine,"파록세틴","","[M050607]염산파록세틴/[M102324]무수염산파록세틴/[M222896]파록세틴염산염수화물/[M234807]파록세틴염산염반수화물","[01170]정신신경용제",20091203,"QT 간격 연장","","정상"
"병용금기","단일",D000213,Pimozide,"피모짓","","[M071691]피모짓","[01170]정신신경용제","단일",D000336,Sertraline,"설트랄린","","[M085340]염산설트랄린/[M251308]설트랄린염산염","[01170]정신신경용제",20091203,"QT 간격 연장","","정상"
"병용금기","단일",D000141,Sibutramine,"시부트라민","","[M102169]메실산시부트라민/[M210820]시부트라민/[M212922]황산시부트라민/[M214898]말산시부트라민/[M222137]말레인산시부트라민/[M241829]시부트라민말레산염","[03990]따로 분류되지 않는 대사성 의약품","단일",D000795,Phentermine,"펜터민","","[M099629]염산펜터민/[M219108]염산펜터민/[M238557]펜터민염산염","[01230]자율신경제",20091203,"세로토닌 증후군(간대성 근경련, 진전, 편무도병, 조화운동불능, 말더듬증 고열, 정신상태 변화등)","","정상"
"병용금기","단일",D000141,Sibutramine,"시부트라민","","[M102169]메실산시부트라민/[M210820]시부트라민/[M212922]황산시부트라민/[M214898]말산시부트라민/[M222137]말레인산시부트라민/[M241829]시부트라민말레산염","[03990]따로 분류되지 않는 대사성 의약품","단일",D000701,"Phendimetrazine tartrate","펜디메트라진타르타르산염","","[M088437]주석산펜디메트라진/[M214394]주석산펜디메트라진/[M230784]펜디메트라진타르타르산염","[01230]자율신경제",20091203,"세로토닌 증후군(간대성 근경련, 진전, 편무도병, 조화운동불능, 말더듬증 고열, 정신상태 변화등)？","","정상"
"병용금기","단일",D000141,Sibutramine,"시부트라민","","[M102169]메실산시부트라민/[M210820]시부트라민/[M212922]황산시부트라민/[M214898]말산시부트라민/[M222137]말레인산시부트라민/[M241829]시부트라민말레산염","[03990]따로 분류되지 않는 대사성 의약품","단일",D000505,Diethylpropion,"디에틸프로피온","","[M215226]염산디에칠프로피온/[M230781]디에틸프로피온염산염","[01230]자율신경제",20091203,"세로토닌 증후군(간대성 근경련, 진전, 편무도병, 조화운동불능, 말더듬증 고열, 정신상태 변화등)","","정상"
"병용금기","단일",D000141,Sibutramine,"시부트라민","","[M102169]메실산시부트라민/[M210820]시부트라민/[M212922]황산시부트라민/[M214898]말산시부트라민/[M222137]말레인산시부트라민/[M241829]시부트라민말레산염","[03990]따로 분류되지 않는 대사성 의약품","단일",D000714,Mazindol,"마진돌","","[M092419]마진돌","[01230]자율신경제",20091203,"세로토닌 증후군(간대성 근경련, 진전, 편무도병, 조화운동불능, 말더듬증 고열, 정신상태 변화등)","","정상"
"병용금기","단일",D000569,Udenafil,"유데나필","","[M102602]유데나필","[02590]기타의 비뇨생식기관 및 항문용약","단일",D000498,Nicorandil,"니코란딜","","[M081543]니코란딜","[02170]혈관확장제",20091203,"혈압강하작용 증강","","정상"
"병용금기","단일",D000128,Mirodenafil,"미로데나필","","[M214384]염산미로데나필/[M253534]미로데나필","[02590]기타의 비뇨생식기관 및 항문용약","단일",D000498,Nicorandil,"니코란딜","","[M081543]니코란딜","[02170]혈관확장제",20091203,"혈압강하작용 증강","","정상"
"병용금기","복합",D000747,Ergotamine,"에르고타민","[D001266]Anhydrous Caffeine(카페인무수물)","[M040398]주석산에르고타민/[M223126]에르고타민타르타르산염/[M223183]카페인무수물","[01140]해열.진통.소염제","단일",D000628,Roxithromycin,"록시트로마이신","","[M082720]록시스로마이신/[M104917]록시스로마이신제피세립/[M222840]록시트로마이신/[M222994]록시트로마이신/[M243529]제피된 록시트로마이신","[06140]주로 그람양성균, 리케치아, 비루스에 작용하는 것",20091203,"맥각독성(혈관경련, 말단 및 기타조직 허혈)","","정상"
"병용금기","단일",D000128,Mirodenafil,"미로데나필","","[M214384]염산미로데나필/[M253534]미로데나필","[02590]기타의 비뇨생식기관 및 항문용약","단일",D000572,Isosorbide,"이소소르비드","","[M052004]희석질산이소소르비드/[M070427]질산이소소르비드/염화나트륨/[M081164]지속성질산이소소르비드펠렛/[M083257]이소소르비드5모노니트레이트90%/[M083258]이소소르비드5모노니트레이트/[M085624]5-일질산이소소르비드20%/[M087418]5-일질산이소소르비드90%/[M088245]이소소르비드5모노니트레이트서방소립구/[M098218]이소소르비드5모노니트레이트몬탄글리콜왁스혼합물40%/[M223173]이소소르비드질산염/[M224417]이소소르비드액/[M227281]이소소르비드/[M227641]이소소르비드농축액/[M229255]지속성 질산이소소르비드펠렛/[M230818]희질산이소소르비드(25%)/[M232513]희석이소소르비드질산염/[M246194]이소소르비드-5-모노니트레이트90%/[M246508]희석이소소르비드질산염(40%)/[M250379]묽은이소소르비드이질산염/[M250785]이소소르비드질산염 제피과립/[M255262]이소소르비드디니트레이트·염화나트륨/[M256312]이소소르비드이질산염-염화나트륨/[M256917]이소소르비드일질산염90%/[M257095]이소소르비드일질산염/[M258776]묽은이소소르비드일질산염/[M259305]이소소르비드이질산염지속과립","[01160]진훈제/[02130]이뇨제/[02170]혈관확장제",20091203,"혈압강하작용 증강","","삭제"
"병용금기","복합",D000747,Ergotamine,"에르고타민","[D001266]Anhydrous Caffeine(카페인무수물)","[M040398]주석산에르고타민/[M223126]에르고타민타르타르산염/[M223183]카페인무수물","[01140]해열.진통.소염제","단일",D000256,Erythromycin,"에리트로마이신","","[M020095]에리스로마이신/[M020096]락토비온산에리스로마이신/[M020099]에리스로마이신에스톨레이트/[M020201]프로피온산에리스로마이신/[M223129]에리트로마이신/[M223130]에리트로마이신스테아르산염/[M223131]에리트로마이신에스톨산염/[M223132]에리트로마이신에틸숙시네이트/[M251863]에리트로마이신락토비온산염/[M256206]에리트로마이신 장용피입자/[M257644]에리트로마이신스티노프레이트","[06110]주로 그람양성균에 작용하는 것/[06140]주로 그람양성균, 리케치아, 비루스에 작용하는 것/[06150]주로 그람양성, 음성균, 리케치아, 비루스에 작용하는 것",20091203,"맥각독성(혈관경련, 말단 및 기타조직 허혈)","","정상"
"병용금기","복합",D000747,Ergotamine,"에르고타민","[D001266]Anhydrous Caffeine(카페인무수물)","[M040398]주석산에르고타민/[M223126]에르고타민타르타르산염/[M223183]카페인무수물","[01140]해열.진통.소염제","단일",D000373,Clarithromycin,"클래리트로마이신","","[M085725]클래리스로마이신/[M087123]클래리스로마이신코팅입자/[M102127]클래리스로마이신제피과립/[M222887]클래리트로마이신/[M223198]클래리트로마이신/[M245961]클래리트로마이신제피과립/[M256483]클래리트로마이신제피과립(42%)","[06180]주로 그람양성, 음성균에 작용하는 것/[06190]기타의 항생물질제제(복합항생물질제제를 포함)",20091203,"맥각독성(혈관경련, 말단 및 기타조직 허혈)","","정상"
"병용금기","복합",D000747,Ergotamine,"에르고타민","[D001266]Anhydrous Caffeine(카페인무수물)","[M040398]주석산에르고타민/[M223126]에르고타민타르타르산염/[M223183]카페인무수물","[01140]해열.진통.소염제","단일",D000171,Zolmitriptan,"졸미트립탄","","[M090949]졸미트립탄","[01140]해열.진통.소염제",20091203,"약리적 상가작용에 의해, 혈압 상승 및 맥각중독(에르고티즘)(말초혈관수축 증가)의 위험성을 증가","24시간 이내 병용금기","정상"
"병용금기","단일",D000552,Atomoxetine,"아토목세틴","","[M212533]염산아토목세틴/[M246680]아토목세틴염산염","[01190]기타의 중추신경용약","단일",D000429,Moclobemide,"모클로베미드","","[M085249]모클로베미드","[01170]정신신경용제",20100525,"고열, 경직, 간대성근경련, 정신상태 변화 등","","정상"
"병용금기","단일",D000552,Atomoxetine,"아토목세틴","","[M212533]염산아토목세틴/[M246680]아토목세틴염산염","[01190]기타의 중추신경용약","단일",D000139,"Selegiline Hydrochloride","셀레길린염산염","","[M222864]셀레길린염산염","[01190]기타의 중추신경용약",20100525,"고열, 경직, 간대성근경련, 정신상태 변화 등","","정상"
"병용금기","단일",D000277,Clomipramine,"클로미프라민","","[M223223]클로미프라민염산염","[01170]정신신경용제","단일",D000139,"Selegiline Hydrochloride","셀레길린염산염","","[M222864]셀레길린염산염","[01190]기타의 중추신경용약",20100525,"고혈압위기, 이상고열증, 근간대경련, 격월성 발작, 정신착란, 혼수 등","","정상"
"병용금기","단일",D000505,Diethylpropion,"디에틸프로피온","","[M215226]염산디에칠프로피온/[M230781]디에틸프로피온염산염","[01230]자율신경제","단일",D000429,Moclobemide,"모클로베미드","","[M085249]모클로베미드","[01170]정신신경용제",20100525,"고혈압위기 유발","","정상"
"병용금기","단일",D000505,Diethylpropion,"디에틸프로피온","","[M215226]염산디에칠프로피온/[M230781]디에틸프로피온염산염","[01230]자율신경제","단일",D000139,"Selegiline Hydrochloride","셀레길린염산염","","[M222864]셀레길린염산염","[01190]기타의 중추신경용약",20100525,"고혈압위기 유발","","정상"
"병용금기","단일",D000792,Levomepromazine,"레보메프로마진","","[M222988]레보메프로마진말레산염","[01170]정신신경용제","단일",D000429,Moclobemide,"모클로베미드","","[M085249]모클로베미드","[01170]정신신경용제",20100525,"중추 흥분상태 증가","","정상"
"병용금기","단일",D000792,Levomepromazine,"레보메프로마진","","[M222988]레보메프로마진말레산염","[01170]정신신경용제","단일",D000139,"Selegiline Hydrochloride","셀레길린염산염","","[M222864]셀레길린염산염","[01190]기타의 중추신경용약",20100525,"중추 흥분상태 증가","","정상"
"병용금기","단일",D000714,Mazindol,"마진돌","","[M092419]마진돌","[01230]자율신경제","단일",D000429,Moclobemide,"모클로베미드","","[M085249]모클로베미드","[01170]정신신경용제",20100525,"혈압상승 위험 유발","","정상"
"병용금기","단일",D000714,Mazindol,"마진돌","","[M092419]마진돌","[01230]자율신경제","단일",D000139,"Selegiline Hydrochloride","셀레길린염산염","","[M222864]셀레길린염산염","[01190]기타의 중추신경용약",20100525,"혈압상승 위험 유발","","정상"
"병용금기","단일",D000701,"Phendimetrazine tartrate","펜디메트라진타르타르산염","","[M088437]주석산펜디메트라진/[M214394]주석산펜디메트라진/[M230784]펜디메트라진타르타르산염","[01230]자율신경제","단일",D000429,Moclobemide,"모클로베미드","","[M085249]모클로베미드","[01170]정신신경용제",20100525,"혈압상승 위험","","정상"
"병용금기","단일",D000701,"Phendimetrazine tartrate","펜디메트라진타르타르산염","","[M088437]주석산펜디메트라진/[M214394]주석산펜디메트라진/[M230784]펜디메트라진타르타르산염","[01230]자율신경제","단일",D000139,"Selegiline Hydrochloride","셀레길린염산염","","[M222864]셀레길린염산염","[01190]기타의 중추신경용약",20100525,"혈압상승 위험","","정상"
"병용금기","단일",D000795,Phentermine,"펜터민","","[M099629]염산펜터민/[M219108]염산펜터민/[M238557]펜터민염산염","[01230]자율신경제","단일",D000429,Moclobemide,"모클로베미드","","[M085249]모클로베미드","[01170]정신신경용제",20100525,"혈압상승 위험","","정상"
"병용금기","단일",D000795,Phentermine,"펜터민","","[M099629]염산펜터민/[M219108]염산펜터민/[M238557]펜터민염산염","[01230]자율신경제","단일",D000139,"Selegiline Hydrochloride","셀레길린염산염","","[M222864]셀레길린염산염","[01190]기타의 중추신경용약",20100525,"혈압상승 위험","","정상"
"병용금기","단일",D000811,Quinupramine,"퀴누프라민","","[M082061]퀴누프라민","[01170]정신신경용제","단일",D000429,Moclobemide,"모클로베미드","","[M085249]모클로베미드","[01170]정신신경용제",20100525,"혈압변동의 위험","","정상"
"병용금기","단일",D000811,Quinupramine,"퀴누프라민","","[M082061]퀴누프라민","[01170]정신신경용제","단일",D000139,"Selegiline Hydrochloride","셀레길린염산염","","[M222864]셀레길린염산염","[01190]기타의 중추신경용약",20100525,"혈압변동의 위험","","정상"
"병용금기","단일",D000171,Zolmitriptan,"졸미트립탄","","[M090949]졸미트립탄","[01140]해열.진통.소염제","단일",D000429,Moclobemide,"모클로베미드","","[M085249]모클로베미드","[01170]정신신경용제",20100525,"졸미트립탄의 혈중농도 증가","","정상"
"병용금기","단일",D000745,Almotriptan,"알모트립탄","","[M252241]알모트립탄말산염","[01140]해열.진통.소염제","복합",D000747,Ergotamine,"에르고타민","[D000852]Caffeine(카페인)","[M040398]주석산에르고타민/[M223126]에르고타민타르타르산염/[M040579]카페인(함수)/[M040580]무수카페인/[M090611]카페인/[M223183]카페인무수물/[M223184]카페인수화물/[M241017]무수물카페인","[01140]해열.진통.소염제",20100525,"상가적인 혈관수축반응, 혈압상승","","정상"
"병용금기","단일",D000745,Almotriptan,"알모트립탄","","[M252241]알모트립탄말산염","[01140]해열.진통.소염제","단일",D000287,Naratriptan,"나라트립탄","","[M249577]나라트립탄염산염","[01140]해열.진통.소염제",20100525,"상가적인 혈관수축반응, 혈압상승","","정상"
"병용금기","단일",D000745,Almotriptan,"알모트립탄","","[M252241]알모트립탄말산염","[01140]해열.진통.소염제","단일",D000650,Sumatriptan,"수마트립탄","","[M089467]호박산수마트립탄/[M246956]수마트립탄숙신산염","[01140]해열.진통.소염제",20100525,"상가적인 혈관수축반응, 혈압상승","","정상"
"병용금기","단일",D000745,Almotriptan,"알모트립탄","","[M252241]알모트립탄말산염","[01140]해열.진통.소염제","단일",D000171,Zolmitriptan,"졸미트립탄","","[M090949]졸미트립탄","[01140]해열.진통.소염제",20100525,"상가적인 혈관수축반응, 혈압상승","","정상"
"병용금기","단일",D000505,Diethylpropion,"디에틸프로피온","","[M215226]염산디에칠프로피온/[M230781]디에틸프로피온염산염","[01230]자율신경제","단일",D000701,"Phendimetrazine tartrate","펜디메트라진타르타르산염","","[M088437]주석산펜디메트라진/[M214394]주석산펜디메트라진/[M230784]펜디메트라진타르타르산염","[01230]자율신경제",20100525,"판막심장병 위험","","정상"
"병용금기","단일",D000505,Diethylpropion,"디에틸프로피온","","[M215226]염산디에칠프로피온/[M230781]디에틸프로피온염산염","[01230]자율신경제","단일",D000795,Phentermine,"펜터민","","[M099629]염산펜터민/[M219108]염산펜터민/[M238557]펜터민염산염","[01230]자율신경제",20100525,"판막심장병 위험","","정상"
"병용금기","단일",D000505,Diethylpropion,"디에틸프로피온","","[M215226]염산디에칠프로피온/[M230781]디에틸프로피온염산염","[01230]자율신경제","단일",D000714,Mazindol,"마진돌","","[M092419]마진돌","[01230]자율신경제",20100525,"판막심장병 위험","","정상"
"병용금기","단일",D000701,"Phendimetrazine tartrate","펜디메트라진타르타르산염","","[M088437]주석산펜디메트라진/[M214394]주석산펜디메트라진/[M230784]펜디메트라진타르타르산염","[01230]자율신경제","단일",D000795,Phentermine,"펜터민","","[M099629]염산펜터민/[M219108]염산펜터민/[M238557]펜터민염산염","[01230]자율신경제",20100525,"판막심장병 위험","","정상"
"병용금기","단일",D000701,"Phendimetrazine tartrate","펜디메트라진타르타르산염","","[M088437]주석산펜디메트라진/[M214394]주석산펜디메트라진/[M230784]펜디메트라진타르타르산염","[01230]자율신경제","단일",D000714,Mazindol,"마진돌","","[M092419]마진돌","[01230]자율신경제",20100525,"판막심장병 위험","","정상"
"병용금기","단일",D000795,Phentermine,"펜터민","","[M099629]염산펜터민/[M219108]염산펜터민/[M238557]펜터민염산염","[01230]자율신경제","단일",D000714,Mazindol,"마진돌","","[M092419]마진돌","[01230]자율신경제",20100525,"판막심장병 위험","","정상"
"병용금기","단일",D000007,Midazolam,"미다졸람","","[M088434]미다졸람/[M222760]미다졸람","[01120]최면진정제","단일",D000395,Darunavir,"다루나비르","","[M258751]다루나비르에탄올레이트","[06290]기타의 화학요법제",20100525,"진정작용의 증가 및 연장, 호흡저하판막심장병 위험","","정상"
"병용금기","단일",D000007,Midazolam,"미다졸람","","[M088434]미다졸람/[M222760]미다졸람","[01120]최면진정제","복합",D000626,Lopinavir,"로피나비르","[D000712]Ritonavir(리토나비르)","[M259361]로피나비르/[M259362]리토나비르","[06290]기타의 화학요법제",20100525,"진정작용의 증가 및 연장, 호흡저하판막심장병 위험","","정상"
"병용금기","단일",D000007,Midazolam,"미다졸람","","[M088434]미다졸람/[M222760]미다졸람","[01120]최면진정제","단일",D000003,Nelfinavir,"넬피나비어","","[M088546]메실산넬피나비어","[06290]기타의 화학요법제",20100525,"진정작용의 증가 및 연장, 호흡저하판막심장병 위험","","정상"
"병용금기","단일",D000178,Quazepam,"쿠아제팜","","[M102600]쿠아제팜","[01120]최면진정제","단일",D000712,Ritonavir,"리토나비르","","[M259362]리토나비르","[06290]기타의 화학요법제",20100525,"과도한 진정 및 호흡억제","","정상"
"병용금기","단일",D000377,Chlorthalidone,"클로르탈리돈","","[M040615]클로르탈리돈","[02130]이뇨제","단일",D000059,"Lithium Carbonate","탄산리튬","","[M040628]탄산리튬","[01170]정신신경용제",20101102,"리튬독성증강","","정상"
"병용금기","단일",D000202,Dihydroergotamine,"디히드로에르고타민","","[M086240]디히드로에르고타민메실레이트","[01140]해열.진통.소염제/[02190]기타의 순환계용약","복합",D000626,Lopinavir,"로피나비르","[D000712]Ritonavir(리토나비르)","[M259361]로피나비르/[M259362]리토나비르","[06290]기타의 화학요법제",20101102,"맥각독성(혈관경련, 말단 및 기타조직 허혈 등) 위험 증가","","정상"
"병용금기","단일",D000202,Dihydroergotamine,"디히드로에르고타민","","[M086240]디히드로에르고타민메실레이트","[01140]해열.진통.소염제/[02190]기타의 순환계용약","단일",D000405,Posaconazole,"포사코나졸","","[M256381]포사코나졸(미분화)","[06290]기타의 화학요법제",20101102,"맥각독성(혈관경련, 말단 및 기타조직 허혈 등) 위험 증가","","정상"
"병용금기","단일",D000202,Dihydroergotamine,"디히드로에르고타민","","[M086240]디히드로에르고타민메실레이트","[01140]해열.진통.소염제/[02190]기타의 순환계용약","복합",D000747,Ergotamine,"에르고타민","[D000852]Caffeine(카페인)","[M040398]주석산에르고타민/[M223126]에르고타민타르타르산염/[M040579]카페인(함수)/[M040580]무수카페인/[M090611]카페인/[M223183]카페인무수물/[M223184]카페인수화물/[M241017]무수물카페인","[01140]해열.진통.소염제",20101102,"맥각독성(혈관경련, 말단 및 기타조직 허혈 등) 위험 증가","","정상"
"병용금기","단일",D000202,Dihydroergotamine,"디히드로에르고타민","","[M086240]디히드로에르고타민메실레이트","[01140]해열.진통.소염제/[02190]기타의 순환계용약","단일",D000742,Azithromycin,"아지트로마이신","","[M085338]아지스로마이신/[M222871]아지트로마이신/[M250781]아지트로마이신수화물","[01310]안과용제/[06140]주로 그람양성균, 리케치아, 비루스에 작용하는 것",20101102,"맥각독성(혈관경련, 말단 및 기타조직 허혈 등) 위험 증가","","정상"
"병용금기","단일",D000699,Lansoprazole,"란소프라졸","","[M085578]란소프라졸/[M091244]란소프라졸과립","[02320]소화성궤양용제","단일",D000150,Atazanavir,"아타자나비르","","[M249264]아타자나비어황산염/[M263079]아타자나비르황산염","[06290]기타의 화학요법제",20101102,"아타자나비르의 혈중농도 감소","","정상"
"병용금기","단일",D000153,Esomeprazole,"에스오메프라졸","","[M092321]에스오메프라졸마그네슘삼수화물/[M100498]에스오메프라졸나트륨/[M221042]에스오메프라졸스트론튬사수화물/[M242227]에스오메프라졸마그네슘이수화물/[M249554]에스오메프라졸/[M259375]에스오메프라졸마그네슘이수화물/[M262063]에스오메프라졸마그네슘과립","[02320]소화성궤양용제","단일",D000150,Atazanavir,"아타자나비르","","[M249264]아타자나비어황산염/[M263079]아타자나비르황산염","[06290]기타의 화학요법제",20101102,"아타자나비르의 혈중농도 감소","","정상"
"병용금기","단일",D000204,Rabeprazole,"라베프라졸","","[M089852]라베프라졸나트륨","[02320]소화성궤양용제","단일",D000150,Atazanavir,"아타자나비르","","[M249264]아타자나비어황산염/[M263079]아타자나비르황산염","[06290]기타의 화학요법제",20101102,"아타자나비르의 혈중농도 감소","","정상"
"병용금기","단일",D000301,Revaprazan,"레바프라잔","","[M102535]레바프라잔/[M261872]레바프라잔염산염","[02320]소화성궤양용제","단일",D000150,Atazanavir,"아타자나비르","","[M249264]아타자나비어황산염/[M263079]아타자나비르황산염","[06290]기타의 화학요법제",20101102,"아타자나비르의 혈중농도 감소","","정상"
"병용금기","단일",D000386,Pantoprazole,"판토프라졸","","[A005386]판토프라졸","[02320]소화성궤양용제","단일",D000150,Atazanavir,"아타자나비르","","[M249264]아타자나비어황산염/[M263079]아타자나비르황산염","[06290]기타의 화학요법제",20101102,"아타자나비르의 혈중농도 감소","","정상"
"병용금기","단일",D000168,Ilaprazole,"일라프라졸","","[M243753]일라프라졸/[M245218]일라프라졸","[02320]소화성궤양용제","단일",D000150,Atazanavir,"아타자나비르","","[M249264]아타자나비어황산염/[M263079]아타자나비르황산염","[06290]기타의 화학요법제",20101102,"아타자나비르의 혈중농도 감소","","정상"
"병용금기","단일",D000084,Dapoxetine,"다폭세틴","","[M245211]다폭세틴염산염/[M245237]다폭세틴염산염","[02590]기타의 비뇨생식기관 및 항문용약","단일",D000003,Nelfinavir,"넬피나비어","","[M088546]메실산넬피나비어","[06290]기타의 화학요법제",20101102,"다폭세틴 농도 상승","","정상"
"병용금기","단일",D000125,Methoxyphenamine,"메톡시페나민","","[M050468]염산메톡시페나민/[M253687]메톡시페나민염산염","[02220]진해거담제","단일",D000560,Epinephrine,"에피네프린","","[M040421]에피네프린/[M040581]중주석산에피네프린/[M094252]주석산에피네프린/[M251244]에피네프린타르타르산염","[02450]부신호르몬제",20101102,"부정맥 또는 심정지","소생 등의 응급상황 제외","정상"
"병용금기","단일",D000185,Tulobuterol,"툴로부테롤","","[M081648]염산툴로부테롤/[M099457]툴로부테롤","[02220]진해거담제","단일",D000560,Epinephrine,"에피네프린","","[M040421]에피네프린/[M040581]중주석산에피네프린/[M094252]주석산에피네프린/[M251244]에피네프린타르타르산염","[02450]부신호르몬제",20101102,"부정맥 또는 심정지","소생 등의 응급상황 제외","정상"
"병용금기","단일",D000137,Salbutamol,"살부타몰","","[M050744]황산살부타몰/[M088646]황산살부타몰서방성과립/[M223069]살부타몰황산염/[M259051]살부타몰황산염(미분화)","[02220]진해거담제","단일",D000082,Norepinephrine,"노르에피네프린","","[M091963]주석산수소노르에피네프린/[M252333]노르에피네프린타르타르산염수화물","[02450]부신호르몬제",20101102,"부정맥 또는 심정지","소생 등의 응급상황 제외","정상"
"병용금기","단일",D000070,Fenoterol,"페노테롤","","[M051699]브롬화수소산페노테롤/[M222898]페노테롤브롬화수소산염","[02220]진해거담제/[02290]기타의 호흡기관용약","단일",D000082,Norepinephrine,"노르에피네프린","","[M091963]주석산수소노르에피네프린/[M252333]노르에피네프린타르타르산염수화물","[02450]부신호르몬제",20101102,"부정맥 또는 심정지","소생 등의 응급상황 제외","정상"
"병용금기","단일",D000477,Clenbuterol,"클렌부테롤","","[M081571]염산클렌부테롤/[M222889]클렌부테롤염산염","[02220]진해거담제","단일",D000082,Norepinephrine,"노르에피네프린","","[M091963]주석산수소노르에피네프린/[M252333]노르에피네프린타르타르산염수화물","[02450]부신호르몬제",20101102,"부정맥 또는 심정지","소생 등의 응급상황 제외","정상"
"병용금기","단일",D000125,Methoxyphenamine,"메톡시페나민","","[M050468]염산메톡시페나민/[M253687]메톡시페나민염산염","[02220]진해거담제","단일",D000082,Norepinephrine,"노르에피네프린","","[M091963]주석산수소노르에피네프린/[M252333]노르에피네프린타르타르산염수화물","[02450]부신호르몬제",20101102,"부정맥 또는 심정지","소생 등의 응급상황 제외","정상"
"병용금기","단일",D000514,Procaterol,"프로카테롤","","[M223307]프로카테롤염산염수화물/[M256192]프로카테롤염산염수화물(미분화)","[02220]진해거담제","단일",D000082,Norepinephrine,"노르에피네프린","","[M091963]주석산수소노르에피네프린/[M252333]노르에피네프린타르타르산염수화물","[02450]부신호르몬제",20101102,"부정맥 또는 심정지","소생 등의 응급상황 제외","정상"
"병용금기","단일",D000185,Tulobuterol,"툴로부테롤","","[M081648]염산툴로부테롤/[M099457]툴로부테롤","[02220]진해거담제","단일",D000082,Norepinephrine,"노르에피네프린","","[M091963]주석산수소노르에피네프린/[M252333]노르에피네프린타르타르산염수화물","[02450]부신호르몬제",20101102,"부정맥 또는 심정지","소생 등의 응급상황 제외","정상"
"병용금기","단일",D000521,"Terbutaline Sulfate","테르부탈린황산염","","[M051568]황산테르부탈린","[02220]진해거담제","단일",D000082,Norepinephrine,"노르에피네프린","","[M091963]주석산수소노르에피네프린/[M252333]노르에피네프린타르타르산염수화물","[02450]부신호르몬제",20101102,"부정맥 도는 심정지","소생 등의 응급상황 제외","정상"
"병용금기","단일",D000155,Ephedrine,"에페드린","","[M040420]염산에페드린/[M223155]에페드린염산염","[02220]진해거담제","단일",D000082,Norepinephrine,"노르에피네프린","","[M091963]주석산수소노르에피네프린/[M252333]노르에피네프린타르타르산염수화물","[02450]부신호르몬제",20101102,"부정맥 또는 심정지","소생 등의 응급상황 제외","정상"
"병용금기","단일",D000084,Dapoxetine,"다폭세틴","","[M245211]다폭세틴염산염/[M245237]다폭세틴염산염","[02590]기타의 비뇨생식기관 및 항문용약","단일",D000429,Moclobemide,"모클로베미드","","[M085249]모클로베미드","[01170]정신신경용제",20101102,"세로토닌성 증후군(고혈압, 고열, 간대성 근경련, 정신상태 변화 등)","","정상"
"병용금기","단일",D000084,Dapoxetine,"다폭세틴","","[M245211]다폭세틴염산염/[M245237]다폭세틴염산염","[02590]기타의 비뇨생식기관 및 항문용약","단일",D000139,"Selegiline Hydrochloride","셀레길린염산염","","[M222864]셀레길린염산염","[01190]기타의 중추신경용약",20101102,"세로토닌성 증후군(고혈압, 고열, 간대성 근경련, 정신상태 변화 등)","","정상"
"병용금기","단일",D000084,Dapoxetine,"다폭세틴","","[M245211]다폭세틴염산염/[M245237]다폭세틴염산염","[02590]기타의 비뇨생식기관 및 항문용약","단일",D000650,Sumatriptan,"수마트립탄","","[M089467]호박산수마트립탄/[M246956]수마트립탄숙신산염","[01140]해열.진통.소염제",20101102,"세로토닌성 증후군(고혈압, 고열, 간대성 근경련, 정신상태 변화 등)","","정상"
"병용금기","단일",D000246,Sildenafil,"실데나필","","[M089346]구연산실데나필/[M252789]실데나필시트르산염/[M253237]실데나필","[02140]혈압강하제/[02590]기타의 비뇨생식기관 및 항문용약","단일",D000181,Tadalafil,"타다라필","","[M095435]타다라필","[02590]기타의 비뇨생식기관 및 항문용약",20101102,"동일계열 병용투여 금기","","정상"
"병용금기","단일",D000246,Sildenafil,"실데나필","","[M089346]구연산실데나필/[M252789]실데나필시트르산염/[M253237]실데나필","[02140]혈압강하제/[02590]기타의 비뇨생식기관 및 항문용약","단일",D000569,Udenafil,"유데나필","","[M102602]유데나필","[02590]기타의 비뇨생식기관 및 항문용약",20101102,"동일계열 병용투여 금기","","정상"
"병용금기","단일",D000246,Sildenafil,"실데나필","","[M089346]구연산실데나필/[M252789]실데나필시트르산염/[M253237]실데나필","[02140]혈압강하제/[02590]기타의 비뇨생식기관 및 항문용약","단일",D000434,Vardenafil,"바데나필","","[M252262]바데나필염산염(미분화)","[02590]기타의 비뇨생식기관 및 항문용약",20101102,"동일계열 병용투여 금기","","정상"
"병용금기","단일",D000246,Sildenafil,"실데나필","","[M089346]구연산실데나필/[M252789]실데나필시트르산염/[M253237]실데나필","[02140]혈압강하제/[02590]기타의 비뇨생식기관 및 항문용약","단일",D000128,Mirodenafil,"미로데나필","","[M214384]염산미로데나필/[M253534]미로데나필","[02590]기타의 비뇨생식기관 및 항문용약",20101102,"동일계열 병용투여 금기","","정상"
"병용금기","단일",D000569,Udenafil,"유데나필","","[M102602]유데나필","[02590]기타의 비뇨생식기관 및 항문용약","단일",D000181,Tadalafil,"타다라필","","[M095435]타다라필","[02590]기타의 비뇨생식기관 및 항문용약",20101102,"동일계열 병용투여 금기","","정상"
"병용금기","단일",D000128,Mirodenafil,"미로데나필","","[M214384]염산미로데나필/[M253534]미로데나필","[02590]기타의 비뇨생식기관 및 항문용약","단일",D000181,Tadalafil,"타다라필","","[M095435]타다라필","[02590]기타의 비뇨생식기관 및 항문용약",20101102,"동일계열 병용투여 금기","","정상"
"병용금기","단일",D000128,Mirodenafil,"미로데나필","","[M214384]염산미로데나필/[M253534]미로데나필","[02590]기타의 비뇨생식기관 및 항문용약","단일",D000569,Udenafil,"유데나필","","[M102602]유데나필","[02590]기타의 비뇨생식기관 및 항문용약",20101102,"동일계열 병용투여 금기","","정상"
"병용금기","단일",D000128,Mirodenafil,"미로데나필","","[M214384]염산미로데나필/[M253534]미로데나필","[02590]기타의 비뇨생식기관 및 항문용약","단일",D000434,Vardenafil,"바데나필","","[M252262]바데나필염산염(미분화)","[02590]기타의 비뇨생식기관 및 항문용약",20101102,"동일계열 병용투여 금기","","정상"
"병용금기","단일",D000434,Vardenafil,"바데나필","","[M252262]바데나필염산염(미분화)","[02590]기타의 비뇨생식기관 및 항문용약","단일",D000181,Tadalafil,"타다라필","","[M095435]타다라필","[02590]기타의 비뇨생식기관 및 항문용약",20101102,"동일계열 병용투여 금기","","정상"
"병용금기","단일",D000434,Vardenafil,"바데나필","","[M252262]바데나필염산염(미분화)","[02590]기타의 비뇨생식기관 및 항문용약","단일",D000569,Udenafil,"유데나필","","[M102602]유데나필","[02590]기타의 비뇨생식기관 및 항문용약",20101102,"동일계열 병용투여 금기","","정상"
"병용금기","단일",D000029,"Aminocaproic Acid","아미노카프론산","","[M081388]아미노카프론산","[03320]지혈제","단일",D000777,Thrombin,"트롬빈","","[M040658]트롬빈/[M249811]농축사람항트롬빈III/[M254968]사람트롬빈","[03320]지혈제",20101217,"혈전형성","","정상"
"병용금기","단일",D000590,"Tranexamic Acid","트라넥삼산","","[M051614]트라넥삼산","[03320]지혈제","단일",D000777,Thrombin,"트롬빈","","[M040658]트롬빈/[M249811]농축사람항트롬빈III/[M254968]사람트롬빈","[03320]지혈제",20101217,"혈전형성","","정상"
"병용금기","단일",D000520,Hemocoagulase,"헤모코아귤라제","","[M071788]헤모코아귤라제/[M100530]헤모코아귤라제액","[03320]지혈제","단일",D000777,Thrombin,"트롬빈","","[M040658]트롬빈/[M249811]농축사람항트롬빈III/[M254968]사람트롬빈","[03320]지혈제",20101217,"혈전형성","","정상"
"병용금기","단일",D000600,Gliclazide,"글리클라지드","","[M099438]글리클라짓/[M222831]글리클라지드/[M258015]글리크라짓","[03960]당뇨병용제","단일",D000324,Miconazole,"미코나졸","","[M050517]질산미코나졸/[M223037]미코나졸질산염","[02650]기생성 피부질환용제/[06160]주로 곰팡이, 원충에 작용하는 것",20101217,"저혈당 또는 혼수","","정상"
"병용금기","단일",D000604,Netilmicin,"네틸마이신","","[M020218]황산네틸마이신/[M222832]네틸마이신황산염","[06120]주로 그람음성균에 작용하는 것/[06180]주로 그람양성, 음성균에 작용하는 것","단일",D000798,Furosemide,"푸로세미드","","[M040715]푸로세미드","[02130]이뇨제",20101217,"신독성 및 청각독성증강","","정상"
"병용금기","단일",D000075,Gentamicin,"겐타마이신","","[M020001]황산겐타마이신/[M202821]겐타마이신황산염","[01310]안과용제/[02630]화농성질환용제/[06180]주로 그람양성, 음성균에 작용하는 것/[06190]기타의 항생물질제제(복합항생물질제제를 포함)","단일",D000798,Furosemide,"푸로세미드","","[M040715]푸로세미드","[02130]이뇨제",20101217,"신독성 및 청각독성증강","","정상"
"병용금기","단일",D000322,Midecamycin,"미데카마이신","","[M200593]미데카마이신아세테이트","[06140]주로 그람양성균, 리케치아, 비루스에 작용하는 것/[06150]주로 그람양성, 음성균, 리케치아, 비루스에 작용하는 것","단일",D000202,Dihydroergotamine,"디히드로에르고타민","","[M086240]디히드로에르고타민메실레이트","[01140]해열.진통.소염제/[02190]기타의 순환계용약",20101217,"맥각독성(혈관경련, 말단 및 기타조직 허혈 등) 위험 증가","","정상"
"병용금기","단일",D000322,Midecamycin,"미데카마이신","","[M200593]미데카마이신아세테이트","[06140]주로 그람양성균, 리케치아, 비루스에 작용하는 것/[06150]주로 그람양성, 음성균, 리케치아, 비루스에 작용하는 것","복합",D000747,Ergotamine,"에르고타민","[D000852]Caffeine(카페인)","[M040398]주석산에르고타민/[M223126]에르고타민타르타르산염/[M040579]카페인(함수)/[M040580]무수카페인/[M090611]카페인/[M223183]카페인무수물/[M223184]카페인수화물/[M241017]무수물카페인","[01140]해열.진통.소염제",20101217,"맥각독성(혈관경련, 말단 및 기타조직 허혈 등) 위험 증가","","정상"
"병용금기","단일",D000517,Fluconazole,"플루코나졸","","[M084154]플루코나졸","[02650]기생성 피부질환용제/[06290]기타의 화학요법제","복합",D000747,Ergotamine,"에르고타민","[D000852]Caffeine(카페인)","[M040398]주석산에르고타민/[M223126]에르고타민타르타르산염/[M040579]카페인(함수)/[M040580]무수카페인/[M090611]카페인/[M223183]카페인무수물/[M223184]카페인수화물/[M241017]무수물카페인","[01140]해열.진통.소염제",20101217,"맥각독성(혈관경련, 말단 및 기타조직 허혈 등) 위험 증가","","정상"
"병용금기","단일",D000395,Darunavir,"다루나비르","","[M258751]다루나비르에탄올레이트","[06290]기타의 화학요법제","복합",D000747,Ergotamine,"에르고타민","[D000852]Caffeine(카페인)","[M040398]주석산에르고타민/[M223126]에르고타민타르타르산염/[M040579]카페인(함수)/[M040580]무수카페인/[M090611]카페인/[M223183]카페인무수물/[M223184]카페인수화물/[M241017]무수물카페인","[01140]해열.진통.소염제",20101217,"맥각독성(혈관경련, 말단 및 기타조직 허혈 등) 위험 증가","","정상"
"병용금기","단일",D000405,Posaconazole,"포사코나졸","","[M256381]포사코나졸(미분화)","[06290]기타의 화학요법제","복합",D000747,Ergotamine,"에르고타민","[D001266]Anhydrous Caffeine(카페인무수물)","[M040398]주석산에르고타민/[M223126]에르고타민타르타르산염/[M223183]카페인무수물","[01140]해열.진통.소염제",20101217,"맥각독성(혈관경련, 말단 및 기타조직 허혈 등) 위험 증가","","정상"
"병용금기","단일",D000742,Azithromycin,"아지트로마이신","","[M085338]아지스로마이신/[M222871]아지트로마이신/[M250781]아지트로마이신수화물","[01310]안과용제/[06140]주로 그람양성균, 리케치아, 비루스에 작용하는 것","복합",D000747,Ergotamine,"에르고타민","[D000852]Caffeine(카페인)","[M040398]주석산에르고타민/[M223126]에르고타민타르타르산염/[M040579]카페인(함수)/[M040580]무수카페인/[M090611]카페인/[M223183]카페인무수물/[M223184]카페인수화물/[M241017]무수물카페인","[01140]해열.진통.소염제",20101217,"맥각독성(혈관경련, 말단 및 기타조직 허혈 등) 위험 증가","","정상"
"병용금기","단일",D000558,Efavirenz,"에파비렌즈","","[M088675]에파비렌즈","[06290]기타의 화학요법제","복합",D000747,Ergotamine,"에르고타민","[D000852]Caffeine(카페인)","[M040398]주석산에르고타민/[M223126]에르고타민타르타르산염/[M040579]카페인(함수)/[M040580]무수카페인/[M090611]카페인/[M223183]카페인무수물/[M223184]카페인수화물/[M241017]무수물카페인","[01140]해열.진통.소염제",20101217,"맥각독성(혈관경련, 말단 및 기타조직 허혈 등) 위험 증가","","정상"
"병용금기","단일",D000338,Spiramycin,"스피라마이신","","[M020072]스피라마이신","[06140]주로 그람양성균, 리케치아, 비루스에 작용하는 것","단일",D000719,Mizolastine,"미졸라스틴","","[M089840]미졸라스틴","[01410]항히스타민제",20101217,"심실운동 특히 Torsade de pointes에 대한 위험 증가","","정상"
"병용금기","단일",D000158,Methacycline,"메타사이클린","","[M020046]염산메타사이클린","[06150]주로 그람양성, 음성균, 리케치아, 비루스에 작용하는 것","단일",D000758,Isotretinoin,"이소트레티노인","","[M088250]이소트레티노인","[02650]기생성 피부질환용제/[03110]비타민 A 및 D제",20101217,"두개내 고혈압","","정상"
"병용금기","단일",D000127,Minocycline,"미노사이클린","","[M223036]미노사이클린염산염","[06150]주로 그람양성, 음성균, 리케치아, 비루스에 작용하는 것","단일",D000488,Tretinoin,"트레티노인","","[M051617]트레티노인","[02650]기생성 피부질환용제/[02660]피부연화제(부식제를 포함)/[04290]기타의 종양치료제",20101217,"두개내 고혈압","","정상"
"병용금기","단일",D000158,Methacycline,"메타사이클린","","[M020046]염산메타사이클린","[06150]주로 그람양성, 음성균, 리케치아, 비루스에 작용하는 것","단일",D000019,Acitretin,"아시트레틴","","[M086538]분무건조아시트레틴25%","[03110]비타민 A 및 D제",20101217,"두개내 고혈압","","정상"
"병용금기","단일",D000712,Ritonavir,"리토나비르","","[M259362]리토나비르","[06290]기타의 화학요법제","단일",D000020,Blonanserin,"블로난세린","","[M247117]블로난세린","[01170]정신신경용제",20101217,"신경학적 또는 기타 독성의 빈도 및 강도가 증가","","정상"
"병용금기","단일",D000763,Indinavir,"인디나빌","","[M239870]인디나빌황산염","[06290]기타의 화학요법제","단일",D000419,Lovastatin,"로바스타틴","","[M083392]로바스타틴","[02180]동맥경화용제",20101217,"횡문근융해증/근육병증 및 이에 수반되는 급격한 신기능악화","","정상"
"병용금기","단일",D000712,Ritonavir,"리토나비르","","[M259362]리토나비르","[06290]기타의 화학요법제","단일",D000419,Lovastatin,"로바스타틴","","[M083392]로바스타틴","[02180]동맥경화용제",20101217,"횡문근융해증/근육병증 및 이에 수반되는 급격한 신기능악화","","정상"
"병용금기","단일",D000003,Nelfinavir,"넬피나비어","","[M088546]메실산넬피나비어","[06290]기타의 화학요법제","단일",D000419,Lovastatin,"로바스타틴","","[M083392]로바스타틴","[02180]동맥경화용제",20101217,"횡문근융해증/근육병증 및 이에 수반되는 급격한 신기능악화","","정상"
"병용금기","단일",D000405,Posaconazole,"포사코나졸","","[M256381]포사코나졸(미분화)","[06290]기타의 화학요법제","단일",D000027,Simvastatin,"심바스타틴","","[M089710]심바스타틴","[02180]동맥경화용제",20101217,"근병증 및 횡문근융해","","정상"
"병용금기","단일",D000405,Posaconazole,"포사코나졸","","[M256381]포사코나졸(미분화)","[06290]기타의 화학요법제","단일",D000419,Lovastatin,"로바스타틴","","[M083392]로바스타틴","[02180]동맥경화용제",20101217,"근병증 및 횡문근융해","","정상"
"병용금기","단일",D000151,Alfacalcidol,"알파칼시돌","","[M081303]알파칼시돌","[03110]비타민 A 및 D제","단일",D000581,Calcitriol,"칼시트리올","","[M082905]칼시트리올","[02690]기타의 외피용약/[03110]비타민 A 및 D제",20101217,"고칼슘혈증","","정상"
"병용금기","단일",D000151,Alfacalcidol,"알파칼시돌","","[M081303]알파칼시돌","[03110]비타민 A 및 D제","단일",D000175,Calcifediol,"칼시페디올","","[M088487]칼시페디올","[03110]비타민 A 및 D제",20101217,"고칼슘혈증","","정상"
"병용금기","단일",D000151,Alfacalcidol,"알파칼시돌","","[M081303]알파칼시돌","[03110]비타민 A 및 D제","단일",D000188,Paricalcitol,"파리칼시톨","","[M095446]파리칼시톨","[03110]비타민 A 및 D제",20101217,"고칼슘혈증","","정상"
"병용금기","단일",D000581,Calcitriol,"칼시트리올","","[M082905]칼시트리올","[02690]기타의 외피용약/[03110]비타민 A 및 D제","단일",D000175,Calcifediol,"칼시페디올","","[M088487]칼시페디올","[03110]비타민 A 및 D제",20101217,"고칼슘혈증","","정상"
"병용금기","단일",D000581,Calcitriol,"칼시트리올","","[M082905]칼시트리올","[02690]기타의 외피용약/[03110]비타민 A 및 D제","단일",D000188,Paricalcitol,"파리칼시톨","","[M095446]파리칼시톨","[03110]비타민 A 및 D제",20101217,"고칼슘혈증","","정상"
"병용금기","단일",D000175,Calcifediol,"칼시페디올","","[M088487]칼시페디올","[03110]비타민 A 및 D제","단일",D000188,Paricalcitol,"파리칼시톨","","[M095446]파리칼시톨","[03110]비타민 A 및 D제",20101217,"고칼슘혈증","","정상"
"병용금기","단일",D000565,"Potassium Chloride","염화칼륨","","[M040438]염화칼륨","[03220]무기질제제/[03310]혈액대용제","단일",D000731,Spironolactone,"스피로노락톤","","[M099796]스피로노락톤","[02130]이뇨제",20101217,"고칼륨혈증","","정상"
"병용금기","단일",D000565,"Potassium Chloride","염화칼륨","","[M040438]염화칼륨","[03220]무기질제제/[03310]혈액대용제","단일",D000159,Amiloride,"아미로라이드","","[M080372]염산아미로라이드","[02130]이뇨제",20101217,"고칼륨혈증","","정상"
"병용금기","단일",D000028,"Adefovir dipivoxil","아데포비어디피복실","","[M101796]아데포비어디피복실","[03910]간장질환용제","단일",D000281,Tenofovir,"테노포비르","","[A001163]테노포비르","[06290]기타의 화학요법제",20110131,"신장청소율을 감소시켜 양쪽 약물 모두 혈장농도 상승","","정상"
"병용금기","단일",D000150,Atazanavir,"아타자나비르","","[M249264]아타자나비어황산염/[M263079]아타자나비르황산염","[06290]기타의 화학요법제","단일",D000161,Irinotecan,"이리노테칸","","[M090705]염산이리노테칸/[M234818]이리노테칸염산염","[04210]항악성종양제",20110131,"골수기능 억제,설사 등 부작용 증강","","정상"
"병용금기","단일",D000696,Dexketoprofen,"덱스케토프로펜","","[M213126]덱스케토프로펜트로메타몰","[01140]해열.진통.소염제","단일",D000142,Ciprofloxacin,"시프로플록사신","","[M082454]염산시프로프록사신/[M091139]시프로플록사신/[M095543]염산시프로플록사신/[M223091]시프로플록사신염산염수화물/[M242850]시프로플록사신염산염","[01310]안과용제/[01320]이비과용제/[06290]기타의 화학요법제",20110512,"경련 발생","","정상"
"병용금기","단일",D000020,Blonanserin,"블로난세린","","[M247117]블로난세린","[01170]정신신경용제","복합",D000626,Lopinavir,"로피나비르","[D000712]Ritonavir(리토나비르)","[M259361]로피나비르/[M259362]리토나비르","[06290]기타의 화학요법제",20110512,"Blonanserin 농도의 증가로 신경학적 또는 기타의 독성 가능성 증가","","정상"
"병용금기","단일",D000202,Dihydroergotamine,"디히드로에르고타민","","[M086240]디히드로에르고타민메실레이트","[01140]해열.진통.소염제/[02190]기타의 순환계용약","단일",D000407,Frovatriptan,"프로바트립탄","","[M246494]프로바트립탄숙신산염일수화물","[01140]해열.진통.소염제",20110512,"혈압상승 및 맥각독성(말초혈관수축 증가)의 위험성 증가","","정상"
"병용금기","복합",D000747,Ergotamine,"에르고타민","[D000852]Caffeine(카페인)","[M040398]주석산에르고타민/[M223126]에르고타민타르타르산염/[M040579]카페인(함수)/[M040580]무수카페인/[M090611]카페인/[M223183]카페인무수물/[M223184]카페인수화물/[M241017]무수물카페인","[01140]해열.진통.소염제","단일",D000407,Frovatriptan,"프로바트립탄","","[M246494]프로바트립탄숙신산염일수화물","[01140]해열.진통.소염제",20110512,"맥각독성(혈관경련, 말단 및 기타조직 허혈)","24시간 이내 병용금기","정상"
"병용금기","복합",D000747,Ergotamine,"에르고타민","[D001266]Anhydrous Caffeine(카페인무수물)","[M040398]주석산에르고타민/[M223126]에르고타민타르타르산염/[M223183]카페인무수물","[01140]해열.진통.소염제","단일",D000150,Atazanavir,"아타자나비르","","[M249264]아타자나비어황산염/[M263079]아타자나비르황산염","[06290]기타의 화학요법제",20110512,"맥각독성(혈관경련, 말단 및 기타조직 허혈)","","정상"
"병용금기","복합",D000747,Ergotamine,"에르고타민","[D001266]Anhydrous Caffeine(카페인무수물)","[M040398]주석산에르고타민/[M223126]에르고타민타르타르산염/[M223183]카페인무수물","[01140]해열.진통.소염제","복합",D000626,Lopinavir,"로피나비르","[D000712]Ritonavir(리토나비르)","[M259361]로피나비르/[M259362]리토나비르","[06290]기타의 화학요법제",20110512,"맥각독성(혈관경련, 말단 및 기타조직 허혈)","","정상"
"병용금기","단일",D000031,Acemetacin,"아세메타신","","[M080670]아세메타신","[01140]해열.진통.소염제","단일",D000716,Methotrexate,"메토트렉세이트","","[M040168]메토트렉세이트","[04210]항악성종양제",20110512,"신세뇨관에서 Methotrexate 배설이 지연되어 Methotrexate의 혈액학적 독성 증가","1주에 15mg 이상 투여시","정상"
"병용금기","단일",D000696,Dexketoprofen,"덱스케토프로펜","","[M213126]덱스케토프로펜트로메타몰","[01140]해열.진통.소염제","단일",D000716,Methotrexate,"메토트렉세이트","","[M040168]메토트렉세이트","[04210]항악성종양제",20110512,"신세뇨관에서 Methotrexate 배설이 지연되어 Methotrexate의 혈액학적 독성 증가","methotrexate 1週에 15mg 이상 투여시","정상"
"병용금기","단일",D000672,Ketoprofen,"케토프로펜","","[M051464]케토프로펜/[M081361]케토프로펜리신","[01140]해열.진통.소염제","단일",D000716,Methotrexate,"메토트렉세이트","","[M040168]메토트렉세이트","[04210]항악성종양제",20110512,"신세뇨관에서 Methotrexate 배설이 지연되어 Methotrexate의 혈액학적 독성 증가","methotrexate 1週에 15mg 이상 투여시","정상"
"병용금기","단일",D000427,Meloxicam,"멜록시캄","","[M086439]멜록시캄","[01140]해열.진통.소염제","단일",D000716,Methotrexate,"메토트렉세이트","","[M040168]메토트렉세이트","[04210]항악성종양제",20110512,"신세뇨관에서 Methotrexate 배설이 지연되어 Methotrexate의 혈액학적 독성 증가","methotrexate 1週에 15mg 이상 투여시","정상"
"병용금기","단일",D000309,Piroxicam,"피록시캄","","[M071634]피록시캄","[01140]해열.진통.소염제/[02640]진통.진양.수렴.소염제","단일",D000716,Methotrexate,"메토트렉세이트","","[M040168]메토트렉세이트","[04210]항악성종양제",20110512,"신세뇨관에서 Methotrexate 배설이 지연되어 Methotrexate의 혈액학적 독성 증가","methotrexate 1週에 15mg 이상 투여시","정상"
"병용금기","단일",D000806,Trometamol,"트로메타몰","","[I006713]티아프로펜산트로메타몰/[M082380]트로메타몰티아프로페닌산/[M092522]트로메타몰티아프로페닌산","[01140]해열.진통.소염제","단일",D000716,Methotrexate,"메토트렉세이트","","[M040168]메토트렉세이트","[01140]해열.진통.소염제/[04210]항악성종양제",20110512,"신세뇨관에서 Methotrexate 배설이 지연되어 Methotrexate의 혈액학적 독성 증가","methotrexate 1週에 15mg 이상 투여시","정상"
"병용금기","단일",D000030,Amisulpride,"아미설프리드","","[M089148]아미설프리드","[01170]정신신경용제","단일",D000541,Bromocriptine,"브로모크립틴","","[M084476]메실산브로모크립틴/[M099735]브로모크립틴메실레이트/[M223060]브로모크립틴메실산염","[03990]따로 분류되지 않는 대사성 의약품",20110512,"길항작용","","정상"
"병용금기","단일",D000030,Amisulpride,"아미설프리드","","[M089148]아미설프리드","[01170]정신신경용제","단일",D000620,Pramipexole,"프라미펙솔","","[M247162]프라미펙솔염산염일수화물/[M247307]프라미펙솔염산염","[01190]기타의 중추신경용약",20110512,"길항작용","","정상"
"병용금기","단일",D000213,Pimozide,"피모짓","","[M071691]피모짓","[01170]정신신경용제","단일",D000405,Posaconazole,"포사코나졸","","[M256381]포사코나졸(미분화)","[06290]기타의 화학요법제",20110512,"QT 간격 연장","","정상"
"병용금기","단일",D000045,"Oxapium Iodide","요오드화옥사피움","","[M051190]요오드화옥사피움(요오드화사이크로니움)","[01240]진경제","단일",D000568,"Sodium Iodide(131I)","요오드화나트륨(131I)","","[M094481]요오드화나트륨(131 I)액/[M201433]요오드화나트륨(131I)/[M222550]방사성요오드화나트륨(131I)액","[04310]방사성 의약품",20110512,"131I 섭취율 저하","1주이내 병용금기","정상"
"병용금기","단일",D000745,Almotriptan,"알모트립탄","","[M252241]알모트립탄말산염","[01140]해열.진통.소염제","단일",D000407,Frovatriptan,"프로바트립탄","","[M246494]프로바트립탄숙신산염일수화물","[01140]해열.진통.소염제",20110512,"추가적인 관상혈관 경련으로 고혈압 및 관상 동맥 협착의 위험성 증가","24시간 이내 병용금기","정상"
"병용금기","단일",D000287,Naratriptan,"나라트립탄","","[M249577]나라트립탄염산염","[01140]해열.진통.소염제","단일",D000407,Frovatriptan,"프로바트립탄","","[M246494]프로바트립탄숙신산염일수화물","[01140]해열.진통.소염제",20110512,"추가적인 관상혈관 경련으로 고혈압 및 관상 동맥 협착의 위험성 증가","","정상"
"병용금기","복합",D000251,Articaine,"아티카인","[D000560]Epinephrine(에피네프린)","[M098432]아티카인염산염/[M040421]에피네프린/[M040581]중주석산에피네프린/[M094252]주석산에피네프린/[M251244]에피네프린타르타르산염","[01210]국소마취제","단일",D000248,Amoxapine,"아목사핀","","[M088554]아목사핀","[01170]정신신경용제",20110512,"리듬장애를 수반한 발작성 고혈압","","정상"
"병용금기","단일",D000343,Amantadine,"아만타딘","","[M050926]염산아만타딘/[M081897]황산아만타딘/[M258880]아만타딘황산염/[M263832]아만타딘","[01190]기타의 중추신경용약","단일",D000201,Dronedarone,"드로네다론","","[M249412]드로네다론염산염","[02120]부정맥용제",20110512,"QT 간격 연장","","정상"
"병용금기","단일",D000343,Amantadine,"아만타딘","","[M050926]염산아만타딘/[M081897]황산아만타딘/[M258880]아만타딘황산염/[M263832]아만타딘","[01190]기타의 중추신경용약","단일",D000719,Mizolastine,"미졸라스틴","","[M089840]미졸라스틴","[01410]항히스타민제",20110512,"QT 간격 연장","","정상"
"병용금기","단일",D000343,Amantadine,"아만타딘","","[M050926]염산아만타딘/[M081897]황산아만타딘/[M258880]아만타딘황산염/[M263832]아만타딘","[01190]기타의 중추신경용약","단일",D000213,Pimozide,"피모짓","","[M071691]피모짓","[01170]정신신경용제",20110512,"QT 간격 연장","","정상"
"병용금기","단일",D000213,Pimozide,"피모짓","","[M071691]피모짓","[01170]정신신경용제","단일",D000201,Dronedarone,"드로네다론","","[M249412]드로네다론염산염","[02120]부정맥용제",20110512,"QT 간격 연장","","정상"
"병용금기","단일",D000213,Pimozide,"피모짓","","[M071691]피모짓","[01170]정신신경용제","단일",D000719,Mizolastine,"미졸라스틴","","[M089840]미졸라스틴","[01410]항히스타민제",20110512,"QT 간격 연장","","정상"
"병용금기","단일",D000173,Ziprasidone,"지프라시돈","","[M251493]지프라시돈염산염 일수화물","[01170]정신신경용제","단일",D000201,Dronedarone,"드로네다론","","[M249412]드로네다론염산염","[02120]부정맥용제",20110512,"QT 간격 연장","","정상"
"병용금기","단일",D000173,Ziprasidone,"지프라시돈","","[M251493]지프라시돈염산염 일수화물","[01170]정신신경용제","단일",D000719,Mizolastine,"미졸라스틴","","[M089840]미졸라스틴","[01410]항히스타민제",20110512,"QT 간격 연장","","정상"
"병용금기","단일",D000173,Ziprasidone,"지프라시돈","","[M251493]지프라시돈염산염 일수화물","[01170]정신신경용제","단일",D000213,Pimozide,"피모짓","","[M071691]피모짓","[01170]정신신경용제",20110512,"QT 간격 연장","","정상"
"병용금기","단일",D000020,Blonanserin,"블로난세린","","[M247117]블로난세린","[01170]정신신경용제","단일",D000003,Nelfinavir,"넬피나비어","","[M088546]메실산넬피나비어","[06290]기타의 화학요법제",20110512,"Blonanserin 혈중 약물 농도 증가로 작용 증대","","정상"
"병용금기","단일",D000762,Itraconazole,"이트라코나졸","","[M083733]이트라코나졸제피과립/[M083734]이트라코나졸/[M092870]이트라코나졸고체분산체/[M201487]이트라코나졸고체분산/[M201624]제피이트라코나졸과립","[06290]기타의 화학요법제","단일",D000434,Vardenafil,"바데나필","","[M252262]바데나필염산염(미분화)","[02590]기타의 비뇨생식기관 및 항문용약",20110512,"Vardenafil의 혈중농도 증가","75세 이상 남성","정상"
"병용금기","단일",D000015,Bosentan,"보센탄","","[M102733]보센탄수화물","[02140]혈압강하제","단일",D000279,Tacrolimus,"타크로리무스","","[M089193]타크로리무스수화물/[M227652]타크로리무스 수화물","[01420]자격요법제(비특이성면역억제제를 포함)",20110628,"보센탄의 혈중농도 증가","","정상"
"병용금기","복합",D000091,Dipyridamole,"디피리다몰","[D000452]Aspirin(아스피린)","[M050305]디피리다몰/[M040355]아스피린/[M040356]아스피린알루미늄/[M071842]아스피린리신/[M081776]아스피린장용과립/[M082548]아스피린제피세립(아세틸살리실산제피세립)/[M084664]아스피린장용피입자/[M089224]주사용아스피린리신90%/[M246086]아스피린제피세립/[M253914]아스피린장용펠렛/[M264065]아스피린과립","[02190]기타의 순환계용약","단일",D000716,Methotrexate,"메토트렉세이트","","[M040168]메토트렉세이트","[04210]항악성종양제",20110608,"메토트렉세이트의 혈액학적 독성 증가","","정상"
"병용금기","복합",D000350,Ezetimibe,"에제티미브","[D000027]Simvastatin(심바스타틴)","[M097492]에제티미브/[M089710]심바스타틴","[02180]동맥경화용제","단일",D000762,Itraconazole,"이트라코나졸","","[M083733]이트라코나졸제피과립/[M083734]이트라코나졸/[M092870]이트라코나졸고체분산체/[M201487]이트라코나졸고체분산/[M201624]제피이트라코나졸과립","[06290]기타의 화학요법제",20110628,"근증/횡문근변성의 위험성이 증가","","정상"
"병용금기","복합",D000350,Ezetimibe,"에제티미브","[D000027]Simvastatin(심바스타틴)","[M097492]에제티미브/[M089710]심바스타틴","[02180]동맥경화용제","단일",D000769,Ketoconazole,"케토코나졸","","[M080618]케토코나졸","[06290]기타의 화학요법제/[06410]항원충제",20110628,"근증/횡문근변성의 위험성이 증가","","정상"
"병용금기","복합",D000350,Ezetimibe,"에제티미브","[D000027]Simvastatin(심바스타틴)","[M097492]에제티미브/[M089710]심바스타틴","[02180]동맥경화용제","단일",D000256,Erythromycin,"에리트로마이신","","[M020095]에리스로마이신/[M020096]락토비온산에리스로마이신/[M020099]에리스로마이신에스톨레이트/[M020201]프로피온산에리스로마이신/[M223129]에리트로마이신/[M223130]에리트로마이신스테아르산염/[M223131]에리트로마이신에스톨산염/[M223132]에리트로마이신에틸숙시네이트/[M251863]에리트로마이신락토비온산염/[M256206]에리트로마이신 장용피입자/[M257644]에리트로마이신스티노프레이트","[06140]주로 그람양성균, 리케치아, 비루스에 작용하는 것/[06150]주로 그람양성, 음성균, 리케치아, 비루스에 작용하는 것",20110628,"근증/횡문근변성의 위험성이 증가","분류번호 : [06140], [06150] 중 경구제와 주사제 등 전신제제에 한함","정상"
"병용금기","복합",D000350,Ezetimibe,"에제티미브","[D000027]Simvastatin(심바스타틴)","[M097492]에제티미브/[M089710]심바스타틴","[02180]동맥경화용제","단일",D000763,Indinavir,"인디나빌","","[M239870]인디나빌황산염","[06290]기타의 화학요법제",20110628,"근증/횡문근변성의 위험성이 증가","","정상"
"병용금기","단일",D000419,Lovastatin,"로바스타틴","","[M083392]로바스타틴","[02180]동맥경화용제","단일",D000395,Darunavir,"다루나비르","","[M258751]다루나비르에탄올레이트","[06290]기타의 화학요법제",20110628,"횡문근융해증/근육병증 및 이에 수반되는 급격한 신기능 악화","","정상"
"병용금기","단일",D000419,Lovastatin,"로바스타틴","","[M083392]로바스타틴","[02180]동맥경화용제","복합",D000626,Lopinavir,"로피나비르","[D000712]Ritonavir(리토나비르)","[M259361]로피나비르/[M259362]리토나비르","[06290]기타의 화학요법제",20110628,"횡문근융해증/근육병증 및 이에 수반되는 급격한 신기능 악화","","정상"
"병용금기","단일",D000027,Simvastatin,"심바스타틴","","[M089710]심바스타틴","[02180]동맥경화용제","단일",D000395,Darunavir,"다루나비르","","[M258751]다루나비르에탄올레이트","[06290]기타의 화학요법제",20110628,"근병증/횡문근융해","","정상"
"병용금기","복합",D000350,Ezetimibe,"에제티미브","[D000027]Simvastatin(심바스타틴)","[M097492]에제티미브/[M089710]심바스타틴","[02180]동맥경화용제","단일",D000150,Atazanavir,"아타자나비르","","[M249264]아타자나비어황산염/[M263079]아타자나비르황산염","[06290]기타의 화학요법제",20110628,"근증/횡문근변성의 위험성이 증가","","정상"
"병용금기","복합",D000350,Ezetimibe,"에제티미브","[D000027]Simvastatin(심바스타틴)","[M097492]에제티미브/[M089710]심바스타틴","[02180]동맥경화용제","복합",D000626,Lopinavir,"로피나비르","[D000712]Ritonavir(리토나비르)","[M259361]로피나비르/[M259362]리토나비르","[06290]기타의 화학요법제",20110628,"근증/횡문근변성의 위험성이 증가","","정상"
"병용금기","복합",D000350,Ezetimibe,"에제티미브","[D000027]Simvastatin(심바스타틴)","[M097492]에제티미브/[M089710]심바스타틴","[02180]동맥경화용제","단일",D000395,Darunavir,"다루나비르","","[M258751]다루나비르에탄올레이트","[06290]기타의 화학요법제",20110628,"근증/횡문근변성의 위험성이 증가","","정상"
"병용금기","복합",D000350,Ezetimibe,"에제티미브","[D000027]Simvastatin(심바스타틴)","[M097492]에제티미브/[M089710]심바스타틴","[02180]동맥경화용제","단일",D000003,Nelfinavir,"넬피나비어","","[M088546]메실산넬피나비어","[06290]기타의 화학요법제",20110628,"근증/횡문근변성의 위험성이 증가","","정상"
"병용금기","단일",D000004,Metolazone,"메톨라존","","[M091378]메톨라존","[02130]이뇨제","단일",D000059,"Lithium Carbonate","탄산리튬","","[M040628]탄산리튬","[01170]정신신경용제",20110628,"리튬 독성 증가","","정상"
"병용금기","단일",D000259,Amiodarone,"아미오다론","","[A005259]아미오다론","[02120]부정맥용제","단일",D000201,Dronedarone,"드로네다론","","[M249412]드로네다론염산염","[02120]부정맥용제",20110628,"Torsade de pointes 위험 증가","","정상"
"병용금기","단일",D000259,Amiodarone,"아미오다론","","[A005259]아미오다론","[02120]부정맥용제","단일",D000213,Pimozide,"피모짓","","[M071691]피모짓","[01170]정신신경용제",20110628,"Torsade de pointes 위험 증가","","정상"
"병용금기","단일",D000259,Amiodarone,"아미오다론","","[A005259]아미오다론","[02120]부정맥용제","단일",D000362,Imipramine,"이미프라민","","[M223168]이미프라민염산염","[01170]정신신경용제",20110628,"Torsade de pointes 위험 증가","","정상"
"병용금기","단일",D000259,Amiodarone,"아미오다론","","[A005259]아미오다론","[02120]부정맥용제","단일",D000466,Nortriptyline,"노르트립틸린","","[M050132]염산노르트립틸린","[01170]정신신경용제/[01190]기타의 중추신경용약",20110628,"Torsade de pointes 위험 증가","","정상"
"병용금기","단일",D000259,Amiodarone,"아미오다론","","[A005259]아미오다론","[02120]부정맥용제","단일",D000809,Amitriptyline,"아미트리프틸린","","[M040348]염산아미트리프틸린/[M089101]염산아미트리프틸린서방정과립/[M201277]염산아미트리프틸린서방과립/[M223101]아미트리프틸린염산염","[01170]정신신경용제",20110628,"Torsade de pointes 위험 증가","","정상"
"병용금기","단일",D000259,Amiodarone,"아미오다론","","[A005259]아미오다론","[02120]부정맥용제","단일",D000343,Amantadine,"아만타딘","","[M050926]염산아만타딘/[M081897]황산아만타딘/[M258880]아만타딘황산염/[M263832]아만타딘","[01190]기타의 중추신경용약",20110628,"Torsade de pointes 위험 증가","","정상"
"병용금기","단일",D000259,Amiodarone,"아미오다론","","[A005259]아미오다론","[02120]부정맥용제","단일",D000319,Dolasetron,"돌라세트론","","[M102047]메실산돌라세트론","[02350]최토제, 진토제",20110628,"Torsade de pointes 위험 증가","","정상"
"병용금기","단일",D000201,Dronedarone,"드로네다론","","[M249412]드로네다론염산염","[02120]부정맥용제","단일",D000362,Imipramine,"이미프라민","","[M223168]이미프라민염산염","[01170]정신신경용제",20110628,"Torsade de pointes 위험 증가","","정상"
"병용금기","단일",D000201,Dronedarone,"드로네다론","","[M249412]드로네다론염산염","[02120]부정맥용제","단일",D000466,Nortriptyline,"노르트립틸린","","[M050132]염산노르트립틸린","[01170]정신신경용제/[01190]기타의 중추신경용약",20110628,"Torsade de pointes 위험 증가","","정상"
"병용금기","단일",D000201,Dronedarone,"드로네다론","","[M249412]드로네다론염산염","[02120]부정맥용제","단일",D000809,Amitriptyline,"아미트리프틸린","","[M040348]염산아미트리프틸린/[M089101]염산아미트리프틸린서방정과립/[M201277]염산아미트리프틸린서방과립/[M223101]아미트리프틸린염산염","[01170]정신신경용제",20110628,"Torsade de pointes 위험 증가","","정상"
"병용금기","단일",D000201,Dronedarone,"드로네다론","","[M249412]드로네다론염산염","[02120]부정맥용제","단일",D000319,Dolasetron,"돌라세트론","","[M102047]메실산돌라세트론","[02350]최토제, 진토제",20110628,"Torsade de pointes 위험 증가","","정상"
"병용금기","단일",D000028,"Adefovir dipivoxil","아데포비어디피복실","","[M101796]아데포비어디피복실","[03910]간장질환용제","복합",D000665,Emtricitabine,"엠트리시타빈","[D000281]Tenofovir(테노포비르)","[M250026]엠트리시타빈/[A001163]테노포비르","[06290]기타의 화학요법제",20110929,"양쪽 약물 모두 혈장농도 상승 가능","","정상"
"병용금기","단일",D000718,Metformin,"메트포르민","","[M201260]염산메트포민/[M214651]염산메트포르민/[M223014]메트포르민염산염/[M244179]메트포르민염산염/[M255741]메트포르민아세트산염/[M263864]메트포르민/[M266682]메트포르민염산염 콜로이드성이산화규소","[03960]당뇨병용제","단일",D000032,"Iodised Oil","아이오다이즈드오일","","[M259322]아이오다이즈드오일(양귀비종자 유래 요오드화지방산 에틸에스테르)","[07210]X선조영제",20110929,"기능적 신부전에 의해 유산 산성증 촉진","48시간 이내 병용금기","정상"
"병용금기","복합",D000718,Metformin,"메트포르민","[D000690]Glibenclamide(글리벤클라미드)","[M201260]염산메트포민/[M214651]염산메트포르민/[M223014]메트포르민염산염/[M244179]메트포르민염산염/[M255741]메트포르민아세트산염/[M263864]메트포르민/[M266682]메트포르민염산염 콜로이드성이산화규소/[M050102]글리벤클라미드","[03960]당뇨병용제","단일",D000669,Iohexol,"이오헥솔","","[M088960]이오헥솔","[07210]X선조영제",20110929,"기능적 신부전에 의해 유산 산성증 촉진","48시간 이내 병용금기","정상"
"병용금기","복합",D000718,Metformin,"메트포르민","[D000690]Glibenclamide(글리벤클라미드)","[M201260]염산메트포민/[M214651]염산메트포르민/[M223014]메트포르민염산염/[M244179]메트포르민염산염/[M255741]메트포르민아세트산염/[M263864]메트포르민/[M266682]메트포르민염산염 콜로이드성이산화규소/[M050102]글리벤클라미드","[03960]당뇨병용제","단일",D000268,"Ioxaglic Acid","이옥사글린산","","[M085561]이옥사글린산","[07210]X선조영제",20110929,"기능적 신부전에 의해 유산 산성증 촉진","48시간 이내 병용금기","정상"
"병용금기","복합",D000718,Metformin,"메트포르민","[D000690]Glibenclamide(글리벤클라미드)","[M201260]염산메트포민/[M214651]염산메트포르민/[M223014]메트포르민염산염/[M244179]메트포르민염산염/[M255741]메트포르민아세트산염/[M263864]메트포르민/[M266682]메트포르민염산염 콜로이드성이산화규소/[M050102]글리벤클라미드","[03960]당뇨병용제","단일",D000267,Iopamidol,"이오파미돌","","[M085529]이오파미돌","[07210]X선조영제",20110929,"기능적 신부전에 의해 유산 산성증 촉진","48시간 이내 병용금기","정상"
"병용금기","복합",D000718,Metformin,"메트포르민","[D000690]Glibenclamide(글리벤클라미드)","[M201260]염산메트포민/[M214651]염산메트포르민/[M223014]메트포르민염산염/[M244179]메트포르민염산염/[M255741]메트포르민아세트산염/[M263864]메트포르민/[M266682]메트포르민염산염 콜로이드성이산화규소/[M050102]글리벤클라미드","[03960]당뇨병용제","단일",D000761,Iopromide,"이오프로마이드","","[M085564]이오프로마이드","[07210]X선조영제",20110929,"기능적 신부전에 의해 유산 산성증 촉진","48시간 이내 병용금기","정상"
"병용금기","복합",D000718,Metformin,"메트포르민","[D000690]Glibenclamide(글리벤클라미드)","[M201260]염산메트포민/[M214651]염산메트포르민/[M223014]메트포르민염산염/[M244179]메트포르민염산염/[M255741]메트포르민아세트산염/[M263864]메트포르민/[M266682]메트포르민염산염 콜로이드성이산화규소/[M050102]글리벤클라미드","[03960]당뇨병용제","단일",D000165,Ioversol,"이오베르솔","","[A000953]이오베르솔/[M088691]이오버솔/[M257716]이오베르솔/[M274167]조이오베르솔","[07210]X선조영제",20110929,"기능적 신부전에 의해 유산 산성증 촉진","48시간 이내 병용금기","정상"
"병용금기","복합",D000718,Metformin,"메트포르민","[D000690]Glibenclamide(글리벤클라미드)","[M201260]염산메트포민/[M214651]염산메트포르민/[M223014]메트포르민염산염/[M244179]메트포르민염산염/[M255741]메트포르민아세트산염/[M263864]메트포르민/[M266682]메트포르민염산염 콜로이드성이산화규소/[M050102]글리벤클라미드","[03960]당뇨병용제","단일",D000364,Iomeprol,"이오메프롤","","[M088268]이오메프롤","[07210]X선조영제",20110929,"기능적 신부전에 의해 유산 산성증 촉진","48시간 이내 병용금기","정상"
"병용금기","복합",D000718,Metformin,"메트포르민","[D000690]Glibenclamide(글리벤클라미드)","[M201260]염산메트포민/[M214651]염산메트포르민/[M223014]메트포르민염산염/[M244179]메트포르민염산염/[M255741]메트포르민아세트산염/[M263864]메트포르민/[M266682]메트포르민염산염 콜로이드성이산화규소/[M050102]글리벤클라미드","[03960]당뇨병용제","단일",D000760,Iobitridol,"이오비트리돌","","[M086785]이오비트리돌","[07210]X선조영제",20110929,"기능적 신부전에 의해 유산 산성증 촉진","48시간 이내 병용금기","정상"
"병용금기","복합",D000718,Metformin,"메트포르민","[D000690]Glibenclamide(글리벤클라미드)","[M201260]염산메트포민/[M214651]염산메트포르민/[M223014]메트포르민염산염/[M244179]메트포르민염산염/[M255741]메트포르민아세트산염/[M263864]메트포르민/[M266682]메트포르민염산염 콜로이드성이산화규소/[M050102]글리벤클라미드","[03960]당뇨병용제","단일",D000032,"Iodised Oil","아이오다이즈드오일","","[M259322]아이오다이즈드오일(양귀비종자 유래 요오드화지방산 에틸에스테르)","[07210]X선조영제",20110929,"기능적 신부전에 의해 유산 산성증 촉진","48시간 이내 병용금기","정상"
"병용금기","복합",D000718,Metformin,"메트포르민","[D000600]Gliclazide(글리클라지드)","[M201260]염산메트포민/[M214651]염산메트포르민/[M223014]메트포르민염산염/[M244179]메트포르민염산염/[M255741]메트포르민아세트산염/[M263864]메트포르민/[M266682]메트포르민염산염 콜로이드성이산화규소/[M099438]글리클라짓/[M222831]글리클라지드/[M258015]글리크라짓","[03960]당뇨병용제","단일",D000669,Iohexol,"이오헥솔","","[M088960]이오헥솔","[07210]X선조영제",20110929,"기능적 신부전에 의해 유산 산성증 촉진","48시간 이내 병용금기","정상"
"병용금기","복합",D000718,Metformin,"메트포르민","[D000600]Gliclazide(글리클라지드)","[M201260]염산메트포민/[M214651]염산메트포르민/[M223014]메트포르민염산염/[M244179]메트포르민염산염/[M255741]메트포르민아세트산염/[M263864]메트포르민/[M266682]메트포르민염산염 콜로이드성이산화규소/[M099438]글리클라짓/[M222831]글리클라지드/[M258015]글리크라짓","[03960]당뇨병용제","단일",D000268,"Ioxaglic Acid","이옥사글린산","","[M085561]이옥사글린산","[07210]X선조영제",20110929,"기능적 신부전에 의해 유산 산성증 촉진","48시간 이내 병용금기","정상"
"병용금기","복합",D000718,Metformin,"메트포르민","[D000600]Gliclazide(글리클라지드)","[M201260]염산메트포민/[M214651]염산메트포르민/[M223014]메트포르민염산염/[M244179]메트포르민염산염/[M255741]메트포르민아세트산염/[M263864]메트포르민/[M266682]메트포르민염산염 콜로이드성이산화규소/[M099438]글리클라짓/[M222831]글리클라지드/[M258015]글리크라짓","[03960]당뇨병용제","단일",D000267,Iopamidol,"이오파미돌","","[M085529]이오파미돌","[07210]X선조영제",20110929,"기능적 신부전에 의해 유산 산성증 촉진","48시간 이내 병용금기","정상"
"병용금기","복합",D000718,Metformin,"메트포르민","[D000600]Gliclazide(글리클라지드)","[M201260]염산메트포민/[M214651]염산메트포르민/[M223014]메트포르민염산염/[M244179]메트포르민염산염/[M255741]메트포르민아세트산염/[M263864]메트포르민/[M266682]메트포르민염산염 콜로이드성이산화규소/[M099438]글리클라짓/[M222831]글리클라지드/[M258015]글리크라짓","[03960]당뇨병용제","단일",D000761,Iopromide,"이오프로마이드","","[M085564]이오프로마이드","[07210]X선조영제",20110929,"기능적 신부전에 의해 유산 산성증 촉진","48시간 이내 병용금기","정상"
"병용금기","복합",D000718,Metformin,"메트포르민","[D000600]Gliclazide(글리클라지드)","[M201260]염산메트포민/[M214651]염산메트포르민/[M223014]메트포르민염산염/[M244179]메트포르민염산염/[M255741]메트포르민아세트산염/[M263864]메트포르민/[M266682]메트포르민염산염 콜로이드성이산화규소/[M099438]글리클라짓/[M222831]글리클라지드/[M258015]글리크라짓","[03960]당뇨병용제","단일",D000165,Ioversol,"이오베르솔","","[A000953]이오베르솔/[M088691]이오버솔/[M257716]이오베르솔/[M274167]조이오베르솔","[07210]X선조영제",20110929,"기능적 신부전에 의해 유산 산성증 촉진","48시간 이내 병용금기","정상"
"병용금기","복합",D000718,Metformin,"메트포르민","[D000600]Gliclazide(글리클라지드)","[M201260]염산메트포민/[M214651]염산메트포르민/[M223014]메트포르민염산염/[M244179]메트포르민염산염/[M255741]메트포르민아세트산염/[M263864]메트포르민/[M266682]메트포르민염산염 콜로이드성이산화규소/[M099438]글리클라짓/[M222831]글리클라지드/[M258015]글리크라짓","[03960]당뇨병용제","단일",D000364,Iomeprol,"이오메프롤","","[M088268]이오메프롤","[07210]X선조영제",20110929,"기능적 신부전에 의해 유산 산성증 촉진","48시간 이내 병용금기","정상"
"병용금기","복합",D000718,Metformin,"메트포르민","[D000600]Gliclazide(글리클라지드)","[M201260]염산메트포민/[M214651]염산메트포르민/[M223014]메트포르민염산염/[M244179]메트포르민염산염/[M255741]메트포르민아세트산염/[M263864]메트포르민/[M266682]메트포르민염산염 콜로이드성이산화규소/[M099438]글리클라짓/[M222831]글리클라지드/[M258015]글리크라짓","[03960]당뇨병용제","단일",D000760,Iobitridol,"이오비트리돌","","[M086785]이오비트리돌","[07210]X선조영제",20110929,"기능적 신부전에 의해 유산 산성증 촉진","48시간 이내 병용금기","정상"
"병용금기","복합",D000718,Metformin,"메트포르민","[D000600]Gliclazide(글리클라지드)","[M201260]염산메트포민/[M214651]염산메트포르민/[M223014]메트포르민염산염/[M244179]메트포르민염산염/[M255741]메트포르민아세트산염/[M263864]메트포르민/[M266682]메트포르민염산염 콜로이드성이산화규소/[M099438]글리클라짓/[M222831]글리클라지드/[M258015]글리크라짓","[03960]당뇨병용제","단일",D000032,"Iodised Oil","아이오다이즈드오일","","[M259322]아이오다이즈드오일(양귀비종자 유래 요오드화지방산 에틸에스테르)","[07210]X선조영제",20110929,"기능적 신부전에 의해 유산 산성증 촉진","48시간 이내 병용금기","정상"
"병용금기","복합",D000718,Metformin,"메트포르민","[D000002]Rosiglitazone Maleate(로시글리타존말레산염)","[M201260]염산메트포민/[M214651]염산메트포르민/[M223014]메트포르민염산염/[M244179]메트포르민염산염/[M255741]메트포르민아세트산염/[M263864]메트포르민/[M266682]메트포르민염산염 콜로이드성이산화규소/[M089365]말레인산로시글리타존/[M237507]로시글리타존말레산염","[03960]당뇨병용제","단일",D000268,"Ioxaglic Acid","이옥사글린산","","[M085561]이옥사글린산","[07210]X선조영제",20110929,"기능적 신부전에 의해 유산 산성증 촉진","48시간 이내 병용금기","정상"
"병용금기","복합",D000718,Metformin,"메트포르민","[D000002]Rosiglitazone Maleate(로시글리타존말레산염)","[M201260]염산메트포민/[M214651]염산메트포르민/[M223014]메트포르민염산염/[M244179]메트포르민염산염/[M255741]메트포르민아세트산염/[M263864]메트포르민/[M266682]메트포르민염산염 콜로이드성이산화규소/[M089365]말레인산로시글리타존/[M237507]로시글리타존말레산염","[03960]당뇨병용제","단일",D000267,Iopamidol,"이오파미돌","","[M085529]이오파미돌","[07210]X선조영제",20110929,"기능적 신부전에 의해 유산 산성증 촉진","48시간 이내 병용금기","정상"
"병용금기","복합",D000718,Metformin,"메트포르민","[D000002]Rosiglitazone Maleate(로시글리타존말레산염)","[M201260]염산메트포민/[M214651]염산메트포르민/[M223014]메트포르민염산염/[M244179]메트포르민염산염/[M255741]메트포르민아세트산염/[M263864]메트포르민/[M266682]메트포르민염산염 콜로이드성이산화규소/[M089365]말레인산로시글리타존/[M237507]로시글리타존말레산염","[03960]당뇨병용제","단일",D000761,Iopromide,"이오프로마이드","","[M085564]이오프로마이드","[07210]X선조영제",20110929,"기능적 신부전에 의해 유산 산성증 촉진","48시간 이내 병용금기","정상"
"병용금기","복합",D000718,Metformin,"메트포르민","[D000002]Rosiglitazone Maleate(로시글리타존말레산염)","[M201260]염산메트포민/[M214651]염산메트포르민/[M223014]메트포르민염산염/[M244179]메트포르민염산염/[M255741]메트포르민아세트산염/[M263864]메트포르민/[M266682]메트포르민염산염 콜로이드성이산화규소/[M089365]말레인산로시글리타존/[M237507]로시글리타존말레산염","[03960]당뇨병용제","단일",D000165,Ioversol,"이오베르솔","","[A000953]이오베르솔/[M088691]이오버솔/[M257716]이오베르솔/[M274167]조이오베르솔","[07210]X선조영제",20110929,"기능적 신부전에 의해 유산 산성증 촉진","48시간 이내 병용금기","정상"
"병용금기","복합",D000718,Metformin,"메트포르민","[D000002]Rosiglitazone Maleate(로시글리타존말레산염)","[M201260]염산메트포민/[M214651]염산메트포르민/[M223014]메트포르민염산염/[M244179]메트포르민염산염/[M255741]메트포르민아세트산염/[M263864]메트포르민/[M266682]메트포르민염산염 콜로이드성이산화규소/[M089365]말레인산로시글리타존/[M237507]로시글리타존말레산염","[03960]당뇨병용제","단일",D000364,Iomeprol,"이오메프롤","","[M088268]이오메프롤","[07210]X선조영제",20110929,"기능적 신부전에 의해 유산 산성증 촉진","48시간 이내 병용금기","정상"
"병용금기","복합",D000718,Metformin,"메트포르민","[D000002]Rosiglitazone Maleate(로시글리타존말레산염)","[M201260]염산메트포민/[M214651]염산메트포르민/[M223014]메트포르민염산염/[M244179]메트포르민염산염/[M255741]메트포르민아세트산염/[M263864]메트포르민/[M266682]메트포르민염산염 콜로이드성이산화규소/[M089365]말레인산로시글리타존/[M237507]로시글리타존말레산염","[03960]당뇨병용제","단일",D000760,Iobitridol,"이오비트리돌","","[M086785]이오비트리돌","[07210]X선조영제",20110929,"기능적 신부전에 의해 유산 산성증 촉진","48시간 이내 병용금기","정상"
"병용금기","복합",D000718,Metformin,"메트포르민","[D000002]Rosiglitazone Maleate(로시글리타존말레산염)","[M201260]염산메트포민/[M214651]염산메트포르민/[M223014]메트포르민염산염/[M244179]메트포르민염산염/[M255741]메트포르민아세트산염/[M263864]메트포르민/[M266682]메트포르민염산염 콜로이드성이산화규소/[M089365]말레인산로시글리타존/[M237507]로시글리타존말레산염","[03960]당뇨병용제","단일",D000032,"Iodised Oil","아이오다이즈드오일","","[M259322]아이오다이즈드오일(양귀비종자 유래 요오드화지방산 에틸에스테르)","[07210]X선조영제",20110929,"기능적 신부전에 의해 유산 산성증 촉진","48시간 이내 병용금기","정상"
"병용금기","복합",D000718,Metformin,"메트포르민","[D000109]Pioglitazone(피오글리타존)","[M201260]염산메트포민/[M214651]염산메트포르민/[M223014]메트포르민염산염/[M244179]메트포르민염산염/[M255741]메트포르민아세트산염/[M263864]메트포르민/[M266682]메트포르민염산염 콜로이드성이산화규소/[M092005]염산피오글리타존/[M235069]피오글리타존염산염/[M260948]피오글리타존염","[03960]당뇨병용제","단일",D000669,Iohexol,"이오헥솔","","[M088960]이오헥솔","[07210]X선조영제",20110929,"기능적 신부전에 의해 유산 산성증 촉진","48시간 이내 병용금기","정상"
"병용금기","복합",D000718,Metformin,"메트포르민","[D000109]Pioglitazone(피오글리타존)","[M201260]염산메트포민/[M214651]염산메트포르민/[M223014]메트포르민염산염/[M244179]메트포르민염산염/[M255741]메트포르민아세트산염/[M263864]메트포르민/[M266682]메트포르민염산염 콜로이드성이산화규소/[M092005]염산피오글리타존/[M235069]피오글리타존염산염/[M260948]피오글리타존염","[03960]당뇨병용제","단일",D000268,"Ioxaglic Acid","이옥사글린산","","[M085561]이옥사글린산","[07210]X선조영제",20110929,"기능적 신부전에 의해 유산 산성증 촉진","48시간 이내 병용금기","정상"
"병용금기","복합",D000718,Metformin,"메트포르민","[D000109]Pioglitazone(피오글리타존)","[M201260]염산메트포민/[M214651]염산메트포르민/[M223014]메트포르민염산염/[M244179]메트포르민염산염/[M255741]메트포르민아세트산염/[M263864]메트포르민/[M266682]메트포르민염산염 콜로이드성이산화규소/[M092005]염산피오글리타존/[M235069]피오글리타존염산염/[M260948]피오글리타존염","[03960]당뇨병용제","단일",D000267,Iopamidol,"이오파미돌","","[M085529]이오파미돌","[07210]X선조영제",20110929,"기능적 신부전에 의해 유산 산성증 촉진","48시간 이내 병용금기","정상"
"병용금기","복합",D000718,Metformin,"메트포르민","[D000109]Pioglitazone(피오글리타존)","[M201260]염산메트포민/[M214651]염산메트포르민/[M223014]메트포르민염산염/[M244179]메트포르민염산염/[M255741]메트포르민아세트산염/[M263864]메트포르민/[M266682]메트포르민염산염 콜로이드성이산화규소/[M092005]염산피오글리타존/[M235069]피오글리타존염산염/[M260948]피오글리타존염","[03960]당뇨병용제","단일",D000761,Iopromide,"이오프로마이드","","[M085564]이오프로마이드","[07210]X선조영제",20110929,"기능적 신부전에 의해 유산 산성증 촉진","48시간 이내 병용금기","정상"
"병용금기","복합",D000718,Metformin,"메트포르민","[D000109]Pioglitazone(피오글리타존)","[M201260]염산메트포민/[M214651]염산메트포르민/[M223014]메트포르민염산염/[M244179]메트포르민염산염/[M255741]메트포르민아세트산염/[M263864]메트포르민/[M266682]메트포르민염산염 콜로이드성이산화규소/[M092005]염산피오글리타존/[M235069]피오글리타존염산염/[M260948]피오글리타존염","[03960]당뇨병용제","단일",D000364,Iomeprol,"이오메프롤","","[M088268]이오메프롤","[07210]X선조영제",20110929,"기능적 신부전에 의해 유산 산성증 촉진","48시간 이내 병용금기","정상"
"병용금기","복합",D000718,Metformin,"메트포르민","[D000109]Pioglitazone(피오글리타존)","[M201260]염산메트포민/[M214651]염산메트포르민/[M223014]메트포르민염산염/[M244179]메트포르민염산염/[M255741]메트포르민아세트산염/[M263864]메트포르민/[M266682]메트포르민염산염 콜로이드성이산화규소/[M092005]염산피오글리타존/[M235069]피오글리타존염산염/[M260948]피오글리타존염","[03960]당뇨병용제","단일",D000760,Iobitridol,"이오비트리돌","","[M086785]이오비트리돌","[07210]X선조영제",20110929,"기능적 신부전에 의해 유산 산성증 촉진","48시간 이내 병용금기","정상"
"병용금기","복합",D000718,Metformin,"메트포르민","[D000109]Pioglitazone(피오글리타존)","[M201260]염산메트포민/[M214651]염산메트포르민/[M223014]메트포르민염산염/[M244179]메트포르민염산염/[M255741]메트포르민아세트산염/[M263864]메트포르민/[M266682]메트포르민염산염 콜로이드성이산화규소/[M092005]염산피오글리타존/[M235069]피오글리타존염산염/[M260948]피오글리타존염","[03960]당뇨병용제","단일",D000032,"Iodised Oil","아이오다이즈드오일","","[M259322]아이오다이즈드오일(양귀비종자 유래 요오드화지방산 에틸에스테르)","[07210]X선조영제",20110929,"기능적 신부전에 의해 유산 산성증 촉진","48시간 이내 병용금기","정상"
"병용금기","복합",D000718,Metformin,"메트포르민","[D000392]Glimepiride(글리메피리드)","[M201260]염산메트포민/[M214651]염산메트포르민/[M223014]메트포르민염산염/[M244179]메트포르민염산염/[M255741]메트포르민아세트산염/[M263864]메트포르민/[M266682]메트포르민염산염 콜로이드성이산화규소/[M086024]글리메피리드","[03960]당뇨병용제","단일",D000669,Iohexol,"이오헥솔","","[M088960]이오헥솔","[07210]X선조영제",20110929,"기능적 신부전에 의해 유산 산성증 촉진","48시간 이내 병용금기","정상"
"병용금기","복합",D000718,Metformin,"메트포르민","[D000392]Glimepiride(글리메피리드)","[M201260]염산메트포민/[M214651]염산메트포르민/[M223014]메트포르민염산염/[M244179]메트포르민염산염/[M255741]메트포르민아세트산염/[M263864]메트포르민/[M266682]메트포르민염산염 콜로이드성이산화규소/[M086024]글리메피리드","[03960]당뇨병용제","단일",D000268,"Ioxaglic Acid","이옥사글린산","","[M085561]이옥사글린산","[07210]X선조영제",20110929,"기능적 신부전에 의해 유산 산성증 촉진","48시간 이내 병용금기","정상"
"병용금기","복합",D000718,Metformin,"메트포르민","[D000392]Glimepiride(글리메피리드)","[M201260]염산메트포민/[M214651]염산메트포르민/[M223014]메트포르민염산염/[M244179]메트포르민염산염/[M255741]메트포르민아세트산염/[M263864]메트포르민/[M266682]메트포르민염산염 콜로이드성이산화규소/[M086024]글리메피리드","[03960]당뇨병용제","단일",D000267,Iopamidol,"이오파미돌","","[M085529]이오파미돌","[07210]X선조영제",20110929,"기능적 신부전에 의해 유산 산성증 촉진","48시간 이내 병용금기","정상"
"병용금기","복합",D000718,Metformin,"메트포르민","[D000392]Glimepiride(글리메피리드)","[M201260]염산메트포민/[M214651]염산메트포르민/[M223014]메트포르민염산염/[M244179]메트포르민염산염/[M255741]메트포르민아세트산염/[M263864]메트포르민/[M266682]메트포르민염산염 콜로이드성이산화규소/[M086024]글리메피리드","[03960]당뇨병용제","단일",D000761,Iopromide,"이오프로마이드","","[M085564]이오프로마이드","[07210]X선조영제",20110929,"기능적 신부전에 의해 유산 산성증 촉진","48시간 이내 병용금기","정상"
"병용금기","복합",D000718,Metformin,"메트포르민","[D000392]Glimepiride(글리메피리드)","[M201260]염산메트포민/[M214651]염산메트포르민/[M223014]메트포르민염산염/[M244179]메트포르민염산염/[M255741]메트포르민아세트산염/[M263864]메트포르민/[M266682]메트포르민염산염 콜로이드성이산화규소/[M086024]글리메피리드","[03960]당뇨병용제","단일",D000165,Ioversol,"이오베르솔","","[A000953]이오베르솔/[M088691]이오버솔/[M257716]이오베르솔/[M274167]조이오베르솔","[03960]당뇨병용제",20110929,"기능적 신부전에 의해 유산 산성증 촉진","48시간 이내 병용금기","정상"
"병용금기","복합",D000718,Metformin,"메트포르민","[D000392]Glimepiride(글리메피리드)","[M201260]염산메트포민/[M214651]염산메트포르민/[M223014]메트포르민염산염/[M244179]메트포르민염산염/[M255741]메트포르민아세트산염/[M263864]메트포르민/[M266682]메트포르민염산염 콜로이드성이산화규소/[M086024]글리메피리드","[03960]당뇨병용제","단일",D000364,Iomeprol,"이오메프롤","","[M088268]이오메프롤","[07210]X선조영제",20110929,"기능적 신부전에 의해 유산 산성증 촉진","48시간 이내 병용금기","정상"
"병용금기","복합",D000718,Metformin,"메트포르민","[D000392]Glimepiride(글리메피리드)","[M201260]염산메트포민/[M214651]염산메트포르민/[M223014]메트포르민염산염/[M244179]메트포르민염산염/[M255741]메트포르민아세트산염/[M263864]메트포르민/[M266682]메트포르민염산염 콜로이드성이산화규소/[M086024]글리메피리드","[03960]당뇨병용제","단일",D000760,Iobitridol,"이오비트리돌","","[M086785]이오비트리돌","[07210]X선조영제",20110929,"기능적 신부전에 의해 유산 산성증 촉진","48시간 이내 병용금기","정상"
"병용금기","복합",D000718,Metformin,"메트포르민","[D000392]Glimepiride(글리메피리드)","[M201260]염산메트포민/[M214651]염산메트포르민/[M223014]메트포르민염산염/[M244179]메트포르민염산염/[M255741]메트포르민아세트산염/[M263864]메트포르민/[M266682]메트포르민염산염 콜로이드성이산화규소/[M086024]글리메피리드","[03960]당뇨병용제","단일",D000032,"Iodised Oil","아이오다이즈드오일","","[M259322]아이오다이즈드오일(양귀비종자 유래 요오드화지방산 에틸에스테르)","[07210]X선조영제",20110929,"기능적 신부전에 의해 유산 산성증 촉진","48시간 이내 병용금기","정상"
"병용금기","복합",D000718,Metformin,"메트포르민","[D000445]Vildagliptin(빌다글립틴)","[M201260]염산메트포민/[M214651]염산메트포르민/[M223014]메트포르민염산염/[M244179]메트포르민염산염/[M255741]메트포르민아세트산염/[M263864]메트포르민/[M266682]메트포르민염산염 콜로이드성이산화규소/[M221584]빌다글립틴/[M262420]빌다글립틴(미분화)","[03960]당뇨병용제","단일",D000669,Iohexol,"이오헥솔","","[M088960]이오헥솔","[07210]X선조영제",20110929,"기능적 신부전에 의해 유산 산성증 촉진","48시간 이내 병용금기","정상"
"병용금기","복합",D000718,Metformin,"메트포르민","[D000445]Vildagliptin(빌다글립틴)","[M201260]염산메트포민/[M214651]염산메트포르민/[M223014]메트포르민염산염/[M244179]메트포르민염산염/[M255741]메트포르민아세트산염/[M263864]메트포르민/[M266682]메트포르민염산염 콜로이드성이산화규소/[M221584]빌다글립틴/[M262420]빌다글립틴(미분화)","[03960]당뇨병용제","단일",D000268,"Ioxaglic Acid","이옥사글린산","","[M085561]이옥사글린산","[07210]X선조영제",20110929,"기능적 신부전에 의해 유산 산성증 촉진","48시간 이내 병용금기","정상"
"병용금기","복합",D000718,Metformin,"메트포르민","[D000445]Vildagliptin(빌다글립틴)","[M201260]염산메트포민/[M214651]염산메트포르민/[M223014]메트포르민염산염/[M244179]메트포르민염산염/[M255741]메트포르민아세트산염/[M263864]메트포르민/[M266682]메트포르민염산염 콜로이드성이산화규소/[M221584]빌다글립틴/[M262420]빌다글립틴(미분화)","[03960]당뇨병용제","단일",D000267,Iopamidol,"이오파미돌","","[M085529]이오파미돌","[07210]X선조영제",20110929,"기능적 신부전에 의해 유산 산성증 촉진","48시간 이내 병용금기","정상"
"병용금기","복합",D000718,Metformin,"메트포르민","[D000445]Vildagliptin(빌다글립틴)","[M201260]염산메트포민/[M214651]염산메트포르민/[M223014]메트포르민염산염/[M244179]메트포르민염산염/[M255741]메트포르민아세트산염/[M263864]메트포르민/[M266682]메트포르민염산염 콜로이드성이산화규소/[M221584]빌다글립틴/[M262420]빌다글립틴(미분화)","[03960]당뇨병용제","단일",D000761,Iopromide,"이오프로마이드","","[M085564]이오프로마이드","[07210]X선조영제",20110929,"기능적 신부전에 의해 유산 산성증 촉진","48시간 이내 병용금기","정상"
"병용금기","복합",D000718,Metformin,"메트포르민","[D000445]Vildagliptin(빌다글립틴)","[M201260]염산메트포민/[M214651]염산메트포르민/[M223014]메트포르민염산염/[M244179]메트포르민염산염/[M255741]메트포르민아세트산염/[M263864]메트포르민/[M266682]메트포르민염산염 콜로이드성이산화규소/[M221584]빌다글립틴/[M262420]빌다글립틴(미분화)","[03960]당뇨병용제","단일",D000165,Ioversol,"이오베르솔","","[A000953]이오베르솔/[M088691]이오버솔/[M257716]이오베르솔/[M274167]조이오베르솔","[07210]X선조영제",20110929,"기능적 신부전에 의해 유산 산성증 촉진","48시간 이내 병용금기","정상"
"병용금기","복합",D000718,Metformin,"메트포르민","[D000445]Vildagliptin(빌다글립틴)","[M201260]염산메트포민/[M214651]염산메트포르민/[M223014]메트포르민염산염/[M244179]메트포르민염산염/[M255741]메트포르민아세트산염/[M263864]메트포르민/[M266682]메트포르민염산염 콜로이드성이산화규소/[M221584]빌다글립틴/[M262420]빌다글립틴(미분화)","[03960]당뇨병용제","단일",D000364,Iomeprol,"이오메프롤","","[M088268]이오메프롤","[07210]X선조영제",20110929,"기능적 신부전에 의해 유산 산성증 촉진","48시간 이내 병용금기","정상"
"병용금기","복합",D000718,Metformin,"메트포르민","[D000445]Vildagliptin(빌다글립틴)","[M201260]염산메트포민/[M214651]염산메트포르민/[M223014]메트포르민염산염/[M244179]메트포르민염산염/[M255741]메트포르민아세트산염/[M263864]메트포르민/[M266682]메트포르민염산염 콜로이드성이산화규소/[M221584]빌다글립틴/[M262420]빌다글립틴(미분화)","[03960]당뇨병용제","단일",D000760,Iobitridol,"이오비트리돌","","[M086785]이오비트리돌","[07210]X선조영제",20110929,"기능적 신부전에 의해 유산 산성증 촉진","48시간 이내 병용금기","정상"
"병용금기","복합",D000718,Metformin,"메트포르민","[D000445]Vildagliptin(빌다글립틴)","[M201260]염산메트포민/[M214651]염산메트포르민/[M223014]메트포르민염산염/[M244179]메트포르민염산염/[M255741]메트포르민아세트산염/[M263864]메트포르민/[M266682]메트포르민염산염 콜로이드성이산화규소/[M221584]빌다글립틴/[M262420]빌다글립틴(미분화)","[03960]당뇨병용제","단일",D000032,"Iodised Oil","아이오다이즈드오일","","[M259322]아이오다이즈드오일(양귀비종자 유래 요오드화지방산 에틸에스테르)","[07210]X선조영제",20110929,"기능적 신부전에 의해 유산 산성증 촉진","48시간 이내 병용금기","정상"
"병용금기","복합",D000718,Metformin,"메트포르민","[D000244]Sitagliptin(시타글립틴)","[M201260]염산메트포민/[M214651]염산메트포르민/[M223014]메트포르민염산염/[M244179]메트포르민염산염/[M255741]메트포르민아세트산염/[M263864]메트포르민/[M266682]메트포르민염산염 콜로이드성이산화규소/[M251915]시타글립틴인산염수화물/[M262101]시타글립틴인산염/[M266925]시타글립틴염산염수화물","[03960]당뇨병용제","단일",D000669,Iohexol,"이오헥솔","","[M088960]이오헥솔","[07210]X선조영제",20110929,"기능적 신부전에 의해 유산 산성증 촉진","48시간 이내 병용금기","정상"
"병용금기","복합",D000718,Metformin,"메트포르민","[D000244]Sitagliptin(시타글립틴)","[M201260]염산메트포민/[M214651]염산메트포르민/[M223014]메트포르민염산염/[M244179]메트포르민염산염/[M255741]메트포르민아세트산염/[M263864]메트포르민/[M266682]메트포르민염산염 콜로이드성이산화규소/[M251915]시타글립틴인산염수화물/[M262101]시타글립틴인산염/[M266925]시타글립틴염산염수화물","[03960]당뇨병용제","단일",D000268,"Ioxaglic Acid","이옥사글린산","","[M085561]이옥사글린산","[07210]X선조영제",20110929,"기능적 신부전에 의해 유산 산성증 촉진","48시간 이내 병용금기","정상"
"병용금기","복합",D000718,Metformin,"메트포르민","[D000244]Sitagliptin(시타글립틴)","[M201260]염산메트포민/[M214651]염산메트포르민/[M223014]메트포르민염산염/[M244179]메트포르민염산염/[M255741]메트포르민아세트산염/[M263864]메트포르민/[M266682]메트포르민염산염 콜로이드성이산화규소/[M251915]시타글립틴인산염수화물/[M262101]시타글립틴인산염/[M266925]시타글립틴염산염수화물","[03960]당뇨병용제","단일",D000267,Iopamidol,"이오파미돌","","[M085529]이오파미돌","[07210]X선조영제",20110929,"기능적 신부전에 의해 유산 산성증 촉진","48시간 이내 병용금기","정상"
"병용금기","복합",D000718,Metformin,"메트포르민","[D000244]Sitagliptin(시타글립틴)","[M201260]염산메트포민/[M214651]염산메트포르민/[M223014]메트포르민염산염/[M244179]메트포르민염산염/[M255741]메트포르민아세트산염/[M263864]메트포르민/[M266682]메트포르민염산염 콜로이드성이산화규소/[M251915]시타글립틴인산염수화물/[M262101]시타글립틴인산염/[M266925]시타글립틴염산염수화물","[03960]당뇨병용제","단일",D000761,Iopromide,"이오프로마이드","","[M085564]이오프로마이드","[07210]X선조영제",20110929,"기능적 신부전에 의해 유산 산성증 촉진","48시간 이내 병용금기","정상"
"병용금기","복합",D000718,Metformin,"메트포르민","[D000244]Sitagliptin(시타글립틴)","[M201260]염산메트포민/[M214651]염산메트포르민/[M223014]메트포르민염산염/[M244179]메트포르민염산염/[M255741]메트포르민아세트산염/[M263864]메트포르민/[M266682]메트포르민염산염 콜로이드성이산화규소/[M251915]시타글립틴인산염수화물/[M262101]시타글립틴인산염/[M266925]시타글립틴염산염수화물","[03960]당뇨병용제","단일",D000165,Ioversol,"이오베르솔","","[A000953]이오베르솔/[M088691]이오버솔/[M257716]이오베르솔/[M274167]조이오베르솔","[07210]X선조영제",20110929,"기능적 신부전에 의해 유산 산성증 촉진","48시간 이내 병용금기","정상"
"병용금기","복합",D000718,Metformin,"메트포르민","[D000244]Sitagliptin(시타글립틴)","[M201260]염산메트포민/[M214651]염산메트포르민/[M223014]메트포르민염산염/[M244179]메트포르민염산염/[M255741]메트포르민아세트산염/[M263864]메트포르민/[M266682]메트포르민염산염 콜로이드성이산화규소/[M251915]시타글립틴인산염수화물/[M262101]시타글립틴인산염/[M266925]시타글립틴염산염수화물","[03960]당뇨병용제","단일",D000364,Iomeprol,"이오메프롤","","[M088268]이오메프롤","[07210]X선조영제",20110929,"기능적 신부전에 의해 유산 산성증 촉진","48시간 이내 병용금기","정상"
"병용금기","복합",D000718,Metformin,"메트포르민","[D000244]Sitagliptin(시타글립틴)","[M201260]염산메트포민/[M214651]염산메트포르민/[M223014]메트포르민염산염/[M244179]메트포르민염산염/[M255741]메트포르민아세트산염/[M263864]메트포르민/[M266682]메트포르민염산염 콜로이드성이산화규소/[M251915]시타글립틴인산염수화물/[M262101]시타글립틴인산염/[M266925]시타글립틴염산염수화물","[03960]당뇨병용제","단일",D000760,Iobitridol,"이오비트리돌","","[M086785]이오비트리돌","[07210]X선조영제",20110929,"기능적 신부전에 의해 유산 산성증 촉진","48시간 이내 병용금기","정상"
"병용금기","복합",D000718,Metformin,"메트포르민","[D000244]Sitagliptin(시타글립틴)","[M201260]염산메트포민/[M214651]염산메트포르민/[M223014]메트포르민염산염/[M244179]메트포르민염산염/[M255741]메트포르민아세트산염/[M263864]메트포르민/[M266682]메트포르민염산염 콜로이드성이산화규소/[M251915]시타글립틴인산염수화물/[M262101]시타글립틴인산염/[M266925]시타글립틴염산염수화물","[03960]당뇨병용제","단일",D000032,"Iodised Oil","아이오다이즈드오일","","[M259322]아이오다이즈드오일(양귀비종자 유래 요오드화지방산 에틸에스테르)","[07210]X선조영제",20110929,"기능적 신부전에 의해 유산 산성증 촉진","48시간 이내 병용금기","정상"
"병용금기","단일",D000151,Alfacalcidol,"알파칼시돌","","[M081303]알파칼시돌","[03110]비타민 A 및 D제","복합",D000581,Calcitriol,"칼시트리올","[D000658]Alendronate(알렌드론산)","[M082905]칼시트리올/[M200966]소듐알렌드로네이트/[M206239]알렌드론산나트륨/[M222873]알렌드론산나트륨수화물/[M253533]알렌드론산나트륨삼수화물","[03990]따로 분류되지 않는 대사성 의약품",20110929,"고칼슘혈증","","정상"
"병용금기","단일",D000175,Calcifediol,"칼시페디올","","[M088487]칼시페디올","[03110]비타민 A 및 D제","복합",D000581,Calcitriol,"칼시트리올","[D000658]Alendronate(알렌드론산)","[M082905]칼시트리올/[M200966]소듐알렌드로네이트/[M206239]알렌드론산나트륨/[M222873]알렌드론산나트륨수화물/[M253533]알렌드론산나트륨삼수화물","[03990]따로 분류되지 않는 대사성 의약품",20110929,"고칼슘혈증","","정상"
"병용금기","단일",D000188,Paricalcitol,"파리칼시톨","","[M095446]파리칼시톨","[03110]비타민 A 및 D제","복합",D000581,Calcitriol,"칼시트리올","[D000658]Alendronate(알렌드론산)","[M082905]칼시트리올/[M200966]소듐알렌드로네이트/[M206239]알렌드론산나트륨/[M222873]알렌드론산나트륨수화물/[M253533]알렌드론산나트륨삼수화물","[03990]따로 분류되지 않는 대사성 의약품",20110929,"고칼슘혈증","","정상"
"병용금기","단일",D000737,Avanafil,"아바나필","","[M252563]아바나필","[02590]기타의 비뇨생식기관 및 항문용약","단일",D000150,Atazanavir,"아타자나비르","","[M249264]아타자나비어황산염/[M263079]아타자나비르황산염","[06290]기타의 화학요법제",20131212,"혈압강하증가","","정상"
"병용금기","단일",D000737,Avanafil,"아바나필","","[M252563]아바나필","[02590]기타의 비뇨생식기관 및 항문용약","단일",D000770,Chloramphenicol,"클로람페니콜","","[M020122]클로람페니콜/[M223202]클로람페니콜나트륨숙시네이트","[06150]주로 그람양성, 음성균, 리케치아, 비루스에 작용하는 것",20131212,"혈압강하증가","","정상"
"병용금기","단일",D000737,Avanafil,"아바나필","","[M252563]아바나필","[02590]기타의 비뇨생식기관 및 항문용약","단일",D000373,Clarithromycin,"클래리트로마이신","","[M085725]클래리스로마이신/[M087123]클래리스로마이신코팅입자/[M102127]클래리스로마이신제피과립/[M222887]클래리트로마이신/[M223198]클래리트로마이신/[M245961]클래리트로마이신제피과립/[M256483]클래리트로마이신제피과립(42%)","[06180]주로 그람양성, 음성균에 작용하는 것/[06190]기타의 항생물질제제(복합항생물질제제를 포함)",20131212,"혈압강하증가","","정상"
"병용금기","단일",D000737,Avanafil,"아바나필","","[M252563]아바나필","[02590]기타의 비뇨생식기관 및 항문용약","복합",D000673,Cobicistat,"코비시스타트","[D000561]Elvitegravir(엘비테그라비르)/[D000665]Emtricitabine(엠트리시타빈)/[D000281]Tenofovir(테노포비르)","[M256270]코비시스타트이산화규소/[A005561]엘비테그라비르/[M250026]엠트리시타빈/[A001163]테노포비르","[06290]기타의 화학요법제",20131212,"혈압강하증가","","정상"
"병용금기","단일",D000737,Avanafil,"아바나필","","[M252563]아바나필","[02590]기타의 비뇨생식기관 및 항문용약","단일",D000395,Darunavir,"다루나비르","","[M258751]다루나비르에탄올레이트","[06290]기타의 화학요법제",20131212,"혈압강하증가","","정상"
"병용금기","단일",D000737,Avanafil,"아바나필","","[M252563]아바나필","[02590]기타의 비뇨생식기관 및 항문용약","단일",D000763,Indinavir,"인디나빌","","[M239870]인디나빌황산염","[06290]기타의 화학요법제",20131212,"혈압강하증가","","정상"
"병용금기","단일",D000737,Avanafil,"아바나필","","[M252563]아바나필","[02590]기타의 비뇨생식기관 및 항문용약","단일",D000572,Isosorbide,"이소소르비드","","[M052004]희석질산이소소르비드/[M070427]질산이소소르비드/염화나트륨/[M081164]지속성질산이소소르비드펠렛/[M083257]이소소르비드5모노니트레이트90%/[M083258]이소소르비드5모노니트레이트/[M085624]5-일질산이소소르비드20%/[M087418]5-일질산이소소르비드90%/[M088245]이소소르비드5모노니트레이트서방소립구/[M098218]이소소르비드5모노니트레이트몬탄글리콜왁스혼합물40%/[M223173]이소소르비드질산염/[M224417]이소소르비드액/[M227281]이소소르비드/[M227641]이소소르비드농축액/[M229255]지속성 질산이소소르비드펠렛/[M230818]희질산이소소르비드(25%)/[M232513]희석이소소르비드질산염/[M246194]이소소르비드-5-모노니트레이트90%/[M246508]희석이소소르비드질산염(40%)/[M250379]묽은이소소르비드이질산염/[M250785]이소소르비드질산염 제피과립/[M255262]이소소르비드디니트레이트·염화나트륨/[M256312]이소소르비드이질산염-염화나트륨/[M256917]이소소르비드일질산염90%/[M257095]이소소르비드일질산염/[M258776]묽은이소소르비드일질산염/[M259305]이소소르비드이질산염지속과립","[01160]진훈제/[02130]이뇨제/[02170]혈관확장제",20131212,"혈압강하증가","","삭제"
"병용금기","단일",D000737,Avanafil,"아바나필","","[M252563]아바나필","[02590]기타의 비뇨생식기관 및 항문용약","단일",D000762,Itraconazole,"이트라코나졸","","[M083733]이트라코나졸제피과립/[M083734]이트라코나졸/[M092870]이트라코나졸고체분산체/[M201487]이트라코나졸고체분산/[M201624]제피이트라코나졸과립","[06290]기타의 화학요법제",20131212,"혈압강하증가","","정상"
"병용금기","단일",D000737,Avanafil,"아바나필","","[M252563]아바나필","[02590]기타의 비뇨생식기관 및 항문용약","복합",D000626,Lopinavir,"로피나비르","[D000712]Ritonavir(리토나비르)","[M259361]로피나비르/[M259362]리토나비르","[06290]기타의 화학요법제",20131212,"혈압강하증가","","정상"
"병용금기","단일",D000737,Avanafil,"아바나필","","[M252563]아바나필","[02590]기타의 비뇨생식기관 및 항문용약","단일",D000128,Mirodenafil,"미로데나필","","[M214384]염산미로데나필/[M253534]미로데나필","[02590]기타의 비뇨생식기관 및 항문용약",20131212,"혈압강하증가","","정상"
"병용금기","단일",D000737,Avanafil,"아바나필","","[M252563]아바나필","[02590]기타의 비뇨생식기관 및 항문용약","단일",D000530,Molsidomine,"몰시도민","","[M070605]몰시도민","[02170]혈관확장제",20131212,"혈압강하증가","","정상"
"병용금기","단일",D000737,Avanafil,"아바나필","","[M252563]아바나필","[02590]기타의 비뇨생식기관 및 항문용약","단일",D000003,Nelfinavir,"넬피나비어","","[M088546]메실산넬피나비어","[06290]기타의 화학요법제",20131212,"혈압강하증가","","정상"
"병용금기","단일",D000737,Avanafil,"아바나필","","[M252563]아바나필","[02590]기타의 비뇨생식기관 및 항문용약","단일",D000497,Nicardipine,"니카르디핀","","[M222948]니카르디핀염산염/[M228651]니카르디핀염산염위용성과립/[M228652]니카르디핀염산염장용성과립","[02140]혈압강하제",20131212,"기절의 효과감소","","정상"
"병용금기","단일",D000737,Avanafil,"아바나필","","[M252563]아바나필","[02590]기타의 비뇨생식기관 및 항문용약","단일",D000498,Nicorandil,"니코란딜","","[M081543]니코란딜","[02170]혈관확장제",20131212,"혈압강하증가","","정상"
"병용금기","단일",D000737,Avanafil,"아바나필","","[M252563]아바나필","[02590]기타의 비뇨생식기관 및 항문용약","단일",D000215,Nitroglycerin,"니트로글리세린","","[M088774]희석니트로글리세린/[M094010]5%니트로글리세린무수에탄올액/[M104103]희석된니트로글리세린/[M104323]희석된니트로글리세린(니트로글리세린2%유당)/[M214344]희석힌니트로글리세린용액/[M257143]묽은니트로글리세린","[02170]혈관확장제/[02560]치질용제",20131212,"혈압강하증가","","정상"
"병용금기","단일",D000737,Avanafil,"아바나필","","[M252563]아바나필","[02590]기타의 비뇨생식기관 및 항문용약","단일",D000787,Nitroprusside,"니트로푸루시드","","[M234430]니트로 푸루시드 나트륨","[02140]혈압강하제",20131212,"혈압강하증가","","정상"
"병용금기","단일",D000737,Avanafil,"아바나필","","[M252563]아바나필","[02590]기타의 비뇨생식기관 및 항문용약","단일",D000405,Posaconazole,"포사코나졸","","[M256381]포사코나졸(미분화)","[06290]기타의 화학요법제",20131212,"혈압강하증가","","정상"
"병용금기","단일",D000737,Avanafil,"아바나필","","[M252563]아바나필","[02590]기타의 비뇨생식기관 및 항문용약","단일",D000712,Ritonavir,"리토나비르","","[M259362]리토나비르","[06290]기타의 화학요법제",20131212,"혈압강하증가","","정상"
"병용금기","단일",D000737,Avanafil,"아바나필","","[M252563]아바나필","[02590]기타의 비뇨생식기관 및 항문용약","단일",D000246,Sildenafil,"실데나필","","[M089346]구연산실데나필/[M252789]실데나필시트르산염/[M253237]실데나필","[02140]혈압강하제/[02590]기타의 비뇨생식기관 및 항문용약",20131212,"동일계열 병용투여 금기","","정상"
"병용금기","단일",D000737,Avanafil,"아바나필","","[M252563]아바나필","[02590]기타의 비뇨생식기관 및 항문용약","단일",D000181,Tadalafil,"타다라필","","[M095435]타다라필","[02590]기타의 비뇨생식기관 및 항문용약",20131212,"동일계열 병용투여 금기","","정상"
"병용금기","단일",D000737,Avanafil,"아바나필","","[M252563]아바나필","[02590]기타의 비뇨생식기관 및 항문용약","단일",D000569,Udenafil,"유데나필","","[M102602]유데나필","[02590]기타의 비뇨생식기관 및 항문용약",20131212,"동일계열 병용투여 금기","","정상"
"병용금기","단일",D000737,Avanafil,"아바나필","","[M252563]아바나필","[02590]기타의 비뇨생식기관 및 항문용약","단일",D000434,Vardenafil,"바데나필","","[M252262]바데나필염산염(미분화)","[02590]기타의 비뇨생식기관 및 항문용약",20131212,"동일계열 병용투여 금기","","정상"
"병용금기","단일",D000737,Avanafil,"아바나필","","[M252563]아바나필","[02590]기타의 비뇨생식기관 및 항문용약","단일",D000443,Voriconazole,"보리코나졸","","[I005813]보리코나졸/[M102252]보리코나졸","[06290]기타의 화학요법제",20131212,"혈압강하증가","","정상"
"병용금기","단일",D000128,Mirodenafil,"미로데나필","","[M214384]염산미로데나필/[M253534]미로데나필","[02590]기타의 비뇨생식기관 및 항문용약","단일",D000530,Molsidomine,"몰시도민","","[M070605]몰시도민","[02170]혈관확장제",20131212,"혈압강하증가","","정상"
"병용금기","단일",D000128,Mirodenafil,"미로데나필","","[M214384]염산미로데나필/[M253534]미로데나필","[02590]기타의 비뇨생식기관 및 항문용약","단일",D000215,Nitroglycerin,"니트로글리세린","","[M088774]희석니트로글리세린/[M094010]5%니트로글리세린무수에탄올액/[M104103]희석된니트로글리세린/[M104323]희석된니트로글리세린(니트로글리세린2%유당)/[M214344]희석힌니트로글리세린용액/[M257143]묽은니트로글리세린","[02170]혈관확장제/[02560]치질용제",20131212,"혈압강하증가","","정상"
"병용금기","단일",D000128,Mirodenafil,"미로데나필","","[M214384]염산미로데나필/[M253534]미로데나필","[02590]기타의 비뇨생식기관 및 항문용약","단일",D000787,Nitroprusside,"니트로푸루시드","","[M234430]니트로 푸루시드 나트륨","[02140]혈압강하제",20131212,"혈압강하증가","","정상"
"병용금기","단일",D000246,Sildenafil,"실데나필","","[M089346]구연산실데나필/[M252789]실데나필시트르산염/[M253237]실데나필","[02140]혈압강하제/[02590]기타의 비뇨생식기관 및 항문용약","단일",D000763,Indinavir,"인디나빌","","[M239870]인디나빌황산염","[06290]기타의 화학요법제",20131212,"혈압강하증가","","정상"
"병용금기","단일",D000246,Sildenafil,"실데나필","","[M089346]구연산실데나필/[M252789]실데나필시트르산염/[M253237]실데나필","[02140]혈압강하제/[02590]기타의 비뇨생식기관 및 항문용약","복합",D000626,Lopinavir,"로피나비르","[D000712]Ritonavir(리토나비르)","[M259361]로피나비르/[M259362]리토나비르","[06290]기타의 화학요법제",20131212,"혈압강하증가","","정상"
"병용금기","단일",D000246,Sildenafil,"실데나필","","[M089346]구연산실데나필/[M252789]실데나필시트르산염/[M253237]실데나필","[02140]혈압강하제/[02590]기타의 비뇨생식기관 및 항문용약","단일",D000712,Ritonavir,"리토나비르","","[M259362]리토나비르","[06290]기타의 화학요법제",20131212,"혈압강하증가","","정상"
"병용금기","단일",D000434,Vardenafil,"바데나필","","[M252262]바데나필염산염(미분화)","[02590]기타의 비뇨생식기관 및 항문용약","단일",D000259,Amiodarone,"아미오다론","","[A005259]아미오다론","[02120]부정맥용제",20131212,"혈압강하증가","","정상"
"병용금기","단일",D000434,Vardenafil,"바데나필","","[M252262]바데나필염산염(미분화)","[02590]기타의 비뇨생식기관 및 항문용약","단일",D000150,Atazanavir,"아타자나비르","","[M249264]아타자나비어황산염/[M263079]아타자나비르황산염","[06290]기타의 화학요법제",20131212,"혈압강하증가","","정상"
"병용금기","단일",D000434,Vardenafil,"바데나필","","[M252262]바데나필염산염(미분화)","[02590]기타의 비뇨생식기관 및 항문용약","복합",D000673,Cobicistat,"코비시스타트","[D000561]Elvitegravir(엘비테그라비르)/[D000665]Emtricitabine(엠트리시타빈)/[D000281]Tenofovir(테노포비르)","[M256270]코비시스타트이산화규소/[A005561]엘비테그라비르/[M250026]엠트리시타빈/[A001163]테노포비르","[06290]기타의 화학요법제",20131212,"혈압강하증가","","정상"
"병용금기","단일",D000434,Vardenafil,"바데나필","","[M252262]바데나필염산염(미분화)","[02590]기타의 비뇨생식기관 및 항문용약","단일",D000395,Darunavir,"다루나비르","","[M258751]다루나비르에탄올레이트","[06290]기타의 화학요법제",20131212,"혈압강하증가","","정상"
"병용금기","단일",D000434,Vardenafil,"바데나필","","[M252262]바데나필염산염(미분화)","[02590]기타의 비뇨생식기관 및 항문용약","단일",D000201,Dronedarone,"드로네다론","","[M249412]드로네다론염산염","[02120]부정맥용제",20131212,"혈압강하증가","","정상"
"병용금기","단일",D000434,Vardenafil,"바데나필","","[M252262]바데나필염산염(미분화)","[02590]기타의 비뇨생식기관 및 항문용약","단일",D000763,Indinavir,"인디나빌","","[M239870]인디나빌황산염","[06290]기타의 화학요법제",20131212,"혈압강하증가","","정상"
"병용금기","단일",D000434,Vardenafil,"바데나필","","[M252262]바데나필염산염(미분화)","[02590]기타의 비뇨생식기관 및 항문용약","복합",D000626,Lopinavir,"로피나비르","[D000712]Ritonavir(리토나비르)","[M259361]로피나비르/[M259362]리토나비르","[06290]기타의 화학요법제",20131212,"혈압강하증가","","정상"
"병용금기","단일",D000434,Vardenafil,"바데나필","","[M252262]바데나필염산염(미분화)","[02590]기타의 비뇨생식기관 및 항문용약","단일",D000003,Nelfinavir,"넬피나비어","","[M088546]메실산넬피나비어","[06290]기타의 화학요법제",20131212,"혈압강하증가","","정상"
"병용금기","단일",D000434,Vardenafil,"바데나필","","[M252262]바데나필염산염(미분화)","[02590]기타의 비뇨생식기관 및 항문용약","단일",D000712,Ritonavir,"리토나비르","","[M259362]리토나비르","[06290]기타의 화학요법제",20131212,"혈압강하증가","","정상"
"병용금기","단일",D000434,Vardenafil,"바데나필","","[M252262]바데나필염산염(미분화)","[02590]기타의 비뇨생식기관 및 항문용약","단일",D000022,Sotalol,"소타롤","","[A005022]소타롤","[02120]부정맥용제",20131212,"혈압강하증가","","정상"
"병용금기","복합",D000733,Cyproterone,"시프로테론","[D000749]Ethinyl estradiol(에티닐에스트라디올)","[M080323]초산시프로테론/[M222867]시프로테론아세테이트/[A005749]에티닐에스트라디올/[M040405]에치닐에스트라디올/[M223147]에티닐에스트라디올/[M259133]에티닐에스트라디올(EE-베타덱스 포접체로서)","[02490]기타의 호르몬제(항호르몬제를 포함)","단일",D000556,Etonogestrel,"에토노게스트렐","","[M093855]에토노게스트렐","[02540]피임제",20141104,"혈전색전증 위험을 높임","48시간 이내 병용금기","정상"
"병용금기","복합",D000733,Cyproterone,"시프로테론","[D000749]Ethinyl estradiol(에티닐에스트라디올)","[M080323]초산시프로테론/[M222867]시프로테론아세테이트/[A005749]에티닐에스트라디올/[M040405]에치닐에스트라디올/[M223147]에티닐에스트라디올/[M259133]에티닐에스트라디올(EE-베타덱스 포접체로서)","[02490]기타의 호르몬제(항호르몬제를 포함)","단일",D000617,Levonorgestrel,"레보노르게스트렐","","[M095487]레보노르게스트렐","[02540]피임제/[02470]난포호르몬제 및 황체호르몬제",20141104,"혈전색전증 위험을 높임","","정상"
"병용금기","복합",D000733,Cyproterone,"시프로테론","[D000749]Ethinyl estradiol(에티닐에스트라디올)","[M080323]초산시프로테론/[M222867]시프로테론아세테이트/[A005749]에티닐에스트라디올/[M040405]에치닐에스트라디올/[M223147]에티닐에스트라디올/[M259133]에티닐에스트라디올(EE-베타덱스 포접체로서)","[02490]기타의 호르몬제(항호르몬제를 포함)","단일",D000617,Levonorgestrel,"레보노르게스트렐","","[M095487]레보노르게스트렐","[02470]난포호르몬제 및 황체호르몬제",20141104,"혈전색전증 위험을 높임","상품명 : 미레나20마이크로그람/일","삭제"
"병용금기","복합",D000733,Cyproterone,"시프로테론","[D000749]Ethinyl estradiol(에티닐에스트라디올)","[M080323]초산시프로테론/[M222867]시프로테론아세테이트/[A005749]에티닐에스트라디올/[M040405]에치닐에스트라디올/[M223147]에티닐에스트라디올/[M259133]에티닐에스트라디올(EE-베타덱스 포접체로서)","[02490]기타의 호르몬제(항호르몬제를 포함)","복합",D000694,Desogestrel,"데소게스트렐","[D000749]Ethinyl estradiol(에티닐에스트라디올)","[M083365]데소게스트렐/[A005749]에티닐에스트라디올/[M040405]에치닐에스트라디올/[M223147]에티닐에스트라디올/[M259133]에티닐에스트라디올(EE-베타덱스 포접체로서)","[02540]피임제",20141104,"혈전색전증 위험을 높임","48시간 이내 병용금기","정상"
"병용금기","복합",D000733,Cyproterone,"시프로테론","[D000749]Ethinyl estradiol(에티닐에스트라디올)","[M080323]초산시프로테론/[M222867]시프로테론아세테이트/[A005749]에티닐에스트라디올/[M040405]에치닐에스트라디올/[M223147]에티닐에스트라디올/[M259133]에티닐에스트라디올(EE-베타덱스 포접체로서)","[02490]기타의 호르몬제(항호르몬제를 포함)","복합",D000789,Drospirenone,"드로스피레논","[D000749]Ethinyl estradiol(에티닐에스트라디올)","[M211129]드로스피레논/[A005749]에티닐에스트라디올/[M040405]에치닐에스트라디올/[M223147]에티닐에스트라디올/[M259133]에티닐에스트라디올(EE-베타덱스 포접체로서)","[02540]피임제",20141104,"혈전색전증 위험을 높임","","정상"
"병용금기","복합",D000733,Cyproterone,"시프로테론","[D000749]Ethinyl estradiol(에티닐에스트라디올)","[M080323]초산시프로테론/[M222867]시프로테론아세테이트/[A005749]에티닐에스트라디올/[M040405]에치닐에스트라디올/[M223147]에티닐에스트라디올/[M259133]에티닐에스트라디올(EE-베타덱스 포접체로서)","[02490]기타의 호르몬제(항호르몬제를 포함)","복합",D000556,Etonogestrel,"에토노게스트렐","[D000749]Ethinyl estradiol(에티닐에스트라디올)","[M093855]에토노게스트렐/[A005749]에티닐에스트라디올/[M040405]에치닐에스트라디올/[M223147]에티닐에스트라디올/[M259133]에티닐에스트라디올(EE-베타덱스 포접체로서)","[02540]피임제",20141104,"혈전색전증 위험을 높임","48시간 이내 병용금기","정상"
"병용금기","복합",D000733,Cyproterone,"시프로테론","[D000749]Ethinyl estradiol(에티닐에스트라디올)","[M080323]초산시프로테론/[M222867]시프로테론아세테이트/[A005749]에티닐에스트라디올/[M040405]에치닐에스트라디올/[M223147]에티닐에스트라디올/[M259133]에티닐에스트라디올(EE-베타덱스 포접체로서)","[02490]기타의 호르몬제(항호르몬제를 포함)","복합",D000389,Gestodene,"게스토덴","[D000749]Ethinyl estradiol(에티닐에스트라디올)","[M082621]게스토덴/[A005749]에티닐에스트라디올/[M040405]에치닐에스트라디올/[M223147]에티닐에스트라디올/[M259133]에티닐에스트라디올(EE-베타덱스 포접체로서)","[02540]피임제",20141104,"혈전색전증 위험을 높임","48시간 이내 병용금기","정상"
"병용금기","복합",D000733,Cyproterone,"시프로테론","[D000749]Ethinyl estradiol(에티닐에스트라디올)","[M080323]초산시프로테론/[M222867]시프로테론아세테이트/[A005749]에티닐에스트라디올/[M040405]에치닐에스트라디올/[M223147]에티닐에스트라디올/[M259133]에티닐에스트라디올(EE-베타덱스 포접체로서)","[02490]기타의 호르몬제(항호르몬제를 포함)","복합",D000617,Levonorgestrel,"레보노르게스트렐","[D000749]Ethinyl estradiol(에티닐에스트라디올)","[M095487]레보노르게스트렐/[A005749]에티닐에스트라디올/[M040405]에치닐에스트라디올/[M223147]에티닐에스트라디올/[M259133]에티닐에스트라디올(EE-베타덱스 포접체로서)","[02540]피임제",20141104,"혈전색전증 위험을 높임","","정상"
"병용금기","복합",D000733,Cyproterone,"시프로테론","[D000749]Ethinyl estradiol(에티닐에스트라디올)","[M080323]초산시프로테론/[M222867]시프로테론아세테이트/[A005749]에티닐에스트라디올/[M040405]에치닐에스트라디올/[M223147]에티닐에스트라디올/[M259133]에티닐에스트라디올(EE-베타덱스 포접체로서)","[02490]기타의 호르몬제(항호르몬제를 포함)","단일",D000121,Medroxyprogesterone,"메드록시프로게스테론","","[M040146]초산메드록시프로게스테론/[M200491]메드록시프로게스테론아세테이트","[02470]난포호르몬제 및 황체호르몬제",20141104,"혈전색전증 위험을 높임","","정상"
"병용금기","단일",D000695,Dexlansoprazole,"덱스란소프라졸","","[M255434]덱스란소프라졸","[02320]소화성궤양용제","단일",D000150,Atazanavir,"아타자나비르","","[M249264]아타자나비어황산염/[M263079]아타자나비르황산염","[06290]기타의 화학요법제",20141104,"Atazanavir의 치료효과 감소 및 내성발현 위험 증가","","정상"
"병용금기","단일",D000153,Esomeprazole,"에스오메프라졸","","[M092321]에스오메프라졸마그네슘삼수화물/[M100498]에스오메프라졸나트륨/[M221042]에스오메프라졸스트론튬사수화물/[M242227]에스오메프라졸마그네슘이수화물/[M249554]에스오메프라졸/[M259375]에스오메프라졸마그네슘이수화물/[M262063]에스오메프라졸마그네슘과립","[02320]소화성궤양용제","단일",D000003,Nelfinavir,"넬피나비어","","[M088546]메실산넬피나비어","[06290]기타의 화학요법제",20141104,"Nelfinavir의 치료효과 감소 및 내성발현 위험 증가","","정상"
"병용금기","단일",D000357,Olanzapine,"올란자핀","","[M089222]올란자핀/[M233301]미세올란자핀","[01170]정신신경용제","단일",D000560,Epinephrine,"에피네프린","","[M040421]에피네프린/[M040581]중주석산에피네프린/[M094252]주석산에피네프린/[M251244]에피네프린타르타르산염","[02450]부신호르몬제",20141104,"중증의 혈압강하를 일으킬 수 있음","","정상"
"병용금기","단일",D000469,Omeprazole,"오메프라졸","","[M083697]오메프라졸장용성과립/[M083698]오메프라졸/[M089720]오메프라졸나트륨/[M201348]오메프라졸장용과립","[02320]소화성궤양용제","단일",D000003,Nelfinavir,"넬피나비어","","[M088546]메실산넬피나비어","[06290]기타의 화학요법제",20141104,"Nelfinavir의 치료효과 감소 및 내성발현 위험 증가","","정상"
"병용금기","단일",D000735,Agomelatine,"아고멜라틴","","[M251166]아고멜라틴","[01170]정신신경용제","단일",D000800,Fluvoxamine,"플루복사민","","[M088658]플루복사민말레이트","[01170]정신신경용제",20150423,"아고멜라틴 혈중농도 증가","","정상"
"병용금기","단일",D000735,Agomelatine,"아고멜라틴","","[M251166]아고멜라틴","[01170]정신신경용제","단일",D000142,Ciprofloxacin,"시프로플록사신","","[M082454]염산시프로프록사신/[M091139]시프로플록사신/[M095543]염산시프로플록사신/[M223091]시프로플록사신염산염수화물/[M242850]시프로플록사신염산염","[06290]기타의 화학요법제",20150423,"아고멜라틴 혈중농도 증가","","정상"
"병용금기","단일",D000396,"Dabigatran etexilate","다비가트란에텍실레이트","","[M251630]다비가트란에텍실레이트메실산염","[03330]혈액응고저지제","단일",D000334,Cyclosporine,"사이클로스포린","","[A005971]시클로스포린/[M040068]마이크로에멀젼용시클로스포린/[M085282]사이클로스포린/[M085565]시클로스포린","[01310]안과용제/[01420]자격요법제(비특이성면역억제제를 포함)",20150423,"다비가트란의 혈중농도가 상승하여 출혈위험 증가","","정상"
"병용금기","단일",D000396,"Dabigatran etexilate","다비가트란에텍실레이트","","[M251630]다비가트란에텍실레이트메실산염","[03330]혈액응고저지제","단일",D000201,Dronedarone,"드로네다론","","[M249412]드로네다론염산염","[02120]부정맥용제",20150423,"다비가트란의 혈중농도가 상승하여 출혈위험 증가","","정상"
"병용금기","단일",D000396,"Dabigatran etexilate","다비가트란에텍실레이트","","[M251630]다비가트란에텍실레이트메실산염","[03330]혈액응고저지제","단일",D000762,Itraconazole,"이트라코나졸","","[M083733]이트라코나졸제피과립/[M083734]이트라코나졸/[M092870]이트라코나졸고체분산체/[M201487]이트라코나졸고체분산/[M201624]제피이트라코나졸과립","[06290]기타의 화학요법제",20150423,"다비가트란의 혈중농도가 상승하여 출혈위험 증가","","정상"
"병용금기","단일",D000087,Doripenem,"도리페넴","","[M249413]도리페넴일수화물","[06180]주로 그람양성, 음성균에 작용하는 것","단일",D000535,"Valproic acid","발프로산","","[M070676]발프로산나트륨/[M082087]디발프로엑스나트륨/[M083547]발프로산/[M085424]디발프로엑스나트륨입자/[M090172]발프로산마그네슘","[01130]항전간제",20150423,"발프론산의 혈중농도를  감소시켜 간질발작 재발의 위험 증가","","정상"
"병용금기","단일",D000036,Etravirine,"에트라비린","","[M236272]에트라비린","[06290]기타의 화학요법제","단일",D000476,Carbamazepine,"카르바마제핀","","[M040569]카르바마제핀/[M201734]카바마제핀","[01130]항전간제",20150423,"에트라비린의 혈중농도가 감소하여 치료효과 감소 혹은 내성발현","","정상"
"병용금기","단일",D000036,Etravirine,"에트라비린","","[M236272]에트라비린","[06290]기타의 화학요법제","단일",D000282,Phenobarbital,"페노바르비탈","","[M040685]페노바르비탈/[M217088]페노바르비탈나트륨","[01120]최면진정제",20150423,"에트라비린의 혈중농도가 감소하여 치료효과 감소 혹은 내성발현","","정상"
"병용금기","단일",D000036,Etravirine,"에트라비린","","[M236272]에트라비린","[06290]기타의 화학요법제","단일",D000595,Phenytoin,"페니토인","","[M051706]페니토인/[M051707]페니토인나트륨","[01130]항전간제",20150423,"에트라비린의 혈중농도가 감소하여 치료효과 감소 혹은 내성발현","","정상"
"병용금기","단일",D000036,Etravirine,"에트라비린","","[M236272]에트라비린","[06290]기타의 화학요법제","단일",D000314,Rifampicin,"리팜피신","","[M020042]리팜피신","[06130]주로 항산성균에 작용하는 것",20150423,"에트라비린의 혈중농도가 감소하여 치료효과 감소 혹은 내성발현","","정상"
"병용금기","단일",D000036,Etravirine,"에트라비린","","[M236272]에트라비린","[06290]기타의 화학요법제","단일",D000447,"St. Johns Wort","세인트존스워트","","[M220509]세인트존스워트/[M248295]세인트존스워트80%메탄올엑스/[M255952]세인트존스워트50%에탄올엑스/[M256845]세인트존스워트틴크D2/[M258013]세인트존스워트80%메탄올건조엑스","[01190]기타의 중추신경용약",20150423,"에트라비린의 혈중농도가 감소하여 치료효과 감소 혹은 내성발현","","정상"
"병용금기","단일",D000402,Febuxostat,"페북소스타트","","[M245171]페북소스타트/[M245172]페북소스타트/[M245173]페북소스타트/[M245174]페북소스타트/[M245186]페북소스타트","[03940]통풍치료제","단일",D000123,Mercaptopurine,"메르캅토푸린","","[M040148]메르캅토푸린/[M223006]메르캅토푸린수화물","[04210]항악성종양제",20150423,"메르캅토푸린의 혈중농도 증가","","정상"
"병용금기","단일",D000402,Febuxostat,"페북소스타트","","[M245171]페북소스타트/[M245172]페북소스타트/[M245173]페북소스타트/[M245174]페북소스타트/[M245186]페북소스타트","[03940]통풍치료제","단일",D000250,Azathioprine,"아자티오프린","","[M223108]아자티오프린","[01420]자격요법제(비특이성면역억제제를 포함)",20150423,"아자치오프린의 혈중농도 증가","","정상"
"병용금기","단일",D000208,"Fosaprepitant Dimeglumine","포스아프레피탄트 디메글루민염","","[M252566]포스아프레피탄트 디메글루민염","[02350]최토제, 진토제","단일",D000213,Pimozide,"피모짓","","[M071691]피모짓","[01170]정신신경용제",20150423,"피모짓의 혈중농도 증가","","정상"
"병용금기","단일",D000472,Iguratimod,"이그라티모드","","[M257333]이그라티모드","[01420]자격요법제(비특이성면역억제제를 포함)","단일",D000567,Warfarin,"와파린","","[M081434]와파린나트륨","[03330]혈액응고저지제",20150423,"와파린작용 증대","","정상"
"병용금기","단일",D000571,Ivabradine,"이바브라딘","","[M245775]이바브라딘염산염","[02190]기타의 순환계용약","단일",D000762,Itraconazole,"이트라코나졸","","[M083733]이트라코나졸제피과립/[M083734]이트라코나졸/[M092870]이트라코나졸고체분산체/[M201487]이트라코나졸고체분산/[M201624]제피이트라코나졸과립","[06290]기타의 화학요법제",20150423,"이바브라딘의 혈중농도 증가","","정상"
"병용금기","단일",D000571,Ivabradine,"이바브라딘","","[M245775]이바브라딘염산염","[02190]기타의 순환계용약","단일",D000373,Clarithromycin,"클래리트로마이신","","[M085725]클래리스로마이신/[M087123]클래리스로마이신코팅입자/[M102127]클래리스로마이신제피과립/[M222887]클래리트로마이신/[M223198]클래리트로마이신/[M245961]클래리트로마이신제피과립/[M256483]클래리트로마이신제피과립(42%)","[06180]주로 그람양성, 음성균에 작용하는 것/[06190]기타의 항생물질제제(복합항생물질제제를 포함)",20150423,"이바브라딘의 혈중농도 증가","","정상"
"병용금기","단일",D000571,Ivabradine,"이바브라딘","","[M245775]이바브라딘염산염","[02190]기타의 순환계용약","단일",D000003,Nelfinavir,"넬피나비어","","[M088546]메실산넬피나비어","[06290]기타의 화학요법제",20150423,"이바브라딘의 혈중농도 증가","","정상"
"병용금기","단일",D000571,Ivabradine,"이바브라딘","","[M245775]이바브라딘염산염","[02190]기타의 순환계용약","단일",D000712,Ritonavir,"리토나비르","","[M259362]리토나비르","[06290]기타의 화학요법제",20150423,"이바브라딘의 혈중농도 증가","","정상"
"병용금기","단일",D000571,Ivabradine,"이바브라딘","","[M245775]이바브라딘염산염","[02190]기타의 순환계용약","단일",D000256,Erythromycin,"에리트로마이신","","[M020095]에리스로마이신/[M020096]락토비온산에리스로마이신/[M020099]에리스로마이신에스톨레이트/[M020201]프로피온산에리스로마이신/[M223129]에리트로마이신/[M223130]에리트로마이신스테아르산염/[M223131]에리트로마이신에스톨산염/[M223132]에리트로마이신에틸숙시네이트/[M251863]에리트로마이신락토비온산염/[M256206]에리트로마이신 장용피입자/[M257644]에리트로마이신스티노프레이트","[06110]주로 그람양성균에 작용하는 것/[06140]주로 그람양성균, 리케치아, 비루스에 작용하는 것/[06150]주로 그람양성, 음성균, 리케치아, 비루스에 작용하는 것",20150423,"이바브라딘의 혈중농도 증가","","정상"
"병용금기","단일",D000698,Rasagiline,"라사길린","","[M257939]라사길린메실산염","[01190]기타의 중추신경용약","단일",D000429,Moclobemide,"모클로베미드","","[M085249]모클로베미드","[01170]정신신경용제",20150423,"고혈압위기, 세로토닌증후군 발생 위험 증가","","정상"
"병용금기","단일",D000698,Rasagiline,"라사길린","","[M257939]라사길린메실산염","[01190]기타의 중추신경용약","단일",D000139,"Selegiline Hydrochloride","셀레길린염산염","","[M222864]셀레길린염산염","[01190]기타의 중추신경용약",20150423,"고혈압위기, 세로토닌증후군 발생 위험 증가","","정상"
"병용금기","단일",D000698,Rasagiline,"라사길린","","[M257939]라사길린메실산염","[01190]기타의 중추신경용약","단일",D000700,Pethidine,"페티딘","","[M223282]페티딘염산염/[M225648]염산페치딘","[08210]합성마약",20150423,"고혈압위기, 세로토닌증후군 발생 위험 증가","","정상"
"병용금기","단일",D000698,Rasagiline,"라사길린","","[M257939]라사길린메실산염","[01190]기타의 중추신경용약","단일",D000773,Tramadol,"트라마돌","","[M080418]염산트라마돌/[M104509]염산트라마돌지속성제피과립/[M222893]트라마돌염산염/[M255410]트라마돌염산염","[01140]해열.진통.소염제",20150423,"고혈압위기, 세로토닌증후군 발생 위험 증가","","정상"
"병용금기","단일",D000698,Rasagiline,"라사길린","","[M257939]라사길린메실산염","[01190]기타의 중추신경용약","단일",D000242,Cyclobenzaprine,"시클로벤자프린","","[M246272]시클로벤자프린염산염","[01220]골격근이완제",20150423,"고혈압위기, 세로토닌증후군 발생 위험 증가","","정상"
"병용금기","단일",D000698,Rasagiline,"라사길린","","[M257939]라사길린메실산염","[01190]기타의 중추신경용약","단일",D000447,"St. Johns Wort","세인트존스워트","","[M220509]세인트존스워트/[M248295]세인트존스워트80%메탄올엑스/[M255952]세인트존스워트50%에탄올엑스/[M256845]세인트존스워트틴크D2/[M258013]세인트존스워트80%메탄올건조엑스","[01190]기타의 중추신경용약",20150423,"고혈압위기, 세로토닌증후군 발생 위험 증가","","정상"
"병용금기","단일",D000158,Methacycline,"메타사이클린","","[M020046]염산메타사이클린","[06150]주로 그람양성, 음성균, 리케치아, 비루스에 작용하는 것","단일",D000488,Tretinoin,"트레티노인","","[M051617]트레티노인","[02650]기생성 피부질환용제/[02660]피부연화제(부식제를 포함)/[04290]기타의 종양치료제",20101217,"두개내 고혈압","","정상"
"병용금기","단일",D000225,Rilpivirine,"릴피비린","","[A005225]릴피비린/[M253921]릴피비린염산염","[06290]기타의 화학요법제","단일",D000476,Carbamazepine,"카르바마제핀","","[M040569]카르바마제핀/[M201734]카바마제핀","[01130]항전간제",20150423,"릴피비린의 혈중농도가 감소하여 치료효과 감소 혹은 내성발현","","정상"
"병용금기","단일",D000225,Rilpivirine,"릴피비린","","[A005225]릴피비린/[M253921]릴피비린염산염","[06290]기타의 화학요법제","단일",D000263,Oxcarbazepine,"옥스카르바제핀","","[M086765]옥스카르바제핀","[01130]항전간제",20150423,"릴피비린의 혈중농도가 감소하여 치료효과 감소 혹은 내성발현","","정상"
"병용금기","단일",D000225,Rilpivirine,"릴피비린","","[A005225]릴피비린/[M253921]릴피비린염산염","[06290]기타의 화학요법제","단일",D000282,Phenobarbital,"페노바르비탈","","[M040685]페노바르비탈/[M217088]페노바르비탈나트륨","[01120]최면진정제",20150423,"릴피비린의 혈중농도가 감소하여 치료효과 감소 혹은 내성발현","","정상"
"병용금기","단일",D000225,Rilpivirine,"릴피비린","","[A005225]릴피비린/[M253921]릴피비린염산염","[06290]기타의 화학요법제","단일",D000595,Phenytoin,"페니토인","","[M051706]페니토인/[M051707]페니토인나트륨","[01130]항전간제",20150423,"릴피비린의 혈중농도가 감소하여 치료효과 감소 혹은 내성발현","","정상"
"병용금기","단일",D000225,Rilpivirine,"릴피비린","","[A005225]릴피비린/[M253921]릴피비린염산염","[06290]기타의 화학요법제","단일",D000209,Fosphenytoin,"포스페니토인","","[M235712]포스페니토인나트륨","[01130]항전간제",20150423,"릴피비린의 혈중농도가 감소하여 치료효과 감소 혹은 내성발현","","정상"
"병용금기","단일",D000225,Rilpivirine,"릴피비린","","[A005225]릴피비린/[M253921]릴피비린염산염","[06290]기타의 화학요법제","단일",D000314,Rifampicin,"리팜피신","","[M020042]리팜피신","[06130]주로 항산성균에 작용하는 것",20150423,"릴피비린의 혈중농도가 감소하여 치료효과 감소 혹은 내성발현","","정상"
"병용금기","단일",D000225,Rilpivirine,"릴피비린","","[A005225]릴피비린/[M253921]릴피비린염산염","[06290]기타의 화학요법제","단일",D000447,"St. Johns Wort","세인트존스워트","","[M220509]세인트존스워트/[M248295]세인트존스워트80%메탄올엑스/[M255952]세인트존스워트50%에탄올엑스/[M256845]세인트존스워트틴크D2/[M258013]세인트존스워트80%메탄올건조엑스","[01190]기타의 중추신경용약",20150423,"릴피비린의 혈중농도가 감소하여 치료효과 감소 혹은 내성발현","","정상"
"병용금기","단일",D000225,Rilpivirine,"릴피비린","","[A005225]릴피비린/[M253921]릴피비린염산염","[06290]기타의 화학요법제","단일",D000469,Omeprazole,"오메프라졸","","[M083697]오메프라졸장용성과립/[M083698]오메프라졸/[M089720]오메프라졸나트륨/[M201348]오메프라졸장용과립","[02320]소화성궤양용제",20150423,"위장 pH의 증가로 릴피비린의 흡수가 저하되어 릴피비린의 치료효과 감소","","정상"
"병용금기","단일",D000225,Rilpivirine,"릴피비린","","[A005225]릴피비린/[M253921]릴피비린염산염","[06290]기타의 화학요법제","단일",D000153,Esomeprazole,"에스오메프라졸","","[M092321]에스오메프라졸마그네슘삼수화물/[M100498]에스오메프라졸나트륨/[M221042]에스오메프라졸스트론튬사수화물/[M242227]에스오메프라졸마그네슘이수화물/[M249554]에스오메프라졸/[M259375]에스오메프라졸마그네슘이수화물/[M262063]에스오메프라졸마그네슘과립","[02320]소화성궤양용제",20150423,"위장 pH의 증가로 릴피비린의 흡수가 저하되어 릴피비린의 치료효과 감소","","정상"
"병용금기","단일",D000225,Rilpivirine,"릴피비린","","[A005225]릴피비린/[M253921]릴피비린염산염","[06290]기타의 화학요법제","단일",D000699,Lansoprazole,"란소프라졸","","[M085578]란소프라졸/[M091244]란소프라졸과립","[02320]소화성궤양용제",20150423,"위장 pH의 증가로 릴피비린의 흡수가 저하되어 릴피비린의 치료효과 감소","","정상"
"병용금기","단일",D000225,Rilpivirine,"릴피비린","","[A005225]릴피비린/[M253921]릴피비린염산염","[06290]기타의 화학요법제","단일",D000695,Dexlansoprazole,"덱스란소프라졸","","[M255434]덱스란소프라졸","[02320]소화성궤양용제",20150423,"위장 pH의 증가로 릴피비린의 흡수가 저하되어 릴피비린의 치료효과 감소","","정상"
"병용금기","단일",D000225,Rilpivirine,"릴피비린","","[A005225]릴피비린/[M253921]릴피비린염산염","[06290]기타의 화학요법제","단일",D000386,Pantoprazole,"판토프라졸","","[A005386]판토프라졸","[02320]소화성궤양용제",20150423,"위장 pH의 증가로 릴피비린의 흡수가 저하되어 릴피비린의 치료효과 감소","","정상"
"병용금기","단일",D000225,Rilpivirine,"릴피비린","","[A005225]릴피비린/[M253921]릴피비린염산염","[06290]기타의 화학요법제","단일",D000751,S-Pantoprazole,"에스판토프라졸","","[M115229]S-판토프라졸나트륨삼수화물","[02320]소화성궤양용제",20150423,"위장 pH의 증가로 릴피비린의 흡수가 저하되어 릴피비린의 치료효과 감소","","정상"
"병용금기","단일",D000225,Rilpivirine,"릴피비린","","[A005225]릴피비린/[M253921]릴피비린염산염","[06290]기타의 화학요법제","단일",D000204,Rabeprazole,"라베프라졸","","[M089852]라베프라졸나트륨","[02320]소화성궤양용제",20150423,"위장 pH의 증가로 릴피비린의 흡수가 저하되어 릴피비린의 치료효과 감소","","정상"
"병용금기","단일",D000225,Rilpivirine,"릴피비린","","[A005225]릴피비린/[M253921]릴피비린염산염","[06290]기타의 화학요법제","단일",D000168,Ilaprazole,"일라프라졸","","[M243753]일라프라졸/[M245218]일라프라졸","[02320]소화성궤양용제",20150423,"위장 pH의 증가로 릴피비린의 흡수가 저하되어 릴피비린의 치료효과 감소","","정상"
"병용금기","단일",D000225,Rilpivirine,"릴피비린","","[A005225]릴피비린/[M253921]릴피비린염산염","[06290]기타의 화학요법제","단일",D000301,Revaprazan,"레바프라잔","","[M102535]레바프라잔/[M261872]레바프라잔염산염","[02320]소화성궤양용제",20150423,"위장 pH의 증가로 릴피비린의 흡수가 저하되어 릴피비린의 치료효과 감소","","정상"
"병용금기","단일",D000527,Rivaroxaban,"리바록사반","","[I012462]리바록사반(미세화)/[M254091]리바록사반(미세화)/[M264293]리바록사반(미분화)","[03330]혈액응고저지제","단일",D000150,Atazanavir,"아타자나비르","","[M249264]아타자나비어황산염/[M263079]아타자나비르황산염","[06290]기타의 화학요법제",20150423,"리바록사반의 혈중농도가 상승하여 출혈위험 증가","","정상"
"병용금기","단일",D000527,Rivaroxaban,"리바록사반","","[I012462]리바록사반(미세화)/[M254091]리바록사반(미세화)/[M264293]리바록사반(미분화)","[03330]혈액응고저지제","단일",D000763,Indinavir,"인디나빌","","[M239870]인디나빌황산염","[06290]기타의 화학요법제",20150423,"리바록사반의 혈중농도가 상승하여 출혈위험 증가","","정상"
"병용금기","단일",D000527,Rivaroxaban,"리바록사반","","[I012462]리바록사반(미세화)/[M254091]리바록사반(미세화)/[M264293]리바록사반(미분화)","[03330]혈액응고저지제","단일",D000712,Ritonavir,"리토나비르","","[M259362]리토나비르","[06290]기타의 화학요법제",20150423,"리바록사반의 혈중농도가 상승하여 출혈위험 증가","","정상"
"병용금기","단일",D000527,Rivaroxaban,"리바록사반","","[I012462]리바록사반(미세화)/[M254091]리바록사반(미세화)/[M264293]리바록사반(미분화)","[03330]혈액응고저지제","복합",D000673,Cobicistat,"코비시스타트","[D000561]Elvitegravir(엘비테그라비르)/[D000665]Emtricitabine(엠트리시타빈)/[D000281]Tenofovir(테노포비르)","[M256270]코비시스타트이산화규소/[A005561]엘비테그라비르/[M250026]엠트리시타빈/[A001163]테노포비르","[06290]기타의 화학요법제",20150423,"리바록사반의 혈중농도가 상승하여 출혈위험 증가","상품명 : 스트리빌드정","정상"
"병용금기","단일",D000527,Rivaroxaban,"리바록사반","","[I012462]리바록사반(미세화)/[M254091]리바록사반(미세화)/[M264293]리바록사반(미분화)","[03330]혈액응고저지제","단일",D000762,Itraconazole,"이트라코나졸","","[M083733]이트라코나졸제피과립/[M083734]이트라코나졸/[M092870]이트라코나졸고체분산체/[M201487]이트라코나졸고체분산/[M201624]제피이트라코나졸과립","[06290]기타의 화학요법제",20150423,"리바록사반의 혈중농도가 상승하여 출혈위험 증가","","정상"
"병용금기","단일",D000527,Rivaroxaban,"리바록사반","","[I012462]리바록사반(미세화)/[M254091]리바록사반(미세화)/[M264293]리바록사반(미분화)","[03330]혈액응고저지제","단일",D000443,Voriconazole,"보리코나졸","","[I005813]보리코나졸/[M102252]보리코나졸","[06290]기타의 화학요법제",20150423,"리바록사반의 혈중농도가 상승하여 출혈위험 증가","","정상"
"병용금기","단일",D000342,Silodosin,"실로도신","","[M230909]실로도신","[02590]기타의 비뇨생식기관 및 항문용약","단일",D000373,Clarithromycin,"클래리트로마이신","","[M085725]클래리스로마이신/[M087123]클래리스로마이신코팅입자/[M102127]클래리스로마이신제피과립/[M222887]클래리트로마이신/[M223198]클래리트로마이신/[M245961]클래리트로마이신제피과립/[M256483]클래리트로마이신제피과립(42%)","[06180]주로 그람양성, 음성균에 작용하는 것/[06190]기타의 항생물질제제(복합항생물질제제를 포함)",20150423,"실로도신의 혈중농도 증가","","정상"
"병용금기","단일",D000342,Silodosin,"실로도신","","[M230909]실로도신","[02590]기타의 비뇨생식기관 및 항문용약","단일",D000762,Itraconazole,"이트라코나졸","","[M083733]이트라코나졸제피과립/[M083734]이트라코나졸/[M092870]이트라코나졸고체분산체/[M201487]이트라코나졸고체분산/[M201624]제피이트라코나졸과립","[06290]기타의 화학요법제",20150423,"실로도신의 혈중농도 증가","","정상"
"병용금기","단일",D000342,Silodosin,"실로도신","","[M230909]실로도신","[02590]기타의 비뇨생식기관 및 항문용약","단일",D000712,Ritonavir,"리토나비르","","[M259362]리토나비르","[06290]기타의 화학요법제",20150423,"실로도신의 혈중농도 증가","","정상"
"병용금기","단일",D000385,Ticagrelor,"티카그렐러","","[A005385]티카그렐러/[M252585]티카그렐러","[02180]동맥경화용제","단일",D000373,Clarithromycin,"클래리트로마이신","","[M085725]클래리스로마이신/[M087123]클래리스로마이신코팅입자/[M102127]클래리스로마이신제피과립/[M222887]클래리트로마이신/[M223198]클래리트로마이신/[M245961]클래리트로마이신제피과립/[M256483]클래리트로마이신제피과립(42%)","[06180]주로 그람양성, 음성균에 작용하는 것/[06190]기타의 항생물질제제(복합항생물질제제를 포함)",20150423,"티카그렐러의 혈중농도 증가","","정상"
"병용금기","단일",D000385,Ticagrelor,"티카그렐러","","[A005385]티카그렐러/[M252585]티카그렐러","[02180]동맥경화용제","단일",D000712,Ritonavir,"리토나비르","","[M259362]리토나비르","[06290]기타의 화학요법제",20150423,"티카그렐러의 혈중농도 증가","","정상"
"병용금기","단일",D000385,Ticagrelor,"티카그렐러","","[A005385]티카그렐러/[M252585]티카그렐러","[02180]동맥경화용제","단일",D000150,Atazanavir,"아타자나비르","","[M249264]아타자나비어황산염/[M263079]아타자나비르황산염","[06290]기타의 화학요법제",20150423,"티카그렐러의 혈중농도 증가","","정상"
"병용금기","단일",D000487,Tolvaptan,"톨밥탄","","[A005487]톨밥탄/[M252922]톨밥탄분무건조분말","[02190]기타의 순환계용약","단일",D000373,Clarithromycin,"클래리트로마이신","","[M085725]클래리스로마이신/[M087123]클래리스로마이신코팅입자/[M102127]클래리스로마이신제피과립/[M222887]클래리트로마이신/[M223198]클래리트로마이신/[M245961]클래리트로마이신제피과립/[M256483]클래리트로마이신제피과립(42%)","[06180]주로 그람양성, 음성균에 작용하는 것/[06190]기타의 항생물질제제(복합항생물질제제를 포함)",20150423,"톨밥탄의 혈중농도 증가","","정상"
"병용금기","단일",D000487,Tolvaptan,"톨밥탄","","[A005487]톨밥탄/[M252922]톨밥탄분무건조분말","[02190]기타의 순환계용약","단일",D000762,Itraconazole,"이트라코나졸","","[M083733]이트라코나졸제피과립/[M083734]이트라코나졸/[M092870]이트라코나졸고체분산체/[M201487]이트라코나졸고체분산/[M201624]제피이트라코나졸과립","[06290]기타의 화학요법제",20150423,"톨밥탄의 혈중농도 증가","","정상"
"병용금기","단일",D000487,Tolvaptan,"톨밥탄","","[A005487]톨밥탄/[M252922]톨밥탄분무건조분말","[02190]기타의 순환계용약","단일",D000712,Ritonavir,"리토나비르","","[M259362]리토나비르","[06290]기타의 화학요법제",20150423,"톨밥탄의 혈중농도 증가","","정상"
"병용금기","단일",D000487,Tolvaptan,"톨밥탄","","[A005487]톨밥탄/[M252922]톨밥탄분무건조분말","[02190]기타의 순환계용약","단일",D000763,Indinavir,"인디나빌","","[M239870]인디나빌황산염","[06290]기타의 화학요법제",20150423,"톨밥탄의 혈중농도 증가","","정상"
"병용금기","단일",D000487,Tolvaptan,"톨밥탄","","[A005487]톨밥탄/[M252922]톨밥탄분무건조분말","[02190]기타의 순환계용약","단일",D000003,Nelfinavir,"넬피나비어","","[M088546]메실산넬피나비어","[06290]기타의 화학요법제",20150423,"톨밥탄의 혈중농도 증가","","정상"
"병용금기","단일",D000297,Domperidone,"돔페리돈","","[M081091]돔페리돈/[M085595]말레인산돔페리돈/[M222961]돔페리돈말레산염","[02390]기타의 소화기관용약","단일",D000259,Amiodarone,"아미오다론","","[A005259]아미오다론","[02120]부정맥용제",20151130,"QTc 연장 효과 증대로 심각한 위험(Torsade de Pointes, 심각한 심실성 부정맥 포함) 가능성","","정상"
"병용금기","단일",D000297,Domperidone,"돔페리돈","","[M081091]돔페리돈/[M085595]말레인산돔페리돈/[M222961]돔페리돈말레산염","[02390]기타의 소화기관용약","단일",D000030,Amisulpride,"아미설프리드","","[M089148]아미설프리드","[01170]정신신경용제",20151130,"QTc 연장 효과 증대로 심각한 위험(Torsade de Pointes, 심각한 심실성 부정맥 포함) 가능성","","정상"
"병용금기","단일",D000297,Domperidone,"돔페리돈","","[M081091]돔페리돈/[M085595]말레인산돔페리돈/[M222961]돔페리돈말레산염","[02390]기타의 소화기관용약","단일",D000143,Anagrelide,"아나그렐리드","","[M246870]아나그렐리드염산염","[04290]기타의 종양치료제",20151130,"QTc 연장 효과 증대로 심각한 위험(Torsade de Pointes, 심각한 심실성 부정맥 포함) 가능성","","정상"
"병용금기","단일",D000297,Domperidone,"돔페리돈","","[M081091]돔페리돈/[M085595]말레인산돔페리돈/[M222961]돔페리돈말레산염","[02390]기타의 소화기관용약","단일",D000643,"Arsenic trioxide","삼산화비소","","[M250326]삼산화비소","[04210]항악성종양제",20151130,"QTc 연장 효과 증대로 심각한 위험(Torsade de Pointes, 심각한 심실성 부정맥 포함) 가능성","","정상"
"병용금기","단일",D000297,Domperidone,"돔페리돈","","[M081091]돔페리돈/[M085595]말레인산돔페리돈/[M222961]돔페리돈말레산염","[02390]기타의 소화기관용약","단일",D000150,Atazanavir,"아타자나비르","","[M249264]아타자나비어황산염/[M263079]아타자나비르황산염","[06290]기타의 화학요법제",20151130,"QTc 연장 효과 증대로 심각한 위험(Torsade de Pointes, 심각한 심실성 부정맥 포함) 가능성
강력한 CYP억제제가 돔페리돈의 대사를 감소시켜, 돔페리돈의 영향(이상반응 포함) 증대 가능성","","정상"
"병용금기","단일",D000297,Domperidone,"돔페리돈","","[M081091]돔페리돈/[M085595]말레인산돔페리돈/[M222961]돔페리돈말레산염","[02390]기타의 소화기관용약","단일",D000742,Azithromycin,"아지트로마이신","","[M085338]아지스로마이신/[M222871]아지트로마이신/[M250781]아지트로마이신수화물","[06140]주로 그람양성균, 리케치아, 비루스에 작용하는 것",20151130,"QTc 연장 효과 증대로 심각한 위험(Torsade de Pointes, 심각한 심실성 부정맥 포함) 가능성","","정상"
"병용금기","단일",D000297,Domperidone,"돔페리돈","","[M081091]돔페리돈/[M085595]말레인산돔페리돈/[M222961]돔페리돈말레산염","[02390]기타의 소화기관용약","단일",D000328,Bedaquiline,"베다퀼린","","[M259110]베다퀼린푸마르산염","[06220]항결핵제",20151130,"QTc 연장 효과 증대로 심각한 위험(Torsade de Pointes, 심각한 심실성 부정맥 포함) 가능성","","정상"
"병용금기","단일",D000297,Domperidone,"돔페리돈","","[M081091]돔페리돈/[M085595]말레인산돔페리돈/[M222961]돔페리돈말레산염","[02390]기타의 소화기관용약","단일",D000724,Bicalutamide,"비칼루타미드","","[M089188]비칼루타마이드/[M259016]비칼루타미드","[04210]항악성종양제",20151130,"QTc 연장 효과 증대로 심각한 위험(Torsade de Pointes, 심각한 심실성 부정맥 포함) 가능성","","정상"
"병용금기","단일",D000297,Domperidone,"돔페리돈","","[M081091]돔페리돈/[M085595]말레인산돔페리돈/[M222961]돔페리돈말레산염","[02390]기타의 소화기관용약","단일",D000444,Boceprevir,"보세프레비르","","[M259779]보세프레비르","[06290]기타의 화학요법제",20151130,"강력한 CYP억제제가 돔페리돈의 대사를 감소시켜, 돔페리돈의 영향(이상반응 포함) 증대 가능성","","정상"
"병용금기","단일",D000297,Domperidone,"돔페리돈","","[M081091]돔페리돈/[M085595]말레인산돔페리돈/[M222961]돔페리돈말레산염","[02390]기타의 소화기관용약","단일",D000584,Chlorpromazine,"클로르프로마진","","[M040618]염산클로르프로마진/[M223216]클로르프로마진염산염","[01170]정신신경용제",20151130,"QTc 연장 효과 증대로 심각한 위험(Torsade de Pointes, 심각한 심실성 부정맥 포함) 가능성","","정상"
"병용금기","단일",D000297,Domperidone,"돔페리돈","","[M081091]돔페리돈/[M085595]말레인산돔페리돈/[M222961]돔페리돈말레산염","[02390]기타의 소화기관용약","단일",D000142,Ciprofloxacin,"시프로플록사신","","[M082454]염산시프로프록사신/[M091139]시프로플록사신/[M095543]염산시프로플록사신/[M223091]시프로플록사신염산염수화물/[M242850]시프로플록사신염산염","[06290]기타의 화학요법제",20151130,"QTc 연장 효과 증대로 심각한 위험(Torsade de Pointes, 심각한 심실성 부정맥 포함) 가능성","","정상"
"병용금기","단일",D000297,Domperidone,"돔페리돈","","[M081091]돔페리돈/[M085595]말레인산돔페리돈/[M222961]돔페리돈말레산염","[02390]기타의 소화기관용약","단일",D000332,Citalopram,"시탈로프람","","[M085304]브롬화수소산시탈로프람","[01170]정신신경용제",20151130,"QTc 연장 효과 증대로 심각한 위험(Torsade de Pointes, 심각한 심실성 부정맥 포함) 가능성","","정상"
"병용금기","단일",D000297,Domperidone,"돔페리돈","","[M081091]돔페리돈/[M085595]말레인산돔페리돈/[M222961]돔페리돈말레산염","[02390]기타의 소화기관용약","단일",D000373,Clarithromycin,"클래리트로마이신","","[M085725]클래리스로마이신/[M087123]클래리스로마이신코팅입자/[M102127]클래리스로마이신제피과립/[M222887]클래리트로마이신/[M223198]클래리트로마이신/[M245961]클래리트로마이신제피과립/[M256483]클래리트로마이신제피과립(42%)","[06190]기타의 항생물질제제(복합항생물질제제를 포함)/[06180]주로 그람양성, 음성균에 작용하는 것",20151130,"QTc 연장 효과 증대로 심각한 위험(Torsade de Pointes, 심각한 심실성 부정맥 포함) 가능성
강력한 CYP억제제가 돔페리돈의 대사를 감소시켜, 돔페리돈의 영향(이상반응 포함) 증대 가능성","","정상"
"병용금기","단일",D000297,Domperidone,"돔페리돈","","[M081091]돔페리돈/[M085595]말레인산돔페리돈/[M222961]돔페리돈말레산염","[02390]기타의 소화기관용약","단일",D000395,Darunavir,"다루나비르","","[M258751]다루나비르에탄올레이트","[06290]기타의 화학요법제",20151130,"강력한 CYP억제제가 돔페리돈의 대사를 감소시켜, 돔페리돈의 영향(이상반응 포함) 증대 가능성","","정상"
"병용금기","단일",D000297,Domperidone,"돔페리돈","","[M081091]돔페리돈/[M085595]말레인산돔페리돈/[M222961]돔페리돈말레산염","[02390]기타의 소화기관용약","단일",D000693,Degarelix,"데가렐릭스","","[M256795]데가렐릭스","[04210]항악성종양제",20151130,"QTc 연장 효과 증대로 심각한 위험(Torsade de Pointes, 심각한 심실성 부정맥 포함) 가능성","","정상"
"병용금기","단일",D000297,Domperidone,"돔페리돈","","[M081091]돔페리돈/[M085595]말레인산돔페리돈/[M222961]돔페리돈말레산염","[02390]기타의 소화기관용약","단일",D000319,Dolasetron,"돌라세트론","","[M102047]메실산돌라세트론","[02350]최토제, 진토제",20151130,"QTc 연장 효과 증대로 심각한 위험(Torsade de Pointes, 심각한 심실성 부정맥 포함) 가능성","","정상"
"병용금기","단일",D000297,Domperidone,"돔페리돈","","[M081091]돔페리돈/[M085595]말레인산돔페리돈/[M222961]돔페리돈말레산염","[02390]기타의 소화기관용약","단일",D000201,Dronedarone,"드로네다론","","[M249412]드로네다론염산염","[02120]부정맥용제",20151130,"QTc 연장 효과 증대로 심각한 위험(Torsade de Pointes, 심각한 심실성 부정맥 포함) 가능성","","정상"
"병용금기","단일",D000297,Domperidone,"돔페리돈","","[M081091]돔페리돈/[M085595]말레인산돔페리돈/[M222961]돔페리돈말레산염","[02390]기타의 소화기관용약","단일",D000348,Ebastine,"에바스틴","","[M085337]에바스틴/[M088967]에바스틴구형과립","[01410]항히스타민제",20151130,"QTc 연장 효과 증대로 심각한 위험(Torsade de Pointes, 심각한 심실성 부정맥 포함) 가능성","","정상"
"병용금기","단일",D000297,Domperidone,"돔페리돈","","[M081091]돔페리돈/[M085595]말레인산돔페리돈/[M222961]돔페리돈말레산염","[02390]기타의 소화기관용약","복합",D000348,Ebastine,"에바스틴","[D000448]Pseudoephedrine(슈도에페드린)","[M085337]에바스틴/[M088967]에바스틴구형과립/[M050833]염산슈도에페드린/[M081720]황산슈도에페드린/[M203364]슈도에페드린염산염/[M222865]수도에페드린염산염/[M248579]수도에페드린황산염/[M256034]수도에페드린염산염 과립/[M258826]수도에페드린","[01410]항히스타민제",20151130,"QTc 연장 효과 증대로 심각한 위험(Torsade de Pointes, 심각한 심실성 부정맥 포함) 가능성","","정상"
"병용금기","단일",D000297,Domperidone,"돔페리돈","","[M081091]돔페리돈/[M085595]말레인산돔페리돈/[M222961]돔페리돈말레산염","[02390]기타의 소화기관용약","단일",D000035,Escitalopram,"에스시탈로프람","","[M234885]에스시탈로프람옥살산염/[M256262]에스시탈로프람","[01170]정신신경용제",20151130,"QTc 연장 효과 증대로 심각한 위험(Torsade de Pointes, 심각한 심실성 부정맥 포함) 가능성","","정상"
"병용금기","단일",D000297,Domperidone,"돔페리돈","","[M081091]돔페리돈/[M085595]말레인산돔페리돈/[M222961]돔페리돈말레산염","[02390]기타의 소화기관용약","단일",D000519,Fingolimod,"핀골리모드","","[M252321]핀골리모드염산염","[01190]기타의 중추신경용약",20151130,"QTc 연장 효과 증대로 심각한 위험(Torsade de Pointes, 심각한 심실성 부정맥 포함) 가능성","","정상"
"병용금기","단일",D000297,Domperidone,"돔페리돈","","[M081091]돔페리돈/[M085595]말레인산돔페리돈/[M222961]돔페리돈말레산염","[02390]기타의 소화기관용약","단일",D000517,Fluconazole,"플루코나졸","","[M084154]플루코나졸","[06290]기타의 화학요법제",20151130,"QTc 연장 효과 증대로 심각한 위험(Torsade de Pointes, 심각한 심실성 부정맥 포함) 가능성","","정상"
"병용금기","단일",D000297,Domperidone,"돔페리돈","","[M081091]돔페리돈/[M085595]말레인산돔페리돈/[M222961]돔페리돈말레산염","[02390]기타의 소화기관용약","단일",D000078,Granisetron,"그라니세트론","","[M093643]염산그라니세트론/[M245313]그라니세트론/[M246726]그라니세트론염산염/[M254683]그라니세트론염산염","[02350]최토제, 진토제",20151130,"QTc 연장 효과 증대로 심각한 위험(Torsade de Pointes, 심각한 심실성 부정맥 포함) 가능성","","정상"
"병용금기","단일",D000297,Domperidone,"돔페리돈","","[M081091]돔페리돈/[M085595]말레인산돔페리돈/[M222961]돔페리돈말레산염","[02390]기타의 소화기관용약","단일",D000113,Haloperidol,"할로페리돌","","[M040766]할로페리돌/[M089302]할로페리돌데카노에이트","[01170]정신신경용제",20151130,"QTc 연장 효과 증대로 심각한 위험(Torsade de Pointes, 심각한 심실성 부정맥 포함) 가능성","","정상"
"병용금기","단일",D000297,Domperidone,"돔페리돈","","[M081091]돔페리돈/[M085595]말레인산돔페리돈/[M222961]돔페리돈말레산염","[02390]기타의 소화기관용약","단일",D000256,Erythromycin,"에리트로마이신","","[M020095]에리스로마이신/[M020096]락토비온산에리스로마이신/[M020099]에리스로마이신에스톨레이트/[M020201]프로피온산에리스로마이신/[M223129]에리트로마이신/[M223130]에리트로마이신스테아르산염/[M223131]에리트로마이신에스톨산염/[M223132]에리트로마이신에틸숙시네이트/[M251863]에리트로마이신락토비온산염/[M256206]에리트로마이신 장용피입자/[M257644]에리트로마이신스티노프레이트","[06140]주로 그람양성균, 리케치아, 비루스에 작용하는 것",20151130,"QTc 연장 효과 증대로 심각한 위험(Torsade de Pointes, 심각한 심실성 부정맥 포함) 가능성","","정상"
"병용금기","단일",D000297,Domperidone,"돔페리돈","","[M081091]돔페리돈/[M085595]말레인산돔페리돈/[M222961]돔페리돈말레산염","[02390]기타의 소화기관용약","단일",D000763,Indinavir,"인디나빌","","[M239870]인디나빌황산염","[06290]기타의 화학요법제",20151130,"강력한 CYP억제제가 돔페리돈의 대사를 감소시켜, 돔페리돈의 영향(이상반응 포함) 증대 가능성","","정상"
"병용금기","단일",D000297,Domperidone,"돔페리돈","","[M081091]돔페리돈/[M085595]말레인산돔페리돈/[M222961]돔페리돈말레산염","[02390]기타의 소화기관용약","단일",D000762,Itraconazole,"이트라코나졸","","[M083733]이트라코나졸제피과립/[M083734]이트라코나졸/[M092870]이트라코나졸고체분산체/[M201487]이트라코나졸고체분산/[M201624]제피이트라코나졸과립","[06290]기타의 화학요법제",20151130,"QTc 연장 효과 증대로 심각한 위험(Torsade de Pointes, 심각한 심실성 부정맥 포함) 가능성
강력한 CYP억제제가 돔페리돈의 대사를 감소시켜, 돔페리돈의 영향(이상반응 포함) 증대 가능성","","정상"
"병용금기","단일",D000297,Domperidone,"돔페리돈","","[M081091]돔페리돈/[M085595]말레인산돔페리돈/[M222961]돔페리돈말레산염","[02390]기타의 소화기관용약","단일",D000769,Ketoconazole,"케토코나졸","","[M080618]케토코나졸","[06410]항원충제",20151130,"""QTc 연장 효과 증대로 심각한 위험(Torsade de Pointes, 심각한 심실성 부정맥 포함) 가능성
강력한 CYP억제제가 돔페리돈의 대사를 감소시켜, 돔페리돈의 영향(이상반응 포함) 증대 가능성","","정상"
"병용금기","단일",D000297,Domperidone,"돔페리돈","","[M081091]돔페리돈/[M085595]말레인산돔페리돈/[M222961]돔페리돈말레산염","[02390]기타의 소화기관용약","단일",D000793,Levofloxacin,"레보플록사신","","[M085584]레보플록사신/[M088567]레보플록사신수화물/[M251128]레보플록사신수화물","[06290]기타의 화학요법제",20151130,"QTc 연장 효과 증대로 심각한 위험(Torsade de Pointes, 심각한 심실성 부정맥 포함) 가능성","","정상"
"병용금기","단일",D000297,Domperidone,"돔페리돈","","[M081091]돔페리돈/[M085595]말레인산돔페리돈/[M222961]돔페리돈말레산염","[02390]기타의 소화기관용약","단일",D000226,Mequitazine,"메퀴타진","","[M050446]메퀴타진","[01410]항히스타민제",20151130,"QTc 연장 효과 증대로 심각한 위험(Torsade de Pointes, 심각한 심실성 부정맥 포함) 가능성","","정상"
"병용금기","단일",D000297,Domperidone,"돔페리돈","","[M081091]돔페리돈/[M085595]말레인산돔페리돈/[M222961]돔페리돈말레산염","[02390]기타의 소화기관용약","단일",D000425,Metoclopramide,"메토클로프라미드","","[M050465]메토클로프라미드/[M050466]염산메토클로프라미드/[M223013]메토클로프라미드염산염수화물","[02390]기타의 소화기관용약",20151130,"QTc 연장 효과 증대로 심각한 위험(Torsade de Pointes, 심각한 심실성 부정맥 포함) 가능성","","정상"
"병용금기","단일",D000297,Domperidone,"돔페리돈","","[M081091]돔페리돈/[M085595]말레인산돔페리돈/[M222961]돔페리돈말레산염","[02390]기타의 소화기관용약","복합",D000425,Metoclopramide,"메토클로프라미드","[D000803]Pancreatin(판크레아틴)","[M050465]메토클로프라미드/[M050466]염산메토클로프라미드/[M223013]메토클로프라미드염산염수화물/[M040678]판크레아틴/[M082071]판크레아틴장용과립/[M089689]판크레아틴I/[M089690]판크레아틴II/[M102500]판크레아틴장용성제피정/[M257265]판크레아틴장용성제피펠렛/[M261343]판크레아틴Ⅰ/[M262958]판크레아틴장용성제피미세정","[02390]기타의 소화기관용약",20151130,"QTc 연장 효과 증대로 심각한 위험(Torsade de Pointes, 심각한 심실성 부정맥 포함) 가능성","","정상"
"병용금기","단일",D000297,Domperidone,"돔페리돈","","[M081091]돔페리돈/[M085595]말레인산돔페리돈/[M222961]돔페리돈말레산염","[02390]기타의 소화기관용약","단일",D000719,Mizolastine,"미졸라스틴","","[M089840]미졸라스틴","[01410]항히스타민제",20151130,"QTc 연장 효과 증대로 심각한 위험(Torsade de Pointes, 심각한 심실성 부정맥 포함) 가능성","","정상"
"병용금기","단일",D000297,Domperidone,"돔페리돈","","[M081091]돔페리돈/[M085595]말레인산돔페리돈/[M222961]돔페리돈말레산염","[02390]기타의 소화기관용약","단일",D000430,Moxifloxacin,"목시플록사신","","[M090822]염산목시플록사신/[M247915]목시플록사신염산염/[M247929]목시플록사신","[06290]기타의 화학요법제",20151130,"QTc 연장 효과 증대로 심각한 위험(Torsade de Pointes, 심각한 심실성 부정맥 포함) 가능성","","정상"
"병용금기","단일",D000297,Domperidone,"돔페리돈","","[M081091]돔페리돈/[M085595]말레인산돔페리돈/[M222961]돔페리돈말레산염","[02390]기타의 소화기관용약","단일",D000003,Nelfinavir,"넬피나비어","","[M088546]메실산넬피나비어","[06290]기타의 화학요법제",20151130,"강력한 CYP억제제가 돔페리돈의 대사를 감소시켜, 돔페리돈의 영향(이상반응 포함) 증대 가능성","","정상"
"병용금기","단일",D000297,Domperidone,"돔페리돈","","[M081091]돔페리돈/[M085595]말레인산돔페리돈/[M222961]돔페리돈말레산염","[02390]기타의 소화기관용약","단일",D000608,Nilotinib,"닐로티닙","","[M249741]닐로티닙염산염일수화물","[04210]항악성종양제",20151130,"QTc 연장 효과 증대로 심각한 위험(Torsade de Pointes, 심각한 심실성 부정맥 포함) 가능성","","정상"
"병용금기","단일",D000297,Domperidone,"돔페리돈","","[M081091]돔페리돈/[M085595]말레인산돔페리돈/[M222961]돔페리돈말레산염","[02390]기타의 소화기관용약","단일",D000470,Ondansetron,"온단세트론","","[M086743]염산온단세트론이수화물/[M088519]온단세트론/[M222878]온단세트론염산염수화물/[M257638]온단세트론염산염","[02350]최토제, 진토제",20151130,"QTc 연장 효과 증대로 심각한 위험(Torsade de Pointes, 심각한 심실성 부정맥 포함) 가능성","","정상"
"병용금기","단일",D000297,Domperidone,"돔페리돈","","[M081091]돔페리돈/[M085595]말레인산돔페리돈/[M222961]돔페리돈말레산염","[02390]기타의 소화기관용약","단일",D000261,Oxatomide,"옥사토마이드","","[M083726]옥사토마이드","[01410]항히스타민제",20151130,"QTc 연장 효과 증대로 심각한 위험(Torsade de Pointes, 심각한 심실성 부정맥 포함) 가능성","","정상"
"병용금기","단일",D000297,Domperidone,"돔페리돈","","[M081091]돔페리돈/[M085595]말레인산돔페리돈/[M222961]돔페리돈말레산염","[02390]기타의 소화기관용약","단일",D000513,Pentamidin,"펜타미딘","","[M261497]펜타미딘이세티온산염","[06160]주로 곰팡이, 원충에 작용하는 것",20151130,"QTc 연장 효과 증대로 심각한 위험(Torsade de Pointes, 심각한 심실성 부정맥 포함) 가능성","","정상"
"병용금기","단일",D000297,Domperidone,"돔페리돈","","[M081091]돔페리돈/[M085595]말레인산돔페리돈/[M222961]돔페리돈말레산염","[02390]기타의 소화기관용약","단일",D000111,Pilsicainide,"필시카이니드","","[M246835]필시카이니드염산염","[02120]부정맥용제",20151130,"QTc 연장 효과 증대로 심각한 위험(Torsade de Pointes, 심각한 심실성 부정맥 포함) 가능성","","정상"
"병용금기","단일",D000297,Domperidone,"돔페리돈","","[M081091]돔페리돈/[M085595]말레인산돔페리돈/[M222961]돔페리돈말레산염","[02390]기타의 소화기관용약","단일",D000213,Pimozide,"피모짓","","[M071691]피모짓","[01170]정신신경용제",20151130,"QTc 연장 효과 증대로 심각한 위험(Torsade de Pointes, 심각한 심실성 부정맥 포함) 가능성","","정상"
"병용금기","단일",D000297,Domperidone,"돔페리돈","","[M081091]돔페리돈/[M085595]말레인산돔페리돈/[M222961]돔페리돈말레산염","[02390]기타의 소화기관용약","단일",D000405,Posaconazole,"포사코나졸","","[M256381]포사코나졸(미분화)","[06290]기타의 화학요법제",20151130,"QTc 연장 효과 증대로 심각한 위험(Torsade de Pointes, 심각한 심실성 부정맥 포함) 가능성
강력한 CYP억제제가 돔페리돈의 대사를 감소시켜, 돔페리돈의 영향(이상반응 포함) 증대 가능성","","정상"
"병용금기","단일",D000297,Domperidone,"돔페리돈","","[M081091]돔페리돈/[M085595]말레인산돔페리돈/[M222961]돔페리돈말레산염","[02390]기타의 소화기관용약","단일",D000102,Prucalopride,"프루칼로프라이드","","[M255643]프루칼로프라이드숙신산염","[02380]하제, 완장제",20151130,"QTc 연장 효과 증대로 심각한 위험(Torsade de Pointes, 심각한 심실성 부정맥 포함) 가능성","","정상"
"병용금기","단일",D000297,Domperidone,"돔페리돈","","[M081091]돔페리돈/[M085595]말레인산돔페리돈/[M222961]돔페리돈말레산염","[02390]기타의 소화기관용약","단일",D000299,Radotinib,"라도티닙","","[M253750]라도티닙염산염","[04210]항악성종양제",20151130,"QTc 연장 효과 증대로 심각한 위험(Torsade de Pointes, 심각한 심실성 부정맥 포함) 가능성","","정상"
"병용금기","단일",D000297,Domperidone,"돔페리돈","","[M081091]돔페리돈/[M085595]말레인산돔페리돈/[M222961]돔페리돈말레산염","[02390]기타의 소화기관용약","단일",D000422,Risperidone,"리스페리돈","","[M086310]리스페리돈/[M098171]리스페리돈서방성미립구","[01170]정신신경용제",20151130,"QTc 연장 효과 증대로 심각한 위험(Torsade de Pointes, 심각한 심실성 부정맥 포함) 가능성","","정상"
"병용금기","단일",D000297,Domperidone,"돔페리돈","","[M081091]돔페리돈/[M085595]말레인산돔페리돈/[M222961]돔페리돈말레산염","[02390]기타의 소화기관용약","단일",D000712,Ritonavir,"리토나비르","","[M259362]리토나비르","[06290]기타의 화학요법제",20151130,"QTc 연장 효과 증대로 심각한 위험(Torsade de Pointes, 심각한 심실성 부정맥 포함) 가능성
강력한 CYP억제제가 돔페리돈의 대사를 감소시켜, 돔페리돈의 영향(이상반응 포함) 증대 가능성","","정상"
"병용금기","단일",D000297,Domperidone,"돔페리돈","","[M081091]돔페리돈/[M085595]말레인산돔페리돈/[M222961]돔페리돈말레산염","[02390]기타의 소화기관용약","복합",D000712,Ritonavir,"리토나비르","[D000626]Lopinavir(로피나비르)","[M259362]리토나비르/[M259361]로피나비르","[06290]기타의 화학요법제",20151130,"QTc 연장 효과 증대로 심각한 위험(Torsade de Pointes, 심각한 심실성 부정맥 포함) 가능성
강력한 CYP억제제가 돔페리돈의 대사를 감소시켜, 돔페리돈의 영향(이상반응 포함) 증대 가능성","","정상"
"병용금기","단일",D000297,Domperidone,"돔페리돈","","[M081091]돔페리돈/[M085595]말레인산돔페리돈/[M222961]돔페리돈말레산염","[02390]기타의 소화기관용약","단일",D000022,Sotalol,"소타롤","","[A005022]소타롤","[02120]부정맥용제",20151130,"QTc 연장 효과 증대로 심각한 위험(Torsade de Pointes, 심각한 심실성 부정맥 포함) 가능성","","정상"
"병용금기","단일",D000297,Domperidone,"돔페리돈","","[M081091]돔페리돈/[M085595]말레인산돔페리돈/[M222961]돔페리돈말레산염","[02390]기타의 소화기관용약","단일",D000833,Telithromycin,"텔리트로마이신","","[M093984]텔리스로마이신/[M210450]텔리스로마이신과립/[M241046]텔리트로마이신과립","[06190]기타의 항생물질제제(복합항생물질제제를 포함)",20151130,"QTc 연장 효과 증대로 심각한 위험(Torsade de Pointes, 심각한 심실성 부정맥 포함) 가능성
강력한 CYP억제제가 돔페리돈의 대사를 감소시켜, 돔페리돈의 영향(이상반응 포함) 증대 가능성","","정상"
"병용금기","단일",D000297,Domperidone,"돔페리돈","","[M081091]돔페리돈/[M085595]말레인산돔페리돈/[M222961]돔페리돈말레산염","[02390]기타의 소화기관용약","단일",D000443,Voriconazole,"보리코나졸","","[I005813]보리코나졸/[M102252]보리코나졸","[06290]기타의 화학요법제",20151130,"QTc 연장 효과 증대로 심각한 위험(Torsade de Pointes, 심각한 심실성 부정맥 포함) 가능성
강력한 CYP억제제가 돔페리돈의 대사를 감소시켜, 돔페리돈의 영향(이상반응 포함) 증대 가능성","","정상"
"병용금기","단일",D000297,Domperidone,"돔페리돈","","[M081091]돔페리돈/[M085595]말레인산돔페리돈/[M222961]돔페리돈말레산염","[02390]기타의 소화기관용약","단일",D000842,Toremifene,"토레미펜","","[M089372]구연산토레미펜/[M246995]토레미펜시트르산염/[M255572]토레미펜구연산염","[04210]항악성종양제",20151130,"QTc 연장 효과 증대로 심각한 위험(Torsade de Pointes, 심각한 심실성 부정맥 포함) 가능성","","정상"
"병용금기","단일",D000297,Domperidone,"돔페리돈","","[M081091]돔페리돈/[M085595]말레인산돔페리돈/[M222961]돔페리돈말레산염","[02390]기타의 소화기관용약","단일",D000774,"Trazodone Hydrochloride","트라조돈염산염","","[M080557]염산트라조돈/[M246553]트라조돈염산염","[01170]정신신경용제",20151130,"QTc 연장 효과 증대로 심각한 위험(Torsade de Pointes, 심각한 심실성 부정맥 포함) 가능성","","정상"
"병용금기","단일",D000297,Domperidone,"돔페리돈","","[M081091]돔페리돈/[M085595]말레인산돔페리돈/[M222961]돔페리돈말레산염","[02390]기타의 소화기관용약","단일",D000635,Vandetanib,"반데타닙","","[M257061]반데타닙","[04210]항악성종양제",20151130,"QTc 연장 효과 증대로 심각한 위험(Torsade de Pointes, 심각한 심실성 부정맥 포함) 가능성","","정상"
"병용금기","단일",D000297,Domperidone,"돔페리돈","","[M081091]돔페리돈/[M085595]말레인산돔페리돈/[M222961]돔페리돈말레산염","[02390]기타의 소화기관용약","단일",D000638,Venlafaxine,"벤라팍신","","[M088219]염산벤라팍신/[M091246]염산벤라팍신서방성과립/[M207949]염산벤라팍신펠렛/[M241528]벤라팍신염산염/[M241640]벤라팍신염산염서방성과립/[M241643]벤라팍신염산염서방과립/[M242800]벤라팍신염산염펠렛","[01170]정신신경용제",20151130,"QTc 연장 효과 증대로 심각한 위험(Torsade de Pointes, 심각한 심실성 부정맥 포함) 가능성","","정상"
"병용금기","단일",D000297,Domperidone,"돔페리돈","","[M081091]돔페리돈/[M085595]말레인산돔페리돈/[M222961]돔페리돈말레산염","[02390]기타의 소화기관용약","단일",D000173,Ziprasidone,"지프라시돈","","[M251493]지프라시돈염산염 일수화물","[01170]정신신경용제",20151130,"QTc 연장 효과 증대로 심각한 위험(Torsade de Pointes, 심각한 심실성 부정맥 포함) 가능성","","정상"
"병용금기","단일",D000615,Lamivudine,"라미부딘","","[M086332]라미부딘","[03910]간장질환용제","복합",D000665,Emtricitabine,"엠트리시타빈","[D000281]Tenofovir(테노포비르)","[M250026]엠트리시타빈/[A001163]테노포비르","[06290]기타의 화학요법제",20151130,"세포내 인산화 방해, 동일한 역전사효소 유전자(M184V) 변이를 통한 바이러스 내성 - 항바이러스 효과 감소","상품명 : 트루바다정","정상"
"병용금기","단일",D000615,Lamivudine,"라미부딘","","[M086332]라미부딘","[03910]간장질환용제","복합",D000665,Emtricitabine,"엠트리시타빈","[D000281]Tenofovir(테노포비르)/[D000225]Rilpivirine(릴피비린)","[M250026]엠트리시타빈/[A001163]테노포비르/[A005225]릴피비린/[M253921]릴피비린염산염","[06290]기타의 화학요법제",20151130,"세포내 인산화 방해, 동일한 역전사효소 유전자(M184V) 변이를 통한 바이러스 내성 - 항바이러스 효과 감소","상품명 : 컴플레라정","정상"
"병용금기","단일",D000615,Lamivudine,"라미부딘","","[M086332]라미부딘","[03910]간장질환용제","복합",D000665,Emtricitabine,"엠트리시타빈","[D000281]Tenofovir(테노포비르)/[D000673]Cobicistat(코비시스타트)/[D000561]Elvitegravir(엘비테그라비르)","[M250026]엠트리시타빈/[A001163]테노포비르/[M256270]코비시스타트이산화규소/[A005561]엘비테그라비르","[06290]기타의 화학요법제",20151130,"세포내 인산화 방해, 동일한 역전사효소 유전자(M184V) 변이를 통한 바이러스 내성 - 항바이러스 효과 감소","상픔명 : 스트리빌드정","정상"
"병용금기","복합",D000615,Lamivudine,"라미부딘","[D000172]Zidovudine(지도부딘)","[M086332]라미부딘/[M082858]지도부딘","[06290]기타의 화학요법제","복합",D000665,Emtricitabine,"엠트리시타빈","[D000281]Tenofovir(테노포비르)","[M250026]엠트리시타빈/[A001163]테노포비르","[06290]기타의 화학요법제",20151130,"세포내 인산화 방해, 동일한 역전사효소 유전자(M184V) 변이를 통한 바이러스 내성 - 항바이러스 효과 감소","상품명 : 트루바다정","정상"
"병용금기","복합",D000615,Lamivudine,"라미부딘","[D000172]Zidovudine(지도부딘)","[M086332]라미부딘/[M082858]지도부딘","[06290]기타의 화학요법제/[06290]기타의 화학요법제","복합",D000665,Emtricitabine,"엠트리시타빈","[D000281]Tenofovir(테노포비르)/[D000225]Rilpivirine(릴피비린)","[M250026]엠트리시타빈/[A001163]테노포비르/[A005225]릴피비린/[M253921]릴피비린염산염","[06290]기타의 화학요법제",20151130,"세포내 인산화 방해, 동일한 역전사효소 유전자(M184V) 변이를 통한 바이러스 내성 - 항바이러스 효과 감소","상품명 : 컴플레라정","정상"
"병용금기","복합",D000615,Lamivudine,"라미부딘","[D000172]Zidovudine(지도부딘)","[M086332]라미부딘/[M082858]지도부딘","[06290]기타의 화학요법제","복합",D000665,Emtricitabine,"엠트리시타빈","[D000281]Tenofovir(테노포비르)/[D000673]Cobicistat(코비시스타트)/[D000561]Elvitegravir(엘비테그라비르)","[M250026]엠트리시타빈/[A001163]테노포비르/[M256270]코비시스타트이산화규소/[A005561]엘비테그라비르","[06290]기타의 화학요법제",20151130,"세포내 인산화 방해, 동일한 역전사효소 유전자(M184V) 변이를 통한 바이러스 내성 - 항바이러스 효과 감소","상픔명 : 스트리빌드정","정상"
"병용금기","복합",D000615,Lamivudine,"라미부딘","[D000654]Abacavir(아바카비르)","[M086332]라미부딘/[I012292]아바카비르황산염/[M262968]아바카비르황산염","[06290]기타의 화학요법제","복합",D000665,Emtricitabine,"엠트리시타빈","[D000281]Tenofovir(테노포비르)","[M250026]엠트리시타빈/[A001163]테노포비르","[06290]기타의 화학요법제",20151130,"세포내 인산화 방해, 동일한 역전사효소 유전자(M184V) 변이를 통한 바이러스 내성 - 항바이러스 효과 감소","상품명 : 트루바다정","정상"
"병용금기","복합",D000615,Lamivudine,"라미부딘","[D000654]Abacavir(아바카비르)","[M086332]라미부딘/[I012292]아바카비르황산염/[M262968]아바카비르황산염","[06290]기타의 화학요법제","복합",D000665,Emtricitabine,"엠트리시타빈","[D000281]Tenofovir(테노포비르)/[D000225]Rilpivirine(릴피비린)","[M250026]엠트리시타빈/[A001163]테노포비르/[A005225]릴피비린/[M253921]릴피비린염산염","[06290]기타의 화학요법제",20151130,"세포내 인산화 방해, 동일한 역전사효소 유전자(M184V) 변이를 통한 바이러스 내성 - 항바이러스 효과 감소","상품명 : 컴플레라정","정상"
"병용금기","복합",D000615,Lamivudine,"라미부딘","[D000654]Abacavir(아바카비르)","[M086332]라미부딘/[I012292]아바카비르황산염/[M262968]아바카비르황산염","[06290]기타의 화학요법제","복합",D000665,Emtricitabine,"엠트리시타빈","[D000281]Tenofovir(테노포비르)/[D000673]Cobicistat(코비시스타트)/[D000561]Elvitegravir(엘비테그라비르)","[M250026]엠트리시타빈/[A001163]테노포비르/[M256270]코비시스타트이산화규소/[A005561]엘비테그라비르","[06290]기타의 화학요법제",20151130,"세포내 인산화 방해, 동일한 역전사효소 유전자(M184V) 변이를 통한 바이러스 내성 - 항바이러스 효과 감소","상픔명 : 스트리빌드정","정상"
"병용금기","단일",D000564,Xylometazoline,"키실로메타졸린","","[M051554]염산키실로메타졸린","[01320]이비과용제","단일",D000429,Moclobemide,"모클로베미드","","[M085249]모클로베미드","[01170]정신신경용제",20151130,"xylometazoline의 전신작용(고혈압 위험) 증강 또는 연장","","정상"
"병용금기","단일",D000564,Xylometazoline,"키실로메타졸린","","[M051554]염산키실로메타졸린","[01320]이비과용제","단일",D000698,Rasagiline,"라사길린","","[M257939]라사길린메실산염","[01190]기타의 중추신경용약",20151130,"xylometazoline의 전신작용(고혈압 위험) 증강 또는 연장","","정상"
"병용금기","단일",D000564,Xylometazoline,"키실로메타졸린","","[M051554]염산키실로메타졸린","[01320]이비과용제","단일",D000139,"Selegiline Hydrochloride","셀레길린염산염","","[M222864]셀레길린염산염","[01190]기타의 중추신경용약",20151130,"xylometazoline의 전신작용(고혈압 위험) 증강 또는 연장","","정상"
"병용금기","단일",D000809,Amitriptyline,"아미트리프틸린","","[M040348]염산아미트리프틸린/[M089101]염산아미트리프틸린서방정과립/[M201277]염산아미트리프틸린서방과립/[M223101]아미트리프틸린염산염","[01170]정신신경용제","단일",D000139,"Selegiline Hydrochloride","셀레길린염산염","","[M222864]셀레길린염산염","[01190]기타의 중추신경용약",20090303,"이상고열, 전신경련, 발한, 불온, 혼수등","","정상"
"병용금기","단일",D000259,Amiodarone,"아미오다론","","[A005259]아미오다론","[02120]부정맥용제","단일",D000823,Quinidine,"퀴니딘","","[M040601]황산퀴니딘/[M223194]퀴니딘황산염수화물","[02120]부정맥용제",20090303,"심실부정맥(Torsade de pointes) 위험 증가","","정상"
"병용금기","복합",D000563,Benserazide,"벤세라지드","[D000302]Levodopa(레보도파)","[A005563]벤세라지드/[M040122]레보도파","[01190]기타의 중추신경용약","단일",D000824,Halothane,"할로탄","","[M040765]할로탄","[01110]전신마취제",20090303,"혈압 변동, 빈맥·심실세동등의 부정맥 위험 증가","","정상"
"병용금기","단일",D000762,Itraconazole,"이트라코나졸","","[M083733]이트라코나졸제피과립/[M083734]이트라코나졸/[M092870]이트라코나졸고체분산체/[M201487]이트라코나졸고체분산/[M201624]제피이트라코나졸과립","[06290]기타의 화학요법제","단일",D000823,Quinidine,"퀴니딘","","[M040601]황산퀴니딘/[M223194]퀴니딘황산염수화물","[02120]부정맥용제",20090303,"QT 간격 연장 및 심실부정맥(Torsade de pointes) 위험 증가","","정상"
"병용금기","단일",D000592,Triazolam,"트리아졸람","","[I005603]트리아졸람/[M088380]트리아졸람","[01120]최면진정제","단일",D000825,Josamycin,"조사마이신","","[M020110]조사마이신","[06140]주로 그람양성균, 리케치아, 비루스에 작용하는 것",20090303,"triazolam 의 약리학적 효과 및 작용(수면유도) 증가","","정상"
"병용금기","단일",D000429,Moclobemide,"모클로베미드","","[M085249]모클로베미드","[01170]정신신경용제","복합",D000448,Pseudoephedrine,"슈도에페드린","[D000826]Triprolidine(트리프롤리딘)","[M050833]염산슈도에페드린/[M081720]황산슈도에페드린/[M203364]슈도에페드린염산염/[M222865]수도에페드린염산염/[M248579]수도에페드린황산염/[M256034]수도에페드린염산염 과립/[M258826]수도에페드린/[M051642]염산트리프롤리딘/[M241782]트리프롤리딘염산염/[M243192]트리프롤리딘염산염/[M243987]트리프롤리딘염산염/[M244139]트리프롤리딘염산염/[M246366]트리프로리딘염산염/[M250460]트리프롤리딘염산염수화물","[01140]해열.진통.소염제/[01410]항히스타민제",20090303,"교감신경흥분제의 작용 증강 또는 연장","","정상"
"병용금기","단일",D000213,Pimozide,"피모짓","","[M071691]피모짓","[01170]정신신경용제","단일",D000809,Amitriptyline,"아미트리프틸린","","[M040348]염산아미트리프틸린/[M089101]염산아미트리프틸린서방정과립/[M201277]염산아미트리프틸린서방과립/[M223101]아미트리프틸린염산염","[01170]정신신경용제",20090303,"QT연장","","정상"
"병용금기","단일",D000827,Auranofin,"오라노핀","","[M081227]오라노핀","[01140]해열.진통.소염제","단일",D000417,Hydroxychloroquine,"히드록시클로로퀸","","[M084124]황산히드록시클로로퀸/[M087341]히드록시클로로퀸설페이트/[M222909]히드록시클로로퀸황산염","[06410]항원충제",20090303,"금주사제 병용시 피부독성","","정상"
"병용금기","단일",D000159,Amiloride,"아미로라이드","","[M080372]염산아미로라이드","[02130]이뇨제","단일",D000731,Spironolactone,"스피로노락톤","","[M099796]스피로노락톤","[02130]이뇨제",20070411,"고칼륨혈증 위험 증가","","정상"
"병용금기","단일",D000159,Amiloride,"아미로라이드","","[M080372]염산아미로라이드","[02130]이뇨제","단일",D000829,Triamterene,"트리암테렌","","[M040663]트리암테렌","[02130]이뇨제",20070411,"고칼륨혈증 위험 증가","","정상"
"병용금기","단일",D000259,Amiodarone,"아미오다론","","[A005259]아미오다론","[02120]부정맥용제","단일",D000830,Sparfloxacin,"스파플록사신","","[M083268]스파플록사신","[06290]기타의 화학요법제",20070411,"QT 연장, 심실성 빈맥, 심실세동 및 torsades de pointes 등 심독성위험 증가","","정상"
"병용금기","단일",D000809,Amitriptyline,"아미트리프틸린","","[M040348]염산아미트리프틸린/[M089101]염산아미트리프틸린서방정과립/[M201277]염산아미트리프틸린서방과립/[M223101]아미트리프틸린염산염","[01170]정신신경용제","단일",D000429,Moclobemide,"모클로베미드","","[M085249]모클로베미드","[01170]정신신경용제",20070411,"근독성, 간질, 세로토닌성 증후군(고혈압, 고열, 간대성 근경련, 정신상태 변화 등)","","정상"
"병용금기","단일",D000810,Dothiepin,"도티에핀","","[M081861]염산도치에핀","[01170]정신신경용제","단일",D000429,Moclobemide,"모클로베미드","","[M085249]모클로베미드","[01170]정신신경용제",20070411,"근독성, 간질, 세로토닌성 증후군(고혈압, 고열, 간대성 근경련, 정신상태 변화 등)","","정상"
"병용금기","단일",D000810,Dothiepin,"도티에핀","","[M081861]염산도치에핀","[01170]정신신경용제","단일",D000139,"Selegiline Hydrochloride","셀레길린염산염","","[M222864]셀레길린염산염","[01190]기타의 중추신경용약",20070411,"근독성, 간질, 세로토닌성 증후군(고혈압, 고열, 간대성 근경련, 정신상태 변화 등)","","정상"
"병용금기","단일",D000831,Iodixanol,"이오딕사놀","","[M089870]요오딕사놀/[M201123]아이오딕사놀/[M222881]이오딕산올","[07210]X선조영제","단일",D000718,Metformin,"메트포르민","","[M201260]염산메트포민/[M214651]염산메트포르민/[M223014]메트포르민염산염/[M244179]메트포르민염산염/[M255741]메트포르민아세트산염/[M263864]메트포르민/[M266682]메트포르민염산염 콜로이드성이산화규소","[03960]당뇨병용제",20070411,"기능적 신부전에 의해 유산 산성증 촉진","48시간 이내 병용금기","정상"
"병용금기","단일",D000832,Iotrolan,"이오트로란","","[M089396]이오트로란","[07210]X선조영제","단일",D000718,Metformin,"메트포르민","","[M201260]염산메트포민/[M214651]염산메트포르민/[M223014]메트포르민염산염/[M244179]메트포르민염산염/[M255741]메트포르민아세트산염/[M263864]메트포르민/[M266682]메트포르민염산염 콜로이드성이산화규소","[03960]당뇨병용제",20070411,"기능적 신부전에 의해 유산 산성증 촉진","48시간 이내 병용금기","정상"
"병용금기","단일",D000213,Pimozide,"피모짓","","[M071691]피모짓","[01170]정신신경용제","단일",D000823,Quinidine,"퀴니딘","","[M040601]황산퀴니딘/[M223194]퀴니딘황산염수화물","[02120]부정맥용제",20070411,"QT 연장, 심실성 빈맥, 심실세동 및 torsades de pointes 등 심독성위험 증가","","정상"
"병용금기","단일",D000213,Pimozide,"피모짓","","[M071691]피모짓","[01170]정신신경용제","단일",D000833,Telithromycin,"텔리트로마이신","","[M093984]텔리스로마이신/[M210450]텔리스로마이신과립/[M241046]텔리트로마이신과립","[06190]기타의 항생물질제제(복합항생물질제제를 포함)",20070411,"QT 연장, 심실성 빈맥, 심실세동 및 torsades de pointes 등 심독성위험 증가","","정상"
"병용금기","단일",D000823,Quinidine,"퀴니딘","","[M040601]황산퀴니딘/[M223194]퀴니딘황산염수화물","[02120]부정맥용제","단일",D000443,Voriconazole,"보리코나졸","","[I005813]보리코나졸/[M102252]보리코나졸","[06290]기타의 화학요법제",20070411,"QT 연장, 심실성 빈맥, 심실세동 및 torsades de pointes 등 심독성위험 증가","","삭제"
"병용금기","단일",D000731,Spironolactone,"스피로노락톤","","[M099796]스피로노락톤","[02130]이뇨제","단일",D000829,Triamterene,"트리암테렌","","[M040663]트리암테렌","[02130]이뇨제",20070411,"고칼륨혈증 위험 증가","","정상"
"병용금기","단일",D000274,Ketorolac,"케토롤락","","[M084703]케토롤락트로메타민/[M222885]케토롤락트로메타민염","[01140]해열.진통.소염제/[01310]안과용제","단일",D000834,Etofenamate,"에토페나메이트","","[M081326]에토훼나메이트/[M097634]에토페나메이트","[01140]해열.진통.소염제",20080101,"중증의 위장관계 이상반응","","정상"
"병용금기","단일",D000274,Ketorolac,"케토롤락","","[M084703]케토롤락트로메타민/[M222885]케토롤락트로메타민염","[01140]해열.진통.소염제/[01310]안과용제","단일",D000835,"Flufenamic acid","플루페남산","","[M051841]플루페남산","[01140]해열.진통.소염제",20080101,"중증의 위장관계 이상반응","","정상"
"병용금기","단일",D000274,Ketorolac,"케토롤락","","[M084703]케토롤락트로메타민/[M222885]케토롤락트로메타민염","[01140]해열.진통.소염제/[01310]안과용제","단일",D000836,Meclofenamate,"메크로페남산","","[M081682]메크로페남산나트륨/[M200919]소듐메클로페나메이트","[01140]해열.진통.소염제",20080101,"중증의 위장관계 이상반응","","정상"
"병용금기","단일",D000274,Ketorolac,"케토롤락","","[M084703]케토롤락트로메타민/[M222885]케토롤락트로메타민염","[01140]해열.진통.소염제/[01310]안과용제","단일",D000837,"Tiaprofenic acid","티아프로펜산","","[M080409]티아프로펜산","[01140]해열.진통.소염제",20080101,"중증의 위장관계 이상반응","","정상"
"병용금기","단일",D000199,Dexamethasone,"덱사메타손","","[M040080]덱사메타손/[M050208]인산덱사메타손/[M082700]덱사메타손인산나트륨/[M085432]디나트륨인산덱사메타손/[M222954]덱사메타손디나트륨인산염/[M256848]덱사메타손포스페이트이나트륨/[M258481]덱사메타손팔미테이트/[M260226]덱사메타손시페실레이트/[M260415]덱사메타손시페실레이트(미분화)","[01140]해열.진통.소염제/[01310]안과용제/[02310]치과구강용약/[02450]부신호르몬제/[02640]진통.진양.수렴.소염제/[01320]이비과용제","단일",D000830,Sparfloxacin,"스파플록사신","","[M083268]스파플록사신","[06290]기타의 화학요법제",20080401,"1. 아킬레스건 파열 및 손상<특히 노인>
2. 심혈관계 부작용 증가","","정상"
"병용금기","단일",D000838,Formoterol,"포르모테롤","","[M081683]푸마르산포르모테롤/[M088695]푸마르산포르모테롤이수화물/[M095424]포르모테롤푸마레이트이수화물/[M100632]포르모테롤/[M223288]포르모테롤푸마르산염수화물/[M257129]포르모테롤푸마르산염수화물/[M258126]포르모테롤푸마르산염수화물(미분화)","[02220]진해거담제","단일",D000560,Epinephrine,"에피네프린","","[M040421]에피네프린/[M040581]중주석산에피네프린/[M094252]주석산에피네프린/[M251244]에피네프린타르타르산염","[02450]부신호르몬제",20080401,"부정맥 또는 심정지 유도","소생 등의 위급상황 제외","정상"
"병용금기","단일",D000841,Hexoprenaline,"헥소프레날린","","[I004745]헥소프레날린황산염/[M021928]황산헥소프레날린","[02220]진해거담제","단일",D000560,Epinephrine,"에피네프린","","[M040421]에피네프린/[M040581]중주석산에피네프린/[M094252]주석산에피네프린/[M251244]에피네프린타르타르산염","[02450]부신호르몬제",20080401,"부정맥 또는 심정지 유도","소생 등의 위급상황 제외","정상"
"병용금기","단일",D000522,Hydrocortisone,"히드로코르티손","","[M040818]히드로코르티손/[M101579]히드로코르티손/[M104049]호박산히드로코르티손나트륨/[M204310]하이드로코르티손/[M223350]히드로코르티손부티레이트/[M223352]히드로코르티손숙시네이트나트륨/[M223353]히드로코르티손아세테이트/[M257131]히드로코르티손발레레이트/[M261154]히드로코르티손프로부테이트","[02310]치과구강용약/[02450]부신호르몬제/[02640]진통.진양.수렴.소염제/[02690]기타의 외피용약","단일",D000830,Sparfloxacin,"스파플록사신","","[M083268]스파플록사신","[06290]기타의 화학요법제",20080401,"1. 아킬레스건 파열 및 손상<특히 노인>
2. 심혈관계 부작용 증가","","정상"
"병용금기","단일",D000513,Pentamidin,"펜타미딘","","[M261497]펜타미딘이세티온산염","[06160]주로 곰팡이, 원충에 작용하는 것","단일",D000839,Zalcitabine,"잘시타빈","","[M093771]잘시타빈","[06290]기타의 화학요법제",20080401,"췌장염 유발","","정상"
"병용금기","단일",D000406,Prednisolone,"프레드니솔론","","[M040717]프레드니솔론/[M104040]호박산프레드니솔론나트륨/[M223298]프레드니솔론아세테이트/[M256482]프레드니솔론헤미숙시네이트","[01310]안과용제/[02450]부신호르몬제/[02640]진통.진양.수렴.소염제/[02690]기타의 외피용약","단일",D000830,Sparfloxacin,"스파플록사신","","[M083268]스파플록사신","[06290]기타의 화학요법제",20080401,"1. 아킬레스건 파열 및 손상<특히 노인>
2. 심혈관계 부작용 증가","","정상"
"병용금기","단일",D000833,Telithromycin,"텔리트로마이신","","[M093984]텔리스로마이신/[M210450]텔리스로마이신과립/[M241046]텔리트로마이신과립","[06190]기타의 항생물질제제(복합항생물질제제를 포함)","단일",D000259,Amiodarone,"아미오다론","","[A005259]아미오다론","[02120]부정맥용제",20080401,"QT 간격 연장으로 심실성 부정맥 위험 증가 가능","","정상"
"병용금기","단일",D000840,Zuclopenthixol,"주클로펜틱솔","","[M081151]클로펜틱솔","[01170]정신신경용제","단일",D000560,Epinephrine,"에피네프린","","[M040421]에피네프린/[M040581]중주석산에피네프린/[M094252]주석산에피네프린/[M251244]에피네프린타르타르산염","[02450]부신호르몬제",20080401,"혈압강하","","정상"
"병용금기","단일",D000005,Methylprednisolone,"메틸프레드니솔론","","[M040162]메칠프레드니솔론/[M040163]호박산메칠프레드니솔론나트륨/[M050439]초산메칠프레드니솔론/[M084969]아세폰산메칠프레드니솔론/[M222493]메칠프레드니솔론나트륨호박산염/[M222845]메틸프레드니솔론숙시네이트나트륨/[M223027]메틸프레드니솔론/[M241237]메틸프레드니솔론아세폰산염/[M250724]메틸프레드니솔론아세포네이트/[M259222]아세폰산메틸프레드니솔론/[M261985]메틸프레드니솔론숙시네이트나트륨ㆍ건조인산나트륨ㆍ무수인산이수소나트륨","[02450]부신호르몬제/[02640]진통.진양.수렴.소염제","단일",D000830,Sparfloxacin,"스파플록사신","","[M083268]스파플록사신","[06290]기타의 화학요법제",20080401,"1. 아킬레스건 파열 및 손상<특히 노인>
2. 심혈관계 부작용 증가","","정상"
"병용금기","단일",D000575,Indometacin,"인도메타신","","[M040508]인도메타신","[01140]해열.진통.소염제/[02190]기타의 순환계용약/[02640]진통.진양.수렴.소염제","단일",D000829,Triamterene,"트리암테렌","","[M040663]트리암테렌","[02130]이뇨제",20091203,"질소혈증, 크레아티닌 청소율 저하","","정상"
"병용금기","단일",D000027,Simvastatin,"심바스타틴","","[M089710]심바스타틴","[02180]동맥경화용제","단일",D000833,Telithromycin,"텔리트로마이신","","[M093984]텔리스로마이신/[M210450]텔리스로마이신과립/[M241046]텔리트로마이신과립","[06190]기타의 항생물질제제(복합항생물질제제를 포함)",20091203,"근병증 및 횡문근융해？","","정상"
"병용금기","단일",D000003,Nelfinavir,"넬피나비어","","[M088546]메실산넬피나비어","[06290]기타의 화학요법제","단일",D000823,Quinidine,"퀴니딘","","[M040601]황산퀴니딘/[M223194]퀴니딘황산염수화물","[02120]부정맥용제",20091203,"QT간격 연장","","정상"
"병용금기","단일",D000712,Ritonavir,"리토나비르","","[M259362]리토나비르","[06290]기타의 화학요법제","단일",D000823,Quinidine,"퀴니딘","","[M040601]황산퀴니딘/[M223194]퀴니딘황산염수화물","[02120]부정맥용제",20091203,"QT간격 연장, 심부정맥","","정상"
"병용금기","단일",D000823,Quinidine,"퀴니딘","","[M040601]황산퀴니딘/[M223194]퀴니딘황산염수화물","[02120]부정맥용제","단일",D000769,Ketoconazole,"케토코나졸","","[M080618]케토코나졸","[02650]기생성 피부질환용제/[06290]기타의 화학요법제/[06410]항원충제",20101102,"QT간격연장","","삭제"
"병용금기","단일",D000823,Quinidine,"퀴니딘","","[M040601]황산퀴니딘/[M223194]퀴니딘황산염수화물","[02120]부정맥용제","단일",D000517,Fluconazole,"플루코나졸","","[M084154]플루코나졸","[02650]기생성 피부질환용제/[06290]기타의 화학요법제",20101102,"QT간격연장","","삭제"
"병용금기","단일",D000823,Quinidine,"퀴니딘","","[M040601]황산퀴니딘/[M223194]퀴니딘황산염수화물","[02120]부정맥용제","단일",D000405,Posaconazole,"포사코나졸","","[M256381]포사코나졸(미분화)","[06290]기타의 화학요법제",20101102,"QT간격연장","","삭제"
"병용금기","단일",D000823,Quinidine,"퀴니딘","","[M040601]황산퀴니딘/[M223194]퀴니딘황산염수화물","[02120]부정맥용제","단일",D000763,Indinavir,"인디나빌","","[M239870]인디나빌황산염","[06290]기타의 화학요법제",20101102,"QT간격연장","","삭제"
"병용금기","단일",D000823,Quinidine,"퀴니딘","","[M040601]황산퀴니딘/[M223194]퀴니딘황산염수화물","[02120]부정맥용제","복합",D000626,Lopinavir,"로피나비르","[D000712]Ritonavir(리토나비르)","[M259361]로피나비르/[M259362]리토나비르","[06290]기타의 화학요법제",20101102,"QT간격연장","","삭제"
"병용금기","단일",D000823,Quinidine,"퀴니딘","","[M040601]황산퀴니딘/[M223194]퀴니딘황산염수화물","[02120]부정맥용제","단일",D000395,Darunavir,"다루나비르","","[M258751]다루나비르에탄올레이트","[06290]기타의 화학요법제",20101102,"QT간격연장","","삭제"
"병용금기","단일",D000823,Quinidine,"퀴니딘","","[M040601]황산퀴니딘/[M223194]퀴니딘황산염수화물","[02120]부정맥용제","단일",D000256,Erythromycin,"에리트로마이신","","[M020095]에리스로마이신/[M020096]락토비온산에리스로마이신/[M020099]에리스로마이신에스톨레이트/[M020201]프로피온산에리스로마이신/[M223129]에리트로마이신/[M223130]에리트로마이신스테아르산염/[M223131]에리트로마이신에스톨산염/[M223132]에리트로마이신에틸숙시네이트/[M251863]에리트로마이신락토비온산염/[M256206]에리트로마이신 장용피입자/[M257644]에리트로마이신스티노프레이트","[06110]주로 그람양성균에 작용하는 것/[06140]주로 그람양성균, 리케치아, 비루스에 작용하는 것/[06150]주로 그람양성, 음성균, 리케치아, 비루스에 작용하는 것",20101102,"QT간격연장","","삭제"
"병용금기","단일",D000823,Quinidine,"퀴니딘","","[M040601]황산퀴니딘/[M223194]퀴니딘황산염수화물","[02120]부정맥용제","단일",D000373,Clarithromycin,"클래리트로마이신","","[M085725]클래리스로마이신/[M087123]클래리스로마이신코팅입자/[M102127]클래리스로마이신제피과립/[M222887]클래리트로마이신/[M223198]클래리트로마이신/[M245961]클래리트로마이신제피과립/[M256483]클래리트로마이신제피과립(42%)","[06180]주로 그람양성, 음성균에 작용하는 것/[06190]기타의 항생물질제제(복합항생물질제제를 포함)",20101102,"QT간격연장","","삭제"
"병용금기","단일",D000823,Quinidine,"퀴니딘","","[M040601]황산퀴니딘/[M223194]퀴니딘황산염수화물","[02120]부정맥용제","단일",D000628,Roxithromycin,"록시트로마이신","","[M082720]록시스로마이신/[M104917]록시스로마이신제피세립/[M222840]록시트로마이신/[M222994]록시트로마이신/[M243529]제피된 록시트로마이신","[06140]주로 그람양성균, 리케치아, 비루스에 작용하는 것",20101102,"QT간격연장","","삭제"
"병용금기","단일",D000823,Quinidine,"퀴니딘","","[M040601]황산퀴니딘/[M223194]퀴니딘황산염수화물","[02120]부정맥용제","단일",D000338,Spiramycin,"스피라마이신","","[M020072]스피라마이신","[06140]주로 그람양성균, 리케치아, 비루스에 작용하는 것",20101102,"QT간격연장","","삭제"
"병용금기","단일",D000823,Quinidine,"퀴니딘","","[M040601]황산퀴니딘/[M223194]퀴니딘황산염수화물","[02120]부정맥용제","단일",D000833,Telithromycin,"텔리트로마이신","","[M093984]텔리스로마이신/[M210450]텔리스로마이신과립/[M241046]텔리트로마이신과립","[06190]기타의 항생물질제제(복합항생물질제제를 포함)",20101102,"QT간격연장","","삭제"
"병용금기","단일",D000823,Quinidine,"퀴니딘","","[M040601]황산퀴니딘/[M223194]퀴니딘황산염수화물","[02120]부정맥용제","단일",D000742,Azithromycin,"아지트로마이신","","[M085338]아지스로마이신/[M222871]아지트로마이신/[M250781]아지트로마이신수화물","[01310]안과용제/[06140]주로 그람양성균, 리케치아, 비루스에 작용하는 것",20101102,"QT간격연장","","삭제"
"병용금기","단일",D000823,Quinidine,"퀴니딘","","[M040601]황산퀴니딘/[M223194]퀴니딘황산염수화물","[02120]부정맥용제","단일",D000825,Josamycin,"조사마이신","","[M020110]조사마이신","[06140]주로 그람양성균, 리케치아, 비루스에 작용하는 것",20101102,"QT간격연장","","삭제"
"병용금기","단일",D000202,Dihydroergotamine,"디히드로에르고타민","","[M086240]디히드로에르고타민메실레이트","[01140]해열.진통.소염제/[02190]기타의 순환계용약","단일",D000833,Telithromycin,"텔리트로마이신","","[M093984]텔리스로마이신/[M210450]텔리스로마이신과립/[M241046]텔리트로마이신과립","[06190]기타의 항생물질제제(복합항생물질제제를 포함)",20101102,"맥각독성(혈관경련, 말단 및 기타조직 허혈 등) 위험 증가","","정상"
"병용금기","단일",D000838,Formoterol,"포르모테롤","","[M081683]푸마르산포르모테롤/[M088695]푸마르산포르모테롤이수화물/[M095424]포르모테롤푸마레이트이수화물/[M100632]포르모테롤/[M223288]포르모테롤푸마르산염수화물/[M257129]포르모테롤푸마르산염수화물/[M258126]포르모테롤푸마르산염수화물(미분화)","[02220]진해거담제","단일",D000082,Norepinephrine,"노르에피네프린","","[M091963]주석산수소노르에피네프린/[M252333]노르에피네프린타르타르산염수화물","[02450]부신호르몬제",20101102,"부정맥 또는 심정지","","정상"
"병용금기","단일",D000841,Hexoprenaline,"헥소프레날린","","[I004745]헥소프레날린황산염/[M021928]황산헥소프레날린","[02220]진해거담제","단일",D000082,Norepinephrine,"노르에피네프린","","[M091963]주석산수소노르에피네프린/[M252333]노르에피네프린타르타르산염수화물","[02450]부신호르몬제",20101102,"부정맥 또는 심정지","","정상"
"병용금기","단일",D000343,Amantadine,"아만타딘","","[M050926]염산아만타딘/[M081897]황산아만타딘/[M258880]아만타딘황산염/[M263832]아만타딘","[01190]기타의 중추신경용약","단일",D000842,Toremifene,"토레미펜","","[M089372]구연산토레미펜/[M246995]토레미펜시트르산염/[M255572]토레미펜구연산염","[04210]항악성종양제",20110512,"QT 간격 연장","","정상"
"병용금기","단일",D000213,Pimozide,"피모짓","","[M071691]피모짓","[01170]정신신경용제","단일",D000842,Toremifene,"토레미펜","","[M089372]구연산토레미펜/[M246995]토레미펜시트르산염/[M255572]토레미펜구연산염","[04210]항악성종양제",20110512,"QT 간격 연장","","정상"
"병용금기","단일",D000173,Ziprasidone,"지프라시돈","","[M251493]지프라시돈염산염 일수화물","[01170]정신신경용제","단일",D000842,Toremifene,"토레미펜","","[M089372]구연산토레미펜/[M246995]토레미펜시트르산염/[M255572]토레미펜구연산염","[04210]항악성종양제",20110512,"QT 간격 연장","","정상"
"병용금기","복합",D000350,Ezetimibe,"에제티미브","[D000027]Simvastatin(심바스타틴)","[M097492]에제티미브/[M089710]심바스타틴","[02180]동맥경화용제","단일",D000833,Telithromycin,"텔리트로마이신","","[M093984]텔리스로마이신/[M210450]텔리스로마이신과립/[M241046]텔리트로마이신과립","[06190]기타의 항생물질제제(복합항생물질제제를 포함)",20110628,"근증/횡문근변성의 위험성이 증가","","정상"
"병용금기","단일",D000419,Lovastatin,"로바스타틴","","[M083392]로바스타틴","[02180]동맥경화용제","단일",D000833,Telithromycin,"텔리트로마이신","","[M093984]텔리스로마이신/[M210450]텔리스로마이신과립/[M241046]텔리트로마이신과립","[06190]기타의 항생물질제제(복합항생물질제제를 포함)",20110628,"횡문근융해증/근육병증 및 이에 수반되는 급격한 신기능 악화","","정상"
"병용금기","단일",D000259,Amiodarone,"아미오다론","","[A005259]아미오다론","[02120]부정맥용제","단일",D000842,Toremifene,"토레미펜","","[M089372]구연산토레미펜/[M246995]토레미펜시트르산염/[M255572]토레미펜구연산염","[04210]항악성종양제",20110628,"Torsade de pointes 위험 증가","","정상"
"병용금기","단일",D000201,Dronedarone,"드로네다론","","[M249412]드로네다론염산염","[02120]부정맥용제","단일",D000842,Toremifene,"토레미펜","","[M089372]구연산토레미펜/[M246995]토레미펜시트르산염/[M255572]토레미펜구연산염","[04210]항악성종양제",20110628,"Torsade de pointes 위험 증가","","정상"
"병용금기","단일",D000249,Acetazolamide,"아세타졸아미드","","[M040351]아세타졸아미드","[02130]이뇨제","단일",D000843,Methazolamide,"메타졸아마이드","","[M086409]메타졸아마이드/[M200527]메타졸아미드","[01310]안과용제",20110628,"신장결석 형성 위험 증가","","정상"
"병용금기","복합",D000718,Metformin,"메트포르민","[D000690]Glibenclamide(글리벤클라미드)","[M201260]염산메트포민/[M214651]염산메트포르민/[M223014]메트포르민염산염/[M244179]메트포르민염산염/[M255741]메트포르민아세트산염/[M263864]메트포르민/[M266682]메트포르민염산염 콜로이드성이산화규소/[M050102]글리벤클라미드","[03960]당뇨병용제","단일",D000832,Iotrolan,"이오트로란","","[M089396]이오트로란","[07210]X선조영제",20110929,"기능적 신부전에 의해 유산 산성증 촉진","48시간 이내 병용금기","정상"
"병용금기","복합",D000718,Metformin,"메트포르민","[D000690]Glibenclamide(글리벤클라미드)","[M201260]염산메트포민/[M214651]염산메트포르민/[M223014]메트포르민염산염/[M244179]메트포르민염산염/[M255741]메트포르민아세트산염/[M263864]메트포르민/[M266682]메트포르민염산염 콜로이드성이산화규소/[M050102]글리벤클라미드","[03960]당뇨병용제","단일",D000831,Iodixanol,"이오딕사놀","","[M089870]요오딕사놀/[M201123]아이오딕사놀/[M222881]이오딕산올","[07210]X선조영제",20110929,"기능적 신부전에 의해 유산 산성증 촉진","48시간 이내 병용금기","정상"
"병용금기","복합",D000718,Metformin,"메트포르민","[D000600]Gliclazide(글리클라지드)","[M201260]염산메트포민/[M214651]염산메트포르민/[M223014]메트포르민염산염/[M244179]메트포르민염산염/[M255741]메트포르민아세트산염/[M263864]메트포르민/[M266682]메트포르민염산염 콜로이드성이산화규소/[M099438]글리클라짓/[M222831]글리클라지드/[M258015]글리크라짓","[03960]당뇨병용제","단일",D000832,Iotrolan,"이오트로란","","[M089396]이오트로란","[07210]X선조영제",20110929,"기능적 신부전에 의해 유산 산성증 촉진","48시간 이내 병용금기","정상"
"병용금기","단일",D000718,Metformin,"메트포르민","","[M201260]염산메트포민/[M214651]염산메트포르민/[M223014]메트포르민염산염/[M244179]메트포르민염산염/[M255741]메트포르민아세트산염/[M263864]메트포르민/[M266682]메트포르민염산염 콜로이드성이산화규소","[03960]당뇨병용제","단일",D000831,Iodixanol,"이오딕사놀","","[M089870]요오딕사놀/[M201123]아이오딕사놀/[M222881]이오딕산올","[07210]X선조영제",20110929,"기능적 신부전에 의해 유산 산성증 촉진","48시간 이내 병용금기","정상"
"병용금기","복합",D000718,Metformin,"메트포르민","[D000002]Rosiglitazone Maleate(로시글리타존말레산염)","[M201260]염산메트포민/[M214651]염산메트포르민/[M223014]메트포르민염산염/[M244179]메트포르민염산염/[M255741]메트포르민아세트산염/[M263864]메트포르민/[M266682]메트포르민염산염 콜로이드성이산화규소/[M089365]말레인산로시글리타존/[M237507]로시글리타존말레산염","[03960]당뇨병용제","단일",D000832,Iotrolan,"이오트로란","","[M089396]이오트로란","[07210]X선조영제",20110929,"기능적 신부전에 의해 유산 산성증 촉진","48시간 이내 병용금기","정상"
"병용금기","복합",D000718,Metformin,"메트포르민","[D000002]Rosiglitazone Maleate(로시글리타존말레산염)","[M201260]염산메트포민/[M214651]염산메트포르민/[M223014]메트포르민염산염/[M244179]메트포르민염산염/[M255741]메트포르민아세트산염/[M263864]메트포르민/[M266682]메트포르민염산염 콜로이드성이산화규소/[M089365]말레인산로시글리타존/[M237507]로시글리타존말레산염","[03960]당뇨병용제","단일",D000831,Iodixanol,"이오딕사놀","","[M089870]요오딕사놀/[M201123]아이오딕사놀/[M222881]이오딕산올","[07210]X선조영제",20110929,"기능적 신부전에 의해 유산 산성증 촉진","48시간 이내 병용금기","정상"
"병용금기","복합",D000718,Metformin,"메트포르민","[D000109]Pioglitazone(피오글리타존)","[M201260]염산메트포민/[M214651]염산메트포르민/[M223014]메트포르민염산염/[M244179]메트포르민염산염/[M255741]메트포르민아세트산염/[M263864]메트포르민/[M266682]메트포르민염산염 콜로이드성이산화규소/[M092005]염산피오글리타존/[M235069]피오글리타존염산염/[M260948]피오글리타존염","[03960]당뇨병용제","단일",D000832,Iotrolan,"이오트로란","","[M089396]이오트로란","[07210]X선조영제",20110929,"기능적 신부전에 의해 유산 산성증 촉진","48시간 이내 병용금기","정상"
"병용금기","복합",D000718,Metformin,"메트포르민","[D000109]Pioglitazone(피오글리타존)","[M201260]염산메트포민/[M214651]염산메트포르민/[M223014]메트포르민염산염/[M244179]메트포르민염산염/[M255741]메트포르민아세트산염/[M263864]메트포르민/[M266682]메트포르민염산염 콜로이드성이산화규소/[M092005]염산피오글리타존/[M235069]피오글리타존염산염/[M260948]피오글리타존염","[03960]당뇨병용제","단일",D000831,Iodixanol,"이오딕사놀","","[M089870]요오딕사놀/[M201123]아이오딕사놀/[M222881]이오딕산올","[07210]X선조영제",20110929,"기능적 신부전에 의해 유산 산성증 촉진","48시간 이내 병용금기","정상"
"병용금기","복합",D000718,Metformin,"메트포르민","[D000392]Glimepiride(글리메피리드)","[M201260]염산메트포민/[M214651]염산메트포르민/[M223014]메트포르민염산염/[M244179]메트포르민염산염/[M255741]메트포르민아세트산염/[M263864]메트포르민/[M266682]메트포르민염산염 콜로이드성이산화규소/[M086024]글리메피리드","[03960]당뇨병용제","단일",D000832,Iotrolan,"이오트로란","","[M089396]이오트로란","[07210]X선조영제",20110929,"기능적 신부전에 의해 유산 산성증 촉진","48시간 이내 병용금기","정상"
"병용금기","복합",D000718,Metformin,"메트포르민","[D000392]Glimepiride(글리메피리드)","[M201260]염산메트포민/[M214651]염산메트포르민/[M223014]메트포르민염산염/[M244179]메트포르민염산염/[M255741]메트포르민아세트산염/[M263864]메트포르민/[M266682]메트포르민염산염 콜로이드성이산화규소/[M086024]글리메피리드","[03960]당뇨병용제","단일",D000831,Iodixanol,"이오딕사놀","","[M089870]요오딕사놀/[M201123]아이오딕사놀/[M222881]이오딕산올","[07210]X선조영제",20110929,"기능적 신부전에 의해 유산 산성증 촉진","48시간 이내 병용금기","정상"
"병용금기","복합",D000718,Metformin,"메트포르민","[D000445]Vildagliptin(빌다글립틴)","[M201260]염산메트포민/[M214651]염산메트포르민/[M223014]메트포르민염산염/[M244179]메트포르민염산염/[M255741]메트포르민아세트산염/[M263864]메트포르민/[M266682]메트포르민염산염 콜로이드성이산화규소/[M221584]빌다글립틴/[M262420]빌다글립틴(미분화)","[03960]당뇨병용제","단일",D000832,Iotrolan,"이오트로란","","[M089396]이오트로란","[07210]X선조영제",20110929,"기능적 신부전에 의해 유산 산성증 촉진","48시간 이내 병용금기","정상"
"병용금기","복합",D000718,Metformin,"메트포르민","[D000445]Vildagliptin(빌다글립틴)","[M201260]염산메트포민/[M214651]염산메트포르민/[M223014]메트포르민염산염/[M244179]메트포르민염산염/[M255741]메트포르민아세트산염/[M263864]메트포르민/[M266682]메트포르민염산염 콜로이드성이산화규소/[M221584]빌다글립틴/[M262420]빌다글립틴(미분화)","[03960]당뇨병용제","단일",D000831,Iodixanol,"이오딕사놀","","[M089870]요오딕사놀/[M201123]아이오딕사놀/[M222881]이오딕산올","[07210]X선조영제",20110929,"기능적 신부전에 의해 유산 산성증 촉진","48시간 이내 병용금기","정상"
"병용금기","단일",D000833,Telithromycin,"텔리트로마이신","","[M093984]텔리스로마이신/[M210450]텔리스로마이신과립/[M241046]텔리트로마이신과립","[06190]기타의 항생물질제제(복합항생물질제제를 포함)","복합",D000747,Ergotamine,"에르고타민","[D001266]Anhydrous Caffeine(카페인무수물)","[M040398]주석산에르고타민/[M223126]에르고타민타르타르산염/[M223183]카페인무수물","[01140]해열.진통.소염제",20101217,"맥각독성(혈관경련, 말단 및 기타조직 허혈 등) 위험 증가","","정상"
"병용금기","복합",D000747,Ergotamine,"에르고타민","[D001266]Anhydrous Caffeine(카페인무수물)","[M040398]주석산에르고타민/[M223126]에르고타민타르타르산염/[M223183]카페인무수물","[01140]해열.진통.소염제","단일",D000763,Indinavir,"인디나빌","","[M239870]인디나빌황산염","[06290]기타의 화학요법제",20091203,"맥각독성(혈관경련, 말단 및 기타조직 허혈)","","정상"
"병용금기","복합",D000747,Ergotamine,"에르고타민","[D001266]Anhydrous Caffeine(카페인무수물)","[M040398]주석산에르고타민/[M223126]에르고타민타르타르산염/[M223183]카페인무수물","[01140]해열.진통.소염제","단일",D000003,Nelfinavir,"넬피나비어","","[M088546]메실산넬피나비어","[06290]기타의 화학요법제",20091203,"맥각독성(혈관경련, 말단 및 기타조직 허혈)","","정상"
"병용금기","복합",D000747,Ergotamine,"에르고타민","[D001266]Anhydrous Caffeine(카페인무수물)","[M040398]주석산에르고타민/[M223126]에르고타민타르타르산염/[M223183]카페인무수물","[01140]해열.진통.소염제","단일",D000712,Ritonavir,"리토나비르","","[M259362]리토나비르","[06290]기타의 화학요법제",20091203,"맥각독성(혈관경련, 말단 및 기타조직 허혈)","","정상"
"병용금기","복합",D000747,Ergotamine,"에르고타민","[D001266]Anhydrous Caffeine(카페인무수물)","[M040398]주석산에르고타민/[M223126]에르고타민타르타르산염/[M223183]카페인무수물","[01140]해열.진통.소염제","단일",D000762,Itraconazole,"이트라코나졸","","[M083733]이트라코나졸제피과립/[M083734]이트라코나졸/[M092870]이트라코나졸고체분산체/[M201487]이트라코나졸고체분산/[M201624]제피이트라코나졸과립","[06290]기타의 화학요법제",20091203,"맥각독성(혈관경련, 말단 및 기타조직 허혈)","","정상"
"병용금기","복합",D000747,Ergotamine,"에르고타민","[D001266]Anhydrous Caffeine(카페인무수물)","[M040398]주석산에르고타민/[M223126]에르고타민타르타르산염/[M223183]카페인무수물","[01140]해열.진통.소염제","단일",D000443,Voriconazole,"보리코나졸","","[I005813]보리코나졸/[M102252]보리코나졸","[06290]기타의 화학요법제",20091203,"맥각독성(혈관경련, 말단 및 기타조직 허혈)","","정상"
"병용금기","단일",D000845,Amrinone,"암리논","","[M084324]암리논/[M098799]인암리논","[02110]강심제/[02190]기타의 순환계용약","단일",D000697,Dobutamine,"도부타민","","[M080779]염산도부타민/[M222834]도부타민염산염","[02110]강심제",20080401,"근육수축작용 증가","","정상"
"병용금기","단일",D000297,Domperidone,"돔페리돈","","[M081091]돔페리돈/[M085595]말레인산돔페리돈/[M222961]돔페리돈말레산염","[02390]기타의 소화기관용약","단일",D000846,Bepridil,"베프리딜","","[M084234]염산베프리딜","[02170]혈관확장제",20151130,"QTc 연장 효과 증대로 심각한 위험(Torsade de Pointes, 심각한 심실성 부정맥 포함) 가능성","","정상"
"병용금기","단일",D000970,Atomoxetine,"아토목세틴","","[M212533]염산아토목세틴/[M246680]아토목세틴염산염","[01190]기타의 중추신경용약","단일",D000429,Moclobemide,"모클로베미드","","[M085249]모클로베미드","[01170]정신신경용제",20100525,"고열, 경직, 간대성근경련, 정신상태 변화 등","","삭제"
"병용금기","단일",D000297,Domperidone,"돔페리돈","","[M081091]돔페리돈/[M085595]말레인산돔페리돈/[M222961]돔페리돈말레산염","[02390]기타의 소화기관용약","단일",D000491,Paliperidone,"팔리페리돈","","[M220478]팔리페리돈/[M250479]팔리페리돈팔미테이트","[01170]정신신경용제",20151130,"QTc 연장 효과 증대로 심각한 위험(Torsade de Pointes, 심각한 심실성 부정맥 포함) 가능성","","정상"
"병용금기","단일",D000079,Glipizide,"글리피지드","","[M256618]글리피지드","[03960]당뇨병용제","단일",D000324,Miconazole,"미코나졸","","[M050517]질산미코나졸/[M223037]미코나졸질산염","[02650]기생성 피부질환용제/[06160]주로 곰팡이, 원충에 작용하는 것",20101217,"저혈당 또는 혼수","","정상"
"병용금기","복합",D000978,"Potassium citrate","시트르산칼륨","[D000979]Citric acid(시트르산)","[M050714]과립상구연산칼륨/[M080391]구연산칼륨/[M202384]구연산칼륨과립/[M244335]시트르산칼륨/[M247036]시트르산칼륨수화물/[M096666]시트르산/[M223090]시트르산수화물","[02590]기타의 비뇨생식기관 및 항문용약","단일",D000159,Amiloride,"아미로라이드","","[M080372]염산아미로라이드","[02130]이뇨제",20101102,"고칼륨혈증 위험 증가","","정상"
"병용금기","단일",D000978,"Potassium citrate","시트르산칼륨","","[M050714]과립상구연산칼륨/[M080391]구연산칼륨/[M202384]구연산칼륨과립/[M244335]시트르산칼륨/[M247036]시트르산칼륨수화물","[02590]기타의 비뇨생식기관 및 항문용약","단일",D000159,Amiloride,"아미로라이드","","[M080372]염산아미로라이드","[02130]이뇨제",20101102,"고칼륨혈증 위험 증가","","정상"
"병용금기","단일",D000274,Ketorolac,"케토롤락","","[M084703]케토롤락트로메타민/[M222885]케토롤락트로메타민염","[01140]해열.진통.소염제/[01310]안과용제","단일",D000982,Naproxen,"나프록센","","[M050116]나프록센/[M070724]나프록센나트륨/[M103210]소디움나프록센/[M200898]소듐나프록센","[01140]해열.진통.소염제",20080101,"중증의 위장관계 이상반응","","정상"
"병용금기","단일",D000535,"Valproic acid","발프로산","","[M070676]발프로산나트륨/[M082087]디발프로엑스나트륨/[M083547]발프로산/[M085424]디발프로엑스나트륨입자/[M090172]발프로산마그네슘","[01130]항전간제","복합",D000757,Imipenem,"이미페넴","[D000734]Cilastatin(실라스타틴)","[M082600]이미페넴/[M089971]이미페넴/[M222879]이미페넴수화물/[M253549]이미페넴수화물,실라스타틴나트륨/[M253721]이미페넴ㆍ실라스타틴나트륨 혼합물/[M095530]실라스타틴나트륨/[M200960]소듐실라스타틴","[06180]주로 그람양성, 음성균에 작용하는 것",20091203,"간질 발작 재발","","정상"
"병용금기","복합",D000535,"Valproic acid","발프로산","[D000536]Sodium Valproate(발프로산나트륨)","[M070676]발프로산나트륨/[M082087]디발프로엑스나트륨/[M083547]발프로산/[M085424]디발프로엑스나트륨입자/[M090172]발프로산마그네슘","[01130]항전간제","단일",D000757,Imipenem,"이미페넴","","[M082600]이미페넴/[M089971]이미페넴/[M222879]이미페넴수화물/[M253549]이미페넴수화물,실라스타틴나트륨/[M253721]이미페넴ㆍ실라스타틴나트륨 혼합물","[06180]주로 그람양성, 음성균에 작용하는 것",20091203,"간질 발작 재발","","정상"
"병용금기","단일",D000535,"Valproic acid","발프로산","","[M070676]발프로산나트륨/[M082087]디발프로엑스나트륨/[M083547]발프로산/[M085424]디발프로엑스나트륨입자/[M090172]발프로산마그네슘","[01130]항전간제","단일",D000122,Meropenem,"메로페넴","","[M091303]메로페넴건조탄산나트륨/[M237403]메로페넴 건조탄산나트륨/[M240683]메로페넴삼수화물/[M247956]메로페넴/[M249596]메로페넴수화물/[M252076]메로페넴수화물·건조탄산나트륨/[M252077]메로페넴수화물 건조탄산나트륨/[M252323]메로페넴·건조탄산나트륨/[M254183]무균메로페넴건조탄산나트륨","[06180]주로 그람양성, 음성균에 작용하는 것",20091203,"간질발작 재발","","정상"
"병용금기","단일",D000535,"Valproic acid","발프로산","","[M070676]발프로산나트륨/[M082087]디발프로엑스나트륨/[M083547]발프로산/[M085424]디발프로엑스나트륨입자/[M090172]발프로산마그네슘","[01130]항전간제","복합",D000779,Panipenem,"파니페넴","[D000014]Betamipron(베타미프론)","[M095991]파니페넴/[M095992]베타미프론","[06180]주로 그람양성, 음성균에 작용하는 것",20091203,"간질 발작 재발","","정상"
"병용금기","복합",D000535,"Valproic acid","발프로산","[D000536]Sodium Valproate(발프로산나트륨)","[M070676]발프로산나트륨/[M082087]디발프로엑스나트륨/[M083547]발프로산/[M085424]디발프로엑스나트륨입자/[M090172]발프로산마그네슘","[01130]항전간제","단일",D000779,Panipenem,"파니페넴","","[M095991]파니페넴","[06180]주로 그람양성, 음성균에 작용하는 것",20091203,"간질 발작 재발","","정상"
"병용금기","복합",D000535,"Valproic acid","발프로산","[D000536]Sodium Valproate(발프로산나트륨)","[M070676]발프로산나트륨/[M082087]디발프로엑스나트륨/[M083547]발프로산/[M085424]디발프로엑스나트륨입자/[M090172]발프로산마그네슘","[01130]항전간제","단일",D000122,Meropenem,"메로페넴","","[M091303]메로페넴건조탄산나트륨/[M237403]메로페넴 건조탄산나트륨/[M240683]메로페넴삼수화물/[M247956]메로페넴/[M249596]메로페넴수화물/[M252076]메로페넴수화물·건조탄산나트륨/[M252077]메로페넴수화물 건조탄산나트륨/[M252323]메로페넴·건조탄산나트륨/[M254183]무균메로페넴건조탄산나트륨","[06180]주로 그람양성, 음성균에 작용하는 것",20091203,"간질발작 재발","","정상"
"병용금기","단일",D000444,Boceprevir,"보세프레비르","","[M259779]보세프레비르","[03910]간장질환용제","단일",D000259,Amiodarone,"아미오다론","","[A005259]아미오다론","[02120]부정맥용제",20161230,"","","삭제"
"병용금기","단일",D000444,Boceprevir,"보세프레비르","","[M259779]보세프레비르","[03910]간장질환용제","단일",D000088,Doxazosin,"독사조신","","[M083467]메실산독사조신/[M252421]독사조신메실산염","[02140]혈압강하제",20161230,"","","삭제"
"병용금기","단일",D000444,Boceprevir,"보세프레비르","","[M259779]보세프레비르","[03910]간장질환용제","단일",D000202,Dihydroergotamine,"디히드로에르고타민","","[M086240]디히드로에르고타민메실레이트","[01140]해열.진통.소염제",20161230,"","","삭제"
"병용금기","단일",D000444,Boceprevir,"보세프레비르","","[M259779]보세프레비르","[03910]간장질환용제","복합",D000747,Ergotamine,"에르고타민","[D000852]Caffeine(카페인)","[M040398]주석산에르고타민/[M223126]에르고타민타르타르산염/[M040579]카페인(함수)/[M040580]무수카페인/[M090611]카페인/[M223183]카페인무수물/[M223184]카페인수화물/[M241017]무수물카페인","[01140]해열.진통.소염제/[01150]각성제,흥분제",20161230,"","","삭제"
"병용금기","단일",D000444,Boceprevir,"보세프레비르","","[M259779]보세프레비르","[03910]간장질환용제","단일",D000419,Lovastatin,"로바스타틴","","[M083392]로바스타틴","[02180]동맥경화용제",20161230,"","","삭제"
"병용금기","단일",D000444,Boceprevir,"보세프레비르","","[M259779]보세프레비르","[03910]간장질환용제","단일",D000213,Pimozide,"피모짓","","[M071691]피모짓","[01170]정신신경용제",20161230,"","","삭제"
"병용금기","단일",D000444,Boceprevir,"보세프레비르","","[M259779]보세프레비르","[03910]간장질환용제","단일",D000515,Propafenone,"프로파페논","","[M081415]염산프로파페논/[M222902]프로파페논염산염","[02120]부정맥용제",20161230,"","","삭제"
"병용금기","단일",D000444,Boceprevir,"보세프레비르","","[M259779]보세프레비르","[03910]간장질환용제","단일",D000583,Quetiapine,"쿠에티아핀","","[M091777]푸마르산쿠에티아핀/[M220436]푸마르산 쿠에티아핀/[M228429]쿠에티아핀푸마르산염/[M243782]쿠에티아핀푸마르산염","[01170]정신신경용제",20161230,"","","삭제"
"병용금기","단일",D000444,Boceprevir,"보세프레비르","","[M259779]보세프레비르","[03910]간장질환용제","단일",D000342,Silodosin,"실로도신","","[M230909]실로도신","[02590]기타의 비뇨생식기관 및 항문용약",20161230,"","","삭제"
"병용금기","단일",D000444,Boceprevir,"보세프레비르","","[M259779]보세프레비르","[03910]간장질환용제","단일",D000027,Simvastatin,"심바스타틴","","[M089710]심바스타틴","[02180]동맥경화용제",20161230,"","","삭제"
"병용금기","단일",D000444,Boceprevir,"보세프레비르","","[M259779]보세프레비르","[03910]간장질환용제","복합",D000027,Simvastatin,"심바스타틴","[D000350]Ezetimibe(에제티미브)","[M089710]심바스타틴/[M097492]에제티미브","[02180]동맥경화용제/[02180]동맥경화용제",20161230,"","","삭제"
"병용금기","단일",D000444,Boceprevir,"보세프레비르","","[M259779]보세프레비르","[03910]간장질환용제","복합",D000027,Simvastatin,"심바스타틴","[D000686]Fenofibrate(페노피브레이트)","[M089710]심바스타틴/[M051799]페노피브레이트/[M092604]미세화페노피브레이트/[M095127]페노피브레이트펠렛/[M096854]미세화페노피브레이트구형과립/[M099150]페노피브레이트펠렛타입/[M099756]미세화페노피브레이트혼합분말/[M255612]페노피브릭산/[M256159]페노피브레이트콜린/[M257159]페노피브레이트 과립(미분화)/[M260738]페노피브레이트(미분화)","[02180]동맥경화용제/[02180]동맥경화용제",20161230,"","","삭제"
"병용금기","단일",D000444,Boceprevir,"보세프레비르","","[M259779]보세프레비르","[03910]간장질환용제","단일",D000681,Terazosin,"테라조신","","[M083720]염산테라조신/[M101588]염산테라조신/[M249200]테라조신염산염/[M250456]테라조신염산염수화물/[M256626]테라조신염산염수화물(이수화물)","[02590]기타의 비뇨생식기관 및 항문용약",20161230,"","","삭제"
"병용금기","단일",D000444,Boceprevir,"보세프레비르","","[M259779]보세프레비르","[03910]간장질환용제","단일",D000592,Triazolam,"트리아졸람","","[I005603]트리아졸람/[M088380]트리아졸람","[01120]최면진정제",20161230,"","","삭제"
"병용금기","단일",D000986,Dolutegravir,"돌루테그라비르","","[I012655]돌루테그라비르나트륨(미분화)","[06290]기타의 화학요법제","단일",D000111,Pilsicainide,"필시카이니드","","[M246835]필시카이니드염산염","[02120]부정맥용제",20161230,"","","정상"
"병용금기","복합",D000665,Emtricitabine,"엠트리시타빈","[D000281]Tenofovir(테노포비르)/[D000225]Rilpivirine(릴피비린)","[M250026]엠트리시타빈/[A001163]테노포비르/[A005225]릴피비린/[M253921]릴피비린염산염","[06290]기타의 화학요법제/[06290]기타의 화학요법제/[06290]기타의 화학요법제","단일",D000476,Carbamazepine,"카르바마제핀","","[M040569]카르바마제핀/[M201734]카바마제핀","[01130]항전간제",20161230,"","","정상"
"병용금기","복합",D000665,Emtricitabine,"엠트리시타빈","[D000281]Tenofovir(테노포비르)/[D000225]Rilpivirine(릴피비린)","[M250026]엠트리시타빈/[A001163]테노포비르/[A005225]릴피비린/[M253921]릴피비린염산염","[06290]기타의 화학요법제/[06290]기타의 화학요법제/[06290]기타의 화학요법제","단일",D000695,Dexlansoprazole,"덱스란소프라졸","","[M255434]덱스란소프라졸","[02320]소화성궤양용제",20161230,"","","정상"
"병용금기","복합",D000665,Emtricitabine,"엠트리시타빈","[D000281]Tenofovir(테노포비르)/[D000225]Rilpivirine(릴피비린)","[M250026]엠트리시타빈/[A001163]테노포비르/[A005225]릴피비린/[M253921]릴피비린염산염","[06290]기타의 화학요법제/[06290]기타의 화학요법제/[06290]기타의 화학요법제","단일",D000153,Esomeprazole,"에스오메프라졸","","[M092321]에스오메프라졸마그네슘삼수화물/[M100498]에스오메프라졸나트륨/[M221042]에스오메프라졸스트론튬사수화물/[M242227]에스오메프라졸마그네슘이수화물/[M249554]에스오메프라졸/[M259375]에스오메프라졸마그네슘이수화물/[M262063]에스오메프라졸마그네슘과립","[02320]소화성궤양용제",20161230,"","","정상"
"병용금기","복합",D000665,Emtricitabine,"엠트리시타빈","[D000281]Tenofovir(테노포비르)/[D000225]Rilpivirine(릴피비린)","[M250026]엠트리시타빈/[A001163]테노포비르/[A005225]릴피비린/[M253921]릴피비린염산염","[06290]기타의 화학요법제/[06290]기타의 화학요법제/[06290]기타의 화학요법제","단일",D000209,Fosphenytoin,"포스페니토인","","[M235712]포스페니토인나트륨","[01130]항전간제",20161230,"","","정상"
"병용금기","복합",D000665,Emtricitabine,"엠트리시타빈","[D000281]Tenofovir(테노포비르)/[D000225]Rilpivirine(릴피비린)","[M250026]엠트리시타빈/[A001163]테노포비르/[A005225]릴피비린/[M253921]릴피비린염산염","[06290]기타의 화학요법제/[06290]기타의 화학요법제","단일",D000168,Ilaprazole,"일라프라졸","","[M243753]일라프라졸/[M245218]일라프라졸","[02320]소화성궤양용제",20161230,"","","정상"
"병용금기","복합",D000665,Emtricitabine,"엠트리시타빈","[D000281]Tenofovir(테노포비르)/[D000225]Rilpivirine(릴피비린)","[M250026]엠트리시타빈/[A001163]테노포비르/[A005225]릴피비린/[M253921]릴피비린염산염","[06290]기타의 화학요법제/[06290]기타의 화학요법제/[06290]기타의 화학요법제","단일",D000699,Lansoprazole,"란소프라졸","","[M085578]란소프라졸/[M091244]란소프라졸과립","[02320]소화성궤양용제",20161230,"","","정상"
"병용금기","복합",D000665,Emtricitabine,"엠트리시타빈","[D000281]Tenofovir(테노포비르)/[D000225]Rilpivirine(릴피비린)","[M250026]엠트리시타빈/[A001163]테노포비르/[A005225]릴피비린/[M253921]릴피비린염산염","[06290]기타의 화학요법제/[06290]기타의 화학요법제/[06290]기타의 화학요법제","단일",D000469,Omeprazole,"오메프라졸","","[M083697]오메프라졸장용성과립/[M083698]오메프라졸/[M089720]오메프라졸나트륨/[M201348]오메프라졸장용과립","[02320]소화성궤양용제",20161230,"","","정상"
"병용금기","복합",D000665,Emtricitabine,"엠트리시타빈","[D000281]Tenofovir(테노포비르)/[D000225]Rilpivirine(릴피비린)","[M250026]엠트리시타빈/[A001163]테노포비르/[A005225]릴피비린/[M253921]릴피비린염산염","[06290]기타의 화학요법제/[06290]기타의 화학요법제/[06290]기타의 화학요법제","단일",D000263,Oxcarbazepine,"옥스카르바제핀","","[M086765]옥스카르바제핀","[01130]항전간제",20161230,"","","정상"
"병용금기","복합",D000665,Emtricitabine,"엠트리시타빈","[D000281]Tenofovir(테노포비르)/[D000225]Rilpivirine(릴피비린)","[M250026]엠트리시타빈/[A001163]테노포비르/[A005225]릴피비린/[M253921]릴피비린염산염","[06290]기타의 화학요법제/[06290]기타의 화학요법제/[06290]기타의 화학요법제","단일",D000386,Pantoprazole,"판토프라졸","","[A005386]판토프라졸","[02320]소화성궤양용제",20161230,"","","정상"
"병용금기","단일",D000329,Verapamil,"베라파밀","","[M080637]염산베라파밀/[M203207]베라파밀염산염","[02170]혈관확장제","단일",D000571,Ivabradine,"이바브라딘","","[M245775]이바브라딘염산염","[02190]기타의 순환계용약",20161230,"","","정상"
"병용금기","단일",D000818,Diltiazem,"딜티아젬","","[M080266]염산딜티아젬/[M081095]딜티아젬아시딕폴리머콤플렉스/[M085036]염산딜티아젬60밀리그람서방형삼층정3정/[M088241]염산딜티아젬서방형입자/[M089288]염산딜티아젬서방성과립/[M222982]딜티아젬염산염","[02170]혈관확장제","단일",D000571,Ivabradine,"이바브라딘","","[M245775]이바브라딘염산염","[02190]기타의 순환계용약",20161230,"","","정상"
"병용금기","단일",D000583,Quetiapine,"쿠에티아핀","","[M091777]푸마르산쿠에티아핀/[M220436]푸마르산 쿠에티아핀/[M228429]쿠에티아핀푸마르산염/[M243782]쿠에티아핀푸마르산염","[01170]정신신경용제","단일",D000560,Epinephrine,"에피네프린","","[M040421]에피네프린/[M040581]중주석산에피네프린/[M094252]주석산에피네프린/[M251244]에피네프린타르타르산염","[02450]부신호르몬제",20161230,"","","정상"
"병용금기","복합",D000506,Diclofenac,"디클로페낙","[D000233]Misoprostol(미소프로스톨)","[M050288]디클로페낙나트륨/[M083248]디클로페낙/[M083349]디클로페낙베타디메칠아미노에탄올/[M084600]디클로페낙칼륨/[M086205]디클로페낙디에칠암모늄/[M102665]디클로페낙에폴아민/[M230206]디클로페낙 β-디메칠아미노에탄올/[M249599]디클로페낙디에틸암모늄/[M251996]디클로페낙베타디메틸아미노에탄올/[M252249]디클로페낙β-디메틸아미노에탄올/[M255472]디클로페낙디에틸아민염/[M256203]디클로페낙디에틸아민/[M082141]미소프로스톨에취ㆍ피ㆍ엠ㆍ씨배산/[M082142]미소프로스톨/[M098012]미소프로스톨에취ㆍ피ㆍ엠ㆍ씨배산(1:100)/[M216471]미소프로스톨·히드록시프로필메칠셀룰로오스배산(1:100)/[M254672]미소프로스톨히프로멜로오스배산(1:100)/[M256097]미소프로스톨·히드록시프로필메틸셀룰로오스배산(1:100)/[M256598]미소프로스톨-히드록시프로필메틸셀룰로오스 배산/[M257626]미소프로스톨 100배산/[M258072]미소프로스톨 에취.피.엠.씨 배산","[01140]해열.진통.소염제/[02320]소화성궤양용제","단일",D000274,Ketorolac,"케토롤락","","[M084703]케토롤락트로메타민/[M222885]케토롤락트로메타민염","[01140]해열.진통.소염제",20161230,"","","정상"
"병용금기","단일",D000422,Risperidone,"리스페리돈","","[M086310]리스페리돈/[M098171]리스페리돈서방성미립구","[01170]정신신경용제","단일",D000560,Epinephrine,"에피네프린","","[M040421]에피네프린/[M040581]중주석산에피네프린/[M094252]주석산에피네프린/[M251244]에피네프린타르타르산염","[02450]부신호르몬제",20161230,"","","정상"
"병용금기","단일",D000890,Duloxetine,"둘록세틴","","[M215169]염산둘록세틴(둘록세틴염기로서)/[M245183]둘록세틴/[M245184]둘록세틴염산염/[M245333]염산둘록세틴/[M258601]둘록세틴염산염과립/[M258603]둘록세틴염산염/[M259598]둘록세틴염산염장용과립","[01170]정신신경용제","단일",D000139,"Selegiline Hydrochloride","셀레길린염산염","","[M222864]셀레길린염산염","[01190]기타의 중추신경용약",20161230,"","","정상"
"병용금기","단일",D000890,Duloxetine,"둘록세틴","","[M215169]염산둘록세틴(둘록세틴염기로서)/[M245183]둘록세틴/[M245184]둘록세틴염산염/[M245333]염산둘록세틴/[M258601]둘록세틴염산염과립/[M258603]둘록세틴염산염/[M259598]둘록세틴염산염장용과립","[01170]정신신경용제","단일",D000429,Moclobemide,"모클로베미드","","[M085249]모클로베미드","[01170]정신신경용제",20161230,"","","정상"
"병용금기","단일",D000890,Duloxetine,"둘록세틴","","[M215169]염산둘록세틴(둘록세틴염기로서)/[M245183]둘록세틴/[M245184]둘록세틴염산염/[M245333]염산둘록세틴/[M258601]둘록세틴염산염과립/[M258603]둘록세틴염산염/[M259598]둘록세틴염산염장용과립","[01170]정신신경용제","단일",D000800,Fluvoxamine,"플루복사민","","[M088658]플루복사민말레이트","[01170]정신신경용제",20161230,"","","정상"
"병용금기","단일",D001016,Tapentadol,"타펜타돌","","[M252145]타펜타돌염산염","[08210]합성마약","단일",D000139,"Selegiline Hydrochloride","셀레길린염산염","","[M222864]셀레길린염산염","[01190]기타의 중추신경용약",20161230,"","","정상"
"병용금기","단일",D001016,Tapentadol,"타펜타돌","","[M252145]타펜타돌염산염","[08210]합성마약","단일",D000698,Rasagiline,"라사길린","","[M257939]라사길린메실산염","[01190]기타의 중추신경용약",20161230,"","","정상"
"병용금기","단일",D001016,Tapentadol,"타펜타돌","","[M252145]타펜타돌염산염","[08210]합성마약","단일",D000429,Moclobemide,"모클로베미드","","[M085249]모클로베미드","[01170]정신신경용제",20161230,"","","정상"
"병용금기","단일",D001012,Etoricoxib,"에토리콕시브","","[M260064]에토리콕시브","[01140]해열.진통.소염제","단일",D000716,Methotrexate,"메토트렉세이트","","[M040168]메토트렉세이트","[04210]항악성종양제",20161230,"methotrexate ≥ 15mg/주에 한해 금기","","정상"
"병용금기","단일",D001011,Vortioxetine,"보티옥세틴","","[M260128]보티옥세틴브롬화수소산염","[01170]정신신경용제","단일",D000139,"Selegiline Hydrochloride","셀레길린염산염","","[M222864]셀레길린염산염","[01190]기타의 중추신경용약",20161230,"","","정상"
"병용금기","단일",D001011,Vortioxetine,"보티옥세틴","","[M260128]보티옥세틴브롬화수소산염","[01170]정신신경용제","단일",D000429,Moclobemide,"모클로베미드","","[M085249]모클로베미드","[01170]정신신경용제",20161230,"","","정상"
"병용금기","단일",D001010,Desvenlafaxine,"데스벤라팍신","","[A004571]데스벤라팍신","[01170]정신신경용제","단일",D000139,"Selegiline Hydrochloride","셀레길린염산염","","[M222864]셀레길린염산염","[01190]기타의 중추신경용약",20161230,"","","정상"
"병용금기","단일",D001010,Desvenlafaxine,"데스벤라팍신","","[A004571]데스벤라팍신","[01170]정신신경용제","단일",D000429,Moclobemide,"모클로베미드","","[M085249]모클로베미드","[01170]정신신경용제",20161230,"","","정상"
"병용금기","복합",D000665,Emtricitabine,"엠트리시타빈","[D000281]Tenofovir(테노포비르)/[D000225]Rilpivirine(릴피비린)","[M250026]엠트리시타빈/[A001163]테노포비르/[A005225]릴피비린/[M253921]릴피비린염산염","[06290]기타의 화학요법제","단일",D000447,"St. Johns Wort","세인트존스워트","","[M220509]세인트존스워트/[M248295]세인트존스워트80%메탄올엑스/[M255952]세인트존스워트50%에탄올엑스/[M256845]세인트존스워트틴크D2/[M258013]세인트존스워트80%메탄올건조엑스","[01190]기타의 중추신경용약",20161230,"","","정상"
"병용금기","복합",D000665,Emtricitabine,"엠트리시타빈","[D000281]Tenofovir(테노포비르)/[D000225]Rilpivirine(릴피비린)","[M250026]엠트리시타빈/[A001163]테노포비르/[A005225]릴피비린/[M253921]릴피비린염산염","[07190]기타의 조제용약/[06290]기타의 화학요법제/[06290]기타의 화학요법제","단일",D000314,Rifampicin,"리팜피신","","[M020042]리팜피신","[06130]주로 항산성균에 작용하는 것",20161230,"","","정상"
"병용금기","복합",D000665,Emtricitabine,"엠트리시타빈","[D000281]Tenofovir(테노포비르)/[D000225]Rilpivirine(릴피비린)","[M250026]엠트리시타빈/[A001163]테노포비르/[A005225]릴피비린/[M253921]릴피비린염산염","[07190]기타의 조제용약/[06290]기타의 화학요법제/[06290]기타의 화학요법제","단일",D000301,Revaprazan,"레바프라잔","","[M102535]레바프라잔/[M261872]레바프라잔염산염","[02320]소화성궤양용제",20161230,"","","정상"
"병용금기","복합",D000665,Emtricitabine,"엠트리시타빈","[D000281]Tenofovir(테노포비르)/[D000225]Rilpivirine(릴피비린)","[M250026]엠트리시타빈/[A001163]테노포비르/[A005225]릴피비린/[M253921]릴피비린염산염","[07190]기타의 조제용약/[06290]기타의 화학요법제/[06290]기타의 화학요법제","단일",D000204,Rabeprazole,"라베프라졸","","[M089852]라베프라졸나트륨","[02320]소화성궤양용제",20161230,"","","정상"
"병용금기","복합",D000665,Emtricitabine,"엠트리시타빈","[D000281]Tenofovir(테노포비르)/[D000225]Rilpivirine(릴피비린)","[M250026]엠트리시타빈/[A001163]테노포비르/[A005225]릴피비린/[M253921]릴피비린염산염","[07190]기타의 조제용약/[06290]기타의 화학요법제/[06290]기타의 화학요법제","단일",D000595,Phenytoin,"페니토인","","[M051706]페니토인/[M051707]페니토인나트륨","[01130]항전간제",20161230,"","","정상"
"병용금기","복합",D000665,Emtricitabine,"엠트리시타빈","[D000281]Tenofovir(테노포비르)/[D000225]Rilpivirine(릴피비린)","[M250026]엠트리시타빈/[A001163]테노포비르/[A005225]릴피비린/[M253921]릴피비린염산염","[07190]기타의 조제용약/[06290]기타의 화학요법제/[06290]기타의 화학요법제","단일",D000282,Phenobarbital,"페노바르비탈","","[M040685]페노바르비탈/[M217088]페노바르비탈나트륨","[01120]최면진정제",20161230,"","","정상"
"병용금기","복합",D000665,Emtricitabine,"엠트리시타빈","[D000281]Tenofovir(테노포비르)/[D000225]Rilpivirine(릴피비린)","[M250026]엠트리시타빈/[A001163]테노포비르/[A005225]릴피비린/[M253921]릴피비린염산염","[07190]기타의 조제용약/[06290]기타의 화학요법제/[06290]기타의 화학요법제","단일",D000751,S-Pantoprazole,"에스판토프라졸","","[M115229]S-판토프라졸나트륨삼수화물","[02320]소화성궤양용제",20161230,"","","정상"
"병용금기","단일",D000444,Boceprevir,"보세프레비르","","[M259779]보세프레비르","[03910]간장질환용제","단일",D001030,Alfuzosin,"알푸조신","","[M085821]염산알푸조신/[M222874]알푸조신염산염","[02590]기타의 비뇨생식기관 및 항문용약",20161230,"","","삭제"
"병용금기","단일",D000444,Boceprevir,"보세프레비르","","[M259779]보세프레비르","[03910]간장질환용제","단일",D001031,Naftopidil,"나프토피딜","","[M252062]나프토피딜/[M252063]나프토피딜","[02590]기타의 비뇨생식기관 및 항문용약",20161230,"","","삭제"
"병용금기","단일",D000444,Boceprevir,"보세프레비르","","[M259779]보세프레비르","[03910]간장질환용제","단일",D001032,Tamsulosin,"탐스로신","","[M085770]탐스로신서방립/[M099145]염산탐스로신/[M241531]탐스로신염산염/[M243979]탐스로신염산염","[02590]기타의 비뇨생식기관 및 항문용약",20161230,"","","삭제"
"병용금기","단일",D000215,Nitroglycerin,"니트로글리세린","","[M088774]희석니트로글리세린/[M094010]5%니트로글리세린무수에탄올액/[M104103]희석된니트로글리세린/[M104323]희석된니트로글리세린(니트로글리세린2%유당)/[M214344]희석힌니트로글리세린용액/[M257143]묽은니트로글리세린","[02170]혈관확장제/[02560]치질용제","단일",D000202,Dihydroergotamine,"디히드로에르고타민","","[M086240]디히드로에르고타민메실레이트","[01140]해열.진통.소염제",20171106,"맥각독성(말초허혈, 감각이상, 구역, 구토) 위험 증가","소생 등의 위급상황 제외","정상"
"병용금기","단일",D000215,Nitroglycerin,"니트로글리세린","","[M088774]희석니트로글리세린/[M094010]5%니트로글리세린무수에탄올액/[M104103]희석된니트로글리세린/[M104323]희석된니트로글리세린(니트로글리세린2%유당)/[M214344]희석힌니트로글리세린용액/[M257143]묽은니트로글리세린","[02170]혈관확장제/[02560]치질용제","복합",D000747,Ergotamine,"에르고타민","[D000852]Caffeine(카페인)","[M040398]주석산에르고타민/[M223126]에르고타민타르타르산염/[M040579]카페인(함수)/[M040580]무수카페인/[M090611]카페인/[M223183]카페인무수물/[M223184]카페인수화물/[M241017]무수물카페인","[01140]해열.진통.소염제",20171106,"맥각독성(말초허혈, 감각이상, 구역, 구토) 위험 증가","소생 등의 위급상황 제외","정상"
"병용금기","단일",D000215,Nitroglycerin,"니트로글리세린","","[M088774]희석니트로글리세린/[M094010]5%니트로글리세린무수에탄올액/[M104103]희석된니트로글리세린/[M104323]희석된니트로글리세린(니트로글리세린2%유당)/[M214344]희석힌니트로글리세린용액/[M257143]묽은니트로글리세린","[02170]혈관확장제/[02560]치질용제","단일",D001073,Riociguat,"리오시구앗","","[M259695]리오시구앗(미분화)","[02140]혈압강하제",20171106,"혈압강하작용 증가","소생 등의 위급상황 제외","정상"
"병용금기","단일",D000737,Avanafil,"아바나필","","[M252563]아바나필","[02590]기타의 비뇨생식기관 및 항문용약","단일",D001073,Riociguat,"리오시구앗","","[M259695]리오시구앗(미분화)","[02140]혈압강하제",20171106,"Guanylate cyclase 자극제의 혈압강하작용 증가","","정상"
"병용금기","단일",D000128,Mirodenafil,"미로데나필","","[M214384]염산미로데나필/[M253534]미로데나필","[02590]기타의 비뇨생식기관 및 항문용약","단일",D001073,Riociguat,"리오시구앗","","[M259695]리오시구앗(미분화)","[02140]혈압강하제",20171106,"Guanylate cyclase 자극제의 혈압강하작용 증가","","정상"
"병용금기","단일",D000246,Sildenafil,"실데나필","","[M089346]구연산실데나필/[M252789]실데나필시트르산염/[M253237]실데나필","[02140]혈압강하제/[02590]기타의 비뇨생식기관 및 항문용약","단일",D001073,Riociguat,"리오시구앗","","[M259695]리오시구앗(미분화)","[02140]혈압강하제",20171106,"Guanylate cyclase 자극제의 혈압강하작용 증가","","정상"
"병용금기","단일",D000181,Tadalafil,"타다라필","","[M095435]타다라필","[02590]기타의 비뇨생식기관 및 항문용약","단일",D001073,Riociguat,"리오시구앗","","[M259695]리오시구앗(미분화)","[02140]혈압강하제",20171106,"Guanylate cyclase 자극제의 혈압강하작용 증가","","정상"
"병용금기","단일",D000569,Udenafil,"유데나필","","[M102602]유데나필","[02590]기타의 비뇨생식기관 및 항문용약","단일",D001073,Riociguat,"리오시구앗","","[M259695]리오시구앗(미분화)","[02140]혈압강하제",20171106,"Guanylate cyclase 자극제의 혈압강하작용 증가","","정상"
"병용금기","단일",D000434,Vardenafil,"바데나필","","[M252262]바데나필염산염(미분화)","[02590]기타의 비뇨생식기관 및 항문용약","단일",D001073,Riociguat,"리오시구앗","","[M259695]리오시구앗(미분화)","[02140]혈압강하제",20171106,"Guanylate cyclase 자극제의 혈압강하작용 증가","","정상"
"병용금기","단일",D000200,Dextromethorphan,"덱스트로메토르판","","[M040084]브롬화수소산덱스트로메토르판/[M202983]덱스트로메토르판브롬화수소산염/[M222957]덱스트로메토르판브롬화수소산염수화물","[02220]진해거담제","단일",D000698,Rasagiline,"라사길린","","[M257939]라사길린메실산염","[01190]기타의 중추신경용약",20171106,"경련, 반사항진, 이상고열, 혼수 등","","정상"
"병용금기","단일",D000155,Ephedrine,"에페드린","","[M040420]염산에페드린/[M223155]에페드린염산염","[02220]진해거담제","복합",D000747,Ergotamine,"에르고타민","[D000852]Caffeine(카페인)","[M040398]주석산에르고타민/[M223126]에르고타민타르타르산염/[M040579]카페인(함수)/[M040580]무수카페인/[M090611]카페인/[M223183]카페인무수물/[M223184]카페인수화물/[M241017]무수물카페인","[01140]해열.진통.소염제",20171106,"혈관수축 및 혈압상승효과를 증가시킴","","정상"
"병용금기","단일",D000155,Ephedrine,"에페드린","","[M040420]염산에페드린/[M223155]에페드린염산염","[02220]진해거담제","단일",D000202,Dihydroergotamine,"디히드로에르고타민","","[M086240]디히드로에르고타민메실레이트","[01140]해열.진통.소염제",20171106,"혈관수축 및 혈압상승효과를 증가시킴","","정상"
"병용금기","단일",D000213,Pimozide,"피모짓","","[M071691]피모짓","[01170]정신신경용제","복합",D000673,Cobicistat,"코비시스타트","[D000561]Elvitegravir(엘비테그라비르)/[D000665]Emtricitabine(엠트리시타빈)/[D000281]Tenofovir(테노포비르)","[M256270]코비시스타트이산화규소/[A005561]엘비테그라비르/[M250026]엠트리시타빈/[A001163]테노포비르","[06290]기타의 화학요법제",20171106,"QT연장 및 심실성부정맥 유발 가능","","정상"
"병용금기","단일",D000213,Pimozide,"피모짓","","[M071691]피모짓","[01170]정신신경용제","복합",D000673,Cobicistat,"코비시스타트","[D000150]Atazanavir(아타자나비르)","[M256270]코비시스타트이산화규소/[M249264]아타자나비어황산염/[M263079]아타자나비르황산염","[06290]기타의 화학요법제",20171106,"QT연장 및 심실성부정맥 유발 가능","","정상"
"병용금기","단일",D000213,Pimozide,"피모짓","","[M071691]피모짓","[01170]정신신경용제","복합",D000673,Cobicistat,"코비시스타트","[D000395]Darunavir(다루나비르)","[M256270]코비시스타트이산화규소/[M258751]다루나비르에탄올레이트","[06290]기타의 화학요법제",20171106,"QT연장 및 심실성부정맥 유발 가능","","정상"
"병용금기","단일",D000213,Pimozide,"피모짓","","[M071691]피모짓","[01170]정신신경용제","단일",D000395,Darunavir,"다루나비르","","[M258751]다루나비르에탄올레이트","[06290]기타의 화학요법제",20171106,"QT연장 및 심실성부정맥 유발 가능","","정상"
"병용금기","단일",D000213,Pimozide,"피모짓","","[M071691]피모짓","[01170]정신신경용제","단일",D000763,Indinavir,"인디나빌","","[M239870]인디나빌황산염","[06290]기타의 화학요법제",20171106,"QT연장 및 심실성부정맥 유발 가능","","정상"
"병용금기","단일",D000213,Pimozide,"피모짓","","[M071691]피모짓","[01170]정신신경용제","단일",D000003,Nelfinavir,"넬피나비어","","[M088546]메실산넬피나비어","[06290]기타의 화학요법제",20171106,"QT연장 및 심실성부정맥 유발 가능","","정상"
"병용금기","단일",D000213,Pimozide,"피모짓","","[M071691]피모짓","[01170]정신신경용제","단일",D000517,Fluconazole,"플루코나졸","","[M084154]플루코나졸","[06290]기타의 화학요법제",20171106,"QT연장 및 심실성부정맥 유발 가능","","정상"
"병용금기","단일",D000027,Simvastatin,"심바스타틴","","[M089710]심바스타틴","[02180]동맥경화용제","단일",D000619,"Fusidic Acid","푸시딘산","","[M020165]푸시딘산나트륨/[M020229]푸시딘산","[06110]주로 그람양성균에 작용하는 것",20171106,"근육병증의 위험 증가 가능","","정상"
"병용금기","복합",D000027,Simvastatin,"심바스타틴","[D000350]Ezetimibe(에제티미브)","[M089710]심바스타틴/[M097492]에제티미브","[02180]동맥경화용제","단일",D000619,"Fusidic Acid","푸시딘산","","[M020165]푸시딘산나트륨/[M020229]푸시딘산","[06110]주로 그람양성균에 작용하는 것",20171106,"근육병증의 위험 증가 가능","","정상"
"병용금기","복합",D000027,Simvastatin,"심바스타틴","[D000350]Ezetimibe(에제티미브)","[M089710]심바스타틴/[M097492]에제티미브","[02180]동맥경화용제","단일",D000373,Clarithromycin,"클래리트로마이신","","[M085725]클래리스로마이신/[M087123]클래리스로마이신코팅입자/[M102127]클래리스로마이신제피과립/[M222887]클래리트로마이신/[M223198]클래리트로마이신/[M245961]클래리트로마이신제피과립/[M256483]클래리트로마이신제피과립(42%)","[06190]기타의 항생물질제제(복합항생물질제제를 포함)",20171106,"근육병증의 위험 증가 가능","","정상"
"병용금기","복합",D000027,Simvastatin,"심바스타틴","[D000350]Ezetimibe(에제티미브)","[M089710]심바스타틴/[M097492]에제티미브","[02180]동맥경화용제","단일",D000405,Posaconazole,"포사코나졸","","[M256381]포사코나졸(미분화)","[06290]기타의 화학요법제",20171106,"근육병증의 위험 증가 가능","","정상"
"병용금기","복합",D000027,Simvastatin,"심바스타틴","[D000350]Ezetimibe(에제티미브)","[M089710]심바스타틴/[M097492]에제티미브","[02180]동맥경화용제","단일",D000712,Ritonavir,"리토나비르","","[M259362]리토나비르","[06290]기타의 화학요법제",20171106,"근육병증의 위험 증가 가능","","정상"
"병용금기","복합",D000027,Simvastatin,"심바스타틴","[D000686]Fenofibrate(페노피브레이트)","[M089710]심바스타틴/[M051799]페노피브레이트/[M092604]미세화페노피브레이트/[M095127]페노피브레이트펠렛/[M096854]미세화페노피브레이트구형과립/[M099150]페노피브레이트펠렛타입/[M099756]미세화페노피브레이트혼합분말/[M255612]페노피브릭산/[M256159]페노피브레이트콜린/[M257159]페노피브레이트 과립(미분화)/[M260738]페노피브레이트(미분화)","[02180]동맥경화용제","단일",D000373,Clarithromycin,"클래리트로마이신","","[M085725]클래리스로마이신/[M087123]클래리스로마이신코팅입자/[M102127]클래리스로마이신제피과립/[M222887]클래리트로마이신/[M223198]클래리트로마이신/[M245961]클래리트로마이신제피과립/[M256483]클래리트로마이신제피과립(42%)","[06190]기타의 항생물질제제(복합항생물질제제를 포함)",20171106,"근육병증의 위험 증가 가능","","정상"
"병용금기","복합",D000027,Simvastatin,"심바스타틴","[D000686]Fenofibrate(페노피브레이트)","[M089710]심바스타틴/[M051799]페노피브레이트/[M092604]미세화페노피브레이트/[M095127]페노피브레이트펠렛/[M096854]미세화페노피브레이트구형과립/[M099150]페노피브레이트펠렛타입/[M099756]미세화페노피브레이트혼합분말/[M255612]페노피브릭산/[M256159]페노피브레이트콜린/[M257159]페노피브레이트 과립(미분화)/[M260738]페노피브레이트(미분화)","[02180]동맥경화용제","단일",D000405,Posaconazole,"포사코나졸","","[M256381]포사코나졸(미분화)","[06290]기타의 화학요법제",20171106,"근육병증의 위험 증가 가능","","정상"
"병용금기","복합",D000027,Simvastatin,"심바스타틴","[D000686]Fenofibrate(페노피브레이트)","[M089710]심바스타틴/[M051799]페노피브레이트/[M092604]미세화페노피브레이트/[M095127]페노피브레이트펠렛/[M096854]미세화페노피브레이트구형과립/[M099150]페노피브레이트펠렛타입/[M099756]미세화페노피브레이트혼합분말/[M255612]페노피브릭산/[M256159]페노피브레이트콜린/[M257159]페노피브레이트 과립(미분화)/[M260738]페노피브레이트(미분화)","[02180]동맥경화용제","단일",D000712,Ritonavir,"리토나비르","","[M259362]리토나비르","[06290]기타의 화학요법제",20171106,"근육병증의 위험 증가 가능","","정상"
"병용금기","복합",D000027,Simvastatin,"심바스타틴","[D000686]Fenofibrate(페노피브레이트)","[M089710]심바스타틴/[M051799]페노피브레이트/[M092604]미세화페노피브레이트/[M095127]페노피브레이트펠렛/[M096854]미세화페노피브레이트구형과립/[M099150]페노피브레이트펠렛타입/[M099756]미세화페노피브레이트혼합분말/[M255612]페노피브릭산/[M256159]페노피브레이트콜린/[M257159]페노피브레이트 과립(미분화)/[M260738]페노피브레이트(미분화)","[02180]동맥경화용제","단일",D000619,"Fusidic Acid","푸시딘산","","[M020165]푸시딘산나트륨/[M020229]푸시딘산","[06110]주로 그람양성균에 작용하는 것",20171106,"근육병증의 위험 증가 가능","","정상"
"병용금기","단일",D000447,"St. Johns Wort","세인트존스워트","","[M220509]세인트존스워트/[M248295]세인트존스워트80%메탄올엑스/[M255952]세인트존스워트50%에탄올엑스/[M256845]세인트존스워트틴크D2/[M258013]세인트존스워트80%메탄올건조엑스","[01190]기타의 중추신경용약","복합",D000654,Abacavir,"아바카비르","[D000615]Lamivudine(라미부딘)/[D000986]Dolutegravir(돌루테그라비르)","[I012292]아바카비르황산염/[M262968]아바카비르황산염/[M086332]라미부딘/[I012655]돌루테그라비르나트륨(미분화)","[06290]기타의 화학요법제",20171106,"병용 시 항바이러스 약의 치료효과가 떨어지고 내성 발현 가능","","정상"
"병용금기","단일",D000447,"St. Johns Wort","세인트존스워트","","[M220509]세인트존스워트/[M248295]세인트존스워트80%메탄올엑스/[M255952]세인트존스워트50%에탄올엑스/[M256845]세인트존스워트틴크D2/[M258013]세인트존스워트80%메탄올건조엑스","[01190]기타의 중추신경용약","단일",D000558,Efavirenz,"에파비렌즈","","[M088675]에파비렌즈","[06290]기타의 화학요법제",20171106,"병용 시 항바이러스 약의 치료효과가 떨어지고 내성 발현 가능","","정상"
"병용금기","단일",D000447,"St. Johns Wort","세인트존스워트","","[M220509]세인트존스워트/[M248295]세인트존스워트80%메탄올엑스/[M255952]세인트존스워트50%에탄올엑스/[M256845]세인트존스워트틴크D2/[M258013]세인트존스워트80%메탄올건조엑스","[01190]기타의 중추신경용약","단일",D001074,Nevirapine,"네비라핀","","[I002518]네비라핀/[I009520]네비라핀반수화물/[M088529]무수네비라핀/[M094375]반수네비라핀/[M200179]네비라핀/[M200180]네비라핀반수화물","[06290]기타의 화학요법제",20171106,"병용 시 항바이러스 약의 치료효과가 떨어지고 내성 발현 가능","","정상"
"병용금기","단일",D000447,"St. Johns Wort","세인트존스워트","","[M220509]세인트존스워트/[M248295]세인트존스워트80%메탄올엑스/[M255952]세인트존스워트50%에탄올엑스/[M256845]세인트존스워트틴크D2/[M258013]세인트존스워트80%메탄올건조엑스","[01190]기타의 중추신경용약","단일",D000763,Indinavir,"인디나빌","","[M239870]인디나빌황산염","[06290]기타의 화학요법제",20171106,"병용 시 항바이러스 약의 치료효과가 떨어지고 내성 발현 가능","","정상"
"병용금기","단일",D000447,"St. Johns Wort","세인트존스워트","","[M220509]세인트존스워트/[M248295]세인트존스워트80%메탄올엑스/[M255952]세인트존스워트50%에탄올엑스/[M256845]세인트존스워트틴크D2/[M258013]세인트존스워트80%메탄올건조엑스","[01190]기타의 중추신경용약","단일",D000003,Nelfinavir,"넬피나비어","","[M088546]메실산넬피나비어","[06290]기타의 화학요법제",20171106,"병용 시 항바이러스 약의 치료효과가 떨어지고 내성 발현 가능","","정상"
"병용금기","단일",D000447,"St. Johns Wort","세인트존스워트","","[M220509]세인트존스워트/[M248295]세인트존스워트80%메탄올엑스/[M255952]세인트존스워트50%에탄올엑스/[M256845]세인트존스워트틴크D2/[M258013]세인트존스워트80%메탄올건조엑스","[01190]기타의 중추신경용약","단일",D000712,Ritonavir,"리토나비르","","[M259362]리토나비르","[06290]기타의 화학요법제",20171106,"병용 시 항바이러스 약의 치료효과가 떨어지고 내성 발현 가능","","정상"
"병용금기","단일",D000447,"St. Johns Wort","세인트존스워트","","[M220509]세인트존스워트/[M248295]세인트존스워트80%메탄올엑스/[M255952]세인트존스워트50%에탄올엑스/[M256845]세인트존스워트틴크D2/[M258013]세인트존스워트80%메탄올건조엑스","[01190]기타의 중추신경용약","복합",D000712,Ritonavir,"리토나비르","[D000626]Lopinavir(로피나비르)","[M259362]리토나비르/[M259361]로피나비르","[06290]기타의 화학요법제",20171106,"병용 시 항바이러스 약의 치료효과가 떨어지고 내성 발현 가능","","정상"
"병용금기","단일",D001075,Asunaprevir,"아수나프레비르","","[I012690]아수나프레비르","[06290]기타의 화학요법제","단일",D000150,Atazanavir,"아타자나비르","","[M249264]아타자나비어황산염/[M263079]아타자나비르황산염","[06290]기타의 화학요법제",20171106,"아수나프레비르의 농도 상승으로 인하여 심각하나 간 관련 이상반응의 발생 가능성을 증가시킬 수 있음","","정상"
"병용금기","단일",D001075,Asunaprevir,"아수나프레비르","","[I012690]아수나프레비르","[06290]기타의 화학요법제","단일",D000444,Boceprevir,"보세프레비르","","[M259779]보세프레비르","[03910]간장질환용제",20171106,"아수나프레비르의 농도 상승으로 인하여 심각하나 간 관련 이상반응의 발생 가능성을 증가시킬 수 있음","","정상"
"병용금기","단일",D001075,Asunaprevir,"아수나프레비르","","[I012690]아수나프레비르","[06290]기타의 화학요법제","단일",D000015,Bosentan,"보센탄","","[M102733]보센탄수화물","[02140]혈압강하제",20171106,"아수나프레비르에 대한 바이러스 반응의 소실을 유발 가능","","정상"
"병용금기","단일",D001075,Asunaprevir,"아수나프레비르","","[I012690]아수나프레비르","[06290]기타의 화학요법제","단일",D000476,Carbamazepine,"카르바마제핀","","[M040569]카르바마제핀/[M201734]카바마제핀","[01130]항전간제",20171106,"아수나프레비르에 대한 바이러스 반응의 소실을 유발 가능","","정상"
"병용금기","단일",D001075,Asunaprevir,"아수나프레비르","","[I012690]아수나프레비르","[06290]기타의 화학요법제","단일",D001076,Ceritinib,"세리티닙","","[M261400]세리티닙","[04210]항악성종양제",20171106,"아수나프레비르의 농도 상승으로 인하여 심각하나 간 관련 이상반응의 발생 가능성을 증가시킬 수 있음","","정상"
"병용금기","단일",D001075,Asunaprevir,"아수나프레비르","","[I012690]아수나프레비르","[06290]기타의 화학요법제","단일",D000373,Clarithromycin,"클래리트로마이신","","[M085725]클래리스로마이신/[M087123]클래리스로마이신코팅입자/[M102127]클래리스로마이신제피과립/[M222887]클래리트로마이신/[M223198]클래리트로마이신/[M245961]클래리트로마이신제피과립/[M256483]클래리트로마이신제피과립(42%)","[06190]기타의 항생물질제제(복합항생물질제제를 포함)",20171106,"아수나프레비르의 농도 상승으로 인하여 심각하나 간 관련 이상반응의 발생 가능성을 증가시킬 수 있음","","정상"
"병용금기","단일",D001075,Asunaprevir,"아수나프레비르","","[I012690]아수나프레비르","[06290]기타의 화학요법제","복합",D000673,Cobicistat,"코비시스타트","[D000561]Elvitegravir(엘비테그라비르)/[D000665]Emtricitabine(엠트리시타빈)/[D000281]Tenofovir(테노포비르)","[M256270]코비시스타트이산화규소/[A005561]엘비테그라비르/[M250026]엠트리시타빈/[A001163]테노포비르","[06290]기타의 화학요법제",20171106,"아수나프레비르의 농도 상승으로 인하여 심각하나 간 관련 이상반응의 발생 가능성을 증가시킬 수 있음","","정상"
"병용금기","단일",D001075,Asunaprevir,"아수나프레비르","","[I012690]아수나프레비르","[06290]기타의 화학요법제","복합",D000673,Cobicistat,"코비시스타트","[D000150]Atazanavir(아타자나비르)","[M256270]코비시스타트이산화규소/[M249264]아타자나비어황산염/[M263079]아타자나비르황산염","[06290]기타의 화학요법제",20171106,"아수나프레비르의 농도 상승으로 인하여 심각하나 간 관련 이상반응의 발생 가능성을 증가시킬 수 있음","","정상"
"병용금기","단일",D001075,Asunaprevir,"아수나프레비르","","[I012690]아수나프레비르","[06290]기타의 화학요법제","복합",D000673,Cobicistat,"코비시스타트","[D000395]Darunavir(다루나비르)","[M256270]코비시스타트이산화규소/[M258751]다루나비르에탄올레이트","[06290]기타의 화학요법제",20171106,"아수나프레비르의 농도 상승으로 인하여 심각하나 간 관련 이상반응의 발생 가능성을 증가시킬 수 있음","","정상"
"병용금기","단일",D001075,Asunaprevir,"아수나프레비르","","[I012690]아수나프레비르","[06290]기타의 화학요법제","단일",D000674,Crizotinib,"크리조티닙","","[M253698]크리조티닙","[04210]항악성종양제",20171106,"아수나프레비르의 농도 상승으로 인하여 심각하나 간 관련 이상반응의 발생 가능성을 증가시킬 수 있음","","정상"
"병용금기","단일",D001075,Asunaprevir,"아수나프레비르","","[I012690]아수나프레비르","[06290]기타의 화학요법제","단일",D001077,Cyclosporine,"사이클로스포린","","","[01310]안과용제/[01420]자격요법제(비특이성면역억제제를 포함)",20171106,"아수나프레비르에 대한 바이러스 반응의 소실을 유발 가능","","삭제"
"병용금기","단일",D001075,Asunaprevir,"아수나프레비르","","[I012690]아수나프레비르","[06290]기타의 화학요법제","단일",D001078,Dabrafenib,"다브라페닙","","[M260368]다브라페닙메실산염(미분화)/[M266849]다브라페닙메실산염","[04210]항악성종양제",20171106,"아수나프레비르에 대한 바이러스 반응의 소실을 유발 가능","","정상"
"병용금기","단일",D001075,Asunaprevir,"아수나프레비르","","[I012690]아수나프레비르","[06290]기타의 화학요법제","단일",D000395,Darunavir,"다루나비르","","[M258751]다루나비르에탄올레이트","[06290]기타의 화학요법제",20171106,"아수나프레비르의 농도 상승으로 인하여 심각하나 간 관련 이상반응의 발생 가능성을 증가시킬 수 있음","","정상"
"병용금기","단일",D001075,Asunaprevir,"아수나프레비르","","[I012690]아수나프레비르","[06290]기타의 화학요법제","단일",D000199,Dexamethasone,"덱사메타손","","[M040080]덱사메타손/[M050208]인산덱사메타손/[M082700]덱사메타손인산나트륨/[M085432]디나트륨인산덱사메타손/[M222954]덱사메타손디나트륨인산염/[M256848]덱사메타손포스페이트이나트륨/[M258481]덱사메타손팔미테이트/[M260226]덱사메타손시페실레이트/[M260415]덱사메타손시페실레이트(미분화)","[01140]해열.진통.소염제/[01310]안과용제/[01320]이비과용제/[02310]치과구강용약/[02450]부신호르몬제/[02640]진통.진양.수렴.소염제",20171106,"아수나프레비르에 대한 바이러스 반응의 소실을 유발 가능","","정상"
"병용금기","단일",D001075,Asunaprevir,"아수나프레비르","","[I012690]아수나프레비르","[06290]기타의 화학요법제","단일",D000818,Diltiazem,"딜티아젬","","[M080266]염산딜티아젬/[M081095]딜티아젬아시딕폴리머콤플렉스/[M085036]염산딜티아젬60밀리그람서방형삼층정3정/[M088241]염산딜티아젬서방형입자/[M089288]염산딜티아젬서방성과립/[M222982]딜티아젬염산염","[02170]혈관확장제",20171106,"아수나프레비르의 농도 상승으로 인하여 심각하나 간 관련 이상반응의 발생 가능성을 증가시킬 수 있음","","정상"
"병용금기","단일",D001075,Asunaprevir,"아수나프레비르","","[I012690]아수나프레비르","[06290]기타의 화학요법제","단일",D000201,Dronedarone,"드로네다론","","[M249412]드로네다론염산염","[02120]부정맥용제",20171106,"아수나프레비르의 농도 상승으로 인하여 심각하나 간 관련 이상반응의 발생 가능성을 증가시킬 수 있음","","정상"
"병용금기","단일",D001075,Asunaprevir,"아수나프레비르","","[I012690]아수나프레비르","[06290]기타의 화학요법제","단일",D000558,Efavirenz,"에파비렌즈","","[M088675]에파비렌즈","[06290]기타의 화학요법제",20171106,"아수나프레비르에 대한 바이러스 반응의 소실을 유발 가능","","정상"
"병용금기","단일",D001075,Asunaprevir,"아수나프레비르","","[I012690]아수나프레비르","[06290]기타의 화학요법제","단일",D001079,Enzalutamide,"엔잘루타마이드","","[M257255]엔잘루타마이드","[04210]항악성종양제",20171106,"아수나프레비르에 대한 바이러스 반응의 소실을 유발 가능","","정상"
"병용금기","단일",D001075,Asunaprevir,"아수나프레비르","","[I012690]아수나프레비르","[06290]기타의 화학요법제","단일",D000256,Erythromycin,"에리트로마이신","","[M020095]에리스로마이신/[M020096]락토비온산에리스로마이신/[M020099]에리스로마이신에스톨레이트/[M020201]프로피온산에리스로마이신/[M223129]에리트로마이신/[M223130]에리트로마이신스테아르산염/[M223131]에리트로마이신에스톨산염/[M223132]에리트로마이신에틸숙시네이트/[M251863]에리트로마이신락토비온산염/[M256206]에리트로마이신 장용피입자/[M257644]에리트로마이신스티노프레이트","[06140]주로 그람양성균, 리케치아, 비루스에 작용하는 것/[06150]주로 그람양성, 음성균, 리케치아, 비루스에 작용하는 것",20171106,"아수나프레비르의 농도 상승으로 인하여 심각하나 간 관련 이상반응의 발생 가능성을 증가시킬 수 있음","","정상"
"병용금기","단일",D001075,Asunaprevir,"아수나프레비르","","[I012690]아수나프레비르","[06290]기타의 화학요법제","단일",D000036,Etravirine,"에트라비린","","[M236272]에트라비린","[06290]기타의 화학요법제",20171106,"아수나프레비르에 대한 바이러스 반응의 소실을 유발 가능","","정상"
"병용금기","단일",D001075,Asunaprevir,"아수나프레비르","","[I012690]아수나프레비르","[06290]기타의 화학요법제","단일",D000212,"Flecainide Acetate","플레카이니드아세테이트","","[M201704]초산플레카이니드/[M239215]플레카이니드아세테이트/[M257171]플레카이니드아세트산염","[02120]부정맥용제",20171106,"아수나프레비르 농도상승으로 인하여 심장 부정맥을 유발할 수 있음","","정상"
"병용금기","단일",D001075,Asunaprevir,"아수나프레비르","","[I012690]아수나프레비르","[06290]기타의 화학요법제","단일",D000517,Fluconazole,"플루코나졸","","[M084154]플루코나졸","[06290]기타의 화학요법제",20171106,"아수나프레비르의 농도 상승으로 인하여 심각하나 간 관련 이상반응의 발생 가능성을 증가시킬 수 있음","","정상"
"병용금기","단일",D001075,Asunaprevir,"아수나프레비르","","[I012690]아수나프레비르","[06290]기타의 화학요법제","단일",D000209,Fosphenytoin,"포스페니토인","","[M235712]포스페니토인나트륨","[01130]항전간제",20171106,"아수나프레비르에 대한 바이러스 반응의 소실을 유발 가능","","정상"
"병용금기","단일",D001075,Asunaprevir,"아수나프레비르","","[I012690]아수나프레비르","[06290]기타의 화학요법제","단일",D000076,Gemfibrozil,"겜피브로질","","[M081453]겜피브로질","[02180]동맥경화용제",20171106,"아수나프레비르에 대한 바이러스 반응의 소실을 유발 가능","","정상"
"병용금기","단일",D001075,Asunaprevir,"아수나프레비르","","[I012690]아수나프레비르","[06290]기타의 화학요법제","단일",D000162,Imatinib,"이매티닙","","[M253530]이매티닙메실산염","[04210]항악성종양제",20171106,"아수나프레비르의 농도 상승으로 인하여 심각하나 간 관련 이상반응의 발생 가능성을 증가시킬 수 있음","","정상"
"병용금기","단일",D001075,Asunaprevir,"아수나프레비르","","[I012690]아수나프레비르","[06290]기타의 화학요법제","단일",D000763,Indinavir,"인디나빌","","[M239870]인디나빌황산염","[06290]기타의 화학요법제",20171106,"아수나프레비르의 농도 상승으로 인하여 심각하나 간 관련 이상반응의 발생 가능성을 증가시킬 수 있음","","정상"
"병용금기","단일",D001075,Asunaprevir,"아수나프레비르","","[I012690]아수나프레비르","[06290]기타의 화학요법제","단일",D000762,Itraconazole,"이트라코나졸","","[M083733]이트라코나졸제피과립/[M083734]이트라코나졸/[M092870]이트라코나졸고체분산체/[M201487]이트라코나졸고체분산/[M201624]제피이트라코나졸과립","[06290]기타의 화학요법제",20171106,"아수나프레비르의 농도 상승으로 인하여 심각하나 간 관련 이상반응의 발생 가능성을 증가시킬 수 있음","","정상"
"병용금기","단일",D001075,Asunaprevir,"아수나프레비르","","[I012690]아수나프레비르","[06290]기타의 화학요법제","단일",D000769,Ketoconazole,"케토코나졸","","[M080618]케토코나졸","[02650]기생성 피부질환용제/[06290]기타의 화학요법제/[06410]항원충제",20171106,"아수나프레비르의 농도 상승으로 인하여 심각하나 간 관련 이상반응의 발생 가능성을 증가시킬 수 있음","","정상"
"병용금기","단일",D001075,Asunaprevir,"아수나프레비르","","[I012690]아수나프레비르","[06290]기타의 화학요법제","복합",D000626,Lopinavir,"로피나비르","[D000712]Ritonavir(리토나비르)","[M259361]로피나비르/[M259362]리토나비르","[06290]기타의 화학요법제",20171106,"아수나프레비르의 농도 상승으로 인하여 심각하나 간 관련 이상반응의 발생 가능성을 증가시킬 수 있음","","정상"
"병용금기","단일",D001075,Asunaprevir,"아수나프레비르","","[I012690]아수나프레비르","[06290]기타의 화학요법제","단일",D000953,Mitotane,"미토테인","","[M095400]미토테인/[M200618]미토탄","[04210]항악성종양제",20171106,"아수나프레비르에 대한 바이러스 반응의 소실을 유발 가능","","정상"
"병용금기","단일",D001075,Asunaprevir,"아수나프레비르","","[I012690]아수나프레비르","[06290]기타의 화학요법제","단일",D000632,Modafinil,"모다피닐","","[M100572]모다피닐","[01190]기타의 중추신경용약",20171106,"아수나프레비르에 대한 바이러스 반응의 소실을 유발 가능","","정상"
"병용금기","단일",D001075,Asunaprevir,"아수나프레비르","","[I012690]아수나프레비르","[06290]기타의 화학요법제","단일",D001080,Nafcillin,"나프실린","","[I002439]나프실린나트륨/[M020005]나프실린나트륨/[M246137]나프실린나트륨·구연산나트륨/[M246292]나프실린나트륨·시트르산나트륨수화물/[M247945]나프실린","[06180]주로 그람양성, 음성균에 작용하는 것",20171106,"아수나프레비르에 대한 바이러스 반응의 소실을 유발 가능","","정상"
"병용금기","단일",D001075,Asunaprevir,"아수나프레비르","","[I012690]아수나프레비르","[06290]기타의 화학요법제","단일",D000003,Nelfinavir,"넬피나비어","","[M088546]메실산넬피나비어","[06290]기타의 화학요법제",20171106,"아수나프레비르의 농도 상승으로 인하여 심각하나 간 관련 이상반응의 발생 가능성을 증가시킬 수 있음","","정상"
"병용금기","단일",D001075,Asunaprevir,"아수나프레비르","","[I012690]아수나프레비르","[06290]기타의 화학요법제","단일",D001074,Nevirapine,"네비라핀","","[I002518]네비라핀/[I009520]네비라핀반수화물/[M088529]무수네비라핀/[M094375]반수네비라핀/[M200179]네비라핀/[M200180]네비라핀반수화물","[06290]기타의 화학요법제",20171106,"아수나프레비르에 대한 바이러스 반응의 소실을 유발 가능","","정상"
"병용금기","단일",D001075,Asunaprevir,"아수나프레비르","","[I012690]아수나프레비르","[06290]기타의 화학요법제","단일",D000608,Nilotinib,"닐로티닙","","[M249741]닐로티닙염산염일수화물","[04210]항악성종양제",20171106,"아수나프레비르의 농도 상승으로 인하여 심각하나 간 관련 이상반응의 발생 가능성을 증가시킬 수 있음","","정상"
"병용금기","단일",D001075,Asunaprevir,"아수나프레비르","","[I012690]아수나프레비르","[06290]기타의 화학요법제","단일",D000263,Oxcarbazepine,"옥스카르바제핀","","[M086765]옥스카르바제핀","[01130]항전간제",20171106,"아수나프레비르에 대한 바이러스 반응의 소실을 유발 가능","","정상"
"병용금기","단일",D001075,Asunaprevir,"아수나프레비르","","[I012690]아수나프레비르","[06290]기타의 화학요법제","단일",D000282,Phenobarbital,"페노바르비탈","","[M040685]페노바르비탈/[M217088]페노바르비탈나트륨","[01120]최면진정제",20171106,"아수나프레비르에 대한 바이러스 반응의 소실을 유발 가능","","정상"
"병용금기","단일",D001075,Asunaprevir,"아수나프레비르","","[I012690]아수나프레비르","[06290]기타의 화학요법제","단일",D000595,Phenytoin,"페니토인","","[M051706]페니토인/[M051707]페니토인나트륨","[01130]항전간제",20171106,"아수나프레비르에 대한 바이러스 반응의 소실을 유발 가능","","정상"
"병용금기","단일",D001075,Asunaprevir,"아수나프레비르","","[I012690]아수나프레비르","[06290]기타의 화학요법제","단일",D000405,Posaconazole,"포사코나졸","","[M256381]포사코나졸(미분화)","[06290]기타의 화학요법제",20171106,"아수나프레비르의 농도 상승으로 인하여 심각하나 간 관련 이상반응의 발생 가능성을 증가시킬 수 있음","","정상"
"병용금기","단일",D001075,Asunaprevir,"아수나프레비르","","[I012690]아수나프레비르","[06290]기타의 화학요법제","단일",D000103,Primidone,"프리미돈","","[M040736]프리미돈","[01130]항전간제",20171106,"아수나프레비르에 대한 바이러스 반응의 소실을 유발 가능","","정상"
"병용금기","단일",D001075,Asunaprevir,"아수나프레비르","","[I012690]아수나프레비르","[06290]기타의 화학요법제","단일",D000515,Propafenone,"프로파페논","","[M081415]염산프로파페논/[M222902]프로파페논염산염","[02120]부정맥용제",20171106,"아수나프레비르 농도상승으로 인하여 심장 부정맥을 유발할 수 있음","","정상"
"병용금기","단일",D001075,Asunaprevir,"아수나프레비르","","[I012690]아수나프레비르","[06290]기타의 화학요법제","단일",D001081,Rifabutin,"리파부틴","","[I003537]리파부틴/[M089091]리파부틴","[06130]주로 항산성균에 작용하는 것",20171106,"아수나프레비르에 대한 바이러스 반응의 소실을 유발 가능","","정상"
"병용금기","단일",D001075,Asunaprevir,"아수나프레비르","","[I012690]아수나프레비르","[06290]기타의 화학요법제","단일",D000314,Rifampicin,"리팜피신","","[M020042]리팜피신","[06130]주로 항산성균에 작용하는 것",20171106,"아수나프레비르에 대한 바이러스 반응의 소실을 유발 가능","","정상"
"병용금기","단일",D001075,Asunaprevir,"아수나프레비르","","[I012690]아수나프레비르","[06290]기타의 화학요법제","단일",D000712,Ritonavir,"리토나비르","","[M259362]리토나비르","[06290]기타의 화학요법제",20171106,"아수나프레비르의 농도 상승으로 인하여 심각하나 간 관련 이상반응의 발생 가능성을 증가시킬 수 있음","","정상"
"병용금기","단일",D001075,Asunaprevir,"아수나프레비르","","[I012690]아수나프레비르","[06290]기타의 화학요법제","단일",D001082,Sirolimus,"시롤리무스","","[I003725]시롤리무스/[M092290]시롤리머스/[M096307]시롤리무스/[M212252]시롤리무스분산용액/[M259798]시롤리무스분산용액/[M269901]시롤리무스","[01420]자격요법제(비특이성면역억제제를 포함)",20171106,"아수나프레비르에 대한 바이러스 반응의 소실을 유발 가능","","정상"
"병용금기","단일",D001075,Asunaprevir,"아수나프레비르","","[I012690]아수나프레비르","[06290]기타의 화학요법제","단일",D000447,"St. Johns Wort","세인트존스워트","","[M220509]세인트존스워트/[M248295]세인트존스워트80%메탄올엑스/[M255952]세인트존스워트50%에탄올엑스/[M256845]세인트존스워트틴크D2/[M258013]세인트존스워트80%메탄올건조엑스","[01190]기타의 중추신경용약",20171106,"아수나프레비르에 대한 바이러스 반응의 소실을 유발 가능","","정상"
"병용금기","단일",D001075,Asunaprevir,"아수나프레비르","","[I012690]아수나프레비르","[06290]기타의 화학요법제","단일",D000329,Verapamil,"베라파밀","","[M080637]염산베라파밀/[M203207]베라파밀염산염","[02170]혈관확장제",20171106,"아수나프레비르의 농도 상승으로 인하여 심각하나 간 관련 이상반응의 발생 가능성을 증가시킬 수 있음","","정상"
"병용금기","단일",D001075,Asunaprevir,"아수나프레비르","","[I012690]아수나프레비르","[06290]기타의 화학요법제","단일",D000443,Voriconazole,"보리코나졸","","[I005813]보리코나졸/[M102252]보리코나졸","[06290]기타의 화학요법제",20171106,"아수나프레비르의 농도 상승으로 인하여 심각하나 간 관련 이상반응의 발생 가능성을 증가시킬 수 있음","","정상"
"병용금기","단일",D001070,Daclatasvir,"다클라타스비르","","[I012691]다클라타스비르염산염","[06290]기타의 화학요법제","단일",D000259,Amiodarone,"아미오다론","","[A005259]아미오다론","[02120]부정맥용제",20171106,"중대한 증상성 서맥이 나타날 수 있음. 병용이 필요한 경우 심장 모니터링이  권장됨","","정상"
"병용금기","단일",D001070,Daclatasvir,"다클라타스비르","","[I012691]다클라타스비르염산염","[06290]기타의 화학요법제","단일",D000476,Carbamazepine,"카르바마제핀","","[M040569]카르바마제핀/[M201734]카바마제핀","[01130]항전간제",20171106,"다클라타스비르에 대한 바이러스 반응의 소실을 유발 가능","","정상"
"병용금기","단일",D001070,Daclatasvir,"다클라타스비르","","[I012691]다클라타스비르염산염","[06290]기타의 화학요법제","단일",D000199,Dexamethasone,"덱사메타손","","[M040080]덱사메타손/[M050208]인산덱사메타손/[M082700]덱사메타손인산나트륨/[M085432]디나트륨인산덱사메타손/[M222954]덱사메타손디나트륨인산염/[M256848]덱사메타손포스페이트이나트륨/[M258481]덱사메타손팔미테이트/[M260226]덱사메타손시페실레이트/[M260415]덱사메타손시페실레이트(미분화)","[01140]해열.진통.소염제/[01310]안과용제/[01320]이비과용제/[02310]치과구강용약/[02450]부신호르몬제/[02640]진통.진양.수렴.소염제",20171106,"다클라타스비르에 대한 바이러스 반응의 소실을 유발 가능","","정상"
"병용금기","단일",D001070,Daclatasvir,"다클라타스비르","","[I012691]다클라타스비르염산염","[06290]기타의 화학요법제","단일",D001079,Enzalutamide,"엔잘루타마이드","","[M257255]엔잘루타마이드","[04210]항악성종양제",20171106,"다클라타스비르에 대한 바이러스 반응의 소실을 유발 가능","","정상"
"병용금기","단일",D001070,Daclatasvir,"다클라타스비르","","[I012691]다클라타스비르염산염","[06290]기타의 화학요법제","단일",D000209,Fosphenytoin,"포스페니토인","","[M235712]포스페니토인나트륨","[01130]항전간제",20171106,"다클라타스비르에 대한 바이러스 반응의 소실을 유발 가능","","정상"
"병용금기","단일",D001070,Daclatasvir,"다클라타스비르","","[I012691]다클라타스비르염산염","[06290]기타의 화학요법제","단일",D000953,Mitotane,"미토테인","","[M095400]미토테인/[M200618]미토탄","[04210]항악성종양제",20171106,"다클라타스비르에 대한 바이러스 반응의 소실을 유발 가능","","정상"
"병용금기","단일",D001070,Daclatasvir,"다클라타스비르","","[I012691]다클라타스비르염산염","[06290]기타의 화학요법제","단일",D000263,Oxcarbazepine,"옥스카르바제핀","","[M086765]옥스카르바제핀","[01130]항전간제",20171106,"다클라타스비르에 대한 바이러스 반응의 소실을 유발 가능","","정상"
"병용금기","단일",D001070,Daclatasvir,"다클라타스비르","","[I012691]다클라타스비르염산염","[06290]기타의 화학요법제","단일",D000282,Phenobarbital,"페노바르비탈","","[M040685]페노바르비탈/[M217088]페노바르비탈나트륨","[01120]최면진정제",20171106,"다클라타스비르에 대한 바이러스 반응의 소실을 유발 가능","","정상"
"병용금기","단일",D001070,Daclatasvir,"다클라타스비르","","[I012691]다클라타스비르염산염","[06290]기타의 화학요법제","단일",D000595,Phenytoin,"페니토인","","[M051706]페니토인/[M051707]페니토인나트륨","[01130]항전간제",20171106,"다클라타스비르에 대한 바이러스 반응의 소실을 유발 가능","","정상"
"병용금기","단일",D001070,Daclatasvir,"다클라타스비르","","[I012691]다클라타스비르염산염","[06290]기타의 화학요법제","단일",D000103,Primidone,"프리미돈","","[M040736]프리미돈","[01130]항전간제",20171106,"다클라타스비르에 대한 바이러스 반응의 소실을 유발 가능","","정상"
"병용금기","단일",D001070,Daclatasvir,"다클라타스비르","","[I012691]다클라타스비르염산염","[06290]기타의 화학요법제","단일",D001081,Rifabutin,"리파부틴","","[I003537]리파부틴/[M089091]리파부틴","[06130]주로 항산성균에 작용하는 것",20171106,"다클라타스비르에 대한 바이러스 반응의 소실을 유발 가능","","정상"
"병용금기","단일",D001070,Daclatasvir,"다클라타스비르","","[I012691]다클라타스비르염산염","[06290]기타의 화학요법제","단일",D000314,Rifampicin,"리팜피신","","[M020042]리팜피신","[06130]주로 항산성균에 작용하는 것",20171106,"다클라타스비르에 대한 바이러스 반응의 소실을 유발 가능","","정상"
"병용금기","단일",D001070,Daclatasvir,"다클라타스비르","","[I012691]다클라타스비르염산염","[06290]기타의 화학요법제","단일",D000447,"St. Johns Wort","세인트존스워트","","[M220509]세인트존스워트/[M248295]세인트존스워트80%메탄올엑스/[M255952]세인트존스워트50%에탄올엑스/[M256845]세인트존스워트틴크D2/[M258013]세인트존스워트80%메탄올건조엑스","[01190]기타의 중추신경용약",20171106,"다클라타스비르에 대한 바이러스 반응의 소실을 유발 가능","","정상"
"병용금기","단일",D001071,Sofosbuvir,"소포스부비르","","[I012701]소포스부비르
/[M260784]소포스부비어/[M262752]소포스부비르","[06290]기타의 화학요법제","단일",D000259,Amiodarone,"아미오다론","","[A005259]아미오다론","[02120]부정맥용제",20171106,"중대한 증상성 서맥이 나타날 수 있음. 병용이 필요한 경우 심장 모니터링이  권장됨","","정상"
"병용금기","단일",D001071,Sofosbuvir,"소포스부비르","","[I012701]소포스부비르
/[M260784]소포스부비어/[M262752]소포스부비르","[06290]기타의 화학요법제","단일",D000476,Carbamazepine,"카르바마제핀","","[M040569]카르바마제핀/[M201734]카바마제핀","[01130]항전간제",20171106,"소포스부비르 혈장 농도를 현저히 떨어트려 소포스부비르의 치료 효과를 감소시킬 수 있음","","정상"
"병용금기","단일",D001071,Sofosbuvir,"소포스부비르","","[I012701]소포스부비르
/[M260784]소포스부비어/[M262752]소포스부비르","[06290]기타의 화학요법제","단일",D000209,Fosphenytoin,"포스페니토인","","[M235712]포스페니토인나트륨","[01130]항전간제",20171106,"소포스부비르 혈장 농도를 현저히 떨어트려 소포스부비르의 치료 효과를 감소시킬 수 있음","","정상"
"병용금기","단일",D001071,Sofosbuvir,"소포스부비르","","[I012701]소포스부비르
/[M260784]소포스부비어/[M262752]소포스부비르","[06290]기타의 화학요법제","단일",D000632,Modafinil,"모다피닐","","[M100572]모다피닐","[01190]기타의 중추신경용약",20171106,"소포스부비르 농도를 감소시켜 소포스부비르의 치료 효과를 감소시킬 수 있음","","정상"
"병용금기","단일",D001071,Sofosbuvir,"소포스부비르","","[I012701]소포스부비르
/[M260784]소포스부비어/[M262752]소포스부비르","[06290]기타의 화학요법제","단일",D000263,Oxcarbazepine,"옥스카르바제핀","","[M086765]옥스카르바제핀","[01130]항전간제",20171106,"소포스부비르 혈장 농도를 현저히 떨어트려 소포스부비르의 치료 효과를 감소시킬 수 있음","","정상"
"병용금기","단일",D001071,Sofosbuvir,"소포스부비르","","[I012701]소포스부비르
/[M260784]소포스부비어/[M262752]소포스부비르","[06290]기타의 화학요법제","단일",D000282,Phenobarbital,"페노바르비탈","","[M040685]페노바르비탈/[M217088]페노바르비탈나트륨","[01120]최면진정제",20171106,"소포스부비르 혈장 농도를 현저히 떨어트려 소포스부비르의 치료 효과를 감소시킬 수 있음","","정상"
"병용금기","단일",D001071,Sofosbuvir,"소포스부비르","","[I012701]소포스부비르
/[M260784]소포스부비어/[M262752]소포스부비르","[06290]기타의 화학요법제","단일",D000595,Phenytoin,"페니토인","","[M051706]페니토인/[M051707]페니토인나트륨","[01130]항전간제",20171106,"소포스부비르 혈장 농도를 현저히 떨어트려 소포스부비르의 치료 효과를 감소시킬 수 있음","","정상"
"병용금기","단일",D001071,Sofosbuvir,"소포스부비르","","[I012701]소포스부비르
/[M260784]소포스부비어/[M262752]소포스부비르","[06290]기타의 화학요법제","단일",D000103,Primidone,"프리미돈","","[M040736]프리미돈","[01130]항전간제",20171106,"소포스부비르 혈장 농도를 현저히 떨어트려 소포스부비르의 치료 효과를 감소시킬 수 있음","","정상"
"병용금기","단일",D001071,Sofosbuvir,"소포스부비르","","[I012701]소포스부비르
/[M260784]소포스부비어/[M262752]소포스부비르","[06290]기타의 화학요법제","단일",D001081,Rifabutin,"리파부틴","","[I003537]리파부틴/[M089091]리파부틴","[06130]주로 항산성균에 작용하는 것",20171106,"항바이러스제의 혈중 농도 증가로 부작용 발생위험 증가","","정상"
"병용금기","단일",D001071,Sofosbuvir,"소포스부비르","","[I012701]소포스부비르
/[M260784]소포스부비어/[M262752]소포스부비르","[06290]기타의 화학요법제","단일",D000314,Rifampicin,"리팜피신","","[M020042]리팜피신","[06130]주로 항산성균에 작용하는 것",20171106,"소포스부비르 혈장 농도를 현저히 떨어트려 소포스부비르의 치료 효과를 감소시킬 수 있음","","정상"
"병용금기","단일",D001071,Sofosbuvir,"소포스부비르","","[I012701]소포스부비르
/[M260784]소포스부비어/[M262752]소포스부비르","[06290]기타의 화학요법제","단일",D000447,"St. Johns Wort","세인트존스워트","","[M220509]세인트존스워트/[M248295]세인트존스워트80%메탄올엑스/[M255952]세인트존스워트50%에탄올엑스/[M256845]세인트존스워트틴크D2/[M258013]세인트존스워트80%메탄올건조엑스","[01190]기타의 중추신경용약",20171106,"소포스부비르 혈장 농도를 현저히 떨어트려 소포스부비르의 치료 효과를 감소시킬 수 있음","","정상"
"병용금기","복합",D001072,Ledipasvir,"레디파스비르","[D001071]Sofosbuvir(소포스부비르)","[I012702]레디파스비르/[M262910]레디파스비르/[I012701]소포스부비르
/[M260784]소포스부비어/[M262752]소포스부비르","[06290]기타의 화학요법제","단일",D000259,Amiodarone,"아미오다론","","[A005259]아미오다론","[02120]부정맥용제",20171106,"중대한 증상성 서맥이 나타날 수 있음. 병용이 필요한 경우 심장 모니터링이  권장됨","","정상"
"병용금기","복합",D001072,Ledipasvir,"레디파스비르","[D001071]Sofosbuvir(소포스부비르)","[I012702]레디파스비르/[M262910]레디파스비르/[I012701]소포스부비르
/[M260784]소포스부비어/[M262752]소포스부비르","[06290]기타의 화학요법제","단일",D000476,Carbamazepine,"카르바마제핀","","[M040569]카르바마제핀/[M201734]카바마제핀","[01130]항전간제",20171106,"레디파스비르 및 소포스부비르 혈장 농도를 현저히 떨어뜨려 이 약의 치료  효과를 감소시킬 수 있음","","정상"
"병용금기","복합",D001072,Ledipasvir,"레디파스비르","[D001071]Sofosbuvir(소포스부비르)","[I012702]레디파스비르/[M262910]레디파스비르/[I012701]소포스부비르
/[M260784]소포스부비어/[M262752]소포스부비르","[06290]기타의 화학요법제","단일",D000209,Fosphenytoin,"포스페니토인","","[M235712]포스페니토인나트륨","[01130]항전간제",20171106,"레디파스비르 및 소포스부비르 혈장 농도를 현저히 떨어뜨려 이 약의 치료  효과를 감소시킬 수 있음","","정상"
"병용금기","복합",D001072,Ledipasvir,"레디파스비르","[D001071]Sofosbuvir(소포스부비르)","[I012702]레디파스비르/[M262910]레디파스비르/[I012701]소포스부비르
/[M260784]소포스부비어/[M262752]소포스부비르","[06290]기타의 화학요법제","단일",D000632,Modafinil,"모다피닐","","[M100572]모다피닐","[01190]기타의 중추신경용약",20171106,"레디파스비르 및 소포스부비르 혈장 농도를 현저히 떨어뜨려 이 약의 치료  효과를 감소시킬 수 있음","","정상"
"병용금기","복합",D001072,Ledipasvir,"레디파스비르","[D001071]Sofosbuvir(소포스부비르)","[I012702]레디파스비르/[M262910]레디파스비르/[I012701]소포스부비르
/[M260784]소포스부비어/[M262752]소포스부비르","[06290]기타의 화학요법제","단일",D000263,Oxcarbazepine,"옥스카르바제핀","","[M086765]옥스카르바제핀","[01130]항전간제",20171106,"레디파스비르 및 소포스부비르 혈장 농도를 현저히 떨어뜨려 이 약의 치료  효과를 감소시킬 수 있음","","정상"
"병용금기","복합",D001072,Ledipasvir,"레디파스비르","[D001071]Sofosbuvir(소포스부비르)","[I012702]레디파스비르/[M262910]레디파스비르/[I012701]소포스부비르
/[M260784]소포스부비어/[M262752]소포스부비르","[06290]기타의 화학요법제","단일",D000282,Phenobarbital,"페노바르비탈","","[M040685]페노바르비탈/[M217088]페노바르비탈나트륨","[01120]최면진정제",20171106,"레디파스비르 및 소포스부비르 혈장 농도를 현저히 떨어뜨려 이 약의 치료  효과를 감소시킬 수 있음","","정상"
"병용금기","복합",D001072,Ledipasvir,"레디파스비르","[D001071]Sofosbuvir(소포스부비르)","[I012702]레디파스비르/[M262910]레디파스비르/[I012701]소포스부비르
/[M260784]소포스부비어/[M262752]소포스부비르","[06290]기타의 화학요법제","단일",D000595,Phenytoin,"페니토인","","[M051706]페니토인/[M051707]페니토인나트륨","[01130]항전간제",20171106,"레디파스비르 및 소포스부비르 혈장 농도를 현저히 떨어뜨려 이 약의 치료  효과를 감소시킬 수 있음","","정상"
"병용금기","복합",D001072,Ledipasvir,"레디파스비르","[D001071]Sofosbuvir(소포스부비르)","[I012702]레디파스비르/[M262910]레디파스비르/[I012701]소포스부비르
/[M260784]소포스부비어/[M262752]소포스부비르","[06290]기타의 화학요법제","단일",D000103,Primidone,"프리미돈","","[M040736]프리미돈","[01130]항전간제",20171106,"레디파스비르 및 소포스부비르 혈장 농도를 현저히 떨어뜨려 이 약의 치료  효과를 감소시킬 수 있음","","정상"
"병용금기","복합",D001072,Ledipasvir,"레디파스비르","[D001071]Sofosbuvir(소포스부비르)","[I012702]레디파스비르/[M262910]레디파스비르/[I012701]소포스부비르
/[M260784]소포스부비어/[M262752]소포스부비르","[06290]기타의 화학요법제","단일",D001081,Rifabutin,"리파부틴","","[I003537]리파부틴/[M089091]리파부틴","[06130]주로 항산성균에 작용하는 것",20171106,"레디파스비르 및 소포스부비르 혈장 농도를 현저히 떨어뜨려 이 약의 치료  효과를 감소시킬 수 있음","","정상"
"병용금기","복합",D001072,Ledipasvir,"레디파스비르","[D001071]Sofosbuvir(소포스부비르)","[I012702]레디파스비르/[M262910]레디파스비르/[I012701]소포스부비르
/[M260784]소포스부비어/[M262752]소포스부비르","[06290]기타의 화학요법제","단일",D000314,Rifampicin,"리팜피신","","[M020042]리팜피신","[06130]주로 항산성균에 작용하는 것",20171106,"레디파스비르 및 소포스부비르 혈장 농도를 현저히 떨어뜨려 이 약의 치료  효과를 감소시킬 수 있음","","정상"
"병용금기","복합",D001072,Ledipasvir,"레디파스비르","[D001071]Sofosbuvir(소포스부비르)","[I012702]레디파스비르/[M262910]레디파스비르/[I012701]소포스부비르
/[M260784]소포스부비어/[M262752]소포스부비르","[06290]기타의 화학요법제","단일",D000219,Rosuvastatin,"로수바스타틴","","[M095744]로수바스타틴칼슘/[M258559]로수바스타틴칼슘염/[M270546]로수바스타틴칼슘(미분화)","[02180]동맥경화용제",20171106,"로수바스타틴 농도를 현저하게 증가시킬 수 있으며, 이는 횡문근융해증을 포함하여 근육병증의 위험 증가","","정상"
"병용금기","복합",D001072,Ledipasvir,"레디파스비르","[D001071]Sofosbuvir(소포스부비르)","[I012702]레디파스비르/[M262910]레디파스비르/[I012701]소포스부비르
/[M260784]소포스부비어/[M262752]소포스부비르","[06290]기타의 화학요법제","단일",D000447,"St. Johns Wort","세인트존스워트","","[M220509]세인트존스워트/[M248295]세인트존스워트80%메탄올엑스/[M255952]세인트존스워트50%에탄올엑스/[M256845]세인트존스워트틴크D2/[M258013]세인트존스워트80%메탄올건조엑스","[01190]기타의 중추신경용약",20171106,"레디파스비르 및 소포스부비르 혈장 농도를 현저히 떨어뜨려 이 약의 치료  효과를 감소시킬 수 있음","","정상"
"병용금기","단일",D000837,"Tiaprofenic acid","티아프로펜산","","[M080409]티아프로펜산","[01140]해열.진통.소염제","단일",D000716,Methotrexate,"메토트렉세이트","","[M040168]메토트렉세이트","[04210]항악성종양제",20091203,"methotrexate ≥ 15mg/주에 한해 금기","","정상"
"병용금기","단일",D000762,Itraconazole,"이트라코나졸","","[M083733]이트라코나졸제피과립/[M083734]이트라코나졸/[M092870]이트라코나졸고체분산체/[M201487]이트라코나졸고체분산/[M201624]제피이트라코나졸과립","[06290]기타의 화학요법제","단일",D000385,Ticagrelor,"티카그렐러","","[A005385]티카그렐러/[M252585]티카그렐러","[02180]동맥경화용제",20181102,"티카그렐러는 이트라코나졸에 의해 혈장농도가 증가 가능","","정상"
"병용금기","복합",D000153,Esomeprazole,"에스오메프라졸","[D000195]Naproxen(나프록센)","[M092321]에스오메프라졸마그네슘삼수화물/[M100498]에스오메프라졸나트륨/[M221042]에스오메프라졸스트론튬사수화물/[M242227]에스오메프라졸마그네슘이수화물/[M249554]에스오메프라졸/[M259375]에스오메프라졸마그네슘이수화물/[M262063]에스오메프라졸마그네슘과립/[M050116]나프록센","[01140]해열.진통.소염제","단일",D000225,Rilpivirine,"릴피비린","","[A005225]릴피비린/[M253921]릴피비린염산염","[06290]기타의 화학요법제",20181102,"위장 pH의 증가로 릴피비린의 흡수가 저하되어 릴피비린의 치료효과 감소","","정상"
"병용금기","단일",D000699,Lansoprazole,"란소프라졸","","[M085578]란소프라졸/[M091244]란소프라졸과립","[02320]소화성궤양용제","단일",D000003,Nelfinavir,"넬피나비어","","[M088546]메실산넬피나비어","[06290]기타의 화학요법제",20181102,"치료효과의 손실과 약물내성 나타날 수 있음","","정상"
"병용금기","단일",D000455,Atorvastatin,"아토르바스타틴","","[I004369]아토르바스타틴칼슘수화물/[M093499]아토르바스타틴칼슘/[M213543]무수아토르바스타틴칼슘/[M215219]아토르바스타틴칼슘삼수화물/[M218956]아토르바스타틴삼수화물/[M244955]아토르바스타틴 스트론튬/[M247057]아토르바스타틴칼슘염무수물/[M251687]아토르바스타틴칼슘/[M256664]아토르바스타틴칼슘수화물/[M263837]아토르바스타틴","[02180]동맥경화용제","단일",D000619,"Fusidic Acid","푸시딘산","","[M020165]푸시딘산나트륨/[M020229]푸시딘산","[06110]주로 그람양성균에 작용하는 것",20181102,"횡문근융해와 같은 중증의 근육이상 보고","","정상"
"병용금기","단일",D000373,Clarithromycin,"클래리트로마이신","","[M085725]클래리스로마이신/[M087123]클래리스로마이신코팅입자/[M102127]클래리스로마이신제피과립/[M222887]클래리트로마이신/[M223198]클래리트로마이신/[M245961]클래리트로마이신제피과립/[M256483]클래리트로마이신제피과립(42%)","[06190]기타의 항생물질제제(복합항생물질제제를 포함)","단일",D000582,Colchicine,"콜키신","","[M091703]콜키신","[03940]통풍치료제",20181102,"콜키신에 대한 노출 증가 가능","","정상"
"병용금기","복합",D000469,Omeprazole,"오메프라졸","[D001148]sodium bicarbonate(탄산수소나트륨)","[M083697]오메프라졸장용성과립/[M083698]오메프라졸/[M089720]오메프라졸나트륨/[M201348]오메프라졸장용과립/[C040631]탄산수소나트륨/[C096332]탄산수소나트륨수용액/[I003757]탄산수소나트륨/[M040631]탄산수소나트륨/[M091817]중탄산수소나트륨/[M096332]탄산수소나트륨수용액/[M104138]포화탄산수소나트륨/[M104658]5%탄산수소나트륨/[M206247]무균탄산수소나트륨/[M206711]탄산수소나트륨(중조)/[M207094]탄산수소나트륨/[M215774]5%탄산수소나트륨수용액/[M230823]탄산수소나트륨액/[M250011]탄산수소나트륨주사액/[M253779]탄산수소나트륨(제3법)","[02320]소화성궤양용제","단일",D000225,Rilpivirine,"릴피비린","","[A005225]릴피비린/[M253921]릴피비린염산염","[06290]기타의 화학요법제",20181102,"위장 pH의 증가로 릴피비린의 흡수가 저하되어 릴피비린의 치료효과 감소","","정상"
"병용금기","복합",D000469,Omeprazole,"오메프라졸","[D001148]sodium bicarbonate(탄산수소나트륨)","[M083697]오메프라졸장용성과립/[M083698]오메프라졸/[M089720]오메프라졸나트륨/[M201348]오메프라졸장용과립/[C040631]탄산수소나트륨/[C096332]탄산수소나트륨수용액/[I003757]탄산수소나트륨/[M040631]탄산수소나트륨/[M091817]중탄산수소나트륨/[M096332]탄산수소나트륨수용액/[M104138]포화탄산수소나트륨/[M104658]5%탄산수소나트륨/[M206247]무균탄산수소나트륨/[M206711]탄산수소나트륨(중조)/[M207094]탄산수소나트륨/[M215774]5%탄산수소나트륨수용액/[M230823]탄산수소나트륨액/[M250011]탄산수소나트륨주사액/[M253779]탄산수소나트륨(제3법)","[02320]소화성궤양용제","복합",D000665,Emtricitabine,"엠트리시타빈","[D000281]Tenofovir(테노포비르)/[D000225]Rilpivirine(릴피비린)","[M250026]엠트리시타빈/[A001163]테노포비르/[A005225]릴피비린/[M253921]릴피비린염산염","[06290]기타의 화학요법제",20181102,"위장 pH의 증가로 릴피비린의 흡수가 저하되어 릴피비린의 치료효과 감소","","정상"
"병용금기","복합",D000153,Esomeprazole,"에스오메프라졸","[D000195]Naproxen(나프록센)","[M092321]에스오메프라졸마그네슘삼수화물/[M100498]에스오메프라졸나트륨/[M221042]에스오메프라졸스트론튬사수화물/[M242227]에스오메프라졸마그네슘이수화물/[M249554]에스오메프라졸/[M259375]에스오메프라졸마그네슘이수화물/[M262063]에스오메프라졸마그네슘과립/[M050116]나프록센","[01140]해열.진통.소염제","복합",D000665,Emtricitabine,"엠트리시타빈","[D000281]Tenofovir(테노포비르)/[D000225]Rilpivirine(릴피비린)","[M250026]엠트리시타빈/[A001163]테노포비르/[A005225]릴피비린/[M253921]릴피비린염산염","[06290]기타의 화학요법제",20181102,"위장 pH의 증가로 릴피비린의 흡수가 저하되어 릴피비린의 치료효과 감소","","정상"
"병용금기","복합",D000455,Atorvastatin,"아토르바스타틴","[D000152]Amlodipine (암로디핀)","[I004369]아토르바스타틴칼슘수화물/[M093499]아토르바스타틴칼슘/[M213543]무수아토르바스타틴칼슘/[M215219]아토르바스타틴칼슘삼수화물/[M218956]아토르바스타틴삼수화물/[M244955]아토르바스타틴 스트론튬/[M247057]아토르바스타틴칼슘염무수물/[M251687]아토르바스타틴칼슘/[M256664]아토르바스타틴칼슘수화물/[M263837]아토르바스타틴/[M083437]베실산암로디핀/[M100608]말레인산암로디핀/[M100610]캄실산암로디핀/[M101934]암로디핀/[M102166]메실산암로디핀일수화물/[M102534]암로디핀오로트산염/[M222875]암로디핀베실산염/[M246033]암로디핀캄실산염/[M250821]암로디핀아디핀산염/[M250983]암로디핀말레산염/[M251079]암로디핀니코틴산염/[M254832]암로디핀메실산염일수화물/[M257408]암로디핀아디프산염","[02190]기타의 순환계용약","단일",D000619,"Fusidic Acid","푸시딘산","","[M020165]푸시딘산나트륨/[M020229]푸시딘산","[06110]주로 그람양성균에 작용하는 것",20181102,"횡문근융해와 같은 중증의 근육이상 보고","","정상"
"병용금기","복합",D000455,Atorvastatin,"아토르바스타틴","[D000350]Ezetimibe(에제티미브)","[I004369]아토르바스타틴칼슘수화물/[M093499]아토르바스타틴칼슘/[M213543]무수아토르바스타틴칼슘/[M215219]아토르바스타틴칼슘삼수화물/[M218956]아토르바스타틴삼수화물/[M244955]아토르바스타틴 스트론튬/[M247057]아토르바스타틴칼슘염무수물/[M251687]아토르바스타틴칼슘/[M256664]아토르바스타틴칼슘수화물/[M263837]아토르바스타틴/[M097492]에제티미브","[02180]동맥경화용제","단일",D000619,"Fusidic Acid","푸시딘산","","[M020165]푸시딘산나트륨/[M020229]푸시딘산","[06110]주로 그람양성균에 작용하는 것",20181102,"횡문근융해와 같은 중증의 근육이상 보고","","정상"
"병용금기","단일",D000114,Hydroxyzine,"히드록시진","","[M223358]히드록시진염산염","[01170]정신신경용제","단일",D000259,Amiodarone,"아미오다론","","[A005259]아미오다론","[02120]부정맥용제",20181102,"심부정맥 위험 증가 가능","","정상"
"병용금기","단일",D000114,Hydroxyzine,"히드록시진","","[M223358]히드록시진염산염","[01170]정신신경용제","단일",D000332,Citalopram,"시탈로프람","","[M085304]브롬화수소산시탈로프람","[01170]정신신경용제",20181102,"심부정맥 위험 증가 가능","","정상"
"병용금기","단일",D000114,Hydroxyzine,"히드록시진","","[M223358]히드록시진염산염","[01170]정신신경용제","단일",D000035,Escitalopram,"에스시탈로프람","","[M234885]에스시탈로프람옥살산염/[M256262]에스시탈로프람","[01170]정신신경용제",20181102,"심부정맥 위험 증가 가능","","정상"
"병용금기","단일",D000114,Hydroxyzine,"히드록시진","","[M223358]히드록시진염산염","[01170]정신신경용제","단일",D000113,Haloperidol,"할로페리돌","","[M040766]할로페리돌/[M089302]할로페리돌데카노에이트","[01170]정신신경용제",20181102,"심부정맥 위험 증가 가능","","정상"
"병용금기","단일",D000114,Hydroxyzine,"히드록시진","","[M223358]히드록시진염산염","[01170]정신신경용제","단일",D000793,Levofloxacin,"레보플록사신","","[M085584]레보플록사신/[M088567]레보플록사신수화물/[M251128]레보플록사신수화물","[06290]기타의 화학요법제",20181102,"심부정맥 위험 증가 가능","","정상"
"병용금기","단일",D000114,Hydroxyzine,"히드록시진","","[M223358]히드록시진염산염","[01170]정신신경용제","단일",D000467,Mefloquine,"메플로퀸","","[M093780]염산메플로퀸","[06410]항원충제",20181102,"심부정맥 위험 증가 가능","","정상"
"병용금기","단일",D000114,Hydroxyzine,"히드록시진","","[M223358]히드록시진염산염","[01170]정신신경용제","단일",D000430,Moxifloxacin,"목시플록사신","","[M090822]염산목시플록사신/[M247915]목시플록사신염산염/[M247929]목시플록사신","[06290]기타의 화학요법제",20181102,"심부정맥 위험 증가 가능","","정상"
"병용금기","복합",D000455,Atorvastatin,"아토르바스타틴","[D000046]Irbesartan(이르베사르탄)","[I004369]아토르바스타틴칼슘수화물/[M093499]아토르바스타틴칼슘/[M213543]무수아토르바스타틴칼슘/[M215219]아토르바스타틴칼슘삼수화물/[M218956]아토르바스타틴삼수화물/[M244955]아토르바스타틴 스트론튬/[M247057]아토르바스타틴칼슘염무수물/[M251687]아토르바스타틴칼슘/[M256664]아토르바스타틴칼슘수화물/[M263837]아토르바스타틴/[I004994]이르베사르탄/[M092285]이베사탄/[M251853]이르베사르탄/[M255988]이르베사탄","[02190]기타의 순환계용약","단일",D000619,"Fusidic Acid","푸시딘산","","[M020165]푸시딘산나트륨/[M020229]푸시딘산","[06110]주로 그람양성균에 작용하는 것",20181102,"횡문근융해와 같은 중증의 근육이상 보고","","정상"
"병용금기","단일",D000114,Hydroxyzine,"히드록시진","","[M223358]히드록시진염산염","[01170]정신신경용제","단일",D000256,Erythromycin,"에리트로마이신","","[M020095]에리스로마이신/[M020096]락토비온산에리스로마이신/[M020099]에리스로마이신에스톨레이트/[M020201]프로피온산에리스로마이신/[M223129]에리트로마이신/[M223130]에리트로마이신스테아르산염/[M223131]에리트로마이신에스톨산염/[M223132]에리트로마이신에틸숙시네이트/[M251863]에리트로마이신락토비온산염/[M256206]에리트로마이신 장용피입자/[M257644]에리트로마이신스티노프레이트","[06140]주로 그람양성균, 리케치아, 비루스에 작용하는 것",20181102,"심부정맥 위험 증가 가능","","정상"
"병용금기","단일",D000114,Hydroxyzine,"히드록시진","","[M223358]히드록시진염산염","[01170]정신신경용제","단일",D000513,Pentamidin,"펜타미딘","","[M261497]펜타미딘이세티온산염","[06160]주로 곰팡이, 원충에 작용하는 것",20181102,"심부정맥 위험 증가 가능","","정상"
"병용금기","단일",D000114,Hydroxyzine,"히드록시진","","[M223358]히드록시진염산염","[01170]정신신경용제","단일",D000022,Sotalol,"소타롤","","[A005022]소타롤","[02120]부정맥용제",20181102,"심부정맥 위험 증가 가능","","정상"
"병용금기","단일",D000114,Hydroxyzine,"히드록시진","","[M223358]히드록시진염산염","[01170]정신신경용제","단일",D000842,Toremifene,"토레미펜","","[M089372]구연산토레미펜/[M246995]토레미펜시트르산염/[M255572]토레미펜구연산염","[04210]항악성종양제",20181102,"심부정맥 위험 증가 가능","","정상"
"병용금기","단일",D000114,Hydroxyzine,"히드록시진","","[M223358]히드록시진염산염","[01170]정신신경용제","단일",D000635,Vandetanib,"반데타닙","","[M257061]반데타닙","[04210]항악성종양제",20181102,"심부정맥 위험 증가 가능","","정상"
"병용금기","단일",D001091,Oxymetazoline,"옥시메타졸린","","[C040452]염산옥시메타졸린/[I002775]옥시메타졸린염산염/[M040452]염산옥시메타졸린/[M223162]옥시메타졸린염산염/[M223163]옥시메타졸린염산염 점비액","[01320]이비과용제","단일",D000809,Amitriptyline,"아미트리프틸린","","[M040348]염산아미트리프틸린/[M089101]염산아미트리프틸린서방정과립/[M201277]염산아미트리프틸린서방과립/[M223101]아미트리프틸린염산염","[01170]정신신경용제",20181102,"고혈압 초래 가능혈관수축작용으로 혈압상승 가능","","정상"
"병용금기","단일",D001091,Oxymetazoline,"옥시메타졸린","","[C040452]염산옥시메타졸린/[I002775]옥시메타졸린염산염/[M040452]염산옥시메타졸린/[M223162]옥시메타졸린염산염/[M223163]옥시메타졸린염산염 점비액","[01320]이비과용제","단일",D000248,Amoxapine,"아목사핀","","[M088554]아목사핀","[01170]정신신경용제",20181102,"","","삭제"
"병용금기","단일",D001091,Oxymetazoline,"옥시메타졸린","","[C040452]염산옥시메타졸린/[I002775]옥시메타졸린염산염/[M040452]염산옥시메타졸린/[M223162]옥시메타졸린염산염/[M223163]옥시메타졸린염산염 점비액","[01320]이비과용제","단일",D000810,Dothiepin,"도티에핀","","[M081861]염산도치에핀","[01170]정신신경용제",20181102,"고혈압 초래 가능 혈관수축작용으로 혈압상승 가능","","정상"
"병용금기","단일",D001091,Oxymetazoline,"옥시메타졸린","","[C040452]염산옥시메타졸린/[I002775]옥시메타졸린염산염/[M040452]염산옥시메타졸린/[M223162]옥시메타졸린염산염/[M223163]옥시메타졸린염산염 점비액","[01320]이비과용제","단일",D000501,Doxepin,"독세핀","","[M258572]독세핀염산염","[01170]정신신경용제",20181102,"고혈압 초래 가능 혈관수축작용으로 혈압상승 가능","","정상"
"병용금기","단일",D001091,Oxymetazoline,"옥시메타졸린","","[C040452]염산옥시메타졸린/[I002775]옥시메타졸린염산염/[M040452]염산옥시메타졸린/[M223162]옥시메타졸린염산염/[M223163]옥시메타졸린염산염 점비액","[01320]이비과용제","단일",D000362,Imipramine,"이미프라민","","[M223168]이미프라민염산염","[01170]정신신경용제",20181102,"고혈압 초래 가능 혈관수축작용으로 혈압상승 가능","","정상"
"병용금기","단일",D001091,Oxymetazoline,"옥시메타졸린","","[C040452]염산옥시메타졸린/[I002775]옥시메타졸린염산염/[M040452]염산옥시메타졸린/[M223162]옥시메타졸린염산염/[M223163]옥시메타졸린염산염 점비액","[01320]이비과용제","단일",D000466,Nortriptyline,"노르트립틸린","","[M050132]염산노르트립틸린","[01170]정신신경용제",20181102,"고혈압 초래 가능혈관수축작용으로 혈압상승 가능","","정상"
"병용금기","단일",D000396,"Dabigatran etexilate","다비가트란에텍실레이트","","[M251630]다비가트란에텍실레이트메실산염","[03330]혈액응고저지제","단일",D000476,Carbamazepine,"카르바마제핀","","[M040569]카르바마제핀/[M201734]카바마제핀","[02310]치과구강용약",20181102,"","","삭제"
"병용금기","단일",D000396,"Dabigatran etexilate","다비가트란에텍실레이트","","[M251630]다비가트란에텍실레이트메실산염","[03330]혈액응고저지제","단일",D000314,Rifampicin,"리팜피신","","[M020042]리팜피신","[06130]주로 항산성균에 작용하는 것",20181102,"다비가트란의 혈중농도 증가","","정상"
"병용금기","단일",D000396,"Dabigatran etexilate","다비가트란에텍실레이트","","[M251630]다비가트란에텍실레이트메실산염","[03330]혈액응고저지제","복합",D000314,Rifampicin,"리팜피신","[D000265]Isoniazid(이소니아지드)","[M020042]리팜피신/[M223170]이소니아지드","[06220]항결핵제",20181102,"다비가트란의 혈중농도 증가","","정상"
"병용금기","단일",D000396,"Dabigatran etexilate","다비가트란에텍실레이트","","[M251630]다비가트란에텍실레이트메실산염","[03330]혈액응고저지제","복합",D000314,Rifampicin,"리팜피신","[D000265]Isoniazid(이소니아지드)/[D000802]Pyrazinamide(피라진아미드)","[M020042]리팜피신/[M223170]이소니아지드/[M040746]피라진아미드","[06130]주로 항산성균에 작용하는 것",20181102,"다비가트란의 혈중농도 증가","","정상"
"병용금기","단일",D000336,Sertraline,"설트랄린","","[M085340]염산설트랄린/[M251308]설트랄린염산염","[01170]정신신경용제","단일",D001035,Linezolid,"리네졸리드","","[M093034]리네졸리드","[06110]주로 그람양성균에 작용하는 것",20181102,"세로토닌 증후군 위험 증가 가능성","","정상"
"병용금기","단일",D000386,Pantoprazole,"판토프라졸","","[A005386]판토프라졸","[02320]소화성궤양용제","단일",D000003,Nelfinavir,"넬피나비어","","[M088546]메실산넬피나비어","[06290]기타의 화학요법제",20181102,"넬피나비르의 혈장농도가 감소되어 치료효과의 손실과 약물 내성이 나타날 수 있음.","","정상"
"병용금기","단일",D000751,S-Pantoprazole,"에스판토프라졸","","[M115229]S-판토프라졸나트륨삼수화물","[02320]소화성궤양용제","단일",D000003,Nelfinavir,"넬피나비어","","[M088546]메실산넬피나비어","[06290]기타의 화학요법제",20181102,"넬피나비르의 혈장농도가 감소되어 치료효과의 손실과 약물 내성이 나타날 수 있음.","","정상"
"병용금기","단일",D001149,palbociclib,"팔보시클립","","[I012742]팔보시클립/[M263856]팔보시클립","[04210]항악성종양제","단일",D000762,Itraconazole,"이트라코나졸","","[M083733]이트라코나졸제피과립/[M083734]이트라코나졸/[M092870]이트라코나졸고체분산체/[M201487]이트라코나졸고체분산/[M201624]제피이트라코나졸과립","[06290]기타의 화학요법제",20181102,"팔보시클립의 혈장 농도 증가","","정상"
"병용금기","단일",D001149,palbociclib,"팔보시클립","","[I012742]팔보시클립/[M263856]팔보시클립","[04210]항악성종양제","단일",D000405,Posaconazole,"포사코나졸","","[M256381]포사코나졸(미분화)","[06290]기타의 화학요법제",20181102,"팔보시클립의 혈장 농도 증가","","정상"
"병용금기","단일",D001149,palbociclib,"팔보시클립","","[I012742]팔보시클립/[M263856]팔보시클립","[04210]항악성종양제","복합",D000626,Lopinavir,"로피나비르","[D000712]Ritonavir(리토나비르)","[M259361]로피나비르/[M259362]리토나비르","[06290]기타의 화학요법제",20181102,"팔보시클립의 혈장 농도 증가","","정상"
"병용금기","단일",D001149,palbociclib,"팔보시클립","","[I012742]팔보시클립/[M263856]팔보시클립","[04210]항악성종양제","단일",D000003,Nelfinavir,"넬피나비어","","[M088546]메실산넬피나비어","[06290]기타의 화학요법제",20181102,"팔보시클립의 혈장 농도 증가","","정상"
"병용금기","단일",D001149,palbociclib,"팔보시클립","","[I012742]팔보시클립/[M263856]팔보시클립","[04210]항악성종양제","단일",D000712,Ritonavir,"리토나비르","","[M259362]리토나비르","[06290]기타의 화학요법제",20181102,"팔보시클립의 혈장 농도 증가","","정상"
"병용금기","단일",D001149,palbociclib,"팔보시클립","","[I012742]팔보시클립/[M263856]팔보시클립","[04210]항악성종양제","단일",D001079,Enzalutamide,"엔잘루타마이드","","[M257255]엔잘루타마이드","[04210]항악성종양제",20181102,"팔보시클립의 혈장 농도 증가","","정상"
"병용금기","단일",D001149,palbociclib,"팔보시클립","","[I012742]팔보시클립/[M263856]팔보시클립","[04210]항악성종양제","단일",D000314,Rifampicin,"리팜피신","","[M020042]리팜피신","[06130]주로 항산성균에 작용하는 것",20181102,"팔보시클립의 혈장 농도 증가","","정상"
"병용금기","단일",D000373,Clarithromycin,"클래리트로마이신","","[M085725]클래리스로마이신/[M087123]클래리스로마이신코팅입자/[M102127]클래리스로마이신제피과립/[M222887]클래리트로마이신/[M223198]클래리트로마이신/[M245961]클래리트로마이신제피과립/[M256483]클래리트로마이신제피과립(42%)","[06180]주로 그람양성, 음성균에 작용하는 것/[06190]기타의 항생물질제제(복합항생물질제제를 포함)","단일",D000582,Colchicine,"콜키신","","[M091703]콜키신","[03940]통풍치료제",20181102,"","","정상"
"병용금기","단일",D001091,Oxymetazoline,"옥시메타졸린","","[C040452]염산옥시메타졸린/[I002775]옥시메타졸린염산염/[M040452]염산옥시메타졸린/[M223162]옥시메타졸린염산염/[M223163]옥시메타졸린염산염 점비액","[01320]이비과용제","단일",D000248,Amoxapine,"아목사핀","","[M088554]아목사핀","[01170]정신신경용제",20181102,"고혈압 초래 가능혈관수축작용으로 혈압상승 가능","","정상"
"병용금기","단일",D000396,"Dabigatran etexilate","다비가트란에텍실레이트","","[M251630]다비가트란에텍실레이트메실산염","[03330]혈액응고저지제","단일",D000769,Ketoconazole,"케토코나졸","","[M080618]케토코나졸","[06410]항원충제",20181102,"다비가트란의 혈중농도 증가","","정상"
"병용금기","단일",D000396,"Dabigatran etexilate","다비가트란에텍실레이트","","[M251630]다비가트란에텍실레이트메실산염","[03330]혈액응고저지제","단일",D000476,Carbamazepine,"카르바마제핀","","[M040569]카르바마제핀/[M201734]카바마제핀","[01130]항전간제",20181102,"다비가트란의 혈중농도 증가","","정상"
"병용금기","단일",D000396,"Dabigatran etexilate","다비가트란에텍실레이트","","[M251630]다비가트란에텍실레이트메실산염","[03330]혈액응고저지제","단일",D000447,"St. Johns Wort","세인트존스워트","","[M220509]세인트존스워트/[M248295]세인트존스워트80%메탄올엑스/[M255952]세인트존스워트50%에탄올엑스/[M256845]세인트존스워트틴크D2/[M258013]세인트존스워트80%메탄올건조엑스","[01190]기타의 중추신경용약",20181102,"다비가트란의 혈중농도 증가","","정상"
"병용금기","단일",D001149,palbociclib,"팔보시클립","","[I012742]팔보시클립/[M263856]팔보시클립","[04210]항악성종양제","단일",D000769,Ketoconazole,"케토코나졸","","[M080618]케토코나졸","[06410]항원충제",20181102,"팔보시클립의 혈장 농도 증가","","정상"
"병용금기","단일",D001149,palbociclib,"팔보시클립","","[I012742]팔보시클립/[M263856]팔보시클립","[04210]항악성종양제","단일",D000763,Indinavir,"인디나빌","","[M239870]인디나빌황산염","[06290]기타의 화학요법제",20181102,"팔보시클립의 혈장 농도 증가","","정상"
"병용금기","단일",D001091,Oxymetazoline,"옥시메타졸린","","[C040452]염산옥시메타졸린/[I002775]옥시메타졸린염산염/[M040452]염산옥시메타졸린/[M223162]옥시메타졸린염산염/[M223163]옥시메타졸린염산염 점비액","[01320]이비과용제","단일",D000277,Clomipramine,"클로미프라민","","[M223223]클로미프라민염산염","[01170]정신신경용제/[02590]기타의 비뇨생식기관 및 항문용약",20181102,"고혈압 초래 가능혈관수축작용으로 혈압상승 가능","","정상"
"병용금기","단일",D001149,palbociclib,"팔보시클립","","[I012742]팔보시클립/[M263856]팔보시클립","[04210]항악성종양제","단일",D000476,Carbamazepine,"카르바마제핀","","[M040569]카르바마제핀/[M201734]카바마제핀","[01130]항전간제",20181102,"팔보시클립의 혈장 농도 증가","","정상"
"병용금기","단일",D001149,palbociclib,"팔보시클립","","[I012742]팔보시클립/[M263856]팔보시클립","[04210]항악성종양제","단일",D000595,Phenytoin,"페니토인","","[M051706]페니토인/[M051707]페니토인나트륨","[01130]항전간제",20181102,"팔보시클립의 혈장 농도 증가","","정상"
"병용금기","단일",D001149,palbociclib,"팔보시클립","","[I012742]팔보시클립/[M263856]팔보시클립","[04210]항악성종양제","단일",D000447,"St. Johns Wort","세인트존스워트","","[M220509]세인트존스워트/[M248295]세인트존스워트80%메탄올엑스/[M255952]세인트존스워트50%에탄올엑스/[M256845]세인트존스워트틴크D2/[M258013]세인트존스워트80%메탄올건조엑스","[01190]기타의 중추신경용약",20181102,"팔보시클립의 혈장 농도 감소","","정상"
"병용금기","단일",D000396,"Dabigatran etexilate","다비가트란에텍실레이트","","[M251630]다비가트란에텍실레이트메실산염","[03330]혈액응고저지제","단일",D000595,Phenytoin,"페니토인","","[M051706]페니토인/[M051707]페니토인나트륨","[01130]항전간제",20181102,"다비가트란의 혈중농도 증가","","정상"
"병용금기","단일",D001149,palbociclib,"팔보시클립","","[I012742]팔보시클립/[M263856]팔보시클립","[04210]항악성종양제","단일",D000443,Voriconazole,"보리코나졸","","[I005813]보리코나졸/[M102252]보리코나졸","[06290]기타의 화학요법제",20181102,"팔보시클립의 혈장 농도 증가","","정상"
"병용금기","단일",D000396,"Dabigatran etexilate","다비가트란에텍실레이트","","[M251630]다비가트란에텍실레이트메실산염","[03330]혈액응고저지제","복합",D000314,Rifampicin,"리팜피신","[D000265]Isoniazid(이소니아지드)/[D000802]Pyrazinamide(피라진아미드)/[D001151]ethambutol(에탐뷰톨)","[M020042]리팜피신/[M223170]이소니아지드/[M040746]피라진아미드/[C040412]염산에탐부톨/[I001315]에탐부톨염산염/[M040412]염산에탐부톨/[M223143]에탐부톨염산염/[M223144]에탐부톨염산염 정","[06130]주로 항산성균에 작용하는 것",20181102,"다비가트란의 혈중농도 감소","","정상"
"병용금기","단일",D001149,palbociclib,"팔보시클립","","[I012742]팔보시클립/[M263856]팔보시클립","","단일",D000373,Clarithromycin,"클래리트로마이신","","[M085725]클래리스로마이신/[M087123]클래리스로마이신코팅입자/[M102127]클래리스로마이신제피과립/[M222887]클래리트로마이신/[M223198]클래리트로마이신/[M245961]클래리트로마이신제피과립/[M256483]클래리트로마이신제피과립(42%)","[06180]주로 그람양성, 음성균에 작용하는 것/[06190]기타의 항생물질제제(복합항생물질제제를 포함)",20181102,"팔보시클립의 혈장 농도 증가","","정상"
"병용금기","복합",D001171,Elbasvir,"엘바스비르","[D001172]Grazoprevir(그라조프레비르)","[A000849]엘바스비르/[A000058]그라조프레비르","[06290]기타의 화학요법제","단일",D000476,Carbamazepine,"카르바마제핀","","[M040569]카르바마제핀/[M201734]카바마제핀","[01130]항전간제",20190522,"엘바스비르와 그라조프레비르의 혈장 농도가 유의하게 감소하여 이 약의 바이러스학적 반응 감소 가능","","정상"
"병용금기","복합",D001171,Elbasvir,"엘바스비르","[D001172]Grazoprevir(그라조프레비르)","[A000849]엘바스비르/[A000058]그라조프레비르","[06290]기타의 화학요법제","단일",D000558,Efavirenz,"에파비렌즈","","[M088675]에파비렌즈","[06290]기타의 화학요법제",20190522,"엘바스비르와 그라조프레비르의 혈장 농도가 유의하게 감소하여 이 약의 바이러스학적 반응 감소 가능","","정상"
"병용금기","복합",D001171,Elbasvir,"엘바스비르","[D001172]Grazoprevir(그라조프레비르)","[A000849]엘바스비르/[A000058]그라조프레비르","[06290]기타의 화학요법제","단일",D000595,Phenytoin,"페니토인","","[M051706]페니토인/[M051707]페니토인나트륨","[01130]항전간제",20190522,"엘바스비르와 그라조프레비르의 혈장 농도가 유의하게 감소하여 이 약의 바이러스학적 반응 감소 가능","","정상"
"병용금기","복합",D001171,Elbasvir,"엘바스비르","[D001172]Grazoprevir(그라조프레비르)","[A000849]엘바스비르/[A000058]그라조프레비르","[06290]기타의 화학요법제","단일",D000314,Rifampicin,"리팜피신","","[M020042]리팜피신","[06130]주로 항산성균에 작용하는 것",20190522,"엘바스비르와 그라조프레비르의 혈장 농도가 유의하게 감소하여 이 약의 바이러스학적 반응 감소 가능","","정상"
"병용금기","복합",D001171,Elbasvir,"엘바스비르","[D001172]Grazoprevir(그라조프레비르)","[A000849]엘바스비르/[A000058]그라조프레비르","[06290]기타의 화학요법제","단일",D000447,"St. Johns Wort","세인트존스워트","","[M220509]세인트존스워트/[M248295]세인트존스워트80%메탄올엑스/[M255952]세인트존스워트50%에탄올엑스/[M256845]세인트존스워트틴크D2/[M258013]세인트존스워트80%메탄올건조엑스","[01190]기타의 중추신경용약",20190522,"엘바스비르와 그라조프레비르의 혈장 농도가 유의하게 감소하여 이 약의 바이러스학적 반응 감소 가능","","정상"
"병용금기","복합",D001171,Elbasvir,"엘바스비르","[D001172]Grazoprevir(그라조프레비르)","[A000849]엘바스비르/[A000058]그라조프레비르","[06290]기타의 화학요법제","복합",D001172,Grazoprevir,"그라조프레비르","[D000150]Atazanavir(아타자나비르)","[A000058]그라조프레비르/[M249264]아타자나비어황산염/[M263079]아타자나비르황산염","[06290]기타의 화학요법제",20190522,"그라조프레비르의 혈장 농도가 유의하게 증가하여 ALT 상승 위험 증가 가능","","삭제"
"병용금기","복합",D001171,Elbasvir,"엘바스비르","[D001172]Grazoprevir(그라조프레비르)","[A000849]엘바스비르/[A000058]그라조프레비르","[06290]기타의 화학요법제","단일",D000334,Cyclosporine,"사이클로스포린","","[A005971]시클로스포린/[M040068]마이크로에멀젼용시클로스포린/[M085282]사이클로스포린/[M085565]시클로스포린","[01310]안과용제",20190522,"그라조프레비르의 혈장 농도가 유의하게 증가하여 ALT 상승 위험 증가 가능","","정상"
"병용금기","복합",D001171,Elbasvir,"엘바스비르","[D001172]Grazoprevir(그라조프레비르)","[A000849]엘바스비르/[A000058]그라조프레비르","[06290]기타의 화학요법제","단일",D000395,Darunavir,"다루나비르","","[M258751]다루나비르에탄올레이트","[06290]기타의 화학요법제",20190522,"그라조프레비르의 혈장 농도가 유의하게 증가하여 ALT 상승 위험 증가 가능","","정상"
"병용금기","복합",D001171,Elbasvir,"엘바스비르","[D001172]Grazoprevir(그라조프레비르)","[A000849]엘바스비르/[A000058]그라조프레비르","[06290]기타의 화학요법제","복합",D000626,Lopinavir,"로피나비르","[D000712]Ritonavir(리토나비르)","[M259361]로피나비르/[M259362]리토나비르","[06290]기타의 화학요법제",20190522,"그라조프레비르의 혈장 농도가 유의하게 증가하여 ALT 상승 위험 증가 가능","","정상"
"병용금기","단일",D000749,"Ethinyl estradiol","에티닐에스트라디올","","[A005749]에티닐에스트라디올/[M040405]에치닐에스트라디올/[M223147]에티닐에스트라디올/[M259133]에티닐에스트라디올(EE-베타덱스 포접체로서)","[02540]피임제","복합",D001174,Ombitasvir,"옴비타스비르","[D001175]Paritaprevir(파리타프레비르)/[D000712]Ritonavir(리토나비르)","[A000902]옴비타스비르/[A001241]파리타프레비르/[M118365]파리타프레비르/[M259362]리토나비르","[06290]기타의 화학요법제",20190522,"ALT 수치 상승이 정상최고치(ULN) 대비 5배 이상 나오는 빈도가 유의적으로 높게 나타남","","정상"
"병용금기","복합",D000749,"Ethinyl estradiol","에티닐에스트라디올","[D000389]Gestodene(게스토덴)","[A005749]에티닐에스트라디올/[M040405]에치닐에스트라디올/[M223147]에티닐에스트라디올/[M259133]에티닐에스트라디올(EE-베타덱스 포접체로서)/[M082621]게스토덴","[02540]피임제","복합",D001174,Ombitasvir,"옴비타스비르","[D001175]Paritaprevir(파리타프레비르)/[D000712]Ritonavir(리토나비르)","[A000902]옴비타스비르/[A001241]파리타프레비르/[M118365]파리타프레비르/[M259362]리토나비르","[06290]기타의 화학요법제",20190522,"ALT 수치 상승이 정상최고치(ULN) 대비 5배 이상 나오는 빈도가 유의적으로 높게 나타남","","정상"
"병용금기","복합",D000749,"Ethinyl estradiol","에티닐에스트라디올","[D000617]Levonorgestrel(레보노르게스트렐)","[A005749]에티닐에스트라디올/[M040405]에치닐에스트라디올/[M223147]에티닐에스트라디올/[M259133]에티닐에스트라디올(EE-베타덱스 포접체로서)/[M095487]레보노르게스트렐","[02540]피임제","복합",D001174,Ombitasvir,"옴비타스비르","[D001175]Paritaprevir(파리타프레비르)/[D000712]Ritonavir(리토나비르)","[A000902]옴비타스비르/[A001241]파리타프레비르/[M118365]파리타프레비르/[M259362]리토나비르","[06290]기타의 화학요법제",20190522,"ALT 수치 상승이 정상최고치 (ULN) 대비 5배 이상 나오는 빈도가 유의적으로 높게 나타남","","정상"
"병용금기","복합",D000749,"Ethinyl estradiol","에티닐에스트라디올","[D000694]Desogestrel(데소게스트렐)","[A005749]에티닐에스트라디올/[M040405]에치닐에스트라디올/[M223147]에티닐에스트라디올/[M259133]에티닐에스트라디올(EE-베타덱스 포접체로서)/[M083365]데소게스트렐","[02540]피임제","복합",D001174,Ombitasvir,"옴비타스비르","[D001175]Paritaprevir(파리타프레비르)/[D000712]Ritonavir(리토나비르)","[A000902]옴비타스비르/[A001241]파리타프레비르/[M118365]파리타프레비르/[M259362]리토나비르","[06290]기타의 화학요법제",20190522,"ALT 수치 상승이 정상최고치(ULN) 대비 5배 이상 나오는 빈도가 유의적으로 높게 나타남","","정상"
"병용금기","복합",D000749,"Ethinyl estradiol","에티닐에스트라디올","[D000789]Drospirenone(드로스피레논)","[A005749]에티닐에스트라디올/[M040405]에치닐에스트라디올/[M223147]에티닐에스트라디올/[M259133]에티닐에스트라디올(EE-베타덱스 포접체로서)/[M211129]드로스피레논","[02540]피임제","복합",D001174,Ombitasvir,"옴비타스비르","[D001175]Paritaprevir(파리타프레비르)/[D000712]Ritonavir(리토나비르)","[A000902]옴비타스비르/[A001241]파리타프레비르/[M118365]파리타프레비르/[M259362]리토나비르","[06290]기타의 화학요법제",20190522,"ALT 수치 상승이 정상치 상한 기준보다 20배 이상 높게 나타나는 데 영향이 있음","","정상"
"병용금기","복합",D000749,"Ethinyl estradiol","에티닐에스트라디올","[D000733]Cyproterone(시프로테론)","[A005749]에티닐에스트라디올/[M040405]에치닐에스트라디올/[M223147]에티닐에스트라디올/[M259133]에티닐에스트라디올(EE-베타덱스 포접체로서)/[M080323]초산시프로테론/[M222867]시프로테론아세테이트","[02490]기타의 호르몬제(항호르몬제를 포함)","복합",D001174,Ombitasvir,"옴비타스비르","[D001175]Paritaprevir(파리타프레비르)/[D000712]Ritonavir(리토나비르)","[A000902]옴비타스비르/[A001241]파리타프레비르/[M118365]파리타프레비르/[M259362]리토나비르","[06290]기타의 화학요법제",20190522,"ALT 수치가 정상치 상한 기준보다 20배 이상 높게 나타나는 데 영향이 있음","","정상"
"병용금기","단일",D000716,Methotrexate,"메토트렉세이트","","[M040168]메토트렉세이트","[04210]항악성종양제","단일",D001176,"nitrous oxide","아산화질소","","[M040349]아산화질소","[01110]전신마취제",20190522,"엽산 의존 대사 경로에서 구내염, 골수억제 및 신경독성과 같은 독성을 잠재적으로 유발하는 메토트렉세이트의 효과 증가","","정상"
"병용금기","단일",D000076,Gemfibrozil,"겜피브로질","","[M081453]겜피브로질","[02180]동맥경화용제","단일",D001177,Dasabuvir,"다사부비르","","[A000126]다사부비르","[06290]기타의 화학요법제",20190522,"다사부비르의 AUC 약 11배, Cmax 약 2배 증가 다사부비르의 혈중농도 증가는 QT 연장을 일으킬 수 있음.","","정상"
"병용금기","단일",D000076,Gemfibrozil,"겜피브로질","","[M081453]겜피브로질","[02180]동맥경화용제","단일",D001178,selexipag,"셀렉시팍","","[A000603]셀렉시팍","[02140]혈압강하제",20190522,"셀레시팍 노출 약 2배 증가, 셀레시팍 활성대사체 노출 약 11배 증가","","정상"
"병용금기","복합",D000018,"Bupropion Hydrochloride","부프로피온염산염","[D001312]Naltrexone(날트렉손)","[I000166]부프로피온염산염/[M095783]염산부프로피온/[M233238]부프로피온염산염/[A000098]날트렉손","[01230]자율신경제","단일",D000505,Diethylpropion,"디에틸프로피온","","[M215226]염산디에칠프로피온/[M230781]디에틸프로피온염산염","[01230]자율신경제",20191217,"판막심장병 위험","","정상"
"병용금기","복합",D000018,"Bupropion Hydrochloride","부프로피온염산염","[D001312]Naltrexone(날트렉손)","[I000166]부프로피온염산염/[M095783]염산부프로피온/[M233238]부프로피온염산염/[A000098]날트렉손","[01230]자율신경제","단일",D001063,Lorcaserin,"로카세린","","[I012676]로카세린염산염수화물/[M261521]로카세린염산염수화물","[01230]자율신경제",20191217,"안전성 및 유효성 미확립","","정상"
"병용금기","복합",D000018,"Bupropion Hydrochloride","부프로피온염산염","[D001312]Naltrexone(날트렉손)","[I000166]부프로피온염산염/[M095783]염산부프로피온/[M233238]부프로피온염산염/[A000098]날트렉손","[01230]자율신경제","단일",D000714,Mazindol,"마진돌","","[M092419]마진돌","[01230]자율신경제",20191217,"폐동맥고혈압 위험 증가","","정상"
"병용금기","복합",D000018,"Bupropion Hydrochloride","부프로피온염산염","[D001312]Naltrexone(날트렉손)","[I000166]부프로피온염산염/[M095783]염산부프로피온/[M233238]부프로피온염산염/[A000098]날트렉손","[01230]자율신경제","단일",D000701,"Phendimetrazine tartrate","펜디메트라진타르타르산염","","[M088437]주석산펜디메트라진/[M214394]주석산펜디메트라진/[M230784]펜디메트라진타르타르산염","[01230]자율신경제",20191217,"판막심장병 위험","","정상"
"병용금기","복합",D000018,"Bupropion Hydrochloride","부프로피온염산염","[D001312]Naltrexone(날트렉손)","[I000166]부프로피온염산염/[M095783]염산부프로피온/[M233238]부프로피온염산염/[A000098]날트렉손","[01230]자율신경제","단일",D000795,Phentermine,"펜터민","","[M099629]염산펜터민/[M219108]염산펜터민/[M238557]펜터민염산염","[01230]자율신경제",20191217,"판막심장병 위험","","정상"
"병용금기","단일",D001063,Lorcaserin,"로카세린","","[I012676]로카세린염산염수화물/[M261521]로카세린염산염수화물","[01230]자율신경제","단일",D000505,Diethylpropion,"디에틸프로피온","","[M215226]염산디에칠프로피온/[M230781]디에틸프로피온염산염","[01230]자율신경제",20191217,"판막심장병 위험","","정상"
"병용금기","단일",D001063,Lorcaserin,"로카세린","","[I012676]로카세린염산염수화물/[M261521]로카세린염산염수화물","[01230]자율신경제","단일",D000714,Mazindol,"마진돌","","[M092419]마진돌","[01230]자율신경제",20191217,"폐동맥고혈압 위험 증가","","정상"
"병용금기","단일",D001063,Lorcaserin,"로카세린","","[I012676]로카세린염산염수화물/[M261521]로카세린염산염수화물","[01230]자율신경제","단일",D000701,"Phendimetrazine tartrate","펜디메트라진타르타르산염","","[M088437]주석산펜디메트라진/[M214394]주석산펜디메트라진/[M230784]펜디메트라진타르타르산염","[01230]자율신경제",20191217,"판막심장병 위험","","정상"
"병용금기","단일",D001063,Lorcaserin,"로카세린","","[I012676]로카세린염산염수화물/[M261521]로카세린염산염수화물","[01230]자율신경제","단일",D000795,Phentermine,"펜터민","","[M099629]염산펜터민/[M219108]염산펜터민/[M238557]펜터민염산염","[01230]자율신경제",20191217,"판막심장병 위험","","정상"
"병용금기","단일",D000113,Haloperidol,"할로페리돌","","[M040766]할로페리돌/[M089302]할로페리돌데카노에이트","[01170]정신신경용제","복합",D000302,Levodopa,"레보도파","[D000051]Carbidopa(카르비도파)","[M040122]레보도파/[M089172]카르비도파/[M256275]카르비도파수화물","[01190]기타의 중추신경용약/[07190]기타의 조제용약",20191217,"Levodopa의 치료효과 감소","","정상"
"병용금기","단일",D000113,Haloperidol,"할로페리돌","","[M040766]할로페리돌/[M089302]할로페리돌데카노에이트","[01170]정신신경용제","복합",D000302,Levodopa,"레보도파","[D000051]Carbidopa(카르비도파)","[M040122]레보도파/[M089172]카르비도파/[M256275]카르비도파수화물","[01190]기타의 중추신경용약",20191217,"","","정상"
"병용금기","단일",D000113,Haloperidol,"할로페리돌","","[M040766]할로페리돌/[M089302]할로페리돌데카노에이트","[01170]정신신경용제","복합",D000302,Levodopa,"레보도파","[D000563]Benserazide(벤세라지드)","[M040122]레보도파/[A005563]벤세라지드","[01190]기타의 중추신경용약",20191217,"Levodopa의 치료효과 감소","","정상"
"병용금기","단일",D000113,Haloperidol,"할로페리돌","","[M040766]할로페리돌/[M089302]할로페리돌데카노에이트","[01170]정신신경용제","단일",D000259,Amiodarone,"아미오다론","","[A005259]아미오다론","[02120]부정맥용제",20191217,"QT간격 연장 위험 증가","","정상"
"병용금기","단일",D000113,Haloperidol,"할로페리돌","","[M040766]할로페리돌/[M089302]할로페리돌데카노에이트","[01170]정신신경용제","단일",D000201,Dronedarone,"드로네다론","","[M249412]드로네다론염산염","[02120]부정맥용제",20191217,"QT간격 연장 위험 증가","","정상"
"병용금기","단일",D000113,Haloperidol,"할로페리돌","","[M040766]할로페리돌/[M089302]할로페리돌데카노에이트","[01170]정신신경용제","단일",D000022,Sotalol,"소타롤","","[A005022]소타롤","[02120]부정맥용제",20191217,"QT간격 연장 위험 증가","","정상"
"병용금기","단일",D000113,Haloperidol,"할로페리돌","","[M040766]할로페리돌/[M089302]할로페리돌데카노에이트","[01170]정신신경용제","단일",D000332,Citalopram,"시탈로프람","","[M085304]브롬화수소산시탈로프람","[01170]정신신경용제",20191217,"QT간격 연장 위험 증가","","정상"
"병용금기","단일",D000113,Haloperidol,"할로페리돌","","[M040766]할로페리돌/[M089302]할로페리돌데카노에이트","[01170]정신신경용제","단일",D000035,Escitalopram,"에스시탈로프람","","[M234885]에스시탈로프람옥살산염/[M256262]에스시탈로프람","[01170]정신신경용제",20191217,"QT간격 연장 위험 증가","","정상"
"병용금기","단일",D000113,Haloperidol,"할로페리돌","","[M040766]할로페리돌/[M089302]할로페리돌데카노에이트","[01170]정신신경용제","단일",D000742,Azithromycin,"아지트로마이신","","[M085338]아지스로마이신/[M222871]아지트로마이신/[M250781]아지트로마이신수화물","[06140]주로 그람양성균, 리케치아, 비루스에 작용하는 것",20191217,"QT간격 연장 위험 증가","","정상"
"병용금기","단일",D000113,Haloperidol,"할로페리돌","","[M040766]할로페리돌/[M089302]할로페리돌데카노에이트","[01170]정신신경용제","단일",D000373,Clarithromycin,"클래리트로마이신","","[M085725]클래리스로마이신/[M087123]클래리스로마이신코팅입자/[M102127]클래리스로마이신제피과립/[M222887]클래리트로마이신/[M223198]클래리트로마이신/[M245961]클래리트로마이신제피과립/[M256483]클래리트로마이신제피과립(42%)","[06190]기타의 항생물질제제(복합항생물질제제를 포함)",20191217,"QT간격 연장 위험 증가","","정상"
"병용금기","단일",D000113,Haloperidol,"할로페리돌","","[M040766]할로페리돌/[M089302]할로페리돌데카노에이트","[01170]정신신경용제","단일",D000793,Levofloxacin,"레보플록사신","","[M085584]레보플록사신/[M088567]레보플록사신수화물/[M251128]레보플록사신수화물","[06290]기타의 화학요법제",20191217,"QT간격 연장 위험 증가","","정상"
"병용금기","단일",D000113,Haloperidol,"할로페리돌","","[M040766]할로페리돌/[M089302]할로페리돌데카노에이트","[01170]정신신경용제","단일",D000430,Moxifloxacin,"목시플록사신","","[M090822]염산목시플록사신/[M247915]목시플록사신염산염/[M247929]목시플록사신","[06290]기타의 화학요법제",20191217,"QT간격 연장 위험 증가","","정상"
"병용금기","단일",D000113,Haloperidol,"할로페리돌","","[M040766]할로페리돌/[M089302]할로페리돌데카노에이트","[01170]정신신경용제","단일",D000584,Chlorpromazine,"클로르프로마진","","[M040618]염산클로르프로마진/[M223216]클로르프로마진염산염","[01170]정신신경용제",20191217,"QT간격 연장 위험 증가","","정상"
"병용금기","단일",D000113,Haloperidol,"할로페리돌","","[M040766]할로페리돌/[M089302]할로페리돌데카노에이트","[01170]정신신경용제","단일",D000792,Levomepromazine,"레보메프로마진","","[M222988]레보메프로마진말레산염","[01170]정신신경용제",20191217,"QT간격 연장 위험 증가","","정상"
"병용금기","단일",D000113,Haloperidol,"할로페리돌","","[M040766]할로페리돌/[M089302]할로페리돌데카노에이트","[01170]정신신경용제","단일",D000256,Erythromycin,"에리트로마이신","","[M020095]에리스로마이신/[M020096]락토비온산에리스로마이신/[M020099]에리스로마이신에스톨레이트/[M020201]프로피온산에리스로마이신/[M223129]에리트로마이신/[M223130]에리트로마이신스테아르산염/[M223131]에리트로마이신에스톨산염/[M223132]에리트로마이신에틸숙시네이트/[M251863]에리트로마이신락토비온산염/[M256206]에리트로마이신 장용피입자/[M257644]에리트로마이신스티노프레이트","[06140]주로 그람양성균, 리케치아, 비루스에 작용하는 것/[06150]주로 그람양성, 음성균, 리케치아, 비루스에 작용하는 것",20191217,"QT간격 연장 위험 증가","","정상"
"병용금기","단일",D000113,Haloperidol,"할로페리돌","","[M040766]할로페리돌/[M089302]할로페리돌데카노에이트","[01170]정신신경용제","단일",D000213,Pimozide,"피모짓","","[M071691]피모짓","[01170]정신신경용제",20191217,"QT간격 연장 위험 증가","","정상"
"병용금기","단일",D000113,Haloperidol,"할로페리돌","","[M040766]할로페리돌/[M089302]할로페리돌데카노에이트","[01170]정신신경용제","단일",D000173,Ziprasidone,"지프라시돈","","[M251493]지프라시돈염산염 일수화물","[01170]정신신경용제",20191217,"QT간격 연장 위험 증가","","정상"
"병용금기","단일",D000113,Haloperidol,"할로페리돌","","[M040766]할로페리돌/[M089302]할로페리돌데카노에이트","[01170]정신신경용제","단일",D000513,Pentamidin,"펜타미딘","","[M261497]펜타미딘이세티온산염","[06160]주로 곰팡이, 원충에 작용하는 것",20191217,"QT간격 연장 위험 증가","","정상"
"병용금기","단일",D000113,Haloperidol,"할로페리돌","","[M040766]할로페리돌/[M089302]할로페리돌데카노에이트","[01170]정신신경용제","단일",D000319,Dolasetron,"돌라세트론","","[M102047]메실산돌라세트론","[02350]최토제, 진토제",20191217,"QT간격 연장 위험 증가","","정상"
"병용금기","단일",D000113,Haloperidol,"할로페리돌","","[M040766]할로페리돌/[M089302]할로페리돌데카노에이트","[01170]정신신경용제","단일",D000842,Toremifene,"토레미펜","","[M089372]구연산토레미펜/[M246995]토레미펜시트르산염/[M255572]토레미펜구연산염","[04210]항악성종양제",20191217,"QT간격 연장 위험 증가","","정상"
"병용금기","단일",D000113,Haloperidol,"할로페리돌","","[M040766]할로페리돌/[M089302]할로페리돌데카노에이트","[01170]정신신경용제","단일",D000635,Vandetanib,"반데타닙","","[M257061]반데타닙","[04210]항악성종양제",20191217,"QT간격 연장 위험 증가","","정상"
"병용금기","복합",D000673,Cobicistat,"코비시스타트","[D000561]Elvitegravir(엘비테그라비르)/[D000665]Emtricitabine(엠트리시타빈)/[D000281]Tenofovir(테노포비르)","[M256270]코비시스타트이산화규소/[A005561]엘비테그라비르/[M250026]엠트리시타빈/[A001163]테노포비르","[06290]기타의 화학요법제","단일",D000476,Carbamazepine,"카르바마제핀","","[M040569]카르바마제핀/[M201734]카바마제핀","[01130]항전간제",20191217,"Cobicistat 및 Elvitegravir의 혈중농도 감소로 치료효과 소실 및 내성 발현 가능","","정상"
"병용금기","단일",D001314,"Radium 223 dichloride","라듐-223염화물","","[A000221]라듐-223","[04310]방사성 의약품","단일",D000146,Abiraterone,"아비라테론","","[M262177]아비라테론아세테이트(미분화)","[04210]항악성종양제",20191217,"골절 및 사망률 증가","","정상"
"병용금기","단일",D000762,Itraconazole,"이트라코나졸","","[M083733]이트라코나졸제피과립/[M083734]이트라코나졸/[M092870]이트라코나졸고체분산체/[M201487]이트라코나졸고체분산/[M201624]제피이트라코나졸과립","[06290]기타의 화학요법제","단일",D000201,Dronedarone,"드로네다론","","[M249412]드로네다론염산염","[02120]부정맥용제",20191217,"Dronedarone의 혈중농도 증가, TdP를 포함하는 중대한 심실성 부정맥 같은 Dronedarone 관련 약물이상반응 발생 위험이 증가. Itraconazole 투여 중 및 종료 후 2주 간 해당 성분 투여 금기","","정상"
"병용금기","단일",D000762,Itraconazole,"이트라코나졸","","[M083733]이트라코나졸제피과립/[M083734]이트라코나졸/[M092870]이트라코나졸고체분산체/[M201487]이트라코나졸고체분산/[M201624]제피이트라코나졸과립","[06290]기타의 화학요법제","단일",D000719,Mizolastine,"미졸라스틴","","[M089840]미졸라스틴","[01410]항히스타민제",20191217,"Mizolastine의 혈중농도 증가, QT 연장 같은 Mizolastine 관련 약물이상반응 발생 위험이 증가. Itraconazole 투여 중 및 종료 후 2주 간 해당 성분 투여 금기","","정상"
"병용금기","단일",D000762,Itraconazole,"이트라코나졸","","[M083733]이트라코나졸제피과립/[M083734]이트라코나졸/[M092870]이트라코나졸고체분산체/[M201487]이트라코나졸고체분산/[M201624]제피이트라코나졸과립","[06290]기타의 화학요법제","단일",D000161,Irinotecan,"이리노테칸","","[M090705]염산이리노테칸/[M234818]이리노테칸염산염","[04210]항악성종양제",20191217,"골수억제, 설사 등 이상반응 증가, Itraconazole 투여 중 및 종료 후 2주 간 해당 성분 투여 금기","","정상"
"병용금기","단일",D000762,Itraconazole,"이트라코나졸","","[M083733]이트라코나졸제피과립/[M083734]이트라코나졸/[M092870]이트라코나졸고체분산체/[M201487]이트라코나졸고체분산/[M201624]제피이트라코나졸과립","[06290]기타의 화학요법제","단일",D000404,Felodipine,"펠로디핀","","[M081580]펠로디핀과립4ㆍ79%/[M084735]펠로디핀","[02140]혈압강하제",20191217,"Felodipine의 혈중농도 증가, 저혈압 및 말초부종 같은 약물이상반응 발생 위험이 증가. Itraconazole 투여 중 및 종료 후 2주 간 해당 성분 투여 금기","","정상"
"병용금기","단일",D000762,Itraconazole,"이트라코나졸","","[M083733]이트라코나졸제피과립/[M083734]이트라코나졸/[M092870]이트라코나졸고체분산체/[M201487]이트라코나졸고체분산/[M201624]제피이트라코나졸과립","[06290]기타의 화학요법제","단일",D000616,Lercanidipine,"레르카니디핀","","[M100654]염산레르카니디핀/[M241001]레르카니디핀염산염/[M250577]레르카니디핀염산염/[M255716]레르카티디핀염산염","[02170]혈관확장제/[02140]혈압강하제",20191217,"Lercanidipine의 혈중농도 증가, 저혈압 및 말초부종 같은 약물이상반응 발생 위험이 증가. Itraconazole 투여 중 및 종료 후 2주 간 해당 성분 투여 금기","","정상"
"병용금기","단일",D000762,Itraconazole,"이트라코나졸","","[M083733]이트라코나졸제피과립/[M083734]이트라코나졸/[M092870]이트라코나졸고체분산체/[M201487]이트라코나졸고체분산/[M201624]제피이트라코나졸과립","[06290]기타의 화학요법제","단일",D000084,Dapoxetine,"다폭세틴","","[M245211]다폭세틴염산염/[M245237]다폭세틴염산염","[02590]기타의 비뇨생식기관 및 항문용약",20191217,"Dapoxetine의 혈중농도 증가, Itraconazole 투여 중 및 종료 후 2주 간 해당 성분 투여 금기","","정상"
"병용금기","단일",D000517,Fluconazole,"플루코나졸","","[M084154]플루코나졸","[06290]기타의 화학요법제","단일",D000256,Erythromycin,"에리트로마이신","","[M020095]에리스로마이신/[M020096]락토비온산에리스로마이신/[M020099]에리스로마이신에스톨레이트/[M020201]프로피온산에리스로마이신/[M223129]에리트로마이신/[M223130]에리트로마이신스테아르산염/[M223131]에리트로마이신에스톨산염/[M223132]에리트로마이신에틸숙시네이트/[M251863]에리트로마이신락토비온산염/[M256206]에리트로마이신 장용피입자/[M257644]에리트로마이신스티노프레이트","[06140]주로 그람양성균, 리케치아, 비루스에 작용하는 것/[06150]주로 그람양성, 음성균, 리케치아, 비루스에 작용하는 것",20191217,"QT연장, Torsade de pointes 위험성 증가","","정상"
"병용금기","단일",D000443,Voriconazole,"보리코나졸","","[I005813]보리코나졸/[M102252]보리코나졸","[06290]기타의 화학요법제","단일",D001081,Rifabutin,"리파부틴","","[I003537]리파부틴/[M089091]리파부틴","[06130]주로 항산성균에 작용하는 것",20191217,"Rifabutin의 혈중농도 증가, Voriconazole의 농도 감소","","정상"
"병용금기","단일",D000443,Voriconazole,"보리코나졸","","[I005813]보리코나졸/[M102252]보리코나졸","[06290]기타의 화학요법제","단일",D000282,Phenobarbital,"페노바르비탈","","[M040685]페노바르비탈/[M217088]페노바르비탈나트륨","[01120]최면진정제",20191217,"Phenobarbital의 혈중농도 증가, Voriconazole의 농도 감소","","정상"
"병용금기","단일",D000443,Voriconazole,"보리코나졸","","[I005813]보리코나졸/[M102252]보리코나졸","[06290]기타의 화학요법제","단일",D001082,Sirolimus,"시롤리무스","","[I003725]시롤리무스/[M092290]시롤리머스/[M096307]시롤리무스/[M212252]시롤리무스분산용액/[M259798]시롤리무스분산용액/[M269901]시롤리무스","[01420]자격요법제(비특이성면역억제제를 포함)",20191217,"Sirolimus의 농도 증가","","정상"
"병용금기","단일",D000443,Voriconazole,"보리코나졸","","[I005813]보리코나졸/[M102252]보리코나졸","[06290]기타의 화학요법제","단일",D000447,"St. Johns Wort","세인트존스워트","","[M220509]세인트존스워트/[M248295]세인트존스워트80%메탄올엑스/[M255952]세인트존스워트50%에탄올엑스/[M256845]세인트존스워트틴크D2/[M258013]세인트존스워트80%메탄올건조엑스","[01190]기타의 중추신경용약",20191217,"Voriconazole의 농도 감소","","정상"
"병용금기","단일",D000405,Posaconazole,"포사코나졸","","[M256381]포사코나졸(미분화)","[06290]기타의 화학요법제","단일",D000455,Atorvastatin,"아토르바스타틴","","[I004369]아토르바스타틴칼슘수화물/[M093499]아토르바스타틴칼슘/[M213543]무수아토르바스타틴칼슘/[M215219]아토르바스타틴칼슘삼수화물/[M218956]아토르바스타틴삼수화물/[M244955]아토르바스타틴 스트론튬/[M247057]아토르바스타틴칼슘염무수물/[M251687]아토르바스타틴칼슘/[M256664]아토르바스타틴칼슘수화물/[M263837]아토르바스타틴","[02180]동맥경화용제",20191217,"횡문근융해를 비롯한 근육병증 발생가능성 증가","","정상"
"병용금기","복합",D000673,Cobicistat,"코비시스타트","[D000561]Elvitegravir(엘비테그라비르)/[D000665]Emtricitabine(엠트리시타빈)/[D000281]Tenofovir(테노포비르)","[M256270]코비시스타트이산화규소/[A005561]엘비테그라비르/[M250026]엠트리시타빈/[A001163]테노포비르","[06290]기타의 화학요법제","단일",D000282,Phenobarbital,"페노바르비탈","","[M040685]페노바르비탈/[M217088]페노바르비탈나트륨","[01120]최면진정제",20191217,"Cobicistat 및 Elvitegravir의 혈중농도 감소로 치료효과 소실 및 내성 발현 가능","","정상"
"병용금기","복합",D000673,Cobicistat,"코비시스타트","[D000561]Elvitegravir(엘비테그라비르)/[D000665]Emtricitabine(엠트리시타빈)/[D000281]Tenofovir(테노포비르)","[M256270]코비시스타트이산화규소/[A005561]엘비테그라비르/[M250026]엠트리시타빈/[A001163]테노포비르","[06290]기타의 화학요법제","단일",D000595,Phenytoin,"페니토인","","[M051706]페니토인/[M051707]페니토인나트륨","[01130]항전간제",20191217,"Cobicistat 및 Elvitegravir의 혈중농도 감소로 치료효과 소실 및 내성 발현 가능","","정상"
"병용금기","복합",D000673,Cobicistat,"코비시스타트","[D000561]Elvitegravir(엘비테그라비르)/[D000665]Emtricitabine(엠트리시타빈)/[D000281]Tenofovir(테노포비르)","[M256270]코비시스타트이산화규소/[A005561]엘비테그라비르/[M250026]엠트리시타빈/[A001163]테노포비르","[06290]기타의 화학요법제","단일",D000209,Fosphenytoin,"포스페니토인","","[M235712]포스페니토인나트륨","[01130]항전간제",20191217,"Cobicistat 및 Elvitegravir의 혈중농도 감소로 치료효과 소실 및 내성 발현 가능","","정상"
"병용금기","복합",D000673,Cobicistat,"코비시스타트","[D000561]Elvitegravir(엘비테그라비르)/[D000665]Emtricitabine(엠트리시타빈)/[D000281]Tenofovir(테노포비르)","[M256270]코비시스타트이산화규소/[A005561]엘비테그라비르/[M250026]엠트리시타빈/[A001163]테노포비르","[06290]기타의 화학요법제","단일",D001081,Rifabutin,"리파부틴","","[I003537]리파부틴/[M089091]리파부틴","[06130]주로 항산성균에 작용하는 것",20191217,"Cobicistat 및 Elvitegravir의 혈중농도 감소로 치료효과 소실 및 내성 발현 가능","","정상"
"병용금기","복합",D000673,Cobicistat,"코비시스타트","[D000561]Elvitegravir(엘비테그라비르)/[D000665]Emtricitabine(엠트리시타빈)/[D000281]Tenofovir(테노포비르)","[M256270]코비시스타트이산화규소/[A005561]엘비테그라비르/[M250026]엠트리시타빈/[A001163]테노포비르","[06290]기타의 화학요법제","단일",D000314,Rifampicin,"리팜피신","","[M020042]리팜피신","[06130]주로 항산성균에 작용하는 것",20191217,"Cobicistat 및 Elvitegravir의 혈중농도 감소로 치료효과 소실 및 내성 발현 가능","","정상"
"병용금기","복합",D000673,Cobicistat,"코비시스타트","[D000561]Elvitegravir(엘비테그라비르)/[D000665]Emtricitabine(엠트리시타빈)/[D000281]Tenofovir(테노포비르)","[M256270]코비시스타트이산화규소/[A005561]엘비테그라비르/[M250026]엠트리시타빈/[A001163]테노포비르","[06290]기타의 화학요법제","단일",D000447,"St. Johns Wort","세인트존스워트","","[M220509]세인트존스워트/[M248295]세인트존스워트80%메탄올엑스/[M255952]세인트존스워트50%에탄올엑스/[M256845]세인트존스워트틴크D2/[M258013]세인트존스워트80%메탄올건조엑스","[01190]기타의 중추신경용약",20191217,"Cobicistat 및 Elvitegravir의 혈중농도 감소로 치료효과 소실 및 내성 발현 가능","","정상"
"병용금기","복합",D000673,Cobicistat,"코비시스타트","[D000561]Elvitegravir(엘비테그라비르)/[D000665]Emtricitabine(엠트리시타빈)/[D000281]Tenofovir(테노포비르)","[M256270]코비시스타트이산화규소/[A005561]엘비테그라비르/[M250026]엠트리시타빈/[A001163]테노포비르","[06290]기타의 화학요법제","단일",D001030,Alfuzosin,"알푸조신","","[M085821]염산알푸조신/[M222874]알푸조신염산염","[02590]기타의 비뇨생식기관 및 항문용약",20191217,"Alfuzosin 혈중농도 증가","","정상"
"병용금기","복합",D000673,Cobicistat,"코비시스타트","[D000561]Elvitegravir(엘비테그라비르)/[D000665]Emtricitabine(엠트리시타빈)/[D000281]Tenofovir(테노포비르)","[M256270]코비시스타트이산화규소/[A005561]엘비테그라비르/[M250026]엠트리시타빈/[A001163]테노포비르","[06290]기타의 화학요법제","단일",D000259,Amiodarone,"아미오다론","","[A005259]아미오다론","[02120]부정맥용제",20191217,"Amiodarone 혈중농도 증가","","정상"
"병용금기","복합",D000673,Cobicistat,"코비시스타트","[D000561]Elvitegravir(엘비테그라비르)/[D000665]Emtricitabine(엠트리시타빈)/[D000281]Tenofovir(테노포비르)","[M256270]코비시스타트이산화규소/[A005561]엘비테그라비르/[M250026]엠트리시타빈/[A001163]테노포비르","[06290]기타의 화학요법제","단일",D000020,Blonanserin,"블로난세린","","[M247117]블로난세린","[01170]정신신경용제",20191217,"Blonanserin 혈중농도 증가","","정상"
"병용금기","복합",D000673,Cobicistat,"코비시스타트","[D000561]Elvitegravir(엘비테그라비르)/[D000665]Emtricitabine(엠트리시타빈)/[D000281]Tenofovir(테노포비르)","[M256270]코비시스타트이산화규소/[A005561]엘비테그라비르/[M250026]엠트리시타빈/[A001163]테노포비르","[06290]기타의 화학요법제","단일",D000202,Dihydroergotamine,"디히드로에르고타민","","[M086240]디히드로에르고타민메실레이트","[01140]해열.진통.소염제",20191217,"Dihydroergotamine 혈중농도 증가, 말초혈관연축 또는 국소빈혈","","정상"
"병용금기","복합",D000673,Cobicistat,"코비시스타트","[D000561]Elvitegravir(엘비테그라비르)/[D000665]Emtricitabine(엠트리시타빈)/[D000281]Tenofovir(테노포비르)","[M256270]코비시스타트이산화규소/[A005561]엘비테그라비르/[M250026]엠트리시타빈/[A001163]테노포비르","[06290]기타의 화학요법제","단일",D000228,Methylergometrine,"메틸에르고메트린","","[M070382]말레인산메칠에르고메트린/[M223020]메틸에르고메트린말레산염","[02520]자궁수축제",20191217,"Ergometrine 혈중농도 증가, 말초혈관연축 또는 국소빈혈","","정상"
"병용금기","복합",D000673,Cobicistat,"코비시스타트","[D000561]Elvitegravir(엘비테그라비르)/[D000665]Emtricitabine(엠트리시타빈)/[D000281]Tenofovir(테노포비르)","[M256270]코비시스타트이산화규소/[A005561]엘비테그라비르/[M250026]엠트리시타빈/[A001163]테노포비르","[06290]기타의 화학요법제","복합",D000747,Ergotamine,"에르고타민","[D000852]Caffeine(카페인)","[M040398]주석산에르고타민/[M223126]에르고타민타르타르산염/[M040579]카페인(함수)/[M040580]무수카페인/[M090611]카페인/[M223183]카페인무수물/[M223184]카페인수화물/[M241017]무수물카페인","[01140]해열.진통.소염제",20191217,"Ergotamine 혈중농도 증가, 말초혈관연축 또는 국소빈혈","","정상"
"병용금기","복합",D000673,Cobicistat,"코비시스타트","[D000561]Elvitegravir(엘비테그라비르)/[D000665]Emtricitabine(엠트리시타빈)/[D000281]Tenofovir(테노포비르)","[M256270]코비시스타트이산화규소/[A005561]엘비테그라비르/[M250026]엠트리시타빈/[A001163]테노포비르","[06290]기타의 화학요법제","단일",D000419,Lovastatin,"로바스타틴","","[M083392]로바스타틴","[02180]동맥경화용제",20191217,"Lovastatin 혈중농도 증가, 횡문근융해를 비롯한 근육병증","","정상"
"병용금기","복합",D000673,Cobicistat,"코비시스타트","[D000561]Elvitegravir(엘비테그라비르)/[D000665]Emtricitabine(엠트리시타빈)/[D000281]Tenofovir(테노포비르)","[M256270]코비시스타트이산화규소/[A005561]엘비테그라비르/[M250026]엠트리시타빈/[A001163]테노포비르","[06290]기타의 화학요법제","단일",D000027,Simvastatin,"심바스타틴","","[M089710]심바스타틴","[02180]동맥경화용제",20191217,"Simvastatin 혈중농도 증가, 횡문근융해를 비롯한 근육병증","","정상"
"병용금기","복합",D000673,Cobicistat,"코비시스타트","[D000561]Elvitegravir(엘비테그라비르)/[D000665]Emtricitabine(엠트리시타빈)/[D000281]Tenofovir(테노포비르)","[M256270]코비시스타트이산화규소/[A005561]엘비테그라비르/[M250026]엠트리시타빈/[A001163]테노포비르","[06290]기타의 화학요법제","단일",D000592,Triazolam,"트리아졸람","","[I005603]트리아졸람/[M088380]트리아졸람","[01120]최면진정제",20191217,"Triazolam 혈중농도 증가, 진정 또는 호흡 억제의 연장 또는 증가","","정상"
"병용금기","복합",D000673,Cobicistat,"코비시스타트","[D000561]Elvitegravir(엘비테그라비르)/[D000665]Emtricitabine(엠트리시타빈)/[D000281]Tenofovir(테노포비르)","[M256270]코비시스타트이산화규소/[A005561]엘비테그라비르/[M250026]엠트리시타빈/[A001163]테노포비르","[06290]기타의 화학요법제","단일",D000246,Sildenafil,"실데나필","","[M089346]구연산실데나필/[M252789]실데나필시트르산염/[M253237]실데나필","[02140]혈압강하제/[02590]기타의 비뇨생식기관 및 항문용약",20191217,"Sildenafil 혈중농도 증가, 병용투여 할 경우에는 Sildenafil의 투여용량이 25mg을 초과하지 않도록 하며, 48시간 내 재투여 금지","","정상"
"병용금기","복합",D000673,Cobicistat,"코비시스타트","[D000561]Elvitegravir(엘비테그라비르)/[D000665]Emtricitabine(엠트리시타빈)/[D000281]Tenofovir(테노포비르)","[M256270]코비시스타트이산화규소/[A005561]엘비테그라비르/[M250026]엠트리시타빈/[A001163]테노포비르","[06290]기타의 화학요법제","단일",D000181,Tadalafil,"타다라필","","[M095435]타다라필","[02590]기타의 비뇨생식기관 및 항문용약",20191217,"Tadalafil 혈중농도 증가, 병용투여 할 경우에는 Tadalafil의 투여용량이 10mg을 초과하지 않도록 하며, 72시간 내 재투여 금지","","정상"
"병용금기","단일",D001075,Asunaprevir,"아수나프레비르","","[I012690]아수나프레비르","[06290]기타의 화학요법제","단일",D000334,Cyclosporine,"사이클로스포린","","[A005971]시클로스포린/[M040068]마이크로에멀젼용시클로스포린/[M085282]사이클로스포린/[M085565]시클로스포린","[01310]안과용제/[01420]자격요법제(비특이성면역억제제를 포함)",20171106,"아수나프레비르에 대한 바이러스 반응의 소실을 유발 가능","","정상"
"병용금기","단일",D000027,Simvastatin,"심바스타틴","","[M089710]심바스타틴","[02180]동맥경화용제","단일",D000334,Cyclosporine,"사이클로스포린","","[A005971]시클로스포린/[M040068]마이크로에멀젼용시클로스포린/[M085282]사이클로스포린/[M085565]시클로스포린","[01420]자격요법제(비특이성면역억제제를 포함)",20200710,"혈중농도 상승 및 근육병증/횡문근융해증 위험성 증가","","정상"
"병용금기","단일",D000219,Rosuvastatin,"로수바스타틴","","[M095744]로수바스타틴칼슘/[M258559]로수바스타틴칼슘염/[M270546]로수바스타틴칼슘(미분화)","[02180]동맥경화용제","단일",D000334,Cyclosporine,"사이클로스포린","","[A005971]시클로스포린/[M040068]마이크로에멀젼용시클로스포린/[M085282]사이클로스포린/[M085565]시클로스포린","[01420]자격요법제(비특이성면역억제제를 포함)",20200710,"혈중농도 상승 및 근육병증/횡문근융해증 위험성 증가","","정상"
"병용금기","단일",D000455,Atorvastatin,"아토르바스타틴","","[I004369]아토르바스타틴칼슘수화물/[M093499]아토르바스타틴칼슘/[M213543]무수아토르바스타틴칼슘/[M215219]아토르바스타틴칼슘삼수화물/[M218956]아토르바스타틴삼수화물/[M244955]아토르바스타틴 스트론튬/[M247057]아토르바스타틴칼슘염무수물/[M251687]아토르바스타틴칼슘/[M256664]아토르바스타틴칼슘수화물/[M263837]아토르바스타틴","[02180]동맥경화용제","단일",D000334,Cyclosporine,"사이클로스포린","","[A005971]시클로스포린/[M040068]마이크로에멀젼용시클로스포린/[M085282]사이클로스포린/[M085565]시클로스포린","[01420]자격요법제(비특이성면역억제제를 포함)",20200710,"혈중농도 상승 및 근육병증/횡문근융해증 위험성 증가","","정상"
"병용금기","단일",D000419,Lovastatin,"로바스타틴","","[M083392]로바스타틴","[02180]동맥경화용제","단일",D000334,Cyclosporine,"사이클로스포린","","[A005971]시클로스포린/[M040068]마이크로에멀젼용시클로스포린/[M085282]사이클로스포린/[M085565]시클로스포린","[01420]자격요법제(비특이성면역억제제를 포함)",20200710,"혈중농도 상승 및 근육병증/횡문근융해증 위험성 증가","","정상"
"병용금기","단일",D000518,Pitavastatin,"피타바스타틴","","[M102119]피타바스타틴칼슘/[M259724]피타바스타틸칼슘","[02180]동맥경화용제","단일",D000334,Cyclosporine,"사이클로스포린","","[A005971]시클로스포린/[M040068]마이크로에멀젼용시클로스포린/[M085282]사이클로스포린/[M085565]시클로스포린","[01420]자격요법제(비특이성면역억제제를 포함)",20200710,"혈중농도 상승 및 근육병증/횡문근융해증 위험성 증가","","정상"
"병용금기","단일",D000760,Iobitridol,"이오비트리돌","","[M086785]이오비트리돌","[07210]X선조영제","복합",D000718,Metformin,"메트포르민","[D000442]Voglibose(보글리보스)","[M201260]염산메트포민/[M214651]염산메트포르민/[M223014]메트포르민염산염/[M244179]메트포르민염산염/[M255741]메트포르민아세트산염/[M263864]메트포르민/[M266682]메트포르민염산염 콜로이드성이산화규소/[M051790]보글리보스","[03960]당뇨병용제",20200710,"기능적 신부전에 의해 유산 산성증 촉진","48시간 이내 병용금기","정상"
"병용금기","단일",D000760,Iobitridol,"이오비트리돌","","[M086785]이오비트리돌","[07210]X선조영제","복합",D000718,Metformin,"메트포르민","[D000600]Gliclazide(글리클라지드)","[M201260]염산메트포민/[M214651]염산메트포르민/[M223014]메트포르민염산염/[M244179]메트포르민염산염/[M255741]메트포르민아세트산염/[M263864]메트포르민/[M266682]메트포르민염산염 콜로이드성이산화규소/[M099438]글리클라짓/[M222831]글리클라지드/[M258015]글리크라짓","[03960]당뇨병용제",20200710,"기능적 신부전에 의해 유산 산성증 촉진","48시간 이내 병용금기","정상"
"병용금기","단일",D000760,Iobitridol,"이오비트리돌","","[M086785]이오비트리돌","[07210]X선조영제","복합",D000718,Metformin,"메트포르민","[D000690]Glibenclamide(글리벤클라미드)","[M201260]염산메트포민/[M214651]염산메트포르민/[M223014]메트포르민염산염/[M244179]메트포르민염산염/[M255741]메트포르민아세트산염/[M263864]메트포르민/[M266682]메트포르민염산염 콜로이드성이산화규소/[M050102]글리벤클라미드","[03960]당뇨병용제",20200710,"기능적 신부전에 의해 유산 산성증 촉진","48시간 이내 병용금기","정상"
"병용금기","단일",D000760,Iobitridol,"이오비트리돌","","[M086785]이오비트리돌","[07210]X선조영제","복합",D000718,Metformin,"메트포르민","[D000392]Glimepiride(글리메피리드)","[M201260]염산메트포민/[M214651]염산메트포르민/[M223014]메트포르민염산염/[M244179]메트포르민염산염/[M255741]메트포르민아세트산염/[M263864]메트포르민/[M266682]메트포르민염산염 콜로이드성이산화규소/[M086024]글리메피리드","[03960]당뇨병용제",20200710,"기능적 신부전에 의해 유산 산성증 촉진","48시간 이내 병용금기","정상"
"병용금기","단일",D000760,Iobitridol,"이오비트리돌","","[M086785]이오비트리돌","[07210]X선조영제","복합",D000718,Metformin,"메트포르민","[D000418]Repaglinide(레파글리니드)","[M201260]염산메트포민/[M214651]염산메트포르민/[M223014]메트포르민염산염/[M244179]메트포르민염산염/[M255741]메트포르민아세트산염/[M263864]메트포르민/[M266682]메트포르민염산염 콜로이드성이산화규소/[M088889]레파글리니드","[03960]당뇨병용제",20200710,"기능적 신부전에 의해 유산 산성증 촉진","48시간 이내 병용금기","정상"
"병용금기","단일",D000760,Iobitridol,"이오비트리돌","","[M086785]이오비트리돌","[07210]X선조영제","복합",D000718,Metformin,"메트포르민","[D000445]Vildagliptin(빌다글립틴)","[M201260]염산메트포민/[M214651]염산메트포르민/[M223014]메트포르민염산염/[M244179]메트포르민염산염/[M255741]메트포르민아세트산염/[M263864]메트포르민/[M266682]메트포르민염산염 콜로이드성이산화규소/[M221584]빌다글립틴/[M262420]빌다글립틴(미분화)","[03960]당뇨병용제",20200710,"기능적 신부전에 의해 유산 산성증 촉진","48시간 이내 병용금기","정상"
"병용금기","단일",D000760,Iobitridol,"이오비트리돌","","[M086785]이오비트리돌","[07210]X선조영제","복합",D000718,Metformin,"메트포르민","[D000117]Linagliptin(리나글립틴)","[M201260]염산메트포민/[M214651]염산메트포르민/[M223014]메트포르민염산염/[M244179]메트포르민염산염/[M255741]메트포르민아세트산염/[M263864]메트포르민/[M266682]메트포르민염산염 콜로이드성이산화규소/[M252996]리나글립틴","[03960]당뇨병용제",20200710,"기능적 신부전에 의해 유산 산성증 촉진","48시간 이내 병용금기","정상"
"병용금기","단일",D000760,Iobitridol,"이오비트리돌","","[M086785]이오비트리돌","[07210]X선조영제","복합",D000718,Metformin,"메트포르민","[D000157]Empagliflozin(엠파글리플로진)","[M201260]염산메트포민/[M214651]염산메트포르민/[M223014]메트포르민염산염/[M244179]메트포르민염산염/[M255741]메트포르민아세트산염/[M263864]메트포르민/[M266682]메트포르민염산염 콜로이드성이산화규소/[M260057]엠파글리플로진","[03960]당뇨병용제",20200710,"기능적 신부전에 의해 유산 산성증 촉진","48시간 이내 병용금기","정상"
"병용금기","단일",D000831,Iodixanol,"이오딕사놀","","[M089870]요오딕사놀/[M201123]아이오딕사놀/[M222881]이오딕산올","[07210]X선조영제","복합",D000718,Metformin,"메트포르민","[D000442]Voglibose(보글리보스)","[M201260]염산메트포민/[M214651]염산메트포르민/[M223014]메트포르민염산염/[M244179]메트포르민염산염/[M255741]메트포르민아세트산염/[M263864]메트포르민/[M266682]메트포르민염산염 콜로이드성이산화규소/[M051790]보글리보스","[03960]당뇨병용제",20200710,"기능적 신부전에 의해 유산 산성증 촉진","48시간 이내 병용금기","정상"
"병용금기","단일",D000760,Iobitridol,"이오비트리돌","","[M086785]이오비트리돌","[07210]X선조영제","복합",D000718,Metformin,"메트포르민","[D000219]Rosuvastatin(로수바스타틴)","[M201260]염산메트포민/[M214651]염산메트포르민/[M223014]메트포르민염산염/[M244179]메트포르민염산염/[M255741]메트포르민아세트산염/[M263864]메트포르민/[M266682]메트포르민염산염 콜로이드성이산화규소/[M095744]로수바스타틴칼슘/[M258559]로수바스타틴칼슘염/[M270546]로수바스타틴칼슘(미분화)","[03960]당뇨병용제",20200710,"기능적 신부전에 의해 유산 산성증 촉진","48시간 이내 병용금기","정상"
"병용금기","단일",D000760,Iobitridol,"이오비트리돌","","[M086785]이오비트리돌","[07210]X선조영제","복합",D000718,Metformin,"메트포르민","[D000109]Pioglitazone(피오글리타존)","[M201260]염산메트포민/[M214651]염산메트포르민/[M223014]메트포르민염산염/[M244179]메트포르민염산염/[M255741]메트포르민아세트산염/[M263864]메트포르민/[M266682]메트포르민염산염 콜로이드성이산화규소/[M092005]염산피오글리타존/[M235069]피오글리타존염산염/[M260948]피오글리타존염","[03960]당뇨병용제",20200710,"기능적 신부전에 의해 유산 산성증 촉진","48시간 이내 병용금기","정상"
"병용금기","단일",D000760,Iobitridol,"이오비트리돌","","[M086785]이오비트리돌","[07210]X선조영제","복합",D000718,Metformin,"메트포르민","[D001008]Evogliptin(에보글립틴)","[M201260]염산메트포민/[M214651]염산메트포르민/[M223014]메트포르민염산염/[M244179]메트포르민염산염/[M255741]메트포르민아세트산염/[M263864]메트포르민/[M266682]메트포르민염산염 콜로이드성이산화규소/[M262875]에보글립틴타르타르산염/[M263350]에보글립틴타르타르산염","[03960]당뇨병용제",20200710,"기능적 신부전에 의해 유산 산성증 촉진","48시간 이내 병용금기","정상"
"병용금기","단일",D000760,Iobitridol,"이오비트리돌","","[M086785]이오비트리돌","[07210]X선조영제","복합",D000718,Metformin,"메트포르민","[D001328]Ertugliflozin L-Pyroglutamic Acid(에르투글리플로진 L-피로글루탐산)","[M201260]염산메트포민/[M214651]염산메트포르민/[M223014]메트포르민염산염/[M244179]메트포르민염산염/[M255741]메트포르민아세트산염/[M263864]메트포르민/[M266682]메트포르민염산염 콜로이드성이산화규소/[A110293]에르투글리플로진L-피로글루탐산/[M268102]에르투글리플로진L-피로글루탐산/[M272715]미분화에르투글리플로진L-피로글루탐산","[03960]당뇨병용제",20200710,"기능적 신부전에 의해 유산 산성증 촉진","48시간 이내 병용금기","정상"
"병용금기","단일",D000760,Iobitridol,"이오비트리돌","","[M086785]이오비트리돌","[07210]X선조영제","복합",D000718,Metformin,"메트포르민","[D000244]Sitagliptin(시타글립틴)","[M201260]염산메트포민/[M214651]염산메트포르민/[M223014]메트포르민염산염/[M244179]메트포르민염산염/[M255741]메트포르민아세트산염/[M263864]메트포르민/[M266682]메트포르민염산염 콜로이드성이산화규소/[M251915]시타글립틴인산염수화물/[M262101]시타글립틴인산염/[M266925]시타글립틴염산염수화물","[03960]당뇨병용제",20200710,"기능적 신부전에 의해 유산 산성증 촉진","48시간 이내 병용금기","정상"
"병용금기","단일",D000760,Iobitridol,"이오비트리돌","","[M086785]이오비트리돌","[07210]X선조영제","복합",D000718,Metformin,"메트포르민","[D000455]Atorvastatin(아토르바스타틴)","[M201260]염산메트포민/[M214651]염산메트포르민/[M223014]메트포르민염산염/[M244179]메트포르민염산염/[M255741]메트포르민아세트산염/[M263864]메트포르민/[M266682]메트포르민염산염 콜로이드성이산화규소/[I004369]아토르바스타틴칼슘수화물/[M093499]아토르바스타틴칼슘/[M213543]무수아토르바스타틴칼슘/[M215219]아토르바스타틴칼슘삼수화물/[M218956]아토르바스타틴삼수화물/[M244955]아토르바스타틴 스트론튬/[M247057]아토르바스타틴칼슘염무수물/[M251687]아토르바스타틴칼슘/[M256664]아토르바스타틴칼슘수화물/[M263837]아토르바스타틴","[03960]당뇨병용제",20200710,"기능적 신부전에 의해 유산 산성증 촉진","48시간 이내 병용금기","정상"
"병용금기","단일",D000760,Iobitridol,"이오비트리돌","","[M086785]이오비트리돌","[07210]X선조영제","복합",D000718,Metformin,"메트포르민","[D000670]Gemigliptin(제미글립틴)","[M201260]염산메트포민/[M214651]염산메트포르민/[M223014]메트포르민염산염/[M244179]메트포르민염산염/[M255741]메트포르민아세트산염/[M263864]메트포르민/[M266682]메트포르민염산염 콜로이드성이산화규소/[M254878]제미글립틴타르타르산염1.5수화물/[M263103]제미글립틴타르타르산염1.5수하물","[03960]당뇨병용제",20200710,"기능적 신부전에 의해 유산 산성증 촉진","48시간 이내 병용금기","정상"
"병용금기","단일",D000831,Iodixanol,"이오딕사놀","","[M089870]요오딕사놀/[M201123]아이오딕사놀/[M222881]이오딕산올","[07210]X선조영제","복합",D000718,Metformin,"메트포르민","[D000442]Voglibose(보글리보스)","[M201260]염산메트포민/[M214651]염산메트포르민/[M223014]메트포르민염산염/[M244179]메트포르민염산염/[M255741]메트포르민아세트산염/[M263864]메트포르민/[M266682]메트포르민염산염 콜로이드성이산화규소/[M051790]보글리보스","[03960]당뇨병용제",20200710,"기능적 신부전에 의해 유산 산성증 촉진","48시간 이내 병용금기","삭제"
"병용금기","단일",D000831,Iodixanol,"이오딕사놀","","[M089870]요오딕사놀/[M201123]아이오딕사놀/[M222881]이오딕산올","[07210]X선조영제","복합",D000718,Metformin,"메트포르민","[D000600]Gliclazide(글리클라지드)","[M201260]염산메트포민/[M214651]염산메트포르민/[M223014]메트포르민염산염/[M244179]메트포르민염산염/[M255741]메트포르민아세트산염/[M263864]메트포르민/[M266682]메트포르민염산염 콜로이드성이산화규소/[M099438]글리클라짓/[M222831]글리클라지드/[M258015]글리크라짓","[03960]당뇨병용제",20200710,"기능적 신부전에 의해 유산 산성증 촉진","48시간 이내 병용금기","정상"
"병용금기","단일",D000831,Iodixanol,"이오딕사놀","","[M089870]요오딕사놀/[M201123]아이오딕사놀/[M222881]이오딕산올","[07210]X선조영제","복합",D000718,Metformin,"메트포르민","[D000690]Glibenclamide(글리벤클라미드)","[M201260]염산메트포민/[M214651]염산메트포르민/[M223014]메트포르민염산염/[M244179]메트포르민염산염/[M255741]메트포르민아세트산염/[M263864]메트포르민/[M266682]메트포르민염산염 콜로이드성이산화규소/[M050102]글리벤클라미드","[03960]당뇨병용제",20200710,"기능적 신부전에 의해 유산 산성증 촉진","48시간 이내 병용금기","정상"
"병용금기","단일",D000831,Iodixanol,"이오딕사놀","","[M089870]요오딕사놀/[M201123]아이오딕사놀/[M222881]이오딕산올","[07210]X선조영제","복합",D000718,Metformin,"메트포르민","[D000392]Glimepiride(글리메피리드)","[M201260]염산메트포민/[M214651]염산메트포르민/[M223014]메트포르민염산염/[M244179]메트포르민염산염/[M255741]메트포르민아세트산염/[M263864]메트포르민/[M266682]메트포르민염산염 콜로이드성이산화규소/[M086024]글리메피리드","[03960]당뇨병용제",20200710,"기능적 신부전에 의해 유산 산성증 촉진","48시간 이내 병용금기","정상"
"병용금기","단일",D000831,Iodixanol,"이오딕사놀","","[M089870]요오딕사놀/[M201123]아이오딕사놀/[M222881]이오딕산올","[07210]X선조영제","복합",D000718,Metformin,"메트포르민","[D000418]Repaglinide(레파글리니드)","[M201260]염산메트포민/[M214651]염산메트포르민/[M223014]메트포르민염산염/[M244179]메트포르민염산염/[M255741]메트포르민아세트산염/[M263864]메트포르민/[M266682]메트포르민염산염 콜로이드성이산화규소/[M088889]레파글리니드","[03960]당뇨병용제",20200710,"기능적 신부전에 의해 유산 산성증 촉진","48시간 이내 병용금기","정상"
"병용금기","단일",D000831,Iodixanol,"이오딕사놀","","[M089870]요오딕사놀/[M201123]아이오딕사놀/[M222881]이오딕산올","[07210]X선조영제","복합",D000718,Metformin,"메트포르민","[D000219]Rosuvastatin(로수바스타틴)","[M201260]염산메트포민/[M214651]염산메트포르민/[M223014]메트포르민염산염/[M244179]메트포르민염산염/[M255741]메트포르민아세트산염/[M263864]메트포르민/[M266682]메트포르민염산염 콜로이드성이산화규소/[M095744]로수바스타틴칼슘/[M258559]로수바스타틴칼슘염/[M270546]로수바스타틴칼슘(미분화)","[03960]당뇨병용제",20200710,"기능적 신부전에 의해 유산 산성증 촉진","48시간 이내 병용금기","정상"
"병용금기","단일",D000831,Iodixanol,"이오딕사놀","","[M089870]요오딕사놀/[M201123]아이오딕사놀/[M222881]이오딕산올","[07210]X선조영제","복합",D000718,Metformin,"메트포르민","[D000445]Vildagliptin(빌다글립틴)","[M201260]염산메트포민/[M214651]염산메트포르민/[M223014]메트포르민염산염/[M244179]메트포르민염산염/[M255741]메트포르민아세트산염/[M263864]메트포르민/[M266682]메트포르민염산염 콜로이드성이산화규소/[M221584]빌다글립틴/[M262420]빌다글립틴(미분화)","[03960]당뇨병용제",20200710,"기능적 신부전에 의해 유산 산성증 촉진","48시간 이내 병용금기","정상"
"병용금기","단일",D000831,Iodixanol,"이오딕사놀","","[M089870]요오딕사놀/[M201123]아이오딕사놀/[M222881]이오딕산올","[07210]X선조영제","복합",D000718,Metformin,"메트포르민","[D000109]Pioglitazone(피오글리타존)","[M201260]염산메트포민/[M214651]염산메트포르민/[M223014]메트포르민염산염/[M244179]메트포르민염산염/[M255741]메트포르민아세트산염/[M263864]메트포르민/[M266682]메트포르민염산염 콜로이드성이산화규소/[M092005]염산피오글리타존/[M235069]피오글리타존염산염/[M260948]피오글리타존염","[03960]당뇨병용제",20200710,"기능적 신부전에 의해 유산 산성증 촉진","48시간 이내 병용금기","정상"
"병용금기","단일",D000831,Iodixanol,"이오딕사놀","","[M089870]요오딕사놀/[M201123]아이오딕사놀/[M222881]이오딕산올","[07210]X선조영제","복합",D000718,Metformin,"메트포르민","[D001008]Evogliptin(에보글립틴)","[M201260]염산메트포민/[M214651]염산메트포르민/[M223014]메트포르민염산염/[M244179]메트포르민염산염/[M255741]메트포르민아세트산염/[M263864]메트포르민/[M266682]메트포르민염산염 콜로이드성이산화규소/[M262875]에보글립틴타르타르산염/[M263350]에보글립틴타르타르산염","[03960]당뇨병용제",20200710,"기능적 신부전에 의해 유산 산성증 촉진","48시간 이내 병용금기","정상"
"병용금기","단일",D000831,Iodixanol,"이오딕사놀","","[M089870]요오딕사놀/[M201123]아이오딕사놀/[M222881]이오딕산올","[07210]X선조영제","복합",D000718,Metformin,"메트포르민","[D000117]Linagliptin(리나글립틴)","[M201260]염산메트포민/[M214651]염산메트포르민/[M223014]메트포르민염산염/[M244179]메트포르민염산염/[M255741]메트포르민아세트산염/[M263864]메트포르민/[M266682]메트포르민염산염 콜로이드성이산화규소/[M252996]리나글립틴","[03960]당뇨병용제",20200710,"기능적 신부전에 의해 유산 산성증 촉진","48시간 이내 병용금기","정상"
"병용금기","단일",D000831,Iodixanol,"이오딕사놀","","[M089870]요오딕사놀/[M201123]아이오딕사놀/[M222881]이오딕산올","[07210]X선조영제","복합",D000718,Metformin,"메트포르민","[D000244]Sitagliptin(시타글립틴)","[M201260]염산메트포민/[M214651]염산메트포르민/[M223014]메트포르민염산염/[M244179]메트포르민염산염/[M255741]메트포르민아세트산염/[M263864]메트포르민/[M266682]메트포르민염산염 콜로이드성이산화규소/[M251915]시타글립틴인산염수화물/[M262101]시타글립틴인산염/[M266925]시타글립틴염산염수화물","[03960]당뇨병용제",20200710,"기능적 신부전에 의해 유산 산성증 촉진","48시간 이내 병용금기","정상"
"병용금기","단일",D000831,Iodixanol,"이오딕사놀","","[M089870]요오딕사놀/[M201123]아이오딕사놀/[M222881]이오딕산올","[07210]X선조영제","복합",D000718,Metformin,"메트포르민","[D000157]Empagliflozin(엠파글리플로진)","[M201260]염산메트포민/[M214651]염산메트포르민/[M223014]메트포르민염산염/[M244179]메트포르민염산염/[M255741]메트포르민아세트산염/[M263864]메트포르민/[M266682]메트포르민염산염 콜로이드성이산화규소/[M260057]엠파글리플로진","[03960]당뇨병용제",20200710,"기능적 신부전에 의해 유산 산성증 촉진","48시간 이내 병용금기","정상"
"병용금기","단일",D000831,Iodixanol,"이오딕사놀","","[M089870]요오딕사놀/[M201123]아이오딕사놀/[M222881]이오딕산올","[07210]X선조영제","복합",D000718,Metformin,"메트포르민","[D000670]Gemigliptin(제미글립틴)","[M201260]염산메트포민/[M214651]염산메트포르민/[M223014]메트포르민염산염/[M244179]메트포르민염산염/[M255741]메트포르민아세트산염/[M263864]메트포르민/[M266682]메트포르민염산염 콜로이드성이산화규소/[M254878]제미글립틴타르타르산염1.5수화물/[M263103]제미글립틴타르타르산염1.5수하물","[03960]당뇨병용제",20200710,"기능적 신부전에 의해 유산 산성증 촉진","48시간 이내 병용금기","정상"
"병용금기","단일",D000669,Iohexol,"이오헥솔","","[M088960]이오헥솔","[07210]X선조영제","복합",D000718,Metformin,"메트포르민","[D000442]Voglibose(보글리보스)","[M201260]염산메트포민/[M214651]염산메트포르민/[M223014]메트포르민염산염/[M244179]메트포르민염산염/[M255741]메트포르민아세트산염/[M263864]메트포르민/[M266682]메트포르민염산염 콜로이드성이산화규소/[M051790]보글리보스","[03960]당뇨병용제",20200710,"기능적 신부전에 의해 유산 산성증 촉진","48시간 이내 병용금기","정상"
"병용금기","단일",D000831,Iodixanol,"이오딕사놀","","[M089870]요오딕사놀/[M201123]아이오딕사놀/[M222881]이오딕산올","[07210]X선조영제","복합",D000718,Metformin,"메트포르민","[D001328]Ertugliflozin L-Pyroglutamic Acid(에르투글리플로진 L-피로글루탐산)","[M201260]염산메트포민/[M214651]염산메트포르민/[M223014]메트포르민염산염/[M244179]메트포르민염산염/[M255741]메트포르민아세트산염/[M263864]메트포르민/[M266682]메트포르민염산염 콜로이드성이산화규소/[A110293]에르투글리플로진L-피로글루탐산/[M268102]에르투글리플로진L-피로글루탐산/[M272715]미분화에르투글리플로진L-피로글루탐산","[03960]당뇨병용제",20200710,"기능적 신부전에 의해 유산 산성증 촉진","48시간 이내 병용금기","정상"
"병용금기","단일",D000831,Iodixanol,"이오딕사놀","","[M089870]요오딕사놀/[M201123]아이오딕사놀/[M222881]이오딕산올","[07210]X선조영제","복합",D000718,Metformin,"메트포르민","[D000455]Atorvastatin(아토르바스타틴)","[M201260]염산메트포민/[M214651]염산메트포르민/[M223014]메트포르민염산염/[M244179]메트포르민염산염/[M255741]메트포르민아세트산염/[M263864]메트포르민/[M266682]메트포르민염산염 콜로이드성이산화규소/[I004369]아토르바스타틴칼슘수화물/[M093499]아토르바스타틴칼슘/[M213543]무수아토르바스타틴칼슘/[M215219]아토르바스타틴칼슘삼수화물/[M218956]아토르바스타틴삼수화물/[M244955]아토르바스타틴 스트론튬/[M247057]아토르바스타틴칼슘염무수물/[M251687]아토르바스타틴칼슘/[M256664]아토르바스타틴칼슘수화물/[M263837]아토르바스타틴","[03960]당뇨병용제",20200710,"기능적 신부전에 의해 유산 산성증 촉진","48시간 이내 병용금기","정상"
"병용금기","단일",D000669,Iohexol,"이오헥솔","","[M088960]이오헥솔","[07210]X선조영제","복합",D000718,Metformin,"메트포르민","[D000600]Gliclazide(글리클라지드)","[M201260]염산메트포민/[M214651]염산메트포르민/[M223014]메트포르민염산염/[M244179]메트포르민염산염/[M255741]메트포르민아세트산염/[M263864]메트포르민/[M266682]메트포르민염산염 콜로이드성이산화규소/[M099438]글리클라짓/[M222831]글리클라지드/[M258015]글리크라짓","[03960]당뇨병용제",20200710,"기능적 신부전에 의해 유산 산성증 촉진","48시간 이내 병용금기","정상"
"병용금기","단일",D000669,Iohexol,"이오헥솔","","[M088960]이오헥솔","[07210]X선조영제","복합",D000718,Metformin,"메트포르민","[D000690]Glibenclamide(글리벤클라미드)","[M201260]염산메트포민/[M214651]염산메트포르민/[M223014]메트포르민염산염/[M244179]메트포르민염산염/[M255741]메트포르민아세트산염/[M263864]메트포르민/[M266682]메트포르민염산염 콜로이드성이산화규소/[M050102]글리벤클라미드","[03960]당뇨병용제",20200710,"기능적 신부전에 의해 유산 산성증 촉진","48시간 이내 병용금기","정상"
"병용금기","단일",D000669,Iohexol,"이오헥솔","","[M088960]이오헥솔","[07210]X선조영제","복합",D000718,Metformin,"메트포르민","[D000392]Glimepiride(글리메피리드)","[M201260]염산메트포민/[M214651]염산메트포르민/[M223014]메트포르민염산염/[M244179]메트포르민염산염/[M255741]메트포르민아세트산염/[M263864]메트포르민/[M266682]메트포르민염산염 콜로이드성이산화규소/[M086024]글리메피리드","[03960]당뇨병용제",20200710,"기능적 신부전에 의해 유산 산성증 촉진","48시간 이내 병용금기","정상"
"병용금기","단일",D000669,Iohexol,"이오헥솔","","[M088960]이오헥솔","[07210]X선조영제","복합",D000718,Metformin,"메트포르민","[D000418]Repaglinide(레파글리니드)","[M201260]염산메트포민/[M214651]염산메트포르민/[M223014]메트포르민염산염/[M244179]메트포르민염산염/[M255741]메트포르민아세트산염/[M263864]메트포르민/[M266682]메트포르민염산염 콜로이드성이산화규소/[M088889]레파글리니드","[03960]당뇨병용제",20200710,"기능적 신부전에 의해 유산 산성증 촉진","48시간 이내 병용금기","정상"
"병용금기","단일",D000669,Iohexol,"이오헥솔","","[M088960]이오헥솔","[07210]X선조영제","복합",D000718,Metformin,"메트포르민","[D000219]Rosuvastatin(로수바스타틴)","[M201260]염산메트포민/[M214651]염산메트포르민/[M223014]메트포르민염산염/[M244179]메트포르민염산염/[M255741]메트포르민아세트산염/[M263864]메트포르민/[M266682]메트포르민염산염 콜로이드성이산화규소/[M095744]로수바스타틴칼슘/[M258559]로수바스타틴칼슘염/[M270546]로수바스타틴칼슘(미분화)","[03960]당뇨병용제",20200710,"기능적 신부전에 의해 유산 산성증 촉진","48시간 이내 병용금기","정상"
"병용금기","단일",D000669,Iohexol,"이오헥솔","","[M088960]이오헥솔","[07210]X선조영제","복합",D000718,Metformin,"메트포르민","[D000445]Vildagliptin(빌다글립틴)","[M201260]염산메트포민/[M214651]염산메트포르민/[M223014]메트포르민염산염/[M244179]메트포르민염산염/[M255741]메트포르민아세트산염/[M263864]메트포르민/[M266682]메트포르민염산염 콜로이드성이산화규소/[M221584]빌다글립틴/[M262420]빌다글립틴(미분화)","[03960]당뇨병용제",20200710,"기능적 신부전에 의해 유산 산성증 촉진","48시간 이내 병용금기","정상"
"병용금기","단일",D000669,Iohexol,"이오헥솔","","[M088960]이오헥솔","[07210]X선조영제","복합",D000718,Metformin,"메트포르민","[D000109]Pioglitazone(피오글리타존)","[M201260]염산메트포민/[M214651]염산메트포르민/[M223014]메트포르민염산염/[M244179]메트포르민염산염/[M255741]메트포르민아세트산염/[M263864]메트포르민/[M266682]메트포르민염산염 콜로이드성이산화규소/[M092005]염산피오글리타존/[M235069]피오글리타존염산염/[M260948]피오글리타존염","[03960]당뇨병용제",20200710,"기능적 신부전에 의해 유산 산성증 촉진","48시간 이내 병용금기","정상"
"병용금기","단일",D000669,Iohexol,"이오헥솔","","[M088960]이오헥솔","[07210]X선조영제","복합",D000718,Metformin,"메트포르민","[D001008]Evogliptin(에보글립틴)","[M201260]염산메트포민/[M214651]염산메트포르민/[M223014]메트포르민염산염/[M244179]메트포르민염산염/[M255741]메트포르민아세트산염/[M263864]메트포르민/[M266682]메트포르민염산염 콜로이드성이산화규소/[M262875]에보글립틴타르타르산염/[M263350]에보글립틴타르타르산염","[03960]당뇨병용제",20200710,"기능적 신부전에 의해 유산 산성증 촉진","48시간 이내 병용금기","정상"
"병용금기","단일",D000669,Iohexol,"이오헥솔","","[M088960]이오헥솔","[07210]X선조영제","복합",D000718,Metformin,"메트포르민","[D000117]Linagliptin(리나글립틴)","[M201260]염산메트포민/[M214651]염산메트포르민/[M223014]메트포르민염산염/[M244179]메트포르민염산염/[M255741]메트포르민아세트산염/[M263864]메트포르민/[M266682]메트포르민염산염 콜로이드성이산화규소/[M252996]리나글립틴","[03960]당뇨병용제",20200710,"기능적 신부전에 의해 유산 산성증 촉진","48시간 이내 병용금기","정상"
"병용금기","단일",D000669,Iohexol,"이오헥솔","","[M088960]이오헥솔","[07210]X선조영제","복합",D000718,Metformin,"메트포르민","[D001328]Ertugliflozin L-Pyroglutamic Acid(에르투글리플로진 L-피로글루탐산)","[M201260]염산메트포민/[M214651]염산메트포르민/[M223014]메트포르민염산염/[M244179]메트포르민염산염/[M255741]메트포르민아세트산염/[M263864]메트포르민/[M266682]메트포르민염산염 콜로이드성이산화규소/[A110293]에르투글리플로진L-피로글루탐산/[M268102]에르투글리플로진L-피로글루탐산/[M272715]미분화에르투글리플로진L-피로글루탐산","[03960]당뇨병용제",20200710,"기능적 신부전에 의해 유산 산성증 촉진","48시간 이내 병용금기","정상"
"병용금기","단일",D000669,Iohexol,"이오헥솔","","[M088960]이오헥솔","[07210]X선조영제","복합",D000718,Metformin,"메트포르민","[D000244]Sitagliptin(시타글립틴)","[M201260]염산메트포민/[M214651]염산메트포르민/[M223014]메트포르민염산염/[M244179]메트포르민염산염/[M255741]메트포르민아세트산염/[M263864]메트포르민/[M266682]메트포르민염산염 콜로이드성이산화규소/[M251915]시타글립틴인산염수화물/[M262101]시타글립틴인산염/[M266925]시타글립틴염산염수화물","[03960]당뇨병용제",20200710,"기능적 신부전에 의해 유산 산성증 촉진","48시간 이내 병용금기","정상"
"병용금기","단일",D000669,Iohexol,"이오헥솔","","[M088960]이오헥솔","[07210]X선조영제","복합",D000718,Metformin,"메트포르민","[D000455]Atorvastatin(아토르바스타틴)","[M201260]염산메트포민/[M214651]염산메트포르민/[M223014]메트포르민염산염/[M244179]메트포르민염산염/[M255741]메트포르민아세트산염/[M263864]메트포르민/[M266682]메트포르민염산염 콜로이드성이산화규소/[I004369]아토르바스타틴칼슘수화물/[M093499]아토르바스타틴칼슘/[M213543]무수아토르바스타틴칼슘/[M215219]아토르바스타틴칼슘삼수화물/[M218956]아토르바스타틴삼수화물/[M244955]아토르바스타틴 스트론튬/[M247057]아토르바스타틴칼슘염무수물/[M251687]아토르바스타틴칼슘/[M256664]아토르바스타틴칼슘수화물/[M263837]아토르바스타틴","[03960]당뇨병용제",20200710,"기능적 신부전에 의해 유산 산성증 촉진","48시간 이내 병용금기","정상"
"병용금기","단일",D000669,Iohexol,"이오헥솔","","[M088960]이오헥솔","[07210]X선조영제","복합",D000718,Metformin,"메트포르민","[D000157]Empagliflozin(엠파글리플로진)","[M201260]염산메트포민/[M214651]염산메트포르민/[M223014]메트포르민염산염/[M244179]메트포르민염산염/[M255741]메트포르민아세트산염/[M263864]메트포르민/[M266682]메트포르민염산염 콜로이드성이산화규소/[M260057]엠파글리플로진","[03960]당뇨병용제",20200710,"기능적 신부전에 의해 유산 산성증 촉진","48시간 이내 병용금기","정상"
"병용금기","단일",D000669,Iohexol,"이오헥솔","","[M088960]이오헥솔","[07210]X선조영제","복합",D000718,Metformin,"메트포르민","[D000670]Gemigliptin(제미글립틴)","[M201260]염산메트포민/[M214651]염산메트포르민/[M223014]메트포르민염산염/[M244179]메트포르민염산염/[M255741]메트포르민아세트산염/[M263864]메트포르민/[M266682]메트포르민염산염 콜로이드성이산화규소/[M254878]제미글립틴타르타르산염1.5수화물/[M263103]제미글립틴타르타르산염1.5수하물","[03960]당뇨병용제",20200710,"기능적 신부전에 의해 유산 산성증 촉진","48시간 이내 병용금기","정상"
"병용금기","단일",D000364,Iomeprol,"이오메프롤","","[M088268]이오메프롤","[07210]X선조영제","복합",D000718,Metformin,"메트포르민","[D000442]Voglibose(보글리보스)","[M201260]염산메트포민/[M214651]염산메트포르민/[M223014]메트포르민염산염/[M244179]메트포르민염산염/[M255741]메트포르민아세트산염/[M263864]메트포르민/[M266682]메트포르민염산염 콜로이드성이산화규소/[M051790]보글리보스","[03960]당뇨병용제",20200710,"기능적 신부전에 의해 유산 산성증 촉진","48시간 이내 병용금기","정상"
"병용금기","단일",D000364,Iomeprol,"이오메프롤","","[M088268]이오메프롤","[07210]X선조영제","복합",D000718,Metformin,"메트포르민","[D000600]Gliclazide(글리클라지드)","[M201260]염산메트포민/[M214651]염산메트포르민/[M223014]메트포르민염산염/[M244179]메트포르민염산염/[M255741]메트포르민아세트산염/[M263864]메트포르민/[M266682]메트포르민염산염 콜로이드성이산화규소/[M099438]글리클라짓/[M222831]글리클라지드/[M258015]글리크라짓","[03960]당뇨병용제",20200710,"기능적 신부전에 의해 유산 산성증 촉진","48시간 이내 병용금기","정상"
"병용금기","단일",D000364,Iomeprol,"이오메프롤","","[M088268]이오메프롤","[07210]X선조영제","복합",D000718,Metformin,"메트포르민","[D000690]Glibenclamide(글리벤클라미드)","[M201260]염산메트포민/[M214651]염산메트포르민/[M223014]메트포르민염산염/[M244179]메트포르민염산염/[M255741]메트포르민아세트산염/[M263864]메트포르민/[M266682]메트포르민염산염 콜로이드성이산화규소/[M050102]글리벤클라미드","[03960]당뇨병용제",20200710,"기능적 신부전에 의해 유산 산성증 촉진","48시간 이내 병용금기","정상"
"병용금기","단일",D000364,Iomeprol,"이오메프롤","","[M088268]이오메프롤","[07210]X선조영제","복합",D000718,Metformin,"메트포르민","[D000392]Glimepiride(글리메피리드)","[M201260]염산메트포민/[M214651]염산메트포르민/[M223014]메트포르민염산염/[M244179]메트포르민염산염/[M255741]메트포르민아세트산염/[M263864]메트포르민/[M266682]메트포르민염산염 콜로이드성이산화규소/[M086024]글리메피리드","[03960]당뇨병용제",20200710,"기능적 신부전에 의해 유산 산성증 촉진","48시간 이내 병용금기","정상"
"병용금기","단일",D000364,Iomeprol,"이오메프롤","","[M088268]이오메프롤","[07210]X선조영제","복합",D000718,Metformin,"메트포르민","[D000418]Repaglinide(레파글리니드)","[M201260]염산메트포민/[M214651]염산메트포르민/[M223014]메트포르민염산염/[M244179]메트포르민염산염/[M255741]메트포르민아세트산염/[M263864]메트포르민/[M266682]메트포르민염산염 콜로이드성이산화규소/[M088889]레파글리니드","[03960]당뇨병용제",20200710,"기능적 신부전에 의해 유산 산성증 촉진","48시간 이내 병용금기","정상"
"병용금기","단일",D000364,Iomeprol,"이오메프롤","","[M088268]이오메프롤","[07210]X선조영제","복합",D000718,Metformin,"메트포르민","[D000219]Rosuvastatin(로수바스타틴)","[M201260]염산메트포민/[M214651]염산메트포르민/[M223014]메트포르민염산염/[M244179]메트포르민염산염/[M255741]메트포르민아세트산염/[M263864]메트포르민/[M266682]메트포르민염산염 콜로이드성이산화규소/[M095744]로수바스타틴칼슘/[M258559]로수바스타틴칼슘염/[M270546]로수바스타틴칼슘(미분화)","[03960]당뇨병용제",20200710,"기능적 신부전에 의해 유산 산성증 촉진","48시간 이내 병용금기","정상"
"병용금기","단일",D000364,Iomeprol,"이오메프롤","","[M088268]이오메프롤","[07210]X선조영제","복합",D000718,Metformin,"메트포르민","[D000445]Vildagliptin(빌다글립틴)","[M201260]염산메트포민/[M214651]염산메트포르민/[M223014]메트포르민염산염/[M244179]메트포르민염산염/[M255741]메트포르민아세트산염/[M263864]메트포르민/[M266682]메트포르민염산염 콜로이드성이산화규소/[M221584]빌다글립틴/[M262420]빌다글립틴(미분화)","[03960]당뇨병용제",20200710,"기능적 신부전에 의해 유산 산성증 촉진","48시간 이내 병용금기","정상"
"병용금기","단일",D000364,Iomeprol,"이오메프롤","","[M088268]이오메프롤","[07210]X선조영제","복합",D000718,Metformin,"메트포르민","[D000109]Pioglitazone(피오글리타존)","[M201260]염산메트포민/[M214651]염산메트포르민/[M223014]메트포르민염산염/[M244179]메트포르민염산염/[M255741]메트포르민아세트산염/[M263864]메트포르민/[M266682]메트포르민염산염 콜로이드성이산화규소/[M092005]염산피오글리타존/[M235069]피오글리타존염산염/[M260948]피오글리타존염","[03960]당뇨병용제",20200710,"기능적 신부전에 의해 유산 산성증 촉진","48시간 이내 병용금기","정상"
"병용금기","단일",D000364,Iomeprol,"이오메프롤","","[M088268]이오메프롤","[07210]X선조영제","복합",D000718,Metformin,"메트포르민","[D001008]Evogliptin(에보글립틴)","[M201260]염산메트포민/[M214651]염산메트포르민/[M223014]메트포르민염산염/[M244179]메트포르민염산염/[M255741]메트포르민아세트산염/[M263864]메트포르민/[M266682]메트포르민염산염 콜로이드성이산화규소/[M262875]에보글립틴타르타르산염/[M263350]에보글립틴타르타르산염","[03960]당뇨병용제",20200710,"기능적 신부전에 의해 유산 산성증 촉진","48시간 이내 병용금기","정상"
"병용금기","단일",D000364,Iomeprol,"이오메프롤","","[M088268]이오메프롤","[07210]X선조영제","복합",D000718,Metformin,"메트포르민","[D000117]Linagliptin(리나글립틴)","[M201260]염산메트포민/[M214651]염산메트포르민/[M223014]메트포르민염산염/[M244179]메트포르민염산염/[M255741]메트포르민아세트산염/[M263864]메트포르민/[M266682]메트포르민염산염 콜로이드성이산화규소/[M252996]리나글립틴","[03960]당뇨병용제",20200710,"기능적 신부전에 의해 유산 산성증 촉진","48시간 이내 병용금기","정상"
"병용금기","단일",D000364,Iomeprol,"이오메프롤","","[M088268]이오메프롤","[07210]X선조영제","복합",D000718,Metformin,"메트포르민","[D001328]Ertugliflozin L-Pyroglutamic Acid(에르투글리플로진 L-피로글루탐산)","[M201260]염산메트포민/[M214651]염산메트포르민/[M223014]메트포르민염산염/[M244179]메트포르민염산염/[M255741]메트포르민아세트산염/[M263864]메트포르민/[M266682]메트포르민염산염 콜로이드성이산화규소/[A110293]에르투글리플로진L-피로글루탐산/[M268102]에르투글리플로진L-피로글루탐산/[M272715]미분화에르투글리플로진L-피로글루탐산","[03960]당뇨병용제",20200710,"기능적 신부전에 의해 유산 산성증 촉진","48시간 이내 병용금기","정상"
"병용금기","단일",D000364,Iomeprol,"이오메프롤","","[M088268]이오메프롤","[07210]X선조영제","복합",D000718,Metformin,"메트포르민","[D000244]Sitagliptin(시타글립틴)","[M201260]염산메트포민/[M214651]염산메트포르민/[M223014]메트포르민염산염/[M244179]메트포르민염산염/[M255741]메트포르민아세트산염/[M263864]메트포르민/[M266682]메트포르민염산염 콜로이드성이산화규소/[M251915]시타글립틴인산염수화물/[M262101]시타글립틴인산염/[M266925]시타글립틴염산염수화물","[03960]당뇨병용제",20200710,"기능적 신부전에 의해 유산 산성증 촉진","48시간 이내 병용금기","정상"
"병용금기","단일",D000364,Iomeprol,"이오메프롤","","[M088268]이오메프롤","[07210]X선조영제","복합",D000718,Metformin,"메트포르민","[D000455]Atorvastatin(아토르바스타틴)","[M201260]염산메트포민/[M214651]염산메트포르민/[M223014]메트포르민염산염/[M244179]메트포르민염산염/[M255741]메트포르민아세트산염/[M263864]메트포르민/[M266682]메트포르민염산염 콜로이드성이산화규소/[I004369]아토르바스타틴칼슘수화물/[M093499]아토르바스타틴칼슘/[M213543]무수아토르바스타틴칼슘/[M215219]아토르바스타틴칼슘삼수화물/[M218956]아토르바스타틴삼수화물/[M244955]아토르바스타틴 스트론튬/[M247057]아토르바스타틴칼슘염무수물/[M251687]아토르바스타틴칼슘/[M256664]아토르바스타틴칼슘수화물/[M263837]아토르바스타틴","[03960]당뇨병용제",20200710,"기능적 신부전에 의해 유산 산성증 촉진","48시간 이내 병용금기","정상"
"병용금기","단일",D000364,Iomeprol,"이오메프롤","","[M088268]이오메프롤","[07210]X선조영제","복합",D000718,Metformin,"메트포르민","[D000157]Empagliflozin(엠파글리플로진)","[M201260]염산메트포민/[M214651]염산메트포르민/[M223014]메트포르민염산염/[M244179]메트포르민염산염/[M255741]메트포르민아세트산염/[M263864]메트포르민/[M266682]메트포르민염산염 콜로이드성이산화규소/[M260057]엠파글리플로진","[03960]당뇨병용제",20200710,"기능적 신부전에 의해 유산 산성증 촉진","48시간 이내 병용금기","정상"
"병용금기","단일",D000364,Iomeprol,"이오메프롤","","[M088268]이오메프롤","[07210]X선조영제","복합",D000718,Metformin,"메트포르민","[D000670]Gemigliptin(제미글립틴)","[M201260]염산메트포민/[M214651]염산메트포르민/[M223014]메트포르민염산염/[M244179]메트포르민염산염/[M255741]메트포르민아세트산염/[M263864]메트포르민/[M266682]메트포르민염산염 콜로이드성이산화규소/[M254878]제미글립틴타르타르산염1.5수화물/[M263103]제미글립틴타르타르산염1.5수하물","[03960]당뇨병용제",20200710,"기능적 신부전에 의해 유산 산성증 촉진","48시간 이내 병용금기","정상"
"병용금기","단일",D000267,Iopamidol,"이오파미돌","","[M085529]이오파미돌","[07210]X선조영제","복합",D000718,Metformin,"메트포르민","[D000442]Voglibose(보글리보스)","[M201260]염산메트포민/[M214651]염산메트포르민/[M223014]메트포르민염산염/[M244179]메트포르민염산염/[M255741]메트포르민아세트산염/[M263864]메트포르민/[M266682]메트포르민염산염 콜로이드성이산화규소/[M051790]보글리보스","[03960]당뇨병용제",20200710,"기능적 신부전에 의해 유산 산성증 촉진","48시간 이내 병용금기","정상"
"병용금기","단일",D000267,Iopamidol,"이오파미돌","","[M085529]이오파미돌","[07210]X선조영제","복합",D000718,Metformin,"메트포르민","[D000600]Gliclazide(글리클라지드)","[M201260]염산메트포민/[M214651]염산메트포르민/[M223014]메트포르민염산염/[M244179]메트포르민염산염/[M255741]메트포르민아세트산염/[M263864]메트포르민/[M266682]메트포르민염산염 콜로이드성이산화규소/[M099438]글리클라짓/[M222831]글리클라지드/[M258015]글리크라짓","[03960]당뇨병용제",20200710,"기능적 신부전에 의해 유산 산성증 촉진","48시간 이내 병용금기","정상"
"병용금기","단일",D000267,Iopamidol,"이오파미돌","","[M085529]이오파미돌","[07210]X선조영제","복합",D000718,Metformin,"메트포르민","[D000690]Glibenclamide(글리벤클라미드)","[M201260]염산메트포민/[M214651]염산메트포르민/[M223014]메트포르민염산염/[M244179]메트포르민염산염/[M255741]메트포르민아세트산염/[M263864]메트포르민/[M266682]메트포르민염산염 콜로이드성이산화규소/[M050102]글리벤클라미드","[03960]당뇨병용제",20200710,"기능적 신부전에 의해 유산 산성증 촉진","48시간 이내 병용금기","정상"
"병용금기","단일",D000267,Iopamidol,"이오파미돌","","[M085529]이오파미돌","[07210]X선조영제","복합",D000718,Metformin,"메트포르민","[D000392]Glimepiride(글리메피리드)","[M201260]염산메트포민/[M214651]염산메트포르민/[M223014]메트포르민염산염/[M244179]메트포르민염산염/[M255741]메트포르민아세트산염/[M263864]메트포르민/[M266682]메트포르민염산염 콜로이드성이산화규소/[M086024]글리메피리드","[03960]당뇨병용제",20200710,"기능적 신부전에 의해 유산 산성증 촉진","48시간 이내 병용금기","정상"
"병용금기","단일",D000267,Iopamidol,"이오파미돌","","[M085529]이오파미돌","[07210]X선조영제","복합",D000718,Metformin,"메트포르민","[D000418]Repaglinide(레파글리니드)","[M201260]염산메트포민/[M214651]염산메트포르민/[M223014]메트포르민염산염/[M244179]메트포르민염산염/[M255741]메트포르민아세트산염/[M263864]메트포르민/[M266682]메트포르민염산염 콜로이드성이산화규소/[M088889]레파글리니드","[03960]당뇨병용제",20200710,"기능적 신부전에 의해 유산 산성증 촉진","48시간 이내 병용금기","정상"
"병용금기","단일",D000267,Iopamidol,"이오파미돌","","[M085529]이오파미돌","[07210]X선조영제","복합",D000718,Metformin,"메트포르민","[D000219]Rosuvastatin(로수바스타틴)","[M201260]염산메트포민/[M214651]염산메트포르민/[M223014]메트포르민염산염/[M244179]메트포르민염산염/[M255741]메트포르민아세트산염/[M263864]메트포르민/[M266682]메트포르민염산염 콜로이드성이산화규소/[M095744]로수바스타틴칼슘/[M258559]로수바스타틴칼슘염/[M270546]로수바스타틴칼슘(미분화)","[03960]당뇨병용제",20200710,"기능적 신부전에 의해 유산 산성증 촉진","48시간 이내 병용금기","정상"
"병용금기","단일",D000267,Iopamidol,"이오파미돌","","[M085529]이오파미돌","[07210]X선조영제","복합",D000718,Metformin,"메트포르민","[D000445]Vildagliptin(빌다글립틴)","[M201260]염산메트포민/[M214651]염산메트포르민/[M223014]메트포르민염산염/[M244179]메트포르민염산염/[M255741]메트포르민아세트산염/[M263864]메트포르민/[M266682]메트포르민염산염 콜로이드성이산화규소/[M221584]빌다글립틴/[M262420]빌다글립틴(미분화)","[03960]당뇨병용제",20200710,"기능적 신부전에 의해 유산 산성증 촉진","48시간 이내 병용금기","정상"
"병용금기","단일",D000267,Iopamidol,"이오파미돌","","[M085529]이오파미돌","[07210]X선조영제","복합",D000718,Metformin,"메트포르민","[D000109]Pioglitazone(피오글리타존)","[M201260]염산메트포민/[M214651]염산메트포르민/[M223014]메트포르민염산염/[M244179]메트포르민염산염/[M255741]메트포르민아세트산염/[M263864]메트포르민/[M266682]메트포르민염산염 콜로이드성이산화규소/[M092005]염산피오글리타존/[M235069]피오글리타존염산염/[M260948]피오글리타존염","[03960]당뇨병용제",20200710,"기능적 신부전에 의해 유산 산성증 촉진","48시간 이내 병용금기","정상"
"병용금기","단일",D000267,Iopamidol,"이오파미돌","","[M085529]이오파미돌","[07210]X선조영제","복합",D000718,Metformin,"메트포르민","[D001008]Evogliptin(에보글립틴)","[M201260]염산메트포민/[M214651]염산메트포르민/[M223014]메트포르민염산염/[M244179]메트포르민염산염/[M255741]메트포르민아세트산염/[M263864]메트포르민/[M266682]메트포르민염산염 콜로이드성이산화규소/[M262875]에보글립틴타르타르산염/[M263350]에보글립틴타르타르산염","[03960]당뇨병용제",20200710,"기능적 신부전에 의해 유산 산성증 촉진","48시간 이내 병용금기","정상"
"병용금기","단일",D000267,Iopamidol,"이오파미돌","","[M085529]이오파미돌","[07210]X선조영제","복합",D000718,Metformin,"메트포르민","[D000117]Linagliptin(리나글립틴)","[M201260]염산메트포민/[M214651]염산메트포르민/[M223014]메트포르민염산염/[M244179]메트포르민염산염/[M255741]메트포르민아세트산염/[M263864]메트포르민/[M266682]메트포르민염산염 콜로이드성이산화규소/[M252996]리나글립틴","[03960]당뇨병용제",20200710,"기능적 신부전에 의해 유산 산성증 촉진","48시간 이내 병용금기","정상"
"병용금기","단일",D000267,Iopamidol,"이오파미돌","","[M085529]이오파미돌","[07210]X선조영제","복합",D000718,Metformin,"메트포르민","[D001328]Ertugliflozin L-Pyroglutamic Acid(에르투글리플로진 L-피로글루탐산)","[M201260]염산메트포민/[M214651]염산메트포르민/[M223014]메트포르민염산염/[M244179]메트포르민염산염/[M255741]메트포르민아세트산염/[M263864]메트포르민/[M266682]메트포르민염산염 콜로이드성이산화규소/[A110293]에르투글리플로진L-피로글루탐산/[M268102]에르투글리플로진L-피로글루탐산/[M272715]미분화에르투글리플로진L-피로글루탐산","[03960]당뇨병용제",20200710,"기능적 신부전에 의해 유산 산성증 촉진","48시간 이내 병용금기","정상"
"병용금기","단일",D000267,Iopamidol,"이오파미돌","","[M085529]이오파미돌","[07210]X선조영제","복합",D000718,Metformin,"메트포르민","[D000244]Sitagliptin(시타글립틴)","[M201260]염산메트포민/[M214651]염산메트포르민/[M223014]메트포르민염산염/[M244179]메트포르민염산염/[M255741]메트포르민아세트산염/[M263864]메트포르민/[M266682]메트포르민염산염 콜로이드성이산화규소/[M251915]시타글립틴인산염수화물/[M262101]시타글립틴인산염/[M266925]시타글립틴염산염수화물","[03960]당뇨병용제",20200710,"기능적 신부전에 의해 유산 산성증 촉진","48시간 이내 병용금기","정상"
"병용금기","단일",D000267,Iopamidol,"이오파미돌","","[M085529]이오파미돌","[07210]X선조영제","복합",D000718,Metformin,"메트포르민","[D000157]Empagliflozin(엠파글리플로진)","[M201260]염산메트포민/[M214651]염산메트포르민/[M223014]메트포르민염산염/[M244179]메트포르민염산염/[M255741]메트포르민아세트산염/[M263864]메트포르민/[M266682]메트포르민염산염 콜로이드성이산화규소/[M260057]엠파글리플로진","[03960]당뇨병용제",20200710,"기능적 신부전에 의해 유산 산성증 촉진","48시간 이내 병용금기","정상"
"병용금기","단일",D000267,Iopamidol,"이오파미돌","","[M085529]이오파미돌","[07210]X선조영제","복합",D000718,Metformin,"메트포르민","[D000455]Atorvastatin(아토르바스타틴)","[M201260]염산메트포민/[M214651]염산메트포르민/[M223014]메트포르민염산염/[M244179]메트포르민염산염/[M255741]메트포르민아세트산염/[M263864]메트포르민/[M266682]메트포르민염산염 콜로이드성이산화규소/[I004369]아토르바스타틴칼슘수화물/[M093499]아토르바스타틴칼슘/[M213543]무수아토르바스타틴칼슘/[M215219]아토르바스타틴칼슘삼수화물/[M218956]아토르바스타틴삼수화물/[M244955]아토르바스타틴 스트론튬/[M247057]아토르바스타틴칼슘염무수물/[M251687]아토르바스타틴칼슘/[M256664]아토르바스타틴칼슘수화물/[M263837]아토르바스타틴","[03960]당뇨병용제",20200710,"기능적 신부전에 의해 유산 산성증 촉진","48시간 이내 병용금기","정상"
"병용금기","단일",D000267,Iopamidol,"이오파미돌","","[M085529]이오파미돌","[07210]X선조영제","복합",D000718,Metformin,"메트포르민","[D000670]Gemigliptin(제미글립틴)","[M201260]염산메트포민/[M214651]염산메트포르민/[M223014]메트포르민염산염/[M244179]메트포르민염산염/[M255741]메트포르민아세트산염/[M263864]메트포르민/[M266682]메트포르민염산염 콜로이드성이산화규소/[M254878]제미글립틴타르타르산염1.5수화물/[M263103]제미글립틴타르타르산염1.5수하물","[03960]당뇨병용제",20200710,"기능적 신부전에 의해 유산 산성증 촉진","48시간 이내 병용금기","정상"
"병용금기","단일",D000761,Iopromide,"이오프로마이드","","[M085564]이오프로마이드","[07210]X선조영제","복합",D000718,Metformin,"메트포르민","[D000442]Voglibose(보글리보스)","[M201260]염산메트포민/[M214651]염산메트포르민/[M223014]메트포르민염산염/[M244179]메트포르민염산염/[M255741]메트포르민아세트산염/[M263864]메트포르민/[M266682]메트포르민염산염 콜로이드성이산화규소/[M051790]보글리보스","[03960]당뇨병용제",20200710,"기능적 신부전에 의해 유산 산성증 촉진","48시간 이내 병용금기","정상"
"병용금기","단일",D000761,Iopromide,"이오프로마이드","","[M085564]이오프로마이드","[07210]X선조영제","복합",D000718,Metformin,"메트포르민","[D000600]Gliclazide(글리클라지드)","[M201260]염산메트포민/[M214651]염산메트포르민/[M223014]메트포르민염산염/[M244179]메트포르민염산염/[M255741]메트포르민아세트산염/[M263864]메트포르민/[M266682]메트포르민염산염 콜로이드성이산화규소/[M099438]글리클라짓/[M222831]글리클라지드/[M258015]글리크라짓","[03960]당뇨병용제",20200710,"기능적 신부전에 의해 유산 산성증 촉진","48시간 이내 병용금기","정상"
"병용금기","단일",D000761,Iopromide,"이오프로마이드","","[M085564]이오프로마이드","[07210]X선조영제","복합",D000718,Metformin,"메트포르민","[D000690]Glibenclamide(글리벤클라미드)","[M201260]염산메트포민/[M214651]염산메트포르민/[M223014]메트포르민염산염/[M244179]메트포르민염산염/[M255741]메트포르민아세트산염/[M263864]메트포르민/[M266682]메트포르민염산염 콜로이드성이산화규소/[M050102]글리벤클라미드","[03960]당뇨병용제",20200710,"기능적 신부전에 의해 유산 산성증 촉진","48시간 이내 병용금기","정상"
"병용금기","단일",D000761,Iopromide,"이오프로마이드","","[M085564]이오프로마이드","[07210]X선조영제","복합",D000718,Metformin,"메트포르민","[D000392]Glimepiride(글리메피리드)","[M201260]염산메트포민/[M214651]염산메트포르민/[M223014]메트포르민염산염/[M244179]메트포르민염산염/[M255741]메트포르민아세트산염/[M263864]메트포르민/[M266682]메트포르민염산염 콜로이드성이산화규소/[M086024]글리메피리드","[03960]당뇨병용제",20200710,"기능적 신부전에 의해 유산 산성증 촉진","48시간 이내 병용금기","정상"
"병용금기","단일",D000761,Iopromide,"이오프로마이드","","[M085564]이오프로마이드","[07210]X선조영제","복합",D000718,Metformin,"메트포르민","[D000418]Repaglinide(레파글리니드)","[M201260]염산메트포민/[M214651]염산메트포르민/[M223014]메트포르민염산염/[M244179]메트포르민염산염/[M255741]메트포르민아세트산염/[M263864]메트포르민/[M266682]메트포르민염산염 콜로이드성이산화규소/[M088889]레파글리니드","[03960]당뇨병용제",20200710,"기능적 신부전에 의해 유산 산성증 촉진","48시간 이내 병용금기","정상"
"병용금기","단일",D000761,Iopromide,"이오프로마이드","","[M085564]이오프로마이드","[07210]X선조영제","복합",D000718,Metformin,"메트포르민","[D000219]Rosuvastatin(로수바스타틴)","[M201260]염산메트포민/[M214651]염산메트포르민/[M223014]메트포르민염산염/[M244179]메트포르민염산염/[M255741]메트포르민아세트산염/[M263864]메트포르민/[M266682]메트포르민염산염 콜로이드성이산화규소/[M095744]로수바스타틴칼슘/[M258559]로수바스타틴칼슘염/[M270546]로수바스타틴칼슘(미분화)","[03960]당뇨병용제",20200710,"기능적 신부전에 의해 유산 산성증 촉진","48시간 이내 병용금기","정상"
"병용금기","단일",D000761,Iopromide,"이오프로마이드","","[M085564]이오프로마이드","[07210]X선조영제","복합",D000718,Metformin,"메트포르민","[D000445]Vildagliptin(빌다글립틴)","[M201260]염산메트포민/[M214651]염산메트포르민/[M223014]메트포르민염산염/[M244179]메트포르민염산염/[M255741]메트포르민아세트산염/[M263864]메트포르민/[M266682]메트포르민염산염 콜로이드성이산화규소/[M221584]빌다글립틴/[M262420]빌다글립틴(미분화)","[03960]당뇨병용제",20200710,"기능적 신부전에 의해 유산 산성증 촉진","48시간 이내 병용금기","정상"
"병용금기","단일",D000761,Iopromide,"이오프로마이드","","[M085564]이오프로마이드","[07210]X선조영제","복합",D000718,Metformin,"메트포르민","[D000109]Pioglitazone(피오글리타존)","[M201260]염산메트포민/[M214651]염산메트포르민/[M223014]메트포르민염산염/[M244179]메트포르민염산염/[M255741]메트포르민아세트산염/[M263864]메트포르민/[M266682]메트포르민염산염 콜로이드성이산화규소/[M092005]염산피오글리타존/[M235069]피오글리타존염산염/[M260948]피오글리타존염","[03960]당뇨병용제",20200710,"기능적 신부전에 의해 유산 산성증 촉진","48시간 이내 병용금기","정상"
"병용금기","단일",D000761,Iopromide,"이오프로마이드","","[M085564]이오프로마이드","[07210]X선조영제","복합",D000718,Metformin,"메트포르민","[D001008]Evogliptin(에보글립틴)","[M201260]염산메트포민/[M214651]염산메트포르민/[M223014]메트포르민염산염/[M244179]메트포르민염산염/[M255741]메트포르민아세트산염/[M263864]메트포르민/[M266682]메트포르민염산염 콜로이드성이산화규소/[M262875]에보글립틴타르타르산염/[M263350]에보글립틴타르타르산염","[03960]당뇨병용제",20200710,"기능적 신부전에 의해 유산 산성증 촉진","48시간 이내 병용금기","정상"
"병용금기","단일",D000761,Iopromide,"이오프로마이드","","[M085564]이오프로마이드","[07210]X선조영제","복합",D000718,Metformin,"메트포르민","[D000117]Linagliptin(리나글립틴)","[M201260]염산메트포민/[M214651]염산메트포르민/[M223014]메트포르민염산염/[M244179]메트포르민염산염/[M255741]메트포르민아세트산염/[M263864]메트포르민/[M266682]메트포르민염산염 콜로이드성이산화규소/[M252996]리나글립틴","[03960]당뇨병용제",20200710,"기능적 신부전에 의해 유산 산성증 촉진","48시간 이내 병용금기","정상"
"병용금기","단일",D000761,Iopromide,"이오프로마이드","","[M085564]이오프로마이드","[07210]X선조영제","복합",D000718,Metformin,"메트포르민","[D001328]Ertugliflozin L-Pyroglutamic Acid(에르투글리플로진 L-피로글루탐산)","[M201260]염산메트포민/[M214651]염산메트포르민/[M223014]메트포르민염산염/[M244179]메트포르민염산염/[M255741]메트포르민아세트산염/[M263864]메트포르민/[M266682]메트포르민염산염 콜로이드성이산화규소/[A110293]에르투글리플로진L-피로글루탐산/[M268102]에르투글리플로진L-피로글루탐산/[M272715]미분화에르투글리플로진L-피로글루탐산","[03960]당뇨병용제",20200710,"기능적 신부전에 의해 유산 산성증 촉진","48시간 이내 병용금기","정상"
"병용금기","단일",D000761,Iopromide,"이오프로마이드","","[M085564]이오프로마이드","[07210]X선조영제","복합",D000718,Metformin,"메트포르민","[D000244]Sitagliptin(시타글립틴)","[M201260]염산메트포민/[M214651]염산메트포르민/[M223014]메트포르민염산염/[M244179]메트포르민염산염/[M255741]메트포르민아세트산염/[M263864]메트포르민/[M266682]메트포르민염산염 콜로이드성이산화규소/[M251915]시타글립틴인산염수화물/[M262101]시타글립틴인산염/[M266925]시타글립틴염산염수화물","[03960]당뇨병용제",20200710,"기능적 신부전에 의해 유산 산성증 촉진","48시간 이내 병용금기","정상"
"병용금기","단일",D000761,Iopromide,"이오프로마이드","","[M085564]이오프로마이드","[07210]X선조영제","복합",D000718,Metformin,"메트포르민","[D000455]Atorvastatin(아토르바스타틴)","[M201260]염산메트포민/[M214651]염산메트포르민/[M223014]메트포르민염산염/[M244179]메트포르민염산염/[M255741]메트포르민아세트산염/[M263864]메트포르민/[M266682]메트포르민염산염 콜로이드성이산화규소/[I004369]아토르바스타틴칼슘수화물/[M093499]아토르바스타틴칼슘/[M213543]무수아토르바스타틴칼슘/[M215219]아토르바스타틴칼슘삼수화물/[M218956]아토르바스타틴삼수화물/[M244955]아토르바스타틴 스트론튬/[M247057]아토르바스타틴칼슘염무수물/[M251687]아토르바스타틴칼슘/[M256664]아토르바스타틴칼슘수화물/[M263837]아토르바스타틴","[03960]당뇨병용제",20200710,"기능적 신부전에 의해 유산 산성증 촉진","48시간 이내 병용금기","정상"
"병용금기","단일",D000761,Iopromide,"이오프로마이드","","[M085564]이오프로마이드","[07210]X선조영제","복합",D000718,Metformin,"메트포르민","[D000157]Empagliflozin(엠파글리플로진)","[M201260]염산메트포민/[M214651]염산메트포르민/[M223014]메트포르민염산염/[M244179]메트포르민염산염/[M255741]메트포르민아세트산염/[M263864]메트포르민/[M266682]메트포르민염산염 콜로이드성이산화규소/[M260057]엠파글리플로진","[03960]당뇨병용제",20200710,"기능적 신부전에 의해 유산 산성증 촉진","48시간 이내 병용금기","정상"
"병용금기","단일",D000761,Iopromide,"이오프로마이드","","[M085564]이오프로마이드","[07210]X선조영제","복합",D000718,Metformin,"메트포르민","[D000670]Gemigliptin(제미글립틴)","[M201260]염산메트포민/[M214651]염산메트포르민/[M223014]메트포르민염산염/[M244179]메트포르민염산염/[M255741]메트포르민아세트산염/[M263864]메트포르민/[M266682]메트포르민염산염 콜로이드성이산화규소/[M254878]제미글립틴타르타르산염1.5수화물/[M263103]제미글립틴타르타르산염1.5수하물","[03960]당뇨병용제",20200710,"기능적 신부전에 의해 유산 산성증 촉진","48시간 이내 병용금기","정상"
"병용금기","단일",D001329,Ioversol,"이오베르솔","","","[07210]X선조영제","복합",D000718,Metformin,"메트포르민","[D000442]Voglibose(보글리보스)","[M201260]염산메트포민/[M214651]염산메트포르민/[M223014]메트포르민염산염/[M244179]메트포르민염산염/[M255741]메트포르민아세트산염/[M263864]메트포르민/[M266682]메트포르민염산염 콜로이드성이산화규소/[M051790]보글리보스","[03960]당뇨병용제",20200710,"기능적 신부전에 의해 유산 산성증 촉진","48시간 이내 병용금기","삭제"
"병용금기","단일",D001329,Ioversol,"이오베르솔","","","[07210]X선조영제","복합",D000718,Metformin,"메트포르민","[D000600]Gliclazide(글리클라지드)","[M201260]염산메트포민/[M214651]염산메트포르민/[M223014]메트포르민염산염/[M244179]메트포르민염산염/[M255741]메트포르민아세트산염/[M263864]메트포르민/[M266682]메트포르민염산염 콜로이드성이산화규소/[M099438]글리클라짓/[M222831]글리클라지드/[M258015]글리크라짓","[03960]당뇨병용제",20200710,"기능적 신부전에 의해 유산 산성증 촉진","48시간 이내 병용금기","삭제"
"병용금기","단일",D001329,Ioversol,"이오베르솔","","","[07210]X선조영제","복합",D000718,Metformin,"메트포르민","[D000690]Glibenclamide(글리벤클라미드)","[M201260]염산메트포민/[M214651]염산메트포르민/[M223014]메트포르민염산염/[M244179]메트포르민염산염/[M255741]메트포르민아세트산염/[M263864]메트포르민/[M266682]메트포르민염산염 콜로이드성이산화규소/[M050102]글리벤클라미드","[03960]당뇨병용제",20200710,"기능적 신부전에 의해 유산 산성증 촉진","48시간 이내 병용금기","삭제"
"병용금기","단일",D001329,Ioversol,"이오베르솔","","","[07210]X선조영제","복합",D000718,Metformin,"메트포르민","[D000392]Glimepiride(글리메피리드)","[M201260]염산메트포민/[M214651]염산메트포르민/[M223014]메트포르민염산염/[M244179]메트포르민염산염/[M255741]메트포르민아세트산염/[M263864]메트포르민/[M266682]메트포르민염산염 콜로이드성이산화규소/[M086024]글리메피리드","[03960]당뇨병용제",20200710,"기능적 신부전에 의해 유산 산성증 촉진","48시간 이내 병용금기","삭제"
"병용금기","단일",D001329,Ioversol,"이오베르솔","","","[07210]X선조영제","복합",D000718,Metformin,"메트포르민","[D000418]Repaglinide(레파글리니드)","[M201260]염산메트포민/[M214651]염산메트포르민/[M223014]메트포르민염산염/[M244179]메트포르민염산염/[M255741]메트포르민아세트산염/[M263864]메트포르민/[M266682]메트포르민염산염 콜로이드성이산화규소/[M088889]레파글리니드","[03960]당뇨병용제",20200710,"기능적 신부전에 의해 유산 산성증 촉진","48시간 이내 병용금기","삭제"
"병용금기","단일",D001329,Ioversol,"이오베르솔","","","[07210]X선조영제","복합",D000718,Metformin,"메트포르민","[D000219]Rosuvastatin(로수바스타틴)","[M201260]염산메트포민/[M214651]염산메트포르민/[M223014]메트포르민염산염/[M244179]메트포르민염산염/[M255741]메트포르민아세트산염/[M263864]메트포르민/[M266682]메트포르민염산염 콜로이드성이산화규소/[M095744]로수바스타틴칼슘/[M258559]로수바스타틴칼슘염/[M270546]로수바스타틴칼슘(미분화)","[03960]당뇨병용제",20200710,"기능적 신부전에 의해 유산 산성증 촉진","48시간 이내 병용금기","삭제"
"병용금기","단일",D001329,Ioversol,"이오베르솔","","","[07210]X선조영제","복합",D000718,Metformin,"메트포르민","[D000445]Vildagliptin(빌다글립틴)","[M201260]염산메트포민/[M214651]염산메트포르민/[M223014]메트포르민염산염/[M244179]메트포르민염산염/[M255741]메트포르민아세트산염/[M263864]메트포르민/[M266682]메트포르민염산염 콜로이드성이산화규소/[M221584]빌다글립틴/[M262420]빌다글립틴(미분화)","[03960]당뇨병용제",20200710,"기능적 신부전에 의해 유산 산성증 촉진","48시간 이내 병용금기","삭제"
"병용금기","단일",D001329,Ioversol,"이오베르솔","","","[07210]X선조영제","복합",D000718,Metformin,"메트포르민","[D000109]Pioglitazone(피오글리타존)","[M201260]염산메트포민/[M214651]염산메트포르민/[M223014]메트포르민염산염/[M244179]메트포르민염산염/[M255741]메트포르민아세트산염/[M263864]메트포르민/[M266682]메트포르민염산염 콜로이드성이산화규소/[M092005]염산피오글리타존/[M235069]피오글리타존염산염/[M260948]피오글리타존염","[03960]당뇨병용제",20200710,"기능적 신부전에 의해 유산 산성증 촉진","48시간 이내 병용금기","삭제"
"병용금기","단일",D001329,Ioversol,"이오베르솔","","","[07210]X선조영제","복합",D000718,Metformin,"메트포르민","[D001008]Evogliptin(에보글립틴)","[M201260]염산메트포민/[M214651]염산메트포르민/[M223014]메트포르민염산염/[M244179]메트포르민염산염/[M255741]메트포르민아세트산염/[M263864]메트포르민/[M266682]메트포르민염산염 콜로이드성이산화규소/[M262875]에보글립틴타르타르산염/[M263350]에보글립틴타르타르산염","[03960]당뇨병용제",20200710,"기능적 신부전에 의해 유산 산성증 촉진","48시간 이내 병용금기","삭제"
"병용금기","단일",D001329,Ioversol,"이오베르솔","","","[07210]X선조영제","복합",D000718,Metformin,"메트포르민","[D000117]Linagliptin(리나글립틴)","[M201260]염산메트포민/[M214651]염산메트포르민/[M223014]메트포르민염산염/[M244179]메트포르민염산염/[M255741]메트포르민아세트산염/[M263864]메트포르민/[M266682]메트포르민염산염 콜로이드성이산화규소/[M252996]리나글립틴","[03960]당뇨병용제",20200710,"기능적 신부전에 의해 유산 산성증 촉진","48시간 이내 병용금기","삭제"
"병용금기","단일",D001329,Ioversol,"이오베르솔","","","[07210]X선조영제","복합",D000718,Metformin,"메트포르민","[D001328]Ertugliflozin L-Pyroglutamic Acid(에르투글리플로진 L-피로글루탐산)","[M201260]염산메트포민/[M214651]염산메트포르민/[M223014]메트포르민염산염/[M244179]메트포르민염산염/[M255741]메트포르민아세트산염/[M263864]메트포르민/[M266682]메트포르민염산염 콜로이드성이산화규소/[A110293]에르투글리플로진L-피로글루탐산/[M268102]에르투글리플로진L-피로글루탐산/[M272715]미분화에르투글리플로진L-피로글루탐산","[03960]당뇨병용제",20200710,"기능적 신부전에 의해 유산 산성증 촉진","48시간 이내 병용금기","삭제"
"병용금기","단일",D001329,Ioversol,"이오베르솔","","","[07210]X선조영제","복합",D000718,Metformin,"메트포르민","[D000244]Sitagliptin(시타글립틴)","[M201260]염산메트포민/[M214651]염산메트포르민/[M223014]메트포르민염산염/[M244179]메트포르민염산염/[M255741]메트포르민아세트산염/[M263864]메트포르민/[M266682]메트포르민염산염 콜로이드성이산화규소/[M251915]시타글립틴인산염수화물/[M262101]시타글립틴인산염/[M266925]시타글립틴염산염수화물","[03960]당뇨병용제",20200710,"기능적 신부전에 의해 유산 산성증 촉진","48시간 이내 병용금기","삭제"
"병용금기","단일",D001329,Ioversol,"이오베르솔","","","[07210]X선조영제","복합",D000718,Metformin,"메트포르민","[D000455]Atorvastatin(아토르바스타틴)","[M201260]염산메트포민/[M214651]염산메트포르민/[M223014]메트포르민염산염/[M244179]메트포르민염산염/[M255741]메트포르민아세트산염/[M263864]메트포르민/[M266682]메트포르민염산염 콜로이드성이산화규소/[I004369]아토르바스타틴칼슘수화물/[M093499]아토르바스타틴칼슘/[M213543]무수아토르바스타틴칼슘/[M215219]아토르바스타틴칼슘삼수화물/[M218956]아토르바스타틴삼수화물/[M244955]아토르바스타틴 스트론튬/[M247057]아토르바스타틴칼슘염무수물/[M251687]아토르바스타틴칼슘/[M256664]아토르바스타틴칼슘수화물/[M263837]아토르바스타틴","[03960]당뇨병용제",20200710,"기능적 신부전에 의해 유산 산성증 촉진","48시간 이내 병용금기","삭제"
"병용금기","단일",D001329,Ioversol,"이오베르솔","","","[07210]X선조영제","복합",D000718,Metformin,"메트포르민","[D000157]Empagliflozin(엠파글리플로진)","[M201260]염산메트포민/[M214651]염산메트포르민/[M223014]메트포르민염산염/[M244179]메트포르민염산염/[M255741]메트포르민아세트산염/[M263864]메트포르민/[M266682]메트포르민염산염 콜로이드성이산화규소/[M260057]엠파글리플로진","[03960]당뇨병용제",20200710,"기능적 신부전에 의해 유산 산성증 촉진","48시간 이내 병용금기","삭제"
"병용금기","단일",D001329,Ioversol,"이오베르솔","","","[07210]X선조영제","복합",D000718,Metformin,"메트포르민","[D000670]Gemigliptin(제미글립틴)","[M201260]염산메트포민/[M214651]염산메트포르민/[M223014]메트포르민염산염/[M244179]메트포르민염산염/[M255741]메트포르민아세트산염/[M263864]메트포르민/[M266682]메트포르민염산염 콜로이드성이산화규소/[M254878]제미글립틴타르타르산염1.5수화물/[M263103]제미글립틴타르타르산염1.5수하물","[03960]당뇨병용제",20200710,"기능적 신부전에 의해 유산 산성증 촉진","48시간 이내 병용금기","삭제"
"병용금기","단일",D000032,"Iodised Oil","아이오다이즈드오일","","[M259322]아이오다이즈드오일(양귀비종자 유래 요오드화지방산 에틸에스테르)","[07210]X선조영제","복합",D000718,Metformin,"메트포르민","[D000442]Voglibose(보글리보스)","[M201260]염산메트포민/[M214651]염산메트포르민/[M223014]메트포르민염산염/[M244179]메트포르민염산염/[M255741]메트포르민아세트산염/[M263864]메트포르민/[M266682]메트포르민염산염 콜로이드성이산화규소/[M051790]보글리보스","[03960]당뇨병용제",20200710,"기능적 신부전에 의해 유산 산성증 촉진","48시간 이내 병용금기","정상"
"병용금기","단일",D000032,"Iodised Oil","아이오다이즈드오일","","[M259322]아이오다이즈드오일(양귀비종자 유래 요오드화지방산 에틸에스테르)","[07210]X선조영제","복합",D000718,Metformin,"메트포르민","[D000600]Gliclazide(글리클라지드)","[M201260]염산메트포민/[M214651]염산메트포르민/[M223014]메트포르민염산염/[M244179]메트포르민염산염/[M255741]메트포르민아세트산염/[M263864]메트포르민/[M266682]메트포르민염산염 콜로이드성이산화규소/[M099438]글리클라짓/[M222831]글리클라지드/[M258015]글리크라짓","[03960]당뇨병용제",20200710,"기능적 신부전에 의해 유산 산성증 촉진","48시간 이내 병용금기","정상"
"병용금기","단일",D000032,"Iodised Oil","아이오다이즈드오일","","[M259322]아이오다이즈드오일(양귀비종자 유래 요오드화지방산 에틸에스테르)","[07210]X선조영제","복합",D000718,Metformin,"메트포르민","[D000690]Glibenclamide(글리벤클라미드)","[M201260]염산메트포민/[M214651]염산메트포르민/[M223014]메트포르민염산염/[M244179]메트포르민염산염/[M255741]메트포르민아세트산염/[M263864]메트포르민/[M266682]메트포르민염산염 콜로이드성이산화규소/[M050102]글리벤클라미드","[03960]당뇨병용제",20200710,"기능적 신부전에 의해 유산 산성증 촉진","48시간 이내 병용금기","정상"
"병용금기","단일",D000032,"Iodised Oil","아이오다이즈드오일","","[M259322]아이오다이즈드오일(양귀비종자 유래 요오드화지방산 에틸에스테르)","[07210]X선조영제","복합",D000718,Metformin,"메트포르민","[D000392]Glimepiride(글리메피리드)","[M201260]염산메트포민/[M214651]염산메트포르민/[M223014]메트포르민염산염/[M244179]메트포르민염산염/[M255741]메트포르민아세트산염/[M263864]메트포르민/[M266682]메트포르민염산염 콜로이드성이산화규소/[M086024]글리메피리드","[03960]당뇨병용제",20200710,"기능적 신부전에 의해 유산 산성증 촉진","48시간 이내 병용금기","정상"
"병용금기","단일",D000032,"Iodised Oil","아이오다이즈드오일","","[M259322]아이오다이즈드오일(양귀비종자 유래 요오드화지방산 에틸에스테르)","[07210]X선조영제","복합",D000718,Metformin,"메트포르민","[D000418]Repaglinide(레파글리니드)","[M201260]염산메트포민/[M214651]염산메트포르민/[M223014]메트포르민염산염/[M244179]메트포르민염산염/[M255741]메트포르민아세트산염/[M263864]메트포르민/[M266682]메트포르민염산염 콜로이드성이산화규소/[M088889]레파글리니드","[03960]당뇨병용제",20200710,"기능적 신부전에 의해 유산 산성증 촉진","48시간 이내 병용금기","정상"
"병용금기","단일",D000032,"Iodised Oil","아이오다이즈드오일","","[M259322]아이오다이즈드오일(양귀비종자 유래 요오드화지방산 에틸에스테르)","[07210]X선조영제","복합",D000718,Metformin,"메트포르민","[D000219]Rosuvastatin(로수바스타틴)","[M201260]염산메트포민/[M214651]염산메트포르민/[M223014]메트포르민염산염/[M244179]메트포르민염산염/[M255741]메트포르민아세트산염/[M263864]메트포르민/[M266682]메트포르민염산염 콜로이드성이산화규소/[M095744]로수바스타틴칼슘/[M258559]로수바스타틴칼슘염/[M270546]로수바스타틴칼슘(미분화)","[03960]당뇨병용제",20200710,"기능적 신부전에 의해 유산 산성증 촉진","48시간 이내 병용금기","정상"
"병용금기","단일",D000032,"Iodised Oil","아이오다이즈드오일","","[M259322]아이오다이즈드오일(양귀비종자 유래 요오드화지방산 에틸에스테르)","[07210]X선조영제","복합",D000718,Metformin,"메트포르민","[D000445]Vildagliptin(빌다글립틴)","[M201260]염산메트포민/[M214651]염산메트포르민/[M223014]메트포르민염산염/[M244179]메트포르민염산염/[M255741]메트포르민아세트산염/[M263864]메트포르민/[M266682]메트포르민염산염 콜로이드성이산화규소/[M221584]빌다글립틴/[M262420]빌다글립틴(미분화)","[03960]당뇨병용제",20200710,"기능적 신부전에 의해 유산 산성증 촉진","48시간 이내 병용금기","정상"
"병용금기","단일",D000032,"Iodised Oil","아이오다이즈드오일","","[M259322]아이오다이즈드오일(양귀비종자 유래 요오드화지방산 에틸에스테르)","[07210]X선조영제","복합",D000718,Metformin,"메트포르민","[D000109]Pioglitazone(피오글리타존)","[M201260]염산메트포민/[M214651]염산메트포르민/[M223014]메트포르민염산염/[M244179]메트포르민염산염/[M255741]메트포르민아세트산염/[M263864]메트포르민/[M266682]메트포르민염산염 콜로이드성이산화규소/[M092005]염산피오글리타존/[M235069]피오글리타존염산염/[M260948]피오글리타존염","[03960]당뇨병용제",20200710,"기능적 신부전에 의해 유산 산성증 촉진","48시간 이내 병용금기","정상"
"병용금기","단일",D000032,"Iodised Oil","아이오다이즈드오일","","[M259322]아이오다이즈드오일(양귀비종자 유래 요오드화지방산 에틸에스테르)","[07210]X선조영제","복합",D000718,Metformin,"메트포르민","[D001008]Evogliptin(에보글립틴)","[M201260]염산메트포민/[M214651]염산메트포르민/[M223014]메트포르민염산염/[M244179]메트포르민염산염/[M255741]메트포르민아세트산염/[M263864]메트포르민/[M266682]메트포르민염산염 콜로이드성이산화규소/[M262875]에보글립틴타르타르산염/[M263350]에보글립틴타르타르산염","[03960]당뇨병용제",20200710,"기능적 신부전에 의해 유산 산성증 촉진","48시간 이내 병용금기","정상"
"병용금기","단일",D000032,"Iodised Oil","아이오다이즈드오일","","[M259322]아이오다이즈드오일(양귀비종자 유래 요오드화지방산 에틸에스테르)","[07210]X선조영제","복합",D000718,Metformin,"메트포르민","[D000117]Linagliptin(리나글립틴)","[M201260]염산메트포민/[M214651]염산메트포르민/[M223014]메트포르민염산염/[M244179]메트포르민염산염/[M255741]메트포르민아세트산염/[M263864]메트포르민/[M266682]메트포르민염산염 콜로이드성이산화규소/[M252996]리나글립틴","[03960]당뇨병용제",20200710,"기능적 신부전에 의해 유산 산성증 촉진","48시간 이내 병용금기","정상"
"병용금기","단일",D000032,"Iodised Oil","아이오다이즈드오일","","[M259322]아이오다이즈드오일(양귀비종자 유래 요오드화지방산 에틸에스테르)","[07210]X선조영제","복합",D000718,Metformin,"메트포르민","[D000244]Sitagliptin(시타글립틴)","[M201260]염산메트포민/[M214651]염산메트포르민/[M223014]메트포르민염산염/[M244179]메트포르민염산염/[M255741]메트포르민아세트산염/[M263864]메트포르민/[M266682]메트포르민염산염 콜로이드성이산화규소/[M251915]시타글립틴인산염수화물/[M262101]시타글립틴인산염/[M266925]시타글립틴염산염수화물","[03960]당뇨병용제",20200710,"기능적 신부전에 의해 유산 산성증 촉진","48시간 이내 병용금기","정상"
"병용금기","단일",D000032,"Iodised Oil","아이오다이즈드오일","","[M259322]아이오다이즈드오일(양귀비종자 유래 요오드화지방산 에틸에스테르)","[07210]X선조영제","복합",D000718,Metformin,"메트포르민","[D001328]Ertugliflozin L-Pyroglutamic Acid(에르투글리플로진 L-피로글루탐산)","[M201260]염산메트포민/[M214651]염산메트포르민/[M223014]메트포르민염산염/[M244179]메트포르민염산염/[M255741]메트포르민아세트산염/[M263864]메트포르민/[M266682]메트포르민염산염 콜로이드성이산화규소/[A110293]에르투글리플로진L-피로글루탐산/[M268102]에르투글리플로진L-피로글루탐산/[M272715]미분화에르투글리플로진L-피로글루탐산","[03960]당뇨병용제",20200710,"기능적 신부전에 의해 유산 산성증 촉진","48시간 이내 병용금기","정상"
"병용금기","단일",D000032,"Iodised Oil","아이오다이즈드오일","","[M259322]아이오다이즈드오일(양귀비종자 유래 요오드화지방산 에틸에스테르)","[07210]X선조영제","복합",D000718,Metformin,"메트포르민","[D000455]Atorvastatin(아토르바스타틴)","[M201260]염산메트포민/[M214651]염산메트포르민/[M223014]메트포르민염산염/[M244179]메트포르민염산염/[M255741]메트포르민아세트산염/[M263864]메트포르민/[M266682]메트포르민염산염 콜로이드성이산화규소/[I004369]아토르바스타틴칼슘수화물/[M093499]아토르바스타틴칼슘/[M213543]무수아토르바스타틴칼슘/[M215219]아토르바스타틴칼슘삼수화물/[M218956]아토르바스타틴삼수화물/[M244955]아토르바스타틴 스트론튬/[M247057]아토르바스타틴칼슘염무수물/[M251687]아토르바스타틴칼슘/[M256664]아토르바스타틴칼슘수화물/[M263837]아토르바스타틴","[03960]당뇨병용제",20200710,"기능적 신부전에 의해 유산 산성증 촉진","48시간 이내 병용금기","정상"
"병용금기","단일",D000032,"Iodised Oil","아이오다이즈드오일","","[M259322]아이오다이즈드오일(양귀비종자 유래 요오드화지방산 에틸에스테르)","[07210]X선조영제","복합",D000718,Metformin,"메트포르민","[D000157]Empagliflozin(엠파글리플로진)","[M201260]염산메트포민/[M214651]염산메트포르민/[M223014]메트포르민염산염/[M244179]메트포르민염산염/[M255741]메트포르민아세트산염/[M263864]메트포르민/[M266682]메트포르민염산염 콜로이드성이산화규소/[M260057]엠파글리플로진","[03960]당뇨병용제",20200710,"기능적 신부전에 의해 유산 산성증 촉진","48시간 이내 병용금기","정상"
"병용금기","단일",D000032,"Iodised Oil","아이오다이즈드오일","","[M259322]아이오다이즈드오일(양귀비종자 유래 요오드화지방산 에틸에스테르)","[07210]X선조영제","복합",D000718,Metformin,"메트포르민","[D000670]Gemigliptin(제미글립틴)","[M201260]염산메트포민/[M214651]염산메트포르민/[M223014]메트포르민염산염/[M244179]메트포르민염산염/[M255741]메트포르민아세트산염/[M263864]메트포르민/[M266682]메트포르민염산염 콜로이드성이산화규소/[M254878]제미글립틴타르타르산염1.5수화물/[M263103]제미글립틴타르타르산염1.5수하물","[03960]당뇨병용제",20200710,"기능적 신부전에 의해 유산 산성증 촉진","48시간 이내 병용금기","정상"
"병용금기","단일",D000165,Ioversol,"이오베르솔","","[A000953]이오베르솔/[M088691]이오버솔/[M257716]이오베르솔/[M274167]조이오베르솔","[07210]X선조영제","복합",D000718,Metformin,"메트포르민","[D000442]Voglibose(보글리보스)","[M201260]염산메트포민/[M214651]염산메트포르민/[M223014]메트포르민염산염/[M244179]메트포르민염산염/[M255741]메트포르민아세트산염/[M263864]메트포르민/[M266682]메트포르민염산염 콜로이드성이산화규소/[M051790]보글리보스","[03960]당뇨병용제",20200710,"기능적 신부전에 의해 유산 산성증 촉진","48시간 이내 병용금기","정상"
"병용금기","단일",D000165,Ioversol,"이오베르솔","","[A000953]이오베르솔/[M088691]이오버솔/[M257716]이오베르솔/[M274167]조이오베르솔","[07210]X선조영제","복합",D000718,Metformin,"메트포르민","[D000600]Gliclazide(글리클라지드)","[M201260]염산메트포민/[M214651]염산메트포르민/[M223014]메트포르민염산염/[M244179]메트포르민염산염/[M255741]메트포르민아세트산염/[M263864]메트포르민/[M266682]메트포르민염산염 콜로이드성이산화규소/[M099438]글리클라짓/[M222831]글리클라지드/[M258015]글리크라짓","[03960]당뇨병용제",20200710,"기능적 신부전에 의해 유산 산성증 촉진","48시간 이내 병용금기","정상"
"병용금기","단일",D000165,Ioversol,"이오베르솔","","[A000953]이오베르솔/[M088691]이오버솔/[M257716]이오베르솔/[M274167]조이오베르솔","[07210]X선조영제","복합",D000718,Metformin,"메트포르민","[D000690]Glibenclamide(글리벤클라미드)","[M201260]염산메트포민/[M214651]염산메트포르민/[M223014]메트포르민염산염/[M244179]메트포르민염산염/[M255741]메트포르민아세트산염/[M263864]메트포르민/[M266682]메트포르민염산염 콜로이드성이산화규소/[M050102]글리벤클라미드","[03960]당뇨병용제",20200710,"기능적 신부전에 의해 유산 산성증 촉진","48시간 이내 병용금기","정상"
"병용금기","단일",D000165,Ioversol,"이오베르솔","","[A000953]이오베르솔/[M088691]이오버솔/[M257716]이오베르솔/[M274167]조이오베르솔","[07210]X선조영제","복합",D000718,Metformin,"메트포르민","[D000392]Glimepiride(글리메피리드)","[M201260]염산메트포민/[M214651]염산메트포르민/[M223014]메트포르민염산염/[M244179]메트포르민염산염/[M255741]메트포르민아세트산염/[M263864]메트포르민/[M266682]메트포르민염산염 콜로이드성이산화규소/[M086024]글리메피리드","[03960]당뇨병용제",20200710,"기능적 신부전에 의해 유산 산성증 촉진","48시간 이내 병용금기","정상"
"병용금기","단일",D000165,Ioversol,"이오베르솔","","[A000953]이오베르솔/[M088691]이오버솔/[M257716]이오베르솔/[M274167]조이오베르솔","[07210]X선조영제","복합",D000718,Metformin,"메트포르민","[D000418]Repaglinide(레파글리니드)","[M201260]염산메트포민/[M214651]염산메트포르민/[M223014]메트포르민염산염/[M244179]메트포르민염산염/[M255741]메트포르민아세트산염/[M263864]메트포르민/[M266682]메트포르민염산염 콜로이드성이산화규소/[M088889]레파글리니드","[03960]당뇨병용제",20200710,"기능적 신부전에 의해 유산 산성증 촉진","48시간 이내 병용금기","정상"
"병용금기","단일",D000165,Ioversol,"이오베르솔","","[A000953]이오베르솔/[M088691]이오버솔/[M257716]이오베르솔/[M274167]조이오베르솔","[07210]X선조영제","복합",D000718,Metformin,"메트포르민","[D000219]Rosuvastatin(로수바스타틴)","[M201260]염산메트포민/[M214651]염산메트포르민/[M223014]메트포르민염산염/[M244179]메트포르민염산염/[M255741]메트포르민아세트산염/[M263864]메트포르민/[M266682]메트포르민염산염 콜로이드성이산화규소/[M095744]로수바스타틴칼슘/[M258559]로수바스타틴칼슘염/[M270546]로수바스타틴칼슘(미분화)","[03960]당뇨병용제",20200710,"기능적 신부전에 의해 유산 산성증 촉진","48시간 이내 병용금기","정상"
"병용금기","단일",D000165,Ioversol,"이오베르솔","","[A000953]이오베르솔/[M088691]이오버솔/[M257716]이오베르솔/[M274167]조이오베르솔","[07210]X선조영제","복합",D000718,Metformin,"메트포르민","[D000445]Vildagliptin(빌다글립틴)","[M201260]염산메트포민/[M214651]염산메트포르민/[M223014]메트포르민염산염/[M244179]메트포르민염산염/[M255741]메트포르민아세트산염/[M263864]메트포르민/[M266682]메트포르민염산염 콜로이드성이산화규소/[M221584]빌다글립틴/[M262420]빌다글립틴(미분화)","[03960]당뇨병용제",20200710,"기능적 신부전에 의해 유산 산성증 촉진","48시간 이내 병용금기","정상"
"병용금기","단일",D000165,Ioversol,"이오베르솔","","[A000953]이오베르솔/[M088691]이오버솔/[M257716]이오베르솔/[M274167]조이오베르솔","[07210]X선조영제","복합",D000718,Metformin,"메트포르민","[D000109]Pioglitazone(피오글리타존)","[M201260]염산메트포민/[M214651]염산메트포르민/[M223014]메트포르민염산염/[M244179]메트포르민염산염/[M255741]메트포르민아세트산염/[M263864]메트포르민/[M266682]메트포르민염산염 콜로이드성이산화규소/[M092005]염산피오글리타존/[M235069]피오글리타존염산염/[M260948]피오글리타존염","[03960]당뇨병용제",20200710,"기능적 신부전에 의해 유산 산성증 촉진","48시간 이내 병용금기","정상"
"병용금기","단일",D000165,Ioversol,"이오베르솔","","[A000953]이오베르솔/[M088691]이오버솔/[M257716]이오베르솔/[M274167]조이오베르솔","[07210]X선조영제","복합",D000718,Metformin,"메트포르민","[D001008]Evogliptin(에보글립틴)","[M201260]염산메트포민/[M214651]염산메트포르민/[M223014]메트포르민염산염/[M244179]메트포르민염산염/[M255741]메트포르민아세트산염/[M263864]메트포르민/[M266682]메트포르민염산염 콜로이드성이산화규소/[M262875]에보글립틴타르타르산염/[M263350]에보글립틴타르타르산염","[03960]당뇨병용제",20200710,"기능적 신부전에 의해 유산 산성증 촉진","48시간 이내 병용금기","정상"
"병용금기","단일",D000165,Ioversol,"이오베르솔","","[A000953]이오베르솔/[M088691]이오버솔/[M257716]이오베르솔/[M274167]조이오베르솔","[07210]X선조영제","복합",D000718,Metformin,"메트포르민","[D000117]Linagliptin(리나글립틴)","[M201260]염산메트포민/[M214651]염산메트포르민/[M223014]메트포르민염산염/[M244179]메트포르민염산염/[M255741]메트포르민아세트산염/[M263864]메트포르민/[M266682]메트포르민염산염 콜로이드성이산화규소/[M252996]리나글립틴","[03960]당뇨병용제",20200710,"기능적 신부전에 의해 유산 산성증 촉진","48시간 이내 병용금기","정상"
"병용금기","단일",D000165,Ioversol,"이오베르솔","","[A000953]이오베르솔/[M088691]이오버솔/[M257716]이오베르솔/[M274167]조이오베르솔","[07210]X선조영제","복합",D000718,Metformin,"메트포르민","[D001328]Ertugliflozin L-Pyroglutamic Acid(에르투글리플로진 L-피로글루탐산)","[M201260]염산메트포민/[M214651]염산메트포르민/[M223014]메트포르민염산염/[M244179]메트포르민염산염/[M255741]메트포르민아세트산염/[M263864]메트포르민/[M266682]메트포르민염산염 콜로이드성이산화규소/[A110293]에르투글리플로진L-피로글루탐산/[M268102]에르투글리플로진L-피로글루탐산/[M272715]미분화에르투글리플로진L-피로글루탐산","[03960]당뇨병용제",20200710,"기능적 신부전에 의해 유산 산성증 촉진","48시간 이내 병용금기","정상"
"병용금기","단일",D000165,Ioversol,"이오베르솔","","[A000953]이오베르솔/[M088691]이오버솔/[M257716]이오베르솔/[M274167]조이오베르솔","[07210]X선조영제","복합",D000718,Metformin,"메트포르민","[D000244]Sitagliptin(시타글립틴)","[M201260]염산메트포민/[M214651]염산메트포르민/[M223014]메트포르민염산염/[M244179]메트포르민염산염/[M255741]메트포르민아세트산염/[M263864]메트포르민/[M266682]메트포르민염산염 콜로이드성이산화규소/[M251915]시타글립틴인산염수화물/[M262101]시타글립틴인산염/[M266925]시타글립틴염산염수화물","[03960]당뇨병용제",20200710,"기능적 신부전에 의해 유산 산성증 촉진","48시간 이내 병용금기","정상"
"병용금기","단일",D000165,Ioversol,"이오베르솔","","[A000953]이오베르솔/[M088691]이오버솔/[M257716]이오베르솔/[M274167]조이오베르솔","[07210]X선조영제","복합",D000718,Metformin,"메트포르민","[D000455]Atorvastatin(아토르바스타틴)","[M201260]염산메트포민/[M214651]염산메트포르민/[M223014]메트포르민염산염/[M244179]메트포르민염산염/[M255741]메트포르민아세트산염/[M263864]메트포르민/[M266682]메트포르민염산염 콜로이드성이산화규소/[I004369]아토르바스타틴칼슘수화물/[M093499]아토르바스타틴칼슘/[M213543]무수아토르바스타틴칼슘/[M215219]아토르바스타틴칼슘삼수화물/[M218956]아토르바스타틴삼수화물/[M244955]아토르바스타틴 스트론튬/[M247057]아토르바스타틴칼슘염무수물/[M251687]아토르바스타틴칼슘/[M256664]아토르바스타틴칼슘수화물/[M263837]아토르바스타틴","[03960]당뇨병용제",20200710,"기능적 신부전에 의해 유산 산성증 촉진","48시간 이내 병용금기","정상"
"병용금기","단일",D000165,Ioversol,"이오베르솔","","[A000953]이오베르솔/[M088691]이오버솔/[M257716]이오베르솔/[M274167]조이오베르솔","[07210]X선조영제","복합",D000718,Metformin,"메트포르민","[D000157]Empagliflozin(엠파글리플로진)","[M201260]염산메트포민/[M214651]염산메트포르민/[M223014]메트포르민염산염/[M244179]메트포르민염산염/[M255741]메트포르민아세트산염/[M263864]메트포르민/[M266682]메트포르민염산염 콜로이드성이산화규소/[M260057]엠파글리플로진","[03960]당뇨병용제",20200710,"기능적 신부전에 의해 유산 산성증 촉진","48시간 이내 병용금기","정상"
"병용금기","단일",D000165,Ioversol,"이오베르솔","","[A000953]이오베르솔/[M088691]이오버솔/[M257716]이오베르솔/[M274167]조이오베르솔","[07210]X선조영제","복합",D000718,Metformin,"메트포르민","[D000670]Gemigliptin(제미글립틴)","[M201260]염산메트포민/[M214651]염산메트포르민/[M223014]메트포르민염산염/[M244179]메트포르민염산염/[M255741]메트포르민아세트산염/[M263864]메트포르민/[M266682]메트포르민염산염 콜로이드성이산화규소/[M254878]제미글립틴타르타르산염1.5수화물/[M263103]제미글립틴타르타르산염1.5수하물","[03960]당뇨병용제",20200710,"기능적 신부전에 의해 유산 산성증 촉진","48시간 이내 병용금기","정상"
"병용금기","단일",D000448,Pseudoephedrine,"슈도에페드린","","[M050833]염산슈도에페드린/[M081720]황산슈도에페드린/[M203364]슈도에페드린염산염/[M222865]수도에페드린염산염/[M248579]수도에페드린황산염/[M256034]수도에페드린염산염 과립/[M258826]수도에페드린","","단일",D000698,Rasagiline,"라사길린","","[M257939]라사길린메실산염","",20201228,"고혈압, 빈맥 유발","","정상"
"병용금기","복합",D000316,Dexbrompheniramine,"덱스브롬페니라민","[D000448]Pseudoephedrine(슈도에페드린)","[M095060]말레인산덱스브롬페니라민/[M253274]d-브롬페니라민말레산염/[M050833]염산슈도에페드린/[M081720]황산슈도에페드린/[M203364]슈도에페드린염산염/[M222865]수도에페드린염산염/[M248579]수도에페드린황산염/[M256034]수도에페드린염산염 과립/[M258826]수도에페드린","","단일",D000698,Rasagiline,"라사길린","","[M257939]라사길린메실산염","",20201228,"고혈압, 빈맥 유발","","정상"
"병용금기","복합",D000080,Gimeracil,"기메라실","[D000260]Oteracil(오테라실)/[D000483]Tegafur(테가푸르)","[M250313]기메라실/[M250314]오테라실칼륨/[M051785]테가푸르/[M088346]테가푸르과립","","단일",D000623,Fluorouracil,"플루오로우라실","","[M040740]플루오로우라실/[M083217]5-플루오로우라실","",20201228,"해당 약물 병용 시 gimeracil에 의해 fluoropyrimidine 계열 약물의 대사가 감소하여 항암제의 독성이 증가 gimeracil/oteracil/tegafur 투여 중 및 종료 후 7일 간 해당 성분 투여 금기","","정상"
"병용금기","복합",D000080,Gimeracil,"기메라실","[D000260]Oteracil(오테라실)/[D000483]Tegafur(테가푸르)","[M250313]기메라실/[M250314]오테라실칼륨/[M051785]테가푸르/[M088346]테가푸르과립","","단일",D000768,Capecitabine,"카페시타빈","","[M089886]카페시타빈","",20201228,"해당 약물 병용 시 gimeracil에 의해 fluoropyrimidine 계열 약물의 대사가 감소하여 항암제의 독성이 증가 gimeracil/oteracil/tegafur 투여 중 및 종료 후 7일 간 해당 성분 투여 금기","","정상"
"병용금기","복합",D000080,Gimeracil,"기메라실","[D000260]Oteracil(오테라실)/[D000483]Tegafur(테가푸르)","[M250313]기메라실/[M250314]오테라실칼륨/[M051785]테가푸르/[M088346]테가푸르과립","","단일",D000504,Doxifluridine,"독시플루리딘","","[M085422]독시플루리딘","",20201228,"해당 약물 병용 시 gimeracil에 의해 fluoropyrimidine 계열 약물의 대사가 감소하여 항암제의 독성이 증가 gimeracil/oteracil/tegafur 투여 중 및 종료 후 7일 간 해당 성분 투여 금기","","정상"
"병용금기","복합",D000546,Sulfamethoxazole,"설파메톡사졸","[D000067]Trimethoprim(트리메토프림)","[M040283]설파메톡사졸/[M081371]설파메톡사졸나트륨/[M051623]트리메토프림","","단일",D000716,Methotrexate,"메토트렉세이트","","[M040168]메토트렉세이트","",20201228,"신세뇨관에서 methotrexate 배설이 지연되어 methotrexate의 혈액학적 독성 증가","","정상"
"병용금기","복합",D001362,Glecaprevir,"글레카프레비르","[D001363]Pibrentasvir(피브렌타스비르)","[A001652]글레카프레비르/[M267082]글레카프레비르/[A003331]피브렌타스비르/[M267076]피브렌타스비르","","단일",D000150,Atazanavir,"아타자나비르","","[M249264]아타자나비어황산염/[M263079]아타자나비르황산염","",20201228,"Glecaprevir의 혈장 농도가 유의하게 증가하여 ALT 상승 위험 증가 가능","","정상"
"병용금기","복합",D001362,Glecaprevir,"글레카프레비르","[D001363]Pibrentasvir(피브렌타스비르)","[A001652]글레카프레비르/[M267082]글레카프레비르/[A003331]피브렌타스비르/[M267076]피브렌타스비르","","단일",D000455,Atorvastatin,"아토르바스타틴","","[I004369]아토르바스타틴칼슘수화물/[M093499]아토르바스타틴칼슘/[M213543]무수아토르바스타틴칼슘/[M215219]아토르바스타틴칼슘삼수화물/[M218956]아토르바스타틴삼수화물/[M244955]아토르바스타틴 스트론튬/[M247057]아토르바스타틴칼슘염무수물/[M251687]아토르바스타틴칼슘/[M256664]아토르바스타틴칼슘수화물/[M263837]아토르바스타틴","",20201228,"횡문근융해증을 비롯한 근육질환 등 중증 이상반응","","정상"
"병용금기","복합",D001362,Glecaprevir,"글레카프레비르","[D001363]Pibrentasvir(피브렌타스비르)","[A001652]글레카프레비르/[M267082]글레카프레비르/[A003331]피브렌타스비르/[M267076]피브렌타스비르","","단일",D000027,Simvastatin,"심바스타틴","","[M089710]심바스타틴","",20201228,"횡문근융해증을 비롯한 근육질환 등 중증 이상반응","","정상"
"병용금기","복합",D001362,Glecaprevir,"글레카프레비르","[D001363]Pibrentasvir(피브렌타스비르)","[A001652]글레카프레비르/[M267082]글레카프레비르/[A003331]피브렌타스비르/[M267076]피브렌타스비르","","단일",D000476,Carbamazepine,"카르바마제핀","","[M040569]카르바마제핀/[M201734]카바마제핀","",20201228,"Glecaprevir와 Pibrentasvir의 혈장 농도가 유의하게 감소하여 이 약의 바이러스학적 반응 감소 가능","","정상"
"병용금기","복합",D001362,Glecaprevir,"글레카프레비르","[D001363]Pibrentasvir(피브렌타스비르)","[A001652]글레카프레비르/[M267082]글레카프레비르/[A003331]피브렌타스비르/[M267076]피브렌타스비르","","단일",D000595,Phenytoin,"페니토인","","[M051706]페니토인/[M051707]페니토인나트륨","",20201228,"Glecaprevir와 Pibrentasvir의 혈장 농도가 유의하게 감소하여 이 약의 바이러스학적 반응 감소 가능","","정상"
"병용금기","복합",D001362,Glecaprevir,"글레카프레비르","[D001363]Pibrentasvir(피브렌타스비르)","[A001652]글레카프레비르/[M267082]글레카프레비르/[A003331]피브렌타스비르/[M267076]피브렌타스비르","","단일",D000314,Rifampicin,"리팜피신","","[M020042]리팜피신","",20201228,"Glecaprevir와 Pibrentasvir의 혈장 농도가 유의하게 감소하여 이 약의 바이러스학적 반응 감소 가능","","정상"
"병용금기","복합",D001362,Glecaprevir,"글레카프레비르","[D001363]Pibrentasvir(피브렌타스비르)","[A001652]글레카프레비르/[M267082]글레카프레비르/[A003331]피브렌타스비르/[M267076]피브렌타스비르","","단일",D000447,"St. Johns Wort","세인트존스워트","","[M220509]세인트존스워트/[M248295]세인트존스워트80%메탄올엑스/[M255952]세인트존스워트50%에탄올엑스/[M256845]세인트존스워트틴크D2/[M258013]세인트존스워트80%메탄올건조엑스","",20201228,"Glecaprevir와 Pibrentasvir의 혈장 농도가 유의하게 감소하여 이 약의 바이러스학적 반응 감소 가능","","정상"
"병용금기","단일",D001364,Letermovir,"레테르모비르","","[A110166]레테르모버/[M272502]레테르모버","","단일",D000213,Pimozide,"피모짓","","[M071691]피모짓","",20201228,"QT 연장, 심실성 빈맥, 심실세동 및 torsades de pointes 등 심독성위험 증가","","정상"
"병용금기","단일",D001364,Letermovir,"레테르모비르","","[A110166]레테르모버/[M272502]레테르모버","","복합",D000747,Ergotamine,"에르고타민","[D000852]Caffeine(카페인)","[M040398]주석산에르고타민/[M223126]에르고타민타르타르산염/[M040579]카페인(함수)/[M040580]무수카페인/[M090611]카페인/[M223183]카페인무수물/[M223184]카페인수화물/[M241017]무수물카페인","",20201228,"맥각독성(혈관경련, 말단 및 기타조직 허혈 등) 위험 증가","","정상"
"병용금기","단일",D001364,Letermovir,"레테르모비르","","[A110166]레테르모버/[M272502]레테르모버","","단일",D000228,Methylergometrine,"메틸에르고메트린","","[M070382]말레인산메칠에르고메트린/[M223020]메틸에르고메트린말레산염","",20201228,"맥각독성(혈관경련, 말단 및 기타조직 허혈 등) 위험 증가","","정상"
"병용금기","복합",D001365,Netupitant,"네투피탄트","[D001366]Palonosetron(팔로노세트론)","[A110129]네투피탄트/[M265905]네투피탄트/[A001262]팔로노세트론/[M246060]팔로노세트론염산염","","단일",D000314,Rifampicin,"리팜피신","","[M020042]리팜피신","",20201228,"Netupitant의 혈중농도 감소","","정상"
"병용금기","단일",D001367,Tegoprazan,"테고프라잔","","[A110396]테고프라잔/[M267790]테고프라잔","","단일",D000150,Atazanavir,"아타자나비르","","[M249264]아타자나비어황산염/[M263079]아타자나비르황산염","",20201228,"위장 pH의 증가로 atazanavir의 흡수가 저하되어 atazanavir의 치료효과 감소","","정상"
"병용금기","단일",D001367,Tegoprazan,"테고프라잔","","[A110396]테고프라잔/[M267790]테고프라잔","","단일",D000225,Rilpivirine,"릴피비린","","[A005225]릴피비린/[M253921]릴피비린염산염","",20201228,"위장 pH의 증가로 rilpivirine의 흡수가 저하되어 rilpivirine의 치료효과 감소","","정상"
"병용금기","단일",D001367,Tegoprazan,"테고프라잔","","[A110396]테고프라잔/[M267790]테고프라잔","","복합",D000225,Rilpivirine,"릴피비린","[D000986]Dolutegravir(돌루테그라비르)","[A005225]릴피비린/[M253921]릴피비린염산염/[I012655]돌루테그라비르나트륨(미분화)","",20201228,"위장 pH의 증가로 rilpivirine의 흡수가 저하되어 rilpivirine의 치료효과 감소","","정상"
"병용금기","단일",D000113,Haloperidol,"할로페리돌","","[M040766]할로페리돌/[M089302]할로페리돌데카노에이트","","단일",D000170,Gemifloxacin,"제미플록사신","","[A005170]제미플록사신","",20201228,"QT간격 연장 위험 증가","","정상"
"병용금기","단일",D000417,Hydroxychloroquine,"히드록시클로로퀸","","[M084124]황산히드록시클로로퀸/[M087341]히드록시클로로퀸설페이트/[M222909]히드록시클로로퀸황산염","","단일",D000259,Amiodarone,"아미오다론","","[A005259]아미오다론","",20211216,"심실성 부정맥, 서맥, 심장 전도장애를 포함한 심장 부정맥 위험성 증가","","정상"
"병용금기","단일",D001558,Divalproex,"디발프로엑스","","[M082087]디발프로엑스나트륨","","단일",D000467,Mefloquine,"메플로퀸","","[M093780]염산메플로퀸","",20220630,"메플로퀸은 발프로산의 대사를 증가시키며 경련 효과를 가지고 있으므로 병용투여 시 간질성 발작이 일어날 수 있음","","정상"
"병용금기","단일",D001559,Foscarnet,"포스카네트","","[A001316]포스카르네트","","단일",D001456,Pentamidine,"펜타미딘","","[A001296]펜타미딘","",20220630,"신장 손상 악화, 저칼슘혈증이 일어날 수 있음","","정상"
"병용금기","단일",D001560,"Zinc histidine","히스티딘아연","","[A001470]히스티딘아연","","단일",D000397,Penicillamine,"디페니실라민","","[M051705]디페니실라민","",20220630,"아연 흡수를 저해하거나 배출을 증가시킴","병용 시 최소 한 시간 이상 간격을 두고 투여함","정상"
"병용금기","단일",D001561,Defibrotide,"데피브로타이드","","[A000152]데피브로타이드","","단일",D001261,Alteplase,"알테플라제","","[A000779]알테플라제","",20220630,"출혈 위험 증가","","정상"
"병용금기","단일",D001561,Defibrotide,"데피브로타이드","","[A000152]데피브로타이드","","단일",D001347,Tenecteplase,"테넥테플라제","","[A001162]테넥테플라제/[M098520]테넥테플라제","",20220630,"출혈 위험 증가","","정상"
"병용금기","단일",D001407,"Omidenepag isopropyl","오미데네팍이소프로필","","[A110472]이소프로필오미데네팍/[M269683]오미데네팍이소프로필","","단일",D000481,Tafluprost,"타플루프로스트","","[M246721]타플루프로스트","",20220630,"중등도 이상의 눈부심, 홍채염 등의 안염증이 유발될 우려가 있음","","정상"
"병용금기","단일",D001407,"Omidenepag isopropyl","오미데네팍이소프로필","","[A110472]이소프로필오미데네팍/[M269683]오미데네팍이소프로필","","복합",D000481,Tafluprost,"타플루프로스트","[D000684]Timolol(티몰롤)","[M246721]타플루프로스트/[M051656]말레인산티몰롤/[M096214]말레인산티몰롤/[M222894]티몰롤말레산염/[M256384]티몰롤말레산염","",20220630,"중등도 이상의 눈부심, 홍채염 등의 안염증이 유발될 우려가 있음","","정상"
"병용금기","복합",D001419,Bictegravir,"빅테그라비르","[D000665]Emtricitabine(엠트리시타빈)/[D001420]Tenofovir alafenamide(테노포비르알라페나미드)","[A110225]빅테그라비르/[M268156]빅테그라비르나트륨/[M250026]엠트리시타빈/[M118368]테노포비르알라페나미드푸마르산염/[M279141]테노포비르알라페나미드숙신산염/[M279170]테노포비르알라페나미드헤미말산염","","단일",D000028,"Adefovir dipivoxil","아데포비어디피복실","","[M101796]아데포비어디피복실","",20220630,"양쪽 약물 모두 혈장농도 상승 가능","","정상"
"병용금기","복합",D001419,Bictegravir,"빅테그라비르","[D000665]Emtricitabine(엠트리시타빈)/[D001420]Tenofovir alafenamide(테노포비르알라페나미드)","[A110225]빅테그라비르/[M268156]빅테그라비르나트륨/[M250026]엠트리시타빈/[M118368]테노포비르알라페나미드푸마르산염/[M279141]테노포비르알라페나미드숙신산염/[M279170]테노포비르알라페나미드헤미말산염","","단일",D000615,Lamivudine,"라미부딘","","[M086332]라미부딘","",20220630,"라미부딘이 엠트리시타빈의 세포내 인산화를 저해할 수도 있음, 동일한 역전사효소 유전자(M184V) 변이를 통해 바이러스 내성 기전이 일어나므로 병용 시 치료 효과가 제한적일 수 있음","","정상"
"병용금기","단일",D001562,Ranolazine,"라놀라진","","[A110483]라놀라진","","단일",D000762,Itraconazole,"이트라코나졸","","[M083733]이트라코나졸제피과립/[M083734]이트라코나졸/[M092870]이트라코나졸고체분산체/[M201487]이트라코나졸고체분산/[M201624]제피이트라코나졸과립","",20220630,"라놀라진의 혈장 농도 증가","","정상"
"병용금기","복합",D001563,Doravirine,"도라비린","[D000615]Lamivudine(라미부딘)/[D001564]Tenofovir disoproxil(테노포비르디소프록실)","[A110504]도라비린/[M086332]라미부딘/[M265383]테노포비르디소프록실","","단일",D000028,"Adefovir dipivoxil","아데포비어디피복실","","[M101796]아데포비어디피복실","",20220630,"뉴클레오시드 유사체 단독투여 또는 다른 항레트로바이러스제를 병용투여했을 때 치명적인 사례를 포함한 유산산증과 지방증을 동반한 중증 간비대가 보고됨","","정상"
"병용금기","복합",D001171,Elbasvir,"엘바스비르","[D001172]Grazoprevir(그라조프레비르)","[A000849]엘바스비르/[A000058]그라조프레비르","[06290]기타의 화학요법제","단일",D000150,Atazanavir,"아타자나비르","","[M249264]아타자나비어황산염/[M263079]아타자나비르황산염","[06290]기타의 화학요법제",20190522,"그라조프레비르의 혈장 농도가 유의하게 증가하여 ALT 상승 위험 증가 가능","","정상"
"병용금기","복합",D001419,Bictegravir,"빅테그라비르","[D000665]Emtricitabine(엠트리시타빈)/[D001420]Tenofovir alafenamide(테노포비르알라페나미드)","[A110225]빅테그라비르/[M268156]빅테그라비르나트륨/[M250026]엠트리시타빈/[M118368]테노포비르알라페나미드푸마르산염/[M279141]테노포비르알라페나미드숙신산염/[M279170]테노포비르알라페나미드헤미말산염","","복합",D000615,Lamivudine,"라미부딘","[D000654]Abacavir(아바카비르)","[M086332]라미부딘/[I012292]아바카비르황산염/[M262968]아바카비르황산염","",20220630,"라미부딘이 엠트리시타빈의 세포내 인산화를 저해할 수도 있음, 동일한 역전사효소 유전자(M184V) 변이를 통해 바이러스 내성 기전이 일어나므로 병용 시 치료 효과가 제한적일 수 있음","","정상"
"병용금기","복합",D001419,Bictegravir,"빅테그라비르","[D000665]Emtricitabine(엠트리시타빈)/[D001420]Tenofovir alafenamide(테노포비르알라페나미드)","[A110225]빅테그라비르/[M268156]빅테그라비르나트륨/[M250026]엠트리시타빈/[M118368]테노포비르알라페나미드푸마르산염/[M279141]테노포비르알라페나미드숙신산염/[M279170]테노포비르알라페나미드헤미말산염","","복합",D000615,Lamivudine,"라미부딘","[D000986]Dolutegravir(돌루테그라비르)","[M086332]라미부딘/[I012655]돌루테그라비르나트륨(미분화)","",20220630,"라미부딘이 엠트리시타빈의 세포내 인산화를 저해할 수도 있음, 동일한 역전사효소 유전자(M184V) 변이를 통해 바이러스 내성 기전이 일어나므로 병용 시 치료 효과가 제한적일 수 있음","","정상"
"병용금기","복합",D001419,Bictegravir,"빅테그라비르","[D000665]Emtricitabine(엠트리시타빈)/[D001420]Tenofovir alafenamide(테노포비르알라페나미드)","[A110225]빅테그라비르/[M268156]빅테그라비르나트륨/[M250026]엠트리시타빈/[M118368]테노포비르알라페나미드푸마르산염/[M279141]테노포비르알라페나미드숙신산염/[M279170]테노포비르알라페나미드헤미말산염","","복합",D000615,Lamivudine,"라미부딘","[D000986]Dolutegravir(돌루테그라비르)","[M086332]라미부딘/[I012655]돌루테그라비르나트륨(미분화)","",20220630,"라미부딘이 엠트리시타빈의 세포내 인산화를 저해할 수도 있음, 동일한 역전사효소 유전자(M184V) 변이를 통해 바이러스 내성 기전이 일어나므로, 병용 시 치료 효과가 제한적일 수 있음","","삭제"
"병용금기","복합",D001419,Bictegravir,"빅테그라비르","[D000665]Emtricitabine(엠트리시타빈)/[D001420]Tenofovir alafenamide(테노포비르알라페나미드)","[A110225]빅테그라비르/[M268156]빅테그라비르나트륨/[M250026]엠트리시타빈/[M118368]테노포비르알라페나미드푸마르산염/[M279141]테노포비르알라페나미드숙신산염/[M279170]테노포비르알라페나미드헤미말산염","","복합",D000615,Lamivudine,"라미부딘","[D000172]Zidovudine(지도부딘)","[M086332]라미부딘/[M082858]지도부딘","",20220630,"라미부딘이 엠트리시타빈의 세포내 인산화를 저해할 수도 있음, 동일한 역전사효소 유전자(M184V) 변이를 통해 바이러스 내성 기전이 일어나므로, 병용 시 치료 효과가 제한적일 수 있음","","정상"
"병용금기","복합",D001419,Bictegravir,"빅테그라비르","[D000665]Emtricitabine(엠트리시타빈)/[D001420]Tenofovir alafenamide(테노포비르알라페나미드)","[A110225]빅테그라비르/[M268156]빅테그라비르나트륨/[M250026]엠트리시타빈/[M118368]테노포비르알라페나미드푸마르산염/[M279141]테노포비르알라페나미드숙신산염/[M279170]테노포비르알라페나미드헤미말산염","","복합",D000615,Lamivudine,"라미부딘","[D000654]Abacavir(아바카비르)/[D000986]Dolutegravir(돌루테그라비르)","[M086332]라미부딘/[I012292]아바카비르황산염/[M262968]아바카비르황산염/[I012655]돌루테그라비르나트륨(미분화)","",20220630,"라미부딘이 엠트리시타빈의 세포내 인산화를 저해할 수도 있음, 동일한 역전사효소 유전자(M184V) 변이를 통해 바이러스 내성 기전이 일어나므로 병용 시 치료 효과가 제한적일 수 있음","","정상"
"병용금기","단일",D000113,Haloperidol,"할로페리돌","","[M040766]할로페리돌/[M089302]할로페리돌데카노에이트","[01170]정신신경용제","단일",D000781,Perphenazine,"페르페나진","","[M091367]페르페나진/[M232514]페르페나진염산염","[01170]정신신경용제",20191217,"QT간격 연장 위험 증가","","정상"
"병용금기","복합",D000718,Metformin,"메트포르민","[D000600]Gliclazide(글리클라지드)","[M201260]염산메트포민/[M214651]염산메트포르민/[M223014]메트포르민염산염/[M244179]메트포르민염산염/[M255741]메트포르민아세트산염/[M263864]메트포르민/[M266682]메트포르민염산염 콜로이드성이산화규소/[M099438]글리클라짓/[M222831]글리클라지드/[M258015]글리크라짓","[03960]당뇨병용제","단일",D000831,Iodixanol,"이오딕사놀","","[M089870]요오딕사놀/[M201123]아이오딕사놀/[M222881]이오딕산올","[07210]X선조영제",20110929,"기능적 신부전에 의해 유산 산성증 촉진","48시간 이내 병용금기","정상"
"병용금기","복합",D000718,Metformin,"메트포르민","[D000109]Pioglitazone(피오글리타존)","[M201260]염산메트포민/[M214651]염산메트포르민/[M223014]메트포르민염산염/[M244179]메트포르민염산염/[M255741]메트포르민아세트산염/[M263864]메트포르민/[M266682]메트포르민염산염 콜로이드성이산화규소/[M092005]염산피오글리타존/[M235069]피오글리타존염산염/[M260948]피오글리타존염","[03960]당뇨병용제","단일",D000165,Ioversol,"이오베르솔","","[A000953]이오베르솔/[M088691]이오버솔/[M257716]이오베르솔/[M274167]조이오베르솔","[07210]X선조영제",20110929,"기능적 신부전에 의해 유산 산성증 촉진","48시간 이내 병용금기","정상"
"병용금기","복합",D000718,Metformin,"메트포르민","[D000002]Rosiglitazone Maleate(로시글리타존말레산염)","[M201260]염산메트포민/[M214651]염산메트포르민/[M223014]메트포르민염산염/[M244179]메트포르민염산염/[M255741]메트포르민아세트산염/[M263864]메트포르민/[M266682]메트포르민염산염 콜로이드성이산화규소/[M089365]말레인산로시글리타존/[M237507]로시글리타존말레산염","[03960]당뇨병용제","단일",D000669,Iohexol,"이오헥솔","","[M088960]이오헥솔","[07210]X선조영제",20110929,"기능적 신부전에 의해 유산 산성증 촉진","48시간 이내 병용금기","정상"
"병용금기","복합",D000718,Metformin,"메트포르민","[D000244]Sitagliptin(시타글립틴)","[M201260]염산메트포민/[M214651]염산메트포르민/[M223014]메트포르민염산염/[M244179]메트포르민염산염/[M255741]메트포르민아세트산염/[M263864]메트포르민/[M266682]메트포르민염산염 콜로이드성이산화규소/[M251915]시타글립틴인산염수화물/[M262101]시타글립틴인산염/[M266925]시타글립틴염산염수화물","[03960]당뇨병용제","단일",D000831,Iodixanol,"이오딕사놀","","[M089870]요오딕사놀/[M201123]아이오딕사놀/[M222881]이오딕산올","[07210]X선조영제",20110929,"기능적 신부전에 의해 유산 산성증 촉진","48시간 이내 병용금기","정상"
"병용금기","복합",D000718,Metformin,"메트포르민","[D000244]Sitagliptin(시타글립틴)","[M201260]염산메트포민/[M214651]염산메트포르민/[M223014]메트포르민염산염/[M244179]메트포르민염산염/[M255741]메트포르민아세트산염/[M263864]메트포르민/[M266682]메트포르민염산염 콜로이드성이산화규소/[M251915]시타글립틴인산염수화물/[M262101]시타글립틴인산염/[M266925]시타글립틴염산염수화물","[03960]당뇨병용제","단일",D000832,Iotrolan,"이오트로란","","[M089396]이오트로란","[07210]X선조영제",20110929,"기능적 신부전에 의해 유산 산성증 촉진","48시간 이내 병용금기","정상"
"병용금기","단일",D000592,Triazolam,"트리아졸람","","[I005603]트리아졸람/[M088380]트리아졸람","","단일",D000712,Ritonavir,"리토나비르","","[M259362]리토나비르","",20221215,"진정작용의 연장 또는 증가, 호흡 저하","","정상"
"병용금기","단일",D000592,Triazolam,"트리아졸람","","[I005603]트리아졸람/[M088380]트리아졸람","","복합",D000712,Ritonavir,"리토나비르","[D000626]Lopinavir(로피나비르)","[M259362]리토나비르/[M259361]로피나비르","",20221215,"진정작용의 연장 또는 증가, 호흡 저하","","정상"
"병용금기","단일",D000161,Irinotecan,"이리노테칸","","[M090705]염산이리노테칸/[M234818]이리노테칸염산염","","단일",D000447,"St. Johns Wort","세인트존스워트","","[M220509]세인트존스워트/[M248295]세인트존스워트80%메탄올엑스/[M255952]세인트존스워트50%에탄올엑스/[M256845]세인트존스워트틴크D2/[M258013]세인트존스워트80%메탄올건조엑스","",20221215,"이리노테칸 활성 대사물(SN-38)의 혈중 농도가 저하되어 작용 감소","","정상"
"병용금기","단일",D000139,"Selegiline Hydrochloride","셀레길린염산염","","[M222864]셀레길린염산염","","단일",D001035,Linezolid,"리네졸리드","","[M093034]리네졸리드","",20221215,"고혈압 위기의 위험 증가, 투여중지 후 MAO 억제제인 다른 약물을 투여하기까지 적어도 14일 이상 사이를 두어야 함","","정상"
"병용금기","복합",D000455,Atorvastatin,"아토르바스타틴","[D000152]Amlodipine (암로디핀)","[I004369]아토르바스타틴칼슘수화물/[M093499]아토르바스타틴칼슘/[M213543]무수아토르바스타틴칼슘/[M215219]아토르바스타틴칼슘삼수화물/[M218956]아토르바스타틴삼수화물/[M244955]아토르바스타틴 스트론튬/[M247057]아토르바스타틴칼슘염무수물/[M251687]아토르바스타틴칼슘/[M256664]아토르바스타틴칼슘수화물/[M263837]아토르바스타틴/[M083437]베실산암로디핀/[M100608]말레인산암로디핀/[M100610]캄실산암로디핀/[M101934]암로디핀/[M102166]메실산암로디핀일수화물/[M102534]암로디핀오로트산염/[M222875]암로디핀베실산염/[M246033]암로디핀캄실산염/[M250821]암로디핀아디핀산염/[M250983]암로디핀말레산염/[M251079]암로디핀니코틴산염/[M254832]암로디핀메실산염일수화물/[M257408]암로디핀아디프산염","[02190]기타의 순환계용약","단일",D000334,Cyclosporine,"사이클로스포린","","[A005971]시클로스포린/[M040068]마이크로에멀젼용시클로스포린/[M085282]사이클로스포린/[M085565]시클로스포린","[01420]자격요법제(비특이성면역억제제를 포함)",20231220,"근육통, 근육약화, 근염, 때때로 횡문근 변성을 포함한 근육독성 촉진 가능","","정상"
"병용금기","복합",D000455,Atorvastatin,"아토르바스타틴","[D000152]Amlodipine (암로디핀)","[I004369]아토르바스타틴칼슘수화물/[M093499]아토르바스타틴칼슘/[M213543]무수아토르바스타틴칼슘/[M215219]아토르바스타틴칼슘삼수화물/[M218956]아토르바스타틴삼수화물/[M244955]아토르바스타틴 스트론튬/[M247057]아토르바스타틴칼슘염무수물/[M251687]아토르바스타틴칼슘/[M256664]아토르바스타틴칼슘수화물/[M263837]아토르바스타틴/[M083437]베실산암로디핀/[M100608]말레인산암로디핀/[M100610]캄실산암로디핀/[M101934]암로디핀/[M102166]메실산암로디핀일수화물/[M102534]암로디핀오로트산염/[M222875]암로디핀베실산염/[M246033]암로디핀캄실산염/[M250821]암로디핀아디핀산염/[M250983]암로디핀말레산염/[M251079]암로디핀니코틴산염/[M254832]암로디핀메실산염일수화물/[M257408]암로디핀아디프산염","[02190]기타의 순환계용약","단일",D000762,Itraconazole,"이트라코나졸","","[M083733]이트라코나졸제피과립/[M083734]이트라코나졸/[M092870]이트라코나졸고체분산체/[M201487]이트라코나졸고체분산/[M201624]제피이트라코나졸과립","[06290]기타의 화학요법제",20231220,"근육병증, 횡문근융해증, 간효소 이상 발생 위험 증가","","정상"
"병용금기","복합",D000455,Atorvastatin,"아토르바스타틴","[D000350]Ezetimibe(에제티미브)","[I004369]아토르바스타틴칼슘수화물/[M093499]아토르바스타틴칼슘/[M213543]무수아토르바스타틴칼슘/[M215219]아토르바스타틴칼슘삼수화물/[M218956]아토르바스타틴삼수화물/[M244955]아토르바스타틴 스트론튬/[M247057]아토르바스타틴칼슘염무수물/[M251687]아토르바스타틴칼슘/[M256664]아토르바스타틴칼슘수화물/[M263837]아토르바스타틴/[M097492]에제티미브","[02180]동맥경화용제","단일",D000769,Ketoconazole,"케토코나졸","","[M080618]케토코나졸","[02650]기생성 피부질환용제/[06290]기타의 화학요법제/[06410]항원충제",20231220,"근질환 위험 증가","","정상"
"병용금기","복합",D000455,Atorvastatin,"아토르바스타틴","[D000350]Ezetimibe(에제티미브)","[I004369]아토르바스타틴칼슘수화물/[M093499]아토르바스타틴칼슘/[M213543]무수아토르바스타틴칼슘/[M215219]아토르바스타틴칼슘삼수화물/[M218956]아토르바스타틴삼수화물/[M244955]아토르바스타틴 스트론튬/[M247057]아토르바스타틴칼슘염무수물/[M251687]아토르바스타틴칼슘/[M256664]아토르바스타틴칼슘수화물/[M263837]아토르바스타틴/[M097492]에제티미브","[02180]동맥경화용제","단일",D000405,Posaconazole,"포사코나졸","","[M256381]포사코나졸(미분화)","[06290]기타의 화학요법제",20231220,"횡문근융해증 발생 가능","","정상"
"병용금기","단일",D000306,Fluvastatin,"플루바스타틴","","[M214128]플루바스타틴나트륨","[02180]동맥경화용제","단일",D000619,"Fusidic Acid","푸시딘산","","[M020165]푸시딘산나트륨/[M020229]푸시딘산","[06110]주로 그람양성균에 작용하는 것",20231220,"횡문근융해증, 근무력증, 동통 발생 가능","","정상"
"병용금기","단일",D000419,Lovastatin,"로바스타틴","","[M083392]로바스타틴","[02180]동맥경화용제","단일",D000619,"Fusidic Acid","푸시딘산","","[M020165]푸시딘산나트륨/[M020229]푸시딘산","[06110]주로 그람양성균에 작용하는 것",20231220,"근육병증, 횡문근융해 위험 증가 가능","","정상"
"병용금기","단일",D000419,Lovastatin,"로바스타틴","","[M083392]로바스타틴","[02180]동맥경화용제","복합",D000673,Cobicistat,"코비시스타트","[D000150]Atazanavir(아타자나비르)","[M256270]코비시스타트이산화규소/[M249264]아타자나비어황산염/[M263079]아타자나비르황산염","[06290]기타의 화학요법제",20231220,"횡문근 융해를 포함한 근육병과 같은 중대한 반응 가능","","정상"
"병용금기","복합",D000455,Atorvastatin,"아토르바스타틴","[D000152]Amlodipine (암로디핀)","[I004369]아토르바스타틴칼슘수화물/[M093499]아토르바스타틴칼슘/[M213543]무수아토르바스타틴칼슘/[M215219]아토르바스타틴칼슘삼수화물/[M218956]아토르바스타틴삼수화물/[M244955]아토르바스타틴 스트론튬/[M247057]아토르바스타틴칼슘염무수물/[M251687]아토르바스타틴칼슘/[M256664]아토르바스타틴칼슘수화물/[M263837]아토르바스타틴/[M083437]베실산암로디핀/[M100608]말레인산암로디핀/[M100610]캄실산암로디핀/[M101934]암로디핀/[M102166]메실산암로디핀일수화물/[M102534]암로디핀오로트산염/[M222875]암로디핀베실산염/[M246033]암로디핀캄실산염/[M250821]암로디핀아디핀산염/[M250983]암로디핀말레산염/[M251079]암로디핀니코틴산염/[M254832]암로디핀메실산염일수화물/[M257408]암로디핀아디프산염","[02190]기타의 순환계용약","단일",D000769,Ketoconazole,"케토코나졸","","[M080618]케토코나졸","[02650]기생성 피부질환용제/[06290]기타의 화학요법제/[06410]항원충제",20231220,"근질환 위험 증가","","정상"
"병용금기","복합",D000455,Atorvastatin,"아토르바스타틴","[D000152]Amlodipine (암로디핀)","[I004369]아토르바스타틴칼슘수화물/[M093499]아토르바스타틴칼슘/[M213543]무수아토르바스타틴칼슘/[M215219]아토르바스타틴칼슘삼수화물/[M218956]아토르바스타틴삼수화물/[M244955]아토르바스타틴 스트론튬/[M247057]아토르바스타틴칼슘염무수물/[M251687]아토르바스타틴칼슘/[M256664]아토르바스타틴칼슘수화물/[M263837]아토르바스타틴/[M083437]베실산암로디핀/[M100608]말레인산암로디핀/[M100610]캄실산암로디핀/[M101934]암로디핀/[M102166]메실산암로디핀일수화물/[M102534]암로디핀오로트산염/[M222875]암로디핀베실산염/[M246033]암로디핀캄실산염/[M250821]암로디핀아디핀산염/[M250983]암로디핀말레산염/[M251079]암로디핀니코틴산염/[M254832]암로디핀메실산염일수화물/[M257408]암로디핀아디프산염","[02190]기타의 순환계용약","단일",D000405,Posaconazole,"포사코나졸","","[M256381]포사코나졸(미분화)","[06290]기타의 화학요법제",20231220,"횡문근융해증 발생 가능","","정상"
"병용금기","복합",D000455,Atorvastatin,"아토르바스타틴","[D000152]Amlodipine (암로디핀)","[I004369]아토르바스타틴칼슘수화물/[M093499]아토르바스타틴칼슘/[M213543]무수아토르바스타틴칼슘/[M215219]아토르바스타틴칼슘삼수화물/[M218956]아토르바스타틴삼수화물/[M244955]아토르바스타틴 스트론튬/[M247057]아토르바스타틴칼슘염무수물/[M251687]아토르바스타틴칼슘/[M256664]아토르바스타틴칼슘수화물/[M263837]아토르바스타틴/[M083437]베실산암로디핀/[M100608]말레인산암로디핀/[M100610]캄실산암로디핀/[M101934]암로디핀/[M102166]메실산암로디핀일수화물/[M102534]암로디핀오로트산염/[M222875]암로디핀베실산염/[M246033]암로디핀캄실산염/[M250821]암로디핀아디핀산염/[M250983]암로디핀말레산염/[M251079]암로디핀니코틴산염/[M254832]암로디핀메실산염일수화물/[M257408]암로디핀아디프산염","[02190]기타의 순환계용약","복합",D001362,Glecaprevir,"글레카프레비르","[D001363]Pibrentasvir(피브렌타스비르)","[A001652]글레카프레비르/[M267082]글레카프레비르/[A003331]피브렌타스비르/[M267076]피브렌타스비르","[06290]기타의 화학요법제",20231220,"횡문근융해증을 포함한 근육병증 위험 가능","","정상"
"병용금기","복합",D000455,Atorvastatin,"아토르바스타틴","[D000350]Ezetimibe(에제티미브)","[I004369]아토르바스타틴칼슘수화물/[M093499]아토르바스타틴칼슘/[M213543]무수아토르바스타틴칼슘/[M215219]아토르바스타틴칼슘삼수화물/[M218956]아토르바스타틴삼수화물/[M244955]아토르바스타틴 스트론튬/[M247057]아토르바스타틴칼슘염무수물/[M251687]아토르바스타틴칼슘/[M256664]아토르바스타틴칼슘수화물/[M263837]아토르바스타틴/[M097492]에제티미브","[02180]동맥경화용제","단일",D000762,Itraconazole,"이트라코나졸","","[M083733]이트라코나졸제피과립/[M083734]이트라코나졸/[M092870]이트라코나졸고체분산체/[M201487]이트라코나졸고체분산/[M201624]제피이트라코나졸과립","[06290]기타의 화학요법제",20231220,"근육병증, 횡문근융해증, 간효소 이상 발생 위험 증가","","정상"
"병용금기","복합",D000455,Atorvastatin,"아토르바스타틴","[D000350]Ezetimibe(에제티미브)","[I004369]아토르바스타틴칼슘수화물/[M093499]아토르바스타틴칼슘/[M213543]무수아토르바스타틴칼슘/[M215219]아토르바스타틴칼슘삼수화물/[M218956]아토르바스타틴삼수화물/[M244955]아토르바스타틴 스트론튬/[M247057]아토르바스타틴칼슘염무수물/[M251687]아토르바스타틴칼슘/[M256664]아토르바스타틴칼슘수화물/[M263837]아토르바스타틴/[M097492]에제티미브","[02180]동맥경화용제","단일",D000334,Cyclosporine,"사이클로스포린","","[A005971]시클로스포린/[M040068]마이크로에멀젼용시클로스포린/[M085282]사이클로스포린/[M085565]시클로스포린","[01420]자격요법제(비특이성면역억제제를 포함)",20231220,"근육통, 근육약화, 근염, 때때로 횡문근 변성을 포함한 근육독성 촉진 가능","","정상"
"병용금기","단일",D000419,Lovastatin,"로바스타틴","","[M083392]로바스타틴","[02180]동맥경화용제","복합",D000673,Cobicistat,"코비시스타트","[D000395]Darunavir(다루나비르)","[M256270]코비시스타트이산화규소/[M258751]다루나비르에탄올레이트","[06290]기타의 화학요법제",20231220,"근육병증과 같은 이상사례 초래 가능","","정상"
"병용금기","단일",D000518,Pitavastatin,"피타바스타틴","","[M102119]피타바스타틴칼슘/[M259724]피타바스타틸칼슘","[02180]동맥경화용제","단일",D000619,"Fusidic Acid","푸시딘산","","[M020165]푸시딘산나트륨/[M020229]푸시딘산","[06110]주로 그람양성균에 작용하는 것",20231220,"신기능 악화를 수반하는 횡문근융해증 발현 가능","","정상"
"병용금기","복합",D000518,Pitavastatin,"피타바스타틴","[D000350]Ezetimibe(에제티미브)","[M102119]피타바스타틴칼슘/[M259724]피타바스타틸칼슘/[M097492]에제티미브","[02180]동맥경화용제","단일",D000334,Cyclosporine,"사이클로스포린","","[A005971]시클로스포린/[M040068]마이크로에멀젼용시클로스포린/[M085282]사이클로스포린/[M085565]시클로스포린","[01420]자격요법제(비특이성면역억제제를 포함)",20231220,"신기능 악화를 수반하는 횡문근융해증 발현 가능","","정상"
"병용금기","복합",D000518,Pitavastatin,"피타바스타틴","[D000350]Ezetimibe(에제티미브)","[M102119]피타바스타틴칼슘/[M259724]피타바스타틸칼슘/[M097492]에제티미브","[02180]동맥경화용제","단일",D000619,"Fusidic Acid","푸시딘산","","[M020165]푸시딘산나트륨/[M020229]푸시딘산","[06110]주로 그람양성균에 작용하는 것",20231220,"횡문근융해증을 포함한 근육 관련 이상반응 보고","","정상"
"병용금기","복합",D000455,Atorvastatin,"아토르바스타틴","[D000350]Ezetimibe(에제티미브)","[I004369]아토르바스타틴칼슘수화물/[M093499]아토르바스타틴칼슘/[M213543]무수아토르바스타틴칼슘/[M215219]아토르바스타틴칼슘삼수화물/[M218956]아토르바스타틴삼수화물/[M244955]아토르바스타틴 스트론튬/[M247057]아토르바스타틴칼슘염무수물/[M251687]아토르바스타틴칼슘/[M256664]아토르바스타틴칼슘수화물/[M263837]아토르바스타틴/[M097492]에제티미브","[02180]동맥경화용제","복합",D001362,Glecaprevir,"글레카프레비르","[D001363]Pibrentasvir(피브렌타스비르)","[A001652]글레카프레비르/[M267082]글레카프레비르/[A003331]피브렌타스비르/[M267076]피브렌타스비르","[06290]기타의 화학요법제",20231220,"횡문근융해증을 포함한 근육병증 위험 가능","","정상"
"병용금기","복합",D000455,Atorvastatin,"아토르바스타틴","[D000046]Irbesartan(이르베사르탄)","[I004369]아토르바스타틴칼슘수화물/[M093499]아토르바스타틴칼슘/[M213543]무수아토르바스타틴칼슘/[M215219]아토르바스타틴칼슘삼수화물/[M218956]아토르바스타틴삼수화물/[M244955]아토르바스타틴 스트론튬/[M247057]아토르바스타틴칼슘염무수물/[M251687]아토르바스타틴칼슘/[M256664]아토르바스타틴칼슘수화물/[M263837]아토르바스타틴/[I004994]이르베사르탄/[M092285]이베사탄/[M251853]이르베사르탄/[M255988]이르베사탄","[02190]기타의 순환계용약","단일",D000334,Cyclosporine,"사이클로스포린","","[A005971]시클로스포린/[M040068]마이크로에멀젼용시클로스포린/[M085282]사이클로스포린/[M085565]시클로스포린","[01420]자격요법제(비특이성면역억제제를 포함)",20231220,"근육병증, 횡문근융해 위험 증가 가능","","정상"
"병용금기","복합",D000455,Atorvastatin,"아토르바스타틴","[D000046]Irbesartan(이르베사르탄)","[I004369]아토르바스타틴칼슘수화물/[M093499]아토르바스타틴칼슘/[M213543]무수아토르바스타틴칼슘/[M215219]아토르바스타틴칼슘삼수화물/[M218956]아토르바스타틴삼수화물/[M244955]아토르바스타틴 스트론튬/[M247057]아토르바스타틴칼슘염무수물/[M251687]아토르바스타틴칼슘/[M256664]아토르바스타틴칼슘수화물/[M263837]아토르바스타틴/[I004994]이르베사르탄/[M092285]이베사탄/[M251853]이르베사르탄/[M255988]이르베사탄","[02190]기타의 순환계용약","단일",D000762,Itraconazole,"이트라코나졸","","[M083733]이트라코나졸제피과립/[M083734]이트라코나졸/[M092870]이트라코나졸고체분산체/[M201487]이트라코나졸고체분산/[M201624]제피이트라코나졸과립","[06290]기타의 화학요법제",20231220,"근육병증, 횡문근융해 위험 증가 가능","","정상"
"병용금기","복합",D000455,Atorvastatin,"아토르바스타틴","[D000046]Irbesartan(이르베사르탄)","[I004369]아토르바스타틴칼슘수화물/[M093499]아토르바스타틴칼슘/[M213543]무수아토르바스타틴칼슘/[M215219]아토르바스타틴칼슘삼수화물/[M218956]아토르바스타틴삼수화물/[M244955]아토르바스타틴 스트론튬/[M247057]아토르바스타틴칼슘염무수물/[M251687]아토르바스타틴칼슘/[M256664]아토르바스타틴칼슘수화물/[M263837]아토르바스타틴/[I004994]이르베사르탄/[M092285]이베사탄/[M251853]이르베사르탄/[M255988]이르베사탄","[02190]기타의 순환계용약","단일",D000769,Ketoconazole,"케토코나졸","","[M080618]케토코나졸","[02650]기생성 피부질환용제/[06290]기타의 화학요법제/[06410]항원충제",20231220,"근육병증, 횡문근융해 위험 증가 가능","","정상"
"병용금기","복합",D000455,Atorvastatin,"아토르바스타틴","[D000046]Irbesartan(이르베사르탄)","[I004369]아토르바스타틴칼슘수화물/[M093499]아토르바스타틴칼슘/[M213543]무수아토르바스타틴칼슘/[M215219]아토르바스타틴칼슘삼수화물/[M218956]아토르바스타틴삼수화물/[M244955]아토르바스타틴 스트론튬/[M247057]아토르바스타틴칼슘염무수물/[M251687]아토르바스타틴칼슘/[M256664]아토르바스타틴칼슘수화물/[M263837]아토르바스타틴/[I004994]이르베사르탄/[M092285]이베사탄/[M251853]이르베사르탄/[M255988]이르베사탄","[02190]기타의 순환계용약","단일",D000405,Posaconazole,"포사코나졸","","[M256381]포사코나졸(미분화)","[06290]기타의 화학요법제",20231220,"근육병증, 횡문근융해 위험 증가 가능","","정상"
"병용금기","복합",D000455,Atorvastatin,"아토르바스타틴","[D000046]Irbesartan(이르베사르탄)","[I004369]아토르바스타틴칼슘수화물/[M093499]아토르바스타틴칼슘/[M213543]무수아토르바스타틴칼슘/[M215219]아토르바스타틴칼슘삼수화물/[M218956]아토르바스타틴삼수화물/[M244955]아토르바스타틴 스트론튬/[M247057]아토르바스타틴칼슘염무수물/[M251687]아토르바스타틴칼슘/[M256664]아토르바스타틴칼슘수화물/[M263837]아토르바스타틴/[I004994]이르베사르탄/[M092285]이베사탄/[M251853]이르베사르탄/[M255988]이르베사탄","[02190]기타의 순환계용약","복합",D001362,Glecaprevir,"글레카프레비르","[D001363]Pibrentasvir(피브렌타스비르)","[A001652]글레카프레비르/[M267082]글레카프레비르/[A003331]피브렌타스비르/[M267076]피브렌타스비르","[06290]기타의 화학요법제",20231220,"횡문근융해증을 포함한 근육병증 위험 가능","","정상"
"병용금기","복합",D000518,Pitavastatin,"피타바스타틴","[D000011]Valsartan(발사르탄)","[M102119]피타바스타틴칼슘/[M259724]피타바스타틸칼슘/[M090403]발사르탄","[02190]기타의 순환계용약","단일",D000334,Cyclosporine,"사이클로스포린","","[A005971]시클로스포린/[M040068]마이크로에멀젼용시클로스포린/[M085282]사이클로스포린/[M085565]시클로스포린","[01420]자격요법제(비특이성면역억제제를 포함)",20231220,"근육통, 근육약화, 근염, 때때로 횡문근 변성을 포함한 근육독성 촉진 가능","","정상"
"병용금기","복합",D000518,Pitavastatin,"피타바스타틴","[D000011]Valsartan(발사르탄)","[M102119]피타바스타틴칼슘/[M259724]피타바스타틸칼슘/[M090403]발사르탄","[02190]기타의 순환계용약","단일",D000619,"Fusidic Acid","푸시딘산","","[M020165]푸시딘산나트륨/[M020229]푸시딘산","[06110]주로 그람양성균에 작용하는 것",20231220,"횡문근융해증, 근무력증, 동통 발생 가능","","정상"
"병용금기","단일",D000305,Pravastatin,"프라바스타틴","","[M084105]프라바스타틴나트륨","[02180]동맥경화용제","단일",D000619,"Fusidic Acid","푸시딘산","","[M020165]푸시딘산나트륨/[M020229]푸시딘산","[06110]주로 그람양성균에 작용하는 것",20231220,"횡문근융해증, 근무력증, 동통 발생 가","","정상"
"병용금기","단일",D000219,Rosuvastatin,"로수바스타틴","","[M095744]로수바스타틴칼슘/[M258559]로수바스타틴칼슘염/[M270546]로수바스타틴칼슘(미분화)","[02180]동맥경화용제","단일",D000619,"Fusidic Acid","푸시딘산","","[M020165]푸시딘산나트륨/[M020229]푸시딘산","[06110]주로 그람양성균에 작용하는 것",20231220,"횡문근융해증을 포함한 근육 관련 이상반응 보고","","정상"
"병용금기","복합",D000455,Atorvastatin,"아토르바스타틴","[D000624]Fimasartan(피마사르탄)","[I004369]아토르바스타틴칼슘수화물/[M093499]아토르바스타틴칼슘/[M213543]무수아토르바스타틴칼슘/[M215219]아토르바스타틴칼슘삼수화물/[M218956]아토르바스타틴삼수화물/[M244955]아토르바스타틴 스트론튬/[M247057]아토르바스타틴칼슘염무수물/[M251687]아토르바스타틴칼슘/[M256664]아토르바스타틴칼슘수화물/[M263837]아토르바스타틴/[M258703]피마사르탄칼륨삼수화물/[M264048]피마사르탄칼륨삼수화물과립","[02190]기타의 순환계용약","단일",D000619,"Fusidic Acid","푸시딘산","","[M020165]푸시딘산나트륨/[M020229]푸시딘산","[06110]주로 그람양성균에 작용하는 것",20231220,"횡문근융해와 같은 중증의 근육이상 보고","","정상"
"병용금기","복합",D000455,Atorvastatin,"아토르바스타틴","[D000624]Fimasartan(피마사르탄)","[I004369]아토르바스타틴칼슘수화물/[M093499]아토르바스타틴칼슘/[M213543]무수아토르바스타틴칼슘/[M215219]아토르바스타틴칼슘삼수화물/[M218956]아토르바스타틴삼수화물/[M244955]아토르바스타틴 스트론튬/[M247057]아토르바스타틴칼슘염무수물/[M251687]아토르바스타틴칼슘/[M256664]아토르바스타틴칼슘수화물/[M263837]아토르바스타틴/[M258703]피마사르탄칼륨삼수화물/[M264048]피마사르탄칼륨삼수화물과립","[02190]기타의 순환계용약","단일",D000334,Cyclosporine,"사이클로스포린","","[A005971]시클로스포린/[M040068]마이크로에멀젼용시클로스포린/[M085282]사이클로스포린/[M085565]시클로스포린","[01420]자격요법제(비특이성면역억제제를 포함)",20231220,"근육병증, 횡문근융해 위험 증가 가능","","정상"
"병용금기","복합",D000455,Atorvastatin,"아토르바스타틴","[D000624]Fimasartan(피마사르탄)","[I004369]아토르바스타틴칼슘수화물/[M093499]아토르바스타틴칼슘/[M213543]무수아토르바스타틴칼슘/[M215219]아토르바스타틴칼슘삼수화물/[M218956]아토르바스타틴삼수화물/[M244955]아토르바스타틴 스트론튬/[M247057]아토르바스타틴칼슘염무수물/[M251687]아토르바스타틴칼슘/[M256664]아토르바스타틴칼슘수화물/[M263837]아토르바스타틴/[M258703]피마사르탄칼륨삼수화물/[M264048]피마사르탄칼륨삼수화물과립","[02190]기타의 순환계용약","단일",D000762,Itraconazole,"이트라코나졸","","[M083733]이트라코나졸제피과립/[M083734]이트라코나졸/[M092870]이트라코나졸고체분산체/[M201487]이트라코나졸고체분산/[M201624]제피이트라코나졸과립","[06290]기타의 화학요법제",20231220,"근육병증, 횡문근융해 위험 증가 가능","","정상"
"병용금기","복합",D000455,Atorvastatin,"아토르바스타틴","[D000624]Fimasartan(피마사르탄)","[I004369]아토르바스타틴칼슘수화물/[M093499]아토르바스타틴칼슘/[M213543]무수아토르바스타틴칼슘/[M215219]아토르바스타틴칼슘삼수화물/[M218956]아토르바스타틴삼수화물/[M244955]아토르바스타틴 스트론튬/[M247057]아토르바스타틴칼슘염무수물/[M251687]아토르바스타틴칼슘/[M256664]아토르바스타틴칼슘수화물/[M263837]아토르바스타틴/[M258703]피마사르탄칼륨삼수화물/[M264048]피마사르탄칼륨삼수화물과립","[02190]기타의 순환계용약","단일",D000405,Posaconazole,"포사코나졸","","[M256381]포사코나졸(미분화)","[06290]기타의 화학요법제",20231220,"근육병증, 횡문근융해 위험 증가 가능","","정상"
"병용금기","복합",D000455,Atorvastatin,"아토르바스타틴","[D000624]Fimasartan(피마사르탄)","[I004369]아토르바스타틴칼슘수화물/[M093499]아토르바스타틴칼슘/[M213543]무수아토르바스타틴칼슘/[M215219]아토르바스타틴칼슘삼수화물/[M218956]아토르바스타틴삼수화물/[M244955]아토르바스타틴 스트론튬/[M247057]아토르바스타틴칼슘염무수물/[M251687]아토르바스타틴칼슘/[M256664]아토르바스타틴칼슘수화물/[M263837]아토르바스타틴/[M258703]피마사르탄칼륨삼수화물/[M264048]피마사르탄칼륨삼수화물과립","[02190]기타의 순환계용약","복합",D001362,Glecaprevir,"글레카프레비르","[D001363]Pibrentasvir(피브렌타스비르)","[A001652]글레카프레비르/[M267082]글레카프레비르/[A003331]피브렌타스비르/[M267076]피브렌타스비르","[06290]기타의 화학요법제",20231220,"횡문근융해증을 포함한 근육병증 위험 가능","","정상"
"병용금기","복합",D000455,Atorvastatin,"아토르바스타틴","[D000718]Metformin(메트포르민)","[I004369]아토르바스타틴칼슘수화물/[M093499]아토르바스타틴칼슘/[M213543]무수아토르바스타틴칼슘/[M215219]아토르바스타틴칼슘삼수화물/[M218956]아토르바스타틴삼수화물/[M244955]아토르바스타틴 스트론튬/[M247057]아토르바스타틴칼슘염무수물/[M251687]아토르바스타틴칼슘/[M256664]아토르바스타틴칼슘수화물/[M263837]아토르바스타틴/[M201260]염산메트포민/[M214651]염산메트포르민/[M223014]메트포르민염산염/[M244179]메트포르민염산염/[M255741]메트포르민아세트산염/[M263864]메트포르민/[M266682]메트포르민염산염 콜로이드성이산화규소","[03960]당뇨병용제","단일",D000619,"Fusidic Acid","푸시딘산","","[M020165]푸시딘산나트륨/[M020229]푸시딘산","[06110]주로 그람양성균에 작용하는 것",20231220,"횡문근융해와 같은 중증의 근육이상 보고","","정상"
"병용금기","복합",D000219,Rosuvastatin,"로수바스타틴","[D000273]Candesartan cilexetil(칸데사르탄실렉세틸)","[M095744]로수바스타틴칼슘/[M258559]로수바스타틴칼슘염/[M270546]로수바스타틴칼슘(미분화)/[M089055]칸데사르탄실렉세틸","[02190]기타의 순환계용약","단일",D000334,Cyclosporine,"사이클로스포린","","[A005971]시클로스포린/[M040068]마이크로에멀젼용시클로스포린/[M085282]사이클로스포린/[M085565]시클로스포린","[01420]자격요법제(비특이성면역억제제를 포함)",20231220,"근육통, 근육약화, 근염, 때때로 횡문근 변성을 포함한 근육독성 촉진 가능","","정상"
"병용금기","복합",D000219,Rosuvastatin,"로수바스타틴","[D000273]Candesartan cilexetil(칸데사르탄실렉세틸)","[M095744]로수바스타틴칼슘/[M258559]로수바스타틴칼슘염/[M270546]로수바스타틴칼슘(미분화)/[M089055]칸데사르탄실렉세틸","[02190]기타의 순환계용약","단일",D000619,"Fusidic Acid","푸시딘산","","[M020165]푸시딘산나트륨/[M020229]푸시딘산","[06110]주로 그람양성균에 작용하는 것",20231220,"횡문근융해증을 포함한 근육 관련 이상반응 보고","","정상"
"병용금기","복합",D000219,Rosuvastatin,"로수바스타틴","[D000273]Candesartan cilexetil(칸데사르탄실렉세틸)","[M095744]로수바스타틴칼슘/[M258559]로수바스타틴칼슘염/[M270546]로수바스타틴칼슘(미분화)/[M089055]칸데사르탄실렉세틸","[02190]기타의 순환계용약","복합",D001072,Ledipasvir,"레디파스비르","[D001071]Sofosbuvir(소포스부비르)","[I012702]레디파스비르/[M262910]레디파스비르/[I012701]소포스부비르
/[M260784]소포스부비어/[M262752]소포스부비르","[06290]기타의 화학요법제",20231220,"횡문근융해증을 포함한 근육병증 위험 증가 가능","","정상"
"병용금기","복합",D000455,Atorvastatin,"아토르바스타틴","[D000718]Metformin(메트포르민)","[I004369]아토르바스타틴칼슘수화물/[M093499]아토르바스타틴칼슘/[M213543]무수아토르바스타틴칼슘/[M215219]아토르바스타틴칼슘삼수화물/[M218956]아토르바스타틴삼수화물/[M244955]아토르바스타틴 스트론튬/[M247057]아토르바스타틴칼슘염무수물/[M251687]아토르바스타틴칼슘/[M256664]아토르바스타틴칼슘수화물/[M263837]아토르바스타틴/[M201260]염산메트포민/[M214651]염산메트포르민/[M223014]메트포르민염산염/[M244179]메트포르민염산염/[M255741]메트포르민아세트산염/[M263864]메트포르민/[M266682]메트포르민염산염 콜로이드성이산화규소","[03960]당뇨병용제","단일",D000334,Cyclosporine,"사이클로스포린","","[A005971]시클로스포린/[M040068]마이크로에멀젼용시클로스포린/[M085282]사이클로스포린/[M085565]시클로스포린","[01420]자격요법제(비특이성면역억제제를 포함)",20231220,"근육병증, 횡문근융해 위험 증가 가능","","정상"
"병용금기","복합",D000455,Atorvastatin,"아토르바스타틴","[D000718]Metformin(메트포르민)","[I004369]아토르바스타틴칼슘수화물/[M093499]아토르바스타틴칼슘/[M213543]무수아토르바스타틴칼슘/[M215219]아토르바스타틴칼슘삼수화물/[M218956]아토르바스타틴삼수화물/[M244955]아토르바스타틴 스트론튬/[M247057]아토르바스타틴칼슘염무수물/[M251687]아토르바스타틴칼슘/[M256664]아토르바스타틴칼슘수화물/[M263837]아토르바스타틴/[M201260]염산메트포민/[M214651]염산메트포르민/[M223014]메트포르민염산염/[M244179]메트포르민염산염/[M255741]메트포르민아세트산염/[M263864]메트포르민/[M266682]메트포르민염산염 콜로이드성이산화규소","[03960]당뇨병용제","단일",D000762,Itraconazole,"이트라코나졸","","[M083733]이트라코나졸제피과립/[M083734]이트라코나졸/[M092870]이트라코나졸고체분산체/[M201487]이트라코나졸고체분산/[M201624]제피이트라코나졸과립","[06290]기타의 화학요법제",20231220,"근육병증, 횡문근융해 위험 증가 가능","","정상"
"병용금기","복합",D000455,Atorvastatin,"아토르바스타틴","[D000718]Metformin(메트포르민)","[I004369]아토르바스타틴칼슘수화물/[M093499]아토르바스타틴칼슘/[M213543]무수아토르바스타틴칼슘/[M215219]아토르바스타틴칼슘삼수화물/[M218956]아토르바스타틴삼수화물/[M244955]아토르바스타틴 스트론튬/[M247057]아토르바스타틴칼슘염무수물/[M251687]아토르바스타틴칼슘/[M256664]아토르바스타틴칼슘수화물/[M263837]아토르바스타틴/[M201260]염산메트포민/[M214651]염산메트포르민/[M223014]메트포르민염산염/[M244179]메트포르민염산염/[M255741]메트포르민아세트산염/[M263864]메트포르민/[M266682]메트포르민염산염 콜로이드성이산화규소","[03960]당뇨병용제","단일",D000769,Ketoconazole,"케토코나졸","","[M080618]케토코나졸","[02650]기생성 피부질환용제/[06290]기타의 화학요법제/[06410]항원충제",20231220,"근육병증, 횡문근융해 위험 증가 가능","","정상"
"병용금기","복합",D000455,Atorvastatin,"아토르바스타틴","[D000718]Metformin(메트포르민)","[I004369]아토르바스타틴칼슘수화물/[M093499]아토르바스타틴칼슘/[M213543]무수아토르바스타틴칼슘/[M215219]아토르바스타틴칼슘삼수화물/[M218956]아토르바스타틴삼수화물/[M244955]아토르바스타틴 스트론튬/[M247057]아토르바스타틴칼슘염무수물/[M251687]아토르바스타틴칼슘/[M256664]아토르바스타틴칼슘수화물/[M263837]아토르바스타틴/[M201260]염산메트포민/[M214651]염산메트포르민/[M223014]메트포르민염산염/[M244179]메트포르민염산염/[M255741]메트포르민아세트산염/[M263864]메트포르민/[M266682]메트포르민염산염 콜로이드성이산화규소","[03960]당뇨병용제","단일",D000405,Posaconazole,"포사코나졸","","[M256381]포사코나졸(미분화)","[06290]기타의 화학요법제",20231220,"근육병증, 횡문근융해 위험 증가 가능","","정상"
"병용금기","복합",D000455,Atorvastatin,"아토르바스타틴","[D000718]Metformin(메트포르민)","[I004369]아토르바스타틴칼슘수화물/[M093499]아토르바스타틴칼슘/[M213543]무수아토르바스타틴칼슘/[M215219]아토르바스타틴칼슘삼수화물/[M218956]아토르바스타틴삼수화물/[M244955]아토르바스타틴 스트론튬/[M247057]아토르바스타틴칼슘염무수물/[M251687]아토르바스타틴칼슘/[M256664]아토르바스타틴칼슘수화물/[M263837]아토르바스타틴/[M201260]염산메트포민/[M214651]염산메트포르민/[M223014]메트포르민염산염/[M244179]메트포르민염산염/[M255741]메트포르민아세트산염/[M263864]메트포르민/[M266682]메트포르민염산염 콜로이드성이산화규소","[03960]당뇨병용제","복합",D001362,Glecaprevir,"글레카프레비르","[D001363]Pibrentasvir(피브렌타스비르)","[A001652]글레카프레비르/[M267082]글레카프레비르/[A003331]피브렌타스비르/[M267076]피브렌타스비르","[06290]기타의 화학요법제",20231220,"횡문근융해증을 포함한 근육병증 위험 가능","","정상"
"병용금기","복합",D000219,Rosuvastatin,"로수바스타틴","[D000350]Ezetimibe(에제티미브)","[M095744]로수바스타틴칼슘/[M258559]로수바스타틴칼슘염/[M270546]로수바스타틴칼슘(미분화)/[M097492]에제티미브","[02180]동맥경화용제","단일",D000334,Cyclosporine,"사이클로스포린","","[A005971]시클로스포린/[M040068]마이크로에멀젼용시클로스포린/[M085282]사이클로스포린/[M085565]시클로스포린","[01420]자격요법제(비특이성면역억제제를 포함)",20231220,"근육통, 근육약화, 근염, 때때로 횡문근 변성을 포함한 근육독성 촉진 가능","","정상"
"병용금기","복합",D000219,Rosuvastatin,"로수바스타틴","[D000350]Ezetimibe(에제티미브)","[M095744]로수바스타틴칼슘/[M258559]로수바스타틴칼슘염/[M270546]로수바스타틴칼슘(미분화)/[M097492]에제티미브","[02180]동맥경화용제","단일",D000619,"Fusidic Acid","푸시딘산","","[M020165]푸시딘산나트륨/[M020229]푸시딘산","[06110]주로 그람양성균에 작용하는 것",20231220,"횡문근융해증을 포함한 근육 관련 이상반응 보","","정상"
"병용금기","복합",D000219,Rosuvastatin,"로수바스타틴","[D000350]Ezetimibe(에제티미브)","[M095744]로수바스타틴칼슘/[M258559]로수바스타틴칼슘염/[M270546]로수바스타틴칼슘(미분화)/[M097492]에제티미브","[02180]동맥경화용제","복합",D001072,Ledipasvir,"레디파스비르","[D001071]Sofosbuvir(소포스부비르)","[I012702]레디파스비르/[M262910]레디파스비르/[I012701]소포스부비르
/[M260784]소포스부비어/[M262752]소포스부비르","[06290]기타의 화학요법제",20231220,"횡문근융해증을 포함한 근육병증 위험 증가 가능","","정상"
"병용금기","복합",D000455,Atorvastatin,"아토르바스타틴","[D001688]Omega-3-Acid Ethyl Esters 90(오메가3산에틸에스테르90)","[I004369]아토르바스타틴칼슘수화물/[M093499]아토르바스타틴칼슘/[M213543]무수아토르바스타틴칼슘/[M215219]아토르바스타틴칼슘삼수화물/[M218956]아토르바스타틴삼수화물/[M244955]아토르바스타틴 스트론튬/[M247057]아토르바스타틴칼슘염무수물/[M251687]아토르바스타틴칼슘/[M256664]아토르바스타틴칼슘수화물/[M263837]아토르바스타틴/[A000877]오메가3산/[M261637]오메가3산에틸에스테르90","[02180]동맥경화용제","단일",D000619,"Fusidic Acid","푸시딘산","","[M020165]푸시딘산나트륨/[M020229]푸시딘산","[06110]주로 그람양성균에 작용하는 것",20231220,"횡문근융해와 같은 중증의 근육이상 보고","","정상"
"병용금기","복합",D000455,Atorvastatin,"아토르바스타틴","[D001688]Omega-3-Acid Ethyl Esters 90(오메가3산에틸에스테르90)","[I004369]아토르바스타틴칼슘수화물/[M093499]아토르바스타틴칼슘/[M213543]무수아토르바스타틴칼슘/[M215219]아토르바스타틴칼슘삼수화물/[M218956]아토르바스타틴삼수화물/[M244955]아토르바스타틴 스트론튬/[M247057]아토르바스타틴칼슘염무수물/[M251687]아토르바스타틴칼슘/[M256664]아토르바스타틴칼슘수화물/[M263837]아토르바스타틴/[A000877]오메가3산/[M261637]오메가3산에틸에스테르90","[02180]동맥경화용제","단일",D000334,Cyclosporine,"사이클로스포린","","[A005971]시클로스포린/[M040068]마이크로에멀젼용시클로스포린/[M085282]사이클로스포린/[M085565]시클로스포린","[01420]자격요법제(비특이성면역억제제를 포함)",20231220,"근육병증, 횡문근융해 위험 증가 가능","","정상"
"병용금기","복합",D000455,Atorvastatin,"아토르바스타틴","[D001688]Omega-3-Acid Ethyl Esters 90(오메가3산에틸에스테르90)","[I004369]아토르바스타틴칼슘수화물/[M093499]아토르바스타틴칼슘/[M213543]무수아토르바스타틴칼슘/[M215219]아토르바스타틴칼슘삼수화물/[M218956]아토르바스타틴삼수화물/[M244955]아토르바스타틴 스트론튬/[M247057]아토르바스타틴칼슘염무수물/[M251687]아토르바스타틴칼슘/[M256664]아토르바스타틴칼슘수화물/[M263837]아토르바스타틴/[A000877]오메가3산/[M261637]오메가3산에틸에스테르90","[02180]동맥경화용제","단일",D000762,Itraconazole,"이트라코나졸","","[M083733]이트라코나졸제피과립/[M083734]이트라코나졸/[M092870]이트라코나졸고체분산체/[M201487]이트라코나졸고체분산/[M201624]제피이트라코나졸과립","[06290]기타의 화학요법제",20231220,"근육병증, 횡문근융해 위험 증가 가능","","정상"
"병용금기","복합",D000455,Atorvastatin,"아토르바스타틴","[D001688]Omega-3-Acid Ethyl Esters 90(오메가3산에틸에스테르90)","[I004369]아토르바스타틴칼슘수화물/[M093499]아토르바스타틴칼슘/[M213543]무수아토르바스타틴칼슘/[M215219]아토르바스타틴칼슘삼수화물/[M218956]아토르바스타틴삼수화물/[M244955]아토르바스타틴 스트론튬/[M247057]아토르바스타틴칼슘염무수물/[M251687]아토르바스타틴칼슘/[M256664]아토르바스타틴칼슘수화물/[M263837]아토르바스타틴/[A000877]오메가3산/[M261637]오메가3산에틸에스테르90","[02180]동맥경화용제","단일",D000769,Ketoconazole,"케토코나졸","","[M080618]케토코나졸","[02650]기생성 피부질환용제/[06290]기타의 화학요법제/[06410]항원충제",20231220,"근육병증, 횡문근융해 위험 증가 가능","","정상"
"병용금기","복합",D000455,Atorvastatin,"아토르바스타틴","[D001688]Omega-3-Acid Ethyl Esters 90(오메가3산에틸에스테르90)","[I004369]아토르바스타틴칼슘수화물/[M093499]아토르바스타틴칼슘/[M213543]무수아토르바스타틴칼슘/[M215219]아토르바스타틴칼슘삼수화물/[M218956]아토르바스타틴삼수화물/[M244955]아토르바스타틴 스트론튬/[M247057]아토르바스타틴칼슘염무수물/[M251687]아토르바스타틴칼슘/[M256664]아토르바스타틴칼슘수화물/[M263837]아토르바스타틴/[A000877]오메가3산/[M261637]오메가3산에틸에스테르90","[02180]동맥경화용제","단일",D000405,Posaconazole,"포사코나졸","","[M256381]포사코나졸(미분화)","[06290]기타의 화학요법제",20231220,"근육병증, 횡문근융해 위험 증가 가능","","정상"
"병용금기","복합",D000455,Atorvastatin,"아토르바스타틴","[D001688]Omega-3-Acid Ethyl Esters 90(오메가3산에틸에스테르90)","[I004369]아토르바스타틴칼슘수화물/[M093499]아토르바스타틴칼슘/[M213543]무수아토르바스타틴칼슘/[M215219]아토르바스타틴칼슘삼수화물/[M218956]아토르바스타틴삼수화물/[M244955]아토르바스타틴 스트론튬/[M247057]아토르바스타틴칼슘염무수물/[M251687]아토르바스타틴칼슘/[M256664]아토르바스타틴칼슘수화물/[M263837]아토르바스타틴/[A000877]오메가3산/[M261637]오메가3산에틸에스테르90","[02180]동맥경화용제","복합",D001362,Glecaprevir,"글레카프레비르","[D001363]Pibrentasvir(피브렌타스비르)","[A001652]글레카프레비르/[M267082]글레카프레비르/[A003331]피브렌타스비르/[M267076]피브렌타스비르","[06290]기타의 화학요법제",20231220,"횡문근융해증을 포함한 근육병증 위험 가능","","정상"
"병용금기","복합",D000219,Rosuvastatin,"로수바스타틴","[D000624]Fimasartan(피마사르탄)","[M095744]로수바스타틴칼슘/[M258559]로수바스타틴칼슘염/[M270546]로수바스타틴칼슘(미분화)/[M258703]피마사르탄칼륨삼수화물/[M264048]피마사르탄칼륨삼수화물과립","[02190]기타의 순환계용약","단일",D000334,Cyclosporine,"사이클로스포린","","[A005971]시클로스포린/[M040068]마이크로에멀젼용시클로스포린/[M085282]사이클로스포린/[M085565]시클로스포린","[01420]자격요법제(비특이성면역억제제를 포함)",20231220,"근육통, 근육약화, 근염, 때때로 횡문근 변성을 포함한 근육독성 촉진 가능","","정상"
"병용금기","복합",D000219,Rosuvastatin,"로수바스타틴","[D000624]Fimasartan(피마사르탄)","[M095744]로수바스타틴칼슘/[M258559]로수바스타틴칼슘염/[M270546]로수바스타틴칼슘(미분화)/[M258703]피마사르탄칼륨삼수화물/[M264048]피마사르탄칼륨삼수화물과립","[02190]기타의 순환계용약","단일",D000619,"Fusidic Acid","푸시딘산","","[M020165]푸시딘산나트륨/[M020229]푸시딘산","[06110]주로 그람양성균에 작용하는 것",20231220,"횡문근융해증을 포함한 근육 관련 이상반응 보고","","정상"
"병용금기","복합",D000219,Rosuvastatin,"로수바스타틴","[D000624]Fimasartan(피마사르탄)","[M095744]로수바스타틴칼슘/[M258559]로수바스타틴칼슘염/[M270546]로수바스타틴칼슘(미분화)/[M258703]피마사르탄칼륨삼수화물/[M264048]피마사르탄칼륨삼수화물과립","[02190]기타의 순환계용약","복합",D001072,Ledipasvir,"레디파스비르","[D001071]Sofosbuvir(소포스부비르)","[I012702]레디파스비르/[M262910]레디파스비르/[I012701]소포스부비르
/[M260784]소포스부비어/[M262752]소포스부비르","[06290]기타의 화학요법제",20231220,"횡문근융해증을 포함한 근육병증 위험 증가 가능","","정상"
"병용금기","복합",D000455,Atorvastatin,"아토르바스타틴","[D000152]Amlodipine (암로디핀)/[D000273]Candesartan cilexetil(칸데사르탄실렉세틸)","[I004369]아토르바스타틴칼슘수화물/[M093499]아토르바스타틴칼슘/[M213543]무수아토르바스타틴칼슘/[M215219]아토르바스타틴칼슘삼수화물/[M218956]아토르바스타틴삼수화물/[M244955]아토르바스타틴 스트론튬/[M247057]아토르바스타틴칼슘염무수물/[M251687]아토르바스타틴칼슘/[M256664]아토르바스타틴칼슘수화물/[M263837]아토르바스타틴/[M083437]베실산암로디핀/[M100608]말레인산암로디핀/[M100610]캄실산암로디핀/[M101934]암로디핀/[M102166]메실산암로디핀일수화물/[M102534]암로디핀오로트산염/[M222875]암로디핀베실산염/[M246033]암로디핀캄실산염/[M250821]암로디핀아디핀산염/[M250983]암로디핀말레산염/[M251079]암로디핀니코틴산염/[M254832]암로디핀메실산염일수화물/[M257408]암로디핀아디프산염/[M089055]칸데사르탄실렉세틸","[02190]기타의 순환계용약","단일",D000619,"Fusidic Acid","푸시딘산","","[M020165]푸시딘산나트륨/[M020229]푸시딘산","[06110]주로 그람양성균에 작용하는 것",20231220,"횡문근융해와 같은 중증의 근육이상 보고","","정상"
"병용금기","복합",D000455,Atorvastatin,"아토르바스타틴","[D000152]Amlodipine (암로디핀)/[D000273]Candesartan cilexetil(칸데사르탄실렉세틸)","[I004369]아토르바스타틴칼슘수화물/[M093499]아토르바스타틴칼슘/[M213543]무수아토르바스타틴칼슘/[M215219]아토르바스타틴칼슘삼수화물/[M218956]아토르바스타틴삼수화물/[M244955]아토르바스타틴 스트론튬/[M247057]아토르바스타틴칼슘염무수물/[M251687]아토르바스타틴칼슘/[M256664]아토르바스타틴칼슘수화물/[M263837]아토르바스타틴/[M083437]베실산암로디핀/[M100608]말레인산암로디핀/[M100610]캄실산암로디핀/[M101934]암로디핀/[M102166]메실산암로디핀일수화물/[M102534]암로디핀오로트산염/[M222875]암로디핀베실산염/[M246033]암로디핀캄실산염/[M250821]암로디핀아디핀산염/[M250983]암로디핀말레산염/[M251079]암로디핀니코틴산염/[M254832]암로디핀메실산염일수화물/[M257408]암로디핀아디프산염/[M089055]칸데사르탄실렉세틸","[02190]기타의 순환계용약","단일",D000334,Cyclosporine,"사이클로스포린","","[A005971]시클로스포린/[M040068]마이크로에멀젼용시클로스포린/[M085282]사이클로스포린/[M085565]시클로스포린","[01420]자격요법제(비특이성면역억제제를 포함)",20231220,"근육병증, 횡문근융해 위험 증가 능","","정상"
"병용금기","복합",D000455,Atorvastatin,"아토르바스타틴","[D000152]Amlodipine (암로디핀)/[D000273]Candesartan cilexetil(칸데사르탄실렉세틸)","[I004369]아토르바스타틴칼슘수화물/[M093499]아토르바스타틴칼슘/[M213543]무수아토르바스타틴칼슘/[M215219]아토르바스타틴칼슘삼수화물/[M218956]아토르바스타틴삼수화물/[M244955]아토르바스타틴 스트론튬/[M247057]아토르바스타틴칼슘염무수물/[M251687]아토르바스타틴칼슘/[M256664]아토르바스타틴칼슘수화물/[M263837]아토르바스타틴/[M083437]베실산암로디핀/[M100608]말레인산암로디핀/[M100610]캄실산암로디핀/[M101934]암로디핀/[M102166]메실산암로디핀일수화물/[M102534]암로디핀오로트산염/[M222875]암로디핀베실산염/[M246033]암로디핀캄실산염/[M250821]암로디핀아디핀산염/[M250983]암로디핀말레산염/[M251079]암로디핀니코틴산염/[M254832]암로디핀메실산염일수화물/[M257408]암로디핀아디프산염/[M089055]칸데사르탄실렉세틸","[02190]기타의 순환계용약","단일",D000762,Itraconazole,"이트라코나졸","","[M083733]이트라코나졸제피과립/[M083734]이트라코나졸/[M092870]이트라코나졸고체분산체/[M201487]이트라코나졸고체분산/[M201624]제피이트라코나졸과립","[06290]기타의 화학요법제",20231220,"근육병증, 횡문근융해 위험 증가 가능","","정상"
"병용금기","복합",D000455,Atorvastatin,"아토르바스타틴","[D000152]Amlodipine (암로디핀)/[D000273]Candesartan cilexetil(칸데사르탄실렉세틸)","[I004369]아토르바스타틴칼슘수화물/[M093499]아토르바스타틴칼슘/[M213543]무수아토르바스타틴칼슘/[M215219]아토르바스타틴칼슘삼수화물/[M218956]아토르바스타틴삼수화물/[M244955]아토르바스타틴 스트론튬/[M247057]아토르바스타틴칼슘염무수물/[M251687]아토르바스타틴칼슘/[M256664]아토르바스타틴칼슘수화물/[M263837]아토르바스타틴/[M083437]베실산암로디핀/[M100608]말레인산암로디핀/[M100610]캄실산암로디핀/[M101934]암로디핀/[M102166]메실산암로디핀일수화물/[M102534]암로디핀오로트산염/[M222875]암로디핀베실산염/[M246033]암로디핀캄실산염/[M250821]암로디핀아디핀산염/[M250983]암로디핀말레산염/[M251079]암로디핀니코틴산염/[M254832]암로디핀메실산염일수화물/[M257408]암로디핀아디프산염/[M089055]칸데사르탄실렉세틸","[02190]기타의 순환계용약","단일",D000769,Ketoconazole,"케토코나졸","","[M080618]케토코나졸","[02650]기생성 피부질환용제/[06290]기타의 화학요법제/[06410]항원충제",20231220,"근육병증, 횡문근융해 위험 증가 가능","","정상"
"병용금기","복합",D000219,Rosuvastatin,"로수바스타틴","[D000670]Gemigliptin(제미글립틴)","[M095744]로수바스타틴칼슘/[M258559]로수바스타틴칼슘염/[M270546]로수바스타틴칼슘(미분화)/[M254878]제미글립틴타르타르산염1.5수화물/[M263103]제미글립틴타르타르산염1.5수하물","[03960]당뇨병용제","단일",D000334,Cyclosporine,"사이클로스포린","","[A005971]시클로스포린/[M040068]마이크로에멀젼용시클로스포린/[M085282]사이클로스포린/[M085565]시클로스포린","[01420]자격요법제(비특이성면역억제제를 포함)",20231220,"근육통, 근육약화, 근염, 때때로 횡문근 변성을 포함한 근육독성 촉진 가능","","정상"
"병용금기","복합",D000219,Rosuvastatin,"로수바스타틴","[D000670]Gemigliptin(제미글립틴)","[M095744]로수바스타틴칼슘/[M258559]로수바스타틴칼슘염/[M270546]로수바스타틴칼슘(미분화)/[M254878]제미글립틴타르타르산염1.5수화물/[M263103]제미글립틴타르타르산염1.5수하물","[03960]당뇨병용제","단일",D000619,"Fusidic Acid","푸시딘산","","[M020165]푸시딘산나트륨/[M020229]푸시딘산","[06110]주로 그람양성균에 작용하는 것",20231220,"횡문근융해증을 포함한 근육 관련 이상반응 보고","","정상"
"병용금기","복합",D000219,Rosuvastatin,"로수바스타틴","[D000670]Gemigliptin(제미글립틴)","[M095744]로수바스타틴칼슘/[M258559]로수바스타틴칼슘염/[M270546]로수바스타틴칼슘(미분화)/[M254878]제미글립틴타르타르산염1.5수화물/[M263103]제미글립틴타르타르산염1.5수하물","[03960]당뇨병용제","복합",D001072,Ledipasvir,"레디파스비르","[D001071]Sofosbuvir(소포스부비르)","[I012702]레디파스비르/[M262910]레디파스비르/[I012701]소포스부비르
/[M260784]소포스부비어/[M262752]소포스부비르","[06290]기타의 화학요법제",20231220,"횡문근융해증을 포함한 근육병증 위험 증가 가능","","정상"
"병용금기","복합",D000455,Atorvastatin,"아토르바스타틴","[D000152]Amlodipine (암로디핀)/[D000273]Candesartan cilexetil(칸데사르탄실렉세틸)","[I004369]아토르바스타틴칼슘수화물/[M093499]아토르바스타틴칼슘/[M213543]무수아토르바스타틴칼슘/[M215219]아토르바스타틴칼슘삼수화물/[M218956]아토르바스타틴삼수화물/[M244955]아토르바스타틴 스트론튬/[M247057]아토르바스타틴칼슘염무수물/[M251687]아토르바스타틴칼슘/[M256664]아토르바스타틴칼슘수화물/[M263837]아토르바스타틴/[M083437]베실산암로디핀/[M100608]말레인산암로디핀/[M100610]캄실산암로디핀/[M101934]암로디핀/[M102166]메실산암로디핀일수화물/[M102534]암로디핀오로트산염/[M222875]암로디핀베실산염/[M246033]암로디핀캄실산염/[M250821]암로디핀아디핀산염/[M250983]암로디핀말레산염/[M251079]암로디핀니코틴산염/[M254832]암로디핀메실산염일수화물/[M257408]암로디핀아디프산염/[M089055]칸데사르탄실렉세틸","[02190]기타의 순환계용약","복합",D001362,Glecaprevir,"글레카프레비르","[D001363]Pibrentasvir(피브렌타스비르)","[A001652]글레카프레비르/[M267082]글레카프레비르/[A003331]피브렌타스비르/[M267076]피브렌타스비르","[06290]기타의 화학요법제",20231220,"횡문근융해증을 포함한 근육병증 위험 가능","","정상"
"병용금기","복합",D000455,Atorvastatin,"아토르바스타틴","[D000152]Amlodipine (암로디핀)/[D000011]Valsartan(발사르탄)","[I004369]아토르바스타틴칼슘수화물/[M093499]아토르바스타틴칼슘/[M213543]무수아토르바스타틴칼슘/[M215219]아토르바스타틴칼슘삼수화물/[M218956]아토르바스타틴삼수화물/[M244955]아토르바스타틴 스트론튬/[M247057]아토르바스타틴칼슘염무수물/[M251687]아토르바스타틴칼슘/[M256664]아토르바스타틴칼슘수화물/[M263837]아토르바스타틴/[M083437]베실산암로디핀/[M100608]말레인산암로디핀/[M100610]캄실산암로디핀/[M101934]암로디핀/[M102166]메실산암로디핀일수화물/[M102534]암로디핀오로트산염/[M222875]암로디핀베실산염/[M246033]암로디핀캄실산염/[M250821]암로디핀아디핀산염/[M250983]암로디핀말레산염/[M251079]암로디핀니코틴산염/[M254832]암로디핀메실산염일수화물/[M257408]암로디핀아디프산염/[M090403]발사르탄","[02190]기타의 순환계용약","단일",D000619,"Fusidic Acid","푸시딘산","","[M020165]푸시딘산나트륨/[M020229]푸시딘산","[06110]주로 그람양성균에 작용하는 것",20231220,"횡문근융해와 같은 중증의 근육이상 보고","","정상"
"병용금기","복합",D000455,Atorvastatin,"아토르바스타틴","[D000152]Amlodipine (암로디핀)/[D000011]Valsartan(발사르탄)","[I004369]아토르바스타틴칼슘수화물/[M093499]아토르바스타틴칼슘/[M213543]무수아토르바스타틴칼슘/[M215219]아토르바스타틴칼슘삼수화물/[M218956]아토르바스타틴삼수화물/[M244955]아토르바스타틴 스트론튬/[M247057]아토르바스타틴칼슘염무수물/[M251687]아토르바스타틴칼슘/[M256664]아토르바스타틴칼슘수화물/[M263837]아토르바스타틴/[M083437]베실산암로디핀/[M100608]말레인산암로디핀/[M100610]캄실산암로디핀/[M101934]암로디핀/[M102166]메실산암로디핀일수화물/[M102534]암로디핀오로트산염/[M222875]암로디핀베실산염/[M246033]암로디핀캄실산염/[M250821]암로디핀아디핀산염/[M250983]암로디핀말레산염/[M251079]암로디핀니코틴산염/[M254832]암로디핀메실산염일수화물/[M257408]암로디핀아디프산염/[M090403]발사르탄","[02190]기타의 순환계용약","단일",D000334,Cyclosporine,"사이클로스포린","","[A005971]시클로스포린/[M040068]마이크로에멀젼용시클로스포린/[M085282]사이클로스포린/[M085565]시클로스포린","[01420]자격요법제(비특이성면역억제제를 포함)",20231220,"근육병증, 횡문근융해 위험 증가 가능","","정상"
"병용금기","복합",D000455,Atorvastatin,"아토르바스타틴","[D000152]Amlodipine (암로디핀)/[D000011]Valsartan(발사르탄)","[I004369]아토르바스타틴칼슘수화물/[M093499]아토르바스타틴칼슘/[M213543]무수아토르바스타틴칼슘/[M215219]아토르바스타틴칼슘삼수화물/[M218956]아토르바스타틴삼수화물/[M244955]아토르바스타틴 스트론튬/[M247057]아토르바스타틴칼슘염무수물/[M251687]아토르바스타틴칼슘/[M256664]아토르바스타틴칼슘수화물/[M263837]아토르바스타틴/[M083437]베실산암로디핀/[M100608]말레인산암로디핀/[M100610]캄실산암로디핀/[M101934]암로디핀/[M102166]메실산암로디핀일수화물/[M102534]암로디핀오로트산염/[M222875]암로디핀베실산염/[M246033]암로디핀캄실산염/[M250821]암로디핀아디핀산염/[M250983]암로디핀말레산염/[M251079]암로디핀니코틴산염/[M254832]암로디핀메실산염일수화물/[M257408]암로디핀아디프산염/[M090403]발사르탄","[02190]기타의 순환계용약","단일",D000762,Itraconazole,"이트라코나졸","","[M083733]이트라코나졸제피과립/[M083734]이트라코나졸/[M092870]이트라코나졸고체분산체/[M201487]이트라코나졸고체분산/[M201624]제피이트라코나졸과립","[06290]기타의 화학요법제",20231220,"근육병증, 횡문근융해 위험 증가 가능","","정상"
"병용금기","복합",D000219,Rosuvastatin,"로수바스타틴","[D000718]Metformin(메트포르민)","[M095744]로수바스타틴칼슘/[M258559]로수바스타틴칼슘염/[M270546]로수바스타틴칼슘(미분화)/[M201260]염산메트포민/[M214651]염산메트포르민/[M223014]메트포르민염산염/[M244179]메트포르민염산염/[M255741]메트포르민아세트산염/[M263864]메트포르민/[M266682]메트포르민염산염 콜로이드성이산화규소","[03960]당뇨병용제","단일",D000619,"Fusidic Acid","푸시딘산","","[M020165]푸시딘산나트륨/[M020229]푸시딘산","[06110]주로 그람양성균에 작용하는 것",20231220,"횡문근융해증을 포함한 근육 관련 이상반응 보고","","정상"
"병용금기","복합",D000219,Rosuvastatin,"로수바스타틴","[D000785]Nebivolol(네비보롤)","[M095744]로수바스타틴칼슘/[M258559]로수바스타틴칼슘염/[M270546]로수바스타틴칼슘(미분화)/[M246568]네비보롤염산염/[M254774]네비보롤염산염","[02190]기타의 순환계용약","단일",D000334,Cyclosporine,"사이클로스포린","","[A005971]시클로스포린/[M040068]마이크로에멀젼용시클로스포린/[M085282]사이클로스포린/[M085565]시클로스포린","[01420]자격요법제(비특이성면역억제제를 포함)",20231220,"근육통, 근육약화, 근염, 때때로 횡문근 변성을 포함한 근육독성 촉진 가능","","정상"
"병용금기","복합",D000219,Rosuvastatin,"로수바스타틴","[D000785]Nebivolol(네비보롤)","[M095744]로수바스타틴칼슘/[M258559]로수바스타틴칼슘염/[M270546]로수바스타틴칼슘(미분화)/[M246568]네비보롤염산염/[M254774]네비보롤염산염","[02190]기타의 순환계용약","단일",D000619,"Fusidic Acid","푸시딘산","","[M020165]푸시딘산나트륨/[M020229]푸시딘산","[06110]주로 그람양성균에 작용하는 것",20231220,"횡문근융해증을 포함한 근육 관련 이상반응 보고","","정상"
"병용금기","복합",D000455,Atorvastatin,"아토르바스타틴","[D000152]Amlodipine (암로디핀)/[D000011]Valsartan(발사르탄)","[I004369]아토르바스타틴칼슘수화물/[M093499]아토르바스타틴칼슘/[M213543]무수아토르바스타틴칼슘/[M215219]아토르바스타틴칼슘삼수화물/[M218956]아토르바스타틴삼수화물/[M244955]아토르바스타틴 스트론튬/[M247057]아토르바스타틴칼슘염무수물/[M251687]아토르바스타틴칼슘/[M256664]아토르바스타틴칼슘수화물/[M263837]아토르바스타틴/[M083437]베실산암로디핀/[M100608]말레인산암로디핀/[M100610]캄실산암로디핀/[M101934]암로디핀/[M102166]메실산암로디핀일수화물/[M102534]암로디핀오로트산염/[M222875]암로디핀베실산염/[M246033]암로디핀캄실산염/[M250821]암로디핀아디핀산염/[M250983]암로디핀말레산염/[M251079]암로디핀니코틴산염/[M254832]암로디핀메실산염일수화물/[M257408]암로디핀아디프산염/[M090403]발사르탄","[02190]기타의 순환계용약","단일",D000769,Ketoconazole,"케토코나졸","","[M080618]케토코나졸","[02650]기생성 피부질환용제/[06290]기타의 화학요법제/[06410]항원충제",20231220,"근육병증, 횡문근융해 위험 증가 가능","","정상"
"병용금기","복합",D000455,Atorvastatin,"아토르바스타틴","[D000152]Amlodipine (암로디핀)/[D000011]Valsartan(발사르탄)","[I004369]아토르바스타틴칼슘수화물/[M093499]아토르바스타틴칼슘/[M213543]무수아토르바스타틴칼슘/[M215219]아토르바스타틴칼슘삼수화물/[M218956]아토르바스타틴삼수화물/[M244955]아토르바스타틴 스트론튬/[M247057]아토르바스타틴칼슘염무수물/[M251687]아토르바스타틴칼슘/[M256664]아토르바스타틴칼슘수화물/[M263837]아토르바스타틴/[M083437]베실산암로디핀/[M100608]말레인산암로디핀/[M100610]캄실산암로디핀/[M101934]암로디핀/[M102166]메실산암로디핀일수화물/[M102534]암로디핀오로트산염/[M222875]암로디핀베실산염/[M246033]암로디핀캄실산염/[M250821]암로디핀아디핀산염/[M250983]암로디핀말레산염/[M251079]암로디핀니코틴산염/[M254832]암로디핀메실산염일수화물/[M257408]암로디핀아디프산염/[M090403]발사르탄","[02190]기타의 순환계용약","단일",D000405,Posaconazole,"포사코나졸","","[M256381]포사코나졸(미분화)","[06290]기타의 화학요법제",20231220,"근육병증, 횡문근융해 위험 증가 가능","","정상"
"병용금기","복합",D000455,Atorvastatin,"아토르바스타틴","[D000152]Amlodipine (암로디핀)/[D000011]Valsartan(발사르탄)","[I004369]아토르바스타틴칼슘수화물/[M093499]아토르바스타틴칼슘/[M213543]무수아토르바스타틴칼슘/[M215219]아토르바스타틴칼슘삼수화물/[M218956]아토르바스타틴삼수화물/[M244955]아토르바스타틴 스트론튬/[M247057]아토르바스타틴칼슘염무수물/[M251687]아토르바스타틴칼슘/[M256664]아토르바스타틴칼슘수화물/[M263837]아토르바스타틴/[M083437]베실산암로디핀/[M100608]말레인산암로디핀/[M100610]캄실산암로디핀/[M101934]암로디핀/[M102166]메실산암로디핀일수화물/[M102534]암로디핀오로트산염/[M222875]암로디핀베실산염/[M246033]암로디핀캄실산염/[M250821]암로디핀아디핀산염/[M250983]암로디핀말레산염/[M251079]암로디핀니코틴산염/[M254832]암로디핀메실산염일수화물/[M257408]암로디핀아디프산염/[M090403]발사르탄","[02190]기타의 순환계용약","복합",D001362,Glecaprevir,"글레카프레비르","[D001363]Pibrentasvir(피브렌타스비르)","[A001652]글레카프레비르/[M267082]글레카프레비르/[A003331]피브렌타스비르/[M267076]피브렌타스비르","[06290]기타의 화학요법제",20231220,"횡문근융해증을 포함한 근육병증 위험 가능","","정상"
"병용금기","복합",D000518,Pitavastatin,"피타바스타틴","[D000686]Fenofibrate(페노피브레이트)","[M102119]피타바스타틴칼슘/[M259724]피타바스타틸칼슘/[M051799]페노피브레이트/[M092604]미세화페노피브레이트/[M095127]페노피브레이트펠렛/[M096854]미세화페노피브레이트구형과립/[M099150]페노피브레이트펠렛타입/[M099756]미세화페노피브레이트혼합분말/[M255612]페노피브릭산/[M256159]페노피브레이트콜린/[M257159]페노피브레이트 과립(미분화)/[M260738]페노피브레이트(미분화)","[02180]동맥경화용제","단일",D000334,Cyclosporine,"사이클로스포린","","[A005971]시클로스포린/[M040068]마이크로에멀젼용시클로스포린/[M085282]사이클로스포린/[M085565]시클로스포린","[01420]자격요법제(비특이성면역억제제를 포함)",20231220,"신기능 악화를 수반하는 횡문근융해증 발현 가능","","정상"
"병용금기","복합",D000219,Rosuvastatin,"로수바스타틴","[D000785]Nebivolol(네비보롤)","[M095744]로수바스타틴칼슘/[M258559]로수바스타틴칼슘염/[M270546]로수바스타틴칼슘(미분화)/[M246568]네비보롤염산염/[M254774]네비보롤염산염","[02190]기타의 순환계용약","복합",D001072,Ledipasvir,"레디파스비르","[D001071]Sofosbuvir(소포스부비르)","[I012702]레디파스비르/[M262910]레디파스비르/[I012701]소포스부비르
/[M260784]소포스부비어/[M262752]소포스부비르","[06290]기타의 화학요법제",20231220,"횡문근융해증을 포함한 근육병증 위험 증가 가능","","정상"
"병용금기","복합",D000219,Rosuvastatin,"로수바스타틴","[D000972]Olmesartan(올메사르탄)","[M095744]로수바스타틴칼슘/[M258559]로수바스타틴칼슘염/[M270546]로수바스타틴칼슘(미분화)/[I002674]올메사르탄메독소밀/[M102509]올메사탄메독소밀/[M253843]올메사탄실렉세틸/[M256141]올메사탄실렉세틸/[M257074]올메사르탄메독소밀","[02190]기타의 순환계용약","단일",D000619,"Fusidic Acid","푸시딘산","","[M020165]푸시딘산나트륨/[M020229]푸시딘산","[06110]주로 그람양성균에 작용하는 것",20231220,"횡문근융해증을 포함한 근육 관련 이상반응 보고","","정상"
"병용금기","복합",D000219,Rosuvastatin,"로수바스타틴","[D000972]Olmesartan(올메사르탄)","[M095744]로수바스타틴칼슘/[M258559]로수바스타틴칼슘염/[M270546]로수바스타틴칼슘(미분화)/[I002674]올메사르탄메독소밀/[M102509]올메사탄메독소밀/[M253843]올메사탄실렉세틸/[M256141]올메사탄실렉세틸/[M257074]올메사르탄메독소밀","[02190]기타의 순환계용약","복합",D001072,Ledipasvir,"레디파스비르","[D001071]Sofosbuvir(소포스부비르)","[I012702]레디파스비르/[M262910]레디파스비르/[I012701]소포스부비르
/[M260784]소포스부비어/[M262752]소포스부비르","[06290]기타의 화학요법제",20231220,"횡문근융해증을 포함한 근육병증 위험 증가 가능","","정상"
"병용금기","복합",D000219,Rosuvastatin,"로수바스타틴","[D001688]Omega-3-Acid Ethyl Esters 90(오메가3산에틸에스테르90)","[M095744]로수바스타틴칼슘/[M258559]로수바스타틴칼슘염/[M270546]로수바스타틴칼슘(미분화)/[A000877]오메가3산/[M261637]오메가3산에틸에스테르90","[02180]동맥경화용제","단일",D000334,Cyclosporine,"사이클로스포린","","[A005971]시클로스포린/[M040068]마이크로에멀젼용시클로스포린/[M085282]사이클로스포린/[M085565]시클로스포린","[01420]자격요법제(비특이성면역억제제를 포함)",20231220,"근육통, 근육약화, 근염, 때때로 횡문근 변성을 포함한 근육독성 촉진 가능","","정상"
"병용금기","복합",D000518,Pitavastatin,"피타바스타틴","[D000686]Fenofibrate(페노피브레이트)","[M102119]피타바스타틴칼슘/[M259724]피타바스타틸칼슘/[M051799]페노피브레이트/[M092604]미세화페노피브레이트/[M095127]페노피브레이트펠렛/[M096854]미세화페노피브레이트구형과립/[M099150]페노피브레이트펠렛타입/[M099756]미세화페노피브레이트혼합분말/[M255612]페노피브릭산/[M256159]페노피브레이트콜린/[M257159]페노피브레이트 과립(미분화)/[M260738]페노피브레이트(미분화)","[02180]동맥경화용제","단일",D000619,"Fusidic Acid","푸시딘산","","[M020165]푸시딘산나트륨/[M020229]푸시딘산","[06110]주로 그람양성균에 작용하는 것",20231220,"횡문근융해증, 근무력증, 동통 발생 가능","","정상"
"병용금기","복합",D000305,Pravastatin,"프라바스타틴","[D000686]Fenofibrate(페노피브레이트)","[M084105]프라바스타틴나트륨/[M051799]페노피브레이트/[M092604]미세화페노피브레이트/[M095127]페노피브레이트펠렛/[M096854]미세화페노피브레이트구형과립/[M099150]페노피브레이트펠렛타입/[M099756]미세화페노피브레이트혼합분말/[M255612]페노피브릭산/[M256159]페노피브레이트콜린/[M257159]페노피브레이트 과립(미분화)/[M260738]페노피브레이트(미분화)","[02180]동맥경화용제","단일",D000619,"Fusidic Acid","푸시딘산","","[M020165]푸시딘산나트륨/[M020229]푸시딘산","[06110]주로 그람양성균에 작용하는 것",20231220,"횡문근융해증을 포함한 근육 관련 이상반응 보고","","정상"
"병용금기","복합",D000219,Rosuvastatin,"로수바스타틴","[D000152]Amlodipine (암로디핀)","[M095744]로수바스타틴칼슘/[M258559]로수바스타틴칼슘염/[M270546]로수바스타틴칼슘(미분화)/[M083437]베실산암로디핀/[M100608]말레인산암로디핀/[M100610]캄실산암로디핀/[M101934]암로디핀/[M102166]메실산암로디핀일수화물/[M102534]암로디핀오로트산염/[M222875]암로디핀베실산염/[M246033]암로디핀캄실산염/[M250821]암로디핀아디핀산염/[M250983]암로디핀말레산염/[M251079]암로디핀니코틴산염/[M254832]암로디핀메실산염일수화물/[M257408]암로디핀아디프산염","[02190]기타의 순환계용약","단일",D000334,Cyclosporine,"사이클로스포린","","[A005971]시클로스포린/[M040068]마이크로에멀젼용시클로스포린/[M085282]사이클로스포린/[M085565]시클로스포린","[01420]자격요법제(비특이성면역억제제를 포함)",20231220,"근육통, 근육약화, 근염, 때때로 횡문근 변성을 포함한 근육독성 촉진 가능","","정상"
"병용금기","복합",D000219,Rosuvastatin,"로수바스타틴","[D000152]Amlodipine (암로디핀)","[M095744]로수바스타틴칼슘/[M258559]로수바스타틴칼슘염/[M270546]로수바스타틴칼슘(미분화)/[M083437]베실산암로디핀/[M100608]말레인산암로디핀/[M100610]캄실산암로디핀/[M101934]암로디핀/[M102166]메실산암로디핀일수화물/[M102534]암로디핀오로트산염/[M222875]암로디핀베실산염/[M246033]암로디핀캄실산염/[M250821]암로디핀아디핀산염/[M250983]암로디핀말레산염/[M251079]암로디핀니코틴산염/[M254832]암로디핀메실산염일수화물/[M257408]암로디핀아디프산염","[02190]기타의 순환계용약","복합",D001072,Ledipasvir,"레디파스비르","[D001071]Sofosbuvir(소포스부비르)","[I012702]레디파스비르/[M262910]레디파스비르/[I012701]소포스부비르
/[M260784]소포스부비어/[M262752]소포스부비르","[06290]기타의 화학요법제",20231220,"횡문근융해증을 포함한 근육병증 위험 증가 가능","","정상"
"병용금기","복합",D000219,Rosuvastatin,"로수바스타틴","[D000718]Metformin(메트포르민)","[M095744]로수바스타틴칼슘/[M258559]로수바스타틴칼슘염/[M270546]로수바스타틴칼슘(미분화)/[M201260]염산메트포민/[M214651]염산메트포르민/[M223014]메트포르민염산염/[M244179]메트포르민염산염/[M255741]메트포르민아세트산염/[M263864]메트포르민/[M266682]메트포르민염산염 콜로이드성이산화규소","[03960]당뇨병용제","단일",D000334,Cyclosporine,"사이클로스포린","","[A005971]시클로스포린/[M040068]마이크로에멀젼용시클로스포린/[M085282]사이클로스포린/[M085565]시클로스포린","[01420]자격요법제(비특이성면역억제제를 포함)",20231220,"근육통, 근육약화, 근염, 때때로 횡문근 변성을 포함한 근육독성 촉진 가능","","정상"
"병용금기","복합",D000219,Rosuvastatin,"로수바스타틴","[D000718]Metformin(메트포르민)","[M095744]로수바스타틴칼슘/[M258559]로수바스타틴칼슘염/[M270546]로수바스타틴칼슘(미분화)/[M201260]염산메트포민/[M214651]염산메트포르민/[M223014]메트포르민염산염/[M244179]메트포르민염산염/[M255741]메트포르민아세트산염/[M263864]메트포르민/[M266682]메트포르민염산염 콜로이드성이산화규소","[03960]당뇨병용제","복합",D001072,Ledipasvir,"레디파스비르","[D001071]Sofosbuvir(소포스부비르)","[I012702]레디파스비르/[M262910]레디파스비르/[I012701]소포스부비르
/[M260784]소포스부비어/[M262752]소포스부비르","[06290]기타의 화학요법제",20231220,"횡문근융해증을 포함한 근육병증 위험 증가 가능","","정상"
"병용금기","복합",D000219,Rosuvastatin,"로수바스타틴","[D001688]Omega-3-Acid Ethyl Esters 90(오메가3산에틸에스테르90)","[M095744]로수바스타틴칼슘/[M258559]로수바스타틴칼슘염/[M270546]로수바스타틴칼슘(미분화)/[A000877]오메가3산/[M261637]오메가3산에틸에스테르90","[02180]동맥경화용제","단일",D000619,"Fusidic Acid","푸시딘산","","[M020165]푸시딘산나트륨/[M020229]푸시딘산","[06110]주로 그람양성균에 작용하는 것",20231220,"횡문근융해증을 포함한 근육 관련 이상반응 보고","","정상"
"병용금기","복합",D000219,Rosuvastatin,"로수바스타틴","[D001688]Omega-3-Acid Ethyl Esters 90(오메가3산에틸에스테르90)","[M095744]로수바스타틴칼슘/[M258559]로수바스타틴칼슘염/[M270546]로수바스타틴칼슘(미분화)/[A000877]오메가3산/[M261637]오메가3산에틸에스테르90","[02180]동맥경화용제","복합",D001072,Ledipasvir,"레디파스비르","[D001071]Sofosbuvir(소포스부비르)","[I012702]레디파스비르/[M262910]레디파스비르/[I012701]소포스부비르
/[M260784]소포스부비어/[M262752]소포스부비르","[06290]기타의 화학요법제",20231220,"횡문근융해증을 포함한 근육병증 위험 증가 가능","","정상"
"병용금기","복합",D000219,Rosuvastatin,"로수바스타틴","[D000485]Telmisartan(텔미사르탄)","[M095744]로수바스타틴칼슘/[M258559]로수바스타틴칼슘염/[M270546]로수바스타틴칼슘(미분화)/[M090395]텔미사르탄/[M264500]텔미사르탄파우더(23.9%)","[02190]기타의 순환계용약","단일",D000334,Cyclosporine,"사이클로스포린","","[A005971]시클로스포린/[M040068]마이크로에멀젼용시클로스포린/[M085282]사이클로스포린/[M085565]시클로스포린","[01420]자격요법제(비특이성면역억제제를 포함)",20231220,"근육통, 근육약화, 근염, 때때로 횡문근 변성을 포함한 근육독성 촉진 가능","","정상"
"병용금기","복합",D000219,Rosuvastatin,"로수바스타틴","[D000972]Olmesartan(올메사르탄)","[M095744]로수바스타틴칼슘/[M258559]로수바스타틴칼슘염/[M270546]로수바스타틴칼슘(미분화)/[I002674]올메사르탄메독소밀/[M102509]올메사탄메독소밀/[M253843]올메사탄실렉세틸/[M256141]올메사탄실렉세틸/[M257074]올메사르탄메독소밀","[02190]기타의 순환계용약","단일",D000334,Cyclosporine,"사이클로스포린","","[A005971]시클로스포린/[M040068]마이크로에멀젼용시클로스포린/[M085282]사이클로스포린/[M085565]시클로스포린","[01420]자격요법제(비특이성면역억제제를 포함)",20231220,"근육통, 근육약화, 근염, 때때로 횡문근 변성을 포함한 근육독성 촉진 가능","","정상"
"병용금기","복합",D000219,Rosuvastatin,"로수바스타틴","[D000485]Telmisartan(텔미사르탄)","[M095744]로수바스타틴칼슘/[M258559]로수바스타틴칼슘염/[M270546]로수바스타틴칼슘(미분화)/[M090395]텔미사르탄/[M264500]텔미사르탄파우더(23.9%)","[02190]기타의 순환계용약","단일",D000619,"Fusidic Acid","푸시딘산","","[M020165]푸시딘산나트륨/[M020229]푸시딘산","[06110]주로 그람양성균에 작용하는 것",20231220,"횡문근융해증, 근무력증, 동통 발생 가능","","정상"
"병용금기","복합",D000219,Rosuvastatin,"로수바스타틴","[D000485]Telmisartan(텔미사르탄)","[M095744]로수바스타틴칼슘/[M258559]로수바스타틴칼슘염/[M270546]로수바스타틴칼슘(미분화)/[M090395]텔미사르탄/[M264500]텔미사르탄파우더(23.9%)","[02190]기타의 순환계용약","복합",D001072,Ledipasvir,"레디파스비르","[D001071]Sofosbuvir(소포스부비르)","[I012702]레디파스비르/[M262910]레디파스비르/[I012701]소포스부비르
/[M260784]소포스부비어/[M262752]소포스부비르","[06290]기타의 화학요법제",20231220,"횡문근융해증을 포함한 근육병증 위험 증가 가능","","정상"
"병용금기","복합",D000219,Rosuvastatin,"로수바스타틴","[D000011]Valsartan(발사르탄)","[M095744]로수바스타틴칼슘/[M258559]로수바스타틴칼슘염/[M270546]로수바스타틴칼슘(미분화)/[M090403]발사르탄","[02190]기타의 순환계용약","단일",D000334,Cyclosporine,"사이클로스포린","","[A005971]시클로스포린/[M040068]마이크로에멀젼용시클로스포린/[M085282]사이클로스포린/[M085565]시클로스포린","[01420]자격요법제(비특이성면역억제제를 포함)",20231220,"근육통, 근육약화, 근염, 때때로 횡문근 변성을 포함한 근육독성 촉진 가능","","정상"
"병용금기","복합",D000219,Rosuvastatin,"로수바스타틴","[D000011]Valsartan(발사르탄)","[M095744]로수바스타틴칼슘/[M258559]로수바스타틴칼슘염/[M270546]로수바스타틴칼슘(미분화)/[M090403]발사르탄","[02190]기타의 순환계용약","단일",D000619,"Fusidic Acid","푸시딘산","","[M020165]푸시딘산나트륨/[M020229]푸시딘산","[06110]주로 그람양성균에 작용하는 것",20231220,"횡문근융해증을 포함한 근육 관련 이상반응 보고","","정상"
"병용금기","복합",D000219,Rosuvastatin,"로수바스타틴","[D000011]Valsartan(발사르탄)","[M095744]로수바스타틴칼슘/[M258559]로수바스타틴칼슘염/[M270546]로수바스타틴칼슘(미분화)/[M090403]발사르탄","[02190]기타의 순환계용약","복합",D001072,Ledipasvir,"레디파스비르","[D001071]Sofosbuvir(소포스부비르)","[I012702]레디파스비르/[M262910]레디파스비르/[I012701]소포스부비르
/[M260784]소포스부비어/[M262752]소포스부비르","[06290]기타의 화학요법제",20231220,"횡문근융해증을 포함한 근육병증 위험 증가 가능","","정상"
"병용금기","복합",D000219,Rosuvastatin,"로수바스타틴","[D000152]Amlodipine (암로디핀)/[D000624]Fimasartan(피마사르탄)","[M095744]로수바스타틴칼슘/[M258559]로수바스타틴칼슘염/[M270546]로수바스타틴칼슘(미분화)/[M083437]베실산암로디핀/[M100608]말레인산암로디핀/[M100610]캄실산암로디핀/[M101934]암로디핀/[M102166]메실산암로디핀일수화물/[M102534]암로디핀오로트산염/[M222875]암로디핀베실산염/[M246033]암로디핀캄실산염/[M250821]암로디핀아디핀산염/[M250983]암로디핀말레산염/[M251079]암로디핀니코틴산염/[M254832]암로디핀메실산염일수화물/[M257408]암로디핀아디프산염/[M258703]피마사르탄칼륨삼수화물/[M264048]피마사르탄칼륨삼수화물과립","[02190]기타의 순환계용약","단일",D000334,Cyclosporine,"사이클로스포린","","[A005971]시클로스포린/[M040068]마이크로에멀젼용시클로스포린/[M085282]사이클로스포린/[M085565]시클로스포린","[01420]자격요법제(비특이성면역억제제를 포함)",20231220,"근육통, 근육약화, 근염, 때때로 횡문근 변성을 포함한 근육독성 촉진 가능","","정상"
"병용금기","복합",D000219,Rosuvastatin,"로수바스타틴","[D000350]Ezetimibe(에제티미브)/[D000485]Telmisartan(텔미사르탄)","[M095744]로수바스타틴칼슘/[M258559]로수바스타틴칼슘염/[M270546]로수바스타틴칼슘(미분화)/[M097492]에제티미브/[M090395]텔미사르탄/[M264500]텔미사르탄파우더(23.9%)","[02190]기타의 순환계용약","단일",D000334,Cyclosporine,"사이클로스포린","","[A005971]시클로스포린/[M040068]마이크로에멀젼용시클로스포린/[M085282]사이클로스포린/[M085565]시클로스포린","[01420]자격요법제(비특이성면역억제제를 포함)",20231220,"근육통, 근육약화, 근염, 때때로 횡문근 변성을 포함한 근육독성 촉진 가능","","정상"
"병용금기","복합",D000219,Rosuvastatin,"로수바스타틴","[D000350]Ezetimibe(에제티미브)/[D000485]Telmisartan(텔미사르탄)","[M095744]로수바스타틴칼슘/[M258559]로수바스타틴칼슘염/[M270546]로수바스타틴칼슘(미분화)/[M097492]에제티미브/[M090395]텔미사르탄/[M264500]텔미사르탄파우더(23.9%)","[02190]기타의 순환계용약","단일",D000619,"Fusidic Acid","푸시딘산","","[M020165]푸시딘산나트륨/[M020229]푸시딘산","[06110]주로 그람양성균에 작용하는 것",20231220,"횡문근융해증을 포함한 근육 관련 이상반응 보고","","정상"
"병용금기","복합",D000219,Rosuvastatin,"로수바스타틴","[D000350]Ezetimibe(에제티미브)/[D000485]Telmisartan(텔미사르탄)","[M095744]로수바스타틴칼슘/[M258559]로수바스타틴칼슘염/[M270546]로수바스타틴칼슘(미분화)/[M097492]에제티미브/[M090395]텔미사르탄/[M264500]텔미사르탄파우더(23.9%)","[02190]기타의 순환계용약","복합",D001072,Ledipasvir,"레디파스비르","[D001071]Sofosbuvir(소포스부비르)","[I012702]레디파스비르/[M262910]레디파스비르/[I012701]소포스부비르
/[M260784]소포스부비어/[M262752]소포스부비르","[06290]기타의 화학요법제",20231220,"횡문근융해증을 포함한 근육병증 위험 증가 가능","","정상"
"병용금기","단일",D000027,Simvastatin,"심바스타틴","","[M089710]심바스타틴","[02180]동맥경화용제","복합",D000673,Cobicistat,"코비시스타트","[D000150]Atazanavir(아타자나비르)","[M256270]코비시스타트이산화규소/[M249264]아타자나비어황산염/[M263079]아타자나비르황산염","[06290]기타의 화학요법제",20231220,"횡문근 융해를 포함한 근육병과 같은 중대한 반응 가능","","정상"
"병용금기","복합",D000219,Rosuvastatin,"로수바스타틴","[D000152]Amlodipine (암로디핀)/[D000624]Fimasartan(피마사르탄)","[M095744]로수바스타틴칼슘/[M258559]로수바스타틴칼슘염/[M270546]로수바스타틴칼슘(미분화)/[M083437]베실산암로디핀/[M100608]말레인산암로디핀/[M100610]캄실산암로디핀/[M101934]암로디핀/[M102166]메실산암로디핀일수화물/[M102534]암로디핀오로트산염/[M222875]암로디핀베실산염/[M246033]암로디핀캄실산염/[M250821]암로디핀아디핀산염/[M250983]암로디핀말레산염/[M251079]암로디핀니코틴산염/[M254832]암로디핀메실산염일수화물/[M257408]암로디핀아디프산염/[M258703]피마사르탄칼륨삼수화물/[M264048]피마사르탄칼륨삼수화물과립","[02190]기타의 순환계용약","단일",D000619,"Fusidic Acid","푸시딘산","","[M020165]푸시딘산나트륨/[M020229]푸시딘산","[06110]주로 그람양성균에 작용하는 것",20231220,"횡문근융해증을 포함한 근육 관련 이상반응 보고","","정상"
"병용금기","복합",D000219,Rosuvastatin,"로수바스타틴","[D000152]Amlodipine (암로디핀)/[D000624]Fimasartan(피마사르탄)","[M095744]로수바스타틴칼슘/[M258559]로수바스타틴칼슘염/[M270546]로수바스타틴칼슘(미분화)/[M083437]베실산암로디핀/[M100608]말레인산암로디핀/[M100610]캄실산암로디핀/[M101934]암로디핀/[M102166]메실산암로디핀일수화물/[M102534]암로디핀오로트산염/[M222875]암로디핀베실산염/[M246033]암로디핀캄실산염/[M250821]암로디핀아디핀산염/[M250983]암로디핀말레산염/[M251079]암로디핀니코틴산염/[M254832]암로디핀메실산염일수화물/[M257408]암로디핀아디프산염/[M258703]피마사르탄칼륨삼수화물/[M264048]피마사르탄칼륨삼수화물과립","[02190]기타의 순환계용약","복합",D001072,Ledipasvir,"레디파스비르","[D001071]Sofosbuvir(소포스부비르)","[I012702]레디파스비르/[M262910]레디파스비르/[I012701]소포스부비르
/[M260784]소포스부비어/[M262752]소포스부비르","[06290]기타의 화학요법제",20231220,"횡문근융해증을 포함한 근육병증 위험 증가 가능","","정상"
"병용금기","복합",D000219,Rosuvastatin,"로수바스타틴","[D000152]Amlodipine (암로디핀)/[D000972]Olmesartan(올메사르탄)","[M095744]로수바스타틴칼슘/[M258559]로수바스타틴칼슘염/[M270546]로수바스타틴칼슘(미분화)/[M083437]베실산암로디핀/[M100608]말레인산암로디핀/[M100610]캄실산암로디핀/[M101934]암로디핀/[M102166]메실산암로디핀일수화물/[M102534]암로디핀오로트산염/[M222875]암로디핀베실산염/[M246033]암로디핀캄실산염/[M250821]암로디핀아디핀산염/[M250983]암로디핀말레산염/[M251079]암로디핀니코틴산염/[M254832]암로디핀메실산염일수화물/[M257408]암로디핀아디프산염/[I002674]올메사르탄메독소밀/[M102509]올메사탄메독소밀/[M253843]올메사탄실렉세틸/[M256141]올메사탄실렉세틸/[M257074]올메사르탄메독소밀","[02190]기타의 순환계용약","단일",D000334,Cyclosporine,"사이클로스포린","","[A005971]시클로스포린/[M040068]마이크로에멀젼용시클로스포린/[M085282]사이클로스포린/[M085565]시클로스포린","[01420]자격요법제(비특이성면역억제제를 포함)",20231220,"근육통, 근육약화, 근염, 때때로 횡문근 변성을 포함한 근육독성 촉진 가능","","정상"
"병용금기","복합",D000219,Rosuvastatin,"로수바스타틴","[D000152]Amlodipine (암로디핀)/[D000972]Olmesartan(올메사르탄)","[M095744]로수바스타틴칼슘/[M258559]로수바스타틴칼슘염/[M270546]로수바스타틴칼슘(미분화)/[M083437]베실산암로디핀/[M100608]말레인산암로디핀/[M100610]캄실산암로디핀/[M101934]암로디핀/[M102166]메실산암로디핀일수화물/[M102534]암로디핀오로트산염/[M222875]암로디핀베실산염/[M246033]암로디핀캄실산염/[M250821]암로디핀아디핀산염/[M250983]암로디핀말레산염/[M251079]암로디핀니코틴산염/[M254832]암로디핀메실산염일수화물/[M257408]암로디핀아디프산염/[I002674]올메사르탄메독소밀/[M102509]올메사탄메독소밀/[M253843]올메사탄실렉세틸/[M256141]올메사탄실렉세틸/[M257074]올메사르탄메독소밀","[02190]기타의 순환계용약","단일",D000619,"Fusidic Acid","푸시딘산","","[M020165]푸시딘산나트륨/[M020229]푸시딘산","[06110]주로 그람양성균에 작용하는 것",20231220,"횡문근융해증을 포함한 근육 관련 이상반응 보고","","정상"
"병용금기","복합",D000219,Rosuvastatin,"로수바스타틴","[D000152]Amlodipine (암로디핀)/[D000972]Olmesartan(올메사르탄)","[M095744]로수바스타틴칼슘/[M258559]로수바스타틴칼슘염/[M270546]로수바스타틴칼슘(미분화)/[M083437]베실산암로디핀/[M100608]말레인산암로디핀/[M100610]캄실산암로디핀/[M101934]암로디핀/[M102166]메실산암로디핀일수화물/[M102534]암로디핀오로트산염/[M222875]암로디핀베실산염/[M246033]암로디핀캄실산염/[M250821]암로디핀아디핀산염/[M250983]암로디핀말레산염/[M251079]암로디핀니코틴산염/[M254832]암로디핀메실산염일수화물/[M257408]암로디핀아디프산염/[I002674]올메사르탄메독소밀/[M102509]올메사탄메독소밀/[M253843]올메사탄실렉세틸/[M256141]올메사탄실렉세틸/[M257074]올메사르탄메독소밀","[02190]기타의 순환계용약","복합",D001072,Ledipasvir,"레디파스비르","[D001071]Sofosbuvir(소포스부비르)","[I012702]레디파스비르/[M262910]레디파스비르/[I012701]소포스부비르
/[M260784]소포스부비어/[M262752]소포스부비르","[06290]기타의 화학요법제",20231220,"횡문근융해증을 포함한 근육병증 위험 증가 가능","","정상"
"병용금기","단일",D000027,Simvastatin,"심바스타틴","","[M089710]심바스타틴","[02180]동맥경화용제","복합",D000673,Cobicistat,"코비시스타트","[D000395]Darunavir(다루나비르)","[M256270]코비시스타트이산화규소/[M258751]다루나비르에탄올레이트","[06290]기타의 화학요법제",20231220,"근육병증과 같은 이상사례 초래 가능","","정상"
"병용금기","복합",D000027,Simvastatin,"심바스타틴","[D000152]Amlodipine (암로디핀)","[M089710]심바스타틴/[M083437]베실산암로디핀/[M100608]말레인산암로디핀/[M100610]캄실산암로디핀/[M101934]암로디핀/[M102166]메실산암로디핀일수화물/[M102534]암로디핀오로트산염/[M222875]암로디핀베실산염/[M246033]암로디핀캄실산염/[M250821]암로디핀아디핀산염/[M250983]암로디핀말레산염/[M251079]암로디핀니코틴산염/[M254832]암로디핀메실산염일수화물/[M257408]암로디핀아디프산염","[02190]기타의 순환계용약","단일",D000405,Posaconazole,"포사코나졸","","[M256381]포사코나졸(미분화)","[06290]기타의 화학요법제",20231220,"횡문근융해증 발생 가능","","정상"
"병용금기","복합",D000027,Simvastatin,"심바스타틴","[D000152]Amlodipine (암로디핀)","[M089710]심바스타틴/[M083437]베실산암로디핀/[M100608]말레인산암로디핀/[M100610]캄실산암로디핀/[M101934]암로디핀/[M102166]메실산암로디핀일수화물/[M102534]암로디핀오로트산염/[M222875]암로디핀베실산염/[M246033]암로디핀캄실산염/[M250821]암로디핀아디핀산염/[M250983]암로디핀말레산염/[M251079]암로디핀니코틴산염/[M254832]암로디핀메실산염일수화물/[M257408]암로디핀아디프산염","[02190]기타의 순환계용약","단일",D000712,Ritonavir,"리토나비르","","[M259362]리토나비르","[06290]기타의 화학요법제",20231220,"횡문근융해를 포함한 근육병증 위험 가능","","정상"
"병용금기","복합",D000219,Rosuvastatin,"로수바스타틴","[D000152]Amlodipine (암로디핀)/[D000485]Telmisartan(텔미사르탄)","[M095744]로수바스타틴칼슘/[M258559]로수바스타틴칼슘염/[M270546]로수바스타틴칼슘(미분화)/[M083437]베실산암로디핀/[M100608]말레인산암로디핀/[M100610]캄실산암로디핀/[M101934]암로디핀/[M102166]메실산암로디핀일수화물/[M102534]암로디핀오로트산염/[M222875]암로디핀베실산염/[M246033]암로디핀캄실산염/[M250821]암로디핀아디핀산염/[M250983]암로디핀말레산염/[M251079]암로디핀니코틴산염/[M254832]암로디핀메실산염일수화물/[M257408]암로디핀아디프산염/[M090395]텔미사르탄/[M264500]텔미사르탄파우더(23.9%)","[02190]기타의 순환계용약","단일",D000334,Cyclosporine,"사이클로스포린","","[A005971]시클로스포린/[M040068]마이크로에멀젼용시클로스포린/[M085282]사이클로스포린/[M085565]시클로스포린","[01420]자격요법제(비특이성면역억제제를 포함)",20231220,"근육통, 근육약화, 근염, 때때로 횡문근 변성을 포함한 근육독성 촉진 가능","","정상"
"병용금기","복합",D000219,Rosuvastatin,"로수바스타틴","[D000152]Amlodipine (암로디핀)/[D000485]Telmisartan(텔미사르탄)","[M095744]로수바스타틴칼슘/[M258559]로수바스타틴칼슘염/[M270546]로수바스타틴칼슘(미분화)/[M083437]베실산암로디핀/[M100608]말레인산암로디핀/[M100610]캄실산암로디핀/[M101934]암로디핀/[M102166]메실산암로디핀일수화물/[M102534]암로디핀오로트산염/[M222875]암로디핀베실산염/[M246033]암로디핀캄실산염/[M250821]암로디핀아디핀산염/[M250983]암로디핀말레산염/[M251079]암로디핀니코틴산염/[M254832]암로디핀메실산염일수화물/[M257408]암로디핀아디프산염/[M090395]텔미사르탄/[M264500]텔미사르탄파우더(23.9%)","[02190]기타의 순환계용약","단일",D000619,"Fusidic Acid","푸시딘산","","[M020165]푸시딘산나트륨/[M020229]푸시딘산","[06110]주로 그람양성균에 작용하는 것",20231220,"횡문근융해증을 포함한 근육 관련 이상반응 보고","","정상"
"병용금기","복합",D000219,Rosuvastatin,"로수바스타틴","[D000152]Amlodipine (암로디핀)/[D000485]Telmisartan(텔미사르탄)","[M095744]로수바스타틴칼슘/[M258559]로수바스타틴칼슘염/[M270546]로수바스타틴칼슘(미분화)/[M083437]베실산암로디핀/[M100608]말레인산암로디핀/[M100610]캄실산암로디핀/[M101934]암로디핀/[M102166]메실산암로디핀일수화물/[M102534]암로디핀오로트산염/[M222875]암로디핀베실산염/[M246033]암로디핀캄실산염/[M250821]암로디핀아디핀산염/[M250983]암로디핀말레산염/[M251079]암로디핀니코틴산염/[M254832]암로디핀메실산염일수화물/[M257408]암로디핀아디프산염/[M090395]텔미사르탄/[M264500]텔미사르탄파우더(23.9%)","[02190]기타의 순환계용약","복합",D001072,Ledipasvir,"레디파스비르","[D001071]Sofosbuvir(소포스부비르)","[I012702]레디파스비르/[M262910]레디파스비르/[I012701]소포스부비르
/[M260784]소포스부비어/[M262752]소포스부비르","[06290]기타의 화학요법제",20231220,"횡문근융해증을 포함한 근육병증 위험 증가 가능","","정상"
"병용금기","복합",D000219,Rosuvastatin,"로수바스타틴","[D000152]Amlodipine (암로디핀)/[D000011]Valsartan(발사르탄)","[M095744]로수바스타틴칼슘/[M258559]로수바스타틴칼슘염/[M270546]로수바스타틴칼슘(미분화)/[M083437]베실산암로디핀/[M100608]말레인산암로디핀/[M100610]캄실산암로디핀/[M101934]암로디핀/[M102166]메실산암로디핀일수화물/[M102534]암로디핀오로트산염/[M222875]암로디핀베실산염/[M246033]암로디핀캄실산염/[M250821]암로디핀아디핀산염/[M250983]암로디핀말레산염/[M251079]암로디핀니코틴산염/[M254832]암로디핀메실산염일수화물/[M257408]암로디핀아디프산염/[M090403]발사르탄","[02190]기타의 순환계용약","단일",D000334,Cyclosporine,"사이클로스포린","","[A005971]시클로스포린/[M040068]마이크로에멀젼용시클로스포린/[M085282]사이클로스포린/[M085565]시클로스포린","[01420]자격요법제(비특이성면역억제제를 포함)",20231220,"근육통, 근육약화, 근염, 때때로 횡문근 변성을 포함한 근육독성 촉진 가능","","정상"
"병용금기","복합",D000219,Rosuvastatin,"로수바스타틴","[D000152]Amlodipine (암로디핀)/[D000011]Valsartan(발사르탄)","[M095744]로수바스타틴칼슘/[M258559]로수바스타틴칼슘염/[M270546]로수바스타틴칼슘(미분화)/[M083437]베실산암로디핀/[M100608]말레인산암로디핀/[M100610]캄실산암로디핀/[M101934]암로디핀/[M102166]메실산암로디핀일수화물/[M102534]암로디핀오로트산염/[M222875]암로디핀베실산염/[M246033]암로디핀캄실산염/[M250821]암로디핀아디핀산염/[M250983]암로디핀말레산염/[M251079]암로디핀니코틴산염/[M254832]암로디핀메실산염일수화물/[M257408]암로디핀아디프산염/[M090403]발사르탄","[02190]기타의 순환계용약","단일",D000619,"Fusidic Acid","푸시딘산","","[M020165]푸시딘산나트륨/[M020229]푸시딘산","[06110]주로 그람양성균에 작용하는 것",20231220,"횡문근융해증을 포함한 근육 관련 이상반응 보고","","정상"
"병용금기","복합",D000027,Simvastatin,"심바스타틴","[D000350]Ezetimibe(에제티미브)","[M089710]심바스타틴/[M097492]에제티미브","[02180]동맥경화용제","단일",D000334,Cyclosporine,"사이클로스포린","","[A005971]시클로스포린/[M040068]마이크로에멀젼용시클로스포린/[M085282]사이클로스포린/[M085565]시클로스포린","[01420]자격요법제(비특이성면역억제제를 포함)",20231220,"근육통, 근육약화, 근염, 때때로 횡문근 변성을 포함한 근육독성 촉진 가능","","정상"
"병용금기","복합",D000027,Simvastatin,"심바스타틴","[D000350]Ezetimibe(에제티미브)","[M089710]심바스타틴/[M097492]에제티미브","[02180]동맥경화용제","복합",D000673,Cobicistat,"코비시스타트","[D000150]Atazanavir(아타자나비르)","[M256270]코비시스타트이산화규소/[M249264]아타자나비어황산염/[M263079]아타자나비르황산염","[06290]기타의 화학요법제",20231220,"횡문근융해를 포함한 근육병증 위험 가능","","정상"
"병용금기","복합",D000027,Simvastatin,"심바스타틴","[D000350]Ezetimibe(에제티미브)","[M089710]심바스타틴/[M097492]에제티미브","[02180]동맥경화용제","복합",D000673,Cobicistat,"코비시스타트","[D000395]Darunavir(다루나비르)","[M256270]코비시스타트이산화규소/[M258751]다루나비르에탄올레이트","[06290]기타의 화학요법제",20231220,"근병증의 위험 증가 가능","","정상"
"병용금기","복합",D000027,Simvastatin,"심바스타틴","[D000350]Ezetimibe(에제티미브)","[M089710]심바스타틴/[M097492]에제티미브","[02180]동맥경화용제","복합",D001362,Glecaprevir,"글레카프레비르","[D001363]Pibrentasvir(피브렌타스비르)","[A001652]글레카프레비르/[M267082]글레카프레비르/[A003331]피브렌타스비르/[M267076]피브렌타스비르","[06290]기타의 화학요법제",20231220,"근병증의 위험 증가 가능","","정상"
"병용금기","복합",D000219,Rosuvastatin,"로수바스타틴","[D000152]Amlodipine (암로디핀)/[D000011]Valsartan(발사르탄)","[M095744]로수바스타틴칼슘/[M258559]로수바스타틴칼슘염/[M270546]로수바스타틴칼슘(미분화)/[M083437]베실산암로디핀/[M100608]말레인산암로디핀/[M100610]캄실산암로디핀/[M101934]암로디핀/[M102166]메실산암로디핀일수화물/[M102534]암로디핀오로트산염/[M222875]암로디핀베실산염/[M246033]암로디핀캄실산염/[M250821]암로디핀아디핀산염/[M250983]암로디핀말레산염/[M251079]암로디핀니코틴산염/[M254832]암로디핀메실산염일수화물/[M257408]암로디핀아디프산염/[M090403]발사르탄","[02190]기타의 순환계용약","복합",D001072,Ledipasvir,"레디파스비르","[D001071]Sofosbuvir(소포스부비르)","[I012702]레디파스비르/[M262910]레디파스비르/[I012701]소포스부비르
/[M260784]소포스부비어/[M262752]소포스부비르","[06290]기타의 화학요법제",20231220,"횡문근융해증을 포함한 근육병증 위험 증가 가능","","정상"
"병용금기","복합",D000219,Rosuvastatin,"로수바스타틴","[D000152]Amlodipine (암로디핀)/[D000220]Losartan(로사르탄)","[M095744]로수바스타틴칼슘/[M258559]로수바스타틴칼슘염/[M270546]로수바스타틴칼슘(미분화)/[M083437]베실산암로디핀/[M100608]말레인산암로디핀/[M100610]캄실산암로디핀/[M101934]암로디핀/[M102166]메실산암로디핀일수화물/[M102534]암로디핀오로트산염/[M222875]암로디핀베실산염/[M246033]암로디핀캄실산염/[M250821]암로디핀아디핀산염/[M250983]암로디핀말레산염/[M251079]암로디핀니코틴산염/[M254832]암로디핀메실산염일수화물/[M257408]암로디핀아디프산염/[M086307]로자탄칼륨/[M201944]포타슘로사탄/[M248335]로자탄칼륨/[M249673]로사르탄칼륨/[M255575]로사르탄칼륨(로자탄으로서 45.8mg)/[M257973]로사르탄칼슘/[M259810]로자르탄칼륨/[M260076]로사르탄칼륨(로사르탄으로서45.8mg)","[02190]기타의 순환계용약","단일",D000334,Cyclosporine,"사이클로스포린","","[A005971]시클로스포린/[M040068]마이크로에멀젼용시클로스포린/[M085282]사이클로스포린/[M085565]시클로스포린","[01420]자격요법제(비특이성면역억제제를 포함)",20231220,"근육통, 근육약화, 근염, 때때로 횡문근 변성을 포함한 근육독성 촉진 가능","","정상"
"병용금기","복합",D000219,Rosuvastatin,"로수바스타틴","[D000152]Amlodipine (암로디핀)/[D000220]Losartan(로사르탄)","[M095744]로수바스타틴칼슘/[M258559]로수바스타틴칼슘염/[M270546]로수바스타틴칼슘(미분화)/[M083437]베실산암로디핀/[M100608]말레인산암로디핀/[M100610]캄실산암로디핀/[M101934]암로디핀/[M102166]메실산암로디핀일수화물/[M102534]암로디핀오로트산염/[M222875]암로디핀베실산염/[M246033]암로디핀캄실산염/[M250821]암로디핀아디핀산염/[M250983]암로디핀말레산염/[M251079]암로디핀니코틴산염/[M254832]암로디핀메실산염일수화물/[M257408]암로디핀아디프산염/[M086307]로자탄칼륨/[M201944]포타슘로사탄/[M248335]로자탄칼륨/[M249673]로사르탄칼륨/[M255575]로사르탄칼륨(로자탄으로서 45.8mg)/[M257973]로사르탄칼슘/[M259810]로자르탄칼륨/[M260076]로사르탄칼륨(로사르탄으로서45.8mg)","[02190]기타의 순환계용약","단일",D000619,"Fusidic Acid","푸시딘산","","[M020165]푸시딘산나트륨/[M020229]푸시딘산","[06110]주로 그람양성균에 작용하는 것",20231220,"횡문근융해증을 포함한 근육 관련 이상반응 보고","","정상"
"병용금기","복합",D000219,Rosuvastatin,"로수바스타틴","[D000152]Amlodipine (암로디핀)/[D000220]Losartan(로사르탄)","[M095744]로수바스타틴칼슘/[M258559]로수바스타틴칼슘염/[M270546]로수바스타틴칼슘(미분화)/[M083437]베실산암로디핀/[M100608]말레인산암로디핀/[M100610]캄실산암로디핀/[M101934]암로디핀/[M102166]메실산암로디핀일수화물/[M102534]암로디핀오로트산염/[M222875]암로디핀베실산염/[M246033]암로디핀캄실산염/[M250821]암로디핀아디핀산염/[M250983]암로디핀말레산염/[M251079]암로디핀니코틴산염/[M254832]암로디핀메실산염일수화물/[M257408]암로디핀아디프산염/[M086307]로자탄칼륨/[M201944]포타슘로사탄/[M248335]로자탄칼륨/[M249673]로사르탄칼륨/[M255575]로사르탄칼륨(로자탄으로서 45.8mg)/[M257973]로사르탄칼슘/[M259810]로자르탄칼륨/[M260076]로사르탄칼륨(로사르탄으로서45.8mg)","[02190]기타의 순환계용약","복합",D001072,Ledipasvir,"레디파스비르","[D001071]Sofosbuvir(소포스부비르)","[I012702]레디파스비르/[M262910]레디파스비르/[I012701]소포스부비르
/[M260784]소포스부비어/[M262752]소포스부비르","[06290]기타의 화학요법제",20231220,"횡문근융해증을 포함한 근육병증 위험 증가 가능","","정상"
"병용금기","복합",D000027,Simvastatin,"심바스타틴","[D000350]Ezetimibe(에제티미브)","[M089710]심바스타틴/[M097492]에제티미브","[02180]동맥경화용제","복합",D000673,Cobicistat,"코비시스타트","[D000561]Elvitegravir(엘비테그라비르)/[D000665]Emtricitabine(엠트리시타빈)/[D000281]Tenofovir(테노포비르)","[M256270]코비시스타트이산화규소/[A005561]엘비테그라비르/[M250026]엠트리시타빈/[A001163]테노포비르","[06290]기타의 화학요법제",20231220,"횡문근융해를 포함한 근육병증 위험 가능","","정상"
"병용금기","복합",D000027,Simvastatin,"심바스타틴","[D000350]Ezetimibe(에제티미브)","[M089710]심바스타틴/[M097492]에제티미브","[02180]동맥경화용제","복합",D001650,Nirmatrelvir,"니르마트렐비르","[D000712]Ritonavir(리토나비르)","[M281904]니르마트렐비르/[M259362]리토나비르","[06290]기타의 화학요법제",20231220,"- 횡문근융해증을 포함하는 근육병증의 잠재적인 가능성","","정상"
"병용금기","단일",D001723,"isosorbide dinitrate","이소소르비드이질산염","","[M115499]이소소르비드질산염·염화나트륨/[M116023]이소소르비드질산염 지속과립/[M250379]묽은이소소르비드이질산염/[M250785]이소소르비드질산염 제피과립/[M256313]이소소르비드이질산염","[02170]혈관확장제","단일",D000246,Sildenafil,"실데나필","","[M089346]구연산실데나필/[M252789]실데나필시트르산염/[M253237]실데나필","[02140]혈압강하제/[02590]기타의 비뇨생식기관 및 항문용약",20140109,"혈관확장작용 증가로 저혈압 효과 상승","","정상"
"병용금기","단일",D000181,Tadalafil,"타다라필","","[M095435]타다라필","[02590]기타의 비뇨생식기관 및 항문용약","단일",D001723,"isosorbide dinitrate","이소소르비드이질산염","","[M115499]이소소르비드질산염·염화나트륨/[M116023]이소소르비드질산염 지속과립/[M250379]묽은이소소르비드이질산염/[M250785]이소소르비드질산염 제피과립/[M256313]이소소르비드이질산염","[02170]혈관확장제",20140109,"혈압강하작용 증가","","정상"
"병용금기","복합",D000219,Rosuvastatin,"로수바스타틴","[D000152]Amlodipine (암로디핀)/[D000350]Ezetimibe(에제티미브)/[D000220]Losartan(로사르탄)","[M095744]로수바스타틴칼슘/[M258559]로수바스타틴칼슘염/[M270546]로수바스타틴칼슘(미분화)/[M083437]베실산암로디핀/[M100608]말레인산암로디핀/[M100610]캄실산암로디핀/[M101934]암로디핀/[M102166]메실산암로디핀일수화물/[M102534]암로디핀오로트산염/[M222875]암로디핀베실산염/[M246033]암로디핀캄실산염/[M250821]암로디핀아디핀산염/[M250983]암로디핀말레산염/[M251079]암로디핀니코틴산염/[M254832]암로디핀메실산염일수화물/[M257408]암로디핀아디프산염/[M097492]에제티미브/[M086307]로자탄칼륨/[M201944]포타슘로사탄/[M248335]로자탄칼륨/[M249673]로사르탄칼륨/[M255575]로사르탄칼륨(로자탄으로서 45.8mg)/[M257973]로사르탄칼슘/[M259810]로자르탄칼륨/[M260076]로사르탄칼륨(로사르탄으로서45.8mg)","[02190]기타의 순환계용약","단일",D000334,Cyclosporine,"사이클로스포린","","[A005971]시클로스포린/[M040068]마이크로에멀젼용시클로스포린/[M085282]사이클로스포린/[M085565]시클로스포린","[01420]자격요법제(비특이성면역억제제를 포함)",20231220,"근육통, 근육약화, 근염, 때때로 횡문근 변성을 포함한 근육독성 촉진 가능","","정상"
"병용금기","복합",D000219,Rosuvastatin,"로수바스타틴","[D000152]Amlodipine (암로디핀)/[D000350]Ezetimibe(에제티미브)/[D000220]Losartan(로사르탄)","[M095744]로수바스타틴칼슘/[M258559]로수바스타틴칼슘염/[M270546]로수바스타틴칼슘(미분화)/[M083437]베실산암로디핀/[M100608]말레인산암로디핀/[M100610]캄실산암로디핀/[M101934]암로디핀/[M102166]메실산암로디핀일수화물/[M102534]암로디핀오로트산염/[M222875]암로디핀베실산염/[M246033]암로디핀캄실산염/[M250821]암로디핀아디핀산염/[M250983]암로디핀말레산염/[M251079]암로디핀니코틴산염/[M254832]암로디핀메실산염일수화물/[M257408]암로디핀아디프산염/[M097492]에제티미브/[M086307]로자탄칼륨/[M201944]포타슘로사탄/[M248335]로자탄칼륨/[M249673]로사르탄칼륨/[M255575]로사르탄칼륨(로자탄으로서 45.8mg)/[M257973]로사르탄칼슘/[M259810]로자르탄칼륨/[M260076]로사르탄칼륨(로사르탄으로서45.8mg)","[02190]기타의 순환계용약","단일",D000619,"Fusidic Acid","푸시딘산","","[M020165]푸시딘산나트륨/[M020229]푸시딘산","[06110]주로 그람양성균에 작용하는 것",20231220,"횡문근융해증을 포함한 근육 관련 이상반응 보고","","정상"
"병용금기","복합",D000219,Rosuvastatin,"로수바스타틴","[D000152]Amlodipine (암로디핀)/[D000350]Ezetimibe(에제티미브)/[D000220]Losartan(로사르탄)","[M095744]로수바스타틴칼슘/[M258559]로수바스타틴칼슘염/[M270546]로수바스타틴칼슘(미분화)/[M083437]베실산암로디핀/[M100608]말레인산암로디핀/[M100610]캄실산암로디핀/[M101934]암로디핀/[M102166]메실산암로디핀일수화물/[M102534]암로디핀오로트산염/[M222875]암로디핀베실산염/[M246033]암로디핀캄실산염/[M250821]암로디핀아디핀산염/[M250983]암로디핀말레산염/[M251079]암로디핀니코틴산염/[M254832]암로디핀메실산염일수화물/[M257408]암로디핀아디프산염/[M097492]에제티미브/[M086307]로자탄칼륨/[M201944]포타슘로사탄/[M248335]로자탄칼륨/[M249673]로사르탄칼륨/[M255575]로사르탄칼륨(로자탄으로서 45.8mg)/[M257973]로사르탄칼슘/[M259810]로자르탄칼륨/[M260076]로사르탄칼륨(로사르탄으로서45.8mg)","[02190]기타의 순환계용약","복합",D001072,Ledipasvir,"레디파스비르","[D001071]Sofosbuvir(소포스부비르)","[I012702]레디파스비르/[M262910]레디파스비르/[I012701]소포스부비르
/[M260784]소포스부비어/[M262752]소포스부비르","[06290]기타의 화학요법제",20231220,"횡문근융해증을 포함한 근육병증 위험 증가 가능","","정상"
"병용금기","복합",D000219,Rosuvastatin,"로수바스타틴","[D000152]Amlodipine (암로디핀)/[D000350]Ezetimibe(에제티미브)/[D000485]Telmisartan(텔미사르탄)","[M095744]로수바스타틴칼슘/[M258559]로수바스타틴칼슘염/[M270546]로수바스타틴칼슘(미분화)/[M083437]베실산암로디핀/[M100608]말레인산암로디핀/[M100610]캄실산암로디핀/[M101934]암로디핀/[M102166]메실산암로디핀일수화물/[M102534]암로디핀오로트산염/[M222875]암로디핀베실산염/[M246033]암로디핀캄실산염/[M250821]암로디핀아디핀산염/[M250983]암로디핀말레산염/[M251079]암로디핀니코틴산염/[M254832]암로디핀메실산염일수화물/[M257408]암로디핀아디프산염/[M097492]에제티미브/[M090395]텔미사르탄/[M264500]텔미사르탄파우더(23.9%)","[02190]기타의 순환계용약","단일",D000334,Cyclosporine,"사이클로스포린","","[A005971]시클로스포린/[M040068]마이크로에멀젼용시클로스포린/[M085282]사이클로스포린/[M085565]시클로스포린","[01420]자격요법제(비특이성면역억제제를 포함)",20231220,"근육통, 근육약화, 근염, 때때로 횡문근 변성을 포함한 근육독성 촉진 가능","","정상"
"병용금기","단일",D000569,Udenafil,"유데나필","","[M102602]유데나필","[02590]기타의 비뇨생식기관 및 항문용약","단일",D001723,"isosorbide dinitrate","이소소르비드이질산염","","[M115499]이소소르비드질산염·염화나트륨/[M116023]이소소르비드질산염 지속과립/[M250379]묽은이소소르비드이질산염/[M250785]이소소르비드질산염 제피과립/[M256313]이소소르비드이질산염","[02170]혈관확장제",20140109,"혈압강하작용 증가","","정상"
"병용금기","단일",D000434,Vardenafil,"바데나필","","[M252262]바데나필염산염(미분화)","[02590]기타의 비뇨생식기관 및 항문용약","단일",D001723,"isosorbide dinitrate","이소소르비드이질산염","","[M115499]이소소르비드질산염·염화나트륨/[M116023]이소소르비드질산염 지속과립/[M250379]묽은이소소르비드이질산염/[M250785]이소소르비드질산염 제피과립/[M256313]이소소르비드이질산염","[02170]혈관확장제",20140109,"혈압강하작용 증가","","정상"
"병용금기","단일",D000128,Mirodenafil,"미로데나필","","[M214384]염산미로데나필/[M253534]미로데나필","[02590]기타의 비뇨생식기관 및 항문용약","단일",D001723,"isosorbide dinitrate","이소소르비드이질산염","","[M115499]이소소르비드질산염·염화나트륨/[M116023]이소소르비드질산염 지속과립/[M250379]묽은이소소르비드이질산염/[M250785]이소소르비드질산염 제피과립/[M256313]이소소르비드이질산염","[02170]혈관확장제",20140109,"혈압강하작용 증가","","정상"
"병용금기","단일",D000737,Avanafil,"아바나필","","[M252563]아바나필","[02590]기타의 비뇨생식기관 및 항문용약","단일",D001723,"isosorbide dinitrate","이소소르비드이질산염","","[M115499]이소소르비드질산염·염화나트륨/[M116023]이소소르비드질산염 지속과립/[M250379]묽은이소소르비드이질산염/[M250785]이소소르비드질산염 제피과립/[M256313]이소소르비드이질산염","[02170]혈관확장제",20140109,"혈압강하작용 증가","","정상"
"병용금기","복합",D000219,Rosuvastatin,"로수바스타틴","[D000152]Amlodipine (암로디핀)/[D000350]Ezetimibe(에제티미브)/[D000485]Telmisartan(텔미사르탄)","[M095744]로수바스타틴칼슘/[M258559]로수바스타틴칼슘염/[M270546]로수바스타틴칼슘(미분화)/[M083437]베실산암로디핀/[M100608]말레인산암로디핀/[M100610]캄실산암로디핀/[M101934]암로디핀/[M102166]메실산암로디핀일수화물/[M102534]암로디핀오로트산염/[M222875]암로디핀베실산염/[M246033]암로디핀캄실산염/[M250821]암로디핀아디핀산염/[M250983]암로디핀말레산염/[M251079]암로디핀니코틴산염/[M254832]암로디핀메실산염일수화물/[M257408]암로디핀아디프산염/[M097492]에제티미브/[M090395]텔미사르탄/[M264500]텔미사르탄파우더(23.9%)","[02190]기타의 순환계용약","단일",D000619,"Fusidic Acid","푸시딘산","","[M020165]푸시딘산나트륨/[M020229]푸시딘산","[06110]주로 그람양성균에 작용하는 것",20231220,"횡문근융해증을 포함한 근육 관련 이상반응 보고","","정상"
"병용금기","복합",D000219,Rosuvastatin,"로수바스타틴","[D000152]Amlodipine (암로디핀)/[D000350]Ezetimibe(에제티미브)/[D000485]Telmisartan(텔미사르탄)","[M095744]로수바스타틴칼슘/[M258559]로수바스타틴칼슘염/[M270546]로수바스타틴칼슘(미분화)/[M083437]베실산암로디핀/[M100608]말레인산암로디핀/[M100610]캄실산암로디핀/[M101934]암로디핀/[M102166]메실산암로디핀일수화물/[M102534]암로디핀오로트산염/[M222875]암로디핀베실산염/[M246033]암로디핀캄실산염/[M250821]암로디핀아디핀산염/[M250983]암로디핀말레산염/[M251079]암로디핀니코틴산염/[M254832]암로디핀메실산염일수화물/[M257408]암로디핀아디프산염/[M097492]에제티미브/[M090395]텔미사르탄/[M264500]텔미사르탄파우더(23.9%)","[02190]기타의 순환계용약","복합",D001072,Ledipasvir,"레디파스비르","[D001071]Sofosbuvir(소포스부비르)","[I012702]레디파스비르/[M262910]레디파스비르/[I012701]소포스부비르
/[M260784]소포스부비어/[M262752]소포스부비르","[06290]기타의 화학요법제",20231220,"횡문근융해증을 포함한 근육병증 위험 증가 가능","","정상"
"병용금기","복합",D000027,Simvastatin,"심바스타틴","[D000152]Amlodipine (암로디핀)","[M089710]심바스타틴/[M083437]베실산암로디핀/[M100608]말레인산암로디핀/[M100610]캄실산암로디핀/[M101934]암로디핀/[M102166]메실산암로디핀일수화물/[M102534]암로디핀오로트산염/[M222875]암로디핀베실산염/[M246033]암로디핀캄실산염/[M250821]암로디핀아디핀산염/[M250983]암로디핀말레산염/[M251079]암로디핀니코틴산염/[M254832]암로디핀메실산염일수화물/[M257408]암로디핀아디프산염","[02190]기타의 순환계용약","단일",D000334,Cyclosporine,"사이클로스포린","","[A005971]시클로스포린/[M040068]마이크로에멀젼용시클로스포린/[M085282]사이클로스포린/[M085565]시클로스포린","[01420]자격요법제(비특이성면역억제제를 포함)",20231220,"근병증, 횡문근융해 위험성 증가 가능","","정상"
"병용금기","복합",D000027,Simvastatin,"심바스타틴","[D000152]Amlodipine (암로디핀)","[M089710]심바스타틴/[M083437]베실산암로디핀/[M100608]말레인산암로디핀/[M100610]캄실산암로디핀/[M101934]암로디핀/[M102166]메실산암로디핀일수화물/[M102534]암로디핀오로트산염/[M222875]암로디핀베실산염/[M246033]암로디핀캄실산염/[M250821]암로디핀아디핀산염/[M250983]암로디핀말레산염/[M251079]암로디핀니코틴산염/[M254832]암로디핀메실산염일수화물/[M257408]암로디핀아디프산염","[02190]기타의 순환계용약","단일",D000619,"Fusidic Acid","푸시딘산","","[M020165]푸시딘산나트륨/[M020229]푸시딘산","[06110]주로 그람양성균에 작용하는 것",20231220,"근병증의 위험 증가 가능","","정상"
"병용금기","복합",D000027,Simvastatin,"심바스타틴","[D000152]Amlodipine (암로디핀)","[M089710]심바스타틴/[M083437]베실산암로디핀/[M100608]말레인산암로디핀/[M100610]캄실산암로디핀/[M101934]암로디핀/[M102166]메실산암로디핀일수화물/[M102534]암로디핀오로트산염/[M222875]암로디핀베실산염/[M246033]암로디핀캄실산염/[M250821]암로디핀아디핀산염/[M250983]암로디핀말레산염/[M251079]암로디핀니코틴산염/[M254832]암로디핀메실산염일수화물/[M257408]암로디핀아디프산염","[02190]기타의 순환계용약","단일",D000762,Itraconazole,"이트라코나졸","","[M083733]이트라코나졸제피과립/[M083734]이트라코나졸/[M092870]이트라코나졸고체분산체/[M201487]이트라코나졸고체분산/[M201624]제피이트라코나졸과립","[06290]기타의 화학요법제",20231220,"근병증의 위험 증가 가능","","정상"
"병용금기","단일",D001724,Valbenazine,"발베나진","","[A110656]발베나진","[01190]기타의 중추신경용약","단일",D001725,Deutetrabenazine,"듀테트라베나진","","[A110580]듀테트라베나진","[01190]기타의 중추신경용약",20230705,"두 약제는 동일 계열","","정상"
"병용금기","단일",D000695,Dexlansoprazole,"덱스란소프라졸","","[M255434]덱스란소프라졸","[02320]소화성궤양용제","복합",D000150,Atazanavir,"아타자나비르","[D000673]Cobicistat(코비시스타트)","[M249264]아타자나비어황산염/[M263079]아타자나비르황산염/[M256270]코비시스타트이산화규소","[06290]기타의 화학요법제",20230705,"아타자나비르의 혈중농도 감소","","정상"
"병용금기","단일",D000153,Esomeprazole,"에스오메프라졸","","[M092321]에스오메프라졸마그네슘삼수화물/[M100498]에스오메프라졸나트륨/[M221042]에스오메프라졸스트론튬사수화물/[M242227]에스오메프라졸마그네슘이수화물/[M249554]에스오메프라졸/[M259375]에스오메프라졸마그네슘이수화물/[M262063]에스오메프라졸마그네슘과립","[02320]소화성궤양용제","복합",D000150,Atazanavir,"아타자나비르","[D000673]Cobicistat(코비시스타트)","[M249264]아타자나비어황산염/[M263079]아타자나비르황산염/[M256270]코비시스타트이산화규소","[06290]기타의 화학요법제",20230705,"아타자나비르의 혈중농도 감소","","정상"
"병용금기","복합",D000153,Esomeprazole,"에스오메프라졸","[D000195]Naproxen(나프록센)","[M092321]에스오메프라졸마그네슘삼수화물/[M100498]에스오메프라졸나트륨/[M221042]에스오메프라졸스트론튬사수화물/[M242227]에스오메프라졸마그네슘이수화물/[M249554]에스오메프라졸/[M259375]에스오메프라졸마그네슘이수화물/[M262063]에스오메프라졸마그네슘과립/[M050116]나프록센","[01140]해열.진통.소염제","단일",D000150,Atazanavir,"아타자나비르","","[M249264]아타자나비어황산염/[M263079]아타자나비르황산염","[06290]기타의 화학요법제",20230705,"아타자나비르의 혈중농도 감소","","정상"
"병용금기","복합",D000027,Simvastatin,"심바스타틴","[D000152]Amlodipine (암로디핀)","[M089710]심바스타틴/[M083437]베실산암로디핀/[M100608]말레인산암로디핀/[M100610]캄실산암로디핀/[M101934]암로디핀/[M102166]메실산암로디핀일수화물/[M102534]암로디핀오로트산염/[M222875]암로디핀베실산염/[M246033]암로디핀캄실산염/[M250821]암로디핀아디핀산염/[M250983]암로디핀말레산염/[M251079]암로디핀니코틴산염/[M254832]암로디핀메실산염일수화물/[M257408]암로디핀아디프산염","[02190]기타의 순환계용약","단일",D000769,Ketoconazole,"케토코나졸","","[M080618]케토코나졸","[02650]기생성 피부질환용제/[06290]기타의 화학요법제/[06410]항원충제",20231220,"근병증의 위험 증가 가능","","정상"
"병용금기","복합",D000027,Simvastatin,"심바스타틴","[D000152]Amlodipine (암로디핀)","[M089710]심바스타틴/[M083437]베실산암로디핀/[M100608]말레인산암로디핀/[M100610]캄실산암로디핀/[M101934]암로디핀/[M102166]메실산암로디핀일수화물/[M102534]암로디핀오로트산염/[M222875]암로디핀베실산염/[M246033]암로디핀캄실산염/[M250821]암로디핀아디핀산염/[M250983]암로디핀말레산염/[M251079]암로디핀니코틴산염/[M254832]암로디핀메실산염일수화물/[M257408]암로디핀아디프산염","[02190]기타의 순환계용약","단일",D000373,Clarithromycin,"클래리트로마이신","","[M085725]클래리스로마이신/[M087123]클래리스로마이신코팅입자/[M102127]클래리스로마이신제피과립/[M222887]클래리트로마이신/[M223198]클래리트로마이신/[M245961]클래리트로마이신제피과립/[M256483]클래리트로마이신제피과립(42%)","[06190]기타의 항생물질제제(복합항생물질제제를 포함)",20231220,"횡문근융해증 보고","","정상"
"병용금기","복합",D000027,Simvastatin,"심바스타틴","[D000152]Amlodipine (암로디핀)/[D000152]Amlodipine (암로디핀)","[M089710]심바스타틴/[M083437]베실산암로디핀/[M100608]말레인산암로디핀/[M100610]캄실산암로디핀/[M101934]암로디핀/[M102166]메실산암로디핀일수화물/[M102534]암로디핀오로트산염/[M222875]암로디핀베실산염/[M246033]암로디핀캄실산염/[M250821]암로디핀아디핀산염/[M250983]암로디핀말레산염/[M251079]암로디핀니코틴산염/[M254832]암로디핀메실산염일수화물/[M257408]암로디핀아디프산염","[02190]기타의 순환계용약","단일",D000150,Atazanavir,"아타자나비르","","[M249264]아타자나비어황산염/[M263079]아타자나비르황산염","[06290]기타의 화학요법제",20231220,"횡문근융해증을 비롯한 근육질한 위험성 증가 가능","","정상"
"병용금기","복합",D000027,Simvastatin,"심바스타틴","[D000152]Amlodipine (암로디핀)","[M089710]심바스타틴/[M083437]베실산암로디핀/[M100608]말레인산암로디핀/[M100610]캄실산암로디핀/[M101934]암로디핀/[M102166]메실산암로디핀일수화물/[M102534]암로디핀오로트산염/[M222875]암로디핀베실산염/[M246033]암로디핀캄실산염/[M250821]암로디핀아디핀산염/[M250983]암로디핀말레산염/[M251079]암로디핀니코틴산염/[M254832]암로디핀메실산염일수화물/[M257408]암로디핀아디프산염","[02190]기타의 순환계용약","단일",D000395,Darunavir,"다루나비르","","[M258751]다루나비르에탄올레이트","[06290]기타의 화학요법제",20231220,"횡문근융해를 포함한 근질환의 위험 가능","","정상"
"병용금기","복합",D000027,Simvastatin,"심바스타틴","[D000152]Amlodipine (암로디핀)","[M089710]심바스타틴/[M083437]베실산암로디핀/[M100608]말레인산암로디핀/[M100610]캄실산암로디핀/[M101934]암로디핀/[M102166]메실산암로디핀일수화물/[M102534]암로디핀오로트산염/[M222875]암로디핀베실산염/[M246033]암로디핀캄실산염/[M250821]암로디핀아디핀산염/[M250983]암로디핀말레산염/[M251079]암로디핀니코틴산염/[M254832]암로디핀메실산염일수화물/[M257408]암로디핀아디프산염","[02190]기타의 순환계용약","복합",D001362,Glecaprevir,"글레카프레비르","[D001363]Pibrentasvir(피브렌타스비르)","[A001652]글레카프레비르/[M267082]글레카프레비르/[A003331]피브렌타스비르/[M267076]피브렌타스비르","[06290]기타의 화학요법제",20231220,"근병증의 위험 증가 가능","","정상"
"병용금기","복합",D000027,Simvastatin,"심바스타틴","[D000152]Amlodipine (암로디핀)","[M089710]심바스타틴/[M083437]베실산암로디핀/[M100608]말레인산암로디핀/[M100610]캄실산암로디핀/[M101934]암로디핀/[M102166]메실산암로디핀일수화물/[M102534]암로디핀오로트산염/[M222875]암로디핀베실산염/[M246033]암로디핀캄실산염/[M250821]암로디핀아디핀산염/[M250983]암로디핀말레산염/[M251079]암로디핀니코틴산염/[M254832]암로디핀메실산염일수화물/[M257408]암로디핀아디프산염","[02190]기타의 순환계용약","복합",D000626,Lopinavir,"로피나비르","[D000712]Ritonavir(리토나비르)","[M259361]로피나비르/[M259362]리토나비르","[06290]기타의 화학요법제",20231220,"횡문근융해를 포함한 근육병증 위험 가능","","정상"
"병용금기","복합",D000153,Esomeprazole,"에스오메프라졸","[D000195]Naproxen(나프록센)","[M092321]에스오메프라졸마그네슘삼수화물/[M100498]에스오메프라졸나트륨/[M221042]에스오메프라졸스트론튬사수화물/[M242227]에스오메프라졸마그네슘이수화물/[M249554]에스오메프라졸/[M259375]에스오메프라졸마그네슘이수화물/[M262063]에스오메프라졸마그네슘과립/[M050116]나프록센","[01140]해열.진통.소염제","복합",D000150,Atazanavir,"아타자나비르","[D000673]Cobicistat(코비시스타트)","[M249264]아타자나비어황산염/[M263079]아타자나비르황산염/[M256270]코비시스타트이산화규소","[06290]기타의 화학요법제",20230705,"아타자나비르의 혈중농도 감소","","정상"
"병용금기","복합",D000153,Esomeprazole,"에스오메프라졸","[D001511]Calcium Carbonate p.p.t.(침강탄산칼슘)","[M092321]에스오메프라졸마그네슘삼수화물/[M100498]에스오메프라졸나트륨/[M221042]에스오메프라졸스트론튬사수화물/[M242227]에스오메프라졸마그네슘이수화물/[M249554]에스오메프라졸/[M259375]에스오메프라졸마그네슘이수화물/[M262063]에스오메프라졸마그네슘과립/[M040634]침강탄산칼슘/[M275023]침강탄산칼슘 과립90%","[02320]소화성궤양용제","단일",D000150,Atazanavir,"아타자나비르","","[M249264]아타자나비어황산염/[M263079]아타자나비르황산염","[06290]기타의 화학요법제",20230705,"아타자나비르의 혈중농도 감소","","정상"
"병용금기","복합",D000153,Esomeprazole,"에스오메프라졸","[D001514]Magnesium hydroxide(수산화마그네슘)","[M092321]에스오메프라졸마그네슘삼수화물/[M100498]에스오메프라졸나트륨/[M221042]에스오메프라졸스트론튬사수화물/[M242227]에스오메프라졸마그네슘이수화물/[M249554]에스오메프라졸/[M259375]에스오메프라졸마그네슘이수화물/[M262063]에스오메프라졸마그네슘과립/[A000633]수산화마그네슘/[M040306]수산화마그네슘","[02320]소화성궤양용제","단일",D000150,Atazanavir,"아타자나비르","","[M249264]아타자나비어황산염/[M263079]아타자나비르황산염","[06290]기타의 화학요법제",20230705,"아타자나비르의 혈중농도 감소","","정상"
"병용금기","복합",D000027,Simvastatin,"심바스타틴","[D000152]Amlodipine (암로디핀)","[M089710]심바스타틴/[M083437]베실산암로디핀/[M100608]말레인산암로디핀/[M100610]캄실산암로디핀/[M101934]암로디핀/[M102166]메실산암로디핀일수화물/[M102534]암로디핀오로트산염/[M222875]암로디핀베실산염/[M246033]암로디핀캄실산염/[M250821]암로디핀아디핀산염/[M250983]암로디핀말레산염/[M251079]암로디핀니코틴산염/[M254832]암로디핀메실산염일수화물/[M257408]암로디핀아디프산염","[02190]기타의 순환계용약","복합",D000673,Cobicistat,"코비시스타트","[D000150]Atazanavir(아타자나비르)","[M256270]코비시스타트이산화규소/[M249264]아타자나비어황산염/[M263079]아타자나비르황산염","[06290]기타의 화학요법제",20231220,"횡문근융해를 포함한 근육병증 위험 가능","","정상"
"병용금기","복합",D000027,Simvastatin,"심바스타틴","[D000152]Amlodipine (암로디핀)","[M089710]심바스타틴/[M083437]베실산암로디핀/[M100608]말레인산암로디핀/[M100610]캄실산암로디핀/[M101934]암로디핀/[M102166]메실산암로디핀일수화물/[M102534]암로디핀오로트산염/[M222875]암로디핀베실산염/[M246033]암로디핀캄실산염/[M250821]암로디핀아디핀산염/[M250983]암로디핀말레산염/[M251079]암로디핀니코틴산염/[M254832]암로디핀메실산염일수화물/[M257408]암로디핀아디프산염","[02190]기타의 순환계용약","복합",D000673,Cobicistat,"코비시스타트","[D000395]Darunavir(다루나비르)","[M256270]코비시스타트이산화규소/[M258751]다루나비르에탄올레이트","[06290]기타의 화학요법제",20231220,"근병증의 위험 증가 가능","","정상"
"병용금기","복합",D000027,Simvastatin,"심바스타틴","[D000152]Amlodipine (암로디핀)","[M089710]심바스타틴/[M083437]베실산암로디핀/[M100608]말레인산암로디핀/[M100610]캄실산암로디핀/[M101934]암로디핀/[M102166]메실산암로디핀일수화물/[M102534]암로디핀오로트산염/[M222875]암로디핀베실산염/[M246033]암로디핀캄실산염/[M250821]암로디핀아디핀산염/[M250983]암로디핀말레산염/[M251079]암로디핀니코틴산염/[M254832]암로디핀메실산염일수화물/[M257408]암로디핀아디프산염","[02190]기타의 순환계용약","복합",D000673,Cobicistat,"코비시스타트","[D000561]Elvitegravir(엘비테그라비르)/[D000665]Emtricitabine(엠트리시타빈)/[D000281]Tenofovir(테노포비르)","[M256270]코비시스타트이산화규소/[A005561]엘비테그라비르/[M250026]엠트리시타빈/[A001163]테노포비르","[06290]기타의 화학요법제",20231220,"횡문근융해를 포함한 근육병증 위험 가능","","정상"
"병용금기","복합",D000027,Simvastatin,"심바스타틴","[D000152]Amlodipine (암로디핀)","[M089710]심바스타틴/[M083437]베실산암로디핀/[M100608]말레인산암로디핀/[M100610]캄실산암로디핀/[M101934]암로디핀/[M102166]메실산암로디핀일수화물/[M102534]암로디핀오로트산염/[M222875]암로디핀베실산염/[M246033]암로디핀캄실산염/[M250821]암로디핀아디핀산염/[M250983]암로디핀말레산염/[M251079]암로디핀니코틴산염/[M254832]암로디핀메실산염일수화물/[M257408]암로디핀아디프산염","[02190]기타의 순환계용약","복합",D001650,Nirmatrelvir,"니르마트렐비르","[D000712]Ritonavir(리토나비르)","[M281904]니르마트렐비르/[M259362]리토나비르","[06290]기타의 화학요법제",20231220,"- 횡문근융해증을 포함하는 근육병증의 잠재적인 가능성","","정상"
"병용금기","단일",D001722,"isosorbide mononitrate","이소소르비드일질산염","","[M110620]5-이소소르비드일질산염20%/[M110733]5-이소소르비드일질산염90%/[M110745]이소소르비드-5-모노니트레이트 서방소립구/[M111493]이소소르비드-5-모노니트레이트몬탄글리콜왁스혼합물40%/[M113419]이소소르비드일질산염 지속성펠렛/[M246194]이소소르비드-5-모노니트레이트90%/[M247000]이소소르비드-5-모노니트레이트/[M256917]이소소르비드일질산염90%/[M257095]이소소르비드일질산염/[M258776]묽은이소소르비드일질산염/[M270002]이소소르비드일질산염서방과립/[M270009]이소소르비드일질산염 서방소립구","[02170]혈관확장제","단일",D000246,Sildenafil,"실데나필","","[M089346]구연산실데나필/[M252789]실데나필시트르산염/[M253237]실데나필","[02140]혈압강하제/[02590]기타의 비뇨생식기관 및 항문용약",20140109,"혈관확장작용 증가로 저혈압 효과 상승","","정상"
"병용금기","단일",D000181,Tadalafil,"타다라필","","[M095435]타다라필","[02590]기타의 비뇨생식기관 및 항문용약","단일",D001722,"isosorbide mononitrate","이소소르비드일질산염","","[M110620]5-이소소르비드일질산염20%/[M110733]5-이소소르비드일질산염90%/[M110745]이소소르비드-5-모노니트레이트 서방소립구/[M111493]이소소르비드-5-모노니트레이트몬탄글리콜왁스혼합물40%/[M113419]이소소르비드일질산염 지속성펠렛/[M246194]이소소르비드-5-모노니트레이트90%/[M247000]이소소르비드-5-모노니트레이트/[M256917]이소소르비드일질산염90%/[M257095]이소소르비드일질산염/[M258776]묽은이소소르비드일질산염/[M270002]이소소르비드일질산염서방과립/[M270009]이소소르비드일질산염 서방소립구","[02170]혈관확장제",20140109,"혈압강하작용 증가","","정상"
"병용금기","단일",D000168,Ilaprazole,"일라프라졸","","[M243753]일라프라졸/[M245218]일라프라졸","[02320]소화성궤양용제","복합",D000150,Atazanavir,"아타자나비르","[D000673]Cobicistat(코비시스타트)","[M249264]아타자나비어황산염/[M263079]아타자나비르황산염/[M256270]코비시스타트이산화규소","[06290]기타의 화학요법제",20230705,"아타자나비르의 혈중농도 감","","정상"
"병용금기","단일",D000699,Lansoprazole,"란소프라졸","","[M085578]란소프라졸/[M091244]란소프라졸과립","[02320]소화성궤양용제","복합",D000150,Atazanavir,"아타자나비르","[D000673]Cobicistat(코비시스타트)","[M249264]아타자나비어황산염/[M263079]아타자나비르황산염/[M256270]코비시스타트이산화규소","[06290]기타의 화학요법제",20230705,"아타자나비르의 혈중농도 감소","","정상"
"병용금기","복합",D000699,Lansoprazole,"란소프라졸","[D001511]Calcium Carbonate p.p.t.(침강탄산칼슘)","[M085578]란소프라졸/[M091244]란소프라졸과립/[M040634]침강탄산칼슘/[M275023]침강탄산칼슘 과립90%","[02320]소화성궤양용제","단일",D000150,Atazanavir,"아타자나비르","","[M249264]아타자나비어황산염/[M263079]아타자나비르황산염","[06290]기타의 화학요법제",20230705,"아타자나비르의 혈중농도 감소","","정상"
"병용금기","복합",D000699,Lansoprazole,"란소프라졸","[D001511]Calcium Carbonate p.p.t.(침강탄산칼슘)","[M085578]란소프라졸/[M091244]란소프라졸과립/[M040634]침강탄산칼슘/[M275023]침강탄산칼슘 과립90%","[02320]소화성궤양용제","복합",D000150,Atazanavir,"아타자나비르","[D000673]Cobicistat(코비시스타트)","[M249264]아타자나비어황산염/[M263079]아타자나비르황산염/[M256270]코비시스타트이산화규소","[06290]기타의 화학요법제",20230705,"아타자나비르의 혈중농도 감소","","정상"
"병용금기","단일",D000569,Udenafil,"유데나필","","[M102602]유데나필","[02590]기타의 비뇨생식기관 및 항문용약","단일",D001722,"isosorbide mononitrate","이소소르비드일질산염","","[M110620]5-이소소르비드일질산염20%/[M110733]5-이소소르비드일질산염90%/[M110745]이소소르비드-5-모노니트레이트 서방소립구/[M111493]이소소르비드-5-모노니트레이트몬탄글리콜왁스혼합물40%/[M113419]이소소르비드일질산염 지속성펠렛/[M246194]이소소르비드-5-모노니트레이트90%/[M247000]이소소르비드-5-모노니트레이트/[M256917]이소소르비드일질산염90%/[M257095]이소소르비드일질산염/[M258776]묽은이소소르비드일질산염/[M270002]이소소르비드일질산염서방과립/[M270009]이소소르비드일질산염 서방소립구","[02170]혈관확장제",20140109,"혈압강하작용 증가","","정상"
"병용금기","단일",D000434,Vardenafil,"바데나필","","[M252262]바데나필염산염(미분화)","[02590]기타의 비뇨생식기관 및 항문용약","단일",D001722,"isosorbide mononitrate","이소소르비드일질산염","","[M110620]5-이소소르비드일질산염20%/[M110733]5-이소소르비드일질산염90%/[M110745]이소소르비드-5-모노니트레이트 서방소립구/[M111493]이소소르비드-5-모노니트레이트몬탄글리콜왁스혼합물40%/[M113419]이소소르비드일질산염 지속성펠렛/[M246194]이소소르비드-5-모노니트레이트90%/[M247000]이소소르비드-5-모노니트레이트/[M256917]이소소르비드일질산염90%/[M257095]이소소르비드일질산염/[M258776]묽은이소소르비드일질산염/[M270002]이소소르비드일질산염서방과립/[M270009]이소소르비드일질산염 서방소립구","[02170]혈관확장제",20140109,"혈압강하작용 증가","","정상"
"병용금기","단일",D000128,Mirodenafil,"미로데나필","","[M214384]염산미로데나필/[M253534]미로데나필","[02590]기타의 비뇨생식기관 및 항문용약","단일",D001722,"isosorbide mononitrate","이소소르비드일질산염","","[M110620]5-이소소르비드일질산염20%/[M110733]5-이소소르비드일질산염90%/[M110745]이소소르비드-5-모노니트레이트 서방소립구/[M111493]이소소르비드-5-모노니트레이트몬탄글리콜왁스혼합물40%/[M113419]이소소르비드일질산염 지속성펠렛/[M246194]이소소르비드-5-모노니트레이트90%/[M247000]이소소르비드-5-모노니트레이트/[M256917]이소소르비드일질산염90%/[M257095]이소소르비드일질산염/[M258776]묽은이소소르비드일질산염/[M270002]이소소르비드일질산염서방과립/[M270009]이소소르비드일질산염 서방소립구","[02170]혈관확장제",20140109,"혈압강하작용 증가","","정상"
"병용금기","단일",D000737,Avanafil,"아바나필","","[M252563]아바나필","[02590]기타의 비뇨생식기관 및 항문용약","단일",D001722,"isosorbide mononitrate","이소소르비드일질산염","","[M110620]5-이소소르비드일질산염20%/[M110733]5-이소소르비드일질산염90%/[M110745]이소소르비드-5-모노니트레이트 서방소립구/[M111493]이소소르비드-5-모노니트레이트몬탄글리콜왁스혼합물40%/[M113419]이소소르비드일질산염 지속성펠렛/[M246194]이소소르비드-5-모노니트레이트90%/[M247000]이소소르비드-5-모노니트레이트/[M256917]이소소르비드일질산염90%/[M257095]이소소르비드일질산염/[M258776]묽은이소소르비드일질산염/[M270002]이소소르비드일질산염서방과립/[M270009]이소소르비드일질산염 서방소립구","[02170]혈관확장제",20140109,"혈압강하작용 증가","","정상"
"병용금기","복합",D000153,Esomeprazole,"에스오메프라졸","[D001511]Calcium Carbonate p.p.t.(침강탄산칼슘)","[M092321]에스오메프라졸마그네슘삼수화물/[M100498]에스오메프라졸나트륨/[M221042]에스오메프라졸스트론튬사수화물/[M242227]에스오메프라졸마그네슘이수화물/[M249554]에스오메프라졸/[M259375]에스오메프라졸마그네슘이수화물/[M262063]에스오메프라졸마그네슘과립/[M040634]침강탄산칼슘/[M275023]침강탄산칼슘 과립90%","[02320]소화성궤양용제","복합",D000150,Atazanavir,"아타자나비르","[D000673]Cobicistat(코비시스타트)","[M249264]아타자나비어황산염/[M263079]아타자나비르황산염/[M256270]코비시스타트이산화규소","[06290]기타의 화학요법제",20230705,"아타자나비르의 혈중농도 감소","","정상"
"병용금기","복합",D000153,Esomeprazole,"에스오메프라졸","[D001511]Calcium Carbonate p.p.t.(침강탄산칼슘)","[M092321]에스오메프라졸마그네슘삼수화물/[M100498]에스오메프라졸나트륨/[M221042]에스오메프라졸스트론튬사수화물/[M242227]에스오메프라졸마그네슘이수화물/[M249554]에스오메프라졸/[M259375]에스오메프라졸마그네슘이수화물/[M262063]에스오메프라졸마그네슘과립/[M040634]침강탄산칼슘/[M275023]침강탄산칼슘 과립90%","[02320]소화성궤양용제","단일",D000225,Rilpivirine,"릴피비린","","[A005225]릴피비린/[M253921]릴피비린염산염","[06290]기타의 화학요법제",20230705,"위장 pH의 증가로 릴피비린의 흡수가 저하되어 릴피비린의 치료효과 감소","","정상"
"병용금기","복합",D000699,Lansoprazole,"란소프라졸","[D001511]Calcium Carbonate p.p.t.(침강탄산칼슘)","[M085578]란소프라졸/[M091244]란소프라졸과립/[M040634]침강탄산칼슘/[M275023]침강탄산칼슘 과립90%","[02320]소화성궤양용제","단일",D000225,Rilpivirine,"릴피비린","","[A005225]릴피비린/[M253921]릴피비린염산염","[06290]기타의 화학요법제",20230705,"위장 pH의 증가로 릴피비린의 흡수가 저하되어 릴피비린의 치료효과 감","경구용","정상"
"병용금기","단일",D000469,Omeprazole,"오메프라졸","","[M083697]오메프라졸장용성과립/[M083698]오메프라졸/[M089720]오메프라졸나트륨/[M201348]오메프라졸장용과립","[02320]소화성궤양용제","복합",D000150,Atazanavir,"아타자나비르","[D000673]Cobicistat(코비시스타트)","[M249264]아타자나비어황산염/[M263079]아타자나비르황산염/[M256270]코비시스타트이산화규소","[06290]기타의 화학요법제",20230705,"아타자나비르의 혈중농도 감소","","정상"
"병용금기","단일",D000386,Pantoprazole,"판토프라졸","","[A005386]판토프라졸","[02320]소화성궤양용제","복합",D000150,Atazanavir,"아타자나비르","[D000673]Cobicistat(코비시스타트)","[M249264]아타자나비어황산염/[M263079]아타자나비르황산염/[M256270]코비시스타트이산화규소","[06290]기타의 화학요법제",20230705,"아타자나비르의 혈중농도 감소","","정상"
"병용금기","단일",D000204,Rabeprazole,"라베프라졸","","[M089852]라베프라졸나트륨","[02320]소화성궤양용제","복합",D000150,Atazanavir,"아타자나비르","[D000673]Cobicistat(코비시스타트)","[M249264]아타자나비어황산염/[M263079]아타자나비르황산염/[M256270]코비시스타트이산화규소","[06290]기타의 화학요법제",20230705,"아타자나비르의 혈중농도 감소","","정상"
"병용금기","복합",D000153,Esomeprazole,"에스오메프라졸","[D001148]sodium bicarbonate(탄산수소나트륨)","[M092321]에스오메프라졸마그네슘삼수화물/[M100498]에스오메프라졸나트륨/[M221042]에스오메프라졸스트론튬사수화물/[M242227]에스오메프라졸마그네슘이수화물/[M249554]에스오메프라졸/[M259375]에스오메프라졸마그네슘이수화물/[M262063]에스오메프라졸마그네슘과립/[C040631]탄산수소나트륨/[C096332]탄산수소나트륨수용액/[I003757]탄산수소나트륨/[M040631]탄산수소나트륨/[M091817]중탄산수소나트륨/[M096332]탄산수소나트륨수용액/[M104138]포화탄산수소나트륨/[M104658]5%탄산수소나트륨/[M206247]무균탄산수소나트륨/[M206711]탄산수소나트륨(중조)/[M207094]탄산수소나트륨/[M215774]5%탄산수소나트륨수용액/[M230823]탄산수소나트륨액/[M250011]탄산수소나트륨주사액/[M253779]탄산수소나트륨(제3법)","[02320]소화성궤양용제","단일",D000150,Atazanavir,"아타자나비르","","[M249264]아타자나비어황산염/[M263079]아타자나비르황산염","[06290]기타의 화학요법제",20230705,"아타자나비르의 혈중농도 감소","","삭제"
"병용금기","복합",D000153,Esomeprazole,"에스오메프라졸","[D001148]sodium bicarbonate(탄산수소나트륨)","[M092321]에스오메프라졸마그네슘삼수화물/[M100498]에스오메프라졸나트륨/[M221042]에스오메프라졸스트론튬사수화물/[M242227]에스오메프라졸마그네슘이수화물/[M249554]에스오메프라졸/[M259375]에스오메프라졸마그네슘이수화물/[M262063]에스오메프라졸마그네슘과립/[C040631]탄산수소나트륨/[C096332]탄산수소나트륨수용액/[I003757]탄산수소나트륨/[M040631]탄산수소나트륨/[M091817]중탄산수소나트륨/[M096332]탄산수소나트륨수용액/[M104138]포화탄산수소나트륨/[M104658]5%탄산수소나트륨/[M206247]무균탄산수소나트륨/[M206711]탄산수소나트륨(중조)/[M207094]탄산수소나트륨/[M215774]5%탄산수소나트륨수용액/[M230823]탄산수소나트륨액/[M250011]탄산수소나트륨주사액/[M253779]탄산수소나트륨(제3법)","[02320]소화성궤양용제","단일",D000150,Atazanavir,"아타자나비르","","[M249264]아타자나비어황산염/[M263079]아타자나비르황산염","[06290]기타의 화학요법제",20230705,"아타자나비르의 혈중농도 감소","","정상"
"병용금기","복합",D000153,Esomeprazole,"에스오메프라졸","[D001148]sodium bicarbonate(탄산수소나트륨)","[M092321]에스오메프라졸마그네슘삼수화물/[M100498]에스오메프라졸나트륨/[M221042]에스오메프라졸스트론튬사수화물/[M242227]에스오메프라졸마그네슘이수화물/[M249554]에스오메프라졸/[M259375]에스오메프라졸마그네슘이수화물/[M262063]에스오메프라졸마그네슘과립/[C040631]탄산수소나트륨/[C096332]탄산수소나트륨수용액/[I003757]탄산수소나트륨/[M040631]탄산수소나트륨/[M091817]중탄산수소나트륨/[M096332]탄산수소나트륨수용액/[M104138]포화탄산수소나트륨/[M104658]5%탄산수소나트륨/[M206247]무균탄산수소나트륨/[M206711]탄산수소나트륨(중조)/[M207094]탄산수소나트륨/[M215774]5%탄산수소나트륨수용액/[M230823]탄산수소나트륨액/[M250011]탄산수소나트륨주사액/[M253779]탄산수소나트륨(제3법)","[02320]소화성궤양용제","복합",D000150,Atazanavir,"아타자나비르","[D000673]Cobicistat(코비시스타트)","[M249264]아타자나비어황산염/[M263079]아타자나비르황산염/[M256270]코비시스타트이산화규소","[06290]기타의 화학요법제",20230705,"아타자나비르의 혈중농도 감소","","정상"
"병용금기","복합",D000153,Esomeprazole,"에스오메프라졸","[D001148]sodium bicarbonate(탄산수소나트륨)","[M092321]에스오메프라졸마그네슘삼수화물/[M100498]에스오메프라졸나트륨/[M221042]에스오메프라졸스트론튬사수화물/[M242227]에스오메프라졸마그네슘이수화물/[M249554]에스오메프라졸/[M259375]에스오메프라졸마그네슘이수화물/[M262063]에스오메프라졸마그네슘과립/[C040631]탄산수소나트륨/[C096332]탄산수소나트륨수용액/[I003757]탄산수소나트륨/[M040631]탄산수소나트륨/[M091817]중탄산수소나트륨/[M096332]탄산수소나트륨수용액/[M104138]포화탄산수소나트륨/[M104658]5%탄산수소나트륨/[M206247]무균탄산수소나트륨/[M206711]탄산수소나트륨(중조)/[M207094]탄산수소나트륨/[M215774]5%탄산수소나트륨수용액/[M230823]탄산수소나트륨액/[M250011]탄산수소나트륨주사액/[M253779]탄산수소나트륨(제3법)","[02320]소화성궤양용제","단일",D000225,Rilpivirine,"릴피비린","","[A005225]릴피비린/[M253921]릴피비린염산염","[06290]기타의 화학요법제",20230705,"위장 pH의 증가로 릴피비린의 흡수가 저하되어 릴피비린의 치료효과 감소","경구","정상"
"병용금기","단일",D000751,S-Pantoprazole,"에스판토프라졸","","[M115229]S-판토프라졸나트륨삼수화물","[02320]소화성궤양용제","단일",D000150,Atazanavir,"아타자나비르","","[M249264]아타자나비어황산염/[M263079]아타자나비르황산염","[06290]기타의 화학요법제",20230705,"아타자나비르의 혈중농도 감소","","정상"
"병용금기","단일",D000751,S-Pantoprazole,"에스판토프라졸","","[M115229]S-판토프라졸나트륨삼수화물","[02320]소화성궤양용제","복합",D000150,Atazanavir,"아타자나비르","[D000673]Cobicistat(코비시스타트)","[M249264]아타자나비어황산염/[M263079]아타자나비르황산염/[M256270]코비시스타트이산화규소","[06290]기타의 화학요법제",20230705,"아타자나비르의 혈중농도 감소","","정상"
"병용금기","단일",D001743,Finerenone,"피네레논","","[A110831]피네레논","[02190]기타의 순환계용약","단일",D000373,Clarithromycin,"클래리트로마이신","","[M085725]클래리스로마이신/[M087123]클래리스로마이신코팅입자/[M102127]클래리스로마이신제피과립/[M222887]클래리트로마이신/[M223198]클래리트로마이신/[M245961]클래리트로마이신제피과립/[M256483]클래리트로마이신제피과립(42%)","[06190]기타의 항생물질제제(복합항생물질제제를 포함)",20240625,"Finerenone 혈중농도의 현저한 증가가 예상됨","","정상"
"병용금기","단일",D001743,Finerenone,"피네레논","","[A110831]피네레논","[02190]기타의 순환계용약","단일",D000762,Itraconazole,"이트라코나졸","","[M083733]이트라코나졸제피과립/[M083734]이트라코나졸/[M092870]이트라코나졸고체분산체/[M201487]이트라코나졸고체분산/[M201624]제피이트라코나졸과립","[06290]기타의 화학요법제",20240625,"Finerenone의 혈중농도 증가, 치료 효과 및 이상반응 연장이 일어날 수 있음. Itraconazole 투여 중 및 종료 후 2주 간 해당 성분 금기.","","정상"
"병용금기","단일",D001743,Finerenone,"피네레논","","[A110831]피네레논","[02190]기타의 순환계용약","단일",D000712,Ritonavir,"리토나비르","","[M259362]리토나비르","[06290]기타의 화학요법제",20240625,"Finerenone 혈중농도의 현저한 증가가 예상됨.","","정상"
"병용금기","복합",D000153,Esomeprazole,"에스오메프라졸","[D001514]Magnesium hydroxide(수산화마그네슘)","[M092321]에스오메프라졸마그네슘삼수화물/[M100498]에스오메프라졸나트륨/[M221042]에스오메프라졸스트론튬사수화물/[M242227]에스오메프라졸마그네슘이수화물/[M249554]에스오메프라졸/[M259375]에스오메프라졸마그네슘이수화물/[M262063]에스오메프라졸마그네슘과립/[A000633]수산화마그네슘/[M040306]수산화마그네슘","[02320]소화성궤양용제","복합",D000150,Atazanavir,"아타자나비르","[D000673]Cobicistat(코비시스타트)","[M249264]아타자나비어황산염/[M263079]아타자나비르황산염/[M256270]코비시스타트이산화규소","[06290]기타의 화학요법제",20230705,"아타자나비르의 혈중농도 감소","","정상"
"병용금기","복합",D000153,Esomeprazole,"에스오메프라졸","[D001514]Magnesium hydroxide(수산화마그네슘)","[M092321]에스오메프라졸마그네슘삼수화물/[M100498]에스오메프라졸나트륨/[M221042]에스오메프라졸스트론튬사수화물/[M242227]에스오메프라졸마그네슘이수화물/[M249554]에스오메프라졸/[M259375]에스오메프라졸마그네슘이수화물/[M262063]에스오메프라졸마그네슘과립/[A000633]수산화마그네슘/[M040306]수산화마그네슘","[02320]소화성궤양용제","단일",D000225,Rilpivirine,"릴피비린","","[A005225]릴피비린/[M253921]릴피비린염산염","[06290]기타의 화학요법제",20230705,"위장 pH의 증가로 릴피비린의 흡수가 저하되어 릴피비린의 치료효과 감소","","정상"
"병용금기","복합",D000469,Omeprazole,"오메프라졸","[D001148]sodium bicarbonate(탄산수소나트륨)","[M083697]오메프라졸장용성과립/[M083698]오메프라졸/[M089720]오메프라졸나트륨/[M201348]오메프라졸장용과립/[C040631]탄산수소나트륨/[C096332]탄산수소나트륨수용액/[I003757]탄산수소나트륨/[M040631]탄산수소나트륨/[M091817]중탄산수소나트륨/[M096332]탄산수소나트륨수용액/[M104138]포화탄산수소나트륨/[M104658]5%탄산수소나트륨/[M206247]무균탄산수소나트륨/[M206711]탄산수소나트륨(중조)/[M207094]탄산수소나트륨/[M215774]5%탄산수소나트륨수용액/[M230823]탄산수소나트륨액/[M250011]탄산수소나트륨주사액/[M253779]탄산수소나트륨(제3법)","[02320]소화성궤양용제","단일",D000150,Atazanavir,"아타자나비르","","[M249264]아타자나비어황산염/[M263079]아타자나비르황산염","[06290]기타의 화학요법제",20230705,"아타자나비르의 혈중농도 감소","","정상"
"병용금기","복합",D000469,Omeprazole,"오메프라졸","[D001148]sodium bicarbonate(탄산수소나트륨)","[M083697]오메프라졸장용성과립/[M083698]오메프라졸/[M089720]오메프라졸나트륨/[M201348]오메프라졸장용과립/[C040631]탄산수소나트륨/[C096332]탄산수소나트륨수용액/[I003757]탄산수소나트륨/[M040631]탄산수소나트륨/[M091817]중탄산수소나트륨/[M096332]탄산수소나트륨수용액/[M104138]포화탄산수소나트륨/[M104658]5%탄산수소나트륨/[M206247]무균탄산수소나트륨/[M206711]탄산수소나트륨(중조)/[M207094]탄산수소나트륨/[M215774]5%탄산수소나트륨수용액/[M230823]탄산수소나트륨액/[M250011]탄산수소나트륨주사액/[M253779]탄산수소나트륨(제3법)","[02320]소화성궤양용제","복합",D000150,Atazanavir,"아타자나비르","[D000673]Cobicistat(코비시스타트)","[M249264]아타자나비어황산염/[M263079]아타자나비르황산염/[M256270]코비시스타트이산화규소","[06290]기타의 화학요법제",20230705,"아타자나비르의 혈중농도 감소","","정상"
"병용금기","복합",D000204,Rabeprazole,"라베프라졸","[D001148]sodium bicarbonate(탄산수소나트륨)","[M089852]라베프라졸나트륨/[C040631]탄산수소나트륨/[C096332]탄산수소나트륨수용액/[I003757]탄산수소나트륨/[M040631]탄산수소나트륨/[M091817]중탄산수소나트륨/[M096332]탄산수소나트륨수용액/[M104138]포화탄산수소나트륨/[M104658]5%탄산수소나트륨/[M206247]무균탄산수소나트륨/[M206711]탄산수소나트륨(중조)/[M207094]탄산수소나트륨/[M215774]5%탄산수소나트륨수용액/[M230823]탄산수소나트륨액/[M250011]탄산수소나트륨주사액/[M253779]탄산수소나트륨(제3법)","[02320]소화성궤양용제","단일",D000150,Atazanavir,"아타자나비르","","[M249264]아타자나비어황산염/[M263079]아타자나비르황산염","[06290]기타의 화학요법제",20230705,"아타자나비르의 혈중농도 감소","","정상"
"병용금기","복합",D000204,Rabeprazole,"라베프라졸","[D001148]sodium bicarbonate(탄산수소나트륨)","[M089852]라베프라졸나트륨/[C040631]탄산수소나트륨/[C096332]탄산수소나트륨수용액/[I003757]탄산수소나트륨/[M040631]탄산수소나트륨/[M091817]중탄산수소나트륨/[M096332]탄산수소나트륨수용액/[M104138]포화탄산수소나트륨/[M104658]5%탄산수소나트륨/[M206247]무균탄산수소나트륨/[M206711]탄산수소나트륨(중조)/[M207094]탄산수소나트륨/[M215774]5%탄산수소나트륨수용액/[M230823]탄산수소나트륨액/[M250011]탄산수소나트륨주사액/[M253779]탄산수소나트륨(제3법)","[02320]소화성궤양용제","복합",D000150,Atazanavir,"아타자나비르","[D000673]Cobicistat(코비시스타트)","[M249264]아타자나비어황산염/[M263079]아타자나비르황산염/[M256270]코비시스타트이산화규소","[06290]기타의 화학요법제",20230705,"아타자나비르의 혈중농도 감소","","정상"
"병용금기","단일",D001743,Finerenone,"피네레논","","[A110831]피네레논","[02190]기타의 순환계용약","복합",D000673,Cobicistat,"코비시스타트","[D000150]Atazanavir(아타자나비르)","[M256270]코비시스타트이산화규소/[M249264]아타자나비어황산염/[M263079]아타자나비르황산염","[06290]기타의 화학요법제",20240625,"Finerenone 혈중농도의 현저한 증가가 예상됨.","","정상"
"병용금기","단일",D001743,Finerenone,"피네레논","","[A110831]피네레논","[02190]기타의 순환계용약","복합",D000673,Cobicistat,"코비시스타트","[D000395]Darunavir(다루나비르)","[M256270]코비시스타트이산화규소/[M258751]다루나비르에탄올레이트","[06290]기타의 화학요법제",20240625,"Finerenone 혈중농도의 현저한 증가가 예상됨.","","정상"
"병용금기","단일",D001743,Finerenone,"피네레논","","[A110831]피네레논","[02190]기타의 순환계용약","복합",D000673,Cobicistat,"코비시스타트","[D000561]Elvitegravir(엘비테그라비르)/[D000665]Emtricitabine(엠트리시타빈)/[D000281]Tenofovir(테노포비르)","[M256270]코비시스타트이산화규소/[A005561]엘비테그라비르/[M250026]엠트리시타빈/[A001163]테노포비르","[06290]기타의 화학요법제",20240625,"Finerenone 혈중농도의 현저한 증가가 예상됨.","","정상"
"병용금기","단일",D001743,Finerenone,"피네레논","","[A110831]피네레논","[02190]기타의 순환계용약","단일",D000282,Phenobarbital,"페노바르비탈","","[M040685]페노바르비탈/[M217088]페노바르비탈나트륨","[01120]최면진정제",20240625,"Finerenone 혈중농도의 현저한 감소 및 치료효과 감소가 예상됨.","","정상"
"병용금기","복합",D000204,Rabeprazole,"라베프라졸","[D001148]sodium bicarbonate(탄산수소나트륨)","[M089852]라베프라졸나트륨/[C040631]탄산수소나트륨/[C096332]탄산수소나트륨수용액/[I003757]탄산수소나트륨/[M040631]탄산수소나트륨/[M091817]중탄산수소나트륨/[M096332]탄산수소나트륨수용액/[M104138]포화탄산수소나트륨/[M104658]5%탄산수소나트륨/[M206247]무균탄산수소나트륨/[M206711]탄산수소나트륨(중조)/[M207094]탄산수소나트륨/[M215774]5%탄산수소나트륨수용액/[M230823]탄산수소나트륨액/[M250011]탄산수소나트륨주사액/[M253779]탄산수소나트륨(제3법)","[02320]소화성궤양용제","단일",D000225,Rilpivirine,"릴피비린","","[A005225]릴피비린/[M253921]릴피비린염산염","[06290]기타의 화학요법제",20230705,"위장 pH의 증가로 릴피비린의 흡수가 저하되어 릴피비린의 치료효과 감소","","정상"
"병용금기","단일",D001743,Finerenone,"피네레논","","[A110831]피네레논","[02190]기타의 순환계용약","단일",D000476,Carbamazepine,"카르바마제핀","","[M040569]카르바마제핀/[M201734]카바마제핀","[01130]항전간제",20240625,"Finerenone 혈중농도의 현저한 감소 및 치료효과 감소가 예상됨.","","정상"
"병용금기","단일",D001743,Finerenone,"피네레논","","[A110831]피네레논","[02190]기타의 순환계용약","단일",D000595,Phenytoin,"페니토인","","[M051706]페니토인/[M051707]페니토인나트륨","[01130]항전간제",20240625,"Finerenone 혈중농도의 현저한 감소 및 치료효과 감소가 예상됨.","","정상"
"병용금기","단일",D001743,Finerenone,"피네레논","","[A110831]피네레논","[02190]기타의 순환계용약","단일",D000447,"St. Johns Wort","세인트존스워트","","[M220509]세인트존스워트/[M248295]세인트존스워트80%메탄올엑스/[M255952]세인트존스워트50%에탄올엑스/[M256845]세인트존스워트틴크D2/[M258013]세인트존스워트80%메탄올건조엑스","[01190]기타의 중추신경용약",20240625,"Finerenone 혈중농도의 현저한 감소 및 치료효과 감소가 예상됨.","","정상"
"병용금기","단일",D001743,Finerenone,"피네레논","","[A110831]피네레논","[02190]기타의 순환계용약","단일",D000314,Rifampicin,"리팜피신","","[M020042]리팜피신","[06130]주로 항산성균에 작용하는 것",20240625,"Finerenone 혈중농도의 현저한 감소 및 치료효과 감소가 예상됨.","","정상"
"병용금기","복합",D001747,Fosnetupitant,"포스네투피탄트","[D001366]Palonosetron(팔로노세트론)","[A110896]포스네투피탄트염화물염산염/[A001262]팔로노세트론/[M246060]팔로노세트론염산염","[02350]최토제, 진토제","단일",D000314,Rifampicin,"리팜피신","","[M020042]리팜피신","[06130]주로 항산성균에 작용하는 것",20240625,"Fosnetupitant의 혈중농도가 감소하여 약효가 감소할 수 있음.","","정상"
"병용금기","단일",D001700,Fedratinib,"페드라티닙","","[M282491]페드라티닙염산염수화물(미분화)","[04210]항악성종양제","단일",D000595,Phenytoin,"페니토인","","[M051706]페니토인/[M051707]페니토인나트륨","[01130]항전간제",20240625,"Fedratinib의 혈중농도를 감소시킬 수 있음.","","정상"
"병용금기","단일",D001700,Fedratinib,"페드라티닙","","[M282491]페드라티닙염산염수화물(미분화)","[04210]항악성종양제","단일",D000314,Rifampicin,"리팜피신","","[M020042]리팜피신","[06130]주로 항산성균에 작용하는 것",20240625,"Fedratinib의 혈중농도를 감소시킬 수 있음.","","정상"
"병용금기","단일",D001697,Lorlatinib,"롤라티닙","","[M281233]롤라티닙","[04210]항악성종양제","단일",D000476,Carbamazepine,"카르바마제핀","","[M040569]카르바마제핀/[M201734]카바마제핀","[01130]항전간제",20240625,"Lorlatinib의 혈중농도를 감소시킬 수 있음.","","정상"
"병용금기","단일",D001697,Lorlatinib,"롤라티닙","","[M281233]롤라티닙","[04210]항악성종양제","단일",D000595,Phenytoin,"페니토인","","[M051706]페니토인/[M051707]페니토인나트륨","[01130]항전간제",20240625,"Lorlatinib의 혈중농도를 감소시킬 수 있음.","","정상"
"병용금기","단일",D001697,Lorlatinib,"롤라티닙","","[M281233]롤라티닙","[04210]항악성종양제","단일",D000447,"St. Johns Wort","세인트존스워트","","[M220509]세인트존스워트/[M248295]세인트존스워트80%메탄올엑스/[M255952]세인트존스워트50%에탄올엑스/[M256845]세인트존스워트틴크D2/[M258013]세인트존스워트80%메탄올건조엑스","[01190]기타의 중추신경용약",20240625,"Lorlatinib의 혈중농도를 감소시킬 수 있음.","","정상"
"병용금기","단일",D001697,Lorlatinib,"롤라티닙","","[M281233]롤라티닙","[04210]항악성종양제","단일",D001079,Enzalutamide,"엔잘루타마이드","","[M257255]엔잘루타마이드","[04210]항악성종양제",20240625,"Lorlatinib의 혈중농도를 감소시킬 수 있음.","","정상"
"병용금기","단일",D001697,Lorlatinib,"롤라티닙","","[M281233]롤라티닙","[04210]항악성종양제","단일",D000953,Mitotane,"미토테인","","[M095400]미토테인/[M200618]미토탄","[04210]항악성종양제",20240625,"Lorlatinib의 혈중농도를 감소시킬 수 있음.","","정상"
"병용금기","단일",D001697,Lorlatinib,"롤라티닙","","[M281233]롤라티닙","[04210]항악성종양제","단일",D000314,Rifampicin,"리팜피신","","[M020042]리팜피신","[06130]주로 항산성균에 작용하는 것",20240625,"-Lorlatinib의 혈중농도를 감소시킬 수 있음. -총 빌리루빈과 알칼리인산분해효소의 증가 없이 AST와 ALT 의 증가와 연관 있음.","","정상"
"병용금기","단일",D001697,Lorlatinib,"롤라티닙","","[M281233]롤라티닙","[04210]항악성종양제","단일",D000213,Pimozide,"피모짓","","[M071691]피모짓","[01170]정신신경용제",20240625,"Pimozide의 혈중농도가 감소될 수 있음.","","정상"
"병용금기","단일",D001697,Lorlatinib,"롤라티닙","","[M281233]롤라티닙","[04210]항악성종양제","단일",D000334,Cyclosporine,"사이클로스포린","","[A005971]시클로스포린/[M040068]마이크로에멀젼용시클로스포린/[M085282]사이클로스포린/[M085565]시클로스포린","[01310]안과용제",20240625,"Cyclosporine의 혈중농도가 감소될 수 있음.","","정상"
"병용금기","단일",D001697,Lorlatinib,"롤라티닙","","[M281233]롤라티닙","[04210]항악성종양제","단일",D001082,Sirolimus,"시롤리무스","","[I003725]시롤리무스/[M092290]시롤리머스/[M096307]시롤리무스/[M212252]시롤리무스분산용액/[M259798]시롤리무스분산용액/[M269901]시롤리무스","[01420]자격요법제(비특이성면역억제제를 포함)",20240625,"Sirolimus의 혈중농도가 감소될 수 있음.","","정상"
"병용금기","단일",D001697,Lorlatinib,"롤라티닙","","[M281233]롤라티닙","[04210]항악성종양제","단일",D000279,Tacrolimus,"타크로리무스","","[M089193]타크로리무스수화물/[M227652]타크로리무스 수화물","[01420]자격요법제(비특이성면역억제제를 포함)",20240625,"Tacrolimus의 혈중농도가 감소될 수 있음.","","정상"
"병용금기","단일",D001697,Lorlatinib,"롤라티닙","","[M281233]롤라티닙","[04210]항악성종양제","단일",D000875,Alfentanil,"알펜타닐","","[M103361]알펜타닐 /[M221096]염산알펜타닐/[M247958]알펜타닐염산염/[M261077]알펜타닐염산염","[08210]합성마약",20240625,"Alfentanil의 혈중농도가 감소될 수 있음.","","정상"
"병용금기","단일",D001697,Lorlatinib,"롤라티닙","","[M281233]롤라티닙","[04210]항악성종양제","단일",D000097,Fentanyl,"펜타닐","","[M210478]구연산펜타닐/[M223286]펜타닐시트르산염/[M230151]펜타닐/[M259588]펜타닐시트르산염(미분화)/[M261073]펜타닐","[08210]합성마약",20240625,"Fentanyl의 혈중농도가 감소될 수 있음.","","정상"
"병용금기","단일",D001748,Cabotegravir,"카보테그라비르","","[A110673]카보테그라비르","[06290]기타의 화학요법제","단일",D000282,Phenobarbital,"페노바르비탈","","[M040685]페노바르비탈/[M217088]페노바르비탈나트륨","[01120]최면진정제",20240625,"Cabotegravir의 혈중농도를 감소시켜 치료 효과를 감소시킬 수 있음.","","정상"
"병용금기","단일",D001748,Cabotegravir,"카보테그라비르","","[A110673]카보테그라비르","[06290]기타의 화학요법제","단일",D000476,Carbamazepine,"카르바마제핀","","[M040569]카르바마제핀/[M201734]카바마제핀","[01130]항전간제",20240625,"Cabotegravir의 혈중농도를 감소시켜 치료 효과를 감소시킬 수 있음.","","정상"
"병용금기","단일",D001748,Cabotegravir,"카보테그라비르","","[A110673]카보테그라비르","[06290]기타의 화학요법제","단일",D000263,Oxcarbazepine,"옥스카르바제핀","","[M086765]옥스카르바제핀","[01130]항전간제",20240625,"Cabotegravir의 혈중농도를 감소시켜 치료 효과를 감소시킬 수 있음.","","정상"
"병용금기","단일",D001748,Cabotegravir,"카보테그라비르","","[A110673]카보테그라비르","[06290]기타의 화학요법제","단일",D000595,Phenytoin,"페니토인","","[M051706]페니토인/[M051707]페니토인나트륨","[01130]항전간제",20240625,"Cabotegravir의 혈중농도를 감소시켜 치료 효과를 감소시킬 수 있음.","","정상"
"병용금기","단일",D001748,Cabotegravir,"카보테그라비르","","[A110673]카보테그라비르","[06290]기타의 화학요법제","단일",D000314,Rifampicin,"리팜피신","","[M020042]리팜피신","[06130]주로 항산성균에 작용하는 것",20240625,"Cabotegravir의 혈중농도를 감소시켜 치료 효과를 감소시킬 수 있음.","","정상"
"병용금기","복합",D001071,Sofosbuvir,"소포스부비르","[D001072]Ledipasvir(레디파스비르)","[I012701]소포스부비르
/[M260784]소포스부비어/[M262752]소포스부비르/[I012702]레디파스비르/[M262910]레디파스비르","[06290]기타의 화학요법제","단일",D000314,Rifampicin,"리팜피신","","[M020042]리팜피신","[06130]주로 항산성균에 작용하는 것",20240625,"- Sofosbuvir 및/또는 Velpatasvir의 혈중농도를 감소시켜 치료 효과를 감소시킬 가능성이 있음","","삭제"
"병용금기","복합",D001071,Sofosbuvir,"소포스부비르","[D001749]Velpatasvir(벨파타스비르)","[I012701]소포스부비르
/[M260784]소포스부비어/[M262752]소포스부비르/[A110681]벨파타스비르","[06290]기타의 화학요법제","단일",D000314,Rifampicin,"리팜피신","","[M020042]리팜피신","[06130]주로 항산성균에 작용하는 것",20240625,"- Sofosbuvir 및/또는 Velpatasvir의 혈중농도를 감소시켜 치료 효과를 감소시킬 가능성이 있음","","정상"
"병용금기","복합",D001071,Sofosbuvir,"소포스부비르","[D001749]Velpatasvir(벨파타스비르)/[D001750]Voxilaprevir(복실라프레비르)","[I012701]소포스부비르
/[M260784]소포스부비어/[M262752]소포스부비르/[A110681]벨파타스비르/[A110773]복실라프레비르","[06290]기타의 화학요법제","단일",D000314,Rifampicin,"리팜피신","","[M020042]리팜피신","[06130]주로 항산성균에 작용하는 것",20240625,"- Sofosbuvir, Velpatasvir 및/또는 Voxilaprevir의 혈중농도를 감소시켜 치료 효과를 감소시킬 가능성이 있음","","정상"
"병용금기","복합",D001071,Sofosbuvir,"소포스부비르","[D001749]Velpatasvir(벨파타스비르)","[I012701]소포스부비르
/[M260784]소포스부비어/[M262752]소포스부비르/[A110681]벨파타스비르","[06290]기타의 화학요법제","단일",D000259,Amiodarone,"아미오다론","","[A005259]아미오다론","[02120]부정맥용제",20240625,"- 중대한 증상성 서맥이 나타날 수 있음. 병용이 필요한 경우 심장 모니터링이 권장됨","","정상"
"병용금기","복합",D001071,Sofosbuvir,"소포스부비르","[D001749]Velpatasvir(벨파타스비르)/[D001750]Voxilaprevir(복실라프레비르)","[I012701]소포스부비르
/[M260784]소포스부비어/[M262752]소포스부비르/[A110681]벨파타스비르/[A110773]복실라프레비르","[06290]기타의 화학요법제","단일",D000259,Amiodarone,"아미오다론","","[A005259]아미오다론","[02120]부정맥용제",20240625,"- 중대한 증상성 서맥이 나타날 수 있음. 병용이 필요한 경우 심장 모니터링이 권장됨","","정상"
"병용금기","단일",D000443,Voriconazole,"보리코나졸","","[I005813]보리코나졸/[M102252]보리코나졸","[06290]기타의 화학요법제","단일",D000571,Ivabradine,"이바브라딘","","[M245775]이바브라딘염산염","[02190]기타의 순환계용약",20240625,"- QTc 연장과 매우 드물게 torsade de pointes 가능","","정상"
"병용금기","단일",D000443,Voriconazole,"보리코나졸","","[I005813]보리코나졸/[M102252]보리코나졸","[06290]기타의 화학요법제","단일",D000487,Tolvaptan,"톨밥탄","","[A005487]톨밥탄/[M252922]톨밥탄분무건조분말","[02190]기타의 순환계용약",20240625,"- Tolvaptan의 혈장 농도 증가 가능","","정상"
"병용금기","단일",D000443,Voriconazole,"보리코나졸","","[I005813]보리코나졸/[M102252]보리코나졸","[06290]기타의 화학요법제","단일",D001609,Venetoclax,"베네토클락스","","[A110514]베네토클락스","[04210]항악성종양제",20240625,"- Venetoclax의 혈장 농도 및 종양용해증후군 위험 증가 가능","만성 림프구성 백혈병 환자에서 치료 시작 시와 용량 증량 기간 동안 병용금기","정상"
"병용금기","단일",D000443,Voriconazole,"보리코나졸","","[I005813]보리코나졸/[M102252]보리코나졸","[06290]기타의 화학요법제","단일",D000712,Ritonavir,"리토나비르","","[M259362]리토나비르","[06290]기타의 화학요법제",20240625,"- Voriconazole의 혈장 농도를 감소시켜 항진균 효과를 상실시킬 수 있음","","정상"
"병용금기","단일",D000762,Itraconazole,"이트라코나졸","","[M083733]이트라코나졸제피과립/[M083734]이트라코나졸/[M092870]이트라코나졸고체분산체/[M201487]이트라코나졸고체분산/[M201624]제피이트라코나졸과립","[06290]기타의 화학요법제","단일",D001751,Apixaban,"아픽사반","","[A000759]아픽사반","[03330]혈액응고저지제",20240625,"- Apixaban 관련 약물이상반응 발생 위험이 증가함","","정상"
"병용금기","단일",D000762,Itraconazole,"이트라코나졸","","[M083733]이트라코나졸제피과립/[M083734]이트라코나졸/[M092870]이트라코나졸고체분산체/[M201487]이트라코나졸고체분산/[M201624]제피이트라코나졸과립","[06290]기타의 화학요법제","단일",D001060,Edoxaban,"에독사반","","[I012712]에독사반토실산염수화물/[M262653]에독사반토실산염수화물/[M264926]에독사반토실산염 (DU-176b)","[03330]혈액응고저지제",20240625,"- Edoxaban 관련 약물이상반응 발생 위험이 증가함","","정상"
"병용금기","단일",D000762,Itraconazole,"이트라코나졸","","[M083733]이트라코나졸제피과립/[M083734]이트라코나졸/[M092870]이트라코나졸고체분산체/[M201487]이트라코나졸고체분산/[M201624]제피이트라코나졸과립","[06290]기타의 화학요법제","단일",D001580,Eliglustat,"엘리글루스타트","","[A000848]엘리글루스타트","[03990]따로 분류되지 않는 대사성 의약품",20240625,"- PR, QTc 및/또는 QRS 심전도 간격 연장, 심부정맥 같은 Eliglustat 관련 약물이상반응 발생 위험이 증가함","","정상"
"병용금기","단일",D000762,Itraconazole,"이트라코나졸","","[M083733]이트라코나졸제피과립/[M083734]이트라코나졸/[M092870]이트라코나졸고체분산체/[M201487]이트라코나졸고체분산/[M201624]제피이트라코나졸과립","[06290]기타의 화학요법제","단일",D001609,Venetoclax,"베네토클락스","","[A110514]베네토클락스","[04210]항악성종양제",20240625,"- 병용 시 이 약의 노출이 증가하여 TLS를 포함한 독성 위험 증가 가능","만성 림프구성 백혈병 환자에서 치료 시작 시와 용량 증량 기간 동안 병용금기","정상"
"병용금기","복합",D000026,Cyproheptadine,"시프로헵타딘","[D000992]Carnitine(카르니틴)/[D001618]L-Lysine Hydrochloride(L-리신염산염)/[D001117]Cyanocobalamin(시아노코발라민)","[M040335]염산시프로헵타딘/[M081195]오로트산시프로헵타딘/[M094432]시프로헵타딘/[M223093]시프로헵타딘염산염수화물/[M254960]시프로헵타딘오로트산염수화물/[M202216]DL-염산카르니틴/[M246203]DL-카르니틴염산염/[M218567]L-메티오닌/[M222998]L-리신염산염/[C040330]시아노코발라민(비타민B12)/[C081020]시아노코발라민1%/[C081612]시아노코발라민0ㆍ1%WS,Spray-dried/[C082616]시아노코발라민0ㆍ1%SD/[C082811]시아노코발라민1%SD/[C083188]시아노코발라민0ㆍ1%/[C083197]시아노코발라민1%산/[C083532]무수시아노코발라민/[C083632]시아노코발라민1%과립/[C083673]수지흡착1%시아노코발라민/[C084210]0ㆍ1%시아노코발라민트리츄레이션/[C084370]시아노코발라민0ㆍ1%type ws/[C084641]수용성시아노코발라민0ㆍ1%/[C084783]시아노코발라민0ㆍ1%산/[C086692]시아노코발라민제제/[C089580]0ㆍ1%시아노코발라민/[C091382]시아노코발라민0ㆍ1%과립/[C093734]시아노코발라민산/[C093748]시아노코발라민0ㆍ1%분말/[C096429]시아노코발라민/[C099915]0ㆍ1% 수용성시아노코발라민/[C409830]시아노코발라민/[I000703]시아노코발라민/[M040330]시아노코발라민(비타민B12)/[M081020]시아노코발라민1%/[M081612]시아노코발라민0ㆍ1%WS,Spray-dried/[M082616]시아노코발라민0ㆍ1%SD/[M082811]시아노코발라민1%SD/[M083188]시아노코발라민0ㆍ1%/[M083197]시아노코발라민1%산/[M083532]무수시아노코발라민/[M083632]시아노코발라민1%과립/[M083673]수지흡착1%시아노코발라민/[M084210]0ㆍ1%시아노코발라민트리츄레이션/[M084370]시아노코발라민0ㆍ1%type ws/[M084641]수용성시아노코발라민0ㆍ1%/[M084783]시아노코발라민0ㆍ1%산/[M086692]시아노코발라민/[M089580]0ㆍ1%시아노코발라민/[M091382]시아노코발라민0ㆍ1%과립/[M093734]시아노코발라민산/[M093748]시아노코발라민0ㆍ1%분말/[M096429]시아노코발라민/[M099915]0ㆍ1%수용성시아노코발라민/[M105765]시아노코발라민제제/[M201060]시아노코발라민0ㆍ1%typews/[M205977]수용성 시아노코발라민 0.1%/[M207390]시아노코발라민 0.1%(시아노코발라민으로서 5㎍)/[M207532]시아노코발라민 0.1%(비타민 B12로서 5㎍)/[M210476]0.1%시아노코발라민/[M211243]만니톨-시아노코발라민 배산 0.1%/[M212896]0.1% 시아노코바라민/[M213686]시아노코발라민0.1%/[M216043]0.1% 시아노코발라민(시아노코발라민으로서 2.5마이크로그램)/[M221499]시아노코발리민0.1%/[M225607]시아노코발라민 1%/[M232653]시아노코발라민 배산 0.1%/[M235614]1%시아노코발라민/[M240091]시아노코발라민1%/[M243438]시아노코발라민 0.1%/[M243493]0.1%시아노코발라민/[M243574]0.1% 시아노코발라민/[M243956]0.1% 시아노코발라민/[M243963]0.1% 시아노코발라민/[M244157]0.1% 시아노코발라민/[M244374]시아노코발라민1%/[M244679]0.1% 시아노코발라민/[M245647]0.1％ 시아노코발라민/[M245958]0.1% 시아노코발리민/[M246786]0.1%수용성시아노코발라민/[M255994]시아노코발라민1000배산/[M256157]시아노코발라민100배산/[M262818]시아노코발라빈 1000배산/[M265578]시아노코발라민1000배산","[01190]기타의 중추신경용약","단일",D000698,Rasagiline,"라사길린","","[M257939]라사길린메실산염","[01190]기타의 중추신경용약",20240625,"MAO 저해제의 효과를 증가시킬 수 있음","","정상"
"병용금기","복합",D000026,Cyproheptadine,"시프로헵타딘","[D001618]L-Lysine Hydrochloride(L-리신염산염)/[D001752]Cobamamide(코바마미드)/[D000992]Carnitine(카르니틴)","[M040335]염산시프로헵타딘/[M081195]오로트산시프로헵타딘/[M094432]시프로헵타딘/[M223093]시프로헵타딘염산염수화물/[M254960]시프로헵타딘오로트산염수화물/[M218567]L-메티오닌/[M222998]L-리신염산염/[A001105]코바마미드/[M202216]DL-염산카르니틴/[M246203]DL-카르니틴염산염","[01190]기타의 중추신경용약","단일",D000698,Rasagiline,"라사길린","","[M257939]라사길린메실산염","[01190]기타의 중추신경용약",20240625,"MAO 저해제의 효과를 증가시킬 수 있음","","정상"
"병용금기","복합",D000026,Cyproheptadine,"시프로헵타딘","[D001618]L-Lysine Hydrochloride(L-리신염산염)/[D001752]Cobamamide(코바마미드)/[D000992]Carnitine(카르니틴)","[M040335]염산시프로헵타딘/[M081195]오로트산시프로헵타딘/[M094432]시프로헵타딘/[M223093]시프로헵타딘염산염수화물/[M254960]시프로헵타딘오로트산염수화물/[M218567]L-메티오닌/[M222998]L-리신염산염/[A001105]코바마미드/[M202216]DL-염산카르니틴/[M246203]DL-카르니틴염산염","[01190]기타의 중추신경용약","단일",D000139,"Selegiline Hydrochloride","셀레길린염산염","","[M222864]셀레길린염산염","[01190]기타의 중추신경용약",20240625,"MAO 저해제의 효과를 증가시킬 수 있음","","정상"
"병용금기","단일",D001755,Filgotinib,"필고티닙","","[A110782]필고티닙","[01420]자격요법제(비특이성면역억제제를 포함)","단일",D000334,Cyclosporine,"사이클로스포린","","[A005971]시클로스포린/[M040068]마이크로에멀젼용시클로스포린/[M085282]사이클로스포린/[M085565]시클로스포린","[01420]자격요법제(비특이성면역억제제를 포함)",20241011,"면역억제 효과 증가","","정상"
"병용금기","복합",D000026,Cyproheptadine,"시프로헵타딘","[D000992]Carnitine(카르니틴)/[D001618]L-Lysine Hydrochloride(L-리신염산염)/[D001117]Cyanocobalamin(시아노코발라민)","[M040335]염산시프로헵타딘/[M081195]오로트산시프로헵타딘/[M094432]시프로헵타딘/[M223093]시프로헵타딘염산염수화물/[M254960]시프로헵타딘오로트산염수화물/[M202216]DL-염산카르니틴/[M246203]DL-카르니틴염산염/[M218567]L-메티오닌/[M222998]L-리신염산염/[C040330]시아노코발라민(비타민B12)/[C081020]시아노코발라민1%/[C081612]시아노코발라민0ㆍ1%WS,Spray-dried/[C082616]시아노코발라민0ㆍ1%SD/[C082811]시아노코발라민1%SD/[C083188]시아노코발라민0ㆍ1%/[C083197]시아노코발라민1%산/[C083532]무수시아노코발라민/[C083632]시아노코발라민1%과립/[C083673]수지흡착1%시아노코발라민/[C084210]0ㆍ1%시아노코발라민트리츄레이션/[C084370]시아노코발라민0ㆍ1%type ws/[C084641]수용성시아노코발라민0ㆍ1%/[C084783]시아노코발라민0ㆍ1%산/[C086692]시아노코발라민제제/[C089580]0ㆍ1%시아노코발라민/[C091382]시아노코발라민0ㆍ1%과립/[C093734]시아노코발라민산/[C093748]시아노코발라민0ㆍ1%분말/[C096429]시아노코발라민/[C099915]0ㆍ1% 수용성시아노코발라민/[C409830]시아노코발라민/[I000703]시아노코발라민/[M040330]시아노코발라민(비타민B12)/[M081020]시아노코발라민1%/[M081612]시아노코발라민0ㆍ1%WS,Spray-dried/[M082616]시아노코발라민0ㆍ1%SD/[M082811]시아노코발라민1%SD/[M083188]시아노코발라민0ㆍ1%/[M083197]시아노코발라민1%산/[M083532]무수시아노코발라민/[M083632]시아노코발라민1%과립/[M083673]수지흡착1%시아노코발라민/[M084210]0ㆍ1%시아노코발라민트리츄레이션/[M084370]시아노코발라민0ㆍ1%type ws/[M084641]수용성시아노코발라민0ㆍ1%/[M084783]시아노코발라민0ㆍ1%산/[M086692]시아노코발라민/[M089580]0ㆍ1%시아노코발라민/[M091382]시아노코발라민0ㆍ1%과립/[M093734]시아노코발라민산/[M093748]시아노코발라민0ㆍ1%분말/[M096429]시아노코발라민/[M099915]0ㆍ1%수용성시아노코발라민/[M105765]시아노코발라민제제/[M201060]시아노코발라민0ㆍ1%typews/[M205977]수용성 시아노코발라민 0.1%/[M207390]시아노코발라민 0.1%(시아노코발라민으로서 5㎍)/[M207532]시아노코발라민 0.1%(비타민 B12로서 5㎍)/[M210476]0.1%시아노코발라민/[M211243]만니톨-시아노코발라민 배산 0.1%/[M212896]0.1% 시아노코바라민/[M213686]시아노코발라민0.1%/[M216043]0.1% 시아노코발라민(시아노코발라민으로서 2.5마이크로그램)/[M221499]시아노코발리민0.1%/[M225607]시아노코발라민 1%/[M232653]시아노코발라민 배산 0.1%/[M235614]1%시아노코발라민/[M240091]시아노코발라민1%/[M243438]시아노코발라민 0.1%/[M243493]0.1%시아노코발라민/[M243574]0.1% 시아노코발라민/[M243956]0.1% 시아노코발라민/[M243963]0.1% 시아노코발라민/[M244157]0.1% 시아노코발라민/[M244374]시아노코발라민1%/[M244679]0.1% 시아노코발라민/[M245647]0.1％ 시아노코발라민/[M245958]0.1% 시아노코발리민/[M246786]0.1%수용성시아노코발라민/[M255994]시아노코발라민1000배산/[M256157]시아노코발라민100배산/[M262818]시아노코발라빈 1000배산/[M265578]시아노코발라민1000배산","[01190]기타의 중추신경용약","단일",D000139,"Selegiline Hydrochloride","셀레길린염산염","","[M222864]셀레길린염산염","[01190]기타의 중추신경용약",20240625,"MAO 저해제의 효과를 증가시킬 수 있음","","정상"
"병용금기","단일",D001755,Filgotinib,"필고티닙","","[A110782]필고티닙","[01420]자격요법제(비특이성면역억제제를 포함)","단일",D000279,Tacrolimus,"타크로리무스","","[M089193]타크로리무스수화물/[M227652]타크로리무스 수화물","[01420]자격요법제(비특이성면역억제제를 포함)",20241011,"면역억제 효과 증가","","정상"
"병용금기","단일",D001003,Tofacitinib,"토파시티닙","","[M259196]토파시티닙시트르산염","[01420]자격요법제(비특이성면역억제제를 포함)","단일",D000334,Cyclosporine,"사이클로스포린","","[A005971]시클로스포린/[M040068]마이크로에멀젼용시클로스포린/[M085282]사이클로스포린/[M085565]시클로스포린","[01420]자격요법제(비특이성면역억제제를 포함)",20241011,"면역억제 효과 증가","","정상"
"병용금기","단일",D001003,Tofacitinib,"토파시티닙","","[M259196]토파시티닙시트르산염","[01420]자격요법제(비특이성면역억제제를 포함)","단일",D000279,Tacrolimus,"타크로리무스","","[M089193]타크로리무스수화물/[M227652]타크로리무스 수화물","[01420]자격요법제(비특이성면역억제제를 포함)",20241011,"면역억제 효과 증가","","정상"
"병용금기","단일",D001003,Tofacitinib,"토파시티닙","","[M259196]토파시티닙시트르산염","[01420]자격요법제(비특이성면역억제제를 포함)","단일",D000250,Azathioprine,"아자티오프린","","[M223108]아자티오프린","[01420]자격요법제(비특이성면역억제제를 포함)",20241011,"면역억제 효과 증가","","정상"
"병용금기","단일",D000425,Metoclopramide,"메토클로프라미드","","[M050465]메토클로프라미드/[M050466]염산메토클로프라미드/[M223013]메토클로프라미드염산염수화물","[02390]기타의 소화기관용약","복합",D000302,Levodopa,"레보도파","[D000051]Carbidopa(카르비도파)/[D001313]Entacapone(엔타카폰)","[M040122]레보도파/[M089172]카르비도파/[M256275]카르비도파수화물/[A005039]엔타카폰","[01190]기타의 중추신경용약",20241011,"레보도파의 효과 감소","","정상"
"병용금기","단일",D000425,Metoclopramide,"메토클로프라미드","","[M050465]메토클로프라미드/[M050466]염산메토클로프라미드/[M223013]메토클로프라미드염산염수화물","[02390]기타의 소화기관용약","복합",D000302,Levodopa,"레보도파","[D000563]Benserazide(벤세라지드)","[M040122]레보도파/[A005563]벤세라지드","[01190]기타의 중추신경용약",20241011,"레보도파의 효과 감소","","정상"
"병용금기","복합",D001650,Nirmatrelvir,"니르마트렐비르","[D000712]Ritonavir(리토나비르)","[M281904]니르마트렐비르/[M259362]리토나비르","[06290]기타의 화학요법제","단일",D000246,Sildenafil,"실데나필","","[M089346]구연산실데나필/[M252789]실데나필시트르산염/[M253237]실데나필","[02590]기타의 비뇨생식기관 및 항문용약/[02140]혈압강하제",20250714,"- Sildenafil의 혈중농도를 증가시킬 수 있음 - 시각이상, 저혈압, 발기시간 지연 및 실신을 포함한 Sildenafil 관련 이상반응의 가능성","","정상"
"병용금기","복합",D001650,Nirmatrelvir,"니르마트렐비르","[D000712]Ritonavir(리토나비르)","[M281904]니르마트렐비르/[M259362]리토나비르","[06290]기타의 화학요법제","복합",D000246,Sildenafil,"실데나필","[D000277]Clomipramine(클로미프라민)","[M089346]구연산실데나필/[M252789]실데나필시트르산염/[M253237]실데나필/[M223223]클로미프라민염산염","[02590]기타의 비뇨생식기관 및 항문용약",20250714,"- Sildenafil 관련 이상반응(시각이상, 저혈압, 발기시간 지연 및 실신 포함)의 가능성","","정상"
"병용금기","복합",D001650,Nirmatrelvir,"니르마트렐비르","[D000712]Ritonavir(리토나비르)","[M281904]니르마트렐비르/[M259362]리토나비르","[06290]기타의 화학요법제","단일",D000027,Simvastatin,"심바스타틴","","[M089710]심바스타틴","[02180]동맥경화용제",20250714,"- 횡문근융해증을 포함하는 근육병증의 잠재적인 가능성","","정상"
"병용금기","복합",D001650,Nirmatrelvir,"니르마트렐비르","[D000712]Ritonavir(리토나비르)","[M281904]니르마트렐비르/[M259362]리토나비르","[06290]기타의 화학요법제","복합",D000747,Ergotamine,"에르고타민","[D001266]Anhydrous Caffeine(카페인무수물)","[M040398]주석산에르고타민/[M223126]에르고타민타르타르산염/[M223183]카페인무수물","[01140]해열.진통.소염제",20211230,"- 기타 조직의 혈관 경련 및 허혈을 특징으로 하는 급성 맥각 독성의 잠재적인 가능성(사지 및 중추신경계 포함)","","정상"
"병용금기","복합",D001650,Nirmatrelvir,"니르마트렐비르","[D000712]Ritonavir(리토나비르)","[M281904]니르마트렐비르/[M259362]리토나비르","[06290]기타의 화학요법제","복합",D000447,"St. Johns Wort","세인트존스워트","[D001779]Cimicifuga Rhizome Extract(서양승마추출액)","[M220509]세인트존스워트/[M248295]세인트존스워트80%메탄올엑스/[M255952]세인트존스워트50%에탄올엑스/[M256845]세인트존스워트틴크D2/[M258013]세인트존스워트80%메탄올건조엑스/[A000655]승마","[03980]종합대사성제제",20211230,"- 바이러스 반응의 손실 및 내성 발현의 잠재적인 가능성","","정상"
"병용금기","복합",D001650,Nirmatrelvir,"니르마트렐비르","[D000712]Ritonavir(리토나비르)","[M281904]니르마트렐비르/[M259362]리토나비르","[06290]기타의 화학요법제","복합",D000314,Rifampicin,"리팜피신","[D000265]Isoniazid(이소니아지드)","[M020042]리팜피신/[M223170]이소니아지드","[06220]항결핵제",20211230,"- 바이러스 반응의 손실 및 내성 발현의 잠재적인 가능성","","정상"
"병용금기","복합",D001650,Nirmatrelvir,"니르마트렐비르","[D000712]Ritonavir(리토나비르)","[M281904]니르마트렐비르/[M259362]리토나비르","[06290]기타의 화학요법제","복합",D000314,Rifampicin,"리팜피신","[D000802]Pyrazinamide(피라진아미드)/[D000265]Isoniazid(이소니아지드)/[D001324]Ethambutol(에탐부톨)","[M020042]리팜피신/[M040746]피라진아미드/[M223170]이소니아지드/[A000830]에탐부톨","[06130]주로 항산성균에 작용하는 것",20211230,"- 바이러스 반응의 손실 및 내성 발현의 잠재적인 가능성","","정상"
"병용금기","복합",D001650,Nirmatrelvir,"니르마트렐비르","[D000712]Ritonavir(리토나비르)","[M281904]니르마트렐비르/[M259362]리토나비르","[06290]기타의 화학요법제","단일",D001030,Alfuzosin,"알푸조신","","[M085821]염산알푸조신/[M222874]알푸조신염산염","[02590]기타의 비뇨생식기관 및 항문용약",20250714,"- 저혈압의 가능성","","정상"
"병용금기","복합",D001650,Nirmatrelvir,"니르마트렐비르","[D000712]Ritonavir(리토나비르)","[M281904]니르마트렐비르/[M259362]리토나비르","[06290]기타의 화학요법제","단일",D001032,Tamsulosin,"탐스로신","","[M085770]탐스로신서방립/[M099145]염산탐스로신/[M241531]탐스로신염산염/[M243979]탐스로신염산염","[02590]기타의 비뇨생식기관 및 항문용약",20250714,"- Tamsulosin의 혈중농도를 증가시킬 수 있음","","정상"
"병용금기","복합",D001650,Nirmatrelvir,"니르마트렐비르","[D000712]Ritonavir(리토나비르)","[M281904]니르마트렐비르/[M259362]리토나비르","[06290]기타의 화학요법제","단일",D001562,Ranolazine,"라놀라진","","[A110483]라놀라진","[02190]기타의 순환계용약",20250714,"- 중대한 및/또는 생명을 위협하는 반응의 가능성","","정상"
"병용금기","복합",D001650,Nirmatrelvir,"니르마트렐비르","[D000712]Ritonavir(리토나비르)","[M281904]니르마트렐비르/[M259362]리토나비르","[06290]기타의 화학요법제","단일",D000259,Amiodarone,"아미오다론","","[A005259]아미오다론","[02120]부정맥용제",20250714,"- 심장부정맥의 가능성","","정상"
"병용금기","복합",D001650,Nirmatrelvir,"니르마트렐비르","[D000712]Ritonavir(리토나비르)","[M281904]니르마트렐비르/[M259362]리토나비르","[06290]기타의 화학요법제","단일",D000201,Dronedarone,"드로네다론","","[M249412]드로네다론염산염","[02120]부정맥용제",20250714,"- 심장 부정맥의 가능성","","정상"
"병용금기","복합",D001650,Nirmatrelvir,"니르마트렐비르","[D000712]Ritonavir(리토나비르)","[M281904]니르마트렐비르/[M259362]리토나비르","[06290]기타의 화학요법제","단일",D000212,"Flecainide Acetate","플레카이니드아세테이트","","[M201704]초산플레카이니드/[M239215]플레카이니드아세테이트/[M257171]플레카이니드아세트산염","[02120]부정맥용제",20250714,"- 심장 부정맥의 가능성","","정상"
"병용금기","복합",D001650,Nirmatrelvir,"니르마트렐비르","[D000712]Ritonavir(리토나비르)","[M281904]니르마트렐비르/[M259362]리토나비르","[06290]기타의 화학요법제","단일",D000515,Propafenone,"프로파페논","","[M081415]염산프로파페논/[M222902]프로파페논염산염","[02120]부정맥용제",20250714,"- 심장 부정맥의 가능성","","정상"
"병용금기","복합",D001650,Nirmatrelvir,"니르마트렐비르","[D000712]Ritonavir(리토나비르)","[M281904]니르마트렐비르/[M259362]리토나비르","[06290]기타의 화학요법제","단일",D000582,Colchicine,"콜키신","","[M091703]콜키신","[03940]통풍치료제",20250714,"- 신장 및/또는 간장애가 있는 환자에서 중대한 및/또는 생명을 위협하는 반응의 가능성","","정상"
"병용금기","복합",D001650,Nirmatrelvir,"니르마트렐비르","[D000712]Ritonavir(리토나비르)","[M281904]니르마트렐비르/[M259362]리토나비르","[06290]기타의 화학요법제","단일",D001763,Lurasidone,"루라시돈","","[A110986]루라시돈","[01170]정신신경용제",20250714,"- Lurasidone의 혈중농도를 증가시킬 수 있음 - 심장 부정맥과 같은 중대한 및/또는 생명을 위협하는 반응의 가능성","","정상"
"병용금기","복합",D001650,Nirmatrelvir,"니르마트렐비르","[D000712]Ritonavir(리토나비르)","[M281904]니르마트렐비르/[M259362]리토나비르","[06290]기타의 화학요법제","단일",D000213,Pimozide,"피모짓","","[M071691]피모짓","[01170]정신신경용제",20250714,"- 심장부정맥과 같은 중대한 및/또는 생명을 위협하는 반응의 가능성","","정상"
"병용금기","복합",D001650,Nirmatrelvir,"니르마트렐비르","[D000712]Ritonavir(리토나비르)","[M281904]니르마트렐비르/[M259362]리토나비르","[06290]기타의 화학요법제","단일",D000342,Silodosin,"실로도신","","[M230909]실로도신","[02590]기타의 비뇨생식기관 및 항문용약",20250714,"- 기립성저혈압의 가능성","","정상"
"병용금기","복합",D001650,Nirmatrelvir,"니르마트렐비르","[D000712]Ritonavir(리토나비르)","[M281904]니르마트렐비르/[M259362]리토나비르","[06290]기타의 화학요법제","단일",D000571,Ivabradine,"이바브라딘","","[M245775]이바브라딘염산염","[02190]기타의 순환계용약",20250714,"- 서맥 또는 전도장애의 가능성","","정상"
"병용금기","복합",D001650,Nirmatrelvir,"니르마트렐비르","[D000712]Ritonavir(리토나비르)","[M281904]니르마트렐비르/[M259362]리토나비르","[06290]기타의 화학요법제","단일",D000385,Ticagrelor,"티카그렐러","","[A005385]티카그렐러/[M252585]티카그렐러","[02180]동맥경화용제",20250714,"- Ticagrelor의 혈중농도를 증가시킬 수 있음","","정상"
"병용금기","복합",D001650,Nirmatrelvir,"니르마트렐비르","[D000712]Ritonavir(리토나비르)","[M281904]니르마트렐비르/[M259362]리토나비르","[06290]기타의 화학요법제","단일",D000988,Clopidogrel,"클로피도그렐","","[A005988]클로피도그렐/[I012351]클로피도그렐황산염/[M243848]클로피도그렐황산수소염/[M250541]클로피도그렐황산염/[M250716]클로피도그렐황산염","[02180]동맥경화용제",20250714,"- Clopidogrel 활성대사체의 농도를 감소시킬 수 있음","","정상"
"병용금기","복합",D001650,Nirmatrelvir,"니르마트렐비르","[D000712]Ritonavir(리토나비르)","[M281904]니르마트렐비르/[M259362]리토나비르","[06290]기타의 화학요법제","단일",D000015,Bosentan,"보센탄","","[M102733]보센탄수화물","[02140]혈압강하제",20250714,"- Bosentan의 혈중농도를 증가시키고, Nirmatrelvir +Ritonavir의 혈중농도를 감소시킬 수 있음","36시간 이내 병용금기","정상"
"병용금기","복합",D001650,Nirmatrelvir,"니르마트렐비르","[D000712]Ritonavir(리토나비르)","[M281904]니르마트렐비르/[M259362]리토나비르","[06290]기타의 화학요법제","단일",D000228,Methylergometrine,"메틸에르고메트린","","[M070382]말레인산메칠에르고메트린/[M223020]메틸에르고메트린말레산염","[02520]자궁수축제",20250714,"- 사지 및 중추신경계를 포함하는 기타 조직의 혈관경련 및 허혈을 특징으로 하는 급성 맥각독성의 잠재적인 가능성","","정상"
"병용금기","복합",D001650,Nirmatrelvir,"니르마트렐비르","[D000712]Ritonavir(리토나비르)","[M281904]니르마트렐비르/[M259362]리토나비르","[06290]기타의 화학요법제","단일",D000419,Lovastatin,"로바스타틴","","[M083392]로바스타틴","[02180]동맥경화용제",20250714,"- 횡문근융해증을 포함하는 근육병증의 잠재적인 가능성","","정상"
"병용금기","복합",D001650,Nirmatrelvir,"니르마트렐비르","[D000712]Ritonavir(리토나비르)","[M281904]니르마트렐비르/[M259362]리토나비르","[06290]기타의 화학요법제","단일",D001743,Finerenone,"피네레논","","[A110831]피네레논","[02190]기타의 순환계용약",20250714,"- 고칼륨혈증, 저혈압 및 저나트륨혈증을 포함하는 중대한 이상반응의 가능성","","정상"
"병용금기","복합",D001650,Nirmatrelvir,"니르마트렐비르","[D000712]Ritonavir(리토나비르)","[M281904]니르마트렐비르/[M259362]리토나비르","[06290]기타의 화학요법제","단일",D000181,Tadalafil,"타다라필","","[M095435]타다라필","[02590]기타의 비뇨생식기관 및 항문용약",20250714,"- Tadalafil의 혈중농도를 증가시킬 수 있음","","정상"
"병용금기","복합",D001650,Nirmatrelvir,"니르마트렐비르","[D000712]Ritonavir(리토나비르)","[M281904]니르마트렐비르/[M259362]리토나비르","[06290]기타의 화학요법제","단일",D000592,Triazolam,"트리아졸람","","[I005603]트리아졸람/[M088380]트리아졸람","[01120]최면진정제",20250714,"- 과도한 진정 및 호흡억제의 가능성","","정상"
"병용금기","복합",D001650,Nirmatrelvir,"니르마트렐비르","[D000712]Ritonavir(리토나비르)","[M281904]니르마트렐비르/[M259362]리토나비르","[06290]기타의 화학요법제","단일",D000487,Tolvaptan,"톨밥탄","","[A005487]톨밥탄/[M252922]톨밥탄분무건조분말","[02190]기타의 순환계용약",20250714,"- 탈수, 저혈량증 및 고칼륨혈증의 가능성","","정상"
"병용금기","복합",D001650,Nirmatrelvir,"니르마트렐비르","[D000712]Ritonavir(리토나비르)","[M281904]니르마트렐비르/[M259362]리토나비르","[06290]기타의 화학요법제","단일",D001780,Apalutamide,"아팔루타마이드","","[A110590]아팔루타마이드","[04210]항악성종양제",20250714,"- 바이러스 반응의 손실 및 내성 발현의 잠재적인 가능성","","정상"
"병용금기","복합",D001650,Nirmatrelvir,"니르마트렐비르","[D000712]Ritonavir(리토나비르)","[M281904]니르마트렐비르/[M259362]리토나비르","[06290]기타의 화학요법제","단일",D001079,Enzalutamide,"엔잘루타마이드","","[M257255]엔잘루타마이드","[04210]항악성종양제",20250714,"- 바이러스 반응의 손실 및 내성 발현의 잠재적인 가능성","","정상"
"병용금기","복합",D001650,Nirmatrelvir,"니르마트렐비르","[D000712]Ritonavir(리토나비르)","[M281904]니르마트렐비르/[M259362]리토나비르","[06290]기타의 화학요법제","단일",D000476,Carbamazepine,"카르바마제핀","","[M040569]카르바마제핀/[M201734]카바마제핀","[01130]항전간제",20250714,"- 바이러스 반응의 손실 및 내성 발현의 잠재적인 가능성","","정상"
"병용금기","복합",D001650,Nirmatrelvir,"니르마트렐비르","[D000712]Ritonavir(리토나비르)","[M281904]니르마트렐비르/[M259362]리토나비르","[06290]기타의 화학요법제","단일",D000282,Phenobarbital,"페노바르비탈","","[M040685]페노바르비탈/[M217088]페노바르비탈나트륨","[01120]최면진정제",20250714,"- 바이러스 반응의 손실 및 내성 발현의 잠재적인 가능성","","정상"
"병용금기","복합",D001650,Nirmatrelvir,"니르마트렐비르","[D000712]Ritonavir(리토나비르)","[M281904]니르마트렐비르/[M259362]리토나비르","[06290]기타의 화학요법제","단일",D000595,Phenytoin,"페니토인","","[M051706]페니토인/[M051707]페니토인나트륨","[01130]항전간제",20250714,"- 바이러스 반응의 손실 및 내성 발현의 잠재적인 가능성","","정상"
"병용금기","복합",D001650,Nirmatrelvir,"니르마트렐비르","[D000712]Ritonavir(리토나비르)","[M281904]니르마트렐비르/[M259362]리토나비르","[06290]기타의 화학요법제","단일",D000103,Primidone,"프리미돈","","[M040736]프리미돈","[01130]항전간제",20250714,"- 바이러스 반응의 손실 및 내성 발현의 잠재적인 가능성","","정상"
"병용금기","복합",D001650,Nirmatrelvir,"니르마트렐비르","[D000712]Ritonavir(리토나비르)","[M281904]니르마트렐비르/[M259362]리토나비르","[06290]기타의 화학요법제","단일",D000314,Rifampicin,"리팜피신","","[M020042]리팜피신","[06130]주로 항산성균에 작용하는 것",20250714,"- 바이러스 반응의 손실 및 내성 발현의 잠재적인 가능성","","정상"
"병용금기","복합",D001650,Nirmatrelvir,"니르마트렐비르","[D000712]Ritonavir(리토나비르)","[M281904]니르마트렐비르/[M259362]리토나비르","[06290]기타의 화학요법제","단일",D000447,"St. Johns Wort","세인트존스워트","","[M220509]세인트존스워트/[M248295]세인트존스워트80%메탄올엑스/[M255952]세인트존스워트50%에탄올엑스/[M256845]세인트존스워트틴크D2/[M258013]세인트존스워트80%메탄올건조엑스","[01190]기타의 중추신경용약",20250714,"- 바이러스 반응의 손실 및 내성 발현의 잠재적인 가능성","","정상"
"병용금기","복합",D001650,Nirmatrelvir,"니르마트렐비르","[D000712]Ritonavir(리토나비르)","[M281904]니르마트렐비르/[M259362]리토나비르","[06290]기타의 화학요법제","단일",D000527,Rivaroxaban,"리바록사반","","[I012462]리바록사반(미세화)/[M254091]리바록사반(미세화)/[M264293]리바록사반(미분화)","[03330]혈액응고저지제",20250714,"- 출혈 위험의 증가","","정상"
"병용금기","복합",D001650,Nirmatrelvir,"니르마트렐비르","[D000712]Ritonavir(리토나비르)","[M281904]니르마트렐비르/[M259362]리토나비르","[06290]기타의 화학요법제","단일",D000443,Voriconazole,"보리코나졸","","[I005813]보리코나졸/[M102252]보리코나졸","[06290]기타의 화학요법제",20250714,"- Voriconazole의 혈중농도를 감소시킬 수 있음","","정상"
"병용금기","복합",D001650,Nirmatrelvir,"니르마트렐비르","[D000712]Ritonavir(리토나비르)","[M281904]니르마트렐비르/[M259362]리토나비르","[06290]기타의 화학요법제","복합",D001363,Pibrentasvir,"피브렌타스비르","[D001362]Glecaprevir(글레카프레비르)","[A003331]피브렌타스비르/[M267076]피브렌타스비르/[A001652]글레카프레비르/[M267082]글레카프레비르","[06290]기타의 화학요법제",20250714,"- 증가된 Glecaprevir 농도는 알라닌아미노전달효소(ALT) 상승을 유발할 수 있음","","정상"
"병용금기","복합",D001650,Nirmatrelvir,"니르마트렐비르","[D000712]Ritonavir(리토나비르)","[M281904]니르마트렐비르/[M259362]리토나비르","[06290]기타의 화학요법제","단일",D000334,Cyclosporine,"사이클로스포린","","[A005971]시클로스포린/[M040068]마이크로에멀젼용시클로스포린/[M085282]사이클로스포린/[M085565]시클로스포린","[01420]자격요법제(비특이성면역억제제를 포함)",20250714,"- Cyclosporine의 혈중농도를 증가시킬 수 있음- 중대한 이상반응 초래할 수 있음","","정상"
"병용금기","복합",D001650,Nirmatrelvir,"니르마트렐비르","[D000712]Ritonavir(리토나비르)","[M281904]니르마트렐비르/[M259362]리토나비르","[06290]기타의 화학요법제","단일",D000279,Tacrolimus,"타크로리무스","","[M089193]타크로리무스수화물/[M227652]타크로리무스 수화물","[01420]자격요법제(비특이성면역억제제를 포함)",20250714,"- Tacrolimus의 혈중농도를 증가시킬 수 있음 - 중대한 이상반응 초래할 수 있음","","정상"
"병용금기","복합",D001650,Nirmatrelvir,"니르마트렐비르","[D000712]Ritonavir(리토나비르)","[M281904]니르마트렐비르/[M259362]리토나비르","[06290]기타의 화학요법제","단일",D000461,Everolimus,"에베로리무스","","[M255713]에베로리무스","[04210]항악성종양제/[01420]자격요법제(비특이성면역억제제를 포함)",20250714,"- Everolimus의 혈중농도를 증가시킬 수 있음","","정상"
"병용금기","복합",D001650,Nirmatrelvir,"니르마트렐비르","[D000712]Ritonavir(리토나비르)","[M281904]니르마트렐비르/[M259362]리토나비르","[06290]기타의 화학요법제","단일",D001082,Sirolimus,"시롤리무스","","[I003725]시롤리무스/[M092290]시롤리머스/[M096307]시롤리무스/[M212252]시롤리무스분산용액/[M259798]시롤리무스분산용액/[M269901]시롤리무스","[01420]자격요법제(비특이성면역억제제를 포함)/[04210]항악성종양제",20250714,"- Sirolimus의 혈중농도를 증가시킬 수 있음","","정상"
"병용금기","복합",D001650,Nirmatrelvir,"니르마트렐비르","[D000712]Ritonavir(리토나비르)","[M281904]니르마트렐비르/[M259362]리토나비르","[06290]기타의 화학요법제","복합",D001781,Salmeterol,"살메테롤","[D000707]Fluticasone(플루티카손)","[A000519]살메테롤/[M070463]프로피온산플루티카손/[M222904]플루티카손프로피오네이트/[M233016]미분화플루티카손푸로에이트/[M241930]플루티카손프로피오네이트(미분화)/[M243509]플루티카손프로피오네이트(미분화)/[M259812]플루티카손푸로에이트(미분화)","[02220]진해거담제",20250714,"- QT 연장, 심계항진, 동성빈맥(sinus tachycardia)을 포함하여 살메테롤과 관련된 심혈관 부작용의 위험을 증가시킬 수 있음","","정상"
"병용금기","복합",D001650,Nirmatrelvir,"니르마트렐비르","[D000712]Ritonavir(리토나비르)","[M281904]니르마트렐비르/[M259362]리토나비르","[06290]기타의 화학요법제","복합",D001781,Salmeterol,"살메테롤","[D001782]Budesonide(부데소니드)","[A000519]살메테롤/[A000435]부데소니드","[02290]기타의 호흡기관용약",20250714,"- QT 연장, 심계항진, 동성빈맥(sinus tachycardia)을 포함하여 살메테롤과 관련된 심혈관 부작용의 위험을 증가시킬 수 있음","","정상"
"병용금기","단일",D001763,Lurasidone,"루라시돈","","[A110986]루라시돈","[01170]정신신경용제","단일",D000373,Clarithromycin,"클래리트로마이신","","[M085725]클래리스로마이신/[M087123]클래리스로마이신코팅입자/[M102127]클래리스로마이신제피과립/[M222887]클래리트로마이신/[M223198]클래리트로마이신/[M245961]클래리트로마이신제피과립/[M256483]클래리트로마이신제피과립(42%)","[06190]기타의 항생물질제제(복합항생물질제제를 포함)",20250714,"- Lurasidone의 노출을 증가시킬 수 있음","","정상"
"병용금기","단일",D001763,Lurasidone,"루라시돈","","[A110986]루라시돈","[01170]정신신경용제","단일",D000762,Itraconazole,"이트라코나졸","","[M083733]이트라코나졸제피과립/[M083734]이트라코나졸/[M092870]이트라코나졸고체분산체/[M201487]이트라코나졸고체분산/[M201624]제피이트라코나졸과립","[06290]기타의 화학요법제",20250714,"- Lurasidone의 노출을 증가시킬 수 있음","","정상"
"병용금기","단일",D001763,Lurasidone,"루라시돈","","[A110986]루라시돈","[01170]정신신경용제","단일",D000769,Ketoconazole,"케토코나졸","","[M080618]케토코나졸","[06290]기타의 화학요법제/[06410]항원충제",20250714,"- Lurasidone의 노출을 증가시킬 수 있음","","정상"
"병용금기","단일",D001763,Lurasidone,"루라시돈","","[A110986]루라시돈","[01170]정신신경용제","단일",D000712,Ritonavir,"리토나비르","","[M259362]리토나비르","[06290]기타의 화학요법제",20250714,"- Lurasidone의 노출을 증가시킬 수 있음","","정상"
"병용금기","단일",D001763,Lurasidone,"루라시돈","","[A110986]루라시돈","[01170]정신신경용제","단일",D000443,Voriconazole,"보리코나졸","","[I005813]보리코나졸/[M102252]보리코나졸","[06290]기타의 화학요법제",20250714,"- Lurasidone의 노출을 증가시킬 수 있음","","정상"
"병용금기","단일",D001763,Lurasidone,"루라시돈","","[A110986]루라시돈","[01170]정신신경용제","단일",D000476,Carbamazepine,"카르바마제핀","","[M040569]카르바마제핀/[M201734]카바마제핀","[01130]항전간제",20250714,"- Lurasidone의 노출을 감소시킬 수 있음","","정상"
"병용금기","단일",D001763,Lurasidone,"루라시돈","","[A110986]루라시돈","[01170]정신신경용제","단일",D000595,Phenytoin,"페니토인","","[M051706]페니토인/[M051707]페니토인나트륨","[01130]항전간제",20250714,"- Lurasidone의 노출을 감소시킬 수 있음","","정상"
"병용금기","단일",D001763,Lurasidone,"루라시돈","","[A110986]루라시돈","[01170]정신신경용제","단일",D000314,Rifampicin,"리팜피신","","[M020042]리팜피신","[06130]주로 항산성균에 작용하는 것",20250714,"- Lurasidone의 노출을 감소시킬 수 있음","","정상"
"병용금기","단일",D001763,Lurasidone,"루라시돈","","[A110986]루라시돈","[01170]정신신경용제","단일",D000447,"St. Johns Wort","세인트존스워트","","[M220509]세인트존스워트/[M248295]세인트존스워트80%메탄올엑스/[M255952]세인트존스워트50%에탄올엑스/[M256845]세인트존스워트틴크D2/[M258013]세인트존스워트80%메탄올건조엑스","[01190]기타의 중추신경용약",20250714,"- Lurasidone의 노출을 감소시킬 수 있음","","정상"
"병용금기","단일",D001783,Ozanimod,"오자니모드","","[A110893]오자니모드","[01420]자격요법제(비특이성면역억제제를 포함)","단일",D000139,"Selegiline Hydrochloride","셀레길린염산염","","[M222864]셀레길린염산염","[01190]기타의 중추신경용약",20250714,"- Ozanimod의 노출을 감소시킬 수 있음","","정상"
"병용금기","단일",D001693,Bosutinib,"보수티닙","","[M266097]보수티닙일수화물","[04210]항악성종양제","단일",D000769,Ketoconazole,"케토코나졸","","[M080618]케토코나졸","[06410]항원충제/[06290]기타의 화학요법제",20250714,"- Bosutinib의 혈중농도를 증가시켜 독성위험을 증가시킬 수 있음","","정상"
"병용금기","단일",D001693,Bosutinib,"보수티닙","","[M266097]보수티닙일수화물","[04210]항악성종양제","단일",D000314,Rifampicin,"리팜피신","","[M020042]리팜피신","[06130]주로 항산성균에 작용하는 것",20250714,"- Bosutinib의 혈중농도를 감소시켜 유효성을 감소시킬 수 있음","","정상"
"병용금기","단일",D001784,Tucatinib,"투카티닙","","[A110945]투카티닙","[04210]항악성종양제","단일",D000314,Rifampicin,"리팜피신","","[M020042]리팜피신","[06130]주로 항산성균에 작용하는 것",20250714,"- Tucatinib의 혈중농도를 감소시켜 유효성을 감소시킬 수 있음","","정상"
"병용금기","단일",D001703,Zanubrutinib,"자누브루티닙","","[M281881]자누브루티닙","[04210]항악성종양제","단일",D000476,Carbamazepine,"카르바마제핀","","[M040569]카르바마제핀/[M201734]카바마제핀","[01130]항전간제",20250714,"- Zanubrutinib의 혈중농도를 감소시켜 유효성을 감소시킬 수 있음","","정상"
"병용금기","단일",D001703,Zanubrutinib,"자누브루티닙","","[M281881]자누브루티닙","[04210]항악성종양제","단일",D000595,Phenytoin,"페니토인","","[M051706]페니토인/[M051707]페니토인나트륨","[01130]항전간제",20250714,"- Zanubrutinib의 혈중농도를 감소시켜 유효성을 감소시킬 수 있음","","정상"
"병용금기","단일",D001703,Zanubrutinib,"자누브루티닙","","[M281881]자누브루티닙","[04210]항악성종양제","단일",D000314,Rifampicin,"리팜피신","","[M020042]리팜피신","[06130]주로 항산성균에 작용하는 것",20250714,"- Zanubrutinib의 혈중농도를 감소시켜 유효성을 감소시킬 수 있음","","정상"
"병용금기","단일",D001703,Zanubrutinib,"자누브루티닙","","[M281881]자누브루티닙","[04210]항악성종양제","단일",D000447,"St. Johns Wort","세인트존스워트","","[M220509]세인트존스워트/[M248295]세인트존스워트80%메탄올엑스/[M255952]세인트존스워트50%에탄올엑스/[M256845]세인트존스워트틴크D2/[M258013]세인트존스워트80%메탄올건조엑스","[01190]기타의 중추신경용약",20250714,"- Zanubrutinib의 혈중농도를 감소시켜 유효성을 감소시킬 수 있음","","정상"
"병용금기","단일",D001748,Cabotegravir,"카보테그라비르","","[A110673]카보테그라비르","[06290]기타의 화학요법제","단일",D001081,Rifabutin,"리파부틴","","[I003537]리파부틴/[M089091]리파부틴","[06130]주로 항산성균에 작용하는 것",20250714,"Cabotegravir 혈중농도 감소로 치료 효과 감소","HIV-1 감염 치료를 위한 Rilpivirine 주사와의 병용요법에 한함","정상"
"병용금기","단일",D000225,Rilpivirine,"릴피비린","","[A005225]릴피비린/[M253921]릴피비린염산염","[06290]기타의 화학요법제","단일",D001081,Rifabutin,"리파부틴","","[I003537]리파부틴/[M089091]리파부틴","[06130]주로 항산성균에 작용하는 것",20250714,"Rilpivirine 혈중농도 감소로 치료효과 감소 혹은 내성발현","주사제","정상"
"병용금기","단일",D000201,Dronedarone,"드로네다론","","[M249412]드로네다론염산염","[02120]부정맥용제","단일",D000212,"Flecainide Acetate","플레카이니드아세테이트","","[M201704]초산플레카이니드/[M239215]플레카이니드아세테이트/[M257171]플레카이니드아세트산염","[02120]부정맥용제",20250714,"QT 간격을 연장시키고 염전성 심실빈맥 발생 위험을 높일 수 있음","","정상"
"병용금기","단일",D000201,Dronedarone,"드로네다론","","[M249412]드로네다론염산염","[02120]부정맥용제","단일",D000515,Propafenone,"프로파페논","","[M081415]염산프로파페논/[M222902]프로파페논염산염","[02120]부정맥용제",20250714,"QT 간격을 연장시키고 염전성 심실빈맥 발생 위험을 높일 수 있음","","정상"
"병용금기","단일",D000201,Dronedarone,"드로네다론","","[M249412]드로네다론염산염","[02120]부정맥용제","단일",D000022,Sotalol,"소타롤","","[A005022]소타롤","[02120]부정맥용제",20250714,"QT 간격을 연장시키고 염전성 심실빈맥 발생 위험을 높일 수 있음","","정상"
"병용금기","단일",D000201,Dronedarone,"드로네다론","","[M249412]드로네다론염산염","[02120]부정맥용제","단일",D000334,Cyclosporine,"사이클로스포린","","[A005971]시클로스포린/[M040068]마이크로에멀젼용시클로스포린/[M085282]사이클로스포린/[M085565]시클로스포린","[01420]자격요법제(비특이성면역억제제를 포함)",20250714,"Dronedarone 노출량 증가","","정상"
"병용금기","단일",D000201,Dronedarone,"드로네다론","","[M249412]드로네다론염산염","[02120]부정맥용제","단일",D000373,Clarithromycin,"클래리트로마이신","","[M085725]클래리스로마이신/[M087123]클래리스로마이신코팅입자/[M102127]클래리스로마이신제피과립/[M222887]클래리트로마이신/[M223198]클래리트로마이신/[M245961]클래리트로마이신제피과립/[M256483]클래리트로마이신제피과립(42%)","[06190]기타의 항생물질제제(복합항생물질제제를 포함)",20250714,"Dronedarone 노출량 증가","","정상"
"병용금기","단일",D000201,Dronedarone,"드로네다론","","[M249412]드로네다론염산염","[02120]부정맥용제","단일",D000712,Ritonavir,"리토나비르","","[M259362]리토나비르","[06290]기타의 화학요법제",20250714,"Dronedarone 노출량 증가","","정상"
"병용금기","단일",D000201,Dronedarone,"드로네다론","","[M249412]드로네다론염산염","[02120]부정맥용제","단일",D000443,Voriconazole,"보리코나졸","","[I005813]보리코나졸/[M102252]보리코나졸","[06290]기타의 화학요법제",20250714,"Dronedarone 노출량 증가","","정상"
"병용금기","단일",D000201,Dronedarone,"드로네다론","","[M249412]드로네다론염산염","[02120]부정맥용제","단일",D000769,Ketoconazole,"케토코나졸","","[M080618]케토코나졸","[06290]기타의 화학요법제/[06410]항원충제",20250714,"Dronedarone 노출량 증가","","정상"
"병용금기","단일",D000201,Dronedarone,"드로네다론","","[M249412]드로네다론염산염","[02120]부정맥용제","단일",D000256,Erythromycin,"에리트로마이신","","[M020095]에리스로마이신/[M020096]락토비온산에리스로마이신/[M020099]에리스로마이신에스톨레이트/[M020201]프로피온산에리스로마이신/[M223129]에리트로마이신/[M223130]에리트로마이신스테아르산염/[M223131]에리트로마이신에스톨산염/[M223132]에리트로마이신에틸숙시네이트/[M251863]에리트로마이신락토비온산염/[M256206]에리트로마이신 장용피입자/[M257644]에리트로마이신스티노프레이트","[06150]주로 그람양성, 음성균, 리케치아, 비루스에 작용하는 것/[06140]주로 그람양성균, 리케치아, 비루스에 작용하는 것",20250714,"QT 간격을 연장시키고 염전성 심실빈맥 발생 위험을 높일 수 있음","","정상"
"병용금기","단일",D000201,Dronedarone,"드로네다론","","[M249412]드로네다론염산염","[02120]부정맥용제","단일",D000282,Phenobarbital,"페노바르비탈","","[M040685]페노바르비탈/[M217088]페노바르비탈나트륨","[01120]최면진정제",20250714,"Dronedarone 노출량 감소","","정상"
"병용금기","단일",D000201,Dronedarone,"드로네다론","","[M249412]드로네다론염산염","[02120]부정맥용제","단일",D000476,Carbamazepine,"카르바마제핀","","[M040569]카르바마제핀/[M201734]카바마제핀","[01130]항전간제",20250714,"Dronedarone 노출량 감소","","정상"
"병용금기","단일",D000201,Dronedarone,"드로네다론","","[M249412]드로네다론염산염","[02120]부정맥용제","단일",D000595,Phenytoin,"페니토인","","[M051706]페니토인/[M051707]페니토인나트륨","[01130]항전간제",20250714,"Dronedarone 노출량 감소","","정상"
"병용금기","단일",D000201,Dronedarone,"드로네다론","","[M249412]드로네다론염산염","[02120]부정맥용제","단일",D000447,"St. Johns Wort","세인트존스워트","","[M220509]세인트존스워트/[M248295]세인트존스워트80%메탄올엑스/[M255952]세인트존스워트50%에탄올엑스/[M256845]세인트존스워트틴크D2/[M258013]세인트존스워트80%메탄올건조엑스","[01190]기타의 중추신경용약",20250714,"Dronedarone 노출량 감소","","정상"
"병용금기","단일",D000201,Dronedarone,"드로네다론","","[M249412]드로네다론염산염","[02120]부정맥용제","단일",D000314,Rifampicin,"리팜피신","","[M020042]리팜피신","[06130]주로 항산성균에 작용하는 것",20250714,"Dronedarone 노출량 감소","","정상"
"병용금기","복합",D000707,Fluticasone,"플루티카손","[D001781]Salmeterol(살메테롤)","[M070463]프로피온산플루티카손/[M222904]플루티카손프로피오네이트/[M233016]미분화플루티카손푸로에이트/[M241930]플루티카손프로피오네이트(미분화)/[M243509]플루티카손프로피오네이트(미분화)/[M259812]플루티카손푸로에이트(미분화)/[A000519]살메테롤","[02220]진해거담제","단일",D000769,Ketoconazole,"케토코나졸","","[M080618]케토코나졸","[06290]기타의 화학요법제/[06410]항원충제",20250714,"- Fluticasone의 혈중농도 증가로 쿠싱증후군 및 부신억제와 같은 전신 코르티코스테로이드 효과 나타날 수 있음 - Salmeterol의 혈중농도 증가로 QT연장, 심계항진 등 심혈관계 이상반응 위험 증가","","정상"
"병용금기","복합",D000707,Fluticasone,"플루티카손","[D001781]Salmeterol(살메테롤)","[M070463]프로피온산플루티카손/[M222904]플루티카손프로피오네이트/[M233016]미분화플루티카손푸로에이트/[M241930]플루티카손프로피오네이트(미분화)/[M243509]플루티카손프로피오네이트(미분화)/[M259812]플루티카손푸로에이트(미분화)/[A000519]살메테롤","[02220]진해거담제","단일",D000762,Itraconazole,"이트라코나졸","","[M083733]이트라코나졸제피과립/[M083734]이트라코나졸/[M092870]이트라코나졸고체분산체/[M201487]이트라코나졸고체분산/[M201624]제피이트라코나졸과립","[06290]기타의 화학요법제",20250714,"- Fluticasone의 혈중농도 증가로 쿠싱증후군 및 부신억제와 같은 전신 코르티코스테로이드 효과 나타날 수 있음 - Salmeterol의 혈중농도 증가로 QT연장, 심계항진 등 심혈관계 이상반응 위험 증가","","정상"
"병용금기","단일",D000820,Alitretinoin,"알리트레티노인","","[M256772]알리트레티노인","[03110]비타민 A 및 D제","단일",D000503,Doxycycline,"독시사이클린","","[M020026]독시사이클린/[M020027]독시사이클린하이클레이트/[M084576]독시사이클린/[M222836]독시사이클린수화물/[M222960]독시사이클린하이클레이트수화물","[06150]주로 그람양성, 음성균, 리케치아, 비루스에 작용하는 것",20250714,"- 양성 두개내압 상승(가성뇌종양) 보고","","정상"
"병용금기","단일",D000820,Alitretinoin,"알리트레티노인","","[M256772]알리트레티노인","[03110]비타민 A 및 D제","단일",D000127,Minocycline,"미노사이클린","","[M223036]미노사이클린염산염","[06150]주로 그람양성, 음성균, 리케치아, 비루스에 작용하는 것",20250714,"- 양성 두개내압 상승(가성뇌종양) 보고","","정상"
"병용금기","단일",D000820,Alitretinoin,"알리트레티노인","","[M256772]알리트레티노인","[03110]비타민 A 및 D제","단일",D000064,Tetracycline,"테트라사이클린","","[M223235]테트라사이클린염산염","[06150]주로 그람양성, 음성균, 리케치아, 비루스에 작용하는 것",20250714,"- 양성 두개내압 상승(가성뇌종양) 보고","","정상"
"병용금기","단일",D000820,Alitretinoin,"알리트레티노인","","[M256772]알리트레티노인","[03110]비타민 A 및 D제","단일",D000182,Tigecycline,"타이제사이클린","","[M215175]타이제사이클린","[06180]주로 그람양성, 음성균에 작용하는 것",20250714,"- 양성 두개내압 상승(가성뇌종양) 보고","","정상"
"병용금기","단일",D000820,Alitretinoin,"알리트레티노인","","[M256772]알리트레티노인","[03110]비타민 A 및 D제","단일",D000019,Acitretin,"아시트레틴","","[M086538]분무건조아시트레틴25%","[03110]비타민 A 및 D제",20250714,"- 비타민A과다증","","정상"
"병용금기","복합",D000707,Fluticasone,"플루티카손","[D001781]Salmeterol(살메테롤)","[M070463]프로피온산플루티카손/[M222904]플루티카손프로피오네이트/[M233016]미분화플루티카손푸로에이트/[M241930]플루티카손프로피오네이트(미분화)/[M243509]플루티카손프로피오네이트(미분화)/[M259812]플루티카손푸로에이트(미분화)/[A000519]살메테롤","[02220]진해거담제","단일",D000712,Ritonavir,"리토나비르","","[M259362]리토나비르","[06290]기타의 화학요법제",20250714,"- Fluticasone의 혈중농도 증가로 쿠싱증후군 및 부신억제와 같은 전신 코르티코스테로이드 효과 나타날 수 있음 - Salmeterol의 혈중농도 증가로 QT연장, 심계항진 등 심혈관계 이상반응 위험 증가","","정상"
"병용금기","단일",D000820,Alitretinoin,"알리트레티노인","","[M256772]알리트레티노인","[03110]비타민 A 및 D제","단일",D000758,Isotretinoin,"이소트레티노인","","[M088250]이소트레티노인","[03110]비타민 A 및 D제",20250714,"- 비타민A과다증","","정상"
"병용금기","단일",D000820,Alitretinoin,"알리트레티노인","","[M256772]알리트레티노인","[03110]비타민 A 및 D제","단일",D000488,Tretinoin,"트레티노인","","[M051617]트레티노인","[04290]기타의 종양치료제",20250714,"- 비타민A과다증","","정상"
"병용금기","단일",D000019,Acitretin,"아시트레틴","","[M086538]분무건조아시트레틴25%","[03110]비타민 A 및 D제","단일",D000182,Tigecycline,"타이제사이클린","","[M215175]타이제사이클린","[06180]주로 그람양성, 음성균에 작용하는 것",20250714,"- 두개내압 상승 위험","","정상"
"병용금기","단일",D000019,Acitretin,"아시트레틴","","[M086538]분무건조아시트레틴25%","[03110]비타민 A 및 D제","단일",D000758,Isotretinoin,"이소트레티노인","","[M088250]이소트레티노인","[03110]비타민 A 및 D제",20250714,"- 비타민A과다증","","정상"
"병용금기","단일",D000019,Acitretin,"아시트레틴","","[M086538]분무건조아시트레틴25%","[03110]비타민 A 및 D제","단일",D000488,Tretinoin,"트레티노인","","[M051617]트레티노인","[04290]기타의 종양치료제",20250714,"- 비타민A과다증","","정상"
"병용금기","단일",D000758,Isotretinoin,"이소트레티노인","","[M088250]이소트레티노인","[03110]비타민 A 및 D제","단일",D000182,Tigecycline,"타이제사이클린","","[M215175]타이제사이클린","[06180]주로 그람양성, 음성균에 작용하는 것",20250714,"- 가성뇌종양 보고","","정상"
"병용금기","단일",D000488,Tretinoin,"트레티노인","","[M051617]트레티노인","[04290]기타의 종양치료제","단일",D000182,Tigecycline,"타이제사이클린","","[M215175]타이제사이클린","[06180]주로 그람양성, 음성균에 작용하는 것",20250714,"- 뇌내압 상승 위험","","정상"
"병용금기","단일",D001418,Ribociclib,"리보시클립","","[A110474]리보시클립/[M270078]리보시클립숙신산염","[04210]항악성종양제","단일",D000476,Carbamazepine,"카르바마제핀","","[M040569]카르바마제핀/[M201734]카바마제핀","[01130]항전간제",20251223,"- 강력한 CYP3A 유도제와의 병용투여는 Ribociclib의 혈장 노출을 감소시킬 수 있음","","정상"
"병용금기","단일",D001418,Ribociclib,"리보시클립","","[A110474]리보시클립/[M270078]리보시클립숙신산염","[04210]항악성종양제","단일",D000595,Phenytoin,"페니토인","","[M051706]페니토인/[M051707]페니토인나트륨","[01130]항전간제",20251223,"- 강력한 CYP3A 유도제와의 병용투여는 Ribociclib의 혈장 노출을 감소시킬 수 있음","","정상"
"병용금기","단일",D001418,Ribociclib,"리보시클립","","[A110474]리보시클립/[M270078]리보시클립숙신산염","[04210]항악성종양제","단일",D000314,Rifampicin,"리팜피신","","[M020042]리팜피신","[06130]주로 항산성균에 작용하는 것",20251223,"- 강력한 CYP3A 유도제(Rifampicin)와의 병용투여는 건강한 시험대상자에서 Ribociclib의 혈장 노출을 89%까지 감소시킴","","정상"
"병용금기","단일",D001418,Ribociclib,"리보시클립","","[A110474]리보시클립/[M270078]리보시클립숙신산염","[04210]항악성종양제","복합",D000314,Rifampicin,"리팜피신","[D000265]Isoniazid(이소니아지드)","[M020042]리팜피신/[M223170]이소니아지드","[06220]항결핵제",20251223,"- 강력한 CYP3A 유도제(Rifampicin)와의 병용투여는 건강한 시험대상자에서 Ribociclib의 혈장 노출을 89%까지 감소시킴","","정상"
"병용금기","단일",D001418,Ribociclib,"리보시클립","","[A110474]리보시클립/[M270078]리보시클립숙신산염","[04210]항악성종양제","복합",D000314,Rifampicin,"리팜피신","[D000265]Isoniazid(이소니아지드)/[D000802]Pyrazinamide(피라진아미드)/[D001324]Ethambutol(에탐부톨)","[M020042]리팜피신/[M223170]이소니아지드/[M040746]피라진아미드/[A000830]에탐부톨","[06130]주로 항산성균에 작용하는 것",20251223,"- 강력한 CYP3A 유도제(Rifampicin)와의 병용투여는 건강한 시험대상자에서 Ribociclib의 혈장 노출을 89%까지 감소시킴","","정상"
"병용금기","단일",D001418,Ribociclib,"리보시클립","","[A110474]리보시클립/[M270078]리보시클립숙신산염","[04210]항악성종양제","복합",D000314,Rifampicin,"리팜피신","[D001812]Isonicotinic acid hydrazide(이소니코틴산히드라짓)","[M020042]리팜피신/[M223170]이소니아지드","[06220]항결핵제",20251223,"- 강력한 CYP3A 유도제(Rifampicin)와의 병용투여는 건강한 시험대상자에서 Ribociclib의 혈장 노출을 89%까지 감소시킴","","정상"
"병용금기","단일",D001598,Ponatinib,"포나티닙","","[A003172]포나티닙","[04210]항악성종양제","단일",D000476,Carbamazepine,"카르바마제핀","","[M040569]카르바마제핀/[M201734]카바마제핀","[01130]항전간제",20251223,"- Ponatinib의 노출 감소","","정상"
"병용금기","단일",D001598,Ponatinib,"포나티닙","","[A003172]포나티닙","[04210]항악성종양제","단일",D000595,Phenytoin,"페니토인","","[M051706]페니토인/[M051707]페니토인나트륨","[01130]항전간제",20251223,"- Ponatinib의 노출 감소","","정상"
"병용금기","단일",D001598,Ponatinib,"포나티닙","","[A003172]포나티닙","[04210]항악성종양제","단일",D000314,Rifampicin,"리팜피신","","[M020042]리팜피신","[06130]주로 항산성균에 작용하는 것",20251223,"- Ponatinib의 노출 감소","","정상"
"병용금기","단일",D001598,Ponatinib,"포나티닙","","[A003172]포나티닙","[04210]항악성종양제","복합",D000314,Rifampicin,"리팜피신","[D000265]Isoniazid(이소니아지드)","[M020042]리팜피신/[M223170]이소니아지드","[06220]항결핵제",20251223,"- Ponatinib의 노출 감소","","정상"
"병용금기","단일",D001598,Ponatinib,"포나티닙","","[A003172]포나티닙","[04210]항악성종양제","복합",D000314,Rifampicin,"리팜피신","[D001812]Isonicotinic acid hydrazide(이소니코틴산히드라짓)","[M020042]리팜피신/[M223170]이소니아지드","[06220]항결핵제",20251223,"","","정상"
"병용금기","단일",D001598,Ponatinib,"포나티닙","","[A003172]포나티닙","[04210]항악성종양제","복합",D000314,Rifampicin,"리팜피신","[D000802]Pyrazinamide(피라진아미드)/[D000265]Isoniazid(이소니아지드)/[D001324]Ethambutol(에탐부톨)","[M020042]리팜피신/[M040746]피라진아미드/[M223170]이소니아지드/[A000830]에탐부톨","[06130]주로 항산성균에 작용하는 것",20251223,"- Ponatinib의 노출 감소","","정상"
"병용금기","단일",D001598,Ponatinib,"포나티닙","","[A003172]포나티닙","[04210]항악성종양제","단일",D000447,"St. Johns Wort","세인트존스워트","","[M220509]세인트존스워트/[M248295]세인트존스워트80%메탄올엑스/[M255952]세인트존스워트50%에탄올엑스/[M256845]세인트존스워트틴크D2/[M258013]세인트존스워트80%메탄올건조엑스","[03980]종합대사성제제/[01190]기타의 중추신경용약",20251223,"- Ponatinib의 노출 감소","","정상"
"병용금기","단일",D000700,Pethidine,"페티딘","","[M223282]페티딘염산염/[M225648]염산페치딘","[08210]합성마약","단일",D000712,Ritonavir,"리토나비르","","[M259362]리토나비르","[06290]기타의 화학요법제",20251223,"- Ritonavir와 병용 시 Pethidine의 독성이 나타날 위험이 있음","","정상"
"병용금기","단일",D001711,Ixazomib,"익사조밉","","[A002769]익사조밉","[04210]항악성종양제","단일",D000476,Carbamazepine,"카르바마제핀","","[M040569]카르바마제핀/[M201734]카바마제핀","[01130]항전간제",20251223,"- Ixazomib의 효과 감소","","정상"
"병용금기","단일",D001711,Ixazomib,"익사조밉","","[A002769]익사조밉","[04210]항악성종양제","단일",D000595,Phenytoin,"페니토인","","[M051706]페니토인/[M051707]페니토인나트륨","[01130]항전간제",20251223,"- Ixazomib의 효과 감소","","정상"
"병용금기","단일",D001711,Ixazomib,"익사조밉","","[A002769]익사조밉","[04210]항악성종양제","단일",D000314,Rifampicin,"리팜피신","","[M020042]리팜피신","[06130]주로 항산성균에 작용하는 것",20251223,"- Ixazomib의 효과 감소","","정상"
"병용금기","단일",D001711,Ixazomib,"익사조밉","","[A002769]익사조밉","[04210]항악성종양제","단일",D000447,"St. Johns Wort","세인트존스워트","","[M220509]세인트존스워트/[M248295]세인트존스워트80%메탄올엑스/[M255952]세인트존스워트50%에탄올엑스/[M256845]세인트존스워트틴크D2/[M258013]세인트존스워트80%메탄올건조엑스","[03980]종합대사성제제/[01190]기타의 중추신경용약",20251223,"- Ixazomib의 효과 감소","","정상"
"병용금기","단일",D001711,Ixazomib,"익사조밉","","[A002769]익사조밉","[04210]항악성종양제","복합",D000314,Rifampicin,"리팜피신","[D000265]Isoniazid(이소니아지드)","[M020042]리팜피신/[M223170]이소니아지드","[06220]항결핵제",20251223,"- Ixazomib의 효과 감소","","정상"
"병용금기","단일",D001711,Ixazomib,"익사조밉","","[A002769]익사조밉","[04210]항악성종양제","복합",D000314,Rifampicin,"리팜피신","[D001812]Isonicotinic acid hydrazide(이소니코틴산히드라짓)","[M020042]리팜피신/[M223170]이소니아지드","[06220]항결핵제",20251223,"- Ixazomib의 효과 감소","","정상"
"병용금기","단일",D001711,Ixazomib,"익사조밉","","[A002769]익사조밉","[04210]항악성종양제","복합",D000314,Rifampicin,"리팜피신","[D000265]Isoniazid(이소니아지드)/[D000802]Pyrazinamide(피라진아미드)/[D001324]Ethambutol(에탐부톨)","[M020042]리팜피신/[M223170]이소니아지드/[M040746]피라진아미드/[A000830]에탐부톨","[06130]주로 항산성균에 작용하는 것",20251223,"- Ixazomib의 효과 감소","","정상"
"병용금기","단일",D001594,Midostaurin,"미도스타우린","","[A110202]미도스타우린","[04210]항악성종양제","단일",D000476,Carbamazepine,"카르바마제핀","","[M040569]카르바마제핀/[M201734]카바마제핀","[01130]항전간제",20251223,"- Midostaurin과 활성 대사체의 혈중 농도 감소","","정상"
"병용금기","단일",D001594,Midostaurin,"미도스타우린","","[A110202]미도스타우린","[04210]항악성종양제","단일",D001079,Enzalutamide,"엔잘루타마이드","","[M257255]엔잘루타마이드","[04210]항악성종양제",20251223,"- Midostaurin과 활성 대사체의 혈중 농도 감소","","정상"
"병용금기","단일",D001594,Midostaurin,"미도스타우린","","[A110202]미도스타우린","[04210]항악성종양제","단일",D000595,Phenytoin,"페니토인","","[M051706]페니토인/[M051707]페니토인나트륨","[01130]항전간제",20251223,"- Midostaurin과 활성 대사체의 혈중 농도 감소","","정상"
"병용금기","단일",D001594,Midostaurin,"미도스타우린","","[A110202]미도스타우린","[04210]항악성종양제","단일",D000314,Rifampicin,"리팜피신","","[M020042]리팜피신","[06130]주로 항산성균에 작용하는 것",20251223,"- Midostaurin과 활성 대사체의 혈중 농도 감소","","정상"
"병용금기","단일",D001594,Midostaurin,"미도스타우린","","[A110202]미도스타우린","[04210]항악성종양제","복합",D000314,Rifampicin,"리팜피신","[D000265]Isoniazid(이소니아지드)","[M020042]리팜피신/[M223170]이소니아지드","[06220]항결핵제",20251223,"- Midostaurin과 활성 대사체의 혈중 농도 감소","","정상"
"병용금기","단일",D001594,Midostaurin,"미도스타우린","","[A110202]미도스타우린","[04210]항악성종양제","단일",D001812,"Isonicotinic acid hydrazide","이소니코틴산히드라짓","","[M223170]이소니아지드","[06220]항결핵제",20251223,"- Midostaurin과 활성 대사체의 혈중 농도 감소","","삭제"
"병용금기","단일",D001594,Midostaurin,"미도스타우린","","[A110202]미도스타우린","[04210]항악성종양제","복합",D000314,Rifampicin,"리팜피신","[D000802]Pyrazinamide(피라진아미드)/[D000265]Isoniazid(이소니아지드)/[D001324]Ethambutol(에탐부톨)","[M020042]리팜피신/[M040746]피라진아미드/[M223170]이소니아지드/[A000830]에탐부톨","[06130]주로 항산성균에 작용하는 것",20251223,"- Midostaurin과 활성 대사체의 혈중 농도 감소","","정상"
"병용금기","단일",D001594,Midostaurin,"미도스타우린","","[A110202]미도스타우린","[04210]항악성종양제","단일",D000447,"St. Johns Wort","세인트존스워트","","[M220509]세인트존스워트/[M248295]세인트존스워트80%메탄올엑스/[M255952]세인트존스워트50%에탄올엑스/[M256845]세인트존스워트틴크D2/[M258013]세인트존스워트80%메탄올건조엑스","[03980]종합대사성제제/[01190]기타의 중추신경용약",20251223,"- Midostaurin과 활성 대사체의 혈중 농도 감소","","정상"
"병용금기","단일",D001418,Ribociclib,"리보시클립","","[A110474]리보시클립/[M270078]리보시클립숙신산염","[04210]항악성종양제","단일",D000447,"St. Johns Wort","세인트존스워트","","[M220509]세인트존스워트/[M248295]세인트존스워트80%메탄올엑스/[M255952]세인트존스워트50%에탄올엑스/[M256845]세인트존스워트틴크D2/[M258013]세인트존스워트80%메탄올건조엑스","[03980]종합대사성제제/[01190]기타의 중추신경용약",20251223,"- 강력한 CYP3A 유도제와의 병용투여는 Ribociclib의 혈장 노출을 감소시킬 수 있음","","정상"
"병용금기","단일",D001418,Ribociclib,"리보시클립","","[A110474]리보시클립/[M270078]리보시클립숙신산염","[04210]항악성종양제","단일",D000259,Amiodarone,"아미오다론","","[A005259]아미오다론","[02120]부정맥용제",20251223,"- QT 간격 연장을 유발할 수 있음","","정상"
"병용금기","단일",D001418,Ribociclib,"리보시클립","","[A110474]리보시클립/[M270078]리보시클립숙신산염","[04210]항악성종양제","단일",D000022,Sotalol,"소타롤","","[A005022]소타롤","[02120]부정맥용제",20251223,"- QT 간격 연장을 유발할 수 있음","","정상"
"병용금기","단일",D001418,Ribociclib,"리보시클립","","[A110474]리보시클립/[M270078]리보시클립숙신산염","[04210]항악성종양제","단일",D000373,Clarithromycin,"클래리트로마이신","","[M085725]클래리스로마이신/[M087123]클래리스로마이신코팅입자/[M102127]클래리스로마이신제피과립/[M222887]클래리트로마이신/[M223198]클래리트로마이신/[M245961]클래리트로마이신제피과립/[M256483]클래리트로마이신제피과립(42%)","[06190]기타의 항생물질제제(복합항생물질제제를 포함)",20251223,"- QT 간격 연장을 유발할 수 있음","","정상"
"병용금기","단일",D001418,Ribociclib,"리보시클립","","[A110474]리보시클립/[M270078]리보시클립숙신산염","[04210]항악성종양제","단일",D000113,Haloperidol,"할로페리돌","","[M040766]할로페리돌/[M089302]할로페리돌데카노에이트","[01170]정신신경용제",20251223,"- QT 간격 연장을 유발할 수 있음","","정상"
"병용금기","단일",D001418,Ribociclib,"리보시클립","","[A110474]리보시클립/[M270078]리보시클립숙신산염","[04210]항악성종양제","단일",D000430,Moxifloxacin,"목시플록사신","","[M090822]염산목시플록사신/[M247915]목시플록사신염산염/[M247929]목시플록사신","[06290]기타의 화학요법제/[01310]안과용제",20251223,"- QT 간격 연장을 유발할 수 있음","","정상"
"병용금기","단일",D001418,Ribociclib,"리보시클립","","[A110474]리보시클립/[M270078]리보시클립숙신산염","[04210]항악성종양제","단일",D000470,Ondansetron,"온단세트론","","[M086743]염산온단세트론이수화물/[M088519]온단세트론/[M222878]온단세트론염산염수화물/[M257638]온단세트론염산염","[02350]최토제, 진토제",20251223,"- QT 간격 연장을 유발할 수 있음","","정상"
"병용금기","단일",D001418,Ribociclib,"리보시클립","","[A110474]리보시클립/[M270078]리보시클립숙신산염","[04210]항악성종양제","단일",D000213,Pimozide,"피모짓","","[M071691]피모짓","[01170]정신신경용제",20251223,"- QT 간격 연장을 유발할 수 있음","","정상"
"병용금기","복합",D001419,Bictegravir,"빅테그라비르","[D000665]Emtricitabine(엠트리시타빈)/[D001420]Tenofovir alafenamide(테노포비르알라페나미드)","[A110225]빅테그라비르/[M268156]빅테그라비르나트륨/[M250026]엠트리시타빈/[M118368]테노포비르알라페나미드푸마르산염/[M279141]테노포비르알라페나미드숙신산염/[M279170]테노포비르알라페나미드헤미말산염","[06290]기타의 화학요법제","단일",D000314,Rifampicin,"리팜피신","","[M020042]리팜피신","[06130]주로 항산성균에 작용하는 것",20251223,"- Bictegravir의 혈중 농도 감소로 인해 치료 효과 소실 및 내성 발현 야기 가능","","정상"
"병용금기","복합",D001419,Bictegravir,"빅테그라비르","[D000665]Emtricitabine(엠트리시타빈)/[D001420]Tenofovir alafenamide(테노포비르알라페나미드)","[A110225]빅테그라비르/[M268156]빅테그라비르나트륨/[M250026]엠트리시타빈/[M118368]테노포비르알라페나미드푸마르산염/[M279141]테노포비르알라페나미드숙신산염/[M279170]테노포비르알라페나미드헤미말산염","[06290]기타의 화학요법제","복합",D000314,Rifampicin,"리팜피신","[D000265]Isoniazid(이소니아지드)","[M020042]리팜피신/[M223170]이소니아지드","[06220]항결핵제",20251223,"- Bictegravir의 혈중 농도 감소로 인해 치료 효과 소실 및 내성 발현 야기 가능","","정상"
"병용금기","복합",D001419,Bictegravir,"빅테그라비르","[D000665]Emtricitabine(엠트리시타빈)/[D001420]Tenofovir alafenamide(테노포비르알라페나미드)","[A110225]빅테그라비르/[M268156]빅테그라비르나트륨/[M250026]엠트리시타빈/[M118368]테노포비르알라페나미드푸마르산염/[M279141]테노포비르알라페나미드숙신산염/[M279170]테노포비르알라페나미드헤미말산염","[06290]기타의 화학요법제","복합",D000314,Rifampicin,"리팜피신","[D001812]Isonicotinic acid hydrazide(이소니코틴산히드라짓)","[M020042]리팜피신/[M223170]이소니아지드","[06220]항결핵제",20251223,"- Bictegravir의 혈중 농도 감소로 인해 치료 효과 소실 및 내성 발현 야기 가능","","정상"
"병용금기","단일",D001563,Doravirine,"도라비린","","[A110504]도라비린","[06290]기타의 화학요법제","단일",D000476,Carbamazepine,"카르바마제핀","","[M040569]카르바마제핀/[M201734]카바마제핀","[01130]항전간제",20251223,"- Doravirine의 혈장농도가 유의하게 감소하여 약효가 떨어질 수 있음","","정상"
"병용금기","단일",D001563,Doravirine,"도라비린","","[A110504]도라비린","[06290]기타의 화학요법제","단일",D000263,Oxcarbazepine,"옥스카르바제핀","","[M086765]옥스카르바제핀","[01130]항전간제",20251223,"- Doravirine의 혈장농도가 유의하게 감소하여 약효가 떨어질 수 있음","","정상"
"병용금기","단일",D001563,Doravirine,"도라비린","","[A110504]도라비린","[06290]기타의 화학요법제","단일",D000282,Phenobarbital,"페노바르비탈","","[M040685]페노바르비탈/[M217088]페노바르비탈나트륨","[01120]최면진정제",20251223,"- Doravirine의 혈장농도가 유의하게 감소하여 약효가 떨어질 수 있음","","정상"
"병용금기","단일",D001563,Doravirine,"도라비린","","[A110504]도라비린","[06290]기타의 화학요법제","단일",D000595,Phenytoin,"페니토인","","[M051706]페니토인/[M051707]페니토인나트륨","[01130]항전간제",20251223,"- Doravirine의 혈장농도가 유의하게 감소하여 약효가 떨어질 수 있음","","정상"
"병용금기","단일",D001563,Doravirine,"도라비린","","[A110504]도라비린","[06290]기타의 화학요법제","단일",D001079,Enzalutamide,"엔잘루타마이드","","[M257255]엔잘루타마이드","[04210]항악성종양제",20251223,"- Doravirine의 혈장농도가 유의하게 감소하여 약효가 떨어질 수 있음","","정상"
"병용금기","단일",D001563,Doravirine,"도라비린","","[A110504]도라비린","[06290]기타의 화학요법제","단일",D000953,Mitotane,"미토테인","","[M095400]미토테인/[M200618]미토탄","[04210]항악성종양제",20251223,"- Doravirine의 혈장농도가 유의하게 감소하여 약효가 떨어질 수 있음","","정상"
"병용금기","단일",D001563,Doravirine,"도라비린","","[A110504]도라비린","[06290]기타의 화학요법제","단일",D000314,Rifampicin,"리팜피신","","[M020042]리팜피신","[06130]주로 항산성균에 작용하는 것",20251223,"- Doravirine의 혈장농도가 유의하게 감소하여 약효가 떨어질 수 있음","","정상"
"병용금기","복합",D001419,Bictegravir,"빅테그라비르","[D000665]Emtricitabine(엠트리시타빈)/[D001420]Tenofovir alafenamide(테노포비르알라페나미드)","[A110225]빅테그라비르/[M268156]빅테그라비르나트륨/[M250026]엠트리시타빈/[M118368]테노포비르알라페나미드푸마르산염/[M279141]테노포비르알라페나미드숙신산염/[M279170]테노포비르알라페나미드헤미말산염","[06290]기타의 화학요법제","복합",D000314,Rifampicin,"리팜피신","[D000802]Pyrazinamide(피라진아미드)/[D000265]Isoniazid(이소니아지드)/[D001324]Ethambutol(에탐부톨)","[M020042]리팜피신/[M040746]피라진아미드/[M223170]이소니아지드/[A000830]에탐부톨","[06130]주로 항산성균에 작용하는 것",20251223,"- Bictegravir의 혈중 농도 감소로 인해 치료 효과 소실 및 내성 발현 야기 가능","","정상"
"병용금기","복합",D001419,Bictegravir,"빅테그라비르","[D000665]Emtricitabine(엠트리시타빈)/[D001420]Tenofovir alafenamide(테노포비르알라페나미드)","[A110225]빅테그라비르/[M268156]빅테그라비르나트륨/[M250026]엠트리시타빈/[M118368]테노포비르알라페나미드푸마르산염/[M279141]테노포비르알라페나미드숙신산염/[M279170]테노포비르알라페나미드헤미말산염","[06290]기타의 화학요법제","단일",D000447,"St. Johns Wort","세인트존스워트","","[M220509]세인트존스워트/[M248295]세인트존스워트80%메탄올엑스/[M255952]세인트존스워트50%에탄올엑스/[M256845]세인트존스워트틴크D2/[M258013]세인트존스워트80%메탄올건조엑스","[03980]종합대사성제제/[01190]기타의 중추신경용약",20251223,"- Bictegravir의 혈중 농도 감소로 인해 치료 효과 소실 및 내성 발현 야기 가능","","정상"
"병용금기","단일",D001563,Doravirine,"도라비린","","[A110504]도라비린","[06290]기타의 화학요법제","단일",D000447,"St. Johns Wort","세인트존스워트","","[M220509]세인트존스워트/[M248295]세인트존스워트80%메탄올엑스/[M255952]세인트존스워트50%에탄올엑스/[M256845]세인트존스워트틴크D2/[M258013]세인트존스워트80%메탄올건조엑스","[03980]종합대사성제제/[01190]기타의 중추신경용약",20251223,"- Doravirine의 혈장농도가 유의하게 감소하여 약효가 떨어질 수 있음","","정상"
"병용금기","단일",D001603,"Eslicarbazepine acetate","에슬리카르바제핀아세테이트","","[M279911]에슬리카르바제핀아세테이트(미분화)","[01130]항전간제","단일",D000263,Oxcarbazepine,"옥스카르바제핀","","[M086765]옥스카르바제핀","[01130]항전간제",20251223,"- 활성대사체의 과다노출을 유발할 수 있음","","정상"
"병용금기","단일",D001604,Safinamide,"사피나미드","","[A110561]사피나미드","[01190]기타의 중추신경용약","단일",D000229,Methylphenidate,"메틸페니데이트","","[M223025]메틸페니데이트염산염","[01150]각성제,흥분제",20251223,"- 고혈압 위기","","정상"
"병용금기","단일",D001604,Safinamide,"사피나미드","","[A110561]사피나미드","[01190]기타의 중추신경용약","단일",D000516,Fluoxetine,"플루옥세틴","","[M083718]염산플루옥세틴/[M098986]염산플루옥세틴/[M222903]플루옥세틴염산염","[01170]정신신경용제",20251223,"- 세로토닌 증후군","","정상"
"병용금기","단일",D001604,Safinamide,"사피나미드","","[A110561]사피나미드","[01190]기타의 중추신경용약","단일",D000698,Rasagiline,"라사길린","","[M257939]라사길린메실산염","[01190]기타의 중추신경용약",20251223,"- 고혈압 위기","","정상"
"병용금기","단일",D001604,Safinamide,"사피나미드","","[A110561]사피나미드","[01190]기타의 중추신경용약","단일",D000139,"Selegiline Hydrochloride","셀레길린염산염","","[M222864]셀레길린염산염","[01190]기타의 중추신경용약",20251223,"- 고혈압 위기","","정상"
"병용금기","단일",D001604,Safinamide,"사피나미드","","[A110561]사피나미드","[01190]기타의 중추신경용약","단일",D001035,Linezolid,"리네졸리드","","[M093034]리네졸리드","[06110]주로 그람양성균에 작용하는 것",20251223,"- 고혈압 위기","","정상"
"병용금기","단일",D001604,Safinamide,"사피나미드","","[A110561]사피나미드","[01190]기타의 중추신경용약","단일",D000773,Tramadol,"트라마돌","","[M080418]염산트라마돌/[M104509]염산트라마돌지속성제피과립/[M222893]트라마돌염산염/[M255410]트라마돌염산염","[01140]해열.진통.소염제",20251223,"- 중추신경계, 호흡기, 심혈관기능에 대해 생명을 위협하는 약물상호작용이 관찰됨- 세로토닌 증후군이 보고됨","","정상"
"병용금기","단일",D001604,Safinamide,"사피나미드","","[A110561]사피나미드","[01190]기타의 중추신경용약","단일",D000700,Pethidine,"페티딘","","[M223282]페티딘염산염/[M225648]염산페치딘","[08210]합성마약",20251223,"- 고혈압 또는 저혈압 위기가 동반되는 중추신경 흥분 또는 억제를 일으킬 수 있음","","정상"
"병용금기","단일",D001604,Safinamide,"사피나미드","","[A110561]사피나미드","[01190]기타의 중추신경용약","단일",D001016,Tapentadol,"타펜타돌","","[M252145]타펜타돌염산염","[08210]합성마약",20251223,"- 노르에피네프린 수치에 대한 잠재적 부가효과로 인해 심혈관계 부작용이 유발될 수 있음","","정상"
"병용금기","단일",D001562,Ranolazine,"라놀라진","","[A110483]라놀라진","[02190]기타의 순환계용약","단일",D000282,Phenobarbital,"페노바르비탈","","[M040685]페노바르비탈/[M217088]페노바르비탈나트륨","[01120]최면진정제",20251223,"- Ranolazine의 효과부족이 발생될 것으로 예상됨","","정상"
"병용금기","단일",D001562,Ranolazine,"라놀라진","","[A110483]라놀라진","[02190]기타의 순환계용약","단일",D000476,Carbamazepine,"카르바마제핀","","[M040569]카르바마제핀/[M201734]카바마제핀","[01130]항전간제",20251223,"-Ranolazine의 효과부족이 발생될 것으로 예상됨","","정상"
"병용금기","단일",D001562,Ranolazine,"라놀라진","","[A110483]라놀라진","[02190]기타의 순환계용약","단일",D000595,Phenytoin,"페니토인","","[M051706]페니토인/[M051707]페니토인나트륨","[01130]항전간제",20251223,"-Ranolazine의 효과부족이 발생될 것으로 예상됨","","정상"
"병용금기","단일",D001562,Ranolazine,"라놀라진","","[A110483]라놀라진","[02190]기타의 순환계용약","단일",D000447,"St. Johns Wort","세인트존스워트","","[M220509]세인트존스워트/[M248295]세인트존스워트80%메탄올엑스/[M255952]세인트존스워트50%에탄올엑스/[M256845]세인트존스워트틴크D2/[M258013]세인트존스워트80%메탄올건조엑스","[01190]기타의 중추신경용약/[03980]종합대사성제제",20251223,"-Ranolazine의 효과부족이 발생될 것으로 예상됨","","정상"
"병용금기","단일",D001562,Ranolazine,"라놀라진","","[A110483]라놀라진","[02190]기타의 순환계용약","단일",D000314,Rifampicin,"리팜피신","","[M020042]리팜피신","[06130]주로 항산성균에 작용하는 것",20251223,"-Ranolazine의 효과부족이 발생될 것으로 예상됨","","정상"
"병용금기","단일",D001562,Ranolazine,"라놀라진","","[A110483]라놀라진","[02190]기타의 순환계용약","복합",D000314,Rifampicin,"리팜피신","[D000265]Isoniazid(이소니아지드)","[M020042]리팜피신/[M223170]이소니아지드","[06220]항결핵제",20251223,"-Ranolazine의 효과부족이 발생될 것으로 예상됨","","정상"
"병용금기","단일",D001562,Ranolazine,"라놀라진","","[A110483]라놀라진","[02190]기타의 순환계용약","복합",D000314,Rifampicin,"리팜피신","[D001812]Isonicotinic acid hydrazide(이소니코틴산히드라짓)","[M020042]리팜피신/[M223170]이소니아지드","[06220]항결핵제",20251223,"-Ranolazine의 효과부족이 발생될 것으로 예상됨","","정상"
"병용금기","단일",D001562,Ranolazine,"라놀라진","","[A110483]라놀라진","[02190]기타의 순환계용약","복합",D000314,Rifampicin,"리팜피신","[D000802]Pyrazinamide(피라진아미드)/[D000265]Isoniazid(이소니아지드)/[D001324]Ethambutol(에탐부톨)","[M020042]리팜피신/[M040746]피라진아미드/[M223170]이소니아지드/[A000830]에탐부톨","[06130]주로 항산성균에 작용하는 것",20251223,"-Ranolazine의 효과부족이 발생될 것으로 예상됨","","정상"
"병용금기","단일",D001562,Ranolazine,"라놀라진","","[A110483]라놀라진","[02190]기타의 순환계용약","단일",D000022,Sotalol,"소타롤","","[A005022]소타롤","[02120]부정맥용제",20251223,"-Ranolazine의 효과부족이 발생될 것으로 예상됨","","정상"
"병용금기","단일",D001562,Ranolazine,"라놀라진","","[A110483]라놀라진","[02190]기타의 순환계용약","단일",D000373,Clarithromycin,"클래리트로마이신","","[M085725]클래리스로마이신/[M087123]클래리스로마이신코팅입자/[M102127]클래리스로마이신제피과립/[M222887]클래리트로마이신/[M223198]클래리트로마이신/[M245961]클래리트로마이신제피과립/[M256483]클래리트로마이신제피과립(42%)","[06190]기타의 항생물질제제(복합항생물질제제를 포함)",20251223,"-Ranolazine의 효과부족이 발생될 것으로 예상됨","","정상"
"병용금기","단일",D001562,Ranolazine,"라놀라진","","[A110483]라놀라진","[02190]기타의 순환계용약","단일",D000405,Posaconazole,"포사코나졸","","[M256381]포사코나졸(미분화)","[06290]기타의 화학요법제",20251223,"-Ranolazine의 효과부족이 발생될 것으로 예상됨","","정상"
"병용금기","단일",D001562,Ranolazine,"라놀라진","","[A110483]라놀라진","[02190]기타의 순환계용약","단일",D000443,Voriconazole,"보리코나졸","","[I005813]보리코나졸/[M102252]보리코나졸","[06290]기타의 화학요법제",20251223,"-Ranolazine의 효과부족이 발생될 것으로 예상됨","","정상"
"병용금기","단일",D001552,Burosumab,"부로수맙","","[A110581]부로수맙","[03990]따로 분류되지 않는 대사성 의약품","단일",D000151,Alfacalcidol,"알파칼시돌","","[M081303]알파칼시돌","[03110]비타민 A 및 D제",20251223,"- 고인산혈증 발생 가능","","정상"
"병용금기","단일",D001552,Burosumab,"부로수맙","","[A110581]부로수맙","[03990]따로 분류되지 않는 대사성 의약품","단일",D000581,Calcitriol,"칼시트리올","","[M082905]칼시트리올","[03110]비타민 A 및 D제",20251223,"- 고인산혈증 발생 가능","","정상"
"병용금기","단일",D001552,Burosumab,"부로수맙","","[A110581]부로수맙","[03990]따로 분류되지 않는 대사성 의약품","복합",D000658,Alendronate,"알렌드론산","[D000581]Calcitriol(칼시트리올)","[M200966]소듐알렌드로네이트/[M206239]알렌드론산나트륨/[M222873]알렌드론산나트륨수화물/[M253533]알렌드론산나트륨삼수화물/[M082905]칼시트리올","[03990]따로 분류되지 않는 대사성 의약품",20251223,"- 고인산혈증 발생 가능","","정상"
"병용금기","단일",D001552,Burosumab,"부로수맙","","[A110581]부로수맙","[03990]따로 분류되지 않는 대사성 의약품","복합",D001817,"Monobasic sodium phosphate","인산수소나트륨무수물","[D001816]Dibasic sodium phosphate(인산이수소나트륨)","[A000971]인산수소나트륨/[M071022]인산수소나트륨/[M086420]무수인산수소나트륨/[M110523]건조인산수소나트륨수화물/[M223368]인산수소나트륨수화물/[A002782]인산수소이나트륨/[M273943]인산수소이나트륨","[07210]X선조영제",20251223,"- 고인산혈증 발생 가능","","정상"
"병용금기","단일",D001606,Brigatinib,"브리가티닙","","[A110219]브리가티닙","[04210]항악성종양제","단일",D000282,Phenobarbital,"페노바르비탈","","[M040685]페노바르비탈/[M217088]페노바르비탈나트륨","[01120]최면진정제",20251223,"- Brigatinib의 혈장 농도를 감소시킬 수 있음","","정상"
"병용금기","단일",D001606,Brigatinib,"브리가티닙","","[A110219]브리가티닙","[04210]항악성종양제","단일",D000476,Carbamazepine,"카르바마제핀","","[M040569]카르바마제핀/[M201734]카바마제핀","[01130]항전간제",20251223,"- Brigatinib의 혈장 농도를 감소시킬 수 있음","","정상"
"병용금기","단일",D001606,Brigatinib,"브리가티닙","","[A110219]브리가티닙","[04210]항악성종양제","단일",D000595,Phenytoin,"페니토인","","[M051706]페니토인/[M051707]페니토인나트륨","[01130]항전간제",20251223,"- Brigatinib의 혈장 농도를 감소시킬 수 있음","","정상"
"병용금기","단일",D001606,Brigatinib,"브리가티닙","","[A110219]브리가티닙","[04210]항악성종양제","단일",D000447,"St. Johns Wort","세인트존스워트","","[M220509]세인트존스워트/[M248295]세인트존스워트80%메탄올엑스/[M255952]세인트존스워트50%에탄올엑스/[M256845]세인트존스워트틴크D2/[M258013]세인트존스워트80%메탄올건조엑스","[01190]기타의 중추신경용약/[03980]종합대사성제제",20251223,"- Brigatinib의 혈장 농도를 감소시킬 수 있음","","정상"
"병용금기","단일",D001606,Brigatinib,"브리가티닙","","[A110219]브리가티닙","[04210]항악성종양제","단일",D001081,Rifabutin,"리파부틴","","[I003537]리파부틴/[M089091]리파부틴","[06130]주로 항산성균에 작용하는 것",20251223,"- Brigatinib의 혈장 농도를 감소시킬 수 있음","","정상"
"병용금기","단일",D001606,Brigatinib,"브리가티닙","","[A110219]브리가티닙","[04210]항악성종양제","단일",D000314,Rifampicin,"리팜피신","","[M020042]리팜피신","[06130]주로 항산성균에 작용하는 것",20251223,"- Brigatinib의 혈장 농도를 감소시킬 수 있음","","정상"
"병용금기","단일",D001606,Brigatinib,"브리가티닙","","[A110219]브리가티닙","[04210]항악성종양제","복합",D000314,Rifampicin,"리팜피신","[D000265]Isoniazid(이소니아지드)","[M020042]리팜피신/[M223170]이소니아지드","[06220]항결핵제",20251223,"- Brigatinib의 혈장 농도를 감소시킬 수 있음","","정상"
"병용금기","단일",D001606,Brigatinib,"브리가티닙","","[A110219]브리가티닙","[04210]항악성종양제","복합",D000314,Rifampicin,"리팜피신","[D001812]Isonicotinic acid hydrazide(이소니코틴산히드라짓)","[M020042]리팜피신/[M223170]이소니아지드","[06220]항결핵제",20251223,"- Brigatinib의 혈장 농도를 감소시킬 수 있음","","정상"
"병용금기","단일",D001606,Brigatinib,"브리가티닙","","[A110219]브리가티닙","[04210]항악성종양제","복합",D000314,Rifampicin,"리팜피신","[D000802]Pyrazinamide(피라진아미드)/[D000265]Isoniazid(이소니아지드)/[D001324]Ethambutol(에탐부톨)","[M020042]리팜피신/[M040746]피라진아미드/[M223170]이소니아지드/[A000830]에탐부톨","[06130]주로 항산성균에 작용하는 것",20251223,"- Brigatinib의 혈장 농도를 감소시킬 수 있음","","정상"
"병용금기","단일",D001606,Brigatinib,"브리가티닙","","[A110219]브리가티닙","[04210]항악성종양제","단일",D000334,Cyclosporine,"사이클로스포린","","[A005971]시클로스포린/[M040068]마이크로에멀젼용시클로스포린/[M085282]사이클로스포린/[M085565]시클로스포린","[01420]자격요법제(비특이성면역억제제를 포함)",20251223,"- Brigatinib에 의해 Cyclosporine의 유효성이 감소될 수 있음","","정상"
"병용금기","단일",D001606,Brigatinib,"브리가티닙","","[A110219]브리가티닙","[04210]항악성종양제","단일",D001082,Sirolimus,"시롤리무스","","[I003725]시롤리무스/[M092290]시롤리머스/[M096307]시롤리무스/[M212252]시롤리무스분산용액/[M259798]시롤리무스분산용액/[M269901]시롤리무스","[01420]자격요법제(비특이성면역억제제를 포함)",20251223,"- Brigatinib에 의해 Cyclosporine의 유효성이 감소될 수 있음","","정상"
"병용금기","단일",D001606,Brigatinib,"브리가티닙","","[A110219]브리가티닙","[04210]항악성종양제","단일",D000279,Tacrolimus,"타크로리무스","","[M089193]타크로리무스수화물/[M227652]타크로리무스 수화물","[01420]자격요법제(비특이성면역억제제를 포함)",20251223,"- Brigatinib에 의해 Cyclosporine의 유효성이 감소될 수 있음","","정상"
"병용금기","단일",D001609,Venetoclax,"베네토클락스","","[A110514]베네토클락스","[04210]항악성종양제","단일",D000476,Carbamazepine,"카르바마제핀","","[M040569]카르바마제핀/[M201734]카바마제핀","[01130]항전간제",20251223,"- CYP3A 유도제와의 병용은 Venetoclax의 노출을 감소시켜 결과적으로 효능 부족을 초래할 수 있음","","정상"
"병용금기","단일",D001609,Venetoclax,"베네토클락스","","[A110514]베네토클락스","[04210]항악성종양제","단일",D000595,Phenytoin,"페니토인","","[M051706]페니토인/[M051707]페니토인나트륨","[01130]항전간제",20251223,"- CYP3A 유도제와의 병용은 Venetoclax의 노출을 감소시켜 결과적으로 효능 부족을 초래할 수 있음","","정상"
"병용금기","단일",D001609,Venetoclax,"베네토클락스","","[A110514]베네토클락스","[04210]항악성종양제","단일",D000632,Modafinil,"모다피닐","","[M100572]모다피닐","[01190]기타의 중추신경용약",20251223,"- CYP3A 유도제와의 병용은 Venetoclax의 노출을 감소시켜 결과적으로 효능 부족을 초래할 수 있음","","정상"
"병용금기","단일",D001609,Venetoclax,"베네토클락스","","[A110514]베네토클락스","[04210]항악성종양제","단일",D000447,"St. Johns Wort","세인트존스워트","","[M220509]세인트존스워트/[M248295]세인트존스워트80%메탄올엑스/[M255952]세인트존스워트50%에탄올엑스/[M256845]세인트존스워트틴크D2/[M258013]세인트존스워트80%메탄올건조엑스","[01190]기타의 중추신경용약/[03980]종합대사성제제",20251223,"- CYP3A 유도제와의 병용은 Venetoclax의 노출을 감소시켜 결과적으로 효능 부족을 초래할 수 있음","","정상"
"병용금기","단일",D001609,Venetoclax,"베네토클락스","","[A110514]베네토클락스","[04210]항악성종양제","단일",D000015,Bosentan,"보센탄","","[M102733]보센탄수화물","[02140]혈압강하제",20251223,"- CYP3A 유도제와의 병용은 Venetoclax의 노출을 감소시켜 결과적으로 효능 부족을 초래할 수 있음","","정상"
"병용금기","단일",D001609,Venetoclax,"베네토클락스","","[A110514]베네토클락스","[04210]항악성종양제","단일",D000314,Rifampicin,"리팜피신","","[M020042]리팜피신","[06130]주로 항산성균에 작용하는 것",20251223,"- 강력한 CYP3A 유도제인 Rifampicin과 병용 투여 시 Venetoclax의 Cmax 및 AUC∞는 각각 42% 및 71%까지 감소함","","정상"
"병용금기","단일",D001609,Venetoclax,"베네토클락스","","[A110514]베네토클락스","[04210]항악성종양제","복합",D000314,Rifampicin,"리팜피신","[D000265]Isoniazid(이소니아지드)","[M020042]리팜피신/[M223170]이소니아지드","[06220]항결핵제",20251223,"- 강력한 CYP3A 유도제인 Rifampicin과 병용 투여 시 Venetoclax의 Cmax 및 AUC∞는 각각 42% 및 71%까지 감소함","","정상"
"병용금기","단일",D001609,Venetoclax,"베네토클락스","","[A110514]베네토클락스","[04210]항악성종양제","복합",D000314,Rifampicin,"리팜피신","[D001812]Isonicotinic acid hydrazide(이소니코틴산히드라짓)","[M020042]리팜피신/[M223170]이소니아지드","[06220]항결핵제",20251223,"- 강력한 CYP3A 유도제인 Rifampicin과 병용 투여 시 Venetoclax의 Cmax 및 AUC∞는 각각 42% 및 71%까지 감소함","","정상"
"병용금기","단일",D001609,Venetoclax,"베네토클락스","","[A110514]베네토클락스","[04210]항악성종양제","복합",D000314,Rifampicin,"리팜피신","[D000265]Isoniazid(이소니아지드)/[D001324]Ethambutol(에탐부톨)/[D000802]Pyrazinamide(피라진아미드)","[M020042]리팜피신/[M223170]이소니아지드/[A000830]에탐부톨/[M040746]피라진아미드","[06130]주로 항산성균에 작용하는 것",20251223,"- 강력한 CYP3A 유도제인 Rifampicin과 병용 투여 시 Venetoclax의 Cmax 및 AUC∞는 각각 42% 및 71%까지 감소함","","정상"
"병용금기","단일",D001609,Venetoclax,"베네토클락스","","[A110514]베네토클락스","[04210]항악성종양제","단일",D001080,Nafcillin,"나프실린","","[I002439]나프실린나트륨/[M020005]나프실린나트륨/[M246137]나프실린나트륨·구연산나트륨/[M246292]나프실린나트륨·시트르산나트륨수화물/[M247945]나프실린","[06180]주로 그람양성, 음성균에 작용하는 것",20251223,"- CYP3A 유도제와의 병용은 Venetoclax의 노출을 감소시켜 결과적으로 효능 부족을 초래할 수 있음","","정상"
"병용금기","단일",D001609,Venetoclax,"베네토클락스","","[A110514]베네토클락스","[04210]항악성종양제","단일",D000036,Etravirine,"에트라비린","","[M236272]에트라비린","[06290]기타의 화학요법제",20251223,"- CYP3A 유도제와의 병용은 Venetoclax의 노출을 감소시켜 결과적으로 효능 부족을 초래할 수 있음","","정상"
"병용금기","단일",D001611,Vedolizumab,"베돌리주맙","","[A000411]베돌리주맙","[04390]기타의 조직세포의 치료 및 진단","단일",D001451,Natalizumab,"나탈리주맙","","[A000088]나탈리주맙/[M255905]나탈리주맙","[01190]기타의 중추신경용약",20251223,"- 유효성 및 안전성 미확립- 기회 감염을 포함하여 감염의 위험성을 증가시킬 수 있음","","정상"
"병용금기","복합",D001563,Doravirine,"도라비린","[D000615]Lamivudine(라미부딘)/[D001564]Tenofovir disoproxil(테노포비르디소프록실)","[A110504]도라비린/[M086332]라미부딘/[M265383]테노포비르디소프록실","[06290]기타의 화학요법제","단일",D000282,Phenobarbital,"페노바르비탈","","[M040685]페노바르비탈/[M217088]페노바르비탈나트륨","[01120]최면진정제",20251223,"- Doravirine의 혈장 농도가 감소하여 Doravirine의 치료 효과가 줄어들 수 있음","","정상"
"병용금기","복합",D001563,Doravirine,"도라비린","[D000615]Lamivudine(라미부딘)/[D001564]Tenofovir disoproxil(테노포비르디소프록실)","[A110504]도라비린/[M086332]라미부딘/[M265383]테노포비르디소프록실","[06290]기타의 화학요법제","단일",D000476,Carbamazepine,"카르바마제핀","","[M040569]카르바마제핀/[M201734]카바마제핀","[01130]항전간제",20251223,"- Doravirine의 혈장 농도가 감소하여 Doravirine의 치료 효과가 줄어들 수 있음","","정상"
"병용금기","복합",D001563,Doravirine,"도라비린","[D000615]Lamivudine(라미부딘)/[D001564]Tenofovir disoproxil(테노포비르디소프록실)","[A110504]도라비린/[M086332]라미부딘/[M265383]테노포비르디소프록실","[06290]기타의 화학요법제","단일",D000263,Oxcarbazepine,"옥스카르바제핀","","[M086765]옥스카르바제핀","[01130]항전간제",20251223,"- Doravirine의 혈장 농도가 감소하여 Doravirine의 치료 효과가 줄어들 수 있음","","정상"
"병용금기","복합",D001563,Doravirine,"도라비린","[D000615]Lamivudine(라미부딘)/[D001564]Tenofovir disoproxil(테노포비르디소프록실)","[A110504]도라비린/[M086332]라미부딘/[M265383]테노포비르디소프록실","[06290]기타의 화학요법제","단일",D000595,Phenytoin,"페니토인","","[M051706]페니토인/[M051707]페니토인나트륨","[01130]항전간제",20251223,"- Doravirine의 혈장 농도가 감소하여 Doravirine의 치료 효과가 줄어들 수 있음","","정상"
"병용금기","복합",D001563,Doravirine,"도라비린","[D000615]Lamivudine(라미부딘)/[D001564]Tenofovir disoproxil(테노포비르디소프록실)","[A110504]도라비린/[M086332]라미부딘/[M265383]테노포비르디소프록실","[06290]기타의 화학요법제","단일",D000447,"St. Johns Wort","세인트존스워트","","[M220509]세인트존스워트/[M248295]세인트존스워트80%메탄올엑스/[M255952]세인트존스워트50%에탄올엑스/[M256845]세인트존스워트틴크D2/[M258013]세인트존스워트80%메탄올건조엑스","[01190]기타의 중추신경용약/[03980]종합대사성제제",20251223,"- Doravirine의 혈장 농도가 감소하여 Doravirine의 치료 효과가 줄어들 수 있음","","정상"
"병용금기","복합",D001563,Doravirine,"도라비린","[D000615]Lamivudine(라미부딘)/[D001564]Tenofovir disoproxil(테노포비르디소프록실)","[A110504]도라비린/[M086332]라미부딘/[M265383]테노포비르디소프록실","[06290]기타의 화학요법제","단일",D001079,Enzalutamide,"엔잘루타마이드","","[M257255]엔잘루타마이드","[04210]항악성종양제",20251223,"- Doravirine의 혈장 농도가 감소하여 Doravirine의 치료 효과가 줄어들 수 있음","","정상"
"병용금기","복합",D001563,Doravirine,"도라비린","[D000615]Lamivudine(라미부딘)/[D001564]Tenofovir disoproxil(테노포비르디소프록실)","[A110504]도라비린/[M086332]라미부딘/[M265383]테노포비르디소프록실","[06290]기타의 화학요법제","단일",D000953,Mitotane,"미토테인","","[M095400]미토테인/[M200618]미토탄","[04210]항악성종양제",20251223,"- Doravirine의 혈장 농도가 감소하여 Doravirine의 치료 효과가 줄어들 수 있음","","정상"
"병용금기","복합",D001563,Doravirine,"도라비린","[D000615]Lamivudine(라미부딘)/[D001564]Tenofovir disoproxil(테노포비르디소프록실)","[A110504]도라비린/[M086332]라미부딘/[M265383]테노포비르디소프록실","[06290]기타의 화학요법제","단일",D000314,Rifampicin,"리팜피신","","[M020042]리팜피신","[06130]주로 항산성균에 작용하는 것",20251223,"- Doravirine의 혈장 농도가 감소하여 Doravirine의 치료 효과가 줄어들 수 있음","","정상"
"병용금기","복합",D001563,Doravirine,"도라비린","[D000615]Lamivudine(라미부딘)/[D001564]Tenofovir disoproxil(테노포비르디소프록실)","[A110504]도라비린/[M086332]라미부딘/[M265383]테노포비르디소프록실","[06290]기타의 화학요법제","복합",D000314,Rifampicin,"리팜피신","[D000265]Isoniazid(이소니아지드)","[M020042]리팜피신/[M223170]이소니아지드","[06220]항결핵제",20251223,"- Doravirine의 혈장 농도가 감소하여 Doravirine의 치료 효과가 줄어들 수 있음","","정상"
"병용금기","복합",D001563,Doravirine,"도라비린","[D000615]Lamivudine(라미부딘)/[D001564]Tenofovir disoproxil(테노포비르디소프록실)","[A110504]도라비린/[M086332]라미부딘/[M265383]테노포비르디소프록실","[06290]기타의 화학요법제","복합",D000314,Rifampicin,"리팜피신","[D001812]Isonicotinic acid hydrazide(이소니코틴산히드라짓)","[M020042]리팜피신/[M223170]이소니아지드","[06220]항결핵제",20251223,"- Doravirine의 혈장 농도가 감소하여 Doravirine의 치료 효과가 줄어들 수 있음","","정상"
"병용금기","복합",D001563,Doravirine,"도라비린","[D000615]Lamivudine(라미부딘)/[D001564]Tenofovir disoproxil(테노포비르디소프록실)","[A110504]도라비린/[M086332]라미부딘/[M265383]테노포비르디소프록실","[06290]기타의 화학요법제","복합",D000314,Rifampicin,"리팜피신","[D000802]Pyrazinamide(피라진아미드)/[D000265]Isoniazid(이소니아지드)/[D001324]Ethambutol(에탐부톨)","[M020042]리팜피신/[M040746]피라진아미드/[M223170]이소니아지드/[A000830]에탐부톨","[06130]주로 항산성균에 작용하는 것",20251223,"- Doravirine의 혈장 농도가 감소하여 Doravirine의 치료 효과가 줄어들 수 있음","","정상"
"병용금기","단일",D001612,Isavuconazonium,"이사부코나조늄","","[M268759]이사부코나조늄황산염","[06290]기타의 화학요법제","단일",D000282,Phenobarbital,"페노바르비탈","","[M040685]페노바르비탈/[M217088]페노바르비탈나트륨","[01120]최면진정제",20251223,"- Isavuconazonium의 혈장농도를 유의미하게 감소시킬 수 있음","","정상"
"병용금기","단일",D001612,Isavuconazonium,"이사부코나조늄","","[M268759]이사부코나조늄황산염","[06290]기타의 화학요법제","단일",D000476,Carbamazepine,"카르바마제핀","","[M040569]카르바마제핀/[M201734]카바마제핀","[01130]항전간제",20251223,"- Isavuconazonium의 혈장농도를 유의미하게 감소시킬 수 있음","","정상"
"병용금기","단일",D001612,Isavuconazonium,"이사부코나조늄","","[M268759]이사부코나조늄황산염","[06290]기타의 화학요법제","단일",D000595,Phenytoin,"페니토인","","[M051706]페니토인/[M051707]페니토인나트륨","[01130]항전간제",20251223,"- Isavuconazonium의 혈장농도를 유의미하게 감소시킬 수 있음","","정상"
"병용금기","단일",D001612,Isavuconazonium,"이사부코나조늄","","[M268759]이사부코나조늄황산염","[06290]기타의 화학요법제","단일",D000447,"St. Johns Wort","세인트존스워트","","[M220509]세인트존스워트/[M248295]세인트존스워트80%메탄올엑스/[M255952]세인트존스워트50%에탄올엑스/[M256845]세인트존스워트틴크D2/[M258013]세인트존스워트80%메탄올건조엑스","[01190]기타의 중추신경용약/[03980]종합대사성제제",20251223,"- Isavuconazonium의 혈장농도를 유의미하게 감소시킬 수 있음","","정상"
"병용금기","단일",D001612,Isavuconazonium,"이사부코나조늄","","[M268759]이사부코나조늄황산염","[06290]기타의 화학요법제","단일",D001081,Rifabutin,"리파부틴","","[I003537]리파부틴/[M089091]리파부틴","[06130]주로 항산성균에 작용하는 것",20251223,"- Isavuconazonium의 혈장농도를 유의미하게 감소시킬 수 있음","","정상"
"병용금기","단일",D001612,Isavuconazonium,"이사부코나조늄","","[M268759]이사부코나조늄황산염","[06290]기타의 화학요법제","단일",D000314,Rifampicin,"리팜피신","","[M020042]리팜피신","[06130]주로 항산성균에 작용하는 것",20251223,"- Isavuconazonium의 혈장농도를 유의미하게 감소시킬 수 있음","","정상"
"병용금기","단일",D001612,Isavuconazonium,"이사부코나조늄","","[M268759]이사부코나조늄황산염","[06290]기타의 화학요법제","복합",D000314,Rifampicin,"리팜피신","[D000265]Isoniazid(이소니아지드)","[M020042]리팜피신/[M223170]이소니아지드","[06220]항결핵제",20251223,"- Isavuconazonium의 혈장농도를 유의미하게 감소시킬 수 있음","","정상"
"병용금기","단일",D001612,Isavuconazonium,"이사부코나조늄","","[M268759]이사부코나조늄황산염","[06290]기타의 화학요법제","복합",D000314,Rifampicin,"리팜피신","[D001812]Isonicotinic acid hydrazide(이소니코틴산히드라짓)","[M020042]리팜피신/[M223170]이소니아지드","[06220]항결핵제",20251223,"- Isavuconazonium의 혈장농도를 유의미하게 감소시킬 수 있음","","정상"
"병용금기","단일",D001612,Isavuconazonium,"이사부코나조늄","","[M268759]이사부코나조늄황산염","[06290]기타의 화학요법제","복합",D000314,Rifampicin,"리팜피신","[D000802]Pyrazinamide(피라진아미드)/[D000265]Isoniazid(이소니아지드)/[D001324]Ethambutol(에탐부톨)","[M020042]리팜피신/[M040746]피라진아미드/[M223170]이소니아지드/[A000830]에탐부톨","[06130]주로 항산성균에 작용하는 것",20251223,"- Isavuconazonium의 혈장농도를 유의미하게 감소시킬 수 있음","","정상"
"병용금기","단일",D001612,Isavuconazonium,"이사부코나조늄","","[M268759]이사부코나조늄황산염","[06290]기타의 화학요법제","단일",D000712,Ritonavir,"리토나비르","","[M259362]리토나비르","[06290]기타의 화학요법제",20251223,"- 고용량의 Ritonavir(>200mg, 1일 2회)와 병용투여 금기","","정상"
"병용금기","단일",D001724,Valbenazine,"발베나진","","[A110656]발베나진","[01190]기타의 중추신경용약","단일",D000139,"Selegiline Hydrochloride","셀레길린염산염","","[M222864]셀레길린염산염","[01190]기타의 중추신경용약",20251223,"- 모노아민 신경전달 물질의 증가로 인한 세로토닌 증후군 위험 증가","","정상"
"병용금기","단일",D001736,Vericiguat,"베리시구앗","","[A110660]베리시구앗","[02190]기타의 순환계용약","단일",D001073,Riociguat,"리오시구앗","","[M259695]리오시구앗(미분화)","[02140]혈압강하제",20251223,"- 두 약제는 동일 계열임","","정상"
"병용금기","단일",D001648,Fexuprazan,"펙수프라잔","","[A110665]펙수프라잔","[02320]소화성궤양용제","복합",D000150,Atazanavir,"아타자나비르","[D000673]Cobicistat(코비시스타트)","[M249264]아타자나비어황산염/[M263079]아타자나비르황산염/[M256270]코비시스타트이산화규소","[06290]기타의 화학요법제",20251223,"- 위 내 pH 증가로 인한 Atazanavir의 생체이용률 감소","","정상"
"병용금기","단일",D001648,Fexuprazan,"펙수프라잔","","[A110665]펙수프라잔","[02320]소화성궤양용제","단일",D000225,Rilpivirine,"릴피비린","","[A005225]릴피비린/[M253921]릴피비린염산염","[06290]기타의 화학요법제",20251223,"- 위 내 pH 증가로 인한 Atazanavir의 생체이용률 감소","","정상"
"병용금기","단일",D001701,Acalabrutinib,"아칼라브루티닙","","[A110597]아칼라브루티닙","[04210]항악성종양제","단일",D000373,Clarithromycin,"클래리트로마이신","","[M085725]클래리스로마이신/[M087123]클래리스로마이신코팅입자/[M102127]클래리스로마이신제피과립/[M222887]클래리트로마이신/[M223198]클래리트로마이신/[M245961]클래리트로마이신제피과립/[M256483]클래리트로마이신제피과립(42%)","[06190]기타의 항생물질제제(복합항생물질제제를 포함)",20251223,"- 강력한 CYP3A/P-gp 억제제와의 병용으로 Acalabrutinib의 혈중 농도 증가","","정상"
"병용금기","단일",D001701,Acalabrutinib,"아칼라브루티닙","","[A110597]아칼라브루티닙","[04210]항악성종양제","단일",D000762,Itraconazole,"이트라코나졸","","[M083733]이트라코나졸제피과립/[M083734]이트라코나졸/[M092870]이트라코나졸고체분산체/[M201487]이트라코나졸고체분산/[M201624]제피이트라코나졸과립","[06290]기타의 화학요법제",20251223,"- 강력한 CYP3A/P-gp 억제제와의 병용으로 Acalabrutinib의 혈중 농도 증가","","정상"
"병용금기","단일",D001701,Acalabrutinib,"아칼라브루티닙","","[A110597]아칼라브루티닙","[04210]항악성종양제","단일",D000712,Ritonavir,"리토나비르","","[M259362]리토나비르","[06290]기타의 화학요법제",20251223,"- 강력한 CYP3A/P-gp 억제제와의 병용으로 Acalabrutinib의 혈중 농도 증가","","정상"
"병용금기","단일",D001701,Acalabrutinib,"아칼라브루티닙","","[A110597]아칼라브루티닙","[04210]항악성종양제","단일",D000405,Posaconazole,"포사코나졸","","[M256381]포사코나졸(미분화)","[06290]기타의 화학요법제",20251223,"- 강력한 CYP3A/P-gp 억제제와의 병용으로 Acalabrutinib의 혈중 농도 증가","","정상"
"병용금기","단일",D001701,Acalabrutinib,"아칼라브루티닙","","[A110597]아칼라브루티닙","[04210]항악성종양제","단일",D000443,Voriconazole,"보리코나졸","","[I005813]보리코나졸/[M102252]보리코나졸","[06290]기타의 화학요법제",20251223,"- 강력한 CYP3A/P-gp 억제제와의 병용으로 Acalabrutinib의 혈중 농도 증가","","정상"
"병용금기","단일",D001701,Acalabrutinib,"아칼라브루티닙","","[A110597]아칼라브루티닙","[04210]항악성종양제","단일",D000595,Phenytoin,"페니토인","","[M051706]페니토인/[M051707]페니토인나트륨","[01130]항전간제",20251223,"-강력한 CYP3A 유도제와의 병용으로 Acalabrutinib의 혈중 농도 감소","","정상"
"병용금기","단일",D001701,Acalabrutinib,"아칼라브루티닙","","[A110597]아칼라브루티닙","[04210]항악성종양제","단일",D000314,Rifampicin,"리팜피신","","[M020042]리팜피신","[06130]주로 항산성균에 작용하는 것",20251223,"-강력한 CYP3A 유도제와의 병용으로 Acalabrutinib의 혈중 농도 감소","","정상"
"병용금기","단일",D001701,Acalabrutinib,"아칼라브루티닙","","[A110597]아칼라브루티닙","[04210]항악성종양제","복합",D000314,Rifampicin,"리팜피신","[D000265]Isoniazid(이소니아지드)","[M020042]리팜피신/[M223170]이소니아지드","[06220]항결핵제",20251223,"-강력한 CYP3A 유도제와의 병용으로 Acalabrutinib의 혈중 농도 감소","","정상"
"병용금기","단일",D001701,Acalabrutinib,"아칼라브루티닙","","[A110597]아칼라브루티닙","[04210]항악성종양제","복합",D000314,Rifampicin,"리팜피신","[D001812]Isonicotinic acid hydrazide(이소니코틴산히드라짓)","[M020042]리팜피신/[M223170]이소니아지드","[06220]항결핵제",20251223,"-강력한 CYP3A 유도제와의 병용으로 Acalabrutinib의 혈중 농도 감소","","정상"
"병용금기","단일",D001701,Acalabrutinib,"아칼라브루티닙","","[A110597]아칼라브루티닙","[04210]항악성종양제","복합",D000314,Rifampicin,"리팜피신","[D000802]Pyrazinamide(피라진아미드)/[D000265]Isoniazid(이소니아지드)/[D001324]Ethambutol(에탐부톨)","[M020042]리팜피신/[M040746]피라진아미드/[M223170]이소니아지드/[A000830]에탐부톨","[06130]주로 항산성균에 작용하는 것",20251223,"-강력한 CYP3A 유도제와의 병용으로 Acalabrutinib의 혈중 농도 감소","","정상"
"병용금기","단일",D001701,Acalabrutinib,"아칼라브루티닙","","[A110597]아칼라브루티닙","[04210]항악성종양제","단일",D000476,Carbamazepine,"카르바마제핀","","[M040569]카르바마제핀/[M201734]카바마제핀","[01130]항전간제",20251223,"-강력한 CYP3A 유도제와의 병용으로 Acalabrutinib의 혈중 농도 감소","","정상"
"병용금기","단일",D001701,Acalabrutinib,"아칼라브루티닙","","[A110597]아칼라브루티닙","[04210]항악성종양제","단일",D000447,"St. Johns Wort","세인트존스워트","","[M220509]세인트존스워트/[M248295]세인트존스워트80%메탄올엑스/[M255952]세인트존스워트50%에탄올엑스/[M256845]세인트존스워트틴크D2/[M258013]세인트존스워트80%메탄올건조엑스","[01190]기타의 중추신경용약/[03980]종합대사성제제",20251223,"-CYP3A 유도제와의 병용으로 Acalabrutinib의 혈중 농도 감소","","정상"
"병용금기","단일",D001699,Neratinib,"네라티닙","","[A110653]네라티닙","[04210]항악성종양제","단일",D000699,Lansoprazole,"란소프라졸","","[M085578]란소프라졸/[M091244]란소프라졸과립","[02320]소화성궤양용제",20251223,"- 위산 억제제와의 병용으로 Neratinib의 혈중 농도 감소","","정상"
"병용금기","단일",D001699,Neratinib,"네라티닙","","[A110653]네라티닙","[04210]항악성종양제","복합",D000699,Lansoprazole,"란소프라졸","[D000671]Calcium Carbonate(탄산칼슘)","[M085578]란소프라졸/[M091244]란소프라졸과립/[M040634]침강탄산칼슘","[02320]소화성궤양용제",20251223,"- 위산 억제제와의 병용으로 Neratinib의 혈중 농도 감소","","정상"
"병용금기","단일",D001699,Neratinib,"네라티닙","","[A110653]네라티닙","[04210]항악성종양제","단일",D000329,Verapamil,"베라파밀","","[M080637]염산베라파밀/[M203207]베라파밀염산염","[02170]혈관확장제",20251223,"- 중등도 CYP3A4/P-gp 억제제와의 병용으로 Neratinib의 혈중 농도 증가","","정상"
"병용금기","단일",D001699,Neratinib,"네라티닙","","[A110653]네라티닙","[04210]항악성종양제","단일",D000314,Rifampicin,"리팜피신","","[M020042]리팜피신","[06130]주로 항산성균에 작용하는 것",20251223,"- 중등도 CYP3A/P-gp 억제제와의 병용으로 Neratinib의 혈중 농도 증가","","정상"
"병용금기","단일",D001699,Neratinib,"네라티닙","","[A110653]네라티닙","[04210]항악성종양제","단일",D000314,Rifampicin,"리팜피신","","[M020042]리팜피신","[06130]주로 항산성균에 작용하는 것",20251223,"- 강력한 CYP3A4 유도제와의 병용으로 Neratinib의 혈중 농도 감소","","정상"
"병용금기","단일",D001699,Neratinib,"네라티닙","","[A110653]네라티닙","[04210]항악성종양제","복합",D000314,Rifampicin,"리팜피신","[D000265]Isoniazid(이소니아지드)","[M020042]리팜피신/[M223170]이소니아지드","[06220]항결핵제",20251223,"- 강력한 CYP3A4 유도제와의 병용으로 Neratinib의 혈중 농도 감소","","정상"
"병용금기","단일",D001699,Neratinib,"네라티닙","","[A110653]네라티닙","[04210]항악성종양제","복합",D000314,Rifampicin,"리팜피신","[D001812]Isonicotinic acid hydrazide(이소니코틴산히드라짓)","[M020042]리팜피신/[M223170]이소니아지드","[06220]항결핵제",20251223,"- 강력한 CYP3A4 유도제와의 병용으로 Neratinib의 혈중 농도 감소","","정상"
"병용금기","단일",D001699,Neratinib,"네라티닙","","[A110653]네라티닙","[04210]항악성종양제","복합",D000314,Rifampicin,"리팜피신","[D000802]Pyrazinamide(피라진아미드)/[D000265]Isoniazid(이소니아지드)/[D001324]Ethambutol(에탐부톨)","[M020042]리팜피신/[M040746]피라진아미드/[M223170]이소니아지드/[A000830]에탐부톨","[06130]주로 항산성균에 작용하는 것",20251223,"- 강력한 CYP3A4 유도제와의 병용으로 Neratinib의 혈중 농도 감소","","정상"
"병용금기","단일",D000314,Rifampicin,"리팜피신","","[M020042]리팜피신","[06130]주로 항산성균에 작용하는 것","단일",D001818,Praziquantel,"프라지콴텔","","[A001349]프라지쿠안텔/[M253529]프라지쿠안텔/[M274217]조프라지쿠안텔","[07190]기타의 조제용약/[06420]구충제",20251223,"- Praziquantel의 치료적 유효 혈중농도에 도달하지 못할 수 있음","","정상"
"병용금기","복합",D000314,Rifampicin,"리팜피신","[D000265]Isoniazid(이소니아지드)","[M020042]리팜피신/[M223170]이소니아지드","[06220]항결핵제","단일",D001818,Praziquantel,"프라지콴텔","","[A001349]프라지쿠안텔/[M253529]프라지쿠안텔/[M274217]조프라지쿠안텔","[07190]기타의 조제용약/[06420]구충제",20251223,"- Praziquantel의 치료적 유효 혈중농도에 도달하지 못할 수 있음","","정상"
"병용금기","복합",D000314,Rifampicin,"리팜피신","[D001812]Isonicotinic acid hydrazide(이소니코틴산히드라짓)","[M020042]리팜피신/[M223170]이소니아지드","[06220]항결핵제","단일",D001818,Praziquantel,"프라지콴텔","","[A001349]프라지쿠안텔/[M253529]프라지쿠안텔/[M274217]조프라지쿠안텔","[07190]기타의 조제용약/[06420]구충제",20251223,"- Praziquantel의 치료적 유효 혈중농도에 도달하지 못할 수 있음","","정상"
"병용금기","복합",D000314,Rifampicin,"리팜피신","[D000802]Pyrazinamide(피라진아미드)/[D000265]Isoniazid(이소니아지드)/[D001324]Ethambutol(에탐부톨)","[M020042]리팜피신/[M040746]피라진아미드/[M223170]이소니아지드/[A000830]에탐부톨","[06130]주로 항산성균에 작용하는 것","단일",D001818,Praziquantel,"프라지콴텔","","[A001349]프라지쿠안텔/[M253529]프라지쿠안텔/[M274217]조프라지쿠안텔","[07190]기타의 조제용약/[06420]구충제",20251223,"- Praziquantel의 치료적 유효 혈중농도에 도달하지 못할 수 있음","","정상"
"병용금기","단일",D001542,D-Mannitol,"D-만니톨","","[M243496]D-만니톨","[03230]당류제","단일",D000334,Cyclosporine,"사이클로스포린","","[A005971]시클로스포린/[M040068]마이크로에멀젼용시클로스포린/[M085282]사이클로스포린/[M085565]시클로스포린","[01420]자격요법제(비특이성면역억제제를 포함)",20251223,"- 신부전 위험 증가","","정상"
"병용금기","단일",D000679,Tamoxifen,"타목시펜","","[M081863]타목시펜시트레이트/[M081968]구연산타목시펜/[M222891]타목시펜시트르산염","[04210]항악성종양제","단일",D000314,Rifampicin,"리팜피신","","[M020042]리팜피신","[06130]주로 항산성균에 작용하는 것",20251223,"- Tamoxifen의 혈장농도를 낮춤","","정상"
"병용금기","단일",D000679,Tamoxifen,"타목시펜","","[M081863]타목시펜시트레이트/[M081968]구연산타목시펜/[M222891]타목시펜시트르산염","[04210]항악성종양제","복합",D000314,Rifampicin,"리팜피신","[D000265]Isoniazid(이소니아지드)","[M020042]리팜피신/[M223170]이소니아지드","[06220]항결핵제",20251223,"- Tamoxifen의 혈장농도를 낮춤","","정상"
"병용금기","단일",D000679,Tamoxifen,"타목시펜","","[M081863]타목시펜시트레이트/[M081968]구연산타목시펜/[M222891]타목시펜시트르산염","[04210]항악성종양제","복합",D000314,Rifampicin,"리팜피신","[D001812]Isonicotinic acid hydrazide(이소니코틴산히드라짓)","[M020042]리팜피신/[M223170]이소니아지드","[06220]항결핵제",20251223,"- Tamoxifen의 혈장농도를 낮춤","","정상"
"병용금기","단일",D000679,Tamoxifen,"타목시펜","","[M081863]타목시펜시트레이트/[M081968]구연산타목시펜/[M222891]타목시펜시트르산염","[04210]항악성종양제","복합",D000314,Rifampicin,"리팜피신","[D000802]Pyrazinamide(피라진아미드)/[D000265]Isoniazid(이소니아지드)/[D001324]Ethambutol(에탐부톨)","[M020042]리팜피신/[M040746]피라진아미드/[M223170]이소니아지드/[A000830]에탐부톨","[06130]주로 항산성균에 작용하는 것",20251223,"- Tamoxifen의 혈장농도를 낮춤","","정상"
"병용금기","복합",D001362,Glecaprevir,"글레카프레비르","[D001363]Pibrentasvir(피브렌타스비르)","[A001652]글레카프레비르/[M267082]글레카프레비르/[A003331]피브렌타스비르/[M267076]피브렌타스비르","[06290]기타의 화학요법제","복합",D000749,"Ethinyl estradiol","에티닐에스트라디올","[D000389]Gestodene(게스토덴)","[A005749]에티닐에스트라디올/[M040405]에치닐에스트라디올/[M223147]에티닐에스트라디올/[M259133]에티닐에스트라디올(EE-베타덱스 포접체로서)/[M082621]게스토덴","",20251223,"- ALT 상승 위험 증가","","정상"
"병용금기","복합",D001362,Glecaprevir,"글레카프레비르","[D001363]Pibrentasvir(피브렌타스비르)","[A001652]글레카프레비르/[M267082]글레카프레비르/[A003331]피브렌타스비르/[M267076]피브렌타스비르","[06290]기타의 화학요법제","복합",D000749,"Ethinyl estradiol","에티닐에스트라디올","[D000389]Gestodene(게스토덴)","[A005749]에티닐에스트라디올/[M040405]에치닐에스트라디올/[M223147]에티닐에스트라디올/[M259133]에티닐에스트라디올(EE-베타덱스 포접체로서)/[M082621]게스토덴","[02540]피임제",20251223,"- ALT 상승 위험 증가","","정상"
"병용금기","복합",D001362,Glecaprevir,"글레카프레비르","[D001363]Pibrentasvir(피브렌타스비르)","[A001652]글레카프레비르/[M267082]글레카프레비르/[A003331]피브렌타스비르/[M267076]피브렌타스비르","[06290]기타의 화학요법제","복합",D000749,"Ethinyl estradiol","에티닐에스트라디올","[D000617]Levonorgestrel(레보노르게스트렐)","[A005749]에티닐에스트라디올/[M040405]에치닐에스트라디올/[M223147]에티닐에스트라디올/[M259133]에티닐에스트라디올(EE-베타덱스 포접체로서)/[M095487]레보노르게스트렐","[02540]피임제",20251223,"- ALT 상승 위험 증가","","정상"
"병용금기","복합",D001362,Glecaprevir,"글레카프레비르","[D001363]Pibrentasvir(피브렌타스비르)","[A001652]글레카프레비르/[M267082]글레카프레비르/[A003331]피브렌타스비르/[M267076]피브렌타스비르","[06290]기타의 화학요법제","복합",D000749,"Ethinyl estradiol","에티닐에스트라디올","[D000694]Desogestrel(데소게스트렐)","[A005749]에티닐에스트라디올/[M040405]에치닐에스트라디올/[M223147]에티닐에스트라디올/[M259133]에티닐에스트라디올(EE-베타덱스 포접체로서)/[M083365]데소게스트렐","[02540]피임제",20251223,"- ALT 상승 위험 증가","","정상"
"병용금기","복합",D001362,Glecaprevir,"글레카프레비르","[D001363]Pibrentasvir(피브렌타스비르)","[A001652]글레카프레비르/[M267082]글레카프레비르/[A003331]피브렌타스비르/[M267076]피브렌타스비르","[06290]기타의 화학요법제","복합",D000749,"Ethinyl estradiol","에티닐에스트라디올","[D000789]Drospirenone(드로스피레논)","[A005749]에티닐에스트라디올/[M040405]에치닐에스트라디올/[M223147]에티닐에스트라디올/[M259133]에티닐에스트라디올(EE-베타덱스 포접체로서)/[M211129]드로스피레논","[02540]피임제",20251223,"- ALT 상승 위험 증가","","정상"
"병용금기","단일",D000161,Irinotecan,"이리노테칸","","[M090705]염산이리노테칸/[M234818]이리노테칸염산염","[04210]항악성종양제","단일",D000595,Phenytoin,"페니토인","","[M051706]페니토인/[M051707]페니토인나트륨","[01130]항전간제",20251223,"-이리노테칸 활성 대사물(SN-38)의 혈중 농도가 저하되어 작용 감소","","정상"
"병용금기","단일",D000161,Irinotecan,"이리노테칸","","[M090705]염산이리노테칸/[M234818]이리노테칸염산염","[04210]항악성종양제","단일",D000476,Carbamazepine,"카르바마제핀","","[M040569]카르바마제핀/[M201734]카바마제핀","[01130]항전간제",20251223,"-이리노테칸 활성 대사물(SN-38)의 혈중 농도가 저하되어 작용 감소","","정상"
"병용금기","단일",D000161,Irinotecan,"이리노테칸","","[M090705]염산이리노테칸/[M234818]이리노테칸염산염","[04210]항악성종양제","단일",D000314,Rifampicin,"리팜피신","","[M020042]리팜피신","[06130]주로 항산성균에 작용하는 것",20251223,"-이리노테칸 활성 대사물(SN-38)의 혈중 농도가 저하되어 작용 감소","","정상"
"병용금기","단일",D000161,Irinotecan,"이리노테칸","","[M090705]염산이리노테칸/[M234818]이리노테칸염산염","[04210]항악성종양제","복합",D000314,Rifampicin,"리팜피신","[D000265]Isoniazid(이소니아지드)","[M020042]리팜피신/[M223170]이소니아지드","[06220]항결핵제",20251223,"-이리노테칸 활성 대사물(SN-38)의 혈중 농도가 저하되어 작용 감소","","정상"
"병용금기","단일",D000161,Irinotecan,"이리노테칸","","[M090705]염산이리노테칸/[M234818]이리노테칸염산염","[04210]항악성종양제","복합",D000314,Rifampicin,"리팜피신","[D001812]Isonicotinic acid hydrazide(이소니코틴산히드라짓)","[M020042]리팜피신/[M223170]이소니아지드","[06220]항결핵제",20251223,"-이리노테칸 활성 대사물(SN-38)의 혈중 농도가 저하되어 작용 감소","","정상"
"병용금기","단일",D000161,Irinotecan,"이리노테칸","","[M090705]염산이리노테칸/[M234818]이리노테칸염산염","[04210]항악성종양제","복합",D000314,Rifampicin,"리팜피신","[D000802]Pyrazinamide(피라진아미드)/[D000265]Isoniazid(이소니아지드)/[D001324]Ethambutol(에탐부톨)","[M020042]리팜피신/[M040746]피라진아미드/[M223170]이소니아지드/[A000830]에탐부톨","[06130]주로 항산성균에 작용하는 것",20251223,"-이리노테칸 활성 대사물(SN-38)의 혈중 농도가 저하되어 작용 감소","","정상"
"병용금기","단일",D000161,Irinotecan,"이리노테칸","","[M090705]염산이리노테칸/[M234818]이리노테칸염산염","[04210]항악성종양제","단일",D000282,Phenobarbital,"페노바르비탈","","[M040685]페노바르비탈/[M217088]페노바르비탈나트륨","[01120]최면진정제",20251223,"-이리노테칸 활성 대사물(SN-38)의 혈중 농도가 저하되어 작용 감소","","정상"
"병용금기","단일",D000161,Irinotecan,"이리노테칸","","[M090705]염산이리노테칸/[M234818]이리노테칸염산염","[04210]항악성종양제","단일",D001780,Apalutamide,"아팔루타마이드","","[A110590]아팔루타마이드","[04210]항악성종양제",20251223,"-이리노테칸 활성 대사물(SN-38)의 혈중 농도가 저하되어 작용 감소","","정상"
"병용금기","단일",D000139,"Selegiline Hydrochloride","셀레길린염산염","","[M222864]셀레길린염산염","[01190]기타의 중추신경용약","단일",D000745,Almotriptan,"알모트립탄","","[M252241]알모트립탄말산염","[01140]해열.진통.소염제",20251223,"- 동맥 고혈압, 관상동맥 수축의 위험이 있음","","정상"
"병용금기","단일",D000139,"Selegiline Hydrochloride","셀레길린염산염","","[M222864]셀레길린염산염","[01190]기타의 중추신경용약","단일",D000287,Naratriptan,"나라트립탄","","[M249577]나라트립탄염산염","[01140]해열.진통.소염제",20251223,"- 동맥 고혈압, 관상동맥 수축의 위험이 있음","","정상"
"병용금기","단일",D000139,"Selegiline Hydrochloride","셀레길린염산염","","[M222864]셀레길린염산염","[01190]기타의 중추신경용약","단일",D000407,Frovatriptan,"프로바트립탄","","[M246494]프로바트립탄숙신산염일수화물","[01140]해열.진통.소염제",20251223,"- 동맥 고혈압, 관상동맥 수축의 위험이 있음","","정상"
"병용금기","단일",D000139,"Selegiline Hydrochloride","셀레길린염산염","","[M222864]셀레길린염산염","[01190]기타의 중추신경용약","단일",D000171,Zolmitriptan,"졸미트립탄","","[M090949]졸미트립탄","[01140]해열.진통.소염제",20251223,"- 동맥 고혈압, 관상동맥 수축의 위험이 있음","","정상"
"병용금기","단일",D000506,Diclofenac,"디클로페낙","","[M050288]디클로페낙나트륨/[M083248]디클로페낙/[M083349]디클로페낙베타디메칠아미노에탄올/[M084600]디클로페낙칼륨/[M086205]디클로페낙디에칠암모늄/[M102665]디클로페낙에폴아민/[M230206]디클로페낙 β-디메칠아미노에탄올/[M249599]디클로페낙디에틸암모늄/[M251996]디클로페낙베타디메틸아미노에탄올/[M252249]디클로페낙β-디메틸아미노에탄올/[M255472]디클로페낙디에틸아민염/[M256203]디클로페낙디에틸아민","[01140]해열.진통.소염제","단일",D000716,Methotrexate,"메토트렉세이트","","[M040168]메토트렉세이트","[01140]해열.진통.소염제/[04210]항악성종양제",20251223,"-신세뇨관에서 Methotrexate 배설이 지연되어 Methotrexate 혈액학적 독성 증가","","정상"
"병용금기","단일",D000527,Rivaroxaban,"리바록사반","","[I012462]리바록사반(미세화)/[M254091]리바록사반(미세화)/[M264293]리바록사반(미분화)","[03330]혈액응고저지제","단일",D000405,Posaconazole,"포사코나졸","","[M256381]포사코나졸(미분화)","[06290]기타의 화학요법제",20251223,"-Rivaroxaban의 혈중농도가 상승하여 출혈위험 증가","","정상"
"병용금기","단일",D001819,"Calcium chloride","염화칼슘","","[A000864]염화칼슘/[M040414]무수염화칼슘/[M040439]염화칼슘/[M104173]염화칼슘(2수염)/[M217500]염화칼슘수화물/[M255564]염화칼슘 35%용액/[M273686]염화칼슘 용액35%/[M280421]염화칼슘이수화물","[03210]칼슘제","단일",D001820,Digoxin,"디곡신","","[A000174]디곡신/[A000331]메틸디곡신/[M040091]디곡신/[M110555]베타-메틸디곡신","[02110]강심제",20251223,"-Digoxin 작용 증강으로 인한 디기탈리스 중독(서맥, 심실성기외수축, 방실블록 등) 위험증가","","정상"
"병용금기","단일",D000494,"Calcium Gluconate","글루콘산칼슘","","[M040041]글루콘산칼슘/[M222935]글루콘산칼슘수화물","[03210]칼슘제","단일",D001820,Digoxin,"디곡신","","[A000174]디곡신/[A000331]메틸디곡신/[M040091]디곡신/[M110555]베타-메틸디곡신","[02110]강심제",20251223,"-Digoxin 작용 증강으로 인한 디기탈리스 중독(서맥, 심실성기외수축, 방실블록 등) 위험증가","","정상"
"병용금기","단일",D000328,Bedaquiline,"베다퀼린","","[M259110]베다퀼린푸마르산염","[06220]항결핵제","단일",D000314,Rifampicin,"리팜피신","","[M020042]리팜피신","[06130]주로 항산성균에 작용하는 것",20251223,"-Bedaquiline의 혈중농도와 치료효과 감소","","정상"
"병용금기","단일",D000328,Bedaquiline,"베다퀼린","","[M259110]베다퀼린푸마르산염","[06220]항결핵제","복합",D000314,Rifampicin,"리팜피신","[D000265]Isoniazid(이소니아지드)","[M020042]리팜피신/[M223170]이소니아지드","[06220]항결핵제",20251223,"-Bedaquiline의 혈중농도와 치료효과 감소","","정상"
"병용금기","단일",D000328,Bedaquiline,"베다퀼린","","[M259110]베다퀼린푸마르산염","[06220]항결핵제","복합",D000314,Rifampicin,"리팜피신","[D001812]Isonicotinic acid hydrazide(이소니코틴산히드라짓)","[M020042]리팜피신/[M223170]이소니아지드","[06220]항결핵제",20251223,"-Bedaquiline의 혈중농도와 치료효과 감소","","정상"
"병용금기","단일",D000328,Bedaquiline,"베다퀼린","","[M259110]베다퀼린푸마르산염","[06220]항결핵제","복합",D000314,Rifampicin,"리팜피신","[D000802]Pyrazinamide(피라진아미드)/[D000265]Isoniazid(이소니아지드)/[D001324]Ethambutol(에탐부톨)","[M020042]리팜피신/[M040746]피라진아미드/[M223170]이소니아지드/[A000830]에탐부톨","[06130]주로 항산성균에 작용하는 것",20251223,"-Bedaquiline의 혈중농도와 치료효과 감소","","정상"
"병용금기","단일",D000328,Bedaquiline,"베다퀼린","","[M259110]베다퀼린푸마르산염","[06220]항결핵제","단일",D001081,Rifabutin,"리파부틴","","[I003537]리파부틴/[M089091]리파부틴","[06130]주로 항산성균에 작용하는 것",20251223,"-Bedaquiline의 혈중농도와 치료효과 감소","","정상"
"병용금기","단일",D001323,Delamanid,"델라마니드","","[A000157]델라마니드","[06220]항결핵제","단일",D000476,Carbamazepine,"카르바마제핀","","[M040569]카르바마제핀/[M201734]카바마제핀","[01130]항전간제",20251223,"-Delamanid의 혈중농도 감소","","정상"
"병용금기","단일",D001560,"Zinc histidine","히스티딘아연","","[A001470]히스티딘아연","[03220]무기질제제","단일",D001469,"Edetate Calcium Disodium(Calcium EDTA)","에데트산칼슘나트륨","","[A000815]에데트산칼슘나트륨/[M103253]에데트산칼슘나트륨","[03920]해독제",20251223,"-아연 흡수를 저해하거나 배출을 증가시킴","","정상"
"병용금기","단일",D001821,"Agalsidase α","아갈시다제알파","","[A000692]아갈시다제알파/[M260163]아갈시다제알파","[03950]효소제제","단일",D000259,Amiodarone,"아미오다론","","[A005259]아미오다론","[02120]부정맥용제",20251223,"Amiodarone은 세포내 알파-갈락토시다제 활성을 저해할 가능성 있음","","정상"
"병용금기","단일",D001821,"Agalsidase α","아갈시다제알파","","[A000692]아갈시다제알파/[M260163]아갈시다제알파","[03950]효소제제","단일",D000075,Gentamicin,"겐타마이신","","[M020001]황산겐타마이신/[M202821]겐타마이신황산염","[06180]주로 그람양성, 음성균에 작용하는 것",20251223,"겐타마이신은 세포내 알파-갈락토시다제 활성을 저해할 가능성 있음","","정상"
"병용금기","단일",D001585,Cabozantinib,"카보잔티닙","","[A002982]카보잔티닙","[04210]항악성종양제","단일",D000476,Carbamazepine,"카르바마제핀","","[M040569]카르바마제핀/[M201734]카바마제핀","[01130]항전간제",20251223,"-Cabozantinib의 혈장 노출 감소","","정상"
"병용금기","단일",D001585,Cabozantinib,"카보잔티닙","","[A002982]카보잔티닙","[04210]항악성종양제","단일",D000282,Phenobarbital,"페노바르비탈","","[M040685]페노바르비탈/[M217088]페노바르비탈나트륨","[01120]최면진정제",20251223,"-Cabozantinib의 혈장 노출 감소","","정상"
"병용금기","단일",D001585,Cabozantinib,"카보잔티닙","","[A002982]카보잔티닙","[04210]항악성종양제","단일",D000595,Phenytoin,"페니토인","","[M051706]페니토인/[M051707]페니토인나트륨","[01130]항전간제",20251223,"-Cabozantinib의 혈장 노출 감소","","정상"
"병용금기","단일",D001585,Cabozantinib,"카보잔티닙","","[A002982]카보잔티닙","[04210]항악성종양제","단일",D000314,Rifampicin,"리팜피신","","[M020042]리팜피신","[06130]주로 항산성균에 작용하는 것",20251223,"-Cabozantinib의 혈장 노출 감소","","정상"
"병용금기","단일",D001585,Cabozantinib,"카보잔티닙","","[A002982]카보잔티닙","[04210]항악성종양제","복합",D000314,Rifampicin,"리팜피신","[D000265]Isoniazid(이소니아지드)","[M020042]리팜피신/[M223170]이소니아지드","[06220]항결핵제",20251223,"-Cabozantinib의 혈장 노출 감소","","정상"
"병용금기","단일",D001585,Cabozantinib,"카보잔티닙","","[A002982]카보잔티닙","[04210]항악성종양제","복합",D000314,Rifampicin,"리팜피신","[D001812]Isonicotinic acid hydrazide(이소니코틴산히드라짓)","[M020042]리팜피신/[M223170]이소니아지드","[06220]항결핵제",20251223,"-Cabozantinib의 혈장 노출 감소","","정상"
"병용금기","단일",D001585,Cabozantinib,"카보잔티닙","","[A002982]카보잔티닙","[04210]항악성종양제","복합",D000314,Rifampicin,"리팜피신","[D000802]Pyrazinamide(피라진아미드)/[D000265]Isoniazid(이소니아지드)/[D001324]Ethambutol(에탐부톨)","[M020042]리팜피신/[M040746]피라진아미드/[M223170]이소니아지드/[A000830]에탐부톨","[06130]주로 항산성균에 작용하는 것",20251223,"-Cabozantinib의 혈장 노출 감소","","정상"
"병용금기","단일",D001585,Cabozantinib,"카보잔티닙","","[A002982]카보잔티닙","[04210]항악성종양제","단일",D000447,"St. Johns Wort","세인트존스워트","","[M220509]세인트존스워트/[M248295]세인트존스워트80%메탄올엑스/[M255952]세인트존스워트50%에탄올엑스/[M256845]세인트존스워트틴크D2/[M258013]세인트존스워트80%메탄올건조엑스","[01190]기타의 중추신경용약/[03980]종합대사성제제",20251223,"-Cabozantinib의 혈장 노출 감소","","정상"
"병용금기","단일",D001076,Ceritinib,"세리티닙","","[M261400]세리티닙","[04210]항악성종양제","단일",D000476,Carbamazepine,"카르바마제핀","","[M040569]카르바마제핀/[M201734]카바마제핀","[01130]항전간제",20251223,"-Ceritinib 혈장 농도 감소","","정상"
"병용금기","단일",D001076,Ceritinib,"세리티닙","","[M261400]세리티닙","[04210]항악성종양제","단일",D000055,Clonidine,"클로니딘","","[M223200]클로니딘염산염","[01190]기타의 중추신경용약",20251223,"- 심장 박동수와 혈압을 정기적으로 모니터링할 것","","정상"
"병용금기","단일",D001076,Ceritinib,"세리티닙","","[M261400]세리티닙","[04210]항악성종양제","단일",D001820,Digoxin,"디곡신","","[A000174]디곡신/[A000331]메틸디곡신/[M040091]디곡신/[M110555]베타-메틸디곡신","[02110]강심제",20251223,"- 심장 박동수와 혈압을 정기적으로 모니터링할 것","","정상"
"병용금기","단일",D001076,Ceritinib,"세리티닙","","[M261400]세리티닙","[04210]항악성종양제","단일",D000282,Phenobarbital,"페노바르비탈","","[M040685]페노바르비탈/[M217088]페노바르비탈나트륨","[01120]최면진정제",20251223,"-Ceritinib의 혈장 농도 감소","","정상"
"병용금기","단일",D001076,Ceritinib,"세리티닙","","[M261400]세리티닙","[04210]항악성종양제","단일",D000595,Phenytoin,"페니토인","","[M051706]페니토인/[M051707]페니토인나트륨","[01130]항전간제",20251223,"-Ceritinib의 혈장 농도 감소","","정상"
"병용금기","단일",D001076,Ceritinib,"세리티닙","","[M261400]세리티닙","[04210]항악성종양제","단일",D001081,Rifabutin,"리파부틴","","[I003537]리파부틴/[M089091]리파부틴","[06130]주로 항산성균에 작용하는 것",20251223,"-Ceritinib의 혈장 농도 감소","","정상"
"병용금기","단일",D001076,Ceritinib,"세리티닙","","[M261400]세리티닙","[04210]항악성종양제","단일",D000314,Rifampicin,"리팜피신","","[M020042]리팜피신","[06130]주로 항산성균에 작용하는 것",20251223,"-Ceritinib의 혈장 농도 감소","","정상"
"병용금기","단일",D001076,Ceritinib,"세리티닙","","[M261400]세리티닙","[04210]항악성종양제","복합",D000314,Rifampicin,"리팜피신","[D000265]Isoniazid(이소니아지드)","[M020042]리팜피신/[M223170]이소니아지드","[06220]항결핵제",20251223,"-Ceritinib의 혈장 농도 감소","","정상"
"병용금기","단일",D001076,Ceritinib,"세리티닙","","[M261400]세리티닙","[04210]항악성종양제","복합",D000314,Rifampicin,"리팜피신","[D001812]Isonicotinic acid hydrazide(이소니코틴산히드라짓)","[M020042]리팜피신/[M223170]이소니아지드","[06220]항결핵제",20251224,"-Ceritinib의 혈장 농도 감소","","정상"
"병용금기","단일",D001076,Ceritinib,"세리티닙","","[M261400]세리티닙","[04210]항악성종양제","복합",D000314,Rifampicin,"리팜피신","[D000802]Pyrazinamide(피라진아미드)/[D000265]Isoniazid(이소니아지드)/[D001324]Ethambutol(에탐부톨)","[M020042]리팜피신/[M040746]피라진아미드/[M223170]이소니아지드/[A000830]에탐부톨","[06130]주로 항산성균에 작용하는 것",20251223,"-Ceritinib의 혈장 농도 감소","","정상"
"병용금기","단일",D001076,Ceritinib,"세리티닙","","[M261400]세리티닙","[04210]항악성종양제","단일",D000447,"St. Johns Wort","세인트존스워트","","[M220509]세인트존스워트/[M248295]세인트존스워트80%메탄올엑스/[M255952]세인트존스워트50%에탄올엑스/[M256845]세인트존스워트틴크D2/[M258013]세인트존스워트80%메탄올건조엑스","[01190]기타의 중추신경용약/[03980]종합대사성제제",20251223,"-Ceritinib의 혈장 농도 감소","","정상"
"병용금기","단일",D001588,Entrectinib,"엔트렉티닙","","[A110496]엔트렉티닙","[04210]항악성종양제","단일",D000314,Rifampicin,"리팜피신","","[M020042]리팜피신","[06130]주로 항산성균에 작용하는 것",20251223,"-Entrectinib의 전신 노출 감소","","정상"
"병용금기","단일",D001588,Entrectinib,"엔트렉티닙","","[A110496]엔트렉티닙","[04210]항악성종양제","복합",D000314,Rifampicin,"리팜피신","[D000265]Isoniazid(이소니아지드)","[M020042]리팜피신/[M223170]이소니아지드","[06220]항결핵제",20251223,"-Entrectinib의 전신 노출 감소","","정상"
"병용금기","단일",D001588,Entrectinib,"엔트렉티닙","","[A110496]엔트렉티닙","[04210]항악성종양제","복합",D000314,Rifampicin,"리팜피신","[D001812]Isonicotinic acid hydrazide(이소니코틴산히드라짓)","[M020042]리팜피신/[M223170]이소니아지드","[06220]항결핵제",20251223,"-Entrectinib의 전신 노출 감소","","정상"
"병용금기","단일",D001588,Entrectinib,"엔트렉티닙","","[A110496]엔트렉티닙","[04210]항악성종양제","복합",D000314,Rifampicin,"리팜피신","[D000802]Pyrazinamide(피라진아미드)/[D000265]Isoniazid(이소니아지드)/[D001324]Ethambutol(에탐부톨)","[M020042]리팜피신/[M040746]피라진아미드/[M223170]이소니아지드/[A000830]에탐부톨","[06130]주로 항산성균에 작용하는 것",20251223,"-Entrectinib의 전신 노출 감소","","정상"
"병용금기","단일",D001589,Gilteritinib,"길테리티닙","","[A110484]길테리티닙푸마르산염","[04210]항악성종양제","단일",D000595,Phenytoin,"페니토인","","[M051706]페니토인/[M051707]페니토인나트륨","[01130]항전간제",20251223,"-Gilteritinib의 혈장 농도 감소","","정상"
"병용금기","단일",D001589,Gilteritinib,"길테리티닙","","[A110484]길테리티닙푸마르산염","[04210]항악성종양제","단일",D000314,Rifampicin,"리팜피신","","[M020042]리팜피신","[06130]주로 항산성균에 작용하는 것",20251223,"-Gilteritinib의 혈장 농도 감소","","정상"
"병용금기","단일",D001589,Gilteritinib,"길테리티닙","","[A110484]길테리티닙푸마르산염","[04210]항악성종양제","복합",D000314,Rifampicin,"리팜피신","[D000265]Isoniazid(이소니아지드)","[M020042]리팜피신/[M223170]이소니아지드","[06220]항결핵제",20251223,"-Gilteritinib의 혈장 농도 감소","","정상"
"병용금기","단일",D001589,Gilteritinib,"길테리티닙","","[A110484]길테리티닙푸마르산염","[04210]항악성종양제","복합",D000314,Rifampicin,"리팜피신","[D001812]Isonicotinic acid hydrazide(이소니코틴산히드라짓)","[M020042]리팜피신/[M223170]이소니아지드","[06220]항결핵제",20251223,"-Gilteritinib의 혈장 농도 감소","","정상"
"병용금기","단일",D001589,Gilteritinib,"길테리티닙","","[A110484]길테리티닙푸마르산염","[04210]항악성종양제","복합",D000314,Rifampicin,"리팜피신","[D000802]Pyrazinamide(피라진아미드)/[D000265]Isoniazid(이소니아지드)/[D001324]Ethambutol(에탐부톨)","[M020042]리팜피신/[M040746]피라진아미드/[M223170]이소니아지드/[A000830]에탐부톨","[06130]주로 항산성균에 작용하는 것",20251223,"-Gilteritinib의 혈장 농도 감소","","정상"
"병용금기","단일",D001589,Gilteritinib,"길테리티닙","","[A110484]길테리티닙푸마르산염","[04210]항악성종양제","단일",D000447,"St. Johns Wort","세인트존스워트","","[M220509]세인트존스워트/[M248295]세인트존스워트80%메탄올엑스/[M255952]세인트존스워트50%에탄올엑스/[M256845]세인트존스워트틴크D2/[M258013]세인트존스워트80%메탄올건조엑스","[01190]기타의 중추신경용약/[03980]종합대사성제제",20251223,"-Gilteritinib의 혈장 농도 감소","","정상"
"병용금기","단일",D001590,Ibrutinib,"이브루티닙","","[A000940]이브루티닙","[04210]항악성종양제","단일",D000476,Carbamazepine,"카르바마제핀","","[M040569]카르바마제핀/[M201734]카바마제핀","[01130]항전간제",20251223,"-Ibrutinib의 혈중 농도 감소","","정상"
"병용금기","단일",D001590,Ibrutinib,"이브루티닙","","[A000940]이브루티닙","[04210]항악성종양제","단일",D000373,Clarithromycin,"클래리트로마이신","","[M085725]클래리스로마이신/[M087123]클래리스로마이신코팅입자/[M102127]클래리스로마이신제피과립/[M222887]클래리트로마이신/[M223198]클래리트로마이신/[M245961]클래리트로마이신제피과립/[M256483]클래리트로마이신제피과립(42%)","[06190]기타의 항생물질제제(복합항생물질제제를 포함)",20251223,"-Ibrutinib의 혈중 농도 감소","","정상"
"병용금기","단일",D001590,Ibrutinib,"이브루티닙","","[A000940]이브루티닙","[04210]항악성종양제","복합",D000673,Cobicistat,"코비시스타트","[D000395]Darunavir(다루나비르)","[M256270]코비시스타트이산화규소/[M258751]다루나비르에탄올레이트","[06290]기타의 화학요법제",20251223,"-Ibrutinib의 혈중 농도 감소","","정상"
"병용금기","단일",D001590,Ibrutinib,"이브루티닙","","[A000940]이브루티닙","[04210]항악성종양제","복합",D000673,Cobicistat,"코비시스타트","[D000665]Emtricitabine(엠트리시타빈)/[D001420]Tenofovir alafenamide(테노포비르알라페나미드)/[D000561]Elvitegravir(엘비테그라비르)","[M256270]코비시스타트이산화규소/[M250026]엠트리시타빈/[M118368]테노포비르알라페나미드푸마르산염/[M279141]테노포비르알라페나미드숙신산염/[M279170]테노포비르알라페나미드헤미말산염/[A005561]엘비테그라비르","[06290]기타의 화학요법제",20251223,"-Ibrutinib의 혈중 농도 감소","","정상"
"병용금기","단일",D001590,Ibrutinib,"이브루티닙","","[A000940]이브루티닙","[04210]항악성종양제","단일",D000762,Itraconazole,"이트라코나졸","","[M083733]이트라코나졸제피과립/[M083734]이트라코나졸/[M092870]이트라코나졸고체분산체/[M201487]이트라코나졸고체분산/[M201624]제피이트라코나졸과립","[06290]기타의 화학요법제",20251223,"-Ibrutinib의 혈중 농도 감소","","정상"
"병용금기","단일",D001590,Ibrutinib,"이브루티닙","","[A000940]이브루티닙","[04210]항악성종양제","단일",D000595,Phenytoin,"페니토인","","[M051706]페니토인/[M051707]페니토인나트륨","[01130]항전간제",20251223,"-Ibrutinib의 혈중 농도 감소","","정상"
"병용금기","단일",D001590,Ibrutinib,"이브루티닙","","[A000940]이브루티닙","[04210]항악성종양제","단일",D000314,Rifampicin,"리팜피신","","[M020042]리팜피신","[06130]주로 항산성균에 작용하는 것",20251223,"-Ibrutinib의 혈중 농도 감소","","정상"
"병용금기","단일",D001590,Ibrutinib,"이브루티닙","","[A000940]이브루티닙","[04210]항악성종양제","복합",D000314,Rifampicin,"리팜피신","[D000265]Isoniazid(이소니아지드)","[M020042]리팜피신/[M223170]이소니아지드","[06220]항결핵제",20251223,"-Ibrutinib의 혈중 농도 감소","","정상"
"병용금기","단일",D001590,Ibrutinib,"이브루티닙","","[A000940]이브루티닙","[04210]항악성종양제","복합",D000314,Rifampicin,"리팜피신","[D001812]Isonicotinic acid hydrazide(이소니코틴산히드라짓)","[M020042]리팜피신/[M223170]이소니아지드","[06220]항결핵제",20251223,"-Ibrutinib의 혈중 농도 감소","","정상"
"병용금기","단일",D001590,Ibrutinib,"이브루티닙","","[A000940]이브루티닙","[04210]항악성종양제","복합",D000314,Rifampicin,"리팜피신","[D000802]Pyrazinamide(피라진아미드)/[D000265]Isoniazid(이소니아지드)/[D001324]Ethambutol(에탐부톨)","[M020042]리팜피신/[M040746]피라진아미드/[M223170]이소니아지드/[A000830]에탐부톨","[06130]주로 항산성균에 작용하는 것",20251223,"-Ibrutinib의 혈중 농도 감소","","정상"
"병용금기","단일",D001590,Ibrutinib,"이브루티닙","","[A000940]이브루티닙","[04210]항악성종양제","단일",D000447,"St. Johns Wort","세인트존스워트","","[M220509]세인트존스워트/[M248295]세인트존스워트80%메탄올엑스/[M255952]세인트존스워트50%에탄올엑스/[M256845]세인트존스워트틴크D2/[M258013]세인트존스워트80%메탄올건조엑스","[01190]기타의 중추신경용약/[03980]종합대사성제제",20251223,"-Ibrutinib의 혈중 농도 감소","","정상"
"병용금기","단일",D001590,Ibrutinib,"이브루티닙","","[A000940]이브루티닙","[04210]항악성종양제","단일",D000712,Ritonavir,"리토나비르","","[M259362]리토나비르","[06290]기타의 화학요법제",20251223,"-Ibrutinib의 혈중 농도 감소 -Ibrutinib의 노출 증가로 종양 용해 증후군의 위험을 포함한 독성 위험성 증가","","정상"
"병용금기","단일",D001563,Doravirine,"도라비린","","[A110504]도라비린","[06290]기타의 화학요법제","복합",D000314,Rifampicin,"리팜피신","[D000265]Isoniazid(이소니아지드)","[M020042]리팜피신/[M223170]이소니아지드","[06220]항결핵제",20251223,"-Doravirine의 혈장농도가 유의하게 감소하여 약효가 떨어질 수 있음","","정상"
"병용금기","단일",D001563,Doravirine,"도라비린","","[A110504]도라비린","[06290]기타의 화학요법제","복합",D000314,Rifampicin,"리팜피신","[D001812]Isonicotinic acid hydrazide(이소니코틴산히드라짓)","[M020042]리팜피신/[M223170]이소니아지드","[06220]항결핵제",20251223,"-Doravirine의 혈장농도가 유의하게 감소하여 약효가 떨어질 수 있음","","정상"
"병용금기","단일",D001563,Doravirine,"도라비린","","[A110504]도라비린","[06290]기타의 화학요법제","복합",D000314,Rifampicin,"리팜피신","[D000802]Pyrazinamide(피라진아미드)/[D000265]Isoniazid(이소니아지드)/[D001324]Ethambutol(에탐부톨)","[M020042]리팜피신/[M040746]피라진아미드/[M223170]이소니아지드/[A000830]에탐부톨","[06130]주로 항산성균에 작용하는 것",20251223,"-Doravirine의 혈장농도가 유의하게 감소하여 약효가 떨어질 수 있음","","정상"
"병용금기","단일",D001604,Safinamide,"사피나미드","","[A110561]사피나미드","[01190]기타의 중추신경용약","복합",D000200,Dextromethorphan,"덱스트로메토르판","[D000147]Acetaminophen(아세트아미노펜)/[D000896]Pheniramine(페니라민)/[D000493]Guaifenesin(구아이페네신)","[M040084]브롬화수소산덱스트로메토르판/[M202983]덱스트로메토르판브롬화수소산염/[M222957]덱스트로메토르판브롬화수소산염수화물/[M040353]아세트아미노펜/[M082309]아세트아미노펜제피세립/[M233006]아세트아미노펜 DC 500/600/[M246556]아세트아미노펜 (미분화)/[M262287]아세트아미노펜 과립/[I002961]페니라민아미노살리실레이트/[I002962]페니라민말레산염/[M051704]말레인산페니라민/[M086103]니스과립디/[M086104]니스과립C-2/[M237022]페니라민말레산염/[M050058]구아이페네신","[01140]해열.진통.소염제",20251223,"- 정신병 또는 기괴한 행동 등의 유발 보고됨","","정상"
"병용금기","단일",D001594,Midostaurin,"미도스타우린","","[A110202]미도스타우린","[04210]항악성종양제","복합",D000314,Rifampicin,"리팜피신","[D001812]Isonicotinic acid hydrazide(이소니코틴산히드라짓)","[M020042]리팜피신/[M223170]이소니아지드","[06220]항결핵제",20251223,"- Midostaurin과 활성 대사체의 혈중 농도 감소","","정상"
