TYPE_NAME,MIX_TYPE,INGR_CODE,INGR_ENG_NAME,INGR_NAME,MIX_INGR,FORM_NAME,ITEM_SEQ,ITEM_NAME,ITEM_PERMIT_DATE,ENTP_NAME,CHART,CLASS_CODE,CLASS_NAME,ETC_OTC_NAME,MAIN_INGR,NOTIFICATION_DATE,PROHBT_CONTENT,REMARK,INGR_ENG_NAME_FULL,CHANGE_DATE
"특정연령대금기","단일",D000440,"Benztropine Mesylate","벤즈트로핀메실산염","","나정",197100097,"환인벤즈트로핀정(벤즈트로핀메실산염)",19710202,"환인제약(주)","백색의 원형정제",01190,"기타의 중추신경용약","전문의약품","[M247864]벤즈트로핀메실산염",20140109,"생명을 위협하는 경우를 제외하고는 3세 미만 소아에 사용하지 말 것","","Benztropine Mesylate(벤즈트로핀메실산염)",20131127
"특정연령대금기","단일",D000026,"Cyproheptadine Hydrochloride Hydrate","시프로헵타딘염산염수화물","","나정",197500386,"영일페리악틴정(시프로헵타딘염산염수화물)(수출명:메디페리악틴정, 메디타딘정)(수출용)",19750205,"영일제약(주)","흰색의 원형 정제",01410,"항히스타민제","전문의약품","[M223093]시프로헵타딘염산염수화물/[M223093]시프로헵타딘염산염수화물",20140109,"안전성 및 유효성 미확립","","Cyproheptadine Hydrochloride Hydrate(시프로헵타딘염산염수화물)",20180620
"특정연령대금기","단일",D000276,Chlorprothixene,"클로르프로칙센","","당의정",197600629,"트룩살정10밀리그램(클로르프로칙센)(수출용)",19760730,"(주)유영제약","황색 당의정",01170,"정신신경용제","전문의약품","[M051534]클로르프로칙센",20140109,"- 안전성 및 유효성 미확립- 페노치아진계 약물을 소아에 투여한 경우 추체외로증상 특히 운동장애가 나타나기 쉬움","","Chlorprothixene(클로르프로칙센)",20130525
"특정연령대금기","단일",D000374,"Clemastine Fumarate","클레마스틴푸마르산염","","나정",197900219,"마스질정(클레마스틴푸마르산염)",19791210,"태극제약(주)","연한 노란색의 정제",01410,"항히스타민제","일반의약품","[M223199]클레마스틴푸마르산염",20140109,"진정 또는 수면 무호흡증, 경련, 흥분 등 중추신경증상을 일으킬 수 있음","","Clemastine Fumarate(클레마스틴푸마르산염)",20190911
"특정연령대금기","단일",D000479,"Clobetasol Propionate","클로베타솔프로피오네이트","","피부크림제",198100280,"도모호론크림(클로베타솔프로피오네이트)",19810224,"(주)동구바이오제약","흰색 거의 흰색의 유연한 크림으로 이물질이 없이 전질 균등한 외용 크림제이다.",02640,"진통.진양.수렴.소염제","전문의약품","[M223224]클로베타솔프로피오네이트",20140109,"소아는 체중당 체표면적의 비율이 성인보다 커서 코르티코이드로 인해 HPA축(시상하부-뇌하수체-부신 축) 억제, 쿠싱증후군, 발육장애, 두개내압항진 등이 나타나기 쉬움","","Clobetasol Propionate(클로베타솔프로피오네이트)",20220129
"특정연령대금기","단일",D000479,"Clobetasol Propionate","클로베타솔프로피오네이트","","피부연고제",198300730,"베타베이트연고(클로베타솔프로피오네이트)(수출명:클로베덤0.05%연고)(CLOBEDERM0.05%Ointment)",19830317,"고려제약(주)","무색 내지 백색의 전질균등한 외용연고제이다",02640,"진통.진양.수렴.소염제","전문의약품","[M223224]클로베타솔프로피오네이트",20140109,"소아는 체중당 체표면적의 비율이 성인보다 커서 코르티코이드로 인해 HPA축(시상하부-뇌하수체-부신 축) 억제, 쿠싱증후군, 발육장애, 두개내압항진 등이 나타나기 쉬움","","Clobetasol Propionate(클로베타솔프로피오네이트)",20220129
"특정연령대금기","단일",D000584,"Chlorpromazine Hydrochloride","클로르프로마진염산염","","당의정",198500616,"명인클로르프로마진염산염정100mg",19850417,"명인제약(주)","주황색의 원형 당의정",01170,"정신신경용제","전문의약품","[M223216]클로르프로마진염산염",20140109,"추체외로증상 특히 운동장애가 나타나기 쉬움","","Chlorpromazine Hydrochloride(클로르프로마진염산염)",20201207
"특정연령대금기","단일",D000440,"Benztropine Mesylate","벤즈트로핀메실산염","","나정",198500629,"명인벤즈트로핀메실산염정2밀리그램",19850417,"명인제약(주)","흰색의 원형정제",01190,"기타의 중추신경용약","전문의약품","[M247864]벤즈트로핀메실산염",20140109,"생명을 위협하는 경우를 제외하고는 3세 미만 소아에 사용하지 말 것","","Benztropine Mesylate(벤즈트로핀메실산염)",20171122
"특정연령대금기","단일",D000584,"Chlorpromazine Hydrochloride","클로르프로마진염산염","","당의정",198500636,"명인클로르프로마진염산염정50mg",19850417,"명인제약(주)","주황색의 원형 당의정",01170,"정신신경용제","전문의약품","[M223216]클로르프로마진염산염",20140109,"추체외로증상 특히 운동장애가 나타나기 쉬움","","Chlorpromazine Hydrochloride(클로르프로마진염산염)",20210104
"특정연령대금기","단일",D000506,"Diclofenac Sodium","디클로페낙나트륨","","용액주사제",198600424,"소페낙주사(디클로페낙나트륨)",19860628,"아주약품(주)","무색 또는 미황색의 액체가 충진된 갈색 앰플제임.",01140,"해열.진통.소염제","전문의약품","[M050288]디클로페낙나트륨",20140109,"벤질알코올은 조숙아에서 치명적인 가쁜 호흡증상과 연관이 있는 것으로 보고됨","","Diclofenac Sodium(디클로페낙나트륨)",20250415
"특정연령대금기","단일",D000440,"Benztropine Mesylate","벤즈트로핀메실산염","","나정",198600614,"명인벤즈트로핀메실산염정1밀리그램",19860217,"명인제약(주)","흰색 원형의 정제",01190,"기타의 중추신경용약","전문의약품","[M247864]벤즈트로핀메실산염",20140109,"생명을 위협하는 경우를 제외하고는 3세 미만 소아에 사용하지 말 것","","Benztropine Mesylate(벤즈트로핀메실산염)",20100107
"특정연령대금기","단일",D000440,"Benztropine Mesylate","벤즈트로핀메실산염","","나정",198700736,"환인벤즈트로핀정1밀리그램(벤즈트로핀메실산염)",19870418,"환인제약(주)","황색의 원형정제",01190,"기타의 중추신경용약","전문의약품","[M247864]벤즈트로핀메실산염",20140109,"생명을 위협하는 경우를 제외하고는 3세 미만 소아에 사용하지 말 것","","Benztropine Mesylate(벤즈트로핀메실산염)",20160818
"특정연령대금기","단일",D000479,"Clobetasol Propionate","클로베타솔프로피오네이트","","피부연고제",198700788,"도모호론연고(클로베타솔프로피오네이트)",19870513,"(주)동구바이오제약","반투명한 흰색-미황색의 전질균등한 연고제",02640,"진통.진양.수렴.소염제","전문의약품","[M223224]클로베타솔프로피오네이트",20140109,"소아는 체중당 체표면적의 비율이 성인보다 커서 코르티코이드로 인해 HPA축(시상하부-뇌하수체-부신 축) 억제, 쿠싱증후군, 발육장애, 두개내압항진 등이 나타나기 쉬움","","Clobetasol Propionate(클로베타솔프로피오네이트)",20220129
"특정연령대금기","단일",D000142,"Ciprofloxacin Hydrochloride","시프로플록사신염산염","","필름코팅정",198801052,"사이톱신정(시프로플록사신염산염)",19880628,"에이치케이이노엔(주)","흰색의 원형 필름코팅정제",06290,"기타의 화학요법제","전문의약품","[M242850]시프로플록사신염산염",20140109,"- 안전성 및 유효성 미확립- 퀴놀론계 항균제는 몇몇 어린 동물종에서 특히 체중부하부위의 관절병증, 뼈연골증을 유발함","","Ciprofloxacin Hydrochloride(시프로플록사신염산염)",20260323
"특정연령대금기","단일",D000142,"Ciprofloxacin Hydrochloride Hydrate","시프로플록사신염산염수화물","","필름코팅정",198902238,"후록신정(시프로플록사신염산염수화물)(수출용)",19890128,"(주)휴온스","백색또는 미황색의 장방형 제피정",06290,"기타의 화학요법제","전문의약품","[M223091]시프로플록사신염산염수화물",20140109,"- 안전성 및 유효성 미확립- 퀴놀론계 항균제는 몇몇 어린 동물종에서 특히 체중부하부위의 관절병증, 뼈연골증을 유발함","","Ciprofloxacin Hydrochloride Hydrate(시프로플록사신염산염수화물)",20260323
"특정연령대금기","단일",D000506,"Diclofenac Beta-Dimethylaminoethanol","디클로페낙β-디메틸아미노에탄올","","용액주사제",198902280,"디크놀주사(디클로페낙β-디메틸아미노에탄올)",19890918,"명문제약(주)","이약은 무색-미황색의 투명한 용액이 든 무색투명한 앰플제이다",01140,"해열.진통.소염제","전문의약품","[M252249]디클로페낙β-디메틸아미노에탄올",20140109,"벤질알코올은 조숙아에서 치명적인 가쁜 호흡증상과 연관이 있는 것으로 보고됨","","Diclofenac Beta-Dimethylaminoethanol(디클로페낙β-디메틸아미노에탄올)",20250415
"특정연령대금기","단일",D000142,Ciprofloxacin,"시프로플록사신","","용액주사제",199000351,"싸이신주사100밀리그램,200밀리그램,400밀리그램(시프로플록사신)",19900531,"일동제약(주)","(수출용)[유리용기]무색의 액체가 든 무색 바이알의 주사제, (내수용)[기타용기]폴리프로필렌, 폴리염화비닐, 다층필름플라스틱용기에 든 무색 내지 미황색의 투명한 액,            [유리용기]무색 내지 미황색의 투명한 액이 든 무색 바이알의 주사제",06290,"기타의 화학요법제","전문의약품","[M091139]시프로플록사신/[M091139]시프로플록사신",20140109,"- 안전성 및 유효성 미확립- 퀴놀론계 항균제는 몇몇 어린 동물종에서 특히 체중부하부위의 관절병증, 뼈연골증을 유발함","","Ciprofloxacin(시프로플록사신)",20260323
"특정연령대금기","단일",D000142,"Ciprofloxacin Hydrochloride","시프로플록사신염산염","","필름코팅정",199000362,"싸이신정250밀리그램(시프로플록사신염산염)",19900512,"일동제약(주)","백색의 원형필름 제피정",06290,"기타의 화학요법제","전문의약품","[M242850]시프로플록사신염산염",20140109,"- 안전성 및 유효성 미확립- 퀴놀론계 항균제는 몇몇 어린 동물종에서 특히 체중부하부위의 관절병증, 뼈연골증을 유발함","","Ciprofloxacin Hydrochloride(시프로플록사신염산염)",20260323
"특정연령대금기","단일",D000142,"Ciprofloxacin Hydrochloride","시프로플록사신염산염","","필름코팅정",199000363,"싸이신정500밀리그램(시프로플록사신염산염)",19900512,"일동제약(주)","백색의 타원형 필름제피정",06290,"기타의 화학요법제","전문의약품","[M242850]시프로플록사신염산염",20140109,"- 안전성 및 유효성 미확립- 퀴놀론계 항균제는 몇몇 어린 동물종에서 특히 체중부하부위의 관절병증, 뼈연골증을 유발함","","Ciprofloxacin Hydrochloride(시프로플록사신염산염)",20260323
"특정연령대금기","단일",D000584,"Chlorpromazine Hydrochloride","클로르프로마진염산염","","당의정",199000979,"명인클로르프로마진염산염정200mg",19900320,"명인제약(주)","흰색의 장방형 당의정",01170,"정신신경용제","전문의약품","[M223216]클로르프로마진염산염",20140109,"추체외로증상 특히 운동장애가 나타나기 쉬움","","Chlorpromazine Hydrochloride(클로르프로마진염산염)",20210325
"특정연령대금기","단일",D000142,"Ciprofloxacin Hydrochloride Hydrate","시프로플록사신염산염수화물","","필름코팅정",199001346,"씨록정250밀리그램(시프로플록사신염산염수화물)",19900813,"한국유나이티드제약(주)","백색의 원형 필름코팅정제",06290,"기타의 화학요법제","전문의약품","[M223091]시프로플록사신염산염수화물",20140109,"- 안전성 및 유효성 미확립- 퀴놀론계 항균제는 몇몇 어린 동물종에서 특히 체중부하부위의 관절병증, 뼈연골증을 유발함","","Ciprofloxacin Hydrochloride Hydrate(시프로플록사신염산염수화물)",20260323
"특정연령대금기","단일",D000551,"Azelastine Hydrochloride","아젤라스틴염산염","","필름코팅정",199001353,"부광아젭틴정(아젤라스틴염산염)",19900315,"부광약품(주)","밝은 베이지색의 원형필름 코팅정",01490,"기타의 알레르기용약","전문의약품","[M222870]아젤라스틴염산염",20140109,"안전성 및 유효성 미확립","","Azelastine Hydrochloride(아젤라스틴염산염)",20190104
"특정연령대금기","단일",D000142,"Ciprofloxacin Hydrochloride Hydrate","시프로플록사신염산염수화물","","필름코팅정",199100750,"시폭사신정250밀리그람(시프로플록사신염산염수화물)",19910327,"동화약품(주)","백색 또는 미황색의 원형 필름코팅정",06290,"기타의 화학요법제","전문의약품","[M223091]시프로플록사신염산염수화물",20140109,"- 안전성 및 유효성 미확립- 퀴놀론계 항균제는 몇몇 어린 동물종에서 특히 체중부하부위의 관절병증, 뼈연골증을 유발함","","Ciprofloxacin Hydrochloride Hydrate(시프로플록사신염산염수화물)",20260323
"특정연령대금기","단일",D000142,"Ciprofloxacin Hydrochloride Hydrate","시프로플록사신염산염수화물","","필름코팅정",199100923,"케이사신정250밀리그램(시프로플록사신염산염수화물)",19910110,"에스에스팜(주)","흰색의 원형 필름코팅정제",06290,"기타의 화학요법제","전문의약품","[M223091]시프로플록사신염산염수화물",20140109,"- 안전성 및 유효성 미확립- 퀴놀론계 항균제는 몇몇 어린 동물종에서 특히 체중부하부위의 관절병증, 뼈연골증을 유발함","","Ciprofloxacin Hydrochloride Hydrate(시프로플록사신염산염수화물)",20260323
"특정연령대금기","단일",D000142,"Ciprofloxacin Hydrochloride Hydrate","시프로플록사신염산염수화물","","필름코팅정",199102393,"푸로포신정250밀리그램(시프로플록사신염산염수화물)",19910826,"영풍제약(주)","흰색의 원형 필름코팅정제",06290,"기타의 화학요법제","전문의약품","[M223091]시프로플록사신염산염수화물",20140109,"- 안전성 및 유효성 미확립- 퀴놀론계 항균제는 몇몇 어린 동물종에서 특히 체중부하부위의 관절병증, 뼈연골증을 유발함","","Ciprofloxacin Hydrochloride Hydrate(시프로플록사신염산염수화물)",20260323
"특정연령대금기","단일",D000142,"Ciprofloxacin Hydrochloride Hydrate","시프로플록사신염산염수화물","","필름코팅정",199200423,"키포신정(시프로플록사신염산염수화물)",19921027,"국제약품(주)","백색의 원형필름 제피정",06290,"기타의 화학요법제","전문의약품","[M223091]시프로플록사신염산염수화물",20140109,"- 안전성 및 유효성 미확립- 퀴놀론계 항균제는 몇몇 어린 동물종에서 특히 체중부하부위의 관절병증, 뼈연골증을 유발함","","Ciprofloxacin Hydrochloride Hydrate(시프로플록사신염산염수화물)",20260323
"특정연령대금기","단일",D000142,"Ciprofloxacin Hydrochloride Hydrate","시프로플록사신염산염수화물","","필름코팅정",199201214,"씨록신정250밀리그램(시프로플록사신염산염수화물)",19921030,"진양제약(주)","흰색의 원형 필름코팅정제",06290,"기타의 화학요법제","전문의약품","[M223091]시프로플록사신염산염수화물",20140109,"- 안전성 및 유효성 미확립- 퀴놀론계 항균제는 몇몇 어린 동물종에서 특히 체중부하부위의 관절병증, 뼈연골증을 유발함","","Ciprofloxacin Hydrochloride Hydrate(시프로플록사신염산염수화물)",20260323
"특정연령대금기","단일",D000142,Ciprofloxacin,"시프로플록사신","","용액주사제",199201561,"씨록주사2mg/ml(시프로플록사신)(수출명:CyrocinInj.2mg/ml,CipicinInj.2mg/ml)",19920408,"한국유나이티드제약(주)","무색-미황색의 투명한 액이 든 무색 바이알",06290,"기타의 화학요법제","전문의약품","[M091139]시프로플록사신",20140109,"- 안전성 및 유효성 미확립- 퀴놀론계 항균제는 몇몇 어린 동물종에서 특히 체중부하부위의 관절병증, 뼈연골증을 유발함","","Ciprofloxacin(시프로플록사신)",20260323
"특정연령대금기","단일",D000293,Dactinomycin,"닥티노마이신","","용액용분말주사제",199201598,"한국유나이티드닥티노마이신주(수출용)",19921228,"한국유나이티드제약(주)","황색-밝은 홍색의 동결건조 가루가 든 바이알",06170,"주로 악성종양에 작용하는 것","전문의약품","[M085416]닥티노마이신",20140109,"영아에 대해 독성이 빈번하게 발생","","Dactinomycin(닥티노마이신)",20150608
"특정연령대금기","단일",D000142,"Ciprofloxacin Hydrochloride Hydrate","시프로플록사신염산염수화물","","필름코팅정",199202036,"신일시프로플록사신염산염수화물정",19920211,"신일제약(주)","백색의 원형 필름코팅정제",06290,"기타의 화학요법제","전문의약품","[M223091]시프로플록사신염산염수화물",20140109,"- 안전성 및 유효성 미확립- 퀴놀론계 항균제는 몇몇 어린 동물종에서 특히 체중부하부위의 관절병증, 뼈연골증을 유발함","","Ciprofloxacin Hydrochloride Hydrate(시프로플록사신염산염수화물)",20260323
"특정연령대금기","단일",D000142,"Ciprofloxacin Hydrochloride Hydrate","시프로플록사신염산염수화물","","필름코팅정",199202222,"프로딘정250mg(시프로플록사신염산염수화물)",19920518,"(주)씨엠지제약","흰색의 원형 필름코팅정제",06290,"기타의 화학요법제","전문의약품","[M223091]시프로플록사신염산염수화물",20140109,"- 안전성 및 유효성 미확립- 퀴놀론계 항균제는 몇몇 어린 동물종에서 특히 체중부하부위의 관절병증, 뼈연골증을 유발함","","Ciprofloxacin Hydrochloride Hydrate(시프로플록사신염산염수화물)",20260323
"특정연령대금기","단일",D000142,"Ciprofloxacin Hydrochloride","염산시프로플록사신","","나정",199202254,"프로딘정500밀리그람(염산시프로플록사신)(수출용)(수출명:프로플록스정,씨피케이시프로플록사신500,유플록스정)",19920518,"(주)씨엠지제약","내수용:미황백색의 원형정제수출용:백색의 장방형 필름코팅정제",06290,"기타의 화학요법제","전문의약품","[M095543]염산시프로플록사신",20140109,"- 안전성 및 유효성 미확립- 퀴놀론계 항균제는 몇몇 어린 동물종에서 특히 체중부하부위의 관절병증, 뼈연골증을 유발함","","Ciprofloxacin Hydrochloride(염산시프로플록사신)",20260323
"특정연령대금기","단일",D000142,"Ciprofloxacin Hydrochloride Hydrate","시프로플록사신염산염수화물","","필름코팅정",199202496,"싸이스펙정500밀리그람(시프로플록사신염산염수화물)(수출용)",19920404,"케이엠에스제약(주)","백색 또는 미황색의 장방형 제피제",06290,"기타의 화학요법제","전문의약품","[M223091]시프로플록사신염산염수화물",20140109,"- 안전성 및 유효성 미확립- 퀴놀론계 항균제는 몇몇 어린 동물종에서 특히 체중부하부위의 관절병증, 뼈연골증을 유발함","","Ciprofloxacin Hydrochloride Hydrate(시프로플록사신염산염수화물)",20260323
"특정연령대금기","단일",D000142,"Ciprofloxacin Hydrochloride","시프로플록사신염산염","","필름코팅정",199202497,"싸이스펙정250밀리그램(시프로플록사신염산염)",19920404,"케이엠에스제약(주)","백색-미황색의 원형 필름코팅정",06290,"기타의 화학요법제","전문의약품","[M242850]시프로플록사신염산염",20140109,"- 안전성 및 유효성 미확립- 퀴놀론계 항균제는 몇몇 어린 동물종에서 특히 체중부하부위의 관절병증, 뼈연골증을 유발함","","Ciprofloxacin Hydrochloride(시프로플록사신염산염)",20260323
"특정연령대금기","단일",D000142,"Ciprofloxacin Hydrochloride Hydrate","시프로플록사신염산염수화물","","필름코팅정",199202944,"참염산시프로플록사신정",19921117,"유니메드제약(주)","백색 원형의 필름코팅정제",06290,"기타의 화학요법제","전문의약품","[M223091]시프로플록사신염산염수화물",20140109,"- 안전성 및 유효성 미확립- 퀴놀론계 항균제는 몇몇 어린 동물종에서 특히 체중부하부위의 관절병증, 뼈연골증을 유발함","","Ciprofloxacin Hydrochloride Hydrate(시프로플록사신염산염수화물)",20260323
"특정연령대금기","단일",D000584,"Chlorpromazine Hydrochloride","클로르프로마진염산염","","당의정",199203520,"네오마찐정100밀리그램(클로르프로마진염산염)",19600321,"환인제약(주)","주홍색의 원형당의정",01170,"정신신경용제","전문의약품","[M223216]클로르프로마진염산염",20140109,"추체외로증상 특히 운동장애가 나타나기 쉬움","","Chlorpromazine Hydrochloride(클로르프로마진염산염)",20181228
"특정연령대금기","단일",D000142,"Ciprofloxacin Hydrochloride","시프로플록사신염산염","","필름코팅정",199300927,"싸이프로정(시프로플록사신염산염)",19930520,"동성제약(주)","백색-미황색의 원형 필름코팅정",06290,"기타의 화학요법제","전문의약품","[M242850]시프로플록사신염산염",20140109,"- 안전성 및 유효성 미확립- 퀴놀론계 항균제는 몇몇 어린 동물종에서 특히 체중부하부위의 관절병증, 뼈연골증을 유발함","","Ciprofloxacin Hydrochloride(시프로플록사신염산염)",20260323
"특정연령대금기","단일",D000142,Ciprofloxacin,"시프로플록사신","","용액주사제",199301538,"사이톱신주(시프로플록사신)",19930803,"에이치케이이노엔(주)","무색 투명한 수액용 플라스틱용기에 충전된 무색 또는 미황색의 투명한 수액용 주사제",06290,"기타의 화학요법제","전문의약품","[M091139]시프로플록사신",20140109,"- 안전성 및 유효성 미확립- 퀴놀론계 항균제는 몇몇 어린 동물종에서 특히 체중부하부위의 관절병증, 뼈연골증을 유발함","","Ciprofloxacin(시프로플록사신)",20260323
"특정연령대금기","단일",D000142,"Ciprofloxacin Hydrochloride Hydrate","시프로플록사신염산염수화물","","필름코팅정",199400029,"큐프론정(시프로플록사신염산염수화물)",19940208,"신풍제약(주)","백색-미황색의 원형 필름코팅정",06290,"기타의 화학요법제","전문의약품","[M223091]시프로플록사신염산염수화물",20140109,"- 안전성 및 유효성 미확립- 퀴놀론계 항균제는 몇몇 어린 동물종에서 특히 체중부하부위의 관절병증, 뼈연골증을 유발함","","Ciprofloxacin Hydrochloride Hydrate(시프로플록사신염산염수화물)",20260323
"특정연령대금기","단일",D000142,Ciprofloxacin,"시프로플록사신","","용액주사제",199400470,"씨프러스주(시프로플록사신)",19941005,"(주)대웅제약","폴리프로필렌, 다층필름플라스틱용기 또는 유리용기에 든 미황색의 투명한 액",06290,"기타의 화학요법제","전문의약품","[M091139]시프로플록사신",20140109,"- 안전성 및 유효성 미확립- 퀴놀론계 항균제는 몇몇 어린 동물종에서 특히 체중부하부위의 관절병증, 뼈연골증을 유발함","","Ciprofloxacin(시프로플록사신)",20260323
"특정연령대금기","단일",D000142,"Ciprofloxacin Hydrochloride Hydrate","시프로플록사신염산염수화물","","필름코팅정",199400540,"로프신정250mg(시프로플록사신염산염수화물)",19940926,"(주)바이넥스","백색의 원형 필름코팅정제",06290,"기타의 화학요법제","전문의약품","[M223091]시프로플록사신염산염수화물",20140109,"- 안전성 및 유효성 미확립- 퀴놀론계 항균제는 몇몇 어린 동물종에서 특히 체중부하부위의 관절병증, 뼈연골증을 유발함","","Ciprofloxacin Hydrochloride Hydrate(시프로플록사신염산염수화물)",20260323
"특정연령대금기","단일",D000142,Ciprofloxacin,"시프로플록사신","","용액주사제",199401084,"로푸신주(시프로플록사신)(수출명:시프로플록스주,파마시프로플록사신주)",19940801,"(주)한국파마","1. 유리용기에 충전된 무색-미황색의 투명한 액2. 플라스틱용기(폴리프로필렌)에 충전된 무색-미황색의 투명한 액",06290,"기타의 화학요법제","전문의약품","[M091139]시프로플록사신",20140109,"- 안전성 및 유효성 미확립- 퀴놀론계 항균제는 몇몇 어린 동물종에서 특히 체중부하부위의 관절병증, 뼈연골증을 유발함","","Ciprofloxacin(시프로플록사신)",20260323
"특정연령대금기","단일",D000142,"Ciprofloxacin Hydrochloride Hydrate","시프로플록사신염산염수화물","","필름코팅정",199401094,"파마시프로플록사신정250mg(시프로플록사신염산염수화물)",19940620,"(주)한국파마","흰색의 원형 필름코팅 정제이다.(수출용:노란색의 장방형 플름코팅 정제이다.)",06290,"기타의 화학요법제","전문의약품","[M223091]시프로플록사신염산염수화물/[M223091]시프로플록사신염산염수화물",20140109,"- 안전성 및 유효성 미확립- 퀴놀론계 항균제는 몇몇 어린 동물종에서 특히 체중부하부위의 관절병증, 뼈연골증을 유발함","","Ciprofloxacin Hydrochloride Hydrate(시프로플록사신염산염수화물)",20260323
"특정연령대금기","단일",D000142,"Ciprofloxacin Hydrochloride Hydrate","시프로플록사신염산염수화물","","필름코팅정",199401184,"씨록정500밀리그램(시프로플록사신염산염수화물)(수출명:씨프로메디코,Ciraxintab.500mg,KUPCiprofloxacintab.500mg,CipicinTabs.500mg)",19941104,"한국유나이티드제약(주)","흰색의 원형 필름코팅정제",06290,"기타의 화학요법제","전문의약품","[M223091]시프로플록사신염산염수화물",20140109,"- 안전성 및 유효성 미확립- 퀴놀론계 항균제는 몇몇 어린 동물종에서 특히 체중부하부위의 관절병증, 뼈연골증을 유발함","","Ciprofloxacin Hydrochloride Hydrate(시프로플록사신염산염수화물)",20260323
"특정연령대금기","단일",D000479,"Clobetasol Propionate","클로베타솔프로피오네이트","","피부크림제",199401724,"베르단트크림(클로베타솔프로피오네이트)",19940114,"알파제약(주)","백색의 크림제.",02640,"진통.진양.수렴.소염제","전문의약품","[M223224]클로베타솔프로피오네이트",20140109,"소아는 체중당 체표면적의 비율이 성인보다 커서 코르티코이드로 인해 HPA축(시상하부-뇌하수체-부신 축) 억제, 쿠싱증후군, 발육장애, 두개내압항진 등이 나타나기 쉬움","","Clobetasol Propionate(클로베타솔프로피오네이트)",20220129
"특정연령대금기","단일",D000142,"Ciprofloxacin Hydrochloride Hydrate","시프로플록사신염산염수화물","","필름코팅정",199401754,"싸이로칸정250밀리그램(시프로플록사신염산염수화물)",19940922,"(주)하원제약","흰색의 원형 필름코팅정",06290,"기타의 화학요법제","전문의약품","[M223091]시프로플록사신염산염수화물",20140109,"- 안전성 및 유효성 미확립- 퀴놀론계 항균제는 몇몇 어린 동물종에서 특히 체중부하부위의 관절병증, 뼈연골증을 유발함","","Ciprofloxacin Hydrochloride Hydrate(시프로플록사신염산염수화물)",20260323
"특정연령대금기","단일",D000142,"Ciprofloxacin Hydrochloride Hydrate","시프로플록사신염산염수화물","","필름코팅정",199402352,"코러스시프로플록사신정(수출명 : TROXACINE TAB)",19940628,"한국코러스(주)","백색의 원형 필름코팅정제",06290,"기타의 화학요법제","전문의약품","[M223091]시프로플록사신염산염수화물/[M223091]시프로플록사신염산염수화물",20140109,"- 안전성 및 유효성 미확립- 퀴놀론계 항균제는 몇몇 어린 동물종에서 특히 체중부하부위의 관절병증, 뼈연골증을 유발함","","Ciprofloxacin Hydrochloride Hydrate(시프로플록사신염산염수화물)",20260323
"특정연령대금기","단일",D000656,"Atropine Sulfate Hydrate","아트로핀황산염수화물","","점안용액제",199403253,"알콘아트로핀황산염1%점안제(아트로핀황산염수화물)",19950224,"한국알콘(주)","무색의 용액이 무색투명한 플라스틱 용기에 든 점안제",01310,"안과용제","전문의약품","[M223111]아트로핀황산염수화물",20230705,"- 심각한 전신 부작용 위험이 있음 - 조산아, 영아, 다운증후군, 강직마비 또는 뇌손상 어린이는 이 약의 전신흡수에 따른 중추신경계 장애, 심폐 및 위장관 독성에 감수성이 있음","점안제(1%)","Atropine Sulfate Hydrate(아트로핀황산염수화물)",20200323
"특정연령대금기","단일",D000025,"Cyclopentolate Hydrochloride","시클로펜톨레이트염산염","","점안용액제",199403261,"싸이크로질1%점안액(시클로펜톨레이트염산염)",19940610,"한국알콘(주)","무색 투명한 플라스틱 용기에 든 무색 또는 연노랑색의 투명한 액",01310,"안과용제","전문의약품","[M223084]시클로펜톨레이트염산염",20140109,"- 영아, 유아, 경련성 마비 또는 뇌손상이 있는 소아에서 이 약의 감수성 증가가 보고됨- 신생아에 투여 시 음식섭취 과민증(feeding intolerance)이 뒤따를 수 있으므로 투여 후 4시간 동안 음식섭취 억제 필요","","Cyclopentolate Hydrochloride(시클로펜톨레이트염산염)",20210518
"특정연령대금기","단일",D000142,"Ciprofloxacin Hydrochloride","시프로플록사신염산염","","필름코팅정",199500439,"씨프러스정250밀리그램(시프로플록사신염산염)",19950905,"(주)대웅제약","백색-미황색의 원형의 제피정",06290,"기타의 화학요법제","전문의약품","[M242850]시프로플록사신염산염",20140109,"- 안전성 및 유효성 미확립- 퀴놀론계 항균제는 몇몇 어린 동물종에서 특히 체중부하부위의 관절병증, 뼈연골증을 유발함","","Ciprofloxacin Hydrochloride(시프로플록사신염산염)",20260323
"특정연령대금기","단일",D000142,"Ciprofloxacin Hydrochloride","염산시프로플록사신","","필름코팅정",199501793,"비소정(염산시프로플록사신)(수출용)",19950925,"(주)팜젠사이언스","백색의 장방형 필름코팅정제",06290,"기타의 화학요법제","전문의약품","[M095543]염산시프로플록사신",20140109,"- 안전성 및 유효성 미확립- 퀴놀론계 항균제는 몇몇 어린 동물종에서 특히 체중부하부위의 관절병증, 뼈연골증을 유발함","","Ciprofloxacin Hydrochloride(염산시프로플록사신)",20260323
"특정연령대금기","단일",D000142,"Ciprofloxacin Hydrochloride Hydrate","시프로플록사신염산염수화물","","필름코팅정",199601533,"싸이플록신정250밀리그램(시프로플록사신염산염수화물)",19960306,"(주)셀릭스","흰색의 원형 필름코팅정",06290,"기타의 화학요법제","전문의약품","[M223091]시프로플록사신염산염수화물",20140109,"- 안전성 및 유효성 미확립- 퀴놀론계 항균제는 몇몇 어린 동물종에서 특히 체중부하부위의 관절병증, 뼈연골증을 유발함","","Ciprofloxacin Hydrochloride Hydrate(시프로플록사신염산염수화물)",20260323
"특정연령대금기","단일",D000142,"Ciprofloxacin Hydrochloride Hydrate","시프로플록사신염산염수화물","","필름코팅정",199601534,"싸이플록신정500밀리그램(시프로플록사신염산염수화물)(수출용)",19960306,"(주)셀릭스","백색의 타원형 필름제피정",06290,"기타의 화학요법제","전문의약품","[M223091]시프로플록사신염산염수화물",20140109,"- 안전성 및 유효성 미확립- 퀴놀론계 항균제는 몇몇 어린 동물종에서 특히 체중부하부위의 관절병증, 뼈연골증을 유발함","","Ciprofloxacin Hydrochloride Hydrate(시프로플록사신염산염수화물)",20260323
"특정연령대금기","단일",D000479,"Clobetasol Propionate","클로베타솔프로피오네이트","","피부크림제",199601855,"베타베이트크림(클로베타솔프로피오네이트)",19960917,"고려제약(주)","전질균등한 백색의 크림제",02640,"진통.진양.수렴.소염제","전문의약품","[M223224]클로베타솔프로피오네이트",20140109,"소아는 체중당 체표면적의 비율이 성인보다 커서 코르티코이드로 인해 HPA축(시상하부-뇌하수체-부신 축) 억제, 쿠싱증후군, 발육장애, 두개내압항진 등이 나타나기 쉬움","","Clobetasol Propionate(클로베타솔프로피오네이트)",20220129
"특정연령대금기","단일",D000142,"Ciprofloxacin Hydrochloride Hydrate","시프로플록사신염산염수화물","","필름코팅정",199602021,"씨프록탄정250밀리그램(시프로플록사신염산염수화물)",19961004,"한국넬슨제약(주)","흰색의 원형 필름코팅정제",06290,"기타의 화학요법제","전문의약품","[M223091]시프로플록사신염산염수화물",20140109,"- 안전성 및 유효성 미확립- 퀴놀론계 항균제는 몇몇 어린 동물종에서 특히 체중부하부위의 관절병증, 뼈연골증을 유발함","","Ciprofloxacin Hydrochloride Hydrate(시프로플록사신염산염수화물)",20260323
"특정연령대금기","단일",D000142,"Ciprofloxacin Hydrochloride Hydrate","시프로플록사신염산염수화물","","필름코팅정",199602022,"씨프록탄정500mg(시프로플록사신염산염수화물)",19961004,"한국넬슨제약(주)","흰색의 장방형 필림코팅정",06290,"기타의 화학요법제","전문의약품","[M223091]시프로플록사신염산염수화물",20140109,"- 안전성 및 유효성 미확립- 퀴놀론계 항균제는 몇몇 어린 동물종에서 특히 체중부하부위의 관절병증, 뼈연골증을 유발함","","Ciprofloxacin Hydrochloride Hydrate(시프로플록사신염산염수화물)",20260323
"특정연령대금기","단일",D000142,"Ciprofloxacin Hydrochloride Hydrate","시프로플록사신염산염수화물","","필름코팅정",199602137,"미래시프로플록사신정",19960229,"미래바이오제약(주)","백색의 원형 필름 제피정",06290,"기타의 화학요법제","전문의약품","[M223091]시프로플록사신염산염수화물",20140109,"- 안전성 및 유효성 미확립- 퀴놀론계 항균제는 몇몇 어린 동물종에서 특히 체중부하부위의 관절병증, 뼈연골증을 유발함","","Ciprofloxacin Hydrochloride Hydrate(시프로플록사신염산염수화물)",20260323
"특정연령대금기","단일",D000142,"Ciprofloxacin Hydrochloride Hydrate","시프로플록사신염산염수화물","","필름코팅정",199603455,"록신정250밀리그램(시프로플록사신염산염수화물)",19960919,"한국프라임제약(주)","흰색의 원형 필름코팅정",06290,"기타의 화학요법제","전문의약품","[M223091]시프로플록사신염산염수화물",20140109,"- 안전성 및 유효성 미확립- 퀴놀론계 항균제는 몇몇 어린 동물종에서 특히 체중부하부위의 관절병증, 뼈연골증을 유발함","","Ciprofloxacin Hydrochloride Hydrate(시프로플록사신염산염수화물)",20260323
"특정연령대금기","단일",D000551,"Azelastine Hydrochloride","아젤라스틴염산염","","필름코팅정",199701010,"아라스틴정(아젤라스틴염산염)",19970626,"(주)일화","밝은 황색의 원형필름코팅정제",01490,"기타의 알레르기용약","전문의약품","[M222870]아젤라스틴염산염",20140109,"안전성 및 유효성 미확립","","Azelastine Hydrochloride(아젤라스틴염산염)",20150410
"특정연령대금기","단일",D000438,Benzonatate,"벤조나테이트","","연질캡슐제, 액상",199701054,"지콜연질캡슐(벤조나테이트)",19971208,"동성제약(주)","미황색 유상액이 들어 있는 미황색의 투명한 타원형 연질캅셀",02220,"진해거담제","전문의약품","[M086520]벤조나테이트",20140109,"안전성 및 유효성 미확립","","Benzonatate(벤조나테이트)",20200212
"특정연령대금기","단일",D000142,"Ciprofloxacin Hydrochloride","시프로플록사신염산염","","필름코팅정",199701894,"프록스코정(시프로플록사신염산염)",19970226,"대화제약(주)","흰색의 원형 필름코팅정",06290,"기타의 화학요법제","전문의약품","[M242850]시프로플록사신염산염",20140109,"- 안전성 및 유효성 미확립- 퀴놀론계 항균제는 몇몇 어린 동물종에서 특히 체중부하부위의 관절병증, 뼈연골증을 유발함","","Ciprofloxacin Hydrochloride(시프로플록사신염산염)",20260323
"특정연령대금기","단일",D000142,"Ciprofloxacin Hydrochloride Hydrate","시프로플록사신염산염수화물","","필름코팅정",199703355,"코러스시프로플록사신정500밀리그람(수출명①시프로플록사신정500mg②Super-cipro)(수출용)",19970418,"한국코러스(주)","흰색의 장방형 필름코팅정제",06290,"기타의 화학요법제","전문의약품","[M223091]시프로플록사신염산염수화물",20140109,"- 안전성 및 유효성 미확립- 퀴놀론계 항균제는 몇몇 어린 동물종에서 특히 체중부하부위의 관절병증, 뼈연골증을 유발함","","Ciprofloxacin Hydrochloride Hydrate(시프로플록사신염산염수화물)",20260323
"특정연령대금기","단일",D000584,"Chlorpromazine Hydrochloride","염산클로르프로마진","","나정",199703373,"코러스염산클로르프로마진정(수출용)",19970804,"한국코러스(주)","백색의 원형정제이다.",01170,"정신신경용제","전문의약품","[M040618]염산클로르프로마진",20140109,"추체외로증상 특히 운동장애가 나타나기 쉬움","","Chlorpromazine Hydrochloride(염산클로르프로마진)",20120213
"특정연령대금기","단일",D000142,"Ciprofloxacin Hydrochloride Hydrate","시프로플록사신염산염수화물","","필름코팅정",199703530,"에프로신정500밀리그램(시프로플록사신염산염수화물)(수출용)",19970317,"대한뉴팜(주)","[수출용1 : 흰색 내지 미황색의 장방형 필름코팅정제][수출용2 : 흰색의 장방형 정제][수출용3 : 흰색의 장방형필름코팅정제]",06290,"기타의 화학요법제","전문의약품","[M223091]시프로플록사신염산염수화물/[M223091]시프로플록사신염산염수화물/[M223091]시프로플록사신염산염수화물",20140109,"- 안전성 및 유효성 미확립- 퀴놀론계 항균제는 몇몇 어린 동물종에서 특히 체중부하부위의 관절병증, 뼈연골증을 유발함","","Ciprofloxacin Hydrochloride Hydrate(시프로플록사신염산염수화물)",20260323
"특정연령대금기","단일",D000142,"Ciprofloxacin Hydrochloride Hydrate","시프로플록사신염산염수화물","","필름코팅정",199703531,"에프로신정(시프로플록사신염산염수화물)",19970317,"대한뉴팜(주)","흰색의 원형 필름코팅정제",06290,"기타의 화학요법제","전문의약품","[M223091]시프로플록사신염산염수화물/[M223091]시프로플록사신염산염수화물",20140109,"- 안전성 및 유효성 미확립- 퀴놀론계 항균제는 몇몇 어린 동물종에서 특히 체중부하부위의 관절병증, 뼈연골증을 유발함","","Ciprofloxacin Hydrochloride Hydrate(시프로플록사신염산염수화물)",20260323
"특정연령대금기","단일",D000647,"Cetirizine Hydrochloride","세티리진염산염","","경구용액제",199800470,"세노바액(세티리진염산염)",19980723,"일동제약(주)","갈색병 또는 불투명한 흰색의 플라스틱용기에 든 감미와 딸기향이 있는 무색투명한 액제",01410,"항히스타민제","일반의약품","[M222857]세티리진염산염",20140109,_,"","Cetirizine Hydrochloride(세티리진염산염)",20210221
"특정연령대금기","단일",D000147,Acetaminophen,"아세트아미노펜","","서방성필름코팅정",199800767,"트라몰8시간서방정650밀리그람(아세트아미노펜)",19980226,"코오롱제약(주)","백색의 장방형 필름코팅정제",01140,"해열.진통.소염제","일반의약품","[M040353]아세트아미노펜",20140109,"-소아 및 고령자(노인)는 최소 필요량을 복용하고 이상반응에 유의- 과도한 체온강하, 허탈, 사지냉각 등이 나타날 수 있음","","Acetaminophen(아세트아미노펜)",20251110
"특정연령대금기","단일",D000142,"Ciprofloxacin Hydrochloride Hydrate","시프로플록사신염산염수화물","","필름코팅정",199800906,"알리코염산시프로플록사신정250밀리그람",19980116,"알리코제약(주)","흰색의 원형 필름코팅정",06290,"기타의 화학요법제","전문의약품","[M223091]시프로플록사신염산염수화물",20140109,"- 안전성 및 유효성 미확립- 퀴놀론계 항균제는 몇몇 어린 동물종에서 특히 체중부하부위의 관절병증, 뼈연골증을 유발함","","Ciprofloxacin Hydrochloride Hydrate(시프로플록사신염산염수화물)",20260323
"특정연령대금기","단일",D000506,"Diclofenac Sodium","디클로페낙나트륨","","용액주사제",199801499,"삼진디클로페낙나트륨주사(수출용)",19981120,"삼진제약(주)","무색내지 미황색의 투명한 액이 든 갈색앰플제",01140,"해열.진통.소염제","전문의약품","[M050288]디클로페낙나트륨",20140109,"벤질알코올은 조숙아에서 치명적인 가쁜 호흡증상과 연관이 있는 것으로 보고됨","","Diclofenac Sodium(디클로페낙나트륨)",20230819
"특정연령대금기","단일",D000149,Acarbose,"아카보즈","","나정",199900924,"글루코바이정100밀리그람(아카보즈)",19991223,"(주)한독","흰색 또는 연한 노란색의 원형정제",03960,"당뇨병용제","전문의약품","[M085039]아카보즈",20140109,"안전성 및 유효성 미확립","","Acarbose(아카보즈)",20160609
"특정연령대금기","단일",D000149,Acarbose,"아카보즈","","나정",199900925,"글루코바이정50밀리그람(아카보즈)",19991223,"(주)한독","흰색 또는 연한 노란색의 원형정제",03960,"당뇨병용제","전문의약품","[M085039]아카보즈",20140109,"안전성 및 유효성 미확립","","Acarbose(아카보즈)",20160609
"특정연령대금기","단일",D000142,"Ciprofloxacin Hydrochloride Hydrate","시프로플록사신염산염수화물","","필름코팅정",199900995,"씨에프정250mg(시프로플록사신염산염)",19990315,"삼천당제약(주)","백색 내지 미황색의 원형 제피정",06290,"기타의 화학요법제","전문의약품","[M223091]시프로플록사신염산염수화물",20140109,"- 안전성 및 유효성 미확립- 퀴놀론계 항균제는 몇몇 어린 동물종에서 특히 체중부하부위의 관절병증, 뼈연골증을 유발함","","Ciprofloxacin Hydrochloride Hydrate(시프로플록사신염산염수화물)",20260323
"특정연령대금기","단일",D000506,"Diclofenac Sodium","디클로페낙나트륨","","용액주사제",199901324,"동구디클로페낙나트륨주75mg(수출용)",19990507,"(주)동구바이오제약","무색 투명한 액이 든 갈색의 앰플제",01140,"해열.진통.소염제","전문의약품","[M050288]디클로페낙나트륨",20140109,"벤질알코올은 조숙아에서 치명적인 가쁜 호흡증상과 연관이 있는 것으로 보고됨","","Diclofenac Sodium(디클로페낙나트륨)",20230819
"특정연령대금기","단일",D000142,"Ciprofloxacin Hydrochloride Hydrate","시프로플록사신염산염수화물","","필름코팅정",200000453,"삼성시플로프록사신정(시프로플록사신염산염수화물)",20000302,"삼성제약(주)","흰색의 원형 필름코팅정",06290,"기타의 화학요법제","전문의약품","[M223091]시프로플록사신염산염수화물",20140109,"- 안전성 및 유효성 미확립- 퀴놀론계 항균제는 몇몇 어린 동물종에서 특히 체중부하부위의 관절병증, 뼈연골증을 유발함","","Ciprofloxacin Hydrochloride Hydrate(시프로플록사신염산염수화물)",20260323
"특정연령대금기","단일",D000147,Acetaminophen,"아세트아미노펜","","서방성필름코팅정",200000999,"타스펜8시간이알서방정650밀리그람(아세트아미노펜)(수출명:도로돈이알정)",20000428,"대우제약(주)","흰색의 장방형 필름코팅정",01140,"해열.진통.소염제","일반의약품","[M040353]아세트아미노펜/[M040353]아세트아미노펜",20140109,"-소아 및 고령자(노인)는 최소 필요량을 복용하고 이상반응에 유의- 과도한 체온강하, 허탈, 사지냉각 등이 나타날 수 있음","","Acetaminophen(아세트아미노펜)",20251110
"특정연령대금기","단일",D000506,"Diclofenac Beta-Dimethylaminoethanol","디클로페낙β-디메틸아미노에탄올","","용액주사제",200001074,"뉴페낙주사2밀리리터(디클로페낙β-디메틸아미노에탄올)",20001123,"아주약품(주)","미황색의 투명한 용액이 든 갈색앰플주사제",01140,"해열.진통.소염제","전문의약품","[M252249]디클로페낙β-디메틸아미노에탄올",20140109,"벤질알코올은 조숙아에서 치명적인 가쁜 호흡증상과 연관이 있는 것으로 보고됨","","Diclofenac Beta-Dimethylaminoethanol(디클로페낙β-디메틸아미노에탄올)",20250415
"특정연령대금기","단일",D000506,"Diclofenac Beta-Dimethylaminoethanol","디클로페낙β-디메틸아미노에탄올","","용액주사제",200002445,"디베타씨주(디클로페낙β-디메틸아미노에탄올)",20001115,"대화제약(주)","무색 내지 미황색의 투명한 용액이 든 갈색 앰플",01140,"해열.진통.소염제","전문의약품","[M252249]디클로페낙β-디메틸아미노에탄올",20140109,"벤질알코올은 조숙아에서 치명적인 가쁜 호흡증상과 연관이 있는 것으로 보고됨","","Diclofenac Beta-Dimethylaminoethanol(디클로페낙β-디메틸아미노에탄올)",20250415
"특정연령대금기","단일",D000551,"Azelastine Hydrochloride","아젤라스틴염산염","","필름코팅정",200002738,"아젤라정(아젤라스틴염산염)",20000831,"경동제약(주)","밝은 베이지색의 원형 필름코팅정",01490,"기타의 알레르기용약","전문의약품","[M222870]아젤라스틴염산염",20140109,"안전성 및 유효성 미확립","","Azelastine Hydrochloride(아젤라스틴염산염)",20131113
"특정연령대금기","단일",D000506,"Diclofenac Beta-Dimethylaminoethanol","디클로페낙β-디메틸아미노에탄올","","용액주사제",200100155,"미노브이주2mL(디클로페낙β-디메틸아미노에탄올)",20010711,"이연제약(주)","무색 미황색의 투명한 용액이 든 갈색앰플",01140,"해열.진통.소염제","전문의약품","[M252249]디클로페낙β-디메틸아미노에탄올",20140109,"벤질알코올은 조숙아에서 치명적인 가쁜 호흡증상과 연관이 있는 것으로 보고됨","","Diclofenac Beta-Dimethylaminoethanol(디클로페낙β-디메틸아미노에탄올)",20250415
"특정연령대금기","단일",D000142,Ciprofloxacin,"시프로플록사신","","용액주사제",200100346,"대한시프로플록사신주",20011101,"대한약품공업(주)","무색 투명한 폴리프로필렌용기에 충진된 무색-미황색의 투명한 액",06290,"기타의 화학요법제","전문의약품","[M091139]시프로플록사신",20140109,"- 안전성 및 유효성 미확립- 퀴놀론계 항균제는 몇몇 어린 동물종에서 특히 체중부하부위의 관절병증, 뼈연골증을 유발함","","Ciprofloxacin(시프로플록사신)",20260323
"특정연령대금기","단일",D000142,Ciprofloxacin,"시프로플록사신","","용액주사제",200101474,"유니시프로사신주사(시프로플록사신)",20010419,"한국유니온제약(주)","무색∼미황색의 투명한 액이 들어있는 무색 투명한 바이알",06290,"기타의 화학요법제","전문의약품","[M091139]시프로플록사신",20140109,"- 안전성 및 유효성 미확립- 퀴놀론계 항균제는 몇몇 어린 동물종에서 특히 체중부하부위의 관절병증, 뼈연골증을 유발함","","Ciprofloxacin(시프로플록사신)",20260323
"특정연령대금기","단일",D000142,"Ciprofloxacin Hydrochloride Hydrate","시프로플록사신염산염수화물","","필름코팅정",200101475,"유니시프로사신정250밀리그람(염산시프로플록사신)(수출용)",20010419,"한국유니온제약(주)","백색 또는 미황색의 원형필름코팅정제",06290,"기타의 화학요법제","전문의약품","[M223091]시프로플록사신염산염수화물",20140109,"- 안전성 및 유효성 미확립- 퀴놀론계 항균제는 몇몇 어린 동물종에서 특히 체중부하부위의 관절병증, 뼈연골증을 유발함","","Ciprofloxacin Hydrochloride Hydrate(시프로플록사신염산염수화물)",20260323
"특정연령대금기","단일",D000551,"Azelastine Hydrochloride","아젤라스틴염산염","","필름코팅정",200101679,"아젤론정(아젤라스틴염산염)",20011130,"한국유나이티드제약(주)","밝은 베이지색의 원형 필름코팅정제",01490,"기타의 알레르기용약","전문의약품","[M222870]아젤라스틴염산염",20140109,"안전성 및 유효성 미확립","","Azelastine Hydrochloride(아젤라스틴염산염)",20140423
"특정연령대금기","단일",D000647,"Cetirizine Hydrochloride","세티리진염산염","","경구용액제",200102787,"쥬르택액(세티리진염산염)",20010914,"조아제약(주)","무색 또는 미황색의 특이한 향의 감미가 있는 액이 앰플에 든 액제",01410,"항히스타민제","일반의약품","[M222857]세티리진염산염",20140109,_,"","Cetirizine Hydrochloride(세티리진염산염)",20201201
"특정연령대금기","단일",D000142,Ciprofloxacin,"시프로플록사신","","용액주사제",200103045,"명문시프로플록사신주사",20011008,"명문제약(주)","1법 : 무색-미황색의 투명한 액이 들어있는 무색 투명한 바이알2법 : 폴리프로필렌, 폴리염화비닐, 다층필름플라스틱용기에 든 미황색의 투명한 액",06290,"기타의 화학요법제","전문의약품","[M091139]시프로플록사신/[M091139]시프로플록사신",20140109,"- 안전성 및 유효성 미확립- 퀴놀론계 항균제는 몇몇 어린 동물종에서 특히 체중부하부위의 관절병증, 뼈연골증을 유발함","","Ciprofloxacin(시프로플록사신)",20260323
"특정연령대금기","단일",D000142,Ciprofloxacin,"시프로플록사신","","용액주사제",200108427,"씨프로바이주사(시프로플록사신)",20011106,"바이엘코리아(주)","무색-미황색의 투명한 액이 든 무색투명한 병",06290,"기타의 화학요법제","전문의약품","[M091139]시프로플록사신",20140109,"- 안전성 및 유효성 미확립- 퀴놀론계 항균제는 몇몇 어린 동물종에서 특히 체중부하부위의 관절병증, 뼈연골증을 유발함","","Ciprofloxacin(시프로플록사신)",20260323
"특정연령대금기","단일",D000724,Bicalutamide,"비칼루타미드","","필름코팅정",200109103,"카소덱스정(비칼루타미드)",20010926,"한국아스트라제네카(주)","백색의 원형필름 코팅정",04210,"항악성종양제","전문의약품","[M259016]비칼루타미드",20140109,_,"","Bicalutamide(비칼루타미드)",20181031
"특정연령대금기","단일",D000142,Ciprofloxacin,"시프로플록사신","","용액주사제",200200590,"아주시프로플록사신주200밀리그램",20020103,"아주약품(주)","무색~미황색의 투명한 액이 들어있는 무색 투명한 바이알",06290,"기타의 화학요법제","전문의약품","[M091139]시프로플록사신",20140109,"- 안전성 및 유효성 미확립- 퀴놀론계 항균제는 몇몇 어린 동물종에서 특히 체중부하부위의 관절병증, 뼈연골증을 유발함","","Ciprofloxacin(시프로플록사신)",20260323
"특정연령대금기","단일",D000147,Acetaminophen,"아세트아미노펜","","서방성필름코팅정",200200662,"세토펜8시간이알서방정(아세트아미노펜)",20020531,"삼아제약(주)","흰색의 장방형 필름코팅 정제",01140,"해열.진통.소염제","일반의약품","[M040353]아세트아미노펜",20140109,"-소아 및 고령자(노인)는 최소 필요량을 복용하고 이상반응에 유의- 과도한 체온강하, 허탈, 사지냉각 등이 나타날 수 있음","","Acetaminophen(아세트아미노펜)",20251110
"특정연령대금기","단일",D000147,Acetaminophen,"아세트아미노펜","","서방성필름코팅정",200201482,"타세놀8시간이알서방정(아세트아미노펜)",20020816,"부광약품(주)","흰색의 장방형 필름코팅정제이다.",01140,"해열.진통.소염제","일반의약품","[M040353]아세트아미노펜/[M040353]아세트아미노펜",20140109,"-소아 및 고령자(노인)는 최소 필요량을 복용하고 이상반응에 유의- 과도한 체온강하, 허탈, 사지냉각 등이 나타날 수 있음","","Acetaminophen(아세트아미노펜)",20251110
"특정연령대금기","단일",D000142,"Ciprofloxacin Hydrochloride","염산시프로플록사신","","필름코팅정",200201509,"싸이플록신정100밀리그람(염산시프로플록사신)",20020328,"(주)셀릭스","백색의 원형 제피정",06290,"기타의 화학요법제","전문의약품","[M095543]염산시프로플록사신",20140109,"- 안전성 및 유효성 미확립- 퀴놀론계 항균제는 몇몇 어린 동물종에서 특히 체중부하부위의 관절병증, 뼈연골증을 유발함","","Ciprofloxacin Hydrochloride(염산시프로플록사신)",20260323
"특정연령대금기","단일",D000142,"Ciprofloxacin Hydrochloride Hydrate","시프로플록사신염산염수화물","","필름코팅정",200201724,"메가록신정250밀리그램(시프로플록사신염산염수화물)",20020924,"오스틴제약(주)","흰색의 원형 필름코팅정제",06290,"기타의 화학요법제","전문의약품","[M223091]시프로플록사신염산염수화물",20140109,"- 안전성 및 유효성 미확립- 퀴놀론계 항균제는 몇몇 어린 동물종에서 특히 체중부하부위의 관절병증, 뼈연골증을 유발함","","Ciprofloxacin Hydrochloride Hydrate(시프로플록사신염산염수화물)",20260323
"특정연령대금기","단일",D000142,"Ciprofloxacin Hydrochloride","시프로플록사신염산염","","필름코팅정",200201770,"프록스코정500mg(시프로플록사신염산염)(수출용)",20020219,"대화제약(주)","백색의 장방형 필름코팅정",06290,"기타의 화학요법제","전문의약품","[M242850]시프로플록사신염산염",20140109,"- 안전성 및 유효성 미확립- 퀴놀론계 항균제는 몇몇 어린 동물종에서 특히 체중부하부위의 관절병증, 뼈연골증을 유발함","","Ciprofloxacin Hydrochloride(시프로플록사신염산염)",20260323
"특정연령대금기","단일",D000147,Acetaminophen,"아세트아미노펜","","서방성필름코팅정",200202847,"티메롤8시간이알서방정(아세트아미노펜)",20021114,"(주)서울제약","흰색의 장방형 필름코팅정제",01140,"해열.진통.소염제","일반의약품","[M040353]아세트아미노펜/[M040353]아세트아미노펜",20140109,"-소아 및 고령자(노인)는 최소 필요량을 복용하고 이상반응에 유의- 과도한 체온강하, 허탈, 사지냉각 등이 나타날 수 있음","","Acetaminophen(아세트아미노펜)",20251110
"특정연령대금기","단일",D000147,Acetaminophen,"아세트아미노펜","","서방성필름코팅정",200202873,"엔시드8시간이알서방정650mg(아세트아미노펜)",20021204,"한림제약(주)","흰색의 장방형 필름코팅정",01140,"해열.진통.소염제","일반의약품","[M040353]아세트아미노펜/[M040353]아세트아미노펜",20140109,"-소아 및 고령자(노인)는 최소 필요량을 복용하고 이상반응에 유의- 과도한 체온강하, 허탈, 사지냉각 등이 나타날 수 있음","","Acetaminophen(아세트아미노펜)",20251110
"특정연령대금기","단일",D000142,"Ciprofloxacin Hydrochloride Hydrate","시프로플록사신염산염수화물","","필름코팅정",200301209,"파마염산시프로플록사신정500밀리그람(수출용)(수출명:프록스정,시프로플록스정500밀리그람,라이툰정)",20030805,"(주)한국파마","흰색의 장방형 필름코팅정제",06290,"기타의 화학요법제","전문의약품","[M223091]시프로플록사신염산염수화물/[M223091]시프로플록사신염산염수화물",20140109,"- 안전성 및 유효성 미확립- 퀴놀론계 항균제는 몇몇 어린 동물종에서 특히 체중부하부위의 관절병증, 뼈연골증을 유발함","","Ciprofloxacin Hydrochloride Hydrate(시프로플록사신염산염수화물)",20260323
"특정연령대금기","단일",D000147,Acetaminophen,"아세트아미노펜","","서방성필름코팅정",200301818,"써스펜8시간이알서방정650밀리그램(아세트아미노펜)",20030725,"한미약품(주)","흰색의 장방형 필름코팅정",01140,"해열.진통.소염제","일반의약품","[M040353]아세트아미노펜/[M040353]아세트아미노펜",20140109,"-소아 및 고령자(노인)는 최소 필요량을 복용하고 이상반응에 유의- 과도한 체온강하, 허탈, 사지냉각 등이 나타날 수 있음","","Acetaminophen(아세트아미노펜)",20251110
"특정연령대금기","단일",D000142,"Ciprofloxacin Hydrochloride Hydrate","시프로플록사신염산염수화물","","필름코팅정",200302632,"록신정500밀리그램(시프로플록사신염산염수화물)(수출용)",20031126,"한국프라임제약(주)","제1법 수출용 : 백색의 장방형 필름코팅정제제2법 수출용 : 백색 또는 미황색의 장방형 제피정",06290,"기타의 화학요법제","전문의약품","[M223091]시프로플록사신염산염수화물/[M223091]시프로플록사신염산염수화물",20140109,"- 안전성 및 유효성 미확립- 퀴놀론계 항균제는 몇몇 어린 동물종에서 특히 체중부하부위의 관절병증, 뼈연골증을 유발함","","Ciprofloxacin Hydrochloride Hydrate(시프로플록사신염산염수화물)",20260323
"특정연령대금기","단일",D000641,"Brimonidine Tartrate","브리모니딘타르타르산염","","점안용액제",200307641,"알파간피점안액0.15%(브리모니딘타르타르산염)",20030107,"한국애브비(주)","불투명한 플라스틱용기에 든 녹색을 띄는 황색의 맑은 점안액",01310,"안과용제","전문의약품","[M251494]브리모니딘타르타르산염",20140109,"- 안전성 및 유효성 미확립- 시판 후 조사에서 이 약을 투여 받은 영아에서 무호흡, 서맥, 혼수, 저혈압, 저체온, 근육긴장저하, 기면, 창백, 호흡억제, 졸음이 보고됨","","Brimonidine Tartrate(브리모니딘타르타르산염)",20150910
"특정연령대금기","단일",D000142,"Ciprofloxacin Hydrochloride Hydrate","시프로플록사신염산염수화물","","필름코팅정",200400546,"로프신500밀리그람정(시프로플록사신염산염수화물)(수출용)",20040127,"(주)바이넥스","[수출용1] 미백색의 타원형 필름코팅정제[수출용2] 백색 또는 미황색의 장방형 제피제",06290,"기타의 화학요법제","전문의약품","[M223091]시프로플록사신염산염수화물/[M223091]시프로플록사신염산염수화물",20140109,"- 안전성 및 유효성 미확립- 퀴놀론계 항균제는 몇몇 어린 동물종에서 특히 체중부하부위의 관절병증, 뼈연골증을 유발함","","Ciprofloxacin Hydrochloride Hydrate(시프로플록사신염산염수화물)",20260323
"특정연령대금기","단일",D000506,"Diclofenac Sodium","디클로페낙나트륨","","용액주사제",200400583,"제일제약디클로페낙나트륨주사액2.5%(수출용)",20040227,"(주)제일제약","무색 투명한 액이 든 갈색 투명한 앰플주사제",01140,"해열.진통.소염제","전문의약품","[M050288]디클로페낙나트륨",20140109,"벤질알코올은 조숙아에서 치명적인 가쁜 호흡증상과 연관이 있는 것으로 보고됨","","Diclofenac Sodium(디클로페낙나트륨)",20230819
"특정연령대금기","단일",D000551,"Azelastine Hydrochloride","아젤라스틴염산염","","필름코팅정",200400838,"아젤란정(아젤라스틴염산염)",20040923,"알리코제약(주)","밝은 황색의 원형필름코팅정제",01490,"기타의 알레르기용약","전문의약품","[M222870]아젤라스틴염산염",20140109,"안전성 및 유효성 미확립","","Azelastine Hydrochloride(아젤라스틴염산염)",20180705
"특정연령대금기","단일",D000142,"Ciprofloxacin Hydrochloride Hydrate","시프로플록사신염산염수화물","","필름코팅정",200401117,"태극염산시프로플록사신정(수출명 : STACIPRO TABLET)",20040414,"태극제약(주)","흰색-연한 노란색의 원형 필름코팅정",06290,"기타의 화학요법제","전문의약품","[M223091]시프로플록사신염산염수화물/[M223091]시프로플록사신염산염수화물",20140109,"- 안전성 및 유효성 미확립- 퀴놀론계 항균제는 몇몇 어린 동물종에서 특히 체중부하부위의 관절병증, 뼈연골증을 유발함","","Ciprofloxacin Hydrochloride Hydrate(시프로플록사신염산염수화물)",20260323
"특정연령대금기","단일",D000142,"Ciprofloxacin Hydrochloride","시프로플록사신염산염","","필름코팅정",200401235,"시록신정250mg(시프로플록사신염산염)",20040708,"(주)비보존제약","백색～미황색의 원형 필름코팅정",06290,"기타의 화학요법제","전문의약품","[M242850]시프로플록사신염산염",20140109,"- 안전성 및 유효성 미확립- 퀴놀론계 항균제는 몇몇 어린 동물종에서 특히 체중부하부위의 관절병증, 뼈연골증을 유발함","","Ciprofloxacin Hydrochloride(시프로플록사신염산염)",20260323
"특정연령대금기","단일",D000551,"Azelastine Hydrochloride","아젤라스틴염산염","","필름코팅정",200401458,"알제틴정(아젤라스틴염산염)",20040930,"(주)동구바이오제약","밝은 황색의 원형필름코팅정제",01490,"기타의 알레르기용약","전문의약품","[M222870]아젤라스틴염산염",20140109,"안전성 및 유효성 미확립","","Azelastine Hydrochloride(아젤라스틴염산염)",20210222
"특정연령대금기","단일",D000551,"Azelastine Hydrochloride","아젤라스틴염산염","","필름코팅정",200401586,"에젤란정(아젤라스틴염산염)",20041004,"한국유니온제약(주)","밝은 황색의 원형 필름코팅정제",01490,"기타의 알레르기용약","전문의약품","[M222870]아젤라스틴염산염",20140109,"안전성 및 유효성 미확립","","Azelastine Hydrochloride(아젤라스틴염산염)",20090714
"특정연령대금기","단일",D000142,"Ciprofloxacin Hydrochloride","시프로플록사신염산염","","필름코팅정",200401618,"유니시프로사신정500밀리그람(시프로플록사신염산염)(수출용)",20040519,"한국유니온제약(주)","흰색 또는 미황색의 장방형 제피정",06290,"기타의 화학요법제","전문의약품","[M242850]시프로플록사신염산염/[M223091]시프로플록사신염산염수화물",20140109,"- 안전성 및 유효성 미확립- 퀴놀론계 항균제는 몇몇 어린 동물종에서 특히 체중부하부위의 관절병증, 뼈연골증을 유발함","","Ciprofloxacin Hydrochloride(시프로플록사신염산염)",20260323
"특정연령대금기","단일",D000551,"Azelastine Hydrochloride","아젤라스틴염산염","","필름코팅정",200401878,"아젤라젠정(아젤라스틴염산염)",20040923,"(주)셀릭스","밝은 황색의 원형 필름코팅정",01490,"기타의 알레르기용약","전문의약품","[M222870]아젤라스틴염산염",20140109,"안전성 및 유효성 미확립","","Azelastine Hydrochloride(아젤라스틴염산염)",20200903
"특정연령대금기","단일",D000551,"Azelastine Hydrochloride","아젤라스틴염산염","","필름코팅정",200402098,"아제틴정(아젤라스틴염산염)",20040923,"오스틴제약(주)","밝은 황색의 원형 필름코팅정",01490,"기타의 알레르기용약","전문의약품","[M222870]아젤라스틴염산염",20140109,"안전성 및 유효성 미확립","","Azelastine Hydrochloride(아젤라스틴염산염)",20190312
"특정연령대금기","단일",D000551,"Azelastine Hydrochloride","아젤라스틴염산염","","필름코팅정",200402287,"아제스정(아젤라스틴염산염)",20041217,"영일제약(주)","밝은 황색의 원형 필름코팅정",01490,"기타의 알레르기용약","전문의약품","[M222870]아젤라스틴염산염",20140109,"안전성 및 유효성 미확립","","Azelastine Hydrochloride(아젤라스틴염산염)",20201116
"특정연령대금기","단일",D000142,"Ciprofloxacin Hydrochloride Hydrate","시프로플록사신염산염수화물","","필름코팅정",200402746,"시록사정(시프로플록사신염산염수화물)(수출용)",20040216,"(주)바스칸바이오제약","백색의 장방형 필름코팅정, 백색의 원형 필름코팅정",06290,"기타의 화학요법제","전문의약품","[M223091]시프로플록사신염산염수화물/[M223091]시프로플록사신염산염수화물",20140109,"- 안전성 및 유효성 미확립- 퀴놀론계 항균제는 몇몇 어린 동물종에서 특히 체중부하부위의 관절병증, 뼈연골증을 유발함","","Ciprofloxacin Hydrochloride Hydrate(시프로플록사신염산염수화물)",20260323
"특정연령대금기","단일",D000551,"Azelastine Hydrochloride","아젤라스틴염산염","","필름코팅정",200402847,"아스틴정(아젤라스틴염산염)",20040930,"위더스제약(주)","위탁제조용 : 밝은 황색의 원형필름코팅정제수출용 : 적갈색의 원형필름코팅정",01490,"기타의 알레르기용약","전문의약품","[M222870]아젤라스틴염산염/[M222870]아젤라스틴염산염",20140109,"안전성 및 유효성 미확립","","Azelastine Hydrochloride(아젤라스틴염산염)",20210304
"특정연령대금기","단일",D000551,"Azelastine Hydrochloride","아젤라스틴염산염","","필름코팅정",200402853,"아제탄정(아젤라스틴염산염)",20041001,"(주)씨엠지제약","밝은 노란색의 원형 필름코팅정제",01490,"기타의 알레르기용약","전문의약품","[M222870]아젤라스틴염산염",20140109,"안전성 및 유효성 미확립","","Azelastine Hydrochloride(아젤라스틴염산염)",20140904
"특정연령대금기","단일",D000147,Acetaminophen,"아세트아미노펜","","서방성필름코팅정",200402947,"타이펜8시간이알서방정",20040917,"영풍제약(주)","흰색 장방형의 필름코팅정이다.",01140,"해열.진통.소염제","일반의약품","[M040353]아세트아미노펜/[M040353]아세트아미노펜",20140109,"-소아 및 고령자(노인)는 최소 필요량을 복용하고 이상반응에 유의- 과도한 체온강하, 허탈, 사지냉각 등이 나타날 수 있음","","Acetaminophen(아세트아미노펜)",20251110
"특정연령대금기","단일",D000142,Ciprofloxacin,"시프로플록사신","","용액주사제",200402964,"시프록사신주(시프로플록사신)",20040624,"(주)하원제약","무색～미황색의 투명한 액이든 무색 바이알",06290,"기타의 화학요법제","전문의약품","[M091139]시프로플록사신",20140109,"- 안전성 및 유효성 미확립- 퀴놀론계 항균제는 몇몇 어린 동물종에서 특히 체중부하부위의 관절병증, 뼈연골증을 유발함","","Ciprofloxacin(시프로플록사신)",20260323
"특정연령대금기","단일",D000142,"Ciprofloxacin Hydrochloride Hydrate","시프로플록사신염산염수화물","","필름코팅정",200403053,"뉴록사신정(시프로플록사신염산염수화물)",20040609,"구주제약(주)","미백색의 원형 필름코팅정제",06290,"기타의 화학요법제","전문의약품","[M223091]시프로플록사신염산염수화물",20140109,"- 안전성 및 유효성 미확립- 퀴놀론계 항균제는 몇몇 어린 동물종에서 특히 체중부하부위의 관절병증, 뼈연골증을 유발함","","Ciprofloxacin Hydrochloride Hydrate(시프로플록사신염산염수화물)",20260323
"특정연령대금기","단일",D000551,"Azelastine Hydrochloride","아젤라스틴염산염","","필름코팅정",200403081,"젤라스틴정(아젤라스틴염산염)",20040922,"구주제약(주)","밝은 황색의 원형필름코팅정제",01490,"기타의 알레르기용약","전문의약품","[M222870]아젤라스틴염산염",20140109,"안전성 및 유효성 미확립","","Azelastine Hydrochloride(아젤라스틴염산염)",20120201
"특정연령대금기","단일",D000551,"Azelastine Hydrochloride","아젤라스틴염산염","","필름코팅정",200403411,"아제타민정(아젤라스틴염산염)",20041105,"대웅바이오(주)","밝은 황색의 원형필름코팅정제",01490,"기타의 알레르기용약","전문의약품","[M222870]아젤라스틴염산염",20140109,"안전성 및 유효성 미확립","","Azelastine Hydrochloride(아젤라스틴염산염)",20201110
"특정연령대금기","단일",D000551,"Azelastine Hydrochloride","아젤라스틴염산염","","필름코팅정",200404059,"아틴정(아젤라스틴염산염)",20041007,"한국프라임제약(주)","밝은 황색의 원형 필름코팅정제",01490,"기타의 알레르기용약","전문의약품","[M222870]아젤라스틴염산염",20140109,"안전성 및 유효성 미확립","","Azelastine Hydrochloride(아젤라스틴염산염)",20191118
"특정연령대금기","단일",D000551,"Azelastine Hydrochloride","아젤라스틴염산염","","필름코팅정",200404654,"케이스틴정(아젤라스틴염산염)",20040923,"주식회사제뉴원사이언스","밝은 황색의 원형필름코팅정제",01490,"기타의 알레르기용약","전문의약품","[M222870]아젤라스틴염산염",20140109,"안전성 및 유효성 미확립","","Azelastine Hydrochloride(아젤라스틴염산염)",20121227
"특정연령대금기","단일",D000142,"Ciprofloxacin Hydrochloride Hydrate","시프로플록사신염산염수화물","","필름코팅정",200404700,"시플록신정250밀리그램(시프로플록사신염산염수화물)",20040709,"주식회사제뉴원사이언스","흰색-미황색의 원형 필름코팅정",06290,"기타의 화학요법제","전문의약품","[M223091]시프로플록사신염산염수화물",20140109,"- 안전성 및 유효성 미확립- 퀴놀론계 항균제는 몇몇 어린 동물종에서 특히 체중부하부위의 관절병증, 뼈연골증을 유발함","","Ciprofloxacin Hydrochloride Hydrate(시프로플록사신염산염수화물)",20260323
"특정연령대금기","단일",D000551,"Azelastine Hydrochloride","아젤라스틴염산염","","필름코팅정",200411002,"알스틴정(아젤라스틴염산염)",20040914,"아주약품(주)","밝은 황색의 원형 필름코팅정제",01490,"기타의 알레르기용약","전문의약품","[M222870]아젤라스틴염산염",20140109,"안전성 및 유효성 미확립","","Azelastine Hydrochloride(아젤라스틴염산염)",20120823
"특정연령대금기","단일",D000551,"Azelastine Hydrochloride","아젤라스틴염산염","","필름코팅정",200411068,"자스민정(아젤라스틴염산염)",20040930,"(주)테라젠이텍스","밝은 노란색의 원형 필름코팅정제",01490,"기타의 알레르기용약","전문의약품","[M222870]아젤라스틴염산염",20140109,"안전성 및 유효성 미확립","","Azelastine Hydrochloride(아젤라스틴염산염)",20160407
"특정연령대금기","단일",D000142,"Ciprofloxacin Hydrochloride","염산시프로플록사신","","필름코팅정",200501316,"시프록정(염산시프로플록사신)(수출용)(수출명:IntermedicCiprofloxacin500mgtablet)",20050920,"천우신약(주)","백색 또는 미황색의 장방형 필름코팅정",06290,"기타의 화학요법제","전문의약품","[M095543]염산시프로플록사신",20140109,"- 안전성 및 유효성 미확립- 퀴놀론계 항균제는 몇몇 어린 동물종에서 특히 체중부하부위의 관절병증, 뼈연골증을 유발함","","Ciprofloxacin Hydrochloride(염산시프로플록사신)",20260323
"특정연령대금기","단일",D000648,"Cefetamet Pivoxil Hydrochloride","세페타메트피복실염산염","","필름코팅정",200502691,"세페타트정250밀리그람(세페타메트피복실염산염)(수출용)",20050119,"초당약품공업(주)","미황색의 타원형 필름코팅정제",06180,"주로 그람양성, 음성균에 작용하는 것","전문의약품","[M243849]세페타메트피복실염산염",20140109,_,"","Cefetamet Pivoxil Hydrochloride(세페타메트피복실염산염)",20140130
"특정연령대금기","단일",D000648,"Cefetamet Pivoxil Hydrochloride","염산세페타메트피복실","","산제",200502694,"세페타트산(세페타메트피복실염산염)(수출용)",20051212,"초당약품공업(주)","흰색 - 옅은 미황색의 결정성 가루로 특이한 향과 맛이 있는 산제",06180,"주로 그람양성, 음성균에 작용하는 것","전문의약품","[M093786]염산세페타메트피복실",20140109,_,"","Cefetamet Pivoxil Hydrochloride(염산세페타메트피복실)",20141203
"특정연령대금기","단일",D000142,"Ciprofloxacin Hydrochloride Hydrate","시프로플록사신염산염수화물","","필름코팅정",200503799,"일양바이오염산시프로플록사신정",20051230,"일양바이오팜(주)","흰색 또는 미황색의 원형 필름코팅정",06290,"기타의 화학요법제","전문의약품","[M223091]시프로플록사신염산염수화물",20140109,"- 안전성 및 유효성 미확립- 퀴놀론계 항균제는 몇몇 어린 동물종에서 특히 체중부하부위의 관절병증, 뼈연골증을 유발함","","Ciprofloxacin Hydrochloride Hydrate(시프로플록사신염산염수화물)",20260323
"특정연령대금기","단일",D000479,"Clobetasol Propionate","클로베타솔프로피오네이트","","샴푸",200511301,"클로벡스액0.05%(클로베타솔프로피오네이트)",20050610,"갈더마코리아(주)","무색 또는 미황색의 반투명한 액제",02640,"진통.진양.수렴.소염제","전문의약품","[M223224]클로베타솔프로피오네이트",20140109,"소아는 체중당 체표면적의 비율이 성인보다 커서 코르티코이드로 인해 HPA축(시상하부-뇌하수체-부신 축) 억제, 쿠싱증후군, 발육장애, 두개내압항진 등이 나타나기 쉬움","","Clobetasol Propionate(클로베타솔프로피오네이트)",20220129
"특정연령대금기","단일",D000479,"Clobetasol Propionate","클로베타솔프로피오네이트","","피부연고제",200606622,"프로솔연고(클로베타솔프로피오네이트)",20061109,"주식회사제뉴원사이언스","백색의 부드럽고 반투명, 전질 균등한 연고제",02690,"기타의 외피용약","전문의약품","[M223224]클로베타솔프로피오네이트/[M223224]클로베타솔프로피오네이트",20140109,"소아는 체중당 체표면적의 비율이 성인보다 커서 코르티코이드로 인해 HPA축(시상하부-뇌하수체-부신 축) 억제, 쿠싱증후군, 발육장애, 두개내압항진 등이 나타나기 쉬움","","Clobetasol Propionate(클로베타솔프로피오네이트)",20220129
"특정연령대금기","단일",D000030,Amisulpride,"아미설프리드","","나정",200700906,"솔리안정200밀리그램(아미설프리드)",20070122,"(주)한독","흰색 또는 거의 흰색의 원형 정제",01170,"정신신경용제","전문의약품","[M089148]아미설프리드",20140109,"안전성 및 유효성 미확립","","Amisulpride(아미설프리드)",20210104
"특정연령대금기","복합",D000641,"Brimonidine Tartrate","브리모니딘타르타르산염","[D000684]Timolol(티몰롤)","점안용액제",200700952,"콤비간점안액",20070123,"한국애브비(주)","불투명한 플라스틱 용기에 든 녹색을 띄는 황색의 맑은  수용성 점안제",01310,"안과용제","전문의약품","[M251494]브리모니딘타르타르산염/[M222894]티몰롤말레산염",20140109,"- 안전성 및 유효성 미확립- 시판 후 조사에서 이 약을 투여 받은 신생아에서 무호흡, 서맥, 저혈압, 체온저하, 혼수상태, 졸음, 근긴장저하, 무기력, 창백, 호흡저하가 보고됨","","Brimonidine Tartrate(브리모니딘타르타르산염)",20140803
"특정연령대금기","단일",D000030,Amisulpride,"아미설프리드","","필름코팅정",200701022,"솔리안정400밀리그램(아미설프리드)",20070124,"(주)한독","흰색의 장방형 필름코팅정",01170,"정신신경용제","전문의약품","[M089148]아미설프리드",20140109,"안전성 및 유효성 미확립","","Amisulpride(아미설프리드)",20201222
"특정연령대금기","단일",D000030,Amisulpride,"아미설프리드","","나정",200701030,"솔리안정100밀리그램(아미설프리드)",20070124,"(주)한독","흰색 또는 거의 흰색의 원형정제",01170,"정신신경용제","전문의약품","[M089148]아미설프리드",20140109,"안전성 및 유효성 미확립","","Amisulpride(아미설프리드)",20201222
"특정연령대금기","단일",D000142,"Ciprofloxacin Hydrochloride","시프로플록사신염산염","","필름코팅정",200701814,"키노베스정500밀리그램(시프로플록사신염산염)(수출용)",20070209,"삼진제약(주)","흰색의 타원형 필름코팅정제",06290,"기타의 화학요법제","전문의약품","[M242850]시프로플록사신염산염",20140109,"- 안전성 및 유효성 미확립- 퀴놀론계 항균제는 몇몇 어린 동물종에서 특히 체중부하부위의 관절병증, 뼈연골증을 유발함","","Ciprofloxacin Hydrochloride(시프로플록사신염산염)",20260323
"특정연령대금기","단일",D000030,Amisulpride,"아미설프리드","","필름코팅정",200702164,"폴라리스정400밀리그램(아미설프리드)",20070209,"유니메드제약(주)","흰색의 장방형 필름코팅정제",01170,"정신신경용제","전문의약품","[M089148]아미설프리드",20140109,"안전성 및 유효성 미확립","","Amisulpride(아미설프리드)",20190703
"특정연령대금기","단일",D000724,Bicalutamide,"비칼루타미드","","필름코팅정",200702738,"비카소정(비칼루타미드)",20070228,"이연제약(주)","흰색의 원형 필름코팅정",04210,"항악성종양제","전문의약품","[M259016]비칼루타미드",20140109,_,"","Bicalutamide(비칼루타미드)",20181003
"특정연령대금기","단일",D000724,Bicalutamide,"비칼루타미드","","필름코팅정",200702739,"카소비트정(비칼루타미드)",20070228,"신풍제약(주)","흰색의 원형 필름코팅정",04210,"항악성종양제","전문의약품","[M259016]비칼루타미드",20140109,_,"","Bicalutamide(비칼루타미드)",20181003
"특정연령대금기","단일",D000724,Bicalutamide,"비칼루타미드","","필름코팅정",200702749,"프로카덱스정(비칼루타미드)",20070228,"알보젠코리아(주)","흰색의 원형 필름코팅정",04210,"항악성종양제","전문의약품","[M259016]비칼루타미드",20140109,_,"","Bicalutamide(비칼루타미드)",20181003
"특정연령대금기","단일",D000142,Ciprofloxacin,"시프로플록사신","","용액주사제",200703218,"시프록주사(시프로플록사신)(수출용)",20070319,"천우신약(주)","무색-미황색의 투명한 액이 들어있는 무색 투명한 바이알",06290,"기타의 화학요법제","전문의약품","[M091139]시프로플록사신",20140109,"- 안전성 및 유효성 미확립- 퀴놀론계 항균제는 몇몇 어린 동물종에서 특히 체중부하부위의 관절병증, 뼈연골증을 유발함","","Ciprofloxacin(시프로플록사신)",20260323
"특정연령대금기","단일",D000724,Bicalutamide,"비칼루타미드","","필름코팅정",200703389,"비카루드정(비칼루타미드)",20070323,"광동제약(주)","백색의 원형 필름코팅정",04210,"항악성종양제","전문의약품","[M259016]비칼루타미드/[M259016]비칼루타미드",20140109,_,"","Bicalutamide(비칼루타미드)",20200501
"특정연령대금기","단일",D000724,Bicalutamide,"비칼루타미드","","필름코팅정",200703394,"프로칼린정50밀리그램(비칼루타미드)",20070320,"에이치케이이노엔(주)","흰색의 원형 필름코팅정",04210,"항악성종양제","전문의약품","[M259016]비칼루타미드",20140109,_,"","Bicalutamide(비칼루타미드)",20181003
"특정연령대금기","단일",D000724,Bicalutamide,"비칼루타미드","","필름코팅정",200703421,"프로세이드정(비칼루타미드)",20070323,"삼진제약(주)","백색의 원형 필름코팅정",04210,"항악성종양제","전문의약품","[M259016]비칼루타미드",20140109,_,"","Bicalutamide(비칼루타미드)",20181003
"특정연령대금기","단일",D000724,Bicalutamide,"비칼루타미드","","필름코팅정",200704019,"칼루타미정50밀리그램(비칼루타미드)",20070409,"(주)종근당","흰색 또는 거의 흰색의 원형 필름코팅정",04210,"항악성종양제","전문의약품","[M259016]비칼루타미드",20140109,_,"","Bicalutamide(비칼루타미드)",20181003
"특정연령대금기","단일",D000551,"Azelastine Hydrochloride","아젤라스틴염산염","","필름코팅정",200706243,"아제타정(아젤라스틴염산염)",20070531,"주식회사 노바엠헬스케어","밝은 황색의 원형필름코팅정제",01490,"기타의 알레르기용약","전문의약품","[M222870]아젤라스틴염산염",20140109,"안전성 및 유효성 미확립","","Azelastine Hydrochloride(아젤라스틴염산염)",20111013
"특정연령대금기","단일",D000696,"Dexketoprofen Trometamol","덱스케토프로펜트로메타몰","","용액주사제",200706794,"케랄주(덱스케토프로펜트로메타몰)",20070612,"현대약품(주)","이 약은 무색투명한 액이 황갈색 유리 앰플에 든 주사제이다.",01140,"해열.진통.소염제","전문의약품","[M213126]덱스케토프로펜트로메타몰",20140109,"안전성 및 유효성 미확립","","Dexketoprofen Trometamol(덱스케토프로펜트로메타몰)",20200724
"특정연령대금기","단일",D000479,"Clobetasol Propionate","클로베타솔프로피오네이트","","피부로션제",200706943,"프로솔로션(클로베타솔프로피오네이트)",20070618,"주식회사제뉴원사이언스","백색의 로션제",02640,"진통.진양.수렴.소염제","전문의약품","[M223224]클로베타솔프로피오네이트",20140109,"소아는 체중당 체표면적의 비율이 성인보다 커서 코르티코이드로 인해 HPA축(시상하부-뇌하수체-부신 축) 억제, 쿠싱증후군, 발육장애, 두개내압항진 등이 나타나기 쉬움","","Clobetasol Propionate(클로베타솔프로피오네이트)",20220129
"특정연령대금기","단일",D000142,"Ciprofloxacin Hydrochloride Hydrate","시프로플록사신염산염수화물","","필름코팅정",200707894,"씨트로정(시프로플록사신염산염수화물)",20070709,"(주)경보제약","백색의 원형 필름코팅정제",06290,"기타의 화학요법제","전문의약품","[M223091]시프로플록사신염산염수화물",20140109,"- 안전성 및 유효성 미확립- 퀴놀론계 항균제는 몇몇 어린 동물종에서 특히 체중부하부위의 관절병증, 뼈연골증을 유발함","","Ciprofloxacin Hydrochloride Hydrate(시프로플록사신염산염수화물)",20260323
"특정연령대금기","단일",D000142,"Ciprofloxacin Hydrochloride Hydrate","시프로플록사신염산염수화물","","필름코팅정",200709743,"성원애드콕시프로플록사신500mg정(염산시프로플록사신)(수출용)",20070823,"성원애드콕제약(주)","백색의 장방형 필름코팅정",06290,"기타의 화학요법제","전문의약품","[M223091]시프로플록사신염산염수화물/[M223091]시프로플록사신염산염수화물",20140109,"- 안전성 및 유효성 미확립- 퀴놀론계 항균제는 몇몇 어린 동물종에서 특히 체중부하부위의 관절병증, 뼈연골증을 유발함","","Ciprofloxacin Hydrochloride Hydrate(시프로플록사신염산염수화물)",20260323
"특정연령대금기","단일",D000142,"Ciprofloxacin Hydrochloride","시프로플록사신염산염","","필름코팅정",200807647,"베아신정250밀리그램(시프로플록사신염산염)",20080710,"대웅바이오(주)","흰색의 원형 필름코팅정",06290,"기타의 화학요법제","전문의약품","[M242850]시프로플록사신염산염",20140109,"- 안전성 및 유효성 미확립- 퀴놀론계 항균제는 몇몇 어린 동물종에서 특히 체중부하부위의 관절병증, 뼈연골증을 유발함","","Ciprofloxacin Hydrochloride(시프로플록사신염산염)",20260323
"특정연령대금기","단일",D000142,"Ciprofloxacin Hydrochloride","염산시프로플록사신","","필름코팅정",200901006,"태극염산시프로플록사신정500밀리그램(수출용)",20090202,"태극제약(주)","백색 또는 미황색의 장방형 필름코팅정",06290,"기타의 화학요법제","전문의약품","[M095543]염산시프로플록사신",20140109,"- 안전성 및 유효성 미확립- 퀴놀론계 항균제는 몇몇 어린 동물종에서 특히 체중부하부위의 관절병증, 뼈연골증을 유발함","","Ciprofloxacin Hydrochloride(염산시프로플록사신)",20260323
"특정연령대금기","단일",D000724,Bicalutamide,"비칼루타미드","","필름코팅정",200903782,"칼루타미정150밀리그램(비칼루타미드)",20090528,"(주)종근당","흰색 또는 거의 흰색의 원형 필름코팅정",04210,"항악성종양제","전문의약품","[M259016]비칼루타미드",20140109,_,"","Bicalutamide(비칼루타미드)",20181003
"특정연령대금기","단일",D000647,"Cetirizine Hydrochloride","세티리진염산염","","경구용액제",200903813,"지르세틴액(세티리진염산염)",20090529,"태극제약(주)","갈색병에 든 딸기향이 나는 맑고 투명한 액",01410,"항히스타민제","일반의약품","[M222857]세티리진염산염",20140109,_,"","Cetirizine Hydrochloride(세티리진염산염)",20210212
"특정연령대금기","단일",D000724,Bicalutamide,"비칼루타마이드","","필름코팅정",200908471,"비카루드정150mg(비칼루타마이드)(수출용)",20091204,"광동제약(주)","백색의 원형 필름코팅정제",04210,"항악성종양제","전문의약품","[M089188]비칼루타마이드",20140109,_,"","Bicalutamide(비칼루타마이드)",20130819
"특정연령대금기","단일",D000641,"Brimonidine Tartrate","브리모니딘타르타르산염","","점안용액제",201100382,"브리딘티점안액0.15%(브리모니딘타르타르산염)(1회용), 브리딘티점안액0.15%(브리모니딘타르타르산염)",20110125,"한림제약(주)","황색의 투명한 액이 (다회용 : 불투명한 / 일회용 : 투명한 청색) 플라스틱 용기에 든 점안제",01310,"안과용제","전문의약품","[M251494]브리모니딘타르타르산염/[M251494]브리모니딘타르타르산염",20140109,"- 안전성 및 유효성 미확립- 시판 후 조사에서 이 약을 투여 받은 영아에서 무호흡, 서맥, 혼수, 저혈압, 저체온, 근육긴장저하, 기면, 창백, 호흡억제, 졸음이 보고됨","","Brimonidine Tartrate(브리모니딘타르타르산염)",20180823
"특정연령대금기","단일",D000142,"Ciprofloxacin Hydrochloride Hydrate","시프로플록사신염산염수화물","","필름코팅정",201101276,"안국시프로플록사신정(수출용)",20110309,"안국약품(주)","백색 또는 미황색의 장방형 제피정",06290,"기타의 화학요법제","전문의약품","[M223091]시프로플록사신염산염수화물",20140109,"- 안전성 및 유효성 미확립- 퀴놀론계 항균제는 몇몇 어린 동물종에서 특히 체중부하부위의 관절병증, 뼈연골증을 유발함","","Ciprofloxacin Hydrochloride Hydrate(시프로플록사신염산염수화물)",20260323
"특정연령대금기","단일",D000030,Amisulpride,"아미설프리드","","나정",201109313,"폴라리스정100mg(아미설프리드)",20111031,"유니메드제약(주)","흰색의 원형 정제",01170,"정신신경용제","전문의약품","[M089148]아미설프리드",20140109,"안전성 및 유효성 미확립","","Amisulpride(아미설프리드)",20190703
"특정연령대금기","단일",D000030,Amisulpride,"아미설프리드","","필름코팅정",201110472,"아미썰정400밀리그램(아미설프리드)",20111129,"명인제약(주)","흰색의 장방형 필름코팅정제",01170,"정신신경용제","전문의약품","[M089148]아미설프리드",20140109,"안전성 및 유효성 미확립","","Amisulpride(아미설프리드)",20190703
"특정연령대금기","단일",D000479,"Clobetasol Propionate","클로베타솔프로피오네이트","","피부연고제",201206213,"프로베타연고(클로베타솔프로피오네이트)(수출용)",20120723,"태극제약(주)","흰색의 연고제",02640,"진통.진양.수렴.소염제","전문의약품","[M223224]클로베타솔프로피오네이트",20140109,"소아는 체중당 체표면적의 비율이 성인보다 커서 코르티코이드로 인해 HPA축(시상하부-뇌하수체-부신 축) 억제, 쿠싱증후군, 발육장애, 두개내압항진 등이 나타나기 쉬움","","Clobetasol Propionate(클로베타솔프로피오네이트)",20220129
"특정연령대금기","단일",D000142,"Ciprofloxacin Hydrochloride Hydrate","시프로플록사신염산염수화물","","필름코팅정",201208643,"씨프론정250mg(시프로플록사신염산염수화물)",20121123,"하나제약(주)","흰색의 원형 필름코팅정제",06290,"기타의 화학요법제","전문의약품","[M223091]시프로플록사신염산염수화물",20140109,"- 안전성 및 유효성 미확립- 퀴놀론계 항균제는 몇몇 어린 동물종에서 특히 체중부하부위의 관절병증, 뼈연골증을 유발함","","Ciprofloxacin Hydrochloride Hydrate(시프로플록사신염산염수화물)",20260323
"특정연령대금기","단일",D000641,"Brimonidine Tartrate","브리모니딘타르타르산염","","점안용액제",201209003,"알파몬피점안액0.15%(브리모니딘타르타르산염)",20121130,"국제약품(주)","황색의 투명한 액이 불투명한 플라스틱 용기에 든 점안제",01310,"안과용제","전문의약품","[M251494]브리모니딘타르타르산염",20140109,"- 안전성 및 유효성 미확립- 시판 후 조사에서 이 약을 투여 받은 영아에서 무호흡, 서맥, 혼수, 저혈압, 저체온, 근육긴장저하, 기면, 창백, 호흡억제, 졸음이 보고됨","","Brimonidine Tartrate(브리모니딘타르타르산염)",20140203
"특정연령대금기","단일",D000030,Amisulpride,"아미설프리드","","필름코팅정",201301615,"아미썰정100밀리그램(아미설프리드)",20130118,"명인제약(주)","흰색의 원형 필름코팅정",01170,"정신신경용제","전문의약품","[M089148]아미설프리드",20140109,"안전성 및 유효성 미확립","","Amisulpride(아미설프리드)",20190703
"특정연령대금기","단일",D000030,Amisulpride,"아미설프리드","","필름코팅정",201301616,"아미썰정200밀리그램(아미설프리드)",20130118,"명인제약(주)","흰색의 원형 필름코팅정",01170,"정신신경용제","전문의약품","[M089148]아미설프리드",20140109,"안전성 및 유효성 미확립","","Amisulpride(아미설프리드)",20190703
"특정연령대금기","단일",D000479,"Clobetasol Propionate","클로베타솔프로피오네이트","","피부연고제",201305372,"클로베이트연고(클로베타솔프로피오네이트)(수출용)",20130219,"(주)제뉴파마","백색의 부드럽고 반투명, 전질 균등한 연고제",02640,"진통.진양.수렴.소염제","전문의약품","[M223224]클로베타솔프로피오네이트",20140109,"소아는 체중당 체표면적의 비율이 성인보다 커서 코르티코이드로 인해 HPA축(시상하부-뇌하수체-부신 축) 억제, 쿠싱증후군, 발육장애, 두개내압항진 등이 나타나기 쉬움","","Clobetasol Propionate(클로베타솔프로피오네이트)",20220129
"특정연령대금기","단일",D000552,"Atomoxetine Hydrochloride","아토목세틴염산염","","경질캡슐제, 산제",201306366,"환인아토목세틴캡슐10밀리그램(아토목세틴염산염)",20130322,"환인제약(주)","흰색의 가루가 든 상부 흰색, 하부 흰색의 경질캡슐",01190,"기타의 중추신경용약","전문의약품","[M246680]아토목세틴염산염",20140109,"안전성 및 유효성 미확립","","Atomoxetine Hydrochloride(아토목세틴염산염)",20260511
"특정연령대금기","단일",D000552,"Atomoxetine Hydrochloride","아토목세틴염산염","","경질캡슐제, 산제",201306367,"환인아토목세틴캡슐18밀리그램(아토목세틴염산염)",20130322,"환인제약(주)","흰색의 가루가 든 상부 황색, 하부 흰색의 경질캡슐",01190,"기타의 중추신경용약","전문의약품","[M246680]아토목세틴염산염",20140109,"안전성 및 유효성 미확립","","Atomoxetine Hydrochloride(아토목세틴염산염)",20260511
"특정연령대금기","단일",D000552,"Atomoxetine Hydrochloride","아토목세틴염산염","","경질캡슐제, 산제",201306368,"환인아토목세틴캡슐25밀리그램(아토목세틴염산염)",20130322,"환인제약(주)","흰색의 가루가 든 상부 청색, 하부 흰색의 경질캡슐",01190,"기타의 중추신경용약","전문의약품","[M246680]아토목세틴염산염",20140109,"안전성 및 유효성 미확립","","Atomoxetine Hydrochloride(아토목세틴염산염)",20260511
"특정연령대금기","단일",D000552,"Atomoxetine Hydrochloride","아토목세틴염산염","","경질캡슐제, 산제",201306369,"환인아토목세틴캡슐60밀리그램(아토목세틴염산염)",20130322,"환인제약(주)","흰색의 가루가 든 상부 청색, 하부 황색의 경질캡슐",01190,"기타의 중추신경용약","전문의약품","[M246680]아토목세틴염산염",20140109,"안전성 및 유효성 미확립","","Atomoxetine Hydrochloride(아토목세틴염산염)",20260511
"특정연령대금기","단일",D000552,"Atomoxetine Hydrochloride","아토목세틴염산염","","경질캡슐제, 산제",201306370,"환인아토목세틴캡슐40밀리그램(아토목세틴염산염)",20130322,"환인제약(주)","흰색의 가루가 든 상부 청색, 하부 청색의 경질캡슐",01190,"기타의 중추신경용약","전문의약품","[M246680]아토목세틴염산염",20140109,"안전성 및 유효성 미확립","","Atomoxetine Hydrochloride(아토목세틴염산염)",20260511
"특정연령대금기","단일",D000552,"Atomoxetine Hydrochloride","아토목세틴염산염","","경질캡슐제, 산제",201307635,"아토목신캡슐40밀리그램(아토목세틴염산염)",20130610,"명인제약(주)","흰색 분말이 든 상부 청색, 하부 청색의 경질캡슐",01190,"기타의 중추신경용약","전문의약품","[M246680]아토목세틴염산염",20140109,"안전성 및 유효성 미확립","","Atomoxetine Hydrochloride(아토목세틴염산염)",20260511
"특정연령대금기","단일",D000551,"Azelastine Hydrochloride","아젤라스틴염산염","","필름코팅정",201307778,"아젤틴정(아젤라스틴염산염)",20130621,"태극제약(주)","밝은 노란색의 원형 필름코팅정",01490,"기타의 알레르기용약","전문의약품","[M222870]아젤라스틴염산염",20140109,"안전성 및 유효성 미확립","","Azelastine Hydrochloride(아젤라스틴염산염)",20210127
"특정연령대금기","단일",D000551,"Azelastine Hydrochloride","아젤라스틴염산염","","필름코팅정",201309263,"아젠틴정(아젤라스틴염산염)",20130909,"(주)화이트생명과학","밝은 황색의 원형 필름코팅정",01490,"기타의 알레르기용약","전문의약품","[M222870]아젤라스틴염산염",20140109,"안전성 및 유효성 미확립","","Azelastine Hydrochloride(아젤라스틴염산염)",20201117
"특정연령대금기","단일",D000142,"Ciprofloxacin Hydrochloride Hydrate","시프로플록사신염산염수화물","","필름코팅정",201309509,"싸이러스정250밀리그램(시프로플록사신염산염수화물)",20130930,"주식회사큐엘파마","흰색의 원형 필름코팅정",06290,"기타의 화학요법제","전문의약품","[M223091]시프로플록사신염산염수화물",20140109,"- 안전성 및 유효성 미확립- 퀴놀론계 항균제는 몇몇 어린 동물종에서 특히 체중부하부위의 관절병증, 뼈연골증을 유발함","","Ciprofloxacin Hydrochloride Hydrate(시프로플록사신염산염수화물)",20260323
"특정연령대금기","단일",D000552,"Atomoxetine Hydrochloride","아토목세틴염산염","","경질캡슐제, 산제",201309920,"아토목신캡슐25밀리그램(아토목세틴염산염)",20131025,"명인제약(주)","흰색 분말이 든 상부 청색, 하부 흰색의 경질캡슐",01190,"기타의 중추신경용약","전문의약품","[M246680]아토목세틴염산염",20140109,"안전성 및 유효성 미확립","","Atomoxetine Hydrochloride(아토목세틴염산염)",20260511
"특정연령대금기","단일",D000552,"Atomoxetine Hydrochloride","아토목세틴염산염","","경질캡슐제, 산제",201309921,"아토목신캡슐18밀리그램(아토목세틴염산염)",20131025,"명인제약(주)","흰색 분말이 든 상부 황색, 하부 흰색의 경질캡슐",01190,"기타의 중추신경용약","전문의약품","[M246680]아토목세틴염산염",20140109,"안전성 및 유효성 미확립","","Atomoxetine Hydrochloride(아토목세틴염산염)",20260511
"특정연령대금기","단일",D000552,"Atomoxetine Hydrochloride","아토목세틴염산염","","경질캡슐제, 산제",201309964,"환인아토목세틴캡슐80밀리그램(아토목세틴염산염)",20131030,"환인제약(주)","흰색의 가루가 든 상부 갈색, 하부 흰색의 경질 캡슐",01190,"기타의 중추신경용약","전문의약품","[M246680]아토목세틴염산염",20140109,"안전성 및 유효성 미확립","","Atomoxetine Hydrochloride(아토목세틴염산염)",20260511
"특정연령대금기","단일",D000552,"Atomoxetine Hydrochloride","아토목세틴염산염","","경질캡슐제, 산제",201400958,"아트렉스캡슐40mg(아토목세틴염산염)(수출용)",20140228,"명문제약(주)","흰색 분말이 충진된 상부 청색, 하부 청색의 경질캡슐제",01190,"기타의 중추신경용약","전문의약품","[M246680]아토목세틴염산염",20140109,"안전성 및 유효성 미확립","","Atomoxetine Hydrochloride(아토목세틴염산염)",20260511
"특정연령대금기","단일",D000552,"Atomoxetine Hydrochloride","아토목세틴염산염","","경질캡슐제, 산제",201400959,"아트렉스캡슐10mg(아토목세틴염산염)(수출용)",20140228,"명문제약(주)","흰색 분말이 충진된 상부 흰색, 하부 흰색의 경질캡슐제",01190,"기타의 중추신경용약","전문의약품","[M246680]아토목세틴염산염",20140109,"안전성 및 유효성 미확립","","Atomoxetine Hydrochloride(아토목세틴염산염)",20260511
"특정연령대금기","단일",D000552,"Atomoxetine Hydrochloride","아토목세틴염산염","","경질캡슐제, 산제",201400960,"아트렉스캡슐25밀리그램(아토목세틴염산염)(수출용)",20140228,"명문제약(주)","흰색분말이 충진된 상부 청색, 하부 흰색의 경질캡슐제",01190,"기타의 중추신경용약","전문의약품","[M246680]아토목세틴염산염",20140109,"안전성 및 유효성 미확립","","Atomoxetine Hydrochloride(아토목세틴염산염)",20260511
"특정연령대금기","단일",D000552,"Atomoxetine Hydrochloride","아토목세틴염산염","","경질캡슐제, 산제",201400963,"아트렉스캡슐18밀리그램(아토목세틴염산염)(수출용)",20140228,"명문제약(주)","흰색분말이 충진된 상부 황색, 하부 흰색의 경질캡슐제",01190,"기타의 중추신경용약","전문의약품","[M246680]아토목세틴염산염",20140109,"안전성 및 유효성 미확립","","Atomoxetine Hydrochloride(아토목세틴염산염)",20260511
"특정연령대금기","단일",D000552,"Atomoxetine Hydrochloride","아토목세틴염산염","","경질캡슐제, 산제",201400964,"아트렉스캡슐60밀리그램(아토목세틴염산염)(수출용)",20140228,"명문제약(주)","흰색분말이 충진된 상부 청색, 하부 황색의 경질캡슐제",01190,"기타의 중추신경용약","전문의약품","[M246680]아토목세틴염산염",20140109,"안전성 및 유효성 미확립","","Atomoxetine Hydrochloride(아토목세틴염산염)",20260511
"특정연령대금기","단일",D000142,"Ciprofloxacin Hydrochloride Hydrate","시프로플록사신염산염수화물","","필름코팅정",201401021,"경진시프로플록사신정500밀리그램(시프로플록사신염산염수화물)(수출용)",20140305,"경진제약(주)","흰색의 장방형 필름코팅정",06290,"기타의 화학요법제","전문의약품","[M223091]시프로플록사신염산염수화물",20140109,"- 안전성 및 유효성 미확립- 퀴놀론계 항균제는 몇몇 어린 동물종에서 특히 체중부하부위의 관절병증, 뼈연골증을 유발함","","Ciprofloxacin Hydrochloride Hydrate(시프로플록사신염산염수화물)",20260323
"특정연령대금기","단일",D000142,"Ciprofloxacin Hydrochloride Hydrate","시프로플록사신염산염수화물","","필름코팅정",201401038,"마더스시프로플록사신정500밀리그램(시프로플록사신염산염수화물)(수출용)(수출명 : Mother’s Ciprofloxacin tab. 500mg)",20140306,"(주)마더스제약","흰색의 장방형 필름코팅정",06290,"기타의 화학요법제","전문의약품","[M223091]시프로플록사신염산염수화물",20140109,"- 안전성 및 유효성 미확립- 퀴놀론계 항균제는 몇몇 어린 동물종에서 특히 체중부하부위의 관절병증, 뼈연골증을 유발함","","Ciprofloxacin Hydrochloride Hydrate(시프로플록사신염산염수화물)",20260323
"특정연령대금기","단일",D000552,"Atomoxetine Hydrochloride","아토목세틴염산염","","경질캡슐제, 산제",201401189,"아토목신캡슐10밀리그램(아토목세틴염산염)",20140317,"명인제약(주)","흰색 분말이 든 상부 흰색, 하부 흰색의 경질캡슐",01190,"기타의 중추신경용약","전문의약품","[M246680]아토목세틴염산염",20140109,"안전성 및 유효성 미확립","","Atomoxetine Hydrochloride(아토목세틴염산염)",20260511
"특정연령대금기","단일",D000552,"Atomoxetine Hydrochloride","아토목세틴염산염","","경질캡슐제, 산제",201401190,"아토목신캡슐60밀리그램(아토목세틴염산염)",20140317,"명인제약(주)","흰색 분말이 든 상부 청색, 하부 황색의 경질캡슐",01190,"기타의 중추신경용약","전문의약품","[M246680]아토목세틴염산염",20140109,"안전성 및 유효성 미확립","","Atomoxetine Hydrochloride(아토목세틴염산염)",20260511
"특정연령대금기","단일",D000142,"Ciprofloxacin Hydrochloride Hydrate","시프로플록사신염산염수화물","","필름코팅정",201402714,"프록사신바이정(시프로플록사신염산염수화물)",20140618,"(주)휴온스","흰색의 원형 필름코팅정",06290,"기타의 화학요법제","전문의약품","[M223091]시프로플록사신염산염수화물",20140109,"- 안전성 및 유효성 미확립- 퀴놀론계 항균제는 몇몇 어린 동물종에서 특히 체중부하부위의 관절병증, 뼈연골증을 유발함","","Ciprofloxacin Hydrochloride Hydrate(시프로플록사신염산염수화물)",20260323
"특정연령대금기","단일",D000479,"Clobetasol Propionate","클로베타솔프로피오네이트","","피부연고제",201402836,"클로베타연고(클로베타솔프로피오네이트)",20140625,"이연제약(주)","반투명한 흰색~미황색의 전질균등한 연고제",02640,"진통.진양.수렴.소염제","전문의약품","[M223224]클로베타솔프로피오네이트",20140109,"소아는 체중당 체표면적의 비율이 성인보다 커서 코르티코이드로 인해 HPA축(시상하부-뇌하수체-부신 축) 억제, 쿠싱증후군, 발육장애, 두개내압항진 등이 나타나기 쉬움","","Clobetasol Propionate(클로베타솔프로피오네이트)",20220129
"특정연령대금기","단일",D000142,"Ciprofloxacin Hydrochloride Hydrate","시프로플록사신염산염수화물","","필름코팅정",201402874,"시푸로신정(시프로플록사신염산염수화물)",20140627,"이연제약(주)","흰색의 원형 필름코팅정",06290,"기타의 화학요법제","전문의약품","[M223091]시프로플록사신염산염수화물",20140109,"- 안전성 및 유효성 미확립- 퀴놀론계 항균제는 몇몇 어린 동물종에서 특히 체중부하부위의 관절병증, 뼈연골증을 유발함","","Ciprofloxacin Hydrochloride Hydrate(시프로플록사신염산염수화물)",20260323
"특정연령대금기","단일",D000142,Ciprofloxacin,"시프로플록사신","","용액주사제",201403180,"시프록스주(시프로플록사신)",20140716,"(주)오스코리아제약","무색~미황색의 투명한 액이 들어있는 무색 투명한 바이알",06290,"기타의 화학요법제","전문의약품","[M091139]시프로플록사신",20140109,"- 안전성 및 유효성 미확립- 퀴놀론계 항균제는 몇몇 어린 동물종에서 특히 체중부하부위의 관절병증, 뼈연골증을 유발함","","Ciprofloxacin(시프로플록사신)",20260323
"특정연령대금기","단일",D000479,"Clobetasol Propionate","클로베타솔프로피오네이트","","피부크림제",201403285,"클로베타크림(클로베타솔프로피오네이트)",20140722,"이연제약(주)","흰색~거의 흰색의 유연한 크림으로 이물질이 없이 전질 균등한 외용 크림제",02640,"진통.진양.수렴.소염제","전문의약품","[M223224]클로베타솔프로피오네이트",20140109,"소아는 체중당 체표면적의 비율이 성인보다 커서 코르티코이드로 인해 HPA축(시상하부-뇌하수체-부신 축) 억제, 쿠싱증후군, 발육장애, 두개내압항진 등이 나타나기 쉬움","","Clobetasol Propionate(클로베타솔프로피오네이트)",20220129
"특정연령대금기","단일",D000142,"Ciprofloxacin Hydrochloride Hydrate","시프로플록사신염산염수화물","","필름코팅정",201403459,"싸이프로신정250mg(시프로플록사신염산염수화물)",20140729,"한국휴텍스제약(주)","흰색의 원형 필름코팅정",06290,"기타의 화학요법제","전문의약품","[M223091]시프로플록사신염산염수화물",20140109,"- 안전성 및 유효성 미확립- 퀴놀론계 항균제는 몇몇 어린 동물종에서 특히 체중부하부위의 관절병증, 뼈연골증을 유발함","","Ciprofloxacin Hydrochloride Hydrate(시프로플록사신염산염수화물)",20260323
"특정연령대금기","단일",D000142,"Ciprofloxacin Hydrochloride Hydrate","시프로플록사신염산염수화물","","필름코팅정",201403586,"씨팍신정250밀리그램(시프로플록사신염산염수화물)",20140801,"동방에프티엘(주)","흰색-미황색의 원형 필름코팅정제",06290,"기타의 화학요법제","전문의약품","[M223091]시프로플록사신염산염수화물",20140109,"- 안전성 및 유효성 미확립- 퀴놀론계 항균제는 몇몇 어린 동물종에서 특히 체중부하부위의 관절병증, 뼈연골증을 유발함","","Ciprofloxacin Hydrochloride Hydrate(시프로플록사신염산염수화물)",20260323
"특정연령대금기","복합",D000641,"Brimonidine Tartrate","브리모니딘타르타르산염","[D000684]Timolol(티몰롤)","점안용액제",201404881,"브리딘플러스점안액(브리모니딘타르타르산염,티몰롤말레산염)(1회용),브리딘플러스점안액(브리모니딘타르타르산염,티몰롤말레산염)",20141024,"한림제약(주)","[무보존제] : 무색투명한 플라스틱 용기에 든 녹색을 띄는 황색의 맑은 수용성 점안제[유보존제] : 불투명한 플라스틱 용기에 든 녹색을 띄는 황색의 맑은 수용성 점안제",01310,"안과용제","전문의약품","[M255020]브리모니딘타르타르산염/[M256384]티몰롤말레산염/[M255020]브리모니딘타르타르산염/[M256384]티몰롤말레산염",20140109,"- 안전성 및 유효성 미확립- 시판 후 조사에서 이 약을 투여 받은 신생아에서 무호흡, 서맥, 저혈압, 체온저하, 혼수상태, 졸음, 근긴장저하, 무기력, 창백, 호흡저하가 보고됨","","Brimonidine Tartrate(브리모니딘타르타르산염)",20170424
"특정연령대금기","단일",D000552,"Atomoxetine Hydrochloride","아토목세틴염산염","","경질캡슐제, 산제",201404924,"아토목신캡슐80밀리그램(아토목세틴염산염)",20141027,"명인제약(주)","흰색 분말이 든 상부 갈색 하부 흰색의 경질캡슐",01190,"기타의 중추신경용약","전문의약품","[M246680]아토목세틴염산염",20140109,"안전성 및 유효성 미확립","","Atomoxetine Hydrochloride(아토목세틴염산염)",20260511
"특정연령대금기","단일",D000551,"Azelastine Hydrochloride","아젤라스틴염산염","","필름코팅정",201405612,"아젤스틴정(아젤라스틴염산염)",20141128,"(주)에이프로젠바이오로직스","밝은 황색의 원형 필름코팅정제",01490,"기타의 알레르기용약","전문의약품","[M222870]아젤라스틴염산염",20140109,"안전성 및 유효성 미확립","","Azelastine Hydrochloride(아젤라스틴염산염)",20150113
"특정연령대금기","단일",D000142,"Ciprofloxacin Hydrochloride Hydrate","시프로플록사신염산염수화물","","필름코팅정",201500661,"씨큐로베이정250밀리그램(시프로플록사신염산염수화물)",20150209,"(주)티디에스팜","백색의 원형 필름코팅정제",06290,"기타의 화학요법제","전문의약품","[M223091]시프로플록사신염산염수화물",20140109,"- 안전성 및 유효성 미확립- 퀴놀론계 항균제는 몇몇 어린 동물종에서 특히 체중부하부위의 관절병증, 뼈연골증을 유발함","","Ciprofloxacin Hydrochloride Hydrate(시프로플록사신염산염수화물)",20260323
"특정연령대금기","단일",D000551,"Azelastine Hydrochloride","아젤라스틴염산염","","필름코팅정",201501605,"아젤라진정(아젤라스틴염산염)",20150326,"(주)비보존제약","밝은 황색의 원형 필름코팅정",01490,"기타의 알레르기용약","전문의약품","[M222870]아젤라스틴염산염",20140109,"안전성 및 유효성 미확립","","Azelastine Hydrochloride(아젤라스틴염산염)",20201125
"특정연령대금기","단일",D000551,"Azelastine Hydrochloride","아젤라스틴염산염","","필름코팅정",201501855,"알렙틴정(아젤라스틴염산염)",20150406,"주식회사더유제약","밝은 노란색의 원형 필름코팅정",01490,"기타의 알레르기용약","전문의약품","[M222870]아젤라스틴염산염",20140109,"안전성 및 유효성 미확립","","Azelastine Hydrochloride(아젤라스틴염산염)",20150526
"특정연령대금기","단일",D000030,Amisulpride,"아미설프리드","","나정",201503279,"아칸솔정100mg(아미설프리드)",20150528,"(주)한국파마","흰색의 원형 정제",01170,"정신신경용제","전문의약품","[M089148]아미설프리드",20140109,"안전성 및 유효성 미확립","","Amisulpride(아미설프리드)",20190703
"특정연령대금기","단일",D000030,Amisulpride,"아미설프리드","","필름코팅정",201503280,"아칸솔정400mg(아미설프리드)",20150528,"(주)한국파마","흰색의 장방형 필름코팅정제",01170,"정신신경용제","전문의약품","[M089148]아미설프리드",20140109,"안전성 및 유효성 미확립","","Amisulpride(아미설프리드)",20190703
"특정연령대금기","단일",D000142,"Ciprofloxacin Hydrochloride Hydrate","시프로플록사신염산염수화물","","필름코팅정",201505089,"시프로신정(시프로플록사신염산염)",20150727,"(주)킵스바이오파마","흰색의 원형 필름코팅정",06290,"기타의 화학요법제","전문의약품","[M223091]시프로플록사신염산염수화물",20140109,"- 안전성 및 유효성 미확립- 퀴놀론계 항균제는 몇몇 어린 동물종에서 특히 체중부하부위의 관절병증, 뼈연골증을 유발함","","Ciprofloxacin Hydrochloride Hydrate(시프로플록사신염산염수화물)",20260323
"특정연령대금기","단일",D000724,Bicalutamide,"비칼루타마이드","","필름코팅정",201507324,"테바비칼루타마이드정50밀리그램",20151023,"(주)한독테바","흰색 혹은 미황색의 원형의 필름코팅정",04210,"항악성종양제","전문의약품","[M089188]비칼루타마이드",20140109,_,"","Bicalutamide(비칼루타마이드)",20181003
"특정연령대금기","단일",D000142,"Ciprofloxacin Hydrochloride Hydrate","시프로플록사신염산염수화물","","필름코팅정",201508296,"시프록신정(시프로플록사신염산염수화물)",20151217,"(주)동구바이오제약","흰색의 원형 필름코팅정",06290,"기타의 화학요법제","전문의약품","[M223091]시프로플록사신염산염수화물",20140109,"- 안전성 및 유효성 미확립- 퀴놀론계 항균제는 몇몇 어린 동물종에서 특히 체중부하부위의 관절병증, 뼈연골증을 유발함","","Ciprofloxacin Hydrochloride Hydrate(시프로플록사신염산염수화물)",20260323
"특정연령대금기","단일",D000142,"Ciprofloxacin Hydrochloride Hydrate","시프로플록사신염산염수화물","","필름코팅정",201600601,"씨록사신정(시프로플록사신염산염수화물)",20160129,"(주)일화","흰색의 원형 필름코팅정",06290,"기타의 화학요법제","전문의약품","[M223091]시프로플록사신염산염수화물",20140109,"- 안전성 및 유효성 미확립- 퀴놀론계 항균제는 몇몇 어린 동물종에서 특히 체중부하부위의 관절병증, 뼈연골증을 유발함","","Ciprofloxacin Hydrochloride Hydrate(시프로플록사신염산염수화물)",20260323
"특정연령대금기","단일",D000142,"Ciprofloxacin Hydrochloride","시프로플록사신염산염","","필름코팅정",201601113,"시프록스정(시프로플록사신염산염)",20160226,"(주)오스코리아제약","흰색-미황색의 원형 필름코팅정",06290,"기타의 화학요법제","전문의약품","[M242850]시프로플록사신염산염",20140109,"- 안전성 및 유효성 미확립- 퀴놀론계 항균제는 몇몇 어린 동물종에서 특히 체중부하부위의 관절병증, 뼈연골증을 유발함","","Ciprofloxacin Hydrochloride(시프로플록사신염산염)",20260323
"특정연령대금기","단일",D000142,"Ciprofloxacin Hydrochloride","시프로플록사신염산염","","필름코팅정",201601711,"베아신정500밀리그램(시프로플록사신염산염)",20160331,"대웅바이오(주)","흰색의 장방형 필름코팅정",06290,"기타의 화학요법제","전문의약품","[M242850]시프로플록사신염산염",20140109,"- 안전성 및 유효성 미확립- 퀴놀론계 항균제는 몇몇 어린 동물종에서 특히 체중부하부위의 관절병증, 뼈연골증을 유발함","","Ciprofloxacin Hydrochloride(시프로플록사신염산염)",20260323
"특정연령대금기","단일",D000142,"Ciprofloxacin Hydrochloride Hydrate","시프로플록사신염산염수화물","","필름코팅정",201602319,"씨록탄정500밀리그램(시프로플록사신염산염수화물)",20160426,"아이큐어(주)","흰색의 장방형 필름코팅정",06290,"기타의 화학요법제","전문의약품","[M223091]시프로플록사신염산염수화물",20140109,"- 안전성 및 유효성 미확립- 퀴놀론계 항균제는 몇몇 어린 동물종에서 특히 체중부하부위의 관절병증, 뼈연골증을 유발함","","Ciprofloxacin Hydrochloride Hydrate(시프로플록사신염산염수화물)",20260323
"특정연령대금기","단일",D000551,"Azelastine Hydrochloride","아젤라스틴염산염","","필름코팅정",201602766,"아젤라실정(아젤라스틴염산염)",20160519,"성원애드콕제약(주)","밝은 황색의 원형 필름코팅정",01490,"기타의 알레르기용약","전문의약품","[M222870]아젤라스틴염산염",20140109,"안전성 및 유효성 미확립","","Azelastine Hydrochloride(아젤라스틴염산염)",20180227
"특정연령대금기","단일",D000724,Bicalutamide,"비칼루타미드","","필름코팅정",201603104,"카덱스정(비칼루타미드)",20160531,"대원제약(주)","흰색의 원형 필름코팅정",04210,"항악성종양제","전문의약품","[M259016]비칼루타미드",20140109,_,"","Bicalutamide(비칼루타미드)",20181003
"특정연령대금기","단일",D000506,"Diclofenac Beta-Dimethylaminoethanol","디클로페낙β-디메틸아미노에탄올","","용액주사제",201604657,"오스타렌에프주(디클로페낙β-디메틸아미노에탄올)",20160728,"(주)오스코리아제약","무색～미황색의 투명한 액이 들어있는 갈색의 앰플주사제",01140,"해열.진통.소염제","전문의약품","[M252249]디클로페낙β-디메틸아미노에탄올",20140109,"벤질알코올은 조숙아에서 치명적인 가쁜 호흡증상과 연관이 있는 것으로 보고됨","","Diclofenac Beta-Dimethylaminoethanol(디클로페낙β-디메틸아미노에탄올)",20250415
"특정연령대금기","단일",D000147,Acetaminophen,"아세트아미노펜","","서방성필름코팅정",201700254,"아니스펜8시간이알서방정(아세트아미노펜)",20170111,"(주)제뉴파마","흰색의 장방형 필름코팅정",01140,"해열.진통.소염제","일반의약품","[M040353]아세트아미노펜/[M040353]아세트아미노펜",20140109,"-소아 및 고령자(노인)는 최소 필요량을 복용하고 이상반응에 유의- 과도한 체온강하, 허탈, 사지냉각 등이 나타날 수 있음","","Acetaminophen(아세트아미노펜)",20251110
"특정연령대금기","단일",D000147,Acetaminophen,"아세트아미노펜","","서방성필름코팅정",201707306,"트리스펜8시간이알서방정(아세트아미노펜)",20170928,"동화약품(주)","흰색의 장방형 필름코팅정",01140,"해열.진통.소염제","일반의약품","[M040353]아세트아미노펜/[M040353]아세트아미노펜",20140109,"-소아 및 고령자(노인)는 최소 필요량을 복용하고 이상반응에 유의- 과도한 체온강하, 허탈, 사지냉각 등이 나타날 수 있음","","Acetaminophen(아세트아미노펜)",20251110
"특정연령대금기","단일",D000147,Acetaminophen,"아세트아미노펜","","서방성필름코팅정",201707307,"타미스펜8시간이알서방정(아세트아미노펜)",20170928,"(주)킵스바이오파마","흰색의 장방형 필름코팅정",01140,"해열.진통.소염제","일반의약품","[M040353]아세트아미노펜/[M040353]아세트아미노펜",20140109,"-소아 및 고령자(노인)는 최소 필요량을 복용하고 이상반응에 유의- 과도한 체온강하, 허탈, 사지냉각 등이 나타날 수 있음","","Acetaminophen(아세트아미노펜)",20251110
"특정연령대금기","단일",D000142,"Ciprofloxacin Hydrochloride Hydrate","시프로플록사신염산염수화물","","필름코팅정",201800299,"씨플록정250mg(시프로플록사신염산염수화물)",20180123,"(주)이든파마","흰색의 원형 필름코팅정",06290,"기타의 화학요법제","전문의약품","[M223091]시프로플록사신염산염수화물",20140109,"- 안전성 및 유효성 미확립- 퀴놀론계 항균제는 몇몇 어린 동물종에서 특히 체중부하부위의 관절병증, 뼈연골증을 유발함","","Ciprofloxacin Hydrochloride Hydrate(시프로플록사신염산염수화물)",20260323
"특정연령대금기","단일",D000147,Acetaminophen,"아세트아미노펜","","서방성필름코팅정",201800567,"타세놀8시간이알서방정325밀리그램(아세트아미노펜)",20180130,"부광약품(주)","흰색의 장방형 서방성 필름코팅정",01140,"해열.진통.소염제","일반의약품","[M040353]아세트아미노펜/[M040353]아세트아미노펜",20140109,"-소아 및 고령자(노인)는 최소 필요량을 복용하고 이상반응에 유의- 과도한 체온강하, 허탈, 사지냉각 등이 나타날 수 있음","","Acetaminophen(아세트아미노펜)",20251110
"특정연령대금기","단일",D000142,"Ciprofloxacin Hydrochloride Hydrate","시프로플록사신염산염수화물","","필름코팅정",201800924,"플로리정250밀리그램(시프로플록사신염산염수화물)",20180226,"(주)씨엘팜","흰색의 원형 필름코팅정",06290,"기타의 화학요법제","전문의약품","[M223091]시프로플록사신염산염수화물",20140109,"- 안전성 및 유효성 미확립- 퀴놀론계 항균제는 몇몇 어린 동물종에서 특히 체중부하부위의 관절병증, 뼈연골증을 유발함","","Ciprofloxacin Hydrochloride Hydrate(시프로플록사신염산염수화물)",20260323
"특정연령대금기","단일",D000142,"Ciprofloxacin Hydrochloride","시프로플록사신염산염","","필름코팅정",201801715,"팜젠시프로플록사신정250mg(시프로플록사신염산염)",20180423,"(주)팜젠사이언스","백색-미황색의 원형 필름코팅정",06290,"기타의 화학요법제","전문의약품","[M242850]시프로플록사신염산염",20140109,"- 안전성 및 유효성 미확립- 퀴놀론계 항균제는 몇몇 어린 동물종에서 특히 체중부하부위의 관절병증, 뼈연골증을 유발함","","Ciprofloxacin Hydrochloride(시프로플록사신염산염)",20260323
"특정연령대금기","단일",D000142,"Ciprofloxacin Hydrochloride Hydrate","시프로플록사신염산염수화물","","필름코팅정",201801819,"시프사신정250밀리그램(시프로플록사신염산염수화물)",20180427,"(주)다산제약","백색의 원형 필름코팅정제",06290,"기타의 화학요법제","전문의약품","[M223091]시프로플록사신염산염수화물",20140109,"- 안전성 및 유효성 미확립- 퀴놀론계 항균제는 몇몇 어린 동물종에서 특히 체중부하부위의 관절병증, 뼈연골증을 유발함","","Ciprofloxacin Hydrochloride Hydrate(시프로플록사신염산염수화물)",20260323
"특정연령대금기","단일",D000142,"Ciprofloxacin Hydrochloride Hydrate","시프로플록사신염산염수화물","","필름코팅정",201801841,"씨티신정(시프로플록사신염산염수화물)",20180430,"(주)씨티씨바이오","흰색의 원형 필름코팅정제",06290,"기타의 화학요법제","전문의약품","[M223091]시프로플록사신염산염수화물",20140109,"- 안전성 및 유효성 미확립- 퀴놀론계 항균제는 몇몇 어린 동물종에서 특히 체중부하부위의 관절병증, 뼈연골증을 유발함","","Ciprofloxacin Hydrochloride Hydrate(시프로플록사신염산염수화물)",20260323
"특정연령대금기","단일",D000142,"Ciprofloxacin Hydrochloride","시프로플록사신염산염","","필름코팅정",201802241,"씨플로정(시프로플록사신염산염)",20180530,"(주)에이프로젠바이오로직스","흰색-미황색의 원형 필름코팅정",06290,"기타의 화학요법제","전문의약품","[M242850]시프로플록사신염산염",20140109,"- 안전성 및 유효성 미확립- 퀴놀론계 항균제는 몇몇 어린 동물종에서 특히 체중부하부위의 관절병증, 뼈연골증을 유발함","","Ciprofloxacin Hydrochloride(시프로플록사신염산염)",20260323
"특정연령대금기","단일",D000142,"Ciprofloxacin Hydrochloride Hydrate","시프로플록사신염산염수화물","","필름코팅정",201900299,"씨프록정250밀리그램(시프로플록사신염산염수화물)",20190122,"(주)넥스팜코리아","흰색의 원형 필름코팅정",06290,"기타의 화학요법제","전문의약품","[M223091]시프로플록사신염산염수화물",20140109,"- 안전성 및 유효성 미확립- 퀴놀론계 항균제는 몇몇 어린 동물종에서 특히 체중부하부위의 관절병증, 뼈연골증을 유발함","","Ciprofloxacin Hydrochloride Hydrate(시프로플록사신염산염수화물)",20260323
"특정연령대금기","단일",D000551,"Azelastine Hydrochloride","아젤라스틴염산염","","필름코팅정",201901337,"메가젤틴정(아젤라스틴염산염)",20190305,"(주)엘앤씨바이오","밝은 노란색의 원형 필름코팅정제",01490,"기타의 알레르기용약","전문의약품","[M222870]아젤라스틴염산염",20140109,"안전성 및 유효성 미확립","","Azelastine Hydrochloride(아젤라스틴염산염)",20210421
"특정연령대금기","단일",D000142,"Ciprofloxacin Hydrochloride Hydrate","시프로플록사신염산염수화물","","필름코팅정",201901582,"메가시플록정(시프로플록사신염산염수화물)",20190315,"(주)엘앤씨바이오","백색의 원형 필름코팅정제",06290,"기타의 화학요법제","전문의약품","[M223091]시프로플록사신염산염수화물",20140109,"- 안전성 및 유효성 미확립- 퀴놀론계 항균제는 몇몇 어린 동물종에서 특히 체중부하부위의 관절병증, 뼈연골증을 유발함","","Ciprofloxacin Hydrochloride Hydrate(시프로플록사신염산염수화물)",20260323
"특정연령대금기","단일",D000142,"Ciprofloxacin Hydrochloride Hydrate","시프로플록사신염산염수화물","","필름코팅정",201901777,"시프로투정250밀리그램(시프로플록사신염산염수화물)",20190325,"코스맥스파마(주)","백색의 원형 필름코팅정제",06290,"기타의 화학요법제","전문의약품","[M223091]시프로플록사신염산염수화물",20140109,"- 안전성 및 유효성 미확립- 퀴놀론계 항균제는 몇몇 어린 동물종에서 특히 체중부하부위의 관절병증, 뼈연골증을 유발함","","Ciprofloxacin Hydrochloride Hydrate(시프로플록사신염산염수화물)",20260323
"특정연령대금기","단일",D000142,"Ciprofloxacin Hydrochloride Hydrate","시프로플록사신염산염수화물","","필름코팅정",201901820,"시플로뉴정250밀리그램(시프로플록사신염산염수화물)",20190326,"에이치엘비제약(주)","백색의 원형 필름코팅정제",06290,"기타의 화학요법제","전문의약품","[M223091]시프로플록사신염산염수화물",20140109,"- 안전성 및 유효성 미확립- 퀴놀론계 항균제는 몇몇 어린 동물종에서 특히 체중부하부위의 관절병증, 뼈연골증을 유발함","","Ciprofloxacin Hydrochloride Hydrate(시프로플록사신염산염수화물)",20260323
"특정연령대금기","단일",D000551,"Azelastine Hydrochloride","아젤라스틴염산염","","필름코팅정",201901882,"서울아젤라스틴염산염정",20190328,"(주)서울제약","밝은 황색의 원형 필름코팅정제",01490,"기타의 알레르기용약","전문의약품","[M222870]아젤라스틴염산염",20140109,"안전성 및 유효성 미확립","","Azelastine Hydrochloride(아젤라스틴염산염)",20210512
"특정연령대금기","단일",D000551,"Azelastine Hydrochloride","아젤라스틴염산염","","필름코팅정",201902574,"알레라정(아젤라스틴염산염)",20190424,"이연제약(주)","밝은 황색의 원형필름코팅정제",01490,"기타의 알레르기용약","전문의약품","[M222870]아젤라스틴염산염",20140109,"안전성 및 유효성 미확립","","Azelastine Hydrochloride(아젤라스틴염산염)",20210422
"특정연령대금기","단일",D000142,"Ciprofloxacin Hydrochloride Hydrate","시프로플록사신염산염수화물","","필름코팅정",201903428,"싸이플록정250밀리그램(시프로플록사신염산염수화물)",20190527,"정우신약(주)","흰색의 원형 필름코팅정제",06290,"기타의 화학요법제","전문의약품","[M223091]시프로플록사신염산염수화물",20140109,"- 안전성 및 유효성 미확립- 퀴놀론계 항균제는 몇몇 어린 동물종에서 특히 체중부하부위의 관절병증, 뼈연골증을 유발함","","Ciprofloxacin Hydrochloride Hydrate(시프로플록사신염산염수화물)",20260323
"특정연령대금기","단일",D000142,"Ciprofloxacin Hydrochloride Hydrate","시프로플록사신염산염수화물","","필름코팅정",201903855,"씨플록스정(시프로플록사신염산염수화물)",20190613,"(주)중헌제약","백색의 원형 필름코팅정제",06290,"기타의 화학요법제","전문의약품","[M223091]시프로플록사신염산염수화물",20140109,"- 안전성 및 유효성 미확립- 퀴놀론계 항균제는 몇몇 어린 동물종에서 특히 체중부하부위의 관절병증, 뼈연골증을 유발함","","Ciprofloxacin Hydrochloride Hydrate(시프로플록사신염산염수화물)",20260323
"특정연령대금기","단일",D000147,Acetaminophen,"아세트아미노펜","","서방성필름코팅정",201905099,"아세트엠8시간이알서방정650밀리그램(아세트아미노펜)",20190722,"(주)마더스제약","흰색의 장방형 서방성 필름코팅정",01140,"해열.진통.소염제","일반의약품","[M040353]아세트아미노펜/[M040353]아세트아미노펜",20140109,"-소아 및 고령자(노인)는 최소 필요량을 복용하고 이상반응에 유의- 과도한 체온강하, 허탈, 사지냉각 등이 나타날 수 있음","","Acetaminophen(아세트아미노펜)",20251110
"특정연령대금기","단일",D000147,Acetaminophen,"아세트아미노펜","","서방성필름코팅정",201905693,"타이레펜8시간이알서방정650밀리그램(아세트아미노펜)",20190813,"(주)휴비스트제약","흰색의 장방형 서방성 필름코팅정",01140,"해열.진통.소염제","일반의약품","[M040353]아세트아미노펜/[M040353]아세트아미노펜",20140109,"-소아 및 고령자(노인)는 최소 필요량을 복용하고 이상반응에 유의- 과도한 체온강하, 허탈, 사지냉각 등이 나타날 수 있음","","Acetaminophen(아세트아미노펜)",20251110
"특정연령대금기","단일",D000142,"Ciprofloxacin Hydrochloride Hydrate","시프로플록사신염산염수화물","","필름코팅정",201905731,"씨프로바이정250밀리그램(시프로플록사신염산염수화물)",20190814,"바이엘코리아(주)","흰색 ~ 연한 노란색의 원형 필름코팅정",06290,"기타의 화학요법제","전문의약품","[M223091]시프로플록사신염산염수화물",20140109,"- 안전성 및 유효성 미확립- 퀴놀론계 항균제는 몇몇 어린 동물종에서 특히 체중부하부위의 관절병증, 뼈연골증을 유발함","","Ciprofloxacin Hydrochloride Hydrate(시프로플록사신염산염수화물)",20260323
"특정연령대금기","단일",D000479,"Clobetasol Propionate","클로베타솔프로피오네이트","","피부액제",201906293,"듀오벡스액(클로베타솔프로피오네이트)",20190904,"주식회사더유제약","무색 또는 미황색의 반투명한 액제",02640,"진통.진양.수렴.소염제","전문의약품","[M223224]클로베타솔프로피오네이트",20140109,"소아는 체중당 체표면적의 비율이 성인보다 커서 코르티코이드로 인해 HPA축(시상하부-뇌하수체-부신 축) 억제, 쿠싱증후군, 발육장애, 두개내압항진 등이 나타나기 쉬움","","Clobetasol Propionate(클로베타솔프로피오네이트)",20220129
"특정연령대금기","단일",D000147,Acetaminophen,"아세트아미노펜","","서방성필름코팅정",201906975,"세타펜8시간이알서방정650밀리그램(아세트아미노펜)",20190930,"(주)보령바이오파마","흰색의 장방형 서방성 필름코팅정",01140,"해열.진통.소염제","일반의약품","[M040353]아세트아미노펜/[M040353]아세트아미노펜",20140109,"-소아 및 고령자(노인)는 최소 필요량을 복용하고 이상반응에 유의- 과도한 체온강하, 허탈, 사지냉각 등이 나타날 수 있음","","Acetaminophen(아세트아미노펜)",20251110
"특정연령대금기","단일",D000142,"Ciprofloxacin Hydrochloride Hydrate","시프로플록사신염산염수화물","","필름코팅정",201907106,"시프라신정250밀리그램(시프로플록사신염산염수화물)",20191007,"동국제약(주)","흰색의 원형 필름코팅정제",06290,"기타의 화학요법제","전문의약품","[M223091]시프로플록사신염산염수화물",20140109,"- 안전성 및 유효성 미확립- 퀴놀론계 항균제는 몇몇 어린 동물종에서 특히 체중부하부위의 관절병증, 뼈연골증을 유발함","","Ciprofloxacin Hydrochloride Hydrate(시프로플록사신염산염수화물)",20260323
"특정연령대금기","단일",D000142,"Ciprofloxacin Hydrochloride Hydrate","시프로플록사신염산염수화물","","필름코팅정",201907281,"알피시프록정250mg(시프로플록사신염산염수화물)",20191016,"(주)알피바이오","흰색의 원형 필름코팅정제",06290,"기타의 화학요법제","전문의약품","[M223091]시프로플록사신염산염수화물",20140109,"- 안전성 및 유효성 미확립- 퀴놀론계 항균제는 몇몇 어린 동물종에서 특히 체중부하부위의 관절병증, 뼈연골증을 유발함","","Ciprofloxacin Hydrochloride Hydrate(시프로플록사신염산염수화물)",20260323
"특정연령대금기","단일",D000551,"Azelastine Hydrochloride","아젤라스틴염산염","","필름코팅정",201908092,"안티타민정(아젤라스틴염산염)",20191126,"주식회사케이에스제약","밝은 황색의 원형필름코팅정제",01490,"기타의 알레르기용약","전문의약품","[M222870]아젤라스틴염산염",20140109,"안전성 및 유효성 미확립","","Azelastine Hydrochloride(아젤라스틴염산염)",20191227
"특정연령대금기","단일",D000142,"Ciprofloxacin Hydrochloride Hydrate","시프로플록사신염산염수화물","","필름코팅정",201908109,"씨큐로바이정(시프로플록사신염산염수화물)",20191127,"주식회사더유제약","흰색의 원형 필름코팅정제",06290,"기타의 화학요법제","전문의약품","[M223091]시프로플록사신염산염수화물",20140109,"- 안전성 및 유효성 미확립- 퀴놀론계 항균제는 몇몇 어린 동물종에서 특히 체중부하부위의 관절병증, 뼈연골증을 유발함","","Ciprofloxacin Hydrochloride Hydrate(시프로플록사신염산염수화물)",20260323
"특정연령대금기","단일",D000147,Acetaminophen,"아세트아미노펜","","서방성필름코팅정",202002173,"타이몰8시간이알서방정650밀리그램(아세트아미노펜)",20200330,"(주)동구바이오제약","흰색의 장방형 서방성 필름코팅정",01140,"해열.진통.소염제","일반의약품","[M040353]아세트아미노펜/[M040353]아세트아미노펜",20140109,"-소아 및 고령자(노인)는 최소 필요량을 복용하고 이상반응에 유의- 과도한 체온강하, 허탈, 사지냉각 등이 나타날 수 있음","","Acetaminophen(아세트아미노펜)",20251110
"특정연령대금기","단일",D000142,"Ciprofloxacin Hydrochloride Hydrate","시프로플록사신염산염수화물","","필름코팅정",202002785,"시프로사정(시프로플록사신염산염수화물)",20200421,"주식회사케이에스제약","백색의 원형 필름코팅정제",06290,"기타의 화학요법제","전문의약품","[M223091]시프로플록사신염산염수화물",20140109,"- 안전성 및 유효성 미확립- 퀴놀론계 항균제는 몇몇 어린 동물종에서 특히 체중부하부위의 관절병증, 뼈연골증을 유발함","","Ciprofloxacin Hydrochloride Hydrate(시프로플록사신염산염수화물)",20260323
"특정연령대금기","단일",D000147,Acetaminophen,"아세트아미노펜","","서방성필름코팅정",202200407,"타이레놀8시간이알서방정(아세트아미노펜)",20220125,"켄뷰코리아판매유한회사","흰색의 장방형 서방성 필름코팅정제",01140,"해열.진통.소염제","일반의약품","[M040353]아세트아미노펜/[M040353]아세트아미노펜",20140109,"-소아 및 고령자(노인)는 최소 필요량을 복용하고 이상반응에 유의- 과도한 체온강하, 허탈, 사지냉각 등이 나타날 수 있음","","Acetaminophen(아세트아미노펜)",20251110
"특정연령대금기","단일",D000656,"Atropine Sulfate Hydrate","아트로핀황산염수화물","","점안용액제",202500932,"드림피아점안액0.125%(아트로핀황산염수화물)(1회용)",20250418,"대우제약(주)","무색 투명한 액이 무색 투명한 플라스틱 용기에 든 점안제",01310,"안과용제","전문의약품","[M223111]아트로핀황산염수화물",20230705,"- 심각한 전신 부작용 위험이 있음 - 조산아, 영아, 다운증후군, 강직마비 또는 뇌손상 어린이는 이 약의 전신흡수에 따른 중추신경계 장애, 심폐 및 위장관 독성에 감수성이 있음","점안제(1%)","Atropine Sulfate Hydrate(아트로핀황산염수화물)",20251017
"특정연령대금기","단일",D000656,"Atropine Sulfate","아트로핀황산염","","점안용액제",202501014,"마이오캡점안액0.125%(아트로핀황산염)(1회용)",20250428,"유니메드제약(주)","무색 투명한 액이 무색 투명한 플라스틱 용기에 든 점안제",01310,"안과용제","전문의약품","[M110023]아트로핀황산염",20230705,"- 심각한 전신 부작용 위험이 있음 - 조산아, 영아, 다운증후군, 강직마비 또는 뇌손상 어린이는 이 약의 전신흡수에 따른 중추신경계 장애, 심폐 및 위장관 독성에 감수성이 있음","점안제(1%)","Atropine Sulfate(아트로핀황산염)",20251017
"특정연령대금기","단일",D000656,"Atropine Sulfate","아트로핀황산염","","점안용액제",202501460,"마이오텍트점안액0.125%(아트로핀황산염)(1회용)",20250616,"(주)태준제약","무색 투명한 액이 무색 투명한 플라스틱 용기에 든 점안제",01310,"안과용제","전문의약품","[M110023]아트로핀황산염",20230705,"- 심각한 전신 부작용 위험이 있음 - 조산아, 영아, 다운증후군, 강직마비 또는 뇌손상 어린이는 이 약의 전신흡수에 따른 중추신경계 장애, 심폐 및 위장관 독성에 감수성이 있음","점안제(1%)","Atropine Sulfate(아트로핀황산염)",20251017
"특정연령대금기","단일",D000147,Acetaminophen,"아세트아미노펜","","서방정",202502669,"제뉴원아세트아미노펜이알서방정650밀리그램",20251016,"주식회사제뉴원사이언스","흰색의 장방형 필름코팅정",01140,"해열.진통.소염제","일반의약품","[M040353]아세트아미노펜/[M040353]아세트아미노펜",20140109,"-소아 및 고령자(노인)는 최소 필요량을 복용하고 이상반응에 유의- 과도한 체온강하, 허탈, 사지냉각 등이 나타날 수 있음","","Acetaminophen(아세트아미노펜)",""
"특정연령대금기","단일",D000656,"Atropine Sulfate Hydrate","아트로핀황산염수화물","","점안용액제",202502791,"마이원점안액0.125%(아트로핀황산염수화물)(1회용)",20251029,"하나제약(주)","무색 투명한 액이 무색 투명한 플라스틱 용기에 든 점안제",01310,"안과용제","전문의약품","[M223111]아트로핀황산염수화물",20230705,"- 심각한 전신 부작용 위험이 있음 - 조산아, 영아, 다운증후군, 강직마비 또는 뇌손상 어린이는 이 약의 전신흡수에 따른 중추신경계 장애, 심폐 및 위장관 독성에 감수성이 있음","점안제(1%)","Atropine Sulfate Hydrate(아트로핀황산염수화물)",""
"특정연령대금기","단일",D000656,"Atropine Sulfate","아트로핀황산염","","점안용액제",202600106,"마이오텍트점안액0.1%(아트로핀황산염)(1회용)",20260112,"(주)태준제약","무색 투명한 액이 녹색 투명한 플라스틱 용기에 든 점안제",01310,"안과용제","전문의약품","[M110023]아트로핀황산염",20230705,"- 심각한 전신 부작용 위험이 있음 - 조산아, 영아, 다운증후군, 강직마비 또는 뇌손상 어린이는 이 약의 전신흡수에 따른 중추신경계 장애, 심폐 및 위장관 독성에 감수성이 있음","점안제(1%)","Atropine Sulfate(아트로핀황산염)",""
"특정연령대금기","단일",D000656,"Atropine Sulfate","아트로핀황산염","","점안용액제",202600107,"마이오텍트점안액0.05%(아트로핀황산염)(1회용)",20260112,"(주)태준제약","무색 투명한 액이 녹색 투명한 플라스틱 용기에 든 점안제",01310,"안과용제","전문의약품","[M110023]아트로핀황산염",20230705,"- 심각한 전신 부작용 위험이 있음 - 조산아, 영아, 다운증후군, 강직마비 또는 뇌손상 어린이는 이 약의 전신흡수에 따른 중추신경계 장애, 심폐 및 위장관 독성에 감수성이 있음","점안제(1%)","Atropine Sulfate(아트로핀황산염)",""
"특정연령대금기","단일",D000656,"Atropine Sulfate Hydrate","아트로핀황산염수화물","","점안용액제",202601846,"마이오에이점안액0.125%(아트로핀황산염수화물)(1회용)",20260629,"아주약품(주)","무색 투명한 액이 무색 투명한 플라스틱 용기에 든 점안제",01310,"안과용제","전문의약품","[M223111]아트로핀황산염수화물",20230705,"- 심각한 전신 부작용 위험이 있음 - 조산아, 영아, 다운증후군, 강직마비 또는 뇌손상 어린이는 이 약의 전신흡수에 따른 중추신경계 장애, 심폐 및 위장관 독성에 감수성이 있음","점안제(1%)","Atropine Sulfate Hydrate(아트로핀황산염수화물)",""
"특정연령대금기","단일",D000551,"Azelastine Hydrochloride","아젤라스틴염산염","","필름코팅정",201207574,"글로스틴정(아젤라스틴염산염)",20121031,"(주)킵스바이오파마","밝은 황색의 원형 필름코팅정제",01490,"기타의 알레르기용약","전문의약품","[M222870]아젤라스틴염산염",20140109,"안전성 및 유효성 미확립","","Azelastine Hydrochloride(아젤라스틴염산염)",""
"특정연령대금기","단일",D000551,"Azelastine Hydrochloride","아젤라스틴염산염","","필름코팅정",201304805,"마이스틴정(아젤라스틴염산염)",20130213,"(주)마더스제약","밝은 황색의 원형 필름코팅정",01490,"기타의 알레르기용약","전문의약품","[M222870]아젤라스틴염산염",20140109,"안전성 및 유효성 미확립","","Azelastine Hydrochloride(아젤라스틴염산염)",""
"특정연령대금기","단일",D000551,"Azelastine Hydrochloride","아젤라스틴염산염","","필름코팅정",201402560,"아제라스정(아젤라스틴염산염)",20140609,"영풍제약(주)","밝은황색의 원형 필름코팅정제",01490,"기타의 알레르기용약","전문의약품","[M222870]아젤라스틴염산염",20140109,"안전성 및 유효성 미확립","","Azelastine Hydrochloride(아젤라스틴염산염)",""
"특정연령대금기","단일",D000551,"Azelastine Hydrochloride","아젤라스틴염산염","","필름코팅정",201403880,"휴스틴정(아젤라스틴염산염)",20140820,"(주)휴비스트제약","밝은 노란색의 원형 필름코팅정",01490,"기타의 알레르기용약","전문의약품","[M222870]아젤라스틴염산염",20140109,"안전성 및 유효성 미확립","","Azelastine Hydrochloride(아젤라스틴염산염)",""
"특정연령대금기","단일",D000551,"Azelastine Hydrochloride","아젤라스틴염산염","","필름코팅정",201405076,"아젤라스정(아젤라스틴염산염)",20141031,"대한뉴팜(주)","밝은 황색의 원형필름코팅정제",01490,"기타의 알레르기용약","전문의약품","[M222870]아젤라스틴염산염",20140109,"안전성 및 유효성 미확립","","Azelastine Hydrochloride(아젤라스틴염산염)",""
"특정연령대금기","단일",D000551,"Azelastine Hydrochloride","아젤라스틴염산염","","필름코팅정",201405731,"아제라틴정(아젤라스틴염산염)",20141203,"(주)경보제약","밝은 노란색의 원형필름코팅정제",01490,"기타의 알레르기용약","전문의약품","[M222870]아젤라스틴염산염",20140109,"안전성 및 유효성 미확립","","Azelastine Hydrochloride(아젤라스틴염산염)",""
"특정연령대금기","단일",D000551,"Azelastine Hydrochloride","아젤라스틴염산염","","필름코팅정",201405910,"셀라스틴정1밀리그램(아젤라스틴염산염)",20141217,"(주)텔콘알에프제약","밝은 황색의 원형필름코팅정제",01490,"기타의 알레르기용약","전문의약품","[M222870]아젤라스틴염산염",20140109,"안전성 및 유효성 미확립","","Azelastine Hydrochloride(아젤라스틴염산염)",""
"특정연령대금기","단일",D000551,"Azelastine Hydrochloride","아젤라스틴염산염","","필름코팅정",201507400,"아젤라토정(아젤라스틴염산염)",20151028,"풍림무약(주)","밝은 황색의 원형 필름코팅정제",01490,"기타의 알레르기용약","전문의약품","[M222870]아젤라스틴염산염",20140109,"안전성 및 유효성 미확립","","Azelastine Hydrochloride(아젤라스틴염산염)",""
"특정연령대금기","단일",D000551,"Azelastine Hydrochloride","아젤라스틴염산염","","필름코팅정",201600378,"아젤스테인정(아젤라스틴염산염)",20160121,"한국휴텍스제약(주)","밝은 노란색의 원형 필름코팅정제",01490,"기타의 알레르기용약","전문의약품","[M222870]아젤라스틴염산염",20140109,"안전성 및 유효성 미확립","","Azelastine Hydrochloride(아젤라스틴염산염)",""
"특정연령대금기","단일",D000551,"Azelastine Hydrochloride","아젤라스틴염산염","","필름코팅정",201603801,"제라스정(아젤라스틴염산염)",20160623,"(주)바이넥스","밝은 황색의 원형필름코팅 정제",01490,"기타의 알레르기용약","전문의약품","[M222870]아젤라스틴염산염",20140109,"안전성 및 유효성 미확립","","Azelastine Hydrochloride(아젤라스틴염산염)",""
"특정연령대금기","단일",D000551,"Azelastine Hydrochloride","아젤라스틴염산염","","필름코팅정",201604367,"셀스틴정(아젤라스틴염산염)",20160714,"(주)셀트리온제약","밝은 황색의 원형 필름코팅정",01490,"기타의 알레르기용약","전문의약품","[M222870]아젤라스틴염산염",20140109,"안전성 및 유효성 미확립","","Azelastine Hydrochloride(아젤라스틴염산염)",""
"특정연령대금기","단일",D000551,"Azelastine Hydrochloride","아젤라스틴염산염","","필름코팅정",201707938,"이스틴정(아젤라스틴염산염)",20171117,"(주)이든파마","밝은 황색의 원형필름코팅정제",01490,"기타의 알레르기용약","전문의약품","[M222870]아젤라스틴염산염",20140109,"안전성 및 유효성 미확립","","Azelastine Hydrochloride(아젤라스틴염산염)",""
"특정연령대금기","단일",D000551,"Azelastine Hydrochloride","아젤라스틴염산염","","필름코팅정",201708570,"알티온정(아젤라스틴염산염)",20171226,"한국코러스(주)","밝은 황색의 원형필름코팅정제",01490,"기타의 알레르기용약","전문의약품","[M222870]아젤라스틴염산염",20140109,"안전성 및 유효성 미확립","","Azelastine Hydrochloride(아젤라스틴염산염)",""
"특정연령대금기","단일",D000551,"Azelastine Hydrochloride","아젤라스틴염산염","","필름코팅정",201900294,"아제쿨틴정(아젤라스틴염산염)",20190122,"(주)시어스제약","밝은 노란색의 원형 필름코팅정제",01490,"기타의 알레르기용약","전문의약품","[M222870]아젤라스틴염산염",20140109,"안전성 및 유효성 미확립","","Azelastine Hydrochloride(아젤라스틴염산염)",""
"특정연령대금기","단일",D000551,"Azelastine Hydrochloride","아젤라스틴염산염","","필름코팅정",201902897,"동성아젤라스틴정(아젤라스틴염산염)",20190507,"동성제약(주)","밝은 황색의 원형필름코팅정제",01490,"기타의 알레르기용약","전문의약품","[M222870]아젤라스틴염산염",20140109,"안전성 및 유효성 미확립","","Azelastine Hydrochloride(아젤라스틴염산염)",""
"특정연령대금기","단일",D000551,"Azelastine Hydrochloride","아젤라스틴염산염","","필름코팅정",201905835,"아제나정(아젤라스틴염산염)",20190819,"(주)한풍제약","밝은 황색의 원형필름코팅정제",01490,"기타의 알레르기용약","전문의약품","[M222870]아젤라스틴염산염",20140109,"안전성 및 유효성 미확립","","Azelastine Hydrochloride(아젤라스틴염산염)",""
"특정연령대금기","단일",D000551,"Azelastine Hydrochloride","아젤라스틴염산염","","필름코팅정",202000689,"아젤라건정1밀리그램(아젤라스틴염산염)",20200206,"건일바이오팜주식회사","밝은 황색의 원형필름코팅정제",01490,"기타의 알레르기용약","전문의약품","[M222870]아젤라스틴염산염",20140109,"안전성 및 유효성 미확립","","Azelastine Hydrochloride(아젤라스틴염산염)",""
"특정연령대금기","단일",D000551,"Azelastine Hydrochloride","아젤라스틴염산염","","필름코팅정",202003574,"젤라스정(아젤라스틴염산염)",20200518,"한국넬슨제약(주)","밝은 황색의 원형필름코팅정제",01490,"기타의 알레르기용약","전문의약품","[M222870]아젤라스틴염산염",20140109,"안전성 및 유효성 미확립","","Azelastine Hydrochloride(아젤라스틴염산염)",""
"특정연령대금기","단일",D000724,Bicalutamide,"비칼루타마이드","","필름코팅정",201500906,"종근당비칼루타마이드정80밀리그램(비칼루타마이드)(수출용)",20150223,"(주)종근당","백색의 원형 필름코팅정",04210,"항악성종양제","전문의약품","[M089188]비칼루타마이드",20140109,_,"","Bicalutamide(비칼루타마이드)",""
"특정연령대금기","단일",D000641,"Brimonidine Tartrate","브리모니딘타르타르산염","","점안용액제",202006646,"알파벨라점안액(브리모니딘타르타르산염)(1회용)",20200925,"(주)종근당","황색의 투명한 액이 무색투명한 플라스틱 용기에 든 점안제",01310,"안과용제","전문의약품","[M255020]브리모니딘타르타르산염",20140109,"- 안전성 및 유효성 미확립- 시판 후 조사에서 이 약을 투여 받은 영아에서 무호흡, 서맥, 혼수, 저혈압, 저체온, 근육긴장저하, 기면, 창백, 호흡억제, 졸음이 보고됨","","Brimonidine Tartrate(브리모니딘타르타르산염)",""
"특정연령대금기","단일",D000641,"Brimonidine Tartrate","브리모니딘타르타르산염","","점안용액제",202100451,"루미파이점안액0.025%(브리모니딘타르타르산염)",20210115,"(주)바슈헬스코리아","맑은 무색 또는 옅은 노란색 용액이 플라스틱 용기에 든 점안제",01310,"안과용제","일반의약품","[M255020]브리모니딘타르타르산염",20140109,"- 안전성 및 유효성 미확립- 시판 후 조사에서 이 약을 투여 받은 영아에서 무호흡, 서맥, 혼수, 저혈압, 저체온, 근육긴장저하, 기면, 창백, 호흡억제, 졸음이 보고됨","","Brimonidine Tartrate(브리모니딘타르타르산염)",""
"특정연령대금기","단일",D000641,"Brimonidine Tartrate","브리모니딘타르타르산염","","점안용액제",202502329,"브리모점안액(브리모니딘타르타르산염), 브리모점안액(브리모니딘타르타르산염)(1회용)",20250904,"대우제약(주)","다회용 : 황색의 투명한 액이 불투명한 플라스틱 용기에 든 점안제1회용 : 황색의 투명한 액이 무색 투명한 플라스틱 용기에 든 점안제",01310,"안과용제","전문의약품","[M255020]브리모니딘타르타르산염/[M255020]브리모니딘타르타르산염",20140109,"- 안전성 및 유효성 미확립- 시판 후 조사에서 이 약을 투여 받은 영아에서 무호흡, 서맥, 혼수, 저혈압, 저체온, 근육긴장저하, 기면, 창백, 호흡억제, 졸음이 보고됨","","Brimonidine Tartrate(브리모니딘타르타르산염)",""
"특정연령대금기","단일",D000641,"Brimonidine Tartrate","브리모니딘타르타르산염","","점안용액제",202600005,"알파미니점안액(브리모니딘타르타르산염)(1회용)",20260102,"(주)이든파마","황색의 투명한 액이 무색 투명한 플라스틱 용기에 든 점안제",01310,"안과용제","전문의약품","[M255020]브리모니딘타르타르산염",20140109,"- 안전성 및 유효성 미확립- 시판 후 조사에서 이 약을 투여 받은 영아에서 무호흡, 서맥, 혼수, 저혈압, 저체온, 근육긴장저하, 기면, 창백, 호흡억제, 졸음이 보고됨","","Brimonidine Tartrate(브리모니딘타르타르산염)",""
"특정연령대금기","단일",D000641,"Brimonidine Tartrate","브리모니딘타르타르산염","","점안용액제",202600549,"옵티알파점안액0.15%(브리모니딘타르타르산염)(1회용)",20260224,"이연제약(주)","황색의 투명한 액이 무색 투명한 플라스틱 용기에 든 점안제",01310,"안과용제","전문의약품","[M255020]브리모니딘타르타르산염",20140109,"- 안전성 및 유효성 미확립- 시판 후 조사에서 이 약을 투여 받은 영아에서 무호흡, 서맥, 혼수, 저혈압, 저체온, 근육긴장저하, 기면, 창백, 호흡억제, 졸음이 보고됨","","Brimonidine Tartrate(브리모니딘타르타르산염)",""
"특정연령대금기","단일",D000641,"Brimonidine Tartrate","브리모니딘타르타르산염","","점안용액제",202600897,"에이간피점안액(브리모니딘타르타르산염)(1회용)",20260330,"아주약품(주)","황색의 투명한 액이 무색 투명한 플라스틱 용기에 든 점안제",01310,"안과용제","전문의약품","[M255020]브리모니딘타르타르산염",20140109,"- 안전성 및 유효성 미확립- 시판 후 조사에서 이 약을 투여 받은 영아에서 무호흡, 서맥, 혼수, 저혈압, 저체온, 근육긴장저하, 기면, 창백, 호흡억제, 졸음이 보고됨","","Brimonidine Tartrate(브리모니딘타르타르산염)",""
"특정연령대금기","단일",D000331,"Butorphanol Tartrate","부토르파놀타르타르산염","","용액주사제",199403306,"부토판주사2밀리그람/밀리리터(부토르파놀타르타르산염)",19941104,"명문제약(주)","무색 투명한 액이 든 갈색 투명한 바이알 또는 앰플",01140,"해열.진통.소염제","전문의약품","[M250986]부토르파놀타르타르산염",20140109,"안전성 및 유효성 미확립","","Butorphanol Tartrate(부토르파놀타르타르산염)",""
"특정연령대금기","단일",D000331,"Butorphanol Tartrate","부토르파놀타르타르산염","","용액주사제",199403308,"부놀주사2밀리그램/밀리리터(부토르파놀타르타르산염)",19941104,"한림제약(주)","무색 투명한 액이 든 갈색 투명한 앰플주사제",01140,"해열.진통.소염제","전문의약품","[M250986]부토르파놀타르타르산염",20140109,"안전성 및 유효성 미확립","","Butorphanol Tartrate(부토르파놀타르타르산염)",""
"특정연령대금기","단일",D000331,"Butorphanol Tartrate","부토르파놀타르타르산염","","용액주사제",199604964,"부토판주사1밀리그람/밀리리터(부토르파놀타르타르산염)",19960117,"명문제약(주)","무색투명한 액이 든 갈색투명한 앰플주사제",01140,"해열.진통.소염제","전문의약품","[M250986]부토르파놀타르타르산염",20140109,"안전성 및 유효성 미확립","","Butorphanol Tartrate(부토르파놀타르타르산염)",""
"특정연령대금기","단일",D000331,"Butorphanol Tartrate","부토르파놀타르타르산염","","용액주사제",201006481,"부토판주사2밀리그램/밀리리터(부토르파놀타르타르산염)(수출용)",20101026,"명문제약(주)","무색투명한 액이 든 갈색투명한 바이알 또는 앰플",01140,"해열.진통.소염제","전문의약품","[M250986]부토르파놀타르타르산염",20140109,"안전성 및 유효성 미확립","","Butorphanol Tartrate(부토르파놀타르타르산염)",""
"특정연령대금기","단일",D000331,"Butorphanol Tartrate","부토르파놀타르타르산염","","용액주사제",201802910,"부놀주사2밀리그램/밀리리터(부토르파놀타르타르산염)(수출용)",20180713,"한림제약(주)","무색 투명한 액이 든 갈색 투명한 앰플주사제",01140,"해열.진통.소염제","전문의약품","[M250986]부토르파놀타르타르산염",20140109,"안전성 및 유효성 미확립","","Butorphanol Tartrate(부토르파놀타르타르산염)",""
"특정연령대금기","단일",D000331,"Butorphanol Tartrate","부토르파놀타르타르산염","","용액주사제",201804134,"부토판주사1밀리그람/밀리리터(부토르파놀타르타르산염)(수출용)",20181019,"명문제약(주)","무색투명한 액이 든 갈색투명한 앰플주사제",01140,"해열.진통.소염제","전문의약품","[M250986]부토르파놀타르타르산염",20140109,"안전성 및 유효성 미확립","","Butorphanol Tartrate(부토르파놀타르타르산염)",""
"특정연령대금기","단일",D000648,"Cefetamet Pivoxil Hydrochloride","세페타메트피복실염산염","","필름코팅정",201201273,"대한뉴팜세페타메트피복실염산염정500밀리그램(수출용)",20120229,"대한뉴팜(주)","백색의 장방형 필름코팅정",06180,"주로 그람양성, 음성균에 작용하는 것","전문의약품","[M243849]세페타메트피복실염산염",20140109,_,"","Cefetamet Pivoxil Hydrochloride(세페타메트피복실염산염)",""
"특정연령대금기","단일",D000647,"Cetirizine Hydrochloride","세티리진염산염","","경구용액제",202107872,"챔프알러논액(세티리진염산염)",20211209,"동아제약(주)","알루미늄 포에 든 딸기향이 있는 연한 노란색의 투명한 액제",01410,"항히스타민제","일반의약품","[M222857]세티리진염산염",20140109,_,"","Cetirizine Hydrochloride(세티리진염산염)",""
"특정연령대금기","단일",D000647,"Cetirizine Hydrochloride","세티리진염산염","","경구용액제",202400028,"러지엔톡액(세티리진염산염)",20240104,"대원바이오텍주식회사","알루미늄 호일 파우치에 든 연한 노란색의 액제",01410,"항히스타민제","일반의약품","[M222857]세티리진염산염",20140109,_,"","Cetirizine Hydrochloride(세티리진염산염)",""
"특정연령대금기","단일",D000647,"Cetirizine Hydrochloride","세티리진염산염","","경구용액제",202400079,"비피알레액(세티리진염산염)",20240110,"(주)텔콘알에프제약","알루미늄 호일 파우치에 들어있는 무색 투명한 포도향이 있는 액제",01410,"항히스타민제","일반의약품","[M222857]세티리진염산염",20140109,_,"","Cetirizine Hydrochloride(세티리진염산염)",""
"특정연령대금기","단일",D000647,"Cetirizine Hydrochloride","세티리진염산염","","경구용액제",202400560,"세노즈이지액(세티리진염산염)",20240318,"한국신텍스제약(주)","알루미늄 포에 든 딸기향이 있는 연한 노란색의 투명한 액제",01410,"항히스타민제","일반의약품","[M222857]세티리진염산염",20140109,_,"","Cetirizine Hydrochloride(세티리진염산염)",""
"특정연령대금기","단일",D000647,"Cetirizine Hydrochloride","세티리진염산염","","경구용액제",202601934,"콜대원러지톡액(세티리진염산염)",20260702,"대원제약(주)","알루미늄 호일 파우치에 든 연한 노란색의 액제",01410,"항히스타민제","일반의약품","[M222857]세티리진염산염",20140109,_,"","Cetirizine Hydrochloride(세티리진염산염)",""
"특정연령대금기","단일",D000293,Dactinomycin,"닥티노마이신","","용액용동결건조분말주사제",202005256,"한국유나이티드닥티노마이신주",20200722,"한국유나이티드제약(주)","황색-밝은 홍색의 동결건조 가루가 든 갈색 바이알",06170,"주로 악성종양에 작용하는 것","전문의약품","[M085416]닥티노마이신",20140109,"영아에 대해 독성이 빈번하게 발생","","Dactinomycin(닥티노마이신)",""
"특정연령대금기","단일",D000090,Diazepam,"디아제팜","","나정",197700525,"대원디아제팜정2밀리그램(수출명:디아잠정2밀리그램)(수출명2:트레즈콘정2밀리그램)",19770512,"대원제약(주)","백색의 원형 정제",01170,"정신신경용제","전문의약품","[M040102]디아제팜",20140109,"안전성 유효성 미확립","","Diazepam(디아제팜)",""
"특정연령대금기","단일",D000090,Diazepam,"디아제팜","","나정",197700535,"삼진디아제팜정2밀리그람",19770914,"삼진제약(주)","백색의 정제",01170,"정신신경용제","전문의약품","[M040102]디아제팜",20140109,"안전성 유효성 미확립","","Diazepam(디아제팜)",""
"특정연령대금기","단일",D000090,Diazepam,"디아제팜","","나정",197700536,"삼진디아제팜정5밀리그람",19770914,"삼진제약(주)","흰색의 팔각형 정제",01170,"정신신경용제","전문의약품","[M040102]디아제팜",20140109,"안전성 유효성 미확립","","Diazepam(디아제팜)",""
"특정연령대금기","단일",D000090,Diazepam,"디아제팜","","나정",198501811,"명인디아제팜정2밀리그램",19850910,"명인제약(주)","백색의 원형정제",01170,"정신신경용제","전문의약품","[M040102]디아제팜",20140109,"안전성 유효성 미확립","","Diazepam(디아제팜)",""
"특정연령대금기","단일",D000090,Diazepam,"디아제팜","","나정",198501812,"명인디아제팜정5밀리그램",19850910,"명인제약(주)","미황색의 원형정제",01170,"정신신경용제","전문의약품","[M040102]디아제팜",20140109,"안전성 유효성 미확립","","Diazepam(디아제팜)",""
"특정연령대금기","단일",D000090,Diazepam,"디아제팜","","나정",198501813,"명인디아제팜정10밀리그램",19850910,"명인제약(주)","청색의 원형 정제",01170,"정신신경용제","전문의약품","[M040102]디아제팜",20140109,"안전성 유효성 미확립","","Diazepam(디아제팜)",""
"특정연령대금기","단일",D000090,Diazepam,"디아제팜","","나정",200700501,"바리움정5밀리그람(디아제팜)",20061228,"지피테라퓨틱스코리아주식회사","미황색의 원형정제",01170,"정신신경용제","전문의약품","[M040102]디아제팜",20140109,"안전성 유효성 미확립","","Diazepam(디아제팜)",""
"특정연령대금기","단일",D000090,Diazepam,"디아제팜","","용액주사제",197900546,"삼진디아제팜주",19790214,"삼진제약(주)","무색 또는 미황색의 액이 든 갈색앰플주사제",01170,"정신신경용제","전문의약품","[M040102]디아제팜",20140109,"(벤질알코올 함유 제품에 한함) 벤질알코올은 조숙아에서 치명적인 가쁜 호흡증상과 연관이 있는 것으로 보고됨","","Diazepam(디아제팜)",""
"특정연령대금기","단일",D000089,"Dicyclomine Hydrochloride","디시클로민염산염","","경질캡슐제, 산제",197900411,"스파토민캡슐(디시클로민염산염)",19790224,"조아제약(주)","흰색의 분말이 든 상·하 미황색의 경질캡슐제",01240,"진경제","일반의약품","[M256709]디시클로민염산염",20140109,"안전성 및 유효성 미확립","","Dicyclomine Hydrochloride(디시클로민염산염)",20210910
"특정연령대금기","단일",D000296,"Doxylamine Succinate","독시라민석시네이트","","나정",198601284,"아졸정(독시라민석시네이트)",19861110,"알파제약(주)","연한 청색의 타원형정제이다.",01120,"최면진정제","일반의약품","[M226319]독시라민석시네이트",20140109,"소아에 항히스타민제 투여 시 paradoxical excitation 유발 가능","","Doxylamine Succinate(독시라민석시네이트)",20101119
"특정연령대금기","단일",D000296,"Doxylamine Succinate","독시라민숙신산염","","나정",198701478,"자비론정(독시라민숙신산염)",19870209,"(주)씨엠지제약","흰색의 타원형 정제",01120,"최면진정제","일반의약품","[M250452]독시라민숙신산염",20140109,"소아에 항히스타민제 투여 시 paradoxical excitation 유발 가능","","Doxylamine Succinate(독시라민숙신산염)",20130702
"특정연령대금기","단일",D000296,"Doxylamine Succinate","독시라민숙신산염","","나정",198802479,"스메르정(독시라민숙신산염)",19881022,"지엘파마(주)","흰색의 타원형 정제",01120,"최면진정제","일반의약품","[M250452]독시라민숙신산염",20140109,"소아에 항히스타민제 투여 시 paradoxical excitation 유발 가능","","Doxylamine Succinate(독시라민숙신산염)",20200914
"특정연령대금기","단일",D000503,"Doxycycline Hyclate Hydrate","독시사이클린하이클레이트수화물","","경질캡슐제, 산제",198000105,"국제독시사이클린하이클레이트수화물캡슐100밀리그램",19800827,"국제약품(주)","황색 분말이 들어있는 상-흑색, 하-백색의 경질캅셀제",06150,"주로 그람양성, 음성균, 리케치아, 비루스에 작용하는 것","전문의약품","[M222960]독시사이클린하이클레이트수화물",20140109,"소아 등 (특히 치아 형성기인 12세 미만의 소아)에 투여 시, 치아의 착색？법랑질 형성 부전, 또는 일과성 골발육 부전을 일으킬 수 있음","다만, 다른 약을 사용할 수 없거나 효과가 없는 경우에만 8세 이상 신중투여","Doxycycline Hyclate Hydrate(독시사이클린하이클레이트수화물)",20251211
"특정연령대금기","단일",D000503,"Doxycycline Hyclate Hydrate","독시사이클린하이클레이트수화물","","필름코팅정",198300718,"모노신정(독시사이클린하이클레이트수화물)",19830118,"고려제약(주)","적황색 장방형의 필름코팅한 정제이다.",06150,"주로 그람양성, 음성균, 리케치아, 비루스에 작용하는 것","전문의약품","[M222960]독시사이클린하이클레이트수화물",20140109,"소아 등 (특히 치아 형성기인 12세 미만의 소아)에 투여 시, 치아의 착색？법랑질 형성 부전, 또는 일과성 골발육 부전을 일으킬 수 있음","다만, 다른 약을 사용할 수 없거나 효과가 없는 경우에만 8세 이상 신중투여","Doxycycline Hyclate Hydrate(독시사이클린하이클레이트수화물)",20251211
"특정연령대금기","단일",D000296,"Doxylamine Succinate","독시라민숙신산염","","필름코팅정",198900711,"아론정(독시라민숙신산염)",19890605,"알리코제약(주)","흰색의 타원형 필름코팅정",01120,"최면진정제","일반의약품","[M250452]독시라민숙신산염",20140109,"소아에 항히스타민제 투여 시 paradoxical excitation 유발 가능","","Doxylamine Succinate(독시라민숙신산염)",20201027
"특정연령대금기","단일",D000503,"Doxycycline Hyclate","독시사이클린하이클레이트","","경질캡슐제, 산제",199101245,"동구독시사이클린하이클레이트캡슐(수출용)(수출명:NEUTROCYN Capsule 100mg,뉴트로신캡슐100mg)",19910830,"(주)동구바이오제약","황색 분말을 함유하는 상부 흑색, 하부 유백색의 경질캅셀",06150,"주로 그람양성, 음성균, 리케치아, 비루스에 작용하는 것","전문의약품","[M020027]독시사이클린하이클레이트",20140109,"소아 등 (특히 치아 형성기인 12세 미만의 소아)에 투여 시, 치아의 착색？법랑질 형성 부전, 또는 일과성 골발육 부전을 일으킬 수 있음","다만, 다른 약을 사용할 수 없거나 효과가 없는 경우에만 8세 이상 신중투여","Doxycycline Hyclate(독시사이클린하이클레이트)",20251211
"특정연령대금기","단일",D000296,"Doxylamine Succinate","독시라민숙신산염","","나정",199102275,"포린피아정(독시라민숙신산염)",19910509,"(주)한국파비스제약","연청색의 타원형 정제",01120,"최면진정제","일반의약품","[M250452]독시라민숙신산염",20140109,"소아에 항히스타민제 투여 시 paradoxical excitation 유발 가능","","Doxylamine Succinate(독시라민숙신산염)",20200721
"특정연령대금기","단일",D000534,Balofloxacin,"발로플록사신","","필름코팅정",199300319,"큐록신정100밀리그램(발로플록사신)",19930506,"제이더블유중외제약(주)","원형의 백색의 필름코팅정",06290,"기타의 화학요법제","전문의약품","[M081620]발로플록사신",20141104,"- 안전성 및 유효성 미확립- 다른 퀴놀론계 항균제는 몇몇 어린 동물종에서 관절병증, 뼈연골증을 유발함","","Balofloxacin(발로플록사신)",20220327
"특정연령대금기","단일",D000503,"Doxycycline Hyclate","독시사이클린하이클레이트","","필름코팅정",199500012,"신풍독시사이클린하이클레이트정100밀리그람(수출용)",19950404,"신풍제약(주)","황색의 원형필름코팅 정제이다.",06150,"주로 그람양성, 음성균, 리케치아, 비루스에 작용하는 것","전문의약품","[M020027]독시사이클린하이클레이트",20140109,"소아 등 (특히 치아 형성기인 12세 미만의 소아)에 투여 시, 치아의 착색？법랑질 형성 부전, 또는 일과성 골발육 부전을 일으킬 수 있음","다만, 다른 약을 사용할 수 없거나 효과가 없는 경우에만 8세 이상 신중투여","Doxycycline Hyclate(독시사이클린하이클레이트)",20251211
"특정연령대금기","단일",D000503,"Doxycycline Hydrate","독시사이클린수화물","","나정",199502147,"영풍독시사이클린정100밀리그램",19951020,"영풍제약(주)","황색 원형의 정제",06150,"주로 그람양성, 음성균, 리케치아, 비루스에 작용하는 것","전문의약품","[M222836]독시사이클린수화물",20140109,"소아 등 (특히 치아 형성기인 12세 미만의 소아)에 투여 시, 치아의 착색？법랑질 형성 부전, 또는 일과성 골발육 부전을 일으킬 수 있음","다만, 다른 약을 사용할 수 없거나 효과가 없는 경우에만 8세 이상 신중투여","Doxycycline Hydrate(독시사이클린수화물)",20251211
"특정연령대금기","단일",D000503,"Doxycycline Hydrate","독시사이클린수화물","","경질캡슐제, 산제",199602155,"신일모노독시엠캡슐(독시사이클린수화물)",19960822,"신일제약(주)","미황색의 분말이 충진된 상·하부 초록색의 캡슐제",06150,"주로 그람양성, 음성균, 리케치아, 비루스에 작용하는 것","전문의약품","[M222836]독시사이클린수화물",20140109,"소아 등 (특히 치아 형성기인 12세 미만의 소아)에 투여 시, 치아의 착색？법랑질 형성 부전, 또는 일과성 골발육 부전을 일으킬 수 있음","다만, 다른 약을 사용할 수 없거나 효과가 없는 경우에만 8세 이상 신중투여","Doxycycline Hydrate(독시사이클린수화물)",20251211
"특정연령대금기","단일",D000503,"Doxycycline Hydrate","독시사이클린수화물","","나정",199605129,"도크린정(독시사이클린)(수출용)",19960801,"대한뉴팜(주)","연두색의 원형정제",06150,"주로 그람양성, 음성균, 리케치아, 비루스에 작용하는 것","전문의약품","[M222836]독시사이클린수화물",20140109,"소아 등 (특히 치아 형성기인 12세 미만의 소아)에 투여 시, 치아의 착색？법랑질 형성 부전, 또는 일과성 골발육 부전을 일으킬 수 있음","다만, 다른 약을 사용할 수 없거나 효과가 없는 경우에만 8세 이상 신중투여","Doxycycline Hydrate(독시사이클린수화물)",20251211
"특정연령대금기","복합",D000576,"Monobasic Sodium Phosphate","인산이수소나트륨","[D000764]Sodium Phosphate Dibasic Dihydrate(인산일수소나트륨)","관장제",199702005,"렉크린액(인산나트륨에네마)",19971128,"하이플생명과학(주)","무색의 투명한 액제",02380,"하제, 완장제","일반의약품","[M051286]인산이수소나트륨/[M040513]인산일수소나트륨",20150423,"신장 및 심장에 심각한 손상 가능성 보고(FDA 안전성 정보 (FDA Drug Safety Communication)(‘14.1.8) )","","Monobasic Sodium Phosphate(인산이수소나트륨)",20181015
"특정연령대금기","단일",D000503,"Doxycycline Hyclate Hydrate","독시사이클린하이클레이트수화물","","경질캡슐제, 산제",199702954,"휴온스독시사이클린하이클레이트캡슐100mg(수출명:독시메디코캡슐,테라독신캡슐,DOXYCYCLINE-ASTERIA 100mg Cap.)(수출용)",19970212,"(주)휴온스","(수출용1)  황색의 분말이 들어있는 상부 : 하늘색, 하부 : 백색의 경질캡슐(수출용2)  황색의 분말이 들어있는 상부 : 녹색, 하부 : 백색의 경질캡슐",06150,"주로 그람양성, 음성균, 리케치아, 비루스에 작용하는 것","전문의약품","[M222960]독시사이클린하이클레이트수화물/[M222960]독시사이클린하이클레이트수화물",20140109,"소아 등 (특히 치아 형성기인 12세 미만의 소아)에 투여 시, 치아의 착색？법랑질 형성 부전, 또는 일과성 골발육 부전을 일으킬 수 있음","다만, 다른 약을 사용할 수 없거나 효과가 없는 경우에만 8세 이상 신중투여","Doxycycline Hyclate Hydrate(독시사이클린하이클레이트수화물)",20251211
"특정연령대금기","단일",D000503,"Doxycycline Hyclate Hydrate","독시사이클린하이클레이트수화물","","경질캡슐제, 산제",199703391,"코러스독시사이클린캡슐(독시사이클린하이클레이트)(수출용)",19970114,"한국코러스(주)","황색분말을 함유하는 상부 하늘색,하부 백색의 경질 캡슐제",06150,"주로 그람양성, 음성균, 리케치아, 비루스에 작용하는 것","전문의약품","[M222960]독시사이클린하이클레이트수화물",20140109,"소아 등 (특히 치아 형성기인 12세 미만의 소아)에 투여 시, 치아의 착색？법랑질 형성 부전, 또는 일과성 골발육 부전을 일으킬 수 있음","다만, 다른 약을 사용할 수 없거나 효과가 없는 경우에만 8세 이상 신중투여","Doxycycline Hyclate Hydrate(독시사이클린하이클레이트수화물)",20251211
"특정연령대금기","단일",D000430,"Moxifloxacin Hydrochloride","목시플록사신염산염","","필름코팅정",199906848,"아벨록스정400밀리그람(목시플록사신염산염)",19991118,"바이엘코리아(주)","진한 분홍색의 장방형 필름코팅정",06290,"기타의 화학요법제","전문의약품","[M247915]목시플록사신염산염",20141104,"안전성 및 유효성 미확립","","Moxifloxacin Hydrochloride(목시플록사신염산염)",20260323
"특정연령대금기","단일",D000088,"Doxazosin Mesylate","독사조신메실산염","","나정",200000932,"카딜정2밀리그램(독사조신메실산염)",20000529,"(주)바이넥스","백색의 장방형 정제.",02140,"혈압강하제","전문의약품","[M252421]독사조신메실산염/[M252421]독사조신메실산염",20140109,"안전성 및 유효성 미확립","","Doxazosin Mesylate(독사조신메실산염)",20190709
"특정연령대금기","단일",D000503,"Doxycycline Hyclate Hydrate","독시사이클린하이클레이트수화물","","경질캡슐제, 산제",200002882,"덴티스타캡슐(독시사이클린하이클레이트수화물)",20000512,"하나제약(주)","미황색의 분말이 충진된 상.하부 백색의 캅셀.",02310,"치과구강용약","전문의약품","[M222960]독시사이클린하이클레이트수화물",20140109,"소아 등 (특히 치아 형성기인 12세 미만의 소아)에 투여 시, 치아의 착색？법랑질 형성 부전, 또는 일과성 골발육 부전을 일으킬 수 있음","다만, 다른 약을 사용할 수 없거나 효과가 없는 경우에만 8세 이상 신중투여","Doxycycline Hyclate Hydrate(독시사이클린하이클레이트수화물)",20251211
"특정연령대금기","단일",D000089,"Dicyclomine Hydrochloride","디시클로민염산염","","필름코팅정",200003011,"이지정(디시클로민염산염)",20001026,"신일제약(주)","하늘색의 장방형 필름코팅정제",01240,"진경제","일반의약품","[M256709]디시클로민염산염",20140109,"안전성 및 유효성 미확립","","Dicyclomine Hydrochloride(디시클로민염산염)",20210910
"특정연령대금기","단일",D000598,"6Beta-Iodomethyl-19-Norcholest-5 (10)-EN-3Beta-ol (131I)","6β-요오드메칠-19-노르-코레스트-5(10)-엔3β-올(131 I)","","용액주사제",200008922,"아도스테롤(131I)주사액(요오디네이티트(131I)노르콜레스테롤)",20001101,"새한산업","방사선을 안전하게 차폐할 수 있는 저장상자에 들어 있으며, 무색투명한 바이알에든 무색 투명한 액이다.",04310,"방사성 의약품","전문의약품","[M093573]6β-요오드메칠-19-노르-코레스트-5(10)-엔3β-올(131 I)",20140109,"- 안전성 및 유효성 미확립- 18세 미만의 환자에는 성선(性腺), 특히 난소에의 피폭이 많으므로 투여하지 않는 것이 원칙임","","6Beta-Iodomethyl-19-Norcholest-5 (10)-EN-3Beta-ol (131I)(6β-요오드메칠-19-노르-코레스트-5(10)-엔3β-올(131 I))",20200411
"특정연령대금기","복합",D000489,Thiocolchicoside,"치오콜치코시드","[D000232]Aescin(에스신)","필름코팅정",200201173,"치오에스정(수출용)",20021121,"(주)동구바이오제약","황갈색의 원형 필름 코팅정",01220,"골격근이완제","전문의약품","[M095614]치오콜치코시드/[M080565]무정형에스신",20141104,"염색체 이수성(염색체 수 또는 배열이상) 초래 가능성 보고(식약처 안전성서한2013-11-27)","","Thiocolchicoside(치오콜치코시드)",20140720
"특정연령대금기","단일",D000170,"Gemifloxacin Mesylate","제미플록사신메실산염","","필름코팅정",200202740,"팩티브정320밀리그램(제미플록사신메실산염)",20021227,"(주)엘지화학","흰색 또는 거의 흰색의 타원형 필름코팅정",06290,"기타의 화학요법제","전문의약품","[M266291]제미플록사신메실산염",20140109,"- 안전성 및 유효성 미확립- 퀴놀론계 항균제는 몇몇 어린 동물종에서 관절병증, 뼈연골증을 유발","","Gemifloxacin Mesylate(제미플록사신메실산염)",20220327
"특정연령대금기","단일",D000430,"Moxifloxacin Hydrochloride","목시플록사신염산염","","용액주사제",200209450,"아벨록스주400밀리그람(목시플록사신염산염)(병)",20021116,"바이엘코리아(주)","노란색의 투명한 용액이 무색투명한 병에 들어 있는 주사제",06290,"기타의 화학요법제","전문의약품","[M247915]목시플록사신염산염",20141104,"안전성 및 유효성 미확립","","Moxifloxacin Hydrochloride(목시플록사신염산염)",20260323
"특정연령대금기","단일",D000638,"Venlafaxine Hydrochloride","벤라팍신염산염","","서방성캡슐제, 펠렛",200308353,"이팩사엑스알서방캡슐75밀리그램",20031121,"비아트리스코리아(주)","구상의 백색-회백색의 과립이 들어있는 상,하의 복숭아색의 서방성 캡슐",01170,"정신신경용제","전문의약품","[M241528]벤라팍신염산염",20140109,"- 안전성 및 유효성 미확립- 소아 임상 시험에서 자살생각(suicidal ideation)의 이상반응이 관찰됨. 적개심 및 특히 주요 우울 장애의 경우, 자해(self-harm)의 보고 증가","","Venlafaxine Hydrochloride(벤라팍신염산염)",20220907
"특정연령대금기","단일",D000638,"Venlafaxine Hydrochloride","벤라팍신염산염","","서방성캡슐제, 펠렛",200308354,"이팩사엑스알서방캡슐37.5밀리그램",20031121,"비아트리스코리아(주)","구상의 백색-회백색의 과립이 들어있는 상의 연회색,하의 복숭아색의 서방성 캡슐",01170,"정신신경용제","전문의약품","[M241528]벤라팍신염산염",20140109,"- 안전성 및 유효성 미확립- 소아 임상 시험에서 자살생각(suicidal ideation)의 이상반응이 관찰됨. 적개심 및 특히 주요 우울 장애의 경우, 자해(self-harm)의 보고 증가","","Venlafaxine Hydrochloride(벤라팍신염산염)",20220907
"특정연령대금기","단일",D000065,Topiramate,"토피라메이트","","필름코팅정",200400323,"토파메드정100밀리그램(토피라메이트)",20041206,"일동제약(주)","연한 황색의 원형필름코팅정제",01130,"항전간제","전문의약품","[M087104]토피라메이트",20140109,"안전성 및 유효성 미확립","","Topiramate(토피라메이트)",20230901
"특정연령대금기","단일",D000065,Topiramate,"토피라메이트","","필름코팅정",200401252,"토파메이트정100밀리그램(토피라메이트)",20040728,"명인제약(주)","황색의 원형 필름코팅정제",01130,"항전간제","전문의약품","[M087104]토피라메이트",20140109,"안전성 및 유효성 미확립","","Topiramate(토피라메이트)",20230901
"특정연령대금기","단일",D000489,Thiocolchicoside,"티오콜키코시드","","경질캡슐제, 산제",200401613,"무코나캡슐(티오콜키코시드)(수출용)",20040416,"한국유니온제약(주)","황색의 결정성 가루가 들어있는 상, 하 흰색의 경질캡슐",01220,"골격근이완제","전문의약품","[M251172]티오콜키코시드",20141104,"염색체 이수성(염색체 수 또는 배열이상) 초래 가능성 보고(식약처 안전성서한2013-11-27)","","Thiocolchicoside(티오콜키코시드)",20200420
"특정연령대금기","단일",D000088,"Doxazosin Mesylate","독사조신메실산염","","나정",200402566,"카조라정2mg(독사조신메실산염)",20041111,"미래바이오제약(주)","백색의 장방형 정제",02140,"혈압강하제","전문의약품","[M252421]독사조신메실산염/[M252421]독사조신메실산염",20140109,"안전성 및 유효성 미확립","","Doxazosin Mesylate(독사조신메실산염)",20130422
"특정연령대금기","단일",D000088,"Doxazosin Mesylate","독사조신메실산염","","나정",200402698,"독시카민정(독사조신메실산염)",20041125,"(주)한국파비스제약","백색의 장방형 정제",02140,"혈압강하제","전문의약품","[M252421]독사조신메실산염",20140109,"안전성 및 유효성 미확립","","Doxazosin Mesylate(독사조신메실산염)",20210429
"특정연령대금기","단일",D000088,"Doxazosin Mesylate","독사조신메실산염","","나정",200402842,"위더스독사조신메실산염정2밀리그램",20040823,"위더스제약(주)","내수용 : 백색의 장방형 정제수출용 : 흰색의 장방형 정제",02140,"혈압강하제","전문의약품","[M252421]독사조신메실산염/[M252421]독사조신메실산염",20140109,"안전성 및 유효성 미확립","","Doxazosin Mesylate(독사조신메실산염)",20210512
"특정연령대금기","단일",D000065,Topiramate,"토피라메이트","","필름코팅정",200403319,"토팜정(토피라메이트)",20041101,"알보젠코리아(주)","황색의 원형필름코팅정제",01130,"항전간제","전문의약품","[M087104]토피라메이트",20140109,"안전성 및 유효성 미확립","","Topiramate(토피라메이트)",20230901
"특정연령대금기","단일",D000088,"Doxazosin Mesylate","독사조신메실산염","","나정",200404719,"제뉴원독사조신메실산염정2밀리그램",20040626,"주식회사제뉴원사이언스","흰색의 장방형 정제",02140,"혈압강하제","전문의약품","[M252421]독사조신메실산염",20140109,"안전성 및 유효성 미확립","","Doxazosin Mesylate(독사조신메실산염)",20210118
"특정연령대금기","단일",D000610,Dutasteride,"두타스테리드","","연질캡슐제, 액상",200409982,"아보다트연질캡슐0.5밀리그램(두타스테리드)",20040423,"(주)글락소스미스클라인","투명하고 균일한 액이 든 미황색의 장방형 연질캡슐",02590,"기타의 비뇨생식기관 및 항문용약","전문의약품","[M102694]두타스테리드",20140109,"안전성 및 유효성 미확립","","Dutasteride(두타스테리드)",20170104
"특정연령대금기","단일",D000569,Udenafil,"유데나필","","필름코팅정",200500257,"자이데나정200밀리그램(유데나필)",20051129,"동아에스티(주)","이 약은 연주황색의 타원형 필름코팅정이다",02590,"기타의 비뇨생식기관 및 항문용약","전문의약품","[M102602]유데나필",20140109,_,"","Udenafil(유데나필)",20160407
"특정연령대금기","단일",D000569,Udenafil,"유데나필","","필름코팅정",200500258,"자이데나정100밀리그램(유데나필)",20051129,"동아에스티(주)","이 약은 연주황색의 타원형 필름코팅정이다",02590,"기타의 비뇨생식기관 및 항문용약","전문의약품","[M102602]유데나필",20140109,_,"","Udenafil(유데나필)",20160407
"특정연령대금기","단일",D000638,"Venlafaxine Hydrochloride","벤라팍신염산염","","서방성캡슐제, 펠렛",200500587,"베넥사엑스알서방캡슐75밀리그램(벤라팍신염산염)",20051031,"한림제약(주)","백색-회백색의 구상 과립이 들어있는 상 하의 복숭아색의 캡슐",01170,"정신신경용제","전문의약품","[M241528]벤라팍신염산염",20140109,"- 안전성 및 유효성 미확립- 소아 임상 시험에서 자살생각(suicidal ideation)의 이상반응이 관찰됨. 적개심 및 특히 주요 우울 장애의 경우, 자해(self-harm)의 보고 증가","","Venlafaxine Hydrochloride(벤라팍신염산염)",20220907
"특정연령대금기","단일",D000065,Topiramate,"토피라메이트","","필름코팅정",200500686,"토라맥정(토피라메이트)",20050131,"(주)팜젠사이언스","황색의 원형필름코팅정제",01130,"항전간제","전문의약품","[M087104]토피라메이트",20140109,"안전성 및 유효성 미확립","","Topiramate(토피라메이트)",20230901
"특정연령대금기","단일",D000065,Topiramate,"토피라메이트","","필름코팅정",200501162,"토파메이트정25밀리그램(토피라메이트)",20050727,"명인제약(주)","백색의 원형 필름코팅정제",01130,"항전간제","전문의약품","[M087104]토피라메이트",20140109,"안전성 및 유효성 미확립","","Topiramate(토피라메이트)",20230901
"특정연령대금기","단일",D000065,Topiramate,"토피라메이트","","필름코팅정",200501237,"토피라트정100밀리그램(토피라메이트)",20050323,"환인제약(주)","황색의 원형 필름코팅정제",01130,"항전간제","전문의약품","[M087104]토피라메이트",20140109,"안전성 및 유효성 미확립","","Topiramate(토피라메이트)",20230901
"특정연령대금기","단일",D000589,"Tosufloxacine Tosilate Hydrate","토수플록사신토실산염수화물","","필름코팅정",200501778,"오젝스정(토수플록사신토실산염수화물)",20051206,"에스케이케미칼(주)","흰색의 원형 필름코팅정",06290,"기타의 화학요법제","전문의약품","[M252750]토수플록사신토실산염수화물",20141104,"안전성 및 유효성 미확립","","Tosufloxacine Tosilate Hydrate(토수플록사신토실산염수화물)",20220327
"특정연령대금기","단일",D000503,"Doxycycline Hyclate","독시사이클린하이클레이트","","경질캡슐제, 산제",200501463,"독시클렌캡슐(독시사이클린하이클레이트)(수출용)",20050321,"한국유니온제약(주)","황색의 분말이 들어있는 상부 하늘색, 하부 흰색의 경질캡슐",06150,"주로 그람양성, 음성균, 리케치아, 비루스에 작용하는 것","전문의약품","[M020027]독시사이클린하이클레이트",20140109,"소아 등 (특히 치아 형성기인 12세 미만의 소아)에 투여 시, 치아의 착색？법랑질 형성 부전, 또는 일과성 골발육 부전을 일으킬 수 있음","다만, 다른 약을 사용할 수 없거나 효과가 없는 경우에만 8세 이상 신중투여","Doxycycline Hyclate(독시사이클린하이클레이트)",20251211
"특정연령대금기","단일",D000065,Topiramate,"토피라메이트","","필름코팅정",200502186,"토피라정100밀리그램(토피라메이트)",20050705,"한미약품(주)","노란색의 원형 필름코팅정제",01130,"항전간제","전문의약품","[M087104]토피라메이트",20140109,"안전성 및 유효성 미확립","","Topiramate(토피라메이트)",20230901
"특정연령대금기","단일",D000065,Topiramate,"토피라메이트","","필름코팅정",200502654,"토파민정(토피라메이트)",20050504,"명문제약(주)","황색의 원형 필름코팅정",01130,"항전간제","전문의약품","[M087104]토피라메이트",20140109,"안전성 및 유효성 미확립","","Topiramate(토피라메이트)",20230901
"특정연령대금기","단일",D000065,Topiramate,"토피라메이트","","필름코팅정",200502744,"토팜정25밀리그람(토피라메이트)",20051129,"알보젠코리아(주)","연한 녹색의 원형 필름코팅정제",01130,"항전간제","전문의약품","[M087104]토피라메이트",20140109,"안전성 및 유효성 미확립","","Topiramate(토피라메이트)",20230901
"특정연령대금기","단일",D000065,Topiramate,"토피라메이트","","필름코팅정",200502866,"토피론정100밀리그램(토피라메이트)",20050131,"한림제약(주)","황색의 원형필름코팅정제",01130,"항전간제","전문의약품","[M087104]토피라메이트",20140109,"안전성 및 유효성 미확립","","Topiramate(토피라메이트)",20230901
"특정연령대금기","단일",D000065,Topiramate,"토피라메이트","","필름코팅정",200502902,"토피론정25밀리그램(토피라메이트)",20051212,"한림제약(주)","흰색의 원형 필름코팅 정제",01130,"항전간제","전문의약품","[M087104]토피라메이트",20140109,"안전성 및 유효성 미확립","","Topiramate(토피라메이트)",20230901
"특정연령대금기","단일",D000065,Topiramate,"토피라메이트","","필름코팅정",200503065,"유니토파정(토피라메이트)",20050323,"유니메드제약(주)","황색의 원형 필름코팅정",01130,"항전간제","전문의약품","[M087104]토피라메이트",20140109,"안전성 및 유효성 미확립","","Topiramate(토피라메이트)",20230901
"특정연령대금기","단일",D000065,Topiramate,"토피라메이트","","필름코팅정",200512313,"토프람정100mg(토피라메이트)(수출용)",20050629,"(주)동구바이오제약","황색의 원형 필름코팅정",01130,"항전간제","전문의약품","[M087104]토피라메이트",20140109,"안전성 및 유효성 미확립","","Topiramate(토피라메이트)",20230901
"특정연령대금기","단일",D000065,Topiramate,"토피라메이트","","필름코팅정",200600081,"토파메드정25밀리그램(토피라메이트)",20060227,"일동제약(주)","백색의 원형 필름코팅정제",01130,"항전간제","전문의약품","[M087104]토피라메이트",20140109,"안전성 및 유효성 미확립","","Topiramate(토피라메이트)",20230901
"특정연령대금기","단일",D000065,Topiramate,"토피라메이트","","필름코팅정",200600543,"세티정(토피라메이트)",20060202,"(주)휴온스","황색의 원형 필름코팅정",01130,"항전간제","전문의약품","[M087104]토피라메이트",20140109,"안전성 및 유효성 미확립","","Topiramate(토피라메이트)",20230901
"특정연령대금기","단일",D000065,Topiramate,"토피라메이트","","필름코팅정",200604212,"토파씬정25밀리그램(토피라메이트)",20060523,"(주)바이넥스","황색의 원형 필름코팅 정제",01130,"항전간제","전문의약품","[M087104]토피라메이트",20140109,"안전성 및 유효성 미확립","","Topiramate(토피라메이트)",20230901
"특정연령대금기","단일",D000065,Topiramate,"토피라메이트","","필름코팅정",200604258,"토피라맥스정25mg(토피라메이트)",20060526,"(주)셀릭스","황색의 원형 필름코팅정",01130,"항전간제","전문의약품","[M087104]토피라메이트",20140109,"안전성 및 유효성 미확립","","Topiramate(토피라메이트)",20230901
"특정연령대금기","단일",D000065,Topiramate,"토피라메이트","","필름코팅정",200604323,"토파민정25밀리그람(토피라메이트)",20060529,"명문제약(주)","흰색의 원형 필름코팅정제",01130,"항전간제","전문의약품","[M087104]토피라메이트",20140109,"안전성 및 유효성 미확립","","Topiramate(토피라메이트)",20230901
"특정연령대금기","단일",D000065,Topiramate,"토피라메이트","","필름코팅정",200605410,"토피라트정25밀리그램(토피라메이트)",20060622,"환인제약(주)","백색의 원형 필름코팅정제",01130,"항전간제","전문의약품","[M087104]토피라메이트",20140109,"안전성 및 유효성 미확립","","Topiramate(토피라메이트)",20230901
"특정연령대금기","단일",D000065,Topiramate,"토피라메이트","","필름코팅정",200605461,"토펙스정100밀리그람(토피라메이트)(수출용)",20060208,"구주제약(주)","황색의 원형 필름코팅정",01130,"항전간제","전문의약품","[M087104]토피라메이트",20140109,"안전성 및 유효성 미확립","","Topiramate(토피라메이트)",20230901
"특정연령대금기","단일",D000065,Topiramate,"토피라메이트","","필름코팅정",200605499,"유니토파정25밀리그람(토피라메이트)",20060602,"유니메드제약(주)","흰색의 원형필름코팅정제",01130,"항전간제","전문의약품","[M087104]토피라메이트",20140109,"안전성 및 유효성 미확립","","Topiramate(토피라메이트)",20230901
"특정연령대금기","단일",D000668,"Ibandronate Sodium Monohydrate","이반드론산나트륨일수화물","","필름코팅정",200607634,"본비바정150밀리그램(이반드론산나트륨일수화물)",20060731,"제일약품(주)","백색 내지 거의 백색의 장방형 필름코팅정",03990,"따로 분류되지 않는 대사성 의약품","전문의약품","[M102556]이반드론산나트륨일수화물",20140109,"안전성 및 유효성 미확립","","Ibandronate Sodium Monohydrate(이반드론산나트륨일수화물)",20250930
"특정연령대금기","단일",D000065,Topiramate,"토피라메이트","","필름코팅정",200608166,"토피라정25밀리그램(토피라메이트)",20060628,"한미약품(주)","흰색의 원형 필름코팅정제",01130,"항전간제","전문의약품","[M087104]토피라메이트",20140109,"안전성 및 유효성 미확립","","Topiramate(토피라메이트)",20230901
"특정연령대금기","단일",D000065,Topiramate,"토피라메이트","","필름코팅정",200608183,"토피리드정25밀리그램(토피라메이트)",20060526,"광동제약(주)","황색의 원형 필름코팅정제",01130,"항전간제","전문의약품","[M087104]토피라메이트",20140109,"안전성 및 유효성 미확립","","Topiramate(토피라메이트)",20230901
"특정연령대금기","단일",D000065,Topiramate,"토피라메이트","","필름코팅정",200608240,"세티정25밀리그람(토피라메이트)",20061013,"(주)휴온스","흰색의 원형 필름코팅정제",01130,"항전간제","전문의약품","[M087104]토피라메이트",20140109,"안전성 및 유효성 미확립","","Topiramate(토피라메이트)",20230901
"특정연령대금기","단일",D000668,"Ibandronate Sodium Monohydrate","이반드론산나트륨일수화물","","용액주사제",200611518,"본비바주(이반드론산나트륨일수화물)",20061123,"제일약품(주)","무색투명한 용액이 충전된 프리필드시린지로서 1회용 주사침이 첨부되어있다.",03990,"따로 분류되지 않는 대사성 의약품","전문의약품","[M102556]이반드론산나트륨일수화물",20140109,"안전성 및 유효성 미확립","","Ibandronate Sodium Monohydrate(이반드론산나트륨일수화물)",20250930
"특정연령대금기","단일",D000638,"Venlafaxine Hydrochloride Extended-Release Granules","벤라팍신염산염서방성과립","","서방성캡슐제, 펠렛",200701823,"파마벤라팍신서방캡슐75밀리그램(벤라팍신염산염)",20070209,"(주)한국파마","구상의 흰색～회백색의 과립이 들어 있는 상, 하 연한 분홍색의 캡슐제",01170,"정신신경용제","전문의약품","[M241640]벤라팍신염산염서방성과립",20140109,"- 안전성 및 유효성 미확립- 소아 임상 시험에서 자살생각(suicidal ideation)의 이상반응이 관찰됨. 적개심 및 특히 주요 우울 장애의 경우, 자해(self-harm)의 보고 증가","","Venlafaxine Hydrochloride Extended-Release Granules(벤라팍신염산염서방성과립)",20220907
"특정연령대금기","단일",D000638,"Venlafaxine Hydrochloride Extended-Release Granules","벤라팍신염산염서방성과립","","서방성캡슐제, 펠렛",200701826,"벤팍신서방캡슐75밀리그램(벤라팍신염산염)",20070209,"영진약품(주)","백색~회백색의 과립이 들어 있는 상, 하 살구색의 캡슐제",01170,"정신신경용제","전문의약품","[M241640]벤라팍신염산염서방성과립",20140109,"- 안전성 및 유효성 미확립- 소아 임상 시험에서 자살생각(suicidal ideation)의 이상반응이 관찰됨. 적개심 및 특히 주요 우울 장애의 경우, 자해(self-harm)의 보고 증가","","Venlafaxine Hydrochloride Extended-Release Granules(벤라팍신염산염서방성과립)",20220907
"특정연령대금기","단일",D000638,"Venlafaxine Hydrochloride Extended-Release Granules","벤라팍신염산염서방성과립","","서방성캡슐제, 펠렛",200701830,"베라칸서방캡슐75밀리그램(벤라팍신염산염)",20070209,"대웅바이오(주)","백색~회백색의 과립이 들어 있는 상, 하 분홍색의 캡슐제",01170,"정신신경용제","전문의약품","[M241640]벤라팍신염산염서방성과립",20140109,"- 안전성 및 유효성 미확립- 소아 임상 시험에서 자살생각(suicidal ideation)의 이상반응이 관찰됨. 적개심 및 특히 주요 우울 장애의 경우, 자해(self-harm)의 보고 증가","","Venlafaxine Hydrochloride Extended-Release Granules(벤라팍신염산염서방성과립)",20220907
"특정연령대금기","단일",D000638,"Venlafaxine Hydrochloride Extended-Release Granules","벤라팍신염산염서방성과립","","서방성캡슐제, 펠렛",200701831,"벤라팩트서방캡슐(벤라팍신염산염)",20070209,"삼천당제약(주)","구상의 흰색~회백색의 과립이 들어 있는 상, 하 분홍색의 캡슐제",01170,"정신신경용제","전문의약품","[M241640]벤라팍신염산염서방성과립",20140109,"- 안전성 및 유효성 미확립- 소아 임상 시험에서 자살생각(suicidal ideation)의 이상반응이 관찰됨. 적개심 및 특히 주요 우울 장애의 경우, 자해(self-harm)의 보고 증가","","Venlafaxine Hydrochloride Extended-Release Granules(벤라팍신염산염서방성과립)",20220907
"특정연령대금기","단일",D000065,Topiramate,"토피라메이트","","필름코팅정",200702019,"토핀정100밀리그램(토피라메이트)",20070215,"태극제약(주)","연한 노란색의 원형 필름코팅정",01130,"항전간제","전문의약품","[M087104]토피라메이트",20140109,"안전성 및 유효성 미확립","","Topiramate(토피라메이트)",20230901
"특정연령대금기","단일",D000065,Topiramate,"토피라메이트","","필름코팅정",200702451,"토파씬정50밀리그램(토피라메이트)(수출용)",20070222,"(주)바이넥스","연한 황색의 원형 필름코팅정제",01130,"항전간제","전문의약품","[M087104]토피라메이트",20140109,"안전성 및 유효성 미확립","","Topiramate(토피라메이트)",20230901
"특정연령대금기","단일",D000065,Topiramate,"토피라메이트","","필름코팅정",200702963,"토파케이정25mg(토피라메이트)",20070309,"주식회사제뉴원사이언스","흰색의 원형 필름코팅정제",01130,"항전간제","전문의약품","[M087104]토피라메이트",20140109,"안전성 및 유효성 미확립","","Topiramate(토피라메이트)",20230901
"특정연령대금기","단일",D000065,Topiramate,"토피라메이트","","필름코팅정",200703120,"폰다미스정25밀리그램(토피라메이트)",20070314,"제이더블유신약(주)","흰색의 원형 필름코팅정",01130,"항전간제","전문의약품","[M087104]토피라메이트",20140109,"안전성 및 유효성 미확립","","Topiramate(토피라메이트)",20230901
"특정연령대금기","단일",D000065,Topiramate,"토피라메이트","","필름코팅정",200703121,"토라맥정25mg(토피라메이트)",20070314,"(주)팜젠사이언스","황색의 원형 필름코팅 정제",01130,"항전간제","전문의약품","[M087104]토피라메이트",20140109,"안전성 및 유효성 미확립","","Topiramate(토피라메이트)",20230901
"특정연령대금기","단일",D000065,Topiramate,"토피라메이트","","필름코팅정",200703233,"토펙스정25밀리그람(토피라메이트)",20070320,"구주제약(주)","흰색의 원형 필름코팅정",01130,"항전간제","전문의약품","[M087104]토피라메이트",20140109,"안전성 및 유효성 미확립","","Topiramate(토피라메이트)",20230901
"특정연령대금기","단일",D000065,Topiramate,"토피라메이트","","필름코팅정",200703275,"토맥정 25밀리그램(토피라메이트)",20070320,"조아제약(주)","황색의 원형 필름코팅 정제",01130,"항전간제","전문의약품","[M087104]토피라메이트",20140109,"안전성 및 유효성 미확립","","Topiramate(토피라메이트)",20230901
"특정연령대금기","단일",D000065,Topiramate,"토피라메이트","","필름코팅정",200704968,"토핀정25밀리그램(토피라메이트)",20070430,"대한뉴팜(주)","흰색의 원형 필름코팅정",01130,"항전간제","전문의약품","[M087104]토피라메이트",20140109,"안전성 및 유효성 미확립","","Topiramate(토피라메이트)",20230901
"특정연령대금기","단일",D000065,Topiramate,"토피라메이트","","필름코팅정",200705484,"토파드정25밀리그램(토피라메이트)",20070514,"(주)서울제약","흰색의 원형필름코팅정",01130,"항전간제","전문의약품","[M087104]토피라메이트",20140109,"안전성 및 유효성 미확립","","Topiramate(토피라메이트)",20230901
"특정연령대금기","단일",D000065,Topiramate,"토피라메이트","","필름코팅정",200706103,"토피론정50밀리그램(토피라메이트)",20070529,"한림제약(주)","미황색의 원형 필름코팅정제",01130,"항전간제","전문의약품","[M087104]토피라메이트",20140109,"안전성 및 유효성 미확립","","Topiramate(토피라메이트)",20230901
"특정연령대금기","단일",D000638,"Venlafaxine Hydrochloride","벤라팍신염산염","","서방성캡슐제, 펠렛",200710998,"코팩사엑스알서방캡슐75밀리그램(벤라팍신염산염)",20071004,"명인제약(주)","구상의 백색~회백색의 과립이 들어있는 상ㆍ하 복숭아 색의 캡슐",01170,"정신신경용제","전문의약품","[M241528]벤라팍신염산염",20140109,"- 안전성 및 유효성 미확립- 소아 임상 시험에서 자살생각(suicidal ideation)의 이상반응이 관찰됨. 적개심 및 특히 주요 우울 장애의 경우, 자해(self-harm)의 보고 증가","","Venlafaxine Hydrochloride(벤라팍신염산염)",20220907
"특정연령대금기","단일",D000638,"Venlafaxine Hydrochloride","벤라팍신염산염","","서방성캡슐제, 펠렛",200802595,"베넥사엑스알서방캡슐37.5밀리그램(벤라팍신염산염)",20080306,"한림제약(주)","백색 또는 회백색의 구상과립이 들어있는 상의 연회색,하의 복숭아색의 캡슐",01170,"정신신경용제","전문의약품","[M241528]벤라팍신염산염",20140109,"- 안전성 및 유효성 미확립- 소아 임상 시험에서 자살생각(suicidal ideation)의 이상반응이 관찰됨. 적개심 및 특히 주요 우울 장애의 경우, 자해(self-harm)의 보고 증가","","Venlafaxine Hydrochloride(벤라팍신염산염)",20220907
"특정연령대금기","단일",D000065,Topiramate,"토피라메이트","","필름코팅정",200804811,"토프람정50mg(토피라메이트)(수출용)",20080428,"(주)동구바이오제약","흰색의 원형 필름코팅정",01130,"항전간제","전문의약품","[M087104]토피라메이트",20140109,"안전성 및 유효성 미확립","","Topiramate(토피라메이트)",20230901
"특정연령대금기","단일",D000065,Topiramate,"토피라메이트","","필름코팅정",200806999,"토피트정(토피라메이트)",20080624,"대한뉴팜(주)","황색의 원형 필름코팅정",01130,"항전간제","전문의약품","[M087104]토피라메이트",20140109,"안전성 및 유효성 미확립","","Topiramate(토피라메이트)",20230901
"특정연령대금기","단일",D000638,"Venlafaxine Hydrochloride Extended-Release Granules","벤라팍신염산염서방성과립","","서방성캡슐제, 펠렛",200809447,"파마벤라팍신서방캡슐37.5밀리그램(벤라팍신염산염)",20080911,"(주)한국파마","구상의 흰색~회백색의 과립이 들어있는 상부 연회색, 하부 연한 분홍색의 캡슐제",01170,"정신신경용제","전문의약품","[M241640]벤라팍신염산염서방성과립",20140109,"- 안전성 및 유효성 미확립- 소아 임상 시험에서 자살생각(suicidal ideation)의 이상반응이 관찰됨. 적개심 및 특히 주요 우울 장애의 경우, 자해(self-harm)의 보고 증가","","Venlafaxine Hydrochloride Extended-Release Granules(벤라팍신염산염서방성과립)",20220907
"특정연령대금기","단일",D000638,"Venlafaxine Hydrochloride Extended-Release Granules","벤라팍신염산염서방성과립","","서방성캡슐제, 펠렛",200809448,"베라칸서방캡슐37.5밀리그램(벤라팍신염산염)",20080911,"대웅바이오(주)","백색~회백색의 과립이 들어있는 상부 연회색, 하부 분홍색의 캡슐제",01170,"정신신경용제","전문의약품","[M241640]벤라팍신염산염서방성과립",20140109,"- 안전성 및 유효성 미확립- 소아 임상 시험에서 자살생각(suicidal ideation)의 이상반응이 관찰됨. 적개심 및 특히 주요 우울 장애의 경우, 자해(self-harm)의 보고 증가","","Venlafaxine Hydrochloride Extended-Release Granules(벤라팍신염산염서방성과립)",20220907
"특정연령대금기","단일",D000638,"Venlafaxine Hydrochloride Extended-Release Granules","벤라팍신염산염서방성과립","","서방성캡슐제, 펠렛",200809450,"벤라팩트서방캡슐37.5mg(벤라팍신염산염)",20080911,"삼천당제약(주)","구상의 흰색~회백색의 과립이 들어있는 상부 연회색, 하부 분홍색의 캡슐제",01170,"정신신경용제","전문의약품","[M241640]벤라팍신염산염서방성과립",20140109,"- 안전성 및 유효성 미확립- 소아 임상 시험에서 자살생각(suicidal ideation)의 이상반응이 관찰됨. 적개심 및 특히 주요 우울 장애의 경우, 자해(self-harm)의 보고 증가","","Venlafaxine Hydrochloride Extended-Release Granules(벤라팍신염산염서방성과립)",20220907
"특정연령대금기","단일",D000638,"Venlafaxine Hydrochloride Extended-Release Granules","벤라팍신염산염서방성과립","","서방성캡슐제, 펠렛",200809452,"벤팍신서방캡슐37.5밀리그램(벤라팍신염산염)",20080911,"영진약품(주)","백색~회백색의 과립이 들어있는 상부 연회색, 하부 살구색의 캡슐",01170,"정신신경용제","전문의약품","[M241640]벤라팍신염산염서방성과립",20140109,"- 안전성 및 유효성 미확립- 소아 임상 시험에서 자살생각(suicidal ideation)의 이상반응이 관찰됨. 적개심 및 특히 주요 우울 장애의 경우, 자해(self-harm)의 보고 증가","","Venlafaxine Hydrochloride Extended-Release Granules(벤라팍신염산염서방성과립)",20220907
"특정연령대금기","단일",D000638,"Venlafaxine Hydrochloride","벤라팍신염산염","","서방성캡슐제, 펠렛",201001057,"코팩사엑스알서방캡슐37.5밀리그램(벤라팍신염산염)",20100129,"명인제약(주)","구상의 흰색 ~ 회백색의 과립이 들어 있는 상부 회색, 하부 분홍색의 서방성 경질캡슐제",01170,"정신신경용제","전문의약품","[M241528]벤라팍신염산염",20140109,"- 안전성 및 유효성 미확립- 소아 임상 시험에서 자살생각(suicidal ideation)의 이상반응이 관찰됨. 적개심 및 특히 주요 우울 장애의 경우, 자해(self-harm)의 보고 증가","","Venlafaxine Hydrochloride(벤라팍신염산염)",20220907
"특정연령대금기","단일",D000490,"Pazopanib Hydrochloride","파조파닙염산염","","필름코팅정",201004970,"보트리엔트정400밀리그램(파조파닙염산염)",20100811,"한국노바티스(주)","흰색의 장방형 필름코팅정",04210,"항악성종양제","전문의약품","[M250589]파조파닙염산염",20150423,"- 안전성 및 유효성 미확립- 생후 초기 발달 동안 기관 성장 및 성숙에 중대한 영향을 미침","","Pazopanib Hydrochloride(파조파닙염산염)",20210604
"특정연령대금기","단일",D000490,"Pazopanib Hydrochloride","파조파닙염산염","","필름코팅정",201004971,"보트리엔트정200밀리그램(파조파닙염산염)",20100811,"한국노바티스(주)","분홍색의 장방형 필름코팅정",04210,"항악성종양제","전문의약품","[M250589]파조파닙염산염",20150423,"- 안전성 및 유효성 미확립- 생후 초기 발달 동안 기관 성장 및 성숙에 중대한 영향을 미침","","Pazopanib Hydrochloride(파조파닙염산염)",20210604
"특정연령대금기","단일",D000503,"Doxycycline Hyclate Hydrate","독시사이클린하이클레이트수화물","","경질캡슐제, 산제",200809495,"알파독시사이클린하이클레이트수화물캡슐(수출용)",20080912,"알파제약(주)","황색 분말이 들어있는 상부 하늘색, 하부 백색의 경질캡슐",06150,"주로 그람양성, 음성균, 리케치아, 비루스에 작용하는 것","전문의약품","[M222960]독시사이클린하이클레이트수화물",20140109,"소아 등 (특히 치아 형성기인 12세 미만의 소아)에 투여 시, 치아의 착색？법랑질 형성 부전, 또는 일과성 골발육 부전을 일으킬 수 있음","다만, 다른 약을 사용할 수 없거나 효과가 없는 경우에만 8세 이상 신중투여","Doxycycline Hyclate Hydrate(독시사이클린하이클레이트수화물)",20251211
"특정연령대금기","단일",D000569,Udenafil,"유데나필","","필름코팅정",201005841,"자이데나정50밀리그램(유데나필)",20101005,"동아에스티(주)","이 약은 연주황색의 장방형 필름코팅정이다.",02590,"기타의 비뇨생식기관 및 항문용약","전문의약품","[M102602]유데나필",20140109,_,"","Udenafil(유데나필)",20160407
"특정연령대금기","단일",D000395,"Darunavir Ethanolate","다루나비르에탄올레이트","","필름코팅정",201006372,"프레지스타정600밀리그램(다루나비르에탄올레이트)",20101020,"(주)한국얀센","한 면에 600MG 및 다른 면에 TMC가 새겨진 주황색의 타원형 필름코팅정제",06290,"기타의 화학요법제","전문의약품","[M258751]다루나비르에탄올레이트",20150423,"안전성 및 유효성 미확립","","Darunavir Ethanolate(다루나비르에탄올레이트)",20200922
"특정연령대금기","단일",D000395,"Darunavir Ethanolate","다루나비르에탄올레이트","","필름코팅정",201006527,"프레지스타정400밀리그램(다루나비르에탄올레이트)",20101029,"(주)한국얀센","연한 주황색의 타원형 필름코팅정제",06290,"기타의 화학요법제","전문의약품","[M258751]다루나비르에탄올레이트",20150423,"안전성 및 유효성 미확립","","Darunavir Ethanolate(다루나비르에탄올레이트)",20200922
"특정연령대금기","단일",D000610,Dutasteride,"두타스테리드","","연질캡슐제, 액상",201007777,"두타반연질캡슐(두타스테리드)",20101231,"동아에스티(주)","수출용: 무색 투명한 내용물이 든 불투명한 흐린 노란색의 장방형 연질캡슐제내수용: 무색 투명한 내용물이 들어있는 미황색의 투명한 타원형 연질캡슐",02590,"기타의 비뇨생식기관 및 항문용약","전문의약품","[M102694]두타스테리드/[M102694]두타스테리드",20140109,"안전성 및 유효성 미확립","","Dutasteride(두타스테리드)",20170713
"특정연령대금기","단일",D000610,Dutasteride,"두타스테리드","","연질캡슐제, 액상",201007779,"두테스몰연질캡슐0.5밀리그램(두타스테리드)",20101231,"(주)종근당","무색 투명한 내용물이 들어있는 미황색의 투명한 타원형 연질캡슐",02590,"기타의 비뇨생식기관 및 항문용약","전문의약품","[M102694]두타스테리드",20140109,"안전성 및 유효성 미확립","","Dutasteride(두타스테리드)",20170713
"특정연령대금기","단일",D000610,Dutasteride,"두타스테리드","","연질캡슐제, 액상",201007780,"아보스타연질캡슐0.5밀리그램(두타스테리드)",20101231,"일양약품(주)","무색 투명한 내용물이 들어있는 미황색의 투명한 타원형 연질캡슐",02590,"기타의 비뇨생식기관 및 항문용약","전문의약품","[M102694]두타스테리드",20140109,"안전성 및 유효성 미확립","","Dutasteride(두타스테리드)",20171218
"특정연령대금기","단일",D000610,Dutasteride,"두타스테리드","","연질캡슐제, 액상",201007781,"아보테리드연질캡슐0.5밀리그램(두타스테리드)",20101231,"(주)유한양행","무색 투명한 내용물이 들어있는 미황색의 투명한 타원형 연질캡슐",02590,"기타의 비뇨생식기관 및 항문용약","전문의약품","[M102694]두타스테리드",20140109,"안전성 및 유효성 미확립","","Dutasteride(두타스테리드)",20170713
"특정연령대금기","단일",D000610,Dutasteride,"두타스테리드","","연질캡슐제, 액상",201007782,"아나딘연질캡슐0.5밀리그램(두타스테리드)",20101231,"아주약품(주)","투명한 내용물이 들어있는 미황색의 투명한 타원형 연질캡슐",02590,"기타의 비뇨생식기관 및 항문용약","전문의약품","[M102694]두타스테리드",20140109,"안전성 및 유효성 미확립","","Dutasteride(두타스테리드)",20170713
"특정연령대금기","단일",D000610,Dutasteride,"두타스테리드","","연질캡슐제, 액상",201007783,"네오다트연질캡슐0.5밀리그램(두타스테리드)",20101231,"제이더블유신약(주)","무색 투명한 내용물이 들어있는 미황색의 투명한 타원형 연질캡슐",02590,"기타의 비뇨생식기관 및 항문용약","전문의약품","[M102694]두타스테리드",20140109,"안전성 및 유효성 미확립","","Dutasteride(두타스테리드)",20200113
"특정연령대금기","단일",D000610,Dutasteride,"두타스테리드","","연질캡슐제, 액상",201007784,"유힐릭스연질캡슐0.5밀리그램(두타스테리드)",20101231,"(주)유유제약","내수용: 무색 투명한 내용물이 들어있는 미황색의 투명한 타원형 연질캡슐수출용: 무색 투명한 내용물이 든 불투명한 흐린 노란색의 장방형 연질캡슐",02590,"기타의 비뇨생식기관 및 항문용약","전문의약품","[M102694]두타스테리드/[M102694]두타스테리드",20140109,"안전성 및 유효성 미확립","","Dutasteride(두타스테리드)",20200519
"특정연령대금기","단일",D000610,Dutasteride,"두타스테리드","","연질캡슐제, 액상",201101581,"두테드연질캡슐0.5밀리그램(두타스테리드)",20110321,"한미약품(주)","무색 투명한 내용물이 든 불투명한 연한 노란색의 타원형 연질캡슐제",02590,"기타의 비뇨생식기관 및 항문용약","전문의약품","[M102694]두타스테리드",20140109,"안전성 및 유효성 미확립","","Dutasteride(두타스테리드)",20170713
"특정연령대금기","단일",D000663,"Live Attenuated Yellow Fever Virus 17D (AB237)","약독 황열 생바이러스 17D(AB237주)","","현탁액용동결건조분말주사제",201104046,"스타마릴주(약독황열생바이러스백신)(관납용)",20110630,"(주)사노피-아벤티스코리아","동결건조제, 베이지색 또는 주황빛을 띄는 분말덩어리로 첨부용제로 용해시 다소 유백광의 붉은빛을 띠는 베이지색 현탁제제",06310,"백신류","전문의약품","[M252482]약독 황열 생바이러스 17D(AB237주)",20150423,_,"","Live Attenuated Yellow Fever Virus 17D (AB237)(약독 황열 생바이러스 17D(AB237주))",20190524
"특정연령대금기","단일",D000430,"Moxifloxacin Hydrochloride","목시플록사신염산염","","필름코팅정",201201789,"퀴녹스정400밀리그램(목시플록사신염산염)",20120322,"(주)비씨월드제약","진한분홍색의장방형필름코팅정",06290,"기타의 화학요법제","전문의약품","[M247915]목시플록사신염산염",20141104,"안전성 및 유효성 미확립","","Moxifloxacin Hydrochloride(목시플록사신염산염)",20260323
"특정연령대금기","단일",D000503,"Doxycycline Hyclate Hydrate","독시사이클린하이클레이트수화물","","경질캡슐제, 산제",201204686,"코오롱독시사이클린캡슐100mg(독시사이클린하이클레이트수화물)(수출용)",20120516,"코오롱제약(주)","황색-어두운 황색의 결정성분말 또는 분말이 든 상하 녹색의 경질캡슐제",06150,"주로 그람양성, 음성균, 리케치아, 비루스에 작용하는 것","전문의약품","[M222960]독시사이클린하이클레이트수화물",20140109,"소아 등 (특히 치아 형성기인 12세 미만의 소아)에 투여 시, 치아의 착색？법랑질 형성 부전, 또는 일과성 골발육 부전을 일으킬 수 있음","다만, 다른 약을 사용할 수 없거나 효과가 없는 경우에만 8세 이상 신중투여","Doxycycline Hyclate Hydrate(독시사이클린하이클레이트수화물)",20251211
"특정연령대금기","단일",D000668,"Ibandronate Sodium Monohydrate","이반드론산나트륨일수화물","","필름코팅정",201205499,"오스맥정150밀리그램(이반드론산나트륨일수화물)",20120612,"초당약품공업(주)","흰색 내지 거의 흰색의 장방형 필름코팅정",03990,"따로 분류되지 않는 대사성 의약품","전문의약품","[M102556]이반드론산나트륨일수화물",20140109,"안전성 및 유효성 미확립","","Ibandronate Sodium Monohydrate(이반드론산나트륨일수화물)",20250930
"특정연령대금기","단일",D000668,"Ibandronate Sodium Monohydrate","이반드론산나트륨일수화물","","필름코팅정",201205573,"보니엠정150밀리그램(이반드론산나트륨일수화물)",20120615,"신풍제약(주)","흰색 내지 거의 흰색의 장방형 필름코팅정",03990,"따로 분류되지 않는 대사성 의약품","전문의약품","[M102556]이반드론산나트륨일수화물",20140109,"안전성 및 유효성 미확립","","Ibandronate Sodium Monohydrate(이반드론산나트륨일수화물)",20250930
"특정연령대금기","단일",D000668,"Ibandronate Sodium Monohydrate","이반드론산나트륨일수화물","","필름코팅정",201205623,"아나본정150밀리그램(이반드론산나트륨일수화물)",20120618,"아주약품(주)","흰색 내지 거의 흰색의 장방형 필름코팅정",03990,"따로 분류되지 않는 대사성 의약품","전문의약품","[M102556]이반드론산나트륨일수화물",20140109,"안전성 및 유효성 미확립","","Ibandronate Sodium Monohydrate(이반드론산나트륨일수화물)",20250930
"특정연령대금기","단일",D000610,Dutasteride,"두타스테리드","","연질캡슐제, 액상",201205829,"두타텍트연질캡슐0.5밀리그램(두타스테리드)",20120622,"대원제약(주)","내수용: 무색 투명한 내용물이 들어있는 미황색의 투명한 타원형 연질캡슐수출용: 무색 투명한 내용물이 든 불투명한 흐린 노란색의 장방형 연질캡슐",02590,"기타의 비뇨생식기관 및 항문용약","전문의약품","[M102694]두타스테리드",20140109,"안전성 및 유효성 미확립","","Dutasteride(두타스테리드)",20170713
"특정연령대금기","단일",D000668,"Ibandronate Sodium Monohydrate","이반드론산나트륨일수화물","","필름코팅정",201205830,"이반드론정(이반드론산나트륨일수화물)",20120622,"알리코제약(주)","흰색 내지 거의 흰색의 장방형 필름코팅정",03990,"따로 분류되지 않는 대사성 의약품","전문의약품","[M102556]이반드론산나트륨일수화물",20140109,"안전성 및 유효성 미확립","","Ibandronate Sodium Monohydrate(이반드론산나트륨일수화물)",20250930
"특정연령대금기","단일",D000668,"Ibandronate Sodium Monohydrate","이반드론산나트륨일수화물","","필름코팅정",201205833,"이반드렌정150밀리그램(이반드론산나트륨일수화물)",20120622,"(주)테라젠이텍스","[내수용] 흰색 내지 거의 흰색의 장방형 필름코팅정[수출용] 분홍색의 장방형 필름코팅정",03990,"따로 분류되지 않는 대사성 의약품","전문의약품","[M102556]이반드론산나트륨일수화물/[M102556]이반드론산나트륨일수화물",20140109,"안전성 및 유효성 미확립","","Ibandronate Sodium Monohydrate(이반드론산나트륨일수화물)",20250930
"특정연령대금기","단일",D000668,"Ibandronate Sodium Monohydrate","이반드론산나트륨일수화물","","필름코팅정",201205930,"아미카본정(이반드론산나트륨일수화물)",20120626,"(주)휴온스","흰색 내지 거의 흰색의 장방형 필름코팅정",03990,"따로 분류되지 않는 대사성 의약품","전문의약품","[M102556]이반드론산나트륨일수화물",20140109,"안전성 및 유효성 미확립","","Ibandronate Sodium Monohydrate(이반드론산나트륨일수화물)",20250930
"특정연령대금기","단일",D000668,"Ibandronate Sodium Monohydrate","이반드론산나트륨일수화물","","필름코팅정",201205931,"본제닉정150밀리그램(이반드론산나트륨일수화물)",20120626,"제일약품(주)","백색 내지 거의 백색의 장방형 필름코팅정",03990,"따로 분류되지 않는 대사성 의약품","전문의약품","[M102556]이반드론산나트륨일수화물",20140109,"안전성 및 유효성 미확립","","Ibandronate Sodium Monohydrate(이반드론산나트륨일수화물)",20250930
"특정연령대금기","단일",D000668,"Ibandronate Sodium Monohydrate","이반드론산나트륨일수화물","","필름코팅정",201205940,"이바본정150밀리그램(이반드론산나트륨일수화물)",20120627,"일동제약(주)","흰색 내지 거의 흰색의 장방형 필름코팅정",03990,"따로 분류되지 않는 대사성 의약품","전문의약품","[M102556]이반드론산나트륨일수화물",20140109,"안전성 및 유효성 미확립","","Ibandronate Sodium Monohydrate(이반드론산나트륨일수화물)",20250930
"특정연령대금기","단일",D000668,"Ibandronate Sodium Monohydrate","이반드론산나트륨일수화물","","필름코팅정",201205941,"이본덴스정(이반드론산나트륨일수화물)",20120627,"조아제약(주)","흰색 내지 거의 흰색의 장방형 필름코팅정",03990,"따로 분류되지 않는 대사성 의약품","전문의약품","[M102556]이반드론산나트륨일수화물",20140109,"안전성 및 유효성 미확립","","Ibandronate Sodium Monohydrate(이반드론산나트륨일수화물)",20250930
"특정연령대금기","단일",D000668,"Ibandronate Sodium Monohydrate","이반드론산나트륨일수화물","","필름코팅정",201205942,"하니반정150밀리그램(이반드론산나트륨일수화물)",20120627,"하나제약(주)","흰색 내지 거의 흰색의 장방형 필름코팅정",03990,"따로 분류되지 않는 대사성 의약품","전문의약품","[M102556]이반드론산나트륨일수화물",20140109,"안전성 및 유효성 미확립","","Ibandronate Sodium Monohydrate(이반드론산나트륨일수화물)",20250930
"특정연령대금기","단일",D000668,"Ibandronate Sodium Monohydrate","이반드론산나트륨일수화물","","필름코팅정",201205953,"일양이반드론산정150밀리그램(이반드론산나트륨일수화물)",20120627,"일양약품(주)","흰색 내지 거의 흰색의 장방형 필름코팅정",03990,"따로 분류되지 않는 대사성 의약품","전문의약품","[M102556]이반드론산나트륨일수화물",20140109,"안전성 및 유효성 미확립","","Ibandronate Sodium Monohydrate(이반드론산나트륨일수화물)",20250930
"특정연령대금기","단일",D000668,"Ibandronate Sodium Monohydrate","이반드론산나트륨일수화물","","필름코팅정",201206148,"이본드로정(이반드론산나트륨일수화물)",20120716,"대화제약(주)","흰색 내지 거의 흰색의 장방형 필름코팅정",03990,"따로 분류되지 않는 대사성 의약품","전문의약품","[M102556]이반드론산나트륨일수화물",20140109,"안전성 및 유효성 미확립","","Ibandronate Sodium Monohydrate(이반드론산나트륨일수화물)",20250930
"특정연령대금기","단일",D000430,Moxifloxacin,"목시플록사신","","용액주사제",201206595,"모벨록신주400밀리그램(목시플록사신)",20120827,"에이치케이이노엔(주)","노란색의 투명한 액이 플라스틱제 수성주사제용기에 든 주사제",06290,"기타의 화학요법제","전문의약품","[M247929]목시플록사신",20141104,"안전성 및 유효성 미확립","","Moxifloxacin(목시플록사신)",20260323
"특정연령대금기","단일",D000668,"Ibandronate Sodium Monohydrate","이반드론산나트륨일수화물","","필름코팅정",201207007,"드로반정150밀리그램(이반드론산나트륨일수화물)",20120928,"(주)한국피엠지제약","흰색 내지 거의 흰색의 장방형 필름코팅정",03990,"따로 분류되지 않는 대사성 의약품","전문의약품","[M102556]이반드론산나트륨일수화물",20140109,"안전성 및 유효성 미확립","","Ibandronate Sodium Monohydrate(이반드론산나트륨일수화물)",20250930
"특정연령대금기","단일",D000668,"Ibandronate Sodium Monohydrate","이반드론산나트륨일수화물","","필름코팅정",201207294,"프로이반정150밀리그램(이반드론산나트륨일수화물)",20121018,"환인제약(주)","흰색 내지 거의 흰색의 장방형 필름코팅정",03990,"따로 분류되지 않는 대사성 의약품","전문의약품","[M102556]이반드론산나트륨일수화물",20140109,"안전성 및 유효성 미확립","","Ibandronate Sodium Monohydrate(이반드론산나트륨일수화물)",20250930
"특정연령대금기","단일",D000668,"Ibandronate Sodium Monohydrate","이반드론산나트륨일수화물","","필름코팅정",201207400,"본가드정150밀리그램(이반드론산나트륨일수화물)",20121023,"(주)다림바이오텍","흰색 내지 거의 흰색의 장방형 필름코팅정제",03990,"따로 분류되지 않는 대사성 의약품","전문의약품","[M102556]이반드론산나트륨일수화물",20140109,"안전성 및 유효성 미확립","","Ibandronate Sodium Monohydrate(이반드론산나트륨일수화물)",20250930
"특정연령대금기","단일",D000668,"Ibandronate Sodium Monohydrate","이반드론산나트륨일수화물","","필름코팅정",201207401,"유유이반드론산나트륨정150밀리그램(이반드론산나트륨일수화물)",20121023,"(주)유유제약","흰색 내지 거의 흰색의 장방형 필름코팅정제",03990,"따로 분류되지 않는 대사성 의약품","전문의약품","[M102556]이반드론산나트륨일수화물",20140109,"안전성 및 유효성 미확립","","Ibandronate Sodium Monohydrate(이반드론산나트륨일수화물)",20250930
"특정연령대금기","단일",D000668,"Ibandronate Sodium Monohydrate","이반드론산나트륨일수화물","","필름코팅정",201208995,"이바테론정150mg(이반드론산나트륨일수화물)",20121130,"삼천당제약(주)","흰색 내지 거의 흰색의 장방형 필름코팅정",03990,"따로 분류되지 않는 대사성 의약품","전문의약품","[M102556]이반드론산나트륨일수화물",20140109,"안전성 및 유효성 미확립","","Ibandronate Sodium Monohydrate(이반드론산나트륨일수화물)",20250930
"특정연령대금기","단일",D000668,"Ibandronate Sodium Monohydrate","이반드론산나트륨일수화물","","필름코팅정",201300262,"본단정(이반드론산나트륨일수화물)",20130109,"주식회사제뉴원사이언스","흰색의 장방형 필름코팅정",03990,"따로 분류되지 않는 대사성 의약품","전문의약품","[M102556]이반드론산나트륨일수화물",20140109,"안전성 및 유효성 미확립","","Ibandronate Sodium Monohydrate(이반드론산나트륨일수화물)",20250930
"특정연령대금기","단일",D000668,"Ibandronate Sodium Monohydrate","이반드론산나트륨일수화물","","필름코팅정",201303269,"이바넬정(이반드론산나트륨일수화물)",20130201,"구주제약(주)","흰색의 장방형 필름코팅정",03990,"따로 분류되지 않는 대사성 의약품","전문의약품","[M102556]이반드론산나트륨일수화물",20140109,"안전성 및 유효성 미확립","","Ibandronate Sodium Monohydrate(이반드론산나트륨일수화물)",20250930
"특정연령대금기","단일",D000668,"Ibandronate Sodium Monohydrate","이반드론산나트륨일수화물","","필름코팅정",201303270,"이반네이트정150밀리그램(이반드론산나트륨일수화물)",20130201,"국제약품(주)","흰색의 장방형 필름코팅정",03990,"따로 분류되지 않는 대사성 의약품","전문의약품","[M102556]이반드론산나트륨일수화물",20140109,"안전성 및 유효성 미확립","","Ibandronate Sodium Monohydrate(이반드론산나트륨일수화물)",20250930
"특정연령대금기","단일",D000668,"Ibandronate Sodium Monohydrate","이반드론산나트륨일수화물","","필름코팅정",201306202,"본비스정150밀리그램(이반드론산나트륨일수화물)",20130314,"(주)팜젠사이언스","흰색 내지 거의 흰색의 장방형 필름코팅정",03990,"따로 분류되지 않는 대사성 의약품","전문의약품","[M102556]이반드론산나트륨일수화물",20140109,"안전성 및 유효성 미확립","","Ibandronate Sodium Monohydrate(이반드론산나트륨일수화물)",20250930
"특정연령대금기","단일",D000668,"Ibandronate Sodium Monohydrate","이반드론산나트륨일수화물","","필름코팅정",201306253,"동광이반드론산정150밀리그램(이반드론산나트륨일수화물)",20130318,"동광제약(주)","흰색의 장방형 필름코팅정",03990,"따로 분류되지 않는 대사성 의약품","전문의약품","[M102556]이반드론산나트륨일수화물",20140109,"안전성 및 유효성 미확립","","Ibandronate Sodium Monohydrate(이반드론산나트륨일수화물)",20250930
"특정연령대금기","단일",D000668,"Ibandronate Sodium Monohydrate","이반드론산나트륨일수화물","","필름코팅정",201306285,"경보이반드로네이트정(이반드론산나트륨일수화물)",20130319,"(주)경보제약","흰색 내지 거의 흰색의 장방형 필름코팅정",03990,"따로 분류되지 않는 대사성 의약품","전문의약품","[M102556]이반드론산나트륨일수화물",20140109,"안전성 및 유효성 미확립","","Ibandronate Sodium Monohydrate(이반드론산나트륨일수화물)",20250930
"특정연령대금기","단일",D000668,"Ibandronate Sodium Monohydrate","이반드론산나트륨일수화물","","용액주사제",201306409,"어스본드로주(이반드론산나트륨일수화물)",20130322,"(주)옵투스제약","무색투명한 용액이 무색투명한 유리 프리필드시린지에 든 주사제로서 1회용 주사침이 첨부되어있다.",03990,"따로 분류되지 않는 대사성 의약품","전문의약품","[M102556]이반드론산나트륨일수화물",20140109,"안전성 및 유효성 미확립","","Ibandronate Sodium Monohydrate(이반드론산나트륨일수화물)",20250930
"특정연령대금기","단일",D000668,"Ibandronate Sodium Monohydrate","이반드론산나트륨일수화물","","용액주사제",201306424,"본덱스주(이반드론산나트륨일수화물)",20130322,"한국유나이티드제약(주)","무색투명한 용액이 무색투명한 유리 프리필드시린지에 든 주사제로서 1회용 주사침이 첨부되어있다.",03990,"따로 분류되지 않는 대사성 의약품","전문의약품","[M102556]이반드론산나트륨일수화물",20140109,"안전성 및 유효성 미확립","","Ibandronate Sodium Monohydrate(이반드론산나트륨일수화물)",20250930
"특정연령대금기","단일",D000668,"Ibandronate Sodium Monohydrate","이반드론산나트륨일수화물","","용액주사제",201306426,"아나본주(이반드론산나트륨일수화물)",20130322,"아주약품(주)","무색투명한 용액이 무색투명한 유리 프리필드시린지에 든 주사제로서 1회용 주사침이 첨부되어있다.",03990,"따로 분류되지 않는 대사성 의약품","전문의약품","[M102556]이반드론산나트륨일수화물",20140109,"안전성 및 유효성 미확립","","Ibandronate Sodium Monohydrate(이반드론산나트륨일수화물)",20250930
"특정연령대금기","단일",D000668,"Ibandronate Sodium Monohydrate","이반드론산나트륨일수화물","","용액주사제",201306428,"본필드주(이반드론산나트륨일수화물)",20130322,"한림제약(주)","무색투명한 용액이 무색투명한 유리 프리필드시린지에 든 주사제로서 1회용 주사침이 첨부되어있다.",03990,"따로 분류되지 않는 대사성 의약품","전문의약품","[M102556]이반드론산나트륨일수화물",20140109,"안전성 및 유효성 미확립","","Ibandronate Sodium Monohydrate(이반드론산나트륨일수화물)",20250930
"특정연령대금기","단일",D000668,"Ibandronate Sodium Monohydrate","이반드론산나트륨일수화물","","용액주사제",201306429,"이반포스주(이반드론산나트륨일수화물)",20130322,"광동제약(주)","무색투명한 용액이 무색투명한 유리 프리필드시린지에 든 주사제로서 1회용 주사침이 첨부되어있다.",03990,"따로 분류되지 않는 대사성 의약품","전문의약품","[M102556]이반드론산나트륨일수화물",20140109,"안전성 및 유효성 미확립","","Ibandronate Sodium Monohydrate(이반드론산나트륨일수화물)",20250930
"특정연령대금기","단일",D000668,"Ibandronate Sodium Monohydrate","이반드론산나트륨일수화물","","용액주사제",201306542,"보니엠주(이반드론산나트륨일수화물)",20130329,"신풍제약(주)","무색투명한 용액이 충전된 프리필드시린지로서 1회용 주사침이 첨부되어 있다",03990,"따로 분류되지 않는 대사성 의약품","전문의약품","[M102556]이반드론산나트륨일수화물",20140109,"안전성 및 유효성 미확립","","Ibandronate Sodium Monohydrate(이반드론산나트륨일수화물)",20250930
"특정연령대금기","단일",D000668,"Ibandronate Sodium Monohydrate","이반드론산나트륨일수화물","","용액주사제",201306543,"프로이반주(이반드론산나트륨일수화물)",20130329,"환인제약(주)","무색투명한 용액이 충전된 프리필드시린지로서 1회용 주사침이 첨부되어있다.",03990,"따로 분류되지 않는 대사성 의약품","전문의약품","[M102556]이반드론산나트륨일수화물",20140109,"안전성 및 유효성 미확립","","Ibandronate Sodium Monohydrate(이반드론산나트륨일수화물)",20250930
"특정연령대금기","단일",D000668,"Ibandronate Sodium Monohydrate","이반드론산나트륨수화물","","용액주사제",201307084,"유니본주(이반드론산나트륨수화물)",20130426,"유니메드제약(주)","무색 투명한 용액이 충전된 프리필드시린지로서 1회용 주사침이 첨부되어 있다",03990,"따로 분류되지 않는 대사성 의약품","전문의약품","[M256854]이반드론산나트륨수화물",20140109,"안전성 및 유효성 미확립","","Ibandronate Sodium Monohydrate(이반드론산나트륨수화물)",20250930
"특정연령대금기","단일",D000668,"Ibandronate Sodium Monohydrate","이반드론산나트륨수화물","","필름코팅정",201307092,"유니본정(이반드론산나트륨수화물)",20130426,"유니메드제약(주)","흰색 내지 거의 흰색의 장방형 필름코팅정",03990,"따로 분류되지 않는 대사성 의약품","전문의약품","[M256854]이반드론산나트륨수화물",20140109,"안전성 및 유효성 미확립","","Ibandronate Sodium Monohydrate(이반드론산나트륨수화물)",20250930
"특정연령대금기","단일",D000170,"Gemifloxacin Mesylate","제미플록사신메실산염","","용액용동결건조분말주사제",201307117,"팩티브주200밀리그램(제미플록사신메실산염)",20130429,"(주)엘지화학","흰색에서 밝은 갈색의 동결건조된 분말이 갈색 바이알에 든 주사제",06290,"기타의 화학요법제","전문의약품","[M266291]제미플록사신메실산염",20140109,"- 안전성 및 유효성 미확립- 퀴놀론계 항균제는 몇몇 어린 동물종에서 관절병증, 뼈연골증을 유발","","Gemifloxacin Mesylate(제미플록사신메실산염)",20220327
"특정연령대금기","단일",D000668,"Ibandronate Sodium Monohydrate","이반드론산나트륨수화물","","용액주사제",201307487,"이본드로주(이반드론산나트륨수화물)",20130527,"대화제약(주)","무색투명한 용액이 무색투명한 유리 프리필드시린지에 든 주사제로서 1회용 주사침이 첨부되어 있다.",03990,"따로 분류되지 않는 대사성 의약품","전문의약품","[M256854]이반드론산나트륨수화물",20140109,"안전성 및 유효성 미확립","","Ibandronate Sodium Monohydrate(이반드론산나트륨수화물)",20250930
"특정연령대금기","단일",D000668,"Ibandronate Sodium Monohydrate","이반드론산나트륨일수화물","","필름코팅정",201308598,"이브본정150mg(이반드론산나트륨일수화물)",20130731,"(주)씨엠지제약","흰색 내지 거의 흰색의 장방형 필름코팅정제",03990,"따로 분류되지 않는 대사성 의약품","전문의약품","[M102556]이반드론산나트륨일수화물",20140109,"안전성 및 유효성 미확립","","Ibandronate Sodium Monohydrate(이반드론산나트륨일수화물)",20250930
"특정연령대금기","단일",D000065,Topiramate,"토피라메이트","","필름코팅정",201309336,"폰다미스정100밀리그램(토피라메이트)",20130913,"제이더블유신약(주)","황색의 원형 필름코팅정",01130,"항전간제","전문의약품","[M087104]토피라메이트",20140109,"안전성 및 유효성 미확립","","Topiramate(토피라메이트)",20230901
"특정연령대금기","단일",D000668,"Ibandronate Sodium Monohydrate","이반드론산나트륨일수화물","","용액주사제",201309479,"반드론주(이반드론산나트륨일수화물)",20130927,"진양제약(주)","무색투명한 용액이 무색투명한 유리 프리필드시린지에 든 주사제로서 1회용 주사침이 첨부되어있다.",03990,"따로 분류되지 않는 대사성 의약품","전문의약품","[M102556]이반드론산나트륨일수화물",20140109,"안전성 및 유효성 미확립","","Ibandronate Sodium Monohydrate(이반드론산나트륨일수화물)",20250930
"특정연령대금기","단일",D000430,"Moxifloxacin Hydrochloride","목시플록사신염산염","","필름코팅정",201309618,"모록사신정400밀리그램(목시플록사신염산염)",20131010,"한미약품(주)","진한 분홍색의 장방형 필름코팅정",06290,"기타의 화학요법제","전문의약품","[M247915]목시플록사신염산염",20141104,"안전성 및 유효성 미확립","","Moxifloxacin Hydrochloride(목시플록사신염산염)",20260323
"특정연령대금기","단일",D000569,Udenafil,"유데나필","","필름코팅정",201309741,"자이데나정75밀리그램(유데나필)",20131015,"동아에스티(주)","연주황색의 장방형 필름코팅정",02590,"기타의 비뇨생식기관 및 항문용약","전문의약품","[M102602]유데나필",20140109,_,"","Udenafil(유데나필)",20160407
"특정연령대금기","단일",D000430,Moxifloxacin,"목시플록사신","","용액주사제",201309860,"제이더블유목시플록사신주400mg",20131022,"제이더블유생명과학(주)","노란색의 투명한 액이 무색투명한 수액용 플라스틱 용기에 충전된 주사제",06290,"기타의 화학요법제","전문의약품","[M247929]목시플록사신",20141104,"안전성 및 유효성 미확립","","Moxifloxacin(목시플록사신)",20260323
"특정연령대금기","단일",D000430,"Moxifloxacin Hydrochloride","목시플록사신염산염","","필름코팅정",201310000,"모벨록신정400밀리그램(목시플록사신염산염)",20131031,"에이치케이이노엔(주)","진한 분홍색의 장방형 필름코팅정",06290,"기타의 화학요법제","전문의약품","[M247915]목시플록사신염산염",20141104,"안전성 및 유효성 미확립","","Moxifloxacin Hydrochloride(목시플록사신염산염)",20260323
"특정연령대금기","단일",D000065,Topiramate,"토피라메이트","","필름코팅정",201400023,"토맥정(토피라메이트)",20140103,"조아제약(주)","황색의 원형 필름코팅정제",01130,"항전간제","전문의약품","[M087104]토피라메이트",20140109,"안전성 및 유효성 미확립","","Topiramate(토피라메이트)",20230901
"특정연령대금기","단일",D000065,Topiramate,"토피라메이트","","필름코팅정",201400024,"토파씬정(토피라메이트)",20140103,"(주)바이넥스","황색의 원형 필름 코팅 정제",01130,"항전간제","전문의약품","[M087104]토피라메이트",20140109,"안전성 및 유효성 미확립","","Topiramate(토피라메이트)",20230901
"특정연령대금기","단일",D000430,Moxifloxacin,"목시플록사신","","용액주사제",201400874,"목시록주400밀리그램(목시플록사신)",20140226,"신풍제약(주)","노란색의 투명한 용액이 무색 투명한 병에 들어있는 주사제",06290,"기타의 화학요법제","전문의약품","[M247929]목시플록사신",20141104,"안전성 및 유효성 미확립","","Moxifloxacin(목시플록사신)",20260323
"특정연령대금기","단일",D000065,Topiramate,"토피라메이트","","필름코팅정",201401064,"토파원정100밀리그램(토피라메이트)",20140310,"(주)마더스제약","황색의 원형 필름코팅정",01130,"항전간제","전문의약품","[M087104]토피라메이트",20140109,"안전성 및 유효성 미확립","","Topiramate(토피라메이트)",20230901
"특정연령대금기","단일",D000065,Topiramate,"토피라메이트","","필름코팅정",201402171,"토피메정25밀리그램(토피라메이트)",20140509,"(주)휴온스메디텍","흰색의 원형 필름코팅정",01130,"항전간제","전문의약품","[M087104]토피라메이트",20140109,"안전성 및 유효성 미확립","","Topiramate(토피라메이트)",20230901
"특정연령대금기","단일",D000668,"Ibandronate Sodium Monohydrate","이반드론산나트륨일수화물","","용액주사제",201402517,"아미카본주(이반드론산나트륨일수화물)",20140603,"(주)휴온스","무색투명한 용액이 무색투명한 유리 프리필드시린지에 든 주사제로서 1회용 주사침이 첨부되어있다.",03990,"따로 분류되지 않는 대사성 의약품","전문의약품","[M102556]이반드론산나트륨일수화물",20140109,"안전성 및 유효성 미확립","","Ibandronate Sodium Monohydrate(이반드론산나트륨일수화물)",20250930
"특정연령대금기","단일",D000065,Topiramate,"토피라메이트","","필름코팅정",201402937,"토피메정100밀리그램(토피라메이트)",20140702,"(주)휴온스메디텍","흰색의 원형 필름코팅정",01130,"항전간제","전문의약품","[M087104]토피라메이트",20140109,"안전성 및 유효성 미확립","","Topiramate(토피라메이트)",20230901
"특정연령대금기","단일",D000503,"Doxycycline Hydrate","독시사이클린수화물","","나정",201403031,"독시정(독시사이클린수화물)",20140709,"(주)하원제약","황색 원형의 정제",06150,"주로 그람양성, 음성균, 리케치아, 비루스에 작용하는 것","전문의약품","[M222836]독시사이클린수화물",20140109,"소아 등 (특히 치아 형성기인 12세 미만의 소아)에 투여 시, 치아의 착색？법랑질 형성 부전, 또는 일과성 골발육 부전을 일으킬 수 있음","다만, 다른 약을 사용할 수 없거나 효과가 없는 경우에만 8세 이상 신중투여","Doxycycline Hydrate(독시사이클린수화물)",20251211
"특정연령대금기","단일",D000065,Topiramate,"토피라메이트","","필름코팅정",201403151,"토피렉스정25밀리그램(토피라메이트)",20140715,"오스틴제약(주)","흰색의 원형 필름코팅정제",01130,"항전간제","전문의약품","[M087104]토피라메이트",20140109,"안전성 및 유효성 미확립","","Topiramate(토피라메이트)",20230901
"특정연령대금기","단일",D000668,"Ibandronate Sodium Monohydrate","이반드론산나트륨일수화물","","필름코팅정",201403255,"보네조아정(이반드론산나트륨일수화물)",20140718,"(주)화이트생명과학","흰색의 장방형 필름코팅정",03990,"따로 분류되지 않는 대사성 의약품","전문의약품","[M102556]이반드론산나트륨일수화물",20140109,"안전성 및 유효성 미확립","","Ibandronate Sodium Monohydrate(이반드론산나트륨일수화물)",20250930
"특정연령대금기","단일",D000668,"Ibandronate Sodium Monohydrate","이반드론산나트륨일수화물","","용액주사제",201403301,"이본덴스주(이반드론산나트륨일수화물)",20140722,"조아제약(주)","무색투명한 용액이 무색투명한 유리 프리필드시린지에 든 주사제로서 1회용 주사침이 첨부되어 있다",03990,"따로 분류되지 않는 대사성 의약품","전문의약품","[M102556]이반드론산나트륨일수화물",20140109,"안전성 및 유효성 미확립","","Ibandronate Sodium Monohydrate(이반드론산나트륨일수화물)",20250930
"특정연령대금기","단일",D000065,Topiramate,"토피라메이트","","필름코팅정",201403599,"토파원정25밀리그램(토피라메이트)",20140804,"(주)마더스제약","흰색의 원형 필름코팅정제",01130,"항전간제","전문의약품","[M087104]토피라메이트",20140109,"안전성 및 유효성 미확립","","Topiramate(토피라메이트)",20230901
"특정연령대금기","단일",D000065,Topiramate,"토피라메이트","","필름코팅정",201404441,"토맥스정100밀리그램(토피라메이트)",20140929,"하나제약(주)","황색의 원형 필름 코팅 정제",01130,"항전간제","전문의약품","[M087104]토피라메이트",20140109,"안전성 및 유효성 미확립","","Topiramate(토피라메이트)",20230901
"특정연령대금기","단일",D000610,Dutasteride,"두타스테리드","","연질캡슐제, 액상",201405883,"두아보연질캡슐0.5밀리그램(두타스테리드)",20141215,"광동제약(주)","무색 투명한 내용물이 들어있는 미황색의 투명한 타원형 연질캡슐",02590,"기타의 비뇨생식기관 및 항문용약","전문의약품","[M102694]두타스테리드",20140109,"안전성 및 유효성 미확립","","Dutasteride(두타스테리드)",20170713
"특정연령대금기","단일",D000065,Topiramate,"토피라메이트","","필름코팅정",201405930,"토프라맥정25밀리그램(토피라메이트)",20141218,"(주)에이프로젠바이오로직스","황색의 원형 필름코팅 정제",01130,"항전간제","전문의약품","[M087104]토피라메이트",20140109,"안전성 및 유효성 미확립","","Topiramate(토피라메이트)",20230901
"특정연령대금기","단일",D000430,"Moxifloxacin Hydrochloride","목시플록사신염산염","","필름코팅정",201406133,"조이록신정400밀리그램(목시플록사신염산염)",20141230,"한국유나이티드제약(주)","빨간색의 장방형 필름코팅정제",06290,"기타의 화학요법제","전문의약품","[M247915]목시플록사신염산염",20141104,"안전성 및 유효성 미확립","","Moxifloxacin Hydrochloride(목시플록사신염산염)",20260323
"특정연령대금기","단일",D000503,"Doxycycline Hydrate","독시사이클린수화물","","경질캡슐제, 산제",201406196,"독시라마이신캡슐100mg(독시사이클린수화물)",20141231,"(주)씨엘팜","미황색의 분말이 충진된 상·하부 초록색의 캡슐제",06150,"주로 그람양성, 음성균, 리케치아, 비루스에 작용하는 것","전문의약품","[M222836]독시사이클린수화물",20140109,"소아 등 (특히 치아 형성기인 12세 미만의 소아)에 투여 시, 치아의 착색？법랑질 형성 부전, 또는 일과성 골발육 부전을 일으킬 수 있음","다만, 다른 약을 사용할 수 없거나 효과가 없는 경우에만 8세 이상 신중투여","Doxycycline Hydrate(독시사이클린수화물)",20251211
"특정연령대금기","단일",D000610,Dutasteride,"두타스테리드","","연질캡슐제, 액상",201500515,"아보스티드연질캡슐0.5밀리그램(두타스테리드)",20150130,"국제약품(주)","무색 투명한 내용물이 들어있는 미황색의 투명한 타원형 연질캡슐",02590,"기타의 비뇨생식기관 및 항문용약","전문의약품","[M102694]두타스테리드",20140109,"안전성 및 유효성 미확립","","Dutasteride(두타스테리드)",20170713
"특정연령대금기","단일",D000668,"Ibandronate Sodium Monohydrate","이반드론산나트륨일수화물","","필름코팅정",201500856,"본이반정150밀리그램(이반드론산나트륨일수화물)",20150216,"(주)휴비스트제약","흰색의 장방형 필름코팅정",03990,"따로 분류되지 않는 대사성 의약품","전문의약품","[M102556]이반드론산나트륨일수화물",20140109,"안전성 및 유효성 미확립","","Ibandronate Sodium Monohydrate(이반드론산나트륨일수화물)",20250930
"특정연령대금기","단일",D000668,"Ibandronate Sodium Monohydrate","이반드론산나트륨일수화물","","용액주사제",201501299,"본비론주(이반드론산나트륨일수화물)",20150312,"경동제약(주)","무색투명한 용액이 무색투명한 유리 프리필드시린지에 든 주사제로서 1회용 주사침이 첨부되어 있다.",03990,"따로 분류되지 않는 대사성 의약품","전문의약품","[M102556]이반드론산나트륨일수화물",20140109,"안전성 및 유효성 미확립","","Ibandronate Sodium Monohydrate(이반드론산나트륨일수화물)",20250930
"특정연령대금기","단일",D000610,Dutasteride,"두타스테리드","","연질캡슐제, 액상",201501741,"두타스카연질캡슐0.5밀리그램(두타스테리드)",20150331,"이연제약(주)","무색 투명한 내용물이 들어있는 미황색의 투명한 타원형 연질캡슐",02590,"기타의 비뇨생식기관 및 항문용약","전문의약품","[M102694]두타스테리드",20140109,"안전성 및 유효성 미확립","","Dutasteride(두타스테리드)",20171221
"특정연령대금기","단일",D000610,Dutasteride,"두타스테리드","","연질캡슐제, 액상",201501878,"아두타연질캡슐0.5밀리그램(두타스테리드)",20150407,"삼진제약(주)","무색 투명한 내용물이 들어있는 미황색의 투명한 타원형 연질캡슐",02590,"기타의 비뇨생식기관 및 항문용약","전문의약품","[M102694]두타스테리드",20140109,"안전성 및 유효성 미확립","","Dutasteride(두타스테리드)",20170713
"특정연령대금기","단일",D000668,"Ibandronate Sodium Monohydrate","이반드론산나트륨일수화물","","용액주사제",201501947,"제이본주(이반드론산나트륨일수화물)",20150409,"제이더블유중외제약(주)","무색투명한 용액이 충전된 프리필드시린지로서 1회용 주사침이 첨부되어 있다.",03990,"따로 분류되지 않는 대사성 의약품","전문의약품","[M102556]이반드론산나트륨일수화물",20140109,"안전성 및 유효성 미확립","","Ibandronate Sodium Monohydrate(이반드론산나트륨일수화물)",20250930
"특정연령대금기","단일",D000610,Dutasteride,"두타스테리드","","연질캡슐제, 액상",201501965,"두타렉스연질캡슐0.5밀리그램(두타스테리드)",20150410,"초당약품공업(주)","무색 투명한 내용물이 들어있는 미황색의 투명한 타원형 연질캡슐",02590,"기타의 비뇨생식기관 및 항문용약","전문의약품","[M102694]두타스테리드",20140109,"안전성 및 유효성 미확립","","Dutasteride(두타스테리드)",20170713
"특정연령대금기","단일",D000610,Dutasteride,"두타스테리드","","연질캡슐제, 액상",201502261,"원투스테리드연질캡슐(두타스테리드)",20150415,"한국휴텍스제약(주)","투명한 내용물이 들어있는 미황색의 투명한 타원형 연질캡슐",02590,"기타의 비뇨생식기관 및 항문용약","전문의약품","[M102694]두타스테리드",20140109,"안전성 및 유효성 미확립","","Dutasteride(두타스테리드)",20170713
"특정연령대금기","단일",D000610,Dutasteride,"두타스테리드","","연질캡슐제, 액상",201502460,"두로칸연질캡슐0.5밀리그램(두타스테리드)",20150427,"경동제약(주)","무색 투명한 내용물이 들어있는 미황색의 투명한 타원형 연질캡슐",02590,"기타의 비뇨생식기관 및 항문용약","전문의약품","[M102694]두타스테리드",20140109,"안전성 및 유효성 미확립","","Dutasteride(두타스테리드)",20170713
"특정연령대금기","단일",D000065,Topiramate,"토피라메이트","","필름코팅정",201502874,"토파로스정25밀리그램(토피라메이트)",20150512,"(주)휴비스트제약","흰색의 원형 필름코팅정제",01130,"항전간제","전문의약품","[M087104]토피라메이트",20140109,"안전성 및 유효성 미확립","","Topiramate(토피라메이트)",20230901
"특정연령대금기","단일",D000610,Dutasteride,"두타스테리드","","연질캡슐제, 액상",201503148,"두타젠연질캡슐0.5밀리그램(두타스테리드)",20150526,"제일약품(주)","무색 투명한 내용물이 든 불투명한 흐린 노란색의 장방형 연질캡슐제",02590,"기타의 비뇨생식기관 및 항문용약","전문의약품","[M102694]두타스테리드",20140109,"안전성 및 유효성 미확립","","Dutasteride(두타스테리드)",20170713
"특정연령대금기","단일",D000065,Topiramate,"토피라메이트","","필름코팅정",201503517,"피엠에스토피라메이트정25밀리그램",20150529,"파마사이언스코리아(주)","흰색 또는 거의 흰색의 원형 필름 코팅정제",01130,"항전간제","전문의약품","[M087104]토피라메이트",20140109,"안전성 및 유효성 미확립","","Topiramate(토피라메이트)",20230901
"특정연령대금기","단일",D000065,Topiramate,"토피라메이트","","필름코팅정",201503842,"피엠에스토피라메이트정100밀리그램",20150612,"파마사이언스코리아(주)","황색의 원형 필름코팅정",01130,"항전간제","전문의약품","[M087104]토피라메이트",20140109,"안전성 및 유효성 미확립","","Topiramate(토피라메이트)",20230901
"특정연령대금기","단일",D000430,Moxifloxacin,"목시플록사신","","용액주사제",201503867,"조이록신주400밀리그램(목시플록사신)",20150612,"한국유나이티드제약(주)","노란색의 투명한 용액이 무색 투명한 병에 들어있는 주사제",06290,"기타의 화학요법제","전문의약품","[M247929]목시플록사신",20141104,"안전성 및 유효성 미확립","","Moxifloxacin(목시플록사신)",20260323
"특정연령대금기","단일",D000668,"Ibandronate Sodium Monohydrate","이반드론산나트륨일수화물","","용액주사제",201504116,"본큐어주(이반드론산나트륨일수화물)",20150624,"(주)라이트팜텍","무색투명한 용액이 무색투명한 유리 프리필드시린지에 든 주사제로서 1회용 주사침이 첨부되어있다.",03990,"따로 분류되지 않는 대사성 의약품","전문의약품","[M102556]이반드론산나트륨일수화물",20140109,"안전성 및 유효성 미확립","","Ibandronate Sodium Monohydrate(이반드론산나트륨일수화물)",20250930
"특정연령대금기","단일",D000610,Dutasteride,"두타스테리드","","연질캡슐제, 액상",201505703,"아보두타연질캡슐0.5밀리그램(두타스테리드)",20150813,"(주)한국팜비오","무색 투명한 내용물이 든 불투명한 흐린 노란색의 장방형 연질캡슐제",02590,"기타의 비뇨생식기관 및 항문용약","전문의약품","[M102694]두타스테리드",20140109,"안전성 및 유효성 미확립","","Dutasteride(두타스테리드)",20170713
"특정연령대금기","단일",D000610,Dutasteride,"두타스테리드","","연질캡슐제, 액상",201505795,"다모다트연질캡슐0.5밀리그램(두타스테리드)",20150818,"현대약품(주)","무색 투명한 내용물이 들어있는 미황색의 투명한 타원형 연질캡슐",02590,"기타의 비뇨생식기관 및 항문용약","전문의약품","[M102694]두타스테리드",20140109,"안전성 및 유효성 미확립","","Dutasteride(두타스테리드)",20170713
"특정연령대금기","단일",D000503,"Doxycycline Hydrate","독시사이클린수화물","","나정",201506123,"바이독시정(독시사이클린수화물)",20150827,"(주)메디카코리아","녹색의 원형 정제",06150,"주로 그람양성, 음성균, 리케치아, 비루스에 작용하는 것","전문의약품","[M222836]독시사이클린수화물",20140109,"소아 등 (특히 치아 형성기인 12세 미만의 소아)에 투여 시, 치아의 착색？법랑질 형성 부전, 또는 일과성 골발육 부전을 일으킬 수 있음","다만, 다른 약을 사용할 수 없거나 효과가 없는 경우에만 8세 이상 신중투여","Doxycycline Hydrate(독시사이클린수화물)",20251211
"특정연령대금기","단일",D000065,Topiramate,"토피라메이트","","필름코팅정",201506136,"토파스정100밀리그램(토피라메이트)",20150828,"(주)셀트리온제약","황색의 원형필름코팅정제",01130,"항전간제","전문의약품","[M087104]토피라메이트",20140109,"안전성 및 유효성 미확립","","Topiramate(토피라메이트)",20230901
"특정연령대금기","단일",D000610,Dutasteride,"두타스테리드","","연질캡슐제, 액상",201506221,"아보탄연질캡슐0.5밀리그램(두타스테리드)",20150831,"한국유나이티드제약(주)","무색 투명한 내용물이 든 불투명한 흐린 노란색의 장방형 연질캡슐제",02590,"기타의 비뇨생식기관 및 항문용약","전문의약품","[M102694]두타스테리드",20140109,"안전성 및 유효성 미확립","","Dutasteride(두타스테리드)",20210217
"특정연령대금기","단일",D000610,Dutasteride,"두타스테리드","","연질캡슐제, 액상",201506569,"두타드연질캡슐0.5밀리그램(두타스테리드)",20150915,"동국제약(주)","무색 투명한 내용물이 들어있는 미황색의 투명한 타원형 연질캡슐",02590,"기타의 비뇨생식기관 및 항문용약","전문의약품","[M102694]두타스테리드",20140109,"안전성 및 유효성 미확립","","Dutasteride(두타스테리드)",20170713
"특정연령대금기","단일",D000430,Moxifloxacin,"목시플록사신","","용액주사제",201506838,"퀴녹스주400밀리그램(목시플록사신)",20150930,"(주)비씨월드제약","노란색의 투명한 액이 무색투명한 수액용 플라스틱 용기에 충전된 주사제",06290,"기타의 화학요법제","전문의약품","[M247929]목시플록사신",20141104,"안전성 및 유효성 미확립","","Moxifloxacin(목시플록사신)",20260323
"특정연령대금기","단일",D000610,Dutasteride,"두타스테리드","","연질캡슐제, 액상",201507299,"두타겟연질캡슐0.5밀리그램(두타스테리드)",20151023,"(주)대웅제약","무색 투명한 내용물이 들어있는 미황색의 투명한 타원형 연질캡슐",02590,"기타의 비뇨생식기관 및 항문용약","전문의약품","[M102694]두타스테리드",20140109,"안전성 및 유효성 미확립","","Dutasteride(두타스테리드)",20170713
"특정연령대금기","단일",D000610,Dutasteride,"두타스테리드","","연질캡슐제, 액상",201507363,"두테론연질캡슐0.5밀리그램(두타스테리드)",20151023,"동광제약(주)","무색 투명한 내용물이 들어있는 미황색의 투명한 타원형 연질캡슐",02590,"기타의 비뇨생식기관 및 항문용약","전문의약품","[M102694]두타스테리드",20140109,"안전성 및 유효성 미확립","","Dutasteride(두타스테리드)",20170713
"특정연령대금기","단일",D000610,Dutasteride,"두타스테리드","","연질캡슐제, 액상",201507419,"대웅바이오두타스테리드연질캡슐0.5밀리그램",20151028,"대웅바이오(주)","무색 투명한 내용물이 들어있는 미황색의 투명한 타원형 연질캡슐",02590,"기타의 비뇨생식기관 및 항문용약","전문의약품","[M102694]두타스테리드",20140109,"안전성 및 유효성 미확립","","Dutasteride(두타스테리드)",20170713
"특정연령대금기","단일",D000503,"Doxycycline Hydrate","독시사이클린수화물","","나정",201507460,"독시엔디정(독시사이클린수화물)",20151029,"(주)티디에스팜","황색 원형의 정제",06150,"주로 그람양성, 음성균, 리케치아, 비루스에 작용하는 것","전문의약품","[M222836]독시사이클린수화물",20140109,"소아 등 (특히 치아 형성기인 12세 미만의 소아)에 투여 시, 치아의 착색？법랑질 형성 부전, 또는 일과성 골발육 부전을 일으킬 수 있음","다만, 다른 약을 사용할 수 없거나 효과가 없는 경우에만 8세 이상 신중투여","Doxycycline Hydrate(독시사이클린수화물)",20251211
"특정연령대금기","단일",D000610,Dutasteride,"두타스테리드","","연질캡슐제, 액상",201507472,"삼천당두타스테리드연질캡슐0.5밀리그램",20151030,"삼천당제약(주)","무색 투명한 내용물이 든 불투명한 흐린 노란색의 장방형 연질캡슐제",02590,"기타의 비뇨생식기관 및 항문용약","전문의약품","[M102694]두타스테리드",20140109,"안전성 및 유효성 미확립","","Dutasteride(두타스테리드)",20170713
"특정연령대금기","단일",D000610,Dutasteride,"두타스테리드","","연질캡슐제, 액상",201507518,"자이가드연질캡슐0.5밀리그램(두타스테리드)",20151030,"(주)한독테바","투명하고 균일한 액이 든 미황색의 장방형 연질캡슐",02590,"기타의 비뇨생식기관 및 항문용약","전문의약품","[M102694]두타스테리드",20140109,"안전성 및 유효성 미확립","","Dutasteride(두타스테리드)",20170713
"특정연령대금기","단일",D000065,Topiramate,"토피라메이트","","필름코팅정",201508116,"토피칸정25밀리그람(토피라메이트)",20151204,"안국약품(주)","황색의 원형 필름코팅 정제",01130,"항전간제","전문의약품","[M087104]토피라메이트",20140109,"안전성 및 유효성 미확립","","Topiramate(토피라메이트)",20230901
"특정연령대금기","단일",D000668,"Ibandronate Sodium Monohydrate","이반드론산나트륨일수화물","","용액주사제",201601173,"동광이반드론산주(이반드론산나트륨일수화물)",20160229,"동광제약(주)","무색투명한 용액이 무색투명한 유리 프리필드시린지에 든 주사제로서 1회용 주사침이 첨부되어있다.",03990,"따로 분류되지 않는 대사성 의약품","전문의약품","[M102556]이반드론산나트륨일수화물",20140109,"안전성 및 유효성 미확립","","Ibandronate Sodium Monohydrate(이반드론산나트륨일수화물)",20250930
"특정연령대금기","단일",D000610,Dutasteride,"두타스테리드","","연질캡슐제, 액상",201601191,"프로다트연질캡슐0.5밀리그램(두타스테리드)",20160229,"주식회사제뉴원사이언스","무색 투명한 내용물이 들어있는 미황색의 투명한 타원형 연질캡슐",02590,"기타의 비뇨생식기관 및 항문용약","전문의약품","[M102694]두타스테리드",20140109,"안전성 및 유효성 미확립","","Dutasteride(두타스테리드)",20170713
"특정연령대금기","단일",D000065,Topiramate,"토피라메이트","","필름코팅정",201601501,"토핀스정25밀리그램(토피라메이트)",20160314,"태극제약(주)","노란색의 원형 필름코팅정",01130,"항전간제","전문의약품","[M087104]토피라메이트",20140109,"안전성 및 유효성 미확립","","Topiramate(토피라메이트)",20230901
"특정연령대금기","단일",D000430,"Moxifloxacin Hydrochloride","목시플록사신염산염","","필름코팅정",201601637,"코러스목시플록사신정400밀리그램(목시플록사신염산염)(수출용)",20160328,"한국코러스(주)","진한 분홍색의 장방형 필름코팅정",06290,"기타의 화학요법제","전문의약품","[M247915]목시플록사신염산염",20141104,"안전성 및 유효성 미확립","","Moxifloxacin Hydrochloride(목시플록사신염산염)",20260323
"특정연령대금기","단일",D000610,Dutasteride,"두타스테리드","","연질캡슐제, 액상",201601737,"씨엠두타연질캡슐0.5mg(두타스테리드)",20160331,"(주)씨엠지제약","무색 투명한 내용물이 들어있는 미황색의 투명한 타원형 연질캡슐",02590,"기타의 비뇨생식기관 및 항문용약","전문의약품","[M102694]두타스테리드",20140109,"안전성 및 유효성 미확립","","Dutasteride(두타스테리드)",20210511
"특정연령대금기","단일",D000182,Tigecycline,"타이제사이클린","","용액용동결건조분말주사제",201602103,"펜믹스타이제사이클린주",20160414,"(주)펜믹스","주황색의 동결 건조된 가루 또는 덩어리가 무색 투명한 바이알에 충전된 주사제",06180,"주로 그람양성, 음성균에 작용하는 것","전문의약품","[M215175]타이제사이클린",20140109,"치아발달기의 환자(임신 후반기, 영아 및 8세 이하의 소아)에게 이 약을 사용할 경우 영구적인 치아 변색을 유발할 수 있음","","Tigecycline(타이제사이클린)",20200521
"특정연령대금기","단일",D000668,"Ibandronate Sodium Monohydrate","이반드론산나트륨일수화물","","용액주사제",201602315,"엔피본주(이반드론산나트륨일수화물)",20160425,"대한뉴팜(주)","무색투명한 용액이 무색투명한 유리 프리필드시린지에 든 주사제로서 1회용 주사침이 첨부되어있다.",03990,"따로 분류되지 않는 대사성 의약품","전문의약품","[M102556]이반드론산나트륨일수화물",20140109,"안전성 및 유효성 미확립","","Ibandronate Sodium Monohydrate(이반드론산나트륨일수화물)",20250930
"특정연령대금기","단일",D000065,Topiramate,"토피라메이트","","필름코팅정",201602619,"토파린정100밀리그램(토피라메이트)",20160512,"현대약품(주)","황색의 원형 필름코팅정",01130,"항전간제","전문의약품","[M087104]토피라메이트",20140109,"안전성 및 유효성 미확립","","Topiramate(토피라메이트)",20230901
"특정연령대금기","단일",D000668,"Ibandronate Sodium Monohydrate","이반드론산나트륨일수화물","","용액주사제",201602723,"본에바주(이반드론산나트륨일수화물)",20160518,"한올바이오파마(주)","무색투명한 용액이 무색투명한 유리 프리필드시린지에 든 주사제로서 1회용 주사침이 첨부되어있다.",03990,"따로 분류되지 않는 대사성 의약품","전문의약품","[M102556]이반드론산나트륨일수화물",20140109,"안전성 및 유효성 미확립","","Ibandronate Sodium Monohydrate(이반드론산나트륨일수화물)",20250930
"특정연령대금기","단일",D000610,Dutasteride,"두타스테리드","","연질캡슐제, 액상",201602903,"두타락연질캡슐0.5밀리그램(두타스테리드)",20160524,"알리코제약(주)","무색 투명한 내용물이 들어있는 미황색의 투명한 타원형 연질캡슐",02590,"기타의 비뇨생식기관 및 항문용약","전문의약품","[M102694]두타스테리드",20140109,"안전성 및 유효성 미확립","","Dutasteride(두타스테리드)",20170713
"특정연령대금기","단일",D000065,Topiramate,"토피라메이트","","필름코팅정",201603053,"토피렌정100밀리그램(토피라메이트)",20160530,"(주)라이트팜텍","황색의 원형 필름코팅 정제",01130,"항전간제","전문의약품","[M087104]토피라메이트",20140109,"안전성 및 유효성 미확립","","Topiramate(토피라메이트)",20230901
"특정연령대금기","단일",D000065,Topiramate,"토피라메이트","","필름코팅정",201603054,"토피렌정25밀리그램(토피라메이트)",20160530,"(주)라이트팜텍","황색의 원형 필름코팅 정제",01130,"항전간제","전문의약품","[M087104]토피라메이트",20140109,"안전성 및 유효성 미확립","","Topiramate(토피라메이트)",20230901
"특정연령대금기","단일",D000065,Topiramate,"토피라메이트","","필름코팅정",201603124,"토팔라스정25밀리그램(토피라메이트)",20160531,"정우신약(주)","황색의 원형 필름코팅 정제",01130,"항전간제","전문의약품","[M087104]토피라메이트",20140109,"안전성 및 유효성 미확립","","Topiramate(토피라메이트)",20230901
"특정연령대금기","단일",D000065,Topiramate,"토피라메이트","","필름코팅정",201603565,"토라펜정(토피라메이트)",20160617,"(주)씨엠지제약","노란색의 원형 필름코팅정",01130,"항전간제","전문의약품","[M087104]토피라메이트",20140109,"안전성 및 유효성 미확립","","Topiramate(토피라메이트)",20230901
"특정연령대금기","단일",D000610,Dutasteride,"두타스테리드","","연질캡슐제, 액상",201603673,"유로다트연질캡슐0.5mg(두타스테리드)",20160621,"(주)씨티씨바이오","무색 투명한 내용물이 든 불투명한 흐린 노란색의 장방형 연질캡슐제",02590,"기타의 비뇨생식기관 및 항문용약","전문의약품","[M102694]두타스테리드",20140109,"안전성 및 유효성 미확립","","Dutasteride(두타스테리드)",20210318
"특정연령대금기","단일",D000668,"Ibandronate Sodium Monohydrate","이반드론산나트륨일수화물","","용액주사제",201604442,"삼성이반드론산주(이반드론산나트륨일수화물)",20160719,"삼성제약(주)","무색투명한 용액이 무색투명한 유리 프리필드시린지에 든 주사제로서 1회용 주사침이 첨부되어있다.",03990,"따로 분류되지 않는 대사성 의약품","전문의약품","[M102556]이반드론산나트륨일수화물",20140109,"안전성 및 유효성 미확립","","Ibandronate Sodium Monohydrate(이반드론산나트륨일수화물)",20250930
"특정연령대금기","단일",D000506,"Diclofenac Sodium","디클로페낙나트륨","","용액주사제",201604658,"오스타렌주(디클로페낙나트륨)",20160728,"(주)오스코리아제약","무색투명한 액이 들어있는 갈색의 앰플",01140,"해열.진통.소염제","전문의약품","[M050288]디클로페낙나트륨",20140109,"벤질알코올은 조숙아에서 치명적인 가쁜 호흡증상과 연관이 있는 것으로 보고됨","","Diclofenac Sodium(디클로페낙나트륨)",20250415
"특정연령대금기","단일",D000668,"Ibandronate Sodium Monohydrate","이반드론산나트륨일수화물","","필름코팅정",201604875,"유니비바정150밀리그램(이반드론산나트륨일수화물)(수출용)",20160810,"한국유니온제약(주)","흰색 내지 거의 흰색의 장방형 필름코팅정",03990,"따로 분류되지 않는 대사성 의약품","전문의약품","[M102556]이반드론산나트륨일수화물",20140109,"안전성 및 유효성 미확립","","Ibandronate Sodium Monohydrate(이반드론산나트륨일수화물)",20250930
"특정연령대금기","단일",D000668,"Ibandronate Sodium Monohydrate","이반드론산나트륨일수화물","","용액주사제",201605329,"하니반주(이반드론산나트륨일수화물)(프리필드)",20160831,"하나제약(주)","무색투명한 용액이 무색투명한 유리 프리필드시린지에 든 주사제로서 1회용 주사침이 첨부되어있다.",03990,"따로 분류되지 않는 대사성 의약품","전문의약품","[M102556]이반드론산나트륨일수화물",20140109,"안전성 및 유효성 미확립","","Ibandronate Sodium Monohydrate(이반드론산나트륨일수화물)",20250930
"특정연령대금기","단일",D000506,"Diclofenac Sodium","디클로페낙나트륨","","용액주사제",201606539,"세로페낙주(디클로페낙나트륨)",20161108,"(주)화이트생명과학","무색투명한 액이 들어있는 갈색의 앰플",01140,"해열.진통.소염제","전문의약품","[M050288]디클로페낙나트륨",20140109,"벤질알코올은 조숙아에서 치명적인 가쁜 호흡증상과 연관이 있는 것으로 보고됨","","Diclofenac Sodium(디클로페낙나트륨)",20250415
"특정연령대금기","단일",D000506,"Diclofenac Sodium","디클로페낙나트륨","","용액주사제",201606827,"글로페낙주(디클로페낙나트륨)",20161130,"(주)킵스바이오파마","무색투명한 액이 들어있는 갈색의 앰플",01140,"해열.진통.소염제","전문의약품","[M050288]디클로페낙나트륨",20140109,"벤질알코올은 조숙아에서 치명적인 가쁜 호흡증상과 연관이 있는 것으로 보고됨","","Diclofenac Sodium(디클로페낙나트륨)",20250415
"특정연령대금기","단일",D000065,Topiramate,"토피라메이트","","필름코팅정",201704726,"토피메인정25밀리그램(토피라메이트)",20170622,"알리코제약(주)","노란색의 원형 필름코팅 정제",01130,"항전간제","전문의약품","[M087104]토피라메이트",20140109,"안전성 및 유효성 미확립","","Topiramate(토피라메이트)",20230901
"특정연령대금기","단일",D000065,Topiramate,"토피라메이트","","서방성캡슐제, 펠렛",201706471,"큐덱시서방캡슐100밀리그램(토피라메이트)",20170808,"에스케이케미칼(주)","흰색 내지 미황색의 과립이 든 상부 적갈색, 하부 회색의 경질캡슐제",01130,"항전간제","전문의약품","[M087104]토피라메이트",20140109,"안전성 및 유효성 미확립","","Topiramate(토피라메이트)",20230901
"특정연령대금기","단일",D000065,Topiramate,"토피라메이트","","서방성캡슐제, 펠렛",201706472,"큐덱시서방캡슐200밀리그램(토피라메이트)",20170808,"에스케이케미칼(주)","흰색 내지 미황색의 과립이 든 상부 갈색, 하부 회색의 경질캡슐제",01130,"항전간제","전문의약품","[M087104]토피라메이트",20140109,"안전성 및 유효성 미확립","","Topiramate(토피라메이트)",20230901
"특정연령대금기","단일",D000065,Topiramate,"토피라메이트","","서방성캡슐제, 펠렛",201706473,"큐덱시서방캡슐25밀리그램(토피라메이트)",20170808,"에스케이케미칼(주)","흰색 내지 미황색의 과립이 든 상부 분홍색, 하부 회색의 경질캡슐제",01130,"항전간제","전문의약품","[M087104]토피라메이트",20140109,"안전성 및 유효성 미확립","","Topiramate(토피라메이트)",20230901
"특정연령대금기","단일",D000065,Topiramate,"토피라메이트","","서방성캡슐제, 펠렛",201706474,"큐덱시서방캡슐50밀리그램(토피라메이트)",20170808,"에스케이케미칼(주)","흰색 내지 미황색의 과립이 든 상부 노란색, 하부 회색의 경질캡슐제",01130,"항전간제","전문의약품","[M087104]토피라메이트",20140109,"안전성 및 유효성 미확립","","Topiramate(토피라메이트)",20230901
"특정연령대금기","단일",D000065,Topiramate,"토피라메이트","","필름코팅정",201707452,"토라펜정100밀리그램(토피라메이트)",20171017,"(주)씨엠지제약","황색의 원형 필름코팅정제",01130,"항전간제","전문의약품","[M087104]토피라메이트",20140109,"안전성 및 유효성 미확립","","Topiramate(토피라메이트)",20230901
"특정연령대금기","단일",D000506,"Diclofenac Sodium","디클로페낙나트륨","","용액주사제",201707880,"경동디클로페낙주(디클로페낙나트륨)(수출용)",20171113,"경동제약(주)","무색투명한 액이 들어있는 갈색의 앰플",01140,"해열.진통.소염제","전문의약품","[M050288]디클로페낙나트륨",20140109,"벤질알코올은 조숙아에서 치명적인 가쁜 호흡증상과 연관이 있는 것으로 보고됨","","Diclofenac Sodium(디클로페낙나트륨)",20230819
"특정연령대금기","단일",D000065,Topiramate,"토피라메이트","","필름코팅정",201800812,"토라메이트정(토피라메이트)",20180213,"(주)알피바이오","황색의 원형 필름 코팅 정제",01130,"항전간제","전문의약품","[M087104]토피라메이트",20140109,"안전성 및 유효성 미확립","","Topiramate(토피라메이트)",20230901
"특정연령대금기","단일",D000065,Topiramate,"토피라메이트","","필름코팅정",201801087,"토피메드정(토피라메이트)",20180308,"(주)인트로바이오파마","흰색의 원형 필름코팅정",01130,"항전간제","전문의약품","[M087104]토피라메이트",20140109,"안전성 및 유효성 미확립","","Topiramate(토피라메이트)",20230901
"특정연령대금기","단일",D000065,Topiramate,"토피라메이트","","필름코팅정",201801152,"토피스정25밀리그램(토피라메이트)",20180313,"영풍제약(주)","황색의 원형 필름코팅 정제",01130,"항전간제","전문의약품","[M087104]토피라메이트",20140109,"안전성 및 유효성 미확립","","Topiramate(토피라메이트)",20230901
"특정연령대금기","단일",D000065,Topiramate,"토피라메이트","","필름코팅정",201801153,"토피스정100밀리그램(토피라메이트)",20180313,"영풍제약(주)","황색의 원형 필름코팅 정제",01130,"항전간제","전문의약품","[M087104]토피라메이트",20140109,"안전성 및 유효성 미확립","","Topiramate(토피라메이트)",20230901
"특정연령대금기","단일",D000065,Topiramate,"토피라메이트","","필름코팅정",201801418,"제스터정25밀리그램(토피라메이트)",20180330,"(주)아이월드제약","황색의 원형 필름코팅정제",01130,"항전간제","전문의약품","[M087104]토피라메이트",20140109,"안전성 및 유효성 미확립","","Topiramate(토피라메이트)",20230901
"특정연령대금기","단일",D000065,Topiramate,"토피라메이트","","필름코팅정",201802220,"피트메이트정(토피라메이트)",20180529,"동국제약(주)","흰색의 원형 필름코팅 정제",01130,"항전간제","전문의약품","[M087104]토피라메이트",20140109,"안전성 및 유효성 미확립","","Topiramate(토피라메이트)",20230901
"특정연령대금기","단일",D000610,Dutasteride,"두타스테리드","","필름코팅정",201802719,"제이다트정0.5밀리그램(두타스테리드)",20180629,"제이더블유중외제약(주)","연한 황색의 달걀형 필름코팅정제",02590,"기타의 비뇨생식기관 및 항문용약","전문의약품","[M102694]두타스테리드",20140109,"안전성 및 유효성 미확립","","Dutasteride(두타스테리드)",20201028
"특정연령대금기","단일",D000610,Dutasteride,"두타스테리드","","필름코팅정",201802793,"두타반플러스정(두타스테리드)",20180704,"동아에스티(주)","연한 황색의 달걀형 필름코팅정제",02590,"기타의 비뇨생식기관 및 항문용약","전문의약품","[M102694]두타스테리드",20140109,"안전성 및 유효성 미확립","","Dutasteride(두타스테리드)",20200714
"특정연령대금기","단일",D000610,Dutasteride,"두타스테리드","","필름코팅정",201802794,"네오다트정0.5밀리그램(두타스테리드)",20180704,"제이더블유신약(주)","연한 황색의 달걀형 필름코팅정제",02590,"기타의 비뇨생식기관 및 항문용약","전문의약품","[M102694]두타스테리드",20140109,"안전성 및 유효성 미확립","","Dutasteride(두타스테리드)",20200807
"특정연령대금기","단일",D000610,Dutasteride,"두타스테리드","","필름코팅정",201802795,"엔피다트정(두타스테리드)",20180704,"대한뉴팜(주)","연한 황색의 달걀형 필름코팅정제",02590,"기타의 비뇨생식기관 및 항문용약","전문의약품","[M102694]두타스테리드",20140109,"안전성 및 유효성 미확립","","Dutasteride(두타스테리드)",20210701
"특정연령대금기","단일",D000610,Dutasteride,"두타스테리드","","필름코팅정",201802826,"두로케어정0.5밀리그램(두타스테리드)",20180706,"하나제약(주)","연한 황색의 달걀형 필름코팅정제",02590,"기타의 비뇨생식기관 및 항문용약","전문의약품","[M102694]두타스테리드",20140109,"안전성 및 유효성 미확립","","Dutasteride(두타스테리드)",20201015
"특정연령대금기","단일",D000610,Dutasteride,"두타스테리드","","필름코팅정",201802827,"두타케어정0.5밀리그램(두타스테리드)",20180706,"주식회사더유제약","연한 황색의 달걀형 필름코팅정제",02590,"기타의 비뇨생식기관 및 항문용약","전문의약품","[M102694]두타스테리드",20140109,"안전성 및 유효성 미확립","","Dutasteride(두타스테리드)",20210305
"특정연령대금기","단일",D000610,Dutasteride,"두타스테리드","","필름코팅정",201802838,"아보그로정0.5밀리그램(두타스테리드)",20180709,"(주)킵스바이오파마","연한 황색의 달걀형 필름코팅정제",02590,"기타의 비뇨생식기관 및 항문용약","전문의약품","[M102694]두타스테리드",20140109,"안전성 및 유효성 미확립","","Dutasteride(두타스테리드)",20200901
"특정연령대금기","단일",D000610,Dutasteride,"두타스테리드","","필름코팅정",201802839,"두테스정0.5밀리그램(두타스테리드)",20180709,"(주)넥스팜코리아","연한 황색의 달걀형 필름코팅정제",02590,"기타의 비뇨생식기관 및 항문용약","전문의약품","[M102694]두타스테리드",20140109,"안전성 및 유효성 미확립","","Dutasteride(두타스테리드)",20200713
"특정연령대금기","단일",D000610,Dutasteride,"두타스테리드","","필름코팅정",201802873,"대웅바이오두타스테리드정0.5밀리그램",20180710,"대웅바이오(주)","연한 황색의 달걀형 필름코팅정",02590,"기타의 비뇨생식기관 및 항문용약","전문의약품","[M102694]두타스테리드",20140109,"안전성 및 유효성 미확립","","Dutasteride(두타스테리드)",20210511
"특정연령대금기","단일",D000610,Dutasteride,"두타스테리드","","필름코팅정",201802875,"두타론정0.5밀리그램(두타스테리드)",20180710,"알보젠코리아(주)","연한 황색의 달걀형 필름코팅정제",02590,"기타의 비뇨생식기관 및 항문용약","전문의약품","[M102694]두타스테리드",20140109,"안전성 및 유효성 미확립","","Dutasteride(두타스테리드)",20201208
"특정연령대금기","단일",D000610,Dutasteride,"두타스테리드","","필름코팅정",201802931,"다모다트정0.5밀리그램(두타스테리드)",20180713,"현대약품(주)","연한 황색의 달걀형 필름코팅정제",02590,"기타의 비뇨생식기관 및 항문용약","전문의약품","[M102694]두타스테리드",20140109,"안전성 및 유효성 미확립","","Dutasteride(두타스테리드)",20200807
"특정연령대금기","단일",D000610,Dutasteride,"두타스테리드","","필름코팅정",201802932,"두타리드정0.5밀리그램(두타스테리드)",20180713,"(주)동구바이오제약","노란색의 장방형 필름코팅정제",02590,"기타의 비뇨생식기관 및 항문용약","전문의약품","[M102694]두타스테리드",20140109,"안전성 및 유효성 미확립","","Dutasteride(두타스테리드)",20210406
"특정연령대금기","단일",D000610,Dutasteride,"두타스테리드","","필름코팅정",201802933,"두타브정0.5밀리그램(두타스테리드)",20180713,"(주)에이프로젠바이오로직스","연한 황색의 달걀형 필름코팅정제",02590,"기타의 비뇨생식기관 및 항문용약","전문의약품","[M102694]두타스테리드",20140109,"안전성 및 유효성 미확립","","Dutasteride(두타스테리드)",20210226
"특정연령대금기","단일",D000065,Topiramate,"토피라메이트","","필름코팅정",201803042,"토피맥스정25mg(토피라메이트)",20180723,"한국휴텍스제약(주)","흰색의 원형필름코팅정",01130,"항전간제","전문의약품","[M087104]토피라메이트",20140109,"안전성 및 유효성 미확립","","Topiramate(토피라메이트)",20230901
"특정연령대금기","단일",D000610,Dutasteride,"두타스테리드","","필름코팅정",201803153,"아보타스정(두타스테리드)",20180730,"(주)한국파마","연한 황색의 달걀형 필름코팅정제",02590,"기타의 비뇨생식기관 및 항문용약","전문의약품","[M102694]두타스테리드",20140109,"안전성 및 유효성 미확립","","Dutasteride(두타스테리드)",20200714
"특정연령대금기","단일",D000065,Topiramate,"토피라메이트","","필름코팅정",201803489,"토파메트정25밀리그램(토피라메이트)",20180828,"(주)메디카코리아","흰색의 원형 필름코팅 정제",01130,"항전간제","전문의약품","[M087104]토피라메이트",20140109,"안전성 및 유효성 미확립","","Topiramate(토피라메이트)",20230901
"특정연령대금기","단일",D000610,Dutasteride,"두타스테리드","","연질캡슐제, 액상",201803547,"아보투윈연질캡슐0.5밀리그램(두타스테리드)",20180830,"코스맥스파마(주)","무색 투명한 액이 든 무색 또는 미황색의 투명한 타원형 연질캡슐",02590,"기타의 비뇨생식기관 및 항문용약","전문의약품","[M102694]두타스테리드",20140109,"안전성 및 유효성 미확립","","Dutasteride(두타스테리드)",20190109
"특정연령대금기","단일",D000610,Dutasteride,"두타스테리드","","필름코팅정",201803731,"에이두타정0.5밀리그램(두타스테리드)",20180914,"안국약품(주)","연한 황색의 달걀형 필름코팅정제",02590,"기타의 비뇨생식기관 및 항문용약","전문의약품","[M102694]두타스테리드",20140109,"안전성 및 유효성 미확립","","Dutasteride(두타스테리드)",20201110
"특정연령대금기","단일",D000065,Topiramate,"토피라메이트","","필름코팅정",201804176,"토피버정100밀리그램(토피라메이트)",20181023,"(주)일화","황색의 원형 필름 코팅 정제",01130,"항전간제","전문의약품","[M087104]토피라메이트",20140109,"안전성 및 유효성 미확립","","Topiramate(토피라메이트)",20230901
"특정연령대금기","단일",D000065,Topiramate,"토피라메이트","","필름코팅정",201804314,"토피라이정100밀리그램(토피라메이트)",20181031,"화일약품(주)","황색의 원형 필름 코팅 정제",01130,"항전간제","전문의약품","[M087104]토피라메이트",20140109,"안전성 및 유효성 미확립","","Topiramate(토피라메이트)",20230901
"특정연령대금기","단일",D000065,Topiramate,"토피라메이트","","필름코팅정",201804315,"토피라이정25밀리그램(토피라메이트)",20181031,"화일약품(주)","황색의 원형 필름코팅 정제",01130,"항전간제","전문의약품","[M087104]토피라메이트",20140109,"안전성 및 유효성 미확립","","Topiramate(토피라메이트)",20230901
"특정연령대금기","단일",D000610,Dutasteride,"두타스테리드","","필름코팅정",201804318,"듀타그렌정0.5mg(두타스테리드)",20181031,"구주제약(주)","연한 황색의 달걀형 필름코팅정제",02590,"기타의 비뇨생식기관 및 항문용약","전문의약품","[M102694]두타스테리드",20140109,"안전성 및 유효성 미확립","","Dutasteride(두타스테리드)",20201102
"특정연령대금기","단일",D000065,Topiramate,"토피라메이트","","필름코팅정",201804669,"토파엠정25밀리그램(토피라메이트)",20181126,"엔비케이제약(주)","황색의 원형 필름코팅 정제",01130,"항전간제","전문의약품","[M087104]토피라메이트",20140109,"안전성 및 유효성 미확립","","Topiramate(토피라메이트)",20230901
"특정연령대금기","단일",D000065,Topiramate,"토피라메이트","","필름코팅정",201804893,"토파엠정100밀리그램(토피라메이트)",20181203,"엔비케이제약(주)","황색의 원형 필름 코팅 정제",01130,"항전간제","전문의약품","[M087104]토피라메이트",20140109,"안전성 및 유효성 미확립","","Topiramate(토피라메이트)",20230901
"특정연령대금기","단일",D000065,Topiramate,"토피라메이트","","필름코팅정",201805025,"피트메이트정100밀리그램(토피라메이트)",20181211,"동국제약(주)","황색의 원형 필름 코팅 정제",01130,"항전간제","전문의약품","[M087104]토피라메이트",20140109,"안전성 및 유효성 미확립","","Topiramate(토피라메이트)",20230901
"특정연령대금기","단일",D000610,Dutasteride,"두타스테리드","","필름코팅정",201901097,"두타스테린정0.5밀리그램(두타스테리드)",20190222,"에이치엘비제약(주)","노란색의 장방형 필름코팅정",02590,"기타의 비뇨생식기관 및 항문용약","전문의약품","[M102694]두타스테리드",20140109,"안전성 및 유효성 미확립","","Dutasteride(두타스테리드)",20210604
"특정연령대금기","단일",D000065,Topiramate,"토피라메이트","","필름코팅정",201901689,"토피맥스정100mg(토피라메이트)",20190321,"한국휴텍스제약(주)","황색의 원형 필름코팅정",01130,"항전간제","전문의약품","[M087104]토피라메이트",20140109,"안전성 및 유효성 미확립","","Topiramate(토피라메이트)",20230901
"특정연령대금기","단일",D000065,Topiramate,"토피라메이트","","필름코팅정",201902173,"토맥스정25밀리그램(토피라메이트)",20190410,"하나제약(주)","황색의 원형 필름코팅 정제",01130,"항전간제","전문의약품","[M087104]토피라메이트",20140109,"안전성 및 유효성 미확립","","Topiramate(토피라메이트)",20230901
"특정연령대금기","단일",D000065,Topiramate,"토피라메이트","","필름코팅정",201902183,"토라메이트정25mg(토피라메이트)",20190410,"(주)알피바이오","황색의 원형 필름코팅 정제",01130,"항전간제","전문의약품","[M087104]토피라메이트",20140109,"안전성 및 유효성 미확립","","Topiramate(토피라메이트)",20230901
"특정연령대금기","단일",D000065,Topiramate,"토피라메이트","","필름코팅정",201902238,"토피메드정100밀리그램(토피라메이트)",20190411,"(주)인트로바이오파마","황색의 원형 필름코팅정",01130,"항전간제","전문의약품","[M087104]토피라메이트",20140109,"안전성 및 유효성 미확립","","Topiramate(토피라메이트)",20230901
"특정연령대금기","단일",D000610,Dutasteride,"두타스테리드","","필름코팅정",201903628,"아보다칸정0.5밀리그램(두타스테리드)",20190531,"(주)경보제약","연한 황색의 달걀형 필름코팅정제",02590,"기타의 비뇨생식기관 및 항문용약","전문의약품","[M102694]두타스테리드",20140109,"안전성 및 유효성 미확립","","Dutasteride(두타스테리드)",20200612
"특정연령대금기","단일",D000610,Dutasteride,"두타스테리드","","필름코팅정",201904318,"모모타정(두타스테리드)",20190624,"(주)셀릭스","연한 황색의 달걀형 필름코팅정제",02590,"기타의 비뇨생식기관 및 항문용약","전문의약품","[M102694]두타스테리드",20140109,"안전성 및 유효성 미확립","","Dutasteride(두타스테리드)",20200827
"특정연령대금기","단일",D000610,Dutasteride,"두타스테리드","","필름코팅정",201905771,"두타스텐정0.5밀리그램(두타스테리드)",20190814,"(주)한풍제약","연한 황색의 달걀형 필름코팅정제",02590,"기타의 비뇨생식기관 및 항문용약","전문의약품","[M102694]두타스테리드",20140109,"안전성 및 유효성 미확립","","Dutasteride(두타스테리드)",20200824
"특정연령대금기","단일",D000610,Dutasteride,"두타스테리드","","필름코팅정",201905934,"두타모아정0.5밀리그램(두타스테리드)",20190822,"제이더블유생명과학(주)","연한 황색의 달걀형 필름코팅정제",02590,"기타의 비뇨생식기관 및 항문용약","전문의약품","[M102694]두타스테리드",20140109,"안전성 및 유효성 미확립","","Dutasteride(두타스테리드)",20191129
"특정연령대금기","단일",D000610,Dutasteride,"두타스테리드","","필름코팅정",201906325,"두타스타정0.5밀리그램(두타스테리드)",20190905,"(주)화이트생명과학","연한 황색의 달걀형 필름코팅정제",02590,"기타의 비뇨생식기관 및 항문용약","전문의약품","[M102694]두타스테리드",20140109,"안전성 및 유효성 미확립","","Dutasteride(두타스테리드)",20201005
"특정연령대금기","단일",D000065,Topiramate,"토피라메이트","","필름코팅정",201906616,"토피버정25밀리그램(토피라메이트)",20190923,"(주)일화","황색의 원형 필름코팅 정제",01130,"항전간제","전문의약품","[M087104]토피라메이트",20140109,"안전성 및 유효성 미확립","","Topiramate(토피라메이트)",20230901
"특정연령대금기","단일",D000610,Dutasteride,"두타스테리드","","필름코팅정",201906842,"아리드정0.5밀리그램(두타스테리드)",20190926,"한국프라임제약(주)","연한 황색의 달걀형 필름코팅정제",02590,"기타의 비뇨생식기관 및 항문용약","전문의약품","[M102694]두타스테리드",20140109,"안전성 및 유효성 미확립","","Dutasteride(두타스테리드)",20210723
"특정연령대금기","단일",D000065,Topiramate,"토피라메이트","","필름코팅정",201907073,"아토맥정100밀리그램(토피라메이트)",20191004,"(주)아리제약","황색의 원형 필름 코팅 정제",01130,"항전간제","전문의약품","[M087104]토피라메이트",20140109,"안전성 및 유효성 미확립","","Topiramate(토피라메이트)",20230901
"특정연령대금기","단일",D000065,Topiramate,"토피라메이트","","필름코팅정",201907140,"아토맥정25밀리그램(토피라메이트)",20191009,"(주)아리제약","황색의 원형 필름코팅 정제",01130,"항전간제","전문의약품","[M087104]토피라메이트",20140109,"안전성 및 유효성 미확립","","Topiramate(토피라메이트)",20230901
"특정연령대금기","단일",D000610,Dutasteride,"두타스테리드","","필름코팅정",201907286,"두타엘정0.5밀리그램(두타스테리드)",20191016,"주식회사큐엘파마","연한  황색의 타원형  필름코팅정제",02590,"기타의 비뇨생식기관 및 항문용약","전문의약품","[M102694]두타스테리드",20140109,"안전성 및 유효성 미확립","","Dutasteride(두타스테리드)",20200114
"특정연령대금기","단일",D000610,Dutasteride,"두타스테리드","","필름코팅정",201907460,"아다모정0.5밀리그램(두타스테리드)",20191025,"한올바이오파마(주)","연한 노란색의 원형 필름 코팅정제",02590,"기타의 비뇨생식기관 및 항문용약","전문의약품","[M102694]두타스테리드",20140109,"안전성 및 유효성 미확립","","Dutasteride(두타스테리드)",20200515
"특정연령대금기","단일",D000610,Dutasteride,"두타스테리드","","필름코팅정",201907491,"아보테드정0.5밀리그램(두타스테리드)",20191028,"영풍제약(주)","연한 노란색의 원형 필름 코팅정제",02590,"기타의 비뇨생식기관 및 항문용약","전문의약품","[M102694]두타스테리드",20140109,"안전성 및 유효성 미확립","","Dutasteride(두타스테리드)",20200626
"특정연령대금기","단일",D000065,Topiramate,"토피라메이트","","필름코팅정",201907816,"한화토피라메이트정100밀리그램",20191108,"한화제약(주)","황색의 원형 필름코팅정",01130,"항전간제","전문의약품","[M087104]토피라메이트",20140109,"안전성 및 유효성 미확립","","Topiramate(토피라메이트)",20230901
"특정연령대금기","단일",D000065,Topiramate,"토피라메이트","","필름코팅정",201907818,"한화토피라메이트정25밀리그램",20191108,"한화제약(주)","흰색의 원형 필름코팅정",01130,"항전간제","전문의약품","[M087104]토피라메이트",20140109,"안전성 및 유효성 미확립","","Topiramate(토피라메이트)",20230901
"특정연령대금기","단일",D000610,Dutasteride,"두타스테리드","","필름코팅정",201908004,"삼성두타스테리드정0.5밀리그램",20191120,"삼성제약(주)","연한 노란색의 원형 필름 코팅정제",02590,"기타의 비뇨생식기관 및 항문용약","전문의약품","[M102694]두타스테리드",20140109,"안전성 및 유효성 미확립","","Dutasteride(두타스테리드)",20200722
"특정연령대금기","단일",D000503,"Doxycycline Hydrate","독시사이클린수화물","","나정",201908023,"독시메디정(독시사이클린수화물)",20191121,"주식회사더유제약","황색의 원형 정제",06150,"주로 그람양성, 음성균, 리케치아, 비루스에 작용하는 것","전문의약품","[M222836]독시사이클린수화물",20140109,"소아 등 (특히 치아 형성기인 12세 미만의 소아)에 투여 시, 치아의 착색？법랑질 형성 부전, 또는 일과성 골발육 부전을 일으킬 수 있음","다만, 다른 약을 사용할 수 없거나 효과가 없는 경우에만 8세 이상 신중투여","Doxycycline Hydrate(독시사이클린수화물)",20251211
"특정연령대금기","단일",D000610,Dutasteride,"두타스테리드","","필름코팅정",201908233,"두리드정0.5밀리그램(두타스테리드)",20191204,"(주)텔콘알에프제약","연한 노란색의 원형 필름 코팅정제",02590,"기타의 비뇨생식기관 및 항문용약","전문의약품","[M102694]두타스테리드",20140109,"안전성 및 유효성 미확립","","Dutasteride(두타스테리드)",20201222
"특정연령대금기","단일",D000065,Topiramate,"토피라메이트","","필름코팅정",201908514,"토피스트정25밀리그램(토피라메이트)",20191218,"대웅바이오(주)","황색의 원형 필름코팅정",01130,"항전간제","전문의약품","[M087104]토피라메이트",20140109,"안전성 및 유효성 미확립","","Topiramate(토피라메이트)",20230901
"특정연령대금기","단일",D000065,Topiramate,"토피라메이트","","필름코팅정",201908515,"토피스트정100밀리그램(토피라메이트)",20191218,"대웅바이오(주)","황색의 원형 필름코팅정",01130,"항전간제","전문의약품","[M087104]토피라메이트",20140109,"안전성 및 유효성 미확립","","Topiramate(토피라메이트)",20230901
"특정연령대금기","단일",D000065,Topiramate,"토피라메이트","","필름코팅정",202000046,"토파맥정25밀리그램(토피라메이트)",20200103,"(주)바스칸바이오제약","흰색의 원형 필름코팅정제",01130,"항전간제","전문의약품","[M087104]토피라메이트",20140109,"안전성 및 유효성 미확립","","Topiramate(토피라메이트)",20230901
"특정연령대금기","단일",D000065,Topiramate,"토피라메이트","","경질캡슐제, 과립제",202000433,"토파맥스스프링클캡슐50밀리그램(토피라메이트)",20200128,"(주)한국얀센","흰색 또는 거의 흰색의 과립이 충진된, 상부-투명/하부-불투명한 흰색의 캡슐",01130,"항전간제","전문의약품","[M087104]토피라메이트",20140109,"안전성 및 유효성 미확립","","Topiramate(토피라메이트)",20230901
"특정연령대금기","단일",D000065,Topiramate,"토피라메이트","","경질캡슐제, 과립제",202000434,"토파맥스스프링클캡슐25밀리그램(토피라메이트)",20200128,"(주)한국얀센","흰색 또는 거의 흰색의 과립이 충진된, 상부-투명/하부-불투명한 흰색의 캡슐",01130,"항전간제","전문의약품","[M087104]토피라메이트",20140109,"안전성 및 유효성 미확립","","Topiramate(토피라메이트)",20230901
"특정연령대금기","단일",D000610,Dutasteride,"두타스테리드","","필름코팅정",202002131,"두타프렌정0.5밀리그램(두타스테리드)",20200327,"(주)다산제약","연한 황색의 달걀형 필름코팅정제",02590,"기타의 비뇨생식기관 및 항문용약","전문의약품","[M102694]두타스테리드",20140109,"안전성 및 유효성 미확립","","Dutasteride(두타스테리드)",20210303
"특정연령대금기","단일",D000610,Dutasteride,"두타스테리드","","필름코팅정",202002957,"두타시아정0.5밀리그램(두타스테리드)",20200424,"유니메드제약(주)","연한 노란색의 원형 필름 코팅정제",02590,"기타의 비뇨생식기관 및 항문용약","전문의약품","[M102694]두타스테리드",20140109,"안전성 및 유효성 미확립","","Dutasteride(두타스테리드)",20200608
"특정연령대금기","단일",D000610,Dutasteride,"두타스테리드","","필름코팅정",202003666,"두타엠정0.5밀리그램(두타스테리드)",20200520,"(주)이든파마","연한 황색의 달걀형 필름코팅정제",02590,"기타의 비뇨생식기관 및 항문용약","전문의약품","[M102694]두타스테리드",20140109,"안전성 및 유효성 미확립","","Dutasteride(두타스테리드)",20200520
"특정연령대금기","단일",D000610,Dutasteride,"두타스테리드","","필름코팅정",202003741,"두로칸정0.5밀리그램(두타스테리드)",20200522,"경동제약(주)","노란색의 장방형 필름코팅정",02590,"기타의 비뇨생식기관 및 항문용약","전문의약품","[M102694]두타스테리드",20140109,"안전성 및 유효성 미확립","","Dutasteride(두타스테리드)",20211018
"특정연령대금기","단일",D000065,Topiramate,"토피라메이트","","필름코팅정",202005251,"토피렌티정100밀리그램(토피라메이트)",20200722,"한국신텍스제약(주)","황색의 원형 필름코팅정",01130,"항전간제","전문의약품","[M087104]토피라메이트",20140109,"안전성 및 유효성 미확립","","Topiramate(토피라메이트)",20230901
"특정연령대금기","단일",D000065,Topiramate,"토피라메이트","","필름코팅정",202005395,"토피렌티정25밀리그램(토피라메이트)",20200724,"한국신텍스제약(주)","흰색의 원형 필름코팅정제",01130,"항전간제","전문의약품","[M087104]토피라메이트",20140109,"안전성 및 유효성 미확립","","Topiramate(토피라메이트)",20230901
"특정연령대금기","단일",D000065,Topiramate,"토피라메이트","","필름코팅정",202005672,"토파맥스정100밀리그램(토피라메이트)",20200805,"(주)한국얀센","노란색의 원형 필름코팅정제",01130,"항전간제","전문의약품","[M087104]토피라메이트",20140109,"안전성 및 유효성 미확립","","Topiramate(토피라메이트)",20230901
"특정연령대금기","단일",D000065,Topiramate,"토피라메이트","","필름코팅정",202005673,"토파맥스정25밀리그램(토피라메이트)",20200805,"(주)한국얀센","흰색의 원형 필름코팅정제",01130,"항전간제","전문의약품","[M087104]토피라메이트",20140109,"안전성 및 유효성 미확립","","Topiramate(토피라메이트)",20230901
"특정연령대금기","단일",D000065,Topiramate,"토피라메이트","","필름코팅정",202102646,"토라피정25밀리그램(토피라메이트)",20210326,"익수제약(주)","흰색의 원형 필름코팅정제",01130,"항전간제","전문의약품","[M087104]토피라메이트",20140109,"안전성 및 유효성 미확립","","Topiramate(토피라메이트)",20230901
"특정연령대금기","단일",D000065,Topiramate,"토피라메이트","","필름코팅정",202105130,"토피아정(토피라메이트)",20210707,"(주)서흥","흰색의 원형 필름코팅정제",01130,"항전간제","전문의약품","[M087104]토피라메이트",20140109,"안전성 및 유효성 미확립","","Topiramate(토피라메이트)",20230901
"특정연령대금기","단일",D000065,Topiramate,"토피라메이트","","필름코팅정",202105534,"에스토프정25mg(토피라메이트)",20210723,"(주)옵투스제약","흰색의 원형 필름코팅정",01130,"항전간제","전문의약품","[M087104]토피라메이트",20140109,"안전성 및 유효성 미확립","","Topiramate(토피라메이트)",20230901
"특정연령대금기","단일",D000065,Topiramate,"토피라메이트","","필름코팅정",202105535,"에스토프정100mg(토피라메이트)",20210723,"(주)옵투스제약","황색의 원형 필름코팅정",01130,"항전간제","전문의약품","[M087104]토피라메이트",20140109,"안전성 및 유효성 미확립","","Topiramate(토피라메이트)",20230901
"특정연령대금기","단일",D000065,Topiramate,"토피라메이트","","필름코팅정",202105680,"토피에이정25밀리그램(토피라메이트)",20210802,"성이바이오제약주식회사","흰색의 원형 필름코팅정제",01130,"항전간제","전문의약품","[M087104]토피라메이트",20140109,"안전성 및 유효성 미확립","","Topiramate(토피라메이트)",20230901
"특정연령대금기","단일",D000065,Topiramate,"토피라메이트","","필름코팅정",202106014,"토피에이정(토피라메이트)",20210818,"성이바이오제약주식회사","황색의 원형 필름코팅정",01130,"항전간제","전문의약품","[M087104]토피라메이트",20140109,"안전성 및 유효성 미확립","","Topiramate(토피라메이트)",20230901
"특정연령대금기","단일",D000065,Topiramate,"토피라메이트","","필름코팅정",202106742,"큐피라정(토피라메이트)",20211006,"주식회사 노바엠헬스케어","흰색의 원형 필름코팅정제",01130,"항전간제","전문의약품","[M087104]토피라메이트",20140109,"안전성 및 유효성 미확립","","Topiramate(토피라메이트)",20230901
"특정연령대금기","단일",D000065,Topiramate,"토피라메이트","","필름코팅정",202106847,"토피메이트정25밀리그램(토피라메이트)",20211012,"(주)테라젠이텍스","흰색의 원형 필름코팅정제",01130,"항전간제","전문의약품","[M087104]토피라메이트",20140109,"안전성 및 유효성 미확립","","Topiramate(토피라메이트)",20230901
"특정연령대금기","단일",D000065,Topiramate,"토피라메이트","","필름코팅정",202106899,"토파메트정100밀리그램(토피라메이트)",20211013,"(주)메디카코리아","황색의 원형 필름코팅정",01130,"항전간제","전문의약품","[M087104]토피라메이트",20140109,"안전성 및 유효성 미확립","","Topiramate(토피라메이트)",20230901
"특정연령대금기","단일",D000065,Topiramate,"토피라메이트","","필름코팅정",202107135,"토파미정100밀리그램(토피라메이트)",20211026,"케이엠에스제약(주)","황색의 원형 필름코팅정",01130,"항전간제","전문의약품","[M087104]토피라메이트",20140109,"안전성 및 유효성 미확립","","Topiramate(토피라메이트)",20230901
"특정연령대금기","단일",D000065,Topiramate,"토피라메이트","","필름코팅정",202107457,"토피린정25밀리그램(토피라메이트)",20211111,"한국프라임제약(주)","노란색의 원형 필름코팅 정제",01130,"항전간제","전문의약품","[M087104]토피라메이트",20140109,"안전성 및 유효성 미확립","","Topiramate(토피라메이트)",20230901
"특정연령대금기","단일",D000065,Topiramate,"토피라메이트","","필름코팅정",202107517,"토피탑정25밀리그램(토피라메이트)",20211117,"에이치엘비제약(주)","흰색의 원형 필름코팅정",01130,"항전간제","전문의약품","[M087104]토피라메이트",20140109,"안전성 및 유효성 미확립","","Topiramate(토피라메이트)",20230901
"특정연령대금기","단일",D000065,Topiramate,"토피라메이트","","필름코팅정",202107518,"토피탑정100밀리그램(토피라메이트)",20211117,"에이치엘비제약(주)","황색의 원형 필름코팅정제",01130,"항전간제","전문의약품","[M087104]토피라메이트",20140109,"안전성 및 유효성 미확립","","Topiramate(토피라메이트)",20230901
"특정연령대금기","단일",D000065,Topiramate,"토피라메이트","","필름코팅정",202200266,"토피메트정(토피라메이트)",20220111,"(주)엘앤씨바이오","흰색의 원형 필름코팅정",01130,"항전간제","전문의약품","[M087104]토피라메이트",20140109,"안전성 및 유효성 미확립","","Topiramate(토피라메이트)",20230901
"특정연령대금기","단일",D000503,"Doxycycline Hydrate","독시사이클린수화물","","나정",202202687,"독시크정50밀리그램(독시사이클린수화물)",20220630,"(주)바이넥스","분홍색의 원형 정제",06150,"주로 그람양성, 음성균, 리케치아, 비루스에 작용하는 것","전문의약품","[M222836]독시사이클린수화물",20140109,"소아 등 (특히 치아 형성기인 12세 미만의 소아)에 투여 시, 치아의 착색？법랑질 형성 부전, 또는 일과성 골발육 부전을 일으킬 수 있음","다만, 다른 약을 사용할 수 없거나 효과가 없는 경우에만 8세 이상 신중투여","Doxycycline Hydrate(독시사이클린수화물)",20251211
"특정연령대금기","단일",D000505,"Diethylpropion Hydrochloride","디에틸프로피온염산염","","나정",200410825,"디피온정(디에틸프로피온염산염)",20040729,"(주)바이넥스","백색의 마름모형 정제",01230,"자율신경제","전문의약품","[M230781]디에틸프로피온염산염",20140109,"안전성 및 유효성 미확립","","Diethylpropion Hydrochloride(디에틸프로피온염산염)",""
"특정연령대금기","단일",D000505,"Diethylpropion Hydrochloride","디에틸프로피온염산염","","나정",200604143,"레노씬정(디에틸프로피온염산염)",20060329,"명문제약(주)","흰색 내지 미황색의 장방형 정제",01230,"자율신경제","전문의약품","[M230781]디에틸프로피온염산염",20140109,"안전성 및 유효성 미확립","","Diethylpropion Hydrochloride(디에틸프로피온염산염)",""
"특정연령대금기","단일",D000505,"Diethylpropion Hydrochloride","디에틸프로피온염산염","","나정",200604151,"웰피온정(디에틸프로피온염산염)",20060104,"(주)휴온스","흰색의 마름모형 정제",01230,"자율신경제","전문의약품","[M230781]디에틸프로피온염산염",20140109,"안전성 및 유효성 미확립","","Diethylpropion Hydrochloride(디에틸프로피온염산염)",""
"특정연령대금기","단일",D000505,"Diethylpropion Hydrochloride","디에틸프로피온염산염","","나정",200604161,"에닝정(디에틸프로피온염산염)",20060103,"태극제약(주)","흰색의 원형 정제",01230,"자율신경제","전문의약품","[M230781]디에틸프로피온염산염",20140109,"안전성 및 유효성 미확립","","Diethylpropion Hydrochloride(디에틸프로피온염산염)",""
"특정연령대금기","단일",D000505,"Diethylpropion Hydrochloride","디에틸프로피온염산염","","나정",200605325,"암페몬정(디에틸프로피온염산염)",20060504,"조아제약(주)","흰색의 원형 나정",01230,"자율신경제","전문의약품","[M230781]디에틸프로피온염산염",20140109,"안전성 및 유효성 미확립","","Diethylpropion Hydrochloride(디에틸프로피온염산염)",""
"특정연령대금기","단일",D000505,"Diethylpropion Hydrochloride","디에틸프로피온염산염","","나정",200610879,"엠피온정(디에틸프로피온염산염)",20060823,"(주)마더스제약","흰색 내지 미황색의 장방형 정제",01230,"자율신경제","전문의약품","[M230781]디에틸프로피온염산염",20140109,"안전성 및 유효성 미확립","","Diethylpropion Hydrochloride(디에틸프로피온염산염)",""
"특정연령대금기","단일",D000505,"Diethylpropion Hydrochloride","디에틸프로피온염산염","","나정",201602990,"레피온정(디에틸프로피온염산염)",20160527,"(주)제뉴파마","흰색 내지 미황색의 육각형 정제",01230,"자율신경제","전문의약품","[M230781]디에틸프로피온염산염",20140109,"안전성 및 유효성 미확립","","Diethylpropion Hydrochloride(디에틸프로피온염산염)",""
"특정연령대금기","단일",D000505,"Diethylpropion Hydrochloride","디에틸프로피온염산염","","나정",201908596,"엘피온정25밀리그램(디에틸프로피온염산염)",20191223,"(주)한국파마","흰색 내지 미황색의 장방형 정제",01230,"자율신경제","전문의약품","[M230781]디에틸프로피온염산염",20140109,"안전성 및 유효성 미확립","","Diethylpropion Hydrochloride(디에틸프로피온염산염)",""
"특정연령대금기","단일",D000505,"Diethylpropion Hydrochloride","디에틸프로피온염산염","","나정",202006161,"디에칠정(디에틸프로피온염산염)",20200903,"(주)인트로바이오파마","흰색 내지 미황색의 장방형 정제",01230,"자율신경제","전문의약품","[M230781]디에틸프로피온염산염",20140109,"안전성 및 유효성 미확립","","Diethylpropion Hydrochloride(디에틸프로피온염산염)",""
"특정연령대금기","단일",D000182,Tigecycline,"타이제사이클린","","용액용동결건조분말주사제",202302765,"타이가실주(타이제사이클린)",20230914,"한국화이자제약(주)","주황색의 동결·건조된 가루 또는 덩어리가 무색투명한 바이알에 충진된 주사제",06180,"주로 그람양성, 음성균에 작용하는 것","전문의약품","[M215175]타이제사이클린",20140109,"치아발달기의 환자(임신 후반기, 영아 및 8세 이하의 소아)에게 이 약을 사용할 경우 영구적인 치아 변색을 유발할 수 있음","","Tigecycline(타이제사이클린)",""
"특정연령대금기","단일",D000065,Topiramate,"토피라메이트","","필름코팅정",202402296,"토피메드서방정50밀리그램(토피라메이트)",20240923,"(주)인트로바이오파마","분홍색의 원형 서방성 필름코팅정",01130,"항전간제","전문의약품","[M087104]토피라메이트",20140109,"안전성 및 유효성 미확립","","Topiramate(토피라메이트)",""
"특정연령대금기","단일",D000065,Topiramate,"토피라메이트","","필름코팅정",202402815,"토피메드서방정25밀리그램(토피라메이트)",20241127,"(주)인트로바이오파마","분홍색의 원형 서방성 필름코팅정",01130,"항전간제","전문의약품","[M087104]토피라메이트",20140109,"안전성 및 유효성 미확립","","Topiramate(토피라메이트)",""
"특정연령대금기","단일",D000065,Topiramate,"토피라메이트","","필름코팅정",202402827,"토라펜엑스알서방정50밀리그램(토피라메이트)",20241129,"(주)씨엠지제약","분홍색의 원형 서방성 필름코팅정",01130,"항전간제","전문의약품","[M087104]토피라메이트",20140109,"안전성 및 유효성 미확립","","Topiramate(토피라메이트)",""
"특정연령대금기","단일",D000065,Topiramate,"토피라메이트","","필름코팅정",202402953,"토라펜엑스알서방정25밀리그램(토피라메이트)",20241212,"(주)씨엠지제약","분홍색의 원형 서방성 필름코팅정",01130,"항전간제","전문의약품","[M087104]토피라메이트",20140109,"안전성 및 유효성 미확립","","Topiramate(토피라메이트)",""
"특정연령대금기","단일",D000065,Topiramate,"토피라메이트","","필름코팅정",202402973,"세티서방정25밀리그램(토피라메이트)",20241216,"(주)휴온스","분홍색의 원형 서방성 필름코팅정",01130,"항전간제","전문의약품","[M087104]토피라메이트",20140109,"안전성 및 유효성 미확립","","Topiramate(토피라메이트)",""
"특정연령대금기","단일",D000065,Topiramate,"토피라메이트","","필름코팅정",202500741,"토파미정25밀리그램(토피라메이트)",20250331,"케이엠에스제약(주)","황색의 원형 필름코팅 정제",01130,"항전간제","전문의약품","[M087104]토피라메이트",20140109,"안전성 및 유효성 미확립","","Topiramate(토피라메이트)",""
"특정연령대금기","단일",D000065,Topiramate,"토피라메이트","","필름코팅정",202501907,"종근당토피라메이트서방정25밀리그램",20250725,"(주)종근당","분홍색의 원형 서방성 필름코팅정",01130,"항전간제","전문의약품","[M087104]토피라메이트",20140109,"안전성 및 유효성 미확립","","Topiramate(토피라메이트)",""
"특정연령대금기","단일",D000065,Topiramate,"토피라메이트","","필름코팅정",202501908,"종근당토피라메이트서방정50밀리그램",20250725,"(주)종근당","분홍색의 원형 서방성 필름코팅정",01130,"항전간제","전문의약품","[M087104]토피라메이트",20140109,"안전성 및 유효성 미확립","","Topiramate(토피라메이트)",""
"특정연령대금기","단일",D000271,"Zolpidem Tartrate","졸피뎀타르타르산염","","필름코팅정",200410861,"졸피드정10밀리그램(졸피뎀타르타르산염)",20061019,"한미약품(주)","흰색의 장방형 필름코팅정",01120,"최면진정제","전문의약품","[M239566]졸피뎀타르타르산염",20140109,"- 안전성 및 유효성 미확립- 현기증, 두통, 환각을 포함한 정신 신경계 이상반응이 위약군에 비해 흔하게 나타남","","Zolpidem Tartrate(졸피뎀타르타르산염)",""
"특정연령대금기","단일",D000271,"Zolpidem Tartrate","졸피뎀타르타르산염","","필름코팅정",200512142,"졸피람정10밀리그램(졸피뎀타르타르산염)",20050408,"환인제약(주)","백색 장방형의 필름코팅정",01120,"최면진정제","전문의약품","[M239566]졸피뎀타르타르산염",20140109,"- 안전성 및 유효성 미확립- 현기증, 두통, 환각을 포함한 정신 신경계 이상반응이 위약군에 비해 흔하게 나타남","","Zolpidem Tartrate(졸피뎀타르타르산염)",""
"특정연령대금기","단일",D000271,"Zolpidem Tartrate","졸피뎀타르타르산염","","필름코팅정",200606261,"파마주석산졸피뎀정(졸피뎀타르타르산염)",20060608,"(주)한국파마","흰색의 장방형 필름코팅 정제",01120,"최면진정제","전문의약품","[M239566]졸피뎀타르타르산염",20140109,"- 안전성 및 유효성 미확립- 현기증, 두통, 환각을 포함한 정신 신경계 이상반응이 위약군에 비해 흔하게 나타남","","Zolpidem Tartrate(졸피뎀타르타르산염)",""
"특정연령대금기","단일",D000271,"Zolpidem Tartrate","졸피뎀타르타르산염","","필름코팅정",200606262,"졸피움정(졸피뎀타르타르산염)",20060620,"고려제약(주)","흰색 장방형의 필름코팅정제",01120,"최면진정제","전문의약품","[M239566]졸피뎀타르타르산염",20140109,"- 안전성 및 유효성 미확립- 현기증, 두통, 환각을 포함한 정신 신경계 이상반응이 위약군에 비해 흔하게 나타남","","Zolpidem Tartrate(졸피뎀타르타르산염)",""
"특정연령대금기","단일",D000271,"Zolpidem Tartrate","졸피뎀타르타르산염","","필름코팅정",200700634,"스틸녹스정10밀리그램(졸피뎀타르타르산염)",20070117,"(주)한독","백색 장방형의 필름코팅제",01120,"최면진정제","전문의약품","[M239566]졸피뎀타르타르산염",20140109,"- 안전성 및 유효성 미확립- 현기증, 두통, 환각을 포함한 정신 신경계 이상반응이 위약군에 비해 흔하게 나타남","","Zolpidem Tartrate(졸피뎀타르타르산염)",""
"특정연령대금기","단일",D000271,"Zolpidem Tartrate","졸피뎀타르타르산염","","서방성필름코팅정",200700635,"스틸녹스CR정6.25밀리그램(졸피뎀타르타르산염)",20070117,"(주)한독","양면이 볼록하고 한 면에 ZMR이 새겨진 분홍색의 원형 필름코팅 서방정",01120,"최면진정제","전문의약품","[M239566]졸피뎀타르타르산염/[M239566]졸피뎀타르타르산염",20140109,"- 안전성 및 유효성 미확립- 현기증, 두통, 환각을 포함한 정신 신경계 이상반응이 위약군에 비해 흔하게 나타남","","Zolpidem Tartrate(졸피뎀타르타르산염)",""
"특정연령대금기","단일",D000271,"Zolpidem Tartrate","졸피뎀타르타르산염","","서방성필름코팅정",200700636,"스틸녹스CR정12.5밀리그램(졸피뎀타르타르산염)",20070117,"(주)한독","양면이 볼록하고 한 면에 ZMR이 새겨진 파란색의 원형필름코팅 서방정",01120,"최면진정제","전문의약품","[M239566]졸피뎀타르타르산염/[M239566]졸피뎀타르타르산염",20140109,"- 안전성 및 유효성 미확립- 현기증, 두통, 환각을 포함한 정신 신경계 이상반응이 위약군에 비해 흔하게 나타남","","Zolpidem Tartrate(졸피뎀타르타르산염)",""
"특정연령대금기","단일",D000271,"Zolpidem Tartrate","주석산졸피뎀","","나정",200704597,"산도스졸피뎀정10mg(주석산졸피뎀)",20070419,"삼일제약(주)","흰색의 양면이 볼록하고 한면에 절단선이 있는 장방형 정제",01120,"최면진정제","전문의약품","[M088392]주석산졸피뎀",20140109,"- 안전성 및 유효성 미확립- 현기증, 두통, 환각을 포함한 정신 신경계 이상반응이 위약군에 비해 흔하게 나타남","","Zolpidem Tartrate(주석산졸피뎀)",""
"특정연령대금기","단일",D000271,"Zolpidem Tartrate","졸피뎀타르타르산염","","필름코팅정",200710013,"졸피신정10밀리그램(졸피뎀타르타르산염)",20070830,"명인제약(주)","백색 장방형 필름코팅정",01120,"최면진정제","전문의약품","[M239566]졸피뎀타르타르산염",20140109,"- 안전성 및 유효성 미확립- 현기증, 두통, 환각을 포함한 정신 신경계 이상반응이 위약군에 비해 흔하게 나타남","","Zolpidem Tartrate(졸피뎀타르타르산염)",""
"특정연령대금기","단일",D000271,"Zolpidem Tartrate","졸피뎀타르타르산염","","필름코팅정",201406022,"스틸렉스정10밀리그램(졸피뎀타르타르산염)",20141223,"명문제약(주)","흰색의 장방형 필름코팅 정제",01120,"최면진정제","전문의약품","[M239566]졸피뎀타르타르산염",20140109,"- 안전성 및 유효성 미확립- 현기증, 두통, 환각을 포함한 정신 신경계 이상반응이 위약군에 비해 흔하게 나타남","","Zolpidem Tartrate(졸피뎀타르타르산염)",""
"특정연령대금기","단일",D000271,"Zolpidem Tartrate","졸피뎀타르타르산염","","필름코팅정",201501813,"졸피드정5밀리그램(졸피뎀타르타르산염)",20150403,"한미약품(주)","분홍색의 장방형 필름코팅정",01120,"최면진정제","전문의약품","[M239566]졸피뎀타르타르산염",20140109,"- 안전성 및 유효성 미확립- 현기증, 두통, 환각을 포함한 정신 신경계 이상반응이 위약군에 비해 흔하게 나타남","","Zolpidem Tartrate(졸피뎀타르타르산염)",""
"특정연령대금기","단일",D000271,"Zolpidem Tartrate","졸피뎀타르타르산염","","필름코팅정",201606485,"졸피신정5밀리그램(졸피뎀타르타르산염)",20161104,"명인제약(주)","분홍색의 장방형 필름코팅정",01120,"최면진정제","전문의약품","[M239566]졸피뎀타르타르산염",20140109,"- 안전성 및 유효성 미확립- 현기증, 두통, 환각을 포함한 정신 신경계 이상반응이 위약군에 비해 흔하게 나타남","","Zolpidem Tartrate(졸피뎀타르타르산염)",""
"특정연령대금기","단일",D000271,"Zolpidem Tartrate","졸피뎀타르타르산염","","필름코팅정",201701569,"스립정10밀리그램(졸피뎀타르타르산염)",20170331,"유니메드제약(주)","흰색의 장방형 필름코팅정",01120,"최면진정제","전문의약품","[M239566]졸피뎀타르타르산염",20140109,"- 안전성 및 유효성 미확립- 현기증, 두통, 환각을 포함한 정신 신경계 이상반응이 위약군에 비해 흔하게 나타남","","Zolpidem Tartrate(졸피뎀타르타르산염)",""
"특정연령대금기","단일",D000271,"Zolpidem Tartrate","졸피뎀타르타르산염","","필름코팅정",201701570,"스립정5밀리그램(졸피뎀타르타르산염)",20170331,"유니메드제약(주)","보라색의 원형 필름코팅정",01120,"최면진정제","전문의약품","[M239566]졸피뎀타르타르산염",20140109,"- 안전성 및 유효성 미확립- 현기증, 두통, 환각을 포함한 정신 신경계 이상반응이 위약군에 비해 흔하게 나타남","","Zolpidem Tartrate(졸피뎀타르타르산염)",""
"특정연령대금기","단일",D000271,"Zolpidem Tartrate","졸피뎀타르타르산염","","필름코팅정",201800563,"졸피람정10밀리그램(졸피뎀타르타르산염)(Zolpiram Tablet 10mg)",20180130,"환인제약(주)","백색 장방형의 필름코팅정",01120,"최면진정제","전문의약품","[M239566]졸피뎀타르타르산염",20140109,"- 안전성 및 유효성 미확립- 현기증, 두통, 환각을 포함한 정신 신경계 이상반응이 위약군에 비해 흔하게 나타남","","Zolpidem Tartrate(졸피뎀타르타르산염)",""
"특정연령대금기","단일",D000271,"Zolpidem Tartrate","졸피뎀타르타르산염","","필름코팅정",202402908,"졸피원정10밀리그램(졸피뎀타르타르산염)",20241210,"하나제약(주)","흰색의 장방형 필름코팅정",01120,"최면진정제","전문의약품","[M239566]졸피뎀타르타르산염",20140109,"- 안전성 및 유효성 미확립- 현기증, 두통, 환각을 포함한 정신 신경계 이상반응이 위약군에 비해 흔하게 나타남","","Zolpidem Tartrate(졸피뎀타르타르산염)",""
"특정연령대금기","단일",D000177,"Codeine Phosphate Hydrate","코데인인산염수화물","","나정",199403297,"명문인산코데인정",19940922,"명문제약(주)","흰색의 원형정제",08110,"아편알카로이드계 제제","전문의약품","[M223188]코데인인산염수화물",20141104,"코데인이 모르핀으로 대사되는 과정이 다양하고 예측 불가능하여 모르핀으로 인한 독성이 나타날 위험이 있음","","Codeine Phosphate Hydrate(코데인인산염수화물)",""
"특정연령대금기","단일",D000177,"Codeine Phosphate Hydrate","코데인인산염수화물","","나정",199704612,"하나인산코데인정",19970106,"하나제약(주)","백색의 정제",08110,"아편알카로이드계 제제","전문의약품","[M223188]코데인인산염수화물",20141104,"코데인이 모르핀으로 대사되는 과정이 다양하고 예측 불가능하여 모르핀으로 인한 독성이 나타날 위험이 있음","","Codeine Phosphate Hydrate(코데인인산염수화물)",""
"특정연령대금기","단일",D000177,"Codeine Phosphate Hydrate","코데인인산염수화물","","나정",199704636,"비씨인산코데인정",19970804,"(주)비씨월드제약","흰색 내지 담황색의 원형 정제",08110,"아편알카로이드계 제제","전문의약품","[M223188]코데인인산염수화물",20141104,"코데인이 모르핀으로 대사되는 과정이 다양하고 예측 불가능하여 모르핀으로 인한 독성이 나타날 위험이 있음","","Codeine Phosphate Hydrate(코데인인산염수화물)",""
"특정연령대금기","단일",D000177,"Codeine Phosphate Hydrate","코데인인산염수화물","","나정",199806858,"구주인산코데인정",19980508,"구주제약(주)","백색 내지 황색을 띤 원형 정제",08110,"아편알카로이드계 제제","전문의약품","[M223188]코데인인산염수화물",20141104,"코데인이 모르핀으로 대사되는 과정이 다양하고 예측 불가능하여 모르핀으로 인한 독성이 나타날 위험이 있음","","Codeine Phosphate Hydrate(코데인인산염수화물)",""
"특정연령대금기","단일",D000177,"Codeine Phosphate Hydrate","코데인인산염수화물","","나정",200308509,"데코인정(코데인인산염수화물)",20030416,"성원애드콕제약(주)","흰색~황색의 원형 정제",08110,"아편알카로이드계 제제","전문의약품","[M223188]코데인인산염수화물",20141104,"코데인이 모르핀으로 대사되는 과정이 다양하고 예측 불가능하여 모르핀으로 인한 독성이 나타날 위험이 있음","","Codeine Phosphate Hydrate(코데인인산염수화물)",""
"특정연령대금기","단일",D000177,"Codeine Phosphate Hydrate","코데인인산염수화물","","나정",201706491,"일성코데인정(코데인인산염수화물)(수출용)",20170809,"일성아이에스(주)","백색 내지 황색을 띤 원형정제",08110,"아편알카로이드계 제제","전문의약품","[M223188]코데인인산염수화물",20141104,"코데인이 모르핀으로 대사되는 과정이 다양하고 예측 불가능하여 모르핀으로 인한 독성이 나타날 위험이 있음","","Codeine Phosphate Hydrate(코데인인산염수화물)",""
"특정연령대금기","복합",D000177,"Codeine Phosphate Hydrate","코데인인산염수화물","[D000147]Acetaminophen(아세트아미노펜)/[D000363]Ibuprofen(이부프로펜)","경질캡슐제, 산제",199907257,"코노펜캡슐",19990329,"하나제약(주)","백색의 과립 또는 분말이 충진되어 있는 상부 적색, 하부 백색의 경질캡슐제",08110,"아편알카로이드계 제제","전문의약품","[M223188]코데인인산염수화물/[M051259]이부프로펜/[M040353]아세트아미노펜",20141104,"코데인이 모르핀으로 대사되는 과정이 다양하고 예측 불가능하여 모르핀으로 인한 독성이 나타날 위험이 있음","","Codeine Phosphate Hydrate(코데인인산염수화물)",""
"특정연령대금기","복합",D000177,"Codeine Phosphate Hydrate","코데인인산염수화물","[D000147]Acetaminophen(아세트아미노펜)/[D000363]Ibuprofen(이부프로펜)","경질캡슐제, 산제",200210719,"마이폴캡슐(코데인,이부프로펜,아세트아미노펜)",20021112,"성원애드콕제약(주)","흰색 가루가 든 상부녹색, 하부적색의 경질캡슐",08110,"아편알카로이드계 제제","전문의약품","[M040353]아세트아미노펜/[M051259]이부프로펜/[M223188]코데인인산염수화물",20141104,"코데인이 모르핀으로 대사되는 과정이 다양하고 예측 불가능하여 모르핀으로 인한 독성이 나타날 위험이 있음","","Codeine Phosphate Hydrate(코데인인산염수화물)",""
"특정연령대금기","단일",D000092,"Dihydrocodeine Tartrate","디히드로코데인타르타르산염","","서방성필름코팅정",199704622,"디코데서방정(디히드로코데인타르타르산염)",19970313,"하나제약(주)","백색 또는 미백색의 장방형 서방성 정제",08110,"아편알카로이드계 제제","전문의약품","[M249060]디히드로코데인타르타르산염",20140109,"코데인이 모르핀으로 대사되는 과정이 다양하고 예측불가능하여 모르핀으로 인한 독성이 나타날 위험이 있음","","Dihydrocodeine Tartrate(디히드로코데인타르타르산염)",""
"특정연령대금기","단일",D000088,"Doxazosin Mesylate","독사조신메실산염","","나정",201607198,"다림독사조신메실산염정2밀리그램(수출용)",20161221,"(주)다림바이오텍","백색의 장방형 정제",02140,"혈압강하제","전문의약품","[M252421]독사조신메실산염",20140109,"안전성 및 유효성 미확립","","Doxazosin Mesylate(독사조신메실산염)",""
"특정연령대금기","단일",D000296,"Doxylamine Succinate","독시라민숙신산염","","필름코팅정",202107184,"자멘쏙정(독시라민숙신산염)",20211028,"일양약품(주)","연청색의 타원형 정제",01120,"최면진정제","일반의약품","[M250452]독시라민숙신산염",20140109,"소아에 항히스타민제 투여 시 paradoxical excitation 유발 가능","","Doxylamine Succinate(독시라민숙신산염)",""
"특정연령대금기","단일",D000296,"Doxylamine Succinate","독시라민숙신산염","","나정",202500644,"자모다정(독시라민숙신산염)",20250320,"(주)와이에스생명과학","흰색의 타원형 정제",01120,"최면진정제","일반의약품","[M250452]독시라민숙신산염",20140109,"소아에 항히스타민제 투여 시 paradoxical excitation 유발 가능","","Doxylamine Succinate(독시라민숙신산염)",""
"특정연령대금기","단일",D000296,"Doxylamine Succinate","독시라민숙신산염","","필름코팅정",202502598,"자미솔정(독시라민숙신산염)",20251001,"초당약품공업(주)","흰색 내지 거의 흰색의 원형 필름코팅정제",01120,"최면진정제","일반의약품","[M250452]독시라민숙신산염",20140109,"소아에 항히스타민제 투여 시 paradoxical excitation 유발 가능","","Doxylamine Succinate(독시라민숙신산염)",""
"특정연령대금기","단일",D000296,"Doxylamine Succinate","독시라민숙신산염","","나정",202600284,"쿨드림롱정(독시라민숙신산염)",20260130,"(주)녹십자","흰색의 타원형 정제",01120,"최면진정제","일반의약품","[M250452]독시라민숙신산염",20140109,"소아에 항히스타민제 투여 시 paradoxical excitation 유발 가능","","Doxylamine Succinate(독시라민숙신산염)",""
"특정연령대금기","단일",D000296,"Doxylamine Succinate","독시라민숙신산염","","나정",202601464,"쿨나잇정(독시라민숙신산염)",20260520,"에스케이케미칼(주)","흰색의 타원형 정제",01120,"최면진정제","일반의약품","[M250452]독시라민숙신산염",20140109,"소아에 항히스타민제 투여 시 paradoxical excitation 유발 가능","","Doxylamine Succinate(독시라민숙신산염)",""
"특정연령대금기","단일",D000610,Dutasteride,"두타스테리드","","연질캡슐제, 액상",201706885,"타테린연질캡슐0.5밀리그램(두타스테리드)",20170830,"(주)비보존제약","무색 투명한 내용물이 들어있는 미황색의 투명한 타원형 연질캡슐",02590,"기타의 비뇨생식기관 및 항문용약","전문의약품","[M102694]두타스테리드",20140109,"안전성 및 유효성 미확립","","Dutasteride(두타스테리드)",""
"특정연령대금기","단일",D000610,Dutasteride,"두타스테리드","","연질캡슐제, 액상",201708604,"아다모연질캡슐0.5밀리그램(두타스테리드)",20171228,"한올바이오파마(주)","무색 투명한 내용물이 들어있는 미황색의 투명한 타원형 연질캡슐",02590,"기타의 비뇨생식기관 및 항문용약","전문의약품","[M102694]두타스테리드",20140109,"안전성 및 유효성 미확립","","Dutasteride(두타스테리드)",""
"특정연령대금기","단일",D000610,Dutasteride,"두타스테리드","","연질캡슐제, 액상",201902598,"두타온연질캡슐0.5밀리그램(두타스테리드)",20190425,"맥널티제약(주)","무색 투명한 내용물이 들어있는 미황색의 투명한 타원형 연질캡슐",02590,"기타의 비뇨생식기관 및 항문용약","전문의약품","[M102694]두타스테리드",20140109,"안전성 및 유효성 미확립","","Dutasteride(두타스테리드)",""
"특정연령대금기","단일",D000610,Dutasteride,"두타스테리드","","연질캡슐제, 액상",201903342,"두타그로연질캡슐0.5밀리그램(두타스테리드)",20190523,"(주)휴온스메디텍","무색 투명한 내용물이 들어있는 미황색의 투명한 타원형 연질캡슐",02590,"기타의 비뇨생식기관 및 항문용약","전문의약품","[M102694]두타스테리드",20140109,"안전성 및 유효성 미확립","","Dutasteride(두타스테리드)",""
"특정연령대금기","단일",D000610,Dutasteride,"두타스테리드","","연질캡슐제, 액상",201905664,"두타윈연질캡슐0.5밀리그램(두타스테리드)",20190812,"(주)한풍제약","무색 투명한 내용물이 들어있는 미황색의 투명한 타원형 연질캡슐",02590,"기타의 비뇨생식기관 및 항문용약","전문의약품","[M102694]두타스테리드",20140109,"안전성 및 유효성 미확립","","Dutasteride(두타스테리드)",""
"특정연령대금기","단일",D000610,Dutasteride,"두타스테리드","","필름코팅정",201907785,"두타린정0.5밀리그램(두타스테리드)",20191107,"한국신텍스제약(주)","연한 노란색의 원형 필름코팅정제",02590,"기타의 비뇨생식기관 및 항문용약","전문의약품","[M102694]두타스테리드",20140109,"안전성 및 유효성 미확립","","Dutasteride(두타스테리드)",""
"특정연령대금기","단일",D000610,Dutasteride,"두타스테리드","","필름코팅정",202000271,"두타베린정0.5밀리그램(두타스테리드)",20200117,"영일제약(주)","연한 노란색의 원형 필름 코팅정제",02590,"기타의 비뇨생식기관 및 항문용약","전문의약품","[M102694]두타스테리드",20140109,"안전성 및 유효성 미확립","","Dutasteride(두타스테리드)",""
"특정연령대금기","단일",D000610,Dutasteride,"두타스테리드","","필름코팅정",202000571,"두타프로정(두타스테리드)",20200203,"(주)인트로바이오파마","연한 황색의 달걀형 필름코팅정제",02590,"기타의 비뇨생식기관 및 항문용약","전문의약품","[M102694]두타스테리드",20140109,"안전성 및 유효성 미확립","","Dutasteride(두타스테리드)",""
"특정연령대금기","단일",D000610,Dutasteride,"두타스테리드","","필름코팅정",202003882,"머카나정0.5밀리그램(두타스테리드)",20200526,"(주)라이트팜텍","연한 황색의 달걀형 필름코팅정제",02590,"기타의 비뇨생식기관 및 항문용약","전문의약품","[M102694]두타스테리드",20140109,"안전성 및 유효성 미확립","","Dutasteride(두타스테리드)",""
"특정연령대금기","단일",D000610,Dutasteride,"두타스테리드","","연질캡슐제, 액상",202004077,"두모보연질캡슐0.5밀리그램(두타스테리드)",20200529,"건일바이오팜주식회사","무색 투명한 내용물이 들어있는 미황색의 투명한 타원형 연질캡슐",02590,"기타의 비뇨생식기관 및 항문용약","전문의약품","[M102694]두타스테리드",20140109,"안전성 및 유효성 미확립","","Dutasteride(두타스테리드)",""
"특정연령대금기","단일",D000610,Dutasteride,"두타스테리드","","필름코팅정",202005608,"두타모정0.5밀리그램(두타스테리드)",20200803,"한국유니온제약(주)","노란색의 장방형 필름코팅정제",02590,"기타의 비뇨생식기관 및 항문용약","전문의약품","[M102694]두타스테리드",20140109,"안전성 및 유효성 미확립","","Dutasteride(두타스테리드)",""
"특정연령대금기","단일",D000610,Dutasteride,"두타스테리드","","연질캡슐제, 액상",202106074,"휴다트연질캡슐0.5밀리그램(두타스테리드)",20210820,"(주)휴온스","무색 투명한 내용물이 든 미황색의 장방형 연질캡슐",02590,"기타의 비뇨생식기관 및 항문용약","전문의약품","[M102694]두타스테리드",20140109,"안전성 및 유효성 미확립","","Dutasteride(두타스테리드)",""
"특정연령대금기","단일",D000610,Dutasteride,"두타스테리드","","연질캡슐제, 액상",202203625,"두타원연질캡슐0.5밀리그램(두타스테리드)",20220921,"씨에이치디제약주식회사","무색 투명한 내용물이 들어있는 미황색의 투명한 타원형 연질캡슐",02590,"기타의 비뇨생식기관 및 항문용약","전문의약품","[M102694]두타스테리드",20140109,"안전성 및 유효성 미확립","","Dutasteride(두타스테리드)",""
"특정연령대금기","단일",D000610,Dutasteride,"두타스테리드","","연질캡슐제, 액상",202301009,"아보엠연질캡슐0.5밀리그램(두타스테리드)",20230323,"(주)마더스제약","무색 투명한 내용물이 든 미황색의 장방형 연질캡슐",02590,"기타의 비뇨생식기관 및 항문용약","전문의약품","[M102694]두타스테리드",20140109,"안전성 및 유효성 미확립","","Dutasteride(두타스테리드)",""
"특정연령대금기","단일",D000610,Dutasteride,"두타스테리드","","필름코팅정",202302168,"모벤두타정0.5밀리그램(두타스테리드)",20230714,"대원바이오텍주식회사","노란색의 장방형 필름코팅정",02590,"기타의 비뇨생식기관 및 항문용약","전문의약품","[M102694]두타스테리드",20140109,"안전성 및 유효성 미확립","","Dutasteride(두타스테리드)",""
"특정연령대금기","단일",D000610,Dutasteride,"두타스테리드","","연질캡슐제, 액상",202400769,"에이두타연질캡슐0.5밀리그램(두타스테리드)",20240404,"안국약품(주)","무색 투명한 내용물이 들어있는 미황색의 투명한 타원형 연질캡슐",02590,"기타의 비뇨생식기관 및 항문용약","전문의약품","[M102694]두타스테리드",20140109,"안전성 및 유효성 미확립","","Dutasteride(두타스테리드)",""
"특정연령대금기","단일",D000610,Dutasteride,"두타스테리드","","필름코팅정",202400908,"유앤두타스테리드정0.5밀리그램(수출용)",20240422,"(주)유앤생명과학","노란색의 장방형 필름코팅정",02590,"기타의 비뇨생식기관 및 항문용약","전문의약품","[M102694]두타스테리드",20140109,"안전성 및 유효성 미확립","","Dutasteride(두타스테리드)",""
"특정연령대금기","단일",D000610,Dutasteride,"두타스테리드","","연질캡슐제, 액상",202401516,"두타앤연질캡슐0.5mg(두타스테리드)",20240621,"(주)킴스제약","무색 투명한 액이 든 무색 또는 미황색의 투명한 타원형 연질캡슐",02590,"기타의 비뇨생식기관 및 항문용약","전문의약품","[M102694]두타스테리드",20140109,"안전성 및 유효성 미확립","","Dutasteride(두타스테리드)",""
"특정연령대금기","단일",D000610,Dutasteride,"두타스테리드","","연질캡슐제, 액상",202401943,"모더다트연질캡슐0.5밀리그램(두타스테리드)",20240813,"주식회사더유제약","무색 투명한 액이 든 무색 또는 미황색의 투명한 타원형 연질캡슐",02590,"기타의 비뇨생식기관 및 항문용약","전문의약품","[M102694]두타스테리드",20140109,"안전성 및 유효성 미확립","","Dutasteride(두타스테리드)",""
"특정연령대금기","단일",D000610,Dutasteride,"두타스테리드","","연질캡슐제, 액상",202500167,"이노다트연질캡슐0.5밀리그램(두타스테리드)",20250122,"(주)테라젠이텍스","무색 투명한 액이 든 무색 또는 미황색의 투명한 타원형 연질캡슐",02590,"기타의 비뇨생식기관 및 항문용약","전문의약품","[M102694]두타스테리드",20140109,"안전성 및 유효성 미확립","","Dutasteride(두타스테리드)",""
"특정연령대금기","단일",D000610,Dutasteride,"두타스테리드","","필름코팅정",202502557,"발모트정0.5밀리그램(두타스테리드)",20250926,"(주)서울제약","연한 노란색의 원형 필름 코팅정제",02590,"기타의 비뇨생식기관 및 항문용약","전문의약품","[M102694]두타스테리드",20140109,"안전성 및 유효성 미확립","","Dutasteride(두타스테리드)",""
"특정연령대금기","단일",D000610,Dutasteride,"두타스테리드","","필름코팅정",202503311,"두타세트정0.5밀리그램(두타스테리드)",20251218,"코스맥스파마(주)","연한 노란색의 원형 필름 코팅정제",02590,"기타의 비뇨생식기관 및 항문용약","전문의약품","[M102694]두타스테리드",20140109,"안전성 및 유효성 미확립","","Dutasteride(두타스테리드)",""
"특정연령대금기","단일",D000610,Dutasteride,"두타스테리드","","연질캡슐제, 액상",202600762,"두타필연질캡슐0.5밀리그램(두타스테리드)",20260316,"(주)필인터내셔널","무색 투명한 내용물이 들어있는 미황색의 투명한 타원형 연질캡슐",02590,"기타의 비뇨생식기관 및 항문용약","전문의약품","[M102694]두타스테리드",20140109,"안전성 및 유효성 미확립","","Dutasteride(두타스테리드)",""
"특정연령대금기","단일",D000610,Dutasteride,"두타스테리드","","필름코팅정",202600843,"센모트정(두타스테리드)",20260325,"(주)휴온스메디텍","연한 황색의 타원형 필름코팅정제",02590,"기타의 비뇨생식기관 및 항문용약","전문의약품","[M102694]두타스테리드",20140109,"안전성 및 유효성 미확립","","Dutasteride(두타스테리드)",""
"특정연령대금기","단일",D000610,Dutasteride,"두타스테리드","","필름코팅정",202601413,"스타라이드정0.5밀리그램(두타스테리드)",20260513,"(주)코아팜바이오","연한 황색의 타원형 필름코팅정제",02590,"기타의 비뇨생식기관 및 항문용약","전문의약품","[M102694]두타스테리드",20140109,"안전성 및 유효성 미확립","","Dutasteride(두타스테리드)",""
"특정연령대금기","단일",D000610,Dutasteride,"두타스테리드","","필름코팅정",202601713,"두타리온정0.5밀리그램(두타스테리드)",20260617,"(주)유앤생명과학","노란색의 장방형 필름코팅정제",02590,"기타의 비뇨생식기관 및 항문용약","전문의약품","[M102694]두타스테리드",20140109,"안전성 및 유효성 미확립","","Dutasteride(두타스테리드)",""
"특정연령대금기","단일",D000610,Dutasteride,"두타스테리드","","필름코팅정",202601949,"모나다트정0.5밀리그램(두타스테리드)",20260706,"주식회사 노바엠헬스케어","노란색의 장방형 필름코팅정제",02590,"기타의 비뇨생식기관 및 항문용약","전문의약품","[M102694]두타스테리드",20140109,"안전성 및 유효성 미확립","","Dutasteride(두타스테리드)",""
"특정연령대금기","단일",D000557,Etomidate,"에토미데이트","","유화주사제",200410460,"에토미데이트리푸로주",20260213,"비브라운코리아(주)","무색투명한 앰플에 든 백색의 유제성 주사제",01110,"전신마취제","전문의약품","[M088929]에토미데이트",20140109,_,"","Etomidate(에토미데이트)",""
"특정연령대금기","단일",D000097,"Fentanyl Citrate","펜타닐시트르산염","","용액주사제",198601875,"명문구연산펜타닐주사",19860917,"명문제약(주)","무색 투명한 용액이 든 갈색 유리 앰플 또는 갈색 유리 바이알",08210,"합성마약","전문의약품","[M223286]펜타닐시트르산염",20140109,"- 안전성 및 유효성 미확립- 조산아에 펜타닐, 판쿠로늄, 아트로핀이 포함된 응급마취 및 수술 시 메트헤모글로빈혈증이 드물게 보고됨","","Fentanyl Citrate(펜타닐시트르산염)",""
"특정연령대금기","단일",D000097,Fentanyl,"펜타닐","","용액주사제",198802974,"제일펜타닐시트르산염주사(수출용)",19881031,"(주)제일제약","무색의 맑은 액체가 든 갈색 앰플",08210,"합성마약","전문의약품","[M230151]펜타닐",20140109,"- 안전성 및 유효성 미확립- 조산아에 펜타닐, 판쿠로늄, 아트로핀이 포함된 응급마취 및 수술 시 메트헤모글로빈혈증이 드물게 보고됨","","Fentanyl(펜타닐)",""
"특정연령대금기","단일",D000097,"Fentanyl Citrate","펜타닐시트르산염","","용액주사제",199403310,"비씨펜타닐시트르산염주사",19940105,"(주)비씨월드제약","무색투명한 액이 갈색 유리앰플, 갈색 유리바이알에 든 주사제",08210,"합성마약","전문의약품","[M223286]펜타닐시트르산염",20140109,"- 안전성 및 유효성 미확립- 조산아에 펜타닐, 판쿠로늄, 아트로핀이 포함된 응급마취 및 수술 시 메트헤모글로빈혈증이 드물게 보고됨","","Fentanyl Citrate(펜타닐시트르산염)",""
"특정연령대금기","단일",D000097,"Fentanyl Citrate","펜타닐시트르산염","","용액주사제",199604972,"구주구연산펜타닐주사",19961114,"구주제약(주)","무색투명한 액이 든 갈색앰플제",08210,"합성마약","전문의약품","[M223286]펜타닐시트르산염",20140109,"- 안전성 및 유효성 미확립- 조산아에 펜타닐, 판쿠로늄, 아트로핀이 포함된 응급마취 및 수술 시 메트헤모글로빈혈증이 드물게 보고됨","","Fentanyl Citrate(펜타닐시트르산염)",""
"특정연령대금기","단일",D000097,"Fentanyl Citrate","펜타닐시트르산염","","용액주사제",199704613,"하나구연산펜타닐주사",19970204,"하나제약(주)","갈색 유리앰플, 갈색 유리바이알 또는 플라스틱제수성주사제용기에 무색투명한 액이 든 주사제",08210,"합성마약","전문의약품","[M223286]펜타닐시트르산염",20140109,"- 안전성 및 유효성 미확립- 조산아에 펜타닐, 판쿠로늄, 아트로핀이 포함된 응급마취 및 수술 시 메트헤모글로빈혈증이 드물게 보고됨","","Fentanyl Citrate(펜타닐시트르산염)",""
"특정연령대금기","단일",D000097,"Fentanyl Citrate","펜타닐시트르산염","","용액주사제",200410834,"한림펜타닐주사(펜타닐시트르산염)",20040109,"한림제약(주)","[내수용1]무색 투명한 액이 든 갈색 앰플제 또는 갈색 바이알제[내수용2]플라스틱제수성주사제용기에 무색투명한 액이 든 주사제",08210,"합성마약","전문의약품","[M223286]펜타닐시트르산염/[M223286]펜타닐시트르산염",20140109,"- 안전성 및 유효성 미확립- 조산아에 펜타닐, 판쿠로늄, 아트로핀이 포함된 응급마취 및 수술 시 메트헤모글로빈혈증이 드물게 보고됨","","Fentanyl Citrate(펜타닐시트르산염)",""
"특정연령대금기","단일",D000097,"Fentanyl Citrate","펜타닐시트르산염","","용액주사제",200805994,"대한펜타닐주사액(펜타닐시트르산염)",20080529,"대한약품공업(주)","플라스틱제수성주사제용기에 무색투명한 액이 든 주사제",08210,"합성마약","전문의약품","[M223286]펜타닐시트르산염",20140109,"- 안전성 및 유효성 미확립- 조산아에 펜타닐, 판쿠로늄, 아트로핀이 포함된 응급마취 및 수술 시 메트헤모글로빈혈증이 드물게 보고됨","","Fentanyl Citrate(펜타닐시트르산염)",""
"특정연령대금기","단일",D000097,"Fentanyl Citrate","펜타닐시트르산염","","용액주사제",201200585,"대원펜타닐시트르산염주사액",20120126,"대원제약(주)","무색 투명한 액이 든 갈색 바이알제",08210,"합성마약","전문의약품","[M223286]펜타닐시트르산염",20140109,"- 안전성 및 유효성 미확립- 조산아에 펜타닐, 판쿠로늄, 아트로핀이 포함된 응급마취 및 수술 시 메트헤모글로빈혈증이 드물게 보고됨","","Fentanyl Citrate(펜타닐시트르산염)",""
"특정연령대금기","단일",D000097,"Fentanyl Citrate","펜타닐시트르산염","","용액주사제",201300115,"명문펜타닐시트르산염주사(앰플)",20130107,"명문제약(주)","무색 투명한 용액이 든 갈색 유리 앰플",08210,"합성마약","전문의약품","[M223286]펜타닐시트르산염",20140109,"- 안전성 및 유효성 미확립- 조산아에 펜타닐, 판쿠로늄, 아트로핀이 포함된 응급마취 및 수술 시 메트헤모글로빈혈증이 드물게 보고됨","","Fentanyl Citrate(펜타닐시트르산염)",""
"특정연령대금기","단일",D000097,"Fentanyl Citrate","펜타닐시트르산염","","용액주사제",201504512,"비씨펜타닐시트르산염주사(수출용)",20150703,"주|비씨월드제약","갈색유리앰플에무색투명한액이든주사제",08210,"합성마약","전문의약품","[M223286]펜타닐시트르산염",20140109,"- 안전성 및 유효성 미확립- 조산아에 펜타닐, 판쿠로늄, 아트로핀이 포함된 응급마취 및 수술 시 메트헤모글로빈혈증이 드물게 보고됨","","Fentanyl Citrate(펜타닐시트르산염)",""
"특정연령대금기","단일",D000097,"Fentanyl Citrate","펜타닐시트르산염","","용액주사제",201508432,"한림펜타닐시트르산염주사(수출용)",20151228,"한림제약(주)","무색 투명한 액이 든 갈색 앰플제 또는 갈색 바이알제",08210,"합성마약","전문의약품","[M223286]펜타닐시트르산염",20140109,"- 안전성 및 유효성 미확립- 조산아에 펜타닐, 판쿠로늄, 아트로핀이 포함된 응급마취 및 수술 시 메트헤모글로빈혈증이 드물게 보고됨","","Fentanyl Citrate(펜타닐시트르산염)",""
"특정연령대금기","단일",D000097,"Fentanyl Citrate","펜타닐시트르산염","","용액주사제",202004529,"비씨펜타닐시트르산염주사(바이알)(수출용)",20200622,"주|비씨월드제약","무색투명한 액이 갈색 유리바이알에 든 주사제",08210,"합성마약","전문의약품","[M223286]펜타닐시트르산염",20140109,"- 안전성 및 유효성 미확립- 조산아에 펜타닐, 판쿠로늄, 아트로핀이 포함된 응급마취 및 수술 시 메트헤모글로빈혈증이 드물게 보고됨","","Fentanyl Citrate(펜타닐시트르산염)",""
"특정연령대금기","단일",D000097,"Fentanyl Citrate","펜타닐시트르산염","","용액주사제",202004965,"구주구연산펜타닐주사(수출용)",20200709,"구주제약(주)","무색투명한 액이 든 갈색앰플제",08210,"합성마약","전문의약품","[M223286]펜타닐시트르산염",20140109,"- 안전성 및 유효성 미확립- 조산아에 펜타닐, 판쿠로늄, 아트로핀이 포함된 응급마취 및 수술 시 메트헤모글로빈혈증이 드물게 보고됨","","Fentanyl Citrate(펜타닐시트르산염)",""
"특정연령대금기","단일",D000097,"Fentanyl Citrate","펜타닐시트르산염","","용액주사제",202601936,"하나구연산펜타닐주사(수출용)",20260702,"하나제약(주)","갈색 유리앰플, 갈색 유리바이알 또는 플라스틱제수성주사제용기에 무색투명한 액이 든 주사제",08210,"합성마약","전문의약품","[M223286]펜타닐시트르산염",20140109,"- 안전성 및 유효성 미확립- 조산아에 펜타닐, 판쿠로늄, 아트로핀이 포함된 응급마취 및 수술 시 메트헤모글로빈혈증이 드물게 보고됨","","Fentanyl Citrate(펜타닐시트르산염)",""
"특정연령대금기","단일",D000106,"Flurazepam Hydrochloride","플루라제팜염산염","","필름코팅정",199907280,"달마돔정(플루라제팜염산염)",19990805,"고려제약(주)","오렌지 황색의 필림코팅된 원형 정제",01120,"최면진정제","전문의약품","[M223321]플루라제팜염산염",20140109,"안전성 및 유효성 미확립","","Flurazepam Hydrochloride(플루라제팜염산염)",""
"특정연령대금기","단일",D000222,"Loperamide Hydrochloride","로페라미드염산염","","경질캡슐제, 산제",197600412,"로프민캡슐(로페라미드염산염)",19760414,"영일제약(주)","흰색가루가 함유된 흰색의 경질캡슐제",02370,"정장제","일반의약품","[M222992]로페라미드염산염",20140109,_,"","Loperamide Hydrochloride(로페라미드염산염)",20221206
"특정연령대금기","단일",D000222,"Loperamide Hydrochloride","로페라미드염산염","","경질캡슐제, 산제",197800212,"로파인캡슐(로페라미드염산염)",19781025,"태극제약(주)","흰색가루가 함유된 흰색의 경질캡슐제",02370,"정장제","일반의약품","[M222992]로페라미드염산염",20140109,_,"","Loperamide Hydrochloride(로페라미드염산염)",20221206
"특정연령대금기","단일",D000222,"Loperamide Hydrochloride","로페라미드염산염","","경질캡슐제, 산제",198400816,"대화염산로페라미드캡슐(수출용)(수출명:파라닥손캡슐)",19840223,"대화제약(주)","백색 캅셀제",02370,"정장제","일반의약품","[M222992]로페라미드염산염",20140109,_,"","Loperamide Hydrochloride(로페라미드염산염)",20221206
"특정연령대금기","단일",D000222,"Loperamide Hydrochloride","로페라미드염산염","","경질캡슐제, 산제",198601389,"지엘로페라미드염산염캡슐",19860305,"지엘파마(주)","흰색가루가 함유된 상단 황색, 하단 흰색의 경질캡슐제",02370,"정장제","일반의약품","[M222992]로페라미드염산염",20140109,_,"","Loperamide Hydrochloride(로페라미드염산염)",20221206
"특정연령대금기","단일",D000672,Ketoprofen,"케토프로펜","","피부용겔제",198800774,"케토파인겔(케토프로펜)",19880908,"태극제약(주)","무색 투명 겔제",02640,"진통.진양.수렴.소염제","일반의약품","[M051464]케토프로펜",20140109,_,"","Ketoprofen(케토프로펜)",20100530
"특정연령대금기","단일",D000672,Ketoprofen,"케토프로펜","","피부용겔제",198801106,"시푸로겔3%(케토프로펜)",19880510,"삼진제약(주)","방향성을 갖는 거의 무색투명한 점액성의 겔제",02640,"진통.진양.수렴.소염제","일반의약품","[M051464]케토프로펜",20140109,_,"","Ketoprofen(케토프로펜)",20151105
"특정연령대금기","단일",D000672,Ketoprofen,"케토프로펜","","용액주사제",198801250,"부광케토프로펜주100밀리그램",19880705,"부광약품(주)","갈색의 유리앰플 주사제",01140,"해열.진통.소염제","전문의약품","[M051464]케토프로펜",20140109,"- 안전성 및 유효성 미확립- 벤질알코올은 조숙아에서 치명적인 가쁜 호흡증상과 연관이 있는 것으로 보고됨","","Ketoprofen(케토프로펜)",20240522
"특정연령대금기","단일",D000672,Ketoprofen,"케토프로펜","","용액주사제",199000595,"제일제약케토프로펜주(수출용)",19901026,"(주)제일제약","무색 내지 미황색의 액체가 들어있는 갈색 앰플제",01140,"해열.진통.소염제","전문의약품","[M051464]케토프로펜",20140109,"- 안전성 및 유효성 미확립- 벤질알코올은 조숙아에서 치명적인 가쁜 호흡증상과 연관이 있는 것으로 보고됨","","Ketoprofen(케토프로펜)",20181128
"특정연령대금기","단일",D000672,Ketoprofen,"케토프로펜","","용액주사제",199000923,"삼천당케토프로펜주100밀리그램(수출명:케페인주)",19900330,"삼천당제약(주)","무색투명한 액이 든 갈색유리앰플 주사제",01140,"해열.진통.소염제","전문의약품","[M051464]케토프로펜",20140109,"- 안전성 및 유효성 미확립- 벤질알코올은 조숙아에서 치명적인 가쁜 호흡증상과 연관이 있는 것으로 보고됨","","Ketoprofen(케토프로펜)",20240522
"특정연령대금기","단일",D000672,Ketoprofen,"케토프로펜","","피부용겔제",199201803,"케바논겔(케토프로펜)",19920618,"대화제약(주)","전질이 고른 투명한 겔",02640,"진통.진양.수렴.소염제","일반의약품","[M051464]케토프로펜",20140109,_,"","Ketoprofen(케토프로펜)",20210524
"특정연령대금기","복합",D000302,Levodopa,"레보도파","[D000563]Benserazide(벤세라지드)","경질캡슐제, 산제",199203393,"마도파에취비에스캡슐125",19921119,"(주)한국로슈","흰색 또는 미황색 가루로 충진된 상부-암녹색, 하부-담청색의 경질 캡슐제",01190,"기타의 중추신경용약","전문의약품","[M040122]레보도파/[M096035]염산벤세라짓",20140109,"- 안전성 및 유효성 미확립- 동물실험에서 벤세라지드에 의해 골격기형이 나타남","","Levodopa(레보도파)",20200227
"특정연령대금기","단일",D000672,Ketoprofen,"케토프로펜","","지지체가있는첩부제",199300356,"케토톱플라스타(케토프로펜)(싱가폴수출명 : Ketotop Pain Relief Plaster 30mg)",19931018,"(주)한독","-국내용 1, 2, 4, 5, 6, 7, 수출용: 무색 투명 또는 유백색의 점착성 물질을 살구색의 린트포에 도포하여 고체면에 박리지를 덮은 모서리가 둥근 사각형의 첩부제- 국내용 3 : 무색 투명 또는 유백색의 점착성 물질을 어두운 살구색의 린트포에 도포하여 고체면에 박리지를 덮은 원형의 첩부제",02640,"진통.진양.수렴.소염제","일반의약품","[M051464]케토프로펜/[M051464]케토프로펜/[M051464]케토프로펜/[M051464]케토프로펜/[M051464]케토프로펜/[M051464]케토프로펜/[M051464]케토프로펜/[M051464]케토프로펜",20140109,_,"","Ketoprofen(케토프로펜)",20200822
"특정연령대금기","단일",D000672,Ketoprofen,"케토프로펜","","피부용겔제",199400367,"케노펜겔(케토프로펜)",19940514,"일동제약(주)","무색의 투명한 겔제",02640,"진통.진양.수렴.소염제","일반의약품","[M051464]케토프로펜",20140109,_,"","Ketoprofen(케토프로펜)",20100530
"특정연령대금기","단일",D000793,"Levofloxacin Hydrate","레보플록사신수화물","","필름코팅정",199400369,"레보펙신정(레보플록사신수화물)",19940817,"일동제약(주)","백색의 원형 필름코팅정제",06290,"기타의 화학요법제","전문의약품","[M251128]레보플록사신수화물",20140109,"- 안전성 및 유효성 미확립- 퀴놀론계 항균제는 몇몇 어린 동물종에서 관절병증, 뼈연골증을 유발","","Levofloxacin Hydrate(레보플록사신수화물)",20260323
"특정연령대금기","단일",D000793,Levofloxacin,"레보플록사신","","필름코팅정",199400461,"제일크라비트정(레보플록사신)",19940430,"제일약품(주)","이 약은 백색-미황백색의 필름코팅정이다.",06290,"기타의 화학요법제","전문의약품","[M085584]레보플록사신",20140109,"- 안전성 및 유효성 미확립- 퀴놀론계 항균제는 몇몇 어린 동물종에서 관절병증, 뼈연골증을 유발","","Levofloxacin(레보플록사신)",20260323
"특정연령대금기","복합",D000709,Lidocaine,"리도카인","[D000622]Prilocaine(프릴로카인)","피부크림제",199403237,"엠라5%크림",19940312,"타나베파마코리아주식회사","균일한 백색의 크림임",01210,"국소마취제","전문의약품","[M040131]리도카인/[M087237]프릴로카인",20140109,"- 흡수에 대한 자료가 불완전하므로 소아의 생식기 점막에는 적용하지 말 것- 메트헤모글로빈의 일시적 증가 보고","","Lidocaine(리도카인)",20260309
"특정연령대금기","단일",D000274,"Ketorolac Tromethamine","케토롤락트로메타민","","필름코팅정",199500043,"케토라신정(케토롤락트로메타민)",19950712,"동국제약(주)","이 약은 원형의 흰색 필름코팅정제이다.",01140,"해열.진통.소염제","전문의약품","[M084703]케토롤락트로메타민",20140109,"안전성 및 유효성 미확립","","Ketorolac Tromethamine(케토롤락트로메타민)",20240522
"특정연령대금기","단일",D000672,Ketoprofen,"케토프로펜","","피부용겔제",199500642,"에스겔(케토프로펜)",19950804,"알리코제약(주)","무색 투명한 겔제",02640,"진통.진양.수렴.소염제","일반의약품","[M051464]케토프로펜",20140109,_,"","Ketoprofen(케토프로펜)",20180223
"특정연령대금기","단일",D000672,Ketoprofen,"케토프로펜","","피부용겔제",199600275,"케토톱겔(케토프로펜)",19960911,"(주)한독","무색 투명 겔제",02640,"진통.진양.수렴.소염제","일반의약품","[M051464]케토프로펜",20140109,_,"","Ketoprofen(케토프로펜)",20151116
"특정연령대금기","단일",D000672,Ketoprofen,"케토프로펜","","지지체가있는첩부제",199600277,"케토톱엘플라스타(케토프로펜)",19960715,"(주)한독","무색투명의 점착성물질을 살구색의 린트포에 도포하여 고체면에 박리지를 덮은 첩부제",02640,"진통.진양.수렴.소염제","일반의약품","[M051464]케토프로펜",20140109,_,"","Ketoprofen(케토프로펜)",20150309
"특정연령대금기","단일",D000672,Ketoprofen,"케토프로펜","","경피흡수제",199600561,"케펜텍플라스타(케토프로펜)(수출명 : KEFEN)",19960419,"제일헬스사이언스(주)","이 약은 무색투명의 점착성 물질을 린트포에 도포하고 고체면에 박리지를 덮은 경고제이다",02640,"진통.진양.수렴.소염제","일반의약품","[M051464]케토프로펜/[M051464]케토프로펜/[M051464]케토프로펜/[M051464]케토프로펜/[M051464]케토프로펜/[M051464]케토프로펜",20140109,_,"","Ketoprofen(케토프로펜)",20110620
"특정연령대금기","단일",D000672,Ketoprofen,"케토프로펜","","피부용겔제",199602289,"루마겔(케토프로펜)",19961129,"한미약품(주)","무색 투명의 겔제",02640,"진통.진양.수렴.소염제","일반의약품","[M051464]케토프로펜",20140109,_,"","Ketoprofen(케토프로펜)",20190628
"특정연령대금기","복합",D000302,Levodopa,"레보도파","[D000563]Benserazide(벤세라지드)","나정",199604709,"마도파확산정125",19960329,"(주)한국로슈","거의 흰색의 원형 정제",01190,"기타의 중추신경용약","전문의약품","[M040122]레보도파/[M096035]염산벤세라짓",20140109,"- 안전성 및 유효성 미확립- 동물실험에서 벤세라지드에 의해 골격기형이 나타남","","Levodopa(레보도파)",20200227
"특정연령대금기","단일",D000274,"Ketorolac Tromethamine","케토롤락트로메타민염","","용액주사제",199604999,"트롤락주(케토롤락트로메타민염)",19960701,"환인제약(주)","미황색의 액체가 든 갈색앰플 주사제",01140,"해열.진통.소염제","전문의약품","[M222885]케토롤락트로메타민염",20140109,"안전성 및 유효성 미확립","","Ketorolac Tromethamine(케토롤락트로메타민염)",20240522
"특정연령대금기","단일",D000274,"Ketorolac Tromethamine","케토롤락트로메타민염","","용액주사제",199700240,"케로라주(케토롤락트로메타민염)",19970204,"동광제약(주)","엷은 황색의 투명한 액체가 충전된 갈색 앰플제",01140,"해열.진통.소염제","전문의약품","[M222885]케토롤락트로메타민염",20140109,"안전성 및 유효성 미확립","","Ketorolac Tromethamine(케토롤락트로메타민염)",20240522
"특정연령대금기","단일",D000708,Loratadine,"로라타딘","","나정",199700536,"국제로라타딘정(수출용)",19970829,"국제약품(주)","백색의 원형 정제",01410,"항히스타민제","전문의약품","[M082724]로라타딘",20140109,_,"","Loratadine(로라타딘)",20200831
"특정연령대금기","단일",D000708,Loratadine,"로라타딘","","나정",199700873,"대우로라타딘정(수출명:로미딘정,라틴정,필미딘정)",19971223,"대우제약(주)","내수용 : 흰색의 원형 정제수출용 : 백색의 타원형 정제",01410,"항히스타민제","일반의약품","[M082724]로라타딘/[M082724]로라타딘",20140109,_,"","Loratadine(로라타딘)",20210503
"특정연령대금기","단일",D000708,Loratadine,"로라타딘","","나정",199701227,"노타민정(로라타딘)",19971212,"안국약품(주)","흰색의 타원형 정제",01410,"항히스타민제","일반의약품","[M082724]로라타딘",20140109,_,"","Loratadine(로라타딘)",20191112
"특정연령대금기","단일",D000419,Lovastatin,"로바스타틴","","나정",199701294,"로바콜정(로바스타틴)(수출용)",19971219,"명인제약(주)","담청색의 원형정제.",02180,"동맥경화용제","전문의약품","[M083392]로바스타틴",20140109,"안전성 및 유효성 미확립","","Lovastatin(로바스타틴)",20200113
"특정연령대금기","단일",D000274,"Ketorolac Tromethamine","케토롤락트로메타민염","","용액주사제",199701415,"타벨주(케토롤락트로메타민염)",19970723,"(주)메디카코리아","엷은 황색의 투명 액체가 든 갈색 앰플주사제",01140,"해열.진통.소염제","전문의약품","[M222885]케토롤락트로메타민염",20140109,"안전성 및 유효성 미확립","","Ketorolac Tromethamine(케토롤락트로메타민염)",20240522
"특정연령대금기","단일",D000793,Levofloxacin,"레보플록사신","","필름코팅정",199701979,"레보파정(레보플록사신수화물)(수출명:VOLEXINTABLET)",19971201,"영일제약(주)","(내수용) 노란색 원형의 필름코팅정, (수출용) 흰색 원형의 필름코팅정",06290,"기타의 화학요법제","전문의약품","[M085584]레보플록사신/[M085584]레보플록사신",20140109,"- 안전성 및 유효성 미확립- 퀴놀론계 항균제는 몇몇 어린 동물종에서 관절병증, 뼈연골증을 유발","","Levofloxacin(레보플록사신)",20260323
"특정연령대금기","단일",D000672,Ketoprofen,"케토프로펜","","피부용겔제",199702146,"겟투겔(케토프로펜)",19970705,"한국넬슨제약(주)","무색투명한 점액성의 겔제",02640,"진통.진양.수렴.소염제","일반의약품","[M051464]케토프로펜",20140109,_,"","Ketoprofen(케토프로펜)",20130102
"특정연령대금기","단일",D000708,Loratadine,"로라타딘","","나정",199702177,"로리딘정(로라타딘)",19971230,"(주)테라젠이텍스","흰색의 타원형 정제",01410,"항히스타민제","일반의약품","[M082724]로라타딘",20140109,_,"","Loratadine(로라타딘)",20200104
"특정연령대금기","단일",D000793,"Levofloxacin Hydrate","레보플록사신수화물","","필름코팅정",199800454,"레보카신정(레보플록사신수화물)",19981013,"국제약품(주)","흰색 - 미백색의 원형 필름코팅정",06290,"기타의 화학요법제","전문의약품","[M251128]레보플록사신수화물",20140109,"- 안전성 및 유효성 미확립- 퀴놀론계 항균제는 몇몇 어린 동물종에서 관절병증, 뼈연골증을 유발","","Levofloxacin Hydrate(레보플록사신수화물)",20260323
"특정연령대금기","단일",D000708,Loratadine,"로라타딘","","나정",199800504,"알레틴정(로라타딘)(수출명:비알레틴)",19980225,"한올바이오파마(주)","백색의 원형 정제",01410,"항히스타민제","일반의약품","[M082724]로라타딘",20140109,_,"","Loratadine(로라타딘)",20191106
"특정연령대금기","단일",D000793,Levofloxacin,"레보플록사신","","용액주사제",199800676,"크라비트주(레보플록사신)",19980930,"제일약품(주)","녹색을 띤 황색의 투명한 액이 들어있는 주사용 바이알",06290,"기타의 화학요법제","전문의약품","[M085584]레보플록사신",20140109,"- 안전성 및 유효성 미확립- 퀴놀론계 항균제는 몇몇 어린 동물종에서 관절병증, 뼈연골증을 유발","","Levofloxacin(레보플록사신)",20260323
"특정연령대금기","단일",D000672,Ketoprofen,"케토프로펜","","서방성경피흡수제",199800686,"케펜텍-엘플라스타(케토프로펜)",19980710,"제일헬스사이언스(주)","이 약은 무색의 반투명한 점착성 물질을 필름에 도포하고(바르고) 고체면에 린트포를 덮은 경고제이다.",02640,"진통.진양.수렴.소염제","일반의약품","[M051464]케토프로펜",20140109,_,"","Ketoprofen(케토프로펜)",20110620
"특정연령대금기","단일",D000793,"Levofloxacin Hydrate","레보플록사신수화물","","필름코팅정",199800903,"레사신정(레보플록사신수화물)(수출명:LESACIN,LENTACIN)",19980421,"(주)일화","백색-미백색의 원형 필름코팅정",06290,"기타의 화학요법제","전문의약품","[M251128]레보플록사신수화물",20140109,"- 안전성 및 유효성 미확립- 퀴놀론계 항균제는 몇몇 어린 동물종에서 관절병증, 뼈연골증을 유발","","Levofloxacin Hydrate(레보플록사신수화물)",20260323
"특정연령대금기","단일",D000793,"Levofloxacin Hydrate","레보플록사신수화물","","필름코팅정",199801012,"레보탐정(레보플록사신)",19980926,"에스에스팜(주)","미황백색의 원형 필름코팅정",06290,"기타의 화학요법제","전문의약품","[M251128]레보플록사신수화물",20140109,"- 안전성 및 유효성 미확립- 퀴놀론계 항균제는 몇몇 어린 동물종에서 관절병증, 뼈연골증을 유발","","Levofloxacin Hydrate(레보플록사신수화물)",20260323
"특정연령대금기","단일",D000793,"Levofloxacin Hydrate","레보플록사신수화물","","필름코팅정",199801068,"레보스타정(레보플록사신)",19981215,"삼천당제약(주)","흰색의 원형 필름코팅정제",06290,"기타의 화학요법제","전문의약품","[M251128]레보플록사신수화물",20140109,"- 안전성 및 유효성 미확립- 퀴놀론계 항균제는 몇몇 어린 동물종에서 관절병증, 뼈연골증을 유발","","Levofloxacin Hydrate(레보플록사신수화물)",20260323
"특정연령대금기","단일",D000793,"Levofloxacin Hydrate","레보플록사신수화물","","필름코팅정",199801298,"레록신정(레보플록사신수화물)",19981211,"(주)메디카코리아","흰색-미황색의 원형 필름코팅정",06290,"기타의 화학요법제","전문의약품","[M251128]레보플록사신수화물/[M251128]레보플록사신수화물",20140109,"- 안전성 및 유효성 미확립- 퀴놀론계 항균제는 몇몇 어린 동물종에서 관절병증, 뼈연골증을 유발","","Levofloxacin Hydrate(레보플록사신수화물)",20260323
"특정연령대금기","단일",D000793,"Levofloxacin Hydrate","레보플록사신수화물","","필름코팅정",199801473,"레브록신정(레보플록사신수화물)",19981017,"(주)한국파마","흰색의 원형 필름코팅정",06290,"기타의 화학요법제","전문의약품","[M251128]레보플록사신수화물",20140109,"- 안전성 및 유효성 미확립- 퀴놀론계 항균제는 몇몇 어린 동물종에서 관절병증, 뼈연골증을 유발","","Levofloxacin Hydrate(레보플록사신수화물)",20260323
"특정연령대금기","단일",D000793,"Levofloxacin Hydrate","레보플록사신수화물","","필름코팅정",199801522,"원플록신정(레보플록사신수화물)",19981208,"대원제약(주)","백색 - 미백색의 필름코팅정",06290,"기타의 화학요법제","전문의약품","[M251128]레보플록사신수화물",20140109,"- 안전성 및 유효성 미확립- 퀴놀론계 항균제는 몇몇 어린 동물종에서 관절병증, 뼈연골증을 유발","","Levofloxacin Hydrate(레보플록사신수화물)",20260323
"특정연령대금기","단일",D000793,"Levofloxacin Hydrate","레보플록사신수화물","","필름코팅정",199801901,"카바스타정(레보플록사신수화물)",19981209,"대화제약(주)","이 약은 백색-미황색의 원형 필름코팅정이다",06290,"기타의 화학요법제","전문의약품","[M251128]레보플록사신수화물",20140109,"- 안전성 및 유효성 미확립- 퀴놀론계 항균제는 몇몇 어린 동물종에서 관절병증, 뼈연골증을 유발","","Levofloxacin Hydrate(레보플록사신수화물)",20260323
"특정연령대금기","단일",D000708,Loratadine,"로라타딘","","나정",199802138,"넬슨로라타딘정",19980520,"한국넬슨제약(주)","백색의 타원형 정제",01410,"항히스타민제","일반의약품","[M082724]로라타딘",20140109,_,"","Loratadine(로라타딘)",20150829
"특정연령대금기","단일",D000793,"Levofloxacin Hydrate","레보플록사신수화물","","필름코팅정",199802234,"레바록스정100밀리그램(레보플록사신수화물)(수출명:레보플록스, 레바닉정)",19981210,"(주)팜젠사이언스","흰색의 원형 필름코팅정제",06290,"기타의 화학요법제","전문의약품","[M251128]레보플록사신수화물/[M251128]레보플록사신수화물",20140109,"- 안전성 및 유효성 미확립- 퀴놀론계 항균제는 몇몇 어린 동물종에서 관절병증, 뼈연골증을 유발","","Levofloxacin Hydrate(레보플록사신수화물)",20260323
"특정연령대금기","단일",D000793,Levofloxacin,"레보플록사신","","필름코팅정",199803884,"레비신정100mg(레보플록사신)",19981120,"대한뉴팜(주)","[내수용] 백색-미백색의 원형 필름코팅정[수출용] 백색-미황색의 원형 필름코팅정",06290,"기타의 화학요법제","전문의약품","[M085584]레보플록사신",20140109,"- 안전성 및 유효성 미확립- 퀴놀론계 항균제는 몇몇 어린 동물종에서 관절병증, 뼈연골증을 유발","","Levofloxacin(레보플록사신)",20260323
"특정연령대금기","단일",D000793,"Levofloxacin Hydrate","레보플록사신수화물","","필름코팅정",199806978,"레폭신정(레보플록사신수화물)",19981103,"경동제약(주)","백색 내지 미황색의 필름코팅정제",06290,"기타의 화학요법제","전문의약품","[M251128]레보플록사신수화물",20140109,"- 안전성 및 유효성 미확립- 퀴놀론계 항균제는 몇몇 어린 동물종에서 관절병증, 뼈연골증을 유발","","Levofloxacin Hydrate(레보플록사신수화물)",20260323
"특정연령대금기","단일",D000793,"Levofloxacin Hydrate","레보플록사신수화물","","필름코팅정",199900121,"레펙신정(레보플록사신수화물)",19990508,"동광제약(주)","미황백색의 원형 필름코팅정",06290,"기타의 화학요법제","전문의약품","[M251128]레보플록사신수화물",20140109,"- 안전성 및 유효성 미확립- 퀴놀론계 항균제는 몇몇 어린 동물종에서 관절병증, 뼈연골증을 유발","","Levofloxacin Hydrate(레보플록사신수화물)",20260323
"특정연령대금기","단일",D000793,"Levofloxacin Hydrate","레보플록사신수화물","","필름코팅정",199900886,"레보프록신정(레보플록사신수화물)",19990415,"(주)에이프로젠바이오로직스","백색의 원형 필름코팅정제",06290,"기타의 화학요법제","전문의약품","[M251128]레보플록사신수화물",20140109,"- 안전성 및 유효성 미확립- 퀴놀론계 항균제는 몇몇 어린 동물종에서 관절병증, 뼈연골증을 유발","","Levofloxacin Hydrate(레보플록사신수화물)",20260323
"특정연령대금기","복합",D000709,Lidocaine,"리도카인","[D000622]Prilocaine(프릴로카인)","피부크림제",199901060,"아네스크림",19990830,"태극제약(주)","흰색의 크림제",01210,"국소마취제","전문의약품","[M040131]리도카인/[M087237]프릴로카인",20140109,"- 흡수에 대한 자료가 불완전하므로 소아의 생식기 점막에는 적용하지 말 것- 메트헤모글로빈의 일시적 증가 보고","","Lidocaine(리도카인)",20260309
"특정연령대금기","단일",D000672,Ketoprofen,"케토프로펜","","지지체가있는첩부제",199901296,"케토크린플라스타(케토프로펜)",19990917,"신신제약(주)","이 약은 유백색의 점착성 물질을 살색의 린트포에 도포하고(바르고) 고체면에 박리지를 덮은 것이다.",02640,"진통.진양.수렴.소염제","일반의약품","[M051464]케토프로펜/[M051464]케토프로펜",20140109,_,"","Ketoprofen(케토프로펜)",20130620
"특정연령대금기","단일",D000793,"Levofloxacin Hydrate","레보플록사신수화물","","필름코팅정",199901759,"네보락신정(레보플록사신수화물)",19990629,"(주)셀릭스","미황색의 원형 필름코팅정",06290,"기타의 화학요법제","전문의약품","[M251128]레보플록사신수화물",20140109,"- 안전성 및 유효성 미확립- 퀴놀론계 항균제는 몇몇 어린 동물종에서 관절병증, 뼈연골증을 유발","","Levofloxacin Hydrate(레보플록사신수화물)",20260323
"특정연령대금기","단일",D000793,"Levofloxacin Hydrate","레보플록사신수화물","","필름코팅정",199903254,"레보푸라신정(레보플록사신수화물)",19990108,"명문제약(주)","흰색 내지 미황백색의 원형 제피정",06290,"기타의 화학요법제","전문의약품","[M251128]레보플록사신수화물",20140109,"- 안전성 및 유효성 미확립- 퀴놀론계 항균제는 몇몇 어린 동물종에서 관절병증, 뼈연골증을 유발","","Levofloxacin Hydrate(레보플록사신수화물)",20260323
"특정연령대금기","단일",D000419,Lovastatin,"로바스타틴","","나정",199904161,"로바타딘정(로바스타틴)(수출명:LovacTablet)",19990223,"대한뉴팜(주)","- 내수용, 수출용1: 담청색의 원형정제- 수출용2: 녹색의 원형정제",02180,"동맥경화용제","전문의약품","[M083392]로바스타틴/[M083392]로바스타틴/[M083392]로바스타틴",20140109,"안전성 및 유효성 미확립","","Lovastatin(로바스타틴)",20250211
"특정연령대금기","단일",D000672,Ketoprofen,"케토프로펜","","카타플라스마제",199907300,"케토크린카타플라스마(케토프로펜)(수출용)",19990424,"신신제약(주)","본 품은 유백색의 점착성 고체를 부직포위에 도포한 면에 플라스틱필름을 덮은 카타플라스마제이다.",02640,"진통.진양.수렴.소염제","일반의약품","[M051464]케토프로펜",20140109,_,"","Ketoprofen(케토프로펜)",20100530
"특정연령대금기","단일",D000672,Ketoprofen,"케토프로펜","","지지체가있는첩부제",200000568,"케노펜플라스타(케토프로펜)",20001113,"일동제약(주)","무색투명한 점착성물질을 린트포에 도포하여 고체면에 박리지를 덮은 첩부제",02640,"진통.진양.수렴.소염제","일반의약품","[M051464]케토프로펜",20140109,_,"","Ketoprofen(케토프로펜)",20100530
"특정연령대금기","단일",D000708,Loratadine,"로라타딘","","나정",200001184,"로다인정(로라타딘)",20001205,"동성제약(주)","흰색의 원형 정제",01410,"항히스타민제","일반의약품","[M082724]로라타딘",20140109,_,"","Loratadine(로라타딘)",20200616
"특정연령대금기","단일",D000793,"Levofloxacin Hydrate","레보플록사신수화물","","필름코팅정",200001521,"노팍신정(레보플록사신수화물)",20000324,"일양약품(주)","백색-미백색의 필름코팅정",06290,"기타의 화학요법제","전문의약품","[M251128]레보플록사신수화물",20140109,"- 안전성 및 유효성 미확립- 퀴놀론계 항균제는 몇몇 어린 동물종에서 관절병증, 뼈연골증을 유발","","Levofloxacin Hydrate(레보플록사신수화물)",20260323
"특정연령대금기","단일",D000222,"Loperamide Hydrochloride","로페라미드염산염","","경질캡슐제, 산제",200001712,"삼남로페라마이드캡슐(로페라미드염산염)",20001018,"삼남제약(주)","흰색의 가루가 들어있는 상, 하부 흰색의 경질캡슐제",02370,"정장제","일반의약품","[M222992]로페라미드염산염",20140109,_,"","Loperamide Hydrochloride(로페라미드염산염)",20221206
"특정연령대금기","단일",D000672,Ketoprofen,"케토프로펜","","지지체가있는첩부제",200002439,"케바논첩부제(케토프로펜)(수출명:PlasterJoint,PolyArtritoPlast,KEPAX)",20000628,"대화제약(주)","내수용(S-Type), 수출용①(S-Type), 수출용③(S-Type):무색투명의 점착성물질을 린트포에 도포하여 고체면에 박리지를 덮은 첩부제내수용(R-Type):적당한 크기로 잘라 사용하는 롤타입으로서, 무색투명한 점착성 물질을 부직포에 도포하여 고체면에 박리지를 덮은 첩부제수출용②무색투명의 점착성물질을 린트포에 도포하여 고체면에 피복체를 덮은 첩부제",02640,"진통.진양.수렴.소염제","일반의약품","[M051464]케토프로펜/[M051464]케토프로펜",20140109,_,"","Ketoprofen(케토프로펜)",20200108
"특정연령대금기","단일",D000708,Loratadine,"로라타딘","","나정",200003312,"라타딘정(로라타딘)(수출용)(제2수출명:로르틴정)",20000429,"광동제약(주)","백색의 원형정제",01410,"항히스타민제","전문의약품","[M082724]로라타딘",20140109,_,"","Loratadine(로라타딘)",20200217
"특정연령대금기","단일",D000672,Ketoprofen,"케토프로펜","","피부용겔제",200003483,"조아스트롱조인트겔(케토프로펜)",20000825,"조아제약(주)","전질 균등한 무색의 겔제",02640,"진통.진양.수렴.소염제","일반의약품","[M051464]케토프로펜",20140109,_,"","Ketoprofen(케토프로펜)",20141022
"특정연령대금기","단일",D000274,"Ketorolac Tromethamine","케토롤락트로메타민염","","용액주사제",200100710,"케토락주(케토롤락트로메타민염)(수출용)",20010202,"대우제약(주)","엷은 황색의 투명한 액체를 함유한 갈색 앰플제이다.",01140,"해열.진통.소염제","전문의약품","[M222885]케토롤락트로메타민염",20140109,"안전성 및 유효성 미확립","","Ketorolac Tromethamine(케토롤락트로메타민염)",20240522
"특정연령대금기","단일",D000708,Loratadine,"로라타딘","","나정",200100997,"에쟈스민정(로라타딘)",20010731,"(주)제뉴파마","흰색의 타원형 정제",01410,"항히스타민제","일반의약품","[M082724]로라타딘",20140109,_,"","Loratadine(로라타딘)",20200629
"특정연령대금기","단일",D000708,Loratadine,"로라타딘","","나정",200101022,"제이타딘정(로라타딘)",20010821,"(주)비보존제약","흰색의 원형 정제",01410,"항히스타민제","일반의약품","[M082724]로라타딘",20140109,_,"","Loratadine(로라타딘)",20191014
"특정연령대금기","단일",D000793,"Levofloxacin Hydrate","레보플록사신수화물","","필름코팅정",200101393,"라이록사신정(레보플록사신수화물)",20010705,"제이더블유신약(주)","흰색-미백색의 원형 필름코팅정",06290,"기타의 화학요법제","전문의약품","[M251128]레보플록사신수화물",20140109,"- 안전성 및 유효성 미확립- 퀴놀론계 항균제는 몇몇 어린 동물종에서 관절병증, 뼈연골증을 유발","","Levofloxacin Hydrate(레보플록사신수화물)",20260323
"특정연령대금기","단일",D000274,"Ketorolac Tromethamine","케토롤락트로메타민","","용액주사제",200102265,"케토란주(케토롤락트로메타민)",20010404,"경동제약(주)","엷은 황색의 투명 액체가 든 갈색 앰플 주사",01140,"해열.진통.소염제","전문의약품","[M084703]케토롤락트로메타민",20140109,"안전성 및 유효성 미확립","","Ketorolac Tromethamine(케토롤락트로메타민)",20240522
"특정연령대금기","단일",D000708,Loratadine,"로라타딘","","나정",200102755,"알타딘정(로라타딘)(수출용)",20010131,"알파제약(주)","백색의 원형 정제",01410,"항히스타민제","전문의약품","[M082724]로라타딘",20140109,_,"","Loratadine(로라타딘)",20010313
"특정연령대금기","단일",D000708,Loratadine,"로라타딘","","나정",200102905,"구주로라타딘정10밀리그람(수출명:로히스타정)",20010423,"구주제약(주)","흰색의 타원형 정제",01410,"항히스타민제","일반의약품","[M082724]로라타딘",20140109,_,"","Loratadine(로라타딘)",20190918
"특정연령대금기","단일",D000793,"Levofloxacin Hydrate","레보플록사신수화물","","필름코팅정",200103330,"레보박터정(레보플록사신수화물)",20010120,"(주)서울제약","백색~미황색의 필름코팅정",06290,"기타의 화학요법제","전문의약품","[M251128]레보플록사신수화물",20140109,"- 안전성 및 유효성 미확립- 퀴놀론계 항균제는 몇몇 어린 동물종에서 관절병증, 뼈연골증을 유발","","Levofloxacin Hydrate(레보플록사신수화물)",20260323
"특정연령대금기","단일",D000708,Loratadine,"로라타딘","","나정",200103723,"로라신정(로라타딘)(수출용)[수출명:Altidin Tab., NEWALTIDIN Tab.]",20010731,"대한뉴팜(주)","백색의 타원형정제",01410,"항히스타민제","전문의약품","[M082724]로라타딘",20140109,_,"","Loratadine(로라타딘)",20080102
"특정연령대금기","단일",D000708,Loratadine,"로라타딘","","나정",200103841,"히스타파정(로라타딘)(수출용)",20010326,"한국프라임제약(주)","백색의 원형 정제",01410,"항히스타민제","전문의약품","[M082724]로라타딘",20140109,_,"","Loratadine(로라타딘)",20200325
"특정연령대금기","복합",D000709,Lidocaine,"리도카인","[D000622]Prilocaine(프릴로카인)","피부크림제",200110046,"엠마오5%크림",20010215,"알리코제약(주)","흰색의 크림제",01210,"국소마취제","전문의약품","[M040131]리도카인/[M087237]프릴로카인",20140109,"- 흡수에 대한 자료가 불완전하므로 소아의 생식기 점막에는 적용하지 말 것- 메트헤모글로빈의 일시적 증가 보고","","Lidocaine(리도카인)",20260309
"특정연령대금기","단일",D000793,"Levofloxacin Hydrate","레보플록사신수화물","","필름코팅정",200200467,"레보미신정(레보플록사신수화물)",20020723,"(주)유한양행","백색의 원형 필름코팅정제",06290,"기타의 화학요법제","전문의약품","[M251128]레보플록사신수화물",20140109,"- 안전성 및 유효성 미확립- 퀴놀론계 항균제는 몇몇 어린 동물종에서 관절병증, 뼈연골증을 유발","","Levofloxacin Hydrate(레보플록사신수화물)",20260323
"특정연령대금기","단일",D000793,"Levofloxacin Hydrate","레보플록사신수화물","","필름코팅정",200200715,"동성레보플록사신정(레보플록사신수화물)",20020318,"동성제약(주)","백색의 원형 필름코팅정제",06290,"기타의 화학요법제","전문의약품","[M251128]레보플록사신수화물",20140109,"- 안전성 및 유효성 미확립- 퀴놀론계 항균제는 몇몇 어린 동물종에서 관절병증, 뼈연골증을 유발","","Levofloxacin Hydrate(레보플록사신수화물)",20260323
"특정연령대금기","단일",D000793,"Levofloxacin Hydrate","레보플록사신수화물","","필름코팅정",200201176,"동구레보플록사신수화물정100mg",20021231,"(주)동구바이오제약","흰색의 원형 필름코팅정제",06290,"기타의 화학요법제","전문의약품","[M251128]레보플록사신수화물",20140109,"- 안전성 및 유효성 미확립- 퀴놀론계 항균제는 몇몇 어린 동물종에서 관절병증, 뼈연골증을 유발","","Levofloxacin Hydrate(레보플록사신수화물)",20260323
"특정연령대금기","단일",D000672,Ketoprofen,"케토프로펜","","피부용겔제",200201706,"쿨그린겔(케토프로펜)(수출용)",20020307,"오스틴제약(주)","무색 투명한 겔제",02640,"진통.진양.수렴.소염제","일반의약품","[M051464]케토프로펜",20140109,_,"","Ketoprofen(케토프로펜)",20100530
"특정연령대금기","단일",D000672,Ketoprofen,"케토프로펜","","지지체가있는첩부제",200202126,"하루펜플라스타(케토프로펜)",20020125,"신일제약(주)","이 약은 무색 반투명의 점착성물질을 살색 부직포에 도포하고(바르고) 고체면에 박리(벗겨짐)지를 덮은 첩부제",02640,"진통.진양.수렴.소염제","일반의약품","[M051464]케토프로펜/[M051464]케토프로펜",20140109,_,"","Ketoprofen(케토프로펜)",20110728
"특정연령대금기","단일",D000793,"Levofloxacin Hydrate","레보플록사신수화물","","필름코팅정",200202193,"레복사신정100밀리그램(레보플록사신수화물)",20020910,"한미약품(주)","흰색에서 연한 노란색의 원형 필름코팅정제",06290,"기타의 화학요법제","전문의약품","[M251128]레보플록사신수화물",20140109,"- 안전성 및 유효성 미확립- 퀴놀론계 항균제는 몇몇 어린 동물종에서 관절병증, 뼈연골증을 유발","","Levofloxacin Hydrate(레보플록사신수화물)",20260323
"특정연령대금기","단일",D000793,"Levofloxacin Hydrate","레보플록사신수화물","","필름코팅정",200202476,"레프로신정(레보플록사신수화물)",20020322,"영풍제약(주)","흰색 또는 미황색 원형의 필름코팅정",06290,"기타의 화학요법제","전문의약품","[M251128]레보플록사신수화물",20140109,"- 안전성 및 유효성 미확립- 퀴놀론계 항균제는 몇몇 어린 동물종에서 관절병증, 뼈연골증을 유발","","Levofloxacin Hydrate(레보플록사신수화물)",20260323
"특정연령대금기","단일",D000274,"Ketorolac Tromethamine","케토롤락트로메타민염","","용액주사제",200202727,"케토신주사(케토롤락트로메타민염)(수출명:뉴케토신주사,NEWKETOCININJ)",20021011,"명문제약(주)","엷은 황색의 투명 액체가 든 갈색 앰플 주사제",01140,"해열.진통.소염제","전문의약품","[M222885]케토롤락트로메타민염",20140109,"안전성 및 유효성 미확립","","Ketorolac Tromethamine(케토롤락트로메타민염)",20240522
"특정연령대금기","단일",D000672,Ketoprofen,"케토프로펜","","지지체가있는첩부제",200210297,"케프로펜경고제(케토프로펜)",20020208,"(주)오현파마코푸레이션","백색의 부직포에 백색의 점착성 물질이 도포되고 박리지를 부착한 경고제",02640,"진통.진양.수렴.소염제","일반의약품","[M051464]케토프로펜",20140109,_,"","Ketoprofen(케토프로펜)",20140703
"특정연령대금기","단일",D000427,Meloxicam,"멜록시캄","","경질캡슐제, 산제",200300030,"뉴시캄캡슐7.5밀리그램(멜록시캄)",20030711,"신풍제약(주)","연한 노란색의 가루가 든 상,하 담녹색 캡슐제",01140,"해열.진통.소염제","전문의약품","[M086439]멜록시캄",20140109,_,"","Meloxicam(멜록시캄)",20240913
"특정연령대금기","단일",D000427,Meloxicam,"멜록시캄","","경질캡슐제, 산제",200300089,"멜락스캡슐7.5밀리그램(멜록시캄)",20030919,"(주)종근당","미황색 가루가 든 상, 하 담녹색 경질캡슐제",01140,"해열.진통.소염제","전문의약품","[M086439]멜록시캄",20140109,_,"","Meloxicam(멜록시캄)",20240913
"특정연령대금기","단일",D000427,Meloxicam,"멜록시캄","","경질캡슐제, 산제",200300130,"메록심캡슐(멜록시캄)",20030715,"이연제약(주)","미황색의 내용물이 충진된 상,하부 담녹색의 경질캡슐제",01140,"해열.진통.소염제","전문의약품","[M086439]멜록시캄",20140109,_,"","Meloxicam(멜록시캄)",20240913
"특정연령대금기","단일",D000427,Meloxicam,"멜록시캄","","경질캡슐제, 산제",200300154,"메로콕스캡슐7.5밀리그램(멜록시캄)",20031206,"동아에스티(주)","황색분말이며, 담녹색(상단)-담녹색(하단)의 경질캡슐제",01140,"해열.진통.소염제","전문의약품","[M086439]멜록시캄",20140109,_,"","Meloxicam(멜록시캄)",20240913
"특정연령대금기","단일",D000427,Meloxicam,"멜록시캄","","경질캡슐제, 산제",200300261,"멜록시펜캡슐(멜록시캄)(수출명:국제메펜캡슐)",20031216,"국제약품(주)","미황색 가루가 든 상, 하 담녹색 캡슐제",01140,"해열.진통.소염제","전문의약품","[M086439]멜록시캄/[M086439]멜록시캄",20140109,_,"","Meloxicam(멜록시캄)",20240913
"특정연령대금기","단일",D000427,Meloxicam,"멜록시캄","","경질캡슐제, 산제",200300411,"멜로캄캡슐7.5밀리그람(멜록시캄)(수출명:유한멜로캄캡슐7.5밀리그람)",20030711,"(주)유한양행","미황색 분말이 함유된 상하부 담청색의 경질캡슐",01140,"해열.진통.소염제","전문의약품","[M086439]멜록시캄",20140109,_,"","Meloxicam(멜록시캄)",20240913
"특정연령대금기","단일",D000427,Meloxicam,"멜록시캄","","경질캡슐제, 산제",200300412,"멜로캄캡슐15밀리그람(멜록시캄)(수출명:유한멜로캄캡슐15밀리그람)",20030711,"(주)유한양행","미황색 분말이 함유된 상부 담청색, 하부 황색의 경질캡슐",01140,"해열.진통.소염제","전문의약품","[M086439]멜록시캄",20140109,_,"","Meloxicam(멜록시캄)",20240913
"특정연령대금기","단일",D000427,Meloxicam,"멜록시캄","","경질캡슐제, 산제",200300462,"캄록스캡슐(멜록시캄)",20030814,"(주)바이넥스","미황색가루가 든 상,하 담녹색의 캡슐제",01140,"해열.진통.소염제","전문의약품","[M086439]멜록시캄",20140109,_,"","Meloxicam(멜록시캄)",20240913
"특정연령대금기","단일",D000793,"Levofloxacin Hydrate","레보플록사신수화물","","필름코팅정",200300626,"레보파신정(레보플록사신수화물)(수출명: LEVOGEM)",20030908,"알리코제약(주)","흰색 - 미백색의 원형 필름코팅정",06290,"기타의 화학요법제","전문의약품","[M251128]레보플록사신수화물",20140109,"- 안전성 및 유효성 미확립- 퀴놀론계 항균제는 몇몇 어린 동물종에서 관절병증, 뼈연골증을 유발","","Levofloxacin Hydrate(레보플록사신수화물)",20260323
"특정연령대금기","단일",D000427,Meloxicam,"멜록시캄","","경질캡슐제, 산제",200301019,"멜록스캡슐(멜록시캄)",20030916,"(주)메디카코리아","미황색의 내용물이 충진된 상,하부 녹색의 경질캡슐제",01140,"해열.진통.소염제","전문의약품","[M086439]멜록시캄",20140109,_,"","Meloxicam(멜록시캄)",20240913
"특정연령대금기","단일",D000274,"Ketorolac Tromethamine","케토롤락트로메타민염","","용액주사제",200301719,"케로민주사(케토롤락트로메타민염)",20030902,"하나제약(주)","이 약은 엷은 황색의 투명액체가 든 갈색앰플 주사제이다",01140,"해열.진통.소염제","전문의약품","[M222885]케토롤락트로메타민염",20140109,"안전성 및 유효성 미확립","","Ketorolac Tromethamine(케토롤락트로메타민염)",20240522
"특정연령대금기","단일",D000793,"Levofloxacin Hydrate","레보플록사신수화물","","필름코팅정",200301937,"위더스레보플록사신정100밀리그램(레보플록사신수화물)",20030513,"위더스제약(주)","백색-미백색의 원형 필름코팅정",06290,"기타의 화학요법제","전문의약품","[M251128]레보플록사신수화물",20140109,"- 안전성 및 유효성 미확립- 퀴놀론계 항균제는 몇몇 어린 동물종에서 관절병증, 뼈연골증을 유발","","Levofloxacin Hydrate(레보플록사신수화물)",20260323
"특정연령대금기","단일",D000427,Meloxicam,"멜록시캄","","경질캡슐제, 산제",200302052,"콕시캄캡슐(멜록시캄)",20030916,"(주)하원제약","황색 분말이 충전된 상,하부 담녹색의 경질 캡슐",01140,"해열.진통.소염제","전문의약품","[M086439]멜록시캄",20140109,_,"","Meloxicam(멜록시캄)",20240913
"특정연령대금기","단일",D000274,"Ketorolac Tromethamine","케토롤락트로메타민염","","용액주사제",200302143,"케트로주사(케토롤락트로메타민염)(수출명:HUDORAC Inj., NEWHUDORAC Inj.,CBI antigrain Injection, Huons Ketrolac tromethamine Inj.)",20030102,"(주)휴온스","엷은 황색의 투명 액체가 든 갈색 앰플 주사제",01140,"해열.진통.소염제","전문의약품","[M222885]케토롤락트로메타민염",20140109,"안전성 및 유효성 미확립","","Ketorolac Tromethamine(케토롤락트로메타민염)",20240522
"특정연령대금기","단일",D000708,Loratadine,"로라타딘","","나정",200302193,"로라닐정(로라타딘)(수출용)",20030319,"(주)유영제약","백색의 원형 정제",01410,"항히스타민제","전문의약품","[M082724]로라타딘",20140109,_,"","Loratadine(로라타딘)",20191031
"특정연령대금기","단일",D000672,Ketoprofen,"케토프로펜","","지지체가있는첩부제",200302415,"플라톱플라스타(케토프로펜)",20031002,"(주)경보제약","무색투명한 점착성 물질을 린트포에 도포하여 고체면에 박리지를 덮은 첩부제",02640,"진통.진양.수렴.소염제","일반의약품","[M051464]케토프로펜",20140109,_,"","Ketoprofen(케토프로펜)",20110729
"특정연령대금기","단일",D000793,"Levofloxacin Hydrate","레보플록사신수화물","","필름코팅정",200302725,"레폭사신정(레보플록사신)(수출명:LEFOXACINTablet)",20030107,"(주)넥스팜코리아","흰색의 원형 필름코팅정",06290,"기타의 화학요법제","전문의약품","[M251128]레보플록사신수화물",20140109,"- 안전성 및 유효성 미확립- 퀴놀론계 항균제는 몇몇 어린 동물종에서 관절병증, 뼈연골증을 유발","","Levofloxacin Hydrate(레보플록사신수화물)",20260323
"특정연령대금기","단일",D000672,Ketoprofen,"케토프로펜","","카타플라스마제",200302791,"탑스에프카타플라스마(케토프로펜)",20030328,"대화제약(주)","。9cm×13cm : 연한 분홍색 또는 분홍색의 점착성 고체를 부직포 위에 도포하고 뒷면에 밀착포를 부착한 특유한 향기를 가진 카타플라스마제",02640,"진통.진양.수렴.소염제","일반의약품","[M051464]케토프로펜",20140109,_,"","Ketoprofen(케토프로펜)",20201124
"특정연령대금기","단일",D000672,Ketoprofen,"케토프로펜","","피부용겔제",200303260,"케토에스겔(케토프로펜)",20030704,"주식회사제뉴원사이언스","전질균등한 무색의 겔제",02640,"진통.진양.수렴.소염제","일반의약품","[M051464]케토프로펜",20140109,_,"","Ketoprofen(케토프로펜)",20110924
"특정연령대금기","단일",D000793,"Levofloxacin Hydrate","레보플록사신수화물","","용액주사제",200400034,"레포신주(레보플록사신수화물)",20041129,"신풍제약(주)","연한 녹색을 띤 노란색의 투명한 액이 무색투명한 바이알에 든 주사제",06290,"기타의 화학요법제","전문의약품","[M251128]레보플록사신수화물",20140109,"- 안전성 및 유효성 미확립- 퀴놀론계 항균제는 몇몇 어린 동물종에서 관절병증, 뼈연골증을 유발","","Levofloxacin Hydrate(레보플록사신수화물)",20260323
"특정연령대금기","단일",D000427,Meloxicam,"멜록시캄","","경질캡슐제, 산제",200400112,"멜락스캡슐15밀리그램(멜록시캄)",20040720,"(주)종근당","미황색가루가 든 상부 담녹색, 하부 미황색 경질캡슐제",01140,"해열.진통.소염제","전문의약품","[M086439]멜록시캄",20140109,_,"","Meloxicam(멜록시캄)",20240913
"특정연령대금기","단일",D000427,Meloxicam,"멜록시캄","","경질캡슐제, 산제",200400179,"메로콕스캡슐15밀리그램(멜록시캄)",20041013,"동아에스티(주)","황색 분말이며, 담녹색(상단)-미황색(하단)의 경질캡슐제이다.",01140,"해열.진통.소염제","전문의약품","[M086439]멜록시캄",20140109,_,"","Meloxicam(멜록시캄)",20240913
"특정연령대금기","단일",D000793,"Levofloxacin Hydrate","레보플록사신수화물","","용액주사제",200400314,"레보카신주(레보플록사신수화물)",20041230,"국제약품(주)","엷은 초록색을 띤 노란색의 투명한 용액이 무색투명한 수액용 플라스틱 용기에 충전된 수액용 주사제",06290,"기타의 화학요법제","전문의약품","[M251128]레보플록사신수화물",20140109,"- 안전성 및 유효성 미확립- 퀴놀론계 항균제는 몇몇 어린 동물종에서 관절병증, 뼈연골증을 유발","","Levofloxacin Hydrate(레보플록사신수화물)",20260323
"특정연령대금기","단일",D000427,Meloxicam,"멜록시캄","","경질캡슐제, 산제",200400320,"록시캄캡슐(멜록시캄)",20040528,"일동제약(주)","미황색의 가루가 든 상,하 담녹색 캡슐제",01140,"해열.진통.소염제","전문의약품","[M086439]멜록시캄",20140109,_,"","Meloxicam(멜록시캄)",20240913
"특정연령대금기","단일",D000793,"Levofloxacin Hydrate","레보플록사신수화물","","용액주사제",200400330,"레보펙신주(레보플록사신수화물)",20041129,"일동제약(주)","엷은 녹색을 띤 황색의 맑은 액이 든 무색투명한 바이알주사제",06290,"기타의 화학요법제","전문의약품","[M251128]레보플록사신수화물/[M251128]레보플록사신수화물",20140109,"- 안전성 및 유효성 미확립- 퀴놀론계 항균제는 몇몇 어린 동물종에서 관절병증, 뼈연골증을 유발","","Levofloxacin Hydrate(레보플록사신수화물)",20260323
"특정연령대금기","단일",D000427,Meloxicam,"멜록시캄","","경질캡슐제, 산제",200400387,"메로빅캡슐(멜록시캄)",20040128,"(주)셀트리온제약","연한 노란색 가루가 든 상·하 연한 녹색의 경질 캡슐제",01140,"해열.진통.소염제","전문의약품","[M086439]멜록시캄",20140109,_,"","Meloxicam(멜록시캄)",20240913
"특정연령대금기","단일",D000427,Meloxicam,"멜록시캄","","경질캡슐제, 산제",200400684,"모벡스캡슐(멜록시캄)",20041112,"대우제약(주)","미황색 가루가 든 상하부 담녹색의 캡슐제",01140,"해열.진통.소염제","전문의약품","[M086439]멜록시캄",20140109,_,"","Meloxicam(멜록시캄)",20240913
"특정연령대금기","단일",D000427,Meloxicam,"멜록시캄","","경질캡슐제, 산제",200400685,"보믹캡슐(멜록시캄)",20040212,"아주약품(주)","미황색의 분말이 충진된 상.하부 연회녹색의 경질캡슐제",01140,"해열.진통.소염제","전문의약품","[M086439]멜록시캄",20140109,_,"","Meloxicam(멜록시캄)",20240913
"특정연령대금기","단일",D000793,"Levofloxacin Hydrate","레보플록사신수화물","","필름코팅정",200400700,"크록사신정(레보플록사신수화물)",20040217,"아주약품(주)","백색의 원형 필름코팅정제",06290,"기타의 화학요법제","전문의약품","[M251128]레보플록사신수화물",20140109,"- 안전성 및 유효성 미확립- 퀴놀론계 항균제는 몇몇 어린 동물종에서 관절병증, 뼈연골증을 유발","","Levofloxacin Hydrate(레보플록사신수화물)",20260323
"특정연령대금기","단일",D000427,Meloxicam,"멜록시캄","","경질캡슐제, 산제",200400892,"캠록스캡슐7.5밀리그램(멜록시캄)",20040903,"알리코제약(주)","미황색의 내용물이 충진된 상,하부 담녹색의 경질캡슐제",01140,"해열.진통.소염제","전문의약품","[M086439]멜록시캄",20140109,_,"","Meloxicam(멜록시캄)",20240913
"특정연령대금기","단일",D000427,Meloxicam,"멜록시캄","","나정",200400913,"멜브렉스정7.5밀리그람(멜록시캄)",20040903,"영진약품(주)","미황색의 원형정제",01140,"해열.진통.소염제","전문의약품","[M086439]멜록시캄",20140109,_,"","Meloxicam(멜록시캄)",20240913
"특정연령대금기","단일",D000427,Meloxicam,"멜록시캄","","경질캡슐제, 산제",200400983,"에이프로젠멜록시캄캡슐",20040823,"(주)에이프로젠바이오로직스","미황색의 분말이 충진된 상, 하부 담녹색의 경질캡슐제",01140,"해열.진통.소염제","전문의약품","[M086439]멜록시캄",20140109,_,"","Meloxicam(멜록시캄)",20240913
"특정연령대금기","단일",D000427,Meloxicam,"멜록시캄","","경질캡슐제, 산제",200401005,"맥캄캡슐(멜록시캄)",20040625,"에스에스팜(주)","미황색가루가 든 상.하 담녹색의 캡슐제",01140,"해열.진통.소염제","전문의약품","[M086439]멜록시캄",20140109,_,"","Meloxicam(멜록시캄)",20240913
"특정연령대금기","단일",D000427,Meloxicam,"멜록시캄","","경질캡슐제, 산제",200401409,"모리캄캡슐(멜록시캄)",20040909,"진양제약(주)","연한 노란색 가루가 든 상·하 연한 녹색의 경질 캡슐제",01140,"해열.진통.소염제","전문의약품","[M086439]멜록시캄",20140109,_,"","Meloxicam(멜록시캄)",20240913
"특정연령대금기","단일",D000427,Meloxicam,"멜록시캄","","경질캡슐제, 산제",200401448,"멜빅스캡슐(멜록시캄)(수출명:WONCOX Capsule)",20040528,"(주)동구바이오제약","미황색가루가 든 상,하 담녹색의 캡슐",01140,"해열.진통.소염제","전문의약품","[M086439]멜록시캄",20140109,_,"","Meloxicam(멜록시캄)",20240913
"특정연령대금기","단일",D000793,Levofloxacin,"레보플록사신","","용액주사제",200401544,"이노엔레보플록사신주",20041204,"에이치케이이노엔(주)","엷은 녹색을 띤 황색의 투명한 용액이 무색투명한 수액용플라스틱용기에 충전된 수액용 주사제",06290,"기타의 화학요법제","전문의약품","[M085584]레보플록사신",20140109,"- 안전성 및 유효성 미확립- 퀴놀론계 항균제는 몇몇 어린 동물종에서 관절병증, 뼈연골증을 유발","","Levofloxacin(레보플록사신)",20260323
"특정연령대금기","단일",D000427,Meloxicam,"멜록시캄","","경질캡슐제, 산제",200401721,"씨오엑스캡슐(멜록시캄)",20041012,"(주)한국파마","미황색의 가루가 든 상,하 담녹색의 캡슐제",01140,"해열.진통.소염제","전문의약품","[M086439]멜록시캄",20140109,_,"","Meloxicam(멜록시캄)",20240913
"특정연령대금기","단일",D000793,"Levofloxacin Hydrate","레보플록사신수화물","","용액주사제",200401767,"레복스주(레보플록사신수화물)",20041220,"(주)오스코리아제약","엷은 녹색을 띈 황색의 맑은 액이 든 무색투명한 바이알 주사제",06290,"기타의 화학요법제","전문의약품","[M251128]레보플록사신수화물",20140109,"- 안전성 및 유효성 미확립- 퀴놀론계 항균제는 몇몇 어린 동물종에서 관절병증, 뼈연골증을 유발","","Levofloxacin Hydrate(레보플록사신수화물)",20260323
"특정연령대금기","단일",D000793,"Levofloxacin Hydrate","레보플록사신수화물","","용액주사제",200401810,"레보록신주(레보플록사신수화물)(수출명: Uniloxin inj.5mg/mL)",20041129,"한국유나이티드제약(주)","엷은 녹색을 띤 황색의 투명한 액이 들어있는 투명한 주사용 바이알",06290,"기타의 화학요법제","전문의약품","[M251128]레보플록사신수화물",20140109,"- 안전성 및 유효성 미확립- 퀴놀론계 항균제는 몇몇 어린 동물종에서 관절병증, 뼈연골증을 유발","","Levofloxacin Hydrate(레보플록사신수화물)",20260323
"특정연령대금기","단일",D000427,Meloxicam,"멜록시캄","","경질캡슐제, 산제",200402093,"멕시캡슐(멜록시캄)(수출명: Momeloxe Cap.)",20040923,"오스틴제약(주)","연한 노란색 가루가 든 상·하 연한 녹색의 경질캡슐제",01140,"해열.진통.소염제","전문의약품","[M086439]멜록시캄",20140109,_,"","Meloxicam(멜록시캄)",20240913
"특정연령대금기","단일",D000427,Meloxicam,"멜록시캄","","경질캡슐제, 산제",200402310,"메카론캡슐(멜록시캄)",20041228,"영일제약(주)","미황색의 내용물이 충진된 상,하부 담녹색의 경질캡슐제",01140,"해열.진통.소염제","전문의약품","[M086439]멜록시캄",20140109,_,"","Meloxicam(멜록시캄)",20240913
"특정연령대금기","단일",D000793,"Levofloxacin Hydrate","레보플록사신수화물","","필름코팅정",200402430,"레포리아정250mg(레보플록사신수화물)(수출용)",20040518,"(주)테라젠이텍스","적갈색의 장방형 필름코팅정",06290,"기타의 화학요법제","전문의약품","[M251128]레보플록사신수화물",20140109,"- 안전성 및 유효성 미확립- 퀴놀론계 항균제는 몇몇 어린 동물종에서 관절병증, 뼈연골증을 유발","","Levofloxacin Hydrate(레보플록사신수화물)",20260323
"특정연령대금기","단일",D000427,Meloxicam,"멜록시캄","","경질캡슐제, 산제",200402564,"멜캄캡슐(멜록시캄)",20041111,"미래바이오제약(주)","황색분말을 충전한 상,하부 담녹색의 경질캡슐제",01140,"해열.진통.소염제","전문의약품","[M086439]멜록시캄",20140109,_,"","Meloxicam(멜록시캄)",20240913
"특정연령대금기","단일",D000427,Meloxicam,"멜록시캄","","경질캡슐제, 산제",200402583,"엑시캄캡슐7.5밀리그람(멜록시캄)",20040917,"신일제약(주)","미황색 분말이 충전된 상하 연녹색의 경질캡슐제",01140,"해열.진통.소염제","전문의약품","[M086439]멜록시캄",20140109,_,"","Meloxicam(멜록시캄)",20240913
"특정연령대금기","단일",D000427,Meloxicam,"멜록시캄","","경질캡슐제, 산제",200402675,"메록스캄캡슐15밀리그램(멜록시캄)",20040510,"한미약품(주)","연한 노란색의 분말이 들어있는 상부 연한 녹색, 하부 노란색의 경질캡슐제",01140,"해열.진통.소염제","전문의약품","[M086439]멜록시캄",20140109,_,"","Meloxicam(멜록시캄)",20240913
"특정연령대금기","단일",D000427,Meloxicam,"멜록시캄","","경질캡슐제, 산제",200402696,"멜로칸캡슐(멜록시캄)",20041124,"(주)한국파비스제약","황색 분말이 충전된 상·하부 담녹색의 경질캡슐",01140,"해열.진통.소염제","전문의약품","[M086439]멜록시캄",20140109,_,"","Meloxicam(멜록시캄)",20240913
"특정연령대금기","단일",D000672,Ketoprofen,"케토프로펜","","피부용겔제",200402711,"케펜겔(케토프로펜)",20040414,"(주)한국파비스제약","알콜냄새가 나는 맑은 유백색의 겔",02640,"진통.진양.수렴.소염제","일반의약품","[M051464]케토프로펜",20140109,_,"","Ketoprofen(케토프로펜)",20100621
"특정연령대금기","단일",D000672,Ketoprofen,"케토프로펜","","카타플라스마제",200402789,"케토플러스카타플라스마(케토프로펜)",20040614,"광동제약(주)","검정색의 점착성의 고체를 부직포 위에 도포하고 부직점착테이프를 고정시킨 후 박리지를 덮은 카타플라스마제",02640,"진통.진양.수렴.소염제","일반의약품","[M051464]케토프로펜",20140109,_,"","Ketoprofen(케토프로펜)",20220331
"특정연령대금기","단일",D000419,Lovastatin,"로바스타틴","","나정",200402848,"로바이틴정(로바스타틴)",20041012,"위더스제약(주)","담청색의 원형 정제",02180,"동맥경화용제","전문의약품","[M083392]로바스타틴",20140109,"안전성 및 유효성 미확립","","Lovastatin(로바스타틴)",20250211
"특정연령대금기","단일",D000672,Ketoprofen,"케토프로펜","","카타플라스마제",200403011,"파프케이플러스카타플라스마(케토프로펜)",20040219,"(주)티디에스팜","제1형: 이 약은 무색 또는 담황색의 점착성의 고체를 부직포 위에 도포한 특유한 향기를 가진 카타플라스마제이다제2형: 이 약은 무색 또는 담황색의 점착성의 고체를 부직포 위에 도포하고 부직점착테이프를 고정시킨 후 박리지를 덮은 카타플라스마제이다",02640,"진통.진양.수렴.소염제","일반의약품","[M051464]케토프로펜/[M051464]케토프로펜",20140109,_,"","Ketoprofen(케토프로펜)",20220331
"특정연령대금기","단일",D000793,"Levofloxacin Hydrate","레보플록사신수화물","","필름코팅정",200403041,"유니레보정(레보플록사신수화물)",20040903,"구주제약(주)","백색의 원형 필름코팅정제",06290,"기타의 화학요법제","전문의약품","[M251128]레보플록사신수화물",20140109,"- 안전성 및 유효성 미확립- 퀴놀론계 항균제는 몇몇 어린 동물종에서 관절병증, 뼈연골증을 유발","","Levofloxacin Hydrate(레보플록사신수화물)",20260323
"특정연령대금기","단일",D000427,Meloxicam,"멜록시캄","","경질캡슐제, 산제",200403085,"모비드캡슐(멜록시캄)",20041123,"구주제약(주)","미황색 분말이 충진된 상 하부 담녹색의 경질캡슐제",01140,"해열.진통.소염제","전문의약품","[M086439]멜록시캄",20140109,_,"","Meloxicam(멜록시캄)",20240913
"특정연령대금기","단일",D000427,Meloxicam,"멜록시캄","","경질캡슐제, 산제",200403184,"모콕스캡슐7.5밀리그람(멜록시캄)",20040611,"(주)휴온스","미황색 분말이 충진된 상,하부 담녹색의 경질 캡슐",01140,"해열.진통.소염제","전문의약품","[M086439]멜록시캄",20140109,_,"","Meloxicam(멜록시캄)",20240913
"특정연령대금기","단일",D000427,Meloxicam,"멜록시캄","","경질캡슐제, 산제",200403238,"메디콕스캡슐(멜록시캄)(수출명:마이멜록캡슐(MYMELOXECapsule))",20040507,"명문제약(주)","미황색 가루가 든 상,하 담녹색 캡슐제",01140,"해열.진통.소염제","전문의약품","[M086439]멜록시캄",20140109,_,"","Meloxicam(멜록시캄)",20240913
"특정연령대금기","단일",D000708,Loratadine,"로라타딘","","액상시럽제",200403428,"새로딘시럽(로라타딘)",20040902,"삼익제약(주)","알루미늄포에 든 포도향의 무색 내지 미황색 시럽제",01410,"항히스타민제","일반의약품","[M082724]로라타딘",20140109,_,"","Loratadine(로라타딘)",20210119
"특정연령대금기","단일",D000427,Meloxicam,"멜록시캄","","경질캡슐제, 산제",200403461,"아모리아캡슐(멜록시캄)(수출명 : Amolex Cap., Mepedo Cap.)",20041026,"삼익제약(주)","미황색 가루가 든 상,하부 담녹색의 경질캡슐제",01140,"해열.진통.소염제","전문의약품","[M086439]멜록시캄",20140109,_,"","Meloxicam(멜록시캄)",20240913
"특정연령대금기","단일",D000427,Meloxicam,"멜록시캄","","경질캡슐제, 산제",200403532,"류멜캡슐7.5밀리그램(멜록시캄)",20040914,"한림제약(주)","미황색 가루가 든 상하부 담녹색의 경질캡슐제",01140,"해열.진통.소염제","전문의약품","[M086439]멜록시캄",20140109,_,"","Meloxicam(멜록시캄)",20240913
"특정연령대금기","단일",D000427,Meloxicam,"멜록시캄","","경질캡슐제, 산제",200403739,"케이빅캡슐7.5밀리그램(멜록시캄)",20041105,"(주)경보제약","미황색 가루가 든 상하 담녹색 경질캡슐제",01140,"해열.진통.소염제","전문의약품","[M086439]멜록시캄",20140109,_,"","Meloxicam(멜록시캄)",20240913
"특정연령대금기","단일",D000523,"Lomefloxacin Hydrochloride","염산로메플록사신","","필름코팅정",200403774,"코러스염산로메플록사신정(수출용)",20041104,"한국코러스(주)","백색의 타원형 필름코팅정제",06290,"기타의 화학요법제","전문의약품","[M084914]염산로메플록사신",20140109,"- 안전성 및 유효성 미확립- 몇몇 어린 동물종을 이용한 동물실험결과 관절이상이 보고됨","","Lomefloxacin Hydrochloride(염산로메플록사신)",20250811
"특정연령대금기","단일",D000793,Levofloxacin,"레보플록사신","","필름코팅정",200404008,"레보플정(레보플록사신)(수출용)",20040708,"한국프라임제약(주)","백색의 원형 필름 코팅제",06290,"기타의 화학요법제","전문의약품","[M085584]레보플록사신",20140109,"- 안전성 및 유효성 미확립- 퀴놀론계 항균제는 몇몇 어린 동물종에서 관절병증, 뼈연골증을 유발","","Levofloxacin(레보플록사신)",20260323
"특정연령대금기","단일",D000427,Meloxicam,"멜록시캄","","경질캡슐제, 산제",200404040,"모르빅캡슐(멜록시캄)",20041007,"한국프라임제약(주)","연한 노란색 가루가 든 상·하 연한 녹색의 경질 캡슐제",01140,"해열.진통.소염제","전문의약품","[M086439]멜록시캄",20140109,_,"","Meloxicam(멜록시캄)",20240913
"특정연령대금기","단일",D000523,"Lomefloxacin Hydrochloride","로메플록사신염산염","","필름코팅정",200404647,"제뉴원로메플록사신염산염정",20040529,"주식회사제뉴원사이언스","흰색의 타원형 필름코팅정",06290,"기타의 화학요법제","전문의약품","[M229183]로메플록사신염산염",20140109,"- 안전성 및 유효성 미확립- 몇몇 어린 동물종을 이용한 동물실험결과 관절이상이 보고됨","","Lomefloxacin Hydrochloride(로메플록사신염산염)",20250811
"특정연령대금기","단일",D000427,Meloxicam,"멜록시캄","","경질캡슐제, 산제",200404859,"멜록삼캡슐(멜록시캄)",20041222,"(주)킵스바이오파마","미황색의 내용물이 충진된 상하부 녹색의 경질캡슐제",01140,"해열.진통.소염제","전문의약품","[M086439]멜록시캄",20140109,_,"","Meloxicam(멜록시캄)",20240913
"특정연령대금기","단일",D000427,Meloxicam,"멜록시캄","","경질캡슐제, 산제",200411043,"멜록시젠캡슐(멜록시캄)",20041125,"(주)셀릭스","황색분말이 충전된 상하부 담녹색의 경질캡슐",01140,"해열.진통.소염제","전문의약품","[M086439]멜록시캄",20140109,_,"","Meloxicam(멜록시캄)",20240913
"특정연령대금기","단일",D000427,Meloxicam,"멜록시캄","","경질캡슐제, 산제",200500171,"멜콕시캡슐(멜록시캄)",20050127,"동광제약(주)","미황색의 가루가 든 상,하 담녹색 캡슐제",01140,"해열.진통.소염제","전문의약품","[M086439]멜록시캄",20140109,_,"","Meloxicam(멜록시캄)",20240913
"특정연령대금기","단일",D000793,"Levofloxacin Hydrate","레보플록사신수화물","","용액주사제",200500187,"레펙신주(레보플록사신수화물)",20050127,"동광제약(주)","엷은 초록색을 띤 노란색의 투명한 용액이 무색투명한 수액용 플라스틱 용기에 충전된 수액용 주사제",06290,"기타의 화학요법제","전문의약품","[M251128]레보플록사신수화물",20140109,"- 안전성 및 유효성 미확립- 퀴놀론계 항균제는 몇몇 어린 동물종에서 관절병증, 뼈연골증을 유발","","Levofloxacin Hydrate(레보플록사신수화물)",20260323
"특정연령대금기","복합",D000709,Lidocaine,"리도카인","[D000622]Prilocaine(프릴로카인)","피부크림제",200500350,"레스카인크림",20050826,"삼성제약(주)","흰색의 크림제",01210,"국소마취제","전문의약품","[M040131]리도카인/[M087237]프릴로카인",20140109,"- 흡수에 대한 자료가 불완전하므로 소아의 생식기 점막에는 적용하지 말 것- 메트헤모글로빈의 일시적 증가 보고","","Lidocaine(리도카인)",20260309
"특정연령대금기","단일",D000427,Meloxicam,"멜록시캄","","경질캡슐제, 산제",200500388,"멜록시펜캡슐15밀리그람(멜록시캄)",20050331,"국제약품(주)","미황색 가루가 든 상부 담녹색, 하부 황색 캡슐제",01140,"해열.진통.소염제","전문의약품","[M086439]멜록시캄",20140109,_,"","Meloxicam(멜록시캄)",20240913
"특정연령대금기","복합",D000709,Lidocaine,"리도카인","[D000622]Prilocaine(프릴로카인)","피부크림제",200500865,"리프릴크림",20050809,"동성제약(주)","흰색 무취의 크림제",01210,"국소마취제","전문의약품","[M040131]리도카인/[M087237]프릴로카인",20140109,"- 흡수에 대한 자료가 불완전하므로 소아의 생식기 점막에는 적용하지 말 것- 메트헤모글로빈의 일시적 증가 보고","","Lidocaine(리도카인)",20260309
"특정연령대금기","단일",D000793,"Levofloxacin Hydrate","레보플록사신수화물","","용액주사제",200500919,"레보프록신주(레보플록사신수화물)",20050215,"(주)에이프로젠바이오로직스","엷은 녹색을 띤 황색의 맑은 액이 든 무색투명한 바이알 주사제",06290,"기타의 화학요법제","전문의약품","[M251128]레보플록사신수화물",20140109,"- 안전성 및 유효성 미확립- 퀴놀론계 항균제는 몇몇 어린 동물종에서 관절병증, 뼈연골증을 유발","","Levofloxacin Hydrate(레보플록사신수화물)",20260323
"특정연령대금기","단일",D000427,Meloxicam,"멜록시캄","","경질캡슐제, 산제",200501307,"모리캄캡슐15mg(멜록시캄)",20050113,"진양제약(주)","연한 노란색 가루가 든 상부 연한 녹색, 하부 황색의 경질 캡슐제",01140,"해열.진통.소염제","전문의약품","[M086439]멜록시캄",20140109,_,"","Meloxicam(멜록시캄)",20240913
"특정연령대금기","단일",D000793,"Levofloxacin Hydrate","레보플록사신수화물","","용액주사제",200501434,"프로신주(레보플록사신수화물)",20050118,"한국유니온제약(주)","1. 엷은 녹색을 띈 황색의 맑은 액이 든 무색투명한 바이알 주사제2. 엷은 초록색을 띈 노란색의 투명한 용액이 무색투명한 수액용 플라스틱 용기에 충전된 수액용 주사제",06290,"기타의 화학요법제","전문의약품","[M251128]레보플록사신수화물",20140109,"- 안전성 및 유효성 미확립- 퀴놀론계 항균제는 몇몇 어린 동물종에서 관절병증, 뼈연골증을 유발","","Levofloxacin Hydrate(레보플록사신수화물)",20260323
"특정연령대금기","단일",D000708,Loratadine,"로라타딘","","나정",200501493,"뉴로딘정(로라타딘)(수출용)(수출명: Clorad-10 Tab.)",20050527,"한국유니온제약(주)","흰색의 원형 정제",01410,"항히스타민제","전문의약품","[M082724]로라타딘",20140109,_,"","Loratadine(로라타딘)",20070205
"특정연령대금기","단일",D000793,"Levofloxacin Hydrate","레보플록사신수화물","","용액주사제",200501546,"레브록신주(레보플록사신수화물)",20050203,"(주)한국파마","녹색을 띤 황색의 투명한 액이 들어있는 주사용 유리 바이알",06290,"기타의 화학요법제","전문의약품","[M251128]레보플록사신수화물",20140109,"- 안전성 및 유효성 미확립- 퀴놀론계 항균제는 몇몇 어린 동물종에서 관절병증, 뼈연골증을 유발","","Levofloxacin Hydrate(레보플록사신수화물)",20260323
"특정연령대금기","단일",D000708,Loratadine,"로라타딘","","나정",200501565,"알딘정(로라타딘)(수출용)(수출명:아타딘정)",20051110,"(주)한국파마","연한 청색의 사각형 정제",01410,"항히스타민제","전문의약품","[M082724]로라타딘",20140109,_,"","Loratadine(로라타딘)",20191007
"특정연령대금기","단일",D000427,Meloxicam,"멜록시캄","","경질캡슐제, 산제",200502058,"멜리카캡슐(멜록시캄)",20050105,"(주)팜젠사이언스","연한 노란색 가루가 든 상.하 연한 녹색의 경질캡슐제",01140,"해열.진통.소염제","전문의약품","[M086439]멜록시캄",20140109,_,"","Meloxicam(멜록시캄)",20240913
"특정연령대금기","단일",D000427,Meloxicam,"멜록시캄","","경질캡슐제, 과립제",200502090,"메모빅캡슐7.5밀리그람(멜록시캄)",20051018,"하나제약(주)","미황색의 과립이 충진된 상,하부 담녹색의 경질캡슐제",01140,"해열.진통.소염제","전문의약품","[M086439]멜록시캄",20140109,_,"","Meloxicam(멜록시캄)",20240913
"특정연령대금기","단일",D000427,Meloxicam,"멜록시캄","","경질캡슐제, 산제",200502259,"하모빅캡슐(멜록시캄)",20050118,"(주)바스칸바이오제약","미황색 가루가 든 상하부 담녹색의 경질캡슐",01140,"해열.진통.소염제","전문의약품","[M086439]멜록시캄",20140109,_,"","Meloxicam(멜록시캄)",20240913
"특정연령대금기","단일",D000672,Ketoprofen,"케토프로펜","","카타플라스마제",200502519,"케로펜플라스타(케토프로펜)",20050901,"(주)티디에스팜","이 약은 투명 내지 반투명의 점착성 물질을 지지체에 도포하고 고체면에 고체피복물을 덮은 첩부제이다.",02640,"진통.진양.수렴.소염제","일반의약품","[M051464]케토프로펜/[M051464]케토프로펜/[M051464]케토프로펜",20140109,_,"","Ketoprofen(케토프로펜)",20200925
"특정연령대금기","복합",D000709,Lidocaine,"리도카인","[D000622]Prilocaine(프릴로카인)","피부크림제",200502526,"마네신크림",20050622,"(주)티디에스팜","흰색의 크림제",01210,"국소마취제","전문의약품","[M040131]리도카인/[M087237]프릴로카인",20140109,"- 흡수에 대한 자료가 불완전하므로 소아의 생식기 점막에는 적용하지 말 것- 메트헤모글로빈의 일시적 증가 보고","","Lidocaine(리도카인)",20260309
"특정연령대금기","단일",D000427,Meloxicam,"멜록시캄","","경질캡슐제, 산제",200502732,"메로캄캡슐(멜록시캄)",20050222,"풍림무약(주)","미황색가루가 든 상하 담녹색의 경질캡슐",01140,"해열.진통.소염제","전문의약품","[M086439]멜록시캄",20140109,_,"","Meloxicam(멜록시캄)",20240913
"특정연령대금기","단일",D000793,"Levofloxacin Hydrate","레보플록사신수화물","","용액주사제",200503079,"렉타신주(레보플록사신수화물)",20050324,"유니메드제약(주)","엷은 녹색을 띤 황색의 맑은 액이 든 무색투명한 바이알 주사제",06290,"기타의 화학요법제","전문의약품","[M251128]레보플록사신수화물",20140109,"- 안전성 및 유효성 미확립- 퀴놀론계 항균제는 몇몇 어린 동물종에서 관절병증, 뼈연골증을 유발","","Levofloxacin Hydrate(레보플록사신수화물)",20260323
"특정연령대금기","복합",D000709,Lidocaine,"리도카인","[D000622]Prilocaine(프릴로카인)","피부크림제",200503285,"아나신크림",20050420,"시믹씨엠오코리아주식회사","흰색의 크림제",01210,"국소마취제","전문의약품","[M040131]리도카인/[M087237]프릴로카인",20140109,"- 흡수에 대한 자료가 불완전하므로 소아의 생식기 점막에는 적용하지 말 것- 메트헤모글로빈의 일시적 증가 보고","","Lidocaine(리도카인)",20260309
"특정연령대금기","단일",D000672,Ketoprofen,"케토프로펜","","카타플라스마제",200503336,"케토엑스투카타플라스마(케토프로펜)",20050103,"대화제약(주)","연한 분홍색 또는 분홍색의 점착성 고체를 부직포 위에 도포하고 뒷면에 밀착포를 부착한 특유한 향기를 가진 카타플라스마제",02640,"진통.진양.수렴.소염제","일반의약품","[M051464]케토프로펜",20140109,_,"","Ketoprofen(케토프로펜)",20130925
"특정연령대금기","단일",D000793,Levofloxacin,"레보플록사신","","필름코팅정",200600109,"크라비트정500밀리그람(레보플록사신)",20060123,"제일약품(주)","이 약은 복숭아색의 장방형 필름코팅정이다.",06290,"기타의 화학요법제","전문의약품","[M085584]레보플록사신",20140109,"- 안전성 및 유효성 미확립- 퀴놀론계 항균제는 몇몇 어린 동물종에서 관절병증, 뼈연골증을 유발","","Levofloxacin(레보플록사신)",20260323
"특정연령대금기","복합",D000709,Lidocaine,"리도카인","[D000622]Prilocaine(프릴로카인)","피부크림제",200600548,"프카인크림",20060410,"(주)휴온스","흰색의 크림제",01210,"국소마취제","전문의약품","[M040131]리도카인/[M087237]프릴로카인",20140109,"- 흡수에 대한 자료가 불완전하므로 소아의 생식기 점막에는 적용하지 말 것- 메트헤모글로빈의 일시적 증가 보고","","Lidocaine(리도카인)",20260309
"특정연령대금기","단일",D000672,Ketoprofen,"케토프로펜","","지지체가있는첩부제",200600572,"제놀골드플라스타(케토프로펜)(수출, 군납명:케넨서플라스타)",20060217,"(주)녹십자","제1처방: 미황색의 점착성 물질을 살구색 린트포상에 도포하여 점착면에 박리지를 덮은 첩부제제2처방: 미황색의 점착성 물질을 살구색 부직포상에 도포하여 점착면에 박리지를 덮은 첩부제",02640,"진통.진양.수렴.소염제","일반의약품","[M051464]케토프로펜/[M051464]케토프로펜",20140109,_,"","Ketoprofen(케토프로펜)",20150413
"특정연령대금기","단일",D000672,Ketoprofen,"케토프로펜","","카타플라스마제",200600575,"제놀탑에스카타플라스마(케토프로펜)",20060227,"(주)녹십자","미백색의 점착성 고체를 부직포상에 도포한 방향성을 가진 카타플라스마제로서 밀착포가 접합되어 있습니다",02640,"진통.진양.수렴.소염제","일반의약품","[M051464]케토프로펜/[M051464]케토프로펜/[M051464]케토프로펜",20140109,_,"","Ketoprofen(케토프로펜)",20120316
"특정연령대금기","복합",D000709,Lidocaine,"리도카인","[D000622]Prilocaine(프릴로카인)","피부크림제",200600806,"엔카인크림",20060118,"주식회사제뉴원사이언스","흰색의 크림제",01210,"국소마취제","전문의약품","[M040131]리도카인/[M087237]프릴로카인",20140109,"- 흡수에 대한 자료가 불완전하므로 소아의 생식기 점막에는 적용하지 말 것- 메트헤모글로빈의 일시적 증가 보고","","Lidocaine(리도카인)",20260309
"특정연령대금기","단일",D000222,"Loperamide Hydrochloride","염산로페라미드","","경질캡슐제, 산제",200604302,"마페드캡슐(염산로페라미드)(수출용)",20060530,"(주)씨엠지제약","백색의 분말이 든 상·하부 백색의 경질캡슐",02370,"정장제","전문의약품","[M050356]염산로페라미드",20140109,_,"","Loperamide Hydrochloride(염산로페라미드)",20221206
"특정연령대금기","단일",D000672,Ketoprofen,"케토프로펜","","지지체가있는첩부제",200607885,"신신케토크린24플라스타(케토프로펜)",20060821,"신신제약(주)","이 약은 무색의 점착성물질을 살색의 린트포에 도포하여(바르고) 고체면에 박리지를 덮은 첩부제이다",02640,"진통.진양.수렴.소염제","일반의약품","[M051464]케토프로펜",20140109,_,"","Ketoprofen(케토프로펜)",20130619
"특정연령대금기","단일",D000672,Ketoprofen,"케토프로펜","","용액주사제",200608036,"명문케토프로펜주사(수출용)(수출명 : Ketofron)",20061124,"명문제약(주)","무색투명한 용액이 든 갈색투명한 앰플",01140,"해열.진통.소염제","전문의약품","[M051464]케토프로펜",20140109,"- 안전성 및 유효성 미확립- 벤질알코올은 조숙아에서 치명적인 가쁜 호흡증상과 연관이 있는 것으로 보고됨","","Ketoprofen(케토프로펜)",20130802
"특정연령대금기","단일",D000427,Meloxicam,"멜록시캄","","경질캡슐제, 산제",200608121,"멜릭스캡슐(멜록시캄)",20061121,"경동제약(주)","황색 또는 미황색 분말이 든 상,하 청록색의 경질캡슐제",01140,"해열.진통.소염제","전문의약품","[M086439]멜록시캄",20140109,_,"","Meloxicam(멜록시캄)",20240913
"특정연령대금기","단일",D000793,Levofloxacin,"레보플록사신","","필름코팅정",200608214,"네오록스정100mg(레보플록사신)(수출용)",20060727,"(주)하원제약","흰색의 원형 필름코팅정제",06290,"기타의 화학요법제","전문의약품","[M085584]레보플록사신",20140109,"- 안전성 및 유효성 미확립- 퀴놀론계 항균제는 몇몇 어린 동물종에서 관절병증, 뼈연골증을 유발","","Levofloxacin(레보플록사신)",20260323
"특정연령대금기","단일",D000427,Meloxicam,"멜록시캄","","경질캡슐제, 산제",200608275,"목시캄캡슐(멜록시캄)",20060824,"(주)유영제약","미황색분말이 충전된 상하부 담녹색의 경질캡슐제",01140,"해열.진통.소염제","전문의약품","[M086439]멜록시캄",20140109,_,"","Meloxicam(멜록시캄)",20240913
"특정연령대금기","단일",D000672,Ketoprofen,"케토프로펜","","지지체가있는첩부제",200610741,"케로팝경고제(케토프로펜)",20060913,"(주)재우스팜","백색의 부직포에 백색의 점착성 물질이 도포되고 박리지를 부착한 경고제",02640,"진통.진양.수렴.소염제","일반의약품","[M051464]케토프로펜",20140109,_,"","Ketoprofen(케토프로펜)",20140917
"특정연령대금기","복합",D000709,Lidocaine,"리도카인","[D000622]Prilocaine(프릴로카인)","피부크림제",200700875,"리카르로크림",20070122,"(주)동구바이오제약","흰색의 크림제",01210,"국소마취제","전문의약품","[M040131]리도카인/[M087237]프릴로카인/[M040131]리도카인/[M087237]프릴로카인",20140109,"- 흡수에 대한 자료가 불완전하므로 소아의 생식기 점막에는 적용하지 말 것- 메트헤모글로빈의 일시적 증가 보고","","Lidocaine(리도카인)",20260309
"특정연령대금기","단일",D000672,Ketoprofen,"케토프로펜","","지지체가있는첩부제",200701444,"케논에스플라스타(케토프로펜) 수출명: 케논에스플라스타(Kenon-S Plaster), 케토플라스트패취(Ketoplast Patch), 케토밴드(Ketoband), 케토티디디에스 플라스타( Keto-TDDS Plaster), 케토덤플라스타(Ketoderm Plaster)",20070201,"아이큐어(주)","이 약은 무색 반투명의 점착성 물질을 지지체에 도포하고 고체면에 고체피복물을 덮은 첩부제이다.",02640,"진통.진양.수렴.소염제","일반의약품","[M051464]케토프로펜/[M051464]케토프로펜/[M051464]케토프로펜/[M051464]케토프로펜/[M051464]케토프로펜/[M051464]케토프로펜",20140109,_,"","Ketoprofen(케토프로펜)",20180914
"특정연령대금기","단일",D000793,"Levofloxacin Hydrate","레보플록사신수화물","","필름코팅정",200703280,"레보펙신정500밀리그램(레보플록사신수화물)",20070320,"일동제약(주)","[내수용]: 복숭아색의 장방형 필름코팅정[수출용]: 분홍색의 장방형 필름코팅정",06290,"기타의 화학요법제","전문의약품","[M251128]레보플록사신수화물/[M251128]레보플록사신수화물",20140109,"- 안전성 및 유효성 미확립- 퀴놀론계 항균제는 몇몇 어린 동물종에서 관절병증, 뼈연골증을 유발","","Levofloxacin Hydrate(레보플록사신수화물)",20260323
"특정연령대금기","단일",D000793,Levofloxacin,"레보플록사신","","필름코팅정",200704488,"크라비트정250밀리그람(레보플록사신)",20060123,"제일약품(주)","이 약은 진분홍색의 장방형 필름코팅정이다",06290,"기타의 화학요법제","전문의약품","[M085584]레보플록사신",20140109,"- 안전성 및 유효성 미확립- 퀴놀론계 항균제는 몇몇 어린 동물종에서 관절병증, 뼈연골증을 유발","","Levofloxacin(레보플록사신)",20260323
"특정연령대금기","단일",D000427,Meloxicam,"멜록시캄","","경질캡슐제, 산제",200704969,"유니콕스캡슐7.5밀리그램(멜록시캄)",20070430,"유니메드제약(주)","미황색 가루가 든 상하부 담녹색 캡슐제",01140,"해열.진통.소염제","전문의약품","[M086439]멜록시캄/[M086439]멜록시캄",20140109,_,"","Meloxicam(멜록시캄)",20240913
"특정연령대금기","단일",D000793,Levofloxacin,"레보플록사신","","필름코팅정",200705151,"레이보신정(레보플록사신)(수출용)",20070503,"천우신약(주)","백색-미백색의 장방형 필름코팅정",06290,"기타의 화학요법제","전문의약품","[M085584]레보플록사신",20140109,"- 안전성 및 유효성 미확립- 퀴놀론계 항균제는 몇몇 어린 동물종에서 관절병증, 뼈연골증을 유발","","Levofloxacin(레보플록사신)",20260323
"특정연령대금기","단일",D000793,"Levofloxacin Hydrate","레보플록사신수화물","","필름코팅정",200705239,"성원애드콕레보플록사신500mg정(레보플록사신)(수출용)",20070508,"성원애드콕제약(주)","백색～미백색 장방형 필름코팅 정제",06290,"기타의 화학요법제","전문의약품","[M251128]레보플록사신수화물",20140109,"- 안전성 및 유효성 미확립- 퀴놀론계 항균제는 몇몇 어린 동물종에서 관절병증, 뼈연골증을 유발","","Levofloxacin Hydrate(레보플록사신수화물)",20260323
"특정연령대금기","단일",D000672,Ketoprofen,"케토프로펜","","지지체가있는첩부제",200705581,"케프로텍플라스타(케토프로펜)",20070515,"현대약품(주)","무색 반투명의 점착성 물질을 지지체에 도포하고(바르고) 고체면에 박리지를 덮은 첩부제이다.",02640,"진통.진양.수렴.소염제","일반의약품","[M051464]케토프로펜/[M051464]케토프로펜",20140109,_,"","Ketoprofen(케토프로펜)",20120501
"특정연령대금기","단일",D000708,Loratadine,"로라타딘","","나정",200705613,"로라진정(로라타딘)(수출용)",20070516,"(주)하원제약","흰색의 타원형 정제",01410,"항히스타민제","전문의약품","[M082724]로라타딘",20140109,_,"","Loratadine(로라타딘)",20191001
"특정연령대금기","단일",D000672,Ketoprofen,"케토프로펜","","지지체가있는첩부제",200708955,"케토진첩부제(케토프로펜)",20070801,"(주)텔콘알에프제약","무색투명의 점착성물질을 린트포에 도포하여 고체면에 박리지를 덮은 첩부제",02640,"진통.진양.수렴.소염제","일반의약품","[M051464]케토프로펜",20140109,_,"","Ketoprofen(케토프로펜)",20200109
"특정연령대금기","단일",D000672,Ketoprofen,"케토프로펜","","지지체가있는첩부제",200709963,"케펨플라스타(케토프로펜)",20070829,"(주)종근당","무색 투명 또는 반투명의 점착성 물질을 연주황색 부직포에 도포하여 고체면에 고체피복물을 덮은 첩부제",02640,"진통.진양.수렴.소염제","일반의약품","[M051464]케토프로펜/[M051464]케토프로펜",20140109,_,"","Ketoprofen(케토프로펜)",20200812
"특정연령대금기","단일",D000672,Ketoprofen,"케토프로펜","","지지체가있는첩부제",200709423,"케논엘플라스타(케토프로펜)[수출명:케논-엘(Kenon-L),케토덤-엘(Ketoderm-L),케노덤(Kenoderm),페노덤(Fenoderm),케이트란스(Ketrans),케토플라스트-엘(Ketoplast-L)]",20070810,"아이큐어(주)","무색 투명 또는 반투명의 점착성 물질을 연주황색 부직포에 도포하여 고체면에 고체피복물을 덮은 첩부제이다. 19.0cm×11.8cm : 무색 투명 또는 반투명의 점착성 물질을 연주황색 부직포에 도포하고 고체면에 고체피복물을 덮은 중앙이 빈 다이아몬드 모양의 첩부제이다.",02640,"진통.진양.수렴.소염제","일반의약품","[M051464]케토프로펜/[M051464]케토프로펜/[M051464]케토프로펜/[M051464]케토프로펜/[M051464]케토프로펜/[M051464]케토프로펜/[M051464]케토프로펜/[M051464]케토프로펜/[M051464]케토프로펜/[M051464]케토프로펜/[M051464]케토프로펜/[M051464]케토프로펜",20140109,_,"","Ketoprofen(케토프로펜)",20190115
"특정연령대금기","단일",D000793,"Levofloxacin Hydrate","레보플록사신수화물","","필름코팅정",200710882,"레보펙신정250밀리그램(레보플록사신수화물)",20070928,"일동제약(주)","진분홍색의 장방형 필름코팅정",06290,"기타의 화학요법제","전문의약품","[M251128]레보플록사신수화물",20140109,"- 안전성 및 유효성 미확립- 퀴놀론계 항균제는 몇몇 어린 동물종에서 관절병증, 뼈연골증을 유발","","Levofloxacin Hydrate(레보플록사신수화물)",20260323
"특정연령대금기","단일",D000672,Ketoprofen,"케토프로펜","","카타플라스마제",200711079,"케노펜쿨링카타플라스마(케토프로펜)",20071005,"일동제약(주)","· 9cm x 13cm : 연한 분홍색 또는 분홍색의 점착성 고체를 부직포 위에 도포하고 뒷면에 밀착포를 부착한 특유한 향기를 가진 카타플라스마제",02640,"진통.진양.수렴.소염제","일반의약품","[M051464]케토프로펜",20140109,_,"","Ketoprofen(케토프로펜)",20200319
"특정연령대금기","단일",D000793,Levofloxacin,"레보플록사신","","필름코팅정",200711322,"디안플록스정(레보플록사신)(수출용)(Dianflox tab.)",20070918,"영풍제약(주)","흰색의 장방형 필름코팅정제",06290,"기타의 화학요법제","전문의약품","[M085584]레보플록사신/[M251128]레보플록사신수화물",20140109,"- 안전성 및 유효성 미확립- 퀴놀론계 항균제는 몇몇 어린 동물종에서 관절병증, 뼈연골증을 유발","","Levofloxacin(레보플록사신)",20260323
"특정연령대금기","단일",D000672,Ketoprofen,"케토프로펜","","용액주사제",200713899,"대한케토프로펜주사액(케토프로펜)(수출용)(수출명:KERONBE Inj.)",20071231,"대한약품공업(주)","무색투명한 용액이 든 갈색투명한 앰플제",01140,"해열.진통.소염제","전문의약품","[M051464]케토프로펜",20140109,"- 안전성 및 유효성 미확립- 벤질알코올은 조숙아에서 치명적인 가쁜 호흡증상과 연관이 있는 것으로 보고됨","","Ketoprofen(케토프로펜)",20191101
"특정연령대금기","단일",D000793,"Levofloxacin Hydrate","레보플록사신수화물","","필름코팅정",200800332,"동구레보플록사신수화물정250mg",20080108,"(주)동구바이오제약","진분홍색의 장방형 필름코팅정",06290,"기타의 화학요법제","전문의약품","[M251128]레보플록사신수화물",20140109,"- 안전성 및 유효성 미확립- 퀴놀론계 항균제는 몇몇 어린 동물종에서 관절병증, 뼈연골증을 유발","","Levofloxacin Hydrate(레보플록사신수화물)",20260323
"특정연령대금기","단일",D000793,"Levofloxacin Hydrate","레보플록사신수화물","","필름코팅정",200800333,"동구레보플록사신수화물정500mg",20080108,"(주)동구바이오제약","분홍색의 장방형 필름코팅정",06290,"기타의 화학요법제","전문의약품","[M251128]레보플록사신수화물",20140109,"- 안전성 및 유효성 미확립- 퀴놀론계 항균제는 몇몇 어린 동물종에서 관절병증, 뼈연골증을 유발","","Levofloxacin Hydrate(레보플록사신수화물)",20260323
"특정연령대금기","단일",D000793,"Levofloxacin Hydrate","레보플록사신수화물","","필름코팅정",200800506,"삼익레보플록사신정(레보플록사신수화물)(수출명 : Beeocuracin Tab.)(수출용)",20080111,"삼익제약(주)","흰색의 원형 필름코팅정제",06290,"기타의 화학요법제","전문의약품","[M251128]레보플록사신수화물",20140109,"- 안전성 및 유효성 미확립- 퀴놀론계 항균제는 몇몇 어린 동물종에서 관절병증, 뼈연골증을 유발","","Levofloxacin Hydrate(레보플록사신수화물)",20260323
"특정연령대금기","복합",D000709,Lidocaine,"리도카인","[D000622]Prilocaine(프릴로카인)","피부크림제",200801307,"듀오카인크림",20080130,"(주)파마리서치","흰색의 크림제",01210,"국소마취제","전문의약품","[M040131]리도카인/[M087237]프릴로카인",20140109,"- 흡수에 대한 자료가 불완전하므로 소아의 생식기 점막에는 적용하지 말 것- 메트헤모글로빈의 일시적 증가 보고","","Lidocaine(리도카인)",20260309
"특정연령대금기","단일",D000274,"Ketorolac Tromethamine","케토롤락트로메타민염","","용액주사제",200801933,"대한케토롤락트로메타민주",20080219,"대한약품공업(주)","엷은 황색의 투명한 액체가 충전된 갈색 앰플제",01140,"해열.진통.소염제","전문의약품","[M222885]케토롤락트로메타민염",20140109,"안전성 및 유효성 미확립","","Ketorolac Tromethamine(케토롤락트로메타민염)",20240522
"특정연령대금기","단일",D000672,Ketoprofen,"케토프로펜","","카타플라스마제",200802243,"맨담케토쿨카타플라스마(케토프로펜)",20080227,"(주)보령","연한 분홍색 또는 분홍색의 점착성 고체를 부직포 위에 도포하고 뒷면에 밀착포를 부착한 특유한 향기를 가진 카타플라스마제",02640,"진통.진양.수렴.소염제","일반의약품","[M051464]케토프로펜",20140109,_,"","Ketoprofen(케토프로펜)",20180104
"특정연령대금기","단일",D000672,Ketoprofen,"케토프로펜","","카타플라스마제",200803538,"제일파프케이카타플라스마(케토프로펜)",20080331,"제일헬스사이언스(주)","연한 분홍색 또는 분홍색의 점착성 고체를 부직포 위에 도포하고(바르고) 뒷면에 밀착포를 부착한 특유한 향기를 가진 카타플라스마제",02640,"진통.진양.수렴.소염제","일반의약품","[M051464]케토프로펜",20140109,_,"","Ketoprofen(케토프로펜)",20110620
"특정연령대금기","단일",D000427,Meloxicam,"멜록시캄","","경질캡슐제, 산제",200803581,"뉴록캄캡슐(멜록시캄)(수출용)",20080401,"한국유니온제약(주)","황색 내지 미황색 가루가 들어있는 상.하부 담녹색의 경질캡슐",01140,"해열.진통.소염제","전문의약품","[M086439]멜록시캄",20140109,_,"","Meloxicam(멜록시캄)",20240913
"특정연령대금기","단일",D000793,Levofloxacin,"레보플록사신","","필름코팅정",200804034,"뉴모신정750mg(레보플록사신)(수출용)",20080414,"(주)동구바이오제약","흰색의 장방형 필름코팅정",06290,"기타의 화학요법제","전문의약품","[M085584]레보플록사신",20140109,"- 안전성 및 유효성 미확립- 퀴놀론계 항균제는 몇몇 어린 동물종에서 관절병증, 뼈연골증을 유발","","Levofloxacin(레보플록사신)",20260323
"특정연령대금기","단일",D000793,Levofloxacin,"레보플록사신","","필름코팅정",200804144,"레보스타정500mg(레보플록사신)(수출용)",20080415,"삼천당제약(주)","수출용1,2,3, : 노란색의 장방형 필름코팅정 수출용4 : 연한 분홍색의 장방형 필름코팅정",06290,"기타의 화학요법제","전문의약품","[M085584]레보플록사신/[M085584]레보플록사신",20140109,"- 안전성 및 유효성 미확립- 퀴놀론계 항균제는 몇몇 어린 동물종에서 관절병증, 뼈연골증을 유발","","Levofloxacin(레보플록사신)",20260323
"특정연령대금기","단일",D000793,"Levofloxacin Hydrate","레보플록사신수화물","","필름코팅정",200804225,"렉타신정250밀리그램(레보플록사신수화물)",20080417,"유니메드제약(주)","진분홍색의 장방형 필름코팅정",06290,"기타의 화학요법제","전문의약품","[M251128]레보플록사신수화물",20140109,"- 안전성 및 유효성 미확립- 퀴놀론계 항균제는 몇몇 어린 동물종에서 관절병증, 뼈연골증을 유발","","Levofloxacin Hydrate(레보플록사신수화물)",20260323
"특정연령대금기","단일",D000793,"Levofloxacin Hydrate","레보플록사신수화물","","필름코팅정",200805811,"레복사신정500밀리그램(레보플록사신수화물)",20080526,"한미약품(주)","분홍 내지 연분홍색의 장방형 필름코팅정",06290,"기타의 화학요법제","전문의약품","[M251128]레보플록사신수화물",20140109,"- 안전성 및 유효성 미확립- 퀴놀론계 항균제는 몇몇 어린 동물종에서 관절병증, 뼈연골증을 유발","","Levofloxacin Hydrate(레보플록사신수화물)",20260323
"특정연령대금기","단일",D000793,Levofloxacin,"레보플록사신","","필름코팅정",200806028,"레포신정100밀리그램(레보플록사신)",20080530,"신풍제약(주)","흰색～미황백색의 원형필름코팅정",06290,"기타의 화학요법제","전문의약품","[M085584]레보플록사신",20140109,"- 안전성 및 유효성 미확립- 퀴놀론계 항균제는 몇몇 어린 동물종에서 관절병증, 뼈연골증을 유발","","Levofloxacin(레보플록사신)",20260323
"특정연령대금기","복합",D000709,Lidocaine,"리도카인","[D000622]Prilocaine(프릴로카인)","피부크림제",200806611,"제이프로크림",20080617,"(주)비보존제약","흰색의 크림제",01210,"국소마취제","전문의약품","[M040131]리도카인/[M087237]프릴로카인",20140109,"- 흡수에 대한 자료가 불완전하므로 소아의 생식기 점막에는 적용하지 말 것- 메트헤모글로빈의 일시적 증가 보고","","Lidocaine(리도카인)",20260309
"특정연령대금기","단일",D000672,Ketoprofen,"케토프로펜","","피부용겔제",200807239,"아마프로겔3%(케토프로펜)",20080630,"(주)씨엠지제약","무색투명한 겔제",02640,"진통.진양.수렴.소염제","일반의약품","[M051464]케토프로펜",20140109,_,"","Ketoprofen(케토프로펜)",20100530
"특정연령대금기","단일",D000672,Ketoprofen,"케토프로펜","","카타플라스마제",200808304,"노펜스트롱카타플라스마(케토프로펜)",20080801,"제이더블유중외제약(주)","이 약은 무색 또는 담황색의 점착성의 고체를 부직포 위에 도포하고 부직점착테이프를 고정시킨 후 박리지를 덮은 카타플라스마제이다",02640,"진통.진양.수렴.소염제","일반의약품","[M051464]케토프로펜",20140109,_,"","Ketoprofen(케토프로펜)",20220331
"특정연령대금기","복합",D000709,Lidocaine,"리도카인","[D000622]Prilocaine(프릴로카인)","피부크림제",200809853,"엠에스크림",20080926,"오스틴제약(주)","흰색의 크림제",01210,"국소마취제","전문의약품","[M040131]리도카인/[M087237]프릴로카인",20140109,"- 흡수에 대한 자료가 불완전하므로 소아의 생식기 점막에는 적용하지 말 것- 메트헤모글로빈의 일시적 증가 보고","","Lidocaine(리도카인)",20260309
"특정연령대금기","단일",D000427,Meloxicam,"멜록시캄","","경질캡슐제, 산제",200900844,"모빅캡슐7.5밀리그램(멜록시캄)",20090128,"한국베링거인겔하임(주)","노란색 가루가 든 상,하 밝은 초록색 캡슐",01140,"해열.진통.소염제","전문의약품","[M086439]멜록시캄",20140109,_,"","Meloxicam(멜록시캄)",20240913
"특정연령대금기","단일",D000427,Meloxicam,"멜록시캄","","경질캡슐제, 산제",200900845,"모빅캡슐15밀리그램(멜록시캄)",20090128,"한국베링거인겔하임(주)","노란색 가루가 든 상부 밝은 초록색, 하부 노란색 캡슐",01140,"해열.진통.소염제","전문의약품","[M086439]멜록시캄",20140109,_,"","Meloxicam(멜록시캄)",20240913
"특정연령대금기","단일",D000793,"Levofloxacin Hydrate","레보플록사신수화물","","용액주사제",200903888,"레프퀸인퓨전주(레보플록사신수화물)",20090602,"대한약품공업(주)","[내수용]엷은 녹색을 띤 황색의 맑은 액이 든 플라스틱용기 주사제[수출용]엷은 녹색을 띤 황색의 맑은 액이 든 유리 주사제",06290,"기타의 화학요법제","전문의약품","[M251128]레보플록사신수화물",20140109,"- 안전성 및 유효성 미확립- 퀴놀론계 항균제는 몇몇 어린 동물종에서 관절병증, 뼈연골증을 유발","","Levofloxacin Hydrate(레보플록사신수화물)",20260323
"특정연령대금기","단일",D000793,Levofloxacin,"레보플록사신","","필름코팅정",200905257,"프로신정250밀리그램(레보플록사신)(수출용)",20090713,"한국유니온제약(주)","진분홍색의 장방형 필름코팅정",06290,"기타의 화학요법제","전문의약품","[M085584]레보플록사신",20140109,"- 안전성 및 유효성 미확립- 퀴놀론계 항균제는 몇몇 어린 동물종에서 관절병증, 뼈연골증을 유발","","Levofloxacin(레보플록사신)",20260323
"특정연령대금기","단일",D000708,Loratadine,"로라타딘","","나정",200905692,"클라리틴정(로라타딘)",20090720,"바이엘코리아(주)","흰색의 타원형 정제",01410,"항히스타민제","일반의약품","[M082724]로라타딘",20140109,_,"","Loratadine(로라타딘)",20200630
"특정연령대금기","단일",D000793,"Levofloxacin Hydrate","레보플록사신수화물","","필름코팅정",200905938,"레복사신정250밀리그램(레보플록사신수화물)",20090727,"한미약품(주)","분홍 내지 진분홍색의 장방형 필름코팅정",06290,"기타의 화학요법제","전문의약품","[M251128]레보플록사신수화물",20140109,"- 안전성 및 유효성 미확립- 퀴놀론계 항균제는 몇몇 어린 동물종에서 관절병증, 뼈연골증을 유발","","Levofloxacin Hydrate(레보플록사신수화물)",20260323
"특정연령대금기","단일",D000274,"Ketorolac Tromethamine","케토롤락트로메타민","","필름코팅정",201003391,"케롤민정(케토롤락트로메타민)(수출용)(수출명:①Ketorolac-Asteria Tab. ②Kerolmin Tab.)",20100507,"한국코러스(주)","흰색의 원형필름코팅정제",01140,"해열.진통.소염제","전문의약품","[M084703]케토롤락트로메타민",20140109,"안전성 및 유효성 미확립","","Ketorolac Tromethamine(케토롤락트로메타민)",20120419
"특정연령대금기","단일",D000793,Levofloxacin,"레보플록사신","","필름코팅정",201003392,"렉사신정100mg(레보플록사신)(수출용)(수출명: ① Lexacin Tab. 100mg ② Levorex Tab.100mg ③ Levofloxacin-Asteria Tab.100mg)",20100507,"한국코러스(주)","흰색의 원형 필름코팅정",06290,"기타의 화학요법제","전문의약품","[M085584]레보플록사신",20140109,"- 안전성 및 유효성 미확립- 퀴놀론계 항균제는 몇몇 어린 동물종에서 관절병증, 뼈연골증을 유발","","Levofloxacin(레보플록사신)",20260323
"특정연령대금기","단일",D000793,Levofloxacin,"레보플록사신","","필름코팅정",201003399,"렉사신정(레보플록사신)(수출용)(수출명: ① Lexacin Tab. ② Levorex Tab. ③ Levofloxacin-Asteria Tab.)",20100507,"한국코러스(주)","흰색의 장방형 필름코팅정",06290,"기타의 화학요법제","전문의약품","[M085584]레보플록사신",20140109,"- 안전성 및 유효성 미확립- 퀴놀론계 항균제는 몇몇 어린 동물종에서 관절병증, 뼈연골증을 유발","","Levofloxacin(레보플록사신)",20260323
"특정연령대금기","단일",D000793,Levofloxacin,"레보플록사신","","용액주사제",201003822,"안국레보플록사신주(수출용)",20100601,"안국약품(주)","엷은 녹색을 띤 황색의 맑은 액이 든 무색투명한 바이알 주사제",06290,"기타의 화학요법제","전문의약품","[M085584]레보플록사신",20140109,"- 안전성 및 유효성 미확립- 퀴놀론계 항균제는 몇몇 어린 동물종에서 관절병증, 뼈연골증을 유발","","Levofloxacin(레보플록사신)",20260323
"특정연령대금기","단일",D000793,Levofloxacin,"레보플록사신","","필름코팅정",201004128,"렉사신정250mg(레보플록사신)(수출용)(수출명: ① Lexacin Tab.250mg ② Levorex Tab.250mg ③ Levofloxacin-Asteria Tab.250mg)",20100622,"한국코러스(주)","흰색의 원형 필름코팅정",06290,"기타의 화학요법제","전문의약품","[M085584]레보플록사신",20140109,"- 안전성 및 유효성 미확립- 퀴놀론계 항균제는 몇몇 어린 동물종에서 관절병증, 뼈연골증을 유발","","Levofloxacin(레보플록사신)",20260323
"특정연령대금기","단일",D000427,Meloxicam,"멜록시캄","","경질캡슐제, 산제",201004440,"멜록신캡슐(멜록시캄)",20100708,"(주)휴메딕스","[내수용] 미황색의 내용물이 충진된 상,하부 녹색의 경질캡슐제[수출용] 황색 내지 미황색 가루가 들어있는 상.하부 담녹색의 경질캡슐",01140,"해열.진통.소염제","전문의약품","[M086439]멜록시캄/[M086439]멜록시캄",20140109,_,"","Meloxicam(멜록시캄)",20240913
"특정연령대금기","단일",D000274,"Ketorolac Tromethamine","케토롤락트로메타민","","용액주사제",201100186,"케톨락주(케토롤락트로메타민)(수출용)",20110113,"(주)제일제약","엷은 황색의 투명한 액이 든 갈색투명한 앰플주사제",01140,"해열.진통.소염제","전문의약품","[M084703]케토롤락트로메타민",20140109,"안전성 및 유효성 미확립","","Ketorolac Tromethamine(케토롤락트로메타민)",20130806
"특정연령대금기","단일",D000793,"Levofloxacin Hydrate","레보플록사신수화물","","필름코팅정",201105697,"위더스레보플록사신정500밀리그램(레보플록사신수화물)",20110826,"위더스제약(주)","분홍색의 장방형 필름코팅정",06290,"기타의 화학요법제","전문의약품","[M251128]레보플록사신수화물/[M251128]레보플록사신수화물",20140109,"- 안전성 및 유효성 미확립- 퀴놀론계 항균제는 몇몇 어린 동물종에서 관절병증, 뼈연골증을 유발","","Levofloxacin Hydrate(레보플록사신수화물)",20260323
"특정연령대금기","단일",D000427,Meloxicam,"멜록시캄","","경질캡슐제, 산제",201110513,"메록스캄캡슐7.5밀리그램(멜록시캄)",20111130,"한미약품(주)","연한 노란색의 분말이 들어있는 상하부 연한 녹색의 경질캡슐제",01140,"해열.진통.소염제","전문의약품","[M086439]멜록시캄",20140109,_,"","Meloxicam(멜록시캄)",20240913
"특정연령대금기","단일",D000427,Meloxicam,"멜록시캄","","경질캡슐제, 산제",201203624,"아모리아캡슐15mg(멜록시캄)(수출용)",20120430,"삼익제약(주)","미황색 가루가 든 상부 담녹색, 하부 황색 경질캡슐제",01140,"해열.진통.소염제","전문의약품","[M086439]멜록시캄",20140109,_,"","Meloxicam(멜록시캄)",20240913
"특정연령대금기","단일",D000427,Meloxicam,"멜록시캄","","경질캡슐제, 산제",201206751,"멜로덱스캡슐7.5밀리그램(멜록시캄)",20120911,"삼일제약(주)","연한 노란색 가루가 든 상·하 연한 녹색의 경질 캡슐제",01140,"해열.진통.소염제","전문의약품","[M086439]멜록시캄",20140109,_,"","Meloxicam(멜록시캄)",20240913
"특정연령대금기","단일",D000427,Meloxicam,"멜록시캄","","경질캡슐제, 산제",201206870,"멜시빅캡슐15밀리그램(멜록시캄)",20120921,"동국제약(주)","미황색 가루가 든 상부 담녹색, 하부 황색 캡슐제",01140,"해열.진통.소염제","전문의약품","[M086439]멜록시캄",20140109,_,"","Meloxicam(멜록시캄)",20240913
"특정연령대금기","단일",D000427,Meloxicam,"멜록시캄","","경질캡슐제, 산제",201206871,"멜시빅캡슐7.5밀리그램(멜록시캄)",20120921,"동국제약(주)","미황색 가루가 든 상, 하부 담녹색 캡슐제",01140,"해열.진통.소염제","전문의약품","[M086439]멜록시캄",20140109,_,"","Meloxicam(멜록시캄)",20240913
"특정연령대금기","단일",D000427,Meloxicam,"멜록시캄","","경질캡슐제, 산제",201206872,"멜로덱스캡슐15밀리그램(멜록시캄)",20120921,"삼일제약(주)","연한 노란색 가루가 든 상부 연한 녹색, 하부 황색의 경질 캡슐제",01140,"해열.진통.소염제","전문의약품","[M086439]멜록시캄",20140109,_,"","Meloxicam(멜록시캄)",20240913
"특정연령대금기","단일",D000793,"Levofloxacin Hydrate","레보플록사신수화물","","필름코팅정",201207060,"글로비트정(레보플록사신수화물)",20121005,"(주)킵스바이오파마","황색 원형의 필름코팅정",06290,"기타의 화학요법제","전문의약품","[M251128]레보플록사신수화물",20140109,"- 안전성 및 유효성 미확립- 퀴놀론계 항균제는 몇몇 어린 동물종에서 관절병증, 뼈연골증을 유발","","Levofloxacin Hydrate(레보플록사신수화물)",20260323
"특정연령대금기","단일",D000427,Meloxicam,"멜록시캄","","경질캡슐제, 산제",201207083,"류멜캡슐15밀리그램(멜록시캄)",20121008,"한림제약(주)","미황색 가루가 충전된 상부 담녹색, 하부 노란색의 경질캡슐제",01140,"해열.진통.소염제","전문의약품","[M086439]멜록시캄",20140109,_,"","Meloxicam(멜록시캄)",20240913
"특정연령대금기","단일",D000793,"Levofloxacin Hydrate","레보플록사신수화물","","필름코팅정",201207402,"레보라신정(레보플록사신수화물)",20121023,"동국제약(주)","흰색-미백색의 필름코팅정",06290,"기타의 화학요법제","전문의약품","[M251128]레보플록사신수화물",20140109,"- 안전성 및 유효성 미확립- 퀴놀론계 항균제는 몇몇 어린 동물종에서 관절병증, 뼈연골증을 유발","","Levofloxacin Hydrate(레보플록사신수화물)",20260323
"특정연령대금기","단일",D000427,Meloxicam,"멜록시캄","","경질캡슐제, 산제",201207487,"트록시캄캡슐7.5밀리그램(멜록시캄)",20121029,"(주)새한제약","미황색분말이 충전된 상하 연녹색의 경질캡슐제",01140,"해열.진통.소염제","전문의약품","[M086439]멜록시캄",20140109,_,"","Meloxicam(멜록시캄)",20240913
"특정연령대금기","단일",D000793,"Levofloxacin Hydrate","레보플록사신수화물","","필름코팅정",201210744,"레나신정(레보플록사신수화물)",20121226,"하나제약(주)","흰색의 원형 필름코팅정제",06290,"기타의 화학요법제","전문의약품","[M251128]레보플록사신수화물",20140109,"- 안전성 및 유효성 미확립- 퀴놀론계 항균제는 몇몇 어린 동물종에서 관절병증, 뼈연골증을 유발","","Levofloxacin Hydrate(레보플록사신수화물)",20260323
"특정연령대금기","단일",D000427,Meloxicam,"멜록시캄","","경질캡슐제, 산제",201300020,"대웅바이오멜록시캄캡슐7.5밀리그램",20130103,"대웅바이오(주)","미황색가루가 든 상,하 담녹색의 캡슐제",01140,"해열.진통.소염제","전문의약품","[M086439]멜록시캄",20140109,_,"","Meloxicam(멜록시캄)",20240913
"특정연령대금기","단일",D000427,Meloxicam,"멜록시캄","","경질캡슐제, 산제",201300144,"대웅바이오멜록시캄캡슐15밀리그램",20130108,"대웅바이오(주)","미황색가루가 든 상부 담녹색, 하부 황색 캡슐제",01140,"해열.진통.소염제","전문의약품","[M086439]멜록시캄",20140109,_,"","Meloxicam(멜록시캄)",20240913
"특정연령대금기","단일",D000793,"Levofloxacin Hydrate","레보플록사신수화물","","필름코팅정",201302165,"레보바이정(레보플록사신수화물)",20130124,"(주)휴온스","흰색의 원형 필름코팅정",06290,"기타의 화학요법제","전문의약품","[M251128]레보플록사신수화물",20140109,"- 안전성 및 유효성 미확립- 퀴놀론계 항균제는 몇몇 어린 동물종에서 관절병증, 뼈연골증을 유발","","Levofloxacin Hydrate(레보플록사신수화물)",20260323
"특정연령대금기","단일",D000793,"Levofloxacin Hydrate","레보플록사신수화물","","필름코팅정",201302619,"환인레보플록사신정100밀리그램(레보플록사신수화물)",20130129,"환인제약(주)","흰색-미백색의 원형 필름코팅정",06290,"기타의 화학요법제","전문의약품","[M251128]레보플록사신수화물",20140109,"- 안전성 및 유효성 미확립- 퀴놀론계 항균제는 몇몇 어린 동물종에서 관절병증, 뼈연골증을 유발","","Levofloxacin Hydrate(레보플록사신수화물)",20260323
"특정연령대금기","복합",D000709,Lidocaine,"리도카인","[D000622]Prilocaine(프릴로카인)","피부크림제",201302800,"엠마듀오크림",20130130,"(주)씨엠지제약","흰색의 크림제",01210,"국소마취제","전문의약품","[M040131]리도카인/[M087237]프릴로카인",20140109,"- 흡수에 대한 자료가 불완전하므로 소아의 생식기 점막에는 적용하지 말 것- 메트헤모글로빈의 일시적 증가 보고","","Lidocaine(리도카인)",20260309
"특정연령대금기","단일",D000427,Meloxicam,"멜록시캄","","경질캡슐제, 산제",201303831,"이노시캄캡슐(멜록시캄)",20130205,"에스피씨(주)","미황색가루가 든 상,하 담녹색의 캡슐제",01140,"해열.진통.소염제","전문의약품","[M086439]멜록시캄",20140109,_,"","Meloxicam(멜록시캄)",20240913
"특정연령대금기","단일",D000427,Meloxicam,"멜록시캄","","경질캡슐제, 산제",201306346,"모빅시캄캡슐(멜록시캄)",20130321,"한국휴텍스제약(주)","연한 노란색 가루가 든 상·하 연한 녹색의 경질 캡슐제",01140,"해열.진통.소염제","전문의약품","[M086439]멜록시캄",20140109,_,"","Meloxicam(멜록시캄)",20240913
"특정연령대금기","단일",D000793,"Levofloxacin Hydrate","레보플록사신수화물","","용액주사제",201306988,"레포리아주(레보플록사신수화물)(수출용)",20130418,"(주)테라젠이텍스","엷은 녹색을 띈 황색의 맑은 액이 든 무색투명한 바이알 주사제",06290,"기타의 화학요법제","전문의약품","[M251128]레보플록사신수화물",20140109,"- 안전성 및 유효성 미확립- 퀴놀론계 항균제는 몇몇 어린 동물종에서 관절병증, 뼈연골증을 유발","","Levofloxacin Hydrate(레보플록사신수화물)",20260323
"특정연령대금기","단일",D000427,Meloxicam,"멜록시캄","","경질캡슐제, 산제",201306990,"파마빅캡슐15밀리그램(멜록시캄)",20130419,"(주)제뉴파마","미황색 가루가 든 상부 담녹색, 하부 황색 캡슐제",01140,"해열.진통.소염제","전문의약품","[M086439]멜록시캄",20140109,_,"","Meloxicam(멜록시캄)",20240913
"특정연령대금기","단일",D000427,Meloxicam,"멜록시캄","","경질캡슐제, 산제",201307313,"캠록스캡슐15mg(멜록시캄)(수출용)",20130514,"알리코제약(주)","연한 노랑색의 내용물이 충전된 상·하부 담녹색의 경질캡슐",01140,"해열.진통.소염제","전문의약품","[M086439]멜록시캄",20140109,_,"","Meloxicam(멜록시캄)",20240913
"특정연령대금기","단일",D000793,"Levofloxacin Hydrate","레보플록사신수화물","","필름코팅정",201307960,"크라박터정(레보플록사신수화물)",20130702,"이연제약(주)","황색 원형의 필름코팅정",06290,"기타의 화학요법제","전문의약품","[M251128]레보플록사신수화물",20140109,"- 안전성 및 유효성 미확립- 퀴놀론계 항균제는 몇몇 어린 동물종에서 관절병증, 뼈연골증을 유발","","Levofloxacin Hydrate(레보플록사신수화물)",20260323
"특정연령대금기","단일",D000427,Meloxicam,"멜록시캄","","경질캡슐제, 산제",201307991,"멜로시드캡슐15밀리그램(멜록시캄)",20130703,"제일약품(주)","미황색 가루가 든 상부 담녹색, 하부 황색의 경질캡슐제",01140,"해열.진통.소염제","전문의약품","[M086439]멜록시캄",20140109,_,"","Meloxicam(멜록시캄)",20240913
"특정연령대금기","단일",D000427,Meloxicam,"멜록시캄","","경질캡슐제, 산제",201308010,"멜로시드캡슐7.5밀리그램(멜록시캄)",20130704,"제일약품(주)","미황색 가루가 든 상, 하 담녹색의 경질캡슐제",01140,"해열.진통.소염제","전문의약품","[M086439]멜록시캄",20140109,_,"","Meloxicam(멜록시캄)",20240913
"특정연령대금기","단일",D000427,Meloxicam,"멜록시캄","","구강붕해정",201308618,"멜로디구강붕해정7.5밀리그램(멜로시캄)",20130731,"(주)엔엠제약","엷은 노란색의 편평한 원형 구강붕해정",01140,"해열.진통.소염제","전문의약품","[M086439]멜록시캄",20140109,_,"","Meloxicam(멜록시캄)",20240913
"특정연령대금기","단일",D000427,Meloxicam,"멜록시캄","","구강붕해정",201308619,"멜로디구강붕해정15밀리그램(멜로시캄)",20130731,"(주)엔엠제약","엷은 노란색의 편평한 원형 구강붕해정",01140,"해열.진통.소염제","전문의약품","[M086439]멜록시캄",20140109,_,"","Meloxicam(멜록시캄)",20240913
"특정연령대금기","단일",D000793,"Levofloxacin Hydrate","레보플록사신수화물","","필름코팅정",201309123,"레노보정(레보플록사신수화물)",20130830,"(주)퍼슨","흰색의 원형 필름코팅정",06290,"기타의 화학요법제","전문의약품","[M251128]레보플록사신수화물",20140109,"- 안전성 및 유효성 미확립- 퀴놀론계 항균제는 몇몇 어린 동물종에서 관절병증, 뼈연골증을 유발","","Levofloxacin Hydrate(레보플록사신수화물)",20260323
"특정연령대금기","단일",D000274,"Ketorolac Tromethamine","케토롤락트로메타민","","용액주사제",201309291,"유니온케토롤락트로메타민주(수출용)",20130911,"한국유니온제약(주)","엷은 황색의 투명한 액이 든 갈색투명한 앰플주사제",01140,"해열.진통.소염제","전문의약품","[M084703]케토롤락트로메타민",20140109,"안전성 및 유효성 미확립","","Ketorolac Tromethamine(케토롤락트로메타민)",20210402
"특정연령대금기","단일",D000427,Meloxicam,"멜록시캄","","경질캡슐제, 산제",201309344,"이콕스캡슐7.5밀리그램(멜록시캄)",20130913,"(주)화이트생명과학","노란색 가루가 든 상부 연녹색, 하부 연녹색의 경질 캡슐제",01140,"해열.진통.소염제","전문의약품","[M086439]멜록시캄",20140109,_,"","Meloxicam(멜록시캄)",20240913
"특정연령대금기","단일",D000793,"Levofloxacin Hydrate","레보플록사신수화물","","필름코팅정",201309425,"대웅레보플록사신정100밀리그램(레보플록사신수화물)",20130925,"(주)대웅제약","이 약은 백색-미황색의 원형 필름코팅정이다",06290,"기타의 화학요법제","전문의약품","[M251128]레보플록사신수화물",20140109,"- 안전성 및 유효성 미확립- 퀴놀론계 항균제는 몇몇 어린 동물종에서 관절병증, 뼈연골증을 유발","","Levofloxacin Hydrate(레보플록사신수화물)",20260323
"특정연령대금기","단일",D000793,"Levofloxacin Hydrate","레보플록사신수화물","","필름코팅정",201309833,"하이록신정500mg(레보플록사신수화물)",20131021,"(주)화이트생명과학","분홍색의 장방형 필름코팅정",06290,"기타의 화학요법제","전문의약품","[M251128]레보플록사신수화물",20140109,"- 안전성 및 유효성 미확립- 퀴놀론계 항균제는 몇몇 어린 동물종에서 관절병증, 뼈연골증을 유발","","Levofloxacin Hydrate(레보플록사신수화물)",20260323
"특정연령대금기","단일",D000427,Meloxicam,"멜록시캄","","경질캡슐제, 산제",201310587,"멜로텍스캡슐 7.5mg(멜록시캄)",20131209,"(주)테라젠이텍스","미황색 가루가 든 상·하부 담녹색의 캡슐제",01140,"해열.진통.소염제","전문의약품","[M086439]멜록시캄",20140109,_,"","Meloxicam(멜록시캄)",20240913
"특정연령대금기","단일",D000793,"Levofloxacin Hydrate","레보플록사신수화물","","필름코팅정",201310716,"크라프록신정100mg(레보플록사신수화물)",20131217,"한국휴텍스제약(주)","흰색 ~ 미백색의 원형 필름코팅정",06290,"기타의 화학요법제","전문의약품","[M251128]레보플록사신수화물",20140109,"- 안전성 및 유효성 미확립- 퀴놀론계 항균제는 몇몇 어린 동물종에서 관절병증, 뼈연골증을 유발","","Levofloxacin Hydrate(레보플록사신수화물)",20260323
"특정연령대금기","단일",D000427,Meloxicam,"멜록시캄","","경질캡슐제, 산제",201310962,"메록캄캡슐(멜록시캄)",20131231,"대한뉴팜(주)","미황색가루가 든 상,하 담녹색의 캡슐제",01140,"해열.진통.소염제","전문의약품","[M086439]멜록시캄",20140109,_,"","Meloxicam(멜록시캄)",20240913
"특정연령대금기","단일",D000793,"Levofloxacin Hydrate","레보플록사신수화물","","용액주사제",201401011,"레지닌주(레보플록사신수화물)(수출용)",20140304,"명문제약(주)","엷은 녹색을 띈 황색의 맑은 액이 든 무색투명한 바이알 주사제",06290,"기타의 화학요법제","전문의약품","[M251128]레보플록사신수화물",20140109,"- 안전성 및 유효성 미확립- 퀴놀론계 항균제는 몇몇 어린 동물종에서 관절병증, 뼈연골증을 유발","","Levofloxacin Hydrate(레보플록사신수화물)",20260323
"특정연령대금기","단일",D000793,"Levofloxacin Hydrate","레보플록사신수화물","","필름코팅정",201401334,"레보트라정(레보플록사신수화물)",20140324,"(주)바이넥스","백색∼미백색의 원형 필름코팅정",06290,"기타의 화학요법제","전문의약품","[M251128]레보플록사신수화물",20140109,"- 안전성 및 유효성 미확립- 퀴놀론계 항균제는 몇몇 어린 동물종에서 관절병증, 뼈연골증을 유발","","Levofloxacin Hydrate(레보플록사신수화물)",20260323
"특정연령대금기","단일",D000427,Meloxicam,"멜록시캄","","경질캡슐제, 산제",201402206,"모비록캄캡슐7.5mg(멜록시캄)",20140513,"위더스제약(주)","황색 내지 미황색 가루가 들어있는 상.하부 담녹색의 경질캡슐",01140,"해열.진통.소염제","전문의약품","[M086439]멜록시캄",20140109,_,"","Meloxicam(멜록시캄)",20240913
"특정연령대금기","단일",D000427,Meloxicam,"멜록시캄","","경질캡슐제, 산제",201402414,"모빅스캄캡슐(멜록시캄)",20140528,"영풍제약(주)","미황색 가루가 든 상하부 담녹색의 캡슐제",01140,"해열.진통.소염제","전문의약품","[M086439]멜록시캄",20140109,_,"","Meloxicam(멜록시캄)",20240913
"특정연령대금기","단일",D000427,Meloxicam,"멜록시캄","","경질캡슐제, 산제",201402419,"록시칼캡슐(멜록시캄)",20140528,"화일약품(주)","미황색 가루가 든 상하부 담녹색의 경질캡슐제",01140,"해열.진통.소염제","전문의약품","[M086439]멜록시캄",20140109,_,"","Meloxicam(멜록시캄)",20240913
"특정연령대금기","단일",D000274,"Ketorolac Tromethamine","케토롤락트로메타민염","","용액주사제",201402788,"케트로민주(케토롤락트로메타민염)(수출용)",20140624,"아주약품(주)","엷은 황색의 투명 액체가 든 갈색 앰플 주사제",01140,"해열.진통.소염제","전문의약품","[M222885]케토롤락트로메타민염",20140109,"안전성 및 유효성 미확립","","Ketorolac Tromethamine(케토롤락트로메타민염)",20240522
"특정연령대금기","단일",D000793,"Levofloxacin Hydrate","레보플록사신수화물","","필름코팅정",201402851,"하이록신정250mg(레보플록사신수화물)",20140626,"(주)화이트생명과학","진분홍색의 장방형 필름코팅정",06290,"기타의 화학요법제","전문의약품","[M251128]레보플록사신수화물",20140109,"- 안전성 및 유효성 미확립- 퀴놀론계 항균제는 몇몇 어린 동물종에서 관절병증, 뼈연골증을 유발","","Levofloxacin Hydrate(레보플록사신수화물)",20260323
"특정연령대금기","단일",D000427,Meloxicam,"멜록시캄","","경질캡슐제, 산제",201402969,"모빅캄캡슐(멜록시캄)",20140704,"성원애드콕제약(주)","미황색가루가 든 상,하 담녹색의 캡슐제",01140,"해열.진통.소염제","전문의약품","[M086439]멜록시캄",20140109,_,"","Meloxicam(멜록시캄)",20240913
"특정연령대금기","단일",D000793,"Levofloxacin Hydrate","레보플록사신수화물","","필름코팅정",201403186,"알피레보플록사신정100밀리그램(레보플록사신수화물)",20140716,"(주)알피바이오","미황색의 원형 필름코팅정",06290,"기타의 화학요법제","전문의약품","[M251128]레보플록사신수화물",20140109,"- 안전성 및 유효성 미확립- 퀴놀론계 항균제는 몇몇 어린 동물종에서 관절병증, 뼈연골증을 유발","","Levofloxacin Hydrate(레보플록사신수화물)",20260323
"특정연령대금기","단일",D000793,"Levofloxacin Hydrate","레보플록사신수화물","","필름코팅정",201403287,"하이록신정100mg(레보플록사신수화물)",20140722,"(주)화이트생명과학","백색~미백색의 원형 필름코팅정",06290,"기타의 화학요법제","전문의약품","[M251128]레보플록사신수화물",20140109,"- 안전성 및 유효성 미확립- 퀴놀론계 항균제는 몇몇 어린 동물종에서 관절병증, 뼈연골증을 유발","","Levofloxacin Hydrate(레보플록사신수화물)",20260323
"특정연령대금기","단일",D000793,"Levofloxacin Hydrate","레보플록사신수화물","","필름코팅정",201403940,"레보플로정(레보플록사신수화물)",20140822,"(주)이든파마","흰색의 원형 필름코팅정",06290,"기타의 화학요법제","전문의약품","[M251128]레보플록사신수화물",20140109,"- 안전성 및 유효성 미확립- 퀴놀론계 항균제는 몇몇 어린 동물종에서 관절병증, 뼈연골증을 유발","","Levofloxacin Hydrate(레보플록사신수화물)",20260323
"특정연령대금기","단일",D000793,"Levofloxacin Hydrate","레보플록사신수화물","","필름코팅정",201403944,"휴록사신정100mg(레보플록사신수화물)",20140822,"(주)휴비스트제약","백색-미백색의 원형 필름코팅정",06290,"기타의 화학요법제","전문의약품","[M251128]레보플록사신수화물",20140109,"- 안전성 및 유효성 미확립- 퀴놀론계 항균제는 몇몇 어린 동물종에서 관절병증, 뼈연골증을 유발","","Levofloxacin Hydrate(레보플록사신수화물)",20260323
"특정연령대금기","단일",D000708,Loratadine,"로라타딘","","나정",201404206,"로라젠정(로라타딘)",20140912,"(주)셀릭스","흰색의 타원형 정제",01410,"항히스타민제","일반의약품","[M082724]로라타딘",20140109,_,"","Loratadine(로라타딘)",20200922
"특정연령대금기","단일",D000427,Meloxicam,"멜록시캄","","경질캡슐제, 산제",201404438,"씨엠지멜록시캄캡슐7.5mg",20140929,"(주)씨엠지제약","미황색의 내용물이 충진된 상,하부 담녹색의 경질캡슐제",01140,"해열.진통.소염제","전문의약품","[M086439]멜록시캄",20140109,_,"","Meloxicam(멜록시캄)",20240913
"특정연령대금기","단일",D000793,"Levofloxacin Hydrate","레보플록사신수화물","","필름코팅정",201404444,"레포리아정500mg(레보플록사신수화물)(수출용)",20140929,"(주)테라젠이텍스","연한 적갈색 장방형의 필름코팅정",06290,"기타의 화학요법제","전문의약품","[M251128]레보플록사신수화물",20140109,"- 안전성 및 유효성 미확립- 퀴놀론계 항균제는 몇몇 어린 동물종에서 관절병증, 뼈연골증을 유발","","Levofloxacin Hydrate(레보플록사신수화물)",20260323
"특정연령대금기","단일",D000793,"Levofloxacin Hydrate","레보플록사신수화물","","필름코팅정",201404445,"레포리아정100mg(레보플록사신수화물)(수출용)",20140929,"(주)테라젠이텍스","흰색 또는 미백색의 원형 필름코팅정제",06290,"기타의 화학요법제","전문의약품","[M251128]레보플록사신수화물",20140109,"- 안전성 및 유효성 미확립- 퀴놀론계 항균제는 몇몇 어린 동물종에서 관절병증, 뼈연골증을 유발","","Levofloxacin Hydrate(레보플록사신수화물)",20260323
"특정연령대금기","단일",D000793,"Levofloxacin Hydrate","레보플록사신수화물","","필름코팅정",201404678,"레크로신정(레보플록사신수화물)",20141013,"한화제약(주)","백색∼미백색의 원형 필름코팅정",06290,"기타의 화학요법제","전문의약품","[M251128]레보플록사신수화물",20140109,"- 안전성 및 유효성 미확립- 퀴놀론계 항균제는 몇몇 어린 동물종에서 관절병증, 뼈연골증을 유발","","Levofloxacin Hydrate(레보플록사신수화물)",20260323
"특정연령대금기","단일",D000793,"Levofloxacin Hydrate","레보플록사신수화물","","필름코팅정",201404833,"에이프로젠레보플록사신정500밀리그램(레보플록사신수화물)(수출용)",20141022,"(주)에이프로젠바이오로직스","노란 분홍색의 장방형 필름코팅정",06290,"기타의 화학요법제","전문의약품","[M251128]레보플록사신수화물",20140109,"- 안전성 및 유효성 미확립- 퀴놀론계 항균제는 몇몇 어린 동물종에서 관절병증, 뼈연골증을 유발","","Levofloxacin Hydrate(레보플록사신수화물)",20260323
"특정연령대금기","단일",D000222,"Loperamide Hydrochloride","로페라미드염산염","","경질캡슐제, 산제",201404888,"로피딘캡슐(로페라미드염산염)(수출용)",20141024,"(주)화이트생명과학","미황색의 가루가 든 상, 하부 흰색의 경질캡슐",02370,"정장제","일반의약품","[M222992]로페라미드염산염",20140109,_,"","Loperamide Hydrochloride(로페라미드염산염)",20221206
"특정연령대금기","단일",D000793,"Levofloxacin Hydrate","레보플록사신수화물","","필름코팅정",201404979,"리플록신정100밀리그램(레보플록사신수화물)",20141028,"건일바이오팜주식회사","흰색의 원형 필름코팅제",06290,"기타의 화학요법제","전문의약품","[M251128]레보플록사신수화물",20140109,"- 안전성 및 유효성 미확립- 퀴놀론계 항균제는 몇몇 어린 동물종에서 관절병증, 뼈연골증을 유발","","Levofloxacin Hydrate(레보플록사신수화물)",20260323
"특정연령대금기","단일",D000793,"Levofloxacin Hydrate","레보플록사신수화물","","필름코팅정",201405442,"레보파신정500mg(레보플록사신수화물)(수출용) (수출명:BORAFLOX tab.)",20141121,"알리코제약(주)","흰색의 장방형 필름코팅정",06290,"기타의 화학요법제","전문의약품","[M251128]레보플록사신수화물",20140109,"- 안전성 및 유효성 미확립- 퀴놀론계 항균제는 몇몇 어린 동물종에서 관절병증, 뼈연골증을 유발","","Levofloxacin Hydrate(레보플록사신수화물)",20260323
"특정연령대금기","단일",D000793,"Levofloxacin Hydrate","레보플록사신수화물","","필름코팅정",201405594,"레보플정500밀리그램(레보플록사신수화물)(수출용)",20141128,"한국프라임제약(주)","연한 적갈색 장방형의 필름코팅정",06290,"기타의 화학요법제","전문의약품","[M251128]레보플록사신수화물/[M251128]레보플록사신수화물",20140109,"- 안전성 및 유효성 미확립- 퀴놀론계 항균제는 몇몇 어린 동물종에서 관절병증, 뼈연골증을 유발","","Levofloxacin Hydrate(레보플록사신수화물)",20260323
"특정연령대금기","단일",D000793,"Levofloxacin Hydrate","레보플록사신수화물","","필름코팅정",201406037,"레보카신정750밀리그램(레보플록사신수화물)",20141223,"국제약품(주)","흰색의 장방형 필름코팅정제",06290,"기타의 화학요법제","전문의약품","[M251128]레보플록사신수화물",20140109,"- 안전성 및 유효성 미확립- 퀴놀론계 항균제는 몇몇 어린 동물종에서 관절병증, 뼈연골증을 유발","","Levofloxacin Hydrate(레보플록사신수화물)",20260323
"특정연령대금기","단일",D000793,"Levofloxacin Hydrate","레보플록사신수화물","","필름코팅정",201406125,"레보플러스정750밀리그램(레보플록사신수화물)",20141229,"코오롱제약(주)","흰색의 장방형 필름코팅정",06290,"기타의 화학요법제","전문의약품","[M251128]레보플록사신수화물",20140109,"- 안전성 및 유효성 미확립- 퀴놀론계 항균제는 몇몇 어린 동물종에서 관절병증, 뼈연골증을 유발","","Levofloxacin Hydrate(레보플록사신수화물)",20260323
"특정연령대금기","단일",D000274,"Ketorolac Tromethamine","케토롤락트로메타민","","용액주사제",201500216,"케톨민주(케토롤락트로메타민)",20150115,"이연제약(주)","엷은 황색의 투명한 액체가 든 갈색 앰플 주사제",01140,"해열.진통.소염제","전문의약품","[M084703]케토롤락트로메타민",20140109,"안전성 및 유효성 미확립","","Ketorolac Tromethamine(케토롤락트로메타민)",20240522
"특정연령대금기","단일",D000427,Meloxicam,"멜록시캄","","경질캡슐제, 산제",201500480,"씨빅캡슐7.5밀리그램(멜록시캄)",20150129,"에이치엘비제약(주)","미황색의 내용물이 충진된 상,하부 담녹색의 경질캡슐제",01140,"해열.진통.소염제","전문의약품","[M086439]멜록시캄",20140109,_,"","Meloxicam(멜록시캄)",20240913
"특정연령대금기","단일",D000708,Loratadine,"로라타딘","","연질캡슐제, 액상",201501029,"클리어딘연질캡슐(로라타딘)",20150227,"(주)알피바이오","무색 내지 연한 파란색의 투명한 내용액을 함유한 파란색의 투명한 타원형 연질캡슐",01410,"항히스타민제","일반의약품","[M082724]로라타딘",20140109,_,"","Loratadine(로라타딘)",20200106
"특정연령대금기","단일",D000708,Loratadine,"로라타딘","","나정",201501483,"제라타딘정(로라타딘)",20150320,"태극제약(주)","흰색의 원형 정제",01410,"항히스타민제","일반의약품","[M082724]로라타딘",20140109,_,"","Loratadine(로라타딘)",20210120
"특정연령대금기","단일",D000793,"Levofloxacin Hydrate","레보플록사신수화물","","필름코팅정",201502450,"레사크라정100밀리그램(레보플록사신수화물)",20150427,"익수제약(주)","백색~미백색의 원형 필름코팅정",06290,"기타의 화학요법제","전문의약품","[M251128]레보플록사신수화물",20140109,"- 안전성 및 유효성 미확립- 퀴놀론계 항균제는 몇몇 어린 동물종에서 관절병증, 뼈연골증을 유발","","Levofloxacin Hydrate(레보플록사신수화물)",20260323
"특정연령대금기","단일",D000427,Meloxicam,"멜록시캄","","경질캡슐제, 산제",201502925,"휴니즈멜록시캄캡슐7.5mg",20150514,"(주)휴온스메디텍","미황색 분말이 충진된 상,하부 담녹색의 경질 캡슐",01140,"해열.진통.소염제","전문의약품","[M086439]멜록시캄",20140109,_,"","Meloxicam(멜록시캄)",20240913
"특정연령대금기","단일",D000793,"Levofloxacin Hydrate","레보플록사신수화물","","용액주사제",201504161,"타레린주500밀리그램(레보플록사신수화물)",20150626,"명문제약(주)","녹색을 띤 밝은 노란색의 투명한 액이 들어있는 반투명 플라스틱병 주사제",06290,"기타의 화학요법제","전문의약품","[M251128]레보플록사신수화물",20140109,"- 안전성 및 유효성 미확립- 퀴놀론계 항균제는 몇몇 어린 동물종에서 관절병증, 뼈연골증을 유발","","Levofloxacin Hydrate(레보플록사신수화물)",20260323
"특정연령대금기","단일",D000793,"Levofloxacin Hydrate","레보플록사신수화물","","용액주사제",201504243,"셀비텐주(레보플록사신수화물)(수출용)",20150630,"대한뉴팜(주)","엷은 녹색을 띈 황색의 맑은 액이 든 무색투명한 바이알 주사제",06290,"기타의 화학요법제","전문의약품","[M251128]레보플록사신수화물",20140109,"- 안전성 및 유효성 미확립- 퀴놀론계 항균제는 몇몇 어린 동물종에서 관절병증, 뼈연골증을 유발","","Levofloxacin Hydrate(레보플록사신수화물)",20260323
"특정연령대금기","복합",D000709,Lidocaine,"리도카인","[D000622]Prilocaine(프릴로카인)","피부크림제",201504971,"뷰티카인크림(수출명 : Beautycaine Cream)",20150721,"(주)휴비스트제약","흰색의 크림제",01210,"국소마취제","전문의약품","[M040131]리도카인/[M087237]프릴로카인",20140109,"- 흡수에 대한 자료가 불완전하므로 소아의 생식기 점막에는 적용하지 말 것- 메트헤모글로빈의 일시적 증가 보고","","Lidocaine(리도카인)",20260309
"특정연령대금기","단일",D000793,"Levofloxacin Hydrate","레보플록사신수화물","","필름코팅정",201506122,"레프렉스정100mg(레보플록사신수화물)",20150827,"(주)테라젠이텍스","흰색의 원형 필름코팅정",06290,"기타의 화학요법제","전문의약품","[M251128]레보플록사신수화물",20140109,"- 안전성 및 유효성 미확립- 퀴놀론계 항균제는 몇몇 어린 동물종에서 관절병증, 뼈연골증을 유발","","Levofloxacin Hydrate(레보플록사신수화물)",20260323
"특정연령대금기","단일",D000793,"Levofloxacin Hydrate","레보플록사신수화물","","용액주사제",201506488,"삼성레보플록사신주(레보플록사신수화물)",20150910,"삼성제약(주)","엷은 녹색을 띤 황색의 맑은 액이 든 무색투명한 바이알 주사제",06290,"기타의 화학요법제","전문의약품","[M251128]레보플록사신수화물",20140109,"- 안전성 및 유효성 미확립- 퀴놀론계 항균제는 몇몇 어린 동물종에서 관절병증, 뼈연골증을 유발","","Levofloxacin Hydrate(레보플록사신수화물)",20260323
"특정연령대금기","단일",D000793,"Levofloxacin Hydrate","레보플록사신수화물","","용액주사제",201506689,"하원레보플록사신주(레보플록사신수화물)",20150923,"(주)하원제약","엷은 녹색을 띈 황색의 맑은 액이 든 무색투명한 바이알 주사제",06290,"기타의 화학요법제","전문의약품","[M251128]레보플록사신수화물",20140109,"- 안전성 및 유효성 미확립- 퀴놀론계 항균제는 몇몇 어린 동물종에서 관절병증, 뼈연골증을 유발","","Levofloxacin Hydrate(레보플록사신수화물)",20260323
"특정연령대금기","단일",D000708,Loratadine,"로라타딘","","연질캡슐제, 액상",201507693,"로라딘연질캡슐(로라타딘)",20151113,"한솔신약(주)","무색 내지 연한 파란색의 투명한 내용액을 함유한 파란색의 투명한 타원형 연질캡슐",01410,"항히스타민제","일반의약품","[M082724]로라타딘",20140109,_,"","Loratadine(로라타딘)",20201221
"특정연령대금기","단일",D000793,"Levofloxacin Hydrate","레보플록사신수화물","","필름코팅정",201508138,"레플록신정500mg(레보플록사신)",20151207,"(주)씨엠지제약","[내수용]분홍색의 장방형 필름코팅정                                                             [수출용]연한 적갈색 장방형의 필름코팅정",06290,"기타의 화학요법제","전문의약품","[M251128]레보플록사신수화물/[M251128]레보플록사신수화물",20140109,"- 안전성 및 유효성 미확립- 퀴놀론계 항균제는 몇몇 어린 동물종에서 관절병증, 뼈연골증을 유발","","Levofloxacin Hydrate(레보플록사신수화물)",20260323
"특정연령대금기","단일",D000708,Loratadine,"로라타딘","","연질캡슐제, 액상",201600490,"플로라딘연질캡슐(로라타딘)",20160125,"동화약품(주)","무색의 투명한 내용액을 함유한 초록색의 투명한 타원형 연질캡슐",01410,"항히스타민제","일반의약품","[M082724]로라타딘",20140109,_,"","Loratadine(로라타딘)",20200903
"특정연령대금기","단일",D000523,"Lomefloxacin Hydrochloride","로메플록사신염산염","","필름코팅정",201601702,"로맥사신정100mg(로메플록사신염산염)",20160330,"코오롱제약(주)","노란색의 원형 필름코팅정",06290,"기타의 화학요법제","전문의약품","[M229183]로메플록사신염산염",20140109,"- 안전성 및 유효성 미확립- 몇몇 어린 동물종을 이용한 동물실험결과 관절이상이 보고됨","","Lomefloxacin Hydrochloride(로메플록사신염산염)",20250811
"특정연령대금기","단일",D000793,"Levofloxacin Hydrate","레보플록사신수화물","","필름코팅정",201602214,"레포리아정750mg(레보플록사신수화물)(수출용)",20160421,"(주)테라젠이텍스","흰색의 장방형 필름코팅정제",06290,"기타의 화학요법제","전문의약품","[M251128]레보플록사신수화물",20140109,"- 안전성 및 유효성 미확립- 퀴놀론계 항균제는 몇몇 어린 동물종에서 관절병증, 뼈연골증을 유발","","Levofloxacin Hydrate(레보플록사신수화물)",20260323
"특정연령대금기","복합",D000709,Lidocaine,"리도카인","[D000622]Prilocaine(프릴로카인)","피부크림제",201602583,"웰스카인플러스크림",20160510,"구주제약(주)","흰색의 크림제",01210,"국소마취제","전문의약품","[M040131]리도카인/[M087237]프릴로카인",20140109,"- 흡수에 대한 자료가 불완전하므로 소아의 생식기 점막에는 적용하지 말 것- 메트헤모글로빈의 일시적 증가 보고","","Lidocaine(리도카인)",20260309
"특정연령대금기","복합",D000709,Lidocaine,"리도카인","[D000622]Prilocaine(프릴로카인)","피부크림제",201602962,"플랑셀크림(수출용)",20160526,"대한뉴팜(주)","흰색의 크림제",01210,"국소마취제","전문의약품","[M040131]리도카인/[M087237]프릴로카인",20140109,"- 흡수에 대한 자료가 불완전하므로 소아의 생식기 점막에는 적용하지 말 것- 메트헤모글로빈의 일시적 증가 보고","","Lidocaine(리도카인)",20260309
"특정연령대금기","복합",D000709,Lidocaine,"리도카인","[D000622]Prilocaine(프릴로카인)","피부크림제",201603047,"레이카인크림",20160530,"(주)텔콘알에프제약","흰색의 크림제",01210,"국소마취제","전문의약품","[M040131]리도카인/[M087237]프릴로카인",20140109,"- 흡수에 대한 자료가 불완전하므로 소아의 생식기 점막에는 적용하지 말 것- 메트헤모글로빈의 일시적 증가 보고","","Lidocaine(리도카인)",20260309
"특정연령대금기","단일",D000793,"Levofloxacin Hydrate","레보플록사신수화물","","필름코팅정",201603130,"셀트리온레보플록사신정100밀리그램(레보플록사신수화물)",20160531,"(주)셀트리온제약","흰색 - 미백색의 원형 필름코팅정",06290,"기타의 화학요법제","전문의약품","[M251128]레보플록사신수화물",20140109,"- 안전성 및 유효성 미확립- 퀴놀론계 항균제는 몇몇 어린 동물종에서 관절병증, 뼈연골증을 유발","","Levofloxacin Hydrate(레보플록사신수화물)",20260323
"특정연령대금기","단일",D000793,"Levofloxacin Hydrate","레보플록사신수화물","","필름코팅정",201607032,"유로레보정250mg(레보플록사신수화물)",20161209,"신신제약(주)","진분홍색의 장방형 필름코팅정",06290,"기타의 화학요법제","전문의약품","[M251128]레보플록사신수화물",20140109,"- 안전성 및 유효성 미확립- 퀴놀론계 항균제는 몇몇 어린 동물종에서 관절병증, 뼈연골증을 유발","","Levofloxacin Hydrate(레보플록사신수화물)",20260323
"특정연령대금기","단일",D000708,Loratadine,"로라타딘","","구강붕해정",201607109,"알지스탑구강붕해필름(로라타딘)",20161215,"(주)씨엘팜","흰색의 직사각형 구강붕해필름",01410,"항히스타민제","일반의약품","[M082724]로라타딘",20140109,_,"","Loratadine(로라타딘)",20191217
"특정연령대금기","단일",D000793,"Levofloxacin Hydrate","레보플록사신수화물","","필름코팅정",201607197,"크라보신정250밀리그램(레보플록사신수화물)",20161221,"대웅바이오(주)","진분홍색의 장방형 필름코팅정",06290,"기타의 화학요법제","전문의약품","[M251128]레보플록사신수화물",20140109,"- 안전성 및 유효성 미확립- 퀴놀론계 항균제는 몇몇 어린 동물종에서 관절병증, 뼈연골증을 유발","","Levofloxacin Hydrate(레보플록사신수화물)",20260323
"특정연령대금기","복합",D000709,Lidocaine,"리도카인","[D000622]Prilocaine(프릴로카인)","피부크림제",201607403,"아네카인크림",20161230,"(주)에이치피앤씨","흰색의 크림제",01210,"국소마취제","전문의약품","[M040131]리도카인/[M087237]프릴로카인",20140109,"- 흡수에 대한 자료가 불완전하므로 소아의 생식기 점막에는 적용하지 말 것- 메트헤모글로빈의 일시적 증가 보고","","Lidocaine(리도카인)",20260309
"특정연령대금기","단일",D000793,"Levofloxacin Hydrate","레보플록사신수화물","","용액주사제",201700257,"유영레보플록사신주(레보플록사신수화물)",20170112,"(주)유영제약","엷은 녹색을 띈 황색의 맑은 액이 든 무색투명한 바이알 주사제",06290,"기타의 화학요법제","전문의약품","[M251128]레보플록사신수화물",20140109,"- 안전성 및 유효성 미확립- 퀴놀론계 항균제는 몇몇 어린 동물종에서 관절병증, 뼈연골증을 유발","","Levofloxacin Hydrate(레보플록사신수화물)",20260323
"특정연령대금기","단일",D000668,"Ibandronate Sodium Monohydrate","이반드론산나트륨일수화물","","용액주사제",201700475,"팜비바주(이반드론산나트륨일수화물)",20170125,"(주)한국팜비오","무색투명한 용액이 무색투명한 유리 프리필드시린지에 든 주사제로서 1회용 주사침이 첨부되어있다.",03990,"따로 분류되지 않는 대사성 의약품","전문의약품","[M102556]이반드론산나트륨일수화물",20140109,"안전성 및 유효성 미확립","","Ibandronate Sodium Monohydrate(이반드론산나트륨일수화물)",20250930
"특정연령대금기","단일",D000274,"Ketorolac Tromethamine","케토롤락트로메타민","","용액주사제",201700525,"케라신주(케토롤락트로메타민)",20170131,"삼진제약(주)","엷은 황색의 투명한 액체가 든 갈색 앰플 주사제",01140,"해열.진통.소염제","전문의약품","[M084703]케토롤락트로메타민",20140109,"안전성 및 유효성 미확립","","Ketorolac Tromethamine(케토롤락트로메타민)",20240522
"특정연령대금기","단일",D000668,"Ibandronate Sodium Monohydrate","이반드론산나트륨일수화물","","용액주사제",201700825,"보네조아주(이반드론산나트륨일수화물)",20170215,"(주)화이트생명과학","무색투명한 용액이 무색투명한 유리 프리필드시린지에 든 주사제로서 1회용 주사침이 첨부되어있다.",03990,"따로 분류되지 않는 대사성 의약품","전문의약품","[M102556]이반드론산나트륨일수화물",20140109,"안전성 및 유효성 미확립","","Ibandronate Sodium Monohydrate(이반드론산나트륨일수화물)",20250930
"특정연령대금기","단일",D000668,"Ibandronate Sodium Monohydrate","이반드론산나트륨일수화물","","용액주사제",201701085,"넥스팜이반드론주(이반드론산나트륨일수화물)",20170228,"(주)넥스팜코리아","무색투명한 용액이 무색투명한 유리 프리필드시린지에 든 주사제로서 1회용 주사침이 첨부되어있다.",03990,"따로 분류되지 않는 대사성 의약품","전문의약품","[M102556]이반드론산나트륨일수화물",20140109,"안전성 및 유효성 미확립","","Ibandronate Sodium Monohydrate(이반드론산나트륨일수화물)",20250930
"특정연령대금기","단일",D000793,"Levofloxacin Hydrate","레보플록사신수화물","","필름코팅정",201701431,"크라프록신정500mg(레보플록사신수화물)",20170327,"한국휴텍스제약(주)","분홍색의 장방형 필름코팅정",06290,"기타의 화학요법제","전문의약품","[M251128]레보플록사신수화물",20140109,"- 안전성 및 유효성 미확립- 퀴놀론계 항균제는 몇몇 어린 동물종에서 관절병증, 뼈연골증을 유발","","Levofloxacin Hydrate(레보플록사신수화물)",20260323
"특정연령대금기","단일",D000793,"Levofloxacin Hydrate","레보플록사신수화물","","필름코팅정",201701554,"레보에프정500밀리그램(레보플록사신수화물)",20170331,"주식회사더유제약","분홍색의 장방형 필름코팅정",06290,"기타의 화학요법제","전문의약품","[M251128]레보플록사신수화물",20140109,"- 안전성 및 유효성 미확립- 퀴놀론계 항균제는 몇몇 어린 동물종에서 관절병증, 뼈연골증을 유발","","Levofloxacin Hydrate(레보플록사신수화물)",20260323
"특정연령대금기","단일",D000793,"Levofloxacin Hydrate","레보플록사신수화물","","필름코팅정",201701601,"레보푸라신정250밀리그램(레보플록사신수화물)",20170403,"명문제약(주)","진분홍색의 장방형 필름코팅정",06290,"기타의 화학요법제","전문의약품","[M251128]레보플록사신수화물",20140109,"- 안전성 및 유효성 미확립- 퀴놀론계 항균제는 몇몇 어린 동물종에서 관절병증, 뼈연골증을 유발","","Levofloxacin Hydrate(레보플록사신수화물)",20260323
"특정연령대금기","단일",D000668,"Ibandronate Sodium Monohydrate","이반드론산나트륨일수화물","","용액주사제",201702034,"이반지나주(이반드론산나트륨일수화물)",20170421,"(주)한국파마","무색투명한 용액이 무색투명한 유리 프리필드시린지에 든 주사제로서 1회용 주사침이 첨부되어 있다.",03990,"따로 분류되지 않는 대사성 의약품","전문의약품","[M102556]이반드론산나트륨일수화물",20140109,"안전성 및 유효성 미확립","","Ibandronate Sodium Monohydrate(이반드론산나트륨일수화물)",20250930
"특정연령대금기","단일",D000793,"Levofloxacin Hydrate","레보플록사신수화물","","필름코팅정",201702349,"알피레보플록사신정250mg(레보플록사신수화물)",20170515,"(주)알피바이오","진분홍색의 장방형 필름코팅정",06290,"기타의 화학요법제","전문의약품","[M251128]레보플록사신수화물",20140109,"- 안전성 및 유효성 미확립- 퀴놀론계 항균제는 몇몇 어린 동물종에서 관절병증, 뼈연골증을 유발","","Levofloxacin Hydrate(레보플록사신수화물)",20260323
"특정연령대금기","단일",D000793,"Levofloxacin Hydrate","레보플록사신수화물","","용액주사제",201707114,"케이레보주(레보플록사신수화물)",20170918,"한국코러스(주)","엷은 녹색을 띤 황색의 맑은 액이 든 무색투명한 바이알 주사제",06290,"기타의 화학요법제","전문의약품","[M251128]레보플록사신수화물",20140109,"- 안전성 및 유효성 미확립- 퀴놀론계 항균제는 몇몇 어린 동물종에서 관절병증, 뼈연골증을 유발","","Levofloxacin Hydrate(레보플록사신수화물)",20260323
"특정연령대금기","단일",D000793,"Levofloxacin Hydrate","레보플록사신수화물","","필름코팅정",201708021,"레비신정500mg(레보플록사신수화물)",20171123,"대한뉴팜(주)","분홍색의 장방형 필름코팅정",06290,"기타의 화학요법제","전문의약품","[M251128]레보플록사신수화물",20140109,"- 안전성 및 유효성 미확립- 퀴놀론계 항균제는 몇몇 어린 동물종에서 관절병증, 뼈연골증을 유발","","Levofloxacin Hydrate(레보플록사신수화물)",20260323
"특정연령대금기","단일",D000793,"Levofloxacin Hydrate","레보플록사신수화물","","필름코팅정",201800126,"레보타신정250밀리그램(레보플록사신수화물)(수출용)",20180109,"한국코러스(주)","진분홍색의 장방형 필름코팅정",06290,"기타의 화학요법제","전문의약품","[M251128]레보플록사신수화물",20140109,"- 안전성 및 유효성 미확립- 퀴놀론계 항균제는 몇몇 어린 동물종에서 관절병증, 뼈연골증을 유발","","Levofloxacin Hydrate(레보플록사신수화물)",20260323
"특정연령대금기","단일",D000793,"Levofloxacin Hydrate","레보플록사신수화물","","필름코팅정",201800127,"레보타신정500밀리그램(레보플록사신수화물)(수출용)",20180109,"한국코러스(주)","복숭아색의 장방형 필름코팅정",06290,"기타의 화학요법제","전문의약품","[M251128]레보플록사신수화물",20140109,"- 안전성 및 유효성 미확립- 퀴놀론계 항균제는 몇몇 어린 동물종에서 관절병증, 뼈연골증을 유발","","Levofloxacin Hydrate(레보플록사신수화물)",20260323
"특정연령대금기","단일",D000668,"Ibandronate Sodium Monohydrate","이반드론산나트륨일수화물","","용액주사제",201800259,"본비스주(이반드론산나트륨일수화물)",20180118,"(주)팜젠사이언스","무색투명한 용액이 무색투명한 유리 프리필드시린지에 든 주사제로서 1회용 주사침이 첨부되어있다.",03990,"따로 분류되지 않는 대사성 의약품","전문의약품","[M102556]이반드론산나트륨일수화물",20140109,"안전성 및 유효성 미확립","","Ibandronate Sodium Monohydrate(이반드론산나트륨일수화물)",20250930
"특정연령대금기","단일",D000793,"Levofloxacin Hydrate","레보플록사신수화물","","필름코팅정",201800278,"레폭사신정500mg(레보플록사신수화물)(수출용)(수출명: Huritan Tablet)",20180122,"(주)넥스팜코리아","연한 적갈색 장방형의 필름코팅정",06290,"기타의 화학요법제","전문의약품","[M251128]레보플록사신수화물",20140109,"- 안전성 및 유효성 미확립- 퀴놀론계 항균제는 몇몇 어린 동물종에서 관절병증, 뼈연골증을 유발","","Levofloxacin Hydrate(레보플록사신수화물)",20260323
"특정연령대금기","단일",D000672,Ketoprofen,"케토프로펜","","지지체가있는첩부제",201800707,"케로펜디플라스타(케토프로펜)",20180205,"(주)티디에스팜","무색 반투명의 점착성 물질을 지지체에 도포하고(바르고) 고체면에 박리지를 덮은 첩부제이다.",02640,"진통.진양.수렴.소염제","일반의약품","[M051464]케토프로펜/[M051464]케토프로펜/[M051464]케토프로펜/[M051464]케토프로펜",20140109,_,"","Ketoprofen(케토프로펜)",20200813
"특정연령대금기","단일",D000793,"Levofloxacin Hydrate","레보플록사신수화물","","필름코팅정",201801057,"레보건정500밀리그램(레보플록사신수화물)",20180307,"건일제약(주)","분홍색의 장방형 필름코팅정",06290,"기타의 화학요법제","전문의약품","[M251128]레보플록사신수화물",20140109,"- 안전성 및 유효성 미확립- 퀴놀론계 항균제는 몇몇 어린 동물종에서 관절병증, 뼈연골증을 유발","","Levofloxacin Hydrate(레보플록사신수화물)",20260323
"특정연령대금기","단일",D000668,"Ibandronate Sodium Monohydrate","이반드론산나트륨일수화물","","용액주사제",201801801,"본바로주(이반드론산나트륨일수화물)",20180427,"(주)바스칸바이오제약","무색투명한 용액이 무색투명한 유리 프리필드시린지에 든 주사제로서 1회용 주사침이 첨부되어있다.",03990,"따로 분류되지 않는 대사성 의약품","전문의약품","[M102556]이반드론산나트륨일수화물",20140109,"안전성 및 유효성 미확립","","Ibandronate Sodium Monohydrate(이반드론산나트륨일수화물)",20250930
"특정연령대금기","단일",D000793,"Levofloxacin Hydrate","레보플록사신수화물","","필름코팅정",201801895,"레보타신정100밀리그램(레보플록사신수화물)",20180503,"한국코러스(주)","백색~미백색의 원형 필름코팅정제",06290,"기타의 화학요법제","전문의약품","[M251128]레보플록사신수화물",20140109,"- 안전성 및 유효성 미확립- 퀴놀론계 항균제는 몇몇 어린 동물종에서 관절병증, 뼈연골증을 유발","","Levofloxacin Hydrate(레보플록사신수화물)",20260323
"특정연령대금기","단일",D000668,"Ibandronate Sodium Monohydrate","이반드론산나트륨일수화물","","용액주사제",201801955,"오스테포스주사(이반드론산나트륨일수화물)",20180509,"(주)휴비스트제약","무색투명한 용액이 무색투명한 유리 프리필드시린지에 든 주사제로서 1회용 주사침이 첨부되어있다.",03990,"따로 분류되지 않는 대사성 의약품","전문의약품","[M102556]이반드론산나트륨일수화물",20140109,"안전성 및 유효성 미확립","","Ibandronate Sodium Monohydrate(이반드론산나트륨일수화물)",20250930
"특정연령대금기","단일",D000708,Loratadine,"로라타딘","","연질캡슐제, 액상",201803206,"제일알지싹로라연질캡슐(로라타딘)",20180806,"제일헬스사이언스(주)","무색 내지 연한 파란색의 투명한 내용액을 함유한 파란색의 투명한 타원형 연질캡슐",01410,"항히스타민제","일반의약품","[M082724]로라타딘",20140109,_,"","Loratadine(로라타딘)",20200121
"특정연령대금기","단일",D000793,"Levofloxacin Hydrate","레보플록사신수화물","","용액주사제",201803262,"레폭사신주(레보플록사신수화물)",20180809,"(주)넥스팜코리아","엷은 녹색을 띈 황색의 맑은 액이 든 무색투명한 바이알 주사제",06290,"기타의 화학요법제","전문의약품","[M251128]레보플록사신수화물",20140109,"- 안전성 및 유효성 미확립- 퀴놀론계 항균제는 몇몇 어린 동물종에서 관절병증, 뼈연골증을 유발","","Levofloxacin Hydrate(레보플록사신수화물)",20260323
"특정연령대금기","단일",D000668,"Ibandronate Sodium Monohydrate","이반드론산나트륨일수화물","","용액주사제",201803290,"이반본주(이반드론산나트륨일수화물)",20180813,"(주)일화","무색투명한 용액이 무색투명한 유리 프리필드시린지에 든 주사제로서 1회용 주사침이 첨부되어있다.",03990,"따로 분류되지 않는 대사성 의약품","전문의약품","[M102556]이반드론산나트륨일수화물",20140109,"안전성 및 유효성 미확립","","Ibandronate Sodium Monohydrate(이반드론산나트륨일수화물)",20250930
"특정연령대금기","단일",D000672,Ketoprofen,"케토프로펜","","지지체가있는첩부제",201803486,"캐롤쿨링더블파워카타플라스마(케토프로펜)",20180828,"일동제약(주)","연한 분홍색 또는 분홍색의 점착성 고체를 부직포 위에 도포하고 뒷면에 밀착포를 부착한 특유한 향기를 가진 카타플라스마제",02640,"진통.진양.수렴.소염제","일반의약품","[M051464]케토프로펜",20140109,_,"","Ketoprofen(케토프로펜)",20181016
"특정연령대금기","단일",D000672,Ketoprofen,"케토프로펜","","지지체가있는첩부제",201803902,"안티푸라민케토플라스타(케토프로펜)",20181004,"(주)유한양행","무색 반투명의 점착성 물질을 지지체에 도포(바르다)하고 고체면에 박리(벗겨내기)지를 덮은 첩부제",02640,"진통.진양.수렴.소염제","일반의약품","[M051464]케토프로펜",20140109,_,"","Ketoprofen(케토프로펜)",20190826
"특정연령대금기","단일",D000672,Ketoprofen,"케토프로펜","","카타플라스마제",201804122,"안티푸라민케토카타플라스마(케토프로펜)",20181018,"(주)유한양행","무색 또는 담황색의 점착성의 고체를 부직포 위에 도포(바르다)하고 부직점착테이프를 고정시킨 후 박리(벗겨내기)지를 덮은 카타플라스마제",02640,"진통.진양.수렴.소염제","일반의약품","[M051464]케토프로펜",20140109,_,"","Ketoprofen(케토프로펜)",20220331
"특정연령대금기","단일",D000793,"Levofloxacin Hydrate","레보플록사신수화물","","용액주사제",201900159,"레보플주(레보플록사신수화물)",20190114,"코스맥스파마(주)","엷은 녹색을 띤 황색의 맑은 액이 든 무색투명한 바이알 주사제",06290,"기타의 화학요법제","전문의약품","[M088567]레보플록사신수화물",20140109,"- 안전성 및 유효성 미확립- 퀴놀론계 항균제는 몇몇 어린 동물종에서 관절병증, 뼈연골증을 유발","","Levofloxacin Hydrate(레보플록사신수화물)",20260323
"특정연령대금기","단일",D000668,"Ibandronate Sodium Monohydrate","이반드론산나트륨일수화물","","용액주사제",201900324,"본바넬주(이반드론산나트륨일수화물)",20190122,"(주)아이월드제약","무색투명한 용액이 무색투명한 유리 프리필드시린지에 든 주사제로서 1회용 주사침이 첨부되어있다.",03990,"따로 분류되지 않는 대사성 의약품","전문의약품","[M102556]이반드론산나트륨일수화물",20140109,"안전성 및 유효성 미확립","","Ibandronate Sodium Monohydrate(이반드론산나트륨일수화물)",20250930
"특정연령대금기","단일",D000668,"Ibandronate Sodium Monohydrate","이반드론산나트륨일수화물","","용액주사제",201901186,"이바론주(이반드론산나트륨일수화물)",20190226,"한국코러스(주)","무색투명한 액이 무색투명한 프리필드시린지에 든 주사제로서 1회용 주사침이 첨부되어있다.",03990,"따로 분류되지 않는 대사성 의약품","전문의약품","[M102556]이반드론산나트륨일수화물",20140109,"안전성 및 유효성 미확립","","Ibandronate Sodium Monohydrate(이반드론산나트륨일수화물)",20250930
"특정연령대금기","단일",D000793,"Levofloxacin Hydrate","레보플록사신수화물","","필름코팅정",201901699,"레플로신정100밀리그램(레보플록사신수화물)",20190321,"에이치엘비제약(주)","흰색-미백색의 원형 필름코팅정",06290,"기타의 화학요법제","전문의약품","[M251128]레보플록사신수화물",20140109,"- 안전성 및 유효성 미확립- 퀴놀론계 항균제는 몇몇 어린 동물종에서 관절병증, 뼈연골증을 유발","","Levofloxacin Hydrate(레보플록사신수화물)",20260323
"특정연령대금기","단일",D000793,"Levofloxacin Hydrate","레보플록사신수화물","","필름코팅정",201901896,"레보투정500밀리그램(레보플록사신수화물)",20190328,"코스맥스파마(주)","분홍색의 장방형 필름코팅정",06290,"기타의 화학요법제","전문의약품","[M251128]레보플록사신수화물",20140109,"- 안전성 및 유효성 미확립- 퀴놀론계 항균제는 몇몇 어린 동물종에서 관절병증, 뼈연골증을 유발","","Levofloxacin Hydrate(레보플록사신수화물)",20260323
"특정연령대금기","단일",D000793,"Levofloxacin Hydrate","레보플록사신수화물","","필름코팅정",201901897,"레보투정100밀리그램(레보플록사신수화물)",20190328,"코스맥스파마(주)","백색-미백색의 원형 필름코팅정",06290,"기타의 화학요법제","전문의약품","[M251128]레보플록사신수화물",20140109,"- 안전성 및 유효성 미확립- 퀴놀론계 항균제는 몇몇 어린 동물종에서 관절병증, 뼈연골증을 유발","","Levofloxacin Hydrate(레보플록사신수화물)",20260323
"특정연령대금기","단일",D000793,"Levofloxacin Hydrate","레보플록사신수화물","","필름코팅정",201902151,"레보바이정250밀리그램(레보플록사신수화물)",20190409,"(주)휴온스","진분홍색의 장방형 필름코팅정",06290,"기타의 화학요법제","전문의약품","[M251128]레보플록사신수화물",20140109,"- 안전성 및 유효성 미확립- 퀴놀론계 항균제는 몇몇 어린 동물종에서 관절병증, 뼈연골증을 유발","","Levofloxacin Hydrate(레보플록사신수화물)",20260323
"특정연령대금기","단일",D000793,"Levofloxacin Hydrate","레보플록사신수화물","","필름코팅정",201902152,"레보바이정500밀리그램(레보플록사신수화물)",20190409,"(주)휴온스","복숭아색의 장방형 필름코팅정",06290,"기타의 화학요법제","전문의약품","[M251128]레보플록사신수화물",20140109,"- 안전성 및 유효성 미확립- 퀴놀론계 항균제는 몇몇 어린 동물종에서 관절병증, 뼈연골증을 유발","","Levofloxacin Hydrate(레보플록사신수화물)",20260323
"특정연령대금기","단일",D000793,"Levofloxacin Hydrate","레보플록사신수화물","","필름코팅정",201902167,"레보에이블정500밀리그램(레보플록사신수화물)",20190409,"(주)인트로바이오파마","분홍색의 장방형 필름코팅정",06290,"기타의 화학요법제","전문의약품","[M251128]레보플록사신수화물",20140109,"- 안전성 및 유효성 미확립- 퀴놀론계 항균제는 몇몇 어린 동물종에서 관절병증, 뼈연골증을 유발","","Levofloxacin Hydrate(레보플록사신수화물)",20260323
"특정연령대금기","단일",D000793,"Levofloxacin Hydrate","레보플록사신수화물","","필름코팅정",201902168,"크라보신정100밀리그램(레보플록사신수화물)",20190409,"대웅바이오(주)","백색-미백색의 원형 필름코팅정",06290,"기타의 화학요법제","전문의약품","[M251128]레보플록사신수화물",20140109,"- 안전성 및 유효성 미확립- 퀴놀론계 항균제는 몇몇 어린 동물종에서 관절병증, 뼈연골증을 유발","","Levofloxacin Hydrate(레보플록사신수화물)",20260323
"특정연령대금기","단일",D000793,"Levofloxacin Hydrate","레보플록사신수화물","","필름코팅정",201902439,"유로펜타정500mg(레보플록사신수화물)",20190419,"주식회사큐엘파마","분홍색의 장방형 필름코팅정",06290,"기타의 화학요법제","전문의약품","[M251128]레보플록사신수화물",20140109,"- 안전성 및 유효성 미확립- 퀴놀론계 항균제는 몇몇 어린 동물종에서 관절병증, 뼈연골증을 유발","","Levofloxacin Hydrate(레보플록사신수화물)",20260323
"특정연령대금기","단일",D000793,"Levofloxacin Hydrate","레보플록사신수화물","","필름코팅정",201903771,"크레보트정(레보플록사신수화물)",20190607,"(주)보령바이오파마","흰색의 원형필름코팅정",06290,"기타의 화학요법제","전문의약품","[M251128]레보플록사신수화물",20140109,"- 안전성 및 유효성 미확립- 퀴놀론계 항균제는 몇몇 어린 동물종에서 관절병증, 뼈연골증을 유발","","Levofloxacin Hydrate(레보플록사신수화물)",20260323
"특정연령대금기","단일",D000793,"Levofloxacin Hydrate","레보플록사신수화물","","필름코팅정",201903825,"레보건정100밀리그램(레보플록사신수화물)",20190612,"건일제약(주)","흰색 - 미백색의 원형 필름코팅정",06290,"기타의 화학요법제","전문의약품","[M251128]레보플록사신수화물",20140109,"- 안전성 및 유효성 미확립- 퀴놀론계 항균제는 몇몇 어린 동물종에서 관절병증, 뼈연골증을 유발","","Levofloxacin Hydrate(레보플록사신수화물)",20260323
"특정연령대금기","단일",D000793,"Levofloxacin Hydrate","레보플록사신수화물","","필름코팅정",201903867,"레보나정500밀리그램(레보플록사신수화물)",20190614,"(주)한풍제약","분홍색의 장방형 필름코팅정",06290,"기타의 화학요법제","전문의약품","[M251128]레보플록사신수화물",20140109,"- 안전성 및 유효성 미확립- 퀴놀론계 항균제는 몇몇 어린 동물종에서 관절병증, 뼈연골증을 유발","","Levofloxacin Hydrate(레보플록사신수화물)",20260323
"특정연령대금기","단일",D000793,"Levofloxacin Hydrate","레보플록사신수화물","","필름코팅정",201903868,"레보나정100밀리그램(레보플록사신수화물)",20190614,"(주)한풍제약","백색-미백색의 원형 필름코팅정",06290,"기타의 화학요법제","전문의약품","[M251128]레보플록사신수화물",20140109,"- 안전성 및 유효성 미확립- 퀴놀론계 항균제는 몇몇 어린 동물종에서 관절병증, 뼈연골증을 유발","","Levofloxacin Hydrate(레보플록사신수화물)",20260323
"특정연령대금기","복합",D000709,Lidocaine,"리도카인","[D000622]Prilocaine(프릴로카인)","피부크림제",201904500,"프리오칸5%크림",20190702,"대화제약(주)","흰색의 크림제",01210,"국소마취제","전문의약품","[M040131]리도카인/[M087237]프릴로카인",20140109,"- 흡수에 대한 자료가 불완전하므로 소아의 생식기 점막에는 적용하지 말 것- 메트헤모글로빈의 일시적 증가 보고","","Lidocaine(리도카인)",20260309
"특정연령대금기","단일",D000793,"Levofloxacin Hydrate","레보플록사신수화물","","용액주사제",201905641,"제뉴원레보플록사신주(레보플록사신수화물)",20190809,"주식회사제뉴원사이언스","엷은 초록색을 띤 노란색의 투명한 용액이 무색투명한 수액용 플라스틱 용기에 충전된 수액용 주사제",06290,"기타의 화학요법제","전문의약품","[M251128]레보플록사신수화물",20140109,"- 안전성 및 유효성 미확립- 퀴놀론계 항균제는 몇몇 어린 동물종에서 관절병증, 뼈연골증을 유발","","Levofloxacin Hydrate(레보플록사신수화물)",20260323
"특정연령대금기","단일",D000793,"Levofloxacin Hydrate","레보플록사신수화물","","필름코팅정",201906213,"레보플라정500밀리그램(레보플록사신수화물)",20190902,"일성아이에스(주)","분홍색의 장방형 필름코팅정",06290,"기타의 화학요법제","전문의약품","[M251128]레보플록사신수화물",20140109,"- 안전성 및 유효성 미확립- 퀴놀론계 항균제는 몇몇 어린 동물종에서 관절병증, 뼈연골증을 유발","","Levofloxacin Hydrate(레보플록사신수화물)",20260323
"특정연령대금기","단일",D000793,"Levofloxacin Hydrate","레보플록사신수화물","","필름코팅정",201906311,"레보플라정100밀리그램(레보플록사신수화물)",20190905,"일성아이에스(주)","흰색-미백색의 원형 필름코팅정",06290,"기타의 화학요법제","전문의약품","[M251128]레보플록사신수화물",20140109,"- 안전성 및 유효성 미확립- 퀴놀론계 항균제는 몇몇 어린 동물종에서 관절병증, 뼈연골증을 유발","","Levofloxacin Hydrate(레보플록사신수화물)",20260323
"특정연령대금기","단일",D000793,"Levofloxacin Hydrate","레보플록사신수화물","","필름코팅정",201906844,"레보건정250밀리그램(레보플록사신수화물)",20190926,"건일제약(주)","진분홍색의 장방형 필름코팅정",06290,"기타의 화학요법제","전문의약품","[M251128]레보플록사신수화물",20140109,"- 안전성 및 유효성 미확립- 퀴놀론계 항균제는 몇몇 어린 동물종에서 관절병증, 뼈연골증을 유발","","Levofloxacin Hydrate(레보플록사신수화물)",20260323
"특정연령대금기","단일",D000793,"Levofloxacin Hydrate","레보플록사신수화물","","필름코팅정",201906940,"레보사신정250밀리그램(레보플록사신수화물)",20190930,"풍림무약(주)","진분홍색의 장방형 필름코팅정",06290,"기타의 화학요법제","전문의약품","[M251128]레보플록사신수화물",20140109,"- 안전성 및 유효성 미확립- 퀴놀론계 항균제는 몇몇 어린 동물종에서 관절병증, 뼈연골증을 유발","","Levofloxacin Hydrate(레보플록사신수화물)",20260323
"특정연령대금기","단일",D000222,"Loperamide Hydrochloride","로페라미드염산염","","경질캡슐제, 산제",201907189,"로페리캡슐(로페라미드염산염)",20191011,"미래바이오제약(주)","흰색 분말이 든 상부 등황색, 하부 유백색의 경질캡슐제",02370,"정장제","일반의약품","[M222992]로페라미드염산염",20140109,_,"","Loperamide Hydrochloride(로페라미드염산염)",20221206
"특정연령대금기","단일",D000274,"Ketorolac Tromethamine","케토롤락트로메타민염","","용액주사제",201907574,"유니온케토롤락주(케토롤락트로메타민염)",20191030,"한국유니온제약(주)","연한 노란색의 투명한 액체가 든 갈색앰플 주사제",01140,"해열.진통.소염제","전문의약품","[M222885]케토롤락트로메타민염",20140109,"안전성 및 유효성 미확립","","Ketorolac Tromethamine(케토롤락트로메타민염)",20240522
"특정연령대금기","단일",D000793,"Levofloxacin Hydrate","레보플록사신수화물","","용액주사제",202000924,"하이레보주(레보플록사신수화물)",20200213,"(주)다산제약","엷은 녹색을 띤 황색의 맑은 액이 든 무색투명한 바이알 주사제",06290,"기타의 화학요법제","전문의약품","[M251128]레보플록사신수화물",20140109,"- 안전성 및 유효성 미확립- 퀴놀론계 항균제는 몇몇 어린 동물종에서 관절병증, 뼈연골증을 유발","","Levofloxacin Hydrate(레보플록사신수화물)",20260323
"특정연령대금기","복합",D000709,Lidocaine,"리도카인","[D000622]Prilocaine(프릴로카인)","피부크림제",202001087,"롱엠씨크림",20200218,"주식회사더유제약","흰색의 크림제",01210,"국소마취제","전문의약품","[M040131]리도카인/[M087237]프릴로카인",20140109,"- 흡수에 대한 자료가 불완전하므로 소아의 생식기 점막에는 적용하지 말 것- 메트헤모글로빈의 일시적 증가 보고","","Lidocaine(리도카인)",20260309
"특정연령대금기","단일",D000668,"Ibandronate Sodium Monohydrate","이반드론산나트륨일수화물","","용액주사제",202001286,"보니반주(이반드론산나트륨일수화물)",20200224,"주식회사케이에스제약","무색투명한 용액이 무색투명한 유리 프리필드시린지에 든 주사제로서 1회용 주사침이 첨부되어있다.",03990,"따로 분류되지 않는 대사성 의약품","전문의약품","[M102556]이반드론산나트륨일수화물",20140109,"안전성 및 유효성 미확립","","Ibandronate Sodium Monohydrate(이반드론산나트륨일수화물)",20250930
"특정연령대금기","단일",D000793,"Levofloxacin Hydrate","레보플록사신수화물","","필름코팅정",202001396,"리플록신정250밀리그램(레보플록사신수화물)",20200227,"건일바이오팜주식회사","진분홍색의 장방형 필름코팅정",06290,"기타의 화학요법제","전문의약품","[M251128]레보플록사신수화물",20140109,"- 안전성 및 유효성 미확립- 퀴놀론계 항균제는 몇몇 어린 동물종에서 관절병증, 뼈연골증을 유발","","Levofloxacin Hydrate(레보플록사신수화물)",20260323
"특정연령대금기","단일",D000793,"Levofloxacin Hydrate","레보플록사신수화물","","필름코팅정",202001902,"하이레보정100밀리그램(레보플록사신수화물)",20200318,"(주)다산제약","백색-미백색의 원형 필름코팅정",06290,"기타의 화학요법제","전문의약품","[M251128]레보플록사신수화물",20140109,"- 안전성 및 유효성 미확립- 퀴놀론계 항균제는 몇몇 어린 동물종에서 관절병증, 뼈연골증을 유발","","Levofloxacin Hydrate(레보플록사신수화물)",20260323
"특정연령대금기","단일",D000793,"Levofloxacin Hydrate","레보플록사신수화물","","필름코팅정",202002669,"리플록신정500밀리그램(레보플록사신수화물)",20200416,"건일바이오팜주식회사","분홍색의 장방형 필름코팅정",06290,"기타의 화학요법제","전문의약품","[M251128]레보플록사신수화물",20140109,"- 안전성 및 유효성 미확립- 퀴놀론계 항균제는 몇몇 어린 동물종에서 관절병증, 뼈연골증을 유발","","Levofloxacin Hydrate(레보플록사신수화물)",20260323
"특정연령대금기","복합",D000709,Lidocaine,"리도카인","[D000622]Prilocaine(프릴로카인)","피부크림제",202002670,"듀카인크림",20200416,"(주)에이프로젠바이오로직스","흰색의 크림제",01210,"국소마취제","전문의약품","[M040131]리도카인/[M087237]프릴로카인",20140109,"- 흡수에 대한 자료가 불완전하므로 소아의 생식기 점막에는 적용하지 말 것- 메트헤모글로빈의 일시적 증가 보고","","Lidocaine(리도카인)",20260309
"특정연령대금기","단일",D000793,"Levofloxacin Hydrate","레보플록사신수화물","","필름코팅정",202003099,"레보프사정100밀리그램(레보플록사신수화물)",20200428,"주식회사케이에스제약","백색-미백색의 원형 필름코팅정",06290,"기타의 화학요법제","전문의약품","[M251128]레보플록사신수화물",20140109,"- 안전성 및 유효성 미확립- 퀴놀론계 항균제는 몇몇 어린 동물종에서 관절병증, 뼈연골증을 유발","","Levofloxacin Hydrate(레보플록사신수화물)",20260323
"특정연령대금기","단일",D000793,"Levofloxacin Hydrate","레보플록사신수화물","","필름코팅정",202004914,"하이레보정500밀리그램(레보플록사신수화물)",20200707,"(주)다산제약","분홍색의 장방형 필름코팅정",06290,"기타의 화학요법제","전문의약품","[M251128]레보플록사신수화물",20140109,"- 안전성 및 유효성 미확립- 퀴놀론계 항균제는 몇몇 어린 동물종에서 관절병증, 뼈연골증을 유발","","Levofloxacin Hydrate(레보플록사신수화물)",20260323
"특정연령대금기","복합",D000709,Lidocaine,"리도카인","[D000622]Prilocaine(프릴로카인)","피부크림제",202007865,"리쥬셀플러스크림",20201113,"(주)팜젠사이언스","흰색의 크림제",01210,"국소마취제","전문의약품","[M040131]리도카인/[M087237]프릴로카인",20140109,"- 흡수에 대한 자료가 불완전하므로 소아의 생식기 점막에는 적용하지 말 것- 메트헤모글로빈의 일시적 증가 보고","","Lidocaine(리도카인)",20260309
"특정연령대금기","단일",D000793,Levofloxacin,"레보플록사신","","필름코팅정",202501122,"동구레보신정250mg(레보플록사신)(수출용)",20250508,"(주)동구바이오제약","흰색의 원형 필름코팅정",06290,"기타의 화학요법제","전문의약품","[M085584]레보플록사신",20140109,"- 안전성 및 유효성 미확립- 퀴놀론계 항균제는 몇몇 어린 동물종에서 관절병증, 뼈연골증을 유발","","Levofloxacin(레보플록사신)",20260323
"특정연령대금기","단일",D000672,Ketoprofen,"케토프로펜","","카타플라스마제",201706431,"제일케토파워카타플라스마(케토프로펜)",20170803,"제일헬스사이언스(주)","연한 분홍색 또는 분홍색의 점착성 고체를 부직포 위에 도포하고 뒷면에 밀착포를 부착한 특유한 향기를 가진 카타플라스마제",02640,"진통.진양.수렴.소염제","일반의약품","[M051464]케토프로펜",20140109,_,"","Ketoprofen(케토프로펜)",""
"특정연령대금기","단일",D000672,Ketoprofen,"케토프로펜","","지지체가있는첩부제",201802978,"사라펜플라스타(케토프로펜)",20180717,"동국제약(주)","무색 투명 또는 반투명의 점착성 물질을 연주황색 부직포에 도포하여 고체면에 고체피복물을 덮은 첩부제이다. 19.0cm×11.8cm : 무색 투명 또는 반투명의 점착성 물질을 연주황색 부직포에 도포하고 고체면에 고체피복물을 덮은 중앙이 빈 다이아몬드 모양의 첩부제이다.",02640,"진통.진양.수렴.소염제","일반의약품","[M051464]케토프로펜/[M051464]케토프로펜/[M051464]케토프로펜",20140109,_,"","Ketoprofen(케토프로펜)",""
"특정연령대금기","단일",D000672,Ketoprofen,"케토프로펜","","지지체가있는첩부제",201804892,"파워스탑스키니플라스타(케토프로펜)",20181203,"경남제약(주)","무색 투명 또는 반투명의 점착성 물질을 연주황색 부직포에 도포하여 고체면에 박리지를 덮은 첩부제이다.",02640,"진통.진양.수렴.소염제","일반의약품","[M051464]케토프로펜",20140109,_,"","Ketoprofen(케토프로펜)",""
"특정연령대금기","단일",D000672,Ketoprofen,"케토프로펜","","피부용겔제",202000009,"케프겔(케토프로펜)",20200102,"(주)시어스제약","무색투명한 겔제",02640,"진통.진양.수렴.소염제","일반의약품","[M051464]케토프로펜",20140109,_,"","Ketoprofen(케토프로펜)",""
"특정연령대금기","단일",D000672,Ketoprofen,"케토프로펜","","카타플라스마제",202001662,"아이파프케어팝카타플라스마(케토프로펜)",20200311,"아이큐어(주)","제1형: 이 약은 흰색 점착성의 고체를 부직포 위에 도포한 특유한 향기를 가진 카타플라스마제제2형: 이 약은 흰색 점착성의 고체를 부직포 위에 도포하고 뒷면에 밀착포를 고정시킨 특유한 향기를 가진 카타플라스마제",02640,"진통.진양.수렴.소염제","일반의약품","[M051464]케토프로펜/[M051464]케토프로펜",20140109,_,"","Ketoprofen(케토프로펜)",""
"특정연령대금기","단일",D000672,Ketoprofen,"케토프로펜","","지지체가있는첩부제",202002866,"트라스트핑거플라스타(케토프로펜)",20200422,"에스케이케미칼(주)","이 약은 무색 반투명의 점착성 물질을 지지체에 도포하고 고체면에 고체피복물을 덮은 첩부제이다.",02640,"진통.진양.수렴.소염제","일반의약품","[M051464]케토프로펜/[M051464]케토프로펜/[M051464]케토프로펜/[M051464]케토프로펜/[M051464]케토프로펜/[M051464]케토프로펜",20140109,_,"","Ketoprofen(케토프로펜)",""
"특정연령대금기","단일",D000672,Ketoprofen,"케토프로펜","","카타플라스마제",202004950,"케프로텍카타플라스마(케토프로펜)",20200709,"현대약품(주)","연한 분홍색 또는 분홍색의 점착성 고체를 부직포 위에 도포하고 뒷면에 밀착포를 부착한 특유한 향기를 가진 카타플라스마제",02640,"진통.진양.수렴.소염제","일반의약품","[M051464]케토프로펜",20140109,_,"","Ketoprofen(케토프로펜)",""
"특정연령대금기","단일",D000672,Ketoprofen,"케토프로펜","","피부용겔제",202107009,"플라톱겔(케토프로펜)",20211019,"(주)경보제약","무색투명한 겔제",02640,"진통.진양.수렴.소염제","일반의약품","[M051464]케토프로펜",20140109,_,"","Ketoprofen(케토프로펜)",""
"특정연령대금기","단일",D000672,Ketoprofen,"케토프로펜","","피부용겔제",202400086,"케펨겔(케토프로펜)",20240111,"(주)종근당","무색 투명 겔제",02640,"진통.진양.수렴.소염제","일반의약품","[M051464]케토프로펜",20140109,_,"","Ketoprofen(케토프로펜)",""
"특정연령대금기","단일",D000274,"Ketorolac Tromethamine","케토롤락트로메타민","","필름코팅정",201102310,"케롤민정20밀리그람(케토롤락트로메타민)(수출용)",20110415,"한국코러스(주)","흰색의 원형필름코팅정제",01140,"해열.진통.소염제","전문의약품","[M084703]케토롤락트로메타민",20140109,"안전성 및 유효성 미확립","","Ketorolac Tromethamine(케토롤락트로메타민)",""
"특정연령대금기","단일",D000274,"Ketorolac Tromethamine","케토롤락트로메타민","","용액주사제",201201370,"케롤민주(케토롤락트로메타민)(수출용)",20120305,"한국코러스(주)","엷은 황색의 투명 액체가 든 갈색 앰플 주사",01140,"해열.진통.소염제","전문의약품","[M084703]케토롤락트로메타민",20140109,"안전성 및 유효성 미확립","","Ketorolac Tromethamine(케토롤락트로메타민)",""
"특정연령대금기","복합",D000302,Levodopa,"레보도파","[D000563]Benserazide(벤세라지드)","나정",202103852,"명도파정50/200밀리그램(벤세라지드, 레보도파)",20210514,"명인제약(주)","십자눈금이 새겨져 있는 분홍색의 원형 정제",01190,"기타의 중추신경용약","전문의약품","[M223046]벤세라지드염산염/[M040122]레보도파",20140109,"- 안전성 및 유효성 미확립- 동물실험에서 벤세라지드에 의해 골격기형이 나타남","","Levodopa(레보도파)",""
"특정연령대금기","복합",D000302,Levodopa,"레보도파","[D000563]Benserazide(벤세라지드)","나정",202104353,"명도파정25/100밀리그램(벤세라지드, 레보도파)",20210603,"명인제약(주)","십자눈금이 새겨져 있는 분홍색의 원형 정제",01190,"기타의 중추신경용약","전문의약품","[M223046]벤세라지드염산염/[M040122]레보도파",20140109,"- 안전성 및 유효성 미확립- 동물실험에서 벤세라지드에 의해 골격기형이 나타남","","Levodopa(레보도파)",""
"특정연령대금기","복합",D000302,Levodopa,"레보도파","[D000563]Benserazide(벤세라지드)","나정",202301581,"명도파정12.5/50밀리그램(벤세라지드, 레보도파)",20230517,"명인제약(주)","분홍색의 원형 정제",01190,"기타의 중추신경용약","전문의약품","[M223046]벤세라지드염산염/[M040122]레보도파",20140109,"- 안전성 및 유효성 미확립- 동물실험에서 벤세라지드에 의해 골격기형이 나타남","","Levodopa(레보도파)",""
"특정연령대금기","복합",D000302,Levodopa,"레보도파","[D000563]Benserazide(벤세라지드)","나정",202502527,"원도파정12.5/50밀리그램(벤세라지드, 레보도파)",20250924,"삼일제약(주)","분홍색의 원형 정제",01190,"기타의 중추신경용약","전문의약품","[M040122]레보도파/[M223046]벤세라지드염산염",20140109,"- 안전성 및 유효성 미확립- 동물실험에서 벤세라지드에 의해 골격기형이 나타남","","Levodopa(레보도파)",""
"특정연령대금기","복합",D000302,Levodopa,"레보도파","[D000563]Benserazide(벤세라지드)","나정",202502528,"원도파정25/100밀리그램(벤세라지드, 레보도파)",20250924,"삼일제약(주)","십자눈금이 새겨져 있는 분홍색의 원형 정제",01190,"기타의 중추신경용약","전문의약품","[M040122]레보도파/[M223046]벤세라지드염산염",20140109,"- 안전성 및 유효성 미확립- 동물실험에서 벤세라지드에 의해 골격기형이 나타남","","Levodopa(레보도파)",""
"특정연령대금기","복합",D000302,Levodopa,"레보도파","[D000563]Benserazide(벤세라지드)","나정",202502529,"원도파정50/200밀리그램(벤세라지드, 레보도파)",20250924,"삼일제약(주)","십자눈금이 새겨져 있는 분홍색의 원형 정제",01190,"기타의 중추신경용약","전문의약품","[M040122]레보도파/[M223046]벤세라지드염산염",20140109,"- 안전성 및 유효성 미확립- 동물실험에서 벤세라지드에 의해 골격기형이 나타남","","Levodopa(레보도파)",""
"특정연령대금기","복합",D000709,Lidocaine,"리도카인","[D000622]Prilocaine(프릴로카인)","피부크림제",201908047,"엠비카인10%크림(수출용)",20191122,"(주)퍼슨","백색의 크림제",01210,"국소마취제","전문의약품","[M040131]리도카인/[M087237]프릴로카인",20140109,"- 흡수에 대한 자료가 불완전하므로 소아의 생식기 점막에는 적용하지 말 것- 메트헤모글로빈의 일시적 증가 보고","","Lidocaine(리도카인)",""
"특정연령대금기","복합",D000709,Lidocaine,"리도카인","[D000622]Prilocaine(프릴로카인)","피부크림제",202500655,"엔카인크림(수출용)",20250321,"주식회사제뉴원사이언스","흰색의 크림제",01210,"국소마취제","전문의약품","[M040131]리도카인/[M087237]프릴로카인",20140109,"- 흡수에 대한 자료가 불완전하므로 소아의 생식기 점막에는 적용하지 말 것- 메트헤모글로빈의 일시적 증가 보고","","Lidocaine(리도카인)",""
"특정연령대금기","단일",D000222,"Loperamide Hydrochloride","로페라미드염산염","","경질캡슐제, 정제",202402832,"로페스탑캡슐(로페라미드염산염)",20241202,"(주)에이프로젠바이오로직스","흰색가루가 함유된 흰색의 경질캡슐제",02370,"정장제","일반의약품","[M222992]로페라미드염산염",20140109,_,"","Loperamide Hydrochloride(로페라미드염산염)",""
"특정연령대금기","단일",D000222,"Loperamide Hydrochloride","로페라미드염산염","","경질캡슐제, 산제",202500070,"다이어스탑캡슐(로페라미드염산염)",20250108,"(주)씨엠지제약","흰색가루가 함유된 흰색의 경질캡슐제",02370,"정장제","일반의약품","[M222992]로페라미드염산염",20140109,_,"","Loperamide Hydrochloride(로페라미드염산염)",""
"특정연령대금기","단일",D000222,"Loperamide Hydrochloride","로페라미드염산염","","경질캡슐제, 공캡슐",202600414,"티엔로페린캡슐(로페라미드염산염)",20260212,"(주)넥스팜코리아","흰색가루가 함유된 흰색의 경질캡슐제",02370,"정장제","일반의약품","[M222992]로페라미드염산염",20140109,_,"","Loperamide Hydrochloride(로페라미드염산염)",""
"특정연령대금기","단일",D000708,Loratadine,"로라타딘","","연질캡슐제, 액상",201908562,"시노타딘연질캡슐(로라타딘)",20191220,"현대약품(주)","무색 내지 연한 파란색의 투명한 내용액을 함유한 파란색의 투명한 타원형 연질캡슐",01410,"항히스타민제","일반의약품","[M082724]로라타딘",20140109,_,"","Loratadine(로라타딘)",""
"특정연령대금기","단일",D000708,Loratadine,"로라타딘","","나정",202203169,"로타인정(로라타딘)",20220802,"엔비케이제약(주)","흰색의 타원형 정제",01410,"항히스타민제","일반의약품","[M082724]로라타딘",20140109,_,"","Loratadine(로라타딘)",""
"특정연령대금기","단일",D000708,Loratadine,"로라타딘","","연질캡슐제, 액상",202300418,"에치팡연질캡슐(로라타딘)",20230131,"경방신약(주)","무색 내지 연한 파란색의 투명한 내용액을 함유한 파란색의 투명한 타원형 연질캡슐",01410,"항히스타민제","일반의약품","[M082724]로라타딘",20140109,_,"","Loratadine(로라타딘)",""
"특정연령대금기","단일",D000708,Loratadine,"로라타딘","","연질캡슐제, 액상",202302370,"로라샷연질캡슐(로라타딘)",20230809,"(주)에이프로젠바이오로직스","무색 내지 연한 파란색의 투명한 내용액을 함유한 파란색의 투명한 타원형 연질캡슐",01410,"항히스타민제","일반의약품","[M082724]로라타딘",20140109,_,"","Loratadine(로라타딘)",""
"특정연령대금기","단일",D000708,Loratadine,"로라타딘","","연질캡슐제, 액상",202402805,"필로라딘연질캡슐(로라타딘)",20241127,"(주)필인터내셔널","무색 내지 연한 파란색의 투명한 액이 든 파란색의 타원형 연질캡슐",01410,"항히스타민제","일반의약품","[M082724]로라타딘",20140109,_,"","Loratadine(로라타딘)",""
"특정연령대금기","단일",D000218,Lorazepam,"로라제팜","","용액주사제",198200943,"삼진로라제팜주",19820902,"삼진제약(주)","무색투명한 액체가 든 갈색앰플의 주사제",01170,"정신신경용제","전문의약품","[M088374]로라제팜",20140109,"벤질알코올은 조숙아에서 치명적인 가쁜 호흡증상과 연관이 있는 것으로 보고됨","","Lorazepam(로라제팜)",""
"특정연령대금기","단일",D000425,Metoclopramide,"메토클로프라미드","","필름코팅정",197200484,"맥페란정(메토클로프라미드)",19720210,"동화약품(주)","흰색의 원형 필름코팅정",02390,"기타의 소화기관용약","전문의약품","[M050465]메토클로프라미드",20140109,"추체외로장애 위험성 증가","","Metoclopramide(메토클로프라미드)",20140103
"특정연령대금기","단일",D000466,"Nortriptyline Hydrochloride","염산노르트립틸린","","필름코팅정",197300150,"센시발정10밀리그램(염산노르트립틸린)",19730117,"일성아이에스(주)","엷은 적색의 필름코팅정",01170,"정신신경용제","전문의약품","[M050132]염산노르트립틸린",20140109,"안전성 및 유효성 미확립","","Nortriptyline Hydrochloride(염산노르트립틸린)",20240809
"특정연령대금기","단일",D000466,"Nortriptyline Hydrochloride","염산노르트립틸린","","필름코팅정",197300151,"센시발정25밀리그램(염산노르트립틸린)",19730117,"일성아이에스(주)","흰색의 필름코팅정",01170,"정신신경용제","전문의약품","[M050132]염산노르트립틸린",20140109,"안전성 및 유효성 미확립","","Nortriptyline Hydrochloride(염산노르트립틸린)",20240809
"특정연령대금기","단일",D000307,Piracetam,"피라세탐","","용액주사제",197800288,"라세탐주(피라세탐)(수출용)",19780204,"삼진제약(주)","무색투명한 앰플 주사제",01190,"기타의 중추신경용약","전문의약품","[M101651]피라세탐",20140109,_,"","Piracetam(피라세탐)",20180306
"특정연령대금기","단일",D000210,"Calcium Polystyrene Sulfonate","폴리스티렌설폰산칼슘","","현탁액용산제",198400403,"카리메트산(폴리스티렌설폰산칼슘)",19840925,"알보젠코리아(주)","흰색 또는 담황색의 분말로 된 산제",02190,"기타의 순환계용약","전문의약품","[M081346]폴리스티렌설폰산칼슘",20230705,_,"","Calcium Polystyrene Sulfonate(폴리스티렌설폰산칼슘)",20241025
"특정연령대금기","단일",D000781,Perphenazine,"페르페나진","","나정",198500622,"명인페르페나진정4밀리그램",19850812,"명인제약(주)","분홍색의 원형 정제",01170,"정신신경용제","전문의약품","[M091367]페르페나진",20140109,"추체외로증상 특히 운동장애가 나타나기 쉬움","","Perphenazine(페르페나진)",20170929
"특정연령대금기","단일",D000605,Norfloxacin,"노르플록사신","","필름코팅정",198500810,"뉴사달정100mg(노르플록사신)(수출용)",19851223,"(주)동구바이오제약","담황갈색의 필름코팅정제",06290,"기타의 화학요법제","전문의약품","[M081284]노르플록사신",20140109,"- 안전성 및 유효성 미확립- 퀴놀론계 항균제는 몇몇 어린 동물종에서 관절병증, 뼈연골증을 유발함","","Norfloxacin(노르플록사신)",20220327
"특정연령대금기","단일",D000127,"Minocycline Hydrochloride","미노사이클린염산염","","경질캡슐제, 산제",198501028,"미노씬캡슐50mg(미노사이클린염산염)",19850615,"에스케이케미칼(주)","노란색의 가루가 든 상부 주홍색, 하부 미황색 불투명의 경질캡슐",06150,"주로 그람양성, 음성균, 리케치아, 비루스에 작용하는 것","전문의약품","[M223036]미노사이클린염산염",20140109,"소아 등(특히 치아 형성기인 12세 미만의 소아)에 투여 시, 치아의 착색·법랑질 형성 부전, 또는 일과성 골발육 부전을 일으킬 수 있음","다만, 다른 약을 사용할 수 없거나 효과가 없는 경우에만 8세 이상 신중투여","Minocycline Hydrochloride(미노사이클린염산염)",20251211
"특정연령대금기","단일",D000605,Norfloxacin,"노르플록사신","","필름코팅정",198601049,"유리스코정400밀리그람(노르플록사신)(수출용)(수출명:DAE HWA NORFLOXACIN 400mg)",19880206,"대화제약(주)","백색의 막대상 제피정",06290,"기타의 화학요법제","전문의약품","[M081284]노르플록사신",20140109,"- 안전성 및 유효성 미확립- 퀴놀론계 항균제는 몇몇 어린 동물종에서 관절병증, 뼈연골증을 유발함","","Norfloxacin(노르플록사신)",20220327
"특정연령대금기","단일",D000666,Ofloxacin,"오플록사신","","필름코팅정",198700537,"파비드정(오플록사신)",19870917,"(주)일화","흰색의 원형 필름코팅정제",06290,"기타의 화학요법제","전문의약품","[M081639]오플록사신",20140109,"- 안전성 및 유효성 미확립- 몇몇 어린 동물종에서 관절이상을 유발함","","Ofloxacin(오플록사신)",20260323
"특정연령대금기","단일",D000666,Ofloxacin,"오플록사신","","필름코팅정",198701772,"투록신정(오플록사신)",19870918,"알보젠코리아(주)","백색내지 미황백색의 원형 필름코팅정",06290,"기타의 화학요법제","전문의약품","[M081639]오플록사신",20140109,"- 안전성 및 유효성 미확립- 몇몇 어린 동물종에서 관절이상을 유발함","","Ofloxacin(오플록사신)",20260323
"특정연령대금기","단일",D000425,"Metoclopramide Hydrochloride Hydrate","메토클로프라미드염산염수화물","","용액주사제",198800560,"맥페란주사액2밀리리터(메토클로프라미드염산염수화물)",19880531,"동화약품(주)","무색 투명한 액이 든 갈색앰플의 주사제",02390,"기타의 소화기관용약","전문의약품","[M223013]메토클로프라미드염산염수화물",20140109,"추체외로장애 위험성 증가","","Metoclopramide Hydrochloride Hydrate(메토클로프라미드염산염수화물)",20220331
"특정연령대금기","단일",D000309,Piroxicam,"피록시캄","","용액주사제",198900082,"로시덴주(피록시캄)(수출용)",19890123,"신풍제약(주)","앰플 : 엷은 노란색 액이 갈색 앰플에 든 주사제",01140,"해열.진통.소염제","전문의약품","[M071634]피록시캄",20140109,"벤질알코올은 조숙아에게서 치명적인 가쁜 호흡증상과 연관이 있는 것으로 보고됨","","Piroxicam(피록시캄)",20240522
"특정연령대금기","단일",D000666,Ofloxacin,"오플록사신","","필름코팅정",198900665,"동화오플록사신정",19890412,"동화약품(주)","백색내지 미황백색의 원형 필름코팅정",06290,"기타의 화학요법제","전문의약품","[M081639]오플록사신",20140109,"- 안전성 및 유효성 미확립- 몇몇 어린 동물종에서 관절이상을 유발함","","Ofloxacin(오플록사신)",20260323
"특정연령대금기","단일",D000309,Piroxicam,"피록시캄","","용액주사제",199002080,"휴온스피록시캄근육주사(수출명:CAMADOLinj.,CAMROX20mgInj.)",19900507,"(주)휴온스","내수용갈색앰플내에 연황색의 액체가 들어 있는 주사제수출용연황색의 액체가 든 무색 투명한 앰플 주사제",01140,"해열.진통.소염제","전문의약품","[M071634]피록시캄",20140109,"벤질알코올은 조숙아에게서 치명적인 가쁜 호흡증상과 연관이 있는 것으로 보고됨","","Piroxicam(피록시캄)",20240522
"특정연령대금기","단일",D000666,Ofloxacin,"오플록사신","","필름코팅정",199100426,"에펙신정100밀리그램(오플록사신)",19910327,"일동제약(주)","백색의 원형 필름제피정",06290,"기타의 화학요법제","전문의약품","[M081639]오플록사신",20140109,"- 안전성 및 유효성 미확립- 몇몇 어린 동물종에서 관절이상을 유발함","","Ofloxacin(오플록사신)",20260323
"특정연령대금기","단일",D000666,Ofloxacin,"오플록사신","","필름코팅정",199100970,"삼천당오플록사신정",19911026,"삼천당제약(주)","백색내지 미황색의 필름코팅정",06290,"기타의 화학요법제","전문의약품","[M081639]오플록사신",20140109,"- 안전성 및 유효성 미확립- 몇몇 어린 동물종에서 관절이상을 유발함","","Ofloxacin(오플록사신)",20260323
"특정연령대금기","단일",D000666,Ofloxacin,"오플록사신","","필름코팅정",199101034,"오비드정(오플록사신)",19911216,"(주)비보존제약","흰색내지 미황흰색의 원형 필름코팅정",06290,"기타의 화학요법제","전문의약품","[M081639]오플록사신",20140109,"- 안전성 및 유효성 미확립- 몇몇 어린 동물종에서 관절이상을 유발함","","Ofloxacin(오플록사신)",20260323
"특정연령대금기","단일",D000666,Ofloxacin,"오플록사신","","필름코팅정",199102137,"오로신정100밀리그램(오플록사신)",19911210,"한미약품(주)","흰색 또는 연한 노란색의 원형 필름코팅정제",06290,"기타의 화학요법제","전문의약품","[M081639]오플록사신",20140109,"- 안전성 및 유효성 미확립- 몇몇 어린 동물종에서 관절이상을 유발함","","Ofloxacin(오플록사신)",20260323
"특정연령대금기","단일",D000666,Ofloxacin,"오플록사신","","필름코팅정",199102449,"영풍오플록사신정100밀리그램",19910826,"영풍제약(주)","흰색의 원형 필름코팅정",06290,"기타의 화학요법제","전문의약품","[M081639]오플록사신",20140109,"- 안전성 및 유효성 미확립- 몇몇 어린 동물종에서 관절이상을 유발함","","Ofloxacin(오플록사신)",20260323
"특정연령대금기","단일",D000666,Ofloxacin,"오플록사신","","필름코팅정",199200096,"푸가신정(오플록사신)(수출용)(수출명:SP OFLOXACIN Tablets 200mg,SHINPOONG FUGACIN Tablets,SHINPOONG FUGACIN Film coated tablet)",19920327,"신풍제약(주)","백색 내지 미황백색의 원형필름 코팅정제",06290,"기타의 화학요법제","전문의약품","[M081639]오플록사신",20140109,"- 안전성 및 유효성 미확립- 몇몇 어린 동물종에서 관절이상을 유발함","","Ofloxacin(오플록사신)",20260323
"특정연령대금기","단일",D000666,Ofloxacin,"오플록사신","","필름코팅정",199200490,"타록시드정100밀리그램(오플록사신)",19920410,"위더스제약(주)","흰색의 원형 필름코팅정",06290,"기타의 화학요법제","전문의약품","[M081639]오플록사신",20140109,"- 안전성 및 유효성 미확립- 몇몇 어린 동물종에서 관절이상을 유발함","","Ofloxacin(오플록사신)",20260323
"특정연령대금기","단일",D000309,Piroxicam,"피록시캄","","용액주사제",199200650,"제일제약피록시캄주사액(수출용)",19920108,"(주)제일제약","갈색앰플내에 엷은황갈색-엷은황색의맑은액이든주사제",01140,"해열.진통.소염제","전문의약품","[M071634]피록시캄",20140109,"벤질알코올은 조숙아에게서 치명적인 가쁜 호흡증상과 연관이 있는 것으로 보고됨","","Piroxicam(피록시캄)",20200121
"특정연령대금기","단일",D000666,Ofloxacin,"오플록사신","","필름코팅정",199200698,"텔비트정200밀리그램(오플록사신)(수출용)",19920512,"대우제약(주)","흰색의 장방형 필름코팅정제",06290,"기타의 화학요법제","전문의약품","[M081639]오플록사신",20140109,"- 안전성 및 유효성 미확립- 몇몇 어린 동물종에서 관절이상을 유발함","","Ofloxacin(오플록사신)",20260323
"특정연령대금기","단일",D000666,Ofloxacin,"오플록사신","","필름코팅정",199200705,"텔비트정100밀리그람(오플록사신)",19920512,"대우제약(주)","흰색 내지 미황흰색의 원형 필름코팅정제",06290,"기타의 화학요법제","전문의약품","[M081639]오플록사신",20140109,"- 안전성 및 유효성 미확립- 몇몇 어린 동물종에서 관절이상을 유발함","","Ofloxacin(오플록사신)",20260323
"특정연령대금기","단일",D000666,Ofloxacin,"오플록사신","","필름코팅정",199201876,"영일오플록사신정(수출명:오사신정,타비드정)",19920128,"영일제약(주)","담황색의 원형 필름코팅정제  (변경전 :  백색내지 미황색의 필름코팅정 )",06290,"기타의 화학요법제","전문의약품","[M081639]오플록사신",20140109,"- 안전성 및 유효성 미확립- 몇몇 어린 동물종에서 관절이상을 유발함","","Ofloxacin(오플록사신)",20260323
"특정연령대금기","단일",D000666,Ofloxacin,"오플록사신","","필름코팅정",199202052,"신일오플록사신정(수출명:FOCINATTab.)",19920211,"신일제약(주)","흰색의 원형 필름코팅정",06290,"기타의 화학요법제","전문의약품","[M081639]오플록사신",20140109,"- 안전성 및 유효성 미확립- 몇몇 어린 동물종에서 관절이상을 유발함","","Ofloxacin(오플록사신)",20260323
"특정연령대금기","단일",D000424,"Pefloxacin Methanesulfonate","메탄설폰산페플록사신","","필름코팅정",199202246,"키신달정(메탄설폰산페플록사신)(수출용)(수출명1:키시정,수출명2:씨피케이페플록사신정)",19920122,"(주)씨엠지제약","백색-미백색의 장방형 필름코팅정",06290,"기타의 화학요법제","전문의약품","[M081951]메탄설폰산페플록사신",20140109,"- 안전성 및 유효성 미확립- 퀴놀론계 항균제는 몇몇 어린 동물종에서 관절병증, 뼈연골증을 유발함","","Pefloxacin Methanesulfonate(메탄설폰산페플록사신)",20200521
"특정연령대금기","단일",D000666,Ofloxacin,"오플록사신","","필름코팅정",199202946,"옥타신정(오플록사신)",19920706,"유니메드제약(주)","백색원형의 필름코팅정",06290,"기타의 화학요법제","전문의약품","[M081639]오플록사신",20140109,"- 안전성 및 유효성 미확립- 몇몇 어린 동물종에서 관절이상을 유발함","","Ofloxacin(오플록사신)",20260323
"특정연령대금기","단일",D000666,Ofloxacin,"오플록사신","","필름코팅정",199300815,"프락신정100밀리그람(오플록사신)",19930823,"아주약품(주)","백색 내지 미황백색의 원형 필름코팅정",06290,"기타의 화학요법제","전문의약품","[M081639]오플록사신",20140109,"- 안전성 및 유효성 미확립- 몇몇 어린 동물종에서 관절이상을 유발함","","Ofloxacin(오플록사신)",20260323
"특정연령대금기","단일",D000666,Ofloxacin,"오플록사신","","필름코팅정",199301429,"다비드정100밀리그램(오플록사신)",19930921,"(주)동구바이오제약","흰색 원형의 필름코팅정",06290,"기타의 화학요법제","전문의약품","[M081639]오플록사신",20140109,"- 안전성 및 유효성 미확립- 몇몇 어린 동물종에서 관절이상을 유발함","","Ofloxacin(오플록사신)",20260323
"특정연령대금기","단일",D000309,Piroxicam,"피록시캄","","용액주사제",199302453,"위더스피록시캄주사액",19930607,"위더스제약(주)","갈색앰플내에 연황색의 액체가 들어 있는 주사제",01140,"해열.진통.소염제","전문의약품","[M071634]피록시캄",20140109,"벤질알코올은 조숙아에게서 치명적인 가쁜 호흡증상과 연관이 있는 것으로 보고됨","","Piroxicam(피록시캄)",20240522
"특정연령대금기","단일",D000666,Ofloxacin,"오플록사신","","필름코팅정",199302663,"구주오플록사신정200밀리그람(수출명:Beeflor)",19930629,"구주제약(주)","백색의 필름코팅한 원형의 정제",06290,"기타의 화학요법제","전문의약품","[M081639]오플록사신",20140109,"- 안전성 및 유효성 미확립- 몇몇 어린 동물종에서 관절이상을 유발함","","Ofloxacin(오플록사신)",20260323
"특정연령대금기","단일",D000666,Ofloxacin,"오플록사신","","필름코팅정",199303299,"옥타신정200밀리그람(오플록사신)(수출용)",19930419,"유니메드제약(주)","백색원형의 장방형 필름코팅정",06290,"기타의 화학요법제","전문의약품","[M081639]오플록사신",20140109,"- 안전성 및 유효성 미확립- 몇몇 어린 동물종에서 관절이상을 유발함","","Ofloxacin(오플록사신)",20260323
"특정연령대금기","단일",D000666,Ofloxacin,"오플록사신","","필름코팅정",199400179,"동광오플록사신정",19940521,"동광제약(주)","미황백색의 필름코팅정",06290,"기타의 화학요법제","전문의약품","[M081639]오플록사신",20140109,"- 안전성 및 유효성 미확립- 몇몇 어린 동물종에서 관절이상을 유발함","","Ofloxacin(오플록사신)",20260323
"특정연령대금기","단일",D000666,Ofloxacin,"오플록사신","","필름코팅정",199401160,"대원오플록사신정200mg(수출용)",19940720,"대원제약(주)","수출용 1 : 백색 내지 미황백색의 타원형 필름코팅정제수출용 2 : 흰색의 장방형 필름코팅정제",06290,"기타의 화학요법제","전문의약품","[M081639]오플록사신/[M081639]오플록사신",20140109,"- 안전성 및 유효성 미확립- 몇몇 어린 동물종에서 관절이상을 유발함","","Ofloxacin(오플록사신)",20260323
"특정연령대금기","단일",D000666,Ofloxacin,"오플록사신","","필름코팅정",199401592,"팜젠오플록사신정200mg(수출용)",19941118,"(주)팜젠사이언스","흰색의 원형 또는 장방형 필름코팅정제",06290,"기타의 화학요법제","전문의약품","[M081639]오플록사신/[M081639]오플록사신/[M081639]오플록사신",20140109,"- 안전성 및 유효성 미확립- 몇몇 어린 동물종에서 관절이상을 유발함","","Ofloxacin(오플록사신)",20260323
"특정연령대금기","단일",D000666,Ofloxacin,"오플록사신","","필름코팅정",199401661,"파비스오플록사신정",19941015,"(주)한국파비스제약","흰색의 원형 필름코팅정제",06290,"기타의 화학요법제","전문의약품","[M081639]오플록사신",20140109,"- 안전성 및 유효성 미확립- 몇몇 어린 동물종에서 관절이상을 유발함","","Ofloxacin(오플록사신)",20260323
"특정연령대금기","단일",D000666,Ofloxacin,"오플록사신","","필름코팅정",199401911,"오베나신정200mg(오플록사신)(수출용)",19940924,"(주)휴온스","흰색의 장방형 필름코팅정",06290,"기타의 화학요법제","전문의약품","[M081639]오플록사신",20140109,"- 안전성 및 유효성 미확립- 몇몇 어린 동물종에서 관절이상을 유발함","","Ofloxacin(오플록사신)",20260323
"특정연령대금기","단일",D000666,Ofloxacin,"오플록사신","","필름코팅정",199402353,"코러스오플록사신100밀리그람정(수출용)",19940628,"한국코러스(주)","백색내지 미황백색의 원형 필름코팅정",06290,"기타의 화학요법제","전문의약품","[M081639]오플록사신",20140109,"- 안전성 및 유효성 미확립- 몇몇 어린 동물종에서 관절이상을 유발함","","Ofloxacin(오플록사신)",20260323
"특정연령대금기","단일",D000666,Ofloxacin,"오플록사신","","필름코팅정",199402367,"코러스오플록사신정200mg(수출명:TOFLOXIN TAB.,KroflinTab.,Korucin Tab.,Superox Tab.)",19940628,"한국코러스(주)","백색의 원형 필름코팅정제",06290,"기타의 화학요법제","전문의약품","[M081639]오플록사신/[M081639]오플록사신",20140109,"- 안전성 및 유효성 미확립- 몇몇 어린 동물종에서 관절이상을 유발함","","Ofloxacin(오플록사신)",20260323
"특정연령대금기","단일",D000666,Ofloxacin,"오플록사신","","용액주사제",199500311,"에펙신주(오플록사신)",19951018,"일동제약(주)","미황색의 액이 든 무색 바이알 주사제.",06290,"기타의 화학요법제","전문의약품","[M081639]오플록사신",20140109,"- 안전성 및 유효성 미확립- 몇몇 어린 동물종에서 관절이상을 유발함","","Ofloxacin(오플록사신)",20260323
"특정연령대금기","단일",D000425,"Metoclopramide Hydrochloride Hydrate","메토클로프라미드염산염수화물","","용액주사제",199500497,"멕쿨주(메토클로프라미드염산염)",19950408,"(주)제일제약","무색 투명한 유리용기에 든 무색-담황색의 등명한 액으로 쓴맛과 짠맛이 있다.",02390,"기타의 소화기관용약","전문의약품","[M223013]메토클로프라미드염산염수화물",20140109,"추체외로장애 위험성 증가","","Metoclopramide Hydrochloride Hydrate(메토클로프라미드염산염수화물)",20220331
"특정연령대금기","단일",D000309,Piroxicam,"피록시캄","","용액주사제",199501546,"대화피록시캄주(피록시캄)(수출용)(수출명:PIC-20INJ.)",19950615,"대화제약(주)","미황색의 액체가 충진된 갈색앰플 주사제",01140,"해열.진통.소염제","전문의약품","[M071634]피록시캄",20140109,"벤질알코올은 조숙아에게서 치명적인 가쁜 호흡증상과 연관이 있는 것으로 보고됨","","Piroxicam(피록시캄)",20240522
"특정연령대금기","단일",D000666,Ofloxacin,"오플록사신","","필름코팅정",199501728,"넬슨오플록사신정200밀리그람(수출명:OXLACEFTab)(수출명:OFLOXACEFTab.)(수출명:OFLOMORETab)(수출명:NESALICEFTab.)",19951006,"한국넬슨제약(주)","국내용: 백색의 원형 필름코팅정수출용: 백색의 장방형 필름코팅정",06290,"기타의 화학요법제","전문의약품","[M081639]오플록사신",20140109,"- 안전성 및 유효성 미확립- 몇몇 어린 동물종에서 관절이상을 유발함","","Ofloxacin(오플록사신)",20260323
"특정연령대금기","단일",D000666,Ofloxacin,"오플록사신","","필름코팅정",199502431,"네가박트정200밀리그램(오플록사신)(수출용)",19950524,"(주)유영제약","백색 내지 미황백색의 원형 필름코팅정",06290,"기타의 화학요법제","전문의약품","[M081639]오플록사신",20140109,"- 안전성 및 유효성 미확립- 몇몇 어린 동물종에서 관절이상을 유발함","","Ofloxacin(오플록사신)",20260323
"특정연령대금기","단일",D000666,Ofloxacin,"오플록사신","","필름코팅정",199502582,"삼익오플록사신정",19950925,"삼익제약(주)","흰색의 장방형 필름코팅정제",06290,"기타의 화학요법제","전문의약품","[M081639]오플록사신",20140109,"- 안전성 및 유효성 미확립- 몇몇 어린 동물종에서 관절이상을 유발함","","Ofloxacin(오플록사신)",20260323
"특정연령대금기","단일",D000781,"Perphenazine Hydrochloride","페르페나진염산염","","용액주사제",199600631,"페로친주(페르페나진염산염)(수출용)",19960212,"(주)제일제약","무색 내지 엷은 황색의 투명한 액이 든 갈색 투명한 앰플주사제",01170,"정신신경용제","전문의약품","[M232514]페르페나진염산염",20140109,"추체외로증상 특히 운동장애가 나타나기 쉬움","","Perphenazine Hydrochloride(페르페나진염산염)",20180302
"특정연령대금기","단일",D000666,Ofloxacin,"오플록사신","","필름코팅정",199602013,"넬슨오플록사신정100밀리그램(오플록사신)",19960701,"한국넬슨제약(주)","흰색내지 미황백색의 원형 필름코팅정",06290,"기타의 화학요법제","전문의약품","[M081639]오플록사신",20140109,"- 안전성 및 유효성 미확립- 몇몇 어린 동물종에서 관절이상을 유발함","","Ofloxacin(오플록사신)",20260323
"특정연령대금기","단일",D000666,Ofloxacin,"오플록사신","","필름코팅정",199603322,"엑센정(오플록사신)",19960406,"대한뉴팜(주)","흰색의 원형 필름코팅정(수출용: 백색의 원형 필름코팅정제)",06290,"기타의 화학요법제","전문의약품","[M081639]오플록사신/[M081639]오플록사신/[M081639]오플록사신",20140109,"- 안전성 및 유효성 미확립- 몇몇 어린 동물종에서 관절이상을 유발함","","Ofloxacin(오플록사신)",20260323
"특정연령대금기","단일",D000666,Ofloxacin,"오플록사신","","필름코팅정",199701480,"다비드정200밀리그람(오플록사신)[수출명:FUKOOCIN](수출용)",19970926,"(주)동구바이오제약","백색의 필름코팅정",06290,"기타의 화학요법제","전문의약품","[M081639]오플록사신",20140109,"- 안전성 및 유효성 미확립- 몇몇 어린 동물종에서 관절이상을 유발함","","Ofloxacin(오플록사신)",20260323
"특정연령대금기","단일",D000605,Norfloxacin,"노르플록사신","","경질캡슐제, 산제",199701631,"파마노르플록사신캡슐200밀리그람(수출용)",19970804,"(주)한국파마","백색 분말이 든 상.하-주황색의 캅셀제이다.",06290,"기타의 화학요법제","전문의약품","[M081284]노르플록사신",20140109,"- 안전성 및 유효성 미확립- 퀴놀론계 항균제는 몇몇 어린 동물종에서 관절병증, 뼈연골증을 유발함","","Norfloxacin(노르플록사신)",20220327
"특정연령대금기","단일",D000605,Norfloxacin,"노르플록사신","","경질캡슐제, 산제",199701632,"파마노르플록사신캡슐400밀리그람(수출명: 노르플록스캡슐400, 노르신캡슐400밀리그람. 유로사신캡슐)(수출용)",19970804,"(주)한국파마","백색 분말이 든 상-청남색, 하-백색의 캅셀제이다.",06290,"기타의 화학요법제","전문의약품","[M081284]노르플록사신",20140109,"- 안전성 및 유효성 미확립- 퀴놀론계 항균제는 몇몇 어린 동물종에서 관절병증, 뼈연골증을 유발함","","Norfloxacin(노르플록사신)",20220327
"특정연령대금기","단일",D000605,Norfloxacin,"노르플록사신","","필름코팅정",199702940,"휴온스노르플록사신정400mg(수출명 : UNINOX Tab., NORBEK Tablet.)(수출용)",19971209,"(주)휴온스","(수출용1) 회색의 장방형 필름 코팅정(수출용2) 흰색의 장방형 필름 코팅정",06290,"기타의 화학요법제","전문의약품","[M081284]노르플록사신/[M081284]노르플록사신",20140109,"- 안전성 및 유효성 미확립- 퀴놀론계 항균제는 몇몇 어린 동물종에서 관절병증, 뼈연골증을 유발함","","Norfloxacin(노르플록사신)",20220327
"특정연령대금기","단일",D000605,Norfloxacin,"노르플록사신","","필름코팅정",199703359,"노플록신정200밀리그람(노르플록사신)(수출용)",19970429,"한국코러스(주)","백색의 원형 필름코팅정제이다.",06290,"기타의 화학요법제","전문의약품","[M081284]노르플록사신",20140109,"- 안전성 및 유효성 미확립- 퀴놀론계 항균제는 몇몇 어린 동물종에서 관절병증, 뼈연골증을 유발함","","Norfloxacin(노르플록사신)",20220327
"특정연령대금기","단일",D000605,Norfloxacin,"노르플록사신","","필름코팅정",199703360,"노플록신정400밀리그람(노르플록사신)(수출명 : Nofexin)(수출용)",19970429,"한국코러스(주)","백색의 장방형 필름코팅정제",06290,"기타의 화학요법제","전문의약품","[M081284]노르플록사신",20140109,"- 안전성 및 유효성 미확립- 퀴놀론계 항균제는 몇몇 어린 동물종에서 관절병증, 뼈연골증을 유발함","","Norfloxacin(노르플록사신)",20220327
"특정연령대금기","단일",D000666,Ofloxacin,"오플록사신","","필름코팅정",199703543,"엑센정200mg(오플록사신)(수출명:TRUTACINTab.)(수출용)",19970612,"대한뉴팜(주)","백색의 원형필름코팅정제(베트남수출용:백색의 장방형 필름코팅정제)",06290,"기타의 화학요법제","전문의약품","[M081639]오플록사신/[M081639]오플록사신",20140109,"- 안전성 및 유효성 미확립- 몇몇 어린 동물종에서 관절이상을 유발함","","Ofloxacin(오플록사신)",20260323
"특정연령대금기","단일",D000666,Ofloxacin,"오플록사신","","필름코팅정",199703570,"안플레임정(오플록사신)",19970603,"한국프라임제약(주)","흰색 내지 미황백색의 원형 필름코팅정제",06290,"기타의 화학요법제","전문의약품","[M081639]오플록사신",20140109,"- 안전성 및 유효성 미확립- 몇몇 어린 동물종에서 관절이상을 유발함","","Ofloxacin(오플록사신)",20260323
"특정연령대금기","단일",D000631,Mesalazine,"메살라진","","항문용좌제, 수용성",199704520,"펜타사좌약(메살라진)",19971206,"한국페링제약(주)","흰색-엷은 황갈색의 반점이 있는 방추형 좌약",02390,"기타의 소화기관용약","전문의약품","[M083890]메살라진",20140109,-,"","Mesalazine(메살라진)",20260701
"특정연령대금기","단일",D000631,Mesalazine,"메살라진","","장용성필름코팅정",199903215,"메진정500mg(메살라진)(수출용)",19990831,"(주)휴온스","황색의 장방형 장용성 필름코팅정",02390,"기타의 소화기관용약","전문의약품","[M083890]메살라진",20140109,_,"","Mesalazine(메살라진)",20221011
"특정연령대금기","단일",D000605,Norfloxacin,"노르플록사신","","필름코팅정",199904124,"노프린정(노르플록사신)(수출용)",19990720,"대한뉴팜(주)","백색의 타원형의 필름코팅정제",06290,"기타의 화학요법제","전문의약품","[M081284]노르플록사신",20140109,"- 안전성 및 유효성 미확립- 퀴놀론계 항균제는 몇몇 어린 동물종에서 관절병증, 뼈연골증을 유발함","","Norfloxacin(노르플록사신)",20220327
"특정연령대금기","단일",D000418,Repaglinide,"레파글리니드","","나정",199907080,"노보넘정2.0밀리그람(레파글리니드)",19990421,"노보노디스크제약(주)","볼록한 적색의 원형정제",03960,"당뇨병용제","전문의약품","[M088889]레파글리니드",20140109,"안전성 및 유효성 미확립","","Repaglinide(레파글리니드)",20170302
"특정연령대금기","단일",D000418,Repaglinide,"레파글리니드","","나정",199907081,"노보넘정1.0밀리그람(레파글리니드)",19990421,"노보노디스크제약(주)","볼록한 황색의 원형정제",03960,"당뇨병용제","전문의약품","[M088889]레파글리니드",20140109,"안전성 및 유효성 미확립","","Repaglinide(레파글리니드)",20170302
"특정연령대금기","단일",D000666,Ofloxacin,"오플록사신","","필름코팅정",200001756,"파마오플록사신정200밀리그람(수출명:프록스아비드정, 오플락정)(수출용)",20000512,"(주)한국파마","백색의 장방형 필름코팅정제이다",06290,"기타의 화학요법제","전문의약품","[M081639]오플록사신",20140109,"- 안전성 및 유효성 미확립- 몇몇 어린 동물종에서 관절이상을 유발함","","Ofloxacin(오플록사신)",20260323
"특정연령대금기","단일",D000326,"Milnacipran Hydrochloride","밀나시프란염산염","","경질캡슐제, 산제",200001931,"익셀캡슐25밀리그램(밀나시프란염산염)",20000501,"부광약품(주)","흰색 내지 연노랑색의 분말이 충전된 상하 황분홍색의 불투명 경질캡슐",01170,"정신신경용제","전문의약품","[M251320]밀나시프란염산염",20140109,"안전성 및 유효성 미확립","","Milnacipran Hydrochloride(밀나시프란염산염)",20200420
"특정연령대금기","단일",D000326,"Milnacipran Hydrochloride","밀나시프란염산염","","경질캡슐제, 산제",200001932,"익셀캡슐50밀리그램(밀나시프란염산염)",20000501,"부광약품(주)","흰색 내지 연노랑색의 분말이 충전된 상의 황분홍색, 하의 밝은 적갈색의 불투명 경질캡슐",01170,"정신신경용제","전문의약품","[M251320]밀나시프란염산염",20140109,"안전성 및 유효성 미확립","","Milnacipran Hydrochloride(밀나시프란염산염)",20200420
"특정연령대금기","단일",D000633,"Mometasone Furoate","모메타손푸로에이트","","피부크림제",200008955,"에로콤크림(모메타손푸로에이트)",20000414,"한국오가논(주)","전질균등한 백색 내지 미백색의 크림",02640,"진통.진양.수렴.소염제","전문의약품","[M070188]모메타손푸로에이트",20140109,"소아는 체중당 체표면적의 비율이 성인보다 커서 코르티코이드로 인해 HPA축(시상하부-뇌하수체-부신 축) 억제, 쿠싱증후군, 발육장애, 두개내압항진 등이 나타나기 쉬움","","Mometasone Furoate(모메타손푸로에이트)",20180413
"특정연령대금기","단일",D000309,Piroxicam,"피록시캄","","용액주사제",200101498,"유니온피록시캄주",20010426,"한국유니온제약(주)","엷은 황색의 액이 들어있는 갈색의 앰플",01140,"해열.진통.소염제","전문의약품","[M071634]피록시캄",20140109,"벤질알코올은 조숙아에게서 치명적인 가쁜 호흡증상과 연관이 있는 것으로 보고됨","","Piroxicam(피록시캄)",20240522
"특정연령대금기","단일",D000307,Piracetam,"피라세탐","","용액주사제",200101536,"피-세탐주사(피라세탐)(수출용)",20010917,"(주)한국파마","무색-미황색 액이 든 갈색 앰플 (수출용 : 무색투명한 액이 들어있는 무색투명한 앰플)",01190,"기타의 중추신경용약","전문의약품","[M101651]피라세탐/[M101651]피라세탐",20140109,_,"","Piracetam(피라세탐)",20180110
"특정연령대금기","단일",D000210,"Calcium Polystyrene Sulfonate","폴리스티렌설폰산칼슘","","현탁액용산제",200102202,"카슈트산(폴리스티렌설폰산칼슘)",20010131,"하이플생명과학(주)","백색 또는 담황색의 분말로 된 산제이다.",02190,"기타의 순환계용약","전문의약품","[M081346]폴리스티렌설폰산칼슘",20230705,_,"","Calcium Polystyrene Sulfonate(폴리스티렌설폰산칼슘)",20241025
"특정연령대금기","단일",D000210,"Calcium Polystyrene Sulfonate","폴리스티렌설폰산칼슘","","경구용현탁액제",200102214,"카슈트현탁액(폴리스티렌설폰산칼슘)",20010712,"하이플생명과학(주)","박하향: 박하향과 감미가 있는 담황색의 현탁액바나나향: 바나나향과 감미가 있는 담황색의 현탁액",02190,"기타의 순환계용약","전문의약품","[M081346]폴리스티렌설폰산칼슘/[M081346]폴리스티렌설폰산칼슘",20230705,_,"","Calcium Polystyrene Sulfonate(폴리스티렌설폰산칼슘)",20241025
"특정연령대금기","단일",D000309,Piroxicam,"피록시캄","","용액주사제",200103725,"헬렌주20mg(피록시캄)(수출용)",20010806,"대한뉴팜(주)","무색 투명한 액체가 들어있는 갈색 앰플",01140,"해열.진통.소염제","전문의약품","[M071634]피록시캄",20140109,"벤질알코올은 조숙아에게서 치명적인 가쁜 호흡증상과 연관이 있는 것으로 보고됨","","Piroxicam(피록시캄)",20200730
"특정연령대금기","단일",D000666,Ofloxacin,"오플록사신","","필름코팅정",200103860,"안플레임정200밀리그램(오플록사신)(수출용)",20010917,"한국프라임제약(주)","1. 백색의 장방형 필름코팅정제2. 백색의 원형 필름코팅정제",06290,"기타의 화학요법제","전문의약품","[M081639]오플록사신/[M081639]오플록사신",20140109,"- 안전성 및 유효성 미확립- 몇몇 어린 동물종에서 관절이상을 유발함","","Ofloxacin(오플록사신)",20260323
"특정연령대금기","단일",D000210,"Calcium Polystyrene Sulfonate","폴리스티렌설폰산칼슘","","젤리형겔",200108883,"아가메이트젤리(폴리스티렌설폰산칼슘)",20011113,"제이더블유중외제약(주)","이 약은 냄새가 없거나 또는 약간 특이한 냄새가 있으며, 맛은 달고, 색깔은 담황백색~담황색의 젤리이다.",02190,"기타의 순환계용약","전문의약품","[M081346]폴리스티렌설폰산칼슘",20230705,_,"","Calcium Polystyrene Sulfonate(폴리스티렌설폰산칼슘)",20241025
"특정연령대금기","단일",D000307,Piracetam,"피라세탐","","용액주사제",200200514,"피라탐주200mg/mL(피라세탐)",20020413,"(주)제일제약","무색투명한 액이 무색투명한 앰플 또는 바이알에 든 주사제(수출용: 무색투명한 액이 들어 있는 갈색앰플)",01190,"기타의 중추신경용약","전문의약품","[M101651]피라세탐",20140109,_,"","Piracetam(피라세탐)",20090827
"특정연령대금기","단일",D000210,"Calcium Polystyrene Sulfonate","폴리스티렌설폰산칼슘","","과립제",200200768,"카리메트과립(폴리스티렌설폰산칼슘)",20020501,"알보젠코리아(주)","흰색 또는 담황색의 과립제",02190,"기타의 순환계용약","전문의약품","[M081346]폴리스티렌설폰산칼슘",20230705,_,"","Calcium Polystyrene Sulfonate(폴리스티렌설폰산칼슘)",20241025
"특정연령대금기","단일",D000633,"Mometasone Furoate","모메타손푸로에이트","","피부크림제",200201124,"더모타손엠엘이크림(모메타손푸로에이트)",20020410,"(주)동구바이오제약","전질균등한 흰색 크림",02640,"진통.진양.수렴.소염제","전문의약품","[M070188]모메타손푸로에이트/[M070188]모메타손푸로에이트",20140109,"소아는 체중당 체표면적의 비율이 성인보다 커서 코르티코이드로 인해 HPA축(시상하부-뇌하수체-부신 축) 억제, 쿠싱증후군, 발육장애, 두개내압항진 등이 나타나기 쉬움","","Mometasone Furoate(모메타손푸로에이트)",20200521
"특정연령대금기","단일",D000307,Piracetam,"피라세탐","","용액주사제",200201299,"유니세탐주(피라세탐)(수출용)",20020618,"한국유니온제약(주)","(수출용 1) 무색투명한 액이 들어있는 무색투명한 앰플(수출용 2) 무색투명한 액이 들어있는 무색의 앰플",01190,"기타의 중추신경용약","전문의약품","[M101651]피라세탐/[M101651]피라세탐",20140109,_,"","Piracetam(피라세탐)",20170418
"특정연령대금기","단일",D000666,Ofloxacin,"오플록사신","","필름코팅정",200201985,"옥사비드정(오플록사신)(수출용)",20021114,"(주)테라젠이텍스","흰색의 장방형 필름코팅정제",06290,"기타의 화학요법제","전문의약품","[M081639]오플록사신",20140109,"- 안전성 및 유효성 미확립- 몇몇 어린 동물종에서 관절이상을 유발함","","Ofloxacin(오플록사신)",20260323
"특정연령대금기","단일",D000666,Ofloxacin,"오플록사신","","필름코팅정",200202286,"오펙신정(오플록사신)(수출용)",20020918,"(주)바스칸바이오제약","흰색의 장방형 필름코팅정",06290,"기타의 화학요법제","전문의약품","[M081639]오플록사신",20140109,"- 안전성 및 유효성 미확립- 몇몇 어린 동물종에서 관절이상을 유발함","","Ofloxacin(오플록사신)",20260323
"특정연령대금기","단일",D000307,Piracetam,"피라세탐","","필름코팅정",200202848,"뉴로탐정800mg(피라세탐)(수출용)",20021121,"(주)서울제약","수출용 1 : 흰색의 장방형 필름코팅정수출용 2 : 황색 또는 미황색의 장방형 필름코팅정",01190,"기타의 중추신경용약","전문의약품","[M101651]피라세탐/[M101651]피라세탐",20140109,_,"","Piracetam(피라세탐)",20170807
"특정연령대금기","단일",D000108,Pimecrolimus,"피메크로리무스","","피부크림제",200209697,"엘리델크림1%(피메크로리무스)",20021129,"한국메나리니(주)","백색의 크림제",02690,"기타의 외피용약","전문의약품","[M097515]피메크로리무스",20140109,"- 안전성 및 유효성 미확립- 영아의 면역기계 발달에 미치는 영향은 알려지지 않았음","","Pimecrolimus(피메크로리무스)",20140130
"특정연령대금기","단일",D000633,"Mometasone Furoate","모메타손푸로에이트","","피부크림제",200300107,"모리코트크림(모메타손푸로에이트)",20030422,"동광제약(주)","전질균등한 흰색크림",02640,"진통.진양.수렴.소염제","전문의약품","[M070188]모메타손푸로에이트",20140109,"소아는 체중당 체표면적의 비율이 성인보다 커서 코르티코이드로 인해 HPA축(시상하부-뇌하수체-부신 축) 억제, 쿠싱증후군, 발육장애, 두개내압항진 등이 나타나기 쉬움","","Mometasone Furoate(모메타손푸로에이트)",20200707
"특정연령대금기","단일",D000633,"Mometasone Furoate","모메타손푸로에이트","","피부크림제",200300447,"인푸라크림(모메타손푸로에이트)",20030424,"(주)바이넥스","전질균등한 백색 크림",02640,"진통.진양.수렴.소염제","전문의약품","[M070188]모메타손푸로에이트",20140109,"소아는 체중당 체표면적의 비율이 성인보다 커서 코르티코이드로 인해 HPA축(시상하부-뇌하수체-부신 축) 억제, 쿠싱증후군, 발육장애, 두개내압항진 등이 나타나기 쉬움","","Mometasone Furoate(모메타손푸로에이트)",20200521
"특정연령대금기","단일",D000633,"Mometasone Furoate","모메타손푸로에이트","","피부크림제",200300833,"라벨리아크림(모메타손푸로에이트)",20030930,"태극제약(주)","전질균등한 백색 크림",02640,"진통.진양.수렴.소염제","전문의약품","[M070188]모메타손푸로에이트",20140109,"소아는 체중당 체표면적의 비율이 성인보다 커서 코르티코이드로 인해 HPA축(시상하부-뇌하수체-부신 축) 억제, 쿠싱증후군, 발육장애, 두개내압항진 등이 나타나기 쉬움","","Mometasone Furoate(모메타손푸로에이트)",20200521
"특정연령대금기","단일",D000633,"Mometasone Furoate","모메타손푸로에이트","","피부크림제",200301015,"테리손크림(모메타손푸로에이트)",20031203,"(주)메디카코리아","흰색의 크림제",02640,"진통.진양.수렴.소염제","전문의약품","[M070188]모메타손푸로에이트",20140109,"소아는 체중당 체표면적의 비율이 성인보다 커서 코르티코이드로 인해 HPA축(시상하부-뇌하수체-부신 축) 억제, 쿠싱증후군, 발육장애, 두개내압항진 등이 나타나기 쉬움","","Mometasone Furoate(모메타손푸로에이트)",20200521
"특정연령대금기","단일",D000633,"Mometasone Furoate","모메타손푸로에이트","","피부크림제",200301215,"더미손크림(모메타손푸로에이트)",20031020,"(주)한국파마","내수용) 전질균등한 흰색의 크림제수출용) 전질 균등한 흰색 무취의 크림제",02640,"진통.진양.수렴.소염제","전문의약품","[M070188]모메타손푸로에이트/[M070188]모메타손푸로에이트",20140109,"소아는 체중당 체표면적의 비율이 성인보다 커서 코르티코이드로 인해 HPA축(시상하부-뇌하수체-부신 축) 억제, 쿠싱증후군, 발육장애, 두개내압항진 등이 나타나기 쉬움","","Mometasone Furoate(모메타손푸로에이트)",20200521
"특정연령대금기","단일",D000633,"Mometasone Furoate","모메타손푸로에이트","","피부크림제",200301485,"모메손크림(모메타손푸로에이트)",20031013,"오스틴제약(주)","흰색의 크림제",02640,"진통.진양.수렴.소염제","전문의약품","[M070188]모메타손푸로에이트",20140109,"소아는 체중당 체표면적의 비율이 성인보다 커서 코르티코이드로 인해 HPA축(시상하부-뇌하수체-부신 축) 억제, 쿠싱증후군, 발육장애, 두개내압항진 등이 나타나기 쉬움","","Mometasone Furoate(모메타손푸로에이트)",20200521
"특정연령대금기","단일",D000633,"Mometasone Furoate","모메타손푸로에이트","","피부크림제",200301497,"프레타손크림(모메타손푸로에이트)",20030303,"대화제약(주)","전질이 균등한 흰색 크림",02640,"진통.진양.수렴.소염제","전문의약품","[M070188]모메타손푸로에이트",20140109,"소아는 체중당 체표면적의 비율이 성인보다 커서 코르티코이드로 인해 HPA축(시상하부-뇌하수체-부신 축) 억제, 쿠싱증후군, 발육장애, 두개내압항진 등이 나타나기 쉬움","","Mometasone Furoate(모메타손푸로에이트)",20200521
"특정연령대금기","단일",D000666,Ofloxacin,"오플록사신","","필름코팅정",200301503,"대화오플록사신정200밀리그람(수출용)(수출명:DAEHWAOFLOXACIN200mgtab,PHILALPIL)",20030918,"대화제약(주)","흰색의 장방형 필름코팅정",06290,"기타의 화학요법제","전문의약품","[M081639]오플록사신",20140109,"- 안전성 및 유효성 미확립- 몇몇 어린 동물종에서 관절이상을 유발함","","Ofloxacin(오플록사신)",20260323
"특정연령대금기","단일",D000666,Ofloxacin,"오플록사신","","필름코팅정",200301572,"영일오플록사신정200mg(수출용)(수출명:TabidTab.200mg)",20031029,"영일제약(주)","백색 장방형의 필름코팅정",06290,"기타의 화학요법제","전문의약품","[M081639]오플록사신",20140109,"- 안전성 및 유효성 미확립- 몇몇 어린 동물종에서 관절이상을 유발함","","Ofloxacin(오플록사신)",20260323
"특정연령대금기","단일",D000307,Piracetam,"피라세탐","","경질캡슐제, 산제",200301641,"피라젬캡슐400밀리그람(피라세탐)(수출용)(수출명:DACERAMCaps400mg,PIRANCAPCap.400mg)",20030515,"(주)테라젠이텍스","백색의 분말이 충진된 상부는 연등색, 하부는 담황색의 경질캡슐",01190,"기타의 중추신경용약","전문의약품","[M101651]피라세탐",20140109,_,"","Piracetam(피라세탐)",20040423
"특정연령대금기","단일",D000307,Piracetam,"피라세탐","","경질캡슐제, 산제",200301999,"알파피라세탐캡슐(수출용)[수출명:피락탐캡슐,알피탐캡슐]",20031229,"알파제약(주)","상부 주황색 하부 백색의 캡슐제",01190,"기타의 중추신경용약","전문의약품","[M101651]피라세탐",20140109,_,"","Piracetam(피라세탐)",20120608
"특정연령대금기","단일",D000307,Piracetam,"피라세탐","","용액주사제",200302123,"아이라탐주사(피라세탐)(수출용)(수출명 : PIRAJECT INJ., PIRANJECT INJ.,AEYEROP Inj., SEOBA Inj.)",20030409,"(주)휴온스","무색 투명한 액이 들어있는 갈색 앰플",01190,"기타의 중추신경용약","전문의약품","[M101651]피라세탐",20140109,_,"","Piracetam(피라세탐)",20150623
"특정연령대금기","단일",D000307,Piracetam,"피라세탐","","필름코팅정",200302135,"휴온스피라세탐정800㎎(수출용)",20030707,"(주)휴온스","황색의 장방형 필름코팅정",01190,"기타의 중추신경용약","전문의약품","[M101651]피라세탐",20140109,_,"","Piracetam(피라세탐)",20130704
"특정연령대금기","단일",D000605,Norfloxacin,"노르플록사신","","필름코팅정",200302533,"노프린정200밀리그람(노르플록사신)(수출용)",20030527,"대한뉴팜(주)","백색의 원형 필름코팅정",06290,"기타의 화학요법제","전문의약품","[M081284]노르플록사신",20140109,"- 안전성 및 유효성 미확립- 퀴놀론계 항균제는 몇몇 어린 동물종에서 관절병증, 뼈연골증을 유발함","","Norfloxacin(노르플록사신)",20220327
"특정연령대금기","단일",D000631,Mesalazine,"메살라진","","관장제",200307868,"아사콜관장액4그람/100밀리리터(메살라진)",20030731,"(주)대웅제약","흰색 불투명한 폴리에틸렌 용기에 들어있는 갈색현탁액",02390,"기타의 소화기관용약","전문의약품","[M083890]메살라진",20140109,"안전성 및 유효성 미확립","","Mesalazine(메살라진)",20260701
"특정연령대금기","단일",D000631,Mesalazine,"메살라진","","항문용좌제, 지용성",200307870,"아사콜좌약500밀리그람(메살라진)",20031121,"(주)대웅제약","회갈색의 방추형 좌약",02390,"기타의 소화기관용약","전문의약품","[M083890]메살라진",20140109,-,"","Mesalazine(메살라진)",20260701
"특정연령대금기","단일",D000631,Mesalazine,"메살라진","","장용성필름코팅정",200400465,"아사콜디알정400밀리그람(메살라진)",20040325,"(주)대웅제약","적갈색의 장방형 장용코팅정",02390,"기타의 소화기관용약","전문의약품","[M083890]메살라진",20140109,_,"","Mesalazine(메살라진)",20260701
"특정연령대금기","단일",D000633,"Mometasone Furoate","모메타손푸로에이트","","피부로션제",200401148,"라벨리아로션(모메타손푸로에이트)",20040715,"태극제약(주)","흰색 또는 엷은 황색의 로션제",02640,"진통.진양.수렴.소염제","전문의약품","[M070188]모메타손푸로에이트",20140109,"소아는 체중당 체표면적의 비율이 성인보다 커서 코르티코이드로 인해 HPA축(시상하부-뇌하수체-부신 축) 억제, 쿠싱증후군, 발육장애, 두개내압항진 등이 나타나기 쉬움","","Mometasone Furoate(모메타손푸로에이트)",20200521
"특정연령대금기","단일",D000633,"Mometasone Furoate","모메타손푸로에이트","","피부로션제",200401482,"더모타손엠엘이로션(모메타손푸로에이트)",20040520,"(주)동구바이오제약","흰색 또는 엷은 황색의 로션제",02640,"진통.진양.수렴.소염제","전문의약품","[M070188]모메타손푸로에이트",20140109,"소아는 체중당 체표면적의 비율이 성인보다 커서 코르티코이드로 인해 HPA축(시상하부-뇌하수체-부신 축) 억제, 쿠싱증후군, 발육장애, 두개내압항진 등이 나타나기 쉬움","","Mometasone Furoate(모메타손푸로에이트)",20200521
"특정연령대금기","단일",D000666,Ofloxacin,"오플록사신","","필름코팅정",200401657,"유니온오플록사신정200mg(수출용)",20040922,"한국유니온제약(주)","백색의 장방형 필름코팅정",06290,"기타의 화학요법제","전문의약품","[M081639]오플록사신",20140109,"- 안전성 및 유효성 미확립- 몇몇 어린 동물종에서 관절이상을 유발함","","Ofloxacin(오플록사신)",20260323
"특정연령대금기","단일",D000666,Ofloxacin,"오플록사신","","필름코팅정",200401862,"셀릭스오플록사신정100밀리그램",20040708,"(주)셀릭스","흰색의 원형 필름코팅정",06290,"기타의 화학요법제","전문의약품","[M081639]오플록사신",20140109,"- 안전성 및 유효성 미확립- 몇몇 어린 동물종에서 관절이상을 유발함","","Ofloxacin(오플록사신)",20260323
"특정연령대금기","단일",D000307,Piracetam,"피라세탐","","나정",200402118,"게리탐정400mg(피라세탐)(수출명:GERITAM,PILOTEL)(수출용)",20040528,"대화제약(주)","백색의 장방형 정제",01190,"기타의 중추신경용약","전문의약품","[M101651]피라세탐",20140109,_,"","Piracetam(피라세탐)",20050422
"특정연령대금기","단일",D000666,Ofloxacin,"오플록사신","","필름코팅정",200402467,"팜젠오플록사신정",20040803,"(주)팜젠사이언스","흰색내지 미황백색의 원형 필름코팅정",06290,"기타의 화학요법제","전문의약품","[M081639]오플록사신",20140109,"- 안전성 및 유효성 미확립- 몇몇 어린 동물종에서 관절이상을 유발함","","Ofloxacin(오플록사신)",20260323
"특정연령대금기","단일",D000666,Ofloxacin,"오플록사신","","필름코팅정",200403118,"오베나신정400밀리그램(오플록사신)(수출용)",20040209,"(주)휴온스","백색의 장방형 필름코팅정",06290,"기타의 화학요법제","전문의약품","[M081639]오플록사신",20140109,"- 안전성 및 유효성 미확립- 몇몇 어린 동물종에서 관절이상을 유발함","","Ofloxacin(오플록사신)",20260323
"특정연령대금기","단일",D000633,"Mometasone Furoate","모메타손푸로에이트","","피부크림제",200404664,"제뉴원모메타손크림(모메타손푸로에이트)",20040324,"주식회사제뉴원사이언스","[내수용]전질균등한 백색무취의 크림제[수출용]전질균등한 흰색 크림",02640,"진통.진양.수렴.소염제","전문의약품","[M070188]모메타손푸로에이트/[M070188]모메타손푸로에이트",20140109,"소아는 체중당 체표면적의 비율이 성인보다 커서 코르티코이드로 인해 HPA축(시상하부-뇌하수체-부신 축) 억제, 쿠싱증후군, 발육장애, 두개내압항진 등이 나타나기 쉬움","","Mometasone Furoate(모메타손푸로에이트)",20210118
"특정연령대금기","단일",D000666,Ofloxacin,"오플록사신","","필름코팅정",200404693,"제뉴원오플록사신정",20040619,"주식회사제뉴원사이언스","백색내지 미황백색의 원형 필름코팅정",06290,"기타의 화학요법제","전문의약품","[M081639]오플록사신",20140109,"- 안전성 및 유효성 미확립- 몇몇 어린 동물종에서 관절이상을 유발함","","Ofloxacin(오플록사신)",20260323
"특정연령대금기","단일",D000246,"Sildenafil Citrate","실데나필시트르산염","","필름코팅정",200410082,"비아그라정50밀리그람(실데나필시트르산염)",20040503,"비아트리스코리아(주)","약간 둥근 다이아몬드형의 푸른색 필름코팅정",02590,"기타의 비뇨생식기관 및 항문용약","전문의약품","[M252789]실데나필시트르산염",20140109,_,"","Sildenafil Citrate(실데나필시트르산염)",20170811
"특정연령대금기","단일",D000246,"Sildenafil Citrate","실데나필시트르산염","","필름코팅정",200410083,"비아그라정100밀리그람(실데나필시트르산염)",20040503,"비아트리스코리아(주)","약간 둥근 다이아몬드형의 푸른색 필름코팅정",02590,"기타의 비뇨생식기관 및 항문용약","전문의약품","[M252789]실데나필시트르산염",20140109,_,"","Sildenafil Citrate(실데나필시트르산염)",20170811
"특정연령대금기","단일",D000666,Ofloxacin,"오플록사신","","필름코팅정",200500476,"셀트리온오플록신정100밀리그램(오플록사신)",20050930,"(주)셀트리온제약","백색내지 미황백색의 원형 필름코팅정",06290,"기타의 화학요법제","전문의약품","[M081639]오플록사신",20140109,"- 안전성 및 유효성 미확립- 몇몇 어린 동물종에서 관절이상을 유발함","","Ofloxacin(오플록사신)",20260323
"특정연령대금기","단일",D000633,"Mometasone Furoate","모메타손푸로에이트","","피부로션제",200502369,"큐어덤로션(모메타손푸로에이트)",20050629,"위더스제약(주)","흰색의 전질 균등한 로션제",02640,"진통.진양.수렴.소염제","전문의약품","[M070188]모메타손푸로에이트",20140109,"소아는 체중당 체표면적의 비율이 성인보다 커서 코르티코이드로 인해 HPA축(시상하부-뇌하수체-부신 축) 억제, 쿠싱증후군, 발육장애, 두개내압항진 등이 나타나기 쉬움","","Mometasone Furoate(모메타손푸로에이트)",20201228
"특정연령대금기","단일",D000307,Piracetam,"피라세탐","","용액주사제",200503160,"대한뉴팜피라세탐주(수출용)",20050802,"대한뉴팜(주)","무색투명한 액이 들어있는 갈색앰플",01190,"기타의 중추신경용약","전문의약품","[M101651]피라세탐/[M101651]피라세탐/[M101651]피라세탐",20140109,_,"","Piracetam(피라세탐)",20160927
"특정연령대금기","단일",D000666,Ofloxacin,"오플록사신","","필름코팅정",200600657,"코러스오플록사신정400mg(수출용)",20060110,"한국코러스(주)","흰색의장방형필름코팅정제",06290,"기타의 화학요법제","전문의약품","[M081639]오플록사신",20140109,"- 안전성 및 유효성 미확립- 몇몇 어린 동물종에서 관절이상을 유발함","","Ofloxacin(오플록사신)",20260323
"특정연령대금기","단일",D000666,Ofloxacin,"오플록사신","","필름코팅정",200606976,"인터메딕오플록사신정(수출용)(수출명:BELOX tablet)",20060714,"천우신약(주)","백색의 타원형 필름코팅정",06290,"기타의 화학요법제","전문의약품","[M081639]오플록사신",20140109,"- 안전성 및 유효성 미확립- 몇몇 어린 동물종에서 관절이상을 유발함","","Ofloxacin(오플록사신)",20260323
"특정연령대금기","단일",D000307,Piracetam,"피라세탐","","용액주사제",200612029,"이텍스피라세탐주1그람(피라세탐)(수출용)",20061128,"(주)테라젠이텍스","무색 투명한 액이 들어있는 갈색 앰플",01190,"기타의 중추신경용약","전문의약품","[M101651]피라세탐/[M101651]피라세탐",20140109,_,"","Piracetam(피라세탐)",20140509
"특정연령대금기","단일",D000666,Ofloxacin,"오플록사신","","필름코팅정",200701745,"삼천당오플록사신정200밀리그람(수출명:오퍼스정200밀리그람, ofus200)(수출용)",20070208,"삼천당제약(주)","백색 내지 미황색의 필름코팅정",06290,"기타의 화학요법제","전문의약품","[M081639]오플록사신",20140109,"- 안전성 및 유효성 미확립- 몇몇 어린 동물종에서 관절이상을 유발함","","Ofloxacin(오플록사신)",20260323
"특정연령대금기","단일",D000666,Ofloxacin,"오플록사신","","필름코팅정",200702240,"에펙신정200밀리그램(오플록사신)(수출용)",20070221,"일동제약(주)","백색의 원형 필름코팅정제",06290,"기타의 화학요법제","전문의약품","[M081639]오플록사신/[M081639]오플록사신",20140109,"- 안전성 및 유효성 미확립- 몇몇 어린 동물종에서 관절이상을 유발함","","Ofloxacin(오플록사신)",20221205
"특정연령대금기","단일",D000307,Piracetam,"피라세탐","","경질캡슐제, 산제",200705144,"천우 피라세탐캡슐(수출용)(수출명 : CIRBRAIN Cap.)",20070503,"천우신약(주)","백색의 분말이 충진된 상부 녹색, 하부 백색의 경질캡슐제",01190,"기타의 중추신경용약","전문의약품","[M101651]피라세탐",20140109,_,"","Piracetam(피라세탐)",20180209
"특정연령대금기","단일",D000307,Piracetam,"피라세탐","","용액주사제",200705178,"피리마쓰주(피라세탐)(수출명: Pirimas Inj.)(수출용)",20070507,"화일약품(주)","무색투명한 액이 들어있는 갈색앰플",01190,"기타의 중추신경용약","전문의약품","[M101651]피라세탐",20140109,_,"","Piracetam(피라세탐)",20090320
"특정연령대금기","단일",D000666,Ofloxacin,"오플록사신","","필름코팅정",200707959,"삼익오플록사신정200mg(수출용)(수출명: ABITACIN Tab., OXACIN Tab.)",20070710,"삼익제약(주)","흰색의 장방형 필름코팅정제",06290,"기타의 화학요법제","전문의약품","[M081639]오플록사신",20140109,"- 안전성 및 유효성 미확립- 몇몇 어린 동물종에서 관절이상을 유발함","","Ofloxacin(오플록사신)",20260323
"특정연령대금기","단일",D000128,"Mirodenafil Hydrochloride","염산미로데나필","","필름코팅정",200708298,"엠빅스정50밀리그램(미로데나필염산염)",20070718,"에스케이케미칼(주)","오렌지색의 탄환형 필름코팅정",02590,"기타의 비뇨생식기관 및 항문용약","전문의약품","[M214384]염산미로데나필",20140109,_,"","Mirodenafil Hydrochloride(염산미로데나필)",20160407
"특정연령대금기","단일",D000307,Piracetam,"피라세탐","","용액주사제",200709019,"브레세탐주(피라세탐)(수출용)",20070803,"대한약품공업(주)","무색~미황색의 용액이 든 갈색 앰플제",01190,"기타의 중추신경용약","전문의약품","[M101651]피라세탐",20140109,_,"","Piracetam(피라세탐)",20180330
"특정연령대금기","단일",D000309,Piroxicam,"피록시캄","","용액주사제",200713905,"대한피록시캄주",20071231,"대한약품공업(주)","엷은 황색의 용액이 든 갈색 앰플",01140,"해열.진통.소염제","전문의약품","[M071634]피록시캄/[M071634]피록시캄",20140109,"벤질알코올은 조숙아에게서 치명적인 가쁜 호흡증상과 연관이 있는 것으로 보고됨","","Piroxicam(피록시캄)",20240522
"특정연령대금기","단일",D000357,Olanzapine,"올란자핀","","필름코팅정",200808004,"싸이렉사정10밀리그램(올란자핀)(수출용)",20080722,"(주)종근당","흰색의 원형 필름코팅정",01170,"정신신경용제","전문의약품","[M089222]올란자핀",20140109,"(정제)- 안전성 및 유효성 미확립- 체중증가, 진정, 총콜레스테롤, 중성지방, LDL콜레스테롤, 프로락틴과 간 아미노트랜스퍼라제 수치가 성인에 비해 증가(주사제)- 안전성 및 유효성 미확립","","Olanzapine(올란자핀)",20201221
"특정연령대금기","단일",D000357,Olanzapine,"올란자핀","","필름코팅정",200809388,"뉴로자핀정5밀리그램(올란자핀)",20080910,"명인제약(주)","흰색의 원형 필름코팅정",01170,"정신신경용제","전문의약품","[M089222]올란자핀",20140109,"(정제)- 안전성 및 유효성 미확립- 체중증가, 진정, 총콜레스테롤, 중성지방, LDL콜레스테롤, 프로락틴과 간 아미노트랜스퍼라제 수치가 성인에 비해 증가(주사제)- 안전성 및 유효성 미확립","","Olanzapine(올란자핀)",20191209
"특정연령대금기","단일",D000357,Olanzapine,"올란자핀","","필름코팅정",200810513,"자이레핀정10밀리그램(올란자핀)",20081020,"환인제약(주)","흰색 혹은 연한 회색의 원형 필름코팅정제",01170,"정신신경용제","전문의약품","[M089222]올란자핀",20140109,"(정제)- 안전성 및 유효성 미확립- 체중증가, 진정, 총콜레스테롤, 중성지방, LDL콜레스테롤, 프로락틴과 간 아미노트랜스퍼라제 수치가 성인에 비해 증가(주사제)- 안전성 및 유효성 미확립","","Olanzapine(올란자핀)",20200226
"특정연령대금기","단일",D000666,Ofloxacin,"오플록사신","","필름코팅정",200900321,"알파오플록사신정(수출용)",20090108,"알파제약(주)","흰색의 장방형 필름코팅정제",06290,"기타의 화학요법제","전문의약품","[M081639]오플록사신",20140109,"- 안전성 및 유효성 미확립- 몇몇 어린 동물종에서 관절이상을 유발함","","Ofloxacin(오플록사신)",20260323
"특정연령대금기","단일",D000357,Olanzapine,"올란자핀","","필름코팅정",200903065,"산도스올란자핀정10밀리그램",20090428,"삼일제약(주)","흰색의 원형 필름코팅 정제",01170,"정신신경용제","전문의약품","[M089222]올란자핀",20140109,"(정제)- 안전성 및 유효성 미확립- 체중증가, 진정, 총콜레스테롤, 중성지방, LDL콜레스테롤, 프로락틴과 간 아미노트랜스퍼라제 수치가 성인에 비해 증가(주사제)- 안전성 및 유효성 미확립","","Olanzapine(올란자핀)",20210131
"특정연령대금기","단일",D000357,Olanzapine,"올란자핀","","필름코팅정",200903067,"산도스올란자핀정5밀리그램",20090428,"삼일제약(주)","흰색의 원형 필름코팅정제",01170,"정신신경용제","전문의약품","[M089222]올란자핀",20140109,"(정제)- 안전성 및 유효성 미확립- 체중증가, 진정, 총콜레스테롤, 중성지방, LDL콜레스테롤, 프로락틴과 간 아미노트랜스퍼라제 수치가 성인에 비해 증가(주사제)- 안전성 및 유효성 미확립","","Olanzapine(올란자핀)",20210131
"특정연령대금기","단일",D000357,Olanzapine,"올란자핀","","필름코팅정",200903078,"산도스올란자핀정2.5밀리그램",20090430,"삼일제약(주)","흰색의 원형 필름코팅정제",01170,"정신신경용제","전문의약품","[M089222]올란자핀",20140109,"(정제)- 안전성 및 유효성 미확립- 체중증가, 진정, 총콜레스테롤, 중성지방, LDL콜레스테롤, 프로락틴과 간 아미노트랜스퍼라제 수치가 성인에 비해 증가(주사제)- 안전성 및 유효성 미확립","","Olanzapine(올란자핀)",20210131
"특정연령대금기","단일",D000307,Piracetam,"피라세탐","","용액주사제",200906708,"데세프주(피라세탐)(수출용)(Daecef Inj)",20090904,"익수제약(주)","[수출용1,2] 무색투명한 액이 들어있는 갈색 앰플 [수출용3] 무색투명한 액이 들어있는 무색투명한 앰플",01190,"기타의 중추신경용약","전문의약품","[M101651]피라세탐/[M101651]피라세탐",20140109,_,"","Piracetam(피라세탐)",20140630
"특정연령대금기","단일",D000357,Olanzapine,"올란자핀","","필름코팅정",200907811,"올라핀정5밀리그램(올란자핀)",20091030,"현대약품(주)","흰색의 원형 필름코팅정",01170,"정신신경용제","전문의약품","[M089222]올란자핀",20140109,"(정제)- 안전성 및 유효성 미확립- 체중증가, 진정, 총콜레스테롤, 중성지방, LDL콜레스테롤, 프로락틴과 간 아미노트랜스퍼라제 수치가 성인에 비해 증가(주사제)- 안전성 및 유효성 미확립","","Olanzapine(올란자핀)",20191202
"특정연령대금기","단일",D000357,Olanzapine,"올란자핀","","필름코팅정",200907819,"올라핀정10밀리그램(올란자핀)",20091030,"현대약품(주)","흰색의 원형 필름코팅정",01170,"정신신경용제","전문의약품","[M089222]올란자핀",20140109,"(정제)- 안전성 및 유효성 미확립- 체중증가, 진정, 총콜레스테롤, 중성지방, LDL콜레스테롤, 프로락틴과 간 아미노트랜스퍼라제 수치가 성인에 비해 증가(주사제)- 안전성 및 유효성 미확립","","Olanzapine(올란자핀)",20190930
"특정연령대금기","단일",D000357,Olanzapine,"올란자핀","","필름코팅정",200909126,"싸이렉사정5밀리그램(올란자핀)(수출용)",20091224,"(주)종근당","흰색의 원형 필름코팅정",01170,"정신신경용제","전문의약품","[M089222]올란자핀",20140109,"(정제)- 안전성 및 유효성 미확립- 체중증가, 진정, 총콜레스테롤, 중성지방, LDL콜레스테롤, 프로락틴과 간 아미노트랜스퍼라제 수치가 성인에 비해 증가(주사제)- 안전성 및 유효성 미확립","","Olanzapine(올란자핀)",20191218
"특정연령대금기","단일",D000631,Mesalazine,"메살라진","","서방성장용필름코팅정",201001891,"메자반트엑스엘장용정1200밀리그램(메살라진)",20100305,"한국다케다제약(주)","적갈색 타원형의 서방형 장용필름코팅정제",02390,"기타의 소화기관용약","전문의약품","[M083890]메살라진",20140109,_,"","Mesalazine(메살라진)",20210617
"특정연령대금기","단일",D000357,Olanzapine,"올란자핀","","필름코팅정",201002395,"뉴로자핀정10밀리그램(올란자핀)",20100331,"명인제약(주)","흰색의 원형 필름코팅정",01170,"정신신경용제","전문의약품","[M089222]올란자핀",20140109,"(정제)- 안전성 및 유효성 미확립- 체중증가, 진정, 총콜레스테롤, 중성지방, LDL콜레스테롤, 프로락틴과 간 아미노트랜스퍼라제 수치가 성인에 비해 증가(주사제)- 안전성 및 유효성 미확립","","Olanzapine(올란자핀)",20191209
"특정연령대금기","단일",D000357,Olanzapine,"올란자핀","","필름코팅정",201002396,"뉴로자핀정2.5밀리그램(올란자핀)",20100331,"명인제약(주)","흰색의 원형 필름코팅정",01170,"정신신경용제","전문의약품","[M089222]올란자핀",20140109,"(정제)- 안전성 및 유효성 미확립- 체중증가, 진정, 총콜레스테롤, 중성지방, LDL콜레스테롤, 프로락틴과 간 아미노트랜스퍼라제 수치가 성인에 비해 증가(주사제)- 안전성 및 유효성 미확립","","Olanzapine(올란자핀)",20191209
"특정연령대금기","단일",D000357,Olanzapine,"올란자핀","","필름코팅정",201002996,"자이자핀정10밀리그램(올란자핀)",20100421,"한림제약(주)","흰색의 원형 필름코팅정제",01170,"정신신경용제","전문의약품","[M089222]올란자핀",20140109,"(정제)- 안전성 및 유효성 미확립- 체중증가, 진정, 총콜레스테롤, 중성지방, LDL콜레스테롤, 프로락틴과 간 아미노트랜스퍼라제 수치가 성인에 비해 증가(주사제)- 안전성 및 유효성 미확립","","Olanzapine(올란자핀)",20200317
"특정연령대금기","단일",D000357,Olanzapine,"올란자핀","","필름코팅정",201004538,"에이프렉사정10밀리그램(올란자핀)",20100715,"에이치케이이노엔(주)","흰색의 원형 필름코팅정",01170,"정신신경용제","전문의약품","[M089222]올란자핀",20140109,"(정제)- 안전성 및 유효성 미확립- 체중증가, 진정, 총콜레스테롤, 중성지방, LDL콜레스테롤, 프로락틴과 간 아미노트랜스퍼라제 수치가 성인에 비해 증가(주사제)- 안전성 및 유효성 미확립","","Olanzapine(올란자핀)",20200327
"특정연령대금기","단일",D000357,Olanzapine,"올란자핀","","필름코팅정",201006442,"에이프렉사정2.5밀리그램(올란자핀)",20101022,"에이치케이이노엔(주)","흰색의 원형 필름코팅정",01170,"정신신경용제","전문의약품","[M089222]올란자핀",20140109,"(정제)- 안전성 및 유효성 미확립- 체중증가, 진정, 총콜레스테롤, 중성지방, LDL콜레스테롤, 프로락틴과 간 아미노트랜스퍼라제 수치가 성인에 비해 증가(주사제)- 안전성 및 유효성 미확립","","Olanzapine(올란자핀)",20200327
"특정연령대금기","단일",D000357,Olanzapine,"올란자핀","","필름코팅정",201006443,"에이프렉사정5밀리그램(올란자핀)",20101022,"에이치케이이노엔(주)","흰색의 원형 필름코팅정",01170,"정신신경용제","전문의약품","[M089222]올란자핀",20140109,"(정제)- 안전성 및 유효성 미확립- 체중증가, 진정, 총콜레스테롤, 중성지방, LDL콜레스테롤, 프로락틴과 간 아미노트랜스퍼라제 수치가 성인에 비해 증가(주사제)- 안전성 및 유효성 미확립","","Olanzapine(올란자핀)",20200327
"특정연령대금기","단일",D000357,Olanzapine,"올란자핀","","필름코팅정",201007233,"자이레핀정5밀리그램(올란자핀)",20101129,"환인제약(주)","흰색 혹은 연한 회색의 원형필름코팅정제",01170,"정신신경용제","전문의약품","[M089222]올란자핀",20140109,"(정제)- 안전성 및 유효성 미확립- 체중증가, 진정, 총콜레스테롤, 중성지방, LDL콜레스테롤, 프로락틴과 간 아미노트랜스퍼라제 수치가 성인에 비해 증가(주사제)- 안전성 및 유효성 미확립","","Olanzapine(올란자핀)",20200226
"특정연령대금기","단일",D000357,Olanzapine,"올란자핀","","필름코팅정",201007234,"자이레핀정2.5밀리그램(올란자핀)",20101129,"환인제약(주)","흰색 혹은 연한 회색의 원형필름코팅정제",01170,"정신신경용제","전문의약품","[M089222]올란자핀",20140109,"(정제)- 안전성 및 유효성 미확립- 체중증가, 진정, 총콜레스테롤, 중성지방, LDL콜레스테롤, 프로락틴과 간 아미노트랜스퍼라제 수치가 성인에 비해 증가(주사제)- 안전성 및 유효성 미확립","","Olanzapine(올란자핀)",20200226
"특정연령대금기","단일",D000326,"Milnacipran Hydrochloride","밀나시프란염산염","","경질캡슐제, 산제",201007695,"익셀캡슐12.5밀리그램(밀나시프란염산염)",20101224,"부광약품(주)","흰색 내지 크림흰색의 분말이 든 상하 연갈색 불투명 경질캡슐",01170,"정신신경용제","전문의약품","[M251320]밀나시프란염산염",20140109,"안전성 및 유효성 미확립","","Milnacipran Hydrochloride(밀나시프란염산염)",20200420
"특정연령대금기","단일",D000357,Olanzapine,"올란자핀","","필름코팅정",201007770,"자이자핀정5밀리그램(올란자핀)",20101230,"한림제약(주)","흰색의 원형 필름코팅정",01170,"정신신경용제","전문의약품","[M089222]올란자핀",20140109,"(정제)- 안전성 및 유효성 미확립- 체중증가, 진정, 총콜레스테롤, 중성지방, LDL콜레스테롤, 프로락틴과 간 아미노트랜스퍼라제 수치가 성인에 비해 증가(주사제)- 안전성 및 유효성 미확립","","Olanzapine(올란자핀)",20200228
"특정연령대금기","단일",D000309,Piroxicam,"피록시캄","","용액주사제",201100130,"일라탐주(피록시캄)(수출용)",20110111,"명인제약(주)","무색-미황색의 용액을 함유한 갈색 앰플제임",01140,"해열.진통.소염제","전문의약품","[M071634]피록시캄",20140109,"벤질알코올은 조숙아에게서 치명적인 가쁜 호흡증상과 연관이 있는 것으로 보고됨","","Piroxicam(피록시캄)",20191028
"특정연령대금기","단일",D000357,Olanzapine,"올란자핀","","구강붕해정",201101116,"자이피스오디정 10밀리그램(올란자핀)",20110304,"고려제약(주)","연한 노란색의 원형 구강붕해정",01170,"정신신경용제","전문의약품","[M089222]올란자핀",20140109,"(정제)- 안전성 및 유효성 미확립- 체중증가, 진정, 총콜레스테롤, 중성지방, LDL콜레스테롤, 프로락틴과 간 아미노트랜스퍼라제 수치가 성인에 비해 증가(주사제)- 안전성 및 유효성 미확립","","Olanzapine(올란자핀)",20170901
"특정연령대금기","단일",D000357,Olanzapine,"올란자핀","","필름코팅정",201101853,"올자핀정10밀리그램(올란자핀)",20110331,"동화약품(주)","흰색의 원형 필름코팅정",01170,"정신신경용제","전문의약품","[M089222]올란자핀",20140109,"(정제)- 안전성 및 유효성 미확립- 체중증가, 진정, 총콜레스테롤, 중성지방, LDL콜레스테롤, 프로락틴과 간 아미노트랜스퍼라제 수치가 성인에 비해 증가(주사제)- 안전성 및 유효성 미확립","","Olanzapine(올란자핀)",20200131
"특정연령대금기","단일",D000357,Olanzapine,"올란자핀","","필름코팅정",201102619,"올자핀정2.5밀리그램(올란자핀)",20110426,"동화약품(주)","흰색의 원형 필름코팅정",01170,"정신신경용제","전문의약품","[M089222]올란자핀",20140109,"(정제)- 안전성 및 유효성 미확립- 체중증가, 진정, 총콜레스테롤, 중성지방, LDL콜레스테롤, 프로락틴과 간 아미노트랜스퍼라제 수치가 성인에 비해 증가(주사제)- 안전성 및 유효성 미확립","","Olanzapine(올란자핀)",20200716
"특정연령대금기","단일",D000357,Olanzapine,"올란자핀","","필름코팅정",201102755,"올자핀정5밀리그램(올란자핀)",20110429,"동화약품(주)","흰색의 원형 필름코팅정",01170,"정신신경용제","전문의약품","[M089222]올란자핀",20140109,"(정제)- 안전성 및 유효성 미확립- 체중증가, 진정, 총콜레스테롤, 중성지방, LDL콜레스테롤, 프로락틴과 간 아미노트랜스퍼라제 수치가 성인에 비해 증가(주사제)- 안전성 및 유효성 미확립","","Olanzapine(올란자핀)",20200716
"특정연령대금기","단일",D000418,Repaglinide,"레파글리니드","","나정",201102762,"레파넘정2밀리그람(레파글리니드)",20110429,"(주)다림바이오텍","볼록한 적색의 원형정제",03960,"당뇨병용제","전문의약품","[M088889]레파글리니드",20140109,"안전성 및 유효성 미확립","","Repaglinide(레파글리니드)",20170713
"특정연령대금기","단일",D000418,Repaglinide,"레파글리니드","","나정",201103607,"레파넘정1밀리그램(레파글리니드)",20110531,"(주)다림바이오텍","볼록한 황색의 원형정제",03960,"당뇨병용제","전문의약품","[M088889]레파글리니드",20140109,"안전성 및 유효성 미확립","","Repaglinide(레파글리니드)",20170713
"특정연령대금기","단일",D000307,Piracetam,"피라세탐","","필름코팅정",201107631,"피라젬정800mg(피라세탐)(수출용)",20111004,"(주)테라젠이텍스","옅은 노랑색의 장방형 필름코팅정",01190,"기타의 중추신경용약","전문의약품","[M101651]피라세탐",20140109,_,"","Piracetam(피라세탐)",20181017
"특정연령대금기","단일",D000357,Olanzapine,"올란자핀","","구강붕해정",201109301,"자이피스오디정 5밀리그램(올란자핀)",20111031,"고려제약(주)","연한 노란색의 타원형 구강붕해정",01170,"정신신경용제","전문의약품","[M089222]올란자핀",20140109,"(정제)- 안전성 및 유효성 미확립- 체중증가, 진정, 총콜레스테롤, 중성지방, LDL콜레스테롤, 프로락틴과 간 아미노트랜스퍼라제 수치가 성인에 비해 증가(주사제)- 안전성 및 유효성 미확립","","Olanzapine(올란자핀)",20200828
"특정연령대금기","단일",D000128,Mirodenafil,"미로데나필","","구강붕해정",201110541,"엠빅스에스구강붕해필름50밀리그램(미로데나필)",20111201,"에스케이케미칼(주)","흰색 반투명의 사각형 구강붕해필름",02590,"기타의 비뇨생식기관 및 항문용약","전문의약품","[M253534]미로데나필",20140109,_,"","Mirodenafil(미로데나필)",20160407
"특정연령대금기","단일",D000418,Repaglinide,"레파글리니드","","나정",201112299,"레파넘정0.5밀리그램(레파글리니드)",20111229,"(주)다림바이오텍","볼록한 흰색의 원형 정제",03960,"당뇨병용제","전문의약품","[M088889]레파글리니드",20140109,"안전성 및 유효성 미확립","","Repaglinide(레파글리니드)",20170713
"특정연령대금기","단일",D000631,Mesalazine,"메살라민","","장용성필름코팅정",201201615,"대한뉴팜메살라민정250밀리그램(수출용)",20120315,"대한뉴팜(주)","황색의 원형 장용성 필름코팅정",02390,"기타의 소화기관용약","전문의약품","[M088568]메살라민",20140109,_,"","Mesalazine(메살라민)",20221011
"특정연령대금기","단일",D000631,Mesalazine,"메살라민","","장용성필름코팅정",201201616,"대한뉴팜메살라민정500밀리그램(수출용)",20120315,"대한뉴팜(주)","황색의 원형 장용성 필름코팅정",02390,"기타의 소화기관용약","전문의약품","[M088568]메살라민",20140109,_,"","Mesalazine(메살라민)",20221011
"특정연령대금기","단일",D000246,"Sildenafil Citrate","실데나필시트르산염","","필름코팅정",201201693,"프리야정100밀리그램(실데나필시트르산염)",20120320,"알보젠코리아(주)","파랑색의 육각형 필름코팅정",02590,"기타의 비뇨생식기관 및 항문용약","전문의약품","[M252789]실데나필시트르산염",20140109,_,"","Sildenafil Citrate(실데나필시트르산염)",20170909
"특정연령대금기","단일",D000246,"Sildenafil Citrate","실데나필시트르산염","","필름코팅정",201201694,"유니그라정100밀리그램(실데나필시트르산염)",20120320,"한국유니온제약(주)","내수용 : 파랑색의 육각형 필름코팅정",02590,"기타의 비뇨생식기관 및 항문용약","전문의약품","[M252789]실데나필시트르산염",20140109,_,"","Sildenafil Citrate(실데나필시트르산염)",20200710
"특정연령대금기","단일",D000210,"Calcium Polystyrene Sulfonate","폴리스티렌설폰산칼슘","","경구용현탁액제",201202274,"휴온스카로스현탁액(폴리스티렌설폰산칼슘)",20120330,"(주)휴온스","박하향과 감미가 있는 담황색의 현탁액",02190,"기타의 순환계용약","전문의약품","[M081346]폴리스티렌설폰산칼슘",20230705,_,"","Calcium Polystyrene Sulfonate(폴리스티렌설폰산칼슘)",20241025
"특정연령대금기","단일",D000246,Sildenafil,"실데나필","","세립",201202447,"세리비아세립50밀리그램(실데나필)",20120403,"건일제약(주)","이약은 백색 내지 미황색의 세립제이다",02590,"기타의 비뇨생식기관 및 항문용약","전문의약품","[M253237]실데나필",20140109,_,"","Sildenafil(실데나필)",20170909
"특정연령대금기","단일",D000246,Sildenafil,"실데나필","","세립",201202448,"세리비아세립100밀리그램(실데나필)",20120403,"건일제약(주)","이약은 백색 내지 미황색의 세립제이다",02590,"기타의 비뇨생식기관 및 항문용약","전문의약품","[M253237]실데나필",20140109,_,"","Sildenafil(실데나필)",20170909
"특정연령대금기","단일",D000246,"Sildenafil Citrate","실데나필시트르산염","","필름코팅정",201203612,"팔팔정50밀리그램(실데나필시트르산염)",20120430,"한미약품(주)","약간 둥근 육각형의 파란색 필름코팅정",02590,"기타의 비뇨생식기관 및 항문용약","전문의약품","[M252789]실데나필시트르산염",20140109,_,"","Sildenafil Citrate(실데나필시트르산염)",20170909
"특정연령대금기","단일",D000246,"Sildenafil Citrate","실데나필시트르산염","","필름코팅정",201203613,"팔팔정100밀리그램(실데나필시트르산염)",20120430,"한미약품(주)","약간 둥근 육각형의 파란색 필름코팅정",02590,"기타의 비뇨생식기관 및 항문용약","전문의약품","[M252789]실데나필시트르산염",20140109,_,"","Sildenafil Citrate(실데나필시트르산염)",20170909
"특정연령대금기","단일",D000246,"Sildenafil Citrate","실데나필시트르산염","","필름코팅정",201203744,"누리그라정100밀리그램(실데나필시트르산염)",20120501,"(주)대웅제약","분할선을 가진 연두색의 모서리가 둥근 삼각형 필름코팅정",02590,"기타의 비뇨생식기관 및 항문용약","전문의약품","[M252789]실데나필시트르산염",20140109,_,"","Sildenafil Citrate(실데나필시트르산염)",20170909
"특정연령대금기","단일",D000246,"Sildenafil Citrate","실데나필시트르산염","","필름코팅정",201203745,"누리그라정50밀리그램(실데나필시트르산염)",20120501,"(주)대웅제약","분할선을 가진 연두색의 모서리가 둥근 삼각형 필름코팅정",02590,"기타의 비뇨생식기관 및 항문용약","전문의약품","[M252789]실데나필시트르산염",20140109,_,"","Sildenafil Citrate(실데나필시트르산염)",20170909
"특정연령대금기","단일",D000246,"Sildenafil Citrate","실데나필시트르산염","","필름코팅정",201203788,"실비에정100밀리그램(실데나필시트르산염)",20120503,"(주)비씨월드제약","푸른색의 약간 둥근 물방울형 필름코팅정",02590,"기타의 비뇨생식기관 및 항문용약","전문의약품","[M252789]실데나필시트르산염",20140109,_,"","Sildenafil Citrate(실데나필시트르산염)",20210310
"특정연령대금기","단일",D000246,"Sildenafil Citrate","실데나필시트르산염","","필름코팅정",201203789,"실비에정50밀리그램(실데나필시트르산염)(수출용)",20120503,"(주)비씨월드제약","푸른색의 약간 둥근 물방울형 필름코팅정",02590,"기타의 비뇨생식기관 및 항문용약","전문의약품","[M252789]실데나필시트르산염",20140109,_,"","Sildenafil Citrate(실데나필시트르산염)",20200901
"특정연령대금기","단일",D000246,"Sildenafil Citrate","실데나필시트르산염","","필름코팅정",201204544,"맥시그라정100밀리그램(실데나필시트르산염)",20120509,"국제약품(주)","푸른색의 약간 둥근 물방울형 필름코팅정",02590,"기타의 비뇨생식기관 및 항문용약","전문의약품","[M252789]실데나필시트르산염",20140109,_,"","Sildenafil Citrate(실데나필시트르산염)",20210310
"특정연령대금기","단일",D000246,"Sildenafil Citrate","실데나필시트르산염","","필름코팅정",201204549,"일양실데나필정50밀리그램(실데나필시트르산염)",20120509,"일양약품(주)","푸른색의 약간 둥근 물방울형 필름코팅정",02590,"기타의 비뇨생식기관 및 항문용약","전문의약품","[M252789]실데나필시트르산염",20140109,_,"","Sildenafil Citrate(실데나필시트르산염)",20170909
"특정연령대금기","단일",D000246,"Sildenafil Citrate","실데나필시트르산염","","필름코팅정",201204550,"일양실데나필정100밀리그램",20120509,"일양약품(주)","푸른색의 약간 둥근 물방울형 필름코팅정",02590,"기타의 비뇨생식기관 및 항문용약","전문의약품","[M252789]실데나필시트르산염",20140109,_,"","Sildenafil Citrate(실데나필시트르산염)",20210813
"특정연령대금기","단일",D000246,"Sildenafil Citrate","실데나필시트르산염","","구강붕해필름",201204602,"비아그라엘구강붕해필름100밀리그램(실데나필시트르산염)",20120511,"(주)서울제약","직사각형의 연한 분홍색 구강붕해필름",02590,"기타의 비뇨생식기관 및 항문용약","전문의약품","[M252789]실데나필시트르산염",20140109,_,"","Sildenafil Citrate(실데나필시트르산염)",20170909
"특정연령대금기","단일",D000246,"Sildenafil Citrate","실데나필시트르산염","","구강붕해필름",201204603,"비아그라엘구강붕해필름50밀리그램(실데나필시트르산염)",20120511,"(주)서울제약","직사각형의 연한 파란색 구강붕해필름",02590,"기타의 비뇨생식기관 및 항문용약","전문의약품","[M252789]실데나필시트르산염",20140109,_,"","Sildenafil Citrate(실데나필시트르산염)",20170909
"특정연령대금기","단일",D000246,"Sildenafil Citrate","실데나필시트르산염","","필름코팅정",201204970,"이레나필정100밀리그램(실데나필시트르산염)",20120523,"환인제약(주)","육각형의 푸른색 필름코팅정",02590,"기타의 비뇨생식기관 및 항문용약","전문의약품","[M252789]실데나필시트르산염",20140109,_,"","Sildenafil Citrate(실데나필시트르산염)",20170909
"특정연령대금기","단일",D000246,"Sildenafil Citrate","실데나필시트르산염","","필름코팅정",201204971,"아그나필정100mg(실데나필시트르산염)",20120523,"대원제약(주)","육각형의 푸른색 필름코팅정",02590,"기타의 비뇨생식기관 및 항문용약","전문의약품","[M252789]실데나필시트르산염",20140109,_,"","Sildenafil Citrate(실데나필시트르산염)",20170909
"특정연령대금기","단일",D000246,"Sildenafil Citrate","실데나필시트르산염","","필름코팅정",201204975,"비아맥스정100밀리그램(실데나필시트르산염)",20120523,"아주약품(주)","육각형의 푸른색 필름코팅정",02590,"기타의 비뇨생식기관 및 항문용약","전문의약품","[M252789]실데나필시트르산염",20140109,_,"","Sildenafil Citrate(실데나필시트르산염)",20170909
"특정연령대금기","단일",D000246,"Sildenafil Citrate","실데나필시트르산염","","필름코팅정",201205036,"해피그라정100밀리그램(실데나필시트르산염)",20120523,"삼진제약(주)","타원형의 파란색 필름코팅정",02590,"기타의 비뇨생식기관 및 항문용약","전문의약품","[M252789]실데나필시트르산염",20140109,_,"","Sildenafil Citrate(실데나필시트르산염)",20170909
"특정연령대금기","단일",D000246,"Sildenafil Citrate","실데나필시트르산염","","필름코팅정",201205037,"해피그라정50밀리그램(실데나필시트르산염)",20120523,"삼진제약(주)","타원형의 파란색 필름코팅정",02590,"기타의 비뇨생식기관 및 항문용약","전문의약품","[M252789]실데나필시트르산염",20140109,_,"","Sildenafil Citrate(실데나필시트르산염)",20170909
"특정연령대금기","단일",D000246,Sildenafil,"실데나필","","추어블정(저작정)",201205260,"팔팔츄정25밀리그램(실데나필)",20120531,"한미약품(주)","연한 파란색의 씹어먹는 원형 정제",02590,"기타의 비뇨생식기관 및 항문용약","전문의약품","[M253237]실데나필",20140109,_,"","Sildenafil(실데나필)",20170909
"특정연령대금기","단일",D000246,Sildenafil,"실데나필","","추어블정(저작정)",201205264,"팔팔츄정50밀리그램(실데나필)",20120531,"한미약품(주)","연한 파란색의 씹어먹는 원형 정제",02590,"기타의 비뇨생식기관 및 항문용약","전문의약품","[M253237]실데나필",20140109,_,"","Sildenafil(실데나필)",20170909
"특정연령대금기","단일",D000128,Mirodenafil,"미로데나필","","구강붕해정",201209012,"엠빅스에스구강붕해필름100밀리그램(미로데나필)",20121130,"에스케이케미칼(주)","흰색 반투명의 사각형 구강붕해필름",02590,"기타의 비뇨생식기관 및 항문용약","전문의약품","[M253534]미로데나필",20140109,_,"","Mirodenafil(미로데나필)",20160407
"특정연령대금기","단일",D000210,"Calcium Polystyrene Sulfonate","폴리스티렌설폰산칼슘","","과립제",201301613,"카슈트과립(폴리스티렌설폰산칼슘)",20130118,"하이플생명과학(주)","백색 또는 담황색의 과립제",02190,"기타의 순환계용약","전문의약품","[M081346]폴리스티렌설폰산칼슘",20230705,_,"","Calcium Polystyrene Sulfonate(폴리스티렌설폰산칼슘)",20241025
"특정연령대금기","단일",D000307,Piracetam,"피라세탐","","필름코팅정",201305271,"마더스피라세탐정800mg(피라세탐)(수출명:Mother’s Piracetam Tablet 800mg)(수출용)",20130218,"(주)마더스제약","옅은 노랑색의 장방형 필름코팅정",01190,"기타의 중추신경용약","전문의약품","[M101651]피라세탐",20140109,_,"","Piracetam(피라세탐)",20180321
"특정연령대금기","단일",D000210,"Calcium Polystyrene Sulfonate","폴리스티렌설폰산칼슘","","경구용현탁액제",201309062,"아가메이트현탁액(폴리스티렌설폰산칼슘)",20130829,"제이더블유중외제약(주)","알루미늄 호일 파우치에 든 박하향과 감미가 있는 담황색의 현탁액",02190,"기타의 순환계용약","전문의약품","[M081346]폴리스티렌설폰산칼슘",20230705,_,"","Calcium Polystyrene Sulfonate(폴리스티렌설폰산칼슘)",20241025
"특정연령대금기","단일",D000666,Ofloxacin,"오플록사신","","필름코팅정",201309390,"오플라정(오플록사신)",20130923,"화일약품(주)","흰색의 원형 필름코팅정",06290,"기타의 화학요법제","전문의약품","[M081639]오플록사신",20140109,"- 안전성 및 유효성 미확립- 몇몇 어린 동물종에서 관절이상을 유발함","","Ofloxacin(오플록사신)",20260323
"특정연령대금기","단일",D000309,Piroxicam,"피록시캄","","용액주사제",201309565,"비씨피록시캄주사(수출용)",20131004,"(주)비씨월드제약","담황색 액체가 든 갈색앰플 주사제",01140,"해열.진통.소염제","전문의약품","[M071634]피록시캄/[M071634]피록시캄",20140109,"벤질알코올은 조숙아에게서 치명적인 가쁜 호흡증상과 연관이 있는 것으로 보고됨","","Piroxicam(피록시캄)",20191029
"특정연령대금기","단일",D000210,"Calcium Polystyrene Sulfonate","폴리스티렌설폰산칼슘","","경구용현탁액제",201309944,"카슈웰현탁액(폴리스티렌설폰산칼슘)",20131029,"주식회사제뉴원사이언스","알루미늄 호일 파우치에 든 박하향과 감미가 있는 담황색의 현탁액",02190,"기타의 순환계용약","전문의약품","[M081346]폴리스티렌설폰산칼슘",20230705,_,"","Calcium Polystyrene Sulfonate(폴리스티렌설폰산칼슘)",20241025
"특정연령대금기","단일",D000210,"Calcium Polystyrene Sulfonate","폴리스티렌설폰산칼슘","","경구용현탁액제",201310332,"로포타현탁액(폴리스티렌설폰산칼슘)",20131127,"대원제약(주)","박하향: 박하향과 감미가 있는 담황색의 현탁액바나나향: 바나나향과 감미가 있는 담황색의 현탁액",02190,"기타의 순환계용약","전문의약품","[M081346]폴리스티렌설폰산칼슘/[M081346]폴리스티렌설폰산칼슘",20230705,_,"","Calcium Polystyrene Sulfonate(폴리스티렌설폰산칼슘)",20241025
"특정연령대금기","단일",D000633,"Mometasone Furoate","모메타손푸로에이트","","피부크림제",201404457,"피엘타손크림(모메타손푸로에이트)",20140929,"이연제약(주)","전질균등한 흰색 크림",02640,"진통.진양.수렴.소염제","전문의약품","[M070188]모메타손푸로에이트",20140109,"소아는 체중당 체표면적의 비율이 성인보다 커서 코르티코이드로 인해 HPA축(시상하부-뇌하수체-부신 축) 억제, 쿠싱증후군, 발육장애, 두개내압항진 등이 나타나기 쉬움","","Mometasone Furoate(모메타손푸로에이트)",20200521
"특정연령대금기","단일",D000633,"Mometasone Furoate","모메타손푸로에이트","","피부로션제",201405067,"큐모타손로션(모메타손푸로에이트)",20141031,"풍림무약(주)","흰색 또는 엷은 황색의 로션제",02640,"진통.진양.수렴.소염제","전문의약품","[M070188]모메타손푸로에이트",20140109,"소아는 체중당 체표면적의 비율이 성인보다 커서 코르티코이드로 인해 HPA축(시상하부-뇌하수체-부신 축) 억제, 쿠싱증후군, 발육장애, 두개내압항진 등이 나타나기 쉬움","","Mometasone Furoate(모메타손푸로에이트)",20200521
"특정연령대금기","단일",D000633,"Mometasone Furoate","모메타손푸로에이트","","피부크림제",201405088,"큐모타손크림(모메타손푸로에이트)",20141031,"풍림무약(주)","전질균등한 백색 크림",02640,"진통.진양.수렴.소염제","전문의약품","[M070188]모메타손푸로에이트",20140109,"소아는 체중당 체표면적의 비율이 성인보다 커서 코르티코이드로 인해 HPA축(시상하부-뇌하수체-부신 축) 억제, 쿠싱증후군, 발육장애, 두개내압항진 등이 나타나기 쉬움","","Mometasone Furoate(모메타손푸로에이트)",20200521
"특정연령대금기","단일",D000666,Ofloxacin,"오플록사신","","필름코팅정",201405311,"웰플록스케이정(오플록사신)(수출용)(수출명 : WELLFLOX-K Tab.)",20141114,"(주)넥스팜코리아","흰색 내지 미황색의 필름코팅정",06290,"기타의 화학요법제","전문의약품","[M081639]오플록사신",20140109,"- 안전성 및 유효성 미확립- 몇몇 어린 동물종에서 관절이상을 유발함","","Ofloxacin(오플록사신)",20260323
"특정연령대금기","단일",D000633,"Mometasone Furoate","모메타손푸로에이트","","피부크림제",201405441,"모메덤크림(모메타손푸로에이트)",20141121,"제이더블유생명과학(주)","전질균등한 흰색 크림",02640,"진통.진양.수렴.소염제","전문의약품","[M070188]모메타손푸로에이트",20140109,"소아는 체중당 체표면적의 비율이 성인보다 커서 코르티코이드로 인해 HPA축(시상하부-뇌하수체-부신 축) 억제, 쿠싱증후군, 발육장애, 두개내압항진 등이 나타나기 쉬움","","Mometasone Furoate(모메타손푸로에이트)",20200521
"특정연령대금기","단일",D000666,Ofloxacin,"오플록사신","","필름코팅정",201405581,"오라록신정100mg(오플록사신)",20141127,"한국휴텍스제약(주)","흰색의 원형 필름코팅정제",06290,"기타의 화학요법제","전문의약품","[M081639]오플록사신",20140109,"- 안전성 및 유효성 미확립- 몇몇 어린 동물종에서 관절이상을 유발함","","Ofloxacin(오플록사신)",20260323
"특정연령대금기","단일",D000633,"Mometasone Furoate","모메타손푸로에이트","","피부크림제",201405661,"더메타손크림(모메타손푸로에이트)",20141201,"(주)화이트생명과학","전질균등한 흰색 크림",02640,"진통.진양.수렴.소염제","전문의약품","[M070188]모메타손푸로에이트",20140109,"소아는 체중당 체표면적의 비율이 성인보다 커서 코르티코이드로 인해 HPA축(시상하부-뇌하수체-부신 축) 억제, 쿠싱증후군, 발육장애, 두개내압항진 등이 나타나기 쉬움","","Mometasone Furoate(모메타손푸로에이트)",20200521
"특정연령대금기","단일",D000210,"Calcium Polystyrene Sulfonate","폴리스티렌설폰산칼슘","","과립제",201500021,"카립트과립(폴리스티렌설폰산칼슘)(수출명: KALIBT GRANULE)",20150105,"(주)넥스팜코리아","내수용 : 요구르트향과 감미가 있는 흰색 또는 담황색의 과립제수촐용 : 오렌지향이 있는 흰색 또는 담황색의 과립제",02190,"기타의 순환계용약","전문의약품","[M081346]폴리스티렌설폰산칼슘/[M081346]폴리스티렌설폰산칼슘",20230705,_,"","Calcium Polystyrene Sulfonate(폴리스티렌설폰산칼슘)",20241025
"특정연령대금기","단일",D000357,Olanzapine,"올란자핀","","필름코팅정",201500444,"올자펙스정10밀리그램(올란자핀)",20150128,"(주)한국파마","흰색의 원형 필름코팅정제",01170,"정신신경용제","전문의약품","[M089222]올란자핀",20140109,"(정제)- 안전성 및 유효성 미확립- 체중증가, 진정, 총콜레스테롤, 중성지방, LDL콜레스테롤, 프로락틴과 간 아미노트랜스퍼라제 수치가 성인에 비해 증가(주사제)- 안전성 및 유효성 미확립","","Olanzapine(올란자핀)",20200612
"특정연령대금기","단일",D000357,Olanzapine,"올란자핀","","필름코팅정",201500445,"올자펙스정5밀리그램(올란자핀)",20150128,"(주)한국파마","흰색의 원형 필름코팅정제",01170,"정신신경용제","전문의약품","[M089222]올란자핀",20140109,"(정제)- 안전성 및 유효성 미확립- 체중증가, 진정, 총콜레스테롤, 중성지방, LDL콜레스테롤, 프로락틴과 간 아미노트랜스퍼라제 수치가 성인에 비해 증가(주사제)- 안전성 및 유효성 미확립","","Olanzapine(올란자핀)",20200612
"특정연령대금기","단일",D000633,"Mometasone Furoate","모메타손푸로에이트","","피부크림제",201500594,"모멘타손크림(모메타손푸로에이트)",20150203,"(주)다산제약","흰색의 크림",02640,"진통.진양.수렴.소염제","전문의약품","[M070188]모메타손푸로에이트",20140109,"소아는 체중당 체표면적의 비율이 성인보다 커서 코르티코이드로 인해 HPA축(시상하부-뇌하수체-부신 축) 억제, 쿠싱증후군, 발육장애, 두개내압항진 등이 나타나기 쉬움","","Mometasone Furoate(모메타손푸로에이트)",20200925
"특정연령대금기","단일",D000633,"Mometasone Furoate","모메타손푸로에이트","","피부크림제",201501072,"메이손크림(모메타손푸로에이트)",20150302,"(주)테라젠이텍스","전질균등한 흰색의 크림",02640,"진통.진양.수렴.소염제","전문의약품","[M070188]모메타손푸로에이트",20140109,"소아는 체중당 체표면적의 비율이 성인보다 커서 코르티코이드로 인해 HPA축(시상하부-뇌하수체-부신 축) 억제, 쿠싱증후군, 발육장애, 두개내압항진 등이 나타나기 쉬움","","Mometasone Furoate(모메타손푸로에이트)",20200521
"특정연령대금기","단일",D000633,"Mometasone Furoate","모메타손푸로에이트","","피부크림제",201501300,"크린티손크림(모메타손푸로에이트)",20150312,"삼천당제약(주)","전질균등한 흰색무취의 크림제",02640,"진통.진양.수렴.소염제","전문의약품","[M070188]모메타손푸로에이트",20140109,"소아는 체중당 체표면적의 비율이 성인보다 커서 코르티코이드로 인해 HPA축(시상하부-뇌하수체-부신 축) 억제, 쿠싱증후군, 발육장애, 두개내압항진 등이 나타나기 쉬움","","Mometasone Furoate(모메타손푸로에이트)",20200521
"특정연령대금기","단일",D000633,"Mometasone Furoate","모메타손푸로에이트","","피부로션제",201501652,"메이손로션(모메타손푸로에이트)",20150330,"(주)테라젠이텍스","흰색 또는 엷은 황색의 로션제",02640,"진통.진양.수렴.소염제","전문의약품","[M070188]모메타손푸로에이트",20140109,"소아는 체중당 체표면적의 비율이 성인보다 커서 코르티코이드로 인해 HPA축(시상하부-뇌하수체-부신 축) 억제, 쿠싱증후군, 발육장애, 두개내압항진 등이 나타나기 쉬움","","Mometasone Furoate(모메타손푸로에이트)",20200521
"특정연령대금기","단일",D000633,"Mometasone Furoate","모메타손푸로에이트","","피부크림제",201501852,"모메탄크림(모메타손푸로에이트)",20150406,"(주)에이프로젠바이오로직스","전질 균등한 흰색 무취의 크림제",02640,"진통.진양.수렴.소염제","전문의약품","[M070188]모메타손푸로에이트",20140109,"소아는 체중당 체표면적의 비율이 성인보다 커서 코르티코이드로 인해 HPA축(시상하부-뇌하수체-부신 축) 억제, 쿠싱증후군, 발육장애, 두개내압항진 등이 나타나기 쉬움","","Mometasone Furoate(모메타손푸로에이트)",20200521
"특정연령대금기","단일",D000427,Meloxicam,"멜록시캄","","경질캡슐제, 산제",201503642,"멜록캡슐7.5mg(멜록시캄)",20150608,"조아제약(주)","연한 노란색 가루가 든 상,하 연한 녹색의 경질캡슐",01140,"해열.진통.소염제","전문의약품","[M086439]멜록시캄",20140109,_,"","Meloxicam(멜록시캄)",20240913
"특정연령대금기","단일",D000633,"Mometasone Furoate","모메타손푸로에이트","","피부크림제",201504893,"프로몬크림(모메타손푸로에이트)",20150716,"(주)제뉴파마","전질균등한 흰색무취의 크림제",02640,"진통.진양.수렴.소염제","전문의약품","[M070188]모메타손푸로에이트",20140109,"소아는 체중당 체표면적의 비율이 성인보다 커서 코르티코이드로 인해 HPA축(시상하부-뇌하수체-부신 축) 억제, 쿠싱증후군, 발육장애, 두개내압항진 등이 나타나기 쉬움","","Mometasone Furoate(모메타손푸로에이트)",20200521
"특정연령대금기","단일",D000666,Ofloxacin,"오플록사신","","필름코팅정",201506769,"오록사신정100밀리그램(오플록사신)",20150924,"(주)휴비스트제약","흰색의 원형 필름코팅정",06290,"기타의 화학요법제","전문의약품","[M081639]오플록사신",20140109,"- 안전성 및 유효성 미확립- 몇몇 어린 동물종에서 관절이상을 유발함","","Ofloxacin(오플록사신)",20260323
"특정연령대금기","단일",D000210,"Calcium Polystyrene Sulfonate","폴리스티렌설폰산칼슘","","경구용현탁액제",201506806,"네스티칼현탁액(폴리스티렌설폰산칼슘)",20150925,"(주)엘지화학","알루미늄 호일 파우치에 든 박하향과 감미가 있는 담황색의 현탁액",02190,"기타의 순환계용약","전문의약품","[M081346]폴리스티렌설폰산칼슘",20230705,_,"","Calcium Polystyrene Sulfonate(폴리스티렌설폰산칼슘)",20241025
"특정연령대금기","단일",D000633,"Mometasone Furoate","모메타손푸로에이트","","피부로션제",201507015,"모멘트로션(모메타손푸로에이트)",20151002,"(주)티디에스팜","흰색 또는 엷은 황색의 로션제",02640,"진통.진양.수렴.소염제","전문의약품","[M070188]모메타손푸로에이트",20140109,"소아는 체중당 체표면적의 비율이 성인보다 커서 코르티코이드로 인해 HPA축(시상하부-뇌하수체-부신 축) 억제, 쿠싱증후군, 발육장애, 두개내압항진 등이 나타나기 쉬움","","Mometasone Furoate(모메타손푸로에이트)",20200521
"특정연령대금기","단일",D000357,Olanzapine,"올란자핀","","필름코팅정",201507717,"테바올란자핀정10밀리그램",20151113,"(주)한독테바","흰색의 양면이 볼록한 원형 필름코팅정제",01170,"정신신경용제","전문의약품","[M089222]올란자핀",20140109,"(정제)- 안전성 및 유효성 미확립- 체중증가, 진정, 총콜레스테롤, 중성지방, LDL콜레스테롤, 프로락틴과 간 아미노트랜스퍼라제 수치가 성인에 비해 증가(주사제)- 안전성 및 유효성 미확립","","Olanzapine(올란자핀)",20201209
"특정연령대금기","단일",D000357,Olanzapine,"올란자핀","","필름코팅정",201507718,"테바올란자핀정5밀리그램",20151113,"(주)한독테바","흰색의 양면이 볼록한 원형 필름코팅정제",01170,"정신신경용제","전문의약품","[M089222]올란자핀",20140109,"(정제)- 안전성 및 유효성 미확립- 체중증가, 진정, 총콜레스테롤, 중성지방, LDL콜레스테롤, 프로락틴과 간 아미노트랜스퍼라제 수치가 성인에 비해 증가(주사제)- 안전성 및 유효성 미확립","","Olanzapine(올란자핀)",20201209
"특정연령대금기","단일",D000357,Olanzapine,"올란자핀","","필름코팅정",201507719,"테바올란자핀정2.5밀리그램",20151113,"(주)한독테바","흰색의 양면이 볼록한 원형 필름코팅정제",01170,"정신신경용제","전문의약품","[M089222]올란자핀",20140109,"(정제)- 안전성 및 유효성 미확립- 체중증가, 진정, 총콜레스테롤, 중성지방, LDL콜레스테롤, 프로락틴과 간 아미노트랜스퍼라제 수치가 성인에 비해 증가(주사제)- 안전성 및 유효성 미확립","","Olanzapine(올란자핀)",20201209
"특정연령대금기","단일",D000427,Meloxicam,"멜록시캄","","경질캡슐제, 산제",201507776,"멜로빅캡슐7.5mg(멜록시캄)",20151120,"(주)씨티씨바이오","미황색가루가 든 상,하 담녹색의 캡슐제",01140,"해열.진통.소염제","전문의약품","[M086439]멜록시캄",20140109,_,"","Meloxicam(멜록시캄)",20240913
"특정연령대금기","단일",D000357,Olanzapine,"올란자핀","","필름코팅정",201507969,"테바올란자핀정15밀리그램",20151127,"(주)한독테바","연한 파란색의 양면이 볼록한 타원형 필름코팅정제",01170,"정신신경용제","전문의약품","[M089222]올란자핀",20140109,"(정제)- 안전성 및 유효성 미확립- 체중증가, 진정, 총콜레스테롤, 중성지방, LDL콜레스테롤, 프로락틴과 간 아미노트랜스퍼라제 수치가 성인에 비해 증가(주사제)- 안전성 및 유효성 미확립","","Olanzapine(올란자핀)",20201210
"특정연령대금기","단일",D000357,Olanzapine,"올란자핀","","필름코팅정",201507984,"피엠에스올란자핀정2.5밀리그램(올란자핀)",20151127,"(주)제뉴파마","흰색의 원형 필름코팅정",01170,"정신신경용제","전문의약품","[M089222]올란자핀",20140109,"(정제)- 안전성 및 유효성 미확립- 체중증가, 진정, 총콜레스테롤, 중성지방, LDL콜레스테롤, 프로락틴과 간 아미노트랜스퍼라제 수치가 성인에 비해 증가(주사제)- 안전성 및 유효성 미확립","","Olanzapine(올란자핀)",20201117
"특정연령대금기","단일",D000357,Olanzapine,"올란자핀","","필름코팅정",201507985,"피엠에스올란자핀정5밀리그램(올란자핀)",20151127,"(주)제뉴파마","흰색의 원형 필름코팅정",01170,"정신신경용제","전문의약품","[M089222]올란자핀",20140109,"(정제)- 안전성 및 유효성 미확립- 체중증가, 진정, 총콜레스테롤, 중성지방, LDL콜레스테롤, 프로락틴과 간 아미노트랜스퍼라제 수치가 성인에 비해 증가(주사제)- 안전성 및 유효성 미확립","","Olanzapine(올란자핀)",20201117
"특정연령대금기","단일",D000357,Olanzapine,"올란자핀","","필름코팅정",201507986,"피엠에스올란자핀정10밀리그램(올란자핀)",20151127,"(주)제뉴파마","흰색의 원형 필름코팅정",01170,"정신신경용제","전문의약품","[M089222]올란자핀",20140109,"(정제)- 안전성 및 유효성 미확립- 체중증가, 진정, 총콜레스테롤, 중성지방, LDL콜레스테롤, 프로락틴과 간 아미노트랜스퍼라제 수치가 성인에 비해 증가(주사제)- 안전성 및 유효성 미확립","","Olanzapine(올란자핀)",20201117
"특정연령대금기","단일",D000633,"Mometasone Furoate","모메타손푸로에이트","","피부크림제",201508518,"메타손크림(모메타손푸로에이트)",20151230,"한국코러스(주)","전질균등한 흰색 무취의 크림제",02640,"진통.진양.수렴.소염제","전문의약품","[M070188]모메타손푸로에이트",20140109,"소아는 체중당 체표면적의 비율이 성인보다 커서 코르티코이드로 인해 HPA축(시상하부-뇌하수체-부신 축) 억제, 쿠싱증후군, 발육장애, 두개내압항진 등이 나타나기 쉬움","","Mometasone Furoate(모메타손푸로에이트)",20200521
"특정연령대금기","단일",D000633,"Mometasone Furoate","모메타손푸로에이트","","피부크림제",201600249,"모메솔크림(모메타손푸로에이트)",20160114,"성원애드콕제약(주)","전질균등한 흰색 크림",02640,"진통.진양.수렴.소염제","전문의약품","[M070188]모메타손푸로에이트",20140109,"소아는 체중당 체표면적의 비율이 성인보다 커서 코르티코이드로 인해 HPA축(시상하부-뇌하수체-부신 축) 억제, 쿠싱증후군, 발육장애, 두개내압항진 등이 나타나기 쉬움","","Mometasone Furoate(모메타손푸로에이트)",20200521
"특정연령대금기","단일",D000357,Olanzapine,"올란자핀","","필름코팅정",201600803,"제이더블유올란자핀정2.5mg(수출명:Olanzapine Tablet 2.5mg SANWA)(수출용)",20160212,"제이더블유중외제약(주)","흰색의 원형 필름코팅정",01170,"정신신경용제","전문의약품","[M089222]올란자핀",20140109,"(정제)- 안전성 및 유효성 미확립- 체중증가, 진정, 총콜레스테롤, 중성지방, LDL콜레스테롤, 프로락틴과 간 아미노트랜스퍼라제 수치가 성인에 비해 증가(주사제)- 안전성 및 유효성 미확립","","Olanzapine(올란자핀)",20191001
"특정연령대금기","단일",D000357,Olanzapine,"올란자핀","","필름코팅정",201600804,"제이더블유올란자핀정5mg(수출명:Olanzapine Tablet 5mg SANWA)(수출용)",20160212,"제이더블유중외제약(주)","흰색의 원형 필름코팅정",01170,"정신신경용제","전문의약품","[M089222]올란자핀",20140109,"(정제)- 안전성 및 유효성 미확립- 체중증가, 진정, 총콜레스테롤, 중성지방, LDL콜레스테롤, 프로락틴과 간 아미노트랜스퍼라제 수치가 성인에 비해 증가(주사제)- 안전성 및 유효성 미확립","","Olanzapine(올란자핀)",20191001
"특정연령대금기","단일",D000357,Olanzapine,"올란자핀","","필름코팅정",201600805,"제이더블유올란자핀정10mg(수출명:Olanzapine Tablet 10mg SANWA)(수출용)",20160212,"제이더블유중외제약(주)","할선이 있는 흰색의 원형 필름코팅정",01170,"정신신경용제","전문의약품","[M089222]올란자핀",20140109,"(정제)- 안전성 및 유효성 미확립- 체중증가, 진정, 총콜레스테롤, 중성지방, LDL콜레스테롤, 프로락틴과 간 아미노트랜스퍼라제 수치가 성인에 비해 증가(주사제)- 안전성 및 유효성 미확립","","Olanzapine(올란자핀)",20191001
"특정연령대금기","단일",D000357,Olanzapine,"올란자핀","","필름코팅정",201600806,"제이더블유올란자핀정20mg(수출명:Olanzapine Tablet 20mg SANWA)(수출용)",20160212,"제이더블유중외제약(주)","할선이 있는 흰색의 타원형 필름코팅정",01170,"정신신경용제","전문의약품","[M089222]올란자핀",20140109,"(정제)- 안전성 및 유효성 미확립- 체중증가, 진정, 총콜레스테롤, 중성지방, LDL콜레스테롤, 프로락틴과 간 아미노트랜스퍼라제 수치가 성인에 비해 증가(주사제)- 안전성 및 유효성 미확립","","Olanzapine(올란자핀)",20191001
"특정연령대금기","단일",D000427,Meloxicam,"멜록시캄","","경질캡슐제, 산제",201600894,"멜록캄캡슐7.5밀리그램(멜록시캄)",20160216,"한국코러스(주)","연한 노란색 가루가 든 상·하 연한 녹색의 경질 캡슐제",01140,"해열.진통.소염제","전문의약품","[M086439]멜록시캄",20140109,_,"","Meloxicam(멜록시캄)",20240913
"특정연령대금기","단일",D000427,Meloxicam,"멜록시캄","","경질캡슐제, 산제",201601027,"메로빅캡슐15밀리그램(멜록시캄)",20160224,"(주)셀트리온제약","연한 노란색 가루가 든 상부 연한 녹색, 하부 황색의 경질 캡슐제",01140,"해열.진통.소염제","전문의약품","[M086439]멜록시캄",20140109,_,"","Meloxicam(멜록시캄)",20240913
"특정연령대금기","단일",D000633,"Mometasone Furoate","모메타손푸로에이트","","피부크림제",201601028,"모타손크림(모메타손푸로에이트)",20160224,"(주)휴비스트제약","전질균등한 흰색무취의 크림제",02640,"진통.진양.수렴.소염제","전문의약품","[M070188]모메타손푸로에이트",20140109,"소아는 체중당 체표면적의 비율이 성인보다 커서 코르티코이드로 인해 HPA축(시상하부-뇌하수체-부신 축) 억제, 쿠싱증후군, 발육장애, 두개내압항진 등이 나타나기 쉬움","","Mometasone Furoate(모메타손푸로에이트)",20200521
"특정연령대금기","단일",D000666,Ofloxacin,"오플록사신","","필름코팅정",201601053,"오플록정100밀리그램(오플록사신)",20160226,"아이큐어(주)","흰색의 원형 필름코팅정",06290,"기타의 화학요법제","전문의약품","[M081639]오플록사신",20140109,"- 안전성 및 유효성 미확립- 몇몇 어린 동물종에서 관절이상을 유발함","","Ofloxacin(오플록사신)",20260323
"특정연령대금기","단일",D000427,Meloxicam,"멜록시캄","","경질캡슐제, 산제",201601085,"이콕스캡슐15밀리그램(멜록시캄)",20160226,"(주)화이트생명과학","노란색 가루가 든 상부 연록색, 하부 연황색의 캡슐제",01140,"해열.진통.소염제","전문의약품","[M086439]멜록시캄",20140109,_,"","Meloxicam(멜록시캄)",20240913
"특정연령대금기","단일",D000427,Meloxicam,"멜록시캄","","경질캡슐제, 산제",201601481,"멜빅캄캡슐7.5밀리그램(멜록시캄)",20160314,"(주)비보존제약","미황색 가루가 든 상·하부 담녹색의 캡슐제",01140,"해열.진통.소염제","전문의약품","[M086439]멜록시캄",20140109,_,"","Meloxicam(멜록시캄)",20240913
"특정연령대금기","단일",D000427,Meloxicam,"멜록시캄","","경질캡슐제, 산제",201603488,"메로시캡슐7.5밀리그램(멜록시캄)",20160615,"아이큐어(주)","미황색의 내용물이 충진된 상,하부 녹색의 경질캡슐제",01140,"해열.진통.소염제","전문의약품","[M086439]멜록시캄",20140109,_,"","Meloxicam(멜록시캄)",20240913
"특정연령대금기","단일",D000666,Ofloxacin,"오플록사신","","필름코팅정",201603948,"오플로정(오플록사신)",20160627,"(주)휴온스메디텍","백색 내지 미황백색의 원형 필름코팅정",06290,"기타의 화학요법제","전문의약품","[M081639]오플록사신",20140109,"- 안전성 및 유효성 미확립- 몇몇 어린 동물종에서 관절이상을 유발함","","Ofloxacin(오플록사신)",20260323
"특정연령대금기","단일",D000427,Meloxicam,"멜록시캄","","경질캡슐제, 산제",201604574,"모아캄시캡슐7.5mg(멜록시캄)",20160725,"정우신약(주)","연한 노란색 가루가 든 상˙하 연한 녹색의 경질 캡슐제",01140,"해열.진통.소염제","전문의약품","[M086439]멜록시캄",20140109,_,"","Meloxicam(멜록시캄)",20240913
"특정연령대금기","단일",D000633,"Mometasone Furoate","모메타손푸로에이트","","피부로션제",201605451,"모타손로션(모메타손푸로에이트)",20160906,"(주)휴비스트제약","흰색 또는 엷은 황색의 로션제",02640,"진통.진양.수렴.소염제","전문의약품","[M070188]모메타손푸로에이트",20140109,"소아는 체중당 체표면적의 비율이 성인보다 커서 코르티코이드로 인해 HPA축(시상하부-뇌하수체-부신 축) 억제, 쿠싱증후군, 발육장애, 두개내압항진 등이 나타나기 쉬움","","Mometasone Furoate(모메타손푸로에이트)",20200521
"특정연령대금기","단일",D000210,"Calcium Polystyrene Sulfonate","폴리스티렌설폰산칼슘","","경구용현탁액제",201606966,"카리드현탁액(폴리스티렌설폰산칼슘)",20161206,"(주)제뉴파마","알루미늄 호일 파우치에 든 박하향과 감미가 있는 담황색의 현탁액",02190,"기타의 순환계용약","전문의약품","[M081346]폴리스티렌설폰산칼슘",20230705,_,"","Calcium Polystyrene Sulfonate(폴리스티렌설폰산칼슘)",20241025
"특정연령대금기","단일",D000427,Meloxicam,"멜록시캄","","경질캡슐제, 산제",201701501,"모릭스캡슐7.5밀리그램(멜록시캄)",20170329,"(주)한국피엠지제약","미황색의 분말이 든 상·하부 담녹색의 경질캡슐",01140,"해열.진통.소염제","전문의약품","[M086439]멜록시캄",20140109,_,"","Meloxicam(멜록시캄)",20240913
"특정연령대금기","단일",D000210,"Calcium Polystyrene Sulfonate","폴리스티렌설폰산칼슘","","과립제",201702565,"엠피카로우과립(폴리스티렌설폰산칼슘)",20170525,"(주)이든파마","요구르트향과 감미가 있는 흰색 또는 담황색의 과립제",02190,"기타의 순환계용약","전문의약품","[M081346]폴리스티렌설폰산칼슘",20230705,_,"","Calcium Polystyrene Sulfonate(폴리스티렌설폰산칼슘)",20241025
"특정연령대금기","단일",D000425,"Metoclopramide Hydrochloride Hydrate","메토클로프라미드염산염수화물","","용액주사제",201705482,"가스트로메토주(메토클로프라미드염산염수화물)",20170710,"대한약품공업(주)","무색~담황색의 투명한 액이 든 무색 투명한 앰플 주사제",02390,"기타의 소화기관용약","전문의약품","[M223013]메토클로프라미드염산염수화물",20140109,"추체외로장애 위험성 증가","","Metoclopramide Hydrochloride Hydrate(메토클로프라미드염산염수화물)",20220331
"특정연령대금기","단일",D000210,"Calcium Polystyrene Sulfonate","폴리스티렌설폰산칼슘","","경구용현탁액제",201706859,"카리메트현탁액(폴리스티렌설폰산칼슘)",20170829,"한국코와(주)","연한 노란색의 점성이 있는 현탁액으로 내용물은 냄새가 없거나 약간 특이한 냄새가 있다.",02190,"기타의 순환계용약","전문의약품","[M081346]폴리스티렌설폰산칼슘",20230705,_,"","Calcium Polystyrene Sulfonate(폴리스티렌설폰산칼슘)",20241025
"특정연령대금기","단일",D000427,Meloxicam,"멜록시캄","","경질캡슐제, 산제",201706872,"록캄캡슐(멜록시캄)",20170829,"(주)중헌제약","노란색 가루가 든 상.하부 담녹색의 경질캡슐",01140,"해열.진통.소염제","전문의약품","[M086439]멜록시캄",20140109,_,"","Meloxicam(멜록시캄)",20240913
"특정연령대금기","단일",D000633,"Mometasone Furoate","모메타손푸로에이트","","피부로션제",201707278,"에스지모메존로션(모메타손푸로에이트)",20170928,"(주)옵투스제약","흰색 또는 엷은 황색의 로션제",02640,"진통.진양.수렴.소염제","전문의약품","[M070188]모메타손푸로에이트",20140109,"소아는 체중당 체표면적의 비율이 성인보다 커서 코르티코이드로 인해 HPA축(시상하부-뇌하수체-부신 축) 억제, 쿠싱증후군, 발육장애, 두개내압항진 등이 나타나기 쉬움","","Mometasone Furoate(모메타손푸로에이트)",20200521
"특정연령대금기","단일",D000427,Meloxicam,"멜록시캄","","경질캡슐제, 산제",201707312,"아멜록스캡슐7.5밀리그램(멜록시캄)",20170929,"(주)인트로바이오파마","미황색분말이 충전된 상하부 담녹색의 경질캡슐제",01140,"해열.진통.소염제","전문의약품","[M086439]멜록시캄",20140109,_,"","Meloxicam(멜록시캄)",20240913
"특정연령대금기","단일",D000633,"Mometasone Furoate","모메타손푸로에이트","","피부로션제",201802015,"프로몬로션(모메타손푸로에이트)",20180511,"(주)제뉴파마","흰색 또는 연한 황색의 로션제",02640,"진통.진양.수렴.소염제","전문의약품","[M070188]모메타손푸로에이트",20140109,"소아는 체중당 체표면적의 비율이 성인보다 커서 코르티코이드로 인해 HPA축(시상하부-뇌하수체-부신 축) 억제, 쿠싱증후군, 발육장애, 두개내압항진 등이 나타나기 쉬움","","Mometasone Furoate(모메타손푸로에이트)",20200521
"특정연령대금기","단일",D000210,"Calcium Polystyrene Sulfonate","폴리스티렌설폰산칼슘","","경구용현탁액제",201802160,"케이로우현탁액(폴리스티렌설폰산칼슘)",20180524,"(주)퍼슨","알루미늄 호일 파우치에 든 요구르트향과 감미가 있는 미황색 ∼ 담황색의 현탁액",02190,"기타의 순환계용약","전문의약품","[M081346]폴리스티렌설폰산칼슘",20230705,_,"","Calcium Polystyrene Sulfonate(폴리스티렌설폰산칼슘)",20241025
"특정연령대금기","단일",D000427,Meloxicam,"멜록시캄","","경질캡슐제, 산제",201802418,"모비든캡슐(멜록시캄)",20180611,"(주)이든파마","황색 분말이 충전된 상,하부 담녹색의 경질 캡슐",01140,"해열.진통.소염제","전문의약품","[M086439]멜록시캄",20140109,_,"","Meloxicam(멜록시캄)",20240913
"특정연령대금기","단일",D000210,"Calcium Polystyrene Sulfonate","폴리스티렌설폰산칼슘","","경구용현탁액제",201803404,"케이슈머현탁액(폴리스티렌설폰산칼슘)",20180821,"(주)보령","알루미늄 호일 파우치에 든 박하향과 감미가 있는 담황색의 현탁액",02190,"기타의 순환계용약","전문의약품","[M081346]폴리스티렌설폰산칼슘",20230705,_,"","Calcium Polystyrene Sulfonate(폴리스티렌설폰산칼슘)",20241025
"특정연령대금기","단일",D000633,"Mometasone Furoate","모메타손푸로에이트","","피부크림제",201803720,"모메스킨크림(모메타손푸로에이트)",20180914,"(주)경보제약","전질균등한 백색 크림",02640,"진통.진양.수렴.소염제","전문의약품","[M070188]모메타손푸로에이트",20140109,"소아는 체중당 체표면적의 비율이 성인보다 커서 코르티코이드로 인해 HPA축(시상하부-뇌하수체-부신 축) 억제, 쿠싱증후군, 발육장애, 두개내압항진 등이 나타나기 쉬움","","Mometasone Furoate(모메타손푸로에이트)",20200521
"특정연령대금기","단일",D000427,Meloxicam,"멜록시캄","","경질캡슐제, 산제",201803847,"멜로캅캡슐7.5밀리그램(멜록시캄)",20180928,"일양바이오팜(주)","연한 노란색 가루가 든 상·하 연한 녹색의 경질캡슐제",01140,"해열.진통.소염제","전문의약품","[M086439]멜록시캄",20140109,_,"","Meloxicam(멜록시캄)",20240913
"특정연령대금기","단일",D000427,Meloxicam,"멜록시캄","","경질캡슐제, 산제",201804310,"모스캄캡슐(멜록시캄)",20181031,"(주)오스코리아제약","미황색의 내용물이 충진 된 상,하부 담녹색의 경질캡슐제",01140,"해열.진통.소염제","전문의약품","[M086439]멜록시캄",20140109,_,"","Meloxicam(멜록시캄)",20240913
"특정연령대금기","단일",D000427,Meloxicam,"멜록시캄","","경질캡슐제, 산제",201805357,"메로윈캡슐7.5밀리그램(멜록시캄)",20181228,"코스맥스파마(주)","황색 내지 미황색 가루가 들어있는 상.하부 담녹색의 경질캡슐",01140,"해열.진통.소염제","전문의약품","[M086439]멜록시캄",20140109,_,"","Meloxicam(멜록시캄)",20240913
"특정연령대금기","단일",D000427,Meloxicam,"멜록시캄","","경질캡슐제, 산제",201902343,"모록시캄캡슐(멜록시캄)",20190416,"하이플생명과학(주)","미황색의 내용물이 충진된 상,하부 담녹색의 경질캡슐제",01140,"해열.진통.소염제","전문의약품","[M086439]멜록시캄",20140109,_,"","Meloxicam(멜록시캄)",20240913
"특정연령대금기","단일",D000427,Meloxicam,"멜록시캄","","경질캡슐제, 산제",201902411,"멜록시카캡슐7.5밀리그램(멜록시캄)",20190418,"(주)보령바이오파마","미황색의 내용물이 충진된 상,하부 녹색의 경질캡슐제",01140,"해열.진통.소염제","전문의약품","[M086439]멜록시캄",20140109,_,"","Meloxicam(멜록시캄)",20240913
"특정연령대금기","단일",D000633,"Mometasone Furoate","모메타손푸로에이트","","피부크림제",201902448,"모메론크림(모메타손푸로에이트)",20190419,"시믹씨엠오코리아주식회사","흰색의 크림제",02640,"진통.진양.수렴.소염제","전문의약품","[M070188]모메타손푸로에이트",20140109,"소아는 체중당 체표면적의 비율이 성인보다 커서 코르티코이드로 인해 HPA축(시상하부-뇌하수체-부신 축) 억제, 쿠싱증후군, 발육장애, 두개내압항진 등이 나타나기 쉬움","","Mometasone Furoate(모메타손푸로에이트)",20200521
"특정연령대금기","단일",D000666,Ofloxacin,"오플록사신","","필름코팅정",201902566,"서울오플록사신정",20190424,"(주)서울제약","흰색 내지 미황백색의 원형 필름코팅정",06290,"기타의 화학요법제","전문의약품","[M081639]오플록사신",20140109,"- 안전성 및 유효성 미확립- 몇몇 어린 동물종에서 관절이상을 유발함","","Ofloxacin(오플록사신)",20260323
"특정연령대금기","단일",D000427,Meloxicam,"멜록시캄","","경질캡슐제, 산제",201902872,"멜로딘캡슐(멜록시캄)",20190503,"지엘파마(주)","미황색의 분말이 충진된 상, 하부 담녹색의 경질캡슐제",01140,"해열.진통.소염제","전문의약품","[M086439]멜록시캄",20140109,_,"","Meloxicam(멜록시캄)",20240913
"특정연령대금기","단일",D000427,Meloxicam,"멜록시캄","","경질캡슐제, 산제",201903234,"멜로그린캡슐7.5밀리그램(멜록시캄)",20190520,"(주)시어스제약","미황색의 분말이 충진된 상, 하부 담녹색의 경질캡슐제",01140,"해열.진통.소염제","전문의약품","[M086439]멜록시캄",20140109,_,"","Meloxicam(멜록시캄)",20240913
"특정연령대금기","단일",D000427,Meloxicam,"멜록시캄","","경질캡슐제, 산제",201903721,"뉴록시캄캡슐7.5밀리그램(멜록시캄)",20190604,"(주)다산제약","미황색의 내용물이 충진된 상,하부 녹색의 경질캡슐제",01140,"해열.진통.소염제","전문의약품","[M086439]멜록시캄",20140109,_,"","Meloxicam(멜록시캄)",20240913
"특정연령대금기","단일",D000666,Ofloxacin,"오플록사신","","필름코팅정",201904339,"투프로정100밀리그램(오플록사신)",20190625,"코스맥스파마(주)","담황색의 원형 필름코팅 정제",06290,"기타의 화학요법제","전문의약품","[M081639]오플록사신",20140109,"- 안전성 및 유효성 미확립- 몇몇 어린 동물종에서 관절이상을 유발함","","Ofloxacin(오플록사신)",20260323
"특정연령대금기","단일",D000427,Meloxicam,"멜록시캄","","경질캡슐제, 산제",201904589,"멜록트캡슐7.5밀리그램(멜록시캄)",20190708,"(주)한풍제약","연한 노란색 가루가 든 상·하 연한 녹색의 경질 캡슐제",01140,"해열.진통.소염제","전문의약품","[M086439]멜록시캄",20140109,_,"","Meloxicam(멜록시캄)",20240913
"특정연령대금기","단일",D000666,Ofloxacin,"오플록사신","","필름코팅정",201904655,"지엘오플록사신정100밀리그램",20190710,"지엘파마(주)","백색 내지 미황백색의 원형 필름코팅정",06290,"기타의 화학요법제","전문의약품","[M081639]오플록사신",20140109,"- 안전성 및 유효성 미확립- 몇몇 어린 동물종에서 관절이상을 유발함","","Ofloxacin(오플록사신)",20260323
"특정연령대금기","단일",D000427,Meloxicam,"멜록시캄","","경질캡슐제, 산제",201904762,"유니캄캡슐7.5밀리그램(멜록시캄)",20190716,"한국유니온제약(주)","연한 노란색 가루가 든 상,하 연한 녹색의 경질캡슐",01140,"해열.진통.소염제","전문의약품","[M086439]멜록시캄",20140109,_,"","Meloxicam(멜록시캄)",20240913
"특정연령대금기","단일",D000427,Meloxicam,"멜록시캄","","경질캡슐제, 산제",201905522,"엔티시캄캡슐7.5밀리그램(멜록시캄)",20190805,"(주)셀비온","미황색의 내용물이 충진된 상,하부 녹색의 경질캡슐제",01140,"해열.진통.소염제","전문의약품","[M086439]멜록시캄",20140109,_,"","Meloxicam(멜록시캄)",20240913
"특정연령대금기","단일",D000633,"Mometasone Furoate","모메타손푸로에이트","","피부로션제",201906105,"제뉴원모메타손로션(모메타손푸로에이트)",20190828,"주식회사제뉴원사이언스","흰색 또는 연한 황색의 로션제",02640,"진통.진양.수렴.소염제","전문의약품","[M070188]모메타손푸로에이트",20140109,"소아는 체중당 체표면적의 비율이 성인보다 커서 코르티코이드로 인해 HPA축(시상하부-뇌하수체-부신 축) 억제, 쿠싱증후군, 발육장애, 두개내압항진 등이 나타나기 쉬움","","Mometasone Furoate(모메타손푸로에이트)",20210122
"특정연령대금기","단일",D000633,"Mometasone Furoate","모메타손푸로에이트","","피부로션제",201906472,"모멘타로션(모메타손푸로에이트)",20190917,"주식회사더유제약","흰색 또는 엷은 황색의 로션제",02640,"진통.진양.수렴.소염제","전문의약품","[M070188]모메타손푸로에이트",20140109,"소아는 체중당 체표면적의 비율이 성인보다 커서 코르티코이드로 인해 HPA축(시상하부-뇌하수체-부신 축) 억제, 쿠싱증후군, 발육장애, 두개내압항진 등이 나타나기 쉬움","","Mometasone Furoate(모메타손푸로에이트)",20200521
"특정연령대금기","단일",D000427,Meloxicam,"멜록시캄","","경질캡슐제, 산제",201907166,"아록시캄캡슐7.5밀리그램(멜록시캄)",20191010,"(주)아리제약","미황색가루가 든 상,하 담녹색의 캡슐제",01140,"해열.진통.소염제","전문의약품","[M086439]멜록시캄",20140109,_,"","Meloxicam(멜록시캄)",20240913
"특정연령대금기","단일",D000633,"Mometasone Furoate","모메타손푸로에이트","","피부크림제",201907463,"모메코트크림(모메타손푸로에이트)",20191025,"(주)퍼슨","흰색의 크림",02640,"진통.진양.수렴.소염제","전문의약품","[M070188]모메타손푸로에이트",20140109,"소아는 체중당 체표면적의 비율이 성인보다 커서 코르티코이드로 인해 HPA축(시상하부-뇌하수체-부신 축) 억제, 쿠싱증후군, 발육장애, 두개내압항진 등이 나타나기 쉬움","","Mometasone Furoate(모메타손푸로에이트)",20200521
"특정연령대금기","단일",D000633,"Mometasone Furoate","모메타손푸로에이트","","피부크림제",201907884,"큐메타손크림(모메타손푸로에이트)",20191112,"주식회사큐엘파마","전질균등한 흰색 크림",02640,"진통.진양.수렴.소염제","전문의약품","[M070188]모메타손푸로에이트",20140109,"소아는 체중당 체표면적의 비율이 성인보다 커서 코르티코이드로 인해 HPA축(시상하부-뇌하수체-부신 축) 억제, 쿠싱증후군, 발육장애, 두개내압항진 등이 나타나기 쉬움","","Mometasone Furoate(모메타손푸로에이트)",20210119
"특정연령대금기","단일",D000427,Meloxicam,"멜록시캄","","경질캡슐제, 산제",201908115,"멜록시엠캡슐7.5밀리그램(멜록시캄)",20191127,"(주)라이트팜텍","미황색의 내용물이 충진된 상,하부 녹색의 경질캡슐제",01140,"해열.진통.소염제","전문의약품","[M086439]멜록시캄",20140109,_,"","Meloxicam(멜록시캄)",20240913
"특정연령대금기","단일",D000427,Meloxicam,"멜록시캄","","경질캡슐제, 산제",202000927,"메가록시캄캡슐7.5밀리그램(멜록시캄)",20200213,"(주)엘앤씨바이오","연한 노란색 가루가 든 상,하 연한 녹색의 경질 캡슐제",01140,"해열.진통.소염제","전문의약품","[M086439]멜록시캄",20140109,_,"","Meloxicam(멜록시캄)",20240913
"특정연령대금기","단일",D000633,"Mometasone Furoate","모메타손푸로에이트","","피부로션제",202001024,"코코타손로션(모메타손푸로에이트)",20200214,"한국휴텍스제약(주)","흰색 또는 엷은 황색의 로션제",02640,"진통.진양.수렴.소염제","전문의약품","[M070188]모메타손푸로에이트",20140109,"소아는 체중당 체표면적의 비율이 성인보다 커서 코르티코이드로 인해 HPA축(시상하부-뇌하수체-부신 축) 억제, 쿠싱증후군, 발육장애, 두개내압항진 등이 나타나기 쉬움","","Mometasone Furoate(모메타손푸로에이트)",20200521
"특정연령대금기","단일",D000427,Meloxicam,"멜록시캄","","경질캡슐제, 산제",202001860,"모릭스캡슐15밀리그램(멜록시캄)",20200317,"(주)한국피엠지제약","연한 노란색 가루가 든 상부 연한 녹색, 하부 황색의 경질캡슐",01140,"해열.진통.소염제","전문의약품","[M086439]멜록시캄",20140109,_,"","Meloxicam(멜록시캄)",20240913
"특정연령대금기","단일",D000427,Meloxicam,"멜록시캄","","경질캡슐제, 산제",202003989,"멜로틴캡슐7.5mg(멜록시캄)",20200528,"엔비케이제약(주)","미황색의 내용물이 충진된 상,하부 녹색의 경질캡슐제",01140,"해열.진통.소염제","전문의약품","[M086439]멜록시캄",20140109,_,"","Meloxicam(멜록시캄)",20240913
"특정연령대금기","단일",D000427,Meloxicam,"멜록시캄","","경질캡슐제, 산제",202004002,"멜로틴캡슐15mg(멜록시캄)",20200528,"엔비케이제약(주)","연한 노란색 가루가 든 상부 연한 녹색, 하부 황색의 경질 캡슐제",01140,"해열.진통.소염제","전문의약품","[M086439]멜록시캄",20140109,_,"","Meloxicam(멜록시캄)",20240913
"특정연령대금기","단일",D000229,"Methylphenidate Hydrochloride","메틸페니데이트염산염","","나정",198902796,"페니드정5밀리그램(메틸페니데이트염산염)",19891227,"환인제약(주)","황색의 원형 정제",01150,"각성제,흥분제","전문의약품","[M223025]메틸페니데이트염산염",20140109,"안전성 및 유효성 미확립","","Methylphenidate Hydrochloride(메틸페니데이트염산염)",""
"특정연령대금기","단일",D000229,"Methylphenidate Hydrochloride","메틸페니데이트염산염","","나정",198902797,"페니드정10밀리그램(메틸페니데이트염산염)",19891227,"환인제약(주)","백색의 원형 정제",01150,"각성제,흥분제","전문의약품","[M223025]메틸페니데이트염산염",20140109,"안전성 및 유효성 미확립","","Methylphenidate Hydrochloride(메틸페니데이트염산염)",""
"특정연령대금기","단일",D000127,"Minocycline Hydrochloride","미노사이클린염산염","","경질캡슐제, 산제",202203142,"미노클캡슐50밀리그램(미노사이클린염산염)",20220801,"(주)메디카코리아","노란색의 가루가 든 상부 주홍색, 하부 미황색 불투명의 경질캡슐",06150,"주로 그람양성, 음성균, 리케치아, 비루스에 작용하는 것","전문의약품","[M223036]미노사이클린염산염",20140109,"소아 등(특히 치아 형성기인 12세 미만의 소아)에 투여 시, 치아의 착색·법랑질 형성 부전, 또는 일과성 골발육 부전을 일으킬 수 있음","다만, 다른 약을 사용할 수 없거나 효과가 없는 경우에만 8세 이상 신중투여","Minocycline Hydrochloride(미노사이클린염산염)",20251211
"특정연령대금기","단일",D000127,"Minocycline Hydrochloride","미노사이클린염산염","","경질캡슐제, 산제",202500078,"미노젠캡슐50밀리그램(미노사이클린염산염)",20250109,"주식회사더유제약","노란색의 가루가 든 상부 주홍색, 하부 미황색 불투명의 경질캡슐",06150,"주로 그람양성, 음성균, 리케치아, 비루스에 작용하는 것","전문의약품","[M223036]미노사이클린염산염",20140109,"소아 등(특히 치아 형성기인 12세 미만의 소아)에 투여 시, 치아의 착색·법랑질 형성 부전, 또는 일과성 골발육 부전을 일으킬 수 있음","다만, 다른 약을 사용할 수 없거나 효과가 없는 경우에만 8세 이상 신중투여","Minocycline Hydrochloride(미노사이클린염산염)",20251211
"특정연령대금기","단일",D000229,"Methylphenidate Hydrochloride","메틸페니데이트염산염","","나정",200705351,"페로스핀정10밀리그램(메틸페니데이트염산염)",20070510,"명인제약(주)","흰색 원형 정제",01150,"각성제,흥분제","전문의약품","[M223025]메틸페니데이트염산염",20140109,"안전성 및 유효성 미확립","","Methylphenidate Hydrochloride(메틸페니데이트염산염)",""
"특정연령대금기","단일",D000229,"Methylphenidate Hydrochloride","메틸페니데이트염산염","","장용성캡슐제, 펠렛",201111086,"메디키넷리타드캡슐5mg(메틸페니데이트염산염)",20111222,"명인제약(주)","속방의 흰색 펠렛과 장용의 파란색 펠렛이 든 상하부 흰색의 경질 캡슐제",01150,"각성제,흥분제","전문의약품","[M223025]메틸페니데이트염산염/[M223025]메틸페니데이트염산염",20140109,"안전성 및 유효성 미확립","","Methylphenidate Hydrochloride(메틸페니데이트염산염)",""
"특정연령대금기","단일",D000229,"Methylphenidate Hydrochloride","메틸페니데이트염산염","","장용성캡슐제, 펠렛",201111087,"메디키넷리타드캡슐40mg(메틸페니데이트염산염)",20111222,"명인제약(주)","속방의 흰색 펠렛과 장용의 파란색 펠렛이 든 상부 어두운 보라색, 하부 회색의 경질캡슐제",01150,"각성제,흥분제","전문의약품","[M223025]메틸페니데이트염산염/[M223025]메틸페니데이트염산염",20140109,"안전성 및 유효성 미확립","","Methylphenidate Hydrochloride(메틸페니데이트염산염)",""
"특정연령대금기","단일",D000229,"Methylphenidate Hydrochloride","메틸페니데이트염산염","","장용성캡슐제, 펠렛",201111088,"메디키넷리타드캡슐10mg(메틸페니데이트염산염)",20111222,"명인제약(주)","속방의 흰색 펠렛과 장용의 파란색 펠렛이 든 상부 분홍색, 하부 흰색의 경질캡슐제",01150,"각성제,흥분제","전문의약품","[M223025]메틸페니데이트염산염/[M223025]메틸페니데이트염산염",20140109,"안전성 및 유효성 미확립","","Methylphenidate Hydrochloride(메틸페니데이트염산염)",""
"특정연령대금기","단일",D000229,"Methylphenidate Hydrochloride","메틸페니데이트염산염","","장용성캡슐제, 펠렛",201111091,"메디키넷리타드캡슐20mg(메틸페니데이트염산염)",20111222,"명인제약(주)","속방의 흰색 펠렛과 장용의 파란색 펠렛이 든 상하부 옅은 보라색의 경질캡슐제",01150,"각성제,흥분제","전문의약품","[M223025]메틸페니데이트염산염/[M223025]메틸페니데이트염산염",20140109,"안전성 및 유효성 미확립","","Methylphenidate Hydrochloride(메틸페니데이트염산염)",""
"특정연령대금기","단일",D000229,"Methylphenidate Hydrochloride","메틸페니데이트염산염","","장용성캡슐제, 펠렛",201111093,"메디키넷리타드캡슐30mg(메틸페니데이트염산염)",20111222,"명인제약(주)","속방의 흰색 펠렛과 장용의 파란색 펠렛이 든 상부 어두운 보라색, 하부 밝은 회색의 경질캡슐제",01150,"각성제,흥분제","전문의약품","[M223025]메틸페니데이트염산염/[M223025]메틸페니데이트염산염",20140109,"안전성 및 유효성 미확립","","Methylphenidate Hydrochloride(메틸페니데이트염산염)",""
"특정연령대금기","단일",D000229,"Methylphenidate Hydrochloride","메틸페니데이트염산염","","서방성필름코팅정",201501271,"콘서타OROS서방정36밀리그램(메틸페니데이트염산염)",20150311,"(주)한국얀센","흰색의 장방형 필름코팅 정제",01150,"각성제,흥분제","전문의약품","[M223025]메틸페니데이트염산염/[M223025]메틸페니데이트염산염/[M223025]메틸페니데이트염산염",20140109,"안전성 및 유효성 미확립","","Methylphenidate Hydrochloride(메틸페니데이트염산염)",""
"특정연령대금기","단일",D000229,"Methylphenidate Hydrochloride","메틸페니데이트염산염","","서방성필름코팅정",201501273,"콘서타OROS서방정54밀리그램(메틸페니데이트염산염)",20150311,"(주)한국얀센","적갈색의 장방형 필름코팅 정제",01150,"각성제,흥분제","전문의약품","[M223025]메틸페니데이트염산염/[M223025]메틸페니데이트염산염/[M223025]메틸페니데이트염산염",20140109,"안전성 및 유효성 미확립","","Methylphenidate Hydrochloride(메틸페니데이트염산염)",""
"특정연령대금기","단일",D000229,"Methylphenidate Hydrochloride","메틸페니데이트염산염","","나정",201600735,"페로스핀정5밀리그램(메틸페니데이트염산염)",20160204,"명인제약(주)","노란색의 원형 정제",01150,"각성제,흥분제","전문의약품","[M223025]메틸페니데이트염산염",20140109,"안전성 및 유효성 미확립","","Methylphenidate Hydrochloride(메틸페니데이트염산염)",""
"특정연령대금기","단일",D000229,"Methylphenidate Hydrochloride","메틸페니데이트염산염","","나정",201901159,"페니드정10밀리그램(메틸페니데이트염산염)(Penid Tab. 10mg)",20190225,"환인제약(주)","백색의 원형 정제",01150,"각성제,흥분제","전문의약품","[M223025]메틸페니데이트염산염",20140109,"안전성 및 유효성 미확립","","Methylphenidate Hydrochloride(메틸페니데이트염산염)",""
"특정연령대금기","단일",D000229,"Methylphenidate Hydrochloride","메틸페니데이트염산염","","서방성필름코팅정",202005265,"콘서타OROS서방정18밀리그램(메틸페니데이트염산염)",20200722,"(주)한국얀센","노란색의 장방형 필름코팅 정제",01150,"각성제,흥분제","전문의약품","[M223025]메틸페니데이트염산염/[M223025]메틸페니데이트염산염/[M223025]메틸페니데이트염산염",20140109,"안전성 및 유효성 미확립","","Methylphenidate Hydrochloride(메틸페니데이트염산염)",""
"특정연령대금기","단일",D000229,"Methylphenidate Hydrochloride","메틸페니데이트염산염","","서방성필름코팅정",202005266,"콘서타OROS서방정27밀리그램(메틸페니데이트염산염)",20200722,"(주)한국얀센","회색의 장방형 필름코팅 정제",01150,"각성제,흥분제","전문의약품","[M223025]메틸페니데이트염산염/[M223025]메틸페니데이트염산염/[M223025]메틸페니데이트염산염",20140109,"안전성 및 유효성 미확립","","Methylphenidate Hydrochloride(메틸페니데이트염산염)",""
"특정연령대금기","단일",D000425,"Metoclopramide Hydrochloride Hydrate","메토클로프라미드염산염수화물","","용액주사제",202104009,"제일약품메토클로프라미드염산염수화물주(수출용)",20210520,"제일약품(주)","무색~담황색의 투명한 액이 든 무색 투명한 앰플 주사제",02390,"기타의 소화기관용약","전문의약품","[M223013]메토클로프라미드염산염수화물",20140109,"추체외로장애 위험성 증가","","Metoclopramide Hydrochloride Hydrate(메토클로프라미드염산염수화물)",""
"특정연령대금기","단일",D000633,"Mometasone Furoate","모메타손푸로에이트","","피부로션제",201902038,"제이모메손로션(모메타손푸로에이트)",20190404,"(주)라이트팜텍","흰색 또는 엷은 황색의 로션제",02640,"진통.진양.수렴.소염제","전문의약품","[M070188]모메타손푸로에이트",20140109,"소아는 체중당 체표면적의 비율이 성인보다 커서 코르티코이드로 인해 HPA축(시상하부-뇌하수체-부신 축) 억제, 쿠싱증후군, 발육장애, 두개내압항진 등이 나타나기 쉬움","","Mometasone Furoate(모메타손푸로에이트)",""
"특정연령대금기","단일",D000633,"Mometasone Furoate","모메타손푸로에이트","","피부연고제",202003159,"모멘타연고(모메타손푸로에이트)",20200428,"주식회사더유제약","흰색 무취의 연고제",02640,"진통.진양.수렴.소염제","전문의약품","[M070188]모메타손푸로에이트",20140109,"소아는 체중당 체표면적의 비율이 성인보다 커서 코르티코이드로 인해 HPA축(시상하부-뇌하수체-부신 축) 억제, 쿠싱증후군, 발육장애, 두개내압항진 등이 나타나기 쉬움","","Mometasone Furoate(모메타손푸로에이트)",""
"특정연령대금기","단일",D000633,"Mometasone Furoate","모메타손푸로에이트","","피부로션제",202003817,"테리손로션(모메타손푸로에이트)",20200526,"(주)메디카코리아","흰색 또는 연한 황색의 로션제",02640,"진통.진양.수렴.소염제","전문의약품","[M070188]모메타손푸로에이트",20140109,"소아는 체중당 체표면적의 비율이 성인보다 커서 코르티코이드로 인해 HPA축(시상하부-뇌하수체-부신 축) 억제, 쿠싱증후군, 발육장애, 두개내압항진 등이 나타나기 쉬움","","Mometasone Furoate(모메타손푸로에이트)",""
"특정연령대금기","단일",D000633,"Mometasone Furoate","모메타손푸로에이트","","피부크림제",202005607,"모멘타크림(모메타손푸로에이트)",20200803,"주식회사더유제약","전질균등한 흰색 크림",02640,"진통.진양.수렴.소염제","전문의약품","[M070188]모메타손푸로에이트",20140109,"소아는 체중당 체표면적의 비율이 성인보다 커서 코르티코이드로 인해 HPA축(시상하부-뇌하수체-부신 축) 억제, 쿠싱증후군, 발육장애, 두개내압항진 등이 나타나기 쉬움","","Mometasone Furoate(모메타손푸로에이트)",""
"특정연령대금기","단일",D000633,"Mometasone Furoate","모메타손푸로에이트","","피부크림제",202106493,"모멘타솔크림(모메타손푸로에이트)",20210910,"(주)엘앤씨바이오","전질 균등한 흰색 무취의 크림제",02640,"진통.진양.수렴.소염제","전문의약품","[M070188]모메타손푸로에이트",20140109,"소아는 체중당 체표면적의 비율이 성인보다 커서 코르티코이드로 인해 HPA축(시상하부-뇌하수체-부신 축) 억제, 쿠싱증후군, 발육장애, 두개내압항진 등이 나타나기 쉬움","","Mometasone Furoate(모메타손푸로에이트)",""
"특정연령대금기","단일",D000783,"Nalidixic Acid","날리딕스산","","필름코팅정",200402887,"나리디신정500밀리그람(날리딕스산)(수출용)[수출명:ALDICINTABLET]",20040203,"알파제약(주)","보라색의 장방형 필름코팅정제",06290,"기타의 화학요법제","전문의약품","[M040054]날리딕스산",20140109,"두개내압을 상승시켜 두통, 구토 등의 증상이 나타날 수 있음","","Nalidixic Acid(날리딕스산)",""
"특정연령대금기","단일",D000783,"Nalidixic Acid","날리딕스산","","필름코팅정",200501315,"딕스정(날리딕스산)(수출용)(수출명:IntermedicNalidixicacidtablet)",20050920,"천우신약(주)","보라색의 장방형 필름코팅정",06290,"기타의 화학요법제","전문의약품","[M040054]날리딕스산/[M040054]날리딕스산",20140109,"두개내압을 상승시켜 두통, 구토 등의 증상이 나타날 수 있음","","Nalidixic Acid(날리딕스산)",""
"특정연령대금기","단일",D000783,"Nalidixic Acid","날리딕스산","","필름코팅정",200802869,"영풍날리딕스산정500mg(수출용)",20080314,"영풍제약(주)","보라색의 장방형 필름코팅정제",06290,"기타의 화학요법제","전문의약품","[M040054]날리딕스산",20140109,"두개내압을 상승시켜 두통, 구토 등의 증상이 나타날 수 있음","","Nalidixic Acid(날리딕스산)",""
"특정연령대금기","단일",D000357,Olanzapine,"올란자핀","","필름코팅정",202203601,"영진올란자핀정5밀리그램",20220919,"영진약품(주)","흰색의 원형 필름코팅정제",01170,"정신신경용제","전문의약품","[M089222]올란자핀",20140109,"(정제)- 안전성 및 유효성 미확립- 체중증가, 진정, 총콜레스테롤, 중성지방, LDL콜레스테롤, 프로락틴과 간 아미노트랜스퍼라제 수치가 성인에 비해 증가(주사제)- 안전성 및 유효성 미확립","","Olanzapine(올란자핀)",""
"특정연령대금기","단일",D000357,Olanzapine,"올란자핀","","필름코팅정",202400667,"자이프렉사정2.5밀리그램(올란자핀)",20240327,"(주)보령","필름코팅된 백색의 원형정제",01170,"정신신경용제","전문의약품","[M089222]올란자핀",20140109,"(정제)- 안전성 및 유효성 미확립- 체중증가, 진정, 총콜레스테롤, 중성지방, LDL콜레스테롤, 프로락틴과 간 아미노트랜스퍼라제 수치가 성인에 비해 증가(주사제)- 안전성 및 유효성 미확립","","Olanzapine(올란자핀)",""
"특정연령대금기","단일",D000357,Olanzapine,"올란자핀","","필름코팅정",202400668,"자이프렉사정5밀리그램(올란자핀)",20240327,"(주)보령","필름코팅된 백색의 원형정제",01170,"정신신경용제","전문의약품","[M089222]올란자핀",20140109,"(정제)- 안전성 및 유효성 미확립- 체중증가, 진정, 총콜레스테롤, 중성지방, LDL콜레스테롤, 프로락틴과 간 아미노트랜스퍼라제 수치가 성인에 비해 증가(주사제)- 안전성 및 유효성 미확립","","Olanzapine(올란자핀)",""
"특정연령대금기","단일",D000357,Olanzapine,"올란자핀","","필름코팅정",202400669,"자이프렉사정10밀리그램(올란자핀)",20240327,"(주)보령","필름코팅된 백색의 원형정제",01170,"정신신경용제","전문의약품","[M089222]올란자핀",20140109,"(정제)- 안전성 및 유효성 미확립- 체중증가, 진정, 총콜레스테롤, 중성지방, LDL콜레스테롤, 프로락틴과 간 아미노트랜스퍼라제 수치가 성인에 비해 증가(주사제)- 안전성 및 유효성 미확립","","Olanzapine(올란자핀)",""
"특정연령대금기","단일",D000357,"Olanzapine Micronized","미세올란자핀","","구강붕해정",202400728,"자이프렉사자이디스확산정5밀리그램(미세올란자핀)",20240401,"한국릴리(유)","황색의 둥근 동결건조된 정제",01170,"정신신경용제","전문의약품","[M233301]미세올란자핀",20140109,"(정제)- 안전성 및 유효성 미확립- 체중증가, 진정, 총콜레스테롤, 중성지방, LDL콜레스테롤, 프로락틴과 간 아미노트랜스퍼라제 수치가 성인에 비해 증가(주사제)- 안전성 및 유효성 미확립","","Olanzapine Micronized(미세올란자핀)",""
"특정연령대금기","단일",D000357,"Olanzapine Micronized","미세올란자핀","","구강붕해정",202400729,"자이프렉사자이디스확산정10밀리그램(미세올란자핀)",20240401,"한국릴리(유)","황색의 둥근 동결건조된 정제",01170,"정신신경용제","전문의약품","[M233301]미세올란자핀",20140109,"(정제)- 안전성 및 유효성 미확립- 체중증가, 진정, 총콜레스테롤, 중성지방, LDL콜레스테롤, 프로락틴과 간 아미노트랜스퍼라제 수치가 성인에 비해 증가(주사제)- 안전성 및 유효성 미확립","","Olanzapine Micronized(미세올란자핀)",""
"특정연령대금기","단일",D000357,Olanzapine,"올란자핀","","필름코팅정",202402585,"자이자핀정2.5밀리그램(올란자핀)",20241104,"한림제약(주)","흰색의 원형 필름코팅정",01170,"정신신경용제","전문의약품","[M089222]올란자핀",20140109,"(정제)- 안전성 및 유효성 미확립- 체중증가, 진정, 총콜레스테롤, 중성지방, LDL콜레스테롤, 프로락틴과 간 아미노트랜스퍼라제 수치가 성인에 비해 증가(주사제)- 안전성 및 유효성 미확립","","Olanzapine(올란자핀)",""
"특정연령대금기","단일",D000357,Olanzapine,"올란자핀","","필름코팅정",202501982,"올자펙스정2.5밀리그램(올란자핀)",20250730,"(주)한국파마","흰색의 원형 필름코팅정",01170,"정신신경용제","전문의약품","[M089222]올란자핀",20140109,"(정제)- 안전성 및 유효성 미확립- 체중증가, 진정, 총콜레스테롤, 중성지방, LDL콜레스테롤, 프로락틴과 간 아미노트랜스퍼라제 수치가 성인에 비해 증가(주사제)- 안전성 및 유효성 미확립","","Olanzapine(올란자핀)",""
"특정연령대금기","단일",D000356,"Oxycodone Hydrochloride","옥시코돈염산염","","서방성필름코팅정",200009386,"옥시콘틴서방정10밀리그램(옥시코돈염산염)",20000901,"한국먼디파마 유한회사","흰색의 양면이 볼록한 원형 서방성 필름코팅정",08210,"합성마약","전문의약품","[M238042]옥시코돈염산염",20140109,"안전성 및 유효성 미확립","","Oxycodone Hydrochloride(옥시코돈염산염)",""
"특정연령대금기","단일",D000356,"Oxycodone Hydrochloride","옥시코돈염산염","","서방성필름코팅정",200009387,"옥시콘틴서방정20밀리그램(옥시코돈염산염)",20000901,"한국먼디파마 유한회사","분홍색의 양면이 볼록한 원형 서방성 필름코팅정",08210,"합성마약","전문의약품","[M238042]옥시코돈염산염",20140109,"안전성 및 유효성 미확립","","Oxycodone Hydrochloride(옥시코돈염산염)",""
"특정연령대금기","단일",D000356,"Oxycodone Hydrochloride","옥시코돈염산염","","서방성필름코팅정",200009388,"옥시콘틴서방정40밀리그램(옥시코돈염산염)",20000901,"한국먼디파마 유한회사","노란색의 양면이 볼록한 원형 서방성 필름코팅정",08210,"합성마약","전문의약품","[M238042]옥시코돈염산염",20140109,"안전성 및 유효성 미확립","","Oxycodone Hydrochloride(옥시코돈염산염)",""
"특정연령대금기","단일",D000356,"Oxycodone Hydrochloride","옥시코돈염산염","","나정",200109958,"아이알코돈정5밀리그램(옥시코돈염산염)",20011015,"유니메드제약(주)","흰색의 원형정제",08210,"합성마약","전문의약품","[M238042]옥시코돈염산염",20140109,"안전성 및 유효성 미확립","","Oxycodone Hydrochloride(옥시코돈염산염)",""
"특정연령대금기","단일",D000356,"Oxycodone Hydrochloride","옥시코돈염산염","","나정",200210687,"오코돈정5밀리그램(옥시코돈염산염)",20021029,"하나제약(주)","흰색의 원형 정제",08210,"합성마약","전문의약품","[M238042]옥시코돈염산염",20140109,"안전성 및 유효성 미확립","","Oxycodone Hydrochloride(옥시코돈염산염)",""
"특정연령대금기","단일",D000356,"Oxycodone Hydrochloride","옥시코돈염산염","","서방성필름코팅정",200902333,"옥시콘틴서방정80mg(옥시코돈염산염)",20090331,"한국먼디파마 유한회사","녹색의 양면이 볼록한 원형 서방성 필름코팅정",08210,"합성마약","전문의약품","[M238042]옥시코돈염산염",20140109,"안전성 및 유효성 미확립","","Oxycodone Hydrochloride(옥시코돈염산염)",""
"특정연령대금기","단일",D000356,"Oxycodone Hydrochloride","옥시코돈염산염","","용액주사제",200902334,"옥시넘주사10mg/ml(옥시코돈염산염)",20090331,"한국먼디파마 유한회사","무색 투명한 멸균용액이 든 앰플.",08210,"합성마약","전문의약품","[M238042]옥시코돈염산염",20140109,"안전성 및 유효성 미확립","","Oxycodone Hydrochloride(옥시코돈염산염)",""
"특정연령대금기","단일",D000356,"Oxycodone Hydrochloride","옥시코돈염산염","","나정",201103944,"엠피돈정5mg(옥시코돈염산염)(수출용)",20110624,"명문제약(주)","흰색의 원형 정제",08210,"합성마약","전문의약품","[M238042]옥시코돈염산염",20140109,"안전성 및 유효성 미확립","","Oxycodone Hydrochloride(옥시코돈염산염)",""
"특정연령대금기","단일",D000356,"Oxycodone Hydrochloride","옥시코돈염산염","","나정",201200682,"아이알코돈정10밀리그램(옥시코돈염산염)",20120201,"유니메드제약(주)","흰색의 장방형 정제",08210,"합성마약","전문의약품","[M238042]옥시코돈염산염",20140109,"안전성 및 유효성 미확립","","Oxycodone Hydrochloride(옥시코돈염산염)",""
"특정연령대금기","단일",D000356,"Oxycodone Hydrochloride","옥시코돈염산염","","서방성필름코팅정",201306040,"엠피돈서방정20mg(옥시코돈염산염)(수출용)",20130306,"명문제약(주)","분홍색의 원형 서방성 제피정",08210,"합성마약","전문의약품","[M238042]옥시코돈염산염",20140109,"안전성 및 유효성 미확립","","Oxycodone Hydrochloride(옥시코돈염산염)",""
"특정연령대금기","단일",D000356,"Oxycodone Hydrochloride","옥시코돈염산염","","서방성필름코팅정",201307450,"오코돈서방정10밀리그램(옥시코돈염산염)",20130523,"하나제약(주)","흰색의 원형 서방성 필름코팅정",08210,"합성마약","전문의약품","[M238042]옥시코돈염산염",20140109,"안전성 및 유효성 미확립","","Oxycodone Hydrochloride(옥시코돈염산염)",""
"특정연령대금기","단일",D000356,"Oxycodone Hydrochloride","옥시코돈염산염","","서방성필름코팅정",201307451,"오코돈서방정20밀리그램(옥시코돈염산염)",20130523,"하나제약(주)","분홍색의 원형 서방성 필름코팅정",08210,"합성마약","전문의약품","[M238042]옥시코돈염산염",20140109,"안전성 및 유효성 미확립","","Oxycodone Hydrochloride(옥시코돈염산염)",""
"특정연령대금기","단일",D000356,"Oxycodone Hydrochloride","옥시코돈염산염","","서방성필름코팅정",201400848,"오코돈서방정40밀리그램(옥시코돈염산염)",20140224,"하나제약(주)","노란색의 원형 서방성 필름코팅정",08210,"합성마약","전문의약품","[M238042]옥시코돈염산염",20140109,"안전성 및 유효성 미확립","","Oxycodone Hydrochloride(옥시코돈염산염)",""
"특정연령대금기","단일",D000356,"Oxycodone Hydrochloride","옥시코돈염산염","","서방성필름코팅정",201405885,"엠피돈서방정20mg(옥시코돈염산염)(수출용)",20141215,"명문제약(주)","분홍색의 원형 서방성 제피정",08210,"합성마약","전문의약품","[M238042]옥시코돈염산염",20140109,"안전성 및 유효성 미확립","","Oxycodone Hydrochloride(옥시코돈염산염)",""
"특정연령대금기","단일",D000356,"Oxycodone Hydrochloride","옥시코돈염산염","","서방성필름코팅정",201604156,"엠피돈서방정40mg(옥시코돈염산염)(수출용)",20160705,"명문제약(주)","노란색의 양면이 볼록한 원형 서방성 필름코팅정",08210,"합성마약","전문의약품","[M238042]옥시코돈염산염",20140109,"안전성 및 유효성 미확립","","Oxycodone Hydrochloride(옥시코돈염산염)",""
"특정연령대금기","단일",D000356,"Oxycodone Hydrochloride","옥시코돈염산염","","서방성필름코팅정",201604157,"엠피돈서방정10mg(옥시코돈염산염)(수출용)",20160705,"명문제약(주)","흰색의 양면이 볼록한 원형 서방성 필름코팅정",08210,"합성마약","전문의약품","[M238042]옥시코돈염산염",20140109,"안전성 및 유효성 미확립","","Oxycodone Hydrochloride(옥시코돈염산염)",""
"특정연령대금기","단일",D000356,"Oxycodone Hydrochloride","옥시코돈염산염","","서방성필름코팅정",201604319,"엠피돈서방정40mg(옥시코돈염산염)",20160714,"명문제약(주)","노란색의 양면이 볼록한 원형 서방성 필름코팅정",08210,"합성마약","전문의약품","[M238042]옥시코돈염산염",20140109,"안전성 및 유효성 미확립","","Oxycodone Hydrochloride(옥시코돈염산염)",""
"특정연령대금기","단일",D000356,"Oxycodone Hydrochloride","옥시코돈염산염","","서방성필름코팅정",201604320,"엠피돈서방정10mg(옥시코돈염산염)",20160714,"명문제약(주)","흰색의 양면이 볼록한 원형 서방성 필름코팅정",08210,"합성마약","전문의약품","[M238042]옥시코돈염산염",20140109,"안전성 및 유효성 미확립","","Oxycodone Hydrochloride(옥시코돈염산염)",""
"특정연령대금기","단일",D000356,"Oxycodone Hydrochloride","옥시코돈염산염","","나정",201605077,"오코돈정10밀리그램(옥시코돈염산염)",20160825,"하나제약(주)","청색의 원형 정제",08210,"합성마약","전문의약품","[M238042]옥시코돈염산염",20140109,"안전성 및 유효성 미확립","","Oxycodone Hydrochloride(옥시코돈염산염)",""
"특정연령대금기","단일",D000356,"Oxycodone Hydrochloride","옥시코돈염산염","","용액주사제",201706519,"오코돈주사10mg/mL(옥시코돈염산염)",20170810,"하나제약(주)","무색투명한 멸균용액이 든 앰플",08210,"합성마약","전문의약품","[M238042]옥시코돈염산염",20140109,"안전성 및 유효성 미확립","","Oxycodone Hydrochloride(옥시코돈염산염)",""
"특정연령대금기","단일",D000356,"Oxycodone Hydrochloride","옥시코돈염산염","","나정",202005937,"아이알코돈정20밀리그램(옥시코돈염산염)",20200821,"유니메드제약(주)","흰색의 팔각형 정제",08210,"합성마약","전문의약품","[M238042]옥시코돈염산염",20140109,"안전성 및 유효성 미확립","","Oxycodone Hydrochloride(옥시코돈염산염)",""
"특정연령대금기","단일",D000701,"Phendimetrazine Tartrate","펜디메트라진타르타르산염","","나정",199806846,"푸링정(펜디메트라진타르타르산염)",19980616,"알보젠코리아(주)","백색 원형의 정제",01230,"자율신경제","전문의약품","[M230784]펜디메트라진타르타르산염",20140109,"안전성 및 유효성 미확립","","Phendimetrazine Tartrate(펜디메트라진타르타르산염)",""
"특정연령대금기","단일",D000701,"Phendimetrazine Tartrate","펜디메트라진타르타르산염","","나정",200210718,"엔슬림정(펜디메트라진타르타르산염)",20020902,"조아제약(주)","흰색의 원형 정제",01230,"자율신경제","전문의약품","[M230784]펜디메트라진타르타르산염",20140109,"안전성 및 유효성 미확립","","Phendimetrazine Tartrate(펜디메트라진타르타르산염)",""
"특정연령대금기","단일",D000701,"Phendimetrazine Tartrate","펜디메트라진타르타르산염","","나정",200410824,"펜디씬정(펜디메트라진타르타르산염)",20040705,"(주)바이넥스","흰색의 원형 정제",01230,"자율신경제","전문의약품","[M230784]펜디메트라진타르타르산염",20140109,"안전성 및 유효성 미확립","","Phendimetrazine Tartrate(펜디메트라진타르타르산염)",""
"특정연령대금기","단일",D000701,"Phendimetrazine Tartrate","펜디메트라진타르타르산염","","나정",200410854,"페티노정(펜디메트라진타르타르산염)",20041208,"(주)팜젠사이언스","백색의 원형 정제",01230,"자율신경제","전문의약품","[M230784]펜디메트라진타르타르산염",20140109,"안전성 및 유효성 미확립","","Phendimetrazine Tartrate(펜디메트라진타르타르산염)",""
"특정연령대금기","단일",D000701,"Phendimetrazine Tartrate","펜디메트라진타르타르산염","","나정",200410866,"펜트라정(펜디메트라진타르타르산염)",20041221,"주식회사제뉴원사이언스","흰색의 원형정제",01230,"자율신경제","전문의약품","[M230784]펜디메트라진타르타르산염",20140109,"안전성 및 유효성 미확립","","Phendimetrazine Tartrate(펜디메트라진타르타르산염)",""
"특정연령대금기","단일",D000701,"Phendimetrazine Tartrate","펜디메트라진타르타르산염","","나정",200512146,"펜디라진정(펜디메트라진타르타르산염)",20051109,"대원제약(주)","흰색의 원형 정제",01230,"자율신경제","전문의약품","[M230784]펜디메트라진타르타르산염",20140109,"안전성 및 유효성 미확립","","Phendimetrazine Tartrate(펜디메트라진타르타르산염)",""
"특정연령대금기","단일",D000701,"Phendimetrazine Tartrate","펜디메트라진타르타르산염","","나정",200512153,"아드펜정(펜디메트라진타르타르산염)",20051109,"(주)한국파마","흰색의 원형정제",01230,"자율신경제","전문의약품","[M230784]펜디메트라진타르타르산염",20140109,"안전성 및 유효성 미확립","","Phendimetrazine Tartrate(펜디메트라진타르타르산염)",""
"특정연령대금기","단일",D000701,"Phendimetrazine Tartrate","펜디메트라진타르타르산염","","나정",200512155,"펜타씬정(펜디메트라진타르타르산염)",20051122,"명문제약(주)","흰색의 원형정제",01230,"자율신경제","전문의약품","[M230784]펜디메트라진타르타르산염",20140109,"안전성 및 유효성 미확립","","Phendimetrazine Tartrate(펜디메트라진타르타르산염)",""
"특정연령대금기","단일",D000701,"Phendimetrazine Tartrate","펜디메트라진타르타르산염","","나정",200512168,"펜디정(펜디메트라진타르타르산염)",20050804,"(주)휴온스","흰색 내지 미백색의 원형 정제",01230,"자율신경제","전문의약품","[M230784]펜디메트라진타르타르산염",20140109,"안전성 및 유효성 미확립","","Phendimetrazine Tartrate(펜디메트라진타르타르산염)",""
"특정연령대금기","단일",D000701,"Phendimetrazine Tartrate","펜디메트라진타르타르산염","","나정",200512174,"다이트린정(펜디메트라진타르타르산염)",20051017,"영일제약(주)","흰색의 원형 정제",01230,"자율신경제","전문의약품","[M230784]펜디메트라진타르타르산염",20140109,"안전성 및 유효성 미확립","","Phendimetrazine Tartrate(펜디메트라진타르타르산염)",""
"특정연령대금기","단일",D000701,"Phendimetrazine Tartrate","펜디메트라진타르타르산염","","나정",200604148,"펜디라정(펜디메트라진타르타르산염)",20060410,"(주)셀릭스","흰색의 원형 정제",01230,"자율신경제","전문의약품","[M230784]펜디메트라진타르타르산염",20140109,"안전성 및 유효성 미확립","","Phendimetrazine Tartrate(펜디메트라진타르타르산염)",""
"특정연령대금기","단일",D000701,"Phendimetrazine Tartrate","펜디메트라진타르타르산염","","나정",200604157,"펜틴정(펜디메트라진타르타르산염)",20060306,"대한뉴팜(주)","흰색의 원형정제",01230,"자율신경제","전문의약품","[M230784]펜디메트라진타르타르산염",20140109,"안전성 및 유효성 미확립","","Phendimetrazine Tartrate(펜디메트라진타르타르산염)",""
"특정연령대금기","단일",D000701,"Phendimetrazine Tartrate","펜디메트라진타르타르산염","","나정",200604158,"디에트정(펜디메트라진타르타르산염)",20060329,"(주)비보존제약","백색의 원형정제",01230,"자율신경제","전문의약품","[M230784]펜디메트라진타르타르산염",20140109,"안전성 및 유효성 미확립","","Phendimetrazine Tartrate(펜디메트라진타르타르산염)",""
"특정연령대금기","단일",D000701,"Phendimetrazine Tartrate","펜디메트라진타르타르산염","","나정",200604159,"라이트진정(펜디메트라진타르타르산염)",20060123,"동국제약(주)","백색의 원형정제",01230,"자율신경제","전문의약품","[M230784]펜디메트라진타르타르산염",20140109,"안전성 및 유효성 미확립","","Phendimetrazine Tartrate(펜디메트라진타르타르산염)",""
"특정연령대금기","단일",D000701,"Phendimetrazine Tartrate","펜디메트라진타르타르산염","","나정",200604162,"페닝정(펜디메트라진타르타르산염)",20060220,"태극제약(주)","흰색의 원형정제",01230,"자율신경제","전문의약품","[M230784]펜디메트라진타르타르산염",20140109,"안전성 및 유효성 미확립","","Phendimetrazine Tartrate(펜디메트라진타르타르산염)",""
"특정연령대금기","단일",D000701,"Phendimetrazine Tartrate","펜디메트라진타르타르산염","","나정",200604167,"펜홀드정(펜디메트라진타르타르산염)",20060306,"(주)제뉴파마","흰색의 원형정제",01230,"자율신경제","전문의약품","[M230784]펜디메트라진타르타르산염",20140109,"안전성 및 유효성 미확립","","Phendimetrazine Tartrate(펜디메트라진타르타르산염)",""
"특정연령대금기","단일",D000701,"Phendimetrazine Tartrate","펜디메트라진타르타르산염","","나정",200707106,"펜슬림정(펜디메트라진타르타르산염)",20070620,"하나제약(주)","흰색 원형의 정제",01230,"자율신경제","전문의약품","[M230784]펜디메트라진타르타르산염",20140109,"안전성 및 유효성 미확립","","Phendimetrazine Tartrate(펜디메트라진타르타르산염)",""
"특정연령대금기","단일",D000701,"Phendimetrazine Tartrate","펜디메트라진타르타르산염","","나정",200806249,"펜디민정(펜디메트라진타르타르산염)",20080605,"구주제약(주)","흰색의 원형 정제",01230,"자율신경제","전문의약품","[M230784]펜디메트라진타르타르산염",20140109,"안전성 및 유효성 미확립","","Phendimetrazine Tartrate(펜디메트라진타르타르산염)",""
"특정연령대금기","단일",D000701,"Phendimetrazine Tartrate","펜디메트라진타르타르산염","","나정",200807061,"펜디예뜨정(펜디메트라진타르타르산염)",20080626,"제이더블유신약(주)","흰색의 원형정제",01230,"자율신경제","전문의약품","[M230784]펜디메트라진타르타르산염",20140109,"안전성 및 유효성 미확립","","Phendimetrazine Tartrate(펜디메트라진타르타르산염)",""
"특정연령대금기","단일",D000701,"Phendimetrazine Tartrate","펜디메트라진타르타르산염","","나정",200908479,"펜디멘정(펜디메트라진타르타르산염)",20091207,"한국프라임제약(주)","흰색의 원형 정제",01230,"자율신경제","전문의약품","[M230784]펜디메트라진타르타르산염",20140109,"안전성 및 유효성 미확립","","Phendimetrazine Tartrate(펜디메트라진타르타르산염)",""
"특정연령대금기","단일",D000701,"Phendimetrazine Tartrate","펜디메트라진타르타르산염","","나정",201003646,"펜디진정35mg(펜디메트라진타르타르산염)",20100524,"(주)서울제약","흰색의 원형정제",01230,"자율신경제","전문의약품","[M230784]펜디메트라진타르타르산염",20140109,"안전성 및 유효성 미확립","","Phendimetrazine Tartrate(펜디메트라진타르타르산염)",""
"특정연령대금기","단일",D000701,"Phendimetrazine Tartrate","펜디메트라진타르타르산염","","나정",201101167,"펜디펜정(펜디메트라진타르타르산염)",20110309,"(주)에이프로젠바이오로직스","흰색의 원형 정제",01230,"자율신경제","전문의약품","[M230784]펜디메트라진타르타르산염",20140109,"안전성 및 유효성 미확립","","Phendimetrazine Tartrate(펜디메트라진타르타르산염)",""
"특정연령대금기","단일",D000701,"Phendimetrazine Tartrate","펜디메트라진타르타르산염","","나정",201604676,"푸링세미정(펜디메트라진타르타르산염)",20160728,"알보젠코리아(주)","흰색의 사각형 정제",01230,"자율신경제","전문의약품","[M230784]펜디메트라진타르타르산염",20140109,"안전성 및 유효성 미확립","","Phendimetrazine Tartrate(펜디메트라진타르타르산염)",""
"특정연령대금기","단일",D000701,"Phendimetrazine Tartrate","펜디메트라진타르타르산염","","나정",201702111,"펜디세미정(펜디메트라진타르타르산염)",20170426,"(주)휴온스","흰색 내지 미백색의 오각형 정제",01230,"자율신경제","전문의약품","[M230784]펜디메트라진타르타르산염",20140109,"안전성 및 유효성 미확립","","Phendimetrazine Tartrate(펜디메트라진타르타르산염)",""
"특정연령대금기","단일",D000795,"Phentermine Hydrochloride","펜터민염산염","","나정",200308495,"푸리민정37.5밀리그램(펜터민염산염)",20030812,"알보젠코리아(주)","백색의 나비넥타이 모양의 정제",01230,"자율신경제","전문의약품","[M238557]펜터민염산염",20140109,"안전성 및 유효성 미확립","","Phentermine Hydrochloride(펜터민염산염)",""
"특정연령대금기","단일",D000795,"Phentermine Hydrochloride","펜터민염산염","","나정",200308497,"아디펙스정37.5밀리그램(펜터민염산염)",20030929,"광동제약(주)","백색의 가운데가 오목한 장방형 정제",01230,"자율신경제","전문의약품","[M238557]펜터민염산염",20140109,"안전성 및 유효성 미확립","","Phentermine Hydrochloride(펜터민염산염)",""
"특정연령대금기","단일",D000795,"Phentermine Hydrochloride","펜터민염산염","","나정",200410823,"펜키니정(펜터민염산염)",20041230,"대원제약(주)","흰색의 나비넥타이 모양의 정제",01230,"자율신경제","전문의약품","[M238557]펜터민염산염",20140109,"안전성 및 유효성 미확립","","Phentermine Hydrochloride(펜터민염산염)",""
"특정연령대금기","단일",D000795,"Phentermine Hydrochloride","펜터민염산염","","나정",200410826,"펜트민정(펜터민염산염)",20040906,"(주)바이넥스","흰색의 나비넥타이모양의 정제",01230,"자율신경제","전문의약품","[M238557]펜터민염산염",20140109,"안전성 및 유효성 미확립","","Phentermine Hydrochloride(펜터민염산염)",""
"특정연령대금기","단일",D000795,"Phentermine Hydrochloride","펜터민염산염","","나정",200410853,"휴터민정(펜터민염산염)",20040817,"(주)휴온스","백색 내지 유백색의 타원형 정제",01230,"자율신경제","전문의약품","[M238557]펜터민염산염",20140109,"안전성 및 유효성 미확립","","Phentermine Hydrochloride(펜터민염산염)",""
"특정연령대금기","단일",D000795,"Phentermine Hydrochloride","펜터민염산염","","나정",200410855,"펜민정(펜터민염산염)",20041007,"영일제약(주)","백색 - 미백색의 장방형 정제",01230,"자율신경제","전문의약품","[M238557]펜터민염산염",20140109,"안전성 및 유효성 미확립","","Phentermine Hydrochloride(펜터민염산염)",""
"특정연령대금기","단일",D000795,"Phentermine Hydrochloride","펜터민염산염","","나정",200410862,"페스틴정(펜터민염산염)",20040827,"대한뉴팜(주)","흰색의 장방형 정제",01230,"자율신경제","전문의약품","[M238557]펜터민염산염",20140109,"안전성 및 유효성 미확립","","Phentermine Hydrochloride(펜터민염산염)",""
"특정연령대금기","단일",D000795,"Phentermine Hydrochloride","펜터민염산염","","나정",200410865,"케이터민정(펜터민염산염)",20041026,"주식회사제뉴원사이언스","흰색의 나비넥타이모양의 정제",01230,"자율신경제","전문의약품","[M238557]펜터민염산염",20140109,"안전성 및 유효성 미확립","","Phentermine Hydrochloride(펜터민염산염)",""
"특정연령대금기","단일",D000795,"Phentermine Hydrochloride","펜터민염산염","","나정",200512147,"펜타인정(펜터민염산염)",20050802,"일동제약(주)","흰색의 가운데가 오목한 장방형 정제",01230,"자율신경제","전문의약품","[M238557]펜터민염산염",20140109,"안전성 및 유효성 미확립","","Phentermine Hydrochloride(펜터민염산염)",""
"특정연령대금기","단일",D000795,"Phentermine Hydrochloride","펜터민염산염","","나정",200512148,"디에타민정(펜터민염산염)",20050421,"(주)대웅제약","흰색의 나비넥타이 모양의 정제",01230,"자율신경제","전문의약품","[M238557]펜터민염산염",20140109,"안전성 및 유효성 미확립","","Phentermine Hydrochloride(펜터민염산염)",""
"특정연령대금기","단일",D000795,"Phentermine Hydrochloride","펜터민염산염","","나정",200512154,"레디펜정(펜터민염산염)",20050901,"명문제약(주)","흰색의 나비넥타이모양의 정제",01230,"자율신경제","전문의약품","[M238557]펜터민염산염",20140109,"안전성 및 유효성 미확립","","Phentermine Hydrochloride(펜터민염산염)",""
"특정연령대금기","단일",D000795,"Phentermine Hydrochloride","펜터민염산염","","나정",200512161,"슬레민정(펜터민염산염)",20051222,"(주)메디카코리아","흰색의 나비넥타이 모양의 정제",01230,"자율신경제","전문의약품","[M238557]펜터민염산염",20140109,"안전성 및 유효성 미확립","","Phentermine Hydrochloride(펜터민염산염)",""
"특정연령대금기","단일",D000795,"Phentermine Hydrochloride","펜터민염산염","","나정",200512162,"로우칼정(펜터민염산염)",20050615,"유니메드제약(주)","흰색 또는 거의 흰색의 장방형정제",01230,"자율신경제","전문의약품","[M238557]펜터민염산염",20140109,"안전성 및 유효성 미확립","","Phentermine Hydrochloride(펜터민염산염)",""
"특정연령대금기","단일",D000795,"Phentermine Hydrochloride","펜터민염산염","","나정",200512167,"메타맥스정(펜터민염산염)",20050201,"구주제약(주)","흰색의 나비넥타이 모양의 정제",01230,"자율신경제","전문의약품","[M238557]펜터민염산염",20140109,"안전성 및 유효성 미확립","","Phentermine Hydrochloride(펜터민염산염)",""
"특정연령대금기","단일",D000795,"Phentermine Hydrochloride","펜터민염산염","","나정",200512175,"레티스정(펜터민염산염)",20050618,"(주)비보존제약","흰색의 나비넥타이형 정제",01230,"자율신경제","전문의약품","[M238557]펜터민염산염",20140109,"안전성 및 유효성 미확립","","Phentermine Hydrochloride(펜터민염산염)",""
"특정연령대금기","단일",D000795,"Phentermine Hydrochloride","펜터민염산염","","나정",200512177,"틴틴정(펜터민염산염)",20051125,"(주)에이프로젠바이오로직스","흰색의 가운데가 오목한 장방형 정제",01230,"자율신경제","전문의약품","[M238557]펜터민염산염",20140109,"안전성 및 유효성 미확립","","Phentermine Hydrochloride(펜터민염산염)",""
"특정연령대금기","단일",D000795,"Phentermine Hydrochloride","펜터민염산염","","나정",200604150,"펜타지아정(펜터민염산염)",20060126,"(주)휴비스트제약","흰색의 장방형 정제",01230,"자율신경제","전문의약품","[M238557]펜터민염산염",20140109,"안전성 및 유효성 미확립","","Phentermine Hydrochloride(펜터민염산염)",""
"특정연령대금기","단일",D000795,"Phentermine Hydrochloride","펜터민염산염","","나정",200604153,"로페트정(펜터민염산염)",20060217,"(주)팜젠사이언스","흰색의 장방형 정제",01230,"자율신경제","전문의약품","[M238557]펜터민염산염",20140109,"안전성 및 유효성 미확립","","Phentermine Hydrochloride(펜터민염산염)",""
"특정연령대금기","단일",D000795,"Phentermine Hydrochloride","펜터민염산염","","나정",200604160,"비엠진정(펜터민염산염)",20060306,"동국제약(주)","흰색의 나비넥타이형 정제",01230,"자율신경제","전문의약품","[M238557]펜터민염산염",20140109,"안전성 및 유효성 미확립","","Phentermine Hydrochloride(펜터민염산염)",""
"특정연령대금기","단일",D000795,"Phentermine Hydrochloride","펜터민염산염","","나정",200604163,"페니민정(펜터민염산염)",20060220,"태극제약(주)","흰색의 나비넥타이형 정제",01230,"자율신경제","전문의약품","[M238557]펜터민염산염",20140109,"안전성 및 유효성 미확립","","Phentermine Hydrochloride(펜터민염산염)",""
"특정연령대금기","단일",D000795,"Phentermine Hydrochloride","펜터민염산염","","나정",200604164,"웰트민정(펜터민염산염)",20060106,"(주)서울제약","흰색의 땅콩모양의 정제",01230,"자율신경제","전문의약품","[M238557]펜터민염산염",20140109,"안전성 및 유효성 미확립","","Phentermine Hydrochloride(펜터민염산염)",""
"특정연령대금기","단일",D000795,"Phentermine Hydrochloride","펜터민염산염","","나정",200604166,"비터펜정(펜터민염산염)",20060306,"(주)제뉴파마","흰색의 나비넥타이형 정제",01230,"자율신경제","전문의약품","[M238557]펜터민염산염",20140109,"안전성 및 유효성 미확립","","Phentermine Hydrochloride(펜터민염산염)",""
"특정연령대금기","단일",D000795,"Phentermine Hydrochloride","펜터민염산염","","나정",200604169,"아트민정(펜터민염산염)",20060322,"(주)마더스제약","흰색 또는 거의 흰색의 장방형정제",01230,"자율신경제","전문의약품","[M238557]펜터민염산염",20140109,"안전성 및 유효성 미확립","","Phentermine Hydrochloride(펜터민염산염)",""
"특정연령대금기","단일",D000795,"Phentermine Hydrochloride","펜터민염산염","","나정",200610878,"씬스펜정(펜터민염산염)",20060901,"조아제약(주)","흰색의 장방형 나정",01230,"자율신경제","전문의약품","[M238557]펜터민염산염",20140109,"안전성 및 유효성 미확립","","Phentermine Hydrochloride(펜터민염산염)",""
"특정연령대금기","단일",D000795,"Phentermine Hydrochloride","펜터민염산염","","나정",200611551,"펜터미정(펜터민염산염)",20061129,"제이더블유신약(주)","흰색의 가운데가 오목한 장방형 정제",01230,"자율신경제","전문의약품","[M238557]펜터민염산염",20140109,"안전성 및 유효성 미확립","","Phentermine Hydrochloride(펜터민염산염)",""
"특정연령대금기","단일",D000795,"Phentermine Hydrochloride","펜터민염산염","","서방성캡슐제, 펠렛",200711284,"판베시서방캡슐 30밀리그램(펜터민염산염)",20071011,"부광약품(주)","미백색의 서방성 과립제가 충전된 상-진청색, 하-무색투명의 캡슐제",01230,"자율신경제","전문의약품","[M238557]펜터민염산염",20140109,"안전성 및 유효성 미확립","","Phentermine Hydrochloride(펜터민염산염)",""
"특정연령대금기","단일",D000795,"Phentermine Hydrochloride","펜터민염산염","","나정",200908478,"펜더정(펜터민염산염)",20091207,"한국프라임제약(주)","흰색의 나비넥타이 모양의 정제",01230,"자율신경제","전문의약품","[M238557]펜터민염산염",20140109,"안전성 및 유효성 미확립","","Phentermine Hydrochloride(펜터민염산염)",""
"특정연령대금기","단일",D000795,"Phentermine Hydrochloride","펜터민염산염","","나정",201004413,"대화노브제정(펜터민염산염)",20100706,"대화제약(주)","흰색 원형의 정제",01230,"자율신경제","전문의약품","[M238557]펜터민염산염",20140109,"안전성 및 유효성 미확립","","Phentermine Hydrochloride(펜터민염산염)",""
"특정연령대금기","단일",D000795,"Phentermine Hydrochloride","펜터민염산염","","나정",201109904,"메타맥스정(펜터민염산염)(수출용)",20111111,"구주제약(주)","흰색의 나비넥타이 모양의 정제",01230,"자율신경제","전문의약품","[M238557]펜터민염산염",20140109,"안전성 및 유효성 미확립","","Phentermine Hydrochloride(펜터민염산염)",""
"특정연령대금기","단일",D000795,"Phentermine Hydrochloride","펜터민염산염","","나정",201111544,"휴온스펜터민염산염정(수출용)",20111227,"(주)휴온스","백색 또는 유백색의 타원형 정제",01230,"자율신경제","전문의약품","[M238557]펜터민염산염",20140109,"안전성 및 유효성 미확립","","Phentermine Hydrochloride(펜터민염산염)",""
"특정연령대금기","단일",D000795,"Phentermine Hydrochloride","펜터민염산염","","나정",201205550,"아디펙스정18.75mg(펜터민염산염)",20120615,"광동제약(주)","백색의 원형 정제",01230,"자율신경제","전문의약품","[M238557]펜터민염산염",20140109,"안전성 및 유효성 미확립","","Phentermine Hydrochloride(펜터민염산염)",""
"특정연령대금기","단일",D000795,"Phentermine Hydrochloride","펜터민염산염","","나정",201309968,"피티엠정(펜터민염산염)",20131030,"대한뉴팜(주)","흰색의 원형정제",01230,"자율신경제","전문의약품","[M238557]펜터민염산염",20140109,"안전성 및 유효성 미확립","","Phentermine Hydrochloride(펜터민염산염)",""
"특정연령대금기","단일",D000795,"Phentermine Hydrochloride","펜터민염산염","","나정",201309969,"휴터민세미정(펜터민염산염)",20131030,"(주)휴온스","연한 녹색의 타원형 정제",01230,"자율신경제","전문의약품","[M238557]펜터민염산염",20140109,"안전성 및 유효성 미확립","","Phentermine Hydrochloride(펜터민염산염)",""
"특정연령대금기","단일",D000795,"Phentermine Hydrochloride","펜터민염산염","","나정",201401685,"푸리민정18.75밀리그램(펜터민염산염)",20140410,"알보젠코리아(주)","분홍색의 강낭콩모양 정제",01230,"자율신경제","전문의약품","[M238557]펜터민염산염",20140109,"안전성 및 유효성 미확립","","Phentermine Hydrochloride(펜터민염산염)",""
"특정연령대금기","단일",D000795,"Phentermine Hydrochloride","펜터민염산염","","나정",201707866,"레디펜정(펜터민염산염)",20171110,"명문제약(주)","흰색의 나비넥타이모양의 정제",01230,"자율신경제","전문의약품","[M238557]펜터민염산염",20140109,"안전성 및 유효성 미확립","","Phentermine Hydrochloride(펜터민염산염)",""
"특정연령대금기","단일",D000307,Piracetam,"피라세탐","","경질캡슐제, 산제",200100695,"노세탐캅셀(피라세탐)(수출용)",20010706,"대우제약(주)","백색의 가루가 든 상부 주황색, 하부 백색의 경질캅셀제",01190,"기타의 중추신경용약","전문의약품","[M101651]피라세탐",20140109,_,"","Piracetam(피라세탐)",""
"특정연령대금기","단일",D000307,Piracetam,"피라세탐","","경질캡슐제, 산제",200101513,"피세탐캅셀(피라세탐)(수출용)",20010323,"(주)한국파마","백색분말이 든 상-주황색,하-백색의 캅셀제이다.",01190,"기타의 중추신경용약","전문의약품","[M101651]피라세탐",20140109,_,"","Piracetam(피라세탐)",""
"특정연령대금기","단일",D000307,Piracetam,"피라세탐","","필름코팅정",200101582,"라세탐정(피라세탐)(수출용)",20010622,"삼진제약(주)","백색의 필름코팅 정제",01190,"기타의 중추신경용약","전문의약품","[M101651]피라세탐",20140109,_,"","Piracetam(피라세탐)",""
"특정연령대금기","단일",D000307,Piracetam,"피라세탐","","용액주사제",200700757,"알파피라세탐주(피라세탐)(수출용)",20070118,"알파제약(주)","무색투명한 액이 들어있는 무색투명한 앰플",01190,"기타의 중추신경용약","전문의약품","[M101651]피라세탐",20140109,_,"","Piracetam(피라세탐)",""
"특정연령대금기","단일",D000307,Piracetam,"피라세탐","","용액주사제",200702152,"미브레인주 1g/5mL(피라세탐)(수출용)",20070216,"명인제약(주)","무색투명한 액이 들어있는 갈색앰플",01190,"기타의 중추신경용약","전문의약품","[M101651]피라세탐",20140109,_,"","Piracetam(피라세탐)",""
"특정연령대금기","단일",D000307,Piracetam,"피라세탐","","필름코팅정",200909045,"알파피라세탐정800mg(수출용)",20091223,"알파제약(주)","주황색의 타원형 필름코팅정",01190,"기타의 중추신경용약","전문의약품","[M101651]피라세탐",20140109,_,"","Piracetam(피라세탐)",""
"특정연령대금기","단일",D000307,Piracetam,"피라세탐","","용액주사제",201206816,"뉴스포크주(피라세탐)(수출용)(수출명：NEWSPORK Inj.)",20120917,"(주)넥스팜코리아","무색투명한 액이 들어있는 갈색앰플",01190,"기타의 중추신경용약","전문의약품","[M101651]피라세탐",20140109,_,"","Piracetam(피라세탐)",""
"특정연령대금기","단일",D000307,Piracetam,"피라세탐","","용액주사제",201401036,"포투탐주(피라세탐)(수출용)(수출명: Potutam inj.)",20140306,"(주)마더스제약","무색투명한 액이 든 무색 투명한 앰플",01190,"기타의 중추신경용약","전문의약품","[M101651]피라세탐",20140109,_,"","Piracetam(피라세탐)",""
"특정연령대금기","단일",D000307,Piracetam,"피라세탐","","용액주사제",201502445,"명문피라세탐주(수출용)",20150427,"명문제약(주)","무색투명한 액이 들어있는 무색투명한 앰플",01190,"기타의 중추신경용약","전문의약품","[M101651]피라세탐",20140109,_,"","Piracetam(피라세탐)",""
"특정연령대금기","단일",D000307,Piracetam,"피라세탐","","용액주사제",201503836,"아주피라세탐주200밀리그램(수출용)",20150612,"아주약품(주)","무색투명한 액이 들어있는 갈색앰플",01190,"기타의 중추신경용약","전문의약품","[M101651]피라세탐",20140109,_,"","Piracetam(피라세탐)",""
"특정연령대금기","단일",D000307,Piracetam,"피라세탐","","용액주사제",201504759,"비씨피라세탐주1g(수출용)",20150710,"(주)비씨월드제약","무색투명한 액이 들어있는 갈색 앰플",01190,"기타의 중추신경용약","전문의약품","[M101651]피라세탐",20140109,_,"","Piracetam(피라세탐)",""
"특정연령대금기","단일",D000307,Piracetam,"피라세탐","","필름코팅정",201507554,"메디카피라세탐정800밀리그램(피라세탐)(수출용)",20151103,"(주)메디카코리아","연한 주홍색의 장방형 필름코팅정",01190,"기타의 중추신경용약","전문의약품","[M101651]피라세탐",20140109,_,"","Piracetam(피라세탐)",""
"특정연령대금기","단일",D000307,Piracetam,"피라세탐","","경질캡슐제, 산제",201604556,"골드파세탐캡슐(피라세탐)(수출용)",20160722,"삼진제약(주)","흰색 가루가 충전된 상부 주황색, 하부 미백색의 경질 캡슐제",01190,"기타의 중추신경용약","전문의약품","[M101651]피라세탐",20140109,_,"","Piracetam(피라세탐)",""
"특정연령대금기","단일",D000210,"Calcium Polystyrene Sulfonate","폴리스티렌설폰산칼슘","","경구용현탁액제",202600178,"카립트현탁액(폴리스티렌설폰산칼슘)",20260120,"(주)넥스팜코리아","박하향과 감미가 있는 담황색의 현탁액",02190,"기타의 순환계용약","전문의약품","[M081346]폴리스티렌설폰산칼슘",20230705,_,"","Calcium Polystyrene Sulfonate(폴리스티렌설폰산칼슘)",""
"특정연령대금기","단일",D000210,"Calcium Polystyrene Sulfonate","폴리스티렌설폰산칼슘","","경구용현탁액제",202600391,"팜카로우현탁액(폴리스티렌설폰산칼슘)",20260211,"(주)한국팜비오","알루미늄 호일 파우치에 든 박하향과 감미가 있는 담황색의 현탁액",02190,"기타의 순환계용약","전문의약품","[M081346]폴리스티렌설폰산칼슘",20230705,_,"","Calcium Polystyrene Sulfonate(폴리스티렌설폰산칼슘)",""
"특정연령대금기","단일",D000064,"Tetracycline Hydrochloride","테트라사이클린염산염","","경질캡슐제, 산제",196000001,"테라싸이클린캅셀250밀리그람(염산테트라싸이클린)",19600614,"(주)종근당","황색의 결정 또는 결정성 가루가 들어 있는 상부는 갈색, 하부는 담회색의 캅셀이다.",06150,"주로 그람양성, 음성균, 리케치아, 비루스에 작용하는 것","전문의약품","[M223235]테트라사이클린염산염",20140109,"소아 등(특히 치아 형성기인 12세 미만의 소아)에 투여 시, 치아의 착색？법랑질 형성 부전, 또는 일과성 골발육 부전을 일으킬 수 있음","다만, 다른 약을 사용할 수 없거나 효과가 없는 경우에만 8세 이상 신중투여","Tetracycline Hydrochloride(테트라사이클린염산염)",20251211
"특정연령대금기","복합",D000546,Sulfamethoxazole,"설파메톡사졸","[D000067]Trimethoprim(트리메토프림)","나정",197000049,"셉트린정",19700925,"삼일제약(주)","흰색 또는 거의 흰색의 원형 정제",06210,"설화제","전문의약품","[M051623]트리메토프림/[M040283]설파메톡사졸",20140109,"고빌리루빈혈증을 일으킬 수 있음","","Sulfamethoxazole(설파메톡사졸)",20250922
"특정연령대금기","단일",D000446,"Silver Sulfadiazine","설파디아진은","","피부크림제",197500187,"실마진1%크림(설파디아진은)(수출명 : Emzin Cream Silver Sulfadiazine 1%)",19750520,"동화약품(주)","백색-미황색의 크림제",02630,"화농성질환용제","전문의약품","[M050775]설파디아진은",20140109,"- 안전성 및 유효성이 미확립- 미숙아, 신생아(생후 2개월이내)는 핵황달을 일으킬 가능성 증가","","Silver Sulfadiazine(설파디아진은)",20211224
"특정연령대금기","단일",D000446,"Silver Sulfadiazine","설파디아진은","","피부크림제",197600142,"일바돈크림(설파디아진은)",19760617,"일동제약(주)","백색의 크림제이다",02630,"화농성질환용제","전문의약품","[M050775]설파디아진은",20140109,"- 안전성 및 유효성이 미확립- 미숙아, 신생아(생후 2개월이내)는 핵황달을 일으킬 가능성 증가","","Silver Sulfadiazine(설파디아진은)",20211224
"특정연령대금기","단일",D000280,Talniflumate,"탈니플루메이트","","필름코팅정",198500515,"소말겐정(탈니플루메이트)",19850319,"알보젠코리아(주)","황색의 필름 코팅된 원형정제.",01140,"해열.진통.소염제","전문의약품","[M081412]탈니플루메이트",20140109,"소아 용량이 설정되어 있지 않음","","Talniflumate(탈니플루메이트)",20180609
"특정연령대금기","단일",D000586,Taurolidine,"타우로리딘","","용액주사제",198700927,"삼진타우로린주사2%(타우로리딘)",19870214,"삼진제약(주)","무색투명한 병에 든 무색 또는 담황색의 투명한 액제",06290,"기타의 화학요법제","전문의약품","[M081946]타우로리딘",20140109,_,"","Taurolidine(타우로리딘)",20080202
"특정연령대금기","단일",D000816,Pyrazinobutazone,"피라지노부타존","","경질캡슐제, 산제",198701736,"카루돌캡슐(피라지노부타존)(수출용)",19870325,"(주)유영제약","백색~엷은 황색분말이 들어있는 상하부 미색의 캡슐제",01140,"해열.진통.소염제","전문의약품","[M081982]피라지노부타존",20140109,_,"","Pyrazinobutazone(피라지노부타존)",20131014
"특정연령대금기","단일",D000280,Talniflumate,"탈니플루메이트","","필름코팅정",198800619,"앤세이드정(탈니플루메이트)",19880603,"동성제약(주)","황색의 필름 코팅된 원형정제",01140,"해열.진통.소염제","전문의약품","[M081412]탈니플루메이트",20140109,"소아 용량이 설정되어 있지 않음","","Talniflumate(탈니플루메이트)",20151112
"특정연령대금기","단일",D000681,"Terazosin Hydrochloride Hydrate","테라조신염산염수화물","","나정",199101124,"일양하이트린정1밀리그램(테라조신염산염수화물)",19910626,"일양약품(주)","백색의 원형 정제.",02590,"기타의 비뇨생식기관 및 항문용약","전문의약품","[M250456]테라조신염산염수화물",20140109,"안전성 및 유효성 미확립","","Terazosin Hydrochloride Hydrate(테라조신염산염수화물)",20140512
"특정연령대금기","단일",D000681,"Terazosin Hydrochloride Hydrate","테라조신염산염수화물","","나정",199101125,"일양하이트린정2밀리그램(테라조신염산염수화물)",19910626,"일양약품(주)","오랜지색 또는 노란색의 원형정제.",02590,"기타의 비뇨생식기관 및 항문용약","전문의약품","[M250456]테라조신염산염수화물",20140109,"안전성 및 유효성 미확립","","Terazosin Hydrochloride Hydrate(테라조신염산염수화물)",20170328
"특정연령대금기","단일",D000681,"Terazosin Hydrochloride Hydrate","테라조신염산염수화물","","나정",199301235,"일양하이트린정5밀리그램(테라조신염산염수화물)",19931115,"일양약품(주)","연한 녹색의 원형정제.",02590,"기타의 비뇨생식기관 및 항문용약","전문의약품","[M250456]테라조신염산염수화물",20140109,"안전성 및 유효성 미확립","","Terazosin Hydrochloride Hydrate(테라조신염산염수화물)",20170328
"특정연령대금기","단일",D000280,Talniflumate,"탈니플루메이트","","필름코팅정",199400570,"탈멘정(탈니플루메이트)",19941007,"대우제약(주)","황색의 필름 코팅된 원형정제",01140,"해열.진통.소염제","전문의약품","[M081412]탈니플루메이트",20140109,"소아 용량이 설정되어 있지 않음","","Talniflumate(탈니플루메이트)",20151112
"특정연령대금기","단일",D000280,Talniflumate,"탈니플루메이트","","필름코팅정",199400837,"탈루메트정(탈니플루메이트)",19941014,"태극제약(주)","주황색의 원형 필름코팅정제",01140,"해열.진통.소염제","전문의약품","[M081412]탈니플루메이트",20140109,"소아 용량이 설정되어 있지 않음","","Talniflumate(탈니플루메이트)",20181205
"특정연령대금기","단일",D000280,Talniflumate,"탈니플루메이트","","필름코팅정",199401132,"크리마인정(탈니플루메이트)",19941005,"삼진제약(주)","주황색 원형 필름코팅정제",01140,"해열.진통.소염제","전문의약품","[M081412]탈니플루메이트",20140109,"소아 용량이 설정되어 있지 않음","","Talniflumate(탈니플루메이트)",20180609
"특정연령대금기","단일",D000280,Talniflumate,"탈니플루메이트","","필름코팅정",199401625,"후루겐정(탈니플루메이트)",19941220,"하나제약(주)","진한 오렌지색의 원형 필름코팅 정제",01140,"해열.진통.소염제","전문의약품","[M081412]탈니플루메이트",20140109,"소아 용량이 설정되어 있지 않음","","Talniflumate(탈니플루메이트)",20180609
"특정연령대금기","단일",D000280,Talniflumate,"탈니플루메이트","","필름코팅정",199401949,"후루마정(탈니플루메이트)",19940929,"명문제약(주)","미황색의 원형 필름코팅정",01140,"해열.진통.소염제","전문의약품","[M081412]탈니플루메이트",20140109,"소아 용량이 설정되어 있지 않음","","Talniflumate(탈니플루메이트)",20151112
"특정연령대금기","단일",D000280,Talniflumate,"탈니플루메이트","","필름코팅정",199401998,"타프로스정(탈니플루메이트)",19940916,"(주)유영제약","백색의 원형 필름코팅정제",01140,"해열.진통.소염제","전문의약품","[M081412]탈니플루메이트/[M081412]탈니플루메이트",20140109,"소아 용량이 설정되어 있지 않음","","Talniflumate(탈니플루메이트)",20151112
"특정연령대금기","단일",D000280,Talniflumate,"탈니플루메이트","","필름코팅정",199500549,"탈로신정(탈니플루메이트)",19950107,"아주약품(주)","황색의 필름 코팅된 원형정제",01140,"해열.진통.소염제","전문의약품","[M081412]탈니플루메이트",20140109,"소아 용량이 설정되어 있지 않음","","Talniflumate(탈니플루메이트)",20151112
"특정연령대금기","단일",D000280,Talniflumate,"탈니플루메이트","","필름코팅정",199500646,"메이트정(탈니플루메이트)",19951121,"알리코제약(주)","주황색의 원형 필름코팅정",01140,"해열.진통.소염제","전문의약품","[M081412]탈니플루메이트",20140109,"소아 용량이 설정되어 있지 않음","","Talniflumate(탈니플루메이트)",20191001
"특정연령대금기","단일",D000280,Talniflumate,"탈니플루메이트","","필름코팅정",199501941,"신일탈니플루메이트정",19950819,"신일제약(주)","미황색의 원형 필름코팅정제",01140,"해열.진통.소염제","전문의약품","[M081412]탈니플루메이트",20140109,"소아 용량이 설정되어 있지 않음","","Talniflumate(탈니플루메이트)",20151112
"특정연령대금기","단일",D000816,Pyrazinobutazone,"피라지노부타존","","경질캡슐제, 산제",199502844,"파라지부존캅셀(피라지노부타존)(수출용)",19951006,"한국코러스(주)","백색의 분말이 들어있는 상, 하부 백색의 경질캅셀제",01140,"해열.진통.소염제","전문의약품","[M081982]피라지노부타존",20140109,_,"","Pyrazinobutazone(피라지노부타존)",20131014
"특정연령대금기","단일",D000280,Talniflumate,"탈니플루메이트","","필름코팅정",199502847,"타니메이트정(탈니플루메이트)(수출명:TamateTab, Tanipain Tab.)(수출용)",19951012,"한국코러스(주)","미황색의 원형필름코팅정제",01140,"해열.진통.소염제","전문의약품","[M081412]탈니플루메이트",20140109,"소아 용량이 설정되어 있지 않음","","Talniflumate(탈니플루메이트)",20151112
"특정연령대금기","단일",D000280,Talniflumate,"탈니플루메이트","","필름코팅정",199600038,"스토펜정(탈니플루메이트)",19960205,"신풍제약(주)","황색의 원형 필름코팅정",01140,"해열.진통.소염제","전문의약품","[M081412]탈니플루메이트",20140109,"소아 용량이 설정되어 있지 않음","","Talniflumate(탈니플루메이트)",20151112
"특정연령대금기","단일",D000280,Talniflumate,"탈니플루메이트","","필름코팅정",199601437,"프루틴정(탈니플루메이트)",19960402,"(주)한국파마","황색의 장방형 필름코팅정",01140,"해열.진통.소염제","전문의약품","[M081412]탈니플루메이트",20140109,"소아 용량이 설정되어 있지 않음","","Talniflumate(탈니플루메이트)",20151112
"특정연령대금기","단일",D000280,Talniflumate,"탈니플루메이트","","필름코팅정",199602149,"솔라메트정(탈니플루메이트)",19960229,"미래바이오제약(주)","주황색의 원형 필림코팅정",01140,"해열.진통.소염제","전문의약품","[M081412]탈니플루메이트",20140109,"소아 용량이 설정되어 있지 않음","","Talniflumate(탈니플루메이트)",20190315
"특정연령대금기","단일",D000384,"Tianeptine Sodium","티아넵틴나트륨","","당의정",199700688,"스타브론정(티아넵틴나트륨)",19971117,"제일약품(주)","이 약은 타원형의 백색 당의정이다.",01170,"정신신경용제","전문의약품","[M089308]티아넵틴나트륨",20140109,_,"","Tianeptine Sodium(티아넵틴나트륨)",20201222
"특정연령대금기","단일",D000280,Talniflumate,"탈니플루메이트","","필름코팅정",199702839,"하원탈니플루메이트정",19970203,"(주)하원제약","주황색의 원형 필름코팅정",01140,"해열.진통.소염제","전문의약품","[M081412]탈니플루메이트",20140109,"소아 용량이 설정되어 있지 않음","","Talniflumate(탈니플루메이트)",20160323
"특정연령대금기","단일",D000280,Talniflumate,"탈니플루메이트","","필름코팅정",199803062,"휴온스탈니플루메이트정",19981128,"(주)휴온스","주황색의 원형 필름코팅정",01140,"해열.진통.소염제","전문의약품","[M081412]탈니플루메이트",20140109,"소아 용량이 설정되어 있지 않음","","Talniflumate(탈니플루메이트)",20180723
"특정연령대금기","단일",D000727,Sulfasalazine,"설파살라진","","장용성필름코팅정",199803482,"조피린장용정(설파살라진)",19980511,"한림제약(주)","황색의 장용성 코팅정제",06210,"설화제","전문의약품","[M083653]설파살라진",20140109,"- 안전성 및 유효성 미확립- 고빌리루빈혈증을 일으킬 수 있음","","Sulfasalazine(설파살라진)",20221011
"특정연령대금기","단일",D000633,"Mometasone Furoate Monohydrate","모메타손푸로에이트일수화물","","일반현탁분무제",199806568,"나조넥스나잘스프레이(모메타손푸로에이트)",19980917,"한국오가논(주)","일정량씩 분무되는 용기에 든 백색 또는 거의 백색에 가까운 불투명 현탁액",01320,"이비과용제","전문의약품","[M264264]모메타손푸로에이트일수화물",20171106,"- 소아 환자에게 비강 코르티코스테로이드의 투여에 대한 임상시험에서 성장속도가 감소될 수 있다는 결과 나타남- 2세 미만에서 안전성 및 유효성 미확립","","Mometasone Furoate Monohydrate(모메타손푸로에이트일수화물)",20220201
"특정연령대금기","단일",D000727,Sulfasalazine,"설파살라진","","장용성필름코팅정",199806926,"사피루진이엔정500(설파살라진)(수출용)",19980331,"초당약품공업(주)","백색의 타원형 장용성 필름코팅정제",06210,"설화제","전문의약품","[M083653]설파살라진",20140109,"- 안전성 및 유효성 미확립- 고빌리루빈혈증을 일으킬 수 있음","","Sulfasalazine(설파살라진)",20221011
"특정연령대금기","단일",D000681,"Terazosin Hydrochloride Hydrate","테라조신염산염수화물","","나정",199900349,"테라팜정2밀리그램(테라조신염산염수화물)",19991118,"일동제약(주)","흰색의 원형정제",02590,"기타의 비뇨생식기관 및 항문용약","전문의약품","[M250456]테라조신염산염수화물",20140109,"안전성 및 유효성 미확립","","Terazosin Hydrochloride Hydrate(테라조신염산염수화물)",20180326
"특정연령대금기","단일",D000681,"Terazosin Hydrochloride Hydrate","테라조신염산염수화물","","나정",199901558,"테라신정(테라조신염산염수화물)",19990107,"대원제약(주)","오렌지색의 원형 정제",02590,"기타의 비뇨생식기관 및 항문용약","전문의약품","[M250456]테라조신염산염수화물",20140109,"안전성 및 유효성 미확립","","Terazosin Hydrochloride Hydrate(테라조신염산염수화물)",20210226
"특정연령대금기","단일",D000380,"Terbinafine Hydrochloride","테르비나핀염산염","","나정",199902015,"터비나정125밀리그램(테르비나핀염산염)",19990907,"고려제약(주)","백색의 원형정제",06290,"기타의 화학요법제","전문의약품","[M258362]테르비나핀염산염",20140109,"안전성 및 유효성 미확립","","Terbinafine Hydrochloride(테르비나핀염산염)",20200828
"특정연령대금기","단일",D000681,"Terazosin Hydrochloride Hydrate","테라조신염산염수화물","","나정",199903837,"히드린정2밀리그램(테라조신염산염수화물)",19991117,"유니메드제약(주)","연한 분홍색의 원형정제",02590,"기타의 비뇨생식기관 및 항문용약","전문의약품","[M250456]테라조신염산염수화물",20140109,"안전성 및 유효성 미확립","","Terazosin Hydrochloride Hydrate(테라조신염산염수화물)",20120808
"특정연령대금기","단일",D000193,"Sodium Ferric Gluconate Complex","글루콘산제이철나트륨착염","","경질캡슐제, 산제",200000569,"훼리탑캡슐(글루콘산제이철나트륨착염)",20000726,"일동제약(주)","적색의 가루가 충진된 상하부 적색의 경질 캡슐제",03220,"무기질제제","일반의약품","[M252430]글루콘산제이철나트륨착염",20140109,_,"","Sodium Ferric Gluconate Complex(글루콘산제이철나트륨착염)",20140806
"특정연령대금기","단일",D000193,"Sodium Ferric Gluconate Complex","글루콘산제이철나트륨복염","","경구용액제",200000570,"훼리탑액(글루콘산제이철나트륨착염)(수출용)",20000726,"일동제약(주)","갈색의 바이알에 적갈색 내지 진한 갈색의 액이 충진된 액제",03220,"무기질제제","일반의약품","[M089472]글루콘산제이철나트륨복염",20140109,_,"","Sodium Ferric Gluconate Complex(글루콘산제이철나트륨복염)",20060204
"특정연령대금기","단일",D000380,"Terbinafine Hydrochloride","테르비나핀염산염","","나정",200001859,"미코실정(테르비나핀염산염)",20000128,"대원제약(주)","흰색 내지 미백색의 원형 정제",06290,"기타의 화학요법제","전문의약품","[M252342]테르비나핀염산염",20140109,"안전성 및 유효성 미확립","","Terbinafine Hydrochloride(테르비나핀염산염)",20190825
"특정연령대금기","단일",D000681,"Terazosin Hydrochloride Hydrate","테라조신염산염수화물","","나정",200001896,"유로트린정(테라조신염산염수화물)수출명:테라넥스정(수출명:테라넥스정,KUPTERANEXTabs.)",20001019,"한국유나이티드제약(주)","주황색의 원형정제",02590,"기타의 비뇨생식기관 및 항문용약","전문의약품","[M250456]테라조신염산염수화물",20140109,"안전성 및 유효성 미확립","","Terazosin Hydrochloride Hydrate(테라조신염산염수화물)",20130502
"특정연령대금기","단일",D000380,"Terbinafine Hydrochloride","테르비나핀염산염","","나정",200100713,"리메신정(테르비나핀염산염)",20011106,"대우제약(주)","백색의 원형 정제",06290,"기타의 화학요법제","전문의약품","[M245869]테르비나핀염산염",20140109,"안전성 및 유효성 미확립","","Terbinafine Hydrochloride(테르비나핀염산염)",20190905
"특정연령대금기","단일",D000380,"Terbinafine Hydrochloride","테르비나핀염산염","","나정",200100779,"티비에프정125밀리그램(테르비나핀염산염)",20010515,"동화약품(주)","백색 내지 미백색의 원형 정제",06290,"기타의 화학요법제","전문의약품","[M245869]테르비나핀염산염",20140109,"안전성 및 유효성 미확립","","Terbinafine Hydrochloride(테르비나핀염산염)",20200429
"특정연령대금기","단일",D000380,"Terbinafine Hydrochloride","테르비나핀염산염","","나정",200101103,"라피덤정(테르비나핀염산염)",20010322,"환인제약(주)","흰색의 원형정제",06290,"기타의 화학요법제","전문의약품","[M245869]테르비나핀염산염",20140109,"안전성 및 유효성 미확립","","Terbinafine Hydrochloride(테르비나핀염산염)",20191014
"특정연령대금기","단일",D000280,Talniflumate,"탈니플루메이트","","필름코팅정",200101428,"유니온탈니플루메이트정",20010926,"한국유니온제약(주)","원형의 황색 필름코팅정제",01140,"해열.진통.소염제","전문의약품","[M081412]탈니플루메이트",20140109,"소아 용량이 설정되어 있지 않음","","Talniflumate(탈니플루메이트)",20190308
"특정연령대금기","단일",D000380,"Terbinafine Hydrochloride","테르비나핀염산염","","나정",200102268,"터빈정(테르비나핀염산염)",20010615,"경동제약(주)","흰색-미황색의 원형 정제",06290,"기타의 화학요법제","전문의약품","[M252342]테르비나핀염산염",20140109,"안전성 및 유효성 미확립","","Terbinafine Hydrochloride(테르비나핀염산염)",20191205
"특정연령대금기","단일",D000380,"Terbinafine Hydrochloride","테르비나핀염산염","","나정",200102644,"나무졸정(테르비나핀염산염)",20010110,"제이더블유신약(주)","흰색의 원형정제",06290,"기타의 화학요법제","전문의약품","[M245869]테르비나핀염산염",20140109,"안전성 및 유효성 미확립","","Terbinafine Hydrochloride(테르비나핀염산염)",20200205
"특정연령대금기","단일",D000681,"Terazosin Hydrochloride Hydrate","테라조신염산염수화물","","나정",200102845,"테로스정2밀리그램(테라조신염산염수화물)",20011008,"(주)하원제약","흰색의 원형 정제",02590,"기타의 비뇨생식기관 및 항문용약","전문의약품","[M250456]테라조신염산염수화물",20140109,"안전성 및 유효성 미확립","","Terazosin Hydrochloride Hydrate(테라조신염산염수화물)",20130213
"특정연령대금기","단일",D000380,"Terbinafine Hydrochloride","테르비나핀염산염","","나정",200102846,"레스포정(테르비나핀염산염)",20010924,"(주)하원제약","백색 내지 미황색의 원형 정제",06290,"기타의 화학요법제","전문의약품","[M245869]테르비나핀염산염",20140109,"안전성 및 유효성 미확립","","Terbinafine Hydrochloride(테르비나핀염산염)",20191001
"특정연령대금기","단일",D000181,Tadalafil,"타다라필","","필름코팅정",200108678,"시알리스정20밀리그램(타다라필)",20011031,"한국릴리(유)","""C20""이 음각된 노란색의 아몬드 모양 필름코팅정제",02590,"기타의 비뇨생식기관 및 항문용약","전문의약품","[M095435]타다라필",20140109,_,"","Tadalafil(타다라필)",20250115
"특정연령대금기","단일",D000681,"Terazosin Hydrochloride Hydrate","테라조신염산염수화물","","나정",200200074,"비판티정2mg(테라조신염산염수화물)",20020429,"신풍제약(주)","흰색의 원형 정제",02590,"기타의 비뇨생식기관 및 항문용약","전문의약품","[M250456]테라조신염산염수화물",20140109,"안전성 및 유효성 미확립","","Terazosin Hydrochloride Hydrate(테라조신염산염수화물)",20170523
"특정연령대금기","단일",D000681,"Terazosin Hydrochloride Hydrate","테라조신염산염수화물","","나정",200201339,"유니트린정2밀리그램(테라조신염산염수화물)",20020522,"한국유니온제약(주)","연한 주황색 내지 황색의 원형 정제",02590,"기타의 비뇨생식기관 및 항문용약","전문의약품","[M250456]테라조신염산염수화물",20140109,"안전성 및 유효성 미확립","","Terazosin Hydrochloride Hydrate(테라조신염산염수화물)",20190409
"특정연령대금기","단일",D000280,Talniflumate,"탈니플루메이트","","필름코팅정",200202362,"탈푸린정(탈니플루메이트)",20020319,"위더스제약(주)","주황색의 원형 필름코팅정",01140,"해열.진통.소염제","전문의약품","[M081412]탈니플루메이트",20140109,"소아 용량이 설정되어 있지 않음","","Talniflumate(탈니플루메이트)",20180618
"특정연령대금기","단일",D000484,"Teriparatide (rDNA, Host:E.coli K12RQ228, Vector:pHMM193)","테리파라타이드(유전자재조합)(숙주:E.coli K12RQ228, 벡터:pHMM193)","","용액주사제",200209623,"포스테오주(테리파라타이드)",20020712,"한국릴리(유)","무색투명한 액이 충진된 주사침이 없는 프리필드펜 주입기",02430,"갑상선, 부갑상선호르몬제","전문의약품","[M255493]테리파라타이드(유전자재조합)(숙주:E.coli K12RQ228, 벡터:pHMM193)",20140109,"- 안전성 및 유효성 미확립- 일반적으로 골육종 발현 위험이 높을 수 있음","","Teriparatide (rDNA, Host:E.coli K12RQ228, Vector:pHMM193)(테리파라타이드(유전자재조합)(숙주:E.coli K12RQ228, 벡터:pHMM193))",20210125
"특정연령대금기","단일",D000380,"Terbinafine Hydrochloride","테르비나핀염산염","","나정",200300413,"큐라실정125밀리그램(테르비나핀염산염)",20030909,"(주)유한양행","백색 내지 미백색의 원형 정제",06290,"기타의 화학요법제","전문의약품","[M245869]테르비나핀염산염",20140109,"안전성 및 유효성 미확립","","Terbinafine Hydrochloride(테르비나핀염산염)",20201207
"특정연령대금기","단일",D000681,"Terazosin Hydrochloride Hydrate","테라조신염산염수화물","","나정",200300567,"티지씨정2밀리그램(테라조신염산염수화물)",20030712,"동화약품(주)","연한 주황색의 원형정제",02590,"기타의 비뇨생식기관 및 항문용약","전문의약품","[M250456]테라조신염산염수화물",20140109,"안전성 및 유효성 미확립","","Terazosin Hydrochloride Hydrate(테라조신염산염수화물)",20200525
"특정연령대금기","단일",D000681,"Terazosin Hydrochloride Hydrate","테라조신염산염수화물","","나정",200300708,"테라졸정2밀리그램(테라조신염산염수화물)",20031016,"아주약품(주)","연한 주황색의 원형 정제",02590,"기타의 비뇨생식기관 및 항문용약","전문의약품","[M250456]테라조신염산염수화물",20140109,"안전성 및 유효성 미확립","","Terazosin Hydrochloride Hydrate(테라조신염산염수화물)",20200601
"특정연령대금기","단일",D000380,"Terbinafine Hydrochloride","테르비나핀염산염","","나정",200301101,"라모난정(테르비나핀염산염)",20030819,"(주)동구바이오제약","흰색의 원형 정제",06290,"기타의 화학요법제","전문의약품","[M245869]테르비나핀염산염",20140109,"안전성 및 유효성 미확립","","Terbinafine Hydrochloride(테르비나핀염산염)",20200731
"특정연령대금기","단일",D000681,"Terazosin Hydrochloride Hydrate","테라조신염산염수화물","","나정",200301107,"푸로조신정2밀리그램(테라조신염산염수화물)",20030328,"(주)동구바이오제약","연한 오렌지색의 원형 정제",02590,"기타의 비뇨생식기관 및 항문용약","전문의약품","[M250456]테라조신염산염수화물",20140109,"안전성 및 유효성 미확립","","Terazosin Hydrochloride Hydrate(테라조신염산염수화물)",20210215
"특정연령대금기","단일",D000681,"Terazosin Hydrochloride Hydrate","테라조신염산염수화물","","나정",200301836,"한미염산테라조신정2밀리그램",20031023,"한미약품(주)","연한 주황색의 원형 정제",02590,"기타의 비뇨생식기관 및 항문용약","전문의약품","[M250456]테라조신염산염수화물",20140109,"안전성 및 유효성 미확립","","Terazosin Hydrochloride Hydrate(테라조신염산염수화물)",20111128
"특정연령대금기","단일",D000181,Tadalafil,"타다라필","","필름코팅정",200307768,"시알리스정10밀리그램(타다라필)",20030729,"한국릴리(유)","""C10""이 음각된 노란색의 아몬드 모양 필름코팅정제",02590,"기타의 비뇨생식기관 및 항문용약","전문의약품","[M095435]타다라필",20140109,_,"","Tadalafil(타다라필)",20250115
"특정연령대금기","단일",D000380,"Terbinafine Hydrochloride","테르비나핀염산염","","나정",200307812,"라미실정125밀리그램(테르비나핀염산염)",20030303,"한국노바티스(주)","흰색 내지 연한 노란색의 원형 정제",06290,"기타의 화학요법제","전문의약품","[M245869]테르비나핀염산염",20140109,"안전성 및 유효성 미확립","","Terbinafine Hydrochloride(테르비나핀염산염)",20200205
"특정연령대금기","단일",D000380,"Terbinafine Hydrochloride","테르비나핀염산염","","나정",200308832,"테나빈정(테르비나핀염산염)",20030714,"한올바이오파마(주)","백색 내지 미백색의 원형 정제",06290,"기타의 화학요법제","전문의약품","[M245869]테르비나핀염산염",20140109,"안전성 및 유효성 미확립","","Terbinafine Hydrochloride(테르비나핀염산염)",20191106
"특정연령대금기","단일",D000681,"Terazosin Hydrochloride Hydrate","테라조신염산염수화물","","나정",200400798,"바소조신정2밀리그람(테라조신염산염수화물)",20040804,"(주)일화","연한주황색의  원형정제",02590,"기타의 비뇨생식기관 및 항문용약","전문의약품","[M250456]테라조신염산염수화물",20140109,"안전성 및 유효성 미확립","","Terazosin Hydrochloride Hydrate(테라조신염산염수화물)",20130227
"특정연령대금기","단일",D000380,"Terbinafine Hydrochloride","테르비나핀염산염","","나정",200400802,"테바핀정(테르비나핀염산염)",20040914,"(주)일화","백색의 원형 정제",06290,"기타의 화학요법제","전문의약품","[M245869]테르비나핀염산염",20140109,"안전성 및 유효성 미확립","","Terbinafine Hydrochloride(테르비나핀염산염)",20200901
"특정연령대금기","단일",D000280,Talniflumate,"탈니플루메이트","","필름코팅정",200400816,"타리마겐정(탈니플루메이트)",20040629,"(주)일화","주황색의 원형 필름코팅정",01140,"해열.진통.소염제","전문의약품","[M081412]탈니플루메이트",20140109,"소아 용량이 설정되어 있지 않음","","Talniflumate(탈니플루메이트)",20180801
"특정연령대금기","단일",D000681,"Terazosin Hydrochloride Hydrate","테라조신염산염수화물","","나정",200400946,"테라딘정(테라조신염산염수화물)",20040219,"(주)에이프로젠바이오로직스","흰색의 원형 정제",02590,"기타의 비뇨생식기관 및 항문용약","전문의약품","[M250456]테라조신염산염수화물",20140109,"안전성 및 유효성 미확립","","Terazosin Hydrochloride Hydrate(테라조신염산염수화물)",20120321
"특정연령대금기","단일",D000380,"Terbinafine Hydrochloride","테르비나핀염산염","","나정",200401144,"태극테르비나핀염산염정",20040503,"태극제약(주)","흰색의 원형정제",06290,"기타의 화학요법제","전문의약품","[M252342]테르비나핀염산염",20140109,"안전성 및 유효성 미확립","","Terbinafine Hydrochloride(테르비나핀염산염)",20191114
"특정연령대금기","단일",D000380,"Terbinafine Hydrochloride","테르비나핀염산염","","나정",200401370,"센토스정(테르비나핀염산염)",20041125,"(주)메디카코리아","흰색 내지 미백색의 원형 정제",06290,"기타의 화학요법제","전문의약품","[M252342]테르비나핀염산염",20140109,"안전성 및 유효성 미확립","","Terbinafine Hydrochloride(테르비나핀염산염)",20201218
"특정연령대금기","단일",D000280,Talniflumate,"탈니플루메이트","","필름코팅정",200401478,"리메이트정(탈니플루메이트)",20040511,"(주)동구바이오제약","황색의 원형 필름코팅정",01140,"해열.진통.소염제","전문의약품","[M081412]탈니플루메이트",20140109,"소아 용량이 설정되어 있지 않음","","Talniflumate(탈니플루메이트)",20171109
"특정연령대금기","단일",D000380,"Terbinafine Hydrochloride","테르비나핀염산염","","나정",200401589,"테비실정(테르비나핀염산염)",20041120,"(주)오스코리아제약","흰색 내지 거의 미색의 원형 정제",06290,"기타의 화학요법제","전문의약품","[M245869]테르비나핀염산염",20140109,"안전성 및 유효성 미확립","","Terbinafine Hydrochloride(테르비나핀염산염)",20190904
"특정연령대금기","단일",D000380,"Terbinafine Hydrochloride","테르비나핀염산염","","나정",200401720,"테르졸정(테르비나핀염산염)",20040529,"(주)한국파마","흰색의 원형정제",06290,"기타의 화학요법제","전문의약품","[M252342]테르비나핀염산염",20140109,"안전성 및 유효성 미확립","","Terbinafine Hydrochloride(테르비나핀염산염)",20190825
"특정연령대금기","단일",D000280,Talniflumate,"탈니플루메이트","","필름코팅정",200402408,"타말겐정(탈니플루메이트)",20040518,"(주)테라젠이텍스","주황색의 원형 필름코팅정",01140,"해열.진통.소염제","전문의약품","[M081412]탈니플루메이트",20140109,"소아 용량이 설정되어 있지 않음","","Talniflumate(탈니플루메이트)",20180711
"특정연령대금기","단일",D000380,"Terbinafine Hydrochloride","테르비나핀염산염","","나정",200402824,"테르나정(테르비나핀염산염)",20041119,"위더스제약(주)","흰색 내지 거의 미색의 원형정제",06290,"기타의 화학요법제","전문의약품","[M245869]테르비나핀염산염",20140109,"안전성 및 유효성 미확립","","Terbinafine Hydrochloride(테르비나핀염산염)",20191031
"특정연령대금기","단일",D000681,"Terazosin Hydrochloride Dihydrate","테라조신염산염수화물(이수화물)","","나정",200402943,"하이조신정2mg(테라조신염산염수화물)",20040930,"영풍제약(주)","옅은 오렌지색 내지 황색의 원형정제",02590,"기타의 비뇨생식기관 및 항문용약","전문의약품","[M256626]테라조신염산염수화물(이수화물)",20140109,"안전성 및 유효성 미확립","","Terazosin Hydrochloride Dihydrate(테라조신염산염수화물(이수화물))",20210304
"특정연령대금기","단일",D000727,Sulfasalazine,"설파살라진","","장용성필름코팅정",200403301,"아자설판장용정500밀리그램(설파살라진(살라조설파피리딘))(수출용)",20041230,"(주)유영제약","황색～황갈색 타원형의 장용성 필름코팅 정제",06210,"설화제","전문의약품","[M083653]설파살라진",20140109,"- 안전성 및 유효성 미확립- 고빌리루빈혈증을 일으킬 수 있음","","Sulfasalazine(설파살라진)",20221011
"특정연령대금기","단일",D000380,"Terbinafine Hydrochloride","테르비나핀염산염","","나정",200403309,"텔비나정(테르비나핀염산염)",20040331,"에스에스팜(주)","흰색의 원형 정제",06290,"기타의 화학요법제","전문의약품","[M245869]테르비나핀염산염",20140109,"안전성 및 유효성 미확립","","Terbinafine Hydrochloride(테르비나핀염산염)",20200429
"특정연령대금기","단일",D000681,"Terazosin Hydrochloride Hydrate","테라조신염산염수화물","","나정",200403335,"트라신정(테라조신염산염수화물)",20040618,"알보젠코리아(주)","연한 주황색의 원형정제",02590,"기타의 비뇨생식기관 및 항문용약","전문의약품","[M250456]테라조신염산염수화물",20140109,"안전성 및 유효성 미확립","","Terazosin Hydrochloride Hydrate(테라조신염산염수화물)",20201027
"특정연령대금기","단일",D000380,"Terbinafine Hydrochloride","테르비나핀염산염","","나정",200403413,"테미실정(테르비나핀염산염)",20041116,"삼익제약(주)","흰색 내지 미황색의 원형 정제",06290,"기타의 화학요법제","전문의약품","[M245869]테르비나핀염산염",20140109,"안전성 및 유효성 미확립","","Terbinafine Hydrochloride(테르비나핀염산염)",20200120
"특정연령대금기","단일",D000681,"Terazosin Hydrochloride Hydrate","테라조신염산염수화물","","나정",200403847,"테트린정2밀리그램(테라조신염산염수화물)",20040219,"대한뉴팜(주)","흰색의 원형 정제",02590,"기타의 비뇨생식기관 및 항문용약","전문의약품","[M250456]테라조신염산염수화물",20140109,"안전성 및 유효성 미확립","","Terazosin Hydrochloride Hydrate(테라조신염산염수화물)",20140522
"특정연령대금기","단일",D000280,Talniflumate,"탈니플루메이트","","필름코팅정",200404214,"탈루메이트정(탈니플루메이트)",20040611,"(주)넥스팜코리아","주황색의 원형 필름코팅정",01140,"해열.진통.소염제","전문의약품","[M081412]탈니플루메이트",20140109,"소아 용량이 설정되어 있지 않음","","Talniflumate(탈니플루메이트)",20151112
"특정연령대금기","단일",D000681,"Terazosin Hydrochloride Hydrate","테라조신염산염수화물","","나정",200404677,"테조신정2밀리그램(테라조신염산염수화물)",20040219,"주식회사제뉴원사이언스","주황색의 원형 정제",02590,"기타의 비뇨생식기관 및 항문용약","전문의약품","[M250456]테라조신염산염수화물",20140109,"안전성 및 유효성 미확립","","Terazosin Hydrochloride Hydrate(테라조신염산염수화물)",20130524
"특정연령대금기","단일",D000280,Talniflumate,"탈니플루메이트","","필름코팅정",200404684,"제뉴원탈니플루메이트정",20040313,"주식회사제뉴원사이언스","황색의 필름 코팅된 원형정제",01140,"해열.진통.소염제","전문의약품","[M081412]탈니플루메이트",20140109,"소아 용량이 설정되어 있지 않음","","Talniflumate(탈니플루메이트)",20210118
"특정연령대금기","단일",D000380,"Terbinafine Hydrochloride","테르비나핀염산염","","나정",200404722,"터나빈정(테르비나핀염산염)",20040126,"주식회사제뉴원사이언스","흰색의 원형 정제",06290,"기타의 화학요법제","전문의약품","[M245869]테르비나핀염산염",20140109,"안전성 및 유효성 미확립","","Terbinafine Hydrochloride(테르비나핀염산염)",20200611
"특정연령대금기","단일",D000280,Talniflumate,"탈니플루메이트","","필름코팅정",200404864,"트리메정(탈니플루메이트)",20041115,"(주)킵스바이오파마","주황색의 원형 필름코팅정",01140,"해열.진통.소염제","전문의약품","[M081412]탈니플루메이트",20140109,"소아 용량이 설정되어 있지 않음","","Talniflumate(탈니플루메이트)",20181107
"특정연령대금기","단일",D000681,"Terazosin Hydrochloride Hydrate","테라조신염산염수화물","","나정",200411042,"테라젠정2mg(테라조신염산염수화물)",20040923,"(주)셀릭스","옅은 오렌지색 내지 황색의 원형정제",02590,"기타의 비뇨생식기관 및 항문용약","전문의약품","[M250456]테라조신염산염수화물",20140109,"안전성 및 유효성 미확립","","Terazosin Hydrochloride Hydrate(테라조신염산염수화물)",20140414
"특정연령대금기","단일",D000681,"Terazosin Hydrochloride Hydrate","테라조신염산염수화물","","나정",200411062,"테레신정2밀리그람(테라조신염산염수화물)",20040823,"(주)테라젠이텍스","오렌지색의 원형 정제",02590,"기타의 비뇨생식기관 및 항문용약","전문의약품","[M250456]테라조신염산염수화물",20140109,"안전성 및 유효성 미확립","","Terazosin Hydrochloride Hydrate(테라조신염산염수화물)",20130619
"특정연령대금기","단일",D000681,"Terazosin Hydrochloride Hydrate","테라조신염산염수화물","","나정",200411086,"테라메드정(테라조신염산염수화물)",20040809,"구주제약(주)","흰색의 원형 정제",02590,"기타의 비뇨생식기관 및 항문용약","전문의약품","[M250456]테라조신염산염수화물",20140109,"안전성 및 유효성 미확립","","Terazosin Hydrochloride Hydrate(테라조신염산염수화물)",20200109
"특정연령대금기","단일",D000380,"Terbinafine Hydrochloride","테르비나핀염산염","","나정",200500538,"터비클린정(테르비나핀염산염)",20050428,"대웅바이오(주)","흰색의 원형정제",06290,"기타의 화학요법제","전문의약품","[M245869]테르비나핀염산염",20140109,"안전성 및 유효성 미확립","","Terbinafine Hydrochloride(테르비나핀염산염)",20210701
"특정연령대금기","단일",D000280,Talniflumate,"탈니플루메이트","","필름코팅정",200501801,"플루마겐정(탈니플루메이트)",20050316,"오스틴제약(주)","주황색의 원형 필름코팅정제",01140,"해열.진통.소염제","전문의약품","[M081412]탈니플루메이트",20140109,"소아 용량이 설정되어 있지 않음","","Talniflumate(탈니플루메이트)",20181008
"특정연령대금기","단일",D000681,"Terazosin Hydrochloride Hydrate","테라조신염산염수화물","","나정",200503303,"네오트린정(테라조신염산염수화물)",20051212,"(주)넥스팜코리아","연한 오렌지색의 원형 정제",02590,"기타의 비뇨생식기관 및 항문용약","전문의약품","[M250456]테라조신염산염수화물",20140109,"안전성 및 유효성 미확립","","Terazosin Hydrochloride Hydrate(테라조신염산염수화물)",20130625
"특정연령대금기","단일",D000279,"Tacrolimus Hydrate","타크로리무스 수화물","","피부연고제",200511278,"프로토픽연고0.03%(타크로리무스수화물)",20050531,"레오파마(유)","백색 내지 미황색의 연고",02690,"기타의 외피용약","전문의약품","[M227652]타크로리무스 수화물",20140109,"안전성 및 유효성 미확립","","Tacrolimus Hydrate(타크로리무스 수화물)",20240911
"특정연령대금기","단일",D000279,"Tacrolimus Hydrate","타크로리무스 수화물","","피부연고제",200511279,"프로토픽연고0.1%(타크로리무스수화물)",20050531,"레오파마(유)","백색 내지 미황색의 연고",02690,"기타의 외피용약","전문의약품","[M227652]타크로리무스 수화물",20140109,"안전성 및 유효성 미확립","","Tacrolimus Hydrate(타크로리무스 수화물)",20240911
"특정연령대금기","단일",D000183,"Sodium Tetradecyl Sulfate Concentrate","테트라데실황산나트륨콘센트레이트","","용액주사제",200606842,"파이브로베인주1%(테트라데실황산나트륨콘센트레이트)",20061002,"금청약품(주)","무색 투명한 앰플에 든 무색 투명한 주사액",03390,"기타의 혈액 및 체액용약","전문의약품","[M089182]테트라데실황산나트륨콘센트레이트",20140109,_,"","Sodium Tetradecyl Sulfate Concentrate(테트라데실황산나트륨콘센트레이트)",20170530
"특정연령대금기","단일",D000183,"Sodium Tetradecyl Sulfate Concentrate","테트라데실황산나트륨콘센트레이트","","용액주사제",200606843,"파이브로베인주3%(테트라데실황산나트륨콘센트레이트)",20061002,"금청약품(주)","무색투명한 앰플에 든 무색투명한 주사액",03390,"기타의 혈액 및 체액용약","전문의약품","[M089182]테트라데실황산나트륨콘센트레이트",20140109,_,"","Sodium Tetradecyl Sulfate Concentrate(테트라데실황산나트륨콘센트레이트)",20170530
"특정연령대금기","단일",D000380,"Terbinafine Hydrochloride","테르비나핀염산염","","나정",200607002,"베라핀정(테르비나핀염산염)",20060629,"영일제약(주)","흰색 내지 미백색의 원형정제",06290,"기타의 화학요법제","전문의약품","[M245869]테르비나핀염산염",20140109,"안전성 및 유효성 미확립","","Terbinafine Hydrochloride(테르비나핀염산염)",20200417
"특정연령대금기","단일",D000681,"Terazosin Hydrochloride","테라조신염산염","","나정",200608210,"하이조신정1mg(테라조신염산염)(수출용)",20061102,"영풍제약(주)","옅은 오렌지색 내지 황색의 원형정제",02590,"기타의 비뇨생식기관 및 항문용약","전문의약품","[M249200]테라조신염산염",20140109,"안전성 및 유효성 미확립","","Terazosin Hydrochloride(테라조신염산염)",20120117
"특정연령대금기","단일",D000184,Telbivudine,"텔비부딘","","필름코팅정",200611515,"세비보정(텔비부딘)",20061127,"부광약품(주)","약간의 미황색을 띠고 한 쪽면에 ‘LDT'가 새겨져 있으며경사진 모서리를 가진 타원형 필름코팅정",03910,"간장질환용제","전문의약품","[M210121]텔비부딘",20140109,"안전성 및 유효성 미확립","","Telbivudine(텔비부딘)",20170621
"특정연령대금기","단일",D000183,"Sodium Tetradecyl Sulfate Concentrate","테트라데실황산나트륨콘센트레이트","","용액주사제",200703316,"파이브로베인주3%바이알(테트라데실황산나트륨콘센트레이트)",20070321,"금청약품(주)","무색투명한 바이알에 든 무색투명한 주사액",03390,"기타의 혈액 및 체액용약","전문의약품","[M089182]테트라데실황산나트륨콘센트레이트",20140109,_,"","Sodium Tetradecyl Sulfate Concentrate(테트라데실황산나트륨콘센트레이트)",20170530
"특정연령대금기","복합",D000425,"Metoclopramide Hydrochloride Hydrate","염산메토클로프라미드","[D000814]Simethicone(시메티콘)/[D000815]Dizet100(다이제트100)","필름코팅정",200705123,"메토라제정(수출용)",20070503,"한국유니온제약(주)","흰색의 타원형 필름코팅정",02390,"기타의 소화기관용약","전문의약품","[M050466]염산메토클로프라미드/[M050855]시메치콘/[M095620]다이제트100",20140109,"추체외로장애 위험성 증가","","Metoclopramide Hydrochloride Hydrate(염산메토클로프라미드)",20140103
"특정연령대금기","단일",D000890,"Duloxetine Hydrochloride","둘록세틴염산염","","장용성캡슐제, 펠렛",200708838,"심발타캡슐30밀리그램(둘록세틴염산염)",20070730,"한국릴리(유)","흰색 장용성 구형과립이 들어있는 상부 청색, 하부 흰색의 경질 캡슐제",01170,"정신신경용제","전문의약품","[M258603]둘록세틴염산염",20161230,"소아 및 18세 미만의 청소년의 주요우울장애의 치료에는 사용해서는 안 됨.만 7세에서 17세까지의 주요우울장애 환자에서 플루옥세틴 군보다 이상사례(주로 오심)로 인한 중단 및 자살행동 높음.","다만, '주요 우울장애의 치료'에 한함","Duloxetine Hydrochloride(둘록세틴염산염)",20200411
"특정연령대금기","단일",D000890,"Duloxetine Hydrochloride","둘록세틴염산염","","장용성캡슐제, 펠렛",200708839,"심발타캡슐60밀리그램(둘록세틴염산염)",20070730,"한국릴리(유)","흰색 장용성 구형과립이 들어있는 상부 청색, 하부 노란 연두색의 경질 캡슐제",01170,"정신신경용제","전문의약품","[M258603]둘록세틴염산염",20161230,"소아 및 18세 미만의 청소년의 주요우울장애의 치료에는 사용해서는 안 됨.만 7세에서 17세까지의 주요우울장애 환자에서 플루옥세틴 군보다 이상사례(주로 오심)로 인한 중단 및 자살행동 높음.","다만, '주요 우울장애의 치료'에 한함","Duloxetine Hydrochloride(둘록세틴염산염)",20200411
"특정연령대금기","단일",D000280,Talniflumate,"탈니플루메이트","","필름코팅정",200802218,"베아겐정(탈니플루메이트)",20080226,"대웅바이오(주)","주황색의 원형 필름코팅정",01140,"해열.진통.소염제","전문의약품","[M081412]탈니플루메이트",20140109,"소아 용량이 설정되어 있지 않음","","Talniflumate(탈니플루메이트)",20190130
"특정연령대금기","단일",D000380,"Terbinafine Hydrochloride","테르비나핀염산염","","나정",200806414,"라미틴정(테르비나핀염산염)",20080611,"(주)킵스바이오파마","흰색 내지 거의 미색의 원형 정제",06290,"기타의 화학요법제","전문의약품","[M245869]테르비나핀염산염",20140109,"안전성 및 유효성 미확립","","Terbinafine Hydrochloride(테르비나핀염산염)",20200518
"특정연령대금기","단일",D000181,Tadalafil,"타다라필","","필름코팅정",200807091,"시알리스정5밀리그램(타다라필)",20080627,"한국릴리(유)","""C5""가 음각된 연한 노란색의 아몬드 모양 필름코팅정제",02590,"기타의 비뇨생식기관 및 항문용약","전문의약품","[M095435]타다라필",20140109,_,"","Tadalafil(타다라필)",20250115
"특정연령대금기","단일",D000633,"Mometasone Furoate","모메타손푸로에이트","","일반현탁분무제",200811429,"라이넥스나잘스프레이(모메타손푸로에이트)",20081204,"삼일제약(주)","일정량씩 분무되는 플라스틱 용기에 든 흰색을 띠는 반투명한 액",01320,"이비과용제","전문의약품","[M070188]모메타손푸로에이트",20171106,"- 소아 환자에게 비강 코르티코스테로이드의 투여에 대한 임상시험에서 성장속도가 감소될 수 있다는 결과 나타남- 2세 미만에서 안전성 및 유효성 미확립","","Mometasone Furoate(모메타손푸로에이트)",20210207
"특정연령대금기","단일",D000446,"Silver Sulfadiazine","설파디아진은","","피부크림제",200903988,"실버케어크림(설파디아진은)",20090608,"태극제약(주)","흰색 또는 연한 노란색의 크림제",02630,"화농성질환용제","전문의약품","[M050775]설파디아진은",20140109,"- 안전성 및 유효성이 미확립- 미숙아, 신생아(생후 2개월이내)는 핵황달을 일으킬 가능성 증가","","Silver Sulfadiazine(설파디아진은)",20211224
"특정연령대금기","단일",D000633,"Mometasone Furoate","모메타손푸로에이트","","일반현탁분무제",201003170,"모메탈나잘스프레이(모메타손푸로에이트)",20100430,"대한뉴팜(주)","일정량씩 분무되는 용기에 든 흰색 또는 거의 흰색에 가까운 불투명한 현탁액",01320,"이비과용제","전문의약품","[M070188]모메타손푸로에이트",20171106,"- 소아 환자에게 비강 코르티코스테로이드의 투여에 대한 임상시험에서 성장속도가 감소될 수 있다는 결과 나타남- 2세 미만에서 안전성 및 유효성 미확립","","Mometasone Furoate(모메타손푸로에이트)",20210207
"특정연령대금기","단일",D000633,"Mometasone Furoate","모메타손푸로에이트","","일반현탁분무제",201003171,"모니타존나잘스프레이(모메타손푸로에이트(미분화))",20100430,"일동제약(주)","흰색 또는 거의 흰색에 가까운 불투명한 현탁액이 일정량씩 분무되는 용기에 든 비강분무액",01320,"이비과용제","전문의약품","[M281840]모메타손푸로에이트(미분화)/[M070188]모메타손푸로에이트",20171106,"- 소아 환자에게 비강 코르티코스테로이드의 투여에 대한 임상시험에서 성장속도가 감소될 수 있다는 결과 나타남- 2세 미만에서 안전성 및 유효성 미확립","","Mometasone Furoate(모메타손푸로에이트)",20210207
"특정연령대금기","단일",D000633,"Mometasone Furoate","모메타손푸로에이트","","일반현탁분무제",201003172,"나조메가나잘스프레이(모메타손푸로에이트)",20100430,"(주)대웅제약","이 약은 흰색 또는 거의 흰색에 가까운 불투명한 현탁액이다.",01320,"이비과용제","전문의약품","[M070188]모메타손푸로에이트",20171106,"- 소아 환자에게 비강 코르티코스테로이드의 투여에 대한 임상시험에서 성장속도가 감소될 수 있다는 결과 나타남- 2세 미만에서 안전성 및 유효성 미확립","","Mometasone Furoate(모메타손푸로에이트)",20210207
"특정연령대금기","단일",D000633,"Mometasone Furoate","모메타손푸로에이트","","일반현탁분무제",201003228,"코비잘나잘스프레이(모메타손푸로에이트)",20100430,"아주약품(주)","일정량씩 분무되는 용기에 든 흰색 또는 거의 흰색에 가까운 불투명 현탁액",01320,"이비과용제","전문의약품","[M070188]모메타손푸로에이트",20171106,"- 소아 환자에게 비강 코르티코스테로이드의 투여에 대한 임상시험에서 성장속도가 감소될 수 있다는 결과 나타남- 2세 미만에서 안전성 및 유효성 미확립","","Mometasone Furoate(모메타손푸로에이트)",20210207
"특정연령대금기","단일",D000633,"Mometasone Furoate","모메타손푸로에이트","","정량현탁분무제",201005195,"나리넥스점비액(모메타손푸로에이트)",20100827,"삼천당제약(주)","일정량씩 분무되는 용기에 든 흰색 또는 거의 흰색에 가까운 불투명한 현탁액",01320,"이비과용제","전문의약품","[M070188]모메타손푸로에이트",20171106,"- 소아 환자에게 비강 코르티코스테로이드의 투여에 대한 임상시험에서 성장속도가 감소될 수 있다는 결과 나타남- 2세 미만에서 안전성 및 유효성 미확립","","Mometasone Furoate(모메타손푸로에이트)",20210207
"특정연령대금기","단일",D000633,"Mometasone Furoate","모메타손푸로에이트","","정량현탁분무제",201005198,"에이프로젠나잘스프레이(모메타손푸로에이트)",20100827,"(주)에이프로젠바이오로직스","일정량식 분무되는 용기에 든 흰색 또는 거의 흰색에 가까운 불투명한 현탁액",01320,"이비과용제","전문의약품","[M070188]모메타손푸로에이트",20171106,"- 소아 환자에게 비강 코르티코스테로이드의 투여에 대한 임상시험에서 성장속도가 감소될 수 있다는 결과 나타남- 2세 미만에서 안전성 및 유효성 미확립","","Mometasone Furoate(모메타손푸로에이트)",20210207
"특정연령대금기","단일",D000633,"Mometasone Furoate","모메타손푸로에이트","","정량현탁분무제",201005199,"네젤렉스나잘스프레이(모메타손푸로에이트)",20100827,"대원제약(주)","내수용 : 일정량씩 분무되는 용기에 든 흰색 또는 거의 흰색에 가까운 불투명한 현탁액수출용 : 흰색 또는 거의 흰색에 가까운 불투명한 현탁액이 일정량씩 분무되는 용기에 든 비강분무액",01320,"이비과용제","전문의약품","[M070188]모메타손푸로에이트/[M070188]모메타손푸로에이트",20171106,"- 소아 환자에게 비강 코르티코스테로이드의 투여에 대한 임상시험에서 성장속도가 감소될 수 있다는 결과 나타남- 2세 미만에서 안전성 및 유효성 미확립","","Mometasone Furoate(모메타손푸로에이트)",20210207
"특정연령대금기","단일",D000633,"Mometasone Furoate","모메타손푸로에이트","","정량현탁분무제",201005201,"나조코비나잘스프레이(모메타손푸로에이트)",20100827,"동광제약(주)","일정량씩 분무되는 용기에 든 흰색 또는 거의 흰색에 가까운 불투명 현탁액",01320,"이비과용제","전문의약품","[M070188]모메타손푸로에이트",20171106,"- 소아 환자에게 비강 코르티코스테로이드의 투여에 대한 임상시험에서 성장속도가 감소될 수 있다는 결과 나타남- 2세 미만에서 안전성 및 유효성 미확립","","Mometasone Furoate(모메타손푸로에이트)",20210207
"특정연령대금기","단일",D000633,"Mometasone Furoate","모메타손푸로에이트","","정량현탁분무제",201005202,"잘코넥스나잘스프레이(모메타손푸로에이트)",20100827,"제이더블유신약(주)","일정량씩 분무되는 용기에 든 흰색 또는 거의 흰색에 가까운 불투명 현탁액",01320,"이비과용제","전문의약품","[M070188]모메타손푸로에이트",20171106,"- 소아 환자에게 비강 코르티코스테로이드의 투여에 대한 임상시험에서 성장속도가 감소될 수 있다는 결과 나타남- 2세 미만에서 안전성 및 유효성 미확립","","Mometasone Furoate(모메타손푸로에이트)",20210207
"특정연령대금기","단일",D000633,"Mometasone Furoate","모메타손푸로에이트","","정량현탁분무제",201005203,"코비넥스나잘스프레이(모메타손푸로에이트)",20100827,"신풍제약(주)","일정량씩 분무되는 용기에 든 흰색 또는 거의 흰색에 가까운 불투명 현탁액",01320,"이비과용제","전문의약품","[M070188]모메타손푸로에이트",20171106,"- 소아 환자에게 비강 코르티코스테로이드의 투여에 대한 임상시험에서 성장속도가 감소될 수 있다는 결과 나타남- 2세 미만에서 안전성 및 유효성 미확립","","Mometasone Furoate(모메타손푸로에이트)",20210207
"특정연령대금기","단일",D000633,"Mometasone Furoate","모메타손푸로에이트","","정량현탁분무제",201005204,"모나손나잘스프레이(모메타손푸로에이트)",20100827,"영진약품(주)","일정량씩 분무되는 용기에 든 흰색 또는 거의 흰색에 가까운 불투명한 현탁액",01320,"이비과용제","전문의약품","[M070188]모메타손푸로에이트",20171106,"- 소아 환자에게 비강 코르티코스테로이드의 투여에 대한 임상시험에서 성장속도가 감소될 수 있다는 결과 나타남- 2세 미만에서 안전성 및 유효성 미확립","","Mometasone Furoate(모메타손푸로에이트)",20210207
"특정연령대금기","단일",D000633,"Mometasone Furoate","모메타손푸로에이트","","정량현탁분무제",201005216,"나코드린나잘스프레이(모메타손푸로에이트)",20100830,"경동제약(주)","일정량씩 분무되는 용기에 든 흰색 또는 거의 흰색에 가까운 불투명 현탁액",01320,"이비과용제","전문의약품","[M070188]모메타손푸로에이트",20171106,"- 소아 환자에게 비강 코르티코스테로이드의 투여에 대한 임상시험에서 성장속도가 감소될 수 있다는 결과 나타남- 2세 미만에서 안전성 및 유효성 미확립","","Mometasone Furoate(모메타손푸로에이트)",20210207
"특정연령대금기","단일",D000633,"Mometasone Furoate","모메타손푸로에이트","","정량현탁분무제",201005220,"나자타손나잘스프레이(모메타손푸로에이트)",20100830,"알보젠코리아(주)","일정량식 분무되는 용기에 든 흰색 또는 거의 흰색에 가까운 불투명한 현탁액",01320,"이비과용제","전문의약품","[M070188]모메타손푸로에이트",20171106,"- 소아 환자에게 비강 코르티코스테로이드의 투여에 대한 임상시험에서 성장속도가 감소될 수 있다는 결과 나타남- 2세 미만에서 안전성 및 유효성 미확립","","Mometasone Furoate(모메타손푸로에이트)",20210207
"특정연령대금기","단일",D000633,"Mometasone Furoate","모메타손푸로에이트","","정량현탁분무제",201005232,"리노넥스나잘스프레이(모메타손푸로에이트)",20100831,"삼아제약(주)","일정량씩 분무되는 용기에 든 흰색 또는 거의 흰색에 가까운 불투명한 현탁액",01320,"이비과용제","전문의약품","[M070188]모메타손푸로에이트",20171106,"- 소아 환자에게 비강 코르티코스테로이드의 투여에 대한 임상시험에서 성장속도가 감소될 수 있다는 결과 나타남- 2세 미만에서 안전성 및 유효성 미확립","","Mometasone Furoate(모메타손푸로에이트)",20210207
"특정연령대금기","단일",D000633,"Mometasone Furoate","모메타손푸로에이트","","정량현탁분무제",201005237,"나조맥스나잘스프레이(모메타손푸로에이트)",20100831,"주식회사더유제약","일정량씩 분무되는 용기에 든 흰색 또는 거의 흰색에 가까운 불투명 현탁액",01320,"이비과용제","전문의약품","[M070188]모메타손푸로에이트",20171106,"- 소아 환자에게 비강 코르티코스테로이드의 투여에 대한 임상시험에서 성장속도가 감소될 수 있다는 결과 나타남- 2세 미만에서 안전성 및 유효성 미확립","","Mometasone Furoate(모메타손푸로에이트)",20210207
"특정연령대금기","단일",D000384,"Tianeptine Sodium","티아넵틴나트륨","","필름코팅정",201103510,"스티론정(티아넵틴나트륨)",20110526,"(주)동구바이오제약","흰색의 타원형 필름코팅정",01170,"정신신경용제","전문의약품","[M089308]티아넵틴나트륨",20140109,_,"","Tianeptine Sodium(티아넵틴나트륨)",20200207
"특정연령대금기","단일",D000384,"Tianeptine Sodium","티아넵틴나트륨","","필름코팅정",201103511,"스타넵틴정(티아넵틴나트륨)",20110526,"동화약품(주)","흰색의 타원형 필름코팅정",01170,"정신신경용제","전문의약품","[M089308]티아넵틴나트륨",20140109,_,"","Tianeptine Sodium(티아넵틴나트륨)",20200429
"특정연령대금기","단일",D000384,"Tianeptine Sodium","티아넵틴나트륨","","필름코팅정",201103512,"케이넵틴정(티아넵틴나트륨)",20110526,"주식회사제뉴원사이언스","흰색의 타원형 필름코팅정",01170,"정신신경용제","전문의약품","[M089308]티아넵틴나트륨",20140109,_,"","Tianeptine Sodium(티아넵틴나트륨)",20200317
"특정연령대금기","단일",D000384,"Tianeptine Sodium","티아넵틴나트륨","","필름코팅정",201103609,"티아론정(티아넵틴나트륨)",20110531,"하나제약(주)","흰색의 타원형 필름코팅정",01170,"정신신경용제","전문의약품","[M089308]티아넵틴나트륨",20140109,_,"","Tianeptine Sodium(티아넵틴나트륨)",20200429
"특정연령대금기","단일",D000384,"Tianeptine Sodium","티아넵틴나트륨","","당의정",201103610,"티아스틴정(티아넵틴나트륨)",20110531,"(주)팜젠사이언스","흰색의 타원형 당의정",01170,"정신신경용제","전문의약품","[M089308]티아넵틴나트륨",20140109,_,"","Tianeptine Sodium(티아넵틴나트륨)",20200207
"특정연령대금기","단일",D000384,"Tianeptine Sodium","티아넵틴나트륨","","필름코팅정",201103615,"디프론정(티아넵틴나트륨)",20110531,"동국제약(주)","흰색의 타원형 필름코팅정",01170,"정신신경용제","전문의약품","[M089308]티아넵틴나트륨",20140109,_,"","Tianeptine Sodium(티아넵틴나트륨)",20200207
"특정연령대금기","단일",D000633,"Mometasone Furoate","모메타손푸로에이트","","일반현탁분무제",201103809,"알러나잘스프레이(모메타손푸로에이트)",20110614,"유니메드제약(주)","일정량씩 분무되는 용기에 든 흰색 또는 거의 흰색에 가까운 불투명한 현탁액",01320,"이비과용제","전문의약품","[M070188]모메타손푸로에이트",20171106,"- 소아 환자에게 비강 코르티코스테로이드의 투여에 대한 임상시험에서 성장속도가 감소될 수 있다는 결과 나타남- 2세 미만에서 안전성 및 유효성 미확립","","Mometasone Furoate(모메타손푸로에이트)",20210207
"특정연령대금기","단일",D000633,"Mometasone Furoate","모메타손푸로에이트","","정량현탁분무제",201103816,"비코넥스나잘스프레이(모메타손푸로에이트)",20110615,"한국프라임제약(주)","일정량씩 분무되는 용기에 든 흰색 또는 거의 흰색에 가까운 불투명한 현탁액",01320,"이비과용제","전문의약품","[M070188]모메타손푸로에이트",20171106,"- 소아 환자에게 비강 코르티코스테로이드의 투여에 대한 임상시험에서 성장속도가 감소될 수 있다는 결과 나타남- 2세 미만에서 안전성 및 유효성 미확립","","Mometasone Furoate(모메타손푸로에이트)",20210207
"특정연령대금기","단일",D000633,"Mometasone Furoate","모메타손푸로에이트","","정량현탁분무제",201103864,"모테손나잘스프레이(모메타손푸로에이트)",20110617,"한미약품(주)","일정량씩 분무되는 용기에 든 흰색 또는 거의 흰색에 가까운 불투명한 현탁액",01320,"이비과용제","전문의약품","[M070188]모메타손푸로에이트",20171106,"- 소아 환자에게 비강 코르티코스테로이드의 투여에 대한 임상시험에서 성장속도가 감소될 수 있다는 결과 나타남- 2세 미만에서 안전성 및 유효성 미확립","","Mometasone Furoate(모메타손푸로에이트)",20210207
"특정연령대금기","단일",D000384,"Tianeptine Sodium","티아넵틴나트륨","","당의정",201104725,"넵틴정12.5밀리그램(티아넵틴나트륨)",20110727,"한미약품(주)","흰색의 타원형 당의정",01170,"정신신경용제","전문의약품","[M089308]티아넵틴나트륨",20140109,_,"","Tianeptine Sodium(티아넵틴나트륨)",20200619
"특정연령대금기","단일",D000384,"Tianeptine Sodium","티아넵틴나트륨","","당의정",201104726,"스티아론정(티아넵틴나트륨)",20110727,"(주)한국파마","흰색의 타원형 당의정",01170,"정신신경용제","전문의약품","[M089308]티아넵틴나트륨",20140109,_,"","Tianeptine Sodium(티아넵틴나트륨)",20201207
"특정연령대금기","단일",D000384,"Tianeptine Sodium","티아넵틴나트륨","","필름코팅정",201104755,"아주브론정12.5밀리그램(티아넵틴나트륨)",20110728,"아주약품(주)","흰색의 타원형 필름코팅정",01170,"정신신경용제","전문의약품","[M089308]티아넵틴나트륨",20140109,_,"","Tianeptine Sodium(티아넵틴나트륨)",20200207
"특정연령대금기","단일",D000727,Sulfasalazine,"설파살라진","","장용성필름코팅정",201110251,"아자설판장용정250밀리그램(설파살라진)(수출용)",20111122,"(주)유영제약","황색~황갈색 원형의 장용성 필름코팅정",06210,"설화제","전문의약품","[M083653]설파살라진",20140109,"- 안전성 및 유효성 미확립- 고빌리루빈혈증을 일으킬 수 있음","","Sulfasalazine(설파살라진)",20221011
"특정연령대금기","단일",D000246,Sildenafil,"실데나필","","추어블정(저작정)",201205265,"팔팔츄정100밀리그램(실데나필)",20120531,"한미약품(주)","연한 파란색의 씹어먹는 원형 정제",02590,"기타의 비뇨생식기관 및 항문용약","전문의약품","[M253237]실데나필",20140109,_,"","Sildenafil(실데나필)",20170909
"특정연령대금기","단일",D000246,"Sildenafil Citrate","실데나필시트르산염","","필름코팅정",201205329,"바미라크정100밀리그램(실데나필시트르산염)",20120601,"대화제약(주)","푸른색의 타원형 필름코팅정",02590,"기타의 비뇨생식기관 및 항문용약","전문의약품","[M252789]실데나필시트르산염",20140109,_,"","Sildenafil Citrate(실데나필시트르산염)",20170909
"특정연령대금기","단일",D000246,"Sildenafil Citrate","실데나필시트르산염","","필름코팅정",201205330,"바미라크정50밀리그램(실데나필시트르산염)",20120601,"대화제약(주)","푸른색의 타원형 필름코팅정",02590,"기타의 비뇨생식기관 및 항문용약","전문의약품","[M252789]실데나필시트르산염",20140109,_,"","Sildenafil Citrate(실데나필시트르산염)",20170909
"특정연령대금기","단일",D000246,"Sildenafil Citrate","실데나필시트르산염","","필름코팅정",201205347,"포르테브이정100밀리그램(실데나필시트르산염)",20120604,"경동제약(주)","보라색의 육각형 필름코팅정",02590,"기타의 비뇨생식기관 및 항문용약","전문의약품","[M252789]실데나필시트르산염",20140109,_,"","Sildenafil Citrate(실데나필시트르산염)",20170909
"특정연령대금기","단일",D000246,Sildenafil,"실데나필","","구강붕해필름",201205379,"플리즈구강용해필름50밀리그램(실데나필)",20120605,"(주)씨티씨바이오","파란색 또는 옅은 파란색의 직사각형 구강용해필름제",02590,"기타의 비뇨생식기관 및 항문용약","전문의약품","[M253237]실데나필/[M253237]실데나필",20140109,_,"","Sildenafil(실데나필)",20210504
"특정연령대금기","단일",D000246,Sildenafil,"실데나필","","구강붕해필름",201205380,"프리스틴구강용해필름50밀리그램(실데나필)",20120605,"(주)휴온스","파란색 또는 옅은 파란색의 직사각형 구강용해필름",02590,"기타의 비뇨생식기관 및 항문용약","전문의약품","[M253237]실데나필",20140109,_,"","Sildenafil(실데나필)",20170909
"특정연령대금기","단일",D000246,Sildenafil,"실데나필","","구강붕해필름",201205381,"엠슈타인구강용해필름50밀리그램(실데나필)",20120605,"동국제약(주)","파란색 또는 옅은 파란색의 직사각형 구강용해필름",02590,"기타의 비뇨생식기관 및 항문용약","전문의약품","[M253237]실데나필",20140109,_,"","Sildenafil(실데나필)",20170909
"특정연령대금기","단일",D000246,Sildenafil,"실데나필","","구강붕해필름",201205382,"포르테라구강용해필름 50밀리그램(실데나필)",20120605,"제일약품(주)","파란색 또는 옅은 파란색의 직사각형 구강용해필름",02590,"기타의 비뇨생식기관 및 항문용약","전문의약품","[M253237]실데나필",20140109,_,"","Sildenafil(실데나필)",20170909
"특정연령대금기","단일",D000246,"Sildenafil Citrate","실데나필시트르산염","","필름코팅정",201205536,"자이그라정100밀리그램(실데나필시트르산염)",20120614,"(주)동구바이오제약","푸른색의 육각형 필름코팅정",02590,"기타의 비뇨생식기관 및 항문용약","전문의약품","[M252789]실데나필시트르산염",20140109,_,"","Sildenafil Citrate(실데나필시트르산염)",20170909
"특정연령대금기","단일",D000246,"Sildenafil Citrate","실데나필시트르산염","","필름코팅정",201205539,"칸데그라정(실데나필시트르산염)",20120614,"(주)경보제약","푸른색의 육각형 필름코팅정",02590,"기타의 비뇨생식기관 및 항문용약","전문의약품","[M252789]실데나필시트르산염",20140109,_,"","Sildenafil Citrate(실데나필시트르산염)",20170909
"특정연령대금기","단일",D000246,"Sildenafil Citrate","실데나필시트르산염","","필름코팅정",201206020,"비야정100mg(실데나필시트르산염)",20120704,"동성제약(주)","푸른색의 육각형 필름코팅정",02590,"기타의 비뇨생식기관 및 항문용약","전문의약품","[M252789]실데나필시트르산염",20140109,_,"","Sildenafil Citrate(실데나필시트르산염)",20170909
"특정연령대금기","단일",D000246,"Sildenafil Citrate","실데나필시트르산염","","구강붕해필름",201206251,"이그니스구강용해필름50밀리그램(실데나필시트르산염)",20120725,"광동제약(주)","엷은 황색의 직사각형 구강붕해필름",02590,"기타의 비뇨생식기관 및 항문용약","전문의약품","[M252789]실데나필시트르산염",20140109,_,"","Sildenafil Citrate(실데나필시트르산염)",20210325
"특정연령대금기","단일",D000246,"Sildenafil Citrate","실데나필시트르산염","","구강붕해필름",201206436,"비닉스구강붕해필름50밀리그램(실데나필시트르산염)",20120810,"(주)씨엘팜","(내수용, 수출용1) : 엷은 황색의 직사각형 구강붕해필름(수출용2) : 엷은 황색의 직사각형 구강붕해필름",02590,"기타의 비뇨생식기관 및 항문용약","전문의약품","[M252789]실데나필시트르산염/[M252789]실데나필시트르산염",20140109,_,"","Sildenafil Citrate(실데나필시트르산염)",20180504
"특정연령대금기","단일",D000246,"Sildenafil Citrate","실데나필시트르산염","","필름코팅정",201207067,"푸로그라정100밀리그램(실데나필시트르산염)",20121005,"하나제약(주)","보라색의 육각형 필름코팅정",02590,"기타의 비뇨생식기관 및 항문용약","전문의약품","[M252789]실데나필시트르산염",20140109,_,"","Sildenafil Citrate(실데나필시트르산염)",20170909
"특정연령대금기","단일",D000380,"Terbinafine Hydrochloride","테르비나핀염산염","","나정",201207247,"메가터빈정(테르비나핀염산염)",20121015,"(주)엘앤씨바이오","백색의 원형 정제",06290,"기타의 화학요법제","전문의약품","[M245869]테르비나핀염산염",20140109,"안전성 및 유효성 미확립","","Terbinafine Hydrochloride(테르비나핀염산염)",20210325
"특정연령대금기","단일",D000279,"Tacrolimus Hydrate","타크로리무스수화물","","피부연고제",201207501,"토피크로연고0.1%(타크로리무스수화물)",20121030,"코오롱제약(주)","백색 내지 미황색의 연고",02690,"기타의 외피용약","전문의약품","[M089193]타크로리무스수화물",20140109,"안전성 및 유효성 미확립","","Tacrolimus Hydrate(타크로리무스수화물)",20240911
"특정연령대금기","단일",D000246,"Sildenafil Citrate","실데나필시트르산염","","필름코팅정",201207507,"비아리스정(실데나필시트르산염)",20121030,"오스틴제약(주)","육각형의 푸른색 필름코팅정",02590,"기타의 비뇨생식기관 및 항문용약","전문의약품","[M252789]실데나필시트르산염",20140109,_,"","Sildenafil Citrate(실데나필시트르산염)",20170909
"특정연령대금기","단일",D000246,"Sildenafil Citrate","실데나필시트르산염","","필름코팅정",201208193,"보그라정100밀리그램(실데나필시트르산염)",20121114,"한국프라임제약(주)","푸른색의 타원형 필름코팅정",02590,"기타의 비뇨생식기관 및 항문용약","전문의약품","[M252789]실데나필시트르산염/[M252789]실데나필시트르산염",20140109,_,"","Sildenafil Citrate(실데나필시트르산염)",20170909
"특정연령대금기","단일",D000246,"Sildenafil Citrate","실데나필시트르산염","","필름코팅정",201209444,"발탁스정100mg(실데나필시트르산염)",20121206,"삼익제약(주)","푸른색의 육각형 필름코팅정",02590,"기타의 비뇨생식기관 및 항문용약","전문의약품","[M252789]실데나필시트르산염",20140109,_,"","Sildenafil Citrate(실데나필시트르산염)",20170909
"특정연령대금기","단일",D000727,Sulfasalazine,"설파살라진","","장용성당의정",201209552,"사조핀정 (설파살라진)(수출용)",20121211,"(주)비씨월드제약","주황색타원형의장용성코팅정",06210,"설화제","전문의약품","[M083653]설파살라진",20140109,"- 안전성 및 유효성 미확립- 고빌리루빈혈증을 일으킬 수 있음","","Sulfasalazine(설파살라진)",20221011
"특정연령대금기","단일",D000246,"Sildenafil Citrate","실데나필시트르산염","","필름코팅정",201210161,"코오롱실데나필시트르산염정25mg(실데나필시트르산염)(수출용)",20121220,"코오롱제약(주)","담적색의 원형 필름코팅정",02590,"기타의 비뇨생식기관 및 항문용약","전문의약품","[M252789]실데나필시트르산염",20140109,_,"","Sildenafil Citrate(실데나필시트르산염)",20131013
"특정연령대금기","단일",D000246,"Sildenafil Citrate","실데나필시트르산염","","필름코팅정",201210162,"코오롱실데나필시트르산염정50mg(실데나필시트르산염)(수출용)",20121220,"코오롱제약(주)","담적색의 원형필름코팅정",02590,"기타의 비뇨생식기관 및 항문용약","전문의약품","[M252789]실데나필시트르산염",20140109,_,"","Sildenafil Citrate(실데나필시트르산염)",20131013
"특정연령대금기","단일",D000681,"Terazosin Hydrochloride Hydrate","테라조신염산염수화물","","나정",201210746,"테라온정2밀리그램(테라조신염산염수화물)",20121226,"오스틴제약(주)","연한 주황색의 원형정제",02590,"기타의 비뇨생식기관 및 항문용약","전문의약품","[M250456]테라조신염산염수화물",20140109,"안전성 및 유효성 미확립","","Terazosin Hydrochloride Hydrate(테라조신염산염수화물)",20200701
"특정연령대금기","단일",D000280,Talniflumate,"탈니플루메이트","","필름코팅정",201211056,"휴말겐정(탈니플루메이트)",20121227,"한국휴텍스제약(주)","황색의 필름 코팅된 원형정제",01140,"해열.진통.소염제","전문의약품","[M081412]탈니플루메이트",20140109,"소아 용량이 설정되어 있지 않음","","Talniflumate(탈니플루메이트)",20180609
"특정연령대금기","단일",D000384,"Tianeptine Sodium","티아넵틴나트륨","","필름코팅정",201300317,"스타보린정(티아넵틴나트륨)",20130109,"성원애드콕제약(주)","흰색의 타원형 필름코팅정",01170,"정신신경용제","전문의약품","[M089308]티아넵틴나트륨",20140109,_,"","Tianeptine Sodium(티아넵틴나트륨)",20200207
"특정연령대금기","단일",D000246,"Sildenafil Citrate","실데나필시트르산염","","필름코팅정",201301617,"부광실데나필정100밀리그램",20130118,"부광약품(주)","푸른색의 장방형 필름코팅정",02590,"기타의 비뇨생식기관 및 항문용약","전문의약품","[M252789]실데나필시트르산염",20140109,_,"","Sildenafil Citrate(실데나필시트르산염)",20170909
"특정연령대금기","단일",D000246,"Sildenafil Citrate","실데나필시트르산염","","필름코팅정",201301655,"부광실데나필정50밀리그램",20130121,"부광약품(주)","푸른색의 장방형 필름코팅정",02590,"기타의 비뇨생식기관 및 항문용약","전문의약품","[M252789]실데나필시트르산염",20140109,_,"","Sildenafil Citrate(실데나필시트르산염)",20170909
"특정연령대금기","단일",D000246,"Sildenafil Citrate","실데나필시트르산염","","필름코팅정",201302166,"뉴비그라정100밀리그램(실데나필시트르산염)",20130124,"한국휴텍스제약(주)","파랑색의 육각형 필름코팅정",02590,"기타의 비뇨생식기관 및 항문용약","전문의약품","[M252789]실데나필시트르산염",20140109,_,"","Sildenafil Citrate(실데나필시트르산염)",20170909
"특정연령대금기","단일",D000633,"Mometasone Furoate","모메타손푸로에이트","","정량현탁분무제",201302816,"나조큐어나잘스프레이(모메타손푸로에이트)",20130130,"국제약품(주)","일정량씩 분무되는 용기에 든 흰색 또는 거의 흰색에 가까운 불투명한 현탁액",01320,"이비과용제","전문의약품","[M070188]모메타손푸로에이트",20171106,"- 소아 환자에게 비강 코르티코스테로이드의 투여에 대한 임상시험에서 성장속도가 감소될 수 있다는 결과 나타남- 2세 미만에서 안전성 및 유효성 미확립","","Mometasone Furoate(모메타손푸로에이트)",20210104
"특정연령대금기","단일",D000633,"Mometasone Furoate","모메타손푸로에이트","","정량현탁분무제",201303040,"안티런점비액(모메타손푸로에이트)",20130131,"(주)킵스바이오파마","일정량씩 분무되는 용기에 든 흰색 또는 거의 흰색에 가까운 불투명한 현탁액",01320,"이비과용제","전문의약품","[M070188]모메타손푸로에이트",20171106,"- 소아 환자에게 비강 코르티코스테로이드의 투여에 대한 임상시험에서 성장속도가 감소될 수 있다는 결과 나타남- 2세 미만에서 안전성 및 유효성 미확립","","Mometasone Furoate(모메타손푸로에이트)",20210207
"특정연령대금기","단일",D000246,"Sildenafil Citrate","실데나필시트르산염","","필름코팅정",201305399,"포르테브이정50밀리그램(실데나필시트르산염)",20130219,"경동제약(주)","보라색의 육각형 필름코팅정",02590,"기타의 비뇨생식기관 및 항문용약","전문의약품","[M252789]실데나필시트르산염",20140109,_,"","Sildenafil Citrate(실데나필시트르산염)",20170909
"특정연령대금기","단일",D000246,"Sildenafil Citrate","실데나필시트르산염","","필름코팅정",201305533,"프리스틴정100mg(실데나필시트르산염)",20130221,"(주)휴온스","파란색의 장방형 필름코팅정",02590,"기타의 비뇨생식기관 및 항문용약","전문의약품","[M252789]실데나필시트르산염",20140109,_,"","Sildenafil Citrate(실데나필시트르산염)",20170909
"특정연령대금기","단일",D000246,"Sildenafil Citrate","실데나필시트르산염","","필름코팅정",201306331,"애니그라정50밀리그램(실데나필시트르산염)(수출용)",20130321,"미래바이오제약(주)","청색의 원형 필름코팅정",02590,"기타의 비뇨생식기관 및 항문용약","전문의약품","[M252789]실데나필시트르산염",20140109,_,"","Sildenafil Citrate(실데나필시트르산염)",20131013
"특정연령대금기","단일",D000279,"Tacrolimus Hydrate","타크로리무스수화물","","피부연고제",201307401,"토피크로연고0.03%(타크로리무스수화물)",20130521,"코오롱제약(주)","흰색 내지 미황색의 연고",02690,"기타의 외피용약","전문의약품","[M089193]타크로리무스수화물",20140109,"안전성 및 유효성 미확립","","Tacrolimus Hydrate(타크로리무스수화물)",20240911
"특정연령대금기","단일",D000246,"Sildenafil Citrate","실데나필시트르산염","","필름코팅정",201307881,"프리야정50밀리그램(실데나필시트르산염)",20130626,"알보젠코리아(주)","파랑색의 육각형 필름코팅정",02590,"기타의 비뇨생식기관 및 항문용약","전문의약품","[M252789]실데나필시트르산염",20140109,_,"","Sildenafil Citrate(실데나필시트르산염)",20170909
"특정연령대금기","단일",D000246,"Sildenafil Citrate","실데나필시트르산염","","추어블정(저작정)",201308208,"아네르츄정50밀리그램(실데나필시트르산염)",20130716,"한국유나이티드제약(주)","흰색의 볼록하며 모서리가 둥근 사각형의 츄어블정",02590,"기타의 비뇨생식기관 및 항문용약","전문의약품","[M252789]실데나필시트르산염",20140109,_,"","Sildenafil Citrate(실데나필시트르산염)",20170909
"특정연령대금기","단일",D000380,"Terbinafine Hydrochloride","테르비나핀염산염","","나정",201308717,"터핀엠정(테르비나핀염산염)",20130808,"(주)마더스제약","흰색 내지 거의 미색의 원형정제",06290,"기타의 화학요법제","전문의약품","[M245869]테르비나핀염산염",20140109,"안전성 및 유효성 미확립","","Terbinafine Hydrochloride(테르비나핀염산염)",20201222
"특정연령대금기","단일",D000246,"Sildenafil Citrate","실데나필시트르산염","","구강붕해정",201308845,"맥시그라구강붕해정50밀리그램(실데나필시트르산염)",20130816,"국제약품(주)","흰색의 오각형 구강붕해정",02590,"기타의 비뇨생식기관 및 항문용약","전문의약품","[M252789]실데나필시트르산염",20140109,_,"","Sildenafil Citrate(실데나필시트르산염)",20170909
"특정연령대금기","단일",D000246,"Sildenafil Citrate","실데나필시트르산염","","필름코팅정",201309162,"자이그라정50밀리그램(실데나필시트르산염)(수출용)",20130902,"(주)동구바이오제약","푸른색의 육각형 필름코팅정",02590,"기타의 비뇨생식기관 및 항문용약","전문의약품","[M252789]실데나필시트르산염",20140109,_,"","Sildenafil Citrate(실데나필시트르산염)",20131013
"특정연령대금기","단일",D000246,Sildenafil,"실데나필","","구강붕해필름",201309277,"플리즈구강용해필름100밀리그램(실데나필)",20130911,"(주)씨티씨바이오","파란색 또는 옅은 파란색의 직사각형 구강용해필름제",02590,"기타의 비뇨생식기관 및 항문용약","전문의약품","[M253237]실데나필/[M253237]실데나필",20140109,_,"","Sildenafil(실데나필)",20210518
"특정연령대금기","단일",D000246,"Sildenafil Citrate","실데나필시트르산염","","구강붕해필름",201309457,"자이그라구강붕해필름50mg(실데나필시트르산염)",20130927,"(주)동구바이오제약","엷은 황색의 직사각형 구강붕해필름",02590,"기타의 비뇨생식기관 및 항문용약","전문의약품","[M252789]실데나필시트르산염",20140109,_,"","Sildenafil Citrate(실데나필시트르산염)",20181129
"특정연령대금기","단일",D000633,"Mometasone Furoate","모메타손푸로에이트","","정량현탁분무제",201309916,"솔타나잘스프레이(모메타손푸로에이트)(수출용)",20131025,"영일제약(주)","흰색 또는 거의 흰색에 가까운 불투명한 현탁액이 일정량씩 분무되는 용기에 든 비강분무액",01320,"이비과용제","전문의약품","[M070188]모메타손푸로에이트",20171106,"- 소아 환자에게 비강 코르티코스테로이드의 투여에 대한 임상시험에서 성장속도가 감소될 수 있다는 결과 나타남- 2세 미만에서 안전성 및 유효성 미확립","","Mometasone Furoate(모메타손푸로에이트)",20210207
"특정연령대금기","단일",D000246,"Sildenafil Citrate","실데나필시트르산염","","구강붕해필름",201310150,"실라드라구강붕해필름50밀리그램(실데나필시트르산염)(수출용)",20131115,"태극제약(주)","엷은 황색의 직사각형 구강붕해필름",02590,"기타의 비뇨생식기관 및 항문용약","전문의약품","[M252789]실데나필시트르산염",20140109,_,"","Sildenafil Citrate(실데나필시트르산염)",20140407
"특정연령대금기","단일",D000633,"Mometasone Furoate","모메타손푸로에이트","","정량현탁분무제",201310372,"나조타손나잘스프레이(모메타손푸로에이트)",20131129,"(주)동구바이오제약","일정량씩 분무되는 용기에 든 흰색 또는 거의 흰색에 가까운 불투명한 현탁액",01320,"이비과용제","전문의약품","[M070188]모메타손푸로에이트",20171106,"- 소아 환자에게 비강 코르티코스테로이드의 투여에 대한 임상시험에서 성장속도가 감소될 수 있다는 결과 나타남- 2세 미만에서 안전성 및 유효성 미확립","","Mometasone Furoate(모메타손푸로에이트)",20210207
"특정연령대금기","단일",D000246,"Sildenafil Citrate","실데나필시트르산염","","필름코팅정",201310897,"누리그라정25밀리그램(실데나필시트르산염)",20131226,"(주)대웅제약","분할선을 가진 연두색의 모서리가 둥근 삼각형 필름코팅정",02590,"기타의 비뇨생식기관 및 항문용약","전문의약품","[M252789]실데나필시트르산염",20140109,_,"","Sildenafil Citrate(실데나필시트르산염)",20170909
"특정연령대금기","단일",D000183,"Sodium Tetradecyl Sulfate Concentrate","테트라데실황산나트륨콘센트레이트","","용액주사제",201400028,"파이브로베인주0.2%(테트라데실황산나트륨)",20140106,"금청약품(주)","무색투명한 액이 무색투명한 바이알에 든 주사제",03390,"기타의 혈액 및 체액용약","전문의약품","[M089182]테트라데실황산나트륨콘센트레이트",20140109,_,"","Sodium Tetradecyl Sulfate Concentrate(테트라데실황산나트륨콘센트레이트)",20170704
"특정연령대금기","단일",D000890,"Duloxetine Hydrochloride Enteric-Coated Granules","둘록세틴염산염장용과립","","장용성캡슐제, 펠렛",201310933,"듀로프렉스캡슐60밀리그램(둘록세틴염산염)",20131230,"고려제약(주)","흰색 내지 연한 갈색의 장용성 구형과립이 든 상부 청색, 하부 노란연두색의 경질캡슐제",01170,"정신신경용제","전문의약품","[M259598]둘록세틴염산염장용과립",20161230,"소아 및 18세 미만의 청소년의 주요우울장애의 치료에는 사용해서는 안 됨.만 7세에서 17세까지의 주요우울장애 환자에서 플루옥세틴 군보다 이상사례(주로 오심)로 인한 중단 및 자살행동 높음.","다만, '주요 우울장애의 치료'에 한함","Duloxetine Hydrochloride Enteric-Coated Granules(둘록세틴염산염장용과립)",20200701
"특정연령대금기","단일",D000380,"Terbinafine Hydrochloride","테르비나핀염산염","","나정",201400914,"셀비나정(테르비나핀염산염)",20140228,"(주)텔콘알에프제약","흰색 내지 미황색의 원형 정제",06290,"기타의 화학요법제","전문의약품","[M245869]테르비나핀염산염",20140109,"안전성 및 유효성 미확립","","Terbinafine Hydrochloride(테르비나핀염산염)",20190825
"특정연령대금기","단일",D000181,Tadalafil,"타다라필","","구강붕해필름",201401078,"고든구강용해필름20mg(타다라필)(수출명: CALIBERI)",20140310,"(주)씨티씨바이오","옅은 황색의 직사각형 구강용해필름",02590,"기타의 비뇨생식기관 및 항문용약","전문의약품","[M095435]타다라필",20140109,_,"","Tadalafil(타다라필)",20250115
"특정연령대금기","단일",D000380,"Terbinafine Hydrochloride","테르비나핀염산염","","나정",201401304,"무조날정125밀리그램(테르비나핀염산염)",20140321,"한미약품(주)","흰색의 원형 정제",06290,"기타의 화학요법제","전문의약품","[M252342]테르비나핀염산염",20140109,"안전성 및 유효성 미확립","","Terbinafine Hydrochloride(테르비나핀염산염)",20200713
"특정연령대금기","단일",D000384,"Tianeptine Sodium","티아넵틴나트륨","","필름코팅정",201401489,"티아네틴정(티아넵틴나트륨)",20140331,"동성제약(주)","흰색의 타원형 필름코팅정",01170,"정신신경용제","전문의약품","[M089308]티아넵틴나트륨",20140109,_,"","Tianeptine Sodium(티아넵틴나트륨)",20200324
"특정연령대금기","단일",D000890,"Duloxetine Hydrochloride Enteric-Coated Granules","둘록세틴염산염장용과립","","장용성캡슐제, 펠렛",201401792,"듀로프렉스캡슐30밀리그램(둘록세틴염산염)",20140414,"고려제약(주)","흰색 내지 연한 갈색의 장용성 구형과립이 든 상부 청색, 하부 흰색의 경질캡슐제",01170,"정신신경용제","전문의약품","[M259598]둘록세틴염산염장용과립",20161230,"소아 및 18세 미만의 청소년의 주요우울장애의 치료에는 사용해서는 안 됨.만 7세에서 17세까지의 주요우울장애 환자에서 플루옥세틴 군보다 이상사례(주로 오심)로 인한 중단 및 자살행동 높음.","다만, '주요 우울장애의 치료'에 한함","Duloxetine Hydrochloride Enteric-Coated Granules(둘록세틴염산염장용과립)",20200411
"특정연령대금기","단일",D000890,"Duloxetine Hydrochloride Enteric-Coated Granules","둘록세틴염산염장용과립","","장용성캡슐제, 펠렛",201401965,"유록틴캡슐30밀리그램(둘록세틴염산염)",20140423,"(주)유영제약","흰색 내지 연한 갈색의 장용성 구형과립이 들어있는 상부 청색, 하부 흰색의 경질캡슐제",01170,"정신신경용제","전문의약품","[M259598]둘록세틴염산염장용과립",20161230,"소아 및 18세 미만의 청소년의 주요우울장애의 치료에는 사용해서는 안 됨.만 7세에서 17세까지의 주요우울장애 환자에서 플루옥세틴 군보다 이상사례(주로 오심)로 인한 중단 및 자살행동 높음.","다만, '주요 우울장애의 치료'에 한함","Duloxetine Hydrochloride Enteric-Coated Granules(둘록세틴염산염장용과립)",20200716
"특정연령대금기","단일",D000890,"Duloxetine Hydrochloride Enteric-Coated Granules","둘록세틴염산염장용과립","","장용성캡슐제, 펠렛",201401966,"유록틴캡슐60밀리그램(둘록세틴염산염)",20140423,"(주)유영제약","흰색 내지 연한 갈색의 장용성 구형과립이 들어있는 상부청색, 하부 노란연두색의 경질캡슐제",01170,"정신신경용제","전문의약품","[M259598]둘록세틴염산염장용과립",20161230,"소아 및 18세 미만의 청소년의 주요우울장애의 치료에는 사용해서는 안 됨.만 7세에서 17세까지의 주요우울장애 환자에서 플루옥세틴 군보다 이상사례(주로 오심)로 인한 중단 및 자살행동 높음.","다만, '주요 우울장애의 치료'에 한함","Duloxetine Hydrochloride Enteric-Coated Granules(둘록세틴염산염장용과립)",20200716
"특정연령대금기","단일",D000890,"Duloxetine Hydrochloride","둘록세틴염산염","","장용성캡슐제, 펠렛",201402238,"드록틴캡슐60밀리그램(둘록세틴염산염)",20140514,"명인제약(주)","흰색～연한 노란색의 장용코팅된 펠렛이 들어있는 상부 파란색, 하부 노란 연두색의 경질캡슐",01170,"정신신경용제","전문의약품","[M258603]둘록세틴염산염",20161230,"소아 및 18세 미만의 청소년의 주요우울장애의 치료에는 사용해서는 안 됨.만 7세에서 17세까지의 주요우울장애 환자에서 플루옥세틴 군보다 이상사례(주로 오심)로 인한 중단 및 자살행동 높음.","다만, '주요 우울장애의 치료'에 한함","Duloxetine Hydrochloride(둘록세틴염산염)",20200411
"특정연령대금기","단일",D000890,"Duloxetine Hydrochloride","둘록세틴염산염","","장용성캡슐제, 펠렛",201402409,"드록틴캡슐30밀리그램(둘록세틴염산염)",20140527,"명인제약(주)","흰색～연한 노란색의 장용코팅된 펠렛이 들어있는 상부 파란색, 하부 흰색의 경질캡슐",01170,"정신신경용제","전문의약품","[M258603]둘록세틴염산염",20161230,"소아 및 18세 미만의 청소년의 주요우울장애의 치료에는 사용해서는 안 됨.만 7세에서 17세까지의 주요우울장애 환자에서 플루옥세틴 군보다 이상사례(주로 오심)로 인한 중단 및 자살행동 높음.","다만, '주요 우울장애의 치료'에 한함","Duloxetine Hydrochloride(둘록세틴염산염)",20200411
"특정연령대금기","단일",D000380,"Terbinafine Hydrochloride","테르비나핀염산염","","나정",201402707,"라미핀정(테르비나핀염산염)",20140617,"코오롱제약(주)","흰색 내지 미백색의 원형 정제",06290,"기타의 화학요법제","전문의약품","[M245869]테르비나핀염산염",20140109,"안전성 및 유효성 미확립","","Terbinafine Hydrochloride(테르비나핀염산염)",20190924
"특정연령대금기","단일",D000890,"Duloxetine Hydrochloride","둘록세틴염산염","","장용성캡슐제, 펠렛",201402868,"듀로셉톨캡슐30밀리그램(둘록세틴염산염)",20140627,"환인제약(주)","흰색 장용성 구형과립이 들어있는 상부 청색, 하부 흰색의 경질 캡슐제",01170,"정신신경용제","전문의약품","[M258603]둘록세틴염산염",20161230,"소아 및 18세 미만의 청소년의 주요우울장애의 치료에는 사용해서는 안 됨.만 7세에서 17세까지의 주요우울장애 환자에서 플루옥세틴 군보다 이상사례(주로 오심)로 인한 중단 및 자살행동 높음.","다만, '주요 우울장애의 치료'에 한함","Duloxetine Hydrochloride(둘록세틴염산염)",20200411
"특정연령대금기","단일",D000890,"Duloxetine Hydrochloride Enteric-Coated Granules","둘록세틴염산염장용과립","","장용성캡슐제, 펠렛",201402150,"마이셀타캡슐30밀리그램(둘록세틴염산염)",20140508,"(주)한국파마","흰색 내지 회백색의 장용성 구형 과립이 들어있는 상부 청색, 하부 흰색의 경질캡슐제",01170,"정신신경용제","전문의약품","[M259598]둘록세틴염산염장용과립",20161230,"소아 및 18세 미만의 청소년의 주요우울장애의 치료에는 사용해서는 안 됨.만 7세에서 17세까지의 주요우울장애 환자에서 플루옥세틴 군보다 이상사례(주로 오심)로 인한 중단 및 자살행동 높음.","다만, '주요 우울장애의 치료'에 한함","Duloxetine Hydrochloride Enteric-Coated Granules(둘록세틴염산염장용과립)",20200411
"특정연령대금기","단일",D000890,"Duloxetine Hydrochloride Enteric-Coated Granules","둘록세틴염산염장용과립","","장용성캡슐제, 펠렛",201402151,"마이셀타캡슐60밀리그램(둘록세틴염산염)",20140508,"(주)한국파마","흰색 내지 회백색의 장용성 구형 과립이 들어있는 상부 청색, 하부 노란연두색의 경질캡슐제",01170,"정신신경용제","전문의약품","[M259598]둘록세틴염산염장용과립",20161230,"소아 및 18세 미만의 청소년의 주요우울장애의 치료에는 사용해서는 안 됨.만 7세에서 17세까지의 주요우울장애 환자에서 플루옥세틴 군보다 이상사례(주로 오심)로 인한 중단 및 자살행동 높음.","다만, '주요 우울장애의 치료'에 한함","Duloxetine Hydrochloride Enteric-Coated Granules(둘록세틴염산염장용과립)",20200411
"특정연령대금기","단일",D000890,"Duloxetine Hydrochloride Enteric-Coated Granules","둘록세틴염산염장용과립","","장용성캡슐제, 펠렛",201402270,"두셀라캡슐60밀리그램(둘록세틴염산염)",20140515,"한림제약(주)","흰색 내지 연한 갈색의 장용성 구형과립이 든 상부 청색, 하부 노란연두색의 경질캡슐제",01170,"정신신경용제","전문의약품","[M259598]둘록세틴염산염장용과립",20161230,"소아 및 18세 미만의 청소년의 주요우울장애의 치료에는 사용해서는 안 됨.만 7세에서 17세까지의 주요우울장애 환자에서 플루옥세틴 군보다 이상사례(주로 오심)로 인한 중단 및 자살행동 높음.","다만, '주요 우울장애의 치료'에 한함","Duloxetine Hydrochloride Enteric-Coated Granules(둘록세틴염산염장용과립)",20200411
"특정연령대금기","단일",D000890,"Duloxetine Hydrochloride Enteric-Coated Granules","둘록세틴염산염장용과립","","장용성캡슐제, 펠렛",201402273,"두셀라캡슐30밀리그램(둘록세틴염산염)",20140516,"한림제약(주)","흰색 내지 연한 갈색의 장용성 구형과립이 든 상부 청색 하부 흰색의 경질캡슐제",01170,"정신신경용제","전문의약품","[M259598]둘록세틴염산염장용과립",20161230,"소아 및 18세 미만의 청소년의 주요우울장애의 치료에는 사용해서는 안 됨.만 7세에서 17세까지의 주요우울장애 환자에서 플루옥세틴 군보다 이상사례(주로 오심)로 인한 중단 및 자살행동 높음.","다만, '주요 우울장애의 치료'에 한함","Duloxetine Hydrochloride Enteric-Coated Granules(둘록세틴염산염장용과립)",20200411
"특정연령대금기","단일",D000890,"Duloxetine Hydrochloride Enteric-Coated Granules","둘록세틴염산염장용과립","","장용성캡슐제, 펠렛",201402460,"동광둘록세틴캡슐30밀리그램(둘록세틴염산염)",20140530,"동광제약(주)","흰색 내지 연한 갈색의 장용성 구형 과립이 들어 있는 상부 청색, 하부 흰색의 경질캡슐제",01170,"정신신경용제","전문의약품","[M259598]둘록세틴염산염장용과립",20161230,"소아 및 18세 미만의 청소년의 주요우울장애의 치료에는 사용해서는 안 됨.만 7세에서 17세까지의 주요우울장애 환자에서 플루옥세틴 군보다 이상사례(주로 오심)로 인한 중단 및 자살행동 높음.","다만, '주요 우울장애의 치료'에 한함","Duloxetine Hydrochloride Enteric-Coated Granules(둘록세틴염산염장용과립)",20200411
"특정연령대금기","단일",D000890,"Duloxetine Hydrochloride Enteric-Coated Granules","둘록세틴염산염장용과립","","장용성캡슐제, 펠렛",201402461,"동광둘록세틴캡슐60밀리그램(둘록세틴염산염)",20140530,"동광제약(주)","흰색 내지 연한 갈색의 장용성 구형 과립이 들어 있는 상부 청색, 하부 노란연두색의 경질캡슐제",01170,"정신신경용제","전문의약품","[M259598]둘록세틴염산염장용과립",20161230,"소아 및 18세 미만의 청소년의 주요우울장애의 치료에는 사용해서는 안 됨.만 7세에서 17세까지의 주요우울장애 환자에서 플루옥세틴 군보다 이상사례(주로 오심)로 인한 중단 및 자살행동 높음.","다만, '주요 우울장애의 치료'에 한함","Duloxetine Hydrochloride Enteric-Coated Granules(둘록세틴염산염장용과립)",20200411
"특정연령대금기","단일",D000890,"Duloxetine Hydrochloride","둘록세틴염산염","","장용성캡슐제, 펠렛",201402869,"듀로셉톨캡슐60밀리그램(둘록세틴염산염)",20140627,"환인제약(주)","흰색 장용성 구형과립이 들어있는 상부 청색, 하부 노란 연두색의 경질 캡슐제",01170,"정신신경용제","전문의약품","[M258603]둘록세틴염산염",20161230,"소아 및 18세 미만의 청소년의 주요우울장애의 치료에는 사용해서는 안 됨.만 7세에서 17세까지의 주요우울장애 환자에서 플루옥세틴 군보다 이상사례(주로 오심)로 인한 중단 및 자살행동 높음.","다만, '주요 우울장애의 치료'에 한함","Duloxetine Hydrochloride(둘록세틴염산염)",20200411
"특정연령대금기","단일",D000384,"Tianeptine Sodium","티아넵틴나트륨","","필름코팅정",201403125,"하이넵틴정(티아넵틴나트륨)",20140714,"(주)화이트생명과학","흰색의 타원형 필름코팅정",01170,"정신신경용제","전문의약품","[M089308]티아넵틴나트륨",20140109,_,"","Tianeptine Sodium(티아넵틴나트륨)",20200207
"특정연령대금기","단일",D000246,"Sildenafil Citrate","실데나필시트르산염","","필름코팅정",201403868,"나비그라정50밀리그램(실데나필시트르산염)",20140820,"(주)킵스바이오파마","분할선을 가진 연두색의 모서리가 둥근 삼각형 필름코팅정",02590,"기타의 비뇨생식기관 및 항문용약","전문의약품","[M252789]실데나필시트르산염",20140109,_,"","Sildenafil Citrate(실데나필시트르산염)",20170909
"특정연령대금기","단일",D000246,"Sildenafil Citrate","실데나필시트르산염","","필름코팅정",201403869,"나비그라정100밀리그램(실데나필시트르산염)",20140820,"(주)킵스바이오파마","분할선을 가진 연두색의 모서리가 둥근 삼각형 필름코팅정",02590,"기타의 비뇨생식기관 및 항문용약","전문의약품","[M252789]실데나필시트르산염",20140109,_,"","Sildenafil Citrate(실데나필시트르산염)",20170909
"특정연령대금기","단일",D000890,"Duloxetine Hydrochloride Enteric-Coated Granules","둘록세틴염산염장용과립","","장용성캡슐제, 펠렛",201403827,"투발타캡슐30밀리그램(둘록세틴염산염)",20140819,"현대약품(주)","흰색 내지 연한 갈색의 장용성 구형과립이 든 상부 청색, 하부 흰색의 경질캡슐제",01170,"정신신경용제","전문의약품","[M259598]둘록세틴염산염장용과립",20161230,"소아 및 18세 미만의 청소년의 주요우울장애의 치료에는 사용해서는 안 됨.만 7세에서 17세까지의 주요우울장애 환자에서 플루옥세틴 군보다 이상사례(주로 오심)로 인한 중단 및 자살행동 높음.","다만, '주요 우울장애의 치료'에 한함","Duloxetine Hydrochloride Enteric-Coated Granules(둘록세틴염산염장용과립)",20200411
"특정연령대금기","단일",D000890,"Duloxetine Hydrochloride Enteric-Coated Granules","둘록세틴염산염장용과립","","장용성캡슐제, 펠렛",201403828,"투발타캡슐60밀리그램(둘록세틴염산염)",20140819,"현대약품(주)","흰색 내지 연한 갈색의 장용성 구형과립이 들어있는 상부 청색, 하부 노란연두색의 경질캡슐제",01170,"정신신경용제","전문의약품","[M259598]둘록세틴염산염장용과립",20161230,"소아 및 18세 미만의 청소년의 주요우울장애의 치료에는 사용해서는 안 됨.만 7세에서 17세까지의 주요우울장애 환자에서 플루옥세틴 군보다 이상사례(주로 오심)로 인한 중단 및 자살행동 높음.","다만, '주요 우울장애의 치료'에 한함","Duloxetine Hydrochloride Enteric-Coated Granules(둘록세틴염산염장용과립)",20200411
"특정연령대금기","단일",D000280,Talniflumate,"탈니플루메이트","","필름코팅정",201403939,"휴리트정(탈니플루메이트)",20140822,"(주)휴비스트제약","노란색의 원형 필름코팅정",01140,"해열.진통.소염제","전문의약품","[M081412]탈니플루메이트",20140109,"소아 용량이 설정되어 있지 않음","","Talniflumate(탈니플루메이트)",20190911
"특정연령대금기","단일",D000279,"Tacrolimus Hydrate","타크로리무스수화물","","피부연고제",201403978,"타크로연고0.1%(타크로리무스수화물)",20140826,"(주)동구바이오제약","흰색 내지 미황색의 연고",02690,"기타의 외피용약","전문의약품","[M089193]타크로리무스수화물",20140109,"안전성 및 유효성 미확립","","Tacrolimus Hydrate(타크로리무스수화물)",20240911
"특정연령대금기","단일",D000890,"Duloxetine Hydrochloride Enteric-Coated Granules","둘록세틴염산염장용과립","","장용성캡슐제, 펠렛",201404486,"듀세타캡슐30밀리그램(둘록세틴염산염)",20140930,"(주)메디카코리아","흰색 내지 연한 갈색의 장용성 구형과립이 든 상부 청색, 하부 흰색의 경질캡슐제",01170,"정신신경용제","전문의약품","[M259598]둘록세틴염산염장용과립",20161230,"소아 및 18세 미만의 청소년의 주요우울장애의 치료에는 사용해서는 안 됨.만 7세에서 17세까지의 주요우울장애 환자에서 플루옥세틴 군보다 이상사례(주로 오심)로 인한 중단 및 자살행동 높음.","다만, '주요 우울장애의 치료'에 한함","Duloxetine Hydrochloride Enteric-Coated Granules(둘록세틴염산염장용과립)",20200411
"특정연령대금기","단일",D000890,"Duloxetine Hydrochloride Enteric-Coated Granules","둘록세틴염산염장용과립","","장용성캡슐제, 펠렛",201404488,"듀세타캡슐60밀리그램(둘록세틴염산염)",20140930,"(주)메디카코리아","흰색 내지 연한 갈색의 장용성 구형과립이 든 상부 청색, 하부 노란연두색의 경질캡슐제",01170,"정신신경용제","전문의약품","[M259598]둘록세틴염산염장용과립",20161230,"소아 및 18세 미만의 청소년의 주요우울장애의 치료에는 사용해서는 안 됨.만 7세에서 17세까지의 주요우울장애 환자에서 플루옥세틴 군보다 이상사례(주로 오심)로 인한 중단 및 자살행동 높음.","다만, '주요 우울장애의 치료'에 한함","Duloxetine Hydrochloride Enteric-Coated Granules(둘록세틴염산염장용과립)",20200411
"특정연령대금기","단일",D000380,"Terbinafine Hydrochloride","테르비나핀염산염","","나정",201404590,"라미휴정(테르비나핀염산염)",20141006,"(주)휴비스트제약","흰색의 원형 정제",06290,"기타의 화학요법제","전문의약품","[M245869]테르비나핀염산염",20140109,"안전성 및 유효성 미확립","","Terbinafine Hydrochloride(테르비나핀염산염)",20201222
"특정연령대금기","단일",D000633,"Mometasone Furoate","모메타손푸로에이트","","정량현탁분무제",201405064,"모타넥스나잘스프레이(모메타손푸로에이트)",20141030,"(주)일화","일정량씩 분무되는 용기에 든 흰색 또는 거의 흰색에 가까운 불투명한 현탁액",01320,"이비과용제","전문의약품","[M070188]모메타손푸로에이트",20171106,"- 소아 환자에게 비강 코르티코스테로이드의 투여에 대한 임상시험에서 성장속도가 감소될 수 있다는 결과 나타남- 2세 미만에서 안전성 및 유효성 미확립","","Mometasone Furoate(모메타손푸로에이트)",20210207
"특정연령대금기","단일",D000181,Tadalafil,"타다라필","","구강붕해필름",201405164,"불티움구강붕해필름20밀리그램(타다라필)",20141105,"(주)서울제약","직사각형의 노란색 구강붕해필름",02590,"기타의 비뇨생식기관 및 항문용약","전문의약품","[M095435]타다라필",20140109,_,"","Tadalafil(타다라필)",20250115
"특정연령대금기","단일",D000246,"Sildenafil Citrate","실데나필시트르산염","","구강붕해필름",201405495,"누리그라구강붕해필름50밀리그램(실데나필시트르산염)",20141125,"(주)대웅제약","엷은 노란색의 직사각형 구강붕해필름",02590,"기타의 비뇨생식기관 및 항문용약","전문의약품","[M252789]실데나필시트르산염",20140109,_,"","Sildenafil Citrate(실데나필시트르산염)",20170909
"특정연령대금기","단일",D000181,Tadalafil,"타다라필","","구강붕해정",201405620,"불티움구강붕해필름10밀리그램(타다라필)",20141128,"(주)서울제약","직사각형의 노란색 구강붕해필름",02590,"기타의 비뇨생식기관 및 항문용약","전문의약품","[M095435]타다라필",20140109,_,"","Tadalafil(타다라필)",20250115
"특정연령대금기","단일",D000181,Tadalafil,"타다라필","","필름코팅정",201405692,"구구정10밀리그램(타다라필)",20141202,"한미약품(주)","연한 노란 주황색의 타원형 필름코팅정",02590,"기타의 비뇨생식기관 및 항문용약","전문의약품","[M095435]타다라필",20140109,_,"","Tadalafil(타다라필)",20250115
"특정연령대금기","단일",D000181,Tadalafil,"타다라필","","필름코팅정",201405693,"구구정20밀리그램(타다라필)",20141202,"한미약품(주)","밝은 노란 주황색의 타원형 필름코팅정",02590,"기타의 비뇨생식기관 및 항문용약","전문의약품","[M095435]타다라필",20140109,_,"","Tadalafil(타다라필)",20250115
"특정연령대금기","단일",D000890,"Duloxetine Hydrochloride Enteric-Coated Granules","둘록세틴염산염장용과립","","장용성캡슐제, 펠렛",201405792,"둘로틴캡슐30밀리그램(둘록세틴염산염)",20141208,"(주)이든파마","흰색 내지 연한 갈색의 장용성 구형과립이 든 상부 청색, 하부 흰색의 경질캡슐제",01170,"정신신경용제","전문의약품","[M259598]둘록세틴염산염장용과립",20161230,"소아 및 18세 미만의 청소년의 주요우울장애의 치료에는 사용해서는 안 됨.만 7세에서 17세까지의 주요우울장애 환자에서 플루옥세틴 군보다 이상사례(주로 오심)로 인한 중단 및 자살행동 높음.","다만, '주요 우울장애의 치료'에 한함","Duloxetine Hydrochloride Enteric-Coated Granules(둘록세틴염산염장용과립)",20200411
"특정연령대금기","단일",D000890,"Duloxetine Hydrochloride Enteric-Coated Granules","둘록세틴염산염장용과립","","장용성캡슐제, 펠렛",201405813,"둘세린캡슐30밀리그램(둘록세틴염산염)",20141209,"동국제약(주)","흰색 내지 연한 갈색의 장용성 구형과립이 든 상부 청색, 하부 흰색의 경질캡슐제",01170,"정신신경용제","전문의약품","[M259598]둘록세틴염산염장용과립",20161230,"소아 및 18세 미만의 청소년의 주요우울장애의 치료에는 사용해서는 안 됨.만 7세에서 17세까지의 주요우울장애 환자에서 플루옥세틴 군보다 이상사례(주로 오심)로 인한 중단 및 자살행동 높음.","다만, '주요 우울장애의 치료'에 한함","Duloxetine Hydrochloride Enteric-Coated Granules(둘록세틴염산염장용과립)",20200411
"특정연령대금기","단일",D000890,"Duloxetine Hydrochloride Enteric-Coated Granules","둘록세틴염산염장용과립","","장용성캡슐제, 펠렛",201405865,"둘세린캡슐60밀리그램(둘록세틴염산염)",20141212,"동국제약(주)","흰색 내지 연한 갈색의 장용성 구형과립이 든 상부 청색, 하부 노란연두색의 경질캡슐제",01170,"정신신경용제","전문의약품","[M259598]둘록세틴염산염장용과립",20161230,"소아 및 18세 미만의 청소년의 주요우울장애의 치료에는 사용해서는 안 됨.만 7세에서 17세까지의 주요우울장애 환자에서 플루옥세틴 군보다 이상사례(주로 오심)로 인한 중단 및 자살행동 높음.","다만, '주요 우울장애의 치료'에 한함","Duloxetine Hydrochloride Enteric-Coated Granules(둘록세틴염산염장용과립)",20200831
"특정연령대금기","단일",D000633,"Mometasone Furoate","모메타손푸로에이트","","정량현탁분무제",201406148,"모노넥스점비액(모메타손푸로에이트)",20141230,"이연제약(주)","일정량씩 분무되는 용기에 든 흰색 또는 거의 흰색에 가까운 불투명한 현탁액",01320,"이비과용제","전문의약품","[M070188]모메타손푸로에이트",20171106,"- 소아 환자에게 비강 코르티코스테로이드의 투여에 대한 임상시험에서 성장속도가 감소될 수 있다는 결과 나타남- 2세 미만에서 안전성 및 유효성 미확립","","Mometasone Furoate(모메타손푸로에이트)",20210207
"특정연령대금기","단일",D000633,"Mometasone Furoate","모메타손푸로에이트","","정량현탁분무제",201500024,"비알코넥스나잘스프레이(모메타손푸로에이트)",20150105,"(주)보령바이오파마","일정량씩 분무되는 용기에 든 흰색 또는 거의 흰색에 가까운 불투명한 현탁액",01320,"이비과용제","전문의약품","[M070188]모메타손푸로에이트",20171106,"- 소아 환자에게 비강 코르티코스테로이드의 투여에 대한 임상시험에서 성장속도가 감소될 수 있다는 결과 나타남- 2세 미만에서 안전성 및 유효성 미확립","","Mometasone Furoate(모메타손푸로에이트)",20210207
"특정연령대금기","단일",D000181,Tadalafil,"타다라필","","필름코팅정",201500523,"해피롱정20밀리그램(타다라필)",20150130,"삼진제약(주)","노란색의 타원형 필름코팅정제",02590,"기타의 비뇨생식기관 및 항문용약","전문의약품","[M095435]타다라필",20140109,_,"","Tadalafil(타다라필)",20250115
"특정연령대금기","단일",D000380,"Terbinafine Hydrochloride","테르비나핀염산염","","나정",201500625,"타비나핀정(테르비나핀염산염)",20150205,"(주)비보존제약","백색의 원형 정제",06290,"기타의 화학요법제","전문의약품","[M245869]테르비나핀염산염",20140109,"안전성 및 유효성 미확립","","Terbinafine Hydrochloride(테르비나핀염산염)",20201130
"특정연령대금기","단일",D000181,Tadalafil,"타다라필","","필름코팅정",201500885,"자이리스정20mg(타다라필)",20150217,"(주)동구바이오제약","노란색의 장방형 필름코팅정",02590,"기타의 비뇨생식기관 및 항문용약","전문의약품","[M095435]타다라필",20140109,_,"","Tadalafil(타다라필)",20250115
"특정연령대금기","단일",D000181,Tadalafil,"타다라필","","필름코팅정",201500895,"해피롱정10밀리그램(타다라필)",20150223,"삼진제약(주)","노란색의 타원형 필름코팅정제",02590,"기타의 비뇨생식기관 및 항문용약","전문의약품","[M095435]타다라필",20140109,_,"","Tadalafil(타다라필)",20250115
"특정연령대금기","단일",D000181,Tadalafil,"타다라필","","필름코팅정",201501126,"토네이드정10밀리그램(타다라필)",20150305,"일동제약(주)","노란색 장방형 모양의 필름코팅정제",02590,"기타의 비뇨생식기관 및 항문용약","전문의약품","[M095435]타다라필",20140109,_,"","Tadalafil(타다라필)",20250115
"특정연령대금기","단일",D000181,Tadalafil,"타다라필","","필름코팅정",201501127,"토네이드정5밀리그램(타다라필)",20150305,"일동제약(주)","노란색 원형 모양의 필름코팅정제",02590,"기타의 비뇨생식기관 및 항문용약","전문의약품","[M095435]타다라필",20140109,_,"","Tadalafil(타다라필)",20250115
"특정연령대금기","단일",D000181,Tadalafil,"타다라필","","필름코팅정",201501128,"토네이드정20밀리그램(타다라필)",20150305,"일동제약(주)","노란색 삼각형 모양의 필름코팅정제",02590,"기타의 비뇨생식기관 및 항문용약","전문의약품","[M095435]타다라필",20140109,_,"","Tadalafil(타다라필)",20250115
"특정연령대금기","단일",D000181,Tadalafil,"타다라필","","필름코팅정",201501366,"하나롱정20밀리그램(타다라필)",20150316,"제일약품(주)","노란색 삼각형 모양의 필름코팅정제",02590,"기타의 비뇨생식기관 및 항문용약","전문의약품","[M095435]타다라필",20140109,_,"","Tadalafil(타다라필)",20250115
"특정연령대금기","단일",D000181,Tadalafil,"타다라필","","필름코팅정",201501367,"하나롱정5밀리그램(타다라필)",20150316,"제일약품(주)","노란색 원형 모양의 필름코팅정제",02590,"기타의 비뇨생식기관 및 항문용약","전문의약품","[M095435]타다라필",20140109,_,"","Tadalafil(타다라필)",20250115
"특정연령대금기","단일",D000181,Tadalafil,"타다라필","","필름코팅정",201501431,"일양타다라필정20mg(타다라필)",20150318,"일양약품(주)","분할선을 가진 노란색의 모서리가 둥근 삼각형 모양의 필름코팅정제",02590,"기타의 비뇨생식기관 및 항문용약","전문의약품","[M095435]타다라필",20140109,_,"","Tadalafil(타다라필)",20250115
"특정연령대금기","단일",D000181,Tadalafil,"타다라필","","필름코팅정",201501479,"자이리스정5mg(타다라필)",20150320,"(주)동구바이오제약","노란색의 타원형 필름코팅정",02590,"기타의 비뇨생식기관 및 항문용약","전문의약품","[M095435]타다라필",20140109,_,"","Tadalafil(타다라필)",20250115
"특정연령대금기","단일",D000181,Tadalafil,"타다라필","","필름코팅정",201501539,"일라정5mg(타다라필)",20150324,"영진약품(주)","노란색의 타원형 필름코팅정",02590,"기타의 비뇨생식기관 및 항문용약","전문의약품","[M095435]타다라필",20140109,_,"","Tadalafil(타다라필)",20250115
"특정연령대금기","단일",D000181,Tadalafil,"타다라필","","필름코팅정",201501540,"일라정20mg(타다라필)",20150324,"영진약품(주)","노란색의 장방형 필름코팅정",02590,"기타의 비뇨생식기관 및 항문용약","전문의약품","[M095435]타다라필",20140109,_,"","Tadalafil(타다라필)",20250115
"특정연령대금기","단일",D000681,"Terazosin Hydrochloride Hydrate","테라조신염산염수화물","","나정",201501548,"테로핀정2밀리그램(테라조신염산염수화물)",20150324,"(주)아이월드제약","연한 주황색의 원형정제",02590,"기타의 비뇨생식기관 및 항문용약","전문의약품","[M250456]테라조신염산염수화물",20140109,"안전성 및 유효성 미확립","","Terazosin Hydrochloride Hydrate(테라조신염산염수화물)",20201229
"특정연령대금기","단일",D000181,Tadalafil,"타다라필","","필름코팅정",201501610,"헤로스정5mg(타다라필)",20150326,"(주)비보존제약","(내수용)노란색 원형 모양의 필름코팅정제, (수출용)노란색 원형의 필름코팅정제",02590,"기타의 비뇨생식기관 및 항문용약","전문의약품","[M095435]타다라필/[M095435]타다라필",20140109,_,"","Tadalafil(타다라필)",20250115
"특정연령대금기","단일",D000181,Tadalafil,"타다라필","","필름코팅정",201501612,"헤로스정20mg(타다라필)",20150326,"(주)비보존제약","(내수용)노란색 삼각형 모양의 필름코팅정제, (수출용)노란색 타원형의 필름코팅정제",02590,"기타의 비뇨생식기관 및 항문용약","전문의약품","[M095435]타다라필/[M095435]타다라필",20140109,_,"","Tadalafil(타다라필)",20250115
"특정연령대금기","단일",D000181,Tadalafil,"타다라필","","필름코팅정",201501675,"썬카정5밀리그램(타다라필)",20150330,"아주약품(주)","노란색 원형 모양의 필름코팅정제",02590,"기타의 비뇨생식기관 및 항문용약","전문의약품","[M095435]타다라필",20140109,_,"","Tadalafil(타다라필)",20250115
"특정연령대금기","단일",D000181,Tadalafil,"타다라필","","필름코팅정",201501676,"썬카정20밀리그램(타다라필)",20150330,"아주약품(주)","노란색 삼각형 모양의 필름코팅정제",02590,"기타의 비뇨생식기관 및 항문용약","전문의약품","[M095435]타다라필",20140109,_,"","Tadalafil(타다라필)",20250115
"특정연령대금기","단일",D000181,Tadalafil,"타다라필","","필름코팅정",201501688,"푸로리스정20mg(타다라필)",20150330,"영풍제약(주)","노란색의 장방형 필름코팅정",02590,"기타의 비뇨생식기관 및 항문용약","전문의약품","[M095435]타다라필",20140109,_,"","Tadalafil(타다라필)",20250115
"특정연령대금기","단일",D000181,Tadalafil,"타다라필","","필름코팅정",201501707,"부광타다라필정5mg",20150331,"부광약품(주)","노란색의 타원형 필름코팅정",02590,"기타의 비뇨생식기관 및 항문용약","전문의약품","[M095435]타다라필",20140109,_,"","Tadalafil(타다라필)",20250115
"특정연령대금기","단일",D000181,Tadalafil,"타다라필","","필름코팅정",201501708,"부광타다라필정20mg",20150331,"부광약품(주)","노란색의 장방형 필름코팅정",02590,"기타의 비뇨생식기관 및 항문용약","전문의약품","[M095435]타다라필",20140109,_,"","Tadalafil(타다라필)",20250115
"특정연령대금기","단일",D000181,Tadalafil,"타다라필","","필름코팅정",201501734,"포드림정5mg(타다라필)",20150331,"한올바이오파마(주)","노란색의 타원형 필름코팅정",02590,"기타의 비뇨생식기관 및 항문용약","전문의약품","[M095435]타다라필",20140109,_,"","Tadalafil(타다라필)",20250115
"특정연령대금기","단일",D000181,Tadalafil,"타다라필","","필름코팅정",201501735,"포드림정20mg(타다라필)",20150331,"한올바이오파마(주)","노란색의 장방형 필름코팅정",02590,"기타의 비뇨생식기관 및 항문용약","전문의약품","[M095435]타다라필",20140109,_,"","Tadalafil(타다라필)",20250115
"특정연령대금기","단일",D000380,"Terbinafine Hydrochloride","테르비나핀염산염","","나정",201501740,"라미나핀정(테르비나핀염산염)",20150331,"주식회사더유제약","흰색의 원형 정제",06290,"기타의 화학요법제","전문의약품","[M245869]테르비나핀염산염",20140109,"안전성 및 유효성 미확립","","Terbinafine Hydrochloride(테르비나핀염산염)",20200901
"특정연령대금기","단일",D000181,Tadalafil,"타다라필","","필름코팅정",201501883,"조이롱정20밀리그램(타다라필)",20150408,"(주)에이프로젠바이오로직스","노란색의 장방형 필름코팅정",02590,"기타의 비뇨생식기관 및 항문용약","전문의약품","[M095435]타다라필",20140109,_,"","Tadalafil(타다라필)",20250115
"특정연령대금기","단일",D000181,Tadalafil,"타다라필","","필름코팅정",201501886,"세니트엔정20mg(타다라필)",20150408,"동광제약(주)","노란색의 달걀형 필름코팅정",02590,"기타의 비뇨생식기관 및 항문용약","전문의약품","[M095435]타다라필",20140109,_,"","Tadalafil(타다라필)",20250115
"특정연령대금기","단일",D000181,Tadalafil,"타다라필","","추어블정(저작정)",201501891,"구구츄정20밀리그램(타다라필)",20150408,"한미약품(주)","연한 노란색의 씹어먹는 원형 정제",02590,"기타의 비뇨생식기관 및 항문용약","전문의약품","[M095435]타다라필",20140109,_,"","Tadalafil(타다라필)",20250115
"특정연령대금기","단일",D000181,Tadalafil,"타다라필","","추어블정(저작정)",201501892,"구구츄정10밀리그램(타다라필)",20150408,"한미약품(주)","연한 노란색의 씹어먹는 원형 정제",02590,"기타의 비뇨생식기관 및 항문용약","전문의약품","[M095435]타다라필",20140109,_,"","Tadalafil(타다라필)",20250115
"특정연령대금기","단일",D000181,Tadalafil,"타다라필","","추어블정(저작정)",201501893,"구구츄정5밀리그램(타다라필)",20150408,"한미약품(주)","연한 노란색의 씹어먹는 원형 정제",02590,"기타의 비뇨생식기관 및 항문용약","전문의약품","[M095435]타다라필",20140109,_,"","Tadalafil(타다라필)",20250115
"특정연령대금기","단일",D000181,Tadalafil,"타다라필","","필름코팅정",201501932,"코오롱타다라필정10mg(타다라필)(수출용)",20150409,"코오롱제약(주)","황색의 원형 필름코팅정",02590,"기타의 비뇨생식기관 및 항문용약","전문의약품","[M095435]타다라필",20140109,_,"","Tadalafil(타다라필)",20250115
"특정연령대금기","단일",D000181,Tadalafil,"타다라필","","필름코팅정",201501933,"코오롱타다라필정20mg(타다라필)(수출용)",20150409,"코오롱제약(주)","황색의 원형 필름코팅정",02590,"기타의 비뇨생식기관 및 항문용약","전문의약품","[M095435]타다라필",20140109,_,"","Tadalafil(타다라필)",20250115
"특정연령대금기","단일",D000181,Tadalafil,"타다라필","","필름코팅정",201501944,"고든정5mg(타다라필)",20150409,"(주)씨티씨바이오","분할선을 가진 노란색의 타원형 필름코팅정",02590,"기타의 비뇨생식기관 및 항문용약","전문의약품","[M095435]타다라필",20140109,_,"","Tadalafil(타다라필)",20250115
"특정연령대금기","단일",D000181,Tadalafil,"타다라필","","필름코팅정",201501946,"카마라필정20밀리그램(타다라필)",20150409,"주식회사제뉴원사이언스","노란색의 클로버형 필름코팅정",02590,"기타의 비뇨생식기관 및 항문용약","전문의약품","[M095435]타다라필",20140109,_,"","Tadalafil(타다라필)",20250115
"특정연령대금기","단일",D000181,Tadalafil,"타다라필","","필름코팅정",201501971,"타다포스정20mg(타다라필)",20150410,"(주)유한양행","분홍색의 아몬드 모양 필름코팅정제",02590,"기타의 비뇨생식기관 및 항문용약","전문의약품","[M095435]타다라필",20140109,_,"","Tadalafil(타다라필)",20250115
"특정연령대금기","단일",D000890,"Duloxetine Hydrochloride Enteric-Coated Granules","둘록세틴염산염장용과립","","장용성캡슐제, 펠렛",201501973,"둘세틴캡슐30밀리그램(둘록세틴염산염)",20150410,"(주)킵스바이오파마","흰색 내지 연한 갈색의 장용성 구형과립이 든 상부 청색, 하부 흰색의 경질캡슐제",01170,"정신신경용제","전문의약품","[M259598]둘록세틴염산염장용과립",20161230,"소아 및 18세 미만의 청소년의 주요우울장애의 치료에는 사용해서는 안 됨.만 7세에서 17세까지의 주요우울장애 환자에서 플루옥세틴 군보다 이상사례(주로 오심)로 인한 중단 및 자살행동 높음.","다만, '주요 우울장애의 치료'에 한함","Duloxetine Hydrochloride Enteric-Coated Granules(둘록세틴염산염장용과립)",20200411
"특정연령대금기","단일",D000890,"Duloxetine Hydrochloride Enteric-Coated Granules","둘록세틴염산염장용과립","","장용성캡슐제, 펠렛",201501974,"둘세틴캡슐60밀리그램(둘록세틴염산염)",20150410,"(주)킵스바이오파마","흰색 내지 연한 갈색의 장용성 구형과립이 든 상부 청색, 하부 노란 연두색의 경질캡슐제",01170,"정신신경용제","전문의약품","[M259598]둘록세틴염산염장용과립",20161230,"소아 및 18세 미만의 청소년의 주요우울장애의 치료에는 사용해서는 안 됨.만 7세에서 17세까지의 주요우울장애 환자에서 플루옥세틴 군보다 이상사례(주로 오심)로 인한 중단 및 자살행동 높음.","다만, '주요 우울장애의 치료'에 한함","Duloxetine Hydrochloride Enteric-Coated Granules(둘록세틴염산염장용과립)",20200411
"특정연령대금기","단일",D000181,Tadalafil,"타다라필","","구강붕해필름",201501975,"센트립구강용해필름20mg(타다라필)",20150410,"(주)씨엘팜","황색의 직사각형 구강용해필름제",02590,"기타의 비뇨생식기관 및 항문용약","전문의약품","[M095435]타다라필",20140109,_,"","Tadalafil(타다라필)",20250115
"특정연령대금기","단일",D000181,Tadalafil,"타다라필","","구강붕해필름",201501976,"센트립구강용해필름10mg(타다라필)",20150410,"(주)씨엘팜","황색의 직사각형 구강용해필름제",02590,"기타의 비뇨생식기관 및 항문용약","전문의약품","[M095435]타다라필",20140109,_,"","Tadalafil(타다라필)",20250115
"특정연령대금기","단일",D000181,Tadalafil,"타다라필","","필름코팅정",201501996,"타다포스정5mg(타다라필)",20150413,"(주)유한양행","분홍색의 아몬드 모양 필름코팅정제",02590,"기타의 비뇨생식기관 및 항문용약","전문의약품","[M095435]타다라필",20140109,_,"","Tadalafil(타다라필)",20250115
"특정연령대금기","단일",D000181,Tadalafil,"타다라필","","필름코팅정",201501998,"타다포스정10mg(타다라필)",20150413,"(주)유한양행","분홍색의 아몬드 모양 필름코팅정제",02590,"기타의 비뇨생식기관 및 항문용약","전문의약품","[M095435]타다라필",20140109,_,"","Tadalafil(타다라필)",20250115
"특정연령대금기","단일",D000181,Tadalafil,"타다라필","","필름코팅정",201502213,"빅토리스정5밀리그램(타다라필)",20150414,"국제약품(주)","노란색 원형 모양의 필름코팅정제",02590,"기타의 비뇨생식기관 및 항문용약","전문의약품","[M095435]타다라필",20140109,_,"","Tadalafil(타다라필)",20250115
"특정연령대금기","단일",D000181,Tadalafil,"타다라필","","필름코팅정",201502214,"일양타다라필정5mg(타다라필)",20150414,"일양약품(주)","분할선을 가진 노란색의 타원형 필름코팅정",02590,"기타의 비뇨생식기관 및 항문용약","전문의약품","[M095435]타다라필",20140109,_,"","Tadalafil(타다라필)",20250115
"특정연령대금기","단일",D000181,Tadalafil,"타다라필","","필름코팅정",201502216,"더포르테씨정20밀리그램(타다라필)",20150414,"경동제약(주)","노란색의 육각형 필름코팅정",02590,"기타의 비뇨생식기관 및 항문용약","전문의약품","[M095435]타다라필",20140109,_,"","Tadalafil(타다라필)",20250115
"특정연령대금기","단일",D000181,Tadalafil,"타다라필","","필름코팅정",201502217,"더포르테씨정5밀리그램(타다라필)",20150414,"경동제약(주)","노란색의 육각형 필름코팅정",02590,"기타의 비뇨생식기관 및 항문용약","전문의약품","[M095435]타다라필",20140109,_,"","Tadalafil(타다라필)",20250115
"특정연령대금기","단일",D000181,Tadalafil,"타다라필","","구강붕해필름",201502239,"센돔구강용해필름20밀리그램(타다라필)",20150415,"(주)종근당","흰색의 사각형 구강용해필름",02590,"기타의 비뇨생식기관 및 항문용약","전문의약품","[M095435]타다라필",20140109,_,"","Tadalafil(타다라필)",20250115
"특정연령대금기","단일",D000181,Tadalafil,"타다라필","","구강붕해필름",201502266,"세니트엔구강용해필름20mg(타다라필)",20150415,"동광제약(주)","황색의 직사각형 구강용해필름제",02590,"기타의 비뇨생식기관 및 항문용약","전문의약품","[M095435]타다라필",20140109,_,"","Tadalafil(타다라필)",20250115
"특정연령대금기","단일",D000181,Tadalafil,"타다라필","","구강붕해필름",201502273,"자이리스구강붕해필름20mg(타다라필)",20150415,"(주)동구바이오제약","황색의 직사각형 구강붕해필름",02590,"기타의 비뇨생식기관 및 항문용약","전문의약품","[M095435]타다라필",20140109,_,"","Tadalafil(타다라필)",20250115
"특정연령대금기","단일",D000181,Tadalafil,"타다라필","","필름코팅정",201502291,"카마라필정5밀리그램(타다라필)",20150415,"주식회사제뉴원사이언스","연한 노란색의 원형 필름코팅정제",02590,"기타의 비뇨생식기관 및 항문용약","전문의약품","[M095435]타다라필",20140109,_,"","Tadalafil(타다라필)",20250115
"특정연령대금기","단일",D000181,Tadalafil,"타다라필","","필름코팅정",201502309,"롱티메정20mg(타다라필)",20150416,"(주)한국파비스제약","노란색의 장방형 필름코팅정",02590,"기타의 비뇨생식기관 및 항문용약","전문의약품","[M095435]타다라필",20140109,_,"","Tadalafil(타다라필)",20250115
"특정연령대금기","단일",D000181,Tadalafil,"타다라필","","필름코팅정",201502311,"세니트엔정5mg(타다라필)",20150416,"동광제약(주)","노란색의 타원형 필름코팅정",02590,"기타의 비뇨생식기관 및 항문용약","전문의약품","[M095435]타다라필",20140109,_,"","Tadalafil(타다라필)",20250115
"특정연령대금기","단일",D000890,"Duloxetine Hydrochloride Enteric-Coated Granules","둘록세틴염산염장용과립","","장용성캡슐제, 펠렛",201502313,"두울세틴캡슐60밀리그램(둘록세틴염산염)",20150416,"(주)마더스제약","흰색 내지 연한 갈색의 장용성 구형과립이 든 상부 청색, 하부 노란연두색의 경질캡슐제",01170,"정신신경용제","전문의약품","[M259598]둘록세틴염산염장용과립",20161230,"소아 및 18세 미만의 청소년의 주요우울장애의 치료에는 사용해서는 안 됨.만 7세에서 17세까지의 주요우울장애 환자에서 플루옥세틴 군보다 이상사례(주로 오심)로 인한 중단 및 자살행동 높음.","다만, '주요 우울장애의 치료'에 한함","Duloxetine Hydrochloride Enteric-Coated Granules(둘록세틴염산염장용과립)",20200429
"특정연령대금기","단일",D000890,"Duloxetine Hydrochloride Enteric-Coated Granules","둘록세틴염산염장용과립","","장용성캡슐제, 펠렛",201502314,"두울세틴캡슐30밀리그램(둘록세틴염산염)",20150416,"(주)마더스제약","흰색 내지 연한 갈색의 장용성 구형과립이 든 상부 청색, 하부 흰색의 경질캡슐제",01170,"정신신경용제","전문의약품","[M259598]둘록세틴염산염장용과립",20161230,"소아 및 18세 미만의 청소년의 주요우울장애의 치료에는 사용해서는 안 됨.만 7세에서 17세까지의 주요우울장애 환자에서 플루옥세틴 군보다 이상사례(주로 오심)로 인한 중단 및 자살행동 높음.","다만, '주요 우울장애의 치료'에 한함","Duloxetine Hydrochloride Enteric-Coated Granules(둘록세틴염산염장용과립)",20200429
"특정연령대금기","단일",D000181,Tadalafil,"타다라필","","필름코팅정",201502340,"롱티메정5mg(타다라필)",20150417,"(주)한국파비스제약","노란색의 타원형 필름코팅정",02590,"기타의 비뇨생식기관 및 항문용약","전문의약품","[M095435]타다라필",20140109,_,"","Tadalafil(타다라필)",20250115
"특정연령대금기","단일",D000181,Tadalafil,"타다라필","","필름코팅정",201502405,"해피롱정5밀리그램(타다라필)",20150423,"삼진제약(주)","노란색의 타원형 필름코팅정제",02590,"기타의 비뇨생식기관 및 항문용약","전문의약품","[M095435]타다라필",20140109,_,"","Tadalafil(타다라필)",20250115
"특정연령대금기","단일",D000181,Tadalafil,"타다라필","","구강붕해필름",201502756,"고든구강용해필름10mg(타다라필)(수출명: CALIBERI orodispersible film 10mg)",20150506,"(주)씨티씨바이오","옅은 황색의 직사각형 구강용해필름",02590,"기타의 비뇨생식기관 및 항문용약","전문의약품","[M095435]타다라필",20140109,_,"","Tadalafil(타다라필)",20250115
"특정연령대금기","단일",D000181,Tadalafil,"타다라필","","필름코팅정",201502770,"시알라필정20mg(타다라필)",20150507,"(주)일화","노란색의 장방형 필름코팅정",02590,"기타의 비뇨생식기관 및 항문용약","전문의약품","[M095435]타다라필",20140109,_,"","Tadalafil(타다라필)",20250115
"특정연령대금기","단일",D000181,Tadalafil,"타다라필","","필름코팅정",201502773,"센돔정10밀리그램(타다라필)",20150507,"(주)종근당","노란색의 양쪽이 볼록한 장방형 필름코팅정제",02590,"기타의 비뇨생식기관 및 항문용약","전문의약품","[M095435]타다라필",20140109,_,"","Tadalafil(타다라필)",20250115
"특정연령대금기","단일",D000181,Tadalafil,"타다라필","","필름코팅정",201502774,"센돔정5밀리그램(타다라필)",20150507,"(주)종근당","연한 노란색의 양쪽이 볼록한 장방형 필름코팅정제",02590,"기타의 비뇨생식기관 및 항문용약","전문의약품","[M095435]타다라필",20140109,_,"","Tadalafil(타다라필)",20250115
"특정연령대금기","단일",D000181,Tadalafil,"타다라필","","필름코팅정",201502775,"센돔정20밀리그램(타다라필)",20150507,"(주)종근당","노란색의 양쪽이 볼록한 장방형 필름코팅정제",02590,"기타의 비뇨생식기관 및 항문용약","전문의약품","[M095435]타다라필",20140109,_,"","Tadalafil(타다라필)",20250115
"특정연령대금기","단일",D000181,Tadalafil,"타다라필","","필름코팅정",201503139,"불티움정5밀리그램(타다라필)",20150526,"(주)서울제약","노란색의 타원형 필름코팅정",02590,"기타의 비뇨생식기관 및 항문용약","전문의약품","[M095435]타다라필",20140109,_,"","Tadalafil(타다라필)",20250115
"특정연령대금기","단일",D000181,Tadalafil,"타다라필","","필름코팅정",201503142,"타오르정5밀리그램(타다라필)",20150526,"(주)대웅제약","노란색의 모서리가 둥근 삼각형 모양의 필름코팅정제",02590,"기타의 비뇨생식기관 및 항문용약","전문의약품","[M095435]타다라필",20140109,_,"","Tadalafil(타다라필)",20250115
"특정연령대금기","단일",D000181,Tadalafil,"타다라필","","필름코팅정",201503143,"타오르정20밀리그램(타다라필)",20150526,"(주)대웅제약","분할선을 가진 노란색의 모서리가 둥근 삼각형 모양의 필름코팅정제",02590,"기타의 비뇨생식기관 및 항문용약","전문의약품","[M095435]타다라필",20140109,_,"","Tadalafil(타다라필)",20250115
"특정연령대금기","단일",D000181,Tadalafil,"타다라필","","필름코팅정",201503144,"타오르정10밀리그램(타다라필)",20150526,"(주)대웅제약","분할선을 가진 노란색의 모서리가 둥근 삼각형 모양의 필름코팅정제",02590,"기타의 비뇨생식기관 및 항문용약","전문의약품","[M095435]타다라필",20140109,_,"","Tadalafil(타다라필)",20250115
"특정연령대금기","단일",D000181,Tadalafil,"타다라필","","필름코팅정",201503170,"뉴씨그라정5mg(타다라필)",20150527,"한국휴텍스제약(주)","노란색의 모서리가 둥근 삼각형 모양의 필름코팅정제",02590,"기타의 비뇨생식기관 및 항문용약","전문의약품","[M095435]타다라필",20140109,_,"","Tadalafil(타다라필)",20250115
"특정연령대금기","단일",D000181,Tadalafil,"타다라필","","구강붕해필름",201503283,"고든구강용해필름5mg(타다라필)(수출명: CALIBERI orodispersible film 5mg)",20150528,"(주)씨티씨바이오","옅은 황색의 직사각형 구강용해필름",02590,"기타의 비뇨생식기관 및 항문용약","전문의약품","[M095435]타다라필",20140109,_,"","Tadalafil(타다라필)",20250115
"특정연령대금기","단일",D000181,Tadalafil,"타다라필","","필름코팅정",201503288,"타다프리정20밀리그램(타다라필)",20150529,"알보젠코리아(주)","분할선을 가진 노란색의 모서리가 둥근 삼각형 모양의 필름코팅정제",02590,"기타의 비뇨생식기관 및 항문용약","전문의약품","[M095435]타다라필",20140109,_,"","Tadalafil(타다라필)",20250115
"특정연령대금기","단일",D000181,Tadalafil,"타다라필","","필름코팅정",201503289,"타다프리정5밀리그램(타다라필)",20150529,"알보젠코리아(주)","노란색의 모서리가 둥근 삼각형 모양의 필름코팅정제",02590,"기타의 비뇨생식기관 및 항문용약","전문의약품","[M095435]타다라필",20140109,_,"","Tadalafil(타다라필)",20250115
"특정연령대금기","단일",D000181,Tadalafil,"타다라필","","필름코팅정",201503293,"엠스트롱정5밀리그램(타다라필)",20150529,"동국제약(주)","노란색의 모서리가 둥근 삼각형 모양의 필름코팅정제",02590,"기타의 비뇨생식기관 및 항문용약","전문의약품","[M095435]타다라필",20140109,_,"","Tadalafil(타다라필)",20250115
"특정연령대금기","단일",D000181,Tadalafil,"타다라필","","필름코팅정",201503295,"엠스트롱정20밀리그램(타다라필)",20150529,"동국제약(주)","분할선을 가진 노란색의 모서리가 둥근 삼각형 모양의 필름코팅정제",02590,"기타의 비뇨생식기관 및 항문용약","전문의약품","[M095435]타다라필",20140109,_,"","Tadalafil(타다라필)",20250115
"특정연령대금기","단일",D000181,Tadalafil,"타다라필","","필름코팅정",201503300,"더플러스정5밀리그램(타다라필)",20150529,"(주)킵스바이오파마","노란색의 모서리가 둥근 삼각형 모양의 필름코팅정제",02590,"기타의 비뇨생식기관 및 항문용약","전문의약품","[M095435]타다라필",20140109,_,"","Tadalafil(타다라필)",20250115
"특정연령대금기","단일",D000181,Tadalafil,"타다라필","","필름코팅정",201503301,"데일라정5mg(타다라필)",20150529,"알리코제약(주)","노란색의 모서리가 둥근 삼각형 모양의 필름코팅정제",02590,"기타의 비뇨생식기관 및 항문용약","전문의약품","[M095435]타다라필",20140109,_,"","Tadalafil(타다라필)",20250115
"특정연령대금기","단일",D000181,Tadalafil,"타다라필","","필름코팅정",201503302,"일나스정5밀리그램(타다라필)",20150529,"(주)넥스팜코리아","노란색의 모서리가 둥근 삼각형 모양의 필름코팅정제",02590,"기타의 비뇨생식기관 및 항문용약","전문의약품","[M095435]타다라필",20140109,_,"","Tadalafil(타다라필)",20250115
"특정연령대금기","단일",D000181,Tadalafil,"타다라필","","필름코팅정",201503304,"타올라스정5밀리그램(타다라필)",20150529,"(주)셀트리온제약","노란색 원형 모양의 필름코팅정제",02590,"기타의 비뇨생식기관 및 항문용약","전문의약품","[M095435]타다라필",20140109,_,"","Tadalafil(타다라필)",20250115
"특정연령대금기","단일",D000246,"Sildenafil Citrate","실데나필시트르산염","","필름코팅정",201503486,"대웅바이오실데나필정100밀리그램(실데나필시트르산염)",20150529,"대웅바이오(주)","분할선을 가진 연두색의 모서리가 둥근 삼각형 필름코팅정",02590,"기타의 비뇨생식기관 및 항문용약","전문의약품","[M252789]실데나필시트르산염",20140109,_,"","Sildenafil Citrate(실데나필시트르산염)",20170909
"특정연령대금기","단일",D000246,"Sildenafil Citrate","실데나필시트르산염","","필름코팅정",201503487,"대웅바이오실데나필정50밀리그램(실데나필시트르산염)",20150529,"대웅바이오(주)","분할선을 가진 연두색의 모서리가 둥근 삼각형 필름코팅정",02590,"기타의 비뇨생식기관 및 항문용약","전문의약품","[M252789]실데나필시트르산염",20140109,_,"","Sildenafil Citrate(실데나필시트르산염)",20170909
"특정연령대금기","단일",D000181,Tadalafil,"타다라필","","필름코팅정",201503492,"윕스정5밀리그램(타다라필)",20150529,"주식회사더유제약","노란색의 모서리가 둥근 삼각형 모양의 필름코팅정제",02590,"기타의 비뇨생식기관 및 항문용약","전문의약품","[M095435]타다라필",20140109,_,"","Tadalafil(타다라필)",20250115
"특정연령대금기","단일",D000181,Tadalafil,"타다라필","","필름코팅정",201503493,"윕스정20밀리그램(타다라필)",20150529,"주식회사더유제약","분할선을 가진 노란색의 모서리가 둥근 삼각형 모양의 필름코팅정제",02590,"기타의 비뇨생식기관 및 항문용약","전문의약품","[M095435]타다라필",20140109,_,"","Tadalafil(타다라필)",20250115
"특정연령대금기","단일",D000181,Tadalafil,"타다라필","","구강붕해필름",201504229,"제대로필구강용해필름10밀리그램(타다라필)",20150630,"(주)씨엠지제약","흰색의 사각형 구강용해필름",02590,"기타의 비뇨생식기관 및 항문용약","전문의약품","[M095435]타다라필",20140109,_,"","Tadalafil(타다라필)",20250115
"특정연령대금기","단일",D000181,Tadalafil,"타다라필","","구강붕해필름",201504230,"제대로필구강용해필름20밀리그램(타다라필)",20150630,"(주)씨엠지제약","흰색의 사각형 구강용해필름",02590,"기타의 비뇨생식기관 및 항문용약","전문의약품","[M095435]타다라필",20140109,_,"","Tadalafil(타다라필)",20250115
"특정연령대금기","단일",D000181,Tadalafil,"타다라필","","구강붕해필름",201504269,"뉴씨그라구강용해필름20mg(타다라필)",20150630,"한국휴텍스제약(주)","흰색의 사각형 구강용해필름",02590,"기타의 비뇨생식기관 및 항문용약","전문의약품","[M095435]타다라필",20140109,_,"","Tadalafil(타다라필)",20250115
"특정연령대금기","단일",D000181,Tadalafil,"타다라필","","구강붕해필름",201504798,"이렉시멈구강용해필름20밀리그램(타다라필)",20150713,"삼일제약(주)","흰색의 사각형 구강용해필름",02590,"기타의 비뇨생식기관 및 항문용약","전문의약품","[M095435]타다라필",20140109,_,"","Tadalafil(타다라필)",20250115
"특정연령대금기","단일",D000181,Tadalafil,"타다라필","","산제",201505611,"그래서산20밀리그램(타다라필)",20150813,"안국약품(주)","흰색 또는 연한 노란색의 산제",02590,"기타의 비뇨생식기관 및 항문용약","전문의약품","[M095435]타다라필",20140109,_,"","Tadalafil(타다라필)",20250115
"특정연령대금기","단일",D000181,Tadalafil,"타다라필","","산제",201505612,"그래서산10밀리그램(타다라필)",20150813,"안국약품(주)","흰색 또는 연한 노란색의 산제",02590,"기타의 비뇨생식기관 및 항문용약","전문의약품","[M095435]타다라필",20140109,_,"","Tadalafil(타다라필)",20250115
"특정연령대금기","단일",D000181,Tadalafil,"타다라필","","산제",201505613,"그래서산5밀리그램(타다라필)",20150813,"안국약품(주)","흰색 또는 연한 노란색의 산제",02590,"기타의 비뇨생식기관 및 항문용약","전문의약품","[M095435]타다라필",20140109,_,"","Tadalafil(타다라필)",20250115
"특정연령대금기","단일",D000181,Tadalafil,"타다라필","","필름코팅정",201505842,"이팔정20mg(타다라필)",20150820,"(주)휴온스","노란색의 장방형 필름코팅정",02590,"기타의 비뇨생식기관 및 항문용약","전문의약품","[M095435]타다라필",20140109,_,"","Tadalafil(타다라필)",20250115
"특정연령대금기","단일",D000633,"Mometasone Furoate","모메타손푸로에이트","","일반현탁분무제",201505894,"제뉴원모메타손스프레이(모메타손푸로에이트)(수출용)",20150821,"주식회사제뉴원사이언스","일정량씩 분무되는 용기에 든 흰색 또는 거의 흰색에 가까운 불투명한 현탁액",01320,"이비과용제","전문의약품","[M070188]모메타손푸로에이트",20171106,"- 소아 환자에게 비강 코르티코스테로이드의 투여에 대한 임상시험에서 성장속도가 감소될 수 있다는 결과 나타남- 2세 미만에서 안전성 및 유효성 미확립","","Mometasone Furoate(모메타손푸로에이트)",20210118
"특정연령대금기","단일",D000681,"Terazosin Hydrochloride Hydrate","테라조신염산염수화물","","나정",201506179,"테라포스정2밀리그램(테라조신염산염수화물)",20150831,"익수제약(주)","연한 주황색의 원형정제",02590,"기타의 비뇨생식기관 및 항문용약","전문의약품","[M250456]테라조신염산염수화물",20140109,"안전성 및 유효성 미확립","","Terazosin Hydrochloride Hydrate(테라조신염산염수화물)",20200527
"특정연령대금기","단일",D000181,Tadalafil,"타다라필","","필름코팅정",201506289,"제대로필정5밀리그램(타다라필)",20150831,"(주)씨엠지제약","노란색의 타원형 필름코팅정",02590,"기타의 비뇨생식기관 및 항문용약","전문의약품","[M095435]타다라필",20140109,_,"","Tadalafil(타다라필)",20250115
"특정연령대금기","단일",D000246,"Sildenafil Citrate","실데나필시트르산염","","필름코팅정",201506540,"올앳스정50밀리그램(실데나필시트르산염)",20150914,"주식회사더유제약","분할선을 가진 연두색의 모서리가 둥근 삼각형 필름코팅정",02590,"기타의 비뇨생식기관 및 항문용약","전문의약품","[M252789]실데나필시트르산염",20140109,_,"","Sildenafil Citrate(실데나필시트르산염)",20170909
"특정연령대금기","단일",D000246,"Sildenafil Citrate","실데나필시트르산염","","필름코팅정",201506541,"올앳스정100밀리그램(실데나필시트르산염)",20150914,"주식회사더유제약","분할선을 가진 연두색의 모서리가 둥근 삼각형 필름코팅정",02590,"기타의 비뇨생식기관 및 항문용약","전문의약품","[M252789]실데나필시트르산염",20140109,_,"","Sildenafil Citrate(실데나필시트르산염)",20170909
"특정연령대금기","단일",D000181,Tadalafil,"타다라필","","구강붕해필름",201507480,"스타라필구강용해필름20밀리그램(타다라필)",20151030,"(주)팜젠사이언스","흰색의 사각형 구강용해필름",02590,"기타의 비뇨생식기관 및 항문용약","전문의약품","[M095435]타다라필",20140109,_,"","Tadalafil(타다라필)",20250115
"특정연령대금기","단일",D000484,"Teriparatide Acetate","테리파라타이드아세트산염","","용액용동결건조분말주사제",201507697,"테리본피하주사56.5마이크로그램(테리파라타이드아세트산염)",20151113,"동아에스티(주)","흰색의 고체 또는 분말이 무색투명한 바이알에 든 주사제",02430,"갑상선, 부갑상선호르몬제","전문의약품","[M263083]테리파라타이드아세트산염",20140109,"- 안전성 및 유효성 미확립- 일반적으로 골육종 발현 위험이 높을 수 있음","","Teriparatide Acetate(테리파라타이드아세트산염)",20191024
"특정연령대금기","단일",D000181,Tadalafil,"타다라필","","필름코팅정",201508516,"아작스정20밀리그램(타다라필)",20151230,"현대약품(주)","분할선을 가진 노란색의 모서리가 둥근 삼각형 모양의 필름코팅정제",02590,"기타의 비뇨생식기관 및 항문용약","전문의약품","[M095435]타다라필",20140109,_,"","Tadalafil(타다라필)",20250115
"특정연령대금기","단일",D000681,"Terazosin Hydrochloride Hydrate","테라조신염산염수화물","","나정",201601554,"테라산정2mg(테라조신염산염수화물)",20160317,"아이큐어(주)","옅은 오렌지색 내지 황색의 원형정제",02590,"기타의 비뇨생식기관 및 항문용약","전문의약품","[M250456]테라조신염산염수화물",20140109,"안전성 및 유효성 미확립","","Terazosin Hydrochloride Hydrate(테라조신염산염수화물)",20210407
"특정연령대금기","단일",D000681,"Terazosin Hydrochloride Hydrate","테라조신염산염수화물","","나정",201603090,"하이소린정2mg(테라조신염산염수화물)",20160531,"대웅바이오(주)","연한 주황색의 원형정제",02590,"기타의 비뇨생식기관 및 항문용약","전문의약품","[M250456]테라조신염산염수화물",20140109,"안전성 및 유효성 미확립","","Terazosin Hydrochloride Hydrate(테라조신염산염수화물)",20200828
"특정연령대금기","단일",D000380,"Terbinafine Hydrochloride","테르비나핀염산염","","나정",201603638,"엠터나핀정(테르비나핀염산염)",20160620,"맥널티제약(주)","흰색 내지 미백색의 원형 정제",06290,"기타의 화학요법제","전문의약품","[M245869]테르비나핀염산염",20140109,"안전성 및 유효성 미확립","","Terbinafine Hydrochloride(테르비나핀염산염)",20190911
"특정연령대금기","단일",D000384,"Tianeptine Sodium","티아넵틴나트륨","","당의정",201603727,"건일티아넵틴정(티아넵틴나트륨)",20160621,"건일제약(주)","흰색의 타원형 당의정",01170,"정신신경용제","전문의약품","[M089308]티아넵틴나트륨",20140109,_,"","Tianeptine Sodium(티아넵틴나트륨)",20200207
"특정연령대금기","단일",D000181,Tadalafil,"타다라필","","필름코팅정",201603989,"시알정20밀리그램(타다라필)",20160627,"유니메드제약(주)","노란색 리본모양의 필름코팅정제",02590,"기타의 비뇨생식기관 및 항문용약","전문의약품","[M095435]타다라필",20140109,_,"","Tadalafil(타다라필)",20250115
"특정연령대금기","단일",D000181,Tadalafil,"타다라필","","필름코팅정",201604178,"시알정5밀리그램(타다라필)",20160706,"유니메드제약(주)","연한 노란색의 물방울형 필름코팅정제",02590,"기타의 비뇨생식기관 및 항문용약","전문의약품","[M095435]타다라필",20140109,_,"","Tadalafil(타다라필)",20250115
"특정연령대금기","단일",D000181,Tadalafil,"타다라필","","필름코팅정",201604239,"시아놀정20밀리그램(타다라필)",20160708,"성원애드콕제약(주)","노란색의 장방형 필름코팅정",02590,"기타의 비뇨생식기관 및 항문용약","전문의약품","[M095435]타다라필",20140109,_,"","Tadalafil(타다라필)",20250115
"특정연령대금기","단일",D000181,Tadalafil,"타다라필","","필름코팅정",201604240,"시아놀정5밀리그램(타다라필)",20160708,"성원애드콕제약(주)","노란색의 타원형 필름코팅정",02590,"기타의 비뇨생식기관 및 항문용약","전문의약품","[M095435]타다라필",20140109,_,"","Tadalafil(타다라필)",20250115
"특정연령대금기","단일",D000633,"Mometasone Furoate Monohydrate","모메타손푸로에이트일수화물","","일반현탁분무제",201604292,"나자케어나잘스프레이액(모메타손푸로에이트일수화물)",20160712,"(주)유한양행","일정량씩 분무되는 용기에 든 흰색 또는 거의 흰색에 가까운 불투명 현탁액",01320,"이비과용제","전문의약품","[M264264]모메타손푸로에이트일수화물",20171106,"- 소아 환자에게 비강 코르티코스테로이드의 투여에 대한 임상시험에서 성장속도가 감소될 수 있다는 결과 나타남- 2세 미만에서 안전성 및 유효성 미확립","","Mometasone Furoate Monohydrate(모메타손푸로에이트일수화물)",20210207
"특정연령대금기","단일",D000681,"Terazosin Hydrochloride Hydrate","테라조신염산염수화물","","나정",201604568,"테로신정(테라조신염산염수화물)",20160725,"정우신약(주)","연한 오렌지색의 원형 정제",02590,"기타의 비뇨생식기관 및 항문용약","전문의약품","[M250456]테라조신염산염수화물",20140109,"안전성 및 유효성 미확립","","Terazosin Hydrochloride Hydrate(테라조신염산염수화물)",20190125
"특정연령대금기","단일",D000380,"Terbinafine Hydrochloride","테르비나핀염산염","","나정",201701292,"테르미나정(테르비나핀염산염)",20170315,"이연제약(주)","흰색의 원형 정제",06290,"기타의 화학요법제","전문의약품","[M252342]테르비나핀염산염",20140109,"안전성 및 유효성 미확립","","Terbinafine Hydrochloride(테르비나핀염산염)",20200102
"특정연령대금기","단일",D000384,"Tianeptine Sodium","티아넵틴나트륨","","필름코팅정",201701430,"티아본정(티아넵틴나트륨)",20170327,"환인제약(주)","흰색의 타원형 필름코팅정",01170,"정신신경용제","전문의약품","[M089308]티아넵틴나트륨",20140109,_,"","Tianeptine Sodium(티아넵틴나트륨)",20210215
"특정연령대금기","단일",D000246,"Sildenafil Citrate","실데나필시트르산염","","필름코팅정",201704021,"발그리아정100밀리그램(실데나필시트르산염)",20170619,"제이더블유신약(주)","분할선을 가진 연두색의 모서리가 둥근 삼각형 필름코팅정",02590,"기타의 비뇨생식기관 및 항문용약","전문의약품","[M252789]실데나필시트르산염",20140109,_,"","Sildenafil Citrate(실데나필시트르산염)",20170909
"특정연령대금기","단일",D000246,"Sildenafil Citrate","실데나필시트르산염","","필름코팅정",201704022,"발그리아정50밀리그램(실데나필시트르산염)",20170619,"제이더블유신약(주)","분할선을 가진 연두색의 모서리가 둥근 삼각형 필름코팅정",02590,"기타의 비뇨생식기관 및 항문용약","전문의약품","[M252789]실데나필시트르산염",20140109,_,"","Sildenafil Citrate(실데나필시트르산염)",20170909
"특정연령대금기","단일",D000380,"Terbinafine Hydrochloride","테르비나핀염산염","","나정",201706355,"나토실정(테르비나핀염산염)",20170731,"진양제약(주)","흰색 내지 거의 미색의 원형 정제",06290,"기타의 화학요법제","전문의약품","[M252342]테르비나핀염산염",20140109,"안전성 및 유효성 미확립","","Terbinafine Hydrochloride(테르비나핀염산염)",20210319
"특정연령대금기","단일",D000633,"Mometasone Furoate","모메타손푸로에이트","","정량현탁분무제",201708077,"모베타스프레이(모메타손푸로에이트)",20171127,"(주)마더스제약","일정량식 분무되는 용기에 든 흰색 또는 거의 흰색에 가까운 불투명한 현탁액",01320,"이비과용제","전문의약품","[M070188]모메타손푸로에이트",20171106,"- 소아 환자에게 비강 코르티코스테로이드의 투여에 대한 임상시험에서 성장속도가 감소될 수 있다는 결과 나타남- 2세 미만에서 안전성 및 유효성 미확립","","Mometasone Furoate(모메타손푸로에이트)",20210207
"특정연령대금기","단일",D000633,"Mometasone Furoate","모메타손푸로에이트","","정량현탁분무제",201708363,"모리타손점비액(모메타손푸로에이트)",20171214,"조아제약(주)","일정량씩 분무되는 용기에 든 흰색 또는 거의 흰색에 가까운 불투명한 현탁액",01320,"이비과용제","전문의약품","[M070188]모메타손푸로에이트",20171106,"- 소아 환자에게 비강 코르티코스테로이드의 투여에 대한 임상시험에서 성장속도가 감소될 수 있다는 결과 나타남- 2세 미만에서 안전성 및 유효성 미확립","","Mometasone Furoate(모메타손푸로에이트)",20210207
"특정연령대금기","단일",D000633,"Mometasone Furoate","모메타손푸로에이트","","정량현탁분무제",201800968,"코메타손나잘스프레이(모메타손푸로에이트)",20180227,"한국코러스(주)","일정량식 분무되는 용기에 든 흰색 또는 거의 흰색에 가까운 불투명한 현탁액",01320,"이비과용제","전문의약품","[M070188]모메타손푸로에이트",20171106,"- 소아 환자에게 비강 코르티코스테로이드의 투여에 대한 임상시험에서 성장속도가 감소될 수 있다는 결과 나타남- 2세 미만에서 안전성 및 유효성 미확립","","Mometasone Furoate(모메타손푸로에이트)",20210207
"특정연령대금기","단일",D000633,"Mometasone Furoate","모메타손푸로에이트","","정량현탁분무제",201801154,"코에타손점비액(모메타손푸로에이트)",20180313,"(주)비보존제약","일정량씩 분무되는 플라스틱 용기에 든 흰색 또는 거의 흰색에 가까운 불투명한 현탁액이 함유된 점비액",01320,"이비과용제","전문의약품","[M070188]모메타손푸로에이트",20171106,"- 소아 환자에게 비강 코르티코스테로이드의 투여에 대한 임상시험에서 성장속도가 감소될 수 있다는 결과 나타남- 2세 미만에서 안전성 및 유효성 미확립","","Mometasone Furoate(모메타손푸로에이트)",20210207
"특정연령대금기","단일",D000633,"Mometasone Furoate","모메타손푸로에이트","","일반현탁분무제",201803064,"삼성모메타손나잘스프레이액(모메타손푸로에이트)",20180724,"삼성제약(주)","일정량식 분무되는 용기에 든 흰색 또는 거의 흰색에 가까운 불투명한 현탁액",01320,"이비과용제","전문의약품","[M070188]모메타손푸로에이트",20171106,"- 소아 환자에게 비강 코르티코스테로이드의 투여에 대한 임상시험에서 성장속도가 감소될 수 있다는 결과 나타남- 2세 미만에서 안전성 및 유효성 미확립","","Mometasone Furoate(모메타손푸로에이트)",20220201
"특정연령대금기","단일",D000380,"Terbinafine Hydrochloride","테르비나핀염산염","","나정",201803943,"셀테나핀정(테르비나핀염산염)",20181008,"엔비케이제약(주)","흰색 내지 거의 미색의 원형정제",06290,"기타의 화학요법제","전문의약품","[M252342]테르비나핀염산염",20140109,"안전성 및 유효성 미확립","","Terbinafine Hydrochloride(테르비나핀염산염)",20210226
"특정연령대금기","단일",D000633,"Mometasone Furoate","모메타손푸로에이트","","일반현탁분무제",201804288,"보령모메타손스프레이(모메타손푸로에이트)",20181030,"(주)보령","일정량씩 분무되는 용기에 든 흰색 또는 거의 흰색에 가까운 불투명 현탁액",01320,"이비과용제","전문의약품","[M070188]모메타손푸로에이트",20171106,"- 소아 환자에게 비강 코르티코스테로이드의 투여에 대한 임상시험에서 성장속도가 감소될 수 있다는 결과 나타남- 2세 미만에서 안전성 및 유효성 미확립","","Mometasone Furoate(모메타손푸로에이트)",20210207
"특정연령대금기","단일",D000633,"Mometasone Furoate","모메타손푸로에이트","","일반현탁분무제",201900184,"모메코나잘스프레이(모메타손푸로에이트)",20190115,"(주)경보제약","일정량씩 분무되는 용기에 든 흰색 또는 거의 흰색에 가까운 불투명 현탁액",01320,"이비과용제","전문의약품","[M070188]모메타손푸로에이트",20171106,"- 소아 환자에게 비강 코르티코스테로이드의 투여에 대한 임상시험에서 성장속도가 감소될 수 있다는 결과 나타남- 2세 미만에서 안전성 및 유효성 미확립","","Mometasone Furoate(모메타손푸로에이트)",20210207
"특정연령대금기","단일",D000380,"Terbinafine Hydrochloride","테르비나핀염산염","","나정",201900799,"셀나핀정(테르비나핀염산염)",20190201,"(주)셀트리온제약","흰색의 원형 정제",06290,"기타의 화학요법제","전문의약품","[M245869]테르비나핀염산염",20140109,"안전성 및 유효성 미확립","","Terbinafine Hydrochloride(테르비나핀염산염)",20191226
"특정연령대금기","단일",D000280,Talniflumate,"탈니플루메이트","","필름코팅정",201900806,"탈니메이트정(탈니플루메이트)",20190201,"(주)보령바이오파마","황색의 필름 코팅된 원형정제",01140,"해열.진통.소염제","전문의약품","[M081412]탈니플루메이트",20140109,"소아 용량이 설정되어 있지 않음","","Talniflumate(탈니플루메이트)",20191004
"특정연령대금기","단일",D000633,"Mometasone Furoate","모메타손푸로에이트","","정량현탁분무제",201900972,"모메타온점비액(모메타손푸로에이트)",20190218,"주식회사제뉴원사이언스","일정량씩 분무되는 용기에 든 흰색 또는 거의 흰색에 가까운 불투명한 현탁액",01320,"이비과용제","전문의약품","[M070188]모메타손푸로에이트",20171106,"- 소아 환자에게 비강 코르티코스테로이드의 투여에 대한 임상시험에서 성장속도가 감소될 수 있다는 결과 나타남- 2세 미만에서 안전성 및 유효성 미확립","","Mometasone Furoate(모메타손푸로에이트)",20210207
"특정연령대금기","단일",D000633,"Mometasone Furoate","모메타손푸로에이트","","정량현탁분무제",201901320,"모메씨티나잘스프레이액(모메타손푸로에이트)",20190304,"(주)씨티씨바이오","일정량씩 분무되는 용기에 든 흰색 또는 거의 흰색에 가까운 불투명한 현탁액",01320,"이비과용제","전문의약품","[M070188]모메타손푸로에이트",20171106,"- 소아 환자에게 비강 코르티코스테로이드의 투여에 대한 임상시험에서 성장속도가 감소될 수 있다는 결과 나타남- 2세 미만에서 안전성 및 유효성 미확립","","Mometasone Furoate(모메타손푸로에이트)",20210207
"특정연령대금기","단일",D000380,"Terbinafine Hydrochloride","테르비나핀염산염","","나정",201901480,"라니텐정125mg(테르비나핀염산염)",20190311,"한국휴텍스제약(주)","흰색의 원형 정제",06290,"기타의 화학요법제","전문의약품","[M252342]테르비나핀염산염",20140109,"안전성 및 유효성 미확립","","Terbinafine Hydrochloride(테르비나핀염산염)",20210415
"특정연령대금기","단일",D000633,"Mometasone Furoate","모메타손푸로에이트","","정량현탁분무제",201901927,"코코나잘스프레이(모메타손푸로에이트)",20190329,"한국휴텍스제약(주)","일정량씩 분무되는 용기에 든 흰색 또는 거의 흰색에 가까운 불투명한 현탁액",01320,"이비과용제","전문의약품","[M070188]모메타손푸로에이트",20171106,"- 소아 환자에게 비강 코르티코스테로이드의 투여에 대한 임상시험에서 성장속도가 감소될 수 있다는 결과 나타남- 2세 미만에서 안전성 및 유효성 미확립","","Mometasone Furoate(모메타손푸로에이트)",20210207
"특정연령대금기","단일",D000380,"Terbinafine Hydrochloride","테르비나핀염산염","","나정",201903042,"서울테르비나핀염산염정",20190510,"(주)서울제약","흰색의 원형 정제",06290,"기타의 화학요법제","전문의약품","[M252342]테르비나핀염산염",20140109,"안전성 및 유효성 미확립","","Terbinafine Hydrochloride(테르비나핀염산염)",20210419
"특정연령대금기","단일",D000633,"Mometasone Furoate","모메타손푸로에이트","","정량현탁분무제",201903318,"코에잘스프레이(모메타손푸로에이트)",20190522,"(주)팜젠사이언스","일정량씩 분무되는 용기에 든 흰색 또는 거의 흰색에 가까운 불투명 현탁액",01320,"이비과용제","전문의약품","[M070188]모메타손푸로에이트",20171106,"- 소아 환자에게 비강 코르티코스테로이드의 투여에 대한 임상시험에서 성장속도가 감소될 수 있다는 결과 나타남- 2세 미만에서 안전성 및 유효성 미확립","","Mometasone Furoate(모메타손푸로에이트)",20210207
"특정연령대금기","단일",D000633,"Mometasone Furoate","모메타손푸로에이트","","정량현탁분무제",201905376,"씨엠지나조나잘스프레이(모메타손푸로에이트)",20190730,"(주)씨엠지제약","일정량씩 분무되는 용기에 든 흰색 또는 거의 흰색에 가까운 불투명한 현탁액",01320,"이비과용제","전문의약품","[M070188]모메타손푸로에이트",20171106,"- 소아 환자에게 비강 코르티코스테로이드의 투여에 대한 임상시험에서 성장속도가 감소될 수 있다는 결과 나타남- 2세 미만에서 안전성 및 유효성 미확립","","Mometasone Furoate(모메타손푸로에이트)",20210207
"특정연령대금기","단일",D000633,"Mometasone Furoate","모메타손푸로에이트","","정량현탁분무제",201905681,"비조넥스나잘스프레이(모메타손푸로에이트)",20190812,"하나제약(주)","일정량씩 분무되는 용기에 든 흰색 또는 거의 흰색에 가까운 불투명한 현탁액",01320,"이비과용제","전문의약품","[M070188]모메타손푸로에이트",20171106,"- 소아 환자에게 비강 코르티코스테로이드의 투여에 대한 임상시험에서 성장속도가 감소될 수 있다는 결과 나타남- 2세 미만에서 안전성 및 유효성 미확립","","Mometasone Furoate(모메타손푸로에이트)",20210610
"특정연령대금기","단일",D000633,"Mometasone Furoate","모메타손푸로에이트","","정량현탁분무제",201907433,"코비타손나잘스프레이(모메타손푸로에이트)",20191024,"(주)라이트팜텍","일정량씩 분무되는 용기에 든 흰색 또는 거의 흰색에 가까운 불투명한 현탁액",01320,"이비과용제","전문의약품","[M070188]모메타손푸로에이트",20171106,"- 소아 환자에게 비강 코르티코스테로이드의 투여에 대한 임상시험에서 성장속도가 감소될 수 있다는 결과 나타남- 2세 미만에서 안전성 및 유효성 미확립","","Mometasone Furoate(모메타손푸로에이트)",20210207
"특정연령대금기","단일",D000380,"Terbinafine Hydrochloride","테르비나핀염산염","","나정",201908449,"테로벤정(테르비나핀염산염)",20191216,"(주)넥스팜코리아","흰색의 원형 정제",06290,"기타의 화학요법제","전문의약품","[M258362]테르비나핀염산염",20140109,"안전성 및 유효성 미확립","","Terbinafine Hydrochloride(테르비나핀염산염)",20200731
"특정연령대금기","단일",D000633,"Mometasone Furoate","모메타손푸로에이트","","정량현탁분무제",202000876,"모메원점비액(모메타손푸로에이트)",20200212,"에이치엘비제약(주)","일정량씩 분무되는 용기에 든 흰색 또는 거의 흰색에 가까운 불투명한 현탁액",01320,"이비과용제","전문의약품","[M070188]모메타손푸로에이트",20171106,"- 소아 환자에게 비강 코르티코스테로이드의 투여에 대한 임상시험에서 성장속도가 감소될 수 있다는 결과 나타남- 2세 미만에서 안전성 및 유효성 미확립","","Mometasone Furoate(모메타손푸로에이트)",20210207
"특정연령대금기","단일",D000380,"Terbinafine Hydrochloride","테르비나핀염산염","","나정",202001714,"라미가드정(테르비나핀염산염)",20200312,"(주)다산제약","흰색의 원형 정제",06290,"기타의 화학요법제","전문의약품","[M258362]테르비나핀염산염",20140109,"안전성 및 유효성 미확립","","Terbinafine Hydrochloride(테르비나핀염산염)",20210330
"특정연령대금기","단일",D000181,Tadalafil,"타다라필","","필름코팅정",202106106,"케이필정10밀리그램(타다라필)",20210823,"주식회사케이에스제약","분할선을 가진 노란색의 모서리가 둥근 삼각형 모양의 필름코팅정제",02590,"기타의 비뇨생식기관 및 항문용약","전문의약품","[M095435]타다라필",20140109,_,"","Tadalafil(타다라필)",20250115
"특정연령대금기","단일",D000181,Tadalafil,"타다라필","","필름코팅정",202106107,"케이필정5밀리그램(타다라필)",20210823,"주식회사케이에스제약","노란색의 모서리가 둥근 삼각형 모양의 필름코팅정제",02590,"기타의 비뇨생식기관 및 항문용약","전문의약품","[M095435]타다라필",20140109,_,"","Tadalafil(타다라필)",20250115
"특정연령대금기","단일",D000181,Tadalafil,"타다라필","","필름코팅정",202106108,"케이필정20밀리그램(타다라필)",20210823,"주식회사케이에스제약","분할선을 가진 노란색의 모서리가 둥근 삼각형 모양의 필름코팅정제",02590,"기타의 비뇨생식기관 및 항문용약","전문의약품","[M095435]타다라필",20140109,_,"","Tadalafil(타다라필)",20250115
"특정연령대금기","단일",D000246,"Sildenafil Citrate","실데나필시트르산염","","구강붕해필름",201400635,"불티스구강붕해필름25밀리그램(실데나필시트르산염)(수출용)",20140212,"(주)서울제약","직사각형의 연한 분홍색 구강붕해필름",02590,"기타의 비뇨생식기관 및 항문용약","전문의약품","[M252789]실데나필시트르산염",20140109,_,"","Sildenafil Citrate(실데나필시트르산염)",""
"특정연령대금기","단일",D000246,"Sildenafil Citrate","실데나필시트르산염","","구강붕해필름",201700149,"비닉스구강붕해필름100밀리그램(실데나필시트르산염)(수출용)",20170106,"(주)씨엘팜","엷은 황색의 직사각형 구강붕해필름",02590,"기타의 비뇨생식기관 및 항문용약","전문의약품","[M252789]실데나필시트르산염",20140109,_,"","Sildenafil Citrate(실데나필시트르산염)",""
"특정연령대금기","단일",D000246,"Sildenafil Citrate","실데나필시트르산염","","필름코팅정",201702295,"센글라정100밀리그램(실데나필시트르산염)",20170510,"(주)종근당","파란색의 장방형 필름코팅정",02590,"기타의 비뇨생식기관 및 항문용약","전문의약품","[M252789]실데나필시트르산염",20140109,_,"","Sildenafil Citrate(실데나필시트르산염)",""
"특정연령대금기","단일",D000246,"Sildenafil Citrate","실데나필시트르산염","","필름코팅정",201702566,"센글라정50밀리그램(실데나필시트르산염)",20170525,"(주)종근당","파란색의 장방형 필름코팅정",02590,"기타의 비뇨생식기관 및 항문용약","전문의약품","[M252789]실데나필시트르산염",20140109,_,"","Sildenafil Citrate(실데나필시트르산염)",""
"특정연령대금기","단일",D000246,"Sildenafil Citrate","실데나필시트르산염","","필름코팅정",201708276,"보그라정50밀리그램(실데나필시트르산염)(수출용)",20171208,"한국프라임제약(주)","푸른색의 타원형 필름코팅정",02590,"기타의 비뇨생식기관 및 항문용약","전문의약품","[M252789]실데나필시트르산염",20140109,_,"","Sildenafil Citrate(실데나필시트르산염)",""
"특정연령대금기","단일",D000246,"Sildenafil Citrate","실데나필시트르산염","","필름코팅정",202000498,"오바램정50밀리그램(실데나필시트르산염)",20200130,"(주)보령","분할선을 가진 연두색의 모서리가 둥근 삼각형 필름코팅정",02590,"기타의 비뇨생식기관 및 항문용약","전문의약품","[M252789]실데나필시트르산염",20140109,_,"","Sildenafil Citrate(실데나필시트르산염)",""
"특정연령대금기","단일",D000246,"Sildenafil Citrate","실데나필시트르산염","","필름코팅정",202000499,"오바램정100밀리그램(실데나필시트르산염)",20200130,"(주)보령","분할선을 가진 연두색의 모서리가 둥근 삼각형 필름코팅정",02590,"기타의 비뇨생식기관 및 항문용약","전문의약품","[M252789]실데나필시트르산염",20140109,_,"","Sildenafil Citrate(실데나필시트르산염)",""
"특정연령대금기","단일",D000246,"Sildenafil Citrate","실데나필시트르산염","","필름코팅정",202004637,"큐데나필정100밀리그램(실데나필시트르산염)",20200624,"주식회사큐엘파마","분할선을 가진 연두색의 모서리가 둥근 삼각형 필름코팅정",02590,"기타의 비뇨생식기관 및 항문용약","전문의약품","[M252789]실데나필시트르산염",20140109,_,"","Sildenafil Citrate(실데나필시트르산염)",""
"특정연령대금기","단일",D000246,"Sildenafil Citrate","실데나필시트르산염","","필름코팅정",202004638,"큐데나필정50밀리그램(실데나필시트르산염)",20200624,"주식회사큐엘파마","분할선을 가진 연두색의 모서리가 둥근 삼각형 필름코팅정",02590,"기타의 비뇨생식기관 및 항문용약","전문의약품","[M252789]실데나필시트르산염",20140109,_,"","Sildenafil Citrate(실데나필시트르산염)",""
"특정연령대금기","단일",D000246,"Sildenafil Citrate","실데나필시트르산염","","필름코팅정",202009185,"토르에스정50밀리그램(실데나필시트르산염)",20201224,"(주)인트로바이오파마","분할선을 가진 연두색의 모서리가 둥근 삼각형 필름코팅정",02590,"기타의 비뇨생식기관 및 항문용약","전문의약품","[M252789]실데나필시트르산염",20140109,_,"","Sildenafil Citrate(실데나필시트르산염)",""
"특정연령대금기","단일",D000246,"Sildenafil Citrate","실데나필시트르산염","","필름코팅정",202009186,"토르에스정100밀리그램(실데나필시트르산염)",20201224,"(주)인트로바이오파마","분할선을 가진 연두색의 모서리가 둥근 삼각형 필름코팅정",02590,"기타의 비뇨생식기관 및 항문용약","전문의약품","[M252789]실데나필시트르산염",20140109,_,"","Sildenafil Citrate(실데나필시트르산염)",""
"특정연령대금기","단일",D000246,"Sildenafil Citrate","실데나필시트르산염","","필름코팅정",202106331,"케이그라정100밀리그램(실데나필시트르산염)",20210902,"주식회사케이에스제약","분할선을 가진 연두색의 모서리가 둥근 삼각형 필름코팅정",02590,"기타의 비뇨생식기관 및 항문용약","전문의약품","[M252789]실데나필시트르산염",20140109,_,"","Sildenafil Citrate(실데나필시트르산염)",""
"특정연령대금기","단일",D000246,"Sildenafil Citrate","실데나필시트르산염","","필름코팅정",202106332,"케이그라정50밀리그램(실데나필시트르산염)",20210902,"주식회사케이에스제약","분할선을 가진 연두색의 모서리가 둥근 삼각형 필름코팅정",02590,"기타의 비뇨생식기관 및 항문용약","전문의약품","[M252789]실데나필시트르산염",20140109,_,"","Sildenafil Citrate(실데나필시트르산염)",""
"특정연령대금기","단일",D000246,"Sildenafil Citrate","실데나필시트르산염","","필름코팅정",202106706,"실데나킴정50밀리그램 (실데나필시트르산염)",20210929,"(주)킴스제약","분할선을 가진 연두색의 모서리가 둥근 삼각형 필름코팅정",02590,"기타의 비뇨생식기관 및 항문용약","전문의약품","[M252789]실데나필시트르산염",20140109,_,"","Sildenafil Citrate(실데나필시트르산염)",""
"특정연령대금기","단일",D000246,"Sildenafil Citrate","실데나필시트르산염","","필름코팅정",202106707,"실데나킴정100밀리그램 (실데나필시트르산염)",20210929,"(주)킴스제약","분할선을 가진 연두색의 모서리가 둥근 삼각형 필름코팅정",02590,"기타의 비뇨생식기관 및 항문용약","전문의약품","[M252789]실데나필시트르산염",20140109,_,"","Sildenafil Citrate(실데나필시트르산염)",""
"특정연령대금기","단일",D000246,"Sildenafil Citrate","실데나필시트르산염","","필름코팅정",202106760,"그대로필정50밀리그램(실데나필시트르산염)",20211006,"(주)씨엠지제약","분할선을 가진 연두색의 모서리가 둥근 삼각형 필름코팅정",02590,"기타의 비뇨생식기관 및 항문용약","전문의약품","[M252789]실데나필시트르산염",20140109,_,"","Sildenafil Citrate(실데나필시트르산염)",""
"특정연령대금기","단일",D000246,"Sildenafil Citrate","실데나필시트르산염","","필름코팅정",202106761,"그대로필정100밀리그램(실데나필시트르산염)",20211006,"(주)씨엠지제약","분할선을 가진 연두색의 모서리가 둥근 삼각형 필름코팅정",02590,"기타의 비뇨생식기관 및 항문용약","전문의약품","[M252789]실데나필시트르산염",20140109,_,"","Sildenafil Citrate(실데나필시트르산염)",""
"특정연령대금기","단일",D000246,"Sildenafil Citrate","실데나필시트르산염","","필름코팅정",202107021,"퀵맥스정50밀리그램(실데나필시트르산염)",20211020,"케이엠에스제약(주)","분할선을 가진 연두색의 모서리가 둥근 삼각형 필름코팅정",02590,"기타의 비뇨생식기관 및 항문용약","전문의약품","[M252789]실데나필시트르산염",20140109,_,"","Sildenafil Citrate(실데나필시트르산염)",""
"특정연령대금기","단일",D000246,"Sildenafil Citrate","실데나필시트르산염","","필름코팅정",202107022,"한올포미스터정100밀리그램(실데나필시트르산염)",20211020,"한올바이오파마(주)","분할선을 가진 연두색의 모서리가 둥근 삼각형 필름코팅정",02590,"기타의 비뇨생식기관 및 항문용약","전문의약품","[M252789]실데나필시트르산염",20140109,_,"","Sildenafil Citrate(실데나필시트르산염)",""
"특정연령대금기","단일",D000246,"Sildenafil Citrate","실데나필시트르산염","","필름코팅정",202107302,"엠슈타인정100밀리그램(실데나필시트르산염)",20211103,"동국제약(주)","분할선을 가진 연두색의 모서리가 둥근 삼각형 필름코팅정",02590,"기타의 비뇨생식기관 및 항문용약","전문의약품","[M252789]실데나필시트르산염",20140109,_,"","Sildenafil Citrate(실데나필시트르산염)",""
"특정연령대금기","단일",D000246,"Sildenafil Citrate","실데나필시트르산염","","필름코팅정",202107303,"엠슈타인정50밀리그램(실데나필시트르산염)",20211103,"동국제약(주)","분할선을 가진 연두색의 모서리가 둥근 삼각형 필름코팅정",02590,"기타의 비뇨생식기관 및 항문용약","전문의약품","[M252789]실데나필시트르산염",20140109,_,"","Sildenafil Citrate(실데나필시트르산염)",""
"특정연령대금기","단일",D000246,"Sildenafil Citrate","실데나필시트르산염","","필름코팅정",202302896,"다나그라정100밀리그램(실데나필시트르산염)",20231010,"대원바이오텍주식회사","분할선을 가진 연두색의 모서리가 둥근 삼각형 필름코팅정제",02590,"기타의 비뇨생식기관 및 항문용약","전문의약품","[M252789]실데나필시트르산염",20140109,_,"","Sildenafil Citrate(실데나필시트르산염)",""
"특정연령대금기","단일",D000246,Sildenafil,"실데나필","","구강붕해필름",202400275,"엠슈타인구강용해필름100밀리그램(실데나필)",20240206,"동국제약(주)","파란색 또는 옅은 파란색의 직사각형 구강용해필름제",02590,"기타의 비뇨생식기관 및 항문용약","전문의약품","[M253237]실데나필",20140109,_,"","Sildenafil(실데나필)",""
"특정연령대금기","단일",D000246,"Sildenafil Citrate","실데나필시트르산염","","필름코팅정",202400773,"실데그라정100밀리그램(실데나필시트르산염)",20240405,"신일제약(주)","분할선을 가진 연두색의 모서리가 둥근 삼각형 필름코팅정",02590,"기타의 비뇨생식기관 및 항문용약","전문의약품","[M252789]실데나필시트르산염",20140109,_,"","Sildenafil Citrate(실데나필시트르산염)",""
"특정연령대금기","단일",D000246,"Sildenafil Citrate","실데나필시트르산염","","필름코팅정",202400774,"실데그라정50밀리그램(실데나필시트르산염)",20240405,"신일제약(주)","분할선을 가진 연두색의 모서리가 둥근 삼각형 필름코팅정",02590,"기타의 비뇨생식기관 및 항문용약","전문의약품","[M252789]실데나필시트르산염",20140109,_,"","Sildenafil Citrate(실데나필시트르산염)",""
"특정연령대금기","단일",D000246,"Sildenafil Citrate","실데나필시트르산염","","필름코팅정",202401366,"브이그라정100밀리그램(실데나필시트르산염)",20240531,"(주)비보존제약","약간 둥근 육각형의 푸른색 필름코팅정",02590,"기타의 비뇨생식기관 및 항문용약","전문의약품","[M252789]실데나필시트르산염",20140109,_,"","Sildenafil Citrate(실데나필시트르산염)",""
"특정연령대금기","단일",D000246,"Sildenafil Citrate","실데나필시트르산염","","필름코팅정",202401367,"브이그라정50밀리그램(실데나필시트르산염)",20240531,"(주)비보존제약","약간 둥근 육각형의 푸른색 필름코팅정",02590,"기타의 비뇨생식기관 및 항문용약","전문의약품","[M252789]실데나필시트르산염",20140109,_,"","Sildenafil Citrate(실데나필시트르산염)",""
"특정연령대금기","단일",D000246,"Sildenafil Citrate","실데나필시트르산염","","구강붕해필름",202401479,"이너프구강용해필름100밀리그램(실데나필시트르산염)",20240619,"(주)씨티씨바이오","파란색 또는 옅은 파란색의 직사각형 구강용해필름제",02590,"기타의 비뇨생식기관 및 항문용약","전문의약품","[M252789]실데나필시트르산염",20140109,_,"","Sildenafil Citrate(실데나필시트르산염)",""
"특정연령대금기","단일",D000246,Sildenafil,"실데나필","","구강붕해필름",202402295,"타오필구강용해필름50밀리그램(실데나필)",20240923,"코오롱제약(주)","파란색 또는 옅은 파란색의 직사각형 구강용해필름제",02590,"기타의 비뇨생식기관 및 항문용약","전문의약품","[M253237]실데나필",20140109,_,"","Sildenafil(실데나필)",""
"특정연령대금기","단일",D000246,"Sildenafil Citrate","실데나필시트르산염","","필름코팅정",202601720,"아이그라정50밀리그램(실데나필시트르산염)",20260618,"(주)아이월드제약","약간 둥근 육각형의 푸른색 필름코팅정",02590,"기타의 비뇨생식기관 및 항문용약","전문의약품","[M252789]실데나필시트르산염",20140109,_,"","Sildenafil Citrate(실데나필시트르산염)",""
"특정연령대금기","단일",D000246,"Sildenafil Citrate","실데나필시트르산염","","필름코팅정",202601721,"아이그라정100밀리그램(실데나필시트르산염)",20260618,"(주)아이월드제약","약간 둥근 육각형의 푸른색 필름코팅정",02590,"기타의 비뇨생식기관 및 항문용약","전문의약품","[M252789]실데나필시트르산염",20140109,_,"","Sildenafil Citrate(실데나필시트르산염)",""
"특정연령대금기","단일",D000586,Taurolidine,"타우로리딘","","용액주사제",202501709,"유케이타우로키트2%주(타우로리딘)",20250709,"(주)유케이케미팜","무색투명한 병에 든 무색 또는 담황색의 투명한 액제",06290,"기타의 화학요법제","전문의약품","[M081946]타우로리딘",20140109,_,"","Taurolidine(타우로리딘)",""
"특정연령대금기","단일",D000681,"Terazosin Hydrochloride Hydrate","테라조신염산염수화물","","나정",201004643,"코조신정(테라조신염산염수화물)(수출용)(수출명:①Kozosin Tab.②Korus Terazosin HCl Tab.③ Terosin Tab.)",20100722,"한국코러스(주)","주황색 원형정제",02590,"기타의 비뇨생식기관 및 항문용약","전문의약품","[M250456]테라조신염산염수화물",20140109,"안전성 및 유효성 미확립","","Terazosin Hydrochloride Hydrate(테라조신염산염수화물)",""
"특정연령대금기","단일",D000681,"Terazosin Hydrochloride Hydrate","테라조신염산염수화물","","나정",201403941,"테라조정(테라조신염산염수화물)",20140822,"(주)이든파마","연한 오렌지색의 원형 정제",02590,"기타의 비뇨생식기관 및 항문용약","전문의약품","[M250456]테라조신염산염수화물",20140109,"안전성 및 유효성 미확립","","Terazosin Hydrochloride Hydrate(테라조신염산염수화물)",""
"특정연령대금기","단일",D000681,"Terazosin Hydrochloride Hydrate","테라조신염산염수화물","","나정",201500429,"하이테신정2밀리그램(테라조신염산염수화물)",20150127,"(주)휴비스트제약","연한 오렌지색의 원형정제",02590,"기타의 비뇨생식기관 및 항문용약","전문의약품","[M250456]테라조신염산염수화물",20140109,"안전성 및 유효성 미확립","","Terazosin Hydrochloride Hydrate(테라조신염산염수화물)",""
"특정연령대금기","단일",D000681,"Terazosin Hydrochloride Hydrate","테라조신염산염수화물","","나정",201504729,"테라엘정2밀리그램(테라조신염산염수화물)",20150709,"지엘파마(주)","연한 주황색 내지 황색의 원형 정제",02590,"기타의 비뇨생식기관 및 항문용약","전문의약품","[M250456]테라조신염산염수화물",20140109,"안전성 및 유효성 미확립","","Terazosin Hydrochloride Hydrate(테라조신염산염수화물)",""
"특정연령대금기","단일",D000681,"Terazosin Hydrochloride Hydrate","테라조신염산염수화물","","나정",201505004,"테라엔정2밀리그램(테라조신염산염수화물)",20150723,"(주)휴온스메디텍","옅은 오렌지색 내지 황색의 원형정제",02590,"기타의 비뇨생식기관 및 항문용약","전문의약품","[M250456]테라조신염산염수화물",20140109,"안전성 및 유효성 미확립","","Terazosin Hydrochloride Hydrate(테라조신염산염수화물)",""
"특정연령대금기","단일",D000681,"Terazosin Hydrochloride Hydrate","테라조신염산염수화물","","나정",201506894,"테라루신정2밀리그램(테라조신염산염수화물)",20151001,"(주)셀트리온제약","연한 오렌지색의 원형 정제",02590,"기타의 비뇨생식기관 및 항문용약","전문의약품","[M250456]테라조신염산염수화물",20140109,"안전성 및 유효성 미확립","","Terazosin Hydrochloride Hydrate(테라조신염산염수화물)",""
"특정연령대금기","단일",D000681,"Terazosin Hydrochloride Hydrate","테라조신염산염수화물","","나정",202001911,"텔라조신정2밀리그램(테라조신염산염수화물)",20200319,"한국휴텍스제약(주)","흰색의 원형 정제",02590,"기타의 비뇨생식기관 및 항문용약","전문의약품","[M250456]테라조신염산염수화물",20140109,"안전성 및 유효성 미확립","","Terazosin Hydrochloride Hydrate(테라조신염산염수화물)",""
"특정연령대금기","단일",D000681,"Terazosin Hydrochloride Hydrate","테라조신염산염수화물","","나정",202002182,"뉴라조신정2밀리그램(테라조신염산염수화물)",20200330,"(주)다산제약","흰색의 원형 정제",02590,"기타의 비뇨생식기관 및 항문용약","전문의약품","[M250456]테라조신염산염수화물",20140109,"안전성 및 유효성 미확립","","Terazosin Hydrochloride Hydrate(테라조신염산염수화물)",""
"특정연령대금기","단일",D000681,"Terazosin Hydrochloride Hydrate","테라조신염산염수화물","","나정",202002855,"테로조신정(테라조신염산염수화물)",20200422,"주식회사더유제약","흰색의 원형 정제",02590,"기타의 비뇨생식기관 및 항문용약","전문의약품","[M250456]테라조신염산염수화물",20140109,"안전성 및 유효성 미확립","","Terazosin Hydrochloride Hydrate(테라조신염산염수화물)",""
"특정연령대금기","단일",D000681,"Terazosin Hydrochloride Hydrate","테라조신염산염수화물","","나정",202400436,"테라엘정5밀리그램(테라조신염산염수화물)",20240229,"지엘파마(주)","연한 녹색의 원형정제",02590,"기타의 비뇨생식기관 및 항문용약","전문의약품","[M250456]테라조신염산염수화물",20140109,"안전성 및 유효성 미확립","","Terazosin Hydrochloride Hydrate(테라조신염산염수화물)",""
"특정연령대금기","단일",D000681,"Terazosin Hydrochloride Hydrate","테라조신염산염수화물","","나정",202402552,"테라지트정5밀리그램(테라조신염산염수화물)",20241029,"이연제약(주)","연한 녹색의 원형정제",02590,"기타의 비뇨생식기관 및 항문용약","전문의약품","[M250456]테라조신염산염수화물",20140109,"안전성 및 유효성 미확립","","Terazosin Hydrochloride Hydrate(테라조신염산염수화물)",""
"특정연령대금기","단일",D000681,"Terazosin Hydrochloride Hydrate","테라조신염산염수화물","","나정",202402553,"오트린정5밀리그램(테라조신염산염수화물)",20241029,"주식회사큐엘파마","연한 녹색의 원형정제",02590,"기타의 비뇨생식기관 및 항문용약","전문의약품","[M250456]테라조신염산염수화물",20140109,"안전성 및 유효성 미확립","","Terazosin Hydrochloride Hydrate(테라조신염산염수화물)",""
"특정연령대금기","단일",D000681,"Terazosin Hydrochloride Hydrate","테라조신염산염수화물","","나정",202402741,"트라조신정5밀리그램(테라조신염산염수화물)",20241121,"국제약품(주)","연한 녹색의 원형정제",02590,"기타의 비뇨생식기관 및 항문용약","전문의약품","[M250456]테라조신염산염수화물",20140109,"안전성 및 유효성 미확립","","Terazosin Hydrochloride Hydrate(테라조신염산염수화물)",""
"특정연령대금기","단일",D000681,"Terazosin Hydrochloride Hydrate","테라조신염산염수화물","","나정",202501775,"푸로조신정5밀리그램(테라조신염산염수화물)",20250714,"(주)동구바이오제약","연한 녹색의 원형 정제",02590,"기타의 비뇨생식기관 및 항문용약","전문의약품","[M250456]테라조신염산염수화물",20140109,"안전성 및 유효성 미확립","","Terazosin Hydrochloride Hydrate(테라조신염산염수화물)",""
"특정연령대금기","단일",D000681,"Terazosin Hydrochloride Hydrate","테라조신염산염수화물","","나정",202600758,"뉴라조신정5밀리그램(테라조신염산염수화물)",20260313,"(주)다산제약","연한 녹색의 원형 정제",02590,"기타의 비뇨생식기관 및 항문용약","전문의약품","[M250456]테라조신염산염수화물",20140109,"안전성 및 유효성 미확립","","Terazosin Hydrochloride Hydrate(테라조신염산염수화물)",""
"특정연령대금기","단일",D000380,"Terbinafine Hydrochloride","테르비나핀염산염","","나정",201908270,"이테빈정(테르비나핀염산염)",20191205,"(주)이든파마","백색의 원형 정제",06290,"기타의 화학요법제","전문의약품","[M258362]테르비나핀염산염",20140109,"안전성 및 유효성 미확립","","Terbinafine Hydrochloride(테르비나핀염산염)",""
"특정연령대금기","단일",D000380,"Terbinafine Hydrochloride","테르비나핀염산염","","나정",202601346,"유미실정250밀리그램(테르비나핀염산염)",20260507,"(주)유유제약","흰색 내지 연한 노란색의 장방형 정제",06290,"기타의 화학요법제","전문의약품","[M258362]테르비나핀염산염",20140109,"안전성 및 유효성 미확립","","Terbinafine Hydrochloride(테르비나핀염산염)",""
"특정연령대금기","단일",D000380,"Terbinafine Hydrochloride","테르비나핀염산염","","나정",202601375,"테비클원정250밀리그램(테르비나핀염산염)",20260512,"(주)대웅제약","흰색 내지 연한 노란색의 장방형 정제",06290,"기타의 화학요법제","전문의약품","[M258362]테르비나핀염산염",20140109,"안전성 및 유효성 미확립","","Terbinafine Hydrochloride(테르비나핀염산염)",""
"특정연령대금기","단일",D000380,"Terbinafine Hydrochloride","테르비나핀염산염","","나정",202601499,"라미엠정250밀리그램(테르비나핀염산염)",20260522,"원광제약(주)","흰색 내지 연한 노란색의 장방형 정제",06290,"기타의 화학요법제","전문의약품","[M258362]테르비나핀염산염",20140109,"안전성 및 유효성 미확립","","Terbinafine Hydrochloride(테르비나핀염산염)",""
"특정연령대금기","단일",D000309,Piroxicam,"피록시캄","","경질캡슐제, 산제",198400022,"로시덴캡슐20밀리그램(피록시캄)(수출용)",19840921,"신풍제약(주)","백색-미황색의 내용물이 든 상하 적갈색의 캅셀제이다.",01140,"해열.진통.소염제","전문의약품","[M071634]피록시캄",20181102,"중증의 위장관계 이상반응을 일으킬 위험은 연령에 따라 증가함. 고령자는 중대한 위장관계 이상반응의 위험이 더 클 수 있음.","","Piroxicam(피록시캄)",20170214
"특정연령대금기","단일",D001058,Nifuroxazide,"니푸록사지드","","경질캡슐제, 산제",198500172,"니라벤캡슐(니푸록사지드)(수출용)",19850817,"(주)에이프로젠바이오로직스","밝은 노란색의 분말이 들어있는 상하 노란색의 캡슐제",02390,"기타의 소화기관용약","일반의약품","[M200244]니푸록사지드/[M200244]니푸록사지드",20171106,"Nitrofuran계 항생제는 글루타티온 환원효소 억제로 인한 용혈성 빈혈 위험이 있음","","Nifuroxazide(니푸록사지드)",20230506
"특정연령대금기","단일",D001058,Nifuroxazide,"니푸록사지드","","경질캡슐제, 산제",198500893,"에세푸릴캡슐(니푸록사지드)",19850830,"부광약품(주)","불투명한 황색의 캅셀내에 밝은 황색의 분말이 들어있다.",02390,"기타의 소화기관용약","일반의약품","[M200244]니푸록사지드",20171106,"Nitrofuran계 항생제는 글루타티온 환원효소 억제로 인한 용혈성 빈혈 위험이 있음","","Nifuroxazide(니푸록사지드)",20230506
"특정연령대금기","단일",D000309,Piroxicam,"피록시캄","","경질캡슐제, 산제",198601260,"네로이판캅셀(피록시캄)(수출용)",19860929,"(주)바스칸바이오제약","백색의 분말이 들어있는 상부 담청색불투명, 하부 백색불투명 경질캅셀",01140,"해열.진통.소염제","전문의약품","[M071634]피록시캄",20181102,"중증의 위장관계 이상반응을 일으킬 위험은 연령에 따라 증가함. 고령자는 중대한 위장관계 이상반응의 위험이 더 클 수 있음.","","Piroxicam(피록시캄)",20190904
"특정연령대금기","단일",D000309,Piroxicam,"피록시캄","","나정",198700667,"필로젠정(피록시캄)",19870713,"(주)제뉴파마","연청색의 원형정제",01140,"해열.진통.소염제","전문의약품","[M071634]피록시캄",20181102,"중증의 위장관계 이상반응을 일으킬 위험은 연령에 따라 증가함. 고령자는 중대한 위장관계 이상반응의 위험이 더 클 수 있음.","","Piroxicam(피록시캄)",20240522
"특정연령대금기","단일",D001058,Nifuroxazide,"니푸록사지드","","경질캡슐제, 과립제",198701479,"니록사캡슐(니푸록사지드)(수출용)",19871109,"(주)씨엠지제약","황색의 무정형 과립이 충진된 상하 황색의 불투명 캅셀제이다.",02390,"기타의 소화기관용약","일반의약품","[M200244]니푸록사지드",20171106,"Nitrofuran계 항생제는 글루타티온 환원효소 억제로 인한 용혈성 빈혈 위험이 있음","","Nifuroxazide(니푸록사지드)",20230506
"특정연령대금기","단일",D000309,Piroxicam,"피록시캄","","용액주사제",198900082,"로시덴주(피록시캄)(수출용)",19890123,"신풍제약(주)","앰플 : 엷은 노란색 액이 갈색 앰플에 든 주사제",01140,"해열.진통.소염제","전문의약품","[M071634]피록시캄",20181102,"중증의 위장관계 이상반응을 일으킬 위험은 연령에 따라 증가함. 고령자는 중대한 위장관계 이상반응의 위험이 더 클 수 있음.","","Piroxicam(피록시캄)",20240522
"특정연령대금기","단일",D000309,Piroxicam,"피록시캄","","경질캡슐제, 과립제",198902261,"지엘피록시캄캡슐20밀리그램",19890616,"지엘파마(주)","백색내지 미황색의 내용물이든 상하 백색의 경질캅셀제",01140,"해열.진통.소염제","전문의약품","[M071634]피록시캄",20181102,"중증의 위장관계 이상반응을 일으킬 위험은 연령에 따라 증가함. 고령자는 중대한 위장관계 이상반응의 위험이 더 클 수 있음.","","Piroxicam(피록시캄)",20240522
"특정연령대금기","단일",D001058,Nifuroxazide,"니푸록사지드","","경질캡슐제, 산제",199000939,"샤젠캡슐(니푸록사지드)",19901117,"태극제약(주)","노란색의 가루가 함유된 상하 연한 노란색의 경질캡슐제",02390,"기타의 소화기관용약","일반의약품","[M200244]니푸록사지드",20171106,"Nitrofuran계 항생제는 글루타티온 환원효소 억제로 인한 용혈성 빈혈 위험이 있음","","Nifuroxazide(니푸록사지드)",20230506
"특정연령대금기","단일",D000309,Piroxicam,"피록시캄","","용액주사제",199002080,"휴온스피록시캄근육주사(수출명:CAMADOLinj.,CAMROX20mgInj.)",19900507,"(주)휴온스","내수용갈색앰플내에 연황색의 액체가 들어 있는 주사제수출용연황색의 액체가 든 무색 투명한 앰플 주사제",01140,"해열.진통.소염제","전문의약품","[M071634]피록시캄",20181102,"중증의 위장관계 이상반응을 일으킬 위험은 연령에 따라 증가함. 고령자는 중대한 위장관계 이상반응의 위험이 더 클 수 있음.","","Piroxicam(피록시캄)",20240522
"특정연령대금기","단일",D000309,Piroxicam,"피록시캄","","용액주사제",199200650,"제일제약피록시캄주사액(수출용)",19920108,"(주)제일제약","갈색앰플내에 엷은황갈색-엷은황색의맑은액이든주사제",01140,"해열.진통.소염제","전문의약품","[M071634]피록시캄",20181102,"중증의 위장관계 이상반응을 일으킬 위험은 연령에 따라 증가함. 고령자는 중대한 위장관계 이상반응의 위험이 더 클 수 있음.","","Piroxicam(피록시캄)",20200121
"특정연령대금기","단일",D000309,Piroxicam,"피록시캄","","경질캡슐제, 산제",199301970,"대화피록시캄캡슐20밀리그람(수출용)(수출명:PIC-20CAP.)",19930222,"대화제약(주)","흰색 또는 연한 노란색의 분말이 충진된 상부 연청색, 하부 흰색의 경질캡슐제",01140,"해열.진통.소염제","전문의약품","[M071634]피록시캄",20181102,"중증의 위장관계 이상반응을 일으킬 위험은 연령에 따라 증가함. 고령자는 중대한 위장관계 이상반응의 위험이 더 클 수 있음.","","Piroxicam(피록시캄)",20200818
"특정연령대금기","단일",D000309,Piroxicam,"피록시캄","","용액주사제",199302453,"위더스피록시캄주사액",19930607,"위더스제약(주)","갈색앰플내에 연황색의 액체가 들어 있는 주사제",01140,"해열.진통.소염제","전문의약품","[M071634]피록시캄",20181102,"중증의 위장관계 이상반응을 일으킬 위험은 연령에 따라 증가함. 고령자는 중대한 위장관계 이상반응의 위험이 더 클 수 있음.","","Piroxicam(피록시캄)",20240522
"특정연령대금기","단일",D000329,"Verapamil Hydrochloride","베라파밀염산염","","용액주사제",199400989,"일성이솦틴주사(베라파밀염산염)",19940827,"일성아이에스(주)","갈색 앰플중의 무색 투명한 액이다.",02170,"혈관확장제","전문의약품","[M203207]베라파밀염산염",20171106,"신생아 및 영아는 칼슘채널 차단제의 감수성이 높고, 서맥, 심장마비 등을 일으킬 위험이 있음신생아 및 영아에게 이 약을 투여했을 때 심각한 서맥과 저혈압, 심장마비 등이 나타났다는 보고가 있음","","Verapamil Hydrochloride(베라파밀염산염)",20210507
"특정연령대금기","단일",D000329,"Verapamil Hydrochloride","베라파밀염산염","","필름코팅정",199400991,"일성이솦틴정40밀리그램(베라파밀염산염)",19940827,"일성아이에스(주)","흰색의 원형 필름코팅정",02170,"혈관확장제","전문의약품","[M203207]베라파밀염산염",20171106,"신생아 및 영아는 칼슘채널 차단제의 감수성이 높고, 서맥, 심장마비 등을 일으킬 위험이 있음신생아 및 영아에게 이 약을 투여했을 때 심각한 서맥과 저혈압, 심장마비 등이 나타났다는 보고가 있음","","Verapamil Hydrochloride(베라파밀염산염)",20210507
"특정연령대금기","단일",D000329,"Verapamil Hydrochloride","베라파밀염산염","","필름코팅정",199400992,"일성이솦틴정80밀리그램(베라파밀염산염)",19940827,"일성아이에스(주)","흰색의 원형 필름코팅정",02170,"혈관확장제","전문의약품","[M203207]베라파밀염산염",20171106,"신생아 및 영아는 칼슘채널 차단제의 감수성이 높고, 서맥, 심장마비 등을 일으킬 위험이 있음신생아 및 영아에게 이 약을 투여했을 때 심각한 서맥과 저혈압, 심장마비 등이 나타났다는 보고가 있음","","Verapamil Hydrochloride(베라파밀염산염)",20210507
"특정연령대금기","단일",D000309,Piroxicam,"피록시캄","","나정",199401413,"대화피록시캄정(확산형)(수출용)",19940916,"대화제약(주)","백색의 원형정제",01140,"해열.진통.소염제","전문의약품","[M071634]피록시캄",20181102,"중증의 위장관계 이상반응을 일으킬 위험은 연령에 따라 증가함. 고령자는 중대한 위장관계 이상반응의 위험이 더 클 수 있음.","","Piroxicam(피록시캄)",20200818
"특정연령대금기","단일",D000309,Piroxicam,"피록시캄","","경질캡슐제, 산제",199402646,"헬렌캡슐(피록시캄)(수출용)",19941207,"대한뉴팜(주)","백색의 분말이 든 상, 하 의 백색 경질캅셀제",01140,"해열.진통.소염제","전문의약품","[M071634]피록시캄",20181102,"중증의 위장관계 이상반응을 일으킬 위험은 연령에 따라 증가함. 고령자는 중대한 위장관계 이상반응의 위험이 더 클 수 있음.","","Piroxicam(피록시캄)",20200903
"특정연령대금기","복합",D001154,"Polymyxin B Sulfate","폴리믹신B황산염","[D000199]Dexamethasone(덱사메타손)/[D000603]Neomycin(네오마이신)","안연고제",199403244,"맥시트롤안연고",19940601,"한국노바티스(주)","흰색 내지 밝은 노란색의 연고제",01310,"안과용제","전문의약품","[M233313]폴리믹신B황산염/[M202893]네오마이신황산염/[M040080]덱사메타손",20181102,"소아에서 코르티코스테로이드 유발성 고안압증 위험이 더 높을 수 있고 성인보다 더 일찍 발생할 수 있음.","","Polymyxin B Sulfate(폴리믹신B황산염)",20210315
"특정연령대금기","복합",D001154,"Polymyxin B Sulfate","폴리믹신B황산염","[D000199]Dexamethasone(덱사메타손)/[D000603]Neomycin(네오마이신)","현탁액점안제",199403245,"맥시트롤점안액",19940601,"한국노바티스(주)","백색 내지 미황색의 현탁액이 불투명한 흰색 플라스틱 용기에 든 점안제",01310,"안과용제","전문의약품","[M233313]폴리믹신B황산염/[M202893]네오마이신황산염/[M040080]덱사메타손",20181102,"소아에서 코르티코스테로이드 유발성 고안압증 위험이 더 높을 수 있고 성인보다 더 일찍 발생할 수 있음.","","Polymyxin B Sulfate(폴리믹신B황산염)",20191025
"특정연령대금기","단일",D000329,"Verapamil Hydrochloride","베라파밀염산염","","서방성필름코팅정",199403325,"일성이솦틴서방정240밀리그람(베라파밀염산염)",19940914,"일성아이에스(주)","서방형의 필름코팅된 연녹색의 장타원형 정제이다.",02170,"혈관확장제","전문의약품","[M203207]베라파밀염산염",20171106,"신생아 및 영아는 칼슘채널 차단제의 감수성이 높고, 서맥, 심장마비 등을 일으킬 위험이 있음신생아 및 영아에게 이 약을 투여했을 때 심각한 서맥과 저혈압, 심장마비 등이 나타났다는 보고가 있음","","Verapamil Hydrochloride(베라파밀염산염)",20210507
"특정연령대금기","복합",D001154,"Polymyxin B Sulfate","폴리믹신B황산염","[D000199]Dexamethasone(덱사메타손)/[D000603]Neomycin(네오마이신)","안연고제",199500503,"포러스안연고",19950923,"삼일제약(주)","흰색 또는 연한 노란색의 안연고제",01310,"안과용제","전문의약품","[M233313]폴리믹신B황산염/[M202893]네오마이신황산염/[M040080]덱사메타손",20181102,"소아에서 코르티코스테로이드 유발성 고안압증 위험이 더 높을 수 있고 성인보다 더 일찍 발생할 수 있음.","","Polymyxin B Sulfate(폴리믹신B황산염)",20191021
"특정연령대금기","단일",D000309,Piroxicam,"피록시캄","","나정",199500845,"필로젠정10밀리그람(피록시캄)",19951115,"(주)제뉴파마","미황색의 원형 정제.",01140,"해열.진통.소염제","전문의약품","[M071634]피록시캄",20181102,"중증의 위장관계 이상반응을 일으킬 위험은 연령에 따라 증가함. 고령자는 중대한 위장관계 이상반응의 위험이 더 클 수 있음.","","Piroxicam(피록시캄)",20240522
"특정연령대금기","단일",D000329,"Verapamil Hydrochloride","베라파밀염산염","","서방성필름코팅정",199501060,"일성이솦틴서방정180밀리그람(베라파밀염산염)",19951016,"일성아이에스(주)","서방성의 필름코팅된 회자색의 타원형 정제이다.",02170,"혈관확장제","전문의약품","[M203207]베라파밀염산염",20171106,"신생아 및 영아는 칼슘채널 차단제의 감수성이 높고, 서맥, 심장마비 등을 일으킬 위험이 있음신생아 및 영아에게 이 약을 투여했을 때 심각한 서맥과 저혈압, 심장마비 등이 나타났다는 보고가 있음","","Verapamil Hydrochloride(베라파밀염산염)",20210507
"특정연령대금기","단일",D000309,Piroxicam,"피록시캄","","용액주사제",199501546,"대화피록시캄주(피록시캄)(수출용)(수출명:PIC-20INJ.)",19950615,"대화제약(주)","미황색의 액체가 충진된 갈색앰플 주사제",01140,"해열.진통.소염제","전문의약품","[M071634]피록시캄",20181102,"중증의 위장관계 이상반응을 일으킬 위험은 연령에 따라 증가함. 고령자는 중대한 위장관계 이상반응의 위험이 더 클 수 있음.","","Piroxicam(피록시캄)",20240522
"특정연령대금기","복합",D001154,"Polymyxin B Sulfate","폴리믹신B황산염","[D000199]Dexamethasone(덱사메타손)/[D000603]Neomycin(네오마이신)","현탁액점안제",199700846,"포러스점안액",19880531,"삼일제약(주)","흰색의 현탁성 점안액",01310,"안과용제","전문의약품","[M233313]폴리믹신B황산염/[M202893]네오마이신황산염/[M040080]덱사메타손",20181102,"소아에서 코르티코스테로이드 유발성 고안압증 위험이 더 높을 수 있고 성인보다 더 일찍 발생할 수 있음.","","Polymyxin B Sulfate(폴리믹신B황산염)",20180618
"특정연령대금기","단일",D000309,Piroxicam,"피록시캄","","필름코팅정",199703363,"코러스피록시캄정20밀리그람(수출용)",19970521,"한국코러스(주)","백색의 코팅 정제이다",01140,"해열.진통.소염제","전문의약품","[M071634]피록시캄",20181102,"중증의 위장관계 이상반응을 일으킬 위험은 연령에 따라 증가함. 고령자는 중대한 위장관계 이상반응의 위험이 더 클 수 있음.","","Piroxicam(피록시캄)",20191127
"특정연령대금기","단일",D000309,Piroxicam,"피록시캄","","경질캡슐제, 산제",199703364,"코러스피록시캄캡슐20밀리그람(수출용)",19970521,"한국코러스(주)","백색의 분말이 든 상부적색, 하부적색의 경질캅셀이다.",01140,"해열.진통.소염제","전문의약품","[M071634]피록시캄",20181102,"중증의 위장관계 이상반응을 일으킬 위험은 연령에 따라 증가함. 고령자는 중대한 위장관계 이상반응의 위험이 더 클 수 있음.","","Piroxicam(피록시캄)",20191127
"특정연령대금기","단일",D000631,Mesalazine,"메살라진","","서방정",199704519,"펜타사서방정500밀리그램(메살라진)",19970905,"한국페링제약(주)","회백색에서 엷은 갈색의 반점이 있는 원형 정제",02390,"기타의 소화기관용약","전문의약품","[M083890]메살라진",20171106,"","","Mesalazine(메살라진)",20260701
"특정연령대금기","단일",D000309,Piroxicam,"피록시캄","","필름코팅정",199803649,"피씨마정(피록시캄)(수출용)",19971217,"한국코러스(주)","백색의 원형 정제이다.",01140,"해열.진통.소염제","전문의약품","[M071634]피록시캄",20181102,"중증의 위장관계 이상반응을 일으킬 위험은 연령에 따라 증가함. 고령자는 중대한 위장관계 이상반응의 위험이 더 클 수 있음.","","Piroxicam(피록시캄)",20191121
"특정연령대금기","단일",D000309,Piroxicam,"피록시캄","","경질캡슐제, 산제",199803650,"피씨마캅셀(피록시캄)(수출용)",19971223,"한국코러스(주)","백색의 분말이 충진된 상,하부 백색의 경집캅셀제이다.",01140,"해열.진통.소염제","전문의약품","[M071634]피록시캄",20181102,"중증의 위장관계 이상반응을 일으킬 위험은 연령에 따라 증가함. 고령자는 중대한 위장관계 이상반응의 위험이 더 클 수 있음.","","Piroxicam(피록시캄)",20191121
"특정연령대금기","단일",D000309,Piroxicam,"피록시캄","","나정",199901315,"동구피록시캄정20mg(확산형)(수출용)(수출명:펠댄코20mg)",19990419,"(주)동구바이오제약","백색-미황색의 원형정제",01140,"해열.진통.소염제","일반의약품","[M071634]피록시캄",20181102,"중증의 위장관계 이상반응을 일으킬 위험은 연령에 따라 증가함. 고령자는 중대한 위장관계 이상반응의 위험이 더 클 수 있음.","","Piroxicam(피록시캄)",20190905
"특정연령대금기","단일",D001058,Nifuroxazide,"니푸록사지드","","경질캡슐제, 산제",199901519,"레피즈캡슐(니푸록사지드)",19990913,"삼진제약(주)","밝은 황색의 분말이 충진된 상부 하부 황색의 캡슐제",02390,"기타의 소화기관용약","일반의약품","[M200244]니푸록사지드",20171106,"Nitrofuran계 항생제는 글루타티온 환원효소 억제로 인한 용혈성 빈혈 위험이 있음","","Nifuroxazide(니푸록사지드)",20230506
"특정연령대금기","단일",D000309,Piroxicam,"피록시캄","","경질캡슐제, 과립제",200003825,"지엘피록시캄캡슐10밀리그램",20000926,"지엘파마(주)","백색내지 미황색의 내용물이 든 상하 백색의 경질캅셀제",01140,"해열.진통.소염제","전문의약품","[M071634]피록시캄",20181102,"중증의 위장관계 이상반응을 일으킬 위험은 연령에 따라 증가함. 고령자는 중대한 위장관계 이상반응의 위험이 더 클 수 있음.","","Piroxicam(피록시캄)",20240522
"특정연령대금기","단일",D000309,Piroxicam,"피록시캄","","용액주사제",200101498,"유니온피록시캄주",20010426,"한국유니온제약(주)","엷은 황색의 액이 들어있는 갈색의 앰플",01140,"해열.진통.소염제","전문의약품","[M071634]피록시캄",20181102,"중증의 위장관계 이상반응을 일으킬 위험은 연령에 따라 증가함. 고령자는 중대한 위장관계 이상반응의 위험이 더 클 수 있음.","","Piroxicam(피록시캄)",20240522
"특정연령대금기","단일",D001058,Nifuroxazide,"니푸록사지드","","경질캡슐제, 과립제",200102013,"엔터폴캡슐(니푸록사지드)",20001208,"오스틴제약(주)","황색의 분말성과립으로 충전된 상·하 황색의 경질캡슐",02390,"기타의 소화기관용약","일반의약품","[M200244]니푸록사지드",20171106,"Nitrofuran계 항생제는 글루타티온 환원효소 억제로 인한 용혈성 빈혈 위험이 있음","","Nifuroxazide(니푸록사지드)",20230506
"특정연령대금기","단일",D000309,Piroxicam,"피록시캄","","용액주사제",200103725,"헬렌주20mg(피록시캄)(수출용)",20010806,"대한뉴팜(주)","무색 투명한 액체가 들어있는 갈색 앰플",01140,"해열.진통.소염제","전문의약품","[M071634]피록시캄",20181102,"중증의 위장관계 이상반응을 일으킬 위험은 연령에 따라 증가함. 고령자는 중대한 위장관계 이상반응의 위험이 더 클 수 있음.","","Piroxicam(피록시캄)",20200730
"특정연령대금기","단일",D000323,"Mirtazapine Coated","제피미르타자핀","","구강붕해정",200307847,"레메론솔탭정15밀리그램(제피미르타자핀)",20031016,"한국오가논(주)","흰색의 원형 구강붕해정",01170,"정신신경용제","전문의약품","[M260571]제피미르타자핀",20161230,"소아 및 청소년에서의 사용 승인되지 않음.소아(7~17세) 임상시험에서 7% 이상 체중이 증가된 환자 비율이 위약군보다 높음.","","Mirtazapine Coated(제피미르타자핀)",20210304
"특정연령대금기","단일",D000323,"Mirtazapine Coated","제피미르타자핀","","구강붕해정",200307848,"레메론솔탭정30밀리그램(제피미르타자핀)",20031016,"한국오가논(주)","흰색의 원형 구강붕해정",01170,"정신신경용제","전문의약품","[M260571]제피미르타자핀",20161230,"소아 및 청소년에서의 사용 승인되지 않음.소아(7~17세) 임상시험에서 7% 이상 체중이 증가된 환자 비율이 위약군보다 높음.","","Mirtazapine Coated(제피미르타자핀)",20210304
"특정연령대금기","복합",D001154,"Polymyxin B Sulfate","폴리믹신B황산염","[D000199]Dexamethasone(덱사메타손)/[D000603]Neomycin(네오마이신)","안연고제",200502890,"네오덱스안연고(덱사메타손,네오마이신황산염,폴리믹신B황산염)",20050713,"한림제약(주)","백색 또는 미황색의 안연고",01310,"안과용제","전문의약품","[M040080]덱사메타손/[M202893]네오마이신황산염/[M233313]폴리믹신B황산염",20181102,"소아에서 코르티코스테로이드 유발성 고안압증 위험이 더 높을 수 있고 성인보다 더 일찍 발생할 수 있음.","","Polymyxin B Sulfate(폴리믹신B황산염)",20180718
"특정연령대금기","단일",D000323,Mirtazapine,"미르타자핀","","필름코팅정",200603875,"레메론정15밀리그램(미르타자핀)",20060327,"한국오가논(주)","미황색의 필름코팅 타원형 정제",01170,"정신신경용제","전문의약품","[M088893]미르타자핀",20161230,"소아 및 청소년에서의 사용 승인되지 않음.소아(7~17세) 임상시험에서 7% 이상 체중이 증가된 환자 비율이 위약군보다 높음.","","Mirtazapine(미르타자핀)",20210304
"특정연령대금기","단일",D000903,"Levocetirizine Hydrochloride","레보세티리진염산염","","필름코팅정",200604084,"씨잘정5밀리그램(레보세티리진염산염)",20060426,"한국유씨비제약(주)","흰색 또는 미황색의 타원형 필름코팅정제",01410,"항히스타민제","전문의약품","[M244596]레보세티리진염산염",20161230,"(정제) 6세 미만의 유아에게는 정제가 아닌 액제를 투여할 것","","Levocetirizine Hydrochloride(레보세티리진염산염)",20201230
"특정연령대금기","단일",D000631,Mesalazine,"메살라진","","서방성과립제",200606206,"펜타사서방과립1그램(메살라진)",20060615,"한국페링제약(주)","회백색 내지 엷은 갈색의 원통형 과립제",02390,"기타의 소화기관용약","전문의약품","[M083890]메살라진",20171106,"","","Mesalazine(메살라진)",20260701
"특정연령대금기","복합",D000773,"Tramadol Hydrochloride","트라마돌염산염","[D000147]Acetaminophen(아세트아미노펜)","필름코팅정",200705587,"트리마셋세미정",20070516,"(주)유영제약","연한 황색의 장방형 필름코팅 정제",01140,"해열.진통.소염제","전문의약품","[M040353]아세트아미노펜/[M222893]트라마돌염산염",20190522,"소아에서 생명에 치명적인 호흡 억제 및 사망 발생","","Tramadol Hydrochloride(트라마돌염산염)",20260219
"특정연령대금기","복합",D000773,"Tramadol Hydrochloride","트라마돌염산염","[D000147]Acetaminophen(아세트아미노펜)","필름코팅정",200705588,"트리마셋정",20070516,"(주)유영제약","연한 황색의 장방형 필름 코팅 정제",01140,"해열.진통.소염제","전문의약품","[M040353]아세트아미노펜/[M222893]트라마돌염산염",20190522,"소아에서 생명에 치명적인 호흡 억제 및 사망 발생","","Tramadol Hydrochloride(트라마돌염산염)",20260219
"특정연령대금기","복합",D000773,"Tramadol Hydrochloride","트라마돌염산염","[D000147]Acetaminophen(아세트아미노펜)","필름코팅정",200705591,"울트라메트세미정(트라마돌염산염, 아세트아미노펜)",20070516,"고려제약(주)","연한 황색의 장방형 필름코팅 정제",01140,"해열.진통.소염제","전문의약품","[M222893]트라마돌염산염/[M040353]아세트아미노펜",20190522,"소아에서 생명에 치명적인 호흡 억제 및 사망 발생","","Tramadol Hydrochloride(트라마돌염산염)",20260219
"특정연령대금기","복합",D000773,"Tramadol Hydrochloride","트라마돌염산염","[D000147]Acetaminophen(아세트아미노펜)","필름코팅정",200705592,"울트라메트정(트라마돌염산염, 아세트아미노펜)",20070516,"고려제약(주)","연한 황색의 장방형 필름코팅정제",01140,"해열.진통.소염제","전문의약품","[M222893]트라마돌염산염/[M040353]아세트아미노펜",20190522,"소아에서 생명에 치명적인 호흡 억제 및 사망 발생","","Tramadol Hydrochloride(트라마돌염산염)",20260219
"특정연령대금기","복합",D000773,"Tramadol Hydrochloride","트라마돌염산염","[D000147]Acetaminophen(아세트아미노펜)","필름코팅정",200705593,"트라노펜세미정",20070516,"신풍제약(주)","연한 황색의 장방형 필름코팅정제",01140,"해열.진통.소염제","전문의약품","[M040353]아세트아미노펜/[M222893]트라마돌염산염",20190522,"소아에서 생명에 치명적인 호흡 억제 및 사망 발생","","Tramadol Hydrochloride(트라마돌염산염)",20260219
"특정연령대금기","복합",D000773,"Tramadol Hydrochloride","트라마돌염산염","[D000147]Acetaminophen(아세트아미노펜)","필름코팅정",200705594,"트라노펜정",20070516,"신풍제약(주)","연한 황색의 장방형 필름코팅정제",01140,"해열.진통.소염제","전문의약품","[M040353]아세트아미노펜/[M222893]트라마돌염산염",20190522,"소아에서 생명에 치명적인 호흡 억제 및 사망 발생","","Tramadol Hydrochloride(트라마돌염산염)",20260219
"특정연령대금기","복합",D000773,"Tramadol Hydrochloride","트라마돌염산염","[D000147]Acetaminophen(아세트아미노펜)","필름코팅정",200705595,"아트세미정",20070516,"알보젠코리아(주)","연한 황색의 장방형 필름코팅 정제",01140,"해열.진통.소염제","전문의약품","[M040353]아세트아미노펜/[M255410]트라마돌염산염",20190522,"소아에서 생명에 치명적인 호흡 억제 및 사망 발생","","Tramadol Hydrochloride(트라마돌염산염)",20260219
"특정연령대금기","복합",D000773,"Tramadol Hydrochloride","트라마돌염산염","[D000147]Acetaminophen(아세트아미노펜)","필름코팅정",200705596,"아트정",20070516,"알보젠코리아(주)","연한 황색의 장방형 필름코팅 정제",01140,"해열.진통.소염제","전문의약품","[M040353]아세트아미노펜/[M255410]트라마돌염산염",20190522,"소아에서 생명에 치명적인 호흡 억제 및 사망 발생","","Tramadol Hydrochloride(트라마돌염산염)",20260219
"특정연령대금기","복합",D000773,"Tramadol Hydrochloride","트라마돌염산염","[D000147]Acetaminophen(아세트아미노펜)","필름코팅정",200705597,"아세트라셋세미정",20070516,"풍림무약(주)","연한 황색의 장방형 필름코팅정제",01140,"해열.진통.소염제","전문의약품","[M040353]아세트아미노펜/[M222893]트라마돌염산염",20190522,"소아에서 생명에 치명적인 호흡 억제 및 사망 발생","","Tramadol Hydrochloride(트라마돌염산염)",20260219
"특정연령대금기","복합",D000773,"Tramadol Hydrochloride","트라마돌염산염","[D000147]Acetaminophen(아세트아미노펜)","필름코팅정",200705598,"아세트라셋정",20070516,"풍림무약(주)","연한 황색의 장방형 필름코팅정제",01140,"해열.진통.소염제","전문의약품","[M040353]아세트아미노펜/[M222893]트라마돌염산염",20190522,"소아에서 생명에 치명적인 호흡 억제 및 사망 발생","","Tramadol Hydrochloride(트라마돌염산염)",20260219
"특정연령대금기","복합",D000773,"Tramadol Hydrochloride","트라마돌염산염","[D000147]Acetaminophen(아세트아미노펜)","필름코팅정",200705993,"하이셋세미정",20070525,"국제약품(주)","연한 황색의 장방형 필름코팅 정제",01140,"해열.진통.소염제","전문의약품","[M040353]아세트아미노펜/[M222893]트라마돌염산염",20190522,"소아에서 생명에 치명적인 호흡 억제 및 사망 발생","","Tramadol Hydrochloride(트라마돌염산염)",20260219
"특정연령대금기","복합",D000773,"Tramadol Hydrochloride","트라마돌염산염","[D000147]Acetaminophen(아세트아미노펜)","필름코팅정",200705994,"하이셋정",20070525,"국제약품(주)","연한 황색의 장방형 필름코팅 정제",01140,"해열.진통.소염제","전문의약품","[M040353]아세트아미노펜/[M222893]트라마돌염산염",20190522,"소아에서 생명에 치명적인 호흡 억제 및 사망 발생","","Tramadol Hydrochloride(트라마돌염산염)",20260219
"특정연령대금기","복합",D000773,"Tramadol Hydrochloride","트라마돌염산염","[D000147]Acetaminophen(아세트아미노펜)","필름코팅정",200706007,"아마돌세미정",20070528,"아주약품(주)","연한 노란색의 장방형 필름코팅 정제",01140,"해열.진통.소염제","전문의약품","[M040353]아세트아미노펜/[M222893]트라마돌염산염",20190522,"소아에서 생명에 치명적인 호흡 억제 및 사망 발생","","Tramadol Hydrochloride(트라마돌염산염)",20260219
"특정연령대금기","복합",D000773,"Tramadol Hydrochloride","트라마돌염산염","[D000147]Acetaminophen(아세트아미노펜)","필름코팅정",200706008,"아마돌정",20070528,"아주약품(주)","연한 황색의 장방형 필름코팅 정제",01140,"해열.진통.소염제","전문의약품","[M222893]트라마돌염산염/[M040353]아세트아미노펜",20190522,"소아에서 생명에 치명적인 호흡 억제 및 사망 발생","","Tramadol Hydrochloride(트라마돌염산염)",20260219
"특정연령대금기","복합",D000773,"Tramadol Hydrochloride","트라마돌염산염","[D000147]Acetaminophen(아세트아미노펜)","필름코팅정",200706109,"엑스페인세미정",20070529,"(주)한독","연한 황색의 장방형 필름코팅 정제",01140,"해열.진통.소염제","전문의약품","[M040353]아세트아미노펜/[M222893]트라마돌염산염",20190522,"소아에서 생명에 치명적인 호흡 억제 및 사망 발생","","Tramadol Hydrochloride(트라마돌염산염)",20260219
"특정연령대금기","복합",D000773,"Tramadol Hydrochloride","트라마돌염산염","[D000147]Acetaminophen(아세트아미노펜)","필름코팅정",200706110,"엑스페인정",20070529,"(주)한독","연한 황색의 장방형 필름코팅 정제",01140,"해열.진통.소염제","전문의약품","[M040353]아세트아미노펜/[M222893]트라마돌염산염",20190522,"소아에서 생명에 치명적인 호흡 억제 및 사망 발생","","Tramadol Hydrochloride(트라마돌염산염)",20260219
"특정연령대금기","단일",D000323,Mirtazapine,"미르타자핀","","필름코팅정",200706541,"미르탁스정30밀리그램(미르타자핀)",20070607,"삼일제약(주)","분홍색의 장방형 필름코팅정제",01170,"정신신경용제","전문의약품","[M088893]미르타자핀",20161230,"소아 및 청소년에서의 사용 승인되지 않음.소아(7~17세) 임상시험에서 7% 이상 체중이 증가된 환자 비율이 위약군보다 높음.","","Mirtazapine(미르타자핀)",20170308
"특정연령대금기","복합",D000773,"Tramadol Hydrochloride","트라마돌염산염","[D000147]Acetaminophen(아세트아미노펜)","필름코팅정",200706597,"에이트라정",20070608,"코오롱제약(주)","연한 황색의 장방형 필름코팅정",01140,"해열.진통.소염제","전문의약품","[M040353]아세트아미노펜/[M222893]트라마돌염산염",20190522,"소아에서 생명에 치명적인 호흡 억제 및 사망 발생","","Tramadol Hydrochloride(트라마돌염산염)",20260219
"특정연령대금기","복합",D000773,"Tramadol Hydrochloride","트라마돌염산염","[D000147]Acetaminophen(아세트아미노펜)","필름코팅정",200707218,"펜큐어세미정",20070622,"현대약품(주)","연한 황색의 장방형 필픔코팅정제",01140,"해열.진통.소염제","전문의약품","[M222893]트라마돌염산염/[M040353]아세트아미노펜",20190522,"소아에서 생명에 치명적인 호흡 억제 및 사망 발생","","Tramadol Hydrochloride(트라마돌염산염)",20260219
"특정연령대금기","복합",D000773,"Tramadol Hydrochloride","트라마돌염산염","[D000147]Acetaminophen(아세트아미노펜)","필름코팅정",200707219,"펜큐어정",20070622,"현대약품(주)","연한 황색의 장방형 필름코팅 정제",01140,"해열.진통.소염제","전문의약품","[M222893]트라마돌염산염/[M040353]아세트아미노펜",20190522,"소아에서 생명에 치명적인 호흡 억제 및 사망 발생","","Tramadol Hydrochloride(트라마돌염산염)",20260219
"특정연령대금기","복합",D000773,"Tramadol Hydrochloride","트라마돌염산염","[D000147]Acetaminophen(아세트아미노펜)","필름코팅정",200707222,"엔시트라세미정(트라마돌염산염,아세트아미노펜)",20070622,"한림제약(주)","연한 황색의 장방형 필름코팅정",01140,"해열.진통.소염제","전문의약품","[M222893]트라마돌염산염/[M040353]아세트아미노펜",20190522,"소아에서 생명에 치명적인 호흡 억제 및 사망 발생","","Tramadol Hydrochloride(트라마돌염산염)",20260219
"특정연령대금기","복합",D000773,"Tramadol Hydrochloride","트라마돌염산염","[D000147]Acetaminophen(아세트아미노펜)","필름코팅정",200707223,"엔시트라정(트라마돌염산염,아세트아미노펜)",20070622,"한림제약(주)","연한 황색의 장방형 필름코팅정",01140,"해열.진통.소염제","전문의약품","[M222893]트라마돌염산염/[M040353]아세트아미노펜",20190522,"소아에서 생명에 치명적인 호흡 억제 및 사망 발생","","Tramadol Hydrochloride(트라마돌염산염)",20260219
"특정연령대금기","복합",D000773,"Tramadol Hydrochloride","트라마돌염산염","[D000147]Acetaminophen(아세트아미노펜)","필름코팅정",200707251,"에이트라세미정",20070625,"코오롱제약(주)","연한황색의 장방형 필름코팅정",01140,"해열.진통.소염제","전문의약품","[M040353]아세트아미노펜/[M222893]트라마돌염산염",20190522,"소아에서 생명에 치명적인 호흡 억제 및 사망 발생","","Tramadol Hydrochloride(트라마돌염산염)",20260219
"특정연령대금기","복합",D000773,"Tramadol Hydrochloride","트라마돌염산염","[D000147]Acetaminophen(아세트아미노펜)","필름코팅정",200707592,"트라펜정",20070702,"명문제약(주)","연한 황색의 장방형 필름코팅정제",01140,"해열.진통.소염제","전문의약품","[M222893]트라마돌염산염/[M040353]아세트아미노펜",20190522,"소아에서 생명에 치명적인 호흡 억제 및 사망 발생","","Tramadol Hydrochloride(트라마돌염산염)",20260219
"특정연령대금기","복합",D000773,"Tramadol Hydrochloride","트라마돌염산염","[D000147]Acetaminophen(아세트아미노펜)","필름코팅정",200707920,"타미돌정",20070709,"(주)하원제약","연한 황색의 장방형 필름코팅 정제",01140,"해열.진통.소염제","전문의약품","[M040353]아세트아미노펜/[M222893]트라마돌염산염",20190522,"소아에서 생명에 치명적인 호흡 억제 및 사망 발생","","Tramadol Hydrochloride(트라마돌염산염)",20260219
"특정연령대금기","복합",D000773,"Tramadol Hydrochloride","트라마돌염산염","[D000147]Acetaminophen(아세트아미노펜)","필름코팅정",200707943,"아라펜세미정",20070710,"(주)셀트리온제약","연한 황색의 장방형 필름코팅정제",01140,"해열.진통.소염제","전문의약품","[M222893]트라마돌염산염/[M040353]아세트아미노펜",20190522,"소아에서 생명에 치명적인 호흡 억제 및 사망 발생","","Tramadol Hydrochloride(트라마돌염산염)",20260219
"특정연령대금기","복합",D000773,"Tramadol Hydrochloride","트라마돌염산염","[D000147]Acetaminophen(아세트아미노펜)","필름코팅정",200707944,"아라펜정",20070710,"(주)셀트리온제약","연한 황색의 장방형 필름코팅정제",01140,"해열.진통.소염제","전문의약품","[M222893]트라마돌염산염/[M040353]아세트아미노펜",20190522,"소아에서 생명에 치명적인 호흡 억제 및 사망 발생","","Tramadol Hydrochloride(트라마돌염산염)",20260219
"특정연령대금기","복합",D000773,"Tramadol Hydrochloride","트라마돌염산염","[D000147]Acetaminophen(아세트아미노펜)","필름코팅정",200708257,"타라마돌정",20070716,"동화약품(주)","연한 황색의 장방형 필름코팅정제",01140,"해열.진통.소염제","전문의약품","[M040353]아세트아미노펜/[M222893]트라마돌염산염",20190522,"소아에서 생명에 치명적인 호흡 억제 및 사망 발생","","Tramadol Hydrochloride(트라마돌염산염)",20260219
"특정연령대금기","복합",D000773,"Tramadol Hydrochloride","트라마돌염산염","[D000147]Acetaminophen(아세트아미노펜)","필름코팅정",200708258,"타라마돌세미정",20070716,"동화약품(주)","연한 황색의 장방형 필름코팅정제",01140,"해열.진통.소염제","전문의약품","[M040353]아세트아미노펜/[M222893]트라마돌염산염",20190522,"소아에서 생명에 치명적인 호흡 억제 및 사망 발생","","Tramadol Hydrochloride(트라마돌염산염)",20260219
"특정연령대금기","복합",D000773,"Tramadol Hydrochloride","트라마돌염산염","[D000147]Acetaminophen(아세트아미노펜)","필름코팅정",200709529,"듀얼셋정",20070816,"(주)중헌제약","연한 노란색의 장방형 필름코팅정",01140,"해열.진통.소염제","전문의약품","[M040353]아세트아미노펜/[M255410]트라마돌염산염",20190522,"소아에서 생명에 치명적인 호흡 억제 및 사망 발생","","Tramadol Hydrochloride(트라마돌염산염)",20260219
"특정연령대금기","복합",D000773,"Tramadol Hydrochloride","트라마돌염산염","[D000147]Acetaminophen(아세트아미노펜)","필름코팅정",200709608,"엑세트라세미정",20070820,"신일제약(주)","연한 노란색의 장방형 필름코팅정제",01140,"해열.진통.소염제","전문의약품","[M255410]트라마돌염산염/[M040353]아세트아미노펜",20190522,"소아에서 생명에 치명적인 호흡 억제 및 사망 발생","","Tramadol Hydrochloride(트라마돌염산염)",20260219
"특정연령대금기","복합",D000773,"Tramadol Hydrochloride","트라마돌염산염","[D000147]Acetaminophen(아세트아미노펜)","필름코팅정",200709609,"엑세트라정",20070820,"신일제약(주)","연한 노란색의 장방형 필름코팅 정제",01140,"해열.진통.소염제","전문의약품","[M040353]아세트아미노펜/[M255410]트라마돌염산염",20190522,"소아에서 생명에 치명적인 호흡 억제 및 사망 발생","","Tramadol Hydrochloride(트라마돌염산염)",20260219
"특정연령대금기","복합",D000773,"Tramadol Hydrochloride","트라마돌염산염","[D000147]Acetaminophen(아세트아미노펜)","필름코팅정",200709640,"래피셋정",20070821,"(주)종근당","연한 황색의 장방형 필름코팅정제",01140,"해열.진통.소염제","전문의약품","[M222893]트라마돌염산염/[M040353]아세트아미노펜",20190522,"소아에서 생명에 치명적인 호흡 억제 및 사망 발생","","Tramadol Hydrochloride(트라마돌염산염)",20260219
"특정연령대금기","복합",D000773,"Tramadol Hydrochloride","트라마돌염산염","[D000147]Acetaminophen(아세트아미노펜)","필름코팅정",200709641,"래피셋세미정",20070821,"(주)종근당","연한 황색의 장방형 필름코팅 정제",01140,"해열.진통.소염제","전문의약품","[M040353]아세트아미노펜/[M255410]트라마돌염산염",20190522,"소아에서 생명에 치명적인 호흡 억제 및 사망 발생","","Tramadol Hydrochloride(트라마돌염산염)",20260219
"특정연령대금기","복합",D000773,"Tramadol Hydrochloride","트라마돌염산염","[D000147]Acetaminophen(아세트아미노펜)","필름코팅정",200709909,"뉴트라셋정",20070828,"(주)경보제약","연한 노란색의 장방형 필름코팅정제",01140,"해열.진통.소염제","전문의약품","[M040353]아세트아미노펜/[M255410]트라마돌염산염",20190522,"소아에서 생명에 치명적인 호흡 억제 및 사망 발생","","Tramadol Hydrochloride(트라마돌염산염)",20260219
"특정연령대금기","복합",D000773,"Tramadol Hydrochloride","트라마돌염산염","[D000147]Acetaminophen(아세트아미노펜)","필름코팅정",200709910,"뉴트라셋세미정",20070828,"(주)경보제약","연한 노란색의 장방형 필름코팅정제",01140,"해열.진통.소염제","전문의약품","[M040353]아세트아미노펜/[M255410]트라마돌염산염",20190522,"소아에서 생명에 치명적인 호흡 억제 및 사망 발생","","Tramadol Hydrochloride(트라마돌염산염)",20260219
"특정연령대금기","복합",D000773,"Tramadol Hydrochloride","트라마돌염산염","[D000147]Acetaminophen(아세트아미노펜)","필름코팅정",200710087,"하이퍼셋정",20070903,"한화제약(주)","연한 노란색의 장방형 필름코팅정제",01140,"해열.진통.소염제","전문의약품","[M040353]아세트아미노펜/[M255410]트라마돌염산염",20190522,"소아에서 생명에 치명적인 호흡 억제 및 사망 발생","","Tramadol Hydrochloride(트라마돌염산염)",20260219
"특정연령대금기","복합",D000773,"Tramadol Hydrochloride","트라마돌염산염","[D000147]Acetaminophen(아세트아미노펜)","필름코팅정",200710130,"슈퍼셋정",20070905,"한국유나이티드제약(주)","연한 황색의 장방형 필름코팅정제",01140,"해열.진통.소염제","전문의약품","[M040353]아세트아미노펜/[M222893]트라마돌염산염",20190522,"소아에서 생명에 치명적인 호흡 억제 및 사망 발생","","Tramadol Hydrochloride(트라마돌염산염)",20260219
"특정연령대금기","복합",D000773,"Tramadol Hydrochloride","트라마돌염산염","[D000147]Acetaminophen(아세트아미노펜)","필름코팅정",200710197,"돌트람셋정",20070906,"광동제약(주)","연한 황색의 장방형 필름코팅정",01140,"해열.진통.소염제","전문의약품","[M222893]트라마돌염산염/[M040353]아세트아미노펜",20190522,"소아에서 생명에 치명적인 호흡 억제 및 사망 발생","","Tramadol Hydrochloride(트라마돌염산염)",20260219
"특정연령대금기","복합",D000773,"Tramadol Hydrochloride","트라마돌염산염","[D000147]Acetaminophen(아세트아미노펜)","필름코팅정",200710202,"타라셋정",20070906,"동광제약(주)","연한 황색의 장방형 필름코팅제",01140,"해열.진통.소염제","전문의약품","[M040353]아세트아미노펜/[M222893]트라마돌염산염",20190522,"소아에서 생명에 치명적인 호흡 억제 및 사망 발생","","Tramadol Hydrochloride(트라마돌염산염)",20260219
"특정연령대금기","복합",D000773,"Tramadol Hydrochloride","트라마돌염산염","[D000147]Acetaminophen(아세트아미노펜)","필름코팅정",200710254,"타라셋세미정",20070907,"동광제약(주)","연한 황색의 장방형 필름코팅제",01140,"해열.진통.소염제","전문의약품","[M040353]아세트아미노펜/[M222893]트라마돌염산염",20190522,"소아에서 생명에 치명적인 호흡 억제 및 사망 발생","","Tramadol Hydrochloride(트라마돌염산염)",20260219
"특정연령대금기","복합",D000773,"Tramadol Hydrochloride","트라마돌염산염","[D000147]Acetaminophen(아세트아미노펜)","필름코팅정",200710609,"원트란정",20070918,"대원제약(주)","연한 황색의 장방형 필름코팅 정제",01140,"해열.진통.소염제","전문의약품","[M255410]트라마돌염산염/[M040353]아세트아미노펜/[M255410]트라마돌염산염/[M040353]아세트아미노펜/[M255410]트라마돌염산염/[M040353]아세트아미노펜",20190522,"소아에서 생명에 치명적인 호흡 억제 및 사망 발생","","Tramadol Hydrochloride(트라마돌염산염)",20260219
"특정연령대금기","복합",D000773,"Tramadol Hydrochloride","트라마돌염산염","[D000147]Acetaminophen(아세트아미노펜)","필름코팅정",200710628,"하이퍼셋세미정",20070919,"한화제약(주)","연한 노란색의 장방형 필름코팅정제",01140,"해열.진통.소염제","전문의약품","[M040353]아세트아미노펜/[M222893]트라마돌염산염",20190522,"소아에서 생명에 치명적인 호흡 억제 및 사망 발생","","Tramadol Hydrochloride(트라마돌염산염)",20260219
"특정연령대금기","복합",D000773,"Tramadol Hydrochloride","트라마돌염산염","[D000147]Acetaminophen(아세트아미노펜)","필름코팅정",200710632,"안티피라정",20070910,"알리코제약(주)","연한 황색의 장방형 필름코팅정",01140,"해열.진통.소염제","전문의약품","[M040353]아세트아미노펜/[M222893]트라마돌염산염",20190522,"소아에서 생명에 치명적인 호흡 억제 및 사망 발생","","Tramadol Hydrochloride(트라마돌염산염)",20260219
"특정연령대금기","복합",D000773,"Tramadol Hydrochloride","트라마돌염산염","[D000147]Acetaminophen(아세트아미노펜)","필름코팅정",200710633,"안티피라세미정",20070910,"알리코제약(주)","내수용 : 연한 황색의 장방형 필름코팅정수출용 : 흰색의 원형 필름코팅정",01140,"해열.진통.소염제","전문의약품","[M040353]아세트아미노펜/[M222893]트라마돌염산염/[M040353]아세트아미노펜/[M222893]트라마돌염산염",20190522,"소아에서 생명에 치명적인 호흡 억제 및 사망 발생","","Tramadol Hydrochloride(트라마돌염산염)",20260219
"특정연령대금기","복합",D000773,"Tramadol Hydrochloride","트라마돌염산염","[D000147]Acetaminophen(아세트아미노펜)","필름코팅정",200710638,"돌트람셋세미정",20070919,"광동제약(주)","연한 황색의 장방형 필름코팅정",01140,"해열.진통.소염제","전문의약품","[M222893]트라마돌염산염/[M040353]아세트아미노펜",20190522,"소아에서 생명에 치명적인 호흡 억제 및 사망 발생","","Tramadol Hydrochloride(트라마돌염산염)",20260219
"특정연령대금기","복합",D000773,"Tramadol Hydrochloride","트라마돌염산염","[D000147]Acetaminophen(아세트아미노펜)","필름코팅정",200710808,"세타돌정",20070927,"동성제약(주)","연한황색의 장방형 필름코팅정제",01140,"해열.진통.소염제","전문의약품","[M222893]트라마돌염산염/[M040353]아세트아미노펜",20190522,"소아에서 생명에 치명적인 호흡 억제 및 사망 발생","","Tramadol Hydrochloride(트라마돌염산염)",20260219
"특정연령대금기","복합",D000773,"Tramadol Hydrochloride","트라마돌염산염","[D000147]Acetaminophen(아세트아미노펜)","필름코팅정",200711209,"메가셋정",20071009,"대화제약(주)","연한 황색의 장방형 필름코팅정제",01140,"해열.진통.소염제","전문의약품","[M040353]아세트아미노펜/[M222893]트라마돌염산염",20190522,"소아에서 생명에 치명적인 호흡 억제 및 사망 발생","","Tramadol Hydrochloride(트라마돌염산염)",20260219
"특정연령대금기","복합",D000773,"Tramadol Hydrochloride","트라마돌염산염","[D000147]Acetaminophen(아세트아미노펜)","필름코팅정",200711793,"지무라돌정",20071026,"(주)동구바이오제약","연한 황색의 장방형 필름코팅정",01140,"해열.진통.소염제","전문의약품","[M222893]트라마돌염산염/[M040353]아세트아미노펜",20190522,"소아에서 생명에 치명적인 호흡 억제 및 사망 발생","","Tramadol Hydrochloride(트라마돌염산염)",20260219
"특정연령대금기","복합",D000773,"Tramadol Hydrochloride","트라마돌염산염","[D000147]Acetaminophen(아세트아미노펜)","필름코팅정",200711885,"트라미펜세미정",20071029,"하나제약(주)","연한 황색의 장방형 필름코팅정",01140,"해열.진통.소염제","전문의약품","[M222893]트라마돌염산염/[M040353]아세트아미노펜",20190522,"소아에서 생명에 치명적인 호흡 억제 및 사망 발생","","Tramadol Hydrochloride(트라마돌염산염)",20260219
"특정연령대금기","복합",D000773,"Tramadol Hydrochloride","트라마돌염산염","[D000147]Acetaminophen(아세트아미노펜)","필름코팅정",200711886,"트라미펜정",20071029,"하나제약(주)","연한 황색의 장방형 필름코팅정제",01140,"해열.진통.소염제","전문의약품","[M222893]트라마돌염산염/[M040353]아세트아미노펜",20190522,"소아에서 생명에 치명적인 호흡 억제 및 사망 발생","","Tramadol Hydrochloride(트라마돌염산염)",20260219
"특정연령대금기","복합",D000773,"Tramadol Hydrochloride","트라마돌염산염","[D000147]Acetaminophen(아세트아미노펜)","필름코팅정",200712587,"휴트라돌세미정",20071119,"(주)휴온스","연한 황색의 장방형 필름코팅정제",01140,"해열.진통.소염제","전문의약품","[M040353]아세트아미노펜/[M222893]트라마돌염산염",20190522,"소아에서 생명에 치명적인 호흡 억제 및 사망 발생","","Tramadol Hydrochloride(트라마돌염산염)",20260219
"특정연령대금기","복합",D000773,"Tramadol Hydrochloride","트라마돌염산염","[D000147]Acetaminophen(아세트아미노펜)","필름코팅정",200712588,"휴트라돌정",20071119,"(주)휴온스","연한 황색의 장방형 필름코팅정제",01140,"해열.진통.소염제","전문의약품","[M040353]아세트아미노펜/[M222893]트라마돌염산염/[M040353]아세트아미노펜/[M222893]트라마돌염산염",20190522,"소아에서 생명에 치명적인 호흡 억제 및 사망 발생","","Tramadol Hydrochloride(트라마돌염산염)",20260219
"특정연령대금기","복합",D000773,"Tramadol Hydrochloride","트라마돌염산염","[D000147]Acetaminophen(아세트아미노펜)","필름코팅정",200712647,"아트놀셋세미정",20071120,"(주)테라젠이텍스","연한황색의 장방형 필름코팅정",01140,"해열.진통.소염제","전문의약품","[M222893]트라마돌염산염/[M040353]아세트아미노펜",20190522,"소아에서 생명에 치명적인 호흡 억제 및 사망 발생","","Tramadol Hydrochloride(트라마돌염산염)",20260219
"특정연령대금기","복합",D000773,"Tramadol Hydrochloride","트라마돌염산염","[D000147]Acetaminophen(아세트아미노펜)","필름코팅정",200712648,"아트놀셋정",20071120,"(주)테라젠이텍스","연한황색의 장방형 필름코팅정",01140,"해열.진통.소염제","전문의약품","[M255410]트라마돌염산염/[M040353]아세트아미노펜/[M255410]트라마돌염산염/[M040353]아세트아미노펜",20190522,"소아에서 생명에 치명적인 호흡 억제 및 사망 발생","","Tramadol Hydrochloride(트라마돌염산염)",20260219
"특정연령대금기","복합",D000773,"Tramadol Hydrochloride","트라마돌염산염","[D000147]Acetaminophen(아세트아미노펜)","필름코팅정",200712789,"타미돌세미정",20071123,"(주)하원제약","연한 노란색의 장방형 필름코팅정제",01140,"해열.진통.소염제","전문의약품","[M040353]아세트아미노펜/[M222893]트라마돌염산염",20190522,"소아에서 생명에 치명적인 호흡 억제 및 사망 발생","","Tramadol Hydrochloride(트라마돌염산염)",20260219
"특정연령대금기","복합",D000773,"Tramadol Hydrochloride","트라마돌염산염","[D000147]Acetaminophen(아세트아미노펜)","필름코팅정",200712868,"페인리스정",20071127,"주식회사제뉴원사이언스","연한 황색의 장방형 필름코팅정제",01140,"해열.진통.소염제","전문의약품","[M222893]트라마돌염산염/[M040353]아세트아미노펜",20190522,"소아에서 생명에 치명적인 호흡 억제 및 사망 발생","","Tramadol Hydrochloride(트라마돌염산염)",20260219
"특정연령대금기","복합",D000773,"Tramadol Hydrochloride","트라마돌염산염","[D000147]Acetaminophen(아세트아미노펜)","필름코팅정",200712872,"디워렌정",20071127,"오스틴제약(주)","연한 황색의 장방형 필름코팅정제",01140,"해열.진통.소염제","전문의약품","[M222893]트라마돌염산염/[M040353]아세트아미노펜",20190522,"소아에서 생명에 치명적인 호흡 억제 및 사망 발생","","Tramadol Hydrochloride(트라마돌염산염)",20260219
"특정연령대금기","복합",D000773,"Tramadol Hydrochloride","트라마돌염산염","[D000147]Acetaminophen(아세트아미노펜)","필름코팅정",200712885,"도라셋정",20071128,"진양제약(주)","연한 황색의 장방형 필름코팅정",01140,"해열.진통.소염제","전문의약품","[M040353]아세트아미노펜/[M255410]트라마돌염산염",20190522,"소아에서 생명에 치명적인 호흡 억제 및 사망 발생","","Tramadol Hydrochloride(트라마돌염산염)",20260219
"특정연령대금기","단일",D000903,"Levocetirizine Hydrochloride","레보세티리진염산염","","필름코팅정",200713032,"자알린정5밀리그램(레보세티리진염산염)",20071205,"에이치케이이노엔(주)","흰색 또는 미백색의 원형 필름코팅정제",01410,"항히스타민제","전문의약품","[M244596]레보세티리진염산염",20161230,"(정제) 6세 미만의 유아에게는 정제가 아닌 액제를 투여할 것","","Levocetirizine Hydrochloride(레보세티리진염산염)",20200711
"특정연령대금기","복합",D000773,"Tramadol Hydrochloride","트라마돌염산염","[D000147]Acetaminophen(아세트아미노펜)","필름코팅정",200713092,"트라칸정",20071206,"성원애드콕제약(주)","연한 황색의 장방형 필름코팅정제",01140,"해열.진통.소염제","전문의약품","[M255410]트라마돌염산염/[M040353]아세트아미노펜",20190522,"소아에서 생명에 치명적인 호흡 억제 및 사망 발생","","Tramadol Hydrochloride(트라마돌염산염)",20260219
"특정연령대금기","복합",D000773,"Tramadol Hydrochloride","트라마돌염산염","[D000147]Acetaminophen(아세트아미노펜)","필름코팅정",200713094,"울셋세미정",20071206,"(주)비씨월드제약","연한 노란색의 장방형 필름코팅정",01140,"해열.진통.소염제","전문의약품","[M222893]트라마돌염산염/[M040353]아세트아미노펜",20190522,"소아에서 생명에 치명적인 호흡 억제 및 사망 발생","","Tramadol Hydrochloride(트라마돌염산염)",20260219
"특정연령대금기","복합",D000773,"Tramadol Hydrochloride","트라마돌염산염","[D000147]Acetaminophen(아세트아미노펜)","필름코팅정",200713095,"울셋정",20071206,"(주)비씨월드제약","연한 노란색의 장방형 필름코팅정",01140,"해열.진통.소염제","전문의약품","[M222893]트라마돌염산염/[M040353]아세트아미노펜",20190522,"소아에서 생명에 치명적인 호흡 억제 및 사망 발생","","Tramadol Hydrochloride(트라마돌염산염)",20260219
"특정연령대금기","복합",D000773,"Tramadol Hydrochloride","트라마돌염산염","[D000147]Acetaminophen(아세트아미노펜)","필름코팅정",200713377,"테라펜정",20071214,"(주)넥스팜코리아","연한 황색의 장방형 필름코팅정제",01140,"해열.진통.소염제","전문의약품","[M222893]트라마돌염산염/[M040353]아세트아미노펜/[M222893]트라마돌염산염/[M040353]아세트아미노펜",20190522,"소아에서 생명에 치명적인 호흡 억제 및 사망 발생","","Tramadol Hydrochloride(트라마돌염산염)",20260219
"특정연령대금기","단일",D000903,"Levocetirizine Hydrochloride","레보세티리진염산염","","필름코팅정",200713591,"렙티진정(레보세티리진 염산염)",20071221,"한화제약(주)","흰색 또는 미황색의 타원형 필름코팅정제",01410,"항히스타민제","전문의약품","[M244596]레보세티리진염산염",20161230,"(정제) 6세 미만의 유아에게는 정제가 아닌 액제를 투여할 것","","Levocetirizine Hydrochloride(레보세티리진염산염)",20200711
"특정연령대금기","단일",D000903,"Levocetirizine Hydrochloride","레보세티리진염산염","","필름코팅정",200713679,"레보세잘정5밀리그램(레보세티리진염산염)",20071214,"동광제약(주)","흰색 또는 미황색의 타원형 필름코팅정제",01410,"항히스타민제","전문의약품","[M244596]레보세티리진염산염",20161230,"(정제) 6세 미만의 유아에게는 정제가 아닌 액제를 투여할 것","","Levocetirizine Hydrochloride(레보세티리진염산염)",20200711
"특정연령대금기","단일",D000309,Piroxicam,"피록시캄","","용액주사제",200713905,"대한피록시캄주",20071231,"대한약품공업(주)","엷은 황색의 용액이 든 갈색 앰플",01140,"해열.진통.소염제","전문의약품","[M071634]피록시캄/[M071634]피록시캄",20181102,"중증의 위장관계 이상반응을 일으킬 위험은 연령에 따라 증가함. 고령자는 중대한 위장관계 이상반응의 위험이 더 클 수 있음.","","Piroxicam(피록시캄)",20240522
"특정연령대금기","단일",D000903,"Levocetirizine Hydrochloride","레보세티리진염산염","","필름코팅정",200800569,"스타리진정(레보세티리진염산염)",20080114,"경동제약(주)","흰색 또는 미황색의 타원형 필름코팅정",01410,"항히스타민제","전문의약품","[M244596]레보세티리진염산염",20161230,"(정제) 6세 미만의 유아에게는 정제가 아닌 액제를 투여할 것","","Levocetirizine Hydrochloride(레보세티리진염산염)",20200711
"특정연령대금기","단일",D000631,Mesalazine,"메살라진","","서방성과립제",200800783,"펜타사서방과립2그램(메살라진)",20080121,"한국페링제약(주)","회백색 내지 엷은 갈색의 원통형 과립제",02390,"기타의 소화기관용약","전문의약품","[M083890]메살라진",20171106,"","","Mesalazine(메살라진)",20260701
"특정연령대금기","복합",D000773,"Tramadol Hydrochloride","트라마돌염산염","[D000147]Acetaminophen(아세트아미노펜)","필름코팅정",200801284,"올펜정",20071112,"(주)셀릭스","연한 황색의 장방형 필름코팅 정제",01140,"해열.진통.소염제","전문의약품","[M040353]아세트아미노펜/[M222893]트라마돌염산염",20190522,"소아에서 생명에 치명적인 호흡 억제 및 사망 발생","","Tramadol Hydrochloride(트라마돌염산염)",20260219
"특정연령대금기","단일",D000903,"Levocetirizine Hydrochloride","레보세티리진염산염","","필름코팅정",200803201,"알러잘정(레보세티리진염산염)",20080321,"(주)서울제약","흰색 또는 미황색의 타원형 필름코팅정제",01410,"항히스타민제","전문의약품","[M244596]레보세티리진염산염",20161230,"(정제) 6세 미만의 유아에게는 정제가 아닌 액제를 투여할 것","","Levocetirizine Hydrochloride(레보세티리진염산염)",20200711
"특정연령대금기","단일",D000323,Mirtazapine,"미르타자핀","","구강붕해정",200803427,"미르탁스오디티정30밀리그램(미르타자핀)",20080328,"삼일제약(주)","고유의 향이 있는 양면이 편평한 흰색 원형 속붕해성 정제",01170,"정신신경용제","전문의약품","[M088893]미르타자핀",20161230,"소아 및 청소년에서의 사용 승인되지 않음.소아(7~17세) 임상시험에서 7% 이상 체중이 증가된 환자 비율이 위약군보다 높음.","","Mirtazapine(미르타자핀)",20210131
"특정연령대금기","단일",D000903,"Levocetirizine Hydrochloride","레보세티리진염산염","","필름코팅정",200803641,"레티잘정(레보세티리진염산염)",20080402,"알보젠코리아(주)","흰색 또는 연한 황색의 타원형 필름코팅정제",01410,"항히스타민제","전문의약품","[M244596]레보세티리진염산염",20161230,"(정제) 6세 미만의 유아에게는 정제가 아닌 액제를 투여할 것","","Levocetirizine Hydrochloride(레보세티리진염산염)",20200822
"특정연령대금기","단일",D000903,"Levocetirizine Hydrochloride","레보세티리진염산염","","필름코팅정",200803721,"레보큐정(레보세티리진염산염)",20080404,"광동제약(주)","흰색 또는 미황색의 타원형 필름코팅 정제",01410,"항히스타민제","전문의약품","[M244596]레보세티리진염산염",20161230,"(정제) 6세 미만의 유아에게는 정제가 아닌 액제를 투여할 것","","Levocetirizine Hydrochloride(레보세티리진염산염)",20200711
"특정연령대금기","단일",D000903,"Levocetirizine Hydrochloride","레보세티리진염산염","","필름코팅정",200803737,"잘티진정(레보세티리진염산염)",20080404,"(주)메디카코리아","흰색 또는 미황색의 타원형 필름코팅정",01410,"항히스타민제","전문의약품","[M244596]레보세티리진염산염",20161230,"(정제) 6세 미만의 유아에게는 정제가 아닌 액제를 투여할 것","","Levocetirizine Hydrochloride(레보세티리진염산염)",20200711
"특정연령대금기","단일",D000903,"Levocetirizine Hydrochloride","레보세티리진염산염","","필름코팅정",200803803,"알세틴정(레보세티리진염산염)",20080404,"(주)셀트리온제약","흰색 또는 미황색의 타원형 필름코팅정",01410,"항히스타민제","전문의약품","[M244596]레보세티리진염산염",20161230,"(정제) 6세 미만의 유아에게는 정제가 아닌 액제를 투여할 것","","Levocetirizine Hydrochloride(레보세티리진염산염)",20200711
"특정연령대금기","단일",D000903,"Levocetirizine Hydrochloride","레보세티리진염산염","","필름코팅정",200804288,"레티리진정(레보세티리진염산염)",20080418,"동화약품(주)","흰색 또는 미황색의 타원형 필름코팅정",01410,"항히스타민제","전문의약품","[M244596]레보세티리진염산염",20161230,"(정제) 6세 미만의 유아에게는 정제가 아닌 액제를 투여할 것","","Levocetirizine Hydrochloride(레보세티리진염산염)",20200711
"특정연령대금기","단일",D000903,"Levocetirizine Hydrochloride","레보세티리진염산염","","필름코팅정",200804360,"세틴잘정5밀리그램(레보세티리진염산염)",20080421,"(주)팜젠사이언스","흰색 또는 미황색의 타원형 필름코팅정제",01410,"항히스타민제","전문의약품","[M244596]레보세티리진염산염",20161230,"(정제) 6세 미만의 유아에게는 정제가 아닌 액제를 투여할 것","","Levocetirizine Hydrochloride(레보세티리진염산염)",20200711
"특정연령대금기","복합",D000773,"Tramadol Hydrochloride","트라마돌염산염","[D000147]Acetaminophen(아세트아미노펜)","필름코팅정",200804519,"트라스펜세미정(트라마돌,아세트아미노펜)",20080423,"한미약품(주)","연한 노란색의 장방형의 필름코팅정",01140,"해열.진통.소염제","전문의약품","[M222893]트라마돌염산염/[M040353]아세트아미노펜",20190522,"소아에서 생명에 치명적인 호흡 억제 및 사망 발생","","Tramadol Hydrochloride(트라마돌염산염)",20260219
"특정연령대금기","복합",D000773,"Tramadol Hydrochloride","트라마돌염산염","[D000147]Acetaminophen(아세트아미노펜)","필름코팅정",200804556,"울트펜정",20080423,"영풍제약(주)","연한 황색의 장방형 필름코팅정제",01140,"해열.진통.소염제","전문의약품","[M222893]트라마돌염산염/[M040353]아세트아미노펜",20190522,"소아에서 생명에 치명적인 호흡 억제 및 사망 발생","","Tramadol Hydrochloride(트라마돌염산염)",20260219
"특정연령대금기","복합",D000773,"Tramadol Hydrochloride","트라마돌염산염","[D000147]Acetaminophen(아세트아미노펜)","필름코팅정",200804557,"트라마셋정",20080423,"제이더블유신약(주)","연한 황색의 장방형 필름코팅정",01140,"해열.진통.소염제","전문의약품","[M040353]아세트아미노펜/[M222893]트라마돌염산염",20190522,"소아에서 생명에 치명적인 호흡 억제 및 사망 발생","","Tramadol Hydrochloride(트라마돌염산염)",20260219
"특정연령대금기","복합",D000773,"Tramadol Hydrochloride","트라마돌염산염","[D000147]Acetaminophen(아세트아미노펜)","필름코팅정",200804558,"베아트라정(아세트아미노펜,트라마돌)(수출용)",20080423,"(주)대웅제약","연한 황색의 장방형 필름코팅 정제",01140,"해열.진통.소염제","전문의약품","[M040353]아세트아미노펜/[M222893]트라마돌염산염",20190522,"소아에서 생명에 치명적인 호흡 억제 및 사망 발생","","Tramadol Hydrochloride(트라마돌염산염)",20241002
"특정연령대금기","복합",D000773,"Tramadol Hydrochloride","트라마돌염산염","[D000147]Acetaminophen(아세트아미노펜)","필름코팅정",200804560,"트라스펜정(트라마돌,아세트아미노펜)",20080423,"한미약품(주)","연한 노란색의 장방형의 필름코팅정",01140,"해열.진통.소염제","전문의약품","[M222893]트라마돌염산염/[M040353]아세트아미노펜",20190522,"소아에서 생명에 치명적인 호흡 억제 및 사망 발생","","Tramadol Hydrochloride(트라마돌염산염)",20260219
"특정연령대금기","복합",D000773,"Tramadol Hydrochloride","트라마돌염산염","[D000147]Acetaminophen(아세트아미노펜)","필름코팅정",200804561,"듀오셋정",20080423,"삼천당제약(주)","연한 황색 장방형 필름코팅 정제",01140,"해열.진통.소염제","전문의약품","[M040353]아세트아미노펜/[M255410]트라마돌염산염/[M040353]아세트아미노펜/[M255410]트라마돌염산염/[M040353]아세트아미노펜/[M255410]트라마돌염산염/[M040353]아세트아미노펜/[M255410]트라마돌염산염",20190522,"소아에서 생명에 치명적인 호흡 억제 및 사망 발생","","Tramadol Hydrochloride(트라마돌염산염)",20260219
"특정연령대금기","복합",D000773,"Tramadol Hydrochloride","트라마돌염산염","[D000147]Acetaminophen(아세트아미노펜)","필름코팅정",200804562,"세타마돌정",20080423,"일동제약(주)","연한 황색의 장방형필름코팅정",01140,"해열.진통.소염제","전문의약품","[M222893]트라마돌염산염/[M040353]아세트아미노펜",20190522,"소아에서 생명에 치명적인 호흡 억제 및 사망 발생","","Tramadol Hydrochloride(트라마돌염산염)",20260219
"특정연령대금기","복합",D000773,"Tramadol Hydrochloride","트라마돌염산염","[D000147]Acetaminophen(아세트아미노펜)","필름코팅정",200804563,"트라마펜정",20080423,"구주제약(주)","연한 황색의 장방형 필름코팅 정제",01140,"해열.진통.소염제","전문의약품","[M040353]아세트아미노펜/[M222893]트라마돌염산염",20190522,"소아에서 생명에 치명적인 호흡 억제 및 사망 발생","","Tramadol Hydrochloride(트라마돌염산염)",20260219
"특정연령대금기","복합",D000773,"Tramadol Hydrochloride","트라마돌염산염","[D000147]Acetaminophen(아세트아미노펜)","필름코팅정",200804586,"아트라펜정",20080424,"한국프라임제약(주)","연한 황색의 장방형 필름코팅정제",01140,"해열.진통.소염제","전문의약품","[M222893]트라마돌염산염/[M040353]아세트아미노펜",20190522,"소아에서 생명에 치명적인 호흡 억제 및 사망 발생","","Tramadol Hydrochloride(트라마돌염산염)",20260219
"특정연령대금기","복합",D000773,"Tramadol Hydrochloride","트라마돌염산염","[D000147]Acetaminophen(아세트아미노펜)","필름코팅정",200804611,"타미트라정",20080424,"삼익제약(주)","연한 황색의 장방형 필름코팅정제",01140,"해열.진통.소염제","전문의약품","[M040353]아세트아미노펜/[M222893]트라마돌염산염",20190522,"소아에서 생명에 치명적인 호흡 억제 및 사망 발생","","Tramadol Hydrochloride(트라마돌염산염)",20260219
"특정연령대금기","복합",D000773,"Tramadol Hydrochloride","트라마돌염산염","[D000147]Acetaminophen(아세트아미노펜)","필름코팅정",200804631,"듀얼셋세미정",20080424,"(주)중헌제약","연한 노란색의 장방형 필름코팅정",01140,"해열.진통.소염제","전문의약품","[M222893]트라마돌염산염/[M040353]아세트아미노펜",20190522,"소아에서 생명에 치명적인 호흡 억제 및 사망 발생","","Tramadol Hydrochloride(트라마돌염산염)",20260219
"특정연령대금기","복합",D000773,"Tramadol Hydrochloride","트라마돌염산염","[D000147]Acetaminophen(아세트아미노펜)","필름코팅정",200804633,"아세트람세미정",20080425,"(주)바이넥스","연한 황색의 장방형 필름코팅정제",01140,"해열.진통.소염제","전문의약품","[M040353]아세트아미노펜/[M222893]트라마돌염산염",20190522,"소아에서 생명에 치명적인 호흡 억제 및 사망 발생","","Tramadol Hydrochloride(트라마돌염산염)",20260219
"특정연령대금기","복합",D000773,"Tramadol Hydrochloride","트라마돌염산염","[D000147]Acetaminophen(아세트아미노펜)","필름코팅정",200804696,"영트라셋정",20080425,"영진약품(주)","연한 황색의 장방형 필름코팅정",01140,"해열.진통.소염제","전문의약품","[M040353]아세트아미노펜/[M255410]트라마돌염산염",20190522,"소아에서 생명에 치명적인 호흡 억제 및 사망 발생","","Tramadol Hydrochloride(트라마돌염산염)",20260219
"특정연령대금기","복합",D000773,"Tramadol Hydrochloride","트라마돌염산염","[D000147]Acetaminophen(아세트아미노펜)","필름코팅정",200804702,"라노펜정",20080425,"한국코러스(주)","연한 황색의 장방형필름코팅정제",01140,"해열.진통.소염제","전문의약품","[M222893]트라마돌염산염/[M040353]아세트아미노펜",20190522,"소아에서 생명에 치명적인 호흡 억제 및 사망 발생","","Tramadol Hydrochloride(트라마돌염산염)",20260219
"특정연령대금기","복합",D000773,"Tramadol Hydrochloride","트라마돌염산염","[D000147]Acetaminophen(아세트아미노펜)","필름코팅정",200804771,"시너젯정",20080428,"삼진제약(주)","연한 황색의 장방형 필름코팅정제",01140,"해열.진통.소염제","전문의약품","[M222893]트라마돌염산염/[M040353]아세트아미노펜",20190522,"소아에서 생명에 치명적인 호흡 억제 및 사망 발생","","Tramadol Hydrochloride(트라마돌염산염)",20260219
"특정연령대금기","복합",D000773,"Tramadol Hydrochloride","트라마돌염산염","[D000147]Acetaminophen(아세트아미노펜)","필름코팅정",200804778,"아트라셋세미정",20080428,"(주)한국피엠지제약","연한 황색의 장방형 필름코팅정",01140,"해열.진통.소염제","전문의약품","[M255410]트라마돌염산염/[M040353]아세트아미노펜",20190522,"소아에서 생명에 치명적인 호흡 억제 및 사망 발생","","Tramadol Hydrochloride(트라마돌염산염)",20260219
"특정연령대금기","단일",D000903,"Levocetirizine Hydrochloride","레보세티리진염산염","","필름코팅정",200804779,"씨진정5mg(레보세티리진염산염)(수출용)",20080428,"대원제약(주)","흰색 또는 미황색의 타원형 필름코팅정제",01410,"항히스타민제","전문의약품","[M244596]레보세티리진염산염",20161230,"(정제) 6세 미만의 유아에게는 정제가 아닌 액제를 투여할 것","","Levocetirizine Hydrochloride(레보세티리진염산염)",20201223
"특정연령대금기","복합",D000773,"Tramadol Hydrochloride","트라마돌염산염","[D000147]Acetaminophen(아세트아미노펜)","필름코팅정",200804796,"세타마돌세미정",20080428,"일동제약(주)","연한 황색의 장방형 필름 코팅정",01140,"해열.진통.소염제","전문의약품","[M222893]트라마돌염산염/[M040353]아세트아미노펜",20190522,"소아에서 생명에 치명적인 호흡 억제 및 사망 발생","","Tramadol Hydrochloride(트라마돌염산염)",20260219
"특정연령대금기","단일",D000903,"Levocetirizine Hydrochloride","레보세티리진염산염","","필름코팅정",200804797,"쎄티린정(레보세티리진염산염)",20080428,"삼천당제약(주)","흰색 또는 미백색의 원형 필름코팅정제",01410,"항히스타민제","전문의약품","[M244596]레보세티리진염산염",20161230,"(정제) 6세 미만의 유아에게는 정제가 아닌 액제를 투여할 것","","Levocetirizine Hydrochloride(레보세티리진염산염)",20200711
"특정연령대금기","단일",D000903,"Levocetirizine Hydrochloride","레보세티리진염산염","","필름코팅정",200804798,"알러반정(레보세티리진염산염)",20080428,"제이더블유신약(주)","흰색 또는 미황색의 타원형 필름코팅정제",01410,"항히스타민제","전문의약품","[M244596]레보세티리진염산염",20161230,"(정제) 6세 미만의 유아에게는 정제가 아닌 액제를 투여할 것","","Levocetirizine Hydrochloride(레보세티리진염산염)",20200711
"특정연령대금기","복합",D000773,"Tramadol Hydrochloride","트라마돌염산염","[D000147]Acetaminophen(아세트아미노펜)","필름코팅정",200804802,"메가스펜정",20080428,"경동제약(주)","연한 황색의 장방형 필름코팅 정제",01140,"해열.진통.소염제","전문의약품","[M222893]트라마돌염산염/[M040353]아세트아미노펜",20190522,"소아에서 생명에 치명적인 호흡 억제 및 사망 발생","","Tramadol Hydrochloride(트라마돌염산염)",20260219
"특정연령대금기","복합",D000773,"Tramadol Hydrochloride","트라마돌염산염","[D000147]Acetaminophen(아세트아미노펜)","필름코팅정",200804810,"슈프라펜정",20080428,"안국약품(주)","연한황색의 장방형 필름코팅정",01140,"해열.진통.소염제","전문의약품","[M040353]아세트아미노펜/[M222893]트라마돌염산염",20190522,"소아에서 생명에 치명적인 호흡 억제 및 사망 발생","","Tramadol Hydrochloride(트라마돌염산염)",20260219
"특정연령대금기","복합",D000773,"Tramadol Hydrochloride","트라마돌염산염","[D000147]Acetaminophen(아세트아미노펜)","필름코팅정",200804821,"노통펜프러스정",20080428,"화일약품(주)","연한 황색의 장방형 필름코팅정",01140,"해열.진통.소염제","전문의약품","[M222893]트라마돌염산염/[M040353]아세트아미노펜",20190522,"소아에서 생명에 치명적인 호흡 억제 및 사망 발생","","Tramadol Hydrochloride(트라마돌염산염)",20260219
"특정연령대금기","복합",D000773,"Tramadol Hydrochloride","트라마돌염산염","[D000147]Acetaminophen(아세트아미노펜)","필름코팅정",200804859,"아트라셋정",20080429,"(주)한국피엠지제약","연한 황색의 장방형 필름코팅정",01140,"해열.진통.소염제","전문의약품","[M255410]트라마돌염산염/[M040353]아세트아미노펜",20190522,"소아에서 생명에 치명적인 호흡 억제 및 사망 발생","","Tramadol Hydrochloride(트라마돌염산염)",20260219
"특정연령대금기","복합",D000773,"Tramadol Hydrochloride","트라마돌염산염","[D000147]Acetaminophen(아세트아미노펜)","필름코팅정",200804908,"맥스노펜정",20080429,"(주)보령","연한 황색의 장방형 필름코팅정제",01140,"해열.진통.소염제","전문의약품","[M222893]트라마돌염산염/[M040353]아세트아미노펜",20190522,"소아에서 생명에 치명적인 호흡 억제 및 사망 발생","","Tramadol Hydrochloride(트라마돌염산염)",20260219
"특정연령대금기","복합",D000773,"Tramadol Hydrochloride","트라마돌염산염","[D000147]Acetaminophen(아세트아미노펜)","필름코팅정",200804909,"업트라셋세미정",20080429,"(주)킴스제약","연한 황색의 장방형 필름코팅정제",01140,"해열.진통.소염제","전문의약품","[M040353]아세트아미노펜/[M255410]트라마돌염산염",20190522,"소아에서 생명에 치명적인 호흡 억제 및 사망 발생","","Tramadol Hydrochloride(트라마돌염산염)",20260219
"특정연령대금기","복합",D000773,"Tramadol Hydrochloride","트라마돌염산염","[D000147]Acetaminophen(아세트아미노펜)","필름코팅정",200804912,"페인리스세미정",20080429,"주식회사제뉴원사이언스","연한 황색의 장방형 필름코팅정제",01140,"해열.진통.소염제","전문의약품","[M222893]트라마돌염산염/[M040353]아세트아미노펜",20190522,"소아에서 생명에 치명적인 호흡 억제 및 사망 발생","","Tramadol Hydrochloride(트라마돌염산염)",20260219
"특정연령대금기","복합",D000773,"Tramadol Hydrochloride","트라마돌염산염","[D000147]Acetaminophen(아세트아미노펜)","필름코팅정",200804916,"듀라셋정",20080429,"영일제약(주)","연한 황색의 장방형 필름코팅정제",01140,"해열.진통.소염제","전문의약품","[M040353]아세트아미노펜/[M222893]트라마돌염산염",20190522,"소아에서 생명에 치명적인 호흡 억제 및 사망 발생","","Tramadol Hydrochloride(트라마돌염산염)",20260219
"특정연령대금기","복합",D000773,"Tramadol Hydrochloride","트라마돌염산염","[D000147]Acetaminophen(아세트아미노펜)","필름코팅정",200804917,"듀라셋세미정",20080429,"영일제약(주)","연한 황색의 장방형 필름코팅제",01140,"해열.진통.소염제","전문의약품","[M040353]아세트아미노펜/[M255410]트라마돌염산염",20190522,"소아에서 생명에 치명적인 호흡 억제 및 사망 발생","","Tramadol Hydrochloride(트라마돌염산염)",20260219
"특정연령대금기","복합",D000773,"Tramadol Hydrochloride","트라마돌염산염","[D000147]Acetaminophen(아세트아미노펜)","필름코팅정",200804918,"울트라스크세미정",20080429,"에스케이케미칼(주)","연한 황색의 장방형 필름코팅정제",01140,"해열.진통.소염제","전문의약품","[M040353]아세트아미노펜/[M222893]트라마돌염산염",20190522,"소아에서 생명에 치명적인 호흡 억제 및 사망 발생","","Tramadol Hydrochloride(트라마돌염산염)",20260219
"특정연령대금기","복합",D000773,"Tramadol Hydrochloride","트라마돌염산염","[D000147]Acetaminophen(아세트아미노펜)","필름코팅정",200804938,"트라펜세미정",20080430,"명문제약(주)","연한 황색의 장방형 필름코팅정제",01140,"해열.진통.소염제","전문의약품","[M222893]트라마돌염산염/[M040353]아세트아미노펜",20190522,"소아에서 생명에 치명적인 호흡 억제 및 사망 발생","","Tramadol Hydrochloride(트라마돌염산염)",20260219
"특정연령대금기","복합",D000773,"Tramadol Hydrochloride","트라마돌염산염","[D000147]Acetaminophen(아세트아미노펜)","필름코팅정",200804939,"스타리셋정(아세트아미노펜,트라마돌염산염)",20080430,"태극제약(주)","연한 황색의 장방형 필름코팅정제",01140,"해열.진통.소염제","전문의약품","[M040353]아세트아미노펜/[M222893]트라마돌염산염",20190522,"소아에서 생명에 치명적인 호흡 억제 및 사망 발생","","Tramadol Hydrochloride(트라마돌염산염)",20260219
"특정연령대금기","복합",D000773,"Tramadol Hydrochloride","트라마돌염산염","[D000147]Acetaminophen(아세트아미노펜)","필름코팅정",200804940,"업트라셋정",20080430,"(주)킴스제약","연한 황색의 장방형 필름코팅정제",01140,"해열.진통.소염제","전문의약품","[M040353]아세트아미노펜/[M255410]트라마돌염산염",20190522,"소아에서 생명에 치명적인 호흡 억제 및 사망 발생","","Tramadol Hydrochloride(트라마돌염산염)",20260219
"특정연령대금기","복합",D000773,"Tramadol Hydrochloride","트라마돌염산염","[D000147]Acetaminophen(아세트아미노펜)","필름코팅정",200804942,"무파인세미정",20080430,"대한뉴팜(주)","연한 황색의 장방형 필름코팅정제",01140,"해열.진통.소염제","전문의약품","[M040353]아세트아미노펜/[M255410]트라마돌염산염",20190522,"소아에서 생명에 치명적인 호흡 억제 및 사망 발생","","Tramadol Hydrochloride(트라마돌염산염)",20260219
"특정연령대금기","복합",D000773,"Tramadol Hydrochloride","트라마돌염산염","[D000147]Acetaminophen(아세트아미노펜)","필름코팅정",200804943,"스트롱셋정",20080430,"삼성제약(주)","연한 노란색의 장방형 필름코팅정제",01140,"해열.진통.소염제","전문의약품","[M040353]아세트아미노펜/[M222893]트라마돌염산염",20190522,"소아에서 생명에 치명적인 호흡 억제 및 사망 발생","","Tramadol Hydrochloride(트라마돌염산염)",20260219
"특정연령대금기","복합",D000773,"Tramadol Hydrochloride","트라마돌염산염","[D000147]Acetaminophen(아세트아미노펜)","필름코팅정",200804952,"마이티셋정(트라마돌염산염, 아세트아미노펜)",20080430,"에이치엘비제약(주)","연한 노란색의 장방형 필름코팅정제",01140,"해열.진통.소염제","전문의약품","[M040353]아세트아미노펜/[M222893]트라마돌염산염",20190522,"소아에서 생명에 치명적인 호흡 억제 및 사망 발생","","Tramadol Hydrochloride(트라마돌염산염)",20260219
"특정연령대금기","복합",D000773,"Tramadol Hydrochloride","트라마돌염산염","[D000147]Acetaminophen(아세트아미노펜)","필름코팅정",200804956,"트라셋펜정",20080430,"(주)일화","연한 황색의 장방형 필름코팅정제",01140,"해열.진통.소염제","전문의약품","[M040353]아세트아미노펜/[M255410]트라마돌염산염",20190522,"소아에서 생명에 치명적인 호흡 억제 및 사망 발생","","Tramadol Hydrochloride(트라마돌염산염)",20260219
"특정연령대금기","복합",D000773,"Tramadol Hydrochloride","트라마돌염산염","[D000147]Acetaminophen(아세트아미노펜)","필름코팅정",200804957,"울트라스크정",20080430,"에스케이케미칼(주)","연한 황색의 장방형 필름코팅정제",01140,"해열.진통.소염제","전문의약품","[M040353]아세트아미노펜/[M222893]트라마돌염산염",20190522,"소아에서 생명에 치명적인 호흡 억제 및 사망 발생","","Tramadol Hydrochloride(트라마돌염산염)",20260219
"특정연령대금기","복합",D000773,"Tramadol Hydrochloride","트라마돌염산염","[D000147]Acetaminophen(아세트아미노펜)","필름코팅정",200804958,"트라콤정(트라마돌염산염, 아세트아미노펜)",20080430,"이연제약(주)","연한 황색의 장방형 필름코팅정제",01140,"해열.진통.소염제","전문의약품","[M222893]트라마돌염산염/[M040353]아세트아미노펜",20190522,"소아에서 생명에 치명적인 호흡 억제 및 사망 발생","","Tramadol Hydrochloride(트라마돌염산염)",20260219
"특정연령대금기","단일",D000323,Mirtazapine,"미르타자핀","","필름코팅정",200804995,"미르탁스정15mg(미르타자핀)",20080430,"삼일제약(주)","한면에 분할선이 있는 황색의 장방형 필름코팅 정제",01170,"정신신경용제","전문의약품","[M088893]미르타자핀",20161230,"소아 및 청소년에서의 사용 승인되지 않음.소아(7~17세) 임상시험에서 7% 이상 체중이 증가된 환자 비율이 위약군보다 높음.","","Mirtazapine(미르타자핀)",20210131
"특정연령대금기","단일",D000903,"Levocetirizine Hydrochloride","레보세티리진염산염","","필름코팅정",200805037,"쎄렌잘정(레보세티리진염산염)",20080501,"삼일제약(주)","흰색 또는 연한 노란색의 타원형 필름코팅정제",01410,"항히스타민제","전문의약품","[M244596]레보세티리진염산염",20161230,"(정제) 6세 미만의 유아에게는 정제가 아닌 액제를 투여할 것","","Levocetirizine Hydrochloride(레보세티리진염산염)",20200711
"특정연령대금기","단일",D000903,"Levocetirizine Hydrochloride","레보세티리진염산염","","필름코팅정",200805063,"세노바엘정(레보세티리진염산염)",20080501,"일동제약(주)","백색 또는 미황색의 타원형 필름코팅정",01410,"항히스타민제","전문의약품","[M244596]레보세티리진염산염",20161230,"(정제) 6세 미만의 유아에게는 정제가 아닌 액제를 투여할 것","","Levocetirizine Hydrochloride(레보세티리진염산염)",20200711
"특정연령대금기","복합",D000773,"Tramadol Hydrochloride","트라마돌염산염","[D000147]Acetaminophen(아세트아미노펜)","필름코팅정",200805064,"트라세트정",20080501,"유니메드제약(주)","연한 황색의 장방형 필름코팅정제",01140,"해열.진통.소염제","전문의약품","[M222893]트라마돌염산염/[M040353]아세트아미노펜",20190522,"소아에서 생명에 치명적인 호흡 억제 및 사망 발생","","Tramadol Hydrochloride(트라마돌염산염)",20260219
"특정연령대금기","복합",D000773,"Tramadol Hydrochloride","트라마돌염산염","[D000147]Acetaminophen(아세트아미노펜)","필름코팅정",200805085,"제이트라정",20080502,"(주)비보존제약","연한 황색의 장방형 필름코팅정제",01140,"해열.진통.소염제","전문의약품","[M222893]트라마돌염산염/[M040353]아세트아미노펜",20190522,"소아에서 생명에 치명적인 호흡 억제 및 사망 발생","","Tramadol Hydrochloride(트라마돌염산염)",20260219
"특정연령대금기","단일",D000903,"Levocetirizine Hydrochloride","레보세티리진염산염","","필름코팅정",200805089,"맥씨정(레보세티리진염산염)",20080502,"맥널티제약(주)","흰색 또는 연한 노란색의 타원형 필름코팅정",01410,"항히스타민제","전문의약품","[M244596]레보세티리진염산염",20161230,"(정제) 6세 미만의 유아에게는 정제가 아닌 액제를 투여할 것","","Levocetirizine Hydrochloride(레보세티리진염산염)",20200711
"특정연령대금기","단일",D000903,"Levocetirizine Hydrochloride","레보세티리진염산염","","필름코팅정",200805122,"레티린정(레보세티리진염산염)",20080506,"에이치엘비제약(주)","흰색 또는 연한 노란색의 타원형 필름코팅정제",01410,"항히스타민제","전문의약품","[M244596]레보세티리진염산염",20161230,"(정제) 6세 미만의 유아에게는 정제가 아닌 액제를 투여할 것","","Levocetirizine Hydrochloride(레보세티리진염산염)",20200711
"특정연령대금기","단일",D000903,"Levocetirizine Hydrochloride","레보세티리진염산염","","필름코팅정",200805142,"엘트리진정(레보세티리진염산염)",20080506,"국제약품(주)","흰색 또는 미황색의 타원형 필름코팅정",01410,"항히스타민제","전문의약품","[M244596]레보세티리진염산염",20161230,"(정제) 6세 미만의 유아에게는 정제가 아닌 액제를 투여할 것","","Levocetirizine Hydrochloride(레보세티리진염산염)",20200711
"특정연령대금기","복합",D000773,"Tramadol Hydrochloride","트라마돌염산염","[D000147]Acetaminophen(아세트아미노펜)","필름코팅정",200805143,"레바셋세미정(트라마돌염산염,아세트아미노펜)",20080506,"(주)바스칸바이오제약","연한 노란색의 장방형 필름코팅정제",01140,"해열.진통.소염제","전문의약품","[M222893]트라마돌염산염/[M040353]아세트아미노펜",20190522,"소아에서 생명에 치명적인 호흡 억제 및 사망 발생","","Tramadol Hydrochloride(트라마돌염산염)",20260219
"특정연령대금기","복합",D000773,"Tramadol Hydrochloride","트라마돌염산염","[D000147]Acetaminophen(아세트아미노펜)","필름코팅정",200805144,"레바셋정(트라마돌염산염,아세트아미노펜)",20080506,"(주)바스칸바이오제약","연한 노란색의 장방형 필름코팅정제",01140,"해열.진통.소염제","전문의약품","[M040353]아세트아미노펜/[M222893]트라마돌염산염",20190522,"소아에서 생명에 치명적인 호흡 억제 및 사망 발생","","Tramadol Hydrochloride(트라마돌염산염)",20260219
"특정연령대금기","복합",D000773,"Tramadol Hydrochloride","트라마돌염산염","[D000147]Acetaminophen(아세트아미노펜)","필름코팅정",200805152,"위더셋정",20080506,"위더스제약(주)","연한 황색의 장방형 필름코팅정제",01140,"해열.진통.소염제","전문의약품","[M040353]아세트아미노펜/[M255410]트라마돌염산염/[M040353]아세트아미노펜/[M255410]트라마돌염산염",20190522,"소아에서 생명에 치명적인 호흡 억제 및 사망 발생","","Tramadol Hydrochloride(트라마돌염산염)",20260219
"특정연령대금기","단일",D000903,"Levocetirizine Hydrochloride","레보세티리진염산염","","필름코팅정",200805175,"레티진정(레보세티리진염산염)",20080507,"(주)동구바이오제약","흰색 또는 미황색의 타원형 필름코팅정",01410,"항히스타민제","전문의약품","[M244596]레보세티리진염산염",20161230,"(정제) 6세 미만의 유아에게는 정제가 아닌 액제를 투여할 것","","Levocetirizine Hydrochloride(레보세티리진염산염)",20200711
"특정연령대금기","복합",D000773,"Tramadol Hydrochloride","트라마돌염산염","[D000147]Acetaminophen(아세트아미노펜)","필름코팅정",200805214,"엘리펜세미정",20080507,"동국제약(주)","연한 황색의 장방형 필름코팅정제",01140,"해열.진통.소염제","전문의약품","[M040353]아세트아미노펜/[M222893]트라마돌염산염",20190522,"소아에서 생명에 치명적인 호흡 억제 및 사망 발생","","Tramadol Hydrochloride(트라마돌염산염)",20260219
"특정연령대금기","단일",D000903,"Levocetirizine Hydrochloride","레보세티리진염산염","","필름코팅정",200805263,"베아티린정(레보세티리진염산염)",20080508,"대웅바이오(주)","흰색 또는 미황색의 타원형 필름코팅정제",01410,"항히스타민제","전문의약품","[M244596]레보세티리진염산염",20161230,"(정제) 6세 미만의 유아에게는 정제가 아닌 액제를 투여할 것","","Levocetirizine Hydrochloride(레보세티리진염산염)",20200711
"특정연령대금기","단일",D000903,"Levocetirizine Hydrochloride","레보세티리진염산염","","필름코팅정",200805265,"네오세틴정(레보세티리진염산염)",20080508,"삼아제약(주)","흰색 또는 미황색의 타원형 필름코팅정",01410,"항히스타민제","전문의약품","[M244596]레보세티리진염산염",20161230,"(정제) 6세 미만의 유아에게는 정제가 아닌 액제를 투여할 것","","Levocetirizine Hydrochloride(레보세티리진염산염)",20200711
"특정연령대금기","단일",D000903,"Levocetirizine Hydrochloride","레보세티리진염산염","","필름코팅정",200805288,"알러탑정(레보세티리진염산염)",20080508,"고려제약(주)","흰색 또는 연한 노란색의 타원형 필름코팅정",01410,"항히스타민제","전문의약품","[M244596]레보세티리진염산염",20161230,"(정제) 6세 미만의 유아에게는 정제가 아닌 액제를 투여할 것","","Levocetirizine Hydrochloride(레보세티리진염산염)",20200711
"특정연령대금기","단일",D000903,"Levocetirizine Hydrochloride","레보세티리진염산염","","필름코팅정",200805290,"레티신정(레보세티리진염산염)",20080508,"동성제약(주)","흰색 또는 미황색의 타원형 필름코팅정제",01410,"항히스타민제","전문의약품","[M244596]레보세티리진염산염",20161230,"(정제) 6세 미만의 유아에게는 정제가 아닌 액제를 투여할 것","","Levocetirizine Hydrochloride(레보세티리진염산염)",20200711
"특정연령대금기","단일",D000903,"Levocetirizine Hydrochloride","레보세티리진염산염","","필름코팅정",200805408,"코알비정(레보세티리진염산염)",20080508,"아주약품(주)","흰색 또는 연한 노란색의 타원형 필름코팅정",01410,"항히스타민제","전문의약품","[M244596]레보세티리진염산염/[M244596]레보세티리진염산염",20161230,"(정제) 6세 미만의 유아에게는 정제가 아닌 액제를 투여할 것","","Levocetirizine Hydrochloride(레보세티리진염산염)",20200711
"특정연령대금기","단일",D000903,"Levocetirizine Hydrochloride","레보세티리진염산염","","필름코팅정",200805421,"레보코트정5밀리그램(레보세티리진염산염)",20080513,"코오롱제약(주)","흰색 또는 미황색의 타원형 필름코팅정제",01410,"항히스타민제","전문의약품","[M244596]레보세티리진염산염",20161230,"(정제) 6세 미만의 유아에게는 정제가 아닌 액제를 투여할 것","","Levocetirizine Hydrochloride(레보세티리진염산염)",20200711
"특정연령대금기","단일",D000903,"Levocetirizine Hydrochloride","레보세티리진염산염","","필름코팅정",200805653,"케트라진정(레보세티리진염산염)",20080521,"케이엠에스제약(주)","흰색 또는 미황색의 타원형 필름코팅정제",01410,"항히스타민제","전문의약품","[M244596]레보세티리진염산염/[M244596]레보세티리진염산염",20161230,"(정제) 6세 미만의 유아에게는 정제가 아닌 액제를 투여할 것","","Levocetirizine Hydrochloride(레보세티리진염산염)",20200711
"특정연령대금기","단일",D000903,"Levocetirizine Hydrochloride","레보세티리진염산염","","필름코팅정",200805676,"알레린정(레보세티리진염산염)",20080521,"주식회사제뉴원사이언스","흰색 또는 미황색의 타원형 필름코팅정",01410,"항히스타민제","전문의약품","[M244596]레보세티리진염산염",20161230,"(정제) 6세 미만의 유아에게는 정제가 아닌 액제를 투여할 것","","Levocetirizine Hydrochloride(레보세티리진염산염)",20210430
"특정연령대금기","단일",D000903,"Levocetirizine Hydrochloride","레보세티리진염산염","","필름코팅정",200805680,"레세티잘정(레보세티리진염산염)",20080521,"(주)종근당","흰색 또는 미황색의 타원형 필름코팅정제",01410,"항히스타민제","전문의약품","[M244596]레보세티리진염산염",20161230,"(정제) 6세 미만의 유아에게는 정제가 아닌 액제를 투여할 것","","Levocetirizine Hydrochloride(레보세티리진염산염)",20200711
"특정연령대금기","단일",D000903,"Levocetirizine Hydrochloride","레보세티리진염산염","","필름코팅정",200806072,"알씨텍정5mg(레보세티리진염산염)",20080602,"오스틴제약(주)","흰색 또는 미황색의 타원형 필름코팅정제",01410,"항히스타민제","전문의약품","[M244596]레보세티리진염산염",20161230,"(정제) 6세 미만의 유아에게는 정제가 아닌 액제를 투여할 것","","Levocetirizine Hydrochloride(레보세티리진염산염)",20200711
"특정연령대금기","단일",D000903,"Levocetirizine Hydrochloride","레보세티리진염산염","","필름코팅정",200807051,"네오리진정(레보세티리진염산염)(수출용)",20080625,"(주)하원제약","흰색 또는 연한 노란색의 타원형 필름코팅정제",01410,"항히스타민제","전문의약품","[M244596]레보세티리진염산염",20161230,"(정제) 6세 미만의 유아에게는 정제가 아닌 액제를 투여할 것","","Levocetirizine Hydrochloride(레보세티리진염산염)",20210128
"특정연령대금기","단일",D000903,"Levocetirizine Hydrochloride","레보세티리진염산염","","필름코팅정",200807943,"알레세틴정5밀리그램(레보세티리진염산염)",20080721,"태극제약(주)","흰색 또는 연한 노란색의 타원형 필름코팅정제",01410,"항히스타민제","전문의약품","[M244596]레보세티리진염산염",20161230,"(정제) 6세 미만의 유아에게는 정제가 아닌 액제를 투여할 것","","Levocetirizine Hydrochloride(레보세티리진염산염)",20210323
"특정연령대금기","단일",D000903,"Levocetirizine Hydrochloride","레보세티리진염산염","","필름코팅정",200807949,"코세틴정(레보세티리진염산염)",20080721,"삼익제약(주)","흰색 또는 미황색의 타원형 필름코팅정",01410,"항히스타민제","전문의약품","[M244596]레보세티리진염산염",20161230,"(정제) 6세 미만의 유아에게는 정제가 아닌 액제를 투여할 것","","Levocetirizine Hydrochloride(레보세티리진염산염)",20200711
"특정연령대금기","단일",D000903,"Levocetirizine Hydrochloride","레보세티리진염산염","","필름코팅정",200807962,"카이잘정(레보세티리진염산염)",20080721,"대우제약(주)","흰색 또는 연한 노란색의 타원형 필름코팅정제",01410,"항히스타민제","전문의약품","[M244596]레보세티리진염산염",20161230,"(정제) 6세 미만의 유아에게는 정제가 아닌 액제를 투여할 것","","Levocetirizine Hydrochloride(레보세티리진염산염)",20201214
"특정연령대금기","단일",D000903,"Levocetirizine Hydrochloride","레보세티리진염산염","","필름코팅정",200807963,"세티잘정(레보세티리진염산염)",20080722,"제일약품(주)","흰색 또는 미황색의 타원형 필름코팅정제",01410,"항히스타민제","전문의약품","[M244596]레보세티리진염산염",20161230,"(정제) 6세 미만의 유아에게는 정제가 아닌 액제를 투여할 것","","Levocetirizine Hydrochloride(레보세티리진염산염)",20200711
"특정연령대금기","단일",D000903,"Levocetirizine Hydrochloride","레보세티리진염산염","","필름코팅정",200807986,"레보네스정(레보세티리진염산염)",20080722,"(주)제뉴파마","흰색 또는 미황색의 타원형 필름코팅정",01410,"항히스타민제","전문의약품","[M244596]레보세티리진염산염",20161230,"(정제) 6세 미만의 유아에게는 정제가 아닌 액제를 투여할 것","","Levocetirizine Hydrochloride(레보세티리진염산염)",20200711
"특정연령대금기","단일",D000903,"Levocetirizine Hydrochloride","레보세티리진염산염","","필름코팅정",200807989,"레티라진정(레보세티리진염산염)",20080722,"위더스제약(주)","흰색 또는 미황색의 타원형 필름코팅정제",01410,"항히스타민제","전문의약품","[M244596]레보세티리진염산염",20161230,"(정제) 6세 미만의 유아에게는 정제가 아닌 액제를 투여할 것","","Levocetirizine Hydrochloride(레보세티리진염산염)",20200711
"특정연령대금기","단일",D000903,"Levocetirizine Hydrochloride","레보세티리진염산염","","필름코팅정",200808150,"엘티리진정5밀리그램(레보세티리진염산염)",20080725,"한미약품(주)","흰색 또는 연한 노란색의 타원형 필름 코팅정제",01410,"항히스타민제","전문의약품","[M244596]레보세티리진염산염",20161230,"(정제) 6세 미만의 유아에게는 정제가 아닌 액제를 투여할 것","","Levocetirizine Hydrochloride(레보세티리진염산염)",20200711
"특정연령대금기","단일",D000323,Mirtazapine,"미르타자핀","","필름코팅정",200808414,"레메론정30밀리그램(미르타자핀)",20080806,"한국오가논(주)","적갈색의 필름코팅 타원형 정제",01170,"정신신경용제","전문의약품","[M088893]미르타자핀",20161230,"소아 및 청소년에서의 사용 승인되지 않음.소아(7~17세) 임상시험에서 7% 이상 체중이 증가된 환자 비율이 위약군보다 높음.","","Mirtazapine(미르타자핀)",20210304
"특정연령대금기","단일",D000903,"Levocetirizine Hydrochloride","레보세티리진염산염","","필름코팅정",200808828,"씨펜정(레보세티리진염산염)",20080820,"한국프라임제약(주)","흰색 또는 연한 노랑색의 타원형 필름코팅정제",01410,"항히스타민제","전문의약품","[M244596]레보세티리진염산염",20161230,"(정제) 6세 미만의 유아에게는 정제가 아닌 액제를 투여할 것","","Levocetirizine Hydrochloride(레보세티리진염산염)",20200711
"특정연령대금기","단일",D000903,"Levocetirizine Hydrochloride","레보세티리진염산염","","필름코팅정",200808915,"쎄잘정5밀리그램(레보세티리진염산염)(수출용)",20080822,"한국유나이티드제약(주)","흰색 또는 연한 노랑색의 달갈형 필름코팅정제",01410,"항히스타민제","전문의약품","[M244596]레보세티리진염산염",20161230,"(정제) 6세 미만의 유아에게는 정제가 아닌 액제를 투여할 것","","Levocetirizine Hydrochloride(레보세티리진염산염)",20200711
"특정연령대금기","단일",D001058,Nifuroxazide,"니푸록사지드","","경질캡슐제, 산제",200809148,"알파니푸록사지드캡슐(수출용)",20080829,"알파제약(주)","황색 분말이 충진된 상하부 황색의 경질캡슐제",02390,"기타의 소화기관용약","일반의약품","[M200244]니푸록사지드",20171106,"Nitrofuran계 항생제는 글루타티온 환원효소 억제로 인한 용혈성 빈혈 위험이 있음","","Nifuroxazide(니푸록사지드)",20230506
"특정연령대금기","단일",D000903,"Levocetirizine Hydrochloride","레보세티리진염산염","","필름코팅정",200809465,"레보틸정(레보세티리진염산염)",20080912,"명문제약(주)","흰색 또는 미황색의 타원형 필름코팅정제",01410,"항히스타민제","전문의약품","[M244596]레보세티리진염산염/[M244596]레보세티리진염산염",20161230,"(정제) 6세 미만의 유아에게는 정제가 아닌 액제를 투여할 것","","Levocetirizine Hydrochloride(레보세티리진염산염)",20200711
"특정연령대금기","단일",D000903,"Levocetirizine Hydrochloride","레보세티리진염산염","","필름코팅정",200809649,"레보세티정(레보세티리진염산염)",20080918,"영풍제약(주)","흰색 또는 미황색의 타원형 필름코팅정제",01410,"항히스타민제","전문의약품","[M244596]레보세티리진염산염",20161230,"(정제) 6세 미만의 유아에게는 정제가 아닌 액제를 투여할 것","","Levocetirizine Hydrochloride(레보세티리진염산염)",20200711
"특정연령대금기","단일",D000323,Mirtazapine,"미르타자핀","","구강붕해정",200901546,"미르탁스오디티정15밀리그램(미르타자핀)",20090227,"삼일제약(주)","고유의 향이 있는 양면의 편평한 흰색 원형 속붕해성 정제",01170,"정신신경용제","전문의약품","[M088893]미르타자핀",20161230,"소아 및 청소년에서의 사용 승인되지 않음.소아(7~17세) 임상시험에서 7% 이상 체중이 증가된 환자 비율이 위약군보다 높음.","","Mirtazapine(미르타자핀)",20210131
"특정연령대금기","단일",D000903,"Levocetirizine Hydrochloride","레보세티리진염산염","","필름코팅정",200906585,"레보세린정(레보세티리진염산염)",20090827,"영진약품(주)","흰색 또는 미황색의 타원형 필름코팅정제",01410,"항히스타민제","전문의약품","[M244596]레보세티리진염산염",20161230,"(정제) 6세 미만의 유아에게는 정제가 아닌 액제를 투여할 것","","Levocetirizine Hydrochloride(레보세티리진염산염)",20200711
"특정연령대금기","단일",D000631,Mesalazine,"메살라진","","서방성장용필름코팅정",201001891,"메자반트엑스엘장용정1200밀리그램(메살라진)",20100305,"한국다케다제약(주)","적갈색 타원형의 서방형 장용필름코팅정제",02390,"기타의 소화기관용약","전문의약품","[M083890]메살라진",20171106,"","","Mesalazine(메살라진)",20210617
"특정연령대금기","단일",D000309,Piroxicam,"피록시캄","","용액주사제",201100130,"일라탐주(피록시캄)(수출용)",20110111,"명인제약(주)","무색-미황색의 용액을 함유한 갈색 앰플제임",01140,"해열.진통.소염제","전문의약품","[M071634]피록시캄",20181102,"중증의 위장관계 이상반응을 일으킬 위험은 연령에 따라 증가함. 고령자는 중대한 위장관계 이상반응의 위험이 더 클 수 있음.","","Piroxicam(피록시캄)",20191028
"특정연령대금기","단일",D000323,Mirtazapine,"미르타자핀","","필름코팅정",201205950,"멀타핀정15밀리그램(미르타자핀)",20120627,"현대약품(주)","미황색의 타원형 필름코팅정",01170,"정신신경용제","전문의약품","[M088893]미르타자핀",20161230,"소아 및 청소년에서의 사용 승인되지 않음.소아(7~17세) 임상시험에서 7% 이상 체중이 증가된 환자 비율이 위약군보다 높음.","","Mirtazapine(미르타자핀)",20200108
"특정연령대금기","단일",D000323,Mirtazapine,"미르타자핀","","필름코팅정",201205951,"멀타핀정30밀리그램(미르타자핀)",20120627,"현대약품(주)","적갈색의 타원형 필름코팅정",01170,"정신신경용제","전문의약품","[M088893]미르타자핀",20161230,"소아 및 청소년에서의 사용 승인되지 않음.소아(7~17세) 임상시험에서 7% 이상 체중이 증가된 환자 비율이 위약군보다 높음.","","Mirtazapine(미르타자핀)",20200108
"특정연령대금기","단일",D000323,Mirtazapine,"미르타자핀","","필름코팅정",201205974,"멀타핀정7.5밀리그램(미르타자핀)",20120629,"현대약품(주)","청색의 타원형 필름코팅정",01170,"정신신경용제","전문의약품","[M088893]미르타자핀",20161230,"소아 및 청소년에서의 사용 승인되지 않음.소아(7~17세) 임상시험에서 7% 이상 체중이 증가된 환자 비율이 위약군보다 높음.","","Mirtazapine(미르타자핀)",20200108
"특정연령대금기","단일",D000903,"Levocetirizine Hydrochloride","레보세티리진염산염","","필름코팅정",201300152,"레보세탄정(레보세티리진염산염)",20130108,"(주)테라젠이텍스","흰색 또는 미황색의 타원형 필름코팅정제",01410,"항히스타민제","전문의약품","[M244596]레보세티리진염산염",20161230,"(정제) 6세 미만의 유아에게는 정제가 아닌 액제를 투여할 것","","Levocetirizine Hydrochloride(레보세티리진염산염)",20200711
"특정연령대금기","단일",D000903,"Levocetirizine Hydrochloride","레보세티리진염산염","","필름코팅정",201303236,"알레세트정(레보세티리진염산염)(수출용)",20130201,"이연제약(주)","흰색 또는 연한 노란색의 타원형 필름코팅정제",01410,"항히스타민제","전문의약품","[M244596]레보세티리진염산염",20161230,"(정제) 6세 미만의 유아에게는 정제가 아닌 액제를 투여할 것","","Levocetirizine Hydrochloride(레보세티리진염산염)",20200711
"특정연령대금기","단일",D000903,"Levocetirizine Hydrochloride","레보세티리진염산염","","필름코팅정",201306549,"레티정(레보세티리진염산염)",20130401,"(주)일화","흰색 또는 미백색의 원형 필름코팅정제",01410,"항히스타민제","전문의약품","[M244596]레보세티리진염산염",20161230,"(정제) 6세 미만의 유아에게는 정제가 아닌 액제를 투여할 것","","Levocetirizine Hydrochloride(레보세티리진염산염)",20200711
"특정연령대금기","단일",D000903,"Levocetirizine Hydrochloride","레보세티리진염산염","","필름코팅정",201308400,"레보세트린정(레보세티리진염산염)",20130726,"한국휴텍스제약(주)","흰색 또는 미황색의 타원형 필름코팅정",01410,"항히스타민제","전문의약품","[M244596]레보세티리진염산염",20161230,"(정제) 6세 미만의 유아에게는 정제가 아닌 액제를 투여할 것","","Levocetirizine Hydrochloride(레보세티리진염산염)",20200711
"특정연령대금기","단일",D000309,Piroxicam,"피록시캄","","용액주사제",201309565,"비씨피록시캄주사(수출용)",20131004,"(주)비씨월드제약","담황색 액체가 든 갈색앰플 주사제",01140,"해열.진통.소염제","전문의약품","[M071634]피록시캄/[M071634]피록시캄",20181102,"중증의 위장관계 이상반응을 일으킬 위험은 연령에 따라 증가함. 고령자는 중대한 위장관계 이상반응의 위험이 더 클 수 있음.","","Piroxicam(피록시캄)",20191029
"특정연령대금기","단일",D000903,"Levocetirizine Hydrochloride","레보세티리진염산염","","필름코팅정",201309743,"케트라정(레보세티리진염산염)",20131016,"하나제약(주)","흰색 또는 미황색의 타원형 필름코팅정",01410,"항히스타민제","전문의약품","[M244596]레보세티리진염산염",20161230,"(정제) 6세 미만의 유아에게는 정제가 아닌 액제를 투여할 것","","Levocetirizine Hydrochloride(레보세티리진염산염)",20200711
"특정연령대금기","단일",D000323,Mirtazapine,"미르타자핀","","필름코팅정",201400120,"밀타정15밀리그램(미르타자핀)",20140113,"명인제약(주)","노란색의 타원형 필름코팅정",01170,"정신신경용제","전문의약품","[M088893]미르타자핀",20161230,"소아 및 청소년에서의 사용 승인되지 않음.소아(7~17세) 임상시험에서 7% 이상 체중이 증가된 환자 비율이 위약군보다 높음.","","Mirtazapine(미르타자핀)",20210506
"특정연령대금기","단일",D001010,"Desvenlafaxine Succinate Monohydrate","데스벤라팍신숙신산염일수화물","","서방성필름코팅정",201400537,"프리스틱서방정50밀리그램(데스벤라팍신숙신산염일수화물)",20140206,"한국화이자제약(주)","엷은 분홍색의 한면이 피라미드형인 정사각형 서방성 필름코팅정",01170,"정신신경용제","전문의약품","[M258837]데스벤라팍신숙신산염일수화물",20161230,"소아 및 청소년에서의 사용 승인되지 않음.","","Desvenlafaxine Succinate Monohydrate(데스벤라팍신숙신산염일수화물)",20220907
"특정연령대금기","단일",D001010,"Desvenlafaxine Succinate Monohydrate","데스벤라팍신숙신산염일수화물","","서방성필름코팅정",201400538,"프리스틱서방정100밀리그램(데스벤라팍신숙신산염일수화물)",20140206,"한국화이자제약(주)","주홍색의 한면이 피라미드형인 정사각형 서방성 필름코팅정",01170,"정신신경용제","전문의약품","[M258837]데스벤라팍신숙신산염일수화물",20161230,"소아 및 청소년에서의 사용 승인되지 않음.","","Desvenlafaxine Succinate Monohydrate(데스벤라팍신숙신산염일수화물)",20220907
"특정연령대금기","단일",D000903,"Levocetirizine Hydrochloride","레보세티리진염산염","","필름코팅정",201401456,"알레넥스정(레보세티리진염산염)",20140328,"(주)바이넥스","흰색 또는 미황색의 타원형 필름코팅정",01410,"항히스타민제","전문의약품","[M244596]레보세티리진염산염",20161230,"(정제) 6세 미만의 유아에게는 정제가 아닌 액제를 투여할 것","","Levocetirizine Hydrochloride(레보세티리진염산염)",20200711
"특정연령대금기","단일",D000903,"Levocetirizine Hydrochloride","레보세티리진염산염","","필름코팅정",201401997,"레보코나진정(레보세티리진염산염)",20140424,"알리코제약(주)","흰색 또는 미황색의 타원형 필름코팅정",01410,"항히스타민제","전문의약품","[M244596]레보세티리진염산염",20161230,"(정제) 6세 미만의 유아에게는 정제가 아닌 액제를 투여할 것","","Levocetirizine Hydrochloride(레보세티리진염산염)",20200711
"특정연령대금기","단일",D000903,"Levocetirizine Hydrochloride","레보세티리진염산염","","필름코팅정",201402901,"알레난정(레보세티리진염산염)",20140630,"(주)화이트생명과학","흰색 또는 미황색의 타원형 필름코팅정",01410,"항히스타민제","전문의약품","[M244596]레보세티리진염산염",20161230,"(정제) 6세 미만의 유아에게는 정제가 아닌 액제를 투여할 것","","Levocetirizine Hydrochloride(레보세티리진염산염)",20200711
"특정연령대금기","단일",D001011,"Vortioxetine Hydrobromide","보티옥세틴브롬화수소산염","","필름코팅정",201403835,"브린텔릭스정5밀리그램(보티옥세틴브롬화수소산염)",20140819,"한국룬드벡(주)","한쪽 면에 “TL” 다른쪽 면에 “5”가 새겨진 분홍색의 달걀형 필름코팅정",01170,"정신신경용제","전문의약품","[M260128]보티옥세틴브롬화수소산염",20161230,"소아에 대한 안전성 및 유효성이 확립되지 않았으므로, 소아에게 이 약을 투여하는 것은 권장되지 않음.","","Vortioxetine Hydrobromide(보티옥세틴브롬화수소산염)",20251017
"특정연령대금기","단일",D001011,"Vortioxetine Hydrobromide","보티옥세틴브롬화수소산염","","필름코팅정",201403836,"브린텔릭스정10밀리그램(보티옥세틴브롬화수소산염)",20140819,"한국룬드벡(주)","한쪽 면에 “TL” 다른쪽 면에 “10”가 새겨진 노란색의 달걀형 필름코팅정",01170,"정신신경용제","전문의약품","[M260128]보티옥세틴브롬화수소산염",20161230,"소아에 대한 안전성 및 유효성이 확립되지 않았으므로, 소아에게 이 약을 투여하는 것은 권장되지 않음.","","Vortioxetine Hydrobromide(보티옥세틴브롬화수소산염)",20251017
"특정연령대금기","단일",D001011,"Vortioxetine Hydrobromide","보티옥세틴브롬화수소산염","","필름코팅정",201403837,"브린텔릭스정20밀리그램(보티옥세틴브롬화수소산염)",20140819,"한국룬드벡(주)","한쪽 면에 “TL” 다른쪽 면에 “20”가 새겨진 빨간색의 달걀형 필름코팅정",01170,"정신신경용제","전문의약품","[M260128]보티옥세틴브롬화수소산염",20161230,"소아에 대한 안전성 및 유효성이 확립되지 않았으므로, 소아에게 이 약을 투여하는 것은 권장되지 않음.","","Vortioxetine Hydrobromide(보티옥세틴브롬화수소산염)",20251017
"특정연령대금기","단일",D000903,"Levocetirizine Hydrochloride","레보세티리진염산염","","필름코팅정",201403886,"알티리진정(레보세티리진염산염)",20140820,"(주)휴비스트제약","흰색 또는 미황색의 타원형 필름코팅정",01410,"항히스타민제","전문의약품","[M244596]레보세티리진염산염",20161230,"(정제) 6세 미만의 유아에게는 정제가 아닌 액제를 투여할 것","","Levocetirizine Hydrochloride(레보세티리진염산염)",20200711
"특정연령대금기","단일",D000323,Mirtazapine,"미르타자핀","","필름코팅정",201404690,"밀타정30밀리그램(미르타자핀)",20141013,"명인제약(주)","적갈색의 타원형 필름코팅정",01170,"정신신경용제","전문의약품","[M088893]미르타자핀",20161230,"소아 및 청소년에서의 사용 승인되지 않음.소아(7~17세) 임상시험에서 7% 이상 체중이 증가된 환자 비율이 위약군보다 높음.","","Mirtazapine(미르타자핀)",20191125
"특정연령대금기","단일",D000903,"Levocetirizine Hydrochloride","레보세티리진염산염","","필름코팅정",201405423,"네티진정(레보세티리진염산염)",20141120,"(주)킵스바이오파마","흰색 또는 미황색의 타원형 필름코팅정",01410,"항히스타민제","전문의약품","[M244596]레보세티리진염산염",20161230,"(정제) 6세 미만의 유아에게는 정제가 아닌 액제를 투여할 것","","Levocetirizine Hydrochloride(레보세티리진염산염)",20200711
"특정연령대금기","단일",D000903,"Levocetirizine Hydrochloride","레보세티리진염산염","","필름코팅정",201405631,"레보티진정(레보세티리진염산염)",20141128,"대한뉴팜(주)","흰색 또는 미황색의 타원형 필름코팅정제",01410,"항히스타민제","전문의약품","[M244596]레보세티리진염산염",20161230,"(정제) 6세 미만의 유아에게는 정제가 아닌 액제를 투여할 것","","Levocetirizine Hydrochloride(레보세티리진염산염)",20200711
"특정연령대금기","단일",D000323,Mirtazapine,"미르타자핀","","구강붕해정",201405633,"밀타오디정30밀리그램(미르타자핀)",20141128,"명인제약(주)","흰색의 원형 구강붕해 정제",01170,"정신신경용제","전문의약품","[M088893]미르타자핀",20161230,"소아 및 청소년에서의 사용 승인되지 않음.소아(7~17세) 임상시험에서 7% 이상 체중이 증가된 환자 비율이 위약군보다 높음.","","Mirtazapine(미르타자핀)",20191118
"특정연령대금기","단일",D000323,Mirtazapine,"미르타자핀","","구강붕해정",201405634,"밀타오디정15밀리그램(미르타자핀)",20141128,"명인제약(주)","흰색의 원형 구강붕해 정제",01170,"정신신경용제","전문의약품","[M088893]미르타자핀",20161230,"소아 및 청소년에서의 사용 승인되지 않음.소아(7~17세) 임상시험에서 7% 이상 체중이 증가된 환자 비율이 위약군보다 높음.","","Mirtazapine(미르타자핀)",20191118
"특정연령대금기","단일",D000903,"Levocetirizine Hydrochloride","레보세티리진염산염","","필름코팅정",201406135,"알러세틴정(레보세티리진염산염)",20141230,"구주제약(주)","흰색 또는 미황색의 타원형 필름코팅정",01410,"항히스타민제","전문의약품","[M244596]레보세티리진염산염",20161230,"(정제) 6세 미만의 유아에게는 정제가 아닌 액제를 투여할 것","","Levocetirizine Hydrochloride(레보세티리진염산염)",20200711
"특정연령대금기","단일",D000903,"Levocetirizine Hydrochloride","레보세티리진염산염","","필름코팅정",201500181,"렙세틴정(레보세티리진염산염)",20150114,"(주)마더스제약","흰색 또는 미황색의 타원형 필름코팅정",01410,"항히스타민제","전문의약품","[M244596]레보세티리진염산염",20161230,"(정제) 6세 미만의 유아에게는 정제가 아닌 액제를 투여할 것","","Levocetirizine Hydrochloride(레보세티리진염산염)",20200711
"특정연령대금기","단일",D001059,"Zabofloxacin D-Aspartate Hydrate","자보플록사신D-아스파르트산염수화물","","필름코팅정",201501455,"자보란테정(자보플록사신D-아스파르트산염수화물)",20150320,"동화약품(주)","파란색의 타원형 필름코팅정",06290,"기타의 화학요법제","전문의약품","[M261970]자보플록사신D-아스파르트산염수화물",20171106,"안전성 및 유효성 미확립퀴놀론계 항균제는 몇몇 어린 동물종에서 관절병증, 뼈연골증을 유발함","","Zabofloxacin D-Aspartate Hydrate(자보플록사신D-아스파르트산염수화물)",20220327
"특정연령대금기","단일",D000903,"Levocetirizine Hydrochloride","레보세티리진염산염","","필름코팅정",201502730,"알레자이정(레보세티리진염산염)",20150501,"(주)다산제약","흰색 또는 미황색의 타원형 필름코팅정",01410,"항히스타민제","전문의약품","[M244596]레보세티리진염산염",20161230,"(정제) 6세 미만의 유아에게는 정제가 아닌 액제를 투여할 것","","Levocetirizine Hydrochloride(레보세티리진염산염)",20200711
"특정연령대금기","단일",D000903,"Levocetirizine Hydrochloride","레보세티리진염산염","","필름코팅정",201502926,"휴니즈레보세티리진염산염정",20150514,"(주)휴온스메디텍","흰색 또는 미황색의 타원형 필름코팅정제",01410,"항히스타민제","전문의약품","[M244596]레보세티리진염산염",20161230,"(정제) 6세 미만의 유아에게는 정제가 아닌 액제를 투여할 것","","Levocetirizine Hydrochloride(레보세티리진염산염)",20200711
"특정연령대금기","단일",D000890,"Duloxetine Hydrochloride Granules","둘록세틴염산염과립","","장용성캡슐제, 펠렛",201503029,"듀로센캡슐60밀리그램(둘록세틴염산염)",20150520,"유니메드제약(주)","흰색 내지 연한 갈색의 장용성 구형 과립이 든 상부 보라색, 하부 노란연두색의 경질캡슐제",01170,"정신신경용제","전문의약품","[M258601]둘록세틴염산염과립",20161230,"소아 및 18세 미만의 청소년의 주요우울장애의 치료에는 사용해서는 안 됨.만 7세에서 17세까지의 주요우울장애 환자에서 플루옥세틴 군보다 이상사례(주로 오심)로 인한 중단 및 자살행동 높음.","다만, '주요 우울장애의 치료'에 한함","Duloxetine Hydrochloride Granules(둘록세틴염산염과립)",20200527
"특정연령대금기","단일",D000903,"Levocetirizine Hydrochloride","레보세티리진염산염","","필름코팅정",201503771,"레세티정(레보세티리진염산염)",20150610,"(주)셀릭스","흰색 또는 연한 노란색의 타원형 필름코팅정제",01410,"항히스타민제","전문의약품","[M244596]레보세티리진염산염",20161230,"(정제) 6세 미만의 유아에게는 정제가 아닌 액제를 투여할 것","","Levocetirizine Hydrochloride(레보세티리진염산염)",20200711
"특정연령대금기","단일",D000903,"Levocetirizine Hydrochloride","레보세티리진염산염","","경구용액제",201504834,"레보세트린액(레보세티리진염산염)",20150714,"한국휴텍스제약(주)","갈색 유리병 혹은 플라스틱병에 든 무색 투명한 용액",01410,"항히스타민제","전문의약품","[M244596]레보세티리진염산염",20161230,"(액제) 1세 미만의 영아에 대한 사용 경험이 적어 투여하지 않음.1세 이상 6세 미만의 소아에 대한 임상시험 결과, 가장 흔하게 나타난 이상반응은 발열, 설사, 구토, 중이염이었음.","","Levocetirizine Hydrochloride(레보세티리진염산염)",20200711
"특정연령대금기","복합",D001005,"Olodaterol Hydrochloride","올로다테롤염산염","[D001006]Tiotropium(티오트로피움)","정량흡입제, 용액제",201506154,"바헬바레스피맷",20150831,"한국베링거인겔하임(주)","4.5mL 카트리지가 들어 있는 알루미늄 실린더에 든 무색 투명한 액제 (밝은 녹색 마개가 달린 레스피맷 흡입기가 첨부될 수 있다)",02290,"기타의 호흡기관용약","전문의약품","[M260630]티오트로퓸브롬화물수화물/[M262661]올로다테롤염산염",20171106,"안전성 및 유효성 미확립","","Olodaterol Hydrochloride(올로다테롤염산염)",20220930
"특정연령대금기","단일",D000890,"Duloxetine Hydrochloride Granules","둘록세틴염산염과립","","장용성캡슐제, 펠렛",201505607,"듀로센캡슐30밀리그램(둘록세틴염산염)",20150812,"유니메드제약(주)","흰색내지 연한갈색의 장용성 구형과립이 든 상부 보라색,하부 흰색의 경질캡슐제",01170,"정신신경용제","전문의약품","[M258601]둘록세틴염산염과립",20161230,"소아 및 18세 미만의 청소년의 주요우울장애의 치료에는 사용해서는 안 됨.만 7세에서 17세까지의 주요우울장애 환자에서 플루옥세틴 군보다 이상사례(주로 오심)로 인한 중단 및 자살행동 높음.","다만, '주요 우울장애의 치료'에 한함","Duloxetine Hydrochloride Granules(둘록세틴염산염과립)",20200411
"특정연령대금기","단일",D000323,Mirtazapine,"미르타자핀","","구강붕해정",201601663,"밀타오디정7.5밀리그램(미르타자핀)",20160321,"명인제약(주)","흰색의 원형 구강붕해 정제",01170,"정신신경용제","전문의약품","[M088893]미르타자핀",20161230,"소아 및 청소년에서의 사용 승인되지 않음.소아(7~17세) 임상시험에서 7% 이상 체중이 증가된 환자 비율이 위약군보다 높음.","","Mirtazapine(미르타자핀)",20170802
"특정연령대금기","단일",D000903,"Levocetirizine Hydrochloride","레보세티리진염산염","","필름코팅정",201602239,"레보세진정5밀리그램(레보세티리진염산염)",20160422,"진양제약(주)","흰색 또는 연한 노란색의 타원형 필름코팅정제",01410,"항히스타민제","전문의약품","[M244596]레보세티리진염산염",20161230,"(정제) 6세 미만의 유아에게는 정제가 아닌 액제를 투여할 것","","Levocetirizine Hydrochloride(레보세티리진염산염)",20200711
"특정연령대금기","단일",D000903,"Levocetirizine Hydrochloride","레보세티리진염산염","","필름코팅정",201602577,"엘레틴정(레보세티리진염산염)(수출용)",20160510,"안국약품(주)","흰색 또는 미황색의 타원형 필름코팅정",01410,"항히스타민제","전문의약품","[M244596]레보세티리진염산염",20161230,"(정제) 6세 미만의 유아에게는 정제가 아닌 액제를 투여할 것","","Levocetirizine Hydrochloride(레보세티리진염산염)",20200711
"특정연령대금기","단일",D000903,"Levocetirizine Hydrochloride","레보세티리진염산염","","필름코팅정",201602578,"센레보정(레보세티리진염산염)",20160510,"일성아이에스(주)","흰색 또는 미황색의 타원형 필름코팅정",01410,"항히스타민제","전문의약품","[M244596]레보세티리진염산염",20161230,"(정제) 6세 미만의 유아에게는 정제가 아닌 액제를 투여할 것","","Levocetirizine Hydrochloride(레보세티리진염산염)",20210513
"특정연령대금기","단일",D000903,"Levocetirizine Hydrochloride","레보세티리진염산염","","경구용액제",201602663,"센레보액(레보세티리진염산염)",20160516,"일성아이에스(주)","플라스틱 병에 든 무색 투명한 용액",01410,"항히스타민제","전문의약품","[M244596]레보세티리진염산염",20161230,"(액제) 1세 미만의 영아에 대한 사용 경험이 적어 투여하지 않음.1세 이상 6세 미만의 소아에 대한 임상시험 결과, 가장 흔하게 나타난 이상반응은 발열, 설사, 구토, 중이염이었음.","","Levocetirizine Hydrochloride(레보세티리진염산염)",20210429
"특정연령대금기","단일",D000890,"Duloxetine Hydrochloride Enteric-Coated Granules","둘록세틴염산염장용과립","","장용성캡슐제, 펠렛",201603992,"듀록타캡슐60밀리그램(둘록세틴염산염)",20160627,"에이치케이이노엔(주)","흰색 내지 연한 갈색의 장용성 구형 과립이 들어 있는 상부 청색, 하부 노란연두색의 경질캡슐제",01170,"정신신경용제","전문의약품","[M259598]둘록세틴염산염장용과립",20161230,"소아 및 18세 미만의 청소년의 주요우울장애의 치료에는 사용해서는 안 됨.만 7세에서 17세까지의 주요우울장애 환자에서 플루옥세틴 군보다 이상사례(주로 오심)로 인한 중단 및 자살행동 높음.","다만, '주요 우울장애의 치료'에 한함","Duloxetine Hydrochloride Enteric-Coated Granules(둘록세틴염산염장용과립)",20200511
"특정연령대금기","단일",D000903,"Levocetirizine Hydrochloride","레보세티리진염산염","","경구용액제",201606429,"비알세티액(레보세티리진염산염)",20161101,"(주)보령바이오파마","갈색 유리병 혹은 플라스틱병에 든 무색 투명한 용액",01410,"항히스타민제","전문의약품","[M244596]레보세티리진염산염",20161230,"(액제) 1세 미만의 영아에 대한 사용 경험이 적어 투여하지 않음.1세 이상 6세 미만의 소아에 대한 임상시험 결과, 가장 흔하게 나타난 이상반응은 발열, 설사, 구토, 중이염이었음.","","Levocetirizine Hydrochloride(레보세티리진염산염)",20200711
"특정연령대금기","단일",D000903,"Levocetirizine Hydrochloride","레보세티리진염산염","","필름코팅정",201606641,"비알세티정(레보세티리진염산염)",20161116,"(주)보령바이오파마","흰색 또는 연한 노란색의 타원형 필름코팅정제",01410,"항히스타민제","전문의약품","[M244596]레보세티리진염산염",20161230,"(정제) 6세 미만의 유아에게는 정제가 아닌 액제를 투여할 것","","Levocetirizine Hydrochloride(레보세티리진염산염)",20200711
"특정연령대금기","단일",D000903,"Levocetirizine Hydrochloride","레보세티리진염산염","","필름코팅정",201700463,"레보트리진정(레보세티리진염산염)",20170125,"동국제약(주)","흰색 또는 미황색의 타원형 필름코팅정",01410,"항히스타민제","전문의약품","[M244596]레보세티리진염산염",20161230,"(정제) 6세 미만의 유아에게는 정제가 아닌 액제를 투여할 것","","Levocetirizine Hydrochloride(레보세티리진염산염)",20200711
"특정연령대금기","단일",D000323,Mirtazapine,"미르타자핀","","필름코팅정",201701436,"영진멀타자핀정30밀리그램(미르타자핀)",20170327,"영진약품(주)","적갈색의 타원형 필름코팅정",01170,"정신신경용제","전문의약품","[M088893]미르타자핀",20161230,"소아 및 청소년에서의 사용 승인되지 않음.소아(7~17세) 임상시험에서 7% 이상 체중이 증가된 환자 비율이 위약군보다 높음.","","Mirtazapine(미르타자핀)",20210528
"특정연령대금기","단일",D000323,Mirtazapine,"미르타자핀","","필름코팅정",201701437,"영진멀타자핀정15밀리그램(미르타자핀)",20170327,"영진약품(주)","연한 노란색의 타원형 필름코팅정",01170,"정신신경용제","전문의약품","[M088893]미르타자핀",20161230,"소아 및 청소년에서의 사용 승인되지 않음.소아(7~17세) 임상시험에서 7% 이상 체중이 증가된 환자 비율이 위약군보다 높음.","","Mirtazapine(미르타자핀)",20210528
"특정연령대금기","단일",D000323,Mirtazapine,"미르타자핀","","필름코팅정",201706845,"밀타정7.5밀리그램(미르타자핀)",20170828,"명인제약(주)","파란색의 타원형 필름코팅정",01170,"정신신경용제","전문의약품","[M088893]미르타자핀",20161230,"소아 및 청소년에서의 사용 승인되지 않음.소아(7~17세) 임상시험에서 7% 이상 체중이 증가된 환자 비율이 위약군보다 높음.","","Mirtazapine(미르타자핀)",20210507
"특정연령대금기","단일",D000323,Mirtazapine,"미르타자핀","","나정",201706900,"명문미르타오디정15밀리그램(미르타자핀)",20170831,"명문제약(주)","오렌지 향이 나는 흰색의 원형 정제",01170,"정신신경용제","전문의약품","[M088893]미르타자핀",20161230,"소아 및 청소년에서의 사용 승인되지 않음.소아(7~17세) 임상시험에서 7% 이상 체중이 증가된 환자 비율이 위약군보다 높음.","","Mirtazapine(미르타자핀)",20190909
"특정연령대금기","단일",D000323,Mirtazapine,"미르타자핀","","필름코팅정",201707054,"미르젠탁정15밀리그램(미르타자핀)",20170912,"환인제약(주)","미황색의 타원형 필름코팅정제",01170,"정신신경용제","전문의약품","[M088893]미르타자핀",20161230,"소아 및 청소년에서의 사용 승인되지 않음.소아(7~17세) 임상시험에서 7% 이상 체중이 증가된 환자 비율이 위약군보다 높음.","","Mirtazapine(미르타자핀)",20201026
"특정연령대금기","단일",D000323,Mirtazapine,"미르타자핀","","필름코팅정",201707055,"미르젠탁정30밀리그램(미르타자핀)",20170912,"환인제약(주)","적갈색의 타원형 필름코팅정제",01170,"정신신경용제","전문의약품","[M088893]미르타자핀",20161230,"소아 및 청소년에서의 사용 승인되지 않음.소아(7~17세) 임상시험에서 7% 이상 체중이 증가된 환자 비율이 위약군보다 높음.","","Mirtazapine(미르타자핀)",20201026
"특정연령대금기","단일",D000323,Mirtazapine,"미르타자핀","","필름코팅정",201707056,"미르젠탁정7.5밀리그램(미르타자핀)",20170912,"환인제약(주)","청색의 타원형 필름코팅정제",01170,"정신신경용제","전문의약품","[M088893]미르타자핀",20161230,"소아 및 청소년에서의 사용 승인되지 않음.소아(7~17세) 임상시험에서 7% 이상 체중이 증가된 환자 비율이 위약군보다 높음.","","Mirtazapine(미르타자핀)",20201026
"특정연령대금기","단일",D000903,"Levocetirizine Hydrochloride","레보세티리진염산염","","필름코팅정",201800071,"뉴세레틴정(레보세티리진염산염)",20180105,"안국뉴팜(주)","흰색 또는 미황색의 타원형 필름코팅정제",01410,"항히스타민제","전문의약품","[M244596]레보세티리진염산염",20161230,"(정제) 6세 미만의 유아에게는 정제가 아닌 액제를 투여할 것","","Levocetirizine Hydrochloride(레보세티리진염산염)",20200711
"특정연령대금기","단일",D000323,Mirtazapine,"미르타자핀","","구강붕해정",201800907,"명문미르타오디정30밀리그램(미르타자핀)",20180223,"명문제약(주)","오렌지 향이 나는 흰색의 원형 정제",01170,"정신신경용제","전문의약품","[M088893]미르타자핀",20161230,"소아 및 청소년에서의 사용 승인되지 않음.소아(7~17세) 임상시험에서 7% 이상 체중이 증가된 환자 비율이 위약군보다 높음.","","Mirtazapine(미르타자핀)",20190909
"특정연령대금기","단일",D000903,"Levocetirizine Hydrochloride","레보세티리진염산염","","필름코팅정",201801235,"코러스레보세티리진염산염정(수출용)",20180321,"한국코러스(주)","흰색 또는 연한 노란색의 타원형 필름코팅정제",01410,"항히스타민제","전문의약품","[M244596]레보세티리진염산염",20161230,"(정제) 6세 미만의 유아에게는 정제가 아닌 액제를 투여할 것","","Levocetirizine Hydrochloride(레보세티리진염산염)",20200711
"특정연령대금기","단일",D000890,"Duloxetine Hydrochloride Enteric-Coated Granules","둘록세틴염산염장용과립","","장용성캡슐제, 펠렛",201801367,"심발세틴캡슐30밀리그램(둘록세틴염산염)",20180328,"(주)다산제약","흰색 내지 회백색의 장용성 구형 과립이 들어있는 상부 청색, 하부 흰색의 경질캡슐제",01170,"정신신경용제","전문의약품","[M259598]둘록세틴염산염장용과립",20161230,"소아 및 18세 미만의 청소년의 주요우울장애의 치료에는 사용해서는 안 됨.만 7세에서 17세까지의 주요우울장애 환자에서 플루옥세틴 군보다 이상사례(주로 오심)로 인한 중단 및 자살행동 높음.","다만, '주요 우울장애의 치료'에 한함","Duloxetine Hydrochloride Enteric-Coated Granules(둘록세틴염산염장용과립)",20200618
"특정연령대금기","단일",D000890,"Duloxetine Hydrochloride Enteric-Coated Granules","둘록세틴염산염장용과립","","장용성캡슐제, 펠렛",201801368,"심발세틴캡슐60밀리그램(둘록세틴염산염)",20180328,"(주)다산제약","흰색 내지 회백색의 장용성 구형 과립이 들어있는 상부 청색, 하부 노란 연두색의 경질캡슐제",01170,"정신신경용제","전문의약품","[M259598]둘록세틴염산염장용과립",20161230,"소아 및 18세 미만의 청소년의 주요우울장애의 치료에는 사용해서는 안 됨.만 7세에서 17세까지의 주요우울장애 환자에서 플루옥세틴 군보다 이상사례(주로 오심)로 인한 중단 및 자살행동 높음.","다만, '주요 우울장애의 치료'에 한함","Duloxetine Hydrochloride Enteric-Coated Granules(둘록세틴염산염장용과립)",20200618
"특정연령대금기","복합",D001152,"Chlorhexidine Gluconate Solution","클로르헥시딘글루콘산염 액","[D000709]Lidocaine(리도카인)","피부용겔제",201900789,"인카인겔",20190201,"(주)퍼슨","무색투명한 프리필드시린지에 무색 내지 거의 무색의 투명한 겔제",01210,"국소마취제","전문의약품","[M223220]클로르헥시딘글루콘산염 액/[M203064]리도카인염산염일수화물",20181102,"","","Chlorhexidine Gluconate Solution(클로르헥시딘글루콘산염 액)",20260213
"특정연령대금기","단일",D000903,"Levocetirizine Hydrochloride","레보세티리진염산염","","필름코팅정",201902533,"인티진정(레보세티리진염산염)",20190423,"(주)이든파마","흰색 또는 미황색의 타원형 필름코팅정",01410,"항히스타민제","전문의약품","[M244596]레보세티리진염산염",20161230,"(정제) 6세 미만의 유아에게는 정제가 아닌 액제를 투여할 것","","Levocetirizine Hydrochloride(레보세티리진염산염)",20200711
"특정연령대금기","단일",D000903,"Levocetirizine Hydrochloride","레보세티리진염산염","","경구용액제",201903600,"레세린액(레보세티리진염산염)",20190531,"독립바이오제약(주)","플라스틱 병에 든 무색 투명한 용액",01410,"항히스타민제","전문의약품","[M244596]레보세티리진염산염",20161230,"(액제) 1세 미만의 영아에 대한 사용 경험이 적어 투여하지 않음.1세 이상 6세 미만의 소아에 대한 임상시험 결과, 가장 흔하게 나타난 이상반응은 발열, 설사, 구토, 중이염이었음.","","Levocetirizine Hydrochloride(레보세티리진염산염)",20200711
"특정연령대금기","단일",D000903,"Levocetirizine Hydrochloride","레보세티리진염산염","","필름코팅정",201903601,"레세린정(레보세티리진염산염)",20190531,"독립바이오제약(주)","흰색 또는 미황색의 타원형 필름코팅정",01410,"항히스타민제","전문의약품","[M244596]레보세티리진염산염",20161230,"(정제) 6세 미만의 유아에게는 정제가 아닌 액제를 투여할 것","","Levocetirizine Hydrochloride(레보세티리진염산염)",20200711
"특정연령대금기","단일",D000890,"Duloxetine Hydrochloride Enteric-Coated Granules","둘록세틴염산염장용과립","","장용성캡슐제, 펠렛",201802298,"듀로세틴캡슐30밀리그램(둘록세틴염산염)",20180601,"한국코러스(주)","흰색 내지 연한 갈색의 장용성 구형과립이 든 상부 청색, 하부 흰색의 경질캡슐제",01170,"정신신경용제","전문의약품","[M259598]둘록세틴염산염장용과립",20161230,"소아 및 18세 미만의 청소년의 주요우울장애의 치료에는 사용해서는 안 됨.만 7세에서 17세까지의 주요우울장애 환자에서 플루옥세틴 군보다 이상사례(주로 오심)로 인한 중단 및 자살행동 높음.","다만, '주요 우울장애의 치료'에 한함","Duloxetine Hydrochloride Enteric-Coated Granules(둘록세틴염산염장용과립)",20200411
"특정연령대금기","단일",D000890,"Duloxetine Hydrochloride Enteric-Coated Granules","둘록세틴염산염장용과립","","장용성캡슐제, 펠렛",201802300,"듀로세틴캡슐60밀리그램(둘록세틴염산염)(수출용)",20180601,"한국코러스(주)","흰색 내지 연한 갈색의 장용성 구형과립이 든 상부 청색, 하부 노란연두색의 경질캡슐제",01170,"정신신경용제","전문의약품","[M259598]둘록세틴염산염장용과립",20161230,"소아 및 18세 미만의 청소년의 주요우울장애의 치료에는 사용해서는 안 됨.만 7세에서 17세까지의 주요우울장애 환자에서 플루옥세틴 군보다 이상사례(주로 오심)로 인한 중단 및 자살행동 높음.","다만, '주요 우울장애의 치료'에 한함","Duloxetine Hydrochloride Enteric-Coated Granules(둘록세틴염산염장용과립)",20200411
"특정연령대금기","단일",D000890,"Duloxetine Hydrochloride Enteric-Coated Granules","둘록세틴염산염장용과립","","장용성캡슐제, 펠렛",201802463,"피엠에스둘록세틴캡슐30mg(둘록세틴염산염)",20180614,"(주)제뉴파마","흰색 내지 연한 갈색의 장용성 구형과립이 든 상부 청색, 하부 흰색의 경질캡슐제",01170,"정신신경용제","전문의약품","[M259598]둘록세틴염산염장용과립",20161230,"소아 및 18세 미만의 청소년의 주요우울장애의 치료에는 사용해서는 안 됨.만 7세에서 17세까지의 주요우울장애 환자에서 플루옥세틴 군보다 이상사례(주로 오심)로 인한 중단 및 자살행동 높음.","다만, '주요 우울장애의 치료'에 한함","Duloxetine Hydrochloride Enteric-Coated Granules(둘록세틴염산염장용과립)",20200528
"특정연령대금기","단일",D000890,"Duloxetine Hydrochloride Enteric-Coated Granules","둘록세틴염산염장용과립","","장용성캡슐제, 펠렛",201802697,"피엠에스둘록세틴캡슐60mg(둘록세틴염산염)",20180628,"(주)제뉴파마","흰색 내지 연한 갈색의 장용성 구형과립이 든 상부 청색, 하부 노란연두색의 경질캡슐제",01170,"정신신경용제","전문의약품","[M259598]둘록세틴염산염장용과립",20161230,"소아 및 18세 미만의 청소년의 주요우울장애의 치료에는 사용해서는 안 됨.만 7세에서 17세까지의 주요우울장애 환자에서 플루옥세틴 군보다 이상사례(주로 오심)로 인한 중단 및 자살행동 높음.","다만, '주요 우울장애의 치료'에 한함","Duloxetine Hydrochloride Enteric-Coated Granules(둘록세틴염산염장용과립)",20200604
"특정연령대금기","단일",D000890,"Duloxetine Hydrochloride Enteric-Coated Granules","둘록세틴염산염장용과립","","장용성캡슐제, 펠렛",201903549,"듀로스캡슐30밀리그램(둘록세틴염산염)",20190529,"하나제약(주)","흰색 내지 연한 갈색의 장용성 구형 과립이 든 상부 청색, 하부 흰색의 경질캡슐제",01170,"정신신경용제","전문의약품","[M259598]둘록세틴염산염장용과립",20161230,"소아 및 18세 미만의 청소년의 주요우울장애의 치료에는 사용해서는 안 됨.만 7세에서 17세까지의 주요우울장애 환자에서 플루옥세틴 군보다 이상사례(주로 오심)로 인한 중단 및 자살행동 높음.","다만, '주요 우울장애의 치료'에 한함","Duloxetine Hydrochloride Enteric-Coated Granules(둘록세틴염산염장용과립)",20201027
"특정연령대금기","단일",D000890,"Duloxetine Hydrochloride Enteric-Coated Granules","둘록세틴염산염장용과립","","장용성캡슐제, 펠렛",201903550,"듀로스캡슐60밀리그램(둘록세틴염산염)",20190529,"하나제약(주)","흰색 내지 연한 갈색의 장용성 구형과립이 든 상부 청색, 하부 노란연두색의 경질캡슐제",01170,"정신신경용제","전문의약품","[M259598]둘록세틴염산염장용과립",20161230,"소아 및 18세 미만의 청소년의 주요우울장애의 치료에는 사용해서는 안 됨.만 7세에서 17세까지의 주요우울장애 환자에서 플루옥세틴 군보다 이상사례(주로 오심)로 인한 중단 및 자살행동 높음.","다만, '주요 우울장애의 치료'에 한함","Duloxetine Hydrochloride Enteric-Coated Granules(둘록세틴염산염장용과립)",20201027
"특정연령대금기","단일",D000903,"Levocetirizine Hydrochloride","레보세티리진염산염","","필름코팅정",201905541,"비코잘정5밀리그램(레보세티리진염산염)",20190806,"(주)대웅제약","흰색 또는 미황색의 타원형 필름코팅정",01410,"항히스타민제","전문의약품","[M244596]레보세티리진염산염",20161230,"(정제) 6세 미만의 유아에게는 정제가 아닌 액제를 투여할 것","","Levocetirizine Hydrochloride(레보세티리진염산염)",20200711
"특정연령대금기","단일",D000903,"Levocetirizine Hydrochloride","레보세티리진염산염","","경구용액제",201906581,"레보실잔액(레보세티리진염산염)",20190920,"성원애드콕제약(주)","플라스틱병에 든 무색 투명한 용액",01410,"항히스타민제","전문의약품","[M244596]레보세티리진염산염",20161230,"(액제) 1세 미만의 영아에 대한 사용 경험이 적어 투여하지 않음.1세 이상 6세 미만의 소아에 대한 임상시험 결과, 가장 흔하게 나타난 이상반응은 발열, 설사, 구토, 중이염이었음.","","Levocetirizine Hydrochloride(레보세티리진염산염)",20200711
"특정연령대금기","단일",D000903,"Levocetirizine Hydrochloride","레보세티리진염산염","","경구용액제",201907180,"알티즈액(레보세티리진염산염)",20191011,"조아제약(주)","플라스틱 병에 든 무색 투명한 용액",01410,"항히스타민제","전문의약품","[M244596]레보세티리진염산염",20161230,"(액제) 1세 미만의 영아에 대한 사용 경험이 적어 투여하지 않음.1세 이상 6세 미만의 소아에 대한 임상시험 결과, 가장 흔하게 나타난 이상반응은 발열, 설사, 구토, 중이염이었음.","","Levocetirizine Hydrochloride(레보세티리진염산염)",20200711
"특정연령대금기","단일",D000903,"Levocetirizine Hydrochloride","레보세티리진염산염","","필름코팅정",201907900,"레리진정5밀리그램(레보세티리진염산염)",20191113,"(주)유한양행","흰색 또는 미황색의 타원형 필름코팅정",01410,"항히스타민제","전문의약품","[M244596]레보세티리진염산염",20161230,"(정제) 6세 미만의 유아에게는 정제가 아닌 액제를 투여할 것","","Levocetirizine Hydrochloride(레보세티리진염산염)",20200711
"특정연령대금기","단일",D000903,"Levocetirizine Hydrochloride","레보세티리진염산염","","경구용액제",201908548,"알레스잘액(레보세티리진염산염)",20191219,"주식회사더유제약","플라스틱 병에 든 무색 투명한 용액",01410,"항히스타민제","전문의약품","[M244596]레보세티리진염산염",20161230,"(액제) 1세 미만의 영아에 대한 사용 경험이 적어 투여하지 않음.1세 이상 6세 미만의 소아에 대한 임상시험 결과, 가장 흔하게 나타난 이상반응은 발열, 설사, 구토, 중이염이었음.","","Levocetirizine Hydrochloride(레보세티리진염산염)",20210326
"특정연령대금기","단일",D000903,"Levocetirizine Hydrochloride","레보세티리진염산염","","필름코팅정",202000038,"알레스잘정(레보세티리진염산염)",20200103,"주식회사더유제약","흰색 또는 미황색의 타원형 필름코팅정",01410,"항히스타민제","전문의약품","[M244596]레보세티리진염산염",20161230,"(정제) 6세 미만의 유아에게는 정제가 아닌 액제를 투여할 것","","Levocetirizine Hydrochloride(레보세티리진염산염)",20200711
"특정연령대금기","단일",D000903,"Levocetirizine Hydrochloride","레보세티리진염산염","","필름코팅정",202000057,"메가세티리정(레보세티리진염산염)",20200103,"(주)엘앤씨바이오","흰색 또는 미황색의 타원형 필름코팅정",01410,"항히스타민제","전문의약품","[M244596]레보세티리진염산염",20161230,"(정제) 6세 미만의 유아에게는 정제가 아닌 액제를 투여할 것","","Levocetirizine Hydrochloride(레보세티리진염산염)",20210512
"특정연령대금기","단일",D000903,"Levocetirizine Hydrochloride","레보세티리진염산염","","필름코팅정",202001353,"레로진정(레보세티리진염산염)",20200226,"(주)넥스팜코리아","흰색 또는 미황색의 타원형 필름코팅정",01410,"항히스타민제","전문의약품","[M244596]레보세티리진염산염",20161230,"(정제) 6세 미만의 유아에게는 정제가 아닌 액제를 투여할 것","","Levocetirizine Hydrochloride(레보세티리진염산염)",20200711
"특정연령대금기","단일",D000903,"Levocetirizine Hydrochloride","레보세티리진염산염","","필름코팅정",202002051,"레보세딘정5밀리그램(레보세티리진염산염)",20200324,"한국신텍스제약(주)","흰색 또는 미황색의 타원형 필름코팅정제",01410,"항히스타민제","전문의약품","[M244596]레보세티리진염산염",20161230,"(정제) 6세 미만의 유아에게는 정제가 아닌 액제를 투여할 것","","Levocetirizine Hydrochloride(레보세티리진염산염)",20200711
"특정연령대금기","단일",D001010,Desvenlafaxine,"데스벤라팍신","","필름코팅정",202002453,"데팍신서방정50밀리그램(데스벤라팍신)",20200407,"환인제약(주)","엷은 분홍색의 한면이 피라미드형인 정사각형 서방성 필름코팅정",01170,"정신신경용제","전문의약품","[M268885]데스벤라팍신",20161230,"소아 및 청소년에서의 사용 승인되지 않음.","","Desvenlafaxine(데스벤라팍신)",20220907
"특정연령대금기","단일",D001010,Desvenlafaxine,"데스벤라팍신","","필름코팅정",202002454,"데팍신서방정100밀리그램(데스벤라팍신)",20200407,"환인제약(주)","주홍색의 한면이 피라미드형인 정사각형 서방성 필름코팅정",01170,"정신신경용제","전문의약품","[M268885]데스벤라팍신",20161230,"소아 및 청소년에서의 사용 승인되지 않음.","","Desvenlafaxine(데스벤라팍신)",20220907
"특정연령대금기","단일",D001010,"Desvenlafaxine Benzoate","데스벤라팍신벤조산염","","서방성필름코팅정",202002455,"데스베라서방정50밀리그램(데스벤라팍신벤조산염)",20200407,"(주)넥스팜코리아","엷은 분홍색의 정사각형 서방성 필름코팅정",01170,"정신신경용제","전문의약품","[M268768]데스벤라팍신벤조산염",20161230,"소아 및 청소년에서의 사용 승인되지 않음.","","Desvenlafaxine Benzoate(데스벤라팍신벤조산염)",20220907
"특정연령대금기","단일",D001010,"Desvenlafaxine Benzoate","데스벤라팍신벤조산염","","서방성필름코팅정",202002456,"데스베라서방정100밀리그램(데스벤라팍신벤조산염)",20200407,"(주)넥스팜코리아","주홍색의 정사각형 서방성 필름코팅정",01170,"정신신경용제","전문의약품","[M268768]데스벤라팍신벤조산염",20161230,"소아 및 청소년에서의 사용 승인되지 않음.","","Desvenlafaxine Benzoate(데스벤라팍신벤조산염)",20220907
"특정연령대금기","단일",D001010,"Desvenlafaxine Benzoate","데스벤라팍신벤조산염","","필름코팅정",202002457,"에스벤서방정50밀리그램(데스벤라팍신벤조산염)",20200407,"명인제약(주)","엷은 분홍색의 정사각형 서방성 필름코팅정",01170,"정신신경용제","전문의약품","[M268768]데스벤라팍신벤조산염",20161230,"소아 및 청소년에서의 사용 승인되지 않음.","","Desvenlafaxine Benzoate(데스벤라팍신벤조산염)",20220907
"특정연령대금기","단일",D001010,"Desvenlafaxine Benzoate","데스벤라팍신벤조산염","","필름코팅정",202002458,"에스벤서방정100밀리그램(데스벤라팍신벤조산염)",20200407,"명인제약(주)","주홍색의 정사각형 서방성 필름코팅정",01170,"정신신경용제","전문의약품","[M278470]데스벤라팍신벤조산염",20161230,"소아 및 청소년에서의 사용 승인되지 않음.","","Desvenlafaxine Benzoate(데스벤라팍신벤조산염)",20220907
"특정연령대금기","단일",D001010,"Desvenlafaxine Benzoate","데스벤라팍신벤조산염","","필름코팅정",202002459,"프리넥사서방정50밀리그램(데스벤라팍신벤조산염)",20200407,"한림제약(주)","엷은 분홍색의 정사각형 서방성 필름코팅정",01170,"정신신경용제","전문의약품","[M278470]데스벤라팍신벤조산염",20161230,"소아 및 청소년에서의 사용 승인되지 않음.","","Desvenlafaxine Benzoate(데스벤라팍신벤조산염)",20220907
"특정연령대금기","단일",D001010,"Desvenlafaxine Benzoate","데스벤라팍신벤조산염","","필름코팅정",202002460,"프리넥사서방정100밀리그램(데스벤라팍신벤조산염)",20200407,"한림제약(주)","주홍색의 정사각형 서방성 필름코팅정",01170,"정신신경용제","전문의약품","[M278470]데스벤라팍신벤조산염",20161230,"소아 및 청소년에서의 사용 승인되지 않음.","","Desvenlafaxine Benzoate(데스벤라팍신벤조산염)",20220907
"특정연령대금기","단일",D000323,Mirtazapine,"미르타자핀","","구강붕해정",202008509,"미르젠탁오디정15밀리그램(미르타자핀)",20201207,"환인제약(주)","흰색의 원형 구강붕해정",01170,"정신신경용제","전문의약품","[M088893]미르타자핀",20161230,"소아 및 청소년에서의 사용 승인되지 않음.소아(7~17세) 임상시험에서 7% 이상 체중이 증가된 환자 비율이 위약군보다 높음.","","Mirtazapine(미르타자핀)",20210201
"특정연령대금기","단일",D000323,Mirtazapine,"미르타자핀","","구강붕해정",202009229,"미르젠탁오디정30밀리그램(미르타자핀)",20201224,"환인제약(주)","흰색의 원형 구강붕해정",01170,"정신신경용제","전문의약품","[M088893]미르타자핀",20161230,"소아 및 청소년에서의 사용 승인되지 않음.소아(7~17세) 임상시험에서 7% 이상 체중이 증가된 환자 비율이 위약군보다 높음.","","Mirtazapine(미르타자핀)",20210201
"특정연령대금기","단일",D000323,Mirtazapine,"미르타자핀","","구강붕해정",202009438,"미르젠탁오디정7.5밀리그램(미르타자핀)",20201231,"환인제약(주)","흰색의 원형 구강붕해정",01170,"정신신경용제","전문의약품","[M088893]미르타자핀",20161230,"소아 및 청소년에서의 사용 승인되지 않음.소아(7~17세) 임상시험에서 7% 이상 체중이 증가된 환자 비율이 위약군보다 높음.","","Mirtazapine(미르타자핀)",20210201
"특정연령대금기","복합",D001152,"Chlorhexidine Gluconate Solution","클로르헥시딘글루콘산염 액","[D000709]Lidocaine(리도카인)","피부용겔제",202101791,"인스틸라젤겔",20210223,"제일메딕스약품","무색투명한 프리필드시린지에 무색 내지 거의 무색의 투명한 겔제",01210,"국소마취제","전문의약품","[M203064]리도카인염산염일수화물/[M223220]클로르헥시딘글루콘산염 액",20181102,"","","Chlorhexidine Gluconate Solution(클로르헥시딘글루콘산염 액)",20260213
"특정연령대금기","단일",D001010,Desvenlafaxine,"데스벤라팍신","","서방성필름코팅정",202200501,"데팍신서방정25밀리그램(데스벤라팍신)",20220128,"환인제약(주)","흰색의 정사각형의 서방성 필름코팅정",01170,"정신신경용제","전문의약품","[M268885]데스벤라팍신",20161230,"소아 및 청소년에서의 사용 승인되지 않음.","","Desvenlafaxine(데스벤라팍신)",20220907
"특정연령대금기","단일",D001011,"Vortioxetine Hydrobromide","보티옥세틴브롬화수소산염","","필름코팅정",202301253,"보세틴정5밀리그램(보티옥세틴브롬화수소산염)",20230417,"명인제약(주)","분홍색의 장방형 필름코팅정",01170,"정신신경용제","전문의약품","[M260128]보티옥세틴브롬화수소산염",20161230,"소아에 대한 안전성 및 유효성이 확립되지 않았으므로, 소아에게 이 약을 투여하는 것은 권장되지 않음.","","Vortioxetine Hydrobromide(보티옥세틴브롬화수소산염)",20251017
"특정연령대금기","단일",D001011,"Vortioxetine Hydrobromide","보티옥세틴브롬화수소산염","","필름코팅정",202301254,"보세틴정10밀리그램(보티옥세틴브롬화수소산염)",20230417,"명인제약(주)","노란색의 장방형 필름코팅정",01170,"정신신경용제","전문의약품","[M260128]보티옥세틴브롬화수소산염",20161230,"소아에 대한 안전성 및 유효성이 확립되지 않았으므로, 소아에게 이 약을 투여하는 것은 권장되지 않음.","","Vortioxetine Hydrobromide(보티옥세틴브롬화수소산염)",20251017
"특정연령대금기","단일",D001011,"Vortioxetine Hydrobromide","보티옥세틴브롬화수소산염","","필름코팅정",202301255,"보세틴정15밀리그램(보티옥세틴브롬화수소산염)",20230417,"명인제약(주)","연한 주황색의 장방형 필름코팅정",01170,"정신신경용제","전문의약품","[M260128]보티옥세틴브롬화수소산염",20161230,"소아에 대한 안전성 및 유효성이 확립되지 않았으므로, 소아에게 이 약을 투여하는 것은 권장되지 않음.","","Vortioxetine Hydrobromide(보티옥세틴브롬화수소산염)",20251017
"특정연령대금기","단일",D001011,"Vortioxetine Hydrobromide","보티옥세틴브롬화수소산염","","필름코팅정",202301256,"보세틴정20밀리그램(보티옥세틴브롬화수소산염)",20230417,"명인제약(주)","적갈색의 장방형 필름코팅정",01170,"정신신경용제","전문의약품","[M260128]보티옥세틴브롬화수소산염",20161230,"소아에 대한 안전성 및 유효성이 확립되지 않았으므로, 소아에게 이 약을 투여하는 것은 권장되지 않음.","","Vortioxetine Hydrobromide(보티옥세틴브롬화수소산염)",20251017
"특정연령대금기","단일",D001011,"Vortioxetine Hydrobromide","보티옥세틴브롬화수소산염","","필름코팅정",202301274,"보티옥센정5밀리그램(보티옥세틴브롬화수소산염)",20230419,"유니메드제약(주)","분홍색의 장방형 필름코팅정",01170,"정신신경용제","전문의약품","[M260128]보티옥세틴브롬화수소산염",20161230,"소아에 대한 안전성 및 유효성이 확립되지 않았으므로, 소아에게 이 약을 투여하는 것은 권장되지 않음.","","Vortioxetine Hydrobromide(보티옥세틴브롬화수소산염)",20251017
"특정연령대금기","단일",D001011,"Vortioxetine Hydrobromide","보티옥세틴브롬화수소산염","","필름코팅정",202301275,"보티옥센정10밀리그램(보티옥세틴브롬화수소산염)",20230419,"유니메드제약(주)","노란색의 장방형 필름코팅정",01170,"정신신경용제","전문의약품","[M260128]보티옥세틴브롬화수소산염",20161230,"소아에 대한 안전성 및 유효성이 확립되지 않았으므로, 소아에게 이 약을 투여하는 것은 권장되지 않음.","","Vortioxetine Hydrobromide(보티옥세틴브롬화수소산염)",20251017
"특정연령대금기","단일",D001011,"Vortioxetine Hydrobromide","보티옥세틴브롬화수소산염","","필름코팅정",202301276,"보티옥센정15밀리그램(보티옥세틴브롬화수소산염)",20230419,"유니메드제약(주)","연한 주황색의 장방형 필름코팅정",01170,"정신신경용제","전문의약품","[M260128]보티옥세틴브롬화수소산염",20161230,"소아에 대한 안전성 및 유효성이 확립되지 않았으므로, 소아에게 이 약을 투여하는 것은 권장되지 않음.","","Vortioxetine Hydrobromide(보티옥세틴브롬화수소산염)",20251017
"특정연령대금기","단일",D001011,"Vortioxetine Hydrobromide","보티옥세틴브롬화수소산염","","필름코팅정",202301277,"보티옥센정20밀리그램(보티옥세틴브롬화수소산염)",20230419,"유니메드제약(주)","적갈색의 장방형 필름코팅정",01170,"정신신경용제","전문의약품","[M260128]보티옥세틴브롬화수소산염",20161230,"소아에 대한 안전성 및 유효성이 확립되지 않았으므로, 소아에게 이 약을 투여하는 것은 권장되지 않음.","","Vortioxetine Hydrobromide(보티옥세틴브롬화수소산염)",20251017
"특정연령대금기","단일",D000323,Mirtazapine,"미르타자핀","","필름코팅정",201701438,"영진멀타자핀정7.5밀리그램(미르타자핀)",20170327,"영진약품(주)","파란색의 타원형 필름코팅정",01170,"정신신경용제","전문의약품","[M088893]미르타자핀",20161230,"소아 및 청소년에서의 사용 승인되지 않음.소아(7~17세) 임상시험에서 7% 이상 체중이 증가된 환자 비율이 위약군보다 높음.","","Mirtazapine(미르타자핀)",""
"특정연령대금기","단일",D000323,Mirtazapine,"미르타자핀","","필름코팅정",202201970,"밀타정45밀리그램(미르타자핀)",20220511,"명인제약(주)","노란색의 타원형 필름코팅정",01170,"정신신경용제","전문의약품","[M088893]미르타자핀",20161230,"소아 및 청소년에서의 사용 승인되지 않음.소아(7~17세) 임상시험에서 7% 이상 체중이 증가된 환자 비율이 위약군보다 높음.","","Mirtazapine(미르타자핀)",""
"특정연령대금기","단일",D000323,Mirtazapine,"미르타자핀","","필름코팅정",202402770,"파마멀타자핀정15밀리그램(미르타자핀)",20241125,"(주)한국파마","미황색의 타원형 필름코팅정",01170,"정신신경용제","전문의약품","[M088893]미르타자핀",20161230,"소아 및 청소년에서의 사용 승인되지 않음.소아(7~17세) 임상시험에서 7% 이상 체중이 증가된 환자 비율이 위약군보다 높음.","","Mirtazapine(미르타자핀)",""
"특정연령대금기","단일",D000890,"Duloxetine Hydrochloride Enteric-Coated Granules","둘록세틴염산염장용과립","","장용성캡슐제, 펠렛",202003119,"듀록틴캡슐60밀리그램(둘록세틴염산염)",20200428,"건일바이오팜주식회사","흰색 내지 연한 갈색의 장용성 구형과립이 든 상부 청색, 하부 노란연두색의 경질캡슐제",01170,"정신신경용제","전문의약품","[M259598]둘록세틴염산염장용과립",20161230,"소아 및 18세 미만의 청소년의 주요우울장애의 치료에는 사용해서는 안 됨.만 7세에서 17세까지의 주요우울장애 환자에서 플루옥세틴 군보다 이상사례(주로 오심)로 인한 중단 및 자살행동 높음.","다만, '주요 우울장애의 치료'에 한함","Duloxetine Hydrochloride Enteric-Coated Granules(둘록세틴염산염장용과립)",""
"특정연령대금기","단일",D000890,"Duloxetine Hydrochloride Enteric-Coated Granules","둘록세틴염산염장용과립","","장용성캡슐제, 펠렛",202003120,"듀록틴캡슐30밀리그램(둘록세틴염산염)",20200428,"건일바이오팜주식회사","흰색 내지 연한 갈색의 장용성 구형과립이 든 상부 청색, 하부 흰색의 경질캡슐제",01170,"정신신경용제","전문의약품","[M259598]둘록세틴염산염장용과립",20161230,"소아 및 18세 미만의 청소년의 주요우울장애의 치료에는 사용해서는 안 됨.만 7세에서 17세까지의 주요우울장애 환자에서 플루옥세틴 군보다 이상사례(주로 오심)로 인한 중단 및 자살행동 높음.","다만, '주요 우울장애의 치료'에 한함","Duloxetine Hydrochloride Enteric-Coated Granules(둘록세틴염산염장용과립)",""
"특정연령대금기","단일",D000323,Mirtazapine,"미르타자핀","","필름코팅정",202402771,"파마멀타자핀정7.5밀리그램(미르타자핀)",20241125,"(주)한국파마","청색의 타원형 필름코팅정",01170,"정신신경용제","전문의약품","[M088893]미르타자핀",20161230,"소아 및 청소년에서의 사용 승인되지 않음.소아(7~17세) 임상시험에서 7% 이상 체중이 증가된 환자 비율이 위약군보다 높음.","","Mirtazapine(미르타자핀)",""
"특정연령대금기","단일",D000323,Mirtazapine,"미르타자핀","","필름코팅정",202402772,"파마멀타자핀정30밀리그램(미르타자핀)",20241125,"(주)한국파마","적갈색의 타원형 필름코팅정",01170,"정신신경용제","전문의약품","[M088893]미르타자핀",20161230,"소아 및 청소년에서의 사용 승인되지 않음.소아(7~17세) 임상시험에서 7% 이상 체중이 증가된 환자 비율이 위약군보다 높음.","","Mirtazapine(미르타자핀)",""
"특정연령대금기","단일",D001016,"Tapentadol Hydrochloride","타펜타돌염산염","","서방성필름코팅정",201603372,"뉴신타서방정100밀리그램(타펜타돌염산염)",20160610,"주|비씨월드제약","연한 노란색의 장방형 서방정",08210,"합성마약","전문의약품","[M252145]타펜타돌염산염",20161230,"8세 미만에서 사용 권장되지 않음.","","Tapentadol Hydrochloride(타펜타돌염산염)",""
"특정연령대금기","단일",D001016,"Tapentadol Hydrochloride","타펜타돌염산염","","서방성필름코팅정",201603373,"뉴신타서방정50밀리그램(타펜타돌염산염)",20160610,"주|비씨월드제약","흰색의 장방형 서방정",08210,"합성마약","전문의약품","[M252145]타펜타돌염산염",20161230,"8세 미만에서 사용 권장되지 않음.","","Tapentadol Hydrochloride(타펜타돌염산염)",""
"특정연령대금기","단일",D001016,"Tapentadol Hydrochloride","타펜타돌염산염","","필름코팅정",201707914,"뉴신타아이알정50밀리그램(타펜타돌염산염)",20171116,"주|비씨월드제약","흰색의 양면이 볼록한 원형 필름코팅정제",08210,"합성마약","전문의약품","[M252145]타펜타돌염산염",20161230,"8세 미만에서 사용 권장되지 않음.","","Tapentadol Hydrochloride(타펜타돌염산염)",""
"특정연령대금기","단일",D001016,"Tapentadol Hydrochloride","타펜타돌염산염","","서방정",201708383,"뉴신타서방정200밀리그램(타펜타돌염산염)",20171215,"주|비씨월드제약","연한 주황색의 장방형 서방정",08210,"합성마약","전문의약품","[M252145]타펜타돌염산염",20161230,"8세 미만에서 사용 권장되지 않음.","","Tapentadol Hydrochloride(타펜타돌염산염)",""
"특정연령대금기","단일",D001010,"Desvenlafaxine Succinate Monohydrate","데스벤라팍신숙신산염일수화물","","서방성필름코팅정",202400587,"파마데스벤라팍신서방정100밀리그램(데스벤라팍신숙신산염일수화물)",20240321,"(주)한국파마","주홍색의 한면이 피라미드형인 정사각형 서방성 필름코팅정제",01170,"정신신경용제","전문의약품","[M258837]데스벤라팍신숙신산염일수화물",20161230,"소아 및 청소년에서의 사용 승인되지 않음.","","Desvenlafaxine Succinate Monohydrate(데스벤라팍신숙신산염일수화물)",""
"특정연령대금기","단일",D001010,"Desvenlafaxine Succinate Monohydrate","데스벤라팍신숙신산염일수화물","","서방성필름코팅정",202401555,"파마데스벤라팍신서방정50밀리그램(데스벤라팍신숙신산염일수화물)",20240627,"(주)한국파마","엷은 분홍색의 한 면이 피라미드형인 정사각형 서방성 필름코팅정제",01170,"정신신경용제","전문의약품","[M258837]데스벤라팍신숙신산염일수화물",20161230,"소아 및 청소년에서의 사용 승인되지 않음.","","Desvenlafaxine Succinate Monohydrate(데스벤라팍신숙신산염일수화물)",""
"특정연령대금기","단일",D001010,"Desvenlafaxine Benzoate","데스벤라팍신벤조산염","","서방성필름코팅정",202500838,"데스베라서방정25밀리그램(데스벤라팍신벤조산염)",20250409,"(주)넥스팜코리아","흰색의 정사각형 서방성 필름코팅정",01170,"정신신경용제","전문의약품","[M278470]데스벤라팍신벤조산염",20161230,"소아 및 청소년에서의 사용 승인되지 않음.","","Desvenlafaxine Benzoate(데스벤라팍신벤조산염)",""
"특정연령대금기","단일",D001010,"Desvenlafaxine Benzoate","데스벤라팍신벤조산염","","서방성필름코팅정",202500934,"프리넥사서방정25밀리그램(데스벤라팍신벤조산염)",20250421,"한림제약(주)","흰색의 정사각형 서방성 필름코팅정",01170,"정신신경용제","전문의약품","[M278470]데스벤라팍신벤조산염",20161230,"소아 및 청소년에서의 사용 승인되지 않음.","","Desvenlafaxine Benzoate(데스벤라팍신벤조산염)",""
"특정연령대금기","단일",D001010,"Desvenlafaxine Benzoate","데스벤라팍신벤조산염","","필름코팅정",202500935,"에스벤서방정25밀리그램(데스벤라팍신벤조산염)",20250421,"명인제약(주)","흰색의 정사각형 서방성 필름코팅정",01170,"정신신경용제","전문의약품","[M278470]데스벤라팍신벤조산염",20161230,"소아 및 청소년에서의 사용 승인되지 않음.","","Desvenlafaxine Benzoate(데스벤라팍신벤조산염)",""
"특정연령대금기","복합",D000092,"Dihydrocodeine Tartrate","디히드로코데인타르타르산염","[D000893]Chlorpheniramine(클로르페니라민)/[D001116]Methylephedrine(메틸에페드린)/[D000493]Guaifenesin(구아이페네신)","액상시럽제",196900131,"코데날액",19691224,"삼아제약(주)","무색의 방향성 감미의 액체",02220,"진해거담제","전문의약품","[M249060]디히드로코데인타르타르산염/[M204422]dl-메틸에페드린염산염/[M050058]구아이페네신/[M223211]클로르페니라민말레산염",20181102,"12세 미만 소아는 호흡억제 감수성이 큼.12세 미만 소아에서 사망을 포함하는 중증 호흡억제 위험이 크다는 국외 보고 있음.","","Dihydrocodeine Tartrate(디히드로코데인타르타르산염)",""
"특정연령대금기","복합",D000092,"Dihydrocodeine Tartrate","디히드로코데인타르타르산염","[D000893]Chlorpheniramine(클로르페니라민)/[D001116]Methylephedrine(메틸에페드린)/[D000493]Guaifenesin(구아이페네신)","나정",197200376,"코데날정",19720920,"삼아제약(주)","(내수용) 흰색의 원형 정제(수출용) 미황색의 원형 정제",02220,"진해거담제","전문의약품","[M249060]디히드로코데인타르타르산염/[M050058]구아이페네신/[M204422]dl-메틸에페드린염산염/[M223211]클로르페니라민말레산염/[M249060]디히드로코데인타르타르산염/[M050058]구아이페네신/[M204422]dl-메틸에페드린염산염/[M223211]클로르페니라민말레산염",20181102,"12세 미만 소아는 호흡억제 감수성이 큼.12세 미만 소아에서 사망을 포함하는 중증 호흡억제 위험이 크다는 국외 보고 있음.","","Dihydrocodeine Tartrate(디히드로코데인타르타르산염)",""
"특정연령대금기","복합",D000092,"Dihydrocodeine Tartrate","디히드로코데인타르타르산염","[D000893]Chlorpheniramine(클로르페니라민)/[D001116]Methylephedrine(메틸에페드린)/[D000493]Guaifenesin(구아이페네신)","나정",198501820,"코대원정",19850129,"대원제약(주)","내수용 - 흰색의 원형 정제, 수출용 - 미황색의 타원형 정제",02220,"진해거담제","전문의약품","[M249060]디히드로코데인타르타르산염/[M050058]구아이페네신/[M204422]dl-메틸에페드린염산염/[M223211]클로르페니라민말레산염/[M249060]디히드로코데인타르타르산염/[M050058]구아이페네신/[M204422]dl-메틸에페드린염산염/[M223211]클로르페니라민말레산염",20181102,"12세 미만 소아는 호흡억제 감수성이 큼.12세 미만 소아에서 사망을 포함하는 중증 호흡억제 위험이 크다는 국외 보고 있음.","","Dihydrocodeine Tartrate(디히드로코데인타르타르산염)",""
"특정연령대금기","복합",D000092,"Dihydrocodeine Tartrate","디히드로코데인타르타르산염","[D000893]Chlorpheniramine(클로르페니라민)/[D001116]Methylephedrine(메틸에페드린)/[D000493]Guaifenesin(구아이페네신)","나정",199103287,"코데닝정",19911230,"(주)종근당","엷은 주황색의 원형 정제",02220,"진해거담제","전문의약품","[M249060]디히드로코데인타르타르산염/[M204422]dl-메틸에페드린염산염/[M223211]클로르페니라민말레산염/[M050058]구아이페네신",20181102,"12세 미만 소아는 호흡억제 감수성이 큼.12세 미만 소아에서 사망을 포함하는 중증 호흡억제 위험이 크다는 국외 보고 있음.","","Dihydrocodeine Tartrate(디히드로코데인타르타르산염)",""
"특정연령대금기","복합",D000092,"Dihydrocodeine Tartrate","디히드로코데인타르타르산염","[D000893]Chlorpheniramine(클로르페니라민)/[D001116]Methylephedrine(메틸에페드린)/[D000493]Guaifenesin(구아이페네신)","나정",199604977,"코푸정",19960315,"(주)유한양행","미황색의 원형 정제",02220,"진해거담제","전문의약품","[M249060]디히드로코데인타르타르산염/[M050058]구아이페네신/[M204422]dl-메틸에페드린염산염/[M223211]클로르페니라민말레산염",20181102,"12세 미만 소아는 호흡억제 감수성이 큼.12세 미만 소아에서 사망을 포함하는 중증 호흡억제 위험이 크다는 국외 보고 있음.","","Dihydrocodeine Tartrate(디히드로코데인타르타르산염)",""
"특정연령대금기","복합",D000092,"Dihydrocodeine Tartrate","디히드로코데인타르타르산염","[D000893]Chlorpheniramine(클로르페니라민)/[D001116]Methylephedrine(메틸에페드린)/[D000493]Guaifenesin(구아이페네신)","액상시럽제",199907284,"코대원시럽(수출용)",19990319,"대원제약(주)","플라스틱병 또는 알루미늄 호일 파우치에 든 적색의 방향성 감미의 시럽제",02220,"진해거담제","전문의약품","[M249060]디히드로코데인타르타르산염/[M204422]dl-메틸에페드린염산염/[M050058]구아이페네신/[M223211]클로르페니라민말레산염/[M249060]디히드로코데인타르타르산염/[M204422]dl-메틸에페드린염산염/[M050058]구아이페네신/[M223211]클로르페니라민말레산염",20181102,"12세 미만 소아는 호흡억제 감수성이 큼.12세 미만 소아에서 사망을 포함하는 중증 호흡억제 위험이 크다는 국외 보고 있음.","","Dihydrocodeine Tartrate(디히드로코데인타르타르산염)",""
"특정연령대금기","복합",D000092,"Dihydrocodeine Tartrate","디히드로코데인타르타르산염","[D000893]Chlorpheniramine(클로르페니라민)/[D001116]Methylephedrine(메틸에페드린)/[D000493]Guaifenesin(구아이페네신)","액상시럽제",201309204,"코대원포르테시럽",20130905,"대원제약(주)","플라스틱병 또는 알루미늄 호일 파우치에 든 빨간색의 방향성 감미의 시럽제",02220,"진해거담제","전문의약품","[M261072]디히드로코데인타르타르산염/[M204422]dl-메틸에페드린염산염/[M223211]클로르페니라민말레산염/[M095727]염화암모늄/[M261072]디히드로코데인타르타르산염/[M204422]dl-메틸에페드린염산염/[M223211]클로르페니라민말레산염/[M095727]염화암모늄/[M261072]디히드로코데인타르타르산염/[M264046]DL-메틸에페드린염산염/[M223211]클로르페니라민말레산염/[M095727]염화암모늄/[M261072]디히드로코데인타르타르산염/[M264046]DL-메틸에페드린염산염/[M223211]클로르페니라민말레산염/[M095727]염화암모늄",20181102,"12세 미만 소아는 호흡억제 감수성이 큼.12세 미만 소아에서 사망을 포함하는 중증 호흡억제 위험이 크다는 국외 보고 있음.","","Dihydrocodeine Tartrate(디히드로코데인타르타르산염)",""
"특정연령대금기","복합",D000092,"Dihydrocodeine Tartrate","디히드로코데인타르타르산염","[D000893]Chlorpheniramine(클로르페니라민)/[D001116]Methylephedrine(메틸에페드린)/[D000852]Caffeine(카페인)","나정",197000215,"코데농정",19700213,"동광제약(주)","백색의 원형 정제",02220,"진해거담제","전문의약품","[M261072]디히드로코데인타르타르산염/[M223211]클로르페니라민말레산염/[M204422]dl-메틸에페드린염산염/[M223183]카페인무수물",20181102,"12세 미만 소아는 호흡억제 감수성이 큼.12세 미만 소아에서 사망을 포함하는 중증 호흡억제 위험이 크다는 국외 보고 있음.","","Dihydrocodeine Tartrate(디히드로코데인타르타르산염)",""
"특정연령대금기","복합",D000092,"Dihydrocodeine Tartrate","디히드로코데인타르타르산염","[D000893]Chlorpheniramine(클로르페니라민)/[D001116]Methylephedrine(메틸에페드린)/[D000852]Caffeine(카페인)","나정",197700537,"네오메디코푸정",19771103,"(주)보령","연분홍색의 원형 정제",02220,"진해거담제","전문의약품","[M249060]디히드로코데인타르타르산염/[M223211]클로르페니라민말레산염/[M204422]dl-메틸에페드린염산염/[M223183]카페인무수물",20181102,"12세 미만 소아는 호흡억제 감수성이 큼.12세 미만 소아에서 사망을 포함하는 중증 호흡억제 위험이 크다는 국외 보고 있음.","","Dihydrocodeine Tartrate(디히드로코데인타르타르산염)",""
"특정연령대금기","복합",D000092,"Dihydrocodeine Tartrate","디히드로코데인타르타르산염","[D000893]Chlorpheniramine(클로르페니라민)/[D001116]Methylephedrine(메틸에페드린)/[D000493]Guaifenesin(구아이페네신)","필름코팅정",202502560,"코대원플러스정",20250928,"대원제약(주)","진한 분홍색의 원형 필름코팅정",02220,"진해거담제","전문의약품","[M261072]디히드로코데인타르타르산염/[M050058]구아이페네신/[M204422]dl-메틸에페드린염산염/[M223211]클로르페니라민말레산염/[M267961]펠라고니움시도이데스11%에탄올건조엑스(5.5~6.6→1)",20181102,"12세 미만 소아는 호흡억제 감수성이 큼.12세 미만 소아에서 사망을 포함하는 중증 호흡억제 위험이 크다는 국외 보고 있음.","","Dihydrocodeine Tartrate(디히드로코데인타르타르산염)",""
"특정연령대금기","복합",D000092,"Dihydrocodeine Tartrate","디히드로코데인타르타르산염","[D000893]Chlorpheniramine(클로르페니라민)/[D001116]Methylephedrine(메틸에페드린)/[D000493]Guaifenesin(구아이페네신)","필름코팅정",202600066,"코다나플러스정",20260108,"대원바이오텍주식회사","진한 분홍색의 원형 필름코팅정",02220,"진해거담제","전문의약품","[M261072]디히드로코데인타르타르산염/[M050058]구아이페네신/[M204422]dl-메틸에페드린염산염/[M223211]클로르페니라민말레산염/[M267961]펠라고니움시도이데스11%에탄올건조엑스(5.5~6.6→1)",20181102,"12세 미만 소아는 호흡억제 감수성이 큼.12세 미만 소아에서 사망을 포함하는 중증 호흡억제 위험이 크다는 국외 보고 있음.","","Dihydrocodeine Tartrate(디히드로코데인타르타르산염)",""
"특정연령대금기","복합",D000092,"Dihydrocodeine Tartrate","디히드로코데인타르타르산염","[D000893]Chlorpheniramine(클로르페니라민)/[D001116]Methylephedrine(메틸에페드린)/[D000852]Caffeine(카페인)","나정",202402033,"후리코정(수출용)",20240823,"신일제약(주)","등황색의 원형 정제",02220,"진해거담제","전문의약품","[M261072]디히드로코데인타르타르산염/[M223211]클로르페니라민말레산염/[M204422]dl-메틸에페드린염산염/[M223183]카페인무수물",20181102,"12세 미만 소아는 호흡억제 감수성이 큼.12세 미만 소아에서 사망을 포함하는 중증 호흡억제 위험이 크다는 국외 보고 있음.","","Dihydrocodeine Tartrate(디히드로코데인타르타르산염)",""
"특정연령대금기","복합",D000092,"Dihydrocodeine Tartrate","디히드로코데인타르타르산염","[D000893]Chlorpheniramine(클로르페니라민)/[D001116]Methylephedrine(메틸에페드린)/[D001156]ammonium chloride(암모늄염)","액상시럽제",196900130,"코푸시럽",19691224,"(주)유한양행","갈색의 플라스틱병 또는 알루미늄호일 포장에 들어있는 엷은 적색의 방향성 시럽제",02220,"진해거담제","전문의약품","[M249060]디히드로코데인타르타르산염/[M204422]dl-메틸에페드린염산염/[M223211]클로르페니라민말레산염/[M040435]염화암모늄/[M249060]디히드로코데인타르타르산염/[M204422]dl-메틸에페드린염산염/[M223211]클로르페니라민말레산염/[M040435]염화암모늄/[M249060]디히드로코데인타르타르산염/[M204422]dl-메틸에페드린염산염/[M223211]클로르페니라민말레산염/[M040435]염화암모늄",20181102,"12세 미만 소아는 호흡억제 감수성이 큼.12세 미만 소아에서 사망을 포함하는 중증 호흡억제 위험이 크다는 국외 보고 있음.","","Dihydrocodeine Tartrate(디히드로코데인타르타르산염)",""
"특정연령대금기","복합",D000092,"Dihydrocodeine Tartrate","디히드로코데인타르타르산염","[D000893]Chlorpheniramine(클로르페니라민)/[D001116]Methylephedrine(메틸에페드린)/[D001156]ammonium chloride(암모늄염)","액상시럽제",201310406,"코푸진시럽",20131129,"코오롱제약(주)","알루미늄 파우치에 충전된 과일향을 가진 붉은색의 시럽제",02220,"진해거담제","전문의약품","[M249060]디히드로코데인타르타르산염/[M204422]dl-메틸에페드린염산염/[M223211]클로르페니라민말레산염/[M040435]염화암모늄",20181102,"12세 미만 소아는 호흡억제 감수성이 큼.12세 미만 소아에서 사망을 포함하는 중증 호흡억제 위험이 크다는 국외 보고 있음.","","Dihydrocodeine Tartrate(디히드로코데인타르타르산염)",""
"특정연령대금기","복합",D000092,"Dihydrocodeine Tartrate","디히드로코데인타르타르산염","[D000893]Chlorpheniramine(클로르페니라민)/[D001116]Methylephedrine(메틸에페드린)/[D001156]ammonium chloride(암모늄염)","액상시럽제",201401526,"코포나시럽",20140331,"주식회사제뉴원사이언스","엷은 빨강색의 방향성 시럽제",02220,"진해거담제","전문의약품","[M261072]디히드로코데인타르타르산염/[M204422]dl-메틸에페드린염산염/[M223211]클로르페니라민말레산염/[M095727]염화암모늄/[M261072]디히드로코데인타르타르산염/[M204422]dl-메틸에페드린염산염/[M223211]클로르페니라민말레산염/[M095727]염화암모늄",20181102,"12세 미만 소아는 호흡억제 감수성이 큼.12세 미만 소아에서 사망을 포함하는 중증 호흡억제 위험이 크다는 국외 보고 있음.","","Dihydrocodeine Tartrate(디히드로코데인타르타르산염)",""
"특정연령대금기","복합",D000092,"Dihydrocodeine Tartrate","디히드로코데인타르타르산염","[D000893]Chlorpheniramine(클로르페니라민)/[D001116]Methylephedrine(메틸에페드린)/[D001156]ammonium chloride(암모늄염)","액상시럽제",201404495,"한미콜시럽",20140930,"한미약품(주)","엷은 빨강색의 방향성 시럽제",02220,"진해거담제","전문의약품","[M261072]디히드로코데인타르타르산염/[M204422]dl-메틸에페드린염산염/[M223211]클로르페니라민말레산염/[M095727]염화암모늄",20181102,"12세 미만 소아는 호흡억제 감수성이 큼.12세 미만 소아에서 사망을 포함하는 중증 호흡억제 위험이 크다는 국외 보고 있음.","","Dihydrocodeine Tartrate(디히드로코데인타르타르산염)",""
"특정연령대금기","복합",D000092,"Dihydrocodeine Tartrate","디히드로코데인타르타르산염","[D000893]Chlorpheniramine(클로르페니라민)/[D001116]Methylephedrine(메틸에페드린)/[D001156]ammonium chloride(암모늄염)","액상시럽제",201404496,"코데날시럽",20140930,"삼아제약(주)","엷은 빨강색의 방향성 시럽제",02220,"진해거담제","전문의약품","[M249060]디히드로코데인타르타르산염/[M204422]dl-메틸에페드린염산염/[M223211]클로르페니라민말레산염/[M040435]염화암모늄",20181102,"12세 미만 소아는 호흡억제 감수성이 큼.12세 미만 소아에서 사망을 포함하는 중증 호흡억제 위험이 크다는 국외 보고 있음.","","Dihydrocodeine Tartrate(디히드로코데인타르타르산염)",""
"특정연령대금기","복합",D000092,"Dihydrocodeine Tartrate","디히드로코데인타르타르산염","[D000893]Chlorpheniramine(클로르페니라민)/[D001116]Methylephedrine(메틸에페드린)/[D001156]ammonium chloride(암모늄염)","액상시럽제",201501586,"코데닝시럽",20150325,"(주)종근당","엷은 빨강색의 방향성 시럽제",02220,"진해거담제","전문의약품","[M249060]디히드로코데인타르타르산염/[M204422]dl-메틸에페드린염산염/[M223211]클로르페니라민말레산염/[M040435]염화암모늄",20181102,"12세 미만 소아는 호흡억제 감수성이 큼.12세 미만 소아에서 사망을 포함하는 중증 호흡억제 위험이 크다는 국외 보고 있음.","","Dihydrocodeine Tartrate(디히드로코데인타르타르산염)",""
"특정연령대금기","복합",D000092,"Dihydrocodeine Tartrate","디히드로코데인타르타르산염","[D000893]Chlorpheniramine(클로르페니라민)/[D001116]Methylephedrine(메틸에페드린)/[D001156]ammonium chloride(암모늄염)","액상시럽제",201405776,"비알코시럽",20141208,"㈜보령바이오파마","플라스틱병 또는 알루미늄 호일 파우치에 든 빨간색의 방향성 감미의 시럽제",02220,"진해거담제","전문의약품","[M249060]디히드로코데인타르타르산염/[M204422]dl-메틸에페드린염산염/[M223211]클로르페니라민말레산염/[M040435]염화암모늄/[M249060]디히드로코데인타르타르산염/[M204422]dl-메틸에페드린염산염/[M223211]클로르페니라민말레산염/[M040435]염화암모늄",20181102,"12세 미만 소아는 호흡억제 감수성이 큼.12세 미만 소아에서 사망을 포함하는 중증 호흡억제 위험이 크다는 국외 보고 있음.","","Dihydrocodeine Tartrate(디히드로코데인타르타르산염)",""
"특정연령대금기","복합",D000092,"Dihydrocodeine Tartrate","디히드로코데인타르타르산염","[D000893]Chlorpheniramine(클로르페니라민)/[D001116]Methylephedrine(메틸에페드린)/[D001156]ammonium chloride(암모늄염)","액상시럽제",201501949,"코담시럽",20150409,"제이더블유신약(주)","엷은 빨강색의 방향성 시럽제",02220,"진해거담제","전문의약품","[M249060]디히드로코데인타르타르산염/[M204422]dl-메틸에페드린염산염/[M223211]클로르페니라민말레산염/[M040435]염화암모늄",20181102,"12세 미만 소아는 호흡억제 감수성이 큼.12세 미만 소아에서 사망을 포함하는 중증 호흡억제 위험이 크다는 국외 보고 있음.","","Dihydrocodeine Tartrate(디히드로코데인타르타르산염)",""
"특정연령대금기","복합",D000092,"Dihydrocodeine Tartrate","디히드로코데인타르타르산염","[D000893]Chlorpheniramine(클로르페니라민)/[D001116]Methylephedrine(메틸에페드린)/[D001156]ammonium chloride(암모늄염)","액상시럽제",201502995,"제로코푸시럽",20150519,"일성아이에스(주)","엷은 빨강색의 방향성 시럽제",02220,"진해거담제","전문의약품","[M249060]디히드로코데인타르타르산염/[M204422]dl-메틸에페드린염산염/[M223211]클로르페니라민말레산염/[M040435]염화암모늄",20181102,"12세 미만 소아는 호흡억제 감수성이 큼.12세 미만 소아에서 사망을 포함하는 중증 호흡억제 위험이 크다는 국외 보고 있음.","","Dihydrocodeine Tartrate(디히드로코데인타르타르산염)",""
"특정연령대금기","복합",D000092,"Dihydrocodeine Tartrate","디히드로코데인타르타르산염","[D000893]Chlorpheniramine(클로르페니라민)/[D001116]Methylephedrine(메틸에페드린)/[D001156]ammonium chloride(암모늄염)","액상시럽제",201505485,"코프원시럽",20150810,"현대약품(주)","엷은 빨강색의 방향성 시럽제",02220,"진해거담제","전문의약품","[M249060]디히드로코데인타르타르산염/[M204422]dl-메틸에페드린염산염/[M223211]클로르페니라민말레산염/[M040435]염화암모늄",20181102,"12세 미만 소아는 호흡억제 감수성이 큼.12세 미만 소아에서 사망을 포함하는 중증 호흡억제 위험이 크다는 국외 보고 있음.","","Dihydrocodeine Tartrate(디히드로코데인타르타르산염)",""
"특정연령대금기","복합",D000092,"Dihydrocodeine Tartrate","디히드로코데인타르타르산염","[D000893]Chlorpheniramine(클로르페니라민)/[D001116]Methylephedrine(메틸에페드린)/[D001156]ammonium chloride(암모늄염)","액상시럽제",201505486,"코디프로시럽",20150810,"영진약품(주)","엷은 빨강색의 방향성 시럽제",02220,"진해거담제","전문의약품","[M261072]디히드로코데인타르타르산염/[M204422]dl-메틸에페드린염산염/[M223211]클로르페니라민말레산염/[M040435]염화암모늄",20181102,"12세 미만 소아는 호흡억제 감수성이 큼.12세 미만 소아에서 사망을 포함하는 중증 호흡억제 위험이 크다는 국외 보고 있음.","","Dihydrocodeine Tartrate(디히드로코데인타르타르산염)",""
"특정연령대금기","복합",D000092,"Dihydrocodeine Tartrate","디히드로코데인타르타르산염","[D000893]Chlorpheniramine(클로르페니라민)/[D001116]Methylephedrine(메틸에페드린)/[D001156]ammonium chloride(암모늄염)","액상시럽제",202005079,"코대원에스시럽",20200715,"대원제약(주)","알루미늄 호일 파우치에 든 갈색 내지 흑갈색의 방향성 감미의 시럽제",02220,"진해거담제","전문의약품","[M261072]디히드로코데인타르타르산염/[M270039]dl-메틸에페드린염산염/[M223211]클로르페니라민말레산염/[M095727]염화암모늄/[M278323]펠라고니움시도이데스11%에탄올추출물(1→8~10)",20181102,"12세 미만 소아는 호흡억제 감수성이 큼.12세 미만 소아에서 사망을 포함하는 중증 호흡억제 위험이 크다는 국외 보고 있음.","","Dihydrocodeine Tartrate(디히드로코데인타르타르산염)",""
"특정연령대금기","복합",D000893,"Chlorpheniramine Maleate","클로르페니라민말레산염","[D001767]Dipotassium Glycyrrhizinate(글리시리진산이칼륨)/[D001768]Naphazoline(나파졸린)","일반액상분무제",198900833,"나리스타에스점비액(수출명:듀라존점비액,나소존점비액)",19890425,"삼천당제약(주)","특이한 방향성이 있는 무색투명한 액체",01320,"이비과용제","일반의약품","[M222937]나파졸린염산염/[M223211]클로르페니라민말레산염/[M256386]글리시리진산이칼륨",20250714,-,"","Chlorpheniramine Maleate(클로르페니라민말레산염)",20160112
"특정연령대금기","단일",D000647,"Cetirizine Hydrochloride","세티리진염산염","","필름코팅정",199700120,"세트린정(세티리진염산염)(수출명:ANTIRIZINtab)",19970711,"한국휴텍스제약(주)","흰색의 장방형 필름코팅정제",01410,"항히스타민제","일반의약품","[M222857]세티리진염산염/[M222857]세티리진염산염/[M222857]세티리진염산염",20140109,"안전성 및 유효성 미확립","","Cetirizine Hydrochloride(세티리진염산염)",20210212
"특정연령대금기","단일",D000647,"Cetirizine Hydrochloride","세티리진염산염","","필름코팅정",199700265,"알레리진정(세티리진염산염)",19970929,"이연제약(주)","흰색의 장방형 필름코팅정제",01410,"항히스타민제","일반의약품","[M222857]세티리진염산염",20140109,"안전성 및 유효성 미확립","","Cetirizine Hydrochloride(세티리진염산염)",20210212
"특정연령대금기","단일",D001733,"Povidone Iodine","포비돈요오드","","질세정액",199700636,"지노클렌질세정액",19971030,"(주)퍼슨","황갈색의 액제.",02590,"기타의 비뇨생식기관 및 항문용약","일반의약품","[M244708]포비돈요오드",20251223,-,"질용좌제, 외용액제, 연고제","Povidone Iodine(포비돈요오드)",20201113
"특정연령대금기","단일",D000647,"Cetirizine Hydrochloride","세티리진염산염","","필름코팅정",199701033,"코나진정(세티리진염산염)(수출명:알리코염산세티리진정,보파세티리진나정,자이조세트정)",19971208,"알리코제약(주)","흰색의 장방형 필름코팅정제. 단, 수출용 성상은 흰색의 원형 또는 장방형 필름코팅정제",01410,"항히스타민제","일반의약품","[M222857]세티리진염산염",20140109,"안전성 및 유효성 미확립","","Cetirizine Hydrochloride(세티리진염산염)",20210212
"특정연령대금기","복합",D000092,"Dihydrocodeine Tartrate","디히드로코데인타르타르산염","[D000893]Chlorpheniramine(클로르페니라민)/[D001116]Methylephedrine(메틸에페드린)/[D001156]ammonium chloride(암모늄염)","액상시럽제",202005580,"코다나에스시럽",20200731,"대원바이오텍주식회사","알루미늄 호일 파우치에 든 갈색 내지 흑갈색의 방향성 감미의 시럽제",02220,"진해거담제","전문의약품","[M261072]디히드로코데인타르타르산염/[M270039]dl-메틸에페드린염산염/[M223211]클로르페니라민말레산염/[M095727]염화암모늄/[M278323]펠라고니움시도이데스11%에탄올추출물(1→8~10)",20181102,"12세 미만 소아는 호흡억제 감수성이 큼.12세 미만 소아에서 사망을 포함하는 중증 호흡억제 위험이 크다는 국외 보고 있음.","","Dihydrocodeine Tartrate(디히드로코데인타르타르산염)",""
"특정연령대금기","단일",D000647,"Cetirizine Hydrochloride","세티리진염산염","","필름코팅정",199701099,"알메텍정(세티리진염산염)",19970922,"(주)에이프로젠바이오로직스","(내수용) 흰색의 장방형 필름코팅정(수출용-1) 흰색의 장방형 필름제피정(수출용-2) 흰색의 장방형 필름코팅정제",01410,"항히스타민제","일반의약품","[M222857]세티리진염산염/[M222857]세티리진염산염/[M222857]세티리진염산염",20140109,"안전성 및 유효성 미확립","","Cetirizine Hydrochloride(세티리진염산염)",20210212
"특정연령대금기","단일",D000647,"Cetirizine Hydrochloride","세티리진염산염","","필름코팅정",199701398,"아루텍정(세티리진염산염)",19970711,"(주)메디카코리아","백색의 장방형 필름코팅정",01410,"항히스타민제","일반의약품","[M222857]세티리진염산염/[M222857]세티리진염산염",20140109,"안전성 및 유효성 미확립","","Cetirizine Hydrochloride(세티리진염산염)",20210212
"특정연령대금기","단일",D000647,"Cetirizine Hydrochloride","세티리진염산염","","필름코팅정",199701674,"리진정(세티리진염산염)(수출용)",19970829,"대원제약(주)","백색의 장방형 필름코팅정(수출용:백색의 타원형 필름코팅정)",01410,"항히스타민제","일반의약품","[M222857]세티리진염산염/[M222857]세티리진염산염/[M222857]세티리진염산염/[M222857]세티리진염산염/[M222857]세티리진염산염",20140109,"안전성 및 유효성 미확립","","Cetirizine Hydrochloride(세티리진염산염)",20210212
"특정연령대금기","단일",D000647,"Cetirizine Hydrochloride","세티리진염산염","","필름코팅정",199701900,"알티린정(세티리진염산염)(수출명:Vilex, Cetirin)",19970901,"대화제약(주)","흰색의 타원형 필름코팅정",01410,"항히스타민제","일반의약품","[M222857]세티리진염산염",20140109,"안전성 및 유효성 미확립","","Cetirizine Hydrochloride(세티리진염산염)",20210212
"특정연령대금기","단일",D000647,"Cetirizine Hydrochloride","세티리진염산염","","필름코팅정",199701908,"알러텍정(세티리진염산염)",19970711,"고려제약(주)","백색의 장방형 필름코팅 정제",01410,"항히스타민제","일반의약품","[M222857]세티리진염산염/[M222857]세티리진염산염/[M222857]세티리진염산염",20140109,"안전성 및 유효성 미확립","","Cetirizine Hydrochloride(세티리진염산염)",20210212
"특정연령대금기","단일",D000647,"Cetirizine Hydrochloride","세티리진염산염","","필름코팅정",199701967,"로텍정(세티리진염산염)(수출용)(수출명:ZINRYTECTabs)",19971014,"영일제약(주)","흰색의 장방형 필름코팅정",01410,"항히스타민제","일반의약품","[M222857]세티리진염산염/[M222857]세티리진염산염/[M222857]세티리진염산염/[M222857]세티리진염산염/[M222857]세티리진염산염/[M222857]세티리진염산염",20140109,"안전성 및 유효성 미확립","","Cetirizine Hydrochloride(세티리진염산염)",20210212
"특정연령대금기","단일",D000647,"Cetirizine Hydrochloride","세티리진염산염","","필름코팅정",199702105,"코졸텍정(세티리진염산염)",19971121,"경동제약(주)","흰색의 장방형 필름코팅정",01410,"항히스타민제","일반의약품","[M222857]세티리진염산염/[M222857]세티리진염산염/[M222857]세티리진염산염",20140109,"안전성 및 유효성 미확립","","Cetirizine Hydrochloride(세티리진염산염)",20210212
"특정연령대금기","단일",D000647,"Cetirizine Hydrochloride","세티리진염산염","","필름코팅정",199702520,"신일세티리진정(세티리진염산염)",19970711,"신일제약(주)","흰색의 장방형 필름코팅정제",01410,"항히스타민제","일반의약품","[M222857]세티리진염산염/[M222857]세티리진염산염",20140109,"안전성 및 유효성 미확립","","Cetirizine Hydrochloride(세티리진염산염)",20210202
"특정연령대금기","단일",D000647,"Cetirizine Hydrochloride","세티리진염산염","","필름코팅정",199702829,"세리텍정(세티리진염산염)",19971219,"영풍제약(주)","흰색 장방형의 필름코팅정",01410,"항히스타민제","일반의약품","[M222857]세티리진염산염",20140109,"안전성 및 유효성 미확립","","Cetirizine Hydrochloride(세티리진염산염)",20210212
"특정연령대금기","단일",D000647,"Cetirizine Hydrochloride","세티리진염산염","","필름코팅정",199702846,"하원세티리진정(세티리진염산염)",19971222,"(주)하원제약","흰색의 타원형 필름코팅정",01410,"항히스타민제","일반의약품","[M222857]세티리진염산염",20140109,"안전성 및 유효성 미확립","","Cetirizine Hydrochloride(세티리진염산염)",20210212
"특정연령대금기","단일",D000647,"Cetirizine Hydrochloride","세티리진염산염","","필름코팅정",199702993,"세틸정(세티리진염산염)(수출용)",19970722,"명문제약(주)","등황색의원형 필름코팅정",01410,"항히스타민제","일반의약품","[M222857]세티리진염산염",20140109,"안전성 및 유효성 미확립","","Cetirizine Hydrochloride(세티리진염산염)",20201013
"특정연령대금기","단일",D000647,"Cetirizine Hydrochloride","세티리진염산염","","필름코팅정",199703153,"씨즈날정(세티리진염산염)",19971118,"(주)녹십자","흰색의 타원형 필름코팅정",01410,"항히스타민제","일반의약품","[M222857]세티리진염산염",20140109,"안전성 및 유효성 미확립","","Cetirizine Hydrochloride(세티리진염산염)",20210212
"특정연령대금기","단일",D000647,"Cetirizine Hydrochloride","세티리진염산염","","필름코팅정",199703200,"테리진정(세티리진염산염)(수출용)",19970722,"(주)서울제약","2. 성상(형상 및 구조)(수출용) 흰색의 타원형 필름코팅정",01410,"항히스타민제","일반의약품","[M222857]세티리진염산염",20140109,"안전성 및 유효성 미확립","","Cetirizine Hydrochloride(세티리진염산염)",20170901
"특정연령대금기","단일",D000647,"Cetirizine Hydrochloride","세티리진염산염","","필름코팅정",199800303,"알지텍정(세티리진염산염)",19980204,"정우신약(주)","내수용:흰색의 장방형 필름코팅 정제, 수출용:흰색의 타원형 필름제피정",01410,"항히스타민제","일반의약품","[M222857]세티리진염산염/[M222857]세티리진염산염",20140109,"안전성 및 유효성 미확립","","Cetirizine Hydrochloride(세티리진염산염)",20210212
"특정연령대금기","단일",D000647,"Cetirizine Hydrochloride","세티리진염산염","","필름코팅정",199800468,"세노바정(세티리진염산염)",19980625,"일동제약(주)","백색의 타원형 필름제피정",01410,"항히스타민제","일반의약품","[M222857]세티리진염산염",20140109,"안전성 및 유효성 미확립","","Cetirizine Hydrochloride(세티리진염산염)",20210212
"특정연령대금기","단일",D000647,"Cetirizine Hydrochloride","세티리진염산염","","필름코팅정",199801447,"파마염산세티리진정(수출용)(수출명:세르텍정,와이케이피세르텍정)",19980725,"(주)한국파마","수촐용1: 백색의 사각형 필름코팅정제 수출용2: 연녹색의 사각형 필름코팅정제",01410,"항히스타민제","일반의약품","[M222857]세티리진염산염/[M222857]세티리진염산염",20140109,"안전성 및 유효성 미확립","","Cetirizine Hydrochloride(세티리진염산염)",20200218
"특정연령대금기","단일",D000647,"Cetirizine Hydrochloride","세티리진염산염","","필름코팅정",199801495,"세라진정(세티리진염산염)[수출명: Cera tablet, Allergen tablet, Unizef tablet, Highcera tablet]",19980506,"삼진제약(주)","백색의 타원형 필름제피정",01410,"항히스타민제","일반의약품","[M222857]세티리진염산염",20140109,"안전성 및 유효성 미확립","","Cetirizine Hydrochloride(세티리진염산염)",20210212
"특정연령대금기","단일",D000647,"Cetirizine Hydrochloride","세티리진염산염","","필름코팅정",199801849,"알지렉스정(세티리진염산염)",19980126,"오스틴제약(주)","흰색의 장방형 필름코팅정",01410,"항히스타민제","일반의약품","[M222857]세티리진염산염",20140109,"안전성 및 유효성 미확립","","Cetirizine Hydrochloride(세티리진염산염)",20210212
"특정연령대금기","단일",D000647,"Cetirizine Hydrochloride","세티리진염산염","","필름코팅정",199802009,"러지텍정(세티리진염산염)",19980525,"하이플생명과학(주)","흰색의 장방형 필름코팅정",01410,"항히스타민제","일반의약품","[M222857]세티리진염산염",20140109,"안전성 및 유효성 미확립","","Cetirizine Hydrochloride(세티리진염산염)",20210212
"특정연령대금기","단일",D000647,"Cetirizine Hydrochloride","세티리진염산염","","필름코팅정",199802228,"라리세틴정10밀리그람(세티리진염산염)(수출용)",19981103,"(주)팜젠사이언스","흰색의 장방형 필름코팅정제",01410,"항히스타민제","일반의약품","[M222857]세티리진염산염",20140109,"안전성 및 유효성 미확립","","Cetirizine Hydrochloride(세티리진염산염)",20200526
"특정연령대금기","단일",D000647,"Cetirizine Hydrochloride","세티리진염산염","","필름코팅정",199802497,"쎄르텍정(세티리진염산염)",19980107,"(주)바스칸바이오제약","흰색의 장방형 필름코팅정제",01410,"항히스타민제","일반의약품","[M222857]세티리진염산염",20140109,"안전성 및 유효성 미확립","","Cetirizine Hydrochloride(세티리진염산염)",20210221
"특정연령대금기","단일",D000647,"Cetirizine Hydrochloride","세티리진염산염","","필름코팅정",199802620,"쎄로테정(세티리진염산염)",19980704,"(주)씨엠지제약","흰색의 원형 필름코팅정제",01410,"항히스타민제","일반의약품","[M222857]세티리진염산염",20140109,"안전성 및 유효성 미확립","","Cetirizine Hydrochloride(세티리진염산염)",20210212
"특정연령대금기","단일",D000647,"Cetirizine Hydrochloride","세티리진염산염","","필름코팅정",199803095,"지엘세티리진염산염정",19981127,"지엘파마(주)","흰색의 장방형 필름코팅정제",01410,"항히스타민제","일반의약품","[M222857]세티리진염산염",20140109,"안전성 및 유효성 미확립","","Cetirizine Hydrochloride(세티리진염산염)",20210212
"특정연령대금기","단일",D000647,"Cetirizine Hydrochloride","세티리진염산염","","필름코팅정",199803133,"나노텍정(세티리진염산염)",19980513,"초당약품공업(주)","흰색 내지 거의 흰색의 원형 필름코팅정제",01410,"항히스타민제","일반의약품","[M222857]세티리진염산염",20140109,"안전성 및 유효성 미확립","","Cetirizine Hydrochloride(세티리진염산염)",20210212
"특정연령대금기","단일",D000647,"Cetirizine Hydrochloride","염산세티리진","","필름코팅정",200000927,"바이넥스비로텍정(염산세티리진)(수출용)",20001122,"(주)바이넥스","백색의 장방형 제피정.",01410,"항히스타민제","일반의약품","[M051285]염산세티리진",20140109,"안전성 및 유효성 미확립","","Cetirizine Hydrochloride(염산세티리진)",20100815
"특정연령대금기","단일",D000647,"Cetirizine Hydrochloride","세티리진염산염","","필름코팅정",200001515,"알레드정(세티리진염산염)",20000706,"일양약품(주)","흰색의 원형 필름코팅정",01410,"항히스타민제","일반의약품","[M222857]세티리진염산염",20140109,"안전성 및 유효성 미확립","","Cetirizine Hydrochloride(세티리진염산염)",20210212
"특정연령대금기","단일",D000647,"Cetirizine Hydrochloride","세티리진염산염","","필름코팅정",200001634,"세진정(세티리진염산염)",20001229,"(주)동구바이오제약","흰색의 장방형 필름코팅정제",01410,"항히스타민제","일반의약품","[M222857]세티리진염산염",20140109,"안전성 및 유효성 미확립","","Cetirizine Hydrochloride(세티리진염산염)",20210212
"특정연령대금기","단일",D000647,"Cetirizine Hydrochloride","세티리진염산염","","필름코팅정",200001713,"세티진정(세티리진염산염)",20001123,"삼남제약(주)","흰색의 장방형 필름코팅정제",01410,"항히스타민제","일반의약품","[M222857]세티리진염산염",20140109,"안전성 및 유효성 미확립","","Cetirizine Hydrochloride(세티리진염산염)",20210212
"특정연령대금기","단일",D001518,"Milk-Thistle Fruit Dried Extract","밀크시슬열매 건조엑스","","경질캡슐제, 산제",200101248,"헤프린캡슐(밀크시슬열매건조엑스)(수출용)",20011127,"(주)동구바이오제약","황색 분말이 든 적갈색 경질캡슐",03910,"간장질환용제","일반의약품","[M272736]밀크시슬열매 건조엑스",20201228,"","","Milk-Thistle Fruit Dried Extract(밀크시슬열매 건조엑스)",20200512
"특정연령대금기","단일",D000647,"Cetirizine Hydrochloride","세티리진염산염","","필름코팅정",200101870,"세리노즈정(세티리진염산염)",20011229,"에이치엘비제약(주)","흰색의 장방형 필름코팅정",01410,"항히스타민제","일반의약품","[M222857]세티리진염산염",20140109,"안전성 및 유효성 미확립","","Cetirizine Hydrochloride(세티리진염산염)",20210212
"특정연령대금기","단일",D000647,"Cetirizine Hydrochloride","세티리진염산염","","필름코팅정",200102527,"노텍정(세티리진염산염)",20011108,"미래바이오제약(주)","흰색의 장방형 필름코팅정",01410,"항히스타민제","일반의약품","[M222857]세티리진염산염",20140109,"안전성 및 유효성 미확립","","Cetirizine Hydrochloride(세티리진염산염)",20210212
"특정연령대금기","단일",D000033,"Acamprosate Calcium","아캄프로세이트칼슘","","장용성필름코팅정",200501241,"환인아캄프로세이트정(아캄프로세이트칼슘)",20051213,"환인제약(주)","백색 원형의 장용성 필름코팅정제",01190,"기타의 중추신경용약","전문의약품","[M102626]아캄프로세이트칼슘",20190522,"65세 이상에서 안전성 및 유효성 미확립. 연령이 높아질 수록 신장기능이 저하되어 이 약이 축적될 수 있음.","","Acamprosate Calcium(아캄프로세이트칼슘)",20120128
"특정연령대금기","단일",D000647,"Cetirizine Hydrochloride","염산세티리진","","필름코팅정",200501459,"유니온염산세티리진정(수출용)",20050314,"한국유니온제약(주)","흰색의 원형 필름코팅정",01410,"항히스타민제","일반의약품","[M051285]염산세티리진",20140109,"안전성 및 유효성 미확립","","Cetirizine Hydrochloride(염산세티리진)",20100815
"특정연령대금기","단일",D001518,"Milk-Thistle Fruit Dried Extract","밀크시슬열매 건조엑스","","연질캡슐제, 액상",200501601,"레가셀연질캡슐(밀크시슬열매건조엑스)",20050131,"대원제약(주)","갈색의 액상 내용물이 든 투명한 갈색의 장방형 연질캡슐",03910,"간장질환용제","일반의약품","[M272736]밀크시슬열매 건조엑스",20201228,"","","Milk-Thistle Fruit Dried Extract(밀크시슬열매 건조엑스)",20210625
"특정연령대금기","단일",D000647,"Cetirizine Hydrochloride","세티리진염산염","","필름코팅정",200610765,"지르텍정(세티리진염산염)",20060626,"한국유씨비제약(주)","흰색의 장방형 필름코팅정",01410,"항히스타민제","일반의약품","[M222857]세티리진염산염",20140109,"안전성 및 유효성 미확립","","Cetirizine Hydrochloride(세티리진염산염)",20210104
"특정연령대금기","단일",D000647,"Cetirizine Hydrochloride","세티리진염산염","","필름코팅정",200803434,"기스톱정(세티리진염산염)",20080328,"(주)아이월드제약","흰색의 장방형 필름코팅정",01410,"항히스타민제","일반의약품","[M222857]세티리진염산염",20140109,"안전성 및 유효성 미확립","","Cetirizine Hydrochloride(세티리진염산염)",20210212
"특정연령대금기","복합",D000773,"Tramadol Hydrochloride","트라마돌염산염","[D000147]Acetaminophen(아세트아미노펜)","필름코팅정",200805215,"엘리펜정",20080507,"동국제약(주)","연한 황색의 장방형 필름코팅정제",01140,"해열.진통.소염제","전문의약품","[M040353]아세트아미노펜/[M222893]트라마돌염산염",20190522,"소아에서 생명에 치명적인 호흡 억제 및 사망 발생","","Tramadol Hydrochloride(트라마돌염산염)",20260219
"특정연령대금기","복합",D000773,"Tramadol Hydrochloride","트라마돌염산염","[D000147]Acetaminophen(아세트아미노펜)","필름코팅정",200805233,"오르펜정",20080508,"대우제약(주)","연한 황색의 장방형 필름코팅정제",01140,"해열.진통.소염제","전문의약품","[M255410]트라마돌염산염/[M040353]아세트아미노펜/[M255410]트라마돌염산염/[M040353]아세트아미노펜",20190522,"소아에서 생명에 치명적인 호흡 억제 및 사망 발생","","Tramadol Hydrochloride(트라마돌염산염)",20260219
"특정연령대금기","복합",D000773,"Tramadol Hydrochloride","트라마돌염산염","[D000147]Acetaminophen(아세트아미노펜)","필름코팅정",200805273,"아트라쿨정(트라마돌염산염,아세트아미노펜)",20080508,"(주)한국파비스제약","연한 황색의 장방형 필름코팅정제",01140,"해열.진통.소염제","전문의약품","[M040353]아세트아미노펜/[M255410]트라마돌염산염",20190522,"소아에서 생명에 치명적인 호흡 억제 및 사망 발생","","Tramadol Hydrochloride(트라마돌염산염)",20260219
"특정연령대금기","복합",D000773,"Tramadol Hydrochloride","트라마돌염산염","[D000147]Acetaminophen(아세트아미노펜)","필름코팅정",200805275,"페나셋정(트라마돌염산염,아세트아미노펜)",20080508,"(주)메디카코리아","연한 노란색의 장방형 필름코팅정제",01140,"해열.진통.소염제","전문의약품","[M040353]아세트아미노펜/[M222893]트라마돌염산염",20190522,"소아에서 생명에 치명적인 호흡 억제 및 사망 발생","","Tramadol Hydrochloride(트라마돌염산염)",20260219
"특정연령대금기","복합",D000773,"Tramadol Hydrochloride","트라마돌염산염","[D000147]Acetaminophen(아세트아미노펜)","필름코팅정",200805289,"트라칸세미정",20080508,"성원애드콕제약(주)","연한 황색의 장방형 필름코팅정제",01140,"해열.진통.소염제","전문의약품","[M255410]트라마돌염산염/[M040353]아세트아미노펜",20190522,"소아에서 생명에 치명적인 호흡 억제 및 사망 발생","","Tramadol Hydrochloride(트라마돌염산염)",20260219
"특정연령대금기","복합",D000773,"Tramadol Hydrochloride","트라마돌염산염","[D000147]Acetaminophen(아세트아미노펜)","필름코팅정",200805296,"맥스노펜세미정",20080509,"(주)보령","연한 황색의 장방형 필름코팅정제",01140,"해열.진통.소염제","전문의약품","[M222893]트라마돌염산염/[M040353]아세트아미노펜",20190522,"소아에서 생명에 치명적인 호흡 억제 및 사망 발생","","Tramadol Hydrochloride(트라마돌염산염)",20260219
"특정연령대금기","복합",D000773,"Tramadol Hydrochloride","트라마돌염산염","[D000147]Acetaminophen(아세트아미노펜)","필름코팅정",200805301,"아트라센정",20080509,"한국유니온제약(주)","미황색 ~ 황색의 장방형 필름코팅정제",01140,"해열.진통.소염제","전문의약품","[M040353]아세트아미노펜/[M255410]트라마돌염산염",20190522,"소아에서 생명에 치명적인 호흡 억제 및 사망 발생","","Tramadol Hydrochloride(트라마돌염산염)",20260219
"특정연령대금기","복합",D000773,"Tramadol Hydrochloride","트라마돌염산염","[D000147]Acetaminophen(아세트아미노펜)","필름코팅정",200805370,"펜클리어맥스정",20080508,"(주)팜젠사이언스","연한 황색의 장방형 필름코팅정",01140,"해열.진통.소염제","전문의약품","[M040353]아세트아미노펜/[M255410]트라마돌염산염",20190522,"소아에서 생명에 치명적인 호흡 억제 및 사망 발생","","Tramadol Hydrochloride(트라마돌염산염)",20260219
"특정연령대금기","복합",D000773,"Tramadol Hydrochloride","트라마돌염산염","[D000147]Acetaminophen(아세트아미노펜)","필름코팅정",200805386,"트로셋세미정",20080513,"(주)서울제약","연한 황색의 장방형 필름코팅정제",01140,"해열.진통.소염제","전문의약품","[M222893]트라마돌염산염/[M040353]아세트아미노펜",20190522,"소아에서 생명에 치명적인 호흡 억제 및 사망 발생","","Tramadol Hydrochloride(트라마돌염산염)",20260219
"특정연령대금기","복합",D000773,"Tramadol Hydrochloride","트라마돌염산염","[D000147]Acetaminophen(아세트아미노펜)","필름코팅정",200805387,"페나셋세미정(트라마돌염산염,아세트아미노펜)",20080513,"(주)메디카코리아","연한 노란색의 장방형 필름코팅정제",01140,"해열.진통.소염제","전문의약품","[M222893]트라마돌염산염/[M040353]아세트아미노펜",20190522,"소아에서 생명에 치명적인 호흡 억제 및 사망 발생","","Tramadol Hydrochloride(트라마돌염산염)",20260219
"특정연령대금기","복합",D000773,"Tramadol Hydrochloride","트라마돌염산염","[D000147]Acetaminophen(아세트아미노펜)","필름코팅정",200805388,"울트라맥정",20080513,"맥널티제약(주)","연한 황색의 장방형 필름코팅정제",01140,"해열.진통.소염제","전문의약품","[M222893]트라마돌염산염/[M040353]아세트아미노펜",20190522,"소아에서 생명에 치명적인 호흡 억제 및 사망 발생","","Tramadol Hydrochloride(트라마돌염산염)",20260219
"특정연령대금기","복합",D000773,"Tramadol Hydrochloride","트라마돌염산염","[D000147]Acetaminophen(아세트아미노펜)","필름코팅정",200805389,"울트라맥세미정",20080513,"맥널티제약(주)","연한 황색의 장방형 필름코팅정제",01140,"해열.진통.소염제","전문의약품","[M222893]트라마돌염산염/[M040353]아세트아미노펜",20190522,"소아에서 생명에 치명적인 호흡 억제 및 사망 발생","","Tramadol Hydrochloride(트라마돌염산염)",20260219
"특정연령대금기","복합",D000773,"Tramadol Hydrochloride","트라마돌염산염","[D000147]Acetaminophen(아세트아미노펜)","필름코팅정",200805497,"하이세펜정",20080515,"(주)한국파마","연한 황색의 장방형 필름코팅 정제",01140,"해열.진통.소염제","전문의약품","[M040353]아세트아미노펜/[M222893]트라마돌염산염/[M040353]아세트아미노펜/[M222893]트라마돌염산염",20190522,"소아에서 생명에 치명적인 호흡 억제 및 사망 발생","","Tramadol Hydrochloride(트라마돌염산염)",20260219
"특정연령대금기","복합",D000773,"Tramadol Hydrochloride","트라마돌염산염","[D000147]Acetaminophen(아세트아미노펜)","필름코팅정",200805520,"울트란정",20080516,"케이엠에스제약(주)","연한 황색의 장방형 필름코팅정제",01140,"해열.진통.소염제","전문의약품","[M222893]트라마돌염산염/[M040353]아세트아미노펜/[M222893]트라마돌염산염/[M040353]아세트아미노펜",20190522,"소아에서 생명에 치명적인 호흡 억제 및 사망 발생","","Tramadol Hydrochloride(트라마돌염산염)",20260219
"특정연령대금기","복합",D000773,"Tramadol Hydrochloride","트라마돌염산염","[D000147]Acetaminophen(아세트아미노펜)","필름코팅정",200805556,"트로셋정",20080513,"(주)서울제약","연한 황색의 장방형 필름코팅정제",01140,"해열.진통.소염제","전문의약품","[M222893]트라마돌염산염/[M040353]아세트아미노펜",20190522,"소아에서 생명에 치명적인 호흡 억제 및 사망 발생","","Tramadol Hydrochloride(트라마돌염산염)",20260219
"특정연령대금기","복합",D000773,"Tramadol Hydrochloride","트라마돌염산염","[D000147]Acetaminophen(아세트아미노펜)","필름코팅정",200805598,"유트렌정",20080519,"일양바이오팜(주)","연한 노란색의 장방형 필름코팅정제",01140,"해열.진통.소염제","전문의약품","[M040353]아세트아미노펜/[M222893]트라마돌염산염",20190522,"소아에서 생명에 치명적인 호흡 억제 및 사망 발생","","Tramadol Hydrochloride(트라마돌염산염)",20260219
"특정연령대금기","복합",D000773,"Tramadol Hydrochloride","트라마돌염산염","[D000147]Acetaminophen(아세트아미노펜)","필름코팅정",200805599,"유트렌세미정",20080519,"일양바이오팜(주)","연한 노란색의 장방형 필름코팅정제",01140,"해열.진통.소염제","전문의약품","[M040353]아세트아미노펜/[M222893]트라마돌염산염",20190522,"소아에서 생명에 치명적인 호흡 억제 및 사망 발생","","Tramadol Hydrochloride(트라마돌염산염)",20260219
"특정연령대금기","복합",D000773,"Tramadol Hydrochloride","트라마돌염산염","[D000147]Acetaminophen(아세트아미노펜)","필름코팅정",200805631,"웰트라정",20080520,"(주)에이프로젠바이오로직스","연한 황색의 장방형 필름코팅제",01140,"해열.진통.소염제","전문의약품","[M222893]트라마돌염산염/[M040353]아세트아미노펜",20190522,"소아에서 생명에 치명적인 호흡 억제 및 사망 발생","","Tramadol Hydrochloride(트라마돌염산염)",20260219
"특정연령대금기","복합",D000773,"Tramadol Hydrochloride","트라마돌염산염","[D000147]Acetaminophen(아세트아미노펜)","필름코팅정",200805632,"타미트라세미정",20080520,"삼익제약(주)","연한 황색의 장방형 필름코팅제",01140,"해열.진통.소염제","전문의약품","[M040353]아세트아미노펜/[M222893]트라마돌염산염",20190522,"소아에서 생명에 치명적인 호흡 억제 및 사망 발생","","Tramadol Hydrochloride(트라마돌염산염)",20260219
"특정연령대금기","복합",D000773,"Tramadol Hydrochloride","트라마돌염산염","[D000147]Acetaminophen(아세트아미노펜)","필름코팅정",200805734,"티오셋세미정",20080521,"(주)휴메딕스","연한 노란색의 장방형 필름코팅정제",01140,"해열.진통.소염제","전문의약품","[M040353]아세트아미노펜/[M222893]트라마돌염산염",20190522,"소아에서 생명에 치명적인 호흡 억제 및 사망 발생","","Tramadol Hydrochloride(트라마돌염산염)",20260219
"특정연령대금기","복합",D000773,"Tramadol Hydrochloride","트라마돌염산염","[D000147]Acetaminophen(아세트아미노펜)","필름코팅정",200805737,"아트라펜세미정",20080522,"한국프라임제약(주)","연한 황색의 장방형 필름코팅정",01140,"해열.진통.소염제","전문의약품","[M222893]트라마돌염산염/[M040353]아세트아미노펜",20190522,"소아에서 생명에 치명적인 호흡 억제 및 사망 발생","","Tramadol Hydrochloride(트라마돌염산염)",20260219
"특정연령대금기","복합",D000773,"Tramadol Hydrochloride","트라마돌염산염","[D000147]Acetaminophen(아세트아미노펜)","필름코팅정",200805739,"올펜세미정",20080522,"(주)셀릭스","연한 황색의 장방형 필름코팅정제",01140,"해열.진통.소염제","전문의약품","[M040353]아세트아미노펜/[M222893]트라마돌염산염",20190522,"소아에서 생명에 치명적인 호흡 억제 및 사망 발생","","Tramadol Hydrochloride(트라마돌염산염)",20260219
"특정연령대금기","복합",D000773,"Tramadol Hydrochloride","트라마돌염산염","[D000147]Acetaminophen(아세트아미노펜)","필름코팅정",200805748,"유로셋정",20080523,"(주)아이월드제약","연한 황색의 장방형 필름코팅정제",01140,"해열.진통.소염제","전문의약품","[M255410]트라마돌염산염/[M040353]아세트아미노펜",20190522,"소아에서 생명에 치명적인 호흡 억제 및 사망 발생","","Tramadol Hydrochloride(트라마돌염산염)",20260219
"특정연령대금기","복합",D000773,"Tramadol Hydrochloride","트라마돌염산염","[D000147]Acetaminophen(아세트아미노펜)","필름코팅정",200805749,"유로셋세미정",20080523,"(주)아이월드제약","연한 황색의 장방형 필름코팅정제",01140,"해열.진통.소염제","전문의약품","[M255410]트라마돌염산염/[M040353]아세트아미노펜",20190522,"소아에서 생명에 치명적인 호흡 억제 및 사망 발생","","Tramadol Hydrochloride(트라마돌염산염)",20260219
"특정연령대금기","복합",D000773,"Tramadol Hydrochloride","트라마돌염산염","[D000147]Acetaminophen(아세트아미노펜)","필름코팅정",200805752,"유토펜정",20080523,"에이치케이이노엔(주)","연한 황색의 장방형 필름코팅정제",01140,"해열.진통.소염제","전문의약품","[M040353]아세트아미노펜/[M222893]트라마돌염산염",20190522,"소아에서 생명에 치명적인 호흡 억제 및 사망 발생","","Tramadol Hydrochloride(트라마돌염산염)",20260219
"특정연령대금기","복합",D000773,"Tramadol Hydrochloride","트라마돌염산염","[D000147]Acetaminophen(아세트아미노펜)","필름코팅정",200805810,"아펜트라정",20080526,"한국넬슨제약(주)","연한 황색의 장방형 필름코팅정제",01140,"해열.진통.소염제","전문의약품","[M222893]트라마돌염산염/[M040353]아세트아미노펜",20190522,"소아에서 생명에 치명적인 호흡 억제 및 사망 발생","","Tramadol Hydrochloride(트라마돌염산염)",20260219
"특정연령대금기","복합",D000773,"Tramadol Hydrochloride","트라마돌염산염","[D000147]Acetaminophen(아세트아미노펜)","필름코팅정",200805812,"유토펜세미정",20080526,"에이치케이이노엔(주)","연한 황색의 장방형 필름코팅정제",01140,"해열.진통.소염제","전문의약품","[M040353]아세트아미노펜/[M222893]트라마돌염산염",20190522,"소아에서 생명에 치명적인 호흡 억제 및 사망 발생","","Tramadol Hydrochloride(트라마돌염산염)",20260219
"특정연령대금기","복합",D000773,"Tramadol Hydrochloride","트라마돌염산염","[D000147]Acetaminophen(아세트아미노펜)","필름코팅정",200805821,"파라마셋정",20080526,"동아에스티(주)","연한 황색의 장방형 필름코팅정제",01140,"해열.진통.소염제","전문의약품","[M222893]트라마돌염산염/[M040353]아세트아미노펜",20190522,"소아에서 생명에 치명적인 호흡 억제 및 사망 발생","","Tramadol Hydrochloride(트라마돌염산염)",20260219
"특정연령대금기","복합",D000773,"Tramadol Hydrochloride","트라마돌염산염","[D000147]Acetaminophen(아세트아미노펜)","필름코팅정",200805842,"파라마셋세미정",20080526,"동아에스티(주)","연한 황색의 장방형 필름코팅 정제",01140,"해열.진통.소염제","전문의약품","[M222893]트라마돌염산염/[M040353]아세트아미노펜",20190522,"소아에서 생명에 치명적인 호흡 억제 및 사망 발생","","Tramadol Hydrochloride(트라마돌염산염)",20260219
"특정연령대금기","복합",D000773,"Tramadol Hydrochloride","트라마돌염산염","[D000147]Acetaminophen(아세트아미노펜)","필름코팅정",200805843,"슈퍼셋세미정",20080526,"한국유나이티드제약(주)","연한황색의 장방형 필름코팅정",01140,"해열.진통.소염제","전문의약품","[M222893]트라마돌염산염/[M040353]아세트아미노펜",20190522,"소아에서 생명에 치명적인 호흡 억제 및 사망 발생","","Tramadol Hydrochloride(트라마돌염산염)",20260219
"특정연령대금기","복합",D000773,"Tramadol Hydrochloride","트라마돌염산염","[D000147]Acetaminophen(아세트아미노펜)","필름코팅정",200805849,"티오셋정",20080526,"(주)휴메딕스","연한 황색의 장방형 필름코팅 정제",01140,"해열.진통.소염제","전문의약품","[M040353]아세트아미노펜/[M222893]트라마돌염산염",20190522,"소아에서 생명에 치명적인 호흡 억제 및 사망 발생","","Tramadol Hydrochloride(트라마돌염산염)",20260219
"특정연령대금기","복합",D000773,"Tramadol Hydrochloride","트라마돌염산염","[D000147]Acetaminophen(아세트아미노펜)","필름코팅정",200805915,"트라세트세미정",20080527,"유니메드제약(주)","연한 황색의 장방형 필름코팅정제",01140,"해열.진통.소염제","전문의약품","[M222893]트라마돌염산염/[M040353]아세트아미노펜",20190522,"소아에서 생명에 치명적인 호흡 억제 및 사망 발생","","Tramadol Hydrochloride(트라마돌염산염)",20260219
"특정연령대금기","복합",D000773,"Tramadol Hydrochloride","트라마돌염산염","[D000147]Acetaminophen(아세트아미노펜)","필름코팅정",200805928,"트라임정",20080528,"(주)킵스바이오파마","연한 노란색의 장방형 필름코팅정",01140,"해열.진통.소염제","전문의약품","[M040353]아세트아미노펜/[M255410]트라마돌염산염",20190522,"소아에서 생명에 치명적인 호흡 억제 및 사망 발생","","Tramadol Hydrochloride(트라마돌염산염)",20260219
"특정연령대금기","복합",D000773,"Tramadol Hydrochloride","트라마돌염산염","[D000147]Acetaminophen(아세트아미노펜)","필름코팅정",200806185,"에이셋정",20080604,"한국휴텍스제약(주)","연한 황색의 장방형 필름코팅정",01140,"해열.진통.소염제","전문의약품","[M040353]아세트아미노펜/[M255410]트라마돌염산염",20190522,"소아에서 생명에 치명적인 호흡 억제 및 사망 발생","","Tramadol Hydrochloride(트라마돌염산염)",20260219
"특정연령대금기","단일",D000647,"Cetirizine Hydrochloride","세티리진염산염","","필름코팅정",200900207,"세티스정(세티리진염산염)",20090106,"한솔신약(주)","흰색의 장방형 필름코팅정",01410,"항히스타민제","일반의약품","[M222857]세티리진염산염",20140109,"안전성 및 유효성 미확립","","Cetirizine Hydrochloride(세티리진염산염)",20210212
"특정연령대금기","단일",D000647,"Cetirizine Hydrochloride","세티리진염산염","","필름코팅정",200904150,"세레지아정(세티리진염산염)(수출용)",20090615,"주식회사제뉴원사이언스","흰색의 장방형 필름제피정제",01410,"항히스타민제","일반의약품","[M222857]세티리진염산염/[M222857]세티리진염산염/[M222857]세티리진염산염",20140109,"안전성 및 유효성 미확립","","Cetirizine Hydrochloride(세티리진염산염)",20210212
"특정연령대금기","단일",D000647,"Cetirizine Hydrochloride","세티리진염산염","","필름코팅정",200904516,"쥬르택정(세티리진염산염)",20090626,"조아제약(주)","흰색의 장방형 필름코팅정제",01410,"항히스타민제","일반의약품","[M222857]세티리진염산염",20140109,"안전성 및 유효성 미확립","","Cetirizine Hydrochloride(세티리진염산염)",20210212
"특정연령대금기","단일",D000647,"Cetirizine Hydrochloride","세티리진염산염","","연질캡슐제, 액상",200904666,"아르텍연질캡슐10mg(세티리진염산염)",20090630,"(주)알피바이오","무색 내지 연보라색의 내용물이 든 보라색의 투명한 타원형 연질캡슐",01410,"항히스타민제","일반의약품","[M222857]세티리진염산염",20140109,"안전성 및 유효성 미확립","","Cetirizine Hydrochloride(세티리진염산염)",20210212
"특정연령대금기","단일",D000647,"Cetirizine Hydrochloride","세티리진염산염","","필름코팅정",200905228,"알드라민정(세티리진염산염)",20090710,"익수제약(주)","흰색의 장방형 필름코팅정제",01410,"항히스타민제","일반의약품","[M222857]세티리진염산염",20140109,"안전성 및 유효성 미확립","","Cetirizine Hydrochloride(세티리진염산염)",20210212
"특정연령대금기","복합",D001521,"Calcium Pantothenate","판토텐산칼슘","[D001117]Cyanocobalamin(시아노코발라민)/[D001518]Milk-thistle Fruit Dry Extract(Milk Thistke Dry Extract)(밀크시슬건조엑스)/[D001519]Nicotinamide(니코틴산아미드)/[D001265]Pyridoxine Hydrochloride(피리독신염산염)/[D001520]Thiamine nitrate(티아민질산염)","연질캡슐제, 현탁상",200809185,"헤파플러스연질캡슐",20080902,"(주)테라젠이텍스","황갈색의 내용물을 함유한 황녹색의 장방형 연질캡슐",03910,"간장질환용제","일반의약품","[M272736]밀크시슬열매 건조엑스/[M223262]티아민질산염/[M204304]피리독신염산염/[M040064]니코틴산아미드/[M244748]판토텐산칼슘/[M096429]시아노코발라민",20201228,"","","Calcium Pantothenate(판토텐산칼슘)",20180121
"특정연령대금기","복합",D001521,"Calcium Pantothenate","판토텐산칼슘","[D001117]Cyanocobalamin(시아노코발라민)/[D001518]Milk-thistle Fruit Dry Extract(Milk Thistke Dry Extract)(밀크시슬건조엑스)/[D001519]Nicotinamide(니코틴산아미드)/[D001265]Pyridoxine Hydrochloride(피리독신염산염)/[D001520]Thiamine nitrate(티아민질산염)","연질캡슐제, 현탁상",200903043,"리버파워포르테연질캡슐",20090428,"아이큐어(주)","황갈색의 내용물을 함유한 황녹색의 장방형 연질캡슐",03910,"간장질환용제","일반의약품","[M272736]밀크시슬열매 건조엑스/[M223262]티아민질산염/[M204304]피리독신염산염/[M040064]니코틴산아미드/[M244748]판토텐산칼슘/[M096429]시아노코발라민",20201228,"","","Calcium Pantothenate(판토텐산칼슘)",20180121
"특정연령대금기","단일",D001518,"Milk-Thistle Fruit Dried Extract","밀크시슬열매 건조엑스","","연질캡슐제, 현탁상",200905353,"외유내간연질캡슐(밀크시슬열매건조엑스)",20090714,"삼진제약(주)","황갈색의 유상 내용물을 함유한 암갈색의 장방형연질캡슐",03910,"간장질환용제","일반의약품","[M272736]밀크시슬열매 건조엑스",20201228,"","","Milk-Thistle Fruit Dried Extract(밀크시슬열매 건조엑스)",20200708
"특정연령대금기","단일",D000647,"Cetirizine Hydrochloride","세티리진염산염","","필름코팅정",200905403,"알세진정10밀리그램(세티리진염산염)",20090715,"(주)휴온스","흰색의 장방형 필름코팅정제",01410,"항히스타민제","일반의약품","[M222857]세티리진염산염",20140109,"안전성 및 유효성 미확립","","Cetirizine Hydrochloride(세티리진염산염)",20210212
"특정연령대금기","단일",D000647,"Cetirizine Hydrochloride","세티리진염산염","","연질캡슐제, 액상",200905653,"알지엔스피드연질캡슐10밀리그램(세티리진염산염)",20090720,"(주)대웅제약","무색 내지 연보라색의 내용물이 든 보라색의 투명한 타원형 연질캡슐",01410,"항히스타민제","일반의약품","[M222857]세티리진염산염",20140109,"안전성 및 유효성 미확립","","Cetirizine Hydrochloride(세티리진염산염)",20210212
"특정연령대금기","단일",D000647,"Cetirizine Hydrochloride","세티리진염산염","","연질캡슐제, 액상",200906254,"알러샷연질캡슐(세티리진염산염)",20090812,"(주)녹십자","무색 내지 연보라색의 내용물이 든 보라색의 투명한 타원형 연질캡슐",01410,"항히스타민제","일반의약품","[M222857]세티리진염산염",20140109,"안전성 및 유효성 미확립","","Cetirizine Hydrochloride(세티리진염산염)",20210212
"특정연령대금기","단일",D001518,"Milk-Thistle Fruit Dried Extract","밀크시슬열매 건조엑스","","연질캡슐제, 현탁상",201206837,"헤파가드연질캡슐350mg(밀크시슬열매건조엑스)",20120919,"(주)마더스제약","황갈색의 유상 내용물을 함유한 녹색의 장방형 연질캡슐제",03910,"간장질환용제","일반의약품","[M272736]밀크시슬열매 건조엑스",20201228,"","","Milk-Thistle Fruit Dried Extract(밀크시슬열매 건조엑스)",20200907
"특정연령대금기","복합",D000773,"Tramadol Hydrochloride","트라마돌염산염","[D000147]Acetaminophen(아세트아미노펜)","서방성필름코팅정",201207590,"트라마롤서방정",20121031,"제일약품(주)","연한 황색의 장방형 필름코팅서방정",01140,"해열.진통.소염제","전문의약품","[M222893]트라마돌염산염/[M040353]아세트아미노펜/[M040353]아세트아미노펜",20190522,"소아에서 생명에 치명적인 호흡 억제 및 사망 발생","","Tramadol Hydrochloride(트라마돌염산염)",20260219
"특정연령대금기","복합",D000773,"Tramadol Hydrochloride","트라마돌염산염","[D000147]Acetaminophen(아세트아미노펜)","서방성필름코팅정",201207591,"엑스페인ER서방정",20121031,"(주)한독","연한 황색의 장방형 필름코팅서방정",01140,"해열.진통.소염제","전문의약품","[M222893]트라마돌염산염/[M040353]아세트아미노펜/[M040353]아세트아미노펜",20190522,"소아에서 생명에 치명적인 호흡 억제 및 사망 발생","","Tramadol Hydrochloride(트라마돌염산염)",20260219
"특정연령대금기","복합",D000773,"Tramadol Hydrochloride","트라마돌염산염","[D000147]Acetaminophen(아세트아미노펜)","서방성필름코팅정",201207592,"원트란서방정",20121031,"대원제약(주)","연한 황색의 장방형 필름코팅서방정",01140,"해열.진통.소염제","전문의약품","[M255410]트라마돌염산염/[M040353]아세트아미노펜/[M040353]아세트아미노펜/[M255410]트라마돌염산염/[M040353]아세트아미노펜/[M040353]아세트아미노펜/[M255410]트라마돌염산염/[M040353]아세트아미노펜/[M040353]아세트아미노펜",20190522,"소아에서 생명에 치명적인 호흡 억제 및 사망 발생","","Tramadol Hydrochloride(트라마돌염산염)",20260219
"특정연령대금기","복합",D000773,"Tramadol Hydrochloride","트라마돌염산염","[D000147]Acetaminophen(아세트아미노펜)","서방성필름코팅정",201209007,"트라펜서방정",20121130,"명문제약(주)","연한 황색의 장방형 필름코팅서방정",01140,"해열.진통.소염제","전문의약품","[M222893]트라마돌염산염/[M040353]아세트아미노펜/[M040353]아세트아미노펜",20190522,"소아에서 생명에 치명적인 호흡 억제 및 사망 발생","","Tramadol Hydrochloride(트라마돌염산염)",20260219
"특정연령대금기","복합",D000773,"Tramadol Hydrochloride","트라마돌염산염","[D000147]Acetaminophen(아세트아미노펜)","필름코팅정",201301696,"베아셋정",20130122,"대웅바이오(주)","연한 황색의 장방형 필름코팅정",01140,"해열.진통.소염제","전문의약품","[M222893]트라마돌염산염/[M040353]아세트아미노펜",20190522,"소아에서 생명에 치명적인 호흡 억제 및 사망 발생","","Tramadol Hydrochloride(트라마돌염산염)",20260219
"특정연령대금기","복합",D000773,"Tramadol Hydrochloride","트라마돌염산염","[D000147]Acetaminophen(아세트아미노펜)","서방성필름코팅정",201306118,"시너젯이알서방정",20130308,"삼진제약(주)","연한 황색의 장방형 필름코팅서방정",01140,"해열.진통.소염제","전문의약품","[M040353]아세트아미노펜/[M222893]트라마돌염산염/[M040353]아세트아미노펜",20190522,"소아에서 생명에 치명적인 호흡 억제 및 사망 발생","","Tramadol Hydrochloride(트라마돌염산염)",20260219
"특정연령대금기","복합",D000773,"Tramadol Hydrochloride","트라마돌염산염","[D000147]Acetaminophen(아세트아미노펜)","필름코팅정",201306379,"세타돌세미정",20130322,"동성제약(주)","연한 황색의 장방형 필름코팅정",01140,"해열.진통.소염제","전문의약품","[M222893]트라마돌염산염/[M040353]아세트아미노펜",20190522,"소아에서 생명에 치명적인 호흡 억제 및 사망 발생","","Tramadol Hydrochloride(트라마돌염산염)",20260219
"특정연령대금기","복합",D000773,"Tramadol Hydrochloride","트라마돌염산염","[D000147]Acetaminophen(아세트아미노펜)","필름코팅정",201307383,"아디고정(수출용)",20130520,"대한약품공업(주)","연한 황색 장방형 필름코팅정제",01140,"해열.진통.소염제","전문의약품","[M040353]아세트아미노펜/[M222893]트라마돌염산염",20190522,"소아에서 생명에 치명적인 호흡 억제 및 사망 발생","","Tramadol Hydrochloride(트라마돌염산염)",20241002
"특정연령대금기","복합",D000773,"Tramadol Hydrochloride","트라마돌염산염","[D000147]Acetaminophen(아세트아미노펜)","서방성필름코팅정",201307895,"엑스페인ER세미서방정",20130627,"(주)한독","연한 황색의 원형 필름코팅서방정",01140,"해열.진통.소염제","전문의약품","[M222893]트라마돌염산염/[M040353]아세트아미노펜/[M040353]아세트아미노펜",20190522,"소아에서 생명에 치명적인 호흡 억제 및 사망 발생","","Tramadol Hydrochloride(트라마돌염산염)",20260219
"특정연령대금기","복합",D000773,"Tramadol Hydrochloride","트라마돌염산염","[D000147]Acetaminophen(아세트아미노펜)","서방성필름코팅정",201307896,"원트란세미서방정",20130627,"대원제약(주)","연한 황색의 원형 필름코팅서방정",01140,"해열.진통.소염제","전문의약품","[M222893]트라마돌염산염/[M040353]아세트아미노펜/[M040353]아세트아미노펜",20190522,"소아에서 생명에 치명적인 호흡 억제 및 사망 발생","","Tramadol Hydrochloride(트라마돌염산염)",20260219
"특정연령대금기","복합",D000773,"Tramadol Hydrochloride","트라마돌염산염","[D000147]Acetaminophen(아세트아미노펜)","서방성필름코팅정",201307929,"시너젯이알세미서방정",20130628,"삼진제약(주)","연한 황색의 원형 필름코팅서방정",01140,"해열.진통.소염제","전문의약품","[M040353]아세트아미노펜/[M222893]트라마돌염산염/[M040353]아세트아미노펜",20190522,"소아에서 생명에 치명적인 호흡 억제 및 사망 발생","","Tramadol Hydrochloride(트라마돌염산염)",20260219
"특정연령대금기","복합",D000773,"Tramadol Hydrochloride","트라마돌염산염","[D000147]Acetaminophen(아세트아미노펜)","서방성필름코팅정",201308055,"트라펜세미서방정",20130705,"명문제약(주)","연한 황색의 원형 필름코팅서방정",01140,"해열.진통.소염제","전문의약품","[M222893]트라마돌염산염/[M040353]아세트아미노펜/[M040353]아세트아미노펜",20190522,"소아에서 생명에 치명적인 호흡 억제 및 사망 발생","","Tramadol Hydrochloride(트라마돌염산염)",20260219
"특정연령대금기","복합",D000773,"Tramadol Hydrochloride","트라마돌염산염","[D000147]Acetaminophen(아세트아미노펜)","서방성필름코팅정",201308279,"트라마롤세미서방정",20130718,"제일약품(주)","연한 황색의 원형 필름코팅서방정",01140,"해열.진통.소염제","전문의약품","[M222893]트라마돌염산염/[M040353]아세트아미노펜/[M040353]아세트아미노펜",20190522,"소아에서 생명에 치명적인 호흡 억제 및 사망 발생","","Tramadol Hydrochloride(트라마돌염산염)",20260219
"특정연령대금기","복합",D000773,"Tramadol Hydrochloride","트라마돌염산염","[D000147]Acetaminophen(아세트아미노펜)","필름코팅정",201308359,"한트라셋세미정",20130724,"한올바이오파마(주)","연한 황색의 장방형 필름코팅정제",01140,"해열.진통.소염제","전문의약품","[M255410]트라마돌염산염/[M040353]아세트아미노펜",20190522,"소아에서 생명에 치명적인 호흡 억제 및 사망 발생","","Tramadol Hydrochloride(트라마돌염산염)",20260219
"특정연령대금기","복합",D000773,"Tramadol Hydrochloride","트라마돌염산염","[D000147]Acetaminophen(아세트아미노펜)","필름코팅정",201308360,"한트라셋정",20130724,"한올바이오파마(주)","연한 황색의 장방형 필름코팅정제",01140,"해열.진통.소염제","전문의약품","[M255410]트라마돌염산염/[M040353]아세트아미노펜",20190522,"소아에서 생명에 치명적인 호흡 억제 및 사망 발생","","Tramadol Hydrochloride(트라마돌염산염)",20260219
"특정연령대금기","복합",D000773,"Tramadol Hydrochloride","트라마돌염산염","[D000147]Acetaminophen(아세트아미노펜)","필름코팅정",201309260,"아세라노세미정",20130909,"(주)씨엠지제약","연한 노란색의 장방형 필름코팅정제",01140,"해열.진통.소염제","전문의약품","[M222893]트라마돌염산염/[M040353]아세트아미노펜",20190522,"소아에서 생명에 치명적인 호흡 억제 및 사망 발생","","Tramadol Hydrochloride(트라마돌염산염)",20260219
"특정연령대금기","복합",D000773,"Tramadol Hydrochloride","트라마돌염산염","[D000147]Acetaminophen(아세트아미노펜)","필름코팅정",201309439,"시너젯세미정",20130926,"삼진제약(주)","연한 황색의 장방형 필름코팅정제",01140,"해열.진통.소염제","전문의약품","[M222893]트라마돌염산염/[M040353]아세트아미노펜",20190522,"소아에서 생명에 치명적인 호흡 억제 및 사망 발생","","Tramadol Hydrochloride(트라마돌염산염)",20260219
"특정연령대금기","복합",D000773,"Tramadol Hydrochloride","트라마돌염산염","[D000147]Acetaminophen(아세트아미노펜)","필름코팅정",201309487,"이트라펜정",20130930,"(주)화이트생명과학","연한 노란색의 장방형 필름코팅정제",01140,"해열.진통.소염제","전문의약품","[M040353]아세트아미노펜/[M222893]트라마돌염산염",20190522,"소아에서 생명에 치명적인 호흡 억제 및 사망 발생","","Tramadol Hydrochloride(트라마돌염산염)",20260219
"특정연령대금기","복합",D000773,"Tramadol Hydrochloride","트라마돌염산염","[D000147]Acetaminophen(아세트아미노펜)","필름코팅정",201310117,"트라마롤세미정",20131113,"제일약품(주)","연한 황색의 장방형 필름코팅정제",01140,"해열.진통.소염제","전문의약품","[M040353]아세트아미노펜/[M222893]트라마돌염산염",20190522,"소아에서 생명에 치명적인 호흡 억제 및 사망 발생","","Tramadol Hydrochloride(트라마돌염산염)",20260219
"특정연령대금기","복합",D000773,"Tramadol Hydrochloride","트라마돌염산염","[D000147]Acetaminophen(아세트아미노펜)","필름코팅정",201310118,"트라마롤정",20131113,"제일약품(주)","연한 황색의 장방형 필름코팅정제",01140,"해열.진통.소염제","전문의약품","[M040353]아세트아미노펜/[M222893]트라마돌염산염",20190522,"소아에서 생명에 치명적인 호흡 억제 및 사망 발생","","Tramadol Hydrochloride(트라마돌염산염)",20260219
"특정연령대금기","복합",D000773,"Tramadol Hydrochloride","트라마돌염산염","[D000147]Acetaminophen(아세트아미노펜)","필름코팅정",201310500,"노통펜프러스미니정",20131204,"화일약품(주)","연한 황색의 장방형 필름코팅정제",01140,"해열.진통.소염제","전문의약품","[M222893]트라마돌염산염/[M040353]아세트아미노펜",20190522,"소아에서 생명에 치명적인 호흡 억제 및 사망 발생","","Tramadol Hydrochloride(트라마돌염산염)",20260219
"특정연령대금기","복합",D000773,"Tramadol Hydrochloride","트라마돌염산염","[D000147]Acetaminophen(아세트아미노펜)","필름코팅정",201310583,"트라플엠정",20131208,"(주)마더스제약","연한 황색의 장방형 필름코팅정제",01140,"해열.진통.소염제","전문의약품","[M040353]아세트아미노펜/[M222893]트라마돌염산염",20190522,"소아에서 생명에 치명적인 호흡 억제 및 사망 발생","","Tramadol Hydrochloride(트라마돌염산염)",20260219
"특정연령대금기","복합",D000773,"Tramadol Hydrochloride","트라마돌염산염","[D000147]Acetaminophen(아세트아미노펜)","필름코팅정",201310700,"테라펜세미정",20131216,"(주)넥스팜코리아","연한 황색의 장방형 필름코팅정제",01140,"해열.진통.소염제","전문의약품","[M222893]트라마돌염산염/[M040353]아세트아미노펜",20190522,"소아에서 생명에 치명적인 호흡 억제 및 사망 발생","","Tramadol Hydrochloride(트라마돌염산염)",20260219
"특정연령대금기","복합",D000773,"Tramadol Hydrochloride","트라마돌염산염","[D000147]Acetaminophen(아세트아미노펜)","필름코팅정",201400343,"아세라노정",20140124,"(주)씨엠지제약","연한 노란색의 장방형 필름코팅정제",01140,"해열.진통.소염제","전문의약품","[M040353]아세트아미노펜/[M222893]트라마돌염산염",20190522,"소아에서 생명에 치명적인 호흡 억제 및 사망 발생","","Tramadol Hydrochloride(트라마돌염산염)",20260219
"특정연령대금기","복합",D000773,"Tramadol Hydrochloride","트라마돌염산염","[D000147]Acetaminophen(아세트아미노펜)","필름코팅정",201401376,"제이트라세미정",20140326,"(주)비보존제약","연한 황색의 장방형 필름코팅정제",01140,"해열.진통.소염제","전문의약품","[M222893]트라마돌염산염/[M040353]아세트아미노펜",20190522,"소아에서 생명에 치명적인 호흡 억제 및 사망 발생","","Tramadol Hydrochloride(트라마돌염산염)",20260219
"특정연령대금기","복합",D000773,"Tramadol Hydrochloride","트라마돌염산염","[D000147]Acetaminophen(아세트아미노펜)","필름코팅정",201402450,"메가셋세미정",20140529,"대화제약(주)","연한 황색의 장방형 필름코팅정제",01140,"해열.진통.소염제","전문의약품","[M040353]아세트아미노펜/[M222893]트라마돌염산염",20190522,"소아에서 생명에 치명적인 호흡 억제 및 사망 발생","","Tramadol Hydrochloride(트라마돌염산염)",20260219
"특정연령대금기","복합",D000773,"Tramadol Hydrochloride","트라마돌염산염","[D000147]Acetaminophen(아세트아미노펜)","필름코팅정",201402850,"도라셋세미정",20140626,"진양제약(주)","연한 노란색의 장방형 필름코팅정제",01140,"해열.진통.소염제","전문의약품","[M255410]트라마돌염산염/[M040353]아세트아미노펜",20190522,"소아에서 생명에 치명적인 호흡 억제 및 사망 발생","","Tramadol Hydrochloride(트라마돌염산염)",20260219
"특정연령대금기","복합",D000773,"Tramadol Hydrochloride","트라마돌염산염","[D000147]Acetaminophen(아세트아미노펜)","필름코팅정",201402890,"트라마펜세미정",20140630,"구주제약(주)","연한 황색의 장방형 필름코팅정제",01140,"해열.진통.소염제","전문의약품","[M255410]트라마돌염산염/[M040353]아세트아미노펜",20190522,"소아에서 생명에 치명적인 호흡 억제 및 사망 발생","","Tramadol Hydrochloride(트라마돌염산염)",20260219
"특정연령대금기","복합",D000773,"Tramadol Hydrochloride","트라마돌염산염","[D000147]Acetaminophen(아세트아미노펜)","필름코팅정",201403740,"펜클리어정",20140812,"(주)팜젠사이언스","연한 황색의 장방형 필름코팅정제",01140,"해열.진통.소염제","전문의약품","[M040353]아세트아미노펜/[M255410]트라마돌염산염",20190522,"소아에서 생명에 치명적인 호흡 억제 및 사망 발생","","Tramadol Hydrochloride(트라마돌염산염)",20260219
"특정연령대금기","복합",D000773,"Tramadol Hydrochloride","트라마돌염산염","[D000147]Acetaminophen(아세트아미노펜)","필름코팅정",201403947,"파인미정",20140822,"(주)휴비스트제약","연한 노란색의 장방형 필름코팅정제",01140,"해열.진통.소염제","전문의약품","[M255410]트라마돌염산염/[M040353]아세트아미노펜",20190522,"소아에서 생명에 치명적인 호흡 억제 및 사망 발생","","Tramadol Hydrochloride(트라마돌염산염)",20260219
"특정연령대금기","복합",D000773,"Tramadol Hydrochloride","트라마돌염산염","[D000147]Acetaminophen(아세트아미노펜)","필름코팅정",201403995,"이트라펜세미정",20140827,"(주)화이트생명과학","연한 황색의 장방형 필름코팅정",01140,"해열.진통.소염제","전문의약품","[M222893]트라마돌염산염/[M040353]아세트아미노펜",20190522,"소아에서 생명에 치명적인 호흡 억제 및 사망 발생","","Tramadol Hydrochloride(트라마돌염산염)",20260219
"특정연령대금기","복합",D000773,"Tramadol Hydrochloride","트라마돌염산염","[D000147]Acetaminophen(아세트아미노펜)","필름코팅정",201404759,"아세돌세미정",20141016,"(주)이든파마","연한 황색의 장방형 필름코팅정제",01140,"해열.진통.소염제","전문의약품","[M222893]트라마돌염산염/[M040353]아세트아미노펜",20190522,"소아에서 생명에 치명적인 호흡 억제 및 사망 발생","","Tramadol Hydrochloride(트라마돌염산염)",20260219
"특정연령대금기","복합",D000773,"Tramadol Hydrochloride","트라마돌염산염","[D000147]Acetaminophen(아세트아미노펜)","필름코팅정",201404784,"아세돌정",20141018,"(주)이든파마","연한 황색의 장방형 필름코팅정제",01140,"해열.진통.소염제","전문의약품","[M222893]트라마돌염산염/[M040353]아세트아미노펜",20190522,"소아에서 생명에 치명적인 호흡 억제 및 사망 발생","","Tramadol Hydrochloride(트라마돌염산염)",20260219
"특정연령대금기","복합",D000773,"Tramadol Hydrochloride","트라마돌염산염","[D000147]Acetaminophen(아세트아미노펜)","필름코팅정",201404905,"트라임세미정",20141024,"(주)킵스바이오파마","연한 노란색의 장방형 필름코팅정",01140,"해열.진통.소염제","전문의약품","[M040353]아세트아미노펜/[M222893]트라마돌염산염",20190522,"소아에서 생명에 치명적인 호흡 억제 및 사망 발생","","Tramadol Hydrochloride(트라마돌염산염)",20260219
"특정연령대금기","복합",D000773,"Tramadol Hydrochloride","트라마돌염산염","[D000147]Acetaminophen(아세트아미노펜)","필름코팅정",201405383,"트라플엠세미정",20141119,"(주)마더스제약","연한 황색의 장방형 필름코팅정제",01140,"해열.진통.소염제","전문의약품","[M222893]트라마돌염산염/[M040353]아세트아미노펜",20190522,"소아에서 생명에 치명적인 호흡 억제 및 사망 발생","","Tramadol Hydrochloride(트라마돌염산염)",20260219
"특정연령대금기","복합",D000773,"Tramadol Hydrochloride","트라마돌염산염","[D000147]Acetaminophen(아세트아미노펜)","서방성필름코팅정",201500497,"엔시트라서방정(트라마돌염산염, 아세트아미노펜)",20150130,"한림제약(주)","황색의 장방형 필름코팅서방정",01140,"해열.진통.소염제","전문의약품","[M040353]아세트아미노펜/[M040353]아세트아미노펜/[M222893]트라마돌염산염",20190522,"소아에서 생명에 치명적인 호흡 억제 및 사망 발생","","Tramadol Hydrochloride(트라마돌염산염)",20260219
"특정연령대금기","복합",D000773,"Tramadol Hydrochloride","트라마돌염산염","[D000147]Acetaminophen(아세트아미노펜)","필름코팅정",201501581,"베아셋세미정",20150325,"대웅바이오(주)","연한 황색의 장방형 필름코팅정제",01140,"해열.진통.소염제","전문의약품","[M222893]트라마돌염산염/[M040353]아세트아미노펜",20190522,"소아에서 생명에 치명적인 호흡 억제 및 사망 발생","","Tramadol Hydrochloride(트라마돌염산염)",20260219
"특정연령대금기","복합",D000773,"Tramadol Hydrochloride","트라마돌염산염","[D000147]Acetaminophen(아세트아미노펜)","서방성필름코팅정",201501690,"페인리스서방정",20150330,"주식회사제뉴원사이언스","연한 노란색의 장방형 서방성 필름코팅정",01140,"해열.진통.소염제","전문의약품","[M040353]아세트아미노펜/[M040353]아세트아미노펜/[M222893]트라마돌염산염",20190522,"소아에서 생명에 치명적인 호흡 억제 및 사망 발생","","Tramadol Hydrochloride(트라마돌염산염)",20260219
"특정연령대금기","복합",D000773,"Tramadol Hydrochloride","트라마돌염산염","[D000147]Acetaminophen(아세트아미노펜)","서방성필름코팅정",201502351,"트로셋서방정",20150417,"(주)서울제약","연한 노란색의 장방형 서방성 필름코팅정",01140,"해열.진통.소염제","전문의약품","[M040353]아세트아미노펜/[M040353]아세트아미노펜/[M222893]트라마돌염산염",20190522,"소아에서 생명에 치명적인 호흡 억제 및 사망 발생","","Tramadol Hydrochloride(트라마돌염산염)",20260219
"특정연령대금기","복합",D000773,"Tramadol Hydrochloride","트라마돌염산염","[D000147]Acetaminophen(아세트아미노펜)","서방성필름코팅정",201502352,"에이셋서방정",20150417,"한국휴텍스제약(주)","연한 노란색의 장방형 서방성 필름코팅정",01140,"해열.진통.소염제","전문의약품","[M040353]아세트아미노펜/[M040353]아세트아미노펜/[M222893]트라마돌염산염",20190522,"소아에서 생명에 치명적인 호흡 억제 및 사망 발생","","Tramadol Hydrochloride(트라마돌염산염)",20260219
"특정연령대금기","복합",D000773,"Tramadol Hydrochloride","트라마돌염산염","[D000147]Acetaminophen(아세트아미노펜)","서방성필름코팅정",201502631,"파라마셋이알서방정",20150430,"동아에스티(주)","연한 노란색의 장방형 서방성 필름코팅정",01140,"해열.진통.소염제","전문의약품","[M040353]아세트아미노펜/[M040353]아세트아미노펜/[M222893]트라마돌염산염",20190522,"소아에서 생명에 치명적인 호흡 억제 및 사망 발생","","Tramadol Hydrochloride(트라마돌염산염)",20260219
"특정연령대금기","복합",D000773,"Tramadol Hydrochloride","트라마돌염산염","[D000147]Acetaminophen(아세트아미노펜)","서방성필름코팅정",201502641,"타라셋서방정",20150430,"동광제약(주)","연한 노란색의 장방형 서방성 필름코팅정",01140,"해열.진통.소염제","전문의약품","[M040353]아세트아미노펜/[M040353]아세트아미노펜/[M222893]트라마돌염산염",20190522,"소아에서 생명에 치명적인 호흡 억제 및 사망 발생","","Tramadol Hydrochloride(트라마돌염산염)",20260219
"특정연령대금기","복합",D000773,"Tramadol Hydrochloride","트라마돌염산염","[D000147]Acetaminophen(아세트아미노펜)","필름코팅정",201502713,"웰트라세미정",20150430,"(주)에이프로젠바이오로직스","연한 황색의 장방형 필름코팅정제",01140,"해열.진통.소염제","전문의약품","[M222893]트라마돌염산염/[M040353]아세트아미노펜",20190522,"소아에서 생명에 치명적인 호흡 억제 및 사망 발생","","Tramadol Hydrochloride(트라마돌염산염)",20260219
"특정연령대금기","복합",D000773,"Tramadol Hydrochloride","트라마돌염산염","[D000147]Acetaminophen(아세트아미노펜)","필름코팅정",201502928,"휴니즈트라셋정",20150514,"(주)휴온스메디텍","연한 황색의 장방형 필름코팅정제",01140,"해열.진통.소염제","전문의약품","[M040353]아세트아미노펜/[M255410]트라마돌염산염",20190522,"소아에서 생명에 치명적인 호흡 억제 및 사망 발생","","Tramadol Hydrochloride(트라마돌염산염)",20260219
"특정연령대금기","복합",D000773,"Tramadol Hydrochloride","트라마돌염산염","[D000147]Acetaminophen(아세트아미노펜)","필름코팅정",201502951,"써토몬정(수출용)",20150515,"경진제약(주)","연한 황색의 장방형 필름코팅정제",01140,"해열.진통.소염제","전문의약품","[M222893]트라마돌염산염/[M040353]아세트아미노펜",20190522,"소아에서 생명에 치명적인 호흡 억제 및 사망 발생","","Tramadol Hydrochloride(트라마돌염산염)",20251110
"특정연령대금기","복합",D000773,"Tramadol Hydrochloride","트라마돌염산염","[D000147]Acetaminophen(아세트아미노펜)","필름코팅정",201503181,"울트라핀정",20150527,"에스피씨(주)","연한 황색의 장방형 필름코팅정제",01140,"해열.진통.소염제","전문의약품","[M040353]아세트아미노펜/[M222893]트라마돌염산염",20190522,"소아에서 생명에 치명적인 호흡 억제 및 사망 발생","","Tramadol Hydrochloride(트라마돌염산염)",20260219
"특정연령대금기","복합",D000773,"Tramadol Hydrochloride","트라마돌염산염","[D000147]Acetaminophen(아세트아미노펜)","필름코팅정",201503182,"울트라핀세미정",20150527,"에스피씨(주)","연한 황색의 장방형 필름코팅정제",01140,"해열.진통.소염제","전문의약품","[M040353]아세트아미노펜/[M222893]트라마돌염산염",20190522,"소아에서 생명에 치명적인 호흡 억제 및 사망 발생","","Tramadol Hydrochloride(트라마돌염산염)",20260219
"특정연령대금기","복합",D000773,"Tramadol Hydrochloride","트라마돌염산염","[D000147]Acetaminophen(아세트아미노펜)","필름코팅정",201504763,"아세타돌정",20150710,"(주)오스코리아제약","미황색 ~ 황색의 장방형 필름코팅정제",01140,"해열.진통.소염제","전문의약품","[M040353]아세트아미노펜/[M255410]트라마돌염산염",20190522,"소아에서 생명에 치명적인 호흡 억제 및 사망 발생","","Tramadol Hydrochloride(트라마돌염산염)",20260219
"특정연령대금기","복합",D000773,"Tramadol Hydrochloride","트라마돌염산염","[D000147]Acetaminophen(아세트아미노펜)","서방성필름코팅정",201504978,"트라콤이알서방정(트라마돌염산염, 아세트아미노펜)",20150721,"이연제약(주)","연한 노란색의 장방형 서방성 필름코팅정",01140,"해열.진통.소염제","전문의약품","[M040353]아세트아미노펜/[M040353]아세트아미노펜/[M222893]트라마돌염산염",20190522,"소아에서 생명에 치명적인 호흡 억제 및 사망 발생","","Tramadol Hydrochloride(트라마돌염산염)",20260219
"특정연령대금기","복합",D000773,"Tramadol Hydrochloride","트라마돌염산염","[D000147]Acetaminophen(아세트아미노펜)","필름코팅정",201505094,"트라콤세미정(트라마돌염산염, 아세트아미노펜)",20150727,"이연제약(주)","연한 황색의 장방형 필름코팅정제",01140,"해열.진통.소염제","전문의약품","[M222893]트라마돌염산염/[M040353]아세트아미노펜",20190522,"소아에서 생명에 치명적인 호흡 억제 및 사망 발생","","Tramadol Hydrochloride(트라마돌염산염)",20260219
"특정연령대금기","복합",D000773,"Tramadol Hydrochloride","트라마돌염산염","[D000147]Acetaminophen(아세트아미노펜)","서방성필름코팅정",201505164,"트라마셋서방정",20150730,"제이더블유신약(주)","연한 노란색의 장방형 서방성 필름코팅정",01140,"해열.진통.소염제","전문의약품","[M040353]아세트아미노펜/[M040353]아세트아미노펜/[M222893]트라마돌염산염",20190522,"소아에서 생명에 치명적인 호흡 억제 및 사망 발생","","Tramadol Hydrochloride(트라마돌염산염)",20260219
"특정연령대금기","복합",D000773,"Tramadol Hydrochloride","트라마돌염산염","[D000147]Acetaminophen(아세트아미노펜)","서방성필름코팅정",201505904,"페인리스세미서방정",20150824,"주식회사제뉴원사이언스","연한 노란색의 원형 서방성 필름코팅정",01140,"해열.진통.소염제","전문의약품","[M040353]아세트아미노펜/[M040353]아세트아미노펜/[M222893]트라마돌염산염",20190522,"소아에서 생명에 치명적인 호흡 억제 및 사망 발생","","Tramadol Hydrochloride(트라마돌염산염)",20260219
"특정연령대금기","복합",D000773,"Tramadol Hydrochloride","트라마돌염산염","[D000147]Acetaminophen(아세트아미노펜)","서방성필름코팅정",201506478,"트로셋세미서방정",20150909,"(주)서울제약","연한 노란색의 원형 서방성 필름코팅정",01140,"해열.진통.소염제","전문의약품","[M040353]아세트아미노펜/[M040353]아세트아미노펜/[M222893]트라마돌염산염",20190522,"소아에서 생명에 치명적인 호흡 억제 및 사망 발생","","Tramadol Hydrochloride(트라마돌염산염)",20260219
"특정연령대금기","복합",D000773,"Tramadol Hydrochloride","트라마돌염산염","[D000147]Acetaminophen(아세트아미노펜)","서방성필름코팅정",201506479,"타라셋세미서방정",20150909,"동광제약(주)","연한 황색의 원형 필름코팅서방정",01140,"해열.진통.소염제","전문의약품","[M040353]아세트아미노펜/[M222893]트라마돌염산염/[M040353]아세트아미노펜",20190522,"소아에서 생명에 치명적인 호흡 억제 및 사망 발생","","Tramadol Hydrochloride(트라마돌염산염)",20260219
"특정연령대금기","복합",D000773,"Tramadol Hydrochloride","트라마돌염산염","[D000147]Acetaminophen(아세트아미노펜)","서방성필름코팅정",201506480,"에이셋세미서방정",20150909,"한국휴텍스제약(주)","연한 노란색의 원형 서방성 필름코팅정",01140,"해열.진통.소염제","전문의약품","[M040353]아세트아미노펜/[M040353]아세트아미노펜/[M222893]트라마돌염산염",20190522,"소아에서 생명에 치명적인 호흡 억제 및 사망 발생","","Tramadol Hydrochloride(트라마돌염산염)",20260219
"특정연령대금기","복합",D000773,"Tramadol Hydrochloride","트라마돌염산염","[D000147]Acetaminophen(아세트아미노펜)","서방성필름코팅정",201506481,"파라마셋이알세미서방정",20150909,"동아에스티(주)","연한 노란색의 원형 서방성 필름코팅정",01140,"해열.진통.소염제","전문의약품","[M040353]아세트아미노펜/[M040353]아세트아미노펜/[M222893]트라마돌염산염",20190522,"소아에서 생명에 치명적인 호흡 억제 및 사망 발생","","Tramadol Hydrochloride(트라마돌염산염)",20260219
"특정연령대금기","복합",D000773,"Tramadol Hydrochloride","트라마돌염산염","[D000147]Acetaminophen(아세트아미노펜)","서방성필름코팅정",201506597,"듀얼셋세미서방정",20150917,"(주)중헌제약","연한 노란색의 원형 서방성 필름코팅정",01140,"해열.진통.소염제","전문의약품","[M040353]아세트아미노펜/[M040353]아세트아미노펜/[M222893]트라마돌염산염",20190522,"소아에서 생명에 치명적인 호흡 억제 및 사망 발생","","Tramadol Hydrochloride(트라마돌염산염)",20260219
"특정연령대금기","복합",D000773,"Tramadol Hydrochloride","트라마돌염산염","[D000147]Acetaminophen(아세트아미노펜)","서방성필름코팅정",201506598,"트라마셋세미서방정",20150917,"제이더블유신약(주)","연한 노란색의 원형 서방성 필름코팅정",01140,"해열.진통.소염제","전문의약품","[M040353]아세트아미노펜/[M040353]아세트아미노펜/[M222893]트라마돌염산염",20190522,"소아에서 생명에 치명적인 호흡 억제 및 사망 발생","","Tramadol Hydrochloride(트라마돌염산염)",20260219
"특정연령대금기","복합",D000773,"Tramadol Hydrochloride","트라마돌염산염","[D000147]Acetaminophen(아세트아미노펜)","서방성필름코팅정",201506781,"무파인서방정",20150924,"대한뉴팜(주)","연한 노란색의 장방형 서방성 필름코팅정",01140,"해열.진통.소염제","전문의약품","[M040353]아세트아미노펜/[M040353]아세트아미노펜/[M222893]트라마돌염산염",20190522,"소아에서 생명에 치명적인 호흡 억제 및 사망 발생","","Tramadol Hydrochloride(트라마돌염산염)",20260219
"특정연령대금기","복합",D000773,"Tramadol Hydrochloride","트라마돌염산염","[D000147]Acetaminophen(아세트아미노펜)","서방성필름코팅정",201506782,"무파인세미서방정",20150924,"대한뉴팜(주)","연한 노란색의 원형 서방성 필름코팅정",01140,"해열.진통.소염제","전문의약품","[M040353]아세트아미노펜/[M040353]아세트아미노펜/[M222893]트라마돌염산염",20190522,"소아에서 생명에 치명적인 호흡 억제 및 사망 발생","","Tramadol Hydrochloride(트라마돌염산염)",20260219
"특정연령대금기","단일",D001733,"Povidone Iodine","포비돈요오드","","일반액상분무제",201507140,"1.포리비돈인후스프레이(포비돈요오드)(바닐라향), 2.포리비돈인후스프레이(포비돈요오드)(청포도향)",20151014,"태극제약(주)","제 1법 : 바닐라의 향과 감미 및 약간의 점성이 있는 옅은 갈색의 액제 제 2법 : 청포도의 향과 감미 및 약간의 점성이 있는 옅은 갈색의 액제",02310,"치과구강용약","일반의약품","[M244708]포비돈요오드/[M244708]포비돈요오드",20251223,"","구강용 액제, 구강용 스프레이제","Povidone Iodine(포비돈요오드)",20200903
"특정연령대금기","복합",D000773,"Tramadol Hydrochloride","트라마돌염산염","[D000147]Acetaminophen(아세트아미노펜)","필름코팅정",201507360,"젠트라셋세미정",20151023,"조아제약(주)","연한 황색의 장방형 필름코팅정",01140,"해열.진통.소염제","전문의약품","[M040353]아세트아미노펜/[M222893]트라마돌염산염",20190522,"소아에서 생명에 치명적인 호흡 억제 및 사망 발생","","Tramadol Hydrochloride(트라마돌염산염)",20260219
"특정연령대금기","복합",D000773,"Tramadol Hydrochloride","트라마돌염산염","[D000147]Acetaminophen(아세트아미노펜)","서방성필름코팅정",201507458,"아마돌ER서방정",20151029,"아주약품(주)","연한 노란색의 장방형 서방성 필름코팅정",01140,"해열.진통.소염제","전문의약품","[M040353]아세트아미노펜/[M040353]아세트아미노펜/[M222893]트라마돌염산염",20190522,"소아에서 생명에 치명적인 호흡 억제 및 사망 발생","","Tramadol Hydrochloride(트라마돌염산염)",20260219
"특정연령대금기","복합",D000773,"Tramadol Hydrochloride","트라마돌염산염","[D000147]Acetaminophen(아세트아미노펜)","필름코팅정",201507887,"트라비트정",20151125,"(주)씨티씨바이오","연한 황색의 장방형 필름코팅정",01140,"해열.진통.소염제","전문의약품","[M222893]트라마돌염산염/[M040353]아세트아미노펜",20190522,"소아에서 생명에 치명적인 호흡 억제 및 사망 발생","","Tramadol Hydrochloride(트라마돌염산염)",20260219
"특정연령대금기","복합",D000773,"Tramadol Hydrochloride","트라마돌염산염","[D000147]Acetaminophen(아세트아미노펜)","필름코팅정",201507888,"트라비트세미정",20151125,"(주)씨티씨바이오","연한 황색의 장방형 필름코팅정",01140,"해열.진통.소염제","전문의약품","[M222893]트라마돌염산염/[M040353]아세트아미노펜",20190522,"소아에서 생명에 치명적인 호흡 억제 및 사망 발생","","Tramadol Hydrochloride(트라마돌염산염)",20260219
"특정연령대금기","복합",D000773,"Tramadol Hydrochloride","트라마돌염산염","[D000147]Acetaminophen(아세트아미노펜)","필름코팅정",201600427,"씨엘트라정",20160125,"(주)씨엘팜","연한 황색의 장방형 필름코팅제",01140,"해열.진통.소염제","전문의약품","[M222893]트라마돌염산염/[M040353]아세트아미노펜",20190522,"소아에서 생명에 치명적인 호흡 억제 및 사망 발생","","Tramadol Hydrochloride(트라마돌염산염)",20260219
"특정연령대금기","복합",D000773,"Tramadol Hydrochloride","트라마돌염산염","[D000147]Acetaminophen(아세트아미노펜)","필름코팅정",201600428,"씨엘트라세미정",20160125,"(주)씨엘팜","연한 황색의 장방형 필름코팅정",01140,"해열.진통.소염제","전문의약품","[M222893]트라마돌염산염/[M040353]아세트아미노펜",20190522,"소아에서 생명에 치명적인 호흡 억제 및 사망 발생","","Tramadol Hydrochloride(트라마돌염산염)",20260219
"특정연령대금기","복합",D000773,"Tramadol Hydrochloride","트라마돌염산염","[D000147]Acetaminophen(아세트아미노펜)","필름코팅정",201600933,"파인미세미정",20160218,"(주)휴비스트제약","연한 노란색의 장방형 필름코팅정제",01140,"해열.진통.소염제","전문의약품","[M255410]트라마돌염산염/[M040353]아세트아미노펜",20190522,"소아에서 생명에 치명적인 호흡 억제 및 사망 발생","","Tramadol Hydrochloride(트라마돌염산염)",20260219
"특정연령대금기","복합",D000773,"Tramadol Hydrochloride","트라마돌염산염","[D000147]Acetaminophen(아세트아미노펜)","필름코팅정",201601504,"울파워셋정",20160315,"아이큐어(주)","연한 노란색의 장방형 필름코팅정",01140,"해열.진통.소염제","전문의약품","[M040353]아세트아미노펜/[M255410]트라마돌염산염",20190522,"소아에서 생명에 치명적인 호흡 억제 및 사망 발생","","Tramadol Hydrochloride(트라마돌염산염)",20260219
"특정연령대금기","복합",D000773,"Tramadol Hydrochloride","트라마돌염산염","[D000147]Acetaminophen(아세트아미노펜)","필름코팅정",201601505,"울파워셋세미정",20160315,"아이큐어(주)","연한 노란색의 장방형 필름코팅정",01140,"해열.진통.소염제","전문의약품","[M040353]아세트아미노펜/[M255410]트라마돌염산염",20190522,"소아에서 생명에 치명적인 호흡 억제 및 사망 발생","","Tramadol Hydrochloride(트라마돌염산염)",20260219
"특정연령대금기","복합",D000773,"Tramadol Hydrochloride","트라마돌염산염","[D000147]Acetaminophen(아세트아미노펜)","서방성필름코팅정",201601516,"엔시트라세미서방정(트라마돌염산염, 아세트아미노펜)",20160315,"한림제약(주)","[내수용] 황색의 원형 필름코팅 서방정제[수출용] 황색의 장방형 필름코팅 서방정제",01140,"해열.진통.소염제","전문의약품","[M040353]아세트아미노펜/[M040353]아세트아미노펜/[M222893]트라마돌염산염/[M040353]아세트아미노펜/[M040353]아세트아미노펜/[M222893]트라마돌염산염",20190522,"소아에서 생명에 치명적인 호흡 억제 및 사망 발생","","Tramadol Hydrochloride(트라마돌염산염)",20260219
"특정연령대금기","복합",D000773,"Tramadol Hydrochloride","트라마돌염산염","[D000147]Acetaminophen(아세트아미노펜)","필름코팅정",201602709,"라노펜세미정",20160517,"한국코러스(주)","연한 황색의 장방형 필름코팅정",01140,"해열.진통.소염제","전문의약품","[M222893]트라마돌염산염/[M040353]아세트아미노펜",20190522,"소아에서 생명에 치명적인 호흡 억제 및 사망 발생","","Tramadol Hydrochloride(트라마돌염산염)",20260219
"특정연령대금기","단일",D000647,"Cetirizine Hydrochloride","세티리진염산염","","필름코팅정",201602714,"알러비정(세티리진염산염)",20160517,"태극제약(주)","흰색의 원형 필름코팅정",01410,"항히스타민제","일반의약품","[M222857]세티리진염산염",20140109,"안전성 및 유효성 미확립","","Cetirizine Hydrochloride(세티리진염산염)",20210212
"특정연령대금기","복합",D000773,"Tramadol Hydrochloride","트라마돌염산염","[D000147]Acetaminophen(아세트아미노펜)","필름코팅정",201603234,"울트란세미정",20160607,"케이엠에스제약(주)","연한 황색의 장방형 필름코팅정제",01140,"해열.진통.소염제","전문의약품","[M222893]트라마돌염산염/[M040353]아세트아미노펜",20190522,"소아에서 생명에 치명적인 호흡 억제 및 사망 발생","","Tramadol Hydrochloride(트라마돌염산염)",20260219
"특정연령대금기","복합",D000773,"Tramadol Hydrochloride","트라마돌염산염","[D000147]Acetaminophen(아세트아미노펜)","필름코팅정",201603985,"트라셋세미정",20160627,"(주)휴온스메디텍","연한 황색의 장방형 필름코팅정제",01140,"해열.진통.소염제","전문의약품","[M040353]아세트아미노펜/[M222893]트라마돌염산염",20190522,"소아에서 생명에 치명적인 호흡 억제 및 사망 발생","","Tramadol Hydrochloride(트라마돌염산염)",20260219
"특정연령대금기","복합",D000773,"Tramadol Hydrochloride","트라마돌염산염","[D000147]Acetaminophen(아세트아미노펜)","필름코팅정",201603986,"뉴트라정",20160627,"안국뉴팜(주)","연한 황색의 장방형 필름코팅정",01140,"해열.진통.소염제","전문의약품","[M040353]아세트아미노펜/[M222893]트라마돌염산염",20190522,"소아에서 생명에 치명적인 호흡 억제 및 사망 발생","","Tramadol Hydrochloride(트라마돌염산염)",20260219
"특정연령대금기","복합",D000773,"Tramadol Hydrochloride","트라마돌염산염","[D000147]Acetaminophen(아세트아미노펜)","서방성필름코팅정",201604034,"울트펜세미서방정",20160628,"영풍제약(주)","연한 노란색의 원형 서방성 필름코팅정",01140,"해열.진통.소염제","전문의약품","[M040353]아세트아미노펜/[M040353]아세트아미노펜/[M222893]트라마돌염산염",20190522,"소아에서 생명에 치명적인 호흡 억제 및 사망 발생","","Tramadol Hydrochloride(트라마돌염산염)",20260219
"특정연령대금기","복합",D000773,"Tramadol Hydrochloride","트라마돌염산염","[D000147]Acetaminophen(아세트아미노펜)","필름코팅정",201702153,"하이콘티세미서방정",20170427,"환인제약(주)","연한 노란색의 원형 서방성 필름코팅정",01140,"해열.진통.소염제","전문의약품","[M040353]아세트아미노펜/[M040353]아세트아미노펜/[M222893]트라마돌염산염",20190522,"소아에서 생명에 치명적인 호흡 억제 및 사망 발생","","Tramadol Hydrochloride(트라마돌염산염)",20260219
"특정연령대금기","복합",D000773,"Tramadol Hydrochloride","트라마돌염산염","[D000147]Acetaminophen(아세트아미노펜)","필름코팅정",201702154,"하이콘티서방정",20170427,"환인제약(주)","연한 노란색의 장방형 서방성 필름코팅정",01140,"해열.진통.소염제","전문의약품","[M040353]아세트아미노펜/[M040353]아세트아미노펜/[M222893]트라마돌염산염",20190522,"소아에서 생명에 치명적인 호흡 억제 및 사망 발생","","Tramadol Hydrochloride(트라마돌염산염)",20260219
"특정연령대금기","복합",D000773,"Tramadol Hydrochloride","트라마돌염산염","[D000147]Acetaminophen(아세트아미노펜)","서방성필름코팅정",201706399,"마도펜세미서방정",20170731,"일성아이에스(주)","연한 노란색의 원형 서방성 필름코팅정",01140,"해열.진통.소염제","전문의약품","[M040353]아세트아미노펜/[M040353]아세트아미노펜/[M255410]트라마돌염산염",20190522,"소아에서 생명에 치명적인 호흡 억제 및 사망 발생","","Tramadol Hydrochloride(트라마돌염산염)",20260219
"특정연령대금기","복합",D000773,"Tramadol Hydrochloride","트라마돌염산염","[D000147]Acetaminophen(아세트아미노펜)","필름코팅정",201706581,"엘트라셋정",20170814,"(주)인트로바이오파마","연한 황색의 장방형 필름코팅정제",01140,"해열.진통.소염제","전문의약품","[M040353]아세트아미노펜/[M255410]트라마돌염산염",20190522,"소아에서 생명에 치명적인 호흡 억제 및 사망 발생","","Tramadol Hydrochloride(트라마돌염산염)",20260219
"특정연령대금기","복합",D000773,"Tramadol Hydrochloride","트라마돌염산염","[D000147]Acetaminophen(아세트아미노펜)","필름코팅정",201706582,"엘트라셋세미정",20170814,"(주)인트로바이오파마","연한 황색의 장방형 필름코팅정제",01140,"해열.진통.소염제","전문의약품","[M040353]아세트아미노펜/[M255410]트라마돌염산염",20190522,"소아에서 생명에 치명적인 호흡 억제 및 사망 발생","","Tramadol Hydrochloride(트라마돌염산염)",20260219
"특정연령대금기","복합",D000773,"Tramadol Hydrochloride","트라마돌염산염","[D000147]Acetaminophen(아세트아미노펜)","필름코팅정",201707662,"아펜트라세미정(트라마돌염산염, 아세트아미노펜)",20171031,"한국넬슨제약(주)","연한 황색의 장방형 필름코팅정제",01140,"해열.진통.소염제","전문의약품","[M255410]트라마돌염산염/[M040353]아세트아미노펜",20190522,"소아에서 생명에 치명적인 호흡 억제 및 사망 발생","","Tramadol Hydrochloride(트라마돌염산염)",20260219
"특정연령대금기","복합",D000773,"Tramadol Hydrochloride","트라마돌염산염","[D000147]Acetaminophen(아세트아미노펜)","필름코팅정",201707663,"티에이정",20171031,"코스맥스파마(주)","연한 황색의 장방형 필름코팅정제",01140,"해열.진통.소염제","전문의약품","[M255410]트라마돌염산염/[M040353]아세트아미노펜",20190522,"소아에서 생명에 치명적인 호흡 억제 및 사망 발생","","Tramadol Hydrochloride(트라마돌염산염)",20260219
"특정연령대금기","복합",D000773,"Tramadol Hydrochloride","트라마돌염산염","[D000147]Acetaminophen(아세트아미노펜)","필름코팅정",201800309,"굿트라셋정",20180123,"(주)다산제약","연한 노란색의 장방형 필름코팅정제",01140,"해열.진통.소염제","전문의약품","[M040353]아세트아미노펜/[M255410]트라마돌염산염",20190522,"소아에서 생명에 치명적인 호흡 억제 및 사망 발생","","Tramadol Hydrochloride(트라마돌염산염)",20260219
"특정연령대금기","복합",D000773,"Tramadol Hydrochloride","트라마돌염산염","[D000147]Acetaminophen(아세트아미노펜)","필름코팅정",201800810,"지무라돌세미정",20180213,"(주)동구바이오제약","연한 황색의 장방형 필름코팅정제",01140,"해열.진통.소염제","전문의약품","[M255410]트라마돌염산염/[M040353]아세트아미노펜",20190522,"소아에서 생명에 치명적인 호흡 억제 및 사망 발생","","Tramadol Hydrochloride(트라마돌염산염)",20260219
"특정연령대금기","단일",D000647,"Cetirizine Hydrochloride","세티리진염산염","","연질캡슐제, 액상",201801393,"플로리진연질캡슐(세티리진염산염)",20180329,"동화약품(주)","무색 내지 연보라색의 내용물이 든 보라색의 투명한 타원형 연질캡슐",01410,"항히스타민제","일반의약품","[M222857]세티리진염산염",20140109,"안전성 및 유효성 미확립","","Cetirizine Hydrochloride(세티리진염산염)",20210212
"특정연령대금기","단일",D001518,"Milk-Thistle Fruit Dried Extract","밀크시슬열매 건조엑스","","연질캡슐제, 현탁상",201801423,"레가리버350연질캡슐(밀크시슬열매건조엑스)",20180330,"부광약품(주)","황갈색의 유상 내용물을 함유한 암적색의 장방형 연질캡슐",03910,"간장질환용제","일반의약품","[M272736]밀크시슬열매 건조엑스",20201228,"","","Milk-Thistle Fruit Dried Extract(밀크시슬열매 건조엑스)",20210104
"특정연령대금기","단일",D000647,"Cetirizine Hydrochloride","세티리진염산염","","필름코팅정",201802416,"세지날정(세티리진염산염)",20180611,"(주)다산제약","흰색의 장방형 필름코팅정제",01410,"항히스타민제","일반의약품","[M222857]세티리진염산염",20140109,"안전성 및 유효성 미확립","","Cetirizine Hydrochloride(세티리진염산염)",20210212
"특정연령대금기","단일",D000647,"Cetirizine Hydrochloride","세티리진염산염","","연질캡슐제, 액상",201802601,"아르쿨연질캡슐(세티리진염산염)",20180621,"(주)마더스제약","미황색 투명한 액상 내용물이 든 보라색 타원형 연질캡슐",01410,"항히스타민제","일반의약품","[M222857]세티리진염산염",20140109,"안전성 및 유효성 미확립","","Cetirizine Hydrochloride(세티리진염산염)",20210212
"특정연령대금기","단일",D000647,"Cetirizine Hydrochloride","세티리진염산염","","연질캡슐제, 액상",201803236,"제일알지싹세티연질캡슐(세티리진염산염)",20180808,"제일헬스사이언스(주)","무색 내지 연보라색의 내용물이 든 보라색의 투명한 타원형 연질캡슐",01410,"항히스타민제","일반의약품","[M222857]세티리진염산염",20140109,"안전성 및 유효성 미확립","","Cetirizine Hydrochloride(세티리진염산염)",20210212
"특정연령대금기","복합",D000773,"Tramadol Hydrochloride","트라마돌염산염","[D000147]Acetaminophen(아세트아미노펜)","필름코팅정",201803289,"마이티셋세미정(트라마돌염산염, 아세트아미노펜)",20180813,"에이치엘비제약(주)","연한 노란색의 장방형 필름코팅정제",01140,"해열.진통.소염제","전문의약품","[M255410]트라마돌염산염/[M040353]아세트아미노펜",20190522,"소아에서 생명에 치명적인 호흡 억제 및 사망 발생","","Tramadol Hydrochloride(트라마돌염산염)",20260219
"특정연령대금기","복합",D000773,"Tramadol Hydrochloride","트라마돌염산염","[D000147]Acetaminophen(아세트아미노펜)","필름코팅정",201803636,"크라셋세미정(트라마돌,아세트아미노펜)",20180907,"지엘파마(주)","연한 황색의 장방형 필름코팅정제",01140,"해열.진통.소염제","전문의약품","[M040353]아세트아미노펜/[M255410]트라마돌염산염",20190522,"소아에서 생명에 치명적인 호흡 억제 및 사망 발생","","Tramadol Hydrochloride(트라마돌염산염)",20260219
"특정연령대금기","복합",D000773,"Tramadol Hydrochloride","트라마돌염산염","[D000147]Acetaminophen(아세트아미노펜)","필름코팅정",201804528,"원트라셋정",20181115,"엔비케이제약(주)","연한 황색의 장방형 필름코팅정제",01140,"해열.진통.소염제","전문의약품","[M255410]트라마돌염산염/[M040353]아세트아미노펜",20190522,"소아에서 생명에 치명적인 호흡 억제 및 사망 발생","","Tramadol Hydrochloride(트라마돌염산염)",20260219
"특정연령대금기","복합",D000773,"Tramadol Hydrochloride","트라마돌염산염","[D000147]Acetaminophen(아세트아미노펜)","필름코팅정",201804529,"원트라셋세미정",20181115,"엔비케이제약(주)","연한 황색의 장방형 필름코팅정제",01140,"해열.진통.소염제","전문의약품","[M255410]트라마돌염산염/[M040353]아세트아미노펜",20190522,"소아에서 생명에 치명적인 호흡 억제 및 사망 발생","","Tramadol Hydrochloride(트라마돌염산염)",20260219
"특정연령대금기","복합",D000773,"Tramadol Hydrochloride","트라마돌염산염","[D000147]Acetaminophen(아세트아미노펜)","필름코팅정",201805171,"마도펜세미정",20181219,"일성아이에스(주)","연한 황색의 장방형 필름코팅정제",01140,"해열.진통.소염제","전문의약품","[M040353]아세트아미노펜/[M255410]트라마돌염산염",20190522,"소아에서 생명에 치명적인 호흡 억제 및 사망 발생","","Tramadol Hydrochloride(트라마돌염산염)",20260219
"특정연령대금기","복합",D000773,"Tramadol Hydrochloride","트라마돌염산염","[D000147]Acetaminophen(아세트아미노펜)","서방성필름코팅정",201900956,"엘리펜세미서방정",20190215,"동국제약(주)","연한 노란색의 원형 서방성 필름코팅정",01140,"해열.진통.소염제","전문의약품","[M040353]아세트아미노펜/[M255410]트라마돌염산염/[M040353]아세트아미노펜",20190522,"소아에서 생명에 치명적인 호흡 억제 및 사망 발생","","Tramadol Hydrochloride(트라마돌염산염)",20260219
"특정연령대금기","복합",D000773,"Tramadol Hydrochloride","트라마돌염산염","[D000147]Acetaminophen(아세트아미노펜)","서방성필름코팅정",201900957,"엘리펜서방정",20190215,"동국제약(주)","연한 노란색의 장방형 서방성 필름코팅정",01140,"해열.진통.소염제","전문의약품","[M040353]아세트아미노펜/[M255410]트라마돌염산염/[M040353]아세트아미노펜",20190522,"소아에서 생명에 치명적인 호흡 억제 및 사망 발생","","Tramadol Hydrochloride(트라마돌염산염)",20260219
"특정연령대금기","복합",D000773,"Tramadol Hydrochloride","트라마돌염산염","[D000147]Acetaminophen(아세트아미노펜)","서방성필름코팅정",201900995,"슈프라펜세미서방정(트라마돌, 아세트아미노펜)",20190219,"안국약품(주)","연한 노란색의 원형 서방성 필름코팅정",01140,"해열.진통.소염제","전문의약품","[M040353]아세트아미노펜/[M040353]아세트아미노펜/[M255410]트라마돌염산염",20190522,"소아에서 생명에 치명적인 호흡 억제 및 사망 발생","","Tramadol Hydrochloride(트라마돌염산염)",20260219
"특정연령대금기","복합",D000773,"Tramadol Hydrochloride","트라마돌염산염","[D000147]Acetaminophen(아세트아미노펜)","서방성필름코팅정",201900996,"슈프라펜서방정(트라마돌, 아세트아미노펜)",20190219,"안국약품(주)","연한 노란색의 장방형 서방성 필름코팅정",01140,"해열.진통.소염제","전문의약품","[M040353]아세트아미노펜/[M040353]아세트아미노펜/[M255410]트라마돌염산염",20190522,"소아에서 생명에 치명적인 호흡 억제 및 사망 발생","","Tramadol Hydrochloride(트라마돌염산염)",20260219
"특정연령대금기","복합",D000773,"Tramadol Hydrochloride","트라마돌염산염","[D000147]Acetaminophen(아세트아미노펜)","서방성필름코팅정",201901007,"아세트라셋세미서방정",20190219,"풍림무약(주)","연한 노란색의 원형 서방성 필름코팅정",01140,"해열.진통.소염제","전문의약품","[M040353]아세트아미노펜/[M040353]아세트아미노펜/[M255410]트라마돌염산염",20190522,"소아에서 생명에 치명적인 호흡 억제 및 사망 발생","","Tramadol Hydrochloride(트라마돌염산염)",20260219
"특정연령대금기","단일",D000647,"Cetirizine Hydrochloride","세티리진염산염","","연질캡슐제, 액상",201901388,"알러캡연질캡슐(세티리진염산염)",20190307,"일양바이오팜(주)","미황색 투명한 액상 내용물이 든 보라색 타원형 연질캡슐",01410,"항히스타민제","일반의약품","[M222857]세티리진염산염",20140109,"안전성 및 유효성 미확립","","Cetirizine Hydrochloride(세티리진염산염)",20210212
"특정연령대금기","복합",D000773,"Tramadol Hydrochloride","트라마돌염산염","[D000147]Acetaminophen(아세트아미노펜)","필름코팅정",201901925,"크라셋정(트라마돌,아세트아미노펜)",20190329,"지엘파마(주)","연한 황색의 장방형 필름코팅 정제",01140,"해열.진통.소염제","전문의약품","[M040353]아세트아미노펜/[M255410]트라마돌염산염",20190522,"소아에서 생명에 치명적인 호흡 억제 및 사망 발생","","Tramadol Hydrochloride(트라마돌염산염)",20260219
"특정연령대금기","복합",D000773,"Tramadol Hydrochloride","트라마돌염산염","[D000147]Acetaminophen(아세트아미노펜)","필름코팅정",201902150,"듀오다인세미정",20190409,"(주)제뉴파마","연한 황색의 장방형 필름코팅 정제",01140,"해열.진통.소염제","전문의약품","[M040353]아세트아미노펜/[M255410]트라마돌염산염",20190522,"소아에서 생명에 치명적인 호흡 억제 및 사망 발생","","Tramadol Hydrochloride(트라마돌염산염)",20260219
"특정연령대금기","복합",D000773,"Tramadol Hydrochloride","트라마돌염산염","[D000147]Acetaminophen(아세트아미노펜)","필름코팅정",201902260,"울트라뉴정",20190412,"(주)시어스제약","연한 노랑색의 장방형 필름코팅정제",01140,"해열.진통.소염제","전문의약품","[M040353]아세트아미노펜/[M255410]트라마돌염산염",20190522,"소아에서 생명에 치명적인 호흡 억제 및 사망 발생","","Tramadol Hydrochloride(트라마돌염산염)",20260219
"특정연령대금기","복합",D000773,"Tramadol Hydrochloride","트라마돌염산염","[D000147]Acetaminophen(아세트아미노펜)","서방성필름코팅정",201902453,"아트라쿨세미서방정",20190419,"(주)한국파비스제약","연한 노란색의 원형 서방성 필름코팅정",01140,"해열.진통.소염제","전문의약품","[M040353]아세트아미노펜/[M040353]아세트아미노펜/[M255410]트라마돌염산염",20190522,"소아에서 생명에 치명적인 호흡 억제 및 사망 발생","","Tramadol Hydrochloride(트라마돌염산염)",20260219
"특정연령대금기","복합",D000773,"Tramadol Hydrochloride","트라마돌염산염","[D000147]Acetaminophen(아세트아미노펜)","서방성필름코팅정",201902454,"아트라쿨서방정",20190419,"(주)한국파비스제약","연한 노란색의 장방형 서방성 필름코팅정",01140,"해열.진통.소염제","전문의약품","[M040353]아세트아미노펜/[M040353]아세트아미노펜/[M255410]트라마돌염산염",20190522,"소아에서 생명에 치명적인 호흡 억제 및 사망 발생","","Tramadol Hydrochloride(트라마돌염산염)",20260219
"특정연령대금기","복합",D000773,"Tramadol Hydrochloride","트라마돌염산염","[D000147]Acetaminophen(아세트아미노펜)","필름코팅정",201902554,"제이아트셋정",20190424,"(주)라이트팜텍","연한 황색의 장방형 필름코팅정제",01140,"해열.진통.소염제","전문의약품","[M255410]트라마돌염산염/[M040353]아세트아미노펜",20190522,"소아에서 생명에 치명적인 호흡 억제 및 사망 발생","","Tramadol Hydrochloride(트라마돌염산염)",20260219
"특정연령대금기","복합",D000773,"Tramadol Hydrochloride","트라마돌염산염","[D000147]Acetaminophen(아세트아미노펜)","필름코팅정",201902624,"트라맥스세미정",20190425,"(주)라이트팜텍","연한 황색의 장방형 필름코팅정제",01140,"해열.진통.소염제","전문의약품","[M255410]트라마돌염산염/[M040353]아세트아미노펜",20190522,"소아에서 생명에 치명적인 호흡 억제 및 사망 발생","","Tramadol Hydrochloride(트라마돌염산염)",20260219
"특정연령대금기","복합",D000773,"Tramadol Hydrochloride","트라마돌염산염","[D000147]Acetaminophen(아세트아미노펜)","필름코팅정",201903286,"스트롱셋세미정",20190521,"삼성제약(주)","연한 황색의 장방형 필름코팅정제",01140,"해열.진통.소염제","전문의약품","[M255410]트라마돌염산염/[M040353]아세트아미노펜",20190522,"소아에서 생명에 치명적인 호흡 억제 및 사망 발생","","Tramadol Hydrochloride(트라마돌염산염)",20260219
"특정연령대금기","단일",D000647,"Cetirizine Hydrochloride","세티리진염산염","","연질캡슐제, 액상",201903366,"알레르텍연질캡슐(세티리진염산염)",20190523,"동성제약(주)","무색 내지 연보라색의 내용물이 든 보라색의 투명한 타원형 연질캡슐",01410,"항히스타민제","일반의약품","[M222857]세티리진염산염",20140109,"안전성 및 유효성 미확립","","Cetirizine Hydrochloride(세티리진염산염)",20210212
"특정연령대금기","복합",D000773,"Tramadol Hydrochloride","트라마돌염산염","[D000147]Acetaminophen(아세트아미노펜)","필름코팅정",201903417,"아트라쿨세미정",20190527,"(주)한국파비스제약","연한 황색의 장방형 필름코팅정제",01140,"해열.진통.소염제","전문의약품","[M255410]트라마돌염산염/[M040353]아세트아미노펜",20190522,"소아에서 생명에 치명적인 호흡 억제 및 사망 발생","","Tramadol Hydrochloride(트라마돌염산염)",20260219
"특정연령대금기","복합",D000773,"Tramadol Hydrochloride","트라마돌염산염","[D000147]Acetaminophen(아세트아미노펜)","필름코팅정",201903792,"다노펜세미정",20190610,"(주)한풍제약","연한 황색의 장방형 필름코팅정제",01140,"해열.진통.소염제","전문의약품","[M255410]트라마돌염산염/[M040353]아세트아미노펜",20190522,"소아에서 생명에 치명적인 호흡 억제 및 사망 발생","","Tramadol Hydrochloride(트라마돌염산염)",20260219
"특정연령대금기","복합",D000773,"Tramadol Hydrochloride","트라마돌염산염","[D000147]Acetaminophen(아세트아미노펜)","필름코팅정",201903793,"다노펜정",20190610,"(주)한풍제약","연한 황색의 장방형 필름코팅정제",01140,"해열.진통.소염제","전문의약품","[M255410]트라마돌염산염/[M040353]아세트아미노펜",20190522,"소아에서 생명에 치명적인 호흡 억제 및 사망 발생","","Tramadol Hydrochloride(트라마돌염산염)",20260219
"특정연령대금기","복합",D000773,"Tramadol Hydrochloride","트라마돌염산염","[D000147]Acetaminophen(아세트아미노펜)","필름코팅정",201905261,"아스트라셋정",20190724,"(주)셀비온","연한 황색의 장방형 필름코팅정제",01140,"해열.진통.소염제","전문의약품","[M255410]트라마돌염산염/[M040353]아세트아미노펜",20190522,"소아에서 생명에 치명적인 호흡 억제 및 사망 발생","","Tramadol Hydrochloride(트라마돌염산염)",20260219
"특정연령대금기","복합",D000773,"Tramadol Hydrochloride","트라마돌염산염","[D000147]Acetaminophen(아세트아미노펜)","필름코팅정",201905262,"아스트라셋세미정",20190724,"(주)셀비온","연한 황색의 장방형 필름코팅정제",01140,"해열.진통.소염제","전문의약품","[M255410]트라마돌염산염/[M040353]아세트아미노펜",20190522,"소아에서 생명에 치명적인 호흡 억제 및 사망 발생","","Tramadol Hydrochloride(트라마돌염산염)",20260219
"특정연령대금기","복합",D000773,"Tramadol Hydrochloride","트라마돌염산염","[D000147]Acetaminophen(아세트아미노펜)","필름코팅정",201905269,"울트론서방정",20190724,"익수제약(주)","연한 노란색의 장방형 서방성 필름코팅정",01140,"해열.진통.소염제","전문의약품","[M040353]아세트아미노펜/[M040353]아세트아미노펜/[M255410]트라마돌염산염",20190522,"소아에서 생명에 치명적인 호흡 억제 및 사망 발생","","Tramadol Hydrochloride(트라마돌염산염)",20260219
"특정연령대금기","복합",D000773,"Tramadol Hydrochloride","트라마돌염산염","[D000147]Acetaminophen(아세트아미노펜)","필름코팅정",201905270,"울트론세미서방정",20190724,"익수제약(주)","연한 노란색의 원형 서방성 필름코팅정",01140,"해열.진통.소염제","전문의약품","[M040353]아세트아미노펜/[M040353]아세트아미노펜/[M255410]트라마돌염산염",20190522,"소아에서 생명에 치명적인 호흡 억제 및 사망 발생","","Tramadol Hydrochloride(트라마돌염산염)",20260219
"특정연령대금기","복합",D000773,"Tramadol Hydrochloride","트라마돌염산염","[D000147]Acetaminophen(아세트아미노펜)","필름코팅정",201905419,"비엘셋정",20190731,"하이플생명과학(주)","연한 황색의 장방형 필름코팅정제",01140,"해열.진통.소염제","전문의약품","[M040353]아세트아미노펜/[M255410]트라마돌염산염",20190522,"소아에서 생명에 치명적인 호흡 억제 및 사망 발생","","Tramadol Hydrochloride(트라마돌염산염)",20260219
"특정연령대금기","복합",D000773,"Tramadol Hydrochloride","트라마돌염산염","[D000147]Acetaminophen(아세트아미노펜)","필름코팅정",201905420,"비엘셋세미정",20190731,"하이플생명과학(주)","연한 황색의 장방형 필름코팅 정제",01140,"해열.진통.소염제","전문의약품","[M040353]아세트아미노펜/[M255410]트라마돌염산염",20190522,"소아에서 생명에 치명적인 호흡 억제 및 사망 발생","","Tramadol Hydrochloride(트라마돌염산염)",20260219
"특정연령대금기","단일",D000647,"Cetirizine Hydrochloride","세티리진염산염","","필름코팅정",201905435,"엔티리진정10밀리그램(세티리진염산염)",20190731,"한국신텍스제약(주)","흰색의 장방형 필름코팅정제",01410,"항히스타민제","일반의약품","[M222857]세티리진염산염/[M222857]세티리진염산염",20140109,"안전성 및 유효성 미확립","","Cetirizine Hydrochloride(세티리진염산염)",20210212
"특정연령대금기","복합",D000773,"Tramadol Hydrochloride","트라마돌염산염","[D000147]Acetaminophen(아세트아미노펜)","필름코팅정",201905955,"아세트라돌정",20190823,"독립바이오제약(주)","연한 황색의 장방형 필름코팅정제",01140,"해열.진통.소염제","전문의약품","[M255410]트라마돌염산염/[M040353]아세트아미노펜",20190522,"소아에서 생명에 치명적인 호흡 억제 및 사망 발생","","Tramadol Hydrochloride(트라마돌염산염)",20260219
"특정연령대금기","단일",D000647,"Cetirizine Hydrochloride","세티리진염산염","","연질캡슐제, 액상",201906400,"세노바퀵연질캡슐(세티리진염산염)",20190910,"일동제약(주)","무색 내지 연보라색의 내용물이 든 보라색의 투명한 타원형 연질캡슐",01410,"항히스타민제","일반의약품","[M222857]세티리진염산염",20140109,"안전성 및 유효성 미확립","","Cetirizine Hydrochloride(세티리진염산염)",20210212
"특정연령대금기","복합",D000773,"Tramadol Hydrochloride","트라마돌염산염","[D000147]Acetaminophen(아세트아미노펜)","필름코팅정",201906521,"굿트라셋세미정",20190918,"(주)다산제약","연한 노란색의 장방형 필름코팅정제",01140,"해열.진통.소염제","전문의약품","[M040353]아세트아미노펜/[M255410]트라마돌염산염",20190522,"소아에서 생명에 치명적인 호흡 억제 및 사망 발생","","Tramadol Hydrochloride(트라마돌염산염)",20260219
"특정연령대금기","복합",D000773,"Tramadol Hydrochloride","트라마돌염산염","[D000147]Acetaminophen(아세트아미노펜)","필름코팅정",201906674,"트라세타정(아세트아미노펜,트라마돌)",20190924,"(주)대웅제약","연한 황색의 장방형 필름코팅정제",01140,"해열.진통.소염제","전문의약품","[M040353]아세트아미노펜/[M222893]트라마돌염산염",20190522,"소아에서 생명에 치명적인 호흡 억제 및 사망 발생","","Tramadol Hydrochloride(트라마돌염산염)",20260219
"특정연령대금기","복합",D000773,"Tramadol Hydrochloride","트라마돌염산염","[D000147]Acetaminophen(아세트아미노펜)","필름코팅정",201906675,"트라세타세미정(아세트아미노펜,트라마돌)",20190924,"(주)대웅제약","연한 황색의 장방형 필름코팅정제",01140,"해열.진통.소염제","전문의약품","[M255410]트라마돌염산염/[M040353]아세트아미노펜",20190522,"소아에서 생명에 치명적인 호흡 억제 및 사망 발생","","Tramadol Hydrochloride(트라마돌염산염)",20260219
"특정연령대금기","복합",D000773,"Tramadol Hydrochloride","트라마돌염산염","[D000147]Acetaminophen(아세트아미노펜)","필름코팅정",201907093,"아세트라돌세미정",20191007,"독립바이오제약(주)","연한 황색의 장방형 필름코팅정제",01140,"해열.진통.소염제","전문의약품","[M255410]트라마돌염산염/[M040353]아세트아미노펜",20190522,"소아에서 생명에 치명적인 호흡 억제 및 사망 발생","","Tramadol Hydrochloride(트라마돌염산염)",20260219
"특정연령대금기","복합",D001416,"Tipiracil Hydrochloride","티피라실염산염","[D001417]Trifluridine(트리플루리딘)","필름코팅정",201907316,"론서프정20",20191017,"제일약품(주)","연한 적색의 양면이 볼록한 원형 필름코팅정",04210,"항악성종양제","전문의약품","[M085753]트리플루리딘/[M270421]티피라실염산염",20201228,"소아에 대한 안전성 및 유효성 미확립동물실험(랫트)에서 지속적으로 성장하는 전치에 대한 영향 보고","","Tipiracil Hydrochloride(티피라실염산염)",20250716
"특정연령대금기","복합",D001416,"Tipiracil Hydrochloride","티피라실염산염","[D001417]Trifluridine(트리플루리딘)","필름코팅정",201907317,"론서프정15",20191017,"제일약품(주)","흰색의 양면이 볼록한 원형 필름코팅정",04210,"항악성종양제","전문의약품","[M085753]트리플루리딘/[M270421]티피라실염산염",20201228,"소아에 대한 안전성 및 유효성 미확립동물실험(랫트)에서 지속적으로 성장하는 전치에 대한 영향 보고","","Tipiracil Hydrochloride(티피라실염산염)",20250716
"특정연령대금기","복합",D000773,"Tramadol Hydrochloride","트라마돌염산염","[D000147]Acetaminophen(아세트아미노펜)","서방성필름코팅정",201907320,"트라세타서방정(아세트아미노펜,트라마돌)",20191017,"(주)대웅제약","연한 노란색의 장방형 서방성 필름코팅정",01140,"해열.진통.소염제","전문의약품","[M040353]아세트아미노펜/[M040353]아세트아미노펜/[M222893]트라마돌염산염",20190522,"소아에서 생명에 치명적인 호흡 억제 및 사망 발생","","Tramadol Hydrochloride(트라마돌염산염)",20260219
"특정연령대금기","복합",D000773,"Tramadol Hydrochloride","트라마돌염산염","[D000147]Acetaminophen(아세트아미노펜)","서방성필름코팅정",201907323,"트라세타세미서방정(아세트아미노펜,트라마돌)",20191017,"(주)대웅제약","연한 노란색의 원형 서방성 필름코팅정",01140,"해열.진통.소염제","전문의약품","[M040353]아세트아미노펜/[M040353]아세트아미노펜/[M222893]트라마돌염산염",20190522,"소아에서 생명에 치명적인 호흡 억제 및 사망 발생","","Tramadol Hydrochloride(트라마돌염산염)",20260219
"특정연령대금기","복합",D000773,"Tramadol Hydrochloride","트라마돌염산염","[D000147]Acetaminophen(아세트아미노펜)","필름코팅정",201907325,"아트마셋세미정",20191017,"(주)아리제약","연한 황색의 장방형 필름코팅정제",01140,"해열.진통.소염제","전문의약품","[M040353]아세트아미노펜/[M255410]트라마돌염산염",20190522,"소아에서 생명에 치명적인 호흡 억제 및 사망 발생","","Tramadol Hydrochloride(트라마돌염산염)",20260219
"특정연령대금기","복합",D000773,"Tramadol Hydrochloride","트라마돌염산염","[D000147]Acetaminophen(아세트아미노펜)","필름코팅정",201907326,"아트마셋정",20191017,"(주)아리제약","연한 황색의 장방형 필름코팅 정제",01140,"해열.진통.소염제","전문의약품","[M040353]아세트아미노펜/[M255410]트라마돌염산염",20190522,"소아에서 생명에 치명적인 호흡 억제 및 사망 발생","","Tramadol Hydrochloride(트라마돌염산염)",20260219
"특정연령대금기","복합",D000773,"Tramadol Hydrochloride","트라마돌염산염","[D000147]Acetaminophen(아세트아미노펜)","필름코팅정",201908574,"에이셋세미정",20191220,"한국휴텍스제약(주)","연한 황색의 장방형 필름코팅정",01140,"해열.진통.소염제","전문의약품","[M255410]트라마돌염산염/[M040353]아세트아미노펜",20190522,"소아에서 생명에 치명적인 호흡 억제 및 사망 발생","","Tramadol Hydrochloride(트라마돌염산염)",20260219
"특정연령대금기","단일",D000647,"Cetirizine Hydrochloride","세티리진염산염","","연질캡슐제, 액상",202000062,"시로제노연질캡슐(세티리진염산염)",20200106,"현대약품(주)","무색 내지 연보라색의 내용물이 든 보라색의 투명한 타원형 연질캡슐",01410,"항히스타민제","일반의약품","[M222857]세티리진염산염",20140109,"안전성 및 유효성 미확립","","Cetirizine Hydrochloride(세티리진염산염)",20210212
"특정연령대금기","복합",D000773,"Tramadol Hydrochloride","트라마돌염산염","[D000147]Acetaminophen(아세트아미노펜)","필름코팅정",202000086,"트라셋펜세미정",20200107,"(주)일화","연한 황색의 장방형 필름코팅정",01140,"해열.진통.소염제","전문의약품","[M255410]트라마돌염산염/[M040353]아세트아미노펜",20190522,"소아에서 생명에 치명적인 호흡 억제 및 사망 발생","","Tramadol Hydrochloride(트라마돌염산염)",20260219
"특정연령대금기","복합",D000773,"Tramadol Hydrochloride","트라마돌염산염","[D000147]Acetaminophen(아세트아미노펜)","필름코팅정",202000541,"소울트라정",20200203,"주식회사더유제약","연한 노란색의 장방형 필름코팅 정제",01140,"해열.진통.소염제","전문의약품","[M255410]트라마돌염산염/[M040353]아세트아미노펜",20190522,"소아에서 생명에 치명적인 호흡 억제 및 사망 발생","","Tramadol Hydrochloride(트라마돌염산염)",20260219
"특정연령대금기","복합",D000773,"Tramadol Hydrochloride","트라마돌염산염","[D000147]Acetaminophen(아세트아미노펜)","필름코팅정",202000649,"타노셋정",20200205,"대원바이오텍주식회사","연한 황색의 장방형 필름코팅정제",01140,"해열.진통.소염제","전문의약품","[M255410]트라마돌염산염/[M040353]아세트아미노펜",20190522,"소아에서 생명에 치명적인 호흡 억제 및 사망 발생","","Tramadol Hydrochloride(트라마돌염산염)",20260219
"특정연령대금기","복합",D000773,"Tramadol Hydrochloride","트라마돌염산염","[D000147]Acetaminophen(아세트아미노펜)","필름코팅정",202000651,"타노셋세미정",20200205,"대원바이오텍주식회사","연한 황색의 장방형 필름코팅정제",01140,"해열.진통.소염제","전문의약품","[M255410]트라마돌염산염/[M040353]아세트아미노펜",20190522,"소아에서 생명에 치명적인 호흡 억제 및 사망 발생","","Tramadol Hydrochloride(트라마돌염산염)",20260219
"특정연령대금기","복합",D000773,"Tramadol Hydrochloride","트라마돌염산염","[D000147]Acetaminophen(아세트아미노펜)","서방성필름코팅정",202001323,"타노셋서방정",20200225,"대원바이오텍주식회사","연한 노란색의 장방형 서방성 필름코팅정",01140,"해열.진통.소염제","전문의약품","[M040353]아세트아미노펜/[M040353]아세트아미노펜/[M255410]트라마돌염산염",20190522,"소아에서 생명에 치명적인 호흡 억제 및 사망 발생","","Tramadol Hydrochloride(트라마돌염산염)",20260219
"특정연령대금기","복합",D000773,"Tramadol Hydrochloride","트라마돌염산염","[D000147]Acetaminophen(아세트아미노펜)","서방성필름코팅정",202001324,"타노셋세미서방정",20200225,"대원바이오텍주식회사","연한 노란색의 원형 서방성 필름코팅정",01140,"해열.진통.소염제","전문의약품","[M040353]아세트아미노펜/[M040353]아세트아미노펜/[M255410]트라마돌염산염",20190522,"소아에서 생명에 치명적인 호흡 억제 및 사망 발생","","Tramadol Hydrochloride(트라마돌염산염)",20260219
"특정연령대금기","복합",D000773,"Tramadol Hydrochloride","트라마돌염산염","[D000147]Acetaminophen(아세트아미노펜)","필름코팅정",202002519,"트라콤이알세미서방정(트라마돌염산염, 아세트아미노펜)",20200409,"이연제약(주)","연한 노란색의 원형 서방성 필름코팅정",01140,"해열.진통.소염제","전문의약품","[M040353]아세트아미노펜/[M040353]아세트아미노펜/[M255410]트라마돌염산염",20190522,"소아에서 생명에 치명적인 호흡 억제 및 사망 발생","","Tramadol Hydrochloride(트라마돌염산염)",20260219
"특정연령대금기","복합",D000773,"Tramadol Hydrochloride","트라마돌염산염","[D000147]Acetaminophen(아세트아미노펜)","서방성필름코팅정",202002520,"베아셋세미서방정",20200409,"대웅바이오(주)","연한 노란색의 원형 서방성 필름코팅정",01140,"해열.진통.소염제","전문의약품","[M040353]아세트아미노펜/[M040353]아세트아미노펜/[M255410]트라마돌염산염",20190522,"소아에서 생명에 치명적인 호흡 억제 및 사망 발생","","Tramadol Hydrochloride(트라마돌염산염)",20260219
"특정연령대금기","복합",D000773,"Tramadol Hydrochloride","트라마돌염산염","[D000147]Acetaminophen(아세트아미노펜)","서방성필름코팅정",202002521,"베아셋서방정",20200409,"대웅바이오(주)","연한 노란색의 장방형 서방성 필름코팅정",01140,"해열.진통.소염제","전문의약품","[M040353]아세트아미노펜/[M040353]아세트아미노펜/[M255410]트라마돌염산염",20190522,"소아에서 생명에 치명적인 호흡 억제 및 사망 발생","","Tramadol Hydrochloride(트라마돌염산염)",20260219
"특정연령대금기","복합",D000773,"Tramadol Hydrochloride","트라마돌염산염","[D000147]Acetaminophen(아세트아미노펜)","서방성필름코팅정",202002522,"건트라셋세미서방정",20200409,"건일바이오팜주식회사","연한 노란색의 원형 서방성 필름코팅정",01140,"해열.진통.소염제","전문의약품","[M040353]아세트아미노펜/[M040353]아세트아미노펜/[M255410]트라마돌염산염",20190522,"소아에서 생명에 치명적인 호흡 억제 및 사망 발생","","Tramadol Hydrochloride(트라마돌염산염)",20260219
"특정연령대금기","복합",D000773,"Tramadol Hydrochloride","트라마돌염산염","[D000147]Acetaminophen(아세트아미노펜)","서방성필름코팅정",202002523,"건트라셋서방정",20200409,"건일바이오팜주식회사","연한 노란색의 장방형 서방성 필름코팅정",01140,"해열.진통.소염제","전문의약품","[M040353]아세트아미노펜/[M040353]아세트아미노펜/[M255410]트라마돌염산염",20190522,"소아에서 생명에 치명적인 호흡 억제 및 사망 발생","","Tramadol Hydrochloride(트라마돌염산염)",20260219
"특정연령대금기","복합",D000773,"Tramadol Hydrochloride","트라마돌염산염","[D000147]Acetaminophen(아세트아미노펜)","필름코팅정",202002678,"메가아세돌정",20200416,"(주)엘앤씨바이오","연한 황색의 장방형 필름코팅정제",01140,"해열.진통.소염제","전문의약품","[M040353]아세트아미노펜/[M255410]트라마돌염산염",20190522,"소아에서 생명에 치명적인 호흡 억제 및 사망 발생","","Tramadol Hydrochloride(트라마돌염산염)",20260219
"특정연령대금기","복합",D000773,"Tramadol Hydrochloride","트라마돌염산염","[D000147]Acetaminophen(아세트아미노펜)","필름코팅정",202002826,"오르펜세미서방정",20200421,"대우제약(주)","연한 노란색의 원형 서방성 필름코팅정",01140,"해열.진통.소염제","전문의약품","[M040353]아세트아미노펜/[M040353]아세트아미노펜/[M255410]트라마돌염산염",20190522,"소아에서 생명에 치명적인 호흡 억제 및 사망 발생","","Tramadol Hydrochloride(트라마돌염산염)",20260219
"특정연령대금기","복합",D000773,"Tramadol Hydrochloride","트라마돌염산염","[D000147]Acetaminophen(아세트아미노펜)","필름코팅정",202002850,"메가아세돌세미정",20200422,"(주)엘앤씨바이오","연한 황색의 장방형 필름코팅정제",01140,"해열.진통.소염제","전문의약품","[M040353]아세트아미노펜/[M255410]트라마돌염산염",20190522,"소아에서 생명에 치명적인 호흡 억제 및 사망 발생","","Tramadol Hydrochloride(트라마돌염산염)",20260219
"특정연령대금기","복합",D000773,"Tramadol Hydrochloride","트라마돌염산염","[D000147]Acetaminophen(아세트아미노펜)","필름코팅정",202003201,"아트라센세미정",20200429,"한국유니온제약(주)","연한 황색의 장방형 필름코팅정제",01140,"해열.진통.소염제","전문의약품","[M040353]아세트아미노펜/[M255410]트라마돌염산염",20190522,"소아에서 생명에 치명적인 호흡 억제 및 사망 발생","","Tramadol Hydrochloride(트라마돌염산염)",20260219
"특정연령대금기","복합",D000773,"Tramadol Hydrochloride","트라마돌염산염","[D000147]Acetaminophen(아세트아미노펜)","서방성필름코팅정",202003336,"트라비트세미서방정",20200508,"(주)씨티씨바이오","연한 노란색의 원형 서방성 필름코팅정",01140,"해열.진통.소염제","전문의약품","[M040353]아세트아미노펜/[M040353]아세트아미노펜/[M255410]트라마돌염산염",20190522,"소아에서 생명에 치명적인 호흡 억제 및 사망 발생","","Tramadol Hydrochloride(트라마돌염산염)",20260219
"특정연령대금기","복합",D000773,"Tramadol Hydrochloride","트라마돌염산염","[D000147]Acetaminophen(아세트아미노펜)","서방성필름코팅정",202003337,"트라비트서방정",20200508,"(주)씨티씨바이오","연한 노란색의 장방형 서방성 필름코팅정",01140,"해열.진통.소염제","전문의약품","[M040353]아세트아미노펜/[M040353]아세트아미노펜/[M255410]트라마돌염산염",20190522,"소아에서 생명에 치명적인 호흡 억제 및 사망 발생","","Tramadol Hydrochloride(트라마돌염산염)",20260219
"특정연령대금기","복합",D000773,"Tramadol Hydrochloride","트라마돌염산염","[D000147]Acetaminophen(아세트아미노펜)","필름코팅정",202003694,"울트라셋정",20200521,"(주)한국얀센","연한 노란색의 장방형 필름코팅 정제",01140,"해열.진통.소염제","전문의약품","[M222893]트라마돌염산염/[M040353]아세트아미노펜",20190522,"소아에서 생명에 치명적인 호흡 억제 및 사망 발생","","Tramadol Hydrochloride(트라마돌염산염)",20260219
"특정연령대금기","복합",D000773,"Tramadol Hydrochloride","트라마돌염산염","[D000147]Acetaminophen(아세트아미노펜)","필름코팅정",202003799,"케이셋정",20200526,"주식회사케이에스제약","연한 황색의 장방형 필름 코팅 정제",01140,"해열.진통.소염제","전문의약품","[M040353]아세트아미노펜/[M222893]트라마돌염산염",20190522,"소아에서 생명에 치명적인 호흡 억제 및 사망 발생","","Tramadol Hydrochloride(트라마돌염산염)",20260219
"특정연령대금기","복합",D000773,"Tramadol Hydrochloride","트라마돌염산염","[D000147]Acetaminophen(아세트아미노펜)","필름코팅정",202003800,"케이셋세미정",20200526,"주식회사케이에스제약","연한 황색의 장방형 필름코팅 정제",01140,"해열.진통.소염제","전문의약품","[M040353]아세트아미노펜/[M222893]트라마돌염산염",20190522,"소아에서 생명에 치명적인 호흡 억제 및 사망 발생","","Tramadol Hydrochloride(트라마돌염산염)",20260219
"특정연령대금기","복합",D000773,"Tramadol Hydrochloride","트라마돌염산염","[D000147]Acetaminophen(아세트아미노펜)","필름코팅정",202004095,"울트라뉴세미정",20200529,"(주)시어스제약","연한 노란색의 장방형 필름코팅정제",01140,"해열.진통.소염제","전문의약품","[M040353]아세트아미노펜/[M255410]트라마돌염산염",20190522,"소아에서 생명에 치명적인 호흡 억제 및 사망 발생","","Tramadol Hydrochloride(트라마돌염산염)",20260219
"특정연령대금기","단일",D000656,"Atropine Sulfate","아트로핀황산염","","점안용액제",202007499,"마이오가드점안액0.125%(아트로핀황산염)(1회용)",20201102,"(주)라이트팜텍","무색 투명한 액이 무색 투명한 플라스틱 용기에 든 점안제",01310,"안과용제","전문의약품","[M110023]아트로핀황산염",20230705,"- 심각한 전신 부작용 위험이 있음. - 조산아, 영아, 다운증후군, 강직마비 또는 뇌손상 어린이는 이 약의 전신흡수에 따른 중추신경계 장애, 심폐 및 위장관 독성에 감수성이 있음","점안제(0.125%)","Atropine Sulfate(아트로핀황산염)",20251017
"특정연령대금기","복합",D000773,"Tramadol Hydrochloride","트라마돌염산염","[D000147]Acetaminophen(아세트아미노펜)","필름코팅정",202107077,"와이투아트라세미정",20211022,"성이바이오제약주식회사","연한 노란색의 장방형 필름코팅정제",01140,"해열.진통.소염제","전문의약품","[M040353]아세트아미노펜/[M255410]트라마돌염산염",20190522,"소아에서 생명에 치명적인 호흡 억제 및 사망 발생","","Tramadol Hydrochloride(트라마돌염산염)",20260219
"특정연령대금기","복합",D000773,"Tramadol Hydrochloride","트라마돌염산염","[D000147]Acetaminophen(아세트아미노펜)","필름코팅정",202107098,"비엘아스트라셋정",20211025,"성이바이오제약주식회사","연한 노란색의 장방형 필름코팅정제",01140,"해열.진통.소염제","전문의약품","[M040353]아세트아미노펜/[M255410]트라마돌염산염",20190522,"소아에서 생명에 치명적인 호흡 억제 및 사망 발생","","Tramadol Hydrochloride(트라마돌염산염)",20260219
"특정연령대금기","복합",D000773,"Tramadol Hydrochloride","트라마돌염산염","[D000147]Acetaminophen(아세트아미노펜)","필름코팅정",202201142,"울트라셋세미정",20220322,"(주)한국얀센","연한 노란색의 장방형 필름코팅정제",01140,"해열.진통.소염제","전문의약품","[M255410]트라마돌염산염/[M040353]아세트아미노펜",20190522,"소아에서 생명에 치명적인 호흡 억제 및 사망 발생","","Tramadol Hydrochloride(트라마돌염산염)",20260219
"특정연령대금기","복합",D000773,"Tramadol Hydrochloride","트라마돌염산염","[D000147]Acetaminophen(아세트아미노펜)","서방성필름코팅정",202201173,"울트라셋이알서방정",20220324,"(주)한국얀센","노란색의 장방형 필름코팅 서방정제",01140,"해열.진통.소염제","전문의약품","[M040353]아세트아미노펜/[M222893]트라마돌염산염/[M040353]아세트아미노펜/[M222893]트라마돌염산염",20190522,"소아에서 생명에 치명적인 호흡 억제 및 사망 발생","","Tramadol Hydrochloride(트라마돌염산염)",20260219
"특정연령대금기","복합",D000773,"Tramadol Hydrochloride","트라마돌염산염","[D000147]Acetaminophen(아세트아미노펜)","서방성필름코팅정",202201174,"울트라셋이알세미서방정",20220324,"(주)한국얀센","노란색의 원형 필름코팅 서방정제",01140,"해열.진통.소염제","전문의약품","[M040353]아세트아미노펜/[M222893]트라마돌염산염/[M040353]아세트아미노펜/[M222893]트라마돌염산염",20190522,"소아에서 생명에 치명적인 호흡 억제 및 사망 발생","","Tramadol Hydrochloride(트라마돌염산염)",20260219
"특정연령대금기","단일",D000656,"Atropine Sulfate Hydrate","아트로핀황산염수화물","","점안용액제",202500932,"드림피아점안액0.125%(아트로핀황산염수화물)(1회용)",20250418,"대우제약(주)","무색 투명한 액이 무색 투명한 플라스틱 용기에 든 점안제",01310,"안과용제","전문의약품","[M223111]아트로핀황산염수화물",20230705,"- 심각한 전신 부작용 위험이 있음. - 조산아, 영아, 다운증후군, 강직마비 또는 뇌손상 어린이는 이 약의 전신흡수에 따른 중추신경계 장애, 심폐 및 위장관 독성에 감수성이 있음","점안제(0.125%)","Atropine Sulfate Hydrate(아트로핀황산염수화물)",20251017
"특정연령대금기","단일",D000656,"Atropine Sulfate","아트로핀황산염","","점안용액제",202501014,"마이오캡점안액0.125%(아트로핀황산염)(1회용)",20250428,"유니메드제약(주)","무색 투명한 액이 무색 투명한 플라스틱 용기에 든 점안제",01310,"안과용제","전문의약품","[M110023]아트로핀황산염",20230705,"- 심각한 전신 부작용 위험이 있음. - 조산아, 영아, 다운증후군, 강직마비 또는 뇌손상 어린이는 이 약의 전신흡수에 따른 중추신경계 장애, 심폐 및 위장관 독성에 감수성이 있음","점안제(0.125%)","Atropine Sulfate(아트로핀황산염)",20251017
"특정연령대금기","단일",D000656,"Atropine Sulfate","아트로핀황산염","","점안용액제",202501460,"마이오텍트점안액0.125%(아트로핀황산염)(1회용)",20250616,"(주)태준제약","무색 투명한 액이 무색 투명한 플라스틱 용기에 든 점안제",01310,"안과용제","전문의약품","[M110023]아트로핀황산염",20230705,"- 심각한 전신 부작용 위험이 있음. - 조산아, 영아, 다운증후군, 강직마비 또는 뇌손상 어린이는 이 약의 전신흡수에 따른 중추신경계 장애, 심폐 및 위장관 독성에 감수성이 있음","점안제(0.125%)","Atropine Sulfate(아트로핀황산염)",20251017
"특정연령대금기","단일",D000033,"Acamprosate Calcium","아캄프로세이트칼슘","","장용성필름코팅정",201900645,"명인아캄프로세이트정333mg(아캄프로세이트칼슘)",20190125,"명인제약(주)","흰색의 원형 장용성 필름코팅정제",01190,"기타의 중추신경용약","전문의약품","[M102626]아캄프로세이트칼슘",20190522,"65세 이상에서 안전성 및 유효성 미확립. 연령이 높아질 수록 신장기능이 저하되어 이 약이 축적될 수 있음.","","Acamprosate Calcium(아캄프로세이트칼슘)",""
"특정연령대금기","단일",D000647,"Cetirizine Hydrochloride","세티리진염산염","","필름코팅정",201505959,"세로텍정(세티리진염산염)(수출명:UtizineTab.10mg,UkisenTabs.10mg)(수출용)",20150825,"한국유나이티드제약(주)","흰색의 타원형 필름 코팅정제",01410,"항히스타민제","일반의약품","[M222857]세티리진염산염",20140109,"안전성 및 유효성 미확립","","Cetirizine Hydrochloride(세티리진염산염)",""
"특정연령대금기","단일",D000647,"Cetirizine Hydrochloride","세티리진염산염","","필름코팅정",201803258,"파비스세티리진염산염정(수출용)",20180808,"(주)한국파비스제약","흰색의 장방형 필름코팅정제",01410,"항히스타민제","일반의약품","[M222857]세티리진염산염",20140109,"안전성 및 유효성 미확립","","Cetirizine Hydrochloride(세티리진염산염)",""
"특정연령대금기","단일",D000647,"Cetirizine Hydrochloride","세티리진염산염","","연질캡슐제, 액상",201901675,"알앤샷연질캡슐(세티리진염산염)",20190320,"동광제약(주)","무색 내지 연보라색의 내용물이 든 보라색의 투명한 타원형 연질캡슐",01410,"항히스타민제","일반의약품","[M222857]세티리진염산염",20140109,"안전성 및 유효성 미확립","","Cetirizine Hydrochloride(세티리진염산염)",""
"특정연령대금기","단일",D000647,"Cetirizine Hydrochloride","세티리진염산염","","필름코팅정",201903754,"코러스세티리진정(세티리진염산염)(수출용)",20190605,"한국코러스(주)","흰색의 타원형 필름코팅정",01410,"항히스타민제","일반의약품","[M222857]세티리진염산염",20140109,"안전성 및 유효성 미확립","","Cetirizine Hydrochloride(세티리진염산염)",""
"특정연령대금기","단일",D000647,"Cetirizine Hydrochloride","세티리진염산염","","필름코팅정",202106787,"알러팜정(세티리진염산염)",20211007,"(주)한국파비스제약","흰색의 장방형 필름코팅정제",01410,"항히스타민제","일반의약품","[M222857]세티리진염산염",20140109,"안전성 및 유효성 미확립","","Cetirizine Hydrochloride(세티리진염산염)",""
"특정연령대금기","단일",D000647,"Cetirizine Hydrochloride","세티리진염산염","","필름코팅정",202201616,"경남세티리진정(세티리진염산염)",20220419,"경남제약(주)","흰색의 장방형 필름코팅정",01410,"항히스타민제","일반의약품","[M222857]세티리진염산염",20140109,"안전성 및 유효성 미확립","","Cetirizine Hydrochloride(세티리진염산염)",""
"특정연령대금기","단일",D000647,"Cetirizine Hydrochloride","세티리진염산염","","필름코팅정",202203876,"알진텍정(세티리진염산염)",20221020,"성이바이오제약주식회사","흰색의 장방형 필름코팅정",01410,"항히스타민제","일반의약품","[M222857]세티리진염산염",20140109,"안전성 및 유효성 미확립","","Cetirizine Hydrochloride(세티리진염산염)",""
"특정연령대금기","단일",D000647,"Cetirizine Hydrochloride","세티리진염산염","","필름코팅정",202203978,"유한세티리진정(세티리진염산염)",20221102,"(주)유한양행","흰색의 장방형 필름코팅정",01410,"항히스타민제","일반의약품","[M222857]세티리진염산염",20140109,"안전성 및 유효성 미확립","","Cetirizine Hydrochloride(세티리진염산염)",""
"특정연령대금기","단일",D000647,"Cetirizine Hydrochloride","세티리진염산염","","필름코팅정",202303056,"세리진정(세티리진염산염)",20231102,"메딕스제약(주)","흰색의 장방형 필름코팅정",01410,"항히스타민제","일반의약품","[M222857]세티리진염산염",20140109,"안전성 및 유효성 미확립","","Cetirizine Hydrochloride(세티리진염산염)",""
"특정연령대금기","단일",D000647,"Cetirizine Hydrochloride","세티리진염산염","","필름코팅정",202403084,"바로세티정(세티리진염산염)",20241227,"코오롱제약(주)","흰색의 장방형 필름코팅정",01410,"항히스타민제","일반의약품","[M222857]세티리진염산염",20140109,"안전성 및 유효성 미확립","","Cetirizine Hydrochloride(세티리진염산염)",""
"특정연령대금기","단일",D000647,"Cetirizine Hydrochloride","세티리진염산염","","필름코팅정",202501164,"세티리엔정(세티리진염산염)",20250513,"에스케이케미칼(주)","흰색의 장방형 필름코팅정",01410,"항히스타민제","일반의약품","[M222857]세티리진염산염",20140109,"안전성 및 유효성 미확립","","Cetirizine Hydrochloride(세티리진염산염)",""
"특정연령대금기","단일",D000647,"Cetirizine Hydrochloride","세티리진염산염","","필름코팅정",202501708,"제트리진정(세티리진염산염)",20250709,"삼성제약(주)","흰색의 원형 필름코팅정",01410,"항히스타민제","일반의약품","[M222857]세티리진염산염",20140109,"안전성 및 유효성 미확립","","Cetirizine Hydrochloride(세티리진염산염)",""
"특정연령대금기","단일",D000647,"Cetirizine Hydrochloride","세티리진염산염","","필름코팅정",202501994,"신신세티리진정(세티리진염산염)",20250730,"신신제약(주)","흰색의 장방형 필름코팅정",01410,"항히스타민제","일반의약품","[M222857]세티리진염산염",20140109,"안전성 및 유효성 미확립","","Cetirizine Hydrochloride(세티리진염산염)",""
"특정연령대금기","단일",D000647,"Cetirizine Hydrochloride","세티리진염산염","","연질캡슐제, 액상",202502786,"알러프리연질캡슐(세티리진염산염)",20251029,"(주)필인터내셔널","무색 투명한 액이 든 미황색의 투명한 타원형 연질캡슐",01410,"항히스타민제","일반의약품","[M222857]세티리진염산염",20140109,"안전성 및 유효성 미확립","","Cetirizine Hydrochloride(세티리진염산염)",""
"특정연령대금기","단일",D000647,"Cetirizine Hydrochloride","세티리진염산염","","필름코팅정",202601148,"셀티리진정(세티리진염산염)",20260421,"주식회사 제이비케이랩","흰색의 장방형 필름코팅정",01410,"항히스타민제","일반의약품","[M222857]세티리진염산염",20140109,"안전성 및 유효성 미확립","","Cetirizine Hydrochloride(세티리진염산염)",""
"특정연령대금기","단일",D000647,"Cetirizine Hydrochloride","세티리진염산염","","필름코팅정",202601382,"세티큐어정(세티리진염산염)",20260512,"천우신약(주)","흰색의 장방형 필름코팅정제",01410,"항히스타민제","일반의약품","[M222857]세티리진염산염",20140109,"안전성 및 유효성 미확립","","Cetirizine Hydrochloride(세티리진염산염)",""
"특정연령대금기","단일",D001518,"Milk-Thistle Fruit Dried Extract","밀크시슬열매 건조엑스","","연질캡슐제, 액상",202105214,"리버플로우연질캡슐(밀크시슬열매건조엑스)",20210708,"경방신약(주)","황갈색의 유상 내용물을 함유한 파란색의 장방형 연질캡슐",03910,"간장질환용제","일반의약품","[M272736]밀크시슬열매 건조엑스",20201228,"","","Milk-Thistle Fruit Dried Extract(밀크시슬열매 건조엑스)",""
"특정연령대금기","단일",D001518,"Milk-Thistle Fruit Dried Extract","밀크시슬열매 건조엑스","","연질캡슐제, 현탁상",202201549,"헤파시슬350연질캡슐(밀크시슬열매건조엑스)",20220413,"이연제약(주)","황갈색의 유상 내용물을 함유한 암적색의 장방형 연질캡슐",03910,"간장질환용제","일반의약품","[M272736]밀크시슬열매 건조엑스",20201228,"","","Milk-Thistle Fruit Dried Extract(밀크시슬열매 건조엑스)",""
"특정연령대금기","단일",D001518,"Milk-Thistle Fruit Dried Extract","밀크시슬건조엑스","","필름코팅정",202600650,"실리메가정350밀리그램(밀크시슬건조엑스)",20260304,"에스에스팜(주)","적갈색의 장방형 필름코팅정",03910,"간장질환용제","일반의약품","[M266819]밀크시슬건조엑스",20201228,"","","Milk-Thistle Fruit Dried Extract(밀크시슬건조엑스)",""
"특정연령대금기","단일",D000097,Fentanyl,"펜타닐","","서방성경피흡수제",200410873,"듀로제식디트랜스패취25μg/h(펜타닐)",20041227,"(주)한국얀센","모서리가 둥근 반투명의 직사각형 패취",08210,"합성마약","전문의약품","[M230151]펜타닐",20191217,"(구강정) 적절한 투여 용량 및 안전성 미확립, (박칼정, 설하정, 점비액제) 안전성 및 유효성 미확립","","Fentanyl(펜타닐)",""
"특정연령대금기","단일",D000097,Fentanyl,"펜타닐","","서방성경피흡수제",200410874,"듀로제식디트랜스패취50㎍/h(펜타닐)",20041227,"(주)한국얀센","모서리가 둥근 반투명의 직사각형 패취",08210,"합성마약","전문의약품","[M230151]펜타닐",20191217,"(구강정) 적절한 투여 용량 및 안전성 미확립, (박칼정, 설하정, 점비액제) 안전성 및 유효성 미확립","","Fentanyl(펜타닐)",""
"특정연령대금기","단일",D000097,Fentanyl,"펜타닐","","서방성경피흡수제",200512180,"듀로제식디트랜스패취12㎍/h(펜타닐)",20051110,"(주)한국얀센","모서리가 둥근 반투명의 직사각형 패취",08210,"합성마약","전문의약품","[M230151]펜타닐",20191217,"(구강정) 적절한 투여 용량 및 안전성 미확립, (박칼정, 설하정, 점비액제) 안전성 및 유효성 미확립","","Fentanyl(펜타닐)",""
"특정연령대금기","단일",D000097,"Fentanyl Citrate","펜타닐시트르산염","","트로키제",200605327,"액틱구강정200마이크로그램(펜타닐시트르산염)",20060524,"현대약품(주)","흰색 플라스틱 지지대에 부착된, 아랫면은 편평하고 윗면은 반구형인 흰색의 원통형 구강정",08210,"합성마약","전문의약품","[M223286]펜타닐시트르산염",20191217,"(구강정) 적절한 투여 용량 및 안전성 미확립, (박칼정, 설하정, 점비액제) 안전성 및 유효성 미확립","","Fentanyl Citrate(펜타닐시트르산염)",""
"특정연령대금기","단일",D000097,"Fentanyl Citrate","펜타닐시트르산염","","트로키제",200605328,"액틱구강정400마이크로그램(펜타닐시트르산염)",20060524,"현대약품(주)","흰색 플라스틱 지지대에 부착된, 아랫면은 편평하고 윗면은 반구형인 흰색의 원통형 구강정",08210,"합성마약","전문의약품","[M223286]펜타닐시트르산염",20191217,"(구강정) 적절한 투여 용량 및 안전성 미확립, (박칼정, 설하정, 점비액제) 안전성 및 유효성 미확립","","Fentanyl Citrate(펜타닐시트르산염)",""
"특정연령대금기","단일",D000097,"Fentanyl Citrate","펜타닐시트르산염","","트로키제",200605329,"액틱구강정600마이크로그램(펜타닐시트르산염)",20060524,"현대약품(주)","흰색 플라스틱 지지대에 부착된, 아랫면은 편평하고 윗면은 반구형인 흰색의 원통형 구강정",08210,"합성마약","전문의약품","[M223286]펜타닐시트르산염",20191217,"(구강정) 적절한 투여 용량 및 안전성 미확립, (박칼정, 설하정, 점비액제) 안전성 및 유효성 미확립","","Fentanyl Citrate(펜타닐시트르산염)",""
"특정연령대금기","단일",D000097,"Fentanyl Citrate","펜타닐시트르산염","","트로키제",200605330,"액틱구강정800마이크로그램(펜타닐시트르산염)",20060524,"현대약품(주)","흰색 플라스틱 지지대에 부착된, 아랫면은 편평하고 윗면은 반구형인 흰색의 원통형 구강정",08210,"합성마약","전문의약품","[M223286]펜타닐시트르산염",20191217,"(구강정) 적절한 투여 용량 및 안전성 미확립, (박칼정, 설하정, 점비액제) 안전성 및 유효성 미확립","","Fentanyl Citrate(펜타닐시트르산염)",""
"특정연령대금기","단일",D000097,Fentanyl,"펜타닐","","서방성경피흡수제",200801304,"듀로제식디트랜스패취100μg/h(펜타닐)",20080130,"(주)한국얀센","모서리가 둥근 반투명의 사각형 패취",08210,"합성마약","전문의약품","[M230151]펜타닐",20191217,"(구강정) 적절한 투여 용량 및 안전성 미확립, (박칼정, 설하정, 점비액제) 안전성 및 유효성 미확립","","Fentanyl(펜타닐)",""
"특정연령대금기","단일",D000097,Fentanyl,"펜타닐","","서방성경피흡수제",201201125,"펜타듀르패취100μg/h(펜타닐)",20120223,"(주)한국팜비오","양면에 박리지가 부착되어 있는 황갈색의 모서리가 둥근 직사각형 경피흡수제",08210,"합성마약","전문의약품","[M230151]펜타닐",20191217,"(구강정) 적절한 투여 용량 및 안전성 미확립, (박칼정, 설하정, 점비액제) 안전성 및 유효성 미확립","","Fentanyl(펜타닐)",""
"특정연령대금기","단일",D000097,Fentanyl,"펜타닐","","서방성경피흡수제",201201127,"펜타듀르패취50μg/h(펜타닐)",20120223,"(주)한국팜비오","양면에 박리지가 부착되어 있는 황갈색의 모서리가 둥근 직사각형 경피흡수제",08210,"합성마약","전문의약품","[M230151]펜타닐",20191217,"(구강정) 적절한 투여 용량 및 안전성 미확립, (박칼정, 설하정, 점비액제) 안전성 및 유효성 미확립","","Fentanyl(펜타닐)",""
"특정연령대금기","단일",D000097,Fentanyl,"펜타닐","","서방성경피흡수제",201201128,"펜타듀르패취25μg/h(펜타닐)",20120223,"(주)한국팜비오","양면에 박리지가 부착되어 있는 황갈색의 모서리가 둥근 직사각형 경피흡수제",08210,"합성마약","전문의약품","[M230151]펜타닐",20191217,"(구강정) 적절한 투여 용량 및 안전성 미확립, (박칼정, 설하정, 점비액제) 안전성 및 유효성 미확립","","Fentanyl(펜타닐)",""
"특정연령대금기","단일",D000097,Fentanyl,"펜타닐","","서방성경피흡수제",201201129,"펜타듀르패취12ug/h(펜타닐)",20120223,"(주)한국팜비오","양면에 박리지가 부착되어 있는 황갈색의 모서리가 둥근 직사각형 경피흡수제",08210,"합성마약","전문의약품","[M230151]펜타닐",20191217,"(구강정) 적절한 투여 용량 및 안전성 미확립, (박칼정, 설하정, 점비액제) 안전성 및 유효성 미확립","","Fentanyl(펜타닐)",""
"특정연령대금기","단일",D000097,Fentanyl,"펜타닐","","서방성경피흡수제",201302208,"명문펜타닐패취12㎍/h(펜타닐)",20130125,"명문제약(주)","모서리가 둥근 반투명의 직사각형 패취",08210,"합성마약","전문의약품","[M230151]펜타닐",20191217,"(구강정) 적절한 투여 용량 및 안전성 미확립, (박칼정, 설하정, 점비액제) 안전성 및 유효성 미확립","","Fentanyl(펜타닐)",""
"특정연령대금기","단일",D000097,Fentanyl,"펜타닐","","서방성경피흡수제",201302209,"명문펜타닐패취25㎍/h(펜타닐)",20130125,"명문제약(주)","모서리가 둥근 반투명의 직사각형 패취",08210,"합성마약","전문의약품","[M230151]펜타닐",20191217,"(구강정) 적절한 투여 용량 및 안전성 미확립, (박칼정, 설하정, 점비액제) 안전성 및 유효성 미확립","","Fentanyl(펜타닐)",""
"특정연령대금기","단일",D000097,Fentanyl,"펜타닐","","서방성경피흡수제",201302210,"명문펜타닐패취50㎍/h(펜타닐)",20130125,"명문제약(주)","모서리가 둥근 반투명의 직사각형 패취",08210,"합성마약","전문의약품","[M230151]펜타닐",20191217,"(구강정) 적절한 투여 용량 및 안전성 미확립, (박칼정, 설하정, 점비액제) 안전성 및 유효성 미확립","","Fentanyl(펜타닐)",""
"특정연령대금기","단일",D000097,Fentanyl,"펜타닐","","서방성경피흡수제",201305187,"펜타덤패취25μg/h(펜타닐)",20130218,"한림제약(주)","반투명한 필름이 약물 저장부 점착제와 부착되어 있는 각이 둥글고 네모난 모양의 패취",08210,"합성마약","전문의약품","[M230151]펜타닐",20191217,"(구강정) 적절한 투여 용량 및 안전성 미확립, (박칼정, 설하정, 점비액제) 안전성 및 유효성 미확립","","Fentanyl(펜타닐)",""
"특정연령대금기","단일",D000097,Fentanyl,"펜타닐","","서방성경피흡수제",201305188,"펜타덤패취12μg/h(펜타닐)",20130218,"한림제약(주)","반투명한 필름이 약물 저장부 점착제와 부착되어 있는 각이 둥글고 네모난 모양의 패취",08210,"합성마약","전문의약품","[M230151]펜타닐",20191217,"(구강정) 적절한 투여 용량 및 안전성 미확립, (박칼정, 설하정, 점비액제) 안전성 및 유효성 미확립","","Fentanyl(펜타닐)",""
"특정연령대금기","단일",D000097,Fentanyl,"펜타닐","","서방성경피흡수제",201305189,"펜타덤패취50μg/h(펜타닐)",20130218,"한림제약(주)","반투명한 필름이 약물 저장부 점착제와 부착되어 있는 각이 둥글고 네모난 모양의 패취",08210,"합성마약","전문의약품","[M230151]펜타닐",20191217,"(구강정) 적절한 투여 용량 및 안전성 미확립, (박칼정, 설하정, 점비액제) 안전성 및 유효성 미확립","","Fentanyl(펜타닐)",""
"특정연령대금기","단일",D000097,"Fentanyl Citrate","펜타닐시트르산염","","박칼정",201307775,"펜토라박칼정800마이크로그램(펜타닐시트르산염)",20130621,"(주)한독테바","흰색의 편평한 원형 박칼정",08210,"합성마약","전문의약품","[M223286]펜타닐시트르산염",20191217,"(구강정) 적절한 투여 용량 및 안전성 미확립, (박칼정, 설하정, 점비액제) 안전성 및 유효성 미확립","","Fentanyl Citrate(펜타닐시트르산염)",""
"특정연령대금기","단일",D000097,"Fentanyl Citrate","펜타닐시트르산염","","박칼정",201307940,"펜토라박칼정100마이크로그램(펜타닐시트르산염)",20130628,"(주)한독테바","흰색의 편평한 원형 박칼정",08210,"합성마약","전문의약품","[M223286]펜타닐시트르산염",20191217,"(구강정) 적절한 투여 용량 및 안전성 미확립, (박칼정, 설하정, 점비액제) 안전성 및 유효성 미확립","","Fentanyl Citrate(펜타닐시트르산염)",""
"특정연령대금기","단일",D000097,"Fentanyl Citrate","펜타닐시트르산염","","박칼정",201307941,"펜토라박칼정200마이크로그램(펜타닐시트르산염)",20130628,"(주)한독테바","흰색의 편평한 원형 박칼정",08210,"합성마약","전문의약품","[M223286]펜타닐시트르산염",20191217,"(구강정) 적절한 투여 용량 및 안전성 미확립, (박칼정, 설하정, 점비액제) 안전성 및 유효성 미확립","","Fentanyl Citrate(펜타닐시트르산염)",""
"특정연령대금기","단일",D000097,"Fentanyl Citrate","펜타닐시트르산염","","박칼정",201307942,"펜토라박칼정400마이크로그램(펜타닐시트르산염)",20130628,"(주)한독테바","흰색의 편평한 원형 박칼정",08210,"합성마약","전문의약품","[M223286]펜타닐시트르산염",20191217,"(구강정) 적절한 투여 용량 및 안전성 미확립, (박칼정, 설하정, 점비액제) 안전성 및 유효성 미확립","","Fentanyl Citrate(펜타닐시트르산염)",""
"특정연령대금기","단일",D000097,"Fentanyl Citrate","펜타닐시트르산염","","박칼정",201307943,"펜토라박칼정600마이크로그램(펜타닐시트르산염)",20130628,"(주)한독테바","흰색의 편평한 원형 박칼정",08210,"합성마약","전문의약품","[M223286]펜타닐시트르산염",20191217,"(구강정) 적절한 투여 용량 및 안전성 미확립, (박칼정, 설하정, 점비액제) 안전성 및 유효성 미확립","","Fentanyl Citrate(펜타닐시트르산염)",""
"특정연령대금기","단일",D000097,"Fentanyl Citrate","펜타닐시트르산염","","정량액상분무제",201400641,"인스타닐나잘스프레이50마이크로그램(펜타닐시트르산염)",20140213,"(주)대웅제약","일정량씩 분무되는 측정 가능한 갈색유리병에 든 무색투명한 비강 분무액",08210,"합성마약","전문의약품","[M223286]펜타닐시트르산염",20191217,"(구강정) 적절한 투여 용량 및 안전성 미확립, (박칼정, 설하정, 점비액제) 안전성 및 유효성 미확립","","Fentanyl Citrate(펜타닐시트르산염)",""
"특정연령대금기","단일",D000097,"Fentanyl Citrate","펜타닐시트르산염","","정량액상분무제",201400642,"인스타닐나잘스프레이100마이크로그램(펜타닐시트르산염)",20140213,"(주)대웅제약","일정량씩 분무되는 측정 가능한 갈색유리병에 든 무색투명한 비강 분무액",08210,"합성마약","전문의약품","[M223286]펜타닐시트르산염",20191217,"(구강정) 적절한 투여 용량 및 안전성 미확립, (박칼정, 설하정, 점비액제) 안전성 및 유효성 미확립","","Fentanyl Citrate(펜타닐시트르산염)",""
"특정연령대금기","단일",D000097,"Fentanyl Citrate","펜타닐시트르산염","","정량액상분무제",201400643,"인스타닐나잘스프레이200마이크로그램(펜타닐시트르산염)",20140213,"(주)대웅제약","일정량씩 분무되는 측정 가능한 갈색유리병에 든 무색투명한 비강 분무액",08210,"합성마약","전문의약품","[M223286]펜타닐시트르산염",20191217,"(구강정) 적절한 투여 용량 및 안전성 미확립, (박칼정, 설하정, 점비액제) 안전성 및 유효성 미확립","","Fentanyl Citrate(펜타닐시트르산염)",""
"특정연령대금기","단일",D000097,"Fentanyl Citrate Micronized","펜타닐시트르산염(미분화)","","설하정",201402208,"앱스트랄설하정100마이크로그램(펜타닐시트르산염)",20140513,"한국메나리니(주)","흰색의 원형 정제",08210,"합성마약","전문의약품","[M259588]펜타닐시트르산염(미분화)",20191217,"(구강정) 적절한 투여 용량 및 안전성 미확립, (박칼정, 설하정, 점비액제) 안전성 및 유효성 미확립","","Fentanyl Citrate Micronized(펜타닐시트르산염(미분화))",""
"특정연령대금기","단일",D000097,"Fentanyl Citrate Micronized","펜타닐시트르산염(미분화)","","설하정",201402209,"앱스트랄설하정200마이크로그램(펜타닐시트르산염)",20140513,"한국메나리니(주)","흰색의 타원형 정제",08210,"합성마약","전문의약품","[M259588]펜타닐시트르산염(미분화)",20191217,"(구강정) 적절한 투여 용량 및 안전성 미확립, (박칼정, 설하정, 점비액제) 안전성 및 유효성 미확립","","Fentanyl Citrate Micronized(펜타닐시트르산염(미분화))",""
"특정연령대금기","단일",D000097,"Fentanyl Citrate Micronized","펜타닐시트르산염(미분화)","","설하정",201402210,"앱스트랄설하정300마이크로그램(펜타닐시트르산염)",20140513,"한국메나리니(주)","흰색의 삼각형 정제",08210,"합성마약","전문의약품","[M259588]펜타닐시트르산염(미분화)",20191217,"(구강정) 적절한 투여 용량 및 안전성 미확립, (박칼정, 설하정, 점비액제) 안전성 및 유효성 미확립","","Fentanyl Citrate Micronized(펜타닐시트르산염(미분화))",""
"특정연령대금기","단일",D000097,"Fentanyl Citrate Micronized","펜타닐시트르산염(미분화)","","설하정",201402211,"앱스트랄설하정400마이크로그램(펜타닐시트르산염)",20140513,"한국메나리니(주)","흰색의 다이아몬드형 정제",08210,"합성마약","전문의약품","[M259588]펜타닐시트르산염(미분화)",20191217,"(구강정) 적절한 투여 용량 및 안전성 미확립, (박칼정, 설하정, 점비액제) 안전성 및 유효성 미확립","","Fentanyl Citrate Micronized(펜타닐시트르산염(미분화))",""
"특정연령대금기","단일",D000097,Fentanyl,"펜타닐","","경피흡수제",201403355,"명문펜타닐패취25㎍/h(펜타닐)(수출용)",20140724,"명문제약(주)","모서리가 둥근 반투명의 직사각형 패취",08210,"합성마약","전문의약품","[M230151]펜타닐",20191217,"(구강정) 적절한 투여 용량 및 안전성 미확립, (박칼정, 설하정, 점비액제) 안전성 및 유효성 미확립","","Fentanyl(펜타닐)",""
"특정연령대금기","단일",D000097,Fentanyl,"펜타닐","","경피흡수제",201403356,"명문펜타닐패취50㎍/h(펜타닐)(수출용)",20140724,"명문제약(주)","모서리가 둥근 반투명의 직사각형 패취",08210,"합성마약","전문의약품","[M230151]펜타닐",20191217,"(구강정) 적절한 투여 용량 및 안전성 미확립, (박칼정, 설하정, 점비액제) 안전성 및 유효성 미확립","","Fentanyl(펜타닐)",""
"특정연령대금기","단일",D000097,Fentanyl,"펜타닐","","경피흡수제",201403360,"명문펜타닐패취12㎍/h(펜타닐)(수출용)",20140724,"명문제약(주)","모서리가 둥근 반투명의 직사각형 패취",08210,"합성마약","전문의약품","[M230151]펜타닐",20191217,"(구강정) 적절한 투여 용량 및 안전성 미확립, (박칼정, 설하정, 점비액제) 안전성 및 유효성 미확립","","Fentanyl(펜타닐)",""
"특정연령대금기","단일",D000097,Fentanyl,"펜타닐","","서방성경피흡수제",201506803,"펜타덤패취100㎍/h(펜타닐)",20150925,"한림제약(주)","반투명한 필름이 약물 저장부 점착제와 부착되어 있는 각이 둥글고 네모난 모양의 패취",08210,"합성마약","전문의약품","[M261073]펜타닐",20191217,"(구강정) 적절한 투여 용량 및 안전성 미확립, (박칼정, 설하정, 점비액제) 안전성 및 유효성 미확립","","Fentanyl(펜타닐)",""
"특정연령대금기","단일",D000097,"Fentanyl Citrate","펜타닐시트르산염","","설하정",201601706,"펜타칸설하정 267마이크로그램(펜타닐시트르산염)",20160331,"(주)한국팜비오","흰색의 볼록한 삼각형 모양의 필름코팅정",08210,"합성마약","전문의약품","[M223286]펜타닐시트르산염",20191217,"(구강정) 적절한 투여 용량 및 안전성 미확립, (박칼정, 설하정, 점비액제) 안전성 및 유효성 미확립","","Fentanyl Citrate(펜타닐시트르산염)",""
"특정연령대금기","단일",D000097,"Fentanyl Citrate","펜타닐시트르산염","","설하정",201601707,"펜타칸설하정 400마이크로그램 (펜타닐시트르산염)",20160331,"(주)한국팜비오","흰색의 볼록한 삼각형 모양의 필름코팅정",08210,"합성마약","전문의약품","[M223286]펜타닐시트르산염",20191217,"(구강정) 적절한 투여 용량 및 안전성 미확립, (박칼정, 설하정, 점비액제) 안전성 및 유효성 미확립","","Fentanyl Citrate(펜타닐시트르산염)",""
"특정연령대금기","단일",D000097,"Fentanyl Citrate","펜타닐시트르산염","","설하정",201601708,"펜타칸설하정 533마이크로그램(펜타닐시트르산염)",20160331,"(주)한국팜비오","흰색의 볼록한 삼각형 모양의 필름코팅정",08210,"합성마약","전문의약품","[M223286]펜타닐시트르산염",20191217,"(구강정) 적절한 투여 용량 및 안전성 미확립, (박칼정, 설하정, 점비액제) 안전성 및 유효성 미확립","","Fentanyl Citrate(펜타닐시트르산염)",""
"특정연령대금기","단일",D000097,"Fentanyl Citrate","펜타닐시트르산염","","설하정",201601710,"펜타칸설하정 133마이크로그램(펜타닐시트르산염)",20160331,"(주)한국팜비오","흰색의 볼록한 삼각형 모양의 필름코팅정",08210,"합성마약","전문의약품","[M223286]펜타닐시트르산염",20191217,"(구강정) 적절한 투여 용량 및 안전성 미확립, (박칼정, 설하정, 점비액제) 안전성 및 유효성 미확립","","Fentanyl Citrate(펜타닐시트르산염)",""
"특정연령대금기","단일",D000097,"Fentanyl Citrate","펜타닐시트르산염","","설하정",201707583,"나르코설하정100마이크로그램(펜타닐시트르산염)",20171024,"(주)비씨월드제약","흰색의 원형 정제",08210,"합성마약","전문의약품","[M223286]펜타닐시트르산염",20191217,"(구강정) 적절한 투여 용량 및 안전성 미확립, (박칼정, 설하정, 점비액제) 안전성 및 유효성 미확립","","Fentanyl Citrate(펜타닐시트르산염)",""
"특정연령대금기","단일",D000097,"Fentanyl Citrate","펜타닐시트르산염","","설하정",201804098,"나르코설하정200마이크로그램(펜타닐시트르산염)",20181017,"(주)비씨월드제약","흰색의 타원형 정제",08210,"합성마약","전문의약품","[M223286]펜타닐시트르산염",20191217,"(구강정) 적절한 투여 용량 및 안전성 미확립, (박칼정, 설하정, 점비액제) 안전성 및 유효성 미확립","","Fentanyl Citrate(펜타닐시트르산염)",""
"특정연령대금기","단일",D000097,"Fentanyl Citrate","펜타닐시트르산염","","설하정",201804456,"나르코설하정300마이크로그램(펜타닐시트르산염)",20181109,"(주)비씨월드제약","흰색의 원형 정제",08210,"합성마약","전문의약품","[M223286]펜타닐시트르산염",20191217,"(구강정) 적절한 투여 용량 및 안전성 미확립, (박칼정, 설하정, 점비액제) 안전성 및 유효성 미확립","","Fentanyl Citrate(펜타닐시트르산염)",""
"특정연령대금기","단일",D000097,"Fentanyl Citrate","펜타닐시트르산염","","정량액상분무제",202000148,"팩펜트나잘스프레이100마이크로그램(펜타닐시트르산염)",20200109,"한국메나리니(주)","분무횟수가 표시되는 펌프가 달린 투명한 유리병에 든 무색투명한 비강분무액",08210,"합성마약","전문의약품","[M223286]펜타닐시트르산염",20191217,"(구강정) 적절한 투여 용량 및 안전성 미확립, (박칼정, 설하정, 점비액제) 안전성 및 유효성 미확립","","Fentanyl Citrate(펜타닐시트르산염)",""
"특정연령대금기","단일",D000097,Fentanyl,"펜타닐","","서방성경피흡수제",202100397,"펜타덤패취12μg/h(펜타닐)(수출용)",20210114,"한림제약(주)","반투명한 필름이 약물 저장부 점착제와 부착되어 있는 각이 둥글고 네모난 모양의 패취",08210,"합성마약","전문의약품","[M230151]펜타닐",20191217,"(구강정) 적절한 투여 용량 및 안전성 미확립, (박칼정, 설하정, 점비액제) 안전성 및 유효성 미확립","","Fentanyl(펜타닐)",""
"특정연령대금기","단일",D000097,Fentanyl,"펜타닐","","서방성경피흡수제",202100399,"펜타덤패취50μg/h(펜타닐)(수출용)",20210114,"한림제약(주)","반투명한 필름이 약물 저장부 점착제와 부착되어 있는 각이 둥글고 네모난 모양의 패취",08210,"합성마약","전문의약품","[M230151]펜타닐",20191217,"(구강정) 적절한 투여 용량 및 안전성 미확립, (박칼정, 설하정, 점비액제) 안전성 및 유효성 미확립","","Fentanyl(펜타닐)",""
"특정연령대금기","단일",D000097,Fentanyl,"펜타닐","","서방성경피흡수제",202100400,"펜타덤패취100μg/h(펜타닐)(수출용)",20210114,"한림제약(주)","반투명한 필름이 약물 저장부 점착제와 부착되어 있는 각이 둥글고 네모난 모양의 패취",08210,"합성마약","전문의약품","[M261073]펜타닐",20191217,"(구강정) 적절한 투여 용량 및 안전성 미확립, (박칼정, 설하정, 점비액제) 안전성 및 유효성 미확립","","Fentanyl(펜타닐)",""
"특정연령대금기","단일",D000656,"Atropine Sulfate Hydrate","아트로핀황산염수화물","","점안용액제",202502791,"마이원점안액0.125%(아트로핀황산염수화물)(1회용)",20251029,"하나제약(주)","무색 투명한 액이 무색 투명한 플라스틱 용기에 든 점안제",01310,"안과용제","전문의약품","[M223111]아트로핀황산염수화물",20230705,"- 심각한 전신 부작용 위험이 있음. - 조산아, 영아, 다운증후군, 강직마비 또는 뇌손상 어린이는 이 약의 전신흡수에 따른 중추신경계 장애, 심폐 및 위장관 독성에 감수성이 있음","점안제(0.125%)","Atropine Sulfate Hydrate(아트로핀황산염수화물)",""
"특정연령대금기","단일",D000656,"Atropine Sulfate","아트로핀황산염","","점안용액제",202600106,"마이오텍트점안액0.1%(아트로핀황산염)(1회용)",20260112,"(주)태준제약","무색 투명한 액이 녹색 투명한 플라스틱 용기에 든 점안제",01310,"안과용제","전문의약품","[M110023]아트로핀황산염",20230705,"- 심각한 전신 부작용 위험이 있음. - 조산아, 영아, 다운증후군, 강직마비 또는 뇌손상 어린이는 이 약의 전신흡수에 따른 중추신경계 장애, 심폐 및 위장관 독성에 감수성이 있음","점안제(0.125%)","Atropine Sulfate(아트로핀황산염)",""
"특정연령대금기","단일",D000656,"Atropine Sulfate","아트로핀황산염","","점안용액제",202600107,"마이오텍트점안액0.05%(아트로핀황산염)(1회용)",20260112,"(주)태준제약","무색 투명한 액이 녹색 투명한 플라스틱 용기에 든 점안제",01310,"안과용제","전문의약품","[M110023]아트로핀황산염",20230705,"- 심각한 전신 부작용 위험이 있음. - 조산아, 영아, 다운증후군, 강직마비 또는 뇌손상 어린이는 이 약의 전신흡수에 따른 중추신경계 장애, 심폐 및 위장관 독성에 감수성이 있음","점안제(0.125%)","Atropine Sulfate(아트로핀황산염)",""
"특정연령대금기","단일",D000656,"Atropine Sulfate Hydrate","아트로핀황산염수화물","","점안용액제",202601846,"마이오에이점안액0.125%(아트로핀황산염수화물)(1회용)",20260629,"아주약품(주)","무색 투명한 액이 무색 투명한 플라스틱 용기에 든 점안제",01310,"안과용제","전문의약품","[M223111]아트로핀황산염수화물",20230705,"- 심각한 전신 부작용 위험이 있음. - 조산아, 영아, 다운증후군, 강직마비 또는 뇌손상 어린이는 이 약의 전신흡수에 따른 중추신경계 장애, 심폐 및 위장관 독성에 감수성이 있음","점안제(0.125%)","Atropine Sulfate Hydrate(아트로핀황산염수화물)",""
"특정연령대금기","단일",D001733,"Povidone Iodine","포비돈요오드","","가글제",202005276,"포비딘가글액(포비돈요오드)(수출용)",20200723,"(주)퍼슨","황갈색의 액제",02310,"치과구강용약","일반의약품","[M244708]포비돈요오드",20251223,"","구강용 액제, 구강용 스프레이제","Povidone Iodine(포비돈요오드)",""
"특정연령대금기","단일",D001733,"Povidone Iodine","포비돈요오드","","가글제",202200222,"그린포비돈요오드가글액7.5%",20220112,"(주)그린제약","남적색의 액제",02310,"치과구강용약","일반의약품","[M244708]포비돈요오드",20251223,"","구강용 액제, 구강용 스프레이제","Povidone Iodine(포비돈요오드)",""
"특정연령대금기","단일",D001733,"Povidone Iodine","포비돈요오드","","가글제, 용액용정제",202302073,"광동인후엔가글액(포비돈요오드)",20230707,"광동제약(주)","황갈색의 가글제",02310,"치과구강용약","일반의약품","[M244708]포비돈요오드",20251223,"","구강용 액제, 구강용 스프레이제","Povidone Iodine(포비돈요오드)",""
"특정연령대금기","단일",D001733,"Povidone Iodine","포비돈요오드","","경구용액제",202501208,"삼현포비돈스프레이액(포비돈요오드)",20250516,"주식회사삼현제약","펌프스프레이 용기에 든 약간의 점성 있는 옅은 갈색의 액제",02310,"치과구강용약","일반의약품","[M244708]포비돈요오드",20251223,"","구강용 액제, 구강용 스프레이제","Povidone Iodine(포비돈요오드)",""
"특정연령대금기","단일",D001733,"Povidone Iodine","포비돈요오드","","피부액제",202004777,"포비딘액(포비돈요오드)(수출용)",20200630,"(주)퍼슨","황갈색의 액체",02610,"외피용살균소독제","일반의약품","[M244708]포비돈요오드",20251223,-,"질용좌제, 외용액제, 연고제","Povidone Iodine(포비돈요오드)",""
"특정연령대금기","단일",D001733,"Povidone Iodine","포비돈요오드","","피부액제",202302242,"두원포비돈요오드액(포비돈요오드액10%)",20230725,"(주)두원사이언스제약","성 상황갈색의 액체",02610,"외피용살균소독제","일반의약품","[M244708]포비돈요오드",20251223,-,"질용좌제, 외용액제, 연고제","Povidone Iodine(포비돈요오드)",""
"특정연령대금기","단일",D001733,"Povidone Iodine","포비돈요오드","","피부연고제",202302826,"포리비돈연고(포비돈요오드)",20230926,"태극제약(주)","짙은 적갈색의 연고",02610,"외피용살균소독제","일반의약품","[M244708]포비돈요오드",20251223,-,"질용좌제, 외용액제, 연고제","Povidone Iodine(포비돈요오드)",""
"특정연령대금기","단일",D001733,"Povidone Iodine","포비돈요오드","","피부액제",202401986,"케이포비돈아오다인액10%(포비돈요오드)",20240814,"(주)한창메딕","황갈색의 액",02610,"외피용살균소독제","일반의약품","[M244708]포비돈요오드",20251223,-,"질용좌제, 외용액제, 연고제","Povidone Iodine(포비돈요오드)",""
"특정연령대금기","단일",D001733,"Povidone Iodine","포비돈요오드","","피부액제",202402700,"삼현포비돈요오드세정액",20241115,"주식회사삼현제약","플라스틱 용기에 든 황갈색의 액",02610,"외피용살균소독제","일반의약품","[M244708]포비돈요오드",20251223,-,"질용좌제, 외용액제, 연고제","Povidone Iodine(포비돈요오드)",""
"특정연령대금기","단일",D001733,"Povidone Iodine","포비돈요오드","","피부액제",202402957,"알리코포비돈요오드액10%",20241213,"알리코제약(주)","황갈색의 액체",02610,"외피용살균소독제","일반의약품","[M244708]포비돈요오드",20251223,-,"질용좌제, 외용액제, 연고제","Povidone Iodine(포비돈요오드)",""
"특정연령대금기","단일",D001733,"Povidone Iodine","포비돈요오드","","피부액제",202500570,"포비콜프렙외용액(포비돈요오드)",20250314,"(주)퍼슨","폴리우레탄 스폰지가 달린 폴리에틸렌주입기 내 폴리에틸렌용기에 들어있는 적갈색 액",02610,"외피용살균소독제","일반의약품","[M244708]포비돈요오드",20251223,-,"질용좌제, 외용액제, 연고제","Povidone Iodine(포비돈요오드)",""
"특정연령대금기","단일",D001733,"Povidone Iodine","포비돈요오드","","질세정액",202501836,"지노워시질세정액(포비돈요오드)",20250721,"주식회사삼현제약","플라스틱용기에 든 황갈색의 액제",02590,"기타의 비뇨생식기관 및 항문용약","일반의약품","[M244708]포비돈요오드",20251223,-,"질용좌제, 외용액제, 연고제","Povidone Iodine(포비돈요오드)",""
"특정연령대금기","복합",D000393,"Naloxone Hydrochloride Dihydrate","날록손염산염이수화물","[D000356]Oxycodone(옥시코돈)","서방성필름코팅정",200904275,"타진서방정 10/5mg",20090618,"한국먼디파마 유한회사","흰색의 양면이 볼록한 장방형 필름코팅 서방정",08210,"합성마약","전문의약품","[M238042]옥시코돈염산염/[M246655]날록손염산염이수화물",20251223,"- 안전성 및 유효성 미확립","","Naloxone Hydrochloride Dihydrate(날록손염산염이수화물)",""
"특정연령대금기","복합",D000393,"Naloxone Hydrochloride Dihydrate","날록손염산염이수화물","[D000356]Oxycodone(옥시코돈)","서방성필름코팅정",200904276,"타진서방정 20/10mg",20090618,"한국먼디파마 유한회사","분홍색의 양면이 볼록한 장방형 필름코팅 서방정",08210,"합성마약","전문의약품","[M238042]옥시코돈염산염/[M246655]날록손염산염이수화물",20251223,"- 안전성 및 유효성 미확립","","Naloxone Hydrochloride Dihydrate(날록손염산염이수화물)",""
"특정연령대금기","복합",D000393,"Naloxone Hydrochloride Dihydrate","날록손염산염이수화물","[D000356]Oxycodone(옥시코돈)","서방성필름코팅정",201104436,"타진서방정 5/2.5mg",20110718,"한국먼디파마 유한회사","파란색의 양면이 볼록한 장방형 필름코팅서방정",08210,"합성마약","전문의약품","[M238042]옥시코돈염산염/[M246655]날록손염산염이수화물",20251223,"- 안전성 및 유효성 미확립","","Naloxone Hydrochloride Dihydrate(날록손염산염이수화물)",""
"특정연령대금기","복합",D000393,"Naloxone Hydrochloride Dihydrate","날록손염산염이수화물","[D000356]Oxycodone(옥시코돈)","서방성필름코팅정",201104437,"타진서방정 40/20mg",20110718,"한국먼디파마 유한회사","노란색의 양면이 볼록한 장방형 필름코팅서방정",08210,"합성마약","전문의약품","[M238042]옥시코돈염산염/[M246655]날록손염산염이수화물",20251223,"- 안전성 및 유효성 미확립","","Naloxone Hydrochloride Dihydrate(날록손염산염이수화물)",""
"특정연령대금기","복합",D000393,"Naloxone Hydrochloride Dihydrate","날록손염산염이수화물","[D000356]Oxycodone(옥시코돈)","서방성필름코팅정",201708261,"타진서방정80/40mg",20171207,"한국먼디파마 유한회사","갈색의 양면이 볼록한 장방형 필름코팅서방정",08210,"합성마약","전문의약품","[M238042]옥시코돈염산염/[M246655]날록손염산염이수화물",20251223,"- 안전성 및 유효성 미확립","","Naloxone Hydrochloride Dihydrate(날록손염산염이수화물)",""
