TYPE_NAME,ITEM_SEQ,ITEM_NAME,ITEM_PERMIT_DATE,FORM_CODE_NAME,ENTP_NAME,CHART,CLASS_CODE,CLASS_NAME,ETC_OTC_NAME,MIX,MAIN_INGR,PROHBT_CONTENT,REMARK,CHANGE_DATE,BIZRNO
"분할주의",197100081,"키모랄에스정",1971May6th,"장용성필름코팅정","(주)에이프로젠바이오로직스","내수용 : 연녹색의 원형 장용성 필름코팅정, 수출용 : 적색의 원형 장용성 필름코팅정",03950,"효소제제","일반의약품","복합","[M051649]결정트립신/[M095415]브로멜라인/[M095415]브로멜라인/[M051649]결정트립신","분할불가","",20210629,2188100518
"분할주의",197600483,"신일비사코딜정",1976June29th,"장용성당의정","신일제약(주)","노란색의 원형 장용성 필름코팅정",02380,"하제, 완장제","일반의약품","단일","[M050687]비사코딜","분할불가","",20210422,3038113742
"분할주의",198000058,"디페인정(디클로페낙나트륨)",1980March29th,"장용성필름코팅정","동광제약(주)","황색의 장용피 원형정제",01140,"해열.진통.소염제","전문의약품","단일","[M050288]디클로페낙나트륨","분할불가","",20260220,2018644250
"분할주의",198000206,"트렌탈서방정400(펜톡시필린)",1980November8th,"서방성필름코팅정","(주)한독","장방형의 흰색 서방성 필름코팅정.(수출용 : 장방형의 분홍색 서방성 당의정)",02190,"기타의 순환계용약","전문의약품","단일","[M051736]펜톡시필린/[M051736]펜톡시필린","분할불가","",20210618,2208100530
"분할주의",198200559,"하나디클로페낙나트륨정(수출용)",1982April27th,"장용성필름코팅정","하나제약(주)","황갈색의 원형 장용성 제피정제이다.",01140,"해열.진통.소염제","전문의약품","단일","[M050288]디클로페낙나트륨","분할불가","",20260220,1248137632
"분할주의",198200707,"오페릴50서방정(오르페나드린시트르산염50밀리그램)",1982May7th,"서방성필름코팅정","(주)새한제약","백색 내지 미백색의 서방성 원형정제",01220,"골격근이완제","전문의약품","단일","[M266971]오르페나드린시트르산염","분할불가","",20220302,1258103547
"분할주의",198300393,"크레인정50단위(칼리디노게나제)",1983February25th,"장용성필름코팅정","(주)일화","흰색의 원형 장용성 필름코팅정",02190,"기타의 순환계용약","전문의약품","단일","[M082140]칼리디노게나제","분할불가","",20140925,1328101004
"분할주의",198300603,"부광이소맥지속성캡슐(이소소르비드이질산염지속과립)",1983July5th,"서방성캡슐제, 펠렛","부광약품(주)","미백색 펠렛이 들어있는 상: 군청색 하: 무색투명의 캡슐제",02170,"혈관확장제","전문의약품","단일","[M259305]이소소르비드이질산염지속과립","분할불가","",20210629,1188100450
"분할주의",198400083,"엑셀라제캅셀(수출용)",1984September6th,"장용성캡슐제, 펠렛","(주)유유제약","장용피막을 입힌 엷은 황갈색의 내핵정과 엷은 황갈색의 분말의 혼합물을 충진한 엷은 주황색의 경질캅셀제",02330,"건위소화제","일반의약품","복합","[M081340]사낙타제/[M090580]푸록타제/[M081341]메이세라제/[M081342]오리파제2S/[M227507]췌장성 소화효소 TA","분할불가","",20141013,1238101790
"분할주의",198500623,"올트릴정200밀리그램(발프로산나트륨)(수출용)",1985April17th,"장용성필름코팅정","명인제약(주)","황색의장용피정",01130,"항전간제","전문의약품","단일","[M070676]발프로산나트륨","분할불가","",20250203,1248118673
"분할주의",198500624,"올트릴정300밀리그램(발프로산나트륨)(수출용)",1985July6th,"장용성필름코팅정","명인제약(주)","황색 원형의 장용성 필름코팅정",01130,"항전간제","전문의약품","단일","[M070676]발프로산나트륨","분할불가","",20250203,1248118673
"분할주의",198600058,"헤르벤서방정90밀리그램(딜티아젬염산염)",1986May12th,"서방정","에이치케이이노엔(주)","흰색-유백색의 원형서방정이다.",02170,"혈관확장제","전문의약품","단일","[M222982]딜티아젬염산염","분할불가","",20240319,2018638914
"분할주의",198600649,"아진탈포르테정(수출용)",1986November5th,"장용성당의정","일양약품(주)","등적색의 장용성 당의정",02360,"이담제","일반의약품","복합","[M070806]아진타미드/[M040678]판크레아틴/[M226008]셀룰라제4000/[M223083]시메티콘","분할불가","",20141013,2098100872
"분할주의",198600674,"뉴본정50단위(칼리디노게나제)",1986August28th,"장용성필름코팅정","(주)메디카코리아","흰색의 원형 장용성 필름코팅정",02190,"기타의 순환계용약","전문의약품","단일","[M082140]칼리디노게나제","분할불가","",20240628,1208165228
"분할주의",198601054,"레틸론정(디클로페낙나트륨)(수출용)",1986November17th,"장용성필름코팅정","대화제약(주)","주황색의 원형장용제피정",01140,"해열.진통.소염제","전문의약품","단일","[M050288]디클로페낙나트륨","분할불가","",20260220,1338122322
"분할주의",198601164,"하나디클로페낙나트륨정50밀리그램(수출용)",1986March20th,"장용성필름코팅정","하나제약(주)","주황색의 원형 장용성 제피정제",01140,"해열.진통.소염제","전문의약품","단일","[M050288]디클로페낙나트륨","분할불가","",20260220,1248137632
"분할주의",198601222,"메디락에스장용캡슐",1986December18th,"장용성필름코팅캡슐제","한미약품(주)","흰색~밝은 노란색의 가루가 함유된 상, 하 흰색의 장용성 경질캡슐제",02370,"정장제","일반의약품","단일","[M263434]엔테로코쿠스페슘균/[M080610]바실루스서브틸리스균","분할불가","",20250602,1248700613
"분할주의",198601285,"파메콘정",1986October20th,"장용성당의정","알파제약(주)","내수용 : 백색의 타원형 장용성 당의정제, 수출용 : 연두색의 타원형 장용성 당의정제",02330,"건위소화제","일반의약품","복합","[M040678]판크레아틴/[M050855]시메치콘/[M040678]판크레아틴/[M050855]시메치콘","분할불가","",20240123,1398108124
"분할주의",198701383,"메디락디에스장용캡슐",1987June8th,"장용성필름코팅캡슐제","한미약품(주)","흰색~밝은 노란색의 가루가 함유된 상, 하 흰색의 장용성 경질캡슐제",02370,"정장제","일반의약품","단일","[M263434]엔테로코쿠스페슘균/[M080610]바실루스서브틸리스균","분할불가","",20250602,1248700613
"분할주의",198701676,"디낙스정(디클로페낙나트륨)",1987May1st,"장용성필름코팅정","지엘파마(주)","주황색의 원형 장용피정.",01140,"해열.진통.소염제","전문의약품","단일","[M050288]디클로페낙나트륨","분할불가","",20260220,1238114470
"분할주의",198800622,"판크론정",1988February11th,"장용성필름코팅정","영진약품(주)","장방형의 장용피를 한 연녹색의 필름코팅정",02330,"건위소화제","일반의약품","복합","[M040678]판크레아틴/[M100297]셀룰라제/[M273864]우담즙 건조엑스/[M227778]디메티콘","분할불가","",20250512,2188100352
"분할주의",198902108,"영풍칼리크레인정50단위(칼리디노게나제)",1989October4th,"장용성필름코팅정","영풍제약(주)","주황색 원형의 장용성 필름코팅정이다.",02190,"기타의 순환계용약","전문의약품","단일","[M082140]칼리디노게나제","분할불가","",20200716,1398102509
"분할주의",199000550,"유한스프렌딜지속정5밀리그램(펠로디핀)",1990August13th,"서방성필름코팅정","(주)유한양행","연분홍색의 원형 필름코팅정",02140,"혈압강하제","전문의약품","단일","[M084735]펠로디핀","분할불가","",20200106,1188100601
"분할주의",199000622,"비카린정(수출용)",1990November7th,"장용성필름코팅정","(주)마더스제약","연녹색 원형의 장용성 필름코팅정",02380,"하제, 완장제","일반의약품","복합","[M081393]센나열매가루/[M081899]센나엽가루/[M081910]센나열매엑스/[M050687]비사코딜","분할불가","",20141222,3128629302
"분할주의",199000893,"무노발정5밀리그람(펠로디핀)",1990August13th,"서방성필름코팅정","(주)한독","연분홍색의 원형 제피정임.",02140,"혈압강하제","전문의약품","단일","[M283836]펠로디핀(미분화)","분할불가","",20200622,2208100530
"분할주의",199000983,"카마제핀씨알정200밀리그램(카르바마제핀)",1990February10th,"서방성필름코팅정","명인제약(주)","주황색의 장방형 서방성 필름코팅정",01130,"항전간제","전문의약품","단일","[M040569]카르바마제핀","분할 불가","",20250818,1248118673
"분할주의",199001012,"보령아스트릭스캡슐100밀리그람(아스피린)",1990August29th,"장용성캡슐제, 펠렛","(주)보령","이 약은 흰색의 장용피 구형입자가 든 상하주황색의 투명한 경질캡슐.",02190,"기타의 순환계용약","일반의약품","단일","[M110299]아스피린 장용과립","분할불가","",20250415,2088100281
"분할주의",199001352,"오르필서방정300밀리그램(발프로산나트륨)",1990March14th,"서방성필름코팅정","부광약품(주)","흰색, 원형의 필름코팅된 서방정",01130,"항전간제","전문의약품","단일","[M070676]발프로산나트륨","분할불가","",20260511,1188100450
"분할주의",199002097,"엘로톤서방캡슐50밀리그램(이소소르비드일질산염서방과립)",1990September29th,"서방성캡슐제, 펠렛","현대약품(주)","백색의 소립구가 든 상부 하늘색, 하부 백색의 경질 캡슐제",02170,"혈관확장제","전문의약품","단일","[M270002]이소소르비드일질산염서방과립","분할불가","",20191219,1308100988
"분할주의",199002351,"스티라제정(수출명:판레틴정,PANRETINE Tablets,TILASE tab.Keisine Tab.)(수출용)",1990February21st,"장용성필름코팅정","삼익제약(주)","연녹색 장용성의 타원형 필름코팅정제",02330,"건위소화제","일반의약품","복합","[M040678]판크레아틴/[M223083]시메티콘","분할불가","",20200402,1228113217
"분할주의",199101166,"에필렙톨씨알정(카르바마제핀)",1991October24th,"서방성필름코팅정","환인제약(주)","황색내지 등황색의 타원형 필름코팅정제",01130,"항전간제","전문의약품","단일","[M040569]카르바마제핀","분할 불가","",20250818,2158136171
"분할주의",199102335,"카덱신정(디클로페낙나트륨)(수출용)",1991June19th,"장용성필름코팅정","위더스제약(주)","주황색의 원형 장용피정",01140,"해열.진통.소염제","전문의약품","단일","[M050288]디클로페낙나트륨","분할불가","",20260220,1258522182
"분할주의",199102473,"하원디클로페낙정25밀리그람(수출용)",1991December23rd,"장용성필름코팅정","(주)하원제약","황색의 원형 장용피정",01140,"해열.진통.소염제","전문의약품","단일","[M050288]디클로페낙나트륨","분할불가","",20260220,1258101840
"분할주의",199102609,"카르마인씨알정(카르바마제핀)",1991June15th,"서방성필름코팅정","명문제약(주)","이 약은 베이지-오렌지색의 분할가능한 캡슐모양의 제피정이다",01130,"항전간제","전문의약품","단일","[M040569]카르바마제핀","분할 불가","",20250818,1248135615
"분할주의",199200236,"오엠피정20밀리그램(오메프라졸)",1992November30th,"장용성필름코팅정","(주)종근당","주황색의 원형장용필름코팅정제",02320,"소화성궤양용제","전문의약품","단일","[M083698]오메프라졸","분할불가","",20240327,3128560679
"분할주의",199200354,"스피자임정",1992July31st,"장용성필름코팅정","(주)에이프로젠바이오로직스","장방형의 장용피를 한 연녹색의 필름코팅정",02330,"건위소화제","일반의약품","복합","[M040678]판크레아틴/[M100297]셀룰라제/[M268886]우담즙건조엑스/[M227778]디메티콘","분할불가","",20250428,2188100518
"분할주의",199200407,"트리티코서방정75밀리그람(트라조돈염산염)",1992July31st,"서방정","국제약품(주)","백색의 장방형 서방형 정제",01170,"정신신경용제","전문의약품","단일","[M246553]트라조돈염산염","분할 불가","",20150130,2078100309
"분할주의",199200653,"포리부틴서방정(트리메부틴말레산염)",1992January30th,"서방성필름코팅정","삼일제약(주)","흰색의 장방형 필름코팅정제",02390,"기타의 소화기관용약","전문의약품","단일","[M252787]트리메부틴말레산염","분할불가","",20260327,1348500765
"분할주의",199200869,"딜테란서방캡슐(딜티아젬아시딕폴리머콤플렉스)",1992July16th,"서방성캡슐제, 펠렛","알보젠코리아(주)","상,하 흰색의 경질 캡슐에 흰색 또는 회백색의 구형과립이 들어있는 서방성 캡슐",02170,"혈관확장제","전문의약품","단일","[M081095]딜티아젬아시딕폴리머콤플렉스","분할불가","",20240319,2158121950
"분할주의",199200870,"딜테란서방캡슐180밀리그램(딜티아젬아시딕폴리머콤플렉스)",1992July16th,"서방성캡슐제, 펠렛","알보젠코리아(주)","상, 하 미황색의 경질캡슐에 흰색 또는 회백색의 구형 과립이 들어있는 서방성 캡슐",02170,"혈관확장제","전문의약품","단일","[M081095]딜티아젬아시딕폴리머콤플렉스","분할불가","",20240319,2158121950
"분할주의",199201154,"토파제정",1992August25th,"장용성필름코팅정","(주)메디카코리아","(내수용) 장방형의 장용피를 한 연녹색의 필름코팅정(수출용) 연두색의 장방형 장용피를 한 당의정이다",02330,"건위소화제","일반의약품","복합","[M040678]판크레아틴/[M227778]디메티콘/[M273864]우담즙 건조엑스/[M100297]셀룰라제/[M040678]판크레아틴/[M100297]셀룰라제/[M273864]우담즙 건조엑스/[M227778]디메티콘","분할불가","",20250507,1208165228
"분할주의",199201508,"판티라제정(수출명:판티라스-케이정)(수출용)",1992October27th,"장용성당의정","대원제약(주)","내수용 : 흰색의 장방형 필름코팅정수출용 : 장용피를 한 흰색의 장방형 당의정",02330,"건위소화제","일반의약품","복합","[M040678]판크레아틴/[M100297]셀룰라제/[M227778]디메티콘/[M268886]우담즙건조엑스/[M040678]판크레아틴/[M268886]우담즙건조엑스/[M227778]디메티콘/[M100297]셀룰라제/[M040678]판크레아틴/[M268886]우담즙건조엑스/[M227778]디메티콘/[M100297]셀룰라제","분할불가","",20250218,2078136336
"분할주의",199301180,"카마제핀씨알정300밀리그램(카르바마제핀)",1993February3rd,"서방성필름코팅정","명인제약(주)","흰색의 장방형 서방성 필름코팅정",01130,"항전간제","전문의약품","단일","[M040569]카르바마제핀","분할 불가","",20250818,1248118673
"분할주의",199301967,"디제스탈정(수출용)",1993February16th,"장용성필름코팅당의정","대화제약(주)","장방형의 장용피를 한 녹색 당의정",02330,"건위소화제","일반의약품","복합","[M040678]판크레아틴/[M051173]우담즙엑스/[M227778]디메티콘/[M051916]헤미셀룰라제","분할불가","",20150731,1338122322
"분할주의",199301972,"레틸론정50밀리그람(디클로페낙나트륨)(수출용)(수출명:디클로페낙50)",1993February23rd,"장용정","대화제약(주)","주황색의 원형장용정",01140,"해열.진통.소염제","전문의약품","단일","[M050288]디클로페낙나트륨","분할불가","",20260220,1338122322
"분할주의",199302061,"듀오락스정",1993April21st,"장용성필름코팅정","영일제약(주)","황색의 원형 장용성필름코팅정",02380,"하제, 완장제","일반의약품","복합","[M050687]비사코딜/[M081950]도큐세이트나트륨","분할불가","",20250520,3018106847
"분할주의",199302106,"속엔쿨정",1993November30th,"장용성필름코팅정","경동제약(주)","장방형의 장용피를 한 연녹색의 필름코팅정",02330,"건위소화제","일반의약품","복합","[M040678]판크레아틴/[M100297]셀룰라제/[M268886]우담즙건조엑스/[M227778]디메티콘","분할불가","",20250424,1248135518
"분할주의",199302187,"오메드정20밀리그램(오메프라졸)",1993September20th,"장용성필름코팅정","에스케이케미칼(주)","연회색의 원형 장용제피정제",02320,"소화성궤양용제","전문의약품","단일","[M083698]오메프라졸","분할불가","",20251212,8468100915
"분할주의",199302512,"파밀라제정",1993May3rd,"장용정","알파제약(주)","연두색의 장방형 장용정(수출용:백색의 장방형 장용정)",02330,"건위소화제","일반의약품","복합","[M040678]판크레아틴/[M273864]우담즙 건조엑스/[M227778]디메티콘/[M100297]셀룰라제/[M040678]판크레아틴/[M273864]우담즙 건조엑스/[M060026]디메치콘/[M100297]셀룰라제","분할불가","",20141120,1398108124
"분할주의",199302859,"유영딜티아젬서방정90밀리그램(딜티아젬염산염)(수출용)",1993March27th,"서방정","(주)유영제약","백색의 서방성 원형정제",02170,"혈관확장제","전문의약품","단일","[M222982]딜티아젬염산염","분할불가","",20240319,3018109728
"분할주의",199400095,"헤르벤서방캡슐180밀리그램(딜티아젬염산염)",1994March18th,"서방성캡슐제, 펠렛","에이치케이이노엔(주)","이약은 흰색의 과립을 충진한 흰색의 경질캡슐제이다",02170,"혈관확장제","전문의약품","단일","[M222982]딜티아젬염산염","분할불가","",20240319,2018638914
"분할주의",199400392,"소멕스정(칼리디노게나제)",1994December1st,"장용성필름코팅정","(주)셀트리온제약","흰색의 원형 장용성 필름코팅정",02190,"기타의 순환계용약","전문의약품","단일","[M082140]칼리디노게나제","분할불가","",20230228,2148671641
"분할주의",199400448,"건일로딘서방정600밀리그램(미분화에토돌락)",1994April28th,"서방성필름코팅정","건일제약(주)","밝은 회색의 장방형 필름코팅정",01140,"해열.진통.소염제","전문의약품","단일","[M257127]미분화에토돌락","분할불가","",20241224,3128106060
"분할주의",199400513,"레미코트서방성캡슐1밀리그램(에메다스틴푸마르산염서방성과립)",1994March31st,"서방성캡슐제, 펠렛","코오롱제약(주)","백색의 과립으로 충진된 상의 백색 불투명, 하의 무색투명한 경질 캅셀",01410,"항히스타민제","전문의약품","단일","[M251127]에메다스틴푸마르산염서방성과립","분할불가","",20131224,3068507363
"분할주의",199400514,"레미코트서방성캡슐2밀리그램(에메다스틴푸마르산염서방성과립)",1994March31st,"서방성캡슐제, 펠렛","코오롱제약(주)","백색의 과립으로 충진된 상의 주황색, 하의 무색의 경질 캡슐제",01410,"항히스타민제","전문의약품","단일","[M251127]에메다스틴푸마르산염서방성과립","분할불가","",20131224,3068507363
"분할주의",199400532,"비코그린정(수출용)",1994July6th,"장용성당의정","코오롱제약(주)","엷은 녹색의 원형 장용성 당의정",02380,"하제, 완장제","일반의약품","복합","[M040481]울금/[M050543]백굴채/[M084964]알로에카펜시스/[M080745]노회엑스/[M050438]센나엽엑스/[M070153]대황엑스/[M257637]프랑굴랑피엑스/[M050687]비사코딜","분할불가","",20140418,3068507363
"분할주의",199400905,"바렙톨서방정(발프로산나트륨)",1994September15th,"서방성필름코팅정","환인제약(주)","흰색, 원형의 필름코팅된 서방정",01130,"항전간제","전문의약품","단일","[M070676]발프로산나트륨","분할불가","",20260511,2158136171
"분할주의",199403325,"일성이솦틴서방정240밀리그람(베라파밀염산염)",1994September14th,"서방성필름코팅정","일성아이에스(주)","서방형의 필름코팅된 연녹색의 장타원형 정제이다.",02170,"혈관확장제","전문의약품","단일","[M203207]베라파밀염산염","분할불가","",20210604,1068100710
"분할주의",199500442,"임듈지속정60밀리그램(이소소르비드-5-모노니트레이트)",1995April14th,"서방성필름코팅정","(주)유한양행","미황색의 타원형 필름코팅정",02170,"혈관확장제","전문의약품","단일","[M083258]이소소르비드5모노니트레이트","분할가능","분할 복용 가능하지만 씹거나 부수어서는 안되고 음료와 함께 반드시 삼키도록 함",20191219,1188100601
"분할주의",199501060,"일성이솦틴서방정180밀리그람(베라파밀염산염)",1995October16th,"서방성필름코팅정","일성아이에스(주)","서방성의 필름코팅된 회자색의 타원형 정제이다.",02170,"혈관확장제","전문의약품","단일","[M203207]베라파밀염산염","분할불가","",20210604,1068100710
"분할주의",199501666,"영일디클로페낙나트륨정50밀리그람(수출명:디볼타렌정,메디타렌정)(수출용)",1995September25th,"장용성필름코팅정","영일제약(주)","국내용: 황색 원형의 장용성 제피정수출용: 진황색 원형의 장용성 제피정",01140,"해열.진통.소염제","전문의약품","단일","[M050288]디클로페낙나트륨/[M050288]디클로페낙나트륨","분할불가","",20260220,3018106847
"분할주의",199501947,"신일디클로페낙나트륨정",1995September20th,"장용성필름코팅정","신일제약(주)","주황색의 장용성인 원형 필름코팅정제",01140,"해열.진통.소염제","전문의약품","단일","[M050288]디클로페낙나트륨","분할불가","",20260220,3038113742
"분할주의",199501950,"신일디클로페낙나트륨정50밀리그람",1995September25th,"장용성필름코팅정","신일제약(주)","황색의 장용성인 장방형 필름코팅정제",01140,"해열.진통.소염제","전문의약품","단일","[M050288]디클로페낙나트륨","분할불가","",20260220,3038113742
"분할주의",199502365,"그루타제정",1995October5th,"장용성필름코팅정","지엘파마(주)","장방형의 장용피를 한 연녹색의 필름코팅정",02330,"건위소화제","일반의약품","복합","[M040678]판크레아틴/[M100297]셀룰라제/[M268886]우담즙건조엑스/[M227778]디메티콘","분할불가","",20250611,1238114470
"분할주의",199502850,"판제캅셀(판크레아제장용성과립)(수출용)",1995November7th,"경질캡슐제, 장용성과립제","한국코러스(주)","회백색의 장용성 과립이 들어 있는 상부 투명, 하부 백색의 경질 캅셀제",02330,"건위소화제","일반의약품","단일","[M087260]판크레아제장용성과립","분할불가","",20140617,2058140116
"분할주의",199600246,"베스자임정",1996May7th,"장용성필름코팅정","동아에스티(주)","이 약은 분홍색의 타원형의 장용성 내층을 포함하는 이중제피정이다.",02330,"건위소화제","일반의약품","복합","[M227778]디메티콘/[M040678]판크레아틴/[M095415]브로멜라인","분할불가","",20200422,2048640122
"분할주의",199600367,"판키아제정",1996February29th,"필름코팅정","일동제약(주)","장방형의 장용피를 한 연녹색의 필름코팅정",02330,"건위소화제","일반의약품","복합","[M040678]판크레아틴/[M100297]셀룰라제/[M273864]우담즙 건조엑스/[M227778]디메티콘","분할불가","",20250715,6828500435
"분할주의",199602312,"푸리타제정",1996April6th,"장용성필름코팅정","(주)한국파비스제약","장방형의 장용피를 한 연녹색의 필름코팅정",02330,"건위소화제","일반의약품","복합","[M040678]판크레아틴/[M100297]셀룰라제/[M273864]우담즙 건조엑스/[M227778]디메티콘","분할불가","",20250415,2838501407
"분할주의",199604622,"아달라트오로스정30(니페디핀)",1996October16th,"서방성필름코팅정","바이엘코리아(주)","분홍색의 원형 서방성 필름코팅정",02170,"혈관확장제","전문의약품","단일","[M260164]니페디핀(미분화)","분할불가","",20170703,1208100467
"분할주의",199700166,"낙센에프서방정1000밀리그램(나프록센)",1997December26th,"서방정","(주)종근당","이 약은 엷은 분홍색의 장방형 정제이다.",01140,"해열.진통.소염제","전문의약품","단일","[M050116]나프록센","분할불가","",20251113,3128560679
"분할주의",199700262,"이연질산이소소르비드서방캅셀40밀리그램(수출용)",1997September29th,"서방성캡슐제, 펠렛","이연제약(주)","연갈색의과립이든상부는연초록,하부는연분홍색의서방형캅셀",02170,"혈관확장제","전문의약품","단일","[M246508]희석이소소르비드질산염(40%)","분할불가","",20111127,3018505394
"분할주의",199700374,"카디톤연질캡슐(수출용)",1997February22nd,"장용성캡슐제, 펠렛","(주)유유제약","암녹색의 내용물이 든 녹색의 장용성 타원형 연질캅셀제",02190,"기타의 순환계용약","일반의약품","복합","[M050416]마늘추출유/[M070379]마늘정유/[M084613]마늘건조엑스/[M251458]백삼건조엑스/[M070990]서양산사자건조엑스/[M080328]트록세루틴/[M083966]필수인지질성물질/[M051139]오로트산","분할불가","",20141013,1238101790
"분할주의",199700548,"오메큐캡슐(오메프라졸)",1997April21st,"장용성캡슐제, 펠렛","일동제약(주)","흰색 내지 연한 황갈색의 장용성 구형 과립이 충진된 상·하부 보라색의 경질캡슐제",02320,"소화성궤양용제","전문의약품","단일","[M083697]오메프라졸장용성과립","분할불가","",20250116,6828500435
"분할주의",199700763,"유한세파클러서방정375밀리그램[수출명:유한유클러서방정375밀리그램]",1997March25th,"서방성필름코팅정","(주)유한양행","암청색의 장방형 필름코팅정",06180,"주로 그람양성, 음성균에 작용하는 것","전문의약품","단일","[M222859]세파클러수화물","분할불가","",20211201,1188100601
"분할주의",199700798,"앤지비드서방정40mg(묽은이소소르비드이질산염)",1997October13th,"서방정","코오롱제약(주)","백색의 원형 정제",02170,"혈관확장제","전문의약품","단일","[M250379]묽은이소소르비드이질산염","분할 불가","",20211022,3068507363
"분할주의",199700808,"이소트릴지속정60밀리그람(이소소르비드-5-모노니트레이트)",1997October31st,"서방성필름코팅정","코오롱제약(주)","황색의 타원형 제피정",02170,"혈관확장제","전문의약품","단일","[M083257]이소소르비드5모노니트레이트90%","분할가능","분할 복용 가능하지만 씹거나 부수어서는 안되고 음료와 함께 반드시 삼키도록 함",20191219,3068507363
"분할주의",199700918,"아주오메프라졸캡슐",1997September1st,"경질캡슐제, 장용성과립제","아주약품(주)","백색 내지 회백색의 장용성 과립이 충진된 상부 적갈색, 하부 분홍색의 경질캅셀",02320,"소화성궤양용제","전문의약품","단일","[M083697]오메프라졸장용성과립","분할불가","",20240327,8028803696
"분할주의",199701293,"오피졸캡슐(오메프라졸)(수출용)",1997October13th,"경질캡슐제, 장용성과립제","명인제약(주)","백색 내지 회백색의 장용성 과립이 충진된 상부 적갈색, 하부 분홍색의 경질캡슐",02320,"소화성궤양용제","전문의약품","단일","[M083697]오메프라졸장용성과립","분할불가","",20240911,1248118673
"분할주의",199701758,"게리브론연질캡슐(미르톨)",1997September29th,"장용성필름코팅당의정","(주)셀릭스","미황색의 액이 충진된 녹색의 타원형 연질캡슐제",02220,"진해거담제","일반의약품","단일","[M096297]미르톨","분할불가","",20070420,1128132084
"분할주의",199701916,"란시드캡슐30밀리그램(란소프라졸)[수출명:란프라시드캡슐(LANPRACIDCapsule)]",1997February21st,"장용성캡슐제, 펠렛","고려제약(주)","백색내지 엷은 갈색의 과립이 든 상·하부 백색의 경질캅셀제",02320,"소화성궤양용제","전문의약품","단일","[M085578]란소프라졸","분할불가","",20251017,1268104796
"분할주의",199702543,"스토라민정(수출용)",1997December2nd,"장용성필름코팅정","(주)동구바이오제약","주황색의 원형 장용성 필름코팅정",02330,"건위소화제","일반의약품","복합","[M040678]판크레아틴/[M051173]우담즙엑스/[M227778]디메티콘/[M051916]헤미셀룰라제","분할불가","",20150914,1248533615
"분할주의",199702560,"렌탈정(수출용)",1997October6th,"장용성필름코팅정","(주)동구바이오제약","백색 장방형 필름코팅정",02330,"건위소화제","일반의약품","복합","[M040678]판크레아틴/[M223083]시메티콘","분할불가","",20150915,1248533615
"분할주의",199702883,"클리프서방정375밀리그람(세파클러수화물)",1997December10th,"서방성필름코팅정","구주제약(주)","청색의 장방형 서방정제",06180,"주로 그람양성, 음성균에 작용하는 것","전문의약품","단일","[M222859]세파클러수화물","분할불가","",20190918,1248136268
"분할주의",199703010,"초당아스피린장용정100mg(아스피린)",1997January17th,"장용성필름코팅정","초당약품공업(주)","흰색의 원형 장용성 필름코팅정제",02190,"기타의 순환계용약","일반의약품","단일","[M040355]아스피린","분할불가","",20251202,1138115303
"분할주의",199703386,"디페트정(디클로페낙나트륨)(수출명 : Korus Diclofenac Tab.)(수출용)",1997December23rd,"장용성필름코팅정","한국코러스(주)","주황색의 원형 장용성 제피정제이다.",01140,"해열.진통.소염제","전문의약품","단일","[M050288]디클로페낙나트륨","분할불가","",20260220,2058140116
"분할주의",199704519,"펜타사서방정500밀리그램(메살라진)",1997September5th,"서방정","한국페링제약(주)","회백색에서 엷은 갈색의 반점이 있는 원형 정제",02390,"기타의 소화기관용약","전문의약품","단일","[M083890]메살라진","분할가능","이 약은 으깨거나 씹어서 복용할 수 없음. 용이한 투여를 위한 분할하거나, 투여 직전에 물이나  주스에 현탁시켜 먹을 수 있음",20260701,1148633783
"분할주의",199704618,"엠에스알서방정10밀리그램(모르핀황산염수화물)",1997February4th,"서방성필름코팅정","하나제약(주)","미황색의 양면이 볼록한 원형 서방성 제피정",08110,"아편알카로이드계 제제","전문의약품","단일","[M223034]모르핀황산염수화물","분할불가","","",1248137632
"분할주의",199704619,"엠에스알서방정30밀리그램(모르핀황산염수화물)",1997February4th,"서방성필름코팅정","하나제약(주)","양면이 볼록한 보라색의 제피정",08110,"아편알카로이드계 제제","전문의약품","단일","[M223034]모르핀황산염수화물","분할불가","","",1248137632
"분할주의",199704622,"디코데서방정(디히드로코데인타르타르산염)",1997March13th,"서방성필름코팅정","하나제약(주)","백색 또는 미백색의 장방형 서방성 정제",08110,"아편알카로이드계 제제","전문의약품","단일","[M249060]디히드로코데인타르타르산염","분할불가","","",1248137632
"분할주의",199800767,"트라몰8시간서방정650밀리그람(아세트아미노펜)",1998February26th,"서방성필름코팅정","코오롱제약(주)","백색의 장방형 필름코팅정제",01140,"해열.진통.소염제","일반의약품","단일","[M040353]아세트아미노펜","분할불가","",20251110,3068507363
"분할주의",199800770,"앤지비드서방캡슐120밀리그램(질산이소소르비드)(수출용)",1998July29th,"서방성캡슐제, 펠렛","코오롱제약(주)","백색 혹은 거의 백색의 제피과립이 든 상하의 살색의 서방형캅셀",02170,"혈관확장제","전문의약품","단일","[M250785]이소소르비드질산염 제피과립","분할불가","",20120314,3068507363
"분할주의",199800976,"테올란비서방캡슐200밀리그램(테오필린)",1998August5th,"서방성캡슐제, 펠렛","알보젠코리아(주)","흰색 내지 황백색의 서방성펠렛이 들어있는 상부 녹색, 하부 무색투명한 경질캡슐제",02220,"진해거담제","전문의약품","단일","[M088689]테오필린폴리메릭쉘드콤플렉스","분할불가","",20200110,2158121950
"분할주의",199800979,"테올란비서방캡슐100밀리그램(테오필린)",1998September10th,"서방성캡슐제, 펠렛","알보젠코리아(주)","흰색 내지 황백색의 서방성펠렛이 들어있는 상부 녹색, 하부 무색투명한 경질캡슐제",02220,"진해거담제","전문의약품","단일","[M088689]테오필린폴리메릭쉘드콤플렉스","분할불가","",20200110,2158121950
"분할주의",199801024,"케타스캅셀10밀리그람(이부딜라스트)",1998June24th,"경질캡슐제, 서방성장용성펠렛","(주)한독","백색의 서방성과립 및 장용서방성과립을 함유하는 상·하부 백색의 경질캅셀제이다.",02190,"기타의 순환계용약","전문의약품","단일","[M050736]이부딜라스트과립","분할불가","",20181105,2208100530
"분할주의",199801026,"훼스탈플러스정",1998October29th,"장용성필름코팅정","(주)한독","하얀색의 달걀형 장용성 필름코팅정",02330,"건위소화제","일반(안전상비)","복합","[M040678]판크레아틴/[M100297]셀룰라제/[M223167]우르소데옥시콜산/[M223083]시메티콘","분할불가","",20250519,2208100530
"분할주의",199801067,"글리펜서방캅셀(페노피브레이트펠렛)",1998December3rd,"서방성캡슐제, 펠렛","삼천당제약(주)","흰색 또는 미황색의 균일한 구형입자가 충진된 무색투명한 캅셀제",02180,"동맥경화용제","전문의약품","단일","[M095127]페노피브레이트펠렛","분할불가","",20250407,1248104295
"분할주의",199801548,"오메놀캡슐(오메프라졸)(수출명:PeprazoleCaps.OprazecCaps.)(수출용)",1998October22nd,"장용성캡슐제, 펠렛","한국유나이티드제약(주)","흰색 내지 회백색의 장용성 과립이 충전된 상부 적갈색, 하부 분홍색의 경질캡슐",02320,"소화성궤양용제","전문의약품","단일","[M083697]오메프라졸장용성과립","분할불가","",20241008,3078105244
"분할주의",199801575,"부광티모닐서방정300밀리그램(카르바마제핀)",1998June29th,"서방정","부광약품(주)","백색의 원형 정제",01130,"항전간제","전문의약품","단일","[M040569]카르바마제핀","분할 불가","",20250818,1188100450
"분할주의",199801581,"오르필서방정150밀리그램(발프로산나트륨)",1998November12th,"서방성필름코팅정","부광약품(주)","흰색, 원형의 필름코팅된 서방정",01130,"항전간제","전문의약품","단일","[M070676]발프로산나트륨","분할불가","",20260511,1188100450
"분할주의",199802091,"디로핀지속정(펠로디핀)(수출명:Antitrestab.)",1998April10th,"서방성필름코팅정","경동제약(주)","연분홍색의 원형 필름코팅정",02140,"혈압강하제","전문의약품","단일","[M084735]펠로디핀","분할불가","",20200622,1248135518
"분할주의",199802250,"카나제정(칼리디노게나제)",1998October14th,"장용성필름코팅정","경동제약(주)","주황색 원형의 장용성 필름코팅정이다.",02190,"기타의 순환계용약","전문의약품","단일","[M082140]칼리디노게나제","분할불가","",20200724,1248135518
"분할주의",199802257,"카바민씨알정200밀리그람(카르바마제핀)(수출용)",1998April15th,"서방성필름코팅정","하나제약(주)","베이지-오렌지색의 분할가능한 캅셀모양의 제피정",01130,"항전간제","전문의약품","단일","[M040569]카르바마제핀","분할불가","",20221215,1248137632
"분할주의",199802675,"오멕스캡슐(오메프라졸)",1998April24th,"장용성캡슐제, 펠렛","영풍제약(주)","흰색내지 옅은 다갈색의 장용성 과립이 충진된 상부 적갈색,하부분홍색의 경질캡슐제이다.",02320,"소화성궤양용제","전문의약품","단일","[M083697]오메프라졸장용성과립","분할불가","",20240327,1398102509
"분할주의",199803482,"조피린장용정(설파살라진)",1998May11th,"장용성필름코팅정","한림제약(주)","황색의 장용성 코팅정제",06210,"설화제","전문의약품","단일","[M083653]설파살라진","분할불가","",20221011,1358102638
"분할주의",199806740,"지트람엑스엘서방정150밀리그람(트라마돌염산염)",1998December5th,"서방성필름코팅정","한국먼디파마(유)","백색의 필름코팅 장방형 서방성 정제",01140,"해열.진통.소염제","전문의약품","단일","[M222893]트라마돌염산염","분할불가","",20260119,1208180103
"분할주의",199806741,"지트람엑스엘서방정200밀리그람(트라마돌염산염)",1998December5th,"서방성필름코팅정","한국먼디파마(유)","백색의 필름코팅 장방형 서방성 정제",01140,"해열.진통.소염제","전문의약품","단일","[M222893]트라마돌염산염","분할불가","",20260119,1208180103
"분할주의",199806926,"사피루진이엔정500(설파살라진)(수출용)",1998March31st,"장용성필름코팅정","초당약품공업(주)","백색의 타원형 장용성 필름코팅정제",06210,"설화제","전문의약품","단일","[M083653]설파살라진","분할불가","",20221011,1138115303
"분할주의",199900120,"오엠피정40밀리그램(오메프라졸)",1999October6th,"장용성필름코팅정","(주)종근당","주황색의 장방형 장용필름코팅정제",02320,"소화성궤양용제","전문의약품","단일","[M083698]오메프라졸","분할불가","",20240327,3128560679
"분할주의",199900417,"로딘엑스엘정400밀리그램(미분화에토돌락)",1999April15th,"서방성필름코팅정","건일제약(주)","밝은 적색의 장방형 필름코딩정",01140,"해열.진통.소염제","전문의약품","단일","[M257127]미분화에토돌락","분할불가","",20241216,3128106060
"분할주의",199900544,"트리돌서방정(트라마돌염산염)",1999April17th,"서방성필름코팅정","(주)유한양행","흰색의 원형 필름코팅정",01140,"해열.진통.소염제","전문의약품","단일","[M222893]트라마돌염산염","분할불가","",20260219,1188100601
"분할주의",199900835,"나트릭스서방정(인다파미드)",1999January22nd,"서방성필름코팅정","영진약품(주)","백색의 원형 서방성코팅정",02140,"혈압강하제","전문의약품","단일","[M051280]인다파미드","분할불가","",20221216,2188100352
"분할주의",199900926,"훼스탈골드정",1999October2nd,"장용성필름코팅정","(주)한독","흰색의 달걀형 장용성 필름코팅정",02330,"건위소화제","일반(안전상비)","복합","[M040678]판크레아틴/[M267745]디아스타제·프로테아제·셀룰라제/[M084062]프로자임6/[M050379]리파제/[M100297]셀룰라제/[M223167]우르소데옥시콜산/[M223083]시메티콘","분할불가","",20250519,2208100530
"분할주의",199901651,"오르필서방정600밀리그램(발프로산나트륨)",1999March25th,"서방성필름코팅정","부광약품(주)","흰색, 타원형의 필름코팅된 서방정",01130,"항전간제","전문의약품","단일","[M070676]발프로산나트륨","분할불가","",20260511,1188100450
"분할주의",199902308,"오메드정10밀리그램(오메프라졸)",1999October20th,"장용성필름코팅정","에스케이케미칼(주)","연회색의 원형 장용제피정제",02320,"소화성궤양용제","전문의약품","단일","[M083698]오메프라졸","분할불가","",20240327,8468100915
"분할주의",199903215,"메진정500mg(메살라진)(수출용)",1999August31st,"장용성필름코팅정","(주)휴온스","황색의 장방형 장용성 필름코팅정",02390,"기타의 소화기관용약","전문의약품","단일","[M083890]메살라진","분할불가","",20221011,8638700270
"분할주의",199903663,"키모타제정(수출용)",1999June2nd,"장용성당의정","(주)서울제약","녹색의 원형 장용성 당의정* 수출용1 녹색의 원형 장용성 당의정* 수출용2 분홍색의 원형 장용성 당의정",03950,"효소제제","일반의약품","복합","[M095415]브로멜라인/[M051649]결정트립신/[M095415]브로멜라인/[M051649]결정트립신","분할불가","",20170904,1338130405
"분할주의",199904843,"프로타제정(수출명:DAESHINPROTASE)",1999January28th,"장용성당의정","대화제약(주)","<내수용> 녹색의 원형 장용당의정 <수출용> 연녹색의 원형 장용성 필름코팅정",03950,"효소제제","일반의약품","복합","[M095415]브로멜라인/[M051649]결정트립신/[M095415]브로멜라인/[M051649]결정트립신","분할불가","",20241210,1338122322
"분할주의",199906953,"클래리시드엑스엘서방정500밀리그램(클래리트로마이신)",1999April14th,"서방성필름코팅정","한국애보트(유)","황색의 타원형 서방정",06190,"기타의 항생물질제제(복합항생물질제제를 포함)","전문의약품","단일","[M223198]클래리트로마이신","분할불가","",20250228,1208154740
"분할주의",199907296,"바로메졸캡슐(오메프라졸)",1999May24th,"경질캡슐제, 장용성과립제","신풍제약(주)","흰색∼연한 노란색의 장용성 과립이 충전된 상부 적갈색, 하부 분홍색의 경질캡슐제",02320,"소화성궤양용제","전문의약품","단일","[M083697]오메프라졸장용성과립","분할불가","",20240327,1348103819
"분할주의",199907311,"란스톤캡슐(란소프라졸과립)",1999December30th,"경질캡슐제, 장용성과립제","제일약품(주)","이 약은 백색내지 엷은 갈색을 띠는 백색의 과립을 백색의 캡슐에 충진한 경질캡슐제이다.",02320,"소화성궤양용제","전문의약품","단일","[M091244]란소프라졸과립","분할불가","",20240913,2428500620
"분할주의",200000363,"맥스마빌장용정",2000March6th,"장용성필름코팅정","(주)유유제약","백색의 원형 장용필름코팅정",03990,"따로 분류되지 않는 대사성 의약품","전문의약품","복합","[M082905]칼시트리올/[M222873]알렌드론산나트륨수화물","분할불가","",20240610,1238101790
"분할주의",200000366,"개스판연질캡슐(수출용)",2000August11th,"장용성필름코팅당의정","(주)유유제약","무색의 유상내용물이 들어있는 담록색의 타원형 연질캅셀",02390,"기타의 소화기관용약","일반의약품","복합","[M071401]캐레웨이유/[M089664]페파민트유","분할불가","",20141013,1238101790
"분할주의",200000999,"타스펜8시간이알서방정650밀리그람(아세트아미노펜)(수출명:도로돈이알정)",2000April28th,"서방성필름코팅정","대우제약(주)","흰색의 장방형 필름코팅정",01140,"해열.진통.소염제","일반의약품","단일","[M040353]아세트아미노펜/[M040353]아세트아미노펜","분할불가","",20251110,6038109769
"분할주의",200001172,"디퓨탭서방정(이부프로펜)",2000May22nd,"서방정","동성제약(주)","흰색의 장방형 정제",01140,"해열.진통.소염제","일반의약품","단일","[M051259]이부프로펜","분할 불가","",20251010,2118125288
"분할주의",200001457,"프로막정500밀리그램(발프로산마그네슘)",2000March8th,"장용성필름코팅정","명인제약(주)","흰색의 타원형 장용성 필름코팅정제",01130,"항전간제","전문의약품","단일","[M090172]발프로산마그네슘","분할불가","",20260511,1248118673
"분할주의",200001458,"프로막정200밀리그램(발프로산마그네슘)",2000February24th,"장용성필름코팅정","명인제약(주)","흰색의 타원형 장용성 필름코팅정제",01130,"항전간제","전문의약품","단일","[M090172]발프로산마그네슘","분할불가","",20260511,1248118673
"분할주의",200001758,"파마디클로페낙나트륨정100밀리그램(수출용)",2000May12th,"장용성필름코팅정","(주)한국파마","황색의 타원형으로된 장용피정제(수출용 : 황색의 장방형으로 된 장용피 정제)",01140,"해열.진통.소염제","전문의약품","단일","[M050288]디클로페낙나트륨","분할불가","",20260220,1248115899
"분할주의",200001781,"소아용아스콘틴서방정(아미노필린수화물)",2000June27th,"서방정","동광제약(주)","엷은 오렌지색의 둥근모양을 갖는 정제이다",02110,"강심제","전문의약품","단일","[M223100]아미노필린수화물","분할불가","",20200102,2018644250
"분할주의",200001783,"케이콘틴서방정(염화칼륨)",2000May26th,"서방성필름코팅정","동광제약(주)","엷은 오렌지색의 둥근모양을 갖는 제피정",03310,"혈액대용제","전문의약품","단일","[M040438]염화칼륨","분할불가","",20160428,2018644250
"분할주의",200001785,"아스콘틴서방정(아미노필린수화물)",2000May26th,"서방정","동광제약(주)","매우 엷은 황색의 둥근모양을 갖는 제피정",02110,"강심제","전문의약품","단일","[M223100]아미노필린수화물","분할불가","",20200903,2018644250
"분할주의",200002386,"세미론정",2000December26th,"장용성필름코팅정","오스틴제약(주)","연두색의 장방형 장용필름코팅정",02330,"건위소화제","일반의약품","복합","[M040678]판크레아틴/[M268886]우담즙건조엑스/[M227778]디메티콘/[M051916]헤미셀룰라제","분할불가","",20230131,1248117301
"분할주의",200002616,"마락틴정(수출명:NewmatinTabBMg-B6Tablet)(수출용)",2000May18th,"장용성필름코팅정","영일제약(주)","흰색의 타원형 장용성 필름코팅정",03220,"무기질제제","일반의약품","복합","[M255050]락트산마그네슘수화물/[M204304]피리독신염산염","분할불가","",20210604,3018106847
"분할주의",200002714,"트립라인정",2000April28th,"장용성필름코팅정","하이플생명과학(주)","흰색의 원형 장용성 필름코팅정",03950,"효소제제","일반의약품","복합","[M051649]결정트립신/[M095415]브로멜라인","분할불가","",20240502,1338124994
"분할주의",200003092,"한미아스피린장용정100밀리그램",2000April26th,"장용성필름코팅정","한미약품(주)","백색의 원형 장용성 필름코팅정제",02190,"기타의 순환계용약","일반의약품","단일","[M040355]아스피린","분할불가","",20250415,1248700613
"분할주의",200003983,"사데닌정(S-아데노실-L-메티오닌황산토실산염)",2000June10th,"장용성필름코팅정","초당약품공업(주)","미황색의 원형 장용성 코팅정제",03990,"따로 분류되지 않는 대사성 의약품","전문의약품","단일","[M250944]S-아데노실-L-메티오닌황산토실산염","분할불가","",20220609,1138115303
"분할주의",200008568,"디트루시톨SR캡슐4밀리그람(톨터로딘-L-타르타르산염)",2006September11th,"서방성캡슐제, 펠렛","비아트리스코리아(주)","유백색의 과립이 든 상하부 청색의 캅셀",02590,"기타의 비뇨생식기관 및 항문용약","전문의약품","단일","[M256407]톨터로딘-L-타르타르산염","분할불가","",20250916,3158601434
"분할주의",200009088,"로와치넥스캡슐",2000February19th,"장용성필름코팅캡슐제","(주)한국팜비오","담황색 유상액체가 든 황색의 장용성 연질캡슐",02590,"기타의 비뇨생식기관 및 항문용약","일반의약품","복합","[M082245]핀넨/[M082246]캄펜/[M050615]보르네올/[M060165]아네톨/[M082093]시네올/[M082247]펜콘","분할불가","",20200917,1258145722
"분할주의",200009386,"옥시콘틴서방정10밀리그램(옥시코돈염산염)",2000September1st,"서방성필름코팅정","한국먼디파마 유한회사","흰색의 양면이 볼록한 원형 서방성 필름코팅정",08210,"합성마약","전문의약품","단일","[M238042]옥시코돈염산염","분할불가","","",1208180103
"분할주의",200009387,"옥시콘틴서방정20밀리그램(옥시코돈염산염)",2000September1st,"서방성필름코팅정","한국먼디파마 유한회사","분홍색의 양면이 볼록한 원형 서방성 필름코팅정",08210,"합성마약","전문의약품","단일","[M238042]옥시코돈염산염","분할불가","","",1208180103
"분할주의",200009388,"옥시콘틴서방정40밀리그램(옥시코돈염산염)",2000September1st,"서방성필름코팅정","한국먼디파마 유한회사","노란색의 양면이 볼록한 원형 서방성 필름코팅정",08210,"합성마약","전문의약품","단일","[M238042]옥시코돈염산염","분할불가","","",1208180103
"분할주의",200009525,"로와콜연질캡슐",2000November15th,"장용성필름코팅캡슐제","(주)한국팜비오","녹색의 장용성 구형의 연질캡슐",02360,"이담제","일반의약품","복합","[M103749]핀넨(α+β) /[M082246]캄펜/[M082093]시네올/[M103750]멘톤/[M082249]멘톨/[M050615]보르네올","분할불가","",20210526,1258145722
"분할주의",200009625,"리노에바스텔캡슐",2000May25th,"서방성캡슐제, 펠렛","(주)보령","상하부 적색의 경질캡슐이며, 내용물은 흰색 및 회백색의 구형과립임",01410,"항히스타민제","전문의약품","복합","[M088967]에바스틴구형과립/[M256034]수도에페드린염산염 과립","분할불가","",20250730,2088100281
"분할주의",200100602,"록사틴서방캡슐(록사티딘아세테이트염산염)",2001May17th,"서방성캡슐제, 펠렛","코오롱제약(주)","백색의 과립이 들어 있는 상부 녹색, 하부 백색의 경질캡슐",02320,"소화성궤양용제","전문의약품","단일","[M241476]록사티딘아세테이트염산염","분할불가","",20240911,3068507363
"분할주의",200101027,"디스그렌장용과립캡슐(트리플루살)(수출용)",2001April2nd,"장용성캡슐제, 펠렛","명인제약(주)","백색의 장용성 과립이 충전된 상하부 백색의 경질캡슐제",02190,"기타의 순환계용약","전문의약품","단일","[M220422]트리플루살장용성과립","분할불가","",20191106,1248118673
"분할주의",200101029,"푸로롤200서방정(호박산메토프로롤)(수출용)",2001June2nd,"서방성필름코팅정","명인제약(주)","백색타원형의 필름코팅정",02190,"기타의 순환계용약","전문의약품","단일","[M094172]호박산메토프로롤","분할가능","전체 또는 1/2정을 복용시 씹거나 부수지 말고 그대로 삼켜야함",20191028,1248118673
"분할주의",200101039,"푸로롤100서방정(메토프롤롤숙신산염)(수출용)",2001June2nd,"서방성필름코팅정","명인제약(주)","백색원형의 필름코팅정",02190,"기타의 순환계용약","전문의약품","단일","[M111248]메토프롤롤숙신산염","분할가능","전체 또는 1/2정을 복용시 씹거나 부수지 말고 그대로 삼켜야함",20240221,1248118673
"분할주의",200103537,"베아로제정",2001December14th,"장용성필름코팅정","한솔신약(주)","연녹색의 장방형 장용성 필름코팅정",02330,"건위소화제","일반의약품","복합","[M040678]판크레아틴/[M100297]셀룰라제/[M268886]우담즙건조엑스/[M227778]디메티콘","분할불가","",20251106,3038114421
"분할주의",200103703,"세플러서방정500밀리그람(세파클러수화물)(수출용)",2001February3rd,"서방성필름코팅정","대한뉴팜(주)","연한청색의 장방형 필름코팅 서방정",06180,"주로 그람양성, 음성균에 작용하는 것","전문의약품","단일","[M222859]세파클러수화물","분할불가","",20200903,2298110729
"분할주의",200103709,"트로나제정(수출명:BurotazenTab.,TronaselTab.)",2001February23rd,"장용성필름코팅정","대한뉴팜(주)","(내수용) 연녹색의 원형 장용성 필름코팅정(수출용1) 백색의 원형 장용성 당의정(수출용2) 흰색의 원형 필름코팅정",03950,"효소제제","일반의약품","복합","[M051649]결정트립신/[M095415]브로멜라인/[M051649]결정트립신/[M095415]브로멜라인/[M095415]브로멜라인/[M051649]결정트립신","분할불가","",20250102,2298110729
"분할주의",200108384,"디트루시톨SR캡슐2밀리그람(톨터로딘-L-타르타르산염)",2006September11th,"서방성캡슐제, 펠렛","비아트리스코리아(주)","유백색의 과립이 든 상하부 청녹색의 캡슐",02590,"기타의 비뇨생식기관 및 항문용약","전문의약품","단일","[M256407]톨터로딘-L-타르타르산염","분할불가","",20250916,3158601434
"분할주의",200108429,"아스피린프로텍트정100밀리그람",2001September21st,"장용성필름코팅정","바이엘코리아(주)","한쪽 면에 BAYER 식별이 있고, 다른 한쪽 면에는 식별이 없는 흰색의 원형 장용 필름코팅정",02190,"기타의 순환계용약","일반의약품","단일","[M040355]아스피린","분할불가","",20260306,1208100467
"분할주의",200108760,"레스콜엑스엘서방정(플루바스타틴나트륨)",2001April20th,"서방성필름코팅정","한국노바티스(주)","황색의 원형 필름 코팅 서방정",02180,"동맥경화용제","전문의약품","단일","[M214128]플루바스타틴나트륨","분할불가","",20250211,1168105478
"분할주의",200110048,"뉴부틴서방정(트리메부틴말레산염)",2001October19th,"서방성필름코팅정","한국유나이티드제약(주)","흰색의 장방형 서방성 필름코팅정제",02390,"기타의 소화기관용약","전문의약품","단일","[M252787]트리메부틴말레산염","분할불가","",20260327,3078105244
"분할주의",200200152,"뉴로패시드오디정600밀리그램(티옥트산)",2002April3rd,"서방성필름코팅정","(주)종근당","황색의 장방형 필름코팅 정제",03990,"따로 분류되지 않는 대사성 의약품","전문의약품","단일","[M250701]티옥트산","분할불가","",20200109,3128560679
"분할주의",200200229,"모노맥스서방정(이소소르비드-5-모노니트레이트)(수출용)",2002December21st,"서방정","(주)유유제약","미황색의 장방형 정제",02170,"혈관확장제","전문의약품","단일","[M098218]이소소르비드5모노니트레이트몬탄글리콜왁스혼합물40%","분할불가","",20101221,1238101790
"분할주의",200200322,"란스터캡슐(란소프라졸)",2002December18th,"장용성캡슐제, 펠렛","국제약품(주)","흰색~엷은 갈색의 과립을 충전한 상하 흰색의 경질캡슐제",02320,"소화성궤양용제","전문의약품","단일","[M091244]란소프라졸과립","분할불가","",20240913,2078100309
"분할주의",200200373,"한올란소프라졸캡슐(수출용)",2002May22nd,"경질캡슐제, 장용성과립제","한올바이오파마(주)","백색-엷은 갈색의 과립을 충전한 상하백색의 경질캅셀제",02320,"소화성궤양용제","전문의약품","단일","[M091244]란소프라졸과립","분할불가","",20240327,3068105479
"분할주의",200200414,"생장환에스정",2002July26th,"장용성필름코팅정","정우신약(주)","녹색의 원형 장용성 필름코팅정제",02380,"하제, 완장제","일반의약품","복합","[M081950]도큐세이트나트륨/[M081899]센나엽가루/[M237598]Tinnevelly 센나열매가루/[M050687]비사코딜","분할불가","",20250830,1048158517
"분할주의",200200662,"세토펜8시간이알서방정(아세트아미노펜)",2002May31st,"서방성필름코팅정","삼아제약(주)","흰색의 장방형 필름코팅 정제",01140,"해열.진통.소염제","일반의약품","단일","[M040353]아세트아미노펜","분할불가","",20251110,1388105823
"분할주의",200200709,"큐라졸캅셀(오메프라졸)(수출명:노티졸캡슐,보파얼서프라졸캡슐)",2002March20th,"장용성캡슐제, 펠렛","알리코제약(주)","백색내지 옅은 다갈색의 장용성과립이 충진된 상부 적갈색, 하부 분홍색의 경질캅셀",02320,"소화성궤양용제","전문의약품","단일","[M083697]오메프라졸장용성과립","분할불가","",20240327,1348115033
"분할주의",200200734,"영진아스피린장용정",2002August1st,"장용성필름코팅정","영진약품(주)","백색의 장용제피정",02190,"기타의 순환계용약","일반의약품","단일","[M040355]아스피린","분할불가","",20250415,2188100352
"분할주의",200200775,"무노발정2.5밀리그람(펠로디핀)",2002March5th,"서방성필름코팅정","(주)한독","양면이 볼록한 황색의 원형제피정",02140,"혈압강하제","전문의약품","단일","[M283836]펠로디핀(미분화)","분할불가","",20200622,2208100530
"분할주의",200200852,"다이제스트정",2002September6th,"장용성필름코팅정","(주)마더스제약","연녹색의 장방형 장용성 필름코팅정",02330,"건위소화제","일반의약품","복합","[M040678]판크레아틴/[M100297]셀룰라제/[M273864]우담즙 건조엑스/[M227778]디메티콘","분할불가","",20260414,3128629302
"분할주의",200201482,"타세놀8시간이알서방정(아세트아미노펜)",2002August16th,"서방성필름코팅정","부광약품(주)","흰색의 장방형 필름코팅정제이다.",01140,"해열.진통.소염제","일반의약품","단일","[M040353]아세트아미노펜/[M040353]아세트아미노펜","분할불가","",20251110,1188100450
"분할주의",200201879,"세파클린서방정(세파클러수화물)(수출명:FaclerinSRTab.)",2002September10th,"서방성필름코팅정","경동제약(주)","청색의 장방형 서방정제",06180,"주로 그람양성, 음성균에 작용하는 것","전문의약품","단일","[M222859]세파클러수화물","분할불가","",20191112,1248135518
"분할주의",200202118,"하이드로핀정(펠로디핀)",2002July9th,"서방성필름코팅정","미래바이오제약(주)","연분홍색의 원형필름코팅정이다",02140,"혈압강하제","전문의약품","단일","[M084735]펠로디핀","분할불가","",20200622,1258139744
"분할주의",200202847,"티메롤8시간이알서방정(아세트아미노펜)",2002November14th,"서방성필름코팅정","(주)서울제약","흰색의 장방형 필름코팅정제",01140,"해열.진통.소염제","일반의약품","단일","[M040353]아세트아미노펜/[M040353]아세트아미노펜","분할불가","",20251110,1338130405
"분할주의",200202873,"엔시드8시간이알서방정650mg(아세트아미노펜)",2002December4th,"서방성필름코팅정","한림제약(주)","흰색의 장방형 필름코팅정",01140,"해열.진통.소염제","일반의약품","단일","[M040353]아세트아미노펜/[M040353]아세트아미노펜","분할불가","",20251110,1358102638
"분할주의",200209716,"데파코트서방정500밀리그램(디발프로엑스나트륨)",2002February28th,"서방성필름코팅정","한국애보트(유)","회색의 타원형 서방성 정제",01130,"항전간제","전문의약품","단일","[M082087]디발프로엑스나트륨","분할불가","",20260305,1208154740
"분할주의",200210756,"란스톤캡슐15밀리그램(란소프라졸과립)",2002February27th,"경질캡슐제, 장용성과립제","제일약품(주)","이 약은 백색내지 엷은 갈색을 띠는 백색의 과립을 백색의 캡슐에 충진한 경질캡슐제이다.",02320,"소화성궤양용제","전문의약품","단일","[M091244]란소프라졸과립","분할불가","",20240913,2428500620
"분할주의",200300026,"록사겐캡슐(염산록사티딘아세테이트)",2003July28th,"서방성캡슐제, 펠렛","신풍제약(주)","흰색의 서방형 과립이 들어있는 상부 연두색, 하부 흰색의 경질캡슐제",02320,"소화성궤양용제","전문의약품","단일","[M258753]록사티딘아세테이트염산염 과립45.45%","분할불가","",20210204,1348103819
"분할주의",200300253,"엘디핀지속정(펠로디핀)",2003November13th,"서방성필름코팅정","국제약품(주)","분홍색의 원형 필름코팅정제",02140,"혈압강하제","전문의약품","단일","[M084735]펠로디핀","분할불가","",20200622,2078100309
"분할주의",200300431,"록사틴서방형캡슐37.5mg(록사티딘아세테이트염산염)",2003November14th,"서방성캡슐제, 펠렛","코오롱제약(주)","백색의 과립이 들어있는 상.하부 백색의 경질캡슐",02320,"소화성궤양용제","전문의약품","단일","[M241476]록사티딘아세테이트염산염","분할불가","",20240911,3068507363
"분할주의",200300589,"모트릭에스알서방정(트리메부틴말레산염)",2003November26th,"서방성필름코팅정","삼아제약(주)","상층은 연녹색이고, 하층은 흰색내지 유백색인 타원형 필름코팅 이중정",02390,"기타의 소화기관용약","전문의약품","단일","[M252787]트리메부틴말레산염/[M252787]트리메부틴말레산염","분할불가","",20260327,1388105823
"분할주의",200300612,"브립신정(수출용)",2003June12th,"장용성당의정","알리코제약(주)","수출용 1: 흰색의 원형 장용성 당의정, 수출용 2: 흰색의 원형 장용성 필름코팅정, 수출용 3: 흰색의 원형 필름코팅정",03950,"효소제제","일반의약품","복합","[M095415]브로멜라인/[M051649]결정트립신/[M095415]브로멜라인/[M051649]결정트립신/[M095415]브로멜라인/[M051649]결정트립신","분할불가","",20160316,1348115033
"분할주의",200300699,"트리아핀정5/5mg",2003March29th,"서방성필름코팅정","(주)한독","적갈색의 양쪽이 볼록한 원형의 필름코팅정",02140,"혈압강하제","전문의약품","복합","[M083172]라미프릴/[M084735]펠로디핀","분할불가","",20180119,2208100530
"분할주의",200301047,"란세틴정(란소프라졸)(수출용)",2003August19th,"장용성필름코팅정","(주)동구바이오제약","적갈색의 원형 장용코팅정",02320,"소화성궤양용제","전문의약품","단일","[M085578]란소프라졸","분할불가","",20240327,1248533615
"분할주의",200301078,"록사코트캡슐(염산록사티딘아세테이트)(수출용)",2003August21st,"경질캡슐제, 서방성장용성펠렛","(주)동구바이오제약","백색의 서방형 과립이 들어있는 상부 연한 녹색,하부 백색의 캡슐제",02320,"소화성궤양용제","전문의약품","단일","[M087262]펠레트에제피된염산록사티딘아세테이트","분할불가","",20080407,1248533615
"분할주의",200301499,"마그네스정",2003January20th,"장용성필름코팅정","대화제약(주)","노란색 장방형 장용성 필름 코팅정제",03220,"무기질제제","일반의약품","복합","[M255050]락트산마그네슘수화물/[M204304]피리독신염산염","분할불가","",20230512,1338122322
"분할주의",200301515,"란시드캡슐15밀리그램(란소프라졸)",2003April3rd,"장용성캡슐제, 펠렛","고려제약(주)","백색-엷은 갈색의 과립이 든 상, 하부 백색의 경질캡슐제",02320,"소화성궤양용제","전문의약품","단일","[M085578]란소프라졸","분할불가","",20240913,1268104796
"분할주의",200301609,"유로날서방정0.2밀리그램(탐스로신염산염)",2003May21st,"서방성필름코팅정","경동제약(주)","흰색의 원형정제",02590,"기타의 비뇨생식기관 및 항문용약","전문의약품","단일","[M243979]탐스로신염산염","분할불가","",20251230,1248135518
"분할주의",200301653,"오메드정40밀리그램(오메프라졸)(수출용)",2003February12th,"장용성필름코팅정","에스케이케미칼(주)","연회색의 원형 장용성 필름코팅정",02320,"소화성궤양용제","전문의약품","단일","[M083698]오메프라졸","분할불가","",20240327,8468100915
"분할주의",200301683,"록사렉스서방캡슐75mg(록사티딘아세테이트염산염)",2003August21st,"서방성캡슐제, 펠렛","(주)팜젠사이언스","흰색의 과립이 들어있는 상부 초록색 하부 연한 노란색의 경질캡슐제",02320,"소화성궤양용제","전문의약품","단일","[M241476]록사티딘아세테이트염산염","분할불가","",20250211,1248136540
"분할주의",200301818,"써스펜8시간이알서방정650밀리그램(아세트아미노펜)",2003July25th,"서방성필름코팅정","한미약품(주)","흰색의 장방형 필름코팅정",01140,"해열.진통.소염제","일반의약품","단일","[M040353]아세트아미노펜/[M040353]아세트아미노펜","분할불가","",20251126,1248700613
"분할주의",200301884,"락시티브정(비사코딜)(수출용)(수출명:락사티브정)",2003November13th,"장용성필름코팅정","(주)바스칸바이오제약","황색의 원형 장용성 필름코팅정",02380,"하제, 완장제","일반의약품","단일","[M050687]비사코딜","분할불가","","",1258116421
"분할주의",200301899,"란가톤정(란소프라졸)(수출용)",2003August19th,"장용성필름코팅정","광동제약(주)","적갈색의 원형 장용코팅정",02320,"소화성궤양용제","전문의약품","단일","[M085578]란소프라졸","분할불가","",20240327,1138108888
"분할주의",200302297,"엔테론정50밀리그램(포도씨건조엑스)",2003May16th,"장용성필름코팅정","한림제약(주)","황색의 원형 장용성 필름코팅정",02190,"기타의 순환계용약","전문의약품","단일","[M256395]포도씨건조엑스","분할불가","",20191001,1358102638
"분할주의",200302518,"대한뉴팜오엠프라졸캡슐(오메프라졸)",2003April23rd,"경질캡슐제, 장용성과립제","대한뉴팜(주)","미황색의 장용성과립이 충진된 상부 적갈색, 하부 분홍색의 경질캡슐제",02320,"소화성궤양용제","전문의약품","단일","[M112240]오메프라졸 장용성과립","분할불가","",20240327,2298110729
"분할주의",200307819,"테그레톨씨알정200밀리그램(카르바마제핀)",2003March21st,"서방성필름코팅정","한국노바티스(주)","미황색-주황색의 장방형 서방성 필름코팅정",01130,"항전간제","전문의약품","단일","[M040569]카르바마제핀","분할 불가","",20260611,1168105478
"분할주의",200307976,"바스티난엠알서방정(트리메타지딘염산염)",2003November29th,"서방성필름코팅정","한국세르비에(주)","8mm 직경과 약 4mm 두께의 양면이 불룩한 분홍색 필름코팅정제",02170,"혈관확장제","전문의약품","단일","[M223248]트리메타지딘염산염","분할불가","",20250923,1148158931
"분할주의",200308344,"이소켓서방캡슐120밀리그램(묽은이소소르비드이질산염)",2003November20th,"서방성캡슐제, 펠렛","에리슨제약(주)","흰색의 서방성 구형 펠렛이 든 상하부 연분홍색의 경질캡슐",02170,"혈관확장제","전문의약품","단일","[M250379]묽은이소소르비드이질산염","분할불가","",20240422,1248707538
"분할주의",200308353,"이팩사엑스알서방캡슐75밀리그램",2003November21st,"서방성캡슐제, 펠렛","비아트리스코리아(주)","구상의 백색-회백색의 과립이 들어있는 상,하의 복숭아색의 서방성 캡슐",01170,"정신신경용제","전문의약품","단일","[M241528]벤라팍신염산염","분할불가","",20230914,3158601434
"분할주의",200308354,"이팩사엑스알서방캡슐37.5밀리그램",2003November21st,"서방성캡슐제, 펠렛","비아트리스코리아(주)","구상의 백색-회백색의 과립이 들어있는 상의 연회색,하의 복숭아색의 서방성 캡슐",01170,"정신신경용제","전문의약품","단일","[M241528]벤라팍신염산염","분할불가","",20230914,3158601434
"분할주의",200400118,"락토웰장용캡슐(바실루스서브틸리스균·엔테로코쿠스페슘균배양물)",2004December15th,"장용성캡슐제, 펠렛","(주)종근당","황백색의 가루가 든 상부 연한 녹색, 하부 흰색의 장용성 경질캡슐",02370,"정장제","일반의약품","단일","[M263215]바실루스서브틸리스균·엔테로코쿠스페슘균배양물","분할불가","",20210426,3128560679
"분할주의",200400173,"판토라인정(판토프라졸나트륨세스키히드레이트)",2004September3rd,"장용성필름코팅정","동아에스티(주)","이 약은 황색의 장용성 제피를 한 타원형 정제이다.",02320,"소화성궤양용제","전문의약품","단일","[M089465]판토프라졸나트륨세스키히드레이트","분할불가","",20230724,2048640122
"분할주의",200400195,"란섹정(란소프라졸)(수출용)",2004October1st,"장용성필름코팅정","(주)유유제약","적갈색의 원형 장용코팅정",02320,"소화성궤양용제","전문의약품","단일","[M085578]란소프라졸","분할불가","",20240327,1238101790
"분할주의",200400232,"오프라졸캡슐(오메프라졸)",2004October8th,"경질캡슐제, 장용성과립제","삼성제약(주)","미황색의 장용성 과립이 충진된 상부 적갈색, 하부 분홍색의 경질캡슐제",02320,"소화성궤양용제","전문의약품","단일","[M083697]오메프라졸장용성과립","분할불가","",20240327,2078100726
"분할주의",200400295,"로퍼린지속정(펠로디핀)(수출용)",2004May29th,"서방성필름코팅정","대한약품공업(주)","연분홍색의 원형 필름코팅정",02140,"혈압강하제","전문의약품","단일","[M084735]펠로디핀","분할불가","",20091222,1348500111
"분할주의",200400329,"유로탐스서방정(탐스로신염산염)",2004June18th,"서방성필름코팅정","일동제약(주)","흰색의 원형정제",02590,"기타의 비뇨생식기관 및 항문용약","전문의약품","단일","[M243979]탐스로신염산염","분할불가","",20241029,6828500435
"분할주의",200400465,"아사콜디알정400밀리그람(메살라진)",2004March25th,"장용성필름코팅정","(주)대웅제약","적갈색의 장방형 장용코팅정",02390,"기타의 소화기관용약","전문의약품","단일","[M083890]메살라진","분할불가","",20260701,1248601143
"분할주의",200400477,"시클러MR서방정375밀리그램(세파클러수화물)",2004October2nd,"서방정","대웅바이오(주)","청색의 장방형 서방정제",06180,"주로 그람양성, 음성균에 작용하는 것","전문의약품","단일","[M222859]세파클러수화물","분할불가","",20191226,1248677584
"분할주의",200400498,"탐스날서방정(탐스로신염산염)",2004June18th,"서방성필름코팅정","(주)유한양행","흰색의 원형정제",02590,"기타의 비뇨생식기관 및 항문용약","전문의약품","단일","[M241531]탐스로신염산염","분할불가","",20241029,1188100601
"분할주의",200400530,"탐스로캡슐0.2밀리그램(탐스로신염산염)(수출명:코오롱탐스로캡슐0.2밀리그램)",2004May7th,"서방성캡슐제, 펠렛","코오롱제약(주)","미황색의 과립이 든 상의 엷은주황, 하의 백색의 캡슐",02590,"기타의 비뇨생식기관 및 항문용약","전문의약품","단일","[M243979]탐스로신염산염","분할불가","",20241029,3068507363
"분할주의",200400611,"신라제정(수출용)",2004July5th,"장용성필름코팅정","(주)마더스제약","녹색 장방형의 장용성 필름코팅정제",02330,"건위소화제","일반의약품","복합","[M050855]시메치콘/[M040678]판크레아틴","분할불가","",20140929,3128629302
"분할주의",200400635,"콜벤에프캡슐(수출용)",2004August25th,"경질캡슐제, 장용성과립제","(주)마더스제약","엷은 황색의 과립 및 미백색의 장용성 과립의 혼합물이 든 상부 적색, 하부 백색의 경질캡슐제",01140,"해열.진통.소염제","일반의약품","복합","[M040353]아세트아미노펜/[M223183]카페인무수물/[M204422]dl-메틸에페드린염산염/[M222890]클로페라스틴염산염/[M223262]티아민질산염/[M099414]세라티오펩티다제/[M040133]리보플라빈/[M223211]클로르페니라민말레산염","분할불가","",20180705,3128629302
"분할주의",200400910,"판프라졸정40mg(판토프라졸나트륨세스키히드레이트)",2004September3rd,"장용성필름코팅정","영진약품(주)","황색의 장용성 제피를 한 타원형정제",02320,"소화성궤양용제","전문의약품","단일","[M089465]판토프라졸나트륨세스키히드레이트","분할불가","",20230724,2188100352
"분할주의",200400920,"탐로신서방정(탐스로신염산염)",2004August4th,"서방정","영진약품(주)","흰색의 원형정제",02590,"기타의 비뇨생식기관 및 항문용약","전문의약품","단일","[M243979]탐스로신염산염","분할불가","",20250917,2188100352
"분할주의",200400949,"오큐졸캡슐(오메프라졸)",2004June26th,"경질캡슐제, 장용성과립제","(주)에이프로젠바이오로직스","미황색의 장용성 과립이 충진된 상부적갈색, 하부분홍색의 경질캡술제",02320,"소화성궤양용제","전문의약품","단일","[M083697]오메프라졸장용성과립","분할불가","",20240327,2188100518
"분할주의",200400999,"니페론씨알서방정40밀리그램(니페디핀)",2004August27th,"서방성필름코팅정","에리슨제약(주)","양면이 볼록한 적갈색의 원형 필름코팅 정제",02170,"혈관확장제","전문의약품","단일","[M050164]니페디핀","분할불가","",20250520,1248707538
"분할주의",200401081,"엘카라틴정(염산아세틸엘카르니틴)(수출용)",2004August23rd,"장용성필름코팅정","삼천당제약(주)","백색의 장방형 제피정",02190,"기타의 순환계용약","전문의약품","단일","[M212193]염산아세틸-L-카르니틴","분할불가","",20190223,1248104295
"분할주의",200401326,"탐스핀캡슐(탐스로신염산염)",2004September20th,"서방성캡슐제, 펠렛","환인제약(주)","백색-미황색의 펠렛을 함유한 상의 살구색, 하의 백색의 캡슐제",02590,"기타의 비뇨생식기관 및 항문용약","전문의약품","단일","[M241531]탐스로신염산염","분할불가","",20241029,2158136171
"분할주의",200401452,"유로파서방정0.2밀리그램(탐스로신염산염)",2004August2nd,"서방성필름코팅정","(주)동구바이오제약","흰색의 원형 필름코팅정제",02590,"기타의 비뇨생식기관 및 항문용약","전문의약품","단일","[M243979]탐스로신염산염","분할불가","",20241029,1248533615
"분할주의",200401456,"오메톤캡슐(오메프라졸)",2004September23rd,"경질캡슐제, 장용성과립제","(주)동구바이오제약","흰색 내지 회백색의 장용성 과립이 충진된 상부 적갈색, 하부 분홍색의 경질캡슐",02320,"소화성궤양용제","전문의약품","단일","[M083697]오메프라졸장용성과립","분할불가","",20240327,1248533615
"분할주의",200401547,"탐로스타서방정0.2밀리그램(탐스로신염산염)",2004September20th,"서방성필름코팅정","에이치케이이노엔(주)","연노란색의 필름코팅정제",02590,"기타의 비뇨생식기관 및 항문용약","전문의약품","단일","[M241531]탐스로신염산염","분할불가","",20241029,2018638914
"분할주의",200401579,"뉴섹캡슐(오메프라졸)(수출용)",2004August9th,"경질캡슐제, 장용성과립제","한국유니온제약(주)","미황색의 장용성과립이 충전된 상부 적갈색, 하부 분홍색의 경질캡슐제",02320,"소화성궤양용제","전문의약품","단일","[M083697]오메프라졸장용성과립","분할불가","",20240327,6078121765
"분할주의",200401591,"뉴란소정(란소프라졸)(수출용)",2004December13th,"장용성필름코팅정","한국유니온제약(주)","적갈색의 원형 장용 코팅정",02320,"소화성궤양용제","전문의약품","단일","[M085578]란소프라졸","분할불가","",20240327,6078121765
"분할주의",200401655,"트라타진정(트리메타지딘염산염)(수출용)",2004September16th,"장용성필름코팅정","한국유니온제약(주)","연한 청색의 타원형 장용 필름코팅정",02170,"혈관확장제","전문의약품","단일","[M223248]트리메타지딘염산염","분할불가","",20250318,6078121765
"분할주의",200401726,"탐스피드캡슐(탐스로신염산염)",2004September20th,"서방성캡슐제, 펠렛","삼진제약(주)","백색-미황색의 펠렛을 함유한 상의 살구색, 하의 백색의 경질캡슐제",02590,"기타의 비뇨생식기관 및 항문용약","전문의약품","단일","[M243979]탐스로신염산염","분할불가","",20241029,1248531621
"분할주의",200401750,"탐스웰캡슐(탐스로신염산염)",2004September3rd,"서방성캡슐제, 펠렛","대원제약(주)","흰색 또는 미황색의 과립이 들어있는 상부 연분홍, 하부 흰색의 경질캡슐제이다",02590,"기타의 비뇨생식기관 및 항문용약","전문의약품","단일","[M241531]탐스로신염산염","분할불가","",20241029,2078136336
"분할주의",200401853,"게리브론300장용성연질캡슐(미르톨)",2004June3rd,"장용성필름코팅당의정","(주)셀릭스","미황색 액이 충진된 녹색의 타원형 연질캡슐",02220,"진해거담제","일반의약품","단일","[M096297]미르톨","분할불가","",20110318,1128132084
"분할주의",200402023,"오메딘캡슐(오메프라졸)",2004June17th,"장용성캡슐제, 펠렛","오스틴제약(주)","흰색 내지 옅은 다갈색의 장용성 과립이 충전된 상부 적갈색, 하부 분홍색의 경질캡슐",02320,"소화성궤양용제","전문의약품","단일","[M083697]오메프라졸장용성과립","분할불가","",20240327,1248117301
"분할주의",200402342,"디로핀지속정2.5밀리그람(펠로디핀)",2004February4th,"서방성필름코팅정","경동제약(주)","황색의 원형 필름코팅정",02140,"혈압강하제","전문의약품","단일","[M084735]펠로디핀","분할불가","",20200622,1248135518
"분할주의",200402350,"라프졸정(란소프라졸)(수출용)",2004August13th,"장용성필름코팅정","경동제약(주)","적갈색의 원형 장용코팅정",02320,"소화성궤양용제","전문의약품","단일","[M085578]란소프라졸","분할불가","",20240327,1248135518
"분할주의",200402469,"란프졸캡슐(란소프라졸과립)",2004February23rd,"장용성캡슐제, 펠렛","(주)팜젠사이언스","흰색-엷은 갈색의 과립을 충전한 상하부 흰색의 경질캡슐제",02320,"소화성궤양용제","전문의약품","단일","[M091244]란소프라졸과립","분할불가","",20240913,1248136540
"분할주의",200402541,"란소롤정(란소프라졸)(수출용)",2004November16th,"장용성필름코팅정","미래바이오제약(주)","적갈색의 원형 장용코팅정",02320,"소화성궤양용제","전문의약품","단일","[M085578]란소프라졸","분할불가","",20240327,1258139744
"분할주의",200402674,"한미탐스캡슐0.2밀리그램(탐스로신염산염)",2004May10th,"서방성캡슐제, 펠렛","한미약품(주)","연한 노란색의 장용 서방과립이 든 상부 연한 주황색, 하부 흰색의 경질 캡슐제",02590,"기타의 비뇨생식기관 및 항문용약","전문의약품","단일","[M241531]탐스로신염산염","분할불가","",20241029,1248700613
"분할주의",200402694,"오메존캡슐(오메프라졸)",2004September30th,"경질캡슐제, 장용성과립제","(주)한국파비스제약","미황색의 장용성과립이 충전된 상부 적갈색, 하부 분홍색의 경질캡슐제",02320,"소화성궤양용제","전문의약품","단일","[M083697]오메프라졸장용성과립","분할불가","",20240327,2838501407
"분할주의",200402816,"오프라캡슐(오메프라졸)",2004September18th,"경질캡슐제, 장용성과립제","위더스제약(주)","미황색의 장용성 과립이 충진된 상부 적갈색, 하부분홍색의 경질캡슐제",02320,"소화성궤양용제","전문의약품","단일","[M083697]오메프라졸장용성과립","분할불가","",20240327,1258522182
"분할주의",200402830,"펠론정(펠로디핀)",2004December6th,"서방성필름코팅정","위더스제약(주)","연분홍색의 원형 제피정",02140,"혈압강하제","전문의약품","단일","[M084735]펠로디핀","분할불가","",20200622,1258522182
"분할주의",200402947,"타이펜8시간이알서방정",2004September17th,"서방성필름코팅정","영풍제약(주)","흰색 장방형의 필름코팅정이다.",01140,"해열.진통.소염제","일반의약품","단일","[M040353]아세트아미노펜/[M040353]아세트아미노펜","분할불가","",20251110,1398102509
"분할주의",200402992,"메프라졸캡슐(오메프라졸)",2004June30th,"경질캡슐제, 장용성과립제","(주)팜젠사이언스","미황색의 장용성과립이 충진된 상부-적갈색, 하부-분홍색 의경질캅셀",02320,"소화성궤양용제","전문의약품","단일","[M083697]오메프라졸장용성과립","분할불가","",20240327,1248136540
"분할주의",200403121,"엠프라캡슐(오메프라졸장용성과립)(수출명:OMERAMEXcap.)",2004February12th,"경질캡슐제, 장용성과립제","(주)휴온스","미황색의 장용성 과립이 충진된 상부 암청색, 하부 미황색의 경질캡슐",02320,"소화성궤양용제","전문의약품","단일","[M083697]오메프라졸장용성과립","분할불가","",20240327,8638700270
"분할주의",200403236,"란프롤정(란소프라졸)(수출용)",2004August9th,"장용성필름코팅정","명문제약(주)","적갈색의 원형 장용코팅정",02320,"소화성궤양용제","전문의약품","단일","[M085578]란소프라졸","분할불가","",20240327,1248135615
"분할주의",200403270,"지로디핀지속정(펠로디핀)",2004June11th,"서방성필름코팅정","케이엠에스제약(주)","분홍색의 원형필름코팅정제",02140,"혈압강하제","전문의약품","단일","[M084735]펠로디핀","분할불가","",20200622,1248150810
"분할주의",200403301,"아자설판장용정500밀리그램(설파살라진(살라조설파피리딘))(수출용)",2004December30th,"장용성필름코팅정","(주)유영제약","황색～황갈색 타원형의 장용성 필름코팅 정제",06210,"설화제","전문의약품","단일","[M083653]설파살라진","분할불가","",20221011,3018109728
"분할주의",200403500,"엔테론정150밀리그램(포도씨건조엑스)",2004July21st,"장용성필름코팅정","한림제약(주)","황색의 원형 장용성 필름코팅정",02190,"기타의 순환계용약","전문의약품","단일","[M256395]포도씨건조엑스","분할불가","",20220207,1358102638
"분할주의",200403654,"란프라졸정(란소프라졸)(수출용)",2004February23rd,"장용성필름코팅정","(주)알피바이오","적갈색의 원형 장용코팅정",02320,"소화성궤양용제","전문의약품","단일","[M085578]란소프라졸","분할불가","",20240327,3048511124
"분할주의",200403772,"코러스오메프라졸캡슐",2004November4th,"경질캡슐제, 장용성과립제","한국코러스(주)","내수용 : 흰색 내지 회백색의 장용성 과립이 충진된 상부 적갈색, 하부 분홍색의 경질캡슐수출용 : 백색내지 회백색의 장용성과립이 충진된 상부적갈색 하부분홍색의 경질캡슐",02320,"소화성궤양용제","전문의약품","단일","[M083697]오메프라졸장용성과립/[M083697]오메프라졸장용성과립","분할불가","",20240327,2058140116
"분할주의",200403779,"코러스란소프라졸캡슐(수출용)",2004November4th,"경질캡슐제, 장용성과립제","한국코러스(주)","백색-엷은 갈색의 과립을 충전한 상하백색의 경질캡슐제",02320,"소화성궤양용제","전문의약품","단일","[M091244]란소프라졸과립","분할불가","",20240327,2058140116
"분할주의",200403814,"유니란소캡슐30밀리그램(란소프라졸)",2004September22nd,"경질캡슐제, 장용성과립제","유니메드제약(주)","백색-엷은 갈색의 과립을 충전한 상하 백색의 경질캡슐제",02320,"소화성궤양용제","전문의약품","단일","[M091244]란소프라졸과립","분할불가","",20250930,3128109048
"분할주의",200403850,"소프라정(란소프라졸)(수출용)(수출명: Newdaepra Tab.)",2004June30th,"장용성필름코팅정","(주)넥스팜코리아","적갈색의 원형 장용코팅정",02320,"소화성궤양용제","전문의약품","단일","[M085578]란소프라졸","분할불가","",20240327,3018125427
"분할주의",200403915,"뮤시딘플러스정(수출용)",2004August24th,"장용성당의정","대한뉴팜(주)","장용성, 위용성 과립을 함유한 황색의 원형 당의정제",02290,"기타의 호흡기관용약","일반의약품","단일","[M101122]췌장의단백분해효소/[M081192]메칠엔에스디아세틸시스테인","분할불가","",20141027,2298110729
"분할주의",200403927,"엠지비정(수출용)",2004December17th,"장용성필름코팅정","대한뉴팜(주)","미백색의 타원형의 장용성 필름코팅정",03220,"무기질제제","일반의약품","복합","[M051324]젖산마그네슘/[M240075]염산피리독신","분할불가","","",2298110729
"분할주의",200404034,"다프라캡슐(란소프라졸과립)수출명:SLANZOLECapsule",2004September23rd,"경질캡슐제, 장용성과립제","한국프라임제약(주)","흰색 또는 거의 흰색의 구형 또는 타원형의 과립을 충전한 상하 흰색의 경질캡슐제",02320,"소화성궤양용제","전문의약품","단일","[M091244]란소프라졸과립","분할불가","",20240913,4028524506
"분할주의",200404039,"오프졸캡슐(오메프라졸)",2004August9th,"경질캡슐제, 장용성과립제","한국프라임제약(주)","내수용 : 미황색의 장용성 과립이 충진된 상부적갈색, 하부 분홍색의 경질캡슐제수출용 : 백색내지 회백색의 장용성과립이 충진된 상부적갈색 하부분홍색의 경질캡슐제",02320,"소화성궤양용제","전문의약품","단일","[M083697]오메프라졸장용성과립/[M083697]오메프라졸장용성과립","분할불가","",20240327,4028524506
"분할주의",200404199,"할로핀정(펠로디핀)",2004December6th,"서방성필름코팅정","(주)넥스팜코리아","연분홍색의 원형 필름코팅정",02140,"혈압강하제","전문의약품","단일","[M084735]펠로디핀","분할불가","",20241129,3018125427
"분할주의",200404653,"타미날캡슐(탐스로신염산염)",2004September20th,"서방성캡슐제, 펠렛","주식회사제뉴원사이언스","흰색 내지 연한 노란색의 펠렛을 함유한 상의 살구색, 하의 흰색의 캡슐제",02590,"기타의 비뇨생식기관 및 항문용약","전문의약품","단일","[M243979]탐스로신염산염","분할불가","",20241029,6218542600
"분할주의",200404855,"란소팬정(란소프라졸)(수출용)",2004December22nd,"장용성필름코팅정","(주)킵스바이오파마","적갈색의 원형 장용코팅정",02320,"소화성궤양용제","전문의약품","단일","[M085578]란소프라졸","분할불가","",20240327,2098126571
"분할주의",200409980,"팍실CR정12.5밀리그램(파록세틴염산염수화물)",2004January29th,"서방성장용필름코팅정","(주)글락소스미스클라인","노란색의 양면이 볼록한 원형 필름 코팅 정제",01170,"정신신경용제","전문의약품","단일","[M222896]파록세틴염산염수화물","분할불가","",20250708,1068156683
"분할주의",200410942,"판테온정40밀리그램(판토프라졸나트륨세스키히드레이트)",2004November2nd,"장용성필름코팅정","알보젠코리아(주)","황색의 장용성 제피를 한 타원형 정제",02320,"소화성궤양용제","전문의약품","단일","[M089465]판토프라졸나트륨세스키히드레이트","분할불가","",20230724,2158121950
"분할주의",200410993,"유타날캡슐(탐스로신염산염)",2004September20th,"서방성캡슐제, 펠렛","국제약품(주)","백색-미황색의 펠렛을 함유한 상의 살구색, 하의 백색의 캡슐제",02590,"기타의 비뇨생식기관 및 항문용약","전문의약품","단일","[M243979]탐스로신염산염","분할불가","",20241029,2078100309
"분할주의",200410999,"바이넥스오메프라졸캡슐(오메프라졸장용성과립)",2004February23rd,"경질캡슐제, 장용성과립제","(주)바이넥스","미황색의 장용성 과립이 충진된 상부 적갈색, 하부 분홍색의 경질캡슐제",02320,"소화성궤양용제","전문의약품","단일","[M083697]오메프라졸장용성과립","분할불가","",20260709,6038107005
"분할주의",200411077,"클라졸캡슐(오메프라졸)(수출용)",2004August13th,"경질캡슐제, 장용성과립제","(주)씨엠지제약","백색 내지 엷은 다갈색의 장용성과립이 충진된 상부 적갈색, 하부 분홍색의 경질캡슐",02320,"소화성궤양용제","전문의약품","단일","[M083697]오메프라졸장용성과립","분할불가","",20240327,1348171976
"분할주의",200411087,"애니시드캡슐(오메프라졸장용성과립)",2004February18th,"경질캡슐제, 장용성과립제","구주제약(주)","미황색의 장용성과립이 충전된 상부 적갈색, 하부 분홍색의 경질캡슐제",02320,"소화성궤양용제","전문의약품","단일","[M083697]오메프라졸장용성과립","분할불가","",20240327,1248136268
"분할주의",200411095,"오메라졸캡슐(오메프라졸)(수출명 : OMERAZOLE Caps.)",2004October12th,"경질캡슐제, 장용성과립제","삼익제약(주)","미황색의 장용성과립이 충전된 상부 적갈색, 하부 분홍색의 경질캡슐제",02320,"소화성궤양용제","전문의약품","단일","[M083697]오메프라졸장용성과립","분할불가","",20240327,1228113217
"분할주의",200411207,"아메졸캡슐(오메프라졸)",2004August23rd,"장용성캡슐제, 펠렛","(주)테라젠이텍스","흰색 내지 회백색의 장용성 과립이 충진된 상부 적갈색, 하부 분홍색의 경질캡슐",02320,"소화성궤양용제","전문의약품","단일","[M083697]오메프라졸장용성과립","분할불가","",20240509,1348545665
"분할주의",200500041,"네오로신캡슐(탐스로신염산염)",2005October18th,"서방성캡슐제, 펠렛","신풍제약(주)","흰색～연한 노란색의 펠렛을 함유한 상부 살구색, 하부 흰색의 캡슐제",02590,"기타의 비뇨생식기관 및 항문용약","전문의약품","단일","[M243979]탐스로신염산염","분할불가","",20241029,1348103819
"분할주의",200500225,"카비엑스엘서방정(독사조신메실산염)",2005July26th,"서방성필름코팅정","이연제약(주)","백색의 필름코팅정제",02140,"혈압강하제","전문의약품","단일","[M252421]독사조신메실산염","분할불가","",20110715,3018505394
"분할주의",200500255,"치옥티아에이취알정600밀리그램(티옥트산)",2005October20th,"서방성필름코팅정","동아에스티(주)","이 약은 황녹색의 양쪽이 볼록한 장방형 필름코팅정이다.",03990,"따로 분류되지 않는 대사성 의약품","전문의약품","단일","[M250701]티옥트산","분할불가","",20200131,2048640122
"분할주의",200500286,"모노맥스서방정50밀리그람(이소소르비드5모노니트레이트)(수출용)",2005October31st,"서방정","(주)유유제약","미황색의 원형 정제",02170,"혈관확장제","전문의약품","단일","[M098218]이소소르비드5모노니트레이트몬탄글리콜왁스혼합물40%","분할불가","",20080314,1238101790
"분할주의",200500377,"대한란소프라졸정(수출용)",2005May11th,"장용성필름코팅정","대한약품공업(주)","적갈색의 원형 장용코팅정",02320,"소화성궤양용제","전문의약품","단일","[M085578]란소프라졸","분할불가","",20240327,1348500111
"분할주의",200500396,"란스터캡슐15밀리그람(란소프라졸)",2005November16th,"장용성캡슐제, 펠렛","국제약품(주)","흰색-엷은 갈색의 과립을 충전한 상하 흰색의 경질캡슐제",02320,"소화성궤양용제","전문의약품","단일","[M091244]란소프라졸과립","분할불가","",20240913,2078100309
"분할주의",200500587,"베넥사엑스알서방캡슐75밀리그램(벤라팍신염산염)",2005October31st,"서방성캡슐제, 펠렛","한림제약(주)","백색-회백색의 구상 과립이 들어있는 상 하의 복숭아색의 캡슐",01170,"정신신경용제","전문의약품","단일","[M241528]벤라팍신염산염","분할불가","",20240219,1358102638
"분할주의",200500665,"판테졸정(판토프라졸나트륨세스키히드레이트)",2005November21st,"장용성필름코팅정","대우제약(주)","황색의 장용성 제피를 한 타원형 정제",02320,"소화성궤양용제","전문의약품","단일","[M089465]판토프라졸나트륨세스키히드레이트","분할불가","",20230724,6038109769
"분할주의",200500823,"오페나딘서방정50밀리그램(오르페나드린시트르산염)",2005June28th,"서방정","알리코제약(주)","백색 내지 미백색의 서방성 원형정제",01220,"골격근이완제","전문의약품","단일","[M266971]오르페나드린시트르산염","분할불가","",20220804,1348115033
"분할주의",200500824,"치옥트에이치알정(티옥트산)",2005August24th,"서방성필름코팅정","알리코제약(주)","녹색의 장방형 필름코팅정",03990,"따로 분류되지 않는 대사성 의약품","전문의약품","단일","[M250701]티옥트산","분할불가","",20230118,1348115033
"분할주의",200500959,"에이프로젠펠로디핀정(펠로디핀)",2005May19th,"서방성필름코팅정","(주)에이프로젠바이오로직스","분홍색의 원형 필림코팅정",02140,"혈압강하제","전문의약품","단일","[M084735]펠로디핀","분할불가","",20200622,2188100518
"분할주의",200501241,"환인아캄프로세이트정(아캄프로세이트칼슘)",2005December13th,"장용성필름코팅정","환인제약(주)","백색 원형의 장용성 필름코팅정제",01190,"기타의 중추신경용약","전문의약품","단일","[M102626]아캄프로세이트칼슘","분할불가","",20120128,2158136171
"분할주의",200501497,"벨라제정(브로멜라인)",2005May31st,"장용성필름코팅정","한국유니온제약(주)","흰색 ∼ 연한 흰색의 타원형 장용성 필름코팅정",03950,"효소제제","일반의약품","단일","[M095415]브로멜라인","분할불가","",20211015,6078121765
"분할주의",200501511,"벨라제정45mg(브로멜라인)",2005August3rd,"장용성필름코팅정","한국유니온제약(주)","연한 분홍색의 타원형 장용성 필름코팅정",03950,"효소제제","일반의약품","단일","[M095415]브로멜라인","분할불가","",20240528,6078121765
"분할주의",200501541,"아트레톨씨알정(카르바마제핀)",2005September13th,"서방성필름코팅정","(주)한국파마","이 약은 베이지-오렌지색의 분할가능한 캡슐모양의 제피정이다",01130,"항전간제","전문의약품","단일","[M040569]카르바마제핀","분할불가","",20250818,1248115899
"분할주의",200501635,"디트로딘에스알캡슐4밀리그램(톨터로딘-L-타르타르산염)",2005July26th,"서방성캡슐제, 펠렛","한국유나이티드제약(주)","유백색의 과립이 든 상하부 청색의 캡슐",02590,"기타의 비뇨생식기관 및 항문용약","전문의약품","단일","[M256407]톨터로딘-L-타르타르산염","분할불가","",20191018,3078105244
"분할주의",200501864,"테리락스엑스엘서방정(오르페나드린시트르산염)",2005June28th,"서방성필름코팅정","대화제약(주)","백색 내지 미백색의 서방성 원형정제",01220,"골격근이완제","전문의약품","단일","[M266971]오르페나드린시트르산염","분할불가","",20220725,1338122322
"분할주의",200501947,"하이퍼지속정5밀리그램(펠로디핀)",2005May19th,"서방성필름코팅정","영일제약(주)","흰색의 원형 제피정",02140,"혈압강하제","전문의약품","단일","[M084735]펠로디핀","분할불가","",20240904,3018106847
"분할주의",200501979,"카르딜엑스엘서방정4밀리그램(독사조신메실산염)",2005July26th,"서방성필름코팅정","경동제약(주)","양면이 볼록한 원형의 백색 필름코팅정제",02140,"혈압강하제","전문의약품","단일","[M252421]독사조신메실산염","분할불가","",20161214,1248135518
"분할주의",200501997,"펠로핀지속정(펠로디핀)",2005January4th,"서방성필름코팅정","한국넬슨제약(주)","연분홍색의 원형필름코팅정",02140,"혈압강하제","전문의약품","단일","[M084735]펠로디핀","분할불가","",20200622,3038111410
"분할주의",200502066,"안티라제정(수출명: Strikase)",2005August26th,"장용성필름코팅정","(주)한국비엠아이","연녹색의 원형 장용성 필름코팅정",03950,"효소제제","일반의약품","복합","[M051649]결정트립신/[M095415]브로멜라인","분할불가","",20210915,1248636434
"분할주의",200502139,"브로자임정(브로멜라인)",2005June10th,"장용성필름코팅정","미래바이오제약(주)","분홍색의 원형 장용필름코팅정제",03950,"효소제제","일반의약품","단일","[M095415]브로멜라인","분할불가","",20240425,1258139744
"분할주의",200502201,"메가폴민서방정500밀리그램(메트포르민염산염)",2005December14th,"서방정","한미약품(주)","흰색 내지 연한노란색의 장방형 정제",03960,"당뇨병용제","전문의약품","단일","[M223014]메트포르민염산염","분할불가","",20230721,1248700613
"분할주의",200502216,"독사존엑스엘서방정4밀리그램(독사조신메실산염)",2005March25th,"서방성필름코팅정","한미약품(주)","양면이 볼록한 흰색의 원형 필름코팅정",02140,"혈압강하제","전문의약품","단일","[M252421]독사조신메실산염","분할불가","",20201030,1248700613
"분할주의",200502265,"레소프라캡슐(란소프라졸과립)(수출용)",2005January27th,"경질캡슐제, 장용성과립제","(주)바스칸바이오제약","백색-엷은 갈색의 과립을 충전한 상하 백색의 경질캡슐제",02320,"소화성궤양용제","전문의약품","단일","[M091244]란소프라졸과립","분할불가","",20240327,1258116421
"분할주의",200502319,"니페딕스지속정(니페디핀)",2005May11th,"서방성필름코팅정","광동제약(주)","분홍색의 원형 제피정",02170,"혈관확장제","전문의약품","단일","[M050164]니페디핀","분할불가","",20230809,1138108888
"분할주의",200502474,"브로다제장용정(브로멜라인)",2005January31st,"장용성필름코팅정","영풍제약(주)","분홍색의 원형 장용성 필름코팅정",03950,"효소제제","일반의약품","단일","[M095415]브로멜라인","분할불가","",20241217,1398102509
"분할주의",200502598,"판토케이정40밀리그램(판토프라졸나트륨세스키히드레이트)",2005November22nd,"장용성필름코팅정","주식회사제뉴원사이언스","밝은 노란색의 양면이 볼록한 타원형 장용정필름코팅정제",02320,"소화성궤양용제","전문의약품","단일","[M089465]판토프라졸나트륨세스키히드레이트","분할불가","",20230724,6218542600
"분할주의",200502663,"부로멜라장용정(브로멜라인)",2005July29th,"장용성필름코팅정","명문제약(주)","분홍색의 원형 장용성 필름코팅정",03950,"효소제제","일반의약품","단일","[M095415]브로멜라인","분할불가","",20200130,1248135615
"분할주의",200502713,"비프로-텐캡슐(수출용)",2005March21st,"장용성캡슐제, 펠렛","(주)유영제약","연백색 내지 담갈색의 장용성 입자를 포함하는 상하 연녹색 캡슐제",03950,"효소제제","일반의약품","복합","[M051800]프로자임/[M040678]판크레아틴","분할불가","","",3018109728
"분할주의",200502721,"라노프라정(란소프라졸)(수출용)",2005May30th,"장용성필름코팅정","(주)유영제약","적갈색의 원형 장용코팅정",02320,"소화성궤양용제","전문의약품","단일","[M085578]란소프라졸","분할불가","",20240327,3018109728
"분할주의",200502773,"메트그린에스알정500밀리그람(메트포르민염산염)",2005November11th,"서방성필름코팅정","(주)녹십자","흰색 또는 연한 노란색의 양쪽이 볼록한 장방형의 필름코팅정",03960,"당뇨병용제","전문의약품","단일","[M244179]메트포르민염산염","분할불가","",20241202,3038117108
"분할주의",200502900,"펩타졸정40밀리그램(판토프라졸나트륨세스키히드레이트)",2005May4th,"장용성필름코팅정","한림제약(주)","황색의 장용성 제피를 한 타원형 정제",02320,"소화성궤양용제","전문의약품","단일","[M089465]판토프라졸나트륨세스키히드레이트","분할불가","",20230724,1358102638
"분할주의",200503334,"가스트릭캡슐(록사티딘아세테이트염산염)",2005July5th,"서방성캡슐제, 펠렛","대화제약(주)","흰색의 과립이 들어있는 상부, 하부 흰색의 경질캡슐제",02320,"소화성궤양용제","전문의약품","단일","[M241476]록사티딘아세테이트염산염","분할불가","",20231114,1338122322
"분할주의",200503731,"펠로덴지속정(펠로디핀)",2005May19th,"서방성필름코팅정","(주)킵스바이오파마","분홍색의 원형필름코팅정제",02140,"혈압강하제","전문의약품","단일","[M084735]펠로디핀","분할불가","",20200622,2098126571
"분할주의",200503785,"일양바이오란소프라졸캡슐(수출용)",2005December30th,"장용성캡슐제, 펠렛","일양바이오팜(주)","백색-엷은 갈색의 과립을 충전한 상하 백색의 경질 캡슐제",02320,"소화성궤양용제","전문의약품","단일","[M091244]란소프라졸과립","분할불가","",20240327,3048122322
"분할주의",200511029,"글루코파지엑스알서방정500mg(메트포르민염산염)",2005July15th,"서방정","머크(주)","흰색 내지 미색의 양면이 볼록한 원형 서방성 정제",03960,"당뇨병용제","전문의약품","단일","[M244179]메트포르민염산염","분할불가","",20260616,2208109507
"분할주의",200511051,"데파코트서방정250밀리그램(디발프로엑스나트륨)",2005June15th,"서방성필름코팅정","한국애보트(유)","백색 내지 미백색의 타원형 서방정 정제",01130,"항전간제","전문의약품","단일","[M082087]디발프로엑스나트륨","분할불가","",20260305,1208154740
"분할주의",200511325,"노자임캡슐(판크레아틴장용성제피정)",2005August24th,"장용성캡슐제, 정제","(주)한국팜비오","독특한 향의 회백색 장용성 제피정을 함유하는 상부 불투명 갈색, 하부 투명한 무색의 경질캡슐",02330,"건위소화제","일반의약품","단일","[M102500]판크레아틴장용성제피정","분할불가","",20210911,1258145722
"분할주의",200511904,"다이아벡스엑스알서방정500밀리그램(메트포르민염산염)",2005September30th,"서방정","(주)대웅제약","흰색 내지 미색의 양면이 볼록한 원형 서방성 정제",03960,"당뇨병용제","전문의약품","단일","[M223014]메트포르민염산염","분할불가","",20260123,1248601143
"분할주의",200512235,"치옥탄에이치알정(티옥트산)",2005August24th,"서방성필름코팅정","이연제약(주)","녹색의 장방형 필름코팅정",03990,"따로 분류되지 않는 대사성 의약품","전문의약품","단일","[M250701]티옥트산","분할불가","",20200707,3018505394
"분할주의",200512238,"판테온정20밀리그램(판토프라졸나트륨세스키히드레이트)",2005December29th,"장용성필름코팅정","알보젠코리아(주)","황색의 장용성 제피를 한 타원형 정제",02320,"소화성궤양용제","전문의약품","단일","[M089465]판토프라졸나트륨세스키히드레이트","분할불가","",20230724,2158121950
"분할주의",200512241,"리포에이에이취알정600밀리그람(티옥트산)",2005November28th,"서방성필름코팅정","(주)다림바이오텍","녹색의 장방형 필름코팅정",03990,"따로 분류되지 않는 대사성 의약품","전문의약품","단일","[M250701]티옥트산","분할불가","",20200804,1248177594
"분할주의",200512327,"탐스타캡슐(탐스로신염산염)",2005October10th,"서방성캡슐제, 펠렛","(주)한국팜비오","백색-미황색의 펠렛을 함유한 상의 살구색, 하의 백색의 캡슐제",02590,"기타의 비뇨생식기관 및 항문용약","전문의약품","단일","[M241531]탐스로신염산염","분할불가","",20241029,1258145722
"분할주의",200600860,"유로시트라케이10mEq서방정(시트르산칼륨수화물)",2006April7th,"서방정","(주)한국팜비오","미백색의 볼록한 장방형 정제",02590,"기타의 비뇨생식기관 및 항문용약","전문의약품","단일","[M247036]시트르산칼륨수화물/[M247036]시트르산칼륨수화물","분할 불가","",20220826,1258145722
"분할주의",200604244,"디아패시드정600mg(티옥트산)",2006May30th,"서방성필름코팅정","삼천당제약(주)","녹색의 장방형 필름코팅정",03990,"따로 분류되지 않는 대사성 의약품","전문의약품","단일","[M250701]티옥트산","분할불가","",20230504,1248104295
"분할주의",200604308,"탐스로날서방정0.2밀리그람(탐스로신염산염)",2006May23rd,"서방성필름코팅정","구주제약(주)","흰색의 원형 필름코팅정제",02590,"기타의 비뇨생식기관 및 항문용약","전문의약품","단일","[M241531]탐스로신염산염","분할불가","",20241029,1248136268
"분할주의",200604320,"다이시드에이치알정600밀리그램(티옥트산)",2006May26th,"서방성필름코팅정","현대약품(주)","녹색의 장방형 필름코팅정",03990,"따로 분류되지 않는 대사성 의약품","전문의약품","단일","[M250701]티옥트산","분할불가","",20231212,1308100988
"분할주의",200605396,"탐스로신서방정0.2밀리그램(탐스로신염산염)",2006June13th,"서방성필름코팅정","(주)에이프로젠바이오로직스","흰색 원형 필름코팅정제",02590,"기타의 비뇨생식기관 및 항문용약","전문의약품","단일","[M241531]탐스로신염산염","분할불가","",20241029,2188100518
"분할주의",200605397,"삼천당탐스로신서방정0.2밀리그램(탐스로신염산염)",2006June2nd,"서방성필름코팅정","삼천당제약(주)","흰색의 원형 필름코팅정제",02590,"기타의 비뇨생식기관 및 항문용약","전문의약품","단일","[M241531]탐스로신염산염","분할불가","",20241029,1248104295
"분할주의",200605430,"탐스돌서방정(탐스로신염산염)",2006June8th,"서방성필름코팅정","오스틴제약(주)","흰색의 원형 필름코팅정제",02590,"기타의 비뇨생식기관 및 항문용약","전문의약품","단일","[M241531]탐스로신염산염","분할불가","",20241029,1248117301
"분할주의",200605431,"리포에스알정(티옥트산)",2006June13th,"서방성필름코팅정","오스틴제약(주)","황녹색의 양쪽이 볼록한 장방형 필름코팅정",03990,"따로 분류되지 않는 대사성 의약품","전문의약품","단일","[M250701]티옥트산","분할불가","",20240322,1248117301
"분할주의",200605482,"펩타졸정20밀리그램(판토프라졸나트륨세스키히드레이트)",2006June2nd,"장용성필름코팅정","한림제약(주)","황색의 장용성 제피를 한 타원형 정제",02320,"소화성궤양용제","전문의약품","단일","[M089465]판토프라졸나트륨세스키히드레이트","분할불가","",20230724,1358102638
"분할주의",200605515,"아데신정(삼인산아데노신이나트륨)(수출용)",2006June12th,"장용성필름코팅정","대한뉴팜(주)","백색 내지 유백색의 장용성 필름 코팅정제",03990,"따로 분류되지 않는 대사성 의약품","일반의약품","단일","[M100082]삼인산아데노신이나트륨","분할불가","","",2298110729
"분할주의",200606210,"하루날디정0.2밀리그램(탐스로신염산염)",2006March8th,"서방성필름코팅정","한국아스텔라스제약(주)","이 약은 흰색의 원형정제이다",02590,"기타의 비뇨생식기관 및 항문용약","전문의약품","단일","[M243979]탐스로신염산염","분할불가","",20240528,1208141338
"분할주의",200607667,"네오베트정20mg(라베프라졸나트륨)",2006November15th,"장용성필름코팅정","이연제약(주)","연한 노랑색의 원형 장용성 필름코팅정제",02320,"소화성궤양용제","전문의약품","단일","[M089852]라베프라졸나트륨","분할불가","",20230603,3018505394
"분할주의",200607691,"글라비스서방정500밀리그람(메트포르민염산염)",2006August23rd,"서방정","국제약품(주)","백색~미황색의 장방형 정제",03960,"당뇨병용제","전문의약품","단일","[M223014]메트포르민염산염","분할불가","",20230721,2078100309
"분할주의",200607735,"콘택골드캡슐",2006July28th,"경질캡슐제, 산제","(주)유한양행","흰색, 적색 및 노란색의 구형과립이 충진된 상부 적색투명, 하부 무색투명의 경질캡슐",01410,"항히스타민제","일반의약품","복합","[M223211]클로르페니라민말레산염/[M086528]벨라돈나총알칼로이드/[M222724]페닐레프린염산염","분할불가","",20250807,1188100601
"분할주의",200607743,"글리렙서방정 (메트포르민염산염)",2006August23rd,"서방정","(주)바이넥스","흰색 ~ 미황색의 장방형 정제",03960,"당뇨병용제","전문의약품","단일","[M223014]메트포르민염산염","분할불가","",20230721,6038107005
"분할주의",200607770,"다이아빅서방정(메트포르민염산염)",2006September4th,"서방정","삼아제약(주)","흰색의 장방형 정제",03960,"당뇨병용제","전문의약품","단일","[M223014]메트포르민염산염","분할불가","",20230721,1388105823
"분할주의",200607847,"휴온스메트포르민서방정(메트포르민염산염)",2006August23rd,"서방정","(주)휴온스","백색~미황색의 장방형 정제",03960,"당뇨병용제","전문의약품","단일","[M223014]메트포르민염산염","분할불가","",20230721,8638700270
"분할주의",200608189,"메트포민서방정(메트포르민염산염)",2006September4th,"서방정","위더스제약(주)","흰색의 장방형정제",03960,"당뇨병용제","전문의약품","단일","[M244179]메트포르민염산염","분할불가","",20250623,1258522182
"분할주의",200608248,"유로큐서방정4밀리그램(톨터로딘-L-타르타르산염)",2006June14th,"서방성필름코팅정","현대약품(주)","흰색원형의 필름코팅정",02590,"기타의 비뇨생식기관 및 항문용약","전문의약품","단일","[M256407]톨터로딘-L-타르타르산염","분할불가","",20191126,1308100988
"분할주의",200608262,"케이엠에스란소프라졸정(란소프라졸)(수출용)",2006October20th,"장용성필름코팅정","케이엠에스제약(주)","적갈색의 원형 장용코팅정",02320,"소화성궤양용제","전문의약품","단일","[M085578]란소프라졸","분할불가","",20240327,1248150810
"분할주의",200608278,"디마폴민서방정(메트포르민염산염)",2006August23rd,"서방정","알보젠코리아(주)","흰색의 양면이 볼록한 장방형 서방정",03960,"당뇨병용제","전문의약품","단일","[M244179]메트포르민염산염","분할불가","",20230721,2158121950
"분할주의",200608297,"브로제정(수출명:Brolasin Tab.)(수출용)",2006July24th,"장용성필름코팅정","삼익제약(주)","연녹색의 원형 장용성 필름코팅정제",03950,"효소제제","일반의약품","복합","[M095415]브로멜라인/[M051649]결정트립신/[M051649]결정트립신/[M095415]브로멜라인/[M051649]결정트립신/[M095415]브로멜라인","분할불가","",20200402,1228113217
"분할주의",200610952,"베라졸정(라베프라졸나트륨)",2006November29th,"장용성필름코팅정","신풍제약(주)","담황색의 원형 장용필름코팅정",02320,"소화성궤양용제","전문의약품","단일","[M089852]라베프라졸나트륨","분할불가","",20230603,1348103819
"분할주의",200610958,"라베드정(라베프라졸나트륨)",2006November29th,"장용성필름코팅정","동국제약(주)","담황색의 원형 장용필름코팅정",02320,"소화성궤양용제","전문의약품","단일","[M089852]라베프라졸나트륨","분할불가","",20230608,3018508241
"분할주의",200610960,"뉴라벨정20밀리그램(라베프라졸나트륨)",2006November28th,"장용성필름코팅정","(주)종근당","담황색의 원형 장용필름코팅정",02320,"소화성궤양용제","전문의약품","단일","[M089852]라베프라졸나트륨","분할불가","",20230603,3128560679
"분할주의",200610961,"라베스타정10mg(라베프라졸나트륨)",2006November29th,"장용성필름코팅정","동광제약(주)","담황색의 원형 장용필름코팅정",02320,"소화성궤양용제","전문의약품","단일","[M089852]라베프라졸나트륨","분할불가","",20230603,2018644250
"분할주의",200610962,"다이아민엑스알서방정(메트포르민염산염)",2006December14th,"서방정","동광제약(주)","흰색의 양면이 볼록한 장방형 서방정",03960,"당뇨병용제","전문의약품","단일","[M244179]메트포르민염산염","분할불가","",20230721,2018644250
"분할주의",200610978,"바이클러서방정375밀리그램(세파클러수화물)",2006November30th,"서방정","동국제약(주)","청색의 장방형 서방정제",06180,"주로 그람양성, 음성균에 작용하는 것","전문의약품","단일","[M222859]세파클러수화물","분할불가","",20200831,3018508241
"분할주의",200610979,"라베넥스정10밀리그램(라베프라졸나트륨)",2006November20th,"장용성필름코팅정","(주)바이넥스","연한 노란분홍색의 원형 장용 필름코팅정",02320,"소화성궤양용제","전문의약품","단일","[M089852]라베프라졸나트륨","분할불가","",20230603,6038107005
"분할주의",200610980,"라베넥스정20밀리그램(라베프라졸나트륨)",2006November20th,"장용성필름코팅정","(주)바이넥스","담황색의 원형 장용 필름코팅정",02320,"소화성궤양용제","전문의약품","단일","[M089852]라베프라졸나트륨","분할불가","",20230603,6038107005
"분할주의",200610986,"하루신서방정0.2밀리그람(탐스로신염산염)",2006December12th,"서방성필름코팅정","아주약품(주)","흰색의 원형 필름코팅정제",02590,"기타의 비뇨생식기관 및 항문용약","전문의약품","단일","[M243979]탐스로신염산염","분할불가","",20241029,8028803696
"분할주의",200610993,"파리아졸정10밀리그램(라베프라졸나트륨)",2006November29th,"장용성필름코팅정","삼아제약(주)","담황색의 원형 장용필름코팅정",02320,"소화성궤양용제","전문의약품","단일","[M089852]라베프라졸나트륨","분할불가","",20230603,1388105823
"분할주의",200611006,"라베톤정10밀리그람(라베프라졸나트륨)",2006November20th,"장용성필름코팅정","안국약품(주)","담황색의 원형 장용 필름코팅정",02320,"소화성궤양용제","전문의약품","단일","[M089852]라베프라졸나트륨","분할불가","",20240718,1188104188
"분할주의",200611007,"라베톤정20밀리그람(라베프라졸나트륨)",2006November20th,"장용성필름코팅정","안국약품(주)","담황색의 원형 장용 필름코팅정",02320,"소화성궤양용제","전문의약품","단일","[M089852]라베프라졸나트륨","분할불가","",20250103,1188104188
"분할주의",200611010,"벤프라정(라베프라졸나트륨)",2006November29th,"장용성필름코팅정","(주)제뉴파마","담황색의 원형 장용필름코팅정",02320,"소화성궤양용제","전문의약품","단일","[M089852]라베프라졸나트륨","분할불가","",20230603,7338802047
"분할주의",200611016,"파비졸정10밀리그램(라베프라졸나트륨)",2006November20th,"장용성필름코팅정","영일제약(주)","담황색의 원형 장용 필름코팅정",02320,"소화성궤양용제","전문의약품","단일","[M089852]라베프라졸나트륨","분할불가","",20230603,3018106847
"분할주의",200611017,"파비졸정20밀리그램(라베프라졸나트륨)",2006November20th,"장용성필름코팅정","영일제약(주)","담황색의 원형 장용 필름코팅정",02320,"소화성궤양용제","전문의약품","단일","[M089852]라베프라졸나트륨","분할불가","",20230603,3018106847
"분할주의",200611031,"메디카세파클러서방정375밀리그램(세파클러수화물)",2006December4th,"서방정","(주)메디카코리아","청색의 장방형 서방정제",06180,"주로 그람양성, 음성균에 작용하는 것","전문의약품","단일","[M222859]세파클러수화물","분할불가","",20240904,1208165228
"분할주의",200611033,"동구세파클러수화물서방정375mg",2006November28th,"서방정","(주)동구바이오제약","청색의 장방형 서방정제",06180,"주로 그람양성, 음성균에 작용하는 것","전문의약품","단일","[M222859]세파클러수화물","분할불가","",20190905,1248533615
"분할주의",200611048,"파마세파클러서방정375밀리그람(세파클러수화물)",2006December1st,"서방정","(주)한국파마","청색의 장방형 서방정제",06180,"주로 그람양성, 음성균에 작용하는 것","전문의약품","단일","[M222859]세파클러수화물","분할불가","",20210823,1248115899
"분할주의",200611052,"파리벤정10mg(라베프라졸나트륨)",2006November20th,"장용성필름코팅정","대원제약(주)","담황색의 원형 장용 필름코팅정",02320,"소화성궤양용제","전문의약품","단일","[M089852]라베프라졸나트륨","분할불가","",20230603,2078136336
"분할주의",200611053,"파리벤정20mg(라베프라졸나트륨)",2006November20th,"장용성필름코팅정","대원제약(주)","담황색의 원형 장용 필름코팅정",02320,"소화성궤양용제","전문의약품","단일","[M089852]라베프라졸나트륨","분할불가","",20230603,2078136336
"분할주의",200611090,"라베트정10mg(라베프라졸나트륨)",2006November20th,"장용성필름코팅정","(주)파마킹","담황색의 원형 장용 필름코팅정",02320,"소화성궤양용제","전문의약품","단일","[M089852]라베프라졸나트륨","분할불가","",20230603,1298107322
"분할주의",200611091,"라베트정20mg(라베프라졸나트륨)",2006November20th,"장용성필름코팅정","(주)파마킹","담황색의 원형 장용 필름코팅정",02320,"소화성궤양용제","전문의약품","단일","[M089852]라베프라졸나트륨","분할불가","",20230603,1298107322
"분할주의",200611092,"글로세파클러서방정375밀리그램(세파클러수화물)",2006December4th,"서방정","(주)킵스바이오파마","청색의 장방형 서방정제",06180,"주로 그람양성, 음성균에 작용하는 것","전문의약품","단일","[M222859]세파클러수화물","분할불가","",20190906,2098126571
"분할주의",200611118,"란스탑캡슐15밀리그램(란소프라졸과립)",2006November28th,"경질캡슐제, 장용성과립제","(주)한국피엠지제약","흰색~엷은 갈색의 과립이 든 상, 하부 흰색의 경질캡슐",02320,"소화성궤양용제","전문의약품","단일","[M091244]란소프라졸과립","분할불가","",20240913,1348627965
"분할주의",200611119,"라베리트정10밀리그램(라베프라졸나트륨)",2006November20th,"장용성필름코팅정","신일제약(주)","담황색의 원형 장용 필름코팅정",02320,"소화성궤양용제","전문의약품","단일","[M089852]라베프라졸나트륨","분할불가","",20230603,3038113742
"분할주의",200611303,"라베린정10mg(라베프라졸나트륨)",2006November20th,"장용성필름코팅정","일양바이오팜(주)","담황색의 원형 장용 필름코팅정",02320,"소화성궤양용제","전문의약품","단일","[M089852]라베프라졸나트륨","분할불가","",20230603,3048122322
"분할주의",200611304,"라베린정20mg(라베프라졸나트륨)",2006November20th,"장용성필름코팅정","일양바이오팜(주)","담황색의 원형 장용 필름코팅정",02320,"소화성궤양용제","전문의약품","단일","[M089852]라베프라졸나트륨","분할불가","",20230603,3048122322
"분할주의",200611324,"피피라졸정10밀리그램(라베프라졸나트륨)",2006November20th,"장용성필름코팅정","케이엠에스제약(주)","담황색의 원형 장용 필름코팅정",02320,"소화성궤양용제","전문의약품","단일","[M089852]라베프라졸나트륨","분할불가","",20230603,1248150810
"분할주의",200611325,"피피라졸정20밀리그램(라베프라졸나트륨)",2006November20th,"장용성필름코팅정","케이엠에스제약(주)","담황색의 원형 장용 필름코팅정",02320,"소화성궤양용제","전문의약품","단일","[M089852]라베프라졸나트륨","분할불가","",20230603,1248150810
"분할주의",200611332,"라베트라정10mg(라베프라졸나트륨)",2006November29th,"장용성필름코팅정","(주)유영제약","담황색의 원형 장용필름코팅정",02320,"소화성궤양용제","전문의약품","단일","[M089852]라베프라졸나트륨/[M089852]라베프라졸나트륨","분할불가","",20230603,3018109728
"분할주의",200611338,"삼익세파클러서방정375밀리그람",2006November28th,"서방정","삼익제약(주)","청색의 장방형 서방정제",06180,"주로 그람양성, 음성균에 작용하는 것","전문의약품","단일","[M222859]세파클러수화물","분할불가","",20191022,1228113217
"분할주의",200611385,"세클러MR서방정375밀리그램(세파클러수화물)",2006December4th,"서방정","주식회사제뉴원사이언스","이 약은 청색의 장방형 서방정제이다",06180,"주로 그람양성, 음성균에 작용하는 것","전문의약품","단일","[M222859]세파클러수화물","분할불가","",20200213,6218542600
"분할주의",200611386,"라베나정20밀리그램(라베프라졸나트륨)",2006November20th,"장용성필름코팅정","(주)휴메딕스","담황색의 원형 장용 필름코팅정",02320,"소화성궤양용제","전문의약품","단일","[M089852]라베프라졸나트륨/[M089852]라베프라졸나트륨/[M089852]라베프라졸나트륨","분할불가","",20230603,2048176343
"분할주의",200612573,"카두라엑스엘서방정4mg(독사조신메실산염)",2006December20th,"서방성필름코팅정","비아트리스코리아(주)","양면이 볼록한 원형의 흰색 필름코팅정으로 한면에 미세구멍이 있다.",02140,"혈압강하제","전문의약품","단일","[M252421]독사조신메실산염","분할불가","",20170410,3158601434
"분할주의",200612612,"베아로신서방캡슐0.2밀리그램(탐스로신염산염)",2006December21st,"서방성캡슐제, 펠렛","대웅바이오(주)","미황색의 과립이 든 상의 엷은주황, 하의 백색의 캡슐",02590,"기타의 비뇨생식기관 및 항문용약","전문의약품","단일","[M243979]탐스로신염산염","분할불가","",20241029,1248677584
"분할주의",200700635,"스틸녹스CR정6.25밀리그램(졸피뎀타르타르산염)",2007January17th,"서방성필름코팅정","(주)한독","양면이 볼록하고 한 면에 ZMR이 새겨진 분홍색의 원형 필름코팅 서방정",01120,"최면진정제","전문의약품","단일","[M239566]졸피뎀타르타르산염/[M239566]졸피뎀타르타르산염","분할불가","","",2208100530
"분할주의",200700636,"스틸녹스CR정12.5밀리그램(졸피뎀타르타르산염)",2007January17th,"서방성필름코팅정","(주)한독","양면이 볼록하고 한 면에 ZMR이 새겨진 파란색의 원형필름코팅 서방정",01120,"최면진정제","전문의약품","단일","[M239566]졸피뎀타르타르산염/[M239566]졸피뎀타르타르산염","분할불가","","",2208100530
"분할주의",200701033,"데파킨크로노정500밀리그램",2007January24th,"서방성필름코팅정","(주)한독","흰색의 가운데 금이 있는 타원형의 필름코팅된 서방정",01130,"항전간제","전문의약품","복합","[M070676]발프로산나트륨/[M083547]발프로산","분할 불가","",20260529,2208100530
"분할주의",200701403,"글루코프리서방정500밀리그램(메트포르민염산염)",2005December14th,"서방정","한올바이오파마(주)","흰색의 장방형 서방정",03960,"당뇨병용제","전문의약품","단일","[M223014]메트포르민염산염","분할불가","",20230721,3068105479
"분할주의",200701412,"프라탐서방정0.2mg(탐스로신염산염)",2007February1st,"서방성필름코팅정","(주)팜젠사이언스","흰색의 원형 필름코팅정제",02590,"기타의 비뇨생식기관 및 항문용약","전문의약품","단일","[M241531]탐스로신염산염","분할불가","",20241029,1248136540
"분할주의",200701491,"라베칸정20밀리그램(라베프라졸나트륨)",2007February2nd,"장용성필름코팅정","제이더블유중외제약(주)","연한 노란색의 원형 장용성 필름코팅정제",02320,"소화성궤양용제","전문의약품","단일","[M089852]라베프라졸나트륨","분할불가","",20230603,1188102477
"분할주의",200701739,"판테졸정20밀리그람(판토프라졸나트륨세스키히드레이트)",2007February8th,"장용성필름코팅정","대우제약(주)","황색의 장용성 제피를 한 타원형 정제",02320,"소화성궤양용제","전문의약품","단일","[M089465]판토프라졸나트륨세스키히드레이트","분할불가","",20230724,6038109769
"분할주의",200701823,"파마벤라팍신서방캡슐75밀리그램(벤라팍신염산염)",2007February9th,"서방성캡슐제, 펠렛","(주)한국파마","구상의 흰색～회백색의 과립이 들어 있는 상, 하 연한 분홍색의 캡슐제",01170,"정신신경용제","전문의약품","단일","[M241640]벤라팍신염산염서방성과립","분할불가","",20240219,1248115899
"분할주의",200701826,"벤팍신서방캡슐75밀리그램(벤라팍신염산염)",2007February9th,"서방성캡슐제, 펠렛","영진약품(주)","백색~회백색의 과립이 들어 있는 상, 하 살구색의 캡슐제",01170,"정신신경용제","전문의약품","단일","[M241640]벤라팍신염산염서방성과립","분할불가","",20240219,2188100352
"분할주의",200701830,"베라칸서방캡슐75밀리그램(벤라팍신염산염)",2007February9th,"서방성캡슐제, 펠렛","대웅바이오(주)","백색~회백색의 과립이 들어 있는 상, 하 분홍색의 캡슐제",01170,"정신신경용제","전문의약품","단일","[M241640]벤라팍신염산염서방성과립","분할불가","",20240219,1248677584
"분할주의",200701831,"벤라팩트서방캡슐(벤라팍신염산염)",2007February9th,"서방성캡슐제, 펠렛","삼천당제약(주)","구상의 흰색~회백색의 과립이 들어 있는 상, 하 분홍색의 캡슐제",01170,"정신신경용제","전문의약품","단일","[M241640]벤라팍신염산염서방성과립","분할불가","",20240219,1248104295
"분할주의",200701932,"애니틴서방정(트리메부틴말레산염)",2007February9th,"서방성필름코팅정","안국약품(주)","상층은 연녹색이고, 하층은 흰색내지 유백색인 타원형 필름코팅 이중정이다.",02390,"기타의 소화기관용약","전문의약품","단일","[M252787]트리메부틴말레산염/[M252787]트리메부틴말레산염","분할불가","",20260327,1188104188
"분할주의",200702264,"프리아제정",2007February21st,"장용성필름코팅정","정우신약(주)","장방형의 장용피를 한 연녹색의 필름코팅정",02330,"건위소화제","일반의약품","복합","[M040678]판크레아틴/[M100297]셀룰라제/[M273864]우담즙 건조엑스/[M227778]디메티콘","분할불가","",20250416,1048158517
"분할주의",200702272,"다이미트엑스알서방정(메트포르민염산염)",2007February21st,"서방정","경동제약(주)","흰색의 양면이 볼록한 장방형 서방정",03960,"당뇨병용제","전문의약품","단일","[M223014]메트포르민염산염","분할불가","",20230721,1248135518
"분할주의",200702325,"데시르정(수출용)(수출명 : Decaxy Tab.)",2007February22nd,"장용성필름코팅정","(주)테라젠이텍스","연한 녹색의 원형 장용성 필름코팅정",03950,"효소제제","일반의약품","복합","[M095415]브로멜라인/[M051649]결정트립신","분할불가","","",1348545665
"분할주의",200702504,"이연오메프라졸캡슐",2007February27th,"경질캡슐제, 장용성과립제","이연제약(주)","백색 내지 회백색의 장용성과립이 충진된 상부 적갈색, 하부 분홍색의 경질캡슐",02320,"소화성궤양용제","전문의약품","단일","[M201348]오메프라졸장용과립","분할불가","",20240327,3018505394
"분할주의",200702523,"라베라톤정10밀리그램(라베프라졸나트륨)",2007February28th,"장용성필름코팅정","대화제약(주)","담황색의 원형 장용 필름코팅정제",02320,"소화성궤양용제","전문의약품","단일","[M089852]라베프라졸나트륨","분할불가","",20250827,1338122322
"분할주의",200702532,"에스프라정10mg(라베프라졸나트륨)",2007February28th,"장용성필름코팅정","진양제약(주)","담황색의 원형 장용필름코팅정",02320,"소화성궤양용제","전문의약품","단일","[M089852]라베프라졸나트륨","분할불가","",20230603,2148110673
"분할주의",200702534,"라베피아정10밀리그램(라베프라졸나트륨)",2007February28th,"장용성필름코팅정","에이치엘비제약(주)","담황색의 원형 장용 필름코팅정",02320,"소화성궤양용제","전문의약품","단일","[M089852]라베프라졸나트륨","분할불가","",20230603,2088125623
"분할주의",200702536,"레이프라정10밀리그램(라베프라졸나트륨)",2007February28th,"장용성필름코팅정","위더스제약(주)","담황색의 원형 장용 필름코팅정",02320,"소화성궤양용제","전문의약품","단일","[M089852]라베프라졸나트륨","분할불가","",20230603,1258522182
"분할주의",200702538,"라베스토정10밀리그램(라베프라졸나트륨)",2007February28th,"장용성필름코팅정","(주)휴온스","담황색의 원형 장용 필름코팅정제",02320,"소화성궤양용제","전문의약품","단일","[M089852]라베프라졸나트륨","분할불가","",20230603,8638700270
"분할주의",200702540,"씨엠지라베프라졸정10밀리그램(라베프라졸나트륨)",2007February28th,"장용성필름코팅정","(주)씨엠지제약","담황색의 원형 장용 필름코팅정제",02320,"소화성궤양용제","전문의약품","단일","[M089852]라베프라졸나트륨","분할불가","",20230603,1348171976
"분할주의",200702543,"라베라톤정20밀리그램(라베프라졸나트륨)",2007February28th,"장용성필름코팅정","대화제약(주)","담황색의 원형 장용 필름코팅정제",02320,"소화성궤양용제","전문의약품","단일","[M089852]라베프라졸나트륨","분할불가","",20230603,1338122322
"분할주의",200702545,"라베피아정20밀리그램(라베프라졸나트륨)",2007February28th,"장용성필름코팅정","에이치엘비제약(주)","담황색의 원형 장용 필름코팅정",02320,"소화성궤양용제","전문의약품","단일","[M089852]라베프라졸나트륨","분할불가","",20230603,2088125623
"분할주의",200702549,"라베스토정20밀리그램(라베프라졸나트륨)",2007February28th,"장용성필름코팅정","(주)휴온스","담황색의 원형 장용 필름코팅정제",02320,"소화성궤양용제","전문의약품","단일","[M089852]라베프라졸나트륨","분할불가","",20230603,8638700270
"분할주의",200702551,"씨엠지라베프라졸정20밀리그램(라베프라졸나트륨)",2007February28th,"장용성필름코팅정","(주)씨엠지제약","담황색의 원형 장용 필름코팅정제",02320,"소화성궤양용제","전문의약품","단일","[M089852]라베프라졸나트륨","분할불가","",20230603,1348171976
"분할주의",200702570,"웰부트린엑스엘정300밀리그램(부프로피온염산염)",2007March2nd,"서방성필름코팅정","(주)글락소스미스클라인","흰색 내지 연황색의 원형 서방성 필름코팅정제",01170,"정신신경용제","전문의약품","단일","[M233238]부프로피온염산염","분할불가","",20241106,1068156683
"분할주의",200702571,"웰부트린엑스엘정150밀리그램(부프로피온염산염)",2007March2nd,"서방성필름코팅정","(주)글락소스미스클라인","흰색 내지 연황색의 원형서방성 필름코팅정제",01170,"정신신경용제","전문의약품","단일","[M233238]부프로피온염산염","분할불가","",20241106,1068156683
"분할주의",200702802,"팍세틸씨알정(파록세틴염산염수화물)",2007March7th,"장용성필름코팅정","현대약품(주)","노란색의 원형 장용성 필름코팅정",01170,"정신신경용제","전문의약품","단일","[M222896]파록세틴염산염수화물","분할불가","",20230206,1308100988
"분할주의",200702870,"익스트림정40밀리그램(판토프라졸나트륨세스키히드레이트)",2007March8th,"장용성필름코팅정","신풍제약(주)","황색의 장용성 제피를 한 타원형 정제",02320,"소화성궤양용제","전문의약품","단일","[M089465]판토프라졸나트륨세스키히드레이트","분할불가","",20230724,1348103819
"분할주의",200702917,"란소진정15밀리그램(란소프라졸)(수출용)",2007March8th,"장용성필름코팅정","(주)씨엠지제약","흰색의 원형 장용코팅정",02320,"소화성궤양용제","전문의약품","단일","[M085578]란소프라졸","분할불가","",20240327,1348171976
"분할주의",200702970,"판프라졸정20밀리그램(판토프라졸나트륨세스키히드레이트)",2007March9th,"장용성필름코팅정","영진약품(주)","황색의 장용성 제피를 한 타원형 정제",02320,"소화성궤양용제","전문의약품","단일","[M089465]판토프라졸나트륨세스키히드레이트","분할불가","",20230724,2188100352
"분할주의",200703132,"얼사라정20밀리그램(라베프라졸나트륨)",2007March15th,"장용성필름코팅정","(주)셀트리온제약","연한 노란색의 원형 장용성 필름코팅정제",02320,"소화성궤양용제","전문의약품","단일","[M089852]라베프라졸나트륨","분할불가","",20230603,2148671641
"분할주의",200703171,"라베원정10밀리그램(라베프라졸나트륨)",2007March13th,"장용성필름코팅정","에이치케이이노엔(주)","담황색의 원형 장용 필름코팅정",02320,"소화성궤양용제","전문의약품","단일","[M089852]라베프라졸나트륨","분할불가","",20230603,2018638914
"분할주의",200703173,"라베원정20밀리그램(라베프라졸나트륨)",2007March13th,"장용성필름코팅정","에이치케이이노엔(주)","담황색의 원형 장용 필름코팅정",02320,"소화성궤양용제","전문의약품","단일","[M089852]라베프라졸나트륨","분할불가","",20230603,2018638914
"분할주의",200703180,"벤프라정20밀리그램(라베프라졸나트륨)",2007March16th,"장용성필름코팅정","(주)제뉴파마","담황색의 원형 장용필름코팅정제",02320,"소화성궤양용제","전문의약품","단일","[M089852]라베프라졸나트륨","분할불가","",20240930,7338802047
"분할주의",200703181,"라베스타정20mg(라베프라졸나트륨)",2007March16th,"장용성필름코팅정","동광제약(주)","담황색의 원형 장용필름코팅정",02320,"소화성궤양용제","전문의약품","단일","[M089852]라베프라졸나트륨","분할불가","",20230603,2018644250
"분할주의",200703184,"베라졸정20밀리그램(라베프라졸나트륨)",2007March16th,"장용성필름코팅정","신풍제약(주)","담황색의 원형 장용필름코팅정",02320,"소화성궤양용제","전문의약품","단일","[M089852]라베프라졸나트륨","분할불가","",20230603,1348103819
"분할주의",200703185,"라베트라정20mg(라베프라졸나트륨)",2007March16th,"장용성필름코팅정","(주)유영제약","담황색의 원형 장용필름코팅정",02320,"소화성궤양용제","전문의약품","단일","[M089852]라베프라졸나트륨/[M089852]라베프라졸나트륨","분할불가","",20230603,3018109728
"분할주의",200703453,"라베스틴정10밀리그램(라베프라졸나트륨)",2007March27th,"장용성필름코팅정","(주)하원제약","담황색의 원형 장용필름코팅정",02320,"소화성궤양용제","전문의약품","단일","[M089852]라베프라졸나트륨","분할불가","",20230603,1258101840
"분할주의",200703733,"판토스탁정20밀리그램(판토프라졸나트륨세스키히드레이트)",2007April2nd,"장용성필름코팅정","환인제약(주)","황색의 장용성 제피를 한 타원형 정제",02320,"소화성궤양용제","전문의약품","단일","[M089465]판토프라졸나트륨세스키히드레이트","분할불가","",20230724,2158136171
"분할주의",200703806,"메프민서방정500밀리그램(메트포르민염산염)",2007April3rd,"서방정","영일제약(주)","흰색의 양면이 볼록한 장방형 서방정",03960,"당뇨병용제","전문의약품","단일","[M244179]메트포르민염산염","분할불가","",20230721,3018106847
"분할주의",200704319,"네오베트정10밀리그램(라베프라졸나트륨)",2007April12th,"장용성필름코팅정","이연제약(주)","담황색의 원형 장용 필름코팅정",02320,"소화성궤양용제","전문의약품","단일","[M089852]라베프라졸나트륨","분할불가","",20230603,3018505394
"분할주의",200704320,"얼사라정10밀리그램(라베프라졸나트륨)",2007April12th,"장용성필름코팅정","(주)셀트리온제약","연한 노랑색의 원형 장용성필름코팅정제",02320,"소화성궤양용제","전문의약품","단일","[M089852]라베프라졸나트륨","분할불가","",20230603,2148671641
"분할주의",200704322,"라베칸정10밀리그램(라베프라졸나트륨)",2007April12th,"장용성필름코팅정","제이더블유중외제약(주)","연한 노랑색의 원형 장용성 필름코팅정제",02320,"소화성궤양용제","전문의약품","단일","[M089852]라베프라졸나트륨","분할불가","",20230603,1188102477
"분할주의",200704539,"라소놀캡슐(란소프라졸)(수출용)",2007April19th,"경질캡슐제, 장용성과립제","(주)비씨월드제약","백색-엷은 갈색의 과립을 충전한 상하백색의 경질캡슐제",02320,"소화성궤양용제","전문의약품","단일","[M091244]란소프라졸과립","분할불가","",20240327,1398111269
"분할주의",200704994,"토프라졸정40밀리그램(판토프라졸나트륨세스키히드레이트)",2007April30th,"장용성필름코팅정","(주)경보제약","노란색의 장용성 제피를 한 타원형 정제",02320,"소화성궤양용제","전문의약품","단일","[M089465]판토프라졸나트륨세스키히드레이트","분할불가","",20230724,3128104567
"분할주의",200705176,"토프라졸정20밀리그램(판토프라졸나트륨세스키히드레이트)",2007May4th,"장용성필름코팅정","(주)경보제약","노란색의 장용성 제피를 한 타원형 정제",02320,"소화성궤양용제","전문의약품","단일","[M089465]판토프라졸나트륨세스키히드레이트","분할불가","",20230724,3128104567
"분할주의",200705215,"판토시드정20밀리그램(판토프라졸나트륨세스키히드레이트)",2007May7th,"장용성필름코팅정","명문제약(주)","황색의 장용성 제피를 한 타원형 정제",02320,"소화성궤양용제","전문의약품","단일","[M089465]판토프라졸나트륨세스키히드레이트","분할불가","",20230724,1248135615
"분할주의",200707212,"오라섹캡슐(오메프라졸)",2007June22nd,"경질캡슐제, 장용성과립제","(주)서울제약","흰색 내지 연한 갈색의 장용성 과립이 충전된 상부 적갈색, 하부 분홍색의 경질 캡슐제",02320,"소화성궤양용제","전문의약품","단일","[M083697]오메프라졸장용성과립","분할불가","",20240327,1338130405
"분할주의",200707382,"리노에스티나서방캡슐",2007June27th,"서방성캡슐제, 펠렛","알보젠코리아(주)","이 약은 백색 내지 회백색의 구형과립이 들어있는 상하부 적색의 경질캡슐제이다",01410,"항히스타민제","전문의약품","복합","[M203364]슈도에페드린염산염/[M085337]에바스틴","분할불가","",20250730,2158121950
"분할주의",200707383,"코바스텔서방캡슐",2007June27th,"서방성캡슐제, 펠렛","제이더블유신약(주)","흰색 내지 회백색의 구형과립이 들어있는 상하부 적색의 경질캡슐",01410,"항히스타민제","전문의약품","복합","[M203364]슈도에페드린염산염/[M085337]에바스틴","분할불가","",20250730,3128102332
"분할주의",200707384,"슈도스틴서방캡슐",2007June27th,"서방성캡슐제, 펠렛","하나제약(주)","흰색 내지 회백색의 구형과립이 들어있는 상하부 적색의 경질캡슐",01410,"항히스타민제","전문의약품","복합","[M203364]슈도에페드린염산염/[M085337]에바스틴","분할불가","",20250730,1248137632
"분할주의",200707385,"에바페린서방캡슐",2007June27th,"서방성캡슐제, 펠렛","안국약품(주)","백색 내지 회백색의 구형과립이 들어있는 상하부 적색의 경질캡슐",01410,"항히스타민제","전문의약품","복합","[M203364]슈도에페드린염산염/[M085337]에바스틴","분할불가","",20250730,1188104188
"분할주의",200707386,"리노스틴서방캡슐",2007June27th,"서방성캡슐제, 펠렛","신일제약(주)","흰색 내지 밝은회색의 구형과립이 들어있는 상하부 적색의 경질캡슐",01410,"항히스타민제","전문의약품","복합","[M203364]슈도에페드린염산염/[M085337]에바스틴","분할불가","",20250730,3038113742
"분할주의",200707387,"리노스텔서방캡슐",2007June27th,"서방성캡슐제, 펠렛","케이엠에스제약(주)","백색 내지 회백색의 구형과 립이 들어있는 상하부 적색의 경질캡슐",01410,"항히스타민제","전문의약품","복합","[M203364]슈도에페드린염산염/[M085337]에바스틴","분할불가","",20250730,1248150810
"분할주의",200707388,"리노드린서방캡슐",2007June27th,"서방성캡슐제, 펠렛","진양제약(주)","백색 내지 회백색의 구형과립이 들어있는 상하부 적색의 경질캡슐",01410,"항히스타민제","전문의약품","복합","[M203364]슈도에페드린염산염/[M085337]에바스틴","분할불가","",20250730,2148110673
"분할주의",200707389,"에바드린서방캡슐",2007June27th,"서방성캡슐제, 펠렛","신풍제약(주)","흰색 내지 회백색의 구형과립이 들어있는 상하부 빨간색의 경질캡슐",01410,"항히스타민제","전문의약품","복합","[M203364]슈도에페드린염산염/[M085337]에바스틴","분할불가","",20250730,1348103819
"분할주의",200707390,"리노에바티스서방캡슐",2007June27th,"서방성캡슐제, 펠렛","(주)메디카코리아","흰색 내지 회백색의 구형과립이 들어있는 상하부 적색의 경질캡슐",01410,"항히스타민제","전문의약품","복합","[M203364]슈도에페드린염산염/[M085337]에바스틴","분할불가","",20250730,1208165228
"분할주의",200707391,"슈도에바스트서방캡슐",2007June27th,"서방성캡슐제, 펠렛","삼천당제약(주)","백색 내지 회백색의 구형과립이 들어있는 상하부 적색의 경질캡슐",01410,"항히스타민제","전문의약품","복합","[M203364]슈도에페드린염산염/[M085337]에바스틴","분할불가","",20250730,1248104295
"분할주의",200707393,"에바코서방캡슐",2007June27th,"서방성캡슐제, 펠렛","풍림무약(주)","백색 내지 회백색의 구형과립이 들어있는 상하부 적색의 경질캡슐",01410,"항히스타민제","전문의약품","복합","[M203364]슈도에페드린염산염/[M085337]에바스틴","분할불가","",20250730,1248509319
"분할주의",200708356,"대웅라베프라졸정20밀리그램(라베프라졸나트륨)",2007July20th,"장용성필름코팅정","대웅바이오(주)","연한 노란색의 원형 장용성 필름코팅정제",02320,"소화성궤양용제","전문의약품","단일","[M089852]라베프라졸나트륨","분할불가","",20230603,1248677584
"분할주의",200708357,"대웅라베프라졸정10밀리그램(라베프라졸나트륨)",2007July20th,"장용성필름코팅정","대웅바이오(주)","연한 노란색의 원형 장용성 필름코팅정제",02320,"소화성궤양용제","전문의약품","단일","[M089852]라베프라졸나트륨","분할불가","",20230603,1248677584
"분할주의",200708376,"라비에트정20밀리그램(라베프라졸나트륨)",2007July20th,"장용성필름코팅정","일동제약(주)","담황색의 원형 장용 필름코팅정",02320,"소화성궤양용제","전문의약품","단일","[M089852]라베프라졸나트륨","분할불가","",20230603,6828500435
"분할주의",200708585,"잘트린엑스엘정(알푸조신염산염)",2007July25th,"필름코팅정","안국약품(주)","이 약은 2개의 황색층 사이에 1개의 흰색층이 삽입되어 있는 총 3층으로 이루어진 양쪽이 볼록한 원형 필름코팅 정제이다.",02590,"기타의 비뇨생식기관 및 항문용약","전문의약품","단일","[M222874]알푸조신염산염/[M222874]알푸조신염산염/[M222874]알푸조신염산염","분할불가","",20250414,1188104188
"분할주의",200708838,"심발타캡슐30밀리그램(둘록세틴염산염)",2007July30th,"장용성캡슐제, 펠렛","한국릴리(유)","흰색 장용성 구형과립이 들어있는 상부 청색, 하부 흰색의 경질 캡슐제",01170,"정신신경용제","전문의약품","단일","[M258603]둘록세틴염산염","분할불가","",20211229,1208114414
"분할주의",200708839,"심발타캡슐60밀리그램(둘록세틴염산염)",2007July30th,"장용성캡슐제, 펠렛","한국릴리(유)","흰색 장용성 구형과립이 들어있는 상부 청색, 하부 노란 연두색의 경질 캡슐제",01170,"정신신경용제","전문의약품","단일","[M258603]둘록세틴염산염","분할불가","",20211229,1208114414
"분할주의",200709628,"오세라티정(세라티오펩티다제)(수출용)",2007August20th,"장용성필름코팅정","(주)동구바이오제약","주황색의 장용성 원형 필름코팅정",03950,"효소제제","일반의약품","단일","[M099414]세라티오펩티다제","분할불가","","",1248533615
"분할주의",200709638,"타루날캡슐(탐스로신염산염)",2007August21st,"서방성캡슐제, 펠렛","동국제약(주)","미황색의 과립이 든 상의 살구색, 하의 흰색의 캡슐제",02590,"기타의 비뇨생식기관 및 항문용약","전문의약품","단일","[M243979]탐스로신염산염","분할불가","",20241029,3018508241
"분할주의",200709861,"엠티정",2007August27th,"장용성필름코팅정","명문제약(주)","황색의 광택이 있는 장용성 원형 필름제피정",02380,"하제, 완장제","일반의약품","복합","[M081950]도큐세이트나트륨/[M050687]비사코딜","분할불가","",20250204,1248135615
"분할주의",200709913,"제스판골드정",2007August29th,"장용성필름코팅정","(주)종근당","녹색의 장방형 장용성 필름코팅정",02330,"건위소화제","일반의약품","복합","[M267745]디아스타제·프로테아제·셀룰라제/[M051800]프로자임/[M227778]디메티콘/[M040678]판크레아틴/[M246203]DL-카르니틴염산염","분할불가","",20250424,3128560679
"분할주의",200710817,"맥시부펜이알정300밀리그램(덱시부프로펜)",2007September27th,"서방성필름코팅정","한미약품(주)","흰색의 장방형 필름코팅 서방정",01140,"해열.진통.소염제","일반의약품","단일","[M092057]덱시부프로펜","분할불가","",20260102,1248700613
"분할주의",200710849,"타미린서방정24밀리그램(갈란타민브롬화수소산염)",2007September27th,"서방성필름코팅정","현대약품(주)","연한갈색 원형의 필름코팅정",01190,"기타의 중추신경용약","전문의약품","단일","[M243021]갈란타민브롬화수소산염","분할불가","",20260710,1308100988
"분할주의",200710998,"코팩사엑스알서방캡슐75밀리그램(벤라팍신염산염)",2007October4th,"서방성캡슐제, 펠렛","명인제약(주)","구상의 백색~회백색의 과립이 들어있는 상ㆍ하 복숭아 색의 캡슐",01170,"정신신경용제","전문의약품","단일","[M241528]벤라팍신염산염","분할불가","",20240219,1248118673
"분할주의",200711284,"판베시서방캡슐 30밀리그램(펜터민염산염)",2007October11th,"서방성캡슐제, 펠렛","부광약품(주)","미백색의 서방성 과립제가 충전된 상-진청색, 하-무색투명의 캡슐제",01230,"자율신경제","전문의약품","단일","[M238557]펜터민염산염","분할불가","","",1188100450
"분할주의",200711655,"에소메졸캡슐40밀리그램(에스오메프라졸스트론튬사수화물)",2007October24th,"경질캡슐제, 장용성과립제","한미약품(주)","흰색 내지 연한 갈색의 과립이 들어있는 상,하 진분홍색 경질캡슐제",02320,"소화성궤양용제","전문의약품","단일","[M221042]에스오메프라졸스트론튬사수화물","분할불가","",20240327,1248700613
"분할주의",200712979,"쎄로켈서방정400밀리그램(쿠에티아핀푸마르산염)",2007November30th,"서방성필름코팅정","알보젠코리아(주)","흰색 캡슐모양의 양면이 볼록한 필름코팅정",01170,"정신신경용제","전문의약품","단일","[M228429]쿠에티아핀푸마르산염","분할불가","",20250212,2158121950
"분할주의",200712980,"쎄로켈서방정300밀리그램(쿠에티아핀푸마르산염)",2007November30th,"서방성필름코팅정","알보젠코리아(주)","연한 노랑색 캡슐모양의 양면이 볼록한 필름코팅정",01170,"정신신경용제","전문의약품","단일","[M228429]쿠에티아핀푸마르산염","분할불가","",20250212,2158121950
"분할주의",200712981,"쎄로켈서방정50밀리그램(쿠에티아핀푸마르산염)",2007November30th,"서방성필름코팅정","알보젠코리아(주)","분홍색 캡슐모양의 양면이 볼록한 필름코팅정",01170,"정신신경용제","전문의약품","단일","[M228429]쿠에티아핀푸마르산염","분할불가","",20250212,2158121950
"분할주의",200712982,"쎄로켈서방정200밀리그램(쿠에티아핀푸마르산염)",2007November30th,"서방성필름코팅정","알보젠코리아(주)","노란색 캡슐모양의 양면이 볼록한 필름코팅정",01170,"정신신경용제","전문의약품","단일","[M228429]쿠에티아핀푸마르산염","분할불가","",20250212,2158121950
"분할주의",200713296,"위엔젤정",2007December13th,"장용성필름코팅정","제이더블유중외제약(주)","장방형의 장용피를 한 연녹색의 필름코팅정제",02330,"건위소화제","일반의약품","복합","[M040678]판크레아틴/[M100297]셀룰라제/[M273864]우담즙 건조엑스/[M227778]디메티콘","분할불가","",20250522,1188102477
"분할주의",200713519,"에소메졸캡슐20밀리그램(에스오메프라졸스트론튬사수화물)",2007December18th,"경질캡슐제, 장용성과립제","한미약품(주)","흰색 내지 연한 갈색의 과립이 들어있는 상,하 연분홍색 경질캡슐제",02320,"소화성궤양용제","전문의약품","단일","[M221042]에스오메프라졸스트론튬사수화물","분할불가","",20240327,1248700613
"분할주의",200800405,"뉴라벨정10밀리그램(라베프라졸나트륨)",2008January9th,"장용성필름코팅정","(주)종근당","담황색의 원형 장용필름코팅정",02320,"소화성궤양용제","전문의약품","단일","[M089852]라베프라졸나트륨","분할불가","",20230603,3128560679
"분할주의",200801900,"니코피온서방정150밀리그램(부프로피온염산염)",2008February18th,"서방성필름코팅정","한미약품(주)","양면이 볼록한 흰색의 원형 필름코팅정",01170,"정신신경용제","전문의약품","단일","[M233238]부프로피온염산염","분할불가","",20260526,1248700613
"분할주의",200802053,"글루코프리서방정750밀리그램(메트포르민염산염)",2008February21st,"서방정","한올바이오파마(주)","흰색의 장방형 서방정",03960,"당뇨병용제","전문의약품","단일","[M223014]메트포르민염산염","분할불가","",20230721,3068105479
"분할주의",200802500,"타이페낙정50밀리그람(디클로페낙나트륨)(수출용)",2008March4th,"장용성필름코팅정","알파제약(주)","분홍색의 원형 장용성 필름코팅정",01140,"해열.진통.소염제","전문의약품","단일","[M050288]디클로페낙나트륨","분할불가","",20260220,1398108124
"분할주의",200802595,"베넥사엑스알서방캡슐37.5밀리그램(벤라팍신염산염)",2008March6th,"서방성캡슐제, 펠렛","한림제약(주)","백색 또는 회백색의 구상과립이 들어있는 상의 연회색,하의 복숭아색의 캡슐",01170,"정신신경용제","전문의약품","단일","[M241528]벤라팍신염산염","분할불가","",20240219,1358102638
"분할주의",200803187,"디트로딘에스알캡슐2밀리그램(톨터로딘-L-타르타르산염)",2008March21st,"서방성캡슐제, 펠렛","한국유나이티드제약(주)","유백색의 과립이 든 상하부청색-녹색의 캡슐",02590,"기타의 비뇨생식기관 및 항문용약","전문의약품","단일","[M256407]톨터로딘-L-타르타르산염","분할불가","",20200224,3078105244
"분할주의",200803967,"유한메트포르민서방정500mg(메트포르민염산염)",2008April11th,"서방성필름코팅정","(주)유한양행","연한 노란색의 장방형 필름코팅정",03960,"당뇨병용제","전문의약품","단일","[M223014]메트포르민염산염","분할불가","",20241114,1188100601
"분할주의",200804331,"파마디클로페낙나트륨정(수출용)",2008April21st,"장용성필름코팅정","(주)한국파마","황색의 장방형으로 된 장용피 정제이다.",01140,"해열.진통.소염제","전문의약품","단일","[M050288]디클로페낙나트륨","분할불가","",20260220,1248115899
"분할주의",200805114,"후루덱스서방정(인다파미드)",2008May4th,"서방성필름코팅정","한국세르비에(주)","백색의 원형 서방정 코팅정",02140,"혈압강하제","전문의약품","단일","[M051280]인다파미드","분할불가","",20220623,1148158931
"분할주의",200805458,"리큅피디정2밀리그램(로피니롤염산염)",2008May15th,"서방성필름코팅정","(주)글락소스미스클라인","분홍색의 양면이 볼록한 장방형의 필름코팅 서방정제",01190,"기타의 중추신경용약","전문의약품","단일","[M234950]로피니롤염산염","분할불가","",20201130,1068156683
"분할주의",200805459,"리큅피디정4밀리그램(로피니롤염산염)",2008May15th,"서방성필름코팅정","(주)글락소스미스클라인","밝은 갈색의 양면이 볼록한 장방형의 필름코팅 서방정제",01190,"기타의 중추신경용약","전문의약품","단일","[M234950]로피니롤염산염","분할불가","",20201130,1068156683
"분할주의",200805460,"리큅피디정8밀리그램(로피니롤염산염)",2008May15th,"서방성필름코팅정","(주)글락소스미스클라인","적갈색의 양면이 볼록한 장방형의 필름코팅 서방정제",01190,"기타의 중추신경용약","전문의약품","단일","[M234950]로피니롤염산염","분할불가","",20201130,1068156683
"분할주의",200805555,"아마릴-멕스서방정2/500밀리그램",2008May16th,"서방성필름코팅정","(주)한독","흰색 장방형 필름코팅정",03960,"당뇨병용제","전문의약품","복합","[M223014]메트포르민염산염/[M086024]글리메피리드/[M223014]메트포르민염산염/[M086024]글리메피리드","분할불가","",20241007,2208100530
"분할주의",200805986,"파록스씨알정25밀리그램(파록세틴염산염수화물)",2008May28th,"장용성필름코팅정","명인제약(주)","분홍색의 원형 장용성 필름코팅정제",01170,"정신신경용제","전문의약품","단일","[M222896]파록세틴염산염수화물","분할불가","",20230206,1248118673
"분할주의",200806022,"에이자트씨알정25밀리그램(파록세틴염산염수화물)",2008May30th,"장용성필름코팅정","에이치케이이노엔(주)","분홍색의 원형 장용성 필름코팅정",01170,"정신신경용제","전문의약품","단일","[M222896]파록세틴염산염수화물","분할불가","",20230206,2018638914
"분할주의",200806299,"파록스씨알정12.5밀리그램(파록세틴염산염수화물)",2008June5th,"장용성필름코팅정","명인제약(주)","노란색의 원형 장용성 필름코팅정제",01170,"정신신경용제","전문의약품","단일","[M222896]파록세틴염산염수화물","분할불가","",20230206,1248118673
"분할주의",200806300,"에이자트씨알정12.5밀리그램(파록세틴염산염수화물)",2008June5th,"장용성필름코팅정","에이치케이이노엔(주)","노란색의 원형 장용성 필름코팅정제",01170,"정신신경용제","전문의약품","단일","[M222896]파록세틴염산염수화물","분할불가","",20230206,2018638914
"분할주의",200806454,"디아미크롱서방정(글리클라지드)",2008June12th,"서방정","한국세르비에(주)","백색의 장방형 서방정",03960,"당뇨병용제","전문의약품","단일","[M222831]글리클라지드","분할불가","",20201123,1148158931
"분할주의",200806668,"카나쿨린정(칼리디노게나제)",2008June18th,"장용성필름코팅정","코오롱제약(주)","주황색 원형의 장용성 필름코팅정",02190,"기타의 순환계용약","전문의약품","단일","[M082140]칼리디노게나제","분할불가","",20191002,3068507363
"분할주의",200806883,"디페트정50mg(디클로페낙나트륨)(수출용)",2008June23rd,"장용성필름코팅정","한국코러스(주)","황색의 원형 장용성 제피정",01140,"해열.진통.소염제","전문의약품","단일","[M050288]디클로페낙나트륨","분할불가","",20260220,2058140116
"분할주의",200807171,"탐스루신캡슐(탐스로신염산염)",2008June27th,"서방성캡슐제, 펠렛","(주)중헌제약","흰색 내지 연한 노란색의 펠렛을 함유한 상의 살구색, 하의 흰색의 캡슐제",02590,"기타의 비뇨생식기관 및 항문용약","전문의약품","단일","[M241531]탐스로신염산염","분할불가","",20241029,3178142585
"분할주의",200807225,"디페트정100mg(디클로페낙나트륨)(수출용)",2008June30th,"장용성필름코팅정","한국코러스(주)","1.황색의 장방형으로 된 장용피 정제2.황색의 원형으로 된 장용피 정제",01140,"해열.진통.소염제","전문의약품","단일","[M050288]디클로페낙나트륨","분할불가","",20260220,2058140116
"분할주의",200807539,"라비에트정10밀리그램(라베프라졸나트륨)",2008July8th,"장용성필름코팅정","일동제약(주)","연한 노란분홍색의 원형 장용필름코팅정",02320,"소화성궤양용제","전문의약품","단일","[M089852]라베프라졸나트륨","분할불가","",20230603,6828500435
"분할주의",200807582,"코딜로드정",2008July9th,"장용성필름코팅정","(주)아이월드제약","녹색의 원형 장용성 필름코팅정제",02380,"하제, 완장제","일반의약품","복합","[M081950]도큐세이트나트륨/[M081899]센나엽가루/[M081393]센나열매가루/[M050687]비사코딜","분할불가","",20250211,1318199577
"분할주의",200809447,"파마벤라팍신서방캡슐37.5밀리그램(벤라팍신염산염)",2008September11th,"서방성캡슐제, 펠렛","(주)한국파마","구상의 흰색~회백색의 과립이 들어있는 상부 연회색, 하부 연한 분홍색의 캡슐제",01170,"정신신경용제","전문의약품","단일","[M241640]벤라팍신염산염서방성과립","분할불가","",20240221,1248115899
"분할주의",200809448,"베라칸서방캡슐37.5밀리그램(벤라팍신염산염)",2008September11th,"서방성캡슐제, 펠렛","대웅바이오(주)","백색~회백색의 과립이 들어있는 상부 연회색, 하부 분홍색의 캡슐제",01170,"정신신경용제","전문의약품","단일","[M241640]벤라팍신염산염서방성과립","분할불가","",20240221,1248677584
"분할주의",200809450,"벤라팩트서방캡슐37.5mg(벤라팍신염산염)",2008September11th,"서방성캡슐제, 펠렛","삼천당제약(주)","구상의 흰색~회백색의 과립이 들어있는 상부 연회색, 하부 분홍색의 캡슐제",01170,"정신신경용제","전문의약품","단일","[M241640]벤라팍신염산염서방성과립","분할불가","",20240219,1248104295
"분할주의",200809452,"벤팍신서방캡슐37.5밀리그램(벤라팍신염산염)",2008September11th,"서방성캡슐제, 펠렛","영진약품(주)","백색~회백색의 과립이 들어있는 상부 연회색, 하부 살구색의 캡슐",01170,"정신신경용제","전문의약품","단일","[M241640]벤라팍신염산염서방성과립","분할불가","",20240219,2188100352
"분할주의",200809458,"팍세론틴서방정25밀리그램(파록세틴염산염수화물)",2008September12th,"서방성필름코팅정","(주)한독","분홍색의 원형 장용 필름코팅 서방정제",01170,"정신신경용제","전문의약품","단일","[M222896]파록세틴염산염수화물","분할불가","",20240314,2208100530
"분할주의",200810113,"토비애즈서방정4밀리그람(페소테로딘푸마르산염)",2008October2nd,"서방성필름코팅정","한국화이자제약(주)","엷은 파란색의 양면이 볼록한 타원형 필름코팅정",02590,"기타의 비뇨생식기관 및 항문용약","전문의약품","단일","[M242751]페소테로딘푸마르산염","분할불가","",20240430,2078100406
"분할주의",200810114,"토비애즈서방정8밀리그람(페소테로딘푸마르산염)",2008October2nd,"서방성필름코팅정","한국화이자제약(주)","파란색의 양면이 볼록한 타원형 필름코팅정",02590,"기타의 비뇨생식기관 및 항문용약","전문의약품","단일","[M242751]페소테로딘푸마르산염","분할불가","",20240430,2078100406
"분할주의",200810322,"마이다제정(수출용)",2008October10th,"장용성필름코팅당의정","맥널티제약(주)","백색의 장방형 장용성 당의정",02330,"건위소화제","일반의약품","복합","[M040678]판크레아틴/[M086613]셀룰라제AP3 III/[M223167]우르소데옥시콜산/[M223083]시메티콘","분할불가","","",2998102136
"분할주의",200810340,"판토라인정20mg(판토프라졸나트륨세스키히드레이트)",2008October13th,"장용성필름코팅정","동아에스티(주)","황색의 장용성제피를 한 타원형 정제이다.",02320,"소화성궤양용제","전문의약품","단일","[M089465]판토프라졸나트륨세스키히드레이트","분할불가","",20230724,2048640122
"분할주의",200810508,"명인갈란타민서방캡슐8밀리그램(갈란타민브롬화수소산염)",2008October20th,"스팬슐","명인제약(주)","흰색 내지 거의 흰색의 서방코팅된 펠렛이 들어있는 불투명한 상·하 흰색의 경질캡슐제",01190,"기타의 중추신경용약","전문의약품","단일","[M243021]갈란타민브롬화수소산염","분할불가","",20230628,1248118673
"분할주의",200810509,"뉴멘타민서방캡슐8밀리그램(갈란타민브롬화수소산염)",2008October20th,"스팬슐","고려제약(주)","흰색 내지 거의 흰색의 서방코팅된 펠렛이 들어있는 불투명한 상·하 흰색의 경질캡슐제",01190,"기타의 중추신경용약","전문의약품","단일","[M243021]갈란타민브롬화수소산염","분할불가","",20230628,1268104796
"분할주의",200810688,"놀텍정10밀리그램(일라프라졸)",2008October28th,"장용성필름코팅정","일양약품(주)","주황색의 타원형 장용성 필름코팅정제",02320,"소화성궤양용제","전문의약품","단일","[M243753]일라프라졸","분할불가","",20190912,2098100872
"분할주의",200810994,"비카린에프정(수출용)",2008November14th,"장용성당의정","(주)마더스제약","연녹색의 원형 장용성 당의정제",02360,"이담제","일반의약품","복합","[M050687]비사코딜/[M083560]벨라돈나엑스/[M232769]알로에건조엑스(20:1)/[M103738]볼도엽건조엑스(5:1)/[M232770]시나라건조엑스(4:1)/[M232771]감초건조엑스(5→1)","분할불가","",20140929,3128629302
"분할주의",200811754,"프로라제정10mg(세라티오펩티다제)(수출용)",2008December22nd,"장용성필름코팅정","한올바이오파마(주)","살구색의 원형장용피 정제",03950,"효소제제","일반의약품","단일","[M099414]세라티오펩티다제","분할불가","",20111125,3068105479
"분할주의",200900604,"명인펜톡시필린서방정(펜톡시필린)(수출용)",2009January13th,"서방성필름코팅정","명인제약(주)","등색 타원형 서방형 필름코팅정",02190,"기타의 순환계용약","전문의약품","단일","[M051736]펜톡시필린","분할불가","",20191017,1248118673
"분할주의",200900697,"아드바그랍서방캡슐0.5밀리그램(타크로리무스수화물)",2009January19th,"서방성캡슐제, 펠렛","한국아스텔라스제약(주)","흰색분말이 든 상반부 밝은 노란색, 하반부 주황색의 경질캡슐",01420,"자격요법제(비특이성면역억제제를 포함)","전문의약품","단일","[M089193]타크로리무스수화물","분할불가","",20260703,1208141338
"분할주의",200900698,"아드바그랍서방캡슐1밀리그램(타크로리무스수화물)",2009January19th,"서방성캡슐제, 펠렛","한국아스텔라스제약(주)","흰색분말이 든 상반부 흰색, 하반부 주황색의 경질캡슐",01420,"자격요법제(비특이성면역억제제를 포함)","전문의약품","단일","[M089193]타크로리무스수화물","분할불가","",20260703,1208141338
"분할주의",200900699,"아드바그랍서방캡슐5밀리그램(타크로리무스수화물)",2009January19th,"서방성캡슐제, 펠렛","한국아스텔라스제약(주)","흰색분말이 든 상반부 회적색, 하반부 주황색의 경질캡슐",01420,"자격요법제(비특이성면역억제제를 포함)","전문의약품","단일","[M089193]타크로리무스수화물","분할불가","",20260703,1208141338
"분할주의",200902108,"다이제스토정",2009March20th,"장용성필름코팅정","화일약품(주)","장방형의 장용피를 한 연녹색의 필름코팅정",02330,"건위소화제","일반의약품","복합","[M040678]판크레아틴/[M100297]셀룰라제/[M273864]우담즙 건조엑스/[M227778]디메티콘","분할불가","",20250422,1248127624
"분할주의",200902333,"옥시콘틴서방정80mg(옥시코돈염산염)",2009March31st,"서방성필름코팅정","한국먼디파마 유한회사","녹색의 양면이 볼록한 원형 서방성 필름코팅정",08210,"합성마약","전문의약품","단일","[M238042]옥시코돈염산염","분할불가","","",1208180103
"분할주의",200902556,"판코타제정",2009April8th,"장용성필름코팅정","태극제약(주)","장방형의 장용피를 한  연녹색의 필름코팅정",02330,"건위소화제","일반의약품","복합","[M040678]판크레아틴/[M268886]우담즙건조엑스/[M227778]디메티콘/[M100297]셀룰라제","분할불가","",20201019,1248134163
"분할주의",200902769,"그린노즈에스캡슐",2009April17th,"경질캡슐제, 과립제","맥널티제약(주)","흰색, 적색 및 노란색의 구형과립이 들어있는 상부 녹색투명, 하부 무색투명의 경질캡슐",01410,"항히스타민제","일반의약품","복합","[M223211]클로르페니라민말레산염/[M222724]페닐레프린염산염/[M086528]벨라돈나총알칼로이드","분할불가","",20201126,2998102136
"분할주의",200903044,"본렉스이알캡슐15밀리그램(시클로벤자프린염산염)",2009April28th,"서방성캡슐제, 펠렛","(주)새한제약","흰색 내지 미백색의 구형 입자가 들어있는 상·하부 밝은 주황색의 불투명 서방성 경질캡슐",01220,"골격근이완제","전문의약품","단일","[M246272]시클로벤자프린염산염","분할불가","",20201217,1258103547
"분할주의",200903567,"코러스오메프라졸캡슐10mg(오메프라졸)(수출용)",2009May22nd,"경질캡슐제, 장용성과립제","한국코러스(주)","수출1: 백색 내지 회백색의 장용성 과립이 충진된 상부 적갈색, 하부 분홍색의 경질캡슐수출2: 백색 내지 회백색의 장용성 과립이 충진된 상부 하늘색, 하부 흰색의 경질캡슐",02320,"소화성궤양용제","전문의약품","단일","[M083697]오메프라졸장용성과립","분할불가","",20240327,2058140116
"분할주의",200903775,"베아틴정",2009May28th,"장용성필름코팅정","하나제약(주)","장방형의 장용피를 한 연녹색의 필름코팅정",02330,"건위소화제","일반의약품","복합","[M040678]판크레아틴/[M100297]셀룰라제/[M273864]우담즙 건조엑스/[M227778]디메티콘","분할불가","",20250414,1248137632
"분할주의",200904275,"타진서방정 10/5mg",2009June18th,"서방성필름코팅정","한국먼디파마 유한회사","흰색의 양면이 볼록한 장방형 필름코팅 서방정",08210,"합성마약","전문의약품","복합","[M238042]옥시코돈염산염/[M246655]날록손염산염이수화물","분할불가","","",1208180103
"분할주의",200904276,"타진서방정 20/10mg",2009June18th,"서방성필름코팅정","한국먼디파마 유한회사","분홍색의 양면이 볼록한 장방형 필름코팅 서방정",08210,"합성마약","전문의약품","복합","[M238042]옥시코돈염산염/[M246655]날록손염산염이수화물","분할불가","","",1208180103
"분할주의",200904340,"타미린서방정16밀리그램(갈란타민브롬화수소산염)",2009June22nd,"서방성필름코팅정","현대약품(주)","분홍색의 원형 필름코팅정",01190,"기타의 중추신경용약","전문의약품","단일","[M243021]갈란타민브롬화수소산염","분할불가","",20230628,1308100988
"분할주의",200904349,"타미린서방정8밀리그램(갈란타민브롬화수소산염)",2009June22nd,"서방성필름코팅정","현대약품(주)","백색 원형의 필름코팅정",01190,"기타의 중추신경용약","전문의약품","단일","[M243021]갈란타민브롬화수소산염","분할불가","",20230628,1308100988
"분할주의",200904507,"다이락스-큐정",2009June26th,"장용정","조아제약(주)","연두색의 원형 장용성 정제",02380,"하제, 완장제","일반의약품","복합","[M050687]비사코딜/[M081950]도큐세이트나트륨/[M223167]우르소데옥시콜산","분할불가","",20250626,6088124071
"분할주의",200905402,"다이제스칸정",2009July15th,"장용성필름코팅정","(주)휴비스트제약","장방형의 장용피를 한 연녹색의 필름코팅정",02330,"건위소화제","일반의약품","복합","[M040678]판크레아틴/[M100297]셀룰라제/[M268886]우담즙건조엑스/[M227778]디메티콘","분할불가","",20250620,3188100991
"분할주의",200905490,"씨락정",2009July16th,"장용성필름코팅정","에이치엘비제약(주)","연녹색의 원형 장용성 필름코팅정",02380,"하제, 완장제","일반의약품","복합","[M081950]도큐세이트나트륨/[M050687]비사코딜","분할불가","",20250611,2088125623
"분할주의",200906478,"둘코락스에스장용정",2009August21st,"장용성당의정","오펠라헬스케어코리아(주)","황색의 광택있는 원형 장용성정제",02380,"하제, 완장제","일반의약품","복합","[M050687]비사코딜/[M081950]도큐세이트나트륨","분할불가","",20250512,1728801879
"분할주의",200906484,"보령바이오아스트릭스캡슐100밀리그램(아스피린장용과립)",2009August21st,"장용성캡슐제, 펠렛","(주)보령바이오파마","흰색의 장용피 구형입자가 든 상하 주황색의 투명한 경질캡슐제",02190,"기타의 순환계용약","일반의약품","단일","[M081776]아스피린장용과립","분할불가","",20250415,2088120633
"분할주의",200906719,"쎄로켈서방정150밀리그램(쿠에티아핀푸마르산염)",2009September4th,"서방성필름코팅정","알보젠코리아(주)","흰색 캡슐모양의 양면이 볼록한 필름코팅정",01170,"정신신경용제","전문의약품","단일","[M228429]쿠에티아핀푸마르산염","분할불가","",20250212,2158121950
"분할주의",200907915,"노자임캡슐10000(판크레아틴장용성제피미세정)",2009November6th,"장용성캡슐제, 정제","(주)한국팜비오","독특한 향의 회백색 장용성 제피미세정을 함유하는 상부 불투명 갈색, 하부 투명한 무색의 경질캡슐",02330,"건위소화제","일반의약품","단일","[M262958]판크레아틴장용성제피미세정","분할불가","","",1258145722
"분할주의",201001057,"코팩사엑스알서방캡슐37.5밀리그램(벤라팍신염산염)",2010January29th,"서방성캡슐제, 펠렛","명인제약(주)","구상의 흰색 ~ 회백색의 과립이 들어 있는 상부 회색, 하부 분홍색의 서방성 경질캡슐제",01170,"정신신경용제","전문의약품","단일","[M241528]벤라팍신염산염","분할불가","",20240219,1248118673
"분할주의",201001744,"딜라트렌에스알캡슐64밀리그램(카르베딜롤)",2010February26th,"서방성캡슐제, 펠렛","(주)종근당","흰색 내지 미황색 속방성 및 서방성 과립이 들어있는 상,하 흰색의 경질캡슐제",02140,"혈압강하제","전문의약품","단일","[M259204]카르베딜롤과립","분할불가","",20190721,3128560679
"분할주의",201001891,"메자반트엑스엘장용정1200밀리그램(메살라진)",2010March5th,"서방성장용필름코팅정","한국다케다제약(주)","적갈색 타원형의 서방형 장용필름코팅정제",02390,"기타의 소화기관용약","전문의약품","단일","[M083890]메살라진","분할불가","",20251029,1068668073
"분할주의",201002150,"글루코파지엑스알1000밀리그램서방정(메트포르민염산염)",2010March18th,"서방정","머크(주)","흰색 내지 미색의 양면이 볼록한 타원형의 서방정",03960,"당뇨병용제","전문의약품","단일","[M223014]메트포르민염산염","분할불가","",20260123,2208109507
"분할주의",201002151,"다이아벡스엑스알서방정1000밀리그램(메트포르민염산염)",2010March18th,"서방정","(주)대웅제약","흰색 내지 미색의 양면이 볼록한 타원형의 서방정",03960,"당뇨병용제","전문의약품","단일","[M223014]메트포르민염산염","분할불가","",20230721,1248601143
"분할주의",201002745,"클란자CR정(아세클로페낙)",2010April14th,"서방성필름코팅정","한국유나이티드제약(주)","흰색의 장방형 서방성 필름코팅정",01140,"해열.진통.소염제","전문의약품","단일","[M040359]아세클로페낙/[M040359]아세클로페낙/[M040359]아세클로페낙/[M040359]아세클로페낙","분할불가","",20240522,3078105244
"분할주의",201003227,"판제정(수출용)(수출명:1.PanseTab.2.Gastrozim-AsteriaTab.)",2010April30th,"장용성필름코팅정","한국코러스(주)","연녹색의 장방형 장용성 필름코팅정제",02330,"건위소화제","일반의약품","복합","[M040678]판크레아틴/[M051173]우담즙엑스/[M060026]디메치콘/[M051916]헤미셀룰라제","분할불가","","",2058140116
"분할주의",201004349,"프로막정300밀리그램(발프로산마그네슘)",2010July2nd,"장용성필름코팅정","명인제약(주)","흰색의 타원형 장용성 필름코팅정제",01130,"항전간제","전문의약품","단일","[M090172]발프로산마그네슘","분할불가","",20260511,1248118673
"분할주의",201004772,"디아미크롱서방정60밀리그램(글리클라지드)",2010July30th,"서방정","한국세르비에(주)","양면에 “DIA60""이 새겨진 분할선이 있는 흰색의 장방형 서방정",03960,"당뇨병용제","전문의약품","단일","[M222831]글리클라지드","분할불가","",20201123,1148158931
"분할주의",201005576,"에이트리정(아데노신트리포스페이트디나트륨삼수화물)(수출용)",2010September16th,"장용성필름코팅정","(주)테라젠이텍스","흰색 내지 미황색의 원형의 장용성 필름코팅정",03990,"따로 분류되지 않는 대사성 의약품","일반의약품","단일","[M090472]아데노신트리포스페이트디나트륨삼수화물","분할불가","",20131125,1348545665
"분할주의",201006172,"뉴멘타민서방캡슐16밀리그램(갈란타민브롬화수소산염)",2010October14th,"스팬슐","고려제약(주)","흰색 내지 거의 흰색의 서방코팅된 펠렛이 들어있는 불투명한 상·하 분홍색의 경질캡슐제",01190,"기타의 중추신경용약","전문의약품","단일","[M243021]갈란타민브롬화수소산염","분할불가","",20230628,1268104796
"분할주의",201006173,"뉴멘타민서방캡슐24밀리그램(갈란타민브롬화수소산염)",2010October14th,"스팬슐","고려제약(주)","흰색 내지 거의 흰색의 서방코팅된 펠렛이 들어있는 불투명한 상·하 연한 갈색의 경질캡슐제",01190,"기타의 중추신경용약","전문의약품","단일","[M243021]갈란타민브롬화수소산염","분할불가","",20230628,1268104796
"분할주의",201006491,"판토록정40밀리그램(판토프라졸나트륨세스키히드레이트)",2010October26th,"장용성필름코팅정","한국다케다제약(주)","한면에 P40이 인쇄된 황색의 장용성 제피를 한 타원형 정제",02320,"소화성궤양용제","전문의약품","단일","[M089465]판토프라졸나트륨세스키히드레이트","분할불가","",20240216,1068668073
"분할주의",201006492,"판토록정20밀리그램(판토프라졸나트륨세스키히드레이트)",2010October26th,"장용성필름코팅정","한국다케다제약(주)","한면에 P20이 인쇄된 황색의 장용성 제피를 한 타원형 정제",02320,"소화성궤양용제","전문의약품","단일","[M089465]판토프라졸나트륨세스키히드레이트","분할불가","",20240216,1068668073
"분할주의",201006784,"클리퍼지속성장용정5밀리그램(베클로메타손 디프로피오네이트)",2010November10th,"장용성필름코팅정","코오롱제약(주)","백색 또는 미백색의 볼록한 원형 필름코팅정",02390,"기타의 소화기관용약","전문의약품","단일","[M239060]베클로메타손 디프로피오네이트","분할불가","",20180618,3068507363
"분할주의",201006905,"판졸정20mg(판토프라졸나트륨세스키히드레이트)(수출명:①Panto Tab.②Panto-S Tab. ③Kopanto Tab.④Panprazole Tab.20mg)(수출용)",2010November19th,"장용성필름코팅정","한국코러스(주)","황색의 장용성 제피를 한 타원형 정제",02320,"소화성궤양용제","전문의약품","단일","[M089465]판토프라졸나트륨세스키히드레이트","분할불가","",20230514,2058140116
"분할주의",201006906,"판졸정40mg(판토프라졸나트륨세스키히드레이트)(수출명:①Panto Tab.40mg ②Panto-S Tab. 40mg ③Kopanto Tab.40mg ④ Panprazol Tab. 40mg)(수출용)",2010November19th,"장용성필름코팅정","한국코러스(주)","황색의 장용성 제피를 한 타원형 정제",02320,"소화성궤양용제","전문의약품","단일","[M089465]판토프라졸나트륨세스키히드레이트","분할불가","",20230514,2058140116
"분할주의",201007257,"명인갈란타민서방캡슐16밀리그램(갈란타민브롬화수소산염)",2010November29th,"스팬슐","명인제약(주)","흰색 내지 거의 흰색의 서방코팅된 펠렛이 들어있는 불투명한 상·하 분홍색의 경질캡슐제",01190,"기타의 중추신경용약","전문의약품","단일","[M243021]갈란타민브롬화수소산염","분할불가","",20230628,1248118673
"분할주의",201007258,"명인갈란타민서방캡슐24밀리그램(갈란타민브롬화수소산염)",2010November29th,"스팬슐","명인제약(주)","흰색 내지 거의 흰색의 서방코팅된 펠렛이 들어있는 불투명한 상·하 연한 갈색의 경질캡슐제",01190,"기타의 중추신경용약","전문의약품","단일","[M243021]갈란타민브롬화수소산염","분할불가","",20230628,1248118673
"분할주의",201100717,"크비엔지맥스정(수출용)",2011February16th,"장용성필름코팅정","대한뉴팜(주)","녹색의 장방형 장용필름코팅정",02330,"건위소화제","일반의약품","복합","[M040678]판크레아틴/[M223083]시메티콘","분할불가","","",2298110729
"분할주의",201101493,"록스펜씨알정(록소프로펜나트륨)",2011March18th,"서방성필름코팅정","신풍제약(주)","연한 노란색의 원형 장용성 유핵정",01140,"해열.진통.소염제","전문의약품","단일","[M222839]록소프로펜나트륨수화물/[M222839]록소프로펜나트륨수화물","분할불가","",20240904,1348103819
"분할주의",201101857,"에소프라졸캡슐20밀리그램(에스오메프라졸)",2011March31st,"경질캡슐제, 장용성과립제","경동제약(주)","흰색 내지 연한 황갈색 과립을 함유하는 상하부 불투명한 보라색의 경질캡슐제",02320,"소화성궤양용제","전문의약품","단일","[M249554]에스오메프라졸","분할불가","",20240327,1248135518
"분할주의",201102394,"프레탈서방캡슐100밀리그램(실로스타졸)",2011April19th,"서방성캡슐제, 펠렛","한국오츠카제약(주)","흰색의 서방성 과립을 포함하는 상·하 흰색의 경질캡슐제",03390,"기타의 혈액 및 체액용약","전문의약품","단일","[M252025]실로스타졸(미분화)","분할불가","",20260625,2208114465
"분할주의",201104041,"란프라캡슐30밀리그램(란소프라졸과립)",2011June30th,"장용성캡슐제, 펠렛","대웅바이오(주)","흰색-엷은 갈색의 과립을 충전한 상하 흰색의 경질캡슐제",02320,"소화성궤양용제","전문의약품","단일","[M091244]란소프라졸과립","분할불가","",20240913,1248677584
"분할주의",201104436,"타진서방정 5/2.5mg",2011July18th,"서방성필름코팅정","한국먼디파마 유한회사","파란색의 양면이 볼록한 장방형 필름코팅서방정",08210,"합성마약","전문의약품","복합","[M238042]옥시코돈염산염/[M246655]날록손염산염이수화물","분할불가","","",1208180103
"분할주의",201104437,"타진서방정 40/20mg",2011July18th,"서방성필름코팅정","한국먼디파마 유한회사","노란색의 양면이 볼록한 장방형 필름코팅서방정",08210,"합성마약","전문의약품","복합","[M238042]옥시코돈염산염/[M246655]날록손염산염이수화물","분할불가","","",1208180103
"분할주의",201105106,"액티큐정",2011August8th,"장용성당의정","알보젠코리아(주)","연두색 원형의 장용성 필름 코팅정",02380,"하제, 완장제","일반의약품","복합","[M050687]비사코딜/[M081950]도큐세이트나트륨","분할불가","",20250428,2158121950
"분할주의",201105112,"코딜로드-에이정(수출용)",2011August8th,"장용성필름코팅정","(주)아이월드제약","녹색의 원형 장용성 필름코팅정제",02380,"하제, 완장제","일반의약품","복합","[M081950]도큐세이트나트륨/[M081899]센나엽가루/[M248126]센나열매가루(Tinnevelly)/[M050687]비사코딜","분할불가","","",1318199577
"분할주의",201106390,"파라메트정20밀리그램(라베프라졸나트륨)",2011September15th,"장용성필름코팅정","하나제약(주)","담황색의 원형 장용 필름코팅정",02320,"소화성궤양용제","전문의약품","단일","[M089852]라베프라졸나트륨","분할불가","",20260424,1248137632
"분할주의",201107240,"베로바정(수출용)",2011September28th,"장용성필름코팅정","한국프라임제약(주)","수출용1, 2: 적색의 원형 장용성 필름코팅정수출용3: 연녹색의 원형 장용성 필름코팅정",03950,"효소제제","일반의약품","복합","[M051649]결정트립신/[M095415]브로멜라인/[M051649]결정트립신/[M095415]브로멜라인/[M051649]결정트립신/[M095415]브로멜라인","분할불가","",20250627,4028524506
"분할주의",201109514,"한미탐스오디정0.2밀리그램(탐스로신염산염)",2011November3rd,"구강붕해정","한미약품(주)","흰색의 원형 구강붕해 서방정제",02590,"기타의 비뇨생식기관 및 항문용약","전문의약품","단일","[M243979]탐스로신염산염","분할불가","",20241029,1248700613
"분할주의",201109819,"지트람씨알서방정75밀리그램(트라마돌염산염)",2011November9th,"서방성필름코팅정","한국먼디파마(유)","옅은 회색의 양면이 볼록한 원형의 필름코팅서방정",01140,"해열.진통.소염제","전문의약품","단일","[M222893]트라마돌염산염","분할불가","",20260119,1208180103
"분할주의",201110251,"아자설판장용정250밀리그램(설파살라진)(수출용)",2011November22nd,"장용성필름코팅정","(주)유영제약","황색~황갈색 원형의 장용성 필름코팅정",06210,"설화제","전문의약품","단일","[M083653]설파살라진","분할불가","",20221011,3018109728
"분할주의",201110631,"란프톤캡슐30밀리그램(란소프라졸)",2011December5th,"장용성캡슐제, 펠렛","삼천당제약(주)","흰색 내지 엷은 갈색의 과립이 들어있는 상・하부 흰색의 경질캡슐제",02320,"소화성궤양용제","전문의약품","단일","[M085578]란소프라졸","분할불가","",20240913,1248104295
"분할주의",201111086,"메디키넷리타드캡슐5mg(메틸페니데이트염산염)",2011December22nd,"장용성캡슐제, 펠렛","명인제약(주)","속방의 흰색 펠렛과 장용의 파란색 펠렛이 든 상하부 흰색의 경질 캡슐제",01150,"각성제,흥분제","전문의약품","단일","[M223025]메틸페니데이트염산염/[M223025]메틸페니데이트염산염","분할불가","","",1248118673
"분할주의",201111087,"메디키넷리타드캡슐40mg(메틸페니데이트염산염)",2011December22nd,"장용성캡슐제, 펠렛","명인제약(주)","속방의 흰색 펠렛과 장용의 파란색 펠렛이 든 상부 어두운 보라색, 하부 회색의 경질캡슐제",01150,"각성제,흥분제","전문의약품","단일","[M223025]메틸페니데이트염산염/[M223025]메틸페니데이트염산염","분할불가","","",1248118673
"분할주의",201111088,"메디키넷리타드캡슐10mg(메틸페니데이트염산염)",2011December22nd,"장용성캡슐제, 펠렛","명인제약(주)","속방의 흰색 펠렛과 장용의 파란색 펠렛이 든 상부 분홍색, 하부 흰색의 경질캡슐제",01150,"각성제,흥분제","전문의약품","단일","[M223025]메틸페니데이트염산염/[M223025]메틸페니데이트염산염","분할불가","","",1248118673
"분할주의",201111091,"메디키넷리타드캡슐20mg(메틸페니데이트염산염)",2011December22nd,"장용성캡슐제, 펠렛","명인제약(주)","속방의 흰색 펠렛과 장용의 파란색 펠렛이 든 상하부 옅은 보라색의 경질캡슐제",01150,"각성제,흥분제","전문의약품","단일","[M223025]메틸페니데이트염산염/[M223025]메틸페니데이트염산염","분할불가","","",1248118673
"분할주의",201111093,"메디키넷리타드캡슐30mg(메틸페니데이트염산염)",2011December22nd,"장용성캡슐제, 펠렛","명인제약(주)","속방의 흰색 펠렛과 장용의 파란색 펠렛이 든 상부 어두운 보라색, 하부 밝은 회색의 경질캡슐제",01150,"각성제,흥분제","전문의약품","단일","[M223025]메틸페니데이트염산염/[M223025]메틸페니데이트염산염","분할불가","","",1248118673
"분할주의",201111148,"클라스핀캡슐75/100밀리그램(클로피도그렐,아스피린)",2011December23rd,"경질캡슐제, 장용성과립제","한국바이오켐제약(주)","분홍색의 장방형 필름코팅 정제와 흰색의 구형입자가 충전되어 있는 상부 주황색, 하부 흰색의 경질캡슐제",02180,"동맥경화용제","전문의약품","복합","[M250716]클로피도그렐황산염/[M040355]아스피린","분할불가","",20251128,3078130710
"분할주의",201200590,"익스트림정20밀리그램(판토프라졸나트륨세스키히드레이트)",2012January26th,"장용성필름코팅정","신풍제약(주)","황색의 장용성제피를 한 타원형 정제",02320,"소화성궤양용제","전문의약품","단일","[M089465]판토프라졸나트륨세스키히드레이트","분할불가","",20230724,1348103819
"분할주의",201200634,"클로피린캡슐",2012January31st,"장용성캡슐제, 펠렛","제일약품(주)","분홍색의 장방형 필름코팅 정제와 흰색의 구형입자가 충전되어 있는 상부 주황색, 하부 흰색의 경질캡슐제",02180,"동맥경화용제","전문의약품","복합","[M250716]클로피도그렐황산염/[M040355]아스피린","분할불가","",20230908,2428500620
"분할주의",201200635,"슈퍼피린캡슐75/100밀리그램(클로피도그렐, 아스피린)",2012January31st,"경질캡슐제, 서방성장용성펠렛","명인제약(주)","흰색 또는 미황색의 과립 및 장용코팅된 펠렛을 함유하는 상·하부 연한 노란색의 경질캡슐",02180,"동맥경화용제","전문의약품","복합","[M040355]아스피린/[M250716]클로피도그렐황산염","분할불가","",20230908,1248118673
"분할주의",201200636,"아리그렐캡슐",2012January31st,"경질캡슐제, 서방성장용성펠렛","(주)휴온스","흰색 또는 미황색의 과립 및 장용코팅된 펠렛을 함유하는 상, 하부 주황색의 경질캡슐",02180,"동맥경화용제","전문의약품","복합","[M250541]클로피도그렐황산염/[M253914]아스피린장용펠렛","분할불가","",20230908,8638700270
"분할주의",201200647,"대한뉴팜판토프라졸정(판토프라졸나트륨세스키히드레이트)(수출용)",2012January31st,"장용성필름코팅정","대한뉴팜(주)","황색의 장용성 제피를 한 타원형 정제",02320,"소화성궤양용제","전문의약품","단일","[M089465]판토프라졸나트륨세스키히드레이트","분할불가","",20230514,2298110729
"분할주의",201200854,"비코그린에스정",2012February10th,"장용성필름코팅정","코오롱제약(주)","녹색의 원형 장용성필름코팅정",02380,"하제, 완장제","일반의약품","복합","[M050687]비사코딜/[M081950]도큐세이트나트륨/[M102544]센노사이드칼슘","분할불가","","",3068507363
"분할주의",201201615,"대한뉴팜메살라민정250밀리그램(수출용)",2012March15th,"장용성필름코팅정","대한뉴팜(주)","황색의 원형 장용성 필름코팅정",02390,"기타의 소화기관용약","전문의약품","단일","[M088568]메살라민","분할불가","",20221011,2298110729
"분할주의",201201616,"대한뉴팜메살라민정500밀리그램(수출용)",2012March15th,"장용성필름코팅정","대한뉴팜(주)","황색의 원형 장용성 필름코팅정",02390,"기타의 소화기관용약","전문의약품","단일","[M088568]메살라민","분할불가","",20221011,2298110729
"분할주의",201202398,"코프리그렐캡슐",2012March30th,"경질캡슐제, 과립제정제","(주)종근당","분홍색의 장방형 필름코팅 정제와 흰색의 구형입자가 충전되어 있는 상부 주황색, 하부 흰색의 경질캡슐제",02180,"동맥경화용제","전문의약품","복합","[M250716]클로피도그렐황산염/[M040355]아스피린","분할불가","",20231026,3128560679
"분할주의",201202805,"콤비글라이즈서방정5/500밀리그램",2012April12th,"서방성필름코팅정","한국아스트라제네카(주)","연한 갈색 및 갈색의 양면이 볼록한 캡슐 모양의 필름코팅정",03960,"당뇨병용제","전문의약품","복합","[M223014]메트포르민염산염/[M251489]삭사글립틴수화물","분할불가","",20260611,2148146701
"분할주의",201202806,"콤비글라이즈서방정5/1000밀리그램",2012April12th,"서방성필름코팅정","한국아스트라제네카(주)","분홍색의 양면이 볼록한 캡슐 모양의 필름코팅정",03960,"당뇨병용제","전문의약품","복합","[M223014]메트포르민염산염/[M251489]삭사글립틴수화물","분할불가","",20260611,2148146701
"분할주의",201205259,"악토넬EC정35밀리그램(리세드론산나트륨2.5수화물)",2012May31st,"장용성필름코팅정","동아에스티(주)","한면에 ‘EC 35'가 새겨진 노란색의 타원형 필름코팅정",03990,"따로 분류되지 않는 대사성 의약품","전문의약품","단일","[M249411]리세드론산나트륨2.5수화물","분할불가","",20171107,2048640122
"분할주의",201205361,"크레온캡슐10000(판크레아스 분말)",2012June4th,"장용성캡슐제, 정제","한국애보트(유)","갈색의 장용성 미립펠렛을 함유한 상부 불투명 갈색, 하부 무색투명의 경질 캡슐",02330,"건위소화제","일반의약품","단일","[M254733]판크레아스분말","분할불가","",20250521,1208154740
"분할주의",201205362,"크레온캡슐25000(판크레아스 분말)",2012June4th,"장용성캡슐제, 정제","한국애보트(유)","갈색의 장용성 미립펠렛을 함유한 상부 불투명 주황색, 하부 무색투명의 경질 캡슐",02330,"건위소화제","일반의약품","단일","[M254733]판크레아스분말","분할불가","",20250623,1208154740
"분할주의",201205364,"크레온캡슐40000(판크레아스 분말)",2012June4th,"장용성캡슐제, 정제","한국애보트(유)","갈색의 장용정 미립정을 함유한 상부 불투명갈색, 하부 무색투명의 경질 캡슐",02330,"건위소화제","일반의약품","단일","[M254733]판크레아스분말","분할불가","",20151217,1208154740
"분할주의",201205628,"레토프라정20밀리그램(에스-판토프라졸나트륨 삼수화물)",2012June18th,"장용성필름코팅정","안국약품(주)","노란색의 장용성 제피를 한 양면이 볼록한 타원형 정제",02320,"소화성궤양용제","전문의약품","단일","[M254776]에스-판토프라졸나트륨삼수화물","분할불가","",20230514,1188104188
"분할주의",201206205,"유니란소캡슐15밀리그램(란소프라졸)",2012July23rd,"경질캡슐제, 장용성과립제","유니메드제약(주)","흰색-엷은 갈색의 과립을 충진한 상부 흰색, 하부 노란색의 경질캡슐제",02320,"소화성궤양용제","전문의약품","단일","[M091244]란소프라졸과립","분할불가","",20240913,3128109048
"분할주의",201206484,"속편아제정",2012August17th,"장용성필름코팅정","(주)유유제약","연녹색의 장방형 장용성 필름코팅정",02330,"건위소화제","일반의약품","복합","[M040678]판크레아틴/[M227778]디메티콘/[M268886]우담즙건조엑스/[M100297]셀룰라제","분할불가","",20250416,1238101790
"분할주의",201206625,"이텍스아스피린장용정100mg(아스피린)",2012August29th,"장용성필름코팅정","(주)테라젠이텍스","흰색의 원형 장용성 필름코팅정",02190,"기타의 순환계용약","일반의약품","단일","[M040355]아스피린","분할불가","",20250415,1348545665
"분할주의",201206679,"글로라베정10mg(라베프라졸나트륨)",2012September3rd,"장용성필름코팅정","(주)킵스바이오파마","담황색의 원형 장용 필름코팅정",02320,"소화성궤양용제","전문의약품","단일","[M089852]라베프라졸나트륨","분할불가","",20251229,2098126571
"분할주의",201206680,"글로라베정20밀리그램(라베프라졸나트륨)",2012September3rd,"장용성필름코팅정","(주)킵스바이오파마","담황색의 원형 장용필름코팅정",02320,"소화성궤양용제","전문의약품","단일","[M089852]라베프라졸나트륨","분할불가","",20251229,2098126571
"분할주의",201206681,"글로포민서방정(메트포르민염산염)",2012September3rd,"서방정","(주)킵스바이오파마","흰색의 장방형정제",03960,"당뇨병용제","전문의약품","단일","[M223014]메트포르민염산염","분할불가","",20230721,2098126571
"분할주의",201206682,"라베프린정10밀리그램(라베프라졸나트륨)",2012September3rd,"장용성필름코팅정","(주)한국파마","담황색의 원형 장용필름코팅정",02320,"소화성궤양용제","전문의약품","단일","[M089852]라베프라졸나트륨","분할불가","",20240605,1248115899
"분할주의",201206683,"라베프린정20밀리그램(라베프라졸나트륨)",2012September3rd,"장용성필름코팅정","(주)한국파마","담황색의 원형 장용필름코팅정",02320,"소화성궤양용제","전문의약품","단일","[M089852]라베프라졸나트륨","분할불가","",20240605,1248115899
"분할주의",201206711,"하원판심정(수출용)",2012September6th,"장용성필름코팅정","(주)하원제약","연한 녹색의 장방형 장용성필름코팅정",02330,"건위소화제","일반의약품","복합","[M040678]판크레아틴/[M223083]시메티콘","분할불가","",20210524,1258101840
"분할주의",201206761,"글루파민서방정500밀리그램(메트포르민염산염)",2012September12th,"서방정","아주약품(주)","흰색의 장방형 정제",03960,"당뇨병용제","전문의약품","단일","[M223014]메트포르민염산염","분할불가","",20230721,8028803696
"분할주의",201206771,"비코실린정",2012September13th,"장용성필름코팅정","한솔신약(주)","녹색의 원형 장용성 필름코팅정제",02380,"하제, 완장제","일반의약품","복합","[M081950]도큐세이트나트륨/[M081899]센나엽가루/[M237598]Tinnevelly 센나열매가루/[M050687]비사코딜","분할불가","",20260506,3038114421
"분할주의",201206792,"디아그릴-멕스서방정2/500밀리그램",2012September14th,"서방성필름코팅정","부광약품(주)","흰색 장방형 필름코팅의 삼중정제",03960,"당뇨병용제","전문의약품","복합","[M086024]글리메피리드/[M223014]메트포르민염산염","분할불가","",20250310,1188100450
"분할주의",201206820,"경보아스피린장용정",2012September17th,"장용성필름코팅정","(주)경보제약","흰색의 원형 장용성 필름코팅정",02190,"기타의 순환계용약","일반의약품","단일","[M040355]아스피린","분할불가","",20250415,3128104567
"분할주의",201206847,"그리메폴서방정2/500밀리그램",2012September19th,"서방성필름코팅정","한미약품(주)","흰색의 장방형 필름코팅정",03960,"당뇨병용제","전문의약품","복합","[M223014]메트포르민염산염/[M086024]글리메피리드","분할불가","",20250310,1248700613
"분할주의",201206934,"딜라트렌에스알캡슐8밀리그램(카르베딜롤)",2012September25th,"서방성캡슐제, 펠렛","(주)종근당","흰색 내지 미황색 속방성 및 서방성 과립이 들어있는 상부 연한 분홍색, 하부 흰색의 경질캡슐제",02140,"혈압강하제","전문의약품","단일","[M259204]카르베딜롤과립","분할불가","",20220914,3128560679
"분할주의",201206935,"딜라트렌에스알캡슐16밀리그램(카르베딜롤)",2012September25th,"서방성캡슐제, 펠렛","(주)종근당","흰색 내지 미황색 속방성 및 서방성 과립이 들어있는 상부 미황색, 하부 흰색의 경질캡슐제",02140,"혈압강하제","전문의약품","단일","[M259204]카르베딜롤과립","분할불가","",20220914,3128560679
"분할주의",201206936,"딜라트렌에스알캡슐32밀리그램(카르베딜롤)",2012September25th,"서방성캡슐제, 펠렛","(주)종근당","흰색 내지 미황색 속방성 및 서방성 과립이 들어있는 상부 적갈색, 하부 흰색의 경질캡슐제",02140,"혈압강하제","전문의약품","단일","[M259204]카르베딜롤과립","분할불가","",20220914,3128560679
"분할주의",201207343,"덱실란트디알캡슐30밀리그램(덱스란소프라졸)",2012October22nd,"경질캡슐제, 서방성장용성펠렛","한국다케다제약(주)","백색 또는 연한 갈색의 과립이 충전된 상부청색, 하부회색의 경질캡슐",02320,"소화성궤양용제","전문의약품","단일","[M255434]덱스란소프라졸/[M255434]덱스란소프라졸","분할불가","",20250610,1068668073
"분할주의",201207344,"덱실란트디알캡슐60밀리그램(덱스란소프라졸)",2012October22nd,"경질캡슐제, 서방성장용성펠렛","한국다케다제약(주)","백색 또는 연한 갈색의 과립이 충전된 상부청색, 하부청색의 경질캡슐",02320,"소화성궤양용제","전문의약품","단일","[M255434]덱스란소프라졸/[M255434]덱스란소프라졸","분할불가","",20250610,1068668073
"분할주의",201207417,"아나피린장용정100밀리그램(아스피린)",2012October24th,"장용성필름코팅정","아주약품(주)","흰색의 원형 장용성 필름코팅정",02190,"기타의 순환계용약","일반의약품","단일","[M040355]아스피린","분할불가","",20250415,8028803696
"분할주의",201207590,"트라마롤서방정",2012October31st,"서방성필름코팅정","제일약품(주)","연한 황색의 장방형 필름코팅서방정",01140,"해열.진통.소염제","전문의약품","복합","[M222893]트라마돌염산염/[M040353]아세트아미노펜/[M040353]아세트아미노펜","분할불가","",20260219,2428500620
"분할주의",201207591,"엑스페인ER서방정",2012October31st,"서방성필름코팅정","(주)한독","연한 황색의 장방형 필름코팅서방정",01140,"해열.진통.소염제","전문의약품","복합","[M222893]트라마돌염산염/[M040353]아세트아미노펜/[M040353]아세트아미노펜","분할불가","",20260219,2208100530
"분할주의",201207592,"원트란서방정",2012October31st,"서방성필름코팅정","대원제약(주)","연한 황색의 장방형 필름코팅서방정",01140,"해열.진통.소염제","전문의약품","복합","[M255410]트라마돌염산염/[M040353]아세트아미노펜/[M040353]아세트아미노펜/[M255410]트라마돌염산염/[M040353]아세트아미노펜/[M040353]아세트아미노펜/[M255410]트라마돌염산염/[M040353]아세트아미노펜/[M040353]아세트아미노펜","분할불가","",20260219,2078136336
"분할주의",201208080,"라베드정20밀리그램(라베프라졸나트륨)",2012November9th,"장용성필름코팅정","동국제약(주)","담황색의원형장용필름코팅정",02320,"소화성궤양용제","전문의약품","단일","[M089852]라베프라졸나트륨","분할불가","",20230608,3018508241
"분할주의",201208281,"아스테린정(아스피린)",2012November15th,"장용성필름코팅정","성원애드콕제약(주)","흰색의 원형 장용성 필름코팅정",02190,"기타의 순환계용약","일반의약품","단일","[M040355]아스피린","분할불가","",20250415,1098148940
"분할주의",201208286,"라베나정10밀리그램(라베프라졸나트륨)",2012November15th,"장용성필름코팅정","(주)휴메딕스","담황색의 원형 장용 필름코팅정제",02320,"소화성궤양용제","전문의약품","단일","[M089852]라베프라졸나트륨","분할불가","",20230603,2048176343
"분할주의",201208463,"노보틴서방정(메트포르민염산염)",2012November19th,"서방정","오스틴제약(주)","흰색의 장방형 정제",03960,"당뇨병용제","전문의약품","단일","[M223014]메트포르민염산염","분할불가","",20230721,1248117301
"분할주의",201208632,"레토프라정10밀리그램(에스-판토프라졸나트륨삼수화물)",2012November22nd,"장용성필름코팅정","안국약품(주)","분홍색의 장용성 제피를 한 양면이 볼록한 타원형 정제",02320,"소화성궤양용제","전문의약품","단일","[M254776]에스-판토프라졸나트륨삼수화물","분할불가","",20230514,1188104188
"분할주의",201209007,"트라펜서방정",2012November30th,"서방성필름코팅정","명문제약(주)","연한 황색의 장방형 필름코팅서방정",01140,"해열.진통.소염제","전문의약품","복합","[M222893]트라마돌염산염/[M040353]아세트아미노펜/[M040353]아세트아미노펜","분할불가","",20260219,1248135615
"분할주의",201209552,"사조핀정 (설파살라진)(수출용)",2012December11th,"장용성당의정","(주)비씨월드제약","주황색타원형의장용성코팅정",06210,"설화제","전문의약품","단일","[M083653]설파살라진","분할불가","",20221011,1398111269
"분할주의",201210241,"라페졸정10밀리그램(라베프라졸나트륨)",2012December21st,"장용성필름코팅정","(주)킴스제약","담황색의 원형 장용필름코팅정제",02320,"소화성궤양용제","전문의약품","단일","[M089852]라베프라졸나트륨","분할불가","",20230603,1078701806
"분할주의",201210242,"라페졸정20밀리그램(라베프라졸나트륨)",2012December21st,"장용성필름코팅정","(주)킴스제약","담황색의 원형 장용필름코팅정제",02320,"소화성궤양용제","전문의약품","단일","[M089852]라베프라졸나트륨","분할불가","",20230603,1078701806
"분할주의",201210591,"에이에스피장용정100mg(아스피린)",2012December24th,"장용성필름코팅정","(주)파마킹","흰색의 원형 장용성 필름코팅정",02190,"기타의 순환계용약","일반의약품","단일","[M040355]아스피린","분할불가","",20250415,1298107322
"분할주의",201211564,"삼익아스피린장용정",2012December31st,"장용성필름코팅정","삼익제약(주)","흰색의 원형 장용코팅정",02190,"기타의 순환계용약","일반의약품","단일","[M040355]아스피린","분할불가","",20250415,1228113217
"분할주의",201300051,"아스텍트정(아스피린)",2013January4th,"장용성필름코팅정","(주)동구바이오제약","흰색의 원형 장용성 필름코팅정",02190,"기타의 순환계용약","일반의약품","단일","[M040355]아스피린","분할불가","",20260120,1248533615
"분할주의",201300140,"한올탐술로신캡슐(탐스로신염산염)",2013January8th,"서방성캡슐제, 펠렛","한올바이오파마(주)","흰색 내지 연한 노란색의 펠렛을 함유한 상의 살구색,하의 흰색의 캡슐제",02590,"기타의 비뇨생식기관 및 항문용약","전문의약품","단일","[M241531]탐스로신염산염","분할불가","",20241029,3068105479
"분할주의",201301236,"하루탐캡슐(탐스로신염산염)",2013January14th,"서방성캡슐제, 펠렛","하나제약(주)","미황색의 과립이 든 상의 엷은주황, 하의 백색의 캡슐",02590,"기타의 비뇨생식기관 및 항문용약","전문의약품","단일","[M243979]탐스로신염산염","분할불가","",20241029,1248137632
"분할주의",201301377,"유니온아스피린장용정",2013January15th,"장용성필름코팅정","한국유니온제약(주)","흰색의 원형 장용성 필름코팅정",02190,"기타의 순환계용약","일반의약품","단일","[M040355]아스피린","분할불가","",20250415,6078121765
"분할주의",201301656,"프라임아스피린장용정100밀리그램",2013January21st,"장용성필름코팅정","한국프라임제약(주)","흰색의 원형 장용성 필름코팅정",02190,"기타의 순환계용약","일반의약품","단일","[M040355]아스피린","분할불가","",20250415,4028524506
"분할주의",201302802,"켑베이서방정0.1밀리그램(클로니딘염산염)",2013January30th,"서방정","에이치케이이노엔(주)","흰색의 양면이 볼록한 원형 정제",01190,"기타의 중추신경용약","전문의약품","단일","[M223200]클로니딘염산염","분할불가","",20260213,2018638914
"분할주의",201303263,"브로모타제정",2013February1st,"장용성필름코팅정","알파제약(주)","녹색의 장용성 필름코팅정",03950,"효소제제","일반의약품","복합","[M095415]브로멜라인/[M051649]결정트립신","분할불가","",20230518,1398108124
"분할주의",201304287,"로베돌정10밀리그램(라베프라졸나트륨)",2013February7th,"장용성필름코팅정","한국유나이티드제약(주)","담황색의 원형 장용 필름코팅정",02320,"소화성궤양용제","전문의약품","단일","[M089852]라베프라졸나트륨","분할불가","",20230603,3078105244
"분할주의",201304288,"로베돌정20밀리그램(라베프라졸나트륨)",2013February7th,"장용성필름코팅정","한국유나이티드제약(주)","담황색의 원형 장용 필름코팅정",02320,"소화성궤양용제","전문의약품","단일","[M089852]라베프라졸나트륨","분할불가","",20230603,3078105244
"분할주의",201305957,"실로스탄씨알정200밀리그램(실로스타졸)",2013February28th,"서방정","한국유나이티드제약(주)","흰색의 장방형 서방정",03390,"기타의 혈액 및 체액용약","전문의약품","단일","[M070044]실로스타졸","분할불가","",20180907,3078105244
"분할주의",201305968,"빠리바정10밀리그램(라베프라졸나트륨)",2013March4th,"장용성필름코팅정","오스틴제약(주)","담황색의 원형 장용필름코팅정",02320,"소화성궤양용제","전문의약품","단일","[M089852]라베프라졸나트륨","분할불가","",20230603,1248117301
"분할주의",201305969,"빠리바정20밀리그램(라베프라졸나트륨)",2013March4th,"장용성필름코팅정","오스틴제약(주)","담황색의 원형 장용필름코팅정",02320,"소화성궤양용제","전문의약품","단일","[M089852]라베프라졸나트륨","분할불가","",20230603,1248117301
"분할주의",201306040,"엠피돈서방정20mg(옥시코돈염산염)(수출용)",2013March6th,"서방성필름코팅정","명문제약(주)","분홍색의 원형 서방성 제피정",08210,"합성마약","전문의약품","단일","[M238042]옥시코돈염산염","분할불가","","",1248135615
"분할주의",201306084,"탐스트로캡슐(탐스로신염산염)",2013March7th,"서방성캡슐제, 펠렛","한국유나이티드제약(주)","흰색 내지 연한 노란색의 펠렛을 함유한 상의 살구색,하의 흰색의 캡슐제",02590,"기타의 비뇨생식기관 및 항문용약","전문의약품","단일","[M243979]탐스로신염산염","분할불가","",20241029,3078105244
"분할주의",201306112,"아스필장용정(아스피린100밀리그람)",2013March8th,"장용성필름코팅정","익수제약(주)","흰색의 원형 장용성 필름코팅정",02190,"기타의 순환계용약","일반의약품","단일","[M040355]아스피린","분할불가","",20250415,1268104419
"분할주의",201306118,"시너젯이알서방정",2013March8th,"서방성필름코팅정","삼진제약(주)","연한 황색의 장방형 필름코팅서방정",01140,"해열.진통.소염제","전문의약품","복합","[M040353]아세트아미노펜/[M222893]트라마돌염산염/[M040353]아세트아미노펜","분할불가","",20260219,1248531621
"분할주의",201306203,"란사톤캡슐30mg(란소프라졸과립)",2013March14th,"경질캡슐제, 장용성과립제","하나제약(주)","흰색~엷은 갈색의 과립을 충전한 상하 흰색의 경질캡슐제",02320,"소화성궤양용제","전문의약품","단일","[M091244]란소프라졸과립","분할불가","",20251217,1248137632
"분할주의",201306277,"아스피바장용정(아스피린)",2013March19th,"장용성필름코팅정","(주)바이넥스","흰색의 원형 장용성 필름코팅정",02190,"기타의 순환계용약","일반의약품","단일","[M040355]아스피린","분할불가","",20251126,6038107005
"분할주의",201306382,"위란톤캡슐(란소프라졸과립)",2013March22nd,"경질캡슐제, 장용성과립제","한국휴텍스제약(주)","흰색-엷은 갈색의 과립을 충전한 상하 흰색의 경질캡슐",02320,"소화성궤양용제","전문의약품","단일","[M091244]란소프라졸과립","분할불가","",20240913,1128122382
"분할주의",201306401,"란스탑캡슐30밀리그램(란소프라졸과립)",2013March22nd,"경질캡슐제, 장용성과립제","(주)한국피엠지제약","흰색~엷은 갈색의 과립이 든 상, 하부 흰색의 경질캡슐",02320,"소화성궤양용제","전문의약품","단일","[M091244]란소프라졸과립","분할불가","",20240913,1348627965
"분할주의",201307061,"린아스장용정(아스피린)",2013April23rd,"장용성필름코팅정","알리코제약(주)","흰색의 원형 장용성 필름코팅정",02190,"기타의 순환계용약","일반의약품","단일","[M040355]아스피린","분할불가","",20250415,1348115033
"분할주의",201307416,"라베젠정20밀리그램(라베프라졸나트륨)",2013May22nd,"장용성필름코팅정","(주)셀릭스","담황색의 원형 장용 필름코팅정",02320,"소화성궤양용제","전문의약품","단일","[M089852]라베프라졸나트륨","분할불가","",20250722,1128132084
"분할주의",201307450,"오코돈서방정10밀리그램(옥시코돈염산염)",2013May23rd,"서방성필름코팅정","하나제약(주)","흰색의 원형 서방성 필름코팅정",08210,"합성마약","전문의약품","단일","[M238042]옥시코돈염산염","분할불가","","",1248137632
"분할주의",201307451,"오코돈서방정20밀리그램(옥시코돈염산염)",2013May23rd,"서방성필름코팅정","하나제약(주)","분홍색의 원형 서방성 필름코팅정",08210,"합성마약","전문의약품","단일","[M238042]옥시코돈염산염","분할불가","","",1248137632
"분할주의",201307563,"탐스플라캡슐(탐스로신염산염)",2013May30th,"서방성캡슐제, 펠렛","에스케이케미칼(주)","흰색 내지 연한 노란색의 펠렛을 함유한 상의 살구색, 하의 흰색의 캡슐",02590,"기타의 비뇨생식기관 및 항문용약","전문의약품","단일","[M241531]탐스로신염산염","분할불가","",20241029,8468100915
"분할주의",201307767,"칼리닌정50단위(칼리디노게나제)",2013June20th,"장용성필름코팅정","한국넬슨제약(주)","흰색의 원형 장용성 필름코팅정",02190,"기타의 순환계용약","전문의약품","단일","[M082140]칼리디노게나제","분할불가","",20130830,3038111410
"분할주의",201307807,"칼리나제정(칼리디노게나제)",2013June22nd,"장용성필름코팅정","한국프라임제약(주)","흰색의 원형 장용성 필름코팅정제",02190,"기타의 순환계용약","전문의약품","단일","[M082140]칼리디노게나제","분할불가","","",4028524506
"분할주의",201307895,"엑스페인ER세미서방정",2013June27th,"서방성필름코팅정","(주)한독","연한 황색의 원형 필름코팅서방정",01140,"해열.진통.소염제","전문의약품","복합","[M222893]트라마돌염산염/[M040353]아세트아미노펜/[M040353]아세트아미노펜","분할불가","",20260219,2208100530
"분할주의",201307896,"원트란세미서방정",2013June27th,"서방성필름코팅정","대원제약(주)","연한 황색의 원형 필름코팅서방정",01140,"해열.진통.소염제","전문의약품","복합","[M222893]트라마돌염산염/[M040353]아세트아미노펜/[M040353]아세트아미노펜","분할불가","",20260219,2078136336
"분할주의",201307928,"에이스린장용정(아스피린)",2013June28th,"장용성필름코팅정","(주)한국파비스제약","흰색의 원형 장용성 필름코팅정",02190,"기타의 순환계용약","일반의약품","단일","[M040355]아스피린","분할불가","",20250415,2838501407
"분할주의",201307929,"시너젯이알세미서방정",2013June28th,"서방성필름코팅정","삼진제약(주)","연한 황색의 원형 필름코팅서방정",01140,"해열.진통.소염제","전문의약품","복합","[M040353]아세트아미노펜/[M222893]트라마돌염산염/[M040353]아세트아미노펜","분할불가","",20260219,1248531621
"분할주의",201307930,"노자임캡슐40000(판크레아틴장용성제피펠렛)",2013June28th,"장용성캡슐제, 펠렛","(주)한국팜비오","독특한 향의 연갈색 장용성 제피펠렛을 함유하는 상부 불투명 갈색 하부 불투명 황색의 경질캡슐제",02330,"건위소화제","일반의약품","단일","[M257265]판크레아틴장용성제피펠렛","분할불가","",20210723,1258145722
"분할주의",201308053,"뉴란소캡슐30밀리그램(란소프라졸과립)",2013July5th,"경질캡슐제, 장용성과립제","한국유니온제약(주)","흰색-엷은 갈색의 과립을 충전한 상하 흰색의 경질캡슐제",02320,"소화성궤양용제","전문의약품","단일","[M091244]란소프라졸과립","분할불가","",20240913,6078121765
"분할주의",201308055,"트라펜세미서방정",2013July5th,"서방성필름코팅정","명문제약(주)","연한 황색의 원형 필름코팅서방정",01140,"해열.진통.소염제","전문의약품","복합","[M222893]트라마돌염산염/[M040353]아세트아미노펜/[M040353]아세트아미노펜","분할불가","",20260219,1248135615
"분할주의",201308197,"카레스정(칼리디노게나제)",2013July15th,"장용성필름코팅정","삼익제약(주)","흰색의 원형 장용성 필름코팅정",02190,"기타의 순환계용약","전문의약품","단일","[M082140]칼리디노게나제","분할불가","","",1228113217
"분할주의",201308279,"트라마롤세미서방정",2013July18th,"서방성필름코팅정","제일약품(주)","연한 황색의 원형 필름코팅서방정",01140,"해열.진통.소염제","전문의약품","복합","[M222893]트라마돌염산염/[M040353]아세트아미노펜/[M040353]아세트아미노펜","분할불가","",20260219,2428500620
"분할주의",201308371,"제미메트서방정25/500밀리그램",2013July25th,"서방성필름코팅정","(주)엘지화학","연한갈색의 타원형 필름코팅정",03960,"당뇨병용제","전문의약품","복합","[M254878]제미글립틴타르타르산염1.5수화물/[M223014]메트포르민염산염","분할불가","",20230629,1078198139
"분할주의",201308374,"카디나정(칼리디노게나제)",2013July25th,"장용성필름코팅정","(주)한국파비스제약","적색의 원형 장용성 필름코팅정",02190,"기타의 순환계용약","전문의약품","단일","[M082140]칼리디노게나제","분할불가","",20191107,2838501407
"분할주의",201308448,"아스피드정(아스피린)",2013July29th,"장용성필름코팅정","(주)일화","흰색의 원형 장용성 필름코팅정",02190,"기타의 순환계용약","일반의약품","단일","[M040355]아스피린","분할불가","",20260430,1328101004
"분할주의",201308475,"라이시스정(수출용)",2013July30th,"장용성당의정","주식회사제뉴원사이언스","수출용1 : 흰색의 원형 장용성 당의정 수출용2 : 흰색의 원형 필름 코팅정",03950,"효소제제","일반의약품","복합","[M095415]브로멜라인/[M051649]결정트립신/[M095415]브로멜라인/[M051649]결정트립신","분할불가","",20180124,6218542600
"분할주의",201308595,"라베정10밀리그램(라베프라졸나트륨)",2013July31st,"장용성필름코팅정","(주)서울제약","담황색의 원형 장용필름코팅정",02320,"소화성궤양용제","전문의약품","단일","[M089852]라베프라졸나트륨","분할불가","",20240122,1338130405
"분할주의",201308596,"라베정20밀리그램(라베프라졸나트륨)",2013July31st,"장용성필름코팅정","(주)서울제약","담황색의 원형 장용필름코팅정",02320,"소화성궤양용제","전문의약품","단일","[M089852]라베프라졸나트륨","분할불가","",20240816,1338130405
"분할주의",201308651,"타무로신캡슐(탐스로신염산염)",2013August2nd,"서방성캡슐제, 펠렛","(주)일화","흰색-미황색의 펠렛을 함유한 상의 살구색, 하의 흰색의 캡슐제",02590,"기타의 비뇨생식기관 및 항문용약","전문의약품","단일","[M243979]탐스로신염산염","분할불가","",20241029,1328101004
"분할주의",201308902,"오메프라존캡슐(오메프라졸)",2013August20th,"경질캡슐제, 장용성과립제","한국휴텍스제약(주)","미황색의 장용성 과립이 충진된 상부 적갈색, 하부 분홍색의 경질캡슐제",02320,"소화성궤양용제","전문의약품","단일","[M083697]오메프라졸장용성과립","분할불가","",20240327,1128122382
"분할주의",201308924,"하원아스피린장용정100mg",2013August21st,"장용성필름코팅정","(주)하원제약","흰색의 원형 장용성 필름코팅정",02190,"기타의 순환계용약","일반의약품","단일","[M040355]아스피린","분할불가","",20250415,1258101840
"분할주의",201308942,"경보라베프라졸정20mg(라베프라졸나트륨)",2013August22nd,"장용성필름코팅정","(주)경보제약","담황색의 원형 장용필름코팅정",02320,"소화성궤양용제","전문의약품","단일","[M089852]라베프라졸나트륨","분할불가","",20230603,3128104567
"분할주의",201308958,"트릴라임정(수출용)(수출명: TRILAIM TAB.)",2013August22nd,"장용성필름코팅정","(주)마더스제약","녹색의 원형 장용성 필름코팅정",03950,"효소제제","일반의약품","복합","[M095415]브로멜라인/[M051649]결정트립신","분할불가","","",3128629302
"분할주의",201308978,"뉴란소캡슐15밀리그램(란소프라졸과립)",2013August23rd,"경질캡슐제, 장용성과립제","한국유니온제약(주)","흰색-엷은 갈색의 과립을 충진한 상부 흰색, 하부 노란색의 경질캡슐제",02320,"소화성궤양용제","전문의약품","단일","[M091244]란소프라졸과립","분할불가","",20240913,6078121765
"분할주의",201309112,"경동아스피린장용정",2013August30th,"장용성필름코팅정","경동제약(주)","흰색의 원형 장용성 필름코팅정",02190,"기타의 순환계용약","일반의약품","단일","[M040355]아스피린","분할불가","",20260407,1248135518
"분할주의",201309231,"퍼틴셀정(수출용)(수출명 : Furtinsel tab.)",2013September9th,"장용성필름코팅정","(주)마더스제약","적색의 원형장용성 필름코팅정",03950,"효소제제","일반의약품","복합","[M051649]결정트립신/[M095415]브로멜라인","분할불가","","",3128629302
"분할주의",201309464,"다이포민서방정(메트포르민염산염)",2013September27th,"서방정","(주)화이트생명과학","흰색의 장방형 정제",03960,"당뇨병용제","전문의약품","단일","[M223014]메트포르민염산염","분할불가","",20230721,2208843940
"분할주의",201310133,"영일아스피린장용정100mg(아스피린)",2013November14th,"장용성필름코팅정","영일제약(주)","흰색의 원형 장용성 필름코팅정",02190,"기타의 순환계용약","일반의약품","단일","[M040355]아스피린","분할불가","",20251111,3018106847
"분할주의",201310148,"라베프리정10mg(라베프라졸나트륨)",2013November15th,"장용성필름코팅정","(주)동구바이오제약","담황색의 원형 장용필름코팅정",02320,"소화성궤양용제","전문의약품","단일","[M089852]라베프라졸나트륨","분할불가","",20230603,1248533615
"분할주의",201310149,"라베프리정20mg(라베프라졸나트륨)",2013November15th,"장용성필름코팅정","(주)동구바이오제약","담황색의 원형 장용필름코팅정",02320,"소화성궤양용제","전문의약품","단일","[M089852]라베프라졸나트륨","분할불가","",20230603,1248533615
"분할주의",201310151,"이소비지속성캡슐(지속성질산이소소르비드펠렛)(수출용)",2013November15th,"서방성캡슐제, 펠렛","삼남제약(주)","미백색 펠렛이 들어있는 상부 군청색 하부 무색투명의 캡슐제",02170,"혈관확장제","전문의약품","단일","[M081164]지속성질산이소소르비드펠렛","분할불가","","",3058118345
"분할주의",201310207,"명문아스피린장용정100mg",2013November20th,"장용성필름코팅정","명문제약(주)","흰색의 원형 장용성 필름코팅정",02190,"기타의 순환계용약","일반의약품","단일","[M040355]아스피린/[M040355]아스피린","분할불가","",20250415,1248135615
"분할주의",201310242,"미라프서방정0.75밀리그램(프라미펙솔염산염일수화물)",2013November21st,"서방정","현대약품(주)","흰색 또는 밝은 회색의 양쪽이 볼록한 원형 서방성 정제",01190,"기타의 중추신경용약","전문의약품","단일","[M247162]프라미펙솔염산염일수화물","분할불가","",20180629,1308100988
"분할주의",201310251,"라베올정10밀리그램(라베프라졸나트륨)",2013November22nd,"장용성필름코팅정","삼진제약(주)","담황색의 원형 장용 필름코팅정",02320,"소화성궤양용제","전문의약품","단일","[M089852]라베프라졸나트륨","분할불가","",20230603,1248531621
"분할주의",201310252,"라베올정20밀리그램(라베프라졸나트륨)",2013November22nd,"장용성필름코팅정","삼진제약(주)","담황색의 원형 장용 필름코팅정",02320,"소화성궤양용제","전문의약품","단일","[M089852]라베프라졸나트륨","분할불가","",20230603,1248531621
"분할주의",201310283,"다미젠정 5mg(수출용)",2013November25th,"장용성필름코팅정","대우제약(주)","백색의 원형 장용제피정",03950,"효소제제","일반의약품","단일","[M099414]세라티오펩티다제","분할불가","","",6038109769
"분할주의",201310313,"파리나졸정10mg(라베프라졸나트륨)",2013November27th,"장용성필름코팅정","한국휴텍스제약(주)","담황색의 원형 장용필름코팅정",02320,"소화성궤양용제","전문의약품","단일","[M089852]라베프라졸나트륨","분할불가","",20260511,1128122382
"분할주의",201310336,"유로신서방정0.2밀리그램(탐스로신염산염)",2013November27th,"서방성필름코팅정","(주)화이트생명과학","흰색의 원형 필름코팅정제",02590,"기타의 비뇨생식기관 및 항문용약","전문의약품","단일","[M243979]탐스로신염산염","분할불가","",20241029,2208843940
"분할주의",201310349,"넥스핀장용정100mg(아스피린)",2013November28th,"장용성필름코팅정","(주)넥스팜코리아","흰색의 원형 장용성 필름코팅정",02190,"기타의 순환계용약","일반의약품","단일","[M040355]아스피린","분할불가","",20250415,3018125427
"분할주의",201310362,"레스프라졸정10밀리그램(라베프라졸나트륨)",2013November28th,"장용성필름코팅정","한화제약(주)","담황색의 원형 장용필름코팅정",02320,"소화성궤양용제","전문의약품","단일","[M089852]라베프라졸나트륨","분할불가","",20230603,1358104771
"분할주의",201310387,"레스프라졸정20밀리그램(라베프라졸나트륨)",2013November29th,"장용성필름코팅정","한화제약(주)","담황색의 원형 장용필름코팅정",02320,"소화성궤양용제","전문의약품","단일","[M089852]라베프라졸나트륨","분할불가","",20230603,1358104771
"분할주의",201310592,"바소피린장용정(아스피린)",2013December9th,"장용성필름코팅정","조아제약(주)","흰색의 원형 장용성 필름코팅정",02190,"기타의 순환계용약","일반의약품","단일","[M040355]아스피린","분할불가","",20250415,6088124071
"분할주의",201310720,"라베스틴정20mg(라베프라졸나트륨)",2013December17th,"장용성필름코팅정","(주)하원제약","담황색의 원형 장용필름코팅정",02320,"소화성궤양용제","전문의약품","단일","[M089852]라베프라졸나트륨","분할불가","",20230603,1258101840
"분할주의",201310766,"시스로펜정(라베프라졸나트륨)(수출용)",2013December19th,"장용성필름코팅정","한국프라임제약(주)","담황색의 원형 장용 필름코팅정",02320,"소화성궤양용제","전문의약품","단일","[M089852]라베프라졸나트륨/[M089852]라베프라졸나트륨","분할불가","",20230603,4028524506
"분할주의",201310780,"라베졸정10mg(라베프라졸나트륨)",2013December19th,"장용성필름코팅정","(주)테라젠이텍스","담황색의 원형 장용필름코팅정",02320,"소화성궤양용제","전문의약품","단일","[M089852]라베프라졸나트륨","분할불가","",20230603,1348545665
"분할주의",201310781,"라베졸정20mg(라베프라졸나트륨)",2013December19th,"장용성필름코팅정","(주)테라젠이텍스","담황색의 원형 장용필름코팅정",02320,"소화성궤양용제","전문의약품","단일","[M089852]라베프라졸나트륨","분할불가","",20230603,1348545665
"분할주의",201310824,"라베움정10밀리그램(라베프라졸나트륨)",2013December23rd,"장용성필름코팅정","(주)메디카코리아","담황색의 원형 장용필름코팅정",02320,"소화성궤양용제","전문의약품","단일","[M089852]라베프라졸나트륨","분할불가","",20230603,1208165228
"분할주의",201310825,"라베움정20밀리그램(라베프라졸나트륨)",2013December23rd,"장용성필름코팅정","(주)메디카코리아","담황색의 원형 장용필름코팅정",02320,"소화성궤양용제","전문의약품","단일","[M089852]라베프라졸나트륨","분할불가","",20240329,1208165228
"분할주의",201310933,"듀로프렉스캡슐60밀리그램(둘록세틴염산염)",2013December30th,"장용성캡슐제, 펠렛","고려제약(주)","흰색 내지 연한 갈색의 장용성 구형과립이 든 상부 청색, 하부 노란연두색의 경질캡슐제",01170,"정신신경용제","전문의약품","단일","[M259598]둘록세틴염산염장용과립","분할불가","",20240510,1268104796
"분할주의",201310977,"라비엠정20mg(라베프라졸나트륨)",2013December31st,"장용성필름코팅정","구주제약(주)","담황색의 원형 장용필름코팅정",02320,"소화성궤양용제","전문의약품","단일","[M089852]라베프라졸나트륨","분할불가","",20230603,1248136268
"분할주의",201310978,"라비엠정10mg(라베프라졸나트륨)",2013December31st,"장용성필름코팅정","구주제약(주)","담황색의 원형 장용필름코팅정",02320,"소화성궤양용제","전문의약품","단일","[M089852]라베프라졸나트륨","분할불가","",20230603,1248136268
"분할주의",201310988,"베타미가서방정50밀리그램(미라베그론)",2013December31st,"서방성필름코팅정","한국아스텔라스제약(주)","노란색의 타원형 필름코팅 서방정",02590,"기타의 비뇨생식기관 및 항문용약","전문의약품","단일","[M258610]미라베그론","분할불가","",20210116,1208141338
"분할주의",201310989,"베타미가서방정25밀리그램(미라베그론)",2013December31st,"서방성필름코팅정","한국아스텔라스제약(주)","갈색의 타원형 필름코팅서방정",02590,"기타의 비뇨생식기관 및 항문용약","전문의약품","단일","[M258610]미라베그론","분할불가","",20210116,1208141338
"분할주의",201400115,"글루세라서방정500mg(메트포르민염산염)",2014January13th,"서방정","삼천당제약(주)","흰색의 장방형 정제",03960,"당뇨병용제","전문의약품","단일","[M223014]메트포르민염산염","분할불가","",20230721,1248104295
"분할주의",201400156,"라베파졸정10밀리그램(라베프라졸나트륨)",2014January15th,"장용성필름코팅정","대우제약(주)","담황색의 원형 장용 필름코팅정",02320,"소화성궤양용제","전문의약품","단일","[M089852]라베프라졸나트륨","분할불가","",20230603,6038109769
"분할주의",201400277,"리트모놈SR서방캡슐425밀리그램(프로파페논염산염)",2014January21st,"서방성캡슐제, 펠렛","한국애보트(유)","흰색 내지 거의 흰색의 양면이 볼록한 원형의 서방형 마이크로정제를 포함하고 있는 흰색 내지 거의 흰색의 불투명한 경질 캡슐",02120,"부정맥용제","전문의약품","단일","[M222902]프로파페논염산염","분할불가","",20241016,1208154740
"분할주의",201400278,"리트모놈SR서방캡슐225밀리그램(프로파페논염산염)",2014January21st,"서방성캡슐제, 펠렛","한국애보트(유)","흰색 내지 거의 흰색의 양면이 볼록한 원형의 서방형 마이크로정제를 포함하고 있는 흰색 내지 거의 흰색의 불투명한 경질 캡슐",02120,"부정맥용제","전문의약품","단일","[M222902]프로파페논염산염","분할불가","",20241216,1208154740
"분할주의",201400279,"리트모놈SR서방캡슐325밀리그램(프로파페논염산염)",2014January21st,"서방성캡슐제, 펠렛","한국애보트(유)","흰색 내지 거의 흰색의 양면이 볼록한 원형의 서방형 마이크로정제를 포함하고 있는 흰색 내지 거의 흰색의 불투명한 경질 캡슐",02120,"부정맥용제","전문의약품","단일","[M222902]프로파페논염산염","분할불가","",20241216,1208154740
"분할주의",201400318,"유한아스피린장용정(아스피린)",2014January23rd,"장용성필름코팅정","(주)유한양행","흰색의 원형 장용성 필름코팅정",02190,"기타의 순환계용약","일반의약품","단일","[M040355]아스피린","분할불가","",20250415,1188100601
"분할주의",201400351,"판피록정40mg(판토프라졸나트륨세스키히드레이트)",2014January27th,"장용성필름코팅정","한국휴텍스제약(주)","황색의 장용성 제피를 한 타원형 정제",02320,"소화성궤양용제","전문의약품","단일","[M089465]판토프라졸나트륨세스키히드레이트","분할불가","",20230724,1128122382
"분할주의",201400354,"라베파졸정20밀리그램(라베프라졸나트륨)",2014January27th,"장용성필름코팅정","대우제약(주)","담황색의 원형 장용 필름코팅정",02320,"소화성궤양용제","전문의약품","단일","[M089852]라베프라졸나트륨","분할불가","",20230603,6038109769
"분할주의",201400372,"파비라졸정10밀리그램(라베프라졸나트륨)",2014January28th,"장용성필름코팅정","알보젠코리아(주)","담황색의 원형 장용필름코팅정",02320,"소화성궤양용제","전문의약품","단일","[M089852]라베프라졸나트륨","분할불가","",20230603,2158121950
"분할주의",201400390,"미라프서방정0.375밀리그램(프라미펙솔염산염일수화물)",2014January28th,"서방정","현대약품(주)","흰색 또는 밝은 회색의 양쪽이 볼록한 원형 서방성 정제",01190,"기타의 중추신경용약","전문의약품","단일","[M247162]프라미펙솔염산염일수화물","분할불가","",20180629,1308100988
"분할주의",201400391,"미라프서방정1.5밀리그램(프라미펙솔염산염일수화물)",2014January28th,"서방정","현대약품(주)","흰색 또는 밝은 회색의 양쪽이 볼록한 장방형 서방성 정제",01190,"기타의 중추신경용약","전문의약품","단일","[M247162]프라미펙솔염산염일수화물","분할불가","",20180629,1308100988
"분할주의",201400422,"파비라졸정20밀리그램(라베프라졸나트륨)",2014January29th,"장용성필름코팅정","알보젠코리아(주)","담황색의 원형 장용필름코팅정",02320,"소화성궤양용제","전문의약품","단일","[M089852]라베프라졸나트륨","분할불가","",20230603,2158121950
"분할주의",201400493,"유영아스피린장용정100mg",2014February4th,"장용성필름코팅정","(주)유영제약","흰색의 원형 장용성 필름코팅정",02190,"기타의 순환계용약","일반의약품","단일","[M040355]아스피린","분할불가","",20250415,3018109728
"분할주의",201400537,"프리스틱서방정50밀리그램(데스벤라팍신숙신산염일수화물)",2014February6th,"서방성필름코팅정","한국화이자제약(주)","엷은 분홍색의 한면이 피라미드형인 정사각형 서방성 필름코팅정",01170,"정신신경용제","전문의약품","단일","[M258837]데스벤라팍신숙신산염일수화물","분할불가","",20231219,2078100406
"분할주의",201400538,"프리스틱서방정100밀리그램(데스벤라팍신숙신산염일수화물)",2014February6th,"서방성필름코팅정","한국화이자제약(주)","주홍색의 한면이 피라미드형인 정사각형 서방성 필름코팅정",01170,"정신신경용제","전문의약품","단일","[M258837]데스벤라팍신숙신산염일수화물","분할불가","",20231219,2078100406
"분할주의",201400848,"오코돈서방정40밀리그램(옥시코돈염산염)",2014February24th,"서방성필름코팅정","하나제약(주)","노란색의 원형 서방성 필름코팅정",08210,"합성마약","전문의약품","단일","[M238042]옥시코돈염산염","분할불가","","",1248137632
"분할주의",201400957,"라베프란정10밀리그램(라베프라졸나트륨)",2014February28th,"장용성필름코팅정","(주)한국피엠지제약","담황색의 원형 장용 필름코팅정",02320,"소화성궤양용제","전문의약품","단일","[M089852]라베프라졸나트륨","분할불가","",20260112,1348627965
"분할주의",201401471,"라벨라정10mg(라베프라졸나트륨)",2014March28th,"장용성필름코팅정","(주)팜젠사이언스","담황색의 원형 장용필름코팅정",02320,"소화성궤양용제","전문의약품","단일","[M089852]라베프라졸나트륨","분할불가","",20230603,1248136540
"분할주의",201401472,"라벨라정20mg(라베프라졸나트륨)",2014March28th,"장용성필름코팅정","(주)팜젠사이언스","담황색의 원형 장용필름코팅정",02320,"소화성궤양용제","전문의약품","단일","[M089852]라베프라졸나트륨","분할불가","",20230603,1248136540
"분할주의",201401473,"현대란소프라졸캡슐15밀리그램(란소프라졸과립)",2014March28th,"경질캡슐제, 장용성과립제","현대약품(주)","흰색-엷은 갈색의 과립을 충진한 상부 흰색, 하부 노란색의 경질캡슐제",02320,"소화성궤양용제","전문의약품","단일","[M091244]란소프라졸과립","분할불가","",20240913,1308100988
"분할주의",201401474,"현대란소프라졸캡슐30밀리그램(란소프라졸과립)",2014March28th,"경질캡슐제, 장용성과립제","현대약품(주)","백색~엷은 갈색의 과립을 충전한 상하 흰색의 경질캡슐제",02320,"소화성궤양용제","전문의약품","단일","[M091244]란소프라졸과립","분할불가","",20240913,1308100988
"분할주의",201401484,"씨엠지아스피린장용정100mg",2014March31st,"장용성필름코팅정","(주)씨엠지제약","흰색의 원형 장용성 필름코팅정",02190,"기타의 순환계용약","일반의약품","단일","[M040355]아스피린","분할불가","",20250415,1348171976
"분할주의",201401518,"이노엔메트포르민서방정(메트포르민염산염)",2014March31st,"서방정","에이치케이이노엔(주)","흰색의 장방형 정제",03960,"당뇨병용제","전문의약품","단일","[M223014]메트포르민염산염","분할불가","",20230721,2018638914
"분할주의",201401792,"듀로프렉스캡슐30밀리그램(둘록세틴염산염)",2014April14th,"장용성캡슐제, 펠렛","고려제약(주)","흰색 내지 연한 갈색의 장용성 구형과립이 든 상부 청색, 하부 흰색의 경질캡슐제",01170,"정신신경용제","전문의약품","단일","[M259598]둘록세틴염산염장용과립","분할불가","",20240510,1268104796
"분할주의",201401944,"장제로정",2014April22nd,"장용성필름코팅정","일양약품(주)","초록색의 원형 장용성 필름코팅정",02380,"하제, 완장제","일반의약품","복합","[M050687]비사코딜/[M081950]도큐세이트나트륨","분할불가","",20240112,2098100872
"분할주의",201401965,"유록틴캡슐30밀리그램(둘록세틴염산염)",2014April23rd,"장용성캡슐제, 펠렛","(주)유영제약","흰색 내지 연한 갈색의 장용성 구형과립이 들어있는 상부 청색, 하부 흰색의 경질캡슐제",01170,"정신신경용제","전문의약품","단일","[M259598]둘록세틴염산염장용과립","분할불가","",20240704,3018109728
"분할주의",201401966,"유록틴캡슐60밀리그램(둘록세틴염산염)",2014April23rd,"장용성캡슐제, 펠렛","(주)유영제약","흰색 내지 연한 갈색의 장용성 구형과립이 들어있는 상부청색, 하부 노란연두색의 경질캡슐제",01170,"정신신경용제","전문의약품","단일","[M259598]둘록세틴염산염장용과립","분할불가","",20240704,3018109728
"분할주의",201402049,"그리코민서방정500밀리그램(메트포르민염산염)",2014April30th,"서방정","일성아이에스(주)","백색∼미황색의 장방형 정제",03960,"당뇨병용제","전문의약품","단일","[M223014]메트포르민염산염","분할불가","",20230721,1068100710
"분할주의",201402150,"마이셀타캡슐30밀리그램(둘록세틴염산염)",2014May8th,"장용성캡슐제, 펠렛","(주)한국파마","흰색 내지 회백색의 장용성 구형 과립이 들어있는 상부 청색, 하부 흰색의 경질캡슐제",01170,"정신신경용제","전문의약품","단일","[M259598]둘록세틴염산염장용과립","분할불가","",20210712,1248115899
"분할주의",201402151,"마이셀타캡슐60밀리그램(둘록세틴염산염)",2014May8th,"장용성캡슐제, 펠렛","(주)한국파마","흰색 내지 회백색의 장용성 구형 과립이 들어있는 상부 청색, 하부 노란연두색의 경질캡슐제",01170,"정신신경용제","전문의약품","단일","[M259598]둘록세틴염산염장용과립","분할불가","",20210714,1248115899
"분할주의",201402238,"드록틴캡슐60밀리그램(둘록세틴염산염)",2014May14th,"장용성캡슐제, 펠렛","명인제약(주)","흰색～연한 노란색의 장용코팅된 펠렛이 들어있는 상부 파란색, 하부 노란 연두색의 경질캡슐",01170,"정신신경용제","전문의약품","단일","[M258603]둘록세틴염산염","분할불가","",20230616,1248118673
"분할주의",201402245,"탐스서방정0.2밀리그램(탐스로신염산염)",2014May14th,"서방성필름코팅정","영풍제약(주)","흰색의 원형 필름코팅정제",02590,"기타의 비뇨생식기관 및 항문용약","전문의약품","단일","[M243979]탐스로신염산염","분할불가","",20251010,1398102509
"분할주의",201402270,"두셀라캡슐60밀리그램(둘록세틴염산염)",2014May15th,"장용성캡슐제, 펠렛","한림제약(주)","흰색 내지 연한 갈색의 장용성 구형과립이 든 상부 청색, 하부 노란연두색의 경질캡슐제",01170,"정신신경용제","전문의약품","단일","[M259598]둘록세틴염산염장용과립","분할불가","",20230925,1358102638
"분할주의",201402273,"두셀라캡슐30밀리그램(둘록세틴염산염)",2014May16th,"장용성캡슐제, 펠렛","한림제약(주)","흰색 내지 연한 갈색의 장용성 구형과립이 든 상부 청색 하부 흰색의 경질캡슐제",01170,"정신신경용제","전문의약품","단일","[M259598]둘록세틴염산염장용과립","분할불가","",20230925,1358102638
"분할주의",201402409,"드록틴캡슐30밀리그램(둘록세틴염산염)",2014May27th,"장용성캡슐제, 펠렛","명인제약(주)","흰색～연한 노란색의 장용코팅된 펠렛이 들어있는 상부 파란색, 하부 흰색의 경질캡슐",01170,"정신신경용제","전문의약품","단일","[M258603]둘록세틴염산염","분할불가","",20230616,1248118673
"분할주의",201402460,"동광둘록세틴캡슐30밀리그램(둘록세틴염산염)",2014May30th,"장용성캡슐제, 펠렛","동광제약(주)","흰색 내지 연한 갈색의 장용성 구형 과립이 들어 있는 상부 청색, 하부 흰색의 경질캡슐제",01170,"정신신경용제","전문의약품","단일","[M259598]둘록세틴염산염장용과립","분할불가","",20200411,2018644250
"분할주의",201402461,"동광둘록세틴캡슐60밀리그램(둘록세틴염산염)",2014May30th,"장용성캡슐제, 펠렛","동광제약(주)","흰색 내지 연한 갈색의 장용성 구형 과립이 들어 있는 상부 청색, 하부 노란연두색의 경질캡슐제",01170,"정신신경용제","전문의약품","단일","[M259598]둘록세틴염산염장용과립","분할불가","",20200411,2018644250
"분할주의",201402652,"뉴카나정(칼리디노게나제)",2014June13th,"장용성필름코팅정","안국뉴팜(주)","주황색 원형의 장용성 필름코팅정",02190,"기타의 순환계용약","전문의약품","단일","[M082140]칼리디노게나제","분할불가","",20250424,4938700407
"분할주의",201402678,"삼진아스피린장용정",2014June16th,"장용성필름코팅정","삼진제약(주)","흰색의 원형 장용성 필름코팅정",02190,"기타의 순환계용약","일반의약품","단일","[M040355]아스피린","분할불가","",20250415,1248531621
"분할주의",201402805,"칼키나제정(칼리디노게나제)",2014June24th,"장용성필름코팅정","(주)팜젠사이언스","주황색 원형의 장용성 필름코팅정",02190,"기타의 순환계용약","전문의약품","단일","[M082140]칼리디노게나제","분할불가","",20200730,1248136540
"분할주의",201402808,"서카딘서방정2mg(멜라토닌)",2014June24th,"서방정","건일제약(주)","흰색 내지 회백색의 양면이 볼록한 원형 정제",01120,"최면진정제","전문의약품","단일","[M278007]멜라토닌","분할불가","",20210719,3128106060
"분할주의",201402822,"칼디노정(칼리디노게나제)",2014June24th,"장용성필름코팅정","(주)하원제약","흰색의 원형 장용성 필름코팅정",02190,"기타의 순환계용약","전문의약품","단일","[M082140]칼리디노게나제","분할불가","","",1258101840
"분할주의",201402846,"란프톤캡슐15밀리그램(란소프라졸)",2014June26th,"장용성캡슐제, 펠렛","삼천당제약(주)","흰색-엷은 갈색의 과립이 든 상, 하부 흰색의 경질캡슐제",02320,"소화성궤양용제","전문의약품","단일","[M085578]란소프라졸","분할불가","",20240913,1248104295
"분할주의",201402862,"칼리스정(칼리디노게나제)",2014June27th,"장용성필름코팅정","(주)킵스바이오파마","흰색의 원형 장용성 필름코팅정",02190,"기타의 순환계용약","전문의약품","단일","[M082140]칼리디노게나제","분할불가","",20150306,2098126571
"분할주의",201402863,"크로나제정(칼리디노게나제)",2014June27th,"장용성필름코팅정","이연제약(주)","흰색의 원형 장용성 필름코팅정",02190,"기타의 순환계용약","전문의약품","단일","[M082140]칼리디노게나제","분할불가","",20141201,3018505394
"분할주의",201402864,"유칼린정(칼리디노게나제)",2014June27th,"장용성필름코팅정","(주)유영제약","흰색의 원형 장용성 필름코팅정",02190,"기타의 순환계용약","전문의약품","단일","[M082140]칼리디노게나제","분할불가","","",3018109728
"분할주의",201402865,"칼리신정50단위(칼리디노게나제)",2014June27th,"장용성필름코팅정","(주)휴온스","흰색의 원형 장용성 필름코팅정",02190,"기타의 순환계용약","전문의약품","단일","[M082140]칼리디노게나제","분할불가","","",8638700270
"분할주의",201402868,"듀로셉톨캡슐30밀리그램(둘록세틴염산염)",2014June27th,"장용성캡슐제, 펠렛","환인제약(주)","흰색 장용성 구형과립이 들어있는 상부 청색, 하부 흰색의 경질 캡슐제",01170,"정신신경용제","전문의약품","단일","[M258603]둘록세틴염산염","분할불가","",20231130,2158136171
"분할주의",201402869,"듀로셉톨캡슐60밀리그램(둘록세틴염산염)",2014June27th,"장용성캡슐제, 펠렛","환인제약(주)","흰색 장용성 구형과립이 들어있는 상부 청색, 하부 노란 연두색의 경질 캡슐제",01170,"정신신경용제","전문의약품","단일","[M258603]둘록세틴염산염","분할불가","",20231130,2158136171
"분할주의",201402909,"글루엠서방정(메트포르민염산염)",2014June30th,"서방정","삼익제약(주)","흰색의 양면이 볼록한 장방형 서방정",03960,"당뇨병용제","전문의약품","단일","[M223014]메트포르민염산염","분할불가","",20230721,1228113217
"분할주의",201402912,"오엠피에스정40밀리그램(에스오메프라졸마그네슘이수화물)",2014June30th,"장용성필름코팅정","(주)종근당","분홍색 장방형 필름코팅정제",02320,"소화성궤양용제","전문의약품","단일","[M259375]에스오메프라졸마그네슘이수화물","분할불가","",20240327,3128560679
"분할주의",201402913,"오엠피에스정20밀리그램(에스오메프라졸마그네슘이수화물)",2014June30th,"장용성필름코팅정","(주)종근당","연분홍색 장방형 필름코팅정제",02320,"소화성궤양용제","전문의약품","단일","[M259375]에스오메프라졸마그네슘이수화물","분할불가","",20240327,3128560679
"분할주의",201402959,"글로아스피린장용정100mg(아스피린)",2014July3rd,"장용성필름코팅정","(주)킵스바이오파마","흰색의 원형 장용성 필름코팅정",02190,"기타의 순환계용약","일반의약품","단일","[M040355]아스피린","분할불가","",20260108,2098126571
"분할주의",201403012,"카레인정50단위(칼리디노게나제)",2014July8th,"장용성필름코팅정","(주)테라젠이텍스","흰색의 원형장용성 필름코팅정",02190,"기타의 순환계용약","전문의약품","단일","[M082140]칼리디노게나제","분할불가","","",1348545665
"분할주의",201403050,"피아이졸정20mg(라베프라졸나트륨)",2014July9th,"장용성필름코팅정","알리코제약(주)","담황색의 원형 장용필름코팅정",02320,"소화성궤양용제","전문의약품","단일","[M089852]라베프라졸나트륨","분할불가","",20230603,1348115033
"분할주의",201403056,"탐슬로서방정0.2밀리그램(탐스로신염산염)",2014July10th,"서방성필름코팅정","(주)알피바이오","흰색의 원형 필름코팅정제",02590,"기타의 비뇨생식기관 및 항문용약","전문의약품","단일","[M241531]탐스로신염산염","분할불가","",20241029,3048511124
"분할주의",201403148,"칼러제정(칼리디노게나제)",2014July15th,"장용성필름코팅정","(주)제뉴파마","주황색 원형의 장용성 필름코팅정",02190,"기타의 순환계용약","전문의약품","단일","[M082140]칼리디노게나제","분할불가","",20200924,7338802047
"분할주의",201403199,"에이프로젠라베프라졸정20밀리그램(라베프라졸나트륨)",2014July17th,"장용성필름코팅정","(주)에이프로젠바이오로직스","담황색의 원형 장용 필름코팅정",02320,"소화성궤양용제","전문의약품","단일","[M089852]라베프라졸나트륨/[M089852]라베프라졸나트륨","분할불가","",20230603,2188100518
"분할주의",201403217,"파라메트정10밀리그램(라베프라졸나트륨)",2014July18th,"장용성필름코팅정","하나제약(주)","연한 노란분홍색의 원형 장용필름코팅정",02320,"소화성궤양용제","전문의약품","단일","[M089852]라베프라졸나트륨","분할불가","",20230603,1248137632
"분할주의",201403398,"듀아비브정0.45/20밀리그램",2014July25th,"서방성필름코팅정","한국화이자제약(주)","한쪽면에 “0.45/20”이 새겨진 타원형의 양면이 볼록한 분홍색 필름코팅 서방정",02470,"난포호르몬제 및 황체호르몬제","전문의약품","복합","[M259850]결합형에스트로겐4.29%/[M253432]바제독시펜아세테이트","분할불가","",20241023,2078100406
"분할주의",201403423,"다이어메트 이알정 500mg(수출용)",2014July25th,"서방정","초당약품공업(주)","흰색의 장방형 정제",03960,"당뇨병용제","전문의약품","단일","[M223014]메트포르민염산염","분할불가","",20180809,1138115303
"분할주의",201403528,"라베파정10밀리그램(라베프라졸나트륨)",2014July31st,"장용성필름코팅정","한국코러스(주)","담황색의 원형 장용필름코팅정",02320,"소화성궤양용제","전문의약품","단일","[M089852]라베프라졸나트륨","분할불가","",20230603,2058140116
"분할주의",201403529,"라베파정20밀리그램(라베프라졸나트륨)",2014July31st,"장용성필름코팅정","한국코러스(주)","(내수용) 담황색의 원형 장용필름코팅정(수출용) 연한 노랑색의 원형 장용성 필름코팅정제",02320,"소화성궤양용제","전문의약품","단일","[M089852]라베프라졸나트륨/[M089852]라베프라졸나트륨","분할불가","",20230603,2058140116
"분할주의",201403567,"칼리젠정(칼리디노게나제)",2014July31st,"장용성필름코팅정","(주)셀릭스","흰색의 원형 장용성 필름코팅정",02190,"기타의 순환계용약","전문의약품","단일","[M082140]칼리디노게나제","분할불가","","",1128132084
"분할주의",201403617,"동성라베프라졸정20mg(라베프라졸나트륨)",2014August5th,"장용성필름코팅정","동성제약(주)","담황색의 원형 장용 필름코팅정",02320,"소화성궤양용제","전문의약품","단일","[M089852]라베프라졸나트륨","분할불가","",20230603,2118125288
"분할주의",201403698,"동성라베프라졸정10mg(라베프라졸나트륨)",2014August8th,"장용성필름코팅정","동성제약(주)","담황색의 원형 장용 필름코팅정",02320,"소화성궤양용제","전문의약품","단일","[M089852]라베프라졸나트륨","분할불가","",20230603,2118125288
"분할주의",201403759,"베프졸정10밀리그램(라베프라졸나트륨)",2014August13th,"장용성필름코팅정","경동제약(주)","연한 노란색의 원형 장용성 필름코팅정",02320,"소화성궤양용제","전문의약품","단일","[M089852]라베프라졸나트륨","분할불가","",20230603,1248135518
"분할주의",201403760,"베프졸정20밀리그램(라베프라졸나트륨)",2014August13th,"장용성필름코팅정","경동제약(주)","연한 노란색의 원형 장용성 필름코팅정",02320,"소화성궤양용제","전문의약품","단일","[M089852]라베프라졸나트륨","분할불가","",20230603,1248135518
"분할주의",201403827,"투발타캡슐30밀리그램(둘록세틴염산염)",2014August19th,"장용성캡슐제, 펠렛","현대약품(주)","흰색 내지 연한 갈색의 장용성 구형과립이 든 상부 청색, 하부 흰색의 경질캡슐제",01170,"정신신경용제","전문의약품","단일","[M259598]둘록세틴염산염장용과립","분할불가","",20240801,1308100988
"분할주의",201403828,"투발타캡슐60밀리그램(둘록세틴염산염)",2014August19th,"장용성캡슐제, 펠렛","현대약품(주)","흰색 내지 연한 갈색의 장용성 구형과립이 들어있는 상부 청색, 하부 노란연두색의 경질캡슐제",01170,"정신신경용제","전문의약품","단일","[M259598]둘록세틴염산염장용과립","분할불가","",20240801,1308100988
"분할주의",201403829,"칼디나제정(칼리디노게나제)",2014August19th,"장용성필름코팅정","(주)마더스제약","흰색의 원형 장용성 필름코팅정",02190,"기타의 순환계용약","전문의약품","단일","[M082140]칼리디노게나제","분할불가","","",3128629302
"분할주의",201403911,"카젠정(칼리디노게나제)",2014August22nd,"장용성필름코팅정","신풍제약(주)","주황색 원형의 장용성 필름코팅정",02190,"기타의 순환계용약","전문의약품","단일","[M082140]칼리디노게나제","분할불가","",20200803,1348103819
"분할주의",201403945,"칼리메르정(칼리디노게나제)",2014August22nd,"장용성필름코팅정","동성제약(주)","주황색 원형의 장용성 필름코팅정 이다.",02190,"기타의 순환계용약","전문의약품","단일","[M082140]칼리디노게나제","분할불가","",20200902,2118125288
"분할주의",201403955,"탐스폰서방정 (탐스로신염산염)",2014August25th,"서방성필름코팅정","(주)휴비스트제약","흰색의 원형 필름코팅정제",02590,"기타의 비뇨생식기관 및 항문용약","전문의약품","단일","[M241531]탐스로신염산염","분할불가","",20241029,3188100991
"분할주의",201403956,"탐신서방정0.2밀리그램(탐스로신염산염)",2014August25th,"서방성필름코팅정","(주)씨엠지제약","흰색의 원형 필름코팅정제",02590,"기타의 비뇨생식기관 및 항문용약","전문의약품","단일","[M241531]탐스로신염산염","분할불가","",20241029,1348171976
"분할주의",201403969,"칼리제정50단위(칼리디노게나제)",2014August26th,"장용성필름코팅정","(주)화이트생명과학","흰색의 원형 장용성 필름코팅정",02190,"기타의 순환계용약","전문의약품","단일","[M082140]칼리디노게나제","분할불가","","",2208843940
"분할주의",201403990,"무노디핀지속정5밀리그램(펠로디핀)(수출용)",2014August27th,"서방성필름코팅정","(주)화이트생명과학","연분홍색의 원형 제피정",02140,"혈압강하제","전문의약품","단일","[M084735]펠로디핀","분할불가","",20240313,2208843940
"분할주의",201404040,"칼리게나정(칼리디노게나제)",2014August29th,"장용성필름코팅정","(주)퍼슨","흰색의 원형 장용성 필름코팅정",02190,"기타의 순환계용약","전문의약품","단일","[M082140]칼리디노게나제","분할불가","",20251022,1308168218
"분할주의",201404093,"에스프라정20mg(라베프라졸나트륨)",2014September2nd,"장용성필름코팅정","진양제약(주)","담황색의 원형 장용 필름코팅정",02320,"소화성궤양용제","전문의약품","단일","[M089852]라베프라졸나트륨","분할불가","",20230603,2148110673
"분할주의",201404198,"라베젠정10밀리그램(라베프라졸나트륨)",2014September12th,"장용성필름코팅정","(주)셀릭스","담황색의 원형 장용필름코팅정",02320,"소화성궤양용제","전문의약품","단일","[M089852]라베프라졸나트륨","분할불가","",20250722,1128132084
"분할주의",201404239,"란사톤캡슐15mg(란소프라졸과립)",2014September17th,"경질캡슐제, 서방성장용성펠렛","하나제약(주)","흰색-엷은 갈색의 과립을 충진한 상부 흰색, 하부 노란색의 경질캡슐제",02320,"소화성궤양용제","전문의약품","단일","[M091244]란소프라졸과립","분할불가","",20240913,1248137632
"분할주의",201404271,"디센트에스정",2014September19th,"장용성필름코팅정","(주)바이넥스","연두색의 원형 장용필름코팅정",02380,"하제, 완장제","일반의약품","복합","[M050687]비사코딜/[M081950]도큐세이트나트륨","분할불가","",20250725,6038107005
"분할주의",201404295,"라베프졸정10mg(라베프라졸나트륨)",2014September22nd,"장용성필름코팅정","(주)화이트생명과학","담황색의 원형 장용필름코팅정",02320,"소화성궤양용제","전문의약품","단일","[M089852]라베프라졸나트륨","분할불가","",20230603,2208843940
"분할주의",201404296,"라베프졸정20밀리그램(라베프라졸나트륨)",2014September22nd,"장용성필름코팅정","(주)화이트생명과학","담황색의 원형 장용필름코팅정",02320,"소화성궤양용제","전문의약품","단일","[M089852]라베프라졸나트륨","분할불가","",20230603,2208843940
"분할주의",201404364,"알피린장용정(아스피린)(수출용)",2014September25th,"장용성필름코팅정","(주)제일제약","흰색의 원형 장용성 필름코팅정",02190,"기타의 순환계용약","일반의약품","단일","[M040355]아스피린","분할불가","",20240924,5148126323
"분할주의",201404403,"티피로신캡슐(탐스로신염산염)",2014September26th,"서방성캡슐제, 펠렛","(주)제뉴파마","흰색 내지 연한 노란색의 펠렛을 함유한 상의 살구색, 하의 흰색의 캡슐제",02590,"기타의 비뇨생식기관 및 항문용약","전문의약품","단일","[M241531]탐스로신염산염","분할불가","",20241029,7338802047
"분할주의",201404418,"한시움정20mg(에스오메프라졸마그네슘삼수화물)",2014September26th,"장용성필름코팅정","한올바이오파마(주)","연분홍색의 원형 필름코팅정",02320,"소화성궤양용제","전문의약품","단일","[M092321]에스오메프라졸마그네슘삼수화물","분할불가","",20240327,3068105479
"분할주의",201404419,"한시움정40mg(에스오메프라졸마그네슘삼수화물)",2014September26th,"장용성필름코팅정","한올바이오파마(주)","분홍색의 원형 필름코팅정",02320,"소화성궤양용제","전문의약품","단일","[M092321]에스오메프라졸마그네슘삼수화물","분할불가","",20240327,3068105479
"분할주의",201404423,"카르베롤서방캡슐64밀리그램(카르베딜롤)",2014September26th,"서방성캡슐제, 펠렛","한미약품(주)","흰색 내지 연한 노란색의 속방성 및 서방성 과립이 들어있는 상,하부 연한 노란색의 경질캡슐제",02140,"혈압강하제","전문의약품","단일","[M085731]카르베딜롤","분할불가","",20220930,1248700613
"분할주의",201404424,"카르베롤서방캡슐8밀리그램(카르베딜롤)",2014September26th,"서방성캡슐제, 펠렛","한미약품(주)","흰색 내지 연한 노란색의 속방성 및 서방성 과립이 들어있는 상, 하부 흰색의 경질캡슐제",02140,"혈압강하제","전문의약품","단일","[M085731]카르베딜롤","분할불가","",20240925,1248700613
"분할주의",201404425,"카르베롤서방캡슐16밀리그램(카르베딜롤)",2014September26th,"서방성캡슐제, 펠렛","한미약품(주)","흰색 내지 연한 노란색의 속방성 및 서방성 과립이 들어있는 상, 하부 빨간 갈색의 경질캡슐제",02140,"혈압강하제","전문의약품","단일","[M085731]카르베딜롤","분할불가","",20240925,1248700613
"분할주의",201404426,"카르베롤서방캡슐32밀리그램(카르베딜롤)",2014September26th,"서방성캡슐제, 펠렛","한미약품(주)","흰색 내지 연한 노란색의 속방성 및 서방성 과립이 들어있는 상부 빨간 갈색, 하부 연한 노란색의 경질캡슐제",02140,"혈압강하제","전문의약품","단일","[M085731]카르베딜롤","분할불가","",20240925,1248700613
"분할주의",201404460,"클로켐CR정(아세클로페낙)",2014September29th,"서방성필름코팅정","한국바이오켐제약(주)","흰색의 장방형 서방성 필름코팅정",01140,"해열.진통.소염제","전문의약품","단일","[M040359]아세클로페낙/[M040359]아세클로페낙/[M040359]아세클로페낙/[M040359]아세클로페낙","분할불가","",20240522,3078130710
"분할주의",201404470,"에이폴민서방정(메트포르민염산염)",2014September29th,"서방성필름코팅정","한국코러스(주)","흰색의 장방형정제",03960,"당뇨병용제","전문의약품","단일","[M223014]메트포르민염산염","분할불가","",20230721,2058140116
"분할주의",201404486,"듀세타캡슐30밀리그램(둘록세틴염산염)",2014September30th,"장용성캡슐제, 펠렛","(주)메디카코리아","흰색 내지 연한 갈색의 장용성 구형과립이 든 상부 청색, 하부 흰색의 경질캡슐제",01170,"정신신경용제","전문의약품","단일","[M259598]둘록세틴염산염장용과립","분할불가","",20240516,1208165228
"분할주의",201404488,"듀세타캡슐60밀리그램(둘록세틴염산염)",2014September30th,"장용성캡슐제, 펠렛","(주)메디카코리아","흰색 내지 연한 갈색의 장용성 구형과립이 든 상부 청색, 하부 노란연두색의 경질캡슐제",01170,"정신신경용제","전문의약품","단일","[M259598]둘록세틴염산염장용과립","분할불가","",20240516,1208165228
"분할주의",201404521,"카루나딜정50단위(칼리디노게나제)",2014September30th,"장용성필름코팅정","대화제약(주)","흰색의 원형 장용성 필름코팅정",02190,"기타의 순환계용약","전문의약품","단일","[M082140]칼리디노게나제","분할불가","",20190930,1338122322
"분할주의",201404539,"판터롤정20밀리그램(판토프라졸나트륨세스키히드레이트)",2014September30th,"장용성필름코팅정","(주)일화","황색의 장용성 제피를 한 타원형 정제",02320,"소화성궤양용제","전문의약품","단일","[M089465]판토프라졸나트륨세스키히드레이트","분할불가","",20230724,1328101004
"분할주의",201404557,"씨엠지펜톡시필린서방정400mg(펜톡시필린)",2014October1st,"서방성필름코팅정","(주)씨엠지제약","흰색의 장방형 필름코팅정제",02190,"기타의 순환계용약","전문의약품","단일","[M051736]펜톡시필린","분할불가","",20200205,1348171976
"분할주의",201404670,"비센큐정",2014October13th,"장용성필름코팅정","(주)마더스제약","녹색의 원형 장용성 필름코팅정제",02380,"하제, 완장제","일반의약품","복합","[M081950]도큐세이트나트륨/[M081899]센나엽가루/[M050687]비사코딜","분할불가","",20141222,3128629302
"분할주의",201404696,"휴비스트아스피린장용정",2014October13th,"장용성필름코팅정","(주)휴비스트제약","흰색의 원형 장용성 필름코팅정제",02190,"기타의 순환계용약","일반의약품","단일","[M040355]아스피린","분할불가","",20251212,3188100991
"분할주의",201404966,"메레인정(칼리디노게나제)",2014October27th,"장용성필름코팅정","삼아제약(주)","주황색 원형의 장용성 필름코팅정 이다",02190,"기타의 순환계용약","전문의약품","단일","[M082140]칼리디노게나제","분할불가","",20201012,1388105823
"분할주의",201404986,"휴트민서방정(메트포르민염산염)",2014October28th,"서방정","(주)휴비스트제약","흰색의 장방형정제",03960,"당뇨병용제","전문의약품","단일","[M223014]메트포르민염산염","분할불가","",20230721,3188100991
"분할주의",201405003,"아사프장용정100mg(아스피린)",2014October28th,"장용성필름코팅정","(주)제뉴파마","흰색의 원형 장용성 필름코팅정",02190,"기타의 순환계용약","일반의약품","단일","[M040355]아스피린","분할불가","",20250415,7338802047
"분할주의",201405042,"메이킨큐장용정",2014October30th,"장용성필름코팅정","명인제약(주)","녹색의 원형 장용성 필름코팅정",02380,"하제, 완장제","일반의약품","복합","[M050687]비사코딜/[M201737]카산트라놀/[M081950]도큐세이트나트륨/[M223167]우르소데옥시콜산","분할불가","",20240926,1248118673
"분할주의",201405073,"레이프라정20밀리그램(라베프라졸나트륨)",2014October31st,"장용성필름코팅정","위더스제약(주)","담황색의 원형 장용필름코팅정",02320,"소화성궤양용제","전문의약품","단일","[M089852]라베프라졸나트륨","분할불가","",20230603,1258522182
"분할주의",201405079,"환인라베프라졸정20밀리그램",2014October31st,"장용성필름코팅정","환인제약(주)","담황색의 원형 장용 필름코팅정",02320,"소화성궤양용제","전문의약품","단일","[M089852]라베프라졸나트륨","분할불가","",20230603,2158136171
"분할주의",201405080,"환인라베프라졸정10밀리그램",2014October31st,"장용성필름코팅정","환인제약(주)","담황색의 원형 장용 필름코팅정",02320,"소화성궤양용제","전문의약품","단일","[M089852]라베프라졸나트륨","분할불가","",20230603,2158136171
"분할주의",201405114,"오메졸캡슐(오메프라졸)",2014October31st,"경질캡슐제, 장용성과립제","(주)휴비스트제약","미황색의 장용성 과립이 충진된 상부 적갈색, 하부 분홍색의 경질캡슐제",02320,"소화성궤양용제","전문의약품","단일","[M083697]오메프라졸장용성과립","분할불가","",20240327,3188100991
"분할주의",201405223,"제미메트서방정50/1000밀리그램",2014November7th,"서방성필름코팅정","(주)엘지화학","갈색 장방형의 필름코팅정",03960,"당뇨병용제","전문의약품","복합","[M254878]제미글립틴타르타르산염1.5수화물/[M223014]메트포르민염산염","분할불가","",20230629,1078198139
"분할주의",201405356,"유한메트포르민서방정750mg(메트포르민염산염)",2014November18th,"서방성필름코팅정","(주)유한양행","분홍색의 장방형 필름코팅정제",03960,"당뇨병용제","전문의약품","단일","[M223014]메트포르민염산염","분할불가","",20241114,1188100601
"분할주의",201405450,"트릴로신정",2014November24th,"장용성필름코팅정","(주)마더스제약","연녹색의 원형 장용성 필름코팅정",03950,"효소제제","일반의약품","복합","[M051649]결정트립신/[M095415]브로멜라인","분할불가","","",3128629302
"분할주의",201405516,"란소졸캡슐30밀리그램(란소프라졸)",2014November25th,"장용성캡슐제, 펠렛","한미약품(주)","흰색 내지 엷은 갈색을 띠는 과립이 들어있는 상,하부 흰색의 경질캡슐제",02320,"소화성궤양용제","전문의약품","단일","[M085578]란소프라졸","분할불가","",20240913,1248700613
"분할주의",201405519,"라베휴정20mg(라베프라졸나트륨)",2014November25th,"장용성필름코팅정","(주)휴비스트제약","담황색의 원형 장용필름코팅정",02320,"소화성궤양용제","전문의약품","단일","[M089852]라베프라졸나트륨","분할불가","",20230603,3188100991
"분할주의",201405520,"라베휴정10mg(라베프라졸나트륨)",2014November25th,"장용성필름코팅정","(주)휴비스트제약","담황색의 원형 장용필름코팅정",02320,"소화성궤양용제","전문의약품","단일","[M089852]라베프라졸나트륨","분할불가","",20230603,3188100991
"분할주의",201405523,"란소졸캡슐15밀리그램(란소프라졸)",2014November26th,"경질캡슐제, 서방성장용성펠렛","한미약품(주)","흰색 내지 엷은 갈색을 띠는 과립이 들어있는 상,하부 흰색의 경질캡슐제",02320,"소화성궤양용제","전문의약품","단일","[M085578]란소프라졸","분할불가","",20240913,1248700613
"분할주의",201405787,"카로나제정(칼리디노게나제)",2014December8th,"장용성필름코팅정","(주)넥스팜코리아","흰색의 원형 장용성 필름코팅정",02190,"기타의 순환계용약","전문의약품","단일","[M082140]칼리디노게나제","분할불가","","",3018125427
"분할주의",201405792,"둘로틴캡슐30밀리그램(둘록세틴염산염)",2014December8th,"장용성캡슐제, 펠렛","(주)이든파마","흰색 내지 연한 갈색의 장용성 구형과립이 든 상부 청색, 하부 흰색의 경질캡슐제",01170,"정신신경용제","전문의약품","단일","[M259598]둘록세틴염산염장용과립","분할불가","",20240227,2648120986
"분할주의",201405813,"둘세린캡슐30밀리그램(둘록세틴염산염)",2014December9th,"장용성캡슐제, 펠렛","동국제약(주)","흰색 내지 연한 갈색의 장용성 구형과립이 든 상부 청색, 하부 흰색의 경질캡슐제",01170,"정신신경용제","전문의약품","단일","[M259598]둘록세틴염산염장용과립","분할불가","",20241011,3018508241
"분할주의",201405854,"경보라베프라졸정10mg(라베프라졸나트륨)",2014December11th,"장용성필름코팅정","(주)경보제약","담황색의 원형 장용필름코팅정",02320,"소화성궤양용제","전문의약품","단일","[M089852]라베프라졸나트륨","분할불가","",20230603,3128104567
"분할주의",201405865,"둘세린캡슐60밀리그램(둘록세틴염산염)",2014December12th,"장용성캡슐제, 펠렛","동국제약(주)","흰색 내지 연한 갈색의 장용성 구형과립이 든 상부 청색, 하부 노란연두색의 경질캡슐제",01170,"정신신경용제","전문의약품","단일","[M259598]둘록세틴염산염장용과립","분할불가","",20241011,3018508241
"분할주의",201405885,"엠피돈서방정20mg(옥시코돈염산염)(수출용)",2014December15th,"서방성필름코팅정","명문제약(주)","분홍색의 원형 서방성 제피정",08210,"합성마약","전문의약품","단일","[M238042]옥시코돈염산염","분할불가","","",1248135615
"분할주의",201405986,"탐로스서방정0.2mg(탐스로신염산염)",2014December19th,"서방성필름코팅정","(주)킵스바이오파마","흰색의 원형 필름코팅정제",02590,"기타의 비뇨생식기관 및 항문용약","전문의약품","단일","[M241531]탐스로신염산염","분할불가","",20241029,2098126571
"분할주의",201405987,"동광탐스로신서방정0.2밀리그램(탐스로신염산염)",2014December19th,"서방성필름코팅정","동광제약(주)","흰색의 원형 필름코팅정제",02590,"기타의 비뇨생식기관 및 항문용약","전문의약품","단일","[M243979]탐스로신염산염","분할불가","",20241029,2018644250
"분할주의",201405998,"베아나제정50단위(칼리디노게나제)",2014December22nd,"장용성필름코팅정","대웅바이오(주)","흰색의 원형 장용성 필름코팅정",02190,"기타의 순환계용약","전문의약품","단일","[M082140]칼리디노게나제","분할불가","","",1248677584
"분할주의",201406126,"다이아메트서방정(메트포르민염산염)",2014December29th,"서방정","(주)제뉴파마","흰색의 양면이 볼록한 장방형 서방정",03960,"당뇨병용제","전문의약품","단일","[M223014]메트포르민염산염","분할불가","",20230721,7338802047
"분할주의",201406313,"탐소신서방정0.2mg(탐스로신염산염)",2014December31st,"서방성필름코팅정","한국휴텍스제약(주)","흰색의 원형 필름코팅정제",02590,"기타의 비뇨생식기관 및 항문용약","전문의약품","단일","[M241531]탐스로신염산염","분할불가","",20241029,1128122382
"분할주의",201500023,"라베라정20mg(라베프라졸나트륨)",2015January5th,"장용성필름코팅정","(주)이든파마","담황색의 원형 장용 필름코팅정",02320,"소화성궤양용제","전문의약품","단일","[M089852]라베프라졸나트륨","분할불가","",20230603,2648120986
"분할주의",201500025,"라베라정10mg(라베프라졸나트륨)",2015January5th,"장용성필름코팅정","(주)이든파마","담황색의 원형 장용 필름코팅정",02320,"소화성궤양용제","전문의약품","단일","[M089852]라베프라졸나트륨","분할불가","",20230603,2648120986
"분할주의",201500211,"라베맥스정20밀리그램(라베프라졸나트륨)",2015January15th,"장용성필름코팅정","(주)보령","담황색의 원형 장용필름코팅정",02320,"소화성궤양용제","전문의약품","단일","[M089852]라베프라졸나트륨","분할불가","",20230603,2088100281
"분할주의",201500212,"라베맥스정10밀리그램(라베프라졸나트륨)",2015January15th,"장용성필름코팅정","(주)보령","담황색의 원형 장용필름코팅정",02320,"소화성궤양용제","전문의약품","단일","[M089852]라베프라졸나트륨","분할불가","",20230603,2088100281
"분할주의",201500213,"칼리다제정(칼리디노게나제)",2015January15th,"장용성필름코팅정","(주)동구바이오제약","주황색 원형의 장용성 필름코팅정",02190,"기타의 순환계용약","전문의약품","단일","[M082140]칼리디노게나제","분할불가","",20200909,1248533615
"분할주의",201500288,"펜톡나제정(칼리디노게나제)",2015January20th,"장용성필름코팅정","한국휴텍스제약(주)","흰색의 원형 장용성 필름코팅정",02190,"기타의 순환계용약","전문의약품","단일","[M082140]칼리디노게나제","분할불가","","",1128122382
"분할주의",201500368,"안플원서방정300밀리그램(사르포그렐레이트염산염)",2015January23rd,"서방성필름코팅정","(주)대웅제약","흰색의 장방형 필름코팅정",03390,"기타의 혈액 및 체액용약","전문의약품","단일","[M261406]사르포그렐레이트염산염/[M261406]사르포그렐레이트염산염","분할불가","",20200706,1248601143
"분할주의",201500369,"안프란서방정300밀리그램(사르포그렐레이트염산염)",2015January23rd,"서방성필름코팅정","제일약품(주)","흰색의 장방형 서방성 필름코팅정",03390,"기타의 혈액 및 체액용약","전문의약품","단일","[M261406]사르포그렐레이트염산염/[M261406]사르포그렐레이트염산염","분할불가","",20230221,2428500620
"분할주의",201500370,"안플레이드SR정300밀리그램(사르포그렐레이트염산염)",2015January23rd,"서방성필름코팅정","에이치케이이노엔(주)","흰색의 장방형 필름코팅정",03390,"기타의 혈액 및 체액용약","전문의약품","단일","[M261406]사르포그렐레이트염산염/[M261406]사르포그렐레이트염산염","분할불가","",20191226,2018638914
"분할주의",201500371,"안플라엑스서방정300밀리그램(사르포그렐레이트염산염)",2015January23rd,"서방성필름코팅정","에스케이케미칼(주)","흰색의 장방형 필름코팅정",03390,"기타의 혈액 및 체액용약","전문의약품","단일","[M261406]사르포그렐레이트염산염/[M261406]사르포그렐레이트염산염","분할불가","",20191226,8468100915
"분할주의",201500372,"사포디필SR정300밀리그램(사르포그렐레이트염산염)",2015January23rd,"서방성필름코팅정","알보젠코리아(주)","흰색의 장방형 필름코팅정",03390,"기타의 혈액 및 체액용약","전문의약품","단일","[M261406]사르포그렐레이트염산염/[M261406]사르포그렐레이트염산염","분할불가","",20191226,2158121950
"분할주의",201500497,"엔시트라서방정(트라마돌염산염, 아세트아미노펜)",2015January30th,"서방성필름코팅정","한림제약(주)","황색의 장방형 필름코팅서방정",01140,"해열.진통.소염제","전문의약품","복합","[M040353]아세트아미노펜/[M040353]아세트아미노펜/[M222893]트라마돌염산염","분할불가","",20260219,1358102638
"분할주의",201500752,"현대탐스로신염산염캡슐",2015February15th,"서방성캡슐제, 펠렛","현대약품(주)","흰색 내지 연한 노란색의 펠렛을 함유한 상의 살구색, 하의 흰색의 캡슐제",02590,"기타의 비뇨생식기관 및 항문용약","전문의약품","단일","[M241531]탐스로신염산염","분할불가","",20241029,1308100988
"분할주의",201500851,"팜페낙CR정(아세클로페낙)",2015February16th,"서방성필름코팅정","(주)한국팜비오","흰색의 양면이 볼록한 장방형 필름코팅정",01140,"해열.진통.소염제","전문의약품","단일","[M040359]아세클로페낙/[M040359]아세클로페낙","분할불가","",20240522,1258145722
"분할주의",201500887,"탐스케어캡슐0.2밀리그램(탐스로신염산염)",2015February17th,"서방성캡슐제, 펠렛","주식회사더유제약","흰색 내지 연한 노란색의 펠렛을 함유한 상의 살구색, 하의 흰색의 캡슐제",02590,"기타의 비뇨생식기관 및 항문용약","전문의약품","단일","[M243979]탐스로신염산염","분할불가","",20241029,1138669177
"분할주의",201500901,"에이프로젠라베프라졸정10밀리그램(라베프라졸나트륨)",2015February23rd,"장용성필름코팅정","(주)에이프로젠바이오로직스","담황색의 원형 장용 필름코팅정",02320,"소화성궤양용제","전문의약품","단일","[M089852]라베프라졸나트륨","분할불가","",20230603,2188100518
"분할주의",201501271,"콘서타OROS서방정36밀리그램(메틸페니데이트염산염)",2015March11th,"서방성필름코팅정","(주)한국얀센","흰색의 장방형 필름코팅 정제",01150,"각성제,흥분제","전문의약품","단일","[M223025]메틸페니데이트염산염/[M223025]메틸페니데이트염산염/[M223025]메틸페니데이트염산염","분할불가","","",1208111440
"분할주의",201501273,"콘서타OROS서방정54밀리그램(메틸페니데이트염산염)",2015March11th,"서방성필름코팅정","(주)한국얀센","적갈색의 장방형 필름코팅 정제",01150,"각성제,흥분제","전문의약품","단일","[M223025]메틸페니데이트염산염/[M223025]메틸페니데이트염산염/[M223025]메틸페니데이트염산염","분할불가","","",1208111440
"분할주의",201501350,"펠루비서방정(펠루비프로펜)",2015March13th,"서방성필름코팅정","대원제약(주)","연한 황색의 원형 서방성 필름코팅정",01140,"해열.진통.소염제","전문의약품","단일","[M210533]펠루비프로펜","분할불가","",20260130,2078136336
"분할주의",201501690,"페인리스서방정",2015March30th,"서방성필름코팅정","주식회사제뉴원사이언스","연한 노란색의 장방형 서방성 필름코팅정",01140,"해열.진통.소염제","전문의약품","복합","[M040353]아세트아미노펜/[M040353]아세트아미노펜/[M222893]트라마돌염산염","분할불가","",20260219,6218542600
"분할주의",201501693,"네렉손서방정(에페리손염산염)",2015March31st,"서방성필름코팅정","대원제약(주)","흰색 내지 거의 흰색의 원형 서방성 필름코팅정",01220,"골격근이완제","전문의약품","단일","[M232172]에페리손염산염","분할불가","",20200528,2078136336
"분할주의",201501694,"엑소닌CR서방정(에페리손염산염)",2015March31st,"서방성필름코팅정","에스케이케미칼(주)","흰색 내지 거의 흰색의 원형 서방성 필름코팅정",01220,"골격근이완제","전문의약품","단일","[M232172]에페리손염산염","분할불가","",20200528,8468100915
"분할주의",201501695,"에페리날서방정(에페리손염산염)",2015March31st,"서방성필름코팅정","제일약품(주)","흰색 내지 거의 흰색의 원형 서방성 필름코팅정",01220,"골격근이완제","전문의약품","단일","[M232172]에페리손염산염","분할불가","",20200615,2428500620
"분할주의",201501696,"에페신SR정(에페리손염산염)",2015March31st,"서방성필름코팅정","명문제약(주)","흰색 내지 거의 흰색의 원형 서방성 필름코팅정",01220,"골격근이완제","전문의약품","단일","[M232172]에페리손염산염","분할불가","",20200528,1248135615
"분할주의",201501697,"테넬리아엠서방정10/750밀리그램",2015March31st,"서방성필름코팅정","(주)한독","노란색의 달걀형 서방성 필름코팅정",03960,"당뇨병용제","전문의약품","복합","[M223014]메트포르민염산염/[M259364]테네리글립틴브롬화수소산염수화물","분할불가","",20241007,2208100530
"분할주의",201501698,"엑손SR정(에페리손염산염)",2015March31st,"서방성필름코팅정","아주약품(주)","흰색 내지 거의 흰색의 원형 서방성 필름코팅정",01220,"골격근이완제","전문의약품","단일","[M232172]에페리손염산염/[M232172]에페리손염산염","분할불가","",20230925,8028803696
"분할주의",201501699,"테넬리아엠서방정10/500밀리그램",2015March31st,"서방성필름코팅정","(주)한독","주황색의 달걀형 서방성 필름코팅정",03960,"당뇨병용제","전문의약품","복합","[M223014]메트포르민염산염/[M259364]테네리글립틴브롬화수소산염수화물","분할불가","",20241007,2208100530
"분할주의",201501700,"테넬리아엠서방정20/1000밀리그램",2015March31st,"서방성필름코팅정","(주)한독","분홍색의 달걀형 서방성 필름코팅정",03960,"당뇨병용제","전문의약품","복합","[M223014]메트포르민염산염/[M259364]테네리글립틴브롬화수소산염수화물","분할불가","",20241007,2208100530
"분할주의",201501809,"베아라제정(수출용)",2015April2nd,"장용성필름코팅정","한국코러스(주)","장방형의 장용피를 한 연녹색의 필름코팅정제",02330,"건위소화제","일반의약품","복합","[M040678]판크레아틴/[M051916]헤미셀룰라제/[M273864]우담즙 건조엑스/[M227778]디메티콘","분할불가","",20250327,2058140116
"분할주의",201501865,"하루디서방정0.2밀리그램(탐스로신염산염)",2015April7th,"서방성필름코팅정","위더스제약(주)","흰색의 원형 필름코팅정제",02590,"기타의 비뇨생식기관 및 항문용약","전문의약품","단일","[M241531]탐스로신염산염","분할불가","",20241029,1258522182
"분할주의",201501874,"오스카린정(칼리디노게나제)",2015April7th,"장용성필름코팅정","(주)오스코리아제약","주황색 원형의 장용성 필름코팅정제",02190,"기타의 순환계용약","전문의약품","단일","[M082140]칼리디노게나제","분할불가","",20201026,2248154571
"분할주의",201501973,"둘세틴캡슐30밀리그램(둘록세틴염산염)",2015April10th,"장용성캡슐제, 펠렛","(주)킵스바이오파마","흰색 내지 연한 갈색의 장용성 구형과립이 든 상부 청색, 하부 흰색의 경질캡슐제",01170,"정신신경용제","전문의약품","단일","[M259598]둘록세틴염산염장용과립","분할불가","",20220726,2098126571
"분할주의",201501974,"둘세틴캡슐60밀리그램(둘록세틴염산염)",2015April10th,"장용성캡슐제, 펠렛","(주)킵스바이오파마","흰색 내지 연한 갈색의 장용성 구형과립이 든 상부 청색, 하부 노란 연두색의 경질캡슐제",01170,"정신신경용제","전문의약품","단일","[M259598]둘록세틴염산염장용과립","분할불가","",20220726,2098126571
"분할주의",201502313,"두울세틴캡슐60밀리그램(둘록세틴염산염)",2015April16th,"장용성캡슐제, 펠렛","(주)마더스제약","흰색 내지 연한 갈색의 장용성 구형과립이 든 상부 청색, 하부 노란연두색의 경질캡슐제",01170,"정신신경용제","전문의약품","단일","[M259598]둘록세틴염산염장용과립","분할불가","",20200429,3128629302
"분할주의",201502314,"두울세틴캡슐30밀리그램(둘록세틴염산염)",2015April16th,"장용성캡슐제, 펠렛","(주)마더스제약","흰색 내지 연한 갈색의 장용성 구형과립이 든 상부 청색, 하부 흰색의 경질캡슐제",01170,"정신신경용제","전문의약품","단일","[M259598]둘록세틴염산염장용과립","분할불가","",20200429,3128629302
"분할주의",201502323,"비사큐정",2015April16th,"장용성필름코팅정","태극제약(주)","연두색의 원형 장용필름코팅정",02380,"하제, 완장제","일반의약품","복합","[M050687]비사코딜/[M081950]도큐세이트나트륨","분할불가","",20250421,1248134163
"분할주의",201502351,"트로셋서방정",2015April17th,"서방성필름코팅정","(주)서울제약","연한 노란색의 장방형 서방성 필름코팅정",01140,"해열.진통.소염제","전문의약품","복합","[M040353]아세트아미노펜/[M040353]아세트아미노펜/[M222893]트라마돌염산염","분할불가","",20260219,1338130405
"분할주의",201502352,"에이셋서방정",2015April17th,"서방성필름코팅정","한국휴텍스제약(주)","연한 노란색의 장방형 서방성 필름코팅정",01140,"해열.진통.소염제","전문의약품","복합","[M040353]아세트아미노펜/[M040353]아세트아미노펜/[M222893]트라마돌염산염","분할불가","",20260219,1128122382
"분할주의",201502388,"씨트로신서방정0.2밀리그램(탐스로신염산염)",2015April21st,"서방성필름코팅정","에이치엘비제약(주)","연한 노란색의 반점이 있는 흰색의 원형 서방정제이다.",02590,"기타의 비뇨생식기관 및 항문용약","전문의약품","단일","[M243979]탐스로신염산염","분할불가","",20241029,2088125623
"분할주의",201502449,"오메타졸캡슐(오메프라졸)",2015April27th,"경질캡슐제, 장용성과립제","익수제약(주)","미황색의 장용성 과립이 충전된 상부 적갈색, 하부 분홍색의 경질캡슐제",02320,"소화성궤양용제","전문의약품","단일","[M083697]오메프라졸장용성과립","분할불가","",20240327,1268104419
"분할주의",201502493,"판피록정20mg(판토프라졸나트륨세스키히드레이트)",2015April27th,"장용성필름코팅정","한국휴텍스제약(주)","황색의 장용성 제피를 한 타원형 정제",02320,"소화성궤양용제","전문의약품","단일","[M089465]판토프라졸나트륨세스키히드레이트","분할불가","",20241120,1128122382
"분할주의",201502631,"파라마셋이알서방정",2015April30th,"서방성필름코팅정","동아에스티(주)","연한 노란색의 장방형 서방성 필름코팅정",01140,"해열.진통.소염제","전문의약품","복합","[M040353]아세트아미노펜/[M040353]아세트아미노펜/[M222893]트라마돌염산염","분할불가","",20260219,2048640122
"분할주의",201502641,"타라셋서방정",2015April30th,"서방성필름코팅정","동광제약(주)","연한 노란색의 장방형 서방성 필름코팅정",01140,"해열.진통.소염제","전문의약품","복합","[M040353]아세트아미노펜/[M040353]아세트아미노펜/[M222893]트라마돌염산염","분할불가","",20260219,2018644250
"분할주의",201502710,"판터롤정40밀리그램(판토프라졸나트륨세스키히드레이트)",2015April30th,"장용성필름코팅정","(주)일화","황색의 장용성 제피를 한 타원형 정제",02320,"소화성궤양용제","전문의약품","단일","[M089465]판토프라졸나트륨세스키히드레이트","분할불가","",20230724,1328101004
"분할주의",201502718,"메트원서방정(메트포르민염산염)",2015April30th,"서방정","(주)팜젠사이언스","흰색의 장방형 정제",03960,"당뇨병용제","전문의약품","단일","[M223014]메트포르민염산염","분할불가","",20230721,1248136540
"분할주의",201502727,"녹사필장용정100밀리그램(포사코나졸(미분화))",2015May1st,"장용성필름코팅정","한국엠에스디(주)","한 면에 ‘100’이 새겨진 노랑색으로 코팅된 캡슐모양의 장용성 필름코팅정",06290,"기타의 화학요법제","전문의약품","단일","[M256381]포사코나졸(미분화)","분할불가","",20250624,1338124859
"분할주의",201502834,"칼리노겐정50단위(칼리디노게나제)",2015May12th,"장용성필름코팅정","(주)씨엠지제약","주황색의 원형 장용성 필름코팅정제",02190,"기타의 순환계용약","전문의약품","단일","[M082140]칼리디노게나제","분할불가","","",1348171976
"분할주의",201502866,"라벤티드정20mg(라베프라졸나트륨)",2015May12th,"장용성필름코팅정","조아제약(주)","연한 노란색의 원형 장용필름코팅정",02320,"소화성궤양용제","전문의약품","단일","[M089852]라베프라졸나트륨","분할불가","",20230603,6088124071
"분할주의",201502947,"다이나브서방정(메트포르민염산염)",2015May15th,"서방정","한국휴텍스제약(주)","흰색의 양면이 볼록한 장방형 서방정",03960,"당뇨병용제","전문의약품","단일","[M223014]메트포르민염산염","분할불가","",20230721,1128122382
"분할주의",201502948,"넥트라캡슐40mg(에스오메프라졸마그네슘이수화물)",2015May15th,"경질캡슐제, 장용성과립제","삼천당제약(주)","백색 또는 회색의 구형의 미세 과립이 들어있는 상하부초록색의 경질캡슐제",02320,"소화성궤양용제","전문의약품","단일","[M262063]에스오메프라졸마그네슘과립","분할불가","",20240327,1248104295
"분할주의",201502949,"넥트라캡슐20mg(에스오메프라졸마그네슘이수화물)",2015May15th,"경질캡슐제, 장용성과립제","삼천당제약(주)","백색 또는 회색의 구형의 미세과립이 들어있는 상부청록색,하부미황색의 경질캡슐제",02320,"소화성궤양용제","전문의약품","단일","[M262063]에스오메프라졸마그네슘과립","분할불가","",20240327,1248104295
"분할주의",201502994,"비카린엠장용정",2015May19th,"장용성필름코팅정","(주)마더스제약","녹색의 원형 장용성 필름코팅정제",02380,"하제, 완장제","일반의약품","복합","[M081950]도큐세이트나트륨/[M081899]센나엽가루/[M050687]비사코딜","분할불가","","",3128629302
"분할주의",201503025,"오시움캡슐40mg(에스오메프라졸마그네슘이수화물)",2015May20th,"경질캡슐제, 장용성과립제","(주)오스코리아제약","백색 또는 회색의 구형의 미세 과립이 들어있는 상,하부초록색의 경질캡슐제",02320,"소화성궤양용제","전문의약품","단일","[M262063]에스오메프라졸마그네슘과립","분할불가","",20240327,2248154571
"분할주의",201503026,"오시움캡슐20mg(에스오메프라졸마그네슘이수화물)",2015May20th,"경질캡슐제, 장용성과립제","(주)오스코리아제약","백색 또는 회색의 구형의 미세과립이 들어있는 상부청록색, 하부미황색의 경질캡슐제",02320,"소화성궤양용제","전문의약품","단일","[M262063]에스오메프라졸마그네슘과립","분할불가","",20240327,2248154571
"분할주의",201503027,"유스메졸캡슐20mg(에스오메프라졸마그네슘이수화물)",2015May20th,"경질캡슐제, 장용성과립제","(주)유영제약","백색 또는 회색의 구형의 미세과립이 들어있는 상부청록색,하부미황색의 경질캡슐제",02320,"소화성궤양용제","전문의약품","단일","[M262063]에스오메프라졸마그네슘과립","분할불가","",20240327,3018109728
"분할주의",201503029,"듀로센캡슐60밀리그램(둘록세틴염산염)",2015May20th,"장용성캡슐제, 펠렛","유니메드제약(주)","흰색 내지 연한 갈색의 장용성 구형 과립이 든 상부 보라색, 하부 노란연두색의 경질캡슐제",01170,"정신신경용제","전문의약품","단일","[M258601]둘록세틴염산염과립","분할불가","",20200527,3128109048
"분할주의",201503030,"넥시메졸캡슐20mg(에스오메프라졸마그네슘이수화물)",2015May20th,"경질캡슐제, 장용성과립제","한국휴텍스제약(주)","백색 또는 회색의 구형의 미세과립이 들어있는 상부청록색,하부미황색의 경질캡슐제",02320,"소화성궤양용제","전문의약품","단일","[M262063]에스오메프라졸마그네슘과립","분할불가","",20240327,1128122382
"분할주의",201503032,"넥시메졸캡슐40mg(에스오메프라졸마그네슘이수화물)",2015May20th,"경질캡슐제, 장용성과립제","한국휴텍스제약(주)","백색 또는 회색의 구형의 미세 과립이 들어있는 상,하부초록색의 경질캡슐제",02320,"소화성궤양용제","전문의약품","단일","[M262063]에스오메프라졸마그네슘과립","분할불가","",20240327,1128122382
"분할주의",201503037,"에소놀캡슐20mg(에스오메프라졸마그네슘이수화물)",2015May21st,"경질캡슐제, 장용성과립제","한국유나이티드제약(주)","연한 황백색 내지 밝은 회색의 구형 펠렛이 들어있는 상부 청록색, 하부 미황색의 경질캡슐제",02320,"소화성궤양용제","전문의약품","단일","[M283482]에스오메프라졸장용코팅펠렛22.85%","분할불가","",20240327,3078105244
"분할주의",201503038,"에소놀캡슐40mg(에스오메프라졸마그네슘이수화물)",2015May21st,"경질캡슐제, 장용성과립제","한국유나이티드제약(주)","연한 황백색 내지 밝은 회색의 구형 펠렛이 들어있는 상‧하부 초록색의 경질캡슐제",02320,"소화성궤양용제","전문의약품","단일","[M283482]에스오메프라졸장용코팅펠렛22.85%","분할불가","",20240327,3078105244
"분할주의",201503039,"에스오졸캡슐20mg(에스오메프라졸마그네슘이수화물)",2015May21st,"경질캡슐제, 장용성과립제","(주)녹십자웰빙","백색 또는 회색의 구형의 미세과립이 들어있는 상부청록색,하부미황색의 경질캡슐제",02320,"소화성궤양용제","전문의약품","단일","[M262063]에스오메프라졸마그네슘과립","분할불가","",20240327,1358172584
"분할주의",201503040,"에스오졸캡슐40mg(에스오메프라졸마그네슘이수화물)",2015May21st,"경질캡슐제, 장용성과립제","(주)녹십자웰빙","백색 또는 회색의 구형의 미세 과립이 들어있는 상하부초록색의 경질캡슐제",02320,"소화성궤양용제","전문의약품","단일","[M262063]에스오메프라졸마그네슘과립","분할불가","",20240327,1358172584
"분할주의",201503041,"에소마크캡슐20mg(에스오메프라졸마그네슘이수화물)",2015May21st,"경질캡슐제, 장용성과립제","동광제약(주)","백색 또는 회색의 과립이 들어있는 상부청록색,하부미황색의 경질 캡슐제",02320,"소화성궤양용제","전문의약품","단일","[M262063]에스오메프라졸마그네슘과립","분할불가","",20240327,2018644250
"분할주의",201503049,"에소멜캡슐40밀리그램(에스오메프라졸마그네슘이수화물)",2015May21st,"경질캡슐제, 장용성과립제","일성아이에스(주)","백색 또는 회색의 구형의 미세 과립이 들어있는 상하부 진분홍색의 경질캡슐제",02320,"소화성궤양용제","전문의약품","단일","[M262063]에스오메프라졸마그네슘과립","분할불가","",20260304,1068100710
"분할주의",201503050,"에소멜캡슐20밀리그램(에스오메프라졸마그네슘이수화물)",2015May21st,"경질캡슐제, 장용성과립제","일성아이에스(주)","백색 또는 회색의 구형의 미세과립이 들어있는 상하부 연분홍색의 경질캡슐제",02320,"소화성궤양용제","전문의약품","단일","[M262063]에스오메프라졸마그네슘과립","분할불가","",20240327,1068100710
"분할주의",201503051,"에소파졸캡슐40mg(에스오메프라졸마그네슘이수화물)",2015May21st,"경질캡슐제, 장용성과립제","(주)일화","백색 또는 회색의 구형의 미세 과립이 들어있는 상,하부초록색의 경질캡슐제",02320,"소화성궤양용제","전문의약품","단일","[M262063]에스오메프라졸마그네슘과립","분할불가","",20240327,1328101004
"분할주의",201503052,"에소마크캡슐40mg(에스오메프라졸마그네슘이수화물)",2015May21st,"경질캡슐제, 장용성과립제","동광제약(주)","백색 또는 회색의 구형의 미세 과립이 들어있는 상,하부초록색의 경질캡슐제",02320,"소화성궤양용제","전문의약품","단일","[M262063]에스오메프라졸마그네슘과립","분할불가","",20240327,2018644250
"분할주의",201503482,"에소파졸캡슐20mg(에스오메프라졸마그네슘이수화물)",2015May29th,"경질캡슐제, 장용성과립제","(주)일화","백색 또는 회색의 구형의 미세과립이 들어있는 상부청록색,하부미황색의 경질캡슐제",02320,"소화성궤양용제","전문의약품","단일","[M262063]에스오메프라졸마그네슘과립","분할불가","",20240327,1328101004
"분할주의",201503484,"직듀오서방정10/1000밀리그램",2015May29th,"서방성필름코팅정","한국아스트라제네카(주)","노란색~진한 노란색의, 양면이 볼록한, 타원형의 필름코팅정제",03960,"당뇨병용제","전문의약품","복합","[M223014]메트포르민염산염/[M258339]다파글리플로진프로판디올수화물","분할불가","",20260609,2148146701
"분할주의",201503635,"직듀오서방정10/500밀리그램",2015June8th,"서방성필름코팅정","한국아스트라제네카(주)","분홍색의, 양면이 볼록한, 장방형의 필름코팅정제",03960,"당뇨병용제","전문의약품","복합","[M223014]메트포르민염산염/[M258339]다파글리플로진프로판디올수화물","분할불가","",20260609,2148146701
"분할주의",201503955,"타임에스서방정0.2밀리그램(탐스로신염산염)",2015June18th,"서방성필름코팅정","(주)서울제약","흰색의 원형 필름코팅정제",02590,"기타의 비뇨생식기관 및 항문용약","전문의약품","단일","[M241531]탐스로신염산염","분할불가","",20241029,1338130405
"분할주의",201504227,"아다핀오스모서방정30밀리그램(니페디핀)",2015June30th,"서방성필름코팅정","에리슨제약(주)","분홍색의 원형 필름코팅정",02170,"혈관확장제","전문의약품","단일","[M050164]니페디핀","분할불가","","",1248707538
"분할주의",201504259,"라피졸정10mg(라베프라졸나트륨)",2015June30th,"장용성필름코팅정","대한뉴팜(주)","담황색의 원형 장용 필름코팅정",02320,"소화성궤양용제","전문의약품","단일","[M089852]라베프라졸나트륨","분할불가","",20230603,2298110729
"분할주의",201504260,"라피졸정20mg(라베프라졸나트륨)",2015June30th,"장용성필름코팅정","대한뉴팜(주)","담황색의 원형 장용 필름코팅정",02320,"소화성궤양용제","전문의약품","단일","[M089852]라베프라졸나트륨","분할불가","",20230603,2298110729
"분할주의",201504896,"시타폴민엑스알서방정100/1000밀리그램",2015July16th,"서방성필름코팅정","(주)종근당","밝은 파란색의 양면이 볼록한 타원형 서방성 필름코팅정",03960,"당뇨병용제","전문의약품","복합","[M223014]메트포르민염산염/[M251915]시타글립틴인산염수화물","분할불가","",20181112,3128560679
"분할주의",201504897,"시타폴민엑스알서방정50/1000밀리그램",2015July16th,"서방성필름코팅정","(주)종근당","밝은 녹색의 양면이 볼록한 타원형 서방성 필름코팅정",03960,"당뇨병용제","전문의약품","복합","[M223014]메트포르민염산염/[M251915]시타글립틴인산염수화물","분할불가","",20181112,3128560679
"분할주의",201504978,"트라콤이알서방정(트라마돌염산염, 아세트아미노펜)",2015July21st,"서방성필름코팅정","이연제약(주)","연한 노란색의 장방형 서방성 필름코팅정",01140,"해열.진통.소염제","전문의약품","복합","[M040353]아세트아미노펜/[M040353]아세트아미노펜/[M222893]트라마돌염산염","분할불가","",20260219,3018505394
"분할주의",201505030,"시타메트엑스알서방정100/1000밀리그램(시타글립틴, 메트포르민)",2015July23rd,"서방성필름코팅정","한미약품(주)","밝은 파란색의 양면이 볼록한 타원형 서방성 필름코팅정",03960,"당뇨병용제","전문의약품","복합","[M223014]메트포르민염산염/[M251915]시타글립틴인산염수화물","분할불가","",20240115,1248700613
"분할주의",201505031,"시타메트엑스알서방정50/500밀리그램(시타글립틴, 메트포르민)",2015July23rd,"서방성필름코팅정","한미약품(주)","밝은 파란색의 양면이 볼록한 타원형 서방성 필름코팅정",03960,"당뇨병용제","전문의약품","복합","[M223014]메트포르민염산염/[M251915]시타글립틴인산염수화물","분할불가","",20240115,1248700613
"분할주의",201505032,"시타메트엑스알서방정50/1000밀리그램(시타글립틴, 메트포르민)",2015July23rd,"서방성필름코팅정","한미약품(주)","녹색의 양면이 볼록한 타원형 서방성 필름코팅정",03960,"당뇨병용제","전문의약품","복합","[M223014]메트포르민염산염/[M251915]시타글립틴인산염수화물","분할불가","",20240115,1248700613
"분할주의",201505074,"카리디노정50단위(칼리디노게나제)",2015July27th,"장용성필름코팅정","위더스제약(주)","흰색의 원형 장용성 필름코팅정",02190,"기타의 순환계용약","전문의약품","단일","[M082140]칼리디노게나제","분할불가","","",1258522182
"분할주의",201505133,"라베탑정10mg(라베프라졸나트륨)",2015July29th,"장용성필름코팅정","화일약품(주)","담황색의 원형 장용필름코팅정",02320,"소화성궤양용제","전문의약품","단일","[M089852]라베프라졸나트륨","분할불가","",20230603,1248127624
"분할주의",201505134,"라베탑정20mg(라베프라졸나트륨)",2015July29th,"장용성필름코팅정","화일약품(주)","담황색의 원형 장용필름코팅정",02320,"소화성궤양용제","전문의약품","단일","[M089852]라베프라졸나트륨","분할불가","",20230603,1248127624
"분할주의",201505137,"칼리돈정50단위(칼리디노게나제)",2015July29th,"장용성필름코팅정","(주)휴비스트제약","흰색의 원형 장용성 필름코팅정",02190,"기타의 순환계용약","전문의약품","단일","[M082140]칼리디노게나제","분할불가","",20250811,3188100991
"분할주의",201505164,"트라마셋서방정",2015July30th,"서방성필름코팅정","제이더블유신약(주)","연한 노란색의 장방형 서방성 필름코팅정",01140,"해열.진통.소염제","전문의약품","복합","[M040353]아세트아미노펜/[M040353]아세트아미노펜/[M222893]트라마돌염산염","분할불가","",20260219,3128102332
"분할주의",201505489,"오메라핀캡슐(오메프라졸)",2015August10th,"경질캡슐제, 장용성과립제","에스피씨(주)","미황색의 장용성 과립이 충진된 상부 적갈색, 하부분홍색의 경질캡슐제",02320,"소화성궤양용제","전문의약품","단일","[M083697]오메프라졸장용성과립","분할불가","",20240327,1138137651
"분할주의",201505607,"듀로센캡슐30밀리그램(둘록세틴염산염)",2015August12th,"장용성캡슐제, 펠렛","유니메드제약(주)","흰색내지 연한갈색의 장용성 구형과립이 든 상부 보라색,하부 흰색의 경질캡슐제",01170,"정신신경용제","전문의약품","단일","[M258601]둘록세틴염산염과립","분할불가","",20200411,3128109048
"분할주의",201505901,"탐스론서방정0.2밀리그램(탐스로신염산염)",2015August24th,"서방성필름코팅정","(주)오스코리아제약","흰색의 원형 필름코팅정제",02590,"기타의 비뇨생식기관 및 항문용약","전문의약품","단일","[M241531]탐스로신염산염","분할불가","",20241029,2248154571
"분할주의",201505904,"페인리스세미서방정",2015August24th,"서방성필름코팅정","주식회사제뉴원사이언스","연한 노란색의 원형 서방성 필름코팅정",01140,"해열.진통.소염제","전문의약품","복합","[M040353]아세트아미노펜/[M040353]아세트아미노펜/[M222893]트라마돌염산염","분할불가","",20260219,6218542600
"분할주의",201506175,"칼리드정50단위(칼리디노게나제)",2015August31st,"장용성필름코팅정","익수제약(주)","흰색의 원형 장용성 필름코팅정",02190,"기타의 순환계용약","전문의약품","단일","[M082140]칼리디노게나제","분할불가","",20250908,1268104419
"분할주의",201506355,"알푸케어서방정10밀리그램(알푸조신염산염)",2015September2nd,"서방성다층정","주식회사더유제약","이 약은 2개의 황색층 사이에 1개의 흰색층이 삽입되어 있는 총 3층으로 이루어진 양쪽이 볼록한 원형 필름코팅 정제이다.",02590,"기타의 비뇨생식기관 및 항문용약","전문의약품","단일","[M222874]알푸조신염산염/[M222874]알푸조신염산염/[M222874]알푸조신염산염","분할불가","",20250414,1138669177
"분할주의",201506405,"탐실서방정0.2밀리그램(탐스로신염산염)",2015September7th,"서방성필름코팅정","(주)아이월드제약","흰색의 원형 필름코팅정제",02590,"기타의 비뇨생식기관 및 항문용약","전문의약품","단일","[M241531]탐스로신염산염","분할불가","",20241029,1318199577
"분할주의",201506478,"트로셋세미서방정",2015September9th,"서방성필름코팅정","(주)서울제약","연한 노란색의 원형 서방성 필름코팅정",01140,"해열.진통.소염제","전문의약품","복합","[M040353]아세트아미노펜/[M040353]아세트아미노펜/[M222893]트라마돌염산염","분할불가","",20260219,1338130405
"분할주의",201506479,"타라셋세미서방정",2015September9th,"서방성필름코팅정","동광제약(주)","연한 황색의 원형 필름코팅서방정",01140,"해열.진통.소염제","전문의약품","복합","[M040353]아세트아미노펜/[M222893]트라마돌염산염/[M040353]아세트아미노펜","분할불가","",20260219,2018644250
"분할주의",201506480,"에이셋세미서방정",2015September9th,"서방성필름코팅정","한국휴텍스제약(주)","연한 노란색의 원형 서방성 필름코팅정",01140,"해열.진통.소염제","전문의약품","복합","[M040353]아세트아미노펜/[M040353]아세트아미노펜/[M222893]트라마돌염산염","분할불가","",20260219,1128122382
"분할주의",201506481,"파라마셋이알세미서방정",2015September9th,"서방성필름코팅정","동아에스티(주)","연한 노란색의 원형 서방성 필름코팅정",01140,"해열.진통.소염제","전문의약품","복합","[M040353]아세트아미노펜/[M040353]아세트아미노펜/[M222893]트라마돌염산염","분할불가","",20260219,2048640122
"분할주의",201506560,"실론탐서방정0.2밀리그램(탐스로신염산염)",2015September15th,"서방성필름코팅정","조아제약(주)","흰색의 원형 필름코팅정제",02590,"기타의 비뇨생식기관 및 항문용약","전문의약품","단일","[M241531]탐스로신염산염","분할불가","",20241029,6088124071
"분할주의",201506564,"타로신서방정0.2밀리그램(탐스로신염산염)",2015September15th,"서방성필름코팅정","대한뉴팜(주)","흰색의 원형 필름코팅정제",02590,"기타의 비뇨생식기관 및 항문용약","전문의약품","단일","[M243979]탐스로신염산염","분할불가","",20241029,2298110729
"분할주의",201506571,"라베민정10mg(라베프라졸나트륨)",2015September15th,"장용성필름코팅정","(주)넥스팜코리아","담황색의 원형 장용 필름코팅정",02320,"소화성궤양용제","전문의약품","단일","[M089852]라베프라졸나트륨","분할불가","",20230603,3018125427
"분할주의",201506597,"듀얼셋세미서방정",2015September17th,"서방성필름코팅정","(주)중헌제약","연한 노란색의 원형 서방성 필름코팅정",01140,"해열.진통.소염제","전문의약품","복합","[M040353]아세트아미노펜/[M040353]아세트아미노펜/[M222893]트라마돌염산염","분할불가","",20260219,3178142585
"분할주의",201506598,"트라마셋세미서방정",2015September17th,"서방성필름코팅정","제이더블유신약(주)","연한 노란색의 원형 서방성 필름코팅정",01140,"해열.진통.소염제","전문의약품","복합","[M040353]아세트아미노펜/[M040353]아세트아미노펜/[M222893]트라마돌염산염","분할불가","",20260219,3128102332
"분할주의",201506640,"라베민정20mg(라베프라졸나트륨)",2015September18th,"장용성필름코팅정","(주)넥스팜코리아","담황색의 원형 장용 필름코팅정",02320,"소화성궤양용제","전문의약품","단일","[M089852]라베프라졸나트륨","분할불가","",20230603,3018125427
"분할주의",201506781,"무파인서방정",2015September24th,"서방성필름코팅정","대한뉴팜(주)","연한 노란색의 장방형 서방성 필름코팅정",01140,"해열.진통.소염제","전문의약품","복합","[M040353]아세트아미노펜/[M040353]아세트아미노펜/[M222893]트라마돌염산염","분할불가","",20260219,2298110729
"분할주의",201506782,"무파인세미서방정",2015September24th,"서방성필름코팅정","대한뉴팜(주)","연한 노란색의 원형 서방성 필름코팅정",01140,"해열.진통.소염제","전문의약품","복합","[M040353]아세트아미노펜/[M040353]아세트아미노펜/[M222893]트라마돌염산염","분할불가","",20260219,2298110729
"분할주의",201506832,"부소메졸정40mg(에스오메프라졸마그네슘삼수화물)",2015September30th,"장용성필름코팅정","부광약품(주)","분홍색의 원형 필름코팅정",02320,"소화성궤양용제","전문의약품","단일","[M092321]에스오메프라졸마그네슘삼수화물","분할불가","",20240327,1188100450
"분할주의",201506833,"부소메졸정20mg(에스오메프라졸마그네슘삼수화물)",2015September30th,"장용성필름코팅정","부광약품(주)","연분홍색의 원형 필름코팅정",02320,"소화성궤양용제","전문의약품","단일","[M092321]에스오메프라졸마그네슘삼수화물","분할불가","",20240327,1188100450
"분할주의",201506842,"라프리졸정10mg(라베프라졸나트륨)",2015September30th,"장용성필름코팅정","아이큐어(주)","담황색의 원형 장용필름코팅정",02320,"소화성궤양용제","전문의약품","단일","[M089852]라베프라졸나트륨","분할불가","",20230603,1148199306
"분할주의",201506843,"라프리졸정20mg(라베프라졸나트륨)",2015September30th,"장용성필름코팅정","아이큐어(주)","담황색의 원형 장용필름코팅정",02320,"소화성궤양용제","전문의약품","단일","[M089852]라베프라졸나트륨","분할불가","",20230603,1148199306
"분할주의",201507099,"제미메트서방정50/500밀리그램",2015October12th,"서방성필름코팅정","(주)엘지화학","주황색의 타원형 필름코팅정",03960,"당뇨병용제","전문의약품","복합","[M254878]제미글립틴타르타르산염1.5수화물/[M223014]메트포르민염산염","분할불가","",20220921,1078198139
"분할주의",201507195,"라베로즈정10밀리그램(라베프라졸나트륨)",2015October15th,"장용성필름코팅정","제이더블유신약(주)","연한 노란색의 원형 장용성 필름코팅정제",02320,"소화성궤양용제","전문의약품","단일","[M089852]라베프라졸나트륨","분할불가","",20230603,3128102332
"분할주의",201507196,"라베로즈정20밀리그램(라베프라졸나트륨)",2015October15th,"장용성필름코팅정","제이더블유신약(주)","연한 노란색의 원형 장용성 필름코팅정제",02320,"소화성궤양용제","전문의약품","단일","[M089852]라베프라졸나트륨","분할불가","",20230603,3128102332
"분할주의",201507270,"에스엠프라정40밀리그램(에스오메프라졸마그네슘이수화물)",2015October21st,"장용성필름코팅정","(주)휴온스","분홍색의 장방형 필름코팅정",02320,"소화성궤양용제","전문의약품","단일","[M259375]에스오메프라졸마그네슘이수화물","분할불가","",20240327,8638700270
"분할주의",201507272,"에스엠프라정20밀리그램(에스오메프라졸마그네슘이수화물)",2015October21st,"장용성필름코팅정","(주)휴온스","연분홍색의 장방형 필름코팅정",02320,"소화성궤양용제","전문의약품","단일","[M259375]에스오메프라졸마그네슘이수화물","분할불가","",20240327,8638700270
"분할주의",201507403,"세노비아에프정",2015October28th,"장용성필름코팅정","(주)한국파비스제약","녹색의 원형 장용성 필름코팅정제",02380,"하제, 완장제","일반의약품","복합","[M081950]도큐세이트나트륨/[M081899]센나엽가루/[M050687]비사코딜","분할불가","",20250528,2838501407
"분할주의",201507453,"라비파정10밀리그램(라베프라졸나트륨)",2015October29th,"장용성필름코팅정","풍림무약(주)","담황색의 원형 장용 필름코팅정",02320,"소화성궤양용제","전문의약품","단일","[M089852]라베프라졸나트륨","분할불가","",20230603,1248509319
"분할주의",201507454,"라비파정20밀리그램(라베프라졸나트륨)",2015October29th,"장용성필름코팅정","풍림무약(주)","담황색의 원형 장용 필름코팅정",02320,"소화성궤양용제","전문의약품","단일","[M089852]라베프라졸나트륨","분할불가","",20230603,1248509319
"분할주의",201507458,"아마돌ER서방정",2015October29th,"서방성필름코팅정","아주약품(주)","연한 노란색의 장방형 서방성 필름코팅정",01140,"해열.진통.소염제","전문의약품","복합","[M040353]아세트아미노펜/[M040353]아세트아미노펜/[M222893]트라마돌염산염","분할불가","",20260219,8028803696
"분할주의",201507682,"란시졸캡슐30밀리그램(란소프라졸)",2015November11th,"장용성캡슐제, 펠렛","(주)셀트리온제약","흰색-엷은 갈색의 과립을 충전한 상하 흰색의 경질캡슐제",02320,"소화성궤양용제","전문의약품","단일","[M091244]란소프라졸과립","분할불가","",20240913,2148671641
"분할주의",201507785,"유니시움정40mg(에스오메프라졸마그네슘삼수화물)",2015November20th,"장용성필름코팅정","한국유니온제약(주)","분홍색의 원형 필름코팅정",02320,"소화성궤양용제","전문의약품","단일","[M092321]에스오메프라졸마그네슘삼수화물","분할불가","",20240327,6078121765
"분할주의",201507786,"유니시움정20mg(에스오메프라졸마그네슘삼수화물)",2015November20th,"장용성필름코팅정","한국유니온제약(주)","연분홍색의 원형 필름코팅정",02320,"소화성궤양용제","전문의약품","단일","[M092321]에스오메프라졸마그네슘삼수화물","분할불가","",20240327,6078121765
"분할주의",201507923,"쿠에티서방정50밀리그램(쿠에티아핀푸마르산염)",2015November25th,"서방성필름코팅정","(주)한국파마","흰색~회백색의 양면이 볼록한 원형 서방성 필름코팅정",01170,"정신신경용제","전문의약품","단일","[M228429]쿠에티아핀푸마르산염","분할불가","",20250212,1248115899
"분할주의",201507924,"쿠에티서방정150밀리그램(쿠에티아핀푸마르산염)",2015November25th,"서방성필름코팅정","(주)한국파마","흰색~회백색의 양면이 볼록한 장방형 서방성 필름코팅정",01170,"정신신경용제","전문의약품","단일","[M228429]쿠에티아핀푸마르산염","분할불가","",20250212,1248115899
"분할주의",201507925,"쿠에티서방정300밀리그램(쿠에티아핀푸마르산염)",2015November25th,"서방성필름코팅정","(주)한국파마","흰색~회백색의 양면이 볼록한 장방형 서방성 필름코팅정",01170,"정신신경용제","전문의약품","단일","[M228429]쿠에티아핀푸마르산염","분할불가","",20250212,1248115899
"분할주의",201507926,"쿠에티서방정400밀리그램(쿠에티아핀푸마르산염)",2015November25th,"서방성필름코팅정","(주)한국파마","흰색~회백색의 양면이 볼록한 타원형 서방성 필름코팅정",01170,"정신신경용제","전문의약품","단일","[M228429]쿠에티아핀푸마르산염","분할불가","",20250212,1248115899
"분할주의",201507927,"쿠에티서방정200밀리그램(쿠에티아핀푸마르산염)",2015November25th,"서방성필름코팅정","(주)한국파마","흰색~회백색의 양면이 볼록한 장방형 서방성 필름코팅정",01170,"정신신경용제","전문의약품","단일","[M228429]쿠에티아핀푸마르산염","분할불가","",20250212,1248115899
"분할주의",201507964,"쿠에타핀서방정50밀리그램(쿠에티아핀푸마르산염)",2015November27th,"서방성필름코팅정","환인제약(주)","흰색~회백색의 양면이 볼록한 원형 서방성 필름코팅정제",01170,"정신신경용제","전문의약품","단일","[M228429]쿠에티아핀푸마르산염","분할불가","",20250212,2158136171
"분할주의",201507965,"쿠에타핀서방정150밀리그램(쿠에티아핀푸마르산염)",2015November27th,"서방성필름코팅정","환인제약(주)","흰색~회백색의 양면이 볼록한 장방형 서방성 필름코팅정제",01170,"정신신경용제","전문의약품","단일","[M228429]쿠에티아핀푸마르산염","분할불가","",20250212,2158136171
"분할주의",201507966,"쿠에타핀서방정200밀리그램(쿠에티아핀푸마르산염)",2015November27th,"서방성필름코팅정","환인제약(주)","흰색~회백색의 양면이 볼록한 장방형 서방성 필름코팅정제",01170,"정신신경용제","전문의약품","단일","[M228429]쿠에티아핀푸마르산염","분할불가","",20250212,2158136171
"분할주의",201507967,"쿠에타핀서방정300밀리그램(쿠에티아핀푸마르산염)",2015November27th,"서방성필름코팅정","환인제약(주)","흰색~회백색의 양면이 볼록한 장방형 서방성 필름코팅정제",01170,"정신신경용제","전문의약품","단일","[M228429]쿠에티아핀푸마르산염","분할불가","",20250212,2158136171
"분할주의",201507968,"쿠에타핀서방정400밀리그램(쿠에티아핀푸마르산염)",2015November27th,"서방성필름코팅정","환인제약(주)","흰색~회백색의 양면이 볼록한 타원형 서방성 필름코팅정제",01170,"정신신경용제","전문의약품","단일","[M228429]쿠에티아핀푸마르산염","분할불가","",20250212,2158136171
"분할주의",201507970,"큐로켈서방정150밀리그램(쿠에티아핀푸마르산염)",2015November27th,"서방성필름코팅정","명인제약(주)","흰색~회백색의 양면이 볼록한 장방형 서방성 필름코팅정",01170,"정신신경용제","전문의약품","단일","[M228429]쿠에티아핀푸마르산염","분할불가","",20250212,1248118673
"분할주의",201507971,"큐로켈서방정50밀리그램(쿠에티아핀푸마르산염)",2015November27th,"서방성필름코팅정","명인제약(주)","흰색~회백색의 양면이 볼록한 원형 서방성 필름코팅정",01170,"정신신경용제","전문의약품","단일","[M228429]쿠에티아핀푸마르산염","분할불가","",20250212,1248118673
"분할주의",201507972,"큐로켈서방정200밀리그램(쿠에티아핀푸마르산염)",2015November27th,"서방성필름코팅정","명인제약(주)","흰색~회백색의 양면이 볼록한 장방형 서방성 필름코팅정제",01170,"정신신경용제","전문의약품","단일","[M228429]쿠에티아핀푸마르산염","분할불가","",20250212,1248118673
"분할주의",201507973,"큐로켈서방정300밀리그램(쿠에티아핀푸마르산염)",2015November27th,"서방성필름코팅정","명인제약(주)","흰색~회백색의 양면이 볼록한 장방형 서방성 필름코팅정제",01170,"정신신경용제","전문의약품","단일","[M228429]쿠에티아핀푸마르산염","분할불가","",20250212,1248118673
"분할주의",201507974,"큐로켈서방정400밀리그램(쿠에티아핀푸마르산염)",2015November27th,"서방성필름코팅정","명인제약(주)","흰색~회백색의 양면이 볼록한 타원형 서방성 필름코팅정제",01170,"정신신경용제","전문의약품","단일","[M228429]쿠에티아핀푸마르산염","분할불가","",20250212,1248118673
"분할주의",201508016,"디클렉틴장용정",2015November30th,"장용성필름코팅정","현대약품(주)","한쪽면에 핑크색 임산부 그림이 새겨진 양면이 볼록한 흰색의  원형 필름코팅 장용정",02350,"최토제, 진토제","전문의약품","복합","[M279125]독실아민숙신산염/[M204304]피리독신염산염","분할불가","",20190630,1308100988
"분할주의",201508476,"에피움정20밀리그램(에스오메프라졸마그네슘삼수화물)",2015December29th,"장용성필름코팅정","(주)메디카코리아","연분홍색의 원형 필름코팅정",02320,"소화성궤양용제","전문의약품","단일","[M092321]에스오메프라졸마그네슘삼수화물","분할불가","",20260610,1208165228
"분할주의",201508477,"에피움정40밀리그램(에스오메프라졸마그네슘삼수화물)",2015December29th,"장용성필름코팅정","(주)메디카코리아","분홍색의 원형 필름코팅정",02320,"소화성궤양용제","전문의약품","단일","[M092321]에스오메프라졸마그네슘삼수화물","분할불가","",20260610,1208165228
"분할주의",201508478,"파리나졸정20mg(라베프라졸나트륨)",2015December29th,"장용성필름코팅정","한국휴텍스제약(주)","담황색의 원형 장용필름코팅정",02320,"소화성궤양용제","전문의약품","단일","[M089852]라베프라졸나트륨","분할불가","",20260511,1128122382
"분할주의",201508552,"한미탐스캡슐0.4밀리그램(탐스로신염산염)",2015December31st,"경질캡슐제, 서방성장용성펠렛","한미약품(주)","연한 노란색의 장용서방과립이 든 상, 하부 흐린 노란 주황색의 경질캡슐",02590,"기타의 비뇨생식기관 및 항문용약","전문의약품","단일","[M241531]탐스로신염산염","분할불가","",20230202,1248700613
"분할주의",201508553,"슈가메트서방정5/1000밀리그램",2015December31st,"서방성필름코팅정","동아에스티(주)","진한 분홍색의 장방형 필름코팅 정제",03960,"당뇨병용제","전문의약품","복합","[M244179]메트포르민염산염/[M263350]에보글립틴타르타르산염/[M244179]메트포르민염산염","분할불가","",20240513,2048640122
"분할주의",201600365,"시타폴민엑스알서방정50/500밀리그램",2016January20th,"서방성필름코팅정","(주)종근당","연한 파란색의 양면이 볼록한 타원형 서방성 필름코팅정",03960,"당뇨병용제","전문의약품","복합","[M223014]메트포르민염산염/[M251915]시타글립틴인산염수화물","분할불가","",20181112,3128560679
"분할주의",201600396,"아스텍션장용정100밀리그램(아스피린)",2016January21st,"장용성필름코팅정","(주)셀트리온제약","흰색의 원형 장용성 필름코팅정",02190,"기타의 순환계용약","일반의약품","단일","[M040355]아스피린","분할불가","",20250415,2148671641
"분할주의",201600419,"텍피데라캡슐240밀리그램(디메틸푸마르산염)",2016January22nd,"경질캡슐제, 서방성장용성펠렛","한국에자이(주)","장용코팅 마이크로정제가 든 상하부 녹색의 경질캡슐",01190,"기타의 중추신경용약","전문,희귀","단일","[M263444]디메틸푸마르산염","분할불가","",20260119,1208173112
"분할주의",201600420,"텍피데라캡슐120밀리그램(디메틸푸마르산염)",2016January22nd,"경질캡슐제, 서방성장용성펠렛","한국에자이(주)","장용코팅 마이크로정제가 든 상부 녹색 하부 백색의 경질캡슐",01190,"기타의 중추신경용약","전문,희귀","단일","[M263444]디메틸푸마르산염","분할불가","",20260119,1208173112
"분할주의",201600777,"탐솔캡슐(탐스로신염산염)",2016February5th,"경질캡슐제, 서방성장용성펠렛","(주)셀트리온제약","흰색 내지 연한 노란색의 펠렛을 함유한 상의 살구색, 하의 흰색의 캡슐제",02590,"기타의 비뇨생식기관 및 항문용약","전문의약품","단일","[M241531]탐스로신염산염","분할불가","",20241029,2148671641
"분할주의",201600828,"탐스민서방정(탐스로신염산염)",2016February12th,"서방성필름코팅정","(주)테라젠이텍스","흰색의 원형 필름코팅정제",02590,"기타의 비뇨생식기관 및 항문용약","전문의약품","단일","[M241531]탐스로신염산염","분할불가","",20241029,1348545665
"분할주의",201600889,"아디녹스캡슐",2016February16th,"서방성캡슐제, 펠렛","초당약품공업(주)","흰색 내지 거의 흰색의 양면이 볼록한 원형 아스피린 당의정과 밝은 노란색의 디피리다몰 펠렛을 내용물로 하는 상부 적갈색 하부 연한 노란색의 캡슐",02190,"기타의 순환계용약","전문의약품","복합","[M050305]디피리다몰/[M040355]아스피린","분할불가","",20250415,1138115303
"분할주의",201600978,"칼리노정(칼리디노게나제)",2016February22nd,"장용성필름코팅정","아이큐어(주)","적색의 원형 장용성 필름코팅정",02190,"기타의 순환계용약","전문의약품","단일","[M082140]칼리디노게나제","분할불가","","",1148199306
"분할주의",201601030,"클라낙CR정(아세클로페낙)",2016February24th,"서방성필름코팅정","주식회사제뉴원사이언스","흰색의 장방형 서방성 필름코팅정",01140,"해열.진통.소염제","전문의약품","단일","[M040359]아세클로페낙/[M040359]아세클로페낙","분할불가","",20240522,6218542600
"분할주의",201601059,"라베플러스정10밀리그램(라베프라졸나트륨)",2016February26th,"장용성필름코팅정","동화약품(주)","담황색의 원형 장용필름코팅정",02320,"소화성궤양용제","전문의약품","단일","[M089852]라베프라졸나트륨","분할불가","",20230603,1108100102
"분할주의",201601060,"라베플러스정20밀리그램(라베프라졸나트륨)",2016February26th,"장용성필름코팅정","동화약품(주)","담황색의 원형 장용필름코팅정",02320,"소화성궤양용제","전문의약품","단일","[M089852]라베프라졸나트륨","분할불가","",20230603,1108100102
"분할주의",201601168,"칼레인정(칼리디노게나제)",2016February29th,"장용성필름코팅정","(주)이든파마","흰색의 원형 장용성 필름코팅정",02190,"기타의 순환계용약","전문의약품","단일","[M082140]칼리디노게나제","분할불가","","",2648120986
"분할주의",201601516,"엔시트라세미서방정(트라마돌염산염, 아세트아미노펜)",2016March15th,"서방성필름코팅정","한림제약(주)","[내수용] 황색의 원형 필름코팅 서방정제[수출용] 황색의 장방형 필름코팅 서방정제",01140,"해열.진통.소염제","전문의약품","복합","[M040353]아세트아미노펜/[M040353]아세트아미노펜/[M222893]트라마돌염산염/[M040353]아세트아미노펜/[M040353]아세트아미노펜/[M222893]트라마돌염산염","분할불가","",20260219,1358102638
"분할주의",201601522,"큐락스정",2016March15th,"장용성필름코팅정","(주)휴비스트제약","연두색의 원형 장용필름코팅정",02380,"하제, 완장제","일반의약품","복합","[M050687]비사코딜/[M081950]도큐세이트나트륨","분할불가","",20250827,3188100991
"분할주의",201601537,"프레탈서방캡슐200밀리그램(실로스타졸)",2016March16th,"서방성캡슐제, 펠렛","한국오츠카제약(주)","흰색의 서방성 과립을 포함하는 상·하 흰색의 경질 캡슐제",03390,"기타의 혈액 및 체액용약","전문의약품","단일","[M252025]실로스타졸(미분화)","분할불가","",20180110,2208114465
"분할주의",201601639,"멜포민서방정500mg(메트포르민염산염)",2016March28th,"서방정","(주)씨엠지제약","흰색의 양면이 볼록한 장방형 서방정",03960,"당뇨병용제","전문의약품","단일","[M223014]메트포르민염산염","분할불가","",20230721,1348171976
"분할주의",201602080,"칼리딘정(칼리디노게나제)",2016April12th,"장용성필름코팅정","하나제약(주)","흰색의 원형 장용성 필름코팅정",02190,"기타의 순환계용약","전문의약품","단일","[M082140]칼리디노게나제","분할불가","",20250317,1248137632
"분할주의",201602430,"콘트라브서방정",2016April29th,"서방성필름코팅정","광동제약(주)","파란색 원형의 서방성 필름코팅정",01230,"자율신경제","전문의약품","복합","[M233238]부프로피온염산염/[M254702]날트렉손염산염","분할불가","",20260526,1138108888
"분할주의",201602518,"칼크레인정50단위(칼리디노게나제)",2016May4th,"장용성필름코팅정","대우제약(주)","주황색 원형의 장용성 필름코팅정",02190,"기타의 순환계용약","전문의약품","단일","[M082140]칼리디노게나제","분할불가","",20200903,6038109769
"분할주의",201602713,"오메푸졸캡슐(오메프라졸)",2016May17th,"경질캡슐제, 장용성과립제","성원애드콕제약(주)","미황색의 장용성 과립이 충진된 상부 적갈색, 하부분홍색의 경질캡슐제",02320,"소화성궤양용제","전문의약품","단일","[M083697]오메프라졸장용성과립","분할불가","",20240327,1098148940
"분할주의",201603003,"엠페낙CR정(아세클로페낙)",2016May27th,"서방성필름코팅정","맥널티제약(주)","흰색의 장방형 서방성 필름코팅정",01140,"해열.진통.소염제","전문의약품","단일","[M040359]아세클로페낙/[M040359]아세클로페낙","분할불가","",20240628,2998102136
"분할주의",201603004,"레세낙CR정(아세클로페낙)",2016May27th,"서방성필름코팅정","(주)바스칸바이오제약","흰색의 장방형 서방성 필름코팅정",01140,"해열.진통.소염제","전문의약품","단일","[M040359]아세클로페낙/[M040359]아세클로페낙","분할불가","",20241209,1258116421
"분할주의",201603007,"뉴마탈CR정(아세클로페낙)",2016May27th,"서방성필름코팅정","(주)바이넥스","흰색의 양면이 볼록한 장방형 필름코팅정",01140,"해열.진통.소염제","전문의약품","단일","[M040359]아세클로페낙/[M040359]아세클로페낙","분할불가","",20241220,6038107005
"분할주의",201603022,"에소마크정40밀리그램(에스오메프라졸마그네슘삼수화물)",2016May30th,"장용성필름코팅정","동광제약(주)","분홍색의 원형 필름코팅정",02320,"소화성궤양용제","전문의약품","단일","[M270138]에스오메프라졸마그네슘삼수화물(미분화)","분할불가","",20240327,2018644250
"분할주의",201603023,"에소마크정20밀리그램(에스오메프라졸마그네슘삼수화물)",2016May30th,"장용성필름코팅정","동광제약(주)","연분홍색의 원형 필름코팅정",02320,"소화성궤양용제","전문의약품","단일","[M270138]에스오메프라졸마그네슘삼수화물(미분화)","분할불가","",20240327,2018644250
"분할주의",201603084,"란소큐캡슐30mg(란소프라졸과립)",2016May31st,"경질캡슐제, 장용성과립제","(주)화이트생명과학","흰색~엷은 갈색의 과립이 든 상, 하부 흰색의 경질캡슐",02320,"소화성궤양용제","전문의약품","단일","[M091244]란소프라졸과립","분할불가","",20240913,2208843940
"분할주의",201603105,"보리라베정10mg(라베프라졸나트륨)",2016May31st,"장용성필름코팅정","경진제약(주)","담황색의 원형 장용필름코팅정제",02320,"소화성궤양용제","전문의약품","단일","[M089852]라베프라졸나트륨","분할불가","",20230603,5768601892
"분할주의",201603135,"카리노젠정50단위(칼리디노게나제)",2016May31st,"장용성필름코팅정","한국코러스(주)","흰색의 원형 장용성 필름코팅정",02190,"기타의 순환계용약","전문의약품","단일","[M082140]칼리디노게나제","분할불가","",20210121,2058140116
"분할주의",201603289,"넥스폴민서방정(메트포르민염산염)",2016June8th,"서방정","(주)넥스팜코리아","흰색의 장방형정제",03960,"당뇨병용제","전문의약품","단일","[M223014]메트포르민염산염","분할불가","",20230721,3018125427
"분할주의",201603312,"삼성탐스로신서방정(탐스로신염산염)",2016June9th,"서방성필름코팅정","삼성제약(주)","흰색의 원형 필름코팅정제",02590,"기타의 비뇨생식기관 및 항문용약","전문의약품","단일","[M243979]탐스로신염산염","분할불가","",20241029,2078100726
"분할주의",201603313,"바이넥스탐스로신염산염서방정",2016June9th,"서방성필름코팅정","(주)바이넥스","흰색의 원형 필름코팅정제",02590,"기타의 비뇨생식기관 및 항문용약","전문의약품","단일","[M243979]탐스로신염산염","분할불가","",20241029,6038107005
"분할주의",201603314,"탐스진서방정0.2밀리그램(탐스로신염산염)",2016June9th,"서방성필름코팅정","아이큐어(주)","흰색의 원형 필름코팅정제",02590,"기타의 비뇨생식기관 및 항문용약","전문의약품","단일","[M243979]탐스로신염산염","분할불가","",20241029,1148199306
"분할주의",201603315,"탐스롤서방정(탐스로신염산염)",2016June9th,"서방성필름코팅정","성원애드콕제약(주)","흰색의 원형 필름코팅정제",02590,"기타의 비뇨생식기관 및 항문용약","전문의약품","단일","[M243979]탐스로신염산염","분할불가","",20241029,1098148940
"분할주의",201603316,"탐스프로서방정0.2밀리그램(탐스로신염산염)",2016June9th,"서방성필름코팅정","(주)한국파비스제약","흰색의 원형 필름코팅정제",02590,"기타의 비뇨생식기관 및 항문용약","전문의약품","단일","[M243979]탐스로신염산염","분할불가","",20241029,2838501407
"분할주의",201603317,"탐루신디서방정(탐스로신염산염)",2016June9th,"서방성필름코팅정","(주)휴온스","흰색의 원형 필름코팅정제",02590,"기타의 비뇨생식기관 및 항문용약","전문의약품","단일","[M243979]탐스로신염산염","분할불가","",20241029,8638700270
"분할주의",201603318,"유린스타서방정(탐스로신염산염)",2016June9th,"서방성필름코팅정","(주)씨티씨바이오","흰색의 원형 필름코팅정제",02590,"기타의 비뇨생식기관 및 항문용약","전문의약품","단일","[M243979]탐스로신염산염","분할불가","",20241029,2158151094
"분할주의",201603319,"탐파신서방정0.2밀리그램(탐스로신염산염)",2016June9th,"서방성필름코팅정","정우신약(주)","흰색의 원형 필름코팅정제",02590,"기타의 비뇨생식기관 및 항문용약","전문의약품","단일","[M243979]탐스로신염산염","분할불가","",20241029,1048158517
"분할주의",201603320,"하루큐어서방정0.2밀리그램(탐스로신염산염)",2016June9th,"서방성필름코팅정","안국약품(주)","흰색의 원형 필름코팅정제",02590,"기타의 비뇨생식기관 및 항문용약","전문의약품","단일","[M243979]탐스로신염산염","분할불가","",20241029,1188104188
"분할주의",201603372,"뉴신타서방정100밀리그램(타펜타돌염산염)",2016June10th,"서방성필름코팅정","주|비씨월드제약","연한 노란색의 장방형 서방정",08210,"합성마약","전문의약품","단일","[M252145]타펜타돌염산염","분할불가","","",1398111269
"분할주의",201603373,"뉴신타서방정50밀리그램(타펜타돌염산염)",2016June10th,"서방성필름코팅정","주|비씨월드제약","흰색의 장방형 서방정",08210,"합성마약","전문의약품","단일","[M252145]타펜타돌염산염","분할불가","","",1398111269
"분할주의",201603375,"큐미날서방정0.2mg(탐스로신염산염)",2016June10th,"서방성필름코팅정","주식회사큐엘파마","흰색의 원형 필름코팅정제",02590,"기타의 비뇨생식기관 및 항문용약","전문의약품","단일","[M243979]탐스로신염산염","분할불가","",20241029,1178152708
"분할주의",201603376,"시워날서방정0.2mg(탐스로신염산염)",2016June10th,"서방성필름코팅정","대원제약(주)","흰색의 원형 서방성 필름코팅정제",02590,"기타의 비뇨생식기관 및 항문용약","전문의약품","단일","[M243979]탐스로신염산염","분할불가","",20241029,2078136336
"분할주의",201603377,"비보존탐스로신서방정0.2mg(탐스로신염산염)",2016June10th,"서방성필름코팅정","(주)비보존제약","흰색의 원형 필름코팅정",02590,"기타의 비뇨생식기관 및 항문용약","전문의약품","단일","[M243979]탐스로신염산염","분할불가","",20241029,1248199564
"분할주의",201603416,"아스필로장용정100밀리그램(아스피린)",2016June14th,"장용성필름코팅정","안국약품(주)","흰색의 원형 장용성 필름코팅정제",02190,"기타의 순환계용약","일반의약품","단일","[M040355]아스피린","분할불가","",20260528,1188104188
"분할주의",201603443,"레프라졸정10밀리그램(라베프라졸나트륨)",2016June14th,"장용성필름코팅정","(주)바스칸바이오제약","담황색의 원형 장용필름코팅정",02320,"소화성궤양용제","전문의약품","단일","[M089852]라베프라졸나트륨","분할불가","",20230603,1258116421
"분할주의",201603444,"레프라졸정20밀리그램(라베프라졸나트륨)",2016June14th,"장용성필름코팅정","(주)바스칸바이오제약","담황색의 원형 장용필름코팅정",02320,"소화성궤양용제","전문의약품","단일","[M089852]라베프라졸나트륨","분할불가","",20230603,1258116421
"분할주의",201603473,"알피칼리정(칼리디노게나제)",2016June15th,"장용성필름코팅정","(주)알피바이오","주황색 원형의 장용성 필름코팅정 이다.",02190,"기타의 순환계용약","전문의약품","단일","[M082140]칼리디노게나제","분할불가","",20200803,3048511124
"분할주의",201603478,"뉴베라정10밀리그램(라베프라졸나트륨)",2016June15th,"장용성필름코팅정","안국뉴팜(주)","담황색의 원형 장용 필름코팅정",02320,"소화성궤양용제","전문의약품","단일","[M089852]라베프라졸나트륨","분할불가","",20230603,4938700407
"분할주의",201603479,"뉴베라정20밀리그램(라베프라졸나트륨)",2016June15th,"장용성필름코팅정","안국뉴팜(주)","담황색의 원형 장용 필름코팅정",02320,"소화성궤양용제","전문의약품","단일","[M089852]라베프라졸나트륨","분할불가","",20230603,4938700407
"분할주의",201603573,"다이아폴민엑스알서방정750밀리그램(메트포르민염산염)",2016June17th,"서방성필름코팅정","대웅바이오(주)","흰색의 장방형 서방정",03960,"당뇨병용제","전문의약품","단일","[M223014]메트포르민염산염","분할불가","",20260130,1248677584
"분할주의",201603574,"다이아폴민엑스알서방정500밀리그램(메트포르민염산염)",2016June17th,"서방성필름코팅정","대웅바이오(주)","흰색의 장방형 서방정",03960,"당뇨병용제","전문의약품","단일","[M244179]메트포르민염산염","분할불가","",20260130,1248677584
"분할주의",201603580,"라베라즈정20mg(라베프라졸나트륨)",2016June20th,"장용성필름코팅정","(주)휴온스메디텍","담황색의 원형 장용 필름코팅정제",02320,"소화성궤양용제","전문의약품","단일","[M089852]라베프라졸나트륨","분할불가","",20230603,6178124930
"분할주의",201603677,"오메톤에스정40mg(에스오메프라졸마그네슘이수화물)",2016June21st,"장용성필름코팅정","(주)동구바이오제약","분홍색의 원형 필름코팅정",02320,"소화성궤양용제","전문의약품","단일","[M259375]에스오메프라졸마그네슘이수화물","분할불가","",20240327,1248533615
"분할주의",201603678,"오메톤에스정20mg(에스오메프라졸마그네슘이수화물)",2016June21st,"장용성필름코팅정","(주)동구바이오제약","분홍색의 원형 필름코팅정",02320,"소화성궤양용제","전문의약품","단일","[M259375]에스오메프라졸마그네슘이수화물","분할불가","",20240327,1248533615
"분할주의",201603749,"보리라베정20mg(라베프라졸나트륨)",2016June22nd,"장용성필름코팅정","경진제약(주)","담황색의 원형 장용필름코팅정제",02320,"소화성궤양용제","전문의약품","단일","[M089852]라베프라졸나트륨","분할불가","",20230603,5768601892
"분할주의",201603763,"라베리튼정20mg(라베프라졸나트륨)",2016June22nd,"장용성필름코팅정","(주)인트로바이오파마","담황색의 원형 장용필름코팅정",02320,"소화성궤양용제","전문의약품","단일","[M089852]라베프라졸나트륨","분할불가","",20260204,1348673663
"분할주의",201603764,"벨프란정10mg(라베프라졸나트륨)",2016June22nd,"장용성필름코팅정","(주)인트로바이오파마","담황색의 원형 장용필름코팅정",02320,"소화성궤양용제","전문의약품","단일","[M089852]라베프라졸나트륨","분할불가","",20230603,1348673663
"분할주의",201603795,"오코라졸정10밀리그램(라베프라졸나트륨)",2016June23rd,"장용성필름코팅정","(주)오스코리아제약","담황색의 원형 장용필름코팅정",02320,"소화성궤양용제","전문의약품","단일","[M089852]라베프라졸나트륨","분할불가","",20230603,2248154571
"분할주의",201603796,"오코라졸정20밀리그램(라베프라졸나트륨)",2016June23rd,"장용성필름코팅정","(주)오스코리아제약","담황색의 원형 장용필름코팅정",02320,"소화성궤양용제","전문의약품","단일","[M089852]라베프라졸나트륨","분할불가","",20230603,2248154571
"분할주의",201603803,"라프라졸정20mg(라베프라졸나트륨)",2016June23rd,"장용성필름코팅정","(주)씨티씨바이오","담황색의 원형 장용성 필름코팅정",02320,"소화성궤양용제","전문의약품","단일","[M089852]라베프라졸나트륨","분할불가","",20230603,2158151094
"분할주의",201603804,"라프라졸정10mg(라베프라졸나트륨)",2016June23rd,"장용성필름코팅정","(주)씨티씨바이오","담황색의 원형 장용성 필름코팅정",02320,"소화성궤양용제","전문의약품","단일","[M089852]라베프라졸나트륨","분할불가","",20230603,2158151094
"분할주의",201603892,"오코시드에이치알정(티옥트산)",2016June24th,"필름코팅정","(주)오스코리아제약","황녹색의 장방형 필름코팅정",03990,"따로 분류되지 않는 대사성 의약품","전문의약품","단일","[M250701]티옥트산","분할불가","",20190904,2248154571
"분할주의",201603907,"비보존라베프라졸정20mg(라베프라졸나트륨)",2016June24th,"장용성필름코팅정","(주)비보존제약","담황색의 원형 장용 필름코팅정",02320,"소화성궤양용제","전문의약품","단일","[M089852]라베프라졸나트륨","분할불가","",20250711,1248199564
"분할주의",201603908,"비보존라베프라졸정10mg(라베프라졸나트륨)",2016June24th,"장용성필름코팅정","(주)비보존제약","담황색의 원형 장용 필름코팅정",02320,"소화성궤양용제","전문의약품","단일","[M089852]라베프라졸나트륨","분할불가","",20250711,1248199564
"분할주의",201603958,"라베라즈정10mg(라베프라졸나트륨)",2016June27th,"장용성필름코팅정","(주)휴온스메디텍","담황색의 원형 장용필름코팅정",02320,"소화성궤양용제","전문의약품","단일","[M089852]라베프라졸나트륨","분할불가","",20230603,6178124930
"분할주의",201603992,"듀록타캡슐60밀리그램(둘록세틴염산염)",2016June27th,"장용성캡슐제, 펠렛","에이치케이이노엔(주)","흰색 내지 연한 갈색의 장용성 구형 과립이 들어 있는 상부 청색, 하부 노란연두색의 경질캡슐제",01170,"정신신경용제","전문의약품","단일","[M259598]둘록세틴염산염장용과립","분할불가","",20260709,2018638914
"분할주의",201604034,"울트펜세미서방정",2016June28th,"서방성필름코팅정","영풍제약(주)","연한 노란색의 원형 서방성 필름코팅정",01140,"해열.진통.소염제","전문의약품","복합","[M040353]아세트아미노펜/[M040353]아세트아미노펜/[M222893]트라마돌염산염","분할불가","",20260219,1398102509
"분할주의",201604083,"듀록타캡슐30밀리그램(둘록세틴염산염)",2016June29th,"장용성캡슐제, 펠렛","에이치케이이노엔(주)","흰색 내지 연한 갈색의 장용성 구형 과립이 들어 있는 상부 청색, 하부 흰색의 경질캡슐제",01170,"정신신경용제","전문의약품","단일","[M116064]둘록세틴염산염 장용과립","분할불가","",20260709,2018638914
"분할주의",201604110,"듀비메트서방정0.25/750밀리그램",2016June30th,"서방성필름코팅정","(주)종근당","파란색의 장방형 서방성 필름코팅정",03960,"당뇨병용제","전문의약품","복합","[M223014]메트포르민염산염/[M255019]로베글리타존황산염","분할불가","",20231122,3128560679
"분할주의",201604111,"듀비메트서방정0.25/1000밀리그램",2016June30th,"서방성필름코팅정","(주)종근당","파란색의 장방형 서방성 필름코팅정",03960,"당뇨병용제","전문의약품","복합","[M223014]메트포르민염산염/[M255019]로베글리타존황산염","분할불가","",20231122,3128560679
"분할주의",201604112,"듀비메트서방정0.5/1000밀리그램",2016June30th,"서방성필름코팅정","(주)종근당","파란색의 장방형 서방성 필름코팅정",03960,"당뇨병용제","전문의약품","복합","[M223014]메트포르민염산염/[M255021]로베글리타존황산염","분할불가","",20231122,3128560679
"분할주의",201604113,"가스티인씨알정(모사프리드시트르산염수화물)",2016June30th,"서방성필름코팅정","한국유나이티드제약(주)","흰색의 타원형 서방성 필름코팅정제",02390,"기타의 소화기관용약","전문의약품","단일","[M253090]모사프리드시트르산염수화물/[M253090]모사프리드시트르산염수화물","분할불가","",20210810,3078105244
"분할주의",201604114,"제미메트서방정25/1000밀리그램",2016June30th,"서방성필름코팅정","(주)엘지화학","황갈색 장방형의 필름코팅정",03960,"당뇨병용제","전문의약품","복합","[M263103]제미글립틴타르타르산염1.5수하물/[M223014]메트포르민염산염","분할불가","",20230629,1078198139
"분할주의",201604156,"엠피돈서방정40mg(옥시코돈염산염)(수출용)",2016July5th,"서방성필름코팅정","명문제약(주)","노란색의 양면이 볼록한 원형 서방성 필름코팅정",08210,"합성마약","전문의약품","단일","[M238042]옥시코돈염산염","분할불가","","",1248135615
"분할주의",201604157,"엠피돈서방정10mg(옥시코돈염산염)(수출용)",2016July5th,"서방성필름코팅정","명문제약(주)","흰색의 양면이 볼록한 원형 서방성 필름코팅정",08210,"합성마약","전문의약품","단일","[M238042]옥시코돈염산염","분할불가","","",1248135615
"분할주의",201604269,"뉴에스오프라정40밀리그램(에스오메프라졸마그네슘삼수화물)",2016July11th,"장용성필름코팅정","안국뉴팜(주)","분홍색의 원형 필름코팅정",02320,"소화성궤양용제","전문의약품","단일","[M092321]에스오메프라졸마그네슘삼수화물","분할불가","",20240327,4938700407
"분할주의",201604270,"뉴에스오프라정20밀리그램(에스오메프라졸마그네슘삼수화물)",2016July11th,"장용성필름코팅정","안국뉴팜(주)","연분홍색의 원형 필름코팅정",02320,"소화성궤양용제","전문의약품","단일","[M092321]에스오메프라졸마그네슘삼수화물","분할불가","",20240327,4938700407
"분할주의",201604319,"엠피돈서방정40mg(옥시코돈염산염)",2016July14th,"서방성필름코팅정","명문제약(주)","노란색의 양면이 볼록한 원형 서방성 필름코팅정",08210,"합성마약","전문의약품","단일","[M238042]옥시코돈염산염","분할불가","","",1248135615
"분할주의",201604320,"엠피돈서방정10mg(옥시코돈염산염)",2016July14th,"서방성필름코팅정","명문제약(주)","흰색의 양면이 볼록한 원형 서방성 필름코팅정",08210,"합성마약","전문의약품","단일","[M238042]옥시코돈염산염","분할불가","","",1248135615
"분할주의",201604386,"놀텍정20밀리그램(수출용)",2016July15th,"장용성필름코팅정","일양약품(주)","주황색의 원형 장용성 필름코팅정제",02320,"소화성궤양용제","전문의약품","단일","[M245218]일라프라졸/[M245218]일라프라졸","분할불가","",20190912,2098100872
"분할주의",201605005,"일양메트포서방정(메트포르민염산염)",2016August18th,"서방정","일양약품(주)","흰색의 장방형정제",03960,"당뇨병용제","전문의약품","단일","[M223014]메트포르민염산염","분할불가","",20230721,2098100872
"분할주의",201605135,"아스피겔캡슐",2016August26th,"장용성캡슐제, 펠렛","(주)오스코리아제약","흰색 및 미황색의 과립 및 장용코팅된 펠렛을 함유하는 상,하부 주황색의 경질캡슐",02180,"동맥경화용제","전문의약품","복합","[M250716]클로피도그렐황산염/[M253914]아스피린장용펠렛","분할불가","",20230908,2248154571
"분할주의",201605137,"클로그린캡슐",2016August26th,"장용성캡슐제, 펠렛","(주)에이프로젠바이오로직스","흰색 및 미황색의 과립 및 장용코팅된 펠렛을 함유하는 상,하부 주황색의 경질캡슐",02180,"동맥경화용제","전문의약품","복합","[M250716]클로피도그렐황산염/[M253914]아스피린장용펠렛","분할불가","",20230908,2188100518
"분할주의",201605140,"맥스그렐에이캡슐",2016August26th,"장용성캡슐제, 펠렛","알보젠코리아(주)","흰색 및 미황색의 과립 및 장용코팅된 펠렛을 함유하는 상,하부 주황색의 경질캡슐",02180,"동맥경화용제","전문의약품","복합","[M250716]클로피도그렐황산염/[M253914]아스피린장용펠렛","분할불가","",20230908,2158121950
"분할주의",201605143,"클로베인듀오캡슐",2016August26th,"장용성캡슐제, 펠렛","하나제약(주)","흰색 및 미황색의 과립 및 장용코팅된 펠렛을 함유하는 상부 주황색,하부 흰색의 경질캡슐",02180,"동맥경화용제","전문의약품","복합","[M250716]클로피도그렐황산염/[M253914]아스피린장용펠렛","분할불가","",20230908,1248137632
"분할주의",201605158,"제로피온서방정150mg(부프로피온염산염)",2016August29th,"서방성필름코팅정","(주)제뉴파마","양면이 볼록한 흰색의 원형 필름코팅정",01170,"정신신경용제","전문의약품","단일","[M233238]부프로피온염산염","분할불가","",20260526,7338802047
"분할주의",201605174,"헬스피온서방정150밀리그램(부프로피온염산염)",2016August30th,"서방성필름코팅정","명인제약(주)","흰색의 양면이 볼록한 원형 필름코팅정",01170,"정신신경용제","전문의약품","단일","[M233238]부프로피온염산염","분할불가","",20260526,1248118673
"분할주의",201605175,"애드피온서방정150밀리그램(부프로피온염산염)",2016August30th,"서방성필름코팅정","환인제약(주)","양면이 볼록한 흰색의 원형 필름코팅정",01170,"정신신경용제","전문의약품","단일","[M233238]부프로피온염산염","분할불가","",20260526,2158136171
"분할주의",201605177,"파피온서방정(부프로피온염산염)",2016August30th,"서방성필름코팅정","(주)한국파마","양면이 볼록한 흰색의 원형 서방성 필름코팅정",01170,"정신신경용제","전문의약품","단일","[M233238]부프로피온염산염","분할불가","",20260526,1248115899
"분할주의",201605178,"웰서방정(부프로피온염산염)",2016August30th,"서방성필름코팅정","유니메드제약(주)","양면이 볼록한 흰색의 원형 필름코팅정",01170,"정신신경용제","전문의약품","단일","[M233238]부프로피온염산염","분할불가","",20260526,3128109048
"분할주의",201605368,"듀비메트서방정0.25/500밀리그램",2016September1st,"서방성필름코팅정","(주)종근당","파란색의 장방형 서방성 필름코팅정",03960,"당뇨병용제","전문의약품","복합","[M223014]메트포르민염산염/[M255019]로베글리타존황산염","분할불가","",20231122,3128560679
"분할주의",201605650,"아스피도캡슐",2016September26th,"장용성캡슐제, 펠렛","(주)킵스바이오파마","흰색 또는 미황색의 과립 및 장용코팅된 펠렛을 함유하는 상, 하부 주황색의 경질캡슐",02180,"동맥경화용제","전문의약품","복합","[M250716]클로피도그렐황산염/[M115079]아스피린 장용펠렛","분할불가","",20230908,2098126571
"분할주의",201605861,"판토케이정20밀리그램(판토프라졸나트륨세스키히드레이트)",2016September30th,"장용성필름코팅정","주식회사제뉴원사이언스","밝은 노란색의 양면이 볼록한 타원형 장용정필름코팅정제",02320,"소화성궤양용제","전문의약품","단일","[M089465]판토프라졸나트륨세스키히드레이트","분할불가","",20230724,6218542600
"분할주의",201605863,"케프라엑스알서방정750밀리그램(레비티라세탐)",2016September30th,"서방성필름코팅정","한국유씨비제약(주)","흰색의 장방형 서방성 필름코팅정제",01130,"항전간제","전문의약품","단일","[M096537]레비티라세탐","분할불가","",20240809,1348116221
"분할주의",201605864,"케프라엑스알서방정500밀리그램(레비티라세탐)",2016September30th,"서방성필름코팅정","한국유씨비제약(주)","흰색의 장방형 서방성 필름코팅정제",01130,"항전간제","전문의약품","단일","[M096537]레비티라세탐","분할불가","",20240809,1348116221
"분할주의",201606080,"뉴피도에이캡슐",2016October14th,"장용성캡슐제, 펠렛","대한뉴팜(주)","흰색 및 미황색의 과립 및 장용코팅된 펠렛을 함유하는 상,하부 주황색의 경질캡슐",02180,"동맥경화용제","전문의약품","복합","[M250716]클로피도그렐황산염/[M253914]아스피린장용펠렛","분할불가","",20230908,2298110729
"분할주의",201606123,"티지페논정(페노피브레이트콜린)",2016October16th,"서방성장용필름코팅정","대원제약(주)","흰색의 원형 서방성장용필름코팅정",02180,"동맥경화용제","전문의약품","단일","[M256159]페노피브레이트콜린/[M256159]페노피브레이트콜린","분할불가","",20190511,2078136336
"분할주의",201606202,"구구탐스캡슐(타다라필,탐스로신)",2016October20th,"경질캡슐제, 과립제정제","한미약품(주)","이 약은 노란색의 원형 필름코팅정과 연한 노란색의 장용서방과립이 든 상부 주황색, 하부 흰색의 경질 캡슐제이다.",02590,"기타의 비뇨생식기관 및 항문용약","전문의약품","복합","[M095435]타다라필/[M243979]탐스로신염산염","분할불가","",20250115,1248700613
"분할주의",201606254,"마이렙틱엔장용정180밀리그램(미코페놀레이트나트륨)",2016October24th,"장용성필름코팅정","(주)종근당","녹색의 원형 필름코팅정",01420,"자격요법제(비특이성면역억제제를 포함)","전문의약품","단일","[M264419]미코페놀레이트나트륨(미분화)","분할불가","",20260213,3128560679
"분할주의",201606255,"마이렙틱엔장용정360밀리그램(미코페놀레이트나트륨)",2016October24th,"장용성필름코팅정","(주)종근당","연한 오렌지~적색의 타원형 필름코팅정",01420,"자격요법제(비특이성면역억제제를 포함)","전문의약품","단일","[M264419]미코페놀레이트나트륨(미분화)","분할불가","",20260213,3128560679
"분할주의",201607419,"실로스탄씨알정100밀리그램(실로스타졸)",2016December30th,"서방정","한국유나이티드제약(주)","흰색의 장방형 서방정제",03390,"기타의 혈액 및 체액용약","전문의약품","단일","[M070044]실로스타졸","분할불가","",20240725,3078105244
"분할주의",201607420,"실로켐씨알정100밀리그램(실로스타졸)",2016December30th,"서방정","한국바이오켐제약(주)","흰색의 장방형 서방정제",03390,"기타의 혈액 및 체액용약","전문의약품","단일","[M070044]실로스타졸","분할불가","",20251020,3078130710
"분할주의",201700254,"아니스펜8시간이알서방정(아세트아미노펜)",2017January11th,"서방성필름코팅정","(주)제뉴파마","흰색의 장방형 필름코팅정",01140,"해열.진통.소염제","일반의약품","단일","[M040353]아세트아미노펜/[M040353]아세트아미노펜","분할불가","",20251110,7338802047
"분할주의",201700400,"아스그렐캡슐(수출용)",2017January23rd,"장용성캡슐제, 펠렛","한국코러스(주)","흰색 및 미황색의 과립 및 장용코팅된 펠렛을 함유하는 상,하부 주황색의 경질캡슐",02180,"동맥경화용제","전문의약품","복합","[M250716]클로피도그렐황산염/[M253914]아스피린장용펠렛","분할불가","",20210422,2058140116
"분할주의",201700402,"피도겔듀오캡슐",2017January23rd,"장용성캡슐제, 펠렛","(주)휴비스트제약","흰색 및 미황색의 과립 및 장용코팅된 펠렛을 함유하는 상,하부 주황색의 경질캡슐",02180,"동맥경화용제","전문의약품","복합","[M250716]클로피도그렐황산염/[M253914]아스피린장용펠렛","분할불가","",20230908,3188100991
"분할주의",201700540,"클로렌캡슐",2017January31st,"장용성캡슐제, 펠렛","(주)넥스팜코리아","흰색 및 미황색의 과립 및 장용코팅된 펠렛을 함유하는 상,하부 주황색의 경질캡슐",02180,"동맥경화용제","전문의약품","복합","[M250716]클로피도그렐황산염/[M253914]아스피린장용펠렛","분할불가","",20230908,3018125427
"분할주의",201700718,"클로본스에이캡슐",2017February10th,"경질캡슐제, 과립제정제","대웅바이오(주)","분홍색의 장방형 필름코팅 정제와 흰색의 구형입자가 충전되어 있는 상부 주황색, 하부 흰색의 경질캡슐제",02180,"동맥경화용제","전문의약품","복합","[M250716]클로피도그렐황산염/[M040355]아스피린","분할불가","",20240206,1248677584
"분할주의",201700836,"디유비정",2017February16th,"장용성필름코팅정","(주)휴온스","파란색의 원형 필름코팅 장용정",02380,"하제, 완장제","일반의약품","복합","[M050687]비사코딜/[M223167]우르소데옥시콜산/[M227778]디메티콘","분할불가","",20220124,8638700270
"분할주의",201700873,"타크로벨서방캡슐0.5밀리그램(타크로리무스)",2017February17th,"서방성캡슐제, 펠렛","(주)종근당","흰색 또는 거의 흰색의 과립이 든 상부 연한 노란색, 하부 연갈색의 경질캡슐",01420,"자격요법제(비특이성면역억제제를 포함)","전문의약품","단일","[M089193]타크로리무스수화물","분할불가","",20230220,3128560679
"분할주의",201700874,"타크로벨서방캡슐5밀리그램(타크로리무스)",2017February17th,"서방성캡슐제, 펠렛","(주)종근당","흰색 또는 거의 흰색의 과립이 든 상부 회적색, 하부 연갈색의 경질캡슐",01420,"자격요법제(비특이성면역억제제를 포함)","전문의약품","단일","[M089193]타크로리무스수화물","분할불가","",20230220,3128560679
"분할주의",201700875,"타크로벨서방캡슐1밀리그램(타크로리무스)",2017February17th,"서방성캡슐제, 펠렛","(주)종근당","흰색 또는 거의 흰색의 과립이 든 상부 흰색, 하부 연갈색의 경질캡슐",01420,"자격요법제(비특이성면역억제제를 포함)","전문의약품","단일","[M089193]타크로리무스수화물","분할불가","",20230220,3128560679
"분할주의",201701003,"다이아폴민엑스알서방정1000밀리그램(메트포르민염산염)",2017February23rd,"서방성필름코팅정","대웅바이오(주)","흰색의 장방형 서방정",03960,"당뇨병용제","전문의약품","단일","[M223014]메트포르민염산염","분할불가","",20260130,1248677584
"분할주의",201701004,"글루코프리서방정1000밀리그램(메트포르민염산염)",2017February23rd,"서방정","한올바이오파마(주)","흰색의 장방형 서방정",03960,"당뇨병용제","전문의약품","단일","[M223014]메트포르민염산염","분할불가","",20230721,3068105479
"분할주의",201701038,"플빅스에이캡슐",2017February24th,"장용성캡슐제, 펠렛","한국프라임제약(주)","흰색 및 미황색의 과립 및 장용코팅된 펠렛을 함유하는 상,하부 주황색의 경질캡슐",02180,"동맥경화용제","전문의약품","복합","[M250716]클로피도그렐황산염/[M115079]아스피린 장용펠렛","분할불가","",20230908,4028524506
"분할주의",201701042,"설포라제CR서방정(아세브로필린)",2017February24th,"서방성필름코팅정","현대약품(주)","노란색의 원형 필름코팅 서방정",02290,"기타의 호흡기관용약","전문의약품","단일","[M102213]아세브로필린","분할불가","",20220812,1308100988
"분할주의",201701111,"놀텍정10밀리그램(일라프라졸)(수출용)",2017February28th,"장용성필름코팅정","일양약품(주)","주황색의 타원형 장용성 필름코팅정제",02320,"소화성궤양용제","전문의약품","단일","[M245218]일라프라졸/[M245218]일라프라졸","분할불가","",20190912,2098100872
"분할주의",201701138,"에뜨비정",2017March3rd,"장용성필름코팅정","(주)휴온스메디텍","파란색의 원형 필름코팅 장용정",02380,"하제, 완장제","일반의약품","복합","[M050687]비사코딜/[M223167]우르소데옥시콜산/[M227778]디메티콘","분할불가","",20220217,6178124930
"분할주의",201701191,"이지굿정",2017March9th,"장용성필름코팅정","동국제약(주)","녹색의 원형 장용성 필름코팅정",02380,"하제, 완장제","일반의약품","복합","[M050687]비사코딜/[M081950]도큐세이트나트륨/[M102544]센노사이드칼슘","분할불가","","",3018508241
"분할주의",201701269,"부로멜장용정(브로멜라인)",2017March14th,"장용성필름코팅정","(주)바이넥스","분홍색의 원형 장용성 필름코팅정",03950,"효소제제","일반의약품","단일","[M095415]브로멜라인","분할불가","",20241113,6038107005
"분할주의",201701296,"슈락스골드장용정",2017March15th,"장용성필름코팅정","영풍제약(주)","황색의 원형 장용성필름코팅정",02380,"하제, 완장제","일반의약품","복합","[M050687]비사코딜/[M081950]도큐세이트나트륨","분할불가","",20221104,1398102509
"분할주의",201701519,"영진파록세틴씨알정(파록세틴염산염수화물)",2017March30th,"장용성필름코팅정","영진약품(주)","노란색의 원형 장용성 필름코팅정",01170,"정신신경용제","전문의약품","단일","[M222896]파록세틴염산염수화물","분할불가","",20230206,2188100352
"분할주의",201701528,"에라빅스플러스캡슐",2017March30th,"경질캡슐제, 서방성장용성펠렛","삼익제약(주)","흰색 또는 미황색의 과립 및 장용코팅된 펠렛을 함유하는 상,하부 주황색의 경질캡슐",02180,"동맥경화용제","전문의약품","복합","[M250716]클로피도그렐황산염/[M253914]아스피린장용펠렛","분할불가","",20230908,1228113217
"분할주의",201701832,"레보틱스CR서방정(레보드로프로피진)",2017April12th,"서방성다층정","한국유나이티드제약(주)","흰색의 장방형 서방정",02220,"진해거담제","전문의약품","단일","[M253916]레보드로프로피진/[M253916]레보드로프로피진","분할불가","",20220515,3078105244
"분할주의",201701833,"레보케어CR서방정(레보드로프로피진)",2017April12th,"서방성다층정","광동제약(주)","흰색의 장방형 서방정",02220,"진해거담제","전문의약품","단일","[M253916]레보드로프로피진/[M253916]레보드로프로피진","분할불가","",20220515,1138108888
"분할주의",201701834,"네오투스서방정(레보드로프로피진)",2017April12th,"서방성다층정","제이더블유신약(주)","흰색의 장방형 서방정",02220,"진해거담제","전문의약품","단일","[M253916]레보드로프로피진/[M253916]레보드로프로피진","분할불가","",20220515,3128102332
"분할주의",201702015,"광동아스피린장용정100mg",2017April20th,"장용성필름코팅정","광동제약(주)","흰색의 원형 장용성 필름코팅정",02190,"기타의 순환계용약","일반의약품","단일","[M040355]아스피린","분할불가","",20250415,1138108888
"분할주의",201702432,"디피아녹스서방캡슐",2017May17th,"서방성캡슐제, 펠렛","현대약품(주)","흰색 내지 거의 흰색의 양면이 볼록한 원형 아스피린 당의정과 밝은 노란색의 디피리다몰 펠렛을 내용물로 하는 상부 적갈색 하부 연한 노란색의 캡슐",02190,"기타의 순환계용약","전문의약품","복합","[M050305]디피리다몰/[M040355]아스피린","분할불가","",20250415,1308100988
"분할주의",201704786,"아미렉틴장용정(수출용)",2017June26th,"장용성필름코팅정","(주)휴온스","한쪽 면에 빨간색 임산부 그림이 새겨진 양면이 볼록한 흰색의 원형 필름코팅 장용정",02350,"최토제, 진토제","전문의약품","복합","[M204304]피리독신염산염/[M279125]독실아민숙신산염","분할불가","",20240318,8638700270
"분할주의",201704833,"셀트리온오메프라졸캡슐20밀리그램(오메프라졸)",2017June27th,"경질캡슐제, 장용성과립제","(주)셀트리온제약","미황색의 장용성 과립이 충전된 상부 적갈색, 하부분홍색의 경질캡슐제",02320,"소화성궤양용제","전문의약품","단일","[M112240]오메프라졸 장용성과립","분할불가","",20240327,2148671641
"분할주의",201705576,"스토마제정",2017July11th,"장용성필름코팅정","한국신텍스제약(주)","장방형의 장용피를 한 연녹색의 필름코팅정",02330,"건위소화제","일반의약품","복합","[M040678]판크레아틴/[M100297]셀룰라제/[M268886]우담즙건조엑스/[M227778]디메티콘","분할불가","","",6138163381
"분할주의",201706399,"마도펜세미서방정",2017July31st,"서방성필름코팅정","일성아이에스(주)","연한 노란색의 원형 서방성 필름코팅정",01140,"해열.진통.소염제","전문의약품","복합","[M040353]아세트아미노펜/[M040353]아세트아미노펜/[M255410]트라마돌염산염","분할불가","",20260219,1068100710
"분할주의",201706471,"큐덱시서방캡슐100밀리그램(토피라메이트)",2017August8th,"서방성캡슐제, 펠렛","에스케이케미칼(주)","흰색 내지 미황색의 과립이 든 상부 적갈색, 하부 회색의 경질캡슐제",01130,"항전간제","전문의약품","단일","[M087104]토피라메이트","분할불가","",20230901,8468100915
"분할주의",201706472,"큐덱시서방캡슐200밀리그램(토피라메이트)",2017August8th,"서방성캡슐제, 펠렛","에스케이케미칼(주)","흰색 내지 미황색의 과립이 든 상부 갈색, 하부 회색의 경질캡슐제",01130,"항전간제","전문의약품","단일","[M087104]토피라메이트","분할불가","",20230901,8468100915
"분할주의",201706473,"큐덱시서방캡슐25밀리그램(토피라메이트)",2017August8th,"서방성캡슐제, 펠렛","에스케이케미칼(주)","흰색 내지 미황색의 과립이 든 상부 분홍색, 하부 회색의 경질캡슐제",01130,"항전간제","전문의약품","단일","[M087104]토피라메이트","분할불가","",20230901,8468100915
"분할주의",201706474,"큐덱시서방캡슐50밀리그램(토피라메이트)",2017August8th,"서방성캡슐제, 펠렛","에스케이케미칼(주)","흰색 내지 미황색의 과립이 든 상부 노란색, 하부 회색의 경질캡슐제",01130,"항전간제","전문의약품","단일","[M087104]토피라메이트","분할불가","",20230901,8468100915
"분할주의",201706571,"판토라정40밀리그램(판토프라졸나트륨세스키히드레이트)",2017August14th,"장용성필름코팅정","(주)셀트리온제약","황색의 장용성 제피를 한 타원형 정제",02320,"소화성궤양용제","전문의약품","단일","[M089465]판토프라졸나트륨세스키히드레이트","분할불가","",20230724,2148671641
"분할주의",201706572,"판토라정20밀리그램(판토프라졸나트륨세스키히드레이트)",2017August14th,"장용성필름코팅정","(주)셀트리온제약","황색의 장용성 제피를 한 타원형 정제",02320,"소화성궤양용제","전문의약품","단일","[M089465]판토프라졸나트륨세스키히드레이트","분할불가","",20230724,2148671641
"분할주의",201706690,"듀오그린정",2017August21st,"장용성필름코팅정","한국신텍스제약(주)","녹색의 원형 장용성 필름코팅정제",02380,"하제, 완장제","일반의약품","복합","[M081950]도큐세이트나트륨/[M081899]센나엽가루/[M237598]Tinnevelly 센나열매가루/[M050687]비사코딜","분할불가","",20200316,6138163381
"분할주의",201706825,"펠로디온지속정5밀리그램(펠로디핀)",2017August25th,"서방성필름코팅정","(주)셀트리온제약","연분홍색의 원형 제피정",02140,"혈압강하제","전문의약품","단일","[M084735]펠로디핀","분할불가","",20200622,2148671641
"분할주의",201706882,"아스팜장용정(아스피린)",2017August29th,"장용성필름코팅정","한국코러스(주)","흰색의 원형 장용성 필름코팅정",02190,"기타의 순환계용약","일반의약품","단일","[M040355]아스피린","분할불가","",20250415,2058140116
"분할주의",201706891,"클로아핀캡슐",2017August31st,"경질캡슐제, 서방성장용성펠렛","(주)일화","흰색 및 미황색의 과립 및 장용코팅된 펠렛을 함유하는 상, 하부 주황색의 경질캡슐",02180,"동맥경화용제","전문의약품","복합","[M250716]클로피도그렐황산염/[M253914]아스피린장용펠렛","분할불가","",20230908,1328101004
"분할주의",201706909,"아나빅스듀오캡슐",2017August31st,"장용성캡슐제, 펠렛","아주약품(주)","흰색 및 미황색의 과립 및 장용코팅된 펠렛을 함유하는 상,하부 주황색의 경질캡슐",02180,"동맥경화용제","전문의약품","복합","[M250716]클로피도그렐황산염/[M253914]아스피린장용펠렛","분할불가","",20230908,8028803696
"분할주의",201706942,"자트론엑스엘정(알푸조신염산염)",2017September4th,"필름코팅정","대웅바이오(주)","이 약은 2개의 황색층 사이에 1개의 흰색층이 삽입되어 있는 총 3층으로 이루어진 양쪽이 볼록한 원형 필름코팅 정제이다.",02590,"기타의 비뇨생식기관 및 항문용약","전문의약품","단일","[M222874]알푸조신염산염/[M222874]알푸조신염산염/[M222874]알푸조신염산염","분할불가","",20250414,1248677584
"분할주의",201707263,"디노겐정(칼리디노게나제)",2017September28th,"장용성필름코팅정","(주)비보존제약","적색의 원형 장용성 필름코팅정",02190,"기타의 순환계용약","전문의약품","단일","[M082140]칼리디노게나제","분할불가","","",1248199564
"분할주의",201707277,"칼리테크정(칼리디노게나제)",2017September28th,"장용성필름코팅정","(주)시어스제약","적색의 원형 장용성 필름코팅정",02190,"기타의 순환계용약","전문의약품","단일","[M082140]칼리디노게나제","분할불가","",20201222,5768100700
"분할주의",201707306,"트리스펜8시간이알서방정(아세트아미노펜)",2017September28th,"서방성필름코팅정","동화약품(주)","흰색의 장방형 필름코팅정",01140,"해열.진통.소염제","일반의약품","단일","[M040353]아세트아미노펜/[M040353]아세트아미노펜","분할불가","",20251110,1108100102
"분할주의",201707307,"타미스펜8시간이알서방정(아세트아미노펜)",2017September28th,"서방성필름코팅정","(주)킵스바이오파마","흰색의 장방형 필름코팅정",01140,"해열.진통.소염제","일반의약품","단일","[M040353]아세트아미노펜/[M040353]아세트아미노펜","분할불가","",20251110,2098126571
"분할주의",201707658,"팔리스펜서방정9밀리그램(팔리페리돈)",2017October30th,"서방성필름코팅정","명인제약(주)","분홍색 원형의 서방성 필름코팅정제",01170,"정신신경용제","전문의약품","단일","[M220478]팔리페리돈","분할불가","",20220107,1248118673
"분할주의",201707659,"팔리스펜서방정3밀리그램(팔리페리돈)",2017October30th,"서방성필름코팅정","명인제약(주)","흰색 원형의 서방성 필름코팅정제",01170,"정신신경용제","전문의약품","단일","[M220478]팔리페리돈","분할불가","",20220107,1248118673
"분할주의",201707660,"팔리스펜서방정6밀리그램(팔리페리돈)",2017October30th,"서방성필름코팅정","명인제약(주)","밝은 노란색 원형의 서방성 필름코팅정제",01170,"정신신경용제","전문의약품","단일","[M220478]팔리페리돈","분할불가","",20220107,1248118673
"분할주의",201707895,"비사콜장용정",2017November14th,"장용성필름코팅정","안국약품(주)","황색의 원형 장용성필름코팅정",02380,"하제, 완장제","일반의약품","복합","[M050687]비사코딜/[M081950]도큐세이트나트륨","분할불가","",20221021,1188104188
"분할주의",201708002,"굿모닝에이스정",2017November22nd,"장용성필름코팅정","(주)한풍제약","녹색의 장용성 필름코팅정",02380,"하제, 완장제","일반의약품","복합","[M081950]도큐세이트나트륨/[M050687]비사코딜/[M050805]센나열매/[M082727]감초엑스산/[M090093]작약엑스산","분할불가","",20221020,4028532516
"분할주의",201708068,"칼리스토정50단위(칼리디노게나제)",2017November24th,"장용성필름코팅정","(주)아이월드제약","적색의 원형 장용성 필름코팅정",02190,"기타의 순환계용약","전문의약품","단일","[M082140]칼리디노게나제","분할불가","","",1318199577
"분할주의",201708204,"가스모틴에스알정(모사프리드시트르산염수화물)",2017December1st,"서방성필름코팅정","(주)대웅제약","분홍색의 장방형 서방성 필름코팅정제",02390,"기타의 소화기관용약","전문의약품","단일","[M253090]모사프리드시트르산염수화물/[M253090]모사프리드시트르산염수화물","분할불가","",20211116,1248601143
"분할주의",201708219,"슈퍼피린캡슐75/75밀리그램(클로피도그렐, 아스피린)",2017December4th,"경질캡슐제, 서방성장용성펠렛","명인제약(주)","흰색 내지 연한 노란색의 과립 및 장용코팅된 펠렛을 함유하는 상·하부 주황색의 경질캡슐.",02180,"동맥경화용제","전문의약품","복합","[M040355]아스피린/[M250716]클로피도그렐황산염","분할불가","",20230908,1248118673
"분할주의",201708261,"타진서방정80/40mg",2017December7th,"서방성필름코팅정","한국먼디파마 유한회사","갈색의 양면이 볼록한 장방형 필름코팅서방정",08210,"합성마약","전문의약품","복합","[M238042]옥시코돈염산염/[M246655]날록손염산염이수화물","분할불가","","",1208180103
"분할주의",201708383,"뉴신타서방정200밀리그램(타펜타돌염산염)",2017December15th,"서방정","주|비씨월드제약","연한 주황색의 장방형 서방정",08210,"합성마약","전문의약품","단일","[M252145]타펜타돌염산염","분할불가","","",1398111269
"분할주의",201708490,"비엘피린장용정100밀리그램(아스피린)",2017December21st,"장용성필름코팅정","(주)씨엘팜","흰색의 원형 장용성 필름 코팅정",02190,"기타의 순환계용약","일반의약품","단일","[M040355]아스피린","분할불가","",20250415,3128550225
"분할주의",201708499,"클로스피린캡슐(클로피도그렐황산염, 아스피린장용펠렛)",2017December21st,"장용성캡슐제, 펠렛","이연제약(주)","흰색 및 미황색의 과립 및 장용코팅된 펠렛을 함유하는 상,하부 주황색의 경질캡슐",02180,"동맥경화용제","전문의약품","복합","[M250716]클로피도그렐황산염/[M253914]아스피린장용펠렛","분할불가","",20230908,3018505394
"분할주의",201800567,"타세놀8시간이알서방정325밀리그램(아세트아미노펜)",2018January30th,"서방성필름코팅정","부광약품(주)","흰색의 장방형 서방성 필름코팅정",01140,"해열.진통.소염제","일반의약품","단일","[M040353]아세트아미노펜/[M040353]아세트아미노펜","분할불가","",20251110,1188100450
"분할주의",201800668,"프래빅스듀오캡슐",2018February2nd,"경질캡슐제, 서방성장용성펠렛","알리코제약(주)","흰색 또는 미황색의 과립 및 장용코팅된 펠렛을 함유하는 상, 하부 주황색의 경질캡슐",02180,"동맥경화용제","전문의약품","복합","[M250716]클로피도그렐황산염/[M253914]아스피린장용펠렛","분할불가","",20230908,1348115033
"분할주의",201800910,"유니그릴씨알정(사르포그렐레이트염산염)",2018February23rd,"서방성필름코팅정","한국유나이티드제약(주)","흰색의 장방형 필름코팅 서방정",03390,"기타의 혈액 및 체액용약","전문의약품","단일","[M261406]사르포그렐레이트염산염/[M261406]사르포그렐레이트염산염","분할불가","",20191226,3078105244
"분할주의",201801356,"뉴스피린장용정100밀리그램(아스피린)",2018March28th,"장용성필름코팅정","(주)다산제약","흰색의 원형 장용성 필름코팅정",02190,"기타의 순환계용약","일반의약품","단일","[M040355]아스피린","분할불가","",20260330,1058184395
"분할주의",201801367,"심발세틴캡슐30밀리그램(둘록세틴염산염)",2018March28th,"장용성캡슐제, 펠렛","(주)다산제약","흰색 내지 회백색의 장용성 구형 과립이 들어있는 상부 청색, 하부 흰색의 경질캡슐제",01170,"정신신경용제","전문의약품","단일","[M259598]둘록세틴염산염장용과립","분할불가","",20230209,1058184395
"분할주의",201801368,"심발세틴캡슐60밀리그램(둘록세틴염산염)",2018March28th,"장용성캡슐제, 펠렛","(주)다산제약","흰색 내지 회백색의 장용성 구형 과립이 들어있는 상부 청색, 하부 노란 연두색의 경질캡슐제",01170,"정신신경용제","전문의약품","단일","[M259598]둘록세틴염산염장용과립","분할불가","",20220329,1058184395
"분할주의",201801540,"비보티프캡슐(경구용장티푸스백신)",2018April9th,"장용성필름코팅캡슐제","(주)엑세스파마","동결건조한 미백색의 분말이 충전된 상부 주황색, 하부 흰색의 장용성 경질캡슐",06310,"백신류","전문의약품","단일","[M267589]장티푸스Ty21a주생균(균주명:Salmonella typhi ty21a/종세포주:Salmonella typhi ty2)","분할불가","",20210120,2158197300
"분할주의",201801703,"카세핀서방정300밀리그램(쿠에티아핀푸마르산염)",2018April20th,"서방성필름코팅정","한림제약(주)","흰색~회백색의 양면이 볼록한 장방형 서방성 필름코팅정",01170,"정신신경용제","전문의약품","단일","[M243782]쿠에티아핀푸마르산염","분할불가","",20250212,1358102638
"분할주의",201801704,"카세핀서방정400밀리그램(쿠에티아핀푸마르산염)",2018April20th,"서방성필름코팅정","한림제약(주)","흰색~회백색의 양면이 볼록한 타원형 서방성 필름코팅정",01170,"정신신경용제","전문의약품","단일","[M243782]쿠에티아핀푸마르산염","분할불가","",20250212,1358102638
"분할주의",201801705,"카세핀서방정50밀리그램(쿠에티아핀푸마르산염)",2018April20th,"서방성필름코팅정","한림제약(주)","흰색~회백색의 양면이 볼록한 원형 서방성 필름코팅정",01170,"정신신경용제","전문의약품","단일","[M243782]쿠에티아핀푸마르산염","분할불가","",20250212,1358102638
"분할주의",201801706,"카세핀서방정150밀리그램(쿠에티아핀푸마르산염)",2018April20th,"서방성필름코팅정","한림제약(주)","흰색~회백색의 양면이 볼록한 장방형 서방성 필름코팅정",01170,"정신신경용제","전문의약품","단일","[M243782]쿠에티아핀푸마르산염","분할불가","",20250212,1358102638
"분할주의",201801707,"카세핀서방정200밀리그램(쿠에티아핀푸마르산염)",2018April20th,"서방성필름코팅정","한림제약(주)","흰색~회백색의 양면이 볼록한 장방형 서방성 필름코팅정",01170,"정신신경용제","전문의약품","단일","[M243782]쿠에티아핀푸마르산염","분할불가","",20250212,1358102638
"분할주의",201801991,"리피메트서방정20/750밀리그램",2018May10th,"서방성필름코팅정","(주)대웅제약","흰색의 양면이 볼록한 달걀형 필름코팅정",03960,"당뇨병용제","전문의약품","복합","[M223014]메트포르민염산염/[M256664]아토르바스타틴칼슘수화물","분할불가","",20260303,1248601143
"분할주의",201801992,"리피메트서방정20/500밀리그램",2018May10th,"서방성필름코팅정","(주)대웅제약","흰색의 양면이 볼록한 달걀형 필름코팅정",03960,"당뇨병용제","전문의약품","복합","[M223014]메트포르민염산염/[M256664]아토르바스타틴칼슘수화물","분할불가","",20260303,1248601143
"분할주의",201801993,"리피메트서방정10/750밀리그램",2018May10th,"서방성필름코팅정","(주)대웅제약","연한 노란색의 양면이 볼록한 달걀형 필름코팅정",03960,"당뇨병용제","전문의약품","복합","[M223014]메트포르민염산염/[M256664]아토르바스타틴칼슘수화물","분할불가","",20260303,1248601143
"분할주의",201801994,"리피메트서방정10/500밀리그램(아토르바스타틴,메트포르민)",2018May10th,"서방성필름코팅정","(주)대웅제약","연한 노란색의 양면이 볼록한 달걀형 필름코팅정",03960,"당뇨병용제","전문의약품","복합","[M223014]메트포르민염산염/[M256664]아토르바스타틴칼슘수화물","분할불가","",20260303,1248601143
"분할주의",201801995,"아토메트서방정20/500밀리그램",2018May10th,"서방성필름코팅정","에이치케이이노엔(주)","흰색의 양면이 볼록한 달걀형 필름코팅정",03960,"당뇨병용제","전문의약품","복합","[M244179]메트포르민염산염/[M256664]아토르바스타틴칼슘수화물","분할불가","",20260303,2018638914
"분할주의",201801996,"아토메트서방정20/750밀리그램",2018May10th,"서방성필름코팅정","에이치케이이노엔(주)","흰색의 양면이 볼록한 달걀형 필름코팅정",03960,"당뇨병용제","전문의약품","복합","[M244179]메트포르민염산염/[M256664]아토르바스타틴칼슘수화물","분할불가","",20260303,2018638914
"분할주의",201801997,"아토메트서방정10/750밀리그램",2018May10th,"서방성필름코팅정","에이치케이이노엔(주)","연한 노란색의 양면이 볼록한 달걀형 필름코팅정",03960,"당뇨병용제","전문의약품","복합","[M244179]메트포르민염산염/[M256664]아토르바스타틴칼슘수화물","분할불가","",20260303,2018638914
"분할주의",201801998,"아토메트서방정10/500밀리그램",2018May10th,"서방성필름코팅정","에이치케이이노엔(주)","연한 노란색의 양면이 볼록한 달걀형 필름코팅정",03960,"당뇨병용제","전문의약품","복합","[M244179]메트포르민염산염/[M256664]아토르바스타틴칼슘수화물","분할불가","",20260303,2018638914
"분할주의",201802298,"듀로세틴캡슐30밀리그램(둘록세틴염산염)",2018June1st,"장용성캡슐제, 펠렛","한국코러스(주)","흰색 내지 연한 갈색의 장용성 구형과립이 든 상부 청색, 하부 흰색의 경질캡슐제",01170,"정신신경용제","전문의약품","단일","[M259598]둘록세틴염산염장용과립","분할불가","",20220523,2058140116
"분할주의",201802300,"듀로세틴캡슐60밀리그램(둘록세틴염산염)(수출용)",2018June1st,"장용성캡슐제, 펠렛","한국코러스(주)","흰색 내지 연한 갈색의 장용성 구형과립이 든 상부 청색, 하부 노란연두색의 경질캡슐제",01170,"정신신경용제","전문의약품","단일","[M259598]둘록세틴염산염장용과립","분할불가","",20230424,2058140116
"분할주의",201802449,"덱시라졸캡슐60밀리그램(덱스란소프라졸)",2018June14th,"서방성캡슐제, 펠렛","(주)유한양행","흰색 내지 연한 노란색의 과립이 충전된 상부청색, 하부청색의 경질캡슐",02320,"소화성궤양용제","전문의약품","단일","[M255434]덱스란소프라졸/[M255434]덱스란소프라졸","분할불가","",20230514,1188100601
"분할주의",201802450,"덱시라졸캡슐30밀리그램(덱스란소프라졸)",2018June14th,"서방성캡슐제, 펠렛","(주)유한양행","흰색 내지 연한 노란색의 구형 과립이 충전된 상부청색, 하부 회색의 경질 캡슐",02320,"소화성궤양용제","전문의약품","단일","[M255434]덱스란소프라졸/[M255434]덱스란소프라졸","분할불가","",20230514,1188100601
"분할주의",201802463,"피엠에스둘록세틴캡슐30mg(둘록세틴염산염)",2018June14th,"장용성캡슐제, 펠렛","(주)제뉴파마","흰색 내지 연한 갈색의 장용성 구형과립이 든 상부 청색, 하부 흰색의 경질캡슐제",01170,"정신신경용제","전문의약품","단일","[M259598]둘록세틴염산염장용과립","분할불가","",20250714,7338802047
"분할주의",201802534,"휴텍스아스피린장용정100mg(아스피린)",2018June19th,"장용성필름코팅정","한국휴텍스제약(주)","흰색의 원형 장용필름코팅정",02190,"기타의 순환계용약","일반의약품","단일","[M040355]아스피린","분할불가","",20250415,1128122382
"분할주의",201802697,"피엠에스둘록세틴캡슐60mg(둘록세틴염산염)",2018June28th,"장용성캡슐제, 펠렛","(주)제뉴파마","흰색 내지 연한 갈색의 장용성 구형과립이 든 상부 청색, 하부 노란연두색의 경질캡슐제",01170,"정신신경용제","전문의약품","단일","[M259598]둘록세틴염산염장용과립","분할불가","",20250714,7338802047
"분할주의",201802722,"라베르정10밀리그램(라베프라졸나트륨)",2018June29th,"장용성필름코팅정","(주)일화","연한 노란분홍색의 원형 장용필름코팅정",02320,"소화성궤양용제","전문의약품","단일","[M089852]라베프라졸나트륨","분할불가","",20230603,1328101004
"분할주의",201802723,"라베르정20밀리그램(라베프라졸나트륨)",2018June29th,"장용성필름코팅정","(주)일화","담황색의 원형 장용 필름코팅정",02320,"소화성궤양용제","전문의약품","단일","[M089852]라베프라졸나트륨","분할불가","",20230603,1328101004
"분할주의",201802770,"세니탈CR정(아세클로페낙)",2018July3rd,"서방성필름코팅정","하나제약(주)","흰색의 장방형 서방성 필름코팅정",01140,"해열.진통.소염제","전문의약품","단일","[M040359]아세클로페낙/[M040359]아세클로페낙","분할불가","",20240522,1248137632
"분할주의",201802989,"리리카CR서방정82.5밀리그램(프레가발린)",2018July18th,"서방성필름코팅정","비아트리스코리아(주)","밝은 파란색의 아몬드형인 필름코팅 서방정",01190,"기타의 중추신경용약","전문의약품","단일","[M102323]프레가발린","분할불가","",20250318,3158601434
"분할주의",201802990,"리리카CR서방정165밀리그램(프레가발린)",2018July18th,"서방성필름코팅정","비아트리스코리아(주)","연한 주황색의 아몬드형인 필름코팅 서방정",01190,"기타의 중추신경용약","전문의약품","단일","[M102323]프레가발린","분할불가","",20250318,3158601434
"분할주의",201802991,"리리카CR서방정330밀리그램(프레가발린)",2018July18th,"서방성필름코팅정","비아트리스코리아(주)","분홍색의 아몬드형인 필름코팅 서방정",01190,"기타의 중추신경용약","전문의약품","단일","[M102323]프레가발린","분할불가","",20250318,3158601434
"분할주의",201803086,"칼리디놀정(칼리디노게나제)",2018July25th,"장용성필름코팅정","주식회사제뉴원사이언스","흰색의 원형 장용성 필름코팅정",02190,"기타의 순환계용약","전문의약품","단일","[M082140]칼리디노게나제","분할불가","",20231026,6218542600
"분할주의",201803119,"타리에스서방정(베포타스틴살리실산염)",2018July30th,"서방성다층정","삼천당제약(주)","흰색의 원형 필름코팅정",01410,"항히스타민제","전문의약품","단일","[M256601]베포타스틴살리실산염/[M256601]베포타스틴살리실산염","분할불가","",20230712,1248104295
"분할주의",201803120,"베포린서방정(베포타스틴살리실산염)",2018July30th,"서방성다층정","삼아제약(주)","흰색의 원형 필름코팅정",01410,"항히스타민제","전문의약품","단일","[M265618]베포타스틴살리실산염/[M265618]베포타스틴살리실산염","분할불가","",20230712,1388105823
"분할주의",201803121,"베포탄서방정(베포타스틴살리실산염)",2018July30th,"서방성다층정","동국제약(주)","흰색의 원형 필름코팅정",01410,"항히스타민제","전문의약품","단일","[M256601]베포타스틴살리실산염/[M256601]베포타스틴살리실산염","분할불가","",20230712,3018508241
"분할주의",201803122,"베포스타서방정(베포타스틴살리실산염)",2018July30th,"서방성다층정","대원제약(주)","흰색의 원형 필름코팅정",01410,"항히스타민제","전문의약품","단일","[M265618]베포타스틴살리실산염/[M265618]베포타스틴살리실산염","분할불가","",20230712,2078136336
"분할주의",201803123,"베포큐서방정(베포타스틴살리실산염)",2018July30th,"서방성다층정","광동제약(주)","흰색의 원형 필름코팅정",01410,"항히스타민제","전문의약품","단일","[M256601]베포타스틴살리실산염/[M256601]베포타스틴살리실산염","분할불가","",20230712,1138108888
"분할주의",201803124,"베리온서방정(베포타스틴살리실산염)",2018July30th,"서방성다층정","한림제약(주)","흰색의 원형 필름코팅정",01410,"항히스타민제","전문의약품","단일","[M256601]베포타스틴살리실산염/[M256601]베포타스틴살리실산염","분할불가","",20230712,1358102638
"분할주의",201803126,"대웅바이오아스피린장용정100밀리그램",2018July30th,"장용성필름코팅정","대웅바이오(주)","흰색의 원형 장용성 필름코팅정제",02190,"기타의 순환계용약","일반의약품","단일","[M040355]아스피린","분할불가","",20260629,1248677584
"분할주의",201803310,"리피토엠서방정10/1000밀리그램",2018August14th,"서방성필름코팅정","제일약품(주)","연한 노란색의 양면이 볼록한 달걀형 필름코팅정",03960,"당뇨병용제","전문의약품","복합","[M244179]메트포르민염산염/[M256664]아토르바스타틴칼슘수화물","분할불가","",20260303,2428500620
"분할주의",201803338,"리피메트서방정10/1000밀리그램(아토르바스타틴,메트포르민)",2018August14th,"서방성필름코팅정","(주)대웅제약","연한 노란색의 양면이 볼록한 달걀형 필름코팅정",03960,"당뇨병용제","전문의약품","복합","[M244179]메트포르민염산염/[M256664]아토르바스타틴칼슘수화물","분할불가","",20260303,1248601143
"분할주의",201803343,"아토메트서방정10/1000밀리그램",2018August16th,"서방성필름코팅정","에이치케이이노엔(주)","연한 노란색의 양면이 볼록한 달걀형 필름코팅정",03960,"당뇨병용제","전문의약품","복합","[M244179]메트포르민염산염/[M256664]아토르바스타틴칼슘수화물","분할불가","",20260303,2018638914
"분할주의",201803431,"마더스아스피린장용정100mg(아스피린)",2018August24th,"장용성필름코팅정","(주)마더스제약","흰색의 원형 장용성 필름코팅정",02190,"기타의 순환계용약","일반의약품","단일","[M040355]아스피린","분할불가","",20250415,3128629302
"분할주의",201803666,"동성탐스로신캡슐(탐스로신염산염)",2018September10th,"서방성캡슐제, 펠렛","동성제약(주)","흰색 내지 연한 노란색의 펠렛을 함유한 상의 살구색, 하의 흰색의 캡슐제",02590,"기타의 비뇨생식기관 및 항문용약","전문의약품","단일","[M243979]탐스로신염산염","분할불가","",20241029,2118125288
"분할주의",201803706,"탐소날캡슐(탐스로신염산염)",2018September13th,"서방성캡슐제, 펠렛","명문제약(주)","흰색 내지 연한 노란색의 펠렛을 함유한 상의 살구색, 하의 흰색의 캡슐제",02590,"기타의 비뇨생식기관 및 항문용약","전문의약품","단일","[M243979]탐스로신염산염","분할불가","",20241029,1248135615
"분할주의",201803785,"판토케이정40밀리그램(판토프라졸나트륨세스키히드레이트)(수출용)",2018September21st,"장용성필름코팅정","주식회사제뉴원사이언스","황색의 장용성 제피를 한 타원형 정제",02320,"소화성궤양용제","전문의약품","단일","[M089465]판토프라졸나트륨세스키히드레이트","분할불가","",20230514,6218542600
"분할주의",201804306,"프라펙솔서방정0.75밀리그램(프라미펙솔염산염일수화물)",2018October31st,"서방정","삼일제약(주)","흰색 또는 밝은 회색의 양면이 볼록한 원형 서방성 정제",01190,"기타의 중추신경용약","전문의약품","단일","[M247162]프라미펙솔염산염일수화물","분할불가","",20230302,1348500765
"분할주의",201804307,"프라펙솔서방정1.5밀리그램(프라미펙솔염산염일수화물)",2018October31st,"서방정","삼일제약(주)","흰색 또는 밝은 회색의 양면이 볼록한 원형 서방성 정제",01190,"기타의 중추신경용약","전문의약품","단일","[M247162]프라미펙솔염산염일수화물","분할불가","",20230302,1348500765
"분할주의",201804308,"프라펙솔서방정0.375밀리그램(프라미펙솔염산염일수화물)",2018October31st,"서방정","삼일제약(주)","흰색 또는 밝은 회색의 양면이 볼록한 원형 서방성 정제",01190,"기타의 중추신경용약","전문의약품","단일","[M247162]프라미펙솔염산염일수화물/[M247162]프라미펙솔염산염일수화물","분할불가","",20230324,1348500765
"분할주의",201804576,"비코엑스장용정",2018November19th,"장용성필름코팅정","(주)라이트팜텍","녹색의 원형 장용성 필름코팅정제",02380,"하제, 완장제","일반의약품","복합","[M081950]도큐세이트나트륨/[M081899]센나엽가루/[M050687]비사코딜","분할불가","","",2048189630
"분할주의",201804686,"파비스라베프라졸정20밀리그램(라베프라졸나트륨)",2018November27th,"장용성필름코팅정","(주)한국파비스제약","담황색의 원형 장용 필름코팅정",02320,"소화성궤양용제","전문의약품","단일","[M089852]라베프라졸나트륨","분할불가","",20230603,2838501407
"분할주의",201805144,"파비스라베프라졸정10밀리그램(라베프라졸나트륨)",2018December18th,"장용성필름코팅정","(주)한국파비스제약","담황색의 원형 장용 필름코팅정",02320,"소화성궤양용제","전문의약품","단일","[M089852]라베프라졸나트륨","분할불가","",20230603,2838501407
"분할주의",201805180,"큐팜엑스알서방정750밀리그램(레비티라세탐)",2018December20th,"서방성필름코팅정","명인제약(주)","흰색의 장방형 서방성 필름코팅정",01130,"항전간제","전문의약품","단일","[M096537]레비티라세탐","분할불가","",20240809,1248118673
"분할주의",201805181,"큐팜엑스알서방정500밀리그램(레비티라세탐)",2018December20th,"서방성필름코팅정","명인제약(주)","흰색의 장방형 서방성 필름코팅정",01130,"항전간제","전문의약품","단일","[M096537]레비티라세탐","분할불가","",20240809,1248118673
"분할주의",201805182,"케프렙톨서방정500밀리그램(레비티라세탐)",2018December20th,"서방성필름코팅정","환인제약(주)","흰색의 타원형 서방성 필름코팅정제",01130,"항전간제","전문의약품","단일","[M096537]레비티라세탐","분할불가","",20240809,2158136171
"분할주의",201805355,"라베투정10밀리그램(라베프라졸나트륨)",2018December28th,"장용성필름코팅정","코스맥스파마(주)","담황색의 원형 장용 필름코팅정",02320,"소화성궤양용제","전문의약품","단일","[M089852]라베프라졸나트륨","분할불가","",20240517,1348660547
"분할주의",201805356,"라베투정20밀리그램(라베프라졸나트륨)",2018December28th,"장용성필름코팅정","코스맥스파마(주)","담황색의 원형 장용 필름코팅정",02320,"소화성궤양용제","전문의약품","단일","[M089852]라베프라졸나트륨","분할불가","",20240517,1348660547
"분할주의",201900030,"유한프레가발린서방정300밀리그램(프레가발린)",2019January4th,"서방성필름코팅정","(주)유한양행","분홍색의 장방형 필름코팅 서방정",01190,"기타의 중추신경용약","전문의약품","단일","[M102323]프레가발린","분할불가","",20250318,1188100601
"분할주의",201900031,"유한프레가발린서방정150밀리그램(프레가발린)",2019January4th,"서방성필름코팅정","(주)유한양행","연한 노랑색의 장방형 필름코팅 서방정",01190,"기타의 중추신경용약","전문의약품","단일","[M102323]프레가발린","분할불가","",20250318,1188100601
"분할주의",201900076,"라바졸정10밀리그램(라베프라졸나트륨)",2019January9th,"장용성필름코팅정","(주)보령바이오파마","담황색의 원형 장용필름코팅정제",02320,"소화성궤양용제","전문의약품","단일","[M089852]라베프라졸나트륨","분할불가","",20230603,2088120633
"분할주의",201900077,"라바졸정20밀리그램(라베프라졸나트륨)",2019January9th,"장용성필름코팅정","(주)보령바이오파마","담황색의 원형 장용필름코팅정제",02320,"소화성궤양용제","전문의약품","단일","[M089852]라베프라졸나트륨","분할불가","",20230603,2088120633
"분할주의",201900111,"뉴코딜정",2019January10th,"장용성필름코팅정","대한뉴팜(주)","녹색의 원형 장용성 필름코팅정",02380,"하제, 완장제","일반의약품","복합","[M050687]비사코딜/[M081950]도큐세이트나트륨","분할불가","","",2298110729
"분할주의",201900138,"젤리프서방정150밀리그램(프레가발린)",2019January11th,"서방성다층정","(주)엘지화학","흰색 내지 미황색 장방형의 필름코팅된 서방성 삼층정제",01190,"기타의 중추신경용약","전문의약품","단일","[M102323]프레가발린/[M102323]프레가발린/[M102323]프레가발린","분할불가","",20260204,1078198139
"분할주의",201900139,"젤리프서방정300밀리그램(프레가발린)",2019January11th,"서방성다층정","(주)엘지화학","흰색 내지 미황색 장방형의 필름코팅된 서방성 삼층정제",01190,"기타의 중추신경용약","전문의약품","단일","[M102323]프레가발린/[M102323]프레가발린/[M102323]프레가발린","분할불가","",20260204,1078198139
"분할주의",201900140,"제이가바CR서방정300밀리그램(프레가발린)",2019January11th,"서방성다층정","제일약품(주)","흰색 내지 미황색 장방형의 필름코팅된 서방성 삼층정제",01190,"기타의 중추신경용약","전문의약품","단일","[M102323]프레가발린/[M102323]프레가발린/[M102323]프레가발린","분할불가","",20260330,2428500620
"분할주의",201900141,"제이가바CR서방정150밀리그램(프레가발린)",2019January11th,"서방성다층정","제일약품(주)","흰색 내지 미황색 장방형의 필름코팅된 서방성 삼층정제",01190,"기타의 중추신경용약","전문의약품","단일","[M102323]프레가발린/[M102323]프레가발린/[M102323]프레가발린","분할불가","",20260330,2428500620
"분할주의",201900142,"리카뉴로서방정300mg(프레가발린)",2019January11th,"서방성다층정","대원제약(주)","흰색 내지 미황색 장방형의 필름코팅된 서방성 삼층정제",01190,"기타의 중추신경용약","전문의약품","단일","[M102323]프레가발린/[M102323]프레가발린/[M102323]프레가발린","분할불가","",20250318,2078136336
"분할주의",201900143,"리카뉴로서방정150mg(프레가발린)",2019January11th,"서방성다층정","대원제약(주)","흰색 내지 미황색 장방형의 필름코팅된 서방성 삼층정제",01190,"기타의 중추신경용약","전문의약품","단일","[M102323]프레가발린/[M102323]프레가발린/[M102323]프레가발린","분할불가","",20250318,2078136336
"분할주의",201900144,"카발린CR서방정300밀리그램(프레가발린)",2019January11th,"서방성다층정","지엘팜텍(주)","흰색 내지 미황색 장방형의 필름코팅된 서방성 삼층정제",01190,"기타의 중추신경용약","전문의약품","단일","[M102323]프레가발린/[M102323]프레가발린/[M102323]프레가발린","분할불가","",20250318,1078825483
"분할주의",201900145,"카발린CR서방정150밀리그램(프레가발린)",2019January11th,"서방성다층정","지엘팜텍(주)","흰색 내지 미황색 장방형의 필름코팅된 서방성 삼층정제",01190,"기타의 중추신경용약","전문의약품","단일","[M102323]프레가발린/[M102323]프레가발린/[M102323]프레가발린","분할불가","",20250318,1078825483
"분할주의",201900146,"가바뉴로서방정300밀리그램(프레가발린)",2019January11th,"서방성다층정","한림제약(주)","흰색 내지 미황색 장방형의 필름코팅된 서방성 삼층정제",01190,"기타의 중추신경용약","전문의약품","단일","[M102323]프레가발린/[M102323]프레가발린/[M102323]프레가발린","분할불가","",20250318,1358102638
"분할주의",201900147,"가바뉴로서방정150밀리그램(프레가발린)",2019January11th,"서방성다층정","한림제약(주)","흰색 내지 미황색 장방형의 필름코팅된 서방성 삼층정제",01190,"기타의 중추신경용약","전문의약품","단일","[M102323]프레가발린/[M102323]프레가발린/[M102323]프레가발린","분할불가","",20250318,1358102638
"분할주의",201900178,"서울아스피린장용정",2019January15th,"장용성필름코팅정","(주)서울제약","흰색의 원형 장용성 필름코팅정제",02190,"기타의 순환계용약","일반의약품","단일","[M040355]아스피린","분할불가","",20260226,1338130405
"분할주의",201900192,"제스쿨정",2019January16th,"장용성필름코팅정","(주)씨엠지제약","연녹색의 장방형 장용성 필름코팅정제",02330,"건위소화제","일반의약품","복합","[M040678]판크레아틴/[M273864]우담즙 건조엑스/[M100297]셀룰라제/[M227778]디메티콘","분할불가","",20250418,1348171976
"분할주의",201900213,"케프렙톨서방정750밀리그램(레비티라세탐)",2019January17th,"서방성필름코팅정","환인제약(주)","흰색의 타원형 서방성 필름코팅정제",01130,"항전간제","전문의약품","단일","[M096537]레비티라세탐","분할불가","",20240809,2158136171
"분할주의",201900638,"오피라졸캡슐(오메프라졸)",2019January24th,"경질캡슐제, 장용성과립제","케이엠에스제약(주)","미황색의 장용성 과립이 충진된 상부 적갈색, 하부분홍색의 경질캡슐제",02320,"소화성궤양용제","전문의약품","단일","[M083697]오메프라졸장용성과립","분할불가","",20240327,1248150810
"분할주의",201900645,"명인아캄프로세이트정333mg(아캄프로세이트칼슘)",2019January25th,"장용성필름코팅정","명인제약(주)","흰색의 원형 장용성 필름코팅정제",01190,"기타의 중추신경용약","전문의약품","단일","[M102626]아캄프로세이트칼슘","분할불가","","",1248118673
"분할주의",201900772,"드라베정20밀리그램(라베프라졸나트륨)",2019January31st,"장용성필름코팅정","삼익제약(주)","담황색의 원형 장용필름코팅정제",02320,"소화성궤양용제","전문의약품","단일","[M089852]라베프라졸나트륨","분할불가","",20230603,1228113217
"분할주의",201900778,"드라베정10밀리그램(라베프라졸나트륨)",2019January31st,"장용성필름코팅정","삼익제약(주)","담황색의 원형 장용필름코팅정제",02320,"소화성궤양용제","전문의약품","단일","[M089852]라베프라졸나트륨","분할불가","",20230603,1228113217
"분할주의",201900826,"파라베졸정20밀리그램(라베프라졸나트륨)",2019February8th,"장용성필름코팅정","(주)다산제약","담황색의 원형 장용 필름코팅정",02320,"소화성궤양용제","전문의약품","단일","[M089852]라베프라졸나트륨","분할불가","",20230603,1058184395
"분할주의",201900849,"뉴라베정20mg(라베프라졸나트륨)",2019February11th,"장용성필름코팅정","(주)시어스제약","담황색의 원형 장용 필름코팅정",02320,"소화성궤양용제","전문의약품","단일","[M089852]라베프라졸나트륨","분할불가","",20230603,5768100700
"분할주의",201900956,"엘리펜세미서방정",2019February15th,"서방성필름코팅정","동국제약(주)","연한 노란색의 원형 서방성 필름코팅정",01140,"해열.진통.소염제","전문의약품","복합","[M040353]아세트아미노펜/[M255410]트라마돌염산염/[M040353]아세트아미노펜","분할불가","",20260219,3018508241
"분할주의",201900957,"엘리펜서방정",2019February15th,"서방성필름코팅정","동국제약(주)","연한 노란색의 장방형 서방성 필름코팅정",01140,"해열.진통.소염제","전문의약품","복합","[M040353]아세트아미노펜/[M255410]트라마돌염산염/[M040353]아세트아미노펜","분할불가","",20260219,3018508241
"분할주의",201900995,"슈프라펜세미서방정(트라마돌, 아세트아미노펜)",2019February19th,"서방성필름코팅정","안국약품(주)","연한 노란색의 원형 서방성 필름코팅정",01140,"해열.진통.소염제","전문의약품","복합","[M040353]아세트아미노펜/[M040353]아세트아미노펜/[M255410]트라마돌염산염","분할불가","",20260219,1188104188
"분할주의",201900996,"슈프라펜서방정(트라마돌, 아세트아미노펜)",2019February19th,"서방성필름코팅정","안국약품(주)","연한 노란색의 장방형 서방성 필름코팅정",01140,"해열.진통.소염제","전문의약품","복합","[M040353]아세트아미노펜/[M040353]아세트아미노펜/[M255410]트라마돌염산염","분할불가","",20260219,1188104188
"분할주의",201901007,"아세트라셋세미서방정",2019February19th,"서방성필름코팅정","풍림무약(주)","연한 노란색의 원형 서방성 필름코팅정",01140,"해열.진통.소염제","전문의약품","복합","[M040353]아세트아미노펜/[M040353]아세트아미노펜/[M255410]트라마돌염산염","분할불가","",20260219,1248509319
"분할주의",201901023,"가스모사씨알정(모사프리드시트르산염수화물)",2019February20th,"서방성필름코팅정","한국바이오켐제약(주)","흰색의 타원형 서방성 필름코팅정제",02390,"기타의 소화기관용약","전문의약품","단일","[M253090]모사프리드시트르산염수화물/[M253090]모사프리드시트르산염수화물","분할불가","",20210810,3078130710
"분할주의",201901251,"탐피론캡슐0.2밀리그램(탐스로신염산염)",2019February27th,"서방성캡슐제, 펠렛","(주)넥스팜코리아","흰색 내지 연한 노란색의 펠렛을 함유한 상의 살구색, 하의 흰색의 캡슐제",02590,"기타의 비뇨생식기관 및 항문용약","전문의약품","단일","[M243979]탐스로신염산염","분할불가","",20241029,3018125427
"분할주의",201901252,"파마탐스로신캡슐(탐스로신염산염)",2019February27th,"서방성캡슐제, 펠렛","(주)한국파마","흰색 내지 연한 노란색의 펠렛을 함유한 상의 살구색, 하의 흰색의 캡슐제",02590,"기타의 비뇨생식기관 및 항문용약","전문의약품","단일","[M243979]탐스로신염산염","분할불가","",20241029,1248115899
"분할주의",201901393,"알피라베정10mg(라베프라졸나트륨)",2019March7th,"장용성필름코팅정","(주)알피바이오","담황색의 원형 장용 필름코팅정",02320,"소화성궤양용제","전문의약품","단일","[M089852]라베프라졸나트륨","분할불가","",20230603,3048511124
"분할주의",201901411,"로피맥스피디정2밀리그램(로피니롤염산염)",2019March7th,"서방성필름코팅정","고려제약(주)","분홍색의 양면이 볼록한 장방형의 필름코팅 서방정제로 한쪽 면에 KDC, 다른 한쪽면에는 2가 음각되어 있음.",01190,"기타의 중추신경용약","전문의약품","단일","[M234950]로피니롤염산염","분할불가","",20210127,1268104796
"분할주의",201901412,"파키놀피디정2밀리그램(로피니롤염산염)",2019March7th,"서방성필름코팅정","명인제약(주)","분홍색의 양면이 볼록한 장방형의 필름코팅 서방정제",01190,"기타의 중추신경용약","전문의약품","단일","[M234950]로피니롤염산염","분할불가","",20210323,1248118673
"분할주의",201901414,"리키롤피디정2밀리그램(로피니롤염산염)",2019March7th,"서방성필름코팅정","대웅바이오(주)","분홍색의 양면이 볼록한 장방형의 필름코팅 서방정",01190,"기타의 중추신경용약","전문의약품","단일","[M234950]로피니롤염산염","분할불가","",20211118,1248677584
"분할주의",201901416,"로피맥스피디정4밀리그램(로피니롤염산염)",2019March7th,"서방성필름코팅정","고려제약(주)","밝은 갈색의 양면이 볼록한 장방형의 필름코팅 서방정제로 한쪽 면에 KDC, 다른 한쪽 면에는 4가 음각되어 있음.",01190,"기타의 중추신경용약","전문의약품","단일","[M234950]로피니롤염산염","분할불가","",20210127,1268104796
"분할주의",201901417,"로피맥스피디정8밀리그램(로피니롤염산염)",2019March7th,"서방성필름코팅정","고려제약(주)","적갈색의 양면이 볼록한 장방형의 필름코팅 서방정제로 한쪽 면에 KDC, 다른 한쪽 면에는 8이 음각되어 있음.",01190,"기타의 중추신경용약","전문의약품","단일","[M234950]로피니롤염산염","분할불가","",20210127,1268104796
"분할주의",201901418,"파키놀피디정8밀리그램(로피니롤염산염)",2019March7th,"서방성필름코팅정","명인제약(주)","적갈색의 양면이 볼록한 장방형의 필름코팅 서방정제",01190,"기타의 중추신경용약","전문의약품","단일","[M234950]로피니롤염산염","분할불가","",20210323,1248118673
"분할주의",201901419,"파키놀피디정4밀리그램(로피니롤염산염)",2019March7th,"서방성필름코팅정","명인제약(주)","밝은 갈색의 양면이 볼록한 장방형의 필름코팅 서방정제",01190,"기타의 중추신경용약","전문의약품","단일","[M234950]로피니롤염산염","분할불가","",20210323,1248118673
"분할주의",201901421,"리키롤피디정4밀리그램(로피니롤염산염)",2019March7th,"서방성필름코팅정","대웅바이오(주)","밝은 갈색의 양면이 볼록한 장방형의 필름코팅 서방정",01190,"기타의 중추신경용약","전문의약품","단일","[M234950]로피니롤염산염","분할불가","",20211118,1248677584
"분할주의",201901422,"리키롤피디정8밀리그램(로피니롤염산염)",2019March7th,"서방성필름코팅정","대웅바이오(주)","적갈색의 양면이 볼록한 장방형의 필름코팅 서방정",01190,"기타의 중추신경용약","전문의약품","단일","[M234950]로피니롤염산염","분할불가","",20211118,1248677584
"분할주의",201901579,"라프라이트정10mg(라베프라졸나트륨)",2019March15th,"장용성필름코팅정","(주)라이트팜텍","담황색의 원형 장용 필름코팅정",02320,"소화성궤양용제","전문의약품","단일","[M089852]라베프라졸나트륨","분할불가","",20230603,2048189630
"분할주의",201901743,"라프린정20밀리그램(라베프라졸나트륨)",2019March22nd,"장용성필름코팅정","태극제약(주)","연한 노란색의 원형 장용 필름코팅정제",02320,"소화성궤양용제","전문의약품","단일","[M089852]라베프라졸나트륨","분할불가","",20230911,1248134163
"분할주의",201901828,"라베핀정10밀리그램(라베프라졸나트륨)",2019March27th,"장용성필름코팅정","한국프라임제약(주)","담황색의 원형 장용 필름코팅정제",02320,"소화성궤양용제","전문의약품","단일","[M089852]라베프라졸나트륨","분할불가","",20231207,4028524506
"분할주의",201901829,"라베핀정20밀리그램(라베프라졸나트륨)",2019March27th,"장용성필름코팅정","메딕스제약(주)","담황색의 원형 장용필름코팅정제",02320,"소화성궤양용제","전문의약품","단일","[M089852]라베프라졸나트륨","분할불가","",20230603,4088168921
"분할주의",201901830,"라베라엠정10밀리그램(라베프라졸나트륨)",2019March27th,"장용성필름코팅정","맥널티제약(주)","담황색의 원형 장용 필름코팅정제",02320,"소화성궤양용제","전문의약품","단일","[M089852]라베프라졸나트륨","분할불가","",20230603,2998102136
"분할주의",201901869,"지엘아스피린장용정100밀리그램",2019March28th,"장용성필름코팅정","지엘파마(주)","흰색의 원형 장용성 필름코팅정",02190,"기타의 순환계용약","일반의약품","단일","[M040355]아스피린","분할불가","",20250415,1238114470
"분할주의",201902081,"오메프투캡슐(오메프라졸)",2019April5th,"장용성캡슐제, 펠렛","코스맥스파마(주)","흰색 내지 회백색의 장용성 과립이 충진된 상부 적갈색, 하부 분홍색의 경질캡슐",02320,"소화성궤양용제","전문의약품","단일","[M083697]오메프라졸장용성과립","분할불가","",20240517,1348660547
"분할주의",201902161,"라베건정20밀리그램(라베프라졸나트륨)",2019April9th,"장용성필름코팅정","건일바이오팜주식회사","담황색의 원형 장용 필름코팅정",02320,"소화성궤양용제","전문의약품","단일","[M089852]라베프라졸나트륨","분할불가","",20230603,6848801858
"분할주의",201902206,"파라베졸정10밀리그램(라베프라졸나트륨)",2019April11th,"장용성필름코팅정","(주)다산제약","담황색의 원형 장용 필름코팅정",02320,"소화성궤양용제","전문의약품","단일","[M089852]라베프라졸나트륨","분할불가","",20230603,1058184395
"분할주의",201902208,"뉴라베정10mg(라베프라졸나트륨)",2019April11th,"장용성필름코팅정","(주)시어스제약","담황색의 원형 장용 필름코팅정",02320,"소화성궤양용제","전문의약품","단일","[M089852]라베프라졸나트륨","분할불가","",20230603,5768100700
"분할주의",201902220,"에어페낙CR정(아세클로페낙)",2019April11th,"서방성필름코팅정","(주)동구바이오제약","흰색의 장방형 서방성 필름코팅정",01140,"해열.진통.소염제","전문의약품","단일","[M040359]아세클로페낙/[M040359]아세클로페낙","분할불가","",20240913,1248533615
"분할주의",201902327,"라베건정10밀리그램(라베프라졸나트륨)",2019April16th,"장용성필름코팅정","건일바이오팜주식회사","담황색의 원형 장용 필름코팅정",02320,"소화성궤양용제","전문의약품","단일","[M089852]라베프라졸나트륨","분할불가","",20230603,6848801858
"분할주의",201902453,"아트라쿨세미서방정",2019April19th,"서방성필름코팅정","(주)한국파비스제약","연한 노란색의 원형 서방성 필름코팅정",01140,"해열.진통.소염제","전문의약품","복합","[M040353]아세트아미노펜/[M040353]아세트아미노펜/[M255410]트라마돌염산염","분할불가","",20260219,2838501407
"분할주의",201902454,"아트라쿨서방정",2019April19th,"서방성필름코팅정","(주)한국파비스제약","연한 노란색의 장방형 서방성 필름코팅정",01140,"해열.진통.소염제","전문의약품","복합","[M040353]아세트아미노펜/[M040353]아세트아미노펜/[M255410]트라마돌염산염","분할불가","",20260219,2838501407
"분할주의",201902765,"탐스로진서방정0.2밀리그램(탐스로신염산염)",2019April29th,"서방정","익수제약(주)","흰색의 원형 필름코팅정제",02590,"기타의 비뇨생식기관 및 항문용약","전문의약품","단일","[M243979]탐스로신염산염","분할불가","",20241029,1268104419
"분할주의",201902818,"아엔탈CR정(아세클로페낙)",2019April30th,"서방성필름코팅정","진양제약(주)","흰색의 장방형 서방성 필름코팅정",01140,"해열.진통.소염제","전문의약품","단일","[M040359]아세클로페낙/[M040359]아세클로페낙","분할불가","",20240725,2148110673
"분할주의",201902819,"아세민CR정(아세클로페낙)",2019April30th,"서방성필름코팅정","(주)한국피엠지제약","흰색의 장방형 서방성 필름코팅정",01140,"해열.진통.소염제","전문의약품","단일","[M040359]아세클로페낙/[M040359]아세클로페낙","분할불가","",20240522,1348627965
"분할주의",201902821,"아세날CR정(아세클로페낙)",2019April30th,"서방성필름코팅정","성원애드콕제약(주)","흰색의 장방형 서방성 필름코팅정",01140,"해열.진통.소염제","전문의약품","단일","[M040359]아세클로페낙/[M040359]아세클로페낙","분할불가","",20240522,1098148940
"분할주의",201902910,"아세론CR정(아세클로페낙)",2019May7th,"서방성필름코팅정","구주제약(주)","흰색의 장방형 서방성 필름코팅정",01140,"해열.진통.소염제","전문의약품","단일","[M040359]아세클로페낙/[M040359]아세클로페낙","분할불가","",20250324,1248136268
"분할주의",201902911,"아세팜CR정(아세클로페낙)",2019May7th,"서방성필름코팅정","건일바이오팜주식회사","흰색의 장방형 서방성 필름코팅정",01140,"해열.진통.소염제","전문의약품","단일","[M040359]아세클로페낙/[M040359]아세클로페낙","분할불가","",20241118,6848801858
"분할주의",201903016,"아크로CR정(아세클로페낙)",2019May9th,"서방성필름코팅정","이연제약(주)","흰색의 장방형 서방성 필름코팅정",01140,"해열.진통.소염제","전문의약품","단일","[M040359]아세클로페낙/[M040359]아세클로페낙","분할불가","",20240628,3018505394
"분할주의",201903018,"아크로날CR정(아세클로페낙)",2019May9th,"서방성필름코팅정","(주)새한제약","흰색의 장방형 서방성 필름코팅정",01140,"해열.진통.소염제","전문의약품","단일","[M040359]아세클로페낙/[M040359]아세클로페낙","분할불가","",20240725,1258103547
"분할주의",201903125,"라라베정10밀리그램(라베프라졸나트륨)",2019May15th,"장용성필름코팅정","(주)서흥","담황색의 원형 장용필름코팅정제",02320,"소화성궤양용제","전문의약품","단일","[M089852]라베프라졸나트륨","분할불가","",20230603,1308100576
"분할주의",201903126,"라라베정20밀리그램(라베프라졸나트륨)",2019May15th,"장용성필름코팅정","(주)서흥","담황색의 원형 장용필름코팅정제",02320,"소화성궤양용제","전문의약품","단일","[M089852]라베프라졸나트륨","분할불가","",20230603,1308100576
"분할주의",201903193,"스토라베정10밀리그램(라베프라졸나트륨)",2019May16th,"장용성필름코팅정","주식회사더유제약","담황색의 원형 장용필름코팅정제",02320,"소화성궤양용제","전문의약품","단일","[M089852]라베프라졸나트륨","분할불가","",20230603,1138669177
"분할주의",201903282,"알피라베정20mg(라베프라졸나트륨)",2019May21st,"장용성필름코팅정","(주)알피바이오","담황색의 원형 장용 필름코팅정",02320,"소화성궤양용제","전문의약품","단일","[M089852]라베프라졸나트륨","분할불가","",20230603,3048511124
"분할주의",201903375,"탐술엠캡슐0.2밀리그램(탐스로신염산염)",2019May24th,"서방성캡슐제, 펠렛","(주)마더스제약","흰색 내지 연한 노란색의 펠렛을 함유한 상의 살구색, 하의 흰색의 캡슐제",02590,"기타의 비뇨생식기관 및 항문용약","전문의약품","단일","[M243979]탐스로신염산염","분할불가","",20241029,3128629302
"분할주의",201903471,"안티그렐서방정(사르포그렐레이트염산염)",2019May28th,"서방성필름코팅정","국제약품(주)","흰색의 장방형 필름코팅정",03390,"기타의 혈액 및 체액용약","전문의약품","단일","[M261406]사르포그렐레이트염산염/[M261406]사르포그렐레이트염산염","분할불가","",20200103,2078100309
"분할주의",201903472,"안플업서방정300밀리그램(사르포그렐레이트염산염)",2019May28th,"서방성필름코팅정","신일제약(주)","흰색의 장방형 필름코팅정",03390,"기타의 혈액 및 체액용약","전문의약품","단일","[M261406]사르포그렐레이트염산염/[M261406]사르포그렐레이트염산염","분할불가","",20210114,3038113742
"분할주의",201903474,"마사포서방정300밀리그램(사르포그렐레이트염산염)",2019May28th,"서방성필름코팅정","(주)한국파마","흰색의 장방형 필름코팅정",03390,"기타의 혈액 및 체액용약","전문의약품","단일","[M261406]사르포그렐레이트염산염/[M261406]사르포그렐레이트염산염","분할불가","",20210317,1248115899
"분할주의",201903475,"안블록서방정300mg(사르포그렐레이트염산염)",2019May28th,"서방성필름코팅정","구주제약(주)","흰색의 장방형 필름코팅정",03390,"기타의 혈액 및 체액용약","전문의약품","단일","[M261406]사르포그렐레이트염산염/[M261406]사르포그렐레이트염산염","분할불가","",20210317,1248136268
"분할주의",201903476,"사포레인서방정(사르포그렐레이트염산염)",2019May28th,"서방성필름코팅정","(주)제뉴파마","흰색의 장방형 필름코팅정",03390,"기타의 혈액 및 체액용약","전문의약품","단일","[M261406]사르포그렐레이트염산염/[M261406]사르포그렐레이트염산염","분할불가","",20210406,7338802047
"분할주의",201903477,"안플리트서방정300밀리그램(사르포그렐레이트염산염)",2019May28th,"서방성필름코팅정","(주)비보존제약","흰색의 장방형 필름코팅정",03390,"기타의 혈액 및 체액용약","전문의약품","단일","[M261406]사르포그렐레이트염산염/[M261406]사르포그렐레이트염산염","분할불가","",20210316,1248199564
"분할주의",201903478,"사렐SR정(사르포그렐레이트염산염)",2019May28th,"서방성필름코팅정","(주)한국파비스제약","흰색의 장방형 필름코팅정",03390,"기타의 혈액 및 체액용약","전문의약품","단일","[M261406]사르포그렐레이트염산염/[M261406]사르포그렐레이트염산염","분할불가","",20210317,2838501407
"분할주의",201903479,"안티사포SR정300밀리그램(사르포그렐레이트염산염)",2019May28th,"서방성필름코팅정","(주)휴온스메디텍","흰색의 장방형 필름코팅정",03390,"기타의 혈액 및 체액용약","전문의약품","단일","[M261406]사르포그렐레이트염산염/[M261406]사르포그렐레이트염산염","분할불가","",20260529,6178124930
"분할주의",201903480,"안포디필서방정(사르포그렐레이트염산염)",2019May28th,"서방성필름코팅정","(주)한국피엠지제약","흰색의 장방형 필름코팅정",03390,"기타의 혈액 및 체액용약","전문의약품","단일","[M261406]사르포그렐레이트염산염/[M261406]사르포그렐레이트염산염","분할불가","",20231128,1348627965
"분할주의",201903482,"사포나딜SR정300밀리그램(사르포그렐레이트염산염)",2019May28th,"서방성필름코팅정","아주약품(주)","흰색의 장방형 필름코팅정",03390,"기타의 혈액 및 체액용약","전문의약품","단일","[M261406]사르포그렐레이트염산염/[M261406]사르포그렐레이트염산염","분할불가","",20210318,8028803696
"분할주의",201903483,"리피그렐서방정300밀리그램(사르포그렐레이트염산염)",2019May28th,"서방성필름코팅정","한국유니온제약(주)","흰색의 장방형 필름코팅정",03390,"기타의 혈액 및 체액용약","전문의약품","단일","[M261406]사르포그렐레이트염산염/[M261406]사르포그렐레이트염산염","분할불가","",20220427,6078121765
"분할주의",201903484,"사르포그서방정300밀리그램(사르포그렐레이트염산염)",2019May28th,"서방성필름코팅정","일성아이에스(주)","흰색의 장방형 필름코팅정",03390,"기타의 혈액 및 체액용약","전문의약품","단일","[M261406]사르포그렐레이트염산염/[M261406]사르포그렐레이트염산염","분할불가","",20220527,1068100710
"분할주의",201903485,"안플라젠서방정300밀리그램(사르포그렐레이트염산염)",2019May28th,"서방성필름코팅정","(주)테라젠이텍스","흰색의 장방형 필름코팅정",03390,"기타의 혈액 및 체액용약","전문의약품","단일","[M261406]사르포그렐레이트염산염/[M261406]사르포그렐레이트염산염","분할불가","",20210114,1348545665
"분할주의",201903486,"안티그라서방정300밀리그램(사르포그렐레이트염산염)",2019May28th,"서방성필름코팅정","(주)다산제약","흰색의 장방형 필름코팅정",03390,"기타의 혈액 및 체액용약","전문의약품","단일","[M261406]사르포그렐레이트염산염/[M261406]사르포그렐레이트염산염","분할불가","",20250926,1058184395
"분할주의",201903487,"안플래트SR정(사르포그렐레이트염산염)",2019May28th,"서방성필름코팅정","주식회사케이에스제약","흰색의 장방형 필름코팅정제",03390,"기타의 혈액 및 체액용약","전문의약품","단일","[M261406]사르포그렐레이트염산염/[M261406]사르포그렐레이트염산염","분할불가","",20200724,6218801013
"분할주의",201903488,"제이더블유사르포그렐레이트염산염서방정300밀리그램",2019May28th,"서방성필름코팅정","제이더블유중외제약(주)","흰색의 장방형 필름코팅정",03390,"기타의 혈액 및 체액용약","전문의약품","단일","[M261406]사르포그렐레이트염산염/[M261406]사르포그렐레이트염산염","분할불가","",20260618,1188102477
"분할주의",201903489,"안플리코SR정(사르포그렐레이트염산염)",2019May28th,"서방성필름코팅정","한국프라임제약(주)","흰색의 장방형 필름코팅정",03390,"기타의 혈액 및 체액용약","전문의약품","단일","[M261406]사르포그렐레이트염산염/[M261406]사르포그렐레이트염산염","분할불가","",20260529,4028524506
"분할주의",201903490,"안플라그서방정300밀리그램(사르포그렐레이트염산염)",2019May28th,"서방성필름코팅정","(주)유한양행","흰색의 장방형 필름코팅정",03390,"기타의 혈액 및 체액용약","전문의약품","단일","[M261406]사르포그렐레이트염산염/[M261406]사르포그렐레이트염산염","분할불가","",20191226,1188100601
"분할주의",201903491,"사포겔SR정300밀리그램(사르포그렐레이트염산염)",2019May28th,"서방성필름코팅정","(주)경보제약","흰색의 장방형 필름코팅정",03390,"기타의 혈액 및 체액용약","전문의약품","단일","[M261406]사르포그렐레이트염산염/[M261406]사르포그렐레이트염산염","분할불가","",20191226,3128104567
"분할주의",201903492,"사플라그서방정300mg(사르포그렐레이트염산염)",2019May28th,"서방성필름코팅정","한국휴텍스제약(주)","흰색의 장방형 필름코팅정",03390,"기타의 혈액 및 체액용약","전문의약품","단일","[M261406]사르포그렐레이트염산염/[M261406]사르포그렐레이트염산염","분할불가","",20191226,1128122382
"분할주의",201903493,"사포엠서방정300mg(사르포그렐레이트염산염)",2019May28th,"서방성필름코팅정","(주)씨엠지제약","흰색의 장방형 필름코팅정",03390,"기타의 혈액 및 체액용약","전문의약품","단일","[M261406]사르포그렐레이트염산염/[M261406]사르포그렐레이트염산염","분할불가","",20191226,1348171976
"분할주의",201903494,"사포란SR정300밀리그램(사르포그렐레이트염산염)",2019May28th,"서방성필름코팅정","하나제약(주)","흰색의 장방형 필름코팅정",03390,"기타의 혈액 및 체액용약","전문의약품","단일","[M261406]사르포그렐레이트염산염/[M261406]사르포그렐레이트염산염","분할불가","",20191226,1248137632
"분할주의",201903497,"안플라원서방정300밀리그램(사르포그렐레이트염산염)",2019May28th,"서방성필름코팅정","동광제약(주)","흰색의 장방형 필름코팅정",03390,"기타의 혈액 및 체액용약","전문의약품","단일","[M261406]사르포그렐레이트염산염/[M261406]사르포그렐레이트염산염","분할불가","",20210510,2018644250
"분할주의",201903498,"안티코아SR정300밀리그램(사르포그렐레이트염산염)",2019May28th,"서방성필름코팅정","(주)휴온스","흰색의 장방형 필름코팅정",03390,"기타의 혈액 및 체액용약","전문의약품","단일","[M261406]사르포그렐레이트염산염/[M261406]사르포그렐레이트염산염","분할불가","",20240229,8638700270
"분할주의",201903499,"사포칸SR정300밀리그램(사르포그렐레이트염산염)",2019May28th,"서방성필름코팅정","(주)메디카코리아","흰색의 장방형 필름코팅정",03390,"기타의 혈액 및 체액용약","전문의약품","단일","[M261406]사르포그렐레이트염산염/[M261406]사르포그렐레이트염산염","분할불가","",20210317,1208165228
"분할주의",201903501,"안포그렐SR정(사르포그렐레이트염산염)",2019May28th,"서방성필름코팅정","(주)일화","흰색의 장방형 필름코팅정",03390,"기타의 혈액 및 체액용약","전문의약품","단일","[M261406]사르포그렐레이트염산염/[M261406]사르포그렐레이트염산염","분할불가","",20220615,1328101004
"분할주의",201903502,"사포펠로SR정300밀리그램(사르포그렐레이트염산염)",2019May28th,"서방성필름코팅정","안국약품(주)","흰색의 장방형 필름코팅정",03390,"기타의 혈액 및 체액용약","전문의약품","단일","[M261406]사르포그렐레이트염산염/[M261406]사르포그렐레이트염산염","분할불가","",20210317,1188104188
"분할주의",201903503,"사포그서방정(사르포그렐레이트염산염)",2019May28th,"서방성필름코팅정","(주)이든파마","흰색의 장방형 필름코팅정",03390,"기타의 혈액 및 체액용약","전문의약품","단일","[M261406]사르포그렐레이트염산염/[M261406]사르포그렐레이트염산염","분할불가","",20250116,2648120986
"분할주의",201903504,"사포그릴엠SR정300밀리그램(사르포그렐레이트염산염)",2019May28th,"서방성필름코팅정","(주)마더스제약","흰색의 장방형 서방성 필름코팅정",03390,"기타의 혈액 및 체액용약","전문의약품","단일","[M261406]사르포그렐레이트염산염/[M261406]사르포그렐레이트염산염","분할불가","",20240913,3128629302
"분할주의",201903505,"사포엔SR정300밀리그램(사르포그렐레이트염산염)",2019May28th,"서방성필름코팅정","에이치엘비제약(주)","흰색의 장방형 필름코팅정",03390,"기타의 혈액 및 체액용약","전문의약품","단일","[M261406]사르포그렐레이트염산염/[M261406]사르포그렐레이트염산염","분할불가","",20210317,2088125623
"분할주의",201903506,"사포렐서방정300밀리그램(사르포그렐레이트염산염)",2019May28th,"서방성필름코팅정","동국제약(주)","흰색의 장방형 필름코팅정",03390,"기타의 혈액 및 체액용약","전문의약품","단일","[M261406]사르포그렐레이트염산염/[M261406]사르포그렐레이트염산염","분할불가","",20250214,3018508241
"분할주의",201903507,"사포에스서방정(사르포그렐레이트염산염)",2019May28th,"서방성필름코팅정","현대약품(주)","흰색의 장방형 필름코팅정",03390,"기타의 혈액 및 체액용약","전문의약품","단일","[M261406]사르포그렐레이트염산염/[M261406]사르포그렐레이트염산염","분할불가","",20210318,1308100988
"분할주의",201903508,"사포린SR정300밀리그램(사르포그렐레이트염산염)",2019May28th,"서방성필름코팅정","(주)킵스바이오파마","흰색의 장방형 필름코팅정",03390,"기타의 혈액 및 체액용약","전문의약품","단일","[M261406]사르포그렐레이트염산염/[M261406]사르포그렐레이트염산염","분할불가","",20251210,2098126571
"분할주의",201903509,"뉴포그릴SR정300mg(사르포그렐레이트염산염)",2019May28th,"서방성필름코팅정","대한뉴팜(주)","흰색의 장방형 필름코팅정",03390,"기타의 혈액 및 체액용약","전문의약품","단일","[M261406]사르포그렐레이트염산염/[M261406]사르포그렐레이트염산염","분할불가","",20210114,2298110729
"분할주의",201903510,"사르포서방정300밀리그램(사르포그렐레이트염산염)",2019May28th,"서방성필름코팅정","(주)중헌제약","흰색의 장방형 필름코팅정",03390,"기타의 혈액 및 체액용약","전문의약품","단일","[M261406]사르포그렐레이트염산염/[M261406]사르포그렐레이트염산염","분할불가","",20220610,3178142585
"분할주의",201903511,"사포레이트서방정300밀리그램(사르포그렐레이트염산염)",2019May28th,"서방성필름코팅정","한미약품(주)","흰색의 장방형 필름코팅정",03390,"기타의 혈액 및 체액용약","전문의약품","단일","[M261406]사르포그렐레이트염산염/[M261406]사르포그렐레이트염산염","분할불가","",20210503,1248700613
"분할주의",201903549,"듀로스캡슐30밀리그램(둘록세틴염산염)",2019May29th,"장용성캡슐제, 펠렛","하나제약(주)","흰색 내지 연한 갈색의 장용성 구형 과립이 든 상부 청색, 하부 흰색의 경질캡슐제",01170,"정신신경용제","전문의약품","단일","[M259598]둘록세틴염산염장용과립","분할불가","",20220718,1248137632
"분할주의",201903550,"듀로스캡슐60밀리그램(둘록세틴염산염)",2019May29th,"장용성캡슐제, 펠렛","하나제약(주)","흰색 내지 연한 갈색의 장용성 구형과립이 든 상부 청색, 하부 노란연두색의 경질캡슐제",01170,"정신신경용제","전문의약품","단일","[M259598]둘록세틴염산염장용과립","분할불가","",20220718,1248137632
"분할주의",201903592,"사포라리SR정(사르포그렐레이트염산염)",2019May30th,"서방성필름코팅정","대우제약(주)","흰색의 장방형 필름코팅정",03390,"기타의 혈액 및 체액용약","전문의약품","단일","[M261406]사르포그렐레이트염산염/[M261406]사르포그렐레이트염산염","분할불가","",20191226,6038109769
"분할주의",201903593,"진프라그서방정300밀리그램(사르포그렐레이트염산염)",2019May30th,"서방성필름코팅정","진양제약(주)","흰색의 장방형 필름코팅정",03390,"기타의 혈액 및 체액용약","전문의약품","단일","[M261406]사르포그렐레이트염산염/[M261406]사르포그렐레이트염산염","분할불가","",20191226,2148110673
"분할주의",201903594,"명문사르포그렐레이트염산염서방정300밀리그램",2019May30th,"서방성필름코팅정","명문제약(주)","흰색의 장방형 필름코팅정",03390,"기타의 혈액 및 체액용약","전문의약품","단일","[M261406]사르포그렐레이트염산염/[M261406]사르포그렐레이트염산염","분할불가","",20191226,1248135615
"분할주의",201903658,"실로레탈서방캡슐200밀리그램(실로스타졸)",2019May31st,"서방성캡슐제, 펠렛","(주)킵스바이오파마","흰색 또는 연한 황색의 과립을 포함하는 상하 흰색의 경질캡슐제",03390,"기타의 혈액 및 체액용약","전문의약품","단일","[M070044]실로스타졸","분할불가","",20211213,2098126571
"분할주의",201903700,"라프라이트정20mg(라베프라졸나트륨)",2019June3rd,"장용성필름코팅정","(주)라이트팜텍","담황색의 원형 장용 필름코팅정",02320,"소화성궤양용제","전문의약품","단일","[M089852]라베프라졸나트륨","분할불가","",20230603,2048189630
"분할주의",201903728,"안트롬서방정300밀리그램(사르포그렐레이트염산염)",2019June4th,"서방성필름코팅정","(주)팜젠사이언스","흰색의 장방형 필름코팅정",03390,"기타의 혈액 및 체액용약","전문의약품","단일","[M261406]사르포그렐레이트염산염/[M261406]사르포그렐레이트염산염","분할불가","",20210317,1248136540
"분할주의",201903858,"오메다캡슐(오메프라졸)",2019June13th,"경질캡슐제, 장용성과립제","(주)한풍제약","미황색의 장용성 과립이 충진된 상부 적갈색, 하부 분홍색의 경질캡슐제",02320,"소화성궤양용제","전문의약품","단일","[M112240]오메프라졸 장용성과립","분할불가","",20240327,4028532516
"분할주의",201903865,"탐수날서방정0.2밀리그램(탐스로신염산염)",2019June14th,"서방성필름코팅정","풍림무약(주)","흰색의 원형 필름코팅정제",02590,"기타의 비뇨생식기관 및 항문용약","전문의약품","단일","[M243979]탐스로신염산염","분할불가","",20241029,1248509319
"분할주의",201904278,"피스에이서방캡슐0.2밀리그램(탐스로신염산염)",2019June20th,"서방성캡슐제, 펠렛","유니메드제약(주)","흰색 내지 연한 노란색의 펠렛을 함유한 상부 살구색, 하부 흰색의 캡슐제",02590,"기타의 비뇨생식기관 및 항문용약","전문의약품","단일","[M243979]탐스로신염산염","분할불가","",20241029,3128109048
"분할주의",201904284,"파마아세클로페낙CR정(아세클로페낙)",2019June20th,"서방성필름코팅정","(주)한국파마","흰색의 장방형 서방성 필름코팅정",01140,"해열.진통.소염제","전문의약품","단일","[M040359]아세클로페낙/[M040359]아세클로페낙","분할불가","",20241007,1248115899
"분할주의",201904371,"라베폰정10밀리그램(라베프라졸나트륨)",2019June26th,"장용성필름코팅정","(주)한풍제약","담황색의 원형 장용 필름코팅정",02320,"소화성궤양용제","전문의약품","단일","[M089852]라베프라졸나트륨","분할불가","",20231220,4028532516
"분할주의",201904372,"라베폰정20밀리그램(라베프라졸나트륨)",2019June26th,"장용성필름코팅정","(주)한풍제약","담황색의 원형 장용 필름코팅정",02320,"소화성궤양용제","전문의약품","단일","[M089852]라베프라졸나트륨","분할불가","",20231220,4028532516
"분할주의",201904502,"브로나제장용정(브로멜라인)",2019July2nd,"장용성필름코팅정","(주)마더스제약","분홍색의 원형 장용성 필름코팅정",03950,"효소제제","일반의약품","단일","[M095415]브로멜라인","분할불가","","",3128629302
"분할주의",201904515,"삼성사르포그렐레이트서방정(사르포그렐레이트염산염)",2019July2nd,"서방성필름코팅정","삼성제약(주)","흰색의 장방형 필름코팅정",03390,"기타의 혈액 및 체액용약","전문의약품","단일","[M261406]사르포그렐레이트염산염/[M261406]사르포그렐레이트염산염","분할불가","",20200410,2078100726
"분할주의",201904516,"사포그렌서방정300밀리그램(사르포그렐레이트염산염)",2019July2nd,"서방성필름코팅정","(주)동구바이오제약","흰색의 장방형 서방성 필름코팅정",03390,"기타의 혈액 및 체액용약","전문의약품","단일","[M261406]사르포그렐레이트염산염/[M261406]사르포그렐레이트염산염","분할불가","",20230207,1248533615
"분할주의",201904518,"안플탑서방정300밀리그램(사르포그렐레이트염산염)",2019July2nd,"서방성필름코팅정","대웅바이오(주)","흰색의 장방형 필름코팅정",03390,"기타의 혈액 및 체액용약","전문의약품","단일","[M261406]사르포그렐레이트염산염/[M261406]사르포그렐레이트염산염","분할불가","",20211116,1248677584
"분할주의",201904576,"유니그렐씨알정300밀리그램(사르포그렐레이트염산염)",2019July5th,"서방성필름코팅정","한국바이오켐제약(주)","흰색의 장방형 필름코팅 서방정",03390,"기타의 혈액 및 체액용약","전문의약품","단일","[M261406]사르포그렐레이트염산염/[M261406]사르포그렐레이트염산염","분할불가","",20191226,3078130710
"분할주의",201904698,"타루날서방정0.2밀리그램(탐스로신염산염)",2019July12th,"서방성필름코팅정","동국제약(주)","흰색의 원형 필름코팅정제",02590,"기타의 비뇨생식기관 및 항문용약","전문의약품","단일","[M243979]탐스로신염산염","분할불가","",20241029,3018508241
"분할주의",201904754,"셀라베정20밀리그램(라베프라졸나트륨)",2019July16th,"장용성필름코팅정","(주)텔콘알에프제약","담황색의 원형 장용 필름코팅정",02320,"소화성궤양용제","전문의약품","단일","[M089852]라베프라졸나트륨","분할불가","",20230603,5968500925
"분할주의",201904787,"에이블탐스로신서방정0.2밀리그램(탐스로신염산염)",2019July17th,"서방성필름코팅정","(주)인트로바이오파마","흰색의 원형 필름코팅정제",02590,"기타의 비뇨생식기관 및 항문용약","전문의약품","단일","[M243979]탐스로신염산염","분할불가","",20241029,1348673663
"분할주의",201905099,"아세트엠8시간이알서방정650밀리그램(아세트아미노펜)",2019July22nd,"서방성필름코팅정","(주)마더스제약","흰색의 장방형 서방성 필름코팅정",01140,"해열.진통.소염제","일반의약품","단일","[M040353]아세트아미노펜/[M040353]아세트아미노펜","분할불가","",20251110,3128629302
"분할주의",201905100,"탐로딘서방캡슐0.2mg(탐스로신염산염)",2019July22nd,"서방성캡슐제, 펠렛","(주)이든파마","흰색 내지 연한 노란색의 펠렛을 함유한 상의 살구색, 하의 흰색의 캡슐제",02590,"기타의 비뇨생식기관 및 항문용약","전문의약품","단일","[M241531]탐스로신염산염","분할불가","",20241029,2648120986
"분할주의",201905349,"유비센정",2019July29th,"장용성필름코팅정","한국신텍스제약(주)","녹색의 원형 장용성 필름코팅정제",02380,"하제, 완장제","일반의약품","복합","[M050687]비사코딜/[M081950]도큐세이트나트륨/[M110305]센나엽 가루","분할불가","",20240528,6138163381
"분할주의",201905355,"라베프리졸정10밀리그램(라베프라졸나트륨)",2019July29th,"장용성필름코팅정","독립바이오제약(주)","담황색의 원형 장용성필름코팅정제",02320,"소화성궤양용제","전문의약품","단일","[M089852]라베프라졸나트륨","분할불가","",20230603,6098615018
"분할주의",201905356,"라베프리졸정20밀리그램(라베프라졸나트륨)",2019July29th,"장용성필름코팅정","독립바이오제약(주)","담황색의 원형 장용필름코팅정제",02320,"소화성궤양용제","전문의약품","단일","[M089852]라베프라졸나트륨","분할불가","",20230603,6098615018
"분할주의",201905484,"뮤리손SR서방정(에페리손염산염)",2019August2nd,"서방성필름코팅정","(주)제뉴파마","흰색 내지 거의 흰색의 원형 서방성 필름코팅정",01220,"골격근이완제","전문의약품","단일","[M232172]에페리손염산염","분할불가","",20211025,7338802047
"분할주의",201905615,"페리슨SR서방정(에페리손염산염)",2019August8th,"서방성필름코팅정","(주)휴온스","흰색 내지 거의 흰색의 원형 서방성 필름코팅정",01220,"골격근이완제","전문의약품","단일","[M232172]에페리손염산염","분할불가","",20230405,8638700270
"분할주의",201905616,"에포리스SR서방정(에페리손염산염)",2019August8th,"서방성필름코팅정","(주)휴온스메디텍","흰색 내지 거의 흰색의 원형 서방성 필름코팅정",01220,"골격근이완제","전문의약품","단일","[M232172]에페리손염산염","분할불가","",20220329,6178124930
"분할주의",201905617,"미오페닐SR서방정(에페리손염산염)",2019August8th,"서방성필름코팅정","구주제약(주)","흰색 내지 거의 흰색의 원형 서방성 필름코팅정",01220,"골격근이완제","전문의약품","단일","[M232172]에페리손염산염","분할불가","",20211108,1248136268
"분할주의",201905619,"팜젠에페리손서방정(에페리손염산염)",2019August8th,"서방성필름코팅정","(주)팜젠사이언스","흰색 내지 거의 흰색의 원형 서방성 필름코팅정",01220,"골격근이완제","전문의약품","단일","[M232172]에페리손염산염","분할불가","",20260601,1248136540
"분할주의",201905621,"에피손SR서방정(에페리손염산염)",2019August8th,"서방성필름코팅정","대한뉴팜(주)","흰색 내지 거의 흰색의 원형 서방성 필름코팅정",01220,"골격근이완제","전문의약품","단일","[M232172]에페리손염산염","분할불가","",20211021,2298110729
"분할주의",201905622,"아페손SR서방정(에페리손염산염)",2019August8th,"서방성필름코팅정","한국프라임제약(주)","흰색 내지 거의 흰색의 원형 서방성 필름코팅정",01220,"골격근이완제","전문의약품","단일","[M232172]에페리손염산염","분할불가","",20211112,4028524506
"분할주의",201905623,"대우에페리손SR서방정75mg(에페리손염산염)",2019August8th,"서방성필름코팅정","대우제약(주)","흰색 내지 거의 흰색의 원형 서방성 필름코팅정",01220,"골격근이완제","전문의약품","단일","[M232172]에페리손염산염","분할불가","",20220318,6038109769
"분할주의",201905632,"에페시나서방정(에페리손염산염)",2019August9th,"서방성필름코팅정","(주)테라젠이텍스","흰색 내지 거의 흰색의 원형 서방성 필름코팅정",01220,"골격근이완제","전문의약품","단일","[M232172]에페리손염산염","분할불가","",20250703,1348545665
"분할주의",201905672,"삼성에페리손서방정(에페리손염산염)",2019August12th,"서방성필름코팅정","삼성제약(주)","흰색 내지 거의 흰색의 원형 서방성 필름코팅정",01220,"골격근이완제","전문의약품","단일","[M232172]에페리손염산염","분할불가","",20211027,2078100726
"분할주의",201905684,"디페리손서방정(에페리손염산염)",2019August12th,"서방성필름코팅정","(주)대웅제약","흰색 내지 거의 흰색의 원형 서방성 필름코팅정",01220,"골격근이완제","전문의약품","단일","[M232172]에페리손염산염","분할불가","",20211220,1248601143
"분할주의",201905685,"에페릴엠SR서방정(에페리손염산염)",2019August12th,"서방성필름코팅정","(주)마더스제약","흰색 내지 거의 흰색의 원형 서방성 필름코팅정",01220,"골격근이완제","전문의약품","단일","[M232172]에페리손염산염","분할불가","",20211118,3128629302
"분할주의",201905693,"타이레펜8시간이알서방정650밀리그램(아세트아미노펜)",2019August13th,"서방성필름코팅정","(주)휴비스트제약","흰색의 장방형 서방성 필름코팅정",01140,"해열.진통.소염제","일반의약품","단일","[M040353]아세트아미노펜/[M040353]아세트아미노펜","분할불가","",20251110,3188100991
"분할주의",201905712,"에페닌서방정75밀리그램(에페리손염산염)",2019August13th,"서방성필름코팅정","환인제약(주)","흰색 내지 거의 흰색의 원형 서방성 필름코팅정",01220,"골격근이완제","전문의약품","단일","[M232172]에페리손염산염","분할불가","",20211125,2158136171
"분할주의",201905713,"페렉손서방정(에페리손염산염)",2019August13th,"서방성필름코팅정","동광제약(주)","흰색 내지 거의 흰색의 원형 서방성 필름코팅정",01220,"골격근이완제","전문의약품","단일","[M232172]에페리손염산염","분할불가","",20221223,2018644250
"분할주의",201905926,"에렉신서방정(에페리손염산염)",2019August21st,"서방성필름코팅정","한국휴텍스제약(주)","흰색 내지 거의 흰색의 원형 서방성 필름코팅정",01220,"골격근이완제","전문의약품","단일","[M232172]에페리손염산염","분할불가","",20211203,1128122382
"분할주의",201905928,"뮤렉신서방정(에페리손염산염)",2019August21st,"서방성필름코팅정","(주)비보존제약","흰색 내지 거의 흰색의 원형 서방성 필름코팅정",01220,"골격근이완제","전문의약품","단일","[M232172]에페리손염산염","분할불가","",20211027,1248199564
"분할주의",201905950,"엠페리손서방정(에페리손염산염)",2019August22nd,"서방성필름코팅정","(주)바이넥스","흰색 내지 거의 흰색의 원형 서방성 필름코팅정",01220,"골격근이완제","전문의약품","단일","[M232172]에페리손염산염","분할불가","",20211201,6038107005
"분할주의",201905951,"알페손서방정(에페리손염산염)",2019August22nd,"서방성필름코팅정","유니메드제약(주)","흰색 내지 거의 흰색의 원형 서방성 필름코팅정",01220,"골격근이완제","전문의약품","단일","[M232172]에페리손염산염","분할불가","",20211019,3128109048
"분할주의",201905953,"뮤릭손서방정(에페리손염산염)",2019August22nd,"서방성필름코팅정","(주)라이트팜텍","흰색 내지 거의 흰색의 원형 서방성 필름코팅정",01220,"골격근이완제","전문의약품","단일","[M232172]에페리손염산염","분할불가","",20230203,2048189630
"분할주의",201905954,"손페리서방정(에페리손염산염)",2019August22nd,"서방성필름코팅정","위더스제약(주)","흰색 내지 거의 흰색의 원형 서방정 필름코팅정",01220,"골격근이완제","전문의약품","단일","[M232172]에페리손염산염","분할불가","",20241114,1258522182
"분할주의",201906060,"에이펜CR서방정(아세클로페낙)",2019August26th,"서방성필름코팅정","대우제약(주)","흰색의 장방형 서방성 필름코팅정",01140,"해열.진통.소염제","전문의약품","단일","[M040359]아세클로페낙/[M040359]아세클로페낙","분할불가","",20240522,6038109769
"분할주의",201906109,"아클페낙CR서방정(아세클로페낙)",2019August28th,"서방성필름코팅정","엔비케이제약(주)","흰색의 장방형 서방성 필름코팅정",01140,"해열.진통.소염제","전문의약품","단일","[M040359]아세클로페낙/[M040359]아세클로페낙","분할불가","",20240717,2158640307
"분할주의",201906178,"에클로펜CR서방정(아세클로페낙)",2019August29th,"서방성필름코팅정","화일약품(주)","흰색의 장방형 서방성 필름코팅정",01140,"해열.진통.소염제","전문의약품","단일","[M040359]아세클로페낙/[M040359]아세클로페낙","분할불가","",20240625,1248127624
"분할주의",201906428,"프로탐스서방정0.2밀리그램(탐스로신염산염)",2019September11th,"서방성필름코팅정","주식회사케이에스제약","흰색의 원형 필름코팅정제",02590,"기타의 비뇨생식기관 및 항문용약","전문의약품","단일","[M243979]탐스로신염산염","분할불가","",20241029,6218801013
"분할주의",201906440,"탐시로서방캡슐0.2밀리그램(탐스로신염산염)",2019September11th,"서방성캡슐제, 펠렛","(주)한풍제약","흰색 내지 연한 노란색의 펠렛을 함유한 상의 살구색, 하의 흰색의 캡슐제",02590,"기타의 비뇨생식기관 및 항문용약","전문의약품","단일","[M243979]탐스로신염산염","분할불가","",20241029,4028532516
"분할주의",201906447,"엑스푸정40밀리그램(에스오메프라졸마그네슘삼수화물)",2019September16th,"장용성필름코팅정","주식회사케이에스제약","분홍색의 원형 필름코팅정",02320,"소화성궤양용제","전문의약품","단일","[M092321]에스오메프라졸마그네슘삼수화물","분할불가","",20240821,6218801013
"분할주의",201906448,"엑스푸정20밀리그램(에스오메프라졸마그네슘삼수화물)",2019September16th,"장용성필름코팅정","주식회사케이에스제약","분홍색의 원형 필름코팅정",02320,"소화성궤양용제","전문의약품","단일","[M092321]에스오메프라졸마그네슘삼수화물","분할불가","",20240821,6218801013
"분할주의",201906572,"오메프란캡슐20밀리그램(오메프라졸)",2019September19th,"경질캡슐제, 장용성과립제","(주)셀비온","미황색의 장용성 과립이 충진된 상부 적갈색, 하부분홍색의 경질캡슐제",02320,"소화성궤양용제","전문의약품","단일","[M112240]오메프라졸 장용성과립","분할불가","",20240327,2148863223
"분할주의",201906752,"다나탐스서방캡슐0.2mg(탐스로신염산염)",2019September24th,"서방성캡슐제, 펠렛","대원바이오텍주식회사","흰색 내지 연한 노란색의 펠렛을 함유한 상의 살구색, 하의 흰색의 캡슐제",02590,"기타의 비뇨생식기관 및 항문용약","전문의약품","단일","[M243979]탐스로신염산염","분할불가","",20241029,5458100235
"분할주의",201906769,"파리원정10mg(라베프라졸나트륨)",2019September25th,"장용성필름코팅정","대원바이오텍주식회사","담황색의 원형 장용 필름코팅정",02320,"소화성궤양용제","전문의약품","단일","[M089852]라베프라졸나트륨","분할불가","",20230603,5458100235
"분할주의",201906770,"파리원정20mg(라베프라졸나트륨)",2019September25th,"장용성필름코팅정","대원바이오텍주식회사","담황색의 원형 장용 필름코팅정",02320,"소화성궤양용제","전문의약품","단일","[M089852]라베프라졸나트륨","분할불가","",20230603,5458100235
"분할주의",201906797,"판타릴정40밀리그램(판토프라졸나트륨세스키히드레이트)",2019September25th,"장용성필름코팅정","아주약품(주)","황색의 장용성 제피를 한 타원형 정제",02320,"소화성궤양용제","전문의약품","단일","[M089465]판토프라졸나트륨세스키히드레이트","분할불가","",20230724,8028803696
"분할주의",201906798,"판타릴정20밀리그램(판토프라졸나트륨세스키히드레이트)",2019September25th,"장용성필름코팅정","아주약품(주)","황색의 장용성 제피를 한 타원형 정제",02320,"소화성궤양용제","전문의약품","단일","[M089465]판토프라졸나트륨세스키히드레이트","분할불가","",20230724,8028803696
"분할주의",201906865,"글루포민서방정500mg(메트포르민염산염)",2019September26th,"서방정","(주)보령바이오파마","흰색의 양면이 볼록한 장방형 서방정",03960,"당뇨병용제","전문의약품","단일","[M244179]메트포르민염산염","분할불가","",20230721,2088120633
"분할주의",201906866,"케이메트서방정(메트포르민염산염)",2019September26th,"서방정","(주)경보제약","흰색의 양면이 볼록한 장방형 서방정",03960,"당뇨병용제","전문의약품","단일","[M244179]메트포르민염산염","분할불가","",20230721,3128104567
"분할주의",201906868,"메트글루서방정500밀리그램(메트포르민염산염)",2019September26th,"서방정","(주)메디카코리아","흰색의 양면이 볼록한 장방형 서방정",03960,"당뇨병용제","전문의약품","단일","[M244179]메트포르민염산염","분할불가","",20230721,1208165228
"분할주의",201906877,"환인쿠에타핀서방정200밀리그램(쿠에티아핀푸마르산염)",2019September26th,"서방성필름코팅정","환인제약(주)","노란색의 장방형 서방성 필름코팅정",01170,"정신신경용제","전문의약품","단일","[M228429]쿠에티아핀푸마르산염","분할불가","",20250212,2158136171
"분할주의",201906878,"하루로신서방캡슐0.2밀리그램(탐스로신염산염)",2019September26th,"서방성캡슐제, 펠렛","(주)대웅제약","흰색 내지 연한 노란색의 펠렛을 함유한 상의 살구색, 하의 흰색의 캡슐제",02590,"기타의 비뇨생식기관 및 항문용약","전문의약품","단일","[M243979]탐스로신염산염","분할불가","",20241029,1248601143
"분할주의",201906975,"세타펜8시간이알서방정650밀리그램(아세트아미노펜)",2019September30th,"서방성필름코팅정","(주)보령바이오파마","흰색의 장방형 서방성 필름코팅정",01140,"해열.진통.소염제","일반의약품","단일","[M040353]아세트아미노펜/[M040353]아세트아미노펜","분할불가","",20251110,2088120633
"분할주의",201906996,"넬슨라베프라졸정10밀리그램(라베프라졸나트륨)",2019September30th,"장용성필름코팅정","한국넬슨제약(주)","담황색의 원형 장용 필름코팅정",02320,"소화성궤양용제","전문의약품","단일","[M089852]라베프라졸나트륨","분할불가","",20260116,3038111410
"분할주의",201906999,"키도멜라인장용정(브로멜라인)",2019October1st,"장용성필름코팅정","한국휴텍스제약(주)","분홍색의 원형 장용성 필름코팅정",03950,"효소제제","일반의약품","단일","[M095415]브로멜라인","분할불가","","",1128122382
"분할주의",201907042,"영진브로멜라인장용정100밀리그램",2019October2nd,"장용성필름코팅정","영진약품(주)","분홍색의 원형 장용성 필름코팅정",03950,"효소제제","일반의약품","단일","[M095415]브로멜라인","분할불가","","",2188100352
"분할주의",201907138,"넬슨라베프라졸정20밀리그램(라베프라졸나트륨)",2019October9th,"장용성필름코팅정","한국넬슨제약(주)","담황색의 원형 장용 필름코팅정",02320,"소화성궤양용제","전문의약품","단일","[M089852]라베프라졸나트륨","분할불가","",20260116,3038111410
"분할주의",201907157,"브로아제장용정(브로멜라인)",2019October10th,"장용성필름코팅정","위더스제약(주)","분홍색의 원형 장용성 필름코팅정",03950,"효소제제","일반의약품","단일","[M095415]브로멜라인","분할불가","","",1258522182
"분할주의",201907220,"탐스루신서방정0.2밀리그램(탐스로신염산염)",2019October14th,"서방성필름코팅정","(주)중헌제약","흰색의 원형 필름코팅정제",02590,"기타의 비뇨생식기관 및 항문용약","전문의약품","단일","[M243979]탐스로신염산염","분할불가","",20251229,3178142585
"분할주의",201907320,"트라세타서방정(아세트아미노펜,트라마돌)",2019October17th,"서방성필름코팅정","(주)대웅제약","연한 노란색의 장방형 서방성 필름코팅정",01140,"해열.진통.소염제","전문의약품","복합","[M040353]아세트아미노펜/[M040353]아세트아미노펜/[M222893]트라마돌염산염","분할불가","",20260219,1248601143
"분할주의",201907323,"트라세타세미서방정(아세트아미노펜,트라마돌)",2019October17th,"서방성필름코팅정","(주)대웅제약","연한 노란색의 원형 서방성 필름코팅정",01140,"해열.진통.소염제","전문의약품","복합","[M040353]아세트아미노펜/[M040353]아세트아미노펜/[M222893]트라마돌염산염","분할불가","",20260219,1248601143
"분할주의",201907359,"알루날서방캡슐0.2밀리그램(탐스로신염산염)",2019October21st,"서방성캡슐제, 펠렛","알리코제약(주)","흰색 내지 연한 노란색의 펠렛을 함유한 상의 살구색, 하의 흰색의 캡슐제",02590,"기타의 비뇨생식기관 및 항문용약","전문의약품","단일","[M243979]탐스로신염산염","분할불가","",20241029,1348115033
"분할주의",201907361,"팜스로신서방캡슐0.2mg(탐스로신염산염)",2019October21st,"서방성캡슐제, 펠렛","(주)라이트팜텍","흰색 내지 연한 노란색의 펠렛을 함유한 상의 살구색, 하의 흰색의 캡슐제",02590,"기타의 비뇨생식기관 및 항문용약","전문의약품","단일","[M241531]탐스로신염산염","분할불가","",20241029,2048189630
"분할주의",201907418,"사포필서방정300밀리그램(사르포그렐레이트염산염)",2019October23rd,"서방성필름코팅정","건일바이오팜주식회사","흰색의 장방형 필름코팅정",03390,"기타의 혈액 및 체액용약","전문의약품","단일","[M261406]사르포그렐레이트염산염/[M261406]사르포그렐레이트염산염","분할불가","",20210406,6848801858
"분할주의",201907419,"사포레서방정300밀리그램(사르포그렐레이트염산염)",2019October23rd,"서방성필름코팅정","(주)한풍제약","흰색의 장방형 필름코팅정",03390,"기타의 혈액 및 체액용약","전문의약품","단일","[M261406]사르포그렐레이트염산염/[M261406]사르포그렐레이트염산염","분할불가","",20210331,4028532516
"분할주의",201907548,"메로타제장용정(브로멜라인)",2019October29th,"장용성필름코팅정","삼천당제약(주)","분홍색의 원형 장용성 필름코팅정",03950,"효소제제","일반의약품","단일","[M095415]브로멜라인","분할불가","","",1248104295
"분할주의",201907601,"에페라SR정(에페리손염산염)",2019October31st,"서방성필름코팅정","하나제약(주)","흰색 내지 거의 흰색의 원형 서방성 필름코팅정",01220,"골격근이완제","전문의약품","단일","[M232172]에페리손염산염","분할불가","",20200528,1248137632
"분할주의",201907605,"에릭손SR정(에페리손염산염)",2019October31st,"서방성필름코팅정","국제약품(주)","흰색 내지 거의 흰색의 원형 서방성 필름코팅정",01220,"골격근이완제","전문의약품","단일","[M232172]에페리손염산염","분할불가","",20200528,2078100309
"분할주의",201907606,"에페리신SR정(에페리손염산염)",2019October31st,"서방성필름코팅정","이연제약(주)","흰색 내지 거의 흰색의 원형 서방성 필름코팅정",01220,"골격근이완제","전문의약품","단일","[M232172]에페리손염산염","분할불가","",20200528,3018505394
"분할주의",201907607,"퍼킨씨알정50-200밀리그램(카르비도파, 레보도파)",2019October31st,"서방정","명인제약(주)","보라색 점박무늬의 타원형 정제",01190,"기타의 중추신경용약","전문의약품","복합","[M256275]카르비도파수화물/[M040122]레보도파","분할불가","",20230822,1248118673
"분할주의",201907717,"대원바이오텍실로스타졸서방캡슐200mg",2019November5th,"서방성캡슐제, 펠렛","대원바이오텍주식회사","흰색 또는 연한 황색의 과립을 포함하는 상하 흰색의 경질캡슐제",03390,"기타의 혈액 및 체액용약","전문의약품","단일","[M070044]실로스타졸","분할불가","",20241206,5458100235
"분할주의",201907718,"대원바이오텍실로스타졸서방캡슐100mg",2019November5th,"서방성캡슐제, 펠렛","대원바이오텍주식회사","흰색 또는 연한 황색의 과립을 포함하는 상하 흰색의 경질캡슐제",03390,"기타의 혈액 및 체액용약","전문의약품","단일","[M070044]실로스타졸","분할불가","",20241206,5458100235
"분할주의",201907883,"로멜라인장용정(브로멜라인)",2019November12th,"장용성필름코팅정","에스케이케미칼(주)","분홍색의 원형 장용성 필름코팅정",03950,"효소제제","일반의약품","단일","[M095415]브로멜라인","분할불가","",20240813,8468100915
"분할주의",201907927,"브로엘장용정(브로멜라인)",2019November14th,"장용성필름코팅정","에이치엘비제약(주)","분홍색의 원형 장용성 필름코팅정",03950,"효소제제","일반의약품","단일","[M095415]브로멜라인","분할불가","",20250723,2088125623
"분할주의",201908081,"라베라엠정20밀리그램(라베프라졸나트륨)",2019November26th,"장용성필름코팅정","맥널티제약(주)","담황색의 원형 장용 필름코팅정",02320,"소화성궤양용제","전문의약품","단일","[M089852]라베프라졸나트륨","분할불가","",20230603,2998102136
"분할주의",201908173,"에페리스SR정(에페리손염산염)",2019November29th,"서방성필름코팅정","(주)씨엠지제약","흰색 내지 거의 흰색의 원형 서방성 필름코팅정",01220,"골격근이완제","전문의약품","단일","[M232172]에페리손염산염","분할불가","",20200528,1348171976
"분할주의",201908174,"동구에페리손서방정(에페리손염산염)",2019November29th,"서방성필름코팅정","(주)동구바이오제약","흰색 내지 거의 흰색의 원형 서방성 필름코팅정",01220,"골격근이완제","전문의약품","단일","[M232172]에페리손염산염","분할불가","",20200528,1248533615
"분할주의",201908287,"라피에스정10밀리그램(라베프라졸나트륨)",2019December8th,"장용성필름코팅정","(주)유앤생명과학","담황색의 원형 장용 필름코팅정",02320,"소화성궤양용제","전문의약품","단일","[M089852]라베프라졸나트륨","분할불가","",20230603,8498700314
"분할주의",201908288,"라피에스정20밀리그램(라베프라졸나트륨)",2019December8th,"장용성필름코팅정","(주)유앤생명과학","담황색의 원형 장용 필름코팅정",02320,"소화성궤양용제","전문의약품","단일","[M089852]라베프라졸나트륨","분할불가","",20230603,8498700314
"분할주의",201908506,"탐스렌서방캡슐0.2밀리그램(탐스로신염산염)",2019December18th,"서방성캡슐제, 펠렛","엔비케이제약(주)","흰색 내지 연한 노란색의 펠렛을 함유한 상의 살구색, 하의 흰색의 캡슐제",02590,"기타의 비뇨생식기관 및 항문용약","전문의약품","단일","[M243979]탐스로신염산염","분할불가","",20241029,2158640307
"분할주의",201908622,"에펙스SR서방정(에페리손염산염)",2019December24th,"서방성필름코팅정","알보젠코리아(주)","흰색 내지 거의 흰색의 원형 서방성 필름코팅정",01220,"골격근이완제","전문의약품","단일","[M232172]에페리손염산염","분할불가","",20200528,2158121950
"분할주의",201908623,"글로에리손SR서방정(에페리손염산염)",2019December24th,"서방성필름코팅정","(주)킵스바이오파마","흰색 내지 거의 흰색의 원형 서방성 필름코팅정",01220,"골격근이완제","전문의약품","단일","[M232172]에페리손염산염","분할불가","",20200528,2098126571
"분할주의",201908624,"뮤페리손SR서방정(에페리손염산염)",2019December24th,"서방성필름코팅정","(주)한국피엠지제약","흰색 내지 거의 흰색의 원형 서방성 필름코팅정",01220,"골격근이완제","전문의약품","단일","[M232172]에페리손염산염","분할불가","",20260520,1348627965
"분할주의",201908625,"에펜서방정(에페리손염산염)",2019December24th,"서방성필름코팅정","경동제약(주)","흰색 내지 거의 흰색의 원형 서방성 필름코팅정",01220,"골격근이완제","전문의약품","단일","[M232172]에페리손염산염","분할불가","",20200528,1248135518
"분할주의",201908675,"판토원정40밀리그램(판토프라졸나트륨세스키히드레이트)",2019December27th,"장용성필름코팅정","하나제약(주)","황색의 장용성 제피를 한 타원형 정제",02320,"소화성궤양용제","전문의약품","단일","[M089465]판토프라졸나트륨세스키히드레이트","분할불가","",20230724,1248137632
"분할주의",201908676,"판토원정20밀리그램(판토프라졸나트륨세스키히드레이트)",2019December27th,"장용성필름코팅정","하나제약(주)","황색의 장용성 제피를 한 타원형 정제",02320,"소화성궤양용제","전문의약품","단일","[M089465]판토프라졸나트륨세스키히드레이트","분할불가","",20230724,1248137632
"분할주의",201908699,"대원바이오텍에페리손서방정(에페리손염산염)",2019December30th,"서방성필름코팅정","대원바이오텍주식회사","흰색 내지 거의 흰색의 원형 서방성 필름코팅정",01220,"골격근이완제","전문의약품","단일","[M232172]에페리손염산염","분할불가","",20250912,5458100235
"분할주의",202000084,"다이비스엑스알정500밀리그램",2020January6th,"서방정","신풍제약(주)","흰색의 양면이 볼록한 장방형 서방정",03960,"당뇨병용제","전문의약품","단일","[M244179]메트포르민염산염","분할불가","",20230721,1348103819
"분할주의",202000112,"브이멜라인장용정(브로멜라인)",2020January8th,"장용성필름코팅정","주식회사더유제약","분홍색의 원형 장용성 필름코팅정",03950,"효소제제","일반의약품","단일","[M095415]브로멜라인","분할불가","",20241212,1138669177
"분할주의",202000135,"아란프캡슐30밀리그램(란소프라졸과립)",2020January8th,"경질캡슐제, 장용성과립제","(주)아리제약","흰색 또는 거의 흰색의 구형 또는 타원형의 과립을 충전한 상하 흰색의 경질캡슐제",02320,"소화성궤양용제","전문의약품","단일","[M091244]란소프라졸과립","분할불가","",20240913,4748600767
"분할주의",202000161,"글루파엑스알서방정1000밀리그램(메트포르민염산염)",2020January10th,"서방성필름코팅정","(주)다림바이오텍","흰색의 장방형 서방성 필름코팅정",03960,"당뇨병용제","전문의약품","단일","[M244179]메트포르민염산염","분할불가","",20230721,1248177594
"분할주의",202000205,"아셀로CR서방정200밀리그램(아세클로페낙)",2020January13th,"서방성필름코팅정","일성아이에스(주)","흰색의 장방형 서방성 필름코팅정",01140,"해열.진통.소염제","전문의약품","단일","[M040359]아세클로페낙/[M040359]아세클로페낙","분할불가","",20240717,1068100710
"분할주의",202000409,"인베가서방정9밀리그램(팔리페리돈)",2020January28th,"서방성필름코팅정","(주)한국얀센","분홍색의 캡슐모양 서방성 필름코팅정제",01170,"정신신경용제","전문의약품","단일","[M220478]팔리페리돈/[M220478]팔리페리돈","분할불가","",20221026,1208111440
"분할주의",202000410,"인베가서방정3밀리그램(팔리페리돈)",2020January28th,"서방성필름코팅정","(주)한국얀센","흰색의 캡슐모양 서방성 필름코팅정제",01170,"정신신경용제","전문의약품","단일","[M220478]팔리페리돈/[M220478]팔리페리돈","분할불가","",20221026,1208111440
"분할주의",202000411,"인베가서방정6밀리그램(팔리페리돈)",2020January28th,"서방성필름코팅정","(주)한국얀센","흐린 노란색의 캡슐모양 서방성 필름코팅정제",01170,"정신신경용제","전문의약품","단일","[M220478]팔리페리돈/[M220478]팔리페리돈","분할불가","",20221026,1208111440
"분할주의",202000437,"판토라졸정40밀리그램(판토프라졸나트륨세스키히드레이트)",2020January28th,"장용성필름코팅정","(주)한국파비스제약","노란색의 장용성 제피를 한 타원형 정제",02320,"소화성궤양용제","전문의약품","단일","[M089465]판토프라졸나트륨세스키히드레이트","분할불가","",20230724,2838501407
"분할주의",202000438,"판토라졸정20밀리그램(판토프라졸나트륨세스키히드레이트)",2020January28th,"장용성필름코팅정","(주)한국파비스제약","노란색의 장용성 제피를 한 타원형 정제",02320,"소화성궤양용제","전문의약품","단일","[M089465]판토프라졸나트륨세스키히드레이트","분할불가","",20230724,2838501407
"분할주의",202000443,"뮤페신서방정(에페리손염산염)",2020January28th,"서방성필름코팅정","(주)메디카코리아","흰색 내지 거의 흰색의 원형 서방성 필름코팅정",01220,"골격근이완제","전문의약품","단일","[M232172]에페리손염산염","분할불가","",20200528,1208165228
"분할주의",202000469,"실로켐씨알정200밀리그램(실로스타졸)",2020January29th,"서방정","한국바이오켐제약(주)","흰색의 장방형 서방정",03390,"기타의 혈액 및 체액용약","전문의약품","단일","[M070044]실로스타졸","분할불가","",20210111,3078130710
"분할주의",202000539,"탐스콘서방캡슐0.2밀리그램(탐스로신염산염)",2020February3rd,"서방성캡슐제, 펠렛","(주)텔콘알에프제약","흰색 내지 연한 노란색의 펠렛을 함유한 상의 살구색, 하의 흰색의 캡슐제",02590,"기타의 비뇨생식기관 및 항문용약","전문의약품","단일","[M243979]탐스로신염산염","분할불가","",20241029,5968500925
"분할주의",202000791,"브멜라인장용정(브로멜라인)",2020February10th,"장용성필름코팅정","(주)제뉴파마","분홍색의 원형 장용성 필름코팅정",03950,"효소제제","일반의약품","단일","[M095415]브로멜라인","분할불가","","",7338802047
"분할주의",202000960,"세페리손서방정(에페리손염산염)",2020February14th,"서방성필름코팅정","(주)셀트리온제약","흰색 내지 거의 흰색의 원형 서방성 필름코팅정",01220,"골격근이완제","전문의약품","단일","[M232172]에페리손염산염","분할불가","",20211207,2148671641
"분할주의",202001013,"파렌스장용정",2020February14th,"장용정","지엘파마(주)","한쪽면에 적색의 하트 그림이 새겨진 원형의 흰색 장용코팅정제",02350,"최토제, 진토제","전문의약품","복합","[M204304]피리독신염산염/[M250452]독시라민숙신산염","분할불가","",20200227,1238114470
"분할주의",202001084,"대웅바이오에페리손서방정(에페리손염산염)",2020February17th,"서방성필름코팅정","대웅바이오(주)","흰색 내지 거의 흰색의 원형 서방성 필름코팅정",01220,"골격근이완제","전문의약품","단일","[M232172]에페리손염산염","분할불가","",20220725,1248677584
"분할주의",202001225,"에바슈도서방캡슐",2020February20th,"서방성캡슐제, 펠렛","건일바이오팜주식회사","백색 내지 회백색의 구형과립이 들어있는 상하부 적색의 경질캡슐",01410,"항히스타민제","전문의약품","복합","[M203364]슈도에페드린염산염/[M085337]에바스틴","분할불가","",20250730,6848801858
"분할주의",202001323,"타노셋서방정",2020February25th,"서방성필름코팅정","대원바이오텍주식회사","연한 노란색의 장방형 서방성 필름코팅정",01140,"해열.진통.소염제","전문의약품","복합","[M040353]아세트아미노펜/[M040353]아세트아미노펜/[M255410]트라마돌염산염","분할불가","",20260324,5458100235
"분할주의",202001324,"타노셋세미서방정",2020February25th,"서방성필름코팅정","대원바이오텍주식회사","연한 노란색의 원형 서방성 필름코팅정",01140,"해열.진통.소염제","전문의약품","복합","[M040353]아세트아미노펜/[M040353]아세트아미노펜/[M255410]트라마돌염산염","분할불가","",20260324,5458100235
"분할주의",202001452,"멜라토서방정2밀리그램(멜라토닌)",2020March2nd,"서방정","한림제약(주)","흰색 내지 회백색의 양면이 볼록한 원형 정제",01120,"최면진정제","전문의약품","단일","[M278007]멜라토닌","분할불가","",20210719,1358102638
"분할주의",202001453,"슬라밸서방정2밀리그램(멜라토닌)",2020March2nd,"서방정","(주)씨엠지제약","흰색 내지 회백색의 양면이 볼록한 원형 정제",01120,"최면진정제","전문의약품","단일","[M278007]멜라토닌","분할불가","",20210719,1348171976
"분할주의",202001489,"삼성아스피린장용정100밀리그램",2020March3rd,"장용성필름코팅정","삼성제약(주)","흰색의 원형 장용성 필름코팅정",02190,"기타의 순환계용약","일반의약품","단일","[M040355]아스피린","분할불가","",20250415,2078100726
"분할주의",202001519,"사플리트서방정300밀리그램(사르포그렐레이트염산염)",2020March4th,"서방성필름코팅정","(주)보령바이오파마","흰색의 장방형 필름코팅정",03390,"기타의 혈액 및 체액용약","전문의약품","단일","[M261406]사르포그렐레이트염산염/[M261406]사르포그렐레이트염산염","분할불가","",20210706,2088120633
"분할주의",202001858,"러츠날서방정0.2밀리그램(탐스로신염산염)",2020March17th,"서방성필름코팅정","알보젠코리아(주)","흰색의 원형 필름코팅정제",02590,"기타의 비뇨생식기관 및 항문용약","전문의약품","단일","[M243979]탐스로신염산염","분할불가","",20241029,2158121950
"분할주의",202001874,"탐스그린서방정0.2밀리그램(탐스로신염산염)",2020March17th,"서방성필름코팅정","(주)엘앤씨바이오","흰색의 원형 필름코팅정제",02590,"기타의 비뇨생식기관 및 항문용약","전문의약품","단일","[M243979]탐스로신염산염","분할불가","",20241029,1298664008
"분할주의",202002030,"동화메트포르민서방정500밀리그램(메트포르민염산염)",2020March24th,"서방정","동화약품(주)","흰색의 양면이 볼록한 장방형 서방정",03960,"당뇨병용제","전문의약품","단일","[M244179]메트포르민염산염","분할불가","",20230721,1108100102
"분할주의",202002031,"메토포르서방정(메트포르민염산염)",2020March24th,"서방정","명문제약(주)","흰색의 양면이 볼록한 장방형 서방정",03960,"당뇨병용제","전문의약품","단일","[M244179]메트포르민염산염","분할불가","",20230721,1248135615
"분할주의",202002032,"뉴메트서방정500밀리그램(메트포르민염산염)",2020March24th,"서방정","하나제약(주)","흰색의 양면이 볼록한 장방형 서방정",03960,"당뇨병용제","전문의약품","단일","[M244179]메트포르민염산염","분할불가","",20240703,1248137632
"분할주의",202002062,"리넥신서방정",2020March24th,"서방성필름코팅정","에스케이케미칼(주)","연두색의 타원형 서방성 필름코팅정",03390,"기타의 혈액 및 체액용약","전문의약품","복합","[M070044]실로스타졸/[M088948]은행엽건조엑스","분할불가","",20250716,8468100915
"분할주의",202002173,"타이몰8시간이알서방정650밀리그램(아세트아미노펜)",2020March30th,"서방성필름코팅정","(주)동구바이오제약","흰색의 장방형 서방성 필름코팅정",01140,"해열.진통.소염제","일반의약품","단일","[M040353]아세트아미노펜/[M040353]아세트아미노펜","분할불가","",20251110,1248533615
"분할주의",202002246,"셀레베타서방정50밀리그램(미라베그론)",2020March31st,"서방성필름코팅정","(주)종근당","밝은 황갈색 내지 황갈색의 달걀형 필름코팅 서방정",02590,"기타의 비뇨생식기관 및 항문용약","전문의약품","단일","[M258610]미라베그론","분할불가","",20250725,3128560679
"분할주의",202002247,"미라벡서방정50밀리그램(미라베그론)",2020March31st,"서방성필름코팅정","한미약품(주)","노란색의 타원형 필름코팅 서방정제",02590,"기타의 비뇨생식기관 및 항문용약","전문의약품","단일","[M258610]미라베그론","분할불가","",20210116,1248700613
"분할주의",202002250,"포그렐서방정300밀리그램(사르포그렐레이트염산염)",2020March31st,"서방성필름코팅정","알리코제약(주)","흰색의 장방형 필름코팅정",03390,"기타의 혈액 및 체액용약","전문의약품","단일","[M261406]사르포그렐레이트염산염/[M261406]사르포그렐레이트염산염","분할불가","",20210317,1348115033
"분할주의",202002354,"디너지아장용정",2020April3rd,"장용정","신풍제약(주)","한쪽면에 적색의 임산부 그림이 새겨진 원형의 흰색 장용코팅정제",02350,"최토제, 진토제","전문의약품","복합","[M204304]피리독신염산염/[M250452]독시라민숙신산염","분할불가","","",1348103819
"분할주의",202002384,"라벤다정10밀리그램(라베프라졸나트륨)",2020April6th,"장용성필름코팅정","(주)엘앤씨바이오","담황색의 원형 장용필름코팅정제",02320,"소화성궤양용제","전문의약품","단일","[M089852]라베프라졸나트륨","분할불가","",20230603,1298664008
"분할주의",202002385,"라벤다정20밀리그램(라베프라졸나트륨)",2020April6th,"장용성필름코팅정","(주)엘앤씨바이오","담황색의 원형 장용필름코팅정제",02320,"소화성궤양용제","전문의약품","단일","[M089852]라베프라졸나트륨","분할불가","",20230603,1298664008
"분할주의",202002451,"이지모닝장용정",2020April7th,"장용정","(주)보령바이오파마","한쪽면에 적색의 임산부 그림이 새겨진 흰색의 원형 장용코팅정제",02350,"최토제, 진토제","전문의약품","복합","[M204304]피리독신염산염/[M250452]독시라민숙신산염","분할불가","","",2088120633
"분할주의",202002455,"데스베라서방정50밀리그램(데스벤라팍신벤조산염)",2020April7th,"서방성필름코팅정","(주)넥스팜코리아","엷은 분홍색의 정사각형 서방성 필름코팅정",01170,"정신신경용제","전문의약품","단일","[M268768]데스벤라팍신벤조산염","분할불가","",20250203,3018125427
"분할주의",202002456,"데스베라서방정100밀리그램(데스벤라팍신벤조산염)",2020April7th,"서방성필름코팅정","(주)넥스팜코리아","주홍색의 정사각형 서방성 필름코팅정",01170,"정신신경용제","전문의약품","단일","[M268768]데스벤라팍신벤조산염","분할불가","",20250926,3018125427
"분할주의",202002484,"플랜라인정45밀리그램(브로멜라인)",2020April8th,"장용성필름코팅정","대한뉴팜(주)","연한 분홍색의 타원형 장용성 필름코팅정",03950,"효소제제","일반의약품","단일","[M095415]브로멜라인","분할불가","",20210727,2298110729
"분할주의",202002487,"비나크린서방정300밀리그램(사르포그렐레이트염산염)",2020April8th,"서방성필름코팅정","(주)셀트리온제약","흰색의 장방형 필름코팅정",03390,"기타의 혈액 및 체액용약","전문의약품","단일","[M261406]사르포그렐레이트염산염/[M261406]사르포그렐레이트염산염","분할불가","","",2148671641
"분할주의",202002520,"베아셋세미서방정",2020April9th,"서방성필름코팅정","대웅바이오(주)","연한 노란색의 원형 서방성 필름코팅정",01140,"해열.진통.소염제","전문의약품","복합","[M040353]아세트아미노펜/[M040353]아세트아미노펜/[M255410]트라마돌염산염","분할불가","",20260219,1248677584
"분할주의",202002521,"베아셋서방정",2020April9th,"서방성필름코팅정","대웅바이오(주)","연한 노란색의 장방형 서방성 필름코팅정",01140,"해열.진통.소염제","전문의약품","복합","[M040353]아세트아미노펜/[M040353]아세트아미노펜/[M255410]트라마돌염산염","분할불가","",20260219,1248677584
"분할주의",202002522,"건트라셋세미서방정",2020April9th,"서방성필름코팅정","건일바이오팜주식회사","연한 노란색의 원형 서방성 필름코팅정",01140,"해열.진통.소염제","전문의약품","복합","[M040353]아세트아미노펜/[M040353]아세트아미노펜/[M255410]트라마돌염산염","분할불가","",20260219,6848801858
"분할주의",202002523,"건트라셋서방정",2020April9th,"서방성필름코팅정","건일바이오팜주식회사","연한 노란색의 장방형 서방성 필름코팅정",01140,"해열.진통.소염제","전문의약품","복합","[M040353]아세트아미노펜/[M040353]아세트아미노펜/[M255410]트라마돌염산염","분할불가","",20260219,6848801858
"분할주의",202002542,"브로라제장용정(브로멜라인)",2020April10th,"장용성필름코팅정","(주)킵스바이오파마","분홍색의 원형 장용성 필름코팅정",03950,"효소제제","일반의약품","단일","[M095415]브로멜라인","분할불가","","",2098126571
"분할주의",202002584,"타미날서방캡슐0.4밀리그램(탐스로신염산염)",2020April13th,"서방성캡슐제, 펠렛","주식회사제뉴원사이언스","흰색 내지 연한 노란색의 펠렛을 함유한 상, 하부 흐린 노란 주황색의 경질캡슐",02590,"기타의 비뇨생식기관 및 항문용약","전문의약품","단일","[M243979]탐스로신염산염","분할불가","",20230202,6218542600
"분할주의",202002604,"프리렉틴장용정",2020April13th,"장용정","한화제약(주)","한쪽면에 적색의 원형 및 하트 그림이 새겨진 원형의 흰색 장용코팅정제",02350,"최토제, 진토제","전문의약품","복합","[M204304]피리독신염산염/[M250452]독시라민숙신산염","분할불가","","",1358104771
"분할주의",202002673,"딜라트렌에스알정8밀리그램(카르베딜롤)",2020April16th,"서방정","(주)종근당","분홍색의 장방형 서방정",02140,"혈압강하제","전문의약품","단일","[M259204]카르베딜롤과립","분할불가","",20230217,3128560679
"분할주의",202002674,"딜라트렌에스알정16밀리그램(카르베딜롤)",2020April16th,"서방정","(주)종근당","노란색의 타원형 서방정",02140,"혈압강하제","전문의약품","단일","[M259204]카르베딜롤과립","분할불가","",20230217,3128560679
"분할주의",202002719,"탐스민서방정0.4밀리그램(탐스로신염산염)",2020April17th,"서방성필름코팅정","(주)테라젠이텍스","흰색의 원형 서방성 필름코팅정",02590,"기타의 비뇨생식기관 및 항문용약","전문의약품","단일","[M243979]탐스로신염산염","분할불가","",20260609,1348545665
"분할주의",202002720,"탐스웰서방정0.4밀리그램(탐스로신염산염)",2020April17th,"서방성필름코팅정","대원제약(주)","흰색의 원형 서방성 필름코팅정",02590,"기타의 비뇨생식기관 및 항문용약","전문의약품","단일","[M243979]탐스로신염산염","분할불가","",20230411,2078136336
"분할주의",202002721,"탐로스타서방정0.4밀리그램(탐스로신염산염)",2020April17th,"서방성필름코팅정","에이치케이이노엔(주)","흰색의 원형 서방성 필름코팅정",02590,"기타의 비뇨생식기관 및 항문용약","전문의약품","단일","[M243979]탐스로신염산염","분할불가","",20240112,2018638914
"분할주의",202002724,"탐스로서방정0.4밀리그램(탐스로신염산염)",2020April17th,"서방성필름코팅정","코오롱제약(주)","흰색의 원형 서방성 필름코팅정",02590,"기타의 비뇨생식기관 및 항문용약","전문의약품","단일","[M243979]탐스로신염산염","분할불가","",20230202,3068507363
"분할주의",202002725,"탐스트로서방정0.4밀리그램(탐스로신염산염)",2020April17th,"서방성필름코팅정","한국유나이티드제약(주)","흰색의 원형 서방성 필름코팅정",02590,"기타의 비뇨생식기관 및 항문용약","전문의약품","단일","[M243979]탐스로신염산염","분할불가","",20230202,3078105244
"분할주의",202002726,"탐스에이블서방정0.4밀리그램(탐스로신염산염)",2020April17th,"서방성필름코팅정","케이엠에스제약(주)","흰색의 원형 서방성 필름코팅정",02590,"기타의 비뇨생식기관 및 항문용약","전문의약품","단일","[M243979]탐스로신염산염","분할불가","",20230202,1248150810
"분할주의",202002727,"프라탐서방정0.4밀리그램(탐스로신염산염)",2020April17th,"서방성필름코팅정","(주)팜젠사이언스","흰색의 원형 서방성 필름코팅정",02590,"기타의 비뇨생식기관 및 항문용약","전문의약품","단일","[M243979]탐스로신염산염","분할불가","",20230202,1248136540
"분할주의",202002728,"유로신서방정0.4밀리그램(탐스로신염산염)",2020April17th,"서방성필름코팅정","(주)화이트생명과학","흰색의 원형 서방성 필름코팅정",02590,"기타의 비뇨생식기관 및 항문용약","전문의약품","단일","[M243979]탐스로신염산염","분할불가","",20230202,2208843940
"분할주의",202002729,"삼성탐스로신서방정0.4밀리그램(탐스로신염산염)",2020April17th,"서방성필름코팅정","삼성제약(주)","흰색의 원형 서방성 필름코팅정",02590,"기타의 비뇨생식기관 및 항문용약","전문의약품","단일","[M243979]탐스로신염산염","분할불가","",20230202,2078100726
"분할주의",202002730,"러츠날서방정0.4밀리그램(탐스로신염산염)",2020April17th,"서방성필름코팅정","알보젠코리아(주)","흰색의 원형 서방성 필름코팅정",02590,"기타의 비뇨생식기관 및 항문용약","전문의약품","단일","[M243979]탐스로신염산염","분할불가","",20230202,2158121950
"분할주의",202002731,"타로신서방정0.4밀리그램(탐스로신염산염)",2020April17th,"서방성필름코팅정","대한뉴팜(주)","흰색의 원형 서방성 필름코팅정",02590,"기타의 비뇨생식기관 및 항문용약","전문의약품","단일","[M243979]탐스로신염산염","분할불가","",20230202,2298110729
"분할주의",202002734,"바이넥스탐스로신염산염서방정0.4밀리그램",2020April17th,"서방성필름코팅정","(주)바이넥스","흰색의 원형 서방성 필름코팅정",02590,"기타의 비뇨생식기관 및 항문용약","전문의약품","단일","[M243979]탐스로신염산염","분할불가","",20230202,6038107005
"분할주의",202002735,"탐수로신서방정0.4밀리그램(탐스로신염산염)",2020April17th,"서방성필름코팅정","대우제약(주)","흰색의 원형 서방성 필름코팅정",02590,"기타의 비뇨생식기관 및 항문용약","전문의약품","단일","[M243979]탐스로신염산염","분할불가","",20230202,6038109769
"분할주의",202002736,"유로파서방정0.4밀리그램(탐스로신염산염)",2020April17th,"서방성필름코팅정","(주)동구바이오제약","흰색의 원형 서방성 필름코팅정",02590,"기타의 비뇨생식기관 및 항문용약","전문의약품","단일","[M243979]탐스로신염산염","분할불가","",20230202,1248533615
"분할주의",202002745,"가스티젠에스알정15밀리그램(모사프리드시트르산염수화물)",2020April17th,"서방성필름코팅정","(주)비보존제약","분홍색의 장방형 서방성 필름코팅정제",02390,"기타의 소화기관용약","전문의약품","단일","[M234050]모사프리드시트르산염수화물/[M234050]모사프리드시트르산염수화물","분할불가","",20220310,1248199564
"분할주의",202002746,"모사틴서방정15밀리그램(모사프리드시트르산염수화물)",2020April17th,"서방성필름코팅정","(주)팜젠사이언스","분홍색의 장방형 서방성 필름코팅정제",02390,"기타의 소화기관용약","전문의약품","단일","[M234050]모사프리드시트르산염수화물/[M234050]모사프리드시트르산염수화물","분할불가","",20220525,1248136540
"분할주의",202002747,"건스모틴에스알정15밀리그램(모사프리드시트르산염수화물)",2020April17th,"서방성필름코팅정","건일바이오팜주식회사","분홍색의 장방형 서방성 필름코팅정제",02390,"기타의 소화기관용약","전문의약품","단일","[M234050]모사프리드시트르산염수화물/[M234050]모사프리드시트르산염수화물","분할불가","",20221207,6848801858
"분할주의",202002748,"가스피란에스알정15밀리그램(모사프리드시트르산염수화물)",2020April17th,"서방성필름코팅정","영진약품(주)","분홍색의 장방형 서방성 필름코팅정제",02390,"기타의 소화기관용약","전문의약품","단일","[M234050]모사프리드시트르산염수화물/[M234050]모사프리드시트르산염수화물","분할불가","",20220707,2188100352
"분할주의",202002749,"가스젯에스알정15밀리그램(모사프리드시트르산염수화물)",2020April17th,"서방성필름코팅정","대웅바이오(주)","분홍색의 장방형 서방성 필름코팅정제",02390,"기타의 소화기관용약","전문의약품","단일","[M253090]모사프리드시트르산염수화물/[M253090]모사프리드시트르산염수화물","분할불가","",20220419,1248677584
"분할주의",202002750,"모노틴에스알정15밀리그램(모사프리드시트르산염수화물)",2020April17th,"서방성필름코팅정","하나제약(주)","분홍색의 장방형 서방성 필름코팅정제",02390,"기타의 소화기관용약","전문의약품","단일","[M234050]모사프리드시트르산염수화물/[M234050]모사프리드시트르산염수화물","분할불가","",20220310,1248137632
"분할주의",202002803,"판포졸정40밀리그램(판토프라졸나트륨세스키히드레이트)",2020April21st,"장용성필름코팅정","건일바이오팜주식회사","황색의 장용성 제피를 한 타원형 정제",02320,"소화성궤양용제","전문의약품","단일","[M089465]판토프라졸나트륨세스키히드레이트","분할불가","",20230724,6848801858
"분할주의",202002804,"판포졸정20밀리그램(판토프라졸나트륨세스키히드레이트)",2020April21st,"장용성필름코팅정","건일바이오팜주식회사","황색의 장용성 제피를 한 타원형 정제",02320,"소화성궤양용제","전문의약품","단일","[M089465]판토프라졸나트륨세스키히드레이트","분할불가","",20230724,6848801858
"분할주의",202002825,"가나모티에스알정15밀리그램(모사프리드시트르산염수화물)",2020April21st,"서방성필름코팅정","이연제약(주)","분홍색의 장방형 서방성 필름코팅정",02390,"기타의 소화기관용약","전문의약품","단일","[M234050]모사프리드시트르산염수화물/[M234050]모사프리드시트르산염수화물","분할불가","",20220707,3018505394
"분할주의",202002868,"모사원서방정15밀리그램(모사프리드시트르산염수화물)",2020April22nd,"서방성필름코팅정","케이엠에스제약(주)","분홍색의 장방형 서방성 필름코팅정제",02390,"기타의 소화기관용약","전문의약품","단일","[M234050]모사프리드시트르산염수화물/[M234050]모사프리드시트르산염수화물","분할불가","",20220310,1248150810
"분할주의",202002869,"프라임모사프리드에스알정15밀리그램(모사프리드시트르산염수화물)",2020April22nd,"서방성필름코팅정","한국프라임제약(주)","분홍색의 장방형 서방성 필름코팅정제",02390,"기타의 소화기관용약","전문의약품","단일","[M234050]모사프리드시트르산염수화물/[M234050]모사프리드시트르산염수화물","분할불가","",20220315,4028524506
"분할주의",202002870,"프로탐스서방캡슐0.2밀리그램(탐스로신염산염)",2020April22nd,"서방성캡슐제, 펠렛","주식회사케이에스제약","흰색 내지 연한 노란색의 펠렛을 함유한 상의 살구색, 하의 흰색의 캡슐제",02590,"기타의 비뇨생식기관 및 항문용약","전문의약품","단일","[M243979]탐스로신염산염","분할불가","",20241029,6218801013
"분할주의",202002871,"프로탐스서방캡슐0.4밀리그램(탐스로신염산염)",2020April22nd,"서방성캡슐제, 펠렛","주식회사케이에스제약","흰색 내지 연한 노란색의 펠렛을 함유한 상, 하부 흐린 노란 주황색의 경질캡슐",02590,"기타의 비뇨생식기관 및 항문용약","전문의약품","단일","[M243979]탐스로신염산염","분할불가","",20230202,6218801013
"분할주의",202002872,"탐스피드서방캡슐0.4밀리그램(탐스로신염산염)",2020April22nd,"서방성캡슐제, 펠렛","삼진제약(주)","흰색 내지 연한 노란색의 펠렛을 함유한 상, 하부 흐린 노란 주황색의 경질캡슐",02590,"기타의 비뇨생식기관 및 항문용약","전문의약품","단일","[M243979]탐스로신염산염","분할불가","",20230202,1248531621
"분할주의",202002873,"케이탐스서방캡슐0.4밀리그램(탐스로신염산염)",2020April22nd,"서방성캡슐제, 펠렛","(주)티디에스팜","흰색 내지 연한 노란색의 펠렛을 함유한 상, 하부 흐린 노란 주황색의 경질캡슐",02590,"기타의 비뇨생식기관 및 항문용약","전문의약품","단일","[M243979]탐스로신염산염","분할불가","",20230202,3038134897
"분할주의",202002874,"알루날서방캡슐0.4밀리그램(탐스로신염산염)",2020April22nd,"서방성캡슐제, 펠렛","알리코제약(주)","흰색 내지 연한 노란색의 펠렛을 함유한 상, 하부 흐린 노란 주황색의 경질캡슐",02590,"기타의 비뇨생식기관 및 항문용약","전문의약품","단일","[M243979]탐스로신염산염","분할불가","",20230202,1348115033
"분할주의",202002875,"유타날서방캡슐0.4밀리그램(탐스로신염산염)",2020April22nd,"서방성캡슐제, 펠렛","국제약품(주)","흰색 내지 연한 노란색의 펠렛을 함유한 상, 하부 흐린 노란 주황색의 경질캡슐",02590,"기타의 비뇨생식기관 및 항문용약","전문의약품","단일","[M243979]탐스로신염산염","분할불가","",20230202,2078100309
"분할주의",202002876,"베아로신서방캡슐0.4밀리그램(탐스로신염산염)",2020April22nd,"서방성캡슐제, 펠렛","대웅바이오(주)","흰색 내지 연한 노란색의 펠렛을 함유한 상, 하부 흐린 노란 주황색의 경질캡슐",02590,"기타의 비뇨생식기관 및 항문용약","전문의약품","단일","[M243979]탐스로신염산염","분할불가","",20230202,1248677584
"분할주의",202002877,"탐피론서방캡슐0.4밀리그램(탐스로신염산염)",2020April22nd,"서방성캡슐제, 펠렛","(주)넥스팜코리아","흰색 내지 연한 노란색의 펠렛을 함유한 상, 하부 흐린 노란 주황색의 경질캡슐",02590,"기타의 비뇨생식기관 및 항문용약","전문의약품","단일","[M243979]탐스로신염산염","분할불가","",20230202,3018125427
"분할주의",202002878,"탐로딘서방캡슐0.4밀리그램(탐스로신염산염)",2020April22nd,"서방성캡슐제, 펠렛","(주)이든파마","흰색 내지 연한 노란색의 펠렛을 함유한 상, 하부 흐린 노란 주황색의 경질캡슐",02590,"기타의 비뇨생식기관 및 항문용약","전문의약품","단일","[M243979]탐스로신염산염","분할불가","",20230202,2648120986
"분할주의",202002879,"탐스렌서방캡슐0.4밀리그램(탐스로신염산염)",2020April22nd,"서방성캡슐제, 펠렛","엔비케이제약(주)","흰색 내지 연한 노란색의 펠렛을 함유한 상, 하부 흐린 노란 주황색의 경질캡슐",02590,"기타의 비뇨생식기관 및 항문용약","전문의약품","단일","[M243979]탐스로신염산염","분할불가","",20230202,2158640307
"분할주의",202002880,"하루론서방캡슐0.4밀리그램(탐스로신염산염)",2020April22nd,"서방성캡슐제, 펠렛","제일약품(주)","흰색 내지 연한 노란색의 펠렛을 함유한 상, 하부 흐린 노란 주황색의 경질캡슐",02590,"기타의 비뇨생식기관 및 항문용약","전문의약품","단일","[M243979]탐스로신염산염","분할불가","",20230202,2428500620
"분할주의",202002881,"탐로스서방캡슐0.4밀리그램(탐스로신염산염)",2020April22nd,"서방성캡슐제, 펠렛","(주)킵스바이오파마","흰색 내지 연한 노란색의 펠렛을 함유한 상, 하부 흐린 노란 주황색의 경질캡슐",02590,"기타의 비뇨생식기관 및 항문용약","전문의약품","단일","[M243979]탐스로신염산염","분할불가","",20230202,2098126571
"분할주의",202002882,"타루날서방캡슐0.4밀리그램(탐스로신염산염)",2020April22nd,"서방성캡슐제, 펠렛","동국제약(주)","흰색 내지 연한 노란색의 펠렛을 함유한 상, 하부 흐린 노란 주황색의 경질캡슐",02590,"기타의 비뇨생식기관 및 항문용약","전문의약품","단일","[M243979]탐스로신염산염","분할불가","",20230202,3018508241
"분할주의",202002883,"탐신서방캡슐0.4밀리그램(탐스로신염산염)",2020April22nd,"서방성캡슐제, 펠렛","(주)씨엠지제약","흰색 내지 연한 노란색의 펠렛을 함유한 상, 하부 흐린 노란 주황색의 경질캡슐",02590,"기타의 비뇨생식기관 및 항문용약","전문의약품","단일","[M243979]탐스로신염산염","분할불가","",20230202,1348171976
"분할주의",202002884,"탐소신서방캡슐0.4밀리그램(탐스로신염산염)",2020April22nd,"서방성캡슐제, 펠렛","한국휴텍스제약(주)","흰색 내지 연한 노란색의 펠렛을 함유한 상, 하부 흐린 노란 주황색의 경질캡슐",02590,"기타의 비뇨생식기관 및 항문용약","전문의약품","단일","[M243979]탐스로신염산염","분할불가","",20230202,1128122382
"분할주의",202002885,"타임알서방캡슐0.4밀리그램(탐스로신염산염)",2020April22nd,"서방성캡슐제, 펠렛","(주)경보제약","흰색 내지 연한 노란색의 펠렛을 함유한 상, 하부 흐린 노란 주황색의 경질캡슐",02590,"기타의 비뇨생식기관 및 항문용약","전문의약품","단일","[M243979]탐스로신염산염","분할불가","",20230202,3128104567
"분할주의",202002886,"티피로신서방캡슐0.4밀리그램(탐스로신염산염)",2020April22nd,"서방성캡슐제, 펠렛","(주)제뉴파마","흰색 내지 연한 노란색의 펠렛을 함유한 상, 하부 흐린 노란 주황색의 경질캡슐",02590,"기타의 비뇨생식기관 및 항문용약","전문의약품","단일","[M243979]탐스로신염산염","분할불가","",20230202,7338802047
"분할주의",202002887,"다나탐스서방캡슐0.4밀리그램(탐스로신염산염)",2020April22nd,"서방성캡슐제, 펠렛","대원바이오텍주식회사","흰색 내지 연한 노란색의 펠렛을 함유한 상, 하부 흐린 노란 주황색의 경질캡슐",02590,"기타의 비뇨생식기관 및 항문용약","전문의약품","단일","[M243979]탐스로신염산염","분할불가","",20230202,5458100235
"분할주의",202002888,"탐센서방캡슐0.4밀리그램(탐스로신염산염)",2020April22nd,"서방성캡슐제, 펠렛","(주)메디카코리아","흰색 내지 연한 노란색의 펠렛을 함유한 상, 하부 흐린 노란 주황색의 경질캡슐",02590,"기타의 비뇨생식기관 및 항문용약","전문의약품","단일","[M243979]탐스로신염산염","분할불가","",20230202,1208165228
"분할주의",202002889,"팜스로신서방캡슐0.4밀리그램(탐스로신염산염)",2020April22nd,"서방성캡슐제, 펠렛","건일바이오팜주식회사","흰색 내지 연한 노란색의 펠렛을 함유한 상, 하부 흐린 노란 주황색의 경질캡슐",02590,"기타의 비뇨생식기관 및 항문용약","전문의약품","단일","[M243979]탐스로신염산염","분할불가","",20230202,6848801858
"분할주의",202002892,"탐술엠서방캡슐0.4밀리그램(탐스로신염산염)",2020April22nd,"서방성캡슐제, 펠렛","(주)마더스제약","흰색 내지 연한 노란색의 펠렛을 함유한 상, 하부 흐린 노란 주황색의 경질캡슐",02590,"기타의 비뇨생식기관 및 항문용약","전문의약품","단일","[M243979]탐스로신염산염","분할불가","",20230202,3128629302
"분할주의",202002893,"탐루신디서방캡슐0.4밀리그램(탐스로신염산염)",2020April22nd,"서방성캡슐제, 펠렛","(주)휴온스","흰색 내지 연한 노란색의 펠렛을 함유한 상, 하부 흐린 노란 주황색의 경질캡슐",02590,"기타의 비뇨생식기관 및 항문용약","전문의약품","단일","[M243979]탐스로신염산염","분할불가","",20230202,8638700270
"분할주의",202002894,"하루로신서방캡슐0.4밀리그램(탐스로신염산염)",2020April22nd,"서방성캡슐제, 펠렛","(주)대웅제약","흰색 내지 연한 노란색의 펠렛을 함유한 상, 하부 흐린 노란 주황색의 경질캡슐",02590,"기타의 비뇨생식기관 및 항문용약","전문의약품","단일","[M243979]탐스로신염산염","분할불가","",20230202,1248601143
"분할주의",202002895,"탐시원서방캡슐0.4밀리그램(탐스로신염산염)",2020April22nd,"서방성캡슐제, 펠렛","신일제약(주)","흰색 내지 연한 노란색의 펠렛을 함유한 상, 하부 흐린 노란 주황색의 경질캡슐",02590,"기타의 비뇨생식기관 및 항문용약","전문의약품","단일","[M243979]탐스로신염산염","분할불가","",20230202,3038113742
"분할주의",202002896,"모사렌서방정15밀리그램(모사프리드시트르산염수화물)",2020April22nd,"서방성필름코팅정","(주)메디카코리아","분홍색의 장방형 서방성 필름코팅정제",02390,"기타의 소화기관용약","전문의약품","단일","[M234050]모사프리드시트르산염수화물/[M234050]모사프리드시트르산염수화물","분할불가","",20220310,1208165228
"분할주의",202002897,"모사큐서방정15밀리그램(모사프리드시트르산염수화물)",2020April22nd,"서방성필름코팅정","(주)동구바이오제약","분홍색의 장방형 서방성 필름코팅정제",02390,"기타의 소화기관용약","전문의약품","단일","[M234050]모사프리드시트르산염수화물/[M234050]모사프리드시트르산염수화물","분할불가","",20220419,1248533615
"분할주의",202002898,"모프롤에스알정15밀리그램(모사프리드시트르산염수화물)",2020April22nd,"서방성필름코팅정","명문제약(주)","분홍색의 장방형 서방성 필름코팅정제",02390,"기타의 소화기관용약","전문의약품","단일","[M234050]모사프리드시트르산염수화물/[M234050]모사프리드시트르산염수화물","분할불가","",20220310,1248135615
"분할주의",202002899,"가모드서방정15밀리그램(모사프리드시트르산염수화물)",2020April22nd,"서방성필름코팅정","(주)이든파마","분홍색의 장방형 서방성 필름코팅정제",02390,"기타의 소화기관용약","전문의약품","단일","[M234050]모사프리드시트르산염수화물/[M234050]모사프리드시트르산염수화물","분할불가","",20221207,2648120986
"분할주의",202002901,"국제모사라이드서방정15밀리그램(모사프리드시트르산염수화물)",2020April22nd,"서방성필름코팅정","국제약품(주)","분홍색의 장방형 서방성 필름코팅정제",02390,"기타의 소화기관용약","전문의약품","단일","[M234050]모사프리드시트르산염수화물/[M234050]모사프리드시트르산염수화물","분할불가","",20220610,2078100309
"분할주의",202002908,"제이더블유모사프리드서방정(모사프리드시트르산염수화물)",2020April23rd,"서방성필름코팅정","제이더블유중외제약(주)","분홍색의 장방형 서방성 필름코팅정제",02390,"기타의 소화기관용약","전문의약품","단일","[M234050]모사프리드시트르산염수화물/[M234050]모사프리드시트르산염수화물","분할불가","",20251203,1188102477
"분할주의",202002909,"모사잘서방정(모사프리드시트르산염수화물)",2020April23rd,"서방성필름코팅정","한미약품(주)","분홍색의 장방형 서방성 필름코팅정제",02390,"기타의 소화기관용약","전문의약품","단일","[M234050]모사프리드시트르산염수화물/[M234050]모사프리드시트르산염수화물","분할불가","",20241010,1248700613
"분할주의",202002976,"하루탐서방정0.2밀리그램(탐스로신염산염)",2020April24th,"서방정","하나제약(주)","연한 노란색의 반점이 있는 흰색의 원형 서방정제이다.",02590,"기타의 비뇨생식기관 및 항문용약","전문의약품","단일","[M243979]탐스로신염산염","분할불가","",20241029,1248137632
"분할주의",202002978,"베아로신서방정0.2밀리그램(탐스로신염산염)",2020April24th,"서방정","대웅바이오(주)","연한 노란색의 반점이 있는 흰색의 원형 서방정제이다.",02590,"기타의 비뇨생식기관 및 항문용약","전문의약품","단일","[M243979]탐스로신염산염","분할불가","",20241029,1248677584
"분할주의",202002979,"데이탐스서방정0.2밀리그램(탐스로신염산염)",2020April24th,"서방정","(주)보령바이오파마","연한 노란색의 반점이 있는 흰색의 원형 서방정제이다.",02590,"기타의 비뇨생식기관 및 항문용약","전문의약품","단일","[M243979]탐스로신염산염","분할불가","",20241029,2088120633
"분할주의",202002980,"탐스케어서방정0.2밀리그램(탐스로신염산염)",2020April24th,"서방정","주식회사더유제약","연한 노란색의 반점이 있는 흰색의 원형 서방정제이다.",02590,"기타의 비뇨생식기관 및 항문용약","전문의약품","단일","[M243979]탐스로신염산염","분할불가","",20241029,1138669177
"분할주의",202002981,"탐솔서방정0.2밀리그램(탐스로신염산염)",2020April24th,"서방정","(주)셀트리온제약","연한 노란색의 반점이 있는 흰색의 원형 서방정제이다.",02590,"기타의 비뇨생식기관 및 항문용약","전문의약품","단일","[M243979]탐스로신염산염","분할불가","",20241029,2148671641
"분할주의",202002982,"알루날서방정0.2밀리그램(탐스로신염산염)",2020April24th,"서방정","알리코제약(주)","연한 노란색의 반점이 있는 흰색의 원형 서방정제이다.",02590,"기타의 비뇨생식기관 및 항문용약","전문의약품","단일","[M243979]탐스로신염산염","분할불가","",20241029,1348115033
"분할주의",202002984,"탐시케어서방정0.4밀리그램(탐스로신염산염)",2020April24th,"서방정","(주)휴온스메디텍","연한 노란색의 반점이 있는 흰색의 원형 서방정제이다.",02590,"기타의 비뇨생식기관 및 항문용약","전문의약품","단일","[M243979]탐스로신염산염","분할불가","",20230202,6178124930
"분할주의",202002985,"탐솔서방정0.4밀리그램(탐스로신염산염)",2020April24th,"서방정","(주)셀트리온제약","연한 노란색의 반점이 있는 흰색의 원형 서방정제이다.",02590,"기타의 비뇨생식기관 및 항문용약","전문의약품","단일","[M243979]탐스로신염산염","분할불가","",20230202,2148671641
"분할주의",202002986,"타무로신서방정0.4밀리그램(탐스로신염산염)",2020April24th,"서방정","(주)일화","연한 노란색의 반점이 있는 흰색의 원형 서방정제이다.",02590,"기타의 비뇨생식기관 및 항문용약","전문의약품","단일","[M243979]탐스로신염산염","분할불가","",20230202,1328101004
"분할주의",202002987,"가스핀서방정15밀리그램(모사프리드시트르산염수화물)",2020April24th,"서방성필름코팅정","위더스제약(주)","분홍색의 장방형 서방성 필름코팅정제",02390,"기타의 소화기관용약","전문의약품","단일","[M234050]모사프리드시트르산염수화물/[M234050]모사프리드시트르산염수화물","분할불가","",20220419,1258522182
"분할주의",202002988,"모푸렌에스알정15밀리그램(모사프리드시트르산염수화물)",2020April24th,"서방성필름코팅정","삼천당제약(주)","분홍색의 장방형 서방성 필름코팅정제",02390,"기타의 소화기관용약","전문의약품","단일","[M234050]모사프리드시트르산염수화물/[M234050]모사프리드시트르산염수화물","분할불가","",20220916,1248104295
"분할주의",202002989,"모사프로드서방정15밀리그램(모사프리드시트르산염수화물)",2020April24th,"서방성필름코팅정","(주)녹십자","분홍색의 장방형 서방성 필름코팅정제",02390,"기타의 소화기관용약","전문의약품","단일","[M234050]모사프리드시트르산염수화물/[M234050]모사프리드시트르산염수화물","분할불가","",20220310,3038117108
"분할주의",202002990,"모사프라딘서방정15밀리그램(모사프리드시트르산염수화물)",2020April24th,"서방성필름코팅정","동광제약(주)","분홍색의 장방형 서방성 필름코팅정제",02390,"기타의 소화기관용약","전문의약품","단일","[M234050]모사프리드시트르산염수화물/[M234050]모사프리드시트르산염수화물","분할불가","",20220708,2018644250
"분할주의",202002991,"모사드린서방정15밀리그램(모사프리드시트르산염수화물)",2020April24th,"서방성필름코팅정","(주)제뉴파마","분홍색의 장방형 서방성 필름코팅정제",02390,"기타의 소화기관용약","전문의약품","단일","[M234050]모사프리드시트르산염수화물/[M234050]모사프리드시트르산염수화물","분할불가","",20220419,7338802047
"분할주의",202002992,"모사넬서방정15밀리그램(모사프리드시트르산염수화물)",2020April24th,"서방성필름코팅정","한국넬슨제약(주)","분홍색의 장방형 서방성 필름코팅정제",02390,"기타의 소화기관용약","전문의약품","단일","[M234050]모사프리드시트르산염수화물/[M234050]모사프리드시트르산염수화물","분할불가","",20240709,3038111410
"분할주의",202002993,"모사피드에스알정15밀리그램(모사프리드시트르산염수화물)",2020April24th,"서방성필름코팅정","동화약품(주)","분홍색의 장방형 서방성 필름코팅정제",02390,"기타의 소화기관용약","전문의약품","단일","[M234050]모사프리드시트르산염수화물/[M234050]모사프리드시트르산염수화물","분할불가","",20220310,1108100102
"분할주의",202002994,"탐스올서방정0.2밀리그램(탐스로신염산염)",2020April24th,"서방정","(주)다산제약","연한 노란색의 반점이 있는 흰색의 원형 서방정제이다.",02590,"기타의 비뇨생식기관 및 항문용약","전문의약품","단일","[M243979]탐스로신염산염","분할불가","",20241029,1058184395
"분할주의",202002995,"탐스올서방정0.4밀리그램(탐스로신염산염)",2020April24th,"서방정","(주)다산제약","연한 노란색의 반점이 있는 흰색의 원형 서방정제이다.",02590,"기타의 비뇨생식기관 및 항문용약","전문의약품","단일","[M243979]탐스로신염산염","분할불가","",20230202,1058184395
"분할주의",202003005,"탐루신디서방정0.4밀리그램(탐스로신염산염)",2020April24th,"서방정","(주)휴온스","연한 노란색의 반점이 있는 흰색의 원형 서방정이다.",02590,"기타의 비뇨생식기관 및 항문용약","전문의약품","단일","[M243979]탐스로신염산염","분할불가","",20230202,8638700270
"분할주의",202003007,"유로날서방정0.4밀리그램(탐스로신염산염)",2020April24th,"서방정","경동제약(주)","연한 노란색의 반점이 있는 흰색의 원형 서방정제이다.",02590,"기타의 비뇨생식기관 및 항문용약","전문의약품","단일","[M243979]탐스로신염산염","분할불가","",20230202,1248135518
"분할주의",202003008,"탐스로날서방정0.4밀리그램(탐스로신염산염)",2020April24th,"서방정","구주제약(주)","연한 노란색의 반점이 있는 흰색의 원형 서방정제이다.",02590,"기타의 비뇨생식기관 및 항문용약","전문의약품","단일","[M243979]탐스로신염산염","분할불가","",20230202,1248136268
"분할주의",202003010,"씨트로신서방정0.4밀리그램(탐스로신염산염)",2020April24th,"서방정","에이치엘비제약(주)","연한 노란색의 반점이 있는 흰색의 원형 서방정제이다.",02590,"기타의 비뇨생식기관 및 항문용약","전문의약품","단일","[M243979]탐스로신염산염","분할불가","",20230202,2088125623
"분할주의",202003013,"탐로신서방정0.4밀리그램(탐스로신염산염)",2020April24th,"서방정","영진약품(주)","연한 노란색의 반점이 있는 흰색의 원형 서방정제이다.",02590,"기타의 비뇨생식기관 및 항문용약","전문의약품","단일","[M243979]탐스로신염산염","분할불가","",20230202,2188100352
"분할주의",202003019,"더블탐스서방정0.4밀리그램(탐스로신염산염)",2020April24th,"서방정","(주)비보존제약","연한 노란색의 반점이 있는 흰색의 원형 서방정제이다.",02590,"기타의 비뇨생식기관 및 항문용약","전문의약품","단일","[M243979]탐스로신염산염","분할불가","",20230202,1248199564
"분할주의",202003020,"하루탐서방정0.4밀리그램(탐스로신염산염)",2020April24th,"서방정","하나제약(주)","연한 노란색의 반점이 있는 흰색의 원형 서방정제이다.",02590,"기타의 비뇨생식기관 및 항문용약","전문의약품","단일","[M243979]탐스로신염산염","분할불가","",20230202,1248137632
"분할주의",202003021,"동광탐스로신서방정0.4밀리그램(탐스로신염산염)",2020April24th,"서방정","동광제약(주)","연한 노란색의 반점이 있는 흰색의 원형 서방정이다.",02590,"기타의 비뇨생식기관 및 항문용약","전문의약품","단일","[M243979]탐스로신염산염","분할불가","",20230202,2018644250
"분할주의",202003022,"베아로신서방정0.4밀리그램(탐스로신염산염)",2020April24th,"서방정","대웅바이오(주)","연한 노란색의 반점이 있는 흰색의 원형 서방정제이다.",02590,"기타의 비뇨생식기관 및 항문용약","전문의약품","단일","[M243979]탐스로신염산염","분할불가","",20230202,1248677584
"분할주의",202003023,"탐스서방정0.4밀리그램(탐스로신염산염)",2020April24th,"서방정","영풍제약(주)","연한 노란색의 반점이 있는 흰색의 원형 서방정제이다.",02590,"기타의 비뇨생식기관 및 항문용약","전문의약품","단일","[M243979]탐스로신염산염","분할불가","",20230202,1398102509
"분할주의",202003024,"하루큐어서방정0.4밀리그램(탐스로신염산염)",2020April24th,"서방정","안국약품(주)","연한 노란색의 반점이 있는 흰색의 원형 서방정제이다.",02590,"기타의 비뇨생식기관 및 항문용약","전문의약품","단일","[M243979]탐스로신염산염","분할불가","",20230202,1188104188
"분할주의",202003025,"데이탐스서방정0.4밀리그램(탐스로신염산염)",2020April24th,"서방정","(주)보령바이오파마","연한 노란색의 반점이 있는 흰색의 원형 서방정제이다.",02590,"기타의 비뇨생식기관 및 항문용약","전문의약품","단일","[M243979]탐스로신염산염","분할불가","",20230202,2088120633
"분할주의",202003026,"알루날서방정0.4밀리그램(탐스로신염산염)",2020April24th,"서방정","알리코제약(주)","연한 노란색의 반점이 있는 흰색의 원형 서방정제이다.",02590,"기타의 비뇨생식기관 및 항문용약","전문의약품","단일","[M243979]탐스로신염산염","분할불가","",20230202,1348115033
"분할주의",202003027,"탐스케어서방정0.4밀리그램(탐스로신염산염)",2020April24th,"서방정","(주)라이트팜텍","연한 노란색의 반점이 있는 흰색의 원형 서방정제이다.",02590,"기타의 비뇨생식기관 및 항문용약","전문의약품","단일","[M243979]탐스로신염산염","분할불가","",20230202,2048189630
"분할주의",202003028,"타무날서방정0.4밀리그램(탐스로신염산염)",2020April24th,"서방정","(주)종근당","연한 노란색의 반점이 있는 흰색의 원형 서방정제이다.",02590,"기타의 비뇨생식기관 및 항문용약","전문의약품","단일","[M243979]탐스로신염산염","분할불가","",20230202,3128560679
"분할주의",202003029,"하루신서방정0.4밀리그램(탐스로신염산염)",2020April24th,"서방정","아주약품(주)","연한 노란색의 반점이 있는 흰색의 원형 서방정제이다.",02590,"기타의 비뇨생식기관 및 항문용약","전문의약품","단일","[M243979]탐스로신염산염","분할불가","",20230202,8028803696
"분할주의",202003030,"타루날서방정0.4밀리그램(탐스로신염산염)",2020April24th,"서방정","동국제약(주)","연한 노란색의 반점이 있는 흰색의 원형 서방정제이다.",02590,"기타의 비뇨생식기관 및 항문용약","전문의약품","단일","[M243979]탐스로신염산염","분할불가","",20230911,3018508241
"분할주의",202003031,"사포르SR정300밀리그램(사르포그렐레이트염산염)",2020April24th,"서방성필름코팅정","이연제약(주)","흰색의 장방형 필름코팅정",03390,"기타의 혈액 및 체액용약","전문의약품","단일","[M261406]사르포그렐레이트염산염/[M261406]사르포그렐레이트염산염","분할불가","","",3018505394
"분할주의",202003032,"모사메드에스알정15밀리그램(모사프리드시트르산염수화물)",2020April24th,"서방성필름코팅정","제일약품(주)","분홍색의 장방형 서방성 필름코팅정제",02390,"기타의 소화기관용약","전문의약품","단일","[M234050]모사프리드시트르산염수화물/[M234050]모사프리드시트르산염수화물","분할불가","",20220707,2428500620
"분할주의",202003033,"가스프린서방정15밀리그램(모사프리드시트르산염수화물)",2020April24th,"서방성필름코팅정","삼성제약(주)","분홍색의 장방형 서방성 필름코팅정제",02390,"기타의 소화기관용약","전문의약품","단일","[M234050]모사프리드시트르산염수화물/[M234050]모사프리드시트르산염수화물","분할불가","",20220315,2078100726
"분할주의",202003034,"가스프렌씨알정15밀리그램(모사프리드시트르산염수화물)",2020April24th,"서방성필름코팅정","경동제약(주)","분홍색의 장방형 서방성 필름코팅정제",02390,"기타의 소화기관용약","전문의약품","단일","[M234050]모사프리드시트르산염수화물/[M234050]모사프리드시트르산염수화물","분할불가","",20220315,1248135518
"분할주의",202003035,"가모텍에스알서방정15밀리그램(모사프리드시트르산염수화물)",2020April24th,"서방성필름코팅정","일양약품(주)","분홍색의 장방형 서방성 필름코팅정제",02390,"기타의 소화기관용약","전문의약품","단일","[M234050]모사프리드시트르산염수화물/[M234050]모사프리드시트르산염수화물","분할불가","",20220315,2098100872
"분할주의",202003068,"올편제에스정",2020April27th,"장용성필름코팅정","한국프라임제약(주)","장방형의 장용피를 한 연녹색의 필름코팅정",02330,"건위소화제","일반의약품","복합","[M040678]판크레아틴/[M100297]셀룰라제/[M273864]우담즙 건조엑스/[M227778]디메티콘","분할불가","",20251030,4028524506
"분할주의",202003103,"모사피트서방정15밀리그램(모사프리드시트르산염수화물)",2020April28th,"서방성필름코팅정","(주)테라젠이텍스","분홍색의 장방형 서방성 필름코팅정제",02390,"기타의 소화기관용약","전문의약품","단일","[M234050]모사프리드시트르산염수화물/[M234050]모사프리드시트르산염수화물","분할불가","",20231128,1348545665
"분할주의",202003104,"가모시드에스알정15밀리그램(모사프리드시트르산염수화물)",2020April28th,"서방성필름코팅정","신풍제약(주)","분홍색의 장방형 서방성 필름코팅정제",02390,"기타의 소화기관용약","전문의약품","단일","[M234050]모사프리드시트르산염수화물/[M234050]모사프리드시트르산염수화물","분할불가","",20230322,1348103819
"분할주의",202003105,"모이드에스알정15밀리그램(모사프리드시트르산염수화물)",2020April28th,"서방성필름코팅정","(주)화이트생명과학","분홍색의 장방형 서방성 필름코팅정제",02390,"기타의 소화기관용약","전문의약품","단일","[M234050]모사프리드시트르산염수화물/[M234050]모사프리드시트르산염수화물","분할불가","",20230113,2208843940
"분할주의",202003106,"모사엘서방정15밀리그램(모사프리드시트르산염수화물)",2020April28th,"서방성필름코팅정","(주)인트로바이오파마","분홍색의 장방형 서방성 필름코팅정제",02390,"기타의 소화기관용약","전문의약품","단일","[M234050]모사프리드시트르산염수화물/[M234050]모사프리드시트르산염수화물","분할불가","",20220310,1348673663
"분할주의",202003107,"모사가틴서방정15밀리그램(모사프리드시트르산염수화물)",2020April28th,"서방성필름코팅정","대한뉴팜(주)","분홍색의 장방형 서방성 필름코팅정제",02390,"기타의 소화기관용약","전문의약품","단일","[M234050]모사프리드시트르산염수화물/[M234050]모사프리드시트르산염수화물","분할불가","",20220310,2298110729
"분할주의",202003119,"듀록틴캡슐60밀리그램(둘록세틴염산염)",2020April28th,"장용성캡슐제, 펠렛","건일바이오팜주식회사","흰색 내지 연한 갈색의 장용성 구형과립이 든 상부 청색, 하부 노란연두색의 경질캡슐제",01170,"정신신경용제","전문의약품","단일","[M259598]둘록세틴염산염장용과립","분할불가","",20220715,6848801858
"분할주의",202003120,"듀록틴캡슐30밀리그램(둘록세틴염산염)",2020April28th,"장용성캡슐제, 펠렛","건일바이오팜주식회사","흰색 내지 연한 갈색의 장용성 구형과립이 든 상부 청색, 하부 흰색의 경질캡슐제",01170,"정신신경용제","전문의약품","단일","[M259598]둘록세틴염산염장용과립","분할불가","",20220715,6848801858
"분할주의",202003142,"모사윈에스알서방정15밀리그램(모사프리드시트르산염수화물)",2020April28th,"서방성필름코팅정","주식회사케이에스제약","분홍색의 장방형 서방성 필름코팅정제",02390,"기타의 소화기관용약","전문의약품","단일","[M234050]모사프리드시트르산염수화물/[M234050]모사프리드시트르산염수화물","분할불가","",20220707,6218801013
"분할주의",202003143,"모사프론에스알서방정15밀리그램(모사프리드시트르산염수화물)",2020April28th,"서방성필름코팅정","동국제약(주)","분홍색의 장방형 서방성 필름코팅정제",02390,"기타의 소화기관용약","전문의약품","단일","[M234050]모사프리드시트르산염수화물/[M234050]모사프리드시트르산염수화물","분할불가","",20220906,3018508241
"분할주의",202003165,"모사린서방정15밀리그램(모사프리드시트르산염수화물)",2020April28th,"서방성필름코팅정","알리코제약(주)","분홍색의 장방형 서방성 필름코팅정제",02390,"기타의 소화기관용약","전문의약품","단일","[M234050]모사프리드시트르산염수화물/[M234050]모사프리드시트르산염수화물","분할불가","",20221115,1348115033
"분할주의",202003166,"파마모사프리드에스알서방정15밀리그램(모사프리드시트르산염수화물)",2020April28th,"서방성필름코팅정","(주)한국파마","분홍색의 장방형 서방성 필름코팅정제",02390,"기타의 소화기관용약","전문의약품","단일","[M234050]모사프리드시트르산염수화물/[M234050]모사프리드시트르산염수화물","분할불가","",20220310,1248115899
"분할주의",202003178,"휴모사서방정15밀리그램(모사프리드시트르산염수화물)",2020April29th,"서방성필름코팅정","한국휴텍스제약(주)","분홍색의 장방형 서방성 필름코팅정제",02390,"기타의 소화기관용약","전문의약품","복합","[M234050]모사프리드시트르산염수화물/[M234050]모사프리드시트르산염수화물","분할불가","",20220620,1128122382
"분할주의",202003181,"타미로신서방캡슐0.2밀리그램(탐스로신염산염)",2020April29th,"서방성캡슐제, 펠렛","한국프라임제약(주)","흰색 내지 연한 노란색의 펠렛을 함유한 상의 살구색, 하의 흰색의 캡슐제",02590,"기타의 비뇨생식기관 및 항문용약","전문의약품","단일","[M243979]탐스로신염산염","분할불가","",20241029,4028524506
"분할주의",202003182,"가모피드서방정15밀리그램(모사프리드시트르산염수화물)",2020April29th,"서방성필름코팅정","신일제약(주)","분홍색의 장방형 서방성 필름코팅정제",02390,"기타의 소화기관용약","전문의약품","단일","[M234050]모사프리드시트르산염수화물/[M234050]모사프리드시트르산염수화물","분할불가","",20220608,3038113742
"분할주의",202003184,"씨엠지모사프리드에스알서방정15밀리그램(모사프리드시트르산염수화물)",2020April29th,"서방성필름코팅정","(주)씨엠지제약","분홍색의 장방형 서방성 필름코팅정제",02390,"기타의 소화기관용약","전문의약품","단일","[M234050]모사프리드시트르산염수화물/[M234050]모사프리드시트르산염수화물","분할불가","",20220419,1348171976
"분할주의",202003190,"모사프리엠에스알서방정15밀리그램(모사프리드시트르산염수화물)",2020April29th,"서방성필름코팅정","(주)마더스제약","분홍색의 장방형 서방성 필름코팅정제",02390,"기타의 소화기관용약","전문의약품","단일","[M234050]모사프리드시트르산염수화물/[M234050]모사프리드시트르산염수화물","분할불가","",20220419,3128629302
"분할주의",202003191,"큐미날서방캡슐0.2밀리그램(탐스로신염산염)",2020April29th,"서방성캡슐제, 펠렛","주식회사큐엘파마","흰색 내지 연한 노란색의 펠렛을 함유한 상의 살구색, 하의 흰색의 캡슐제",02590,"기타의 비뇨생식기관 및 항문용약","전문의약품","단일","[M243979]탐스로신염산염","분할불가","",20241029,1178152708
"분할주의",202003192,"큐미날서방캡슐0.4밀리그램(탐스로신염산염)",2020April29th,"서방성캡슐제, 펠렛","주식회사큐엘파마","흰색 내지 연한 노란색의 펠렛을 함유한 상, 하부 흐린 노란 주황색의 경질캡슐",02590,"기타의 비뇨생식기관 및 항문용약","전문의약품","단일","[M243979]탐스로신염산염","분할불가","",20230202,1178152708
"분할주의",202003193,"보령탐스로신염산염서방정0.4밀리그램",2020April29th,"서방성필름코팅정","(주)보령","흰색의 원형 서방성 필름코팅정",02590,"기타의 비뇨생식기관 및 항문용약","전문의약품","단일","[M243979]탐스로신염산염","분할불가","",20230202,2088100281
"분할주의",202003194,"에세탈서방정(아세클로페낙)",2020April29th,"서방성필름코팅정","(주)씨티씨바이오","흰색의 장방형 서방성 필름코팅정",01140,"해열.진통.소염제","전문의약품","단일","[M040359]아세클로페낙/[M040359]아세클로페낙","분할불가","",20241216,2158151094
"분할주의",202003307,"모메릭에스알서방정15밀리그램(모사프리드시트르산염수화물)",2020April29th,"서방성필름코팅정","삼진제약(주)","분홍색의 장방형 서방성 필름코팅정제",02390,"기타의 소화기관용약","전문의약품","단일","[M234050]모사프리드시트르산염수화물/[M234050]모사프리드시트르산염수화물","분할불가","",20220707,1248531621
"분할주의",202003336,"트라비트세미서방정",2020May8th,"서방성필름코팅정","(주)씨티씨바이오","연한 노란색의 원형 서방성 필름코팅정",01140,"해열.진통.소염제","전문의약품","복합","[M040353]아세트아미노펜/[M040353]아세트아미노펜/[M255410]트라마돌염산염","분할불가","",20260219,2158151094
"분할주의",202003337,"트라비트서방정",2020May8th,"서방성필름코팅정","(주)씨티씨바이오","연한 노란색의 장방형 서방성 필름코팅정",01140,"해열.진통.소염제","전문의약품","복합","[M040353]아세트아미노펜/[M040353]아세트아미노펜/[M255410]트라마돌염산염","분할불가","",20260219,2158151094
"분할주의",202003375,"뮤펙손서방정(에페리손염산염)",2020May11th,"서방성필름코팅정","(주)보령바이오파마","흰색 내지 거의 흰색의 원형 서방성 필름코팅정",01220,"골격근이완제","전문의약품","단일","[M232172]에페리손염산염","분할불가","",20220126,2088120633
"분할주의",202003388,"멜라인장용정(브로멜라인)",2020May11th,"장용성필름코팅정","(주)아리제약","살구색 타원형의 장용성 필름코팅정",03950,"효소제제","일반의약품","단일","[M095415]브로멜라인","분할불가","","",4748600767
"분할주의",202003420,"브로멜린장용정(브로멜라인)",2020May12th,"장용성필름코팅정","한국신텍스제약(주)","분홍색의 원형 장용성 필름코팅정",03950,"효소제제","일반의약품","단일","[M095415]브로멜라인","분할불가","",20241216,6138163381
"분할주의",202003489,"스킬라렌스장용정120밀리그램(디메틸푸마르산염)",2020May14th,"장용성필름코팅정","코오롱제약(주)","파란색의 양면이 볼록한 원형 장용 코팅 정제",01420,"자격요법제(비특이성면역억제제를 포함)","전문의약품","단일","[M278700]디메틸푸마르산염(미분화)","분할불가","",20260119,3068507363
"분할주의",202003490,"스킬라렌스장용정30밀리그램(디메틸푸마르산염)",2020May14th,"장용성필름코팅정","코오롱제약(주)","흰색의 양면이 볼록한 원형 장용 코팅 정제",01420,"자격요법제(비특이성면역억제제를 포함)","전문의약품","단일","[M278700]디메틸푸마르산염(미분화)","분할불가","",20260119,3068507363
"분할주의",202003494,"환인쿠에타핀서방정400밀리그램(쿠에티아핀푸마르산염)",2020May14th,"서방성필름코팅정","환인제약(주)","흰색의 장방형 서방성 필름코팅정",01170,"정신신경용제","전문의약품","단일","[M254969]쿠에티아핀푸마르산염","분할불가","",20250212,2158136171
"분할주의",202003495,"환인쿠에타핀서방정300밀리그램(쿠에티아핀푸마르산염)",2020May14th,"서방성필름코팅정","환인제약(주)","연한 노란색의 장방형 서방성 필름코팅정",01170,"정신신경용제","전문의약품","단일","[M254969]쿠에티아핀푸마르산염","분할불가","",20250212,2158136171
"분할주의",202003496,"환인쿠에타핀서방정150밀리그램(쿠에티아핀푸마르산염)",2020May14th,"서방성필름코팅정","환인제약(주)","흰색의 장방형 서방성 필름코팅정",01170,"정신신경용제","전문의약품","단일","[M254969]쿠에티아핀푸마르산염","분할불가","",20250212,2158136171
"분할주의",202003508,"뉴플라그서방정300밀리그램(사르포그렐레이트염산염)",2020May15th,"서방성필름코팅정","(주)새한제약","흰색의 장방형 필름코팅정",03390,"기타의 혈액 및 체액용약","전문의약품","단일","[M261406]사르포그렐레이트염산염/[M261406]사르포그렐레이트염산염","분할불가","",20210114,1258103547
"분할주의",202003621,"메가트라캡슐(이트라코나졸)",2020May18th,"경질캡슐제, 서방성장용성펠렛","(주)엘앤씨바이오","흰색 또는 회백색의 구형 펠렛이 충진된 상부 청색, 하부 분홍색의 경질캡슐제",06290,"기타의 화학요법제","전문의약품","단일","[M270852]이트라코나졸펠렛","분할불가","",20260309,1298664008
"분할주의",202003676,"사포렐리서방정300밀리그램(사르포그렐레이트염산염)",2020May21st,"서방성필름코팅정","(주)씨티씨바이오","흰색의 장방형 필름코팅정",03390,"기타의 혈액 및 체액용약","전문의약품","단일","[M261406]사르포그렐레이트염산염/[M261406]사르포그렐레이트염산염","분할불가","",20210317,2158151094
"분할주의",202003677,"메가사르포서방정300밀리그램(사르포그렐레이트염산염)",2020May21st,"서방성필름코팅정","(주)엘앤씨바이오","흰색의 장방형 필름코팅정",03390,"기타의 혈액 및 체액용약","전문의약품","단일","[M261406]사르포그렐레이트염산염/[M261406]사르포그렐레이트염산염","분할불가","",20211014,1298664008
"분할주의",202003678,"포레이서방정300밀리그램(사르포그렐레이트염산염)",2020May21st,"서방성필름코팅정","엔비케이제약(주)","흰색의 장방형 필름코팅정",03390,"기타의 혈액 및 체액용약","전문의약품","단일","[M261406]사르포그렐레이트염산염/[M261406]사르포그렐레이트염산염","분할불가","","",2158640307
"분할주의",202003679,"사포그렐서방정(사르포그렐레이트염산염)",2020May21st,"서방성필름코팅정","(주)화이트생명과학","흰색의 장방형 필름코팅정",03390,"기타의 혈액 및 체액용약","전문의약품","단일","[M261406]사르포그렐레이트염산염/[M261406]사르포그렐레이트염산염","분할불가","",20250520,2208843940
"분할주의",202003761,"브로나인장용정(브로멜라인)",2020May22nd,"장용성필름코팅정","(주)일화","분홍색의 원형 장용성 필름코팅정",03950,"효소제제","일반의약품","단일","[M095415]브로멜라인","분할불가","",20241101,1328101004
"분할주의",202003930,"오메그린캡슐(오메프라졸)",2020May27th,"경질캡슐제, 장용성과립제","(주)시어스제약","미황색의 장용성 과립이 충진된 상부 적갈색, 하부분홍색의 경질캡슐제",02320,"소화성궤양용제","전문의약품","단일","[M083697]오메프라졸장용성과립","분할불가","",20240327,5768100700
"분할주의",202003937,"넥스모틴서방정15밀리그램(모사프리드시트르산염수화물)",2020May28th,"서방성필름코팅정","(주)넥스팜코리아","분홍색의 장방형 서방성 필름코팅정제",02390,"기타의 소화기관용약","전문의약품","단일","[M234050]모사프리드시트르산염수화물/[M234050]모사프리드시트르산염수화물","분할불가","",20220315,3018125427
"분할주의",202003938,"모사프라서방정15밀리그램(모사프리드시트르산염수화물)",2020May28th,"서방성필름코팅정","안국약품(주)","분홍색의 장방형 서방성 필름코팅정제",02390,"기타의 소화기관용약","전문의약품","단일","[M234050]모사프리드시트르산염수화물/[M234050]모사프리드시트르산염수화물","분할불가","",20220310,1188104188
"분할주의",202003941,"타무날서방정0.2밀리그램(탐스로신염산염)",2020May28th,"서방정","(주)종근당","연한 노란색의 반점이 있는 흰색의 원형 서방정제이다.",02590,"기타의 비뇨생식기관 및 항문용약","전문의약품","단일","[M243979]탐스로신염산염","분할불가","",20241029,3128560679
"분할주의",202003978,"브롤라인장용정(브로멜라인)",2020May28th,"장용성필름코팅정","대화제약(주)","분홍색의 원형 장용성 필름코팅정",03950,"효소제제","일반의약품","단일","[M095415]브로멜라인","분할불가","","",1338122322
"분할주의",202004017,"브로멜란장용정(브로멜라인)",2020May29th,"장용성필름코팅정","(주)테라젠이텍스","분홍색의 원형 장용성 필름코팅정",03950,"효소제제","일반의약품","단일","[M095415]브로멜라인","분할불가","",20241021,1348545665
"분할주의",202004222,"린버크서방정15밀리그램(유파다시티닙반수화물)",2020June4th,"서방성필름코팅정","한국애브비(주)","한 면에 ""a15""가 새겨진 보라색의 양면이 볼록한 장방형 서방성 필름코팅정",01420,"자격요법제(비특이성면역억제제를 포함)","전문의약품","단일","[M270797]유파다시티닙반수화물","분할불가","",20260203,1208780221
"분할주의",202004830,"코코스텔서방캡슐",2020July2nd,"서방성캡슐제, 펠렛","한국휴텍스제약(주)","백색 내지 회백색의 구형과립이 들어있는 상하부 적색의 경질캡슐",01410,"항히스타민제","전문의약품","복합","[M203364]슈도에페드린염산염/[M085337]에바스틴","분할불가","",20250730,1128122382
"분할주의",202005052,"브로젠장용정45mg(브로멜라인)",2020July14th,"장용성필름코팅정","이연제약(주)","분홍색 타원형의 장용성 필름코팅정",03950,"효소제제","일반의약품","단일","[M095415]브로멜라인","분할불가","","",3018505394
"분할주의",202005265,"콘서타OROS서방정18밀리그램(메틸페니데이트염산염)",2020July22nd,"서방성필름코팅정","(주)한국얀센","노란색의 장방형 필름코팅 정제",01150,"각성제,흥분제","전문의약품","단일","[M223025]메틸페니데이트염산염/[M223025]메틸페니데이트염산염/[M223025]메틸페니데이트염산염","분할불가","","",1208111440
"분할주의",202005266,"콘서타OROS서방정27밀리그램(메틸페니데이트염산염)",2020July22nd,"서방성필름코팅정","(주)한국얀센","회색의 장방형 필름코팅 정제",01150,"각성제,흥분제","전문의약품","단일","[M223025]메틸페니데이트염산염/[M223025]메틸페니데이트염산염/[M223025]메틸페니데이트염산염","분할불가","","",1208111440
"분할주의",202006143,"브로멜장용정45밀리그램(브로멜라인)",2020September3rd,"장용성필름코팅정","(주)경보제약","분홍색 타원형의 장용성 필름코팅정",03950,"효소제제","일반의약품","단일","[M095415]브로멜라인","분할불가","","",3128104567
"분할주의",202006547,"멜라딘서방정2밀리그램(멜라토닌)",2020September22nd,"서방정","(주)비보존제약","흰색 내지 회백색의 원형 서방 정제",01120,"최면진정제","전문의약품","단일","[M278007]멜라토닌","분할불가","",20260506,1248199564
"분할주의",202006548,"멜핏서방정2밀리그램(멜라토닌)",2020September22nd,"서방정","대한뉴팜(주)","흰색 내지 회백색의 원형 서방 정제",01120,"최면진정제","전문의약품","단일","[M278007]멜라토닌","분할불가","",20260309,2298110729
"분할주의",202006549,"라톤서방정2밀리그램(멜라토닌)",2020September22nd,"서방정","에스케이케미칼(주)","흰색 내지 회백색의 원형 서방 정제",01120,"최면진정제","전문의약품","단일","[M278007]멜라토닌","분할불가","",20250430,8468100915
"분할주의",202006550,"서카레딥서방정2밀리그램(멜라토닌)",2020September22nd,"서방정","부광약품(주)","흰색 내지 회백색의 원형 서방 정제",01120,"최면진정제","전문의약품","단일","[M278007]멜라토닌","분할불가","",20260526,1188100450
"분할주의",202006551,"영진멜라토닌서방정2밀리그램",2020September22nd,"서방정","영진약품(주)","흰색 내지 회백색의 원형 서방 정제",01120,"최면진정제","전문의약품","단일","[M278007]멜라토닌","분할불가","",20241212,2188100352
"분할주의",202006576,"서카톤피알서방정2밀리그램(멜라토닌)",2020September23rd,"서방정","안국약품(주)","흰색 내지 회백색의 원형 서방 정제",01120,"최면진정제","전문의약품","단일","[M278007]멜라토닌","분할불가","",20260707,1188104188
"분할주의",202006577,"메카딘서방정2밀리그램(멜라토닌)",2020September23rd,"서방정","한국휴텍스제약(주)","흰색 내지 회백색의 양면이 볼록한 원형의 서방 정제",01120,"최면진정제","전문의약품","단일","[M278007]멜라토닌","분할불가","",20240112,1128122382
"분할주의",202008536,"젤잔즈XR서방정11밀리그램(토파시티닙시트르산염)",2020December7th,"서방정","한국화이자제약(주)","분홍색의 한쪽 옆면에 구멍이 있는 타원형 정제",01420,"자격요법제(비특이성면역억제제를 포함)","전문의약품","단일","[M259196]토파시티닙시트르산염","분할불가","",20250326,2078100406
"분할주의",202101443,"베타그론서방정50밀리그램(미라베그론)",2021February18th,"서방성필름코팅정","주식회사제뉴원사이언스","노란색의 타원형 필름코팅 서방정",02590,"기타의 비뇨생식기관 및 항문용약","전문의약품","단일","[M258610]미라베그론","분할불가","",20231130,6218542600
"분할주의",202101444,"베미가서방정50밀리그램(미라베그론)",2021February18th,"서방성필름코팅정","환인제약(주)","노란색의 타원형 필름코팅 서방정",02590,"기타의 비뇨생식기관 및 항문용약","전문의약품","단일","[M258610]미라베그론","분할불가","",20231201,2158136171
"분할주의",202101446,"미라론서방정50밀리그램(미라베그론)",2021February18th,"서방성필름코팅정","대원제약(주)","노란색의 타원형 필름코팅 서방정",02590,"기타의 비뇨생식기관 및 항문용약","전문의약품","단일","[M258610]미라베그론","분할불가","",20231201,2078136336
"분할주의",202101447,"미라베가서방정50밀리그램(미라베그론)",2021February18th,"서방성필름코팅정","(주)동구바이오제약","노란색의 타원형 필름코팅 서방정",02590,"기타의 비뇨생식기관 및 항문용약","전문의약품","단일","[M258610]미라베그론","분할불가","",20231201,1248533615
"분할주의",202101448,"미가론서방정50밀리그램(미라베그론)",2021February18th,"서방성필름코팅정","아주약품(주)","노란색의 타원형 필름코팅 서방정",02590,"기타의 비뇨생식기관 및 항문용약","전문의약품","단일","[M258610]미라베그론","분할불가","",20231201,8028803696
"분할주의",202101449,"베타미라서방정50밀리그램(미라베그론)",2021February18th,"서방성필름코팅정","한국휴텍스제약(주)","노란색의 타원형 필름코팅 서방정",02590,"기타의 비뇨생식기관 및 항문용약","전문의약품","단일","[M258610]미라베그론","분할불가","",20231201,1128122382
"분할주의",202101450,"뉴미가서방정50밀리그램(미라베그론)",2021February18th,"서방성필름코팅정","삼진제약(주)","노란색의 타원형 필름코팅 서방정",02590,"기타의 비뇨생식기관 및 항문용약","전문의약품","단일","[M258610]미라베그론","분할불가","",20240115,1248531621
"분할주의",202101452,"베미그론서방정50밀리그램(미라베그론)",2021February18th,"서방성필름코팅정","동광제약(주)","노란색의 타원형 필름코팅 서방정",02590,"기타의 비뇨생식기관 및 항문용약","전문의약품","단일","[M258610]미라베그론","분할불가","",20240329,2018644250
"분할주의",202101453,"미라엠서방정50밀리그램(미라베그론)",2021February18th,"서방성필름코팅정","(주)마더스제약","노란색의 타원형 필름코팅 서방정",02590,"기타의 비뇨생식기관 및 항문용약","전문의약품","단일","[M258610]미라베그론","분할불가","",20231201,3128629302
"분할주의",202101454,"베타믹서방정50밀리그램(미라베그론)",2021February18th,"서방성필름코팅정","주식회사더유제약","노란색의 타원형 필름코팅 서방정",02590,"기타의 비뇨생식기관 및 항문용약","전문의약품","단일","[M258610]미라베그론","분할불가","",20231201,1138669177
"분할주의",202101456,"하이베로서방정50밀리그램(미라베그론)",2021February18th,"서방성필름코팅정","일양약품(주)","노란색의 타원형 필름코팅 서방정",02590,"기타의 비뇨생식기관 및 항문용약","전문의약품","단일","[M258610]미라베그론","분할불가","",20231201,2098100872
"분할주의",202101459,"베타유론서방정50밀리그램(미라베그론)",2021February18th,"서방성필름코팅정","동국제약(주)","노란색의 타원형 필름코팅 서방정",02590,"기타의 비뇨생식기관 및 항문용약","전문의약품","단일","[M258610]미라베그론","분할불가","",20231201,3018508241
"분할주의",202101461,"뉴타미가서방정50밀리그램(미라베그론)",2021February18th,"서방성필름코팅정","(주)다산제약","노란색의 타원형 필름코팅 서방정",02590,"기타의 비뇨생식기관 및 항문용약","전문의약품","단일","[M258610]미라베그론","분할불가","",20250909,1058184395
"분할주의",202101462,"미라큐론서방정50밀리그램(미라베그론)",2021February18th,"서방성필름코팅정","주식회사큐엘파마","노란색의 타원형 필름코팅 서방정",02590,"기타의 비뇨생식기관 및 항문용약","전문의약품","단일","[M258610]미라베그론","분할불가","",20231201,1178152708
"분할주의",202101467,"휴베그론서방정50밀리그램(미라베그론)",2021February18th,"서방성필름코팅정","(주)휴온스","노란색의 타원형 필름코팅 서방정",02590,"기타의 비뇨생식기관 및 항문용약","전문의약품","단일","[M258610]미라베그론","분할불가","",20231201,8638700270
"분할주의",202101469,"보령미라베그론서방정50밀리그램",2021February18th,"서방성필름코팅정","(주)보령","노란색의 타원형 필름코팅서방정",02590,"기타의 비뇨생식기관 및 항문용약","전문의약품","단일","[M258610]미라베그론","분할불가","",20231201,2088100281
"분할주의",202101470,"지타미가서방정50밀리그램(미라베그론)",2021February18th,"서방성필름코팅정","대웅바이오(주)","노란색의 타원형 필름코팅 서방정",02590,"기타의 비뇨생식기관 및 항문용약","전문의약품","단일","[M258610]미라베그론","분할불가","",20231201,1248677584
"분할주의",202101472,"에이미가서방정50밀리그램(미라베그론)",2021February18th,"서방성필름코팅정","안국약품(주)","노란색의 타원형 필름코팅 서방정",02590,"기타의 비뇨생식기관 및 항문용약","전문의약품","단일","[M258610]미라베그론","분할불가","",20231201,1188104188
"분할주의",202101475,"타미가서방정50밀리그램(미라베그론)",2021February18th,"서방성필름코팅정","제이더블유신약(주)","노란색의 타원형 필름코팅 서방정",02590,"기타의 비뇨생식기관 및 항문용약","전문의약품","단일","[M258610]미라베그론","분할불가","",20231201,3128102332
"분할주의",202101477,"라블론서방정50밀리그램(미라베그론)",2021February18th,"서방성필름코팅정","경동제약(주)","노란색의 타원형 필름코팅 서방정",02590,"기타의 비뇨생식기관 및 항문용약","전문의약품","단일","[M258610]미라베그론","분할불가","",20231201,1248135518
"분할주의",202101478,"미라베서방정50밀리그램(미라베그론)",2021February18th,"서방성필름코팅정","(주)메디카코리아","노란색의 타원형 필름코팅 서방정",02590,"기타의 비뇨생식기관 및 항문용약","전문의약품","단일","[M258610]미라베그론","분할불가","",20231201,1208165228
"분할주의",202101869,"에스오텍디알서방캡슐40밀리그램(에스오메프라졸마그네슘이수화물)",2021February24th,"서방성캡슐제, 펠렛","대원제약(주)","흰색 내지 미황색의 원형 펠렛이 든 상부 분홍색 하부 분홍색의 서방성 경질 캡슐",02320,"소화성궤양용제","전문의약품","단일","[M259375]에스오메프라졸마그네슘이수화물/[M259375]에스오메프라졸마그네슘이수화물","분할불가","",20260115,2078136336
"분할주의",202101870,"에스오텍디알서방캡슐20밀리그램(에스오메프라졸마그네슘이수화물)",2021February24th,"서방성캡슐제, 펠렛","대원제약(주)","흰색 내지 미황색의 원형 펠렛이 든 상부 분홍색 하부 흰색의 서방성 경질 캡슐",02320,"소화성궤양용제","전문의약품","단일","[M259375]에스오메프라졸마그네슘이수화물/[M259375]에스오메프라졸마그네슘이수화물","분할불가","",20260115,2078136336
"분할주의",202101871,"유스메졸디알서방캡슐40밀리그램(에스오메프라졸마그네슘이수화물)",2021February24th,"서방성캡슐제, 펠렛","(주)유영제약","흰색 내지 미황색의 원형 펠렛이 든 상부 분홍색 하부 분홍색의 서방성 경질 캡슐",02320,"소화성궤양용제","전문의약품","단일","[M259375]에스오메프라졸마그네슘이수화물/[M259375]에스오메프라졸마그네슘이수화물","분할불가","",20260115,3018109728
"분할주의",202101872,"유스메졸디알서방캡슐20밀리그램(에스오메프라졸마그네슘이수화물)",2021February24th,"서방성캡슐제, 펠렛","(주)유영제약","흰색 내지 미황색의 원형 펠렛이 든 상부 분홍색 하부 흰색의 서방성 경질 캡슐",02320,"소화성궤양용제","전문의약품","단일","[M259375]에스오메프라졸마그네슘이수화물/[M259375]에스오메프라졸마그네슘이수화물","분할불가","",20260115,3018109728
"분할주의",202103063,"유한메트포르민서방정1000밀리그램(메트포르민염산염)",2021April13th,"서방성필름코팅정","(주)유한양행","흰색의 장방형 서방성 필름코팅정",03960,"당뇨병용제","전문의약품","단일","[M244179]메트포르민염산염","분할불가","",20230721,1188100601
"분할주의",202103374,"엔디멜라정",2021April26th,"장용성필름코팅정","주식회사 노바엠헬스케어","연녹색의 원형 장용성 필름코팅정",03950,"효소제제","일반의약품","복합","[M051649]결정트립신/[M095415]브로멜라인","분할불가","",20210630,3498801372
"분할주의",202104759,"클리어미정",2021June21st,"장용성필름코팅정","주식회사 노바엠헬스케어","녹색의 원형 장용성 필름코팅정",02380,"하제, 완장제","일반의약품","복합","[M050687]비사코딜/[M081950]도큐세이트나트륨","분할불가","","",3498801372
"분할주의",202104810,"파로자트씨알정12.5밀리그램(파록세틴염산염수화물)",2021June23rd,"장용성필름코팅정","한림제약(주)","노란색의 원형 장용성 필름코팅정제",01170,"정신신경용제","전문의약품","단일","[M222896]파록세틴염산염수화물","분할불가","",20230731,1358102638
"분할주의",202104811,"파로자트씨알정25밀리그램(파록세틴염산염수화물)",2021June23rd,"장용성필름코팅정","한림제약(주)","분홍색의 원형 장용성 필름코팅정제",01170,"정신신경용제","전문의약품","단일","[M222896]파록세틴염산염수화물","분할불가","",20230731,1358102638
"분할주의",202104931,"레미닐피알서방캡슐24밀리그램(갈란타민브롬화수소산염)",2021June29th,"서방성캡슐제, 펠렛","클리니젠코리아(유)","흰색 내지 미백색 서방성 과립이 들어있는 연한 갈색의 경질캡슐",01190,"기타의 중추신경용약","전문의약품","단일","[M243021]갈란타민브롬화수소산염/[M243021]갈란타민브롬화수소산염","분할불가","",20230728,2428602566
"분할주의",202104932,"레미닐피알서방캡슐16밀리그램(갈란타민브롬화수소산염)",2021June29th,"서방성캡슐제, 펠렛","클리니젠코리아(유)","흰색 내지 미백색 서방성 과립이 들어있는 분홍색의 경질캡슐",01190,"기타의 중추신경용약","전문의약품","단일","[M243021]갈란타민브롬화수소산염/[M243021]갈란타민브롬화수소산염","분할불가","",20230728,2428602566
"분할주의",202104933,"레미닐피알서방캡슐8밀리그램(갈란타민브롬화수소산염)",2021June29th,"서방성캡슐제, 펠렛","클리니젠코리아(유)","흰색 내지 미백색 서방성 과립이 들어있는 흰색의 경질캡슐",01190,"기타의 중추신경용약","전문의약품","단일","[M243021]갈란타민브롬화수소산염/[M243021]갈란타민브롬화수소산염","분할불가","",20230728,2428602566
"분할주의",202104963,"라파진씨알서방정(레보드로프로피진)",2021June30th,"서방성다층정","(주)제뉴파마","흰색 내지 연한 노란색 상부와 흰색 하부의 두층으로 이루어진 장방형 서방정",02220,"진해거담제","전문의약품","단일","[M253916]레보드로프로피진/[M253916]레보드로프로피진","분할불가","",20220515,7338802047
"분할주의",202104964,"드로피진씨알서방정(레보드로프로피진)",2021June30th,"서방성다층정","코오롱제약(주)","흰색 내지 연한 노란색 상부와 흰색 하부의 두층으로 이루어진 장방형 서방정",02220,"진해거담제","전문의약품","단일","[M253916]레보드로프로피진/[M253916]레보드로프로피진","분할불가","",20220515,3068507363
"분할주의",202104966,"레드보르씨알서방정(레보드로프로피진)",2021June30th,"서방성다층정","한국휴텍스제약(주)","흰색 내지 연한 노란색 상부와 흰색 하부의 두층으로 이루어진 장방형 서방정",02220,"진해거담제","전문의약품","단일","[M253916]레보드로프로피진/[M253916]레보드로프로피진","분할불가","",20220515,1128122382
"분할주의",202104967,"피드로씨알서방정(레보드로프로피진)",2021June30th,"서방성다층정","한국프라임제약(주)","흰색 내지 연한 노란색 상부와 흰색 하부의 두층으로 이루어진 장방형 서방정",02220,"진해거담제","전문의약품","단일","[M253916]레보드로프로피진/[M253916]레보드로프로피진","분할불가","",20220515,4028524506
"분할주의",202104968,"로프레씨알서방정(레보드로프로피진)",2021June30th,"서방성다층정","건일바이오팜주식회사","흰색 내지 연한 노란색 상부와 흰색 하부의 두층으로 이루어진 장방형 서방정",02220,"진해거담제","전문의약품","단일","[M253916]레보드로프로피진/[M253916]레보드로프로피진","분할불가","",20220515,6848801858
"분할주의",202104975,"레보트로서방정(레보드로프로피진)",2021June30th,"서방성다층정","신일제약(주)","흰색 내지 연한 노란색 상부와 흰색 하부의 두층으로 이루어진 장방형 서방정",02220,"진해거담제","전문의약품","단일","[M253916]레보드로프로피진/[M253916]레보드로프로피진","분할불가","",20220615,3038113742
"분할주의",202104977,"레코푸씨알서방정(레보드로프로피진)",2021June30th,"서방성다층정","하나제약(주)","흰색 내지 연한 노란색 상부와 흰색 하부의 두층으로 이루어진 장방형 서방정",02220,"진해거담제","전문의약품","단일","[M253916]레보드로프로피진/[M253916]레보드로프로피진","분할불가","",20220515,1248137632
"분할주의",202104978,"레푸로진씨알서방정(레보드로프로피진)",2021June30th,"서방성다층정","삼천당제약(주)","흰색 내지 연한 노란색 상부와 흰색 하부의 두층으로 이루어진 장방형 서방정",02220,"진해거담제","전문의약품","단일","[M253916]레보드로프로피진/[M253916]레보드로프로피진","분할불가","",20220522,1248104295
"분할주의",202104979,"레보투스씨알서방정90밀리그램(레보드로프로피진)",2021June30th,"서방성다층정","현대약품(주)","흰색 내지 연한 노란색 상부와 흰색 하부의 두층으로 이루어진 장방형 서방정",02220,"진해거담제","전문의약품","단일","[M253916]레보드로프로피진/[M253916]레보드로프로피진","분할불가","",20220515,1308100988
"분할주의",202104980,"프로코푸씨알서방정(레보드로프로피진)",2021June30th,"서방성다층정","(주)동구바이오제약","흰색 내지 연한 노란색 상부와 흰색 하부의 두층으로 이루어진 장방형 서방정",02220,"진해거담제","전문의약품","단일","[M253916]레보드로프로피진/[M253916]레보드로프로피진","분할불가","",20220515,1248533615
"분할주의",202104981,"레보펙트씨알서방정(레보드로프로피진)",2021June30th,"서방성다층정","삼진제약(주)","흰색 내지 연한 노란색 상부와 흰색 하부의 두층으로 이루어진 장방형 서방정",02220,"진해거담제","전문의약품","단일","[M253916]레보드로프로피진/[M253916]레보드로프로피진","분할불가","",20220515,1248531621
"분할주의",202104996,"글루파엑스알서방정850밀리그램(메트포르민염산염)",2021June30th,"서방성필름코팅정","(주)다림바이오텍","흰색의 장방형 서방성 필름코팅정",03960,"당뇨병용제","전문의약품","단일","[M244179]메트포르민염산염","분할불가","",20230721,1248177594
"분할주의",202105319,"위엔자임정",2021July13th,"장용성필름코팅정","주식회사 노바엠헬스케어","연녹색의 타원형 장용성 필름코팅정",02330,"건위소화제","일반의약품","복합","[M040678]판크레아틴/[M100297]셀룰라제/[M273864]우담즙 건조엑스/[M223083]시메티콘","분할불가","",20210727,3498801372
"분할주의",202105531,"와이투아스피린장용정100밀리그램(아스피린)",2021July23rd,"장용성필름코팅정","성이바이오제약주식회사","흰색의 원형 장용성 필름코팅정",02190,"기타의 순환계용약","일반의약품","단일","[M040355]아스피린","분할불가","",20250415,3498703107
"분할주의",202105747,"레트로진서방정(레보드로프로피진)",2021August4th,"서방성다층정","(주)인트로바이오파마","흰색 내지 연한 노란색 상부와 흰색 하부의 두층으로 이루어진 장방형 서방정",02220,"진해거담제","전문의약품","단일","[M253916]레보드로프로피진/[M253916]레보드로프로피진","분할불가","",20220515,1348673663
"분할주의",202106009,"디낙스정50밀리그램 (디클로페낙나트륨)",2021August18th,"장용성필름코팅정","지엘파마(주)","흰색 내지 미황색의 원형 장용코팅정",01140,"해열.진통.소염제","전문의약품","단일","[M050288]디클로페낙나트륨","분할불가","",20260220,1238114470
"분할주의",202106561,"빈비정",2021September15th,"장용성필름코팅정","정우신약(주)","녹색의 원형 장용성 필름코팅정제",02380,"하제, 완장제","일반의약품","복합","[M081950]도큐세이트나트륨/[M050687]비사코딜","분할불가","","",1048158517
"분할주의",202106621,"피디펙솔서방정0.375밀리그램(프라미펙솔염산염일수화물)",2021September23rd,"서방정","명인제약(주)","흰색 원형의 서방성 정제",01190,"기타의 중추신경용약","전문의약품","단일","[M247162]프라미펙솔염산염일수화물","분할불가","","",1248118673
"분할주의",202106692,"푸로골서방캡슐120밀리그램(딜티아젬염산염)",2021September29th,"서방성캡슐제, 펠렛","(주)한국유니팜","흰색 내지 거의 흰색의 펠렛이 든 상하부 흰색의 불투명 경질캡슐제",02170,"혈관확장제","전문의약품","단일","[M222982]딜티아젬염산염","분할불가","",20240319,2158177702
"분할주의",202106693,"푸로골서방캡슐180밀리그램(딜티아젬염산염)",2021September29th,"서방성캡슐제, 펠렛","(주)한국유니팜","흰색 내지 거의 흰색의 펠렛이 든 상하부 흰색의 불투명 경질캡슐제",02170,"혈관확장제","전문의약품","단일","[M222982]딜티아젬염산염","분할불가","",20240319,2158177702
"분할주의",202106824,"다파엔듀오서방정10/1000밀리그램",2021October8th,"서방성필름코팅정","에이치케이이노엔(주)","노란색의 양면이 볼록한 달걀형 필름코팅정",03960,"당뇨병용제","전문의약품","복합","[M268251]다파글리플로진시트르산/[M244179]메트포르민염산염","분할불가","",20251107,2018638914
"분할주의",202106825,"다파엔듀오서방정5/1000밀리그램",2021October8th,"서방성필름코팅정","에이치케이이노엔(주)","진한 분홍색의 양면이 볼록한 달걀형 필름코팅정",03960,"당뇨병용제","전문의약품","복합","[M268251]다파글리플로진시트르산/[M244179]메트포르민염산염","분할불가","",20251107,2018638914
"분할주의",202106826,"듀오리치서방정10/1000밀리그램",2021October8th,"서방성필름코팅정","풍림무약(주)","노란색의 양면이 볼록한 달걀형 필름코팅정",03960,"당뇨병용제","전문의약품","복합","[M268251]다파글리플로진시트르산/[M244179]메트포르민염산염","분할불가","",20251107,1248509319
"분할주의",202106827,"듀오리치서방정5/1000밀리그램",2021October8th,"서방성필름코팅정","풍림무약(주)","진한 분홍색의 양면이 볼록한 달걀형 필름코팅정",03960,"당뇨병용제","전문의약품","복합","[M268251]다파글리플로진시트르산/[M244179]메트포르민염산염","분할불가","",20251107,1248509319
"분할주의",202106884,"멜라웰서방정2밀리그램(멜라토닌)",2021October13th,"서방정","동국제약(주)","흰색 내지 회백색의 양면이 볼록한 원형의 서방 정제",01120,"최면진정제","전문의약품","단일","[M278007]멜라토닌","분할불가","",20240207,3018508241
"분할주의",202106894,"멜라원서방정2밀리그램(멜라토닌)",2021October13th,"서방정","한올바이오파마(주)","흰색 내지 회백색의 양면이 볼록한 원형의 서방 정제",01120,"최면진정제","전문의약품","단일","[M278007]멜라토닌","분할불가","",20240702,3068105479
"분할주의",202107096,"이텍스판토프라졸정(판토프라졸나트륨세스키히드레이트)",2021October25th,"장용성필름코팅정","(주)테라젠이텍스","황색의 장용성 코팅을 한 타원형 정제",02320,"소화성궤양용제","전문의약품","단일","[M089465]판토프라졸나트륨세스키히드레이트","분할불가","",20230724,1348545665
"분할주의",202107123,"셀레베타서방정25밀리그램(미라베그론수화물)",2021October25th,"서방성필름코팅정","(주)종근당","갈색의 달걀형 필름코팅서방정",02590,"기타의 비뇨생식기관 및 항문용약","전문의약품","단일","[M283187]미라베그론수화물","분할불가","",20231213,3128560679
"분할주의",202107146,"비큐락스정",2021October27th,"장용성필름코팅정","오스틴제약(주)","연두색의 원형 장용코팅정",02380,"하제, 완장제","일반의약품","복합","[M050687]비사코딜/[M081950]도큐세이트나트륨","분할불가","",20240129,1248117301
"분할주의",202107219,"플로가듀오서방정5/1000밀리그램",2021October29th,"서방성필름코팅정","(주)넥스팜코리아","진한 분홍색의 양면이 볼록한 달걀형 필름코팅정",03960,"당뇨병용제","전문의약품","복합","[M268251]다파글리플로진시트르산/[M244179]메트포르민염산염","분할불가","",20251107,3018125427
"분할주의",202107220,"플로가듀오서방정10/1000밀리그램",2021October29th,"서방성필름코팅정","(주)넥스팜코리아","노란색의 양면이 볼록한 달걀형 필름코팅정",03960,"당뇨병용제","전문의약품","복합","[M268251]다파글리플로진시트르산/[M244179]메트포르민염산염","분할불가","",20251107,3018125427
"분할주의",202107384,"레브로신씨알서방정(레보드로프로피진)",2021November10th,"서방성다층정","(주)이든파마","흰색 내지 연한 노란색 상부와 흰색 하부의 두층으로 이루어진 장방형 서방정",02220,"진해거담제","전문의약품","단일","[M253916]레보드로프로피진/[M253916]레보드로프로피진","분할불가","",20220515,2648120986
"분할주의",202107475,"엑시글루엠서방정10/1000밀리그램",2021November15th,"서방성필름코팅정","(주)종근당","노란색 ∼ 진한 노란색의 양면이 볼록한 타원형의 서방성 필름코팅정",03960,"당뇨병용제","전문의약품","복합","[M244179]메트포르민염산염/[M267839]다파글리플로진","분할불가","",20251107,3128560679
"분할주의",202107476,"엑시글루엠서방정10/500밀리그램",2021November15th,"서방성필름코팅정","(주)종근당","분홍색의 양면이 볼록한 장방형의 서방성 필름코팅정",03960,"당뇨병용제","전문의약품","복합","[M244179]메트포르민염산염/[M267839]다파글리플로진","분할불가","",20251107,3128560679
"분할주의",202107477,"엑시글루엠서방정5/1000밀리그램",2021November15th,"서방성필름코팅정","(주)종근당","분홍색 ∼ 진한 분홍색의 양면이 볼록한 타원형의 서방성 필름코팅정",03960,"당뇨병용제","전문의약품","복합","[M244179]메트포르민염산염/[M267839]다파글리플로진","분할불가","",20251107,3128560679
"분할주의",202107478,"엑시글루엠서방정5/500밀리그램",2021November15th,"서방성필름코팅정","(주)종근당","주황색의 양면이 볼록한 장방형의 서방성 필름코팅정",03960,"당뇨병용제","전문의약품","복합","[M244179]메트포르민염산염/[M267839]다파글리플로진","분할불가","",20251107,3128560679
"분할주의",202107591,"판크론에프정",2021November23rd,"장용성필름코팅정","영진약품(주)","연두색의 장방형 장용코팅정",02330,"건위소화제","일반의약품","복합","[M040678]판크레아틴/[M273864]우담즙 건조엑스/[M227778]디메티콘/[M100297]셀룰라제","분할불가","","",2188100352
"분할주의",202107857,"서울에페리손서방정(에페리손염산염)",2021December8th,"서방성필름코팅정","(주)서울제약","흰색 내지 거의 흰색의 원형 서방성 필름코팅정",01220,"골격근이완제","전문의약품","단일","[M232172]에페리손염산염","분할불가","","",1338130405
"분할주의",202108077,"다파메트서방정10/500밀리그램",2021December23rd,"서방성필름코팅정","경동제약(주)","분홍색의 양면이 볼록한 타원형의 필름코팅정",03960,"당뇨병용제","전문의약품","복합","[M268453]다파글리플로진비스L-프롤린/[M244179]메트포르민염산염","분할불가","",20251107,1248135518
"분할주의",202108078,"다파메트서방정10/1000밀리그램",2021December23rd,"서방성필름코팅정","경동제약(주)","노란색~진한 노란색의 양면이 볼록한 타원형 필름코팅정",03960,"당뇨병용제","전문의약품","복합","[M268453]다파글리플로진비스L-프롤린/[M244179]메트포르민염산염","분할불가","",20260515,1248135518
"분할주의",202108193,"활명큐정",2021December30th,"장용성필름코팅정","동화약품(주)","녹색의 장방형 장용성 필름코팅정",02330,"건위소화제","일반의약품","복합","[M040678]판크레아틴/[M223167]우르소데옥시콜산/[M223083]시메티콘/[M050379]리파제/[M095415]브로멜라인","분할불가","",20230306,1108100102
"분할주의",202108205,"피디펙솔서방정1.5밀리그램(프라미펙솔염산염일수화물)",2021December31st,"서방정","명인제약(주)","흰색 타원형의 서방성 정제",01190,"기타의 중추신경용약","전문의약품","단일","[M247162]프라미펙솔염산염일수화물","분할불가","","",1248118673
"분할주의",202108206,"피디펙솔서방정0.75밀리그램(프라미펙솔염산염일수화물)",2021December31st,"서방정","명인제약(주)","흰색 원형의 서방성 정제",01190,"기타의 중추신경용약","전문의약품","단일","[M247162]프라미펙솔염산염일수화물","분할불가","","",1248118673
"분할주의",202200014,"메이놀정",2022January3rd,"장용성필름코팅정","(주)바스칸바이오제약","연두색의 원형 장용성 필름코팅정제",02380,"하제, 완장제","일반의약품","복합","[M050687]비사코딜/[M081950]도큐세이트나트륨","분할불가","","",1258116421
"분할주의",202200401,"에필라탐서방정500밀리그램(레비티라세탐)",2022January24th,"서방성필름코팅정","삼진제약(주)","흰색의 타원형 서방성 필름코팅정제",01130,"항전간제","전문의약품","단일","[M096537]레비티라세탐","분할불가","",20240809,1248531621
"분할주의",202200407,"타이레놀8시간이알서방정(아세트아미노펜)",2022January25th,"서방성필름코팅정","켄뷰코리아판매유한회사","흰색의 장방형 서방성 필름코팅정제",01140,"해열.진통.소염제","일반의약품","단일","[M040353]아세트아미노펜/[M040353]아세트아미노펜","분할불가","",20260122,1068649891
"분할주의",202200501,"데팍신서방정25밀리그램(데스벤라팍신)",2022January28th,"서방성필름코팅정","환인제약(주)","흰색의 정사각형의 서방성 필름코팅정",01170,"정신신경용제","전문의약품","단일","[M268885]데스벤라팍신","분할불가","",20240328,2158136171
"분할주의",202201070,"린버크서방정30밀리그램(유파다시티닙반수화물)",2022March15th,"서방성필름코팅정","한국애브비(주)","한 면에 ""a30""이 새겨진 빨간색의 양면이 볼록한 장방형 서방성 필름코팅정",01420,"자격요법제(비특이성면역억제제를 포함)","전문의약품","단일","[M270797]유파다시티닙반수화물","분할불가","",20260203,1208780221
"분할주의",202201136,"란프라캡슐15밀리그램(란소프라졸과립)",2022March22nd,"경질캡슐제, 장용성과립제","대웅바이오(주)","흰색-엷은 갈색의 과립을 충진한 상부 흰색, 하부 노란색의 경질캡슐제",02320,"소화성궤양용제","전문의약품","단일","[M111076]란소프라졸 과립","분할불가","",20240913,1248677584
"분할주의",202201173,"울트라셋이알서방정",2022March24th,"서방성필름코팅정","(주)한국얀센","노란색의 장방형 필름코팅 서방정제",01140,"해열.진통.소염제","전문의약품","복합","[M040353]아세트아미노펜/[M222893]트라마돌염산염/[M040353]아세트아미노펜/[M222893]트라마돌염산염","분할불가","",20260219,1208111440
"분할주의",202201174,"울트라셋이알세미서방정",2022March24th,"서방성필름코팅정","(주)한국얀센","노란색의 원형 필름코팅 서방정제",01140,"해열.진통.소염제","전문의약품","복합","[M040353]아세트아미노펜/[M222893]트라마돌염산염/[M040353]아세트아미노펜/[M222893]트라마돌염산염","분할불가","",20260219,1208111440
"분할주의",202201237,"테네글립엠서방정20/1000밀리그램",2022March29th,"서방성필름코팅정","(주)마더스제약","분홍색의 달걀형 서방성 필름코팅정",03960,"당뇨병용제","전문의약품","복합","[M279438]테네리글립틴염산염수화물/[M244179]메트포르민염산염","분할불가","",20230614,3128629302
"분할주의",202201238,"테네글립엠서방정10/750밀리그램",2022March29th,"서방성필름코팅정","(주)마더스제약","노란색의 달걀형 서방성 필름코팅정",03960,"당뇨병용제","전문의약품","복합","[M279438]테네리글립틴염산염수화물/[M244179]메트포르민염산염","분할불가","",20230614,3128629302
"분할주의",202201239,"테네글립엠서방정10/500밀리그램",2022March29th,"서방성필름코팅정","(주)마더스제약","주황색의 달걀형 서방성 필름코팅정",03960,"당뇨병용제","전문의약품","복합","[M279438]테네리글립틴염산염수화물/[M244179]메트포르민염산염","분할불가","",20230614,3128629302
"분할주의",202201292,"테네글엠서방정10/500밀리그램(테네리글립틴염산염수화물, 메트포르민염산염)",2022April1st,"서방성필름코팅정","(주)한풍제약","주황색의 달걀형 서방성 필름코팅정",03960,"당뇨병용제","전문의약품","복합","[M279438]테네리글립틴염산염수화물/[M244179]메트포르민염산염","분할불가","",20230710,4028532516
"분할주의",202201293,"테네글엠서방정10/750밀리그램(테네리글립틴염산염수화물, 메트포르민염산염)",2022April1st,"서방성필름코팅정","(주)한풍제약","노란색의 달걀형 서방성 필름코팅정",03960,"당뇨병용제","전문의약품","복합","[M279438]테네리글립틴염산염수화물/[M244179]메트포르민염산염","분할불가","",20230710,4028532516
"분할주의",202201294,"테네글엠서방정20/1000밀리그램(테네리글립틴염산염수화물, 메트포르민염산염)",2022April1st,"서방성필름코팅정","(주)한풍제약","분홍색의 달걀형 서방성 필름코팅정",03960,"당뇨병용제","전문의약품","복합","[M279438]테네리글립틴염산염수화물/[M244179]메트포르민염산염","분할불가","",20260616,4028532516
"분할주의",202201303,"디포테리엠서방정20/1000밀리그램(테네리글립틴염산염수화물, 메트포르민염산염)",2022April4th,"서방성필름코팅정","이연제약(주)","분홍색의 달걀형 서방성 필름코팅정",03960,"당뇨병용제","전문의약품","복합","[M279438]테네리글립틴염산염수화물/[M244179]메트포르민염산염","분할불가","",20230614,3018505394
"분할주의",202201304,"디포테리엠서방정10/750밀리그램(테네리글립틴염산염수화물, 메트포르민염산염)",2022April4th,"서방성필름코팅정","이연제약(주)","노란색의 달걀형 서방성 필름코팅정",03960,"당뇨병용제","전문의약품","복합","[M279438]테네리글립틴염산염수화물/[M244179]메트포르민염산염","분할불가","",20230614,3018505394
"분할주의",202201305,"디포테리엠서방정10/500밀리그램(테네리글립틴염산염수화물, 메트포르민염산염)",2022April4th,"서방성필름코팅정","이연제약(주)","주황색의 달걀형 서방성 필름코팅정",03960,"당뇨병용제","전문의약품","복합","[M279438]테네리글립틴염산염수화물/[M244179]메트포르민염산염","분할불가","",20230614,3018505394
"분할주의",202201306,"다낼리아엠서방정20/1000밀리그램",2022April4th,"서방성필름코팅정","한국휴텍스제약(주)","분홍색의 달걀형 서방성 필름코팅정",03960,"당뇨병용제","전문의약품","복합","[M279438]테네리글립틴염산염수화물/[M244179]메트포르민염산염","분할불가","",20230614,1128122382
"분할주의",202201307,"다낼리아엠서방정10/750밀리그램",2022April4th,"서방성필름코팅정","한국휴텍스제약(주)","노란색의 달걀형 서방성 필름코팅정",03960,"당뇨병용제","전문의약품","복합","[M279438]테네리글립틴염산염수화물/[M244179]메트포르민염산염","분할불가","",20230614,1128122382
"분할주의",202201308,"다낼리아엠서방정10/500밀리그램",2022April4th,"서방성필름코팅정","한국휴텍스제약(주)","주황색의 달걀형 서방성 필름코팅정",03960,"당뇨병용제","전문의약품","복합","[M279438]테네리글립틴염산염수화물/[M244179]메트포르민염산염","분할불가","",20230614,1128122382
"분할주의",202201309,"테넬엠서방정20/1000밀리그램",2022April4th,"서방성필름코팅정","(주)메디카코리아","분홍색의 달걀형 서방성 필름코팅정",03960,"당뇨병용제","전문의약품","복합","[M279438]테네리글립틴염산염수화물/[M244179]메트포르민염산염","분할불가","",20230614,1208165228
"분할주의",202201310,"테넬엠서방정10/750밀리그램",2022April4th,"서방성필름코팅정","(주)메디카코리아","노란색의 달걀형 서방성 필름코팅정",03960,"당뇨병용제","전문의약품","복합","[M279438]테네리글립틴염산염수화물/[M244179]메트포르민염산염","분할불가","",20230614,1208165228
"분할주의",202201311,"테넬엠서방정10/500밀리그램",2022April4th,"서방성필름코팅정","(주)메디카코리아","주황색의 달걀형 서방성 필름코팅정",03960,"당뇨병용제","전문의약품","복합","[M279438]테네리글립틴염산염수화물/[M244179]메트포르민염산염","분할불가","",20230614,1208165228
"분할주의",202201312,"테글리엠서방정20/1000밀리그램",2022April4th,"서방성필름코팅정","신일제약(주)","분홍색의 달걀형 서방성 필름코팅정",03960,"당뇨병용제","전문의약품","복합","[M279438]테네리글립틴염산염수화물/[M244179]메트포르민염산염","분할불가","",20230614,3038113742
"분할주의",202201313,"테글리엠서방정10/750밀리그램",2022April4th,"서방성필름코팅정","신일제약(주)","노란색의 달걀형 서방성 필름코팅정",03960,"당뇨병용제","전문의약품","복합","[M279438]테네리글립틴염산염수화물/[M244179]메트포르민염산염","분할불가","",20220609,3038113742
"분할주의",202201314,"테글리엠서방정10/500밀리그램",2022April4th,"서방성필름코팅정","신일제약(주)","주황색의 달걀형 서방성 필름코팅정",03960,"당뇨병용제","전문의약품","복합","[M279438]테네리글립틴염산염수화물/[M244179]메트포르민염산염","분할불가","",20230614,3038113742
"분할주의",202201315,"테넬라엠서방정20/1000밀리그램(테네리글립틴염산염수화물, 메트포르민염산염)",2022April4th,"서방성필름코팅정","(주)다림바이오텍","분홍색의 달걀형 서방성필름코팅정",03960,"당뇨병용제","전문의약품","복합","[M279438]테네리글립틴염산염수화물/[M244179]메트포르민염산염","분할불가","",20230614,1248177594
"분할주의",202201316,"테넬라엠서방정10/750밀리그램(테네리글립틴염산염수화물, 메트포르민염산염)",2022April4th,"서방성필름코팅정","(주)다림바이오텍","노란색의 달걀형 서방성 필름코팅정",03960,"당뇨병용제","전문의약품","복합","[M279438]테네리글립틴염산염수화물/[M244179]메트포르민염산염","분할불가","",20230614,1248177594
"분할주의",202201317,"테넬라엠서방정10/500밀리그램(테네리글립틴염산염수화물, 메트포르민염산염)",2022April4th,"서방성필름코팅정","(주)다림바이오텍","주황색의 달걀형 서방성 필름코팅정",03960,"당뇨병용제","전문의약품","복합","[M279438]테네리글립틴염산염수화물/[M244179]메트포르민염산염","분할불가","",20230614,1248177594
"분할주의",202201318,"테넬포민서방정10/750밀리그램",2022April4th,"서방성필름코팅정","대한뉴팜(주)","노란색의 달걀형 서방성 필름코팅정",03960,"당뇨병용제","전문의약품","복합","[M279438]테네리글립틴염산염수화물/[M244179]메트포르민염산염","분할불가","",20230614,2298110729
"분할주의",202201319,"테넬포민서방정10/500밀리그램",2022April4th,"서방성필름코팅정","대한뉴팜(주)","주황색의 달걀형 서방성 필름코팅정",03960,"당뇨병용제","전문의약품","복합","[M279438]테네리글립틴염산염수화물/[M244179]메트포르민염산염","분할불가","",20230614,2298110729
"분할주의",202201320,"테넬포민서방정20/1000밀리그램",2022April4th,"서방성필름코팅정","대한뉴팜(주)","분홍색의 달걀형 서방성 필름코팅정",03960,"당뇨병용제","전문의약품","복합","[M279438]테네리글립틴염산염수화물/[M244179]메트포르민염산염","분할불가","",20230614,2298110729
"분할주의",202201321,"유테네엠서방정10/500밀리그램",2022April4th,"서방성필름코팅정","(주)유영제약","주황색의 달걀형 서방성 필름코팅정",03960,"당뇨병용제","전문의약품","복합","[M279438]테네리글립틴염산염수화물/[M244179]메트포르민염산염","분할불가","",20230614,3018109728
"분할주의",202201322,"유테네엠서방정20/1000밀리그램",2022April4th,"서방성필름코팅정","(주)유영제약","분홍색의 달걀형 서방성 필름코팅정",03960,"당뇨병용제","전문의약품","복합","[M279438]테네리글립틴염산염수화물/[M244179]메트포르민염산염","분할불가","",20230614,3018109728
"분할주의",202201323,"유테네엠서방정10/750밀리그램",2022April4th,"서방성필름코팅정","(주)유영제약","노란색의 달걀형 서방성 필름코팅정",03960,"당뇨병용제","전문의약품","복합","[M279438]테네리글립틴염산염수화물/[M244179]메트포르민염산염","분할불가","",20230614,3018109728
"분할주의",202201324,"테네립틴엠서방정10/500밀리그램",2022April4th,"서방성필름코팅정","에이치엘비제약(주)","주황색의 달걀형 서방성 필름코팅정",03960,"당뇨병용제","전문의약품","복합","[M279438]테네리글립틴염산염수화물/[M244179]메트포르민염산염","분할불가","",20230614,2088125623
"분할주의",202201325,"테네립틴엠서방정10/750밀리그램",2022April4th,"서방성필름코팅정","에이치엘비제약(주)","노란색의 달걀형 서방성 필름코팅정",03960,"당뇨병용제","전문의약품","복합","[M279438]테네리글립틴염산염수화물/[M244179]메트포르민염산염","분할불가","",20230614,2088125623
"분할주의",202201326,"테네립틴엠서방정20/1000밀리그램",2022April4th,"서방성필름코팅정","에이치엘비제약(주)","분홍색의 달걀형 서방성 필름코팅정",03960,"당뇨병용제","전문의약품","복합","[M279438]테네리글립틴염산염수화물/[M244179]메트포르민염산염","분할불가","",20230614,2088125623
"분할주의",202201327,"테네스엠서방정20/1000밀리그램",2022April4th,"서방성필름코팅정","아주약품(주)","분홍색의 달걀형 서방성 필름코팅정",03960,"당뇨병용제","전문의약품","복합","[M279438]테네리글립틴염산염수화물/[M244179]메트포르민염산염","분할불가","",20230614,8028803696
"분할주의",202201328,"테네스엠서방정10/750밀리그램",2022April4th,"서방성필름코팅정","아주약품(주)","노란색의 달걀형 서방성 필름코팅정",03960,"당뇨병용제","전문의약품","복합","[M279438]테네리글립틴염산염수화물/[M244179]메트포르민염산염","분할불가","",20230614,8028803696
"분할주의",202201329,"테네스엠서방정10/500밀리그램",2022April4th,"서방성필름코팅정","아주약품(주)","주황색의 달걀형 서방성 필름코팅정",03960,"당뇨병용제","전문의약품","복합","[M279438]테네리글립틴염산염수화물/[M244179]메트포르민염산염","분할불가","",20230614,8028803696
"분할주의",202201330,"테네틴엠서방정20/1000밀리그램",2022April4th,"서방성필름코팅정","대원제약(주)","분홍색의 달걀형 서방성 필름코팅정",03960,"당뇨병용제","전문의약품","복합","[M279438]테네리글립틴염산염수화물/[M244179]메트포르민염산염","분할불가","",20230614,2078136336
"분할주의",202201331,"테네틴엠서방정10/750밀리그램",2022April4th,"서방성필름코팅정","대원제약(주)","노란색의 달걀형 서방성 필름코팅정",03960,"당뇨병용제","전문의약품","복합","[M279438]테네리글립틴염산염수화물/[M244179]메트포르민염산염","분할불가","",20230614,2078136336
"분할주의",202201332,"테네틴엠서방정10/500밀리그램",2022April4th,"서방성필름코팅정","대원제약(주)","주황색의 달걀형 서방성 필름코팅정",03960,"당뇨병용제","전문의약품","복합","[M279438]테네리글립틴염산염수화물/[M244179]메트포르민염산염","분할불가","",20230614,2078136336
"분할주의",202201409,"테넬디엠서방정20/1000밀리그램",2022April4th,"서방성필름코팅정","국제약품(주)","분홍색의 달걀형 서방성 필름코팅정",03960,"당뇨병용제","전문의약품","복합","[M279438]테네리글립틴염산염수화물/[M244179]메트포르민염산염","분할불가","",20230614,2078100309
"분할주의",202201410,"테넬디엠서방정10/750밀리그램",2022April4th,"서방성필름코팅정","국제약품(주)","노란색의 달걀형 서방성 필름코팅정",03960,"당뇨병용제","전문의약품","복합","[M279438]테네리글립틴염산염수화물/[M244179]메트포르민염산염","분할불가","",20230614,2078100309
"분할주의",202201411,"테넬디엠서방정10/500밀리그램",2022April4th,"서방성필름코팅정","국제약품(주)","주황색의 달걀형 서방성 필름코팅정",03960,"당뇨병용제","전문의약품","복합","[M279438]테네리글립틴염산염수화물/[M244179]메트포르민염산염","분할불가","",20230614,2078100309
"분할주의",202201420,"티네글립엠서방정20/1000밀리그램",2022April4th,"서방성필름코팅정","(주)바이넥스","분홍색의 달걀형 서방성 필름코팅정",03960,"당뇨병용제","전문의약품","복합","[M279438]테네리글립틴염산염수화물/[M244179]메트포르민염산염","분할불가","",20230614,6038107005
"분할주의",202201421,"티네글립엠서방정10/750밀리그램",2022April4th,"서방성필름코팅정","(주)바이넥스","노란색의 달걀형 서방성 필름코팅정",03960,"당뇨병용제","전문의약품","복합","[M279438]테네리글립틴염산염수화물/[M244179]메트포르민염산염","분할불가","",20230614,6038107005
"분할주의",202201422,"티네글립엠서방정10/500밀리그램",2022April4th,"서방성필름코팅정","(주)바이넥스","주황색의 달걀형 서방성 필름코팅정",03960,"당뇨병용제","전문의약품","복합","[M279438]테네리글립틴염산염수화물/[M244179]메트포르민염산염","분할불가","",20230614,6038107005
"분할주의",202201423,"테네로엠서방정20/1000밀리그램",2022April4th,"서방성필름코팅정","한림제약(주)","분홍색의 달걀형 서방성 필름코팅정",03960,"당뇨병용제","전문의약품","복합","[M279438]테네리글립틴염산염수화물/[M244179]메트포르민염산염","분할불가","",20230614,1358102638
"분할주의",202201424,"테네로엠서방정10/750밀리그램",2022April4th,"서방성필름코팅정","한림제약(주)","노란색의 달걀형 서방성 필름코팅정",03960,"당뇨병용제","전문의약품","복합","[M279438]테네리글립틴염산염수화물/[M244179]메트포르민염산염","분할불가","",20230614,1358102638
"분할주의",202201425,"테네로엠서방정10/500밀리그램",2022April4th,"서방성필름코팅정","한림제약(주)","주황색의 달걀형 서방성 필름코팅정",03960,"당뇨병용제","전문의약품","복합","[M279438]테네리글립틴염산염수화물/[M244179]메트포르민염산염","분할불가","",20230614,1358102638
"분할주의",202201426,"테라립틴듀오서방정20/1000밀리그램",2022April4th,"서방성필름코팅정","(주)팜젠사이언스","분홍색의 달걀형 서방성 필름코팅정",03960,"당뇨병용제","전문의약품","복합","[M279438]테네리글립틴염산염수화물/[M244179]메트포르민염산염","분할불가","",20230614,1248136540
"분할주의",202201427,"테라립틴듀오서방정10/750밀리그램",2022April4th,"서방성필름코팅정","(주)팜젠사이언스","노란색의 달걀형 서방성 필름코팅정",03960,"당뇨병용제","전문의약품","복합","[M279438]테네리글립틴염산염수화물/[M244179]메트포르민염산염","분할불가","",20230614,1248136540
"분할주의",202201428,"테라립틴듀오서방정10/500밀리그램",2022April4th,"서방성필름코팅정","(주)팜젠사이언스","주황색의 달걀형 서방성 필름코팅정",03960,"당뇨병용제","전문의약품","복합","[M279438]테네리글립틴염산염수화물/[M244179]메트포르민염산염","분할불가","",20230614,1248136540
"분할주의",202201429,"테네글리틴엠서방정20/1000밀리그램",2022April4th,"서방성필름코팅정","(주)한국파비스제약","분홍색의 달걀형 서방성 필름코팅정",03960,"당뇨병용제","전문의약품","복합","[M279438]테네리글립틴염산염수화물/[M244179]메트포르민염산염","분할불가","",20230614,2838501407
"분할주의",202201430,"테네글리틴엠서방정10/750밀리그램",2022April4th,"서방성필름코팅정","(주)한국파비스제약","노란색의 달걀형 서방성 필름코팅정",03960,"당뇨병용제","전문의약품","복합","[M279438]테네리글립틴염산염수화물/[M244179]메트포르민염산염","분할불가","",20230614,2838501407
"분할주의",202201431,"테네글리틴엠서방정10/500밀리그램",2022April4th,"서방성필름코팅정","(주)한국파비스제약","주황색의 달걀형 서방성 필름코팅정",03960,"당뇨병용제","전문의약품","복합","[M279438]테네리글립틴염산염수화물/[M244179]메트포르민염산염","분할불가","",20230614,2838501407
"분할주의",202201432,"텔리아엠서방정10/500밀리그램",2022April4th,"서방성필름코팅정","삼천당제약(주)","주황색의 달걀형 서방성 필름코팅정",03960,"당뇨병용제","전문의약품","복합","[M279438]테네리글립틴염산염수화물/[M244179]메트포르민염산염","분할불가","",20230614,1248104295
"분할주의",202201433,"텔리아엠서방정20/1000밀리그램",2022April4th,"서방성필름코팅정","삼천당제약(주)","분홍색의 달걀형 서방성 필름코팅정",03960,"당뇨병용제","전문의약품","복합","[M279438]테네리글립틴염산염수화물/[M244179]메트포르민염산염","분할불가","",20230614,1248104295
"분할주의",202201434,"텔리아엠서방정10/750밀리그램",2022April4th,"서방성필름코팅정","삼천당제약(주)","노란색의 달걀형 서방성 필름코팅정",03960,"당뇨병용제","전문의약품","복합","[M279438]테네리글립틴염산염수화물/[M244179]메트포르민염산염","분할불가","",20230614,1248104295
"분할주의",202201435,"테디엠메트서방정10/500밀리그램",2022April4th,"서방성필름코팅정","동화약품(주)","주황색의 달걀형 서방성 필름코팅정",03960,"당뇨병용제","전문의약품","복합","[M279438]테네리글립틴염산염수화물/[M244179]메트포르민염산염","분할불가","",20230614,1108100102
"분할주의",202201436,"테디엠메트서방정20/1000밀리그램",2022April4th,"서방성필름코팅정","동화약품(주)","분홍색의 달걀형 서방성 필름코팅정",03960,"당뇨병용제","전문의약품","복합","[M279438]테네리글립틴염산염수화물/[M244179]메트포르민염산염","분할불가","",20230614,1108100102
"분할주의",202201437,"테디엠메트서방정10/750밀리그램",2022April4th,"서방성필름코팅정","동화약품(주)","노란색의 달걀형 서방성 필름코팅정",03960,"당뇨병용제","전문의약품","복합","[M279438]테네리글립틴염산염수화물/[M244179]메트포르민염산염","분할불가","",20230614,1108100102
"분할주의",202201438,"테네그린듀오서방정20/1000밀리그램",2022April4th,"서방성필름코팅정","진양제약(주)","분홍색의 달걀형 서방성 필름코팅정",03960,"당뇨병용제","전문의약품","복합","[M279438]테네리글립틴염산염수화물/[M244179]메트포르민염산염","분할불가","",20230614,2148110673
"분할주의",202201439,"테네그린듀오서방정10/750밀리그램",2022April4th,"서방성필름코팅정","진양제약(주)","노란색의 달걀형 서방성 필름코팅정",03960,"당뇨병용제","전문의약품","복합","[M279438]테네리글립틴염산염수화물/[M244179]메트포르민염산염","분할불가","",20230614,2148110673
"분할주의",202201440,"테네그린듀오서방정10/500밀리그램",2022April4th,"서방성필름코팅정","진양제약(주)","주황색의 달걀형 서방성 필름코팅정",03960,"당뇨병용제","전문의약품","복합","[M279438]테네리글립틴염산염수화물/[M244179]메트포르민염산염","분할불가","",20230614,2148110673
"분할주의",202201467,"테네론엠서방정10/750밀리그램",2022April6th,"서방성필름코팅정","한국프라임제약(주)","노란색의 달걀형 서방성 필름코팅정",03960,"당뇨병용제","전문의약품","복합","[M279438]테네리글립틴염산염수화물/[M244179]메트포르민염산염","분할불가","",20230614,4028524506
"분할주의",202201468,"테네론엠서방정20/1000밀리그램",2022April6th,"서방성필름코팅정","한국프라임제약(주)","분홍색의 달걀형 서방성 필름코팅정",03960,"당뇨병용제","전문의약품","복합","[M279438]테네리글립틴염산염수화물/[M244179]메트포르민염산염","분할불가","",20230614,4028524506
"분할주의",202201469,"테네론엠서방정10/500밀리그램",2022April6th,"서방성필름코팅정","한국프라임제약(주)","주황색의 달걀형 서방성 필름코팅정",03960,"당뇨병용제","전문의약품","복합","[M279438]테네리글립틴염산염수화물/[M244179]메트포르민염산염","분할불가","",20230614,4028524506
"분할주의",202201494,"테네린엠서방정20/1000밀리그램",2022April8th,"서방성필름코팅정","(주)넥스팜코리아","분홍색의 달걀형 서방성 필름코팅정",03960,"당뇨병용제","전문의약품","복합","[M279438]테네리글립틴염산염수화물/[M244179]메트포르민염산염","분할불가","",20230614,3018125427
"분할주의",202201495,"테네린엠서방정10/750밀리그램",2022April8th,"서방성필름코팅정","(주)넥스팜코리아","노란색의 달걀형 서방성 필름코팅정",03960,"당뇨병용제","전문의약품","복합","[M279438]테네리글립틴염산염수화물/[M244179]메트포르민염산염","분할불가","",20230614,3018125427
"분할주의",202201496,"테네린엠서방정10/500밀리그램",2022April8th,"서방성필름코팅정","(주)넥스팜코리아","주황색의 달걀형 서방성 필름코팅정",03960,"당뇨병용제","전문의약품","복합","[M279438]테네리글립틴염산염수화물/[M244179]메트포르민염산염","분할불가","",20230614,3018125427
"분할주의",202201497,"테디포엠서방정20/1000밀리그램",2022April8th,"서방성필름코팅정","동광제약(주)","분홍색의 달걀형 서방성 필름코팅정",03960,"당뇨병용제","전문의약품","복합","[M279438]테네리글립틴염산염수화물/[M244179]메트포르민염산염","분할불가","",20230614,2018644250
"분할주의",202201498,"테디포엠서방정10/750밀리그램",2022April8th,"서방성필름코팅정","동광제약(주)","노란색의 달걀형 서방성 필름코팅정",03960,"당뇨병용제","전문의약품","복합","[M279438]테네리글립틴염산염수화물/[M244179]메트포르민염산염","분할불가","",20230614,2018644250
"분할주의",202201499,"테디포엠서방정10/500밀리그램",2022April8th,"서방성필름코팅정","동광제약(주)","주황색의 달걀형 서방성 필름코팅정",03960,"당뇨병용제","전문의약품","복합","[M279438]테네리글립틴염산염수화물/[M244179]메트포르민염산염","분할불가","",20230614,2018644250
"분할주의",202201873,"자누엑스알서방정50/500밀리그램(시타글립틴,메트포르민)",2022May9th,"서방성필름코팅정","신일제약(주)","밝은 파란색으로 양면이 볼록한 타원형의 서방성 필름코팅정",03960,"당뇨병용제","전문의약품","복합","[M266925]시타글립틴염산염수화물/[M244179]메트포르민염산염","분할불가","",20250912,3038113742
"분할주의",202201874,"자누엑스알서방정50/1000밀리그램(시타글립틴,메트포르민)",2022May9th,"서방성필름코팅정","신일제약(주)","밝은 녹색으로 양면이 볼록한 타원형의 서방성 필름코팅정",03960,"당뇨병용제","전문의약품","복합","[M266925]시타글립틴염산염수화물/[M244179]메트포르민염산염","분할불가","",20250912,3038113742
"분할주의",202201875,"자누엑스알서방정100/1000밀리그램(시타글립틴,메트포르민)",2022May9th,"서방성필름코팅정","신일제약(주)","밝은 파란색으로 양면이 볼록한 타원형의 서방성 필름코팅정",03960,"당뇨병용제","전문의약품","복합","[M266925]시타글립틴염산염수화물/[M244179]메트포르민염산염","분할불가","",20250912,3038113742
"분할주의",202201876,"시타엘메트엑스알서방정50/500밀리그램(시타글립틴,메트포르민)",2022May9th,"서방성필름코팅정","지엘파마(주)","밝은 파란색으로 양면이 볼록한 타원형의 서방성 필름코팅정",03960,"당뇨병용제","전문의약품","복합","[M266925]시타글립틴염산염수화물/[M244179]메트포르민염산염","분할불가","",20250723,1238114470
"분할주의",202201877,"시타엘메트엑스알서방정50/1000밀리그램(시타글립틴,메트포르민)",2022May9th,"서방성필름코팅정","지엘파마(주)","밝은 녹색으로 양면이 볼록한 타원형의 서방성 필름코팅정",03960,"당뇨병용제","전문의약품","복합","[M266925]시타글립틴염산염수화물/[M244179]메트포르민염산염","분할불가","",20250723,1238114470
"분할주의",202201878,"시타엘메트엑스알서방정100/1000밀리그램(시타글립틴,메트포르민)",2022May9th,"서방성필름코팅정","지엘파마(주)","밝은 파란색으로 양면이 볼록한 타원형의 서방성 필름코팅정",03960,"당뇨병용제","전문의약품","복합","[M266925]시타글립틴염산염수화물/[M244179]메트포르민염산염","분할불가","",20250723,1238114470
"분할주의",202201882,"시타콤비엑스알서방정50/500밀리그램",2022May9th,"서방성필름코팅정","일동제약(주)","밝은 파란색으로 양면이 볼록한 타원형의 서방성 필름코팅정",03960,"당뇨병용제","전문의약품","복합","[M266925]시타글립틴염산염수화물/[M244179]메트포르민염산염","분할불가","",20260327,6828500435
"분할주의",202201883,"시타콤비엑스알서방정50/1000밀리그램",2022May9th,"서방성필름코팅정","일동제약(주)","밝은 녹색으로 양면이 볼록한 타원형의 서방성 필름코팅정",03960,"당뇨병용제","전문의약품","복합","[M266925]시타글립틴염산염수화물/[M244179]메트포르민염산염","분할불가","",20260327,6828500435
"분할주의",202201884,"시타콤비엑스알서방정100/1000밀리그램",2022May9th,"서방성필름코팅정","일동제약(주)","밝은 파란색으로 양면이 볼록한 타원형의 서방성 필름코팅정",03960,"당뇨병용제","전문의약품","복합","[M266925]시타글립틴염산염수화물/[M244179]메트포르민염산염","분할불가","",20260327,6828500435
"분할주의",202201898,"시트디엠메트서방정50/1000밀리그램",2022May10th,"서방성필름코팅정","동화약품(주)","밝은 녹색으로 양면이 볼록한 타원형의 서방성 필름코팅정",03960,"당뇨병용제","전문의약품","복합","[M266925]시타글립틴염산염수화물/[M244179]메트포르민염산염","분할불가","",20251029,1108100102
"분할주의",202201899,"시트디엠메트서방정100/1000밀리그램",2022May10th,"서방성필름코팅정","동화약품(주)","밝은 파란색으로 양면이 볼록한 타원형의 서방성 필름코팅정",03960,"당뇨병용제","전문의약품","복합","[M266925]시타글립틴염산염수화물/[M244179]메트포르민염산염","분할불가","",20251029,1108100102
"분할주의",202201900,"시트디엠메트서방정50/500밀리그램",2022May10th,"서방성필름코팅정","동화약품(주)","밝은 파란색으로 양면이 볼록한 타원형의 서방성 필름코팅정",03960,"당뇨병용제","전문의약품","복합","[M266925]시타글립틴염산염수화물/[M244179]메트포르민염산염","분할불가","",20251029,1108100102
"분할주의",202201930,"유시타메트엑스알서방정50/500밀리그램",2022May11th,"서방성필름코팅정","(주)유영제약","밝은 파란색으로 양면이 볼록한 타원형의 서방성 필름코팅정",03960,"당뇨병용제","전문의약품","복합","[M266925]시타글립틴염산염수화물/[M244179]메트포르민염산염","분할불가","",20221128,3018109728
"분할주의",202201931,"유시타메트엑스알서방정100/1000밀리그램",2022May11th,"서방성필름코팅정","(주)유영제약","밝은 파란색으로 양면이 볼록한 타원형의 서방성 필름코팅정",03960,"당뇨병용제","전문의약품","복합","[M266925]시타글립틴염산염수화물/[M244179]메트포르민염산염","분할불가","",20221128,3018109728
"분할주의",202201932,"유시타메트엑스알서방정50/1000밀리그램",2022May11th,"서방성필름코팅정","(주)유영제약","밝은 녹색으로 양면이 볼록한 타원형의 서방성 필름코팅정",03960,"당뇨병용제","전문의약품","복합","[M266925]시타글립틴염산염수화물/[M244179]메트포르민염산염","분할불가","",20221128,3018109728
"분할주의",202201933,"자누리틴콤비서방정50/500 밀리그램",2022May11th,"서방성필름코팅정","대원제약(주)","밝은 파란색으로 양면이 볼록한 타원형의 서방성 필름코팅정",03960,"당뇨병용제","전문의약품","복합","[M266925]시타글립틴염산염수화물/[M244179]메트포르민염산염","분할불가","",20251010,2078136336
"분할주의",202201934,"자누리틴콤비서방정50/1000밀리그램",2022May11th,"서방성필름코팅정","대원제약(주)","밝은 녹색으로 양면이 볼록한 타원형의 서방성 필름코팅정",03960,"당뇨병용제","전문의약품","복합","[M266925]시타글립틴염산염수화물/[M244179]메트포르민염산염","분할불가","",20251010,2078136336
"분할주의",202201935,"자누리틴콤비서방정100/1000밀리그램",2022May11th,"서방성필름코팅정","대원제약(주)","밝은 파란색으로 양면이 볼록한 타원형의 서방성 필름코팅정",03960,"당뇨병용제","전문의약품","복합","[M266925]시타글립틴염산염수화물/[M244179]메트포르민염산염","분할불가","",20251010,2078136336
"분할주의",202201936,"이글립틴엑스알서방정50/500밀리그램",2022May11th,"서방성필름코팅정","(주)비보존제약","밝은 파란색으로 양면이 볼록한 타원형의 서방성 필름코팅정",03960,"당뇨병용제","전문의약품","복합","[M266925]시타글립틴염산염수화물/[M244179]메트포르민염산염","분할불가","",20251002,1248199564
"분할주의",202201937,"이글립틴엑스알서방정50/1000밀리그램",2022May11th,"서방성필름코팅정","(주)비보존제약","밝은 녹색으로 양면이 볼록한 타원형의 서방성 필름코팅정",03960,"당뇨병용제","전문의약품","복합","[M266925]시타글립틴염산염수화물/[M244179]메트포르민염산염","분할불가","",20251002,1248199564
"분할주의",202201938,"이글립틴엑스알서방정100/1000밀리그램",2022May11th,"서방성필름코팅정","(주)비보존제약","밝은 파란색으로 양면이 볼록한 타원형의 서방성 필름코팅정",03960,"당뇨병용제","전문의약품","복합","[M266925]시타글립틴염산염수화물/[M244179]메트포르민염산염","분할불가","",20251002,1248199564
"분할주의",202201952,"글리시타메트엑스알서방정50/500밀리그램",2022May11th,"서방성필름코팅정","(주)동구바이오제약","밝은 파란색으로 양면이 볼록한 타원형의 서방성 필름코팅정",03960,"당뇨병용제","전문의약품","복합","[M266925]시타글립틴염산염수화물/[M244179]메트포르민염산염","분할불가","",20251010,1248533615
"분할주의",202201953,"글리시타메트엑스알서방정50/1000밀리그램",2022May11th,"서방성필름코팅정","(주)동구바이오제약","밝은 녹색으로 양면이 볼록한 타원형의 서방성 필름코팅정",03960,"당뇨병용제","전문의약품","복합","[M266925]시타글립틴염산염수화물/[M244179]메트포르민염산염","분할불가","",20251010,1248533615
"분할주의",202201954,"글리시타메트엑스알서방정100/1000밀리그램",2022May11th,"서방성필름코팅정","(주)동구바이오제약","밝은 파란색으로 양면이 볼록한 타원형의 서방성 필름코팅정",03960,"당뇨병용제","전문의약품","복합","[M266925]시타글립틴염산염수화물/[M244179]메트포르민염산염","분할불가","",20251010,1248533615
"분할주의",202201955,"자누다움엠엑스알서방정50/500밀리그램",2022May11th,"서방성필름코팅정","대웅바이오(주)","밝은 파란색으로 양면이 볼록한 타원형의 서방성 필름코팅정",03960,"당뇨병용제","전문의약품","복합","[M266925]시타글립틴염산염수화물/[M244179]메트포르민염산염","분할불가","",20221115,1248677584
"분할주의",202201956,"자누다움엠엑스알서방정50/1000밀리그램",2022May11th,"서방성필름코팅정","대웅바이오(주)","밝은 녹색으로 양면이 볼록한 타원형의 서방성 필름코팅정",03960,"당뇨병용제","전문의약품","복합","[M266925]시타글립틴염산염수화물/[M244179]메트포르민염산염","분할불가","",20221115,1248677584
"분할주의",202201957,"자누다움엠엑스알서방정100/1000밀리그램",2022May11th,"서방성필름코팅정","대웅바이오(주)","밝은 파란색으로 양면이 볼록한 타원형의 서방성 필름코팅정",03960,"당뇨병용제","전문의약품","복합","[M266925]시타글립틴염산염수화물/[M244179]메트포르민염산염","분할불가","",20221115,1248677584
"분할주의",202201958,"시타원플러스엑스알서방정50/500밀리그램(시타글립틴, 메트포르민)",2022May11th,"서방성필름코팅정","하나제약(주)","밝은 파란색으로 양면이 볼록한 타원형의 서방성 필름코팅정",03960,"당뇨병용제","전문의약품","복합","[M266925]시타글립틴염산염수화물/[M244179]메트포르민염산염","분할불가","",20251010,1248137632
"분할주의",202201959,"시타원플러스엑스알서방정50/1000밀리그램(시타글립틴, 메트포르민)",2022May11th,"서방성필름코팅정","하나제약(주)","밝은 녹색으로 양면이 볼록한 타원형의 서방성 필름코팅정",03960,"당뇨병용제","전문의약품","복합","[M266925]시타글립틴염산염수화물/[M244179]메트포르민염산염","분할불가","",20251010,1248137632
"분할주의",202201960,"시타원플러스엑스알서방정100/1000밀리그램(시타글립틴, 메트포르민)",2022May11th,"서방성필름코팅정","하나제약(주)","밝은 파란색으로 양면이 볼록한 타원형의 서방성 필름코팅정",03960,"당뇨병용제","전문의약품","복합","[M266925]시타글립틴염산염수화물/[M244179]메트포르민염산염","분할불가","",20251010,1248137632
"분할주의",202201961,"시타칸메트서방정100/1000밀리그램",2022May11th,"서방성필름코팅정","동국제약(주)","밝은 파란색으로 양면이 볼록한 타원형의 서방성 필름코팅정",03960,"당뇨병용제","전문의약품","복합","[M266925]시타글립틴염산염수화물/[M244179]메트포르민염산염","분할불가","",20260211,3018508241
"분할주의",202201962,"시타칸메트서방정50/500밀리그램",2022May11th,"서방성필름코팅정","동국제약(주)","밝은 파란색으로 양면이 볼록한 타원형의 서방성 필름코팅정",03960,"당뇨병용제","전문의약품","복합","[M266925]시타글립틴염산염수화물/[M244179]메트포르민염산염","분할불가","",20260211,3018508241
"분할주의",202201963,"시타칸메트서방정50/1000밀리그램",2022May11th,"서방성필름코팅정","동국제약(주)","밝은 녹색으로 양면이 볼록한 타원형의 서방성 필름코팅정",03960,"당뇨병용제","전문의약품","복합","[M266925]시타글립틴염산염수화물/[M244179]메트포르민염산염","분할불가","",20260211,3018508241
"분할주의",202201964,"시누비엠엑스알서방정50/500밀리그램(시타글립틴,메트포르민)",2022May11th,"서방성필름코팅정","삼진제약(주)","밝은 파란색으로 양면이 볼록한 타원형의 서방성 필름코팅정",03960,"당뇨병용제","전문의약품","복합","[M266925]시타글립틴염산염수화물/[M244179]메트포르민염산염","분할불가","",20260212,1248531621
"분할주의",202201965,"시누비엠엑스알서방정50/1000밀리그램(시타글립틴,메트포르민)",2022May11th,"서방성필름코팅정","삼진제약(주)","밝은 녹색으로 양면이 볼록한 타원형의 서방성 필름코팅정",03960,"당뇨병용제","전문의약품","복합","[M266925]시타글립틴염산염수화물/[M244179]메트포르민염산염","분할불가","",20260212,1248531621
"분할주의",202201966,"시누비엠엑스알서방정100/1000밀리그램(시타글립틴,메트포르민)",2022May11th,"서방성필름코팅정","삼진제약(주)","밝은 파란색으로 양면이 볼록한 타원형의 서방성 필름코팅정",03960,"당뇨병용제","전문의약품","복합","[M266925]시타글립틴염산염수화물/[M244179]메트포르민염산염","분할불가","",20260212,1248531621
"분할주의",202201967,"프로메트엑스알서방정100/1000밀리그램",2022May11th,"서방성필름코팅정","아주약품(주)","밝은 파란색으로 양면이 볼록한 타원형의 서방성 필름코팅정",03960,"당뇨병용제","전문의약품","복합","[M266925]시타글립틴염산염수화물/[M244179]메트포르민염산염","분할불가","",20251010,8028803696
"분할주의",202201968,"프로메트엑스알서방정50/500밀리그램",2022May11th,"서방성필름코팅정","아주약품(주)","밝은 파란색으로 양면이 볼록한 타원형의 서방성 필름코팅정",03960,"당뇨병용제","전문의약품","복합","[M266925]시타글립틴염산염수화물/[M244179]메트포르민염산염","분할불가","",20251010,8028803696
"분할주의",202201969,"프로메트엑스알서방정50/1000밀리그램",2022May11th,"서방성필름코팅정","아주약품(주)","밝은 녹색으로 양면이 볼록한 타원형의 서방성 필름코팅정",03960,"당뇨병용제","전문의약품","복합","[M266925]시타글립틴염산염수화물/[M244179]메트포르민염산염","분할불가","",20251010,8028803696
"분할주의",202202000,"시타폴엠엑스알서방정50/500밀리그램",2022May12th,"서방성필름코팅정","(주)마더스제약","밝은 파란색으로 양면이 볼록한 타원형의 서방성 필름코팅정",03960,"당뇨병용제","전문의약품","복합","[M266925]시타글립틴염산염수화물/[M244179]메트포르민염산염","분할불가","",20251029,3128629302
"분할주의",202202001,"시타폴엠엑스알서방정50/1000밀리그램",2022May12th,"서방성필름코팅정","(주)마더스제약","밝은 녹색으로 양면이 볼록한 타원형의 서방성 필름코팅정",03960,"당뇨병용제","전문의약품","복합","[M266925]시타글립틴염산염수화물/[M244179]메트포르민염산염","분할불가","",20251029,3128629302
"분할주의",202202002,"시타폴엠엑스알서방정100/1000밀리그램",2022May12th,"서방성필름코팅정","(주)마더스제약","밝은 파란색으로 양면이 볼록한 타원형의 서방성 필름코팅정",03960,"당뇨병용제","전문의약품","복합","[M266925]시타글립틴염산염수화물/[M244179]메트포르민염산염","분할불가","",20251029,3128629302
"분할주의",202202009,"폴민시타서방정50/500밀리그램(시타글립틴염산염수화물, 메트포르민염산염)",2022May13th,"서방성필름코팅정","(주)녹십자","밝은 파란색으로 양면이 볼록한 타원형의 서방성 필름코팅정",03960,"당뇨병용제","전문의약품","복합","[M266925]시타글립틴염산염수화물/[M244179]메트포르민염산염","분할불가","",20251010,3038117108
"분할주의",202202010,"폴민시타서방정50/1000밀리그램(시타글립틴염산염수화물, 메트포르민염산염)",2022May13th,"서방성필름코팅정","(주)녹십자","밝은 녹색으로 양면이 볼록한 타원형의 서방성 필름코팅정",03960,"당뇨병용제","전문의약품","복합","[M266925]시타글립틴염산염수화물/[M244179]메트포르민염산염","분할불가","",20251010,3038117108
"분할주의",202202011,"폴민시타서방정100/1000밀리그램(시타글립틴염산염수화물, 메트포르민염산염)",2022May13th,"서방성필름코팅정","(주)녹십자","밝은 파란색으로 양면이 볼록한 타원형의 서방성 필름코팅정",03960,"당뇨병용제","전문의약품","복합","[M266925]시타글립틴염산염수화물/[M244179]메트포르민염산염","분할불가","",20251010,3038117108
"분할주의",202202012,"테라메트엑스알서방정50/500밀리그램",2022May13th,"서방성필름코팅정","(주)테라젠이텍스","밝은 파란색으로 양면이 볼록한 타원형의 서방성 필름코팅정",03960,"당뇨병용제","전문의약품","복합","[M266925]시타글립틴염산염수화물/[M244179]메트포르민염산염","분할불가","",20221115,1348545665
"분할주의",202202013,"테라메트엑스알서방정50/1000밀리그램",2022May13th,"서방성필름코팅정","(주)테라젠이텍스","밝은 녹색으로 양면이 볼록한 타원형의 서방성 필름코팅정",03960,"당뇨병용제","전문의약품","복합","[M266925]시타글립틴염산염수화물/[M244179]메트포르민염산염","분할불가","",20221115,1348545665
"분할주의",202202014,"테라메트엑스알서방정100/1000밀리그램",2022May13th,"서방성필름코팅정","(주)테라젠이텍스","밝은 파란색으로 양면이 볼록한 타원형의 서방성 필름코팅정",03960,"당뇨병용제","전문의약품","복합","[M266925]시타글립틴염산염수화물/[M244179]메트포르민염산염","분할불가","",20221115,1348545665
"분할주의",202202015,"시타글민듀오서방정50/1000밀리그램",2022May13th,"서방성필름코팅정","알리코제약(주)","밝은 녹색으로 양면이 볼록한 타원형의 서방성 필름코팅정",03960,"당뇨병용제","전문의약품","복합","[M266925]시타글립틴염산염수화물/[M244179]메트포르민염산염","분할불가","",20250930,1348115033
"분할주의",202202016,"시타글민듀오서방정100/1000밀리그램",2022May13th,"서방성필름코팅정","알리코제약(주)","밝은 파란색으로 양면이 볼록한 타원형의 서방성 필름코팅정",03960,"당뇨병용제","전문의약품","복합","[M266925]시타글립틴염산염수화물/[M244179]메트포르민염산염","분할불가","",20250930,1348115033
"분할주의",202202017,"시타글민듀오서방정 50/500밀리그램",2022May13th,"서방성필름코팅정","알리코제약(주)","밝은 파란색으로 양면이 볼록한 타원형의 서방성 필름코팅정",03960,"당뇨병용제","전문의약품","복합","[M266925]시타글립틴염산염수화물/[M244179]메트포르민염산염","분할불가","",20250930,1348115033
"분할주의",202202018,"글루시타듀오서방정50/500밀리그램",2022May13th,"서방성필름코팅정","한올바이오파마(주)","밝은 파란색으로 양면이 볼록한 타원형의 서방성 필름코팅정",03960,"당뇨병용제","전문의약품","복합","[M266925]시타글립틴염산염수화물/[M244179]메트포르민염산염","분할불가","",20251029,3068105479
"분할주의",202202019,"글루시타듀오서방정50/1000밀리그램",2022May13th,"서방성필름코팅정","한올바이오파마(주)","밝은 녹색으로 양면이 볼록한 타원형의 서방성 필름코팅정",03960,"당뇨병용제","전문의약품","복합","[M266925]시타글립틴염산염수화물/[M244179]메트포르민염산염","분할불가","",20251029,3068105479
"분할주의",202202020,"글루시타듀오서방정100/1000밀리그램",2022May13th,"서방성필름코팅정","한올바이오파마(주)","밝은 파란색으로 양면이 볼록한 타원형의 서방성 필름코팅정",03960,"당뇨병용제","전문의약품","복합","[M266925]시타글립틴염산염수화물/[M244179]메트포르민염산염","분할불가","",20251029,3068105479
"분할주의",202202021,"트루시타엠서방정50/500밀리그램(시타글립틴, 메트포르민)",2022May13th,"서방성필름코팅정","(주)보령","밝은 파란색으로 양면이 볼록한 타원형의 서방성 필름코팅정",03960,"당뇨병용제","전문의약품","복합","[M266925]시타글립틴염산염수화물/[M244179]메트포르민염산염","분할불가","",20251211,2088100281
"분할주의",202202022,"트루시타엠서방정50/1000밀리그램(시타글립틴, 메트포르민)",2022May13th,"서방성필름코팅정","(주)보령","밝은 녹색으로 양면이 볼록한 타원형의 서방성 필름코팅정",03960,"당뇨병용제","전문의약품","복합","[M266925]시타글립틴염산염수화물/[M244179]메트포르민염산염","분할불가","",20251211,2088100281
"분할주의",202202023,"트루시타엠서방정100/1000밀리그램(시타글립틴, 메트포르민)",2022May13th,"서방성필름코팅정","(주)보령","밝은 파란색으로 양면이 볼록한 타원형의 서방성 필름코팅정",03960,"당뇨병용제","전문의약품","복합","[M266925]시타글립틴염산염수화물/[M244179]메트포르민염산염","분할불가","",20251211,2088100281
"분할주의",202202024,"시타포민엑스알서방정50/1000밀리그램",2022May13th,"서방성필름코팅정","대한뉴팜(주)","밝은 녹색으로 양면이 볼록한 타원형의 서방성 필름코팅정",03960,"당뇨병용제","전문의약품","복합","[M266925]시타글립틴염산염수화물/[M244179]메트포르민염산염","분할불가","",20251010,2298110729
"분할주의",202202025,"시타포민엑스알서방정100/1000밀리그램",2022May13th,"서방성필름코팅정","대한뉴팜(주)","밝은 파란색으로 양면이 볼록한 타원형의 서방성 필름코팅정",03960,"당뇨병용제","전문의약품","복합","[M266925]시타글립틴염산염수화물/[M244179]메트포르민염산염","분할불가","",20251010,2298110729
"분할주의",202202026,"시타포민엑스알서방정50/500밀리그램",2022May13th,"서방성필름코팅정","대한뉴팜(주)","밝은 파란색으로 양면이 볼록한 타원형의 서방성 필름코팅정",03960,"당뇨병용제","전문의약품","복합","[M266925]시타글립틴염산염수화물/[M244179]메트포르민염산염","분할불가","",20251010,2298110729
"분할주의",202202027,"에이시타메트엑스알서방정50/500밀리그램",2022May13th,"서방성필름코팅정","안국약품(주)","밝은 파란색으로 양면이 볼록한 타원형의 서방성 필름코팅정",03960,"당뇨병용제","전문의약품","복합","[M266925]시타글립틴염산염수화물/[M244179]메트포르민염산염","분할불가","",20251113,1188104188
"분할주의",202202028,"에이시타메트엑스알서방정100/1000밀리그램",2022May13th,"서방성필름코팅정","안국약품(주)","밝은 파란색으로 양면이 볼록한 타원형의 서방성 필름코팅정",03960,"당뇨병용제","전문의약품","복합","[M266925]시타글립틴염산염수화물/[M244179]메트포르민염산염","분할불가","",20251113,1188104188
"분할주의",202202029,"에이시타메트엑스알서방정50/1000밀리그램",2022May13th,"서방성필름코팅정","안국약품(주)","밝은 녹색으로 양면이 볼록한 타원형의 서방성 필름코팅정",03960,"당뇨병용제","전문의약품","복합","[M266925]시타글립틴염산염수화물/[M244179]메트포르민염산염","분할불가","",20251113,1188104188
"분할주의",202202039,"시타글리듀오엑스알서방정50/500밀리그램",2022May16th,"서방성필름코팅정","대우제약(주)","밝은 파란색으로 양면이 볼록한 타원형의 서방성 필름코팅정",03960,"당뇨병용제","전문의약품","복합","[M266925]시타글립틴염산염수화물/[M244179]메트포르민염산염","분할불가","",20251230,6038109769
"분할주의",202202040,"시타글리듀오엑스알서방정50/1000밀리그램",2022May16th,"서방성필름코팅정","대우제약(주)","밝은 녹색으로 양면이 볼록한 타원형의 서방성 필름코팅정",03960,"당뇨병용제","전문의약품","복합","[M266925]시타글립틴염산염수화물/[M244179]메트포르민염산염","분할불가","",20251230,6038109769
"분할주의",202202041,"시타글리듀오엑스알서방정100/1000밀리그램",2022May16th,"서방성필름코팅정","대우제약(주)","밝은 파란색으로 양면이 볼록한 타원형의 서방성 필름코팅정",03960,"당뇨병용제","전문의약품","복합","[M266925]시타글립틴염산염수화물/[M244179]메트포르민염산염","분할불가","",20251230,6038109769
"분할주의",202202071,"자누엠메트엑스알서방정50/500밀리그램",2022May17th,"서방성필름코팅정","에이치엘비제약(주)","밝은 파란색으로 양면이 볼록한 타원형의 서방성 필름코팅정",03960,"당뇨병용제","전문의약품","복합","[M266925]시타글립틴염산염수화물/[M244179]메트포르민염산염","분할불가","",20260123,2088125623
"분할주의",202202072,"자누엠메트엑스알서방정50/1000밀리그램",2022May17th,"서방성필름코팅정","에이치엘비제약(주)","밝은 녹색으로 양면이 볼록한 타원형의 서방성 필름코팅정",03960,"당뇨병용제","전문의약품","복합","[M266925]시타글립틴염산염수화물/[M244179]메트포르민염산염","분할불가","",20260123,2088125623
"분할주의",202202073,"자누엠메트엑스알서방정100/1000밀리그램",2022May17th,"서방성필름코팅정","에이치엘비제약(주)","밝은 파란색으로 양면이 볼록한 타원형의 서방성 필름코팅정",03960,"당뇨병용제","전문의약품","복합","[M266925]시타글립틴염산염수화물/[M244179]메트포르민염산염","분할불가","",20260527,2088125623
"분할주의",202202074,"엑스메트엑스알서방정100/1000밀리그램",2022May17th,"서방성필름코팅정","주식회사제뉴원사이언스","밝은 파란색으로 양면이 볼록한 타원형의 서방성 필름코팅정",03960,"당뇨병용제","전문의약품","복합","[M266925]시타글립틴염산염수화물/[M244179]메트포르민염산염","분할불가","",20251002,6218542600
"분할주의",202202075,"엑스메트엑스알서방정50/1000밀리그램",2022May17th,"서방성필름코팅정","주식회사제뉴원사이언스","밝은 녹색으로 양면이 볼록한 타원형의 서방성 필름코팅정",03960,"당뇨병용제","전문의약품","복합","[M266925]시타글립틴염산염수화물/[M244179]메트포르민염산염","분할불가","",20251002,6218542600
"분할주의",202202076,"엑스메트엑스알서방정50/500밀리그램",2022May17th,"서방성필름코팅정","주식회사제뉴원사이언스","밝은 파란색으로 양면이 볼록한 타원형의 서방성 필름코팅정",03960,"당뇨병용제","전문의약품","복합","[M266925]시타글립틴염산염수화물/[M244179]메트포르민염산염","분할불가","",20251002,6218542600
"분할주의",202202077,"자누맥스엠엑스알서방정100/1000밀리그램",2022May17th,"서방성필름코팅정","삼익제약(주)","밝은 파란색으로 양면이 볼록한 타원형의 서방성 필름코팅정",03960,"당뇨병용제","전문의약품","복합","[M266925]시타글립틴염산염수화물/[M244179]메트포르민염산염","분할불가","",20221115,1228113217
"분할주의",202202078,"자누맥스엠엑스알서방정50/1000밀리그램",2022May17th,"서방성필름코팅정","삼익제약(주)","밝은 녹색으로 양면이 볼록한 타원형의 서방성 필름코팅정",03960,"당뇨병용제","전문의약품","복합","[M266925]시타글립틴염산염수화물/[M244179]메트포르민염산염","분할불가","",20221115,1228113217
"분할주의",202202079,"자누맥스엠엑스알서방정50/500밀리그램",2022May17th,"서방성필름코팅정","삼익제약(주)","밝은 파란색으로 양면이 볼록한 타원형의 서방성 필름코팅정",03960,"당뇨병용제","전문의약품","복합","[M266925]시타글립틴염산염수화물/[M244179]메트포르민염산염","분할불가","",20221115,1228113217
"분할주의",202202080,"시타로엠서방정50/500밀리그램(시타글립틴염산염수화물, 메트포르민염산염)",2022May17th,"서방성필름코팅정","한림제약(주)","밝은 파란색으로 양면이 볼록한 타원형의 서방성 필름코팅정",03960,"당뇨병용제","전문의약품","복합","[M266925]시타글립틴염산염수화물/[M244179]메트포르민염산염","분할불가","",20251029,1358102638
"분할주의",202202081,"시타로엠서방정50/1000밀리그램(시타글립틴염산염수화물, 메트포르민염산염)",2022May17th,"서방성필름코팅정","한림제약(주)","밝은 녹색으로 양면이 볼록한 타원형의 서방성 필름코팅정",03960,"당뇨병용제","전문의약품","복합","[M266925]시타글립틴염산염수화물/[M244179]메트포르민염산염","분할불가","",20251029,1358102638
"분할주의",202202082,"시타로엠서방정100/1000밀리그램(시타글립틴염산염수화물, 메트포르민염산염)",2022May17th,"서방성필름코팅정","한림제약(주)","밝은 파란색으로 양면이 볼록한 타원형의 서방성 필름코팅정",03960,"당뇨병용제","전문의약품","복합","[M266925]시타글립틴염산염수화물/[M244179]메트포르민염산염","분할불가","",20251029,1358102638
"분할주의",202202214,"에이테넬엠서방정10/500밀리그램",2022May23rd,"서방성필름코팅정","안국약품(주)","주황색의 달걀형 서방성 필름코팅정",03960,"당뇨병용제","전문의약품","복합","[M279438]테네리글립틴염산염수화물/[M244179]메트포르민염산염","분할불가","",20230614,1188104188
"분할주의",202202215,"에이테넬엠서방정10/750밀리그램",2022May23rd,"서방성필름코팅정","안국약품(주)","노란색의 달걀형 서방성 필름코팅정",03960,"당뇨병용제","전문의약품","복합","[M279438]테네리글립틴염산염수화물/[M244179]메트포르민염산염","분할불가","",20230614,1188104188
"분할주의",202202216,"에이테넬엠서방정20/1000밀리그램",2022May23rd,"서방성필름코팅정","안국약품(주)","분홍색의 달걀형 서방성 필름코팅정",03960,"당뇨병용제","전문의약품","복합","[M279438]테네리글립틴염산염수화물/[M244179]메트포르민염산염","분할불가","",20230614,1188104188
"분할주의",202202260,"테네글로엠서방정10/750밀리그램",2022May25th,"서방성필름코팅정","(주)일화","노란색의 달걀형 서방성 필름코팅정",03960,"당뇨병용제","전문의약품","복합","[M279438]테네리글립틴염산염수화물/[M244179]메트포르민염산염","분할불가","",20230614,1328101004
"분할주의",202202261,"테네글로엠서방정10/500밀리그램",2022May25th,"서방성필름코팅정","(주)일화","주황색의 달걀형 서방성 필름코팅정",03960,"당뇨병용제","전문의약품","복합","[M279438]테네리글립틴염산염수화물/[M244179]메트포르민염산염","분할불가","",20230614,1328101004
"분할주의",202202262,"테네글로엠서방정20/1000밀리그램",2022May25th,"서방성필름코팅정","(주)일화","분홍색의 달걀형 서방성 필름코팅정",03960,"당뇨병용제","전문의약품","복합","[M279438]테네리글립틴염산염수화물/[M244179]메트포르민염산염","분할불가","",20230614,1328101004
"분할주의",202202497,"다파론듀오서방정5/500밀리그램",2022June15th,"서방성필름코팅정","한미약품(주)","주황색의 양면이 볼록한 장방형 서방성 필름코팅정",03960,"당뇨병용제","전문의약품","복합","[M244179]메트포르민염산염/[M268453]다파글리플로진비스L-프롤린","분할불가","",20251107,1248700613
"분할주의",202202498,"다파론듀오서방정5/1000밀리그램",2022June15th,"서방성필름코팅정","한미약품(주)","진한 분홍색의 양면이 볼록한 타원형 서방성 필름코팅정",03960,"당뇨병용제","전문의약품","복합","[M244179]메트포르민염산염/[M268453]다파글리플로진비스L-프롤린","분할불가","",20251107,1248700613
"분할주의",202202637,"테네글리엠서방정20/1000밀리그램",2022June27th,"서방성필름코팅정","주식회사제뉴원사이언스","분홍색의 달걀형 서방성 필름코팅정",03960,"당뇨병용제","전문의약품","복합","[M244179]메트포르민염산염/[M279310]테네리글립틴이토실산염이수화물","분할불가","",20231211,6218542600
"분할주의",202202638,"테네글리엠서방정10/750밀리그램",2022June27th,"서방성필름코팅정","주식회사제뉴원사이언스","노란색의 달걀형 서방성 필름코팅정",03960,"당뇨병용제","전문의약품","복합","[M244179]메트포르민염산염/[M279310]테네리글립틴이토실산염이수화물","분할불가","",20231211,6218542600
"분할주의",202202639,"테네글리엠서방정10/500밀리그램",2022June27th,"서방성필름코팅정","주식회사제뉴원사이언스","주황색의 달걀형 서방성 필름코팅정",03960,"당뇨병용제","전문의약품","복합","[M244179]메트포르민염산염/[M279310]테네리글립틴이토실산염이수화물","분할불가","",20231211,6218542600
"분할주의",202202675,"테리글메트서방정10/500밀리그램",2022June28th,"서방성필름코팅정","신풍제약(주)","주황색의 달걀형 서방성 필름코팅정",03960,"당뇨병용제","전문의약품","복합","[M244179]메트포르민염산염/[M279310]테네리글립틴이토실산염이수화물","분할불가","",20240306,1348103819
"분할주의",202202704,"테립틴엠서방정20/1000밀리그램",2022July1st,"서방성필름코팅정","영진약품(주)","분홍색의 달걀형 서방성 필름코팅정",03960,"당뇨병용제","전문의약품","복합","[M244179]메트포르민염산염/[M279310]테네리글립틴이토실산염이수화물","분할불가","",20240730,2188100352
"분할주의",202202705,"테립틴엠서방정10/500밀리그램",2022July1st,"서방성필름코팅정","영진약품(주)","주황색의 달걀형 서방성 필름코팅정",03960,"당뇨병용제","전문의약품","복합","[M244179]메트포르민염산염/[M279310]테네리글립틴이토실산염이수화물","분할불가","",20240730,2188100352
"분할주의",202202706,"테립틴엠서방정10/750밀리그램",2022July1st,"서방성필름코팅정","영진약품(주)","노란색의 달걀형 서방성 필름코팅정",03960,"당뇨병용제","전문의약품","복합","[M244179]메트포르민염산염/[M279310]테네리글립틴이토실산염이수화물","분할불가","",20240730,2188100352
"분할주의",202202707,"테넬리탁듀오서방정20/1000밀리그램",2022July1st,"서방성필름코팅정","(주)라이트팜텍","분홍색의 달걀형 서방성 필름코팅정",03960,"당뇨병용제","전문의약품","복합","[M244179]메트포르민염산염/[M279310]테네리글립틴이토실산염이수화물","분할불가","",20240904,2048189630
"분할주의",202202708,"테넬리탁듀오서방정10/750밀리그램",2022July1st,"서방성필름코팅정","(주)라이트팜텍","노란색의 달걀형 서방성 필름코팅정",03960,"당뇨병용제","전문의약품","복합","[M244179]메트포르민염산염/[M279310]테네리글립틴이토실산염이수화물","분할불가","",20240904,2048189630
"분할주의",202202709,"테넬리탁듀오서방정10/500밀리그램",2022July1st,"서방성필름코팅정","(주)라이트팜텍","주황색의 달걀형 서방성 필름코팅정",03960,"당뇨병용제","전문의약품","복합","[M244179]메트포르민염산염/[M279310]테네리글립틴이토실산염이수화물","분할불가","",20240904,2048189630
"분할주의",202202710,"테리움엠서방정20/1000밀리그램",2022July1st,"서방성필름코팅정","하나제약(주)","분홍색의 달걀형 서방성 필름코팅정",03960,"당뇨병용제","전문의약품","복합","[M244179]메트포르민염산염/[M279310]테네리글립틴이토실산염이수화물","분할불가","",20241209,1248137632
"분할주의",202202711,"테리움엠서방정10/750밀리그램",2022July1st,"서방성필름코팅정","하나제약(주)","노란색의 달걀형 서방성 필름코팅정",03960,"당뇨병용제","전문의약품","복합","[M244179]메트포르민염산염/[M279310]테네리글립틴이토실산염이수화물","분할불가","",20250326,1248137632
"분할주의",202202712,"테리움엠서방정10/500밀리그램",2022July1st,"서방성필름코팅정","하나제약(주)","주황색의 달걀형 서방성 필름코팅정",03960,"당뇨병용제","전문의약품","복합","[M244179]메트포르민염산염/[M279310]테네리글립틴이토실산염이수화물","분할불가","",20250326,1248137632
"분할주의",202202713,"테네리칸엠서방정20/1000밀리그램",2022July1st,"서방성필름코팅정","동국제약(주)","분홍색의 달걀형 서방성 필름코팅정",03960,"당뇨병용제","전문의약품","복합","[M244179]메트포르민염산염/[M279310]테네리글립틴이토실산염이수화물","분할불가","",20240318,3018508241
"분할주의",202202714,"테네리칸엠서방정10/750밀리그램",2022July1st,"서방성필름코팅정","동국제약(주)","노란색의 달걀형 서방성 필름코팅정",03960,"당뇨병용제","전문의약품","복합","[M244179]메트포르민염산염/[M279310]테네리글립틴이토실산염이수화물","분할불가","",20240318,3018508241
"분할주의",202202715,"테네리칸엠서방정10/500밀리그램",2022July1st,"서방성필름코팅정","동국제약(주)","주황색의 달걀형 서방성 필름코팅정",03960,"당뇨병용제","전문의약품","복합","[M244179]메트포르민염산염/[M279310]테네리글립틴이토실산염이수화물","분할불가","",20240318,3018508241
"분할주의",202202716,"테네필플러스서방정20/1000밀리그램",2022July1st,"서방성필름코팅정","제일약품(주)","분홍색의 달걀형 서방성 필름코팅정",03960,"당뇨병용제","전문의약품","복합","[M244179]메트포르민염산염/[M279310]테네리글립틴이토실산염이수화물","분할불가","",20240318,2428500620
"분할주의",202202717,"테네필플러스서방정10/750밀리그램",2022July1st,"서방성필름코팅정","제일약품(주)","노란색의 달걀형 서방성 필름코팅정",03960,"당뇨병용제","전문의약품","복합","[M244179]메트포르민염산염/[M279310]테네리글립틴이토실산염이수화물","분할불가","",20240318,2428500620
"분할주의",202202718,"테네필플러스서방정10/500밀리그램",2022July1st,"서방성필름코팅정","제일약품(주)","주황색의 달걀형 서방성 필름코팅정",03960,"당뇨병용제","전문의약품","복합","[M244179]메트포르민염산염/[M279310]테네리글립틴이토실산염이수화물","분할불가","",20240318,2428500620
"분할주의",202202719,"테넬리엘듀오서방정20/1000밀리그램",2022July1st,"서방성필름코팅정","지엘파마(주)","분홍색의 달걀형 서방성 필름코팅정",03960,"당뇨병용제","전문의약품","복합","[M244179]메트포르민염산염/[M279310]테네리글립틴이토실산염이수화물","분할불가","",20240306,1238114470
"분할주의",202202720,"테넬리엘듀오서방정10/750밀리그램",2022July1st,"서방성필름코팅정","지엘파마(주)","노란색의 달걀형 서방성 필름코팅정",03960,"당뇨병용제","전문의약품","복합","[M244179]메트포르민염산염/[M279310]테네리글립틴이토실산염이수화물","분할불가","",20240306,1238114470
"분할주의",202202721,"테넬리엘듀오서방정10/500밀리그램",2022July1st,"서방성필름코팅정","지엘파마(주)","주황색의 달걀형 서방성 필름코팅정",03960,"당뇨병용제","전문의약품","복합","[M244179]메트포르민염산염/[M279310]테네리글립틴이토실산염이수화물","분할불가","",20240306,1238114470
"분할주의",202202722,"테넬로드엠서방정20/1000밀리그램",2022July1st,"서방성필름코팅정","대웅바이오(주)","분홍색의 달걀형 서방성 필름코팅정",03960,"당뇨병용제","전문의약품","복합","[M244179]메트포르민염산염/[M279310]테네리글립틴이토실산염이수화물","분할불가","",20240329,1248677584
"분할주의",202202723,"테넬로드엠서방정10/750밀리그램",2022July1st,"서방성필름코팅정","대웅바이오(주)","노란색의 달걀형 서방성 필름코팅정",03960,"당뇨병용제","전문의약품","복합","[M244179]메트포르민염산염/[M279310]테네리글립틴이토실산염이수화물","분할불가","",20240329,1248677584
"분할주의",202202724,"테넬로드엠서방정10/500밀리그램",2022July1st,"서방성필름코팅정","대웅바이오(주)","주황색의 달걀형 서방성 필름코팅정",03960,"당뇨병용제","전문의약품","복합","[M244179]메트포르민염산염/[M279310]테네리글립틴이토실산염이수화물","분할불가","",20240329,1248677584
"분할주의",202202728,"테리아엠서방정20/1000밀리그램",2022July1st,"서방성필름코팅정","구주제약(주)","분홍색의 달걀형 서방성 필름코팅정",03960,"당뇨병용제","전문의약품","복합","[M244179]메트포르민염산염/[M279310]테네리글립틴이토실산염이수화물","분할불가","",20250930,1248136268
"분할주의",202202729,"테리아엠서방정10/750밀리그램",2022July1st,"서방성필름코팅정","구주제약(주)","노란색의 달걀형 서방성 필름코팅정",03960,"당뇨병용제","전문의약품","복합","[M244179]메트포르민염산염/[M279310]테네리글립틴이토실산염이수화물","분할불가","",20250722,1248136268
"분할주의",202202730,"테리아엠서방정10/500밀리그램",2022July1st,"서방성필름코팅정","구주제약(주)","주황색의 달걀형 서방성 필름코팅정",03960,"당뇨병용제","전문의약품","복합","[M244179]메트포르민염산염/[M279310]테네리글립틴이토실산염이수화물","분할불가","",20250923,1248136268
"분할주의",202202731,"테네디아서방정20/1000밀리그램",2022July1st,"서방성필름코팅정","(주)제뉴파마","분홍색의 달걀형 서방성 필름코팅정",03960,"당뇨병용제","전문의약품","복합","[M244179]메트포르민염산염/[M279310]테네리글립틴이토실산염이수화물","분할불가","",20230614,7338802047
"분할주의",202202732,"테네디아서방정10/750밀리그램",2022July1st,"서방성필름코팅정","(주)제뉴파마","노란색의 달걀형 서방성 필름코팅정",03960,"당뇨병용제","전문의약품","복합","[M244179]메트포르민염산염/[M279310]테네리글립틴이토실산염이수화물","분할불가","",20230614,7338802047
"분할주의",202202733,"테네디아서방정10/500밀리그램",2022July1st,"서방성필름코팅정","(주)제뉴파마","주황색의 달걀형 서방성 필름코팅정",03960,"당뇨병용제","전문의약품","복합","[M244179]메트포르민염산염/[M279310]테네리글립틴이토실산염이수화물","분할불가","",20230614,7338802047
"분할주의",202202734,"테네로틴엠서방정10/750밀리그램",2022July1st,"서방성필름코팅정","케이엠에스제약(주)","노란색의 달걀형 서방성 필름코팅정",03960,"당뇨병용제","전문의약품","복합","[M244179]메트포르민염산염/[M279310]테네리글립틴이토실산염이수화물","분할불가","",20240318,1248150810
"분할주의",202202735,"테네로틴엠서방정10/500밀리그램",2022July1st,"서방성필름코팅정","케이엠에스제약(주)","주황색의 달걀형 서방성 필름코팅정",03960,"당뇨병용제","전문의약품","복합","[M244179]메트포르민염산염/[M279310]테네리글립틴이토실산염이수화물","분할불가","",20240318,1248150810
"분할주의",202202736,"테네로틴엠서방정20/1000밀리그램",2022July1st,"서방성필름코팅정","케이엠에스제약(주)","분홍색의 달걀형 서방성 필름코팅정",03960,"당뇨병용제","전문의약품","복합","[M244179]메트포르민염산염/[M279310]테네리글립틴이토실산염이수화물","분할불가","",20240318,1248150810
"분할주의",202202740,"테리글메트서방정20/1000밀리그램",2022July1st,"서방성필름코팅정","신풍제약(주)","분홍색의 달걀형 서방성 필름코팅정",03960,"당뇨병용제","전문의약품","복합","[M244179]메트포르민염산염/[M279310]테네리글립틴이토실산염이수화물","분할불가","",20240306,1348103819
"분할주의",202202741,"테리글메트서방정10/750밀리그램",2022July1st,"서방성필름코팅정","신풍제약(주)","노란색의 달걀형 서방성 필름코팅정",03960,"당뇨병용제","전문의약품","복합","[M244179]메트포르민염산염/[M279310]테네리글립틴이토실산염이수화물","분할불가","",20240306,1348103819
"분할주의",202202805,"테네리엠서방정20/1000밀리그램",2022July6th,"서방성필름코팅정","경동제약(주)","분홍색의 양면이 볼록한 타원형의 서방성 필름코팅정",03960,"당뇨병용제","전문의약품","복합","[M244179]메트포르민염산염/[M279438]테네리글립틴염산염수화물","분할불가","",20230614,1248135518
"분할주의",202202806,"테네리엠서방정10/750밀리그램",2022July6th,"서방성필름코팅정","경동제약(주)","노란색의 양면이 볼록한 타원형의 서방성 필름코팅정",03960,"당뇨병용제","전문의약품","복합","[M244179]메트포르민염산염/[M279438]테네리글립틴염산염수화물","분할불가","",20230614,1248135518
"분할주의",202202807,"테네리엠서방정10/500밀리그램",2022July6th,"서방성필름코팅정","경동제약(주)","주황색의 양면이 볼록한 타원형의 서방성 필름코팅정",03960,"당뇨병용제","전문의약품","복합","[M244179]메트포르민염산염/[M279438]테네리글립틴염산염수화물","분할불가","",20230614,1248135518
"분할주의",202203581,"듀오그린큐정",2022September15th,"장용정","한국신텍스제약(주)","녹색의 원형 장용성 필름코팅정제",02380,"하제, 완장제","일반의약품","복합","[M050687]비사코딜/[M081950]도큐세이트나트륨","분할불가","","",6138163381
"분할주의",202203701,"마미렉틴장용정",2022September29th,"장용성필름코팅정","동국제약(주)","한쪽면에 임산부 그림이 새겨진 양면이 볼록한 흰색의 원형 필름코팅 장용정",02350,"최토제, 진토제","전문의약품","복합","[M204304]피리독신염산염/[M279125]독실아민숙신산염","분할불가","",20260115,3018508241
"분할주의",202203713,"듀오그린엘정",2022September30th,"장용정","한국신텍스제약(주)","연두색의 원형 장용성 필름코팅정제",02380,"하제, 완장제","일반의약품","복합","[M050687]비사코딜/[M081950]도큐세이트나트륨","분할불가","","",6138163381
"분할주의",202204037,"다파엔듀오서방정10/500밀리그램",2022November8th,"서방성필름코팅정","에이치케이이노엔(주)","분홍색의 양면이 볼록한 달걀형 필름코팅정",03960,"당뇨병용제","전문의약품","복합","[M268251]다파글리플로진시트르산/[M244179]메트포르민염산염","분할불가","",20251107,2018638914
"분할주의",202204038,"다파엔듀오서방정5/500밀리그램",2022November8th,"서방성필름코팅정","에이치케이이노엔(주)","주황색의 양면이 볼록한 달걀형 필름코팅정",03960,"당뇨병용제","전문의약품","복합","[M268251]다파글리플로진시트르산/[M244179]메트포르민염산염","분할불가","",20251107,2018638914
"분할주의",202204057,"듀오리치서방정5/500밀리그램",2022November10th,"서방성필름코팅정","풍림무약(주)","주황색의 양면이 볼록한 달걀형 필름코팅정",03960,"당뇨병용제","전문의약품","복합","[M268251]다파글리플로진시트르산/[M244179]메트포르민염산염","분할불가","",20251107,1248509319
"분할주의",202204058,"듀오리치서방정10/500밀리그램",2022November10th,"서방성필름코팅정","풍림무약(주)","분홍색의 양면이 볼록한 달걀형 필름코팅정",03960,"당뇨병용제","전문의약품","복합","[M268251]다파글리플로진시트르산/[M244179]메트포르민염산염","분할불가","",20251107,1248509319
"분할주의",202204123,"다파원엠서방정10/1000밀리그램",2022November16th,"서방성필름코팅정","대원제약(주)","노란색 또는 진한 노란색의 양면이 볼록한 타원형 필름코팅정제",03960,"당뇨병용제","전문의약품","복합","[M279883]다파글리플로진시트르산(미분화)/[M283294]메트포르민염산염콜로이드성이산화규소","분할불가","",20251107,2078136336
"분할주의",202204139,"다파원엠서방정10/500밀리그램",2022November18th,"서방성필름코팅정","대원제약(주)","분홍색의 양면이 볼록한 타원형 필름코팅정제",03960,"당뇨병용제","전문의약품","복합","[M279883]다파글리플로진시트르산(미분화)/[M283294]메트포르민염산염콜로이드성이산화규소","분할불가","",20251107,2078136336
"분할주의",202204140,"다파원엠서방정5/1000밀리그램",2022November18th,"서방성필름코팅정","대원제약(주)","분홍색 또는 진한 분홍색의 양면이 볼록한 타원형 필름코팅정제",03960,"당뇨병용제","전문의약품","복합","[M279883]다파글리플로진시트르산(미분화)/[M283294]메트포르민염산염콜로이드성이산화규소","분할불가","",20251107,2078136336
"분할주의",202204141,"다파원엠서방정5/500밀리그램",2022November18th,"서방성필름코팅정","대원제약(주)","주황색의 양면이 볼록한 타원형 필름코팅정제",03960,"당뇨병용제","전문의약품","복합","[M279883]다파글리플로진시트르산(미분화)/[M283294]메트포르민염산염콜로이드성이산화규소","분할불가","",20251107,2078136336
"분할주의",202204282,"하이퍼벤서방정90밀리그램(딜티아젬염산염)",2022November28th,"서방정","한국휴텍스제약(주)","흰색 또는 유백색의 원형 서방정",02170,"혈관확장제","전문의약품","단일","[M222982]딜티아젬염산염","분할불가","",20240319,1128122382
"분할주의",202204356,"다파프로진메트서방정5/500밀리그램",2022December5th,"서방성필름코팅정","(주)동구바이오제약","주황색의 양면이 볼록한 타원형 필름코팅정제",03960,"당뇨병용제","전문의약품","복합","[M279883]다파글리플로진시트르산(미분화)/[M283294]메트포르민염산염콜로이드성이산화규소","분할불가","",20251107,1248533615
"분할주의",202204357,"다파프로진메트서방정5/1000밀리그램",2022December5th,"서방성필름코팅정","(주)동구바이오제약","분홍색 또는 진한 분홍색의 양면이 볼록한 타원형 필름코팅정제",03960,"당뇨병용제","전문의약품","복합","[M279883]다파글리플로진시트르산(미분화)/[M283294]메트포르민염산염콜로이드성이산화규소","분할불가","",20251107,1248533615
"분할주의",202204358,"다파프로진메트서방정10/500밀리그램",2022December5th,"서방성필름코팅정","(주)동구바이오제약","분홍색의 양면이 볼록한 타원형 필름코팅정제",03960,"당뇨병용제","전문의약품","복합","[M279883]다파글리플로진시트르산(미분화)/[M283294]메트포르민염산염콜로이드성이산화규소","분할불가","",20251107,1248533615
"분할주의",202204359,"다파프로진메트서방정10/1000밀리그램",2022December5th,"서방성필름코팅정","(주)동구바이오제약","노란색 또는 진한 노란색의 양면이 볼록한 타원형 필름코팅정제",03960,"당뇨병용제","전문의약품","복합","[M279883]다파글리플로진시트르산(미분화)/[M283294]메트포르민염산염콜로이드성이산화규소","분할불가","",20251107,1248533615
"분할주의",202204500,"판시자임정",2022December14th,"장용성필름코팅정","동국제약(주)","연녹색의 타원형 장용성 필름코팅정",02330,"건위소화제","일반의약품","복합","[M040678]판크레아틴/[M100297]셀룰라제/[M273864]우담즙 건조엑스/[M223083]시메티콘","분할불가","","",3018508241
"분할주의",202204702,"유한프레가발린서방정75밀리그램(프레가발린)",2022December30th,"서방성필름코팅정","(주)유한양행","연한 살구색의 장방형 필름코팅 서방정",01190,"기타의 중추신경용약","전문의약품","단일","[M102323]프레가발린","분할불가","",20250318,1188100601
"분할주의",202300019,"자누엑스알서방정50/750밀리그램(시타글립틴,메트포르민)",2023January2nd,"서방성필름코팅정","신일제약(주)","밝은 녹색으로 양면이 볼록한 타원형의 서방성 필름코팅정",03960,"당뇨병용제","전문의약품","복합","[M266925]시타글립틴염산염수화물/[M244179]메트포르민염산염","분할불가","",20250912,3038113742
"분할주의",202300020,"트루시타엠서방정50/750밀리그램(시타글립틴, 메트포르민)",2023January2nd,"서방성필름코팅정","(주)보령","밝은 녹색으로 양면이 볼록한 타원형의 서방성 필름코팅정",03960,"당뇨병용제","전문의약품","복합","[M266925]시타글립틴염산염수화물/[M244179]메트포르민염산염","분할불가","",20251209,2088100281
"분할주의",202300021,"자누리틴콤비서방정50/750 밀리그램",2023January2nd,"서방성필름코팅정","대원제약(주)","밝은 녹색으로 양면이 볼록한 타원형의 서방성 필름코팅정",03960,"당뇨병용제","전문의약품","복합","[M266925]시타글립틴염산염수화물/[M244179]메트포르민염산염","분할불가","",20250929,2078136336
"분할주의",202300051,"포시글리듀오서방정10/1000밀리그램",2023January5th,"서방성필름코팅정","신일제약(주)","노란색의 양면이 볼록한 타원형의 서방성 필름코팅정",03960,"당뇨병용제","전문의약품","복합","[M268403]다파글리플로진무수유당혼합물/[M244179]메트포르민염산염","분할불가","",20251107,3038113742
"분할주의",202300142,"글리플로엠서방정10/1000밀리그램",2023January6th,"서방성필름코팅정","대우제약(주)","노란색의 양면이 볼록한 타원형의 서방성 필름코팅정",03960,"당뇨병용제","전문의약품","복합","[M268403]다파글리플로진무수유당혼합물/[M244179]메트포르민염산염","분할불가","",20251107,6038109769
"분할주의",202300143,"다플로엠서방정10/1000밀리그램",2023January6th,"서방성필름코팅정","동광제약(주)","노란색의 양면이 볼록한 타원형의 서방성 필름코팅정",03960,"당뇨병용제","전문의약품","복합","[M268403]다파글리플로진무수유당혼합물/[M244179]메트포르민염산염","분할불가","",20251107,2018644250
"분할주의",202300144,"다파이제서방정10/1000밀리그램(다파글리플로진,메트포르민)",2023January6th,"서방성필름코팅정","일양약품(주)","노란색의 양면이 볼록한 타원형의 서방성 필름코팅정",03960,"당뇨병용제","전문의약품","복합","[M268403]다파글리플로진무수유당혼합물/[M244179]메트포르민염산염","분할불가","",20251107,2098100872
"분할주의",202300145,"다파엔메트서방정10/1000밀리그램(다파글리플로진, 메트포르민)",2023January6th,"서방성필름코팅정","에이치케이이노엔(주)","노란색의 양면이 볼록한 타원형의 서방성 필름코팅정",03960,"당뇨병용제","전문의약품","복합","[M268403]다파글리플로진무수유당혼합물/[M244179]메트포르민염산염","분할불가","",20260204,2018638914
"분할주의",202300146,"다파칸메트서방정10/1000밀리그램",2023January6th,"서방성필름코팅정","(주)경보제약","노란색의 양면이 볼록한 타원형의 서방성 필름코팅정",03960,"당뇨병용제","전문의약품","복합","[M268403]다파글리플로진무수유당혼합물/[M244179]메트포르민염산염","분할불가","",20260224,3128104567
"분할주의",202300147,"젠시가메트서방정10/1000밀리그램",2023January6th,"서방성필름코팅정","알보젠코리아(주)","노란색의 양면이 볼록한 타원형의 서방성 필름코팅정",03960,"당뇨병용제","전문의약품","복합","[M268403]다파글리플로진무수유당혼합물/[M244179]메트포르민염산염","분할불가","",20251107,2158121950
"분할주의",202300149,"다플로진듀오서방정10/1000밀리그램",2023January6th,"서방성필름코팅정","(주)팜젠사이언스","노란색의 양면이 볼록한 타원형의 서방성 필름코팅정",03960,"당뇨병용제","전문의약품","복합","[M268403]다파글리플로진무수유당혼합물/[M244179]메트포르민염산염","분할불가","",20251107,1248136540
"분할주의",202300150,"다파엘듀오서방정10/1000밀리그램",2023January6th,"서방성필름코팅정","에이치엘비제약(주)","노란색의 양면이 볼록한 타원형의 서방성 필름코팅정",03960,"당뇨병용제","전문의약품","복합","[M268403]다파글리플로진무수유당혼합물/[M244179]메트포르민염산염","분할불가","",20251204,2088125623
"분할주의",202300152,"영진다듀서방정10/1000밀리그램",2023January6th,"서방성필름코팅정","영진약품(주)","노란색의 양면이 볼록한 타원형의 서방성 필름코팅정",03960,"당뇨병용제","전문의약품","복합","[M268403]다파글리플로진무수유당혼합물/[M244179]메트포르민염산염","분할불가","",20251107,2188100352
"분할주의",202300153,"에스포가듀오서방정10/1000밀리그램",2023January6th,"서방성필름코팅정","삼천당제약(주)","노란색의 양면이 볼록한 타원형의 서방성 필름코팅정",03960,"당뇨병용제","전문의약품","복합","[M268403]다파글리플로진무수유당혼합물/[M244179]메트포르민염산염","분할불가","",20251107,1248104295
"분할주의",202300154,"다포진엠서방정10/1000밀리그램",2023January6th,"서방성필름코팅정","삼진제약(주)","노란색의 양면이 볼록한 타원형의 서방성 필름코팅정",03960,"당뇨병용제","전문의약품","복합","[M268403]다파글리플로진무수유당혼합물/[M244179]메트포르민염산염","분할불가","",20251107,1248531621
"분할주의",202300191,"유다파듀오서방정10/1000밀리그램",2023January10th,"서방성필름코팅정","(주)유영제약","노란색의 양면이 볼록한 타원형 서방성 필름코팅정",03960,"당뇨병용제","전문의약품","복합","[M244179]메트포르민염산염/[M258339]다파글리플로진프로판디올수화물","분할불가","",20250829,3018109728
"분할주의",202300192,"유다파듀오서방정10/500밀리그램",2023January10th,"서방성필름코팅정","(주)유영제약","분홍색의 양면이 볼록한 장방형 서방성 필름코팅정",03960,"당뇨병용제","전문의약품","복합","[M244179]메트포르민염산염/[M258339]다파글리플로진프로판디올수화물","분할불가","",20250829,3018109728
"분할주의",202300209,"다파릴듀오서방정10/500밀리그램",2023January11th,"서방성필름코팅정","아주약품(주)","분홍색의 양면이 볼록한 타원형의 서방성 필름코팅정제",03960,"당뇨병용제","전문의약품","복합","[M258339]다파글리플로진프로판디올수화물/[M244179]메트포르민염산염","분할불가","",20260508,8028803696
"분할주의",202300210,"다파릴듀오서방정10/1000밀리그램",2023January11th,"서방성필름코팅정","아주약품(주)","노란색의 양면이 볼록한 타원형의 서방성 필름코팅정제",03960,"당뇨병용제","전문의약품","복합","[M258339]다파글리플로진프로판디올수화물/[M244179]메트포르민염산염","분할불가","",20260508,8028803696
"분할주의",202300227,"다포가듀오서방정10/500밀리그램(다파글리플로진프로판디올수화물, 메트포르민염산염)",2023January12th,"서방성필름코팅정","삼천당제약(주)","분홍색의 양면이 볼록한 장방형 서방성 필름코팅정",03960,"당뇨병용제","전문의약품","복합","[M244179]메트포르민염산염/[M258339]다파글리플로진프로판디올수화물","분할불가","",20251107,1248104295
"분할주의",202300228,"다포가듀오서방정10/1000밀리그램(다파글리플로진프로판디올수화물, 메트포르민염산염)",2023January12th,"서방성필름코팅정","삼천당제약(주)","노란색의 양면이 볼록한 타원형 서방성 필름코팅정",03960,"당뇨병용제","전문의약품","복합","[M244179]메트포르민염산염/[M258339]다파글리플로진프로판디올수화물","분할불가","",20251107,1248104295
"분할주의",202300229,"타파진플러스서방정10/500밀리그램",2023January12th,"서방성필름코팅정","대화제약(주)","분홍색의 양면이 볼록한 장방형 서방성 필름코팅정",03960,"당뇨병용제","전문의약품","복합","[M244179]메트포르민염산염/[M258339]다파글리플로진프로판디올수화물","분할불가","",20251107,1338122322
"분할주의",202300230,"타파진플러스서방정10/1000밀리그램",2023January12th,"서방성필름코팅정","대화제약(주)","노란색의 양면이 볼록한 타원형 서방성 필름코팅정",03960,"당뇨병용제","전문의약품","복합","[M244179]메트포르민염산염/[M258339]다파글리플로진프로판디올수화물","분할불가","",20251107,1338122322
"분할주의",202300238,"폴민다파서방정10/500밀리그램",2023January12th,"서방성필름코팅정","(주)녹십자","분홍색의 양면이 볼록한 타원형의 서방성 필름코팅정제",03960,"당뇨병용제","전문의약품","복합","[M258339]다파글리플로진프로판디올수화물/[M244179]메트포르민염산염","분할불가","",20260711,3038117108
"분할주의",202300239,"폴민다파서방정10/1000밀리그램",2023January12th,"서방성필름코팅정","(주)녹십자","노란색의 양면이 볼록한 타원형의 서방성 필름코팅정제",03960,"당뇨병용제","전문의약품","복합","[M258339]다파글리플로진프로판디올수화물/[M244179]메트포르민염산염","분할불가","",20260711,3038117108
"분할주의",202300240,"다파로엠서방정10/500밀리그램",2023January12th,"서방성필름코팅정","한림제약(주)","분홍색의 양면이 볼록한 타원형의 서방성 필름코팅정제",03960,"당뇨병용제","전문의약품","복합","[M258339]다파글리플로진프로판디올수화물/[M244179]메트포르민염산염","분할불가","",20251107,1358102638
"분할주의",202300241,"다파로엠서방정10/1000밀리그램",2023January12th,"서방성필름코팅정","한림제약(주)","노란색의 양면이 볼록한 타원형의 서방성 필름코팅정제",03960,"당뇨병용제","전문의약품","복합","[M258339]다파글리플로진프로판디올수화물/[M244179]메트포르민염산염","분할불가","",20251107,1358102638
"분할주의",202300242,"다파플러스서방정10/500밀리그램",2023January12th,"서방성필름코팅정","(주)씨엠지제약","분홍색의 양면이 볼록한 타원형의 서방성 필름코팅정제",03960,"당뇨병용제","전문의약품","복합","[M258339]다파글리플로진프로판디올수화물/[M244179]메트포르민염산염","분할불가","",20260707,1348171976
"분할주의",202300243,"다파플러스서방정10/1000밀리그램",2023January12th,"서방성필름코팅정","(주)씨엠지제약","노란색의 양면이 볼록한 타원형의 서방성 필름코팅정제",03960,"당뇨병용제","전문의약품","복합","[M258339]다파글리플로진프로판디올수화물/[M244179]메트포르민염산염","분할불가","",20260707,1348171976
"분할주의",202300273,"포시디엠서방정5/500밀리그램",2023January17th,"서방성필름코팅정","국제약품(주)","주황색의 장방형 서방성 필름코팅정",03960,"당뇨병용제","전문의약품","복합","[M244179]메트포르민염산염/[M258339]다파글리플로진프로판디올수화물","분할불가","",20251107,2078100309
"분할주의",202300274,"포시디엠서방정10/500밀리그램",2023January17th,"서방성필름코팅정","국제약품(주)","분홍색의 장방형 서방성 필름코팅정",03960,"당뇨병용제","전문의약품","복합","[M244179]메트포르민염산염/[M258339]다파글리플로진프로판디올수화물","분할불가","",20251107,2078100309
"분할주의",202300275,"디파글루엠서방정10/1000밀리그램",2023January17th,"서방성필름코팅정","삼익제약(주)","노란색의 양면이 볼록한 타원형 서방성 필름코팅정",03960,"당뇨병용제","전문의약품","복합","[M258339]다파글리플로진프로판디올수화물/[M244179]메트포르민염산염","분할불가","",20251107,1228113217
"분할주의",202300297,"포시로멧서방정5/500밀리그램(다파글리플로진, 메트포르민염산염)",2023January18th,"서방성필름코팅정","(주)대웅제약","주황색의 장방형 서방성 필름코팅정",03960,"당뇨병용제","전문의약품","복합","[M244179]메트포르민염산염/[M258339]다파글리플로진프로판디올수화물","분할불가","",20251107,1248601143
"분할주의",202300298,"포시로멧서방정10/500밀리그램(다파글리플로진, 메트포르민염산염)",2023January18th,"서방성필름코팅정","(주)대웅제약","분홍색의 장방형 서방성 필름코팅정",03960,"당뇨병용제","전문의약품","복합","[M244179]메트포르민염산염/[M258339]다파글리플로진프로판디올수화물","분할불가","",20251107,1248601143
"분할주의",202300329,"판스틴정",2023January25th,"장용정","신일제약(주)","장방형의 녹색 장용필름코팅정",02330,"건위소화제","일반의약품","복합","[M040678]판크레아틴/[M100297]셀룰라제/[M227778]디메티콘/[M256386]글리시리진산이칼륨","분할불가","","",3038113742
"분할주의",202300347,"다파포민서방정10/1000밀리그램",2023January27th,"서방성필름코팅정","대한뉴팜(주)","노란색~진한 노란색의 양면이 볼록한 타원형의 서방성 필름코팅정제",03960,"당뇨병용제","전문의약품","복합","[M258339]다파글리플로진프로판디올수화물/[M244179]메트포르민염산염","분할불가","",20251107,2298110729
"분할주의",202300348,"다파프로메트서방정10/1000밀리그램",2023January27th,"서방성필름코팅정","동아에스티(주)","속방성 층과 서방성 층으로 이루어진 노란색~진한 노란색의 타원형 필름코팅이중정",03960,"당뇨병용제","전문의약품","복합","[M244179]메트포르민염산염/[M258339]다파글리플로진프로판디올수화물","분할불가","",20251113,2048640122
"분할주의",202300349,"다파프로메트서방정10/500밀리그램",2023January27th,"서방성필름코팅정","동아에스티(주)","속방성 층과 서방성 층으로 이루어진 분홍색의 장방형 필름코팅이중정",03960,"당뇨병용제","전문의약품","복합","[M244179]메트포르민염산염/[M258339]다파글리플로진프로판디올수화물","분할불가","",20251113,2048640122
"분할주의",202300350,"포시다파엠서방정10/1000밀리그램",2023January27th,"서방성필름코팅정","대웅바이오(주)","노란색의 양면이 볼록한 타원형의 서방성 필름코팅정제",03960,"당뇨병용제","전문의약품","복합","[M258339]다파글리플로진프로판디올수화물/[M244179]메트포르민염산염","분할불가","",20251107,1248677584
"분할주의",202300351,"다파프로메트서방정5/500밀리그램",2023January27th,"서방성필름코팅정","동아에스티(주)","속방성 층과 서방성 층으로 이루어진 주황색~진한 주황색의 장방형 필름코팅이중정",03960,"당뇨병용제","전문의약품","복합","[M244179]메트포르민염산염/[M258339]다파글리플로진프로판디올수화물","분할불가","",20251113,2048640122
"분할주의",202300352,"다파프로메트서방정5/1000밀리그램",2023January27th,"서방성필름코팅정","동아에스티(주)","속방성 층과 서방성 층으로 이루어진 분홍색~진한 분홍색의 타원형 필름코팅이중정",03960,"당뇨병용제","전문의약품","복합","[M244179]메트포르민염산염/[M258339]다파글리플로진프로판디올수화물","분할불가","",20251113,2048640122
"분할주의",202300353,"다플진메트서방정10/1000밀리그램",2023January27th,"서방성필름코팅정","동국제약(주)","노란색의 양면이 볼록한 타원형의 서방성 필름코팅정제",03960,"당뇨병용제","전문의약품","복합","[M258339]다파글리플로진프로판디올수화물/[M244179]메트포르민염산염","분할불가","",20251107,3018508241
"분할주의",202300354,"다파로진듀오서방정10/1000밀리그램",2023January27th,"서방성필름코팅정","(주)비보존제약","노란색의 양면이 볼록한 타원형의 서방성 필름코팅정제",03960,"당뇨병용제","전문의약품","복합","[M258339]다파글리플로진프로판디올수화물/[M244179]메트포르민염산염","분할불가","",20251107,1248199564
"분할주의",202300355,"다파루틴듀오서방정10/1000밀리그램",2023January27th,"서방성필름코팅정","신풍제약(주)","노란색의 양면이 볼록한 타원형의 서방성 필름코팅정제",03960,"당뇨병용제","전문의약품","복합","[M258339]다파글리플로진프로판디올수화물/[M244179]메트포르민염산염","분할불가","",20251107,1348103819
"분할주의",202300356,"포시로멧서방정10/1000밀리그램(다파글리플로진, 메트포르민)",2023January27th,"서방성필름코팅정","(주)대웅제약","노란색의 양면이 볼록한 타원형의 서방성 필름코팅정제",03960,"당뇨병용제","전문의약품","복합","[M258339]다파글리플로진프로판디올수화물/[M244179]메트포르민염산염","분할불가","",20251107,1248601143
"분할주의",202300357,"포글로엠서방정10/1000밀리그램(다파글리플로진프로판디올수화물, 메트포르민염산염)",2023January27th,"서방성필름코팅정","명문제약(주)","노란색의 양면이 볼록한 타원형의 서방성 필름코팅정제",03960,"당뇨병용제","전문의약품","복합","[M258339]다파글리플로진프로판디올수화물/[M244179]메트포르민염산염","분할불가","",20251107,1248135615
"분할주의",202300358,"플로가엠듀오서방정10/1000밀리그램(다파글리플로진, 메트포르민)",2023January27th,"서방성필름코팅정","(주)넥스팜코리아","노란색의 양면이 볼록한 타원형의 서방성 필름코팅정제",03960,"당뇨병용제","전문의약품","복합","[M258339]다파글리플로진프로판디올수화물/[M244179]메트포르민염산염","분할불가","",20251107,3018125427
"분할주의",202300359,"휴시가듀오서방정10/500밀리그램(다파글리플로진, 메트포르민)",2023January27th,"서방성필름코팅정","(주)휴온스","분홍색의 양면이 볼록한 장방형 서방성 필름코팅정",03960,"당뇨병용제","전문의약품","복합","[M244179]메트포르민염산염/[M258339]다파글리플로진프로판디올수화물","분할불가","",20250829,8638700270
"분할주의",202300360,"휴시가듀오서방정10/1000밀리그램(다파글리플로진, 메트포르민)",2023January27th,"서방성필름코팅정","(주)휴온스","노란색의 양면이 볼록한 타원형 서방성 필름코팅정",03960,"당뇨병용제","전문의약품","복합","[M244179]메트포르민염산염/[M258339]다파글리플로진프로판디올수화물","분할불가","",20250829,8638700270
"분할주의",202300366,"다파포민서방정10/500밀리그램",2023January27th,"서방성필름코팅정","대한뉴팜(주)","분홍색의 양면이 볼록한 장방형의 서방성 필름코팅정제",03960,"당뇨병용제","전문의약품","복합","[M258339]다파글리플로진프로판디올수화물/[M244179]메트포르민염산염","분할불가","",20251107,2298110729
"분할주의",202300423,"다파글엠서방정10/1000밀리그램(다파글리플로진프로판디올수화물,메트포르민염산염)",2023January31st,"서방성필름코팅정","(주)메디카코리아","노란색의 양면이 볼록한 타원형의 서방성 필름코팅정제",03960,"당뇨병용제","전문의약품","복합","[M258339]다파글리플로진프로판디올수화물/[M244179]메트포르민염산염","분할불가","",20251107,1208165228
"분할주의",202300424,"다파글엠서방정10/500밀리그램(다파글리플로진프로판디올수화물,메트포르민염산염)",2023January31st,"서방성필름코팅정","(주)메디카코리아","분홍색의 양면이 볼록한 타원형의 서방성 필름코팅정제",03960,"당뇨병용제","전문의약품","복합","[M258339]다파글리플로진프로판디올수화물/[M244179]메트포르민염산염","분할불가","",20251107,1208165228
"분할주의",202300428,"답플로엠서방정10/500밀리그램(다파글리플로진프로판디올수화물,메트포르민염산염)",2023January31st,"서방성필름코팅정","영진약품(주)","분홍색의 양면이 볼록한 타원형의 서방성 필름코팅정",03960,"당뇨병용제","전문의약품","복합","[M258339]다파글리플로진프로판디올수화물/[M244179]메트포르민염산염","분할불가","",20251107,2188100352
"분할주의",202300429,"답플로엠서방정10/1000밀리그램(다파글리플로진프로판디올수화물,메트포르민염산염)",2023January31st,"서방성필름코팅정","영진약품(주)","노란색의 양면이 볼록한 타원형의 서방성 필름코팅정제",03960,"당뇨병용제","전문의약품","복합","[M258339]다파글리플로진프로판디올수화물/[M244179]메트포르민염산염","분할불가","",20251107,2188100352
"분할주의",202300430,"다플디엠메트서방정10/500밀리그램(다파글리플로진프로판디올수화물,메트포르민염산염)",2023January31st,"서방성필름코팅정","동화약품(주)","분홍색의 양면이 볼록한 타원형의 서방성 필름코팅정제",03960,"당뇨병용제","전문의약품","복합","[M258339]다파글리플로진프로판디올수화물/[M244179]메트포르민염산염","분할불가","",20251107,1108100102
"분할주의",202300431,"다플디엠메트서방정10/1000밀리그램(다파글리플로진프로판디올수화물,메트포르민염산염)",2023January31st,"서방성필름코팅정","동화약품(주)","노란색의 양면이 볼록한 타원형의 서방성 필름코팅정",03960,"당뇨병용제","전문의약품","복합","[M258339]다파글리플로진프로판디올수화물/[M244179]메트포르민염산염","분할불가","",20251107,1108100102
"분할주의",202300432,"다파글루엠서방정10/500밀리그램(다파글리플로진프로판디올수화물,메트포르민염산염)",2023January31st,"서방성필름코팅정","(주)일화","분홍색의 양면이 볼록한 타원형의 서방성 필름코팅정제",03960,"당뇨병용제","전문의약품","복합","[M258339]다파글리플로진프로판디올수화물/[M244179]메트포르민염산염","분할불가","",20251107,1328101004
"분할주의",202300433,"다파글루엠서방정10/1000밀리그램(다파글리플로진프로판디올수화물,메트포르민염산염)",2023January31st,"서방성필름코팅정","(주)일화","노란색의 양면이 볼록한 타원형의 서방성 필름코팅정제",03960,"당뇨병용제","전문의약품","복합","[M258339]다파글리플로진프로판디올수화물/[M244179]메트포르민염산염","분할불가","",20251107,1328101004
"분할주의",202300452,"가스트릭서방정(록사티딘아세테이트염산염)",2023February3rd,"서방성필름코팅정","대화제약(주)","흰색의 원형 서방성 필름코팅정",02320,"소화성궤양용제","전문의약품","단일","[M241476]록사티딘아세테이트염산염","분할불가","",20241018,1338122322
"분할주의",202300523,"뉴카틴정(아세틸-L-카르니틴염산염)(수출용)",2023February13th,"장용성필름코팅정","명문제약(주)","흰색의 장방형 필름코팅정",02190,"기타의 순환계용약","전문의약품","단일","[M249118]아세틸-L-카르니틴염산염","분할불가","","",1248135615
"분할주의",202300577,"시타비앙듀오엑스알서방정50/500밀리그램",2023February16th,"서방성필름코팅정","대화제약(주)","연한 파랑색의 양면이 볼록한 타원형 서방성 필름코팅정제",03960,"당뇨병용제","전문의약품","복합","[M266925]시타글립틴염산염수화물/[M244179]메트포르민염산염","분할불가","",20230525,1338122322
"분할주의",202300578,"시타비앙듀오엑스알서방정50/1000밀리그램",2023February16th,"서방성필름코팅정","대화제약(주)","밝은 녹색의 타원형 서방성 필름코팅정제",03960,"당뇨병용제","전문의약품","복합","[M266925]시타글립틴염산염수화물/[M244179]메트포르민염산염","분할불가","",20230525,1338122322
"분할주의",202300579,"시타비앙듀오엑스알서방정100/1000밀리그램",2023February16th,"서방성필름코팅정","대화제약(주)","밝은 파랑색의 양면이 볼록한 타원형 서방성 필름코팅정제",03960,"당뇨병용제","전문의약품","복합","[M266925]시타글립틴염산염수화물/[M244179]메트포르민염산염","분할불가","",20230525,1338122322
"분할주의",202300581,"자누스틴메트엑스알서방정50/1000밀리그램",2023February17th,"서방성필름코팅정","(주)경보제약","밝은 녹색의 타원형 서방성 필름코팅정제",03960,"당뇨병용제","전문의약품","복합","[M266925]시타글립틴염산염수화물/[M244179]메트포르민염산염","분할불가","",20230526,3128104567
"분할주의",202300582,"자누스틴메트엑스알서방정50/500밀리그램",2023February17th,"서방성필름코팅정","(주)경보제약","연한 파랑색의 양면이 볼록한 타원형 서방성 필름코팅정제",03960,"당뇨병용제","전문의약품","복합","[M266925]시타글립틴염산염수화물/[M244179]메트포르민염산염","분할불가","",20230526,3128104567
"분할주의",202300583,"자누스틴메트엑스알서방정100/1000밀리그램",2023February17th,"서방성필름코팅정","(주)경보제약","밝은 파랑색의 양면이 볼록한 타원형 서방성 필름코팅정제",03960,"당뇨병용제","전문의약품","복합","[M266925]시타글립틴염산염수화물/[M244179]메트포르민염산염","분할불가","",20230526,3128104567
"분할주의",202300584,"시타듀얼엑스알서방정50/500밀리그램(시타글립틴염산염수화물, 메트포르민염산염)",2023February17th,"서방성필름코팅정","현대약품(주)","연한 파랑색의 양면이 볼록한 타원형 서방성 필름코팅정제",03960,"당뇨병용제","전문의약품","복합","[M266925]시타글립틴염산염수화물/[M244179]메트포르민염산염","분할불가","",20230526,1308100988
"분할주의",202300585,"시타듀얼엑스알서방정50/1000밀리그램(시타글립틴염산염수화물, 메트포르민염산염)",2023February17th,"서방성필름코팅정","현대약품(주)","밝은 녹색의 타원형 서방성 필름코팅정제",03960,"당뇨병용제","전문의약품","복합","[M266925]시타글립틴염산염수화물/[M244179]메트포르민염산염","분할불가","",20230526,1308100988
"분할주의",202300586,"시타듀얼엑스알서방정100/1000밀리그램(시타글립틴염산염수화물, 메트포르민염산염)",2023February17th,"서방성필름코팅정","현대약품(주)","밝은 파랑색의 양면이 볼록한 타원형 서방성 필름코팅정제",03960,"당뇨병용제","전문의약품","복합","[M266925]시타글립틴염산염수화물/[M244179]메트포르민염산염","분할불가","",20230526,1308100988
"분할주의",202300587,"다누메트엑스알서방정50/500밀리그램",2023February17th,"서방성필름코팅정","주식회사케이에스제약","연한 파랑색의 양면이 볼록한 타원형 서방성 필름코팅정제",03960,"당뇨병용제","전문의약품","복합","[M266925]시타글립틴염산염수화물/[M244179]메트포르민염산염","분할불가","",20230526,6218801013
"분할주의",202300588,"다누메트엑스알서방정50/1000밀리그램",2023February17th,"서방성필름코팅정","주식회사케이에스제약","밝은 녹색의 타원형 서방성 필름코팅정제",03960,"당뇨병용제","전문의약품","복합","[M266925]시타글립틴염산염수화물/[M244179]메트포르민염산염","분할불가","",20230526,6218801013
"분할주의",202300589,"다누메트엑스알서방정100/1000밀리그램",2023February17th,"서방성필름코팅정","주식회사케이에스제약","밝은 파랑색의 양면이 볼록한 타원형 서방성 필름코팅정제",03960,"당뇨병용제","전문의약품","복합","[M266925]시타글립틴염산염수화물/[M244179]메트포르민염산염","분할불가","",20230526,6218801013
"분할주의",202300590,"시타루틴듀오서방정50/500밀리그램",2023February17th,"서방성필름코팅정","신풍제약(주)","연한 파랑색의 양면이 볼록한 타원형 서방성 필름코팅정제",03960,"당뇨병용제","전문의약품","복합","[M266925]시타글립틴염산염수화물/[M244179]메트포르민염산염","분할불가","",20230526,1348103819
"분할주의",202300591,"시타루틴듀오서방정50/1000밀리그램",2023February17th,"서방성필름코팅정","신풍제약(주)","밝은 녹색의 타원형 서방성 필름코팅정제",03960,"당뇨병용제","전문의약품","복합","[M266925]시타글립틴염산염수화물/[M244179]메트포르민염산염","분할불가","",20230526,1348103819
"분할주의",202300592,"시타루틴듀오서방정100/1000밀리그램",2023February17th,"서방성필름코팅정","신풍제약(주)","밝은 파랑색의 양면이 볼록한 타원형 서방성 필름코팅정제",03960,"당뇨병용제","전문의약품","복합","[M266925]시타글립틴염산염수화물/[M244179]메트포르민염산염","분할불가","",20230526,1348103819
"분할주의",202300593,"자누글루엠엑스알서방정50/500밀리그램",2023February17th,"서방성필름코팅정","삼천당제약(주)","연한 파랑색의 양면이 볼록한 타원형 서방성 필름코팅정제",03960,"당뇨병용제","전문의약품","복합","[M266925]시타글립틴염산염수화물/[M244179]메트포르민염산염","분할불가","",20230526,1248104295
"분할주의",202300594,"자누글루엠엑스알서방정50/1000밀리그램",2023February17th,"서방성필름코팅정","삼천당제약(주)","밝은 녹색의 타원형 서방성 필름코팅정제",03960,"당뇨병용제","전문의약품","복합","[M266925]시타글립틴염산염수화물/[M244179]메트포르민염산염","분할불가","",20230526,1248104295
"분할주의",202300595,"자누글루엠엑스알서방정100/1000밀리그램",2023February17th,"서방성필름코팅정","삼천당제약(주)","밝은 파랑색의 양면이 볼록한 타원형 서방성 필름코팅정제",03960,"당뇨병용제","전문의약품","복합","[M266925]시타글립틴염산염수화물/[M244179]메트포르민염산염","분할불가","",20230526,1248104295
"분할주의",202300596,"시디포엠서방정100/1000밀리그램",2023February17th,"서방성필름코팅정","동광제약(주)","밝은 파랑색의 양면이 볼록한 타원형 서방성 필름코팅정제",03960,"당뇨병용제","전문의약품","복합","[M266925]시타글립틴염산염수화물/[M244179]메트포르민염산염","분할불가","",20230526,2018644250
"분할주의",202300597,"시디포엠서방정50/1000밀리그램",2023February17th,"서방성필름코팅정","동광제약(주)","밝은 녹색의 타원형 서방성 필름코팅정제",03960,"당뇨병용제","전문의약품","복합","[M266925]시타글립틴염산염수화물/[M244179]메트포르민염산염","분할불가","",20230526,2018644250
"분할주의",202300598,"시디포엠서방정50/500밀리그램",2023February17th,"서방성필름코팅정","동광제약(주)","연한 파랑색의 양면이 볼록한 타원형 서방성 필름코팅정제",03960,"당뇨병용제","전문의약품","복합","[M266925]시타글립틴염산염수화물/[M244179]메트포르민염산염","분할불가","",20230526,2018644250
"분할주의",202300599,"자누디엠서방정100/1000밀리그램",2023February17th,"서방성필름코팅정","국제약품(주)","밝은 파랑색의 양면이 볼록한 타원형 서방성 필름코팅정제",03960,"당뇨병용제","전문의약품","복합","[M266925]시타글립틴염산염수화물/[M244179]메트포르민염산염","분할불가","",20230526,2078100309
"분할주의",202300600,"자누디엠서방정50/1000밀리그램",2023February17th,"서방성필름코팅정","국제약품(주)","밝은 녹색의 타원형 서방성 필름코팅정제",03960,"당뇨병용제","전문의약품","복합","[M266925]시타글립틴염산염수화물/[M244179]메트포르민염산염","분할불가","",20230526,2078100309
"분할주의",202300601,"자누디엠서방정50/500밀리그램",2023February17th,"서방성필름코팅정","국제약품(주)","연한 파랑색의 양면이 볼록한 타원형 서방성 필름코팅정제",03960,"당뇨병용제","전문의약품","복합","[M266925]시타글립틴염산염수화물/[M244179]메트포르민염산염","분할불가","",20230526,2078100309
"분할주의",202300602,"휴글리아엠엑스알서방정50/500밀리그램(시타글립틴, 메트포르민)",2023February17th,"서방성필름코팅정","(주)휴온스","연한 파랑색의 양면이 볼록한 타원형 서방성 필름코팅정제",03960,"당뇨병용제","전문의약품","복합","[M266925]시타글립틴염산염수화물/[M244179]메트포르민염산염","분할불가","",20230526,8638700270
"분할주의",202300603,"휴글리아엠엑스알서방정50/1000밀리그램(시타글립틴, 메트포르민)",2023February17th,"서방성필름코팅정","(주)휴온스","밝은 녹색의 타원형 서방성 필름코팅정제",03960,"당뇨병용제","전문의약품","복합","[M266925]시타글립틴염산염수화물/[M244179]메트포르민염산염","분할불가","",20230526,8638700270
"분할주의",202300604,"휴글리아엠엑스알서방정100/1000밀리그램(시타글립틴, 메트포르민)",2023February17th,"서방성필름코팅정","(주)휴온스","밝은 파랑색의 양면이 볼록한 타원형 서방성 필름코팅정제",03960,"당뇨병용제","전문의약품","복합","[M266925]시타글립틴염산염수화물/[M244179]메트포르민염산염","분할불가","",20230526,8638700270
"분할주의",202300606,"글로시타포민서방정50/500밀리그램",2023February17th,"서방성필름코팅정","(주)킵스바이오파마","연한 파랑색의 양면이 볼록한 타원형 서방성 필름코팅정제",03960,"당뇨병용제","전문의약품","복합","[M266925]시타글립틴염산염수화물/[M244179]메트포르민염산염","분할불가","",20230526,2098126571
"분할주의",202300607,"글로시타포민서방정50/1000밀리그램",2023February17th,"서방성필름코팅정","(주)킵스바이오파마","밝은 녹색의 타원형 서방성 필름코팅정제",03960,"당뇨병용제","전문의약품","복합","[M266925]시타글립틴염산염수화물/[M244179]메트포르민염산염","분할불가","",20230526,2098126571
"분할주의",202300608,"글로시타포민서방정100/1000밀리그램",2023February17th,"서방성필름코팅정","(주)킵스바이오파마","밝은 파랑색의 양면이 볼록한 타원형 서방성 필름코팅정제",03960,"당뇨병용제","전문의약품","복합","[M266925]시타글립틴염산염수화물/[M244179]메트포르민염산염","분할불가","",20230526,2098126571
"분할주의",202300609,"자누아틴듀오서방정100/1000밀리그램",2023February17th,"서방성필름코팅정","(주)팜젠사이언스","밝은 파랑색의 양면이 볼록한 타원형 서방성 필름코팅정제",03960,"당뇨병용제","전문의약품","복합","[M266925]시타글립틴염산염수화물/[M244179]메트포르민염산염","분할불가","",20230526,1248136540
"분할주의",202300610,"자누아틴듀오서방정50/1000밀리그램",2023February17th,"서방성필름코팅정","(주)팜젠사이언스","밝은 녹색의 타원형 서방성 필름코팅정제",03960,"당뇨병용제","전문의약품","복합","[M266925]시타글립틴염산염수화물/[M244179]메트포르민염산염","분할불가","",20230526,1248136540
"분할주의",202300611,"자누아틴듀오서방정50/500밀리그램",2023February17th,"서방성필름코팅정","(주)팜젠사이언스","연한 파랑색의 양면이 볼록한 타원형 서방성 필름코팅정제",03960,"당뇨병용제","전문의약품","복합","[M266925]시타글립틴염산염수화물/[M244179]메트포르민염산염","분할불가","",20230526,1248136540
"분할주의",202300612,"시타티딘듀오엑스알서방정50/500밀리그램",2023February17th,"서방성필름코팅정","(주)티디에스팜","연한 파랑색의 양면이 볼록한 타원형 서방성 필름코팅정제",03960,"당뇨병용제","전문의약품","복합","[M266925]시타글립틴염산염수화물/[M244179]메트포르민염산염","분할불가","",20230526,3038134897
"분할주의",202300613,"시타티딘듀오엑스알서방정50/1000밀리그램",2023February17th,"서방성필름코팅정","(주)티디에스팜","밝은 녹색의 타원형 서방성 필름코팅정제",03960,"당뇨병용제","전문의약품","복합","[M266925]시타글립틴염산염수화물/[M244179]메트포르민염산염","분할불가","",20230526,3038134897
"분할주의",202300614,"시타티딘듀오엑스알서방정100/1000밀리그램",2023February17th,"서방성필름코팅정","(주)티디에스팜","밝은 파랑색의 양면이 볼록한 타원형 서방성 필름코팅정제",03960,"당뇨병용제","전문의약품","복합","[M266925]시타글립틴염산염수화물/[M244179]메트포르민염산염","분할불가","",20230526,3038134897
"분할주의",202300615,"자누그립틴듀오엑스알서방정50/500밀리그램",2023February17th,"서방성필름코팅정","(주)시어스제약","연한 파랑색의 양면이 볼록한 타원형 서방성 필름코팅정제",03960,"당뇨병용제","전문의약품","복합","[M266925]시타글립틴염산염수화물/[M244179]메트포르민염산염","분할불가","",20230602,5768100700
"분할주의",202300616,"자누그립틴듀오엑스알서방정50/1000밀리그램",2023February17th,"서방성필름코팅정","(주)시어스제약","밝은 녹색의 타원형 서방성 필름코팅정제",03960,"당뇨병용제","전문의약품","복합","[M266925]시타글립틴염산염수화물/[M244179]메트포르민염산염","분할불가","",20230602,5768100700
"분할주의",202300617,"자누그립틴듀오엑스알서방정100/1000밀리그램",2023February17th,"서방성필름코팅정","(주)시어스제약","밝은 파랑색의 양면이 볼록한 타원형 서방성 필름코팅정제",03960,"당뇨병용제","전문의약품","복합","[M266925]시타글립틴염산염수화물/[M244179]메트포르민염산염","분할불가","",20230602,5768100700
"분할주의",202301018,"글루파엑스알서방정500밀리그램(메트포르민염산염)",2023March23rd,"서방성필름코팅정","(주)다림바이오텍","흰색의 장방형 서방성 필름코팅정",03960,"당뇨병용제","전문의약품","단일","[M244179]메트포르민염산염","분할불가","",20230712,1248177594
"분할주의",202301088,"엘탄서방정60밀리그램(묽은이소소르비드일질산염)",2023March31st,"서방정","에리슨제약(주)","흰색의 장방형 서방정",02170,"혈관확장제","전문의약품","단일","[M258776]묽은이소소르비드일질산염","분할불가","","",1248707538
"분할주의",202301185,"활짝정",2023April11th,"장용성필름코팅정","동화약품(주)","녹색의 장방형 장용성 필름코팅정",02330,"건위소화제","일반의약품","복합","[M040678]판크레아틴/[M223167]우르소데옥시콜산/[M223083]시메티콘/[M050379]리파제/[M095415]브로멜라인/[M110355]건강 가루/[M110456]사인 가루","분할불가","","",1108100102
"분할주의",202301430,"듀비메트에스서방정0.5/100/1000밀리그램",2023May2nd,"서방성필름코팅정","(주)종근당","파란색의 양면이 볼록한 타원형의 서방성 필름코팅정",03960,"당뇨병용제","전문의약품","복합","[M244179]메트포르민염산염/[M255021]로베글리타존황산염/[M251915]시타글립틴인산염수화물","분할불가","",20240717,3128560679
"분할주의",202301431,"듀비메트에스서방정0.25/50/750밀리그램",2023May2nd,"서방성필름코팅정","(주)종근당","밝은 파란색의 양면이 볼록한 타원형의 서방성 필름코팅정",03960,"당뇨병용제","전문의약품","복합","[M244179]메트포르민염산염/[M255021]로베글리타존황산염/[M251915]시타글립틴인산염수화물","분할불가","",20240715,3128560679
"분할주의",202301432,"듀비메트에스서방정0.25/50/500밀리그램",2023May2nd,"서방성필름코팅정","(주)종근당","연한 파란색의 양면이 볼록한 타원형의 서방성 필름코팅정",03960,"당뇨병용제","전문의약품","복합","[M244179]메트포르민염산염/[M255021]로베글리타존황산염/[M251915]시타글립틴인산염수화물","분할불가","",20240717,3128560679
"분할주의",202301433,"듀비메트에스서방정0.25/50/1000밀리그램",2023May2nd,"서방성필름코팅정","(주)종근당","파란색의 양면이 볼록한 타원형의 서방성 필름코팅정",03960,"당뇨병용제","전문의약품","복합","[M244179]메트포르민염산염/[M255021]로베글리타존황산염/[M251915]시타글립틴인산염수화물","분할불가","",20240715,3128560679
"분할주의",202301622,"다파시타엠서방정10/100/1000밀리그램",2023May22nd,"서방성필름코팅정","대원제약(주)","진한 노란색의 양면이 볼록한 타원형의 서방성 필름코팅정",03960,"당뇨병용제","전문의약품","복합","[M258339]다파글리플로진프로판디올수화물/[M251915]시타글립틴인산염수화물/[M283294]메트포르민염산염콜로이드성이산화규소","분할불가","",20250829,2078136336
"분할주의",202301623,"실다파엠서방정5/50/1000밀리그램",2023May22nd,"서방성필름코팅정","한미약품(주)","노란색의 타원형 서방성 필름코팅정",03960,"당뇨병용제","전문의약품","복합","[M251915]시타글립틴인산염수화물/[M258339]다파글리플로진프로판디올수화물/[M244179]메트포르민염산염","분할불가","",20251016,1248700613
"분할주의",202301624,"실다파엠서방정5/50/500밀리그램",2023May22nd,"서방성필름코팅정","한미약품(주)","흰색의 타원형 서방성 필름코팅정",03960,"당뇨병용제","전문의약품","복합","[M251915]시타글립틴인산염수화물/[M258339]다파글리플로진프로판디올수화물/[M244179]메트포르민염산염","분할불가","",20251016,1248700613
"분할주의",202301694,"엘탄서방정30밀리그램(묽은이소소르비드일질산염)",2023May26th,"서방정","에리슨제약(주)","흰색의 원형 서방정",02170,"혈관확장제","전문의약품","단일","[M258776]묽은이소소르비드일질산염","분할불가","",20250416,1248707538
"분할주의",202301819,"엔블로멧서방정0.3/1000밀리그램(이나보글리플로진,메트포르민염산염)",2023June13th,"서방성다층정","(주)대웅제약","흰색과 연한 분홍색의 타원형 서방성 이층정제",03960,"당뇨병용제","전문의약품","복합","[M283330]이나보글리플로진/[M244179]메트포르민염산염","분할불가","","",1248601143
"분할주의",202301820,"다이락스쎈정",2023June14th,"장용성필름코팅정","조아제약(주)","연두색의 원형 장용성 정제",02380,"하제, 완장제","일반의약품","복합","[M050687]비사코딜/[M081950]도큐세이트나트륨/[M223167]우르소데옥시콜산/[M110253]노회 엑스","분할불가","","",6088124071
"분할주의",202301868,"시타플러스서방정100/1000밀리그램(시타글립틴,메트포르민)",2023June20th,"서방성필름코팅정","(주)씨엠지제약","밝은 파랑색의 양면이 볼록한 타원형 서방성 필름코팅정제",03960,"당뇨병용제","전문의약품","복합","[M266925]시타글립틴염산염수화물/[M244179]메트포르민염산염","분할불가","","",1348171976
"분할주의",202301869,"시타플러스서방정50/1000밀리그램(시타글립틴,메트포르민)",2023June20th,"서방성필름코팅정","(주)씨엠지제약","밝은 녹색의 타원형 서방성 필름코팅정제",03960,"당뇨병용제","전문의약품","복합","[M266925]시타글립틴염산염수화물/[M244179]메트포르민염산염","분할불가","","",1348171976
"분할주의",202301870,"시타플러스서방정50/500밀리그램(시타글립틴,메트포르민)",2023June20th,"서방성필름코팅정","(주)씨엠지제약","연한 파랑색의 양면이 볼록한 타원형 서방성 필름코팅정제",03960,"당뇨병용제","전문의약품","복합","[M266925]시타글립틴염산염수화물/[M244179]메트포르민염산염","분할불가","","",1348171976
"분할주의",202302006,"이글듀오서방정0.3/1000밀리그램(이나보글리플로진, 메트포르민염산염)",2023June29th,"서방성다층정","한올바이오파마(주)","흰색과 연한 분홍색의 타원형 서방성 이층정제",03960,"당뇨병용제","전문의약품","복합","[M283330]이나보글리플로진/[M244179]메트포르민염산염","분할불가","","",3068105479
"분할주의",202302009,"베나메트서방정0.3/1000밀리그램(이나보글리플로진, 메트포르민염산염)",2023June29th,"서방성다층정","대웅바이오(주)","흰색과 연한 분홍색의 타원형 서방성 이층정제",03960,"당뇨병용제","전문의약품","복합","[M283330]이나보글리플로진/[M244179]메트포르민염산염","분할불가","","",1248677584
"분할주의",202302018,"다파시타엠서방정5/50/750밀리그램",2023June30th,"서방성필름코팅정","대원제약(주)","밝은 노란색의 양면이 볼록한 타원형의 서방성 필름코팅정",03960,"당뇨병용제","전문의약품","복합","[M258339]다파글리플로진프로판디올수화물/[M251915]시타글립틴인산염수화물/[M283294]메트포르민염산염콜로이드성이산화규소","분할불가","",20250829,2078136336
"분할주의",202302019,"다파시타엠서방정5/50/500밀리그램",2023June30th,"서방성필름코팅정","대원제약(주)","연한 노란색의 양면이 볼록한 타원형의 서방성 필름코팅정",03960,"당뇨병용제","전문의약품","복합","[M258339]다파글리플로진프로판디올수화물/[M251915]시타글립틴인산염수화물/[M283294]메트포르민염산염콜로이드성이산화규소","분할불가","",20250829,2078136336
"분할주의",202302536,"록사겐서방정75밀리그램(록사티딘아세테이트염산염)",2023August28th,"서방성필름코팅정","신풍제약(주)","흰색의 원형 서방성 필름코팅정",02320,"소화성궤양용제","전문의약품","단일","[M241476]록사티딘아세테이트염산염","분할불가","",20241230,1348103819
"분할주의",202302566,"포시다파엠서방정5/500밀리그램(다파글리플로진프로판디올수화물,메트포르민염산염)",2023August30th,"서방성필름코팅정","대웅바이오(주)","주황색의 장방형 서방성 필름코팅정",03960,"당뇨병용제","전문의약품","복합","[M244179]메트포르민염산염/[M258339]다파글리플로진프로판디올수화물","분할불가","",20251107,1248677584
"분할주의",202302567,"포시다파엠서방정10/500밀리그램(다파글리플로진프로판디올수화물,메트포르민염산염)",2023August30th,"서방성필름코팅정","대웅바이오(주)","분홍색의 장방형 서방성 필름코팅정",03960,"당뇨병용제","전문의약품","복합","[M244179]메트포르민염산염/[M258339]다파글리플로진프로판디올수화물","분할불가","",20251107,1248677584
"분할주의",202302573,"다플진메트서방정5/500밀리그램(다파글리플로진프로판디올수화물, 메트포르민염산염)",2023August30th,"서방성필름코팅정","동국제약(주)","주황색의 장방형 서방성 필름코팅정",03960,"당뇨병용제","전문의약품","복합","[M244179]메트포르민염산염/[M258339]다파글리플로진프로판디올수화물","분할불가","",20251107,3018508241
"분할주의",202302574,"다플진메트서방정10/500밀리그램(다파글리플로진프로판디올수화물, 메트포르민염산염)",2023August30th,"서방성필름코팅정","동국제약(주)","분홍색의 장방형 서방성 필름코팅정",03960,"당뇨병용제","전문의약품","복합","[M244179]메트포르민염산염/[M258339]다파글리플로진프로판디올수화물","분할불가","",20251107,3018508241
"분할주의",202302655,"다파엠듀오서방정5/500밀리그램",2023September6th,"서방성필름코팅정","(주)에이프로젠바이오로직스","주황색의 장방형 서방성 필름코팅정",03960,"당뇨병용제","전문의약품","복합","[M258339]다파글리플로진프로판디올수화물/[M244179]메트포르민염산염","분할불가","",20251107,2188100518
"분할주의",202302656,"다파엠듀오서방정10/500밀리그램",2023September6th,"서방성필름코팅정","(주)에이프로젠바이오로직스","분홍색의 장방형 서방성 필름코팅정",03960,"당뇨병용제","전문의약품","복합","[M258339]다파글리플로진프로판디올수화물/[M244179]메트포르민염산염","분할불가","",20251107,2188100518
"분할주의",202302753,"네시나메트서방정25/1000밀리그램(알로글립틴,메트포르민염산염)",2023September14th,"서방성필름코팅정","(주)셀트리온제약","연한 노란색의 타원형 서방성 필름코팅정",03960,"당뇨병용제","전문의약품","복합","[M244179]메트포르민염산염/[M115650]알로글립틴벤조산염","분할불가","",20250521,2148671641
"분할주의",202302754,"네시나메트서방정12.5/500밀리그램(알로글립틴,메트포르민염산염)",2023September14th,"서방성필름코팅정","(주)셀트리온제약","연한 노란색의 타원형 서방성 필름코팅정",03960,"당뇨병용제","전문의약품","복합","[M244179]메트포르민염산염/[M115650]알로글립틴벤조산염","분할불가","",20250521,2148671641
"분할주의",202302755,"네시나메트서방정12.5/1000밀리그램(알로글립틴,메트포르민염산염)",2023September14th,"서방성필름코팅정","(주)셀트리온제약","연한 노란색의 타원형 서방성 필름코팅정",03960,"당뇨병용제","전문의약품","복합","[M244179]메트포르민염산염/[M115650]알로글립틴벤조산염","분할불가","",20250521,2148671641
"분할주의",202302773,"조이퀸정",2023September19th,"장용성필름코팅정","한솔신약(주)","녹색의 원형 장용성 필름코팅정",02380,"하제, 완장제","일반의약품","복합","[M050687]비사코딜/[M081950]도큐세이트나트륨","분할불가","","",3038114421
"분할주의",202302914,"트라리틴콤비서방정5/1000밀리그램",2023October13th,"서방성필름코팅정","대원제약(주)","분홍색의 양면이 볼록한 타원형 서방성 필름코팅정",03960,"당뇨병용제","전문의약품","복합","[M268745]리나글립틴(미분화)/[M266682]메트포르민염산염 콜로이드성이산화규소","분할불가","",20241230,2078136336
"분할주의",202302920,"트라폴민듀오서방정5/1000밀리그램",2023October16th,"서방성필름코팅정","대원바이오텍주식회사","분홍색의 양면이 볼록한 타원형 서방성 필름코팅정",03960,"당뇨병용제","전문의약품","복합","[M268745]리나글립틴(미분화)/[M266682]메트포르민염산염 콜로이드성이산화규소","분할불가","","",5458100235
"분할주의",202302934,"멜라카서방정2밀리그램(멜라토닌)",2023October17th,"서방정","(주)메디카코리아","흰색 내지 회백색의 원형 서방 정제",01120,"최면진정제","전문의약품","단일","[M278007]멜라토닌","분할불가","",20260609,1208165228
"분할주의",202303029,"슈가트리서방정5/10/1000밀리그램(에보글립틴,다파글리플로진,메트포르민염산염)",2023October30th,"서방성필름코팅정","동아에스티(주)","주황색의 타원형 서방성 필름코팅정",03960,"당뇨병용제","전문의약품","복합","[M244179]메트포르민염산염/[M258339]다파글리플로진프로판디올수화물/[M263350]에보글립틴타르타르산염","분할불가","",20250829,2048640122
"분할주의",202303047,"조이락정",2023November1st,"장용성필름코팅정","한솔신약(주)","녹색의 원형 장용성 필름코팅정제",02380,"하제, 완장제","일반의약품","복합","[M050687]비사코딜/[M081950]도큐세이트나트륨","분할불가","","",3038114421
"분할주의",202303094,"디발프로서방정500밀리그램(디발프로엑스나트륨)",2023November8th,"서방성필름코팅정","(주)한국파마","회색의 타원형 서방성 코팅정제",01130,"항전간제","전문의약품","단일","[M082087]디발프로엑스나트륨","분할불가","",20250203,1248115899
"분할주의",202303114,"인크린에스정",2023November10th,"장용성필름코팅정","(주)에이프로젠바이오로직스","녹색의 원형 장용성 필름코팅정제",02380,"하제, 완장제","일반의약품","복합","[M050687]비사코딜/[M081393]센나열매가루","분할불가","","",2188100518
"분할주의",202303144,"슬리나이토미니서방정1밀리그램(멜라토닌)",2023November15th,"서방성필름코팅정","건일제약(주)","분홍색의 양면이 볼록한 3밀리리터의 지름을 가진 원형 서방성 필름코팅정제",01120,"최면진정제","전문의약품","단일","[M284262]멜라토닌(미분화)","분할불가","",20250421,3128106060
"분할주의",202303210,"슬리나이토미니서방정5밀리그램(멜라토닌)",2023November23rd,"서방성필름코팅정","건일제약(주)","노란색의 양면이 볼록한 3밀리리터의 지름을 가진 원형 서방성 필름코팅정제",01120,"최면진정제","전문의약품","단일","[M284262]멜라토닌(미분화)","분할불가","",20250602,3128106060
"분할주의",202303449,"디발프로서방정250밀리그램(디발프로엑스나트륨)",2023December27th,"서방성필름코팅정","(주)한국파마","흰색 내지 미백색의 타원형 서방성 코팅정제",01130,"항전간제","전문의약품","단일","[M082087]디발프로엑스나트륨","분할불가","",20250203,1248115899
"분할주의",202400024,"트라케이듀오서방정5/1000밀리그램(리나글립틴,메트포르민염산염)",2024January4th,"서방성필름코팅정","주식회사제뉴원사이언스","흰색의 타원형 서방성 필름코팅정",03960,"당뇨병용제","전문의약품","복합","[M268745]리나글립틴(미분화)/[M244179]메트포르민염산염","분할불가","",20250416,6218542600
"분할주의",202400025,"트라케이듀오서방정2.5/1000밀리그램(리나글립틴,메트포르민염산염)",2024January4th,"서방성필름코팅정","주식회사제뉴원사이언스","노란색의 타원형 서방성 필름코팅정",03960,"당뇨병용제","전문의약품","복합","[M268745]리나글립틴(미분화)/[M244179]메트포르민염산염","분할불가","",20250416,6218542600
"분할주의",202400116,"툴스블라인정",2024January17th,"장용성필름코팅정","엔비케이제약(주)","연녹색의 원형 장용성 필름코팅정",03950,"효소제제","일반의약품","복합","[M051649]결정트립신/[M095415]브로멜라인","분할불가","","",2158640307
"분할주의",202400166,"플로가엠듀오서방정5/500밀리그램(다파글리플로진, 메트포르민)",2024January23rd,"서방성필름코팅정","(주)넥스팜코리아","주황색의 장방형 서방성 필름코팅정",03960,"당뇨병용제","전문의약품","복합","[M258339]다파글리플로진프로판디올수화물/[M244179]메트포르민염산염","분할불가","",20251107,3018125427
"분할주의",202400167,"플로가엠듀오서방정10/500밀리그램(다파글리플로진, 메트포르민)",2024January23rd,"서방성필름코팅정","(주)넥스팜코리아","분홍색의 장방형 서방성 필름코팅정",03960,"당뇨병용제","전문의약품","복합","[M258339]다파글리플로진프로판디올수화물/[M244179]메트포르민염산염","분할불가","",20251107,3018125427
"분할주의",202400184,"리타메진서방정5/1000밀리그램(리나글립틴(미분화),메트포르민염산염)",2024January24th,"서방성필름코팅정","경동제약(주)","흰색의 타원형 서방성 필름코팅정",03960,"당뇨병용제","전문의약품","복합","[M268745]리나글립틴(미분화)/[M244179]메트포르민염산염","분할불가","",20250623,1248135518
"분할주의",202400185,"리타메진서방정2.5/1000밀리그램(리나글립틴(미분화),메트포르민염산염)",2024January24th,"서방성필름코팅정","경동제약(주)","노란색의 타원형 서방성 필름코팅정",03960,"당뇨병용제","전문의약품","복합","[M268745]리나글립틴(미분화)/[M244179]메트포르민염산염","분할불가","",20250623,1248135518
"분할주의",202400186,"리나틴플러스엑스알정2.5/1000밀리그램(리나글립틴,메트포르민염산염)",2024January24th,"서방성필름코팅정","제일약품(주)","노란색의 타원형 서방성 필름코팅정",03960,"당뇨병용제","전문의약품","복합","[M268745]리나글립틴(미분화)/[M244179]메트포르민염산염","분할불가","",20250520,2428500620
"분할주의",202400187,"리나틴플러스엑스알정5/1000밀리그램(리나글립틴,메트포르민염산염)",2024January24th,"서방성필름코팅정","제일약품(주)","흰색의 타원형 서방성 필름코팅정",03960,"당뇨병용제","전문의약품","복합","[M268745]리나글립틴(미분화)/[M244179]메트포르민염산염","분할불가","",20250520,2428500620
"분할주의",202400188,"리나글로메트서방정5/1000밀리그램(리나글립틴,메트포르민)",2024January24th,"서방성필름코팅정","한미약품(주)","흰색의 타원형 서방성 필름코팅정",03960,"당뇨병용제","전문의약품","복합","[M268745]리나글립틴(미분화)/[M244179]메트포르민염산염","분할불가","",20250701,1248700613
"분할주의",202400189,"리나글로메트서방정2.5/1000밀리그램(리나글립틴,메트포르민)",2024January24th,"서방성필름코팅정","한미약품(주)","노란색의 타원형 서방성 필름코팅정",03960,"당뇨병용제","전문의약품","복합","[M268745]리나글립틴(미분화)/[M244179]메트포르민염산염","분할불가","",20250701,1248700613
"분할주의",202400190,"미래디발프로서방정500밀리그램(디발프로엑스나트륨)",2024January24th,"서방정","미래바이오제약(주)","회색의 타원형 서방성 정제",01130,"항전간제","전문의약품","단일","[M082087]디발프로엑스나트륨","분할불가","",20250203,1258139744
"분할주의",202400205,"제미메트서방정25/750밀리그램(제미글립틴,메트포르민)",2024January26th,"서방성필름코팅정","(주)엘지화학","갈색 달걀형의 서방성 필름코팅정",03960,"당뇨병용제","전문의약품","복합","[M263103]제미글립틴타르타르산염1.5수하물/[M223014]메트포르민염산염","분할불가","",20240530,1078198139
"분할주의",202400383,"리나디엠메트서방정5/1000밀리그램(리나글립틴,메트포르민)",2024February22nd,"서방성필름코팅정","동화약품(주)","분홍색의 양면이 볼록한 타원형의 서방성 필름코팅정",03960,"당뇨병용제","전문의약품","복합","[M244179]메트포르민염산염/[M268745]리나글립틴(미분화)","분할불가","",20241025,1108100102
"분할주의",202400388,"리나디엠메트서방정2.5/1000밀리그램(리나글립틴,메트포르민)",2024February22nd,"서방성필름코팅정","동화약품(주)","노란색의 양면이 볼록한 타원형의 서방성 필름코팅정",03960,"당뇨병용제","전문의약품","복합","[M244179]메트포르민염산염/[M268745]리나글립틴(미분화)","분할불가","",20250507,1108100102
"분할주의",202400468,"트리븐정",2024March5th,"장용성필름코팅정","한솔신약(주)","연녹색의 원형 장용성 필름코팅정",03950,"효소제제","일반의약품","복합","[M051649]결정트립신/[M095415]브로멜라인","분할불가","","",3038114421
"분할주의",202400469,"리나로엠서방정5/1000밀리그램(리나글립틴,메트포르민)",2024March5th,"서방성필름코팅정","한림제약(주)","분홍색의 양면이 볼록한 타원형의 서방성 필름코팅정",03960,"당뇨병용제","전문의약품","복합","[M244179]메트포르민염산염/[M268745]리나글립틴(미분화)","분할불가","",20250520,1358102638
"분할주의",202400470,"뉴젠타씨알정(리나글립틴,메트포르민)",2024March5th,"서방성필름코팅정","한국유나이티드제약(주)","흰색의 양면이 볼록한 장방형 서방성 필름코팅정",03960,"당뇨병용제","전문의약품","복합","[M244179]메트포르민염산염/[M268745]리나글립틴(미분화)","분할불가","","",3078105244
"분할주의",202400514,"라니글듀오서방정5/1000밀리그램(리나글립틴,메트포르민염산염)",2024March12th,"서방정","알리코제약(주)","흰색 내지 거의 흰색의 한면에 A501이 새겨진 타원형 서방정",03960,"당뇨병용제","전문의약품","복합","[M244179]메트포르민염산염/[M268745]리나글립틴(미분화)","분할불가","","",1348115033
"분할주의",202400515,"라니글듀오서방정2.5/1000밀리그램(리나글립틴,메트포르민염산염)",2024March12th,"서방정","알리코제약(주)","흰색 내지 거의 흰색의 한면에 A251이 새겨진 타원형 서방정",03960,"당뇨병용제","전문의약품","복합","[M244179]메트포르민염산염/[M268745]리나글립틴(미분화)","분할불가","","",1348115033
"분할주의",202400516,"트라리틴콤비서방정2.5/750밀리그램",2024March12th,"서방성필름코팅정","대원제약(주)","연분홍색의 양면이 볼록한 타원형 서방성 필름코팅정",03960,"당뇨병용제","전문의약품","복합","[M268745]리나글립틴(미분화)/[M266682]메트포르민염산염 콜로이드성이산화규소","분할불가","",20241230,2078136336
"분할주의",202400517,"트라리틴콤비서방정2.5/1000밀리그램",2024March12th,"서방성필름코팅정","대원제약(주)","분홍색의 양면이 볼록한 타원형 서방성 필름코팅정",03960,"당뇨병용제","전문의약품","복합","[M268745]리나글립틴(미분화)/[M266682]메트포르민염산염 콜로이드성이산화규소","분할불가","",20241230,2078136336
"분할주의",202400567,"리나디포듀오서방정5/1000밀리그램(리나글립틴,메트포르민)",2024March18th,"서방성필름코팅정","(주)휴온스","분홍색의 양면이 볼록한 타원형의 서방성 필름코팅정",03960,"당뇨병용제","전문의약품","복합","[M244179]메트포르민염산염/[M268745]리나글립틴(미분화)","분할불가","",20241025,8638700270
"분할주의",202400568,"리나엔듀오서방정5/1000밀리그램(리나글립틴,메트포르민)",2024March18th,"서방성필름코팅정","에이치케이이노엔(주)","분홍색의 양면이 볼록한 타원형의 서방성 필름코팅정",03960,"당뇨병용제","전문의약품","복합","[M244179]메트포르민염산염/[M268745]리나글립틴(미분화)","분할불가","","",2018638914
"분할주의",202400569,"리나디포듀오서방정2.5/1000밀리그램(리나글립틴,메트포르민)",2024March18th,"서방성필름코팅정","(주)휴온스","노란색의 양면이 볼록한 타원형의 서방성 필름코팅정",03960,"당뇨병용제","전문의약품","복합","[M244179]메트포르민염산염/[M268745]리나글립틴(미분화)","분할불가","",20250520,8638700270
"분할주의",202400570,"리나엔듀오서방정2.5/1000밀리그램(리나글립틴,메트포르민)",2024March18th,"서방성필름코팅정","에이치케이이노엔(주)","노란색의 양면이 볼록한 타원형의 서방성 필름코팅정",03960,"당뇨병용제","전문의약품","복합","[M244179]메트포르민염산염/[M268745]리나글립틴(미분화)","분할불가","",20240430,2018638914
"분할주의",202400571,"리나로엠서방정2.5/1000밀리그램(리나글립틴, 메트포르민)",2024March18th,"서방성필름코팅정","한림제약(주)","노란색의 양면이 볼록한 타원형의 서방성 필름코팅정",03960,"당뇨병용제","전문의약품","복합","[M244179]메트포르민염산염/[M268745]리나글립틴(미분화)","분할불가","",20250709,1358102638
"분할주의",202400573,"리나콤비서방정2.5/1000밀리그램(리나글립틴,메트포르민)",2024March19th,"서방성필름코팅정","(주)에이프로젠바이오로직스","한면에 AI 2.5/1000이 새겨진 흰색의 타원형 서방성 필름코팅정",03960,"당뇨병용제","전문의약품","복합","[M244179]메트포르민염산염/[M268745]리나글립틴(미분화)","분할불가","",20260318,2188100518
"분할주의",202400574,"리나콤비서방정5/1000밀리그램(리나글립틴,메트포르민)",2024March19th,"서방성필름코팅정","(주)에이프로젠바이오로직스","한면에 AI 5/1000이 새겨진 흰색의 타원형 서방성 필름코팅정",03960,"당뇨병용제","전문의약품","복합","[M244179]메트포르민염산염/[M268745]리나글립틴(미분화)","분할불가","",20250214,2188100518
"분할주의",202400587,"파마데스벤라팍신서방정100밀리그램(데스벤라팍신숙신산염일수화물)",2024March21st,"서방성필름코팅정","(주)한국파마","주홍색의 한면이 피라미드형인 정사각형 서방성 필름코팅정제",01170,"정신신경용제","전문의약품","단일","[M258837]데스벤라팍신숙신산염일수화물","분할불가","",20240328,1248115899
"분할주의",202400604,"리나탑듀오서방정5/1000밀리그램(리나글립틴,메트포르민염산염)",2024March22nd,"서방성필름코팅정","(주)동구바이오제약","흰색의 타원형 서방성 필름코팅정",03960,"당뇨병용제","전문의약품","복합","[M268745]리나글립틴(미분화)/[M244179]메트포르민염산염","분할불가","",20250120,1248533615
"분할주의",202400605,"리나탑듀오서방정2.5/1000밀리그램(리나글립틴,메트포르민염산염)",2024March22nd,"서방성필름코팅정","(주)동구바이오제약","노란색의 타원형 서방성 필름코팅정",03960,"당뇨병용제","전문의약품","복합","[M268745]리나글립틴(미분화)/[M244179]메트포르민염산염","분할불가","",20241025,1248533615
"분할주의",202400606,"나리젠타듀오서방정 2.5/1000밀리그램(리나글립틴,메트포르민염산염)",2024March22nd,"서방정","(주)팜젠사이언스","흰색 내지 거의 흰색의 한면에 N251이 새겨진 타원형 서방정",03960,"당뇨병용제","전문의약품","복합","[M244179]메트포르민염산염/[M268745]리나글립틴(미분화)","분할불가","","",1248136540
"분할주의",202400607,"나리젠타듀오서방정 5/1000밀리그램(리나글립틴,메트포르민염산염)",2024March22nd,"서방정","(주)팜젠사이언스","흰색 내지 거의 흰색의 한면에 N501이 새겨진 타원형 서방정",03960,"당뇨병용제","전문의약품","복합","[M244179]메트포르민염산염/[M268745]리나글립틴(미분화)","분할불가","","",1248136540
"분할주의",202400608,"리나칸메트서방정2.5/1000밀리그램(리나글립틴(미분화),메트포르민염산염)",2024March22nd,"서방정","동국제약(주)","흰색 내지 거의 흰색의 한면에 LK2이 새겨진 타원형 서방정",03960,"당뇨병용제","전문의약품","복합","[M244179]메트포르민염산염/[M268745]리나글립틴(미분화)","분할불가","","",3018508241
"분할주의",202400609,"리나칸메트서방정5/1000밀리그램(리나글립틴(미분화),메트포르민염산염)",2024March22nd,"서방정","동국제약(주)","흰색 내지 거의 흰색의 한면에 LK5이 새겨진 타원형 서방정",03960,"당뇨병용제","전문의약품","복합","[M244179]메트포르민염산염/[M268745]리나글립틴(미분화)","분할불가","","",3018508241
"분할주의",202400610,"리젠타듀오서방정5/1000밀리그램(리나글립틴,메트포르민염산염)",2024March22nd,"서방정","삼진제약(주)","흰색 내지 거의 흰색의 한면에 SJ501이 새겨진 타원형 서방정",03960,"당뇨병용제","전문의약품","복합","[M244179]메트포르민염산염/[M268745]리나글립틴(미분화)","분할불가","","",1248531621
"분할주의",202400611,"리젠타듀오서방정2.5/1000밀리그램(리나글립틴,메트포르민염산염)",2024March22nd,"서방정","삼진제약(주)","흰색 내지 거의 흰색의 한면에 SJ251이 새겨진 타원형 서방정",03960,"당뇨병용제","전문의약품","복합","[M244179]메트포르민염산염/[M268745]리나글립틴(미분화)","분할불가","","",1248531621
"분할주의",202400612,"리나맥스서방정5/1000밀리그램(리나글립틴, 메트포르민염산염)",2024March22nd,"서방정","한국프라임제약(주)","흰색 내지 거의 흰색의 한면에 P501이 새겨진 타원형 서방정",03960,"당뇨병용제","전문의약품","복합","[M244179]메트포르민염산염/[M268745]리나글립틴(미분화)","분할불가","","",4028524506
"분할주의",202400613,"리나맥스서방정2.5/1000밀리그램(리나글립틴, 메트포르민염산염)",2024March22nd,"서방정","한국프라임제약(주)","흰색 내지 거의 흰색의 한면에 P251이 새겨진 타원형 서방정",03960,"당뇨병용제","전문의약품","복합","[M244179]메트포르민염산염/[M268745]리나글립틴(미분화)","분할불가","","",4028524506
"분할주의",202400614,"리포민듀오서방정2.5/1000밀리그램(리나글립틴, 메트포르민염산염)",2024March22nd,"서방정","대한뉴팜(주)","흰색 내지 거의 흰색의 한면에 DN21이 새겨진 타원형 서방정",03960,"당뇨병용제","전문의약품","복합","[M244179]메트포르민염산염/[M268745]리나글립틴(미분화)","분할불가","","",2298110729
"분할주의",202400615,"리포민듀오서방정5/1000밀리그램(리나글립틴, 메트포르민염산염)",2024March22nd,"서방정","대한뉴팜(주)","흰색 내지 거의 흰색의 한면에 DN51이 새겨진 타원형 서방정",03960,"당뇨병용제","전문의약품","복합","[M244179]메트포르민염산염/[M268745]리나글립틴(미분화)","분할불가","","",2298110729
"분할주의",202400616,"명문리나글립틴듀오서방정2.5/1000밀리그램(리나글립틴,메트포르민염산염)",2024March22nd,"서방정","명문제약(주)","흰색 내지 거의 흰색의 한면에 25LM이 새겨진 타원형 서방정",03960,"당뇨병용제","전문의약품","복합","[M244179]메트포르민염산염/[M268745]리나글립틴(미분화)","분할불가","","",1248135615
"분할주의",202400617,"명문리나글립틴듀오서방정 5/1000밀리그램(리나글립틴,메트포르민염산염)",2024March22nd,"서방정","명문제약(주)","흰색 내지 거의 흰색의 한면에 5LM이 새겨진 타원형 서방정",03960,"당뇨병용제","전문의약품","복합","[M244179]메트포르민염산염/[M268745]리나글립틴(미분화)","분할불가","","",1248135615
"분할주의",202400618,"트루리나엠서방정5/1000밀리그램(리나글립틴,메트포르민)",2024March22nd,"서방정","(주)보령","흰색 내지 거의 흰색의 한면에 BLMX5가 새겨진 타원형 서방정",03960,"당뇨병용제","전문의약품","복합","[M244179]메트포르민염산염/[M268745]리나글립틴(미분화)","분할불가","","",2088100281
"분할주의",202400619,"트루리나엠서방정2.5/1000밀리그램(리나글립틴,메트포르민)",2024March22nd,"서방정","(주)보령","흰색 내지 거의 흰색의 한면에 BLMX2가 새겨진 타원형 서방정",03960,"당뇨병용제","전문의약품","복합","[M244179]메트포르민염산염/[M268745]리나글립틴(미분화)","분할불가","","",2088100281
"분할주의",202400620,"리나젠타듀오서방정2.5/1000밀리그램(리나글립틴, 메트포르민염산염)",2024March22nd,"서방정","한국휴텍스제약(주)","흰색 내지 거의 흰색의 한면에 LD21이 새겨진 타원형 서방정",03960,"당뇨병용제","전문의약품","복합","[M244179]메트포르민염산염/[M268745]리나글립틴(미분화)","분할불가","","",1128122382
"분할주의",202400621,"리나젠타듀오서방정5/1000밀리그램(리나글립틴, 메트포르민염산염)",2024March22nd,"서방정","한국휴텍스제약(주)","흰색 내지 거의 흰색의 한면에 LD51이 새겨진 타원형 서방정",03960,"당뇨병용제","전문의약품","복합","[M244179]메트포르민염산염/[M268745]리나글립틴(미분화)","분할불가","","",1128122382
"분할주의",202400622,"리디포엠서방정2.5/1000밀리그램(리나글립틴,메트포르민염산염)",2024March22nd,"서방정","동광제약(주)","흰색 내지 거의 흰색의 한면에 L2M이 새겨진 타원형 서방정",03960,"당뇨병용제","전문의약품","복합","[M244179]메트포르민염산염/[M268745]리나글립틴(미분화)","분할불가","","",2018644250
"분할주의",202400623,"리디포엠서방정5/1000밀리그램(리나글립틴,메트포르민염산염)",2024March22nd,"서방정","동광제약(주)","흰색 내지 거의 흰색의 한면에 L5M이 새겨진 타원형 서방정",03960,"당뇨병용제","전문의약품","복합","[M244179]메트포르민염산염/[M268745]리나글립틴(미분화)","분할불가","","",2018644250
"분할주의",202400624,"트리나엠서방정2.5/1000밀리그램(리나글립틴, 메트포르민)",2024March22nd,"서방성필름코팅정","(주)일화","한면에 IH 2.5/1000이 새겨진 흰색의 타원형 서방성 필름코팅정",03960,"당뇨병용제","전문의약품","복합","[M244179]메트포르민염산염/[M268745]리나글립틴(미분화)","분할불가","",20260523,1328101004
"분할주의",202400625,"트리나엠서방정5/1000밀리그램(리나글립틴, 메트포르민)",2024March22nd,"서방성필름코팅정","(주)일화","한면에 IH 5/1000이 새겨진 흰색의 타원형 서방성 필름코팅정",03960,"당뇨병용제","전문의약품","복합","[M244179]메트포르민염산염/[M268745]리나글립틴(미분화)","분할불가","",20251217,1328101004
"분할주의",202400626,"글레린듀오서방정2.5/1000밀리그램(리나글립틴,메트포르민)",2024March22nd,"서방성필름코팅정","(주)이든파마","한면에 D 2.5/1000이 새겨진 흰색의 타원형 서방성 필름코팅정",03960,"당뇨병용제","전문의약품","복합","[M244179]메트포르민염산염/[M268745]리나글립틴(미분화)","분할불가","",20260707,2648120986
"분할주의",202400627,"글레린듀오서방정5/1000밀리그램(리나글립틴,메트포르민)",2024March22nd,"서방성필름코팅정","(주)이든파마","한면에 D 5/1000이 새겨진 흰색의 타원형 서방성 필름코팅정",03960,"당뇨병용제","전문의약품","복합","[M244179]메트포르민염산염/[M268745]리나글립틴(미분화)","분할불가","",20250326,2648120986
"분할주의",202400628,"리나루틴듀오서방정5/1000밀리그램(리나글립틴,메트포르민염산염)",2024March22nd,"서방정","신풍제약(주)","흰색 내지 거의 흰색의 한면에 S501이 새겨진 타원형 서방정",03960,"당뇨병용제","전문의약품","복합","[M244179]메트포르민염산염/[M268745]리나글립틴(미분화)","분할불가","",20240327,1348103819
"분할주의",202400629,"리나루틴듀오서방정2.5/1000밀리그램(리나글립틴,메트포르민염산염)",2024March22nd,"서방정","신풍제약(주)","흰색 내지 거의 흰색의 한면에 S251이 새겨진 타원형 서방정",03960,"당뇨병용제","전문의약품","복합","[M244179]메트포르민염산염/[M268745]리나글립틴(미분화)","분할불가","",20240327,1348103819
"분할주의",202400630,"트라폴민듀오서방정2.5/750밀리그램",2024March25th,"서방성필름코팅정","대원바이오텍주식회사","연분홍색의 양면이 볼록한 타원형 서방성 필름코팅정",03960,"당뇨병용제","전문의약품","복합","[M268745]리나글립틴(미분화)/[M266682]메트포르민염산염 콜로이드성이산화규소","분할불가","","",5458100235
"분할주의",202400631,"트라폴민듀오서방정2.5/1000밀리그램",2024March25th,"서방성필름코팅정","대원바이오텍주식회사","분홍색의 양면이 볼록한 타원형 서방성 필름코팅정",03960,"당뇨병용제","전문의약품","복합","[M268745]리나글립틴(미분화)/[M266682]메트포르민염산염 콜로이드성이산화규소","분할불가","","",5458100235
"분할주의",202400633,"글리젠타듀오서방정2.5/1000밀리그램(리나글립틴,메트포르민염산염)",2024March25th,"서방성필름코팅정","아주약품(주)","이 약은 흰색의 타원형 서방성 필름코팅정제이다.",03960,"당뇨병용제","전문의약품","복합","[M244179]메트포르민염산염/[M268745]리나글립틴(미분화)","분할불가","",20240502,8028803696
"분할주의",202400634,"글리젠타듀오서방정5/1000밀리그램(리나글립틴,메트포르민염산염)",2024March25th,"서방성필름코팅정","아주약품(주)","이 약은 흰색의 타원형 서방성 필름코팅정제이다.",03960,"당뇨병용제","전문의약품","복합","[M244179]메트포르민염산염/[M268745]리나글립틴(미분화)","분할불가","",20240502,8028803696
"분할주의",202400660,"리나티젠듀오서방정5/1000밀리그램(리나글립틴,메트포르민염산염)",2024March26th,"서방성필름코팅정","엔비케이제약(주)","흰색의 타원형 서방성 필름코팅정",03960,"당뇨병용제","전문의약품","복합","[M268745]리나글립틴(미분화)/[M244179]메트포르민염산염","분할불가","",20260327,2158640307
"분할주의",202400661,"리나티젠듀오서방정2.5/1000밀리그램(리나글립틴,메트포르민염산염)",2024March26th,"서방성필름코팅정","엔비케이제약(주)","노란색의 타원형 서방성 필름코팅정",03960,"당뇨병용제","전문의약품","복합","[M268745]리나글립틴(미분화)/[M244179]메트포르민염산염","분할불가","",20241224,2158640307
"분할주의",202400662,"글루립틴듀오엑스알서방정5/1000밀리그램(리나글립틴,메트포르민염산염)",2024March26th,"서방성필름코팅정","삼천당제약(주)","흰색의 타원형 서방성 필름코팅정",03960,"당뇨병용제","전문의약품","복합","[M268745]리나글립틴(미분화)/[M244179]메트포르민염산염","분할불가","",20240725,1248104295
"분할주의",202400663,"글루립틴듀오엑스알서방정2.5/1000밀리그램(리나글립틴,메트포르민염산염)",2024March26th,"서방성필름코팅정","삼천당제약(주)","노란색의 타원형 서방성 필름코팅정",03960,"당뇨병용제","전문의약품","복합","[M268745]리나글립틴(미분화)/[M244179]메트포르민염산염","분할불가","","",1248104295
"분할주의",202400678,"세클원서방정375밀리그램(세파클러수화물)",2024March27th,"서방성필름코팅정","위더스제약(주)","청색의 장방형 서방정제",06180,"주로 그람양성, 음성균에 작용하는 것","전문의약품","단일","[M222859]세파클러수화물","분할불가","","",1258522182
"분할주의",202400691,"트라듀오서방정5/1000밀리그램(리나글립틴, 메트포르민)",2024March29th,"서방성필름코팅정","(주)유한양행","분홍색의 타원형 필름코팅 서방정",03960,"당뇨병용제","전문의약품","복합","[M252996]리나글립틴/[M244179]메트포르민염산염","분할불가","",20250501,1188100601
"분할주의",202400692,"크레온캡슐35000(판크레아스분말)",2024March29th,"장용성캡슐제, 정제","한국애보트(유)","갈색의 장용성 미립펠렛을 함유한 상부 불투명 연한 갈색, 하부 무색투명의 경질캡슐",02330,"건위소화제","일반의약품","단일","[M254733]판크레아스분말","분할불가","",20240422,1208154740
"분할주의",202400694,"폴민리나서방정5/1000밀리그램(리나글립틴,메트포르민염산염)",2024March29th,"서방성필름코팅정","(주)녹십자","흰색의 타원형 서방성 필름코팅정제",03960,"당뇨병용제","전문의약품","복합","[M268745]리나글립틴(미분화)/[M244179]메트포르민염산염","분할불가","",20260212,3038117108
"분할주의",202400695,"폴민리나서방정2.5/1000밀리그램(리나글립틴,메트포르민염산염)",2024March29th,"서방성필름코팅정","(주)녹십자","흰색의 타원형 서방성 필름코팅정제",03960,"당뇨병용제","전문의약품","복합","[M268745]리나글립틴(미분화)/[M244179]메트포르민염산염","분할불가","",20260427,3038117108
"분할주의",202400705,"장제로큐장용정",2024March29th,"장용성필름코팅정","일양약품(주)","녹색의 원형 장용성 필름코팅제",02380,"하제, 완장제","일반의약품","복합","[M081950]도큐세이트나트륨/[M081899]센나엽가루/[M050687]비사코딜","분할불가","","",2098100872
"분할주의",202400970,"가스트릭서방정37.5밀리그램(록사티딘아세테이트염산염)",2024April25th,"서방성필름코팅정","대화제약(주)","흰색의 원형 서방성 필름코팅정",02320,"소화성궤양용제","전문의약품","단일","[M241476]록사티딘아세테이트염산염","분할불가","",20240826,1338122322
"분할주의",202401115,"카발린CR서방정75밀리그램(프레가발린)",2024May7th,"서방성필름코팅정","지엘팜텍(주)","이 약은 흰색 내지 미황색 장방형의 필름코팅된 서방성 삼층정제이다.",01190,"기타의 중추신경용약","전문의약품","단일","[M102323]프레가발린/[M102323]프레가발린/[M102323]프레가발린","분할불가","",20250318,1078825483
"분할주의",202401255,"미래디발프로서방정250밀리그램(디발프로엑스나트륨)",2024May22nd,"서방정","미래바이오제약(주)","백색 내지 미백색의 타원형 서방성 정제",01130,"항전간제","전문의약품","단일","[M082087]디발프로엑스나트륨","분할불가","",20250203,1258139744
"분할주의",202401340,"젤리프서방정75밀리그램(프레가발린)",2024May29th,"서방성필름코팅정","(주)엘지화학","이 약은 흰색 내지 미황색 장방형의 필름코팅된 서방성 삼층정제이다.",01190,"기타의 중추신경용약","전문의약품","단일","[M102323]프레가발린/[M102323]프레가발린/[M102323]프레가발린","분할불가","",20250318,1078198139
"분할주의",202401341,"제이가바CR서방정75밀리그램(프레가발린)",2024May29th,"서방성필름코팅정","제일약품(주)","이 약은 흰색 내지 미황색 장방형의 필름코팅된 서방성 삼층정제이다.",01190,"기타의 중추신경용약","전문의약품","단일","[M102323]프레가발린/[M102323]프레가발린/[M102323]프레가발린","분할불가","",20260330,2428500620
"분할주의",202401342,"가바뉴로서방정75밀리그램(프레가발린)",2024May29th,"서방성필름코팅정","한림제약(주)","이 약은 흰색 내지 미황색 장방형의 필름코팅된 서방성 삼층정제이다.",01190,"기타의 중추신경용약","전문의약품","단일","[M102323]프레가발린/[M102323]프레가발린/[M102323]프레가발린","분할불가","",20250318,1358102638
"분할주의",202401343,"파마멜라토닌서방정2밀리그램",2024May30th,"서방정","(주)한국파마","흰색 내지 회백색의 양면이 볼록한 원형의 서방 정제",01120,"최면진정제","전문의약품","단일","[M278007]멜라토닌","분할불가","","",1248115899
"분할주의",202401555,"파마데스벤라팍신서방정50밀리그램(데스벤라팍신숙신산염일수화물)",2024June27th,"서방성필름코팅정","(주)한국파마","엷은 분홍색의 한 면이 피라미드형인 정사각형 서방성 필름코팅정제",01170,"정신신경용제","전문의약품","단일","[M258837]데스벤라팍신숙신산염일수화물","분할불가","","",1248115899
"분할주의",202401557,"리라젠타듀오서방정2.5/1000밀리그램(리나글립틴,메트포르민)",2024June27th,"서방성필름코팅정","(주)경보제약","이  약은 밝은 황색의 타원형 서방성 필름코팅정이다.",03960,"당뇨병용제","전문의약품","복합","[M283624]리나글립틴베실산염/[M244179]메트포르민염산염","분할불가","",20250929,3128104567
"분할주의",202401558,"리라젠타듀오서방정5/1000밀리그램(리나글립틴,메트포르민)",2024June27th,"서방성필름코팅정","(주)경보제약","이 약은 황색의 타원형 서방성 필름코팅정이다.",03960,"당뇨병용제","전문의약품","복합","[M283624]리나글립틴베실산염/[M244179]메트포르민염산염","분할불가","",20250929,3128104567
"분할주의",202401772,"포시타엠서방정10/100/1000밀리그램(다파글리플로진,시타글립틴,메트포르민)",2024July23rd,"서방성필름코팅정","주식회사제뉴원사이언스","분홍색의 타원형 서방성 필름코팅정",03960,"당뇨병용제","전문의약품","복합","[M244179]메트포르민염산염/[M251915]시타글립틴인산염수화물/[M258339]다파글리플로진프로판디올수화물","분할불가","",20250829,6218542600
"분할주의",202401773,"포시타엠서방정5/50/1000밀리그램(다파글리플로진,시타글립틴,메트포르민)",2024July23rd,"서방성필름코팅정","주식회사제뉴원사이언스","주황색의 타원형 서방성 필름코팅정",03960,"당뇨병용제","전문의약품","복합","[M244179]메트포르민염산염/[M251915]시타글립틴인산염수화물/[M258339]다파글리플로진프로판디올수화물","분할불가","",20250829,6218542600
"분할주의",202401787,"시타칸다플메트서방정10/100/1000밀리그램(다파글리플로진,시타글립틴,메트포르민)",2024July24th,"서방성필름코팅정","동국제약(주)","분홍색의 타원형 서방성 필름코팅정",03960,"당뇨병용제","전문의약품","복합","[M244179]메트포르민염산염/[M251915]시타글립틴인산염수화물/[M258339]다파글리플로진프로판디올수화물","분할불가","",20250829,3018508241
"분할주의",202401788,"시타칸다플메트서방정5/50/1000밀리그램(다파글리플로진,시타글립틴,메트포르민)",2024July24th,"서방성필름코팅정","동국제약(주)","주황색의 타원형 서방성 필름코팅정",03960,"당뇨병용제","전문의약품","복합","[M244179]메트포르민염산염/[M251915]시타글립틴인산염수화물/[M258339]다파글리플로진프로판디올수화물","분할불가","",20250829,3018508241
"분할주의",202401789,"자누플로멧서방정10/100/1000밀리그램(다파글리플로진,시타글립틴,메트포르민)",2024July24th,"서방성필름코팅정","대웅바이오(주)","분홍색의 타원형 서방성 필름코팅정",03960,"당뇨병용제","전문의약품","복합","[M244179]메트포르민염산염/[M251915]시타글립틴인산염수화물/[M258339]다파글리플로진프로판디올수화물","분할불가","",20250829,1248677584
"분할주의",202401790,"자누플로멧서방정5/50/1000밀리그램(다파글리플로진,시타글립틴,메트포르민)",2024July24th,"서방성필름코팅정","대웅바이오(주)","주황색의 타원형 서방성 필름코팅정",03960,"당뇨병용제","전문의약품","복합","[M244179]메트포르민염산염/[M251915]시타글립틴인산염수화물/[M258339]다파글리플로진프로판디올수화물","분할불가","",20250829,1248677584
"분할주의",202401791,"시타다파엠서방정5/50/1000밀리그램(다파글리플로진,시타글립틴,메트포르민)",2024July24th,"서방성필름코팅정","(주)녹십자","주황색의 타원형 서방성 필름코팅정",03960,"당뇨병용제","전문의약품","복합","[M244179]메트포르민염산염/[M251915]시타글립틴인산염수화물/[M258339]다파글리플로진프로판디올수화물","분할불가","",20250829,3038117108
"분할주의",202401792,"시타다파엠서방정10/100/1000밀리그램(다파글리플로진,시타글립틴,메트포르민)",2024July24th,"서방성필름코팅정","(주)녹십자","분홍색의 타원형 서방성 필름코팅정",03960,"당뇨병용제","전문의약품","복합","[M244179]메트포르민염산염/[M251915]시타글립틴인산염수화물/[M258339]다파글리플로진프로판디올수화물","분할불가","",20250829,3038117108
"분할주의",202402211,"엠플로엠서방정10/1000밀리그램(엠파글리플로진,메트포르민)",2024September11th,"서방성필름코팅정","동광제약(주)","흰색과 연한 노란색의 양면이 볼록한 타원형 서방성 필름코팅정",03960,"당뇨병용제","전문의약품","복합","[M260057]엠파글리플로진/[M244179]메트포르민염산염","분할불가","",20260323,2018644250
