TYPE_NAME,MIX_TYPE,INGR_CODE,INGR_ENG_NAME,INGR_NAME,MIX_INGR,FORM_NAME,ITEM_SEQ,ITEM_NAME,ITEM_PERMIT_DATE,ENTP_NAME,CHART,CLASS_CODE,CLASS_NAME,ETC_OTC_NAME,MAIN_INGR,NOTIFICATION_DATE,PROHBT_CONTENT,REMARK,INGR_ENG_NAME_FULL,CHANGE_DATE
"투여기간주의","단일",D000425,Metoclopramide,"메토클로프라미드","","필름코팅정",197200484,"맥페란정(메토클로프라미드)",19720210,"동화약품(주)","흰색의 원형 필름코팅정",02390,"기타의 소화기관용약","전문의약품","[M050465]메토클로프라미드",20150331,"","","Metoclopramide(메토클로프라미드)",20140103
"투여기간주의","단일",D001300,Bisacodyl,"비사코딜","","장용성당의정",197600483,"신일비사코딜정",19760629,"신일제약(주)","노란색의 원형 장용성 필름코팅정",02380,"하제, 완장제","일반의약품","[M050687]비사코딜",20231108,"","","Bisacodyl(비사코딜)",20210422
"투여기간주의","단일",D000506,"Diclofenac Sodium","디클로페낙나트륨","","장용성필름코팅정",198000058,"디페인정(디클로페낙나트륨)",19800329,"동광제약(주)","황색의 장용피 원형정제",01140,"해열.진통.소염제","전문의약품","[M050288]디클로페낙나트륨",20150507,"","","Diclofenac Sodium(디클로페낙나트륨)",20260220
"투여기간주의","단일",D000479,"Clobetasol Propionate","클로베타솔프로피오네이트","","피부크림제",198100280,"도모호론크림(클로베타솔프로피오네이트)",19810224,"(주)동구바이오제약","흰색 거의 흰색의 유연한 크림으로 이물질이 없이 전질 균등한 외용 크림제이다.",02640,"진통.진양.수렴.소염제","전문의약품","[M223224]클로베타솔프로피오네이트",20190621,"","","Clobetasol Propionate(클로베타솔프로피오네이트)",20220129
"투여기간주의","단일",D000506,"Diclofenac Sodium","디클로페낙나트륨","","장용성필름코팅정",198200559,"하나디클로페낙나트륨정(수출용)",19820427,"하나제약(주)","황갈색의 원형 장용성 제피정제이다.",01140,"해열.진통.소염제","전문의약품","[M050288]디클로페낙나트륨",20150507,"","","Diclofenac Sodium(디클로페낙나트륨)",20260220
"투여기간주의","단일",D001309,Desoximetasone,"데속시메타손","","피부로션제",198300438,"에스파손로션(0.25%)(데속시메타손)",19831216,"(주)한독","흰색의 로션",02640,"진통.진양.수렴.소염제","전문의약품","[M050197]데속시메타손",20190621,"","","Desoximetasone(데속시메타손)",20180614
"투여기간주의","단일",D000479,"Clobetasol Propionate","클로베타솔프로피오네이트","","피부연고제",198300730,"베타베이트연고(클로베타솔프로피오네이트)(수출명:클로베덤0.05%연고)(CLOBEDERM0.05%Ointment)",19830317,"고려제약(주)","무색 내지 백색의 전질균등한 외용연고제이다",02640,"진통.진양.수렴.소염제","전문의약품","[M223224]클로베타솔프로피오네이트",20190621,"","","Clobetasol Propionate(클로베타솔프로피오네이트)",20220129
"투여기간주의","단일",D000506,"Diclofenac Sodium","디클로페낙나트륨","","용액주사제",198600424,"소페낙주사(디클로페낙나트륨)",19860628,"아주약품(주)","무색 또는 미황색의 액체가 충진된 갈색 앰플제임.",01140,"해열.진통.소염제","전문의약품","[M050288]디클로페낙나트륨",20150507,"","","Diclofenac Sodium(디클로페낙나트륨)",20250415
"투여기간주의","단일",D000506,"Diclofenac Sodium","디클로페낙나트륨","","용액주사제",198600666,"바렌탁주(디클로페낙나트륨)",19860628,"환인제약(주)","무색 투명한 액체가 든 갈색의 앰플제",01140,"해열.진통.소염제","전문의약품","[M050288]디클로페낙나트륨",20150507,"","","Diclofenac Sodium(디클로페낙나트륨)",20250415
"투여기간주의","단일",D000506,"Diclofenac Sodium","디클로페낙나트륨","","장용성필름코팅정",198601054,"레틸론정(디클로페낙나트륨)(수출용)",19861117,"대화제약(주)","주황색의 원형장용제피정",01140,"해열.진통.소염제","전문의약품","[M050288]디클로페낙나트륨",20150507,"","","Diclofenac Sodium(디클로페낙나트륨)",20260220
"투여기간주의","단일",D000506,"Diclofenac Sodium","디클로페낙나트륨","","장용성필름코팅정",198601164,"하나디클로페낙나트륨정50밀리그램(수출용)",19860320,"하나제약(주)","주황색의 원형 장용성 제피정제",01140,"해열.진통.소염제","전문의약품","[M050288]디클로페낙나트륨",20150507,"","","Diclofenac Sodium(디클로페낙나트륨)",20260220
"투여기간주의","단일",D000479,"Clobetasol Propionate","클로베타솔프로피오네이트","","피부연고제",198700788,"도모호론연고(클로베타솔프로피오네이트)",19870513,"(주)동구바이오제약","반투명한 흰색-미황색의 전질균등한 연고제",02640,"진통.진양.수렴.소염제","전문의약품","[M223224]클로베타솔프로피오네이트",20190621,"","","Clobetasol Propionate(클로베타솔프로피오네이트)",20220129
"투여기간주의","단일",D000506,"Diclofenac Sodium","디클로페낙나트륨","","장용성필름코팅정",198701676,"디낙스정(디클로페낙나트륨)",19870501,"지엘파마(주)","주황색의 원형 장용피정.",01140,"해열.진통.소염제","전문의약품","[M050288]디클로페낙나트륨",20150507,"","","Diclofenac Sodium(디클로페낙나트륨)",20260220
"투여기간주의","단일",D000506,"Diclofenac Sodium","디클로페낙나트륨","","용액주사제",198701689,"토라렌주(디클로페낙나트륨)(수출명:토페라렌주사(Toferareninjection))",19871204,"명문제약(주)","무색투명한 용액이 든 무색투명한 앰플 (수출용: 무색투명한 용액이 든 갈색앰플)",01140,"해열.진통.소염제","전문의약품","[M050288]디클로페낙나트륨/[M050288]디클로페낙나트륨",20150507,"","","Diclofenac Sodium(디클로페낙나트륨)",20250415
"투여기간주의","단일",D000506,"Diclofenac Sodium","디클로페낙나트륨","","용액주사제",198801647,"레틸론주(디클로페낙나트륨)(수출용)",19880822,"대화제약(주)","무색등명한 액체가 든 갈색 앰플제",01140,"해열.진통.소염제","전문의약품","[M050288]디클로페낙나트륨",20150507,"","","Diclofenac Sodium(디클로페낙나트륨)",20250415
"투여기간주의","단일",D000083,Nimesulide,"니메술리드","","나정",198900263,"메수리드정(니메술리드)",19890918,"제이더블유중외제약(주)","미황색을 띤 원형의 정제",01140,"해열.진통.소염제","전문의약품","[M082649]니메술리드",20150507,"","","Nimesulide(니메술리드)",20230905
"투여기간주의","단일",D001310,Prednicarbate,"프레드니카르베이트","","피부연고제",198900818,"더마톱연고0.25%(프레드니카르베이트)",19890424,"(주)한독","백색연고.",02640,"진통.진양.수렴.소염제","전문의약품","[M084063]프레드니카르베이트",20190621,"","","Prednicarbate(프레드니카르베이트)",20180518
"투여기간주의","단일",D000506,"Diclofenac Beta-Dimethylaminoethanol","디클로페낙β-디메틸아미노에탄올","","용액주사제",198902280,"디크놀주사(디클로페낙β-디메틸아미노에탄올)",19890918,"명문제약(주)","이약은 무색-미황색의 투명한 용액이 든 무색투명한 앰플제이다",01140,"해열.진통.소염제","전문의약품","[M252249]디클로페낙β-디메틸아미노에탄올",20150507,"","","Diclofenac Beta-Dimethylaminoethanol(디클로페낙β-디메틸아미노에탄올)",20250415
"투여기간주의","단일",D000479,"Clobetasol Propionate","클로베타솔프로피오네이트","","피부현탁액제",199001515,"베타베이트액(클로베타솔프로피오네이트)",19901220,"고려제약(주)","이 약은 전질균등한 투명의 액상제이다.",02640,"진통.진양.수렴.소염제","전문의약품","[M223224]클로베타솔프로피오네이트",20190621,"","","Clobetasol Propionate(클로베타솔프로피오네이트)",20220129
"투여기간주의","단일",D001309,Desoximetasone,"데속시메타손","","피부용겔제",199100939,"에스파손겔0.05%(데속시메타손)",19911213,"(주)한독","알코올 냄새를 지닌 백색의 미끄러운 반투명 겔.",02640,"진통.진양.수렴.소염제","전문의약품","[M050197]데속시메타손",20190621,"","","Desoximetasone(데속시메타손)",20180614
"투여기간주의","단일",D000506,"Diclofenac Sodium","디클로페낙나트륨","","장용성필름코팅정",199102335,"카덱신정(디클로페낙나트륨)(수출용)",19910619,"위더스제약(주)","주황색의 원형 장용피정",01140,"해열.진통.소염제","전문의약품","[M050288]디클로페낙나트륨",20150507,"","","Diclofenac Sodium(디클로페낙나트륨)",20260220
"투여기간주의","단일",D000506,"Diclofenac Sodium","디클로페낙나트륨","","장용성필름코팅정",199102473,"하원디클로페낙정25밀리그람(수출용)",19911223,"(주)하원제약","황색의 원형 장용피정",01140,"해열.진통.소염제","전문의약품","[M050288]디클로페낙나트륨",20150507,"","","Diclofenac Sodium(디클로페낙나트륨)",20260220
"투여기간주의","단일",D000506,"Diclofenac Sodium","디클로페낙나트륨","","용액주사제",199200652,"제일제약디클로페낙나트륨주사액",19920108,"(주)제일제약","갈색 앰플내에 무색-거의 무색의 맑은액이 든 주사제.",01140,"해열.진통.소염제","전문의약품","[M050288]디클로페낙나트륨",20150507,"","","Diclofenac Sodium(디클로페낙나트륨)",20250415
"투여기간주의","단일",D001309,Desoximetasone,"데속시메타손","","피부로션제",199203512,"데타손로션0.25%(데속시메타손)",19920109,"동성제약(주)","흰색의 로션제",02640,"진통.진양.수렴.소염제","전문의약품","[M050197]데속시메타손",20190621,"","","Desoximetasone(데속시메타손)",20141219
"투여기간주의","단일",D001417,Trifluridine,"트리플루리딘","","점안용액제",199300777,"오큐플리딘점안액(트리플루리딘)(수출명: OcuFridine)",19931117,"삼일제약(주)","무색투명한 수용성 점안액",01310,"안과용제","전문의약품","[M085753]트리플루리딘/[M085753]트리플루리딘",20211119,"","","Trifluridine(트리플루리딘)",20210104
"투여기간주의","단일",D000506,"Diclofenac Sodium","디클로페낙나트륨","","장용정",199301972,"레틸론정50밀리그람(디클로페낙나트륨)(수출용)(수출명:디클로페낙50)",19930223,"대화제약(주)","주황색의 원형장용정",01140,"해열.진통.소염제","전문의약품","[M050288]디클로페낙나트륨",20150507,"","","Diclofenac Sodium(디클로페낙나트륨)",20260220
"투여기간주의","단일",D000506,"Diclofenac Sodium","디클로페낙나트륨","","용액주사제",199302664,"구주디클로페낙주사액(수출명: JINTES)",19931019,"구주제약(주)","무색 또는 미황색의 액체가 충진된 갈색 앰플제",01140,"해열.진통.소염제","전문의약품","[M050288]디클로페낙나트륨",20150507,"","","Diclofenac Sodium(디클로페낙나트륨)",20250415
"투여기간주의","단일",D001310,Prednicarbate,"프레드니카르베이트","","피부액제",199400761,"더마톱액0.25%(프레드니카르베이트)",19940125,"(주)한독","백색의 플라스틱 용기에 든 무색 내지 미황색의 투명한 용액",02640,"진통.진양.수렴.소염제","전문의약품","[M084063]프레드니카르베이트",20190621,"","","Prednicarbate(프레드니카르베이트)",20190227
"투여기간주의","단일",D001310,Prednicarbate,"프레드니카르베이트","","피부크림제",199400777,"더마톱크림0.25%(프레드니카르베이트)",19940513,"(주)한독","백색크림.",02640,"진통.진양.수렴.소염제","전문의약품","[M084063]프레드니카르베이트",20190621,"","","Prednicarbate(프레드니카르베이트)",20180523
"투여기간주의","단일",D001301,Ciclopirox,"시클로피록스","","라카",199400779,"로푸록스네일라카(시클로피록스)",19940114,"(주)한독","무색 내지 미황색의 투명한 액상 제제.",02650,"기생성 피부질환용제","일반의약품","[M085228]시클로피록스",20190621,"","","Ciclopirox(시클로피록스)",20120514
"투여기간주의","단일",D000479,"Clobetasol Propionate","클로베타솔프로피오네이트","","피부크림제",199401724,"베르단트크림(클로베타솔프로피오네이트)",19940114,"알파제약(주)","백색의 크림제.",02640,"진통.진양.수렴.소염제","전문의약품","[M223224]클로베타솔프로피오네이트",20190621,"","","Clobetasol Propionate(클로베타솔프로피오네이트)",20220129
"투여기간주의","단일",D000274,"Ketorolac Tromethamine","케토롤락트로메타민","","필름코팅정",199500043,"케토라신정(케토롤락트로메타민)",19950712,"동국제약(주)","이 약은 원형의 흰색 필름코팅정제이다.",01140,"해열.진통.소염제","전문의약품","[M084703]케토롤락트로메타민",20150507,"","","Ketorolac Tromethamine(케토롤락트로메타민)",20240522
"투여기간주의","단일",D000506,"Diclofenac Sodium","디클로페낙나트륨","","용액주사제",199501223,"킨포인주(디클로페낙나트륨)",19950310,"삼진제약(주)","무색투명한 액체가 갈색 앰플에 충진된 주사제",01140,"해열.진통.소염제","전문의약품","[M050288]디클로페낙나트륨",20150507,"","","Diclofenac Sodium(디클로페낙나트륨)",20250415
"투여기간주의","단일",D000506,"Diclofenac Sodium","디클로페낙나트륨","","장용성필름코팅정",199501666,"영일디클로페낙나트륨정50밀리그람(수출명:디볼타렌정,메디타렌정)(수출용)",19950925,"영일제약(주)","국내용: 황색 원형의 장용성 제피정수출용: 진황색 원형의 장용성 제피정",01140,"해열.진통.소염제","전문의약품","[M050288]디클로페낙나트륨/[M050288]디클로페낙나트륨",20150507,"","","Diclofenac Sodium(디클로페낙나트륨)",20260220
"투여기간주의","단일",D000506,"Diclofenac Sodium","디클로페낙나트륨","","장용성필름코팅정",199501947,"신일디클로페낙나트륨정",19950920,"신일제약(주)","주황색의 장용성인 원형 필름코팅정제",01140,"해열.진통.소염제","전문의약품","[M050288]디클로페낙나트륨",20150507,"","","Diclofenac Sodium(디클로페낙나트륨)",20260220
"투여기간주의","단일",D000506,"Diclofenac Sodium","디클로페낙나트륨","","장용성필름코팅정",199501950,"신일디클로페낙나트륨정50밀리그람",19950925,"신일제약(주)","황색의 장용성인 장방형 필름코팅정제",01140,"해열.진통.소염제","전문의약품","[M050288]디클로페낙나트륨",20150507,"","","Diclofenac Sodium(디클로페낙나트륨)",20260220
"투여기간주의","단일",D000083,Nimesulide,"니메술리드","","나정",199502848,"코러스니메술리드정(수출명:Pacisulide Tab, Nimed Tab.)",19951222,"한국코러스(주)","미황색의 원형 정제",01140,"해열.진통.소염제","전문의약품","[M082649]니메술리드/[M082649]니메술리드",20150507,"","","Nimesulide(니메술리드)",20230905
"투여기간주의","단일",D000506,"Diclofenac Sodium","디클로페낙나트륨","","용액주사제",199600297,"에스페낙주(디클로페낙나트륨)",19960109,"삼성제약(주)","무색 또는 미황색의 액체가 충전된 갈색 앰플제",01140,"해열.진통.소염제","전문의약품","[M050288]디클로페낙나트륨",20150507,"","","Diclofenac Sodium(디클로페낙나트륨)",20250415
"투여기간주의","단일",D000506,"Diclofenac Sodium","디클로페낙나트륨","","용액주사제",199600344,"대한디클로페낙주(디클로페낙나트륨)(수출용)",19960920,"대한약품공업(주)","무색투명한 용액을 갈색의 앰플에 충진한 것이다.",01140,"해열.진통.소염제","전문의약품","[M050288]디클로페낙나트륨",20150507,"","","Diclofenac Sodium(디클로페낙나트륨)",20250415
"투여기간주의","단일",D000479,"Clobetasol Propionate","클로베타솔프로피오네이트","","피부크림제",199601855,"베타베이트크림(클로베타솔프로피오네이트)",19960917,"고려제약(주)","전질균등한 백색의 크림제",02640,"진통.진양.수렴.소염제","전문의약품","[M223224]클로베타솔프로피오네이트",20190621,"","","Clobetasol Propionate(클로베타솔프로피오네이트)",20220129
"투여기간주의","단일",D000506,"Diclofenac Sodium","디클로페낙나트륨","","용액주사제",199603117,"코러스디클로페낙주(디클로페낙나트륨)(수출명:TELOFENINJ)(수출용)",19960430,"한국코러스(주)","무색등명한 액체가 든 갈색앰플",01140,"해열.진통.소염제","전문의약품","[M050288]디클로페낙나트륨",20150507,"","","Diclofenac Sodium(디클로페낙나트륨)",20250415
"투여기간주의","단일",D000083,Nimesulide,"니메술리드","","나정",199603356,"니막스정(니메슬리드)(수출용)",19961014,"대한뉴팜(주)","황갈색의 원형정제",01140,"해열.진통.소염제","전문의약품","[M082649]니메술리드",20150507,"","","Nimesulide(니메술리드)",20230905
"투여기간주의","단일",D000274,"Ketorolac Tromethamine","케토롤락트로메타민염","","용액주사제",199604999,"트롤락주(케토롤락트로메타민염)",19960701,"환인제약(주)","미황색의 액체가 든 갈색앰플 주사제",01140,"해열.진통.소염제","전문의약품","[M222885]케토롤락트로메타민염",20150507,"","","Ketorolac Tromethamine(케토롤락트로메타민염)",20240522
"투여기간주의","단일",D000274,"Ketorolac Tromethamine","케토롤락트로메타민염","","용액주사제",199700240,"케로라주(케토롤락트로메타민염)",19970204,"동광제약(주)","엷은 황색의 투명한 액체가 충전된 갈색 앰플제",01140,"해열.진통.소염제","전문의약품","[M222885]케토롤락트로메타민염",20150507,"","","Ketorolac Tromethamine(케토롤락트로메타민염)",20240522
"투여기간주의","단일",D000274,"Ketorolac Tromethamine","케토롤락트로메타민염","","용액주사제",199701415,"타벨주(케토롤락트로메타민염)",19970723,"(주)메디카코리아","엷은 황색의 투명 액체가 든 갈색 앰플주사제",01140,"해열.진통.소염제","전문의약품","[M222885]케토롤락트로메타민염",20150507,"","","Ketorolac Tromethamine(케토롤락트로메타민염)",20240522
"투여기간주의","단일",D000506,"Diclofenac Sodium","디클로페낙나트륨","","용액주사제",199702363,"카페낙주사(디클로페낙나트륨)",19970220,"하나제약(주)","무색투명한 용액이 든 갈색의 앰플",01140,"해열.진통.소염제","전문의약품","[M050288]디클로페낙나트륨",20150507,"","","Diclofenac Sodium(디클로페낙나트륨)",20250415
"투여기간주의","단일",D000506,"Diclofenac Sodium","디클로페낙나트륨","","장용성필름코팅정",199703386,"디페트정(디클로페낙나트륨)(수출명 : Korus Diclofenac Tab.)(수출용)",19971223,"한국코러스(주)","주황색의 원형 장용성 제피정제이다.",01140,"해열.진통.소염제","전문의약품","[M050288]디클로페낙나트륨",20150507,"","","Diclofenac Sodium(디클로페낙나트륨)",20260220
"투여기간주의","단일",D000479,"Clobetasol Propionate","클로베타솔프로피오네이트","","피부현탁액제",199800872,"스테이벤액(클로베타솔프로피오네이트)",19980921,"동화약품(주)","전질 균등한 무색의 액제",02640,"진통.진양.수렴.소염제","전문의약품","[M223224]클로베타솔프로피오네이트",20190621,"","","Clobetasol Propionate(클로베타솔프로피오네이트)",20220129
"투여기간주의","단일",D000506,"Diclofenac Sodium","디클로페낙나트륨","","용액주사제",199801499,"삼진디클로페낙나트륨주사(수출용)",19981120,"삼진제약(주)","무색내지 미황색의 투명한 액이 든 갈색앰플제",01140,"해열.진통.소염제","전문의약품","[M050288]디클로페낙나트륨",20150507,"","","Diclofenac Sodium(디클로페낙나트륨)",20230819
"투여기간주의","단일",D001651,"Xylometazoline Hydrochloride","자일로메타졸린염산염","","일반액상분무제",199806459,"오트리빈멘톨0.1%분무제(자일로메타졸린염산염)",19980928,"헤일리온코리아주식회사","박하향의 무색내지 미백색의 액제가 함유된 분무제",01320,"이비과용제","일반의약품","[M257887]자일로메타졸린염산염",20231108,"","","Xylometazoline Hydrochloride(자일로메타졸린염산염)",20220201
"투여기간주의","단일",D000083,Nimesulide,"니메술리드","","나정",199900649,"폰술리드정(니메술리드)(수출용)",19990629,"대우제약(주)","미황색의 원형 정제",01140,"해열.진통.소염제","전문의약품","[M082649]니메술리드",20150507,"","","Nimesulide(니메술리드)",20230905
"투여기간주의","단일",D001310,Prednicarbate,"프레드니카르베이트","","피부크림제",199900666,"데르민크림(프레드니카르베이트)",19990729,"대우제약(주)","백색의 크림제이다",02640,"진통.진양.수렴.소염제","전문의약품","[M084063]프레드니카르베이트",20190621,"","","Prednicarbate(프레드니카르베이트)",20210207
"투여기간주의","단일",D001310,Prednicarbate,"프레드니카르베이트","","피부크림제",199900830,"카르손크림0.25%(프레드니카르베이트)",19990304,"동성제약(주)","흰색의 크림",02640,"진통.진양.수렴.소염제","전문의약품","[M084063]프레드니카르베이트",20190621,"","","Prednicarbate(프레드니카르베이트)",20210207
"투여기간주의","단일",D001310,Prednicarbate,"프레드니카르베이트","","피부크림제",199901119,"더모프레드크림(프레드니카르베이트)",19990316,"(주)비보존제약","백색의 크림",02640,"진통.진양.수렴.소염제","전문의약품","[M084063]프레드니카르베이트",20190621,"","","Prednicarbate(프레드니카르베이트)",20210207
"투여기간주의","단일",D000506,"Diclofenac Sodium","디클로페낙나트륨","","용액주사제",199901324,"동구디클로페낙나트륨주75mg(수출용)",19990507,"(주)동구바이오제약","무색 투명한 액이 든 갈색의 앰플제",01140,"해열.진통.소염제","전문의약품","[M050288]디클로페낙나트륨",20150507,"","","Diclofenac Sodium(디클로페낙나트륨)",20230819
"투여기간주의","단일",D001310,Prednicarbate,"프레드니카르베이트","","피부크림제",199902723,"티티베크림(프레드니카르베이트)",19990520,"한미약품(주)","흰색의 크림제",02640,"진통.진양.수렴.소염제","전문의약품","[M084063]프레드니카르베이트",20190621,"","","Prednicarbate(프레드니카르베이트)",20210207
"투여기간주의","단일",D001309,Desoximetasone,"데속시메타손","","피부용겔제",199902754,"메타파손겔(데속시메타손)",19990422,"제이더블유신약(주)","흰색의 겔제",02640,"진통.진양.수렴.소염제","전문의약품","[M050197]데속시메타손",20190621,"","","Desoximetasone(데속시메타손)",20151005
"투여기간주의","단일",D001310,Prednicarbate,"프레드니카르베이트","","피부크림제",199902852,"보드미크림(프레드니카르베이트)",19991208,"(주)씨엠지제약","흰색의 크림제",02640,"진통.진양.수렴.소염제","전문의약품","[M084063]프레드니카르베이트",20190621,"","","Prednicarbate(프레드니카르베이트)",20210207
"투여기간주의","단일",D001310,Prednicarbate,"프레드니카르베이트","","피부크림제",199903668,"실케이드크림(프레드니카르베이트)",19990902,"(주)서울제약","백색의 크림제",02640,"진통.진양.수렴.소염제","전문의약품","[M084063]프레드니카르베이트",20190621,"","","Prednicarbate(프레드니카르베이트)",20210207
"투여기간주의","단일",D000203,"Ramosetron Hydrochloride","라모세트론염산염","","구강붕해정",199907135,"나제아오디정0.1mg(라모세트론염산염)",19991223,"한국다이이찌산쿄(주)","이 약은 둥근면이 엷은 적황색이고 평평한 면이 어두운 적황색으로 정상부가 편평한 반구상의 구강내붕해정이다.",02350,"최토제, 진토제","전문의약품","[M255325]라모세트론염산염",20150331,"","항암제 투여로 인한 구역 및 구토의 방지에 쓰는 제품에 한함","Ramosetron Hydrochloride(라모세트론염산염)",20141014
"투여기간주의","단일",D001308,Desonide,"데소니드","","피부로션제",199907218,"데스오웬로션0.05%(데소니드)",19990719,"갈더마코리아(주)","흰색 로션제",02640,"진통.진양.수렴.소염제","전문의약품","[M200279]데소니드",20190621,"","","Desonide(데소니드)",20160725
"투여기간주의","단일",D000506,"Diclofenac Beta-Dimethylaminoethanol","디클로페낙β-디메틸아미노에탄올","","용액주사제",200001074,"뉴페낙주사2밀리리터(디클로페낙β-디메틸아미노에탄올)",20001123,"아주약품(주)","미황색의 투명한 용액이 든 갈색앰플주사제",01140,"해열.진통.소염제","전문의약품","[M252249]디클로페낙β-디메틸아미노에탄올",20150507,"","","Diclofenac Beta-Dimethylaminoethanol(디클로페낙β-디메틸아미노에탄올)",20250415
"투여기간주의","단일",D001310,Prednicarbate,"프레드니카르베이트","","피부크림제",200001628,"베이드크림(프레드니카르베이트)(수출명:DERMASTOP)",20000428,"(주)동구바이오제약","흰색의 크림제",02640,"진통.진양.수렴.소염제","전문의약품","[M084063]프레드니카르베이트",20190621,"","","Prednicarbate(프레드니카르베이트)",20210207
"투여기간주의","단일",D000506,"Diclofenac Sodium","디클로페낙나트륨","","장용성필름코팅정",200001758,"파마디클로페낙나트륨정100밀리그램(수출용)",20000512,"(주)한국파마","황색의 타원형으로된 장용피정제(수출용 : 황색의 장방형으로 된 장용피 정제)",01140,"해열.진통.소염제","전문의약품","[M050288]디클로페낙나트륨",20150507,"","","Diclofenac Sodium(디클로페낙나트륨)",20260220
"투여기간주의","단일",D000506,"Diclofenac Beta-Dimethylaminoethanol","디클로페낙β-디메틸아미노에탄올","","용액주사제",200002445,"디베타씨주(디클로페낙β-디메틸아미노에탄올)",20001115,"대화제약(주)","무색 내지 미황색의 투명한 용액이 든 갈색 앰플",01140,"해열.진통.소염제","전문의약품","[M252249]디클로페낙β-디메틸아미노에탄올",20150507,"","","Diclofenac Beta-Dimethylaminoethanol(디클로페낙β-디메틸아미노에탄올)",20250415
"투여기간주의","단일",D000083,Nimesulide,"니메술리드","","나정",200003537,"영풍니메술리드정(니메술리드)(수출용)",20001219,"영풍제약(주)","엷은 황색 원형의 정제이다.",01140,"해열.진통.소염제","전문의약품","[M082649]니메술리드",20150507,"","","Nimesulide(니메술리드)",20230905
"투여기간주의","단일",D000506,"Diclofenac Beta-Dimethylaminoethanol","디클로페낙베타디메틸아미노에탄올","","용액주사제",200004637,"오스베타주2밀리리터(디클로페낙베타디메틸아미노에탄올)",20000718,"유니메드제약(주)","무색 내지 미황색의 투명한 용액이 든 갈색 앰플",01140,"해열.진통.소염제","전문의약품","[M251996]디클로페낙베타디메틸아미노에탄올",20150507,"","","Diclofenac Beta-Dimethylaminoethanol(디클로페낙베타디메틸아미노에탄올)",20250415
"투여기간주의","단일",D000506,"Diclofenac Beta-Dimethylaminoethanol","디클로페낙β-디메틸아미노에탄올","","용액주사제",200004912,"크낙주2밀리리터(디클로페낙베타디메틸아미노에탄올)",20001229,"대한뉴팜(주)","무색-미황색의 투명한 액이 들어있는 갈색앰플 주사제",01140,"해열.진통.소염제","전문의약품","[M252249]디클로페낙β-디메틸아미노에탄올",20150507,"","","Diclofenac Beta-Dimethylaminoethanol(디클로페낙β-디메틸아미노에탄올)",20250415
"투여기간주의","단일",D001035,Linezolid,"리네졸리드","","필름코팅정",200008571,"자이복스정600밀리그람(리네졸리드)",20060911,"한국화이자제약(주)","백색의 캡슐모양 필름코팅정제",06110,"주로 그람양성균에 작용하는 것","전문의약품","[M093034]리네졸리드",20211119,"","","Linezolid(리네졸리드)",20210109
"투여기간주의","단일",D000506,"Diclofenac Sodium","디클로페낙나트륨","","용액주사제",200100154,"로페낙주2㎖(디클로페낙나트륨)",20010711,"이연제약(주)","무색 또는 미황색의 투명한 액이 갈색 투명한 앰플에 든 주사제",01140,"해열.진통.소염제","전문의약품","[M050288]디클로페낙나트륨",20150507,"","","Diclofenac Sodium(디클로페낙나트륨)",20250415
"투여기간주의","단일",D000506,"Diclofenac Beta-Dimethylaminoethanol","디클로페낙β-디메틸아미노에탄올","","용액주사제",200100155,"미노브이주2mL(디클로페낙β-디메틸아미노에탄올)",20010711,"이연제약(주)","무색 미황색의 투명한 용액이 든 갈색앰플",01140,"해열.진통.소염제","전문의약품","[M252249]디클로페낙β-디메틸아미노에탄올",20150507,"","","Diclofenac Beta-Dimethylaminoethanol(디클로페낙β-디메틸아미노에탄올)",20250415
"투여기간주의","단일",D000274,"Ketorolac Tromethamine","케토롤락트로메타민염","","용액주사제",200100710,"케토락주(케토롤락트로메타민염)(수출용)",20010202,"대우제약(주)","엷은 황색의 투명한 액체를 함유한 갈색 앰플제이다.",01140,"해열.진통.소염제","전문의약품","[M222885]케토롤락트로메타민염",20150507,"","","Ketorolac Tromethamine(케토롤락트로메타민염)",20240522
"투여기간주의","단일",D000083,Nimesulide,"니메술리드","","나정",200101224,"동구니메술리드정(수출용)",20010414,"(주)동구바이오제약","미황색의 원형정제",01140,"해열.진통.소염제","전문의약품","[M082649]니메술리드",20150507,"","","Nimesulide(니메술리드)",20230905
"투여기간주의","단일",D000506,"Diclofenac Sodium","디클로페낙나트륨","","용액주사제",200101500,"유니페낙주(디클로페낙나트륨) (수출명:ALFENAL Inj)",20010426,"한국유니온제약(주)","무색투명한 액이 들어있는 갈색의 앰플",01140,"해열.진통.소염제","전문의약품","[M050288]디클로페낙나트륨",20150507,"","","Diclofenac Sodium(디클로페낙나트륨)",20250415
"투여기간주의","단일",D000083,Nimesulide,"니메술리드","","나정",200101514,"파마니메술리드정(수출명: 니판정, 닌파제정)(수출용)",20010406,"(주)한국파마","내수용:미황색 원형 정제수출용:미황색의 장방형정제",01140,"해열.진통.소염제","전문의약품","[M082649]니메술리드",20150507,"","","Nimesulide(니메술리드)",20230905
"투여기간주의","단일",D000274,"Ketorolac Tromethamine","케토롤락트로메타민","","용액주사제",200102265,"케토란주(케토롤락트로메타민)",20010404,"경동제약(주)","엷은 황색의 투명 액체가 든 갈색 앰플 주사",01140,"해열.진통.소염제","전문의약품","[M084703]케토롤락트로메타민",20150507,"","","Ketorolac Tromethamine(케토롤락트로메타민)",20240522
"투여기간주의","단일",D000506,"Diclofenac Beta-Dimethylaminoethanol","디클로페낙베타디메틸아미노에탄올","","용액주사제",200102280,"다이크론주2ml(디클로페낙베타-디메틸아미노에탄올)",20010509,"한국넬슨제약(주)","무색 또는 미황색의 투명한 용액이 든 갈색앰플제",01140,"해열.진통.소염제","전문의약품","[M251996]디클로페낙베타디메틸아미노에탄올",20150507,"","","Diclofenac Beta-Dimethylaminoethanol(디클로페낙베타디메틸아미노에탄올)",20250415
"투여기간주의","단일",D000506,"Diclofenac Beta-Dimethylaminoethanol","디클로페낙β-디메틸아미노에탄올","","용액주사제",200102371,"페나카주사2ml(디클로페낙β-디메틸아미노에탄올)",20010119,"하나제약(주)","무색 내지 미황색의 투명한 용액이 든 갈색 앰플 주사제",01140,"해열.진통.소염제","전문의약품","[M252249]디클로페낙β-디메틸아미노에탄올",20150507,"","","Diclofenac Beta-Dimethylaminoethanol(디클로페낙β-디메틸아미노에탄올)",20250415
"투여기간주의","단일",D000506,"Diclofenac Beta-Dimethylaminoethanol","디클로페낙β-디메틸아미노에탄올","","용액주사제",200103036,"디크놀주사2밀리리터(디클로페낙β-디메틸아미노에탄올)",20010205,"명문제약(주)","갈색 앰플에 든 무색 ~ 미황색의 투명한 액",01140,"해열.진통.소염제","전문의약품","[M252249]디클로페낙β-디메틸아미노에탄올",20150507,"","","Diclofenac Beta-Dimethylaminoethanol(디클로페낙β-디메틸아미노에탄올)",20250415
"투여기간주의","단일",D001091,"Oxymetazoline Hydrochloride","옥시메타졸린염산염","","일반액상분무제",200108686,"레스피비엔액 (옥시메타졸린염산염), 레스피비엔액 프레쉬민트 (옥시메타졸린염산염)",20010719,"제일헬스사이언스(주)","무색-미황색의 특이취가 있는 액제",01320,"이비과용제","일반의약품","[M223162]옥시메타졸린염산염/[M223162]옥시메타졸린염산염",20180831,"","","Oxymetazoline Hydrochloride(옥시메타졸린염산염)",20220201
"투여기간주의","단일",D001555,N(2)-L-Alanyl-L-glutamine,"N(2)-엘알라닐-엘글루타민","","수액제",200109870,"디펩티벤주(N(2)-L-알라닐-L-글루타민)(DipeptivenInj.(N(2)-L-알라닐-L-글루타민))",20010906,"프레지니우스카비코리아(주)","수액용 고무마개를 한 무색투명한 유리용기에 든 무색의 투명한 용액",03250,"단백아미노산제제","전문의약품","[M095249]N(2)-엘알라닐-엘글루타민",20220527,"","주성분 함량 20g/100mL, 주사제","N(2)-L-Alanyl-L-glutamine(N(2)-엘알라닐-엘글루타민)",20140110
"투여기간주의","단일",D001301,Ciclopirox,"시클로피록스","","피부용겔제",200200774,"로푸록스겔(시클로피록스)",20020730,"(주)한독","백색의 약간의 유동성이 있는 겔",02650,"기생성 피부질환용제","일반의약품","[M085228]시클로피록스",20190621,"","","Ciclopirox(시클로피록스)",20110520
"투여기간주의","단일",D001310,Prednicarbate,"프레드니카르베이트","","피부연고제",200200851,"프레벨연고(프레드니카르베이트)",20020722,"태극제약(주)","흰색의 연고제",02640,"진통.진양.수렴.소염제","전문의약품","[M084063]프레드니카르베이트",20190621,"","","Prednicarbate(프레드니카르베이트)",20210207
"투여기간주의","단일",D001309,Desoximetasone,"데속시메타손","","피부로션제",200200854,"데라파손로션(데속시메타손)",20020925,"태극제약(주)","흰색의 로션제",02640,"진통.진양.수렴.소염제","전문의약품","[M050197]데속시메타손",20190621,"","","Desoximetasone(데속시메타손)",20150715
"투여기간주의","단일",D000479,"Clobetasol Propionate","클로베타솔프로피오네이트","","피부현탁액제",200201038,"더비솔액(클로베타솔프로피오네이트)",20020119,"(주)메디카코리아","전질균등한 투명한 액상제",02640,"진통.진양.수렴.소염제","전문의약품","[M223224]클로베타솔프로피오네이트",20190621,"","","Clobetasol Propionate(클로베타솔프로피오네이트)",20220129
"투여기간주의","단일",D001293,"Clobetasone Butyrate","낙산클로베타손","","피부크림제",200201126,"라니타손크림(낙산클로베타손)(수출용)",20020520,"(주)동구바이오제약","백색의 전질 균등한 크림",02640,"진통.진양.수렴.소염제","전문의약품","[M101580]낙산클로베타손",20190621,"","","Clobetasone Butyrate(낙산클로베타손)",20080407
"투여기간주의","단일",D000479,"Clobetasol Propionate","클로베타솔프로피오네이트","","피부현탁액제",200201131,"도모호론액(클로베타솔프로피오네이트)",20020618,"(주)동구바이오제약","전질균등한 투명의 액상제",02640,"진통.진양.수렴.소염제","전문의약품","[M223224]클로베타솔프로피오네이트",20190621,"","","Clobetasol Propionate(클로베타솔프로피오네이트)",20220129
"투여기간주의","복합",D000489,Thiocolchicoside,"치오콜치코시드","[D000232]Aescin(에스신)","필름코팅정",200201173,"치오에스정(수출용)",20021121,"(주)동구바이오제약","황갈색의 원형 필름 코팅정",01220,"골격근이완제","전문의약품","[M095614]치오콜치코시드/[M080565]무정형에스신",20141230,"","","Thiocolchicoside(치오콜치코시드)",20140720
"투여기간주의","단일",D001310,Prednicarbate,"프레드니카르베이트","","피부로션제",200201367,"락티케어제마지스로션0.25%(프레드니카르베이트)",20021007,"(주)한국파마","흰색의 로션제",02640,"진통.진양.수렴.소염제","전문의약품","[M084063]프레드니카르베이트",20190621,"","","Prednicarbate(프레드니카르베이트)",20210207
"투여기간주의","단일",D001310,Prednicarbate,"프레드니카르베이트","","피부크림제",200201704,"베스톱크림(프레드니카르베이트)",20020307,"오스틴제약(주)","백색의 크림제",02640,"진통.진양.수렴.소염제","전문의약품","[M084063]프레드니카르베이트",20190621,"","","Prednicarbate(프레드니카르베이트)",20210207
"투여기간주의","단일",D001310,Prednicarbate,"프레드니카르베이트","","피부연고제",200202197,"티티베연고0.25%(프레드니카르베이트)",20021009,"한미약품(주)","흰색의 연고제",02640,"진통.진양.수렴.소염제","전문의약품","[M084063]프레드니카르베이트",20190621,"","","Prednicarbate(프레드니카르베이트)",20210207
"투여기간주의","단일",D001309,Desoximetasone,"데속시메타손","","피부로션제",200202204,"데옥손로션0.25%(데속시메타손)",20020702,"한미약품(주)","이 약은 흰색의 로션제이다.",02640,"진통.진양.수렴.소염제","전문의약품","[M050197]데속시메타손",20190621,"","","Desoximetasone(데속시메타손)",20210420
"투여기간주의","단일",D000506,"Diclofenac Sodium","디클로페낙나트륨","","용액주사제",200202677,"휴온스디클로페낙나트륨주사(수출용)(수출명:DICOLONInj.,KMDICLOFENACSODIUMInj.,DICLOFENACSODIUMInj.)",20021224,"(주)휴온스","무색 투명한 앰플내의 무색 투명한 액체가 든 주사제",01140,"해열.진통.소염제","전문의약품","[M050288]디클로페낙나트륨",20150507,"","","Diclofenac Sodium(디클로페낙나트륨)",20230819
"투여기간주의","단일",D000274,"Ketorolac Tromethamine","케토롤락트로메타민염","","용액주사제",200202727,"케토신주사(케토롤락트로메타민염)(수출명:뉴케토신주사,NEWKETOCININJ)",20021011,"명문제약(주)","엷은 황색의 투명 액체가 든 갈색 앰플 주사제",01140,"해열.진통.소염제","전문의약품","[M222885]케토롤락트로메타민염",20150507,"","","Ketorolac Tromethamine(케토롤락트로메타민염)",20240522
"투여기간주의","단일",D000479,"Clobetasol Propionate","클로베타솔프로피오네이트","","피부현탁액제",200209642,"더모베이트액(클로베타솔프로피오네이트)",20020625,"(주)글락소스미스클라인","흰색의 플라스틱병에 든 투명한 전질균등의 액제",02640,"진통.진양.수렴.소염제","전문의약품","[M223224]클로베타솔프로피오네이트",20190621,"","","Clobetasol Propionate(클로베타솔프로피오네이트)",20220129
"투여기간주의","단일",D000274,"Ketorolac Tromethamine","케토롤락트로메타민염","","용액주사제",200301719,"케로민주사(케토롤락트로메타민염)",20030902,"하나제약(주)","이 약은 엷은 황색의 투명액체가 든 갈색앰플 주사제이다",01140,"해열.진통.소염제","전문의약품","[M222885]케토롤락트로메타민염",20150507,"","","Ketorolac Tromethamine(케토롤락트로메타민염)",20240522
"투여기간주의","단일",D001310,Prednicarbate,"프레드니카르베이트","","피부로션제",200301842,"더미소론로션(프레드니카르베이트)",20030315,"제이더블유신약(주)","이 약은 흰색의 불투명한 플라스틱용기에 든 흰색의 로션제 이다.",02640,"진통.진양.수렴.소염제","전문의약품","[M084063]프레드니카르베이트",20190621,"","","Prednicarbate(프레드니카르베이트)",20210207
"투여기간주의","단일",D000274,"Ketorolac Tromethamine","케토롤락트로메타민염","","용액주사제",200302143,"케트로주사(케토롤락트로메타민염)(수출명:HUDORAC Inj., NEWHUDORAC Inj.,CBI antigrain Injection, Huons Ketrolac tromethamine Inj.)",20030102,"(주)휴온스","엷은 황색의 투명 액체가 든 갈색 앰플 주사제",01140,"해열.진통.소염제","전문의약품","[M222885]케토롤락트로메타민염",20150507,"","","Ketorolac Tromethamine(케토롤락트로메타민염)",20240522
"투여기간주의","단일",D000506,"Diclofenac Sodium","디클로페낙나트륨","","용액주사제",200400583,"제일제약디클로페낙나트륨주사액2.5%(수출용)",20040227,"(주)제일제약","무색 투명한 액이 든 갈색 투명한 앰플주사제",01140,"해열.진통.소염제","전문의약품","[M050288]디클로페낙나트륨",20150507,"","","Diclofenac Sodium(디클로페낙나트륨)",20230819
"투여기간주의","단일",D001310,Prednicarbate,"프레드니카르베이트","","피부액제",200401147,"프레벨액0.25%(프레드니카르베이트)",20040507,"태극제약(주)","불투명한 흰색 플라스틱 용기에 든 무색 혹은 연한 노란색의 맑고 투명한 액",02640,"진통.진양.수렴.소염제","전문의약품","[M084063]프레드니카르베이트",20190621,"","","Prednicarbate(프레드니카르베이트)",20220331
"투여기간주의","단일",D000489,Thiocolchicoside,"티오콜키코시드","","경질캡슐제, 산제",200401613,"무코나캡슐(티오콜키코시드)(수출용)",20040416,"한국유니온제약(주)","황색의 결정성 가루가 들어있는 상, 하 흰색의 경질캡슐",01220,"골격근이완제","전문의약품","[M251172]티오콜키코시드",20141230,"","","Thiocolchicoside(티오콜키코시드)",20200420
"투여기간주의","단일",D000479,"Clobetasol Propionate","클로베타솔프로피오네이트","","피부현탁액제",200402687,"크러벤액(클로베타솔프로피오네이트)",20040616,"제이더블유신약(주)","전질균등한 무색의 투명한 액상체이다.",02640,"진통.진양.수렴.소염제","전문의약품","[M223224]클로베타솔프로피오네이트",20190621,"","","Clobetasol Propionate(클로베타솔프로피오네이트)",20220129
"투여기간주의","단일",D001308,Desonide,"데소니드","","피부로션제",200404714,"데소나로션0.05%(데소니드)",20040831,"주식회사제뉴원사이언스","백색 로션",02640,"진통.진양.수렴.소염제","전문의약품","[M200279]데소니드",20190621,"","","Desonide(데소니드)",20171110
"투여기간주의","단일",D001310,Prednicarbate,"프레드니카르베이트","","피부로션제",200404718,"프레드나로션0.25%(프레드니카르베이트)",20041229,"주식회사제뉴원사이언스","흰색의 로션제",02640,"진통.진양.수렴.소염제","전문의약품","[M084063]프레드니카르베이트",20190621,"","","Prednicarbate(프레드니카르베이트)",20210207
"투여기간주의","단일",D001308,Desonide,"데소니드","","피부크림제",200404723,"데소나크림0.05%(데소니드)",20040915,"주식회사제뉴원사이언스","백색 또는 미백색의 반고형 크림",02640,"진통.진양.수렴.소염제","전문의약품","[M200279]데소니드",20190621,"","","Desonide(데소니드)",20140130
"투여기간주의","단일",D001308,Desonide,"데소니드","","피부로션제",200501253,"데소니아로션0.05%(데소니드)",20051128,"(주)메디카코리아","흰색의 로션",02640,"진통.진양.수렴.소염제","전문의약품","[M200279]데소니드",20190621,"","","Desonide(데소니드)",20151120
"투여기간주의","단일",D001308,Desonide,"데소니드","","피부크림제",200501254,"데소니아크림0.05%(데소니드)",20051216,"(주)메디카코리아","흰색 또는 미백색의 반고형 크림",02640,"진통.진양.수렴.소염제","전문의약품","[M200279]데소니드",20190621,"","","Desonide(데소니드)",20140130
"투여기간주의","단일",D001308,Desonide,"데소니드","","피부크림제",200501540,"아토맥스크림0.05%(데소니드)",20050913,"(주)한국파마","백색 또는 미백색의 반고형 크림",02640,"진통.진양.수렴.소염제","전문의약품","[M200279]데소니드",20190621,"","","Desonide(데소니드)",20140130
"투여기간주의","단일",D001308,Desonide,"데소니드","","피부로션제",200501563,"아토맥스로션0.05%(데소니드)",20050519,"(주)한국파마","백색 로션",02640,"진통.진양.수렴.소염제","전문의약품","[M200279]데소니드",20190621,"","","Desonide(데소니드)",20151023
"투여기간주의","단일",D001308,Desonide,"데소니드","","피부로션제",200501614,"데스원로션0.05%(데소니드)",20050131,"대원제약(주)","백색의 로오숀제",02640,"진통.진양.수렴.소염제","전문의약품","[M200279]데소니드",20190621,"","","Desonide(데소니드)",20151023
"투여기간주의","복합",D000448,"Pseudoephedrine Hydrochloride","수도에페드린염산염","[D000647]Cetirizine(세티리진)","필름코팅정",200502237,"안티코정(수출용)",20050401,"(주)한국파비스제약","황색의 장방형 필름코팅정",01410,"항히스타민제","전문의약품","[M222857]세티리진염산염/[M222865]수도에페드린염산염",20141230,"","","Pseudoephedrine Hydrochloride(수도에페드린염산염)",20200907
"투여기간주의","단일",D000506,"Diclofenac Beta-Dimethylaminoethanol","디클로페낙β-디메틸아미노에탄올","","용액주사제",200502687,"뉴베타주2mL(디클로페낙β-디메틸아미노에탄올)",20050422,"케이엠에스제약(주)","무색～미황색의 투명한 액이 들어있는 갈색 앰플제",01140,"해열.진통.소염제","전문의약품","[M252249]디클로페낙β-디메틸아미노에탄올",20150507,"","","Diclofenac Beta-Dimethylaminoethanol(디클로페낙β-디메틸아미노에탄올)",20250415
"투여기간주의","단일",D001091,"Oxymetazoline Hydrochloride","옥시메타졸린염산염","","일반액상분무제",200502895,"시너스비액(옥시메타졸린염산염)(수출명:오리지날릴리프비액,엑스트라모이스처라이징비액,사이너스비액)",20050830,"한림제약(주)","무색 내지 미황색의 투명한 액",01320,"이비과용제","일반의약품","[M223162]옥시메타졸린염산염/[M223162]옥시메타졸린염산염/[M223162]옥시메타졸린염산염/[M223162]옥시메타졸린염산염/[M223162]옥시메타졸린염산염",20180831,"","","Oxymetazoline Hydrochloride(옥시메타졸린염산염)",20220201
"투여기간주의","단일",D000479,"Clobetasol Propionate","클로베타솔프로피오네이트","","샴푸",200511301,"클로벡스액0.05%(클로베타솔프로피오네이트)",20050610,"갈더마코리아(주)","무색 또는 미황색의 반투명한 액제",02640,"진통.진양.수렴.소염제","전문의약품","[M223224]클로베타솔프로피오네이트",20190621,"","","Clobetasol Propionate(클로베타솔프로피오네이트)",20220129
"투여기간주의","단일",D001300,Bisacodyl,"비사코딜","","항문용좌제, 수용성",200512347,"둘코락스좌약(비사코딜)",20050927,"오펠라헬스케어코리아(주)","흰색-유백색의 연한 좌제",02380,"하제, 완장제","일반의약품","[M050687]비사코딜",20231108,"","","Bisacodyl(비사코딜)",20220521
"투여기간주의","단일",D000982,"Naproxen Sodium","나프록센나트륨","","용액주사제",200600131,"바이넥스나프록센나트륨주(수출용)",20060308,"(주)바이넥스","갈색 투명한 앰플에 무색투명한 액이 든 주사제",01140,"해열.진통.소염제","전문의약품","[M070724]나프록센나트륨",20150507,"","","Naproxen Sodium(나프록센나트륨)",20241212
"투여기간주의","단일",D000506,"Diclofenac Beta-Dimethylaminoethanol","디클로페낙β-디메틸아미노에탄올","","용액주사제",200600327,"유니페낙에프주(디클로페낙β-디메틸아미노에탄올)",20060126,"한국유니온제약(주)","무색～미황색의 투명한 액이 들어있는 갈색의 앰플주사제",01140,"해열.진통.소염제","전문의약품","[M252249]디클로페낙β-디메틸아미노에탄올",20150507,"","","Diclofenac Beta-Dimethylaminoethanol(디클로페낙β-디메틸아미노에탄올)",20250415
"투여기간주의","단일",D001310,Prednicarbate,"프레드니카르베이트","","피부크림제",200606620,"프레카크림(프레드니카르베이트)",20061109,"주식회사제뉴원사이언스","흰색의 크림제",02640,"진통.진양.수렴.소염제","전문의약품","[M084063]프레드니카르베이트",20190621,"","","Prednicarbate(프레드니카르베이트)",20210207
"투여기간주의","단일",D000479,"Clobetasol Propionate","클로베타솔프로피오네이트","","피부연고제",200606622,"프로솔연고(클로베타솔프로피오네이트)",20061109,"주식회사제뉴원사이언스","백색의 부드럽고 반투명, 전질 균등한 연고제",02690,"기타의 외피용약","전문의약품","[M223224]클로베타솔프로피오네이트/[M223224]클로베타솔프로피오네이트",20190621,"","","Clobetasol Propionate(클로베타솔프로피오네이트)",20220129
"투여기간주의","단일",D001091,"Oxymetazoline Hydrochloride","옥시메타졸린염산염","","일반액상분무제",200607813,"옥시졸나잘액(옥시메타졸린염산염)(수출명:오리지날릴리프액,엑스트라모이스처라이징비액,사이너스비액)",20060825,"태극제약(주)","무색 내지 연한 노란색의 투명한 액",01320,"이비과용제","일반의약품","[M223162]옥시메타졸린염산염/[M223162]옥시메타졸린염산염/[M223162]옥시메타졸린염산염/[M223162]옥시메타졸린염산염",20180831,"","","Oxymetazoline Hydrochloride(옥시메타졸린염산염)",20220201
"투여기간주의","단일",D001184,Dinoprostone,"디노프로스톤","","질좌제, 서방성",200610643,"프로페스질서방정(디노프로스톤)",20060731,"한국페링제약(주)","긴 끈이 달린 편물로 된 폴리에스테르실 안에 든 엷은 황색의 반투명하고 모서리가 둥근 얇고 평평한 직사각형의 질좌제",02520,"자궁수축제","전문의약품","[M089394]디노프로스톤",20190621,"","","Dinoprostone(디노프로스톤)",20220403
"투여기간주의","단일",D001035,Linezolid,"리네졸리드","","용액주사제",200705482,"자이복스주2밀리그람/밀리리터(리네졸리드)",20060911,"한국화이자제약(주)","무색내지 노란색의 투명한 주사액이 든 infusion bag",06110,"주로 그람양성균에 작용하는 것","전문의약품","[M093034]리네졸리드",20211119,"","","Linezolid(리네졸리드)",20180307
"투여기간주의","단일",D000479,"Clobetasol Propionate","클로베타솔프로피오네이트","","피부로션제",200706943,"프로솔로션(클로베타솔프로피오네이트)",20070618,"주식회사제뉴원사이언스","백색의 로션제",02640,"진통.진양.수렴.소염제","전문의약품","[M223224]클로베타솔프로피오네이트",20190621,"","","Clobetasol Propionate(클로베타솔프로피오네이트)",20220129
"투여기간주의","단일",D001303,Imiquimod,"이미퀴모드","","피부크림제",200710217,"알다라크림(이미퀴모드)",20070907,"동아에스티(주)","이 약은 백색 또는 미황색의 크림이다.",02660,"피부연화제(부식제를 포함)","전문의약품","[M095552]이미퀴모드",20190621,"","","Imiquimod(이미퀴모드)",20160609
"투여기간주의","단일",D001308,Desonide,"데소니드","","피부로션제",200711531,"케어덤로션0.05%(데소니드)",20071023,"주식회사 노바엠헬스케어","백색의 로션",02640,"진통.진양.수렴.소염제","전문의약품","[M200279]데소니드",20190621,"","","Desonide(데소니드)",20180320
"투여기간주의","단일",D000274,"Ketorolac Tromethamine","케토롤락트로메타민염","","용액주사제",200801933,"대한케토롤락트로메타민주",20080219,"대한약품공업(주)","엷은 황색의 투명한 액체가 충전된 갈색 앰플제",01140,"해열.진통.소염제","전문의약품","[M222885]케토롤락트로메타민염",20150507,"","","Ketorolac Tromethamine(케토롤락트로메타민염)",20240522
"투여기간주의","단일",D000506,"Diclofenac Sodium","디클로페낙나트륨","","장용성필름코팅정",200802500,"타이페낙정50밀리그람(디클로페낙나트륨)(수출용)",20080304,"알파제약(주)","분홍색의 원형 장용성 필름코팅정",01140,"해열.진통.소염제","전문의약품","[M050288]디클로페낙나트륨",20150507,"","","Diclofenac Sodium(디클로페낙나트륨)",20260220
"투여기간주의","단일",D000506,"Diclofenac Sodium","디클로페낙나트륨","","장용성필름코팅정",200804331,"파마디클로페낙나트륨정(수출용)",20080421,"(주)한국파마","황색의 장방형으로 된 장용피 정제이다.",01140,"해열.진통.소염제","전문의약품","[M050288]디클로페낙나트륨",20150507,"","","Diclofenac Sodium(디클로페낙나트륨)",20260220
"투여기간주의","단일",D000736,"Anidulafungin Fructose Mixture","아니둘라펀진과당혼합물","","용액용동결건조분말주사제",200806020,"에락시스주100밀리그램(아니둘라펀진과당혼합물)",20080530,"한국화이자제약(주)","투명 바이알에 든 흰색 내지 미백색의 가루로 쓸 때 녹여서 쓰는 주사제",06290,"기타의 화학요법제","전문의약품","[M234183]아니둘라펀진과당혼합물",20190621,"","","Anidulafungin Fructose Mixture(아니둘라펀진과당혼합물)",20260415
"투여기간주의","단일",D000506,"Diclofenac Sodium","디클로페낙나트륨","","장용성필름코팅정",200806883,"디페트정50mg(디클로페낙나트륨)(수출용)",20080623,"한국코러스(주)","황색의 원형 장용성 제피정",01140,"해열.진통.소염제","전문의약품","[M050288]디클로페낙나트륨",20150507,"","","Diclofenac Sodium(디클로페낙나트륨)",20260220
"투여기간주의","단일",D000506,"Diclofenac Sodium","디클로페낙나트륨","","장용성필름코팅정",200807225,"디페트정100mg(디클로페낙나트륨)(수출용)",20080630,"한국코러스(주)","1.황색의 장방형으로 된 장용피 정제2.황색의 원형으로 된 장용피 정제",01140,"해열.진통.소염제","전문의약품","[M050288]디클로페낙나트륨",20150507,"","","Diclofenac Sodium(디클로페낙나트륨)",20260220
"투여기간주의","단일",D000506,"Diclofenac Sodium","디클로페낙나트륨","","용액주사제",200807920,"코페낙주3밀리리터(디클로페낙나트륨)(수출용)",20080718,"한국코러스(주)","무색투명한 액이 들어있는 무색투명한 앰플",01140,"해열.진통.소염제","전문의약품","[M050288]디클로페낙나트륨",20150507,"","","Diclofenac Sodium(디클로페낙나트륨)",20230819
"투여기간주의","단일",D001305,"Pelargonium Sidoides 11% Ethanol Extract (1→8~10)·Maltodextrin Mixed Solution (1:4.56)","펠라고니움시도이데스11%에탄올추출물(1→8~10)·말토덱스트린혼합물(1:4.56)","","액상시럽제",200809095,"움카민시럽(펠라고니움시도이데스11%에탄올추출물(1→8~10)·말토덱스트린혼합물(1:4.56))",20080829,"한화제약(주)","플라스틱병에 든 체리향이 있는 황갈색 내지 엷은 갈색의 시럽제",02290,"기타의 호흡기관용약","전문의약품","[M262994]펠라고니움시도이데스11%에탄올추출물(1→8~10)·말토덱스트린혼합물(1:4.56)",20190621,"","","Pelargonium Sidoides 11% Ethanol Extract (1→8~10)·Maltodextrin Mixed Solution (1:4.56)(펠라고니움시도이데스11%에탄올추출물(1→8~10)·말토덱스트린혼합물(1:4.56))",20140703
"투여기간주의","단일",D001301,Ciclopirox,"시클로피록스","","라카",200811790,"풀케어 네일라카 (시클로피록스)",20081223,"한국메나리니(주)","브러쉬가 부착된 뚜껑이 있는 유리병안에 무색~엷은 황색의 투명한 액제",02650,"기생성 피부질환용제","일반의약품","[M085228]시클로피록스",20190621,"","","Ciclopirox(시클로피록스)",20201208
"투여기간주의","단일",D000221,"Loteprednol Etabonate","로테프레드놀 에타보네이트","","현탁액점안제",200811863,"로테맥스점안현탁액0.5%(로테프레드놀에타보네이트)",20081224,"(주)바슈헬스코리아","흔들었을 때 균질한 유백색의 현탁액을 함유하고 있는 백색의 플라스틱 용기",01310,"안과용제","전문의약품","[M245318]로테프레드놀 에타보네이트",20190621,"","","Loteprednol Etabonate(로테프레드놀 에타보네이트)",20151115
"투여기간주의","단일",D000104,Plerixafor,"플레릭사포르","","용액주사제",201000845,"모조빌주(플레릭사포르)",20100126,"(주)사노피-아벤티스코리아","무색∼미황색의 투명한 액이 무색투명한 바이알에 든 주사제",03390,"기타의 혈액 및 체액용약","전문의약품","[M248943]플레릭사포르",20190621,"","","Plerixafor(플레릭사포르)",20200420
"투여기간주의","단일",D000506,"Diclofenac Sodium","디클로페낙나트륨","","용액주사제",201001927,"휴메딕스디클로페낙나트륨주사(수출용)",20100308,"(주)휴메딕스","무색 투명한 액이 든 무색 투명한 앰플 주사제",01140,"해열.진통.소염제","전문의약품","[M050288]디클로페낙나트륨",20150507,"","","Diclofenac Sodium(디클로페낙나트륨)",20230819
"투여기간주의","단일",D000274,"Ketorolac Tromethamine","케토롤락트로메타민","","필름코팅정",201003391,"케롤민정(케토롤락트로메타민)(수출용)(수출명:①Ketorolac-Asteria Tab. ②Kerolmin Tab.)",20100507,"한국코러스(주)","흰색의 원형필름코팅정제",01140,"해열.진통.소염제","전문의약품","[M084703]케토롤락트로메타민",20150507,"","","Ketorolac Tromethamine(케토롤락트로메타민)",20120419
"투여기간주의","단일",D000274,"Ketorolac Tromethamine","케토롤락트로메타민","","용액주사제",201100186,"케톨락주(케토롤락트로메타민)(수출용)",20110113,"(주)제일제약","엷은 황색의 투명한 액이 든 갈색투명한 앰플주사제",01140,"해열.진통.소염제","전문의약품","[M084703]케토롤락트로메타민",20150507,"","","Ketorolac Tromethamine(케토롤락트로메타민)",20130806
"투여기간주의","단일",D000506,"Diclofenac Sodium","디클로페낙나트륨","","용액주사제",201100681,"디페인주3ml(디클로페낙나트륨)(수출용)",20110214,"동광제약(주)","무색등명한 액체가 든 갈색앰플제",01140,"해열.진통.소염제","전문의약품","[M050288]디클로페낙나트륨",20150507,"","","Diclofenac Sodium(디클로페낙나트륨)",20230819
"투여기간주의","단일",D000487,"Tolvaptan Spray Dry Powder","톨밥탄분무건조분말","","나정",201106062,"삼스카정15밀리그램(톨밥탄분무건조분말)",20110901,"한국오츠카제약(주)","파란색의 원형정제 (각인 : SAMSCA, 15)",02190,"기타의 순환계용약","전문의약품","[M252922]톨밥탄분무건조분말",20190621,"","","Tolvaptan Spray Dry Powder(톨밥탄분무건조분말)",20201228
"투여기간주의","단일",D000487,"Tolvaptan Spray Dry Powder","톨밥탄분무건조분말","","나정",201106063,"삼스카정30밀리그램(톨밥탄분무건조분말)",20110901,"한국오츠카제약(주)","파란색의 사각정제(각인 : SAMSCA, 30)",02190,"기타의 순환계용약","전문의약품","[M252922]톨밥탄분무건조분말",20190621,"","","Tolvaptan Spray Dry Powder(톨밥탄분무건조분말)",20201228
"투여기간주의","단일",D001305,"Pelargonium Sidoides 11% Ethanol Extract (1→8~10)·Glycerin Mixed Solution (8:2)","펠라고니움시도이데스11%에탄올추출물(1→8~10) 글리세린혼합액(8:2)","","액상시럽제",201109832,"뉴카민시럽(펠라고니움시도이데스11%에탄올추출물(1→8~10)ㆍ글리세린혼합액(8:2))",20111111,"대한뉴팜(주)","플라스틱병 또는 알루미늄파우치에 든 딸기향이 있는 황갈색 또는 엷은 갈색의 시럽제",02290,"기타의 호흡기관용약","전문의약품","[M255069]펠라고니움시도이데스11%에탄올추출물(1→8~10) 글리세린혼합액(8:2)",20190621,"","","Pelargonium Sidoides 11% Ethanol Extract (1→8~10)·Glycerin Mixed Solution (8:2)(펠라고니움시도이데스11%에탄올추출물(1→8~10) 글리세린혼합액(8:2))",20140921
"투여기간주의","단일",D001305,"Pelargonium Sidoides 11% Ethanol Extract (1→8~10)·Glycerin Mixed Solution (8:2)","펠라고니움시도이데스11%에탄올추출물(1→8~10)·글리세린혼합액(8:2)","","액상시럽제",201109836,"알엔이시럽(펠라고니움시도이데스11%에탄올추출물(1→8~10)·글리세린혼합액(8:2))",20111111,"유니메드제약(주)","플라스틱병 또는 알루미늄파우치에 든 딸기향이 있는 황갈색 또는 엷은 갈색의 시럽제",02290,"기타의 호흡기관용약","전문의약품","[M253732]펠라고니움시도이데스11%에탄올추출물(1→8~10)·글리세린혼합액(8:2)",20190621,"","","Pelargonium Sidoides 11% Ethanol Extract (1→8~10)·Glycerin Mixed Solution (8:2)(펠라고니움시도이데스11%에탄올추출물(1→8~10)·글리세린혼합액(8:2))",20140922
"투여기간주의","단일",D001305,"Pelargonium Sidoides 11% Ethanol Extract (1→8~10)·Glycerin Mixed Solution (8:2)","펠라고니움시도이데스11%에탄올추출물(1→8~10)·글리세린혼합액(8:2)","","액상시럽제",201109837,"뮤카민시럽(펠라고니움시도이데스11%에탄올추출물(1→8~10)·글리세린혼합액(8:2))",20111111,"(주)메디카코리아","플라스틱병에 든 딸기향이 있는 황갈색 또는 엷은 갈색의 시럽제",02290,"기타의 호흡기관용약","전문의약품","[M253732]펠라고니움시도이데스11%에탄올추출물(1→8~10)·글리세린혼합액(8:2)",20190621,"","","Pelargonium Sidoides 11% Ethanol Extract (1→8~10)·Glycerin Mixed Solution (8:2)(펠라고니움시도이데스11%에탄올추출물(1→8~10)·글리세린혼합액(8:2))",20140921
"투여기간주의","단일",D001305,"Pelargonium Sidoides 11% Ethanol Extract (1→8~10)·Glycerin Mixed Solution (8:2)","펠라고니움시도이데스11%에탄올추출물(1→8~10)·글리세린혼합액(8:2)","","액상시럽제",201109838,"펠라카민시럽(펠라고니움시도이데스11%에탄올추출물(1→8~10)·글리세린혼합액(8:2))",20111111,"제일약품(주)","플라스틱병 또는 알루미늄파우치에 든 딸기향이 있는 황갈색 또는 엷은 갈색의 시럽제",02290,"기타의 호흡기관용약","전문의약품","[M253732]펠라고니움시도이데스11%에탄올추출물(1→8~10)·글리세린혼합액(8:2)/[M253732]펠라고니움시도이데스11%에탄올추출물(1→8~10)·글리세린혼합액(8:2)",20190621,"","","Pelargonium Sidoides 11% Ethanol Extract (1→8~10)·Glycerin Mixed Solution (8:2)(펠라고니움시도이데스11%에탄올추출물(1→8~10)·글리세린혼합액(8:2))",20140922
"투여기간주의","단일",D001305,"Pelargonium Sidoides 11% Ethanol Extract (1→8~10)·Glycerin Mixed Solution (8:2)","펠라고니움시도이데스11%에탄올추출물(1→8~10)·글리세린혼합액(8:2)","","액상시럽제",201109840,"펠람시럽(펠라고니움시도이데스11%에탄올추출물(1→8~10)·글리세린혼합액(8:2))",20111111,"명문제약(주)","플라스틱병 또는 알루미늄파우치에 든 딸기향이 있는 황갈색 또는 엷은 갈색의 시럽제",02290,"기타의 호흡기관용약","전문의약품","[M253732]펠라고니움시도이데스11%에탄올추출물(1→8~10)·글리세린혼합액(8:2)",20190621,"","","Pelargonium Sidoides 11% Ethanol Extract (1→8~10)·Glycerin Mixed Solution (8:2)(펠라고니움시도이데스11%에탄올추출물(1→8~10)·글리세린혼합액(8:2))",20140922
"투여기간주의","단일",D000203,"Ramosetron Hydrochloride","라모세트론염산염","","구강붕해정",201110023,"람세트오디정0.1밀리그램(라모세트론염산염)",20111115,"하나제약(주)","볼록한 원형의 적황색 구강붕해정",02350,"최토제, 진토제","전문의약품","[M255325]라모세트론염산염",20150331,"","항암제 투여로 인한 구역 및 구토의 방지에 쓰는 제품에 한함","Ramosetron Hydrochloride(라모세트론염산염)",20141014
"투여기간주의","단일",D000203,"Ramosetron Hydrochloride","라모세트론염산염","","구강붕해정",201110058,"람트론오디정(라모세트론염산염)",20111115,"한국유나이티드제약(주)","흰색의 원형 구강붕해정",02350,"최토제, 진토제","전문의약품","[M246846]라모세트론염산염",20150331,"","항암제 투여로 인한 구역 및 구토의 방지에 쓰는 제품에 한함","Ramosetron Hydrochloride(라모세트론염산염)",20141014
"투여기간주의","단일",D000203,"Ramosetron Hydrochloride","라모세트론염산염","","구강붕해정",201110137,"라모필름오디에프(라모세트론염산염)(수출용)",20111121,"광동제약(주)","엷은 빨간색의 직사각형 구강붕해필름",02350,"최토제, 진토제","전문의약품","[M246846]라모세트론염산염",20150331,"","항암제 투여로 인한 구역 및 구토의 방지에 쓰는 제품에 한함","Ramosetron Hydrochloride(라모세트론염산염)",20141014
"투여기간주의","단일",D000203,"Ramosetron Hydrochloride","라모세트론염산염","","구강붕해정",201205269,"나제론오디정0.1mg(라모세트론염산염)",20120531,"(주)보령","양면이 볼록한 원형의 엷은 적황색 구강붕해정",02350,"최토제, 진토제","전문의약품","[M255325]라모세트론염산염",20150331,"","항암제 투여로 인한 구역 및 구토의 방지에 쓰는 제품에 한함","Ramosetron Hydrochloride(라모세트론염산염)",20141014
"투여기간주의","단일",D001305,"Pelargonium Sidoides 11% Ethanol Extract (1→8~10)·Glycerin Mixed Solution (8:2)","펠라고니움시도이데스11%에탄올추출물(1→8~10)·글리세린혼합액(8:2)","","액상시럽제",201109841,"카카민시럽(펠라고니움시도이데스11%에탄올추출물(1→8~10)·글리세린혼합액)",20111111,"코오롱제약(주)","플라스틱병 또는 알루미늄파우치에 든 딸기향이 있는 황갈색 또는 엷은 갈색의 시럽제",02290,"기타의 호흡기관용약","전문의약품","[M253732]펠라고니움시도이데스11%에탄올추출물(1→8~10)·글리세린혼합액(8:2)",20190621,"","","Pelargonium Sidoides 11% Ethanol Extract (1→8~10)·Glycerin Mixed Solution (8:2)(펠라고니움시도이데스11%에탄올추출물(1→8~10)·글리세린혼합액(8:2))",20140922
"투여기간주의","단일",D001305,"Pelargonium Sidoides 11% Ethanol Extract (1→8~10)·Glycerin Mixed Solution (8:2)","펠라고니움시도이데스11%에탄올추출물(1→8~10)·글리세린혼합액(8:2)","","액상시럽제",201109843,"펠라움시럽(펠라고니움시도이데스11%에탄올추출물(1→8~10)·글리세린혼합액(8:2))",20111111,"한미약품(주)","플라스틱병 또는 알루미늄파우치에 든 딸기향이 있는 황갈색 또는 엷은 갈색의 시럽제",02290,"기타의 호흡기관용약","전문의약품","[M253732]펠라고니움시도이데스11%에탄올추출물(1→8~10)·글리세린혼합액(8:2)",20190621,"","","Pelargonium Sidoides 11% Ethanol Extract (1→8~10)·Glycerin Mixed Solution (8:2)(펠라고니움시도이데스11%에탄올추출물(1→8~10)·글리세린혼합액(8:2))",20140922
"투여기간주의","단일",D001305,"Pelargonium Sidoides 11% Ethanol Extract (1→8~10)·Glycerin Mixed Solution (8:2)","펠라고니움시도이데스11%에탄올추출물(1→8~10)·글리세린혼합액(8:2","","액상시럽제",201109847,"움큐어시럽(펠라고니움시도이데스11%에탄올추출물(1→8~10)·글리세린혼합액(8:2))",20111111,"일동제약(주)","플라스틱병 또는 알루미늄파우치에 든 딸기향이 있는 황갈색 또는 엷은 갈색의 시럽제",02290,"기타의 호흡기관용약","전문의약품","[M254970]펠라고니움시도이데스11%에탄올추출물(1→8~10)·글리세린혼합액(8:2",20190621,"","","Pelargonium Sidoides 11% Ethanol Extract (1→8~10)·Glycerin Mixed Solution (8:2)(펠라고니움시도이데스11%에탄올추출물(1→8~10)·글리세린혼합액(8:2)",20140921
"투여기간주의","단일",D001305,"Pelargonium Sidoides 11% Ethanol Extract (1→8~10)·Glycerin Mixed Solution (8:2)","펠라고니움시도이데스11%에탄올엑스(1→8∼10)·글리세린혼합액(8:2)","","액상시럽제",201109849,"제이로바시럽(펠라고니움시도이데스11%에탄올엑스(1→8~10)·글리세린혼합액(8:2))",20111111,"제이더블유신약(주)","플라스틱병 또는 알루미늄파우치에 든 딸기향이 있는 황갈색 또는 엷은 갈색의 시럽제",02290,"기타의 호흡기관용약","전문의약품","[M258628]펠라고니움시도이데스11%에탄올엑스(1→8∼10)·글리세린혼합액(8:2)",20190621,"","","Pelargonium Sidoides 11% Ethanol Extract (1→8~10)·Glycerin Mixed Solution (8:2)(펠라고니움시도이데스11%에탄올엑스(1→8∼10)·글리세린혼합액(8:2))",20140922
"투여기간주의","단일",D001305,"Pelargonium Sidoides 11% Ethanol Extract (1→8~10)·Glycerin Mixed Solution (8:2)","펠라고니움시도이데스11%에탄올추출물(1→8~10)·글리세린혼합액(8:2)","","액상시럽제",201109854,"에스카민시럽(펠라고니움시도이데스11%에탄올추출물(1→8~10)·글리세린혼합액(8:2))",20111111,"삼천당제약(주)","플라스틱병 또는 알루미늄파우치에 든 딸기향이 있는 엷은 갈색 또는 황갈색의 시럽제",02290,"기타의 호흡기관용약","전문의약품","[M253732]펠라고니움시도이데스11%에탄올추출물(1→8~10)·글리세린혼합액(8:2)",20190621,"","","Pelargonium Sidoides 11% Ethanol Extract (1→8~10)·Glycerin Mixed Solution (8:2)(펠라고니움시도이데스11%에탄올추출물(1→8~10)·글리세린혼합액(8:2))",20140921
"투여기간주의","단일",D001305,"Pelargonium Sidoides 11% Ethanol Extract (1→8~10)·Glycerin Mixed Solution (8:2)","펠라고니움시도이데스11%에탄올추출물(1→8~10)·글리세린혼합액(8:2)","","액상시럽제",201109856,"움코푸시럽(펠라고니움시도이데스11%에탄올추출물(1→8~10)·글리세린혼합액(8:2))",20111111,"(주)팜젠사이언스","플라스틱병에 든 딸기향이 있는 황갈색 또는 엷은 갈색의 시럽제",02290,"기타의 호흡기관용약","전문의약품","[M253732]펠라고니움시도이데스11%에탄올추출물(1→8~10)·글리세린혼합액(8:2)",20190621,"","","Pelargonium Sidoides 11% Ethanol Extract (1→8~10)·Glycerin Mixed Solution (8:2)(펠라고니움시도이데스11%에탄올추출물(1→8~10)·글리세린혼합액(8:2))",20191002
"투여기간주의","단일",D000479,"Clobetasol Propionate","클로베타솔프로피오네이트","","피부연고제",201206213,"프로베타연고(클로베타솔프로피오네이트)(수출용)",20120723,"태극제약(주)","흰색의 연고제",02640,"진통.진양.수렴.소염제","전문의약품","[M223224]클로베타솔프로피오네이트",20190621,"","","Clobetasol Propionate(클로베타솔프로피오네이트)",20220129
"투여기간주의","단일",D001310,Prednicarbate,"프레드니카르베이트","","피부로션제",201206381,"삼아리도스타로션(프레드니카르베이트)",20120803,"삼아제약(주)","흰색의 불투명한 플라스틱 용기에 든 흰색의 로션제",02640,"진통.진양.수렴.소염제","전문의약품","[M084063]프레드니카르베이트",20190621,"","","Prednicarbate(프레드니카르베이트)",20210207
"투여기간주의","단일",D001310,Prednicarbate,"프레드니카르베이트","","피부크림제",201206601,"삼아리도스타크림(프레드니카르베이트)",20120828,"삼아제약(주)","흰색의 크림제",02640,"진통.진양.수렴.소염제","전문의약품","[M084063]프레드니카르베이트",20190621,"","","Prednicarbate(프레드니카르베이트)",20210207
"투여기간주의","단일",D000479,"Clobetasol Propionate","클로베타솔프로피오네이트","","피부연고제",201305372,"클로베이트연고(클로베타솔프로피오네이트)(수출용)",20130219,"(주)제뉴파마","백색의 부드럽고 반투명, 전질 균등한 연고제",02640,"진통.진양.수렴.소염제","전문의약품","[M223224]클로베타솔프로피오네이트",20190621,"","","Clobetasol Propionate(클로베타솔프로피오네이트)",20220129
"투여기간주의","단일",D001308,Desonide,"데소니드","","피부로션제",201309052,"토피덤로션0.05%(데소니드)",20130829,"코오롱제약(주)","백색의 로션",02640,"진통.진양.수렴.소염제","전문의약품","[M200279]데소니드",20190621,"","","Desonide(데소니드)",20180810
"투여기간주의","단일",D000479,"Clobetasol Propionate","클로베타솔프로피오네이트","","피부현탁액제",201309134,"프로솔액(클로베타솔프로피오네이트)",20130830,"주식회사제뉴원사이언스","전질균등한 투명한 액제",02640,"진통.진양.수렴.소염제","전문의약품","[M223224]클로베타솔프로피오네이트/[M223224]클로베타솔프로피오네이트",20190621,"","","Clobetasol Propionate(클로베타솔프로피오네이트)",20220129
"투여기간주의","단일",D001305,"Pelargonium Sidoides 11% Ethanol Extract (1→8~10)·Glycerin Mixed Solution (8:2)","펠라고니움시도이데스11%에탄올추출물(1→8~10)·글리세린혼합액(8:2)","","액상시럽제",201109858,"펠리움시럽(펠라고니움시도이데스11%에탄올추출물(1→8~10)·글리세린혼합액(8:2))",20111111,"주식회사제뉴원사이언스","플라스틱병 또는 알루미늄파우치에 든 딸기향이 있는 황갈색 또는 엷은 갈색의 시럽제",02290,"기타의 호흡기관용약","전문의약품","[M253732]펠라고니움시도이데스11%에탄올추출물(1→8~10)·글리세린혼합액(8:2)",20190621,"","","Pelargonium Sidoides 11% Ethanol Extract (1→8~10)·Glycerin Mixed Solution (8:2)(펠라고니움시도이데스11%에탄올추출물(1→8~10)·글리세린혼합액(8:2))",20140921
"투여기간주의","단일",D001305,"Pelargonium Sidoides 11% Ethanol Extract (1→8~10)·Glycerin Mixed Solution (8:2)","펠라고니움시도이데스11%에탄올추출물(1→8~10)·글리세린혼합액(8:2)","","액상시럽제",201109860,"페로민시럽(펠라고니움시도이데스11%에탄올추출물(1→8~10)·글리세린혼합액(8:2))",20111111,"하나제약(주)","플라스틱병 또는 알루미늄호일 파우치에 든 체리향이 있는 황갈색 내지 엷은 갈색의 시럽제",02290,"기타의 호흡기관용약","전문의약품","[M253732]펠라고니움시도이데스11%에탄올추출물(1→8~10)·글리세린혼합액(8:2)",20190621,"","","Pelargonium Sidoides 11% Ethanol Extract (1→8~10)·Glycerin Mixed Solution (8:2)(펠라고니움시도이데스11%에탄올추출물(1→8~10)·글리세린혼합액(8:2))",20140921
"투여기간주의","단일",D001305,"Pelargonium Sidoides 11% Ethanol Extract (1→8~10)·Glycerin Mixed Solution (8:2)","펠라고니움시도이데스11%에탄올추출물(1→8~10)ㆍ글리세린혼합액(8:2)","","액상시럽제",201109868,"움스코민시럽(펠라고니움시도이데스11%에탄올추출물(1→8~10)·글리세린혼합액(8:2))",20111111,"(주)종근당","플라스틱병에 든 체리향이 있는 황갈색 내지 엷은 갈색 시럽제",02290,"기타의 호흡기관용약","전문의약품","[M279109]펠라고니움시도이데스11%에탄올추출물(1→8~10)ㆍ글리세린혼합액(8:2)",20190621,"","","Pelargonium Sidoides 11% Ethanol Extract (1→8~10)·Glycerin Mixed Solution (8:2)(펠라고니움시도이데스11%에탄올추출물(1→8~10)ㆍ글리세린혼합액(8:2))",20140922
"투여기간주의","단일",D001305,"Pelargonium Sidoides 11% Ethanol Extract (1→8~10)·Glycerin Mixed Solution (8:2)","펠라고니움시도이데스11%에탄올추출물(1→8∼10)·글리세린혼합액(8:2)","","액상시럽제",201109869,"펠라고시럽(펠라고니움시도이데스11%에탄올추출물(1→8~10)·글리세린혼합액(8:2))",20111111,"(주)씨엠지제약","불투명한 백색병에 든 체리향이 첨가된 황갈색 내지 엷은 갈색의 시럽제",02290,"기타의 호흡기관용약","전문의약품","[M254252]펠라고니움시도이데스11%에탄올추출물(1→8∼10)·글리세린혼합액(8:2)",20190621,"","","Pelargonium Sidoides 11% Ethanol Extract (1→8~10)·Glycerin Mixed Solution (8:2)(펠라고니움시도이데스11%에탄올추출물(1→8∼10)·글리세린혼합액(8:2))",20140921
"투여기간주의","단일",D001305,"Pelargonium Sidoides 11% Ethanol Extract (1→8~10)·Glycerin Mixed Solution (8:2)","펠라고니움시도이데스11%에탄올추출물(1→8~10)·글리세린혼합액(8:2)","","액상시럽제",201109872,"움카에이시럽(펠라고니움시도이데스11%에탄올추출물(1→8~10)·글리세린혼합액(8:2))",20111111,"알리코제약(주)","플라스틱병 또는 알루미늄호일 파우치에 든 체리향이 있는 황갈색 내지 엷은 갈색의 시럽제",02290,"기타의 호흡기관용약","전문의약품","[M253732]펠라고니움시도이데스11%에탄올추출물(1→8~10)·글리세린혼합액(8:2)",20190621,"","","Pelargonium Sidoides 11% Ethanol Extract (1→8~10)·Glycerin Mixed Solution (8:2)(펠라고니움시도이데스11%에탄올추출물(1→8~10)·글리세린혼합액(8:2))",20140921
"투여기간주의","단일",D001305,"Pelargonium Sidoides 11% Ethanol Extract (1→8~10)·Glycerin Mixed Solution (8:2)","펠라고니움시도이데스11%에탄올추출물(1→8~10)·글리세린혼합액(8:2)","","액상시럽제",201109873,"움카론시럽(펠라고니움시도이데스11%에탄올추출물(1→8~10)·글리세린혼합액(8:2))",20111111,"성원애드콕제약(주)","플라스틱병 또는 알루미늄호일 파우치에 든 체리향이 있는 황갈색 내지 엷은 갈색의 시럽제",02290,"기타의 호흡기관용약","전문의약품","[M253732]펠라고니움시도이데스11%에탄올추출물(1→8~10)·글리세린혼합액(8:2)",20190621,"","","Pelargonium Sidoides 11% Ethanol Extract (1→8~10)·Glycerin Mixed Solution (8:2)(펠라고니움시도이데스11%에탄올추출물(1→8~10)·글리세린혼합액(8:2))",20140922
"투여기간주의","단일",D000274,"Ketorolac Tromethamine","케토롤락트로메타민","","용액주사제",201309291,"유니온케토롤락트로메타민주(수출용)",20130911,"한국유니온제약(주)","엷은 황색의 투명한 액이 든 갈색투명한 앰플주사제",01140,"해열.진통.소염제","전문의약품","[M084703]케토롤락트로메타민",20150507,"","","Ketorolac Tromethamine(케토롤락트로메타민)",20210402
"투여기간주의","단일",D001310,Prednicarbate,"프레드니카르베이트","","피부크림제",201309605,"프리베이트크림(프레드니카르베이트)",20131010,"일양약품(주)","흰색의 크림제",02640,"진통.진양.수렴.소염제","전문의약품","[M084063]프레드니카르베이트",20190621,"","","Prednicarbate(프레드니카르베이트)",20210207
"투여기간주의","복합",D000448,"Pseudoephedrine Hydrochloride","슈도에페드린염산염","[D000903]Levocetirizine(레보세티리진)","필름코팅정",201310403,"코싹엘정(레보세티리진,슈도에페드린)",20131129,"한미약품(주)","진한 노란색의 장방형 필름코팅정제",01410,"항히스타민제","전문의약품","[M203364]슈도에페드린염산염/[M244596]레보세티리진염산염",20191111,"","","Pseudoephedrine Hydrochloride(슈도에페드린염산염)",20250102
"투여기간주의","단일",D001310,Prednicarbate,"프레드니카르베이트","","피부로션제",201401251,"카더마로션0.25%(프레드니카르베이트)",20140319,"(주)메디카코리아","흰색의 로션제",02640,"진통.진양.수렴.소염제","전문의약품","[M084063]프레드니카르베이트",20190621,"","","Prednicarbate(프레드니카르베이트)",20210207
"투여기간주의","단일",D001035,Linezolid,"리네졸리드","","수액제",201402275,"씨네졸리드주2밀리그램/밀리리터(리네졸리드)",20140516,"에이치케이이노엔(주)","무색 또는 노란색의 투명한 주사액이 든 플라스틱 백",06110,"주로 그람양성균에 작용하는 것","전문의약품","[M093034]리네졸리드",20211119,"","","Linezolid(리네졸리드)",20230621
"투여기간주의","단일",D001035,Linezolid,"리네졸리드","","필름코팅정",201402365,"리네졸린정600밀리그램(리네졸리드)",20140523,"영진약품(주)","흰색의 볼록한 타원형 필름코팅정제",06110,"주로 그람양성균에 작용하는 것","전문의약품","[M093034]리네졸리드",20211119,"","","Linezolid(리네졸리드)",20210109
"투여기간주의","단일",D001305,"Pelargonium Sidoides 11% Ethanol Extract (1→8~10)·Glycerin Mixed Solution (8:2)","펠라고니움시도이데스11%에탄올추출물(1→8~10)·글리세린혼합액(8:2)","","액상시럽제",201109877,"움카맥스시럽(펠라고니움시도이데스11%에탄올추출물(1→8~10)·글리세린혼합액(8:2))",20111111,"(주)테라젠이텍스","플라스틱병 또는 알루미늄호일 파우치에 든 체리향이 있는 황갈색 내지 엷은 갈색의 시럽제",02290,"기타의 호흡기관용약","전문의약품","[M253732]펠라고니움시도이데스11%에탄올추출물(1→8~10)·글리세린혼합액(8:2)",20190621,"","","Pelargonium Sidoides 11% Ethanol Extract (1→8~10)·Glycerin Mixed Solution (8:2)(펠라고니움시도이데스11%에탄올추출물(1→8~10)·글리세린혼합액(8:2))",20150703
"투여기간주의","단일",D001305,"Pelargonium Sidoides 11% Ethanol Extract (1→8~10)·Glycerin Mixed Solution (8:2)","펠라고니움시도이데스11%에탄올추출물(1→8~10)·글리세린혼합액(8:2)","","액상시럽제",201109880,"아이펙트-에스시럽(펠라고니움시도이데스11%에탄올추출물(1→8∼10)·글리세린혼합액(8:2))",20111111,"삼진제약(주)","플라스틱병 또는 알루미늄파우치에 든 딸기향이 있는 황갈색 또는 엷은 갈색의 시럽제",02290,"기타의 호흡기관용약","전문의약품","[M253732]펠라고니움시도이데스11%에탄올추출물(1→8~10)·글리세린혼합액(8:2)",20190621,"","","Pelargonium Sidoides 11% Ethanol Extract (1→8~10)·Glycerin Mixed Solution (8:2)(펠라고니움시도이데스11%에탄올추출물(1→8~10)·글리세린혼합액(8:2))",20160428
"투여기간주의","단일",D001305,"Pelargonium Sidoides 11% Ethanol Extract (1→8~10)·Glycerin Mixed Solution (8:2)","펠라고니움시도이데스11%에탄올추출물(1→8~10)·글리세린혼합액(8:2)","","액상시럽제",201109882,"펠라곤시럽(펠라고니움시도이데스11%에탄올추출물(1→8∼10)·글리세린혼합액(8:2))",20111111,"동국제약(주)","플라스틱병에 든 딸기향이 있는 황갈색 또는 엷은 갈색의 시럽제",02290,"기타의 호흡기관용약","전문의약품","[M253732]펠라고니움시도이데스11%에탄올추출물(1→8~10)·글리세린혼합액(8:2)",20190621,"","","Pelargonium Sidoides 11% Ethanol Extract (1→8~10)·Glycerin Mixed Solution (8:2)(펠라고니움시도이데스11%에탄올추출물(1→8~10)·글리세린혼합액(8:2))",20191231
"투여기간주의","단일",D001305,"Pelargonium Sidoides 11% Ethanol Extract (1→8~10)·Glycerin Mixed Solution (8:2)","펠라고니움시도이데스11%에탄올추출물(1→8~10)ㆍ글리세린혼합액(8:2)","","액상시럽제",201109884,"브론키시럽(펠라고니움시도이데스11%에탄올추출물(1→8~10)·글리세린혼합액(8:2))",20111111,"(주)동구바이오제약","플라스틱병에 든 딸기향이 있는 황갈색 또는 엷은 갈색의 시럽제",02290,"기타의 호흡기관용약","전문의약품","[M279109]펠라고니움시도이데스11%에탄올추출물(1→8~10)ㆍ글리세린혼합액(8:2)",20190621,"","","Pelargonium Sidoides 11% Ethanol Extract (1→8~10)·Glycerin Mixed Solution (8:2)(펠라고니움시도이데스11%에탄올추출물(1→8~10)ㆍ글리세린혼합액(8:2))",20170424
"투여기간주의","단일",D001305,"Pelargonium Sidoides 11% Ethanol Extract (1→8~10)·Glycerin Mixed Solution (8:2)","펠라고니움시도이데스11%에탄올추출물(1→8~10)·글리세린혼합액(8:2)","","액상시럽제",201109892,"페라콜시럽(펠라고니움시도이데스11%에탄올추출물(1→8~10)ㆍ글리세린혼합액(8:2))",20111111,"대우제약(주)","플라스틱병에 든 딸기향이 있는 황갈색 또는 엷은 갈색의 시럽제",02290,"기타의 호흡기관용약","전문의약품","[M253732]펠라고니움시도이데스11%에탄올추출물(1→8~10)·글리세린혼합액(8:2)",20190621,"","","Pelargonium Sidoides 11% Ethanol Extract (1→8~10)·Glycerin Mixed Solution (8:2)(펠라고니움시도이데스11%에탄올추출물(1→8~10)·글리세린혼합액(8:2))",20201126
"투여기간주의","단일",D001305,"Pelargonium Sidoides 11% Ethanol Extract (1→8~10)·Glycerin Mixed Solution (8:2)","펠라고니움시도이데스11%에탄올추출물(1→8~10)·글리세린혼합액(8:2)","","액상시럽제",201109893,"펠라스시럽(펠라고니움시도이데스11%에탄올추출물(1→8~10)ㆍ글리세린혼합액(8:2))",20111111,"(주)일화","불투명한 백색병에 든 체리향이 첨가된 황갈색 내지 엷은 갈색의 시럽제",02290,"기타의 호흡기관용약","전문의약품","[M253732]펠라고니움시도이데스11%에탄올추출물(1→8~10)·글리세린혼합액(8:2)",20190621,"","","Pelargonium Sidoides 11% Ethanol Extract (1→8~10)·Glycerin Mixed Solution (8:2)(펠라고니움시도이데스11%에탄올추출물(1→8~10)·글리세린혼합액(8:2))",20140921
"투여기간주의","단일",D001035,Linezolid,"리네졸리드","","필름코팅정",201402416,"씨네졸리드정600밀리그램(리네졸리드)",20140528,"에이치케이이노엔(주)","흰색의 달걀형 필름코팅정",06110,"주로 그람양성균에 작용하는 것","전문의약품","[M093034]리네졸리드",20211119,"","","Linezolid(리네졸리드)",20210109
"투여기간주의","단일",D000274,"Ketorolac Tromethamine","케토롤락트로메타민염","","용액주사제",201402788,"케트로민주(케토롤락트로메타민염)(수출용)",20140624,"아주약품(주)","엷은 황색의 투명 액체가 든 갈색 앰플 주사제",01140,"해열.진통.소염제","전문의약품","[M222885]케토롤락트로메타민염",20150507,"","","Ketorolac Tromethamine(케토롤락트로메타민염)",20240522
"투여기간주의","단일",D000479,"Clobetasol Propionate","클로베타솔프로피오네이트","","피부연고제",201402836,"클로베타연고(클로베타솔프로피오네이트)",20140625,"이연제약(주)","반투명한 흰색~미황색의 전질균등한 연고제",02640,"진통.진양.수렴.소염제","전문의약품","[M223224]클로베타솔프로피오네이트",20190621,"","","Clobetasol Propionate(클로베타솔프로피오네이트)",20220129
"투여기간주의","단일",D000479,"Clobetasol Propionate","클로베타솔프로피오네이트","","피부크림제",201403285,"클로베타크림(클로베타솔프로피오네이트)",20140722,"이연제약(주)","흰색~거의 흰색의 유연한 크림으로 이물질이 없이 전질 균등한 외용 크림제",02640,"진통.진양.수렴.소염제","전문의약품","[M223224]클로베타솔프로피오네이트",20190621,"","","Clobetasol Propionate(클로베타솔프로피오네이트)",20220129
"투여기간주의","단일",D000479,"Clobetasol Propionate","클로베타솔프로피오네이트","","피부현탁액제",201403999,"코베이트액(클로베타솔프로피오네이트)",20140827,"코오롱제약(주)","전질균등한 투명한 액제",02640,"진통.진양.수렴.소염제","전문의약품","[M223224]클로베타솔프로피오네이트",20190621,"","","Clobetasol Propionate(클로베타솔프로피오네이트)",20220129
"투여기간주의","단일",D001091,"Oxymetazoline Hydrochloride","옥시메타졸린염산염","","일반액상분무제",201404186,"옥시코잘액(옥시메타졸린염산염)",20140911,"일양약품(주)","무색 내지 미황색의 투명한 액",01320,"이비과용제","일반의약품","[M223162]옥시메타졸린염산염",20180831,"","","Oxymetazoline Hydrochloride(옥시메타졸린염산염)",20220201
"투여기간주의","단일",D001305,"Pelargonium Sidoides 11% Ethanol Extract (1→8~10)·Glycerin Mixed Solution (8:2)","펠라고니움시도이데스11%에탄올추출물(1→8~10)ㆍ글리세린혼합액(8:2)","","액상시럽제",201109897,"기치콜시럽(펠라고니움시도이데스11%에탄올추출물(1→8~10)ㆍ글리세린혼합액(8:2))",20111111,"삼익제약(주)","플라스틱병 또는 알루미늄호일 파우치에 든 체리향이 있는 황갈색 내지 엷은 갈색의 시럽제",02290,"기타의 호흡기관용약","전문의약품","[M279109]펠라고니움시도이데스11%에탄올추출물(1→8~10)ㆍ글리세린혼합액(8:2)",20190621,"","","Pelargonium Sidoides 11% Ethanol Extract (1→8~10)·Glycerin Mixed Solution (8:2)(펠라고니움시도이데스11%에탄올추출물(1→8~10)ㆍ글리세린혼합액(8:2))",20140922
"투여기간주의","단일",D001091,"Oxymetazoline Hydrochloride","옥시메타졸린염산염","","일반액상분무제",201210198,"퓨어에이드나잘스프레이오리지날(옥시메타졸린염산염)(수출용)(수출명:Pure Aid Nasal Spray Original,  Pure Aid Nasal Spray Extra Moisturizing, ASSURED NASAL RELIEF SPRAY PUMP MIST ANTI-DRIP ORIGINAL Oxymetazoline HCI-Nasal Decongestant,VM PLUS Nasal Spray, Family Care Nasal Spray Original,Family Care Severe Congestion Nasal Spray ,Leader Extra Moisturizing Nasal Spray Original,Leader Severe Congestion Nasal Spray)",20121221,"(주)퍼슨","1.무색 또는 미황색의 맑은 액2.특이한 냄새가 나는 무색 또는 미황색의 맑은 액",01320,"이비과용제","일반의약품","[M223162]옥시메타졸린염산염/[M223162]옥시메타졸린염산염",20180831,"","","Oxymetazoline Hydrochloride(옥시메타졸린염산염)",20130531
"투여기간주의","단일",D001305,"Pelargonium Sidoides 11% Ethanol Extract (1→8~10)·Maltodextrin Mixed Solution (1:4.56)","펠라고니움시도이데스11%에탄올추출물(1→8~10)·말토덱스트린혼합물(1:4.56)","","필름코팅정",201309088,"움카민정(펠라고니움시도이데스11%에탄올추출물(1→8~10)·말토덱스트린혼합물(1:4.56))",20130830,"한화제약(주)","적갈색의 원형 필름코팅정",02290,"기타의 호흡기관용약","전문의약품","[M262994]펠라고니움시도이데스11%에탄올추출물(1→8~10)·말토덱스트린혼합물(1:4.56)",20190621,"","","Pelargonium Sidoides 11% Ethanol Extract (1→8~10)·Maltodextrin Mixed Solution (1:4.56)(펠라고니움시도이데스11%에탄올추출물(1→8~10)·말토덱스트린혼합물(1:4.56))",20180911
"투여기간주의","단일",D001305,"Pelargonium Sidoides 11% Ethanol Dried Extract (5.5∼6.6→1)","펠라고니움시도이데스11%에탄올건조엑스(5.5~6.6→1)","","필름코팅정",201405112,"움스코민정(펠라고니움시도이데스11%에탄올건조엑스(5.5∼6.6→1))",20141031,"(주)종근당","적갈색의 원형 필름코팅정",02290,"기타의 호흡기관용약","전문의약품","[M267961]펠라고니움시도이데스11%에탄올건조엑스(5.5~6.6→1)",20190621,"","","Pelargonium Sidoides 11% Ethanol Dried Extract (5.5∼6.6→1)(펠라고니움시도이데스11%에탄올건조엑스(5.5~6.6→1))",20150430
"투여기간주의","단일",D001554,Racecadotril,"라세카도트릴","","현탁액용산제",201405411,"하이드라섹산30mg(라세카도트릴)",20141120,"한국애보트(유)","흰색의 현탁용 산제",02370,"정장제","전문의약품","[M090882]라세카도트릴",20220527,"","주성분 함량 10mg, 30mg, 100mg, 캡슐제, 산제","Racecadotril(라세카도트릴)",20190221
"투여기간주의","단일",D001554,Racecadotril,"라세카도트릴","","현탁액용산제",201405412,"하이드라섹산10mg(라세카도트릴)",20141120,"한국애보트(유)","흰색의 현탁용 산제",02370,"정장제","전문의약품","[M090882]라세카도트릴",20220527,"","주성분 함량 10mg, 30mg, 100mg, 캡슐제, 산제","Racecadotril(라세카도트릴)",20190221
"투여기간주의","단일",D001091,"Oxymetazoline Hydrochloride","옥시메타졸린염산염","","일반액상분무제",201405694,"시원타조아나잘스프레이(옥시메타졸린염산염)",20141202,"조아제약(주)","일정량씩 분무되는 용기에 든 무색 내지 미황색의 투명한 액제",01320,"이비과용제","일반의약품","[M223162]옥시메타졸린염산염",20180831,"","","Oxymetazoline Hydrochloride(옥시메타졸린염산염)",20220201
"투여기간주의","단일",D001308,Desonide,"데소니드","","피부크림제",201405794,"마일드원크림0.05%(데소니드)",20141208,"주식회사더유제약","백색 또는 미백색의 반고형 크림",02640,"진통.진양.수렴.소염제","전문의약품","[M200279]데소니드",20190621,"","","Desonide(데소니드)",20150504
"투여기간주의","단일",D001310,Prednicarbate,"프레드니카르베이트","","피부로션제",201406045,"프레드린로션(프레드니카르베이트)",20141224,"(주)마더스제약","흰색의 로션제",02640,"진통.진양.수렴.소염제","전문의약품","[M084063]프레드니카르베이트",20190621,"","","Prednicarbate(프레드니카르베이트)",20210207
"투여기간주의","단일",D000479,"Clobetasol Propionate","클로베타솔프로피오네이트","","피부현탁액제",201500112,"크로솔액(클로베타솔프로피오네이트)",20150112,"(주)한국파마","전질균등한 투명한 액체",02640,"진통.진양.수렴.소염제","전문의약품","[M223224]클로베타솔프로피오네이트",20190621,"","","Clobetasol Propionate(클로베타솔프로피오네이트)",20220129
"투여기간주의","단일",D000274,"Ketorolac Tromethamine","케토롤락트로메타민","","용액주사제",201500216,"케톨민주(케토롤락트로메타민)",20150115,"이연제약(주)","엷은 황색의 투명한 액체가 든 갈색 앰플 주사제",01140,"해열.진통.소염제","전문의약품","[M084703]케토롤락트로메타민",20150507,"","","Ketorolac Tromethamine(케토롤락트로메타민)",20240522
"투여기간주의","단일",D001310,Prednicarbate,"프레드니카르베이트","","피부로션제",201500520,"더마폴론로션0.25%(프레드니카르베이트)",20150130,"대웅바이오(주)","흰색의 로션제",02640,"진통.진양.수렴.소염제","전문의약품","[M084063]프레드니카르베이트",20190621,"","","Prednicarbate(프레드니카르베이트)",20210207
"투여기간주의","단일",D001305,"Pelargonium Sidoides 11% Ethanol Dried Extract (5.5∼6.6→1)","펠라고니움시도이데스11%에탄올건조엑스(5.5~6.6→1)","","필름코팅정",201502610,"카니움정(펠라고니움시도이데스11%에탄올건조엑스(5.5~6.6→1))",20150430,"(주)다산제약","적갈색의 원형 필름코팅정",02290,"기타의 호흡기관용약","전문의약품","[M267961]펠라고니움시도이데스11%에탄올건조엑스(5.5~6.6→1)",20190621,"","","Pelargonium Sidoides 11% Ethanol Dried Extract (5.5∼6.6→1)(펠라고니움시도이데스11%에탄올건조엑스(5.5~6.6→1))",20190528
"투여기간주의","단일",D001305,"Pelargonium Sidoides 11% Ethanol Dried Extract (5.5∼6.6→1)","펠라고니움시도이데스11%에탄올건조엑스(5.5~6.6→1)","","필름코팅정",201502649,"에스카민정(펠라고니움시도이데스11%에탄올건조엑스(5.5~6.6→1))",20150430,"삼천당제약(주)","적갈색의 원형 필름코팅정",02290,"기타의 호흡기관용약","전문의약품","[M267961]펠라고니움시도이데스11%에탄올건조엑스(5.5~6.6→1)",20190621,"","","Pelargonium Sidoides 11% Ethanol Dried Extract (5.5∼6.6→1)(펠라고니움시도이데스11%에탄올건조엑스(5.5~6.6→1))",20200213
"투여기간주의","단일",D001305,"Pelargonium Sidoides 11% Ethanol Dried Extract (5.5∼6.6→1)","펠라고니움시도이데스11%에탄올건조엑스(5.5~6.6→1)","","필름코팅정",201502677,"올카민정(펠라고니움시도이데스11%에탄올건조엑스(5.5~6.6→1))",20150430,"한국프라임제약(주)","적갈색의 원형 필름코팅정",02290,"기타의 호흡기관용약","전문의약품","[M267961]펠라고니움시도이데스11%에탄올건조엑스(5.5~6.6→1)",20190621,"","","Pelargonium Sidoides 11% Ethanol Dried Extract (5.5∼6.6→1)(펠라고니움시도이데스11%에탄올건조엑스(5.5~6.6→1))",20191126
"투여기간주의","단일",D001305,"Pelargonium Sidoides 11% Ethanol Dried Extract (5.5∼6.6→1)","펠라고니움시도이데스11%에탄올건조엑스(5.5~6.6→1)","","필름코팅정",201502678,"펠라곤정(펠라고니움시도이데스11%에탄올건조엑스(5.5~6.6→1))",20150430,"동국제약(주)","적갈색의 원형 필름코팅정",02290,"기타의 호흡기관용약","전문의약품","[M267961]펠라고니움시도이데스11%에탄올건조엑스(5.5~6.6→1)",20190621,"","","Pelargonium Sidoides 11% Ethanol Dried Extract (5.5∼6.6→1)(펠라고니움시도이데스11%에탄올건조엑스(5.5~6.6→1))",20210405
"투여기간주의","단일",D001305,"Pelargonium Sidoides 11% Ethanol Dried Extract (5.5∼6.6→1)","펠라고니움시도이데스11%에탄올건조엑스(5.5~6.6→1)","","필름코팅정",201502679,"움카세린정(펠라고니움시도이데스11%에탄올건조엑스(5.5∼6.6→1))",20150430,"한국휴텍스제약(주)","적갈색의 원형 필름코팅정",02290,"기타의 호흡기관용약","전문의약품","[M267961]펠라고니움시도이데스11%에탄올건조엑스(5.5~6.6→1)",20190621,"","","Pelargonium Sidoides 11% Ethanol Dried Extract (5.5∼6.6→1)(펠라고니움시도이데스11%에탄올건조엑스(5.5~6.6→1))",20200326
"투여기간주의","단일",D001305,"Pelargonium Sidoides 11% Ethanol Dried Extract (5.5∼6.6→1)","펠라고니움시도이데스11%에탄올건조엑스(5.5~6.6→1)","","필름코팅정",201502683,"움카비정(펠라고니움시도이데스11%에탄올건조엑스(5.5~6.6→1))",20150430,"에이치엘비제약(주)","적갈색의 원형 필름코팅정",02290,"기타의 호흡기관용약","전문의약품","[M267961]펠라고니움시도이데스11%에탄올건조엑스(5.5~6.6→1)",20190621,"","","Pelargonium Sidoides 11% Ethanol Dried Extract (5.5∼6.6→1)(펠라고니움시도이데스11%에탄올건조엑스(5.5~6.6→1))",20210810
"투여기간주의","단일",D001035,Linezolid,"리네졸리드","","필름코팅정",201505151,"리네졸린정300밀리그램(리네졸리드)",20150729,"영진약품(주)","흰색의 볼록한 타원형의 필름코팅정",06110,"주로 그람양성균에 작용하는 것","전문의약품","[M093034]리네졸리드",20211119,"","","Linezolid(리네졸리드)",20210109
"투여기간주의","단일",D001305,"Pelargonium Sidoides 11% Ethanol Dried Extract (5.5∼6.6→1)","펠라고니움시도이데스11%에탄올건조엑스(5.5~6.6→1)","","필름코팅정",201506835,"움카맥스정(펠라고니움시도이데스11%에탄올건조엑스(5.5~6.6→1))",20150930,"(주)테라젠이텍스","적갈색의 원형 필름코팅정",02290,"기타의 호흡기관용약","전문의약품","[M267961]펠라고니움시도이데스11%에탄올건조엑스(5.5~6.6→1)",20190621,"","","Pelargonium Sidoides 11% Ethanol Dried Extract (5.5∼6.6→1)(펠라고니움시도이데스11%에탄올건조엑스(5.5~6.6→1))",20200331
"투여기간주의","단일",D001305,"Pelargonium Sidoides 11% Ethanol Dried Extract (5.5∼6.6→1)","펠라고니움시도이데스11%에탄올건조엑스(5.5~6.6→1)","","필름코팅정",201506851,"무가린정(펠라고니움시도이데스11%에탄올건조엑스(5.5~6.6→1))",20150930,"(주)대웅제약","적갈색의 원형 필름코팅정",02290,"기타의 호흡기관용약","전문의약품","[M267961]펠라고니움시도이데스11%에탄올건조엑스(5.5~6.6→1)",20190621,"","","Pelargonium Sidoides 11% Ethanol Dried Extract (5.5∼6.6→1)(펠라고니움시도이데스11%에탄올건조엑스(5.5~6.6→1))",20200203
"투여기간주의","단일",D001310,Prednicarbate,"프레드니카르베이트","","피부로션제",201507376,"프레디원로션0.25%(프레드니카르베이트)",20151026,"주식회사더유제약","흰색의 로션제",02640,"진통.진양.수렴.소염제","전문의약품","[M084063]프레드니카르베이트",20190621,"","","Prednicarbate(프레드니카르베이트)",20210207
"투여기간주의","단일",D001310,Prednicarbate,"프레드니카르베이트","","피부액제",201507461,"프레브이액(프레드니카르베이트)",20151029,"(주)티디에스팜","불투명한 흰색 플라스틱 용기에 든 무색 혹은 연한 노란색의 맑고 투명한 액",02640,"진통.진양.수렴.소염제","전문의약품","[M084063]프레드니카르베이트",20190621,"","","Prednicarbate(프레드니카르베이트)",20220331
"투여기간주의","단일",D001305,"Pelargonium Sidoides 11% Ethanol Dried Extract (5.5∼6.6→1)","펠라고니움시도이데스11%에탄올건조엑스(5.5~6.6→1)","","필름코팅정",201507470,"뮤카민정(펠라고니움시도이데스11%에탄올건조엑스(5.5~6.6→1))",20151030,"(주)메디카코리아","적갈색의 원형 필름코팅정",02290,"기타의 호흡기관용약","전문의약품","[M267961]펠라고니움시도이데스11%에탄올건조엑스(5.5~6.6→1)",20190621,"","","Pelargonium Sidoides 11% Ethanol Dried Extract (5.5∼6.6→1)(펠라고니움시도이데스11%에탄올건조엑스(5.5~6.6→1))",20190829
"투여기간주의","단일",D001305,"Pelargonium Sidoides 11% Ethanol Dried Extract (5.5∼6.6→1)","펠라고니움시도이데스11%에탄올건조엑스(5.5∼6.6→1)","","필름코팅정",201507527,"움카에이정(펠라고니움시도이데스11%에탄올건조엑스(5.5~6.6→1))",20151102,"알리코제약(주)","적갈색의 원형 필름코팅정",02290,"기타의 호흡기관용약","전문의약품","[M269642]펠라고니움시도이데스11%에탄올건조엑스(5.5∼6.6→1)",20190621,"","","Pelargonium Sidoides 11% Ethanol Dried Extract (5.5∼6.6→1)(펠라고니움시도이데스11%에탄올건조엑스(5.5∼6.6→1))",20180709
"투여기간주의","단일",D001310,Prednicarbate,"프레드니카르베이트","","피부액제",201600502,"프레칼액0.25%(프레드니카르베이트)",20160126,"성원애드콕제약(주)","불투명한 흰색 플라스틱 용기에 든 무색 혹은 연한 노란색의 맑고 투명한 액",02640,"진통.진양.수렴.소염제","전문의약품","[M084063]프레드니카르베이트",20190621,"","","Prednicarbate(프레드니카르베이트)",20220331
"투여기간주의","단일",D000506,"Diclofenac Beta-Dimethylaminoethanol","디클로페낙β-디메틸아미노에탄올","","용액주사제",201604657,"오스타렌에프주(디클로페낙β-디메틸아미노에탄올)",20160728,"(주)오스코리아제약","무색～미황색의 투명한 액이 들어있는 갈색의 앰플주사제",01140,"해열.진통.소염제","전문의약품","[M252249]디클로페낙β-디메틸아미노에탄올",20150507,"","","Diclofenac Beta-Dimethylaminoethanol(디클로페낙β-디메틸아미노에탄올)",20250415
"투여기간주의","단일",D000506,"Diclofenac Sodium","디클로페낙나트륨","","용액주사제",201604658,"오스타렌주(디클로페낙나트륨)",20160728,"(주)오스코리아제약","무색투명한 액이 들어있는 갈색의 앰플",01140,"해열.진통.소염제","전문의약품","[M050288]디클로페낙나트륨",20150507,"","","Diclofenac Sodium(디클로페낙나트륨)",20250415
"투여기간주의","단일",D000506,"Diclofenac Sodium","디클로페낙나트륨","","용액주사제",201606539,"세로페낙주(디클로페낙나트륨)",20161108,"(주)화이트생명과학","무색투명한 액이 들어있는 갈색의 앰플",01140,"해열.진통.소염제","전문의약품","[M050288]디클로페낙나트륨",20150507,"","","Diclofenac Sodium(디클로페낙나트륨)",20250415
"투여기간주의","단일",D000506,"Diclofenac Sodium","디클로페낙나트륨","","용액주사제",201606827,"글로페낙주(디클로페낙나트륨)",20161130,"(주)킵스바이오파마","무색투명한 액이 들어있는 갈색의 앰플",01140,"해열.진통.소염제","전문의약품","[M050288]디클로페낙나트륨",20150507,"","","Diclofenac Sodium(디클로페낙나트륨)",20250415
"투여기간주의","단일",D001305,"Pelargonium Sidoides 11% Ethanol Dried Extract (5.5∼6.6→1)","펠라고니움시도이데스11%에탄올건조엑스(5.5~6.6→1)","","필름코팅정",201700100,"움카바정(펠라고니움시도이데스11%에탄올건조엑스(5.5∼6.6→1))",20170104,"(주)킵스바이오파마","적갈색의 원형 필름코팅정",02290,"기타의 호흡기관용약","전문의약품","[M267961]펠라고니움시도이데스11%에탄올건조엑스(5.5~6.6→1)",20190621,"","","Pelargonium Sidoides 11% Ethanol Dried Extract (5.5∼6.6→1)(펠라고니움시도이데스11%에탄올건조엑스(5.5~6.6→1))",20191202
"투여기간주의","단일",D000274,"Ketorolac Tromethamine","케토롤락트로메타민","","용액주사제",201700525,"케라신주(케토롤락트로메타민)",20170131,"삼진제약(주)","엷은 황색의 투명한 액체가 든 갈색 앰플 주사제",01140,"해열.진통.소염제","전문의약품","[M084703]케토롤락트로메타민",20150507,"","","Ketorolac Tromethamine(케토롤락트로메타민)",20240522
"투여기간주의","단일",D001305,"Pelargonium Sidoides 11% Ethanol Dried Extract (5.5∼6.6→1)","펠라고니움시도이데스11%에탄올건조엑스(5.5~6.6→1)","","필름코팅정",201704753,"브로카민정(펠라고니움시도이데스11%에탄올건조엑스(5.5~6.6→1))",20170623,"아주약품(주)","적갈색의 원형 필름코팅정",02290,"기타의 호흡기관용약","전문의약품","[M267961]펠라고니움시도이데스11%에탄올건조엑스(5.5~6.6→1)",20190621,"","","Pelargonium Sidoides 11% Ethanol Dried Extract (5.5∼6.6→1)(펠라고니움시도이데스11%에탄올건조엑스(5.5~6.6→1))",20191125
"투여기간주의","단일",D001310,Prednicarbate,"프레드니카르베이트","","피부크림제",201705784,"프레아크림(프레드니카르베이트)",20170720,"성원애드콕제약(주)","흰색의 크림제",02640,"진통.진양.수렴.소염제","전문의약품","[M084063]프레드니카르베이트",20190621,"","","Prednicarbate(프레드니카르베이트)",20210207
"투여기간주의","단일",D001310,Prednicarbate,"프레드니카르베이트","","피부액제",201706579,"프레드나액0.25%(프레드니카르베이트)",20170814,"주식회사제뉴원사이언스","불투명한 흰색 플라스틱 용기에 든 무색 혹은 연한 노란색의 맑고 투명한 액",02640,"진통.진양.수렴.소염제","전문의약품","[M084063]프레드니카르베이트",20190621,"","","Prednicarbate(프레드니카르베이트)",20220331
"투여기간주의","복합",D000448,"Pseudoephedrine Hydrochloride","슈도에페드린염산염","[D000903]Levocetirizine(레보세티리진)","필름코팅정",201706798,"코슈엘정",20170823,"코오롱제약(주)","흰색의 장방형 필름코팅정",01410,"항히스타민제","전문의약품","[M244596]레보세티리진염산염/[M203364]슈도에페드린염산염",20191111,"","","Pseudoephedrine Hydrochloride(슈도에페드린염산염)",20250102
"투여기간주의","단일",D001310,Prednicarbate,"프레드니카르베이트","","피부액제",201707213,"프레드액0.25%(프레드니카르베이트)",20170922,"(주)옵투스제약","불투명한 흰색 플라스틱 용기에 든 무색 혹은 연한 노란색의 맑고 투명한 액",02640,"진통.진양.수렴.소염제","전문의약품","[M084063]프레드니카르베이트",20190621,"","","Prednicarbate(프레드니카르베이트)",20220331
"투여기간주의","단일",D001305,"Pelargonium Sidoides 11% Ethanol Dried Extract (5.5∼6.6→1)","펠라고니움시도이데스11%에탄올건조엑스(5.5~6.6→1)","","필름코팅정",201707606,"셀카민정(펠라고니움시도이데스11%에탄올건조엑스(5.5~6.6→1))",20171025,"(주)셀트리온제약","적갈색의 원형 필름코팅정",02290,"기타의 호흡기관용약","전문의약품","[M267961]펠라고니움시도이데스11%에탄올건조엑스(5.5~6.6→1)",20190621,"","","Pelargonium Sidoides 11% Ethanol Dried Extract (5.5∼6.6→1)(펠라고니움시도이데스11%에탄올건조엑스(5.5~6.6→1))",20210329
"투여기간주의","단일",D000506,"Diclofenac Sodium","디클로페낙나트륨","","용액주사제",201707880,"경동디클로페낙주(디클로페낙나트륨)(수출용)",20171113,"경동제약(주)","무색투명한 액이 들어있는 갈색의 앰플",01140,"해열.진통.소염제","전문의약품","[M050288]디클로페낙나트륨",20150507,"","","Diclofenac Sodium(디클로페낙나트륨)",20230819
"투여기간주의","복합",D001652,"Octenidine Hydrochloride","옥테니딘염산염","[D001540]Phenoxyethanol(페녹시에탄올)","피부액제",201801854,"옥테니셉트액",20180430,"(주)한국유니팜","투명한 또는 거의 투명한 무색의 냄새가 없는 용액이다.",02610,"외피용살균소독제","일반의약품","[M277236]옥테니딘염산염/[M201905]페녹시에탄올",20231108,"","","Octenidine Hydrochloride(옥테니딘염산염)",20250520
"투여기간주의","단일",D001305,"Pelargonium Sidoides 11% Ethanol Dried Extract (5.5∼6.6→1)","펠라고니움시도이데스11%에탄올건조엑스(5.5~6.6→1)","","필름코팅정",201900093,"칼로민에스정(펠라고니움시도이데스11%에탄올건조엑스(5.5~6.6→1))",20190109,"한국유나이티드제약(주)","짙은 갈색의 원형 필름코팅 정제",02290,"기타의 호흡기관용약","전문의약품","[M267961]펠라고니움시도이데스11%에탄올건조엑스(5.5~6.6→1)",20190621,"","","Pelargonium Sidoides 11% Ethanol Dried Extract (5.5∼6.6→1)(펠라고니움시도이데스11%에탄올건조엑스(5.5~6.6→1))",20190123
"투여기간주의","단일",D001554,Racecadotril,"라세카도트릴","","경질캡슐제, 산제",201900291,"하이드라섹캡슐100mg(라세카도트릴)",20190121,"한국애보트(유)","흰색의 분말이 충진된 상하부 미황색의 경질캡슐제",02370,"정장제","전문의약품","[M090882]라세카도트릴",20220527,"","주성분 함량 10mg, 30mg, 100mg, 캡슐제, 산제","Racecadotril(라세카도트릴)",20190201
"투여기간주의","단일",D001305,"Pelargonium Sidoides 11% Ethanol Dried Extract (5.5∼6.6→1)","펠라고니움시도이데스11%에탄올건조엑스(5.5~6.6→1)","","필름코팅정",201901907,"펠라고닌정(펠라고니움시도이데스11%에탄올건조엑스(5.5~6.6→1)(수출용)",20190328,"이연제약(주)","적갈색 원형의 필름코팅정",02290,"기타의 호흡기관용약","전문의약품","[M267961]펠라고니움시도이데스11%에탄올건조엑스(5.5~6.6→1)",20190621,"","","Pelargonium Sidoides 11% Ethanol Dried Extract (5.5∼6.6→1)(펠라고니움시도이데스11%에탄올건조엑스(5.5~6.6→1))",20200713
"투여기간주의","단일",D000479,"Clobetasol Propionate","클로베타솔프로피오네이트","","피부현탁액제",201902558,"제이클로벨액(클로베타솔프로피오네이트)",20190424,"(주)라이트팜텍","전질균등한 투명한 액제",02640,"진통.진양.수렴.소염제","전문의약품","[M223224]클로베타솔프로피오네이트",20190621,"","","Clobetasol Propionate(클로베타솔프로피오네이트)",20220129
"투여기간주의","단일",D001309,Desoximetasone,"데속시메타손","","피부용겔제",201903187,"제이데속시겔0.05%(데속시메타손)",20190516,"(주)라이트팜텍","흰색의 겔제",02640,"진통.진양.수렴.소염제","전문의약품","[M050197]데속시메타손",20190621,"","","Desoximetasone(데속시메타손)",20191121
"투여기간주의","단일",D000479,"Clobetasol Propionate","클로베타솔프로피오네이트","","피부현탁액제",201905648,"듀오피엔액(클로베타솔프로피오네이트)",20190812,"주식회사더유제약","무색의 투명한 액제",02640,"진통.진양.수렴.소염제","전문의약품","[M223224]클로베타솔프로피오네이트",20190621,"","","Clobetasol Propionate(클로베타솔프로피오네이트)",20220129
"투여기간주의","단일",D001310,Prednicarbate,"프레드니카르베이트","","피부로션제",201905652,"제이프레드로션0.25%(프레드니카르베이트)",20190812,"(주)라이트팜텍","흰색의 로션제",02640,"진통.진양.수렴.소염제","전문의약품","[M084063]프레드니카르베이트",20190621,"","","Prednicarbate(프레드니카르베이트)",20210207
"투여기간주의","단일",D001305,"Pelargonium Sidoides 11% Ethanol Dried Extract (5.5∼6.6→1)","펠라고니움시도이데스11%에탄올건조엑스(5.5~6.6→1)","","필름코팅정",201907156,"브론벤트정(펠라고니움시도이데스11%에탄올건조엑스(5.5~6.6→1))",20191010,"주식회사케이에스제약","적갈색의 원형 필름코팅정",02290,"기타의 호흡기관용약","전문의약품","[M267961]펠라고니움시도이데스11%에탄올건조엑스(5.5~6.6→1)",20190621,"","","Pelargonium Sidoides 11% Ethanol Dried Extract (5.5∼6.6→1)(펠라고니움시도이데스11%에탄올건조엑스(5.5~6.6→1))",20191230
"투여기간주의","단일",D000274,"Ketorolac Tromethamine","케토롤락트로메타민염","","용액주사제",201907574,"유니온케토롤락주(케토롤락트로메타민염)",20191030,"한국유니온제약(주)","연한 노란색의 투명한 액체가 든 갈색앰플 주사제",01140,"해열.진통.소염제","전문의약품","[M222885]케토롤락트로메타민염",20150507,"","","Ketorolac Tromethamine(케토롤락트로메타민염)",20240522
"투여기간주의","단일",D001310,Prednicarbate,"프레드니카르베이트","","피부액제",201908134,"프레베이액0.25%(프레드니카르베이트)",20191128,"주식회사더유제약","불투명한 흰색 플라스틱 용기에 든 무색 혹은 연한 노란색의 맑고 투명한 액",02640,"진통.진양.수렴.소염제","전문의약품","[M084063]프레드니카르베이트",20190621,"","","Prednicarbate(프레드니카르베이트)",20220331
"투여기간주의","단일",D001300,Bisacodyl,"비사코딜","","관장제",202005180,"퍼슨비사코딜액",20200720,"(주)퍼슨","미백색의 반투명한 점성이 있는 액제",02380,"하제, 완장제","일반의약품","[M050687]비사코딜",20231108,"","","Bisacodyl(비사코딜)",20220521
"투여기간주의","단일",D001538,Remdesivir,"렘데시비르","","용액용동결건조분말주사제",202005381,"베클루리주정맥주사용동결건조분말(렘데시비르)",20200724,"길리어드사이언스코리아(유)","흰색 내지 미백색 내지 황색의 동결건조분말이 투명한 유리바이알에 든 주사제",06290,"기타의 화학요법제","전문의약품","[M279177]렘데시비르",20210715,"","","Remdesivir(렘데시비르)",20230905
"투여기간주의","단일",D000506,"Diclofenac Sodium","디클로페낙나트륨","","장용성필름코팅정",202106009,"디낙스정50밀리그램 (디클로페낙나트륨)",20210818,"지엘파마(주)","흰색 내지 미황색의 원형 장용코팅정",01140,"해열.진통.소염제","전문의약품","[M050288]디클로페낙나트륨",20150507,"","","Diclofenac Sodium(디클로페낙나트륨)",20260220
"투여기간주의","단일",D000592,Triazolam,"트리아졸람","","나정",198902794,"트리람정0.25밀리그램(트리아졸람)",19890329,"환인제약(주)","담청색의 타원형 정제",01120,"최면진정제","전문의약품","[M088380]트리아졸람",20100511,"","","Triazolam(트리아졸람)",""
"투여기간주의","단일",D000592,Triazolam,"트리아졸람","","나정",198902801,"졸민정0.125밀리그램(트리아졸람)",19890410,"명인제약(주)","보라색의 타원형 정제",01120,"최면진정제","전문의약품","[M088380]트리아졸람",20100511,"","","Triazolam(트리아졸람)",""
"투여기간주의","단일",D000592,Triazolam,"트리아졸람","","나정",198902802,"졸민정0.25밀리그램(트리아졸람)",19890410,"명인제약(주)","파란색의 타원형 정제",01120,"최면진정제","전문의약품","[M088380]트리아졸람",20100511,"","","Triazolam(트리아졸람)",""
"투여기간주의","단일",D000592,Triazolam,"트리아졸람","","나정",201605409,"트리람정0.125밀리그램(트리아졸람)",20160905,"환인제약(주)","흰색의 타원형 정제",01120,"최면진정제","전문의약품","[M088380]트리아졸람",20100511,"","","Triazolam(트리아졸람)",""
"투여기간주의","단일",D000271,"Zolpidem Tartrate","졸피뎀타르타르산염","","필름코팅정",200410861,"졸피드정10밀리그램(졸피뎀타르타르산염)",20061019,"한미약품(주)","흰색의 장방형 필름코팅정",01120,"최면진정제","전문의약품","[M239566]졸피뎀타르타르산염",20141230,"","","Zolpidem Tartrate(졸피뎀타르타르산염)",""
"투여기간주의","단일",D000271,"Zolpidem Tartrate","졸피뎀타르타르산염","","필름코팅정",200512142,"졸피람정10밀리그램(졸피뎀타르타르산염)",20050408,"환인제약(주)","백색 장방형의 필름코팅정",01120,"최면진정제","전문의약품","[M239566]졸피뎀타르타르산염",20141230,"","","Zolpidem Tartrate(졸피뎀타르타르산염)",""
"투여기간주의","단일",D000271,"Zolpidem Tartrate","졸피뎀타르타르산염","","필름코팅정",200606261,"파마주석산졸피뎀정(졸피뎀타르타르산염)",20060608,"(주)한국파마","흰색의 장방형 필름코팅 정제",01120,"최면진정제","전문의약품","[M239566]졸피뎀타르타르산염",20141230,"","","Zolpidem Tartrate(졸피뎀타르타르산염)",""
"투여기간주의","단일",D000271,"Zolpidem Tartrate","졸피뎀타르타르산염","","필름코팅정",200606262,"졸피움정(졸피뎀타르타르산염)",20060620,"고려제약(주)","흰색 장방형의 필름코팅정제",01120,"최면진정제","전문의약품","[M239566]졸피뎀타르타르산염",20141230,"","","Zolpidem Tartrate(졸피뎀타르타르산염)",""
"투여기간주의","단일",D000271,"Zolpidem Tartrate","졸피뎀타르타르산염","","필름코팅정",200700634,"스틸녹스정10밀리그램(졸피뎀타르타르산염)",20070117,"(주)한독","백색 장방형의 필름코팅제",01120,"최면진정제","전문의약품","[M239566]졸피뎀타르타르산염",20141230,"","","Zolpidem Tartrate(졸피뎀타르타르산염)",""
"투여기간주의","단일",D000271,"Zolpidem Tartrate","주석산졸피뎀","","나정",200704597,"산도스졸피뎀정10mg(주석산졸피뎀)",20070419,"삼일제약(주)","흰색의 양면이 볼록하고 한면에 절단선이 있는 장방형 정제",01120,"최면진정제","전문의약품","[M088392]주석산졸피뎀",20141230,"","","Zolpidem Tartrate(주석산졸피뎀)",""
"투여기간주의","단일",D000271,"Zolpidem Tartrate","졸피뎀타르타르산염","","필름코팅정",200710013,"졸피신정10밀리그램(졸피뎀타르타르산염)",20070830,"명인제약(주)","백색 장방형 필름코팅정",01120,"최면진정제","전문의약품","[M239566]졸피뎀타르타르산염",20141230,"","","Zolpidem Tartrate(졸피뎀타르타르산염)",""
"투여기간주의","단일",D000271,"Zolpidem Tartrate","졸피뎀타르타르산염","","필름코팅정",201406022,"스틸렉스정10밀리그램(졸피뎀타르타르산염)",20141223,"명문제약(주)","흰색의 장방형 필름코팅 정제",01120,"최면진정제","전문의약품","[M239566]졸피뎀타르타르산염",20141230,"","","Zolpidem Tartrate(졸피뎀타르타르산염)",""
"투여기간주의","단일",D000271,"Zolpidem Tartrate","졸피뎀타르타르산염","","필름코팅정",201501813,"졸피드정5밀리그램(졸피뎀타르타르산염)",20150403,"한미약품(주)","분홍색의 장방형 필름코팅정",01120,"최면진정제","전문의약품","[M239566]졸피뎀타르타르산염",20141230,"","","Zolpidem Tartrate(졸피뎀타르타르산염)",""
"투여기간주의","단일",D000271,"Zolpidem Tartrate","졸피뎀타르타르산염","","필름코팅정",201606485,"졸피신정5밀리그램(졸피뎀타르타르산염)",20161104,"명인제약(주)","분홍색의 장방형 필름코팅정",01120,"최면진정제","전문의약품","[M239566]졸피뎀타르타르산염",20141230,"","","Zolpidem Tartrate(졸피뎀타르타르산염)",""
"투여기간주의","단일",D000271,"Zolpidem Tartrate","졸피뎀타르타르산염","","필름코팅정",201701569,"스립정10밀리그램(졸피뎀타르타르산염)",20170331,"유니메드제약(주)","흰색의 장방형 필름코팅정",01120,"최면진정제","전문의약품","[M239566]졸피뎀타르타르산염",20141230,"","","Zolpidem Tartrate(졸피뎀타르타르산염)",""
"투여기간주의","단일",D000271,"Zolpidem Tartrate","졸피뎀타르타르산염","","필름코팅정",201701570,"스립정5밀리그램(졸피뎀타르타르산염)",20170331,"유니메드제약(주)","보라색의 원형 필름코팅정",01120,"최면진정제","전문의약품","[M239566]졸피뎀타르타르산염",20141230,"","","Zolpidem Tartrate(졸피뎀타르타르산염)",""
"투여기간주의","단일",D000271,"Zolpidem Tartrate","졸피뎀타르타르산염","","필름코팅정",201800563,"졸피람정10밀리그램(졸피뎀타르타르산염)(Zolpiram Tablet 10mg)",20180130,"환인제약(주)","백색 장방형의 필름코팅정",01120,"최면진정제","전문의약품","[M239566]졸피뎀타르타르산염",20141230,"","","Zolpidem Tartrate(졸피뎀타르타르산염)",""
"투여기간주의","단일",D000271,"Zolpidem Tartrate","졸피뎀타르타르산염","","필름코팅정",202402908,"졸피원정10밀리그램(졸피뎀타르타르산염)",20241210,"하나제약(주)","흰색의 장방형 필름코팅정",01120,"최면진정제","전문의약품","[M239566]졸피뎀타르타르산염",20141230,"","","Zolpidem Tartrate(졸피뎀타르타르산염)",""
"투여기간주의","단일",D000274,"Ketorolac Tromethamine","케토롤락트로메타민","","필름코팅정",201102310,"케롤민정20밀리그람(케토롤락트로메타민)(수출용)",20110415,"한국코러스(주)","흰색의 원형필름코팅정제",01140,"해열.진통.소염제","전문의약품","[M084703]케토롤락트로메타민",20150507,"","","Ketorolac Tromethamine(케토롤락트로메타민)",""
"투여기간주의","단일",D000274,"Ketorolac Tromethamine","케토롤락트로메타민","","용액주사제",201201370,"케롤민주(케토롤락트로메타민)(수출용)",20120305,"한국코러스(주)","엷은 황색의 투명 액체가 든 갈색 앰플 주사",01140,"해열.진통.소염제","전문의약품","[M084703]케토롤락트로메타민",20150507,"","","Ketorolac Tromethamine(케토롤락트로메타민)",""
"투여기간주의","단일",D001091,"Oxymetazoline Hydrochloride","옥시메타졸린염산염","","일반액상분무제",202500475,"옥실리프나잘스프레이 0.05%w/v(옥시메타졸린염산염)(수출용)",20250304,"조아제약(주)","무색 내지 연한 노란색의 투명한 액",01320,"이비과용제","일반의약품","[M223162]옥시메타졸린염산염",20180831,"","","Oxymetazoline Hydrochloride(옥시메타졸린염산염)",""
"투여기간주의","단일",D001068,Propofol,"프로포폴","","유화주사제",201100954,"프레조폴엠시티2%주(프로포폴)(바이알)",20110225,"프레지니우스카비코리아(주)","무색투명한 바이알에 들어있는 백색의 균질한 유화액",01110,"전신마취제","전문의약품","[M082350]프로포폴",20260609,"","","Propofol(프로포폴)",""
"투여기간주의","단일",D001068,Propofol,"프로포폴","","유화주사제",201100957,"프리폴-엠시티주(프로포폴)",20110225,"대원제약(주)","백색의 균질한 유화액이 들어있는 무색투명한 바이알제",01110,"전신마취제","전문의약품","[M082350]프로포폴",20260609,"","","Propofol(프로포폴)",""
"투여기간주의","단일",D001068,Propofol,"프로포폴","","유화주사제",201100958,"아네폴주사(프로포폴)(수출용)",20110225,"하나제약(주)","흰색의 전질균등한 유탁액이 무색투명한 앰플에 든 주사제",01110,"전신마취제","전문의약품","[M082350]프로포폴",20260609,"","","Propofol(프로포폴)",""
"투여기간주의","단일",D001068,Propofol,"프로포폴","","유화주사제",201100959,"아네폴주사(프로포폴)",20110225,"하나제약(주)","흰색의 전질균등한 유탁액이 무색투명한 앰플에 든 주사제",01110,"전신마취제","전문의약품","[M082350]프로포폴",20260609,"","","Propofol(프로포폴)",""
"투여기간주의","단일",D001068,Propofol,"프로포폴","","유화주사제",201100960,"포폴주사(프로포폴)(바이알)(수출용)",20110225,"동국제약(주)","흰색 또는 거의 흰색의 전질균등한 유탁액이든 무색투명한 바이알주사제",01110,"전신마취제","전문의약품","[M082350]프로포폴/[M082350]프로포폴",20260609,"","","Propofol(프로포폴)",""
"투여기간주의","단일",D001068,Propofol,"프로포폴","","유화주사제",201100961,"포폴주사(프로포폴)(바이알)",20110225,"동국제약(주)","흰색 또는 거의 흰색의 전질균등한 유탁액이든 무색투명한 바이알주사제",01110,"전신마취제","전문의약품","[M082350]프로포폴/[M082350]프로포폴/[M082350]프로포폴",20260609,"","","Propofol(프로포폴)",""
"투여기간주의","단일",D001068,Propofol,"프로포폴","","유화주사제",201100964,"포폴주사(프로포폴)(앰플)",20110225,"동국제약(주)","흰색 또는 거의 흰색의 전질균등한 유탁액이든 무색투명한 앰플주사제",01110,"전신마취제","전문의약품","[M082350]프로포폴/[M082350]프로포폴/[M082350]프로포폴",20260609,"","","Propofol(프로포폴)",""
"투여기간주의","단일",D001068,Propofol,"프로포폴","","유화주사제",201100965,"포폴주사(프로포폴)(앰플)(수출용)",20110225,"동국제약(주)","흰색 또는 거의 흰색의 전질균등한 유탁액이든 무색투명한 앰플주사제",01110,"전신마취제","전문의약품","[M082350]프로포폴/[M082350]프로포폴",20260609,"","","Propofol(프로포폴)",""
"투여기간주의","단일",D001068,Propofol,"프로포폴","","유화주사제",201100968,"포폴주사2%(프로포폴)(수출용)",20110225,"동국제약(주)","백색 또는 거의 백색의 전질 균등한 유탁액이 앰플 또는 바이알에 든 주사제",01110,"전신마취제","전문의약품","[M082350]프로포폴",20260609,"","","Propofol(프로포폴)",""
"투여기간주의","단일",D001068,Propofol,"프로포폴","","유화주사제",201100969,"포폴주사2%(프로포폴)(수출용)",20110225,"동국제약(주)","백색 또는 거의 백색의 전질 균등한 유탁액이 앰플 또는 바이알에 든 주사제",01110,"전신마취제","전문의약품","[M082350]프로포폴",20260609,"","","Propofol(프로포폴)",""
"투여기간주의","단일",D001068,Propofol,"프로포폴","","유화주사제",201101016,"비.브라운프로포폴-리푸로1%주(앰플)",20110228,"비브라운코리아(주)","무색투명한 앰플에 든 백색 내지 미백색의 전질 균등한 유탁액이 든 주사제",01110,"전신마취제","전문의약품","[M082350]프로포폴",20260609,"","","Propofol(프로포폴)",""
"투여기간주의","단일",D001068,Propofol,"프로포폴","","유화주사제",201101017,"비.브라운 프로포폴-리푸로1%주",20110228,"비브라운코리아(주)","무색투명한 바이알에 든 백색 내지 미백색의 전질 균등한 유탁액이 든 주사제",01110,"전신마취제","전문의약품","[M082350]프로포폴",20260609,"","","Propofol(프로포폴)",""
"투여기간주의","단일",D001068,Propofol,"프로포폴","","유화주사제",201101296,"프레조폴엠시티1%주(프로포폴)(바이알)",20110310,"프레지니우스카비코리아(주)","무색투명한 바이알에 들어있는 백색의 균질한 유화액",01110,"전신마취제","전문의약품","[M082350]프로포폴",20260609,"","","Propofol(프로포폴)",""
"투여기간주의","단일",D001068,Propofol,"프로포폴","","유화주사제",201101297,"프레조폴엠시티1%주(프로포폴)(앰플)",20110310,"프레지니우스카비코리아(주)","무색투명한 앰플에 들어있는 백색의 균질한 유화액",01110,"전신마취제","전문의약품","[M082350]프로포폴",20260609,"","","Propofol(프로포폴)",""
"투여기간주의","단일",D001068,Propofol,"프로포폴","","유화주사제",201406021,"프리폴-엠시티주(프로포폴)(수출용)",20141223,"대원제약(주)","백색의 균질한 유화액이 들어있는 무색투명한 바이알제",01110,"전신마취제","전문의약품","[M082350]프로포폴",20260609,"","","Propofol(프로포폴)",""
"투여기간주의","단일",D001068,Propofol,"프로포폴","","유화주사제",201500098,"프리폴-엠시티주2%(프로포폴)",20150109,"대원제약(주)","흰색의 균질한 유화액이 들어있는 무색투명한 바이알제",01110,"전신마취제","전문의약품","[M082350]프로포폴",20260609,"","","Propofol(프로포폴)",""
"투여기간주의","단일",D001068,Propofol,"프로포폴","","유화주사제",201601252,"프리폴-엠시티주2%(프로포폴)",20160302,"대원제약(주)","흰색의 균질한 유화액이 들어있는 무색투명한 바이알제",01110,"전신마취제","전문의약품","[M082350]프로포폴",20260609,"","","Propofol(프로포폴)",""
"투여기간주의","단일",D001068,Propofol,"프로포폴","","유화주사제",202106887,"프레조폴엠시티프리필드주1%(프로포폴)",20211013,"프레지니우스카비코리아(주)","흰색의 균질한 유화액이 투명 플라스틱 프리필드시린지에 충전되어 있는 주사제",01110,"전신마취제","전문의약품","[M082350]프로포폴",20260609,"","","Propofol(프로포폴)",""
"투여기간주의","단일",D001068,Propofol,"프로포폴","","유화주사제",202106888,"프레조폴엠시티프리필드주2%(프로포폴)",20211013,"프레지니우스카비코리아(주)","흰색의 균질한 유화액이 투명 플라스틱 프리필드시린지에 충전되어 있는 주사제",01110,"전신마취제","전문의약품","[M082350]프로포폴",20260609,"","","Propofol(프로포폴)",""
"투여기간주의","단일",D001300,Bisacodyl,"비사코딜","","장용성필름코팅정",200301884,"락시티브정(비사코딜)(수출용)(수출명:락사티브정)",20031113,"(주)바스칸바이오제약","황색의 원형 장용성 필름코팅정",02380,"하제, 완장제","일반의약품","[M050687]비사코딜",20231108,"","","Bisacodyl(비사코딜)",""
"투여기간주의","단일",D001301,Ciclopirox,"시클로피록스","","라카",201500632,"시클로원스네일라카(시클로피록스)",20150205,"주식회사제뉴원사이언스","브러쉬가 부착된 뚜껑이 있는 유리병안에 든 무색~엷은 황색의 투명한 액제",02650,"기생성 피부질환용제","일반의약품","[M085228]시클로피록스",20190621,"","","Ciclopirox(시클로피록스)",""
"투여기간주의","단일",D001301,Ciclopirox,"시클로피록스","","라카",201500686,"원케어네일라카(시클로피록스)",20150211,"신신제약(주)","브러쉬가 부착된 뚜껑이 있는 유리병안에 무색~엷은 황색의 투명한 액제",02650,"기생성 피부질환용제","일반의약품","[M085228]시클로피록스",20190621,"","","Ciclopirox(시클로피록스)",""
"투여기간주의","단일",D001301,Ciclopirox,"시클로피록스","","라카",201500858,"유한이지케어네일라카(시클로피록스)",20150216,"(주)유한양행","브러쉬가 부착된 뚜껑이 있는 유리병안에든 무색~엷은 황색의 투명한 액제",02650,"기생성 피부질환용제","일반의약품","[M085228]시클로피록스",20190621,"","","Ciclopirox(시클로피록스)",""
"투여기간주의","단일",D001301,Ciclopirox,"시클로피록스","","라카",201500859,"톱큐어네일라카(시클로피록스)",20150216,"신일제약(주)","브러쉬가 부착된 뚜껑이 있는 유리병안에 무색~엷은 황색의 투명한 액제",02650,"기생성 피부질환용제","일반의약품","[M085228]시클로피록스",20190621,"","","Ciclopirox(시클로피록스)",""
"투여기간주의","단일",D001301,Ciclopirox,"시클로피록스","","라카",201500860,"피엠네일라카(시클로피록스)",20150216,"경남제약(주)","브러쉬가 부착된 뚜껑이 있는 유리병안에 든 무색∼엷은 황색의 투명한 액제",02650,"기생성 피부질환용제","일반의약품","[M085228]시클로피록스",20190621,"","","Ciclopirox(시클로피록스)",""
"투여기간주의","단일",D001301,Ciclopirox,"시클로피록스","","라카",201501060,"바르지오네일라카(시클로피록스)",20150227,"동화약품(주)","브러쉬가 부착된 뚜껑이 있는 유리병 안에 무색~엷은 황색의 투명한 액제",02650,"기생성 피부질환용제","일반의약품","[M085228]시클로피록스",20190621,"","","Ciclopirox(시클로피록스)",""
"투여기간주의","단일",D001301,Ciclopirox,"시클로피록스","","라카",201501154,"와이드케어네일라카(시클로피록스)",20150306,"(주)제뉴파마","브러쉬가 부착된 뚜껑이 있는 유리병안에든 무색∼엷은 황색의 투명한 액제",02650,"기생성 피부질환용제","일반의약품","[M085228]시클로피록스",20190621,"","","Ciclopirox(시클로피록스)",""
"투여기간주의","단일",D001301,Ciclopirox,"시클로피록스","","라카",201501213,"바렌굿네일라카(시클로피록스)",20150306,"(주)대웅제약","브러쉬가 부착된 뚜껑이 있는 유리병안에든 무색~엷은 황색의 투명한 액제",02650,"기생성 피부질환용제","일반의약품","[M085228]시클로피록스",20190621,"","","Ciclopirox(시클로피록스)",""
"투여기간주의","단일",D001301,Ciclopirox,"시클로피록스","","라카",201505910,"네일스타네일라카(시클로피록스)",20150824,"부광약품(주)","브러쉬가 부착된 뚜껑이 있는 유리병안에든 무색~엷은 황색의 투명한 액제",02650,"기생성 피부질환용제","일반의약품","[M085228]시클로피록스",20190621,"","","Ciclopirox(시클로피록스)",""
"투여기간주의","단일",D001301,Ciclopirox,"시클로피록스","","라카",201800145,"무조날에스네일라카(시클로피록스)",20180110,"한미약품(주)","브러쉬가 부착된 뚜껑이 있는 유리병 안에 든 무색∼연한 노란색의 투명한 액제",02650,"기생성 피부질환용제","일반의약품","[M085228]시클로피록스",20190621,"","","Ciclopirox(시클로피록스)",""
"투여기간주의","단일",D001301,Ciclopirox,"시클로피록스","","라카",202105619,"제로무네일라카(시클로피록스)",20210729,"(주)한국파마","브러쉬가 부착된 뚜껑이 있는 유리병 안에 무색~엷은 황색의 투명한 액제",02650,"기생성 피부질환용제","일반의약품","[M085228]시클로피록스",20190621,"","","Ciclopirox(시클로피록스)",""
"투여기간주의","단일",D001301,Ciclopirox,"시클로피록스","","라카",202106262,"바르핀케어네일라카(시클로피록스)",20210831,"동성제약(주)","브러쉬가 부착된 뚜껑이 있는 유리병 안에 무색~엷은 황색의 투명한 액제",02650,"기생성 피부질환용제","일반의약품","[M085228]시클로피록스",20190621,"","","Ciclopirox(시클로피록스)",""
"투여기간주의","단일",D001301,Ciclopirox,"시클로피록스","","라카",202301713,"티지풀큐어네일라카(시클로피록스)",20230531,"태극제약(주)","브러쉬가 부착된 뚜껑이 있는 유리병안에 든 무색~엷은 황색의 투명한 액제",02650,"기생성 피부질환용제","일반의약품","[M085228]시클로피록스",20190621,"","","Ciclopirox(시클로피록스)",""
"투여기간주의","단일",D001301,Ciclopirox,"시클로피록스","","라카",202400541,"일양케어네일라카(시클로피록스)",20240314,"일양약품(주)","브러쉬가 부착된 뚜껑이 있는 유리병 안에 무색~엷은 황색의 투명한 액제",02650,"기생성 피부질환용제","일반의약품","[M085228]시클로피록스",20190621,"","","Ciclopirox(시클로피록스)",""
"투여기간주의","단일",D001301,Ciclopirox,"시클로피록스","","라카",202500819,"바렌톡네일라카(시클로피록스)",20250407,"광동제약(주)","브러쉬가 부착된 뚜껑이 있는 유리병 안에 무색~엷은 황색의 투명한 액제",02650,"기생성 피부질환용제","일반의약품","[M085228]시클로피록스",20190621,"","","Ciclopirox(시클로피록스)",""
"투여기간주의","단일",D001305,"Pelargonium Sidoides 11% Ethanol Extract (1→8~10)","펠라고니움시도이데스11%에탄올추출물(1→8~10)","","필름코팅정",201404559,"칼로민정(펠라고니움시도이데스11%에탄올추출물(1→8∼10))",20141002,"한국유나이티드제약(주)","짙은 갈색의 원형 필름코팅정",02290,"기타의 호흡기관용약","전문의약품","[M261980]펠라고니움시도이데스11%에탄올추출물(1→8~10)",20190621,"","","Pelargonium Sidoides 11% Ethanol Extract (1→8~10)(펠라고니움시도이데스11%에탄올추출물(1→8~10))",""
"투여기간주의","단일",D001305,"Pelargonium Sidoides 11% Ethanol Extract (1→8~10)·Glycerin Mixed Solution (8:2)","펠라고니움시도이데스11%에탄올추출물(1→8~10)·글리세린혼합액(8:2)","","액상시럽제",201500228,"비알펠카민시럽(펠라고니움시도이데스11%에탄올추출물(1→8∼10)·글리세린혼합액(8:2))",20150116,"(주)보령바이오파마","불투명한 백색병에 든 체리향이 첨가된 황갈색 내지 엷은 갈색의 시럽제이다.",02290,"기타의 호흡기관용약","전문의약품","[M253732]펠라고니움시도이데스11%에탄올추출물(1→8~10)·글리세린혼합액(8:2)",20190621,"","","Pelargonium Sidoides 11% Ethanol Extract (1→8~10)·Glycerin Mixed Solution (8:2)(펠라고니움시도이데스11%에탄올추출물(1→8~10)·글리세린혼합액(8:2))",""
"투여기간주의","단일",D001305,"Pelargonium Sidoides 11% Ethanol Dried Extract (5.5∼6.6→1)","펠라고니움시도이데스11%에탄올건조엑스(5.5~6.6→1)","","필름코팅정",201502606,"펠리움정(펠라고니움시도이데스11%에탄올건조엑스(5.5~6.6→1))",20150430,"주식회사제뉴원사이언스","적갈색의 원형 필름코팅정",02290,"기타의 호흡기관용약","전문의약품","[M267961]펠라고니움시도이데스11%에탄올건조엑스(5.5~6.6→1)",20190621,"","","Pelargonium Sidoides 11% Ethanol Dried Extract (5.5∼6.6→1)(펠라고니움시도이데스11%에탄올건조엑스(5.5~6.6→1))",""
"투여기간주의","단일",D001305,"Pelargonium Sidoides 11% Ethanol Dried Extract (5.5∼6.6→1)","펠라고니움시도이데스11%에탄올건조엑스(5.5∼6.6→1)","","필름코팅정",201506845,"브론카민정(펠라고니움시도이데스11%에탄올건조엑스(5.5~6.6→1))",20150930,"고려제약(주)","적갈색의 원형 필름코팅정제",02290,"기타의 호흡기관용약","전문의약품","[M269642]펠라고니움시도이데스11%에탄올건조엑스(5.5∼6.6→1)",20190621,"","","Pelargonium Sidoides 11% Ethanol Dried Extract (5.5∼6.6→1)(펠라고니움시도이데스11%에탄올건조엑스(5.5∼6.6→1))",""
"투여기간주의","단일",D001305,"Pelargonium Sidoides 11% Ethanol Dried Extract (5.5∼6.6→1)","펠라고니움시도이데스11%에탄올건조엑스(5.5~6.6→1)","","필름코팅정",201507230,"페라콜정(펠라고니움시도이데스11%에탄올건조엑스(5.5~6.6→1))",20151019,"대우제약(주)","적갈색의 원형 필름코팅정",02290,"기타의 호흡기관용약","전문의약품","[M267961]펠라고니움시도이데스11%에탄올건조엑스(5.5~6.6→1)",20190621,"","","Pelargonium Sidoides 11% Ethanol Dried Extract (5.5∼6.6→1)(펠라고니움시도이데스11%에탄올건조엑스(5.5~6.6→1))",""
"투여기간주의","단일",D001305,"Pelargonium Sidoides 11% Ethanol Dried Extract (5.5∼6.6→1)","펠라고니움시도이데스11%에탄올건조엑스(5.5~6.6→1)","","필름코팅정",201604507,"페로민정(펠라고니움시도이데스11%에탄올건조엑스(5.5~6.6→1))",20160721,"하나제약(주)","적갈색의 원형 필름코팅정",02290,"기타의 호흡기관용약","전문의약품","[M267961]펠라고니움시도이데스11%에탄올건조엑스(5.5~6.6→1)",20190621,"","","Pelargonium Sidoides 11% Ethanol Dried Extract (5.5∼6.6→1)(펠라고니움시도이데스11%에탄올건조엑스(5.5~6.6→1))",""
"투여기간주의","단일",D001305,"Pelargonium Sidoides 11% Ethanol Dried Extract (5.5∼6.6→1)","펠라고니움시도이데스11%에탄올건조엑스(5.5~6.6→1)","","필름코팅정",201604762,"움스판정(펠라고니움시도이데스11%에탄올건조엑스(5.5~6.6→1))",20160803,"(주)제뉴파마","적갈색의 원형 필름코팅정",02290,"기타의 호흡기관용약","전문의약품","[M267961]펠라고니움시도이데스11%에탄올건조엑스(5.5~6.6→1)",20190621,"","","Pelargonium Sidoides 11% Ethanol Dried Extract (5.5∼6.6→1)(펠라고니움시도이데스11%에탄올건조엑스(5.5~6.6→1))",""
"투여기간주의","단일",D001305,"Pelargonium Sidoides 11% Ethanol Extract (1→8~10)","펠라고니움시도이데스 11%에탄올 추출물(1->8~10)","","필름코팅정",201800087,"펠리시움정(펠라고니움시도이데스11%에탄올추출물(1→8~10)(수출용)",20180108,"한국코러스(주)","적갈색의 원형 필름코팅정",02290,"기타의 호흡기관용약","전문의약품","[M262168]펠라고니움시도이데스 11%에탄올 추출물(1->8~10)",20190621,"","","Pelargonium Sidoides 11% Ethanol Extract (1→8~10)(펠라고니움시도이데스 11%에탄올 추출물(1->8~10))",""
"투여기간주의","단일",D001305,"Pelargonium Sidoides 11% Ethanol Dried Extract (5.5∼6.6→1)","펠라고니움시도이데스11%에탄올건조엑스(5.5~6.6→1)","","필름코팅정",201805374,"젠카민정(펠라고니움시도이데스11%에탄올건조엑스(5.5~6.6→1))",20181231,"정우신약(주)","진한 적갈색의 원형 필름코팅 정제",02290,"기타의 호흡기관용약","전문의약품","[M267961]펠라고니움시도이데스11%에탄올건조엑스(5.5~6.6→1)",20190621,"","","Pelargonium Sidoides 11% Ethanol Dried Extract (5.5∼6.6→1)(펠라고니움시도이데스11%에탄올건조엑스(5.5~6.6→1))",""
"투여기간주의","단일",D001305,"Pelargonium Sidoides 11% Ethanol Extract (1→8~10)·Glycerin Mixed Solution (8:2)","펠라고니움시도이데스11%에탄올추출물(1→8~10)ㆍ글리세린혼합액(8:2)","","액상시럽제",201901184,"펠리시움시럽(펠라고니움시도이데스11%에탄올추출물(1→8~10)·글리세린혼합액(8:2))(수출용)",20190226,"한국코러스(주)","플라스틱병 또는 알루미늄파우치에 든 딸기향이 있는 황갈색 또는 엷은 갈색의 시럽제",02290,"기타의 호흡기관용약","전문의약품","[M279109]펠라고니움시도이데스11%에탄올추출물(1→8~10)ㆍ글리세린혼합액(8:2)",20190621,"","","Pelargonium Sidoides 11% Ethanol Extract (1→8~10)·Glycerin Mixed Solution (8:2)(펠라고니움시도이데스11%에탄올추출물(1→8~10)ㆍ글리세린혼합액(8:2))",""
"투여기간주의","단일",D001305,"Pelargonium Sidoides 11% Ethanol Extract (1→8~10)·Glycerin Mixed Solution (8:2)","펠라고니움시도이데스11%에탄올엑스(1→8~10)·글리세린혼합액(8:2)","","액상시럽제",201901219,"로카민시럽(수출용)(수출명:Kalomin syrup)",20190227,"한국유나이티드제약(주)","플라스틱병 또는 알루미늄호일 파우치에 든 체리향이 있는 황갈색 내지 엷은 갈색 시럽제",02290,"기타의 호흡기관용약","일반의약품","[M257385]펠라고니움시도이데스11%에탄올엑스(1→8~10)·글리세린혼합액(8:2)",20190621,"","","Pelargonium Sidoides 11% Ethanol Extract (1→8~10)·Glycerin Mixed Solution (8:2)(펠라고니움시도이데스11%에탄올엑스(1→8~10)·글리세린혼합액(8:2))",""
"투여기간주의","단일",D001305,"Pelargonium Sidoides 11% Ethanol Dried Extract (5.5∼6.6→1)","펠라고니움시도이데스11%에탄올건조엑스(5.5~6.6→1)","","필름코팅정",201901500,"페니움에스정(펠라고니움시도이데스11%에탄올건조엑스(5.5∼6.6→1))",20190312,"경동제약(주)","적갈색의 원형 필름코팅정",02290,"기타의 호흡기관용약","전문의약품","[M267961]펠라고니움시도이데스11%에탄올건조엑스(5.5~6.6→1)",20190621,"","","Pelargonium Sidoides 11% Ethanol Dried Extract (5.5∼6.6→1)(펠라고니움시도이데스11%에탄올건조엑스(5.5~6.6→1))",""
"투여기간주의","단일",D001305,"Pelargonium Sidoides 11% Ethanol Extract (1→8~10)·Glycerin Mixed Solution (8:2)","펠라고니움시도이데스11%에탄올추출물(1→8~10)·글리세린혼합액(8:2)","","액상시럽제",201902841,"움카세린시럽(펠라고니움시도이데스11%에탄올추출물(1→8~10)·글리세린혼합액(8:2))",20190502,"한국휴텍스제약(주)","플라스틱병 또는 알루미늄파우치에 든 딸기향이 있는 황갈색 또는 엷은 갈색의 시럽제",02290,"기타의 호흡기관용약","전문의약품","[M253732]펠라고니움시도이데스11%에탄올추출물(1→8~10)·글리세린혼합액(8:2)",20190621,"","","Pelargonium Sidoides 11% Ethanol Extract (1→8~10)·Glycerin Mixed Solution (8:2)(펠라고니움시도이데스11%에탄올추출물(1→8~10)·글리세린혼합액(8:2))",""
"투여기간주의","단일",D001305,"Pelargonium Sidoides 11% Ethanol Dried Extract (5.5∼6.6→1)","펠라고니움시도이데스11%에탄올건조엑스(5.5~6.6→1)","","필름코팅정",201906143,"펠라엠정(펠라고니움시도이데스11%에탄올건조엑스(5.5∼6.6→1))",20190829,"(주)마더스제약","적갈색의 원형 필름코팅정",02290,"기타의 호흡기관용약","전문의약품","[M267961]펠라고니움시도이데스11%에탄올건조엑스(5.5~6.6→1)",20190621,"","","Pelargonium Sidoides 11% Ethanol Dried Extract (5.5∼6.6→1)(펠라고니움시도이데스11%에탄올건조엑스(5.5~6.6→1))",""
"투여기간주의","단일",D001305,"Pelargonium Sidoides 11% Ethanol Dried Extract (5.5∼6.6→1)","펠라고니움시도이데스11%에탄올건조엑스(5.5~6.6→1)","","필름코팅정",202000674,"유마린정(펠라고니움시도이데스11%에탄올건조엑스(5.5~6.6→1))",20200205,"(주)유유제약","적갈색의 원형 필름코팅정",02290,"기타의 호흡기관용약","전문의약품","[M267961]펠라고니움시도이데스11%에탄올건조엑스(5.5~6.6→1)",20190621,"","","Pelargonium Sidoides 11% Ethanol Dried Extract (5.5∼6.6→1)(펠라고니움시도이데스11%에탄올건조엑스(5.5~6.6→1))",""
"투여기간주의","단일",D000487,Tolvaptan,"톨밥탄","","나정",202004774,"명인톨밥탄정15밀리그램",20200630,"명인제약(주)","파란색의 원형정제",02190,"기타의 순환계용약","전문의약품","[M252933]톨밥탄",20190621,"","","Tolvaptan(톨밥탄)",""
"투여기간주의","단일",D000487,Tolvaptan,"톨밥탄","","나정",202202617,"명인톨밥탄정30밀리그램",20220623,"명인제약(주)","파란색의 원형 정제",02190,"기타의 순환계용약","전문의약품","[M277635]톨밥탄",20190621,"","","Tolvaptan(톨밥탄)",""
"투여기간주의","단일",D001305,"Pelargonium Sidoides 11% Ethanol Extract (1→8~10)·Glycerin Mixed Solution (8:2)","펠라고니움시도이데스11%에탄올추출물(1→8~10)·글리세린혼합액(8:2)","","액상시럽제",202000755,"유마린시럽(펠라고니움시도이데스11%에탄올추출물(1→8~10)·글리세린혼합액(8:2))",20200210,"(주)유유제약","플라스틱병 또는 알루미늄파우치에 든 딸기향이 있는 황갈색 또는 엷은 갈색의 시럽제",02290,"기타의 호흡기관용약","전문의약품","[M278122]펠라고니움시도이데스11%에탄올추출물(1→8~10)·글리세린혼합액(8:2)",20190621,"","","Pelargonium Sidoides 11% Ethanol Extract (1→8~10)·Glycerin Mixed Solution (8:2)(펠라고니움시도이데스11%에탄올추출물(1→8~10)·글리세린혼합액(8:2))",""
"투여기간주의","단일",D001305,"Pelargonium Sidoides 11% Ethanol Extract (1→8~10)·Glycerin Mixed Solution (8:2)","펠라고늄시도이데스11%에탄올 엑스(1→8~10)·글리세린혼합액(8:2)","","액상시럽제",202106619,"펜토너즈시럽(펠라고니움시도이데스11%에탄올추출물(1→8∼10)·글리세린혼합액(8:2))",20210923,"(주)한풍제약","알루미늄 호일 파우치에 든 체리향이 있는 황갈색 내지 엷은 갈색의 시럽제",02290,"기타의 호흡기관용약","전문의약품","[M115908]펠라고늄시도이데스11%에탄올 엑스(1→8~10)·글리세린혼합액(8:2)",20190621,"","","Pelargonium Sidoides 11% Ethanol Extract (1→8~10)·Glycerin Mixed Solution (8:2)(펠라고늄시도이데스11%에탄올 엑스(1→8~10)·글리세린혼합액(8:2))",""
"투여기간주의","단일",D000487,Tolvaptan,"톨밥탄","","나정",202203114,"톨비스정30밀리그램(톨밥탄)",20220728,"대원제약(주)","파란색의 원형 정제",02190,"기타의 순환계용약","전문의약품","[M277635]톨밥탄",20190621,"","","Tolvaptan(톨밥탄)",""
"투여기간주의","단일",D000487,Tolvaptan,"톨밥탄","","나정",202203115,"톨비스정15밀리그램(톨밥탄)",20220728,"대원제약(주)","파란색의 원형 정제",02190,"기타의 순환계용약","전문의약품","[M277635]톨밥탄",20190621,"","","Tolvaptan(톨밥탄)",""
"투여기간주의","단일",D001308,Desonide,"데소니드","","피부로션제",201602970,"나리스로션0.05%(데소니드)",20160526,"(주)휴비스트제약","흰색 로션",02640,"진통.진양.수렴.소염제","전문의약품","[M200279]데소니드",20190621,"","","Desonide(데소니드)",""
"투여기간주의","단일",D001308,Desonide,"데소니드","","피부로션제",201706848,"데소니움로션0.05%(데소니드)",20170828,"에이치엘비제약(주)","흰색의 로션제",02640,"진통.진양.수렴.소염제","전문의약품","[M200279]데소니드",20190621,"","","Desonide(데소니드)",""
"투여기간주의","단일",D001309,Desoximetasone,"데속시메타손","","피부용겔제",200202187,"데옥손겔0.05%(데속시메타손)",20020503,"한미약품(주)","알코올 냄새를 지닌 흰색의 미끄러운 반투명 겔제",02640,"진통.진양.수렴.소염제","전문의약품","[M050197]데속시메타손",20190621,"","","Desoximetasone(데속시메타손)",""
"투여기간주의","단일",D001309,Desoximetasone,"데속시메타손","","피부용겔제",201405417,"데속시원겔0.05%(데속시메타손)",20141120,"주식회사더유제약","반투명 겔제",02640,"진통.진양.수렴.소염제","전문의약품","[M050197]데속시메타손",20190621,"","","Desoximetasone(데속시메타손)",""
"투여기간주의","단일",D000104,Plerixafor,"플레릭사포르","","용액주사제",202303176,"모빌리아주(플레릭사포르)",20231121,"제이더블유중외제약(주)","무색∼미황색의 투명한 액이 무색투명한 바이알에 든 주사제",03390,"기타의 혈액 및 체액용약","전문의약품","[M248943]플레릭사포르",20190621,"","","Plerixafor(플레릭사포르)",""
"투여기간주의","단일",D000505,"Diethylpropion Hydrochloride","디에틸프로피온염산염","","나정",200410825,"디피온정(디에틸프로피온염산염)",20040729,"(주)바이넥스","백색의 마름모형 정제",01230,"자율신경제","전문의약품","[M230781]디에틸프로피온염산염",20191111,"","","Diethylpropion Hydrochloride(디에틸프로피온염산염)",""
"투여기간주의","단일",D000505,"Diethylpropion Hydrochloride","디에틸프로피온염산염","","나정",200604143,"레노씬정(디에틸프로피온염산염)",20060329,"명문제약(주)","흰색 내지 미황색의 장방형 정제",01230,"자율신경제","전문의약품","[M230781]디에틸프로피온염산염",20191111,"","","Diethylpropion Hydrochloride(디에틸프로피온염산염)",""
"투여기간주의","단일",D000505,"Diethylpropion Hydrochloride","디에틸프로피온염산염","","나정",200604151,"웰피온정(디에틸프로피온염산염)",20060104,"(주)휴온스","흰색의 마름모형 정제",01230,"자율신경제","전문의약품","[M230781]디에틸프로피온염산염",20191111,"","","Diethylpropion Hydrochloride(디에틸프로피온염산염)",""
"투여기간주의","단일",D000505,"Diethylpropion Hydrochloride","디에틸프로피온염산염","","나정",200604161,"에닝정(디에틸프로피온염산염)",20060103,"태극제약(주)","흰색의 원형 정제",01230,"자율신경제","전문의약품","[M230781]디에틸프로피온염산염",20191111,"","","Diethylpropion Hydrochloride(디에틸프로피온염산염)",""
"투여기간주의","단일",D000505,"Diethylpropion Hydrochloride","디에틸프로피온염산염","","나정",200605325,"암페몬정(디에틸프로피온염산염)",20060504,"조아제약(주)","흰색의 원형 나정",01230,"자율신경제","전문의약품","[M230781]디에틸프로피온염산염",20191111,"","","Diethylpropion Hydrochloride(디에틸프로피온염산염)",""
"투여기간주의","단일",D000505,"Diethylpropion Hydrochloride","디에틸프로피온염산염","","나정",200610879,"엠피온정(디에틸프로피온염산염)",20060823,"(주)마더스제약","흰색 내지 미황색의 장방형 정제",01230,"자율신경제","전문의약품","[M230781]디에틸프로피온염산염",20191111,"","","Diethylpropion Hydrochloride(디에틸프로피온염산염)",""
"투여기간주의","단일",D000505,"Diethylpropion Hydrochloride","디에틸프로피온염산염","","나정",201602990,"레피온정(디에틸프로피온염산염)",20160527,"(주)제뉴파마","흰색 내지 미황색의 육각형 정제",01230,"자율신경제","전문의약품","[M230781]디에틸프로피온염산염",20191111,"","","Diethylpropion Hydrochloride(디에틸프로피온염산염)",""
"투여기간주의","단일",D000505,"Diethylpropion Hydrochloride","디에틸프로피온염산염","","나정",201908596,"엘피온정25밀리그램(디에틸프로피온염산염)",20191223,"(주)한국파마","흰색 내지 미황색의 장방형 정제",01230,"자율신경제","전문의약품","[M230781]디에틸프로피온염산염",20191111,"","","Diethylpropion Hydrochloride(디에틸프로피온염산염)",""
"투여기간주의","단일",D000505,"Diethylpropion Hydrochloride","디에틸프로피온염산염","","나정",202006161,"디에칠정(디에틸프로피온염산염)",20200903,"(주)인트로바이오파마","흰색 내지 미황색의 장방형 정제",01230,"자율신경제","전문의약품","[M230781]디에틸프로피온염산염",20191111,"","","Diethylpropion Hydrochloride(디에틸프로피온염산염)",""
"투여기간주의","단일",D000795,"Phentermine Hydrochloride","펜터민염산염","","나정",200308495,"푸리민정37.5밀리그램(펜터민염산염)",20030812,"알보젠코리아(주)","백색의 나비넥타이 모양의 정제",01230,"자율신경제","전문의약품","[M238557]펜터민염산염",20191111,"","","Phentermine Hydrochloride(펜터민염산염)",""
"투여기간주의","단일",D000795,"Phentermine Hydrochloride","펜터민염산염","","나정",200308497,"아디펙스정37.5밀리그램(펜터민염산염)",20030929,"광동제약(주)","백색의 가운데가 오목한 장방형 정제",01230,"자율신경제","전문의약품","[M238557]펜터민염산염",20191111,"","","Phentermine Hydrochloride(펜터민염산염)",""
"투여기간주의","단일",D000795,"Phentermine Hydrochloride","펜터민염산염","","나정",200410823,"펜키니정(펜터민염산염)",20041230,"대원제약(주)","흰색의 나비넥타이 모양의 정제",01230,"자율신경제","전문의약품","[M238557]펜터민염산염",20191111,"","","Phentermine Hydrochloride(펜터민염산염)",""
"투여기간주의","단일",D000795,"Phentermine Hydrochloride","펜터민염산염","","나정",200410826,"펜트민정(펜터민염산염)",20040906,"(주)바이넥스","흰색의 나비넥타이모양의 정제",01230,"자율신경제","전문의약품","[M238557]펜터민염산염",20191111,"","","Phentermine Hydrochloride(펜터민염산염)",""
"투여기간주의","단일",D000795,"Phentermine Hydrochloride","펜터민염산염","","나정",200410853,"휴터민정(펜터민염산염)",20040817,"(주)휴온스","백색 내지 유백색의 타원형 정제",01230,"자율신경제","전문의약품","[M238557]펜터민염산염",20191111,"","","Phentermine Hydrochloride(펜터민염산염)",""
"투여기간주의","단일",D000795,"Phentermine Hydrochloride","펜터민염산염","","나정",200410855,"펜민정(펜터민염산염)",20041007,"영일제약(주)","백색 - 미백색의 장방형 정제",01230,"자율신경제","전문의약품","[M238557]펜터민염산염",20191111,"","","Phentermine Hydrochloride(펜터민염산염)",""
"투여기간주의","단일",D000795,"Phentermine Hydrochloride","펜터민염산염","","나정",200410862,"페스틴정(펜터민염산염)",20040827,"대한뉴팜(주)","흰색의 장방형 정제",01230,"자율신경제","전문의약품","[M238557]펜터민염산염",20191111,"","","Phentermine Hydrochloride(펜터민염산염)",""
"투여기간주의","단일",D000795,"Phentermine Hydrochloride","펜터민염산염","","나정",200410865,"케이터민정(펜터민염산염)",20041026,"주식회사제뉴원사이언스","흰색의 나비넥타이모양의 정제",01230,"자율신경제","전문의약품","[M238557]펜터민염산염",20191111,"","","Phentermine Hydrochloride(펜터민염산염)",""
"투여기간주의","단일",D000795,"Phentermine Hydrochloride","펜터민염산염","","나정",200512147,"펜타인정(펜터민염산염)",20050802,"일동제약(주)","흰색의 가운데가 오목한 장방형 정제",01230,"자율신경제","전문의약품","[M238557]펜터민염산염",20191111,"","","Phentermine Hydrochloride(펜터민염산염)",""
"투여기간주의","단일",D000795,"Phentermine Hydrochloride","펜터민염산염","","나정",200512148,"디에타민정(펜터민염산염)",20050421,"(주)대웅제약","흰색의 나비넥타이 모양의 정제",01230,"자율신경제","전문의약품","[M238557]펜터민염산염",20191111,"","","Phentermine Hydrochloride(펜터민염산염)",""
"투여기간주의","단일",D000795,"Phentermine Hydrochloride","펜터민염산염","","나정",200512154,"레디펜정(펜터민염산염)",20050901,"명문제약(주)","흰색의 나비넥타이모양의 정제",01230,"자율신경제","전문의약품","[M238557]펜터민염산염",20191111,"","","Phentermine Hydrochloride(펜터민염산염)",""
"투여기간주의","단일",D000795,"Phentermine Hydrochloride","펜터민염산염","","나정",200512161,"슬레민정(펜터민염산염)",20051222,"(주)메디카코리아","흰색의 나비넥타이 모양의 정제",01230,"자율신경제","전문의약품","[M238557]펜터민염산염",20191111,"","","Phentermine Hydrochloride(펜터민염산염)",""
"투여기간주의","단일",D000795,"Phentermine Hydrochloride","펜터민염산염","","나정",200512162,"로우칼정(펜터민염산염)",20050615,"유니메드제약(주)","흰색 또는 거의 흰색의 장방형정제",01230,"자율신경제","전문의약품","[M238557]펜터민염산염",20191111,"","","Phentermine Hydrochloride(펜터민염산염)",""
"투여기간주의","단일",D000795,"Phentermine Hydrochloride","펜터민염산염","","나정",200512167,"메타맥스정(펜터민염산염)",20050201,"구주제약(주)","흰색의 나비넥타이 모양의 정제",01230,"자율신경제","전문의약품","[M238557]펜터민염산염",20191111,"","","Phentermine Hydrochloride(펜터민염산염)",""
"투여기간주의","단일",D000795,"Phentermine Hydrochloride","펜터민염산염","","나정",200512175,"레티스정(펜터민염산염)",20050618,"(주)비보존제약","흰색의 나비넥타이형 정제",01230,"자율신경제","전문의약품","[M238557]펜터민염산염",20191111,"","","Phentermine Hydrochloride(펜터민염산염)",""
"투여기간주의","단일",D000795,"Phentermine Hydrochloride","펜터민염산염","","나정",200512177,"틴틴정(펜터민염산염)",20051125,"(주)에이프로젠바이오로직스","흰색의 가운데가 오목한 장방형 정제",01230,"자율신경제","전문의약품","[M238557]펜터민염산염",20191111,"","","Phentermine Hydrochloride(펜터민염산염)",""
"투여기간주의","단일",D000795,"Phentermine Hydrochloride","펜터민염산염","","나정",200604150,"펜타지아정(펜터민염산염)",20060126,"(주)휴비스트제약","흰색의 장방형 정제",01230,"자율신경제","전문의약품","[M238557]펜터민염산염",20191111,"","","Phentermine Hydrochloride(펜터민염산염)",""
"투여기간주의","단일",D000795,"Phentermine Hydrochloride","펜터민염산염","","나정",200604153,"로페트정(펜터민염산염)",20060217,"(주)팜젠사이언스","흰색의 장방형 정제",01230,"자율신경제","전문의약품","[M238557]펜터민염산염",20191111,"","","Phentermine Hydrochloride(펜터민염산염)",""
"투여기간주의","단일",D000795,"Phentermine Hydrochloride","펜터민염산염","","나정",200604160,"비엠진정(펜터민염산염)",20060306,"동국제약(주)","흰색의 나비넥타이형 정제",01230,"자율신경제","전문의약품","[M238557]펜터민염산염",20191111,"","","Phentermine Hydrochloride(펜터민염산염)",""
"투여기간주의","단일",D000795,"Phentermine Hydrochloride","펜터민염산염","","나정",200604163,"페니민정(펜터민염산염)",20060220,"태극제약(주)","흰색의 나비넥타이형 정제",01230,"자율신경제","전문의약품","[M238557]펜터민염산염",20191111,"","","Phentermine Hydrochloride(펜터민염산염)",""
"투여기간주의","단일",D000795,"Phentermine Hydrochloride","펜터민염산염","","나정",200604164,"웰트민정(펜터민염산염)",20060106,"(주)서울제약","흰색의 땅콩모양의 정제",01230,"자율신경제","전문의약품","[M238557]펜터민염산염",20191111,"","","Phentermine Hydrochloride(펜터민염산염)",""
"투여기간주의","단일",D000795,"Phentermine Hydrochloride","펜터민염산염","","나정",200604166,"비터펜정(펜터민염산염)",20060306,"(주)제뉴파마","흰색의 나비넥타이형 정제",01230,"자율신경제","전문의약품","[M238557]펜터민염산염",20191111,"","","Phentermine Hydrochloride(펜터민염산염)",""
"투여기간주의","단일",D000795,"Phentermine Hydrochloride","펜터민염산염","","나정",200604169,"아트민정(펜터민염산염)",20060322,"(주)마더스제약","흰색 또는 거의 흰색의 장방형정제",01230,"자율신경제","전문의약품","[M238557]펜터민염산염",20191111,"","","Phentermine Hydrochloride(펜터민염산염)",""
"투여기간주의","단일",D000795,"Phentermine Hydrochloride","펜터민염산염","","나정",200610878,"씬스펜정(펜터민염산염)",20060901,"조아제약(주)","흰색의 장방형 나정",01230,"자율신경제","전문의약품","[M238557]펜터민염산염",20191111,"","","Phentermine Hydrochloride(펜터민염산염)",""
"투여기간주의","단일",D000795,"Phentermine Hydrochloride","펜터민염산염","","나정",200611551,"펜터미정(펜터민염산염)",20061129,"제이더블유신약(주)","흰색의 가운데가 오목한 장방형 정제",01230,"자율신경제","전문의약품","[M238557]펜터민염산염",20191111,"","","Phentermine Hydrochloride(펜터민염산염)",""
"투여기간주의","단일",D000795,"Phentermine Hydrochloride","펜터민염산염","","서방성캡슐제, 펠렛",200711284,"판베시서방캡슐 30밀리그램(펜터민염산염)",20071011,"부광약품(주)","미백색의 서방성 과립제가 충전된 상-진청색, 하-무색투명의 캡슐제",01230,"자율신경제","전문의약품","[M238557]펜터민염산염",20191111,"","","Phentermine Hydrochloride(펜터민염산염)",""
"투여기간주의","단일",D000795,"Phentermine Hydrochloride","펜터민염산염","","나정",200908478,"펜더정(펜터민염산염)",20091207,"한국프라임제약(주)","흰색의 나비넥타이 모양의 정제",01230,"자율신경제","전문의약품","[M238557]펜터민염산염",20191111,"","","Phentermine Hydrochloride(펜터민염산염)",""
"투여기간주의","단일",D000795,"Phentermine Hydrochloride","펜터민염산염","","나정",201004413,"대화노브제정(펜터민염산염)",20100706,"대화제약(주)","흰색 원형의 정제",01230,"자율신경제","전문의약품","[M238557]펜터민염산염",20191111,"","","Phentermine Hydrochloride(펜터민염산염)",""
"투여기간주의","단일",D000795,"Phentermine Hydrochloride","펜터민염산염","","나정",201109904,"메타맥스정(펜터민염산염)(수출용)",20111111,"구주제약(주)","흰색의 나비넥타이 모양의 정제",01230,"자율신경제","전문의약품","[M238557]펜터민염산염",20191111,"","","Phentermine Hydrochloride(펜터민염산염)",""
"투여기간주의","단일",D000795,"Phentermine Hydrochloride","펜터민염산염","","나정",201111544,"휴온스펜터민염산염정(수출용)",20111227,"(주)휴온스","백색 또는 유백색의 타원형 정제",01230,"자율신경제","전문의약품","[M238557]펜터민염산염",20191111,"","","Phentermine Hydrochloride(펜터민염산염)",""
"투여기간주의","단일",D000795,"Phentermine Hydrochloride","펜터민염산염","","나정",201205550,"아디펙스정18.75mg(펜터민염산염)",20120615,"광동제약(주)","백색의 원형 정제",01230,"자율신경제","전문의약품","[M238557]펜터민염산염",20191111,"","","Phentermine Hydrochloride(펜터민염산염)",""
"투여기간주의","단일",D000795,"Phentermine Hydrochloride","펜터민염산염","","나정",201309968,"피티엠정(펜터민염산염)",20131030,"대한뉴팜(주)","흰색의 원형정제",01230,"자율신경제","전문의약품","[M238557]펜터민염산염",20191111,"","","Phentermine Hydrochloride(펜터민염산염)",""
"투여기간주의","단일",D000795,"Phentermine Hydrochloride","펜터민염산염","","나정",201309969,"휴터민세미정(펜터민염산염)",20131030,"(주)휴온스","연한 녹색의 타원형 정제",01230,"자율신경제","전문의약품","[M238557]펜터민염산염",20191111,"","","Phentermine Hydrochloride(펜터민염산염)",""
"투여기간주의","단일",D000795,"Phentermine Hydrochloride","펜터민염산염","","나정",201401685,"푸리민정18.75밀리그램(펜터민염산염)",20140410,"알보젠코리아(주)","분홍색의 강낭콩모양 정제",01230,"자율신경제","전문의약품","[M238557]펜터민염산염",20191111,"","","Phentermine Hydrochloride(펜터민염산염)",""
"투여기간주의","단일",D000795,"Phentermine Hydrochloride","펜터민염산염","","나정",201707866,"레디펜정(펜터민염산염)",20171110,"명문제약(주)","흰색의 나비넥타이모양의 정제",01230,"자율신경제","전문의약품","[M238557]펜터민염산염",20191111,"","","Phentermine Hydrochloride(펜터민염산염)",""
"투여기간주의","단일",D000701,"Phendimetrazine Tartrate","펜디메트라진타르타르산염","","나정",199806846,"푸링정(펜디메트라진타르타르산염)",19980616,"알보젠코리아(주)","백색 원형의 정제",01230,"자율신경제","전문의약품","[M230784]펜디메트라진타르타르산염",20191111,"","","Phendimetrazine Tartrate(펜디메트라진타르타르산염)",""
"투여기간주의","단일",D000701,"Phendimetrazine Tartrate","펜디메트라진타르타르산염","","나정",200210718,"엔슬림정(펜디메트라진타르타르산염)",20020902,"조아제약(주)","흰색의 원형 정제",01230,"자율신경제","전문의약품","[M230784]펜디메트라진타르타르산염",20191111,"","","Phendimetrazine Tartrate(펜디메트라진타르타르산염)",""
"투여기간주의","단일",D000701,"Phendimetrazine Tartrate","펜디메트라진타르타르산염","","나정",200410824,"펜디씬정(펜디메트라진타르타르산염)",20040705,"(주)바이넥스","흰색의 원형 정제",01230,"자율신경제","전문의약품","[M230784]펜디메트라진타르타르산염",20191111,"","","Phendimetrazine Tartrate(펜디메트라진타르타르산염)",""
"투여기간주의","단일",D000701,"Phendimetrazine Tartrate","펜디메트라진타르타르산염","","나정",200410854,"페티노정(펜디메트라진타르타르산염)",20041208,"(주)팜젠사이언스","백색의 원형 정제",01230,"자율신경제","전문의약품","[M230784]펜디메트라진타르타르산염",20191111,"","","Phendimetrazine Tartrate(펜디메트라진타르타르산염)",""
"투여기간주의","단일",D000701,"Phendimetrazine Tartrate","펜디메트라진타르타르산염","","나정",200410866,"펜트라정(펜디메트라진타르타르산염)",20041221,"주식회사제뉴원사이언스","흰색의 원형정제",01230,"자율신경제","전문의약품","[M230784]펜디메트라진타르타르산염",20191111,"","","Phendimetrazine Tartrate(펜디메트라진타르타르산염)",""
"투여기간주의","단일",D000701,"Phendimetrazine Tartrate","펜디메트라진타르타르산염","","나정",200512146,"펜디라진정(펜디메트라진타르타르산염)",20051109,"대원제약(주)","흰색의 원형 정제",01230,"자율신경제","전문의약품","[M230784]펜디메트라진타르타르산염",20191111,"","","Phendimetrazine Tartrate(펜디메트라진타르타르산염)",""
"투여기간주의","단일",D000701,"Phendimetrazine Tartrate","펜디메트라진타르타르산염","","나정",200512153,"아드펜정(펜디메트라진타르타르산염)",20051109,"(주)한국파마","흰색의 원형정제",01230,"자율신경제","전문의약품","[M230784]펜디메트라진타르타르산염",20191111,"","","Phendimetrazine Tartrate(펜디메트라진타르타르산염)",""
"투여기간주의","단일",D000701,"Phendimetrazine Tartrate","펜디메트라진타르타르산염","","나정",200512155,"펜타씬정(펜디메트라진타르타르산염)",20051122,"명문제약(주)","흰색의 원형정제",01230,"자율신경제","전문의약품","[M230784]펜디메트라진타르타르산염",20191111,"","","Phendimetrazine Tartrate(펜디메트라진타르타르산염)",""
"투여기간주의","단일",D000701,"Phendimetrazine Tartrate","펜디메트라진타르타르산염","","나정",200512168,"펜디정(펜디메트라진타르타르산염)",20050804,"(주)휴온스","흰색 내지 미백색의 원형 정제",01230,"자율신경제","전문의약품","[M230784]펜디메트라진타르타르산염",20191111,"","","Phendimetrazine Tartrate(펜디메트라진타르타르산염)",""
"투여기간주의","단일",D000701,"Phendimetrazine Tartrate","펜디메트라진타르타르산염","","나정",200512174,"다이트린정(펜디메트라진타르타르산염)",20051017,"영일제약(주)","흰색의 원형 정제",01230,"자율신경제","전문의약품","[M230784]펜디메트라진타르타르산염",20191111,"","","Phendimetrazine Tartrate(펜디메트라진타르타르산염)",""
"투여기간주의","단일",D000701,"Phendimetrazine Tartrate","펜디메트라진타르타르산염","","나정",200604148,"펜디라정(펜디메트라진타르타르산염)",20060410,"(주)셀릭스","흰색의 원형 정제",01230,"자율신경제","전문의약품","[M230784]펜디메트라진타르타르산염",20191111,"","","Phendimetrazine Tartrate(펜디메트라진타르타르산염)",""
"투여기간주의","단일",D000701,"Phendimetrazine Tartrate","펜디메트라진타르타르산염","","나정",200604157,"펜틴정(펜디메트라진타르타르산염)",20060306,"대한뉴팜(주)","흰색의 원형정제",01230,"자율신경제","전문의약품","[M230784]펜디메트라진타르타르산염",20191111,"","","Phendimetrazine Tartrate(펜디메트라진타르타르산염)",""
"투여기간주의","단일",D000701,"Phendimetrazine Tartrate","펜디메트라진타르타르산염","","나정",200604158,"디에트정(펜디메트라진타르타르산염)",20060329,"(주)비보존제약","백색의 원형정제",01230,"자율신경제","전문의약품","[M230784]펜디메트라진타르타르산염",20191111,"","","Phendimetrazine Tartrate(펜디메트라진타르타르산염)",""
"투여기간주의","단일",D000701,"Phendimetrazine Tartrate","펜디메트라진타르타르산염","","나정",200604159,"라이트진정(펜디메트라진타르타르산염)",20060123,"동국제약(주)","백색의 원형정제",01230,"자율신경제","전문의약품","[M230784]펜디메트라진타르타르산염",20191111,"","","Phendimetrazine Tartrate(펜디메트라진타르타르산염)",""
"투여기간주의","단일",D000701,"Phendimetrazine Tartrate","펜디메트라진타르타르산염","","나정",200604162,"페닝정(펜디메트라진타르타르산염)",20060220,"태극제약(주)","흰색의 원형정제",01230,"자율신경제","전문의약품","[M230784]펜디메트라진타르타르산염",20191111,"","","Phendimetrazine Tartrate(펜디메트라진타르타르산염)",""
"투여기간주의","단일",D000701,"Phendimetrazine Tartrate","펜디메트라진타르타르산염","","나정",200604167,"펜홀드정(펜디메트라진타르타르산염)",20060306,"(주)제뉴파마","흰색의 원형정제",01230,"자율신경제","전문의약품","[M230784]펜디메트라진타르타르산염",20191111,"","","Phendimetrazine Tartrate(펜디메트라진타르타르산염)",""
"투여기간주의","단일",D000701,"Phendimetrazine Tartrate","펜디메트라진타르타르산염","","나정",200707106,"펜슬림정(펜디메트라진타르타르산염)",20070620,"하나제약(주)","흰색 원형의 정제",01230,"자율신경제","전문의약품","[M230784]펜디메트라진타르타르산염",20191111,"","","Phendimetrazine Tartrate(펜디메트라진타르타르산염)",""
"투여기간주의","단일",D000701,"Phendimetrazine Tartrate","펜디메트라진타르타르산염","","나정",200806249,"펜디민정(펜디메트라진타르타르산염)",20080605,"구주제약(주)","흰색의 원형 정제",01230,"자율신경제","전문의약품","[M230784]펜디메트라진타르타르산염",20191111,"","","Phendimetrazine Tartrate(펜디메트라진타르타르산염)",""
"투여기간주의","단일",D000701,"Phendimetrazine Tartrate","펜디메트라진타르타르산염","","나정",200807061,"펜디예뜨정(펜디메트라진타르타르산염)",20080626,"제이더블유신약(주)","흰색의 원형정제",01230,"자율신경제","전문의약품","[M230784]펜디메트라진타르타르산염",20191111,"","","Phendimetrazine Tartrate(펜디메트라진타르타르산염)",""
"투여기간주의","단일",D000701,"Phendimetrazine Tartrate","펜디메트라진타르타르산염","","나정",200908479,"펜디멘정(펜디메트라진타르타르산염)",20091207,"한국프라임제약(주)","흰색의 원형 정제",01230,"자율신경제","전문의약품","[M230784]펜디메트라진타르타르산염",20191111,"","","Phendimetrazine Tartrate(펜디메트라진타르타르산염)",""
"투여기간주의","단일",D000701,"Phendimetrazine Tartrate","펜디메트라진타르타르산염","","나정",201003646,"펜디진정35mg(펜디메트라진타르타르산염)",20100524,"(주)서울제약","흰색의 원형정제",01230,"자율신경제","전문의약품","[M230784]펜디메트라진타르타르산염",20191111,"","","Phendimetrazine Tartrate(펜디메트라진타르타르산염)",""
"투여기간주의","단일",D000701,"Phendimetrazine Tartrate","펜디메트라진타르타르산염","","나정",201101167,"펜디펜정(펜디메트라진타르타르산염)",20110309,"(주)에이프로젠바이오로직스","흰색의 원형 정제",01230,"자율신경제","전문의약품","[M230784]펜디메트라진타르타르산염",20191111,"","","Phendimetrazine Tartrate(펜디메트라진타르타르산염)",""
"투여기간주의","단일",D000701,"Phendimetrazine Tartrate","펜디메트라진타르타르산염","","나정",201604676,"푸링세미정(펜디메트라진타르타르산염)",20160728,"알보젠코리아(주)","흰색의 사각형 정제",01230,"자율신경제","전문의약품","[M230784]펜디메트라진타르타르산염",20191111,"","","Phendimetrazine Tartrate(펜디메트라진타르타르산염)",""
"투여기간주의","단일",D000701,"Phendimetrazine Tartrate","펜디메트라진타르타르산염","","나정",201702111,"펜디세미정(펜디메트라진타르타르산염)",20170426,"(주)휴온스","흰색 내지 미백색의 오각형 정제",01230,"자율신경제","전문의약품","[M230784]펜디메트라진타르타르산염",20191111,"","","Phendimetrazine Tartrate(펜디메트라진타르타르산염)",""
"투여기간주의","단일",D001410,"Vonoprazan Fumarate","보노프라잔푸마르산염","","필름코팅정",202503224,"본프라잔정20밀리그램(보노프라잔푸마르산염)",20251209,"동광제약(주)","연한 빨간색의 타원형 필름코팅정",02320,"소화성궤양용제","전문의약품","[M269283]보노프라잔푸마르산염",20210715,"","","Vonoprazan Fumarate(보노프라잔푸마르산염)",""
"투여기간주의","단일",D001410,"Vonoprazan Fumarate","보노프라잔푸마르산염","","필름코팅정",202503225,"본프라잔정10밀리그램(보노프라잔푸마르산염)",20251209,"동광제약(주)","연한 노란색의 타원형 필름코팅정",02320,"소화성궤양용제","전문의약품","[M269283]보노프라잔푸마르산염",20210715,"","","Vonoprazan Fumarate(보노프라잔푸마르산염)",""
"투여기간주의","단일",D001410,"Vonoprazan Fumarate","보노프라잔푸마르산염","","필름코팅정",202503333,"보신티정10밀리그램(보노프라잔푸마르산염)",20251219,"한국다케다제약(주)","연한 노란색의 타원형 필름코팅정",02320,"소화성궤양용제","전문의약품","[M269283]보노프라잔푸마르산염",20210715,"","","Vonoprazan Fumarate(보노프라잔푸마르산염)",""
"투여기간주의","단일",D001410,"Vonoprazan Fumarate","보노프라잔푸마르산염","","필름코팅정",202503334,"보신티정20밀리그램(보노프라잔푸마르산염)",20251219,"한국다케다제약(주)","연한 빨간색의 타원형 필름코팅정",02320,"소화성궤양용제","전문의약품","[M269283]보노프라잔푸마르산염",20210715,"","","Vonoprazan Fumarate(보노프라잔푸마르산염)",""
"투여기간주의","단일",D001410,"Vonoprazan Fumarate (Micronized)","보노프라잔푸마르산염(미분화)","","필름코팅정",202600222,"브이캡정20밀리그램(보노프라잔푸마르산염)",20260127,"삼익제약(주)","연한 빨간색의 타원형 필름코팅정제",02320,"소화성궤양용제","전문의약품","[M286116]보노프라잔푸마르산염(미분화)",20210715,"","","Vonoprazan Fumarate (Micronized)(보노프라잔푸마르산염(미분화))",""
"투여기간주의","단일",D001410,"Vonoprazan Fumarate (Micronized)","보노프라잔푸마르산염(미분화)","","필름코팅정",202600223,"브이캡정10밀리그램(보노프라잔푸마르산염)",20260127,"삼익제약(주)","연한 노란색의 타원형 필름코팅정제",02320,"소화성궤양용제","전문의약품","[M286116]보노프라잔푸마르산염(미분화)",20210715,"","","Vonoprazan Fumarate (Micronized)(보노프라잔푸마르산염(미분화))",""
"투여기간주의","단일",D001410,"Vonoprazan Fumarate","보노프라잔푸마르산염","","필름코팅정",202600507,"보노스타정20밀리그램(보노프라잔푸마르산염)",20260223,"(주)화이트생명과학","분홍색의 달걀형 필름코팅정제",02320,"소화성궤양용제","전문의약품","[M269283]보노프라잔푸마르산염",20210715,"","","Vonoprazan Fumarate(보노프라잔푸마르산염)",""
"투여기간주의","단일",D001410,"Vonoprazan Fumarate","보노프라잔푸마르산염","","필름코팅정",202600581,"네오보노정20밀리그램(보노프라잔푸마르산염)",20260226,"(주)녹십자","분홍색의 타원형 필름코팅정제",02320,"소화성궤양용제","전문의약품","[M269283]보노프라잔푸마르산염",20210715,"","","Vonoprazan Fumarate(보노프라잔푸마르산염)",""
"투여기간주의","단일",D001410,"Vonoprazan Fumarate","보노프라잔푸마르산염","","필름코팅정",202600582,"네오보노정10밀리그램(보노프라잔푸마르산염)",20260226,"(주)녹십자","연한 노란색의 타원형 필름코팅정제",02320,"소화성궤양용제","전문의약품","[M269283]보노프라잔푸마르산염",20210715,"","","Vonoprazan Fumarate(보노프라잔푸마르산염)",""
"투여기간주의","단일",D001410,"Vonoprazan Fumarate (Micronized)","보노프라잔푸마르산염(미분화)","","필름코팅정",202600657,"보노탑정20밀리그램(보노프라잔푸마르산염)",20260305,"(주)새한제약","연한 빨간색의 타원형 필름코팅정제",02320,"소화성궤양용제","전문의약품","[M286116]보노프라잔푸마르산염(미분화)",20210715,"","","Vonoprazan Fumarate (Micronized)(보노프라잔푸마르산염(미분화))",""
"투여기간주의","단일",D001410,"Vonoprazan Fumarate","보노프라잔푸마르산염","","필름코팅정",202600668,"보노펙정10밀리그램(보노프라잔푸마르산염)",20260306,"안국약품(주)","연한 노란색의 원형 필름코팅정",02320,"소화성궤양용제","전문의약품","[M269283]보노프라잔푸마르산염",20210715,"","","Vonoprazan Fumarate(보노프라잔푸마르산염)",""
"투여기간주의","단일",D001410,"Vonoprazan Fumarate","보노프라잔푸마르산염","","필름코팅정",202600669,"보노펙정20밀리그램(보노프라잔푸마르산염)",20260306,"안국약품(주)","연한 빨간색의 타원형 필름코티정",02320,"소화성궤양용제","전문의약품","[M269283]보노프라잔푸마르산염",20210715,"","","Vonoprazan Fumarate(보노프라잔푸마르산염)",""
"투여기간주의","단일",D001410,"Vonoprazan Fumarate","보노프라잔푸마르산염","","필름코팅정",202600710,"보노프잔정10밀리그램(보노프라잔푸마르산염)",20260310,"한림제약(주)","연한 노란색의 타원형 필름코팅정",02320,"소화성궤양용제","전문의약품","[M269283]보노프라잔푸마르산염",20210715,"","","Vonoprazan Fumarate(보노프라잔푸마르산염)",""
"투여기간주의","단일",D001410,"Vonoprazan Fumarate","보노프라잔푸마르산염","","필름코팅정",202600711,"보노프잔정20밀리그램(보노프라잔푸마르산염)",20260310,"한림제약(주)","연한 빨간색의 타원형 필름코팅정",02320,"소화성궤양용제","전문의약품","[M269283]보노프라잔푸마르산염",20210715,"","","Vonoprazan Fumarate(보노프라잔푸마르산염)",""
"투여기간주의","단일",D001410,"Vonoprazan Fumarate","보노프라잔푸마르산염","","필름코팅정",202600717,"코프라잔정10밀리그램(보노프라잔푸마르산염)",20260311,"코오롱제약(주)","연한 노란색의 타원형 필름코팅정",02320,"소화성궤양용제","전문의약품","[M269283]보노프라잔푸마르산염",20210715,"","","Vonoprazan Fumarate(보노프라잔푸마르산염)",""
"투여기간주의","단일",D001410,"Vonoprazan Fumarate","보노프라잔푸마르산염","","필름코팅정",202600718,"코프라잔정20밀리그램(보노프라잔푸마르산염)",20260311,"코오롱제약(주)","연한 빨간색의 타원형 필름코팅정",02320,"소화성궤양용제","전문의약품","[M269283]보노프라잔푸마르산염",20210715,"","","Vonoprazan Fumarate(보노프라잔푸마르산염)",""
"투여기간주의","단일",D001410,"Vonoprazan Fumarate","보노프라잔푸마르산염","","필름코팅정",202600719,"알리보노정20밀리그램(보노프라잔푸마르산염)",20260311,"알리코제약(주)","연한 빨간색의 타원형 필름코팅정",02320,"소화성궤양용제","전문의약품","[M269283]보노프라잔푸마르산염",20210715,"","","Vonoprazan Fumarate(보노프라잔푸마르산염)",""
"투여기간주의","단일",D001410,"Vonoprazan Fumarate","보노프라잔푸마르산염","","필름코팅정",202600720,"알리보노정10밀리그램(보노프라잔푸마르산염)",20260311,"알리코제약(주)","연한 노란색의 타원형 필름코팅정",02320,"소화성궤양용제","전문의약품","[M269283]보노프라잔푸마르산염",20210715,"","","Vonoprazan Fumarate(보노프라잔푸마르산염)",""
"투여기간주의","단일",D001410,"Vonoprazan Fumarate","보노프라잔푸마르산염","","필름코팅정",202601151,"보노캡정10밀리그램(보노프라잔푸마르산염)",20260421,"주식회사제뉴원사이언스","연한 노란색의 타원형 필름코팅정제",02320,"소화성궤양용제","전문의약품","[M269283]보노프라잔푸마르산염",20210715,"","","Vonoprazan Fumarate(보노프라잔푸마르산염)",""
"투여기간주의","단일",D001410,"Vonoprazan Fumarate","보노프라잔푸마르산염","","필름코팅정",202601152,"보노캡정20밀리그램(보노프라잔푸마르산염)",20260421,"주식회사제뉴원사이언스","연한 빨간색의 타원형 필름코팅정제",02320,"소화성궤양용제","전문의약품","[M269283]보노프라잔푸마르산염",20210715,"","","Vonoprazan Fumarate(보노프라잔푸마르산염)",""
"투여기간주의","단일",D001410,"Vonoprazan Fumarate","보노프라잔푸마르산염","","필름코팅정",202601186,"브이노정10밀리그램(보노프라잔푸마르산염)",20260423,"(주)비보존제약","연한 노란색의 장방형 필름코팅정",02320,"소화성궤양용제","전문의약품","[M269283]보노프라잔푸마르산염",20210715,"","","Vonoprazan Fumarate(보노프라잔푸마르산염)",""
"투여기간주의","단일",D001410,"Vonoprazan Fumarate","보노프라잔푸마르산염","","필름코팅정",202601187,"브이노정20밀리그램(보노프라잔푸마르산염)",20260423,"(주)비보존제약","연한 분홍색의 장방형 필름코팅정",02320,"소화성궤양용제","전문의약품","[M269283]보노프라잔푸마르산염",20210715,"","","Vonoprazan Fumarate(보노프라잔푸마르산염)",""
"투여기간주의","단일",D001410,"Vonoprazan Fumarate","보노프라잔푸마르산염","","필름코팅정",202601194,"보노잔정20밀리그램(보노프라잔푸마르산염)",20260423,"한국프라임제약(주)","연한 분홍색의 장방형 필름코팅정",02320,"소화성궤양용제","전문의약품","[M269283]보노프라잔푸마르산염",20210715,"","","Vonoprazan Fumarate(보노프라잔푸마르산염)",""
"투여기간주의","단일",D001410,"Vonoprazan Fumarate","보노프라잔푸마르산염","","필름코팅정",202601195,"보노잔정10밀리그램(보노프라잔푸마르산염)",20260423,"한국프라임제약(주)","연한 노란색의 장방형 필름코팅정",02320,"소화성궤양용제","전문의약품","[M269283]보노프라잔푸마르산염",20210715,"","","Vonoprazan Fumarate(보노프라잔푸마르산염)",""
"투여기간주의","단일",D001410,"Vonoprazan Fumarate","보노프라잔푸마르산염","","필름코팅정",202601196,"보노원정10밀리그램(보노프라잔푸마르산염)",20260423,"하나제약(주)","연한 노란색의 장방형 필름코팅정",02320,"소화성궤양용제","전문의약품","[M269283]보노프라잔푸마르산염",20210715,"","","Vonoprazan Fumarate(보노프라잔푸마르산염)",""
"투여기간주의","단일",D001410,"Vonoprazan Fumarate","보노프라잔푸마르산염","","필름코팅정",202601197,"보노원정20밀리그램(보노프라잔푸마르산염)",20260423,"하나제약(주)","연한 분홍색의 장방형 필름코팅정",02320,"소화성궤양용제","전문의약품","[M269283]보노프라잔푸마르산염",20210715,"","","Vonoprazan Fumarate(보노프라잔푸마르산염)",""
"투여기간주의","단일",D001410,"Vonoprazan Fumarate","보노프라잔푸마르산염","","필름코팅정",202601198,"엔피보노정10밀리그램(보노프라잔푸마르산염)",20260423,"대한뉴팜(주)","연한 노란색의 장방형 필름코팅정",02320,"소화성궤양용제","전문의약품","[M269283]보노프라잔푸마르산염",20210715,"","","Vonoprazan Fumarate(보노프라잔푸마르산염)",""
"투여기간주의","단일",D001410,"Vonoprazan Fumarate","보노프라잔푸마르산염","","필름코팅정",202601199,"엔피보노정20밀리그램(보노프라잔푸마르산염)",20260423,"대한뉴팜(주)","연한 분홍색의 장방형 필름코팅정",02320,"소화성궤양용제","전문의약품","[M269283]보노프라잔푸마르산염",20210715,"","","Vonoprazan Fumarate(보노프라잔푸마르산염)",""
"투여기간주의","단일",D001410,"Vonoprazan Fumarate","보노프라잔푸마르산염","","필름코팅정",202601200,"보노스트정20밀리그램(보노프라잔푸마르산염)",20260423,"경동제약(주)","연한 빨간색의 타원형 필름코팅정제",02320,"소화성궤양용제","전문의약품","[M269283]보노프라잔푸마르산염",20210715,"","","Vonoprazan Fumarate(보노프라잔푸마르산염)",""
"투여기간주의","단일",D001410,"Vonoprazan Fumarate","보노프라잔푸마르산염","","필름코팅정",202601201,"보노스트정10밀리그램(보노프라잔푸마르산염)",20260423,"경동제약(주)","연한 노란색의 타원형 필름코팅정제",02320,"소화성궤양용제","전문의약품","[M269283]보노프라잔푸마르산염",20210715,"","","Vonoprazan Fumarate(보노프라잔푸마르산염)",""
"투여기간주의","단일",D001410,"Vonoprazan Fumarate","보노프라잔푸마르산염","","필름코팅정",202601202,"제뉴파마보노프라잔정20밀리그램(보노프라잔푸마르산염)",20260423,"(주)제뉴파마","연한 빨간색의 타원형 필름코팅정제",02320,"소화성궤양용제","전문의약품","[M269283]보노프라잔푸마르산염",20210715,"","","Vonoprazan Fumarate(보노프라잔푸마르산염)",""
"투여기간주의","단일",D001410,"Vonoprazan Fumarate","보노프라잔푸마르산염","","필름코팅정",202601203,"제뉴파마보노프라잔정10밀리그램(보노프라잔푸마르산염)",20260423,"(주)제뉴파마","연한 노란색의 타원형 필름코팅정제",02320,"소화성궤양용제","전문의약품","[M269283]보노프라잔푸마르산염",20210715,"","","Vonoprazan Fumarate(보노프라잔푸마르산염)",""
"투여기간주의","단일",D001410,"Vonoprazan Fumarate","보노프라잔푸마르산염","","필름코팅정",202601373,"유한보노정20밀리그램(보노프라잔푸마르산염)",20260512,"(주)유한양행","연한 빨간색의 타원형 필름코팅정",02320,"소화성궤양용제","전문의약품","[M269283]보노프라잔푸마르산염",20210715,"","","Vonoprazan Fumarate(보노프라잔푸마르산염)",""
"투여기간주의","단일",D001410,"Vonoprazan Fumarate","보노프라잔푸마르산염","","필름코팅정",202601374,"유한보노정10밀리그램(보노프라잔푸마르산염)",20260512,"(주)유한양행","연한 노란색의 타원형 필름코팅정",02320,"소화성궤양용제","전문의약품","[M269283]보노프라잔푸마르산염",20210715,"","","Vonoprazan Fumarate(보노프라잔푸마르산염)",""
"투여기간주의","단일",D001410,"Vonoprazan Fumarate","보노프라잔푸마르산염","","필름코팅정",202601378,"케이오정20밀리그램(보노프라잔푸마르산염)",20260512,"주식회사케이에스제약","연한 빨간색의 타원형 필름코팅정",02320,"소화성궤양용제","전문의약품","[M269283]보노프라잔푸마르산염",20210715,"","","Vonoprazan Fumarate(보노프라잔푸마르산염)",""
"투여기간주의","단일",D001410,"Vonoprazan Fumarate","보노프라잔푸마르산염","","필름코팅정",202601379,"케이오정10밀리그램(보노프라잔푸마르산염)",20260512,"주식회사케이에스제약","연한 노란색의 타원형 필름코팅정",02320,"소화성궤양용제","전문의약품","[M269283]보노프라잔푸마르산염",20210715,"","","Vonoprazan Fumarate(보노프라잔푸마르산염)",""
"투여기간주의","단일",D001410,"Vonoprazan Fumarate","보노프라잔푸마르산염","","필름코팅정",202601445,"보노바정20밀리그램(보노프라잔푸마르산염)",20260519,"(주)비씨월드제약","연한 분홍색의 타원형 필름코팅정",02320,"소화성궤양용제","전문의약품","[M269283]보노프라잔푸마르산염",20210715,"","","Vonoprazan Fumarate(보노프라잔푸마르산염)",""
"투여기간주의","단일",D001410,"Vonoprazan Fumarate","보노프라잔푸마르산염","","필름코팅정",202601446,"보노바정10밀리그램(보노프라잔푸마르산염)",20260519,"(주)비씨월드제약","연한 노란색의 타원형 필름코팅정",02320,"소화성궤양용제","전문의약품","[M269283]보노프라잔푸마르산염",20210715,"","","Vonoprazan Fumarate(보노프라잔푸마르산염)",""
"투여기간주의","단일",D001410,"Vonoprazan Fumarate","보노프라잔푸마르산염","","필름코팅정",202601508,"보노케이브정10밀리그램(보노프라잔푸마르산염)",20260526,"알보젠코리아(주)","연한 노란색의 장방형 필름코팅정",02320,"소화성궤양용제","전문의약품","[M269283]보노프라잔푸마르산염",20210715,"","","Vonoprazan Fumarate(보노프라잔푸마르산염)",""
"투여기간주의","단일",D001410,"Vonoprazan Fumarate","보노프라잔푸마르산염","","필름코팅정",202601509,"보노케이브정20밀리그램(보노프라잔푸마르산염)",20260526,"알보젠코리아(주)","연한 빨간색의 장방형 필름코팅정",02320,"소화성궤양용제","전문의약품","[M269283]보노프라잔푸마르산염",20210715,"","","Vonoprazan Fumarate(보노프라잔푸마르산염)",""
"투여기간주의","단일",D001410,"Vonoprazan Fumarate","보노프라잔푸마르산염","","필름코팅정",202601511,"보노셀정20밀리그램(보노프라잔푸마르산염)",20260527,"(주)셀트리온제약","연한 빨간색의 장방형 필름코팅정",02320,"소화성궤양용제","전문의약품","[M269283]보노프라잔푸마르산염",20210715,"","","Vonoprazan Fumarate(보노프라잔푸마르산염)",""
"투여기간주의","단일",D001410,"Vonoprazan Fumarate","보노프라잔푸마르산염","","필름코팅정",202601512,"보노셀정10밀리그램(보노프라잔푸마르산염)",20260527,"(주)셀트리온제약","연한 노란색의 장방형 필름코팅정",02320,"소화성궤양용제","전문의약품","[M269283]보노프라잔푸마르산염",20210715,"","","Vonoprazan Fumarate(보노프라잔푸마르산염)",""
"투여기간주의","단일",D001410,"Vonoprazan Fumarate","보노프라잔푸마르산염","","필름코팅정",202601513,"보노텐정20밀리그램(보노프라잔푸마르산염)",20260527,"(주)이든파마","연한 빨간색의 장방형 필름코팅정",02320,"소화성궤양용제","전문의약품","[M269283]보노프라잔푸마르산염",20210715,"","","Vonoprazan Fumarate(보노프라잔푸마르산염)",""
"투여기간주의","단일",D001410,"Vonoprazan Fumarate","보노프라잔푸마르산염","","필름코팅정",202601514,"보노텐정10밀리그램(보노프라잔푸마르산염)",20260527,"(주)이든파마","연한 노란색의 장방형 필름코팅정",02320,"소화성궤양용제","전문의약품","[M269283]보노프라잔푸마르산염",20210715,"","","Vonoprazan Fumarate(보노프라잔푸마르산염)",""
"투여기간주의","단일",D001410,"Vonoprazan Fumarate","보노프라잔푸마르산염","","필름코팅정",202601515,"보노진정10밀리그램(보노프라잔푸마르산염)",20260527,"삼진제약(주)","연한 노란색의 장방형 필름코팅정",02320,"소화성궤양용제","전문의약품","[M269283]보노프라잔푸마르산염",20210715,"","","Vonoprazan Fumarate(보노프라잔푸마르산염)",""
"투여기간주의","단일",D001410,"Vonoprazan Fumarate","보노프라잔푸마르산염","","필름코팅정",202601516,"보노진정20밀리그램(보노프라잔푸마르산염)",20260527,"삼진제약(주)","연한 빨간색의 장방형 필름코팅정",02320,"소화성궤양용제","전문의약품","[M269283]보노프라잔푸마르산염",20210715,"","","Vonoprazan Fumarate(보노프라잔푸마르산염)",""
"투여기간주의","단일",D001410,"Vonoprazan Fumarate","보노프라잔푸마르산염","","필름코팅정",202601975,"보나잔정20밀리그램(보노프라잔푸마르산염)",20260707,"주식회사 노바엠헬스케어","분홍색의 타원형 필름코팅정",02320,"소화성궤양용제","전문의약품","[M269283]보노프라잔푸마르산염",20210715,"","","Vonoprazan Fumarate(보노프라잔푸마르산염)",""
"투여기간주의","단일",D001410,"Vonoprazan Fumarate","보노프라잔푸마르산염","","필름코팅정",202601976,"보나잔정10밀리그램(보노프라잔푸마르산염)",20260707,"주식회사 노바엠헬스케어","연한 노란색의 타원형 필름코팅정",02320,"소화성궤양용제","전문의약품","[M269283]보노프라잔푸마르산염",20210715,"","","Vonoprazan Fumarate(보노프라잔푸마르산염)",""
"투여기간주의","단일",D001410,"Vonoprazan Fumarate","보노프라잔푸마르산염","","필름코팅정",202601982,"국제보노프라잔정10밀리그램(보노프라잔푸마르산염)",20260708,"국제약품(주)","연한 노란색의 타원형 필름코팅정",02320,"소화성궤양용제","전문의약품","[M269283]보노프라잔푸마르산염",20210715,"","","Vonoprazan Fumarate(보노프라잔푸마르산염)",""
"투여기간주의","단일",D001410,"Vonoprazan Fumarate","보노프라잔푸마르산염","","필름코팅정",202601983,"국제보노프라잔정20밀리그램(보노프라잔푸마르산염)",20260708,"국제약품(주)","분홍색의 타원형 필름코팅정",02320,"소화성궤양용제","전문의약품","[M269283]보노프라잔푸마르산염",20210715,"","","Vonoprazan Fumarate(보노프라잔푸마르산염)",""
"투여기간주의","단일",D001410,"Vonoprazan Fumarate","보노프라잔푸마르산염","","필름코팅정",202601984,"인트로보노프라잔정20밀리그램(보노프라잔푸마르산염)",20260708,"(주)인트로바이오파마","분홍색의 타원형 필름코팅정",02320,"소화성궤양용제","전문의약품","[M269283]보노프라잔푸마르산염",20210715,"","","Vonoprazan Fumarate(보노프라잔푸마르산염)",""
"투여기간주의","단일",D001410,"Vonoprazan Fumarate","보노프라잔푸마르산염","","필름코팅정",202601985,"인트로보노프라잔정10밀리그램(보노프라잔푸마르산염)",20260708,"(주)인트로바이오파마","연한 노란색의 타원형 필름코팅정",02320,"소화성궤양용제","전문의약품","[M269283]보노프라잔푸마르산염",20210715,"","","Vonoprazan Fumarate(보노프라잔푸마르산염)",""
"투여기간주의","단일",D001410,"Vonoprazan Fumarate","보노프라잔푸마르산염","","필름코팅정",202601988,"제이피캡정10밀리그램(보노프라잔푸마르산염)",20260708,"제이더블유중외제약(주)","연한 노란색의 타원형 필름코팅정",02320,"소화성궤양용제","전문의약품","[M269283]보노프라잔푸마르산염",20210715,"","","Vonoprazan Fumarate(보노프라잔푸마르산염)",""
"투여기간주의","단일",D001410,"Vonoprazan Fumarate","보노프라잔푸마르산염","","필름코팅정",202601989,"제이피캡정20밀리그램(보노프라잔푸마르산염)",20260708,"제이더블유중외제약(주)","분홍색의 타원형 필름코팅정",02320,"소화성궤양용제","전문의약품","[M269283]보노프라잔푸마르산염",20210715,"","","Vonoprazan Fumarate(보노프라잔푸마르산염)",""
"투여기간주의","단일",D001554,Racecadotril,"라세카도트릴","","경질캡슐제, 과립제",202300287,"라세카캡슐100밀리그램(라세카도트릴)",20230118,"영진약품(주)","흰색의 분말이 충진된 상하부 미황색의 경질캡슐제",02370,"정장제","전문의약품","[M090882]라세카도트릴",20220527,"","주성분 함량 10mg, 30mg, 100mg, 캡슐제, 산제","Racecadotril(라세카도트릴)",""
"투여기간주의","단일",D001555,N(2)-L-Alanyl-L-glutamine,"N(2)-L-알라닐-L-글루타민","","수액제",202502388,"메리트지주(N(2)-L-알라닐-L-글루타민)",20250909,"(주)휴온스","수액용 고무마개를 한 무색투명한 유리용기에 든 무색의 투명한 용액",03250,"단백아미노산제제","전문의약품","[M111326]N(2)-L-알라닐-L-글루타민",20220527,"","주성분 함량 20g/100mL, 주사제","N(2)-L-Alanyl-L-glutamine(N(2)-L-알라닐-L-글루타민)",""
"투여기간주의","단일",D001556,"Purified Fish Oil (High Dose Omega-3 Fatty Acids)","정제어유(고단위 오메가-3 지방산 함유)","","유화주사제",201602121,"오메가벤주(정제어유(고단위 오메가-3지방산 함유))",20160415,"프레지니우스카비코리아(주)","백색의 균질한 유화액이 들어있는 수액용 바이알",03290,"기타의 자양강장변질제","전문의약품","[M245287]정제어유(고단위 오메가-3 지방산 함유)",20220527,"","주성분 함량 10g/100mL, 주사제","Purified Fish Oil (High Dose Omega-3 Fatty Acids)(정제어유(고단위 오메가-3 지방산 함유))",""
"투여기간주의","복합",D000893,"Chlorpheniramine Maleate","클로르페니라민말레산염","[D001767]Dipotassium Glycyrrhizinate(글리시리진산이칼륨)/[D001768]Naphazoline(나파졸린)","일반액상분무제",198900833,"나리스타에스점비액(수출명:듀라존점비액,나소존점비액)",19890425,"삼천당제약(주)","특이한 방향성이 있는 무색투명한 액체",01320,"이비과용제","일반의약품","[M222937]나파졸린염산염/[M223211]클로르페니라민말레산염/[M256386]글리시리진산이칼륨",20250530,"","","Chlorpheniramine Maleate(클로르페니라민말레산염)",20160112
"투여기간주의","복합",D001300,Bisacodyl,"비사코딜","[D001656]Docusate sodium(도큐세이트나트륨)/[D001660]Senna leaf powder(센나엽가루)/[D001658]Tinnevelly senna fruit powder(티니벨리센나열매가루)","장용성필름코팅정",199000622,"비카린정(수출용)",19901107,"(주)마더스제약","연녹색 원형의 장용성 필름코팅정",02380,"하제, 완장제","일반의약품","[M081393]센나열매가루/[M081899]센나엽가루/[M081910]센나열매엑스/[M050687]비사코딜",20231108,"","","Bisacodyl(비사코딜)",20141222
"투여기간주의","복합",D001670,"Sennae Fructus","센나열매","[D001669]Psyllium husk(차전자피)","과립제",199200535,"비장원과립",19921201,"신화제약(주)","갈색의 과립제",02380,"하제, 완장제","일반의약품","[M081198]차전자피/[M050805]센나열매",20231108,"","","Sennae Fructus(센나열매)",20200601
"투여기간주의","복합",D001657,"Sennae Fructus","센나열매","[D001669]Psyllium husk(차전자피)","과립제",199200535,"비장원과립",19921201,"신화제약(주)","갈색의 과립제",02380,"하제, 완장제","일반의약품","[M081198]차전자피/[M050805]센나열매",20231108,"","","Sennae Fructus(센나열매)",20200601
"투여기간주의","복합",D001657,"Sennae Fructus","센나열매","[D001671]Psyllium husk powder(차전자피가루)","과립제",199200535,"비장원과립",19921201,"신화제약(주)","갈색의 과립제",02380,"하제, 완장제","일반의약품","[M081198]차전자피/[M050805]센나열매",20231108,"","","Sennae Fructus(센나열매)",20200601
"투여기간주의","복합",D001300,Bisacodyl,"비사코딜","[D001656]Docusate sodium(도큐세이트나트륨)","장용성필름코팅정",199302061,"듀오락스정",19930421,"영일제약(주)","황색의 원형 장용성필름코팅정",02380,"하제, 완장제","일반의약품","[M050687]비사코딜/[M081950]도큐세이트나트륨",20231108,"","","Bisacodyl(비사코딜)",20200714
"투여기간주의","복합",D001300,Bisacodyl,"비사코딜","[D001656]Docusate sodium(도큐세이트나트륨)","필름코팅정",199400872,"메이킨에스정(수출용)",19941209,"명인제약(주)","녹색의 타원형 필름코팅정",02380,"하제, 완장제","일반의약품","[M050687]비사코딜/[M201737]카산트라놀/[M040078]데히드로콜린산/[M081950]도큐세이트나트륨",20231108,"","","Bisacodyl(비사코딜)",20201202
"투여기간주의","복합",D001670,"Sennae Fructus","센나열매","[D001669]Psyllium husk(차전자피)","과립제",199700671,"생장환과립",19970923,"정우신약(주)","갈색의 과립제",02380,"하제, 완장제","일반의약품","[M081198]차전자피/[M050805]센나열매",20231108,"","","Sennae Fructus(센나열매)",20200601
"투여기간주의","복합",D001657,"Sennae Fructus","센나열매","[D001669]Psyllium husk(차전자피)","과립제",199700671,"생장환과립",19970923,"정우신약(주)","갈색의 과립제",02380,"하제, 완장제","일반의약품","[M081198]차전자피/[M050805]센나열매",20231108,"","","Sennae Fructus(센나열매)",20200601
"투여기간주의","복합",D001657,"Sennae Fructus","센나열매","[D001671]Psyllium husk powder(차전자피가루)","과립제",199700671,"생장환과립",19970923,"정우신약(주)","갈색의 과립제",02380,"하제, 완장제","일반의약품","[M081198]차전자피/[M050805]센나열매",20231108,"","","Sennae Fructus(센나열매)",20200601
"투여기간주의","복합",D001657,"Sennae Fructus Powder","센나열매가루","[D001671]Psyllium husk powder(차전자피가루)","과립제",199701919,"루비락스과립",19970303,"(주)아이월드제약","갈색의 과립제이다.",02380,"하제, 완장제","일반의약품","[M097831]차전자피가루/[M081393]센나열매가루",20231108,"","","Sennae Fructus Powder(센나열매가루)",20150209
"투여기간주의","복합",D000764,"Sodium Hydrogen Phosphate","인산일수소나트륨","[D000576]Sodium dihydrogen Phosphate(인산이수소나트륨)","관장제",199702005,"렉크린액(인산나트륨에네마)",19971128,"하이플생명과학(주)","무색의 투명한 액제",02380,"하제, 완장제","일반의약품","[M051286]인산이수소나트륨/[M040513]인산일수소나트륨",20250530,"","","Sodium Hydrogen Phosphate(인산일수소나트륨)",20181015
"투여기간주의","복합",D001670,"Sennae Fructus","센나열매","[D001669]Psyllium husk(차전자피)","과립제",200002316,"나이스과립",20001218,"오스틴제약(주)","갈색의 과립제",02380,"하제, 완장제","일반의약품","[M081198]차전자피/[M050805]센나열매",20231108,"","","Sennae Fructus(센나열매)",20210126
"투여기간주의","복합",D001657,"Sennae Fructus","센나열매","[D001669]Psyllium husk(차전자피)","과립제",200002316,"나이스과립",20001218,"오스틴제약(주)","갈색의 과립제",02380,"하제, 완장제","일반의약품","[M081198]차전자피/[M050805]센나열매",20231108,"","","Sennae Fructus(센나열매)",20210126
"투여기간주의","복합",D001657,"Sennae Fructus","센나열매","[D001671]Psyllium husk powder(차전자피가루)","과립제",200002316,"나이스과립",20001218,"오스틴제약(주)","갈색의 과립제",02380,"하제, 완장제","일반의약품","[M081198]차전자피/[M050805]센나열매",20231108,"","","Sennae Fructus(센나열매)",20210126
"투여기간주의","복합",D001670,"Sennae Fructus","센나열매","[D001669]Psyllium husk(차전자피)","과립제",200100074,"굿모닝에프과립",20010426,"(주)한풍제약","갈색의 과립",02380,"하제, 완장제","일반의약품","[M040073]대황/[M050805]센나열매/[M081198]차전자피/[M082727]감초엑스산/[M090093]작약엑스산/[M089515]대추엑스산/[M110942]육계 엑스산/[M089512]생강엑스산",20231108,"","","Sennae Fructus(센나열매)",20191216
"투여기간주의","복합",D001657,"Sennae Fructus","센나열매","[D001669]Psyllium husk(차전자피)","과립제",200100074,"굿모닝에프과립",20010426,"(주)한풍제약","갈색의 과립",02380,"하제, 완장제","일반의약품","[M040073]대황/[M050805]센나열매/[M081198]차전자피/[M082727]감초엑스산/[M090093]작약엑스산/[M089515]대추엑스산/[M110942]육계 엑스산/[M089512]생강엑스산",20231108,"","","Sennae Fructus(센나열매)",20191216
"투여기간주의","복합",D001657,"Sennae Fructus","센나열매","[D001671]Psyllium husk powder(차전자피가루)","과립제",200100074,"굿모닝에프과립",20010426,"(주)한풍제약","갈색의 과립",02380,"하제, 완장제","일반의약품","[M040073]대황/[M050805]센나열매/[M081198]차전자피/[M082727]감초엑스산/[M090093]작약엑스산/[M089515]대추엑스산/[M110942]육계 엑스산/[M089512]생강엑스산",20231108,"","","Sennae Fructus(센나열매)",20191216
"투여기간주의","복합",D001670,"Sennae Fructus","센나열매","[D001669]Psyllium husk(차전자피)/[D001686]Cinnamon bark extract powder(육계엑스산)/[D001664]Glycyrrhiza extract powder(감초엑스산)/[D001687]Jujube extract powder(대추엑스산)/[D001665]Peony root extract powder(작약엑스산)/[D001685]Raw ginger extract powder(생강엑스산)/[D001675]Rhubarb powder(대황가루)","과립제",200100074,"굿모닝에프과립",20010426,"(주)한풍제약","갈색의 과립",02380,"하제, 완장제","일반의약품","[M040073]대황/[M050805]센나열매/[M081198]차전자피/[M082727]감초엑스산/[M090093]작약엑스산/[M089515]대추엑스산/[M110942]육계 엑스산/[M089512]생강엑스산",20231108,"","","Sennae Fructus(센나열매)",20191216
"투여기간주의","복합",D001300,Bisacodyl,"비사코딜","[D001656]Docusate sodium(도큐세이트나트륨)","장용성필름코팅정",200200414,"생장환에스정",20020726,"정우신약(주)","녹색의 원형 장용성 필름코팅정제",02380,"하제, 완장제","일반의약품","[M081950]도큐세이트나트륨/[M081899]센나엽가루/[M237598]Tinnevelly 센나열매가루/[M050687]비사코딜",20231108,"","","Bisacodyl(비사코딜)",20250830
"투여기간주의","복합",D001300,Bisacodyl,"비사코딜","[D001656]Docusate sodium(도큐세이트나트륨)/[D001660]Senna leaf powder(센나엽가루)","장용성필름코팅정",200200414,"생장환에스정",20020726,"정우신약(주)","녹색의 원형 장용성 필름코팅정제",02380,"하제, 완장제","일반의약품","[M081950]도큐세이트나트륨/[M081899]센나엽가루/[M237598]Tinnevelly 센나열매가루/[M050687]비사코딜",20231108,"","","Bisacodyl(비사코딜)",20250830
"투여기간주의","복합",D001300,Bisacodyl,"비사코딜","[D001656]Docusate sodium(도큐세이트나트륨)/[D001661]Sennoside calcium(센노사이드칼슘)","장용성필름코팅정",200200414,"생장환에스정",20020726,"정우신약(주)","녹색의 원형 장용성 필름코팅정제",02380,"하제, 완장제","일반의약품","[M081950]도큐세이트나트륨/[M081899]센나엽가루/[M237598]Tinnevelly 센나열매가루/[M050687]비사코딜",20231108,"","","Bisacodyl(비사코딜)",20250830
"투여기간주의","복합",D001300,Bisacodyl,"비사코딜","[D001656]Docusate sodium(도큐세이트나트륨)/[D001660]Senna leaf powder(센나엽가루)/[D001658]Tinnevelly senna fruit powder(티니벨리센나열매가루)","장용성필름코팅정",200200414,"생장환에스정",20020726,"정우신약(주)","녹색의 원형 장용성 필름코팅정제",02380,"하제, 완장제","일반의약품","[M081950]도큐세이트나트륨/[M081899]센나엽가루/[M237598]Tinnevelly 센나열매가루/[M050687]비사코딜",20231108,"","","Bisacodyl(비사코딜)",20250830
"투여기간주의","복합",D001670,"Sennae Fructus","센나열매","[D001669]Psyllium husk(차전자피)","과립제",200202981,"미네르바과립",20020102,"한솔신약(주)","갈색 과립",02380,"하제, 완장제","일반의약품","[M081198]차전자피/[M050805]센나열매",20231108,"","","Sennae Fructus(센나열매)",20200604
"투여기간주의","복합",D001657,"Sennae Fructus","센나열매","[D001669]Psyllium husk(차전자피)","과립제",200202981,"미네르바과립",20020102,"한솔신약(주)","갈색 과립",02380,"하제, 완장제","일반의약품","[M081198]차전자피/[M050805]센나열매",20231108,"","","Sennae Fructus(센나열매)",20200604
"투여기간주의","복합",D001657,"Sennae Fructus","센나열매","[D001671]Psyllium husk powder(차전자피가루)","과립제",200202981,"미네르바과립",20020102,"한솔신약(주)","갈색 과립",02380,"하제, 완장제","일반의약품","[M081198]차전자피/[M050805]센나열매",20231108,"","","Sennae Fructus(센나열매)",20200604
"투여기간주의","단일",D001651,"Xylometazoline Hydrochloride","자일로메타졸린염산염","","일반액상분무제",200209700,"오트리빈0.05%비강분무액(자일로메타졸린염산염)",20021230,"헤일리온코리아주식회사","일정량씩 분무되는 용기에 든 무색 투명 내지 연한 노란색의 액",01320,"이비과용제","일반의약품","[M257887]자일로메타졸린염산염",20231108,"","","Xylometazoline Hydrochloride(자일로메타졸린염산염)",20220201
"투여기간주의","복합",D001670,"Sennae Fructus","센나열매","[D001669]Psyllium husk(차전자피)","과립제",200401696,"변쾌락과립",20040602,"익수제약(주)","흑갈색의 과립제",02380,"하제, 완장제","일반의약품","[M081198]차전자피/[M050805]센나열매",20231108,"","","Sennae Fructus(센나열매)",20200615
"투여기간주의","복합",D001657,"Sennae Fructus","센나열매","[D001669]Psyllium husk(차전자피)","과립제",200401696,"변쾌락과립",20040602,"익수제약(주)","흑갈색의 과립제",02380,"하제, 완장제","일반의약품","[M081198]차전자피/[M050805]센나열매",20231108,"","","Sennae Fructus(센나열매)",20200615
"투여기간주의","복합",D001657,"Sennae Fructus","센나열매","[D001671]Psyllium husk powder(차전자피가루)","과립제",200401696,"변쾌락과립",20040602,"익수제약(주)","흑갈색의 과립제",02380,"하제, 완장제","일반의약품","[M081198]차전자피/[M050805]센나열매",20231108,"","","Sennae Fructus(센나열매)",20200615
"투여기간주의","복합",D001670,"Sennae Fructus","센나열매","[D001669]Psyllium husk(차전자피)","과립제",200700037,"경진유락과립",20070103,"경진제약(주)","갈색의 과립제",02380,"하제, 완장제","일반의약품","[M081198]차전자피/[M050805]센나열매",20231108,"","","Sennae Fructus(센나열매)",20200521
"투여기간주의","복합",D001657,"Sennae Fructus","센나열매","[D001669]Psyllium husk(차전자피)","과립제",200700037,"경진유락과립",20070103,"경진제약(주)","갈색의 과립제",02380,"하제, 완장제","일반의약품","[M081198]차전자피/[M050805]센나열매",20231108,"","","Sennae Fructus(센나열매)",20200521
"투여기간주의","복합",D001657,"Sennae Fructus","센나열매","[D001671]Psyllium husk powder(차전자피가루)","과립제",200700037,"경진유락과립",20070103,"경진제약(주)","갈색의 과립제",02380,"하제, 완장제","일반의약품","[M081198]차전자피/[M050805]센나열매",20231108,"","","Sennae Fructus(센나열매)",20200521
"투여기간주의","복합",D001300,Bisacodyl,"비사코딜","[D001656]Docusate sodium(도큐세이트나트륨)","장용성필름코팅정",200709861,"엠티정",20070827,"명문제약(주)","황색의 광택이 있는 장용성 원형 필름제피정",02380,"하제, 완장제","일반의약품","[M081950]도큐세이트나트륨/[M050687]비사코딜",20231108,"","","Bisacodyl(비사코딜)",20200512
"투여기간주의","복합",D001300,Bisacodyl,"비사코딜","[D001656]Docusate sodium(도큐세이트나트륨)","필름코팅정",200712401,"아락실큐정",20071113,"부광약품(주)","엷은 연두색의 원형 필름코팅정",02380,"하제, 완장제","일반의약품","[M050687]비사코딜/[M081950]도큐세이트나트륨/[M090093]작약엑스산/[M223167]우르소데옥시콜산/[M204304]피리독신염산염/[M244748]판토텐산칼슘",20231108,"","","Bisacodyl(비사코딜)",20181022
"투여기간주의","복합",D001300,Bisacodyl,"비사코딜","[D001656]Docusate sodium(도큐세이트나트륨)/[D001499]Ursodeoxycholic Acid(우르소데옥시콜산)/[D001665]Peony root extract powder(작약엑스산)/[D001265]Pyridoxine Hydrochloride(피리독신염산염)/[D001521]Calcium pantothenate(판토텐산칼슘)","필름코팅정",200712401,"아락실큐정",20071113,"부광약품(주)","엷은 연두색의 원형 필름코팅정",02380,"하제, 완장제","일반의약품","[M050687]비사코딜/[M081950]도큐세이트나트륨/[M090093]작약엑스산/[M223167]우르소데옥시콜산/[M204304]피리독신염산염/[M244748]판토텐산칼슘",20231108,"","","Bisacodyl(비사코딜)",20181022
"투여기간주의","복합",D001300,Bisacodyl,"비사코딜","[D001656]Docusate sodium(도큐세이트나트륨)","장용성필름코팅정",200807582,"코딜로드정",20080709,"(주)아이월드제약","녹색의 원형 장용성 필름코팅정제",02380,"하제, 완장제","일반의약품","[M081950]도큐세이트나트륨/[M081899]센나엽가루/[M081393]센나열매가루/[M050687]비사코딜",20231108,"","","Bisacodyl(비사코딜)",20200508
"투여기간주의","복합",D001300,Bisacodyl,"비사코딜","[D001656]Docusate sodium(도큐세이트나트륨)/[D001660]Senna leaf powder(센나엽가루)/[D001658]Tinnevelly senna fruit powder(티니벨리센나열매가루)","장용성필름코팅정",200807582,"코딜로드정",20080709,"(주)아이월드제약","녹색의 원형 장용성 필름코팅정제",02380,"하제, 완장제","일반의약품","[M081950]도큐세이트나트륨/[M081899]센나엽가루/[M081393]센나열매가루/[M050687]비사코딜",20231108,"","","Bisacodyl(비사코딜)",20200508
"투여기간주의","복합",D001300,Bisacodyl,"비사코딜","[D001656]Docusate sodium(도큐세이트나트륨)","장용정",200904507,"다이락스-큐정",20090626,"조아제약(주)","연두색의 원형 장용성 정제",02380,"하제, 완장제","일반의약품","[M050687]비사코딜/[M081950]도큐세이트나트륨/[M223167]우르소데옥시콜산",20231108,"","","Bisacodyl(비사코딜)",20120618
"투여기간주의","복합",D001300,Bisacodyl,"비사코딜","[D001656]Docusate sodium(도큐세이트나트륨)","장용성필름코팅정",200905490,"씨락정",20090716,"에이치엘비제약(주)","연녹색의 원형 장용성 필름코팅정",02380,"하제, 완장제","일반의약품","[M081950]도큐세이트나트륨/[M050687]비사코딜",20231108,"","","Bisacodyl(비사코딜)",20200428
"투여기간주의","복합",D001300,Bisacodyl,"비사코딜","[D001656]Docusate sodium(도큐세이트나트륨)","장용성당의정",200906478,"둘코락스에스장용정",20090821,"오펠라헬스케어코리아(주)","황색의 광택있는 원형 장용성정제",02380,"하제, 완장제","일반의약품","[M050687]비사코딜/[M081950]도큐세이트나트륨",20231108,"","","Bisacodyl(비사코딜)",20201201
"투여기간주의","복합",D001300,Bisacodyl,"비사코딜","[D001656]Docusate sodium(도큐세이트나트륨)","장용성당의정",201105106,"액티큐정",20110808,"알보젠코리아(주)","연두색 원형의 장용성 필름 코팅정",02380,"하제, 완장제","일반의약품","[M050687]비사코딜/[M081950]도큐세이트나트륨",20231108,"","","Bisacodyl(비사코딜)",20201019
"투여기간주의","복합",D001300,Bisacodyl,"비사코딜","[D001656]Docusate sodium(도큐세이트나트륨)","장용성필름코팅정",201206771,"비코실린정",20120913,"한솔신약(주)","녹색의 원형 장용성 필름코팅정제",02380,"하제, 완장제","일반의약품","[M081950]도큐세이트나트륨/[M081899]센나엽가루/[M237598]Tinnevelly 센나열매가루/[M050687]비사코딜",20231108,"","","Bisacodyl(비사코딜)",20200804
"투여기간주의","복합",D001300,Bisacodyl,"비사코딜","[D001656]Docusate sodium(도큐세이트나트륨)/[D001660]Senna leaf powder(센나엽가루)","장용성필름코팅정",201206771,"비코실린정",20120913,"한솔신약(주)","녹색의 원형 장용성 필름코팅정제",02380,"하제, 완장제","일반의약품","[M081950]도큐세이트나트륨/[M081899]센나엽가루/[M237598]Tinnevelly 센나열매가루/[M050687]비사코딜",20231108,"","","Bisacodyl(비사코딜)",20200804
"투여기간주의","복합",D001300,Bisacodyl,"비사코딜","[D001656]Docusate sodium(도큐세이트나트륨)/[D001661]Sennoside calcium(센노사이드칼슘)","장용성필름코팅정",201206771,"비코실린정",20120913,"한솔신약(주)","녹색의 원형 장용성 필름코팅정제",02380,"하제, 완장제","일반의약품","[M081950]도큐세이트나트륨/[M081899]센나엽가루/[M237598]Tinnevelly 센나열매가루/[M050687]비사코딜",20231108,"","","Bisacodyl(비사코딜)",20200804
"투여기간주의","복합",D001300,Bisacodyl,"비사코딜","[D001656]Docusate sodium(도큐세이트나트륨)/[D001660]Senna leaf powder(센나엽가루)/[D001658]Tinnevelly senna fruit powder(티니벨리센나열매가루)","장용성필름코팅정",201206771,"비코실린정",20120913,"한솔신약(주)","녹색의 원형 장용성 필름코팅정제",02380,"하제, 완장제","일반의약품","[M081950]도큐세이트나트륨/[M081899]센나엽가루/[M237598]Tinnevelly 센나열매가루/[M050687]비사코딜",20231108,"","","Bisacodyl(비사코딜)",20200804
"투여기간주의","단일",D001651,"Xylometazoline Hydrochloride","자일로메타졸린염산염","","정량액상분무제",201309222,"화이투벤나잘스프레이0.05%(자일로메타졸린염산염)",20130906,"동화약품(주)","일정량씩 분무되는 용기에 든 무색 내지 거의 무색의 투명한 액",01320,"이비과용제","일반의약품","[M257887]자일로메타졸린염산염",20231108,"","","Xylometazoline Hydrochloride(자일로메타졸린염산염)",20210209
"투여기간주의","단일",D001651,"Xylometazoline Hydrochloride","자일로메타졸린염산염","","정량액상분무제",201309223,"화이투벤나잘스프레이0.1%(자일로메타졸린염산염)/화이투벤멘톨나잘스프레이0.1%(자일로메타졸린염산염)",20130906,"동화약품(주)","- 화이투벤나잘스프레이1mg/mL : 일정량씩 분무되는 용기에 든 무색 내지 거의 무색의 투명한 액- 화이투벤멘톨나잘스프레이1mg/mL : 일정량씩 분무되는 용기에 든 결정형이 없는 박하향의 무색 내지 거의 무색의 액",01320,"이비과용제","일반의약품","[M257887]자일로메타졸린염산염/[M257887]자일로메타졸린염산염",20231108,"","","Xylometazoline Hydrochloride(자일로메타졸린염산염)",20210209
"투여기간주의","복합",D001300,Bisacodyl,"비사코딜","[D001656]Docusate sodium(도큐세이트나트륨)","장용성필름코팅정",201401944,"장제로정",20140422,"일양약품(주)","초록색의 원형 장용성 필름코팅정",02380,"하제, 완장제","일반의약품","[M050687]비사코딜/[M081950]도큐세이트나트륨",20231108,"","","Bisacodyl(비사코딜)",20210304
"투여기간주의","단일",D001651,"Xylometazoline Hydrochloride","자일로메타졸린염산염","","일반액상분무제",201402082,"메타리빈액0.1%(자일로메타졸린염산염)",20140501,"태극제약(주)","무색 내지 연한 노란색의 투명한 액제",01320,"이비과용제","일반의약품","[M257887]자일로메타졸린염산염",20231108,"","","Xylometazoline Hydrochloride(자일로메타졸린염산염)",20220201
"투여기간주의","복합",D001300,Bisacodyl,"비사코딜","[D001656]Docusate sodium(도큐세이트나트륨)","장용성필름코팅정",201404271,"디센트에스정",20140919,"(주)바이넥스","연두색의 원형 장용필름코팅정",02380,"하제, 완장제","일반의약품","[M050687]비사코딜/[M081950]도큐세이트나트륨",20231108,"","","Bisacodyl(비사코딜)",20150216
"투여기간주의","복합",D001300,Bisacodyl,"비사코딜","[D001656]Docusate sodium(도큐세이트나트륨)","장용성필름코팅정",201404670,"비센큐정",20141013,"(주)마더스제약","녹색의 원형 장용성 필름코팅정제",02380,"하제, 완장제","일반의약품","[M081950]도큐세이트나트륨/[M081899]센나엽가루/[M050687]비사코딜",20231108,"","","Bisacodyl(비사코딜)",20141222
"투여기간주의","복합",D001300,Bisacodyl,"비사코딜","[D001656]Docusate sodium(도큐세이트나트륨)/[D001660]Senna leaf powder(센나엽가루)","장용성필름코팅정",201404670,"비센큐정",20141013,"(주)마더스제약","녹색의 원형 장용성 필름코팅정제",02380,"하제, 완장제","일반의약품","[M081950]도큐세이트나트륨/[M081899]센나엽가루/[M050687]비사코딜",20231108,"","","Bisacodyl(비사코딜)",20141222
"투여기간주의","복합",D001300,Bisacodyl,"비사코딜","[D001656]Docusate sodium(도큐세이트나트륨)/[D001661]Sennoside calcium(센노사이드칼슘)","장용성필름코팅정",201404670,"비센큐정",20141013,"(주)마더스제약","녹색의 원형 장용성 필름코팅정제",02380,"하제, 완장제","일반의약품","[M081950]도큐세이트나트륨/[M081899]센나엽가루/[M050687]비사코딜",20231108,"","","Bisacodyl(비사코딜)",20141222
"투여기간주의","복합",D001300,Bisacodyl,"비사코딜","[D001656]Docusate sodium(도큐세이트나트륨)","장용성필름코팅정",201405042,"메이킨큐장용정",20141030,"명인제약(주)","녹색의 원형 장용성 필름코팅정",02380,"하제, 완장제","일반의약품","[M050687]비사코딜/[M201737]카산트라놀/[M081950]도큐세이트나트륨/[M223167]우르소데옥시콜산",20231108,"","","Bisacodyl(비사코딜)",20150501
"투여기간주의","복합",D001300,Bisacodyl,"비사코딜","[D001656]Docusate sodium(도큐세이트나트륨)/[D001499]Ursodeoxycholic Acid(우르소데옥시콜산)/[D001663]Casanthranol(카산트라놀)","장용성필름코팅정",201405042,"메이킨큐장용정",20141030,"명인제약(주)","녹색의 원형 장용성 필름코팅정",02380,"하제, 완장제","일반의약품","[M050687]비사코딜/[M201737]카산트라놀/[M081950]도큐세이트나트륨/[M223167]우르소데옥시콜산",20231108,"","","Bisacodyl(비사코딜)",20150501
"투여기간주의","복합",D001300,Bisacodyl,"비사코딜","[D001656]Docusate sodium(도큐세이트나트륨)","장용성필름코팅정",201502323,"비사큐정",20150416,"태극제약(주)","연두색의 원형 장용필름코팅정",02380,"하제, 완장제","일반의약품","[M050687]비사코딜/[M081950]도큐세이트나트륨",20231108,"","","Bisacodyl(비사코딜)",20150427
"투여기간주의","단일",D001651,"Xylometazoline Hydrochloride","자일로메타졸린염산염","","일반액상분무제",201502828,"나리스타자일로점비액(자일로메타졸린염산염)",20150512,"삼천당제약(주)","무색 내지 연한 노란색의 투명한 액제",01320,"이비과용제","일반의약품","[M257887]자일로메타졸린염산염",20231108,"","","Xylometazoline Hydrochloride(자일로메타졸린염산염)",20220201
"투여기간주의","복합",D001651,"Xylometazoline Hydrochloride","자일로메타졸린염산염","[D000893]Chlorpheniramine(클로르페니라민)","일반액상분무제",201505113,"코앤쿨나잘스프레이",20150728,"한미약품(주)","일정량씩 분무되는 용기에 든 무색 투명한 액제",01320,"이비과용제","일반의약품","[M257887]자일로메타졸린염산염/[M223211]클로르페니라민말레산염",20231108,"","","Xylometazoline Hydrochloride(자일로메타졸린염산염)",20220201
"투여기간주의","복합",D001300,Bisacodyl,"비사코딜","[D001656]Docusate sodium(도큐세이트나트륨)","장용성필름코팅정",201507403,"세노비아에프정",20151028,"(주)한국파비스제약","녹색의 원형 장용성 필름코팅정제",02380,"하제, 완장제","일반의약품","[M081950]도큐세이트나트륨/[M081899]센나엽가루/[M050687]비사코딜",20231108,"","","Bisacodyl(비사코딜)",20200916
"투여기간주의","복합",D001300,Bisacodyl,"비사코딜","[D001656]Docusate sodium(도큐세이트나트륨)/[D001660]Senna leaf powder(센나엽가루)","장용성필름코팅정",201507403,"세노비아에프정",20151028,"(주)한국파비스제약","녹색의 원형 장용성 필름코팅정제",02380,"하제, 완장제","일반의약품","[M081950]도큐세이트나트륨/[M081899]센나엽가루/[M050687]비사코딜",20231108,"","","Bisacodyl(비사코딜)",20200916
"투여기간주의","복합",D001300,Bisacodyl,"비사코딜","[D001656]Docusate sodium(도큐세이트나트륨)/[D001661]Sennoside calcium(센노사이드칼슘)","장용성필름코팅정",201507403,"세노비아에프정",20151028,"(주)한국파비스제약","녹색의 원형 장용성 필름코팅정제",02380,"하제, 완장제","일반의약품","[M081950]도큐세이트나트륨/[M081899]센나엽가루/[M050687]비사코딜",20231108,"","","Bisacodyl(비사코딜)",20200916
"투여기간주의","단일",D001651,"Xylometazoline Hydrochloride","자일로메타졸린염산염","","일반액상분무제",201507723,"미놀노즈점비액(자일로메타졸린염산염)",20151113,"경남제약(주)","박하향의 무색 내지 미백색의 액제가 함유된 분무제",01320,"이비과용제","일반의약품","[M257887]자일로메타졸린염산염",20231108,"","","Xylometazoline Hydrochloride(자일로메타졸린염산염)",20220201
"투여기간주의","복합",D001300,Bisacodyl,"비사코딜","[D001656]Docusate sodium(도큐세이트나트륨)","장용성필름코팅정",201601522,"큐락스정",20160315,"(주)휴비스트제약","연두색의 원형 장용필름코팅정",02380,"하제, 완장제","일반의약품","[M050687]비사코딜/[M081950]도큐세이트나트륨",20231108,"","","Bisacodyl(비사코딜)",20201211
"투여기간주의","복합",D001651,"Xylometazoline Hydrochloride","자일로메타졸린염산염","[D000893]Chlorpheniramine(클로르페니라민)","일반액상분무제",201602094,"하벤플러스나잘스프레이",20160414,"고려제약(주)","일정량씩 분무되는 용기에 든 무색 투명한 점비액제",01320,"이비과용제","일반의약품","[M257887]자일로메타졸린염산염/[M223211]클로르페니라민말레산염",20231108,"","","Xylometazoline Hydrochloride(자일로메타졸린염산염)",20220201
"투여기간주의","복합",D001300,Bisacodyl,"비사코딜","[D001656]Docusate sodium(도큐세이트나트륨)","장용성필름코팅정",201701296,"슈락스골드장용정",20170315,"영풍제약(주)","황색의 원형 장용성필름코팅정",02380,"하제, 완장제","일반의약품","[M050687]비사코딜/[M081950]도큐세이트나트륨",20231108,"","","Bisacodyl(비사코딜)",20170404
"투여기간주의","복합",D001300,Bisacodyl,"비사코딜","[D001656]Docusate sodium(도큐세이트나트륨)","장용성필름코팅정",201706690,"듀오그린정",20170821,"한국신텍스제약(주)","녹색의 원형 장용성 필름코팅정제",02380,"하제, 완장제","일반의약품","[M081950]도큐세이트나트륨/[M081899]센나엽가루/[M237598]Tinnevelly 센나열매가루/[M050687]비사코딜",20231108,"","","Bisacodyl(비사코딜)",20200316
"투여기간주의","복합",D001300,Bisacodyl,"비사코딜","[D001656]Docusate sodium(도큐세이트나트륨)/[D001660]Senna leaf powder(센나엽가루)","장용성필름코팅정",201706690,"듀오그린정",20170821,"한국신텍스제약(주)","녹색의 원형 장용성 필름코팅정제",02380,"하제, 완장제","일반의약품","[M081950]도큐세이트나트륨/[M081899]센나엽가루/[M237598]Tinnevelly 센나열매가루/[M050687]비사코딜",20231108,"","","Bisacodyl(비사코딜)",20200316
"투여기간주의","복합",D001300,Bisacodyl,"비사코딜","[D001656]Docusate sodium(도큐세이트나트륨)/[D001661]Sennoside calcium(센노사이드칼슘)","장용성필름코팅정",201706690,"듀오그린정",20170821,"한국신텍스제약(주)","녹색의 원형 장용성 필름코팅정제",02380,"하제, 완장제","일반의약품","[M081950]도큐세이트나트륨/[M081899]센나엽가루/[M237598]Tinnevelly 센나열매가루/[M050687]비사코딜",20231108,"","","Bisacodyl(비사코딜)",20200316
"투여기간주의","복합",D001300,Bisacodyl,"비사코딜","[D001656]Docusate sodium(도큐세이트나트륨)/[D001660]Senna leaf powder(센나엽가루)/[D001658]Tinnevelly senna fruit powder(티니벨리센나열매가루)","장용성필름코팅정",201706690,"듀오그린정",20170821,"한국신텍스제약(주)","녹색의 원형 장용성 필름코팅정제",02380,"하제, 완장제","일반의약품","[M081950]도큐세이트나트륨/[M081899]센나엽가루/[M237598]Tinnevelly 센나열매가루/[M050687]비사코딜",20231108,"","","Bisacodyl(비사코딜)",20200316
"투여기간주의","단일",D001651,"Xylometazoline Hydrochloride","자일로메타졸린염산염","","일반액상분무제",201707899,"화콜나잘스프레이0.1%(자일로메타졸린염산염)(무향,멘톨향)",20171115,"제이더블유중외제약(주)","무향 : 일정량씩 분무되는 용기에 든 무색 내지 거의 무색의 투명한 액멘톨향 : 일정량씩 분무되는 용기에 든 결정형이 없는 박하향의 무색 내지 거의 무색의 액",01320,"이비과용제","일반의약품","[M257887]자일로메타졸린염산염/[M257887]자일로메타졸린염산염",20231108,"","","Xylometazoline Hydrochloride(자일로메타졸린염산염)",20220201
"투여기간주의","단일",D001651,"Xylometazoline Hydrochloride","자일로메타졸린염산염","","일반액상분무제",201707900,"화콜나잘스프레이0.05%(자일로메타졸린염산염)",20171115,"제이더블유중외제약(주)","일정량씩 분무되는 용기에 든 무색 내지 거의 무색의 투명한 액",01320,"이비과용제","일반의약품","[M257887]자일로메타졸린염산염",20231108,"","","Xylometazoline Hydrochloride(자일로메타졸린염산염)",20220201
"투여기간주의","복합",D001670,"Sennae Fructus","센나열매","[D001673]Senna leaf(센나엽)/[D001142]Citrus Unshiu Peel(진피)/[D001672]Magnolia bark(후박)","환제",201801700,"장락에프환",20180420,"신화제약(주)","흑갈색의 환제",02380,"하제, 완장제","일반의약품","[M050805]센나열매/[M082795]센나엽/[M040538]진피/[M040813]후박",20231108,"","","Sennae Fructus(센나열매)",20180528
"투여기간주의","복합",D001651,"Xylometazoline Hydrochloride","자일로메타졸린염산염","[D000893]Chlorpheniramine(클로르페니라민)","점비액제",201803217,"콜대원코나에스나잘스프레이액",20180807,"대원제약(주)","일정량씩 분무되는 용기에 든 무색 투명한 액제",01320,"이비과용제","일반의약품","[M257887]자일로메타졸린염산염/[M223211]클로르페니라민말레산염",20231108,"","","Xylometazoline Hydrochloride(자일로메타졸린염산염)",20220201
"투여기간주의","복합",D001651,"Xylometazoline Hydrochloride","자일로메타졸린염산염","[D001655]L-carbocysteine(L-카르보시스테인)","점비액제",201907005,"노즈원큐나잘스프레이(무향,멘톨향)",20191001,"동아제약(주)","무향: 일정량씩 분무되는 플라스틱 용기에 든 무색 내지 거의 무색의 투명한 액멘톨향: 일정량씩 분무되는 플라스틱 용기에 든 멘톨향의 무색 내지 거의 무색의 투명한 액",01320,"이비과용제","일반의약품","[M257887]자일로메타졸린염산염/[M220819]L-카르보시스테인/[M257887]자일로메타졸린염산염/[M220819]L-카르보시스테인",20231108,"","","Xylometazoline Hydrochloride(자일로메타졸린염산염)",20220201
"투여기간주의","복합",D001651,"Xylometazoline Hydrochloride","자일로메타졸린염산염","[D001654]D-panthenol(D-판테놀)","점비액제",202101749,"코앤원큐나잘스프레이",20210222,"동아제약(주)","일정량씩 분무되는 플라스틱용기에 든 무색 내지 거의 무색의 투명한 액",01320,"이비과용제","일반의약품","[M257887]자일로메타졸린염산염/[M278836]D-판테놀",20231108,"","","Xylometazoline Hydrochloride(자일로메타졸린염산염)",20220201
"투여기간주의","단일",D001651,"Xylometazoline Hydrochloride","자일로메타졸린염산염","","점비액제",202303044,"메타리빈액0.05%(자일로메타졸린염산염)",20231101,"태극제약(주)","무색 내지 연한 노란색의 투명한 액제",01320,"이비과용제","일반의약품","[M257887]자일로메타졸린염산염",20231108,"","","Xylometazoline Hydrochloride(자일로메타졸린염산염)",""
"투여기간주의","단일",D001651,"Xylometazoline Hydrochloride","자일로메타졸린염산염","","일반액상분무제",202503084,"코잘파워나잘스프레이액0.1%(자일로메타졸린염산염)",20251126,"(주)유유제약","무색 내지 연한 노란색의 투명한 액제",01320,"이비과용제","일반의약품","[M257887]자일로메타졸린염산염",20231108,"","","Xylometazoline Hydrochloride(자일로메타졸린염산염)",""
"투여기간주의","단일",D001651,"Xylometazoline Hydrochloride","자일로메타졸린염산염","","점비액제",202503103,"코잘키즈나잘스프레이액0.05%(자일로메타졸린염산염)",20251127,"(주)유유제약","무색 내지 연한 노란색의 투명한 액제",01320,"이비과용제","일반의약품","[M257887]자일로메타졸린염산염",20231108,"","","Xylometazoline Hydrochloride(자일로메타졸린염산염)",""
"투여기간주의","복합",D001651,"Xylometazoline Hydrochloride","자일로메타졸린염산염","[D000893]Chlorpheniramine(클로르페니라민)","점비액제",202001725,"코마키텐나잘스프레이",20200312,"동화약품(주)","일정량씩 분무되는 용기에 든 특이한 향이 있는 무색 투명한 점비액제",01320,"이비과용제","일반의약품","[M257887]자일로메타졸린염산염/[M223211]클로르페니라민말레산염",20231108,"","","Xylometazoline Hydrochloride(자일로메타졸린염산염)",""
"투여기간주의","복합",D001651,"Xylometazoline Hydrochloride","자일로메타졸린염산염","[D000893]Chlorpheniramine(클로르페니라민)","점비액제",202500775,"노즈앤굿나잘스프레이",20250402,"주식회사삼현제약","일정량씩 분무되는 플라스틱 용기에 든 무색 투명한 액제",01320,"이비과용제","일반의약품","[M257887]자일로메타졸린염산염/[M223211]클로르페니라민말레산염",20231108,"","","Xylometazoline Hydrochloride(자일로메타졸린염산염)",""
"투여기간주의","복합",D001651,"Xylometazoline Hydrochloride","자일로메타졸린염산염","[D000893]Chlorpheniramine(클로르페니라민)","점비액제",202503176,"메타리빈큐액",20251205,"태극제약(주)","일정량씩 분무되는 용기에 든 특이한 향이 있는 무색 투명한 점비액제",01320,"이비과용제","일반의약품","[M257887]자일로메타졸린염산염/[M223211]클로르페니라민말레산염/[M256386]글리시리진산이칼륨/[M273071]세틸피리디늄염화물",20231108,"","","Xylometazoline Hydrochloride(자일로메타졸린염산염)",""
"투여기간주의","복합",D001651,"Xylometazoline Hydrochloride","자일로메타졸린염산염","[D000893]Chlorpheniramine(클로르페니라민)","점비액제",202503408,"코잘프로나잘스프레이액",20251229,"(주)유유제약","일정량씩 분무되는 용기에 든 특이한 향이 있는 무색 투명한 점비액제",01320,"이비과용제","일반의약품","[M257887]자일로메타졸린염산염/[M223211]클로르페니라민말레산염/[M256386]글리시리진산이칼륨/[M273071]세틸피리디늄염화물",20231108,"","","Xylometazoline Hydrochloride(자일로메타졸린염산염)",""
"투여기간주의","복합",D001091,"Oxymetazoline Hydrochloride","옥시메타졸린염산염","[D000893]Chlorpheniramine(클로르페니라민)","점비액제",202300641,"옥클리빈나잘스프레이",20230221,"주식회사제뉴원사이언스","무색 또는 미백색의 액제",01320,"이비과용제","일반의약품","[M223162]옥시메타졸린염산염/[M223211]클로르페니라민말레산염",20231108,"","","Oxymetazoline Hydrochloride(옥시메타졸린염산염)",""
"투여기간주의","복합",D001091,"Oxymetazoline Hydrochloride","옥시메타졸린염산염","[D000893]Chlorpheniramine(클로르페니라민)","점비액제",202301363,"모드알레나잘스프레이",20230426,"(주)종근당","무색 또는 미백색의 액제",01320,"이비과용제","일반의약품","[M223162]옥시메타졸린염산염/[M223211]클로르페니라민말레산염",20231108,"","","Oxymetazoline Hydrochloride(옥시메타졸린염산염)",""
"투여기간주의","복합",D001091,"Oxymetazoline Hydrochloride","옥시메타졸린염산염","[D000893]Chlorpheniramine(클로르페니라민)","점비액제",202302668,"미놀노즈에스점비액",20230907,"경남제약(주)","무색 또는 미백색의 액제",01320,"이비과용제","일반의약품","[M223162]옥시메타졸린염산염/[M223211]클로르페니라민말레산염",20231108,"","","Oxymetazoline Hydrochloride(옥시메타졸린염산염)",""
"투여기간주의","복합",D001091,"Oxymetazoline Hydrochloride","옥시메타졸린염산염","[D000893]Chlorpheniramine(클로르페니라민)","점비액제",202400673,"콜즈록나잘스프레이",20240327,"(주)녹십자","무색 또는 미백색의 액제",01320,"이비과용제","일반의약품","[M223162]옥시메타졸린염산염/[M223211]클로르페니라민말레산염",20231108,"","","Oxymetazoline Hydrochloride(옥시메타졸린염산염)",""
"투여기간주의","복합",D001091,"Oxymetazoline Hydrochloride","옥시메타졸린염산염","[D000893]Chlorpheniramine(클로르페니라민)","점비액제",202401925,"코메키나스프레이",20240807,"(주)대웅제약","일정량씩 분무되는 흰색의 불투명한 용기에 든 무색 투명한 액제",01320,"이비과용제","일반의약품","[M223162]옥시메타졸린염산염/[M223211]클로르페니라민말레산염/[M256386]글리시리진산이칼륨",20231108,"","","Oxymetazoline Hydrochloride(옥시메타졸린염산염)",""
"투여기간주의","복합",D001091,"Oxymetazoline Hydrochloride","옥시메타졸린염산염","[D000893]Chlorpheniramine(클로르페니라민)","점비액제",202401972,"코마키텐큐나잘스프레이",20240813,"동화약품(주)","일정량씩 분무되는 용기에 든 특이한 향이 있는 무색 투명한 점비액제",01320,"이비과용제","일반의약품","[M223162]옥시메타졸린염산염/[M223211]클로르페니라민말레산염/[M256386]글리시리진산이칼륨/[M279321]염화세틸피리디늄",20231108,"","","Oxymetazoline Hydrochloride(옥시메타졸린염산염)",""
"투여기간주의","복합",D001091,"Oxymetazoline Hydrochloride","옥시메타졸린염산염","[D000893]Chlorpheniramine(클로르페니라민)","점비액제",202402127,"노즈포나잘스프레이",20240902,"(주)씨엠지제약","무색 또는 미백색의 액제",01320,"이비과용제","일반의약품","[M223162]옥시메타졸린염산염/[M223211]클로르페니라민말레산염",20231108,"","","Oxymetazoline Hydrochloride(옥시메타졸린염산염)",""
"투여기간주의","복합",D001300,Bisacodyl,"비사코딜","[D001656]Docusate sodium(도큐세이트나트륨)","장용성필름코팅정",201105112,"코딜로드-에이정(수출용)",20110808,"(주)아이월드제약","녹색의 원형 장용성 필름코팅정제",02380,"하제, 완장제","일반의약품","[M081950]도큐세이트나트륨/[M081899]센나엽가루/[M248126]센나열매가루(Tinnevelly)/[M050687]비사코딜",20231108,"","","Bisacodyl(비사코딜)",""
"투여기간주의","복합",D001300,Bisacodyl,"비사코딜","[D001656]Docusate sodium(도큐세이트나트륨)","장용성필름코팅정",201200854,"비코그린에스정",20120210,"코오롱제약(주)","녹색의 원형 장용성필름코팅정",02380,"하제, 완장제","일반의약품","[M050687]비사코딜/[M081950]도큐세이트나트륨/[M102544]센노사이드칼슘",20231108,"","","Bisacodyl(비사코딜)",""
"투여기간주의","복합",D001300,Bisacodyl,"비사코딜","[D001656]Docusate sodium(도큐세이트나트륨)","장용성필름코팅정",201502994,"비카린엠장용정",20150519,"(주)마더스제약","녹색의 원형 장용성 필름코팅정제",02380,"하제, 완장제","일반의약품","[M081950]도큐세이트나트륨/[M081899]센나엽가루/[M050687]비사코딜",20231108,"","","Bisacodyl(비사코딜)",""
"투여기간주의","복합",D001300,Bisacodyl,"비사코딜","[D001656]Docusate sodium(도큐세이트나트륨)","장용성필름코팅정",201701191,"이지굿정",20170309,"동국제약(주)","녹색의 원형 장용성 필름코팅정",02380,"하제, 완장제","일반의약품","[M050687]비사코딜/[M081950]도큐세이트나트륨/[M102544]센노사이드칼슘",20231108,"","","Bisacodyl(비사코딜)",""
"투여기간주의","복합",D001300,Bisacodyl,"비사코딜","[D001656]Docusate sodium(도큐세이트나트륨)","장용성필름코팅정",201707895,"비사콜장용정",20171114,"안국약품(주)","황색의 원형 장용성필름코팅정",02380,"하제, 완장제","일반의약품","[M050687]비사코딜/[M081950]도큐세이트나트륨",20231108,"","","Bisacodyl(비사코딜)",""
"투여기간주의","복합",D001300,Bisacodyl,"비사코딜","[D001656]Docusate sodium(도큐세이트나트륨)","장용성필름코팅정",201708002,"굿모닝에이스정",20171122,"(주)한풍제약","녹색의 장용성 필름코팅정",02380,"하제, 완장제","일반의약품","[M081950]도큐세이트나트륨/[M050687]비사코딜/[M050805]센나열매/[M082727]감초엑스산/[M090093]작약엑스산",20231108,"","","Bisacodyl(비사코딜)",""
"투여기간주의","복합",D001300,Bisacodyl,"비사코딜","[D001656]Docusate sodium(도큐세이트나트륨)","장용성필름코팅정",201804576,"비코엑스장용정",20181119,"(주)라이트팜텍","녹색의 원형 장용성 필름코팅정제",02380,"하제, 완장제","일반의약품","[M081950]도큐세이트나트륨/[M081899]센나엽가루/[M050687]비사코딜",20231108,"","","Bisacodyl(비사코딜)",""
"투여기간주의","복합",D001300,Bisacodyl,"비사코딜","[D001656]Docusate sodium(도큐세이트나트륨)","장용성필름코팅정",201900111,"뉴코딜정",20190110,"대한뉴팜(주)","녹색의 원형 장용성 필름코팅정",02380,"하제, 완장제","일반의약품","[M050687]비사코딜/[M081950]도큐세이트나트륨",20231108,"","","Bisacodyl(비사코딜)",""
"투여기간주의","복합",D001300,Bisacodyl,"비사코딜","[D001656]Docusate sodium(도큐세이트나트륨)","장용성필름코팅정",201905349,"유비센정",20190729,"한국신텍스제약(주)","녹색의 원형 장용성 필름코팅정제",02380,"하제, 완장제","일반의약품","[M050687]비사코딜/[M081950]도큐세이트나트륨/[M110305]센나엽 가루",20231108,"","","Bisacodyl(비사코딜)",""
"투여기간주의","복합",D001300,Bisacodyl,"비사코딜","[D001656]Docusate sodium(도큐세이트나트륨)","필름코팅정",202000645,"센코딜에프정",20200205,"광동제약(주)","녹색의 원형 장용성 필름코팅정",02380,"하제, 완장제","일반의약품","[M050687]비사코딜/[M081950]도큐세이트나트륨/[M050808]센노시드/[M096428]벤포티아민/[M071260]천궁건조엑스",20231108,"","","Bisacodyl(비사코딜)",""
"투여기간주의","복합",D001300,Bisacodyl,"비사코딜","[D001656]Docusate sodium(도큐세이트나트륨)","장용성필름코팅정",202104759,"클리어미정",20210621,"주식회사 노바엠헬스케어","녹색의 원형 장용성 필름코팅정",02380,"하제, 완장제","일반의약품","[M050687]비사코딜/[M081950]도큐세이트나트륨",20231108,"","","Bisacodyl(비사코딜)",""
"투여기간주의","복합",D001300,Bisacodyl,"비사코딜","[D001656]Docusate sodium(도큐세이트나트륨)","필름코팅정",202105345,"속엔큐정",20210714,"성이바이오제약주식회사","연녹색의 원형 장용성 필름코팅정제",02380,"하제, 완장제","일반의약품","[M081950]도큐세이트나트륨/[M050687]비사코딜",20231108,"","","Bisacodyl(비사코딜)",""
"투여기간주의","복합",D001300,Bisacodyl,"비사코딜","[D001656]Docusate sodium(도큐세이트나트륨)","필름코팅정",202105472,"쾌통정",20210720,"원광제약(주)","녹색의 원형 장용성 필름코팅정제",02380,"하제, 완장제","일반의약품","[M081950]도큐세이트나트륨/[M110305]센나엽 가루/[M110283]센나열매 가루/[M050687]비사코딜",20231108,"","","Bisacodyl(비사코딜)",""
"투여기간주의","복합",D001300,Bisacodyl,"비사코딜","[D001656]Docusate sodium(도큐세이트나트륨)","장용성필름코팅정",202106561,"빈비정",20210915,"정우신약(주)","녹색의 원형 장용성 필름코팅정제",02380,"하제, 완장제","일반의약품","[M081950]도큐세이트나트륨/[M050687]비사코딜",20231108,"","","Bisacodyl(비사코딜)",""
"투여기간주의","복합",D001300,Bisacodyl,"비사코딜","[D001656]Docusate sodium(도큐세이트나트륨)","장용성필름코팅정",202107146,"비큐락스정",20211027,"오스틴제약(주)","연두색의 원형 장용코팅정",02380,"하제, 완장제","일반의약품","[M050687]비사코딜/[M081950]도큐세이트나트륨",20231108,"","","Bisacodyl(비사코딜)",""
"투여기간주의","복합",D001300,Bisacodyl,"비사코딜","[D001656]Docusate sodium(도큐세이트나트륨)","장용성필름코팅정",202200014,"메이놀정",20220103,"(주)바스칸바이오제약","연두색의 원형 장용성 필름코팅정제",02380,"하제, 완장제","일반의약품","[M050687]비사코딜/[M081950]도큐세이트나트륨",20231108,"","","Bisacodyl(비사코딜)",""
"투여기간주의","복합",D001300,Bisacodyl,"비사코딜","[D001656]Docusate sodium(도큐세이트나트륨)","장용정",202203581,"듀오그린큐정",20220915,"한국신텍스제약(주)","녹색의 원형 장용성 필름코팅정제",02380,"하제, 완장제","일반의약품","[M050687]비사코딜/[M081950]도큐세이트나트륨",20231108,"","","Bisacodyl(비사코딜)",""
"투여기간주의","복합",D001300,Bisacodyl,"비사코딜","[D001656]Docusate sodium(도큐세이트나트륨)","장용정",202203713,"듀오그린엘정",20220930,"한국신텍스제약(주)","연두색의 원형 장용성 필름코팅정제",02380,"하제, 완장제","일반의약품","[M050687]비사코딜/[M081950]도큐세이트나트륨",20231108,"","","Bisacodyl(비사코딜)",""
"투여기간주의","복합",D001300,Bisacodyl,"비사코딜","[D001656]Docusate sodium(도큐세이트나트륨)","필름코팅정",202203780,"비사린정",20221007,"(주)일화","녹색의 원형 장용성 필름코팅정",02380,"하제, 완장제","일반의약품","[M050687]비사코딜/[M081950]도큐세이트나트륨",20231108,"","","Bisacodyl(비사코딜)",""
"투여기간주의","복합",D001300,Bisacodyl,"비사코딜","[D001656]Docusate sodium(도큐세이트나트륨)","연질캡슐제, 현탁상",202300250,"비큐원스연질캡슐",20230113,"코스맥스파마(주)","미황색의 유상 내용물을 함유한 청색의 타원형 연질캡슐",02380,"하제, 완장제","일반의약품","[M050687]비사코딜/[M223167]우르소데옥시콜산/[M081950]도큐세이트나트륨/[M244748]판토텐산칼슘",20231108,"","","Bisacodyl(비사코딜)",""
"투여기간주의","복합",D001300,Bisacodyl,"비사코딜","[D001656]Docusate sodium(도큐세이트나트륨)","장용성필름코팅정",202301820,"다이락스쎈정",20230614,"조아제약(주)","연두색의 원형 장용성 정제",02380,"하제, 완장제","일반의약품","[M050687]비사코딜/[M081950]도큐세이트나트륨/[M223167]우르소데옥시콜산/[M110253]노회 엑스",20231108,"","","Bisacodyl(비사코딜)",""
"투여기간주의","복합",D001300,Bisacodyl,"비사코딜","[D001656]Docusate sodium(도큐세이트나트륨)","장용성필름코팅정",202302773,"조이퀸정",20230919,"한솔신약(주)","녹색의 원형 장용성 필름코팅정",02380,"하제, 완장제","일반의약품","[M050687]비사코딜/[M081950]도큐세이트나트륨",20231108,"","","Bisacodyl(비사코딜)",""
"투여기간주의","복합",D001300,Bisacodyl,"비사코딜","[D001656]Docusate sodium(도큐세이트나트륨)","연질캡슐제, 현탁상",202303018,"이지클린장용연질캡슐",20231030,"코스맥스파마(주)","미황색의 유상 내용물을 함유한 녹색의 타원형 연질캡슐",02380,"하제, 완장제","일반의약품","[M050687]비사코딜/[M223167]우르소데옥시콜산/[M081950]도큐세이트나트륨",20231108,"","","Bisacodyl(비사코딜)",""
"투여기간주의","복합",D001300,Bisacodyl,"비사코딜","[D001656]Docusate sodium(도큐세이트나트륨)","장용성필름코팅정",202303047,"조이락정",20231101,"한솔신약(주)","녹색의 원형 장용성 필름코팅정제",02380,"하제, 완장제","일반의약품","[M050687]비사코딜/[M081950]도큐세이트나트륨",20231108,"","","Bisacodyl(비사코딜)",""
"투여기간주의","복합",D001300,Bisacodyl,"비사코딜","[D001656]Docusate sodium(도큐세이트나트륨)","필름코팅정",202303434,"비코그린에스플러스정",20231226,"코오롱제약(주)","녹색의 원형 장용성 필름코팅정",02380,"하제, 완장제","일반의약품","[M050687]비사코딜/[M081950]도큐세이트나트륨/[M081977]센노시드칼슘/[M244748]판토텐산칼슘",20231108,"","","Bisacodyl(비사코딜)",""
"투여기간주의","복합",D001300,Bisacodyl,"비사코딜","[D001656]Docusate sodium(도큐세이트나트륨)","필름코팅정",202400329,"이로코딜정",20240214,"성이바이오제약주식회사","초록색의 원형 장용성 필름코팅정",02380,"하제, 완장제","일반의약품","[M050687]비사코딜/[M081950]도큐세이트나트륨",20231108,"","","Bisacodyl(비사코딜)",""
"투여기간주의","복합",D001300,Bisacodyl,"비사코딜","[D001656]Docusate sodium(도큐세이트나트륨)","장용성필름코팅정",202400705,"장제로큐장용정",20240329,"일양약품(주)","녹색의 원형 장용성 필름코팅제",02380,"하제, 완장제","일반의약품","[M081950]도큐세이트나트륨/[M081899]센나엽가루/[M050687]비사코딜",20231108,"","","Bisacodyl(비사코딜)",""
"투여기간주의","복합",D001300,Bisacodyl,"비사코딜","[D001656]Docusate sodium(도큐세이트나트륨)","장용정",202402622,"센나퀸정",20241106,"한국신텍스제약(주)","녹색의 원형 장용성 필름코팅정제",02380,"하제, 완장제","일반의약품","[M081950]도큐세이트나트륨/[M110305]센나엽 가루/[M050687]비사코딜",20231108,"","","Bisacodyl(비사코딜)",""
"투여기간주의","복합",D001300,Bisacodyl,"비사코딜","[D001656]Docusate sodium(도큐세이트나트륨)","장용성필름코팅정",202402664,"속엔큐플러스정",20241111,"성이바이오제약주식회사","초록색의 원형 장용성 필름코팅정",02380,"하제, 완장제","일반의약품","[M081950]도큐세이트나트륨/[M050687]비사코딜",20231108,"","","Bisacodyl(비사코딜)",""
"투여기간주의","복합",D001300,Bisacodyl,"비사코딜","[D001656]Docusate sodium(도큐세이트나트륨)","필름코팅정",202402763,"두베락스장용정",20241122,"지엘파마(주)","초록색의 원형 장용성 필름코팅정",02380,"하제, 완장제","일반의약품","[M081950]도큐세이트나트륨/[M050687]비사코딜",20231108,"","","Bisacodyl(비사코딜)",""
"투여기간주의","복합",D001300,Bisacodyl,"비사코딜","[D001656]Docusate sodium(도큐세이트나트륨)","장용성필름코팅정",202501467,"다비슬림정",20250616,"(주)씨엠지제약","연두색의 원형 장용필름코팅정",02380,"하제, 완장제","일반의약품","[M050687]비사코딜/[M081950]도큐세이트나트륨",20231108,"","","Bisacodyl(비사코딜)",""
"투여기간주의","복합",D001300,Bisacodyl,"비사코딜","[D001656]Docusate sodium(도큐세이트나트륨)","필름코팅정",202501823,"메이킨에프장용정",20250717,"명인제약(주)","녹색의 원형 장용성 필름코팅정",02380,"하제, 완장제","일반의약품","[M050687]비사코딜/[M050808]센노시드/[M081950]도큐세이트나트륨/[M223167]우르소데옥시콜산",20231108,"","","Bisacodyl(비사코딜)",""
"투여기간주의","복합",D001300,Bisacodyl,"비사코딜","[D001657]Sennae fructus powder(센나열매가루)","필름코팅정",202000645,"센코딜에프정",20200205,"광동제약(주)","녹색의 원형 장용성 필름코팅정",02380,"하제, 완장제","일반의약품","[M050687]비사코딜/[M081950]도큐세이트나트륨/[M050808]센노시드/[M096428]벤포티아민/[M071260]천궁건조엑스",20231108,"","","Bisacodyl(비사코딜)",""
"투여기간주의","복합",D001300,Bisacodyl,"비사코딜","[D001657]Sennae fructus powder(센나열매가루)","필름코팅정",202004930,"뉴락스에프정",20200707,"태극제약(주)","녹색의 원형 장용성 필름코팅정제",02380,"하제, 완장제","일반의약품","[M050687]비사코딜/[M081393]센나열매가루",20231108,"","","Bisacodyl(비사코딜)",""
"투여기간주의","복합",D001300,Bisacodyl,"비사코딜","[D001657]Sennae fructus powder(센나열매가루)","필름코팅정",202303434,"비코그린에스플러스정",20231226,"코오롱제약(주)","녹색의 원형 장용성 필름코팅정",02380,"하제, 완장제","일반의약품","[M050687]비사코딜/[M081950]도큐세이트나트륨/[M081977]센노시드칼슘/[M244748]판토텐산칼슘",20231108,"","","Bisacodyl(비사코딜)",""
"투여기간주의","복합",D001300,Bisacodyl,"비사코딜","[D001657]Sennae fructus powder(센나열매가루)","필름코팅정",202501823,"메이킨에프장용정",20250717,"명인제약(주)","녹색의 원형 장용성 필름코팅정",02380,"하제, 완장제","일반의약품","[M050687]비사코딜/[M050808]센노시드/[M081950]도큐세이트나트륨/[M223167]우르소데옥시콜산",20231108,"","","Bisacodyl(비사코딜)",""
"투여기간주의","복합",D001300,Bisacodyl,"비사코딜","[D001499]Ursodeoxycholic Acid(우르소데옥시콜산)/[D001656]Docusate sodium(도큐세이트나트륨)","연질캡슐제, 액상",202007142,"센스락유연질캡슐",20201019,"현대약품(주)","미황색의 유상 내용물을 함유한 녹색의 타원형 연질캡슐",02380,"하제, 완장제","일반의약품","[M050687]비사코딜/[M223167]우르소데옥시콜산/[M081950]도큐세이트나트륨",20231108,"","","Bisacodyl(비사코딜)",""
"투여기간주의","복합",D001300,Bisacodyl,"비사코딜","[D001499]Ursodeoxycholic Acid(우르소데옥시콜산)/[D001656]Docusate sodium(도큐세이트나트륨)","연질캡슐제, 현탁상",202300250,"비큐원스연질캡슐",20230113,"코스맥스파마(주)","미황색의 유상 내용물을 함유한 청색의 타원형 연질캡슐",02380,"하제, 완장제","일반의약품","[M050687]비사코딜/[M223167]우르소데옥시콜산/[M081950]도큐세이트나트륨/[M244748]판토텐산칼슘",20231108,"","","Bisacodyl(비사코딜)",""
"투여기간주의","복합",D001300,Bisacodyl,"비사코딜","[D001499]Ursodeoxycholic Acid(우르소데옥시콜산)/[D001656]Docusate sodium(도큐세이트나트륨)","연질캡슐제, 현탁상",202303018,"이지클린장용연질캡슐",20231030,"코스맥스파마(주)","미황색의 유상 내용물을 함유한 녹색의 타원형 연질캡슐",02380,"하제, 완장제","일반의약품","[M050687]비사코딜/[M223167]우르소데옥시콜산/[M081950]도큐세이트나트륨",20231108,"","","Bisacodyl(비사코딜)",""
"투여기간주의","복합",D001300,Bisacodyl,"비사코딜","[D001499]Ursodeoxycholic Acid(우르소데옥시콜산)/[D001656]Docusate sodium(도큐세이트나트륨)","연질캡슐제, 액상",202401985,"모닝톡에프장용연질캡슐",20240814,"일양바이오팜(주)","미황색의 유상 내용물을 함유한 녹색의 타원형 연질캡슐",02380,"하제, 완장제","일반의약품","[M050687]비사코딜/[M223167]우르소데옥시콜산/[M081950]도큐세이트나트륨",20231108,"","","Bisacodyl(비사코딜)",""
"투여기간주의","복합",D001300,Bisacodyl,"비사코딜","[D001499]Ursodeoxycholic Acid(우르소데옥시콜산)/[D001656]Docusate sodium(도큐세이트나트륨)","연질캡슐제, 액상",202402049,"듀얼싹플러스장용연질캡슐",20240826,"제일헬스사이언스(주)","미황색의 유상 내용물을 함유한 녹색의 타원형 연질캡슐",02380,"하제, 완장제","일반의약품","[M050687]비사코딜/[M223167]우르소데옥시콜산/[M081950]도큐세이트나트륨",20231108,"","","Bisacodyl(비사코딜)",""
"투여기간주의","복합",D001300,Bisacodyl,"비사코딜","[D001499]Ursodeoxycholic Acid(우르소데옥시콜산)/[D001656]Docusate sodium(도큐세이트나트륨)","장용성캡슐제, 펠렛",202500119,"릴리즈장용연질캡슐",20250115,"아이큐어(주)","미황색의 유상 내용물을 함유한 녹색의 타원형 연질캡슐",02380,"하제, 완장제","일반의약품","[M081950]도큐세이트나트륨/[M050687]비사코딜/[M223167]우르소데옥시콜산",20231108,"","","Bisacodyl(비사코딜)",""
"투여기간주의","복합",D001300,Bisacodyl,"비사코딜","[D001499]Ursodeoxycholic Acid(우르소데옥시콜산)/[D001656]Docusate sodium(도큐세이트나트륨)","연질캡슐제, 액상",202502698,"비사큐민장용연질캡슐",20251020,"주식회사 제이비케이랩","미황색의 유상 내용물을 함유한 녹색의 타원형 연질캡슐",02380,"하제, 완장제","일반의약품","[M050687]비사코딜/[M223167]우르소데옥시콜산/[M081950]도큐세이트나트륨",20231108,"","","Bisacodyl(비사코딜)",""
"투여기간주의","복합",D001300,Bisacodyl,"비사코딜","[D001499]Ursodeoxycholic Acid(우르소데옥시콜산)/[D001656]Docusate sodium(도큐세이트나트륨)","연질캡슐제, 액상",202601473,"둘코리퀴젤장용연질캡슐",20260520,"코스맥스파마(주)","미황색의 유상 내용물을 함유한 황색의 타원형 연질캡슐",02380,"하제, 완장제","일반의약품","[M050687]비사코딜/[M223167]우르소데옥시콜산/[M081950]도큐세이트나트륨",20231108,"","","Bisacodyl(비사코딜)",""
"투여기간주의","복합",D001300,Bisacodyl,"비사코딜","[D001656]Docusate sodium(도큐세이트나트륨)/[D001660]Senna leaf powder(센나엽가루)","장용성필름코팅정",201105112,"코딜로드-에이정(수출용)",20110808,"(주)아이월드제약","녹색의 원형 장용성 필름코팅정제",02380,"하제, 완장제","일반의약품","[M081950]도큐세이트나트륨/[M081899]센나엽가루/[M248126]센나열매가루(Tinnevelly)/[M050687]비사코딜",20231108,"","","Bisacodyl(비사코딜)",""
"투여기간주의","복합",D001300,Bisacodyl,"비사코딜","[D001656]Docusate sodium(도큐세이트나트륨)/[D001660]Senna leaf powder(센나엽가루)","장용성필름코팅정",201200854,"비코그린에스정",20120210,"코오롱제약(주)","녹색의 원형 장용성필름코팅정",02380,"하제, 완장제","일반의약품","[M050687]비사코딜/[M081950]도큐세이트나트륨/[M102544]센노사이드칼슘",20231108,"","","Bisacodyl(비사코딜)",""
"투여기간주의","복합",D001300,Bisacodyl,"비사코딜","[D001656]Docusate sodium(도큐세이트나트륨)/[D001660]Senna leaf powder(센나엽가루)","장용성필름코팅정",201502994,"비카린엠장용정",20150519,"(주)마더스제약","녹색의 원형 장용성 필름코팅정제",02380,"하제, 완장제","일반의약품","[M081950]도큐세이트나트륨/[M081899]센나엽가루/[M050687]비사코딜",20231108,"","","Bisacodyl(비사코딜)",""
"투여기간주의","복합",D001300,Bisacodyl,"비사코딜","[D001656]Docusate sodium(도큐세이트나트륨)/[D001660]Senna leaf powder(센나엽가루)","장용성필름코팅정",201701191,"이지굿정",20170309,"동국제약(주)","녹색의 원형 장용성 필름코팅정",02380,"하제, 완장제","일반의약품","[M050687]비사코딜/[M081950]도큐세이트나트륨/[M102544]센노사이드칼슘",20231108,"","","Bisacodyl(비사코딜)",""
"투여기간주의","복합",D001300,Bisacodyl,"비사코딜","[D001656]Docusate sodium(도큐세이트나트륨)/[D001660]Senna leaf powder(센나엽가루)","장용성필름코팅정",201708002,"굿모닝에이스정",20171122,"(주)한풍제약","녹색의 장용성 필름코팅정",02380,"하제, 완장제","일반의약품","[M081950]도큐세이트나트륨/[M050687]비사코딜/[M050805]센나열매/[M082727]감초엑스산/[M090093]작약엑스산",20231108,"","","Bisacodyl(비사코딜)",""
"투여기간주의","복합",D001300,Bisacodyl,"비사코딜","[D001656]Docusate sodium(도큐세이트나트륨)/[D001660]Senna leaf powder(센나엽가루)","장용성필름코팅정",201804576,"비코엑스장용정",20181119,"(주)라이트팜텍","녹색의 원형 장용성 필름코팅정제",02380,"하제, 완장제","일반의약품","[M081950]도큐세이트나트륨/[M081899]센나엽가루/[M050687]비사코딜",20231108,"","","Bisacodyl(비사코딜)",""
"투여기간주의","복합",D001300,Bisacodyl,"비사코딜","[D001656]Docusate sodium(도큐세이트나트륨)/[D001660]Senna leaf powder(센나엽가루)","장용성필름코팅정",201905349,"유비센정",20190729,"한국신텍스제약(주)","녹색의 원형 장용성 필름코팅정제",02380,"하제, 완장제","일반의약품","[M050687]비사코딜/[M081950]도큐세이트나트륨/[M110305]센나엽 가루",20231108,"","","Bisacodyl(비사코딜)",""
"투여기간주의","복합",D001300,Bisacodyl,"비사코딜","[D001656]Docusate sodium(도큐세이트나트륨)/[D001660]Senna leaf powder(센나엽가루)","필름코팅정",202000645,"센코딜에프정",20200205,"광동제약(주)","녹색의 원형 장용성 필름코팅정",02380,"하제, 완장제","일반의약품","[M050687]비사코딜/[M081950]도큐세이트나트륨/[M050808]센노시드/[M096428]벤포티아민/[M071260]천궁건조엑스",20231108,"","","Bisacodyl(비사코딜)",""
"투여기간주의","복합",D001300,Bisacodyl,"비사코딜","[D001656]Docusate sodium(도큐세이트나트륨)/[D001660]Senna leaf powder(센나엽가루)","필름코팅정",202303434,"비코그린에스플러스정",20231226,"코오롱제약(주)","녹색의 원형 장용성 필름코팅정",02380,"하제, 완장제","일반의약품","[M050687]비사코딜/[M081950]도큐세이트나트륨/[M081977]센노시드칼슘/[M244748]판토텐산칼슘",20231108,"","","Bisacodyl(비사코딜)",""
"투여기간주의","복합",D001300,Bisacodyl,"비사코딜","[D001656]Docusate sodium(도큐세이트나트륨)/[D001660]Senna leaf powder(센나엽가루)","장용성필름코팅정",202400705,"장제로큐장용정",20240329,"일양약품(주)","녹색의 원형 장용성 필름코팅제",02380,"하제, 완장제","일반의약품","[M081950]도큐세이트나트륨/[M081899]센나엽가루/[M050687]비사코딜",20231108,"","","Bisacodyl(비사코딜)",""
"투여기간주의","복합",D001300,Bisacodyl,"비사코딜","[D001656]Docusate sodium(도큐세이트나트륨)/[D001660]Senna leaf powder(센나엽가루)","필름코팅정",202501823,"메이킨에프장용정",20250717,"명인제약(주)","녹색의 원형 장용성 필름코팅정",02380,"하제, 완장제","일반의약품","[M050687]비사코딜/[M050808]센노시드/[M081950]도큐세이트나트륨/[M223167]우르소데옥시콜산",20231108,"","","Bisacodyl(비사코딜)",""
"투여기간주의","복합",D001300,Bisacodyl,"비사코딜","[D001656]Docusate sodium(도큐세이트나트륨)/[D001661]Sennoside calcium(센노사이드칼슘)","장용성필름코팅정",201105112,"코딜로드-에이정(수출용)",20110808,"(주)아이월드제약","녹색의 원형 장용성 필름코팅정제",02380,"하제, 완장제","일반의약품","[M081950]도큐세이트나트륨/[M081899]센나엽가루/[M248126]센나열매가루(Tinnevelly)/[M050687]비사코딜",20231108,"","","Bisacodyl(비사코딜)",""
"투여기간주의","복합",D001300,Bisacodyl,"비사코딜","[D001656]Docusate sodium(도큐세이트나트륨)/[D001661]Sennoside calcium(센노사이드칼슘)","장용성필름코팅정",201200854,"비코그린에스정",20120210,"코오롱제약(주)","녹색의 원형 장용성필름코팅정",02380,"하제, 완장제","일반의약품","[M050687]비사코딜/[M081950]도큐세이트나트륨/[M102544]센노사이드칼슘",20231108,"","","Bisacodyl(비사코딜)",""
"투여기간주의","복합",D001300,Bisacodyl,"비사코딜","[D001656]Docusate sodium(도큐세이트나트륨)/[D001661]Sennoside calcium(센노사이드칼슘)","장용성필름코팅정",201502994,"비카린엠장용정",20150519,"(주)마더스제약","녹색의 원형 장용성 필름코팅정제",02380,"하제, 완장제","일반의약품","[M081950]도큐세이트나트륨/[M081899]센나엽가루/[M050687]비사코딜",20231108,"","","Bisacodyl(비사코딜)",""
"투여기간주의","복합",D001300,Bisacodyl,"비사코딜","[D001656]Docusate sodium(도큐세이트나트륨)/[D001661]Sennoside calcium(센노사이드칼슘)","장용성필름코팅정",201701191,"이지굿정",20170309,"동국제약(주)","녹색의 원형 장용성 필름코팅정",02380,"하제, 완장제","일반의약품","[M050687]비사코딜/[M081950]도큐세이트나트륨/[M102544]센노사이드칼슘",20231108,"","","Bisacodyl(비사코딜)",""
"투여기간주의","복합",D001300,Bisacodyl,"비사코딜","[D001656]Docusate sodium(도큐세이트나트륨)/[D001661]Sennoside calcium(센노사이드칼슘)","장용성필름코팅정",201708002,"굿모닝에이스정",20171122,"(주)한풍제약","녹색의 장용성 필름코팅정",02380,"하제, 완장제","일반의약품","[M081950]도큐세이트나트륨/[M050687]비사코딜/[M050805]센나열매/[M082727]감초엑스산/[M090093]작약엑스산",20231108,"","","Bisacodyl(비사코딜)",""
"투여기간주의","복합",D001300,Bisacodyl,"비사코딜","[D001656]Docusate sodium(도큐세이트나트륨)/[D001661]Sennoside calcium(센노사이드칼슘)","장용성필름코팅정",201804576,"비코엑스장용정",20181119,"(주)라이트팜텍","녹색의 원형 장용성 필름코팅정제",02380,"하제, 완장제","일반의약품","[M081950]도큐세이트나트륨/[M081899]센나엽가루/[M050687]비사코딜",20231108,"","","Bisacodyl(비사코딜)",""
"투여기간주의","복합",D001300,Bisacodyl,"비사코딜","[D001656]Docusate sodium(도큐세이트나트륨)/[D001661]Sennoside calcium(센노사이드칼슘)","장용성필름코팅정",201905349,"유비센정",20190729,"한국신텍스제약(주)","녹색의 원형 장용성 필름코팅정제",02380,"하제, 완장제","일반의약품","[M050687]비사코딜/[M081950]도큐세이트나트륨/[M110305]센나엽 가루",20231108,"","","Bisacodyl(비사코딜)",""
"투여기간주의","복합",D001300,Bisacodyl,"비사코딜","[D001656]Docusate sodium(도큐세이트나트륨)/[D001661]Sennoside calcium(센노사이드칼슘)","장용성필름코팅정",202400705,"장제로큐장용정",20240329,"일양약품(주)","녹색의 원형 장용성 필름코팅제",02380,"하제, 완장제","일반의약품","[M081950]도큐세이트나트륨/[M081899]센나엽가루/[M050687]비사코딜",20231108,"","","Bisacodyl(비사코딜)",""
"투여기간주의","복합",D001300,Bisacodyl,"비사코딜","[D001499]Ursodeoxycholic Acid(우르소데옥시콜산)/[D001662]Dimethicone(디메티콘)","장용성필름코팅정",201700836,"디유비정",20170216,"(주)휴온스","파란색의 원형 필름코팅 장용정",02380,"하제, 완장제","일반의약품","[M050687]비사코딜/[M223167]우르소데옥시콜산/[M227778]디메티콘",20231108,"","","Bisacodyl(비사코딜)",""
"투여기간주의","복합",D001300,Bisacodyl,"비사코딜","[D001499]Ursodeoxycholic Acid(우르소데옥시콜산)/[D001662]Dimethicone(디메티콘)","장용성필름코팅정",201701138,"에뜨비정",20170303,"(주)휴온스메디텍","파란색의 원형 필름코팅 장용정",02380,"하제, 완장제","일반의약품","[M050687]비사코딜/[M223167]우르소데옥시콜산/[M227778]디메티콘",20231108,"","","Bisacodyl(비사코딜)",""
"투여기간주의","복합",D001300,Bisacodyl,"비사코딜","[D001656]Docusate sodium(도큐세이트나트륨)/[D001660]Senna leaf powder(센나엽가루)/[D001657]Sennae fructus powder(센나열매가루)","필름코팅정",202000645,"센코딜에프정",20200205,"광동제약(주)","녹색의 원형 장용성 필름코팅정",02380,"하제, 완장제","일반의약품","[M050687]비사코딜/[M081950]도큐세이트나트륨/[M050808]센노시드/[M096428]벤포티아민/[M071260]천궁건조엑스",20231108,"","","Bisacodyl(비사코딜)",""
"투여기간주의","복합",D001300,Bisacodyl,"비사코딜","[D001656]Docusate sodium(도큐세이트나트륨)/[D001660]Senna leaf powder(센나엽가루)/[D001657]Sennae fructus powder(센나열매가루)","필름코팅정",202303434,"비코그린에스플러스정",20231226,"코오롱제약(주)","녹색의 원형 장용성 필름코팅정",02380,"하제, 완장제","일반의약품","[M050687]비사코딜/[M081950]도큐세이트나트륨/[M081977]센노시드칼슘/[M244748]판토텐산칼슘",20231108,"","","Bisacodyl(비사코딜)",""
"투여기간주의","복합",D001300,Bisacodyl,"비사코딜","[D001656]Docusate sodium(도큐세이트나트륨)/[D001660]Senna leaf powder(센나엽가루)/[D001657]Sennae fructus powder(센나열매가루)","필름코팅정",202501823,"메이킨에프장용정",20250717,"명인제약(주)","녹색의 원형 장용성 필름코팅정",02380,"하제, 완장제","일반의약품","[M050687]비사코딜/[M050808]센노시드/[M081950]도큐세이트나트륨/[M223167]우르소데옥시콜산",20231108,"","","Bisacodyl(비사코딜)",""
"투여기간주의","복합",D001300,Bisacodyl,"비사코딜","[D001656]Docusate sodium(도큐세이트나트륨)/[D001660]Senna leaf powder(센나엽가루)/[D001658]Tinnevelly senna fruit powder(티니벨리센나열매가루)","장용성필름코팅정",201105112,"코딜로드-에이정(수출용)",20110808,"(주)아이월드제약","녹색의 원형 장용성 필름코팅정제",02380,"하제, 완장제","일반의약품","[M081950]도큐세이트나트륨/[M081899]센나엽가루/[M248126]센나열매가루(Tinnevelly)/[M050687]비사코딜",20231108,"","","Bisacodyl(비사코딜)",""
"투여기간주의","복합",D001300,Bisacodyl,"비사코딜","[D001656]Docusate sodium(도큐세이트나트륨)/[D001499]Ursodeoxycholic Acid(우르소데옥시콜산)/[D001521]Calcium pantothenate(판토텐산칼슘)","연질캡슐제, 현탁상",202300250,"비큐원스연질캡슐",20230113,"코스맥스파마(주)","미황색의 유상 내용물을 함유한 청색의 타원형 연질캡슐",02380,"하제, 완장제","일반의약품","[M050687]비사코딜/[M223167]우르소데옥시콜산/[M081950]도큐세이트나트륨/[M244748]판토텐산칼슘",20231108,"","","Bisacodyl(비사코딜)",""
"투여기간주의","복합",D001300,Bisacodyl,"비사코딜","[D001656]Docusate sodium(도큐세이트나트륨)/[D001657]Sennae fructus powder(센나열매가루)/[D001664]Glycyrrhiza extract powder(감초엑스산)/[D001665]Peony root extract powder(작약엑스산)","장용성필름코팅정",201708002,"굿모닝에이스정",20171122,"(주)한풍제약","녹색의 장용성 필름코팅정",02380,"하제, 완장제","일반의약품","[M081950]도큐세이트나트륨/[M050687]비사코딜/[M050805]센나열매/[M082727]감초엑스산/[M090093]작약엑스산",20231108,"","","Bisacodyl(비사코딜)",""
"투여기간주의","복합",D001300,Bisacodyl,"비사코딜","[D001667]Sennoside(센노사이드)/[D001656]Docusate sodium(도큐세이트나트륨)/[D001118]Benfotiamine(벤포티아민)/[D001668]Cnidium rhizome dried extract(천궁건조엑스)","필름코팅정",202000645,"센코딜에프정",20200205,"광동제약(주)","녹색의 원형 장용성 필름코팅정",02380,"하제, 완장제","일반의약품","[M050687]비사코딜/[M081950]도큐세이트나트륨/[M050808]센노시드/[M096428]벤포티아민/[M071260]천궁건조엑스",20231108,"","","Bisacodyl(비사코딜)",""
"투여기간주의","복합",D001670,"Sennae Fructus","센나열매","[D001669]Psyllium husk(차전자피)","과립제",201206827,"굿모닝에스과립",20120918,"(주)한풍제약","갈색의 과립제",02380,"하제, 완장제","일반의약품","[M040073]대황/[M050805]센나열매/[M081198]차전자피/[M082727]감초엑스산/[M090093]작약엑스산/[M050036]육계/[M089512]생강엑스산/[M089604]지실엑스산",20231108,"","","Sennae Fructus(센나열매)",""
"투여기간주의","복합",D001670,"Sennae Fructus","센나열매","[D001669]Psyllium husk(차전자피)","과립제",201606490,"변락과립",20161104,"(주)한풍제약","갈색의 과립제",02380,"하제, 완장제","일반의약품","[M081198]차전자피/[M050805]센나열매/[M040061]노회/[M040073]대황/[M040813]후박/[M040523]작약",20231108,"","","Sennae Fructus(센나열매)",""
"투여기간주의","복합",D001670,"Sennae Fructus","센나열매","[D001669]Psyllium husk(차전자피)","과립제",201800290,"장락과립",20180122,"신화제약(주)","갈색의 과립제",02380,"하제, 완장제","일반의약품","[M081198]차전자피/[M050805]센나열매/[M082795]센나엽/[M040538]진피/[M040813]후박",20231108,"","","Sennae Fructus(센나열매)",""
"투여기간주의","복합",D001657,"Sennae Fructus","센나열매","[D001669]Psyllium husk(차전자피)","과립제",201206827,"굿모닝에스과립",20120918,"(주)한풍제약","갈색의 과립제",02380,"하제, 완장제","일반의약품","[M040073]대황/[M050805]센나열매/[M081198]차전자피/[M082727]감초엑스산/[M090093]작약엑스산/[M050036]육계/[M089512]생강엑스산/[M089604]지실엑스산",20231108,"","","Sennae Fructus(센나열매)",""
"투여기간주의","복합",D001657,"Sennae Fructus","센나열매","[D001669]Psyllium husk(차전자피)","과립제",201606490,"변락과립",20161104,"(주)한풍제약","갈색의 과립제",02380,"하제, 완장제","일반의약품","[M081198]차전자피/[M050805]센나열매/[M040061]노회/[M040073]대황/[M040813]후박/[M040523]작약",20231108,"","","Sennae Fructus(센나열매)",""
"투여기간주의","복합",D001657,"Senna Leaf","센나엽","[D001669]Psyllium husk(차전자피)","과립제",201800290,"장락과립",20180122,"신화제약(주)","갈색의 과립제",02380,"하제, 완장제","일반의약품","[M081198]차전자피/[M050805]센나열매/[M082795]센나엽/[M040538]진피/[M040813]후박",20231108,"","","Senna Leaf(센나엽)",""
"투여기간주의","복합",D001657,"Senna Leaf","센나엽","[D001669]Psyllium husk(차전자피)","과립제",202002153,"미소그린에스과립",20200327,"경방신약(주)","갈색의 과립제",02380,"하제, 완장제","일반의약품","[M040073]대황/[M040006]감초/[M040523]작약/[M050036]육계/[M050752]생강/[M040061]노회/[M040536]지실/[M082795]센나엽/[M081198]차전자피",20231108,"","","Senna Leaf(센나엽)",""
"투여기간주의","복합",D001657,"Senna Leaf","센나엽","[D001669]Psyllium husk(차전자피)","과립제",202400585,"장제로에스과립",20240321,"일양약품(주)","갈색의 과립제",02380,"하제, 완장제","일반의약품","[M040073]대황/[M040006]감초/[M040523]작약/[M050036]육계/[M050752]생강/[M040061]노회/[M040536]지실/[M082795]센나엽/[M081198]차전자피",20231108,"","","Senna Leaf(센나엽)",""
"투여기간주의","복합",D001657,"Senna Leaf","센나엽","[D001669]Psyllium husk(차전자피)","과립제",202402644,"모닝퀸에스과립",20241108,"메딕스제약(주)","갈색의 과립제",02380,"하제, 완장제","일반의약품","[M040073]대황/[M040006]감초/[M040523]작약/[M050036]육계/[M050752]생강/[M040061]노회/[M040536]지실/[M082795]센나엽/[M081198]차전자피",20231108,"","","Senna Leaf(센나엽)",""
"투여기간주의","복합",D001657,"Senna Leaf","센나엽","[D001669]Psyllium husk(차전자피)","과립제",202601465,"장로안에스과립",20260520,"동성제약(주)","갈색의 과립제",02380,"하제, 완장제","일반의약품","[M040073]대황/[M040006]감초/[M040523]작약/[M050036]육계/[M050752]생강/[M040061]노회/[M040536]지실/[M082795]센나엽/[M081198]차전자피",20231108,"","","Senna Leaf(센나엽)",""
"투여기간주의","복합",D001657,"Sennoside Calcium","센노사이드칼슘","[D001671]Psyllium husk powder(차전자피가루)","과립제",200902499,"위드원엘과립",20090406,"시믹씨엠오코리아(주)","이 약은 분포된 과립제로 그 내용물은 갈색과립이며 방향이 있다",02380,"하제, 완장제","일반의약품","[M102544]센노사이드칼슘/[M225558]차전자피(Plantaginis ovatae testa : Ispaghula husk)/[M092572]유포자성유산균/[M040064]니코틴산아미드",20231108,"","","Sennoside Calcium(센노사이드칼슘)",""
"투여기간주의","복합",D001657,"Sennae Fructus","센나열매","[D001671]Psyllium husk powder(차전자피가루)","과립제",201206827,"굿모닝에스과립",20120918,"(주)한풍제약","갈색의 과립제",02380,"하제, 완장제","일반의약품","[M040073]대황/[M050805]센나열매/[M081198]차전자피/[M082727]감초엑스산/[M090093]작약엑스산/[M050036]육계/[M089512]생강엑스산/[M089604]지실엑스산",20231108,"","","Sennae Fructus(센나열매)",""
"투여기간주의","복합",D001657,"Sennae Fructus","센나열매","[D001671]Psyllium husk powder(차전자피가루)","과립제",201606490,"변락과립",20161104,"(주)한풍제약","갈색의 과립제",02380,"하제, 완장제","일반의약품","[M081198]차전자피/[M050805]센나열매/[M040061]노회/[M040073]대황/[M040813]후박/[M040523]작약",20231108,"","","Sennae Fructus(센나열매)",""
"투여기간주의","복합",D001657,"Sennae Fructus","센나열매","[D001671]Psyllium husk powder(차전자피가루)","과립제",201800290,"장락과립",20180122,"신화제약(주)","갈색의 과립제",02380,"하제, 완장제","일반의약품","[M081198]차전자피/[M050805]센나열매/[M082795]센나엽/[M040538]진피/[M040813]후박",20231108,"","","Sennae Fructus(센나열매)",""
"투여기간주의","복합",D001657,"Senna Leaf","센나엽","[D001671]Psyllium husk powder(차전자피가루)","과립제",202002153,"미소그린에스과립",20200327,"경방신약(주)","갈색의 과립제",02380,"하제, 완장제","일반의약품","[M040073]대황/[M040006]감초/[M040523]작약/[M050036]육계/[M050752]생강/[M040061]노회/[M040536]지실/[M082795]센나엽/[M081198]차전자피",20231108,"","","Senna Leaf(센나엽)",""
"투여기간주의","복합",D001657,"Sennae Fructus Powder","센나열매 가루","[D001671]Psyllium husk powder(차전자피가루)","과립제",202201290,"쾌통과립",20220401,"원광제약(주)","갈색의 과립제",02380,"하제, 완장제","일반의약품","[M111478]차전자피 가루/[M110283]센나열매 가루",20231108,"","","Sennae Fructus Powder(센나열매 가루)",""
"투여기간주의","복합",D001657,"Senna Leaf","센나엽","[D001671]Psyllium husk powder(차전자피가루)","과립제",202400585,"장제로에스과립",20240321,"일양약품(주)","갈색의 과립제",02380,"하제, 완장제","일반의약품","[M040073]대황/[M040006]감초/[M040523]작약/[M050036]육계/[M050752]생강/[M040061]노회/[M040536]지실/[M082795]센나엽/[M081198]차전자피",20231108,"","","Senna Leaf(센나엽)",""
"투여기간주의","복합",D001657,"Senna Leaf","센나엽","[D001671]Psyllium husk powder(차전자피가루)","과립제",202402644,"모닝퀸에스과립",20241108,"메딕스제약(주)","갈색의 과립제",02380,"하제, 완장제","일반의약품","[M040073]대황/[M040006]감초/[M040523]작약/[M050036]육계/[M050752]생강/[M040061]노회/[M040536]지실/[M082795]센나엽/[M081198]차전자피",20231108,"","","Senna Leaf(센나엽)",""
"투여기간주의","복합",D001657,"Senna Leaf","센나엽","[D001671]Psyllium husk powder(차전자피가루)","과립제",202601465,"장로안에스과립",20260520,"동성제약(주)","갈색의 과립제",02380,"하제, 완장제","일반의약품","[M040073]대황/[M040006]감초/[M040523]작약/[M050036]육계/[M050752]생강/[M040061]노회/[M040536]지실/[M082795]센나엽/[M081198]차전자피",20231108,"","","Senna Leaf(센나엽)",""
"투여기간주의","복합",D001670,"Sennae Fructus","센나열매","[D001669]Psyllium husk(차전자피)/[D001674]Aloe powder(노회가루)/[D001675]Rhubarb powder(대황가루)","과립제",201606490,"변락과립",20161104,"(주)한풍제약","갈색의 과립제",02380,"하제, 완장제","일반의약품","[M081198]차전자피/[M050805]센나열매/[M040061]노회/[M040073]대황/[M040813]후박/[M040523]작약",20231108,"","","Sennae Fructus(센나열매)",""
"투여기간주의","복합",D001670,"Sennae Fructus","센나열매","[D001673]Senna leaf(센나엽)/[D001669]Psyllium husk(차전자피)/[D001142]Citrus Unshiu Peel(진피)/[D001672]Magnolia bark(후박)","과립제",201800290,"장락과립",20180122,"신화제약(주)","갈색의 과립제",02380,"하제, 완장제","일반의약품","[M081198]차전자피/[M050805]센나열매/[M082795]센나엽/[M040538]진피/[M040813]후박",20231108,"","","Sennae Fructus(센나열매)",""
"투여기간주의","복합",D001657,"Sennae Fructus","센나열매","[D001671]Psyllium husk powder(차전자피가루)/[D001674]Aloe powder(노회가루)/[D001676]Magnolia bark powder(후박가루)/[D001675]Rhubarb powder(대황가루)","과립제",201606490,"변락과립",20161104,"(주)한풍제약","갈색의 과립제",02380,"하제, 완장제","일반의약품","[M081198]차전자피/[M050805]센나열매/[M040061]노회/[M040073]대황/[M040813]후박/[M040523]작약",20231109,"","","Sennae Fructus(센나열매)",""
"투여기간주의","복합",D001670,"Sennae Fructus","센나열매","[D001669]Psyllium husk(차전자피)/[D001680]Aloe(노회)/[D001672]Magnolia bark(후박)/[D001119]Peony Root(작약)/[D001681]Rhubarb(대황)","과립제",201606490,"변락과립",20161104,"(주)한풍제약","갈색의 과립제",02380,"하제, 완장제","일반의약품","[M081198]차전자피/[M050805]센나열매/[M040061]노회/[M040073]대황/[M040813]후박/[M040523]작약",20231108,"","","Sennae Fructus(센나열매)",""
"투여기간주의","복합",D001670,"Sennae Fructus","센나열매","[D001669]Psyllium husk(차전자피)/[D001123]Cinnamomum cassia Blume(육계)/[D001664]Glycyrrhiza extract powder(감초엑스산)/[D001665]Peony root extract powder(작약엑스산)/[D001684]Poncirus immature fruit extract powder(지실엑스산)/[D001685]Raw ginger extract powder(생강엑스산)/[D001681]Rhubarb(대황)","과립제",201206827,"굿모닝에스과립",20120918,"(주)한풍제약","갈색의 과립제",02380,"하제, 완장제","일반의약품","[M040073]대황/[M050805]센나열매/[M081198]차전자피/[M082727]감초엑스산/[M090093]작약엑스산/[M050036]육계/[M089512]생강엑스산/[M089604]지실엑스산",20231108,"","","Sennae Fructus(센나열매)",""
"투여기간주의","단일",D001766,"Clazosentan disodium","클라조센탄이나트륨","","용액주사제",202303306,"피브라즈주사(클라조센탄이나트륨)",20231207,"(주)넥세라파마코리아","무색~황녹색의 투명한 액이 무색투명한 유리 바이알에 든 주사제",02170,"혈관확장제","전문의약품","[M284300]클라조센탄이나트륨",20250530,"","","Clazosentan disodium(클라조센탄이나트륨)",""
