TYPE_NAME,MIX_TYPE,INGR_CODE,INGR_ENG_NAME,INGR_NAME,MIX_INGR,FORM_NAME,ITEM_SEQ,ITEM_NAME,ITEM_PERMIT_DATE,ENTP_NAME,CHART,CLASS_CODE,CLASS_NAME,ETC_OTC_NAME,MAIN_INGR,NOTIFICATION_DATE,PROHBT_CONTENT,REMARK,INGR_ENG_NAME_FULL,CHANGE_DATE
"노인주의","단일",D000893,Chlorpheniramine,"클로르페니라민","[M223211]클로르페니라민말레산염","용액주사제",196000010,"페니라민주사(클로르페니라민말레산염)",19600721,"(주)유한양행","무색 투명한 액이 충전된 앰플",01410,"항히스타민제","전문의약품","[M223211]클로르페니라민말레산염",20200924,"","","Chlorpheniramine(클로르페니라민)",20140521
"노인주의","단일",D000893,Chlorpheniramine,"클로르페니라민","[M223211]클로르페니라민말레산염","나정",196000011,"페니라민정(클로르페니라민말레산염)",19601010,"(주)유한양행","미황색의 원형 정제",01410,"항히스타민제","일반의약품","[M223211]클로르페니라민말레산염",20200924,"","","Chlorpheniramine(클로르페니라민)",20190826
"노인주의","단일",D001262,Dimenhydrinate,"디멘히드리네이트","[M040096]디멘히드리네이트","나정",197000076,"보나링에이정(디멘히드리네이트)",19700416,"일양약품(주)","국내용: 흰색의 장방형 정제",02350,"최토제, 진토제","일반의약품","[M040096]디멘히드리네이트",20200924,"","","Dimenhydrinate(디멘히드리네이트)",20180530
"노인주의","단일",D000809,Amitriptyline,"아미트리프틸린","[M223101]아미트리프틸린염산염","필름코팅정",197000079,"에나폰정10밀리그램(아미트리프틸린염산염)",19700220,"환인제약(주)","청색의 원형 필름코팅정",01170,"정신신경용제","전문의약품","[M223101]아미트리프틸린염산염",20150728,"노인에서의 삼환계 항우울제 사용은 기립성 저혈압, 비틀거림, 항콜린작용에 의한 구갈, 배뇨곤란, 변비, 안내압항진 등이 나타나기 쉬움으로 소량으로 신중투여","","Amitriptyline(아미트리프틸린)",20250811
"노인주의","단일",D000440,Benztropine,"벤즈트로핀","[M247864]벤즈트로핀메실산염","나정",197100097,"환인벤즈트로핀정(벤즈트로핀메실산염)",19710202,"환인제약(주)","백색의 원형정제",01190,"기타의 중추신경용약","전문의약품","[M247864]벤즈트로핀메실산염",20200924,"","","Benztropine(벤즈트로핀)",20131127
"노인주의","단일",D000466,Nortriptyline,"노르트립틸린","[M050132]염산노르트립틸린","필름코팅정",197300150,"센시발정10밀리그램(염산노르트립틸린)",19730117,"일성아이에스(주)","엷은 적색의 필름코팅정",01170,"정신신경용제","전문의약품","[M050132]염산노르트립틸린",20150728,"노인에서의 삼환계 항우울제 사용은 기립성 저혈압, 비틀거림, 항콜린작용에 의한 구갈, 배뇨곤란, 변비, 안내압항진 등이 나타나기 쉬움으로 소량으로 신중투여","","Nortriptyline(노르트립틸린)",20240809
"노인주의","단일",D000466,Nortriptyline,"노르트립틸린","[M050132]염산노르트립틸린","필름코팅정",197300151,"센시발정25밀리그램(염산노르트립틸린)",19730117,"일성아이에스(주)","흰색의 필름코팅정",01170,"정신신경용제","전문의약품","[M050132]염산노르트립틸린",20150728,"노인에서의 삼환계 항우울제 사용은 기립성 저혈압, 비틀거림, 항콜린작용에 의한 구갈, 배뇨곤란, 변비, 안내압항진 등이 나타나기 쉬움으로 소량으로 신중투여","","Nortriptyline(노르트립틸린)",20240809
"노인주의","단일",D000809,Amitriptyline,"아미트리프틸린","[M223101]아미트리프틸린염산염","필름코팅정",197500186,"에트라빌10밀리그램정(아미트리프틸린염산염)",19750211,"동화약품(주)","이 약은 청색의 제피정이다.",01170,"정신신경용제","전문의약품","[M223101]아미트리프틸린염산염",20150728,"노인에서의 삼환계 항우울제 사용은 기립성 저혈압, 비틀거림, 항콜린작용에 의한 구갈, 배뇨곤란, 변비, 안내압항진 등이 나타나기 쉬움으로 소량으로 신중투여","","Amitriptyline(아미트리프틸린)",20250811
"노인주의","단일",D000809,Amitriptyline,"아미트리프틸린","[M223101]아미트리프틸린염산염","필름코팅정",197500188,"에트라빌25밀리그램정(아미트리프틸린염산염)",19750211,"동화약품(주)","노란색의 원형 필름코팅정",01170,"정신신경용제","전문의약품","[M223101]아미트리프틸린염산염",20150728,"노인에서의 삼환계 항우울제 사용은 기립성 저혈압, 비틀거림, 항콜린작용에 의한 구갈, 배뇨곤란, 변비, 안내압항진 등이 나타나기 쉬움으로 소량으로 신중투여","","Amitriptyline(아미트리프틸린)",20250811
"노인주의","단일",D000026,Cyproheptadine,"시프로헵타딘","[M223093]시프로헵타딘염산염수화물/[M223093]시프로헵타딘염산염수화물","나정",197500386,"영일페리악틴정(시프로헵타딘염산염수화물)(수출명:메디페리악틴정, 메디타딘정)(수출용)",19750205,"영일제약(주)","흰색의 원형 정제",01410,"항히스타민제","전문의약품","[M223093]시프로헵타딘염산염수화물/[M223093]시프로헵타딘염산염수화물",20200924,"","","Cyproheptadine(시프로헵타딘)",20180620
"노인주의","단일",D000893,Chlorpheniramine,"클로르페니라민","[M223211]클로르페니라민말레산염","용액주사제",197500570,"휴온스클로르페니라민말레산염주사액",19750728,"(주)휴온스","무색의 액이 들어있는 갈색 앰플 주사제",01410,"항히스타민제","전문의약품","[M223211]클로르페니라민말레산염",20200924,"","","Chlorpheniramine(클로르페니라민)",20130603
"노인주의","단일",D000276,Chlorprothixene,"클로르프로틱센","[M051534]클로르프로칙센","당의정",197600629,"트룩살정10밀리그램(클로르프로칙센)(수출용)",19760730,"(주)유영제약","황색 당의정",01170,"정신신경용제","전문의약품","[M051534]클로르프로칙센",20180831,"노인에서의 정형 항정신병약물 사용은 추체외로 증상, 항콜린성 부작용 등이 나타나기 쉬우므로 신중투여","","Chlorprothixene(클로르프로틱센)",20130525
"노인주의","단일",D000114,Hydroxyzine,"히드록시진","[M223358]히드록시진염산염","나정",197800210,"아디팜정(히드록시진염산염)",19780703,"태극제약(주)","노란색의 원형 정제",01170,"정신신경용제","전문의약품","[M223358]히드록시진염산염",20200924,"","","Hydroxyzine(히드록시진)",20200130
"노인주의","단일",D000999,Scopolamine,"스코폴라민","[M223057]부틸스코폴라민브롬화물","용액주사제",197800294,"코스판주(부틸스코폴라민브롬화물)(수출용)",19780204,"삼진제약(주)","무색의 등명한 앰플내의 무색주사제.",01240,"진경제","전문의약품","[M223057]부틸스코폴라민브롬화물",20200924,"","","Scopolamine(스코폴라민)",20200319
"노인주의","단일",D000226,Mequitazine,"메퀴타진","[M050446]메퀴타진","나정",197800308,"프리마란정(메퀴타진)",19780824,"부광약품(주)","흰색의 정제임",01410,"항히스타민제","전문의약품","[M050446]메퀴타진",20200924,"","","Mequitazine(메퀴타진)",20200422
"노인주의","단일",D000374,Clemastine,"클레마스틴","[M223199]클레마스틴푸마르산염","나정",197900219,"마스질정(클레마스틴푸마르산염)",19791210,"태극제약(주)","연한 노란색의 정제",01410,"항히스타민제","일반의약품","[M223199]클레마스틴푸마르산염",20200924,"","","Clemastine(클레마스틴)",20190911
"노인주의","단일",D000089,Dicyclomine,"디시클로민","[M256709]디시클로민염산염","경질캡슐제, 산제",197900411,"스파토민캡슐(디시클로민염산염)",19790224,"조아제약(주)","흰색의 분말이 든 상·하 미황색의 경질캡슐제",01240,"진경제","일반의약품","[M256709]디시클로민염산염",20200924,"","","Dicyclomine(디시클로민)",20210910
"노인주의","단일",D000113,Haloperidol,"할로페리돌","[M040766]할로페리돌","나정",198100257,"페리돌정1.5밀리그램(할로페리돌)",19810602,"환인제약(주)","백색의 원형 정제임",01170,"정신신경용제","전문의약품","[M040766]할로페리돌",20180831,"노인에서의 정형 항정신병약물 사용은 추체외로 증상, 항콜린성 부작용 등이 나타나기 쉬우므로 신중투여","","Haloperidol(할로페리돌)",20231113
"노인주의","단일",D000113,Haloperidol,"할로페리돌","[M040766]할로페리돌","나정",198200323,"페리돌정5밀리그램(할로페리돌)",19820914,"환인제약(주)","연두색의 원형정제",01170,"정신신경용제","전문의약품","[M040766]할로페리돌",20180831,"노인에서의 정형 항정신병약물 사용은 추체외로 증상, 항콜린성 부작용 등이 나타나기 쉬우므로 신중투여","","Haloperidol(할로페리돌)",20231113
"노인주의","단일",D000362,Imipramine,"이미프라민","[M223168]이미프라민염산염","필름코팅정",198200325,"환인이미프라민염산염정25밀리그램",19821203,"환인제약(주)","초록색의 원형 필름코팅정",01170,"정신신경용제","전문의약품","[M223168]이미프라민염산염",20140728,"노인에서의 삼환계 항우울제 사용은 기립성 저혈압, 비틀거림, 항콜린작용에 의한 구갈, 배뇨곤란, 변비, 안내압항진 등이 나타나기 쉬움으로 소량으로 신중투여","","Imipramine(이미프라민)",20200420
"노인주의","단일",D000113,Haloperidol,"할로페리돌","[M040766]할로페리돌","용액주사제",198301325,"페리돌주(할로페리돌)",19831020,"환인제약(주)","무색투명한 액체가 든 갈색앰플제.",01170,"정신신경용제","전문의약품","[M040766]할로페리돌",20180831,"노인에서의 정형 항정신병약물 사용은 추체외로 증상, 항콜린성 부작용 등이 나타나기 쉬우므로 신중투여","","Haloperidol(할로페리돌)",20231113
"노인주의","단일",D000893,Chlorpheniramine,"클로르페니라민","[M223211]클로르페니라민말레산염","용액주사제",198400289,"제일클로르페니라민말레산염주사액(수출용)",19841114,"(주)제일제약","무색의 투명한 액이 든 갈색 앰플주사제.",01410,"항히스타민제","전문의약품","[M223211]클로르페니라민말레산염",20200924,"","","Chlorpheniramine(클로르페니라민)",20111102
"노인주의","단일",D000113,Haloperidol,"할로페리돌","[M040766]할로페리돌","나정",198400475,"페리돌정10밀리그램(할로페리돌)",19840223,"환인제약(주)","청색 원형정제",01170,"정신신경용제","전문의약품","[M040766]할로페리돌",20180831,"노인에서의 정형 항정신병약물 사용은 추체외로 증상, 항콜린성 부작용 등이 나타나기 쉬우므로 신중투여","","Haloperidol(할로페리돌)",20231113
"노인주의","단일",D000897,Piprinhydrinate,"피프린히드리네이트","[M071547]피프린히드리네이트","용액주사제",198500372,"후나콘주사액(피프린히드리네이트)(수출용)",19850104,"(주)제일제약","무색의 맑은 액을 함유하는 앰플제.",01410,"항히스타민제","전문의약품","[M071547]피프린히드리네이트",20200924,"","","Piprinhydrinate(피프린히드리네이트)",20200618
"노인주의","단일",D000584,Chlorpromazine,"클로르프로마진","[M223216]클로르프로마진염산염","당의정",198500616,"명인클로르프로마진염산염정100mg",19850417,"명인제약(주)","주황색의 원형 당의정",01170,"정신신경용제","전문의약품","[M223216]클로르프로마진염산염",20180831,"노인에서의 정형 항정신병약물 사용은 추체외로 증상, 항콜린성 부작용 등이 나타나기 쉬우므로 신중투여","","Chlorpromazine(클로르프로마진)",20201207
"노인주의","단일",D000113,Haloperidol,"할로페리돌","[M040766]할로페리돌","나정",198500617,"명인할로페리돌정10밀리그램(수출명:로펠-엠정(할로페리돌))",19850417,"명인제약(주)","청색 원형정제.",01170,"정신신경용제","전문의약품","[M040766]할로페리돌",20180831,"노인에서의 정형 항정신병약물 사용은 추체외로 증상, 항콜린성 부작용 등이 나타나기 쉬우므로 신중투여","","Haloperidol(할로페리돌)",20231113
"노인주의","단일",D000113,Haloperidol,"할로페리돌","[M040766]할로페리돌","나정",198500618,"명인할로페리돌정1.5밀리그램",19850417,"명인제약(주)","백색의 원형정제",01170,"정신신경용제","전문의약품","[M040766]할로페리돌",20180831,"노인에서의 정형 항정신병약물 사용은 추체외로 증상, 항콜린성 부작용 등이 나타나기 쉬우므로 신중투여","","Haloperidol(할로페리돌)",20231113
"노인주의","단일",D000213,Pimozide,"피모짓","[M071691]피모짓","나정",198500619,"명인피모짓정4밀리그램",19850514,"명인제약(주)","엷은 녹색의 원형 정제.",01170,"정신신경용제","전문의약품","[M071691]피모짓",20180831,"노인에서의 정형 항정신병약물 사용은 추체외로 증상, 항콜린성 부작용 등이 나타나기 쉬우므로 신중투여","","Pimozide(피모짓)",20180221
"노인주의","단일",D000213,Pimozide,"피모짓","[M071691]피모짓","나정",198500620,"명인피모짓정1밀리그램(수출용)",19850514,"명인제약(주)","엷은 오렌지색의 원형 정제",01170,"정신신경용제","전문의약품","[M071691]피모짓",20180831,"노인에서의 정형 항정신병약물 사용은 추체외로 증상, 항콜린성 부작용 등이 나타나기 쉬우므로 신중투여","","Pimozide(피모짓)",20180221
"노인주의","단일",D000781,Perphenazine,"페르페나진","[M091367]페르페나진","나정",198500622,"명인페르페나진정4밀리그램",19850812,"명인제약(주)","분홍색의 원형 정제",01170,"정신신경용제","전문의약품","[M091367]페르페나진",20180831,"노인에서의 정형 항정신병약물 사용은 추체외로 증상, 항콜린성 부작용 등이 나타나기 쉬우므로 신중투여","","Perphenazine(페르페나진)",20170929
"노인주의","단일",D000113,Haloperidol,"할로페리돌","[M040766]할로페리돌","나정",198500625,"명인할로페리돌정3밀리그램",19850417,"명인제약(주)","엷은 황색 원형정제",01170,"정신신경용제","전문의약품","[M040766]할로페리돌",20180831,"노인에서의 정형 항정신병약물 사용은 추체외로 증상, 항콜린성 부작용 등이 나타나기 쉬우므로 신중투여","","Haloperidol(할로페리돌)",20231113
"노인주의","단일",D000809,Amitriptyline,"아미트리프틸린","[M223101]아미트리프틸린염산염","필름코팅정",198500626,"명인아미트리프틸린염산염정10밀리그램",19850417,"명인제약(주)","청색의 원형 필름코팅정",01170,"정신신경용제","전문의약품","[M223101]아미트리프틸린염산염",20150728,"노인에서의 삼환계 항우울제 사용은 기립성 저혈압, 비틀거림, 항콜린작용에 의한 구갈, 배뇨곤란, 변비, 안내압항진 등이 나타나기 쉬움으로 소량으로 신중투여","","Amitriptyline(아미트리프틸린)",20250811
"노인주의","단일",D000362,Imipramine,"이미프라민","[M223168]이미프라민염산염","필름코팅정",198500628,"명인이미프라민염산염정",19850917,"명인제약(주)","초록색의 원형 필름코팅정",01170,"정신신경용제","전문의약품","[M223168]이미프라민염산염",20140728,"노인에서의 삼환계 항우울제 사용은 기립성 저혈압, 비틀거림, 항콜린작용에 의한 구갈, 배뇨곤란, 변비, 안내압항진 등이 나타나기 쉬움으로 소량으로 신중투여","","Imipramine(이미프라민)",20191125
"노인주의","단일",D000440,Benztropine,"벤즈트로핀","[M247864]벤즈트로핀메실산염","나정",198500629,"명인벤즈트로핀메실산염정2밀리그램",19850417,"명인제약(주)","흰색의 원형정제",01190,"기타의 중추신경용약","전문의약품","[M247864]벤즈트로핀메실산염",20200924,"","","Benztropine(벤즈트로핀)",20171122
"노인주의","단일",D000113,Haloperidol,"할로페리돌","[M040766]할로페리돌","나정",198500632,"명인할로페리돌정5밀리그램",19850417,"명인제약(주)","연두색의 원형정제.",01170,"정신신경용제","전문의약품","[M040766]할로페리돌",20180831,"노인에서의 정형 항정신병약물 사용은 추체외로 증상, 항콜린성 부작용 등이 나타나기 쉬우므로 신중투여","","Haloperidol(할로페리돌)",20231113
"노인주의","단일",D000584,Chlorpromazine,"클로르프로마진","[M223216]클로르프로마진염산염","당의정",198500636,"명인클로르프로마진염산염정50mg",19850417,"명인제약(주)","주황색의 원형 당의정",01170,"정신신경용제","전문의약품","[M223216]클로르프로마진염산염",20180831,"노인에서의 정형 항정신병약물 사용은 추체외로 증상, 항콜린성 부작용 등이 나타나기 쉬우므로 신중투여","","Chlorpromazine(클로르프로마진)",20210104
"노인주의","단일",D000113,Haloperidol,"할로페리돌","[M040766]할로페리돌","나정",198500715,"페리돌정3밀리그램(할로페리돌)",19851022,"환인제약(주)","황색의 원형정제",01170,"정신신경용제","전문의약품","[M040766]할로페리돌",20180831,"노인에서의 정형 항정신병약물 사용은 추체외로 증상, 항콜린성 부작용 등이 나타나기 쉬우므로 신중투여","","Haloperidol(할로페리돌)",20210304
"노인주의","단일",D000044,Oxybutynin,"옥시부티닌","[M246163]옥시부티닌염산염","나정",198600437,"동화디트로판정(옥시부티닌염산염)",19861120,"동화약품(주)","담청색의 원형정제.",01230,"자율신경제","전문의약품","[M246163]옥시부티닌염산염",20200924,"","","Oxybutynin(옥시부티닌)",20210221
"노인주의","단일",D000440,Benztropine,"벤즈트로핀","[M247864]벤즈트로핀메실산염","나정",198600614,"명인벤즈트로핀메실산염정1밀리그램",19860217,"명인제약(주)","흰색 원형의 정제",01190,"기타의 중추신경용약","전문의약품","[M247864]벤즈트로핀메실산염",20200924,"","","Benztropine(벤즈트로핀)",20100107
"노인주의","단일",D000296,Doxylamine,"독시라민","[M226319]독시라민석시네이트","나정",198601284,"아졸정(독시라민석시네이트)",19861110,"알파제약(주)","연한 청색의 타원형정제이다.",01120,"최면진정제","일반의약품","[M226319]독시라민석시네이트",20200924,"","","Doxylamine(독시라민)",20101119
"노인주의","단일",D000113,Haloperidol,"할로페리돌","[M040766]할로페리돌","용액주사제",198700673,"명인할로페리돌주사",19870727,"명인제약(주)","무색투명한 액체가 든 갈색 앰플제.",01170,"정신신경용제","전문의약품","[M040766]할로페리돌",20180831,"노인에서의 정형 항정신병약물 사용은 추체외로 증상, 항콜린성 부작용 등이 나타나기 쉬우므로 신중투여","","Haloperidol(할로페리돌)",20231113
"노인주의","단일",D000440,Benztropine,"벤즈트로핀","[M247864]벤즈트로핀메실산염","나정",198700736,"환인벤즈트로핀정1밀리그램(벤즈트로핀메실산염)",19870418,"환인제약(주)","황색의 원형정제",01190,"기타의 중추신경용약","전문의약품","[M247864]벤즈트로핀메실산염",20200924,"","","Benztropine(벤즈트로핀)",20160818
"노인주의","단일",D000296,Doxylamine,"독시라민","[M250452]독시라민숙신산염","나정",198701478,"자비론정(독시라민숙신산염)",19870209,"(주)씨엠지제약","흰색의 타원형 정제",01120,"최면진정제","일반의약품","[M250452]독시라민숙신산염",20200924,"","","Doxylamine(독시라민)",20130702
"노인주의","단일",D000999,Scopolamine,"스코폴라민","[M223057]부틸스코폴라민브롬화물","용액주사제",198701643,"히스판주(부틸스코폴라민브롬화물)(수출명:부스판주,디스코판주,DISPANInj.)",19870313,"(주)휴온스","(내수용) 무색 내지 연황색의 액이 들어 있는 갈색 앰플, (수출용)무색 내지 연황색의 액이 들어 있는 무색 앰플",01240,"진경제","전문의약품","[M223057]부틸스코폴라민브롬화물",20200924,"","","Scopolamine(스코폴라민)",20080926
"노인주의","단일",D000296,Doxylamine,"독시라민","[M250452]독시라민숙신산염","나정",198802479,"스메르정(독시라민숙신산염)",19881022,"지엘파마(주)","흰색의 타원형 정제",01120,"최면진정제","일반의약품","[M250452]독시라민숙신산염",20200924,"","","Doxylamine(독시라민)",20200914
"노인주의","단일",D000296,Doxylamine,"독시라민","[M250452]독시라민숙신산염","필름코팅정",198900711,"아론정(독시라민숙신산염)",19890605,"알리코제약(주)","흰색의 타원형 필름코팅정",01120,"최면진정제","일반의약품","[M250452]독시라민숙신산염",20200924,"","","Doxylamine(독시라민)",20201027
"노인주의","단일",D000277,Clomipramine,"클로미프라민","[M223223]클로미프라민염산염","경질캡슐제, 산제",198900901,"그로민캡슐10밀리그램(클로미프라민염산염)",19890216,"명인제약(주)","흰색-연한 노란색의 분말이 든 (상)노란색, (하)흰색의 경질캡슐제",01170,"정신신경용제","전문의약품","[M223223]클로미프라민염산염",20150728,"노인에서의 삼환계 항우울제 사용은 기립성 저혈압, 비틀거림, 항콜린작용에 의한 구갈, 배뇨곤란, 변비, 안내압항진 등이 나타나기 쉬움으로 소량으로 신중투여","","Clomipramine(클로미프라민)",20191114
"노인주의","단일",D000277,Clomipramine,"클로미프라민","[M223223]클로미프라민염산염","경질캡슐제, 산제",198900902,"그로민캡슐25밀리그램(클로미프라민염산염)",19890216,"명인제약(주)","백색-미황색 분말이 든 (상)녹색, (하)백색의 경질캡슐제",01170,"정신신경용제","전문의약품","[M223223]클로미프라민염산염",20150728,"노인에서의 삼환계 항우울제 사용은 기립성 저혈압, 비틀거림, 항콜린작용에 의한 구갈, 배뇨곤란, 변비, 안내압항진 등이 나타나기 쉬움으로 소량으로 신중투여","","Clomipramine(클로미프라민)",20191114
"노인주의","단일",D000113,Haloperidol,"할로페리돌","[M040766]할로페리돌","나정",198900927,"명인할로페리돌정20밀리그램",19890712,"명인제약(주)","등색 원형의 정제.",01170,"정신신경용제","전문의약품","[M040766]할로페리돌",20180831,"노인에서의 정형 항정신병약물 사용은 추체외로 증상, 항콜린성 부작용 등이 나타나기 쉬우므로 신중투여","","Haloperidol(할로페리돌)",20231113
"노인주의","단일",D000277,Clomipramine,"클로미프라민","[M223223]클로미프라민염산염","경질캡슐제, 산제",198900993,"환인염산클로미프라민캡슐25밀리그램",19890316,"환인제약(주)","미황색 내지 백색의 분말이 든 상:청색, 하:백색의 경질캅셀",01170,"정신신경용제","전문의약품","[M223223]클로미프라민염산염",20150728,"노인에서의 삼환계 항우울제 사용은 기립성 저혈압, 비틀거림, 항콜린작용에 의한 구갈, 배뇨곤란, 변비, 안내압항진 등이 나타나기 쉬움으로 소량으로 신중투여","","Clomipramine(클로미프라민)",20200903
"노인주의","단일",D000113,Haloperidol,"할로페리돌","[M040766]할로페리돌","나정",198902844,"페리돌정20밀리그램(할로페리돌)",19890922,"환인제약(주)","오렌지색의 원형정제",01170,"정신신경용제","전문의약품","[M040766]할로페리돌",20180831,"노인에서의 정형 항정신병약물 사용은 추체외로 증상, 항콜린성 부작용 등이 나타나기 쉬우므로 신중투여","","Haloperidol(할로페리돌)",20231113
"노인주의","단일",D000584,Chlorpromazine,"클로르프로마진","[M223216]클로르프로마진염산염","당의정",199000979,"명인클로르프로마진염산염정200mg",19900320,"명인제약(주)","흰색의 장방형 당의정",01170,"정신신경용제","전문의약품","[M223216]클로르프로마진염산염",20180831,"노인에서의 정형 항정신병약물 사용은 추체외로 증상, 항콜린성 부작용 등이 나타나기 쉬우므로 신중투여","","Chlorpromazine(클로르프로마진)",20210325
"노인주의","단일",D000296,Doxylamine,"독시라민","[M250452]독시라민숙신산염","나정",199102275,"포린피아정(독시라민숙신산염)",19910509,"(주)한국파비스제약","연청색의 타원형 정제",01120,"최면진정제","일반의약품","[M250452]독시라민숙신산염",20200924,"","","Doxylamine(독시라민)",20200721
"노인주의","단일",D001354,Trospium,"트로스피움","[M250033]트로스퓸염화물","당의정",199201630,"스파스몰리트당의정(트로스퓸염화물)",19921010,"부광약품(주)","엷은 황갈색의 당의정",02590,"기타의 비뇨생식기관 및 항문용약","전문의약품","[M250033]트로스퓸염화물",20200924,"","","Trospium(트로스피움)",20210317
"노인주의","단일",D000584,Chlorpromazine,"클로르프로마진","[M223216]클로르프로마진염산염","당의정",199203520,"네오마찐정100밀리그램(클로르프로마진염산염)",19600321,"환인제약(주)","주홍색의 원형당의정",01170,"정신신경용제","전문의약품","[M223216]클로르프로마진염산염",20180831,"노인에서의 정형 항정신병약물 사용은 추체외로 증상, 항콜린성 부작용 등이 나타나기 쉬우므로 신중투여","","Chlorpromazine(클로르프로마진)",20181228
"노인주의","단일",D000881,Trihexyphenidyl,"트리헥시페니딜","[M223252]트리헥시페니딜염산염","필름코팅정",199301084,"트리헥신정(트리헥시페니딜염산염)",19931007,"태극제약(주)","연한 노란색의 원형 필름코팅정",01190,"기타의 중추신경용약","전문의약품","[M223252]트리헥시페니딜염산염",20200924,"","","Trihexyphenidyl(트리헥시페니딜)",20190802
"노인주의","단일",D000113,Haloperidol,"할로페리돌","[M089302]할로페리돌데카노에이트","용액주사제",199304188,"할돌데카노아스주사(할로페리돌데카노에이트)",19930127,"클리니젠코리아(유)","미황색을 띤 약간 끈기가 있는 액체가 갈색의 투명한 유리 앰플에 든 주사제",01170,"정신신경용제","전문의약품","[M089302]할로페리돌데카노에이트",20180831,"노인에서의 정형 항정신병약물 사용은 추체외로 증상, 항콜린성 부작용 등이 나타나기 쉬우므로 신중투여","","Haloperidol(할로페리돌)",20191030
"노인주의","단일",D000739,Aceclofenac,"아세클로페낙","[M040359]아세클로페낙","필름코팅정",199400486,"에어탈정(아세클로페낙)",19941008,"(주)대웅제약","흰색의 원형 필름코팅정제",01140,"해열.진통.소염제","전문의약품","[M040359]아세클로페낙",20210715,"","","Aceclofenac(아세클로페낙)",20240522
"노인주의","단일",D001355,Propiverine,"프로피베린","[M255864]프로피베린염산염","필름코팅정",199500419,"비유피-4정10밀리그램(프로피베린염산염)",19951030,"제일약품(주)","이 약은 백색의 편평구형의 필름코팅정으로 냄새는 없다.",02590,"기타의 비뇨생식기관 및 항문용약","전문의약품","[M255864]프로피베린염산염",20200924,"","","Propiverine(프로피베린)",20190802
"노인주의","단일",D001355,Propiverine,"프로피베린","[M255864]프로피베린염산염","필름코팅정",199500420,"비유피-4정20밀리그램(프로피베린염산염)",19951030,"제일약품(주)","이 약은 백색의 편평구형의 필름코팅정으로 냄새는 없다.",02590,"기타의 비뇨생식기관 및 항문용약","전문의약품","[M255864]프로피베린염산염",20200924,"","","Propiverine(프로피베린)",20190802
"노인주의","단일",D001269,"Meclizine hydrochloride hydrate","메클리진 염산염수화물","[M223008]메클리진염산염수화물","나정",199602310,"파비스염산메클리진정",19961210,"(주)한국파비스제약","엷은 주황색의 원형정제",02350,"최토제, 진토제","일반의약품","[M223008]메클리진염산염수화물",20200924,"","","Meclizine hydrochloride hydrate(메클리진 염산염수화물)",20200425
"노인주의","단일",D000739,Aceclofenac,"아세클로페낙","[M040359]아세클로페낙/[M040359]아세클로페낙","필름코팅정",199700916,"아펜탈정(아세클로페낙)",19971113,"아주약품(주)","흰색의 원형 필름코팅정제(수출용: 주황색의 원형 필름코팅정제)",01140,"해열.진통.소염제","전문의약품","[M040359]아세클로페낙/[M040359]아세클로페낙",20210715,"","","Aceclofenac(아세클로페낙)",20240522
"노인주의","단일",D000739,Aceclofenac,"아세클로페낙","[M040359]아세클로페낙","필름코팅정",199701226,"아세페낙정(아세클로페낙)",19971113,"안국약품(주)","백색의 원형 필름코팅정",01140,"해열.진통.소염제","전문의약품","[M040359]아세클로페낙",20210715,"","","Aceclofenac(아세클로페낙)",20240522
"노인주의","단일",D000452,Aspirin,"아스피린","[M040355]아스피린","장용성필름코팅정",199703010,"초당아스피린장용정100mg(아스피린)",19970117,"초당약품공업(주)","흰색의 원형 장용성 필름코팅정제",02190,"기타의 순환계용약","일반의약품","[M040355]아스피린",20210715,"","","Aspirin(아스피린)",20250415
"노인주의","단일",D000584,Chlorpromazine,"클로르프로마진","[M040618]염산클로르프로마진","나정",199703373,"코러스염산클로르프로마진정(수출용)",19970804,"한국코러스(주)","백색의 원형정제이다.",01170,"정신신경용제","전문의약품","[M040618]염산클로르프로마진",20180831,"노인에서의 정형 항정신병약물 사용은 추체외로 증상, 항콜린성 부작용 등이 나타나기 쉬우므로 신중투여","","Chlorpromazine(클로르프로마진)",20120213
"노인주의","단일",D000739,Aceclofenac,"아세클로페낙","[M040359]아세클로페낙","필름코팅정",199800142,"아크로펜정(아세클로페낙)",19980504,"동아에스티(주)","이 약은 백색의 원형 필름코팅 정제이다.",01140,"해열.진통.소염제","전문의약품","[M040359]아세클로페낙",20210715,"","","Aceclofenac(아세클로페낙)",20240522
"노인주의","단일",D000739,Aceclofenac,"아세클로페낙","[M040359]아세클로페낙","필름코팅정",199800455,"아로펜정(아세클로페낙)(수출명:아로페나정)",19980611,"국제약품(주)","흰색의 원형 필름코팅 정제",01140,"해열.진통.소염제","전문의약품","[M040359]아세클로페낙",20210715,"","","Aceclofenac(아세클로페낙)",20240522
"노인주의","단일",D000739,Aceclofenac,"아세클로페낙","[M040359]아세클로페낙","필름코팅정",199800519,"셀트리온아세클로페낙정",19981205,"(주)셀트리온제약","흰색의 원형 코팅 정제",01140,"해열.진통.소염제","전문의약품","[M040359]아세클로페낙",20210715,"","","Aceclofenac(아세클로페낙)",20240522
"노인주의","단일",D000226,Mequitazine,"메퀴타진","[M050446]메퀴타진","나정",199801340,"멕타진정(메퀴타진)(수출용)",19980821,"(주)동구바이오제약","담홍색의 원형 정제",01410,"항히스타민제","전문의약품","[M050446]메퀴타진",20200924,"","","Mequitazine(메퀴타진)",20080407
"노인주의","단일",D000739,Aceclofenac,"아세클로페낙","[M040359]아세클로페낙/[M040359]아세클로페낙","필름코팅정",199801524,"세나펜정(아세클로페낙)",19980114,"대원제약(주)","황적색의 팔각형 필림코팅정제(수출용:백색의 팔각형 필림코팅정제)",01140,"해열.진통.소염제","전문의약품","[M040359]아세클로페낙/[M040359]아세클로페낙",20210715,"","","Aceclofenac(아세클로페낙)",20240522
"노인주의","단일",D000739,Aceclofenac,"아세클로페낙","[M040359]아세클로페낙","필름코팅정",199801547,"클란자정(아세클로페낙)(수출명:SpeenacTabs.)",19980829,"한국유나이티드제약(주)","흰색의 원형 필름코팅정제",01140,"해열.진통.소염제","전문의약품","[M040359]아세클로페낙",20210715,"","","Aceclofenac(아세클로페낙)",20240522
"노인주의","단일",D000739,Aceclofenac,"아세클로페낙","[M040359]아세클로페낙","필름코팅정",199802092,"에이서정(아세클로페낙)",19980205,"경동제약(주)","흰색의 원형 필름코팅정",01140,"해열.진통.소염제","전문의약품","[M040359]아세클로페낙",20210715,"","","Aceclofenac(아세클로페낙)",20240522
"노인주의","단일",D000739,Aceclofenac,"아세클로페낙","[M040359]아세클로페낙","필름코팅정",199802289,"세니탈정(아세클로페낙)(수출명:하나세니탈정)",19980812,"하나제약(주)","흰색의 원형 필름코팅 정제",01140,"해열.진통.소염제","전문의약품","[M040359]아세클로페낙",20210715,"","","Aceclofenac(아세클로페낙)",20240522
"노인주의","단일",D000739,Aceclofenac,"아세클로페낙","[M040359]아세클로페낙","필름코팅정",199803120,"아로탈정(아세클로페낙)(수출명:아로세탈정(Arocetaltablet))",19980611,"명문제약(주)","흰색의 원형 필름 코팅 정제",01140,"해열.진통.소염제","전문의약품","[M040359]아세클로페낙",20210715,"","","Aceclofenac(아세클로페낙)",20240522
"노인주의","단일",D000883,Procyclidine,"프로사이클리딘","[M251683]프로싸이클리딘염산염","나정",199803128,"프로이머정(프로싸이클리딘염산염)",19980218,"초당약품공업(주)","연한 청색의 타원형 정제",01190,"기타의 중추신경용약","전문의약품","[M251683]프로싸이클리딘염산염",20200924,"","","Procyclidine(프로사이클리딘)",20200903
"노인주의","단일",D000739,Aceclofenac,"아세클로페낙","[M040359]아세클로페낙","필름코팅정",199900033,"아클론정(아세클로페낙)",19990427,"신풍제약(주)","흰색의 원형 필름코팅정",01140,"해열.진통.소염제","전문의약품","[M040359]아세클로페낙",20210715,"","","Aceclofenac(아세클로페낙)",20240522
"노인주의","단일",D000114,Hydroxyzine,"히드록시진","[M223358]히드록시진염산염","나정",199900645,"하이진정(히드록시진염산염)(수출명:히다락스정,필히다락스정)(수출용)",19990622,"대우제약(주)","백색의 타원형 정제",01170,"정신신경용제","전문의약품","[M223358]히드록시진염산염",20200924,"","","Hydroxyzine(히드록시진)",20201228
"노인주의","단일",D000452,Aspirin,"아스피린","[M089224]주사용아스피린리신90%","용액용분말주사제",199901188,"알타질주(주사용아스피린리신90%)",19990807,"일양약품(주)","백색 내지 미황색의 가루가 무색투명한 바이알에 든 주사제.",01140,"해열.진통.소염제","전문의약품","[M089224]주사용아스피린리신90%",20210715,"","","Aspirin(아스피린)",20250415
"노인주의","단일",D000739,Aceclofenac,"아세클로페낙","[M040359]아세클로페낙","경질캡슐제, 산제",199902271,"에이서캡슐(아세클로페낙)",19990417,"경동제약(주)","백색의 가루가 들어있는 상단 암청색, 하단 담황색의 경질캡슐제",01140,"해열.진통.소염제","전문의약품","[M040359]아세클로페낙",20210715,"","","Aceclofenac(아세클로페낙)",20240522
"노인주의","단일",D000739,Aceclofenac,"아세클로페낙","[M040359]아세클로페낙","필름코팅정",199902730,"아섹정100밀리그램(아세클로페낙)",19990816,"한미약품(주)","흰색의 원형 필름코팅정제",01140,"해열.진통.소염제","전문의약품","[M040359]아세클로페낙",20210715,"","","Aceclofenac(아세클로페낙)",20240522
"노인주의","단일",D000739,Aceclofenac,"아세클로페낙","[M040359]아세클로페낙/[M040359]아세클로페낙","필름코팅정",200001168,"아페낙정(아세클로페낙)",20000401,"알리코제약(주)","흰색의 원형 필름코팅정",01140,"해열.진통.소염제","전문의약품","[M040359]아세클로페낙/[M040359]아세클로페낙",20210715,"","","Aceclofenac(아세클로페낙)",20240522
"노인주의","단일",D000792,Levomepromazine,"레보메프로마진","[M222988]레보메프로마진말레산염","필름코팅정",200001433,"티세르신정25밀리그램(레보메프로마진말레산염)",20000403,"명인제약(주)","흰색의 필름코팅정",01170,"정신신경용제","전문의약품","[M222988]레보메프로마진말레산염",20180831,"노인에서의 정형 항정신병약물 사용은 추체외로 증상, 항콜린성 부작용 등이 나타나기 쉬우므로 신중투여","","Levomepromazine(레보메프로마진)",20201007
"노인주의","단일",D000792,Levomepromazine,"레보메프로마진","[M222988]레보메프로마진말레산염","필름코팅정",200001454,"티세르신정50밀리그램(레보메프로마진말레산염)",20000403,"명인제약(주)","황색 원형 필름코팅정",01170,"정신신경용제","전문의약품","[M222988]레보메프로마진말레산염",20180831,"노인에서의 정형 항정신병약물 사용은 추체외로 증상, 항콜린성 부작용 등이 나타나기 쉬우므로 신중투여","","Levomepromazine(레보메프로마진)",20160330
"노인주의","단일",D000792,Levomepromazine,"레보메프로마진","[M222988]레보메프로마진말레산염","필름코팅정",200001456,"티세르신정100밀리그램(레보메프로마진말레산염)",20000403,"명인제약(주)","엷은 녹색의 원형 필름코팅정",01170,"정신신경용제","전문의약품","[M222988]레보메프로마진말레산염",20180831,"노인에서의 정형 항정신병약물 사용은 추체외로 증상, 항콜린성 부작용 등이 나타나기 쉬우므로 신중투여","","Levomepromazine(레보메프로마진)",20160330
"노인주의","단일",D000226,Mequitazine,"메퀴타진","[M050446]메퀴타진","액상시럽제",200001946,"소아용프리마란시럽(메퀴타진)",20000522,"부광약품(주)","과일향이 있는 미색 내지 미황색의 시럽이 갈색 플라스틱용기에 든 시럽제",01410,"항히스타민제","전문의약품","[M050446]메퀴타진",20200924,"","","Mequitazine(메퀴타진)",20210129
"노인주의","단일",D001357,Cimetropium,"시메트로퓸","[M257165]시메트로퓸브롬화물","용액주사제",200002889,"알피트주사(시메트로퓸브롬화물)",20001107,"하나제약(주)","무색투명한 액이 들어 있는 갈색 앰플 주사제",01240,"진경제","전문의약품","[M257165]시메트로퓸브롬화물",20200924,"","","Cimetropium(시메트로퓸)",20170112
"노인주의","단일",D000089,Dicyclomine,"디시클로민","[M256709]디시클로민염산염","필름코팅정",200003011,"이지정(디시클로민염산염)",20001026,"신일제약(주)","하늘색의 장방형 필름코팅정제",01240,"진경제","일반의약품","[M256709]디시클로민염산염",20200924,"","","Dicyclomine(디시클로민)",20210910
"노인주의","단일",D000452,Aspirin,"아스피린","[M040355]아스피린","장용성필름코팅정",200003092,"한미아스피린장용정100밀리그램",20000426,"한미약품(주)","백색의 원형 장용성 필름코팅정제",02190,"기타의 순환계용약","일반의약품","[M040355]아스피린",20210715,"","","Aspirin(아스피린)",20250415
"노인주의","단일",D001234,Tolterodine,"톨터로딘","[M256407]톨터로딘-L-타르타르산염","서방성캡슐제, 펠렛",200008568,"디트루시톨SR캡슐4밀리그람(톨터로딘-L-타르타르산염)",20060911,"비아트리스코리아(주)","유백색의 과립이 든 상하부 청색의 캅셀",02590,"기타의 비뇨생식기관 및 항문용약","전문의약품","[M256407]톨터로딘-L-타르타르산염",20200924,"","","Tolterodine(톨터로딘)",20200623
"노인주의","단일",D000452,Aspirin,"아스피린","[M040355]아스피린","나정",200008591,"바이엘아스피린정500밀리그람",20000223,"바이엘코리아(주)","흰색의 원형 정제",01140,"해열.진통.소염제","일반의약품","[M040355]아스피린",20210715,"","","Aspirin(아스피린)",20250415
"노인주의","단일",D000999,Scopolamine,"스코폴라민","[M223057]부틸스코폴라민브롬화물","용액주사제",200100633,"프리판주(부틸스코폴라민브롬화물)",20010412,"(주)제일제약","무색 투명한 액이든 갈색앰플주사제",01240,"진경제","전문의약품","[M223057]부틸스코폴라민브롬화물",20200924,"","","Scopolamine(스코폴라민)",20080926
"노인주의","단일",D000739,Aceclofenac,"아세클로페낙","[M040359]아세클로페낙","필름코팅정",200101246,"에어페낙정(아세클로페낙)",20010716,"(주)동구바이오제약","흰색의 원형 필름코팅정제",01140,"해열.진통.소염제","전문의약품","[M040359]아세클로페낙",20210715,"","","Aceclofenac(아세클로페낙)",20240522
"노인주의","단일",D001357,Cimetropium,"시메트로퓸","[M084729]브롬화시메트로피움","나정",200102370,"알피트정(브롬화시메트로피움)(수출용)",20010829,"하나제약(주)","백색의 원형정제",01240,"진경제","전문의약품","[M084729]브롬화시메트로피움",20200924,"","","Cimetropium(시메트로퓸)",20111230
"노인주의","단일",D001234,Tolterodine,"톨터로딘","[M256407]톨터로딘-L-타르타르산염","서방성캡슐제, 펠렛",200108384,"디트루시톨SR캡슐2밀리그람(톨터로딘-L-타르타르산염)",20060911,"비아트리스코리아(주)","유백색의 과립이 든 상하부 청녹색의 캡슐",02590,"기타의 비뇨생식기관 및 항문용약","전문의약품","[M256407]톨터로딘-L-타르타르산염",20200924,"","","Tolterodine(톨터로딘)",20200623
"노인주의","단일",D000452,Aspirin,"아스피린","[M040355]아스피린","장용성필름코팅정",200108429,"아스피린프로텍트정100밀리그람",20010921,"바이엘코리아(주)","한쪽 면에 BAYER 식별이 있고, 다른 한쪽 면에는 식별이 없는 흰색의 원형 장용 필름코팅정",02190,"기타의 순환계용약","일반의약품","[M040355]아스피린",20210715,"","","Aspirin(아스피린)",20250415
"노인주의","단일",D000452,Aspirin,"아스피린","[M040355]아스피린","장용성필름코팅정",200200734,"영진아스피린장용정",20020801,"영진약품(주)","백색의 장용제피정",02190,"기타의 순환계용약","일반의약품","[M040355]아스피린",20210715,"","","Aspirin(아스피린)",20250415
"노인주의","단일",D000739,Aceclofenac,"아세클로페낙","[M040359]아세클로페낙","연질캡슐제, 액상",200201436,"클란자에스연질캡슐(아세클로페낙)(수출명:SpeenacSoftCaps.)",20020529,"한국유나이티드제약(주)","CLS가 인쇄된 점조한 내용물이 든 적색의 타원형 연질캡슐제",01140,"해열.진통.소염제","전문의약품","[M040359]아세클로페낙",20210715,"","","Aceclofenac(아세클로페낙)",20240522
"노인주의","단일",D000739,Aceclofenac,"아세클로페낙","[M040359]아세클로페낙","필름코팅정",200203727,"아세탈정(아세클로페낙)",20021113,"동국제약(주)","흰색의 원형 필름코팅정제",01140,"해열.진통.소염제","전문의약품","[M040359]아세클로페낙",20210715,"","","Aceclofenac(아세클로페낙)",20240522
"노인주의","단일",D000739,Aceclofenac,"아세클로페낙","[M040359]아세클로페낙","필름코팅정",200300102,"세클로낙정(아세클로페낙)",20030526,"(주)종근당","흰색의 원형 필름코팅정",01140,"해열.진통.소염제","전문의약품","[M040359]아세클로페낙",20210715,"","","Aceclofenac(아세클로페낙)",20240522
"노인주의","단일",D000739,Aceclofenac,"아세클로페낙","[M040359]아세클로페낙","필름코팅정",200300132,"아크로정(아세클로페낙)",20030619,"이연제약(주)","흰색의 원형 필름코팅 정제",01140,"해열.진통.소염제","전문의약품","[M040359]아세클로페낙",20210715,"","","Aceclofenac(아세클로페낙)",20240522
"노인주의","단일",D000739,Aceclofenac,"아세클로페낙","[M040359]아세클로페낙","필름코팅정",200300307,"아세로정(아세클로페낙)",20031229,"한올바이오파마(주)","흰색의 원형 필름코팅정제",01140,"해열.진통.소염제","전문의약품","[M040359]아세클로페낙",20210715,"","","Aceclofenac(아세클로페낙)",20240522
"노인주의","단일",D000739,Aceclofenac,"아세클로페낙","[M040359]아세클로페낙","필름코팅정",200300458,"뉴마탈정(아세클로페낙)",20030619,"(주)바이넥스","흰색의 원형 필름코팅 정제",01140,"해열.진통.소염제","전문의약품","[M040359]아세클로페낙",20210715,"","","Aceclofenac(아세클로페낙)",20240522
"노인주의","단일",D000739,Aceclofenac,"아세클로페낙","[M040359]아세클로페낙","필름코팅정",200300497,"에이펜정(아세클로페낙)",20030403,"대우제약(주)","흰색의 원형 필름코팅정제",01140,"해열.진통.소염제","전문의약품","[M040359]아세클로페낙",20210715,"","","Aceclofenac(아세클로페낙)",20240522
"노인주의","단일",D000739,Aceclofenac,"아세클로페낙","[M040359]아세클로페낙","필름코팅정",200300603,"아세클란정(아세클로페낙)",20031229,"(주)일화","흰색의 원형 필름코팅정제",01140,"해열.진통.소염제","전문의약품","[M040359]아세클로페낙",20210715,"","","Aceclofenac(아세클로페낙)",20240522
"노인주의","단일",D000739,Aceclofenac,"아세클로페낙","[M040359]아세클로페낙","필름코팅정",200300687,"아세낙정(아세클로페낙)",20031229,"(주)에이프로젠바이오로직스","흰색의 원형 코팅정제",01140,"해열.진통.소염제","전문의약품","[M040359]아세클로페낙",20210715,"","","Aceclofenac(아세클로페낙)",20240522
"노인주의","단일",D000739,Aceclofenac,"아세클로페낙","[M040359]아세클로페낙","필름코팅정",200300763,"아세클정(아세클로페낙)",20030712,"삼천당제약(주)","흰색의 원형 필름코팅 정제",01140,"해열.진통.소염제","전문의약품","[M040359]아세클로페낙",20210715,"","","Aceclofenac(아세클로페낙)",20240522
"노인주의","단일",D000739,Aceclofenac,"아세클로페낙","[M040359]아세클로페낙","필름코팅정",200300854,"애니락정(아세클로페낙)",20031208,"(주)제뉴파마","흰색의 원형 코팅정제",01140,"해열.진통.소염제","전문의약품","[M040359]아세클로페낙",20210715,"","","Aceclofenac(아세클로페낙)",20240522
"노인주의","단일",D000739,Aceclofenac,"아세클로페낙","[M040359]아세클로페낙","필름코팅정",200301031,"아엔탈정(아세클로페낙)",20030428,"진양제약(주)","흰색의 원형 필름코팅정",01140,"해열.진통.소염제","전문의약품","[M040359]아세클로페낙",20210715,"","","Aceclofenac(아세클로페낙)",20240522
"노인주의","단일",D001356,Flavoxate,"플라복세이트","[M051825]염산플라복세이트","당의정",200301050,"유로겐정(염산폴라복세이트)
(수출용)",20030207,"(주)동구바이오제약","백색의 원형 당의정",02590,"기타의 비뇨생식기관 및 항문용약","전문의약품","[M051825]염산플라복세이트",20200924,"","","Flavoxate(플라복세이트)",20080407
"노인주의","단일",D000739,Aceclofenac,"아세클로페낙","[M040359]아세클로페낙","필름코팅정",200301348,"아세젠정(아세클로페낙)",20030421,"(주)셀릭스","흰색의 원형 필름코팅정",01140,"해열.진통.소염제","전문의약품","[M040359]아세클로페낙",20210715,"","","Aceclofenac(아세클로페낙)",20240522
"노인주의","단일",D000739,Aceclofenac,"아세클로페낙","[M040359]아세클로페낙","필름코팅정",200301624,"에어팩정(아세클로페낙)",20031229,"한국넬슨제약(주)","백색의 원형 필름코팅정제",01140,"해열.진통.소염제","전문의약품","[M040359]아세클로페낙",20210715,"","","Aceclofenac(아세클로페낙)",20240522
"노인주의","단일",D000739,Aceclofenac,"아세클로페낙","[M040359]아세클로페낙","필름코팅정",200301663,"아스로펜정(아세클로페낙)",20031229,"(주)팜젠사이언스","흰색의 원형 필름코팅정",01140,"해열.진통.소염제","전문의약품","[M040359]아세클로페낙",20210715,"","","Aceclofenac(아세클로페낙)",20240522
"노인주의","단일",D000739,Aceclofenac,"아세클로페낙","[M040359]아세클로페낙","필름코팅정",200301922,"에어낙정(아세클로페낙)",20030421,"광동제약(주)","흰색의 원형 필름코팅정",01140,"해열.진통.소염제","전문의약품","[M040359]아세클로페낙",20210715,"","","Aceclofenac(아세클로페낙)",20240522
"노인주의","단일",D000739,Aceclofenac,"아세클로페낙","[M040359]아세클로페낙","필름코팅정",200301990,"아포낙정(아세클로페낙)",20031229,"(주)씨엠지제약","백색의 원형 필름코팅 정제",01140,"해열.진통.소염제","전문의약품","[M040359]아세클로페낙",20210715,"","","Aceclofenac(아세클로페낙)",20240522
"노인주의","단일",D000739,Aceclofenac,"아세클로페낙","[M040359]아세클로페낙","필름코팅정",200302009,"크로탈정(아세클로페낙)",20031024,"영풍제약(주)","흰색 원형의 필름코팅정",01140,"해열.진통.소염제","전문의약품","[M040359]아세클로페낙",20210715,"","","Aceclofenac(아세클로페낙)",20240522
"노인주의","단일",D000739,Aceclofenac,"아세클로페낙","[M040359]아세클로페낙","필름코팅정",200302053,"아세크로정(아세클로페낙)",20030619,"(주)하원제약","흰색의 원형 필름코팅정제",01140,"해열.진통.소염제","전문의약품","[M040359]아세클로페낙",20210715,"","","Aceclofenac(아세클로페낙)",20240522
"노인주의","단일",D000739,Aceclofenac,"아세클로페낙","[M040359]아세클로페낙","필름코팅정",200302141,"세크로정(아세클로페낙)(수출명:HUONSACENACTab.)",20030428,"(주)휴온스","흰색의 원형 필름코팅 정제",01140,"해열.진통.소염제","전문의약품","[M040359]아세클로페낙",20210715,"","","Aceclofenac(아세클로페낙)",20240522
"노인주의","단일",D000895,Diphenhydramine,"디펜히드라민","[M222973]디펜히드라민염산염","용액주사제",200302200,"디히스타주(디펜히드라민염산염)(수출용)",20031009,"(주)유영제약","무색 내지 미황색의 액체가 들어 있는 갈색 앰플제",01410,"항히스타민제","전문의약품","[M222973]디펜히드라민염산염",20200924,"","","Diphenhydramine(디펜히드라민)",20100303
"노인주의","단일",D000739,Aceclofenac,"아세클로페낙","[M040359]아세클로페낙","필름코팅정",200302215,"에어펜정(아세클로페낙)",20030526,"알보젠코리아(주)","백색의 원형 필름코팅정제",01140,"해열.진통.소염제","전문의약품","[M040359]아세클로페낙",20210715,"","","Aceclofenac(아세클로페낙)",20240522
"노인주의","단일",D000739,Aceclofenac,"아세클로페낙","[M040359]아세클로페낙","필름코팅정",200302313,"베오페낙정(아세클로페낙)",20030526,"한림제약(주)","코팅된 흰색의 정제",01140,"해열.진통.소염제","전문의약품","[M040359]아세클로페낙",20210715,"","","Aceclofenac(아세클로페낙)",20240522
"노인주의","단일",D000739,Aceclofenac,"아세클로페낙","[M040359]아세클로페낙","필름코팅정",200302452,"유니세탈정(아세클로페낙)",20030428,"유니메드제약(주)","백색의 원형 필름코팅정제",01140,"해열.진통.소염제","전문의약품","[M040359]아세클로페낙",20210715,"","","Aceclofenac(아세클로페낙)",20240522
"노인주의","단일",D000739,Aceclofenac,"아세클로페낙","[M040359]아세클로페낙","필름코팅정",200302642,"아가펜정(아세클로페낙)",20030925,"한국프라임제약(주)","흰색의 원형 필름코팅 정제",01140,"해열.진통.소염제","전문의약품","[M040359]아세클로페낙",20210715,"","","Aceclofenac(아세클로페낙)",20240522
"노인주의","단일",D000739,Aceclofenac,"아세클로페낙","[M040359]아세클로페낙","필름코팅정",200303337,"에이펙스정(아세클로페낙)",20030915,"제일약품(주)","흰색의 원형 필름코팅정",01140,"해열.진통.소염제","전문의약품","[M040359]아세클로페낙",20210715,"","","Aceclofenac(아세클로페낙)",20240522
"노인주의","단일",D000739,Aceclofenac,"아세클로페낙","[M040359]아세클로페낙","필름코팅정",200308585,"페노클정(아세클로페낙)",20030925,"(주)메디카코리아","흰색의 원형 필름코팅정",01140,"해열.진통.소염제","전문의약품","[M040359]아세클로페낙",20210715,"","","Aceclofenac(아세클로페낙)",20240522
"노인주의","단일",D000739,Aceclofenac,"아세클로페낙","[M040359]아세클로페낙","필름코팅정",200308845,"아나클정(아세클로페낙)(수출명:파나정정)",20030919,"(주)한국파마","흰색의 원형 코팅 정제",01140,"해열.진통.소염제","전문의약품","[M040359]아세클로페낙",20210715,"","","Aceclofenac(아세클로페낙)",20240522
"노인주의","단일",D001355,Propiverine,"프로피베린","[M255864]프로피베린염산염","필름코팅정",200400014,"유로베린정(프로피베린염산염)",20040728,"신풍제약(주)","백색의 원형 필름코팅정",02590,"기타의 비뇨생식기관 및 항문용약","전문의약품","[M255864]프로피베린염산염",20200924,"","","Propiverine(프로피베린)",20140130
"노인주의","단일",D001355,Propiverine,"프로피베린","[M255864]프로피베린염산염","필름코팅정",200400062,"유베린정(프로피베린염산염)",20041224,"동국제약(주)","백색의 원형 필름코팅정",02590,"기타의 비뇨생식기관 및 항문용약","전문의약품","[M255864]프로피베린염산염",20200924,"","","Propiverine(프로피베린)",20210325
"노인주의","단일",D001355,Propiverine,"프로피베린","[M255864]프로피베린염산염","필름코팅정",200400152,"이연프로피베린정(프로피베린염산염)",20040612,"이연제약(주)","흰색의 원형 필름코팅정",02590,"기타의 비뇨생식기관 및 항문용약","전문의약품","[M255864]프로피베린염산염",20200924,"","","Propiverine(프로피베린)",20140130
"노인주의","단일",D000739,Aceclofenac,"아세클로페낙","[M040359]아세클로페낙","필름코팅정",200400225,"아세크로나정(아세클로페낙)",20041008,"삼성제약(주)","흰색의 원형 필름코팅 정제",01140,"해열.진통.소염제","전문의약품","[M040359]아세클로페낙",20210715,"","","Aceclofenac(아세클로페낙)",20240522
"노인주의","단일",D001355,Propiverine,"프로피베린","[M255864]프로피베린염산염","필름코팅정",200400478,"베아베린정(프로피베린염산염)",20040906,"(주)대웅제약","백색의 편평구형의 필름코팅정",02590,"기타의 비뇨생식기관 및 항문용약","전문의약품","[M255864]프로피베린염산염",20200924,"","","Propiverine(프로피베린)",20140130
"노인주의","단일",D001355,Propiverine,"프로피베린","[M255864]프로피베린염산염","필름코팅정",200400580,"유로콘정(프로피베린염산염)",20040219,"(주)바이넥스","냄새가 없는 흰색원형의 필름코팅정",02590,"기타의 비뇨생식기관 및 항문용약","전문의약품","[M255864]프로피베린염산염",20200924,"","","Propiverine(프로피베린)",20140130
"노인주의","단일",D001355,Propiverine,"프로피베린","[M255864]프로피베린염산염","필름코팅정",200400799,"유로픽스정(프로피베린염산염)",20040903,"(주)일화","흰색의 원형 필름코팅정제",02590,"기타의 비뇨생식기관 및 항문용약","전문의약품","[M255864]프로피베린염산염",20200924,"","","Propiverine(프로피베린)",20141008
"노인주의","단일",D000739,Aceclofenac,"아세클로페낙","[M040359]아세클로페낙","필름코팅정",200401008,"아페민정(아세클로페낙)",20040930,"(주)한국파비스제약","백색의 원형 필름코팅 정제",01140,"해열.진통.소염제","전문의약품","[M040359]아세클로페낙",20210715,"","","Aceclofenac(아세클로페낙)",20240522
"노인주의","단일",D000739,Aceclofenac,"아세클로페낙","[M040359]아세클로페낙","필름코팅정",200401110,"태극아세클로페낙정",20040503,"태극제약(주)","흰색의 원형 필름코팅정제",01140,"해열.진통.소염제","전문의약품","[M040359]아세클로페낙",20210715,"","","Aceclofenac(아세클로페낙)",20240522
"노인주의","단일",D001355,Propiverine,"프로피베린","[M255864]프로피베린염산염","필름코팅정",200401286,"포베린정20mg(프로피베린염산염)",20040501,"일양약품(주)","백색의 원형 필름코팅정",02590,"기타의 비뇨생식기관 및 항문용약","전문의약품","[M255864]프로피베린염산염",20200924,"","","Propiverine(프로피베린)",20140422
"노인주의","단일",D000739,Aceclofenac,"아세클로페낙","[M040359]아세클로페낙/[M040359]아세클로페낙","필름코팅정",200401683,"에이텍정(아세클로페낙)",20040608,"한국유니온제약(주)","흰색의 원형 필름코팅정제",01140,"해열.진통.소염제","전문의약품","[M040359]아세클로페낙/[M040359]아세클로페낙",20210715,"","","Aceclofenac(아세클로페낙)",20240522
"노인주의","단일",D000739,Aceclofenac,"아세클로페낙","[M040359]아세클로페낙","필름코팅정",200401926,"아세클낙정(아세클로페낙)",20040924,"에이치엘비제약(주)","흰색의 원형 필름코팅정제",01140,"해열.진통.소염제","전문의약품","[M040359]아세클로페낙",20210715,"","","Aceclofenac(아세클로페낙)",20240522
"노인주의","단일",D000739,Aceclofenac,"아세클로페낙","[M040359]아세클로페낙","필름코팅정",200402064,"아세탑정(아세클로페낙)",20040212,"오스틴제약(주)","흰색의 원형 필름코팅 정제",01140,"해열.진통.소염제","전문의약품","[M040359]아세클로페낙",20210715,"","","Aceclofenac(아세클로페낙)",20240522
"노인주의","단일",D001355,Propiverine,"프로피베린","[M255864]프로피베린염산염","필름코팅정",200402114,"프롭정20밀리그램(프로피베린염산염)",20041214,"대화제약(주)","냄새가 없는 흰색의 편평구형의 필름코팅정",02590,"기타의 비뇨생식기관 및 항문용약","전문의약품","[M255864]프로피베린염산염",20200924,"","","Propiverine(프로피베린)",20140130
"노인주의","단일",D000739,Aceclofenac,"아세클로페낙","[M040359]아세클로페낙","필름코팅정",200402557,"아세론정(아세클로페낙)",20040212,"구주제약(주)","흰색의 원형 필름코팅정",01140,"해열.진통.소염제","전문의약품","[M040359]아세클로페낙",20210715,"","","Aceclofenac(아세클로페낙)",20240522
"노인주의","단일",D000739,Aceclofenac,"아세클로페낙","[M040359]아세클로페낙","필름코팅정",200402610,"아크로신정(아세클로페낙)",20040823,"에스케이케미칼(주)","흰색의 원형 필름코팅 정제",01140,"해열.진통.소염제","전문의약품","[M040359]아세클로페낙",20210715,"","","Aceclofenac(아세클로페낙)",20240522
"노인주의","단일",D000739,Aceclofenac,"아세클로페낙","[M040359]아세클로페낙","필름코팅정",200402839,"위더스페낙정(아세클로페낙)",20040218,"위더스제약(주)","흰색의 원형 필름코팅정",01140,"해열.진통.소염제","전문의약품","[M040359]아세클로페낙",20210715,"","","Aceclofenac(아세클로페낙)",20240522
"노인주의","단일",D001355,Propiverine,"프로피베린","[M255864]프로피베린염산염","필름코팅정",200403104,"디트루베린정(프로피베린염산염)",20040528,"(주)휴온스","냄새가 없는 흰색의 편평구형의 필름코팅정",02590,"기타의 비뇨생식기관 및 항문용약","전문의약품","[M255864]프로피베린염산염",20200924,"","","Propiverine(프로피베린)",20140130
"노인주의","단일",D001355,Propiverine,"프로피베린","[M255864]프로피베린염산염","필름코팅정",200403239,"유로나정(프로피베린염산염)",20040702,"명문제약(주)","백색의 원형 필름코팅정",02590,"기타의 비뇨생식기관 및 항문용약","전문의약품","[M255864]프로피베린염산염",20200924,"","","Propiverine(프로피베린)",20140130
"노인주의","단일",D000739,Aceclofenac,"아세클로페낙","[M040359]아세클로페낙/[M040359]아세클로페낙","필름코팅정",200403271,"아세클라정(아세클로페낙)",20040529,"케이엠에스제약(주)","흰색의 원형 필름코팅정",01140,"해열.진통.소염제","전문의약품","[M040359]아세클로페낙/[M040359]아세클로페낙",20210715,"","","Aceclofenac(아세클로페낙)",20240522
"노인주의","단일",D000739,Aceclofenac,"아세클로페낙","[M040359]아세클로페낙/[M040359]아세클로페낙","필름코팅정",200403465,"세클펜정(아세클로페낙)(수출명:CECLOFEN Tab.)",20041026,"삼익제약(주)","흰색의 원형필름코팅정제",01140,"해열.진통.소염제","전문의약품","[M040359]아세클로페낙/[M040359]아세클로페낙",20210715,"","","Aceclofenac(아세클로페낙)",20240522
"노인주의","단일",D000739,Aceclofenac,"아세클로페낙","[M040359]아세클로페낙/[M040359]아세클로페낙","필름코팅정",200403775,"아낙정(아세클로페낙)",20040529,"한국코러스(주)","흰색의 원형 필름코팅정제",01140,"해열.진통.소염제","전문의약품","[M040359]아세클로페낙/[M040359]아세클로페낙",20210715,"","","Aceclofenac(아세클로페낙)",20240522
"노인주의","단일",D000739,Aceclofenac,"아세클로페낙","[M040359]아세클로페낙","필름코팅정",200403849,"아세파인정(아세클로페낙)",20040630,"대한뉴팜(주)","흰색의 원형 필름코팅정제",01140,"해열.진통.소염제","전문의약품","[M040359]아세클로페낙",20210715,"","","Aceclofenac(아세클로페낙)",20240522
"노인주의","단일",D000739,Aceclofenac,"아세클로페낙","[M040359]아세클로페낙","필름코팅정",200404216,"아스낙정(아세클로페낙)",20040511,"(주)넥스팜코리아","흰색의 원형 필림코팅 정제",01140,"해열.진통.소염제","전문의약품","[M040359]아세클로페낙",20210715,"","","Aceclofenac(아세클로페낙)",20240522
"노인주의","단일",D000739,Aceclofenac,"아세클로페낙","[M040359]아세클로페낙","필름코팅정",200404606,"아세날정(아세클로페낙)",20041007,"성원애드콕제약(주)","흰색의 원형 필름코팅 정제",01140,"해열.진통.소염제","전문의약품","[M040359]아세클로페낙",20210715,"","","Aceclofenac(아세클로페낙)",20240522
"노인주의","단일",D000739,Aceclofenac,"아세클로페낙","[M040359]아세클로페낙","필름코팅정",200404711,"카나펜정(아세클로페낙)",20040218,"주식회사제뉴원사이언스","흰색의 원형 코팅 정제",01140,"해열.진통.소염제","전문의약품","[M040359]아세클로페낙",20210715,"","","Aceclofenac(아세클로페낙)",20240522
"노인주의","단일",D000138,Celecoxib,"세레콕시브","[M089149]세레콕시브","경질캡슐제, 산제",200409930,"쎄레브렉스캡슐200밀리그램(세레콕시브)",20060911,"비아트리스코리아(주)","흰색 내지 미황색의 분말이 충진된 상하 황색줄이 있는 흰색의 캡슐제",01140,"해열.진통.소염제","전문의약품","[M089149]세레콕시브",20210715,"","","Celecoxib(세레콕시브)",20200525
"노인주의","단일",D001355,Propiverine,"프로피베린","[M255864]프로피베린염산염","필름코팅정",200410941,"프로시톨정(프로피베린염산염)",20040501,"알보젠코리아(주)","흰색의 원형 필름코팅 정제",02590,"기타의 비뇨생식기관 및 항문용약","전문의약품","[M255864]프로피베린염산염",20200924,"","","Propiverine(프로피베린)",20171117
"노인주의","단일",D000739,Aceclofenac,"아세클로페낙","[M040359]아세클로페낙","필름코팅정",200410951,"아클펜정(아세클로페낙)",20040218,"(주)테라젠이텍스","흰색의 원형 필름코팅 정제",01140,"해열.진통.소염제","전문의약품","[M040359]아세클로페낙",20210715,"","","Aceclofenac(아세클로페낙)",20240522
"노인주의","단일",D000739,Aceclofenac,"아세클로페낙","[M040359]아세클로페낙","필름코팅정",200410954,"에이낙정(아세클로페낙)",20040914,"신일제약(주)","흰색의 원형 필름코팅정",01140,"해열.진통.소염제","전문의약품","[M040359]아세클로페낙",20210715,"","","Aceclofenac(아세클로페낙)",20240522
"노인주의","단일",D000739,Aceclofenac,"아세클로페낙","[M040359]아세클로페낙","필름코팅정",200411098,"아세민정(아세클로페낙)",20040804,"(주)한국피엠지제약","흰색의 원형 필름코팅정",01140,"해열.진통.소염제","전문의약품","[M040359]아세클로페낙",20210715,"","","Aceclofenac(아세클로페낙)",20240522
"노인주의","단일",D001355,Propiverine,"프로피베린","[M255864]프로피베린염산염","필름코팅정",200500473,"프로베린정(프로피베린염산염)",20050228,"한올바이오파마(주)","냄새가 없는 흰색원형의 필름코팅정",02590,"기타의 비뇨생식기관 및 항문용약","전문의약품","[M255864]프로피베린염산염",20200924,"","","Propiverine(프로피베린)",20140130
"노인주의","단일",D000739,Aceclofenac,"아세클로페낙","[M040359]아세클로페낙","필름코팅정",200500652,"아페락정(아세클로페낙)",20050530,"(주)마더스제약","흰색의 원형 필름코팅정",01140,"해열.진통.소염제","전문의약품","[M040359]아세클로페낙",20210715,"","","Aceclofenac(아세클로페낙)",20240522
"노인주의","단일",D001357,Cimetropium,"시메트로퓸","[M257165]시메트로퓸브롬화물","나정",200500776,"알피움정(시메트로퓸브롬화물)",20050526,"동화약품(주)","백색의 원형 정제",01240,"진경제","전문의약품","[M257165]시메트로퓸브롬화물",20200924,"","","Cimetropium(시메트로퓸)",20170112
"노인주의","단일",D001355,Propiverine,"프로피베린","[M255864]프로피베린염산염","필름코팅정",200501390,"대웅바이오프로피베린정20밀리그램(프로피베린염산염)",20051123,"대웅바이오(주)","흰색의 원형 필름코팅정",02590,"기타의 비뇨생식기관 및 항문용약","전문의약품","[M255864]프로피베린염산염",20200924,"","","Propiverine(프로피베린)",20201230
"노인주의","단일",D001234,Tolterodine,"톨터로딘","[M256407]톨터로딘-L-타르타르산염","서방성캡슐제, 펠렛",200501635,"디트로딘에스알캡슐4밀리그램(톨터로딘-L-타르타르산염)",20050726,"한국유나이티드제약(주)","유백색의 과립이 든 상하부 청색의 캡슐",02590,"기타의 비뇨생식기관 및 항문용약","전문의약품","[M256407]톨터로딘-L-타르타르산염",20200924,"","","Tolterodine(톨터로딘)",20191018
"노인주의","단일",D001355,Propiverine,"프로피베린","[M255864]프로피베린염산염","필름코팅정",200501794,"프로베정(프로피베린염산염)",20051007,"오스틴제약(주)","흰색의 원형 필름코팅정",02590,"기타의 비뇨생식기관 및 항문용약","전문의약품","[M255864]프로피베린염산염",20200924,"","","Propiverine(프로피베린)",20160615
"노인주의","단일",D001234,Tolterodine,"톨터로딘","[M256407]톨터로딘-L-타르타르산염","필름코팅정",200501981,"텔로딘정(톨터로딘-L-타르타르산염)",20051118,"경동제약(주)","흰색의 양면이 볼록한 원형 필름코팅정제",02590,"기타의 비뇨생식기관 및 항문용약","전문의약품","[M256407]톨터로딘-L-타르타르산염",20200924,"","","Tolterodine(톨터로딘)",20191031
"노인주의","단일",D001355,Propiverine,"프로피베린","[M255864]프로피베린염산염","필름코팅정",200502218,"큐어베린정(프로피베린염산염)",20051116,"제이더블유신약(주)","흰색의 편평구형의 필름코팅정",02590,"기타의 비뇨생식기관 및 항문용약","전문의약품","[M255864]프로피베린염산염",20200924,"","","Propiverine(프로피베린)",20190828
"노인주의","단일",D000739,Aceclofenac,"아세클로페낙","[M040359]아세클로페낙","필름코팅정",200503719,"아스로정(아세클로페낙)",20050125,"(주)킵스바이오파마","흰색의 원형필름코팅정제",01140,"해열.진통.소염제","전문의약품","[M040359]아세클로페낙",20210715,"","","Aceclofenac(아세클로페낙)",20240522
"노인주의","단일",D000739,Aceclofenac,"아세클로페낙","[M040359]아세클로페낙","필름코팅정",200503788,"일양바이오아세클로페낙정",20051230,"일양바이오팜(주)","흰색의 원형 필름코팅 정제",01140,"해열.진통.소염제","전문의약품","[M040359]아세클로페낙",20210715,"","","Aceclofenac(아세클로페낙)",20240522
"노인주의","단일",D000739,Aceclofenac,"아세클로페낙","[M040359]아세클로페낙","필름코팅정",200600818,"아세크정(아세클로페낙)",20060105,"주식회사 노바엠헬스케어","흰색의 원형 코팅 정제",01140,"해열.진통.소염제","전문의약품","[M040359]아세클로페낙",20210715,"","","Aceclofenac(아세클로페낙)",20240522
"노인주의","단일",D000138,Celecoxib,"세레콕시브","[M089149]세레콕시브","경질캡슐제, 산제",200603815,"쎄레브렉스캡슐100밀리그램(세레콕시브)",20060911,"비아트리스코리아(주)","흰색 내지 회백색의 분말이 충진된 상하 푸른색 줄이 있는 흰색의 캡슐제",01140,"해열.진통.소염제","전문의약품","[M089149]세레콕시브",20210715,"","","Celecoxib(세레콕시브)",20200525
"노인주의","단일",D000114,Hydroxyzine,"히드록시진","[M223358]히드록시진염산염","액상시럽제",200605269,"유시락스시럽(히드록시진염산염)",20060525,"(주)메디팁","무색투명한 용액이 들어 있는 갈색병이다.",01170,"정신신경용제","전문의약품","[M223358]히드록시진염산염",20200924,"","","Hydroxyzine(히드록시진)",20201016
"노인주의","단일",D001234,Tolterodine,"톨터로딘","[M256407]톨터로딘-L-타르타르산염","서방성필름코팅정",200608248,"유로큐서방정4밀리그램(톨터로딘-L-타르타르산염)",20060614,"현대약품(주)","흰색원형의 필름코팅정",02590,"기타의 비뇨생식기관 및 항문용약","전문의약품","[M256407]톨터로딘-L-타르타르산염",20200924,"","","Tolterodine(톨터로딘)",20191126
"노인주의","단일",D000730,"Solifenacin succinate","솔리페나신숙신산염","[M259862]솔리페나신숙신산염","필름코팅정",200703673,"베시케어정10밀리그램(솔리페나신숙신산염)",20070330,"한국아스텔라스제약(주)","밝은 분홍색의 원형 필름코팅정",02590,"기타의 비뇨생식기관 및 항문용약","전문의약품","[M259862]솔리페나신숙신산염",20200924,"","","Solifenacin succinate(솔리페나신숙신산염)",20210325
"노인주의","단일",D000730,"Solifenacin succinate","솔리페나신숙신산염","[M259862]솔리페나신숙신산염","필름코팅정",200703674,"베시케어정5밀리그램(솔리페나신숙신산염)",20070330,"한국아스텔라스제약(주)","밝은 노란색의 원형 필름코팅정",02590,"기타의 비뇨생식기관 및 항문용약","전문의약품","[M259862]솔리페나신숙신산염",20200924,"","","Solifenacin succinate(솔리페나신숙신산염)",20210323
"노인주의","단일",D000999,Scopolamine,"스코폴라민","[M223057]부틸스코폴라민브롬화물","당의정",200705419,"알파부틸스코폴라민브롬화물정(수출용)",20070511,"알파제약(주)","백색의 원형 당의정",01240,"진경제","일반의약품","[M223057]부틸스코폴라민브롬화물",20200924,"","","Scopolamine(스코폴라민)",20080926
"노인주의","단일",D000739,Aceclofenac,"아세클로페낙","[M040359]아세클로페낙","필름코팅정",200802182,"아펜탁정(아세클로페낙)",20080225,"환인제약(주)","흰색의 원형 필름코팅정",01140,"해열.진통.소염제","전문의약품","[M040359]아세클로페낙",20210715,"","","Aceclofenac(아세클로페낙)",20240522
"노인주의","단일",D001234,Tolterodine,"톨터로딘","[M256407]톨터로딘-L-타르타르산염","서방성캡슐제, 펠렛",200803187,"디트로딘에스알캡슐2밀리그램(톨터로딘-L-타르타르산염)",20080321,"한국유나이티드제약(주)","유백색의 과립이 든 상하부청색-녹색의 캡슐",02590,"기타의 비뇨생식기관 및 항문용약","전문의약품","[M256407]톨터로딘-L-타르타르산염",20200924,"","","Tolterodine(톨터로딘)",20200224
"노인주의","단일",D000895,Diphenhydramine,"디펜히드라민","[M222973]디펜히드라민염산염","필름코팅정",200807310,"슬리펠정25밀리그램(디펜히드라민염산염)",20080701,"한미약품(주)","흰색 원형 필름코팅정",01120,"최면진정제","일반의약품","[M222973]디펜히드라민염산염",20200924,"","","Diphenhydramine(디펜히드라민)",20101119
"노인주의","단일",D000895,Diphenhydramine,"디펜히드라민","[M222973]디펜히드라민염산염","연질캡슐제, 액상",200807882,"디펙타민연질캡슐(디펜히드라민염산염)",20080717,"(주)알피바이오","무색 내지 연한 청록색의 투명한 액상의 내용물을 함유한 연청록색의 볼록한 타원형 연질캡슐",01120,"최면진정제","일반의약품","[M222973]디펜히드라민염산염",20200924,"","","Diphenhydramine(디펜히드라민)",20110725
"노인주의","단일",D000895,Diphenhydramine,"디펜히드라민","[M222973]디펜히드라민염산염","필름코팅정",200808028,"단자민정(디펜히드라민염산염)",20080723,"고려제약(주)","흰색의 장방형 필름코팅정제",01120,"최면진정제","일반의약품","[M222973]디펜히드라민염산염",20200924,"","","Diphenhydramine(디펜히드라민)",20200324
"노인주의","단일",D000895,Diphenhydramine,"디펜히드라민","[M222973]디펜히드라민염산염/[M222973]디펜히드라민염산염","필름코팅정",200808704,"이텍스디펜히드라민염산염정25mg(수출용)",20080814,"(주)테라젠이텍스","수출용 1. 파란색의 원형필름코팅정수출용2.핑크색의 원형필름코팅정",01120,"최면진정제","일반의약품","[M222973]디펜히드라민염산염/[M222973]디펜히드라민염산염",20200924,"","","Diphenhydramine(디펜히드라민)",20111212
"노인주의","단일",D000512,Fesoterodine,"페소테로딘","[M242751]페소테로딘푸마르산염","서방성필름코팅정",200810113,"토비애즈서방정4밀리그람(페소테로딘푸마르산염)",20081002,"한국화이자제약(주)","엷은 파란색의 양면이 볼록한 타원형 필름코팅정",02590,"기타의 비뇨생식기관 및 항문용약","전문의약품","[M242751]페소테로딘푸마르산염",20200924,"","","Fesoterodine(페소테로딘)",20201029
"노인주의","단일",D000512,Fesoterodine,"페소테로딘","[M242751]페소테로딘푸마르산염","서방성필름코팅정",200810114,"토비애즈서방정8밀리그람(페소테로딘푸마르산염)",20081002,"한국화이자제약(주)","파란색의 양면이 볼록한 타원형 필름코팅정",02590,"기타의 비뇨생식기관 및 항문용약","전문의약품","[M242751]페소테로딘푸마르산염",20200924,"","","Fesoterodine(페소테로딘)",20201029
"노인주의","단일",D000047,Imidafenacin,"이미다페나신","[M245357]이미다페나신","필름코팅정",200812014,"유리토스정(이미다페나신)",20081231,"(주)엘지화학","담적색-담적갈색 혹은 담적자색의 필름코팅정",02550,"비뇨생식기관용제(성병예방제포함)","전문의약품","[M245357]이미다페나신",20200924,"","","Imidafenacin(이미다페나신)",20191120
"노인주의","단일",D000999,Scopolamine,"스코폴라민","[M223057]부틸스코폴라민브롬화물","당의정",200901181,"부스코판당의정(부틸스코폴라민브롬화물)",20090210,"오펠라헬스케어코리아(주)","흰색의 원형 당의정",01240,"진경제","일반의약품","[M223057]부틸스코폴라민브롬화물",20200924,"","","Scopolamine(스코폴라민)",20181029
"노인주의","단일",D000044,Oxybutynin,"옥시부티닌","[M246163]옥시부티닌염산염","나정",200902710,"유로티닌정(옥시부티닌염산염)(수출용)",20090416,"(주)유영제약","청색의 원형정제",01230,"자율신경제","전문의약품","[M246163]옥시부티닌염산염",20200924,"","","Oxybutynin(옥시부티닌)",20090831
"노인주의","단일",D000895,Diphenhydramine,"디펜히드라민","[M222973]디펜히드라민염산염","연질캡슐제, 액상",200903392,"제로민연질캡슐(디펜히드라민염산염)",20090519,"한솔신약(주)","무색 내지 연한 청록색의 투명한 액상의 내용물을 함유한 연청록색의 볼록한 타원형 연질캡슐",01120,"최면진정제","일반의약품","[M222973]디펜히드라민염산염",20200924,"","","Diphenhydramine(디펜히드라민)",20111014
"노인주의","단일",D000895,Diphenhydramine,"디펜히드라민","[M222973]디펜히드라민염산염","연질캡슐제, 액상",200903737,"쿨드림연질캡슐(디펜히드라민염산염)",20090527,"(주)녹십자","무색 내지 연한 청록색의 투명한 액상의 내용물을 함유한 연청록색의 볼록한 타원형 연질캡슐",01120,"최면진정제","일반의약품","[M222973]디펜히드라민염산염",20200924,"","","Diphenhydramine(디펜히드라민)",20121206
"노인주의","단일",D000452,Aspirin,"아스피린","[M081776]아스피린장용과립","장용성캡슐제, 펠렛",200906484,"보령바이오아스트릭스캡슐100밀리그램(아스피린장용과립)",20090821,"(주)보령바이오파마","흰색의 장용피 구형입자가 든 상하 주황색의 투명한 경질캡슐제",02190,"기타의 순환계용약","일반의약품","[M081776]아스피린장용과립",20210715,"","","Aspirin(아스피린)",20250415
"노인주의","단일",D000739,Aceclofenac,"아세클로페낙","[M040359]아세클로페낙/[M040359]아세클로페낙/[M040359]아세클로페낙/[M040359]아세클로페낙","서방성필름코팅정",201002745,"클란자CR정(아세클로페낙)",20100414,"한국유나이티드제약(주)","흰색의 장방형 서방성 필름코팅정",01140,"해열.진통.소염제","전문의약품","[M040359]아세클로페낙/[M040359]아세클로페낙/[M040359]아세클로페낙/[M040359]아세클로페낙",20210715,"","","Aceclofenac(아세클로페낙)",20240522
"노인주의","단일",D000138,Celecoxib,"세레콕시브","[M089149]세레콕시브","경질캡슐제, 산제",201005080,"콕시브캡슐200밀리그램(세레콕시브)",20100819,"한미약품(주)","흰색 내지 연한 노란색의 분말이 충전된 상부 노란색, 하부 흰색의 캡슐제",01140,"해열.진통.소염제","전문의약품","[M089149]세레콕시브",20210715,"","","Celecoxib(세레콕시브)",20200519
"노인주의","단일",D000138,Celecoxib,"세레콕시브","[M089149]세레콕시브","경질캡슐제, 산제",201006790,"콕스비토캡슐200밀리그램(세레콕시브)",20101110,"(주)종근당","흰색 또는 미황색의 가루가 든 상하 황색줄이 있는 흰색의 경질캡슐제",01140,"해열.진통.소염제","전문의약품","[M089149]세레콕시브",20210715,"","","Celecoxib(세레콕시브)",20200210
"노인주의","단일",D000138,Celecoxib,"세레콕시브","[M089149]세레콕시브","경질캡슐제, 산제",201100380,"크리콕스캡슐200밀리그램(세레콕시브)",20110125,"삼진제약(주)","흰색 내지 미황색의 분말이 충전된 상하 황색줄이 있는 흰색의 경질 캡슐제",01140,"해열.진통.소염제","전문의약품","[M089149]세레콕시브",20210715,"","","Celecoxib(세레콕시브)",20191231
"노인주의","단일",D000138,Celecoxib,"세레콕시브","[M089149]세레콕시브","경질캡슐제, 산제",201100381,"엔쎄콕캡슐200mg(세레콕시브)",20110125,"대원제약(주)","흰색 내지 연노랑색의 분말이 충진된 상하 황색줄이 있는 흰색의 캡슐제",01140,"해열.진통.소염제","전문의약품","[M089149]세레콕시브",20210715,"","","Celecoxib(세레콕시브)",20180205
"노인주의","단일",D000138,Celecoxib,"세레콕시브","[M089149]세레콕시브","경질캡슐제, 산제",201101840,"제뉴원세레콕시브캡슐200밀리그램(세레콕시브)",20110331,"주식회사제뉴원사이언스","흰색 내지 미황색의 분말이 든 흰색의 불투명한 경질캡슐제",01140,"해열.진통.소염제","전문의약품","[M089149]세레콕시브",20210715,"","","Celecoxib(세레콕시브)",20210127
"노인주의","단일",D000138,Celecoxib,"세레콕시브","[M089149]세레콕시브","경질캡슐제, 산제",201101845,"셀브렉캡슐(세레콕시브)",20110331,"동국제약(주)","흰색 내지 미황색의 분말이 충진된 상하 황색줄이 있는 흰색의 캡슐제",01140,"해열.진통.소염제","전문의약품","[M089149]세레콕시브",20210715,"","","Celecoxib(세레콕시브)",20200831
"노인주의","단일",D000138,Celecoxib,"세레콕시브","[M089149]세레콕시브","경질캡슐제, 산제",201101846,"쎌비트캡슐200밀리그램(세레콕시브)",20110331,"하나제약(주)","흰색 내지 미황색의 분말이 충전된 상하 흰색의 캡슐제",01140,"해열.진통.소염제","전문의약품","[M089149]세레콕시브",20210715,"","","Celecoxib(세레콕시브)",20200228
"노인주의","단일",D000138,Celecoxib,"세레콕시브","[M089149]세레콕시브","경질캡슐제, 산제",201101849,"쎄레캅캡슐200밀리그램(세레콕시브)",20110331,"삼천당제약(주)","흰색 내지 연노란색의 분말이 충진된 상하 황색 줄이 있는 흰색의 불투명한 경질캡슐제",01140,"해열.진통.소염제","전문의약품","[M089149]세레콕시브",20210715,"","","Celecoxib(세레콕시브)",20200701
"노인주의","단일",D000138,Celecoxib,"세레콕시브","[M089149]세레콕시브","경질캡슐제, 산제",201101850,"쎌스크캡슐200밀리그램(세레콕시브)",20110331,"에스케이케미칼(주)","흰색 내지 미황색의 분말이 든 흰색의 불투명한 경질캡슐제",01140,"해열.진통.소염제","전문의약품","[M089149]세레콕시브",20210715,"","","Celecoxib(세레콕시브)",20190904
"노인주의","단일",D001355,Propiverine,"프로피베린","[M255864]프로피베린염산염","필름코팅정",201201690,"비프로정20밀리그램(프로피베린염산염)",20120320,"하나제약(주)","흰색의 원형 필름코팅정",02590,"기타의 비뇨생식기관 및 항문용약","전문의약품","[M255864]프로피베린염산염",20200924,"","","Propiverine(프로피베린)",20210426
"노인주의","단일",D000452,Aspirin,"아스피린","[M040355]아스피린","장용성필름코팅정",201206625,"이텍스아스피린장용정100mg(아스피린)",20120829,"(주)테라젠이텍스","흰색의 원형 장용성 필름코팅정",02190,"기타의 순환계용약","일반의약품","[M040355]아스피린",20210715,"","","Aspirin(아스피린)",20250415
"노인주의","단일",D000739,Aceclofenac,"아세클로페낙","[M040359]아세클로페낙/[M040359]아세클로페낙","필름코팅정",201206685,"아세페낙CR정(아세클로페낙)",20120904,"안국약품(주)","흰색의 양면이 볼록한 장방형 필름코팅정",01140,"해열.진통.소염제","전문의약품","[M040359]아세클로페낙/[M040359]아세클로페낙",20210715,"","","Aceclofenac(아세클로페낙)",20240522
"노인주의","단일",D000452,Aspirin,"아스피린","[M040355]아스피린","장용성필름코팅정",201206820,"경보아스피린장용정",20120917,"(주)경보제약","흰색의 원형 장용성 필름코팅정",02190,"기타의 순환계용약","일반의약품","[M040355]아스피린",20210715,"","","Aspirin(아스피린)",20250415
"노인주의","단일",D000739,Aceclofenac,"아세클로페낙","[M040359]아세클로페낙/[M040359]아세클로페낙","필름코팅정",201206908,"베오페낙CR정(아세클로페낙)",20120924,"한림제약(주)","흰색의 양면이 볼록한 장방형 필름코팅정",01140,"해열.진통.소염제","전문의약품","[M040359]아세클로페낙/[M040359]아세클로페낙",20210715,"","","Aceclofenac(아세클로페낙)",20240522
"노인주의","단일",D001355,Propiverine,"프로피베린","[M255864]프로피베린염산염","필름코팅정",201206980,"글로베린정(프로피베린염산염)",20120927,"(주)킵스바이오파마","흰색 원형의 필름코팅정제",02590,"기타의 비뇨생식기관 및 항문용약","전문의약품","[M255864]프로피베린염산염",20200924,"","","Propiverine(프로피베린)",20140130
"노인주의","단일",D000452,Aspirin,"아스피린","[M040355]아스피린","장용성필름코팅정",201207417,"아나피린장용정100밀리그램(아스피린)",20121024,"아주약품(주)","흰색의 원형 장용성 필름코팅정",02190,"기타의 순환계용약","일반의약품","[M040355]아스피린",20210715,"","","Aspirin(아스피린)",20250415
"노인주의","단일",D000739,Aceclofenac,"아세클로페낙","[M040359]아세클로페낙","필름코팅정",201207492,"크리페낙정(아세클로페낙)",20121029,"삼진제약(주)","흰색의 원형 필름코팅정",01140,"해열.진통.소염제","전문의약품","[M040359]아세클로페낙",20210715,"","","Aceclofenac(아세클로페낙)",20240522
"노인주의","단일",D000452,Aspirin,"아스피린","[M040355]아스피린","장용성필름코팅정",201208281,"아스테린정(아스피린)",20121115,"성원애드콕제약(주)","흰색의 원형 장용성 필름코팅정",02190,"기타의 순환계용약","일반의약품","[M040355]아스피린",20210715,"","","Aspirin(아스피린)",20250415
"노인주의","단일",D000739,Aceclofenac,"아세클로페낙","[M040359]아세클로페낙","필름코팅정",201208480,"엔페낙정(아세클로페낙)",20121120,"영진약품(주)","흰색의 원형 필름코팅정",01140,"해열.진통.소염제","전문의약품","[M040359]아세클로페낙",20210715,"","","Aceclofenac(아세클로페낙)",20240522
"노인주의","단일",D000739,Aceclofenac,"아세클로페낙","[M040359]아세클로페낙/[M040359]아세클로페낙","필름코팅정",201208743,"아세탑CR정(아세클로페낙)",20121127,"오스틴제약(주)","흰색의 양면이 볼록한 장방형 필름코팅정",01140,"해열.진통.소염제","전문의약품","[M040359]아세클로페낙/[M040359]아세클로페낙",20210715,"","","Aceclofenac(아세클로페낙)",20240522
"노인주의","단일",D000739,Aceclofenac,"아세클로페낙","[M040359]아세클로페낙/[M040359]아세클로페낙","필름코팅정",201209009,"아로펜CR정(아세클로페낙)",20121130,"국제약품(주)","흰색의 양면이 볼록한 장방형 필름코팅정",01140,"해열.진통.소염제","전문의약품","[M040359]아세클로페낙/[M040359]아세클로페낙",20210715,"","","Aceclofenac(아세클로페낙)",20240522
"노인주의","단일",D000739,Aceclofenac,"아세클로페낙","[M040359]아세클로페낙","필름코팅정",201210154,"알로페낙정(아세클로페낙)",20121218,"영일제약(주)","흰색의 원형 필름코팅정제",01140,"해열.진통.소염제","전문의약품","[M040359]아세클로페낙",20210715,"","","Aceclofenac(아세클로페낙)",20240522
"노인주의","단일",D000452,Aspirin,"아스피린","[M040355]아스피린","장용성필름코팅정",201210591,"에이에스피장용정100mg(아스피린)",20121224,"(주)파마킹","흰색의 원형 장용성 필름코팅정",02190,"기타의 순환계용약","일반의약품","[M040355]아스피린",20210715,"","","Aspirin(아스피린)",20250415
"노인주의","단일",D000452,Aspirin,"아스피린","[M040355]아스피린","장용성필름코팅정",201211564,"삼익아스피린장용정",20121231,"삼익제약(주)","흰색의 원형 장용코팅정",02190,"기타의 순환계용약","일반의약품","[M040355]아스피린",20210715,"","","Aspirin(아스피린)",20250415
"노인주의","단일",D000739,Aceclofenac,"아세클로페낙","[M040359]아세클로페낙","필름코팅정",201300017,"아덴만정(아세클로페낙)",20130102,"미래바이오제약(주)","흰색의 원형 필름코팅정제",01140,"해열.진통.소염제","전문의약품","[M040359]아세클로페낙",20210715,"","","Aceclofenac(아세클로페낙)",20240522
"노인주의","단일",D000452,Aspirin,"아스피린","[M040355]아스피린","장용성필름코팅정",201300051,"아스텍트정(아스피린)",20130104,"(주)동구바이오제약","흰색의 원형 장용성 필름코팅정",02190,"기타의 순환계용약","일반의약품","[M040355]아스피린",20210715,"","","Aspirin(아스피린)",20250415
"노인주의","단일",D000452,Aspirin,"아스피린","[M040355]아스피린","장용성필름코팅정",201301377,"유니온아스피린장용정",20130115,"한국유니온제약(주)","흰색의 원형 장용성 필름코팅정",02190,"기타의 순환계용약","일반의약품","[M040355]아스피린",20210715,"","","Aspirin(아스피린)",20250415
"노인주의","단일",D000739,Aceclofenac,"아세클로페낙","[M040359]아세클로페낙","필름코팅정",201301586,"케페낙정100밀리그램(아세클로페낙)",20130117,"(주)휴온스메디텍","흰색의 원형 필름코팅정",01140,"해열.진통.소염제","전문의약품","[M040359]아세클로페낙",20210715,"","","Aceclofenac(아세클로페낙)",20240522
"노인주의","단일",D000452,Aspirin,"아스피린","[M040355]아스피린","장용성필름코팅정",201301656,"프라임아스피린장용정100밀리그램",20130121,"한국프라임제약(주)","흰색의 원형 장용성 필름코팅정",02190,"기타의 순환계용약","일반의약품","[M040355]아스피린",20210715,"","","Aspirin(아스피린)",20250415
"노인주의","단일",D000452,Aspirin,"아스피린","[M040355]아스피린","장용성필름코팅정",201306112,"아스필장용정(아스피린100밀리그람)",20130308,"익수제약(주)","흰색의 원형 장용성 필름코팅정",02190,"기타의 순환계용약","일반의약품","[M040355]아스피린",20210715,"","","Aspirin(아스피린)",20250415
"노인주의","단일",D000452,Aspirin,"아스피린","[M040355]아스피린","장용성필름코팅정",201306277,"아스피바장용정(아스피린)",20130319,"(주)바이넥스","흰색의 원형 장용성 필름코팅정",02190,"기타의 순환계용약","일반의약품","[M040355]아스피린",20210715,"","","Aspirin(아스피린)",20250415
"노인주의","단일",D000739,Aceclofenac,"아세클로페낙","[M040359]아세클로페낙","필름코팅정",201306393,"에어클란정(아세클로페낙)",20130322,"한국휴텍스제약(주)","흰색의 원형 필름코팅정",01140,"해열.진통.소염제","전문의약품","[M040359]아세클로페낙",20210715,"","","Aceclofenac(아세클로페낙)",20240522
"노인주의","단일",D000739,Aceclofenac,"아세클로페낙","[M040359]아세클로페낙","필름코팅정",201306452,"아로낙정(아세클로페낙)",20130322,"(주)유영제약","흰색의 원형 필름코팅정",01140,"해열.진통.소염제","전문의약품","[M040359]아세클로페낙",20210715,"","","Aceclofenac(아세클로페낙)",20240522
"노인주의","단일",D000452,Aspirin,"아스피린","[M040355]아스피린","장용성필름코팅정",201307061,"린아스장용정(아스피린)",20130423,"알리코제약(주)","흰색의 원형 장용성 필름코팅정",02190,"기타의 순환계용약","일반의약품","[M040355]아스피린",20210715,"","","Aspirin(아스피린)",20250415
"노인주의","단일",D000739,Aceclofenac,"아세클로페낙","[M040359]아세클로페낙","필름코팅정",201307230,"아세롬정100밀리그램(아세클로페낙)",20130507,"풍림무약(주)","흰색의 원형 필름코팅정제",01140,"해열.진통.소염제","전문의약품","[M040359]아세클로페낙",20210715,"","","Aceclofenac(아세클로페낙)",20240522
"노인주의","단일",D000452,Aspirin,"아스피린","[M040355]아스피린","장용성필름코팅정",201307928,"에이스린장용정(아스피린)",20130628,"(주)한국파비스제약","흰색의 원형 장용성 필름코팅정",02190,"기타의 순환계용약","일반의약품","[M040355]아스피린",20210715,"","","Aspirin(아스피린)",20250415
"노인주의","단일",D000452,Aspirin,"아스피린","[M040355]아스피린","장용성필름코팅정",201308448,"아스피드정(아스피린)",20130729,"(주)일화","흰색의 원형 장용성 필름코팅정",02190,"기타의 순환계용약","일반의약품","[M040355]아스피린",20210715,"","","Aspirin(아스피린)",20250415
"노인주의","단일",D001355,Propiverine,"프로피베린","[M255864]프로피베린염산염","필름코팅정",201308921,"유로프로정(프로피베린염산염)",20130821,"(주)동구바이오제약","냄새가 없는 흰색의 편평구형의 필름코팅정",02590,"기타의 비뇨생식기관 및 항문용약","전문의약품","[M255864]프로피베린염산염",20200924,"","","Propiverine(프로피베린)",20150429
"노인주의","단일",D000452,Aspirin,"아스피린","[M040355]아스피린","장용성필름코팅정",201308924,"하원아스피린장용정100mg",20130821,"(주)하원제약","흰색의 원형 장용성 필름코팅정",02190,"기타의 순환계용약","일반의약품","[M040355]아스피린",20210715,"","","Aspirin(아스피린)",20250415
"노인주의","단일",D000452,Aspirin,"아스피린","[M040355]아스피린","장용성필름코팅정",201309112,"경동아스피린장용정",20130830,"경동제약(주)","흰색의 원형 장용성 필름코팅정",02190,"기타의 순환계용약","일반의약품","[M040355]아스피린",20210715,"","","Aspirin(아스피린)",20250415
"노인주의","단일",D000739,Aceclofenac,"아세클로페낙","[M040359]아세클로페낙","필름코팅정",201309497,"아세로낙정(아세클로페낙)",20130930,"(주)화이트생명과학","흰색의 원형 필름코팅정",01140,"해열.진통.소염제","전문의약품","[M040359]아세클로페낙",20210715,"","","Aceclofenac(아세클로페낙)",20240522
"노인주의","단일",D000739,Aceclofenac,"아세클로페낙","[M040359]아세클로페낙","필름코팅정",201309500,"에클로펜정(아세클로페낙)",20130930,"화일약품(주)","흰색의 원형 필름코팅정",01140,"해열.진통.소염제","전문의약품","[M040359]아세클로페낙",20210715,"","","Aceclofenac(아세클로페낙)",20240522
"노인주의","단일",D000809,Amitriptyline,"아미트리프틸린","[M223101]아미트리프틸린염산염","필름코팅정",201309959,"에나폰정5밀리그램(아미트리프틸린염산염)",20131029,"환인제약(주)","청색의 원형 필름코팅정",01170,"정신신경용제","전문의약품","[M223101]아미트리프틸린염산염",20150728,"노인에서의 삼환계 항우울제 사용은 기립성 저혈압, 비틀거림, 항콜린작용에 의한 구갈, 배뇨곤란, 변비, 안내압항진 등이 나타나기 쉬움으로 소량으로 신중투여","","Amitriptyline(아미트리프틸린)",20250811
"노인주의","단일",D000739,Aceclofenac,"아세클로페낙","[M040359]아세클로페낙","필름코팅정",201310102,"현대아세클로페낙정",20131112,"현대약품(주)","흰색의 원형 코팅 정제",01140,"해열.진통.소염제","전문의약품","[M040359]아세클로페낙",20210715,"","","Aceclofenac(아세클로페낙)",20240522
"노인주의","단일",D000452,Aspirin,"아스피린","[M040355]아스피린","장용성필름코팅정",201310133,"영일아스피린장용정100mg(아스피린)",20131114,"영일제약(주)","흰색의 원형 장용성 필름코팅정",02190,"기타의 순환계용약","일반의약품","[M040355]아스피린",20210715,"","","Aspirin(아스피린)",20250415
"노인주의","단일",D000452,Aspirin,"아스피린","[M040355]아스피린/[M040355]아스피린","장용성필름코팅정",201310207,"명문아스피린장용정100mg",20131120,"명문제약(주)","흰색의 원형 장용성 필름코팅정",02190,"기타의 순환계용약","일반의약품","[M040355]아스피린/[M040355]아스피린",20210715,"","","Aspirin(아스피린)",20250415
"노인주의","단일",D000452,Aspirin,"아스피린","[M040355]아스피린","장용성필름코팅정",201310349,"넥스핀장용정100mg(아스피린)",20131128,"(주)넥스팜코리아","흰색의 원형 장용성 필름코팅정",02190,"기타의 순환계용약","일반의약품","[M040355]아스피린",20210715,"","","Aspirin(아스피린)",20250415
"노인주의","단일",D000452,Aspirin,"아스피린","[M040355]아스피린","장용성필름코팅정",201310592,"바소피린장용정(아스피린)",20131209,"조아제약(주)","흰색의 원형 장용성 필름코팅정",02190,"기타의 순환계용약","일반의약품","[M040355]아스피린",20210715,"","","Aspirin(아스피린)",20250415
"노인주의","단일",D000452,Aspirin,"아스피린","[M040355]아스피린","장용성필름코팅정",201400318,"유한아스피린장용정(아스피린)",20140123,"(주)유한양행","흰색의 원형 장용성 필름코팅정",02190,"기타의 순환계용약","일반의약품","[M040355]아스피린",20210715,"","","Aspirin(아스피린)",20250415
"노인주의","단일",D000452,Aspirin,"아스피린","[M040355]아스피린","장용성필름코팅정",201400493,"유영아스피린장용정100mg",20140204,"(주)유영제약","흰색의 원형 장용성 필름코팅정",02190,"기타의 순환계용약","일반의약품","[M040355]아스피린",20210715,"","","Aspirin(아스피린)",20250415
"노인주의","단일",D000739,Aceclofenac,"아세클로페낙","[M040359]아세클로페낙","필름코팅정",201400500,"류마크로정(아세클로페낙)",20140205,"고려제약(주)","흰색의 원형 필름코팅 정제",01140,"해열.진통.소염제","전문의약품","[M040359]아세클로페낙",20210715,"","","Aceclofenac(아세클로페낙)",20240522
"노인주의","단일",D000452,Aspirin,"아스피린","[M040355]아스피린","장용성필름코팅정",201401484,"씨엠지아스피린장용정100mg",20140331,"(주)씨엠지제약","흰색의 원형 장용성 필름코팅정",02190,"기타의 순환계용약","일반의약품","[M040355]아스피린",20210715,"","","Aspirin(아스피린)",20250415
"노인주의","단일",D000739,Aceclofenac,"아세클로페낙","[M040359]아세클로페낙","필름코팅정",201401490,"동성아세클로페낙정",20140331,"동성제약(주)","흰색의 원형 필름코팅정",01140,"해열.진통.소염제","전문의약품","[M040359]아세클로페낙",20210715,"","","Aceclofenac(아세클로페낙)",20240522
"노인주의","단일",D000739,Aceclofenac,"아세클로페낙","[M040359]아세클로페낙","필름코팅정",201402186,"아세틸론정(아세클로페낙)",20140509,"대화제약(주)","흰색의 원형 필름코팅제",01140,"해열.진통.소염제","전문의약품","[M040359]아세클로페낙",20210715,"","","Aceclofenac(아세클로페낙)",20240522
"노인주의","단일",D000452,Aspirin,"아스피린","[M040355]아스피린","장용성필름코팅정",201402678,"삼진아스피린장용정",20140616,"삼진제약(주)","흰색의 원형 장용성 필름코팅정",02190,"기타의 순환계용약","일반의약품","[M040355]아스피린",20210715,"","","Aspirin(아스피린)",20250415
"노인주의","단일",D000452,Aspirin,"아스피린","[M040355]아스피린","장용성필름코팅정",201402959,"글로아스피린장용정100mg(아스피린)",20140703,"(주)킵스바이오파마","흰색의 원형 장용성 필름코팅정",02190,"기타의 순환계용약","일반의약품","[M040355]아스피린",20210715,"","","Aspirin(아스피린)",20250415
"노인주의","단일",D000730,"Solifenacin succinate","솔리페나신숙신산염","[M259862]솔리페나신숙신산염","필름코팅정",201403051,"솔리신정10mg(솔리페나신숙신산염)",20140710,"위더스제약(주)","밝은 분홍색 원형 필름코팅정제",02590,"기타의 비뇨생식기관 및 항문용약","전문의약품","[M259862]솔리페나신숙신산염",20200924,"","","Solifenacin succinate(솔리페나신숙신산염)",20200630
"노인주의","단일",D000739,Aceclofenac,"아세클로페낙","[M040359]아세클로페낙","필름코팅정",201403245,"엔클로페낙정(아세클로페낙)",20140718,"(주)경보제약","흰색의 원형 코팅 정제",01140,"해열.진통.소염제","전문의약품","[M040359]아세클로페낙",20210715,"","","Aceclofenac(아세클로페낙)",20240522
"노인주의","단일",D000739,Aceclofenac,"아세클로페낙","[M040359]아세클로페낙","필름코팅정",201403998,"아펜정(아세클로페낙)",20140827,"(주)이든파마","흰색의 원형 필름코팅정제",01140,"해열.진통.소염제","전문의약품","[M040359]아세클로페낙",20210715,"","","Aceclofenac(아세클로페낙)",20240522
"노인주의","단일",D000739,Aceclofenac,"아세클로페낙","[M040359]아세클로페낙","필름코팅정",201404012,"아펙정(아세클로페낙)",20140828,"메딕스제약(주)","흰색의 원형 필름코팅정제",01140,"해열.진통.소염제","전문의약품","[M040359]아세클로페낙",20210715,"","","Aceclofenac(아세클로페낙)",20240522
"노인주의","단일",D000739,Aceclofenac,"아세클로페낙","[M040359]아세클로페낙","필름코팅정",201404342,"휴낙정(아세클로페낙)",20140924,"(주)휴비스트제약","흰색의 원형 필름코팅정제",01140,"해열.진통.소염제","전문의약품","[M040359]아세클로페낙",20210715,"","","Aceclofenac(아세클로페낙)",20240522
"노인주의","단일",D000452,Aspirin,"아스피린","[M040355]아스피린","장용성필름코팅정",201404364,"알피린장용정(아스피린)(수출용)",20140925,"(주)제일제약","흰색의 원형 장용성 필름코팅정",02190,"기타의 순환계용약","일반의약품","[M040355]아스피린",20210715,"","","Aspirin(아스피린)",20210309
"노인주의","단일",D000739,Aceclofenac,"아세클로페낙","[M040359]아세클로페낙/[M040359]아세클로페낙/[M040359]아세클로페낙/[M040359]아세클로페낙","서방성필름코팅정",201404460,"클로켐CR정(아세클로페낙)",20140929,"한국바이오켐제약(주)","흰색의 장방형 서방성 필름코팅정",01140,"해열.진통.소염제","전문의약품","[M040359]아세클로페낙/[M040359]아세클로페낙/[M040359]아세클로페낙/[M040359]아세클로페낙",20210715,"","","Aceclofenac(아세클로페낙)",20240522
"노인주의","단일",D000730,"Solifenacin succinate","솔리페나신숙신산염","[M259862]솔리페나신숙신산염","필름코팅정",201404483,"솔리신정5mg(솔리페나신숙신산염)",20140930,"위더스제약(주)","밝은 노란색 원형 필름코팅정제",02590,"기타의 비뇨생식기관 및 항문용약","전문의약품","[M259862]솔리페나신숙신산염",20200924,"","","Solifenacin succinate(솔리페나신숙신산염)",20200831
"노인주의","단일",D000739,Aceclofenac,"아세클로페낙","[M040359]아세클로페낙","필름코팅정",201404512,"아리펜정(아세클로페낙)",20140930,"삼남제약(주)","흰색의 원형 필름코팅정",01140,"해열.진통.소염제","전문의약품","[M040359]아세클로페낙",20210715,"","","Aceclofenac(아세클로페낙)",20240522
"노인주의","단일",D000739,Aceclofenac,"아세클로페낙","[M040359]아세클로페낙","필름코팅정",201404677,"앤세낙정(아세클로페낙)",20141013,"한화제약(주)","흰색의 원형 필름코팅정",01140,"해열.진통.소염제","전문의약품","[M040359]아세클로페낙",20210715,"","","Aceclofenac(아세클로페낙)",20240522
"노인주의","단일",D000452,Aspirin,"아스피린","[M040355]아스피린","장용성필름코팅정",201404696,"휴비스트아스피린장용정",20141013,"(주)휴비스트제약","흰색의 원형 장용성 필름코팅정제",02190,"기타의 순환계용약","일반의약품","[M040355]아스피린",20210715,"","","Aspirin(아스피린)",20250415
"노인주의","단일",D000730,"Solifenacin succinate","솔리페나신숙신산염","[M259862]솔리페나신숙신산염","필름코팅정",201404925,"솔리페노실정10밀리그램(솔리페나신숙신산염)",20141027,"(주)마더스제약","밝은 분홍색의 원형 필름코팅정",02590,"기타의 비뇨생식기관 및 항문용약","전문의약품","[M259862]솔리페나신숙신산염",20200924,"","","Solifenacin succinate(솔리페나신숙신산염)",20190904
"노인주의","단일",D000739,Aceclofenac,"아세클로페낙","[M040359]아세클로페낙","필름코팅정",201404982,"아리탈정(아세클로페낙)",20141028,"일양약품(주)","흰색의 원형 필름코팅 정제",01140,"해열.진통.소염제","전문의약품","[M040359]아세클로페낙",20210715,"","","Aceclofenac(아세클로페낙)",20240522
"노인주의","단일",D000452,Aspirin,"아스피린","[M040355]아스피린","장용성필름코팅정",201405003,"아사프장용정100mg(아스피린)",20141028,"(주)제뉴파마","흰색의 원형 장용성 필름코팅정",02190,"기타의 순환계용약","일반의약품","[M040355]아스피린",20210715,"","","Aspirin(아스피린)",20250415
"노인주의","단일",D000730,"Solifenacin succinate","솔리페나신숙신산염","[M259862]솔리페나신숙신산염","필름코팅정",201405043,"솔신정10밀리그램(솔리페나신숙신산염)",20141030,"아주약품(주)","밝은 분홍색 원형 필름코팅정제",02590,"기타의 비뇨생식기관 및 항문용약","전문의약품","[M259862]솔리페나신숙신산염",20200924,"","","Solifenacin succinate(솔리페나신숙신산염)",20191001
"노인주의","단일",D000730,"Solifenacin succinate","솔리페나신숙신산염","[M259862]솔리페나신숙신산염","필름코팅정",201405075,"웰유로정10mg(솔리페나신숙신산염)",20141031,"한국휴텍스제약(주)","밝은 분홍색 원형 필름코팅정제",02590,"기타의 비뇨생식기관 및 항문용약","전문의약품","[M259862]솔리페나신숙신산염",20200924,"","","Solifenacin succinate(솔리페나신숙신산염)",20190909
"노인주의","단일",D000730,"Solifenacin succinate","솔리페나신숙신산염","[M259862]솔리페나신숙신산염","필름코팅정",201405329,"웰유로정5mg(솔리페나신숙신산염)",20141114,"한국휴텍스제약(주)","밝은 노란색 원형 필름코팅정제",02590,"기타의 비뇨생식기관 및 항문용약","전문의약품","[M259862]솔리페나신숙신산염",20200924,"","","Solifenacin succinate(솔리페나신숙신산염)",20190909
"노인주의","단일",D000730,"Solifenacin succinate","솔리페나신숙신산염","[M259862]솔리페나신숙신산염","필름코팅정",201405464,"솔신정5밀리그램(솔리페나신숙신산염)",20141124,"아주약품(주)","밝은 노란색 원형 필름코팅정제",02590,"기타의 비뇨생식기관 및 항문용약","전문의약품","[M259862]솔리페나신숙신산염",20200924,"","","Solifenacin succinate(솔리페나신숙신산염)",20191201
"노인주의","단일",D000730,"Solifenacin succinate","솔리페나신숙신산염","[M259862]솔리페나신숙신산염","필름코팅정",201405582,"솔리페신정5mg(솔리페나신숙신산염)",20141127,"오스틴제약(주)","밝은 노란색의 원형 필름코팅정",02590,"기타의 비뇨생식기관 및 항문용약","전문의약품","[M259862]솔리페나신숙신산염",20200924,"","","Solifenacin succinate(솔리페나신숙신산염)",20191107
"노인주의","단일",D000730,"Solifenacin succinate","솔리페나신숙신산염","[M259862]솔리페나신숙신산염","필름코팅정",201500109,"요시케어정5밀리그램(솔리페나신숙신산염)",20150112,"일양약품(주)","밝은 노란색 원형 필름코팅정제",02590,"기타의 비뇨생식기관 및 항문용약","전문의약품","[M259862]솔리페나신숙신산염",20200924,"","","Solifenacin succinate(솔리페나신숙신산염)",20191212
"노인주의","단일",D000730,"Solifenacin succinate","솔리페나신숙신산염","[M259862]솔리페나신숙신산염","필름코팅정",201500110,"요시케어정10밀리그램(솔리페나신숙신산염)",20150112,"일양약품(주)","밝은 분홍색 원형 필름코팅정제",02590,"기타의 비뇨생식기관 및 항문용약","전문의약품","[M259862]솔리페나신숙신산염",20200924,"","","Solifenacin succinate(솔리페나신숙신산염)",20191212
"노인주의","단일",D000730,"Solifenacin succinate","솔리페나신숙신산염","[M259862]솔리페나신숙신산염","필름코팅정",201500232,"솔페나신정5밀리그램(솔리페나신숙신산염)",20150116,"(주)팜젠사이언스","밝은 노란색의 원형 필름코팅정",02590,"기타의 비뇨생식기관 및 항문용약","전문의약품","[M259862]솔리페나신숙신산염",20200924,"","","Solifenacin succinate(솔리페나신숙신산염)",20200302
"노인주의","단일",D000730,"Solifenacin succinate","솔리페나신숙신산염","[M259862]솔리페나신숙신산염","필름코팅정",201500233,"솔페나신정10밀리그램(솔리페나신숙신산염)",20150116,"(주)팜젠사이언스","밝은 분홍색 원형 필름코팅정제",02590,"기타의 비뇨생식기관 및 항문용약","전문의약품","[M259862]솔리페나신숙신산염",20200924,"","","Solifenacin succinate(솔리페나신숙신산염)",20200302
"노인주의","단일",D000730,"Solifenacin succinate","솔리페나신숙신산염","[M259862]솔리페나신숙신산염","필름코팅정",201500293,"올페나신정10밀리그램(솔리페나신숙신산염)",20150120,"(주)다산제약","밝은 분홍색 원형 필름코팅정제",02590,"기타의 비뇨생식기관 및 항문용약","전문의약품","[M259862]솔리페나신숙신산염",20200924,"","","Solifenacin succinate(솔리페나신숙신산염)",20200207
"노인주의","단일",D000730,"Solifenacin succinate","솔리페나신숙신산염","[M259862]솔리페나신숙신산염","필름코팅정",201500521,"베시큐정5밀리그램(솔리페나신숙신산염)",20150130,"하나제약(주)","밝은 노란색 원형 필름코팅정제",02590,"기타의 비뇨생식기관 및 항문용약","전문의약품","[M259862]솔리페나신숙신산염",20200924,"","","Solifenacin succinate(솔리페나신숙신산염)",20191231
"노인주의","단일",D000730,"Solifenacin succinate","솔리페나신숙신산염","[M259862]솔리페나신숙신산염","필름코팅정",201500522,"베시큐정10밀리그램(솔리페나신숙신산염)",20150130,"하나제약(주)","밝은 분홍색 원형 필름코팅정제",02590,"기타의 비뇨생식기관 및 항문용약","전문의약품","[M259862]솔리페나신숙신산염",20200924,"","","Solifenacin succinate(솔리페나신숙신산염)",20191231
"노인주의","단일",D000739,Aceclofenac,"아세클로페낙","[M040359]아세클로페낙/[M040359]아세클로페낙","서방성필름코팅정",201500851,"팜페낙CR정(아세클로페낙)",20150216,"(주)한국팜비오","흰색의 양면이 볼록한 장방형 필름코팅정",01140,"해열.진통.소염제","전문의약품","[M040359]아세클로페낙/[M040359]아세클로페낙",20210715,"","","Aceclofenac(아세클로페낙)",20240522
"노인주의","단일",D000730,"Solifenacin succinate","솔리페나신숙신산염","[M259862]솔리페나신숙신산염","필름코팅정",201500976,"유로테라정5밀리그램(솔리페나신숙신산염)",20150225,"(주)메디카코리아","밝은 노란색 원형 필름코팅정제",02590,"기타의 비뇨생식기관 및 항문용약","전문의약품","[M259862]솔리페나신숙신산염",20200924,"","","Solifenacin succinate(솔리페나신숙신산염)",20190924
"노인주의","단일",D000730,"Solifenacin succinate","솔리페나신숙신산염","[M259862]솔리페나신숙신산염","필름코팅정",201500977,"유로테라정10밀리그램(솔리페나신숙신산염)",20150225,"(주)메디카코리아","밝은 분홍색 원형 필름코팅정제",02590,"기타의 비뇨생식기관 및 항문용약","전문의약품","[M259862]솔리페나신숙신산염",20200924,"","","Solifenacin succinate(솔리페나신숙신산염)",20190924
"노인주의","단일",D000739,Aceclofenac,"아세클로페낙","[M040359]아세클로페낙","필름코팅정",201501003,"에페닥정(아세클로페낙)",20150225,"제이더블유신약(주)","흰색의 원형 필름코팅정제",01140,"해열.진통.소염제","전문의약품","[M040359]아세클로페낙",20210715,"","","Aceclofenac(아세클로페낙)",20240522
"노인주의","단일",D000730,"Solifenacin succinate","솔리페나신숙신산염","[M259862]솔리페나신숙신산염","필름코팅정",201501302,"유리페나정5mg(솔리페나신숙신산염)",20150312,"(주)테라젠이텍스","밝은 노란색의 원형 필름코팅정제",02590,"기타의 비뇨생식기관 및 항문용약","전문의약품","[M259862]솔리페나신숙신산염",20200924,"","","Solifenacin succinate(솔리페나신숙신산염)",20191104
"노인주의","단일",D000730,"Solifenacin succinate","솔리페나신숙신산염","[M259862]솔리페나신숙신산염","필름코팅정",201501307,"유리페나정10mg(솔리페나신숙신산염)",20150312,"(주)테라젠이텍스","밝은 분홍색 원형 필름코팅정제",02590,"기타의 비뇨생식기관 및 항문용약","전문의약품","[M259862]솔리페나신숙신산염",20200924,"","","Solifenacin succinate(솔리페나신숙신산염)",20191104
"노인주의","단일",D000730,"Solifenacin succinate","솔리페나신숙신산염","[M259862]솔리페나신숙신산염","필름코팅정",201501327,"메디페나신정5mg(솔리페나신숙신산염)",20150313,"구주제약(주)","밝은 노란색 원형 필름코팅정제",02590,"기타의 비뇨생식기관 및 항문용약","전문의약품","[M259862]솔리페나신숙신산염",20200924,"","","Solifenacin succinate(솔리페나신숙신산염)",20190904
"노인주의","단일",D000730,"Solifenacin succinate","솔리페나신숙신산염","[M259862]솔리페나신숙신산염","필름코팅정",201501328,"메디페나신정10mg(솔리페나신숙신산염)",20150313,"구주제약(주)","밝은 분홍색 원형 필름코팅정제",02590,"기타의 비뇨생식기관 및 항문용약","전문의약품","[M259862]솔리페나신숙신산염",20200924,"","","Solifenacin succinate(솔리페나신숙신산염)",20190904
"노인주의","단일",D000730,"Solifenacin succinate","솔리페나신숙신산염","[M259862]솔리페나신숙신산염","필름코팅정",201501472,"씨엠케어정5mg(솔리페나신숙신산염)",20150320,"(주)씨엠지제약","밝은 노란색 원형 필름코팅정제",02590,"기타의 비뇨생식기관 및 항문용약","전문의약품","[M259862]솔리페나신숙신산염",20200924,"","","Solifenacin succinate(솔리페나신숙신산염)",20200218
"노인주의","단일",D000730,"Solifenacin succinate","솔리페나신숙신산염","[M259862]솔리페나신숙신산염","필름코팅정",201501473,"씨엠케어정10mg(솔리페나신숙신산염)",20150320,"(주)씨엠지제약","밝은 분홍색 원형 필름코팅정제",02590,"기타의 비뇨생식기관 및 항문용약","전문의약품","[M259862]솔리페나신숙신산염",20200924,"","","Solifenacin succinate(솔리페나신숙신산염)",20200218
"노인주의","단일",D000730,"Solifenacin succinate","솔리페나신숙신산염","[M259862]솔리페나신숙신산염","필름코팅정",201501474,"솔레나신정5밀리그램(솔리페나신숙신산염)",20150320,"(주)비보존제약","밝은 노란색 원형 필름코팅정제",02590,"기타의 비뇨생식기관 및 항문용약","전문의약품","[M259862]솔리페나신숙신산염",20200924,"","","Solifenacin succinate(솔리페나신숙신산염)",20190905
"노인주의","단일",D000730,"Solifenacin succinate","솔리페나신숙신산염","[M259862]솔리페나신숙신산염","필름코팅정",201501475,"솔레나신정10밀리그램(솔리페나신숙신산염)",20150320,"(주)비보존제약","밝은 분홍색 원형 필름코팅정제",02590,"기타의 비뇨생식기관 및 항문용약","전문의약품","[M259862]솔리페나신숙신산염",20200924,"","","Solifenacin succinate(솔리페나신숙신산염)",20190905
"노인주의","단일",D000730,"Solifenacin succinate","솔리페나신숙신산염","[M259862]솔리페나신숙신산염","필름코팅정",201501702,"올페나신정5밀리그램(솔리페나신숙신산염)",20150331,"(주)다산제약","밝은 노란색 원형 필름코팅정제",02590,"기타의 비뇨생식기관 및 항문용약","전문의약품","[M259862]솔리페나신숙신산염",20200924,"","","Solifenacin succinate(솔리페나신숙신산염)",20160728
"노인주의","단일",D000730,"Solifenacin succinate","솔리페나신숙신산염","[M259862]솔리페나신숙신산염","필름코팅정",201501854,"큐어나신정5mg(솔리페나신숙신산염)",20150406,"제이더블유신약(주)","밝은 노란색의 원형 필름코팅정",02590,"기타의 비뇨생식기관 및 항문용약","전문의약품","[M259862]솔리페나신숙신산염",20200924,"","","Solifenacin succinate(솔리페나신숙신산염)",20201015
"노인주의","단일",D000730,"Solifenacin succinate","솔리페나신숙신산염","[M259862]솔리페나신숙신산염","필름코팅정",201502269,"유토케어정10mg(솔리페나신숙신산염)",20150415,"(주)동구바이오제약","연한 분홍색의 원형 필름코팅정",02590,"기타의 비뇨생식기관 및 항문용약","전문의약품","[M259862]솔리페나신숙신산염",20200924,"","","Solifenacin succinate(솔리페나신숙신산염)",20190905
"노인주의","단일",D000730,"Solifenacin succinate","솔리페나신숙신산염","[M259862]솔리페나신숙신산염","필름코팅정",201502270,"유토케어정5mg(솔리페나신숙신산염)",20150415,"(주)동구바이오제약","밝은 노란색의 원형 필름코팅정",02590,"기타의 비뇨생식기관 및 항문용약","전문의약품","[M259862]솔리페나신숙신산염",20200924,"","","Solifenacin succinate(솔리페나신숙신산염)",20191128
"노인주의","단일",D001357,Cimetropium,"시메트로퓸","[M257165]시메트로퓸브롬화물","용액주사제",201502477,"브로퓸주사(시메트로퓸브롬화물)",20150427,"부광약품(주)","무색 투명한 액이 갈색 앰플에 든 주사제",01240,"진경제","전문의약품","[M257165]시메트로퓸브롬화물",20200924,"","","Cimetropium(시메트로퓸)",20170112
"노인주의","단일",D000730,"Solifenacin succinate","솔리페나신숙신산염","[M259862]솔리페나신숙신산염","필름코팅정",201502574,"솔리페어정5밀리그램(솔리페나신숙신산염)",20150429,"이연제약(주)","밝은 노란색의 원형 필름코팅정",02590,"기타의 비뇨생식기관 및 항문용약","전문의약품","[M259862]솔리페나신숙신산염",20200924,"","","Solifenacin succinate(솔리페나신숙신산염)",20191101
"노인주의","단일",D000730,"Solifenacin succinate","솔리페나신숙신산염","[M259862]솔리페나신숙신산염","필름코팅정",201502575,"솔리페어정10밀리그램(솔리페나신숙신산염)",20150429,"이연제약(주)","연한 분홍색의 원형 필름코팅정",02590,"기타의 비뇨생식기관 및 항문용약","전문의약품","[M259862]솔리페나신숙신산염",20200924,"","","Solifenacin succinate(솔리페나신숙신산염)",20191101
"노인주의","단일",D000730,"Solifenacin succinate","솔리페나신숙신산염","[M259862]솔리페나신숙신산염","필름코팅정",201502608,"솔베신정5밀리그램(솔리페나신숙신산염)",20150430,"동국제약(주)","밝은 노란색의 원형 필름코팅정",02590,"기타의 비뇨생식기관 및 항문용약","전문의약품","[M259862]솔리페나신숙신산염",20200924,"","","Solifenacin succinate(솔리페나신숙신산염)",20150710
"노인주의","단일",D000730,"Solifenacin succinate","솔리페나신숙신산염","[M259862]솔리페나신숙신산염","필름코팅정",201502609,"솔베신정10밀리그램(솔리페나신숙신산염)",20150430,"동국제약(주)","연한 분홍색의 원형 필름코팅정",02590,"기타의 비뇨생식기관 및 항문용약","전문의약품","[M259862]솔리페나신숙신산염",20200924,"","","Solifenacin succinate(솔리페나신숙신산염)",20150710
"노인주의","단일",D000730,"Solifenacin succinate","솔리페나신숙신산염","[M259862]솔리페나신숙신산염","필름코팅정",201502742,"베시페나정5밀리그램(솔리페나신숙신산염)",20150504,"영풍제약(주)","밝은 노란색의 원형 필름코팅정",02590,"기타의 비뇨생식기관 및 항문용약","전문의약품","[M259862]솔리페나신숙신산염",20200924,"","","Solifenacin succinate(솔리페나신숙신산염)",20200406
"노인주의","단일",D000730,"Solifenacin succinate","솔리페나신숙신산염","[M259862]솔리페나신숙신산염","필름코팅정",201502763,"넥스페나신정5mg(솔리페나신숙신산염)",20150506,"(주)넥스팜코리아","밝은 노란색의 원형 필름코팅정",02590,"기타의 비뇨생식기관 및 항문용약","전문의약품","[M259862]솔리페나신숙신산염",20200924,"","","Solifenacin succinate(솔리페나신숙신산염)",20191010
"노인주의","단일",D000739,Aceclofenac,"아세클로페낙","[M040359]아세클로페낙","필름코팅정",201502927,"휴니즈아세클로페낙정",20150514,"(주)휴메딕스","흰색의 원형 필름코팅정제",01140,"해열.진통.소염제","전문의약품","[M040359]아세클로페낙",20210715,"","","Aceclofenac(아세클로페낙)",20240522
"노인주의","단일",D000730,"Solifenacin succinate","솔리페나신숙신산염","[M259862]솔리페나신숙신산염","필름코팅정",201503515,"솔리프정5mg(솔리페나신숙신산염)",20150529,"(주)일화","밝은 노란색의 원형 필름코팅정",02590,"기타의 비뇨생식기관 및 항문용약","전문의약품","[M259862]솔리페나신숙신산염",20200924,"","","Solifenacin succinate(솔리페나신숙신산염)",20200914
"노인주의","단일",D000730,"Solifenacin succinate","솔리페나신숙신산염","[M259862]솔리페나신숙신산염","필름코팅정",201503516,"솔리프정10mg(솔리페나신숙신산염)",20150529,"(주)일화","연한 분홍색의 원형 필름코팅정",02590,"기타의 비뇨생식기관 및 항문용약","전문의약품","[M259862]솔리페나신숙신산염",20200924,"","","Solifenacin succinate(솔리페나신숙신산염)",20200921
"노인주의","단일",D000730,"Solifenacin succinate","솔리페나신숙신산염","[M259862]솔리페나신숙신산염","필름코팅정",201505092,"솔페락정5mg(솔리페나신숙신산염)",20150727,"알리코제약(주)","밝은 노란색의 원형 필름코팅정제",02590,"기타의 비뇨생식기관 및 항문용약","전문의약품","[M259862]솔리페나신숙신산염",20200924,"","","Solifenacin succinate(솔리페나신숙신산염)",20201013
"노인주의","단일",D000730,"Solifenacin succinate","솔리페나신숙신산염","[M259862]솔리페나신숙신산염","필름코팅정",201505093,"솔페락정10mg(솔리페나신숙신산염)",20150727,"알리코제약(주)","밝은 분홍색의 원형 필름코팅정제",02590,"기타의 비뇨생식기관 및 항문용약","전문의약품","[M259862]솔리페나신숙신산염",20200924,"","","Solifenacin succinate(솔리페나신숙신산염)",20201016
"노인주의","단일",D000739,Aceclofenac,"아세클로페낙","[M040359]아세클로페낙","필름코팅정",201505114,"아세쿨정(아세클로페낙)",20150728,"(주)아이월드제약","흰색의 원형 필름코팅 정제",01140,"해열.진통.소염제","전문의약품","[M040359]아세클로페낙",20210715,"","","Aceclofenac(아세클로페낙)",20240522
"노인주의","단일",D000739,Aceclofenac,"아세클로페낙","[M040359]아세클로페낙","필름코팅정",201507988,"아세티론정(아세클로페낙)",20151127,"(주)씨엘팜","흰색의 원형 필름코팅정제",01140,"해열.진통.소염제","전문의약품","[M040359]아세클로페낙",20210715,"","","Aceclofenac(아세클로페낙)",20240522
"노인주의","단일",D000739,Aceclofenac,"아세클로페낙","[M040359]아세클로페낙","필름코팅정",201600166,"대웅바이오아세클로페낙정100밀리그램",20160108,"대웅바이오(주)","흰색의 원형 필름코팅정",01140,"해열.진통.소염제","전문의약품","[M040359]아세클로페낙",20210715,"","","Aceclofenac(아세클로페낙)",20240522
"노인주의","단일",D000739,Aceclofenac,"아세클로페낙","[M040359]아세클로페낙","필름코팅정",201600359,"아이제낙정100밀리그램(아세클로페낙)",20160120,"(주)비보존제약","흰색의 원형 필름코팅정",01140,"해열.진통.소염제","전문의약품","[M040359]아세클로페낙",20210715,"","","Aceclofenac(아세클로페낙)",20240522
"노인주의","단일",D000452,Aspirin,"아스피린","[M040355]아스피린","장용성필름코팅정",201600396,"아스텍션장용정100밀리그램(아스피린)",20160121,"(주)셀트리온제약","흰색의 원형 장용성 필름코팅정",02190,"기타의 순환계용약","일반의약품","[M040355]아스피린",20210715,"","","Aspirin(아스피린)",20250415
"노인주의","단일",D000739,Aceclofenac,"아세클로페낙","[M040359]아세클로페낙","필름코팅정",201600938,"아세큐어정(아세클로페낙)",20160218,"아이큐어(주)","흰색의 원형 필름코팅 정제",01140,"해열.진통.소염제","전문의약품","[M040359]아세클로페낙",20210715,"","","Aceclofenac(아세클로페낙)",20240522
"노인주의","단일",D000739,Aceclofenac,"아세클로페낙","[M040359]아세클로페낙/[M040359]아세클로페낙","서방성필름코팅정",201601030,"클라낙CR정(아세클로페낙)",20160224,"주식회사제뉴원사이언스","흰색의 장방형 서방성 필름코팅정",01140,"해열.진통.소염제","전문의약품","[M040359]아세클로페낙/[M040359]아세클로페낙",20210715,"","","Aceclofenac(아세클로페낙)",20240522
"노인주의","단일",D000730,"Solifenacin succinate","솔리페나신숙신산염","[M259862]솔리페나신숙신산염","필름코팅정",201601067,"솔베나정5밀리그램(솔리페나신숙신산염)",20160226,"(주)화이트생명과학","밝은 노란색 원형 필름코팅정",02590,"기타의 비뇨생식기관 및 항문용약","전문의약품","[M259862]솔리페나신숙신산염",20200924,"","","Solifenacin succinate(솔리페나신숙신산염)",20200310
"노인주의","단일",D000730,"Solifenacin succinate","솔리페나신숙신산염","[M259862]솔리페나신숙신산염","필름코팅정",201601068,"솔베나정10밀리그램(솔리페나신숙신산염)",20160226,"(주)화이트생명과학","밝은 분홍색 원형 필름코팅정",02590,"기타의 비뇨생식기관 및 항문용약","전문의약품","[M259862]솔리페나신숙신산염",20200924,"","","Solifenacin succinate(솔리페나신숙신산염)",20200807
"노인주의","단일",D000739,Aceclofenac,"아세클로페낙","[M040359]아세클로페낙","필름코팅정",201601665,"뉴클로페낙정(아세클로페낙)",20160330,"(주)알피바이오","흰색의 원형 필름코팅정제",01140,"해열.진통.소염제","전문의약품","[M040359]아세클로페낙",20210715,"","","Aceclofenac(아세클로페낙)",20240522
"노인주의","단일",D000730,"Solifenacin succinate","솔리페나신숙신산염","[M259862]솔리페나신숙신산염","필름코팅정",201601837,"삼성솔리페나신정10mg(솔리페나신숙신산염)",20160406,"삼성제약(주)","연한 분홍색의 원형 필름코팅정",02590,"기타의 비뇨생식기관 및 항문용약","전문의약품","[M259862]솔리페나신숙신산염",20200924,"","","Solifenacin succinate(솔리페나신숙신산염)",20190904
"노인주의","단일",D000730,"Solifenacin succinate","솔리페나신숙신산염","[M259862]솔리페나신숙신산염","필름코팅정",201601838,"삼성솔리페나신정5mg(솔리페나신숙신산염)",20160406,"삼성제약(주)","밝은 노란색의 원형 필름코팅정",02590,"기타의 비뇨생식기관 및 항문용약","전문의약품","[M259862]솔리페나신숙신산염",20200924,"","","Solifenacin succinate(솔리페나신숙신산염)",20190904
"노인주의","단일",D001269,"Meclizine hydrochloride hydrate","메클리진 염산염수화물","[M223008]메클리진염산염수화물/[M223008]메클리진염산염수화물/[M223008]메클리진염산염수화물","구강붕해필름",201602682,"메클린구강용해필름25밀리그램(메클리진염산염수화물)(오렌지향)",20160516,"(주)씨티씨바이오","옅은 노란색의 직사각형 구강필름형 제제",02350,"최토제, 진토제","일반의약품","[M223008]메클리진염산염수화물/[M223008]메클리진염산염수화물/[M223008]메클리진염산염수화물",20200924,"","","Meclizine hydrochloride hydrate(메클리진 염산염수화물)",20200425
"노인주의","단일",D000739,Aceclofenac,"아세클로페낙","[M040359]아세클로페낙","필름코팅정",201602997,"세크로낙정100밀리그램(아세클로페낙)",20160527,"(주)다산제약","흰색의 원형 필름코팅 정제",01140,"해열.진통.소염제","전문의약품","[M040359]아세클로페낙",20210715,"","","Aceclofenac(아세클로페낙)",20240522
"노인주의","단일",D000739,Aceclofenac,"아세클로페낙","[M040359]아세클로페낙/[M040359]아세클로페낙","서방성필름코팅정",201603003,"엠페낙CR정(아세클로페낙)",20160527,"맥널티제약(주)","흰색의 장방형 서방성 필름코팅정",01140,"해열.진통.소염제","전문의약품","[M040359]아세클로페낙/[M040359]아세클로페낙",20210715,"","","Aceclofenac(아세클로페낙)",20240522
"노인주의","단일",D000739,Aceclofenac,"아세클로페낙","[M040359]아세클로페낙/[M040359]아세클로페낙","서방성필름코팅정",201603004,"레세낙CR정(아세클로페낙)",20160527,"(주)바스칸바이오제약","흰색의 장방형 서방성 필름코팅정",01140,"해열.진통.소염제","전문의약품","[M040359]아세클로페낙/[M040359]아세클로페낙",20210715,"","","Aceclofenac(아세클로페낙)",20240522
"노인주의","단일",D000739,Aceclofenac,"아세클로페낙","[M040359]아세클로페낙/[M040359]아세클로페낙","서방성필름코팅정",201603007,"뉴마탈CR정(아세클로페낙)",20160527,"(주)바이넥스","흰색의 양면이 볼록한 장방형 필름코팅정",01140,"해열.진통.소염제","전문의약품","[M040359]아세클로페낙/[M040359]아세클로페낙",20210715,"","","Aceclofenac(아세클로페낙)",20240522
"노인주의","단일",D000452,Aspirin,"아스피린","[M040355]아스피린","장용성필름코팅정",201603416,"아스필로장용정100밀리그램(아스피린)",20160614,"안국약품(주)","흰색의 원형 장용성 필름코팅정제",02190,"기타의 순환계용약","일반의약품","[M040355]아스피린",20210715,"","","Aspirin(아스피린)",20250415
"노인주의","단일",D000739,Aceclofenac,"아세클로페낙","[M040359]아세클로페낙","필름코팅정",201603474,"뉴세페낙정100밀리그램(아세클로페낙)",20160615,"안국뉴팜(주)","백색의 원형 필름코팅정",01140,"해열.진통.소염제","전문의약품","[M040359]아세클로페낙",20210715,"","","Aceclofenac(아세클로페낙)",20240522
"노인주의","단일",D000730,"Solifenacin succinate","솔리페나신숙신산염","[M259862]솔리페나신숙신산염","필름코팅정",201603491,"솔리케어정10mg(솔리페나신숙신산염)",20160615,"명문제약(주)","연분홍색의 원형 필름코팅정",02590,"기타의 비뇨생식기관 및 항문용약","전문의약품","[M259862]솔리페나신숙신산염",20200924,"","","Solifenacin succinate(솔리페나신숙신산염)",20190909
"노인주의","단일",D000730,"Solifenacin succinate","솔리페나신숙신산염","[M259862]솔리페나신숙신산염","필름코팅정",201603492,"솔리케어정5mg(솔리페나신숙신산염)",20160615,"명문제약(주)","연분홍색의 원형 필름코팅정",02590,"기타의 비뇨생식기관 및 항문용약","전문의약품","[M259862]솔리페나신숙신산염",20200924,"","","Solifenacin succinate(솔리페나신숙신산염)",20190909
"노인주의","단일",D000730,"Solifenacin succinate","솔리페나신숙신산염","[M259862]솔리페나신숙신산염","필름코팅정",201603498,"인페나신정10mg(솔리페나신숙신산염)",20160615,"(주)인트로바이오파마","밝은 분홍색 원형 필름코팅정제",02590,"기타의 비뇨생식기관 및 항문용약","전문의약품","[M259862]솔리페나신숙신산염",20200924,"","","Solifenacin succinate(솔리페나신숙신산염)",20210531
"노인주의","단일",D000730,"Solifenacin succinate","솔리페나신숙신산염","[M259862]솔리페나신숙신산염","필름코팅정",201603499,"인페나신정5mg(솔리페나신숙신산염)",20160615,"(주)인트로바이오파마","밝은 노란색 원형 필름코팅정제",02590,"기타의 비뇨생식기관 및 항문용약","전문의약품","[M259862]솔리페나신숙신산염",20200924,"","","Solifenacin succinate(솔리페나신숙신산염)",20191029
"노인주의","단일",D000739,Aceclofenac,"아세클로페낙","[M040359]아세클로페낙","필름코팅정",201603581,"아크로낙정(아세클로페낙)",20160620,"조아제약(주)","흰색의 원형 필름코팅정제",01140,"해열.진통.소염제","전문의약품","[M040359]아세클로페낙",20210715,"","","Aceclofenac(아세클로페낙)",20240522
"노인주의","단일",D001269,"Meclizine hydrochloride hydrate","메클리진 염산염수화물","[M223008]메클리진염산염수화물","구강붕해필름",201603600,"멀스토구강용해필름(메클리진염산염수화물)",20160620,"고려제약(주)","옅은 노란색의 직사각형 구강필름형 제제",02350,"최토제, 진토제","일반의약품","[M223008]메클리진염산염수화물",20200924,"","","Meclizine hydrochloride hydrate(메클리진 염산염수화물)",20200425
"노인주의","단일",D000730,"Solifenacin succinate","솔리페나신숙신산염","[M259862]솔리페나신숙신산염","필름코팅정",201604008,"솔리콘정5mg(솔리페나신숙신산염)",20160628,"(주)바이넥스","연분홍색 원형 필름코팅정",02590,"기타의 비뇨생식기관 및 항문용약","전문의약품","[M259862]솔리페나신숙신산염",20200924,"","","Solifenacin succinate(솔리페나신숙신산염)",20201228
"노인주의","단일",D000730,"Solifenacin succinate","솔리페나신숙신산염","[M259862]솔리페나신숙신산염","필름코팅정",201604103,"베시나정5밀리그램(솔리페나신숙신산염)",20160630,"한국프라임제약(주)","밝은 노란색의 원형 필름코팅정제",02590,"기타의 비뇨생식기관 및 항문용약","전문의약품","[M259862]솔리페나신숙신산염",20200924,"","","Solifenacin succinate(솔리페나신숙신산염)",20200907
"노인주의","단일",D000730,"Solifenacin succinate","솔리페나신숙신산염","[M259862]솔리페나신숙신산염","필름코팅정",201604104,"베시나정10밀리그램(솔리페나신숙신산염)",20160630,"한국프라임제약(주)","밝은 분홍색의 원형 필름코팅정제",02590,"기타의 비뇨생식기관 및 항문용약","전문의약품","[M259862]솔리페나신숙신산염",20200924,"","","Solifenacin succinate(솔리페나신숙신산염)",20200907
"노인주의","단일",D000730,"Solifenacin succinate","솔리페나신숙신산염","[M259862]솔리페나신숙신산염","필름코팅정",201604147,"솔리테어정5mg(솔리페나신숙신산염)",20160704,"삼익제약(주)","연분홍색 원형 필름코팅정",02590,"기타의 비뇨생식기관 및 항문용약","전문의약품","[M259862]솔리페나신숙신산염",20200924,"","","Solifenacin succinate(솔리페나신숙신산염)",20191002
"노인주의","단일",D000730,"Solifenacin succinate","솔리페나신숙신산염","[M259862]솔리페나신숙신산염","필름코팅정",201604365,"솔토니신정5mg(솔리페나신숙신산염)",20160714,"정우신약(주)","밝은 노란색의 원형 필름코팅정",02590,"기타의 비뇨생식기관 및 항문용약","전문의약품","[M259862]솔리페나신숙신산염",20200924,"","","Solifenacin succinate(솔리페나신숙신산염)",20190904
"노인주의","단일",D000730,"Solifenacin succinate","솔리페나신숙신산염","[M259862]솔리페나신숙신산염","필름코팅정",201604366,"솔토니신정10mg(솔리페나신숙신산염)",20160714,"정우신약(주)","연한 분홍색의 원형 필름코팅정",02590,"기타의 비뇨생식기관 및 항문용약","전문의약품","[M259862]솔리페나신숙신산염",20200924,"","","Solifenacin succinate(솔리페나신숙신산염)",20190904
"노인주의","단일",D000730,"Solifenacin succinate","솔리페나신숙신산염","[M251551]솔리페나신숙신산염","필름코팅정",201604823,"베시캄정10밀리그램(솔리페나신숙신산염)",20160808,"주식회사제뉴원사이언스","밝은 분홍색의 원형 필름코팅정",02590,"기타의 비뇨생식기관 및 항문용약","전문의약품","[M251551]솔리페나신숙신산염",20200924,"","","Solifenacin succinate(솔리페나신숙신산염)",20200204
"노인주의","단일",D000739,Aceclofenac,"아세클로페낙","[M040359]아세클로페낙","필름코팅정",201604833,"지엘아세클로페낙정100밀리그램",20160808,"지엘파마(주)","이 약은 백색의 원형 필름코팅 정제이다.",01140,"해열.진통.소염제","전문의약품","[M040359]아세클로페낙",20210715,"","","Aceclofenac(아세클로페낙)",20240522
"노인주의","단일",D000730,"Solifenacin succinate","솔리페나신숙신산염","[M251551]솔리페나신숙신산염","필름코팅정",201605449,"베시스타정10밀리그램(솔리페나신숙신산염)",20160906,"에이치케이이노엔(주)","밝은 분홍색의 원형 필름코팅정",02590,"기타의 비뇨생식기관 및 항문용약","전문의약품","[M251551]솔리페나신숙신산염",20200924,"","","Solifenacin succinate(솔리페나신숙신산염)",20200327
"노인주의","단일",D000730,"Solifenacin succinate","솔리페나신숙신산염","[M251551]솔리페나신숙신산염","필름코팅정",201605978,"베시캄정5밀리그램(솔리페나신숙신산염)",20161010,"주식회사제뉴원사이언스","밝은 노란색의 원형 필름코팅정",02590,"기타의 비뇨생식기관 및 항문용약","전문의약품","[M251551]솔리페나신숙신산염",20200924,"","","Solifenacin succinate(솔리페나신숙신산염)",20200224
"노인주의","단일",D000114,Hydroxyzine,"히드록시진","[M223358]히드록시진염산염","액상시럽제",201607375,"두드리진시럽(히드록시진염산염)",20161229,"삼아제약(주)","무색 또는 미황색의 투명한 용액이 들어 있는 갈색병",01170,"정신신경용제","전문의약품","[M223358]히드록시진염산염",20200924,"","","Hydroxyzine(히드록시진)",20191213
"노인주의","단일",D000730,"Solifenacin succinate","솔리페나신숙신산염","[M251551]솔리페나신숙신산염","필름코팅정",201700621,"솔페신정10밀리그램(솔리페나신숙신산염)",20170206,"경동제약(주)","밝은 분홍색의 원형 필름코팅정",02590,"기타의 비뇨생식기관 및 항문용약","전문의약품","[M251551]솔리페나신숙신산염",20200924,"","","Solifenacin succinate(솔리페나신숙신산염)",20200703
"노인주의","단일",D000730,"Solifenacin succinate","솔리페나신숙신산염","[M251551]솔리페나신숙신산염","필름코팅정",201700622,"솔페신정5밀리그램(솔리페나신숙신산염)",20170206,"경동제약(주)","밝은 노란색의 원형 필름코팅정",02590,"기타의 비뇨생식기관 및 항문용약","전문의약품","[M251551]솔리페나신숙신산염",20200924,"","","Solifenacin succinate(솔리페나신숙신산염)",20200131
"노인주의","단일",D000730,"Solifenacin succinate","솔리페나신숙신산염","[M259862]솔리페나신숙신산염","필름코팅정",201701288,"베시콜정10밀리그램(솔리페나신숙신산염)",20170315,"(주)제뉴파마","밝은 분홍색의 원형 필름코팅정",02590,"기타의 비뇨생식기관 및 항문용약","전문의약품","[M259862]솔리페나신숙신산염",20200924,"","","Solifenacin succinate(솔리페나신숙신산염)",20210318
"노인주의","단일",D000730,"Solifenacin succinate","솔리페나신숙신산염","[M259862]솔리페나신숙신산염","필름코팅정",201701289,"베시콜정5밀리그램(솔리페나신숙신산염)",20170315,"(주)제뉴파마","밝은 노란색의 원형 필름코팅정",02590,"기타의 비뇨생식기관 및 항문용약","전문의약품","[M259862]솔리페나신숙신산염",20200924,"","","Solifenacin succinate(솔리페나신숙신산염)",20210303
"노인주의","단일",D000730,"Solifenacin succinate","솔리페나신숙신산염","[M259862]솔리페나신숙신산염","필름코팅정",201701362,"베시커버정10밀리그램(솔리페나신숙신산염)",20170321,"주식회사더유제약","밝은 분홍색의 원형 필름코팅정제",02590,"기타의 비뇨생식기관 및 항문용약","전문의약품","[M259862]솔리페나신숙신산염",20200924,"","","Solifenacin succinate(솔리페나신숙신산염)",20200901
"노인주의","단일",D000730,"Solifenacin succinate","솔리페나신숙신산염","[M259862]솔리페나신숙신산염","필름코팅정",201701363,"베시커버정5밀리그램(솔리페나신숙신산염)",20170321,"주식회사더유제약","밝은 노란색의 원형 필름코팅정제",02590,"기타의 비뇨생식기관 및 항문용약","전문의약품","[M259862]솔리페나신숙신산염",20200924,"","","Solifenacin succinate(솔리페나신숙신산염)",20200901
"노인주의","단일",D000730,"Solifenacin succinate","솔리페나신숙신산염","[M259862]솔리페나신숙신산염","필름코팅정",201701410,"솔피펜정10밀리그램(솔리페나신숙신산염)",20170324,"영진약품(주)","밝은 분홍색의 원형 필름코팅정",02590,"기타의 비뇨생식기관 및 항문용약","전문의약품","[M259862]솔리페나신숙신산염",20200924,"","","Solifenacin succinate(솔리페나신숙신산염)",20200629
"노인주의","단일",D000730,"Solifenacin succinate","솔리페나신숙신산염","[M259862]솔리페나신숙신산염","필름코팅정",201701411,"솔피펜정5밀리그램(솔리페나신숙신산염)",20170324,"영진약품(주)","밝은 노란색의 원형 필름코팅정",02590,"기타의 비뇨생식기관 및 항문용약","전문의약품","[M259862]솔리페나신숙신산염",20200924,"","","Solifenacin succinate(솔리페나신숙신산염)",20200629
"노인주의","단일",D000739,Aceclofenac,"아세클로페낙","[M040359]아세클로페낙","필름코팅정",201701471,"아세펜정(아세클로페낙)",20170328,"삼일제약(주)","흰색의 원형 필름코팅제",01140,"해열.진통.소염제","전문의약품","[M040359]아세클로페낙",20210715,"","","Aceclofenac(아세클로페낙)",20240522
"노인주의","단일",D000452,Aspirin,"아스피린","[M040355]아스피린","장용성필름코팅정",201702015,"광동아스피린장용정100mg",20170420,"광동제약(주)","흰색의 원형 장용성 필름코팅정",02190,"기타의 순환계용약","일반의약품","[M040355]아스피린",20210715,"","","Aspirin(아스피린)",20250415
"노인주의","단일",D000730,"Solifenacin succinate","솔리페나신숙신산염","[M259862]솔리페나신숙신산염","필름코팅정",201702071,"베스칸정10밀리그램(솔리페나신숙신산염)",20170424,"(주)경보제약","밝은 분홍색 원형 필름코팅정제",02590,"기타의 비뇨생식기관 및 항문용약","전문의약품","[M259862]솔리페나신숙신산염",20200924,"","","Solifenacin succinate(솔리페나신숙신산염)",20200512
"노인주의","단일",D000730,"Solifenacin succinate","솔리페나신숙신산염","[M259862]솔리페나신숙신산염","필름코팅정",201702072,"베스칸정5밀리그램(솔리페나신숙신산염)",20170424,"(주)경보제약","밝은 노란색의 원형 필름코팅정",02590,"기타의 비뇨생식기관 및 항문용약","전문의약품","[M259862]솔리페나신숙신산염",20200924,"","","Solifenacin succinate(솔리페나신숙신산염)",20200512
"노인주의","단일",D000730,"Solifenacin succinate","솔리페나신숙신산염","[M259862]솔리페나신숙신산염","구강붕해정",201702167,"솔리토스구강붕해정10밀리그램(솔리페나신숙신산염)",20170427,"(주)종근당","연한 노란색의 원형 구강붕해정",02590,"기타의 비뇨생식기관 및 항문용약","전문의약품","[M259862]솔리페나신숙신산염",20200924,"","","Solifenacin succinate(솔리페나신숙신산염)",20201204
"노인주의","단일",D000730,"Solifenacin succinate","솔리페나신숙신산염","[M259862]솔리페나신숙신산염","구강붕해정",201702168,"솔리토스구강붕해정5밀리그램(솔리페나신숙신산염)",20170427,"(주)종근당","연한 노란색의 원형 구강붕해정",02590,"기타의 비뇨생식기관 및 항문용약","전문의약품","[M259862]솔리페나신숙신산염",20200924,"","","Solifenacin succinate(솔리페나신숙신산염)",20200107
"노인주의","단일",D000730,"Solifenacin succinate","솔리페나신숙신산염","[M259862]솔리페나신숙신산염","필름코팅정",201702201,"소울큐정5밀리그램(솔리페나신숙신산염)",20170428,"대화제약(주)","밝은 노란색의 원형 필름코팅정",02590,"기타의 비뇨생식기관 및 항문용약","전문의약품","[M259862]솔리페나신숙신산염",20200924,"","","Solifenacin succinate(솔리페나신숙신산염)",20200818
"노인주의","단일",D000730,"Solifenacin succinate","솔리페나신숙신산염","[M259862]솔리페나신숙신산염","필름코팅정",201702204,"소울큐정10밀리그램(솔리페나신숙신산염)",20170428,"대화제약(주)","밝은 분홍색의 원형 필름코팅정",02590,"기타의 비뇨생식기관 및 항문용약","전문의약품","[M259862]솔리페나신숙신산염",20200924,"","","Solifenacin succinate(솔리페나신숙신산염)",20200818
"노인주의","단일",D000730,"Solifenacin succinate","솔리페나신숙신산염","[M259862]솔리페나신숙신산염","필름코팅정",201704822,"솔리페노실정5밀리그램(솔리페나신숙신산염)",20170627,"(주)마더스제약","밝은 노란색의 원형 필름코팅정",02590,"기타의 비뇨생식기관 및 항문용약","전문의약품","[M259862]솔리페나신숙신산염",20200924,"","","Solifenacin succinate(솔리페나신숙신산염)",20200622
"노인주의","단일",D000739,Aceclofenac,"아세클로페낙","[M040359]아세클로페낙","필름코팅정",201706180,"아로페낙정(아세클로페낙)",20170725,"익수제약(주)","흰색의 원형 코팅정제",01140,"해열.진통.소염제","전문의약품","[M040359]아세클로페낙",20210715,"","","Aceclofenac(아세클로페낙)",20240522
"노인주의","단일",D000730,"Solifenacin succinate","솔리페나신숙신산염","[M259862]솔리페나신숙신산염","필름코팅정",201706574,"셀페리나정10밀리그램(솔리페나신숙신산염)",20170814,"(주)셀트리온제약","밝은 분홍색의 원형 필름코팅정",02590,"기타의 비뇨생식기관 및 항문용약","전문의약품","[M259862]솔리페나신숙신산염",20200924,"","","Solifenacin succinate(솔리페나신숙신산염)",20191226
"노인주의","단일",D000730,"Solifenacin succinate","솔리페나신숙신산염","[M259862]솔리페나신숙신산염","필름코팅정",201706575,"셀페리나정5밀리그램(솔리페나신숙신산염)",20170814,"(주)셀트리온제약","밝은 노란색의 원형 필름코팅정",02590,"기타의 비뇨생식기관 및 항문용약","전문의약품","[M259862]솔리페나신숙신산염",20200924,"","","Solifenacin succinate(솔리페나신숙신산염)",20191226
"노인주의","단일",D000452,Aspirin,"아스피린","[M040355]아스피린","장용성필름코팅정",201706882,"아스팜장용정(아스피린)",20170829,"한국코러스(주)","흰색의 원형 장용성 필름코팅정",02190,"기타의 순환계용약","일반의약품","[M040355]아스피린",20210715,"","","Aspirin(아스피린)",20250415
"노인주의","단일",D000730,"Solifenacin succinate","솔리페나신숙신산염","[M259862]솔리페나신숙신산염","필름코팅정",201707325,"솔페리신정10밀리그램(솔리페나신숙신산염)",20170929,"한국코러스(주)","밝은 분홍색 원형 필름코팅정제",02590,"기타의 비뇨생식기관 및 항문용약","전문의약품","[M259862]솔리페나신숙신산염",20200924,"","","Solifenacin succinate(솔리페나신숙신산염)",20191127
"노인주의","단일",D000730,"Solifenacin succinate","솔리페나신숙신산염","[M259862]솔리페나신숙신산염","필름코팅정",201707326,"솔페리신정5밀리그램(솔리페나신숙신산염)",20170929,"한국코러스(주)","밝은 노란색 원형 필름코팅정제",02590,"기타의 비뇨생식기관 및 항문용약","전문의약품","[M259862]솔리페나신숙신산염",20200924,"","","Solifenacin succinate(솔리페나신숙신산염)",20191127
"노인주의","단일",D000452,Aspirin,"아스피린","[M040355]아스피린","장용성필름코팅정",201708490,"비엘피린장용정100밀리그램(아스피린)",20171221,"(주)씨엘팜","흰색의 원형 장용성 필름 코팅정",02190,"기타의 순환계용약","일반의약품","[M040355]아스피린",20210715,"","","Aspirin(아스피린)",20250415
"노인주의","단일",D000739,Aceclofenac,"아세클로페낙","[M040359]아세클로페낙","필름코팅정",201800212,"에스노펜정(아세클로페낙)",20180115,"에스에스팜(주)","흰색의 원형 필름코팅 정제",01140,"해열.진통.소염제","전문의약품","[M040359]아세클로페낙",20210715,"","","Aceclofenac(아세클로페낙)",20240522
"노인주의","단일",D000739,Aceclofenac,"아세클로페낙","[M040359]아세클로페낙","필름코팅정",201800516,"아세티정(아세클로페낙)",20180129,"주식회사케이에스제약","흰색의 원형 필름코팅 정제",01140,"해열.진통.소염제","전문의약품","[M040359]아세클로페낙",20210715,"","","Aceclofenac(아세클로페낙)",20240522
"노인주의","단일",D000730,"Solifenacin succinate","솔리페나신숙신산염","[M259862]솔리페나신숙신산염","필름코팅정",201800530,"오아비정10밀리그램(솔리페나신숙신산염)",20180129,"유니메드제약(주)","분홍색의 타원형 필름코팅정",02590,"기타의 비뇨생식기관 및 항문용약","전문의약품","[M259862]솔리페나신숙신산염",20200924,"","","Solifenacin succinate(솔리페나신숙신산염)",20200728
"노인주의","단일",D000730,"Solifenacin succinate","솔리페나신숙신산염","[M259862]솔리페나신숙신산염","필름코팅정",201800531,"오아비정5밀리그램(솔리페나신숙신산염)",20180129,"유니메드제약(주)","엷은 분홍색의 타원형 필름코팅정",02590,"기타의 비뇨생식기관 및 항문용약","전문의약품","[M259862]솔리페나신숙신산염",20200924,"","","Solifenacin succinate(솔리페나신숙신산염)",20200728
"노인주의","단일",D000739,Aceclofenac,"아세클로페낙","[M040359]아세클로페낙","필름코팅정",201800790,"아세크릴정(아세클로페낙)",20180209,"(주)중헌제약","흰색의 원형 필름코팅정",01140,"해열.진통.소염제","전문의약품","[M040359]아세클로페낙",20210715,"","","Aceclofenac(아세클로페낙)",20240522
"노인주의","단일",D000739,Aceclofenac,"아세클로페낙","[M040359]아세클로페낙","필름코팅정",201801017,"코스페낙정100밀리그램(아세클로페낙)",20180228,"코스맥스파마(주)","흰색의 원형 필름코팅정제",01140,"해열.진통.소염제","전문의약품","[M040359]아세클로페낙",20210715,"","","Aceclofenac(아세클로페낙)",20240522
"노인주의","단일",D000452,Aspirin,"아스피린","[M040355]아스피린","장용성필름코팅정",201801356,"뉴스피린장용정100밀리그램(아스피린)",20180328,"(주)다산제약","흰색의 원형 장용성 필름코팅정",02190,"기타의 순환계용약","일반의약품","[M040355]아스피린",20210715,"","","Aspirin(아스피린)",20250415
"노인주의","단일",D000739,Aceclofenac,"아세클로페낙","[M040359]아세클로페낙","필름코팅정",201801443,"로페낙정(아세클로페낙)",20180330,"(주)인트로바이오파마","흰색의 원형 필름코팅정제",01140,"해열.진통.소염제","전문의약품","[M040359]아세클로페낙",20210715,"","","Aceclofenac(아세클로페낙)",20240522
"노인주의","단일",D000452,Aspirin,"아스피린","[M040355]아스피린","장용성필름코팅정",201802534,"휴텍스아스피린장용정100mg(아스피린)",20180619,"한국휴텍스제약(주)","흰색의 원형 장용필름코팅정",02190,"기타의 순환계용약","일반의약품","[M040355]아스피린",20210715,"","","Aspirin(아스피린)",20250415
"노인주의","단일",D000739,Aceclofenac,"아세클로페낙","[M040359]아세클로페낙/[M040359]아세클로페낙","서방성필름코팅정",201802770,"세니탈CR정(아세클로페낙)",20180703,"하나제약(주)","흰색의 장방형 서방성 필름코팅정",01140,"해열.진통.소염제","전문의약품","[M040359]아세클로페낙/[M040359]아세클로페낙",20210715,"","","Aceclofenac(아세클로페낙)",20240522
"노인주의","단일",D000452,Aspirin,"아스피린","[M040355]아스피린","장용성필름코팅정",201803126,"대웅바이오아스피린장용정100밀리그램",20180730,"대웅바이오(주)","흰색의 원형 장용성 필름코팅정제",02190,"기타의 순환계용약","일반의약품","[M040355]아스피린",20210715,"","","Aspirin(아스피린)",20250415
"노인주의","단일",D000452,Aspirin,"아스피린","[M040355]아스피린","장용성필름코팅정",201803431,"마더스아스피린장용정100mg(아스피린)",20180824,"(주)마더스제약","흰색의 원형 장용성 필름코팅정",02190,"기타의 순환계용약","일반의약품","[M040355]아스피린",20210715,"","","Aspirin(아스피린)",20250415
"노인주의","단일",D000739,Aceclofenac,"아세클로페낙","[M040359]아세클로페낙","필름코팅정",201900089,"아세테크정(아세클로페낙)",20190109,"(주)시어스제약","흰색의 원형 필름코팅 정제",01140,"해열.진통.소염제","전문의약품","[M040359]아세클로페낙",20210715,"","","Aceclofenac(아세클로페낙)",20240522
"노인주의","단일",D000452,Aspirin,"아스피린","[M040355]아스피린","장용성필름코팅정",201900178,"서울아스피린장용정",20190115,"(주)서울제약","흰색의 원형 장용성 필름코팅정제",02190,"기타의 순환계용약","일반의약품","[M040355]아스피린",20210715,"","","Aspirin(아스피린)",20250415
"노인주의","단일",D000452,Aspirin,"아스피린","[M040355]아스피린","필름코팅정",201900221,"케이아스피린장용정(아스피린)",20190117,"한국넬슨제약(주)","흰색의 원형 장용성 필름코팅정",02190,"기타의 순환계용약","일반의약품","[M040355]아스피린",20210715,"","","Aspirin(아스피린)",20250415
"노인주의","단일",D000739,Aceclofenac,"아세클로페낙","[M040359]아세클로페낙","필름코팅정",201901099,"아세요정(아세클로페낙)",20190222,"(주)킴스제약","흰색의 원형 필름코팅 정제",01140,"해열.진통.소염제","전문의약품","[M040359]아세클로페낙",20210715,"","","Aceclofenac(아세클로페낙)",20240522
"노인주의","단일",D000730,"Solifenacin succinate","솔리페나신숙신산염","[M259862]솔리페나신숙신산염","필름코팅정",201901225,"솔나신정10mg(솔리페나신숙신산염)",20190226,"(주)휴비스트제약","밝은 분홍색 원형 필름코팅정제",02590,"기타의 비뇨생식기관 및 항문용약","전문의약품","[M259862]솔리페나신숙신산염",20200924,"","","Solifenacin succinate(솔리페나신숙신산염)",20191202
"노인주의","단일",D000730,"Solifenacin succinate","솔리페나신숙신산염","[M259862]솔리페나신숙신산염","필름코팅정",201901226,"솔나신정5mg(솔리페나신숙신산염)",20190226,"(주)휴비스트제약","밝은 노란색 원형 필름코팅정제",02590,"기타의 비뇨생식기관 및 항문용약","전문의약품","[M259862]솔리페나신숙신산염",20200924,"","","Solifenacin succinate(솔리페나신숙신산염)",20191202
"노인주의","단일",D000452,Aspirin,"아스피린","[M040355]아스피린","장용성필름코팅정",201901869,"지엘아스피린장용정100밀리그램",20190328,"지엘파마(주)","흰색의 원형 장용성 필름코팅정",02190,"기타의 순환계용약","일반의약품","[M040355]아스피린",20210715,"","","Aspirin(아스피린)",20250415
"노인주의","단일",D000730,"Solifenacin succinate","솔리페나신숙신산염","[M259862]솔리페나신숙신산염","필름코팅정",201902069,"씨트케어정10밀리그램(솔리페나신숙신산염)",20190404,"에이치엘비제약(주)","밝은 분홍색 원형 필름코팅정제",02590,"기타의 비뇨생식기관 및 항문용약","전문의약품","[M259862]솔리페나신숙신산염",20200924,"","","Solifenacin succinate(솔리페나신숙신산염)",20200901
"노인주의","단일",D000730,"Solifenacin succinate","솔리페나신숙신산염","[M259862]솔리페나신숙신산염","필름코팅정",201902070,"씨트케어정5밀리그램(솔리페나신숙신산염)",20190404,"에이치엘비제약(주)","밝은 노란색 원형 필름코팅정제",02590,"기타의 비뇨생식기관 및 항문용약","전문의약품","[M259862]솔리페나신숙신산염",20200924,"","","Solifenacin succinate(솔리페나신숙신산염)",20200901
"노인주의","단일",D000739,Aceclofenac,"아세클로페낙","[M040359]아세클로페낙","필름코팅정",201902130,"아세팜정100밀리그램(아세클로페낙)",20190408,"건일바이오팜주식회사","흰색의 원형 필름코팅정",01140,"해열.진통.소염제","전문의약품","[M040359]아세클로페낙",20210715,"","","Aceclofenac(아세클로페낙)",20240522
"노인주의","단일",D000739,Aceclofenac,"아세클로페낙","[M040359]아세클로페낙/[M040359]아세클로페낙","서방성필름코팅정",201902220,"에어페낙CR정(아세클로페낙)",20190411,"(주)동구바이오제약","흰색의 장방형 서방성 필름코팅정",01140,"해열.진통.소염제","전문의약품","[M040359]아세클로페낙/[M040359]아세클로페낙",20210715,"","","Aceclofenac(아세클로페낙)",20240522
"노인주의","단일",D000739,Aceclofenac,"아세클로페낙","[M040359]아세클로페낙","필름코팅정",201902538,"아세로탈정100밀리그램(아세클로페낙)",20190423,"(주)보령바이오파마","흰색의 원형 필름코팅정",01140,"해열.진통.소염제","전문의약품","[M040359]아세클로페낙",20210715,"","","Aceclofenac(아세클로페낙)",20240522
"노인주의","단일",D000739,Aceclofenac,"아세클로페낙","[M040359]아세클로페낙/[M040359]아세클로페낙","서방성필름코팅정",201902818,"아엔탈CR정(아세클로페낙)",20190430,"진양제약(주)","흰색의 장방형 서방성 필름코팅정",01140,"해열.진통.소염제","전문의약품","[M040359]아세클로페낙/[M040359]아세클로페낙",20210715,"","","Aceclofenac(아세클로페낙)",20240522
"노인주의","단일",D000739,Aceclofenac,"아세클로페낙","[M040359]아세클로페낙/[M040359]아세클로페낙","서방성필름코팅정",201902819,"아세민CR정(아세클로페낙)",20190430,"(주)한국피엠지제약","흰색의 장방형 서방성 필름코팅정",01140,"해열.진통.소염제","전문의약품","[M040359]아세클로페낙/[M040359]아세클로페낙",20210715,"","","Aceclofenac(아세클로페낙)",20240522
"노인주의","단일",D000739,Aceclofenac,"아세클로페낙","[M040359]아세클로페낙/[M040359]아세클로페낙","서방성필름코팅정",201902821,"아세날CR정(아세클로페낙)",20190430,"성원애드콕제약(주)","흰색의 장방형 서방성 필름코팅정",01140,"해열.진통.소염제","전문의약품","[M040359]아세클로페낙/[M040359]아세클로페낙",20210715,"","","Aceclofenac(아세클로페낙)",20240522
"노인주의","단일",D000739,Aceclofenac,"아세클로페낙","[M040359]아세클로페낙/[M040359]아세클로페낙","서방성필름코팅정",201902910,"아세론CR정(아세클로페낙)",20190507,"구주제약(주)","흰색의 장방형 서방성 필름코팅정",01140,"해열.진통.소염제","전문의약품","[M040359]아세클로페낙/[M040359]아세클로페낙",20210715,"","","Aceclofenac(아세클로페낙)",20240522
"노인주의","단일",D000739,Aceclofenac,"아세클로페낙","[M040359]아세클로페낙/[M040359]아세클로페낙","서방성필름코팅정",201902911,"아세팜CR정(아세클로페낙)",20190507,"건일바이오팜주식회사","흰색의 장방형 서방성 필름코팅정",01140,"해열.진통.소염제","전문의약품","[M040359]아세클로페낙/[M040359]아세클로페낙",20210715,"","","Aceclofenac(아세클로페낙)",20240522
"노인주의","단일",D000739,Aceclofenac,"아세클로페낙","[M040359]아세클로페낙/[M040359]아세클로페낙","서방성필름코팅정",201903016,"아크로CR정(아세클로페낙)",20190509,"이연제약(주)","흰색의 장방형 서방성 필름코팅정",01140,"해열.진통.소염제","전문의약품","[M040359]아세클로페낙/[M040359]아세클로페낙",20210715,"","","Aceclofenac(아세클로페낙)",20240522
"노인주의","단일",D000739,Aceclofenac,"아세클로페낙","[M040359]아세클로페낙/[M040359]아세클로페낙","서방성필름코팅정",201903018,"아크로날CR정(아세클로페낙)",20190509,"(주)새한제약","흰색의 장방형 서방성 필름코팅정",01140,"해열.진통.소염제","전문의약품","[M040359]아세클로페낙/[M040359]아세클로페낙",20210715,"","","Aceclofenac(아세클로페낙)",20240522
"노인주의","단일",D000739,Aceclofenac,"아세클로페낙","[M040359]아세클로페낙","필름코팅정",201903453,"독립아세클로페낙정",20190528,"독립바이오제약(주)","흰색의 원형 필름코팅정제",01140,"해열.진통.소염제","전문의약품","[M040359]아세클로페낙",20210715,"","","Aceclofenac(아세클로페낙)",20240522
"노인주의","단일",D000739,Aceclofenac,"아세클로페낙","[M040359]아세클로페낙","필름코팅정",201904237,"아세바정100밀리그램(아세클로페낙)",20190618,"(주)서흥","흰색의 원형 필름코팅 정제",01140,"해열.진통.소염제","전문의약품","[M040359]아세클로페낙",20210715,"","","Aceclofenac(아세클로페낙)",20240522
"노인주의","단일",D000739,Aceclofenac,"아세클로페낙","[M040359]아세클로페낙/[M040359]아세클로페낙","서방성필름코팅정",201904284,"파마아세클로페낙CR정(아세클로페낙)",20190620,"(주)한국파마","흰색의 장방형 서방성 필름코팅정",01140,"해열.진통.소염제","전문의약품","[M040359]아세클로페낙/[M040359]아세클로페낙",20210715,"","","Aceclofenac(아세클로페낙)",20240522
"노인주의","단일",D000730,"Solifenacin succinate","솔리페나신숙신산염","[M259862]솔리페나신숙신산염","필름코팅정",201904620,"베시가드정5밀리그램(솔리페나신숙신산염)",20190708,"한올바이오파마(주)","밝은 노란색의 원형 필름코팅정",02590,"기타의 비뇨생식기관 및 항문용약","전문의약품","[M259862]솔리페나신숙신산염",20200924,"","","Solifenacin succinate(솔리페나신숙신산염)",20191114
"노인주의","단일",D000730,"Solifenacin succinate","솔리페나신숙신산염","[M259862]솔리페나신숙신산염","필름코팅정",201904621,"베시가드정10밀리그램(솔리페나신숙신산염)",20190708,"한올바이오파마(주)","연한 분홍색의 원형 필름코팅정",02590,"기타의 비뇨생식기관 및 항문용약","전문의약품","[M259862]솔리페나신숙신산염",20200924,"","","Solifenacin succinate(솔리페나신숙신산염)",20191114
"노인주의","단일",D000739,Aceclofenac,"아세클로페낙","[M040359]아세클로페낙","필름코팅정",201904672,"아세네정(아세클로페낙)",20190711,"(주)한풍제약","흰색의 원형 필름코팅 정제",01140,"해열.진통.소염제","전문의약품","[M040359]아세클로페낙",20210715,"","","Aceclofenac(아세클로페낙)",20240522
"노인주의","단일",D000739,Aceclofenac,"아세클로페낙","[M040359]아세클로페낙","필름코팅정",201905471,"신텍클로페낙정100밀리그램(아세클로페낙)",20190801,"(주)셀비온","흰색의 원형 필름코팅 정제",01140,"해열.진통.소염제","전문의약품","[M040359]아세클로페낙",20210715,"","","Aceclofenac(아세클로페낙)",20240522
"노인주의","단일",D000739,Aceclofenac,"아세클로페낙","[M040359]아세클로페낙/[M040359]아세클로페낙","서방성필름코팅정",201906060,"에이펜CR서방정(아세클로페낙)",20190826,"대우제약(주)","흰색의 장방형 서방성 필름코팅정",01140,"해열.진통.소염제","전문의약품","[M040359]아세클로페낙/[M040359]아세클로페낙",20210715,"","","Aceclofenac(아세클로페낙)",20240522
"노인주의","단일",D000739,Aceclofenac,"아세클로페낙","[M040359]아세클로페낙/[M040359]아세클로페낙","서방성필름코팅정",201906109,"아클페낙CR서방정(아세클로페낙)",20190828,"엔비케이제약(주)","흰색의 장방형 서방성 필름코팅정",01140,"해열.진통.소염제","전문의약품","[M040359]아세클로페낙/[M040359]아세클로페낙",20210715,"","","Aceclofenac(아세클로페낙)",20240522
"노인주의","단일",D000739,Aceclofenac,"아세클로페낙","[M040359]아세클로페낙/[M040359]아세클로페낙","서방성필름코팅정",201906178,"에클로펜CR서방정(아세클로페낙)",20190829,"화일약품(주)","흰색의 장방형 서방성 필름코팅정",01140,"해열.진통.소염제","전문의약품","[M040359]아세클로페낙/[M040359]아세클로페낙",20210715,"","","Aceclofenac(아세클로페낙)",20240522
"노인주의","단일",D000739,Aceclofenac,"아세클로페낙","[M040359]아세클로페낙","필름코팅정",201907074,"세로탈정100밀리그램(아세클로페낙)",20191004,"(주)아리제약","흰색의 원형 필름코팅제",01140,"해열.진통.소염제","전문의약품","[M040359]아세클로페낙",20210715,"","","Aceclofenac(아세클로페낙)",20240522
"노인주의","단일",D000739,Aceclofenac,"아세클로페낙","[M040359]아세클로페낙/[M040359]아세클로페낙","필름코팅정",201907528,"에이스낙CR서방정200밀리그램(아세클로페낙)",20191028,"신일제약(주)","흰색의 양면이 볼록한 장방형 필름코팅정제",01140,"해열.진통.소염제","전문의약품","[M040359]아세클로페낙/[M040359]아세클로페낙",20210715,"","","Aceclofenac(아세클로페낙)",20240522
"노인주의","단일",D000739,Aceclofenac,"아세클로페낙","[M040359]아세클로페낙","필름코팅정",201908226,"오스템아세클로페낙정",20191204,"오스템파마주식회사","흰색의 원형 필름코팅 정제",01140,"해열.진통.소염제","전문의약품","[M040359]아세클로페낙",20210715,"","","Aceclofenac(아세클로페낙)",20240522
"노인주의","단일",D000452,Aspirin,"아스피린","[M040355]아스피린","필름코팅정",201908303,"보령바이오아스피린장용정100밀리그램",20191209,"(주)보령바이오파마","흰색의 원형 장용성 필름코팅정",02190,"기타의 순환계용약","일반의약품","[M040355]아스피린",20210715,"","","Aspirin(아스피린)",20250415
"노인주의","단일",D000739,Aceclofenac,"아세클로페낙","[M040359]아세클로페낙/[M040359]아세클로페낙","서방성필름코팅정",202000205,"아셀로CR서방정200밀리그램(아세클로페낙)",20200113,"일성아이에스(주)","흰색의 장방형 서방성 필름코팅정",01140,"해열.진통.소염제","전문의약품","[M040359]아세클로페낙/[M040359]아세클로페낙",20210715,"","","Aceclofenac(아세클로페낙)",20240522
"노인주의","단일",D000730,"Solifenacin succinate","솔리페나신숙신산염","[M259862]솔리페나신숙신산염","필름코팅정",202000290,"시스케어정5밀리그램(솔리페나신숙신산염)",20200120,"주식회사케이에스제약","밝은 노란색의 원형 필름코팅정",02590,"기타의 비뇨생식기관 및 항문용약","전문의약품","[M259862]솔리페나신숙신산염",20200924,"","","Solifenacin succinate(솔리페나신숙신산염)",20200123
"노인주의","단일",D000730,"Solifenacin succinate","솔리페나신숙신산염","[M259862]솔리페나신숙신산염","필름코팅정",202000291,"시스케어정10밀리그램(솔리페나신숙신산염)",20200120,"주식회사케이에스제약","연한 분홍색의 원형 필름코팅정",02590,"기타의 비뇨생식기관 및 항문용약","전문의약품","[M259862]솔리페나신숙신산염",20200924,"","","Solifenacin succinate(솔리페나신숙신산염)",20200123
"노인주의","단일",D000739,Aceclofenac,"아세클로페낙","[M040359]아세클로페낙","필름코팅정",202000601,"아세진정(아세클로페낙)",20200204,"대원바이오텍주식회사","흰색의 원형 필름코팅 정제",01140,"해열.진통.소염제","전문의약품","[M040359]아세클로페낙",20210715,"","","Aceclofenac(아세클로페낙)",20240522
"노인주의","단일",D000739,Aceclofenac,"아세클로페낙","[M040359]아세클로페낙","필름코팅정",202000737,"아세클론정(아세클로페낙)",20200207,"주식회사더유제약","흰색의 원형 필름코팅정제",01140,"해열.진통.소염제","전문의약품","[M040359]아세클로페낙",20210715,"","","Aceclofenac(아세클로페낙)",20240522
"노인주의","단일",D000739,Aceclofenac,"아세클로페낙","[M040359]아세클로페낙","필름코팅정",202001048,"아세클로디드정(아세클로페낙)",20200217,"하이플생명과학(주)","흰색의 원형 필름코팅 정제",01140,"해열.진통.소염제","전문의약품","[M040359]아세클로페낙",20210715,"","","Aceclofenac(아세클로페낙)",20240522
"노인주의","단일",D000730,"Solifenacin succinate","솔리페나신숙신산염","[M259862]솔리페나신숙신산염","필름코팅정",202001227,"솔페나정5밀리그램(솔리페나신숙신산염)",20200220,"일성아이에스(주)","밝은 노란색의 원형 필름코팅정",02590,"기타의 비뇨생식기관 및 항문용약","전문의약품","[M259862]솔리페나신숙신산염",20200924,"","","Solifenacin succinate(솔리페나신숙신산염)",20210907
"노인주의","단일",D000730,"Solifenacin succinate","솔리페나신숙신산염","[M259862]솔리페나신숙신산염","필름코팅정",202001228,"솔페나정10밀리그램(솔리페나신숙신산염)",20200220,"일성아이에스(주)","연한 분홍색의 원형 필름코팅정",02590,"기타의 비뇨생식기관 및 항문용약","전문의약품","[M259862]솔리페나신숙신산염",20200924,"","","Solifenacin succinate(솔리페나신숙신산염)",20200903
"노인주의","단일",D000452,Aspirin,"아스피린","[M040355]아스피린","장용성필름코팅정",202001489,"삼성아스피린장용정100밀리그램",20200303,"삼성제약(주)","흰색의 원형 장용성 필름코팅정",02190,"기타의 순환계용약","일반의약품","[M040355]아스피린",20210715,"","","Aspirin(아스피린)",20250415
"노인주의","단일",D000739,Aceclofenac,"아세클로페낙","[M040359]아세클로페낙","필름코팅정",202001890,"메가클로페낙정(아세클로페낙)",20200318,"(주)엘앤씨바이오","흰색의 원형 필름코팅 정제",01140,"해열.진통.소염제","전문의약품","[M040359]아세클로페낙",20210715,"","","Aceclofenac(아세클로페낙)",20240522
"노인주의","단일",D000739,Aceclofenac,"아세클로페낙","[M040359]아세클로페낙","필름코팅정",202002811,"툴스페낙정100밀리그램(아세클로페낙)",20200421,"(주)라이트팜텍","흰색의 원형 필름코팅 정제",01140,"해열.진통.소염제","전문의약품","[M040359]아세클로페낙",20210715,"","","Aceclofenac(아세클로페낙)",20240522
"노인주의","단일",D000730,"Solifenacin succinate","솔리페나신숙신산염","[M259862]솔리페나신숙신산염","필름코팅정",202003046,"베시퀸정5밀리그램(솔리페나신숙신산염)",20200427,"(주)보령바이오파마","밝은 노란색의 원형 필름코팅정",02590,"기타의 비뇨생식기관 및 항문용약","전문의약품","[M259862]솔리페나신숙신산염",20200924,"","","Solifenacin succinate(솔리페나신숙신산염)",20201019
"노인주의","단일",D000730,"Solifenacin succinate","솔리페나신숙신산염","[M259862]솔리페나신숙신산염","필름코팅정",202003047,"베시퀸정10밀리그램(솔리페나신숙신산염)",20200427,"(주)보령바이오파마","밝은 분홍색의 원형 필름코팅정",02590,"기타의 비뇨생식기관 및 항문용약","전문의약품","[M259862]솔리페나신숙신산염",20200924,"","","Solifenacin succinate(솔리페나신숙신산염)",20201019
"노인주의","단일",D000739,Aceclofenac,"아세클로페낙","[M040359]아세클로페낙/[M040359]아세클로페낙","서방성필름코팅정",202003194,"에세탈서방정(아세클로페낙)",20200429,"(주)씨티씨바이오","흰색의 장방형 서방성 필름코팅정",01140,"해열.진통.소염제","전문의약품","[M040359]아세클로페낙/[M040359]아세클로페낙",20210715,"","","Aceclofenac(아세클로페낙)",20240522
"노인주의","단일",D000730,"Solifenacin succinate","솔리페나신숙신산염","[M259862]솔리페나신숙신산염","필름코팅정",202003532,"메가솔페나정5밀리그램(솔리페나신숙신산염)",20200515,"(주)엘앤씨바이오","연분홍색 원형 필름코팅정",02590,"기타의 비뇨생식기관 및 항문용약","전문의약품","[M259862]솔리페나신숙신산염",20200924,"","","Solifenacin succinate(솔리페나신숙신산염)",20210507
"노인주의","단일",D000452,Aspirin,"아스피린","[M040355]아스피린","장용성필름코팅정",202105531,"와이투아스피린장용정100밀리그램(아스피린)",20210723,"성이바이오제약주식회사","흰색의 원형 장용성 필름코팅정",02190,"기타의 순환계용약","일반의약품","[M040355]아스피린",20210715,"","","Aspirin(아스피린)",20250415
"노인주의","단일",D000056,Chlordiazepoxide,"클로르디아제폭시드","[M223206]클로르디아제폭시드염산염","당의정",198100697,"리버티정10밀리그램(클로르디아제폭시드염산염)",19811214,"환인제약(주)","연록색의 원형 당의정",01170,"정신신경용제","전문의약품","[M223206]클로르디아제폭시드염산염",20150728,"노인에서의 장기지속형 벤조다이아제핀 사용은 운동실조, 과진정 등이 나타나기 쉬움으로 소량부터 신중투여","","Chlordiazepoxide(클로르디아제폭시드)",""
"노인주의","단일",D000056,Chlordiazepoxide,"클로르디아제폭시드","[M223206]클로르디아제폭시드염산염","당의정",199203463,"리버티정5밀리그램(클로르디아제폭시드염산염)",19921007,"환인제약(주)","황색의 원형 당의정",01170,"정신신경용제","전문의약품","[M223206]클로르디아제폭시드염산염",20150728,"노인에서의 장기지속형 벤조다이아제핀 사용은 운동실조, 과진정 등이 나타나기 쉬움으로 소량부터 신중투여","","Chlordiazepoxide(클로르디아제폭시드)",""
"노인주의","단일",D000375,Clonazepam,"클로나제팜","[M093594]클로나제팜","나정",200610884,"리보트릴정(클로나제팜)",20061107,"(주)종근당","엷은 주황색의 원형 정제",01130,"항전간제","전문의약품","[M093594]클로나제팜",20150728,"노인에서의 장기지속형 벤조다이아제핀 사용은 운동실조, 과진정 등이 나타나기 쉬움으로 소량부터 신중투여","","Clonazepam(클로나제팜)",""
"노인주의","단일",D000375,Clonazepam,"클로나제팜","[M093594]클로나제팜","나정",201400403,"환인클로나제팜정0.5밀리그램",20140129,"환인제약(주)","엷은 주황색의 원형 정제",01130,"항전간제","전문의약품","[M093594]클로나제팜",20150728,"노인에서의 장기지속형 벤조다이아제핀 사용은 운동실조, 과진정 등이 나타나기 쉬움으로 소량부터 신중투여","","Clonazepam(클로나제팜)",""
"노인주의","단일",D000375,Clonazepam,"클로나제팜","[M093594]클로나제팜","나정",201901158,"환인클로나제팜정0.5밀리그램(WhanIn Clonazepam Tab. 0.5mg)",20190225,"환인제약(주)","엷은 주황색의 원형 정제",01130,"항전간제","전문의약품","[M093594]클로나제팜",20150728,"노인에서의 장기지속형 벤조다이아제핀 사용은 운동실조, 과진정 등이 나타나기 쉬움으로 소량부터 신중투여","","Clonazepam(클로나제팜)",""
"노인주의","단일",D000090,Diazepam,"디아제팜","[M040102]디아제팜","나정",197700525,"대원디아제팜정2밀리그램(수출명:디아잠정2밀리그램)(수출명2:트레즈콘정2밀리그램)",19770512,"대원제약(주)","백색의 원형 정제",01170,"정신신경용제","전문의약품","[M040102]디아제팜",20150728,"노인에서의 장기지속형 벤조다이아제핀 사용은 운동실조, 과진정 등이 나타나기 쉬움으로 소량부터 신중투여","","Diazepam(디아제팜)",""
"노인주의","단일",D000090,Diazepam,"디아제팜","[M040102]디아제팜","나정",197700535,"삼진디아제팜정2밀리그람",19770914,"삼진제약(주)","백색의 정제",01170,"정신신경용제","전문의약품","[M040102]디아제팜",20150728,"노인에서의 장기지속형 벤조다이아제핀 사용은 운동실조, 과진정 등이 나타나기 쉬움으로 소량부터 신중투여","","Diazepam(디아제팜)",""
"노인주의","단일",D000090,Diazepam,"디아제팜","[M040102]디아제팜","나정",197700536,"삼진디아제팜정5밀리그람",19770914,"삼진제약(주)","흰색의 팔각형 정제",01170,"정신신경용제","전문의약품","[M040102]디아제팜",20150728,"노인에서의 장기지속형 벤조다이아제핀 사용은 운동실조, 과진정 등이 나타나기 쉬움으로 소량부터 신중투여","","Diazepam(디아제팜)",""
"노인주의","단일",D000090,Diazepam,"디아제팜","[M040102]디아제팜","용액주사제",197900546,"삼진디아제팜주",19790214,"삼진제약(주)","무색 또는 미황색의 액이 든 갈색앰플주사제",01170,"정신신경용제","전문의약품","[M040102]디아제팜",20150728,"노인에서의 장기지속형 벤조다이아제핀 사용은 운동실조, 과진정 등이 나타나기 쉬움으로 소량부터 신중투여","","Diazepam(디아제팜)",""
"노인주의","단일",D000090,Diazepam,"디아제팜","[M040102]디아제팜","나정",198501811,"명인디아제팜정2밀리그램",19850910,"명인제약(주)","백색의 원형정제",01170,"정신신경용제","전문의약품","[M040102]디아제팜",20150728,"노인에서의 장기지속형 벤조다이아제핀 사용은 운동실조, 과진정 등이 나타나기 쉬움으로 소량부터 신중투여","","Diazepam(디아제팜)",""
"노인주의","단일",D000090,Diazepam,"디아제팜","[M040102]디아제팜","나정",198501812,"명인디아제팜정5밀리그램",19850910,"명인제약(주)","미황색의 원형정제",01170,"정신신경용제","전문의약품","[M040102]디아제팜",20150728,"노인에서의 장기지속형 벤조다이아제핀 사용은 운동실조, 과진정 등이 나타나기 쉬움으로 소량부터 신중투여","","Diazepam(디아제팜)",""
"노인주의","단일",D000090,Diazepam,"디아제팜","[M040102]디아제팜","나정",198501813,"명인디아제팜정10밀리그램",19850910,"명인제약(주)","청색의 원형 정제",01170,"정신신경용제","전문의약품","[M040102]디아제팜",20150728,"노인에서의 장기지속형 벤조다이아제핀 사용은 운동실조, 과진정 등이 나타나기 쉬움으로 소량부터 신중투여","","Diazepam(디아제팜)",""
"노인주의","단일",D000090,Diazepam,"디아제팜","[M040102]디아제팜","나정",200700501,"바리움정5밀리그람(디아제팜)",20061228,"지피테라퓨틱스코리아주식회사","미황색의 원형정제",01170,"정신신경용제","전문의약품","[M040102]디아제팜",20150728,"노인에서의 장기지속형 벤조다이아제핀 사용은 운동실조, 과진정 등이 나타나기 쉬움으로 소량부터 신중투여","","Diazepam(디아제팜)",""
"노인주의","단일",D000411,Flunitrazepam,"플루니트라제팜","[M088375]플루니트라제팜","나정",198301310,"라제팜정(플루니트라제팜)",19830523,"환인제약(주)","백색의 원형 정제",01120,"최면진정제","전문의약품","[M088375]플루니트라제팜",20150728,"노인에서의 장기지속형 벤조다이아제핀 사용은 운동실조, 과진정 등이 나타나기 쉬움으로 소량부터 신중투여","","Flunitrazepam(플루니트라제팜)",""
"노인주의","단일",D000411,Flunitrazepam,"플루니트라제팜","[M088375]플루니트라제팜","나정",198501814,"루나팜정(플루니트라제팜)",19851120,"명인제약(주)","흰색의 원형 정제",01120,"최면진정제","전문의약품","[M088375]플루니트라제팜",20150728,"노인에서의 장기지속형 벤조다이아제핀 사용은 운동실조, 과진정 등이 나타나기 쉬움으로 소량부터 신중투여","","Flunitrazepam(플루니트라제팜)",""
"노인주의","단일",D000106,Flurazepam,"플루라제팜","[M223321]플루라제팜염산염","필름코팅정",199907280,"달마돔정(플루라제팜염산염)",19990805,"고려제약(주)","오렌지 황색의 필림코팅된 원형 정제",01120,"최면진정제","전문의약품","[M223321]플루라제팜염산염",20150728,"노인에서의 장기지속형 벤조다이아제핀 사용은 운동실조, 과진정 등이 나타나기 쉬움으로 소량부터 신중투여","","Flurazepam(플루라제팜)",""
"노인주의","단일",D000378,Clobasam,"클로바잠","[M051537]클로바잠","나정",198100698,"센틸정10밀리그람(클로바잠)",19810212,"(주)한독","백색의 원형정제",01170,"정신신경용제","전문의약품","[M051537]클로바잠",20150728,"노인에서의 장기지속형 벤조다이아제핀 사용은 운동실조, 과진정 등이 나타나기 쉬움으로 소량부터 신중투여","","Clobasam (클로바잠)",""
"노인주의","단일",D000378,Clobasam,"클로바잠","[M051537]클로바잠","나정",198100711,"센틸정5밀리그람(클로바잠)",19810212,"(주)한독","백색의 원형정제",01170,"정신신경용제","전문의약품","[M051537]클로바잠",20150728,"노인에서의 장기지속형 벤조다이아제핀 사용은 운동실조, 과진정 등이 나타나기 쉬움으로 소량부터 신중투여","","Clobasam (클로바잠)",""
"노인주의","단일",D000378,Clobasam,"클로바잠","[M051537]클로바잠","나정",200109979,"푸리지움5밀리그람(클로바잠)",20010111,"(주)한독","백색의 원형 정제",01170,"정신신경용제","전문의약품","[M051537]클로바잠",20150728,"노인에서의 장기지속형 벤조다이아제핀 사용은 운동실조, 과진정 등이 나타나기 쉬움으로 소량부터 신중투여","","Clobasam (클로바잠)",""
"노인주의","단일",D000378,Clobasam,"클로바잠","[M051537]클로바잠","나정",200109980,"푸리지움10밀리그람(클로바잠)영문:Frisium10mg",20010111,"(주)한독","백색의 원형 정제",01170,"정신신경용제","전문의약품","[M051537]클로바잠",20150728,"노인에서의 장기지속형 벤조다이아제핀 사용은 운동실조, 과진정 등이 나타나기 쉬움으로 소량부터 신중투여","","Clobasam (클로바잠)",""
"노인주의","복합",D000056,Chlordiazepoxide,"클로르디아제폭시드","[M253729]클리디늄브롬화물/[M088403]클로르디아제폭시드","필름코팅정",199907281,"리브락스정(클리디늄브롬화물,클로르디아제폭시드)",19990805,"고려제약(주)","녹색의 원형 필름코팅정",01170,"정신신경용제","전문의약품","[M253729]클리디늄브롬화물/[M088403]클로르디아제폭시드",20150728,"노인에서의 장기지속형 벤조다이아제핀 사용은 운동실조, 과진정 등이 나타나기 쉬움으로 소량부터 신중투여","","Chlordiazepoxide(클로르디아제폭시드)",""
"노인주의","단일",D000893,Chlorpheniramine,"클로르페니라민","[M223211]클로르페니라민말레산염","용액주사제",201401504,"페라민주(클로르페니라민말레산염)",20140331,"(주)인트로바이오파마","무색투명한 액이 갈색 투명한 앰플에 든 주사제",01410,"항히스타민제","전문의약품","[M223211]클로르페니라민말레산염",20200924,"","","Chlorpheniramine(클로르페니라민)",""
"노인주의","단일",D000893,Chlorpheniramine,"클로르페니라민","[M040353]아세트아미노펜/[M203364]슈도에페드린염산염/[M223211]클로르페니라민말레산염","연질캡슐제, 액상",202601502,"레티코맥스연질캡슐",20260526,"(주)서흥","연한 노란색의 투명한 내용물을 함유한 노란색의 투명한 타원형 연질캡슐",01140,"해열.진통.소염제","일반의약품","[M040353]아세트아미노펜/[M203364]슈도에페드린염산염/[M223211]클로르페니라민말레산염",20200924,"","","Chlorpheniramine(클로르페니라민)",""
"노인주의","단일",D000881,Trihexyphenidyl,"트리헥시페니딜","[M223252]트리헥시페니딜염산염","필름코팅정",202501896,"파킨정(트리헥시페니딜염산염)(수출용)",20250724,"유니메드제약(주)","연한 노란색의 원형 필름코팅정",01190,"기타의 중추신경용약","전문의약품","[M223252]트리헥시페니딜염산염",20200924,"","","Trihexyphenidyl(트리헥시페니딜)",""
"노인주의","단일",D000730,"Solifenacin succinate","솔리페나신숙신산염","[M259862]솔리페나신숙신산염","필름코팅정",201501770,"유로페나신정10밀리그램(솔리페나신숙신산염)",20150331,"신풍제약(주)","밝은 분홍색의 원형 필름코팅정",02590,"기타의 비뇨생식기관 및 항문용약","전문의약품","[M259862]솔리페나신숙신산염",20200924,"","","Solifenacin succinate(솔리페나신숙신산염)",""
"노인주의","단일",D000730,"Solifenacin succinate","솔리페나신숙신산염","[M259862]솔리페나신숙신산염","필름코팅정",201502203,"유로케어정10밀리그램(솔리페나신숙신산염)",20150414,"일동제약(주)","밝은 분홍색의 원형 필름코팅정",02590,"기타의 비뇨생식기관 및 항문용약","전문의약품","[M259862]솔리페나신숙신산염",20200924,"","","Solifenacin succinate(솔리페나신숙신산염)",""
"노인주의","단일",D000730,"Solifenacin succinate","솔리페나신숙신산염","[M259862]솔리페나신숙신산염","필름코팅정",201502378,"유로페나신정5밀리그램(솔리페나신숙신산염)",20150420,"신풍제약(주)","밝은 노란색의 원형 필름코팅정",02590,"기타의 비뇨생식기관 및 항문용약","전문의약품","[M259862]솔리페나신숙신산염",20200924,"","","Solifenacin succinate(솔리페나신숙신산염)",""
"노인주의","단일",D000730,"Solifenacin succinate","솔리페나신숙신산염","[M259862]솔리페나신숙신산염","필름코팅정",201502457,"뉴페신정5mg(솔리페나신숙신산염)",20150427,"대한뉴팜(주)","밝은 노란색의 원형 필름코팅정",02590,"기타의 비뇨생식기관 및 항문용약","전문의약품","[M259862]솔리페나신숙신산염",20200924,"","","Solifenacin succinate(솔리페나신숙신산염)",""
"노인주의","단일",D000730,"Solifenacin succinate","솔리페나신숙신산염","[M259862]솔리페나신숙신산염","필름코팅정",201504249,"솔리프로정10mg(솔리페나신숙신산염)",20150630,"대원제약(주)","연분홍색 원형 필름코팅정",02590,"기타의 비뇨생식기관 및 항문용약","전문의약품","[M259862]솔리페나신숙신산염",20200924,"","","Solifenacin succinate(솔리페나신숙신산염)",""
"노인주의","단일",D000730,"Solifenacin succinate","솔리페나신숙신산염","[M259862]솔리페나신숙신산염","필름코팅정",201504859,"솔리프로정5mg(솔리페나신숙신산염)",20150715,"대원제약(주)","연분홍색 원형 필름코팅정",02590,"기타의 비뇨생식기관 및 항문용약","전문의약품","[M259862]솔리페나신숙신산염",20200924,"","","Solifenacin succinate(솔리페나신숙신산염)",""
"노인주의","단일",D000730,"Solifenacin succinate","솔리페나신숙신산염","[M259862]솔리페나신숙신산염","필름코팅정",201603454,"솔리시톨정10밀리그램(솔리페나신숙신산염)",20160614,"알보젠코리아(주)","연분홍색 원형 필름코팅정",02590,"기타의 비뇨생식기관 및 항문용약","전문의약품","[M259862]솔리페나신숙신산염",20200924,"","","Solifenacin succinate(솔리페나신숙신산염)",""
"노인주의","단일",D000730,"Solifenacin succinate","솔리페나신숙신산염","[M259862]솔리페나신숙신산염","필름코팅정",201603455,"솔리시톨정5밀리그램(솔리페나신숙신산염)",20160614,"알보젠코리아(주)","연분홍색 원형 필름코팅정",02590,"기타의 비뇨생식기관 및 항문용약","전문의약품","[M259862]솔리페나신숙신산염",20200924,"","","Solifenacin succinate(솔리페나신숙신산염)",""
"노인주의","단일",D000730,"Solifenacin succinate","솔리페나신숙신산염","[M259862]솔리페나신숙신산염","필름코팅정",201604378,"유로케어정5밀리그램(솔리페나신숙신산염)",20160715,"일동제약(주)","밝은 노란색의 원형 필름코팅정",02590,"기타의 비뇨생식기관 및 항문용약","전문의약품","[M259862]솔리페나신숙신산염",20200924,"","","Solifenacin succinate(솔리페나신숙신산염)",""
"노인주의","단일",D000730,"Solifenacin succinate","솔리페나신숙신산염","[M251551]솔리페나신숙신산염","필름코팅정",201604822,"베시칼린정10mg(솔리페나신숙신산염)",20160808,"동광제약(주)","분홍색의 원형 필름코팅정",02590,"기타의 비뇨생식기관 및 항문용약","전문의약품","[M251551]솔리페나신숙신산염",20200924,"","","Solifenacin succinate(솔리페나신숙신산염)",""
"노인주의","단일",D000730,"Solifenacin succinate","솔리페나신숙신산염","[M259862]솔리페나신숙신산염","필름코팅정",201701572,"베시스타정5밀리그램(솔리페나신숙신산염)",20170331,"에이치케이이노엔(주)","밝은 노란색의 원형 필름코팅정",02590,"기타의 비뇨생식기관 및 항문용약","전문의약품","[M259862]솔리페나신숙신산염",20200924,"","","Solifenacin succinate(솔리페나신숙신산염)",""
"노인주의","단일",D000730,"Solifenacin succinate","솔리페나신숙신산염","[M259862]솔리페나신숙신산염","필름코팅정",201702068,"솔리나신정5밀리그램(솔리페나신숙신산염)",20170424,"제일약품(주)","밝은 노란색의 원형 필름코팅정",02590,"기타의 비뇨생식기관 및 항문용약","전문의약품","[M259862]솔리페나신숙신산염",20200924,"","","Solifenacin succinate(솔리페나신숙신산염)",""
"노인주의","단일",D000730,"Solifenacin succinate","솔리페나신숙신산염","[M259862]솔리페나신숙신산염","필름코팅정",201702069,"솔리나신정10밀리그램(솔리페나신숙신산염)",20170424,"제일약품(주)","밝은 분홍색의 원형 필름코팅정",02590,"기타의 비뇨생식기관 및 항문용약","전문의약품","[M259862]솔리페나신숙신산염",20200924,"","","Solifenacin succinate(솔리페나신숙신산염)",""
"노인주의","단일",D000730,"Solifenacin succinate","솔리페나신숙신산염","[M259862]솔리페나신숙신산염","필름코팅정",201702150,"베시칼린정5mg(솔리페나신숙신산염)",20170427,"동광제약(주)","밝은 노란색의 원형 필름코팅정",02590,"기타의 비뇨생식기관 및 항문용약","전문의약품","[M259862]솔리페나신숙신산염",20200924,"","","Solifenacin succinate(솔리페나신숙신산염)",""
"노인주의","단일",D000730,"Solifenacin succinate","솔리페나신숙신산염","[M259862]솔리페나신숙신산염","필름코팅정",201705755,"솔리스탑정5밀리그램(솔리페나신숙신산염)",20170719,"고려제약(주)","밝은 노란색 원형 필름코팅정제",02590,"기타의 비뇨생식기관 및 항문용약","전문의약품","[M259862]솔리페나신숙신산염",20200924,"","","Solifenacin succinate(솔리페나신숙신산염)",""
"노인주의","단일",D000730,"Solifenacin succinate","솔리페나신숙신산염","[M259862]솔리페나신숙신산염","필름코팅정",201705756,"솔리스탑정10밀리그램(솔리페나신숙신산염)",20170719,"고려제약(주)","밝은 분홍색 원형 필름코팅정제",02590,"기타의 비뇨생식기관 및 항문용약","전문의약품","[M259862]솔리페나신숙신산염",20200924,"","","Solifenacin succinate(솔리페나신숙신산염)",""
"노인주의","단일",D000730,"Solifenacin succinate","솔리페나신숙신산염","[M259862]솔리페나신숙신산염","필름코팅정",201705761,"베시솔정10밀리그램(솔리페나신숙신산염)",20170719,"대웅바이오(주)","밝은 분홍색의 원형 필름코팅정",02590,"기타의 비뇨생식기관 및 항문용약","전문의약품","[M259862]솔리페나신숙신산염",20200924,"","","Solifenacin succinate(솔리페나신숙신산염)",""
"노인주의","단일",D000730,"Solifenacin succinate","솔리페나신숙신산염","[M259862]솔리페나신숙신산염","필름코팅정",201705762,"베시솔정5밀리그램(솔리페나신숙신산염)",20170719,"대웅바이오(주)","밝은 노란색의 원형 필름코팅정",02590,"기타의 비뇨생식기관 및 항문용약","전문의약품","[M259862]솔리페나신숙신산염",20200924,"","","Solifenacin succinate(솔리페나신숙신산염)",""
"노인주의","단일",D000730,"Solifenacin succinate","솔리페나신숙신산염","[M259862]솔리페나신숙신산염","필름코팅정",202001940,"솔라신정5밀리그램(솔리페나신숙신산염)",20200319,"건일바이오팜주식회사","밝은 노란색의 원형 필름코팅정",02590,"기타의 비뇨생식기관 및 항문용약","전문의약품","[M259862]솔리페나신숙신산염",20200924,"","","Solifenacin succinate(솔리페나신숙신산염)",""
"노인주의","단일",D000730,"Solifenacin succinate","솔리페나신숙신산염","[M259862]솔리페나신숙신산염","필름코팅정",202001941,"솔라신정10밀리그램(솔리페나신숙신산염)",20200319,"건일바이오팜주식회사","연한 분홍색의 원형 필름코팅정",02590,"기타의 비뇨생식기관 및 항문용약","전문의약품","[M259862]솔리페나신숙신산염",20200924,"","","Solifenacin succinate(솔리페나신숙신산염)",""
"노인주의","단일",D000730,"Solifenacin succinate","솔리페나신숙신산염","[M259862]솔리페나신숙신산염","필름코팅정",202001997,"오에이비정5밀리그램(솔리페나신숙신산염)",20200320,"(주)한국팜비오","밝은 노란색 원형 필름코팅정제",02590,"기타의 비뇨생식기관 및 항문용약","전문의약품","[M259862]솔리페나신숙신산염",20200924,"","","Solifenacin succinate(솔리페나신숙신산염)",""
"노인주의","단일",D000730,"Solifenacin succinate","솔리페나신숙신산염","[M259862]솔리페나신숙신산염","필름코팅정",202001998,"오에이비정10밀리그램 (솔리페나신숙신산염)",20200320,"(주)한국팜비오","밝은 분홍색 원형 필름코팅정제",02590,"기타의 비뇨생식기관 및 항문용약","전문의약품","[M259862]솔리페나신숙신산염",20200924,"","","Solifenacin succinate(솔리페나신숙신산염)",""
"노인주의","단일",D001355,Propiverine,"프로피베린","[M255864]프로피베린염산염","필름코팅정",201402986,"유로나정10mg(프로피베린염산염)",20140707,"명문제약(주)","흰색의 원형 필름코팅정",02590,"기타의 비뇨생식기관 및 항문용약","전문의약품","[M255864]프로피베린염산염",20200924,"","","Propiverine(프로피베린)",""
"노인주의","단일",D001355,Propiverine,"프로피베린","[M255864]프로피베린염산염","필름코팅정",201603582,"휴피베린정(프로피베린염산염)",20160620,"(주)휴온스메디텍","냄새가 없는 흰색의 편평구형의 필름코팅정",02590,"기타의 비뇨생식기관 및 항문용약","전문의약품","[M255864]프로피베린염산염",20200924,"","","Propiverine(프로피베린)",""
"노인주의","단일",D001355,Propiverine,"프로피베린","[M255864]프로피베린염산염","필름코팅정",201604598,"이연프로피베린정10밀리그램(프로피베린염산염)",20160726,"이연제약(주)","흰색의 원형 필름코팅정",02590,"기타의 비뇨생식기관 및 항문용약","전문의약품","[M255864]프로피베린염산염",20200924,"","","Propiverine(프로피베린)",""
"노인주의","단일",D001355,Propiverine,"프로피베린","[M255864]프로피베린염산염","필름코팅정",201708498,"프로빈정20밀리그램(프로피베린염산염)",20171221,"한국코러스(주)","흰색의 원형 필름코팅정제",02590,"기타의 비뇨생식기관 및 항문용약","전문의약품","[M255864]프로피베린염산염",20200924,"","","Propiverine(프로피베린)",""
"노인주의","단일",D001355,Propiverine,"프로피베린","[M255864]프로피베린염산염","필름코팅정",201801829,"유프베린정(프로피베린염산염)",20180430,"(주)다산제약","흰색의 원형 필름코팅정제",02590,"기타의 비뇨생식기관 및 항문용약","전문의약품","[M255864]프로피베린염산염",20200924,"","","Propiverine(프로피베린)",""
"노인주의","단일",D001355,Propiverine,"프로피베린","[M255864]프로피베린염산염","필름코팅정",201802565,"유피베린정(프로피베린염산염)",20180620,"(주)마더스제약","흰색의 원형 필름코팅정제",02590,"기타의 비뇨생식기관 및 항문용약","전문의약품","[M255864]프로피베린염산염",20200924,"","","Propiverine(프로피베린)",""
"노인주의","단일",D001355,Propiverine,"프로피베린","[M255864]프로피베린염산염","필름코팅정",201803081,"넥스베린정20mg(프로피베린염산염)",20180725,"(주)넥스팜코리아","흰색의 원형 필름코팅정제",02590,"기타의 비뇨생식기관 및 항문용약","전문의약품","[M255864]프로피베린염산염",20200924,"","","Propiverine(프로피베린)",""
"노인주의","단일",D001355,Propiverine,"프로피베린","[M255864]프로피베린염산염","필름코팅정",201901741,"유리베린정(프로피베린염산염)",20190322,"(주)에이프로젠바이오로직스","흰색의 원형 필름코팅정",02590,"기타의 비뇨생식기관 및 항문용약","전문의약품","[M255864]프로피베린염산염",20200924,"","","Propiverine(프로피베린)",""
"노인주의","단일",D001355,Propiverine,"프로피베린","[M255864]프로피베린염산염","필름코팅정",201902339,"비유프로정(프로피베린염산염)",20190416,"한국휴텍스제약(주)","흰색의 원형 필름코팅정제",02590,"기타의 비뇨생식기관 및 항문용약","전문의약품","[M255864]프로피베린염산염",20200924,"","","Propiverine(프로피베린)",""
"노인주의","단일",D001355,Propiverine,"프로피베린","[M255864]프로피베린염산염","필름코팅정",201904737,"프로베픽스정20mg(프로피베린염산염)",20190716,"(주)라이트팜텍","흰색의 원형 필름코팅정제",02590,"기타의 비뇨생식기관 및 항문용약","전문의약품","[M255864]프로피베린염산염",20200924,"","","Propiverine(프로피베린)",""
"노인주의","단일",D000044,Oxybutynin,"옥시부티닌","[M246163]옥시부티닌염산염","나정",201506765,"오부틴정(옥시부티닌염산염)(수출용)",20150924,"한림제약(주)","담청색의 원형정제",01230,"자율신경제","전문의약품","[M246163]옥시부티닌염산염",20200924,"","","Oxybutynin(옥시부티닌)",""
"노인주의","단일",D000044,Oxybutynin,"옥시부티닌","[M259129]옥시부티닌","경피흡수제",202302260,"신신옥시부티닌패취36mg(옥시부티닌)(수출용)",20230728,"신신제약(주)","모서리가 둥근 직사각형 형태의 39㎠크기의 반투명한 패취제","","","일반의약품","[M259129]옥시부티닌",20200924,"","","Oxybutynin(옥시부티닌)",""
"노인주의","단일",D001356,Flavoxate,"플라복세이트","[M223319]플라복세이트염산염","당의정",201502219,"크린세이트정(플라복세이트염산염)(수출용)",20150414,"삼천당제약(주)","백색의 원형 당의정",02590,"기타의 비뇨생식기관 및 항문용약","전문의약품","[M223319]플라복세이트염산염",20200924,"","","Flavoxate(플라복세이트)",""
"노인주의","단일",D000226,Mequitazine,"메퀴타진","[M050446]메퀴타진","나정",200500610,"바이넥스비타진정(메퀴타진)",20050923,"(주)바이넥스","백색 원형 정제",01410,"항히스타민제","전문의약품","[M050446]메퀴타진",20200924,"","","Mequitazine(메퀴타진)",""
"노인주의","단일",D000226,Mequitazine,"메퀴타진","[M050446]메퀴타진","나정",201207248,"케이엠에스메퀴타진정(수출용)(수출명 : KMS Hantazin Tab.)",20121015,"케이엠에스제약(주)","흰색의 원형정제",01410,"항히스타민제","전문의약품","[M050446]메퀴타진",20200924,"","","Mequitazine(메퀴타진)",""
"노인주의","단일",D000114,Hydroxyzine,"히드록시진","[M223358]히드록시진염산염","나정",201705739,"로진정25mg(히드록시진염산염)(수출용)",20170718,"(주)한국파마","흰색의 장방형 정제",01170,"정신신경용제","전문의약품","[M223358]히드록시진염산염",20200924,"","","Hydroxyzine(히드록시진)",""
"노인주의","단일",D000114,Hydroxyzine,"히드록시진","[M223358]히드록시진염산염","액상시럽제",202005261,"이치리진시럽(히드록시진염산염)",20200722,"한화제약(주)","무색 또는 미황색의 투명한 용액이 들어 있는 갈색병",01170,"정신신경용제","전문의약품","[M223358]히드록시진염산염",20200924,"","","Hydroxyzine(히드록시진)",""
"노인주의","단일",D000114,Hydroxyzine,"히드록시진","[M223358]히드록시진염산염","액상시럽제",202200690,"유록스시럽(히드록시진염산염)(수출명: Urox Syrup)(수출용)",20220214,"주식회사제뉴원사이언스","무색 또는 미황색의 투명한 용액이 들어 있는 갈색병",01170,"정신신경용제","전문의약품","[M223358]히드록시진염산염",20200924,"","","Hydroxyzine(히드록시진)",""
"노인주의","단일",D000296,Doxylamine,"독시라민","[M250452]독시라민숙신산염","필름코팅정",202107184,"자멘쏙정(독시라민숙신산염)",20211028,"일양약품(주)","연청색의 타원형 정제",01120,"최면진정제","일반의약품","[M250452]독시라민숙신산염",20200924,"","","Doxylamine(독시라민)",""
"노인주의","단일",D000296,Doxylamine,"독시라민","[M250452]독시라민숙신산염","구강붕해필름",202302234,"슬리필구강붕해필름(독시라민숙신산염)",20230724,"(주)씨엘팜","흰색의 직사각형 구강붕해필름",01120,"최면진정제","일반의약품","[M250452]독시라민숙신산염",20200924,"","","Doxylamine(독시라민)",""
"노인주의","단일",D000296,Doxylamine,"독시라민","[M250452]독시라민숙신산염","나정",202500644,"자모다정(독시라민숙신산염)",20250320,"(주)와이에스생명과학","흰색의 타원형 정제",01120,"최면진정제","일반의약품","[M250452]독시라민숙신산염",20200924,"","","Doxylamine(독시라민)",""
"노인주의","단일",D000296,Doxylamine,"독시라민","[M250452]독시라민숙신산염","필름코팅정",202502598,"자미솔정(독시라민숙신산염)",20251001,"초당약품공업(주)","흰색 내지 거의 흰색의 원형 필름코팅정제",01120,"최면진정제","일반의약품","[M250452]독시라민숙신산염",20200924,"","","Doxylamine(독시라민)",""
"노인주의","단일",D000296,Doxylamine,"독시라민","[M250452]독시라민숙신산염","나정",202600284,"쿨드림롱정(독시라민숙신산염)",20260130,"(주)녹십자","흰색의 타원형 정제",01120,"최면진정제","일반의약품","[M250452]독시라민숙신산염",20200924,"","","Doxylamine(독시라민)",""
"노인주의","단일",D000296,Doxylamine,"독시라민","[M250452]독시라민숙신산염","나정",202601464,"쿨나잇정(독시라민숙신산염)",20260520,"에스케이케미칼(주)","흰색의 타원형 정제",01120,"최면진정제","일반의약품","[M250452]독시라민숙신산염",20200924,"","","Doxylamine(독시라민)",""
"노인주의","단일",D000895,Diphenhydramine,"디펜히드라민","[M222973]디펜히드라민염산염","피부용겔제",201208876,"브이엠안티이치겔(디펜히드라민염산염)(수출명:VM Anti-itch Gel(Diphenhydramine Hydrochloride)(수출용)",20121129,"(주)퍼슨","무색 투명한 겔제",02690,"기타의 외피용약","일반의약품","[M222973]디펜히드라민염산염",20200924,"","","Diphenhydramine(디펜히드라민)",""
"노인주의","단일",D000895,Diphenhydramine,"디펜히드라민","[M222973]디펜히드라민염산염","연질캡슐제, 액상",201401099,"동구디펜히드라민염산염연질캡슐25밀리그램(수출용)",20140311,"(주)동구바이오제약","무색 내지 보라색의 투명한 내용물을 함유하는 보라색 투명의 장방형 연질캡슐제",01120,"최면진정제","일반의약품","[M222973]디펜히드라민염산염",20200924,"","","Diphenhydramine(디펜히드라민)",""
"노인주의","단일",D000895,Diphenhydramine,"디펜히드라민","[M222973]디펜히드라민염산염","연질캡슐제, 액상",202001554,"코자미연질캡슐(디펜히드라민염산염)",20200305,"(주)인트로바이오파마","무색 내지 연한 청록색의 투명한 액상의 내용물을 함유한 연청록색의 볼록한 타원형 연질캡슐",01120,"최면진정제","일반의약품","[M222973]디펜히드라민염산염",20200924,"","","Diphenhydramine(디펜히드라민)",""
"노인주의","단일",D000895,Diphenhydramine,"디펜히드라민","[M222973]디펜히드라민염산염","연질캡슐제, 액상",202301154,"드림굿연질캡슐(디펜히드라민염산염)",20230406,"경방신약(주)","무색 내지 연한 청록색의 투명한 액상의 내용물을 함유한 연청록색의 볼록한 타원형 연질캡슐",01120,"최면진정제","일반의약품","[M222973]디펜히드라민염산염",20200924,"","","Diphenhydramine(디펜히드라민)",""
"노인주의","단일",D000895,Diphenhydramine,"디펜히드라민","[M222973]디펜히드라민염산염","경구용액제",202301813,"이지퀼나잇액(디펜히드라민염산염)",20230613,"동아제약(주)","알루미늄 포에 든 무색 ~ 연한 노란색의 액제",01120,"최면진정제","일반의약품","[M222973]디펜히드라민염산염",20200924,"","","Diphenhydramine(디펜히드라민)",""
"노인주의","단일",D000895,Diphenhydramine,"디펜히드라민","[M222973]디펜히드라민염산염","연질캡슐제, 액상",202500981,"딥슬링연질캡슐(디펜히드라민염산염)",20250424,"태극제약(주)","무색 내지 연한 청록색의 투명한 액상의 내용물을 함유한 연청록색의 볼록한 타원형 연질캡슐",01120,"최면진정제","일반의약품","[M222973]디펜히드라민염산염",20200924,"","","Diphenhydramine(디펜히드라민)",""
"노인주의","단일",D000895,Diphenhydramine,"디펜히드라민","[M222973]디펜히드라민염산염","연질캡슐제, 액상",202502075,"그밤엔연질캡슐(디펜히드라민염산염)",20250808,"경동제약(주)","무색 내지 연한 청록색의 투명한 액상의 내용물을 함유한 연청록색의 볼록한 타원형 연질캡슐",01120,"최면진정제","일반의약품","[M222973]디펜히드라민염산염",20200924,"","","Diphenhydramine(디펜히드라민)",""
"노인주의","단일",D000895,Diphenhydramine,"디펜히드라민","[M222973]디펜히드라민염산염","연질캡슐제, 액상",202600823,"이밤이지연질캡슐(디펜히드라민염산염)",20260323,"삼진제약(주)","무색 내지 보라색의 투명한 액상의 내용물이 든 보라색의 투명한 타원형 연질캡슐",01120,"최면진정제","일반의약품","[M222973]디펜히드라민염산염",20200924,"","","Diphenhydramine(디펜히드라민)",""
"노인주의","단일",D000452,Aspirin,"아스피린","[M040355]아스피린","나정",201702179,"코미아스피린정(수출용)",20170427,"(주)코미팜","흰색의 원형 정제",01140,"해열.진통.소염제","일반의약품","[M040355]아스피린",20210715,"","","Aspirin(아스피린)",""
"노인주의","단일",D000452,Aspirin,"아스피린","[M040355]아스피린","필름코팅정",202300475,"에이스린장용정(아스피린)(수출용)",20230208,"(주)한국파비스제약","흰색의 원형 장용성 필름코팅정",02190,"기타의 순환계용약","일반의약품","[M040355]아스피린",20210715,"","","Aspirin(아스피린)",""
"노인주의","단일",D000506,Diclofenac,"디클로페낙","[M050288]디클로페낙나트륨","장용성필름코팅정",198000058,"디페인정(디클로페낙나트륨)",19800329,"동광제약(주)","황색의 장용피 원형정제",01140,"해열.진통.소염제","전문의약품","[M050288]디클로페낙나트륨",20210715,"","","Diclofenac(디클로페낙)",20260220
"노인주의","단일",D000506,Diclofenac,"디클로페낙","[M050288]디클로페낙나트륨","장용성필름코팅정",198200559,"하나디클로페낙나트륨정(수출용)",19820427,"하나제약(주)","황갈색의 원형 장용성 제피정제이다.",01140,"해열.진통.소염제","전문의약품","[M050288]디클로페낙나트륨",20210715,"","","Diclofenac(디클로페낙)",20260220
"노인주의","단일",D000675,Clonixin,"클로닉신","[M104025]클로닉신리시네이트","필름코팅정",198400830,"크로낙정(클로닉신리시네이트)",19840210,"영일제약(주)","연한 청색의 원형 필름코팅정",01140,"해열.진통.소염제","일반의약품","[M104025]클로닉신리시네이트",20210715,"","","Clonixin(클로닉신)",20200818
"노인주의","단일",D000506,Diclofenac,"디클로페낙","[M050288]디클로페낙나트륨","용액주사제",198600424,"소페낙주사(디클로페낙나트륨)",19860628,"아주약품(주)","무색 또는 미황색의 액체가 충진된 갈색 앰플제임.",01140,"해열.진통.소염제","전문의약품","[M050288]디클로페낙나트륨",20210715,"","","Diclofenac(디클로페낙)",20250415
"노인주의","단일",D000506,Diclofenac,"디클로페낙","[M050288]디클로페낙나트륨","용액주사제",198600666,"바렌탁주(디클로페낙나트륨)",19860628,"환인제약(주)","무색 투명한 액체가 든 갈색의 앰플제",01140,"해열.진통.소염제","전문의약품","[M050288]디클로페낙나트륨",20210715,"","","Diclofenac(디클로페낙)",20250415
"노인주의","단일",D000675,Clonixin,"클로닉신","[M080375]클로닉신리시네이트","필름코팅정",198601047,"디크로닉정(클로닉신리시네이트)",19861117,"대화제약(주)","하늘색의 원형 제피정",01140,"해열.진통.소염제","일반의약품","[M080375]클로닉신리시네이트",20210715,"","","Clonixin(클로닉신)",20180814
"노인주의","단일",D000506,Diclofenac,"디클로페낙","[M050288]디클로페낙나트륨","장용성필름코팅정",198601054,"레틸론정(디클로페낙나트륨)(수출용)",19861117,"대화제약(주)","주황색의 원형장용제피정",01140,"해열.진통.소염제","전문의약품","[M050288]디클로페낙나트륨",20210715,"","","Diclofenac(디클로페낙)",20260220
"노인주의","단일",D000506,Diclofenac,"디클로페낙","[M050288]디클로페낙나트륨","장용성필름코팅정",198601164,"하나디클로페낙나트륨정50밀리그램(수출용)",19860320,"하나제약(주)","주황색의 원형 장용성 제피정제",01140,"해열.진통.소염제","전문의약품","[M050288]디클로페낙나트륨",20210715,"","","Diclofenac(디클로페낙)",20260220
"노인주의","단일",D000675,Clonixin,"클로닉신","[M104025]클로닉신리시네이트","필름코팅정",198601395,"노리스정(클로닉신리시네이트)",19861204,"지엘파마(주)","노란색의 원형 필름코팅정제",01140,"해열.진통.소염제","일반의약품","[M104025]클로닉신리시네이트",20210715,"","","Clonixin(클로닉신)",20190225
"노인주의","단일",D000463,Etodolac,"에토돌락","[M257127]미분화에토돌락","필름코팅정",198700366,"건일로딘정200밀리그램(미분화에토돌락)",19870812,"건일제약(주)","갈색의 타원형 필름코팅제",01140,"해열.진통.소염제","전문의약품","[M257127]미분화에토돌락",20210715,"","","Etodolac(에토돌락)",20240522
"노인주의","단일",D000506,Diclofenac,"디클로페낙","[M050288]디클로페낙나트륨","장용성필름코팅정",198701676,"디낙스정(디클로페낙나트륨)",19870501,"지엘파마(주)","주황색의 원형 장용피정.",01140,"해열.진통.소염제","전문의약품","[M050288]디클로페낙나트륨",20210715,"","","Diclofenac(디클로페낙)",20260220
"노인주의","단일",D000506,Diclofenac,"디클로페낙","[M050288]디클로페낙나트륨/[M050288]디클로페낙나트륨","용액주사제",198701689,"토라렌주(디클로페낙나트륨)(수출명:토페라렌주사(Toferareninjection))",19871204,"명문제약(주)","무색투명한 용액이 든 무색투명한 앰플 (수출용: 무색투명한 용액이 든 갈색앰플)",01140,"해열.진통.소염제","전문의약품","[M050288]디클로페낙나트륨/[M050288]디클로페낙나트륨",20210715,"","","Diclofenac(디클로페낙)",20250415
"노인주의","단일",D000675,Clonixin,"클로닉신","[M080375]클로닉신리시네이트","필름코팅정",198800901,"크록신정250밀리그램(클로닉신리시네이트)(수출명: 돌핀정)",19880727,"진양제약(주)","노란색의 원형 필름코팅정",01140,"해열.진통.소염제","일반의약품","[M080375]클로닉신리시네이트",20210715,"","","Clonixin(클로닉신)",20180822
"노인주의","단일",D000506,Diclofenac,"디클로페낙","[M050288]디클로페낙나트륨","용액주사제",198801647,"레틸론주(디클로페낙나트륨)(수출용)",19880822,"대화제약(주)","무색등명한 액체가 든 갈색 앰플제",01140,"해열.진통.소염제","전문의약품","[M050288]디클로페낙나트륨",20210715,"","","Diclofenac(디클로페낙)",20250415
"노인주의","단일",D000463,Etodolac,"에토돌락","[M083240]에토돌락","경질캡슐제, 산제",198900581,"대우에토돌락캅셀(수출명:에토독캡슐)",19891118,"대우제약(주)","①백색 내지 유백색의 결정성 분말을 함유한 상부 암홍색, 하부 살구색의 경질 캡슐제②백색 내지 유백색의 결정성 분말을 함유한 상부 연청색, 하부 담청색의 경질캡슐제",01140,"해열.진통.소염제","전문의약품","[M083240]에토돌락",20210715,"","","Etodolac(에토돌락)",20240522
"노인주의","단일",D000463,Etodolac,"에토돌락","[M083240]에토돌락","경질캡슐제, 산제",198901114,"페노딘캡슐(에토돌락)(수출용)",19890609,"(주)동구바이오제약","백색-유백색의 내용물을 함유하는 상,회백색 하,회색의 경질캅셀",01140,"해열.진통.소염제","전문의약품","[M083240]에토돌락",20210715,"","","Etodolac(에토돌락)",20190905
"노인주의","단일",D000506,Diclofenac,"디클로페낙","[M252249]디클로페낙β-디메틸아미노에탄올","용액주사제",198902280,"디크놀주사(디클로페낙β-디메틸아미노에탄올)",19890918,"명문제약(주)","이약은 무색-미황색의 투명한 용액이 든 무색투명한 앰플제이다",01140,"해열.진통.소염제","전문의약품","[M252249]디클로페낙β-디메틸아미노에탄올",20210715,"","","Diclofenac(디클로페낙)",20250415
"노인주의","단일",D000463,Etodolac,"에토돌락","[M083240]에토돌락","경질캡슐제, 산제",199002184,"아신돌캡슐200밀리그램(에토돌락)(수출용)",19900824,"케이엠에스제약(주)","백색 내지 유백색의 분말이 충진된 상,하부 청색의 경질캡슐제",01140,"해열.진통.소염제","전문의약품","[M083240]에토돌락",20210715,"","","Etodolac(에토돌락)",20200701
"노인주의","단일",D000675,Clonixin,"클로닉신","[M080375]클로닉신리시네이트","필름코팅정",199100708,"크루펜정(클로닉신리시네이트)
(수출용)",19910907,"대우제약(주)","흰색의 원형 필름코팅정제",01140,"해열.진통.소염제","일반의약품","[M080375]클로닉신리시네이트",20210715,"","","Clonixin(클로닉신)",20151216
"노인주의","단일",D000675,Clonixin,"클로닉신","[M080375]클로닉신리시네이트","필름코팅정",199101970,"크레닉정125밀리그람(클로닉신리시네이트)",19910227,"하이플생명과학(주)","주황색의 원형 필름코팅정",01140,"해열.진통.소염제","일반의약품","[M080375]클로닉신리시네이트",20210715,"","","Clonixin(클로닉신)",20120128
"노인주의","단일",D000506,Diclofenac,"디클로페낙","[M050288]디클로페낙나트륨","장용성필름코팅정",199102335,"카덱신정(디클로페낙나트륨)(수출용)",19910619,"위더스제약(주)","주황색의 원형 장용피정",01140,"해열.진통.소염제","전문의약품","[M050288]디클로페낙나트륨",20210715,"","","Diclofenac(디클로페낙)",20260220
"노인주의","단일",D000506,Diclofenac,"디클로페낙","[M050288]디클로페낙나트륨","장용성필름코팅정",199102473,"하원디클로페낙정25밀리그람(수출용)",19911223,"(주)하원제약","황색의 원형 장용피정",01140,"해열.진통.소염제","전문의약품","[M050288]디클로페낙나트륨",20210715,"","","Diclofenac(디클로페낙)",20260220
"노인주의","단일",D000463,Etodolac,"에토돌락","[M083240]에토돌락","경질캡슐제, 산제",199102606,"에토딘캡슐(에토돌락)",19910514,"명문제약(주)","흰색의 과립내지 가루가 든 상부 엷은 회색, 하부 짙은 회색의 경질캡슐제",01140,"해열.진통.소염제","전문의약품","[M083240]에토돌락",20210715,"","","Etodolac(에토돌락)",20240522
"노인주의","단일",D000705,Flurbiprofen,"플루르비프로펜","[M089049]플루르비프로펜/[M089049]플루르비프로펜","카타플라스마제",199102741,"비펜카타플라스마(플루르비프로펜)(수출명(싱가폴,말레이지아,태국):아쿠스탑카타플라스마)",19911113,"(주)녹십자","제1처방 : 흰색-미황색의 점착성 고체를 부직포상에 도포한 방향을 갖는 카타플라스마제이다.제2처방 : 흰색-미황색의 점착성 고체를 부직포상에 도포한 방향을 갖는 카타플라스마제로서 밀착포가 접합되어있다.",02640,"진통.진양.수렴.소염제","일반의약품","[M089049]플루르비프로펜/[M089049]플루르비프로펜",20210715,"","","Flurbiprofen(플루르비프로펜)",20240215
"노인주의","단일",D000506,Diclofenac,"디클로페낙","[M050288]디클로페낙나트륨","용액주사제",199200652,"제일제약디클로페낙나트륨주사액",19920108,"(주)제일제약","갈색 앰플내에 무색-거의 무색의 맑은액이 든 주사제.",01140,"해열.진통.소염제","전문의약품","[M050288]디클로페낙나트륨",20210715,"","","Diclofenac(디클로페낙)",20250415
"노인주의","단일",D000675,Clonixin,"클로닉신","[M104025]클로닉신리시네이트","필름코팅정",199301968,"디크로닉정250밀리그램(클로닉신리시네이트)(수출용)",19930423,"대화제약(주)","청색의 원형 제피정",01140,"해열.진통.소염제","일반의약품","[M104025]클로닉신리시네이트",20210715,"","","Clonixin(클로닉신)",20180814
"노인주의","단일",D000506,Diclofenac,"디클로페낙","[M050288]디클로페낙나트륨","장용정",199301972,"레틸론정50밀리그람(디클로페낙나트륨)(수출용)(수출명:디클로페낙50)",19930223,"대화제약(주)","주황색의 원형장용정",01140,"해열.진통.소염제","전문의약품","[M050288]디클로페낙나트륨",20210715,"","","Diclofenac(디클로페낙)",20260220
"노인주의","단일",D000463,Etodolac,"에토돌락","[M083240]에토돌락","경질캡슐제, 산제",199302406,"파비스에토돌락캅셀(수출용)(수출명 : SOTOLAC , M-PRO )",19930330,"(주)한국파비스제약","백색-미황색의 내용물이 든 상 엷은 회색, 하 짙은 회색의 경질캅셀제",01140,"해열.진통.소염제","전문의약품","[M083240]에토돌락",20210715,"","","Etodolac(에토돌락)",20200403
"노인주의","단일",D000506,Diclofenac,"디클로페낙","[M050288]디클로페낙나트륨","용액주사제",199302664,"구주디클로페낙주사액(수출명: JINTES)",19931019,"구주제약(주)","무색 또는 미황색의 액체가 충진된 갈색 앰플제",01140,"해열.진통.소염제","전문의약품","[M050288]디클로페낙나트륨",20210715,"","","Diclofenac(디클로페낙)",20250415
"노인주의","단일",D000463,Etodolac,"에토돌락","[M257127]미분화에토돌락","서방성필름코팅정",199400448,"건일로딘서방정600밀리그램(미분화에토돌락)",19940428,"건일제약(주)","밝은 회색의 장방형 필름코팅정",01140,"해열.진통.소염제","전문의약품","[M257127]미분화에토돌락",20210715,"","","Etodolac(에토돌락)",20240522
"노인주의","단일",D000463,Etodolac,"에토돌락","[M083240]에토돌락","경질캡슐제, 과립제",199400681,"마카나캡슐(에토돌락)(수출용)(수출명:SEODOECapsules)",19940916,"(주)일화","백색-미황색의 내용물이 든 상 엷은 회색, 하 짙은 회색의 경질캅셀제",01140,"해열.진통.소염제","전문의약품","[M083240]에토돌락",20210715,"","","Etodolac(에토돌락)",20200831
"노인주의","단일",D000463,Etodolac,"에토돌락","[M257127]미분화에토돌락","경질캡슐제, 산제",199402355,"코러스에토돌락캡슐(수출명 : KORULAC Cap.)(수출용)",19940930,"한국코러스(주)","백색 내지 유백색의 분말이 충진된 상, 하부 청색의 경질 캅셀제",01140,"해열.진통.소염제","전문의약품","[M257127]미분화에토돌락",20210715,"","","Etodolac(에토돌락)",20191127
"노인주의","단일",D000506,Diclofenac,"디클로페낙","[M050288]디클로페낙나트륨/[M050288]디클로페낙나트륨","점안용액제",199500508,"옵타낙점안액(디클로페낙나트륨)(수출명: Optanac 옵타낙, Saminlac 사민락)",19950406,"삼일제약(주)","무색 또는 연한 노란색의 투명한 수용성 점안액",01310,"안과용제","전문의약품","[M050288]디클로페낙나트륨/[M050288]디클로페낙나트륨",20210715,"","","Diclofenac(디클로페낙)",20241212
"노인주의","단일",D000675,Clonixin,"클로닉신","[M080375]클로닉신리시네이트","필름코팅정",199500850,"바르젠정(클로닉신리시네이트)(수출명:CLOCXINETab.Stocxine(Clonysinlysinate125),STOLXINE)",19951006,"(주)제뉴파마","등황색의 원형필름코팅정제.",01140,"해열.진통.소염제","일반의약품","[M080375]클로닉신리시네이트",20210715,"","","Clonixin(클로닉신)",20170915
"노인주의","단일",D000506,Diclofenac,"디클로페낙","[M050288]디클로페낙나트륨","용액주사제",199501223,"킨포인주(디클로페낙나트륨)",19950310,"삼진제약(주)","무색투명한 액체가 갈색 앰플에 충진된 주사제",01140,"해열.진통.소염제","전문의약품","[M050288]디클로페낙나트륨",20210715,"","","Diclofenac(디클로페낙)",20250415
"노인주의","단일",D000506,Diclofenac,"디클로페낙","[M050288]디클로페낙나트륨/[M050288]디클로페낙나트륨","장용성필름코팅정",199501666,"영일디클로페낙나트륨정50밀리그람(수출명:디볼타렌정,메디타렌정)(수출용)",19950925,"영일제약(주)","국내용: 황색 원형의 장용성 제피정수출용: 진황색 원형의 장용성 제피정",01140,"해열.진통.소염제","전문의약품","[M050288]디클로페낙나트륨/[M050288]디클로페낙나트륨",20210715,"","","Diclofenac(디클로페낙)",20260220
"노인주의","단일",D000506,Diclofenac,"디클로페낙","[M050288]디클로페낙나트륨","장용성필름코팅정",199501947,"신일디클로페낙나트륨정",19950920,"신일제약(주)","주황색의 장용성인 원형 필름코팅정제",01140,"해열.진통.소염제","전문의약품","[M050288]디클로페낙나트륨",20210715,"","","Diclofenac(디클로페낙)",20260220
"노인주의","단일",D000506,Diclofenac,"디클로페낙","[M050288]디클로페낙나트륨","장용성필름코팅정",199501950,"신일디클로페낙나트륨정50밀리그람",19950925,"신일제약(주)","황색의 장용성인 장방형 필름코팅정제",01140,"해열.진통.소염제","전문의약품","[M050288]디클로페낙나트륨",20210715,"","","Diclofenac(디클로페낙)",20260220
"노인주의","단일",D000675,Clonixin,"클로닉신","[M080375]클로닉신리시네이트","필름코팅정",199501954,"신일클로닉신리시네이트정",19951016,"신일제약(주)","흰색의 원형 필름코팅 정제",01140,"해열.진통.소염제","일반의약품","[M080375]클로닉신리시네이트",20210715,"","","Clonixin(클로닉신)",20120128
"노인주의","단일",D000506,Diclofenac,"디클로페낙","[M050288]디클로페낙나트륨","용액주사제",199600297,"에스페낙주(디클로페낙나트륨)",19960109,"삼성제약(주)","무색 또는 미황색의 액체가 충전된 갈색 앰플제",01140,"해열.진통.소염제","전문의약품","[M050288]디클로페낙나트륨",20210715,"","","Diclofenac(디클로페낙)",20250415
"노인주의","단일",D000675,Clonixin,"클로닉신","[M080375]클로닉신리시네이트/[M080375]클로닉신리시네이트","필름코팅정",199600328,"바로닉신정125밀리그램(클로닉신리시네이트)",19961024,"(주)에이프로젠바이오로직스","내수용: 흰색의 원형 필름코팅정제,수출용:연분홍색의 원형 필름코팅정",01140,"해열.진통.소염제","일반의약품","[M080375]클로닉신리시네이트/[M080375]클로닉신리시네이트",20210715,"","","Clonixin(클로닉신)",20130702
"노인주의","단일",D000506,Diclofenac,"디클로페낙","[M050288]디클로페낙나트륨","용액주사제",199600344,"대한디클로페낙주(디클로페낙나트륨)(수출용)",19960920,"대한약품공업(주)","무색투명한 용액을 갈색의 앰플에 충진한 것이다.",01140,"해열.진통.소염제","전문의약품","[M050288]디클로페낙나트륨",20210715,"","","Diclofenac(디클로페낙)",20250415
"노인주의","단일",D000463,Etodolac,"에토돌락","[M081813]미결정에토돌락/[M081813]미결정에토돌락","경질캡슐제, 산제",199602501,"하원에토돌락캅셀(수출용)",19960910,"(주)하원제약","백색의 결정성 가루가 든 상 하부 미황색의 경질캅셀제",01140,"해열.진통.소염제","전문의약품","[M081813]미결정에토돌락/[M081813]미결정에토돌락",20210715,"","","Etodolac(에토돌락)",20191001
"노인주의","단일",D000506,Diclofenac,"디클로페낙","[M050288]디클로페낙나트륨","용액주사제",199603117,"코러스디클로페낙주(디클로페낙나트륨)(수출명:TELOFENINJ)(수출용)",19960430,"한국코러스(주)","무색등명한 액체가 든 갈색앰플",01140,"해열.진통.소염제","전문의약품","[M050288]디클로페낙나트륨",20210715,"","","Diclofenac(디클로페낙)",20250415
"노인주의","단일",D000463,Etodolac,"에토돌락","[M257127]미분화에토돌락/[M257127]미분화에토돌락","경질캡슐제, 산제",199701083,"에이프로젠에토돌락캡슐200밀리그램(수출용)",19970318,"(주)에이프로젠바이오로직스","[수출용-1]흰색분말이 든 상부 자색, 하부 담황색의 경질캡슐제[수출용-2]흰색 내지 유백색의 분말이 충진된 상부 자색, 하부 담황색의 경질캡슐제",01140,"해열.진통.소염제","전문의약품","[M257127]미분화에토돌락/[M257127]미분화에토돌락",20210715,"","","Etodolac(에토돌락)",20191028
"노인주의","단일",D000506,Diclofenac,"디클로페낙","[M050288]디클로페낙나트륨","용액주사제",199702363,"카페낙주사(디클로페낙나트륨)",19970220,"하나제약(주)","무색투명한 용액이 든 갈색의 앰플",01140,"해열.진통.소염제","전문의약품","[M050288]디클로페낙나트륨",20210715,"","","Diclofenac(디클로페낙)",20250415
"노인주의","단일",D000675,Clonixin,"클로닉신","[M080375]클로닉신리시네이트","필름코팅정",199702485,"크로펜정(클로닉신리시네이트)",19970604,"미래바이오제약(주)","분홍색의 장방형 필름코팅정제",01140,"해열.진통.소염제","일반의약품","[M080375]클로닉신리시네이트",20210715,"","","Clonixin(클로닉신)",20150407
"노인주의","단일",D000506,Diclofenac,"디클로페낙","[M050288]디클로페낙나트륨","장용성필름코팅정",199703386,"디페트정(디클로페낙나트륨)(수출명 : Korus Diclofenac Tab.)(수출용)",19971223,"한국코러스(주)","주황색의 원형 장용성 제피정제이다.",01140,"해열.진통.소염제","전문의약품","[M050288]디클로페낙나트륨",20210715,"","","Diclofenac(디클로페낙)",20260220
"노인주의","단일",D000506,Diclofenac,"디클로페낙","[M050288]디클로페낙나트륨/[M050288]디클로페낙나트륨","점안용액제",199800441,"아이펙신점안액(디클로페낙나트륨)",19980915,"국제약품(주)","(내수용)  무색 내지 미황색의 맑은 용액이 투명성 있는 용기에든 점안제(수출용) 이 약은 투명-반투명한 용기에 담긴 무색-미황색의 등명한 수용액임.",01310,"안과용제","전문의약품","[M050288]디클로페낙나트륨/[M050288]디클로페낙나트륨",20210715,"","","Diclofenac(디클로페낙)",20241212
"노인주의","단일",D000506,Diclofenac,"디클로페낙","[M050288]디클로페낙나트륨","용액주사제",199801499,"삼진디클로페낙나트륨주사(수출용)",19981120,"삼진제약(주)","무색내지 미황색의 투명한 액이 든 갈색앰플제",01140,"해열.진통.소염제","전문의약품","[M050288]디클로페낙나트륨",20210715,"","","Diclofenac(디클로페낙)",20230819
"노인주의","단일",D000506,Diclofenac,"디클로페낙","[M050288]디클로페낙나트륨","점안용액제",199803485,"디크란점안액(디클로페낙나트륨)(수출명:디클점안액)",19980716,"한림제약(주)","무색 내지 미황색의 맑은 용액이 투명성 있는 용기에 든 점안제",01310,"안과용제","전문의약품","[M050288]디클로페낙나트륨",20210715,"","","Diclofenac(디클로페낙)",20241212
"노인주의","단일",D000506,Diclofenac,"디클로페낙","[M249599]디클로페낙디에틸암모늄","피부크림제",199900298,"나바론크림(디클로페낙디에틸암모늄)",19990731,"(주)에이프로젠바이오로직스","흰색 연질의 균질한 크림제",02640,"진통.진양.수렴.소염제","일반의약품","[M249599]디클로페낙디에틸암모늄",20210715,"","","Diclofenac(디클로페낙)",20241212
"노인주의","단일",D000463,Etodolac,"에토돌락","[M257127]미분화에토돌락","서방성필름코팅정",199900417,"로딘엑스엘정400밀리그램(미분화에토돌락)",19990415,"건일제약(주)","밝은 적색의 장방형 필름코딩정",01140,"해열.진통.소염제","전문의약품","[M257127]미분화에토돌락",20210715,"","","Etodolac(에토돌락)",20240522
"노인주의","단일",D000463,Etodolac,"에토돌락","[M257127]미분화에토돌락","필름코팅정",199901211,"토세락정400밀리그램(미분화에토돌락)",19990327,"환인제약(주)","백색의 장방형 필름코팅정제",01140,"해열.진통.소염제","전문의약품","[M257127]미분화에토돌락",20210715,"","","Etodolac(에토돌락)",20240522
"노인주의","단일",D000506,Diclofenac,"디클로페낙","[M050288]디클로페낙나트륨","용액주사제",199901324,"동구디클로페낙나트륨주75mg(수출용)",19990507,"(주)동구바이오제약","무색 투명한 액이 든 갈색의 앰플제",01140,"해열.진통.소염제","전문의약품","[M050288]디클로페낙나트륨",20210715,"","","Diclofenac(디클로페낙)",20230819
"노인주의","단일",D000506,Diclofenac,"디클로페낙","[M050288]디클로페낙나트륨","피부용겔제",199904095,"디펜겔(디클로페낙나트륨)",19990601,"신일제약(주)","무색투명한 겔제",02640,"진통.진양.수렴.소염제","일반의약품","[M050288]디클로페낙나트륨",20210715,"","","Diclofenac(디클로페낙)",20241212
"노인주의","단일",D000086,Dexibuprofen,"덱시부프로펜","[M092057]덱시부프로펜","필름코팅정",200000930,"닥스펜정(덱시부프로펜)",20000406,"(주)바이넥스","분홍색의 장방형 필름코팅정",01140,"해열.진통.소염제","일반의약품","[M092057]덱시부프로펜",20210715,"","","Dexibuprofen(덱시부프로펜)",20260102
"노인주의","단일",D000506,Diclofenac,"디클로페낙","[M252249]디클로페낙β-디메틸아미노에탄올","용액주사제",200001074,"뉴페낙주사2밀리리터(디클로페낙β-디메틸아미노에탄올)",20001123,"아주약품(주)","미황색의 투명한 용액이 든 갈색앰플주사제",01140,"해열.진통.소염제","전문의약품","[M252249]디클로페낙β-디메틸아미노에탄올",20210715,"","","Diclofenac(디클로페낙)",20250415
"노인주의","단일",D000086,Dexibuprofen,"덱시부프로펜","[M254719]덱시부프로펜","필름코팅정",200001368,"애니펜정300밀리그램(덱시부프로펜)",20001010,"안국약품(주)","분홍색의 장방형 필름코팅정제",01140,"해열.진통.소염제","일반의약품","[M254719]덱시부프로펜",20210715,"","","Dexibuprofen(덱시부프로펜)",20260102
"노인주의","단일",D000506,Diclofenac,"디클로페낙","[M050288]디클로페낙나트륨","장용성필름코팅정",200001758,"파마디클로페낙나트륨정100밀리그램(수출용)",20000512,"(주)한국파마","황색의 타원형으로된 장용피정제(수출용 : 황색의 장방형으로 된 장용피 정제)",01140,"해열.진통.소염제","전문의약품","[M050288]디클로페낙나트륨",20210715,"","","Diclofenac(디클로페낙)",20260220
"노인주의","단일",D000675,Clonixin,"클로닉신","[M080375]클로닉신리시네이트","필름코팅정",200002385,"클리신정(클로닉신리시네이트)(수출명:CLICIN Tab)",20001226,"오스틴제약(주)","흰색의 원형 제피정제",01140,"해열.진통.소염제","일반의약품","[M080375]클로닉신리시네이트",20210715,"","","Clonixin(클로닉신)",20181122
"노인주의","단일",D000506,Diclofenac,"디클로페낙","[M252249]디클로페낙β-디메틸아미노에탄올","용액주사제",200002445,"디베타씨주(디클로페낙β-디메틸아미노에탄올)",20001115,"대화제약(주)","무색 내지 미황색의 투명한 용액이 든 갈색 앰플",01140,"해열.진통.소염제","전문의약품","[M252249]디클로페낙β-디메틸아미노에탄올",20210715,"","","Diclofenac(디클로페낙)",20250415
"노인주의","단일",D000506,Diclofenac,"디클로페낙","[M050288]디클로페낙나트륨","피부용겔제",200004251,"스팅겔(디클로페낙나트륨)",20000907,"(주)서울제약","무색투명한 겔제",02640,"진통.진양.수렴.소염제","일반의약품","[M050288]디클로페낙나트륨",20210715,"","","Diclofenac(디클로페낙)",20241212
"노인주의","단일",D000506,Diclofenac,"디클로페낙","[M251996]디클로페낙베타디메틸아미노에탄올","용액주사제",200004637,"오스베타주2밀리리터(디클로페낙베타디메틸아미노에탄올)",20000718,"유니메드제약(주)","무색 내지 미황색의 투명한 용액이 든 갈색 앰플",01140,"해열.진통.소염제","전문의약품","[M251996]디클로페낙베타디메틸아미노에탄올",20210715,"","","Diclofenac(디클로페낙)",20250415
"노인주의","단일",D000506,Diclofenac,"디클로페낙","[M252249]디클로페낙β-디메틸아미노에탄올","용액주사제",200004912,"크낙주2밀리리터(디클로페낙베타디메틸아미노에탄올)",20001229,"대한뉴팜(주)","무색-미황색의 투명한 액이 들어있는 갈색앰플 주사제",01140,"해열.진통.소염제","전문의약품","[M252249]디클로페낙β-디메틸아미노에탄올",20210715,"","","Diclofenac(디클로페낙)",20250415
"노인주의","단일",D000506,Diclofenac,"디클로페낙","[M050288]디클로페낙나트륨","용액주사제",200100154,"로페낙주2㎖(디클로페낙나트륨)",20010711,"이연제약(주)","무색 또는 미황색의 투명한 액이 갈색 투명한 앰플에 든 주사제",01140,"해열.진통.소염제","전문의약품","[M050288]디클로페낙나트륨",20210715,"","","Diclofenac(디클로페낙)",20250415
"노인주의","단일",D000506,Diclofenac,"디클로페낙","[M252249]디클로페낙β-디메틸아미노에탄올","용액주사제",200100155,"미노브이주2mL(디클로페낙β-디메틸아미노에탄올)",20010711,"이연제약(주)","무색 미황색의 투명한 용액이 든 갈색앰플",01140,"해열.진통.소염제","전문의약품","[M252249]디클로페낙β-디메틸아미노에탄올",20210715,"","","Diclofenac(디클로페낙)",20250415
"노인주의","단일",D000086,Dexibuprofen,"덱시부프로펜","[M254719]덱시부프로펜","필름코팅정",200100323,"팍스정(덱시부프로펜)",20010329,"(주)에이프로젠바이오로직스","분홍색의 장방형 필름코팅정제",01140,"해열.진통.소염제","일반의약품","[M254719]덱시부프로펜",20210715,"","","Dexibuprofen(덱시부프로펜)",20260102
"노인주의","단일",D000086,Dexibuprofen,"덱시부프로펜","[M092057]덱시부프로펜","필름코팅정",200100417,"덱사펜정(덱시부프로펜)",20010711,"하나제약(주)","분홍색의 장방형 필름코팅정",01140,"해열.진통.소염제","일반의약품","[M092057]덱시부프로펜",20210715,"","","Dexibuprofen(덱시부프로펜)",20260102
"노인주의","단일",D000086,Dexibuprofen,"덱시부프로펜","[M092057]덱시부프로펜","필름코팅정",200100915,"애니펜정150밀리그램(덱시부프로펜)",20010410,"안국약품(주)","분홍색의 타원형 필름코팅정제",01140,"해열.진통.소염제","일반의약품","[M092057]덱시부프로펜",20210715,"","","Dexibuprofen(덱시부프로펜)",20260102
"노인주의","단일",D000086,Dexibuprofen,"덱시부프로펜","[M254719]덱시부프로펜","필름코팅정",200100922,"로노펜정(덱시부프로펜)",20010704,"태극제약(주)","주황색의 장방형 필름코팅정",01140,"해열.진통.소염제","일반의약품","[M254719]덱시부프로펜",20210715,"","","Dexibuprofen(덱시부프로펜)",20260102
"노인주의","단일",D000086,Dexibuprofen,"덱시부프로펜","[M092057]덱시부프로펜","필름코팅정",200100960,"펜타우드정(덱시부프로펜)",20010712,"(주)제뉴파마","흰색의 장방형 필름코팅정",01140,"해열.진통.소염제","일반의약품","[M092057]덱시부프로펜",20210715,"","","Dexibuprofen(덱시부프로펜)",20260102
"노인주의","단일",D000086,Dexibuprofen,"덱시부프로펜","[M254719]덱시부프로펜","필름코팅정",200101016,"데코라펜정(덱시부프로펜)",20010219,"(주)비보존제약","분홍색의 원형 필름코팅정제",01140,"해열.진통.소염제","일반의약품","[M254719]덱시부프로펜",20210715,"","","Dexibuprofen(덱시부프로펜)",20260102
"노인주의","단일",D000506,Diclofenac,"디클로페낙","[M050288]디클로페낙나트륨","용액주사제",200101500,"유니페낙주(디클로페낙나트륨) (수출명:ALFENAL Inj)",20010426,"한국유니온제약(주)","무색투명한 액이 들어있는 갈색의 앰플",01140,"해열.진통.소염제","전문의약품","[M050288]디클로페낙나트륨",20210715,"","","Diclofenac(디클로페낙)",20250415
"노인주의","단일",D000086,Dexibuprofen,"덱시부프로펜","[M240099]덱시부프로펜디.씨","필름코팅정",200101683,"덱스핀정(덱시부프로펜디.씨)",20010626,"한국유나이티드제약(주)","흰색의 타원형 필름코팅정제",01140,"해열.진통.소염제","일반의약품","[M240099]덱시부프로펜디.씨",20210715,"","","Dexibuprofen(덱시부프로펜)",20260102
"노인주의","단일",D000506,Diclofenac,"디클로페낙","[M251996]디클로페낙베타디메틸아미노에탄올","용액주사제",200102280,"다이크론주2ml(디클로페낙베타-디메틸아미노에탄올)",20010509,"한국넬슨제약(주)","무색 또는 미황색의 투명한 용액이 든 갈색앰플제",01140,"해열.진통.소염제","전문의약품","[M251996]디클로페낙베타디메틸아미노에탄올",20210715,"","","Diclofenac(디클로페낙)",20250415
"노인주의","단일",D000506,Diclofenac,"디클로페낙","[M252249]디클로페낙β-디메틸아미노에탄올","용액주사제",200102371,"페나카주사2ml(디클로페낙β-디메틸아미노에탄올)",20010119,"하나제약(주)","무색 내지 미황색의 투명한 용액이 든 갈색 앰플 주사제",01140,"해열.진통.소염제","전문의약품","[M252249]디클로페낙β-디메틸아미노에탄올",20210715,"","","Diclofenac(디클로페낙)",20250415
"노인주의","단일",D000506,Diclofenac,"디클로페낙","[M252249]디클로페낙β-디메틸아미노에탄올","용액주사제",200103036,"디크놀주사2밀리리터(디클로페낙β-디메틸아미노에탄올)",20010205,"명문제약(주)","갈색 앰플에 든 무색 ~ 미황색의 투명한 액",01140,"해열.진통.소염제","전문의약품","[M252249]디클로페낙β-디메틸아미노에탄올",20210715,"","","Diclofenac(디클로페낙)",20250415
"노인주의","단일",D000086,Dexibuprofen,"덱시부프로펜","[M092057]덱시부프로펜","필름코팅정",200103343,"팬스타정(덱시부프로펜)",20011017,"(주)서울제약","분홍색의 원형 필름코팅정",01140,"해열.진통.소염제","일반의약품","[M092057]덱시부프로펜",20210715,"","","Dexibuprofen(덱시부프로펜)",20260102
"노인주의","단일",D000086,Dexibuprofen,"덱시부프로펜","[M214134]덱시부프로펜 디.씨","필름코팅정",200103882,"프리메정(덱시부프로펜디.씨)",20010802,"한국프라임제약(주)","분홍색의 장방형 필름코팅정",01140,"해열.진통.소염제","일반의약품","[M214134]덱시부프로펜 디.씨",20210715,"","","Dexibuprofen(덱시부프로펜)",20260102
"노인주의","단일",D000506,Diclofenac,"디클로페낙","[M249599]디클로페낙디에틸암모늄","피부용겔제",200108778,"볼타렌에멀겔(디클로페낙디에틸암모늄)",20011220,"헤일리온코리아주식회사","흰색 내지 미황색의 연질의 균질한 겔",02640,"진통.진양.수렴.소염제","일반의약품","[M249599]디클로페낙디에틸암모늄",20210715,"","","Diclofenac(디클로페낙)",20241212
"노인주의","단일",D000705,Flurbiprofen,"플루르비프로펜","[M089049]플루르비프로펜","카타플라스마제",200109391,"젤존팝카타플라스마(플루르비프로펜)",20010628,"(주)오현파마코푸레이션","백색의 니상물질이 백색의 포에 전연된 카타플라스마제",02640,"진통.진양.수렴.소염제","일반의약품","[M089049]플루르비프로펜",20210715,"","","Flurbiprofen(플루르비프로펜)",20240215
"노인주의","단일",D000705,Flurbiprofen,"플루르비프로펜","[M089049]플루르비프로펜","카타플라스마제",200109402,"조아팝(플루르비프로펜)",20010126,"(주)오현파마코푸레이션","백색의 니상물질이 백색의 포에 전연된 카타플라스마제",02640,"진통.진양.수렴.소염제","일반의약품","[M089049]플루르비프로펜",20210715,"","","Flurbiprofen(플루르비프로펜)",20240215
"노인주의","단일",D000705,Flurbiprofen,"플루르비프로펜","[M089049]플루르비프로펜/[M089049]플루르비프로펜/[M089049]플루르비프로펜/[M089049]플루르비프로펜/[M089049]플루르비프로펜/[M089049]플루르비프로펜/[M089049]플루르비프로펜/[M089049]플루르비프로펜/[M089049]플루르비프로펜/[M089049]플루르비프로펜/[M089049]플루르비프로펜/[M089049]플루르비프로펜","지지체가있는첩부제",200200450,"페노스탑플라스타(플루르비프로펜)",20020308,"(주)대웅제약","이 약은 무색 투명 또는 반투명의 점착성 물질을 지지체에 도포하고 고체면에 고체피복물을 덮은 첩부제이다.",02640,"진통.진양.수렴.소염제","일반의약품","[M089049]플루르비프로펜/[M089049]플루르비프로펜/[M089049]플루르비프로펜/[M089049]플루르비프로펜/[M089049]플루르비프로펜/[M089049]플루르비프로펜/[M089049]플루르비프로펜/[M089049]플루르비프로펜/[M089049]플루르비프로펜/[M089049]플루르비프로펜/[M089049]플루르비프로펜/[M089049]플루르비프로펜",20210715,"","","Flurbiprofen(플루르비프로펜)",20240215
"노인주의","단일",D000086,Dexibuprofen,"덱시부프로펜","[M215523]덱시부프로펜 디.씨.","필름코팅정",200201329,"디프로펜정300밀리그램(덱시부프로펜디.씨.)",20021011,"한국유니온제약(주)","주황색의 장방형 필름코팅정",01140,"해열.진통.소염제","일반의약품","[M215523]덱시부프로펜 디.씨.",20210715,"","","Dexibuprofen(덱시부프로펜)",20260102
"노인주의","단일",D000086,Dexibuprofen,"덱시부프로펜","[M254719]덱시부프로펜","필름코팅정",200201695,"맥스펜정(덱시부프로펜)",20020312,"오스틴제약(주)","흰색의 장방형 필름코팅정",01140,"해열.진통.소염제","일반의약품","[M254719]덱시부프로펜",20210715,"","","Dexibuprofen(덱시부프로펜)",20260102
"노인주의","단일",D000086,Dexibuprofen,"덱시부프로펜","[M215523]덱시부프로펜 디.씨.","필름코팅정",200201784,"쎄락틸정300밀리그람(덱시부프로펜디.씨.)",20020827,"고려제약(주)","흰색의 타원형 필름코팅정제.",01140,"해열.진통.소염제","일반의약품","[M215523]덱시부프로펜 디.씨.",20210715,"","","Dexibuprofen(덱시부프로펜)",20260102
"노인주의","단일",D000086,Dexibuprofen,"덱시부프로펜","[M254719]덱시부프로펜","필름코팅정",200201831,"애스펜정(덱시부프로펜)",20021205,"영일제약(주)","분홍색의 장방형 필름코팅정",01140,"해열.진통.소염제","일반의약품","[M254719]덱시부프로펜",20210715,"","","Dexibuprofen(덱시부프로펜)",20260102
"노인주의","단일",D000086,Dexibuprofen,"덱시부프로펜","[M092057]덱시부프로펜","필름코팅정",200202148,"그리펜-에스정(덱시부프로펜)",20020827,"신일제약(주)","분홍색의 원형 필름코팅정",01140,"해열.진통.소염제","일반의약품","[M092057]덱시부프로펜",20210715,"","","Dexibuprofen(덱시부프로펜)",20260102
"노인주의","단일",D000506,Diclofenac,"디클로페낙","[M050288]디클로페낙나트륨","용액주사제",200202677,"휴온스디클로페낙나트륨주사(수출용)(수출명:DICOLONInj.,KMDICLOFENACSODIUMInj.,DICLOFENACSODIUMInj.)",20021224,"(주)휴온스","무색 투명한 앰플내의 무색 투명한 액체가 든 주사제",01140,"해열.진통.소염제","전문의약품","[M050288]디클로페낙나트륨",20210715,"","","Diclofenac(디클로페낙)",20230819
"노인주의","단일",D000086,Dexibuprofen,"덱시부프로펜","[M092057]덱시부프로펜","필름코팅정",200202755,"에스프로펜정(덱시부프로펜)",20021010,"(주)유영제약","주황색의 원형 필름코팅정제",01140,"해열.진통.소염제","일반의약품","[M092057]덱시부프로펜",20210715,"","","Dexibuprofen(덱시부프로펜)",20260102
"노인주의","단일",D000675,Clonixin,"클로닉신","[M080375]클로닉신리시네이트","필름코팅정",200204384,"클로닉정125밀리그램(클로닉신리시네이트)",20021212,"화일약품(주)","분홍색의 장방형 필름코팅정제",01140,"해열.진통.소염제","일반의약품","[M080375]클로닉신리시네이트",20210715,"","","Clonixin(클로닉신)",20181205
"노인주의","단일",D000705,Flurbiprofen,"플루르비프로펜","[M089049]플루르비프로펜","카타플라스마제",200210298,"다나펜카타플라스마(플루르비프로펜)",20021004,"(주)재우스팜","백색의 니상물질이 백색의 포에 전연된 카타플라스마제",02640,"진통.진양.수렴.소염제","일반의약품","[M089049]플루르비프로펜",20210715,"","","Flurbiprofen(플루르비프로펜)",20240215
"노인주의","단일",D000705,Flurbiprofen,"플루르비프로펜","[M089049]플루르비프로펜/[M089049]플루르비프로펜","지지체가있는첩부제",200301037,"페노크린첩부제(플루르비프로펜)",20030725,"신신제약(주)","이 약은 유백색의 점착성 물질을 살색 린트포에 도포하고(바르고) 고체면에 박리지를 덮은 첩부제이다",02640,"진통.진양.수렴.소염제","일반의약품","[M089049]플루르비프로펜/[M089049]플루르비프로펜",20210715,"","","Flurbiprofen(플루르비프로펜)",20240215
"노인주의","단일",D000705,Flurbiprofen,"플루르비프로펜","[M089049]플루르비프로펜","지지체가있는첩부제",200301501,"플록펜첩부제(플루르비프로펜)",20030515,"대화제약(주)","무색투명의 점착성물질을 살구색 린트포에 도포하여 고체면에 박리지를 덮은 첩부제",02640,"진통.진양.수렴.소염제","일반의약품","[M089049]플루르비프로펜",20210715,"","","Flurbiprofen(플루르비프로펜)",20240215
"노인주의","단일",D000705,Flurbiprofen,"플루르비프로펜","[M089049]플루르비프로펜/[M089049]플루르비프로펜/[M089049]플루르비프로펜/[M089049]플루르비프로펜/[M089049]플루르비프로펜/[M089049]플루르비프로펜/[M089049]플루르비프로펜","지지체가있는첩부제",200301784,"투어펜플라스타(플루르비프로펜)",20030819,"신일제약(주)","(1, 2 처방)· N, C, H-Type : 무색 내지 미황색의 점착성 물질을 지지체에 도포하고 고체면에 박리성필름을 덮은 첩부제· L-Type : 무색 내지 미황색의 점착성 물질을 지지체에 도포하고 고체면에 박리성필름을 덮은 라벤더 특유의 향을 가진 첩부제· A-Type : 무색 내지 미황색의 점착성 물질을 지지체에 도포하고 고체면에 박리성필름을 덮은 쑥향 특유의 향을 가진 첩부제수출용(1 처방) · C-Type : 무색 내지 미황색의 점착성 물질을 지지체에 도포하고 고체면에 박리성필름을 덮은 첩부제",02640,"진통.진양.수렴.소염제","일반의약품","[M089049]플루르비프로펜/[M089049]플루르비프로펜/[M089049]플루르비프로펜/[M089049]플루르비프로펜/[M089049]플루르비프로펜/[M089049]플루르비프로펜/[M089049]플루르비프로펜",20210715,"","","Flurbiprofen(플루르비프로펜)",20240215
"노인주의","단일",D000506,Diclofenac,"디클로페낙","[M050288]디클로페낙나트륨","점안용액제",200301867,"클로페낙점안액(디클로페낙나트륨)",20030129,"삼천당제약(주)","무색 내지 미황색의 맑은 용액이 투명성 있는 용기에 든 점안제",01310,"안과용제","전문의약품","[M050288]디클로페낙나트륨",20210715,"","","Diclofenac(디클로페낙)",20241212
"노인주의","단일",D000705,Flurbiprofen,"플루르비프로펜","[M089049]플루르비프로펜/[M089049]플루르비프로펜/[M089049]플루르비프로펜","카타플라스마제",200302065,"플루펜카타플라스마(플루르비프로펜)",20031031,"(주)티디에스팜","제1형, 제2형) 이 약은 특유한 향기를 가진 무색 또는 엷은 노란색의 투명한 점착성 물질을 지지체 위에 도포하고 부직점착테이프를 고정 시킨 후 피복체를 덮은 카타플라스마제이다.제3형) 이 약은 특유한 향기를 가진 검정색의 점착성 물질을 지지체 위에 도포하고 부직점착테이프를 고정 시킨 후 피복체를 덮은 카타플라스마제이다.",02640,"진통.진양.수렴.소염제","일반의약품","[M089049]플루르비프로펜/[M089049]플루르비프로펜/[M089049]플루르비프로펜",20210715,"","","Flurbiprofen(플루르비프로펜)",20240215
"노인주의","단일",D000086,Dexibuprofen,"덱시부프로펜","[M092057]덱시부프로펜","연질캡슐제, 액상",200302371,"에스빌연질캡슐(덱시부프로펜)",20031010,"(주)알피바이오","무색 내지 연한 청색의 투명한 내용물이 든 청색의 투명한 타원형 연질캡슐",01140,"해열.진통.소염제","일반의약품","[M092057]덱시부프로펜",20210715,"","","Dexibuprofen(덱시부프로펜)",20260102
"노인주의","단일",D000086,Dexibuprofen,"덱시부프로펜","[M214134]덱시부프로펜 디.씨","필름코팅정",200302482,"디부루펜정400밀리그램(덱시부프로펜디.씨)",20031101,"유니메드제약(주)","흰색의 장방형 필름코팅정",01140,"해열.진통.소염제","전문의약품","[M214134]덱시부프로펜 디.씨",20210715,"","","Dexibuprofen(덱시부프로펜)",20260102
"노인주의","단일",D000086,Dexibuprofen,"덱시부프로펜","[M092057]덱시부프로펜","필름코팅정",200400135,"덱시로펜정(덱시부프로펜)",20040722,"동광제약(주)","분홍색의 장방형 필름코팅정",01140,"해열.진통.소염제","일반의약품","[M092057]덱시부프로펜",20210715,"","","Dexibuprofen(덱시부프로펜)",20260102
"노인주의","단일",D000086,Dexibuprofen,"덱시부프로펜","[M092057]덱시부프로펜","연질캡슐제, 액상",200400485,"이지엔6프로연질캡슐(덱시부프로펜)(수출명:DAUFENSoftCapsule,SPEEDFEN)",20041007,"(주)대웅제약","무색 내지 연한 청색의 투명한 내용물이 든 청색의 투명한 타원형 연질캡슐",01140,"해열.진통.소염제","일반의약품","[M092057]덱시부프로펜",20210715,"","","Dexibuprofen(덱시부프로펜)",20260102
"노인주의","단일",D000506,Diclofenac,"디클로페낙","[M050288]디클로페낙나트륨","용액주사제",200400583,"제일제약디클로페낙나트륨주사액2.5%(수출용)",20040227,"(주)제일제약","무색 투명한 액이 든 갈색 투명한 앰플주사제",01140,"해열.진통.소염제","전문의약품","[M050288]디클로페낙나트륨",20210715,"","","Diclofenac(디클로페낙)",20230819
"노인주의","단일",D000086,Dexibuprofen,"덱시부프로펜","[M092057]덱시부프로펜","연질캡슐제, 액상",200401219,"데코라펜연질캡슐(덱시부프로펜)",20041011,"(주)비보존제약","무색 내지 미황색의 투명한 내용물을 함유하는 투명의 장방형 연질캡슐제",01140,"해열.진통.소염제","일반의약품","[M092057]덱시부프로펜",20210715,"","","Dexibuprofen(덱시부프로펜)",20260102
"노인주의","단일",D000675,Clonixin,"클로닉신","[M104025]클로닉신리시네이트","필름코팅정",200401859,"아도손정(클로닉신리시네이트)(수출명)",20040708,"(주)셀릭스","적갈색의 타원형의 필름코팅 정제",01140,"해열.진통.소염제","일반의약품","[M104025]클로닉신리시네이트",20210715,"","","Clonixin(클로닉신)",20121031
"노인주의","단일",D000675,Clonixin,"클로닉신","[M080375]클로닉신리시네이트","필름코팅정",200403983,"크로닌정(클로닉신리시네이트)(수출용)",20040119,"한국프라임제약(주)","주황색의 원형 필름코팅정",01140,"해열.진통.소염제","일반의약품","[M080375]클로닉신리시네이트",20210715,"","","Clonixin(클로닉신)",20200729
"노인주의","단일",D000705,Flurbiprofen,"플루르비프로펜","[M089049]플루르비프로펜","지지체가있는첩부제",200500298,"노펜첩부제(플루르비프로펜)",20050810,"제이더블유중외제약(주)","미황색의 점착성물질을 살구색 린트포상에 도포하여 점착면에 박리지를 덮은 첩부제",02640,"진통.진양.수렴.소염제","일반의약품","[M089049]플루르비프로펜",20210715,"","","Flurbiprofen(플루르비프로펜)",20240215
"노인주의","단일",D000675,Clonixin,"클로닉신","[M080375]클로닉신리시네이트/[M080375]클로닉신리시네이트","필름코팅정",200500646,"마더스클로닉신리신정250mg(클로닉신리시네이트)(수출용)",20050331,"(주)마더스제약","황색의 원형 필름코팅정",01140,"해열.진통.소염제","일반의약품","[M080375]클로닉신리시네이트/[M080375]클로닉신리시네이트",20210715,"","","Clonixin(클로닉신)",20180705
"노인주의","단일",D000506,Diclofenac,"디클로페낙","[M249599]디클로페낙디에틸암모늄","지지체가있는첩부제",200501177,"맨담디클론첩부제(디클로페낙디에틸암모늄)",20050217,"(주)보령","엷은 노란색의 점착성 물질을 살구색 린트포에 도포하여 고체면에 박리지를 덮은 첩부제.",02640,"진통.진양.수렴.소염제","일반의약품","[M249599]디클로페낙디에틸암모늄",20210715,"","","Diclofenac(디클로페낙)",20241212
"노인주의","단일",D000705,Flurbiprofen,"플루르비프로펜","[M089049]플루르비프로펜","지지체가있는첩부제",200501213,"조인업첩부제(플루르비프로펜)",20050111,"일양약품(주)","이 약은 무색투명한 점착성 물질을 지지체에 도포하고 고체면에 박리지를 덮은 첩부제이다",02640,"진통.진양.수렴.소염제","일반의약품","[M089049]플루르비프로펜",20210715,"","","Flurbiprofen(플루르비프로펜)",20240215
"노인주의","단일",D000086,Dexibuprofen,"덱시부프로펜","[M214134]덱시부프로펜 디.씨","필름코팅정",200502035,"덱시부정400mg(덱시부프로펜디.씨)",20050215,"(주)팜젠사이언스","분홍색 장방형의 필름코팅정제",01140,"해열.진통.소염제","전문의약품","[M214134]덱시부프로펜 디.씨",20210715,"","","Dexibuprofen(덱시부프로펜)",20260102
"노인주의","단일",D000506,Diclofenac,"디클로페낙","[M252249]디클로페낙β-디메틸아미노에탄올","용액주사제",200502687,"뉴베타주2mL(디클로페낙β-디메틸아미노에탄올)",20050422,"케이엠에스제약(주)","무색～미황색의 투명한 액이 들어있는 갈색 앰플제",01140,"해열.진통.소염제","전문의약품","[M252249]디클로페낙β-디메틸아미노에탄올",20210715,"","","Diclofenac(디클로페낙)",20250415
"노인주의","단일",D000705,Flurbiprofen,"플루르비프로펜","[M089049]플루르비프로펜/[M089049]플루르비프로펜/[M089049]플루르비프로펜","카타플라스마제",200503344,"푸로펜카타플라스마(플루르비프로펜)",20050711,"대화제약(주)","(내수용, 8cmⅹ12cm, 9cmⅹ13cm) 연한 분홍색 또는 분홍색의 점착성의 고체를 부직포 위에 도포하고 뒷면에 밀착포를 부착한 특유한 향기를 가진 카타플라스마제  (수출용, 10cmⅹ14cm) 무색 투명한 점착성 고체를 린트포 위에 도포하고 특유한 향기를 가진 카타플라스마제",02640,"진통.진양.수렴.소염제","일반의약품","[M089049]플루르비프로펜/[M089049]플루르비프로펜/[M089049]플루르비프로펜",20210715,"","","Flurbiprofen(플루르비프로펜)",20240215
"노인주의","단일",D000086,Dexibuprofen,"덱시부프로펜","[M092057]덱시부프로펜/[M092057]덱시부프로펜","연질캡슐제, 액상",200512203,"솔루펜연질캡슐(덱시부프로펜)",20051101,"현대약품(주)","1처방: 무색 내지 연한 청색의 투명한 내용물이 든 청색의 투명한 타원형 연질캡슐2처방: 무색 액상 내용물을 함유한 투명한 타원형 연질캡슐",01140,"해열.진통.소염제","일반의약품","[M092057]덱시부프로펜/[M092057]덱시부프로펜",20210715,"","","Dexibuprofen(덱시부프로펜)",20260102
"노인주의","단일",D000705,Flurbiprofen,"플루르비프로펜","[M089049]플루르비프로펜/[M089049]플루르비프로펜","지지체가있는첩부제",200600083,"프로디펜첩부제(플루르비프로펜)",20060223,"일동제약(주)","미황색의 점착성 물질을 살구색 린트포상에 도포하여 점착면에 박리지를 덮은 첩부제",02640,"진통.진양.수렴.소염제","일반의약품","[M089049]플루르비프로펜/[M089049]플루르비프로펜",20210715,"","","Flurbiprofen(플루르비프로펜)",20240215
"노인주의","단일",D000705,Flurbiprofen,"플루르비프로펜","[M089049]플루르비프로펜","지지체가있는첩부제",200600110,"제일탑첩부제(플루르비프로펜)",20060310,"제일헬스사이언스(주)","이 약은 무색 투명 또는 반투명의 점착성 물질을 지지체에 도포하고(바르고) 고체면에 박리지를 덮은 첩부제이다",02640,"진통.진양.수렴.소염제","일반의약품","[M089049]플루르비프로펜",20210715,"","","Flurbiprofen(플루르비프로펜)",20240215
"노인주의","단일",D000506,Diclofenac,"디클로페낙","[M252249]디클로페낙β-디메틸아미노에탄올","용액주사제",200600327,"유니페낙에프주(디클로페낙β-디메틸아미노에탄올)",20060126,"한국유니온제약(주)","무색～미황색의 투명한 액이 들어있는 갈색의 앰플주사제",01140,"해열.진통.소염제","전문의약품","[M252249]디클로페낙β-디메틸아미노에탄올",20210715,"","","Diclofenac(디클로페낙)",20250415
"노인주의","단일",D000463,Etodolac,"에토돌락","[M083240]에토돌락","경질캡슐제, 산제",200600340,"에토락캡슐(에토돌락)(수출용)",20060313,"한국유니온제약(주)","흰색의 과립 내지 가루가 든 상부 적갈색, 하부 흰색의 경질캡슐",01140,"해열.진통.소염제","전문의약품","[M083240]에토돌락",20210715,"","","Etodolac(에토돌락)",20080307
"노인주의","단일",D000506,Diclofenac,"디클로페낙","[M102665]디클로페낙에폴아민","카타플라스마제",200600735,"에폴민카타플라스마(디클로페낙에폴아민)",20060113,"대화제약(주)","연한 분홍색 또는 분홍색의 점착성 고체를 부직포 위에 도포하고 뒷면에 밀착포를 부착한 특유한 향기를 가진 카타플라스마제",02640,"진통.진양.수렴.소염제","일반의약품","[M102665]디클로페낙에폴아민",20210715,"","","Diclofenac(디클로페낙)",20241212
"노인주의","단일",D000463,Etodolac,"에토돌락","[M257127]미분화에토돌락","경질캡슐제, 산제",200605375,"에즈빌캡슐(미분화에토돌락)(수출용)",20060523,"(주)바이넥스","백색 또는 유백색의 가루가 든 상부 엷은 청색, 하부 백색의 캡슐제",01140,"해열.진통.소염제","전문의약품","[M257127]미분화에토돌락",20210715,"","","Etodolac(에토돌락)",20201229
"노인주의","단일",D000086,Dexibuprofen,"덱시부프로펜","[M092057]덱시부프로펜","액상시럽제",200608160,"맥시부펜시럽(덱시부프로펜)",20060704,"한미약품(주)","갈색 유리병 또는 흰색의 플라스틱 병에 든 포도향을 가진 연한 빨간색 내지 연한 주황색의 시럽제이다.",01140,"해열.진통.소염제","일반의약품","[M092057]덱시부프로펜",20210715,"","","Dexibuprofen(덱시부프로펜)",20260102
"노인주의","단일",D000705,Flurbiprofen,"플루르비프로펜","[M089049]플루르비프로펜/[M089049]플루르비프로펜/[M089049]플루르비프로펜/[M089049]플루르비프로펜","지지체가있는첩부제",200612147,"팝업플라스타(플루르비프로펜)",20061204,"(주)에이프로젠바이오로직스","이 약은 무색 투명 또는 반투명의 점착성 물질을 지지체에 도포하고 고체면에 고체피복물을 덮은 첩부제이다.",02640,"진통.진양.수렴.소염제","일반의약품","[M089049]플루르비프로펜/[M089049]플루르비프로펜/[M089049]플루르비프로펜/[M089049]플루르비프로펜",20210715,"","","Flurbiprofen(플루르비프로펜)",20240215
"노인주의","단일",D000086,Dexibuprofen,"덱시부프로펜","[M092057]덱시부프로펜","필름코팅정",200700876,"파날디정(덱시부프로펜)",20070122,"초당약품공업(주)","흰색 타원형의 필름코팅정",01140,"해열.진통.소염제","일반의약품","[M092057]덱시부프로펜",20210715,"","","Dexibuprofen(덱시부프로펜)",20260102
"노인주의","단일",D000506,Diclofenac,"디클로페낙","[M249599]디클로페낙디에틸암모늄","지지체가있는첩부제",200705800,"노펜24첩부제(디클로페낙디에틸암모늄)",20070518,"제이더블유중외제약(주)","엷은 노란색의 점착성 물질을 살구색린트포에 도포하여 고체면에 박리지를 덮은 첩부제",02640,"진통.진양.수렴.소염제","일반의약품","[M249599]디클로페낙디에틸암모늄",20210715,"","","Diclofenac(디클로페낙)",20241212
"노인주의","단일",D000705,Flurbiprofen,"플루르비프로펜","[M089049]플루르비프로펜","지지체가있는첩부제",200706027,"파워스탑플라스타(플루르비프로펜)",20070528,"경남제약(주)","무색투명의 점착성물질을 살구색린트포에 도포하여 고체면에 박리지를 덮은 첩부제",02640,"진통.진양.수렴.소염제","일반의약품","[M089049]플루르비프로펜",20210715,"","","Flurbiprofen(플루르비프로펜)",20240215
"노인주의","단일",D000705,Flurbiprofen,"플루르비프로펜","[M089049]플루르비프로펜/[M089049]플루르비프로펜/[M089049]플루르비프로펜/[M089049]플루르비프로펜/[M089049]플루르비프로펜/[M089049]플루르비프로펜/[M089049]플루르비프로펜/[M089049]플루르비프로펜/[M089049]플루르비프로펜/[M089049]플루르비프로펜/[M089049]플루르비프로펜/[M089049]플루르비프로펜/[M089049]플루르비프로펜/[M089049]플루르비프로펜/[M089049]플루르비프로펜/[M089049]플루르비프로펜/[M089049]플루르비프로펜/[M089049]플루르비프로펜/[M089049]플루르비프로펜/[M089049]플루르비프로펜/[M089049]플루르비프로펜/[M089049]플루르비프로펜/[M089049]플루르비프로펜/[M089049]플루르비프로펜/[M089049]플루르비프로펜/[M089049]플루르비프로펜/[M089049]플루르비프로펜/[M089049]플루르비프로펜","지지체가있는첩부제",200706340,"플럭스플라스타(플루르비프로펜, 수출명:플럭스(Flux), 플루펜(Flufen), 더마펜(Dermafen),플루르비덤( Flurbiderm), 렉스펜(Rexfen), 아티펜(Artifen))",20070601,"아이큐어(주)","이 약은 무색 투명 또는 반투명의 점착성 물질을 지지체에 도포하고 고체면에 고체피복물을 덮은 첩부제이다",02640,"진통.진양.수렴.소염제","일반의약품","[M089049]플루르비프로펜/[M089049]플루르비프로펜/[M089049]플루르비프로펜/[M089049]플루르비프로펜/[M089049]플루르비프로펜/[M089049]플루르비프로펜/[M089049]플루르비프로펜/[M089049]플루르비프로펜/[M089049]플루르비프로펜/[M089049]플루르비프로펜/[M089049]플루르비프로펜/[M089049]플루르비프로펜/[M089049]플루르비프로펜/[M089049]플루르비프로펜/[M089049]플루르비프로펜/[M089049]플루르비프로펜/[M089049]플루르비프로펜/[M089049]플루르비프로펜/[M089049]플루르비프로펜/[M089049]플루르비프로펜/[M089049]플루르비프로펜/[M089049]플루르비프로펜/[M089049]플루르비프로펜/[M089049]플루르비프로펜/[M089049]플루르비프로펜/[M089049]플루르비프로펜/[M089049]플루르비프로펜/[M089049]플루르비프로펜",20210715,"","","Flurbiprofen(플루르비프로펜)",20240215
"노인주의","단일",D000696,Dexketoprofen,"덱스케토프로펜","[M213126]덱스케토프로펜트로메타몰","용액주사제",200706794,"케랄주(덱스케토프로펜트로메타몰)",20070612,"현대약품(주)","이 약은 무색투명한 액이 황갈색 유리 앰플에 든 주사제이다.",01140,"해열.진통.소염제","전문의약품","[M213126]덱스케토프로펜트로메타몰",20210715,"","","Dexketoprofen(덱스케토프로펜)",20200724
"노인주의","단일",D000086,Dexibuprofen,"덱시부프로펜","[M214134]덱시부프로펜 디.씨","필름코팅정",200708961,"덱시펜정(덱시부프로펜디.씨)",20070801,"(주)셀릭스","분홍색 장방형의 필름코팅정",01140,"해열.진통.소염제","전문의약품","[M214134]덱시부프로펜 디.씨",20210715,"","","Dexibuprofen(덱시부프로펜)",20260102
"노인주의","단일",D000086,Dexibuprofen,"덱시부프로펜","[M215523]덱시부프로펜 디.씨.","필름코팅정",200709010,"다산덱시부프로펜정400밀리그램(덱시부프로펜디.씨)",20070803,"(주)다산제약","분홍색 장방형의 필름코팅정",01140,"해열.진통.소염제","전문의약품","[M215523]덱시부프로펜 디.씨.",20210715,"","","Dexibuprofen(덱시부프로펜)",20260102
"노인주의","단일",D000086,Dexibuprofen,"덱시부프로펜","[M215523]덱시부프로펜 디.씨.","필름코팅정",200709249,"자이펜정(덱시부프로펜 디.씨.)",20070808,"(주)일화","흰색 장방형의 필름코팅정",01140,"해열.진통.소염제","전문의약품","[M215523]덱시부프로펜 디.씨.",20210715,"","","Dexibuprofen(덱시부프로펜)",20260102
"노인주의","단일",D000086,Dexibuprofen,"덱시부프로펜","[M215523]덱시부프로펜 디.씨.","필름코팅정",200709253,"덱스리펜정(덱시부프로펜 디.씨.)",20070808,"알리코제약(주)","흰색 장방형의 필름코팅정",01140,"해열.진통.소염제","전문의약품","[M215523]덱시부프로펜 디.씨.",20210715,"","","Dexibuprofen(덱시부프로펜)",20260102
"노인주의","단일",D000675,Clonixin,"클로닉신","[M080375]클로닉신리시네이트","필름코팅정",200709256,"알파클로닉신리신정",20070808,"알파제약(주)","연한 청색의 원형 필름코팅정",01140,"해열.진통.소염제","일반의약품","[M080375]클로닉신리시네이트",20210715,"","","Clonixin(클로닉신)",20120128
"노인주의","단일",D000086,Dexibuprofen,"덱시부프로펜","[M254719]덱시부프로펜","필름코팅정",200709318,"아이소펜정(덱시부프로펜)",20070808,"한국휴텍스제약(주)","흰색 장방형의 필름코팅정제",01140,"해열.진통.소염제","전문의약품","[M254719]덱시부프로펜",20210715,"","","Dexibuprofen(덱시부프로펜)",20260102
"노인주의","단일",D000086,Dexibuprofen,"덱시부프로펜","[M214134]덱시부프로펜 디.씨","필름코팅정",200709527,"올스펜정(덱시부프로펜 디.씨)",20070816,"(주)아이월드제약","분홍색 장방형의 필름코팅정제",01140,"해열.진통.소염제","전문의약품","[M214134]덱시부프로펜 디.씨",20210715,"","","Dexibuprofen(덱시부프로펜)",20260102
"노인주의","단일",D000086,Dexibuprofen,"덱시부프로펜","[M215523]덱시부프로펜 디.씨.","필름코팅정",200709908,"덱타론정400밀리그램(덱시부프로펜 디.씨.)",20070828,"(주)넥스팜코리아","흰색 장방형의 필름코팅정제",01140,"해열.진통.소염제","전문의약품","[M215523]덱시부프로펜 디.씨.",20210715,"","","Dexibuprofen(덱시부프로펜)",20260102
"노인주의","단일",D000086,Dexibuprofen,"덱시부프로펜","[M215523]덱시부프로펜 디.씨.","필름코팅정",200709915,"덱시핀정(덱시부프로펜디.씨)",20070829,"주식회사제뉴원사이언스","분홍색의 타원형 필름코팅정",01140,"해열.진통.소염제","전문의약품","[M215523]덱시부프로펜 디.씨.",20210715,"","","Dexibuprofen(덱시부프로펜)",20260102
"노인주의","단일",D000086,Dexibuprofen,"덱시부프로펜","[M092057]덱시부프로펜","서방성필름코팅정",200710817,"맥시부펜이알정300밀리그램(덱시부프로펜)",20070927,"한미약품(주)","흰색의 장방형 필름코팅 서방정",01140,"해열.진통.소염제","일반의약품","[M092057]덱시부프로펜",20210715,"","","Dexibuprofen(덱시부프로펜)",20260102
"노인주의","단일",D000675,Clonixin,"클로닉신","[M080375]클로닉신리시네이트","필름코팅정",200801836,"페릭신정(클로닉신리시네이트)",20080215,"명문제약(주)","등황색의 원형필름코팅정제",01140,"해열.진통.소염제","일반의약품","[M080375]클로닉신리시네이트",20210715,"","","Clonixin(클로닉신)",20170830
"노인주의","단일",D000463,Etodolac,"에토돌락","[M083240]에토돌락/[M083240]에토돌락","경질캡슐제, 산제",200802062,"코즈민캡슐(에토돌락)(수출용)",20080222,"(주)바이넥스","백색 내지 유백색의 분말이 충진된 상,하부 청색의 경질캡슐제",01140,"해열.진통.소염제","일반의약품","[M083240]에토돌락/[M083240]에토돌락",20210715,"","","Etodolac(에토돌락)",20201221
"노인주의","단일",D000506,Diclofenac,"디클로페낙","[M050288]디클로페낙나트륨","장용성필름코팅정",200802500,"타이페낙정50밀리그람(디클로페낙나트륨)(수출용)",20080304,"알파제약(주)","분홍색의 원형 장용성 필름코팅정",01140,"해열.진통.소염제","전문의약품","[M050288]디클로페낙나트륨",20210715,"","","Diclofenac(디클로페낙)",20260220
"노인주의","단일",D000506,Diclofenac,"디클로페낙","[M050288]디클로페낙나트륨","장용성필름코팅정",200804331,"파마디클로페낙나트륨정(수출용)",20080421,"(주)한국파마","황색의 장방형으로 된 장용피 정제이다.",01140,"해열.진통.소염제","전문의약품","[M050288]디클로페낙나트륨",20210715,"","","Diclofenac(디클로페낙)",20260220
"노인주의","단일",D000506,Diclofenac,"디클로페낙","[M050288]디클로페낙나트륨","장용성필름코팅정",200806883,"디페트정50mg(디클로페낙나트륨)(수출용)",20080623,"한국코러스(주)","황색의 원형 장용성 제피정",01140,"해열.진통.소염제","전문의약품","[M050288]디클로페낙나트륨",20210715,"","","Diclofenac(디클로페낙)",20260220
"노인주의","단일",D000506,Diclofenac,"디클로페낙","[M050288]디클로페낙나트륨","장용성필름코팅정",200807225,"디페트정100mg(디클로페낙나트륨)(수출용)",20080630,"한국코러스(주)","1.황색의 장방형으로 된 장용피 정제2.황색의 원형으로 된 장용피 정제",01140,"해열.진통.소염제","전문의약품","[M050288]디클로페낙나트륨",20210715,"","","Diclofenac(디클로페낙)",20260220
"노인주의","단일",D000506,Diclofenac,"디클로페낙","[M050288]디클로페낙나트륨","용액주사제",200807920,"코페낙주3밀리리터(디클로페낙나트륨)(수출용)",20080718,"한국코러스(주)","무색투명한 액이 들어있는 무색투명한 앰플",01140,"해열.진통.소염제","전문의약품","[M050288]디클로페낙나트륨",20210715,"","","Diclofenac(디클로페낙)",20230819
"노인주의","단일",D000086,Dexibuprofen,"덱시부프로펜","[M254719]덱시부프로펜","연질캡슐제, 액상",200808462,"덱시원연질캡슐(덱시부프로펜)",20080806,"한국코러스(주)","무색의 투명한 액이 든 연한 청록색의 투명한 달걀형 연질캡슐",01140,"해열.진통.소염제","일반의약품","[M254719]덱시부프로펜",20210715,"","","Dexibuprofen(덱시부프로펜)",20260102
"노인주의","단일",D000086,Dexibuprofen,"덱시부프로펜","[M092057]덱시부프로펜","연질캡슐제, 액상",200809274,"덱시부펜연질캡슐(덱시부프로펜)",20080905,"제일헬스사이언스(주)","무색 내지 연한 청색의 투명한 내용물이 든 청색의 투명한 타원형 연질캡슐",01140,"해열.진통.소염제","일반의약품","[M092057]덱시부프로펜",20210715,"","","Dexibuprofen(덱시부프로펜)",20260102
"노인주의","단일",D000086,Dexibuprofen,"덱시부프로펜","[M092057]덱시부프로펜","연질캡슐제, 액상",200900041,"덱시엔연질캡슐(덱시부프로펜)",20090102,"에스케이케미칼(주)","무색 내지 연한 청색의 투명한 내용물이 든 청색의 투명한 타원형 연질캡슐",01140,"해열.진통.소염제","일반의약품","[M092057]덱시부프로펜",20210715,"","","Dexibuprofen(덱시부프로펜)",20260102
"노인주의","단일",D000086,Dexibuprofen,"덱시부프로펜","[M092057]덱시부프로펜/[M092057]덱시부프로펜","연질캡슐제, 액상",200900682,"굿스펜연질캡슐(덱시부프로펜)",20090116,"광동제약(주)","[내수용] 무색 내지 미색의 투명한 액상 내용물을 함유한 투명한 장방형 연질캡슐[수출용] 미황색의 투명한 유상내용물이 든 주황색의 투명한 타원형 연질캡슐",01140,"해열.진통.소염제","일반의약품","[M092057]덱시부프로펜/[M092057]덱시부프로펜",20210715,"","","Dexibuprofen(덱시부프로펜)",20260102
"노인주의","단일",D000675,Clonixin,"클로닉신","[M080375]클로닉신리시네이트","필름코팅정",200901146,"뉴클로정(클로닉신리시네이트)",20090209,"한솔신약(주)","분홍색의 장방형 필름코팅정제",01140,"해열.진통.소염제","일반의약품","[M080375]클로닉신리시네이트",20210715,"","","Clonixin(클로닉신)",20200630
"노인주의","단일",D000086,Dexibuprofen,"덱시부프로펜","[M092057]덱시부프로펜","연질캡슐제, 액상",200902364,"이프렌에스연질캡슐(덱시부프로펜)",20090401,"삼진제약(주)","무색 내지 연한 청록색의 투명한 내용물이 든 연청록색의 투명한 장방형 연질캡슐",01140,"해열.진통.소염제","일반의약품","[M092057]덱시부프로펜",20210715,"","","Dexibuprofen(덱시부프로펜)",20260102
"노인주의","단일",D000675,Clonixin,"클로닉신","[M080375]클로닉신리시네이트","필름코팅정",200903081,"유닉신정(클로닉신리시네이트)",20090430,"태극제약(주)","빨간 갈색의 원형 필름코팅정",01140,"해열.진통.소염제","일반의약품","[M080375]클로닉신리시네이트",20210715,"","","Clonixin(클로닉신)",20201015
"노인주의","단일",D000086,Dexibuprofen,"덱시부프로펜","[M092057]덱시부프로펜","연질캡슐제, 액상",200903482,"릴리펜덱시연질캡슐(덱시부프로펜)",20090521,"(주)동구바이오제약","무색 내지 연한 녹색의 투명한 액상 내용물을 함유한 녹색의 장방형 연질캡슐",01140,"해열.진통.소염제","일반의약품","[M092057]덱시부프로펜",20210715,"","","Dexibuprofen(덱시부프로펜)",20260102
"노인주의","단일",D000086,Dexibuprofen,"덱시부프로펜","[M254719]덱시부프로펜","연질캡슐제, 액상",200903668,"에스빈연질캡슐(덱시부프로펜)",20090525,"한솔신약(주)","무색의 투명한 액이 든 연한 청록색의 투명한 달걀형 연질캡슐",01140,"해열.진통.소염제","일반의약품","[M254719]덱시부프로펜",20210715,"","","Dexibuprofen(덱시부프로펜)",20260102
"노인주의","단일",D000086,Dexibuprofen,"덱시부프로펜","[M092057]덱시부프로펜","연질캡슐제, 액상",200904082,"로노펜300연질캡슐(덱시부프로펜)",20090611,"태극제약(주)","무색 내지 연한 청색의 투명한 내용물이 든 청색의 투명한 타원형 연질캡슐",01140,"해열.진통.소염제","일반의약품","[M092057]덱시부프로펜",20210715,"","","Dexibuprofen(덱시부프로펜)",20260102
"노인주의","단일",D000086,Dexibuprofen,"덱시부프로펜","[M092057]덱시부프로펜","연질캡슐제, 액상",200904441,"프로펜디연질캡슐(덱시부프로펜)",20090624,"(주)서흥","무색 내지 미황색의 투명한 내용물을 함유하는 투명의 장방형 연질캡슐제",01140,"해열.진통.소염제","일반의약품","[M092057]덱시부프로펜",20210715,"","","Dexibuprofen(덱시부프로펜)",20260102
"노인주의","단일",D000086,Dexibuprofen,"덱시부프로펜","[M092057]덱시부프로펜","연질캡슐제, 액상",200904632,"맥시쿨펜연질캡슐(덱시부프로펜)",20090629,"(주)에이프로젠바이오로직스","무색 내지 연한 청색의 투명한 내용물이 든 청색의 투명한 타원형 연질캡슐",01140,"해열.진통.소염제","일반의약품","[M092057]덱시부프로펜",20210715,"","","Dexibuprofen(덱시부프로펜)",20260102
"노인주의","단일",D000086,Dexibuprofen,"덱시부프로펜","[M092057]덱시부프로펜","연질캡슐제, 액상",200904881,"페인엔젤-프로연질캡슐(덱시부프로펜)",20090703,"제이더블유중외제약(주)","무색 내지 연한 청색의 투명한 내용물이 든 청색의 투명한 타원형 연질캡슐",01140,"해열.진통.소염제","일반의약품","[M092057]덱시부프로펜",20210715,"","","Dexibuprofen(덱시부프로펜)",20260102
"노인주의","단일",D000086,Dexibuprofen,"덱시부프로펜","[M092057]덱시부프로펜","연질캡슐제, 액상",200905055,"디퓨텐연질캡슐(덱시부프로펜)",20090708,"동성제약(주)","무색 내지 미황색의 투명한 내용물을 함유하는  투명의 장방형 연질캡슐제",01140,"해열.진통.소염제","일반의약품","[M092057]덱시부프로펜",20210715,"","","Dexibuprofen(덱시부프로펜)",20260102
"노인주의","단일",D000086,Dexibuprofen,"덱시부프로펜","[M212364]덱시부프로펜디씨","필름코팅정",200905162,"덱시로그펜정(덱시부프로펜디.씨)(수출용)",20090710,"(주)마더스제약","분홍색장방형의 필름코팅정제",01140,"해열.진통.소염제","전문의약품","[M212364]덱시부프로펜디씨",20210715,"","","Dexibuprofen(덱시부프로펜)",20260102
"노인주의","단일",D000086,Dexibuprofen,"덱시부프로펜","[M092057]덱시부프로펜","연질캡슐제, 액상",200905196,"프리엔연질캡슐(덱시부프로펜)",20090710,"동국제약(주)","무색의 투명한 액이 든 연한 청록색의 투명한 달걀형 연질캡슐",01140,"해열.진통.소염제","일반의약품","[M092057]덱시부프로펜",20210715,"","","Dexibuprofen(덱시부프로펜)",20260102
"노인주의","단일",D000086,Dexibuprofen,"덱시부프로펜","[M092057]덱시부프로펜","연질캡슐제, 액상",200905315,"자이펜연질캡슐300mg(덱시부프로펜)",20090714,"(주)일화","미황색 내지 연한 주황색의 투명한 유상내용물이 든 주황색의 투명한 타원형 연질캡슐",01140,"해열.진통.소염제","일반의약품","[M092057]덱시부프로펜",20210715,"","","Dexibuprofen(덱시부프로펜)",20260102
"노인주의","단일",D000086,Dexibuprofen,"덱시부프로펜","[M092057]덱시부프로펜","연질캡슐제, 액상",200905351,"덱스쿨연질캡슐(덱시부프로펜)",20090714,"일양약품(주)","무색 내지 연한 청색의 투명한 내용물이 든 청색의 투명한 타원형 연질캡슐",01140,"해열.진통.소염제","일반의약품","[M092057]덱시부프로펜",20210715,"","","Dexibuprofen(덱시부프로펜)",20260102
"노인주의","단일",D000506,Diclofenac,"디클로페낙","[M050288]디클로페낙나트륨/[M050288]디클로페낙나트륨/[M050288]디클로페낙나트륨/[M050288]디클로페낙나트륨/[M050288]디클로페낙나트륨/[M050288]디클로페낙나트륨/[M050288]디클로페낙나트륨/[M050288]디클로페낙나트륨","지지체가있는첩부제",200906982,"디펜플라스타(디클로페낙나트륨)",20090918,"신일제약(주)","무색투명 내지 미황색의 점착성 물질을 지지체에 도포하고(바르고) 고체면에 고체피복물을 덮은 첩부제이다.",02640,"진통.진양.수렴.소염제","일반의약품","[M050288]디클로페낙나트륨/[M050288]디클로페낙나트륨/[M050288]디클로페낙나트륨/[M050288]디클로페낙나트륨/[M050288]디클로페낙나트륨/[M050288]디클로페낙나트륨/[M050288]디클로페낙나트륨/[M050288]디클로페낙나트륨",20210715,"","","Diclofenac(디클로페낙)",20241212
"노인주의","단일",D000086,Dexibuprofen,"덱시부프로펜","[M092057]덱시부프로펜/[M092057]덱시부프로펜","액상시럽제",201000953,"애니펜시럽(덱시부프로펜)",20100128,"안국약품(주)","불투명한 흰색병에 독특한 향이 들어 있는 흰색 내지 미황색의 현탁시럽제",01140,"해열.진통.소염제","일반의약품","[M092057]덱시부프로펜/[M092057]덱시부프로펜",20210715,"","","Dexibuprofen(덱시부프로펜)",20260102
"노인주의","단일",D000506,Diclofenac,"디클로페낙","[M050288]디클로페낙나트륨","용액주사제",201001927,"휴메딕스디클로페낙나트륨주사(수출용)",20100308,"(주)휴메딕스","무색 투명한 액이 든 무색 투명한 앰플 주사제",01140,"해열.진통.소염제","전문의약품","[M050288]디클로페낙나트륨",20210715,"","","Diclofenac(디클로페낙)",20230819
"노인주의","단일",D000086,Dexibuprofen,"덱시부프로펜","[M092057]덱시부프로펜","액상시럽제",201005606,"키즈부펜시럽(덱시부프로펜)",20100917,"(주)유유제약","과일향을 가진 흰색 내지 연한 노란색의 액이 갈색 유리병 또는 흰색의 플라스틱병에 든 시럽제",01140,"해열.진통.소염제","일반의약품","[M092057]덱시부프로펜",20210715,"","","Dexibuprofen(덱시부프로펜)",20260102
"노인주의","단일",D000086,Dexibuprofen,"덱시부프로펜","[M254719]덱시부프로펜","액상시럽제",201005692,"소니펜시럽(덱시부프로펜)",20100928,"제이더블유신약(주)","불투명한 흰색병에 독특한 향이 들어 있는 흰색 내지 미황색의 현탁시럽제",01140,"해열.진통.소염제","일반의약품","[M254719]덱시부프로펜",20210715,"","","Dexibuprofen(덱시부프로펜)",20260102
"노인주의","단일",D000086,Dexibuprofen,"덱시부프로펜","[M092057]덱시부프로펜","액상시럽제",201005694,"덱시탑시럽(덱시부프로펜)",20100928,"건일제약(주)","이 약은 불투명한 흰색병에 독특한 향이 들어있는 흰색 내지 미황색의 현탁 시럽제이다.",01140,"해열.진통.소염제","일반의약품","[M092057]덱시부프로펜",20210715,"","","Dexibuprofen(덱시부프로펜)",20260102
"노인주의","단일",D000086,Dexibuprofen,"덱시부프로펜","[M092057]덱시부프로펜","액상시럽제",201005697,"맥스프로시럽(덱시부프로펜)",20100928,"일성아이에스(주)","이 약은 불투명한 흰색병에 독특한 향이 들어 있는 흰색 내지 미황색의 현탁시럽제이다.",01140,"해열.진통.소염제","일반의약품","[M092057]덱시부프로펜",20210715,"","","Dexibuprofen(덱시부프로펜)",20260102
"노인주의","단일",D000086,Dexibuprofen,"덱시부프로펜","[M092057]덱시부프로펜","액상시럽제",201005753,"맥시펜시럽(덱시부프로펜)",20100929,"진양제약(주)","이 약은 불투명한 흰색병에 독특한 향이 들어있는 흰색 내지 미황색의 현탁시럽제",01140,"해열.진통.소염제","일반의약품","[M092057]덱시부프로펜",20210715,"","","Dexibuprofen(덱시부프로펜)",20260102
"노인주의","단일",D000086,Dexibuprofen,"덱시부프로펜","[M092057]덱시부프로펜","액상시럽제",201005795,"닥스펜시럽(덱시부프로펜)",20100930,"(주)바이넥스","이 약은 불투명한 흰색병에 독특한 향이 들어 있는 흰색 내지 미황색의 현탁시럽제이다",01140,"해열.진통.소염제","일반의약품","[M092057]덱시부프로펜",20210715,"","","Dexibuprofen(덱시부프로펜)",20260102
"노인주의","단일",D000086,Dexibuprofen,"덱시부프로펜","[M092057]덱시부프로펜","액상시럽제",201005800,"코코페디시럽(덱시부프로펜)",20100930,"삼아제약(주)","불투명한 흰색병에 든 포도향이 있는 흰색 내지 미백색의 시럽제",01140,"해열.진통.소염제","일반의약품","[M092057]덱시부프로펜",20210715,"","","Dexibuprofen(덱시부프로펜)",20260102
"노인주의","단일",D000086,Dexibuprofen,"덱시부프로펜","[M092057]덱시부프로펜","액상시럽제",201006494,"덱시부시럽(덱시부프로펜)",20101027,"(주)팜젠사이언스","흰색 불투명한 용기에 든 딸기향을 가진 흰색 내지 미황색의 시럽제",01140,"해열.진통.소염제","일반의약품","[M092057]덱시부프로펜",20210715,"","","Dexibuprofen(덱시부프로펜)",20260102
"노인주의","단일",D000086,Dexibuprofen,"덱시부프로펜","[M092057]덱시부프로펜","연질캡슐제, 액상",201100502,"터논연질캡슐(덱시부프로펜)",20110131,"(주)종근당","무색 내지 연한 청색의 투명한 내용물을 함유하는 청색 투명의 타원형 연질캡슐",01140,"해열.진통.소염제","일반의약품","[M092057]덱시부프로펜",20210715,"","","Dexibuprofen(덱시부프로펜)",20260102
"노인주의","단일",D000506,Diclofenac,"디클로페낙","[M050288]디클로페낙나트륨","용액주사제",201100681,"디페인주3ml(디클로페낙나트륨)(수출용)",20110214,"동광제약(주)","무색등명한 액체가 든 갈색앰플제",01140,"해열.진통.소염제","전문의약품","[M050288]디클로페낙나트륨",20210715,"","","Diclofenac(디클로페낙)",20230819
"노인주의","단일",D000138,Celecoxib,"세레콕시브","[M089149]세레콕시브","경질캡슐제, 산제",201103995,"쎄렉스캡슐200밀리그램(세레콕시브)",20110628,"(주)한독","흰색 내지 미황색의 가루가 충전된 상하부 흰색의 경질캡슐제",01140,"해열.진통.소염제","전문의약품","[M089149]세레콕시브",20210715,"","","Celecoxib(세레콕시브)",20191125
"노인주의","단일",D000138,Celecoxib,"세레콕시브","[M089149]세레콕시브","경질캡슐제, 산제",201104111,"쎄레콕스캡슐200밀리그램(세레콕시브)",20110630,"영풍제약(주)","흰색 내지 미황색의 분말이 충전된 상하 황색줄이 있는 흰색의 캡슐제",01140,"해열.진통.소염제","전문의약품","[M089149]세레콕시브",20210715,"","","Celecoxib(세레콕시브)",20200504
"노인주의","단일",D000138,Celecoxib,"세레콕시브","[M089149]세레콕시브","경질캡슐제, 산제",201105487,"셀콕스캡슐200밀리그램(세레콕시브)",20110823,"(주)메디카코리아","흰색 내지 미황색의 분말이 충전된 상하 황색줄이 있는 흰색의 캡슐제",01140,"해열.진통.소염제","전문의약품","[M089149]세레콕시브",20210715,"","","Celecoxib(세레콕시브)",20200107
"노인주의","단일",D000138,Celecoxib,"세레콕시브","[M089149]세레콕시브","경질캡슐제, 산제",201105488,"콕스2캡슐(세레콕시브)",20110823,"유니메드제약(주)","흰색 내지 미황색의 분말이 충진된 상부 형광노랑색 하부 흰색의 캡슐제",01140,"해열.진통.소염제","전문의약품","[M089149]세레콕시브",20210715,"","","Celecoxib(세레콕시브)",20200728
"노인주의","단일",D000086,Dexibuprofen,"덱시부프로펜","[M254719]덱시부프로펜","액상시럽제",201107084,"맥스프로펜시럽(덱시부프로펜)",20110923,"(주)테라젠이텍스","불투명한 흰색병에 독특한 향이 들어 있는 흰색 내지 미황색의 현탁시럽제",01140,"해열.진통.소염제","일반의약품","[M254719]덱시부프로펜",20210715,"","","Dexibuprofen(덱시부프로펜)",20260102
"노인주의","단일",D000138,Celecoxib,"세레콕시브","[M089149]세레콕시브","경질캡슐제, 산제",201110059,"쎄르펜캡슐(세레콕시브)",20111115,"맥널티제약(주)","흰색내지 미황색의 분말이 충전된 상하 흰색의 캡슐제",01140,"해열.진통.소염제","전문의약품","[M089149]세레콕시브",20210715,"","","Celecoxib(세레콕시브)",20180205
"노인주의","단일",D000138,Celecoxib,"세레콕시브","[M089149]세레콕시브","경질캡슐제, 산제",201110060,"쎄넥스캡슐(세레콕시브)",20111115,"(주)넥스팜코리아","흰색내지 미황색의 분말이 충전된 상하 노란색 줄이있는 흰색의 캡슐제",01140,"해열.진통.소염제","전문의약품","[M089149]세레콕시브",20210715,"","","Celecoxib(세레콕시브)",20200310
"노인주의","단일",D000086,Dexibuprofen,"덱시부프로펜","[M092057]덱시부프로펜","연질캡슐제, 액상",201110516,"덱시푸루펜연질캡슐(덱시부프로펜)",20111130,"영진약품(주)","무색 내지 미황색의 투명한 내용물을 함유하는 투명의 장방형 연질캡슐제",01140,"해열.진통.소염제","일반의약품","[M092057]덱시부프로펜",20210715,"","","Dexibuprofen(덱시부프로펜)",20260102
"노인주의","단일",D000086,Dexibuprofen,"덱시부프로펜","[M092057]덱시부프로펜","연질캡슐제, 액상",201110646,"덱스피드연질캡슐(덱시부프로펜)",20111205,"(주)유한양행","무색 내지 연청색의 투명한 내용물을 함유하는 청색 투명의 타원형 연질캡슐제",01140,"해열.진통.소염제","일반의약품","[M092057]덱시부프로펜",20210715,"","","Dexibuprofen(덱시부프로펜)",20260102
"노인주의","단일",D000138,Celecoxib,"세레콕시브","[M089149]세레콕시브","경질캡슐제, 산제",201205823,"셀레콕스캡슐(세레콕시브)",20120622,"한국유나이티드제약(주)","흰색내지 미백색의 가루가 든 상·하부 노란색 줄이 있는 흰색의 경질캡슐",01140,"해열.진통.소염제","전문의약품","[M089149]세레콕시브",20210715,"","","Celecoxib(세레콕시브)",20210129
"노인주의","단일",D000086,Dexibuprofen,"덱시부프로펜","[M092057]덱시부프로펜","연질캡슐제, 액상",201206383,"바로소펜연질캡슐(덱시부프로펜)",20120803,"(주)유유제약","무색 내지는 미황색의 투명한 내용물이 든 투명한 타원형 연질캡슐",01140,"해열.진통.소염제","일반의약품","[M092057]덱시부프로펜",20210715,"","","Dexibuprofen(덱시부프로펜)",20260102
"노인주의","단일",D000506,Diclofenac,"디클로페낙","[M255472]디클로페낙디에틸아민염","피부용겔제",201206948,"디클로겔(디클로페낙디에틸아민염)",20120926,"알리코제약(주)","무색의 균질한 겔제",02640,"진통.진양.수렴.소염제","일반의약품","[M255472]디클로페낙디에틸아민염",20210715,"","","Diclofenac(디클로페낙)",20241212
"노인주의","단일",D000086,Dexibuprofen,"덱시부프로펜","[M254719]덱시부프로펜","필름코팅정",201207377,"글로덱시정300mg(덱시부프로펜)",20121023,"(주)킵스바이오파마","분홍색의 장방형 필름코팅정",01140,"해열.진통.소염제","일반의약품","[M254719]덱시부프로펜",20210715,"","","Dexibuprofen(덱시부프로펜)",20260102
"노인주의","단일",D000086,Dexibuprofen,"덱시부프로펜","[M092057]덱시부프로펜","액상시럽제",201305834,"디프로펜시럽(덱시부프로펜)",20130222,"한국유니온제약(주)","불투명한 흰색병에 독특한 향이 들어있는 흰색 내지 미황색의 현탁시럽제",01140,"해열.진통.소염제","일반의약품","[M092057]덱시부프로펜",20210715,"","","Dexibuprofen(덱시부프로펜)",20260102
"노인주의","단일",D000138,Celecoxib,"세레콕시브","[M089149]세레콕시브","경질캡슐제, 산제",201307578,"셀렉시브캡슐(세레콕시브)",20130531,"국제약품(주)","흰색 내지 미황색의 분말이 충진된 상하 황색줄이 있는 흰색의 캡슐제",01140,"해열.진통.소염제","전문의약품","[M089149]세레콕시브",20210715,"","","Celecoxib(세레콕시브)",20200317
"노인주의","단일",D000138,Celecoxib,"세레콕시브","[M089149]세레콕시브","경질캡슐제, 산제",201307608,"동방쎄레콕시브캡슐100mg(세레콕시브)(수출용)",20130605,"동방에프티엘(주)","흰색 내지 미황색의 분말이 충전된 상부 주황색, 하부 흰색의 캡슐제",01140,"해열.진통.소염제","전문의약품","[M089149]세레콕시브",20210715,"","","Celecoxib(세레콕시브)",20130909
"노인주의","단일",D000506,Diclofenac,"디클로페낙","[M050288]디클로페낙나트륨","지지체가있는첩부제",201307879,"디나펜플라스타(디클로페낙나트륨)",20130626,"현대약품(주)","무색투명 내지 미황색의 점착성 물질을 지지체에 도포하고(바르고) 고체면에 고체피복물을 덮은 첩부제이다.",02640,"진통.진양.수렴.소염제","일반의약품","[M050288]디클로페낙나트륨",20210715,"","","Diclofenac(디클로페낙)",20241212
"노인주의","단일",D000086,Dexibuprofen,"덱시부프로펜","[M092057]덱시부프로펜","필름코팅정",201308922,"에스부펜정(덱시부프로펜)",20130821,"삼천당제약(주)","분홍색의 원형필름코팅정제",01140,"해열.진통.소염제","일반의약품","[M092057]덱시부프로펜",20210715,"","","Dexibuprofen(덱시부프로펜)",20260102
"노인주의","단일",D000086,Dexibuprofen,"덱시부프로펜","[M092057]덱시부프로펜","액상시럽제",201309080,"코키즈펜시럽(덱시부프로펜)",20130829,"코오롱제약(주)","과일향을 가진 흰색 내지 연한 노란색의 액이 갈색 유리병 또는 흰색의 플라스틱병에 든 시럽제",01140,"해열.진통.소염제","일반의약품","[M092057]덱시부프로펜",20210715,"","","Dexibuprofen(덱시부프로펜)",20260102
"노인주의","단일",D000086,Dexibuprofen,"덱시부프로펜","[M254719]덱시부프로펜","연질캡슐제, 액상",201310950,"이지펜연질캡슐(덱시부프로펜)",20131231,"신신제약(주)","미황색(연노랑) 내지 연한 주황색의 투명한 유상내용물이 든 주황색의 투명한 타원형 연질캡슐",01140,"해열.진통.소염제","일반의약품","[M254719]덱시부프로펜",20210715,"","","Dexibuprofen(덱시부프로펜)",20260102
"노인주의","단일",D000086,Dexibuprofen,"덱시부프로펜","[M092057]덱시부프로펜","연질캡슐제, 액상",201401248,"덱쎈연질캡슐(덱시부프로펜)",20140319,"(주)마더스제약","무색 내지 연한 청록색의 투명한 내용물을 함유하는 연청록색의 장방형 연질캡슐제",01140,"해열.진통.소염제","일반의약품","[M092057]덱시부프로펜",20210715,"","","Dexibuprofen(덱시부프로펜)",20260102
"노인주의","단일",D000086,Dexibuprofen,"덱시부프로펜","[M254719]덱시부프로펜","필름코팅정",201403363,"소니펜정300mg(덱시부프로펜)",20140724,"제이더블유신약(주)","흰색의 장방형 필름코팅정",01140,"해열.진통.소염제","일반의약품","[M254719]덱시부프로펜",20210715,"","","Dexibuprofen(덱시부프로펜)",20260102
"노인주의","단일",D000086,Dexibuprofen,"덱시부프로펜","[M254719]덱시부프로펜","연질캡슐제, 액상",201403460,"리드펜플러스연질캡슐(덱시부프로펜)",20140729,"명문제약(주)","미황색 내지 연한 주황색의 투명한 유상내용물이 든 주황색의 투명한 타원형 연질캡슐",01140,"해열.진통.소염제","일반의약품","[M254719]덱시부프로펜",20210715,"","","Dexibuprofen(덱시부프로펜)",20260102
"노인주의","단일",D000138,Celecoxib,"세레콕시브","[M089149]세레콕시브","경질캡슐제, 산제",201403889,"세레브캡슐200밀리그램(세레콕시브)",20140820,"(주)셀트리온제약","흰색 내지 미황색의 분말이 충전된 상하 노란색 줄이 있는 흰색의 캡슐제",01140,"해열.진통.소염제","전문의약품","[M089149]세레콕시브",20210715,"","","Celecoxib(세레콕시브)",20191226
"노인주의","단일",D000138,Celecoxib,"세레콕시브","[M089149]세레콕시브","경질캡슐제, 산제",201404200,"쎄레시브캡슐200mg(세레콕시브)",20140912,"(주)유영제약","흰색 내지 연노랑색의 분말이 충전된 흰색의 캡슐제",01140,"해열.진통.소염제","전문의약품","[M089149]세레콕시브",20210715,"","","Celecoxib(세레콕시브)",20200101
"노인주의","단일",D000086,Dexibuprofen,"덱시부프로펜","[M215523]덱시부프로펜 디.씨.","필름코팅정",201404202,"덱스론정400밀리그램(덱시부프로펜 디.씨.)",20140912,"(주)이든파마","흰색의 장방형 필름코팅정제",01140,"해열.진통.소염제","전문의약품","[M215523]덱시부프로펜 디.씨.",20210715,"","","Dexibuprofen(덱시부프로펜)",20260102
"노인주의","단일",D000138,Celecoxib,"세레콕시브","[M089149]세레콕시브","경질캡슐제, 산제",201404318,"쎌레코캡슐200밀리그램(세레콕시브)",20140923,"(주)팜젠사이언스","미황색의 분말이 충진된 상하 황색줄이 있는 흰색의 캡슐제",01140,"해열.진통.소염제","전문의약품","[M089149]세레콕시브",20210715,"","","Celecoxib(세레콕시브)",20191231
"노인주의","단일",D000138,Celecoxib,"세레콕시브","[M089149]세레콕시브","경질캡슐제, 산제",201404343,"콕스케어캡슐200밀리그램(세레콕시브)",20140924,"에이치케이이노엔(주)","흰색 내지 미황색의 가루가 충진된 상하 황색줄이 있는 흰색의 캡슐제",01140,"해열.진통.소염제","전문의약품","[M089149]세레콕시브",20210715,"","","Celecoxib(세레콕시브)",20200327
"노인주의","단일",D000138,Celecoxib,"세레콕시브","[M089149]세레콕시브","경질캡슐제, 산제",201404378,"셀록스캡슐(세레콕시브)",20140925,"(주)서울제약","흰색 내지 미황색의 분말이 충전된 상하 황색줄이 있는 흰색의 캡슐제",01140,"해열.진통.소염제","전문의약품","[M089149]세레콕시브",20210715,"","","Celecoxib(세레콕시브)",20191210
"노인주의","단일",D000138,Celecoxib,"세레콕시브","[M089149]세레콕시브","경질캡슐제, 산제",201404415,"제이브렉스캡슐200밀리그램(세레콕시브)",20140926,"제이더블유중외제약(주)","흰색 내지 미황색의 분말이 충전된 상하 황색줄이 있는 흰색의 경질 캡슐제",01140,"해열.진통.소염제","전문의약품","[M089149]세레콕시브",20210715,"","","Celecoxib(세레콕시브)",20191101
"노인주의","단일",D000138,Celecoxib,"세레콕시브","[M089149]세레콕시브","경질캡슐제, 산제",201404485,"쎄레브이캡슐200밀리그램(세레콕시브)",20140930,"한림제약(주)","흰색 내지 미황색의 분말이 충전된 상하 황색줄이 있는 흰색의 경질캡슐제",01140,"해열.진통.소염제","전문의약품","[M089149]세레콕시브",20210715,"","","Celecoxib(세레콕시브)",20200331
"노인주의","단일",D000138,Celecoxib,"세레콕시브","[M089149]세레콕시브","경질캡슐제, 산제",201404569,"세레온캡슐(세레콕시브)",20141002,"(주)휴온스","흰색 내지 미황색의 분말이 충진된 상하 황색줄이 있는 흰색의 캡슐제",01140,"해열.진통.소염제","전문의약품","[M089149]세레콕시브",20210715,"","","Celecoxib(세레콕시브)",20191101
"노인주의","단일",D000138,Celecoxib,"세레콕시브","[M089149]세레콕시브","경질캡슐제, 산제",201404586,"쎄콕스캡슐200밀리그램(세레콕시브)",20141006,"(주)화이트생명과학","흰색내지 미황색의 가루가 든 상하 흰색의 경질캡슐",01140,"해열.진통.소염제","전문의약품","[M089149]세레콕시브",20210715,"","","Celecoxib(세레콕시브)",20200807
"노인주의","단일",D000138,Celecoxib,"세레콕시브","[M089149]세레콕시브","경질캡슐제, 산제",201404836,"아나콕스캡슐200밀리그램(세레콕시브)",20141022,"아주약품(주)","흰색 내지 미황색의 분말이 충진된 상하 황색줄이 있는 흰색의 캡슐제",01140,"해열.진통.소염제","전문의약품","[M089149]세레콕시브",20210715,"","","Celecoxib(세레콕시브)",20191201
"노인주의","단일",D000138,Celecoxib,"세레콕시브","[M089149]세레콕시브","경질캡슐제, 산제",201404857,"쎌빅캡슐(세레콕시브)",20141023,"알보젠코리아(주)","흰색 내지 연노랑색의 분말이 충전된 황색줄이 있는 흰색의 캡슐제",01140,"해열.진통.소염제","전문의약품","[M089149]세레콕시브",20210715,"","","Celecoxib(세레콕시브)",20200218
"노인주의","단일",D000138,Celecoxib,"세레콕시브","[M089149]세레콕시브","경질캡슐제, 산제",201404863,"휴렉스캡슐(세레콕시브)",20141023,"(주)휴비스트제약","흰색 내지 미황색의 분말이 충전된 상하 흰색의 캡슐제",01140,"해열.진통.소염제","전문의약품","[M089149]세레콕시브",20210715,"","","Celecoxib(세레콕시브)",20201222
"노인주의","단일",D000138,Celecoxib,"세레콕시브","[M089149]세레콕시브","경질캡슐제, 산제",201404983,"세콕시아캡슐200mg(세레콕시브)",20141028,"(주)킴스제약","흰색 내지 미황색의 분말이 충전된 상하 노란색 줄이 있는 흰색의 캡슐제",01140,"해열.진통.소염제","전문의약품","[M089149]세레콕시브",20210715,"","","Celecoxib(세레콕시브)",20190926
"노인주의","단일",D000138,Celecoxib,"세레콕시브","[M089149]세레콕시브","경질캡슐제, 산제",201405027,"세렉스캡슐(세레콕시브)",20141029,"(주)하원제약","흰색내지 미황색의 분말이 충전된 상하 흰색의 캡슐제",01140,"해열.진통.소염제","전문의약품","[M089149]세레콕시브",20210715,"","","Celecoxib(세레콕시브)",20200501
"노인주의","단일",D000138,Celecoxib,"세레콕시브","[M089149]세레콕시브","경질캡슐제, 산제",201405040,"셀비콕스캡슐200밀리그램(세레콕시브)",20141030,"광동제약(주)","흰색 내지 연노랑색의 가루가 충전된 상하 노란색 줄이 있는 흰색의 경질 캡슐",01140,"해열.진통.소염제","전문의약품","[M089149]세레콕시브",20210715,"","","Celecoxib(세레콕시브)",20200313
"노인주의","단일",D000138,Celecoxib,"세레콕시브","[M089149]세레콕시브/[M089149]세레콕시브","경질캡슐제, 산제",201405094,"쎄레민캡슐200밀리그램(세레콕시브)",20141031,"(주)테라젠이텍스","흰색 내지 연노랑색의 분말이 충전된 상하 노란색의 줄무늬가 있는 흰색의 경질캡슐제",01140,"해열.진통.소염제","전문의약품","[M089149]세레콕시브/[M089149]세레콕시브",20210715,"","","Celecoxib(세레콕시브)",20191104
"노인주의","단일",D000138,Celecoxib,"세레콕시브","[M089149]세레콕시브","경질캡슐제, 산제",201405096,"쎄레메드캡슐(세레콕시브)",20141031,"구주제약(주)","흰색 내지 연노란색의 분말이 충전된 상, 하 노란색 줄이 있는 흰색의 경질캡슐",01140,"해열.진통.소염제","전문의약품","[M089149]세레콕시브",20210715,"","","Celecoxib(세레콕시브)",20191113
"노인주의","단일",D000138,Celecoxib,"세레콕시브","[M089149]세레콕시브","경질캡슐제, 산제",201405233,"쎄르파캡슐(세레콕시브)",20141110,"삼익제약(주)","흰색 내지 미황색의 가루가 충전된 상하 흰색의 경질캡슐제",01140,"해열.진통.소염제","전문의약품","[M089149]세레콕시브",20210715,"","","Celecoxib(세레콕시브)",20191022
"노인주의","단일",D000138,Celecoxib,"세레콕시브","[M089149]세레콕시브","경질캡슐제, 산제",201405465,"세레콕스캡슐(세레콕시브)",20141124,"명문제약(주)","흰색 내지 미황색의 분말이 충진된 상하 황색줄이 있는 흰색의 캡슐제",01140,"해열.진통.소염제","전문의약품","[M089149]세레콕시브",20210715,"","","Celecoxib(세레콕시브)",20200414
"노인주의","단일",D000138,Celecoxib,"세레콕시브","[M089149]세레콕시브","경질캡슐제, 산제",201405473,"싸이브렉스캡슐200밀리그램(세레콕시브)",20141124,"한국휴텍스제약(주)","흰색내지 미황색의 분말이 충전된 상하 흰색의 캡슐제",01140,"해열.진통.소염제","전문의약품","[M089149]세레콕시브",20210715,"","","Celecoxib(세레콕시브)",20210319
"노인주의","단일",D000138,Celecoxib,"세레콕시브","[M089149]세레콕시브","경질캡슐제, 산제",201405475,"동광세레콕시브캡슐200mg",20141124,"동광제약(주)","흰색 내지 연노랑색의 분말이 충전된 상하 노란 줄이 있는 흰색의 캡슐제",01140,"해열.진통.소염제","전문의약품","[M089149]세레콕시브",20210715,"","","Celecoxib(세레콕시브)",20200302
"노인주의","단일",D000138,Celecoxib,"세레콕시브","[M089149]세레콕시브","경질캡슐제, 산제",201405505,"투콕시브캡슐200mg(세레콕시브)",20141125,"일양약품(주)","흰색 내지 연노랑색의 가루가 충전된 상하 노란색 줄이 있는 흰색의 경질캡슐제",01140,"해열.진통.소염제","전문의약품","[M089149]세레콕시브",20210715,"","","Celecoxib(세레콕시브)",20191030
"노인주의","단일",D000138,Celecoxib,"세레콕시브","[M089149]세레콕시브","경질캡슐제, 산제",201405708,"세레벡스캡슐(세레콕시브)",20141203,"한국프라임제약(주)","흰색 내지 미황색의 분말이 충전된 상, 하부 흰색의 캡슐제",01140,"해열.진통.소염제","전문의약품","[M089149]세레콕시브",20210715,"","","Celecoxib(세레콕시브)",20201203
"노인주의","단일",D000138,Celecoxib,"세레콕시브","[M089149]세레콕시브","경질캡슐제, 산제",201405736,"유콕스캡슐200밀리그램(세레콕시브)",20141203,"(주)유한양행","흰색 또는 엷은 노란색의 분말이 충전된 상하 노란색 줄이 있는 흰색의 경질캡슐제",01140,"해열.진통.소염제","전문의약품","[M089149]세레콕시브",20210715,"","","Celecoxib(세레콕시브)",20190904
"노인주의","단일",D000138,Celecoxib,"세레콕시브","[M089149]세레콕시브","경질캡슐제, 산제",201405779,"셀렉콕캡슐200mg(세레콕시브)",20141208,"대한뉴팜(주)","흰색내지 미황색의 분말이 충전된 상하 흰색의 캡슐제",01140,"해열.진통.소염제","전문의약품","[M089149]세레콕시브",20210715,"","","Celecoxib(세레콕시브)",20200903
"노인주의","단일",D000138,Celecoxib,"세레콕시브","[M089149]세레콕시브","경질캡슐제, 산제",201405798,"쎄레브린캡슐200밀리그램(세레콕시브)",20141208,"한국코러스(주)","흰색 내지 미황색의 가루가 든 상,하 황색줄이 있는 흰색의 경질캡슐제",01140,"해열.진통.소염제","전문의약품","[M089149]세레콕시브",20210715,"","","Celecoxib(세레콕시브)",20200814
"노인주의","단일",D000463,Etodolac,"에토돌락","[M083240]에토돌락","경질캡슐제, 산제",201405864,"엘토스캡슐(에토돌락)(수출용)",20141212,"한국프라임제약(주)","백색 내지 유백색의 분말이 충진된 상부 자색, 하부 담황색의 경질캡슐제",01140,"해열.진통.소염제","전문의약품","[M083240]에토돌락",20210715,"","","Etodolac(에토돌락)",20191230
"노인주의","단일",D000138,Celecoxib,"세레콕시브","[M089149]세레콕시브","경질캡슐제, 산제",201405956,"콕시브캡슐100밀리그램(세레콕시브)",20141218,"한미약품(주)","흰색 내지 연한 노란색의 분말이 충전된 상부 파란색, 하부 흰색의 캡슐제",01140,"해열.진통.소염제","전문의약품","[M089149]세레콕시브",20210715,"","","Celecoxib(세레콕시브)",20200519
"노인주의","단일",D000138,Celecoxib,"세레콕시브","[M089149]세레콕시브","경질캡슐제, 산제",201406030,"세로콕캡슐200밀리그램(세레콕시브)",20141223,"(주)휴메딕스","흰색 내지 연노랑색의 분말이 충전된 상·하부 노란색 줄이 있는 흰색의 캡슐제",01140,"해열.진통.소염제","전문의약품","[M089149]세레콕시브",20210715,"","","Celecoxib(세레콕시브)",20190920
"노인주의","단일",D001012,Etoricoxib,"에토리콕시브","[M260064]에토리콕시브","필름코팅정",201406032,"알콕시아정30밀리그램(에토리콕시브)",20141223,"한국오가논(주)","한면에는 101, 다른면에는 ACX30이라고 새겨진 청녹색 사과 모양의 양면이 볼록한 필름코팅정",01140,"해열.진통.소염제","전문의약품","[M260064]에토리콕시브",20210715,"","","Etoricoxib(에토리콕시브)",20211214
"노인주의","단일",D000138,Celecoxib,"세레콕시브","[M089149]세레콕시브","경질캡슐제, 산제",201406048,"씨트렉스캡슐200밀리그램(세레콕시브)",20141224,"에이치엘비제약(주)","흰색 또는 미황색의 가루가 든 상하 황색줄이 있는 흰색의 경질캡슐제",01140,"해열.진통.소염제","전문의약품","[M089149]세레콕시브",20210715,"","","Celecoxib(세레콕시브)",20201230
"노인주의","단일",D000138,Celecoxib,"세레콕시브","[M089149]세레콕시브","필름코팅정",201406102,"셀렉카정200밀리그램(세레콕시브)",20141229,"경동제약(주)","흰색의 장방형 필름코팅정",01140,"해열.진통.소염제","전문의약품","[M089149]세레콕시브",20210715,"","","Celecoxib(세레콕시브)",20191129
"노인주의","단일",D000138,Celecoxib,"세레콕시브","[M089149]세레콕시브","필름코팅정",201406103,"쎄레원정200밀리그램(세레콕시브)",20141229,"일동제약(주)","흰색의 장방형 필름코팅정",01140,"해열.진통.소염제","전문의약품","[M089149]세레콕시브",20210715,"","","Celecoxib(세레콕시브)",20200820
"노인주의","단일",D000086,Dexibuprofen,"덱시부프로펜","[M092057]덱시부프로펜","액상시럽제",201406120,"비알덱시펜시럽(덱시부프로펜)",20141229,"(주)보령바이오파마","흰색 내지 미황색의 딸기향을 가진 흰색 불투명한 용기에 든 시럽제",01140,"해열.진통.소염제","일반의약품","[M092057]덱시부프로펜",20210715,"","","Dexibuprofen(덱시부프로펜)",20260102
"노인주의","단일",D000138,Celecoxib,"세레콕시브","[M089149]세레콕시브","경질캡슐제, 산제",201500093,"쎄레프로캡슐200mg(세레콕시브)",20150109,"초당약품공업(주)","흰색 내지 연노랑색의 분말이 충전된 상하 황색줄이 있는 흰색의 캡슐제",01140,"해열.진통.소염제","전문의약품","[M089149]세레콕시브",20210715,"","","Celecoxib(세레콕시브)",20200903
"노인주의","단일",D000138,Celecoxib,"세레콕시브","[M089149]세레콕시브","경질캡슐제, 산제",201500099,"콕스낙캡슐200mg(세레콕시브)",20150109,"한화제약(주)","흰색 내지 연노랑색의 분말이 충전된 상하 노란줄이 있는 흰색의 캡슐제",01140,"해열.진통.소염제","전문의약품","[M089149]세레콕시브",20210715,"","","Celecoxib(세레콕시브)",20200217
"노인주의","단일",D000138,Celecoxib,"세레콕시브","[M089149]세레콕시브","경질캡슐제, 산제",201500101,"일양바이오세레콕시브캡슐200밀리그램",20150109,"일양바이오팜(주)","흰색 내지 연노랑색의 분말이 충전된 흰색의 캡슐제",01140,"해열.진통.소염제","전문의약품","[M089149]세레콕시브",20210715,"","","Celecoxib(세레콕시브)",20200511
"노인주의","단일",D000138,Celecoxib,"세레콕시브","[M089149]세레콕시브","경질캡슐제, 산제",201500127,"쎄렉스타캡슐200mg(세레콕시브)",20150112,"(주)이든파마","흰색내지 미황색의 분말이 충전된 상하 노란색 줄이 있는 흰색의 캡슐제",01140,"해열.진통.소염제","전문의약품","[M089149]세레콕시브",20210715,"","","Celecoxib(세레콕시브)",20191010
"노인주의","단일",D000138,Celecoxib,"세레콕시브","[M089149]세레콕시브/[M089149]세레콕시브","경질캡슐제, 산제",201500145,"유니브렉스캡슐200밀리그램(세레콕시브)",20150113,"한국유니온제약(주)","내수용 : 흰색 내지 연노랑색의 분말이 충진된 상하 황색줄이 있는 흰색의 캡슐제수출용 : 흰색내지 미황색의 분말이 충전된 상하 노란색 줄이 있는 흰색의 캡슐제",01140,"해열.진통.소염제","전문의약품","[M089149]세레콕시브/[M089149]세레콕시브",20210715,"","","Celecoxib(세레콕시브)",20200701
"노인주의","단일",D000138,Celecoxib,"세레콕시브","[M089149]세레콕시브","경질캡슐제, 산제",201500186,"조아세레콕시브캡슐200밀리그램",20150114,"조아제약(주)","흰색 내지 미황색의 가루가 든 상하 흰색의 경질캡슐제",01140,"해열.진통.소염제","전문의약품","[M089149]세레콕시브",20210715,"","","Celecoxib(세레콕시브)",20201224
"노인주의","단일",D000138,Celecoxib,"세레콕시브","[M089149]세레콕시브","경질캡슐제, 산제",201500241,"쎌브록스캡슐200mg(세레콕시브)",20150116,"건일제약(주)","흰색 내지 미황색의 분말이 충진된 상하 황색줄이 있는 흰색의 캡슐제",01140,"해열.진통.소염제","전문의약품","[M089149]세레콕시브",20210715,"","","Celecoxib(세레콕시브)",20200201
"노인주의","단일",D000086,Dexibuprofen,"덱시부프로펜","[M214134]덱시부프로펜 디.씨","필름코팅정",201500245,"비알덱시펜정(덱시부프로펜디.씨)",20150116,"(주)보령바이오파마","분홍색 장방형의 필름코팅정제",01140,"해열.진통.소염제","전문의약품","[M214134]덱시부프로펜 디.씨",20210715,"","","Dexibuprofen(덱시부프로펜)",20260102
"노인주의","단일",D000138,Celecoxib,"세레콕시브","[M089149]세레콕시브","경질캡슐제, 산제",201500355,"콕스렌캡슐(세레콕시브)",20150123,"대화제약(주)","흰색 내지 미황색의 분말이 충전된 상하 황색줄이 있는 흰색의 캡슐제",01140,"해열.진통.소염제","전문의약품","[M089149]세레콕시브",20210715,"","","Celecoxib(세레콕시브)",20200818
"노인주의","단일",D000138,Celecoxib,"세레콕시브","[M089149]세레콕시브","경질캡슐제, 산제",201500438,"쎄레코캡슐200mg(세레콕시브)",20150128,"(주)에이프로젠바이오로직스","흰색 내지 미황색의 분말이 충전된 상하 흰색의 캡슐제",01140,"해열.진통.소염제","전문의약품","[M089149]세레콕시브",20210715,"","","Celecoxib(세레콕시브)",20210507
"노인주의","단일",D000138,Celecoxib,"세레콕시브","[M089149]세레콕시브","경질캡슐제, 산제",201500439,"바로콕스캡슐200밀리그램(세레콕시브)",20150128,"신풍제약(주)","흰색 내지 연한 노란색의 가루가 충전된 상하부 노란색 줄이 있는 흰색의 경질캡슐",01140,"해열.진통.소염제","전문의약품","[M089149]세레콕시브",20210715,"","","Celecoxib(세레콕시브)",20180205
"노인주의","단일",D000506,Diclofenac,"디클로페낙","[M083248]디클로페낙","가글제",201500494,"디클로메드액0.074%(디클로페낙)",20150130,"코오롱제약(주)","복숭아와 민트향이 나는 맑거나 약간 유백광의 빨간 주황색의 액제",02310,"치과구강용약","일반의약품","[M083248]디클로페낙",20210715,"","","Diclofenac(디클로페낙)",20251201
"노인주의","단일",D000138,Celecoxib,"세레콕시브","[M089149]세레콕시브","경질캡슐제, 산제",201500530,"쎄콕시브캡슐200밀리그램(세레콕시브)",20150130,"(주)일화","흰색 내지 연노랑색의 분말이 충진된 상하 황색줄이 있는 흰색의 캡슐제",01140,"해열.진통.소염제","전문의약품","[M089149]세레콕시브",20210715,"","","Celecoxib(세레콕시브)",20200914
"노인주의","단일",D000138,Celecoxib,"세레콕시브","[M089149]세레콕시브","경질캡슐제, 산제",201500554,"쎄브렉스캡슐200밀리그램(세레콕시브)",20150202,"진양제약(주)","흰색 내지 미황색의 분말이 충전된 상하 흰색의 캡슐제",01140,"해열.진통.소염제","전문의약품","[M089149]세레콕시브",20210715,"","","Celecoxib(세레콕시브)",20191210
"노인주의","단일",D000138,Celecoxib,"세레콕시브","[M089149]세레콕시브","필름코팅정",201500676,"쎄레본정200밀리그램(세레콕시브)",20150210,"영진약품(주)","노란색의 장방형 필름코팅정",01140,"해열.진통.소염제","전문의약품","[M089149]세레콕시브",20210715,"","","Celecoxib(세레콕시브)",20180205
"노인주의","단일",D000138,Celecoxib,"세레콕시브","[M089149]세레콕시브","필름코팅정",201500728,"쎌콕정200밀리그램(세레콕시브)",20150213,"환인제약(주)","흰색의 장방형 필름코팅정",01140,"해열.진통.소염제","전문의약품","[M089149]세레콕시브",20210715,"","","Celecoxib(세레콕시브)",20200221
"노인주의","단일",D000138,Celecoxib,"세레콕시브","[M089149]세레콕시브","경질캡슐제, 산제",201500882,"랙시브캡슐200밀리그램(세레콕시브)",20150217,"(주)한국피엠지제약","흰색 내지 미황색의 분말이 충전된 상하 황색줄이 있는 흰색의 캡슐",01140,"해열.진통.소염제","전문의약품","[M089149]세레콕시브",20210715,"","","Celecoxib(세레콕시브)",20201209
"노인주의","단일",D000138,Celecoxib,"세레콕시브","[M089149]세레콕시브","경질캡슐제, 산제",201500902,"클록시브캡슐(세레콕시브)",20150223,"(주)바이넥스","흰색내지 미황색의 분말이 충전된 상하 흰색의 캡슐제",01140,"해열.진통.소염제","전문의약품","[M089149]세레콕시브",20210715,"","","Celecoxib(세레콕시브)",20200616
"노인주의","단일",D000138,Celecoxib,"세레콕시브","[M089149]세레콕시브","경질캡슐제, 산제",201500930,"씨콕스캡슐200mg(세레콕시브)",20150224,"(주)씨엠지제약","흰색 내지 미황색의 가루가 충전된 상하 노란색 줄이 있는 흰색의 캡슐제",01140,"해열.진통.소염제","전문의약품","[M089149]세레콕시브",20210715,"","","Celecoxib(세레콕시브)",20200803
"노인주의","단일",D000138,Celecoxib,"세레콕시브","[M089149]세레콕시브","경질캡슐제, 산제",201500931,"세렉실캡슐(세레콕시브)",20150224,"성원애드콕제약(주)","흰색 내지 연노랑색의 가루가 충전된 흰색의 경질캡슐제",01140,"해열.진통.소염제","전문의약품","[M089149]세레콕시브",20210715,"","","Celecoxib(세레콕시브)",20191014
"노인주의","단일",D000138,Celecoxib,"세레콕시브","[M089149]세레콕시브","경질캡슐제, 산제",201500958,"한콕스캡슐200mg(세레콕시브)",20150224,"한올바이오파마(주)","흰색 내지 연한 노란색의 가루가 충전된 상하 노란색줄이 있는 흰색의 경질캡슐",01140,"해열.진통.소염제","전문의약품","[M089149]세레콕시브",20210715,"","","Celecoxib(세레콕시브)",20191106
"노인주의","단일",D000138,Celecoxib,"세레콕시브","[M089149]세레콕시브","경질캡슐제, 산제",201501011,"브렉시브캡슐(세레콕시브)",20150225,"(주)경보제약","흰색 내지 연노랑색의 분말이 충진된 상하 노란줄이 있는 흰색의 캡슐제",01140,"해열.진통.소염제","전문의약품","[M089149]세레콕시브",20210715,"","","Celecoxib(세레콕시브)",20200131
"노인주의","단일",D000138,Celecoxib,"세레콕시브","[M089149]세레콕시브","경질캡슐제, 산제",201501083,"셀베스타캡슐(세레콕시브)",20150302,"동아에스티(주)","흰색 내지 미황색의 분말이 충진된 상하 황색줄이 있는 흰색의 경질캡슐제",01140,"해열.진통.소염제","전문의약품","[M089149]세레콕시브",20210715,"","","Celecoxib(세레콕시브)",20200312
"노인주의","단일",D000506,Diclofenac,"디클로페낙","[M249599]디클로페낙디에틸암모늄","지지체가있는첩부제",201501112,"코디톱플라스타(디클로페낙디에틸암모늄)",20150303,"코오롱제약(주)","엷은 노란색의 점착성 물질을 살구색 린트포에 도포하여 고체면에 박리지를 덮은 첩부제",02640,"진통.진양.수렴.소염제","일반의약품","[M249599]디클로페낙디에틸암모늄",20210715,"","","Diclofenac(디클로페낙)",20241212
"노인주의","단일",D000138,Celecoxib,"세레콕시브","[M089149]세레콕시브","경질캡슐제, 산제",201501270,"콕스비토캡슐100밀리그램(세레콕시브)",20150311,"(주)종근당","흰색 또는 미황색의 가루가 든 상하 청색줄이 있는 흰색의 경질캡슐제",01140,"해열.진통.소염제","전문의약품","[M089149]세레콕시브",20210715,"","","Celecoxib(세레콕시브)",20200210
"노인주의","단일",D000138,Celecoxib,"세레콕시브","[M089149]세레콕시브","경질캡슐제, 산제",201501279,"셀빅스캡슐(세레콕시브)",20150312,"(주)동구바이오제약","흰색 내지 미황색의 분말이 충전된 상하흰색의 캡슐제",01140,"해열.진통.소염제","전문의약품","[M089149]세레콕시브",20210715,"","","Celecoxib(세레콕시브)",20191128
"노인주의","단일",D000138,Celecoxib,"세레콕시브","[M089149]세레콕시브","경질캡슐제, 산제",201501312,"셀티브캡슐200밀리그램(세레콕시브)",20150312,"(주)텔콘알에프제약","흰색 내지 미황색의 분말이 충전된 상, 하 흰색의 캡슐제",01140,"해열.진통.소염제","전문의약품","[M089149]세레콕시브",20210715,"","","Celecoxib(세레콕시브)",20200423
"노인주의","단일",D000086,Dexibuprofen,"덱시부프로펜","[M092057]덱시부프로펜","연질캡슐제, 액상",201501315,"캐롤디연질캡슐(덱시부프로펜)",20150312,"일동제약(주)","무색의 투명한 내용물이 든 무색의 투명한 타원형 연질캡슐",01140,"해열.진통.소염제","일반의약품","[M092057]덱시부프로펜",20210715,"","","Dexibuprofen(덱시부프로펜)",20260102
"노인주의","단일",D000506,Diclofenac,"디클로페낙","[M249599]디클로페낙디에틸암모늄/[M256203]디클로페낙디에틸아민","피부용겔제",201501386,"디페낙겔1%(디클로페낙디에틸암모늄)",20150316,"태극제약(주)","[내수용] 흰색의 균질한 겔제[수출용] 무색의 균질한 겔제",02640,"진통.진양.수렴.소염제","일반의약품","[M249599]디클로페낙디에틸암모늄/[M256203]디클로페낙디에틸아민",20210715,"","","Diclofenac(디클로페낙)",20241212
"노인주의","단일",D000138,Celecoxib,"세레콕시브","[M089149]세레콕시브","경질캡슐제, 산제",201501429,"베아콕시브캡슐200밀리그램(세레콕시브)",20150318,"대웅바이오(주)","흰색 내지 미황색의 분말이 충진된 상하 황색줄이 있는 흰색의 캡슐제",01140,"해열.진통.소염제","전문의약품","[M089149]세레콕시브",20210715,"","","Celecoxib(세레콕시브)",20210421
"노인주의","단일",D000138,Celecoxib,"세레콕시브","[M089149]세레콕시브","경질캡슐제, 산제",201501494,"쎄레노직캡슐200밀리그램(세레콕시브)",20150323,"(주)대웅제약","흰색 내지 미황색의 분말이 충전된 상하 황색줄이 있는 흰색의 캡슐제",01140,"해열.진통.소염제","전문의약품","[M089149]세레콕시브",20210715,"","","Celecoxib(세레콕시브)",20180205
"노인주의","단일",D000138,Celecoxib,"세레콕시브","[M089149]세레콕시브","경질캡슐제, 산제",201501508,"쎌레브캡슐200밀리그램(세레콕시브)",20150324,"대우제약(주)","흰색 내지 연노란색의 분말이 충진된 상하 흰색의 경질캡슐제",01140,"해열.진통.소염제","전문의약품","[M089149]세레콕시브",20210715,"","","Celecoxib(세레콕시브)",20180205
"노인주의","단일",D000138,Celecoxib,"세레콕시브","[M089149]세레콕시브","경질캡슐제, 산제",201501549,"삼성세레콕시브캡슐200밀리그램",20150324,"삼성제약(주)","흰색 내지 미황색의 분말이 충전된 상하 노란색 줄이 있는 흰색의 캡슐제",01140,"해열.진통.소염제","전문의약품","[M089149]세레콕시브",20210715,"","","Celecoxib(세레콕시브)",20190904
"노인주의","단일",D000138,Celecoxib,"세레콕시브","[M089149]세레콕시브","경질캡슐제, 산제",201501572,"쎌브릭캡슐(세레콕시브)",20150325,"고려제약(주)","흰색 내지 미황색의 분말이 충전된 상하 흰색의 경질캡슐제",01140,"해열.진통.소염제","전문의약품","[M089149]세레콕시브",20210715,"","","Celecoxib(세레콕시브)",20180205
"노인주의","단일",D000138,Celecoxib,"세레콕시브","[M089149]세레콕시브","경질캡슐제, 산제",201501582,"쎄레티스캡슐200밀리그램(세레콕시브)",20150325,"(주)비씨월드제약","흰색 내지 연한 노란색의 가루가 충진된 상,하 노란색 줄이 있는 흰색의 경질캡슐제",01140,"해열.진통.소염제","전문의약품","[M089149]세레콕시브",20210715,"","","Celecoxib(세레콕시브)",20191029
"노인주의","단일",D000138,Celecoxib,"세레콕시브","[M089149]세레콕시브","필름코팅정",201501603,"쎄레브이정200밀리그램(세레콕시브)",20150326,"한림제약(주)","흰색의 장방형 필름코팅정",01140,"해열.진통.소염제","전문의약품","[M089149]세레콕시브",20210715,"","","Celecoxib(세레콕시브)",20200731
"노인주의","단일",D000138,Celecoxib,"세레콕시브","[M089149]세레콕시브","경질캡슐제, 산제",201501648,"세리브콕스캡슐200mg(세레콕시브)",20150330,"미래바이오제약(주)","흰색 내지 연노랑색의 가루가 충전된 상하 흰색의 경질캡슐",01140,"해열.진통.소염제","전문의약품","[M089149]세레콕시브",20210715,"","","Celecoxib(세레콕시브)",20180205
"노인주의","단일",D000138,Celecoxib,"세레콕시브","[M089149]세레콕시브","경질캡슐제, 산제",201501655,"파마세레콕시브캡슐200mg",20150330,"(주)한국파마","흰색 내지 미황색의 가루가 든 흰색의 불투명한 경질캡슐제",01140,"해열.진통.소염제","전문의약품","[M089149]세레콕시브",20210715,"","","Celecoxib(세레콕시브)",20180205
"노인주의","단일",D000138,Celecoxib,"세레콕시브","[M089149]세레콕시브","경질캡슐제, 산제",201501680,"위더콕스캡슐200밀리그램(세레콕시브)",20150330,"위더스제약(주)","흰색 내지 미황색의 분말이 충진된 상하 황색줄이 있는 흰색의 캡슐제",01140,"해열.진통.소염제","전문의약품","[M089149]세레콕시브",20210715,"","","Celecoxib(세레콕시브)",20200825
"노인주의","단일",D000138,Celecoxib,"세레콕시브","[M089149]세레콕시브","경질캡슐제, 산제",201501733,"넬슨세레콕시브캡슐200밀리그램(세레콕시브)",20150331,"한국넬슨제약(주)","흰색 내지 미황색의 분말이든 흰색의 불투명한 경질캡슐제",01140,"해열.진통.소염제","전문의약품","[M089149]세레콕시브",20210715,"","","Celecoxib(세레콕시브)",20200903
"노인주의","단일",D000138,Celecoxib,"세레콕시브","[M089149]세레콕시브","경질캡슐제, 산제",201502257,"세레비스캡슐(세레콕시브)",20150415,"(주)한국파비스제약","흰색 내지 미황색의 가루가 든 횐색의 불투명한 경질캡슐제",01140,"해열.진통.소염제","전문의약품","[M089149]세레콕시브",20210715,"","","Celecoxib(세레콕시브)",20191004
"노인주의","단일",D000138,Celecoxib,"세레콕시브","[M089149]세레콕시브","경질캡슐제, 산제",201502295,"쎄렉시브캡슐200mg(세레콕시브)",20150415,"영일제약(주)","흰색 내지 미황색의 분말이 충진된 상하 황색줄이 있는 흰색의 캡슐제",01140,"해열.진통.소염제","전문의약품","[M089149]세레콕시브",20210715,"","","Celecoxib(세레콕시브)",20200428
"노인주의","단일",D000138,Celecoxib,"세레콕시브","[M089149]세레콕시브","경질캡슐제, 산제",201502333,"콕스그린캡슐200밀리그램(세레콕시브)",20150416,"(주)킵스바이오파마","흰색 내지 미황색의 분말이 충진된 상하 황색줄이 있는 흰색의 캡슐제",01140,"해열.진통.소염제","전문의약품","[M089149]세레콕시브",20210715,"","","Celecoxib(세레콕시브)",20190905
"노인주의","단일",D000138,Celecoxib,"세레콕시브","[M089149]세레콕시브","경질캡슐제, 산제",201502348,"세렉캡슐(세레콕시브)",20150417,"(주)마더스제약","흰색 내지 연노랑색의 분말이 충전된 상하 황색줄이 있는 흰색의 캡슐제",01140,"해열.진통.소염제","전문의약품","[M089149]세레콕시브",20210715,"","","Celecoxib(세레콕시브)",20200429
"노인주의","단일",D000086,Dexibuprofen,"덱시부프로펜","[M254719]덱시부프로펜","필름코팅정",201502386,"덱스트론정300밀리그램(덱시부프로펜)",20150421,"대화제약(주)","분홍색의장방형필름코팅정",01140,"해열.진통.소염제","일반의약품","[M254719]덱시부프로펜",20210715,"","","Dexibuprofen(덱시부프로펜)",20260102
"노인주의","단일",D000138,Celecoxib,"세레콕시브","[M089149]세레콕시브","경질캡슐제, 산제",201502397,"셀레록스캡슐200mg(세레콕시브)",20150422,"(주)비보존제약","흰색 내지 미황색 가루가 충전된 상하 황색줄이 있는 흰색의 경질캡슐제",01140,"해열.진통.소염제","전문의약품","[M089149]세레콕시브",20210715,"","","Celecoxib(세레콕시브)",20191211
"노인주의","단일",D000138,Celecoxib,"세레콕시브","[M089149]세레콕시브","경질캡슐제, 산제",201503251,"쎄레젠캡슐200mg(세레콕시브)",20150528,"(주)셀릭스","흰색 내지 미황색의 분말이 충전된 상하 황색줄이 있는 흰색의 캡슐제",01140,"해열.진통.소염제","전문의약품","[M089149]세레콕시브",20210715,"","","Celecoxib(세레콕시브)",20200217
"노인주의","단일",D000506,Diclofenac,"디클로페낙","[M249599]디클로페낙디에틸암모늄","피부용겔제",201503763,"아티벡스겔(디클로페낙디에틸암모늄)",20150610,"부광약품(주)","백색 연질의 균질한 겔",02640,"진통.진양.수렴.소염제","일반의약품","[M249599]디클로페낙디에틸암모늄",20210715,"","","Diclofenac(디클로페낙)",20241212
"노인주의","단일",D000086,Dexibuprofen,"덱시부프로펜","[M092057]덱시부프로펜","연질캡슐제, 액상",201503809,"덱시프렌드연질캡슐(덱시부프로펜)",20150611,"부광약품(주)","무색 내지 연한 청록색의 투명한 내용물을 함유하는 연청록색의 투명한 장방형 연질캡슐",01140,"해열.진통.소염제","일반의약품","[M092057]덱시부프로펜",20210715,"","","Dexibuprofen(덱시부프로펜)",20260102
"노인주의","단일",D000138,Celecoxib,"세레콕시브","[M089149]세레콕시브","경질캡슐제, 산제",201504160,"크리콕스캡슐100밀리그램(세레콕시브)",20150626,"삼진제약(주)","흰색 내지 미황색의 분말이 충전된 상하 푸른색줄이 있는 흰색의 경질캡슐제",01140,"해열.진통.소염제","전문의약품","[M089149]세레콕시브",20210715,"","","Celecoxib(세레콕시브)",20191231
"노인주의","단일",D000138,Celecoxib,"세레콕시브","[M089149]세레콕시브","경질캡슐제, 산제",201504176,"뉴브렉스캡슐200mg(세레콕시브)",20150629,"화일약품(주)","흰색 내지 미황색의 분말이 든 흰색의 불투명한 경질캡슐제",01140,"해열.진통.소염제","전문의약품","[M089149]세레콕시브",20210715,"","","Celecoxib(세레콕시브)",20190927
"노인주의","단일",D000138,Celecoxib,"세레콕시브","[M089149]세레콕시브","경질캡슐제, 산제",201505202,"셀코브렉스캡슐200mg(세레콕시브)",20150731,"알리코제약(주)","흰색 내지 미황색의 분말이 든 상·하 황색줄이 있는 흰색의 불투명한 경질캡슐",01140,"해열.진통.소염제","전문의약품","[M089149]세레콕시브",20210715,"","","Celecoxib(세레콕시브)",20190304
"노인주의","단일",D000506,Diclofenac,"디클로페낙","[M083248]디클로페낙","가글제",201505730,"아프니벤큐액(디클로페낙)",20150817,"코오롱제약(주)","복숭아와 민트향이 나는 맑거나 약간 유백광의 빨간 주황색의 액제",02310,"치과구강용약","일반의약품","[M083248]디클로페낙",20210715,"","","Diclofenac(디클로페낙)",20251201
"노인주의","단일",D000138,Celecoxib,"세레콕시브","[M089149]세레콕시브","경질캡슐제, 산제",201506677,"쎄레브렉스캡슐400밀리그램(세레콕시브)",20150922,"비아트리스코리아(주)","흰색 내지 회백색의 분말이 충진된 상하 녹색줄이 있는 흰색의 캡슐제",01140,"해열.진통.소염제","전문의약품","[M089149]세레콕시브",20210715,"","","Celecoxib(세레콕시브)",20200525
"노인주의","단일",D000086,Dexibuprofen,"덱시부프로펜","[M092057]덱시부프로펜","연질캡슐제, 액상",201507100,"펜스톱연질캡슐(덱시부프로펜)",20151012,"고려제약(주)","미황색 내지 연한 주황색의 투명한 유상내용물이 든 주황색의 투명한 타원형 연질캡슐",01140,"해열.진통.소염제","일반의약품","[M092057]덱시부프로펜",20210715,"","","Dexibuprofen(덱시부프로펜)",20260102
"노인주의","단일",D000138,Celecoxib,"세레콕시브","[M089149]세레콕시브","경질캡슐제, 산제",201507452,"쎄레노직캡슐100밀리그램(세레콕시브)",20151029,"(주)대웅제약","흰색 내지 연노란색의 가루가 충전된 흰색의 캡슐제",01140,"해열.진통.소염제","전문의약품","[M089149]세레콕시브",20210715,"","","Celecoxib(세레콕시브)",20180205
"노인주의","단일",D000138,Celecoxib,"세레콕시브","[M089149]세레콕시브","경질캡슐제, 산제",201507475,"쎄레스콕캡슐200mg(세레콕시브)",20151030,"태극제약(주)","흰색내지 미황색의 분말이 충전된 상하 흰색의 캡슐제",01140,"해열.진통.소염제","전문의약품","[M089149]세레콕시브",20210715,"","","Celecoxib(세레콕시브)",20201102
"노인주의","단일",D000138,Celecoxib,"세레콕시브","[M089149]세레콕시브","경질캡슐제, 산제",201508507,"쎄넥스캡슐100mg(세레콕시브)",20151230,"(주)넥스팜코리아","흰색 내지 미황색의 분말이 충전된 상하 푸른색 줄이 있는 흰색의 캡슐제",01140,"해열.진통.소염제","전문의약품","[M089149]세레콕시브",20210715,"","","Celecoxib(세레콕시브)",20200310
"노인주의","단일",D000138,Celecoxib,"세레콕시브","[M089149]세레콕시브","경질캡슐제, 산제",201508549,"쎄렉스타캡슐100mg(세레콕시브)",20151231,"(주)이든파마","흰색 내지 연노란색의 가루가 충전된 상하 푸른색 줄이 있는 흰색의 캡슐제",01140,"해열.진통.소염제","전문의약품","[M089149]세레콕시브",20210715,"","","Celecoxib(세레콕시브)",20201216
"노인주의","단일",D000138,Celecoxib,"세레콕시브","[M089149]세레콕시브","경질캡슐제, 산제",201600811,"셀코브렉스캡슐100밀리그램(세레콕시브)",20160212,"알리코제약(주)","흰색 내지 미황색의 분말이 충전된 상하 푸른색 줄이 있는 흰색의 캡슐제",01140,"해열.진통.소염제","전문의약품","[M089149]세레콕시브",20210715,"","","Celecoxib(세레콕시브)",20191023
"노인주의","단일",D000138,Celecoxib,"세레콕시브","[M089149]세레콕시브","경질캡슐제, 산제",201601081,"베아콕시브캡슐100밀리그램(세레콕시브)",20160226,"대웅바이오(주)","흰색 내지 미황색의 분말이 충전된 상하 푸른색줄이 있는 흰색의 경질캡슐제",01140,"해열.진통.소염제","전문의약품","[M089149]세레콕시브",20210715,"","","Celecoxib(세레콕시브)",20200821
"노인주의","단일",D000138,Celecoxib,"세레콕시브","[M089149]세레콕시브","경질캡슐제, 산제",201601704,"크리콕스캡슐400밀리그램(세레콕시브)",20160331,"삼진제약(주)","흰색 내지 미황색의 분말이 충전된 상하 녹색줄이 있는 흰색의경질캡슐제",01140,"해열.진통.소염제","전문의약품","[M089149]세레콕시브",20210715,"","","Celecoxib(세레콕시브)",20200229
"노인주의","단일",D000138,Celecoxib,"세레콕시브","[M089149]세레콕시브","경질캡슐제, 산제",201601887,"픽콕스캡슐200mg(세레콕시브)",20160408,"익수제약(주)","흰색 내지 미황색의 분말이 충전된 상하 흰색의 캡슐제",01140,"해열.진통.소염제","전문의약품","[M089149]세레콕시브",20210715,"","","Celecoxib(세레콕시브)",20180205
"노인주의","단일",D000086,Dexibuprofen,"덱시부프로펜","[M215523]덱시부프로펜 디.씨.","필름코팅정",201602068,"덱스렌정(덱시부프로펜디.씨.)",20160412,"(주)오스코리아제약","주황색의 장방형 필름코팅정",01140,"해열.진통.소염제","일반의약품","[M215523]덱시부프로펜 디.씨.",20210715,"","","Dexibuprofen(덱시부프로펜)",20260102
"노인주의","단일",D000138,Celecoxib,"세레콕시브","[M089149]세레콕시브","경질캡슐제, 산제",201602304,"세코브캡슐200밀리그램(세레콕시브)",20160425,"아이큐어(주)","흰색 내지 연한 노란색의 분말이 충전된 상하 흰색의 캡슐제",01140,"해열.진통.소염제","전문의약품","[M089149]세레콕시브",20210715,"","","Celecoxib(세레콕시브)",20200325
"노인주의","단일",D000086,Dexibuprofen,"덱시부프로펜","[M215523]덱시부프로펜 디.씨.","필름코팅정",201602338,"덱시디펜정400밀리그램(덱시부프로펜디.씨.)",20160426,"경동제약(주)","흰색의 장방형 필름코팅정",01140,"해열.진통.소염제","전문의약품","[M215523]덱시부프로펜 디.씨.",20210715,"","","Dexibuprofen(덱시부프로펜)",20260102
"노인주의","단일",D000138,Celecoxib,"세레콕시브","[M089149]세레콕시브","경질캡슐제, 산제",201602409,"제이브렉스캡슐100밀리그램(세레콕시브)",20160428,"제이더블유중외제약(주)","흰색 내지 미황색의 분말이 충전된 상하 푸른색줄이 있는 흰색의 경질캡슐제",01140,"해열.진통.소염제","전문의약품","[M089149]세레콕시브",20210715,"","","Celecoxib(세레콕시브)",20191101
"노인주의","단일",D000086,Dexibuprofen,"덱시부프로펜","[M215523]덱시부프로펜 디.씨.","필름코팅정",201602517,"덱시딜정400mg(덱시부프로펜디.씨.)",20160504,"조아제약(주)","분홍색 장방형의 필름코팅정제",01140,"해열.진통.소염제","전문의약품","[M215523]덱시부프로펜 디.씨.",20210715,"","","Dexibuprofen(덱시부프로펜)",20260102
"노인주의","단일",D000138,Celecoxib,"세레콕시브","[M089149]세레콕시브","경질캡슐제, 산제",201603412,"쎄브렉캡슐200밀리그램(세레콕시브)",20160614,"(주)바스칸바이오제약","흰색 내지 미황색의 분말이 충전된 상하 흰색의 캡슐제",01140,"해열.진통.소염제","전문의약품","[M089149]세레콕시브",20210715,"","","Celecoxib(세레콕시브)",20201231
"노인주의","단일",D000138,Celecoxib,"세레콕시브","[M089149]세레콕시브","경질캡슐제, 산제",201603482,"싸이브렉스캡슐100mg(세레콕시브)",20160615,"한국휴텍스제약(주)","흰색 내지 미황색의 분말이 충전된 상하 푸른색줄이 있는 흰색의 캡슐제",01140,"해열.진통.소염제","전문의약품","[M089149]세레콕시브",20210715,"","","Celecoxib(세레콕시브)",20190906
"노인주의","단일",D000138,Celecoxib,"세레콕시브","[M089149]세레콕시브","경질캡슐제, 산제",201603731,"뉴셀콕캡슐200mg(세레콕시브)",20160622,"오스틴제약(주)","흰색 내지 미황색의 분말이 충전된 상하 노란색줄이 있는 흰색의 캡슐",01140,"해열.진통.소염제","전문의약품","[M089149]세레콕시브",20210715,"","","Celecoxib(세레콕시브)",20200109
"노인주의","단일",D000138,Celecoxib,"세레콕시브","[M089149]세레콕시브","경질캡슐제, 산제",201603732,"뉴셀콕캡슐100mg(세레콕시브)",20160622,"오스틴제약(주)","흰색 내지 미황색의 분말이 충전된 상하 파란색줄이 있는 흰색의 캡슐",01140,"해열.진통.소염제","전문의약품","[M089149]세레콕시브",20210715,"","","Celecoxib(세레콕시브)",20200109
"노인주의","단일",D000086,Dexibuprofen,"덱시부프로펜","[M254719]덱시부프로펜","액상시럽제",201603768,"엑스펜시럽(덱시부프로펜)",20160622,"(주)동구바이오제약","이 약은 불투명한 흰색병에 독특한 향이 들어 있는 흰색 내지 미황색의 현탁시럽제이다.",01140,"해열.진통.소염제","일반의약품","[M254719]덱시부프로펜",20210715,"","","Dexibuprofen(덱시부프로펜)",20260102
"노인주의","단일",D000138,Celecoxib,"세레콕시브","[M089149]세레콕시브","경질캡슐제, 산제",201604055,"아이셀콕캡슐200밀리그램(세레콕시브)",20160629,"(주)아이월드제약","흰색내지 미황색의 분말이 충전된 상하 노란색 줄이 있는 흰색의 캡슐제",01140,"해열.진통.소염제","전문의약품","[M089149]세레콕시브",20210715,"","","Celecoxib(세레콕시브)",20190918
"노인주의","단일",D000138,Celecoxib,"세레콕시브","[M089149]세레콕시브","경질캡슐제, 산제",201604056,"아이셀콕캡슐100밀리그램(세레콕시브)",20160629,"(주)아이월드제약","흰색내지 미황색의 분말이 충전된 상하 푸른색 줄이 있는 흰색의 캡슐제",01140,"해열.진통.소염제","전문의약품","[M089149]세레콕시브",20210715,"","","Celecoxib(세레콕시브)",20190918
"노인주의","단일",D000506,Diclofenac,"디클로페낙","[M050288]디클로페낙나트륨/[M050288]디클로페낙나트륨/[M050288]디클로페낙나트륨","지지체가있는첩부제",201604278,"신신디펜쿨플라스타(디클로페낙나트륨)",20160711,"신신제약(주)","이 약은 연노랑의 점착성물질을 살구색의 린트포에 도포하여(바르고) 점착제면에 박리(벗겨짐)지를 덮은 첩부제이다.",02640,"진통.진양.수렴.소염제","일반의약품","[M050288]디클로페낙나트륨/[M050288]디클로페낙나트륨/[M050288]디클로페낙나트륨",20210715,"","","Diclofenac(디클로페낙)",20241212
"노인주의","단일",D000506,Diclofenac,"디클로페낙","[M252249]디클로페낙β-디메틸아미노에탄올","용액주사제",201604657,"오스타렌에프주(디클로페낙β-디메틸아미노에탄올)",20160728,"(주)오스코리아제약","무색～미황색의 투명한 액이 들어있는 갈색의 앰플주사제",01140,"해열.진통.소염제","전문의약품","[M252249]디클로페낙β-디메틸아미노에탄올",20210715,"","","Diclofenac(디클로페낙)",20250415
"노인주의","단일",D000506,Diclofenac,"디클로페낙","[M050288]디클로페낙나트륨","용액주사제",201604658,"오스타렌주(디클로페낙나트륨)",20160728,"(주)오스코리아제약","무색투명한 액이 들어있는 갈색의 앰플",01140,"해열.진통.소염제","전문의약품","[M050288]디클로페낙나트륨",20210715,"","","Diclofenac(디클로페낙)",20250415
"노인주의","단일",D000138,Celecoxib,"세레콕시브","[M089149]세레콕시브","필름코팅정",201604942,"쎌콕정100밀리그램(세레콕시브)",20160812,"환인제약(주)","흰색의 원형 필름코팅정",01140,"해열.진통.소염제","전문의약품","[M089149]세레콕시브",20210715,"","","Celecoxib(세레콕시브)",20200221
"노인주의","단일",D000675,Clonixin,"클로닉신","[M080375]클로닉신리시네이트","연질캡슐제, 액상",201606148,"파인싹연질캡슐(클로닉신리시네이트)",20161019,"제일헬스사이언스(주)","미황색의 투명한 액이 든 청색의 투명한 타원형 연질캡슐",01140,"해열.진통.소염제","일반의약품","[M080375]클로닉신리시네이트",20210715,"","","Clonixin(클로닉신)",20181127
"노인주의","단일",D000675,Clonixin,"클로닉신","[M080375]클로닉신리시네이트","연질캡슐제, 액상",201606264,"크록쎈연질캡슐(클로닉신리시네이트)",20161025,"(주)마더스제약","미황색의 투명한 액이 든 청색의 투명한 타원형 연질캡슐",01140,"해열.진통.소염제","일반의약품","[M080375]클로닉신리시네이트",20210715,"","","Clonixin(클로닉신)",20181105
"노인주의","단일",D000506,Diclofenac,"디클로페낙","[M050288]디클로페낙나트륨","용액주사제",201606539,"세로페낙주(디클로페낙나트륨)",20161108,"(주)화이트생명과학","무색투명한 액이 들어있는 갈색의 앰플",01140,"해열.진통.소염제","전문의약품","[M050288]디클로페낙나트륨",20210715,"","","Diclofenac(디클로페낙)",20250415
"노인주의","단일",D000506,Diclofenac,"디클로페낙","[M050288]디클로페낙나트륨","용액주사제",201606827,"글로페낙주(디클로페낙나트륨)",20161130,"(주)킵스바이오파마","무색투명한 액이 들어있는 갈색의 앰플",01140,"해열.진통.소염제","전문의약품","[M050288]디클로페낙나트륨",20210715,"","","Diclofenac(디클로페낙)",20250415
"노인주의","단일",D000086,Dexibuprofen,"덱시부프로펜","[M254719]덱시부프로펜","필름코팅정",201701383,"덱펜정(덱시부프로펜)",20170321,"(주)경보제약","분홍색의 장방형 필름코팅정",01140,"해열.진통.소염제","일반의약품","[M254719]덱시부프로펜",20210715,"","","Dexibuprofen(덱시부프로펜)",20260102
"노인주의","단일",D000086,Dexibuprofen,"덱시부프로펜","[M254719]덱시부프로펜","연질캡슐제, 액상",201702324,"코스빌연질캡슐(덱시부프로펜)",20170511,"코스맥스파마(주)","무색의 투명한 액이 든 연한 청록색의 투명한 달걀형 연질캡슐",01140,"해열.진통.소염제","일반의약품","[M254719]덱시부프로펜",20210715,"","","Dexibuprofen(덱시부프로펜)",20260102
"노인주의","단일",D000138,Celecoxib,"세레콕시브","[M089149]세레콕시브","경질캡슐제, 산제",201704834,"콕시원캡슐200밀리그램(세레콕시브)",20170627,"(주)중헌제약","흰색 내지 미황색의 분말이 충전된 상하 황색줄이 있는 흰색의 캡슐제",01140,"해열.진통.소염제","전문의약품","[M089149]세레콕시브",20210715,"","","Celecoxib(세레콕시브)",20190930
"노인주의","단일",D000138,Celecoxib,"세레콕시브","[M089149]세레콕시브","경질캡슐제, 산제",201705172,"셀코빅스캡슐200밀리그램(세레콕시브)",20170630,"신일제약(주)","흰색 내지 연노란색의 분말이 충진된 상하 황색 줄이 있는 흰색의 불투명한 경질캡슐제",01140,"해열.진통.소염제","전문의약품","[M089149]세레콕시브",20210715,"","","Celecoxib(세레콕시브)",20200529
"노인주의","단일",D000675,Clonixin,"클로닉신","[M080375]클로닉신리시네이트","연질캡슐제, 액상",201706689,"크로니신연질캡슐(클로닉신리시네이트)",20170821,"(주)테라젠이텍스","미황색의 투명한 액이 든 청색의 투명한 타원형 연질캡슐",01140,"해열.진통.소염제","일반의약품","[M080375]클로닉신리시네이트",20210715,"","","Clonixin(클로닉신)",20181123
"노인주의","단일",D000138,Celecoxib,"세레콕시브","[M089149]세레콕시브","경질캡슐제, 산제",201706790,"랙시브캡슐100밀리그램(세레콕시브)",20170823,"(주)한국피엠지제약","흰색 내지 연노란색의 분말이 든 푸른색 줄이 있는 상,하부 흰색의 경질캡슐",01140,"해열.진통.소염제","전문의약품","[M089149]세레콕시브",20210715,"","","Celecoxib(세레콕시브)",20200410
"노인주의","단일",D000138,Celecoxib,"세레콕시브","[M089149]세레콕시브","경질캡슐제, 산제",201706853,"셀브렉캡슐100밀리그램(세레콕시브)",20170828,"동국제약(주)","흰색 내지 미황색의 분말이 충전된 상하 푸른색 줄이 있는 흰색의 캡슐제",01140,"해열.진통.소염제","전문의약품","[M089149]세레콕시브",20210715,"","","Celecoxib(세레콕시브)",20180205
"노인주의","단일",D000506,Diclofenac,"디클로페낙","[M050288]디클로페낙나트륨","용액주사제",201707880,"경동디클로페낙주(디클로페낙나트륨)(수출용)",20171113,"경동제약(주)","무색투명한 액이 들어있는 갈색의 앰플",01140,"해열.진통.소염제","전문의약품","[M050288]디클로페낙나트륨",20210715,"","","Diclofenac(디클로페낙)",20230819
"노인주의","단일",D000506,Diclofenac,"디클로페낙","[M050288]디클로페낙나트륨","점안용액제",201707913,"리페낙점안액(디클로페낙나트륨)",20171115,"(주)휴온스메디텍","무색 내지 미황색의 액이 무색 투명한 플라스틱 용기에 든 점안액",01310,"안과용제","전문의약품","[M050288]디클로페낙나트륨",20210715,"","","Diclofenac(디클로페낙)",20241212
"노인주의","단일",D000086,Dexibuprofen,"덱시부프로펜","[M254719]덱시부프로펜","액상시럽제",201708249,"덱시디펜시럽(덱시부프로펜)",20171206,"경동제약(주)","불투명한 흰색병에 독특한 향이 들어 있는 흰색 내지 미황색의 현탁시럽제",01140,"해열.진통.소염제","일반의약품","[M254719]덱시부프로펜",20210715,"","","Dexibuprofen(덱시부프로펜)",20260102
"노인주의","단일",D000506,Diclofenac,"디클로페낙","[M050288]디클로페낙나트륨","지지체가있는첩부제",201800106,"제일디쿨24플라스타(디클로페낙나트륨)",20180109,"제일헬스사이언스(주)","무색 내지 미황색의 점착성 물질을 지지체에 도포하고 고체면에 고체피복을 덮은 첩부제이다.",02640,"진통.진양.수렴.소염제","일반의약품","[M050288]디클로페낙나트륨",20210715,"","","Diclofenac(디클로페낙)",20241212
"노인주의","단일",D000675,Clonixin,"클로닉신","[M080375]클로닉신리시네이트","연질캡슐제, 액상",201800231,"프리에스연질캡슐(클로닉신리시네이트)",20180116,"동국제약(주)","미황색의 투명한 액이 든 청색의 투명한 타원형 연질캡슐",01140,"해열.진통.소염제","일반의약품","[M080375]클로닉신리시네이트",20210715,"","","Clonixin(클로닉신)",20190705
"노인주의","단일",D000506,Diclofenac,"디클로페낙","[M050288]디클로페낙나트륨/[M050288]디클로페낙나트륨/[M050288]디클로페낙나트륨/[M050288]디클로페낙나트륨/[M050288]디클로페낙나트륨/[M050288]디클로페낙나트륨","지지체가있는첩부제",201708500,"게보핏파워플라스타(디클로페낙나트륨)",20171221,"삼진제약(주)","무색 내지 미황색의 점착성 물질을 지지체에 도포하고 고체면에 고체피복물을 덮은 첩부제이다.",02640,"진통.진양.수렴.소염제","일반의약품","[M050288]디클로페낙나트륨/[M050288]디클로페낙나트륨/[M050288]디클로페낙나트륨/[M050288]디클로페낙나트륨/[M050288]디클로페낙나트륨/[M050288]디클로페낙나트륨",20210715,"","","Diclofenac(디클로페낙)",20241212
"노인주의","단일",D000086,Dexibuprofen,"덱시부프로펜","[M254719]덱시부프로펜","액상시럽제",201800862,"아이소펜시럽(덱시부프로펜)",20180219,"한국휴텍스제약(주)","불투명한 흰색병에 독특한 향이 들어 있는 흰색 내지 미황색의 현탁시럽제",01140,"해열.진통.소염제","일반의약품","[M254719]덱시부프로펜",20210715,"","","Dexibuprofen(덱시부프로펜)",20260102
"노인주의","단일",D000506,Diclofenac,"디클로페낙","[M050288]디클로페낙나트륨/[M050288]디클로페낙나트륨","지지체가있는첩부제",201800891,"그날엔딥24플라스타(디클로페낙나트륨)",20180222,"경동제약(주)","무색투명 내지 미황색의 점착성 물질을 지지체에 도포하고(바르고) 고체면에 고체피복물을 덮은 첩부제이다.",02640,"진통.진양.수렴.소염제","일반의약품","[M050288]디클로페낙나트륨/[M050288]디클로페낙나트륨",20210715,"","","Diclofenac(디클로페낙)",20241212
"노인주의","단일",D000506,Diclofenac,"디클로페낙","[M050288]디클로페낙나트륨/[M050288]디클로페낙나트륨","지지체가있는첩부제",201801390,"류펜프리플라스타(디클로페낙나트륨)",20180329,"대화제약(주)","엷은 노란색의 점착성 물질을 린트포에 도포하여 고체면에 피복체를 덮은 첩부제",02640,"진통.진양.수렴.소염제","일반의약품","[M050288]디클로페낙나트륨/[M050288]디클로페낙나트륨",20210715,"","","Diclofenac(디클로페낙)",20241212
"노인주의","단일",D000086,Dexibuprofen,"덱시부프로펜","[M254719]덱시부프로펜","연질캡슐제, 액상",201801763,"펜타우드연질캡슐(덱시부프로펜)",20180425,"(주)제뉴파마","미황색 내지 연한 주황색의 투명한 유상내용물이 든 주황색의 투명한 타원형 연질캡슐",01140,"해열.진통.소염제","일반의약품","[M254719]덱시부프로펜",20210715,"","","Dexibuprofen(덱시부프로펜)",20260102
"노인주의","단일",D000506,Diclofenac,"디클로페낙","[M050288]디클로페낙나트륨","지지체가있는첩부제",201802469,"아프머스엘플라스타(디클로페낙나트륨)",20180614,"영진약품(주)","엷은 노란색의 점착성 물질을 린트포에 도포하여 고체면에 피복체를 덮은 첩부제",02640,"진통.진양.수렴.소염제","일반의약품","[M050288]디클로페낙나트륨",20210715,"","","Diclofenac(디클로페낙)",20241212
"노인주의","단일",D000138,Celecoxib,"세레콕시브","[M089149]세레콕시브","경질캡슐제, 산제",201802512,"쎄레브이캡슐100밀리그램(세레콕시브)",20180615,"한림제약(주)","흰색 내지 미황색의 분말이 충전된 상하 청색줄이 있는 흰색의경질캡슐제",01140,"해열.진통.소염제","전문의약품","[M089149]세레콕시브",20210715,"","","Celecoxib(세레콕시브)",20200228
"노인주의","단일",D000086,Dexibuprofen,"덱시부프로펜","[M215523]덱시부프로펜 디.씨.","필름코팅정",201802579,"애니펜정400밀리그램(덱시부프로펜디.씨)",20180620,"안국약품(주)","분홍색의 타원형 필름코팅정",01140,"해열.진통.소염제","전문의약품","[M215523]덱시부프로펜 디.씨.",20210715,"","","Dexibuprofen(덱시부프로펜)",20260102
"노인주의","단일",D000086,Dexibuprofen,"덱시부프로펜","[M254719]덱시부프로펜","연질캡슐제, 액상",201802592,"바이펜연질캡슐300mg(덱시부프로펜)",20180621,"구주제약(주)","무색의 투명한 액이 든 연한 청록색의 투명한 달걀형 연질캡슐",01140,"해열.진통.소염제","일반의약품","[M254719]덱시부프로펜",20210715,"","","Dexibuprofen(덱시부프로펜)",20260102
"노인주의","단일",D000506,Diclofenac,"디클로페낙","[M050288]디클로페낙나트륨/[M050288]디클로페낙나트륨","지지체가있는첩부제",201802608,"코디톱쿨플라스타(디클로페낙나트륨)",20180621,"코오롱제약(주)","엷은 노란색의 점착성 물질을 린트포에 도포하여 고체면에 피복체를 덮은 첩부제",02640,"진통.진양.수렴.소염제","일반의약품","[M050288]디클로페낙나트륨/[M050288]디클로페낙나트륨",20210715,"","","Diclofenac(디클로페낙)",20241212
"노인주의","단일",D000086,Dexibuprofen,"덱시부프로펜","[M254719]덱시부프로펜","액상시럽제",201802676,"판콜아이시럽(덱시부프로펜)",20180627,"동화약품(주)","알루미늄호일에 든 무색 내지 미황색의 시럽제",01140,"해열.진통.소염제","일반의약품","[M254719]덱시부프로펜",20210715,"","","Dexibuprofen(덱시부프로펜)",20260102
"노인주의","단일",D000138,Celecoxib,"세레콕시브","[M089149]세레콕시브","경질캡슐제, 산제",201802747,"세레코브캡슐200밀리그램(세레콕시브)",20180629,"(주)다산제약","흰색 내지 미황색의 분말이 든 흰색의 불투명한 경질캡슐제",01140,"해열.진통.소염제","전문의약품","[M089149]세레콕시브",20210715,"","","Celecoxib(세레콕시브)",20210309
"노인주의","단일",D000138,Celecoxib,"세레콕시브","[M089149]세레콕시브","경질캡슐제, 산제",201803009,"세코브캡슐100밀리그램(세레콕시브)",20180720,"아이큐어(주)","흰색 내지 미황색의 분말이 충전된 상, 하 흰색의 캡슐제",01140,"해열.진통.소염제","전문의약품","[M089149]세레콕시브",20210715,"","","Celecoxib(세레콕시브)",20200504
"노인주의","단일",D000138,Celecoxib,"세레콕시브","[M089149]세레콕시브","경질캡슐제, 산제",201803405,"쎄레콕스타캡슐(세레콕시브)",20180821,"신신제약(주)","흰색 내지 미황색의 분말이 든 흰색의 불투명한 경질캡슐제",01140,"해열.진통.소염제","전문의약품","[M089149]세레콕시브",20210715,"","","Celecoxib(세레콕시브)",20190905
"노인주의","단일",D000675,Clonixin,"클로닉신","[M080375]클로닉신리시네이트","연질캡슐제, 액상",201803647,"네오크로신연질캡슐(클로닉신리시네이트)",20180907,"(주)넥스팜코리아","미황색의 투명한 액이 든 청색의 투명한 타원형 연질캡슐",01140,"해열.진통.소염제","일반의약품","[M080375]클로닉신리시네이트",20210715,"","","Clonixin(클로닉신)",20191111
"노인주의","단일",D000138,Celecoxib,"세레콕시브","[M089149]세레콕시브","경질캡슐제, 산제",201803824,"세콕시아캡슐100mg(세레콕시브)",20180927,"(주)킴스제약","흰색 내지 미황색의 분말이 충전된 상하 푸른색 줄이 있는 흰색의 캡슐제",01140,"해열.진통.소염제","전문의약품","[M089149]세레콕시브",20210715,"","","Celecoxib(세레콕시브)",20190930
"노인주의","단일",D000506,Diclofenac,"디클로페낙","[M050288]디클로페낙나트륨/[M050288]디클로페낙나트륨","지지체가있는첩부제",201803842,"노펜24쿨플라스타(디클로페낙나트륨)",20180928,"제이더블유중외제약(주)","엷은 노란색의 점착성 물질을 린트포에 도포하여 고체면에 피복체를 덮은 첩부제",02640,"진통.진양.수렴.소염제","일반의약품","[M050288]디클로페낙나트륨/[M050288]디클로페낙나트륨",20210715,"","","Diclofenac(디클로페낙)",20241212
"노인주의","단일",D000675,Clonixin,"클로닉신","[M080375]클로닉신리시네이트","연질캡슐제, 액상",201804386,"크로씬탑연질캡슐(클로닉신리시네이트)",20181105,"이연제약(주)","미황색의 투명한 액이 든 청색의 투명한 타원형 연질캡슐",01140,"해열.진통.소염제","일반의약품","[M080375]클로닉신리시네이트",20210715,"","","Clonixin(클로닉신)",20181120
"노인주의","단일",D000138,Celecoxib,"세레콕시브","[M089149]세레콕시브","경질캡슐제, 산제",201805147,"쎄레메드캡슐100mg(세레콕시브)",20181218,"구주제약(주)","흰색 내지 연노란색의 분말이 충전된 상,하 파란색 줄이 있는 흰색의 경질캡슐",01140,"해열.진통.소염제","전문의약품","[M089149]세레콕시브",20210715,"","","Celecoxib(세레콕시브)",20210405
"노인주의","단일",D000086,Dexibuprofen,"덱시부프로펜","[M254719]덱시부프로펜","연질캡슐제, 액상",201900282,"옵티제로연질캡슐(덱시부프로펜)",20190121,"경진제약(주)","무색의 투명한 액이 든 무색의 투명한 달걀형 연질캡슐",01140,"해열.진통.소염제","일반의약품","[M254719]덱시부프로펜",20210715,"","","Dexibuprofen(덱시부프로펜)",20260102
"노인주의","단일",D000138,Celecoxib,"세레콕시브","[M089149]세레콕시브","경질캡슐제, 산제",201900319,"콕시원캡슐100밀리그램(세레콕시브)",20190122,"(주)중헌제약","흰색 내지 미황색의 분말이 충전된 상하 푸른색 줄이 있는 흰색의 캡슐제",01140,"해열.진통.소염제","전문의약품","[M089149]세레콕시브",20210715,"","","Celecoxib(세레콕시브)",20200804
"노인주의","단일",D000506,Diclofenac,"디클로페낙","[M050288]디클로페낙나트륨","점안용액제",201900709,"휴클로점안액(디클로페낙나트륨)",20190130,"(주)휴메딕스","무색 내지 미황색의 액이 무색 투명한 플라스틱 용기에 든 점안액",01310,"안과용제","전문의약품","[M050288]디클로페낙나트륨",20210715,"","","Diclofenac(디클로페낙)",20241212
"노인주의","단일",D000086,Dexibuprofen,"덱시부프로펜","[M254719]덱시부프로펜","연질캡슐제, 액상",201900852,"휴덱시연질캡슐(덱시부프로펜)",20190211,"(주)휴온스","무색의 투명한 액이 든 연한 청록색의 투명한 달갈형 연질캡슐",01140,"해열.진통.소염제","일반의약품","[M254719]덱시부프로펜",20210715,"","","Dexibuprofen(덱시부프로펜)",20260102
"노인주의","단일",D000086,Dexibuprofen,"덱시부프로펜","[M254719]덱시부프로펜","필름코팅정",201900962,"파나덱스정300밀리그램(덱시부프로펜)",20190215,"아주약품(주)","흰색의 장방형 필름코팅정",01140,"해열.진통.소염제","일반의약품","[M254719]덱시부프로펜",20210715,"","","Dexibuprofen(덱시부프로펜)",20260102
"노인주의","단일",D000086,Dexibuprofen,"덱시부프로펜","[M254719]덱시부프로펜","필름코팅정",201900986,"디뉴펜정(덱시부프로펜)",20190219,"동국제약(주)","흰색의 장방형 필름코팅정",01140,"해열.진통.소염제","일반의약품","[M254719]덱시부프로펜",20210715,"","","Dexibuprofen(덱시부프로펜)",20260102
"노인주의","단일",D000138,Celecoxib,"세레콕시브","[M089149]세레콕시브","경질캡슐제, 산제",201901048,"메디브렉스캡슐200밀리그램(세레콕시브)",20190220,"(주)인트로바이오파마","흰색 내지 미황색의 분말이 충전된 상하 황색줄이 있는 흰색의 캡슐제",01140,"해열.진통.소염제","전문의약품","[M089149]세레콕시브",20210715,"","","Celecoxib(세레콕시브)",20200521
"노인주의","단일",D000138,Celecoxib,"세레콕시브","[M089149]세레콕시브","경질캡슐제, 산제",201901049,"메디브렉스캡슐100밀리그램(세레콕시브)",20190220,"(주)인트로바이오파마","흰색 내지 미황색의 분말이 충전된 상하 푸른색 줄이 있는 흰색의 캡슐제",01140,"해열.진통.소염제","전문의약품","[M089149]세레콕시브",20210715,"","","Celecoxib(세레콕시브)",20200521
"노인주의","단일",D000138,Celecoxib,"세레콕시브","[M089149]세레콕시브","경질캡슐제, 과립제",201901050,"쎌비트캡슐100밀리그램(세레콕시브)",20190220,"하나제약(주)","흰색 내지 미황색의 분말이 충전된 상하 푸른색 줄이 있는 흰색의 캡슐제",01140,"해열.진통.소염제","전문의약품","[M089149]세레콕시브",20210715,"","","Celecoxib(세레콕시브)",20200131
"노인주의","단일",D000138,Celecoxib,"세레콕시브","[M089149]세레콕시브","경질캡슐제, 산제",201901371,"세레벡스캡슐100밀리그램(세레콕시브)",20190307,"한국프라임제약(주)","흰색 내지 미황색의 분말이 충전된 상, 하 푸른색 줄이 있는 흰색의 캡슐제",01140,"해열.진통.소염제","전문의약품","[M089149]세레콕시브",20210715,"","","Celecoxib(세레콕시브)",20200325
"노인주의","단일",D000138,Celecoxib,"세레콕시브","[M089149]세레콕시브","경질캡슐제, 산제",201901372,"쎄레민캡슐100밀리그램(세레콕시브)",20190307,"(주)테라젠이텍스","흰색 내지 미황색의 분말이 충전된 상, 하 푸른색 줄이 있는 흰색의 캡슐제",01140,"해열.진통.소염제","전문의약품","[M089149]세레콕시브",20210715,"","","Celecoxib(세레콕시브)",20200910
"노인주의","단일",D000138,Celecoxib,"세레콕시브","[M089149]세레콕시브","경질캡슐제, 산제",201901725,"씨엘콕스캡슐200밀리그램(세레콕시브)",20190322,"(주)보령바이오파마","흰색 내지 미황색의 분말이 든 흰색의 불투명한 경질캡슐제",01140,"해열.진통.소염제","전문의약품","[M089149]세레콕시브",20210715,"","","Celecoxib(세레콕시브)",20200903
"노인주의","단일",D000138,Celecoxib,"세레콕시브","[M089149]세레콕시브","경질캡슐제, 산제",201901768,"쎄브렉캡슐100밀리그램(세레콕시브)",20190325,"(주)바스칸바이오제약","흰색 내지 미황색의 분말이 충전된 상하 푸른색 줄이 있는 흰색의 캡슐제",01140,"해열.진통.소염제","전문의약품","[M089149]세레콕시브",20210715,"","","Celecoxib(세레콕시브)",20210204
"노인주의","단일",D000138,Celecoxib,"세레콕시브","[M089149]세레콕시브","경질캡슐제, 과립제",201902085,"위더콕스캡슐100밀리그램(세레콕시브)",20190405,"위더스제약(주)","흰색 내지 미황색의 분말이 충전된 상하 푸른색 줄이 있는 흰색의 캡슐제",01140,"해열.진통.소염제","전문의약품","[M089149]세레콕시브",20210715,"","","Celecoxib(세레콕시브)",20210322
"노인주의","단일",D000138,Celecoxib,"세레콕시브","[M089149]세레콕시브","경질캡슐제, 과립제",201902128,"셀레코캡슐200밀리그램(세레콕시브)",20190408,"코오롱제약(주)","흰색내지 미황색의 분말이 충전된 상하 노란색 줄이 있는 흰색의 캡슐제",01140,"해열.진통.소염제","전문의약품","[M089149]세레콕시브",20210715,"","","Celecoxib(세레콕시브)",20200716
"노인주의","단일",D000138,Celecoxib,"세레콕시브","[M089149]세레콕시브","경질캡슐제, 산제",201902282,"씨트렉스캡슐100밀리그램(세레콕시브)",20190415,"에이치엘비제약(주)","흰색 내지 미황색의 분말이 충전된 상하 푸른색 줄이 있는 흰색의 캡슐제",01140,"해열.진통.소염제","전문의약품","[M089149]세레콕시브",20210715,"","","Celecoxib(세레콕시브)",20200901
"노인주의","단일",D000506,Diclofenac,"디클로페낙","[M050288]디클로페낙나트륨","지지체가있는첩부제",201902572,"디로펜24쿨플라스타(디클로페낙나트륨)",20190424,"(주)시어스제약","엷은 노란색의 점착성 물질을 린트포에 도포하여 고체면에 피복체를 덮은 첩부제",02640,"진통.진양.수렴.소염제","일반의약품","[M050288]디클로페낙나트륨",20210715,"","","Diclofenac(디클로페낙)",20241212
"노인주의","단일",D000138,Celecoxib,"세레콕시브","[M089149]세레콕시브","경질캡슐제, 산제",201902742,"셀렉시브캡슐100mg(세레콕시브)",20190429,"국제약품(주)","흰색 내지 미황색의 가루가 충전된 상하 푸른색 줄이 있는 흰색의 캡슐제이다.",01140,"해열.진통.소염제","전문의약품","[M089149]세레콕시브",20210715,"","","Celecoxib(세레콕시브)",20200317
"노인주의","단일",D000086,Dexibuprofen,"덱시부프로펜","[M254719]덱시부프로펜","연질캡슐제, 액상",201902982,"덱스원큐연질캡슐(덱시부프로펜)",20190502,"동아제약(주)","무색 내지 연한 청색의 투명한 내용물이 든 청색의 투명한 타원형 연질캡슐",01140,"해열.진통.소염제","일반의약품","[M254719]덱시부프로펜",20210715,"","","Dexibuprofen(덱시부프로펜)",20260102
"노인주의","단일",D000138,Celecoxib,"세레콕시브","[M089149]세레콕시브","경질캡슐제, 산제",201903005,"쎄레코브캡슐200밀리그램(세레콕시브)",20190509,"(주)유앤생명과학","흰색 내지 미황색의 분말이 충전된 상하 흰색의 캡슐제",01140,"해열.진통.소염제","전문의약품","[M089149]세레콕시브",20210715,"","","Celecoxib(세레콕시브)",20191121
"노인주의","단일",D000086,Dexibuprofen,"덱시부프로펜","[M254719]덱시부프로펜","연질캡슐제, 액상",201903015,"그날엔덱스연질캡슐(덱시부프로펜)",20190509,"경동제약(주)","무색의 액상 내용물을 함유한 투명한 타원형 연질캡슐",01140,"해열.진통.소염제","일반의약품","[M254719]덱시부프로펜",20210715,"","","Dexibuprofen(덱시부프로펜)",20260102
"노인주의","단일",D000138,Celecoxib,"세레콕시브","[M089149]세레콕시브","경질캡슐제, 산제",201903059,"세레콕신캡슐(세레콕시브)",20190510,"지엘파마(주)","흰색 내지 연노랑색의 분말이 충전된 상하 황색줄이 있는 흰색의 캡슐제",01140,"해열.진통.소염제","전문의약품","[M089149]세레콕시브",20210715,"","","Celecoxib(세레콕시브)",20201019
"노인주의","단일",D000138,Celecoxib,"세레콕시브","[M089149]세레콕시브","경질캡슐제, 산제",201903336,"켈콕시브캡슐200밀리그램(세레콕시브)",20190522,"케이엠에스제약(주)","흰색 내지 미황색의 분말이 든 흰색의 불투명한 경질캡슐제",01140,"해열.진통.소염제","전문의약품","[M089149]세레콕시브",20210715,"","","Celecoxib(세레콕시브)",20191011
"노인주의","단일",D000138,Celecoxib,"세레콕시브","[M089149]세레콕시브","경질캡슐제, 산제",201903424,"셀레록스캡슐100mg(세레콕시브)",20190527,"(주)비보존제약","흰색 내지 미황색의 분말이 충전된 상하 푸른색 줄이 있는 흰색의 캡슐제",01140,"해열.진통.소염제","전문의약품","[M089149]세레콕시브",20210715,"","","Celecoxib(세레콕시브)",20191205
"노인주의","단일",D000138,Celecoxib,"세레콕시브","[M089149]세레콕시브","경질캡슐제, 산제",201903466,"셀브캡슐100밀리그램(세레콕시브)",20190528,"이연제약(주)","흰색 내지 미황색의 분말이 충전된 상하 푸른색 줄이 있는 흰색의 캡슐제",01140,"해열.진통.소염제","전문의약품","[M089149]세레콕시브",20210715,"","","Celecoxib(세레콕시브)",20191101
"노인주의","단일",D000138,Celecoxib,"세레콕시브","[M089149]세레콕시브","경질캡슐제, 산제",201903473,"셀브캡슐200밀리그램(세레콕시브)",20190528,"이연제약(주)","흰색 내지 미황색의 분말이 충전된 상하 노란색 줄이 있는 흰색의 캡슐제",01140,"해열.진통.소염제","전문의약품","[M089149]세레콕시브",20210715,"","","Celecoxib(세레콕시브)",20191101
"노인주의","단일",D000086,Dexibuprofen,"덱시부프로펜","[M254719]덱시부프로펜","액상시럽제",201903568,"독립덱시부펜시럽(덱시부프로펜)",20190530,"독립바이오제약(주)","과일향을 가진 흰색 내지 연한 노란색의 액이 갈색 유리병 또는 흰색의 플라스틱병에 든 시럽제",01140,"해열.진통.소염제","일반의약품","[M254719]덱시부프로펜",20210715,"","","Dexibuprofen(덱시부프로펜)",20260102
"노인주의","단일",D000086,Dexibuprofen,"덱시부프로펜","[M254719]덱시부프로펜","연질캡슐제, 액상",201904806,"덱스프리연질캡슐(덱시부프로펜)",20190718,"(주)필인터내셔널","연한 녹색의 투명한 액이 들어있는 장방형의 연질캡슐",01140,"해열.진통.소염제","일반의약품","[M254719]덱시부프로펜",20210715,"","","Dexibuprofen(덱시부프로펜)",20260102
"노인주의","단일",D000506,Diclofenac,"디클로페낙","[M050288]디클로페낙나트륨","지지체가있는첩부제",201905649,"맨담디클로엔플라스타(디클로페낙나트륨)",20190812,"진양제약(주)","엷은 노란색의 점착성 물질을 린트포에 도포하여 고체면에 피복체를 덮은 첩부제",02640,"진통.진양.수렴.소염제","일반의약품","[M050288]디클로페낙나트륨",20210715,"","","Diclofenac(디클로페낙)",20241212
"노인주의","단일",D000086,Dexibuprofen,"덱시부프로펜","[M254719]덱시부프로펜","필름코팅정",201905836,"덱시네정(덱시부프로펜)",20190819,"(주)한풍제약","분홍색의 장방형 필름코팅정제",01140,"해열.진통.소염제","일반의약품","[M254719]덱시부프로펜",20210715,"","","Dexibuprofen(덱시부프로펜)",20260102
"노인주의","단일",D000086,Dexibuprofen,"덱시부프로펜","[M254719]덱시부프로펜","필름코팅정",201905840,"덱브펜정300밀리그램(덱시부프로펜)",20190819,"이연제약(주)","분홍색의 장방형 필름코팅정",01140,"해열.진통.소염제","일반의약품","[M254719]덱시부프로펜",20210715,"","","Dexibuprofen(덱시부프로펜)",20260102
"노인주의","단일",D000138,Celecoxib,"세레콕시브","[M089149]세레콕시브","경질캡슐제, 산제",201905904,"세레스캡슐200밀리그램(세레콕시브)",20190821,"(주)한풍제약","흰색 내지 미황색의 분말이 충전된 상하 흰색의 캡슐제",01140,"해열.진통.소염제","전문의약품","[M089149]세레콕시브",20210715,"","","Celecoxib(세레콕시브)",20200908
"노인주의","단일",D000086,Dexibuprofen,"덱시부프로펜","[M254719]덱시부프로펜","연질캡슐제, 액상",201906058,"팜페인프로연질캡슐(덱시부프로펜)",20190826,"이연제약(주)","무색의 투명한 액이 든 주황색의 투명한 달걀형 연질캡슐",01140,"해열.진통.소염제","일반의약품","[M254719]덱시부프로펜",20210715,"","","Dexibuprofen(덱시부프로펜)",20260102
"노인주의","단일",D000138,Celecoxib,"세레콕시브","[M089149]세레콕시브","경질캡슐제, 산제",201906422,"셀콕브렉스캡슐200mg(세레콕시브)",20190911,"(주)씨티씨바이오","흰색 내지 미황색의 분말이 든 흰색의 불투명한 경질캡슐제",01140,"해열.진통.소염제","전문의약품","[M089149]세레콕시브",20210715,"","","Celecoxib(세레콕시브)",20210405
"노인주의","단일",D000138,Celecoxib,"세레콕시브","[M089149]세레콕시브","경질캡슐제, 산제",201906468,"세레스캡슐100밀리그램(세레콕시브)",20190917,"(주)한풍제약","흰색 내지 연노랑색의 분말이 충전된 흰색의 캡슐제",01140,"해열.진통.소염제","전문의약품","[M089149]세레콕시브",20210715,"","","Celecoxib(세레콕시브)",20200922
"노인주의","단일",D000138,Celecoxib,"세레콕시브","[M089149]세레콕시브","경질캡슐제, 산제",201906895,"세렉시브캡슐100밀리그램(세레콕시브)",20190927,"풍림무약(주)","흰색 내지 미황색의 분말이 충전된 상하 푸른색 줄이 있는 흰색의 캡슐제",01140,"해열.진통.소염제","전문의약품","[M089149]세레콕시브",20210715,"","","Celecoxib(세레콕시브)",20200817
"노인주의","단일",D000138,Celecoxib,"세레콕시브","[M089149]세레콕시브","경질캡슐제, 산제",201906896,"세렉시브캡슐200밀리그램(세레콕시브)",20190927,"풍림무약(주)","흰색 내지 미황색의 분말이 충전된 상하 노란색 줄이 있는 흰색의 캡슐제",01140,"해열.진통.소염제","전문의약품","[M089149]세레콕시브",20210715,"","","Celecoxib(세레콕시브)",20200817
"노인주의","단일",D000138,Celecoxib,"세레콕시브","[M089149]세레콕시브","경질캡슐제, 산제",201906970,"아나콕스캡슐100밀리그램(세레콕시브)",20190930,"아주약품(주)","흰색 내지 미황색의 분말이 충전된 상하 푸른색 줄이 있는 흰색의 캡슐제",01140,"해열.진통.소염제","전문의약품","[M089149]세레콕시브",20210715,"","","Celecoxib(세레콕시브)",20191001
"노인주의","단일",D000138,Celecoxib,"세레콕시브","[M089149]세레콕시브","경질캡슐제, 산제",201907099,"동광세레콕시브캡슐100mg",20191007,"동광제약(주)","흰색 내지 미황색의 분말이 충전된 상하 푸른색 줄이 있는 흰색의 캡슐제",01140,"해열.진통.소염제","전문의약품","[M089149]세레콕시브",20210715,"","","Celecoxib(세레콕시브)",20201202
"노인주의","단일",D000138,Celecoxib,"세레콕시브","[M089149]세레콕시브","경질캡슐제, 산제",201907649,"아세레캡슐200밀리그램(세레콕시브)",20191031,"(주)셀비온","흰색 내지 연노랑색의 분말이 충전된 흰색의 캡슐제",01140,"해열.진통.소염제","전문의약품","[M089149]세레콕시브",20210715,"","","Celecoxib(세레콕시브)",20200810
"노인주의","단일",D000086,Dexibuprofen,"덱시부프로펜","[M254719]덱시부프로펜","액상시럽제",201907915,"맥시부키즈시럽(덱시부프로펜)",20191114,"(주)퍼슨","포도향을 가진 연한 빨간색 내지 연한 주황색이 알루미늄호일 파우치에 든 시럽제",01140,"해열.진통.소염제","일반의약품","[M254719]덱시부프로펜",20210715,"","","Dexibuprofen(덱시부프로펜)",20260102
"노인주의","단일",D000138,Celecoxib,"세레콕시브","[M089149]세레콕시브","경질캡슐제, 산제",201907950,"씨엘콕스캡슐100밀리그램(세레콕시브)",20191115,"(주)보령바이오파마","흰색 내지 미황색의 분말이 충전된 상하 푸른색 줄이 있는 흰색의 캡슐제",01140,"해열.진통.소염제","전문의약품","[M089149]세레콕시브",20210715,"","","Celecoxib(세레콕시브)",20200903
"노인주의","단일",D000506,Diclofenac,"디클로페낙","[M050288]디클로페낙나트륨","지지체가있는첩부제",201908027,"캐롤24더블파워플라스타(디클로페낙나트륨)",20191121,"일동제약(주)","엷은 노란색의 점착성 물질을 린트포에 도포하여 고체면에 피복체를 덮은 첩부제",02640,"진통.진양.수렴.소염제","일반의약품","[M050288]디클로페낙나트륨",20210715,"","","Diclofenac(디클로페낙)",20241212
"노인주의","단일",D000086,Dexibuprofen,"덱시부프로펜","[M254719]덱시부프로펜","필름코팅정",201908438,"덱시파인정(덱시부프로펜)",20191216,"대한뉴팜(주)","분홍색의 장방형 필름코팅정",01140,"해열.진통.소염제","일반의약품","[M254719]덱시부프로펜",20210715,"","","Dexibuprofen(덱시부프로펜)",20260102
"노인주의","단일",D000138,Celecoxib,"세레콕시브","[M089149]세레콕시브","경질캡슐제, 산제",202000176,"콕스그린캡슐100밀리그램(세레콕시브)",20200110,"(주)킵스바이오파마","흰색 내지 미황색의 가루가 충전된 상하 푸른색 줄이 있는 흰색의 캡슐제이다.",01140,"해열.진통.소염제","전문의약품","[M089149]세레콕시브",20210715,"","","Celecoxib(세레콕시브)",20200217
"노인주의","단일",D000086,Dexibuprofen,"덱시부프로펜","[M254719]덱시부프로펜","액상시럽제",202000676,"덱시딜시럽(덱시부프로펜)",20200205,"조아제약(주)","흰색 불투명한 용기에 든 딸기향을 가진 흰색 내지 미황색의 시럽제",01140,"해열.진통.소염제","일반의약품","[M254719]덱시부프로펜",20210715,"","","Dexibuprofen(덱시부프로펜)",20260102
"노인주의","단일",D000506,Diclofenac,"디클로페낙","[M050288]디클로페낙나트륨/[M050288]디클로페낙나트륨","지지체가있는첩부제",202000733,"제놀롱플라스타(디클로페낙나트륨)",20200207,"(주)녹십자","엷은 노란색의 점착성 물질을 린트포에 도포하여 고체면에 피복체를 덮은 첩부제",02640,"진통.진양.수렴.소염제","일반의약품","[M050288]디클로페낙나트륨/[M050288]디클로페낙나트륨",20210715,"","","Diclofenac(디클로페낙)",20241212
"노인주의","단일",D000138,Celecoxib,"세레콕시브","[M089149]세레콕시브","경질캡슐제, 산제",202001044,"메가콕시브캡슐100밀리그램(세레콕시브)",20200217,"(주)엘앤씨바이오","흰색 내지 미황색의 분말이 충전된 상하 푸른색 줄이 있는 흰색의 캡슐제",01140,"해열.진통.소염제","전문의약품","[M089149]세레콕시브",20210715,"","","Celecoxib(세레콕시브)",20210511
"노인주의","단일",D000086,Dexibuprofen,"덱시부프로펜","[M254719]덱시부프로펜","연질캡슐제, 액상",202001495,"탁센덱시연질캡슐(덱시부프로펜)",20200303,"(주)녹십자","무색 내지 연한 보라색의 투명한 액상이 든 보라색의 투명한 타원형 연질캡슐",01140,"해열.진통.소염제","일반의약품","[M254719]덱시부프로펜",20210715,"","","Dexibuprofen(덱시부프로펜)",20260102
"노인주의","단일",D000138,Celecoxib,"세레콕시브","[M089149]세레콕시브","경질캡슐제, 산제",202001572,"메가콕시브캡슐200밀리그램(세레콕시브)",20200306,"(주)엘앤씨바이오","흰색 내지 미황색의 분말이 충전된 상하 흰색의 캡슐제",01140,"해열.진통.소염제","전문의약품","[M089149]세레콕시브",20210715,"","","Celecoxib(세레콕시브)",20210512
"노인주의","단일",D000086,Dexibuprofen,"덱시부프로펜","[M254719]덱시부프로펜/[M254719]덱시부프로펜","액상시럽제",202002074,"페인엔젤키즈시럽(덱시부프로펜)",20200325,"제이더블유중외제약(주)","알루미늄 호일 또는 흰색 플라스틱병에 든 무색 내지 미황색의 시럽제",01140,"해열.진통.소염제","일반의약품","[M254719]덱시부프로펜/[M254719]덱시부프로펜",20210715,"","","Dexibuprofen(덱시부프로펜)",20260102
"노인주의","단일",D000506,Diclofenac,"디클로페낙","[M050288]디클로페낙나트륨/[M050288]디클로페낙나트륨/[M050288]디클로페낙나트륨/[M050288]디클로페낙나트륨/[M050288]디클로페낙나트륨/[M050288]디클로페낙나트륨/[M050288]디클로페낙나트륨","카타플라스마제",202002110,"디센플러스카타플라스마(디클로페낙나트륨)",20200326,"(주)티디에스팜","제1형, 제3형, 제5형) 이 약은 흰색 또는 연한 노란색의 점착성 물질을 지지체 위에 도포한 특유한 향기를 가진 카타플라스마제제2형, 제4형, 제6형, 제7형) 이 약은 흰색 또는 연한 노란색의 점착성 물질을 지지체 위에 도포하고 부직점착테이프로 고정시킨 후 고체피복물을 덮은 특유한 향기를 가진 카타플라스마제",02640,"진통.진양.수렴.소염제","일반의약품","[M050288]디클로페낙나트륨/[M050288]디클로페낙나트륨/[M050288]디클로페낙나트륨/[M050288]디클로페낙나트륨/[M050288]디클로페낙나트륨/[M050288]디클로페낙나트륨/[M050288]디클로페낙나트륨",20210715,"","","Diclofenac(디클로페낙)",20241212
"노인주의","단일",D000138,Celecoxib,"세레콕시브","[M089149]세레콕시브","경질캡슐제, 산제",202002150,"쎌레코캡슐100밀리그램(세레콕시브)",20200327,"(주)팜젠사이언스","미황색의 분말이 충전된 상하 푸른색 줄이 있는 흰색의 캡슐",01140,"해열.진통.소염제","전문의약품","[M089149]세레콕시브",20210715,"","","Celecoxib(세레콕시브)",20210511
"노인주의","단일",D000138,Celecoxib,"세레콕시브","[M089149]세레콕시브","경질캡슐제, 산제",202002581,"쎄브렉스캡슐100밀리그램(세레콕시브)",20200413,"진양제약(주)","흰색 내지 연노란색의 가루가 충전된 흰색의 캡슐제",01140,"해열.진통.소염제","전문의약품","[M089149]세레콕시브",20210715,"","","Celecoxib(세레콕시브)",20200623
"노인주의","단일",D000138,Celecoxib,"세레콕시브","[M089149]세레콕시브","필름코팅정",202002761,"뉴콕시브정200밀리그램(세레콕시브)",20200420,"(주)새한제약","흰색의 장방형 필름코팅정",01140,"해열.진통.소염제","전문의약품","[M089149]세레콕시브",20210715,"","","Celecoxib(세레콕시브)",20200521
"노인주의","단일",D000506,Diclofenac,"디클로페낙","[M050288]디클로페낙나트륨/[M050288]디클로페낙나트륨","지지체가있는첩부제",202002817,"트라스트디펜플라스타(디클로페낙나트륨)",20200421,"에스케이케미칼(주)","무색투명 내지 미황색의 점착성 물질을 지지체에 도포하고(바르고) 고체면에 고체피복물을 덮은 첩부제이다.",02640,"진통.진양.수렴.소염제","일반의약품","[M050288]디클로페낙나트륨/[M050288]디클로페낙나트륨",20210715,"","","Diclofenac(디클로페낙)",20241212
"노인주의","단일",D000086,Dexibuprofen,"덱시부프로펜","[M254719]덱시부프로펜","액상시럽제",202003405,"보령펜시럽(덱시부프로펜)",20200511,"(주)보령","불투명한 흰색병에 독특한 향이 들어 있는 흰색 내지 미황색의 현탁시럽제",01140,"해열.진통.소염제","일반의약품","[M254719]덱시부프로펜",20210715,"","","Dexibuprofen(덱시부프로펜)",20260102
"노인주의","단일",D000086,Dexibuprofen,"덱시부프로펜","[M254719]덱시부프로펜","필름코팅정",202003642,"대웅바이오덱시부프로펜정300밀리그램",20200519,"대웅바이오(주)","흰색의 장방형 필름코팅정",01140,"해열.진통.소염제","일반의약품","[M254719]덱시부프로펜",20210715,"","","Dexibuprofen(덱시부프로펜)",20260102
"노인주의","단일",D000086,Dexibuprofen,"덱시부프로펜","[M254719]덱시부프로펜","연질캡슐제, 액상",202003788,"덱스원큐에스연질캡슐(덱시부프로펜)",20200525,"동아제약(주)","투명한 무색 내지 연한 청록색의 액이 든 연한 청록색의 장방형 연질캡슐",01140,"해열.진통.소염제","일반의약품","[M254719]덱시부프로펜",20210715,"","","Dexibuprofen(덱시부프로펜)",20260102
"노인주의","단일",D000506,Diclofenac,"디클로페낙","[M050288]디클로페낙나트륨","점안용액제",202003874,"휴디낙점안액(디클로페낙나트륨)",20200526,"(주)휴온스","무색 내지 미황색의 액이 무색 투명한 플라스틱 용기에 든 점안액",01310,"안과용제","전문의약품","[M050288]디클로페낙나트륨",20210715,"","","Diclofenac(디클로페낙)",20241212
"노인주의","단일",D000138,Celecoxib,"세레콕시브","[M089149]세레콕시브","경질캡슐제, 산제",202004956,"쎄넥스캡슐400밀리그램(세레콕시브)",20200709,"(주)넥스팜코리아","흰색 내지 미황색의 분말이 충전된 상 하 녹색줄이 있는 흰색의 캡슐제",01140,"해열.진통.소염제","전문의약품","[M089149]세레콕시브",20210715,"","","Celecoxib(세레콕시브)",20200818
"노인주의","단일",D000506,Diclofenac,"디클로페낙","[M083248]디클로페낙","가글제",202008404,"오라센업액(디클로페낙)",20201201,"주식회사제뉴원사이언스","레몬과 민트향이 나는 맑거나 약간 유백광의 빨간 주황색 액제",02310,"치과구강용약","일반의약품","[M083248]디클로페낙",20210715,"","","Diclofenac(디클로페낙)",20251201
"노인주의","단일",D000506,Diclofenac,"디클로페낙","[M083248]디클로페낙","가글제",202008458,"조아구강청액(디클로페낙)",20201204,"조아제약(주)","레몬과 민트향이 나는 맑거나 약간 유백광의 빨간 주황색 액제",02310,"치과구강용약","일반의약품","[M083248]디클로페낙",20210715,"","","Diclofenac(디클로페낙)",20251201
"노인주의","단일",D000506,Diclofenac,"디클로페낙","[M083248]디클로페낙","가글제",202008503,"이바니싹액(디클로페낙)",20201207,"(주)마더스제약","레몬과 민트향이 나는 맑거나 약간 유백광의 빨간 주황색 액제",02310,"치과구강용약","일반의약품","[M083248]디클로페낙",20210715,"","","Diclofenac(디클로페낙)",20251201
"노인주의","단일",D000506,Diclofenac,"디클로페낙","[M083248]디클로페낙","가글제",202101198,"이바넨큐액(디클로페낙)",20210209,"(주)씨엠지제약","알루미늄 호일 파우치에 들어있는 복숭아와 민트향이 나는 맑거나 약간유백광의 빨간 주황색 구강용액제",02310,"치과구강용약","일반의약품","[M083248]디클로페낙",20210715,"","","Diclofenac(디클로페낙)",20251201
"노인주의","단일",D001012,Etoricoxib,"에토리콕시브","[M260064]에토리콕시브","필름코팅정",202102595,"알리콕시브정30밀리그램(에토리콕시브)",20210325,"알리코제약(주)","청녹색 사과 모양의 양면이 볼록한 필름코팅정",01140,"해열.진통.소염제","전문의약품","[M260064]에토리콕시브",20210715,"","","Etoricoxib(에토리콕시브)",20211214
"노인주의","단일",D000506,Diclofenac,"디클로페낙","[M050288]디클로페낙나트륨/[M050288]디클로페낙나트륨/[M050288]디클로페낙나트륨/[M050288]디클로페낙나트륨","지지체가있는첩부제",202103144,"디쿨파워플라스타(디클로페낙나트륨)",20210415,"(주)티디에스팜","제1형, 제 3형, 제 4형) 이 약은 무색 내지 엷은 노란색의 특이한 향이 있는 점착성 물질을 지지체에 도포하고 고체면에 고체피복물을 덮은 첩부제이다.제 2형) 이 약은 무색 내지 엷은 노란색의 점착성 물질을 지지체에 도포하고 고체면에 고체피복물을 덮은 첩부제이다.",02640,"진통.진양.수렴.소염제","일반의약품","[M050288]디클로페낙나트륨/[M050288]디클로페낙나트륨/[M050288]디클로페낙나트륨/[M050288]디클로페낙나트륨",20210715,"","","Diclofenac(디클로페낙)",20241212
"노인주의","단일",D001012,Etoricoxib,"에토리콕시브","[M260064]에토리콕시브","필름코팅정",202103410,"테라콕시브정30밀리그램(에토리콕시브)",20210427,"(주)테라젠이텍스","청녹색 사과 모양의 양면이 볼록한 필름코팅정",01140,"해열.진통.소염제","전문의약품","[M260064]에토리콕시브",20210715,"","","Etoricoxib(에토리콕시브)",20211214
"노인주의","단일",D001012,Etoricoxib,"에토리콕시브","[M260064]에토리콕시브","필름코팅정",202103411,"다나콕스정30밀리그램(에토리콕시브)",20210427,"아주약품(주)","청록색 원형의 양면이 볼록한 필름코팅정",01140,"해열.진통.소염제","전문의약품","[M260064]에토리콕시브",20210715,"","","Etoricoxib(에토리콕시브)",20211214
"노인주의","단일",D001012,Etoricoxib,"에토리콕시브","[M260064]에토리콕시브","필름코팅정",202103413,"유콕시아정30밀리그램(에토리콕시브)",20210427,"한국유니온제약(주)","청록색 원형의 양면이 볼록한 필름코팅정",01140,"해열.진통.소염제","전문의약품","[M260064]에토리콕시브",20210715,"","","Etoricoxib(에토리콕시브)",20211214
"노인주의","단일",D001012,Etoricoxib,"에토리콕시브","[M260064]에토리콕시브","필름코팅정",202103440,"에톡시아정30밀리그램(에토리콕시브)",20210427,"하나제약(주)","청녹색 사과 모양의 양면이 볼록한 필름코팅정",01140,"해열.진통.소염제","전문의약품","[M260064]에토리콕시브",20210715,"","","Etoricoxib(에토리콕시브)",20211214
"노인주의","단일",D000506,Diclofenac,"디클로페낙","[M050288]디클로페낙나트륨","장용성필름코팅정",202106009,"디낙스정50밀리그램 (디클로페낙나트륨)",20210818,"지엘파마(주)","흰색 내지 미황색의 원형 장용코팅정",01140,"해열.진통.소염제","전문의약품","[M050288]디클로페낙나트륨",20210715,"","","Diclofenac(디클로페낙)",20260220
"노인주의","단일",D000506,Diclofenac,"디클로페낙","[M050288]디클로페낙나트륨","카타플라스마제",202202254,"디나펜카타플라스마(디클로페낙나트륨)",20220526,"현대약품(주)","이 약은 흰색 또는 연한 노란색의 점착성 물질을 지지체 위에 도포하고 부직점착테이프로 고정시킨 후 고체피복물을 덮은 특유한 향기를 가진 카타플라스마제",02640,"진통.진양.수렴.소염제","일반의약품","[M050288]디클로페낙나트륨",20210715,"","","Diclofenac(디클로페낙)",20241212
"노인주의","단일",D000506,Diclofenac,"디클로페낙","[M050288]디클로페낙나트륨","카타플라스마제",202301761,"사라펜쿨카타플라스마(디클로페낙나트륨)",20230607,"동국제약(주)","이 약은 흰색 또는 연한 노란색의 점착성 물질을 지지체 위에 도포하고 부직점착테이프로 고정시킨 후 고체피복물을 덮은 특유한 향기를 가진 카타플라스마제",02640,"진통.진양.수렴.소염제","일반의약품","[M050288]디클로페낙나트륨",20210715,"","","Diclofenac(디클로페낙)",20241212
"노인주의","단일",D000506,Diclofenac,"디클로페낙","[M050288]디클로페낙나트륨/[M050288]디클로페낙나트륨/[M050288]디클로페낙나트륨/[M050288]디클로페낙나트륨","지지체가있는첩부제",202302480,"디클로맥스플라스타(디클로페낙나트륨)",20230822,"신신제약(주)","이 약은 연한 노란색의 점착성 물질을 살구색의 린트포에 도포하여 점착제면에 박리지를 덮은 첩부제이다.",02640,"진통.진양.수렴.소염제","일반의약품","[M050288]디클로페낙나트륨/[M050288]디클로페낙나트륨/[M050288]디클로페낙나트륨/[M050288]디클로페낙나트륨",20210715,"","","Diclofenac(디클로페낙)",20241212
"노인주의","단일",D000506,Diclofenac,"디클로페낙","[M050288]디클로페낙나트륨","카타플라스마제",202302836,"디클로하이카타플라스마(디클로페낙나트륨)",20230927,"(주)다산제약","이 약은 흰색 또는 연한 노란색의 점착성 물질을 지지체 위에 도포하고 부직점착테이프로 고정시킨 후 고체피복물을 덮은 특유한 향기를 가진 카타플라스마제",02640,"진통.진양.수렴.소염제","일반의약품","[M050288]디클로페낙나트륨",20210715,"","","Diclofenac(디클로페낙)",20241212
"노인주의","단일",D000506,Diclofenac,"디클로페낙","[M050288]디클로페낙나트륨","카타플라스마제",202400559,"게보핏스트롱카타플라스마(디클로페낙나트륨)",20240318,"삼진제약(주)","이 약은 흰색 또는 연한 노란색의 점착성 물질을 지지체 위에 도포하고 부직점착테이프로 고정시킨 후 고체피복물을 덮은 특유한 향기를 가진 카타플라스마제",02640,"진통.진양.수렴.소염제","일반의약품","[M050288]디클로페낙나트륨",20210715,"","","Diclofenac(디클로페낙)",20241212
"노인주의","단일",D000086,Dexibuprofen,"덱시부프로펜","[M254719]덱시부프로펜","연질캡슐제, 액상",202401446,"펜다나프로연질캡슐(덱시부프로펜)",20240613,"신일제약(주)","무색 내지 연한 청색의 투명한 내용물이 든 청색의 투명한 타원형 연질캡슐",01140,"해열.진통.소염제","일반의약품","[M254719]덱시부프로펜",20210715,"","","Dexibuprofen(덱시부프로펜)",20260102
"노인주의","단일",D000086,Dexibuprofen,"덱시부프로펜","[M254719]덱시부프로펜","연질캡슐제, 액상",202401681,"다펜덱시연질캡슐(덱시부프로펜)",20240708,"조아제약(주)","무색 내지 연한 청색의 투명한 내용물이 든 청색의 투명한 타원형 연질캡슐",01140,"해열.진통.소염제","일반의약품","[M254719]덱시부프로펜",20210715,"","","Dexibuprofen(덱시부프로펜)",20260102
"노인주의","단일",D000086,Dexibuprofen,"덱시부프로펜","[M254719]덱시부프로펜","연질캡슐제, 액상",202401742,"덱시센연질캡슐(덱시부프로펜)",20240715,"(주)씨엠지제약","무색 내지 연한 청색의 투명한 내용물이 든 청색의 투명한 타원형 연질캡슐",01140,"해열.진통.소염제","일반의약품","[M254719]덱시부프로펜",20210715,"","","Dexibuprofen(덱시부프로펜)",20260102
"노인주의","단일",D000086,Dexibuprofen,"덱시부프로펜","[M092057]덱시부프로펜","연질캡슐제, 액상",202401765,"마이펜덱시연질캡슐(덱시부프로펜)",20240718,"코오롱제약(주)","무색 내지 연한 청색의 투명한 내용물이 든 청색의 투명한 타원형 연질캡슐",01140,"해열.진통.소염제","일반의약품","[M092057]덱시부프로펜",20210715,"","","Dexibuprofen(덱시부프로펜)",20260102
"노인주의","단일",D000506,Diclofenac,"디클로페낙","[M050288]디클로페낙나트륨","지지체가있는첩부제",202401785,"류마스탑파워플라스타(디클로페낙나트륨)",20240723,"(주)삼양바이오팜","이 약은 무색 내지 엷은 노란색의 특이한 향이 있는 점착성 물질을 지지체에 도포하고 고체면에 고체피복물을 덮은 첩부제이다.",02640,"진통.진양.수렴.소염제","일반의약품","[M050288]디클로페낙나트륨",20210715,"","","Diclofenac(디클로페낙)",20241212
"노인주의","단일",D000086,Dexibuprofen,"덱시부프로펜","[M254719]덱시부프로펜","연질캡슐제, 액상",202402740,"이지페인덱시연질캡슐(덱시부프로펜)",20241121,"경방신약(주)","무색 내지 연한 청색의 투명한 내용물이 든 청색의 투명한 타원형 연질캡슐",01140,"해열.진통.소염제","일반의약품","[M254719]덱시부프로펜",20210715,"","","Dexibuprofen(덱시부프로펜)",20260102
"노인주의","단일",D000086,Dexibuprofen,"덱시부프로펜","[M254719]덱시부프로펜","연질캡슐제, 액상",202500677,"덱센펜연질캡슐(덱시부프로펜)",20250324,"경남제약(주)","무색 내지 연한 청색의 투명한 내용물이 든 청색의 투명한 타원형 연질캡슐",01140,"해열.진통.소염제","일반의약품","[M254719]덱시부프로펜",20210715,"","","Dexibuprofen(덱시부프로펜)",20260102
"노인주의","단일",D000138,Celecoxib,"세레콕시브","[M089149]세레콕시브","경질캡슐제, 산제",201900056,"세레윈캡슐200밀리그램(세레콕시브)",20190108,"주식회사케이에스제약","흰색내지 미황색의 분말이 충전된 상하 노란색 줄이 있는 흰색의 캡슐제",01140,"해열.진통.소염제","전문의약품","[M089149]세레콕시브",20210715,"","","Celecoxib(세레콕시브)",""
"노인주의","단일",D000138,Celecoxib,"세레콕시브","[M089149]세레콕시브","경질캡슐제, 산제",201900905,"쎄레브린즈캡슐200밀리그램(세레콕시브)",20190213,"제일약품(주)","흰색내지 미황색의 분말이 충전된 상하 노란색 줄이 있는 흰색의 캡슐제",01140,"해열.진통.소염제","전문의약품","[M089149]세레콕시브",20210715,"","","Celecoxib(세레콕시브)",""
"노인주의","단일",D000138,Celecoxib,"세레콕시브","[M089149]세레콕시브","경질캡슐제, 산제",201901030,"세레윈캡슐100밀리그램(세레콕시브)",20190220,"주식회사케이에스제약","흰색 내지 미황색의 분말이 충전된 상하 푸른색 줄이 있는 흰색의 캡슐제",01140,"해열.진통.소염제","전문의약품","[M089149]세레콕시브",20210715,"","","Celecoxib(세레콕시브)",""
"노인주의","단일",D000138,Celecoxib,"세레콕시브","[M089149]세레콕시브","경질캡슐제, 산제",201902283,"델콕스캡슐200밀리그램(세레콕시브)",20190415,"(주)시어스제약","흰색내지 미황색의 분말이 충전된 상하 노란색 줄이 있는 흰색의 캡슐제",01140,"해열.진통.소염제","전문의약품","[M089149]세레콕시브",20210715,"","","Celecoxib(세레콕시브)",""
"노인주의","단일",D000138,Celecoxib,"세레콕시브","[M089149]세레콕시브","필름코팅정",201904165,"쎄레브이정100밀리그램(세레콕시브)",20190614,"한림제약(주)","흰색의 원형 필름코팅정",01140,"해열.진통.소염제","전문의약품","[M089149]세레콕시브",20210715,"","","Celecoxib(세레콕시브)",""
"노인주의","단일",D000138,Celecoxib,"세레콕시브","[M089149]세레콕시브","경질캡슐제, 산제",201906998,"쎄레시브캡슐100밀리그램(세레콕시브)",20190930,"(주)유영제약","흰색 내지 연노랑색의 분말이 충전된 흰색의 캡슐제",01140,"해열.진통.소염제","전문의약품","[M089149]세레콕시브",20210715,"","","Celecoxib(세레콕시브)",""
"노인주의","단일",D000138,Celecoxib,"세레콕시브","[M089149]세레콕시브","경질캡슐제, 정제",201907416,"세레트캡슐200mg(세레콕시브)",20191023,"건일바이오팜주식회사","흰색 내지 미황색의 분말이 든 흰색의 불투명한 경질캡슐제",01140,"해열.진통.소염제","전문의약품","[M089149]세레콕시브",20210715,"","","Celecoxib(세레콕시브)",""
"노인주의","단일",D000138,Celecoxib,"세레콕시브","[M089149]세레콕시브","경질캡슐제, 산제",201907541,"셀코빅스캡슐100밀리그램(세레콕시브)",20191029,"신일제약(주)","흰색 내지 연노란색의 분말이 충진된 상하 청색 줄이 있는 흰색의 불투명한 경질캡슐제",01140,"해열.진통.소염제","전문의약품","[M089149]세레콕시브",20210715,"","","Celecoxib(세레콕시브)",""
"노인주의","단일",D000138,Celecoxib,"세레콕시브","[M089149]세레콕시브","경질캡슐제, 산제",201907646,"콕스2캡슐100밀리그램(세레콕시브)",20191031,"유니메드제약(주)","흰색 내지 미황색의 분말이 충진된 상부 연청색 하부 흰색의 캡슐제",01140,"해열.진통.소염제","전문의약품","[M089149]세레콕시브",20210715,"","","Celecoxib(세레콕시브)",""
"노인주의","단일",D000138,Celecoxib,"세레콕시브","[M089149]세레콕시브","경질캡슐제, 산제",202000315,"진브렉스캡슐200밀리그램(세레콕시브)",20200121,"대원바이오텍주식회사","흰색 내지 연한 노란색의 가루가 충전된 상하 노란색 줄이 있는 흰색의 캡슐제",01140,"해열.진통.소염제","전문의약품","[M089149]세레콕시브",20210715,"","","Celecoxib(세레콕시브)",""
"노인주의","단일",D000138,Celecoxib,"세레콕시브","[M089149]세레콕시브","경질캡슐제, 산제",202001668,"세비콕캡슐100밀리그램(세레콕시브)",20200311,"엔비케이제약(주)","흰색 내지 연노랑색의 분말이 충전된 상하 푸른색 줄이 있는 흰색의 캡슐제",01140,"해열.진통.소염제","전문의약품","[M089149]세레콕시브",20210715,"","","Celecoxib(세레콕시브)",""
"노인주의","단일",D000138,Celecoxib,"세레콕시브","[M089149]세레콕시브","경질캡슐제, 산제",202001669,"세비콕캡슐200밀리그램(세레콕시브)",20200311,"엔비케이제약(주)","흰색 내지 연노랑색의 분말이 충전된 상하 황색 줄이 있는 흰색의 캡슐제",01140,"해열.진통.소염제","전문의약품","[M089149]세레콕시브",20210715,"","","Celecoxib(세레콕시브)",""
"노인주의","단일",D000138,Celecoxib,"세레콕시브","[M089149]세레콕시브","경질캡슐제, 과립제",202001987,"쎄라펜캡슐200밀리그램(세레콕시브)",20200320,"안국뉴팜(주)","흰색 내지 연노랑색의 분말이 충전된 흰색의 캡슐제",01140,"해열.진통.소염제","전문의약품","[M089149]세레콕시브",20210715,"","","Celecoxib(세레콕시브)",""
"노인주의","단일",D000138,Celecoxib,"세레콕시브","[M089149]세레콕시브","필름코팅정",202002057,"랙시브정100밀리그램(세레콕시브)",20200324,"(주)한국피엠지제약","흰색의 원형 필름코팅정",01140,"해열.진통.소염제","전문의약품","[M089149]세레콕시브",20210715,"","","Celecoxib(세레콕시브)",""
"노인주의","단일",D000138,Celecoxib,"세레콕시브","[M089149]세레콕시브","경질캡슐제, 산제",202002185,"셀콕스캡슐100밀리그램(세레콕시브)",20200330,"(주)메디카코리아","흰색 내지 미황색의 분말이 충전된 상하 푸른색 줄이 있는 흰색의 캡슐제",01140,"해열.진통.소염제","전문의약품","[M089149]세레콕시브",20210715,"","","Celecoxib(세레콕시브)",""
"노인주의","단일",D000138,Celecoxib,"세레콕시브","[M089149]세레콕시브","필름코팅정",202002590,"랙시브정200밀리그램(세레콕시브)",20200413,"(주)한국피엠지제약","흰색의 장방형 필름코팅정",01140,"해열.진통.소염제","전문의약품","[M089149]세레콕시브",20210715,"","","Celecoxib(세레콕시브)",""
"노인주의","단일",D000138,Celecoxib,"세레콕시브","[M089149]세레콕시브","경질캡슐제, 산제",202003250,"진브렉스캡슐100밀리그램(세레콕시브)",20200501,"대원바이오텍주식회사","흰색 내지 연한 노란색의 가루가 충전된 상하 푸른색 줄이 있는 흰색의 캡슐제",01140,"해열.진통.소염제","전문의약품","[M089149]세레콕시브",20210715,"","","Celecoxib(세레콕시브)",""
"노인주의","단일",D000138,Celecoxib,"세레콕시브","[M089149]세레콕시브","경질캡슐제, 산제",202003628,"셀록스캡슐100mg(세레콕시브)",20200519,"(주)서울제약","흰색 내지 미황색의 분말이 충전된 상하 푸른색 줄이 있는 흰색의 캡슐제",01140,"해열.진통.소염제","전문의약품","[M089149]세레콕시브",20210715,"","","Celecoxib(세레콕시브)",""
"노인주의","단일",D000138,Celecoxib,"세레콕시브","[M089149]세레콕시브","경질캡슐제, 산제",202004014,"크리콕스캡슐200밀리그램(세레콕시브)(수출용)",20200529,"삼진제약(주)","흰색내지 미황색의 분말이 충전된 상하 노란색 줄이있는 흰색의 캡슐제",01140,"해열.진통.소염제","전문의약품","[M089149]세레콕시브",20210715,"","","Celecoxib(세레콕시브)",""
"노인주의","단일",D000138,Celecoxib,"세레콕시브","[M089149]세레콕시브","경질캡슐제, 산제",202004093,"쎄레브린즈캡슐100밀리그램(세레콕시브)",20200529,"제일약품(주)","흰색 내지 미황색의 분말이 충전된 상하 푸른색 줄이 있는 흰색의 캡슐제",01140,"해열.진통.소염제","전문의약품","[M089149]세레콕시브",20210715,"","","Celecoxib(세레콕시브)",""
"노인주의","단일",D000138,Celecoxib,"세레콕시브","[M089149]세레콕시브","경질캡슐제, 산제",202106721,"와이투세레시브캡슐200밀리그램(세레콕시브)",20210930,"성이바이오제약주식회사","흰색 내지 미황색의 분말이 충전된 상, 하 흰색의 캡슐제",01140,"해열.진통.소염제","전문의약품","[M089149]세레콕시브",20210715,"","","Celecoxib(세레콕시브)",""
"노인주의","단일",D000138,Celecoxib,"세레콕시브","[M089149]세레콕시브","경질캡슐제, 산제",202107035,"와이투세레시브캡슐100밀리그램(세레콕시브)",20211020,"성이바이오제약주식회사","흰색 내지 미황색의 분말이 충전된 상.하 푸른색 줄이 있는 흰색의 캡슐제",01140,"해열.진통.소염제","전문의약품","[M089149]세레콕시브",20210715,"","","Celecoxib(세레콕시브)",""
"노인주의","단일",D000675,Clonixin,"클로닉신","[M080375]클로닉신리시네이트","연질캡슐제, 액상",201708036,"클로맥스연질캡슐(클로닉신리시네이트)",20171123,"코스맥스파마(주)","미황색의 투명한 액이 든 청색의 투명한 타원형 연질캡슐",01140,"해열.진통.소염제","일반의약품","[M080375]클로닉신리시네이트",20210715,"","","Clonixin(클로닉신)",""
"노인주의","단일",D000675,Clonixin,"클로닉신","[M080375]클로닉신리시네이트","연질캡슐제, 액상",201801088,"통클리어연질캡슐(클로닉신리시네이트)",20180309,"(주)에이프로젠바이오로직스","미황색의 투명한 액이 든 청색의 투명한 타원형 연질캡슐",01140,"해열.진통.소염제","일반의약품","[M080375]클로닉신리시네이트",20210715,"","","Clonixin(클로닉신)",""
"노인주의","단일",D000675,Clonixin,"클로닉신","[M080375]클로닉신리시네이트","연질캡슐제, 액상",201803130,"크로쎈연질캡슐(클로닉신리시네이트)",20180730,"위더스제약(주)","미황색의 투명한 액이 든 청색의 투명한 타원형 연질캡슐",01140,"해열.진통.소염제","일반의약품","[M080375]클로닉신리시네이트",20210715,"","","Clonixin(클로닉신)",""
"노인주의","단일",D000675,Clonixin,"클로닉신","[M080375]클로닉신리시네이트","연질캡슐제, 액상",201804349,"클로나인연질캡슐(클로닉신리시네이트)",20181031,"동화약품(주)","미황색의 투명한 액이 든 청색의 투명한 타원형 연질캡슐",01140,"해열.진통.소염제","일반의약품","[M080375]클로닉신리시네이트",20210715,"","","Clonixin(클로닉신)",""
"노인주의","단일",D000675,Clonixin,"클로닉신","[M104025]클로닉신리시네이트","필름코팅정",201902726,"스티로스정(클로닉신리시네이트)",20190429,"(주)바이넥스","하늘색의 원형 제피정",01140,"해열.진통.소염제","일반의약품","[M104025]클로닉신리시네이트",20210715,"","","Clonixin(클로닉신)",""
"노인주의","단일",D000675,Clonixin,"클로닉신","[M104025]클로닉신리시네이트","연질캡슐제, 액상",202009182,"이지페인클린연질캡슐(클로닉신리시네이트)",20201224,"(주)알피바이오","미황색 또는 황색의 내용물을 함유한 노란색의 투명한 타원형 연질캡슐",01140,"해열.진통.소염제","일반의약품","[M104025]클로닉신리시네이트",20210715,"","","Clonixin(클로닉신)",""
"노인주의","단일",D000675,Clonixin,"클로닉신","[M104025]클로닉신리시네이트","연질캡슐제, 현탁상",202204179,"파르펜연질캡슐(클로닉신리시네이트)",20221121,"경남제약(주)","미황색의 투명한 액이 든 청색의 투명한 타원형 연질캡슐",01140,"해열.진통.소염제","일반의약품","[M104025]클로닉신리시네이트",20210715,"","","Clonixin(클로닉신)",""
"노인주의","단일",D000086,Dexibuprofen,"덱시부프로펜","[M215523]덱시부프로펜 디.씨.","필름코팅정",202502479,"엠덱스정(덱시부프로펜디.씨)",20250919,"메딕스제약(주)","분홍색의 장방형 필름코팅정",01140,"해열.진통.소염제","일반의약품","[M215523]덱시부프로펜 디.씨.",20210715,"","","Dexibuprofen(덱시부프로펜)",""
"노인주의","단일",D000086,Dexibuprofen,"덱시부프로펜","[M254719]덱시부프로펜","연질캡슐제, 액상",202600946,"뇌신퀵연질캡슐(덱시부프로펜)",20260402,"씨에이치디제약주식회사","무색 내지 연한 청색의 투명한 내용물이 든 청색의 투명한 타원형 연질캡슐",01140,"해열.진통.소염제","일반의약품","[M254719]덱시부프로펜",20210715,"","","Dexibuprofen(덱시부프로펜)",""
"노인주의","단일",D000506,Diclofenac,"디클로페낙","[M249599]디클로페낙디에틸암모늄","피부용겔제",202501065,"디클로맥스겔(디클로페낙디에틸암모늄)",20250430,"신신제약(주)","백색 연질의 균질한 겔",02640,"진통.진양.수렴.소염제","일반의약품","[M249599]디클로페낙디에틸암모늄",20210715,"","","Diclofenac(디클로페낙)",""
"노인주의","단일",D000506,Diclofenac,"디클로페낙","[M249599]디클로페낙디에틸암모늄","피부용겔제",202501608,"안티푸라민쿨겔(디클로페낙디에틸암모늄)",20250627,"(주)유한양행","백색 연질의 균질한 겔",02640,"진통.진양.수렴.소염제","일반의약품","[M249599]디클로페낙디에틸암모늄",20210715,"","","Diclofenac(디클로페낙)",""
"노인주의","단일",D000506,Diclofenac,"디클로페낙","[M050288]디클로페낙나트륨/[M050288]디클로페낙나트륨/[M050288]디클로페낙나트륨/[M050288]디클로페낙나트륨","지지체가있는첩부제",202503121,"삭시네플라스타(디클로페낙나트륨)",20251128,"대원제약(주)","제1형, 제 3형, 제 4형) 이 약은 무색 내지 엷은 노란색의 특이한 향이 있는 점착성 물질을 지지체에 도포하고 고체면에 고체피복물을 덮은 첩부제이다. 제 2형) 이 약은 무색 내지 엷은 노란색의 점착성 물질을 지지체에 도포하고 고체면에 고체피복물을 덮은 첩부제이다.",01140,"해열.진통.소염제","일반의약품","[M050288]디클로페낙나트륨/[M050288]디클로페낙나트륨/[M050288]디클로페낙나트륨/[M050288]디클로페낙나트륨",20210715,"","","Diclofenac(디클로페낙)",""
"노인주의","단일",D000506,Diclofenac,"디클로페낙","[M050288]디클로페낙나트륨","지지체가있는첩부제",202503128,"쎈디펜플라스타(디클로페낙나트륨)",20251201,"신일제약(주)","무색투명 내지 미황색의 점착성 물질을 지지체에 도포하고(바르고) 고체면에 고체피복물을 덮은 첩부제",02640,"진통.진양.수렴.소염제","일반의약품","[M050288]디클로페낙나트륨",20210715,"","","Diclofenac(디클로페낙)",""
"노인주의","단일",D000506,Diclofenac,"디클로페낙","[M050288]디클로페낙나트륨/[M050288]디클로페낙나트륨/[M050288]디클로페낙나트륨/[M050288]디클로페낙나트륨/[M050288]디클로페낙나트륨/[M050288]디클로페낙나트륨/[M050288]디클로페낙나트륨","카타플라스마제",202503165,"삭시네카타플라스마(디클로페낙나트륨)",20251204,"대원제약(주)","제1형, 제3형, 제5형) 이 약은 흰색 또는 연한 노란색의 점착성 물질을 지지체 위에 도포한 특유한 향기를 가진 카타플라스마제제2형, 제4형, 제6형, 제7형) 이 약은 흰색 또는 연한 노란색의 점착성 물질을 지지체 위에 도포하고 부직점착테이프로 고정시킨 후 고체피복물을 덮은 특유한 향기를 가진 카타플라스마제",01140,"해열.진통.소염제","일반의약품","[M050288]디클로페낙나트륨/[M050288]디클로페낙나트륨/[M050288]디클로페낙나트륨/[M050288]디클로페낙나트륨/[M050288]디클로페낙나트륨/[M050288]디클로페낙나트륨/[M050288]디클로페낙나트륨",20210715,"","","Diclofenac(디클로페낙)",""
"노인주의","단일",D000463,Etodolac,"에토돌락","[M083240]에토돌락","경질캡슐제, 산제",201401037,"엔터락캡슐(에토돌락 )(수출용)(수출명 : Enterlac cap.)",20140306,"(주)마더스제약","흰색 내지 유백색의 분말이 충진된 상하부 청색의 경질캡슐",01140,"해열.진통.소염제","전문의약품","[M083240]에토돌락",20210715,"","","Etodolac(에토돌락)",""
"노인주의","단일",D000363,Ibuprofen,"이부프로펜","[M051259]이부프로펜","필름코팅정",197700120,"부루펜정200밀리그램(이부프로펜)",19770121,"삼일제약(주)","흰색의 장방형 필름코팅 정제",01140,"해열.진통.소염제","일반의약품","[M051259]이부프로펜",20210715,"","","Ibuprofen(이부프로펜)",20210217
"노인주의","단일",D000363,Ibuprofen,"이부프로펜","[M051259]이부프로펜","필름코팅정",198300343,"부루펜정400밀리그램(이부프로펜)",19830201,"삼일제약(주)","흰색의 장방형 필름코팅정제",01140,"해열.진통.소염제","일반의약품","[M051259]이부프로펜",20210715,"","","Ibuprofen(이부프로펜)",20210329
"노인주의","단일",D000363,Ibuprofen,"이부프로펜","[M051259]이부프로펜","필름코팅정",198400131,"스코펜정400밀리그램(이부프로펜)",19840223,"(주)에이프로젠바이오로직스","주황색의 장방형 필름코팅정",01140,"해열.진통.소염제","일반의약품","[M051259]이부프로펜",20210715,"","","Ibuprofen(이부프로펜)",20251010
"노인주의","단일",D000575,Indometacin,"인도메타신","[M040508]인도메타신","피부크림제",198601419,"바이겔크림(인도메타신)",19860514,"초당약품공업(주)","백색 ~ 연한 황색의 크림제",02640,"진통.진양.수렴.소염제","일반의약품","[M040508]인도메타신",20210715,"","","Indometacin(인도메타신)",20071004
"노인주의","단일",D000363,Ibuprofen,"이부프로펜","[M051259]이부프로펜","액상시럽제",198601920,"어린이부루펜시럽(이부프로펜)",19860814,"삼일제약(주)","오렌지 냄새를 가진 흰색 내지 연한노란색의 시럽성 현탁액",01140,"해열.진통.소염제","일반의약품","[M051259]이부프로펜",20210715,"","","Ibuprofen(이부프로펜)",20200729
"노인주의","단일",D000363,Ibuprofen,"이부프로펜","[M051259]이부프로펜","액상시럽제",198700315,"캐롤시럽(이부프로펜)",19870722,"일동제약(주)","이 약은 오렌지향이 있는 흰색 내지 미황색의 현탁액의 시럽제이다.",01140,"해열.진통.소염제","일반의약품","[M051259]이부프로펜",20210715,"","","Ibuprofen(이부프로펜)",20251010
"노인주의","단일",D000363,Ibuprofen,"이부프로펜","[M051259]이부프로펜","필름코팅정",198701124,"오스틴이부프로펜정400밀리그램",19870501,"오스틴제약(주)","흰색의 장방형 필름코팅정",01140,"해열.진통.소염제","일반의약품","[M051259]이부프로펜",20210715,"","","Ibuprofen(이부프로펜)",20251010
"노인주의","단일",D000363,Ibuprofen,"이부프로펜","[M051259]이부프로펜/[M051259]이부프로펜","필름코팅정",198701721,"나르펜정400밀리그램(이부프로펜)(수출명:PANALTab.)",19870812,"초당약품공업(주)","오렌지색의 원형필름 코팅정이다.",01140,"해열.진통.소염제","일반의약품","[M051259]이부프로펜/[M051259]이부프로펜",20210715,"","","Ibuprofen(이부프로펜)",20251010
"노인주의","단일",D000672,Ketoprofen,"케토프로펜","[M051464]케토프로펜","피부용겔제",198800774,"케토파인겔(케토프로펜)",19880908,"태극제약(주)","무색 투명 겔제",02640,"진통.진양.수렴.소염제","일반의약품","[M051464]케토프로펜",20210715,"","","Ketoprofen(케토프로펜)",20100530
"노인주의","단일",D000363,Ibuprofen,"이부프로펜","[M051259]이부프로펜","필름코팅정",198800776,"이부펜정400mg(이부프로펜)",19881116,"태극제약(주)","주황색 원형 필름코팅정",01140,"해열.진통.소염제","일반의약품","[M051259]이부프로펜",20210715,"","","Ibuprofen(이부프로펜)",20251010
"노인주의","단일",D000672,Ketoprofen,"케토프로펜","[M051464]케토프로펜","피부용겔제",198801106,"시푸로겔3%(케토프로펜)",19880510,"삼진제약(주)","방향성을 갖는 거의 무색투명한 점액성의 겔제",02640,"진통.진양.수렴.소염제","일반의약품","[M051464]케토프로펜",20210715,"","","Ketoprofen(케토프로펜)",20151105
"노인주의","단일",D000672,Ketoprofen,"케토프로펜","[M051464]케토프로펜","용액주사제",198801250,"부광케토프로펜주100밀리그램",19880705,"부광약품(주)","갈색의 유리앰플 주사제",01140,"해열.진통.소염제","전문의약품","[M051464]케토프로펜",20210715,"","","Ketoprofen(케토프로펜)",20240522
"노인주의","단일",D000363,Ibuprofen,"이부프로펜","[M051259]이부프로펜/[M051259]이부프로펜","필름코팅정",198801657,"대화이부프로펜정400밀리그램(수출명:UPRO400,IBUFEN)",19880206,"대화제약(주)","내수용 및 수출용 ①, 수출용 ② - 주황색의 장방형 제피정수출용 ③ - 흰색의 장방형 제피정",01140,"해열.진통.소염제","일반의약품","[M051259]이부프로펜/[M051259]이부프로펜",20210715,"","","Ibuprofen(이부프로펜)",20251010
"노인주의","단일",D000363,Ibuprofen,"이부프로펜","[M051259]이부프로펜","필름코팅정",198900550,"로그펜정400밀리그람(이부프로펜)(수출용)",19890303,"(주)마더스제약","주황색 장방형 필름코팅정",01140,"해열.진통.소염제","일반의약품","[M051259]이부프로펜",20210715,"","","Ibuprofen(이부프로펜)",20240715
"노인주의","단일",D000363,Ibuprofen,"이부프로펜","[M051259]이부프로펜","액상시럽제",198901310,"콜대원키즈이부펜시럽(이부프로펜)",19890202,"대원제약(주)","알루미늄 호일 파우치에 든 딸기향이 나는 흰색 또는 연한 노란색의 현탁성 시럽제",01140,"해열.진통.소염제","일반의약품","[M051259]이부프로펜",20210715,"","","Ibuprofen(이부프로펜)",20251010
"노인주의","단일",D000363,Ibuprofen,"이부프로펜","[M051259]이부프로펜/[M051259]이부프로펜","액상시럽제",198901710,"이부날시럽(이부프로펜)",19891024,"(주)팜젠사이언스","(내수용) 오렌지향이 나는 흰색 내지 연한노란색의 시럽제(수출용) 오렌지향이 있는 흰색내지 미황색의 시럽제",01140,"해열.진통.소염제","일반의약품","[M051259]이부프로펜/[M051259]이부프로펜",20210715,"","","Ibuprofen(이부프로펜)",20251010
"노인주의","단일",D000363,Ibuprofen,"이부프로펜","[M051259]이부프로펜","필름코팅정",198901915,"신일이부프로펜정400밀리그람(수출명:IFENTab.)",19890407,"신일제약(주)","주황색의 원형 필름코팅정",01140,"해열.진통.소염제","일반의약품","[M051259]이부프로펜",20210715,"","","Ibuprofen(이부프로펜)",20251010
"노인주의","단일",D000672,Ketoprofen,"케토프로펜","[M051464]케토프로펜","용액주사제",199000595,"제일제약케토프로펜주(수출용)",19901026,"(주)제일제약","무색 내지 미황색의 액체가 들어있는 갈색 앰플제",01140,"해열.진통.소염제","전문의약품","[M051464]케토프로펜",20210715,"","","Ketoprofen(케토프로펜)",20181128
"노인주의","단일",D000672,Ketoprofen,"케토프로펜","[M051464]케토프로펜","용액주사제",199000923,"삼천당케토프로펜주100밀리그램(수출명:케페인주)",19900330,"삼천당제약(주)","무색투명한 액이 든 갈색유리앰플 주사제",01140,"해열.진통.소염제","전문의약품","[M051464]케토프로펜",20210715,"","","Ketoprofen(케토프로펜)",20240522
"노인주의","단일",D000363,Ibuprofen,"이부프로펜","[M051259]이부프로펜","필름코팅정",199001302,"파마이부프로펜정(수출명1:펜스탑정수출명2:유프로정400(UPROTab400))(수출용)",19900829,"(주)한국파마","주황색의 타원형 필림 코팅정이다.",01140,"해열.진통.소염제","일반의약품","[M051259]이부프로펜",20210715,"","","Ibuprofen(이부프로펜)",20240715
"노인주의","단일",D000230,"Mefenamic acid","메페남산","[M100591]메페남산","경질캡슐제, 산제",199100581,"유한메페남산캅셀250밀리그람(수출용)",19910227,"(주)유한양행","하늘색 뚜껑의 황색캅셀임.",01140,"해열.진통.소염제","일반의약품","[M100591]메페남산",20210715,"","","Mefenamic acid(메페남산)",20080411
"노인주의","단일",D000363,Ibuprofen,"이부프로펜","[M051259]이부프로펜","액상시럽제",199100705,"어린이알리펜시럽(이부프로펜)(수출명:이부돌시럽)",19910109,"대우제약(주)","오렌지향이 나는 흰색 내지 연한노란색의 시럽제",01140,"해열.진통.소염제","일반의약품","[M051259]이부프로펜",20210715,"","","Ibuprofen(이부프로펜)",20251010
"노인주의","단일",D000363,Ibuprofen,"이부프로펜","[M051259]이부프로펜","필름코팅정",199102092,"다이야펜정400밀리그램(이부프로펜)",19910525,"미래바이오제약(주)","주황색의 장방형 필름코팅정",01140,"해열.진통.소염제","일반의약품","[M051259]이부프로펜",20210715,"","","Ibuprofen(이부프로펜)",20251010
"노인주의","단일",D000363,Ibuprofen,"이부프로펜","[M051259]이부프로펜","필름코팅정",199102476,"하원이부프로펜정400mg",19910828,"(주)하원제약","주황색의 장방형 필름코팅정",01140,"해열.진통.소염제","일반의약품","[M051259]이부프로펜",20210715,"","","Ibuprofen(이부프로펜)",20251010
"노인주의","단일",D000672,Ketoprofen,"케토프로펜","[M051464]케토프로펜","피부용겔제",199201803,"케바논겔(케토프로펜)",19920618,"대화제약(주)","전질이 고른 투명한 겔",02640,"진통.진양.수렴.소염제","일반의약품","[M051464]케토프로펜",20210715,"","","Ketoprofen(케토프로펜)",20210524
"노인주의","단일",D000363,Ibuprofen,"이부프로펜","[M051259]이부프로펜","액상시럽제",199300224,"베비잘시럽(이부프로펜)",19931117,"(주)종근당","오렌지 향을 가진 흰색 또는 미황색(연노랑)의 시럽제",01140,"해열.진통.소염제","일반의약품","[M051259]이부프로펜",20210715,"","","Ibuprofen(이부프로펜)",20251010
"노인주의","단일",D000525,Loxoprofen,"록소프로펜","[M222839]록소프로펜나트륨수화물","나정",199300848,"동화록소닌정(록소프로펜나트륨수화물)",19931014,"동화약품(주)","담홍색의 원형정제이다.",01140,"해열.진통.소염제","전문의약품","[M222839]록소프로펜나트륨수화물",20210715,"","","Loxoprofen(록소프로펜)",20230430
"노인주의","단일",D000363,Ibuprofen,"이부프로펜","[M051259]이부프로펜","액상시럽제",199302363,"이부서스펜시럽(이부프로펜)",19931115,"한미약품(주)","흰색의 불투명 플라스틱 병 또는 반투명 플라스틱 병에 든 라임향을 지닌 주황색의 시럽제",01140,"해열.진통.소염제","일반의약품","[M051259]이부프로펜",20210715,"","","Ibuprofen(이부프로펜)",20251010
"노인주의","단일",D000672,Ketoprofen,"케토프로펜","[M051464]케토프로펜/[M051464]케토프로펜/[M051464]케토프로펜/[M051464]케토프로펜/[M051464]케토프로펜/[M051464]케토프로펜/[M051464]케토프로펜/[M051464]케토프로펜","지지체가있는첩부제",199300356,"케토톱플라스타(케토프로펜)(싱가폴수출명 : Ketotop Pain Relief Plaster 30mg)",19931018,"(주)한독","-국내용 1, 2, 4, 5, 6, 7, 수출용: 무색 투명 또는 유백색의 점착성 물질을 살구색의 린트포에 도포하여 고체면에 박리지를 덮은 모서리가 둥근 사각형의 첩부제- 국내용 3 : 무색 투명 또는 유백색의 점착성 물질을 어두운 살구색의 린트포에 도포하여 고체면에 박리지를 덮은 원형의 첩부제",02640,"진통.진양.수렴.소염제","일반의약품","[M051464]케토프로펜/[M051464]케토프로펜/[M051464]케토프로펜/[M051464]케토프로펜/[M051464]케토프로펜/[M051464]케토프로펜/[M051464]케토프로펜/[M051464]케토프로펜",20210715,"","","Ketoprofen(케토프로펜)",20200822
"노인주의","단일",D000363,Ibuprofen,"이부프로펜","[M051259]이부프로펜","나정",199302515,"리오루펜정400밀리그람(이부프로펜)",19930504,"알파제약(주)","백색의 타원형정제",01140,"해열.진통.소염제","일반의약품","[M051259]이부프로펜",20210715,"","","Ibuprofen(이부프로펜)",20251010
"노인주의","단일",D000672,Ketoprofen,"케토프로펜","[M051464]케토프로펜","피부용겔제",199400367,"케노펜겔(케토프로펜)",19940514,"일동제약(주)","무색의 투명한 겔제",02640,"진통.진양.수렴.소염제","일반의약품","[M051464]케토프로펜",20210715,"","","Ketoprofen(케토프로펜)",20100530
"노인주의","단일",D000363,Ibuprofen,"이부프로펜","[M051259]이부프로펜","경질캡슐제, 산제",199402354,"코러스이부프로펜캡슐(수출용)",19940930,"한국코러스(주)","백색가루가 함유되어 있는 상, 하부 백색의 경질 캡슐제",01140,"해열.진통.소염제","일반의약품","[M051259]이부프로펜",20210715,"","","Ibuprofen(이부프로펜)",20240715
"노인주의","단일",D001289,Ketorolac,"케토롤락","[M084703]케토롤락트로메타민","필름코팅정",199500043,"케토라신정(케토롤락트로메타민)",19950712,"동국제약(주)","이 약은 원형의 흰색 필름코팅정제이다.",01140,"해열.진통.소염제","전문의약품","[M084703]케토롤락트로메타민",20210715,"","","Ketorolac(케토롤락)",20240522
"노인주의","단일",D000672,Ketoprofen,"케토프로펜","[M051464]케토프로펜","피부용겔제",199500642,"에스겔(케토프로펜)",19950804,"알리코제약(주)","무색 투명한 겔제",02640,"진통.진양.수렴.소염제","일반의약품","[M051464]케토프로펜",20210715,"","","Ketoprofen(케토프로펜)",20180223
"노인주의","단일",D000230,"Mefenamic acid","메페남산","[M050476]메페남산","필름코팅정",199501172,"메페믹정(수출용)",19950919,"(주)한국파마","청색의 장방형 필름코팅정제",01140,"해열.진통.소염제","일반의약품","[M050476]메페남산",20210715,"","","Mefenamic acid(메페남산)",20100315
"노인주의","단일",D000363,Ibuprofen,"이부프로펜","[M051259]이부프로펜","필름코팅정",199501694,"이바펜400밀리그람정(이부프로펜)",19950719,"하이플생명과학(주)","흰색의 장방형 필름 코팅정제",01140,"해열.진통.소염제","일반의약품","[M051259]이부프로펜",20210715,"","","Ibuprofen(이부프로펜)",20251010
"노인주의","단일",D000363,Ibuprofen,"이부프로펜","[M051259]이부프로펜","필름코팅정",199501735,"넬슨이부프로펜정200밀리그램(이부프로펜)",19951006,"한국넬슨제약(주)","주황색의 원형 필름코팅정",01140,"해열.진통.소염제","일반의약품","[M051259]이부프로펜",20210715,"","","Ibuprofen(이부프로펜)",20251010
"노인주의","단일",D000363,Ibuprofen,"이부프로펜","[M051259]이부프로펜","필름코팅정",199501736,"넬슨이부프로펜정400밀리그램(이부프로펜)",19951006,"한국넬슨제약(주)","주황색의 타원형 필름코팅정",01140,"해열.진통.소염제","일반의약품","[M051259]이부프로펜",20210715,"","","Ibuprofen(이부프로펜)",20251010
"노인주의","단일",D000363,Ibuprofen,"이부프로펜","[M051259]이부프로펜","필름코팅정",199502575,"삼익이부프로펜정",19950214,"삼익제약(주)","적황색의 타원형 필름코팅정",01140,"해열.진통.소염제","일반의약품","[M051259]이부프로펜",20210715,"","","Ibuprofen(이부프로펜)",20251010
"노인주의","단일",D000672,Ketoprofen,"케토프로펜","[M051464]케토프로펜","피부용겔제",199600275,"케토톱겔(케토프로펜)",19960911,"(주)한독","무색 투명 겔제",02640,"진통.진양.수렴.소염제","일반의약품","[M051464]케토프로펜",20210715,"","","Ketoprofen(케토프로펜)",20151116
"노인주의","단일",D000672,Ketoprofen,"케토프로펜","[M051464]케토프로펜","지지체가있는첩부제",199600277,"케토톱엘플라스타(케토프로펜)",19960715,"(주)한독","무색투명의 점착성물질을 살구색의 린트포에 도포하여 고체면에 박리지를 덮은 첩부제",02640,"진통.진양.수렴.소염제","일반의약품","[M051464]케토프로펜",20210715,"","","Ketoprofen(케토프로펜)",20150309
"노인주의","단일",D000672,Ketoprofen,"케토프로펜","[M051464]케토프로펜/[M051464]케토프로펜/[M051464]케토프로펜/[M051464]케토프로펜/[M051464]케토프로펜/[M051464]케토프로펜","경피흡수제",199600561,"케펜텍플라스타(케토프로펜)
(수출명 : KEFEN)",19960419,"제일헬스사이언스(주)","이 약은 무색투명의 점착성 물질을 린트포에 도포하고 고체면에 박리지를 덮은 경고제이다",02640,"진통.진양.수렴.소염제","일반의약품","[M051464]케토프로펜/[M051464]케토프로펜/[M051464]케토프로펜/[M051464]케토프로펜/[M051464]케토프로펜/[M051464]케토프로펜",20210715,"","","Ketoprofen(케토프로펜)",20110620
"노인주의","단일",D000672,Ketoprofen,"케토프로펜","[M051464]케토프로펜","피부용겔제",199602289,"루마겔(케토프로펜)",19961129,"한미약품(주)","무색 투명의 겔제",02640,"진통.진양.수렴.소염제","일반의약품","[M051464]케토프로펜",20210715,"","","Ketoprofen(케토프로펜)",20190628
"노인주의","단일",D000363,Ibuprofen,"이부프로펜","[M051259]이부프로펜","필름코팅정",199602438,"조아이부프로펜400밀리그람정(수출용)",19960706,"조아제약(주)","백색의 장방형 필름콜팅정",01140,"해열.진통.소염제","일반의약품","[M051259]이부프로펜",20210715,"","","Ibuprofen(이부프로펜)",20240715
"노인주의","단일",D001289,Ketorolac,"케토롤락","[M222885]케토롤락트로메타민염","용액주사제",199604999,"트롤락주(케토롤락트로메타민염)",19960701,"환인제약(주)","미황색의 액체가 든 갈색앰플 주사제",01140,"해열.진통.소염제","전문의약품","[M222885]케토롤락트로메타민염",20210715,"","","Ketorolac(케토롤락)",20240522
"노인주의","단일",D000525,Loxoprofen,"록소프로펜","[M222839]록소프로펜나트륨수화물","나정",199700059,"록스펜정(록소프로펜나트륨)",19970516,"신풍제약(주)","흰색의 원형정제",01140,"해열.진통.소염제","전문의약품","[M222839]록소프로펜나트륨수화물",20210715,"","","Loxoprofen(록소프로펜)",20230430
"노인주의","단일",D001289,Ketorolac,"케토롤락","[M222885]케토롤락트로메타민염","용액주사제",199700240,"케로라주(케토롤락트로메타민염)",19970204,"동광제약(주)","엷은 황색의 투명한 액체가 충전된 갈색 앰플제",01140,"해열.진통.소염제","전문의약품","[M222885]케토롤락트로메타민염",20210715,"","","Ketorolac(케토롤락)",20240522
"노인주의","단일",D000525,Loxoprofen,"록소프로펜","[M222839]록소프로펜나트륨수화물","나정",199700557,"레녹스정(록소프로펜나트륨수화물)",19970107,"일동제약(주)","담홍색의 원형정제",01140,"해열.진통.소염제","전문의약품","[M222839]록소프로펜나트륨수화물",20210715,"","","Loxoprofen(록소프로펜)",20230430
"노인주의","단일",D000525,Loxoprofen,"록소프로펜","[M222839]록소프로펜나트륨수화물","나정",199701414,"록펜정(록소프로펜나트륨수화물)",19970901,"(주)메디카코리아","흰색의 원형 정제",01140,"해열.진통.소염제","전문의약품","[M222839]록소프로펜나트륨수화물",20210715,"","","Loxoprofen(록소프로펜)",20230430
"노인주의","단일",D001289,Ketorolac,"케토롤락","[M222885]케토롤락트로메타민염","용액주사제",199701415,"타벨주(케토롤락트로메타민염)",19970723,"(주)메디카코리아","엷은 황색의 투명 액체가 든 갈색 앰플주사제",01140,"해열.진통.소염제","전문의약품","[M222885]케토롤락트로메타민염",20210715,"","","Ketorolac(케토롤락)",20240522
"노인주의","단일",D000363,Ibuprofen,"이부프로펜","[M051259]이부프로펜","연질캡슐제, 액상",199701416,"리도펜연질캡슐(이부프로펜)",19971103,"(주)메디카코리아","무색-연한 녹색의 투명한 액상의 내용물을 함유한 연청녹색의 타원형 연질캡슐제",01140,"해열.진통.소염제","일반의약품","[M051259]이부프로펜",20210715,"","","Ibuprofen(이부프로펜)",20251010
"노인주의","단일",D000672,Ketoprofen,"케토프로펜","[M051464]케토프로펜","피부용겔제",199702146,"겟투겔(케토프로펜)",19970705,"한국넬슨제약(주)","무색투명한 점액성의 겔제",02640,"진통.진양.수렴.소염제","일반의약품","[M051464]케토프로펜",20210715,"","","Ketoprofen(케토프로펜)",20130102
"노인주의","단일",D000525,Loxoprofen,"록소프로펜","[M222839]록소프로펜나트륨수화물","나정",199702297,"로부펜정(록소프로펜나트륨수화물)",19970221,"삼아제약(주)","흰색의 원형정제",01140,"해열.진통.소염제","전문의약품","[M222839]록소프로펜나트륨수화물",20210715,"","","Loxoprofen(록소프로펜)",20230430
"노인주의","단일",D000363,Ibuprofen,"이부프로펜","[M051259]이부프로펜/[M051259]이부프로펜","필름코팅정",199703357,"코러스이부프로펜정400밀리그람",19970418,"한국코러스(주)","주황색의 장방형 필름코팅정제",01140,"해열.진통.소염제","일반의약품","[M051259]이부프로펜/[M051259]이부프로펜",20210715,"","","Ibuprofen(이부프로펜)",20251010
"노인주의","단일",D000363,Ibuprofen,"이부프로펜","[M051259]이부프로펜/[M051259]이부프로펜","필름코팅정",199703387,"스로펜정(이부프로펜) 수출명:Korus Ibuprofen Tab.",19971223,"한국코러스(주)","분홍색의 원형제피정제이다.",01140,"해열.진통.소염제","일반의약품","[M051259]이부프로펜/[M051259]이부프로펜",20210715,"","","Ibuprofen(이부프로펜)",20251010
"노인주의","단일",D000672,Ketoprofen,"케토프로펜","[M051464]케토프로펜","서방성경피흡수제",199800686,"케펜텍-엘플라스타(케토프로펜)",19980710,"제일헬스사이언스(주)","이 약은 무색의 반투명한 점착성 물질을 필름에 도포하고(바르고) 고체면에 린트포를 덮은 경고제이다.",02640,"진통.진양.수렴.소염제","일반의약품","[M051464]케토프로펜",20210715,"","","Ketoprofen(케토프로펜)",20110620
"노인주의","단일",D000525,Loxoprofen,"록소프로펜","[M085577]록소프로펜나트륨","나정",199801240,"로바펜정(록소프로펜나트륨)",19980527,"일양약품(주)","담홍색의 원형정제.",01140,"해열.진통.소염제","전문의약품","[M085577]록소프로펜나트륨",20210715,"","","Loxoprofen(록소프로펜)",20230430
"노인주의","단일",D000525,Loxoprofen,"록소프로펜","[M222839]록소프로펜나트륨수화물","나정",199801897,"록사트론정(록소프로펜나트륨수화물)",19980121,"대화제약(주)","흰색∼미황색의 원형 정제",01140,"해열.진통.소염제","전문의약품","[M222839]록소프로펜나트륨수화물",20210715,"","","Loxoprofen(록소프로펜)",20230430
"노인주의","단일",D000363,Ibuprofen,"이부프로펜","[M051259]이부프로펜","필름코팅정",199804309,"알로판400mg정(이부프로펜)",19980403,"(주)넥스팜코리아","등황색의 타원형 필름코팅정제",01140,"해열.진통.소염제","일반의약품","[M051259]이부프로펜",20210715,"","","Ibuprofen(이부프로펜)",20251010
"노인주의","단일",D000525,Loxoprofen,"록소프로펜","[M222839]록소프로펜나트륨수화물","나정",199900143,"동광록소프로펜정(록소프로펜나트륨수화물)",19991201,"동광제약(주)","흰색의 원형 정제",01140,"해열.진통.소염제","전문의약품","[M222839]록소프로펜나트륨수화물",20210715,"","","Loxoprofen(록소프로펜)",20230430
"노인주의","단일",D000363,Ibuprofen,"이부프로펜","[M051259]이부프로펜/[M051259]이부프로펜","액상시럽제",199900511,"대웅이부펜시럽(이부프로펜)(수출명:SOTSTOPsyrup)",19990501,"(주)대웅제약","내수용 : 갈색 유리병에 든 오렌지향을 가진 흰색 내지 미황색의 시럽제수출용 : 갈색 유리병에 든 오렌지향을 가진 주황색의 시럽제",01140,"해열.진통.소염제","일반의약품","[M051259]이부프로펜/[M051259]이부프로펜",20210715,"","","Ibuprofen(이부프로펜)",20251010
"노인주의","단일",D000525,Loxoprofen,"록소프로펜","[M222839]록소프로펜나트륨수화물","나정",199900672,"록세핀정(록소프로펜나트륨수화물)",19990415,"대우제약(주)","흰색∼미황색의 원형 정제",01140,"해열.진통.소염제","전문의약품","[M222839]록소프로펜나트륨수화물",20210715,"","","Loxoprofen(록소프로펜)",20230430
"노인주의","단일",D000672,Ketoprofen,"케토프로펜","[M051464]케토프로펜/[M051464]케토프로펜","지지체가있는첩부제",199901296,"케토크린플라스타(케토프로펜)",19990917,"신신제약(주)","이 약은 유백색의 점착성 물질을 살색의 린트포에 도포하고(바르고) 고체면에 박리지를 덮은 것이다.",02640,"진통.진양.수렴.소염제","일반의약품","[M051464]케토프로펜/[M051464]케토프로펜",20210715,"","","Ketoprofen(케토프로펜)",20130620
"노인주의","단일",D000363,Ibuprofen,"이부프로펜","[M051259]이부프로펜","필름코팅정",199901375,"아루펜정400밀리그람(이부프로펜)",19990106,"삼남제약(주)","흰색의 장방형 필름코팅정제",01140,"해열.진통.소염제","일반의약품","[M051259]이부프로펜",20210715,"","","Ibuprofen(이부프로펜)",20251010
"노인주의","단일",D000230,"Mefenamic acid","메페남산","[M050476]메페남산/[M050476]메페남산","나정",199903201,"휴온스메페남산정(수출명:KWNSTANFORTETab.)(수출용)",19991018,"(주)휴온스","수출용1 : 백색의 원형 정제수출용2 : 연한 황색의 장방형 필름코팅정",01140,"해열.진통.소염제","일반의약품","[M050476]메페남산/[M050476]메페남산",20210715,"","","Mefenamic acid(메페남산)",20191101
"노인주의","단일",D000672,Ketoprofen,"케토프로펜","[M081361]케토프로펜리신","경질캡슐제, 산제",199904734,"넥스팜케토프로펜리신캅셀(수출용)",19990529,"(주)넥스팜코리아","흰색의 가루가 들어있는 상하 흰색의 캅셀제",01140,"해열.진통.소염제","전문의약품","[M081361]케토프로펜리신",20210715,"","","Ketoprofen(케토프로펜)",20130409
"노인주의","단일",D000672,Ketoprofen,"케토프로펜","[M051464]케토프로펜","카타플라스마제",199907300,"케토크린카타플라스마(케토프로펜)(수출용)",19990424,"신신제약(주)","본 품은 유백색의 점착성 고체를 부직포위에 도포한 면에 플라스틱필름을 덮은 카타플라스마제이다.",02640,"진통.진양.수렴.소염제","일반의약품","[M051464]케토프로펜",20210715,"","","Ketoprofen(케토프로펜)",20100530
"노인주의","단일",D000672,Ketoprofen,"케토프로펜","[M051464]케토프로펜","지지체가있는첩부제",200000568,"케노펜플라스타(케토프로펜)",20001113,"일동제약(주)","무색투명한 점착성물질을 린트포에 도포하여 고체면에 박리지를 덮은 첩부제",02640,"진통.진양.수렴.소염제","일반의약품","[M051464]케토프로펜",20210715,"","","Ketoprofen(케토프로펜)",20100530
"노인주의","단일",D000363,Ibuprofen,"이부프로펜","[M051259]이부프로펜","서방정",200001172,"디퓨탭서방정(이부프로펜)",20000522,"동성제약(주)","흰색의 장방형 정제",01140,"해열.진통.소염제","일반의약품","[M051259]이부프로펜",20210715,"","","Ibuprofen(이부프로펜)",20251010
"노인주의","단일",D000672,Ketoprofen,"케토프로펜","[M051464]케토프로펜/[M051464]케토프로펜","지지체가있는첩부제",200002439,"케바논첩부제(케토프로펜)(수출명:PlasterJoint,PolyArtritoPlast,KEPAX)",20000628,"대화제약(주)","내수용(S-Type), 수출용①(S-Type), 수출용③(S-Type):무색투명의 점착성물질을 린트포에 도포하여 고체면에 박리지를 덮은 첩부제내수용(R-Type):적당한 크기로 잘라 사용하는 롤타입으로서, 무색투명한 점착성 물질을 부직포에 도포하여 고체면에 박리지를 덮은 첩부제수출용②무색투명의 점착성물질을 린트포에 도포하여 고체면에 피복체를 덮은 첩부제",02640,"진통.진양.수렴.소염제","일반의약품","[M051464]케토프로펜/[M051464]케토프로펜",20210715,"","","Ketoprofen(케토프로펜)",20200108
"노인주의","단일",D000672,Ketoprofen,"케토프로펜","[M051464]케토프로펜","피부용겔제",200003483,"조아스트롱조인트겔(케토프로펜)",20000825,"조아제약(주)","전질 균등한 무색의 겔제",02640,"진통.진양.수렴.소염제","일반의약품","[M051464]케토프로펜",20210715,"","","Ketoprofen(케토프로펜)",20141022
"노인주의","단일",D000363,Ibuprofen,"이부프로펜","[M051259]이부프로펜","경질캡슐제, 산제",200003489,"다펜캡슐(이부프로펜)(수출용)",20001117,"조아제약(주)","백색분말이 들어있는 상부 녹색, 하부 유백색의 경질캡슐제",01140,"해열.진통.소염제","일반의약품","[M051259]이부프로펜",20210715,"","","Ibuprofen(이부프로펜)",20240715
"노인주의","단일",D001289,Ketorolac,"케토롤락","[M222885]케토롤락트로메타민염","용액주사제",200100710,"케토락주(케토롤락트로메타민염)(수출용)",20010202,"대우제약(주)","엷은 황색의 투명한 액체를 함유한 갈색 앰플제이다.",01140,"해열.진통.소염제","전문의약품","[M222885]케토롤락트로메타민염",20210715,"","","Ketorolac(케토롤락)",20240522
"노인주의","단일",D000363,Ibuprofen,"이부프로펜","[M051259]이부프로펜","필름코팅정",200101233,"동구이부프로펜정400밀리그람(수출용)",20010906,"(주)동구바이오제약","분홍색의 장방형 필름코팅정제",01140,"해열.진통.소염제","일반의약품","[M051259]이부프로펜",20210715,"","","Ibuprofen(이부프로펜)",20240715
"노인주의","단일",D000363,Ibuprofen,"이부프로펜","[M051259]이부프로펜","필름코팅정",200101234,"동구이부프로펜정600mg(수출용)",20010906,"(주)동구바이오제약","백색내지 미황색의 타원형 필름코팅정",01140,"해열.진통.소염제","일반의약품","[M051259]이부프로펜",20210715,"","","Ibuprofen(이부프로펜)",20240715
"노인주의","단일",D001289,Ketorolac,"케토롤락","[M084703]케토롤락트로메타민","용액주사제",200102265,"케토란주(케토롤락트로메타민)",20010404,"경동제약(주)","엷은 황색의 투명 액체가 든 갈색 앰플 주사",01140,"해열.진통.소염제","전문의약품","[M084703]케토롤락트로메타민",20210715,"","","Ketorolac(케토롤락)",20240522
"노인주의","단일",D000363,Ibuprofen,"이부프로펜","[M051259]이부프로펜","당의정",200109769,"애드빌정(이부프로펜)",20011226,"헤일리온코리아주식회사","연갈색의 양면이 볼록한 원형 당의정이다.",01140,"해열.진통.소염제","일반의약품","[M051259]이부프로펜",20210715,"","","Ibuprofen(이부프로펜)",20251010
"노인주의","단일",D000525,Loxoprofen,"록소프로펜","[M222839]록소프로펜나트륨수화물","나정",200200375,"록소디펜정(록소프로펜나트륨수화물)",20020905,"(주)셀트리온제약","흰색의 원형 정제",01140,"해열.진통.소염제","전문의약품","[M222839]록소프로펜나트륨수화물",20210715,"","","Loxoprofen(록소프로펜)",20230430
"노인주의","단일",D000672,Ketoprofen,"케토프로펜","[M051464]케토프로펜","피부용겔제",200201706,"쿨그린겔(케토프로펜)(수출용)",20020307,"오스틴제약(주)","무색 투명한 겔제",02640,"진통.진양.수렴.소염제","일반의약품","[M051464]케토프로펜",20210715,"","","Ketoprofen(케토프로펜)",20100530
"노인주의","단일",D000672,Ketoprofen,"케토프로펜","[M051464]케토프로펜/[M051464]케토프로펜","지지체가있는첩부제",200202126,"하루펜플라스타(케토프로펜)",20020125,"신일제약(주)","이 약은 무색 반투명의 점착성물질을 살색 부직포에 도포하고(바르고) 고체면에 박리(벗겨짐)지를 덮은 첩부제",02640,"진통.진양.수렴.소염제","일반의약품","[M051464]케토프로펜/[M051464]케토프로펜",20210715,"","","Ketoprofen(케토프로펜)",20110728
"노인주의","단일",D001289,Ketorolac,"케토롤락","[M222885]케토롤락트로메타민염","용액주사제",200202727,"케토신주사(케토롤락트로메타민염)(수출명:뉴케토신주사,NEWKETOCININJ)",20021011,"명문제약(주)","엷은 황색의 투명 액체가 든 갈색 앰플 주사제",01140,"해열.진통.소염제","전문의약품","[M222885]케토롤락트로메타민염",20210715,"","","Ketorolac(케토롤락)",20240522
"노인주의","단일",D000672,Ketoprofen,"케토프로펜","[M051464]케토프로펜","지지체가있는첩부제",200210297,"케프로펜경고제(케토프로펜)",20020208,"(주)오현파마코푸레이션","백색의 부직포에 백색의 점착성 물질이 도포되고 박리지를 부착한 경고제",02640,"진통.진양.수렴.소염제","일반의약품","[M051464]케토프로펜",20210715,"","","Ketoprofen(케토프로펜)",20140703
"노인주의","단일",D000427,Meloxicam,"멜록시캄","[M086439]멜록시캄","경질캡슐제, 산제",200300030,"뉴시캄캡슐7.5밀리그램(멜록시캄)",20030711,"신풍제약(주)","연한 노란색의 가루가 든 상,하 담녹색 캡슐제",01140,"해열.진통.소염제","전문의약품","[M086439]멜록시캄",20210715,"","","Meloxicam(멜록시캄)",20240913
"노인주의","단일",D000525,Loxoprofen,"록소프로펜","[M085577]록소프로펜나트륨","나정",200300064,"렉소팬정(록소프로펜나트륨)",20031213,"한국휴텍스제약(주)","흰색의 원형 정제",01140,"해열.진통.소염제","전문의약품","[M085577]록소프로펜나트륨",20210715,"","","Loxoprofen(록소프로펜)",20230430
"노인주의","단일",D000427,Meloxicam,"멜록시캄","[M086439]멜록시캄","경질캡슐제, 산제",200300089,"멜락스캡슐7.5밀리그램(멜록시캄)",20030919,"(주)종근당","미황색 가루가 든 상, 하 담녹색 경질캡슐제",01140,"해열.진통.소염제","전문의약품","[M086439]멜록시캄",20210715,"","","Meloxicam(멜록시캄)",20240913
"노인주의","단일",D000427,Meloxicam,"멜록시캄","[M086439]멜록시캄","경질캡슐제, 산제",200300130,"메록심캡슐(멜록시캄)",20030715,"이연제약(주)","미황색의 내용물이 충진된 상,하부 담녹색의 경질캡슐제",01140,"해열.진통.소염제","전문의약품","[M086439]멜록시캄",20210715,"","","Meloxicam(멜록시캄)",20240913
"노인주의","단일",D000427,Meloxicam,"멜록시캄","[M086439]멜록시캄","경질캡슐제, 산제",200300154,"메로콕스캡슐7.5밀리그램(멜록시캄)",20031206,"동아에스티(주)","황색분말이며, 담녹색(상단)-담녹색(하단)의 경질캡슐제",01140,"해열.진통.소염제","전문의약품","[M086439]멜록시캄",20210715,"","","Meloxicam(멜록시캄)",20240913
"노인주의","단일",D000427,Meloxicam,"멜록시캄","[M086439]멜록시캄/[M086439]멜록시캄","경질캡슐제, 산제",200300261,"멜록시펜캡슐(멜록시캄)(수출명:국제메펜캡슐)",20031216,"국제약품(주)","미황색 가루가 든 상, 하 담녹색 캡슐제",01140,"해열.진통.소염제","전문의약품","[M086439]멜록시캄/[M086439]멜록시캄",20210715,"","","Meloxicam(멜록시캄)",20240913
"노인주의","단일",D000427,Meloxicam,"멜록시캄","[M086439]멜록시캄","경질캡슐제, 산제",200300411,"멜로캄캡슐7.5밀리그람(멜록시캄)(수출명:유한멜로캄캡슐7.5밀리그람)",20030711,"(주)유한양행","미황색 분말이 함유된 상하부 담청색의 경질캡슐",01140,"해열.진통.소염제","전문의약품","[M086439]멜록시캄",20210715,"","","Meloxicam(멜록시캄)",20240913
"노인주의","단일",D000427,Meloxicam,"멜록시캄","[M086439]멜록시캄","경질캡슐제, 산제",200300412,"멜로캄캡슐15밀리그람(멜록시캄)(수출명:유한멜로캄캡슐15밀리그람)",20030711,"(주)유한양행","미황색 분말이 함유된 상부 담청색, 하부 황색의 경질캡슐",01140,"해열.진통.소염제","전문의약품","[M086439]멜록시캄",20210715,"","","Meloxicam(멜록시캄)",20240913
"노인주의","단일",D000427,Meloxicam,"멜록시캄","[M086439]멜록시캄","경질캡슐제, 산제",200300462,"캄록스캡슐(멜록시캄)",20030814,"(주)바이넥스","미황색가루가 든 상,하 담녹색의 캡슐제",01140,"해열.진통.소염제","전문의약품","[M086439]멜록시캄",20210715,"","","Meloxicam(멜록시캄)",20240913
"노인주의","단일",D000525,Loxoprofen,"록소프로펜","[M222839]록소프로펜나트륨수화물","나정",200300796,"안국록소프로펜나트륨정",20030609,"안국약품(주)","흰색∼미황색의 원형 정제",01140,"해열.진통.소염제","전문의약품","[M222839]록소프로펜나트륨수화물",20210715,"","","Loxoprofen(록소프로펜)",20230430
"노인주의","단일",D000427,Meloxicam,"멜록시캄","[M086439]멜록시캄","경질캡슐제, 산제",200301019,"멜록스캡슐(멜록시캄)",20030916,"(주)메디카코리아","미황색의 내용물이 충진된 상,하부 녹색의 경질캡슐제",01140,"해열.진통.소염제","전문의약품","[M086439]멜록시캄",20210715,"","","Meloxicam(멜록시캄)",20240913
"노인주의","단일",D000525,Loxoprofen,"록소프로펜","[M222839]록소프로펜나트륨수화물","나정",200301612,"록소날정(록소프로펜나트륨수화물)",20030929,"경동제약(주)","흰색∼미황색의 원형 정제",01140,"해열.진통.소염제","전문의약품","[M222839]록소프로펜나트륨수화물",20210715,"","","Loxoprofen(록소프로펜)",20230430
"노인주의","단일",D001289,Ketorolac,"케토롤락","[M222885]케토롤락트로메타민염","용액주사제",200301719,"케로민주사(케토롤락트로메타민염)",20030902,"하나제약(주)","이 약은 엷은 황색의 투명액체가 든 갈색앰플 주사제이다",01140,"해열.진통.소염제","전문의약품","[M222885]케토롤락트로메타민염",20210715,"","","Ketorolac(케토롤락)",20240522
"노인주의","단일",D000363,Ibuprofen,"이부프로펜","[M051259]이부프로펜","연질캡슐제, 액상",200301809,"스피드펜연질캡슐200밀리그램(이부프로펜)",20030314,"한미약품(주)","무색 내지 엷은 청색의 액상 내용물이 든 청색의 투명한 타원형 연질캡슐",01140,"해열.진통.소염제","일반의약품","[M051259]이부프로펜",20210715,"","","Ibuprofen(이부프로펜)",20251010
"노인주의","단일",D000427,Meloxicam,"멜록시캄","[M086439]멜록시캄","경질캡슐제, 산제",200302052,"콕시캄캡슐(멜록시캄)",20030916,"(주)하원제약","황색 분말이 충전된 상,하부 담녹색의 경질 캡슐",01140,"해열.진통.소염제","전문의약품","[M086439]멜록시캄",20210715,"","","Meloxicam(멜록시캄)",20240913
"노인주의","단일",D001289,Ketorolac,"케토롤락","[M222885]케토롤락트로메타민염","용액주사제",200302143,"케트로주사(케토롤락트로메타민염)(수출명:HUDORAC Inj., NEWHUDORAC Inj.,CBI antigrain Injection, Huons Ketrolac tromethamine Inj.)",20030102,"(주)휴온스","엷은 황색의 투명 액체가 든 갈색 앰플 주사제",01140,"해열.진통.소염제","전문의약품","[M222885]케토롤락트로메타민염",20210715,"","","Ketorolac(케토롤락)",20240522
"노인주의","단일",D000525,Loxoprofen,"록소프로펜","[M222839]록소프로펜나트륨수화물","나정",200302173,"아소로펜정(록소프로펜나트륨수화물)",20030619,"케이엠에스제약(주)","흰색의 원형정제",01140,"해열.진통.소염제","전문의약품","[M222839]록소프로펜나트륨수화물",20210715,"","","Loxoprofen(록소프로펜)",20230430
"노인주의","단일",D000525,Loxoprofen,"록소프로펜","[M222839]록소프로펜나트륨수화물","나정",200302214,"록프라정(록소프로펜나트륨수화물)",20031213,"알보젠코리아(주)","흰색의 원형정제",01140,"해열.진통.소염제","전문의약품","[M222839]록소프로펜나트륨수화물",20210715,"","","Loxoprofen(록소프로펜)",20230430
"노인주의","단일",D000672,Ketoprofen,"케토프로펜","[M051464]케토프로펜","지지체가있는첩부제",200302415,"플라톱플라스타(케토프로펜)",20031002,"(주)경보제약","무색투명한 점착성 물질을 린트포에 도포하여 고체면에 박리지를 덮은 첩부제",02640,"진통.진양.수렴.소염제","일반의약품","[M051464]케토프로펜",20210715,"","","Ketoprofen(케토프로펜)",20110729
"노인주의","단일",D000525,Loxoprofen,"록소프로펜","[M222839]록소프로펜나트륨수화물","나정",200302574,"록스파인정(록소프로펜나트륨수화물)",20030724,"대한뉴팜(주)","담홍색의 원형 정제",01140,"해열.진통.소염제","전문의약품","[M222839]록소프로펜나트륨수화물",20210715,"","","Loxoprofen(록소프로펜)",20230430
"노인주의","단일",D000672,Ketoprofen,"케토프로펜","[M051464]케토프로펜","카타플라스마제",200302791,"탑스에프카타플라스마(케토프로펜)",20030328,"대화제약(주)","。9cm×13cm : 연한 분홍색 또는 분홍색의 점착성 고체를 부직포 위에 도포하고 뒷면에 밀착포를 부착한 특유한 향기를 가진 카타플라스마제",02640,"진통.진양.수렴.소염제","일반의약품","[M051464]케토프로펜",20210715,"","","Ketoprofen(케토프로펜)",20201124
"노인주의","단일",D000672,Ketoprofen,"케토프로펜","[M051464]케토프로펜","피부용겔제",200303260,"케토에스겔(케토프로펜)",20030704,"주식회사제뉴원사이언스","전질균등한 무색의 겔제",02640,"진통.진양.수렴.소염제","일반의약품","[M051464]케토프로펜",20210715,"","","Ketoprofen(케토프로펜)",20110924
"노인주의","단일",D000525,Loxoprofen,"록소프로펜","[M222839]록소프로펜나트륨수화물","나정",200303281,"제뉴원록소프로펜나트륨정(록소프로펜나트륨수화물)",20031213,"주식회사제뉴원사이언스","흰색의 원형 정제",01140,"해열.진통.소염제","전문의약품","[M222839]록소프로펜나트륨수화물",20210715,"","","Loxoprofen(록소프로펜)",20230430
"노인주의","단일",D000525,Loxoprofen,"록소프로펜","[M222839]록소프로펜나트륨수화물","나정",200308838,"록소펜정60밀리그램(록소프로펜나트륨수화물)",20031229,"삼천당제약(주)","백색의 원형 정제",01140,"해열.진통.소염제","전문의약품","[M222839]록소프로펜나트륨수화물",20210715,"","","Loxoprofen(록소프로펜)",20230430
"노인주의","단일",D000427,Meloxicam,"멜록시캄","[M086439]멜록시캄","경질캡슐제, 산제",200400112,"멜락스캡슐15밀리그램(멜록시캄)",20040720,"(주)종근당","미황색가루가 든 상부 담녹색, 하부 미황색 경질캡슐제",01140,"해열.진통.소염제","전문의약품","[M086439]멜록시캄",20210715,"","","Meloxicam(멜록시캄)",20240913
"노인주의","단일",D000427,Meloxicam,"멜록시캄","[M086439]멜록시캄","경질캡슐제, 산제",200400179,"메로콕스캡슐15밀리그램(멜록시캄)",20041013,"동아에스티(주)","황색 분말이며, 담녹색(상단)-미황색(하단)의 경질캡슐제이다.",01140,"해열.진통.소염제","전문의약품","[M086439]멜록시캄",20210715,"","","Meloxicam(멜록시캄)",20240913
"노인주의","단일",D000427,Meloxicam,"멜록시캄","[M086439]멜록시캄","경질캡슐제, 산제",200400320,"록시캄캡슐(멜록시캄)",20040528,"일동제약(주)","미황색의 가루가 든 상,하 담녹색 캡슐제",01140,"해열.진통.소염제","전문의약품","[M086439]멜록시캄",20210715,"","","Meloxicam(멜록시캄)",20240913
"노인주의","단일",D000525,Loxoprofen,"록소프로펜","[M222839]록소프로펜나트륨수화물","나정",200400339,"록스페닌정(록소프로펜나트륨수화물)",20040213,"한올바이오파마(주)","흰색~미황색의 원형 정제",01140,"해열.진통.소염제","전문의약품","[M222839]록소프로펜나트륨수화물",20210715,"","","Loxoprofen(록소프로펜)",20230430
"노인주의","단일",D000427,Meloxicam,"멜록시캄","[M086439]멜록시캄","경질캡슐제, 산제",200400387,"메로빅캡슐(멜록시캄)",20040128,"(주)셀트리온제약","연한 노란색 가루가 든 상·하 연한 녹색의 경질 캡슐제",01140,"해열.진통.소염제","전문의약품","[M086439]멜록시캄",20210715,"","","Meloxicam(멜록시캄)",20240913
"노인주의","단일",D000363,Ibuprofen,"이부프로펜","[M051259]이부프로펜","연질캡슐제, 액상",200400463,"이지엔6애니연질캡슐(이부프로펜)",20040924,"(주)대웅제약","무색 내지 연한 청록색의 투명한 내용물을 함유한 연청록색의 투명한 타원형 연질캡슐",01140,"해열.진통.소염제","일반의약품","[M051259]이부프로펜",20210715,"","","Ibuprofen(이부프로펜)",20251010
"노인주의","단일",D000427,Meloxicam,"멜록시캄","[M086439]멜록시캄","경질캡슐제, 산제",200400684,"모벡스캡슐(멜록시캄)",20041112,"대우제약(주)","미황색 가루가 든 상하부 담녹색의 캡슐제",01140,"해열.진통.소염제","전문의약품","[M086439]멜록시캄",20210715,"","","Meloxicam(멜록시캄)",20240913
"노인주의","단일",D000427,Meloxicam,"멜록시캄","[M086439]멜록시캄","경질캡슐제, 산제",200400685,"보믹캡슐(멜록시캄)",20040212,"아주약품(주)","미황색의 분말이 충진된 상.하부 연회녹색의 경질캡슐제",01140,"해열.진통.소염제","전문의약품","[M086439]멜록시캄",20210715,"","","Meloxicam(멜록시캄)",20240913
"노인주의","단일",D000525,Loxoprofen,"록소프로펜","[M222839]록소프로펜나트륨수화물","나정",200400841,"록사펜정(록소프로펜나트륨수화물)",20040923,"알리코제약(주)","흰색의 원형 정제",01140,"해열.진통.소염제","전문의약품","[M222839]록소프로펜나트륨수화물",20210715,"","","Loxoprofen(록소프로펜)",20230430
"노인주의","단일",D000427,Meloxicam,"멜록시캄","[M086439]멜록시캄","경질캡슐제, 산제",200400892,"캠록스캡슐7.5밀리그램(멜록시캄)",20040903,"알리코제약(주)","미황색의 내용물이 충진된 상,하부 담녹색의 경질캡슐제",01140,"해열.진통.소염제","전문의약품","[M086439]멜록시캄",20210715,"","","Meloxicam(멜록시캄)",20240913
"노인주의","단일",D000427,Meloxicam,"멜록시캄","[M086439]멜록시캄","나정",200400913,"멜브렉스정7.5밀리그람(멜록시캄)",20040903,"영진약품(주)","미황색의 원형정제",01140,"해열.진통.소염제","전문의약품","[M086439]멜록시캄",20210715,"","","Meloxicam(멜록시캄)",20240913
"노인주의","단일",D000427,Meloxicam,"멜록시캄","[M086439]멜록시캄","경질캡슐제, 산제",200400983,"에이프로젠멜록시캄캡슐",20040823,"(주)에이프로젠바이오로직스","미황색의 분말이 충진된 상, 하부 담녹색의 경질캡슐제",01140,"해열.진통.소염제","전문의약품","[M086439]멜록시캄",20210715,"","","Meloxicam(멜록시캄)",20240913
"노인주의","단일",D000525,Loxoprofen,"록소프로펜","[M222839]록소프로펜나트륨수화물","나정",200400987,"록소프렌정(록소프로펜나트륨수화물)",20040930,"(주)에이프로젠바이오로직스","흰색의 원형정제",01140,"해열.진통.소염제","전문의약품","[M222839]록소프로펜나트륨수화물",20210715,"","","Loxoprofen(록소프로펜)",20230430
"노인주의","단일",D000427,Meloxicam,"멜록시캄","[M086439]멜록시캄","경질캡슐제, 산제",200401005,"맥캄캡슐(멜록시캄)",20040625,"에스에스팜(주)","미황색가루가 든 상.하 담녹색의 캡슐제",01140,"해열.진통.소염제","전문의약품","[M086439]멜록시캄",20210715,"","","Meloxicam(멜록시캄)",20240913
"노인주의","단일",D000427,Meloxicam,"멜록시캄","[M086439]멜록시캄","경질캡슐제, 산제",200401409,"모리캄캡슐(멜록시캄)",20040909,"진양제약(주)","연한 노란색 가루가 든 상·하 연한 녹색의 경질 캡슐제",01140,"해열.진통.소염제","전문의약품","[M086439]멜록시캄",20210715,"","","Meloxicam(멜록시캄)",20240913
"노인주의","단일",D000575,Indometacin,"인도메타신","[M040508]인도메타신","지지체가있는첩부제",200401424,"인타신첩부제(인도메타신)",20040317,"신신제약(주)","이 약은 미황색(연노랑)의 점착성 물질을 살색 린트포에 도포하고(바르고) 고체 면에 박리지를 덮은 첩부제이다.",02640,"진통.진양.수렴.소염제","일반의약품","[M040508]인도메타신",20210715,"","","Indometacin(인도메타신)",20200131
"노인주의","단일",D000427,Meloxicam,"멜록시캄","[M086439]멜록시캄","경질캡슐제, 산제",200401448,"멜빅스캡슐(멜록시캄)(수출명:WONCOX Capsule)",20040528,"(주)동구바이오제약","미황색가루가 든 상,하 담녹색의 캡슐",01140,"해열.진통.소염제","전문의약품","[M086439]멜록시캄",20210715,"","","Meloxicam(멜록시캄)",20240913
"노인주의","단일",D000525,Loxoprofen,"록소프로펜","[M222839]록소프로펜나트륨수화물","나정",200401718,"록소스타정(록소프로펜나트륨수화물)",20040213,"(주)바이넥스","담홍색의 원형정제",01140,"해열.진통.소염제","전문의약품","[M222839]록소프로펜나트륨수화물",20210715,"","","Loxoprofen(록소프로펜)",20230430
"노인주의","단일",D000427,Meloxicam,"멜록시캄","[M086439]멜록시캄","경질캡슐제, 산제",200401721,"씨오엑스캡슐(멜록시캄)",20041012,"(주)한국파마","미황색의 가루가 든 상,하 담녹색의 캡슐제",01140,"해열.진통.소염제","전문의약품","[M086439]멜록시캄",20210715,"","","Meloxicam(멜록시캄)",20240913
"노인주의","단일",D000525,Loxoprofen,"록소프로펜","[M222839]록소프로펜나트륨수화물","나정",200401762,"록프렌정(록소프로펜나트륨수화물)",20040923,"대원제약(주)","흰색∼미황색의 원형 정제",01140,"해열.진통.소염제","전문의약품","[M222839]록소프로펜나트륨수화물",20210715,"","","Loxoprofen(록소프로펜)",20230430
"노인주의","단일",D000525,Loxoprofen,"록소프로펜","[M222839]록소프로펜나트륨수화물","나정",200401882,"록소젠정(록소프로펜나트륨수화물)",20040617,"(주)셀릭스","흰색의 원형 정제",01140,"해열.진통.소염제","전문의약품","[M222839]록소프로펜나트륨수화물",20210715,"","","Loxoprofen(록소프로펜)",20230430
"노인주의","단일",D000525,Loxoprofen,"록소프로펜","[M222839]록소프로펜나트륨수화물","나정",200401891,"펜렉스정(록소프로펜나트륨수화물)",20040213,"에이치엘비제약(주)","담홍색의 원형 정제",01140,"해열.진통.소염제","전문의약품","[M222839]록소프로펜나트륨수화물",20210715,"","","Loxoprofen(록소프로펜)",20230430
"노인주의","단일",D000427,Meloxicam,"멜록시캄","[M086439]멜록시캄","경질캡슐제, 산제",200402093,"멕시캡슐(멜록시캄)(수출명: Momeloxe Cap.)",20040923,"오스틴제약(주)","연한 노란색 가루가 든 상·하 연한 녹색의 경질캡슐제",01140,"해열.진통.소염제","전문의약품","[M086439]멜록시캄",20210715,"","","Meloxicam(멜록시캄)",20240913
"노인주의","단일",D000525,Loxoprofen,"록소프로펜","[M222839]록소프로펜나트륨수화물","나정",200402096,"옥소펜정(록소프로펜나트륨수화물)",20041105,"오스틴제약(주)","흰색~미황색의 원형 정제",01140,"해열.진통.소염제","전문의약품","[M222839]록소프로펜나트륨수화물",20210715,"","","Loxoprofen(록소프로펜)",20230430
"노인주의","단일",D000427,Meloxicam,"멜록시캄","[M086439]멜록시캄","경질캡슐제, 산제",200402310,"메카론캡슐(멜록시캄)",20041228,"영일제약(주)","미황색의 내용물이 충진된 상,하부 담녹색의 경질캡슐제",01140,"해열.진통.소염제","전문의약품","[M086439]멜록시캄",20210715,"","","Meloxicam(멜록시캄)",20240913
"노인주의","단일",D000525,Loxoprofen,"록소프로펜","[M222839]록소프로펜나트륨수화물","나정",200402391,"로닌정(록소프로펜나트륨수화물)",20040930,"(주)테라젠이텍스","흰색의 원형정제",01140,"해열.진통.소염제","전문의약품","[M222839]록소프로펜나트륨수화물",20210715,"","","Loxoprofen(록소프로펜)",20230430
"노인주의","단일",D000525,Loxoprofen,"록소프로펜","[M222839]록소프로펜나트륨수화물","나정",200402487,"록소론정(록소프로펜나트륨수화물)",20040630,"(주)팜젠사이언스","담홍색의 원형 정제",01140,"해열.진통.소염제","전문의약품","[M222839]록소프로펜나트륨수화물",20210715,"","","Loxoprofen(록소프로펜)",20230430
"노인주의","단일",D000525,Loxoprofen,"록소프로펜","[M222839]록소프로펜나트륨수화물","나정",200402510,"러키펜정(록소프로펜나트륨수화물)",20040924,"하나제약(주)","백색의 원형정제",01140,"해열.진통.소염제","전문의약품","[M222839]록소프로펜나트륨수화물",20210715,"","","Loxoprofen(록소프로펜)",20230430
"노인주의","단일",D000427,Meloxicam,"멜록시캄","[M086439]멜록시캄","경질캡슐제, 산제",200402564,"멜캄캡슐(멜록시캄)",20041111,"미래바이오제약(주)","황색분말을 충전한 상,하부 담녹색의 경질캡슐제",01140,"해열.진통.소염제","전문의약품","[M086439]멜록시캄",20210715,"","","Meloxicam(멜록시캄)",20240913
"노인주의","단일",D000427,Meloxicam,"멜록시캄","[M086439]멜록시캄","경질캡슐제, 산제",200402583,"엑시캄캡슐7.5밀리그람(멜록시캄)",20040917,"신일제약(주)","미황색 분말이 충전된 상하 연녹색의 경질캡슐제",01140,"해열.진통.소염제","전문의약품","[M086439]멜록시캄",20210715,"","","Meloxicam(멜록시캄)",20240913
"노인주의","단일",D000525,Loxoprofen,"록소프로펜","[M222839]록소프로펜나트륨수화물","나정",200402643,"록소드펜정60밀리그램(록소프로펜나트륨수화물)",20040529,"한미약품(주)","흰색의 원형정제",01140,"해열.진통.소염제","전문의약품","[M222839]록소프로펜나트륨수화물",20210715,"","","Loxoprofen(록소프로펜)",20230430
"노인주의","단일",D000427,Meloxicam,"멜록시캄","[M086439]멜록시캄","경질캡슐제, 산제",200402675,"메록스캄캡슐15밀리그램(멜록시캄)",20040510,"한미약품(주)","연한 노란색의 분말이 들어있는 상부 연한 녹색, 하부 노란색의 경질캡슐제",01140,"해열.진통.소염제","전문의약품","[M086439]멜록시캄",20210715,"","","Meloxicam(멜록시캄)",20240913
"노인주의","단일",D000427,Meloxicam,"멜록시캄","[M086439]멜록시캄","경질캡슐제, 산제",200402696,"멜로칸캡슐(멜록시캄)",20041124,"(주)한국파비스제약","황색 분말이 충전된 상·하부 담녹색의 경질캡슐",01140,"해열.진통.소염제","전문의약품","[M086439]멜록시캄",20210715,"","","Meloxicam(멜록시캄)",20240913
"노인주의","단일",D000672,Ketoprofen,"케토프로펜","[M051464]케토프로펜","피부용겔제",200402711,"케펜겔(케토프로펜)",20040414,"(주)한국파비스제약","알콜냄새가 나는 맑은 유백색의 겔",02640,"진통.진양.수렴.소염제","일반의약품","[M051464]케토프로펜",20210715,"","","Ketoprofen(케토프로펜)",20100621
"노인주의","단일",D000672,Ketoprofen,"케토프로펜","[M051464]케토프로펜","카타플라스마제",200402789,"케토플러스카타플라스마(케토프로펜)",20040614,"광동제약(주)","검정색의 점착성의 고체를 부직포 위에 도포하고 부직점착테이프를 고정시킨 후 박리지를 덮은 카타플라스마제",02640,"진통.진양.수렴.소염제","일반의약품","[M051464]케토프로펜",20210715,"","","Ketoprofen(케토프로펜)",20220331
"노인주의","단일",D000525,Loxoprofen,"록소프로펜","[M222839]록소프로펜나트륨수화물","나정",200402845,"소로펜정(록소프로펜나트륨수화물)",20040823,"위더스제약(주)","흰색의 원형 정제",01140,"해열.진통.소염제","전문의약품","[M222839]록소프로펜나트륨수화물",20210715,"","","Loxoprofen(록소프로펜)",20230430
"노인주의","단일",D000525,Loxoprofen,"록소프로펜","[M222839]록소프로펜나트륨수화물","나정",200402852,"록소탄정(록소프로펜나트륨)",20040909,"(주)씨엠지제약","백색의 원형정제",01140,"해열.진통.소염제","전문의약품","[M222839]록소프로펜나트륨수화물",20210715,"","","Loxoprofen(록소프로펜)",20230430
"노인주의","단일",D000525,Loxoprofen,"록소프로펜","[M222839]록소프로펜나트륨수화물","나정",200402945,"녹사펜정

(록소프로펜나트륨수화물)",20040930,"영풍제약(주)","흰색의 원형정제",01140,"해열.진통.소염제","전문의약품","[M222839]록소프로펜나트륨수화물",20210715,"","","Loxoprofen(록소프로펜)",20230430
"노인주의","단일",D000525,Loxoprofen,"록소프로펜","[M222839]록소프로펜나트륨수화물","나정",200402981,"록소푸로정(록소프로펜나트륨수화물)",20040507,"(주)하원제약","흰색의 원형 정제",01140,"해열.진통.소염제","전문의약품","[M222839]록소프로펜나트륨수화물",20210715,"","","Loxoprofen(록소프로펜)",20230430
"노인주의","단일",D000672,Ketoprofen,"케토프로펜","[M051464]케토프로펜/[M051464]케토프로펜","카타플라스마제",200403011,"파프케이플러스카타플라스마(케토프로펜)",20040219,"(주)티디에스팜","제1형: 이 약은 무색 또는 담황색의 점착성의 고체를 부직포 위에 도포한 특유한 향기를 가진 카타플라스마제이다제2형: 이 약은 무색 또는 담황색의 점착성의 고체를 부직포 위에 도포하고 부직점착테이프를 고정시킨 후 박리지를 덮은 카타플라스마제이다",02640,"진통.진양.수렴.소염제","일반의약품","[M051464]케토프로펜/[M051464]케토프로펜",20210715,"","","Ketoprofen(케토프로펜)",20220331
"노인주의","단일",D000427,Meloxicam,"멜록시캄","[M086439]멜록시캄","경질캡슐제, 산제",200403085,"모비드캡슐(멜록시캄)",20041123,"구주제약(주)","미황색 분말이 충진된 상 하부 담녹색의 경질캡슐제",01140,"해열.진통.소염제","전문의약품","[M086439]멜록시캄",20210715,"","","Meloxicam(멜록시캄)",20240913
"노인주의","단일",D000525,Loxoprofen,"록소프로펜","[M222839]록소프로펜나트륨수화물","나정",200403089,"룩펠정(록소프로펜나트륨수화물)",20041123,"구주제약(주)","백색의 원형정제",01140,"해열.진통.소염제","전문의약품","[M222839]록소프로펜나트륨수화물",20210715,"","","Loxoprofen(록소프로펜)",20230430
"노인주의","단일",D000525,Loxoprofen,"록소프로펜","[M222839]록소프로펜나트륨수화물","나정",200403111,"휴로펜정(록소프로펜나트륨수화물)",20041002,"(주)휴온스","담홍색의 원형 정제",01140,"해열.진통.소염제","전문의약품","[M222839]록소프로펜나트륨수화물",20210715,"","","Loxoprofen(록소프로펜)",20230430
"노인주의","단일",D000427,Meloxicam,"멜록시캄","[M086439]멜록시캄","경질캡슐제, 산제",200403184,"모콕스캡슐7.5밀리그람(멜록시캄)",20040611,"(주)휴온스","미황색 분말이 충진된 상,하부 담녹색의 경질 캡슐",01140,"해열.진통.소염제","전문의약품","[M086439]멜록시캄",20210715,"","","Meloxicam(멜록시캄)",20240913
"노인주의","단일",D000427,Meloxicam,"멜록시캄","[M086439]멜록시캄","경질캡슐제, 산제",200403238,"메디콕스캡슐(멜록시캄)(수출명:마이멜록캡슐(MYMELOXECapsule))",20040507,"명문제약(주)","미황색 가루가 든 상,하 담녹색 캡슐제",01140,"해열.진통.소염제","전문의약품","[M086439]멜록시캄",20210715,"","","Meloxicam(멜록시캄)",20240913
"노인주의","단일",D000525,Loxoprofen,"록소프로펜","[M085577]록소프로펜나트륨","나정",200403414,"로페닌정(록소프로펜나트륨)(수출명:Lopenin Tabs.)",20041123,"삼익제약(주)","담홍색의 원형 정제",01140,"해열.진통.소염제","전문의약품","[M085577]록소프로펜나트륨",20210715,"","","Loxoprofen(록소프로펜)",20230430
"노인주의","단일",D000427,Meloxicam,"멜록시캄","[M086439]멜록시캄","경질캡슐제, 산제",200403461,"아모리아캡슐(멜록시캄)(수출명 : Amolex Cap., Mepedo Cap.)",20041026,"삼익제약(주)","미황색 가루가 든 상,하부 담녹색의 경질캡슐제",01140,"해열.진통.소염제","전문의약품","[M086439]멜록시캄",20210715,"","","Meloxicam(멜록시캄)",20240913
"노인주의","단일",D000525,Loxoprofen,"록소프로펜","[M222839]록소프로펜나트륨수화물","나정",200403512,"록페날정(록소프로펜나트륨수화물)",20041123,"한림제약(주)","흰색~미황색의 원형 정제",01140,"해열.진통.소염제","전문의약품","[M222839]록소프로펜나트륨수화물",20210715,"","","Loxoprofen(록소프로펜)",20230430
"노인주의","단일",D000427,Meloxicam,"멜록시캄","[M086439]멜록시캄","경질캡슐제, 산제",200403532,"류멜캡슐7.5밀리그램(멜록시캄)",20040914,"한림제약(주)","미황색 가루가 든 상하부 담녹색의 경질캡슐제",01140,"해열.진통.소염제","전문의약품","[M086439]멜록시캄",20210715,"","","Meloxicam(멜록시캄)",20240913
"노인주의","단일",D000427,Meloxicam,"멜록시캄","[M086439]멜록시캄","경질캡슐제, 산제",200403739,"케이빅캡슐7.5밀리그램(멜록시캄)",20041105,"(주)경보제약","미황색 가루가 든 상하 담녹색 경질캡슐제",01140,"해열.진통.소염제","전문의약품","[M086439]멜록시캄",20210715,"","","Meloxicam(멜록시캄)",20240913
"노인주의","단일",D000427,Meloxicam,"멜록시캄","[M086439]멜록시캄","경질캡슐제, 산제",200404040,"모르빅캡슐(멜록시캄)",20041007,"한국프라임제약(주)","연한 노란색 가루가 든 상·하 연한 녹색의 경질 캡슐제",01140,"해열.진통.소염제","전문의약품","[M086439]멜록시캄",20210715,"","","Meloxicam(멜록시캄)",20240913
"노인주의","단일",D000525,Loxoprofen,"록소프로펜","[M222839]록소프로펜나트륨수화물","나정",200404050,"록소로펜정(록소프로펜나트륨수화물)",20040213,"한국프라임제약(주)","흰색의 원형 정제",01140,"해열.진통.소염제","전문의약품","[M222839]록소프로펜나트륨수화물",20210715,"","","Loxoprofen(록소프로펜)",20230430
"노인주의","단일",D000575,Indometacin,"인도메타신","[M040508]인도메타신/[M040508]인도메타신","지지체가있는첩부제",200404238,"메타플러스첩부제(인도메타신)",20040406,"대화제약(주)","담황색의 점착성 물질을 린트포에 도포하고 박리지를 덮은 첩부제",02640,"진통.진양.수렴.소염제","일반의약품","[M040508]인도메타신/[M040508]인도메타신",20210715,"","","Indometacin(인도메타신)",20200807
"노인주의","단일",D000427,Meloxicam,"멜록시캄","[M086439]멜록시캄","경질캡슐제, 산제",200404859,"멜록삼캡슐(멜록시캄)",20041222,"(주)킵스바이오파마","미황색의 내용물이 충진된 상하부 녹색의 경질캡슐제",01140,"해열.진통.소염제","전문의약품","[M086439]멜록시캄",20210715,"","","Meloxicam(멜록시캄)",20240913
"노인주의","단일",D000525,Loxoprofen,"록소프로펜","[M222839]록소프로펜나트륨수화물","나정",200410901,"세록펜정(록소프로펜나트륨수화물)",20041004,"한국유니온제약(주)","흰색의 원형정제",01140,"해열.진통.소염제","전문의약품","[M222839]록소프로펜나트륨수화물",20210715,"","","Loxoprofen(록소프로펜)",20230430
"노인주의","단일",D000427,Meloxicam,"멜록시캄","[M086439]멜록시캄","경질캡슐제, 산제",200411043,"멜록시젠캡슐(멜록시캄)",20041125,"(주)셀릭스","황색분말이 충전된 상하부 담녹색의 경질캡슐",01140,"해열.진통.소염제","전문의약품","[M086439]멜록시캄",20210715,"","","Meloxicam(멜록시캄)",20240913
"노인주의","단일",D000427,Meloxicam,"멜록시캄","[M086439]멜록시캄","경질캡슐제, 산제",200500171,"멜콕시캡슐(멜록시캄)",20050127,"동광제약(주)","미황색의 가루가 든 상,하 담녹색 캡슐제",01140,"해열.진통.소염제","전문의약품","[M086439]멜록시캄",20210715,"","","Meloxicam(멜록시캄)",20240913
"노인주의","단일",D000427,Meloxicam,"멜록시캄","[M086439]멜록시캄","경질캡슐제, 산제",200500388,"멜록시펜캡슐15밀리그람(멜록시캄)",20050331,"국제약품(주)","미황색 가루가 든 상부 담녹색, 하부 황색 캡슐제",01140,"해열.진통.소염제","전문의약품","[M086439]멜록시캄",20210715,"","","Meloxicam(멜록시캄)",20240913
"노인주의","단일",D000427,Meloxicam,"멜록시캄","[M086439]멜록시캄","경질캡슐제, 산제",200501307,"모리캄캡슐15mg(멜록시캄)",20050113,"진양제약(주)","연한 노란색 가루가 든 상부 연한 녹색, 하부 황색의 경질 캡슐제",01140,"해열.진통.소염제","전문의약품","[M086439]멜록시캄",20210715,"","","Meloxicam(멜록시캄)",20240913
"노인주의","단일",D000427,Meloxicam,"멜록시캄","[M086439]멜록시캄","경질캡슐제, 산제",200502058,"멜리카캡슐(멜록시캄)",20050105,"(주)팜젠사이언스","연한 노란색 가루가 든 상.하 연한 녹색의 경질캡슐제",01140,"해열.진통.소염제","전문의약품","[M086439]멜록시캄",20210715,"","","Meloxicam(멜록시캄)",20240913
"노인주의","단일",D000427,Meloxicam,"멜록시캄","[M086439]멜록시캄","경질캡슐제, 과립제",200502090,"메모빅캡슐7.5밀리그람(멜록시캄)",20051018,"하나제약(주)","미황색의 과립이 충진된 상,하부 담녹색의 경질캡슐제",01140,"해열.진통.소염제","전문의약품","[M086439]멜록시캄",20210715,"","","Meloxicam(멜록시캄)",20240913
"노인주의","단일",D000525,Loxoprofen,"록소프로펜","[M222839]록소프로펜나트륨수화물","나정",200502228,"록소진정(록소프로펜나트륨수화물)",20050519,"(주)한국파비스제약","백색의 원형정제",01140,"해열.진통.소염제","전문의약품","[M222839]록소프로펜나트륨수화물",20210715,"","","Loxoprofen(록소프로펜)",20230430
"노인주의","단일",D000427,Meloxicam,"멜록시캄","[M086439]멜록시캄","경질캡슐제, 산제",200502259,"하모빅캡슐(멜록시캄)",20050118,"(주)바스칸바이오제약","미황색 가루가 든 상하부 담녹색의 경질캡슐",01140,"해열.진통.소염제","전문의약품","[M086439]멜록시캄",20210715,"","","Meloxicam(멜록시캄)",20240913
"노인주의","단일",D000525,Loxoprofen,"록소프로펜","[M222839]록소프로펜나트륨수화물","나정",200502264,"록소켐정(록소프로펜나트륨수화물)",20050119,"(주)바스칸바이오제약","흰색의 원형 정제",01140,"해열.진통.소염제","전문의약품","[M222839]록소프로펜나트륨수화물",20210715,"","","Loxoprofen(록소프로펜)",20230430
"노인주의","단일",D000672,Ketoprofen,"케토프로펜","[M051464]케토프로펜/[M051464]케토프로펜/[M051464]케토프로펜","카타플라스마제",200502519,"케로펜플라스타(케토프로펜)",20050901,"(주)티디에스팜","이 약은 투명 내지 반투명의 점착성 물질을 지지체에 도포하고 고체면에 고체피복물을 덮은 첩부제이다.",02640,"진통.진양.수렴.소염제","일반의약품","[M051464]케토프로펜/[M051464]케토프로펜/[M051464]케토프로펜",20210715,"","","Ketoprofen(케토프로펜)",20200925
"노인주의","단일",D000427,Meloxicam,"멜록시캄","[M086439]멜록시캄","경질캡슐제, 산제",200502732,"메로캄캡슐(멜록시캄)",20050222,"풍림무약(주)","미황색가루가 든 상하 담녹색의 경질캡슐",01140,"해열.진통.소염제","전문의약품","[M086439]멜록시캄",20210715,"","","Meloxicam(멜록시캄)",20240913
"노인주의","단일",D000672,Ketoprofen,"케토프로펜","[M051464]케토프로펜","카타플라스마제",200503336,"케토엑스투카타플라스마(케토프로펜)",20050103,"대화제약(주)","연한 분홍색 또는 분홍색의 점착성 고체를 부직포 위에 도포하고 뒷면에 밀착포를 부착한 특유한 향기를 가진 카타플라스마제",02640,"진통.진양.수렴.소염제","일반의약품","[M051464]케토프로펜",20210715,"","","Ketoprofen(케토프로펜)",20130925
"노인주의","단일",D000575,Indometacin,"인도메타신","[M040508]인도메타신","카타플라스마제",200511327,"단아팬에프카타플라스마(인도메타신)",20050117,"(주)오현파마코푸레이션","흰색의 부직포에 연한 노란색의 연고체를 도포하고 박리지를 부착한 카타플라스마제",02640,"진통.진양.수렴.소염제","일반의약품","[M040508]인도메타신",20210715,"","","Indometacin(인도메타신)",20200102
"노인주의","단일",D000672,Ketoprofen,"케토프로펜","[M051464]케토프로펜/[M051464]케토프로펜","지지체가있는첩부제",200600572,"제놀골드플라스타(케토프로펜)(수출, 군납명:케넨서플라스타)",20060217,"(주)녹십자","제1처방: 미황색의 점착성 물질을 살구색 린트포상에 도포하여 점착면에 박리지를 덮은 첩부제제2처방: 미황색의 점착성 물질을 살구색 부직포상에 도포하여 점착면에 박리지를 덮은 첩부제",02640,"진통.진양.수렴.소염제","일반의약품","[M051464]케토프로펜/[M051464]케토프로펜",20210715,"","","Ketoprofen(케토프로펜)",20150413
"노인주의","단일",D000672,Ketoprofen,"케토프로펜","[M051464]케토프로펜/[M051464]케토프로펜/[M051464]케토프로펜","카타플라스마제",200600575,"제놀탑에스카타플라스마(케토프로펜)",20060227,"(주)녹십자","미백색의 점착성 고체를 부직포상에 도포한 방향성을 가진 카타플라스마제로서 밀착포가 접합되어 있습니다",02640,"진통.진양.수렴.소염제","일반의약품","[M051464]케토프로펜/[M051464]케토프로펜/[M051464]케토프로펜",20210715,"","","Ketoprofen(케토프로펜)",20120316
"노인주의","단일",D000525,Loxoprofen,"록소프로펜","[M222839]록소프로펜나트륨수화물","나정",200600821,"록프로정(록소프로펜나트륨수화물)",20060105,"주식회사 노바엠헬스케어","흰색의 원형 정제",01140,"해열.진통.소염제","전문의약품","[M222839]록소프로펜나트륨수화물",20210715,"","","Loxoprofen(록소프로펜)",20230430
"노인주의","단일",D000363,Ibuprofen,"이부프로펜","[M051259]이부프로펜","액상시럽제",200606413,"이브듀오시럽(이부프로펜)",20061020,"삼아제약(주)","오렌지향이 나는 흰색 내지 미황색의 시럽제",01140,"해열.진통.소염제","일반의약품","[M051259]이부프로펜",20210715,"","","Ibuprofen(이부프로펜)",20251010
"노인주의","단일",D000672,Ketoprofen,"케토프로펜","[M051464]케토프로펜","지지체가있는첩부제",200607885,"신신케토크린24플라스타(케토프로펜)",20060821,"신신제약(주)","이 약은 무색의 점착성물질을 살색의 린트포에 도포하여(바르고) 고체면에 박리지를 덮은 첩부제이다",02640,"진통.진양.수렴.소염제","일반의약품","[M051464]케토프로펜",20210715,"","","Ketoprofen(케토프로펜)",20130619
"노인주의","단일",D000672,Ketoprofen,"케토프로펜","[M051464]케토프로펜","용액주사제",200608036,"명문케토프로펜주사(수출용)(수출명 : Ketofron)",20061124,"명문제약(주)","무색투명한 용액이 든 갈색투명한 앰플",01140,"해열.진통.소염제","전문의약품","[M051464]케토프로펜",20210715,"","","Ketoprofen(케토프로펜)",20130802
"노인주의","단일",D000427,Meloxicam,"멜록시캄","[M086439]멜록시캄","경질캡슐제, 산제",200608121,"멜릭스캡슐(멜록시캄)",20061121,"경동제약(주)","황색 또는 미황색 분말이 든 상,하 청록색의 경질캡슐제",01140,"해열.진통.소염제","전문의약품","[M086439]멜록시캄",20210715,"","","Meloxicam(멜록시캄)",20240913
"노인주의","단일",D000427,Meloxicam,"멜록시캄","[M086439]멜록시캄","경질캡슐제, 산제",200608275,"목시캄캡슐(멜록시캄)",20060824,"(주)유영제약","미황색분말이 충전된 상하부 담녹색의 경질캡슐제",01140,"해열.진통.소염제","전문의약품","[M086439]멜록시캄",20210715,"","","Meloxicam(멜록시캄)",20240913
"노인주의","단일",D000672,Ketoprofen,"케토프로펜","[M051464]케토프로펜","지지체가있는첩부제",200610741,"케로팝경고제(케토프로펜)",20060913,"(주)재우스팜","백색의 부직포에 백색의 점착성 물질이 도포되고 박리지를 부착한 경고제",02640,"진통.진양.수렴.소염제","일반의약품","[M051464]케토프로펜",20210715,"","","Ketoprofen(케토프로펜)",20140917
"노인주의","단일",D000575,Indometacin,"인도메타신","[M040508]인도메타신","카타플라스마제",200610742,"인도포르테카타플라스마(인도메타신)",20061018,"(주)재우스팜","흰색의 부직포에 연한 노란색의 연고체를 도포하고 박리지를 부착한 카타플라스마제",02640,"진통.진양.수렴.소염제","일반의약품","[M040508]인도메타신",20210715,"","","Indometacin(인도메타신)",20171201
"노인주의","단일",D000363,Ibuprofen,"이부프로펜","[M051259]이부프로펜","연질캡슐제, 액상",200610785,"애드빌리퀴겔연질캡슐(이부프로펜)",20060707,"헤일리온코리아주식회사","투명한 무색 또는 연한 녹색의 액이 충전된 타원형의 투명한 녹색 연질캡슐",01140,"해열.진통.소염제","일반의약품","[M051259]이부프로펜",20210715,"","","Ibuprofen(이부프로펜)",20251010
"노인주의","단일",D000525,Loxoprofen,"록소프로펜","[M222839]록소프로펜나트륨수화물","나정",200611389,"록소팬정(록소프로펜나트륨수화물)",20061122,"(주)킵스바이오파마","흰색의 원형 정제",01140,"해열.진통.소염제","전문의약품","[M222839]록소프로펜나트륨수화물",20210715,"","","Loxoprofen(록소프로펜)",20230430
"노인주의","단일",D000575,Indometacin,"인도메타신","[M040508]인도메타신","피부크림제",200702486,"메타겔크림(인도메타신)",20070227,"태극제약(주)","흰색의크림제",02640,"진통.진양.수렴.소염제","일반의약품","[M040508]인도메타신",20210715,"","","Indometacin(인도메타신)",20190904
"노인주의","단일",D000363,Ibuprofen,"이부프로펜","[M209277]이부프로펜아르기닌","필름코팅정",200703429,"캐롤에프정(이부프로펜아르기닌)",20070326,"일동제약(주)","이 약은 연분홍색의 장방형 필름코팅정이다.",01140,"해열.진통.소염제","일반의약품","[M209277]이부프로펜아르기닌",20210715,"","","Ibuprofen(이부프로펜)",20251010
"노인주의","단일",D000525,Loxoprofen,"록소프로펜","[M222839]록소프로펜나트륨수화물","나정",200703461,"아나록소정(록소프로펜나트륨수화물)",20070327,"국제약품(주)","흰색의 원형 정제",01140,"해열.진통.소염제","전문의약품","[M222839]록소프로펜나트륨수화물",20210715,"","","Loxoprofen(록소프로펜)",20230430
"노인주의","단일",D000363,Ibuprofen,"이부프로펜","[M051259]이부프로펜","필름코팅정",200704500,"유니온이부프로펜정200mg(수출용)",20070419,"한국유니온제약(주)","흰색의 원형 필름코팅정",01140,"해열.진통.소염제","일반의약품","[M051259]이부프로펜",20210715,"","","Ibuprofen(이부프로펜)",20240715
"노인주의","단일",D000672,Ketoprofen,"케토프로펜","[M051464]케토프로펜/[M051464]케토프로펜/[M051464]케토프로펜/[M051464]케토프로펜/[M051464]케토프로펜/[M051464]케토프로펜","지지체가있는첩부제",200701444,"케논에스플라스타(케토프로펜) 수출명: 케논에스플라스타(Kenon-S Plaster), 케토플라스트패취(Ketoplast Patch), 케토밴드(Ketoband), 케토티디디에스 플라스타( Keto-TDDS Plaster), 케토덤플라스타(Ketoderm Plaster)",20070201,"아이큐어(주)","이 약은 무색 반투명의 점착성 물질을 지지체에 도포하고 고체면에 고체피복물을 덮은 첩부제이다.",02640,"진통.진양.수렴.소염제","일반의약품","[M051464]케토프로펜/[M051464]케토프로펜/[M051464]케토프로펜/[M051464]케토프로펜/[M051464]케토프로펜/[M051464]케토프로펜",20210715,"","","Ketoprofen(케토프로펜)",20180914
"노인주의","단일",D000427,Meloxicam,"멜록시캄","[M086439]멜록시캄/[M086439]멜록시캄","경질캡슐제, 산제",200704969,"유니콕스캡슐7.5밀리그램(멜록시캄)",20070430,"유니메드제약(주)","미황색 가루가 든 상하부 담녹색 캡슐제",01140,"해열.진통.소염제","전문의약품","[M086439]멜록시캄/[M086439]멜록시캄",20210715,"","","Meloxicam(멜록시캄)",20240913
"노인주의","단일",D000672,Ketoprofen,"케토프로펜","[M051464]케토프로펜/[M051464]케토프로펜","지지체가있는첩부제",200705581,"케프로텍플라스타(케토프로펜)",20070515,"현대약품(주)","무색 반투명의 점착성 물질을 지지체에 도포하고(바르고) 고체면에 박리지를 덮은 첩부제이다.",02640,"진통.진양.수렴.소염제","일반의약품","[M051464]케토프로펜/[M051464]케토프로펜",20210715,"","","Ketoprofen(케토프로펜)",20120501
"노인주의","단일",D000230,"Mefenamic acid","메페남산","[M100591]메페남산","필름코팅정",200706037,"유니온메페남산정500mg(수출용)",20070528,"한국유니온제약(주)","흰색의 원형 필름코팅 정제",01140,"해열.진통.소염제","일반의약품","[M100591]메페남산",20210715,"","","Mefenamic acid(메페남산)",20080411
"노인주의","단일",D000672,Ketoprofen,"케토프로펜","[M051464]케토프로펜","지지체가있는첩부제",200708955,"케토진첩부제(케토프로펜)",20070801,"(주)텔콘알에프제약","무색투명의 점착성물질을 린트포에 도포하여 고체면에 박리지를 덮은 첩부제",02640,"진통.진양.수렴.소염제","일반의약품","[M051464]케토프로펜",20210715,"","","Ketoprofen(케토프로펜)",20200109
"노인주의","단일",D000672,Ketoprofen,"케토프로펜","[M051464]케토프로펜/[M051464]케토프로펜/[M051464]케토프로펜/[M051464]케토프로펜/[M051464]케토프로펜/[M051464]케토프로펜/[M051464]케토프로펜/[M051464]케토프로펜/[M051464]케토프로펜/[M051464]케토프로펜/[M051464]케토프로펜/[M051464]케토프로펜","지지체가있는첩부제",200709423,"케논엘플라스타(케토프로펜)[수출명:케논-엘(Kenon-L),케토덤-엘(Ketoderm-L),케노덤(Kenoderm),페노덤(Fenoderm),케이트란스(Ketrans),케토플라스트-엘(Ketoplast-L)]",20070810,"아이큐어(주)","무색 투명 또는 반투명의 점착성 물질을 연주황색 부직포에 도포하여 고체면에 고체피복물을 덮은 첩부제이다. 19.0cm×11.8cm : 무색 투명 또는 반투명의 점착성 물질을 연주황색 부직포에 도포하고 고체면에 고체피복물을 덮은 중앙이 빈 다이아몬드 모양의 첩부제이다.",02640,"진통.진양.수렴.소염제","일반의약품","[M051464]케토프로펜/[M051464]케토프로펜/[M051464]케토프로펜/[M051464]케토프로펜/[M051464]케토프로펜/[M051464]케토프로펜/[M051464]케토프로펜/[M051464]케토프로펜/[M051464]케토프로펜/[M051464]케토프로펜/[M051464]케토프로펜/[M051464]케토프로펜",20210715,"","","Ketoprofen(케토프로펜)",20190115
"노인주의","단일",D000525,Loxoprofen,"록소프로펜","[M222839]록소프로펜나트륨수화물/[M222839]록소프로펜나트륨수화물/[M222839]록소프로펜나트륨수화물","카타플라스마제",200709833,"록소나카타플라스마(록소프로펜나트륨수화물)",20070824,"대화제약(주)","(내수용) 9cm×13cm, 8cm×12cm : 분홍색 및 연한 분홍색의 점착성 고체를 부직포 위에 도포하고 뒷면에 밀착포를 부착한 특유한 향기를 가진 카타플라스마제. (수출용) 10 cm × 14 cm : 무색 투명한 점착성 고체를 린트포 위에 도포하고 특유한 향기를 가진 카타플라스마제.",02640,"진통.진양.수렴.소염제","일반의약품","[M222839]록소프로펜나트륨수화물/[M222839]록소프로펜나트륨수화물/[M222839]록소프로펜나트륨수화물",20210715,"","","Loxoprofen(록소프로펜)",20200113
"노인주의","단일",D000525,Loxoprofen,"록소프로펜","[M222839]록소프로펜나트륨수화물","카타플라스마제",200709834,"록소케어카타플라스마(록소프로펜나트륨)",20070824,"일양약품(주)","흰색 또는 반투명한 흰색의 점착성의 고체를 지지체 위에 도포하고 부직점착테이프를 고정 시킨 후 피복체를 덮은 카타플라스마제",02640,"진통.진양.수렴.소염제","일반의약품","[M222839]록소프로펜나트륨수화물",20210715,"","","Loxoprofen(록소프로펜)",20220331
"노인주의","단일",D000672,Ketoprofen,"케토프로펜","[M051464]케토프로펜/[M051464]케토프로펜","지지체가있는첩부제",200709963,"케펨플라스타(케토프로펜)",20070829,"(주)종근당","무색 투명 또는 반투명의 점착성 물질을 연주황색 부직포에 도포하여 고체면에 고체피복물을 덮은 첩부제",02640,"진통.진양.수렴.소염제","일반의약품","[M051464]케토프로펜/[M051464]케토프로펜",20210715,"","","Ketoprofen(케토프로펜)",20200812
"노인주의","단일",D000672,Ketoprofen,"케토프로펜","[M051464]케토프로펜","카타플라스마제",200711079,"케노펜쿨링카타플라스마
(케토프로펜)",20071005,"일동제약(주)","· 9cm x 13cm : 연한 분홍색 또는 분홍색의 점착성 고체를 부직포 위에 도포하고 뒷면에 밀착포를 부착한 특유한 향기를 가진 카타플라스마제",02640,"진통.진양.수렴.소염제","일반의약품","[M051464]케토프로펜",20210715,"","","Ketoprofen(케토프로펜)",20200319
"노인주의","단일",D001289,Ketorolac,"케토롤락","[M222885]케토롤락트로메타민염","점안용액제",200713001,"키톨락점안액0.5%(케토롤락트로메타민염)",20071204,"한미약품(주)","무색 내지 연한 노란색을 띠는 맑은 액이 흰색 불투명한 플라스틱 용기에 든 점안제",01310,"안과용제","전문의약품","[M222885]케토롤락트로메타민염",20210715,"","","Ketorolac(케토롤락)",20130530
"노인주의","단일",D000672,Ketoprofen,"케토프로펜","[M051464]케토프로펜","용액주사제",200713899,"대한케토프로펜주사액(케토프로펜)(수출용)(수출명:KERONBE Inj.)",20071231,"대한약품공업(주)","무색투명한 용액이 든 갈색투명한 앰플제",01140,"해열.진통.소염제","전문의약품","[M051464]케토프로펜",20210715,"","","Ketoprofen(케토프로펜)",20191101
"노인주의","단일",D001289,Ketorolac,"케토롤락","[M222885]케토롤락트로메타민염","용액주사제",200801933,"대한케토롤락트로메타민주",20080219,"대한약품공업(주)","엷은 황색의 투명한 액체가 충전된 갈색 앰플제",01140,"해열.진통.소염제","전문의약품","[M222885]케토롤락트로메타민염",20210715,"","","Ketorolac(케토롤락)",20240522
"노인주의","단일",D000672,Ketoprofen,"케토프로펜","[M051464]케토프로펜","카타플라스마제",200802243,"맨담케토쿨카타플라스마(케토프로펜)",20080227,"(주)보령","연한 분홍색 또는 분홍색의 점착성 고체를 부직포 위에 도포하고 뒷면에 밀착포를 부착한 특유한 향기를 가진 카타플라스마제",02640,"진통.진양.수렴.소염제","일반의약품","[M051464]케토프로펜",20210715,"","","Ketoprofen(케토프로펜)",20180104
"노인주의","단일",D000672,Ketoprofen,"케토프로펜","[M051464]케토프로펜","카타플라스마제",200803538,"제일파프케이카타플라스마(케토프로펜)",20080331,"제일헬스사이언스(주)","연한 분홍색 또는 분홍색의 점착성 고체를 부직포 위에 도포하고(바르고) 뒷면에 밀착포를 부착한 특유한 향기를 가진 카타플라스마제",02640,"진통.진양.수렴.소염제","일반의약품","[M051464]케토프로펜",20210715,"","","Ketoprofen(케토프로펜)",20110620
"노인주의","단일",D000427,Meloxicam,"멜록시캄","[M086439]멜록시캄","경질캡슐제, 산제",200803581,"뉴록캄캡슐(멜록시캄)(수출용)",20080401,"한국유니온제약(주)","황색 내지 미황색 가루가 들어있는 상.하부 담녹색의 경질캡슐",01140,"해열.진통.소염제","전문의약품","[M086439]멜록시캄",20210715,"","","Meloxicam(멜록시캄)",20240913
"노인주의","단일",D000705,Flurbiprofen,"플루르비프로펜","[M089049]플루르비프로펜","지지체가있는첩부제",200805218,"키페낙에스첩부제(플루르비프로펜)",20080507,"코스맥스파마(주)","무색투명의 점착성물질을 살색 린트포에 도포하여 고체면에 박리지를 덮은 첩부제",02640,"진통.진양.수렴.소염제","일반의약품","[M089049]플루르비프로펜",20210715,"","","Flurbiprofen(플루르비프로펜)",20240215
"노인주의","단일",D000525,Loxoprofen,"록소프로펜","","지지체가있는첩부제",200806356,"록센플라스타(록소프로펜나트륨수화물)(수출명: Loxen Plaster)",20080609,"아이큐어(주)","N, H Type: 무색내지 담황색의 점착성 물질을 지지체에 도포하고 고체면에 고체피복물을 덮은 첩부제이다.C, C&H Type: 무색내지 담황색의 특이한 냄새가 있는 점착성 물질을 지지체에 도포하고 고체면에 고체피복물을 덮은 첩부제이다.19.0 x 11.8 cm: 무색내지 담황색의 특이한 냄새가 있는 점착성 물질을 지지체에 도포하고 고체면에 고체피복물을 덮은 중앙이 빈 다이아몬드 모양의 첩부제이다.",02640,"진통.진양.수렴.소염제","일반의약품","",20210715,"","","Loxoprofen(록소프로펜)",20180917
"노인주의","단일",D000363,Ibuprofen,"이부프로펜","[M051259]이부프로펜","필름코팅정",200806694,"스로펜정400mg(이부프로펜)(수출용)",20080618,"한국코러스(주)","주황색의 원형필름코팅정제",01140,"해열.진통.소염제","전문의약품","[M051259]이부프로펜",20210715,"","","Ibuprofen(이부프로펜)",20240715
"노인주의","단일",D000672,Ketoprofen,"케토프로펜","[M051464]케토프로펜","피부용겔제",200807239,"아마프로겔3%(케토프로펜)",20080630,"(주)씨엠지제약","무색투명한 겔제",02640,"진통.진양.수렴.소염제","일반의약품","[M051464]케토프로펜",20210715,"","","Ketoprofen(케토프로펜)",20100530
"노인주의","단일",D000672,Ketoprofen,"케토프로펜","[M051464]케토프로펜","카타플라스마제",200808304,"노펜스트롱카타플라스마(케토프로펜)",20080801,"제이더블유중외제약(주)","이 약은 무색 또는 담황색의 점착성의 고체를 부직포 위에 도포하고 부직점착테이프를 고정시킨 후 박리지를 덮은 카타플라스마제이다",02640,"진통.진양.수렴.소염제","일반의약품","[M051464]케토프로펜",20210715,"","","Ketoprofen(케토프로펜)",20220331
"노인주의","단일",D000525,Loxoprofen,"록소프로펜","[M222839]록소프로펜나트륨수화물/[M222839]록소프로펜나트륨수화물/[M222839]록소프로펜나트륨수화물","카타플라스마제",200809417,"록펜텍카타플라스마(록소프로펜나트륨수화물)",20080910,"(주)티디에스팜","제1형: 흰색 또는 반투명한 흰색의 점착성의 고체를 지지체 위에 도포한 특유한 향기를 가진 카타플라스마제제2형: 검정색의 점착성의 고체를 지지체 위에 도포하고 부직점착테이프를 고정시킨 후 피복체를 덮은 카타플라스마제제3형: 흰색 또는 반투명한 흰색의 점착성의 고체를 지지체 위에 도포하고 부직점착테이프를 고정 시킨 후 피복체를 덮은 카타플라스마제",02640,"진통.진양.수렴.소염제","일반의약품","[M222839]록소프로펜나트륨수화물/[M222839]록소프로펜나트륨수화물/[M222839]록소프로펜나트륨수화물",20210715,"","","Loxoprofen(록소프로펜)",20220331
"노인주의","단일",D000427,Meloxicam,"멜록시캄","[M086439]멜록시캄","경질캡슐제, 산제",200900844,"모빅캡슐7.5밀리그램(멜록시캄)",20090128,"한국베링거인겔하임(주)","노란색 가루가 든 상,하 밝은 초록색 캡슐",01140,"해열.진통.소염제","전문의약품","[M086439]멜록시캄",20210715,"","","Meloxicam(멜록시캄)",20240913
"노인주의","단일",D000427,Meloxicam,"멜록시캄","[M086439]멜록시캄","경질캡슐제, 산제",200900845,"모빅캡슐15밀리그램(멜록시캄)",20090128,"한국베링거인겔하임(주)","노란색 가루가 든 상부 밝은 초록색, 하부 노란색 캡슐",01140,"해열.진통.소염제","전문의약품","[M086439]멜록시캄",20210715,"","","Meloxicam(멜록시캄)",20240913
"노인주의","단일",D000363,Ibuprofen,"이부프로펜","[M051259]이부프로펜","필름코팅정",200901147,"아이비에프정(이부프로펜)",20090209,"한솔신약(주)","주황색의 장방형 필름코팅정",01140,"해열.진통.소염제","일반의약품","[M051259]이부프로펜",20210715,"","","Ibuprofen(이부프로펜)",20251010
"노인주의","단일",D000363,Ibuprofen,"이부프로펜","[M051259]이부프로펜/[M051259]이부프로펜","액상시럽제",200901517,"맥펜시럽(이부프로펜)(새콤한오렌지맛,감귤향)",20090225,"맥널티제약(주)","처방1: 흰색 내지 연한 노란색의 오렌지향 액이 플라스틱 병에 든 현탁성 시럽제처방2: 흰색 내지 연한 노란색의 감귤향 액이 알루미늄 호일 파우치에 든 현탁성 시럽제",01140,"해열.진통.소염제","일반의약품","[M051259]이부프로펜/[M051259]이부프로펜",20210715,"","","Ibuprofen(이부프로펜)",20251010
"노인주의","단일",D000363,Ibuprofen,"이부프로펜","[M051259]이부프로펜/[M051259]이부프로펜","액상시럽제",200901979,"제뉴원이부펜시럽(이부프로펜)",20090316,"주식회사제뉴원사이언스","오렌지향이 있는 흰색내지 미황색의 시럽제",01140,"해열.진통.소염제","일반의약품","[M051259]이부프로펜/[M051259]이부프로펜",20210715,"","","Ibuprofen(이부프로펜)",20251010
"노인주의","단일",D000525,Loxoprofen,"록소프로펜","[M222839]록소프로펜나트륨수화물/[M222839]록소프로펜나트륨수화물/[M222839]록소프로펜나트륨수화물/[M222839]록소프로펜나트륨수화물/[M222839]록소프로펜나트륨수화물","지지체가있는첩부제",200811495,"록소나첩부제(록소프로펜나트륨수화물)",20081209,"대화제약(주)","(내수용) 7cm×10cm : 엷은 노란색의 점착성물질을 살구색 린트포에 도포하여 고체면에 피복체를 덮은 첩부제10cm×14cm : 엷은 노란색의 점착성물질을 살구색 린트포에 도포하여 고체면에  피복체를 덮은 첩부제 (수출용) 7cm×10cm : 엷은 노란색의 점착성물질을 살구색 린트포에 도포하여 고체면에 피복체를 덮은 첩부제",02640,"진통.진양.수렴.소염제","일반의약품","[M222839]록소프로펜나트륨수화물/[M222839]록소프로펜나트륨수화물/[M222839]록소프로펜나트륨수화물/[M222839]록소프로펜나트륨수화물/[M222839]록소프로펜나트륨수화물",20210715,"","","Loxoprofen(록소프로펜)",20200120
"노인주의","단일",D000705,Flurbiprofen,"플루르비프로펜","[M089049]플루르비프로펜","카타플라스마제",200903840,"파워스탑플러스카타플라스마(플루르비프로펜)",20090529,"경남제약(주)","연한 분홍색 또는 분홍색의 점착성 고체를 부직포 위에 도포하고 뒷면에 밀착포를 부착한 특유한 향기를 가진 카타플라스마제",02640,"진통.진양.수렴.소염제","일반의약품","[M089049]플루르비프로펜",20210715,"","","Flurbiprofen(플루르비프로펜)",20240215
"노인주의","단일",D000705,Flurbiprofen,"플루르비프로펜","[M089049]플루르비프로펜/[M089049]플루르비프로펜/[M089049]플루르비프로펜","지지체가있는첩부제",200905103,"루페인플라스타(플루르비프로펜)",20090709,"(주)티디에스팜","이 약은 무색투명한 점착성 물질을 지지체에 도포하고(바르고) 고체면에 박리지를 덮은 첩부제이다",02640,"진통.진양.수렴.소염제","일반의약품","[M089049]플루르비프로펜/[M089049]플루르비프로펜/[M089049]플루르비프로펜",20210715,"","","Flurbiprofen(플루르비프로펜)",20240215
"노인주의","단일",D000705,Flurbiprofen,"플루르비프로펜","[M089049]플루르비프로펜/[M089049]플루르비프로펜","트로키제",200906877,"스트렙실허니앤레몬트로키(플루르비프로펜), 스트렙실오렌지트로키(플루르비프로펜)",20090911,"(유)옥시레킷벤키저","스트렙실허니앤레몬트로키(플루르비프로펜) : 꿀과 레몬 향이 나는 ⓢ가 양면에 음각되어 있는 연한 노란색 또는 황갈색의 원형 트로키스트렙실오렌지트로키(플루르비프로펜) : 오렌지향이 나는 ⓢ가 양면에 음각되어 있는 흰색 또는 옅은 노란색의 원형 트로키",02310,"치과구강용약","일반의약품","[M089049]플루르비프로펜/[M089049]플루르비프로펜",20210715,"","","Flurbiprofen(플루르비프로펜)",20240522
"노인주의","단일",D001289,Ketorolac,"케토롤락","[M084703]케토롤락트로메타민","필름코팅정",201003391,"케롤민정(케토롤락트로메타민)(수출용)(수출명:①Ketorolac-Asteria Tab. ②Kerolmin Tab.)",20100507,"한국코러스(주)","흰색의 원형필름코팅정제",01140,"해열.진통.소염제","전문의약품","[M084703]케토롤락트로메타민",20210715,"","","Ketorolac(케토롤락)",20120419
"노인주의","단일",D000525,Loxoprofen,"록소프로펜","[M222839]록소프로펜나트륨수화물","카타플라스마제",201003453,"레녹스카타플라스마(록소프로펜나트륨수화물)",20100511,"일동제약(주)","분홍색 및 연한 분홍색의 점착성 고체를 부직포 위에 도포하고 뒷면에 밀착포를 부착한 특유한 향기를 가진 카타플라스마제",02640,"진통.진양.수렴.소염제","일반의약품","[M222839]록소프로펜나트륨수화물",20210715,"","","Loxoprofen(록소프로펜)",20171011
"노인주의","단일",D000427,Meloxicam,"멜록시캄","[M086439]멜록시캄/[M086439]멜록시캄","경질캡슐제, 산제",201004440,"멜록신캡슐(멜록시캄)",20100708,"(주)휴메딕스","[내수용] 미황색의 내용물이 충진된 상,하부 녹색의 경질캡슐제[수출용] 황색 내지 미황색 가루가 들어있는 상.하부 담녹색의 경질캡슐",01140,"해열.진통.소염제","전문의약품","[M086439]멜록시캄/[M086439]멜록시캄",20210715,"","","Meloxicam(멜록시캄)",20240913
"노인주의","단일",D000363,Ibuprofen,"이부프로펜","[M051259]이부프로펜","연질캡슐제, 액상",201005773,"디큐펜프로연질캡슐(이부프로펜)",20100930,"(주)알피바이오","무색 내지 엷은 청색의 액상 내용물이 든 청색의 투명한 타원형 연질캡슐",01140,"해열.진통.소염제","일반의약품","[M051259]이부프로펜",20210715,"","","Ibuprofen(이부프로펜)",20251010
"노인주의","단일",D000705,Flurbiprofen,"플루르비프로펜","[M089049]플루르비프로펜","카타플라스마제",201006814,"안티푸라민파프카타플라스마(플루르비프로펜)",20101112,"(주)유한양행","9cm x 13cm : 연한 분홍색 또는 분홍색의 점착성 고체를 부직포 위에 도포하고(바르고) 뒷면에 밀착포를 부착한 특유한 향기를 가진 카타플라스마제",02640,"진통.진양.수렴.소염제","일반의약품","[M089049]플루르비프로펜",20210715,"","","Flurbiprofen(플루르비프로펜)",20240215
"노인주의","단일",D000363,Ibuprofen,"이부프로펜","[M051259]이부프로펜","필름코팅정",201007481,"다우펜정(수출용)(수출명 : DAUFEN tablet)",20101214,"(주)다산제약","주황색의 원형 필름코팅정",01140,"해열.진통.소염제","일반의약품","[M051259]이부프로펜",20210715,"","","Ibuprofen(이부프로펜)",20240715
"노인주의","단일",D001289,Ketorolac,"케토롤락","[M084703]케토롤락트로메타민","용액주사제",201100186,"케톨락주(케토롤락트로메타민)(수출용)",20110113,"(주)제일제약","엷은 황색의 투명한 액이 든 갈색투명한 앰플주사제",01140,"해열.진통.소염제","전문의약품","[M084703]케토롤락트로메타민",20210715,"","","Ketorolac(케토롤락)",20130806
"노인주의","단일",D000363,Ibuprofen,"이부프로펜","[M051259]이부프로펜","용액주사제",201100501,"칼도롤주사액(이부프로펜)",20110131,"(주)한국디비팜","무색투명한 유리바이알에 들어있는 무색 또는 엷은황색의 투명한 주사액",01140,"해열.진통.소염제","전문의약품","[M051259]이부프로펜",20210715,"","","Ibuprofen(이부프로펜)",20260210
"노인주의","단일",D000525,Loxoprofen,"록소프로펜","[M222839]록소프로펜나트륨수화물/[M222839]록소프로펜나트륨수화물","서방성필름코팅정",201101493,"록스펜씨알정(록소프로펜나트륨)",20110318,"신풍제약(주)","연한 노란색의 원형 장용성 유핵정",01140,"해열.진통.소염제","전문의약품","[M222839]록소프로펜나트륨수화물/[M222839]록소프로펜나트륨수화물",20210715,"","","Loxoprofen(록소프로펜)",20230430
"노인주의","단일",D001289,Ketorolac,"케토롤락","[M222885]케토롤락트로메타민염","점안용액제",201101934,"아큐베일점안액0.45%(케토롤락트로메타민염)(1회용)",20110405,"한국애브비(주)","무색 또는 미황색을 띄는 맑은 액이 투명한 플라스틱 용기에 든 점안액",01310,"안과용제","전문의약품","[M222885]케토롤락트로메타민염",20210715,"","","Ketorolac(케토롤락)",20190314
"노인주의","단일",D000363,Ibuprofen,"이부프로펜","[M051259]이부프로펜","연질캡슐제, 액상",201103366,"한솔이부프로펜연질캡슐",20110523,"한솔신약(주)","무색 내지 엷은 청색의 액상 내용물이 든 청색의 투명한 타원형 연질캡슐",01140,"해열.진통.소염제","일반의약품","[M051259]이부프로펜",20210715,"","","Ibuprofen(이부프로펜)",20251010
"노인주의","단일",D000363,Ibuprofen,"이부프로펜","[M051259]이부프로펜/[M051259]이부프로펜","연질캡슐제, 액상",201103627,"미그펜400연질캡슐(이부프로펜)",20110531,"(주)알피바이오","[내수용] 무색 내지 엷은 청색의 액상 내용물이 든 청색의 투명한 타원형 연질캡슐[수출용] 무색 내지 엷은 청색의 액상 내용물이 든 청색의 투명한 장방형 연질캡슐",01140,"해열.진통.소염제","일반의약품","[M051259]이부프로펜/[M051259]이부프로펜",20210715,"","","Ibuprofen(이부프로펜)",20251010
"노인주의","단일",D000363,Ibuprofen,"이부프로펜","[M051259]이부프로펜","연질캡슐제, 액상",201103628,"스피딕400연질캡슐(이부프로펜)",20110531,"광동제약(주)","무색 투명한 액이 든 연한 노란색의 투명한 장방형 연질캡슐",01140,"해열.진통.소염제","일반의약품","[M051259]이부프로펜",20210715,"","","Ibuprofen(이부프로펜)",20251010
"노인주의","단일",D000363,Ibuprofen,"이부프로펜","[M051259]이부프로펜","용액주사제",201103928,"페데아주(이부프로펜)",20110622,"(주)삼오제약","무색 내지 미황색 액이 무색투명한 유리앰플에 든 주사제",02190,"기타의 순환계용약","전문의약품","[M051259]이부프로펜",20210715,"","","Ibuprofen(이부프로펜)",20190326
"노인주의","단일",D000575,Indometacin,"인도메타신","[M040508]인도메타신","경질캡슐제, 산제",201104878,"인도메타캡슐(인도메타신)",20110802,"(주)한국피엠지제약","흰색의 가루가 들어있는 상부 암청색 하부 황색의 경질캡슐제",01140,"해열.진통.소염제","전문의약품","[M040508]인도메타신",20210715,"","","Indometacin(인도메타신)",20251010
"노인주의","단일",D000363,Ibuprofen,"이부프로펜","[M051259]이부프로펜","연질캡슐제, 액상",201105016,"브레핀에스연질캡슐(이부프로펜)",20110804,"제이더블유중외제약(주)","무색 내지 엷은 청색의 액상 내용물이 든 청색의 투명한 타원형 연질캡슐",01140,"해열.진통.소염제","일반의약품","[M051259]이부프로펜",20210715,"","","Ibuprofen(이부프로펜)",20251010
"노인주의","단일",D000363,Ibuprofen,"이부프로펜","[M051259]이부프로펜","연질캡슐제, 액상",201110120,"트리스펜연질캡슐(이부프로펜)",20111118,"동화약품(주)","무색 내지 미색의 투명한 내용물을 함유한 투명한 타원형 연질캡슐",01140,"해열.진통.소염제","일반의약품","[M051259]이부프로펜",20210715,"","","Ibuprofen(이부프로펜)",20251010
"노인주의","단일",D000427,Meloxicam,"멜록시캄","[M086439]멜록시캄","경질캡슐제, 산제",201110513,"메록스캄캡슐7.5밀리그램(멜록시캄)",20111130,"한미약품(주)","연한 노란색의 분말이 들어있는 상하부 연한 녹색의 경질캡슐제",01140,"해열.진통.소염제","전문의약품","[M086439]멜록시캄",20210715,"","","Meloxicam(멜록시캄)",20240913
"노인주의","단일",D000705,Flurbiprofen,"플루르비프로펜","[M089049]플루르비프로펜","지지체가있는첩부제",201202810,"케이팜플라스타(플루르비프로펜)",20120412,"명문제약(주)","이 약은 무색 투명 또는 반투명의 점착성 물질을 지지체에 도포하고 고체면에 고체피복물을 덮은 첩부제이다.",02640,"진통.진양.수렴.소염제","일반의약품","[M089049]플루르비프로펜",20210715,"","","Flurbiprofen(플루르비프로펜)",20240215
"노인주의","단일",D000427,Meloxicam,"멜록시캄","[M086439]멜록시캄","경질캡슐제, 산제",201203624,"아모리아캡슐15mg(멜록시캄)(수출용)",20120430,"삼익제약(주)","미황색 가루가 든 상부 담녹색, 하부 황색 경질캡슐제",01140,"해열.진통.소염제","전문의약품","[M086439]멜록시캄",20210715,"","","Meloxicam(멜록시캄)",20240913
"노인주의","단일",D000525,Loxoprofen,"록소프로펜","[M222839]록소프로펜나트륨수화물","나정",201205038,"리록스정(록소프로펜나트륨수화물)",20120523,"(주)한국파마","흰색 내지 미백색의 원형 정제",01140,"해열.진통.소염제","전문의약품","[M222839]록소프로펜나트륨수화물",20210715,"","","Loxoprofen(록소프로펜)",20230430
"노인주의","단일",D000525,Loxoprofen,"록소프로펜","[M222839]록소프로펜나트륨수화물","나정",201205832,"록스핀정(록소프로펜나트륨수화물)",20120622,"한국유나이티드제약(주)","흰색의 원형 정제",01140,"해열.진통.소염제","전문의약품","[M222839]록소프로펜나트륨수화물",20210715,"","","Loxoprofen(록소프로펜)",20230430
"노인주의","단일",D000525,Loxoprofen,"록소프로펜","[M222839]록소프로펜나트륨수화물","나정",201206201,"로펜탁정60밀리그램(록소프로펜나트륨수화물)",20120720,"환인제약(주)","백색의 원형 정제",01140,"해열.진통.소염제","전문의약품","[M222839]록소프로펜나트륨수화물",20210715,"","","Loxoprofen(록소프로펜)",20230430
"노인주의","단일",D000525,Loxoprofen,"록소프로펜","[M222839]록소프로펜나트륨수화물","나정",201206489,"아주록손정(록소프로펜나트륨수화물)",20120817,"아주약품(주)","흰색의 원형 정제",01140,"해열.진통.소염제","전문의약품","[M222839]록소프로펜나트륨수화물",20210715,"","","Loxoprofen(록소프로펜)",20230430
"노인주의","단일",D000427,Meloxicam,"멜록시캄","[M086439]멜록시캄","경질캡슐제, 산제",201206751,"멜로덱스캡슐7.5밀리그램(멜록시캄)",20120911,"삼일제약(주)","연한 노란색 가루가 든 상·하 연한 녹색의 경질 캡슐제",01140,"해열.진통.소염제","전문의약품","[M086439]멜록시캄",20210715,"","","Meloxicam(멜록시캄)",20240913
"노인주의","단일",D000525,Loxoprofen,"록소프로펜","[M222839]록소프로펜나트륨수화물","나정",201206759,"록소리스정(록소프로펜나트륨수화물)",20120912,"(주)동구바이오제약","흰색의 원형 정제",01140,"해열.진통.소염제","전문의약품","[M222839]록소프로펜나트륨수화물",20210715,"","","Loxoprofen(록소프로펜)",20230430
"노인주의","단일",D000525,Loxoprofen,"록소프로펜","[M222839]록소프로펜나트륨수화물","나정",201206760,"록프로펜정(록소프로펜나트륨수화물)",20120912,"제이더블유신약(주)","흰색의 원형 정제",01140,"해열.진통.소염제","전문의약품","[M222839]록소프로펜나트륨수화물",20210715,"","","Loxoprofen(록소프로펜)",20230430
"노인주의","단일",D000525,Loxoprofen,"록소프로펜","[M222839]록소프로펜나트륨수화물","나정",201206859,"피엠지록소프로펜정(록소프로펜나트륨수화물)",20120919,"(주)한국피엠지제약","담홍색의 원형 정제",01140,"해열.진통.소염제","전문의약품","[M222839]록소프로펜나트륨수화물",20210715,"","","Loxoprofen(록소프로펜)",20230430
"노인주의","단일",D000427,Meloxicam,"멜록시캄","[M086439]멜록시캄","경질캡슐제, 산제",201206870,"멜시빅캡슐15밀리그램(멜록시캄)",20120921,"동국제약(주)","미황색 가루가 든 상부 담녹색, 하부 황색 캡슐제",01140,"해열.진통.소염제","전문의약품","[M086439]멜록시캄",20210715,"","","Meloxicam(멜록시캄)",20240913
"노인주의","단일",D000427,Meloxicam,"멜록시캄","[M086439]멜록시캄","경질캡슐제, 산제",201206871,"멜시빅캡슐7.5밀리그램(멜록시캄)",20120921,"동국제약(주)","미황색 가루가 든 상, 하부 담녹색 캡슐제",01140,"해열.진통.소염제","전문의약품","[M086439]멜록시캄",20210715,"","","Meloxicam(멜록시캄)",20240913
"노인주의","단일",D000427,Meloxicam,"멜록시캄","[M086439]멜록시캄","경질캡슐제, 산제",201206872,"멜로덱스캡슐15밀리그램(멜록시캄)",20120921,"삼일제약(주)","연한 노란색 가루가 든 상부 연한 녹색, 하부 황색의 경질 캡슐제",01140,"해열.진통.소염제","전문의약품","[M086439]멜록시캄",20210715,"","","Meloxicam(멜록시캄)",20240913
"노인주의","단일",D000427,Meloxicam,"멜록시캄","[M086439]멜록시캄","경질캡슐제, 산제",201207083,"류멜캡슐15밀리그램(멜록시캄)",20121008,"한림제약(주)","미황색 가루가 충전된 상부 담녹색, 하부 노란색의 경질캡슐제",01140,"해열.진통.소염제","전문의약품","[M086439]멜록시캄",20210715,"","","Meloxicam(멜록시캄)",20240913
"노인주의","단일",D000427,Meloxicam,"멜록시캄","[M086439]멜록시캄","경질캡슐제, 산제",201207487,"트록시캄캡슐7.5밀리그램(멜록시캄)",20121029,"(주)새한제약","미황색분말이 충전된 상하 연녹색의 경질캡슐제",01140,"해열.진통.소염제","전문의약품","[M086439]멜록시캄",20210715,"","","Meloxicam(멜록시캄)",20240913
"노인주의","단일",D000525,Loxoprofen,"록소프로펜","[M222839]록소프로펜나트륨수화물","나정",201208997,"광동록소프로펜나트륨수화물정",20121130,"광동제약(주)","담홍색의 원형정제",01140,"해열.진통.소염제","전문의약품","[M222839]록소프로펜나트륨수화물",20210715,"","","Loxoprofen(록소프로펜)",20230430
"노인주의","단일",D000525,Loxoprofen,"록소프로펜","[M222839]록소프로펜나트륨수화물","나정",201300016,"무쏘펜정(록소프로펜나트륨수화물)",20130102,"미래바이오제약(주)","흰색의 원형 정제",01140,"해열.진통.소염제","전문의약품","[M222839]록소프로펜나트륨수화물",20210715,"","","Loxoprofen(록소프로펜)",20230430
"노인주의","단일",D000427,Meloxicam,"멜록시캄","[M086439]멜록시캄","경질캡슐제, 산제",201300020,"대웅바이오멜록시캄캡슐7.5밀리그램",20130103,"대웅바이오(주)","미황색가루가 든 상,하 담녹색의 캡슐제",01140,"해열.진통.소염제","전문의약품","[M086439]멜록시캄",20210715,"","","Meloxicam(멜록시캄)",20240913
"노인주의","단일",D000427,Meloxicam,"멜록시캄","[M086439]멜록시캄","경질캡슐제, 산제",201300144,"대웅바이오멜록시캄캡슐15밀리그램",20130108,"대웅바이오(주)","미황색가루가 든 상부 담녹색, 하부 황색 캡슐제",01140,"해열.진통.소염제","전문의약품","[M086439]멜록시캄",20210715,"","","Meloxicam(멜록시캄)",20240913
"노인주의","단일",D000525,Loxoprofen,"록소프로펜","[M085577]록소프로펜나트륨","나정",201302680,"이록펜정(록소프로펜나트륨)",20130130,"이연제약(주)","흰색의 원형 정제",01140,"해열.진통.소염제","전문의약품","[M085577]록소프로펜나트륨",20210715,"","","Loxoprofen(록소프로펜)",20230430
"노인주의","단일",D000427,Meloxicam,"멜록시캄","[M086439]멜록시캄","경질캡슐제, 산제",201303831,"이노시캄캡슐(멜록시캄)",20130205,"에스피씨(주)","미황색가루가 든 상,하 담녹색의 캡슐제",01140,"해열.진통.소염제","전문의약품","[M086439]멜록시캄",20210715,"","","Meloxicam(멜록시캄)",20240913
"노인주의","단일",D000525,Loxoprofen,"록소프로펜","[M222839]록소프로펜나트륨수화물","나정",201305793,"경보록소프로펜나트륨수화물정",20130221,"(주)경보제약","담홍색의 원형 정제",01140,"해열.진통.소염제","전문의약품","[M222839]록소프로펜나트륨수화물",20210715,"","","Loxoprofen(록소프로펜)",20230430
"노인주의","단일",D000427,Meloxicam,"멜록시캄","[M086439]멜록시캄","경질캡슐제, 산제",201306346,"모빅시캄캡슐(멜록시캄)",20130321,"한국휴텍스제약(주)","연한 노란색 가루가 든 상·하 연한 녹색의 경질 캡슐제",01140,"해열.진통.소염제","전문의약품","[M086439]멜록시캄",20210715,"","","Meloxicam(멜록시캄)",20240913
"노인주의","단일",D000525,Loxoprofen,"록소프로펜","[M222839]록소프로펜나트륨수화물","나정",201306407,"록스로펜정(록소프로펜나트륨수화물)",20130322,"(주)일화","흰색 내지 미황색의 원형 정제",01140,"해열.진통.소염제","전문의약품","[M222839]록소프로펜나트륨수화물",20210715,"","","Loxoprofen(록소프로펜)",20230430
"노인주의","단일",D000705,Flurbiprofen,"플루르비프로펜","[M089049]플루르비프로펜","카타플라스마제",201306423,"플러비카타플라스마(플루르비프로펜)",20130322,"영진약품(주)","연한 분홍색 또는 분홍색의 점착성 고체를 부직포 위에 도포하고 뒷면에 밀착포를 부착한 특유한 향기를 가진 카타플라스마제",02640,"진통.진양.수렴.소염제","일반의약품","[M089049]플루르비프로펜",20210715,"","","Flurbiprofen(플루르비프로펜)",20240215
"노인주의","단일",D000525,Loxoprofen,"록소프로펜","[M222839]록소프로펜나트륨수화물","나정",201306984,"삼성록소프로펜나트륨정(록소프로펜나트륨수화물)",20130418,"삼성제약(주)","흰색의 원형 정제",01140,"해열.진통.소염제","전문의약품","[M222839]록소프로펜나트륨수화물",20210715,"","","Loxoprofen(록소프로펜)",20230430
"노인주의","단일",D000427,Meloxicam,"멜록시캄","[M086439]멜록시캄","경질캡슐제, 산제",201306990,"파마빅캡슐15밀리그램(멜록시캄)",20130419,"(주)제뉴파마","미황색 가루가 든 상부 담녹색, 하부 황색 캡슐제",01140,"해열.진통.소염제","전문의약품","[M086439]멜록시캄",20210715,"","","Meloxicam(멜록시캄)",20240913
"노인주의","단일",D000525,Loxoprofen,"록소프로펜","[M222839]록소프로펜나트륨수화물","나정",201307082,"알로펜정(록소프로펜나트륨수화물)",20130426,"에스피씨(주)","담홍색의 원형 정제",01140,"해열.진통.소염제","전문의약품","[M222839]록소프로펜나트륨수화물",20210715,"","","Loxoprofen(록소프로펜)",20230430
"노인주의","단일",D000427,Meloxicam,"멜록시캄","[M086439]멜록시캄","경질캡슐제, 산제",201307313,"캠록스캡슐15mg(멜록시캄)(수출용)",20130514,"알리코제약(주)","연한 노랑색의 내용물이 충전된 상·하부 담녹색의 경질캡슐",01140,"해열.진통.소염제","전문의약품","[M086439]멜록시캄",20210715,"","","Meloxicam(멜록시캄)",20240913
"노인주의","단일",D000427,Meloxicam,"멜록시캄","[M086439]멜록시캄","경질캡슐제, 산제",201307991,"멜로시드캡슐15밀리그램(멜록시캄)",20130703,"제일약품(주)","미황색 가루가 든 상부 담녹색, 하부 황색의 경질캡슐제",01140,"해열.진통.소염제","전문의약품","[M086439]멜록시캄",20210715,"","","Meloxicam(멜록시캄)",20240913
"노인주의","단일",D000427,Meloxicam,"멜록시캄","[M086439]멜록시캄","경질캡슐제, 산제",201308010,"멜로시드캡슐7.5밀리그램(멜록시캄)",20130704,"제일약품(주)","미황색 가루가 든 상, 하 담녹색의 경질캡슐제",01140,"해열.진통.소염제","전문의약품","[M086439]멜록시캄",20210715,"","","Meloxicam(멜록시캄)",20240913
"노인주의","단일",D000525,Loxoprofen,"록소프로펜","[M222839]록소프로펜나트륨수화물","나정",201308352,"케록시드정(록소프로펜나트륨수화물)",20130723,"(주)휴메딕스","흰색의 원형정제",01140,"해열.진통.소염제","전문의약품","[M222839]록소프로펜나트륨수화물",20210715,"","","Loxoprofen(록소프로펜)",20230430
"노인주의","단일",D000363,Ibuprofen,"이부프로펜","[M051259]이부프로펜","연질캡슐제, 액상",201308385,"이부로엔연질캡슐(이부프로펜)",20130725,"에스케이케미칼(주)","무색 내지 엷은 청색의 액상 내용물이 든 청색의 투명한 타원형 연질캡슐",01140,"해열.진통.소염제","일반의약품","[M051259]이부프로펜",20210715,"","","Ibuprofen(이부프로펜)",20251010
"노인주의","단일",D000427,Meloxicam,"멜록시캄","[M086439]멜록시캄","구강붕해정",201308618,"멜로디구강붕해정7.5밀리그램(멜로시캄)",20130731,"(주)엔엠제약","엷은 노란색의 편평한 원형 구강붕해정",01140,"해열.진통.소염제","전문의약품","[M086439]멜록시캄",20210715,"","","Meloxicam(멜록시캄)",20240913
"노인주의","단일",D000427,Meloxicam,"멜록시캄","[M086439]멜록시캄","구강붕해정",201308619,"멜로디구강붕해정15밀리그램(멜로시캄)",20130731,"(주)엔엠제약","엷은 노란색의 편평한 원형 구강붕해정",01140,"해열.진통.소염제","전문의약품","[M086439]멜록시캄",20210715,"","","Meloxicam(멜록시캄)",20240913
"노인주의","단일",D000525,Loxoprofen,"록소프로펜","[M222839]록소프로펜나트륨수화물","나정",201308925,"록소쿨정(록소프로펜나트륨수화물)",20130821,"(주)화이트생명과학","흰색의 원형 정제",01140,"해열.진통.소염제","전문의약품","[M222839]록소프로펜나트륨수화물",20210715,"","","Loxoprofen(록소프로펜)",20230430
"노인주의","단일",D000525,Loxoprofen,"록소프로펜","[M222839]록소프로펜나트륨수화물","나정",201309067,"로소프린정(록소프로펜나트륨수화물)",20130829,"한화제약(주)","흰색~미황색의 원형 정제",01140,"해열.진통.소염제","전문의약품","[M222839]록소프로펜나트륨수화물",20210715,"","","Loxoprofen(록소프로펜)",20230430
"노인주의","단일",D000525,Loxoprofen,"록소프로펜","[M222839]록소프로펜나트륨수화물","나정",201309230,"알피록소펜정(록소프로펜나트륨수화물)",20130906,"(주)알피바이오","담홍색의 원형 정제",01140,"해열.진통.소염제","전문의약품","[M222839]록소프로펜나트륨수화물",20210715,"","","Loxoprofen(록소프로펜)",20230430
"노인주의","단일",D001289,Ketorolac,"케토롤락","[M084703]케토롤락트로메타민","용액주사제",201309291,"유니온케토롤락트로메타민주(수출용)",20130911,"한국유니온제약(주)","엷은 황색의 투명한 액이 든 갈색투명한 앰플주사제",01140,"해열.진통.소염제","전문의약품","[M084703]케토롤락트로메타민",20210715,"","","Ketorolac(케토롤락)",20210402
"노인주의","단일",D000427,Meloxicam,"멜록시캄","[M086439]멜록시캄","경질캡슐제, 산제",201309344,"이콕스캡슐7.5밀리그램(멜록시캄)",20130913,"(주)화이트생명과학","노란색 가루가 든 상부 연녹색, 하부 연녹색의 경질 캡슐제",01140,"해열.진통.소염제","전문의약품","[M086439]멜록시캄",20210715,"","","Meloxicam(멜록시캄)",20240913
"노인주의","단일",D000363,Ibuprofen,"이부프로펜","[M051259]이부프로펜","연질캡슐제, 액상",201309779,"동구이부프로펜연질캡슐200mg(수출용)",20131017,"(주)동구바이오제약","무색~연한 녹색의 투명한 액상의 내용물을 함유한 청녹색의 타원형 연질캡슐제",01140,"해열.진통.소염제","일반의약품","[M051259]이부프로펜",20210715,"","","Ibuprofen(이부프로펜)",20240715
"노인주의","단일",D000525,Loxoprofen,"록소프로펜","[M222839]록소프로펜나트륨수화물","나정",201309970,"락소펜엠정(록소프로펜나트륨수화물)",20131030,"(주)마더스제약","흰색∼미황색의 원형 정제",01140,"해열.진통.소염제","전문의약품","[M222839]록소프로펜나트륨수화물",20210715,"","","Loxoprofen(록소프로펜)",20230430
"노인주의","단일",D000427,Meloxicam,"멜록시캄","[M086439]멜록시캄","경질캡슐제, 산제",201310587,"멜로텍스캡슐 7.5mg(멜록시캄)",20131209,"(주)테라젠이텍스","미황색 가루가 든 상·하부 담녹색의 캡슐제",01140,"해열.진통.소염제","전문의약품","[M086439]멜록시캄",20210715,"","","Meloxicam(멜록시캄)",20240913
"노인주의","단일",D000705,Flurbiprofen,"플루르비프로펜","[M089049]플루르비프로펜","카타플라스마제",201310808,"플루비톱카타플라스마(플루르비프로펜)",20131220,"코오롱제약(주)","연한 분홍색 또는 분홍색의 점착성의 고체를 부직포 위에 도포하고 뒷면에 밀착포를 부착한 특유한 향기를 가진 카타플라스마제",02640,"진통.진양.수렴.소염제","일반의약품","[M089049]플루르비프로펜",20210715,"","","Flurbiprofen(플루르비프로펜)",20240215
"노인주의","단일",D000427,Meloxicam,"멜록시캄","[M086439]멜록시캄","경질캡슐제, 산제",201310962,"메록캄캡슐(멜록시캄)",20131231,"대한뉴팜(주)","미황색가루가 든 상,하 담녹색의 캡슐제",01140,"해열.진통.소염제","전문의약품","[M086439]멜록시캄",20210715,"","","Meloxicam(멜록시캄)",20240913
"노인주의","단일",D000525,Loxoprofen,"록소프로펜","[M222839]록소프로펜나트륨수화물","나정",201310991,"류스펜정(록소프로펜나트륨수화물)",20131231,"(주)유영제약","흰색의 원형정제",01140,"해열.진통.소염제","전문의약품","[M222839]록소프로펜나트륨수화물",20210715,"","","Loxoprofen(록소프로펜)",20230430
"노인주의","단일",D000525,Loxoprofen,"록소프로펜","[M222839]록소프로펜나트륨수화물","나정",201401405,"비씨록소프로펜나트륨수화물정",20140327,"(주)비씨월드제약","흰색의 원형 정제",01140,"해열.진통.소염제","전문의약품","[M222839]록소프로펜나트륨수화물",20210715,"","","Loxoprofen(록소프로펜)",20230430
"노인주의","단일",D000427,Meloxicam,"멜록시캄","[M086439]멜록시캄","경질캡슐제, 산제",201402206,"모비록캄캡슐7.5mg(멜록시캄)",20140513,"위더스제약(주)","황색 내지 미황색 가루가 들어있는 상.하부 담녹색의 경질캡슐",01140,"해열.진통.소염제","전문의약품","[M086439]멜록시캄",20210715,"","","Meloxicam(멜록시캄)",20240913
"노인주의","단일",D000525,Loxoprofen,"록소프로펜","[M222839]록소프로펜나트륨수화물","나정",201402272,"록페린정(록소프로펜나트륨수화물)",20140516,"동국제약(주)","흰색∼미황색의 원형 정제",01140,"해열.진통.소염제","전문의약품","[M222839]록소프로펜나트륨수화물",20210715,"","","Loxoprofen(록소프로펜)",20230430
"노인주의","단일",D000525,Loxoprofen,"록소프로펜","[M222839]록소프로펜나트륨수화물","나정",201402349,"명문록소프로펜정(록소프로펜나트륨수화물)",20140522,"명문제약(주)","흰색의 원형 정제",01140,"해열.진통.소염제","전문의약품","[M222839]록소프로펜나트륨수화물",20210715,"","","Loxoprofen(록소프로펜)",20230430
"노인주의","단일",D000427,Meloxicam,"멜록시캄","[M086439]멜록시캄","경질캡슐제, 산제",201402414,"모빅스캄캡슐(멜록시캄)",20140528,"영풍제약(주)","미황색 가루가 든 상하부 담녹색의 캡슐제",01140,"해열.진통.소염제","전문의약품","[M086439]멜록시캄",20210715,"","","Meloxicam(멜록시캄)",20240913
"노인주의","단일",D000427,Meloxicam,"멜록시캄","[M086439]멜록시캄","경질캡슐제, 산제",201402419,"록시칼캡슐(멜록시캄)",20140528,"화일약품(주)","미황색 가루가 든 상하부 담녹색의 경질캡슐제",01140,"해열.진통.소염제","전문의약품","[M086439]멜록시캄",20210715,"","","Meloxicam(멜록시캄)",20240913
"노인주의","단일",D001289,Ketorolac,"케토롤락","[M222885]케토롤락트로메타민염","용액주사제",201402788,"케트로민주(케토롤락트로메타민염)(수출용)",20140624,"아주약품(주)","엷은 황색의 투명 액체가 든 갈색 앰플 주사제",01140,"해열.진통.소염제","전문의약품","[M222885]케토롤락트로메타민염",20210715,"","","Ketorolac(케토롤락)",20240522
"노인주의","단일",D000525,Loxoprofen,"록소프로펜","[M222839]록소프로펜나트륨수화물","나정",201402867,"대웅바이오록소프로펜정(록소프로펜나트륨수화물)",20140627,"대웅바이오(주)","흰색∼미황색의 원형 정제",01140,"해열.진통.소염제","전문의약품","[M222839]록소프로펜나트륨수화물",20210715,"","","Loxoprofen(록소프로펜)",20230430
"노인주의","단일",D000427,Meloxicam,"멜록시캄","[M086439]멜록시캄","경질캡슐제, 산제",201402969,"모빅캄캡슐(멜록시캄)",20140704,"성원애드콕제약(주)","미황색가루가 든 상,하 담녹색의 캡슐제",01140,"해열.진통.소염제","전문의약품","[M086439]멜록시캄",20210715,"","","Meloxicam(멜록시캄)",20240913
"노인주의","단일",D000525,Loxoprofen,"록소프로펜","[M222839]록소프로펜나트륨수화물","나정",201403088,"로펜정60밀리그램(록소프로펜나트륨수화물)",20140710,"진양제약(주)","흰색의 원형 정제",01140,"해열.진통.소염제","전문의약품","[M222839]록소프로펜나트륨수화물",20210715,"","","Loxoprofen(록소프로펜)",20230430
"노인주의","단일",D000363,Ibuprofen,"이부프로펜","[M051259]이부프로펜","연질캡슐제, 액상",201403380,"페인엔젤이부연질캡슐(이부프로펜)",20140725,"제이더블유중외제약(주)","무색 내지 미황색의 액상 내용물이 든 노란색의 투명한 타원형 연질캡슐",01140,"해열.진통.소염제","일반의약품","[M051259]이부프로펜",20210715,"","","Ibuprofen(이부프로펜)",20251010
"노인주의","단일",D000363,Ibuprofen,"이부프로펜","[M051259]이부프로펜","액상시럽제",201403677,"코리투살에프시럽(이부프로펜)",20140807,"부광약품(주)","오렌지향이 나는 백색~미황색의 시럽제",01140,"해열.진통.소염제","일반의약품","[M051259]이부프로펜",20210715,"","","Ibuprofen(이부프로펜)",20251010
"노인주의","단일",D000525,Loxoprofen,"록소프로펜","[M222839]록소프로펜나트륨수화물","나정",201403983,"휴록스정(록소프로펜나트륨수화물)",20140826,"(주)휴비스트제약","흰색의 원형 정제",01140,"해열.진통.소염제","전문의약품","[M222839]록소프로펜나트륨수화물",20210715,"","","Loxoprofen(록소프로펜)",20230430
"노인주의","단일",D000427,Meloxicam,"멜록시캄","[M086439]멜록시캄","경질캡슐제, 산제",201404438,"씨엠지멜록시캄캡슐7.5mg",20140929,"(주)씨엠지제약","미황색의 내용물이 충진된 상,하부 담녹색의 경질캡슐제",01140,"해열.진통.소염제","전문의약품","[M086439]멜록시캄",20210715,"","","Meloxicam(멜록시캄)",20240913
"노인주의","단일",D000705,Flurbiprofen,"플루르비프로펜","[M089049]플루르비프로펜","카타플라스마제",201404613,"루비로펜카타플라스마(플루르비프로펜)",20141007,"알리코제약(주)","연한 분홍색 또는 분홍색의 점착성 고체를 부직포 위에 도포하고 뒷면에 밀착포를 부착한 특유한 향기를 가진 카타플라스마제",02640,"진통.진양.수렴.소염제","일반의약품","[M089049]플루르비프로펜",20210715,"","","Flurbiprofen(플루르비프로펜)",20240215
"노인주의","단일",D000525,Loxoprofen,"록소프로펜","[M222839]록소프로펜나트륨수화물","나정",201404615,"시원나정(록소프로펜나트륨수화물)",20141008,"영일제약(주)","흰색의 원형정제",01140,"해열.진통.소염제","전문의약품","[M222839]록소프로펜나트륨수화물",20210715,"","","Loxoprofen(록소프로펜)",20230430
"노인주의","단일",D000525,Loxoprofen,"록소프로펜","[M222839]록소프로펜나트륨수화물","나정",201405365,"록소아펜정(록소프로펜나트륨수화물)",20141118,"조아제약(주)","담홍색의 원형 정제",01140,"해열.진통.소염제","전문의약품","[M222839]록소프로펜나트륨수화물",20210715,"","","Loxoprofen(록소프로펜)",20230430
"노인주의","단일",D000363,Ibuprofen,"이부프로펜","[M051259]이부프로펜","액상시럽제",201405818,"비알이부펜시럽(이부프로펜)",20141209,"(주)보령바이오파마","오렌지향이 나는 흰색 내지 연한노란색의 시럽제",01140,"해열.진통.소염제","일반의약품","[M051259]이부프로펜",20210715,"","","Ibuprofen(이부프로펜)",20251010
"노인주의","단일",D000363,Ibuprofen,"이부프로펜","[M051259]이부프로펜","액상시럽제",201500197,"키즈앤펜시럽(이부프로펜)",20150114,"광동제약(주)","오렌지향이 있는 흰색 내지 미황색의 현탁성 시럽제가 충진된 스틱파우치",01140,"해열.진통.소염제","일반의약품","[M051259]이부프로펜",20210715,"","","Ibuprofen(이부프로펜)",20251010
"노인주의","단일",D001289,Ketorolac,"케토롤락","[M084703]케토롤락트로메타민","용액주사제",201500216,"케톨민주(케토롤락트로메타민)",20150115,"이연제약(주)","엷은 황색의 투명한 액체가 든 갈색 앰플 주사제",01140,"해열.진통.소염제","전문의약품","[M084703]케토롤락트로메타민",20210715,"","","Ketorolac(케토롤락)",20240522
"노인주의","단일",D000427,Meloxicam,"멜록시캄","[M086439]멜록시캄","경질캡슐제, 산제",201500480,"씨빅캡슐7.5밀리그램(멜록시캄)",20150129,"에이치엘비제약(주)","미황색의 내용물이 충진된 상,하부 담녹색의 경질캡슐제",01140,"해열.진통.소염제","전문의약품","[M086439]멜록시캄",20210715,"","","Meloxicam(멜록시캄)",20240913
"노인주의","단일",D000363,Ibuprofen,"이부프로펜","[M051259]이부프로펜","연질캡슐제, 액상",201500673,"다펜-큐연질캡슐(이부프로펜)",20150210,"조아제약(주)","무색 내지 엷은 청색의 액상 내용물이 든 청색의 투명한 타원형 연질캡슐",01140,"해열.진통.소염제","일반의약품","[M051259]이부프로펜",20210715,"","","Ibuprofen(이부프로펜)",20251010
"노인주의","단일",D000525,Loxoprofen,"록소프로펜","[M222839]록소프로펜나트륨수화물","나정",201502576,"록소프린정(록소프로펜나트륨수화물)",20150429,"(주)넥스팜코리아","흰색∼미황색의 원형 정제",01140,"해열.진통.소염제","전문의약품","[M222839]록소프로펜나트륨수화물",20210715,"","","Loxoprofen(록소프로펜)",20230430
"노인주의","단일",D000525,Loxoprofen,"록소프로펜","[M222839]록소프로펜나트륨수화물","나정",201502705,"록스코정(록소프로펜나트륨수화물)",20150430,"(주)오스코리아제약","흰색의 원형정제",01140,"해열.진통.소염제","전문의약품","[M222839]록소프로펜나트륨수화물",20210715,"","","Loxoprofen(록소프로펜)",20230430
"노인주의","단일",D000525,Loxoprofen,"록소프로펜","[M222839]록소프로펜나트륨수화물","나정",201502716,"휴니즈록소프로펜나트륨수화물정",20150430,"(주)휴온스메디텍","담홍색의 원형 정제",01140,"해열.진통.소염제","전문의약품","[M222839]록소프로펜나트륨수화물",20210715,"","","Loxoprofen(록소프로펜)",20230430
"노인주의","단일",D000525,Loxoprofen,"록소프로펜","[M222839]록소프로펜나트륨수화물","나정",201502721,"록소폰정(록소프로펜나트륨수화물)",20150501,"성원애드콕제약(주)","흰색의 원형정제",01140,"해열.진통.소염제","전문의약품","[M222839]록소프로펜나트륨수화물",20210715,"","","Loxoprofen(록소프로펜)",20230430
"노인주의","단일",D000427,Meloxicam,"멜록시캄","[M086439]멜록시캄","경질캡슐제, 산제",201502925,"휴니즈멜록시캄캡슐7.5mg",20150514,"(주)휴온스메디텍","미황색 분말이 충진된 상,하부 담녹색의 경질 캡슐",01140,"해열.진통.소염제","전문의약품","[M086439]멜록시캄",20210715,"","","Meloxicam(멜록시캄)",20240913
"노인주의","단일",D000525,Loxoprofen,"록소프로펜","[M222839]록소프로펜나트륨수화물","나정",201502959,"화록소정(록소프로펜나트륨수화물)",20150515,"화일약품(주)","흰색∼미황색의 원형 정제",01140,"해열.진통.소염제","전문의약품","[M222839]록소프로펜나트륨수화물",20210715,"","","Loxoprofen(록소프로펜)",20230430
"노인주의","단일",D000427,Meloxicam,"멜록시캄","[M086439]멜록시캄","경질캡슐제, 산제",201503642,"멜록캡슐7.5mg(멜록시캄)",20150608,"조아제약(주)","연한 노란색 가루가 든 상,하 연한 녹색의 경질캡슐",01140,"해열.진통.소염제","전문의약품","[M086439]멜록시캄",20210715,"","","Meloxicam(멜록시캄)",20240913
"노인주의","단일",D000525,Loxoprofen,"록소프로펜","[M222839]록소프로펜나트륨수화물","나정",201504100,"록프란정(록소프로펜나트륨수화물)",20150623,"맥널티제약(주)","흰색의 원형 정제",01140,"해열.진통.소염제","전문의약품","[M222839]록소프로펜나트륨수화물",20210715,"","","Loxoprofen(록소프로펜)",20230430
"노인주의","단일",D000525,Loxoprofen,"록소프로펜","[M222839]록소프로펜나트륨수화물","카타플라스마제",201505060,"록소톱카타플라스마(록소프로펜나트륨수화물)",20150724,"알리코제약(주)","분홍색 및 연한 분홍색의 점착성 고체를 부직포 위에 도포하고 뒷면에 밀착포를 부착한 특유한 향기를 가진 카타플라스마제",02640,"진통.진양.수렴.소염제","일반의약품","[M222839]록소프로펜나트륨수화물",20210715,"","","Loxoprofen(록소프로펜)",20171011
"노인주의","단일",D000525,Loxoprofen,"록소프로펜","[M222839]록소프로펜나트륨수화물","나정",201505725,"록소윈정(록소프로펜나트륨수화물)",20150817,"(주)비보존제약","담홍색의 원형 정제",01140,"해열.진통.소염제","전문의약품","[M222839]록소프로펜나트륨수화물",20210715,"","","Loxoprofen(록소프로펜)",20230430
"노인주의","단일",D000525,Loxoprofen,"록소프로펜","[M222839]록소프로펜나트륨수화물","나정",201506895,"오노펜정(록소프로펜나트륨수화물)",20151001,"(주)옵투스제약","담홍색의 원형 정제",01140,"해열.진통.소염제","전문의약품","[M222839]록소프로펜나트륨수화물",20210715,"","","Loxoprofen(록소프로펜)",20230430
"노인주의","단일",D000525,Loxoprofen,"록소프로펜","[M222839]록소프로펜나트륨수화물","카타플라스마제",201507215,"노펜24센카타플라스마(록소프로펜나트륨수화물)",20151016,"제이더블유중외제약(주)","분홍색 및 연한 분홍색의 점착성 고체를 부직포 위에 도포하고 뒷면에 밀착포를 부착한 특유한 향기를 가진 카타플라스마제",02640,"진통.진양.수렴.소염제","일반의약품","[M222839]록소프로펜나트륨수화물",20210715,"","","Loxoprofen(록소프로펜)",20171011
"노인주의","단일",D000525,Loxoprofen,"록소프로펜","[M222839]록소프로펜나트륨수화물","나정",201507397,"록스로스정(록소프로펜나트륨수화물)",20151027,"(주)티디에스팜","흰색~미황색의 원형 정제",01140,"해열.진통.소염제","전문의약품","[M222839]록소프로펜나트륨수화물",20210715,"","","Loxoprofen(록소프로펜)",20230430
"노인주의","단일",D000427,Meloxicam,"멜록시캄","[M086439]멜록시캄","경질캡슐제, 산제",201507776,"멜로빅캡슐7.5mg(멜록시캄)",20151120,"(주)씨티씨바이오","미황색가루가 든 상,하 담녹색의 캡슐제",01140,"해열.진통.소염제","전문의약품","[M086439]멜록시캄",20210715,"","","Meloxicam(멜록시캄)",20240913
"노인주의","단일",D000230,"Mefenamic acid","메페남산","[M050476]메페남산","경질캡슐제, 산제",201507851,"코러스메페남산캡슐250밀리그램(수출용)",20151124,"한국코러스(주)","흰색의 분말이 충진된 상, 하부 연한 노란색의 경질캡슐제",01140,"해열.진통.소염제","전문의약품","[M050476]메페남산",20210715,"","","Mefenamic acid(메페남산)",20191121
"노인주의","단일",D000230,"Mefenamic acid","메페남산","[M050476]메페남산","필름코팅정",201507854,"코러스메페남산정250밀리그램(수출용)",20151124,"한국코러스(주)","청색의 장방형 필름코팅정제",01140,"해열.진통.소염제","전문의약품","[M050476]메페남산",20210715,"","","Mefenamic acid(메페남산)",20191121
"노인주의","단일",D000705,Flurbiprofen,"플루르비프로펜","[M089049]플루르비프로펜/[M089049]플루르비프로펜/[M089049]플루르비프로펜/[M089049]플루르비프로펜","트로키제",201507425,"젠스트린트로키(멘톨앤페퍼민트향, 페퍼민트향, 레몬향, 복숭아향)(플루르비프로펜)",20151028,"신일제약(주)","젠스트린트로키(멘톨앤페퍼민트향):멘톨향과 페퍼민트향이 나는 흰색 내지 미백색의 원형 트로키젠스트린트로키(페퍼민트향): 페퍼민트향이 나는 흰색 내지 미백색의 원형 트로키젠스트린트로키(레몬향): 레몬향이 나는 흰색 내지 연한 노랑색의 원형 트로키젠스트린트로키(복숭아향): 복숭아향이 나는 흰색 내지 연한 노랑색의 원형 트로키",02310,"치과구강용약","일반의약품","[M089049]플루르비프로펜/[M089049]플루르비프로펜/[M089049]플루르비프로펜/[M089049]플루르비프로펜",20210715,"","","Flurbiprofen(플루르비프로펜)",20240522
"노인주의","단일",D000230,"Mefenamic acid","메페남산","[M050476]메페남산","필름코팅정",201507855,"코러스메페남산정500밀리그램(수출용)",20151124,"한국코러스(주)","미황색의 분할선이 있는 장방형필름코팅정제",01140,"해열.진통.소염제","전문의약품","[M050476]메페남산",20210715,"","","Mefenamic acid(메페남산)",20191121
"노인주의","단일",D000525,Loxoprofen,"록소프로펜","[M222839]록소프로펜나트륨수화물","나정",201508215,"록소디엘정60밀리그램(록소프로펜나트륨수화물)",20151211,"(주)다산제약","흰색의 원형 정제",01140,"해열.진통.소염제","전문의약품","[M222839]록소프로펜나트륨수화물",20210715,"","","Loxoprofen(록소프로펜)",20230430
"노인주의","단일",D000525,Loxoprofen,"록소프로펜","[M222839]록소프로펜나트륨수화물","나정",201600498,"로페날정(록소프로펜나트륨수화물)",20160125,"한국코러스(주)","흰색의 원형정제",01140,"해열.진통.소염제","전문의약품","[M222839]록소프로펜나트륨수화물",20210715,"","","Loxoprofen(록소프로펜)",20230430
"노인주의","단일",D000427,Meloxicam,"멜록시캄","[M086439]멜록시캄","경질캡슐제, 산제",201600894,"멜록캄캡슐7.5밀리그램(멜록시캄)",20160216,"한국코러스(주)","연한 노란색 가루가 든 상·하 연한 녹색의 경질 캡슐제",01140,"해열.진통.소염제","전문의약품","[M086439]멜록시캄",20210715,"","","Meloxicam(멜록시캄)",20240913
"노인주의","단일",D000427,Meloxicam,"멜록시캄","[M086439]멜록시캄","경질캡슐제, 산제",201601027,"메로빅캡슐15밀리그램(멜록시캄)",20160224,"(주)셀트리온제약","연한 노란색 가루가 든 상부 연한 녹색, 하부 황색의 경질 캡슐제",01140,"해열.진통.소염제","전문의약품","[M086439]멜록시캄",20210715,"","","Meloxicam(멜록시캄)",20240913
"노인주의","단일",D000427,Meloxicam,"멜록시캄","[M086439]멜록시캄","경질캡슐제, 산제",201601085,"이콕스캡슐15밀리그램(멜록시캄)",20160226,"(주)화이트생명과학","노란색 가루가 든 상부 연록색, 하부 연황색의 캡슐제",01140,"해열.진통.소염제","전문의약품","[M086439]멜록시캄",20210715,"","","Meloxicam(멜록시캄)",20240913
"노인주의","단일",D000525,Loxoprofen,"록소프로펜","[M222839]록소프로펜나트륨수화물","나정",201601348,"로프로펜정(록소프로펜나트륨수화물)",20160308,"익수제약(주)","담홍색의 원형 정제",01140,"해열.진통.소염제","전문의약품","[M222839]록소프로펜나트륨수화물",20210715,"","","Loxoprofen(록소프로펜)",20230430
"노인주의","단일",D000427,Meloxicam,"멜록시캄","[M086439]멜록시캄","경질캡슐제, 산제",201601481,"멜빅캄캡슐7.5밀리그램(멜록시캄)",20160314,"(주)비보존제약","미황색 가루가 든 상·하부 담녹색의 캡슐제",01140,"해열.진통.소염제","전문의약품","[M086439]멜록시캄",20210715,"","","Meloxicam(멜록시캄)",20240913
"노인주의","단일",D000525,Loxoprofen,"록소프로펜","[M222839]록소프로펜나트륨수화물","나정",201601555,"록소프로진정60mg(록소프로펜나트륨수화물)",20160317,"아이큐어(주)","백색의 원형정제",01140,"해열.진통.소염제","전문의약품","[M222839]록소프로펜나트륨수화물",20210715,"","","Loxoprofen(록소프로펜)",20230430
"노인주의","단일",D000525,Loxoprofen,"록소프로펜","[M222839]록소프로펜나트륨수화물","카타플라스마제",201602322,"에프벡스카타플라스마(록소프로펜나트륨수화물)",20160426,"부광약품(주)","흰색 또는 반투명한 흰색의 점착성의 고체를 지지체 위에 도포하고 부직점착테이프를 고정 시킨 후 피복체를 덮은 카타플라스마제",02640,"진통.진양.수렴.소염제","일반의약품","[M222839]록소프로펜나트륨수화물",20210715,"","","Loxoprofen(록소프로펜)",20220331
"노인주의","단일",D000525,Loxoprofen,"록소프로펜","[M222839]록소프로펜나트륨수화물","나정",201602370,"로소펜정(록소프로펜나트륨수화물)",20160428,"태극제약(주)","흰색의 원형 정제",01140,"해열.진통.소염제","전문의약품","[M222839]록소프로펜나트륨수화물",20210715,"","","Loxoprofen(록소프로펜)",20230430
"노인주의","단일",D000525,Loxoprofen,"록소프로펜","[M222839]록소프로펜나트륨수화물","나정",201602693,"뉴록소로나정(록소프로펜나트륨수화물)",20160517,"안국뉴팜(주)","흰색~미황색의 원형 정제",01140,"해열.진통.소염제","전문의약품","[M222839]록소프로펜나트륨수화물",20210715,"","","Loxoprofen(록소프로펜)",20230430
"노인주의","단일",D000363,Ibuprofen,"이부프로펜","[M051259]이부프로펜","연질캡슐제, 액상",201602703,"탁센400이부프로펜연질캡슐",20160517,"(주)녹십자","무색 내지 엷은 청색의 액상 내용물이든 청색의 투명한 타원형 연질캡슐",01140,"해열.진통.소염제","일반의약품","[M051259]이부프로펜",20210715,"","","Ibuprofen(이부프로펜)",20251010
"노인주의","단일",D000525,Loxoprofen,"록소프로펜","[M222839]록소프로펜나트륨수화물","나정",201603025,"록소필정(록소프로펜나트륨수화물)",20160530,"(주)아이월드제약","흰색의 원형 정제",01140,"해열.진통.소염제","전문의약품","[M222839]록소프로펜나트륨수화물",20210715,"","","Loxoprofen(록소프로펜)",20230430
"노인주의","단일",D000427,Meloxicam,"멜록시캄","[M086439]멜록시캄","경질캡슐제, 산제",201603488,"메로시캡슐7.5밀리그램(멜록시캄)",20160615,"아이큐어(주)","미황색의 내용물이 충진된 상,하부 녹색의 경질캡슐제",01140,"해열.진통.소염제","전문의약품","[M086439]멜록시캄",20210715,"","","Meloxicam(멜록시캄)",20240913
"노인주의","단일",D000525,Loxoprofen,"록소프로펜","[M222839]록소프로펜나트륨수화물","나정",201603552,"록소앤정(록소프로펜나트륨수화물)",20160617,"동성제약(주)","흰색의 원형 정제",01140,"해열.진통.소염제","전문의약품","[M222839]록소프로펜나트륨수화물",20210715,"","","Loxoprofen(록소프로펜)",20230430
"노인주의","단일",D000525,Loxoprofen,"록소프로펜","[M222839]록소프로펜나트륨수화물","나정",201603923,"록세린정(록소프로펜나트륨수화물)",20160624,"(주)서흥","담홍색의 원형 정제",01140,"해열.진통.소염제","전문의약품","[M222839]록소프로펜나트륨수화물",20210715,"","","Loxoprofen(록소프로펜)",20230430
"노인주의","단일",D000525,Loxoprofen,"록소프로펜","[M222839]록소프로펜나트륨수화물","나정",201604091,"아스라스정(록소프로펜나트륨수화물)",20160629,"유니메드제약(주)","흰색의 원형 정제",01140,"해열.진통.소염제","전문의약품","[M222839]록소프로펜나트륨수화물",20210715,"","","Loxoprofen(록소프로펜)",20230430
"노인주의","단일",D000363,Ibuprofen,"이부프로펜","[M051259]이부프로펜","액상시럽제",201604402,"챔프이부펜시럽(이부프로펜)",20160718,"동아제약(주)","백색내지 미황색의 체리향 현탁성 시럽제",01140,"해열.진통.소염제","일반의약품","[M051259]이부프로펜",20210715,"","","Ibuprofen(이부프로펜)",20251010
"노인주의","단일",D000427,Meloxicam,"멜록시캄","[M086439]멜록시캄","경질캡슐제, 산제",201604574,"모아캄시캡슐7.5mg(멜록시캄)",20160725,"정우신약(주)","연한 노란색 가루가 든 상˙하 연한 녹색의 경질 캡슐제",01140,"해열.진통.소염제","전문의약품","[M086439]멜록시캄",20210715,"","","Meloxicam(멜록시캄)",20240913
"노인주의","단일",D000525,Loxoprofen,"록소프로펜","[M222839]록소프로펜나트륨수화물","나정",201604576,"록소프정(록소프로펜나트륨수화물)",20160725,"정우신약(주)","흰색의 원형정제",01140,"해열.진통.소염제","전문의약품","[M222839]록소프로펜나트륨수화물",20210715,"","","Loxoprofen(록소프로펜)",20230430
"노인주의","단일",D000525,Loxoprofen,"록소프로펜","[M222839]록소프로펜나트륨수화물/[M222839]록소프로펜나트륨수화물","지지체가있는첩부제",201604821,"제일롱파프플라스타(록소프로펜나트륨수화물)",20160808,"제일헬스사이언스(주)","C-type: 무색내지 담황색의 특이한 냄새가 있는 점착성 물질을 지지체에 도포하고 고체면에 고체피복물을 덮은 첩부제이다.",02640,"진통.진양.수렴.소염제","일반의약품","[M222839]록소프로펜나트륨수화물/[M222839]록소프로펜나트륨수화물",20210715,"","","Loxoprofen(록소프로펜)",20201224
"노인주의","단일",D000525,Loxoprofen,"록소프로펜","[M222839]록소프로펜나트륨수화물","카타플라스마제",201605160,"제놀하이드로24카타플라스마(록소프로펜나트륨수화물)",20160829,"(주)녹십자","이 약은 흰색 ~ 연한 노란색의 점착성 고체를 부직포 상에 도포한 방향을 가진 카타플라스마제로서 밀착포가 접합되어있다.",02640,"진통.진양.수렴.소염제","일반의약품","[M222839]록소프로펜나트륨수화물",20210715,"","","Loxoprofen(록소프로펜)",20190326
"노인주의","단일",D000363,Ibuprofen,"이부프로펜","[M209277]이부프로펜아르기닌","필름코팅정",201606897,"이부쎈에프정(이부프로펜아르기닌)",20161202,"(주)마더스제약","분홍색의 장방형 필름코팅정제",01140,"해열.진통.소염제","일반의약품","[M209277]이부프로펜아르기닌",20210715,"","","Ibuprofen(이부프로펜)",20251010
"노인주의","단일",D000363,Ibuprofen,"이부프로펜","[M051259]이부프로펜","연질캡슐제, 액상",201607229,"이부뉴펜연질캡슐(이부프로펜)",20161222,"동방에프티엘(주)","무색 내지 미황색의 투명한 내용물을 함유한 연청록색의 투명한 타원형 연질캡슐",01140,"해열.진통.소염제","일반의약품","[M051259]이부프로펜",20210715,"","","Ibuprofen(이부프로펜)",20251010
"노인주의","단일",D001289,Ketorolac,"케토롤락","[M084703]케토롤락트로메타민","용액주사제",201700525,"케라신주(케토롤락트로메타민)",20170131,"삼진제약(주)","엷은 황색의 투명한 액체가 든 갈색 앰플 주사제",01140,"해열.진통.소염제","전문의약품","[M084703]케토롤락트로메타민",20210715,"","","Ketorolac(케토롤락)",20240522
"노인주의","단일",D000363,Ibuprofen,"이부프로펜","[M051259]이부프로펜","연질캡슐제, 액상",201700729,"이부로엔에스연질캡슐(이부프로펜)",20170213,"코스맥스파마(주)","무색의 투명한 액이 든 연한 청록색의 투명한 달걀형 연질캡슐",01140,"해열.진통.소염제","일반의약품","[M051259]이부프로펜",20210715,"","","Ibuprofen(이부프로펜)",20251010
"노인주의","단일",D000363,Ibuprofen,"이부프로펜","[M051259]이부프로펜","연질캡슐제, 액상",201701140,"프리스펜연질캡슐(이부프로펜)",20170303,"코스맥스파마(주)","무색 내지 연한 청록색의 투명한 액이 든 연한 청록색의 투명한 타원형 연질캡슐",01140,"해열.진통.소염제","일반의약품","[M051259]이부프로펜",20210715,"","","Ibuprofen(이부프로펜)",20251010
"노인주의","단일",D000427,Meloxicam,"멜록시캄","[M086439]멜록시캄","경질캡슐제, 산제",201701501,"모릭스캡슐7.5밀리그램(멜록시캄)",20170329,"(주)한국피엠지제약","미황색의 분말이 든 상·하부 담녹색의 경질캡슐",01140,"해열.진통.소염제","전문의약품","[M086439]멜록시캄",20210715,"","","Meloxicam(멜록시캄)",20240913
"노인주의","단일",D000525,Loxoprofen,"록소프로펜","[M222839]록소프로펜나트륨수화물","나정",201702734,"록소리펜정(록소프로펜나트륨수화물)",20170530,"오스템파마주식회사","흰색의 원형 정제",01140,"해열.진통.소염제","전문의약품","[M222839]록소프로펜나트륨수화물",20210715,"","","Loxoprofen(록소프로펜)",20230430
"노인주의","단일",D000363,Ibuprofen,"이부프로펜","[M071015]이부프로펜리신","필름코팅정",201705259,"일펜정(이부프로펜리신)",20170706,"일양약품(주)","흰색의 장방형 필름코팅정",01140,"해열.진통.소염제","일반의약품","[M071015]이부프로펜리신",20210715,"","","Ibuprofen(이부프로펜)",20251010
"노인주의","단일",D000363,Ibuprofen,"이부프로펜","[M051259]이부프로펜","용액주사제",201706379,"아모부로펜주(이부프로펜)",20170731,"(주)휴온스","무색투명한 유리바이알에 들어있는 무색 또는 엷은 황색의 투명한 주사액",01140,"해열.진통.소염제","전문의약품","[M051259]이부프로펜",20210715,"","","Ibuprofen(이부프로펜)",20260210
"노인주의","단일",D000525,Loxoprofen,"록소프로펜","[M222839]록소프로펜나트륨수화물/[M222839]록소프로펜나트륨수화물/[M222839]록소프로펜나트륨수화물","지지체가있는첩부제",201706432,"록소크린플라스타(록소프로펜나트륨수화물)",20170803,"신신제약(주)","이 약은 연노랑의 점착성물질을 살구색의 린트포에 도포하여(바르고) 점착제면에 박리(벗겨짐)지를 덮은 첩부제이다.",02640,"진통.진양.수렴.소염제","일반의약품","[M222839]록소프로펜나트륨수화물/[M222839]록소프로펜나트륨수화물/[M222839]록소프로펜나트륨수화물",20210715,"","","Loxoprofen(록소프로펜)",20171011
"노인주의","단일",D000427,Meloxicam,"멜록시캄","[M086439]멜록시캄","경질캡슐제, 산제",201706872,"록캄캡슐(멜록시캄)",20170829,"(주)중헌제약","노란색 가루가 든 상.하부 담녹색의 경질캡슐",01140,"해열.진통.소염제","전문의약품","[M086439]멜록시캄",20210715,"","","Meloxicam(멜록시캄)",20240913
"노인주의","단일",D000427,Meloxicam,"멜록시캄","[M086439]멜록시캄","경질캡슐제, 산제",201707312,"아멜록스캡슐7.5밀리그램(멜록시캄)",20170929,"(주)인트로바이오파마","미황색분말이 충전된 상하부 담녹색의 경질캡슐제",01140,"해열.진통.소염제","전문의약품","[M086439]멜록시캄",20210715,"","","Meloxicam(멜록시캄)",20240913
"노인주의","단일",D000525,Loxoprofen,"록소프로펜","[M222839]록소프로펜나트륨수화물","나정",201707937,"프로록소정(록소프로펜나트륨수화물)",20171117,"(주)킴스제약","흰색의 원형 정제",01140,"해열.진통.소염제","전문의약품","[M222839]록소프로펜나트륨수화물",20210715,"","","Loxoprofen(록소프로펜)",20230430
"노인주의","단일",D000672,Ketoprofen,"케토프로펜","[M051464]케토프로펜/[M051464]케토프로펜/[M051464]케토프로펜/[M051464]케토프로펜","지지체가있는첩부제",201800707,"케로펜디플라스타(케토프로펜)",20180205,"(주)티디에스팜","무색 반투명의 점착성 물질을 지지체에 도포하고(바르고) 고체면에 박리지를 덮은 첩부제이다.",02640,"진통.진양.수렴.소염제","일반의약품","[M051464]케토프로펜/[M051464]케토프로펜/[M051464]케토프로펜/[M051464]케토프로펜",20210715,"","","Ketoprofen(케토프로펜)",20200813
"노인주의","단일",D000525,Loxoprofen,"록소프로펜","[M222839]록소프로펜나트륨수화물","나정",201800787,"로나펜정(록소프로펜나트륨수화물)",20180209,"(주)이든파마","흰색~미황색의 원형 정제",01140,"해열.진통.소염제","전문의약품","[M222839]록소프로펜나트륨수화물",20210715,"","","Loxoprofen(록소프로펜)",20230430
"노인주의","단일",D000525,Loxoprofen,"록소프로펜","[M222839]록소프로펜나트륨수화물","나정",201800791,"엘소펜정60밀리그램(록소프로펜나트륨수화물)",20180209,"코스맥스파마(주)","흰색의 원형 정제",01140,"해열.진통.소염제","전문의약품","[M222839]록소프로펜나트륨수화물",20210715,"","","Loxoprofen(록소프로펜)",20230430
"노인주의","단일",D000525,Loxoprofen,"록소프로펜","[M222839]록소프로펜나트륨수화물","나정",201801102,"젠스펜정(록소프로펜나트륨수화물)",20180309,"제일약품(주)","담홍색의 원형 정제",01140,"해열.진통.소염제","전문의약품","[M222839]록소프로펜나트륨수화물",20210715,"","","Loxoprofen(록소프로펜)",20230430
"노인주의","단일",D000705,Flurbiprofen,"플루르비프로펜","[M089049]플루르비프로펜","카타플라스마제",201801679,"제일빅파프카타플라스마(플루르비프로펜)",20180418,"제일헬스사이언스(주)","이 약은 특유한 향기를 가진 무색 또는 엷은 노란색의 투명한 점착성 물질을 지지체 위에 도포하고 부직점착테이프를 고정 시킨 후 피복체를 덮은 카타플라스마제이다.",02640,"진통.진양.수렴.소염제","일반의약품","[M089049]플루르비프로펜",20210715,"","","Flurbiprofen(플루르비프로펜)",20240215
"노인주의","단일",D000525,Loxoprofen,"록소프로펜","[M222839]록소프로펜나트륨수화물","나정",201802417,"록소포펜정(록소프로펜나트륨수화물)",20180611,"주식회사더유제약","담홍색의 원형 정제",01140,"해열.진통.소염제","전문의약품","[M222839]록소프로펜나트륨수화물",20210715,"","","Loxoprofen(록소프로펜)",20230430
"노인주의","단일",D000427,Meloxicam,"멜록시캄","[M086439]멜록시캄","경질캡슐제, 산제",201802418,"모비든캡슐(멜록시캄)",20180611,"(주)이든파마","황색 분말이 충전된 상,하부 담녹색의 경질 캡슐",01140,"해열.진통.소염제","전문의약품","[M086439]멜록시캄",20210715,"","","Meloxicam(멜록시캄)",20240913
"노인주의","단일",D000363,Ibuprofen,"이부프로펜","[M051259]이부프로펜","연질캡슐제, 액상",201802556,"엘씨펜연질캡슐400mg(이부프로펜)",20180619,"구주제약(주)","무색 또는 오렌지색의 내용물을 함유한 오렌지색의 투명한 달걀형 연질캡슐",01140,"해열.진통.소염제","일반의약품","[M051259]이부프로펜",20210715,"","","Ibuprofen(이부프로펜)",20251010
"노인주의","단일",D000705,Flurbiprofen,"플루르비프로펜","[M089049]플루르비프로펜","트로키제",201802617,"모가프텐트로키(플루르비프로펜)",20180622,"동화약품(주)","레몬향이 나는 연한 노랑색의 원형 트로키제",02310,"치과구강용약","일반의약품","[M089049]플루르비프로펜",20210715,"","","Flurbiprofen(플루르비프로펜)",20240522
"노인주의","단일",D000363,Ibuprofen,"이부프로펜","[M051259]이부프로펜","연질캡슐제, 액상",201802728,"알코펜연질캡슐(이부프로펜)",20180629,"알리코제약(주)","무색 투명한 액이 든 연한 청록색의 투명한 타원형 연질캡슐",01140,"해열.진통.소염제","일반의약품","[M051259]이부프로펜",20210715,"","","Ibuprofen(이부프로펜)",20251010
"노인주의","단일",D000705,Flurbiprofen,"플루르비프로펜","[M089049]플루르비프로펜","트로키제",201803063,"스로쿨트로키(레몬향)(플루르비프로펜)",20180724,"지엘파마(주)","레몬향이 나는 흰색 내지 미백색의 원형 트로키",02310,"치과구강용약","일반의약품","[M089049]플루르비프로펜",20210715,"","","Flurbiprofen(플루르비프로펜)",20240522
"노인주의","단일",D000363,Ibuprofen,"이부프로펜","[M051259]이부프로펜","연질캡슐제, 액상",201803371,"이브원큐연질캡슐(이부프로펜)",20180817,"동아제약(주)","무색 내지 엷은 청색의 액상 내용물이 든 청색의 투명한 타원형 연질캡슐",01140,"해열.진통.소염제","일반의약품","[M051259]이부프로펜",20210715,"","","Ibuprofen(이부프로펜)",20251010
"노인주의","단일",D000672,Ketoprofen,"케토프로펜","[M051464]케토프로펜","지지체가있는첩부제",201803486,"캐롤쿨링더블파워카타플라스마(케토프로펜)",20180828,"일동제약(주)","연한 분홍색 또는 분홍색의 점착성 고체를 부직포 위에 도포하고 뒷면에 밀착포를 부착한 특유한 향기를 가진 카타플라스마제",02640,"진통.진양.수렴.소염제","일반의약품","[M051464]케토프로펜",20210715,"","","Ketoprofen(케토프로펜)",20181016
"노인주의","단일",D000427,Meloxicam,"멜록시캄","[M086439]멜록시캄","경질캡슐제, 산제",201803847,"멜로캅캡슐7.5밀리그램(멜록시캄)",20180928,"일양바이오팜(주)","연한 노란색 가루가 든 상·하 연한 녹색의 경질캡슐제",01140,"해열.진통.소염제","전문의약품","[M086439]멜록시캄",20210715,"","","Meloxicam(멜록시캄)",20240913
"노인주의","단일",D000672,Ketoprofen,"케토프로펜","[M051464]케토프로펜","지지체가있는첩부제",201803902,"안티푸라민케토플라스타(케토프로펜)",20181004,"(주)유한양행","무색 반투명의 점착성 물질을 지지체에 도포(바르다)하고 고체면에 박리(벗겨내기)지를 덮은 첩부제",02640,"진통.진양.수렴.소염제","일반의약품","[M051464]케토프로펜",20210715,"","","Ketoprofen(케토프로펜)",20190826
"노인주의","단일",D000672,Ketoprofen,"케토프로펜","[M051464]케토프로펜","카타플라스마제",201804122,"안티푸라민케토카타플라스마(케토프로펜)",20181018,"(주)유한양행","무색 또는 담황색의 점착성의 고체를 부직포 위에 도포(바르다)하고 부직점착테이프를 고정시킨 후 박리(벗겨내기)지를 덮은 카타플라스마제",02640,"진통.진양.수렴.소염제","일반의약품","[M051464]케토프로펜",20210715,"","","Ketoprofen(케토프로펜)",20220331
"노인주의","단일",D000427,Meloxicam,"멜록시캄","[M086439]멜록시캄","경질캡슐제, 산제",201804310,"모스캄캡슐(멜록시캄)",20181031,"(주)오스코리아제약","미황색의 내용물이 충진 된 상,하부 담녹색의 경질캡슐제",01140,"해열.진통.소염제","전문의약품","[M086439]멜록시캄",20210715,"","","Meloxicam(멜록시캄)",20240913
"노인주의","단일",D000705,Flurbiprofen,"플루르비프로펜","[M089049]플루르비프로펜/[M089049]플루르비프로펜/[M089049]플루르비프로펜/[M089049]플루르비프로펜","지지체가있는첩부제",201804530,"캐롤프로더블파워플라스타(플루르비프로펜)",20181115,"(주)티디에스팜","N-type : 이 약은 무색투명한 점착성 물질을 지지체에 도포하고 고체면에 박리지를 덮은 첩부제이다.C-type, H-type, L-Type : 이 약은 무색투명한 점착성 물질을 지지체에 도포한 특유한 향기를 가진 첩부제이다.",02640,"진통.진양.수렴.소염제","일반의약품","[M089049]플루르비프로펜/[M089049]플루르비프로펜/[M089049]플루르비프로펜/[M089049]플루르비프로펜",20210715,"","","Flurbiprofen(플루르비프로펜)",20240215
"노인주의","단일",D000363,Ibuprofen,"이부프로펜","[M051259]이부프로펜","연질캡슐제, 액상",201804577,"펜프리연질캡슐(이부프로펜)",20181119,"(주)필인터내셔널","무색-연한 녹색의 투명한 액상의 내용물을 함유한 연청녹색의 타원형 연질캅셀제",01140,"해열.진통.소염제","일반의약품","[M051259]이부프로펜",20210715,"","","Ibuprofen(이부프로펜)",20251010
"노인주의","단일",D000525,Loxoprofen,"록소프로펜","[M222839]록소프로펜나트륨수화물","나정",201804583,"로로펜정60밀리그램(록소프로펜나트륨수화물)",20181119,"풍림무약(주)","흰색의 원형정제",01140,"해열.진통.소염제","전문의약품","[M222839]록소프로펜나트륨수화물",20210715,"","","Loxoprofen(록소프로펜)",20230430
"노인주의","단일",D000705,Flurbiprofen,"플루르비프로펜","[M089049]플루르비프로펜/[M089049]플루르비프로펜/[M089049]플루르비프로펜/[M089049]플루르비프로펜/[M089049]플루르비프로펜/[M089049]플루르비프로펜/[M089049]플루르비프로펜/[M089049]플루르비프로펜/[M089049]플루르비프로펜/[M089049]플루르비프로펜/[M089049]플루르비프로펜/[M089049]플루르비프로펜","지지체가있는첩부제",201900024,"제놀파워풀플라스타(플루르비프로펜)",20190103,"아이큐어(주)","이 약은 무색 투명 또는 반투명의 점착성 물질을 지지체에 도포하고 고체면에 고체피복물을 덮은 첩부제이다.",02640,"진통.진양.수렴.소염제","일반의약품","[M089049]플루르비프로펜/[M089049]플루르비프로펜/[M089049]플루르비프로펜/[M089049]플루르비프로펜/[M089049]플루르비프로펜/[M089049]플루르비프로펜/[M089049]플루르비프로펜/[M089049]플루르비프로펜/[M089049]플루르비프로펜/[M089049]플루르비프로펜/[M089049]플루르비프로펜/[M089049]플루르비프로펜",20210715,"","","Flurbiprofen(플루르비프로펜)",20240215
"노인주의","단일",D000705,Flurbiprofen,"플루르비프로펜","[M089049]플루르비프로펜","일반액상분무제",201900290,"목앤파워스프레이(플루르비프로펜)",20190121,"한미약품(주)","일정량씩 분무되는 플라스틱 용기에 든 투명한 액제",02310,"치과구강용약","일반의약품","[M089049]플루르비프로펜",20210715,"","","Flurbiprofen(플루르비프로펜)",20250207
"노인주의","단일",D000525,Loxoprofen,"록소프로펜","[M222839]록소프로펜나트륨수화물","나정",201900298,"록소쿨펜정(록소프로펜나트륨수화물)",20190122,"(주)시어스제약","흰색의 원형 정제",01140,"해열.진통.소염제","전문의약품","[M222839]록소프로펜나트륨수화물",20210715,"","","Loxoprofen(록소프로펜)",20230430
"노인주의","단일",D000525,Loxoprofen,"록소프로펜","[M222839]록소프로펜나트륨수화물","나정",201901014,"프로록소펜정(록소프로펜나트륨수화물)",20190219,"(주)보령바이오파마","담홍색의 원형 정제",01140,"해열.진통.소염제","전문의약품","[M222839]록소프로펜나트륨수화물",20210715,"","","Loxoprofen(록소프로펜)",20230430
"노인주의","단일",D000525,Loxoprofen,"록소프로펜","[M222839]록소프로펜나트륨수화물","나정",201901146,"라이트록소정(록소프로펜나트륨수화물)",20190225,"(주)라이트팜텍","흰색의 원형 정제",01140,"해열.진통.소염제","전문의약품","[M222839]록소프로펜나트륨수화물",20210715,"","","Loxoprofen(록소프로펜)",20230430
"노인주의","단일",D000525,Loxoprofen,"록소프로펜","[M222839]록소프로펜나트륨수화물","나정",201901234,"록소프펜정(록소프로펜나트륨수화물)",20190226,"(주)유앤생명과학","흰색의 원형정제",01140,"해열.진통.소염제","전문의약품","[M222839]록소프로펜나트륨수화물",20210715,"","","Loxoprofen(록소프로펜)",20230430
"노인주의","단일",D000525,Loxoprofen,"록소프로펜","[M222839]록소프로펜나트륨수화물","나정",201901961,"록펜스정(록소프로펜나트륨수화물)",20190330,"한국넬슨제약(주)","흰색∼미황색의 원형 정제",01140,"해열.진통.소염제","전문의약품","[M222839]록소프로펜나트륨수화물",20210715,"","","Loxoprofen(록소프로펜)",20230430
"노인주의","단일",D000525,Loxoprofen,"록소프로펜","[M222839]록소프로펜나트륨수화물","나정",201902262,"록소정(록소프로펜나트륨수화물)",20190412,"(주)중헌제약","백색의 원형정제",01140,"해열.진통.소염제","전문의약품","[M222839]록소프로펜나트륨수화물",20210715,"","","Loxoprofen(록소프로펜)",20230430
"노인주의","단일",D000525,Loxoprofen,"록소프로펜","[M222839]록소프로펜나트륨수화물","나정",201902374,"록소페닌정(록소프로펜나트륨수화물)",20190417,"지엘파마(주)","담홍색의 원형 정제",01140,"해열.진통.소염제","전문의약품","[M222839]록소프로펜나트륨수화물",20210715,"","","Loxoprofen(록소프로펜)",20230430
"노인주의","단일",D000525,Loxoprofen,"록소프로펜","[M222839]록소프로펜나트륨수화물","나정",201902547,"에스록펜정(록소프로펜나트륨수화물)",20190423,"(주)서울제약","흰색의 원형 정제",01140,"해열.진통.소염제","전문의약품","[M222839]록소프로펜나트륨수화물",20210715,"","","Loxoprofen(록소프로펜)",20230430
"노인주의","단일",D000705,Flurbiprofen,"플루르비프로펜","[M089049]플루르비프로펜/[M089049]플루르비프로펜/[M089049]플루르비프로펜/[M089049]플루르비프로펜/[M089049]플루르비프로펜","지지체가있는첩부제",201902832,"페노크린첩부제스트롱(플루르비프로펜)",20190502,"신신제약(주)","이 약은 유백색의 점착성물질을 연한 노란 분홍의 린트포에 도포하여 고체 면에 박리지를 덮은 첩부제이다.",02640,"진통.진양.수렴.소염제","일반의약품","[M089049]플루르비프로펜/[M089049]플루르비프로펜/[M089049]플루르비프로펜/[M089049]플루르비프로펜/[M089049]플루르비프로펜",20210715,"","","Flurbiprofen(플루르비프로펜)",20240215
"노인주의","단일",D000525,Loxoprofen,"록소프로펜","[M222839]록소프로펜나트륨수화물","나정",201903254,"메가록소펜정(록소프로펜나트륨수화물)",20190521,"(주)엘앤씨바이오","흰색의 원형 정제",01140,"해열.진통.소염제","전문의약품","[M222839]록소프로펜나트륨수화물",20210715,"","","Loxoprofen(록소프로펜)",20230430
"노인주의","단일",D000525,Loxoprofen,"록소프로펜","[M222839]록소프로펜나트륨수화물","나정",201903641,"일성록소프로펜나트륨수화물정60밀리그램",20190531,"일성아이에스(주)","흰색의 원형정제",01140,"해열.진통.소염제","전문의약품","[M222839]록소프로펜나트륨수화물",20210715,"","","Loxoprofen(록소프로펜)",20230430
"노인주의","단일",D000363,Ibuprofen,"이부프로펜","[M051259]이부프로펜","액상시럽제",201904193,"파인큐이부펜시럽(이부프로펜)",20190617,"대원바이오텍주식회사","알루미늄 호일 파우치에 든 레몬향이 나는 흰색 또는 연한 노란색의 현탁성 시럽제",01140,"해열.진통.소염제","일반의약품","[M051259]이부프로펜",20210715,"","","Ibuprofen(이부프로펜)",20251010
"노인주의","단일",D000525,Loxoprofen,"록소프로펜","[M222839]록소프로펜나트륨수화물","나정",201904648,"현대록소프로펜나트륨수화물정",20190710,"현대약품(주)","담홍색의 원형정제",01140,"해열.진통.소염제","전문의약품","[M222839]록소프로펜나트륨수화물",20210715,"","","Loxoprofen(록소프로펜)",20230430
"노인주의","단일",D000363,Ibuprofen,"이부프로펜","[M051259]이부프로펜","용액주사제",201904810,"이부펜주(이부프로펜)",20190718,"(주)휴메딕스","무색투명한 유리바이알에 들어있는 무색 또는 옅은 황색의 투명한 주사액",01140,"해열.진통.소염제","전문의약품","[M051259]이부프로펜",20210715,"","","Ibuprofen(이부프로펜)",20260210
"노인주의","단일",D000525,Loxoprofen,"록소프로펜","[M222839]록소프로펜나트륨수화물","나정",201905300,"록소핀정(록소프로펜나트륨)",20190725,"(주)한풍제약","흰색의 원형정제",01140,"해열.진통.소염제","전문의약품","[M222839]록소프로펜나트륨수화물",20210715,"","","Loxoprofen(록소프로펜)",20230430
"노인주의","단일",D000363,Ibuprofen,"이부프로펜","[M051259]이부프로펜","연질캡슐제, 액상",201906059,"팜페인이부연질캡슐(이부프로펜)",20190826,"이연제약(주)","무색의 투명한 액이 든 무색의 투명한 타원형 연질캡슐",01140,"해열.진통.소염제","일반의약품","[M051259]이부프로펜",20210715,"","","Ibuprofen(이부프로펜)",20251010
"노인주의","단일",D000525,Loxoprofen,"록소프로펜","[M222839]록소프로펜나트륨수화물","나정",201906222,"록소나린정(록소프로펜나트륨)",20190902,"독립바이오제약(주)","흰색의 원형 정제",01140,"해열.진통.소염제","전문의약품","[M222839]록소프로펜나트륨수화물",20210715,"","","Loxoprofen(록소프로펜)",20230430
"노인주의","단일",D000525,Loxoprofen,"록소프로펜","[M085577]록소프로펜나트륨","나정",201906349,"록소프로정(록소프로펜나트륨수화물)",20190906,"주식회사케이에스제약","흰색의 원형정제",01140,"해열.진통.소염제","전문의약품","[M085577]록소프로펜나트륨",20210715,"","","Loxoprofen(록소프로펜)",20230430
"노인주의","단일",D000525,Loxoprofen,"록소프로펜","[M222839]록소프로펜나트륨수화물","나정",201906576,"아록핀정60밀리그램(록소프로펜나트륨수화물)",20190919,"(주)아리제약","담홍색의 원형 정제",01140,"해열.진통.소염제","전문의약품","[M222839]록소프로펜나트륨수화물",20210715,"","","Loxoprofen(록소프로펜)",20230430
"노인주의","단일",D000525,Loxoprofen,"록소프로펜","[M222839]록소프로펜나트륨수화물","나정",201906583,"록소프론정60밀리그램(록소프로펜나트륨수화물)",20190920,"(주)셀비온","흰색의 원형정제",01140,"해열.진통.소염제","전문의약품","[M222839]록소프로펜나트륨수화물",20210715,"","","Loxoprofen(록소프로펜)",20230430
"노인주의","단일",D000363,Ibuprofen,"이부프로펜","[M051259]이부프로펜","연질캡슐제, 액상",201907485,"큐센400이부프로펜연질캡슐",20191028,"삼성제약(주)","무색 내지 연한 오렌지색의 내용물을 함유한 오렌지색의 투명한 달걀형 연질캡슐",01140,"해열.진통.소염제","일반의약품","[M051259]이부프로펜",20210715,"","","Ibuprofen(이부프로펜)",20251010
"노인주의","단일",D001289,Ketorolac,"케토롤락","[M222885]케토롤락트로메타민염","용액주사제",201907574,"유니온케토롤락주(케토롤락트로메타민염)",20191030,"한국유니온제약(주)","연한 노란색의 투명한 액체가 든 갈색앰플 주사제",01140,"해열.진통.소염제","전문의약품","[M222885]케토롤락트로메타민염",20210715,"","","Ketorolac(케토롤락)",20240522
"노인주의","단일",D000705,Flurbiprofen,"플루르비프로펜","[M089049]플루르비프로펜/[M089049]플루르비프로펜","트로키제",202000214,"리놀에스트로키(플루르비프로펜)",20200114,"경남제약(주)","리놀에스트로키(레몬맛) : 백색 내지 미백색의 구멍이 뚫린 원형 트로기제리놀에스트로키(허니&자몽맛) : 엷은 황적색의 구멍이 뚫린 원형 트로키제",02310,"치과구강용약","일반의약품","[M089049]플루르비프로펜/[M089049]플루르비프로펜",20210715,"","","Flurbiprofen(플루르비프로펜)",20240522
"노인주의","단일",D000525,Loxoprofen,"록소프로펜","[M085577]록소프로펜나트륨","나정",202000394,"록소큐정(록소프로펜나트륨)",20200123,"주식회사큐엘파마","백색의 원형 정제",01140,"해열.진통.소염제","전문의약품","[M085577]록소프로펜나트륨",20210715,"","","Loxoprofen(록소프로펜)",20230430
"노인주의","단일",D000363,Ibuprofen,"이부프로펜","[M051259]이부프로펜","연질캡슐제, 액상",202000773,"미가펜후레쉬연질캡슐(이부프로펜)",20200210,"(주)팜젠사이언스","무색 내지 연한 청록색의 액이 든 연한 청록색의 투명한 연질캡슐",01140,"해열.진통.소염제","일반의약품","[M051259]이부프로펜",20210715,"","","Ibuprofen(이부프로펜)",20251010
"노인주의","단일",D000525,Loxoprofen,"록소프로펜","[M222839]록소프로펜나트륨수화물/[M222839]록소프로펜나트륨수화물/[M222839]록소프로펜나트륨수화물/[M222839]록소프로펜나트륨수화물","지지체가있는첩부제",201907376,"록펜텍플라스타(록소프로펜나트륨수화물)",20191021,"(주)티디에스팜","제1형) 무색의 점착성 물질을 지지체에 도포하고 고체면에 고체피복물을 덮은 첩부제제2형) 무색의 특이한 향이 있는 점착성 물질을 지지체에 도포하고 고체면에 고체피복물을 덮은 첩부제제3형), 제4형) 검정색의 특이한 향이 있는 점착성 물질을 지지체에 도포하고 고체면에 고체피복물을 덮은 첩부제",02640,"진통.진양.수렴.소염제","일반의약품","[M222839]록소프로펜나트륨수화물/[M222839]록소프로펜나트륨수화물/[M222839]록소프로펜나트륨수화물/[M222839]록소프로펜나트륨수화물",20210715,"","","Loxoprofen(록소프로펜)",20200922
"노인주의","단일",D000705,Flurbiprofen,"플루르비프로펜","[M089049]플루르비프로펜","지지체가있는첩부제",202001573,"제놀푸로탑플라스타(플루르비프로펜)",20200306,"(주)녹십자","투명 또는 미황색의 점착성 물질을 살구색 린트포상에 도포하여 점착면에 피복체를 덮은 첩부제이다.",02640,"진통.진양.수렴.소염제","일반의약품","[M089049]플루르비프로펜",20210715,"","","Flurbiprofen(플루르비프로펜)",20240215
"노인주의","단일",D000525,Loxoprofen,"록소프로펜","[M222839]록소프로펜나트륨수화물","나정",202002132,"로포닌정(록소프로펜나트륨수화물)",20200327,"엔비케이제약(주)","흰색의 원형정제",01140,"해열.진통.소염제","전문의약품","[M222839]록소프로펜나트륨수화물",20210715,"","","Loxoprofen(록소프로펜)",20230430
"노인주의","단일",D000525,Loxoprofen,"록소프로펜","[M222839]록소프로펜나트륨수화물","나정",202002380,"록소원정(록소프로펜나트륨)",20200406,"대원바이오텍주식회사","흰색의 원형정제",01140,"해열.진통.소염제","전문의약품","[M222839]록소프로펜나트륨수화물",20210715,"","","Loxoprofen(록소프로펜)",20230430
"노인주의","단일",D000705,Flurbiprofen,"플루르비프로펜","[M089049]플루르비프로펜","트로키제",202002568,"요모겐트로키(플루르비프로펜)",20200410,"대원제약(주)","백색 내지 미백색의 구멍이 뚫린 원형 트로키제",02310,"치과구강용약","일반의약품","[M089049]플루르비프로펜",20210715,"","","Flurbiprofen(플루르비프로펜)",20240522
"노인주의","단일",D000363,Ibuprofen,"이부프로펜","[M051259]이부프로펜","액상시럽제",202003414,"타타날시럽(이부프로펜)(수출용)",20200512,"안국약품(주)","오렌지향이 나는 백색~미황색의 시럽제",01140,"해열.진통.소염제","일반의약품","[M051259]이부프로펜",20210715,"","","Ibuprofen(이부프로펜)",20240715
"노인주의","단일",D000363,Ibuprofen,"이부프로펜","[M051259]이부프로펜","연질캡슐제, 액상",202003662,"이브원큐에스연질캡슐(이부프로펜)",20200520,"동아제약(주)","투명한 무색 내지 연한 파란색의 액이 든 연한 파란색의 장방형 연질캡슐",01140,"해열.진통.소염제","일반의약품","[M051259]이부프로펜",20210715,"","","Ibuprofen(이부프로펜)",20251010
"노인주의","단일",D000363,Ibuprofen,"이부프로펜","[M051259]이부프로펜","연질캡슐제, 액상",202004710,"에스빌이부연질캡슐200밀리그램(이부프로펜)",20200629,"(주)킵스바이오파마","무색 투명한 액이 든 연한 청록색의 투명한 타원형 연질캡슐",01140,"해열.진통.소염제","일반의약품","[M051259]이부프로펜",20210715,"","","Ibuprofen(이부프로펜)",20251010
"노인주의","단일",D000363,Ibuprofen,"이부프로펜","[M051259]이부프로펜","연질캡슐제, 액상",202005496,"루피엔연질캡슐(이부프로펜)",20200729,"(주)바스칸바이오제약","무색 내지 연한 청록색의 액이 든 연한 청록색의 투명한 연질캡슐",01140,"해열.진통.소염제","일반의약품","[M051259]이부프로펜",20210715,"","","Ibuprofen(이부프로펜)",20251010
"노인주의","단일",D000363,Ibuprofen,"이부프로펜","[M051259]이부프로펜","",202006761,"이부스타플라스타(이부프로펜)",20201006,"신신제약(주)","이 약은 연한 노란색의 점착성물질을 연한 노란 분홍의 린트포에 도포하여 점착제면에 박리지를 덮은 첩부제이다.",02640,"진통.진양.수렴.소염제","일반의약품","[M051259]이부프로펜",20210715,"","","Ibuprofen(이부프로펜)",20240715
"노인주의","단일",D000705,Flurbiprofen,"플루르비프로펜","[M089049]플루르비프로펜/[M089049]플루르비프로펜","지지체가있는첩부제",202102673,"디펜파워투어펜플라스타(플루르비프로펜)",20210326,"신일제약(주)","이 약은 무색 내지 미황색의 점착성 물질을 지지체에 도포하고 고체면에 박리성필름을 덮은 첩부제이다.",02640,"진통.진양.수렴.소염제","일반의약품","[M089049]플루르비프로펜/[M089049]플루르비프로펜",20210715,"","","Flurbiprofen(플루르비프로펜)",20240215
"노인주의","단일",D000363,Ibuprofen,"이부프로펜","[M051259]이부프로펜/[M051259]이부프로펜","지지체가있는첩부제",202104481,"이프로탑플라스타(이부프로펜)",20210609,"대화제약(주)","무색 또는 엷은 노란색의 점착성물질을 린트포에 도포하여 점착면에 피복체를 덮은 첩부제",02640,"진통.진양.수렴.소염제","일반의약품","[M051259]이부프로펜/[M051259]이부프로펜",20210715,"","","Ibuprofen(이부프로펜)",20240715
"노인주의","단일",D000525,Loxoprofen,"록소프로펜","[M222839]록소프로펜나트륨수화물","나정",202106813,"와이투록소정60밀리그램(록소프로펜나트륨)",20211007,"성이바이오제약주식회사","백색의 원형 정제",01140,"해열.진통.소염제","전문의약품","[M222839]록소프로펜나트륨수화물",20210715,"","","Loxoprofen(록소프로펜)",20230430
"노인주의","단일",D000363,Ibuprofen,"이부프로펜","[M051259]이부프로펜","지지체가있는첩부제",202201233,"트라스트이부플라스타(이부프로펜)",20220329,"에스케이케미칼(주)","이 약은 연한 노란색의 점착성물질을 연한 노란 분홍의 린트포에 도포하여 점착제면에 박리지를 덮은 첩부제이다.",02640,"진통.진양.수렴.소염제","일반의약품","[M051259]이부프로펜",20210715,"","","Ibuprofen(이부프로펜)",20240715
"노인주의","단일",D000363,Ibuprofen,"이부프로펜","[M051259]이부프로펜","용액주사제",202201485,"이브포프리믹스주(이부프로펜)",20220407,"주식회사제뉴원사이언스","무색 또는 밝은 노란색의 액이 무색투명한 플라스틱 용기에 충전된 주사제",01140,"해열.진통.소염제","전문의약품","[M051259]이부프로펜",20210715,"","","Ibuprofen(이부프로펜)",20260210
"노인주의","단일",D000363,Ibuprofen,"이부프로펜","[M051259]이부프로펜","용액주사제",202201730,"프리브로펜주(이부프로펜)",20220428,"제이더블유생명과학(주)","투명한 무색 내지 미황색의 액을 폴리프로필렌, 다층필름플라스틱 용기에 충전한 주사제",01140,"해열.진통.소염제","전문의약품","[M051259]이부프로펜",20210715,"","","Ibuprofen(이부프로펜)",20260210
"노인주의","단일",D000363,Ibuprofen,"이부프로펜","[M051259]이부프로펜","용액주사제",202201731,"이부피펜프리믹스주(이부프로펜)",20220428,"제이더블유신약(주)","투명한 무색 내지 미황색의 액을 폴리프로필렌, 다층필름플라스틱 용기에 충전한 주사제",01140,"해열.진통.소염제","전문의약품","[M051259]이부프로펜",20210715,"","","Ibuprofen(이부프로펜)",20260210
"노인주의","단일",D000363,Ibuprofen,"이부프로펜","[M051259]이부프로펜","용액주사제",202201732,"아모부로펜프리믹스주(이부프로펜)",20220428,"(주)휴온스","투명한 무색 내지 미황색의 액을 폴리프로필렌, 다층필름플라스틱 용기에 충전한 주사제",01140,"해열.진통.소염제","전문의약품","[M051259]이부프로펜",20210715,"","","Ibuprofen(이부프로펜)",20260210
"노인주의","단일",D000363,Ibuprofen,"이부프로펜","[M051259]이부프로펜","용액주사제",202202311,"알리펜프리믹스주(이부프로펜)",20220602,"대우제약(주)","무색 또는 밝은 노란색의 액이 무색투명한 플라스틱 용기에 충전된 주사제",01140,"해열.진통.소염제","전문의약품","[M051259]이부프로펜",20210715,"","","Ibuprofen(이부프로펜)",20260210
"노인주의","단일",D000363,Ibuprofen,"이부프로펜","[M051259]이부프로펜","용액주사제",202202347,"이부케이주(이부프로펜)",20220607,"광동제약(주)","무색 또는 밝은 노란색의 액이 무색투명한 플라스틱 용기에 충전된 주사제",01140,"해열.진통.소염제","전문의약품","[M051259]이부프로펜",20210715,"","","Ibuprofen(이부프로펜)",20260210
"노인주의","단일",D000363,Ibuprofen,"이부프로펜","[M051259]이부프로펜","용액주사제",202202348,"삼성이부프로펜프리믹스주",20220607,"삼성제약(주)","무색 또는 밝은 노란색의 액이 무색투명한 플라스틱 용기에 충전된 주사제",01140,"해열.진통.소염제","전문의약품","[M051259]이부프로펜",20210715,"","","Ibuprofen(이부프로펜)",20260210
"노인주의","단일",D000363,Ibuprofen,"이부프로펜","[M051259]이부프로펜","용액주사제",202202363,"원부펜프리믹스주(이부프로펜)",20220607,"하나제약(주)","무색 또는 밝은 노란색의 액이 무색투명한 플라스틱 용기에 충전된 주사제",01140,"해열.진통.소염제","전문의약품","[M051259]이부프로펜",20210715,"","","Ibuprofen(이부프로펜)",20260210
"노인주의","단일",D000363,Ibuprofen,"이부프로펜","[M051259]이부프로펜","용액주사제",202202367,"글로펜주(이부프로펜)",20220607,"(주)킵스바이오파마","무색 또는 밝은 노란색의 액이 무색투명한 플라스틱 용기에 충전된 주사제",01140,"해열.진통.소염제","전문의약품","[M051259]이부프로펜",20210715,"","","Ibuprofen(이부프로펜)",20260210
"노인주의","단일",D000363,Ibuprofen,"이부프로펜","[M051259]이부프로펜","수액제",202202410,"부펜솔주(이부프로펜)",20220610,"영진약품(주)","무색 또는 밝은 노란색의 액이 무색투명한 플라스틱 용기에 충전된 주사제",01140,"해열.진통.소염제","전문의약품","[M051259]이부프로펜",20210715,"","","Ibuprofen(이부프로펜)",20260210
"노인주의","단일",D000363,Ibuprofen,"이부프로펜","[M051259]이부프로펜","용액주사제",202202473,"이부텍프리믹스주(이부프로펜)",20220613,"(주)휴온스메디텍","무색 또는 밝은 노란색의 액이 무색투명한 플라스틱 용기에 충전된 주사제",01140,"해열.진통.소염제","전문의약품","[M051259]이부프로펜",20210715,"","","Ibuprofen(이부프로펜)",20260210
"노인주의","단일",D000363,Ibuprofen,"이부프로펜","[M051259]이부프로펜","카타플라스마제",202203274,"맨담이부쿨플라스타(이부프로펜)",20220812,"(주)보령","이 약은 연한 노란색의 점착성물질을 연한 노란 분홍의 린트포에 도포하여 점착제면에 박리지를 덮은 첩부제이다.",02640,"진통.진양.수렴.소염제","일반의약품","[M051259]이부프로펜",20210715,"","","Ibuprofen(이부프로펜)",20240715
"노인주의","단일",D000363,Ibuprofen,"이부프로펜","[M051259]이부프로펜","연질캡슐제, 액상",202203304,"이부콜벤연질캡슐400밀리그램(이부프로펜)",20220817,"명문제약(주)","무색 내지 연한 청록색의 액이 든 연한 청록색의 투명한 연질캡슐",01140,"해열.진통.소염제","일반의약품","[M051259]이부프로펜",20210715,"","","Ibuprofen(이부프로펜)",20251010
"노인주의","단일",D000363,Ibuprofen,"이부프로펜","[M051259]이부프로펜","필름코팅정",202204696,"이부콜벤정200밀리그램(이부프로펜)",20221229,"명문제약(주)","흰색의 장방형 필름코팅 정제",01140,"해열.진통.소염제","일반의약품","[M051259]이부프로펜",20210715,"","","Ibuprofen(이부프로펜)",20251010
"노인주의","단일",D000363,Ibuprofen,"이부프로펜","[M051259]이부프로펜","액상시럽제",202300213,"이큐펜키즈아이시럽(이부프로펜)",20230111,"진양제약(주)","흰색 내지 연한 노란색의 감귤향 액이 알루미늄 호일 파우치에 든 현탁성 시럽제",01140,"해열.진통.소염제","일반의약품","[M051259]이부프로펜",20210715,"","","Ibuprofen(이부프로펜)",20251010
"노인주의","단일",D000363,Ibuprofen,"이부프로펜","[M051259]이부프로펜","연질캡슐제, 액상",202300232,"페인에리퀴드연질캡슐(이부프로펜)",20230112,"경방신약(주)","무색 내지 엷은 청색의 액상 내용물이 든 청색의 투명한 타원형 연질캡슐",01140,"해열.진통.소염제","일반의약품","[M051259]이부프로펜",20210715,"","","Ibuprofen(이부프로펜)",20251010
"노인주의","단일",D000363,Ibuprofen,"이부프로펜","[M051259]이부프로펜","용액주사제",202300770,"동광이부프로펜주",20230307,"동광제약(주)","무색 또는 엷은 황색의 투명한 액이 무색투명한 유리바이알에 들어있는 주사제",01140,"해열.진통.소염제","전문의약품","[M051259]이부프로펜",20210715,"","","Ibuprofen(이부프로펜)",20260210
"노인주의","단일",D000363,Ibuprofen,"이부프로펜","[M051259]이부프로펜","연질캡슐제, 액상",202300940,"스트롱샷연질캡슐(이부프로펜)",20230316,"경방신약(주)","무색 내지 엷은 청색의 액상 내용물이 든 청색의 투명한 타원형 연질캡슐",01140,"해열.진통.소염제","일반의약품","[M051259]이부프로펜",20210715,"","","Ibuprofen(이부프로펜)",20251010
"노인주의","단일",D000363,Ibuprofen,"이부프로펜","[M051259]이부프로펜","연질캡슐제, 액상",202301519,"타세놀이부연질캡슐400밀리그램(이부프로펜)",20230511,"부광약품(주)","무색 내지 엷은 청색의 액상 내용물이 든 청색의 투명한 타원형 연질캡슐",01140,"해열.진통.소염제","일반의약품","[M051259]이부프로펜",20210715,"","","Ibuprofen(이부프로펜)",20251010
"노인주의","단일",D000363,Ibuprofen,"이부프로펜","[M051259]이부프로펜","연질캡슐제, 액상",202302051,"건일이부프로펜연질캡슐400밀리그램",20230704,"건일제약(주)","무색 내지 엷은 청색의 액상 내용물이 든 청색의 투명한 타원형 연질캡슐",01140,"해열.진통.소염제","일반의약품","[M051259]이부프로펜",20210715,"","","Ibuprofen(이부프로펜)",20251010
"노인주의","단일",D000363,Ibuprofen,"이부프로펜","[M051259]이부프로펜","지지체가없는첩부제",202302745,"이부팝플라스타(이부프로펜)",20230913,"(주)씨엠지제약","이 약은 연한 노란색의 점착성물질을 연한 노란 분홍의 린트포에 도포하여 점착제면에 박리지를 덮은 첩부제이다.",01140,"해열.진통.소염제","일반의약품","[M051259]이부프로펜",20210715,"","","Ibuprofen(이부프로펜)",20240715
"노인주의","단일",D000363,Ibuprofen,"이부프로펜","[M051259]이부프로펜","연질캡슐제, 액상",202400356,"필이부프로펜연질캡슐400밀리그램",20240219,"(주)필인터내셔널","연한 파란색의 투명한 액이 든 어두운 파란색의 장방형 연질캡슐",01140,"해열.진통.소염제","일반의약품","[M051259]이부프로펜",20210715,"","","Ibuprofen(이부프로펜)",20251010
"노인주의","단일",D000363,Ibuprofen,"이부프로펜","[M051259]이부프로펜","연질캡슐제, 액상",202400730,"이브400원큐에스연질캡슐(이부프로펜)",20240402,"동아제약(주)","무색 내지 엷은 청색의 액상 내용물이 든 청색의 투명한 타원형 연질캡슐",01140,"해열.진통.소염제","일반의약품","[M051259]이부프로펜",20210715,"","","Ibuprofen(이부프로펜)",20251010
"노인주의","단일",D000363,Ibuprofen,"이부프로펜","[M051259]이부프로펜","연질캡슐제, 액상",202401305,"이부센연질캡슐(이부프로펜)",20240528,"(주)씨엠지제약","무색 내지 엷은 청색의 액상 내용물이 든 청색의 투명한 타원형 연질캡슐",01140,"해열.진통.소염제","일반의약품","[M051259]이부프로펜",20210715,"","","Ibuprofen(이부프로펜)",20251010
"노인주의","단일",D000363,Ibuprofen,"이부프로펜","[M051259]이부프로펜","연질캡슐제, 액상",202401488,"마이펜이부400연질캡슐(이부프로펜)",20240620,"코오롱제약(주)","무색 내지 엷은 청색의 액상 내용물이 든 청색의 투명한 타원형 연질캡슐",01140,"해열.진통.소염제","일반의약품","[M051259]이부프로펜",20210715,"","","Ibuprofen(이부프로펜)",20251010
"노인주의","단일",D000363,Ibuprofen,"이부프로펜","[M051259]이부프로펜","필름코팅정",202401945,"원광이부프로펜정400밀리그램(이부프로펜)",20240813,"원광제약(주)","주황색의 장방형 필름코팅정",01140,"해열.진통.소염제","일반의약품","[M051259]이부프로펜",20210715,"","","Ibuprofen(이부프로펜)",20251010
"노인주의","단일",D000363,Ibuprofen,"이부프로펜","[M051259]이부프로펜","액상시럽제",202402790,"콜록키즈이부펜시럽(이부프로펜)",20241126,"(주)녹십자","흰색 내지 연한 노란색의 감귤향 액이 알루미늄 호일 파우치에 든 현탁성 시럽제",01140,"해열.진통.소염제","일반의약품","[M051259]이부프로펜",20210715,"","","Ibuprofen(이부프로펜)",20251010
"노인주의","단일",D000363,Ibuprofen,"이부프로펜","[M051259]이부프로펜","용액주사제",202500806,"제이더블유이부프로펜프리믹스주",20250407,"제이더블유중외제약(주)","투명한 무색 내지 미황색의 액을 폴리프로필렌, 다층필름플라스틱 용기에 충전한 주사제",01140,"해열.진통.소염제","전문의약품","[M051259]이부프로펜",20210715,"","","Ibuprofen(이부프로펜)",20260210
"노인주의","단일",D000705,Flurbiprofen,"플루르비프로펜","[M089049]플루르비프로펜/[M089049]플루르비프로펜/[M089049]플루르비프로펜","지지체가있는첩부제",202400324,"안티푸라민40플라스타(플루르비프로펜)",20240214,"(주)유한양행","이 약은 무색 투명 또는 반투명의 점착성 물질을 지지체에 도포(바르다)하고 고체면에 고체피복물을 덮은 첩부제이다.",02640,"진통.진양.수렴.소염제","일반의약품","[M089049]플루르비프로펜/[M089049]플루르비프로펜/[M089049]플루르비프로펜",20210715,"","","Flurbiprofen(플루르비프로펜)",""
"노인주의","단일",D000705,Flurbiprofen,"플루르비프로펜","[M089049]플루르비프로펜","지지체가있는첩부제",202401286,"게보핏맥스플라스타(플루르비프로펜)",20240524,"삼진제약(주)","이 약은 무색 투명 또는 반투명의 점착성 물질을 지지체에 도포하고 고체면에 고체피복물을 덮은 첩부제이다.",02640,"진통.진양.수렴.소염제","일반의약품","[M089049]플루르비프로펜",20210715,"","","Flurbiprofen(플루르비프로펜)",""
"노인주의","단일",D000705,Flurbiprofen,"플루르비프로펜","[M089049]플루르비프로펜","지지체가있는첩부제",202401344,"케토톱액티브플라스타(플루르비프로펜)",20240530,"(주)한독","무색 투명의 점착성 물질을 살구색 린트포에 도포하여 고체면에 박리지를 덮은 모서리가 둥근 사각형의 첩부제",02640,"진통.진양.수렴.소염제","일반의약품","[M089049]플루르비프로펜",20210715,"","","Flurbiprofen(플루르비프로펜)",""
"노인주의","단일",D000705,Flurbiprofen,"플루르비프로펜","[M089049]플루르비프로펜","지지체가있는첩부제",202500784,"파워스탑플라스타40밀리그램(플루르비프로펜)",20250403,"경남제약(주)","무색투명한 점착성 물질을 살구색 린트포에 도포하여 고체면에 피복체를 덮은 첩부제",02640,"진통.진양.수렴.소염제","일반의약품","[M089049]플루르비프로펜",20210715,"","","Flurbiprofen(플루르비프로펜)",""
"노인주의","단일",D000705,Flurbiprofen,"플루르비프로펜","[M089049]플루르비프로펜","지지체가있는첩부제",202500910,"조인업더블플라스타(플루르비프로펜)",20250415,"일양약품(주)","무색투명한 점착성 물질을 살구색 린트포에 도포하여 고체면에 피복체를 덮은 첩부제",02640,"진통.진양.수렴.소염제","일반의약품","[M089049]플루르비프로펜",20210715,"","","Flurbiprofen(플루르비프로펜)",""
"노인주의","단일",D000705,Flurbiprofen,"플루르비프로펜","[M089049]플루르비프로펜","지지체가있는첩부제",202502277,"트라스트루비플라스타(플루르비프로펜)",20250829,"에스케이케미칼(주)","무색투명한 점착성 물질을 살구색 린트포에 도포하여 고체면에 피복체를 덮은 첩부제",02640,"진통.진양.수렴.소염제","일반의약품","[M089049]플루르비프로펜",20210715,"","","Flurbiprofen(플루르비프로펜)",""
"노인주의","단일",D000705,Flurbiprofen,"플루르비프로펜","[M089049]플루르비프로펜","지지체가있는첩부제",202601738,"제일파프탑플러스플라스타(플루르비프로펜)",20260619,"제일헬스사이언스(주)","이 약은 무색 투명 또는 반투명의 점착성 물질을 지지체에 도포하고(바르고) 고체면에 박리지를 덮은 첩부제이다",02640,"진통.진양.수렴.소염제","일반의약품","[M089049]플루르비프로펜",20210715,"","","Flurbiprofen(플루르비프로펜)",""
"노인주의","단일",D000363,Ibuprofen,"이부프로펜","[M051259]이부프로펜","용액주사제",201505085,"대한이부프로펜주사(이부프로펜)(수출용)",20150727,"대한약품공업(주)","무색 내지 미황색 액이 무색투명한 유리앰플에 든 주사제",02190,"기타의 순환계용약","전문의약품","[M051259]이부프로펜",20210715,"","","Ibuprofen(이부프로펜)",""
"노인주의","단일",D000705,Flurbiprofen,"플루르비프로펜","[M089049]플루르비프로펜/[M089049]플루르비프로펜/[M089049]플루르비프로펜/[M089049]플루르비프로펜/[M089049]플루르비프로펜/[M089049]플루르비프로펜","지지체가있는첩부제",202401906,"플루콕스펜플라스타(플루르비프로펜)",20240806,"주식회사 제이비케이랩","이 약은 무색 투명 또는 반투명의 점착성 물질을 지지체에 도포하고 고체면에 고체피복물을 덮은 첩부제이다.",02640,"진통.진양.수렴.소염제","일반의약품","[M089049]플루르비프로펜/[M089049]플루르비프로펜/[M089049]플루르비프로펜/[M089049]플루르비프로펜/[M089049]플루르비프로펜/[M089049]플루르비프로펜",20210715,"","","Flurbiprofen(플루르비프로펜)",""
"노인주의","단일",D000363,Ibuprofen,"이부프로펜","[M051259]이부프로펜","지지체가있는첩부제",202401447,"안티푸라민빅파워플라스타(이부프로펜)",20240614,"(주)유한양행","이 약은 연한 노란색의 점착성물질을 연한 노란 분홍의 린트포에 도포하여 점착제면에 박리지를 덮은 첩부제이다.",02640,"진통.진양.수렴.소염제","일반의약품","[M051259]이부프로펜",20210715,"","","Ibuprofen(이부프로펜)",""
"노인주의","단일",D000363,Ibuprofen,"이부프로펜","[M051259]이부프로펜","연질캡슐제, 액상",202502566,"확센이부연질캡슐(이부프로펜)",20250929,"오스틴제약(주)","무색 내지 엷은 청색의 액상 내용물이 든 청색의 투명한 타원형 연질캡슐",01140,"해열.진통.소염제","일반의약품","[M051259]이부프로펜",20210715,"","","Ibuprofen(이부프로펜)",""
"노인주의","단일",D000363,Ibuprofen,"이부프로펜","[M051259]이부프로펜","수액제",202601080,"이부페인프리믹스주(이부프로펜)",20260414,"(주)한국팜비오","투명한 무색 내지 미황색의 액이 든 무색투명한 수액용 플라스틱 용기에 든 주사제",01140,"해열.진통.소염제","전문의약품","[M051259]이부프로펜",20210715,"","","Ibuprofen(이부프로펜)",""
"노인주의","단일",D000672,Ketoprofen,"케토프로펜","[M051464]케토프로펜","카타플라스마제",201706431,"제일케토파워카타플라스마(케토프로펜)",20170803,"제일헬스사이언스(주)","연한 분홍색 또는 분홍색의 점착성 고체를 부직포 위에 도포하고 뒷면에 밀착포를 부착한 특유한 향기를 가진 카타플라스마제",02640,"진통.진양.수렴.소염제","일반의약품","[M051464]케토프로펜",20210715,"","","Ketoprofen(케토프로펜)",""
"노인주의","단일",D000672,Ketoprofen,"케토프로펜","[M051464]케토프로펜/[M051464]케토프로펜/[M051464]케토프로펜","지지체가있는첩부제",201802978,"사라펜플라스타(케토프로펜)",20180717,"동국제약(주)","무색 투명 또는 반투명의 점착성 물질을 연주황색 부직포에 도포하여 고체면에 고체피복물을 덮은 첩부제이다. 19.0cm×11.8cm : 무색 투명 또는 반투명의 점착성 물질을 연주황색 부직포에 도포하고 고체면에 고체피복물을 덮은 중앙이 빈 다이아몬드 모양의 첩부제이다.",02640,"진통.진양.수렴.소염제","일반의약품","[M051464]케토프로펜/[M051464]케토프로펜/[M051464]케토프로펜",20210715,"","","Ketoprofen(케토프로펜)",""
"노인주의","단일",D000672,Ketoprofen,"케토프로펜","[M051464]케토프로펜","지지체가있는첩부제",201804892,"파워스탑스키니플라스타(케토프로펜)",20181203,"경남제약(주)","무색 투명 또는 반투명의 점착성 물질을 연주황색 부직포에 도포하여 고체면에 박리지를 덮은 첩부제이다.",02640,"진통.진양.수렴.소염제","일반의약품","[M051464]케토프로펜",20210715,"","","Ketoprofen(케토프로펜)",""
"노인주의","단일",D000672,Ketoprofen,"케토프로펜","[M051464]케토프로펜","피부용겔제",202000009,"케프겔(케토프로펜)",20200102,"(주)시어스제약","무색투명한 겔제",02640,"진통.진양.수렴.소염제","일반의약품","[M051464]케토프로펜",20210715,"","","Ketoprofen(케토프로펜)",""
"노인주의","단일",D000672,Ketoprofen,"케토프로펜","[M051464]케토프로펜/[M051464]케토프로펜","카타플라스마제",202001662,"아이파프케어팝카타플라스마(케토프로펜)",20200311,"아이큐어(주)","제1형: 이 약은 흰색 점착성의 고체를 부직포 위에 도포한 특유한 향기를 가진 카타플라스마제제2형: 이 약은 흰색 점착성의 고체를 부직포 위에 도포하고 뒷면에 밀착포를 고정시킨 특유한 향기를 가진 카타플라스마제",02640,"진통.진양.수렴.소염제","일반의약품","[M051464]케토프로펜/[M051464]케토프로펜",20210715,"","","Ketoprofen(케토프로펜)",""
"노인주의","단일",D000672,Ketoprofen,"케토프로펜","[M051464]케토프로펜/[M051464]케토프로펜/[M051464]케토프로펜/[M051464]케토프로펜/[M051464]케토프로펜/[M051464]케토프로펜","지지체가있는첩부제",202002866,"트라스트핑거플라스타(케토프로펜)",20200422,"에스케이케미칼(주)","이 약은 무색 반투명의 점착성 물질을 지지체에 도포하고 고체면에 고체피복물을 덮은 첩부제이다.",02640,"진통.진양.수렴.소염제","일반의약품","[M051464]케토프로펜/[M051464]케토프로펜/[M051464]케토프로펜/[M051464]케토프로펜/[M051464]케토프로펜/[M051464]케토프로펜",20210715,"","","Ketoprofen(케토프로펜)",""
"노인주의","단일",D000672,Ketoprofen,"케토프로펜","[M051464]케토프로펜","카타플라스마제",202004950,"케프로텍카타플라스마(케토프로펜)",20200709,"현대약품(주)","연한 분홍색 또는 분홍색의 점착성 고체를 부직포 위에 도포하고 뒷면에 밀착포를 부착한 특유한 향기를 가진 카타플라스마제",02640,"진통.진양.수렴.소염제","일반의약품","[M051464]케토프로펜",20210715,"","","Ketoprofen(케토프로펜)",""
"노인주의","단일",D000672,Ketoprofen,"케토프로펜","[M051464]케토프로펜","피부용겔제",202107009,"플라톱겔(케토프로펜)",20211019,"(주)경보제약","무색투명한 겔제",02640,"진통.진양.수렴.소염제","일반의약품","[M051464]케토프로펜",20210715,"","","Ketoprofen(케토프로펜)",""
"노인주의","단일",D000672,Ketoprofen,"케토프로펜","[M051464]케토프로펜","피부용겔제",202400086,"케펨겔(케토프로펜)",20240111,"(주)종근당","무색 투명 겔제",02640,"진통.진양.수렴.소염제","일반의약품","[M051464]케토프로펜",20210715,"","","Ketoprofen(케토프로펜)",""
"노인주의","단일",D001289,Ketorolac,"케토롤락","[M084703]케토롤락트로메타민","필름코팅정",201102310,"케롤민정20밀리그람(케토롤락트로메타민)(수출용)",20110415,"한국코러스(주)","흰색의 원형필름코팅정제",01140,"해열.진통.소염제","전문의약품","[M084703]케토롤락트로메타민",20210715,"","","Ketorolac(케토롤락)",""
"노인주의","단일",D001289,Ketorolac,"케토롤락","[M084703]케토롤락트로메타민","용액주사제",201201370,"케롤민주(케토롤락트로메타민)(수출용)",20120305,"한국코러스(주)","엷은 황색의 투명 액체가 든 갈색 앰플 주사",01140,"해열.진통.소염제","전문의약품","[M084703]케토롤락트로메타민",20210715,"","","Ketorolac(케토롤락)",""
"노인주의","단일",D000525,Loxoprofen,"록소프로펜","[M222839]록소프로펜나트륨수화물","카타플라스마제",201801608,"휴펜텍카타플라스마(록소프로펜나트륨수화물)",20180413,"(주)시어스제약","분홍색 및 연한 분홍색의 점착성 고체를 부직포 위에 도포하고 뒷면에 밀착포를 부착한 특유한 향기를 가진 카타플라스마제",02640,"진통.진양.수렴.소염제","일반의약품","[M222839]록소프로펜나트륨수화물",20210715,"","","Loxoprofen(록소프로펜)",""
"노인주의","단일",D000525,Loxoprofen,"록소프로펜","[M222839]록소프로펜나트륨수화물","카타플라스마제",201804285,"맨담록소펜카타플라스마(록소프로펜나트륨수화물)",20181030,"(주)보령","분홍색 및 연한 분홍색의 점착성 고체를 부직포 위에 도포하고 뒷면에 밀착포를 부착한 특유한 향기를 가진 카타플라스마제",02640,"진통.진양.수렴.소염제","일반의약품","[M222839]록소프로펜나트륨수화물",20210715,"","","Loxoprofen(록소프로펜)",""
"노인주의","단일",D000525,Loxoprofen,"록소프로펜","[M222839]록소프로펜나트륨수화물","피부용겔제",202001082,"록소앤겔(록소프로펜나트륨수화물)",20200217,"동성제약(주)","무색 내지 미황색의 멘톨향이 있는 반투명한 겔",02640,"진통.진양.수렴.소염제","일반의약품","[M222839]록소프로펜나트륨수화물",20210715,"","","Loxoprofen(록소프로펜)",""
"노인주의","단일",D000525,Loxoprofen,"록소프로펜","[M222839]록소프로펜나트륨수화물/[M222839]록소프로펜나트륨수화물/[M222839]록소프로펜나트륨수화물","지지체가있는첩부제",202400645,"록소프린플라스타(록소프로펜나트륨수화물)",20240325,"(주)넥스팜코리아","이 약은 연노랑의 점착성물질을 살구색의 린트포에 도포하여(바르고) 점착제면에 박리(벗겨짐)지를 덮은 첩부제이다.",02640,"진통.진양.수렴.소염제","일반의약품","[M222839]록소프로펜나트륨수화물/[M222839]록소프로펜나트륨수화물/[M222839]록소프로펜나트륨수화물",20210715,"","","Loxoprofen(록소프로펜)",""
"노인주의","단일",D000525,Loxoprofen,"록소프로펜","[M222839]록소프로펜나트륨수화물","나정",202400749,"록소록스정(록소프로펜나트륨수화물)(수출용)",20240403,"한국프라임제약(주)","흰색의 원형 정제",01140,"해열.진통.소염제","전문의약품","[M222839]록소프로펜나트륨수화물",20210715,"","","Loxoprofen(록소프로펜)",""
"노인주의","단일",D000525,Loxoprofen,"록소프로펜","[M222839]록소프로펜나트륨수화물","지지체가있는첩부제",202401099,"맨담록소탑플라스타(록소프로펜나트륨수화물)",20240507,"(주)보령","이 약은 연노랑의 점착성물질을 살구색의 린트포에 도포하여(바르고) 점착제면에 박리(벗겨짐)지를 덮은 첩부제이다.",02640,"진통.진양.수렴.소염제","일반의약품","[M222839]록소프로펜나트륨수화물",20210715,"","","Loxoprofen(록소프로펜)",""
"노인주의","단일",D000525,Loxoprofen,"록소프로펜","[M222839]록소프로펜나트륨수화물","피부용겔제",202402194,"제놀록소파워겔(록소프로펜나트륨수화물)",20240909,"(주)녹십자","무색 내지 미황색의 멘톨향이 있는 반투명한 겔",02640,"진통.진양.수렴.소염제","일반의약품","[M222839]록소프로펜나트륨수화물",20210715,"","","Loxoprofen(록소프로펜)",""
"노인주의","단일",D000525,Loxoprofen,"록소프로펜","[M222839]록소프로펜나트륨수화물","지지체가있는첩부제",202402921,"록소팝플라스타(록소프로펜나트륨수화물)",20241211,"(주)씨엠지제약","이 약은 연노랑의 점착성물질을 살구색의 린트포에 도포하여(바르고) 점착제면에 박리(벗겨짐)지를 덮은 첩부제이다.",02640,"진통.진양.수렴.소염제","일반의약품","[M222839]록소프로펜나트륨수화물",20210715,"","","Loxoprofen(록소프로펜)",""
"노인주의","단일",D000230,"Mefenamic acid","메페남산","[M100591]메페남산","경질캡슐제, 산제",201908188,"폰스텔캡슐(메페남산)(수출용)(수출명:PONSTEL Capsules)",20191202,"신풍제약(주)","흰색~회백색의 분말이 든 상부 연한 파란색, 하부 연한 노란색의 경질캡슐제",01140,"해열.진통.소염제","전문의약품","[M100591]메페남산",20210715,"","","Mefenamic acid(메페남산)",""
"노인주의","단일",D000982,Naproxen,"나프록센","[M050116]나프록센","나정",197500016,"낙센정(나프록센)",19750429,"(주)종근당","미황색(연노랑의) 장방형 정제",01140,"해열.진통.소염제","일반의약품","[M050116]나프록센",20210715,"","","Naproxen(나프록센)",20241212
"노인주의","단일",D000644,Sulindac,"설린닥","[M050765]설린닥","필름코팅정",197900123,"크리돌정100밀리그람(설린닥)",19790810,"건일제약(주)","진한 황색의 육각형 필름 코팅정",01140,"해열.진통.소염제","전문의약품","[M050765]설린닥",20210715,"","","Sulindac(설린닥)",20200301
"노인주의","단일",D000982,Naproxen,"나프록센","[M070724]나프록센나트륨","필름코팅정",198300064,"아나프록스정(나프록센나트륨)",19830607,"(주)종근당","청색의 타원형 필름코팅정제",01140,"해열.진통.소염제","일반의약품","[M070724]나프록센나트륨",20210715,"","","Naproxen(나프록센)",20241212
"노인주의","단일",D000983,Piroxicam,"피록시캄","[M071634]피록시캄","경질캡슐제, 산제",198400022,"로시덴캡슐20밀리그램(피록시캄)(수출용)",19840921,"신풍제약(주)","백색-미황색의 내용물이 든 상하 적갈색의 캅셀제이다.",01140,"해열.진통.소염제","전문의약품","[M071634]피록시캄",20210715,"","","Piroxicam(피록시캄)",20170214
"노인주의","단일",D000280,Talniflumate,"탈니플루메이트","[M081412]탈니플루메이트","필름코팅정",198500515,"소말겐정(탈니플루메이트)",19850319,"알보젠코리아(주)","황색의 필름 코팅된 원형정제.",01140,"해열.진통.소염제","전문의약품","[M081412]탈니플루메이트",20210715,"","","Talniflumate(탈니플루메이트)",20180609
"노인주의","단일",D000983,Piroxicam,"피록시캄","[M071634]피록시캄","경질캡슐제, 산제",198601260,"네로이판캅셀(피록시캄)(수출용)",19860929,"(주)바스칸바이오제약","백색의 분말이 들어있는 상부 담청색불투명, 하부 백색불투명 경질캅셀",01140,"해열.진통.소염제","전문의약품","[M071634]피록시캄",20210715,"","","Piroxicam(피록시캄)",20190904
"노인주의","단일",D000983,Piroxicam,"피록시캄","[M071634]피록시캄","나정",198700667,"필로젠정(피록시캄)",19870713,"(주)제뉴파마","연청색의 원형정제",01140,"해열.진통.소염제","전문의약품","[M071634]피록시캄",20210715,"","","Piroxicam(피록시캄)",20240522
"노인주의","단일",D000982,Naproxen,"나프록센","[M070724]나프록센나트륨","필름코팅정",198700731,"아낙스정(나프록센나트륨)",19871231,"환인제약(주)","청색의 장방형 필름코팅정제",01140,"해열.진통.소염제","일반의약품","[M070724]나프록센나트륨",20210715,"","","Naproxen(나프록센)",20241212
"노인주의","단일",D000983,Piroxicam,"피록시캄","[M071634]피록시캄/[M071634]피록시캄","피부용겔제",198800043,"로시덴겔(피록시캄)",19880527,"신풍제약(주)","내수용: 연노랑색의 투명한 겔제수출용: 투명한 노란색의 겔제",02640,"진통.진양.수렴.소염제","일반의약품","[M071634]피록시캄/[M071634]피록시캄",20210715,"","","Piroxicam(피록시캄)",20130712
"노인주의","단일",D000280,Talniflumate,"탈니플루메이트","[M081412]탈니플루메이트","필름코팅정",198800619,"앤세이드정(탈니플루메이트)",19880603,"동성제약(주)","황색의 필름 코팅된 원형정제",01140,"해열.진통.소염제","전문의약품","[M081412]탈니플루메이트",20210715,"","","Talniflumate(탈니플루메이트)",20151112
"노인주의","단일",D000982,Naproxen,"나프록센","[M070724]나프록센나트륨","필름코팅정",198802481,"알삭센정(나프록센나트륨)",19881022,"지엘파마(주)","연한 파란색의 장방형 필름코팅정제",01140,"해열.진통.소염제","일반의약품","[M070724]나프록센나트륨",20210715,"","","Naproxen(나프록센)",20241212
"노인주의","단일",D000983,Piroxicam,"피록시캄","[M071634]피록시캄","용액주사제",198900082,"로시덴주(피록시캄)(수출용)",19890123,"신풍제약(주)","앰플 : 엷은 노란색 액이 갈색 앰플에 든 주사제",01140,"해열.진통.소염제","전문의약품","[M071634]피록시캄",20210715,"","","Piroxicam(피록시캄)",20240522
"노인주의","단일",D000083,Nimesulide,"니메술리드","[M082649]니메술리드","나정",198900263,"메수리드정(니메술리드)",19890918,"제이더블유중외제약(주)","미황색을 띤 원형의 정제",01140,"해열.진통.소염제","전문의약품","[M082649]니메술리드",20210715,"","","Nimesulide(니메술리드)",20230905
"노인주의","단일",D000982,Naproxen,"나프록센","[M070724]나프록센나트륨","필름코팅정",198900920,"폭센정275밀리그램(나프록센나트륨)",19890926,"명인제약(주)","청색의 장방형 필름코팅정제",01140,"해열.진통.소염제","일반의약품","[M070724]나프록센나트륨",20210715,"","","Naproxen(나프록센)",20241212
"노인주의","단일",D000982,Naproxen,"나프록센","[M070724]나프록센나트륨","필름코팅정",198901589,"자이날정(나프록센나트륨)",19890605,"고려제약(주)","청색의 타원형 필름코팅정제",01140,"해열.진통.소염제","일반의약품","[M070724]나프록센나트륨",20210715,"","","Naproxen(나프록센)",20241212
"노인주의","단일",D000983,Piroxicam,"피록시캄","[M071634]피록시캄","경질캡슐제, 과립제",198902261,"지엘피록시캄캡슐20밀리그램",19890616,"지엘파마(주)","백색내지 미황색의 내용물이든 상하 백색의 경질캅셀제",01140,"해열.진통.소염제","전문의약품","[M071634]피록시캄",20210715,"","","Piroxicam(피록시캄)",20240522
"노인주의","단일",D000982,Naproxen,"나프록센","[M070724]나프록센나트륨","필름코팅정",199000568,"프로트린정(나프록센나트륨)",19900801,"코오롱제약(주)","연한 파란색의 타원형 필름코팅정",01140,"해열.진통.소염제","일반의약품","[M070724]나프록센나트륨",20210715,"","","Naproxen(나프록센)",20241212
"노인주의","단일",D000983,Piroxicam,"피록시캄","[M071634]피록시캄","용액주사제",199002080,"휴온스피록시캄근육주사(수출명:CAMADOLinj.,CAMROX20mgInj.)",19900507,"(주)휴온스","내수용갈색앰플내에 연황색의 액체가 들어 있는 주사제수출용연황색의 액체가 든 무색 투명한 앰플 주사제",01140,"해열.진통.소염제","전문의약품","[M071634]피록시캄",20210715,"","","Piroxicam(피록시캄)",20240522
"노인주의","단일",D000211,Proglumetacin,"프로글루메타신","[M256432]프로글루메타신말레산염","필름코팅정",199100461,"한올아푸록산정300밀리그램(프로글루메타신말레산염)",19910329,"한올바이오파마(주)","흰색의 타원형필름코팅정제",01140,"해열.진통.소염제","전문의약품","[M256432]프로글루메타신말레산염",20210715,"","","Proglumetacin(프로글루메타신)",20200718
"노인주의","단일",D000982,Naproxen,"나프록센","[M070724]나프록센나트륨","필름코팅정",199102384,"세록센정(나프록센나트륨)",19910612,"영풍제약(주)","흰색의 장방형 필름코팅정",01140,"해열.진통.소염제","일반의약품","[M070724]나프록센나트륨",20210715,"","","Naproxen(나프록센)",20241212
"노인주의","단일",D000081,Nabumetone,"나부메톤","[M084590]나부메톤","필름코팅정",199200248,"유니메톤정(나부메톤)",19920317,"동광제약(주)","황색 원형의 필름코팅정제",01140,"해열.진통.소염제","전문의약품","[M084590]나부메톤",20210715,"","","Nabumetone(나부메톤)",20200903
"노인주의","단일",D000983,Piroxicam,"피록시캄","[M256428]피록시캄-베타사이클로덱스트린","나정",199200633,"코오롱브렉신정10밀리그램(피록시캄베타사이클로덱스트린)",19920122,"코오롱제약(주)","황색내지 레몬빛 황색의 육각형 정제이다.",01140,"해열.진통.소염제","전문의약품","[M256428]피록시캄-베타사이클로덱스트린",20210715,"","","Piroxicam(피록시캄)",20240522
"노인주의","단일",D000983,Piroxicam,"피록시캄","[M071634]피록시캄","용액주사제",199200650,"제일제약피록시캄주사액(수출용)",19920108,"(주)제일제약","갈색앰플내에 엷은황갈색-엷은황색의맑은액이든주사제",01140,"해열.진통.소염제","전문의약품","[M071634]피록시캄",20210715,"","","Piroxicam(피록시캄)",20200121
"노인주의","단일",D000081,Nabumetone,"나부메톤","[M084590]나부메톤","필름코팅정",199200885,"한독렐라펜정(나부메톤)",19921013,"(주)한독","카라멜향을 가진 암적색의 장방형 제피정.",01140,"해열.진통.소염제","전문의약품","[M084590]나부메톤",20210715,"","","Nabumetone(나부메톤)",20191231
"노인주의","단일",D000081,Nabumetone,"나부메톤","[M084590]나부메톤","필름코팅정",199202530,"프로닥정(나부메톤)",19920317,"초당약품공업(주)","백색 내지 황백색의 원형필름코팅정제이다.",01140,"해열.진통.소염제","전문의약품","[M084590]나부메톤",20210715,"","","Nabumetone(나부메톤)",20120128
"노인주의","단일",D000982,Naproxen,"나프록센","[M050116]나프록센","나정",199300208,"낙센에프정(나프록센)",19930726,"(주)종근당","미황색의 타원형 정제",01140,"해열.진통.소염제","전문의약품","[M050116]나프록센",20210715,"","","Naproxen(나프록센)",20241212
"노인주의","단일",D000983,Piroxicam,"피록시캄","[M071634]피록시캄","경질캡슐제, 산제",199301970,"대화피록시캄캡슐20밀리그람(수출용)(수출명:PIC-20CAP.)",19930222,"대화제약(주)","흰색 또는 연한 노란색의 분말이 충진된 상부 연청색, 하부 흰색의 경질캡슐제",01140,"해열.진통.소염제","전문의약품","[M071634]피록시캄",20210715,"","","Piroxicam(피록시캄)",20200818
"노인주의","단일",D000983,Piroxicam,"피록시캄","[M071634]피록시캄","용액주사제",199302453,"위더스피록시캄주사액",19930607,"위더스제약(주)","갈색앰플내에 연황색의 액체가 들어 있는 주사제",01140,"해열.진통.소염제","전문의약품","[M071634]피록시캄",20210715,"","","Piroxicam(피록시캄)",20240522
"노인주의","단일",D000280,Talniflumate,"탈니플루메이트","[M081412]탈니플루메이트","필름코팅정",199400570,"탈멘정(탈니플루메이트)",19941007,"대우제약(주)","황색의 필름 코팅된 원형정제",01140,"해열.진통.소염제","전문의약품","[M081412]탈니플루메이트",20210715,"","","Talniflumate(탈니플루메이트)",20151112
"노인주의","단일",D000081,Nabumetone,"나부메톤","[M084590]나부메톤","필름코팅정",199400696,"나부톤정500mg(나부메톤)(수출명: 큐레페인정)",19940926,"동성제약(주)","황색의 장방형 필름코팅정제",01140,"해열.진통.소염제","전문의약품","[M084590]나부메톤",20210715,"","","Nabumetone(나부메톤)",20200616
"노인주의","단일",D000280,Talniflumate,"탈니플루메이트","[M081412]탈니플루메이트","필름코팅정",199400837,"탈루메트정(탈니플루메이트)",19941014,"태극제약(주)","주황색의 원형 필름코팅정제",01140,"해열.진통.소염제","전문의약품","[M081412]탈니플루메이트",20210715,"","","Talniflumate(탈니플루메이트)",20181205
"노인주의","단일",D000280,Talniflumate,"탈니플루메이트","[M081412]탈니플루메이트","필름코팅정",199401132,"크리마인정(탈니플루메이트)",19941005,"삼진제약(주)","주황색 원형 필름코팅정제",01140,"해열.진통.소염제","전문의약품","[M081412]탈니플루메이트",20210715,"","","Talniflumate(탈니플루메이트)",20180609
"노인주의","단일",D000982,Naproxen,"나프록센","[M070724]나프록센나트륨/[M070724]나프록센나트륨","필름코팅정",199401158,"소렌정(나프록센나트륨)(수출용)",19941212,"대원제약(주)","백색의 타원형 필름코팅정제(수출용 : 청색의 타원형 필름코팅정제)",01140,"해열.진통.소염제","일반의약품","[M070724]나프록센나트륨/[M070724]나프록센나트륨",20210715,"","","Naproxen(나프록센)",20241212
"노인주의","단일",D000982,Naproxen,"나프록센","[M070724]나프록센나트륨","필름코팅정",199401319,"나로펜정(나프록센나트륨)",19950104,"오스틴제약(주)","청색의 장방형 필름코팅정",01140,"해열.진통.소염제","일반의약품","[M070724]나프록센나트륨",20210715,"","","Naproxen(나프록센)",20241212
"노인주의","단일",D000983,Piroxicam,"피록시캄","[M071634]피록시캄","나정",199401413,"대화피록시캄정(확산형)(수출용)",19940916,"대화제약(주)","백색의 원형정제",01140,"해열.진통.소염제","전문의약품","[M071634]피록시캄",20210715,"","","Piroxicam(피록시캄)",20200818
"노인주의","단일",D000983,Piroxicam,"피록시캄","[M071634]피록시캄/[M071634]피록시캄","서방성경피흡수제",199401576,"트라스트패취(피록시캄)(수출명:미포톱)",19941001,"에스케이케미칼(주)","내수용: 갈색의 사각형점착성 폴리우레탄필름에 무색 투명한 사각형 폴리에스터 필름이 부착된 패취제수출용: 갈색의 타원형점착성 폴리우레탄필름에 무색 투명한 사각형 폴리에스터 필름이 부착된 패취제",02640,"진통.진양.수렴.소염제","일반의약품","[M071634]피록시캄/[M071634]피록시캄",20210715,"","","Piroxicam(피록시캄)",20181029
"노인주의","단일",D000280,Talniflumate,"탈니플루메이트","[M081412]탈니플루메이트","필름코팅정",199401625,"후루겐정(탈니플루메이트)",19941220,"하나제약(주)","진한 오렌지색의 원형 필름코팅 정제",01140,"해열.진통.소염제","전문의약품","[M081412]탈니플루메이트",20210715,"","","Talniflumate(탈니플루메이트)",20180609
"노인주의","단일",D000280,Talniflumate,"탈니플루메이트","[M081412]탈니플루메이트","필름코팅정",199401949,"후루마정(탈니플루메이트)",19940929,"명문제약(주)","미황색의 원형 필름코팅정",01140,"해열.진통.소염제","전문의약품","[M081412]탈니플루메이트",20210715,"","","Talniflumate(탈니플루메이트)",20151112
"노인주의","단일",D000280,Talniflumate,"탈니플루메이트","[M081412]탈니플루메이트/[M081412]탈니플루메이트","필름코팅정",199401998,"타프로스정(탈니플루메이트)",19940916,"(주)유영제약","백색의 원형 필름코팅정제",01140,"해열.진통.소염제","전문의약품","[M081412]탈니플루메이트/[M081412]탈니플루메이트",20210715,"","","Talniflumate(탈니플루메이트)",20151112
"노인주의","단일",D000983,Piroxicam,"피록시캄","[M071634]피록시캄","경질캡슐제, 산제",199402646,"헬렌캡슐(피록시캄)(수출용)",19941207,"대한뉴팜(주)","백색의 분말이 든 상, 하 의 백색 경질캅셀제",01140,"해열.진통.소염제","전문의약품","[M071634]피록시캄",20210715,"","","Piroxicam(피록시캄)",20200903
"노인주의","단일",D000982,Naproxen,"나프록센","[M070724]나프록센나트륨","필름코팅정",199403378,"에이프로젠나프록센나트륨정",19940128,"(주)에이프로젠바이오로직스","연한 파란색의 타원형 필름코팅정",01140,"해열.진통.소염제","일반의약품","[M070724]나프록센나트륨",20210715,"","","Naproxen(나프록센)",20241212
"노인주의","단일",D000280,Talniflumate,"탈니플루메이트","[M081412]탈니플루메이트","필름코팅정",199500549,"탈로신정(탈니플루메이트)",19950107,"아주약품(주)","황색의 필름 코팅된 원형정제",01140,"해열.진통.소염제","전문의약품","[M081412]탈니플루메이트",20210715,"","","Talniflumate(탈니플루메이트)",20151112
"노인주의","단일",D000280,Talniflumate,"탈니플루메이트","[M081412]탈니플루메이트","필름코팅정",199500646,"메이트정(탈니플루메이트)",19951121,"알리코제약(주)","주황색의 원형 필름코팅정",01140,"해열.진통.소염제","전문의약품","[M081412]탈니플루메이트",20210715,"","","Talniflumate(탈니플루메이트)",20191001
"노인주의","단일",D000983,Piroxicam,"피록시캄","[M071634]피록시캄","나정",199500845,"필로젠정10밀리그람(피록시캄)",19951115,"(주)제뉴파마","미황색의 원형 정제.",01140,"해열.진통.소염제","전문의약품","[M071634]피록시캄",20210715,"","","Piroxicam(피록시캄)",20240522
"노인주의","단일",D000983,Piroxicam,"피록시캄","[M071634]피록시캄","용액주사제",199501546,"대화피록시캄주(피록시캄)(수출용)(수출명:PIC-20INJ.)",19950615,"대화제약(주)","미황색의 액체가 충진된 갈색앰플 주사제",01140,"해열.진통.소염제","전문의약품","[M071634]피록시캄",20210715,"","","Piroxicam(피록시캄)",20240522
"노인주의","단일",D000280,Talniflumate,"탈니플루메이트","[M081412]탈니플루메이트","필름코팅정",199501941,"신일탈니플루메이트정",19950819,"신일제약(주)","미황색의 원형 필름코팅정제",01140,"해열.진통.소염제","전문의약품","[M081412]탈니플루메이트",20210715,"","","Talniflumate(탈니플루메이트)",20151112
"노인주의","단일",D000280,Talniflumate,"탈니플루메이트","[M081412]탈니플루메이트","필름코팅정",199502847,"타니메이트정(탈니플루메이트)(수출명:TamateTab, Tanipain Tab.)(수출용)",19951012,"한국코러스(주)","미황색의 원형필름코팅정제",01140,"해열.진통.소염제","전문의약품","[M081412]탈니플루메이트",20210715,"","","Talniflumate(탈니플루메이트)",20151112
"노인주의","단일",D000083,Nimesulide,"니메술리드","[M082649]니메술리드/[M082649]니메술리드","나정",199502848,"코러스니메술리드정(수출명:Pacisulide Tab, Nimed Tab.)",19951222,"한국코러스(주)","미황색의 원형 정제",01140,"해열.진통.소염제","전문의약품","[M082649]니메술리드/[M082649]니메술리드",20210715,"","","Nimesulide(니메술리드)",20230905
"노인주의","단일",D000280,Talniflumate,"탈니플루메이트","[M081412]탈니플루메이트","필름코팅정",199600038,"스토펜정(탈니플루메이트)",19960205,"신풍제약(주)","황색의 원형 필름코팅정",01140,"해열.진통.소염제","전문의약품","[M081412]탈니플루메이트",20210715,"","","Talniflumate(탈니플루메이트)",20151112
"노인주의","단일",D000081,Nabumetone,"나부메톤","[M084590]나부메톤","필름코팅정",199601176,"낙톤정(나부메톤)(수출용)",19960702,"진양제약(주)","흰색 장방형 필름코팅정",01140,"해열.진통.소염제","전문의약품","[M084590]나부메톤",20210715,"","","Nabumetone(나부메톤)",20200311
"노인주의","단일",D000280,Talniflumate,"탈니플루메이트","[M081412]탈니플루메이트","필름코팅정",199601437,"프루틴정(탈니플루메이트)",19960402,"(주)한국파마","황색의 장방형 필름코팅정",01140,"해열.진통.소염제","전문의약품","[M081412]탈니플루메이트",20210715,"","","Talniflumate(탈니플루메이트)",20151112
"노인주의","단일",D000280,Talniflumate,"탈니플루메이트","[M081412]탈니플루메이트","필름코팅정",199602149,"솔라메트정(탈니플루메이트)",19960229,"미래바이오제약(주)","주황색의 원형 필림코팅정",01140,"해열.진통.소염제","전문의약품","[M081412]탈니플루메이트",20210715,"","","Talniflumate(탈니플루메이트)",20190315
"노인주의","단일",D000083,Nimesulide,"니메술리드","[M082649]니메술리드","나정",199603356,"니막스정(니메슬리드)(수출용)",19961014,"대한뉴팜(주)","황갈색의 원형정제",01140,"해열.진통.소염제","전문의약품","[M082649]니메술리드",20210715,"","","Nimesulide(니메술리드)",20230905
"노인주의","단일",D000982,Naproxen,"나프록센","[M050116]나프록센","서방정",199700166,"낙센에프서방정1000밀리그램(나프록센)",19971226,"(주)종근당","이 약은 엷은 분홍색의 장방형 정제이다.",01140,"해열.진통.소염제","전문의약품","[M050116]나프록센",20210715,"","","Naproxen(나프록센)",20241212
"노인주의","단일",D000369,Zotepine,"죠테핀","[M086840]죠테핀","당의정",199701063,"로도핀정25mg(죠테핀)",19970926,"영진약품(주)","이 약은 연보라색의 당의정이다.",01170,"정신신경용제","전문의약품","[M086840]죠테핀",20220527,"","","Zotepine(죠테핀)",20190703
"노인주의","단일",D000369,Zotepine,"죠테핀","[M086840]죠테핀","당의정",199701064,"로도핀정50mg(죠테핀)",19970926,"영진약품(주)","이 약은 연보라색의 당의정이다.",01170,"정신신경용제","전문의약품","[M086840]죠테핀",20220527,"","","Zotepine(죠테핀)",20190703
"노인주의","단일",D000369,Zotepine,"죠테핀","[M086840]죠테핀","당의정",199701065,"로도핀정100mg(죠테핀)",19970926,"영진약품(주)","이 약은 연보라색의 당의정이다.",01170,"정신신경용제","전문의약품","[M086840]죠테핀",20220527,"","","Zotepine(죠테핀)",20190703
"노인주의","단일",D000766,Zaltoprofen,"잘토프로펜","[M086829]잘토프로펜","필름코팅정",199701525,"솔레톤정(잘토프로펜)",19970520,"에이치케이이노엔(주)","흰색의 필름코팅정",01140,"해열.진통.소염제","전문의약품","[M086829]잘토프로펜",20210715,"","","Zaltoprofen(잘토프로펜)",20240522
"노인주의","단일",D000280,Talniflumate,"탈니플루메이트","[M081412]탈니플루메이트","필름코팅정",199702839,"하원탈니플루메이트정",19970203,"(주)하원제약","주황색의 원형 필름코팅정",01140,"해열.진통.소염제","전문의약품","[M081412]탈니플루메이트",20210715,"","","Talniflumate(탈니플루메이트)",20160323
"노인주의","단일",D000983,Piroxicam,"피록시캄","[M071634]피록시캄","필름코팅정",199703363,"코러스피록시캄정20밀리그람(수출용)",19970521,"한국코러스(주)","백색의 코팅 정제이다",01140,"해열.진통.소염제","전문의약품","[M071634]피록시캄",20210715,"","","Piroxicam(피록시캄)",20191127
"노인주의","단일",D000983,Piroxicam,"피록시캄","[M071634]피록시캄","경질캡슐제, 산제",199703364,"코러스피록시캄캡슐20밀리그람(수출용)",19970521,"한국코러스(주)","백색의 분말이 든 상부적색, 하부적색의 경질캅셀이다.",01140,"해열.진통.소염제","전문의약품","[M071634]피록시캄",20210715,"","","Piroxicam(피록시캄)",20191127
"노인주의","단일",D000728,Sulpiride,"설피리드","[M050794]설피리드","나정",199801193,"설피딘정200밀리그램(설피리드)",19980922,"명인제약(주)","연한 분홍색의 원형 정제",01170,"정신신경용제","전문의약품","[M050794]설피리드",20220527,"","","Sulpiride(설피리드)",20190703
"노인주의","단일",D000983,Piroxicam,"피록시캄","[M071634]피록시캄","피부용겔제",199802190,"트라스트겔(피록시캄)",19980422,"에스케이케미칼(주)","연황색의 전질균등한 유동성의 겔제",02640,"진통.진양.수렴.소염제","일반의약품","[M071634]피록시캄",20210715,"","","Piroxicam(피록시캄)",20110620
"노인주의","단일",D000982,Naproxen,"나프록센","[M070724]나프록센나트륨","필름코팅정",199802387,"나프롱정(나프록센나트륨)",19981102,"신일제약(주)","연한 파란색의 장방형 필름코팅정제",01140,"해열.진통.소염제","일반의약품","[M070724]나프록센나트륨",20210715,"","","Naproxen(나프록센)",20241212
"노인주의","단일",D000982,Naproxen,"나프록센","[M070724]나프록센나트륨","필름코팅정",199802621,"프리나정(나프록센나트륨)",19980304,"(주)씨엠지제약","연한 파란색의 타원형 필름코팅정",01140,"해열.진통.소염제","일반의약품","[M070724]나프록센나트륨",20210715,"","","Naproxen(나프록센)",20241212
"노인주의","단일",D000280,Talniflumate,"탈니플루메이트","[M081412]탈니플루메이트","필름코팅정",199803062,"휴온스탈니플루메이트정",19981128,"(주)휴온스","주황색의 원형 필름코팅정",01140,"해열.진통.소염제","전문의약품","[M081412]탈니플루메이트",20210715,"","","Talniflumate(탈니플루메이트)",20180723
"노인주의","단일",D000983,Piroxicam,"피록시캄","[M071634]피록시캄","필름코팅정",199803649,"피씨마정(피록시캄)(수출용)",19971217,"한국코러스(주)","백색의 원형 정제이다.",01140,"해열.진통.소염제","전문의약품","[M071634]피록시캄",20210715,"","","Piroxicam(피록시캄)",20191121
"노인주의","단일",D000983,Piroxicam,"피록시캄","[M071634]피록시캄","경질캡슐제, 산제",199803650,"피씨마캅셀(피록시캄)(수출용)",19971223,"한국코러스(주)","백색의 분말이 충진된 상,하부 백색의 경집캅셀제이다.",01140,"해열.진통.소염제","전문의약품","[M071634]피록시캄",20210715,"","","Piroxicam(피록시캄)",20191121
"노인주의","단일",D000083,Nimesulide,"니메술리드","[M082649]니메술리드","나정",199900649,"폰술리드정(니메술리드)(수출용)",19990629,"대우제약(주)","미황색의 원형 정제",01140,"해열.진통.소염제","전문의약품","[M082649]니메술리드",20210715,"","","Nimesulide(니메술리드)",20230905
"노인주의","단일",D000982,Naproxen,"나프록센","[M070724]나프록센나트륨","필름코팅정",199901047,"태극나렉신정(나프록센나트륨)
(수출명 : NAPRONEW TABLET)",19990511,"태극제약(주)","청색 원형의 필름코팅정",01140,"해열.진통.소염제","일반의약품","[M070724]나프록센나트륨",20210715,"","","Naproxen(나프록센)",20241212
"노인주의","단일",D000983,Piroxicam,"피록시캄","[M071634]피록시캄","피부용겔제",199901056,"파인스겔(피록시캄)",19990928,"태극제약(주)","알콜냄새가 나는 황색투명한 겔제",02640,"진통.진양.수렴.소염제","일반의약품","[M071634]피록시캄",20210715,"","","Piroxicam(피록시캄)",20020127
"노인주의","단일",D000983,Piroxicam,"피록시캄","[M071634]피록시캄","나정",199901315,"동구피록시캄정20mg(확산형)(수출용)(수출명:펠댄코20mg)",19990419,"(주)동구바이오제약","백색-미황색의 원형정제",01140,"해열.진통.소염제","일반의약품","[M071634]피록시캄",20210715,"","","Piroxicam(피록시캄)",20190905
"노인주의","단일",D000982,Naproxen,"나프록센","[M070724]나프록센나트륨","필름코팅정",199902599,"미래나프록센나트륨정",19991101,"미래바이오제약(주)","청색의 타원형 필름코팅정제이다.",01140,"해열.진통.소염제","일반의약품","[M070724]나프록센나트륨",20210715,"","","Naproxen(나프록센)",20241212
"노인주의","단일",D000728,Sulpiride,"설피리드","[M050794]설피리드","경질캡슐제, 산제",200001965,"스토가드캡슐(설피리드)(수출용)",20000316,"(주)셀릭스","백색의 결정성 분말이 충진된 상하부 백색의 경질캅셀제",02320,"소화성궤양용제","전문의약품","[M050794]설피리드",20220527,"","","Sulpiride(설피리드)",20080906
"노인주의","단일",D000083,Nimesulide,"니메술리드","[M082649]니메술리드","나정",200003537,"영풍니메술리드정(니메술리드)(수출용)",20001219,"영풍제약(주)","엷은 황색 원형의 정제이다.",01140,"해열.진통.소염제","전문의약품","[M082649]니메술리드",20210715,"","","Nimesulide(니메술리드)",20230905
"노인주의","단일",D000983,Piroxicam,"피록시캄","[M071634]피록시캄","경질캡슐제, 과립제",200003825,"지엘피록시캄캡슐10밀리그램",20000926,"지엘파마(주)","백색내지 미황색의 내용물이 든 상하 백색의 경질캅셀제",01140,"해열.진통.소염제","전문의약품","[M071634]피록시캄",20210715,"","","Piroxicam(피록시캄)",20240522
"노인주의","단일",D000583,Quetiapine,"쿠에티아핀","[M228429]쿠에티아핀푸마르산염","필름코팅정",200009022,"쎄로켈정25밀리그램(쿠에티아핀푸마르산염)",20001108,"알보젠코리아(주)","분홍색의 원형필름코팅정",01170,"정신신경용제","전문의약품","[M228429]쿠에티아핀푸마르산염",20210715,"","","Quetiapine(쿠에티아핀)",20250212
"노인주의","단일",D000583,Quetiapine,"쿠에티아핀","[M228429]쿠에티아핀푸마르산염","필름코팅정",200009023,"쎄로켈정100밀리그램(쿠에티아핀푸마르산염)",20001108,"알보젠코리아(주)","노란색의 원형필름코팅정",01170,"정신신경용제","전문의약품","[M228429]쿠에티아핀푸마르산염",20210715,"","","Quetiapine(쿠에티아핀)",20250212
"노인주의","단일",D000583,Quetiapine,"쿠에티아핀","[M228429]쿠에티아핀푸마르산염","필름코팅정",200009024,"쎄로켈정200밀리그램(쿠에티아핀푸마르산염)",20001108,"알보젠코리아(주)","흰색의 원형필름코팅정",01170,"정신신경용제","전문의약품","[M228429]쿠에티아핀푸마르산염",20210715,"","","Quetiapine(쿠에티아핀)",20250212
"노인주의","단일",D000083,Nimesulide,"니메술리드","[M082649]니메술리드","나정",200101224,"동구니메술리드정(수출용)",20010414,"(주)동구바이오제약","미황색의 원형정제",01140,"해열.진통.소염제","전문의약품","[M082649]니메술리드",20210715,"","","Nimesulide(니메술리드)",20230905
"노인주의","단일",D000280,Talniflumate,"탈니플루메이트","[M081412]탈니플루메이트","필름코팅정",200101428,"유니온탈니플루메이트정",20010926,"한국유니온제약(주)","원형의 황색 필름코팅정제",01140,"해열.진통.소염제","전문의약품","[M081412]탈니플루메이트",20210715,"","","Talniflumate(탈니플루메이트)",20190308
"노인주의","단일",D000983,Piroxicam,"피록시캄","[M071634]피록시캄","용액주사제",200101498,"유니온피록시캄주",20010426,"한국유니온제약(주)","엷은 황색의 액이 들어있는 갈색의 앰플",01140,"해열.진통.소염제","전문의약품","[M071634]피록시캄",20210715,"","","Piroxicam(피록시캄)",20240522
"노인주의","단일",D000083,Nimesulide,"니메술리드","[M082649]니메술리드","나정",200101514,"파마니메술리드정(수출명: 니판정, 닌파제정)(수출용)",20010406,"(주)한국파마","내수용:미황색 원형 정제수출용:미황색의 장방형정제",01140,"해열.진통.소염제","전문의약품","[M082649]니메술리드",20210715,"","","Nimesulide(니메술리드)",20230905
"노인주의","단일",D000982,Naproxen,"나프록센","[M070724]나프록센나트륨","필름코팅정",200102657,"스노핀정275밀리그램(나프록센나트륨)",20010412,"(주)한국파비스제약","엷은 청색의 타원형 필름코팅정",01140,"해열.진통.소염제","일반의약품","[M070724]나프록센나트륨",20210715,"","","Naproxen(나프록센)",20241212
"노인주의","단일",D000983,Piroxicam,"피록시캄","[M071634]피록시캄","용액주사제",200103725,"헬렌주20mg(피록시캄)(수출용)",20010806,"대한뉴팜(주)","무색 투명한 액체가 들어있는 갈색 앰플",01140,"해열.진통.소염제","전문의약품","[M071634]피록시캄",20210715,"","","Piroxicam(피록시캄)",20200730
"노인주의","단일",D000422,Risperidone,"리스페리돈","[M086310]리스페리돈","필름코팅정",200201029,"리페리돈정2밀리그램(리스페리돈)(수출명:Riperidone Tab.2mg)",20021031,"환인제약(주)","연한 오렌지색의 장방형 필름코팅정제",01170,"정신신경용제","전문의약품","[M086310]리스페리돈",20210715,"","","Risperidone(리스페리돈)",20231129
"노인주의","단일",D000983,Piroxicam,"피록시캄","[M071634]피록시캄","피부용겔제",200201559,"에이치엘비피록시캄겔(피록시캄)",20020408,"에이치엘비제약(주)","알콜냄새가 나는 황색투명한 겔제",02640,"진통.진양.수렴.소염제","일반의약품","[M071634]피록시캄",20210715,"","","Piroxicam(피록시캄)",20210127
"노인주의","단일",D000280,Talniflumate,"탈니플루메이트","[M081412]탈니플루메이트","필름코팅정",200202362,"탈푸린정(탈니플루메이트)",20020319,"위더스제약(주)","주황색의 원형 필름코팅정",01140,"해열.진통.소염제","전문의약품","[M081412]탈니플루메이트",20210715,"","","Talniflumate(탈니플루메이트)",20180618
"노인주의","단일",D000451,Aripiprazole,"아리피프라졸","[M096829]아리피프라졸","나정",200202888,"아빌리파이정5밀리그램(아리피프라졸)",20020801,"한국오츠카제약(주)","청색의 장방형 정제(각인 A-007 5)",01170,"정신신경용제","전문의약품","[M096829]아리피프라졸",20210715,"","","Aripiprazole(아리피프라졸)",20191023
"노인주의","단일",D000451,Aripiprazole,"아리피프라졸","[M096829]아리피프라졸","나정",200202889,"아빌리파이정10밀리그램(아리피프라졸)",20020801,"한국오츠카제약(주)","분홍색의 장방형 정제(각인 A-008 10)",01170,"정신신경용제","전문의약품","[M096829]아리피프라졸",20210715,"","","Aripiprazole(아리피프라졸)",20191023
"노인주의","단일",D000451,Aripiprazole,"아리피프라졸","[M096829]아리피프라졸","나정",200202890,"아빌리파이정15밀리그램(아리피프라졸)",20020801,"한국오츠카제약(주)","황색의 원형 정제(각인 A-009 15)",01170,"정신신경용제","전문의약품","[M096829]아리피프라졸",20210715,"","","Aripiprazole(아리피프라졸)",20191023
"노인주의","단일",D000982,Naproxen,"나프록센","[M070724]나프록센나트륨","필름코팅정",200204388,"나프록신정(나프록센나트륨)",20021218,"화일약품(주)","청색의 타원형 필름코팅정제",01140,"해열.진통.소염제","일반의약품","[M070724]나프록센나트륨",20210715,"","","Naproxen(나프록센)",20241212
"노인주의","단일",D000422,Risperidone,"리스페리돈","[M086310]리스페리돈","필름코팅정",200300918,"리스펜정2밀리그램(리스페리돈)",20030802,"명인제약(주)","연한 주황색의 장방형 필름코팅정",01170,"정신신경용제","전문의약품","[M086310]리스페리돈",20210715,"","","Risperidone(리스페리돈)",20231129
"노인주의","단일",D000422,Risperidone,"리스페리돈","[M086310]리스페리돈","필름코팅정",200300984,"리페리돈정1밀리그램(리스페리돈)",20030929,"환인제약(주)","백색의 장방형 필름코팅정제",01170,"정신신경용제","전문의약품","[M086310]리스페리돈",20210715,"","","Risperidone(리스페리돈)",20231129
"노인주의","단일",D000081,Nabumetone,"나부메톤","[M084590]나부메톤","필름코팅정",200301018,"프록톤정(나부메톤)",20030627,"(주)메디카코리아","흰색 원형의 필름코팅정제",01140,"해열.진통.소염제","전문의약품","[M084590]나부메톤",20210715,"","","Nabumetone(나부메톤)",20200122
"노인주의","단일",D000081,Nabumetone,"나부메톤","[M084590]나부메톤/[M084590]나부메톤/[M084590]나부메톤","필름코팅정",200302165,"오스메톤정(나부메톤)(수출명:오스부톤정OSBUTONEtablet)",20030814,"명문제약(주)","흰색의 원형 필름코팅정제",01140,"해열.진통.소염제","전문의약품","[M084590]나부메톤/[M084590]나부메톤/[M084590]나부메톤",20210715,"","","Nabumetone(나부메톤)",20200302
"노인주의","단일",D000081,Nabumetone,"나부메톤","[M084590]나부메톤/[M084590]나부메톤","필름코팅정",200302312,"메부톤정(나부메톤)",20030327,"한림제약(주)","황색의 타원형 필름코팅정제",01140,"해열.진통.소염제","전문의약품","[M084590]나부메톤/[M084590]나부메톤",20210715,"","","Nabumetone(나부메톤)",20200131
"노인주의","단일",D000180,Clozapine,"클로자핀","[M081194]클로자핀","나정",200307798,"클로자릴정25밀리그램(클로자핀)",20030507,"환인제약(주)","황색의 원형 정제",01170,"정신신경용제","전문의약품","[M081194]클로자핀",20210715,"","","Clozapine(클로자핀)",20250917
"노인주의","단일",D000180,Clozapine,"클로자핀","[M081194]클로자핀","나정",200307799,"클로자릴정100밀리그램(클로자핀)",20030507,"환인제약(주)","황색의 원형 정제",01170,"정신신경용제","전문의약품","[M081194]클로자핀",20210715,"","","Clozapine(클로자핀)",20250917
"노인주의","단일",D000422,Risperidone,"리스페리돈","[M086310]리스페리돈","필름코팅정",200400317,"리스프리정2밀리그램(리스페리돈)",20040126,"일동제약(주)","장방형의 연한 오렌지색 필름코팅정제",01170,"정신신경용제","전문의약품","[M086310]리스페리돈",20210715,"","","Risperidone(리스페리돈)",20231129
"노인주의","단일",D000321,Morniflumate,"모니플루메이트","[M092795]모니플루메이트","나정",200400514,"모니플루정350밀리그람(모니플루메이트)",20040609,"코오롱제약(주)","크림색의 장방형 정제",01140,"해열.진통.소염제","전문의약품","[M092795]모니플루메이트",20210715,"","","Morniflumate(모니플루메이트)",20191101
"노인주의","단일",D000081,Nabumetone,"나부메톤","[M084590]나부메톤/[M084590]나부메톤/[M084590]나부메톤","필름코팅정",200400579,"바이넥스나부메톤정(수출용)",20040809,"(주)바이넥스","[수출용1, 수출용2] 주황색의 타원형 필름코팅정제[수출용3] 주황색의 장방형 필름코팅정",01140,"해열.진통.소염제","전문의약품","[M084590]나부메톤/[M084590]나부메톤/[M084590]나부메톤",20210715,"","","Nabumetone(나부메톤)",20210401
"노인주의","단일",D000982,Naproxen,"나프록센","[M070724]나프록센나트륨","필름코팅정",200400644,"아나탁심정(나프록센나트륨)",20041031,"(주)마더스제약","엷은 청색의 타원형 필름코팅정",01140,"해열.진통.소염제","일반의약품","[M070724]나프록센나트륨",20210715,"","","Naproxen(나프록센)",20241212
"노인주의","단일",D000280,Talniflumate,"탈니플루메이트","[M081412]탈니플루메이트","필름코팅정",200400816,"타리마겐정(탈니플루메이트)",20040629,"(주)일화","주황색의 원형 필름코팅정",01140,"해열.진통.소염제","전문의약품","[M081412]탈니플루메이트",20210715,"","","Talniflumate(탈니플루메이트)",20180801
"노인주의","단일",D000422,Risperidone,"리스페리돈","[M086310]리스페리돈","필름코팅정",200401254,"리스펜정1밀리그램(리스페리돈)",20040720,"명인제약(주)","흰색의 장방형 필름코팅정",01170,"정신신경용제","전문의약품","[M086310]리스페리돈",20210715,"","","Risperidone(리스페리돈)",20231129
"노인주의","단일",D000422,Risperidone,"리스페리돈","[M086310]리스페리돈","필름코팅정",200401324,"리페리돈정0.5밀리그램(리스페리돈)",20040423,"환인제약(주)","적갈색의 장방형 필름코팅정제",01170,"정신신경용제","전문의약품","[M086310]리스페리돈",20210715,"","","Risperidone(리스페리돈)",20231129
"노인주의","단일",D000081,Nabumetone,"나부메톤","[M084590]나부메톤/[M084590]나부메톤","필름코팅정",200401454,"세나톤정(나부메톤)",20040923,"(주)한국피엠지제약","내수용) 흰색의 원형 필름코팅정수출용) 흰색의 장방형 필름코팅정",01140,"해열.진통.소염제","전문의약품","[M084590]나부메톤/[M084590]나부메톤",20210715,"","","Nabumetone(나부메톤)",20191031
"노인주의","단일",D000280,Talniflumate,"탈니플루메이트","[M081412]탈니플루메이트","필름코팅정",200401478,"리메이트정(탈니플루메이트)",20040511,"(주)동구바이오제약","황색의 원형 필름코팅정",01140,"해열.진통.소염제","전문의약품","[M081412]탈니플루메이트",20210715,"","","Talniflumate(탈니플루메이트)",20171109
"노인주의","단일",D000081,Nabumetone,"나부메톤","[M084590]나부메톤/[M084590]나부메톤/[M084590]나부메톤/[M084590]나부메톤/[M084590]나부메톤","필름코팅정",200401686,"나베톤정(나부메톤)",20040626,"한국유니온제약(주)","1.내수용 : 흰색의 원형 필름코팅정제2.수출용1, 수출용4 : 황색의 장방형 필름코팅정제3.수출용2, 수출용3 : 흰색의 타원형 필름코팅정제",01140,"해열.진통.소염제","전문의약품","[M084590]나부메톤/[M084590]나부메톤/[M084590]나부메톤/[M084590]나부메톤/[M084590]나부메톤",20210715,"","","Nabumetone(나부메톤)",20181024
"노인주의","단일",D000280,Talniflumate,"탈니플루메이트","[M081412]탈니플루메이트","필름코팅정",200402408,"타말겐정(탈니플루메이트)",20040518,"(주)테라젠이텍스","주황색의 원형 필름코팅정",01140,"해열.진통.소염제","전문의약품","[M081412]탈니플루메이트",20210715,"","","Talniflumate(탈니플루메이트)",20180711
"노인주의","단일",D000728,Sulpiride,"설피리드","[M050794]설피리드","경질캡슐제, 산제",200402886,"알파설피리드캡슐50밀리그람[수출명:GAMOTIL CAP](수출용)",20040203,"알파제약(주)","상, 하 유백색 캡슐",02320,"소화성궤양용제","전문의약품","[M050794]설피리드",20220527,"","","Sulpiride(설피리드)",20200330
"노인주의","단일",D000081,Nabumetone,"나부메톤","[M084590]나부메톤/[M084590]나부메톤/[M084590]나부메톤","필름코팅정",200403408,"메바톤정(나부메톤)(수출명:Mebathon Tab.)",20041026,"(주)한국파비스제약","- 내수용 : 흰색의 원형 필름코팅정제- 수출용 : 흰색의 타원형 필름 코팅정제",01140,"해열.진통.소염제","전문의약품","[M084590]나부메톤/[M084590]나부메톤/[M084590]나부메톤",20210715,"","","Nabumetone(나부메톤)",20130802
"노인주의","단일",D000982,Naproxen,"나프록센","[M050116]나프록센","연질캡슐제, 액상",200403671,"에이스펜연질캡슐(나프록센)",20040520,"(주)알피바이오","무색 내지 연한 주황색의 투명한 내용물을 함유한 주황색의 투명한 타원형 연질캡슐",01140,"해열.진통.소염제","일반의약품","[M050116]나프록센",20210715,"","","Naproxen(나프록센)",20241212
"노인주의","단일",D000081,Nabumetone,"나부메톤","[M084590]나부메톤/[M084590]나부메톤/[M084590]나부메톤","필름코팅정",200403776,"코러스나부메톤정(수출명:TamenbunTablet, KORUME TAB.)",20041104,"한국코러스(주)","내수용 : 황색의 타원형필름코팅정제 수출용 1 : 주황색의 타원형 필름코팅정제수출용 2 : 갈색의 장방형 필름코팅정제",01140,"해열.진통.소염제","전문의약품","[M084590]나부메톤/[M084590]나부메톤/[M084590]나부메톤",20210715,"","","Nabumetone(나부메톤)",20191121
"노인주의","단일",D000422,Risperidone,"리스페리돈","[M086310]리스페리돈","필름코팅정",200403822,"유니페리돈정(리스페리돈)",20040413,"유니메드제약(주)","연한 오렌지색의 장방형 필름코팅정",01170,"정신신경용제","전문의약품","[M086310]리스페리돈",20210715,"","","Risperidone(리스페리돈)",20231129
"노인주의","단일",D000081,Nabumetone,"나부메톤","[M084590]나부메톤/[M084590]나부메톤/[M084590]나부메톤/[M084590]나부메톤/[M084590]나부메톤","필름코팅정",200403938,"조인정(나부메톤)(수출용)(수출명:DaebumeTab.)",20041012,"대한뉴팜(주)","[수출용1], [수출용4] : 황색의 타원형 필름코팅정제[수출용2], [수출용3], [수출용5] : 주황색의 장방형 필름코팅정",01140,"해열.진통.소염제","전문의약품","[M084590]나부메톤/[M084590]나부메톤/[M084590]나부메톤/[M084590]나부메톤/[M084590]나부메톤",20210715,"","","Nabumetone(나부메톤)",20200903
"노인주의","단일",D000081,Nabumetone,"나부메톤","[M084590]나부메톤","필름코팅정",200404045,"나부메정500밀리그람(나부메톤)(수출용)",20041101,"한국프라임제약(주)","오렌지색의 장방형 필름코팅정제",01140,"해열.진통.소염제","전문의약품","[M084590]나부메톤",20210715,"","","Nabumetone(나부메톤)",20200730
"노인주의","단일",D000280,Talniflumate,"탈니플루메이트","[M081412]탈니플루메이트","필름코팅정",200404214,"탈루메이트정(탈니플루메이트)",20040611,"(주)넥스팜코리아","주황색의 원형 필름코팅정",01140,"해열.진통.소염제","전문의약품","[M081412]탈니플루메이트",20210715,"","","Talniflumate(탈니플루메이트)",20151112
"노인주의","단일",D000081,Nabumetone,"나부메톤","[M084590]나부메톤","필름코팅정",200404646,"나메톤정(나부메톤)",20040529,"주식회사제뉴원사이언스","황색의 장방형 필름코팅정제",01140,"해열.진통.소염제","전문의약품","[M084590]나부메톤",20210715,"","","Nabumetone(나부메톤)",20120128
"노인주의","단일",D000280,Talniflumate,"탈니플루메이트","[M081412]탈니플루메이트","필름코팅정",200404684,"제뉴원탈니플루메이트정",20040313,"주식회사제뉴원사이언스","황색의 필름 코팅된 원형정제",01140,"해열.진통.소염제","전문의약품","[M081412]탈니플루메이트",20210715,"","","Talniflumate(탈니플루메이트)",20210118
"노인주의","단일",D000280,Talniflumate,"탈니플루메이트","[M081412]탈니플루메이트","필름코팅정",200404864,"트리메정(탈니플루메이트)",20041115,"(주)킵스바이오파마","주황색의 원형 필름코팅정",01140,"해열.진통.소염제","전문의약품","[M081412]탈니플루메이트",20210715,"","","Talniflumate(탈니플루메이트)",20181107
"노인주의","단일",D000583,Quetiapine,"쿠에티아핀","[M228429]쿠에티아핀푸마르산염","필름코팅정",200410325,"쎄로켈정300밀리그램(쿠에티아핀푸마르산염)",20040812,"알보젠코리아(주)","흰색의 캅셀모양의 필름코팅정",01170,"정신신경용제","전문의약품","[M228429]쿠에티아핀푸마르산염",20210715,"","","Quetiapine(쿠에티아핀)",20250212
"노인주의","단일",D000081,Nabumetone,"나부메톤","[M084590]나부메톤","필름코팅정",200410905,"휴메톤정(나부메톤)",20041002,"(주)휴온스","황색의 타원형 필름코팅정제",01140,"해열.진통.소염제","전문의약품","[M084590]나부메톤",20210715,"","","Nabumetone(나부메톤)",20191101
"노인주의","단일",D000081,Nabumetone,"나부메톤","[M084590]나부메톤","필름코팅정",200411208,"이텍스나부메톤정500mg",20040909,"(주)테라젠이텍스","[내수용]황색의 타원형 필름코팅정제",01140,"해열.진통.소염제","전문의약품","[M084590]나부메톤",20210715,"","","Nabumetone(나부메톤)",20190904
"노인주의","단일",D000982,Naproxen,"나프록센","[M070724]나프록센나트륨","필름코팅정",200500806,"나프노펜정(나프록센나트륨)",20050406,"(주)일화","연한 파란색의 타원형 필름코팅정",01140,"해열.진통.소염제","일반의약품","[M070724]나프록센나트륨",20210715,"","","Naproxen(나프록센)",20241212
"노인주의","단일",D000766,Zaltoprofen,"잘토프로펜","[M086829]잘토프로펜","필름코팅정",200500992,"라보펜정(잘토프로펜)",20050628,"삼천당제약(주)","백색의 원형 필름코팅정제",01140,"해열.진통.소염제","전문의약품","[M086829]잘토프로펜",20210715,"","","Zaltoprofen(잘토프로펜)",20240522
"노인주의","단일",D000422,Risperidone,"리스페리돈","[M086310]리스페리돈","필름코팅정",200501163,"리스펜정3밀리그램(리스페리돈)",20050928,"명인제약(주)","노란색의 장방형 필름코팅정",01170,"정신신경용제","전문의약품","[M086310]리스페리돈",20210715,"","","Risperidone(리스페리돈)",20231129
"노인주의","단일",D000422,Risperidone,"리스페리돈","[M086310]리스페리돈","필름코팅정",200501530,"리스돈정(리스페리돈)(수출명:에스씨페르달정)",20050216,"(주)한국파마","(내수용) 장방형의 연한 오렌지색 필름코팅정제(수출용) 직사각형의 연한 오렌지색 필름코팅정제",01170,"정신신경용제","전문의약품","[M086310]리스페리돈",20210715,"","","Risperidone(리스페리돈)",20231129
"노인주의","단일",D000280,Talniflumate,"탈니플루메이트","[M081412]탈니플루메이트","필름코팅정",200501801,"플루마겐정(탈니플루메이트)",20050316,"오스틴제약(주)","주황색의 원형 필름코팅정제",01140,"해열.진통.소염제","전문의약품","[M081412]탈니플루메이트",20210715,"","","Talniflumate(탈니플루메이트)",20181008
"노인주의","단일",D000081,Nabumetone,"나부메톤","[M084590]나부메톤","필름코팅정",200502270,"나톤정(나부메톤)(수출용)",20050216,"(주)바스칸바이오제약","백색의 장방형 필름코팅정",01140,"해열.진통.소염제","전문의약품","[M084590]나부메톤",20210715,"","","Nabumetone(나부메톤)",20190904
"노인주의","단일",D000766,Zaltoprofen,"잘토프로펜","[M086829]잘토프로펜","필름코팅정",200502711,"자이로펜정(잘토프로펜)",20051026,"(주)유영제약","백색의 원형필름코팅정제",01140,"해열.진통.소염제","전문의약품","[M086829]잘토프로펜",20210715,"","","Zaltoprofen(잘토프로펜)",20240522
"노인주의","단일",D000081,Nabumetone,"나부메톤","[M084590]나부메톤","필름코팅정",200503783,"일양바이오나부메톤정",20051230,"일양바이오팜(주)","황색의 장방형 필름코팅정제",01140,"해열.진통.소염제","전문의약품","[M084590]나부메톤",20210715,"","","Nabumetone(나부메톤)",20200205
"노인주의","단일",D000173,Ziprasidone,"지프라시돈","[M251493]지프라시돈염산염 일수화물","경질캡슐제, 산제",200511055,"젤독스캡슐60밀리그램(지프라시돈염산염일수화물)",20050412,"비아트리스코리아(주)","흰색 또는 연한 회색의 분말이 든 상하부 흰색 경질 캡슐제",01170,"정신신경용제","전문의약품","[M251493]지프라시돈염산염 일수화물",20210715,"","","Ziprasidone(지프라시돈)",20210325
"노인주의","단일",D000173,Ziprasidone,"지프라시돈","[M251493]지프라시돈염산염 일수화물","경질캡슐제, 산제",200511056,"젤독스캡슐80밀리그램(지프라시돈염산염일수화물)",20050412,"비아트리스코리아(주)","흰색 또는 연한 회색의 분말이 든 상부 청색, 하부 흰색의 경질 캡슐제",01170,"정신신경용제","전문의약품","[M251493]지프라시돈염산염 일수화물",20210715,"","","Ziprasidone(지프라시돈)",20210325
"노인주의","단일",D000422,Risperidone,"리스페리돈","[M086310]리스페리돈","필름코팅정",200600079,"리스프리정1밀리그램(리스페리돈)",20060117,"일동제약(주)","장방형의 흰색 필름 코팅정제",01170,"정신신경용제","전문의약품","[M086310]리스페리돈",20210715,"","","Risperidone(리스페리돈)",20231129
"노인주의","단일",D000982,Naproxen,"나프록센","[M070724]나프록센나트륨","용액주사제",200600131,"바이넥스나프록센나트륨주(수출용)",20060308,"(주)바이넥스","갈색 투명한 앰플에 무색투명한 액이 든 주사제",01140,"해열.진통.소염제","전문의약품","[M070724]나프록센나트륨",20210715,"","","Naproxen(나프록센)",20241212
"노인주의","단일",D000422,Risperidone,"리스페리돈","[M086310]리스페리돈","필름코팅정",200600248,"리스펜정0.5밀리그램(리스페리돈)",20060208,"명인제약(주)","적갈색의 장방형 필름코팅정",01170,"정신신경용제","전문의약품","[M086310]리스페리돈",20210715,"","","Risperidone(리스페리돈)",20231129
"노인주의","단일",D000422,Risperidone,"리스페리돈","[M086310]리스페리돈","필름코팅정",200600344,"리스돈정1밀리그램(리스페리돈)",20060313,"(주)한국파마","장방형의 흰색 필름코팅제",01170,"정신신경용제","전문의약품","[M086310]리스페리돈",20210715,"","","Risperidone(리스페리돈)",20231129
"노인주의","단일",D000982,Naproxen,"나프록센","[M070724]나프록센나트륨","필름코팅정",200607905,"나록펜정(나프록센나트륨)(수출용)",20060727,"한국유니온제약(주)","백색-미백색의 장방형 필름코팅정제",01140,"해열.진통.소염제","일반의약품","[M070724]나프록센나트륨",20210715,"","","Naproxen(나프록센)",20241212
"노인주의","단일",D000173,Ziprasidone,"지프라시돈","[M251493]지프라시돈염산염 일수화물","경질캡슐제, 산제",200610661,"젤독스캡슐40밀리그램(지프라시돈염산염일수화물)",20061107,"비아트리스코리아(주)","흰색 내지 연한 회색의 가루가 든 상하부 청색캡슐",01170,"정신신경용제","전문의약품","[M251493]지프라시돈염산염 일수화물",20210715,"","","Ziprasidone(지프라시돈)",20210325
"노인주의","단일",D000081,Nabumetone,"나부메톤","[M084590]나부메톤","필름코팅정",200611329,"나메린정(나부메톤)",20061212,"(주)중헌제약","황색의 타원형 필름코팅정",01140,"해열.진통.소염제","전문의약품","[M084590]나부메톤",20210715,"","","Nabumetone(나부메톤)",20190930
"노인주의","단일",D000030,Amisulpride,"아미설프리드","[M089148]아미설프리드","나정",200700906,"솔리안정200밀리그램(아미설프리드)",20070122,"(주)한독","흰색 또는 거의 흰색의 원형 정제",01170,"정신신경용제","전문의약품","[M089148]아미설프리드",20220527,"","","Amisulpride(아미설프리드)",20210104
"노인주의","단일",D000030,Amisulpride,"아미설프리드","[M089148]아미설프리드","필름코팅정",200701022,"솔리안정400밀리그램(아미설프리드)",20070124,"(주)한독","흰색의 장방형 필름코팅정",01170,"정신신경용제","전문의약품","[M089148]아미설프리드",20220527,"","","Amisulpride(아미설프리드)",20201222
"노인주의","단일",D000030,Amisulpride,"아미설프리드","[M089148]아미설프리드","나정",200701030,"솔리안정100밀리그램(아미설프리드)",20070124,"(주)한독","흰색 또는 거의 흰색의 원형정제",01170,"정신신경용제","전문의약품","[M089148]아미설프리드",20220527,"","","Amisulpride(아미설프리드)",20201222
"노인주의","단일",D000583,Quetiapine,"쿠에티아핀","[M228429]쿠에티아핀푸마르산염","필름코팅정",200701406,"쿠에타핀정100밀리그램(쿠에티아핀푸마르산염)",20070131,"환인제약(주)","노란색의 원형 필름코팅정제",01170,"정신신경용제","전문의약품","[M228429]쿠에티아핀푸마르산염",20210715,"","","Quetiapine(쿠에티아핀)",20250212
"노인주의","단일",D000030,Amisulpride,"아미설프리드","[M089148]아미설프리드","필름코팅정",200702164,"폴라리스정400밀리그램(아미설프리드)",20070209,"유니메드제약(주)","흰색의 장방형 필름코팅정제",01170,"정신신경용제","전문의약품","[M089148]아미설프리드",20220527,"","","Amisulpride(아미설프리드)",20190703
"노인주의","단일",D000422,Risperidone,"리스페리돈","[M086310]리스페리돈","필름코팅정",200702255,"리페리돈정3밀리그램(리스페리돈)",20070221,"환인제약(주)","연한 노란색의 장방형 필름코팅정제",01170,"정신신경용제","전문의약품","[M086310]리스페리돈",20210715,"","","Risperidone(리스페리돈)",20231129
"노인주의","단일",D000766,Zaltoprofen,"잘토프로펜","[M086829]잘토프로펜","필름코팅정",200702615,"잘트론정(잘토프로펜)",20070228,"대화제약(주)","흰색의 원형 필름코팅정제",01140,"해열.진통.소염제","전문의약품","[M086829]잘토프로펜",20210715,"","","Zaltoprofen(잘토프로펜)",20240522
"노인주의","단일",D000583,Quetiapine,"쿠에티아핀","[M228429]쿠에티아핀푸마르산염","필름코팅정",200704587,"쿠티아핀정100밀리그램(쿠에티아핀푸마르산염)",20070420,"영진약품(주)","노란색의 원형 필름코팅정",01170,"정신신경용제","전문의약품","[M228429]쿠에티아핀푸마르산염",20210715,"","","Quetiapine(쿠에티아핀)",20250212
"노인주의","단일",D000206,Pelubiprofen,"펠루비프로펜","[M210533]펠루비프로펜","나정",200704590,"펠루비정(펠루비프로펜)",20070420,"대원제약(주)","담황색 원형정제",01140,"해열.진통.소염제","전문의약품","[M210533]펠루비프로펜",20210715,"","","Pelubiprofen(펠루비프로펜)",20240522
"노인주의","단일",D000583,Quetiapine,"쿠에티아핀","[M228429]쿠에티아핀푸마르산염","필름코팅정",200704617,"쿠에티정100밀리그램(쿠에티아핀푸마르산염)",20070420,"(주)한국파마","노란색의 원형필름코팅정",01170,"정신신경용제","전문의약품","[M228429]쿠에티아핀푸마르산염",20210715,"","","Quetiapine(쿠에티아핀)",20250212
"노인주의","단일",D000583,Quetiapine,"쿠에티아핀","[M228429]쿠에티아핀푸마르산염","필름코팅정",200704618,"명문쿠에티아핀정(쿠에티아핀푸마르산염)",20070420,"명문제약(주)","노란색의 원형 필름코팅정",01170,"정신신경용제","전문의약품","[M228429]쿠에티아핀푸마르산염",20210715,"","","Quetiapine(쿠에티아핀)",20250212
"노인주의","단일",D000583,Quetiapine,"쿠에티아핀","[M228429]쿠에티아핀푸마르산염","필름코팅정",200704619,"카세핀정100밀리그램(쿠에티아핀푸마르산염)",20070420,"한림제약(주)","노란색의 원형필름코팅정",01170,"정신신경용제","전문의약품","[M228429]쿠에티아핀푸마르산염",20210715,"","","Quetiapine(쿠에티아핀)",20250212
"노인주의","단일",D000982,Naproxen,"나프록센","[M070724]나프록센나트륨","필름코팅정",200705433,"다나프록센정(나프록센나트륨)(수출용)",20070511,"한국코러스(주)","청색의 타원형 필름코팅정",01140,"해열.진통.소염제","일반의약품","[M070724]나프록센나트륨",20210715,"","","Naproxen(나프록센)",20241212
"노인주의","단일",D000173,Ziprasidone,"지프라시돈","[M251493]지프라시돈염산염 일수화물","경질캡슐제, 산제",200708534,"젤독스캡슐20밀리그램(지프라시돈염산염일수화물)",20070724,"비아트리스코리아(주)","흰색 내지 연한 회색의 가루가 든 상부 청색, 하부 흰색의 캡슐",01170,"정신신경용제","전문의약품","[M251493]지프라시돈염산염 일수화물",20210715,"","","Ziprasidone(지프라시돈)",20210325
"노인주의","단일",D000583,Quetiapine,"쿠에티아핀","[M228429]쿠에티아핀푸마르산염","필름코팅정",200709901,"큐로켈정100밀리그램(쿠에티아핀푸마르산염)",20070828,"명인제약(주)","노란색의 원형 필름코팅정",01170,"정신신경용제","전문의약품","[M228429]쿠에티아핀푸마르산염",20210715,"","","Quetiapine(쿠에티아핀)",20250212
"노인주의","단일",D000982,Naproxen,"나프록센","[M050116]나프록센","연질캡슐제, 액상",200710782,"탁센연질캡슐(나프록센)",20070927,"(주)녹십자","무색 내지 연한 청록색의 내용물을 함유한 연청록색의 투명한 타원형 연질캡슐",01140,"해열.진통.소염제","일반의약품","[M050116]나프록센",20210715,"","","Naproxen(나프록센)",20241212
"노인주의","단일",D000422,Risperidone,"리스페리돈","[M086310]리스페리돈","필름코팅정",200711206,"리소페린정2밀리그램(리스페리돈)",20071009,"제일약품(주)","이 약은 장방형의 오렌지색 필름코팅정이다.",01170,"정신신경용제","전문의약품","[M086310]리스페리돈",20210715,"","","Risperidone(리스페리돈)",20231129
"노인주의","단일",D000583,Quetiapine,"쿠에티아핀","[M228429]쿠에티아핀푸마르산염","서방성필름코팅정",200712979,"쎄로켈서방정400밀리그램(쿠에티아핀푸마르산염
)",20071130,"알보젠코리아(주)","흰색 캡슐모양의 양면이 볼록한 필름코팅정",01170,"정신신경용제","전문의약품","[M228429]쿠에티아핀푸마르산염",20210715,"","","Quetiapine(쿠에티아핀)",20250212
"노인주의","단일",D000583,Quetiapine,"쿠에티아핀","[M228429]쿠에티아핀푸마르산염","서방성필름코팅정",200712980,"쎄로켈서방정300밀리그램(쿠에티아핀푸마르산염
)",20071130,"알보젠코리아(주)","연한 노랑색 캡슐모양의 양면이 볼록한 필름코팅정",01170,"정신신경용제","전문의약품","[M228429]쿠에티아핀푸마르산염",20210715,"","","Quetiapine(쿠에티아핀)",20250212
"노인주의","단일",D000583,Quetiapine,"쿠에티아핀","[M228429]쿠에티아핀푸마르산염","서방성필름코팅정",200712981,"쎄로켈서방정50밀리그램(쿠에티아핀푸마르산염)",20071130,"알보젠코리아(주)","분홍색 캡슐모양의 양면이 볼록한 필름코팅정",01170,"정신신경용제","전문의약품","[M228429]쿠에티아핀푸마르산염",20210715,"","","Quetiapine(쿠에티아핀)",20250212
"노인주의","단일",D000583,Quetiapine,"쿠에티아핀","[M228429]쿠에티아핀푸마르산염","서방성필름코팅정",200712982,"쎄로켈서방정200밀리그램(쿠에티아핀푸마르산염)",20071130,"알보젠코리아(주)","노란색 캡슐모양의 양면이 볼록한 필름코팅정",01170,"정신신경용제","전문의약품","[M228429]쿠에티아핀푸마르산염",20210715,"","","Quetiapine(쿠에티아핀)",20250212
"노인주의","단일",D000983,Piroxicam,"피록시캄","[M071634]피록시캄/[M071634]피록시캄","용액주사제",200713905,"대한피록시캄주",20071231,"대한약품공업(주)","엷은 황색의 용액이 든 갈색 앰플",01140,"해열.진통.소염제","전문의약품","[M071634]피록시캄/[M071634]피록시캄",20210715,"","","Piroxicam(피록시캄)",20240522
"노인주의","단일",D000583,Quetiapine,"쿠에티아핀","[M228429]쿠에티아핀푸마르산염","필름코팅정",200802022,"쿠에타핀정200밀리그램(쿠에티아핀푸마르산염)",20080220,"환인제약(주)","흰색의 원형 필름코팅정제",01170,"정신신경용제","전문의약품","[M228429]쿠에티아핀푸마르산염",20210715,"","","Quetiapine(쿠에티아핀)",20250212
"노인주의","단일",D000583,Quetiapine,"쿠에티아핀","[M228429]쿠에티아핀푸마르산염","필름코팅정",200802023,"쿠에타핀정25밀리그램(쿠에티아핀푸마르산염)",20080220,"환인제약(주)","주황색의 원형 필름코팅정제",01170,"정신신경용제","전문의약품","[M228429]쿠에티아핀푸마르산염",20210715,"","","Quetiapine(쿠에티아핀)",20250212
"노인주의","단일",D000280,Talniflumate,"탈니플루메이트","[M081412]탈니플루메이트","필름코팅정",200802218,"베아겐정(탈니플루메이트)",20080226,"대웅바이오(주)","주황색의 원형 필름코팅정",01140,"해열.진통.소염제","전문의약품","[M081412]탈니플루메이트",20210715,"","","Talniflumate(탈니플루메이트)",20190130
"노인주의","단일",D000766,Zaltoprofen,"잘토프로펜","[M086829]잘토프로펜","필름코팅정",200802328,"유러펜정(잘토프로펜)",20080229,"(주)한국피엠지제약","흰색의 원형 필름코팅정제",01140,"해열.진통.소염제","전문의약품","[M086829]잘토프로펜",20210715,"","","Zaltoprofen(잘토프로펜)",20240522
"노인주의","단일",D000583,Quetiapine,"쿠에티아핀","[M228429]쿠에티아핀푸마르산염","필름코팅정",200807036,"카세핀정200밀리그램(쿠에티아핀푸마르산염)",20080625,"한림제약(주)","흰색의 원형 필름코팅정",01170,"정신신경용제","전문의약품","[M228429]쿠에티아핀푸마르산염",20210715,"","","Quetiapine(쿠에티아핀)",20250212
"노인주의","단일",D000583,Quetiapine,"쿠에티아핀","[M228429]쿠에티아핀푸마르산염","필름코팅정",200807037,"쿠티아핀정25밀리그램(쿠에티아핀푸마르산염)",20080625,"영진약품(주)","분홍색의 원형 필름코팅정",01170,"정신신경용제","전문의약품","[M228429]쿠에티아핀푸마르산염",20210715,"","","Quetiapine(쿠에티아핀)",20250212
"노인주의","단일",D000583,Quetiapine,"쿠에티아핀","[M228429]쿠에티아핀푸마르산염","필름코팅정",200807038,"명문쿠에티아핀정200밀리그램(쿠에티아핀푸마르산염)",20080625,"명문제약(주)","흰색의 원형 필름코팅정",01170,"정신신경용제","전문의약품","[M228429]쿠에티아핀푸마르산염",20210715,"","","Quetiapine(쿠에티아핀)",20250212
"노인주의","단일",D000583,Quetiapine,"쿠에티아핀","[M228429]쿠에티아핀푸마르산염","필름코팅정",200807040,"쿠에티정200밀리그램(쿠에티아핀푸마르산염)",20080625,"(주)한국파마","흰색의 원형 필름코팅정",01170,"정신신경용제","전문의약품","[M228429]쿠에티아핀푸마르산염",20210715,"","","Quetiapine(쿠에티아핀)",20250212
"노인주의","단일",D000583,Quetiapine,"쿠에티아핀","[M228429]쿠에티아핀푸마르산염","필름코팅정",200807041,"명문쿠에티아핀정25밀리그램(쿠에티아핀푸마르산염)",20080625,"명문제약(주)","분홍색의 원형 필름코팅정",01170,"정신신경용제","전문의약품","[M228429]쿠에티아핀푸마르산염",20210715,"","","Quetiapine(쿠에티아핀)",20250212
"노인주의","단일",D000583,Quetiapine,"쿠에티아핀","[M228429]쿠에티아핀푸마르산염","필름코팅정",200807043,"쿠에티정25밀리그램(쿠에티아핀푸마르산염)",20080625,"(주)한국파마","분홍색의 원형 필름코팅정",01170,"정신신경용제","전문의약품","[M228429]쿠에티아핀푸마르산염",20210715,"","","Quetiapine(쿠에티아핀)",20250212
"노인주의","단일",D000583,Quetiapine,"쿠에티아핀","[M228429]쿠에티아핀푸마르산염","필름코팅정",200807044,"쿠티아핀정200밀리그램(쿠에티아핀푸마르산염)",20080625,"영진약품(주)","흰색의 원형 필름코팅정",01170,"정신신경용제","전문의약품","[M228429]쿠에티아핀푸마르산염",20210715,"","","Quetiapine(쿠에티아핀)",20250212
"노인주의","단일",D000583,Quetiapine,"쿠에티아핀","[M228429]쿠에티아핀푸마르산염","필름코팅정",200807045,"카세핀정25밀리그램(쿠에티아핀푸마르산염)",20080625,"한림제약(주)","분홍색의 원형 필름코팅정",01170,"정신신경용제","전문의약품","[M228429]쿠에티아핀푸마르산염",20210715,"","","Quetiapine(쿠에티아핀)",20250212
"노인주의","단일",D000357,Olanzapine,"올란자핀","[M089222]올란자핀","필름코팅정",200808004,"싸이렉사정10밀리그램(올란자핀)(수출용)",20080722,"(주)종근당","흰색의 원형 필름코팅정",01170,"정신신경용제","전문의약품","[M089222]올란자핀",20210715,"","","Olanzapine(올란자핀)",20201221
"노인주의","단일",D000451,Aripiprazole,"아리피프라졸","[M096829]아리피프라졸","나정",200808451,"아빌리파이정2밀리그램(아리피프라졸)",20080806,"한국오츠카제약(주)","녹색의 장방형 정제(각인 A-006 2)",01170,"정신신경용제","전문의약품","[M096829]아리피프라졸",20210715,"","","Aripiprazole(아리피프라졸)",20191023
"노인주의","단일",D000583,Quetiapine,"쿠에티아핀","[M228429]쿠에티아핀푸마르산염","필름코팅정",200808790,"쿠에타핀정300밀리그램(쿠에티아핀푸마르산염)",20080818,"환인제약(주)","흰색의 장방형의 필름코팅정제",01170,"정신신경용제","전문의약품","[M228429]쿠에티아핀푸마르산염",20210715,"","","Quetiapine(쿠에티아핀)",20250212
"노인주의","단일",D000583,Quetiapine,"쿠에티아핀","[M243782]쿠에티아핀푸마르산염","필름코팅정",200809073,"큐티핀정100밀리그램(쿠에티아핀푸마르산염)",20080828,"일동제약(주)","노란색의 원형 필름코팅정",01170,"정신신경용제","전문의약품","[M243782]쿠에티아핀푸마르산염",20210715,"","","Quetiapine(쿠에티아핀)",20250212
"노인주의","단일",D000583,Quetiapine,"쿠에티아핀","[M228429]쿠에티아핀푸마르산염","필름코팅정",200809074,"큐티핀정200밀리그램(쿠에티아핀푸마르산염)",20080828,"일동제약(주)","흰색의 원형 필름코팅정",01170,"정신신경용제","전문의약품","[M228429]쿠에티아핀푸마르산염",20210715,"","","Quetiapine(쿠에티아핀)",20250212
"노인주의","단일",D000583,Quetiapine,"쿠에티아핀","[M228429]쿠에티아핀푸마르산염","필름코팅정",200809077,"쿠에티정300밀리그램(쿠에티아핀푸마르산염)",20080828,"(주)한국파마","흰색의 장방형 필름코팅정",01170,"정신신경용제","전문의약품","[M228429]쿠에티아핀푸마르산염",20210715,"","","Quetiapine(쿠에티아핀)",20250212
"노인주의","단일",D000583,Quetiapine,"쿠에티아핀","[M228429]쿠에티아핀푸마르산염","필름코팅정",200809080,"명문쿠에티아핀정300밀리그램(쿠에티아핀푸마르산염)",20080828,"명문제약(주)","흰색의 장방형 필름코팅정",01170,"정신신경용제","전문의약품","[M228429]쿠에티아핀푸마르산염",20210715,"","","Quetiapine(쿠에티아핀)",20250212
"노인주의","단일",D000583,Quetiapine,"쿠에티아핀","[M228429]쿠에티아핀푸마르산염","필름코팅정",200809081,"카세핀정300밀리그램(쿠에티아핀푸마르산염)",20080828,"한림제약(주)","흰색의 장방형 필름코팅정",01170,"정신신경용제","전문의약품","[M228429]쿠에티아핀푸마르산염",20210715,"","","Quetiapine(쿠에티아핀)",20250212
"노인주의","단일",D000357,Olanzapine,"올란자핀","[M089222]올란자핀","필름코팅정",200809388,"뉴로자핀정5밀리그램(올란자핀)",20080910,"명인제약(주)","흰색의 원형 필름코팅정",01170,"정신신경용제","전문의약품","[M089222]올란자핀",20210715,"","","Olanzapine(올란자핀)",20191209
"노인주의","단일",D000357,Olanzapine,"올란자핀","[M089222]올란자핀","필름코팅정",200810513,"자이레핀정10밀리그램(올란자핀)",20081020,"환인제약(주)","흰색 혹은 연한 회색의 원형 필름코팅정제",01170,"정신신경용제","전문의약품","[M089222]올란자핀",20210715,"","","Olanzapine(올란자핀)",20200226
"노인주의","단일",D000583,Quetiapine,"쿠에티아핀","[M228429]쿠에티아핀푸마르산염","필름코팅정",200810702,"스무디핀정25밀리그램(쿠에티아핀푸마르산염)",20081029,"한미약품(주)","분홍색의 원형필름코팅정제",01170,"정신신경용제","전문의약품","[M228429]쿠에티아핀푸마르산염",20210715,"","","Quetiapine(쿠에티아핀)",20250212
"노인주의","단일",D000583,Quetiapine,"쿠에티아핀","[M243782]쿠에티아핀푸마르산염","필름코팅정",200810703,"스무디핀정200밀리그램(쿠에티아핀푸마르산염)",20081029,"한미약품(주)","백색의 원형필름코팅정제",01170,"정신신경용제","전문의약품","[M243782]쿠에티아핀푸마르산염",20210715,"","","Quetiapine(쿠에티아핀)",20250212
"노인주의","단일",D000321,Morniflumate,"모니플루메이트","[M092795]모니플루메이트","나정",200900193,"모니맥정(모니플루메이트)",20090106,"맥널티제약(주)","크림색의 장방형 정제",01140,"해열.진통.소염제","전문의약품","[M092795]모니플루메이트",20210715,"","","Morniflumate(모니플루메이트)",20190911
"노인주의","단일",D000321,Morniflumate,"모니플루메이트","[M092795]모니플루메이트","나정",200900194,"모니필정350밀리그램(모니플루메이트)",20090106,"(주)테라젠이텍스","크림색의 장방형 정제",01140,"해열.진통.소염제","전문의약품","[M092795]모니플루메이트",20210715,"","","Morniflumate(모니플루메이트)",20191104
"노인주의","단일",D000321,Morniflumate,"모니플루메이트","[M092795]모니플루메이트","나정",200900195,"모니메르정(모니플루메이트)",20090106,"알리코제약(주)","크림색의 타원형 정제",01140,"해열.진통.소염제","전문의약품","[M092795]모니플루메이트",20210715,"","","Morniflumate(모니플루메이트)",20190927
"노인주의","단일",D000321,Morniflumate,"모니플루메이트","[M092795]모니플루메이트","나정",200900196,"모니트정350밀리그램(모니플루메이트)",20090106,"(주)하원제약","크림색의 타원형 정제",01140,"해열.진통.소염제","전문의약품","[M092795]모니플루메이트",20210715,"","","Morniflumate(모니플루메이트)",20200701
"노인주의","단일",D000982,Naproxen,"나프록센","[M070724]나프록센나트륨","필름코팅정",200901148,"엔에이피정(나프록센나트륨)",20090209,"한솔신약(주)","연한 파란색의 타원형 필름코팅정",01140,"해열.진통.소염제","일반의약품","[M070724]나프록센나트륨",20210715,"","","Naproxen(나프록센)",20241212
"노인주의","단일",D000357,Olanzapine,"올란자핀","[M089222]올란자핀","필름코팅정",200903065,"산도스올란자핀정10밀리그램",20090428,"삼일제약(주)","흰색의 원형 필름코팅 정제",01170,"정신신경용제","전문의약품","[M089222]올란자핀",20210715,"","","Olanzapine(올란자핀)",20210131
"노인주의","단일",D000357,Olanzapine,"올란자핀","[M089222]올란자핀","필름코팅정",200903067,"산도스올란자핀정5밀리그램",20090428,"삼일제약(주)","흰색의 원형 필름코팅정제",01170,"정신신경용제","전문의약품","[M089222]올란자핀",20210715,"","","Olanzapine(올란자핀)",20210131
"노인주의","단일",D000357,Olanzapine,"올란자핀","[M089222]올란자핀","필름코팅정",200903078,"산도스올란자핀정2.5밀리그램",20090430,"삼일제약(주)","흰색의 원형 필름코팅정제",01170,"정신신경용제","전문의약품","[M089222]올란자핀",20210715,"","","Olanzapine(올란자핀)",20210131
"노인주의","단일",D000983,Piroxicam,"피록시캄","[M071634]피록시캄","피부용겔제",200905544,"멕시캄겔(피록시캄)",20090716,"(주)에이프로젠바이오로직스","알콜냄새가 나는 황색투명한 겔제",02640,"진통.진양.수렴.소염제","일반의약품","[M071634]피록시캄",20210715,"","","Piroxicam(피록시캄)",20110415
"노인주의","단일",D000020,Blonanserin,"블로난세린","[M247117]블로난세린/[M247117]블로난세린","나정",200906540,"로나센정2밀리그램(블로난세린)/ 로나센정4밀리그램(블로난세린)",20090826,"부광약품(주)","흰색의 원형 정제",01170,"정신신경용제","전문의약품","[M247117]블로난세린/[M247117]블로난세린",20220527,"","","Blonanserin(블로난세린)",20220323
"노인주의","단일",D000583,Quetiapine,"쿠에티아핀","[M228429]쿠에티아핀푸마르산염","서방성필름코팅정",200906719,"쎄로켈서방정150밀리그램(쿠에티아핀푸마르산염)",20090904,"알보젠코리아(주)","흰색 캡슐모양의 양면이 볼록한 필름코팅정",01170,"정신신경용제","전문의약품","[M228429]쿠에티아핀푸마르산염",20210715,"","","Quetiapine(쿠에티아핀)",20250212
"노인주의","단일",D000357,Olanzapine,"올란자핀","[M089222]올란자핀","필름코팅정",200907811,"올라핀정5밀리그램(올란자핀)",20091030,"현대약품(주)","흰색의 원형 필름코팅정",01170,"정신신경용제","전문의약품","[M089222]올란자핀",20210715,"","","Olanzapine(올란자핀)",20191202
"노인주의","단일",D000357,Olanzapine,"올란자핀","[M089222]올란자핀","필름코팅정",200907819,"올라핀정10밀리그램(올란자핀)",20091030,"현대약품(주)","흰색의 원형 필름코팅정",01170,"정신신경용제","전문의약품","[M089222]올란자핀",20210715,"","","Olanzapine(올란자핀)",20190930
"노인주의","단일",D000422,Risperidone,"리스페리돈","[M086310]리스페리돈","필름코팅정",200909125,"리소페린정1mg(리스페리돈)",20091224,"제일약품(주)","장방형의 흰색 필름코팅정",01170,"정신신경용제","전문의약품","[M086310]리스페리돈",20210715,"","","Risperidone(리스페리돈)",20231129
"노인주의","단일",D000357,Olanzapine,"올란자핀","[M089222]올란자핀","필름코팅정",200909126,"싸이렉사정5밀리그램(올란자핀)(수출용)",20091224,"(주)종근당","흰색의 원형 필름코팅정",01170,"정신신경용제","전문의약품","[M089222]올란자핀",20210715,"","","Olanzapine(올란자핀)",20191218
"노인주의","단일",D000583,Quetiapine,"쿠에티아핀","[M228429]쿠에티아핀푸마르산염","필름코팅정",201001699,"큐로켈정25밀리그램(쿠에티아핀푸마르산염)",20100225,"명인제약(주)","분홍색의 원형 필름코팅정",01170,"정신신경용제","전문의약품","[M228429]쿠에티아핀푸마르산염",20210715,"","","Quetiapine(쿠에티아핀)",20250212
"노인주의","단일",D000983,Piroxicam,"피록시캄","[M084084]피록시캄칼륨","용액주사제",201001742,"티로캄주(피록시캄칼륨)(수출용)",20100226,"(주)오스코리아제약","엷은 녹황색의 투명한 액이 든 갈색 앰플제",01140,"해열.진통.소염제","전문의약품","[M084084]피록시캄칼륨",20210715,"","","Piroxicam(피록시캄)",20190904
"노인주의","단일",D000357,Olanzapine,"올란자핀","[M089222]올란자핀","필름코팅정",201002395,"뉴로자핀정10밀리그램(올란자핀)",20100331,"명인제약(주)","흰색의 원형 필름코팅정",01170,"정신신경용제","전문의약품","[M089222]올란자핀",20210715,"","","Olanzapine(올란자핀)",20191209
"노인주의","단일",D000357,Olanzapine,"올란자핀","[M089222]올란자핀","필름코팅정",201002396,"뉴로자핀정2.5밀리그램(올란자핀)",20100331,"명인제약(주)","흰색의 원형 필름코팅정",01170,"정신신경용제","전문의약품","[M089222]올란자핀",20210715,"","","Olanzapine(올란자핀)",20191209
"노인주의","단일",D000357,Olanzapine,"올란자핀","[M089222]올란자핀","필름코팅정",201002996,"자이자핀정10밀리그램(올란자핀)",20100421,"한림제약(주)","흰색의 원형 필름코팅정제",01170,"정신신경용제","전문의약품","[M089222]올란자핀",20210715,"","","Olanzapine(올란자핀)",20200317
"노인주의","단일",D000583,Quetiapine,"쿠에티아핀","[M228429]쿠에티아핀푸마르산염","필름코팅정",201003049,"큐로켈정200밀리그램(쿠에티아핀푸마르산염)",20100423,"명인제약(주)","흰색의 원형 필름코팅정",01170,"정신신경용제","전문의약품","[M228429]쿠에티아핀푸마르산염",20210715,"","","Quetiapine(쿠에티아핀)",20250212
"노인주의","단일",D000081,Nabumetone,"나부메톤","[M084590]나부메톤/[M084590]나부메톤","필름코팅정",201003612,"선탭정(나부메톤)(수출용)",20100520,"(주)동구바이오제약","[제법1] 주황색의 장방형 필름코팅정[제법2] 주황색의 타원형 필름코팅정",01140,"해열.진통.소염제","전문의약품","[M084590]나부메톤/[M084590]나부메톤",20210715,"","","Nabumetone(나부메톤)",20190904
"노인주의","단일",D000451,Aripiprazole,"아리피프라졸","[M096829]아리피프라졸","나정",201003710,"아빌라핀정10밀리그램(아리피프라졸(미분화))",20100526,"현대약품(주)","분홍색의 장방형 정제",01170,"정신신경용제","전문의약품","[M096829]아리피프라졸",20210715,"","","Aripiprazole(아리피프라졸)",20191016
"노인주의","단일",D000321,Morniflumate,"모니플루메이트","[M092795]모니플루메이트","나정",201004230,"모니메이트정(모니플루메이트)",20100629,"경동제약(주)","흰색 내지 연한 노란색의 장타원형 정제",01140,"해열.진통.소염제","전문의약품","[M092795]모니플루메이트",20210715,"","","Morniflumate(모니플루메이트)",20200205
"노인주의","단일",D000321,Morniflumate,"모니플루메이트","[M092795]모니플루메이트","나정",201004243,"모니큐정(모니플루메이트)(수출용)",20100630,"광동제약(주)","흰색 내지 연한 노란색의 장타원형 정제",01140,"해열.진통.소염제","전문의약품","[M092795]모니플루메이트",20210715,"","","Morniflumate(모니플루메이트)",20200217
"노인주의","단일",D000321,Morniflumate,"모니플루메이트","[M092795]모니플루메이트","나정",201004257,"모딤정350밀리그램(모니플루메이트)",20100630,"제이더블유신약(주)","흰색 내지 미백색의 장방형 정제",01140,"해열.진통.소염제","전문의약품","[M092795]모니플루메이트",20210715,"","","Morniflumate(모니플루메이트)",20201015
"노인주의","단일",D000357,Olanzapine,"올란자핀","[M089222]올란자핀","필름코팅정",201004538,"에이프렉사정10밀리그램(올란자핀)",20100715,"에이치케이이노엔(주)","흰색의 원형 필름코팅정",01170,"정신신경용제","전문의약품","[M089222]올란자핀",20210715,"","","Olanzapine(올란자핀)",20200327
"노인주의","단일",D000491,Paliperidone,"팔리페리돈","[M250479]팔리페리돈팔미테이트","서방성현탁액성주사제",201004688,"인베가서스티나주사39mg(팔리페리돈팔미테이트)",20100726,"(주)한국얀센","흰색 내지 미백색의 현탁액이 투명한 플라스틱 프리필드시린지에 든 서방형 주사제",01170,"정신신경용제","전문의약품","[M250479]팔리페리돈팔미테이트",20210715,"","","Paliperidone(팔리페리돈)",20201029
"노인주의","단일",D000491,Paliperidone,"팔리페리돈","[M250479]팔리페리돈팔미테이트","서방성현탁액성주사제",201004689,"인베가서스티나주사78mg(팔리페리돈팔미테이트)",20100726,"(주)한국얀센","흰색 내지 미백색의 현탁액이 투명한 플라스틱 프리필드시린지에 든 서방형 주사제",01170,"정신신경용제","전문의약품","[M250479]팔리페리돈팔미테이트",20210715,"","","Paliperidone(팔리페리돈)",20201029
"노인주의","단일",D000491,Paliperidone,"팔리페리돈","[M250479]팔리페리돈팔미테이트","서방성현탁액성주사제",201004690,"인베가서스티나주사117mg(팔리페리돈팔미테이트)",20100726,"(주)한국얀센","흰색 내지 미백색의 현탁액이 투명한 플라스틱 프리필드시린지에 든 서방형 주사제",01170,"정신신경용제","전문의약품","[M250479]팔리페리돈팔미테이트",20210715,"","","Paliperidone(팔리페리돈)",20201029
"노인주의","단일",D000491,Paliperidone,"팔리페리돈","[M250479]팔리페리돈팔미테이트","서방성현탁액성주사제",201004691,"인베가서스티나주사156mg(팔리페리돈팔미테이트)",20100726,"(주)한국얀센","흰색 내지 미백색의 현탁액이 투명한 플라스틱 프리필드시린지에 든 서방형 주사제",01170,"정신신경용제","전문의약품","[M250479]팔리페리돈팔미테이트",20210715,"","","Paliperidone(팔리페리돈)",20201029
"노인주의","단일",D000491,Paliperidone,"팔리페리돈","[M250479]팔리페리돈팔미테이트","서방성현탁액성주사제",201004692,"인베가서스티나주사234mg(팔리페리돈팔미테이트)",20100726,"(주)한국얀센","흰색 내지  미백색의 현탁액이 투명한 플라스틱 프리필드시린지에 든 서방형 주사제",01170,"정신신경용제","전문의약품","[M250479]팔리페리돈팔미테이트",20210715,"","","Paliperidone(팔리페리돈)",20201029
"노인주의","단일",D000451,Aripiprazole,"아리피프라졸","[M096829]아리피프라졸","나정",201005133,"아빌라핀정5밀리그램(아리피프라졸(미분화))",20100824,"현대약품(주)","청색의 원형 정제",01170,"정신신경용제","전문의약품","[M096829]아리피프라졸",20210715,"","","Aripiprazole(아리피프라졸)",20191016
"노인주의","단일",D000451,Aripiprazole,"아리피프라졸","[M096829]아리피프라졸","나정",201005134,"아빌라핀정15밀리그램(아리피프라졸(미분화))",20100824,"현대약품(주)","황색의 원형 정제",01170,"정신신경용제","전문의약품","[M096829]아리피프라졸",20210715,"","","Aripiprazole(아리피프라졸)",20191016
"노인주의","단일",D000583,Quetiapine,"쿠에티아핀","[M228429]쿠에티아핀푸마르산염","필름코팅정",201005685,"큐로켈정300밀리그램(쿠에티아핀푸마르산염)",20100927,"명인제약(주)","흰색의 타원형 필름코팅정",01170,"정신신경용제","전문의약품","[M228429]쿠에티아핀푸마르산염",20210715,"","","Quetiapine(쿠에티아핀)",20250212
"노인주의","단일",D000357,Olanzapine,"올란자핀","[M089222]올란자핀","필름코팅정",201006442,"에이프렉사정2.5밀리그램(올란자핀)",20101022,"에이치케이이노엔(주)","흰색의 원형 필름코팅정",01170,"정신신경용제","전문의약품","[M089222]올란자핀",20210715,"","","Olanzapine(올란자핀)",20200327
"노인주의","단일",D000357,Olanzapine,"올란자핀","[M089222]올란자핀","필름코팅정",201006443,"에이프렉사정5밀리그램(올란자핀)",20101022,"에이치케이이노엔(주)","흰색의 원형 필름코팅정",01170,"정신신경용제","전문의약품","[M089222]올란자핀",20210715,"","","Olanzapine(올란자핀)",20200327
"노인주의","단일",D000451,Aripiprazole,"아리피프라졸","[M096829]아리피프라졸","나정",201006796,"싸이파이정15밀리그램(아리피프라졸)(수출용)",20101111,"(주)종근당","황색의 원형 정제",01170,"정신신경용제","전문의약품","[M096829]아리피프라졸",20210715,"","","Aripiprazole(아리피프라졸)",20190703
"노인주의","단일",D000451,Aripiprazole,"아리피프라졸","[M096829]아리피프라졸","나정",201006797,"싸이파이정5밀리그램(아리피프라졸)(수출용)",20101111,"(주)종근당","청색의 장방형 정제",01170,"정신신경용제","전문의약품","[M096829]아리피프라졸",20210715,"","","Aripiprazole(아리피프라졸)",20190703
"노인주의","단일",D000451,Aripiprazole,"아리피프라졸","[M096829]아리피프라졸","나정",201006798,"싸이파이정10밀리그램(아리피프라졸)(수출용)",20101111,"(주)종근당","분홍색의 장방형 정제",01170,"정신신경용제","전문의약품","[M096829]아리피프라졸",20210715,"","","Aripiprazole(아리피프라졸)",20190703
"노인주의","단일",D000357,Olanzapine,"올란자핀","[M089222]올란자핀","필름코팅정",201007233,"자이레핀정5밀리그램(올란자핀)",20101129,"환인제약(주)","흰색 혹은 연한 회색의 원형필름코팅정제",01170,"정신신경용제","전문의약품","[M089222]올란자핀",20210715,"","","Olanzapine(올란자핀)",20200226
"노인주의","단일",D000357,Olanzapine,"올란자핀","[M089222]올란자핀","필름코팅정",201007234,"자이레핀정2.5밀리그램(올란자핀)",20101129,"환인제약(주)","흰색 혹은 연한 회색의 원형필름코팅정제",01170,"정신신경용제","전문의약품","[M089222]올란자핀",20210715,"","","Olanzapine(올란자핀)",20200226
"노인주의","단일",D000357,Olanzapine,"올란자핀","[M089222]올란자핀","필름코팅정",201007770,"자이자핀정5밀리그램(올란자핀)",20101230,"한림제약(주)","흰색의 원형 필름코팅정",01170,"정신신경용제","전문의약품","[M089222]올란자핀",20210715,"","","Olanzapine(올란자핀)",20200228
"노인주의","단일",D000983,Piroxicam,"피록시캄","[M071634]피록시캄","용액주사제",201100130,"일라탐주(피록시캄)(수출용)",20110111,"명인제약(주)","무색-미황색의 용액을 함유한 갈색 앰플제임",01140,"해열.진통.소염제","전문의약품","[M071634]피록시캄",20210715,"","","Piroxicam(피록시캄)",20191028
"노인주의","단일",D000357,Olanzapine,"올란자핀","[M089222]올란자핀","구강붕해정",201101116,"자이피스오디정 10밀리그램(올란자핀)",20110304,"고려제약(주)","연한 노란색의 원형 구강붕해정",01170,"정신신경용제","전문의약품","[M089222]올란자핀",20210715,"","","Olanzapine(올란자핀)",20170901
"노인주의","단일",D000357,Olanzapine,"올란자핀","[M089222]올란자핀","필름코팅정",201101853,"올자핀정10밀리그램(올란자핀)",20110331,"동화약품(주)","흰색의 원형 필름코팅정",01170,"정신신경용제","전문의약품","[M089222]올란자핀",20210715,"","","Olanzapine(올란자핀)",20200131
"노인주의","단일",D000982,Naproxen,"나프록센","[M070724]나프록센나트륨","필름코팅정",201102151,"코러스나프록센나트륨정550밀리그람(수출용)",20110412,"한국코러스(주)","청색의 장방형 필름코팅정제",01140,"해열.진통.소염제","전문의약품","[M070724]나프록센나트륨",20210715,"","","Naproxen(나프록센)",20241212
"노인주의","단일",D000451,Aripiprazole,"아리피프라졸","[M096829]아리피프라졸","나정",201102476,"아리피졸정15밀리그램(아리피프라졸)",20110422,"환인제약(주)","노랑색의 원형 정제",01170,"정신신경용제","전문의약품","[M096829]아리피프라졸",20210715,"","","Aripiprazole(아리피프라졸)",20200108
"노인주의","단일",D000451,Aripiprazole,"아리피프라졸","[M096829]아리피프라졸","나정",201102477,"아리피졸정10밀리그램(아리피프라졸)",20110422,"환인제약(주)","분홍색의 장방형 정제",01170,"정신신경용제","전문의약품","[M096829]아리피프라졸",20210715,"","","Aripiprazole(아리피프라졸)",20200108
"노인주의","단일",D000357,Olanzapine,"올란자핀","[M089222]올란자핀","필름코팅정",201102619,"올자핀정2.5밀리그램(올란자핀)",20110426,"동화약품(주)","흰색의 원형 필름코팅정",01170,"정신신경용제","전문의약품","[M089222]올란자핀",20210715,"","","Olanzapine(올란자핀)",20200716
"노인주의","단일",D000357,Olanzapine,"올란자핀","[M089222]올란자핀","필름코팅정",201102755,"올자핀정5밀리그램(올란자핀)",20110429,"동화약품(주)","흰색의 원형 필름코팅정",01170,"정신신경용제","전문의약품","[M089222]올란자핀",20210715,"","","Olanzapine(올란자핀)",20200716
"노인주의","단일",D000451,Aripiprazole,"아리피프라졸","[M096829]아리피프라졸","나정",201103996,"레피졸정15밀리그램(아리피프라졸)",20110628,"명인제약(주)","노란색의 원형 정제",01170,"정신신경용제","전문의약품","[M096829]아리피프라졸",20210715,"","","Aripiprazole(아리피프라졸)",20210107
"노인주의","단일",D000451,Aripiprazole,"아리피프라졸","[M096829]아리피프라졸","나정",201106954,"레피졸정10밀리그램(아리피프라졸)",20110922,"명인제약(주)","분홍색의 장방형 정제",01170,"정신신경용제","전문의약품","[M096829]아리피프라졸",20210715,"","","Aripiprazole(아리피프라졸)",20210107
"노인주의","단일",D000451,Aripiprazole,"아리피프라졸","[M096829]아리피프라졸","나정",201108885,"레피졸정5밀리그램(아리피프라졸)",20111020,"명인제약(주)","청색의 장방형 정제",01170,"정신신경용제","전문의약품","[M096829]아리피프라졸",20210715,"","","Aripiprazole(아리피프라졸)",20200109
"노인주의","단일",D000357,Olanzapine,"올란자핀","[M089222]올란자핀","구강붕해정",201109301,"자이피스오디정 5밀리그램(올란자핀)",20111031,"고려제약(주)","연한 노란색의 타원형 구강붕해정",01170,"정신신경용제","전문의약품","[M089222]올란자핀",20210715,"","","Olanzapine(올란자핀)",20200828
"노인주의","단일",D000030,Amisulpride,"아미설프리드","[M089148]아미설프리드","나정",201109313,"폴라리스정100mg(아미설프리드)",20111031,"유니메드제약(주)","흰색의 원형 정제",01170,"정신신경용제","전문의약품","[M089148]아미설프리드",20220527,"","","Amisulpride(아미설프리드)",20190703
"노인주의","단일",D000983,Piroxicam,"피록시캄","[M084084]피록시캄칼륨","용액주사제",201109811,"포타캄주(피록시캄칼륨)(수출용)",20111109,"대한뉴팜(주)","엷은 녹황색의 투명한 액이 든 갈색 앰플제",01140,"해열.진통.소염제","전문의약품","[M084084]피록시캄칼륨",20210715,"","","Piroxicam(피록시캄)",20200903
"노인주의","단일",D000030,Amisulpride,"아미설프리드","[M089148]아미설프리드","필름코팅정",201110472,"아미썰정400밀리그램(아미설프리드)",20111129,"명인제약(주)","흰색의 장방형 필름코팅정제",01170,"정신신경용제","전문의약품","[M089148]아미설프리드",20220527,"","","Amisulpride(아미설프리드)",20190703
"노인주의","단일",D000422,Risperidone,"리스페리돈","[M086310]리스페리돈","필름코팅정",201110509,"리스돈정3밀리그램(리스페리돈)",20111130,"(주)한국파마","장방형의 노란색 필름코팅 정제",01170,"정신신경용제","전문의약품","[M086310]리스페리돈",20210715,"","","Risperidone(리스페리돈)",20231129
"노인주의","단일",D000422,Risperidone,"리스페리돈","[M086310]리스페리돈","구강붕해정",201200211,"리스피돈오디정2밀리그램(리스페리돈)",20120106,"한미약품(주)","흰색의 원형 정제",01170,"정신신경용제","전문의약품","[M086310]리스페리돈",20210715,"","","Risperidone(리스페리돈)",20231129
"노인주의","단일",D000422,Risperidone,"리스페리돈","[M086310]리스페리돈","구강붕해정",201200277,"리스피돈오디정1밀리그램(리스페리돈)",20120111,"한미약품(주)","흰색의 정사각형 정제",01170,"정신신경용제","전문의약품","[M086310]리스페리돈",20210715,"","","Risperidone(리스페리돈)",20231129
"노인주의","단일",D000983,Piroxicam,"피록시캄","[M084084]피록시캄칼륨","용액주사제",201201017,"피로브이주(피록시캄칼륨)(수출용)",20120217,"이연제약(주)","엷은 녹황색의 투명한 액이 든 갈색 앰플제",01140,"해열.진통.소염제","전문의약품","[M084084]피록시캄칼륨",20210715,"","","Piroxicam(피록시캄)",20240522
"노인주의","단일",D000451,Aripiprazole,"아리피프라졸","[M096829]아리피프라졸","나정",201205266,"아리피졸정5밀리그램(아리피프라졸)",20120531,"환인제약(주)","파랑색의 장방형 정제",01170,"정신신경용제","전문의약품","[M096829]아리피프라졸",20210715,"","","Aripiprazole(아리피프라졸)",20200108
"노인주의","단일",D000982,Naproxen,"나프록센","[M050116]나프록센","나정",201207414,"신플랙스정(나프록센)(수출용)",20121024,"(주)한국피엠지제약","연한 노란색의 타원형 정제",01140,"해열.진통.소염제","전문의약품","[M050116]나프록센",20210715,"","","Naproxen(나프록센)",20241212
"노인주의","단일",D000280,Talniflumate,"탈니플루메이트","[M081412]탈니플루메이트","필름코팅정",201211056,"휴말겐정(탈니플루메이트)",20121227,"한국휴텍스제약(주)","황색의 필름 코팅된 원형정제",01140,"해열.진통.소염제","전문의약품","[M081412]탈니플루메이트",20210715,"","","Talniflumate(탈니플루메이트)",20180609
"노인주의","단일",D000982,Naproxen,"나프록센","[M050116]나프록센","연질캡슐제, 액상",201301493,"에이프록센연질캡슐(나프록센)",20130116,"(주)서흥","무색 내지 미황색의 투명한 내용물을 함유하는 투명의 타원형 연질캡슐제",01140,"해열.진통.소염제","일반의약품","[M050116]나프록센",20210715,"","","Naproxen(나프록센)",20241212
"노인주의","단일",D000030,Amisulpride,"아미설프리드","[M089148]아미설프리드","필름코팅정",201301615,"아미썰정100밀리그램(아미설프리드)",20130118,"명인제약(주)","흰색의 원형 필름코팅정",01170,"정신신경용제","전문의약품","[M089148]아미설프리드",20220527,"","","Amisulpride(아미설프리드)",20190703
"노인주의","단일",D000030,Amisulpride,"아미설프리드","[M089148]아미설프리드","필름코팅정",201301616,"아미썰정200밀리그램(아미설프리드)",20130118,"명인제약(주)","흰색의 원형 필름코팅정",01170,"정신신경용제","전문의약품","[M089148]아미설프리드",20220527,"","","Amisulpride(아미설프리드)",20190703
"노인주의","단일",D000982,Naproxen,"나프록센","[M050116]나프록센","나정",201301659,"신플랙스세미정(나프록센)(수출용)",20130121,"(주)한국피엠지제약","연한 노란색의 타원형 정제",01140,"해열.진통.소염제","일반의약품","[M050116]나프록센",20210715,"","","Naproxen(나프록센)",20241212
"노인주의","단일",D000982,Naproxen,"나프록센","[M050116]나프록센","연질캡슐제, 액상",201306491,"나쎈연질캡슐(나프록센)",20130328,"신일제약(주)","미황 내지 연한 녹색의 내용물을 함유한 녹색 투명의 장방형 연질캡슐제",01140,"해열.진통.소염제","일반의약품","[M050116]나프록센",20210715,"","","Naproxen(나프록센)",20241212
"노인주의","단일",D000982,Naproxen,"나프록센","[M050116]나프록센","연질캡슐제, 액상",201306492,"캐롤엔연질캡슐(나프록센)",20130328,"일동제약(주)","무색 내지 연분홍색의 투명한 내용물을 함유하는 분홍색 투명의 장방형 연질캡슐제",01140,"해열.진통.소염제","일반의약품","[M050116]나프록센",20210715,"","","Naproxen(나프록센)",20241212
"노인주의","단일",D000982,Naproxen,"나프록센","[M070724]나프록센나트륨","필름코팅정",201308676,"하이플나프록센정(나프록센나트륨)",20130805,"하이플생명과학(주)","엷은 청색의 원형 필름코팅정",01140,"해열.진통.소염제","일반의약품","[M070724]나프록센나트륨",20210715,"","","Naproxen(나프록센)",20241212
"노인주의","단일",D000983,Piroxicam,"피록시캄","[M084084]피록시캄칼륨","용액주사제",201308711,"동구피록시캄칼륨주20mg(수출용)",20130807,"(주)동구바이오제약","갈색의 앰플에 충진되어 있는 옅은 녹황색의 투명한 주사제",01140,"해열.진통.소염제","전문의약품","[M084084]피록시캄칼륨",20210715,"","","Piroxicam(피록시캄)",20190904
"노인주의","단일",D000983,Piroxicam,"피록시캄","[M071634]피록시캄","피부용겔제",201309356,"통에존에스겔(피록시캄)",20130913,"현대약품(주)","연황색의 전질균등한 유동성의 겔제",02640,"진통.진양.수렴.소염제","일반의약품","[M071634]피록시캄",20210715,"","","Piroxicam(피록시캄)",20131002
"노인주의","단일",D000451,Aripiprazole,"아리피프라졸","[M096829]아리피프라졸","구강붕해정",201309520,"아빌리파이오디정10밀리그램(아리피프라졸)",20130930,"한국오츠카제약(주)","분홍색의 반점이 있는 원형정제(각인 A640, 10)",01170,"정신신경용제","전문의약품","[M096829]아리피프라졸",20210715,"","","Aripiprazole(아리피프라졸)",20191023
"노인주의","단일",D000451,Aripiprazole,"아리피프라졸","[M096829]아리피프라졸","구강붕해정",201309521,"아빌리파이오디정15밀리그램(아리피프라졸)",20130930,"한국오츠카제약(주)","노란색의 반점이 있는 원형정제(각인 A641, 15)",01170,"정신신경용제","전문의약품","[M096829]아리피프라졸",20210715,"","","Aripiprazole(아리피프라졸)",20191023
"노인주의","단일",D000983,Piroxicam,"피록시캄","[M071634]피록시캄/[M071634]피록시캄","용액주사제",201309565,"비씨피록시캄주사(수출용)",20131004,"(주)비씨월드제약","담황색 액체가 든 갈색앰플 주사제",01140,"해열.진통.소염제","전문의약품","[M071634]피록시캄/[M071634]피록시캄",20210715,"","","Piroxicam(피록시캄)",20191029
"노인주의","단일",D000180,Clozapine,"클로자핀","[M081194]클로자핀","나정",201309789,"클자핀정100밀리그램(클로자핀)",20131017,"동화약품(주)","황색의 원형정제",01170,"정신신경용제","전문의약품","[M081194]클로자핀",20210715,"","","Clozapine(클로자핀)",20250917
"노인주의","단일",D000180,Clozapine,"클로자핀","[M081194]클로자핀","나정",201309790,"클자핀정25밀리그램(클로자핀)",20131017,"동화약품(주)","황색의 원형정제",01170,"정신신경용제","전문의약품","[M081194]클로자핀",20210715,"","","Clozapine(클로자핀)",20250917
"노인주의","단일",D000982,Naproxen,"나프록센","[M050116]나프록센","연질캡슐제, 액상",201310281,"스피록센연질캡슐(나프록센)",20131125,"광동제약(주)","무색 내지 미황색의 투명한 내용물을 함유하는 투명의 타원형 연질캡슐제",01140,"해열.진통.소염제","일반의약품","[M050116]나프록센",20210715,"","","Naproxen(나프록센)",20241212
"노인주의","단일",D000982,Naproxen,"나프록센","[M050116]나프록센","연질캡슐제, 액상",201310498,"자이날큐연질캡슐(나프록센)",20131204,"고려제약(주)","미황색 내지 연한 청색의 투명한 내용물을 함유하는 청색 투명의 타원형 연질캡슐제",01140,"해열.진통.소염제","일반의약품","[M050116]나프록센",20210715,"","","Naproxen(나프록센)",20241212
"노인주의","단일",D000451,Aripiprazole,"아리피프라졸","[M096829]아리피프라졸","경구용액제",201310577,"아빌리파이액(아리피프라졸)(수출용)",20131206,"한국오츠카제약(주)","무색 또는 연한 노란색의 투명한 용액",01170,"정신신경용제","전문의약품","[M096829]아리피프라졸",20210715,"","","Aripiprazole(아리피프라졸)",20191023
"노인주의","단일",D000451,Aripiprazole,"아리피프라졸","[M096829]아리피프라졸","구강붕해정",201310914,"아리파이큐오디정10밀리그램(아리피프라졸)(수출용)",20131227,"신풍제약(주)","분홍색의 원형 구강붕해정제",01170,"정신신경용제","전문의약품","[M096829]아리피프라졸",20210715,"","","Aripiprazole(아리피프라졸)",20190703
"노인주의","단일",D000451,Aripiprazole,"아리피프라졸","[M096829]아리피프라졸","구강붕해정",201310915,"아리파이큐오디정15밀리그램(아리피프라졸)(수출용)",20131227,"신풍제약(주)","노란색의 원형 구강붕해정제",01170,"정신신경용제","전문의약품","[M096829]아리피프라졸",20210715,"","","Aripiprazole(아리피프라졸)",20190703
"노인주의","단일",D000451,Aripiprazole,"아리피프라졸","[M096829]아리피프라졸","나정",201310937,"아리피코정10밀리그램(아리피프라졸)",20131230,"동화약품(주)","분홍색의 장방형 정제",01170,"정신신경용제","전문의약품","[M096829]아리피프라졸",20210715,"","","Aripiprazole(아리피프라졸)",20191117
"노인주의","단일",D000451,Aripiprazole,"아리피프라졸","[M096829]아리피프라졸","나정",201310992,"아리피코정15밀리그램(아리피프라졸)",20131231,"동화약품(주)","황색의 원형 정제",01170,"정신신경용제","전문의약품","[M096829]아리피프라졸",20210715,"","","Aripiprazole(아리피프라졸)",20191117
"노인주의","단일",D000982,Naproxen,"나프록센","[M050116]나프록센","연질캡슐제, 액상",201401095,"나에겐연질캡슐(나프록센)",20140311,"(주)마더스제약","미황색의 투명한 유상 내용물이 든 주황색의 투명한 장방형 연질캡슐",01140,"해열.진통.소염제","일반의약품","[M050116]나프록센",20210715,"","","Naproxen(나프록센)",20241212
"노인주의","단일",D000422,Risperidone,"리스페리돈","[M086310]리스페리돈","필름코팅정",201402734,"리스펠돈정2mg(리스페리돈)",20140619,"영풍제약(주)","장방형의 연한 오렌지색 필름코팅정제",01170,"정신신경용제","전문의약품","[M086310]리스페리돈",20210715,"","","Risperidone(리스페리돈)",20231129
"노인주의","단일",D000983,Piroxicam,"피록시캄","[M071634]피록시캄","피부용겔제",201403117,"트라제트겔(피록시캄)",20140714,"아이큐어(주)","알콜냄새가 나는 황색투명한 겔제",02640,"진통.진양.수렴.소염제","일반의약품","[M071634]피록시캄",20210715,"","","Piroxicam(피록시캄)",20150113
"노인주의","단일",D000982,Naproxen,"나프록센","[M070724]나프록센나트륨","필름코팅정",201403321,"일양나프록센나트륨정",20140723,"일양약품(주)","청색의 타원형 필름코팅정제",01140,"해열.진통.소염제","일반의약품","[M070724]나프록센나트륨",20210715,"","","Naproxen(나프록센)",20241212
"노인주의","단일",D000982,Naproxen,"나프록센","[M050116]나프록센","연질캡슐제, 액상",201403389,"여우엔연질캡슐(나프록센)",20140725,"코오롱제약(주)","미황색 내지 연한 청록색의 투명한 내용물을 함유하는 청록색 투명의 타원형 연질캡슐제",01140,"해열.진통.소염제","일반의약품","[M050116]나프록센",20210715,"","","Naproxen(나프록센)",20241212
"노인주의","단일",D000982,Naproxen,"나프록센","[M050116]나프록센","연질캡슐제, 액상",201403390,"한솔나프록센연질캡슐",20140725,"한솔신약(주)","무색의 투명한 액이 든 청록색의 투명한 타원형 연질캡슐",01140,"해열.진통.소염제","일반의약품","[M050116]나프록센",20210715,"","","Naproxen(나프록센)",20241212
"노인주의","단일",D000982,Naproxen,"나프록센","[M050116]나프록센","연질캡슐제, 액상",201403391,"확펜연질캡슐(나프록센)",20140725,"(주)유한양행","무색 내지 연청록색의 투명한 내용물을 함유하는 연청록색 투명의 타원형 연질캡슐제",01140,"해열.진통.소염제","일반의약품","[M050116]나프록센",20210715,"","","Naproxen(나프록센)",20241212
"노인주의","단일",D000982,Naproxen,"나프록센","[M050116]나프록센","연질캡슐제, 액상",201403431,"프로센골드연질캡슐(나프록센)",20140728,"명문제약(주)","미황색 내지 연한 청록색의 투명한 내용물을 함유하는 청록색 투명의 장방형 연질캡슐제",01140,"해열.진통.소염제","일반의약품","[M050116]나프록센",20210715,"","","Naproxen(나프록센)",20241212
"노인주의","단일",D000422,Risperidone,"리스페리돈","[M086310]리스페리돈","서방성현탁액용동결건조분말주사제",201403450,"동국리스페리돈데포주사25밀리그램(리스페리돈)(수출용)",20140728,"동국제약(주)","흰색 또는 거의 흰색의 가루가 충진된 무색투명한 바이알과 무색투명한 용액이 충진된 무색투명한 앰플",01170,"정신신경용제","전문의약품","[M086310]리스페리돈",20210715,"","","Risperidone(리스페리돈)",20231129
"노인주의","단일",D000982,Naproxen,"나프록센","[M050116]나프록센","연질캡슐제, 액상",201403474,"경남나프록센연질캡슐",20140729,"경남제약(주)","무색의 투명한 액이 든 청록색의 투명한 타원형 연질캡슐",01140,"해열.진통.소염제","일반의약품","[M050116]나프록센",20210715,"","","Naproxen(나프록센)",20241212
"노인주의","단일",D000983,Piroxicam,"피록시캄","[M071634]피록시캄","피부용겔제",201403531,"필로젠겔(피록시캄)",20140731,"(주)제뉴파마","엷은 황색의 투명한 겔제",02640,"진통.진양.수렴.소염제","일반의약품","[M071634]피록시캄",20210715,"","","Piroxicam(피록시캄)",20190724
"노인주의","단일",D000982,Naproxen,"나프록센","[M050116]나프록센","연질캡슐제, 액상",201403877,"나리센연질캡슐(나프록센)",20140820,"주식회사제뉴원사이언스","미황색의 투명한 유상 내용물이 든 연청록색의 투명한 장방형 연질캡슐",01140,"해열.진통.소염제","일반의약품","[M050116]나프록센",20210715,"","","Naproxen(나프록센)",20241212
"노인주의","단일",D000280,Talniflumate,"탈니플루메이트","[M081412]탈니플루메이트","필름코팅정",201403939,"휴리트정(탈니플루메이트)",20140822,"(주)휴비스트제약","노란색의 원형 필름코팅정",01140,"해열.진통.소염제","전문의약품","[M081412]탈니플루메이트",20210715,"","","Talniflumate(탈니플루메이트)",20190911
"노인주의","단일",D000982,Naproxen,"나프록센","[M050116]나프록센","연질캡슐제, 액상",201403991,"프리센연질캡슐(나프록센)",20140827,"(주)씨엠지제약","미황색의 투명한 유상 내용물이 든 주황색의 투명한 장방형 연질캡슐",01140,"해열.진통.소염제","일반의약품","[M050116]나프록센",20210715,"","","Naproxen(나프록센)",20241212
"노인주의","단일",D000982,Naproxen,"나프록센","[M050116]나프록센","연질캡슐제, 액상",201404125,"다나센연질캡슐(나프록센)",20140904,"(주)에이프로젠바이오로직스","무색의 투명한 액이 든 청록색의 투명한 타원형 연질캡슐",01140,"해열.진통.소염제","일반의약품","[M050116]나프록센",20210715,"","","Naproxen(나프록센)",20241212
"노인주의","단일",D000422,Risperidone,"리스페리돈","[M086310]리스페리돈","필름코팅정",201404258,"피엠에스리스페리돈정1밀리그램(리스페리돈)",20140918,"파마사이언스코리아(주)","흰색의 장방형 필름코팅정",01170,"정신신경용제","전문의약품","[M086310]리스페리돈",20210715,"","","Risperidone(리스페리돈)",20231129
"노인주의","단일",D000982,Naproxen,"나프록센","[M050116]나프록센","연질캡슐제, 액상",201404406,"페인엔젤센연질캡슐(나프록센)",20140926,"제이더블유중외제약(주)","무색 내지 연한 주황색의 투명한 내용물을 함유한 주황색의 투명한 타원형 연질캡슐",01140,"해열.진통.소염제","일반의약품","[M050116]나프록센",20210715,"","","Naproxen(나프록센)",20241212
"노인주의","단일",D000422,Risperidone,"리스페리돈","[M086310]리스페리돈","필름코팅정",201404520,"피엠에스리스페리돈정2밀리그램(리스페리돈)",20140930,"파마사이언스코리아(주)","연한 오렌지색의 장방형 필름코팅정",01170,"정신신경용제","전문의약품","[M086310]리스페리돈",20210715,"","","Risperidone(리스페리돈)",20231129
"노인주의","단일",D000422,Risperidone,"리스페리돈","[M086310]리스페리돈","필름코팅정",201404526,"피엠에스리스페리돈정3밀리그램(리스페리돈)",20140930,"파마사이언스코리아(주)","황색의 장방형 필름코팅정",01170,"정신신경용제","전문의약품","[M086310]리스페리돈",20210715,"","","Risperidone(리스페리돈)",20231129
"노인주의","단일",D000766,Zaltoprofen,"잘토프로펜","[M086829]잘토프로펜","필름코팅정",201404541,"잘트로펜정(잘토프로펜)",20140930,"일양바이오팜(주)","흰색의 원형 필름코팅정제",01140,"해열.진통.소염제","전문의약품","[M086829]잘토프로펜",20210715,"","","Zaltoprofen(잘토프로펜)",20240522
"노인주의","단일",D000982,Naproxen,"나프록센","[M050116]나프록센","연질캡슐제, 액상",201404850,"맥쎈연질캡슐(나프록센)",20141023,"코스맥스파마(주)","무색의 투명한 액이 든 청록색의 투명한 타원형 연질캡슐",01140,"해열.진통.소염제","일반의약품","[M050116]나프록센",20210715,"","","Naproxen(나프록센)",20241212
"노인주의","단일",D000321,Morniflumate,"모니플루메이트","[M092795]모니플루메이트","나정",201405103,"모니마겐정350밀리그램(모니플루메이트)",20141031,"(주)일화","크림색의 타원형 정제",01140,"해열.진통.소염제","전문의약품","[M092795]모니플루메이트",20210715,"","","Morniflumate(모니플루메이트)",20200918
"노인주의","단일",D000422,Risperidone,"리스페리돈","[M086310]리스페리돈","필름코팅정",201405106,"피엠에스리스페리돈정0.5밀리그램(리스페리돈)",20141031,"파마사이언스코리아(주)","적갈색의 장방형 필름코팅정",01170,"정신신경용제","전문의약품","[M086310]리스페리돈",20210715,"","","Risperidone(리스페리돈)",20231129
"노인주의","단일",D000982,Naproxen,"나프록센","[M050116]나프록센","연질캡슐제, 액상",201405135,"올나펜연질캡슐(나프록센)",20141103,"(주)경보제약","무색의 내용물을 함유한 청록색의 투명한 타원형 연질캡슐",01140,"해열.진통.소염제","일반의약품","[M050116]나프록센",20210715,"","","Naproxen(나프록센)",20241212
"노인주의","단일",D000983,Piroxicam,"피록시캄","[M071634]피록시캄","피부용겔제",201405228,"쿨스펜겔(피록시캄)",20141107,"신일제약(주)","황색 투명한 겔제",02640,"진통.진양.수렴.소염제","일반의약품","[M071634]피록시캄",20210715,"","","Piroxicam(피록시캄)",20170227
"노인주의","단일",D000422,Risperidone,"리스페리돈","[M086310]리스페리돈","필름코팅정",201500111,"명문리스페리돈정1mg",20150112,"명문제약(주)","장방형의 흰색 필름코팅정제",01170,"정신신경용제","전문의약품","[M086310]리스페리돈",20210715,"","","Risperidone(리스페리돈)",20231129
"노인주의","단일",D000321,Morniflumate,"모니플루메이트","[M092795]모니플루메이트","나정",201500346,"모루밍정(모니플루메이트)",20150123,"대한뉴팜(주)","크림색의 타원형 정제",01140,"해열.진통.소염제","전문의약품","[M092795]모니플루메이트",20210715,"","","Morniflumate(모니플루메이트)",20200903
"노인주의","단일",D000357,Olanzapine,"올란자핀","[M089222]올란자핀","필름코팅정",201500444,"올자펙스정10밀리그램(올란자핀)",20150128,"(주)한국파마","흰색의 원형 필름코팅정제",01170,"정신신경용제","전문의약품","[M089222]올란자핀",20210715,"","","Olanzapine(올란자핀)",20200612
"노인주의","단일",D000357,Olanzapine,"올란자핀","[M089222]올란자핀","필름코팅정",201500445,"올자펙스정5밀리그램(올란자핀)",20150128,"(주)한국파마","흰색의 원형 필름코팅정제",01170,"정신신경용제","전문의약품","[M089222]올란자핀",20210715,"","","Olanzapine(올란자핀)",20200612
"노인주의","단일",D001004,Polmacoxib,"폴마콕시브","[M260872]폴마콕시브","경질캡슐제, 산제",201500622,"아셀렉스캡슐2밀리그램(폴마콕시브)",20150205,"씨지인바이츠주식회사","흰색에서 연한 노란색 가루가 든 상하부 흰색의 경질캡슐제",01140,"해열.진통.소염제","전문의약품","[M260872]폴마콕시브",20210715,"","","Polmacoxib(폴마콕시브)",20220826
"노인주의","단일",D000321,Morniflumate,"모니플루메이트","[M092795]모니플루메이트","나정",201500722,"플로맥스정(모니플루메이트)",20150212,"동성제약(주)","크림색의 타원형 정제",01140,"해열.진통.소염제","전문의약품","[M092795]모니플루메이트",20210715,"","","Morniflumate(모니플루메이트)",20200324
"노인주의","단일",D000321,Morniflumate,"모니플루메이트","[M092795]모니플루메이트","나정",201500963,"바이넥스모니플루메이트정",20150225,"(주)바이넥스","크림색의 장방형 정제",01140,"해열.진통.소염제","전문의약품","[M092795]모니플루메이트",20210715,"","","Morniflumate(모니플루메이트)",20201224
"노인주의","단일",D000206,Pelubiprofen,"펠루비프로펜","[M210533]펠루비프로펜","서방성필름코팅정",201501350,"펠루비서방정(펠루비프로펜)",20150313,"대원제약(주)","연한 황색의 원형 서방성 필름코팅정",01140,"해열.진통.소염제","전문의약품","[M210533]펠루비프로펜",20210715,"","","Pelubiprofen(펠루비프로펜)",20260130
"노인주의","단일",D000766,Zaltoprofen,"잘토프로펜","[M086829]잘토프로펜","필름코팅정",201501437,"잘토프정(잘토프로펜)",20150318,"이연제약(주)","흰색의 원형 필름코팅정제",01140,"해열.진통.소염제","전문의약품","[M086829]잘토프로펜",20210715,"","","Zaltoprofen(잘토프로펜)",20240522
"노인주의","단일",D000982,Naproxen,"나프록센","[M050116]나프록센","연질캡슐제, 액상",201501592,"낙센연질캡슐(나프록센)",20150325,"(주)종근당","미황색 내지 연분홍색의 투명한 내용물을 함유하는 분홍색 투명의 타원형 연질캡슐제",01140,"해열.진통.소염제","일반의약품","[M050116]나프록센",20210715,"","","Naproxen(나프록센)",20241212
"노인주의","단일",D000321,Morniflumate,"모니플루메이트","[M092795]모니플루메이트","나정",201501927,"모니플라정(모니플루메이트)",20150409,"(주)넥스팜코리아","크림색의 장방형 정제",01140,"해열.진통.소염제","전문의약품","[M092795]모니플루메이트",20210715,"","","Morniflumate(모니플루메이트)",20191010
"노인주의","단일",D000451,Aripiprazole,"아리피프라졸","[M096829]아리피프라졸","나정",201502454,"아리피졸정2밀리그램(아리피프라졸)",20150427,"환인제약(주)","녹색의 장방형 정제",01170,"정신신경용제","전문의약품","[M096829]아리피프라졸",20210715,"","","Aripiprazole(아리피프라졸)",20200108
"노인주의","단일",D000030,Amisulpride,"아미설프리드","[M089148]아미설프리드","나정",201503279,"아칸솔정100mg(아미설프리드)",20150528,"(주)한국파마","흰색의 원형 정제",01170,"정신신경용제","전문의약품","[M089148]아미설프리드",20220527,"","","Amisulpride(아미설프리드)",20190703
"노인주의","단일",D000030,Amisulpride,"아미설프리드","[M089148]아미설프리드","필름코팅정",201503280,"아칸솔정400mg(아미설프리드)",20150528,"(주)한국파마","흰색의 장방형 필름코팅정제",01170,"정신신경용제","전문의약품","[M089148]아미설프리드",20220527,"","","Amisulpride(아미설프리드)",20190703
"노인주의","단일",D000982,Naproxen,"나프록센","[M050116]나프록센","연질캡슐제, 액상",201503810,"엔프렌드연질캡슐(나프록센)",20150611,"부광약품(주)","미황 내지 연한 청록색의 투명한 내용물을 함유하는 청록색 투명의 장방형 연질캡슐제",01140,"해열.진통.소염제","일반의약품","[M050116]나프록센",20210715,"","","Naproxen(나프록센)",20241212
"노인주의","단일",D000321,Morniflumate,"모니플루메이트","[M092795]모니플루메이트","나정",201503958,"삼성모니플루메이트정350밀리그램",20150618,"삼성제약(주)","크림색의 타원형 정제",01140,"해열.진통.소염제","전문의약품","[M092795]모니플루메이트",20210715,"","","Morniflumate(모니플루메이트)",20190904
"노인주의","단일",D000020,Blonanserin,"블로난세린","[M247117]블로난세린","나정",201504175,"로나센정8밀리그램(블로난세린)",20150629,"부광약품(주)","흰색의 원형 정제",01170,"정신신경용제","전문의약품","[M247117]블로난세린",20220527,"","","Blonanserin(블로난세린)",20220323
"노인주의","단일",D000422,Risperidone,"리스페리돈","[M086310]리스페리돈","필름코팅정",201504182,"명문리스페리돈정2mg",20150629,"명문제약(주)","장방형의 연한 오렌지색 필름코팅정제",01170,"정신신경용제","전문의약품","[M086310]리스페리돈",20210715,"","","Risperidone(리스페리돈)",20231129
"노인주의","단일",D000451,Aripiprazole,"아리피프라졸","[M096829]아리피프라졸","나정",201505192,"아리피졸정30밀리그램(아리피프라졸)",20150731,"환인제약(주)","분홍색의 원형 정제",01170,"정신신경용제","전문의약품","[M096829]아리피프라졸",20210715,"","","Aripiprazole(아리피프라졸)",20201221
"노인주의","단일",D000357,Olanzapine,"올란자핀","[M089222]올란자핀","필름코팅정",201507717,"테바올란자핀정10밀리그램",20151113,"(주)한독테바","흰색의 양면이 볼록한 원형 필름코팅정제",01170,"정신신경용제","전문의약품","[M089222]올란자핀",20210715,"","","Olanzapine(올란자핀)",20201209
"노인주의","단일",D000357,Olanzapine,"올란자핀","[M089222]올란자핀","필름코팅정",201507718,"테바올란자핀정5밀리그램",20151113,"(주)한독테바","흰색의 양면이 볼록한 원형 필름코팅정제",01170,"정신신경용제","전문의약품","[M089222]올란자핀",20210715,"","","Olanzapine(올란자핀)",20201209
"노인주의","단일",D000357,Olanzapine,"올란자핀","[M089222]올란자핀","필름코팅정",201507719,"테바올란자핀정2.5밀리그램",20151113,"(주)한독테바","흰색의 양면이 볼록한 원형 필름코팅정제",01170,"정신신경용제","전문의약품","[M089222]올란자핀",20210715,"","","Olanzapine(올란자핀)",20201209
"노인주의","단일",D000583,Quetiapine,"쿠에티아핀","[M228429]쿠에티아핀푸마르산염","서방성필름코팅정",201507923,"쿠에티서방정50밀리그램(쿠에티아핀푸마르산염)",20151125,"(주)한국파마","흰색~회백색의 양면이 볼록한 원형 서방성 필름코팅정",01170,"정신신경용제","전문의약품","[M228429]쿠에티아핀푸마르산염",20210715,"","","Quetiapine(쿠에티아핀)",20250212
"노인주의","단일",D000583,Quetiapine,"쿠에티아핀","[M228429]쿠에티아핀푸마르산염","서방성필름코팅정",201507924,"쿠에티서방정150밀리그램(쿠에티아핀푸마르산염)",20151125,"(주)한국파마","흰색~회백색의 양면이 볼록한 장방형 서방성 필름코팅정",01170,"정신신경용제","전문의약품","[M228429]쿠에티아핀푸마르산염",20210715,"","","Quetiapine(쿠에티아핀)",20250212
"노인주의","단일",D000583,Quetiapine,"쿠에티아핀","[M228429]쿠에티아핀푸마르산염","서방성필름코팅정",201507925,"쿠에티서방정300밀리그램(쿠에티아핀푸마르산염)",20151125,"(주)한국파마","흰색~회백색의 양면이 볼록한 장방형 서방성 필름코팅정",01170,"정신신경용제","전문의약품","[M228429]쿠에티아핀푸마르산염",20210715,"","","Quetiapine(쿠에티아핀)",20250212
"노인주의","단일",D000583,Quetiapine,"쿠에티아핀","[M228429]쿠에티아핀푸마르산염","서방성필름코팅정",201507926,"쿠에티서방정400밀리그램(쿠에티아핀푸마르산염)",20151125,"(주)한국파마","흰색~회백색의 양면이 볼록한 타원형 서방성 필름코팅정",01170,"정신신경용제","전문의약품","[M228429]쿠에티아핀푸마르산염",20210715,"","","Quetiapine(쿠에티아핀)",20250212
"노인주의","단일",D000583,Quetiapine,"쿠에티아핀","[M228429]쿠에티아핀푸마르산염","서방성필름코팅정",201507927,"쿠에티서방정200밀리그램(쿠에티아핀푸마르산염)",20151125,"(주)한국파마","흰색~회백색의 양면이 볼록한 장방형 서방성 필름코팅정",01170,"정신신경용제","전문의약품","[M228429]쿠에티아핀푸마르산염",20210715,"","","Quetiapine(쿠에티아핀)",20250212
"노인주의","단일",D000583,Quetiapine,"쿠에티아핀","[M228429]쿠에티아핀푸마르산염","서방성필름코팅정",201507964,"쿠에타핀서방정50밀리그램(쿠에티아핀푸마르산염)",20151127,"환인제약(주)","흰색~회백색의 양면이 볼록한 원형 서방성 필름코팅정제",01170,"정신신경용제","전문의약품","[M228429]쿠에티아핀푸마르산염",20210715,"","","Quetiapine(쿠에티아핀)",20250212
"노인주의","단일",D000583,Quetiapine,"쿠에티아핀","[M228429]쿠에티아핀푸마르산염","서방성필름코팅정",201507965,"쿠에타핀서방정150밀리그램(쿠에티아핀푸마르산염)",20151127,"환인제약(주)","흰색~회백색의 양면이 볼록한 장방형 서방성 필름코팅정제",01170,"정신신경용제","전문의약품","[M228429]쿠에티아핀푸마르산염",20210715,"","","Quetiapine(쿠에티아핀)",20250212
"노인주의","단일",D000583,Quetiapine,"쿠에티아핀","[M228429]쿠에티아핀푸마르산염","서방성필름코팅정",201507966,"쿠에타핀서방정200밀리그램(쿠에티아핀푸마르산염)",20151127,"환인제약(주)","흰색~회백색의 양면이 볼록한 장방형 서방성 필름코팅정제",01170,"정신신경용제","전문의약품","[M228429]쿠에티아핀푸마르산염",20210715,"","","Quetiapine(쿠에티아핀)",20250212
"노인주의","단일",D000583,Quetiapine,"쿠에티아핀","[M228429]쿠에티아핀푸마르산염","서방성필름코팅정",201507967,"쿠에타핀서방정300밀리그램(쿠에티아핀푸마르산염)",20151127,"환인제약(주)","흰색~회백색의 양면이 볼록한 장방형 서방성 필름코팅정제",01170,"정신신경용제","전문의약품","[M228429]쿠에티아핀푸마르산염",20210715,"","","Quetiapine(쿠에티아핀)",20250212
"노인주의","단일",D000583,Quetiapine,"쿠에티아핀","[M228429]쿠에티아핀푸마르산염","서방성필름코팅정",201507968,"쿠에타핀서방정400밀리그램(쿠에티아핀푸마르산염)",20151127,"환인제약(주)","흰색~회백색의 양면이 볼록한 타원형 서방성 필름코팅정제",01170,"정신신경용제","전문의약품","[M228429]쿠에티아핀푸마르산염",20210715,"","","Quetiapine(쿠에티아핀)",20250212
"노인주의","단일",D000357,Olanzapine,"올란자핀","[M089222]올란자핀","필름코팅정",201507969,"테바올란자핀정15밀리그램",20151127,"(주)한독테바","연한 파란색의 양면이 볼록한 타원형 필름코팅정제",01170,"정신신경용제","전문의약품","[M089222]올란자핀",20210715,"","","Olanzapine(올란자핀)",20201210
"노인주의","단일",D000583,Quetiapine,"쿠에티아핀","[M228429]쿠에티아핀푸마르산염","서방성필름코팅정",201507970,"큐로켈서방정150밀리그램(쿠에티아핀푸마르산염)",20151127,"명인제약(주)","흰색~회백색의 양면이 볼록한 장방형 서방성 필름코팅정",01170,"정신신경용제","전문의약품","[M228429]쿠에티아핀푸마르산염",20210715,"","","Quetiapine(쿠에티아핀)",20250212
"노인주의","단일",D000583,Quetiapine,"쿠에티아핀","[M228429]쿠에티아핀푸마르산염","서방성필름코팅정",201507971,"큐로켈서방정50밀리그램(쿠에티아핀푸마르산염)",20151127,"명인제약(주)","흰색~회백색의 양면이 볼록한 원형 서방성 필름코팅정",01170,"정신신경용제","전문의약품","[M228429]쿠에티아핀푸마르산염",20210715,"","","Quetiapine(쿠에티아핀)",20250212
"노인주의","단일",D000583,Quetiapine,"쿠에티아핀","[M228429]쿠에티아핀푸마르산염","서방성필름코팅정",201507972,"큐로켈서방정200밀리그램(쿠에티아핀푸마르산염)",20151127,"명인제약(주)","흰색~회백색의 양면이 볼록한 장방형 서방성 필름코팅정제",01170,"정신신경용제","전문의약품","[M228429]쿠에티아핀푸마르산염",20210715,"","","Quetiapine(쿠에티아핀)",20250212
"노인주의","단일",D000583,Quetiapine,"쿠에티아핀","[M228429]쿠에티아핀푸마르산염","서방성필름코팅정",201507973,"큐로켈서방정300밀리그램(쿠에티아핀푸마르산염)",20151127,"명인제약(주)","흰색~회백색의 양면이 볼록한 장방형 서방성 필름코팅정제",01170,"정신신경용제","전문의약품","[M228429]쿠에티아핀푸마르산염",20210715,"","","Quetiapine(쿠에티아핀)",20250212
"노인주의","단일",D000583,Quetiapine,"쿠에티아핀","[M228429]쿠에티아핀푸마르산염","서방성필름코팅정",201507974,"큐로켈서방정400밀리그램(쿠에티아핀푸마르산염)",20151127,"명인제약(주)","흰색~회백색의 양면이 볼록한 타원형 서방성 필름코팅정제",01170,"정신신경용제","전문의약품","[M228429]쿠에티아핀푸마르산염",20210715,"","","Quetiapine(쿠에티아핀)",20250212
"노인주의","단일",D000357,Olanzapine,"올란자핀","[M089222]올란자핀","필름코팅정",201507984,"피엠에스올란자핀정2.5밀리그램(올란자핀)",20151127,"(주)제뉴파마","흰색의 원형 필름코팅정",01170,"정신신경용제","전문의약품","[M089222]올란자핀",20210715,"","","Olanzapine(올란자핀)",20201117
"노인주의","단일",D000357,Olanzapine,"올란자핀","[M089222]올란자핀","필름코팅정",201507985,"피엠에스올란자핀정5밀리그램(올란자핀)",20151127,"(주)제뉴파마","흰색의 원형 필름코팅정",01170,"정신신경용제","전문의약품","[M089222]올란자핀",20210715,"","","Olanzapine(올란자핀)",20201117
"노인주의","단일",D000357,Olanzapine,"올란자핀","[M089222]올란자핀","필름코팅정",201507986,"피엠에스올란자핀정10밀리그램(올란자핀)",20151127,"(주)제뉴파마","흰색의 원형 필름코팅정",01170,"정신신경용제","전문의약품","[M089222]올란자핀",20210715,"","","Olanzapine(올란자핀)",20201117
"노인주의","단일",D000451,Aripiprazole,"아리피프라졸","[M263313]아리피프라졸일수화물","서방성현탁액용동결건조분말주사제",201508422,"아빌리파이메인테나주사300밀리그램(아리피프라졸일수화물)",20151223,"한국오츠카제약(주)","백색∼엷은 미백색의 동결건조물이 무색투명한 유리용기에 든 프리필드실린지",01170,"정신신경용제","전문의약품","[M263313]아리피프라졸일수화물",20210715,"","","Aripiprazole(아리피프라졸)",20230416
"노인주의","단일",D000451,Aripiprazole,"아리피프라졸","[M263313]아리피프라졸일수화물","서방성현탁액용동결건조분말주사제",201508423,"아빌리파이메인테나주사400밀리그램(아리피프라졸일수화물)",20151223,"한국오츠카제약(주)","백색∼엷은 미백색의 동결건조물이 무색투명한 유리용기에 든 프리필드실린지",01170,"정신신경용제","전문의약품","[M263313]아리피프라졸일수화물",20210715,"","","Aripiprazole(아리피프라졸)",20230416
"노인주의","단일",D000583,Quetiapine,"쿠에티아핀","[M228429]쿠에티아핀푸마르산염","필름코팅정",201600274,"세로아핀정25mg(쿠에티아핀푸마르산염)",20160115,"위더스제약(주)","분홍색의 원형 필름코팅정",01170,"정신신경용제","전문의약품","[M228429]쿠에티아핀푸마르산염",20210715,"","","Quetiapine(쿠에티아핀)",20250212
"노인주의","단일",D000583,Quetiapine,"쿠에티아핀","[M228429]쿠에티아핀푸마르산염","필름코팅정",201600275,"세로아핀정100mg(쿠에티아핀푸마르산염)",20160115,"위더스제약(주)","노란색의 원형 필름코팅정",01170,"정신신경용제","전문의약품","[M228429]쿠에티아핀푸마르산염",20210715,"","","Quetiapine(쿠에티아핀)",20250212
"노인주의","단일",D000357,Olanzapine,"올란자핀","[M089222]올란자핀","필름코팅정",201600803,"제이더블유올란자핀정2.5mg(수출명:Olanzapine Tablet 2.5mg SANWA)(수출용)",20160212,"제이더블유중외제약(주)","흰색의 원형 필름코팅정",01170,"정신신경용제","전문의약품","[M089222]올란자핀",20210715,"","","Olanzapine(올란자핀)",20191001
"노인주의","단일",D000357,Olanzapine,"올란자핀","[M089222]올란자핀","필름코팅정",201600804,"제이더블유올란자핀정5mg(수출명:Olanzapine Tablet 5mg SANWA)(수출용)",20160212,"제이더블유중외제약(주)","흰색의 원형 필름코팅정",01170,"정신신경용제","전문의약품","[M089222]올란자핀",20210715,"","","Olanzapine(올란자핀)",20191001
"노인주의","단일",D000357,Olanzapine,"올란자핀","[M089222]올란자핀","필름코팅정",201600805,"제이더블유올란자핀정10mg(수출명:Olanzapine Tablet 10mg SANWA)(수출용)",20160212,"제이더블유중외제약(주)","할선이 있는 흰색의 원형 필름코팅정",01170,"정신신경용제","전문의약품","[M089222]올란자핀",20210715,"","","Olanzapine(올란자핀)",20191001
"노인주의","단일",D000357,Olanzapine,"올란자핀","[M089222]올란자핀","필름코팅정",201600806,"제이더블유올란자핀정20mg(수출명:Olanzapine Tablet 20mg SANWA)(수출용)",20160212,"제이더블유중외제약(주)","할선이 있는 흰색의 타원형 필름코팅정",01170,"정신신경용제","전문의약품","[M089222]올란자핀",20210715,"","","Olanzapine(올란자핀)",20191001
"노인주의","단일",D000583,Quetiapine,"쿠에티아핀","[M228429]쿠에티아핀푸마르산염","필름코팅정",201601046,"피엠에스쿠에티아핀정200mg(쿠에티아핀푸마르산염)",20160225,"(주)제뉴파마","흰색의 원형 필름코팅정",01170,"정신신경용제","전문의약품","[M228429]쿠에티아핀푸마르산염",20210715,"","","Quetiapine(쿠에티아핀)",20250212
"노인주의","단일",D000982,Naproxen,"나프록센","[M050116]나프록센","연질캡슐제, 액상",201601056,"이지엔6스트롱연질캡슐(나프록센)",20160226,"(주)대웅제약","무색 내지 연한 청록색의 투명한 내용물을 함유한 청록색의 투명한 타원형 연질캡슐",01140,"해열.진통.소염제","일반의약품","[M050116]나프록센",20210715,"","","Naproxen(나프록센)",20241212
"노인주의","단일",D000583,Quetiapine,"쿠에티아핀","[M228429]쿠에티아핀푸마르산염","필름코팅정",201601117,"피엠에스쿠에티아핀정100mg(쿠에티아핀푸마르산염)",20160226,"(주)제뉴파마","노란색의 원형필름코팅정",01170,"정신신경용제","전문의약품","[M228429]쿠에티아핀푸마르산염",20210715,"","","Quetiapine(쿠에티아핀)",20250212
"노인주의","단일",D000766,Zaltoprofen,"잘토프로펜","[M086829]잘토프로펜","필름코팅정",201602274,"잘레톤정(잘토프로펜)",20160422,"(주)셀트리온제약","흰색의 원형 필름코팅정",01140,"해열.진통.소염제","전문의약품","[M086829]잘토프로펜",20210715,"","","Zaltoprofen(잘토프로펜)",20240522
"노인주의","단일",D000451,Aripiprazole,"아리피프라졸","[M096829]아리피프라졸","나정",201603078,"아리피원정10밀리그램(아리피프라졸)",20160530,"하나제약(주)","분홍색의 장방형 정제",01170,"정신신경용제","전문의약품","[M096829]아리피프라졸",20210715,"","","Aripiprazole(아리피프라졸)",20200626
"노인주의","단일",D000583,Quetiapine,"쿠에티아핀","[M228429]쿠에티아핀푸마르산염","필름코팅정",201603147,"큐로켈정50밀리그램(쿠에티아핀푸마르산염)",20160531,"명인제약(주)","흰색의 원형 필름코팅정",01170,"정신신경용제","전문의약품","[M228429]쿠에티아핀푸마르산염",20210715,"","","Quetiapine(쿠에티아핀)",20250212
"노인주의","단일",D000491,Paliperidone,"팔리페리돈","[M250479]팔리페리돈팔미테이트/[M250479]팔리페리돈팔미테이트/[M250479]팔리페리돈팔미테이트/[M250479]팔리페리돈팔미테이트","서방성현탁액성주사제",201603750,"인베가트린자주사(팔리페리돈팔미테이트)",20160622,"(주)한국얀센","흰색 내지 미백색의 현탁액이 투명한 플라스틱 프리필드시린지에 든 서방형 주사제",01170,"정신신경용제","전문의약품","[M250479]팔리페리돈팔미테이트/[M250479]팔리페리돈팔미테이트/[M250479]팔리페리돈팔미테이트/[M250479]팔리페리돈팔미테이트",20210715,"","","Paliperidone(팔리페리돈)",20201029
"노인주의","단일",D000583,Quetiapine,"쿠에티아핀","[M228429]쿠에티아핀푸마르산염","필름코팅정",201603841,"쎄로티핀정100밀리그램(쿠에티아핀푸마르산염)",20160623,"현대약품(주)","노란색의 원형 필름코팅정",01170,"정신신경용제","전문의약품","[M228429]쿠에티아핀푸마르산염",20210715,"","","Quetiapine(쿠에티아핀)",20250212
"노인주의","단일",D000583,Quetiapine,"쿠에티아핀","[M228429]쿠에티아핀푸마르산염","필름코팅정",201603842,"쎄로티핀정300밀리그램(쿠에티아핀푸마르산염)",20160623,"현대약품(주)","흰색의 장방형 필름코팅정",01170,"정신신경용제","전문의약품","[M228429]쿠에티아핀푸마르산염",20210715,"","","Quetiapine(쿠에티아핀)",20250212
"노인주의","단일",D000583,Quetiapine,"쿠에티아핀","[M228429]쿠에티아핀푸마르산염","필름코팅정",201603843,"쎄로티핀정25밀리그램(쿠에티아핀푸마르산염)",20160623,"현대약품(주)","분홍색의 원형 필름코팅정",01170,"정신신경용제","전문의약품","[M228429]쿠에티아핀푸마르산염",20210715,"","","Quetiapine(쿠에티아핀)",20250212
"노인주의","단일",D000583,Quetiapine,"쿠에티아핀","[M228429]쿠에티아핀푸마르산염","필름코팅정",201603844,"쎄로티핀정200밀리그램(쿠에티아핀푸마르산염)",20160623,"현대약품(주)","흰색의 원형 필름코팅정",01170,"정신신경용제","전문의약품","[M228429]쿠에티아핀푸마르산염",20210715,"","","Quetiapine(쿠에티아핀)",20250212
"노인주의","단일",D000451,Aripiprazole,"아리피프라졸","[M096829]아리피프라졸","나정",201604198,"레피졸정30밀리그램(아리피프라졸)",20160707,"명인제약(주)","분홍색의 원형 정제",01170,"정신신경용제","전문의약품","[M096829]아리피프라졸",20210715,"","","Aripiprazole(아리피프라졸)",20200109
"노인주의","단일",D000982,Naproxen,"나프록센","[M050116]나프록센","연질캡슐제, 액상",201700401,"로젠연질캡슐(나프록센)",20170123,"정우신약(주)","무색의 투명한 액이 든 청록색의 투명한 타원형 연질캡슐",01140,"해열.진통.소염제","일반의약품","[M050116]나프록센",20210715,"","","Naproxen(나프록센)",20241212
"노인주의","단일",D000982,Naproxen,"나프록센","[M070724]나프록센나트륨","필름코팅정",201701248,"나프록소정(나프록센나트륨)",20170313,"오스템파마주식회사","흰색의 장방형 필름코팅정제",01140,"해열.진통.소염제","일반의약품","[M070724]나프록센나트륨",20210715,"","","Naproxen(나프록센)",20241212
"노인주의","단일",D000422,Risperidone,"리스페리돈","[M086310]리스페리돈","구강붕해정",201701456,"리스펜오디정1밀리그램(리스페리돈)",20170328,"명인제약(주)","흰색의 원형 구강붕해정",01170,"정신신경용제","전문의약품","[M086310]리스페리돈",20210715,"","","Risperidone(리스페리돈)",20231129
"노인주의","단일",D000422,Risperidone,"리스페리돈","[M086310]리스페리돈","구강붕해정",201701458,"리스펜오디정2밀리그램(리스페리돈)",20170328,"명인제약(주)","청색의 원형 구강붕해정",01170,"정신신경용제","전문의약품","[M086310]리스페리돈",20210715,"","","Risperidone(리스페리돈)",20231129
"노인주의","단일",D000982,Naproxen,"나프록센","[M050116]나프록센","연질캡슐제, 액상",201702682,"킥센연질캡슐(나프록센)",20170529,"지엘파마(주)","무색의 투명한 액이 든 청록색의 투명한 타원형 연질캡슐",01140,"해열.진통.소염제","일반의약품","[M050116]나프록센",20210715,"","","Naproxen(나프록센)",20241212
"노인주의","단일",D000583,Quetiapine,"쿠에티아핀","[M243782]쿠에티아핀푸마르산염","필름코팅정",201702795,"쿠에타핀정12.5밀리그램(쿠에티아핀푸마르산염)",20170531,"환인제약(주)","흰색의 원형 필름코팅정제",01170,"정신신경용제","전문의약품","[M243782]쿠에티아핀푸마르산염",20210715,"","","Quetiapine(쿠에티아핀)",20250212
"노인주의","단일",D000982,Naproxen,"나프록센","[M050116]나프록센","연질캡슐제, 액상",201707302,"프리엔에프연질캡슐(나프록센)",20170928,"동국제약(주)","무색 내지 미황색의 투명한 내용물을 함유하는 노란색 투명의 달걀형 연질캡슐제",01140,"해열.진통.소염제","일반의약품","[M050116]나프록센",20210715,"","","Naproxen(나프록센)",20241212
"노인주의","단일",D000020,Blonanserin,"블로난세린","[M247117]블로난세린","나정",201707313,"파마블로난세린정8밀리그램",20170929,"(주)한국파마","흰색의 원형 정제",01170,"정신신경용제","전문의약품","[M247117]블로난세린",20220527,"","","Blonanserin(블로난세린)",20220323
"노인주의","단일",D000422,Risperidone,"리스페리돈","[M086310]리스페리돈","필름코팅정",201707616,"리스달정3밀리그램(리스페리돈)",20171027,"한림제약(주)","장방형의 노란색 필름코팅정제",01170,"정신신경용제","전문의약품","[M086310]리스페리돈",20210715,"","","Risperidone(리스페리돈)",20231129
"노인주의","단일",D000422,Risperidone,"리스페리돈","[M086310]리스페리돈","필름코팅정",201707617,"리스달정1밀리그램(리스페리돈)",20171027,"한림제약(주)","장방형의 흰색 필름코팅정제",01170,"정신신경용제","전문의약품","[M086310]리스페리돈",20210715,"","","Risperidone(리스페리돈)",20231129
"노인주의","단일",D000422,Risperidone,"리스페리돈","[M086310]리스페리돈","필름코팅정",201707618,"리스달정2밀리그램(리스페리돈)",20171027,"한림제약(주)","장방형의 연한 오렌지색 필름코팅정제",01170,"정신신경용제","전문의약품","[M086310]리스페리돈",20210715,"","","Risperidone(리스페리돈)",20231129
"노인주의","단일",D000491,Paliperidone,"팔리페리돈","[M220478]팔리페리돈","서방성필름코팅정",201707658,"팔리스펜서방정9밀리그램(팔리페리돈)",20171030,"명인제약(주)","분홍색 원형의 서방성 필름코팅정제",01170,"정신신경용제","전문의약품","[M220478]팔리페리돈",20210715,"","","Paliperidone(팔리페리돈)",20200504
"노인주의","단일",D000491,Paliperidone,"팔리페리돈","[M220478]팔리페리돈","서방성필름코팅정",201707659,"팔리스펜서방정3밀리그램(팔리페리돈)",20171030,"명인제약(주)","흰색 원형의 서방성 필름코팅정제",01170,"정신신경용제","전문의약품","[M220478]팔리페리돈",20210715,"","","Paliperidone(팔리페리돈)",20200504
"노인주의","단일",D000491,Paliperidone,"팔리페리돈","[M220478]팔리페리돈","서방성필름코팅정",201707660,"팔리스펜서방정6밀리그램(팔리페리돈)",20171030,"명인제약(주)","밝은 노란색 원형의 서방성 필름코팅정제",01170,"정신신경용제","전문의약품","[M220478]팔리페리돈",20210715,"","","Paliperidone(팔리페리돈)",20200504
"노인주의","단일",D000020,Blonanserin,"블로난세린","[M247117]블로난세린","나정",201708581,"파마블로난세린정2밀리그램",20171227,"(주)한국파마","흰색의 원형 정제",01170,"정신신경용제","전문의약품","[M247117]블로난세린",20220527,"","","Blonanserin(블로난세린)",20220323
"노인주의","단일",D000020,Blonanserin,"블로난세린","[M247117]블로난세린","나정",201708582,"파마블로난세린정4밀리그램",20171227,"(주)한국파마","흰색의 원형 정제",01170,"정신신경용제","전문의약품","[M247117]블로난세린",20220527,"","","Blonanserin(블로난세린)",20220323
"노인주의","단일",D000982,Naproxen,"나프록센","[M050116]나프록센","연질캡슐제, 액상",201708634,"푸로싹연질캡슐(나프록센)",20171229,"제일헬스사이언스(주)","무색의 투명한 액이 든 무색의 투명한 타원형 연질캡슐",01140,"해열.진통.소염제","일반의약품","[M050116]나프록센",20210715,"","","Naproxen(나프록센)",20241212
"노인주의","단일",D000766,Zaltoprofen,"잘토프로펜","[M086829]잘토프로펜","필름코팅정",201800173,"잘토맥정(잘토프로펜)",20180111,"맥널티제약(주)","흰색의 원형 필름코팅정제",01140,"해열.진통.소염제","전문의약품","[M086829]잘토프로펜",20210715,"","","Zaltoprofen(잘토프로펜)",20240522
"노인주의","단일",D000583,Quetiapine,"쿠에티아핀","[M243782]쿠에티아핀푸마르산염","필름코팅정",201801388,"쿠에타핀정50밀리그램(쿠에티아핀푸마르산염)",20180328,"환인제약(주)","흰색의 원형 필름코팅정",01170,"정신신경용제","전문의약품","[M243782]쿠에티아핀푸마르산염",20210715,"","","Quetiapine(쿠에티아핀)",20250212
"노인주의","단일",D000422,Risperidone,"리스페리돈","[M086310]리스페리돈","필름코팅정",201801664,"리스돈정0.5밀리그램(리스페리돈)",20180417,"(주)한국파마","장방형의 적갈색 필름코팅 정제",01170,"정신신경용제","전문의약품","[M086310]리스페리돈",20210715,"","","Risperidone(리스페리돈)",20231129
"노인주의","단일",D000583,Quetiapine,"쿠에티아핀","[M243782]쿠에티아핀푸마르산염","서방성필름코팅정",201801703,"카세핀서방정300밀리그램(쿠에티아핀푸마르산염)",20180420,"한림제약(주)","흰색~회백색의 양면이 볼록한 장방형 서방성 필름코팅정",01170,"정신신경용제","전문의약품","[M243782]쿠에티아핀푸마르산염",20210715,"","","Quetiapine(쿠에티아핀)",20250212
"노인주의","단일",D000583,Quetiapine,"쿠에티아핀","[M243782]쿠에티아핀푸마르산염","서방성필름코팅정",201801704,"카세핀서방정400밀리그램(쿠에티아핀푸마르산염)",20180420,"한림제약(주)","흰색~회백색의 양면이 볼록한 타원형 서방성 필름코팅정",01170,"정신신경용제","전문의약품","[M243782]쿠에티아핀푸마르산염",20210715,"","","Quetiapine(쿠에티아핀)",20250212
"노인주의","단일",D000583,Quetiapine,"쿠에티아핀","[M243782]쿠에티아핀푸마르산염","서방성필름코팅정",201801705,"카세핀서방정50밀리그램(쿠에티아핀푸마르산염)",20180420,"한림제약(주)","흰색~회백색의 양면이 볼록한 원형 서방성 필름코팅정",01170,"정신신경용제","전문의약품","[M243782]쿠에티아핀푸마르산염",20210715,"","","Quetiapine(쿠에티아핀)",20250212
"노인주의","단일",D000583,Quetiapine,"쿠에티아핀","[M243782]쿠에티아핀푸마르산염","서방성필름코팅정",201801706,"카세핀서방정150밀리그램(쿠에티아핀푸마르산염)",20180420,"한림제약(주)","흰색~회백색의 양면이 볼록한 장방형 서방성 필름코팅정",01170,"정신신경용제","전문의약품","[M243782]쿠에티아핀푸마르산염",20210715,"","","Quetiapine(쿠에티아핀)",20250212
"노인주의","단일",D000583,Quetiapine,"쿠에티아핀","[M243782]쿠에티아핀푸마르산염","서방성필름코팅정",201801707,"카세핀서방정200밀리그램(쿠에티아핀푸마르산염)",20180420,"한림제약(주)","흰색~회백색의 양면이 볼록한 장방형 서방성 필름코팅정",01170,"정신신경용제","전문의약품","[M243782]쿠에티아핀푸마르산염",20210715,"","","Quetiapine(쿠에티아핀)",20250212
"노인주의","단일",D000583,Quetiapine,"쿠에티아핀","[M243782]쿠에티아핀푸마르산염","필름코팅정",201801717,"삼성쿠에티아핀정25밀리그램(쿠에티아핀푸마르산염)",20180423,"삼성제약(주)","분홍색의 원형 필름코팅정",01170,"정신신경용제","전문의약품","[M243782]쿠에티아핀푸마르산염",20210715,"","","Quetiapine(쿠에티아핀)",20250212
"노인주의","단일",D000583,Quetiapine,"쿠에티아핀","[M243782]쿠에티아핀푸마르산염","필름코팅정",201801806,"콰이치정25밀리그램(쿠에티아핀푸마르산염)",20180427,"유니메드제약(주)","분홍색의 원형 필름코팅정",01170,"정신신경용제","전문의약품","[M243782]쿠에티아핀푸마르산염",20210715,"","","Quetiapine(쿠에티아핀)",20250212
"노인주의","단일",D000583,Quetiapine,"쿠에티아핀","[M243782]쿠에티아핀푸마르산염","필름코팅정",201801807,"콰이치정100밀리그램(쿠에티아핀푸마르산염)",20180427,"유니메드제약(주)","노란색의 원형 필름코팅정",01170,"정신신경용제","전문의약품","[M243782]쿠에티아핀푸마르산염",20210715,"","","Quetiapine(쿠에티아핀)",20250212
"노인주의","단일",D000422,Risperidone,"리스페리돈","[M086310]리스페리돈","필름코팅정",201801838,"리페딘정1밀리그램(리스페리돈)",20180430,"(주)다산제약","장방형의 흰색 필름코팅정제",01170,"정신신경용제","전문의약품","[M086310]리스페리돈",20210715,"","","Risperidone(리스페리돈)",20231129
"노인주의","단일",D000583,Quetiapine,"쿠에티아핀","[M243782]쿠에티아핀푸마르산염","필름코팅정",201802356,"쿠아핀정25밀리그램(쿠에티아핀푸마르산염)",20180605,"(주)다산제약","분홍색의 원형 필름코팅정",01170,"정신신경용제","전문의약품","[M243782]쿠에티아핀푸마르산염",20210715,"","","Quetiapine(쿠에티아핀)",20250212
"노인주의","단일",D000583,Quetiapine,"쿠에티아핀","[M243782]쿠에티아핀푸마르산염","필름코팅정",201802363,"쿠아핀정100밀리그램(쿠에티아핀푸마르산염)",20180607,"(주)다산제약","노란색의 원형필름코팅정",01170,"정신신경용제","전문의약품","[M243782]쿠에티아핀푸마르산염",20210715,"","","Quetiapine(쿠에티아핀)",20250212
"노인주의","단일",D000583,Quetiapine,"쿠에티아핀","[M243782]쿠에티아핀푸마르산염","필름코팅정",201802465,"이지타핀정200밀리그램(쿠에티아핀푸마르산염)",20180614,"(주)휴온스","흰색의 원형 필름코팅정",01170,"정신신경용제","전문의약품","[M243782]쿠에티아핀푸마르산염",20210715,"","","Quetiapine(쿠에티아핀)",20250212
"노인주의","단일",D000583,Quetiapine,"쿠에티아핀","[M243782]쿠에티아핀푸마르산염","필름코팅정",201802537,"이지타핀정25밀리그램(쿠에티아핀푸마르산염)",20180619,"(주)휴온스","분홍색의 원형 필름코팅정",01170,"정신신경용제","전문의약품","[M243782]쿠에티아핀푸마르산염",20210715,"","","Quetiapine(쿠에티아핀)",20250212
"노인주의","단일",D000583,Quetiapine,"쿠에티아핀","[M243782]쿠에티아핀푸마르산염","필름코팅정",201802582,"이지타핀정300밀리그램(쿠에티아핀푸마르산염)",20180620,"(주)휴온스","흰색의 장방형 필름코팅정",01170,"정신신경용제","전문의약품","[M243782]쿠에티아핀푸마르산염",20210715,"","","Quetiapine(쿠에티아핀)",20250212
"노인주의","단일",D000583,Quetiapine,"쿠에티아핀","[M243782]쿠에티아핀푸마르산염","필름코팅정",201802733,"쿠아틴정25밀리그램(쿠에티아핀푸마르산염)",20180629,"영풍제약(주)","분홍색의 원형 필름코팅정",01170,"정신신경용제","전문의약품","[M243782]쿠에티아핀푸마르산염",20210715,"","","Quetiapine(쿠에티아핀)",20250212
"노인주의","단일",D000583,Quetiapine,"쿠에티아핀","[M243782]쿠에티아핀푸마르산염","필름코팅정",201802734,"쿠아틴정100밀리그램(쿠에티아핀푸마르산염)",20180629,"영풍제약(주)","노란색의 원형필름코팅정",01170,"정신신경용제","전문의약품","[M243782]쿠에티아핀푸마르산염",20210715,"","","Quetiapine(쿠에티아핀)",20250212
"노인주의","단일",D000583,Quetiapine,"쿠에티아핀","[M243782]쿠에티아핀푸마르산염","필름코팅정",201802736,"쿠아틴정200밀리그램(쿠에티아핀푸마르산염)",20180629,"영풍제약(주)","흰색의 원형 필름코팅정",01170,"정신신경용제","전문의약품","[M243782]쿠에티아핀푸마르산염",20210715,"","","Quetiapine(쿠에티아핀)",20250212
"노인주의","단일",D000583,Quetiapine,"쿠에티아핀","[M243782]쿠에티아핀푸마르산염","필름코팅정",201803540,"쿠에핀정25mg(쿠에티아핀푸마르산염)",20180830,"한국휴텍스제약(주)","분홍색의 원형 필름코팅정",01170,"정신신경용제","전문의약품","[M243782]쿠에티아핀푸마르산염",20210715,"","","Quetiapine(쿠에티아핀)",20250212
"노인주의","단일",D000982,Naproxen,"나프록센","[M050116]나프록센","연질캡슐제, 액상",201803970,"팜페인파워연질캡슐(나프록센)",20181010,"이연제약(주)","무색의 투명한 액이 든 청색의 투명한 타원형 연질캡슐",01140,"해열.진통.소염제","일반의약품","[M050116]나프록센",20210715,"","","Naproxen(나프록센)",20241212
"노인주의","단일",D000180,Clozapine,"클로자핀","[M081194]클로자핀","나정",201804185,"클자핀정50밀리그램(클로자핀)",20181024,"동화약품(주)","황색의 원형 정제",01170,"정신신경용제","전문의약품","[M081194]클로자핀",20210715,"","","Clozapine(클로자핀)",20250917
"노인주의","단일",D000766,Zaltoprofen,"잘토프로펜","[M086829]잘토프로펜","필름코팅정",201804287,"삼성잘토프로펜정",20181030,"삼성제약(주)","흰색의 원형필름코팅정제",01140,"해열.진통.소염제","전문의약품","[M086829]잘토프로펜",20210715,"","","Zaltoprofen(잘토프로펜)",20240522
"노인주의","단일",D000180,Clozapine,"클로자핀","[M081194]클로자핀","나정",201804474,"클자핀정200밀리그램(클로자핀)",20181112,"동화약품(주)","황색의 장방형 정제",01170,"정신신경용제","전문의약품","[M081194]클로자핀",20210715,"","","Clozapine(클로자핀)",20250917
"노인주의","단일",D000427,Meloxicam,"멜록시캄","[M086439]멜록시캄","경질캡슐제, 산제",201805357,"메로윈캡슐7.5밀리그램(멜록시캄)",20181228,"코스맥스파마(주)","황색 내지 미황색 가루가 들어있는 상.하부 담녹색의 경질캡슐",01140,"해열.진통.소염제","전문의약품","[M086439]멜록시캄",20210715,"","","Meloxicam(멜록시캄)",20240913
"노인주의","단일",D000583,Quetiapine,"쿠에티아핀","[M243782]쿠에티아핀푸마르산염","필름코팅정",201900219,"큐로켈정12.5밀리그램(쿠에티아핀푸마르산염)",20190117,"명인제약(주)","흰색의 원형 필름코팅정",01170,"정신신경용제","전문의약품","[M243782]쿠에티아핀푸마르산염",20210715,"","","Quetiapine(쿠에티아핀)",20250212
"노인주의","단일",D000982,Naproxen,"나프록센","[M050116]나프록센","연질캡슐제, 액상",201900682,"큐센연질캡슐(나프록센)",20190125,"삼성제약(주)","무색의 투명한 액이 든 청록색의 투명한 타원형 연질캡슐",01140,"해열.진통.소염제","일반의약품","[M050116]나프록센",20210715,"","","Naproxen(나프록센)",20241212
"노인주의","단일",D000982,Naproxen,"나프록센","[M050116]나프록센","연질캡슐제, 액상",201900727,"솔루록센연질캡슐(나프록센)",20190130,"현대약품(주)","무색의 투명한 액이 든 청록색의 투명한 타원형 연질캡슐",01140,"해열.진통.소염제","일반의약품","[M050116]나프록센",20210715,"","","Naproxen(나프록센)",20241212
"노인주의","단일",D000020,Blonanserin,"블로난세린","[M247117]블로난세린","나정",201900776,"로나큐정8밀리그램(블로난세린)",20190131,"환인제약(주)","흰색의 원형 정제",01170,"정신신경용제","전문의약품","[M247117]블로난세린",20220527,"","","Blonanserin(블로난세린)",20220323
"노인주의","단일",D000280,Talniflumate,"탈니플루메이트","[M081412]탈니플루메이트","필름코팅정",201900806,"탈니메이트정(탈니플루메이트)",20190201,"(주)보령바이오파마","황색의 필름 코팅된 원형정제",01140,"해열.진통.소염제","전문의약품","[M081412]탈니플루메이트",20210715,"","","Talniflumate(탈니플루메이트)",20191004
"노인주의","단일",D000422,Risperidone,"리스페리돈","[M086310]리스페리돈","필름코팅정",201901240,"엘페리돈정2밀리그램(리스페리돈)",20190226,"에이치엘비제약(주)","장방형의 연한 오렌지색 필름코팅정제",01170,"정신신경용제","전문의약품","[M086310]리스페리돈",20210715,"","","Risperidone(리스페리돈)",20231129
"노인주의","단일",D000422,Risperidone,"리스페리돈","[M086310]리스페리돈","필름코팅정",201901241,"엘페리돈정1밀리그램(리스페리돈)",20190226,"에이치엘비제약(주)","장방형의 흰색 필름코팅제",01170,"정신신경용제","전문의약품","[M086310]리스페리돈",20210715,"","","Risperidone(리스페리돈)",20231129
"노인주의","단일",D000020,Blonanserin,"블로난세린","[M247117]블로난세린","나정",201901253,"로나큐정4밀리그램(블로난세린)",20190227,"환인제약(주)","흰색의 원형 정제",01170,"정신신경용제","전문의약품","[M247117]블로난세린",20220527,"","","Blonanserin(블로난세린)",20220323
"노인주의","단일",D000020,Blonanserin,"블로난세린","[M247117]블로난세린","나정",201901254,"로나큐정2밀리그램(블로난세린)",20190227,"환인제약(주)","흰색의 원형 정제",01170,"정신신경용제","전문의약품","[M247117]블로난세린",20220527,"","","Blonanserin(블로난세린)",20220323
"노인주의","단일",D000583,Quetiapine,"쿠에티아핀","[M243782]쿠에티아핀푸마르산염","필름코팅정",201901713,"퀘티아핀정25밀리그램(쿠에티아핀푸마르산염)",20190321,"(주)메디카코리아","분홍색의 원형 필름코팅정",01170,"정신신경용제","전문의약품","[M243782]쿠에티아핀푸마르산염",20210715,"","","Quetiapine(쿠에티아핀)",20250212
"노인주의","단일",D000583,Quetiapine,"쿠에티아핀","[M243782]쿠에티아핀푸마르산염","필름코팅정",201901714,"퀘티아핀정100밀리그램(쿠에티아핀푸마르산염)",20190321,"(주)메디카코리아","노란색의 원형 필름코팅정",01170,"정신신경용제","전문의약품","[M243782]쿠에티아핀푸마르산염",20210715,"","","Quetiapine(쿠에티아핀)",20250212
"노인주의","단일",D000766,Zaltoprofen,"잘토프로펜","[M086829]잘토프로펜","필름코팅정",201901893,"잘토맥스정(잘토프로펜)",20190328,"코스맥스파마(주)","백색의 원형필름코팅정제",01140,"해열.진통.소염제","전문의약품","[M086829]잘토프로펜",20210715,"","","Zaltoprofen(잘토프로펜)",20240522
"노인주의","단일",D000427,Meloxicam,"멜록시캄","[M086439]멜록시캄","경질캡슐제, 산제",201902343,"모록시캄캡슐(멜록시캄)",20190416,"하이플생명과학(주)","미황색의 내용물이 충진된 상,하부 담녹색의 경질캡슐제",01140,"해열.진통.소염제","전문의약품","[M086439]멜록시캄",20210715,"","","Meloxicam(멜록시캄)",20240913
"노인주의","단일",D000427,Meloxicam,"멜록시캄","[M086439]멜록시캄","경질캡슐제, 산제",201902411,"멜록시카캡슐7.5밀리그램(멜록시캄)",20190418,"(주)보령바이오파마","미황색의 내용물이 충진된 상,하부 녹색의 경질캡슐제",01140,"해열.진통.소염제","전문의약품","[M086439]멜록시캄",20210715,"","","Meloxicam(멜록시캄)",20240913
"노인주의","단일",D000583,Quetiapine,"쿠에티아핀","[M243782]쿠에티아핀푸마르산염","필름코팅정",201902622,"한화쿼테아핀정100밀리그램(쿠에티아핀푸마르산염)",20190425,"한화제약(주)","노란색의 원형필름코팅정",01170,"정신신경용제","전문의약품","[M243782]쿠에티아핀푸마르산염",20210715,"","","Quetiapine(쿠에티아핀)",20250212
"노인주의","단일",D000583,Quetiapine,"쿠에티아핀","[M243782]쿠에티아핀푸마르산염","필름코팅정",201902623,"한화쿼테아핀정25밀리그램(쿠에티아핀푸마르산염)",20190425,"한화제약(주)","분홍색의 원형 필름코팅정",01170,"정신신경용제","전문의약품","[M243782]쿠에티아핀푸마르산염",20210715,"","","Quetiapine(쿠에티아핀)",20250212
"노인주의","단일",D000766,Zaltoprofen,"잘토프로펜","[M086829]잘토프로펜","필름코팅정",201902799,"와이잘토프로펜정",20190430,"(주)옵투스제약","백색의 원형필름코팅정제",01140,"해열.진통.소염제","전문의약품","[M086829]잘토프로펜",20210715,"","","Zaltoprofen(잘토프로펜)",20240522
"노인주의","단일",D000427,Meloxicam,"멜록시캄","[M086439]멜록시캄","경질캡슐제, 산제",201902872,"멜로딘캡슐(멜록시캄)",20190503,"지엘파마(주)","미황색의 분말이 충진된 상, 하부 담녹색의 경질캡슐제",01140,"해열.진통.소염제","전문의약품","[M086439]멜록시캄",20210715,"","","Meloxicam(멜록시캄)",20240913
"노인주의","단일",D000982,Naproxen,"나프록센","[M050116]나프록센","연질캡슐제, 액상",201902876,"나프원큐연질캡슐(나프록센)",20190503,"동아제약(주)","무색 내지 연한 주황색의 투명한 내용물을 함유한 주황색의 투명한 타원형 연질캡슐",01140,"해열.진통.소염제","일반의약품","[M050116]나프록센",20210715,"","","Naproxen(나프록센)",20241212
"노인주의","단일",D000427,Meloxicam,"멜록시캄","[M086439]멜록시캄","경질캡슐제, 산제",201903234,"멜로그린캡슐7.5밀리그램(멜록시캄)",20190520,"(주)시어스제약","미황색의 분말이 충진된 상, 하부 담녹색의 경질캡슐제",01140,"해열.진통.소염제","전문의약품","[M086439]멜록시캄",20210715,"","","Meloxicam(멜록시캄)",20240913
"노인주의","단일",D000583,Quetiapine,"쿠에티아핀","[M228429]쿠에티아핀푸마르산염","필름코팅정",201903265,"신신쿠에티아핀정25밀리그램(쿠에티아핀푸마르산염)",20190521,"신신제약(주)","분홍색의 원형 필름코팅정",01170,"정신신경용제","전문의약품","[M228429]쿠에티아핀푸마르산염",20210715,"","","Quetiapine(쿠에티아핀)",20250212
"노인주의","단일",D000583,Quetiapine,"쿠에티아핀","[M228429]쿠에티아핀푸마르산염","필름코팅정",201903266,"신신쿠에티아핀정100밀리그램(쿠에티아핀푸마르산염)",20190521,"신신제약(주)","노란색의 원형 필름코팅정",01170,"정신신경용제","전문의약품","[M228429]쿠에티아핀푸마르산염",20210715,"","","Quetiapine(쿠에티아핀)",20250212
"노인주의","단일",D000583,Quetiapine,"쿠에티아핀","[M228429]쿠에티아핀푸마르산염","필름코팅정",201903551,"신신쿠에티아핀정200밀리그램(쿠에티아핀푸마르산염)",20190529,"신신제약(주)","흰색의 원형 필름코팅정",01170,"정신신경용제","전문의약품","[M228429]쿠에티아핀푸마르산염",20210715,"","","Quetiapine(쿠에티아핀)",20250212
"노인주의","단일",D000427,Meloxicam,"멜록시캄","[M086439]멜록시캄","경질캡슐제, 산제",201903721,"뉴록시캄캡슐7.5밀리그램(멜록시캄)",20190604,"(주)다산제약","미황색의 내용물이 충진된 상,하부 녹색의 경질캡슐제",01140,"해열.진통.소염제","전문의약품","[M086439]멜록시캄",20210715,"","","Meloxicam(멜록시캄)",20240913
"노인주의","단일",D000583,Quetiapine,"쿠에티아핀","[M228429]쿠에티아핀푸마르산염","필름코팅정",201904286,"비엘쿠에티정100밀리그램(쿠에티아핀푸마르산염)",20190621,"(주)라이트팜텍","노란색의 원형 필름코팅정",01170,"정신신경용제","전문의약품","[M228429]쿠에티아핀푸마르산염",20210715,"","","Quetiapine(쿠에티아핀)",20250212
"노인주의","단일",D000583,Quetiapine,"쿠에티아핀","[M228429]쿠에티아핀푸마르산염","필름코팅정",201904287,"제이씨쿠에티아핀정25mg(쿠에티아핀푸마르산염)",20190621,"(주)라이트팜텍","분홍색의 원형 필름코팅정",01170,"정신신경용제","전문의약품","[M228429]쿠에티아핀푸마르산염",20210715,"","","Quetiapine(쿠에티아핀)",20250212
"노인주의","단일",D000583,Quetiapine,"쿠에티아핀","[M228429]쿠에티아핀푸마르산염","필름코팅정",201904288,"티아펜정200밀리그램(쿠에티아핀푸마르산염)",20190621,"건일바이오팜주식회사","흰색의 원형 필름코팅정",01170,"정신신경용제","전문의약품","[M228429]쿠에티아핀푸마르산염",20210715,"","","Quetiapine(쿠에티아핀)",20250212
"노인주의","단일",D000583,Quetiapine,"쿠에티아핀","[M228429]쿠에티아핀푸마르산염","필름코팅정",201904289,"티아펜정300밀리그램(쿠에티아핀푸마르산염)",20190621,"건일바이오팜주식회사","흰색의 장방형 필름코팅정",01170,"정신신경용제","전문의약품","[M228429]쿠에티아핀푸마르산염",20210715,"","","Quetiapine(쿠에티아핀)",20250212
"노인주의","단일",D000766,Zaltoprofen,"잘토프로펜","[M086829]잘토프로펜","필름코팅정",201904396,"잘토젠정(잘토프로펜)",20190627,"(주)새한제약","백색의 원형필름코팅정제",01140,"해열.진통.소염제","전문의약품","[M086829]잘토프로펜",20210715,"","","Zaltoprofen(잘토프로펜)",20240522
"노인주의","단일",D000427,Meloxicam,"멜록시캄","[M086439]멜록시캄","경질캡슐제, 산제",201904589,"멜록트캡슐7.5밀리그램(멜록시캄)",20190708,"(주)한풍제약","연한 노란색 가루가 든 상·하 연한 녹색의 경질 캡슐제",01140,"해열.진통.소염제","전문의약품","[M086439]멜록시캄",20210715,"","","Meloxicam(멜록시캄)",20240913
"노인주의","단일",D000766,Zaltoprofen,"잘토프로펜","[M086829]잘토프로펜","필름코팅정",201904651,"잘프로펜정(잘토프로펜)",20190710,"익수제약(주)","흰색의 원형 필름코팅정제",01140,"해열.진통.소염제","전문의약품","[M086829]잘토프로펜",20210715,"","","Zaltoprofen(잘토프로펜)",20240522
"노인주의","단일",D000427,Meloxicam,"멜록시캄","[M086439]멜록시캄","경질캡슐제, 산제",201904762,"유니캄캡슐7.5밀리그램(멜록시캄)",20190716,"한국유니온제약(주)","연한 노란색 가루가 든 상,하 연한 녹색의 경질캡슐",01140,"해열.진통.소염제","전문의약품","[M086439]멜록시캄",20210715,"","","Meloxicam(멜록시캄)",20240913
"노인주의","단일",D000427,Meloxicam,"멜록시캄","[M086439]멜록시캄","경질캡슐제, 산제",201905522,"엔티시캄캡슐7.5밀리그램(멜록시캄)",20190805,"(주)셀비온","미황색의 내용물이 충진된 상,하부 녹색의 경질캡슐제",01140,"해열.진통.소염제","전문의약품","[M086439]멜록시캄",20210715,"","","Meloxicam(멜록시캄)",20240913
"노인주의","단일",D000422,Risperidone,"리스페리돈","[M086310]리스페리돈","필름코팅정",201906426,"뉴리페돈정1밀리그램(리스페리돈)",20190911,"하나제약(주)","장방형의 흰색 필름코팅정",01170,"정신신경용제","전문의약품","[M086310]리스페리돈",20210715,"","","Risperidone(리스페리돈)",20231129
"노인주의","단일",D000422,Risperidone,"리스페리돈","[M086310]리스페리돈","필름코팅정",201906427,"뉴리페돈정2밀리그램(리스페리돈)",20190911,"하나제약(주)","장방형의 오렌지색 필름코팅정",01170,"정신신경용제","전문의약품","[M086310]리스페리돈",20210715,"","","Risperidone(리스페리돈)",20231129
"노인주의","단일",D000583,Quetiapine,"쿠에티아핀","[M228429]쿠에티아핀푸마르산염","서방성필름코팅정",201906877,"환인쿠에타핀서방정200밀리그램(쿠에티아핀푸마르산염)",20190926,"환인제약(주)","노란색의 장방형 서방성 필름코팅정",01170,"정신신경용제","전문의약품","[M228429]쿠에티아핀푸마르산염",20210715,"","","Quetiapine(쿠에티아핀)",20250212
"노인주의","단일",D000427,Meloxicam,"멜록시캄","[M086439]멜록시캄","경질캡슐제, 산제",201907166,"아록시캄캡슐7.5밀리그램(멜록시캄)",20191010,"(주)아리제약","미황색가루가 든 상,하 담녹색의 캡슐제",01140,"해열.진통.소염제","전문의약품","[M086439]멜록시캄",20210715,"","","Meloxicam(멜록시캄)",20240913
"노인주의","단일",D000983,Piroxicam,"피록시캄","[M071634]피록시캄","피부용겔제",201907167,"시어스피록시캄겔",20191010,"(주)시어스제약","황색 투명한 겔제",02640,"진통.진양.수렴.소염제","일반의약품","[M071634]피록시캄",20210715,"","","Piroxicam(피록시캄)",20200504
"노인주의","단일",D001004,Polmacoxib,"폴마콕시브","[M260872]폴마콕시브","필름코팅정",201907587,"아셀렉스정2밀리그램(폴마콕시브)",20191030,"씨지인바이츠주식회사","파란색의 모서리가 둥근 삼각형 필름코팅정",01140,"해열.진통.소염제","전문의약품","[M260872]폴마콕시브",20210715,"","","Polmacoxib(폴마콕시브)",20220826
"노인주의","단일",D000982,Naproxen,"나프록센","[M050116]나프록센","연질캡슐제, 액상",201907830,"미가펜에스연질캡슐(나프록센)",20191108,"(주)팜젠사이언스","미황 내지 연한 적색의 투명한 내용물을 함유한 적색투명의 타원형 연질캡슐제",01140,"해열.진통.소염제","일반의약품","[M050116]나프록센",20210715,"","","Naproxen(나프록센)",20241212
"노인주의","단일",D000427,Meloxicam,"멜록시캄","[M086439]멜록시캄","경질캡슐제, 산제",201908115,"멜록시엠캡슐7.5밀리그램(멜록시캄)",20191127,"(주)라이트팜텍","미황색의 내용물이 충진된 상,하부 녹색의 경질캡슐제",01140,"해열.진통.소염제","전문의약품","[M086439]멜록시캄",20210715,"","","Meloxicam(멜록시캄)",20240913
"노인주의","단일",D000422,Risperidone,"리스페리돈","[M086310]리스페리돈","필름코팅정",201908361,"리페넥스정1밀리그램(리스페리돈)",20191212,"(주)제뉴파마","장방형의 흰색 필름코팅제",01170,"정신신경용제","전문의약품","[M086310]리스페리돈",20210715,"","","Risperidone(리스페리돈)",20231129
"노인주의","단일",D000422,Risperidone,"리스페리돈","[M086310]리스페리돈","필름코팅정",201908408,"리페넥스정2밀리그램(리스페리돈)",20191213,"(주)제뉴파마","장방형의 연한 오렌지색 필름코팅정제",01170,"정신신경용제","전문의약품","[M086310]리스페리돈",20210715,"","","Risperidone(리스페리돈)",20231129
"노인주의","단일",D000081,Nabumetone,"나부메톤","[M084590]나부메톤/[M084590]나부메톤","필름코팅정",201908446,"나부민정(나부메톤)(수출명: NABUMIN Tab.)(수출용)",20191216,"(주)넥스팜코리아","1. 주황색의 장방형 필름코팅정2. 흰색의 장방형 필름코팅정","","","전문의약품","[M084590]나부메톤/[M084590]나부메톤",20210715,"","","Nabumetone(나부메톤)",20210222
"노인주의","단일",D000491,Paliperidone,"팔리페리돈","[M220478]팔리페리돈/[M220478]팔리페리돈","서방성필름코팅정",202000409,"인베가서방정9밀리그램(팔리페리돈)",20200128,"(주)한국얀센","분홍색의 캡슐모양 서방성 필름코팅정제",01170,"정신신경용제","전문의약품","[M220478]팔리페리돈/[M220478]팔리페리돈",20210715,"","","Paliperidone(팔리페리돈)",20201028
"노인주의","단일",D000491,Paliperidone,"팔리페리돈","[M220478]팔리페리돈/[M220478]팔리페리돈","서방성필름코팅정",202000410,"인베가서방정3밀리그램(팔리페리돈)",20200128,"(주)한국얀센","흰색의 캡슐모양 서방성 필름코팅정제",01170,"정신신경용제","전문의약품","[M220478]팔리페리돈/[M220478]팔리페리돈",20210715,"","","Paliperidone(팔리페리돈)",20201028
"노인주의","단일",D000491,Paliperidone,"팔리페리돈","[M220478]팔리페리돈/[M220478]팔리페리돈","서방성필름코팅정",202000411,"인베가서방정6밀리그램(팔리페리돈)",20200128,"(주)한국얀센","흐린 노란색의 캡슐모양 서방성 필름코팅정제",01170,"정신신경용제","전문의약품","[M220478]팔리페리돈/[M220478]팔리페리돈",20210715,"","","Paliperidone(팔리페리돈)",20201028
"노인주의","단일",D000766,Zaltoprofen,"잘토프로펜","[M086829]잘토프로펜","필름코팅정",202000620,"잘프펜정(잘토프로펜)",20200204,"건일바이오팜주식회사","백색의 원형 필름코팅정제",01140,"해열.진통.소염제","전문의약품","[M086829]잘토프로펜",20210715,"","","Zaltoprofen(잘토프로펜)",20240522
"노인주의","단일",D000427,Meloxicam,"멜록시캄","[M086439]멜록시캄","경질캡슐제, 산제",202000927,"메가록시캄캡슐7.5밀리그램(멜록시캄)",20200213,"(주)엘앤씨바이오","연한 노란색 가루가 든 상,하 연한 녹색의 경질 캡슐제",01140,"해열.진통.소염제","전문의약품","[M086439]멜록시캄",20210715,"","","Meloxicam(멜록시캄)",20240913
"노인주의","단일",D000766,Zaltoprofen,"잘토프로펜","[M086829]잘토프로펜","필름코팅정",202001798,"일성잘토프로펜정80밀리그램",20200316,"일성아이에스(주)","백색의 원형필름코팅정제",01140,"해열.진통.소염제","전문의약품","[M086829]잘토프로펜",20210715,"","","Zaltoprofen(잘토프로펜)",20240522
"노인주의","단일",D000427,Meloxicam,"멜록시캄","[M086439]멜록시캄","경질캡슐제, 산제",202001860,"모릭스캡슐15밀리그램(멜록시캄)",20200317,"(주)한국피엠지제약","연한 노란색 가루가 든 상부 연한 녹색, 하부 황색의 경질캡슐",01140,"해열.진통.소염제","전문의약품","[M086439]멜록시캄",20210715,"","","Meloxicam(멜록시캄)",20240913
"노인주의","단일",D000422,Risperidone,"리스페리돈","[M086310]리스페리돈","필름코팅정",202002352,"리페돈정1밀리그램(리스페리돈)",20200403,"풍림무약(주)","흰색의 장방형 필름코팅정제",01170,"정신신경용제","전문의약품","[M086310]리스페리돈",20210715,"","","Risperidone(리스페리돈)",20231129
"노인주의","단일",D000422,Risperidone,"리스페리돈","[M086310]리스페리돈","필름코팅정",202002353,"리페돈정2밀리그램(리스페리돈)",20200403,"풍림무약(주)","연한 오렌지색의 장방형 필름코팅정제",01170,"정신신경용제","전문의약품","[M086310]리스페리돈",20210715,"","","Risperidone(리스페리돈)",20231129
"노인주의","단일",D000422,Risperidone,"리스페리돈","[M086310]리스페리돈","필름코팅정",202003053,"리스달정0.5밀리그램(리스페리돈)",20200427,"한림제약(주)","장방형의 적갈색 필름코팅 정제",01170,"정신신경용제","전문의약품","[M086310]리스페리돈",20210715,"","","Risperidone(리스페리돈)",20231129
"노인주의","단일",D000982,Naproxen,"나프록센","[M050116]나프록센","연질캡슐제, 액상",202003877,"나프원큐에스연질캡슐(나프록센)",20200526,"동아제약(주)","투명한 무색 내지 파란색 액이 든 진한 파란색의 장방형 연질캡슐",01140,"해열.진통.소염제","일반의약품","[M050116]나프록센",20210715,"","","Naproxen(나프록센)",20241212
"노인주의","단일",D000427,Meloxicam,"멜록시캄","[M086439]멜록시캄","경질캡슐제, 산제",202003989,"멜로틴캡슐7.5mg(멜록시캄)",20200528,"엔비케이제약(주)","미황색의 내용물이 충진된 상,하부 녹색의 경질캡슐제",01140,"해열.진통.소염제","전문의약품","[M086439]멜록시캄",20210715,"","","Meloxicam(멜록시캄)",20240913
"노인주의","단일",D000427,Meloxicam,"멜록시캄","[M086439]멜록시캄","경질캡슐제, 산제",202004002,"멜로틴캡슐15mg(멜록시캄)",20200528,"엔비케이제약(주)","연한 노란색 가루가 든 상부 연한 녹색, 하부 황색의 경질 캡슐제",01140,"해열.진통.소염제","전문의약품","[M086439]멜록시캄",20210715,"","","Meloxicam(멜록시캄)",20240913
"노인주의","단일",D000422,Risperidone,"리스페리돈","[M086310]리스페리돈","필름코팅정",202004471,"리페넥스정0.5밀리그램(리스페리돈)",20200618,"(주)제뉴파마","장방형의 적갈색 필름코팅 정제",01170,"정신신경용제","전문의약품","[M086310]리스페리돈",20210715,"","","Risperidone(리스페리돈)",20231129
"노인주의","단일",D000422,Risperidone,"리스페리돈","[M086310]리스페리돈","필름코팅정",202004474,"리페넥스정3밀리그램(리스페리돈)",20200618,"(주)제뉴파마","장방형의 노란색 필름코팅 정제",01170,"정신신경용제","전문의약품","[M086310]리스페리돈",20210715,"","","Risperidone(리스페리돈)",20231129
"노인주의","단일",D000982,Naproxen,"나프록센","[M050116]나프록센","연질캡슐제, 액상",202005491,"테라록센연질캡슐(나프록센)",20200729,"(주)테라젠이텍스","무색의 투명한 액이 든 청록색의 투명한 타원형 연질캡슐",01140,"해열.진통.소염제","일반의약품","[M050116]나프록센",20210715,"","","Naproxen(나프록센)",20241212
"노인주의","단일",D000983,Piroxicam,"피록시캄","[M071634]피록시캄","지지체가있는첩부제",202101271,"피록센플라스타(피록시캄)",20210210,"(주)티디에스팜","이 약은 특이한 향을 가진 엷은 노란색의 점착성물질을 지지체에 도포하고 고체면에 고체피복물을 덮은 첩부제이다.",02640,"진통.진양.수렴.소염제","일반의약품","[M071634]피록시캄",20210715,"","","Piroxicam(피록시캄)",20210309
"노인주의","단일",D000422,Risperidone,"리스페리돈","[M086310]리스페리돈","필름코팅정",202102655,"리스페달정3밀리그램(리스페리돈)",20210326,"(주)한국얀센","노란색의 장방형 필름코팅정제",01170,"정신신경용제","전문의약품","[M086310]리스페리돈",20210715,"","","Risperidone(리스페리돈)",20231129
"노인주의","단일",D000422,Risperidone,"리스페리돈","[M086310]리스페리돈","필름코팅정",202102656,"리스페달정2밀리그램(리스페리돈)",20210326,"(주)한국얀센","연한 주황색의 장방형 필름코팅정제",01170,"정신신경용제","전문의약품","[M086310]리스페리돈",20210715,"","","Risperidone(리스페리돈)",20231129
"노인주의","단일",D000422,Risperidone,"리스페리돈","[M086310]리스페리돈","필름코팅정",202102657,"리스페달정1밀리그램(리스페리돈)",20210326,"(주)한국얀센","흰색의 장방형 필름코팅 정제",01170,"정신신경용제","전문의약품","[M086310]리스페리돈",20210715,"","","Risperidone(리스페리돈)",20231129
"노인주의","단일",D000422,Risperidone,"리스페리돈","[M086310]리스페리돈","필름코팅정",202102658,"리스페달정0.5밀리그램(리스페리돈)",20210326,"(주)한국얀센","갈적색의 장방형 필름코팅정제",01170,"정신신경용제","전문의약품","[M086310]리스페리돈",20210715,"","","Risperidone(리스페리돈)",20231129
"노인주의","단일",D000206,Pelubiprofen,"펠루비프로펜","[M210533]펠루비프로펜","나정",202104053,"펠프스정(펠루비프로펜)",20210524,"영진약품(주)","연한 노란색의 원형 정제",01140,"해열.진통.소염제","전문의약품","[M210533]펠루비프로펜",20210715,"","","Pelubiprofen(펠루비프로펜)",20240522
"노인주의","단일",D000206,Pelubiprofen,"펠루비프로펜","[M210533]펠루비프로펜","나정",202104498,"벨루펜정(펠루비프로펜)",20210610,"(주)종근당","연한 노란색 원형정제",01140,"해열.진통.소염제","전문의약품","[M210533]펠루비프로펜",20210715,"","","Pelubiprofen(펠루비프로펜)",20240522
"노인주의","단일",D000982,Naproxen,"나프록센","[M070724]나프록센나트륨","필름코팅정",202106248,"노바프록센정(나프록센나트륨)",20210831,"주식회사 노바엠헬스케어","연한 파란색의 타원형 필름코팅정",01140,"해열.진통.소염제","일반의약품","[M070724]나프록센나트륨",20210715,"","","Naproxen(나프록센)",20241212
"노인주의","단일",D000982,Naproxen,"나프록센","[M050116]나프록센","연질캡슐제, 액상",202202195,"엠프록센연질캡슐(나프록센)",20220524,"맥널티제약(주)","무색의 투명한 액이 든 청록색의 투명한 타원형 연질캡슐",01140,"해열.진통.소염제","일반의약품","[M050116]나프록센",20210715,"","","Naproxen(나프록센)",20241212
"노인주의","단일",D000982,Naproxen,"나프록센","[M050116]나프록센","연질캡슐제, 액상",202203437,"이지페인록센연질캡슐(나프록센)",20220831,"경방신약(주)","무색 내지 연한 청록색의 투명한 내용물을 함유한 청록색의 투명한 타원형 연질캡슐",01140,"해열.진통.소염제","일반의약품","[M050116]나프록센",20210715,"","","Naproxen(나프록센)",20241212
"노인주의","단일",D000982,Naproxen,"나프록센","[M070724]나프록센나트륨","필름코팅정",202401759,"시어스나프록센정(나프록센나트륨)",20240717,"(주)시어스제약","하늘색의 장방형 필름코팅정",01140,"해열.진통.소염제","일반의약품","[M070724]나프록센나트륨",20210715,"","","Naproxen(나프록센)",20241212
"노인주의","단일",D000982,Naproxen,"나프록센","[M070724]나프록센나트륨","필름코팅정",202500965,"플라낙스정(나프록센나트륨)",20250422,"(주)한국피엠지제약","연한 파란색의 타원형 필름코팅정",01140,"해열.진통.소염제","일반의약품","[M070724]나프록센나트륨",20210715,"","","Naproxen(나프록센)",""
"노인주의","단일",D000982,Naproxen,"나프록센","[M070724]나프록센나트륨","필름코팅정",202501303,"제이프록센정(나프록센나트륨)",20250527,"진양제약(주)","연한 파란색의 타원형 필름코팅정",01140,"해열.진통.소염제","일반의약품","[M070724]나프록센나트륨",20210715,"","","Naproxen(나프록센)",""
"노인주의","단일",D000982,Naproxen,"나프록센","[M050116]나프록센","연질캡슐제, 액상",202502112,"나콕스펜연질캡슐(나프록센)",20250813,"주식회사 제이비케이랩","무색의 투명한 액이 든 청록색의 투명한 타원형 연질캡슐",01140,"해열.진통.소염제","일반의약품","[M050116]나프록센",20210715,"","","Naproxen(나프록센)",""
"노인주의","단일",D000982,Naproxen,"나프록센","[M050116]나프록센","연질캡슐제, 액상",202502599,"확센연질캡슐(나프록센)",20251001,"오스틴제약(주)","무색 내지 연한 주황색의 투명한 내용물을 함유한 주황색의 투명한 타원형 연질캡슐",01140,"해열.진통.소염제","일반의약품","[M050116]나프록센",20210715,"","","Naproxen(나프록센)",""
"노인주의","단일",D000982,Naproxen,"나프록센","[M050116]나프록센","연질캡슐제, 액상",202600925,"뇌신롱연질캡슐(나프록센)",20260401,"씨에이치디제약주식회사","무색 내지 연청록색의 투명한 내용물을 함유하는 연청록색 투명의 타원형 연질캡슐제",01140,"해열.진통.소염제","일반의약품","[M050116]나프록센",20210715,"","","Naproxen(나프록센)",""
"노인주의","단일",D000206,Pelubiprofen,"펠루비프로펜","[M210533]펠루비프로펜","나정",202601755,"펠루펜정30밀리그램(펠루비프로펜)",20260622,"(주)다산제약","연한 노란색의 원형정제",01140,"해열.진통.소염제","전문의약품","[M210533]펠루비프로펜",20210715,"","","Pelubiprofen(펠루비프로펜)",""
"노인주의","단일",D000206,Pelubiprofen,"펠루비프로펜","[M210533]펠루비프로펜","나정",202601773,"펠루탑정(펠루비프로펜)",20260623,"대웅바이오(주)","연한 노란색의 원형정제",01140,"해열.진통.소염제","전문의약품","[M210533]펠루비프로펜",20210715,"","","Pelubiprofen(펠루비프로펜)",""
"노인주의","단일",D000206,Pelubiprofen,"펠루비프로펜","[M210533]펠루비프로펜","나정",202601774,"펠루원정(펠루비프로펜)",20260623,"아주약품(주)","연한 노란색의 원형정제",01140,"해열.진통.소염제","전문의약품","[M210533]펠루비프로펜",20210715,"","","Pelubiprofen(펠루비프로펜)",""
"노인주의","단일",D000206,Pelubiprofen,"펠루비프로펜","[M210533]펠루비프로펜","나정",202601785,"펠트론정30밀리그램(펠루비프로펜)",20260624,"대화제약(주)","연한 노란색의 원형정제",01140,"해열.진통.소염제","전문의약품","[M210533]펠루비프로펜",20210715,"","","Pelubiprofen(펠루비프로펜)",""
"노인주의","단일",D000983,Piroxicam,"피록시캄","[M071634]피록시캄","피부용겔제",201307464,"로시파인겔(피록시캄)",20130524,"(주)퍼슨","알콜냄새가 나는 황색투명한 겔제",02640,"진통.진양.수렴.소염제","일반의약품","[M071634]피록시캄",20210715,"","","Piroxicam(피록시캄)",""
"노인주의","단일",D000983,Piroxicam,"피록시캄","[M071634]피록시캄","피부용겔제",201508320,"노펜피록시캄겔(피록시캄)",20151218,"제이더블유중외제약(주)","황색 투명한 겔제",02640,"진통.진양.수렴.소염제","일반의약품","[M071634]피록시캄",20210715,"","","Piroxicam(피록시캄)",""
"노인주의","단일",D000983,Piroxicam,"피록시캄","[M071634]피록시캄","피부용겔제",201805282,"피록스겔(피록시캄)",20181226,"한국코러스(주)","알콜냄새가 나는 황색투명한 겔제",02640,"진통.진양.수렴.소염제","일반의약품","[M071634]피록시캄",20210715,"","","Piroxicam(피록시캄)",""
"노인주의","단일",D000983,Piroxicam,"피록시캄","[M071634]피록시캄","피부용겔제",201900026,"피캄스겔(피록시캄)",20190104,"시믹씨엠오코리아주식회사","연노랑색의 투명한 겔제",02640,"진통.진양.수렴.소염제","일반의약품","[M071634]피록시캄",20210715,"","","Piroxicam(피록시캄)",""
"노인주의","단일",D000983,Piroxicam,"피록시캄","[M071634]피록시캄","피부용겔제",201901187,"액티브피록시캄겔(피록시캄)",20190226,"일양바이오팜(주)","황색의 투명한 겔제",02640,"진통.진양.수렴.소염제","일반의약품","[M071634]피록시캄",20210715,"","","Piroxicam(피록시캄)",""
"노인주의","단일",D000983,Piroxicam,"피록시캄","[M071634]피록시캄","피부용겔제",201903189,"일양피록시겔(피록시캄)",20190516,"일양약품(주)","연노랑색의 투명한 겔제",02640,"진통.진양.수렴.소염제","일반의약품","[M071634]피록시캄",20210715,"","","Piroxicam(피록시캄)",""
"노인주의","단일",D000983,Piroxicam,"피록시캄","[M071634]피록시캄","지지체가있는첩부제",201906177,"피록스타플라스타(피록시캄)",20190829,"신신제약(주)","이 약은 연노랑의 점착성물질을 연한 노랑 분홍의 린트포에 도포하여 점착제면에 박리지를 덮은 첩부제이다.",02640,"진통.진양.수렴.소염제","일반의약품","[M071634]피록시캄",20210715,"","","Piroxicam(피록시캄)",""
"노인주의","단일",D000983,Piroxicam,"피록시캄","[M071634]피록시캄","지지체가있는첩부제",202007234,"피알탑플라스타(피록시캄)",20201022,"대화제약(주)","무색 또는 엷은 노란색의 점착성 물질을 린트포에 도포하여 고체면에 피복체를 덮은첩부제",02640,"진통.진양.수렴.소염제","일반의약품","[M071634]피록시캄",20210715,"","","Piroxicam(피록시캄)",""
"노인주의","단일",D000983,Piroxicam,"피록시캄","[M071634]피록시캄/[M071634]피록시캄/[M071634]피록시캄","지지체가있는첩부제",202008405,"트라스트플라스타(피록시캄)",20201201,"에스케이케미칼(주)","이 약은 연노랑의 점착성물질을 연한 노랑 분홍의 린트포에 도포하여 점착제면에 박리지를 덮은 첩부제이다.",02640,"진통.진양.수렴.소염제","일반의약품","[M071634]피록시캄/[M071634]피록시캄/[M071634]피록시캄",20210715,"","","Piroxicam(피록시캄)",""
"노인주의","단일",D000983,Piroxicam,"피록시캄","[M071634]피록시캄","피부용겔제",202203980,"피록시카겔(피록시캄)",20221102,"경동제약(주)","연노랑색의 투명한 겔제",02640,"진통.진양.수렴.소염제","일반의약품","[M071634]피록시캄",20210715,"","","Piroxicam(피록시캄)",""
"노인주의","단일",D000983,Piroxicam,"피록시캄","[M071634]피록시캄","피부용겔제",202300999,"피록하이겔(피록시캄)",20230322,"진양제약(주)","알콜냄새가 나는 황색 투명한 겔제",02640,"진통.진양.수렴.소염제","일반의약품","[M071634]피록시캄",20210715,"","","Piroxicam(피록시캄)",""
"노인주의","단일",D000983,Piroxicam,"피록시캄","[M071634]피록시캄","피부용겔제",202301700,"제놀파워겔(피록시캄)",20230530,"(주)녹십자","연노랑색의 투명한 겔제",02640,"진통.진양.수렴.소염제","일반의약품","[M071634]피록시캄",20210715,"","","Piroxicam(피록시캄)",""
"노인주의","단일",D000983,Piroxicam,"피록시캄","[M071634]피록시캄","피부용겔제",202401954,"삭시네쿨겔(피록시캄)",20240813,"대원제약(주)","알콜냄새가 나는 황색투명한 겔제",01140,"해열.진통.소염제","일반의약품","[M071634]피록시캄",20210715,"","","Piroxicam(피록시캄)",""
"노인주의","단일",D000983,Piroxicam,"피록시캄","[M071634]피록시캄","피부용겔제",202500438,"마이캄피록시겔(피록시캄)",20250227,"코오롱제약(주)","연노랑색의 투명한 겔제",02640,"진통.진양.수렴.소염제","일반의약품","[M071634]피록시캄",20210715,"","","Piroxicam(피록시캄)",""
"노인주의","단일",D001004,Polmacoxib,"폴마콕시브","[M260872]폴마콕시브","경질캡슐제, 산제",202202342,"폴마렉스캡슐2밀리그램(폴마콕시브)",20220603,"(주)휴온스메디텍","흰색에서 연한 노란색 가루가 든 상하부 흰색의 경질캡슐제",01140,"해열.진통.소염제","전문의약품","[M260872]폴마콕시브",20210715,"","","Polmacoxib(폴마콕시브)",""
"노인주의","단일",D001004,Polmacoxib,"폴마콕시브","[M260872]폴마콕시브","경질캡슐제, 산제",202202344,"폴콕스캡슐2밀리그램(폴마콕시브)",20220603,"(주)넥스팜코리아","흰색에서 연한 노란색 가루가 든 상하부 흰색의 경질캡슐제",01140,"해열.진통.소염제","전문의약품","[M260872]폴마콕시브",20210715,"","","Polmacoxib(폴마콕시브)",""
"노인주의","단일",D001004,Polmacoxib,"폴마콕시브","[M260872]폴마콕시브","경질캡슐제, 산제",202202358,"폴비트캡슐2밀리그램(폴마콕시브)",20220607,"하나제약(주)","흰색에서 연한 노란색 가루가 든 상하부 흰색의 경질캡슐제",01140,"해열.진통.소염제","전문의약품","[M260872]폴마콕시브",20210715,"","","Polmacoxib(폴마콕시브)",""
"노인주의","단일",D001004,Polmacoxib,"폴마콕시브","[M260872]폴마콕시브","경질캡슐제, 산제",202202359,"건폴렉스캡슐2밀리그램(폴마콕시브)",20220607,"건일바이오팜주식회사","흰색에서 연한 노란색 가루가 든 상하부 흰색의 경질캡슐제",01140,"해열.진통.소염제","전문의약품","[M260872]폴마콕시브",20210715,"","","Polmacoxib(폴마콕시브)",""
"노인주의","단일",D001004,Polmacoxib,"폴마콕시브","[M260872]폴마콕시브","경질캡슐제, 산제",202202360,"페콕시브캡슐2밀리그램(폴마콕시브)",20220607,"(주)일화","흰색에서 연한 노란색 가루가 든 상하부 흰색의 경질캡슐제",01140,"해열.진통.소염제","전문의약품","[M260872]폴마콕시브",20210715,"","","Polmacoxib(폴마콕시브)",""
"노인주의","단일",D001004,Polmacoxib,"폴마콕시브","[M260872]폴마콕시브","경질캡슐제, 산제",202202361,"폴마콕스캡슐2밀리그램(폴마콕시브)",20220607,"(주)씨엠지제약","흰색에서 연한 노란색 가루가 든 상하부 흰색의 경질캡슐제",01140,"해열.진통.소염제","전문의약품","[M260872]폴마콕시브",20210715,"","","Polmacoxib(폴마콕시브)",""
"노인주의","단일",D001004,Polmacoxib,"폴마콕시브","[M260872]폴마콕시브","경질캡슐제, 산제",202202394,"아셀콕스캡슐2밀리그램(폴마콕시브)",20220608,"(주)대웅제약","흰색에서 연한 노란색 가루가 든 상하부 흰색의 경질캡슐제",01140,"해열.진통.소염제","전문의약품","[M260872]폴마콕시브",20210715,"","","Polmacoxib(폴마콕시브)",""
"노인주의","단일",D000451,Aripiprazole,"아리피프라졸","[M096829]아리피프라졸","나정",202107807,"아빌리파이정1밀리그램(아리피프라졸)",20211203,"한국오츠카제약(주)","흰색의 장방형 정제 (각인 A-005, 1)",01170,"정신신경용제","전문의약품","[M096829]아리피프라졸",20210715,"","","Aripiprazole(아리피프라졸)",""
"노인주의","단일",D000451,Aripiprazole,"아리피프라졸","[M096829]아리피프라졸","나정",202203419,"레피졸정2밀리그램(아리피프라졸)",20220829,"명인제약(주)","초록색의 장방형 정제",01170,"정신신경용제","전문의약품","[M096829]아리피프라졸",20210715,"","","Aripiprazole(아리피프라졸)",""
"노인주의","단일",D000451,Aripiprazole,"아리피프라졸","[M096829]아리피프라졸","나정",202203420,"레피졸정1밀리그램(아리피프라졸)",20220829,"명인제약(주)","흰색의 장방형 정제",01170,"정신신경용제","전문의약품","[M096829]아리피프라졸",20210715,"","","Aripiprazole(아리피프라졸)",""
"노인주의","단일",D000451,Aripiprazole,"아리피프라졸","[M096829]아리피프라졸","나정",202204039,"아리피졸정1밀리그램(아리피프라졸)",20221109,"환인제약(주)","흰색의 장방형 정제",01170,"정신신경용제","전문의약품","[M096829]아리피프라졸",20210715,"","","Aripiprazole(아리피프라졸)",""
"노인주의","단일",D000451,Aripiprazole,"아리피프라졸","[M096829]아리피프라졸","나정",202400040,"아빌라핀정1밀리그램(아리피프라졸)",20240105,"현대약품(주)","흰색의 타원형 정제",01170,"정신신경용제","전문의약품","[M096829]아리피프라졸",20210715,"","","Aripiprazole(아리피프라졸)",""
"노인주의","단일",D000451,Aripiprazole,"아리피프라졸","[M096829]아리피프라졸","나정",202400041,"아빌라핀정2밀리그램(아리피프라졸)",20240105,"현대약품(주)","녹색의 타원형 정제",01170,"정신신경용제","전문의약품","[M096829]아리피프라졸",20210715,"","","Aripiprazole(아리피프라졸)",""
"노인주의","단일",D000451,Aripiprazole,"아리피프라졸","[M263313]아리피프라졸일수화물","서방성현탁액성주사제",202500429,"아빌리파이아심투파이주사960밀리그램(아리피프라졸일수화물)",20250226,"한국오츠카제약(주)","흰색의 현탁액이 무색 반투명한 플라스틱 프리필드시린지에 든 서방형 주사제이다.",01170,"정신신경용제","전문의약품","[M263313]아리피프라졸일수화물",20210715,"","","Aripiprazole(아리피프라졸)",""
"노인주의","단일",D000451,Aripiprazole,"아리피프라졸","[M263313]아리피프라졸일수화물","서방성현탁액성주사제",202500430,"아빌리파이아심투파이주사720밀리그램(아리피프라졸일수화물)",20250226,"한국오츠카제약(주)","흰색의 현탁액이 무색 반투명한 플라스틱 프리필드시린지에 든 서방형 주사제이다.",01170,"정신신경용제","전문의약품","[M263313]아리피프라졸일수화물",20210715,"","","Aripiprazole(아리피프라졸)",""
"노인주의","단일",D000451,Aripiprazole,"아리피프라졸","[M096829]아리피프라졸","나정",202600202,"레피졸정20밀리그램(아리피프라졸)",20260123,"명인제약(주)","적갈색의 원형 정제",01170,"정신신경용제","전문의약품","[M096829]아리피프라졸",20210715,"","","Aripiprazole(아리피프라졸)",""
"노인주의","단일",D000357,Olanzapine,"올란자핀","[M089222]올란자핀","필름코팅정",202203601,"영진올란자핀정5밀리그램",20220919,"영진약품(주)","흰색의 원형 필름코팅정제",01170,"정신신경용제","전문의약품","[M089222]올란자핀",20210715,"","","Olanzapine(올란자핀)",""
"노인주의","단일",D000357,Olanzapine,"올란자핀","[M089222]올란자핀","필름코팅정",202400667,"자이프렉사정2.5밀리그램(올란자핀)",20240327,"(주)보령","필름코팅된 백색의 원형정제",01170,"정신신경용제","전문의약품","[M089222]올란자핀",20210715,"","","Olanzapine(올란자핀)",""
"노인주의","단일",D000357,Olanzapine,"올란자핀","[M089222]올란자핀","필름코팅정",202400668,"자이프렉사정5밀리그램(올란자핀)",20240327,"(주)보령","필름코팅된 백색의 원형정제",01170,"정신신경용제","전문의약품","[M089222]올란자핀",20210715,"","","Olanzapine(올란자핀)",""
"노인주의","단일",D000357,Olanzapine,"올란자핀","[M089222]올란자핀","필름코팅정",202400669,"자이프렉사정10밀리그램(올란자핀)",20240327,"(주)보령","필름코팅된 백색의 원형정제",01170,"정신신경용제","전문의약품","[M089222]올란자핀",20210715,"","","Olanzapine(올란자핀)",""
"노인주의","단일",D000357,Olanzapine,"올란자핀","[M233301]미세올란자핀","구강붕해정",202400728,"자이프렉사자이디스확산정5밀리그램(미세올란자핀)",20240401,"한국릴리(유)","황색의 둥근 동결건조된 정제",01170,"정신신경용제","전문의약품","[M233301]미세올란자핀",20210715,"","","Olanzapine(올란자핀)",""
"노인주의","단일",D000357,Olanzapine,"올란자핀","[M233301]미세올란자핀","구강붕해정",202400729,"자이프렉사자이디스확산정10밀리그램(미세올란자핀)",20240401,"한국릴리(유)","황색의 둥근 동결건조된 정제",01170,"정신신경용제","전문의약품","[M233301]미세올란자핀",20210715,"","","Olanzapine(올란자핀)",""
"노인주의","단일",D000357,Olanzapine,"올란자핀","[M089222]올란자핀","필름코팅정",202402585,"자이자핀정2.5밀리그램(올란자핀)",20241104,"한림제약(주)","흰색의 원형 필름코팅정",01170,"정신신경용제","전문의약품","[M089222]올란자핀",20210715,"","","Olanzapine(올란자핀)",""
"노인주의","단일",D000357,Olanzapine,"올란자핀","[M089222]올란자핀","필름코팅정",202501982,"올자펙스정2.5밀리그램(올란자핀)",20250730,"(주)한국파마","흰색의 원형 필름코팅정",01170,"정신신경용제","전문의약품","[M089222]올란자핀",20210715,"","","Olanzapine(올란자핀)",""
"노인주의","단일",D000491,Paliperidone,"팔리페리돈","[M250479]팔리페리돈팔미테이트/[M250479]팔리페리돈팔미테이트","서방성현탁액성주사제",202203639,"인베가하피에라주사(팔리페리돈팔미테이트)",20220922,"(주)한국얀센","흰색 내지 미백색의 현탁액이 투명한 플라스틱 프리필드시린지에 든 서방형 주사제",01170,"정신신경용제","전문의약품","[M250479]팔리페리돈팔미테이트/[M250479]팔리페리돈팔미테이트",20210715,"","","Paliperidone(팔리페리돈)",""
"노인주의","단일",D000422,Risperidone,"리스페리돈","[M086310]리스페리돈","서방성현탁액성주사제",202502344,"유제디원엠주50밀리그램(리스페리돈)",20250905,"(주)한독테바","냉장 조건에서 흰색 내지 밝은 회색의 불투명한 고체이며, 실온에서 흰색 내지 밝은 회색의 불투명한 현탁액이 무색투명한 프리필드 시린지에 든 서방형 주사제",01170,"정신신경용제","전문의약품","[M086310]리스페리돈",20210715,"","","Risperidone(리스페리돈)",""
"노인주의","단일",D000422,Risperidone,"리스페리돈","[M086310]리스페리돈","서방성현탁액성주사제",202502345,"유제디원엠주75밀리그램(리스페리돈)",20250905,"(주)한독테바","냉장 조건에서 흰색 내지 밝은 회색의 불투명한 고체이며, 실온에서 흰색 내지 밝은 회색의 불투명한 현탁액이 무색투명한 프리필드 시린지에 든 서방형 주사제",01170,"정신신경용제","전문의약품","[M086310]리스페리돈",20210715,"","","Risperidone(리스페리돈)",""
"노인주의","단일",D000422,Risperidone,"리스페리돈","[M086310]리스페리돈","서방성현탁액성주사제",202502346,"유제디원엠주100밀리그램(리스페리돈)",20250905,"(주)한독테바","냉장 조건에서 흰색 내지 밝은 회색의 불투명한 고체이며, 실온에서 흰색 내지 밝은 회색의 불투명한 현탁액이 무색투명한 프리필드 시린지에 든 서방형 주사제",01170,"정신신경용제","전문의약품","[M086310]리스페리돈",20210715,"","","Risperidone(리스페리돈)",""
"노인주의","단일",D000422,Risperidone,"리스페리돈","[M086310]리스페리돈","서방성현탁액성주사제",202502347,"유제디원엠주125밀리그램(리스페리돈)",20250905,"(주)한독테바","냉장 조건에서 흰색 내지 밝은 회색의 불투명한 고체이며, 실온에서 흰색 내지 밝은 회색의 불투명한 현탁액이 무색투명한 프리필드 시린지에 든 서방형 주사제",01170,"정신신경용제","전문의약품","[M086310]리스페리돈",20210715,"","","Risperidone(리스페리돈)",""
"노인주의","단일",D000422,Risperidone,"리스페리돈","[M086310]리스페리돈","서방성현탁액성주사제",202502348,"유제디투엠주150밀리그램(리스페리돈)",20250905,"(주)한독테바","냉장 조건에서 흰색 내지 밝은 회색의 불투명한 고체이며, 실온에서 흰색 내지 밝은 회색의 불투명한 현탁액이 무색투명한 프리필드 시린지에 든 서방형 주사제",01170,"정신신경용제","전문의약품","[M086310]리스페리돈",20210715,"","","Risperidone(리스페리돈)",""
"노인주의","단일",D000422,Risperidone,"리스페리돈","[M086310]리스페리돈","서방성현탁액성주사제",202502349,"유제디투엠주200밀리그램(리스페리돈)",20250905,"(주)한독테바","냉장 조건에서 흰색 내지 밝은 회색의 불투명한 고체이며, 실온에서 흰색 내지 밝은 회색의 불투명한 현탁액이 무색투명한 프리필드 시린지에 든 서방형 주사제",01170,"정신신경용제","전문의약품","[M086310]리스페리돈",20210715,"","","Risperidone(리스페리돈)",""
"노인주의","단일",D000422,Risperidone,"리스페리돈","[M086310]리스페리돈","서방성현탁액성주사제",202502350,"유제디투엠주250밀리그램(리스페리돈)",20250905,"(주)한독테바","냉장 조건에서 흰색 내지 밝은 회색의 불투명한 고체이며, 실온에서 흰색 내지 밝은 회색의 불투명한 현탁액이 무색투명한 프리필드 시린지에 든 서방형 주사제",01170,"정신신경용제","전문의약품","[M086310]리스페리돈",20210715,"","","Risperidone(리스페리돈)",""
"노인주의","단일",D000728,Sulpiride,"설피리드","[M050794]설피리드","경질캡슐제, 산제",200608201,"쎌라트설피리드캡슐(설피리드)(수출용)",20060927,"(주)씨엠지제약","백색-미백색의 분말이 충진된 상,하 유백색의 경질캡슐",02320,"소화성궤양용제","전문의약품","[M050794]설피리드",20220527,"","","Sulpiride(설피리드)",""
"노인주의","단일",D001763,Lurasidone,"루라시돈","[M266616]루라시돈염산염","필름코팅정",202303204,"라투다정120밀리그램(루라시돈염산염)",20231123,"부광약품(주)","흰색 내지 회백색의 타원형 필름코팅정",01170,"정신신경용제","전문의약품","[M266616]루라시돈염산염",20250530,"","","Lurasidone(루라시돈)",""
"노인주의","단일",D001763,Lurasidone,"루라시돈","[M266616]루라시돈염산염","필름코팅정",202303205,"라투다정80밀리그램(루라시돈염산염)",20231123,"부광약품(주)","담녹색의 타원형 필름코팅정",01170,"정신신경용제","전문의약품","[M266616]루라시돈염산염",20250530,"","","Lurasidone(루라시돈)",""
"노인주의","단일",D001763,Lurasidone,"루라시돈","[M266616]루라시돈염산염","필름코팅정",202303206,"라투다정60밀리그램(루라시돈염산염)",20231123,"부광약품(주)","흰색 내지 회백색의 장방형 필름코팅정",01170,"정신신경용제","전문의약품","[M266616]루라시돈염산염",20250530,"","","Lurasidone(루라시돈)",""
"노인주의","단일",D001763,Lurasidone,"루라시돈","[M266616]루라시돈염산염","필름코팅정",202303207,"라투다정20밀리그램(루라시돈염산염)",20231123,"부광약품(주)","흰색 내지 회백색의 원형 필름코팅정",01170,"정신신경용제","전문의약품","[M266616]루라시돈염산염",20250530,"","","Lurasidone(루라시돈)",""
"노인주의","단일",D001763,Lurasidone,"루라시돈","[M266616]루라시돈염산염","필름코팅정",202303208,"라투다정40밀리그램(루라시돈염산염)",20231123,"부광약품(주)","흰색 내지 회백색의 원형 필름코팅정",01170,"정신신경용제","전문의약품","[M266616]루라시돈염산염",20250530,"","","Lurasidone(루라시돈)",""
