PRDUCT,ENTRPS,RTRVL_RESN,ENFRC_YN,RTRVL_CMMND_DT,RECALL_COMMAND_DATE,ITEM_SEQ,BIZRNO,STD_CD,MAPPED_ITEM_SEQ
"쓸기담액50밀리그람","삼성제약(주)","안정성 시험 부적합(미생물한도)에 따른 영업자 회수",N,"",20260713,199900221,2078100726,"8806423025307,8806423025314",199900221
"바른인진호","(주)바른한방제약","품질 부적합(회분, 산불용성회분)",Y,"",20260710,201606023,2338107882,"8800631014504,8800631014511,8800631014528,8800631014535,8800631014542,8800631014559,8800631014566",
"농림해방풍","(주)농림생약","이산화황",Y,"",20260708,201105333,3128137170,"8800616029905,8800616029912,8800616029929",
"크레젯정10/5밀리그램(에제티미브,로수바스타틴)","(주)대웅제약","포장단위 표시사항 불일치(정제 수량 오기)",N,20260713000000,20260707,201506800,1248601143,"8806416061503,8806416061510,8806416061527,8806416061534",
"자모다정(독시라민숙신산염)","(주)와이에스생명과학","성상부적합 우려로 인한 영업자 회수",N,20260709000000,20260707,202500644,1358135444,"8800791000300,8800791000317",202500644
"큐알론점안액0.15%(히알루론산나트륨)(1회용)","국제약품(주)","2차 포장(알루미늄 호일)  표시기재 오기에 따른 영업자 회수",N,20260708000000,20260706,201400174,2078100309,"8806437037808,8806437037815,8806437037822,8806437042703,8806437042710,8806437042802,8806437042819,8806437042901,8806437042918,8806437042925,8806437042932,8806437043007,8806437043014,8806437043106,8806437043113,8806437043120,8806437050609,8806437050616,8806437050623",
"콘센비타프리미엄800정","일동제약(주)","표시기재 사항 일부 누락으로 인한 영업자회수",N,20260708000000,20260706,202401612,6828500435,"8806429068902,8806429068919",202401612
"푸른무약건강","(주)푸른무약","중금속(카드뮴)",Y,"",20260706,200901891,2048181939,"8800687000803,8800687000810,8800687000827,8800687000834,8800687000841",
"리나디엠메트서방정2.5/1000밀리그램(리나글립틴,메트포르민)","동화약품(주)","불순물(N-nitroso-meglumine) 허용기준 초과 검출",N,"",20260702,202400388,1108100102,"8806427075605,8806427075612",
"리나디엠메트서방정5/1000밀리그램(리나글립틴,메트포르민)","동화약품(주)","불순물(N-nitroso-meglumine) 허용기준 초과 우려에 따른 영업자 회수",N,20260703000000,20260702,202400383,1108100102,"8806427075506,8806427075513",
"1.케이보은프라그케어치약, 2.고스케어덴티플루치약, 3.투비짱충치케어치약, 4.쏘두위안티캐비티치약, 5.뷰카클래식구취케어치약, 6.에이카랩스닥터라이노치약(사과향), 7.뷰카클래식구취케어치약(스피아민트향), 8.뷰카클래식블랙차콜치약(허브민트향), 9.뷰카주니어마일드구취케어치약(포도향), 10.칸디데일사오공키즈치약(복숭아향), 11.아미덴클래식치약, 12.뷰카주니어마일드구취케어치약(딸기향), 13.아미덴일사오공키즈치약(딸기향), 14.크리오엑스퍼트브레스케어치약, 15.크리오엑스퍼트보타닉치약, 16.크리오엑스퍼트주니어치약(후르츠민트향), 17.네이쳐스영프로메가폴리스덴탈케어치약, 18.뷰카주니어마일드구취케어치약(사과향), 19.케이맘주니어구취케어치약(사과향), 20.앙오리지널구취케어치약, 21.러블리티스일사오공치약, 22.코튼하임덴탈에이지구취케어치약(쿨링아쿠아민트향), 23.뷰카주니어마일드구취케어치약(바나나향), 24.뷰카주니어마일드구취케어치약(복숭아향), 25.더블케이덴티에피소드치약, 26.안티프라그쎈스트롱치약, 27.하이안베이직치약(민트향), 28.치카포카주니어충치케어치약(포도향), 29.치카포카주니어충치케어치약(딸기향), 30.지그비주니어구취케어치약, 31.센토프라임블랙차콜구취케어치약, 32.센토프라임구취케어치약, 33.센토주니어세이프구취케어치약(딸기향), 34.센토주니어세이프구취케어치약(포도향), 35.센토주니어세이프구취케어치약(복숭아향), 36.센토주니어세이프구취케어치약(사과향), 37.지그비주니어구취케어치약(딸기향), 38.지그비주니어구취케어치약(사과향), 39.센토주니어세이프구취케어치약(트로피컬향), 40.케이맘베이비앤키즈일사오공퓨어치약","(주)케이보은제약","금속성 이물 혼입(뷰카클래식구취케어치약)",N,20260707000000,20260702,202101223,1798801453,"",
"클린방수밴드(1회용)","(주)대일제약","시판 후 안전관리 정보에 따른 사전예방적 조치로 영업자 회수",N,"",20260629,200407515,1358153118,"",
"현진몰약","(주)현진제약","회분, 산불용성회분",Y,20260710000000,20260629,200504568,2048189192,"8800648004901,8800648004918,8800648004925,8800648004932",
"현진종대황","(주)현진제약","회분",Y,20260710000000,20260629,200504683,2048189192,"8800648014603,8800648014610,8800648014627,8800648014634,8800648014641,8800648014658",
"나음당귀","(주)나음제약","중금속(카드뮴)",Y,20260702000000,20260629,201904854,2828601283,"8800645000807,8800645000814,8800645000821,8800645000838",
"1.퓨어클액(폴리헥사메틸렌비구아니드염산염 액 20%)","휴먼바이오(주)","수거검사(미생물한도)",Y,20260709000000,20260629,201601240,3128614037,"",
"비에녹스주(클로스트리디움보툴리눔독소A형)(수출용)","(주)한국비엔씨","국가출하승인없이 수출전용 의약품을 국내에 판매",Y,20260701000000,20260626,202000204,4048600676,"8800593000102,8800593000119",
"대성메디칼 탈지면","주식회사대성메디칼","사용기한 표기 오기재",Y,20260703000000,20260626,200408580,4038159510,"",
"판이실캡슐","(주)씨엠지제약","안정성시험 부적합(성상)에 따른 영업자 회수",N,20260713000000,20260626,201600878,1348171976,"8806486032403,8806486032410,8806486032427,8806486032434,8806486032441",201600878
"로디엔티정40/5밀리그램(텔미사르탄, 에스암로디핀니코틴산염)","한림제약(주)","불순물(N-nitroso-meglumine) 초과 검출 우려에 따른 사전예방적 조치로 시중 유통품에 대한 영업자 회수",N,20260626000000,20260624,202104294,1358102638,"8806453065700,8806453065717",
"쿠파린정5밀리그램(와파린나트륨)","하나제약(주)","안정성 시험 부적합(용출)에 따른 영업자 회수",N,20260626000000,20260624,200502107,1248137632,"8806578019107,8806578019114",
"글로틴듀오정2.5/850mg(리나글립틴, 메트포르민염산염)","(주)넥스팜코리아","불순물(N-nitroso-meglumine) 허용기준 초과 검출",N,20260626000000,20260624,202001275,3018125427,"8806625046001,8806625046018",
"글로틴듀오정2.5/1000mg(리나글립틴, 메트포르민염산염)","(주)넥스팜코리아","불순물(N-nitroso-meglumine) 허용기준 초과 검출",N,20260626000000,20260624,202001276,3018125427,"8806625045905,8806625045912",
"글로틴듀오정2.5/500mg(리나글립틴, 메트포르민염산염)","(주)넥스팜코리아","불순물(N-nitroso-meglumine) 허용기준 초과 검출",N,20260626000000,20260624,202001274,3018125427,"8806625045509,8806625045516",
"펠라스시럽(펠라고니움시도이데스11%에탄올추출물(1→8~10)ㆍ글리세린혼합액(8:2))","(주)일화","품질부적합 우려(용기불량, 성상이상)에 따른 영업자 회수",N,"",20260622,201109893,1328101004,"8806409023402,8806409023419",
"펠라고시럽(펠라고니움시도이데스11%에탄올추출물(1→8~10)·글리세린혼합액(8:2))","(주)씨엠지제약","품질부적합 우려(용기불량, 성상이상)에 따른 영업자 회수",N,20260707000000,20260609,201109869,1348171976,"8806486024507,8806486024514,8806486024521,8806486024538",
"이코사연질캡슐300밀리그램(이코사펜트산에틸)","대웅바이오(주)","성상 이상에 따른 영업자 회수",N,20260703000000,20260609,202203924,1248677584,"8806940041903,8806940041910,8806940041927",
"테이코신주(테이코플라닌)","일동제약(주)","시판후 안정성 시험에서 부적합(수분 시험 기준 초과)에 따른 영업자 회수",N,20260701000000,20260605,200200325,6828500435,"8806429022706,8806429022713,8806429022720",
"로바티탄정5/80밀리그램","(주)엘지화학","시판 후 안정성시험 일부 항목 기준 초과 및 사전예방적 조치에 따른 영업자 회수",N,"",20260602,201404745,1078198139,"8806689028807,8806689028814",
"로바티탄정5/160밀리그램","(주)엘지화학","시판 후 안정성시험 일부 항목 기준 초과 및 사전예방적 조치에 따른 영업자 회수",N,"",20260602,201404990,1078198139,"8806689029002,8806689029019",
"로바티탄정10/80밀리그램","(주)엘지화학","시판 후 안정성시험 일부 항목 기준 초과 및 사전예방적 조치에 따른 영업자 회수",N,"",20260602,201309655,1078198139,"8806689026506,8806689026513,8806689026520",
"로바티탄정10/160밀리그램","(주)엘지화학","시판 후 안정성시험 일부 항목 기준 초과 및 사전예방적 조치에 따른 영업자 회수",N,"",20260602,201309654,1078198139,"8806689026407,8806689026414,8806689026421",
"로바티탄정20/80밀리그램","(주)엘지화학","시판 후 안정성시험 일부 항목 기준 초과 및 사전예방적 조치에 따른 영업자 회수",N,"",20260602,201309653,1078198139,"8806689026704,8806689026711,8806689026728",
"로바티탄정20/160밀리그램","(주)엘지화학","시판 후 안정성시험 일부 항목 기준 초과 및 사전예방적 조치에 따른 영업자 회수",N,"",20260602,201309652,1078198139,"8806689026605,8806689026612,8806689026629",
"하트만덱스액","제이더블유중외제약(주)","시판 후 안전관리 정보에 따른 사전예방적 조치로 영업자 회수",N,"",20260602,196700015,1188102477,"8806449044702,8806449044719,8806449044726,8806449119301,8806449119318,8806449119325,8806449119332",
"엔탭허브작약","(주)엔탭허브","정량법(알비플로린 및 패오니플로린의 합)",Y,20260605000000,20260601,201900360,3308101200,"8800626015509,8800626015516,8800626015523",
"선일인동","농업회사법인선일생약주식회사","순도시험 1)이물",Y,20260605000000,20260601,201108773,1328199911,"8800617004604,8800617004611,8800617004628",
"형율차전자","형율제약주식회사","품질부적합[잔류농약(프로사이미돈) 기준 초과]",Y,20260624000000,20260601,201906653,2558600735,"8800647006906,8800647006913",
"인데놀정10mg(프로프라놀롤염산염)","동광제약(주)","불순물(N-nitroso -propranolol) 허용기준 초과 검출에 따른 영업자 회수",N,20260706000000,20260529,197400040,2018644250,"8806459024701,8806459024718,8806459024725,8806459024732",
"레이헥솔주300(이오헥솔)","일성아이에스(주)","제품 라벨에 표시기재(표준코드) 오기재로 인한 영업자 회수",N,20260625000000,20260528,202005106,1068100710,"8806554041405,8806554041412,8806554041429,8806554041436,8806554041443,8806554041450",
"1.엑스퍼트브레스케어일사오공치약, 2.엑스퍼트보타닉일사오공치약, 3.엑스퍼트주니어치약(트로피칼후르츠향), 4.덴티메이트일사오공구취케어치약, 5.덴티메이트일사오공충치케어치약, 6.덴티메이트뉴일사오공구취케어치약, 7.덴티메이트뉴일사오공충치케어치약, 8.크리오지오일사오공치약, 9.삭제, 10.덴티메이트뉴일사오공구취솔루션치약","(주)크리오","품질부적합 (pH)",Y,20260710000000,20260528,202400552,1298116141,"",
"펠라고시럽(펠라고니움시도이데스11%에탄올추출물(1→8~10)·글리세린혼합액(8:2))","(주)씨엠지제약","품질부적합 우려(성상, 미생물한도)에 따른 영업자 회수",N,20260707000000,20260526,201109869,1348171976,"8806486024507,8806486024514,8806486024521,8806486024538",
"스피롱액","삼성제약(주)","안정성 시험 부적합(성상, pH)에 따른 영업자 회수",N,20260601000000,20260526,201908484,2078100726,"8806423082409,8806423082416,8806423088609,8806423088616,8806473041104,8806473041111",201908484
"도라셋정","진양제약(주)","불순물(N-nitroso-desmethyl-tramadol) 초과 검출 에 따른 시중 유통품에 대한 영업자 회수",N,"",20260522,200712885,2148110673,"8806503017109,8806503017116,8806503017123,8806503017130",
"푸른무약목통","(주)푸른무약","성상 부적합(주피 미제거)",Y,20260522000000,20260520,200712693,2048181939,"8800687005709,8800687005716,8800687005723,8800687005730,8800687005747",
"올본당귀","주식회사올본","중금속(카드뮴)",Y,20260522000000,20260520,201903895,4858801436,"8800612004104,8800612004111,8800612004128,8800612004135",
"현진초과","(주)현진제약","순도시험 4)벤조피렌",Y,20260522000000,20260520,200504627,2048189192,"8800648016904,8800648016911,8800648016928,8800648016935",
"현진오매","(주)현진제약","순도시험 4) 벤조피렌",Y,20260522000000,20260520,200504595,2048189192,"8800648012609,8800648012616,8800648012623,8800648012630",
"엔탭허브오매","(주)엔탭허브","순도시험 4) 벤조피렌",Y,20260522000000,20260520,201900520,3308101200,"8800626002202,8800626002219,8800626002226",
"크레메진속붕정(구형흡착탄)","에이치케이이노엔(주)","품질부적합(잔류용매(에탄올)) 우려에 따른 사전예방적 조치로 시중 유통품에 대해 영업자 회수",N,20260617000000,20260520,202106217,2018638914,"8806400077602,8806400077619,8806400077626",
"허브팜곡기생","(주)허브팜","관능(성상) 부적합(기원 부적합, 편지곡기생)",Y,20260528000000,20260520,202501008,1328180770,"8800665021905,8800665021912,8800665021929,8800665021936",
"풍산강황","풍산주식회사","정량법(쿠르쿠민, 데메톡시쿠르쿠민, 비스데메톡시쿠르쿠민의 합) 부적합",Y,20260528000000,20260519,200007577,5088102535,"8800679001405,8800679001412,8800679001429",
"부설칸주(부설판)","파마사이언스코리아(주)","유연물질 기준 초과 우려에 따른 사전예방적 조치로 시중 유통품에 대한 영업자 회수",N,20260528000000,20260518,202301532,2648108658,"8806276002609,8806276002616,8806276002623",
"유트렌정","일양바이오팜(주)","불순물(N-nitroso-N-desmethyl-tramadol)초과 검출 우려에 따른 사전예방적 조치로 시중 유통품에 대한 영업자 회수",N,"",20260515,200805598,3048122322,"8806732008404,8806732008411,8806732008428,8806732008435,8806966002100,8806966002117,8806966002124,8806966002131",
"유트렌세미정","일양바이오팜(주)","불순물(N-nitroso-N-desmethyl-tramadol)초과 검출 우려에 따른 사전예방적 조치로 시중 유통품에 대한 영업자 회수",N,"",20260515,200805599,3048122322,"8806732008503,8806732008510,8806732008527,8806732008534,8806966002001,8806966002018,8806966002025,8806966002032",
"트라마펜정","구주제약(주)","불순물(N-nitroso-desmethyl-tramadol) 초과 검출 우려에 따른 사전예방적 조치로 시중 유통품에 대한 영업자 회수",N,20260611000000,20260514,200804563,1248136268,"8806698032901,8806698032918,8806698032925,8806698032932",
"트라마펜세미정","구주제약(주)","불순물(N-nitroso-desmethyl-tramadol) 초과 검출 우려에 따른 사전예방적 조치로 시중 유통품에 대한 영업자 회수",N,20260611000000,20260514,201402890,1248136268,"8806698043709,8806698043716,8806698043723",
"이모나캡슐","미래바이오제약(주)","유통제품 품질부적합 우려",Y,"",20260514,200402546,1258139744,"8806575008807,8806575008814,8806575008821,8806575008838,8806575008845,8806575008852",200402546
"노텍정(세티리진염산염)","미래바이오제약(주)","유통제품 품질부적합 우려",Y,"",20260514,200102527,1258139744,"8806575001105,8806575001112,8806575001129,8806575001136,8806575001143",200102527
"하이타민골드정","미래바이오제약(주)","유통제품 품질부적합 우려",Y,"",20260514,202204621,1258139744,"8806575040104,8806575040111,8806575040128,8806575040135",202204621
"탄시나정","미래바이오제약(주)","유통제품 품질부적합 우려",Y,"",20260514,201905304,1258139744,"8806575034707,8806575034714,8806575034721,8806575034738,8806575034745,8806575034752,8806575034769,8806575034776,8806575034783",201905304
"리치정","미래바이오제약(주)","유통제품 품질부적합 우려",Y,"",20260514,201803896,1258139744,"8806575033304,8806575033311,8806575033328,8806575033335,8806575033342",201803896
"하이펜에스정","미래바이오제약(주)","유통제품 품질부적합 우려",Y,"",20260514,202303052,1258139744,"8806575040203,8806575040210",202303052
"마그스타에프정","주식회사더유제약","유통제품 품질부적합 우려",Y,20260622000000,20260514,202402153,1138669177,"8806575040609,8806575040616,8806575040623",
"마이티셋정(트라마돌염산염, 아세트아미노펜)","에이치엘비제약(주)","불순물(N-nitroso-desmethyl-tramadol) 초과 검출 우려에 따른 사전예방적 조치로 시중 유통품에 대한 영업자 회수",N,20260511000000,20260511,200804952,2088125623,"8806473013507,8806473013514,8806473013521,8806473013538",
"모닝제약두충염자","모닝제약","관능(성상) 부적합",Y,20260518000000,20260511,200713433,5031636653,"8800683000302,8800683000319,8800683000326,8800683000333,8800683000340",
"씨케이당귀","씨케이(주)","품질부적합(중금속(카드뮴)시험 부적합)",Y,20260608000000,20260511,200612734,2048123491,"8800619005104,8800619005111,8800619005128,8800619005135",
"씨케이당삼","씨케이(주)","품질부적합(중금속(카드뮴)시험 부적합)",Y,"",20260511,200612457,2048123491,"8800619005005,8800619005012,8800619005029,8800619005036",
"네츄럴블랙치약","우리생활건강","품질부적합 우려",N,"",20260508,202000633,6132694871,"",
"엔탭허브오약","(주)엔탭허브","중금속(카드뮴) 부적합",Y,20260513000000,20260508,201900516,3308101200,"8800626014601,8800626014618,8800626014625",
"하이세펜정","(주)한국파마","불순물(N-nitroso-desmethyl-tramadol) 초과 검출 우려에 따른 사전예방적 조치로 시중 유통품에 대한 영업자 회수",N,20260630000000,20260508,200805497,1248115899,"8806530044703,8806530044710,8806530044727,8806530044734,8806530044741,8806530044758",
"뉴트라정","안국뉴팜(주)","불순물(N-nitroso-desmethyl-tramadol) 초과 검출 우려에 따른 사전예방적 조치로 시중 유통품에 대한 영업자 회수",N,20260602000000,20260507,201603986,4938700407,"8800536002309,8800536002316,8800536002323,8800536002330",
"울셋정","(주)비씨월드제약","불순물(N-nitroso-desmethyl-tramadol) 초과 검출 우려에 따른 사전예방적 조치로 시중 유통품에 대한 영업자 회수",N,20260611000000,20260507,200713095,1398111269,"8806531019809,8806531019816,8806531019823,8806531019830,8806531019847",
"울셋세미정","(주)비씨월드제약","불순물(N-nitroso-desmethyl-tramadol) 초과 검출 우려에 따른 사전예방적 조치로 시중 유통품에 대한 영업자 회수",N,20260611000000,20260507,200713094,1398111269,"8806531019700,8806531019717,8806531019724,8806531019731",
"풍산산수유","풍산주식회사","잔류농약(트리아조포스) 부적합 (기준 초과)",Y,20260513000000,20260507,199402914,5088102535,"8800679004208,8800679004215,8800679004222,8800679004239",
"풍산숙지황","풍산주식회사","정량법(5-히드록시메틸-2-푸르알데히드) 부적합 (기준 초과)",Y,20260604000000,20260507,197500646,5088102535,"8800679004703,8800679004710,8800679004727",
"풍산오매","풍산주식회사","순도시험(벤조피렌) 부적합 (기준 초과)",Y,20260513000000,20260507,199906439,5088102535,"8800679005700,8800679005717,8800679005724",
"씨케이단삼","씨케이(주)","품질부적합(정량법(실비아놀산B))",Y,"",20260507,200702476,2048123491,"8800619005203,8800619005210,8800619005227,8800619005234",
"트라플엠정","(주)마더스제약","불순물(N-nitrose-desmethyl-tramadol)초과 검출 우려에 따른 사전예방적 조치로 시중 유통품에 대한 영업자 회수",N,"",20260506,201310583,3128629302,"8806228017309,8806228017316,8806228017323",
"트라플엠세미정","(주)마더스제약","불순물(N-nitrose-desmethyl-tramadol)초과 검출 우려에 따른 사전예방적 조치로 시중 유통품에 대한 영업자 회수",N,"",20260506,201405383,3128629302,"8806228021504,8806228021511,8806228021528",
"아마돌정","아주약품(주)","불순물(N-nitroso-desmethyl-tramadol) 초과 검출 우려에 따른 사전예방적 조치로 시중 유통품에 대한 영업자 회수",N,20260625000000,20260506,200706008,8028803696,"8806540007507,8806540007514,8806540007521,8806540007538",
"영트라셋정","영진약품(주)","불순물(N-nitroso-desmethyl-tramadol) 초과 검출 우려에 따른 사전예방적 조치로 시중 유통품에 대한 영업자 회수",N,20260508000000,20260506,200804696,2188100352,"8806424019305,8806424019312,8806424019329,8806424019336",
"리브러쉬화이트닝치아미백제","(주)성원제약","품질부적합(과산화수소 확인 및 함량시험)",Y,20260604000000,20260506,202402280,2048175757,"",
"1.덴티라보리인포스치약, 2.코랄리에프레쉬치약(아쿠아민트향), 3.코랄리에치약(솔트맛), 4.쥬브니일사오공치약, 5.호이허그키즈육공치약(레몬민트향), 6.글릿브라이트닝스텝투치약, 7.리브러쉬캐비티케어치약, 8.블랑쉬화이트치약","(주)성원제약","품질부적합(pH 및 함수이산화규소 확인)-리브러쉬캐비티케어치약",Y,20260612000000,20260506,202107249,2048175757,"",
"1.자연이쓰는치약시린메디, 2.네오시린큐치약, 3.이시린엑스치약(Esirin-X Toothpaste), 4.닥투스시린케어치약(수출명 : Doctooth Shirin care Toothpaste), 5.오프리케어닥터시린이케어치약, 6.해링비센스액티브플러스치약, 7.덴티라보센서티브치약, 8.닥터니어유센서티브치약 , 9.아일랜드크림스톤치약, 10.성원시린이케어치약","(주)성원제약","품질부적합(pH)-성원시린이케어치약",Y,20260612000000,20260506,201006589,2048175757,"",
"1.아딘폴거품세정액, 2.덴티오클렌저, 3.퓨리덴구강장치세정제, 4.스마일폼의치세정제, 5.파로덱스의치세정제, 6.덴탈비프로클리어구강장치세정제, 7.소피오티클리어구강장치세정제, 8.미라클구강장치세정폼, 9.닥트러스트리치폼구강장치세정제, 10.프로덴티브큐잇클리어구강장치세정폼, 11.퓨어덴티구강장치세정액, 12.닥터덴구강장치세정제","(주)성원제약","품질부적합(탄산수소나트륨의 확인 및 함량시험, 질량용량시험)-퓨어덴티구강장치세정액",Y,20260612000000,20260506,202500553,2048175757,"",
"1.아딘폴거품세정액, 2.덴티오클렌저, 3.퓨리덴구강장치세정제, 4.스마일폼의치세정제, 5.파로덱스의치세정제, 6.덴탈비프로클리어구강장치세정제, 7.소피오티클리어구강장치세정제, 8.미라클구강장치세정폼, 9.닥트러스트리치폼구강장치세정제, 10.프로덴티브큐잇클리어구강장치세정폼, 11.퓨어덴티구강장치세정액, 12.닥터덴구강장치세정제","(주)성원제약","품질부적합(탄산수소나트륨의 확인 및 pH)-프로덴티브큐잇클리어구강장치세정폼",Y,20260612000000,20260506,202500553,2048175757,"",
"트라마펜세미정","구주제약(주)","불순물(N-nitroso-desmethyl-tramadol) 초과 검출 우려에 따른 사전예방적 조치로 시중 유통품에 대한 영업자 회수",N,20260520000000,20260504,201402890,1248136268,"8806698043709,8806698043716,8806698043723",
"트라마펜정","구주제약(주)","불순물(N-nitroso-desmethyl-tramadol) 초과 검출 우려에 따른 사전예방적 조치로 시중 유통품에 대한 영업자 회수",N,20260520000000,20260504,200804563,1248136268,"8806698032901,8806698032918,8806698032925,8806698032932",
"리브러쉬화이트닝치아미백제","(주)성원제약","함량시험(과산화수소)",Y,20260604000000,20260430,202402280,2048175757,"",
"휴니즈트라셋정","(주)휴온스메디텍","불순물(N-nitroso-desmethyl-tramadol) 허용기준 초과 검출",N,20260504000000,20260430,201502928,6178124930,"8806704008906,8806704008913,8806704008920",
"펜큐어정","현대약품(주)","불순물(N-nitroso-N-desmethyl-tramadol) 허용기준 초과 검출",N,20260528000000,20260430,200707219,1308100988,"8806420010801,8806420010818,8806420010825,8806420010832,8806420010849",
"펜큐어세미정","현대약품(주)","불순물(N-nitroso-N-desmethyl-tramadol) 허용기준 초과 검출",N,20260528000000,20260430,200707218,1308100988,"8806420010702,8806420010719,8806420010726,8806420010733,8806420010740",
"트라셋세미정","(주)휴온스메디텍","불순물(N-nitroso-desmethyl-tramadol) 허용기준 초과 검출",N,"",20260430,201603985,6178124930,"8806704012408,8806704012415,8806704012422,8806704012439,8806704012446",
"울트라맥정","맥널티제약(주)","불순물(N-nitroso-N-desmethyl-tramadol) 허용기준 초과 검출",N,20260527000000,20260430,200805388,2998102136,"8806415008806,8806415008813,8806415008820,8806415008837,8806415008844",
"울트라맥세미정","맥널티제약(주)","불순물(N-nitroso-N-desmethyl-tramadol) 허용기준 초과 검출",N,20260527000000,20260430,200805389,2998102136,"8806415009100,8806415009117,8806415009124,8806415009131,8806415009148",
"휴트라돌정","(주)휴온스","불순물(N-nitroso-N-desmethyl-tramadol) 허용기준 초과 검출",N,20260529000000,20260430,200712588,8638700270,"8806706043202,8806706043219,8806706043226,8806706043233",
"휴트라돌세미정","(주)휴온스","불순물(N-nitroso-N-desmethyl-tramadol) 허용기준 초과 검출",N,20260529000000,20260430,200712587,8638700270,"8806706043103,8806706043110,8806706043127,8806706043134,8806706043141,8806706043158",
"네오코정","한국신텍스제약(주)","품질 부적합(확인시험 1), 함량시험(클로로르페니라민말레산염, 슈도에페드린염산염), 제제균일성시험)",Y,20260518000000,20260429,201309541,6138163381,"8806230033502,8806230033519",
"풍산토사자","풍산주식회사","성상 부적합",Y,20260428000000,20260422,199805821,5088102535,"8800679015105,8800679015112,8800679015129",
"1.그린파인치약, 2.미라클키트케어치약, 3.화인메가치약","우리생활건강","품질부적합 우려(그린파인치약)",N,"",20260422,202300562,6132694871,"",
"단바이오치약","우리생활건강","품질부적합 우려",N,"",20260422,202300984,6132694871,"",
"솔고플라티노이온덴티치약","우리생활건강","품질부적합 우려",N,"",20260422,201206589,6132694871,"",
"1.마데바텔넥치약, 2.덴탈힐링프로폴치약, 3.프로폴리브이아이피홍삼향진치약, 4.닥터하루오프리미엄치약","우리생활건강","품질부적합 우려(마데바텔넥치약)",N,20260515000000,20260420,202007244,6132694871,"",
"1.마데바텔넥치약, 2.덴탈힐링프로폴치약, 3.프로폴리브이아이피홍삼향진치약, 4.닥터하루오프리미엄치약","우리생활건강","품질부적합 우려(프로폴리브이아이피홍삼향진치약)",N,20260515000000,20260420,202007244,6132694871,"",
"1.마데바텔넥치약, 2.덴탈힐링프로폴치약, 3.프로폴리브이아이피홍삼향진치약, 4.닥터하루오프리미엄치약","우리생활건강","품질부적합 우려(덴탈힐링프로폴치약)",N,20260515000000,20260420,202007244,6132694871,"",
"리버만로라부스트액(L-아스파르트산-L-오르니틴)","동아제약(주)","안정성시험 일부항목(성상) 기준 일탈로 인한 영업자 회수",N,20260416000000,20260415,201908485,2048640118,"8806265014804,8806265014811,8806265014828,8806265014835",
"농림자소엽","(주)농림생약","순도시험 1) 이물 가) 줄기",Y,20260420000000,20260410,200711240,3128137170,"8800616010903,8800616010910,8800616010927,8800616010934",
"현진단삼","(주)현진제약","정량법(살비아놀산 B)",Y,20260420000000,20260410,200504654,2048189192,"8800648003102,8800648003119,8800648003126,8800648003133,8800648003140,8800648003157",
"구미포비스왑스틱(포비돈요오드)(수출명:포비딕)","구미제약(주)","이물 혼입으로 인한 영업자회수",N,"",20260410,200302817,1378173459,"8806804000909,8806804000916,8806804000923,8806804000930",200302817
"이트라펜정","(주)화이트생명과학","불순물(N-nitroso-desmethyl-tramadol) 초과 검출 우려에 따른 사전예방적 조치로 시중 유통품에 대한 영업자 회수",N,20260706000000,20260406,201309487,2208843940,"8806252002203,8806252002210,8806252002227",
"평위천프라임액","광동제약(주)","카톤 포장 오류로 인한 영업자회수",N,20260427000000,20260406,201906489,1138108888,"8806418068104,8806418068111",201906489
"제이리브현탁액(L-류신,L-발린,L-이소류신)","제이더블유중외제약(주)","의약품 동등성 재평가 결과(유용성 미인정)에 따른 영업자 회수",N,20260407000000,20260403,201507284,1188102477,"8806449140602,8806449140619,8806449140626",
"엔시트라정(트라마돌염산염,아세트아미노펜)","한림제약(주)","불순물(N-nitroso-desmethyl-tramadol) 초과 검출 우려에 따른 사전예방적 조치로 시중 유통품에 대한 영업자 회수",N,20260421000000,20260402,200707223,1358102638,"8806453011806,8806453011813,8806453011820,8806453011837",
"부광미다졸람주사","부광약품(주)","2차 포장 표시 오기에 따른 영업자 회수",N,20260430000000,20260402,200109947,1188100450,"8806422006901,8806422006918,8806422006925,8806422007007,8806422007014,8806422007021",
"삼성로수바스타틴정20밀리그램(로수바스타틴칼슘)","삼성제약(주)","바코드 오류에 따른 영업자 회수",N,20260430000000,20260401,201900333,2078100726,"8806423073100,8806423073117,8806423073124",
"엑스페인정","(주)한독","니트로사민류 불순물(N-nitroso-desmethyl-tramadol)의 일일 섭취허용량을 초과한 특정 제조단위에 대한 영업자회수",N,20260429000000,20260401,200706110,2208100530,"8806521050706,8806521050713,8806521050720,8806700006401,8806700006418,8806700006425,8806700006432",
"엑스페인세미정","(주)한독","니트로사민류 불순물(N-nitroso-desmethyl-tramadol)의 일일 섭취허용량을 초과한 특정 제조단위에 대한 영업자회수",N,20260429000000,20260401,200706109,2208100530,"8806521051000,8806521051017,8806521051024,8806700006302,8806700006319,8806700006326,8806700006333",
"마데카솔케어연고","동국제약(주)","포장재 불량(코팅 벗겨짐)에 따른 영업자 회수",N,20260429000000,20260401,200903973,3018508241,"8806534016409,8806534016416,8806534016423",200903973
"엔탭허브골쇄보","(주)엔탭허브","성상",Y,20260403000000,20260331,201900582,3308101200,"8800626002806,8800626002813,8800626002820",
"자연세상유백피","(주)자연세상","성상",Y,20260403000000,20260331,201800362,1278641862,"8800675008507,8800675008514,8800675008521,8800675008538,8800675008545",
"1.아딘폴거품세정액, 2.덴티오클렌저, 3.퓨리덴구강장치세정제, 4.스마일폼의치세정제, 5.파로덱스의치세정제, 6.덴탈비프로클리어구강장치세정제, 7.소피오티클리어구강장치세정제, 8.미라클구강장치세정폼, 9.닥트러스트리치폼구강장치세정제, 10.프로덴티브큐잇클리어구강장치세정폼, 11.퓨어덴티구강장치세정액, 12.닥터덴구강장치세정제","(주)성원제약","아딘폴거품세정액 품질부적합(탄산수소나트륨 확인 및 함량시험)",Y,"",20260331,202500553,2048175757,"",
"1.퓨어검덴탈케어치약, 2.아쉬세븐옐로프레쉬치약, 3.씨에이치올인원치약, 4.리브러쉬오랄케어솔루션습관치약, 5.덴탈더블케어치약, 6.이처럼토탈케어치약, 7.러버스올케어치약(모과향), 8.웰비네추럴밸런스치약, 9.리브러쉬오우트밀잇몸케어치약, 10.리브러쉬브레스케어치약, 11.리브러쉬검케어치약","(주)성원제약","품질부적합 우려(리브러쉬브레스케어치약)",N,"",20260331,201700189,2048175757,"",
"1.잇몸케어플러스치약, 2.성원잇몸케어플러스치약","(주)성원제약","품질부적합 우려(성원잇몸케어플러스치약)",N,"",20260331,201203603,2048175757,"",
"뉴키토플러스원치약(수출명: Newchito Plus One Toothpaste), 아파타이트뉴키토플러스원치약(수출명:Apatite Newchito Plus One Toothpaste), 닥투스키토케어치약(Doctooth Chito Care Toothpaste), 뉴플치약","(주)성원제약","품질부적합 우려(뉴키토플러스원치약)",N,"",20260331,200305540,2048175757,"",
"1.굿모닝미소지은이프레쉬치약, 2.원투스클리닉치약, 3.라덴스포마덜치약, 4.티앤에스요즘치약, 5.뷔에르엔프리미엄오르셀치약, 6.튼튼맘스프레시치약(루이보스향), 7.코코시크치약, 8.블링투치약, 9.휘아푸카치약, 10.매스티키스청신케어매스틱치약, 11.매스티키스청결샤인매스틱치약, 12.매스티키스골드투치약, 13.허브씨드치약, 14.이센치약, 15.비앙투스치약, 16.매스티키즈투치약(딸기향), 17.퀀텀투스케어치약, 18.제이베럴즈치약(스피아민트향), 19.니써바퀀텀투스케어치약, 20.착한노력치약, 21.후하치약, 22.미미보프리미엄치약, 23.닥터클러브치약, 24.모닝브레스오션프레시치약, 25.사우나랩스멀티케어내추럴치약, 26.엔지일일공공치약, 27.성원프레쉬치약, 28.다온레드파인쿨치약, 29.라이프지프레쉬브레스치약, 30.더마레딕스치석케어치약, 31.엠비엘에스덴탈치약, 32.바니티스육공치약(사과향), 33.씨프레쉬플러스치약, 34.달시엔코리쎈치약, 35.엔트리구강케어치약, 36.드림구강엔비타치약, 37.뮤직스케치치약, 38.비코드데일리콜로치약","(주)성원제약","품질부적합 우려(매스티키스골드투치약)",N,"",20260331,201904809,2048175757,"",
"1.굿모닝미소지은이프레쉬치약, 2.원투스클리닉치약, 3.라덴스포마덜치약, 4.티앤에스요즘치약, 5.뷔에르엔프리미엄오르셀치약, 6.튼튼맘스프레시치약(루이보스향), 7.코코시크치약, 8.블링투치약, 9.휘아푸카치약, 10.매스티키스청신케어매스틱치약, 11.매스티키스청결샤인매스틱치약, 12.매스티키스골드투치약, 13.허브씨드치약, 14.이센치약, 15.비앙투스치약, 16.매스티키즈투치약(딸기향), 17.퀀텀투스케어치약, 18.제이베럴즈치약(스피아민트향), 19.니써바퀀텀투스케어치약, 20.착한노력치약, 21.후하치약, 22.미미보프리미엄치약, 23.닥터클러브치약, 24.모닝브레스오션프레시치약, 25.사우나랩스멀티케어내추럴치약, 26.엔지일일공공치약, 27.성원프레쉬치약, 28.다온레드파인쿨치약, 29.라이프지프레쉬브레스치약, 30.더마레딕스치석케어치약, 31.엠비엘에스덴탈치약, 32.바니티스육공치약(사과향), 33.씨프레쉬플러스치약, 34.달시엔코리쎈치약, 35.엔트리구강케어치약, 36.드림구강엔비타치약, 37.뮤직스케치치약, 38.비코드데일리콜로치약","(주)성원제약","품질부적합 우려(엔트리구강케어치약)",N,"",20260331,201904809,2048175757,"",
"프로토픽연고0.1%(타크로리무스수화물)","레오파마(유)","2차 포장용기(카톤)의 표시기재 사항(효능효과) 오기에 따른 영업자 회수※ 0.03%의 효능효과로 표시함.",N,20260402000000,20260330,200511279,1048647640,"8806267001109,8806267001116,8806267001123,8806772001502,8806772001519,8806772001526",
"프레벨액0.25%(프레드니카르베이트)","태극제약(주)","직접용기의 불량(누설)에 따른 영업자 회수",N,"",20260330,200401147,1248134163,"8806448029205,8806448029212,8806448029229,8806448029236,8806448029243,8806448029250",
"타나민정(은행엽건조엑스)<수출명:디멘탈정(은행엽건조엑스)>","(주)유유제약","표시기재 일부 누락(바코드)에 따른 영업자 회수",N,20260413000000,20260327,199300303,1238101790,"8806445011203,8806445011210,8806445011227,8806445011234,8806445011241,8806445011258,8806445011265,8806445011272,8806445011289,8806445011296",
"타나민정80밀리그램(은행엽건조엑스)","(주)유유제약","표시기재 일부 누락(바코드)에 따른 영업자 회수",N,20260413000000,20260327,199700379,1238101790,"8806445011401,8806445011418,8806445011425,8806445011432,8806445011449,8806445011456,8806445011463,8806445011470,8806445011487",
"타나민정120밀리그람(은행엽건조엑스)","(주)유유제약","표시기재 일부 누락(바코드)에 따른 영업자 회수",N,20260413000000,20260327,199900185,1238101790,"8806445011302,8806445011319,8806445011326,8806445011333,8806445011340,8806445011357,8806445011364,8806445011371,8806445011388,8806445011395,8806445034516",
"소폐탕엑스과립(소청룡탕)","경방신약(주)","이물 혼입 우려에 따른 영업자회수",N,20260424000000,20260324,200404345,1318151063,"8806613026107,8806613026114,8806613026121,8806613026138,8806613026145,8806613026152,8806613026169,8806613026176",
"타나민정240밀리그램(은행엽건조엑스)","(주)유유제약","표시기재 일부누락(바코드)에 따른 영업자 회수",N,20260414000000,20260324,202301173,1238101790,"8806445034301,8806445034318,8806445034325,8806445034332,8806445034349,8806445034356,8806445034363,8806445034370",
"에이스덴탈거즈","에이스메디칼(주)","품질부적합(형상)",Y,20260408000000,20260323,201703988,4568501548,"",
"뉴키토플러스원치약(수출명: Newchito Plus One Toothpaste), 아파타이트뉴키토플러스원치약(수출명:Apatite Newchito Plus One Toothpaste), 닥투스키토케어치약(Doctooth Chito Care Toothpaste), 뉴플치약","(주)성원제약","품질부적합 우려(뉴키토플러스원치약)",Y,20260408000000,20260323,200305540,2048175757,"",
"울트라뉴정","(주)시어스제약","불순물(N-nitroso-desmethyl-tramadol) 초과 검출 우려에 따른 사전예방적 조치로 시중 유통품에 대한 영업자 회수",N,"",20260318,201902260,5768100700,"8806890006304,8806890006311,8806890006328,8806890006335",
"글립타이드정200밀리그람(설글리코타이드)","삼일제약(주)","‘설글리코타이드’ 제제에 대한 재평가 결과, 유용성 미입증",Y,20260409000000,20260316,200400587,1348500765,"8806439000206,8806439000213,8806439000220,8806439000237",
"트리암시놀론주사40밀리그램(트리암시놀론아세토니드)","동광제약(주)","이물 혼입 우려에 따른 영업자회수",N,20260416000000,20260313,197500023,2018644250,"8806459030009,8806459030016,8806459030023,8806459030030,8806459030047",
"씨오르브이라인핏보건용마스크(KF94)(대형,중형,소형)(흰색,검정색,진한회색,연한상아색,연분홍색)","주식회사아맥스","이물 혼입 우려에 따른 영업자회수",N,20260320000000,20260313,202501413,1268172805,"",
"위더셋정","위더스제약(주)","불순물(N-nitro-desmethyl-tramadol) 초과 검출 우려에 따른 사전예방적 조치로 시중 유통품에 대한 영업자 회수",N,20260410000000,20260312,200805152,1258522182,"8806607021507,8806607021514,8806607021521,8806607021538,8806607021545",
"영천약초도매시장건강","영천약초도매시장주식회사","정량법, 6-징게롤 시험 부적합",Y,20260320000000,20260312,201503344,3538100034,"8800651001003,8800651001010,8800651001027,8800651001034,8800651001041,8800651001058",
"풍산시호","풍산주식회사","순도, 이물 시험 부적합",Y,20260320000000,20260312,199303874,5088102535,"8800679005007,8800679005014,8800679005021",
"풍산창출","풍산주식회사","확인, 순도 시험 부적합",Y,20260320000000,20260312,199303869,5088102535,"8800679008305,8800679008312,8800679008329",
"듀오스탑캡슐","(주)다산제약","표시기재 일부 누락(용법용량)에 따른 영업자 회수",N,20260316000000,20260309,202400117,1058184395,"8806786021008,8806786021015",202400117
"나음음양곽","(주)나음제약","정량법(이카리인)",Y,20260316000000,20260309,201904949,2828601283,"8800645013609,8800645013616,8800645013623",
"엔탭허브구기자","(주)엔탭허브","잔류농약(뷰프로페진)",Y,20260316000000,20260309,201900577,3308101200,"8800626003704,8800626003711,8800626003728",
"이풀잎시호","(주)이풀잎제약","순도시험 1)이물 가) 줄기 및 잎",Y,20260316000000,20260309,200802074,1328195026,"8800660008901,8800660008918,8800660008925,8800660008932,8800660008949",
"현진강황","(주)현진제약","정량법(쿠르쿠민, 데메톡시쿠르쿠민 및 비스데메톡시쿠르쿠민의 합)",Y,20260316000000,20260309,202000165,2048189192,"8800648032706,8800648032713,8800648032720,8800648032737,8800648032744,8800648032751",
"에이스이엔티거즈","에이스메디칼(주)","품질부적합 우려",N,20260408000000,20260309,201100673,4568501548,"",
"에이스멸균탈지면","에이스메디칼(주)","품질부적합 우려",N,20260408000000,20260309,201100682,4568501548,"",
"리피뎀주","비브라운코리아(주)","시판 후 안정성시험 결과 불용성미립자 기준 초과에 따른 영업자 회수",N,20260306000000,20260306,201005585,1208156485,"8806674007800,8806674007817,8806674007909,8806674007916,8806674008005,8806674008012",
"셀비다정","미래바이오제약(주)","품질부적합(주성분 함량미달)",Y,"",20260304,202102839,1258139744,"8806575038507,8806575038514,8806575038521",
"유코빅포르테정","미래바이오제약(주)","품질부적합(주성분 함량미달)",Y,"",20260304,201605514,1258139744,"8806575030808,8806575030815,8806575030822,8806575030839,8806575030846",
"헤파코엔플러스정","미래바이오제약(주)","품질부적합(주성분 함량미달)",Y,"",20260304,202106244,1258139744,"8806575039207,8806575039214,8806575039221,8806575039238",
"리나틴정(리나글립틴)","제일약품(주)","시판후 안정성 시험에서 일부 항목(주성분 함량) 기준 일탈에 따른 영업자 회수",N,20260427000000,20260303,201903610,2428500620,"8806454055304,8806454055311",
"케이에이투디라이트황사방역마스크(KF94)(소형)(흰색)","주식회사쿠스","품질 부적합 (분진포집효율)",Y,20260401000000,20260303,202200955,5668801598,"",
"클라제투디황사방역마스크(KF94)(흰색)","케이지메디텍주식회사","품질 부적합 (분진포집효율)",Y,20260528000000,20260303,202102723,6698700396,"",
"1.미담황사방역마스크(KF94)(대형)(진한황녹색), 2.미담황사방역마스크(KF94)(대형)(연회색), 3.미담황사방역마스크(KF94)(대형)(연한황색)","주식회사미담","품질 부적합 (분진포집효율)",Y,20260424000000,20260303,202204544,7978101719,"",
"트라톨주(트라마돌염산염)","(주)씨엠지제약","불순물(N-nitro-desmethyl-tramadol) 초과 검출 우려에 따른 사전예방적 조치로 시중 유통품에 대한 영업자 회수",N,20260323000000,20260227,201907980,1348171976,"8806486039600,8806486039617,8806486039624",
"에스포린점안액0.05%(사이클로스포린)(1회용)","삼천당제약(주)","외부포장과 실제 내용물이 상이한 제품 발견에 따른 영업자 회수[외부포장: 에스포린점안액, 내용물:라타스트점안액]",N,20260416000000,20260227,201110112,1248104295,"8806512036801,8806512036818,8806512036825,8806512055109,8806512055116,8806512055123,8806512055208,8806512055215,8806512055222",
"가스트로그라핀","바이엘코리아(주)","불순물(N-Nitroso-Meglumine) 초과 검출 우려에 따른 사전예방적 조치로 시중 유통품에 대한 영업자 회수",N,"",20260226,200800685,1208100467,"8806411004109,8806411004116",
"시나세트정(시나칼세트염산염)","알보젠코리아(주)","불순물(N-nitroso-Cinacalcet) 초과 검출 우려에 따른 사전예방적 조치로 시중 유통품에 대한 영업자 회수",N,20260401000000,20260225,201606563,2158121950,"8806526063305,8806526063312",
"에이스에스픽스","에이스메디칼(주)","품질부적합(점착력 시험)",Y,20260408000000,20260225,202003160,4568501548,"",
"대한관류용멸균생리식염수","대한약품공업(주)","자사 타제품＊으로 잘못 표기된 제품 발견에 따른 영업자 회수 (※  대한관류용멸균증류수)",N,20260323000000,20260224,200300245,1348500111,"8806451003407,8806451003414,8806451003506,8806451003513,8806451036504,8806451036511,8806451041201,8806451041218,8806451041225,8806451050906,8806451050913,8806451050920",200300245
"에어데이즈컬러핏보건용마스크(KF94)(대형,소형)(진회색,연회색,분홍색,연황색,노란색,연한상아색,연한 산호색,상아색,연한갈색,진한노란색,연한분홍색,다홍색,연한보라색,진한녹색,검회색,연한청록색)","주식회사쿠스","품질 부적합 (분진포집효율)",Y,20260401000000,20260224,202200764,5668801598,"",
"발트렉스정500밀리그램(발라시클로비르염산염)","(주)글락소스미스클라인","니트로사민류 불순물(N-nitroso-N-ethyl-valacyclovir)의 일일 섭취허용량을 초과한 특정 제조단위에 대한 영업자회수",N,20260220000000,20260220,200511001,1068156683,"8806500004003,8806500004010,8806500004027",
"1.아딘폴거품세정액, 2.덴티오클렌저, 3.퓨리덴구강장치세정제, 4.스마일폼의치세정제, 5.파로덱스의치세정제, 6.덴탈비프로클리어구강장치세정제, 7.소피오티클리어구강장치세정제, 8.미라클구강장치세정폼, 9.닥트러스트리치폼구강장치세정제, 10.프로덴티브큐잇클리어구강장치세정폼, 11.퓨어덴티구강장치세정액, 12.닥터덴구강장치세정제","(주)성원제약","아딘폴거품세정액 품질부적합(탄산수소나트륨 함량 및 확인시험)",Y,20260324000000,20260219,202500553,2048175757,"",
"네오밴드플러스에스","(주)네오메디제약","품질부적합(점착력 시험)",Y,20260225000000,20260219,201804039,2348106630,"",
"트라미펜세미정","하나제약(주)","불순물(N-nitroso-desmethyl-tramadol) 초과 검출 우려에 따른 사전예방적 조치로 시중 유통품에 대한 영업자 회수",N,20260409000000,20260213,200711885,1248137632,"8806578020103,8806578020110,8806578020127,8806578020134",
"탁소텔1-바이알주(도세탁셀수화물)","(주)사노피-아벤티스코리아","시판후 안정성시험 일부 시험항목(불용성이물) 기준일탈로 인한 영업자회수",N,20260212000000,20260213,201003669,2208100544,"8806520008609,8806520008616,8806520008708,8806520008715",
"트라임정","(주)킵스바이오파마","불순물(N-nitroso-desmethyl-tramadol) 허용기준 초과 검출에 따른 영업자회수",N,20260213000000,20260213,200805928,2098126571,"8806633002006,8806633002013,8806633002020,8806633002037,8806932004503,8806932004510,8806932004527,8806932004534,8806932004541",
"파리에트정10밀리그람(라베프라졸나트륨)","주식회사제뉴원사이언스","허가사항과 다른 부형제를 사용하여 제조",N,20260226000000,20260213,200004370,6218542600,"8806469008708,8806469008715,8806469008722,8806469008739,8806717064203,8806717064210",
"브이앤치약(침강탄산칼슘)","주식회사두원사이언스제약","품질부적합(pH)",Y,"",20260210,201803234,2048633465,"",
"오투포유휴대용산소","(주)한성비씨씨","품질부적합(순도시험)",Y,20260303000000,20260209,201905083,6098182924,"",
"옵디보주20mg(니볼루맙,유전자재조합)","한국오노약품공업주식회사","금속이물 혼입 우려 영업자회수",N,20260211000000,20260206,201501486,1018686019,"8800504000207,8800504000214",
"옵디보주100mg(니볼루맙,유전자재조합)","한국오노약품공업주식회사","금속이물 혼입 우려 영업자회수",N,20260211000000,20260206,201501485,1018686019,"8800504000108,8800504000115",
"옵디보주240mg(니볼루맙,유전자재조합)","한국오노약품공업주식회사","금속이물 혼입 우려 영업자회수",N,20260211000000,20260206,201902211,1018686019,"8800504000306,8800504000313",
"젤라펜에스정","미래바이오제약(주)","품질부적합(함량미달)",Y,"",20260205,202303361,1258139744,"8806575040302,8806575040319,8806575040326",
"브리즈깨끗한방역마스크(KF94)(소형,초소형)(흰색, 진회색, 노란색, 상아색, 연보라색, 분홍색, 연분홍색, 연초록색, 연산호색, 산호색, 산호색(검정색끈), 연황색, 연황색(검정색끈)","(주)퓨어메이트","품질부적합(형상시험끈)",Y,"",20260203,202102225,4758101686,"",
"뉴브리즈깨끗한방역마스크(KF94)(대형,중형)(흰색)","(주)퓨어메이트","품질부적합(형상시험 끈)",Y,"",20260203,202102342,4758101686,"",
"레푸로진시럽(레보드로프로피진)","삼천당제약(주)","품질부적합 우려(성상, 미생물한도)에 따른 시중 유통품에 대해 영업자 회수",N,20260324000000,20260202,200300760,1248104295,"8806512003001,8806512003018",
"엔탭허브필발","(주)엔탭허브","건조감량",Y,20260206000000,20260130,201900406,3308101200,"8800626023207,8800626023214,8800626023221",
"한솔신이","한솔제약(주)","순도시험 부적합",Y,20260204000000,20260129,200206804,2048143497,"8800659015507,8800659015514,8800659015521",
"삼흥얼큰이황사방역마스크(KF94)(대형)(백색)","주식회사삼흥컴퍼니","품질부적합(끈길이)",Y,"",20260128,202104669,2808701789,"",
"식스방역용마스크(KF94)(특대형)","(주)캐드원","사용기한을 허가사항과 다르게 기재",N,20260130000000,20260127,201701589,1138146446,"",
"광명당선퇴","주식회사 광명당제약","관능(성상) 부적합",Y,20260205000000,20260127,200407029,6108621126,"8800641006100,8800641006117,8800641006124",
"엘사정2.5mg(아픽사반(미분화))","동광제약(주)","표시된 포장단위와 실제 낱알 개수 차이 발생으로 인한 영업자 회수",N,20260220000000,20260126,201900897,2018644250,"8806459064608,8806459064615,8806459064622,8806459064639",
"맘스덤네오드레싱(멸균반창고(1회용))","(주)네오메디제약","인장강도 부적합",Y,20260224000000,20260122,202105029,2348106630,"",
"뉴메디랩드레싱(멸균반창고(1회용))","(주)아텍스(Atex.co.,Ltd)","인장강도 부적합",Y,20260203000000,20260122,202400078,1108175321,"",
"센스켓정(클로로필린구리나트륨착염)","동국제약(주)","안정성 시험 일부 항목(용출시험) 기준 일탈로 인한 영업자 회수",N,20260219000000,20260120,202402775,3018508241,"8806534058409,8806534058416",
"로디엔셋정40/2.5/12.5밀리그램(텔미사르탄, 에스암로디핀니코틴산염, 클로르탈리돈)","한림제약(주)","사용기한 표기 오기재(정상 사용기한 이내임)",N,20260206000000,20260115,202502785,1358102638,"8806453073200,8806453073217",
"로디엔셋정80/2.5/12.5밀리그램(텔미사르탄, 에스암로디핀니코틴산염, 클로르탈리돈)","한림제약(주)","사용기한 표기 오기재(정상 사용기한 이내임)",N,20260206000000,20260115,202502784,1358102638,"8806453073101,8806453073118",
"로디엔셋정80/2.5/25밀리그램(텔미사르탄, 에스암로디핀니코틴산염, 클로르탈리돈)","한림제약(주)","사용기한 표기 오기재(정상 사용기한 이내임)",N,20260206000000,20260115,202502783,1358102638,"8806453073002,8806453073019",
"누코미트캡슐200밀리그램(아세틸시스테인)","(주)셀트리온제약","안정성 시험 일부 항목(용출시험) 기준 일탈로 인한 영업자 회수",N,20260310000000,20260113,199200475,2148671641,"8806580002104,8806580002111,8806580002128,8806580002135,8806939000300,8806939000317,8806939000324,8806939000331,8806939000348",199200475
"메디아렌즈워시액(염화나트륨)","주식회사보라미","이물 혼입 우려",N,20260206000000,20260112,202400549,6468803096,"",
"올메텍플러스정20/12.5밀리그램","(주)대웅제약","타제품(올메텍정20밀리그램) 혼입 우려에 따른 영업자회수",N,20260204000000,20260109,200500541,1248601143,"8806416020203,8806416020210,8806416020227,8806416020234",
"1.2080베이직치약, 2.2080데일리케어치약, 3.2080클래식케어치약, 4.2080스마트케어플러스치약, 5.2080트리플이펙트알파스트롱치약, 6.2080트리플이펙트알파후레쉬치약","애경산업(주)","중국 수입치약업체 자체 수시 점검 중 제품에 이물질(트리클로산)이 포함된 것을 확인하고, 사전예방적 조치로 시중유통품에 대한 영업자회수",N,20260106000000,20260105,202003990,3078502513,"",
"뉴본정50단위(칼리디노게나제)","(주)메디카코리아","시판후 안정성 시험에서 일부 시험항목(칼리디노게나제 함량) 기준일탈에 따른 영업자 회수",N,20260213000000,20251226,198600674,1208165228,"8806460001708,8806460001715,8806460001722,8806460001739,8806460001746,8806460001753,8806460001760",
"크라목신듀오건조시럽[아목시실린·클라불란산칼륨(7:1)](수출명:SHINACIN Duo dry syrup,ATADAR Duo Dry syrup)","신풍제약(주)","의약품 동등성 재평가 결과(생물학적동등성 미입증)에 따라 시중 유통품에 대한 영업자 회수",N,20260121000000,20251222,200200078,1348103819,"8806485033302,8806485033319,8806485033326,8806485033333",
"휴먼팔각회향","주식회사휴먼허브","건조감량(기준초과) 부적합",Y,20260102000000,20251222,200605855,5158126442,"8800624013507,8800624013514",
"현진골쇄보","(주)현진제약","확인시험",Y,20260102000000,20251222,200504652,2048189192,"8800648002006,8800648002013,8800648002020,8800648002037,8800648002044,8800648002051,8800648002068",
"동양허브인진호","(주)동양허브","회분, 산불용성회분",Y,20260102000000,20251222,200608823,2128175118,"8800672037906,8800672037913",
"오구맥듀오건조시럽(아목시실린.클라불란산칼륨(7:1))","진양제약(주)","의약품 동등성 재평가 결과(유용성 미인정)에 따른 영업자 회수",N,"",20251218,200201078,2148110673,"8806503010308,8806503010315",
"나눔유백피","나눔제약주식회사","관능(성상) 부적합",Y,20251222000000,20251215,201502124,5058176945,"8800610023107,8800610023114,8800610065107,8800610065114",
"퓨어마인드담죽엽","주식회사퓨어마인드농업회사법인","관능(성상) 부적합",Y,20251222000000,20251215,201204745,5050795087,"8800622022006,8800622022013,8800622022020,8800622022037",
"리노콜드시럽","(주)에이프로젠바이오로직스","불순물(N-nitroso-Phenylephrine) 초과 검출 우려에 따른 사전예방적 조치로 시중 유통품에 대한 영업자 회수",N,20260219000000,20251215,200200757,2188100518,"8806452007206,8806452007213",200200757
"레보발사정2.5/160밀리그램","안국뉴팜(주)","타제품(레보살탄정2.5/80밀리그램) 혼입 우려에 따른 영업자회수",N,20260205000000,20251212,201903024,4938700407,"8800536012100,8800536012117,8800536012124",
"뉴메디랩드레싱(멸균반창고(1회용))","(주)아텍스(Atex.co.,Ltd)","점착력 및 인장강도 부적합",Y,20251223000000,20251212,202400078,1108175321,"",
"후루손점안액(플루오로메톨론)","대우제약(주)","사용기한 표시 오기재(정상 유효기간이 남아있음)",N,20251219000000,20251211,200100687,6038109769,"8806496027604,8806496027611,8806496027628",
"에어캅비말차단마스크(KF-AD)(흰색)(대형)","주식회사이너웍스","품질부적합(끈길이)",Y,20260323000000,20251205,202005890,1148624756,"",
"푸른무약용안육","(주)푸른무약","건조감량",Y,20251215000000,20251205,200707515,2048181939,"8800687015104,8800687015111,8800687015128,8800687015135,8800687015142",
"시나파라정25mg(시나칼세트염산염)","한화제약(주)","불순물(N-nitroso-cinacalcet) 초과 검출 우려에 따른 사전예방적 조치로 시중 유통품에 대한 영업자 회수",N,"",20251203,201606401,1358104771,"8806516021704,8806516021711,8806516021728,8806516021735",
"푸른무약유백피","(주)푸른무약","성상",Y,20251203000000,20251202,200707508,2048181939,"8800687015708,8800687015715,8800687015722,8800687015739,8800687015746",
"코비안에스정","삼아제약(주)","불순물(N-nitroso-phenylephrine) 기준 초과 검출 및 발생 우려에 따른 영업자 회수",N,20251205000000,20251202,200100795,1388105823,"8806457011703,8806457011710,8806457011727",200100795
"에스오피엠정20밀리그램(에스오메프라졸마그네슘삼수화물)","(주)마더스제약","성상 부적합(정제 깨짐)에 따른 영업자 회수",N,"",20251201,201603063,3128629302,"8806228026707,8806228026714",
"코린시럽","신일제약(주)","불순물(N-nitroso-phenylephrine) 초과 검출 우려에 따른 사전예방적 조치로 시중 유통품에 대한 영업자회수",N,20251229000000,20251126,200102565,3038113742,"8806538023809,8806538023816",200102565
"태극인식방풍","(주)태극인 농업회사법인","건조함량(기준초과) 부적합",Y,20251127000000,20251125,201500757,5058177793,"8800638003907,8800638003914,8800638003921,8800638003938",
"올본음양곽","주식회사올본","정량법(이카리인)",Y,20251203000000,20251125,201904103,4858801436,"8800612014202,8800612014219,8800612014226",
"마리트롤주(트라마돌염산염)","(주)제일제약","니트로사민류 불순물(N-nitroso-desmethyl-tramadol)의 초과 검출(영업자 회수)",N,"",20251124,198800476,5148126323,"8806505000604,8806505000611,8806505000628,8806505000703,8806505000710,8806505000727,8806505000734",
"올로벨라0.2에스디점안액(올로파타딘염산염)(1회용)","(주)종근당","점안제 관 라벨 유효기간 오기에 따른 영업자 회수",N,20251224000000,20251121,201707093,3128560679,"8806433079000,8806433079017,8806433079024,8806433079031",
"1.뉴뽀로로는치카친구안심치약(천연딸기향,천연사과향), 2.동의장보고한방치약, 3.사니타덴티검케어치약, 4.,사니타덴티유아치약(딸기향,포도향), 5.블랑시크릿마더어드벤스드치약, 6.치이플러스치약, 7.사니타덴티스텝투치약(딸기향,포도향), 8.크린치약(체리피치향,블루베리향,레몬향,포도향), 9.동국덴탈프로젝트한방치약, 10.녹십초아마조나뿌리8010치약, 11.치이골드플러스치약, 12.닥터스마일아임맘, 13.사니타덴티유아치약(사과향), 14.사니타덴티스텝투치약(사과향), 15.루바스프리미엄치약, 16.브이티띵크유얼티스마더치약, 17.브이티띵크유얼티스차일드치약(망고향,딸기향,블루베리향,라즈베리향,), 18.올가맘키즈치약(천연딸기향), 19.임플랜75치약, 20.루안매스티프리미엄치약, 21.코엔셀에센셜치약, 22.판다그린허벌치약, 23.판다그린키즈치약(천연딸기향), 24.순한키즈치약(천연딸기향), 25.치이키즈젠피치약(천연바나나향,천연후르츠향), 26.엔비에프어드밴스드오랄앤진지발젤치약, 27.뷰에나베베키즈치약(오렌지향,포도향,딸기향), 28.디리밸런싱치약, 29.유우치약, 30.판다그린블루미아어린이치약(혼합과일향)(수출용), 31.치이골드이십삼치약","케이엠제약(주)","이물 혼입 우려에 따른 영업자회수",N,20251218000000,20251120,201309966,4208600149,"",
"레파트진정25mg(시나칼세트염산염)","대원제약(주)","불순물(N-nitroso-cinacalcet) 한시적 허용기준 초과 검출 우려에 따른 사전예방적 조치로 시중 유통품에 대해 영업자 회수",N,20260109000000,20251120,201606564,2078136336,"8806718064301,8806718064318",
"나음천남성","(주)나음제약","관능(성상)",Y,20251203000000,20251119,201904973,2828601283,"8800645016303,8800645016310,8800645016327",
"아토스타젯정10/20밀리그램","동화약품(주)","라벨내 일부 오기에 따른 영업자 회수",N,20251118000000,20251117,202101534,1108100102,"8806427070402,8806427070419,8806427070426,8806427070433",
"케이에프황사마스크(KF94)(흰색,검정색,연한황색,회색,노란색,분홍색)","주식회사 케이에프앰","품질부적합(형상_머리끈길이) *흰색에 한함",Y,20251218000000,20251117,201801403,5468700657,"",
"보위황정","미래바이오제약(주)","품질 부적합(붕해시험)",Y,"",20251114,201901578,1258139744,"8806575033601,8806575033618,8806575033625",201901578
"레파트진정25mg(시나칼세트염산염)","대원제약(주)","불순물(N-nitroso-cinacalcet) 한시적 허용기준 초과 검출 우려에 따른 사전예방적 조치로 시중 유통품에 대해 영업자 회수",N,20260109000000,20251112,201606564,2078136336,"8806718064301,8806718064318",
"올본두충","주식회사올본","성상",Y,20251205000000,20251111,201903879,4858801436,"8800612007303,8800612007310,8800612007327",
"에스오피엠정20밀리그램(에스오메프라졸마그네슘삼수화물)","(주)마더스제약","포장재 불량에 따른 성상 부적합 우려(정제 파손)로 영업자 회수",N,"",20251110,201603063,3128629302,"8806228026707,8806228026714",
"로스토정5밀리그램(로수바스타틴칼슘)","하나제약(주)","타제품(발라디핀정5/80mg)혼입 우려에 따른 영업자회수",N,20251202000000,20251110,201405050,1248137632,"8806578054603,8806578054610,8806578054627",
"인데놀정10mg(프로프라놀롤염산염)","동광제약(주)","불순물(N-nitroso-propranolol) 허용기준 초과 검출 우려에 따른 영업자 회수",N,20251209000000,20251107,197400040,2018644250,"8806459024701,8806459024718,8806459024725,8806459024732",
"조화목단피","(주)조화제약","이산화황",Y,20251203000000,20251107,201004796,1328625049,"8800700030008,8800700030015,8800700030022,8800700030039",
"웰클린네오황사방역마스크(KF94)(대형, 중형, 소형)(흰색, 검은색, 회색, 노란색, 연황색, 연분홍색, 산호색)","주식회사바이오플러스","분진포집효율 부적합",Y,20251111000000,20251104,202003346,6518801498,"",
"씨티엘황사방역마스크(KF94)(대형, 중형, 소형)","(주)씨티엘","품질부적합(형상)",Y,20251114000000,20251104,201905345,1418146437,"",
"풍산방풍","풍산주식회사","성상(관능)부적합",Y,20251110000000,20251103,200007553,5088102535,"8800679002808,8800679002815,8800679002822",
"퍼슨시나칼셋정25밀리그램(시나칼세트염산염)","(주)퍼슨","불순물(N-nitroso-cinacalcet) 초과 검출 우려에 따른 사전예방적 조치로 시중 유통품에 대한 영업자회수",N,20251127000000,20251103,201803406,1308168218,"8806205002601,8806205002618,8806574017305,8806574017312",
"트라스펜정(트라마돌,아세트아미노펜)","한미약품(주)","불순물(N-nitroso-desmethyl-tramadol) 기준 초과 검출에 따른 사전예방적 조치로 시중 유통품에 대해 영업자 회수",N,20260129000000,20251031,200804560,1248700613,"8806435042200,8806435042217,8806435042224,8806435042231,8806435042248,8806435042255,8806435042262",
"트라스펜세미정(트라마돌,아세트아미노펜)","한미약품(주)","불순물(N-nitroso-desmethyl-tramadol) 기준 초과 검출에 따른 사전예방적 조치로 시중 유통품에 대해 영업자 회수",N,20260129000000,20251031,200804519,1248700613,"8806435042309,8806435042316,8806435042323,8806435042330,8806435042347,8806435042354,8806435042361",
"아트라펜정","한국프라임제약(주)","불순물(N-nitroso-desmethyl-tramadol) 허용기준 초과 검출에 따른 사전예방적 조치로 시중 유통품에 대해 영업자 회수",N,20251106000000,20251031,200804586,4028524506,"8806636028102,8806636028119,8806636028126,8806636028133,8806636028140,8806636028157,8806636028164,8806636028171,8806636028188,8806636028195,8806636091519",
"아트라펜세미정","한국프라임제약(주)","불순물(N-nitroso-desmethyl-tramadol) 허용기준 초과 검출에 따른 사전예방적 조치로 시중 유통품에 대해 영업자 회수",N,20251106000000,20251031,200805737,4028524506,"8806636028409,8806636028416,8806636028423,8806636028430,8806636028447,8806636028454,8806636028461,8806636028478",
"에소펠정20밀리그램(에스오메프라졸마그네슘삼수화물)","안국약품(주)","성상 부적합 우려(정제 깨짐)로 영업자 회수",N,20251128000000,20251030,202003557,1188104188,"8806502055508,8806502055515",
"바른진피","(주)바른한방제약","품질 부적합(정량법-헤스페리딘)",Y,20260510000000,20251028,201605753,2338107882,"8800631004109,8800631004116,8800631004123,8800631004130,8800631004147,8800631004154,8800631004161",
"셀비나정(테르비나핀염산염)","(주)텔콘알에프제약","시판후 안정성 시험에서 불순물(N-nitroso-desmethyl terbinafine) 허용기준 초과 검출에 따른 영업자회수",N,"",20251027,201400914,5968500925,"8806255000503,8806255000510,8806255000527",
"오메플정20mg(에스오메프라졸마그네슘삼수화물)","(주)비보존제약","성상 부적합 우려(정제 깨짐)로 영업자 회수",N,20251226000000,20251027,201507071,1248199564,"8806582029307,8806582029314",
"리그노스판스탠다드","(주)신흥","표시기재 일부 누락(사용상의 주의사항)에 따른 영업자 회수",N,"",20251027,199403148,1148143063,"8806579000104,8806579000111,8806579000128",
"영천약초도매시장애엽","영천약초도매시장주식회사","순도(줄기)시험 부적합",Y,20251030000000,20251024,201503398,3538100034,"8800651005506,8800651005513,8800651005520",
"칼세파라정25mg(시나칼세트염산염)","(주)휴온스","불순물(N-nitroso-cinacalcet)초과검출 우려에 따른 사전예방적 조치로 시중 유통품에 대한 영업자회수",N,20251124000000,20251023,201606081,8638700270,"8806706075401,8806706075418",
"올본구기자","주식회사올본","잔류농약",Y,20251126000000,20251023,201903938,4858801436,"8800612004005,8800612004012,8800612004029,8800612004036",
"오메스정20밀리그램(에스오메프라졸마그네슘삼수화물)","삼익제약(주)","성상 부적합 우려(정제 깨짐)로 영업자 회수",N,20251112000000,20251021,201600875,1228113217,"8806440037109,8806440037116",
"칼레그나정25밀리그램(시나칼세트염산염)","(주)라이트팜텍","불순물(N-nitroso-cinacalcet) 한시적 허용기준 초과 검출 우려에 따른 사전예방적 조치로 시중 유통품에 대해 영업자 회수",N,20251020000000,20251021,202008029,2048189630,"8806903032207,8806903032214",
"디펜콜에이캡슐","동성제약(주)","안정성시험 일부항목(함량) 기준 일탈로 인한 영업자 회수",N,20251101000000,20251020,200400904,2118125288,"8806432002801,8806432002818,8806432002825",
"듀오셋정","삼천당제약(주)","불순물(N-nitroso-desmethyl-tramadol) 허용기준 초과 검출에 따른 사전예방적 조치로 시중 유통품에 대해 영업자 회수",N,20251117000000,20251017,200804561,1248104295,"8806512025409,8806512025416,8806512025423,8806512025430",
"탄시나정","미래바이오제약(주)","유통제품 품질부적합 우려",Y,20251105000000,20251017,201905304,1258139744,"8806575034707,8806575034714,8806575034721,8806575034738,8806575034745,8806575034752,8806575034769,8806575034776,8806575034783",201905304
"하이드로핀정(펠로디핀)","미래바이오제약(주)","유통제품 품질부적합 우려",Y,20251105000000,20251017,200202118,1258139744,"8806575012606,8806575012613,8806575012620,8806575012637,8806575012644,8806575012651,8806575012668",
"로이디펜큐캡슐","미래바이오제약(주)","유통제품 품질부적합 우려",Y,20251105000000,20251017,202005975,1258139744,"8806575037500,8806575037517",
"싸이베린정","미래바이오제약(주)","유통제품 품질부적합 우려",Y,20251105000000,20251017,198901887,1258139744,"8806575007008,8806575007015,8806575007022,8806575007039,8806575007046,8806575007053",198901887
"트루액티비오정","미래바이오제약(주)","유통제품 품질부적합 우려",Y,20251105000000,20251017,202103684,1258139744,"8806575038705,8806575038712,8806575038729",
"헤파코엔정","미래바이오제약(주)","유통제품 품질부적합 우려",Y,20251105000000,20251017,201803263,1258139744,"8806476035506,8806476035513,8806575036404,8806575036411",201803263
"헤파코엔플러스정","미래바이오제약(주)","유통제품 품질부적합 우려",Y,20251105000000,20251017,202106244,1258139744,"8806575039207,8806575039214,8806575039221,8806575039238",
"하이타민골드정","미래바이오제약(주)","유통제품 품질부적합 우려",Y,20251105000000,20251017,202204621,1258139744,"8806575040104,8806575040111,8806575040128,8806575040135",202204621
"힙스브이파워정","미래바이오제약(주)","유통제품 품질부적합 우려",Y,20251105000000,20251017,202100523,1258139744,"8806575038200,8806575038217",
"멀티브큐골드정","미래바이오제약(주)","유통제품 품질부적합 우려",Y,20251105000000,20251017,202007078,1258139744,"8806575038101,8806575038118",202007078
"셀비다정","미래바이오제약(주)","유통제품 품질부적합 우려",Y,20251105000000,20251017,202102839,1258139744,"8806575038507,8806575038514,8806575038521",
"브이타민큐정","미래바이오제약(주)","유통제품 품질부적합 우려",Y,20251105000000,20251017,201907913,1258139744,"8806575035100,8806575035117",
"리쥬비넥스크림(폴리데옥시리보뉴클레오티드나트륨)","(주)파마리서치","이물 혼입 우려에 따른 영업자 회수",N,"",20251017,201405771,2208607450,"8806628001205,8806628001212,8806628001229,8806628001236,8806628001243,8806628001250",201405771
"노보콜100주(카트리지)","(주)디브이홀딩스","표시기재 일부 누락에 따른 영업자 회수",N,"",20251016,201207607,1048198858,"8806253000307,8806253000314,8806253000321",
"엔탭허브천남성","(주)엔탭허브","관능(성상)",Y,20251021000000,20251015,201900380,3308101200,"8800626018500,8800626018517,8800626018524",
"에드플렉스-에스아이","(주)영케미칼","의약외품을 의료기기로 오인하게 할 우려가 있는 사항 기재",Y,20251204000000,20251015,201309169,6218109170,"",
"리피뎀주","비브라운코리아(주)","시판 후 안정성시험 결과 불용성미립자 기준 초과에 따른 영업자 회수",N,20251017000000,20251015,201005585,1208156485,"8806674007800,8806674007817,8806674007909,8806674007916,8806674008005,8806674008012",
"라피덤정(테르비나핀염산염)","환인제약(주)","불순물(N-nitroso-desmethyl terbinafine) 허용기준 초과 검출에 따른 영업자 회수",N,"",20251013,200101103,2158136171,"8806572001405,8806572001412,8806572001429,8806572001436",
"나눔울금","나눔제약주식회사","관능(성상) 부적합",Y,20251016000000,20251013,201502123,5058176945,"8800610023008,8800610023015,8800610065008,8800610065015",
"에스오엠정20mg(에스오메프라졸마그네슘삼수화물)","대한뉴팜(주)","성상 부적합 우려(정제 깨짐)에 따른 영업자 회수",N,20251219000000,20251002,201506743,2298110729,"8806699063904,8806699063911",
"아트라센정","한국유니온제약(주)","불순물(N-nitroso-desmethyl tramadol) 1일 섭취 허용량 기준 초과 검출에 따른 영업자 회수",N,20251016000000,20251002,200805301,6078121765,"8806655054007,8806655054014,8806655054021",
"환인아토목세틴캡슐60밀리그램(아토목세틴염산염)","환인제약(주)","불순물(N-nitroso-Atomoxetine) 한시적 허용기준 초과 검출에 따른 영업자 회수",N,"",20251001,201306369,2158136171,"8806572025302,8806572025319,8806572025326",
"환인아토목세틴캡슐25밀리그램(아토목세틴염산염)","환인제약(주)","불순물(N-nitroso-Atomoxetine) 한시적 허용기준 초과 검출에 따른 영업자 회수",N,"",20251001,201306368,2158136171,"8806572025104,8806572025111,8806572025128,8806572025135",
"환인아토목세틴캡슐10밀리그램(아토목세틴염산염)","환인제약(주)","불순물(N-nitroso-Atomoxetine) 한시적 허용기준 초과 검출에 따른 영업자 회수",N,"",20251001,201306366,2158136171,"8806572024909,8806572024916,8806572024923,8806572024930",
"환인아토목세틴캡슐18밀리그램(아토목세틴염산염)","환인제약(주)","불순물(N-nitroso-Atomoxetine) 한시적 허용기준 초과 검출에 따른 영업자 회수",N,"",20251001,201306367,2158136171,"8806572025005,8806572025012,8806572025029,8806572025036",
"아세타돌정","(주)오스코리아제약","니트로사민류(N-nitroso-desmethyl tramadol) 불순물 초과 검출",N,"",20250930,201504763,2248154571,"8806297007102,8806297007119,8806297007126",
"나음골쇄보","(주)나음제약","확인시험",Y,20250930000000,20250926,201904876,2828601283,"8800645002504,8800645002511,8800645002528,8800645002535",
"이프펜정","한국신텍스제약(주)","사용기한 표시 오류",N,20251024000000,20250925,202301573,6138163381,"8806230069709,8806230069716,8806230069723,8806230069730",202301573
"이프펜더블유정","한국신텍스제약(주)","사용기한 표시 오류",N,20251024000000,20250925,202301724,6138163381,"8806230069808,8806230069815,8806230069822",202301724
"바크락스주250밀리그램(아시클로버)","(주)에이프로젠바이오로직스","직접 용기(바이알)에 제조번호/사용기한 미기재",N,20251021000000,20250924,199700475,2188100518,"8806452044508,8806452044515,8806452044522,8806452044539,8806518009403,8806518009410,8806518009427,8806518009434",
"터빈정(테르비나핀염산염)","경동제약(주)","불순물(N-nitroso-desmethyl terbinafine) 허용기준 초과 검출에 따른 영업자 회수",N,"",20250924,200102268,1248135518,"8806481021105,8806481021112,8806481021129,8806481021136",
"레그칼정25밀리그램(시나칼세트염산염)","(주)새한제약","불순물(N-nitroso-cinacalcet) 한시적 허용기준 초과 검출 우려에 따른 사전예방적 조치로 시중 유통품에 대해 영업자 회수",N,20251119000000,20250923,202003560,1258103547,"8806452103502,8806452103519,8806513010404,8806513010411",
"레플로신정100밀리그램(레보플록사신수화물)","에이치엘비제약(주)","혼합 공정 시 과건조로 인한 정제 파손 발생 우려에 따른 영업자 회수",N,"",20250923,201901699,2088125623,"8806473036902,8806473036919,8806473036926,8806473036933",
"칼레그나정25밀리그램(시나칼세트염산염)","(주)라이트팜텍","불순물(N-nitroso-cinacalcet) 한시적 허용기준 초과 검출 우려에 따른 사전예방적 조치로 시중 유통품에 대해 영업자 회수",N,"",20250922,202008029,2048189630,"8806903032207,8806903032214",
"나눔자소엽","나눔제약주식회사","순도시험(이물)부적합",Y,20250926000000,20250922,201406284,5058176945,"8800610024708,8800610024715,8800610045505,8800610045512",
"푸로핀캡슐(플루옥세틴염산염)","알보젠코리아(주)","시판 후 안정성 시험 결과 불순물(N-nitroso-fluoxetine) 한시적 허용기준 초과 검출에 따른 영업자 회수",N,20250919000000,20250919,200202781,2158121950,"8806526040405,8806526040412,8806526040429,8806526040436,8806526040443,8806559027503,8806559027510,8806559027527,8806559027534,8806559027541",
"폴리네오주(폴리데옥시리보뉴클레오티드나트륨)","동광제약(주)","직접 용기(바이알)에 제조번호/사용기한 미기재",N,20251022000000,20250919,202003747,2018644250,"8806459070104,8806459070111,8806459070128",
"충남녹용","충남제약(주)","의약품제조업 허가를 받지 않은 무허가 의약품 제조소에서 생산한 녹용절편을 구매하여 자사에서 제조한 것처럼 포장하여 판매",Y,"",20250919,200205870,1298120140,"8800692000102,8800692000126,8800692000133,8800692000140",
"환인아토목세틴캡슐60밀리그램(아토목세틴염산염)","환인제약(주)","불순물(N-nitroso-Atomoxetine) 한시적 허용기준 초과 검출에 따른 영업자 회수",N,20251020000000,20250918,201306369,2158136171,"8806572025302,8806572025319,8806572025326",
"환인아토목세틴캡슐10밀리그램(아토목세틴염산염)","환인제약(주)","불순물(N-nitroso-Atomoxetine) 한시적 허용기준 초과 검출에 따른 영업자 회수",N,20251020000000,20250918,201306366,2158136171,"8806572024909,8806572024916,8806572024923,8806572024930",
"환인아토목세틴캡슐18밀리그램(아토목세틴염산염)","환인제약(주)","불순물(N-nitroso-Atomoxetine) 한시적 허용기준 초과 검출에 따른 영업자 회수",N,20251020000000,20250918,201306367,2158136171,"8806572025005,8806572025012,8806572025029,8806572025036",
"환인아토목세틴캡슐25밀리그램(아토목세틴염산염)","환인제약(주)","불순물(N-nitroso-Atomoxetine) 한시적 허용기준 초과 검출에 따른 영업자 회수",N,20251020000000,20250918,201306368,2158136171,"8806572025104,8806572025111,8806572025128,8806572025135",
"환인아토목세틴캡슐40밀리그램(아토목세틴염산염)","환인제약(주)","불순물(N-nitroso-Atomoxetine) 한시적 허용기준 초과 검출에 따른 영업자 회수",N,20251020000000,20250918,201306370,2158136171,"8806572025203,8806572025210,8806572025227",
"엠터나핀정(테르비나핀염산염)","맥널티제약(주)","시판후 안정성 시험에서 불순물(N-nitroso-desmethyl terbinafine) 허용기준 초과 검출에 따른 영업자회수",N,20251124000000,20250918,201603638,2998102136,"8806415022109,8806415022116,8806415022123",
"대호녹용","대호제약(주)","제조소 변경허가를 받지 않고 제조·판매 및 제조관련 서류 미작성('23. 9.경 ~ 25. 4. 경까지 제조한 모든 제조번호)",Y,20251022000000,20250918,200205782,3718700316,"8800783000103,8800783000110,8800783000127",
"보제원녹용","(주)보제원","무허가 의약품 제조소에서 '22. 3. 20.경~'25.1.20.경까지 생산한 녹용절편을 구매하여 자사에서 제조한 것처럼 포장·판매",Y,20251015000000,20250918,201701739,2048161573,"8800787000109,8800787000116",
"진수녹용","(주)진수녹용","무허가 의약품 제조소에서 '23. 4. 27.경~'23. 6. 14.경까지 생산한 녹용절편을 구매하여 자사에서 제조한 것처럼 포장·판매",Y,20251015000000,20250918,200104566,2048189116,"8800704000106,8800704000113,8800704000120,8800704000137,8800704000144,8800704000151,8800704000168",
"건향녹용","건향제약(주)","무허가 의약품 제조소에서 '22. 5. 22.경~'25. 2. 5.경까지 생산한 녹용절편을 구매하여 자사에서 제조한 것처럼 포장·판매",Y,20251027000000,20250918,200104567,2048191121,"8800770000109,8800770000116,8800770000123",
"명보녹용","명보제약(주)","무허가 의약품 제조소에서 '22. 2. 25.경~'25. 2. 13.경까지 생산한 녹용절편을 구매하여 자사에서 제조한 것처럼 포장·판매",Y,20251022000000,20250918,200706289,3758100510,"8800711000502,8800711000519,8800711000526,8800711000533,8800711000540,8800711000557,8800711000564,8800711000571,8800711000588",
"주연녹용","주연","무허가 의약품 제조소에서 '22. 3. 8.경~'25. 5. 13.경까지 생산한 녹용절편을 구매하여 자사에서 제조한 것처럼 포장·판매",Y,20250930000000,20250918,202005193,5073041358,"8800714000103,8800714000110,8800714000127",
"유진녹용전체","유진통상","제조소 변경허가(신고)를 받지 않은 제조소에서 '24. 5. 24.경~'25. 6. 6.경까지 생산한 녹용절편을 구매하여 자사에서 제조한 것처럼 포장·판매",Y,20251022000000,20250918,201904927,2042587602,"8800725000109,8800725000116,8800725000123,8800725000130,8800725000147,8800725000154",
"주신녹용","주신제약(주)","의약품 제조업 허가를 받지 않은 무허가 의약품 제조소에서 생산한 녹용절편을 구매하여 자사에서 제조한 것처럼 포장·판매",Y,20260521000000,20250918,200006854,3058132444,"",
"리레카캡슐50mg(프레가발린)","한국휴텍스제약(주)","허가사항과 다르게 제조에 따른 영업자 회수 (포장단위)",N,20251110000000,20250916,201905365,1128122382,"8806491045405,8806491045412",
"나음신이","(주)나음제약","순도시험1)꽃대 및 꽃받침",Y,20251014000000,20250916,201905006,2828601283,"8800645010707,8800645010714,8800645010721,8800645010738",
"현진전호","(주)현진제약","중금속(카드뮴)",Y,20251014000000,20250916,200504614,2048189192,"8800648013408,8800648013415,8800648013422,8800648013439,8800648013446,8800648013453",
"제일셀라인식염수액(염화나트륨)","(주)삼현제약","이물 혼입 우려에 따른 영업자회수",N,20250930000000,20250915,202402636,1378642932,"",
"라미핀정(테르비나핀염산염)","코오롱제약(주)","시판후 안정성 시험에서 불순물(N-nitroso-desmethyl terbinafine) 허용기준 초과 검출에 따른 영업자회수",N,20251002000000,20250912,201402707,3068507363,"8806703037808,8806703037815,8806703037822",
"지무라돌정","(주)동구바이오제약","불순물(N-nitro-desmethyl-tramadol) 초과 검출에 따른 사전예방적 조치로 시중 유통품에 대해 영업자 회수",N,20251110000000,20250911,200711793,1248533615,"8806573031005,8806573031012,8806573031029,8806573031036,8806573031043",
"클래씨제이비말차단마스크(KF-AD)","주식회사예인","이물 혼입 우려에 따른 영업자 회수",N,20251230000000,20250909,202100862,1378612461,"",
"텐텐츄정","한미약품(주)","이물 혼입 우려에 따른 영업자 회수",N,20251022000000,20250908,200700800,1248700613,"8806435028808,8806435028815,8806435028822,8806435028839",200700800
"씨케이진피","씨케이(주)","품질부적합[정량법(헤스페리딘)]",Y,20251002000000,20250908,200701743,2048123491,"8800619035507,8800619035514,8800619035521,8800619035538",
"터비클린정(테르비나핀염산염)","대웅바이오(주)","니트로사민류 불순물 허용기준 초과 검출에 따른 영업자 회수",N,20251016000000,20250905,200500538,1248677584,"8806416024102,8806940005806,8806940005813,8806940005820",
"카메드정","(주)팜젠사이언스","불순물(N-nitroso-N-desmethyl-diphenhydramine) 허용기준 초과 검출에 따른 영업자 회수",N,20251015000000,20250905,201306123,1248136540,"8806701033703,8806701033710",201306123
"테르졸정(테르비나핀염산염)","(주)한국파마","불순물(N-nitroso-desmethyl terbinafine) 허용기준 초과 검출에 따른 영업자 회수",N,20250909000000,20250904,200401720,1248115899,"8806530023906,8806530023913,8806530023920,8806530023937",
"티비에프정125밀리그램(테르비나핀염산염)","동화약품(주)","시판후 안정성 시험에서 불순물(N-nitroso-desmethyl terbinafine) 허용기준 초과 검출에 따른 영업자회수",N,20251002000000,20250904,200100779,1108100102,"8806427032004,8806427032011,8806427032028",
"테바핀정(테르비나핀염산염)","(주)일화","불순물(N-nitroso-desmethyl terbinafina) 허용기준 초과 검출에 따른 영업자 회수",N,20251002000000,20250904,200400802,1328101004,"8806409011805,8806409011812,8806409011829",
"나무졸정(테르비나핀염산염)","제이더블유신약(주)","불순물(N-nitroso-desmethyl terbinafine) 허용기준 초과 검출에 따른 영업자 회수",N,20251125000000,20250903,200102644,3128102332,"8806441000409,8806441000416,8806441000423,8806441000430",
"셀비나정(테르비나핀염산염)","(주)텔콘알에프제약","시판후 안정성 시험에서 불순물(N-nitroso-desmethyl terbinafine) 허용기준 초과 검출에 따른 영업자회수",N,"",20250903,201400914,5968500925,"8806255000503,8806255000510,8806255000527",
"메가터빈정(테르비나핀염산염)","(주)엘앤씨바이오","불순물(N-nitroso-desmethyl terbinafine) 허용기준 초과 검출에 따른 영업자 회수",N,20251128000000,20250903,201207247,1298664008,"8800605000809,8800605000816,8800605000823,8806548020805,8806548020812,8806548020829",
"푸른무약금은화","(주)푸른무약","성상",Y,20250916000000,20250903,200707513,2048181939,"8800687003507,8800687003514,8800687003521,8800687003538,8800687003545",
"디멘정","(주)바이넥스","불순물(N-nitroso-N-desmethyl-diphenhydramine)초과검출 우려에 따른 시중 유통품에 대한 영업자 회수",N,20251001000000,20250902,201200717,6038107005,"8806431034803,8806431034810",201200717
"디카엠정","(주)마더스제약","불순물(N-nitroso-N-desmethyl-diphenhydramine) 허용기준 초과 검출에 따른 영업자 회수",N,20250903000000,20250902,201303989,3128629302,"8806228014001,8806228014018",201303989
"씨케이괄루인","씨케이(주)","품질부적합[관능(성상)]",Y,20251002000000,20250901,200702470,2048123491,"8800619002004,8800619002011,8800619002028,8800619002035",
"씨케이도인","씨케이(주)","품질부적합[관능(성상)]",Y,20251002000000,20250901,200700543,2048123491,"8800619004503,8800619004510,8800619004527,8800619004534",
"씨케이행인","씨케이(주)","품질부적합[관능(성상)]",Y,20251002000000,20250901,200612577,2048123491,"8800619015905,8800619015912,8800619015929,8800619015936",
"신풍트라마돌염산염주(수출명: TRADOL-Injection)","신풍제약(주)","불순물(N-nitro-desmethyl-tramadol) 허용기준 초과 검출에 따른 사전예방적 조치로 시중 유통품에 대해 영업자 회수",N,20260224000000,20250829,199000027,1348103819,"8806485022801,8806485022818,8806485022825,8806485022832,8806485022849",
"노펜피록시캄겔(피록시캄)","제이더블유중외제약(주)","1차 포장용기 표시기재 사항 소거 가능성에 따른 영업자 회수",N,20250930000000,20250827,201508320,1188102477,"8806449141104,8806449141111",201508320
"모록사신정400밀리그램(목시플록사신염산염)","한미약품(주)","불순물(N-nitroso-moxifloxacin) 허용기준 초과 검출에 따른 영업자 회수",N,20251124000000,20250827,201309618,1248700613,"8806435067005,8806435067012,8806435067029,8806435067036,8806435067043,8806435067050,8806435067067",
"광덕제약창출","농업회사법인(주)광덕","품질부적합[확인시험, 순도시험4)백출]",Y,20250929000000,20250826,201104836,3058627965,"8800609004506,8800609004513,8800609004520",
"파나덤크림","제이더블유신약(주)","시판 후 안정성시험에서 일부항목 기준일탈 및 유통제품 품질부적합 우려에 따른 영업자 회수",N,20250924000000,20250826,198701400,3128102332,"8806441008009,8806441008016,8806441008023,8806441008030,8806441008047",
"풍산금은화","풍산주식회사","중금속(카드뮴) 부적합",Y,20250902000000,20250825,199906481,5088102535,"8800679002105,8800679002112,8800679002129",
"베라핀정(테르비나핀염산염)","영일제약(주)","시판후 안정성 시험에서 불순물(N-nitroso-desmethylerbinafine) 허용기준 초과 검출에 따른 영업자회수",N,20250923000000,20250822,200607002,3018106847,"8806494009206,8806494009213,8806494009220",
"마우스키퍼새부리형황사방역마스크(KF94)(흰색,검정색)","(주)그린원일","품질부적합(분진포집효율)",Y,20250826000000,20250822,202102675,6088123655,"",
"크라틴정5밀리그램(로수바스타틴칼슘)","대웅바이오(주)","타제품 라벨 일부 혼입에 따른 영업자 회수",N,20250908000000,20250819,201602576,1248677584,"8806940010909,8806940010916,8806940010923",
"파워맥스비정","성이바이오제약주식회사","시판 후 안정성시험 결과 주성분(콜레칼시페롤)의 함량기준 미달에 따른 영업자 회수",N,20250818000000,20250813,202107310,3498703107,"8800724003408,8800724003415",
"틴자정150밀리그램(니자티딘)","에이치엘비제약(주)","안정성시험 결과 불순물(N-니트로소디메틸아민, NDMA) 초과 검출에 의한 영업자 회수",N,20250818000000,20250813,201400450,2088125623,"8806473027900,8806473027917,8806473027924,8806473027931",
"테비실정(테르비나핀염산염)","(주)오스코리아제약","안정성시험 결과 불순물(N-nitroso-desmethylterbinafine)의 허용기준 초과에 의한 영업자 회수",N,20250819000000,20250813,200401589,2248154571,"8806297002107,8806297002114,8806297002121,8806655043605",
"브이알정10/160밀리그램","동광제약(주)","낱알식별표시가 잘못 표시됨",N,20250910000000,20250807,202003040,2018644250,"8806459069504,8806459069511",
"칼세파라정25mg(시나칼세트염산염)","(주)휴온스","불순물(N-nitroso-cinacalcet)초과검출 우려에 따른 사전예방적 조치로 시중 유통품에 대한 영업자회수",N,20250911000000,20250807,201606081,8638700270,"8806706075401,8806706075418",
"환인아토목세틴캡슐10밀리그램(아토목세틴염산염)","환인제약(주)","불순물(N-nitroso-Atomoxetine) 초과 검출에 따른 사전예방적 조치로 시중 유통품에 대해 영업자 회수",N,20250818000000,20250806,201306366,2158136171,"8806572024909,8806572024916,8806572024923,8806572024930",
"환인아토목세틴캡슐18밀리그램(아토목세틴염산염)","환인제약(주)","불순물(N-nitroso-Atomoxetine) 초과 검출에 따른 사전예방적 조치로 시중 유통품에 대해 영업자 회수",N,20250818000000,20250806,201306367,2158136171,"8806572025005,8806572025012,8806572025029,8806572025036",
"바른반하","(주)바른한방제약","관능(성상) 부적합",Y,20251127000000,20250731,201606121,2338107882,"8800631002105,8800631002112,8800631002129,8800631002136,8800631002143,8800631002150,8800631002167,8800631002174,8800631002181",
"펨타주25밀리그램/밀리리터(페메트렉시드이나트륨2.5수화물)","에이치케이이노엔(주)","시판후 안정성 시험에서 기타 개별 유연물질 기준 초과에 따른 영업자 회수",N,20250901000000,20250731,201501028,2018638914,"8806400068808,8806400068815,8806400069003,8806400069010,8806400069102,8806400069119",
"화이투벤큐플러스노즈연질캡슐","동화약품(주)","첨부문서의 일부 오기에 따른 영업자 회수",N,20250827000000,20250729,202300078,1108100102,"8806427078101,8806427078118,8806616057306,8806616057313",202300078
"허브팜당귀","(주)허브팜","중금속(카드뮴)",Y,20250811000000,20250729,200505008,1328180770,"8800665003406,8800665003413,8800665003420",
"동광네틸마이신주150밀리그램(네틸마이신황산염)","동광제약(주)","품질부적합 (pH)",Y,20250807000000,20250725,199400176,2018644250,"8806459002600,8806459002617,8806459002624,8806459002631",
"로수메가연질캡슐","건일제약(주)","시판후 18개월 안정성 시험에서 과산화물가 부적합에 따른 영업자 회수",N,"",20250724,201706394,3128106060,"8806468028608,8806468028615,8806468028622,8806468028639,8806468028646,8806468028653,8806468028660,8806468028677,8806468028684",
"한독세로자트정10밀리그램(파록세틴염산염수화물)","(주)한독","불순물(N-nitroso-paroxetine) 초과 검출 우려에 따른 사전 예방적 조치로 시중 유통품에 대한 영업자 회수",N,"",20250724,199900921,2208100530,"8806521016306,8806521016313,8806521016320",
"한독세로자트정20밀리그램(파록세틴염산염수화물)","(주)한독","불순물(N-nitroso-paroxetine) 초과 검출 우려에 따른 사전 예방적 조치로 시중 유통품에 대한 영업자 회수",N,"",20250724,199301007,2208100530,"8806521016405,8806521016412,8806521016429",
"알러샷연질캡슐(세티리진염산염)","(주)녹십자","안정성 시험 일부 항목(용출시험) 기준 일탈로 인한 영업자 회수",N,"",20250724,200906254,3038117108,"8806436044807,8806436044814",200906254
"유니로바정20mg(로수바스타틴칼슘)","구주제약(주)","시판 후 안정성시험에서 기타 개개 유연물질 초과에 따른 영업자회수",N,20250731000000,20250724,201601638,1248136268,"8806698047202,8806698047219,8806698047233",
"바이나민주","대한약품공업(주)","표시 기재 오류(내용량)  ※ 200mL 용량을 400mL로 표기",N,20250821000000,20250723,200805767,1348500111,"8806451028905,8806451028912,8806451032605,8806451032612,8806451032629,8806451032704,8806451032711,8806451042505,8806451042512",
"암브로콜시럽(암브록솔,클렌부테롤)","한미약품(주)","이물 혼입 우려에 따른 영업자 회수",N,20250929000000,20250718,198801980,1248700613,"8806435018304,8806435018311,8806435018328,8806435018335,8806435018342",
"영천약초도매시장산약","영천약초도매시장주식회사","이산화황 부적합(기준 초과)",Y,20250722000000,20250715,201503386,3538100034,"8800651005001,8800651005018,8800651005025,8800651005032,8800651005049,8800651005056",
"보양제약산약","(주)보양제약","성상",Y,20250812000000,20250715,201004150,1282791465,"8800614010608,8800614010615,8800614010622,8800614010639",
"엔탭허브절패모","(주)엔탭허브","중금속(카드뮴)",Y,20250722000000,20250715,201900361,3308101200,"8800626015806,8800626015813,8800626015820",
"엔탭허브창출","(주)엔탭허브","중금속(카드뮴)",Y,20250722000000,20250715,201900378,3308101200,"8800626018401,8800626018418,8800626018425",
"엔탭허브천마","(주)엔탭허브","이산화황",Y,20250722000000,20250715,201900382,3308101200,"8800626018708,8800626018715,8800626018722",
"엔탭허브육계","(주)엔탭허브","이산화황",Y,20250811000000,20250715,201900369,3308101200,"8800626012805,8800626012812,8800626012829",
"바른구척","(주)바른한방제약","중금속(납) 부적합",Y,20250731000000,20250711,201606346,2338107882,"8800631005304,8800631005311,8800631005328,8800631005335,8800631005342,8800631005359,8800631005366",
"아이드랩렌즈워시액(염화나트륨)","주식회사보라미","이물 혼입 우려",N,20250730000000,20250711,202402512,6468803096,"",
"허브팜오약","(주)허브팜","관능(성상)",Y,20250722000000,20250709,200505075,1328180770,"8800665009309,8800665009316,8800665009323,8800665009330",
"리트라젠듀오정2.5/850mg","위더스제약(주)","안정성 시험결과 NDMA 기준 초과에 따른 사전예방적 조치로 시중 유통품에 대해 영업자 회수",N,20250811000000,20250707,201908008,1258522182,"8806607038406,8806607038413",
"리트라젠듀오정2.5/1000mg","위더스제약(주)","안정성 시험결과 NDMA 기준 초과에 따른 사전예방적 조치로 시중 유통품에 대해 영업자 회수",N,20250731000000,20250707,201908010,1258522182,"8806607038604,8806607038611",
"씨케이위령선","씨케이(주)","품질부적합 이물 혼입(염색한 다른 약재 혼입)",Y,20250722000000,20250702,200700649,2048123491,"8800619009706,8800619009713,8800619009720,8800619009737",
"광덕제약반하","농업회사법인(주)광덕","품질 부적합(이산화황)",Y,20250723000000,20250702,201108568,3058627965,"8800609003806,8800609003813,8800609003820",
"블루나투디패션황사방역마스크(KF94)(대형,중형,소형)(검정색,진한회색)","(주)제이트로닉스","품질 부적합(분진포집효율) * 회수대상은 검정색에 한함",Y,20250714000000,20250702,202301415,1378547022,"",
"엔탭허브오가피","(주)엔탭허브","중금속(납, 카드뮴)",Y,20250709000000,20250701,201900521,3308101200,"8800626002004,8800626002011,8800626002028",
"현진구기자","(주)현진제약","잔류농약",Y,20250709000000,20250701,200504474,2048189192,"8800648002501,8800648002518,8800648002525,8800648002532,8800648002549,8800648002556",
"현진택사","(주)현진제약","잔류농약",Y,20250709000000,20250701,200504689,2048189192,"8800648024206,8800648024213,8800648024220,8800648024237,8800648024244,8800648024251,8800648024268",
"리나탑듀오정2.5/850밀리그램(리나글립틴,메트포르민염산염)","(주)동구바이오제약","안정성 시험결과 NDMA 기준 초과에 따른 사전예방적 조치로 시중 유통품에 대해 영업자 회수",N,20250731000000,20250630,201904463,1248533615,"8806573089501,8806573089518",
"리나탑듀오정2.5/1000밀리그램(리나글립틴,메트포르민염산염)","(주)동구바이오제약","안정성 시험결과 NDMA 기준 초과에 따른 사전예방적 조치로 시중 유통품에 대해 영업자 회수",N,20250731000000,20250630,201904459,1248533615,"8806573089303,8806573089310",
"허브팜작약","(주)허브팜","성상",Y,20250704000000,20250627,200505017,1328180770,"8800665004106,8800665004113,8800665004120,8800665004137",
"태극인자소엽","(주)태극인 농업회사법인","순도(이물(줄기)) 부적합",Y,20250702000000,20250626,199603724,5058177793,"8800638006007,8800638006014,8800638006021,8800638006038",
"태극인유백피","(주)태극인 농업회사법인","성상 부적합",Y,20250702000000,20250626,201002851,5058177793,"8800638004805,8800638004812,8800638004829,8800638004836",
"태극인애엽","(주)태극인 농업회사법인","순도(줄기) 부적합",Y,20250702000000,20250626,201205292,5058177793,"8800638004201,8800638004218,8800638004225,8800638004232",
"태극인상엽","(주)태극인 농업회사법인","성상 부적합",Y,20250702000000,20250626,201204990,5058177793,"8800638003808,8800638003815,8800638003822,8800638003839",
"태극인두충초탄","(주)태극인 농업회사법인","성상 부작합",Y,20250702000000,20250626,201601024,5058177793,"8800638002702,8800638002719,8800638002726,8800638002733",
"선일자소엽","농업회사법인선일생약주식회사","순도시험 1)이물 가)줄기",Y,20250623000000,20250617,201108775,1328199911,"8800617004901,8800617004918,8800617004925,8800617004932,8800617004949",
"동양허브작약","(주)동양허브","정량법",Y,20250627000000,20250617,200608771,2128175118,"8800672012309,8800672012316,8800672012323",
"엔탭허브괄루근","(주)엔탭허브","이산화황",Y,20250623000000,20250616,201900580,3308101200,"8800626003506,8800626003513,8800626003520",
"선일한인진","농업회사법인선일생약주식회사","중금속(카드뮴)",Y,20250623000000,20250616,201108797,1328199911,"8800617006103,8800617006110,8800617006127",
"바른반하","(주)바른한방제약","관능(성상) 부적합",Y,20250721000000,20250612,201606121,2338107882,"8800631002105,8800631002112,8800631002129,8800631002136,8800631002143,8800631002150,8800631002167,8800631002174,8800631002181",
"한강멸균거즈(3호)","주식회사한강메디칼","품질 부적합 우려",N,"",20250612,201901983,1198708229,"",
"대효해방풍","(유)대효제약","순도 부적합(카드뮴)",Y,20250624000000,20250612,200708493,1248607851,"8800628033105,8800628033112",
"파마파록세틴정10밀리그램(파록세틴염산염수화물)","(주)한국파마","불순물(N-nitroso-paroxetine) 초과 검출에 따른 사전예방적 조치로 시중 유통품에 대해 영업자 회수",N,20250716000000,20250611,201701536,1248115899,"8806530059004,8806530059011,8806530059028",
"그린명품오가피","(주)그린명품제약","중금속(카드뮴) 부적합",Y,20250630000000,20250610,201103030,1328622891,"8800664004701,8800664004718,8800664004725,8800664004732,8800664004749",
"현진절패모","(주)현진제약","중금속(카드뮴)",Y,20250627000000,20250610,200504615,2048189192,"8800648014801,8800648014818,8800648014825,8800648014832",
"월드애엽","농업회사법인 주식회사 월드허브","순도시험(줄기) 부적합",Y,20250610000000,20250604,200406863,5058140127,"8800668018407,8800668018414,8800668018421",
"힐링케어보건용마스크(KF94)(대형)(흰색)","힐링케어","분진포집효율",Y,"",20250604,202202269,6570502279,"",
"엔탭허브진피","(주)엔탭허브","정량법",Y,20250612000000,20250604,201900394,3308101200,"8800626026604,8800626026611,8800626026628",
"바른백두구","(주)바른한방제약","성상 부적합",Y,20250707000000,20250604,201606132,2338107882,"8800631008800,8800631008817,8800631008824,8800631008831,8800631008848,8800631008855,8800631008862",
"타포신주(테이코플라닌)","에이치케이이노엔(주)","시판후 안정성 시험 결과 수분 부적합에 따른 영업자회수",N,20250703000000,20250529,200201200,2018638914,"8806400035701,8806400035718,8806400035725",
"메디아렌즈워시액(염화나트륨)","주식회사보라미","이물 혼입 우려",N,20250605000000,20250527,202400549,6468803096,"",
"대한위재 덴탈용마스크(백색, 청색, 분홍색)","(주)대한위재상사","형상시험- 코편의 길이 부적합",Y,"",20250526,201100052,3038117772,"",
"굿매너비말차단용마스크(KF-AD)","한다헬스케어(주)","형상(머리끈 길이)",Y,20250610000000,20250526,202004670,6338101263,"",
"나인포방역용마스크(흰색.청색.분홍색)(KF94)","(주)상공양행","품질 부적합(분진포집효율) *회수대상은 흰색에 한함",Y,20250529000000,20250522,201700118,5818700835,"",
"1.내추럴키스보건용마스크(KF94)(대형)(흰색), 2.내추럴키스보건용마스크(KF94)(중형)(흰색), 3.내추럴키스보건용마스크(KF94)(소형)(흰색), 4.내추럴키스보건용마스크(KF94)(대형)(검정색), 5.내추럴키스보건용마스크(KF94)(중형)(검정색), 6.내추럴키스보건용마스크(KF94)(소형)(검정색)","주식회사하이즈홀딩스","품질 부적합(분진포집효율)  *회수대상은 흰색에 한함",Y,20250624000000,20250522,202103256,8988102573,"",
"씨앤지코리아황사마스크(KF80)(대형,소형)","(주)씨앤지코리아","품질 부적합(끈길이)  * 회수대상은 소형에 한함",Y,20250618000000,20250522,201503799,1258197012,"",
"블루보건용마스크(KF80)(백색,흑색)(대형,소형)","(주)블루인더스","품질부적합(형상_머리끈길이)*회수대상은 백색·소형에 한함",Y,20250620000000,20250522,201701259,6218177722,"",
"엔탭허브단삼","(주)엔탭허브","정량법",Y,20250528000000,20250521,201900571,3308101200,"8800626005500,8800626005517,8800626005524",
"엔탭허브차전자","(주)엔탭허브","잔류농약",Y,20250528000000,20250521,201900396,3308101200,"8800626019002,8800626019019,8800626019026",
"이모나캡슐","미래바이오제약(주)","유통제품 품질 우려",N,20250922000000,20250515,200402546,1258139744,"8806575008807,8806575008814,8806575008821,8806575008838,8806575008845,8806575008852",200402546
"하이드로핀정(펠로디핀)","미래바이오제약(주)","유통제품 품질 우려",N,20250922000000,20250515,200202118,1258139744,"8806575012606,8806575012613,8806575012620,8806575012637,8806575012644,8806575012651,8806575012668",
"하이타민정","미래바이오제약(주)","유통제품 품질 우려",N,20250922000000,20250515,201104457,1258139744,"8806575022605,8806575022612,8806575022629,8806575022636,8806575022643",
"리치올정","미래바이오제약(주)","유통제품 품질 우려",N,20250922000000,20250515,201804267,1258139744,"8806575033403,8806575033410,8806575033427,8806575033434,8806575033441,8806575033458",
"멀티브큐골드정","미래바이오제약(주)","유통제품 품질 우려",N,20250922000000,20250514,202007078,1258139744,"8806575038101,8806575038118",202007078
"보위황정","미래바이오제약(주)","유통제품 품질 우려",N,20250922000000,20250514,201901578,1258139744,"8806575033601,8806575033618,8806575033625",201901578
"브이타민큐정","미래바이오제약(주)","유통제품 품질 우려",N,20250922000000,20250514,201907913,1258139744,"8806575035100,8806575035117",
"하이비백골드정","미래바이오제약(주)","유통제품 품질 우려",N,20250922000000,20250514,201905086,1258139744,"8806575034608,8806575034615",201905086
"라니탄큐정","미래바이오제약(주)","유통제품 품질 우려",N,20250922000000,20250514,201907633,1258139744,"8806575034905,8806575034912,8806575034929,8806575034936,8806575034943,8806575034950,8806575034967,8806575034974,8806575034981",201907633
"바로콜-에프캡슐","미래바이오제약(주)","유통제품 품질 우려",N,20250922000000,20250514,200502148,1258139744,"8806575005103,8806575005110,8806575005127,8806575005134,8806575005141,8806575005158",200502148
"리치칼비정","미래바이오제약(주)","유통제품 품질 우려",N,20250922000000,20250514,202005973,1258139744,"8806575037401,8806575037418",202005973
"셀레타민정","미래바이오제약(주)","유통제품 품질 우려",N,20250922000000,20250514,202102818,1258139744,"8806575038408,8806575038415,8806575038422",
"싸이베린정","미래바이오제약(주)","유통제품 품질 우려",N,20250922000000,20250514,198901887,1258139744,"8806575007008,8806575007015,8806575007022,8806575007039,8806575007046,8806575007053",198901887
"트루액티비오정","미래바이오제약(주)","유통제품 품질 우려",N,20250922000000,20250514,202103684,1258139744,"8806575038705,8806575038712,8806575038729",
"크로펜정(클로닉신리시네이트)","미래바이오제약(주)","유통제품 품질 우려",N,20250922000000,20250514,199702485,1258139744,"8806575010800,8806575010817,8806575010824,8806575010831,8806575010848,8806575010855,8806575010862,8806575010879",199702485
"디케이정","미래바이오제약(주)","유통제품 품질 우려",N,20250922000000,20250513,202106513,1258139744,"8806575039108,8806575039115,8806575039122",202106513
"파로자트정10밀리그램(파록세틴염산염수화물)","한림제약(주)","불순물(N-nitroso-paroxetine) 초과 검출에 따른 사전예방적 조치로 시중 유통품에 대해 영업자 회수",N,20250529000000,20250512,201906187,1358102638,"8806453062204,8806453062211,8806453062228",
"현진절패모","(주)현진제약","중금속(카드뮴)",Y,20250526000000,20250509,200504615,2048189192,"8800648014801,8800648014818,8800648014825,8800648014832",
"좋은날황사방역마스크(KF94)(대형)(흰색,검정색,분홍색,노란색,회색,진한녹색,연한황색,진한분홍색,상아색,보라색)","대풍테크","품질부적합(분진포집효율)",Y,20250522000000,20250508,202201793,1037700238,"",
"국제레바미피드정","국제약품(주)","타제품[아나록소정(록소프로펜나트륨수화물)] 혼입 우려에 따른 영업자회수",N,20250730000000,20250507,200400315,2078100309,"8806437001205,8806437001212,8806437001229,8806437001236",
"자연세상차전자","(주)자연세상","잔류농약",Y,20250514000000,20250507,201306745,1278641862,"8800675016601,8800675016618,8800675016625,8800675016632,8800675016649",
"선일자소엽","농업회사법인선일생약주식회사","순도시험1)이물 가)줄기",Y,20250514000000,20250507,201108775,1328199911,"8800617004901,8800617004918,8800617004925,8800617004932,8800617004949",
"넨시스판크레아틴장용과립(원료)","(주)제이씨바이오","순도시험 2) 지방",Y,20250513000000,20250502,199600065,5978603709,"",
"파마파록세틴정10밀리그램(파록세틴염산염수화물)","(주)한국파마","불순물(N-nitroso-paroxetine) 초과 검출에 따른 사전예방적 조치로 시중 유통품에 대해 영업자 회수",N,20250529000000,20250429,201701536,1248115899,"8806530059004,8806530059011,8806530059028",
"테이코신주(테이코플라닌)","일동제약(주)","시판후 안정성 시험 결과 수분 부적합에 따른 영업자회수",N,20250722000000,20250425,200200325,6828500435,"8806429022706,8806429022713,8806429022720",
"푸른무약마인","(주)푸른무약","성상",Y,20250502000000,20250424,200707503,2048181939,"8800687004702,8800687004719,8800687004726,8800687004733,8800687004740",
"나음유백피","(주)나음제약","성상",Y,20250502000000,20250424,201905015,2828601283,"8800645013104,8800645013111,8800645013128,8800645013135",
"히스탄에프정16mg(베타히스틴염산염)","대한뉴팜(주)","불순물(N-nitroso-batahistine) 초과 검출에 따른 사전예방적 조치로 시중 유통품에 대해 영업자 회수",N,20250626000000,20250423,200806885,2298110729,"8806476016604,8806476016611,8806476016628,8806699047607,8806699047614,8806699047621,8806699047638,8806699047645",
"히스탄에프정24mg(베타히스틴염산염)","대한뉴팜(주)","불순물(N-nitroso-batahistine) 초과 검출에 따른 사전예방적 조치로 시중 유통품에 대해 영업자 회수",N,20250626000000,20250423,200807169,2298110729,"8806476029604,8806476029611,8806699047805,8806699047812,8806699047829,8806699047836,8806699047843",
"씨케이오가피","씨케이(주)","품질부적합 중금속(납) 기준초과",Y,20250526000000,20250421,200612520,2048123491,"8800619007207,8800619007214,8800619007221,8800619007238",
"엔탭허브산수유","(주)엔탭허브","잔류농약",Y,20250428000000,20250421,201900536,3308101200,"8800626013406,8800626013413,8800626013420",
"베타히스정24밀리그램(베타히스틴염산염)","(주)휴온스메디텍","불순물(N-nitroso-betahistine)초과검출 우려에 따른 사전예방적 조치로 시중 유통품에 대한 영업자회수",N,20250619000000,20250421,201402950,6178124930,"8806704005905,8806704005912,8806704005929",
"카나브정30밀리그램(피마사르탄칼륨삼수화물)","(주)보령","타제품 라벨 혼입에 따른 영업자 회수",N,20250526000000,20250421,201207542,2088100281,"8806419059408,8806419059415,8806419059422,8806419059439,8806419059446",
"태극인한인진","(주)태극인 농업회사법인","카드뮴 부적합",Y,20250423000000,20250417,200701789,5058177793,"8800638007004,8800638007011,8800638007028,8800638007035",
"메네신정(베타히스틴염산염)","(주)테라젠이텍스","불순물(N-nitroso-batahistine) 초과 검출에 따른 사전예방적 조치로 시중 유통품에 대해 영업자 회수",N,20250514000000,20250417,201700900,1348545665,"8806985036803,8806985036810,8806985036827,8806985036834",
"브이스타시그니처핏보건용마스크(KF94)(흰색/대형,중형,소형)(검정색/대형,중형,소형)(산호색/중형,소형)(연한황색/중형)(진한회색/검정색끈,회색끈/대형,중형)(진한녹색/검정색끈/대형,중형)(연보라색/대형,중형,소형)(연갈색/검정색끈,황갈색끈/대형,중형,소형)(상아색/검정색끈,흰색끈,상아색끈/대형,중형,소형)(연한회색/검정색끈,흰색끈,연한회색끈/대형,중형,소형)(연분홍색/흰색끈/소형)(분홍색/검정색끈,흰색끈,산호색끈/대형,중형)(노란색/흰색끈,노란색끈/소형)(연한청록색/중형,소형)","주식회사 지앤티클린","분진포집효율 부적합",Y,20250423000000,20250417,202201592,5038614521,"",
"메가베타정24mg(베타히스틴염산염)","(주)휴온스","불순물(N-nitroso-betahistine) 초과 검출 우려에 따른 사전 예방적 조치로 시중 유통품에 대한 영업자 회수자진회수",N,20250512000000,20250415,200807391,8638700270,"8806706043806,8806706043813,8806706043820,8806706043837,8806706043844",
"베네프정(시나칼세트염산염)","(주)유유제약","불순물(N-nitroso-cinacalcet) 초과 검출 우려에 따른 사전 예방적 조치로 시중 유통품에 대한 영업자 회수",N,20250415000000,20250409,201803170,1238101790,"8806445026009,8806445026016,8806445026023",
"참조은상엽","참조은제약","성상",Y,20250429000000,20250408,201109482,4070628007,"8800674006108,8800674006115",
"풍산백선피","풍산주식회사","성상 부적합",Y,20250416000000,20250408,200105266,5088102535,"8800679011800,8800679011817,8800679011824",
"스몰크림(프레드니솔론발레로아세테이트)","알리코제약(주)","‘스몰크림(프레드니솔론발레로아세테이트)’ 제품에 ‘아크라손크림(수출명: 사프티덤크림(Safticream), 젠트리크림)’ 튜브가 사용됨에 따른 영업자 회수",N,20250409000000,20250408,200001147,1348115033,"8806560006603,8806560006610",200001147
"이트코나졸캡슐(이트라코나졸)","(주)인트로바이오파마","시판후 안정성 시험에서 기준일탈(용출시험)에 따른 영업자 회수",N,20250710000000,20250407,202002095,1348673663,"8800524017001,8800524017018,8800524017025",
"이코사연질캡슐300밀리그램(이코사펜트산에틸)","대웅바이오(주)","장기안정성 시험에서 성상 부적합에 따른 영업자 회수",N,20250430000000,20250407,202203924,1248677584,"8806940041903,8806940041910,8806940041927",
"엔탭허브백두구","(주)엔탭허브","건조감량",Y,20250421000000,20250404,201900549,3308101200,"8800626009706,8800626009713,8800626009720",
"조화반하","(주)조화제약","이산화황",Y,20251114000000,20250404,200505205,1328625049,"8800700030305,8800700030312,8800700030329,8800700030336",
"자렐토정15밀리그램(리바록사반)","바이엘코리아(주)","변경사항(사용상의 주의사항) 미반영에 의한 영업자 회수",N,"",20250402,201201271,1208100467,"8806411057402,8806411057419,8806411057426,8806411057433,8806411057440,8806411057457",
"대우로라타딘정(수출명:로미딘정,라틴정,필미딘정)","대우제약(주)","낱알식별표시가 잘못 표시됨",N,20250516000000,20250331,199700873,6038109769,"8806496001604,8806496001611,8806496001628,8806496001635,8806496001642,8806496001659,8806496001666",199700873
"패티오돌주사(아이오다이즈드오일)","동국제약(주)","안정성 시험 일부항목(흡광도 시험) 기준일탈로 인한 영업자 회수",N,"",20250331,202000798,3018508241,"8806534044808,8806534044815,8806534044822,8806534044839,8806534044907,8806534044914,8806534044921,8806534044938",
"퍼슨시나칼셋정25밀리그램(시나칼세트염산염)","(주)퍼슨","불순물(N-nitroso-cinacalcet)초과검출 우려에 따른 사전예방적 조치로 시중 유통품에 대한 영업자회수",N,20250425000000,20250326,201803406,1308168218,"8806205002601,8806205002618,8806574017305,8806574017312",
"현진백두구","(주)현진제약","건조감량",Y,20250402000000,20250321,200504502,2048189192,"8800648004703,8800648004710,8800648004727,8800648004734,8800648004741,8800648004758,8800648004765",
"시나세트정(시나칼세트염산염)","알보젠코리아(주)","불순물(N-nitroso-cinacalcet) 초과 검출 우려에 따른 사전예방적 조치로 시중 유통품에 대해 영업자 회수",N,20250626000000,20250319,201606563,2158121950,"8806526063305,8806526063312",
"클로드릴정(클로피도그렐황산수소염)","(주)새한제약","시판 후 안정성시험에서 기타 개개 유연물질 초과에 따른 영업자회수",N,20250529000000,20250317,202000426,1258103547,"8806513007701,8806513007718,8806513007725",
"수피아더뉴황사방역마스크(KF94)(대형)(연갈색,연분홍색)","주식회사 미연다글로벌","품질 부적합(분진포집효율) *회수대상은 연갈색에 한함",Y,20250403000000,20250317,202201526,6668702264,"",
"비씨아토르바스타틴정(아토르바스타틴칼슘수화물)","(주)비씨월드제약","제품명 오기*에 따른 영업자 회수  * ‘비씨아토르바스타틴정’이 ‘비싸아토르타스타틴정’으로 표기",N,20250415000000,20250317,200705819,1398111269,"8806531006007,8806531006014,8806531006021,8806531006038",
"비씨아토르바스타틴정20밀리그램(아토르바스타틴칼슘수화물)","(주)비씨월드제약","제품명 오기*에 따른 영업자 회수  * ‘비씨아토르바스타틴정’이 ‘비싸아토르타스타틴정’으로 표기",N,20250415000000,20250317,200712032,1398111269,"8806531006106,8806531006113,8806531006120",
"1.에어라몬보건용마스크(KF94)(흰색)(대형), 2.에어라몬보건용마스크(KF94)(검정색)(대형)","주식회사인영","품질 부적합(분진포집효율)",Y,20250319000000,20250313,202201601,5898101383,"",
"에스엠피황사방역마스크(KF94)","주식회사위지피제약","품질 부적합(분진포집효율)",Y,20250410000000,20250313,202005923,5438601795,"",
"수피아더뉴황사방역마스크(KF94)(대형)(회색)","주식회사 미연다글로벌","품질 부적합(분진포집효율)",Y,20250403000000,20250313,202201655,6668702264,"",
"수성멸균거즈에스3호","수성위생재료공업사","완제품 품질검사 일부 미실시(무균시험)",N,20250523000000,20250313,201206631,6211974223,"",
"테네틴엠서방정20/1000밀리그램","대원제약(주)","첨부문서(설명서)* 오부착 병 발견에 따른 영업자 회수  * 주성분, 효능·효과가 동일한 ㈜메디카코리아 ‘테넬엠서방정’",N,20250403000000,20250310,202201330,2078136336,"8806718074805,8806718074812",
"영진설트랄린정50밀리그램(설트랄린염산염)","영진약품(주)","포장재와 내용물이 상이한 병 발견에 따른 영업자 회수  *내용물:라베뉴정10/500밀리그램(라베프라졸나트륨,탄산수소나트륨)",N,20250321000000,20250307,201902446,2188100352,"8806424043706,8806424043713,8806424043720",
"녹원창출","녹원제약(주)","확인시험, 순도시험 4)백출",Y,20250317000000,20250307,200607198,1278197022,"8800676008902,8800676008919,8800676008926,8800676008933",
"에이앤피황사방역마스크(KF94)(대형)(흰색,검정색)","(주)하이브","품질 부적합(분진포집효율)",Y,20250317000000,20250305,202105654,4118603628,"",
"시나비엠정25밀리그램(시나칼세트염산염)","(주)팜젠사이언스","불순물(N-nitroso-cinacalcet) 초과 검출 우려에 따른 사전예방적 조치로 시중 유통품에 대해 영업자 회수",N,20250317000000,20250305,202005828,1248136540,"8806701050304,8806701050311,8806701050328",
"에나폰정10밀리그램(아미트리프틸린염산염)","환인제약(주)","불순물(N-nitroso-nortriptyline, NNORT) 한시적 허용기준 초과 검출에 따른 사전예방적 조치로 시중 유통품에 대해 영업자 회수",N,20250317000000,20250226,197000079,2158136171,"8806572005007,8806572005014,8806572005021,8806572005038,8806572005045",
"에이앤피황사방역마스크(KF94)(중형)(흰색,검정색)","(주)하이브","품질 부적합(분진포집효율)",Y,20250317000000,20250224,202105783,4118603628,"",
"영천약초도매시장박하","영천약초도매시장주식회사","잔류농약(싸이퍼메쓰린) 부적합",Y,20250304000000,20250221,201503370,3538100034,"8800651001805,8800651001812,8800651001829",
"영천약초도매시장인동","영천약초도매시장주식회사","순도시험(이물) 부적합",Y,20250304000000,20250221,201503416,3538100034,"8800651002901,8800651002918,8800651002925,8800651002932,8800651002949,8800651002956",
"에트라빌25밀리그램정(아미트리프틸린염산염)","동화약품(주)","불순물(N-nitroso-nortriptyline, NNORT) 한시적 허용기준 초과 검출에 따른 사전예방적 조치로 시중 유통품에 대해 영업자 회수",N,20250318000000,20250221,197500188,1108100102,"8806427025204,8806427025211,8806427025228",
"에트라빌10밀리그램정(아미트리프틸린염산염)","동화약품(주)","불순물(N-nitroso-nortriptyline, NNORT) 한시적 허용기준 초과 검출에 따른 사전예방적 조치로 시중 유통품에 대해 영업자 회수",N,20250226000000,20250221,197500186,1108100102,"8806427025105,8806427025112,8806427025129,8806427025136",
"유닛2D컬러황사방역마스크(KF94)(대형)(진회색,연회색,분홍색,노란색,연황색)","유니레즈(주)","품질부적합(분진포집효율)",Y,20250408000000,20250219,202203284,4098172049,"",
"오마코미니연질캡슐2그램(오메가-3-산에틸에스테르90)","건일제약(주)","시판후 12개월 안정성 시험에서 과산화물가 부적합에 따른 영업자 회수",N,20250313000000,20250214,201904671,3128106060,"8806468029001,8806468029018,8806468029025,8806468029032",
"대효수질","(유)대효제약","중금속(비소) 부적합",Y,20250307000000,20250214,201104957,1248607851,"8800628019802,8800628019819",
"바른당귀","(주)바른한방제약","중금속(카드뮴) 부적합",Y,20250221000000,20250214,201606352,2338107882,"8800631006608,8800631006615,8800631006622,8800631006639,8800631006646,8800631006653,8800631006660",
"센시발정10밀리그램(염산노르트립틸린)","일성아이에스(주)","불순물(N-nitroso-notriptyline, NNORT) 한시적 허용기준 초과 검출에 따른 사전예방적 조치로 시중 유통품에 대해 영업자 회수",N,20250409000000,20250213,197300150,1068100710,"8806554007708,8806554007715,8806554007722,8806554007739,8806554007746,8806554007753",
"센시발정25밀리그램(염산노르트립틸린)","일성아이에스(주)","불순물(N-nitroso-notriptyline, NNORT) 한시적 허용기준 초과 검출에 따른 사전예방적 조치로 시중 유통품에 대해 영업자 회수",N,20250409000000,20250213,197300151,1068100710,"8806554007807,8806554007814,8806554007821,8806554007838,8806554007845,8806554007852",
"에나폰정5밀리그램(아미트리프틸린염산염)","환인제약(주)","불순물(N-nitroso-notriptyline, NNORT) 한시적 허용기준 초과 검출에 따른 사전예방적 조치로 시중 유통품에 대해 영업자 회수",N,"",20250212,201309959,2158136171,"8806572026408,8806572026415,8806572026422",
"칼레그나정25밀리그램(시나칼세트염산염)","(주)라이트팜텍","불순물(N-니트로소시나칼셋) 한시적 허용기준 초과 (우려)에 따른 영업자 회수",N,20250203000000,20250131,202008029,2048189630,"8806903032207,8806903032214",
"아모부로펜프리믹스주(이부프로펜)","(주)휴온스","아모부로펜프리믹스주(이부프로펜)에 타사 제품(데노넥스주(아세트아미노펜))의 2차 포장자재로 일부 포장됨에 따른 영업자 회수",N,20250307000000,20250126,202201732,8638700270,"8806706089002,8806706089019,8806706089606,8806706089613",
"씨케이자오가","씨케이(주)","관능(성상)부적합",N,"",20250124,201604602,2048123491,"",
"스트렙실허니앤레몬트로키(플루르비프로펜), 스트렙실오렌지트로키(플루르비프로펜)","(유)옥시레킷벤키저","변경 명령(사용상의 주의사항 일부) 미반영에 의한 영업자 회수",N,"",20250123,200906877,2198105044,"8806406001007,8806406001014,8806406001021,8806406001038,8806406001045",200906877
"알셉트정5mg(도네페질염산염수화물)","알리코제약(주)","제조방법(주성분 제조원) 변경 미신고에 따른 영업자 회수",N,20250220000000,20250123,200706330,1348115033,"8806560012406,8806560012413",
"대웅바이오두타스테리드연질캡슐0.5밀리그램","대웅바이오(주)","포장단위 오류에 따른 영업자 회수",N,20250225000000,20250121,201507419,1248677584,"8806940009804,8806940009811",
"브로낙점안액(브롬페낙나트륨수화물)(1회용), 브로낙점안액(브롬페낙나트륨수화물)","(주)태준제약","2차 포장(알루미늄 호일) 표시 오기에 따른 영업자 회수",N,20250205000000,20250120,201507252,1068118826,"8806501027803,8806501027810,8806501030209,8806501030216,8806501030605,8806501030612,8806501030629,8806501030704,8806501030711,8806501030728,8806501031800,8806501031817,8806501031824",
"퓨톨 손소독액 (에탄올)","(주)크로바케미칼","함량 시험(에탄올) 부적합",Y,20250207000000,20250117,202004292,8698801293,"",
"아비테론듀오정500/2.5밀리그램(아비라테론,프레드니솔론)","한미약품(주)","허가 사항과 다르게 제조(직접 용기 재질)",N,"",20250115,202400316,1248700613,"8806435087805,8806435087812,8806435087829",
"늘봄새부리형방역마스크(KF94)(대형)(흰색, 검정색)","청춘디","품질부적합(분진포집효율)",Y,20250207000000,20250113,202204323,2338201003,"",
"레그칼정25밀리그램(시나칼세트염산염)","(주)새한제약","불순물(N-nitroso-cinacalcet) 초과 검출 우려에 따른 사전예방적 조치로 시중 유통품에 대해 영업자 회수",N,20250310000000,20250102,201903338,1258103547,"8806513006902,8806513006919",
"나눔수질","나눔제약주식회사","중금속 (비소) 부적합",Y,20250103000000,20241227,201905198,5058176945,"8800610018608,8800610018615,8800610018622,8800610071504,8800610071511,8800610071528",
"나눔대계","나눔제약주식회사","중금속(카드뮴)부적합",Y,20250103000000,20241227,201502035,5058176945,"8800610007602,8800610007619,8800610047509,8800610047516",
"퓨어마인드대계","주식회사퓨어마인드농업회사법인","중금속(카드뮴) 부적합",Y,20250108000000,20241227,200802941,5050795087,"8800622021207,8800622021214,8800622021221,8800622021238",
"라이트웨어핏보건용마스크(KF94)(흰색,검정색,진회색,국방색,노란색,연한황색,분홍색,상아색,연한노란색,연한회색,산호색)(대형,중형,소형)","주식회사 스마트테크","품질기준부적합",Y,20260210000000,20241224,202108070,2988700516,"",
"레파트진정25mg(시나칼세트염산염)","대원제약(주)","불순물(N-nitroso-cinacalcet) 초과 검출 우려에 따른 사전예방적 조치로 시중 유통품에 대해 영업자 회수",N,20250205000000,20241223,201606564,2078136336,"8806718064301,8806718064318",
"1.안골지(잔탄검), 2.노스노멀티(잔탄검), 3.노스노링(잔탄검)","제이케이제약(주)","미생물오염우려",N,20250117000000,20241223,201310873,4098628795,"",
"시나파라정25mg(시나칼세트염산염)","한화제약(주)","불순물(N-니트로소시나칼셋) 한시적 허용기준 초과(우려)에 따른 영업자회수",N,20241223000000,20241220,201606401,1358104771,"8806516021704,8806516021711,8806516021728,8806516021735",
"시나세트정(시나칼세트염산염)","알보젠코리아(주)","불순물(N-nitroso-cinacalcet) 초과 검출 우려에 따른 사전예방적 조치로 시중 유통품에 대해 영업자 회수",N,20250205000000,20241220,201606563,2158121950,"8806526063305,8806526063312",
"시나비엠정25밀리그램(시나칼세트염산염)","(주)팜젠사이언스","불순물(N-nitroso-cinacalcet) 초과 검출 우려에 따른 사전예방적 조치로 시중 유통품에 대해 영업자 회수",N,20250122000000,20241220,202005828,1248136540,"8806701050304,8806701050311,8806701050328",
"베네프정(시나칼세트염산염)","(주)유유제약","불순물(N-nitroso-cinacalcet)초과검출 우려에 따른 사전예방적 조치로 시중 유통품에 대한 영업자회수",N,20250117000000,20241219,201803170,1238101790,"8806445026009,8806445026016,8806445026023",
"퍼슨시나칼셋정25밀리그램(시나칼세트염산염)","(주)퍼슨","불순물(N-nitroso-cinacalcet)초과검출 우려에 따른 사전예방적 조치로 시중 유통품에 대한 영업자회수",N,20250117000000,20241219,201803406,1308168218,"8806205002601,8806205002618,8806574017305,8806574017312",
"비오플250산(사카로마이세스보울라르디균)","건일제약(주)","성상 부적합(산제 굳음 현상)에 따른 영업자 회수",N,20250115000000,20241219,201006974,3128106060,"8806468024709,8806468024716,8806468024723,8806468024730",201006974
"1.이도스킨스왑(에탄올), 2.이도스킨스왑에이(에탄올), 3.넓은스왑(에탄올), 4.이야프라임알콜스왑(에탄올), 5.이케어클린스왑(에탄올), 6.아이두알콜스왑(에탄올), 7.아이두손소독티슈(에탄올), 8.바디알콜스왑(에탄올), 9.아이두손소독티슈플러스(에탄올), 10.마크스토리스킨스왑(에탄올)","(주)이도팜","품질부적합(질량시험)  *회수대상은 '넓은스왑(에탄올)'에 한함",Y,20250107000000,20241219,201707990,1708100730,"",
"시나칼정(시나칼세트염산염)","(주)휴온스메디텍","불순물(N-nitroso-cinacalcet)초과검출 우려에 따른 사전예방적 조치로 시중 유통품에 대한 영업자회수",N,"",20241219,201803384,6178124930,"8806704021004,8806704021011",
"1.안골지(잔탄검), 2.노스노멀티(잔탄검), 3.노스노링(잔탄검)","제이케이제약(주)","품질부적합(미생물한도)",Y,20250117000000,20241219,201310873,4098628795,"",
"원데이액(염화나트륨)","주식회사 아이메디슨","품질부적합(미생물한도)",Y,20250122000000,20241219,201901410,1698100201,"",
"1.에스이씨코리아나트라케어울트라패드날개형(레귤러), 2.에스이씨코리아나트라케어울트라패드날개형(수퍼), 3.에스이씨코리아나트라케어울트라패드날개형(롱)","주식회사에스이씨코리아","품질부적합(질량)-에스이씨코리아나트라케어울트라패드날개형(롱)",Y,"",20241219,202105286,7958601834,"",
"칼세파라정25mg(시나칼세트염산염)","(주)휴온스","불순물(N-nitroso-cinacalcet)초과검출 우려에 따른 사전예방적 조치로 시중 유통품에 대한 영업자회수",N,20250115000000,20241217,201606081,8638700270,"8806706075401,8806706075418",
"보위황정","미래바이오제약(주)","품질부적합(붕해시험)",Y,20250121000000,20241217,201901578,1258139744,"8806575033601,8806575033618,8806575033625",201901578
"센도스연질캡슐","알파제약(주)","품질 부적합 우려에 따른 영업자 회수",N,20241212000000,20241211,200502455,1398108124,"8806542003309,8806542003316,8806542003323,8806542003330",200502455
"에브젯정10/40밀리그램(에제티미브, 아토르바스타틴)","(주)이든파마","안정성 시험 일부항목(용출시험) 기준일탈로 인한 영업자회수",N,20250103000000,20241211,202101434,2648120986,"8806289019809,8806289019816,8806289019823",
"바이케어플러스제이보건용마스크(KF94)(흰색)","주식회사 키즈마루","형상(끈길이) 부적합",Y,20241216000000,20241210,202201271,7608501388,"",
"후모레스액","(주)셀비온","안정성시험 결과 보존제 함량 기준 미달 우려로 인한 영업자 회수",N,"",20241206,202007611,2148863223,"8800558001700,8800558001717",202007611
"두드리진시럽(히드록시진염산염)","삼아제약(주)","기재사항 중 원료의약품 분량의 오기(100mL를 30mL로 표시)로 인한 영업자 회수",N,20241209000000,20241206,201607375,1388105823,"8806457027704,8806457027711",
"알피린장용정(아스피린)(수출용)","(주)제일제약","성상 부적합 (낱알 표면 매끄럽지 못함, 낱알 끼리 붙어 있는 현상)우려",N,20241209000000,20241205,201404364,5148126323,"8806505013703,8806505013710,8806505013727",201404364
"대한위재신축성탄력붕대","(주)대한위재상사","형상시험(사수)부적합",Y,20250103000000,20241204,201006801,3038117772,"",
"한일양행면고무탄력붕대","한일양행(주)","형상시험(사수), 중량 부적합",Y,20250108000000,20241204,200508739,3128146529,"",
"씨케이갈근","씨케이(주)","카드뮴 기준초과( 기준 0.3ppm이하, 결과 0.5ppm)",Y,20250109000000,20241204,200612471,2048123491,"8800619003209,8800619003216,8800619003223,8800619003230",
"센도스연질캡슐","알파제약(주)","확인, 함량, 제제균일성(감마오리자놀), 보존제 시험 부적합",Y,20241209000000,20241125,200502455,1398108124,"8806542003309,8806542003316,8806542003323,8806542003330",200502455
"레그파라정25밀리그램(시나칼세트염산염)","한국쿄와기린(주)","안정성시험 결과 불순물(N-니트로소시나칼셋) 초과 검출에 따른 영업자 회수",N,20241209000000,20241120,201001805,1148142327,"8806663002205,8806663002212",
"레그파라정75밀리그램(시나칼세트염산염)","한국쿄와기린(주)","안정성시험 결과 불순물(N-니트로소시나칼셋) 초과 검출에 따른 영업자 회수",N,20241209000000,20241120,201001806,1148142327,"8806663002304,8806663002311",
"클피도정(클로피도그렐황산염)","메딕스제약(주)","갱신 만료에 따른 영업자회수",N,20241122000000,20241120,201402923,4088168921,"8806258001705,8806258001712,8806258001729",
"세란드정(알마게이트)","삼진제약(주)","품질부적합(붕해시험)",Y,20250107000000,20241119,199901516,1248531621,"8806478011904,8806478011911,8806478011928,8806478011935",
"아스피바장용정(아스피린)","(주)바이넥스","성상 부적합(낱알 표면이 매끄럽지 못함, 낱알끼리 붙어 있는 현상) 우려",N,20250117000000,20241118,201306277,6038107005,"8806431036104,8806431036111,8806431036128",201306277
"진셀몬큐텐정","영진약품(주)","장기 안정성 시험에서 함량(레티놀아세테이트) 부적합에 따른 영업자 회수",N,20241203000000,20241115,200500887,2188100352,"8806424012207,8806424012214,8806424012221",200500887
"1.쉴드맥스컴포트보건용마스크(KF80)(대형)(흰색), 2.쉴드맥스컴포트보건용마스크(KF80)(대형)(검정색)","주식회사벤투스솔루션","품질부적합(분진포집효율)",Y,20241203000000,20241115,202200022,6068550310,"",
"틴자정150밀리그램(니자티딘)","에이치엘비제약(주)","안정성시험 결과 불순물(N-니트로소디메틸아민, NDMA) 초과 검출에 따른 사전예방적 조치로 영업자 회수",N,20241119000000,20241115,201400450,2088125623,"8806473027900,8806473027917,8806473027924,8806473027931",
"조화토사자","(주)조화제약","성상",Y,20241120000000,20241113,200505219,1328625049,"8800700014701,8800700014718,8800700014725,8800700014732",
"올본청상자","주식회사올본","성상",Y,20241204000000,20241113,201903977,4858801436,"8800612021507,8800612021514,8800612021521",
"1.플로우황사방역마스크(KF94)(대형)(흰색,검정색,회색,연한황색,다홍색,연분홍색), 2.플로우황사방역마스크(KF94)(소형)(흰색,검정색,회색,연한황색,다홍색,연분홍색,노란색)","(주)플로우","품질(분진포집효율) 부적",Y,20241121000000,20241112,202201706,1178801585,"",
"웰클린네오황사방역마스크(KF94)(대형, 중형, 소형)(흰색, 검은색, 회색, 노란색, 연황색, 연분홍색, 산호색)","주식회사바이오플러스","품질(분진포집효율) 부적합",Y,20241210000000,20241112,202003346,6518801498,"",
"유니온아스피린장용정","한국유니온제약(주)","성상 부적합 우려(낱알 표면 매끄럽지 못함, 낱알끼리 붙어 있는 현상)로 영업자 회수(포장단위 500정에 한함)",N,20241206000000,20241112,201301377,6078121765,"8806655063504,8806655063511,8806655063528",201301377
"넥시엔정40밀리그램(에스오메프라졸마그네슘삼수화물)","엔비케이제약(주)","성상 부적합 우려(정제 깨짐)로 영업자 회수",N,20241112000000,20241107,201907881,2158640307,"8800548005701,8800548005718",
"넥시엔정20밀리그램(에스오메프라졸마그네슘삼수화물)","엔비케이제약(주)","성상 부적합 우려(정제 깨짐)로 영업자 회수",N,20241112000000,20241107,201907879,2158640307,"8800548005602,8800548005619",
"마더스아스피린장용정100mg(아스피린)","(주)마더스제약","성상 부적합((낱알 표면 매끄럽지 못함, 낱알끼리 붙어 있는 현상)우려",N,"",20241105,201803431,3128629302,"8806228032609,8806228032616,8806228032623",201803431
"씨케이오약","씨케이(주)","중금속(카드뮴 부적합) 기준1.0ppm 결과 1.6ppm",Y,"",20241105,200700617,2048123491,"8800619010603,8800619010610,8800619010627,8800619010634",
"아스텍션장용정100밀리그램(아스피린)","(주)셀트리온제약","성상 부적합 우려(낱알 표면 매끄럽지 못함, 낱알끼리 붙어 있는 현상)로 영업자 회수※ 포장단위 500정에 한함",N,"",20241104,201600396,2148671641,"8806939020506,8806939020513,8806939020520,8806939020537",201600396
"휴비스트아스피린장용정","(주)휴비스트제약","성상 부적합 우려(낱알 표면 매끄럽지 못함, 낱알끼리 붙어 있는 현상)로 영업자 회수※ 포장단위 500정에 한함",N,"",20241104,201404696,3188100991,"8806288003106,8806288003113,8806288003120,8806288003137",201404696
"서울아스피린장용정","(주)서울제약","성상 부적합 우려(낱알 표면 매끄럽지 못함, 낱알끼리 붙어 있는 현상)로 영업자 회수※ 포장단위 500정에 한함",N,20241202000000,20241104,201900178,1338130405,"8806529040808,8806529040815,8806529040822",201900178
"아사프장용정100mg(아스피린)","(주)제뉴파마","성상 부적합 우려(낱알 표면 매끄럽지 못함, 낱알끼리 붙어 있는 현상)로 영업자 회수※ 포장단위 500정에 한함",N,"",20241104,201405003,7338802047,"8806980025406,8806980025413,8806980025420,8806980025437",201405003
"유영아스피린장용정100mg","(주)유영제약","성상 부적합 우려(낱알 표면 매끄럽지 못함, 낱알끼리 붙어 있는 현상)로 영업자 회수※ 포장단위 500정에 한함",N,"",20241104,201400493,3018109728,"8806482037105,8806482037112,8806482037129,8806482037136",201400493
"글로아스피린장용정100mg(아스피린)","(주)킵스바이오파마","성상 부적합 우려(낱알 표면 매끄럽지 못함, 낱알끼리 붙어 있는 현상)로 영업자 회수※ 포장단위 500정에 한함",N,20241128000000,20241104,201402959,2098126571,"8806932009607,8806932009614,8806932009621",201402959
"케이아스피린장용정(아스피린)","한국넬슨제약(주)","성상 부적합 우려(낱알 표면 매끄럽지 못함, 낱알끼리 붙어 있는 현상)로 영업자 회수※ 포장단위 500정에 한함",N,"",20241104,201900221,3038111410,"8800548013607,8800548013614,8800548013621,8806297015305,8806297015312,8806297015329,8806567022309,8806567022316,8806567022323",201900221
"넥스핀장용정100mg(아스피린)","(주)넥스팜코리아","성상 부적합 우려(낱알 표면 매끄럽지 못함, 낱알끼리 붙어 있는 현상)로 영업자 회수※ 포장단위 500정에 한함",N,20241202000000,20241104,201310349,3018125427,"8806625028502,8806625028519,8806625028526",201310349
"1.에스이씨코리아나트라케어울트라패드날개형(레귤러), 2.에스이씨코리아나트라케어울트라패드날개형(수퍼), 3.에스이씨코리아나트라케어울트라패드날개형(롱)","주식회사에스이씨코리아","에스이씨코리아나트라케어울트라패드날개형(레귤러)-품질부적합(질량)",Y,20241121000000,20241104,202105286,7958601834,"",
"엘도스시럽(에르도스테인)","(주)대웅제약","타제품 성분(아지트로마이신) 혼입 우려로 영업자 회수",N,20250113000000,20241104,199900508,1248601143,"8806416019504,8806416019511,8806416019528",
"엑소시움정20밀리그램(에스오메프라졸마그네슘삼수화물)","고려제약(주)","성상 부적합 우려(정제 깨짐)로 영업자 회수",N,20241217000000,20241104,202007779,1268104796,"8806428033109,8806428033116",
"엑소시움정40밀리그램(에스오메프라졸마그네슘삼수화물)","고려제약(주)","성상 부적합 우려(정제 깨짐)로 영업자 회수",N,20241217000000,20241104,202007780,1268104796,"8806428033000,8806428033017",
"에소펠정20밀리그램(에스오메프라졸마그네슘삼수화물)","안국약품(주)","성상 부적합 우려(정제 깨짐)로 영업자 회수",N,20241217000000,20241104,202003557,1188104188,"8806502055508,8806502055515",
"에소펠정40밀리그램(에스오메프라졸마그네슘삼수화물)","안국약품(주)","성상 부적합 우려(정제 깨짐)로 영업자 회수",N,20241217000000,20241104,202003556,1188104188,"8806502055409,8806502055416",
"오메스정20밀리그램(에스오메프라졸마그네슘삼수화물)","삼익제약(주)","성상 부적합 우려(정제 깨짐)로 영업자 회수",N,20241202000000,20241104,201600875,1228113217,"8806440037109,8806440037116",
"오메스정40밀리그램(에스오메프라졸마그네슘삼수화물)","삼익제약(주)","성상 부적합 우려(정제 깨짐)로 영업자 회수",N,20241202000000,20241104,201507736,1228113217,"8806440037000,8806440037017",
"에스오피라졸정20mg(에스오메프라졸마그네슘삼수화물)","케이엠에스제약(주)","성상 부적합 우려(정제 깨짐)로 영업자 회수",N,20241203000000,20241104,201907091,1248150810,"8806547020202,8806547020219",
"에스오피라졸정40mg(에스오메프라졸마그네슘삼수화물)","케이엠에스제약(주)","성상 부적합 우려(정제 깨짐)로 영업자 회수",N,20241203000000,20241104,201905236,1248150810,"8806547019909,8806547019916",
"넥소메라정40밀리그램(에스오메프라졸마그네슘삼수화물)","정우신약(주)","성상 부적합 우려(정제 깨짐)로 영업자 회수",N,"",20241101,201604089,1048158517,"8806942048603,8806942048610",
"리소톤과립","(주)넥스팜코리아","금속 이물 혼입 우려에 따른 영업자 회수",N,"",20241101,200503318,3018125427,"8806625007903,8806625007910,8806625007927,8806625007934",
"코프라졸정20밀리그램(에스오메프라졸마그네슘삼수화물)","코오롱제약(주)","성상 부적합 우려(정제 깨짐)로 영업자 회수",N,"",20241101,201403819,3068507363,"8806703038300,8806703038317",
"오메플정40mg(에스오메프라졸마그네슘삼수화물)","(주)비보존제약","성상 부적합 우려(정제 깨짐)로 영업자 회수",N,20241203000000,20241101,201507072,1248199564,"8806582029406,8806582029413",
"코프라졸정40밀리그램(에스오메프라졸마그네슘삼수화물)","코오롱제약(주)","성상 부적합 우려(정제 깨짐)로 영업자 회수",N,20241128000000,20241101,201403820,3068507363,"8806703038409,8806703038416",
"푸른무약구기자","(주)푸른무약","잔류농약(아세타미프리드)",Y,20241113000000,20241101,200907233,2048181939,"8800687002104,8800687002111,8800687002128,8800687002135,8800687002142",
"푸른무약택사","(주)푸른무약","잔류농약(클로르피리포스)",Y,20241113000000,20241101,200907246,2048181939,"8800687022003,8800687022010,8800687022027,8800687022034,8800687022041",
"린아스장용정(아스피린)","알리코제약(주)","성상 부적합 우려(낱알 표면 매끄럽지 못함, 낱알끼리 붙어 있는 현상)로 영업자 회수※ 포장단위 500정에 한함",N,"",20241101,201307061,1348115033,"8806560033906,8806560033913,8806560033920,8806845008100,8806845008117,8806845008124,8806845008131",201307061
"아스테린정(아스피린)","성원애드콕제약(주)","성상 부적합 우려(낱알 표면 매끄럽지 못함, 낱알끼리 붙어 있는 현상)로 영업자 회수※ 포장단위 500정에 한함",N,20241203000000,20241101,201208281,1098148940,"8806649009402,8806649009419,8806649009426,8806649009433",201208281
"에스오피엠정20밀리그램(에스오메프라졸마그네슘삼수화물)","(주)마더스제약","성상 부적합 우려(정제 깨짐)로 영업자 회수",N,"",20241101,201603063,3128629302,"8806228026707,8806228026714",
"경보아스피린장용정","(주)경보제약","성상 부적합 우려(낱알 표면 매끄럽지 못함, 낱알끼리 붙어 있는 현상)로 영업자 회수※ 포장단위 500정에 한함",N,20241202000000,20241101,201206820,3128104567,"8806650016505,8806650016512,8806650016529,8806650016536",201206820
"에스오피엠정40밀리그램(에스오메프라졸마그네슘삼수화물)","(주)마더스제약","성상 부적합 우려(정제 깨짐)로 영업자 회수",N,"",20241101,201603062,3128629302,"8806228026608,8806228026615",
"씨케이부평","씨케이(주)","중금속(비소)부적합 (기준3ppm이하, 결과 6ppm)",Y,20241210000000,20241101,200701621,2048123491,"8800619028905,8800619028912,8800619028929,8800619028936",
"비엘피린장용정100밀리그램(아스피린)","(주)씨엘팜","성상 부적합 우려(낱알 표면 매끄럽지 못함, 낱알끼리 붙어 있는 현상)로 영업자 회수※ 포장단위 500정에 한함",N,20241128000000,20241101,201708490,3128550225,"8800540005204,8800540005211,8800540005228,8806226004301,8806226004318,8806226004325",201708490
"오메플정20mg(에스오메프라졸마그네슘삼수화물)","(주)비보존제약","성상 부적합 우려(정제 깨짐)로 영업자 회수",N,20241203000000,20241031,201507071,1248199564,"8806582029307,8806582029314",
"아스텍트정(아스피린)","(주)동구바이오제약","성상 부적합 우려(낱알 표면 매끄럽지 못함, 낱알끼리 붙어 있는 현상)로 영업자 회수※ 포장단위 500정에 한함",N,20250205000000,20241031,201300051,1248533615,"8806573058606,8806573058613,8806573058620",201300051
"영일아스피린장용정100mg(아스피린)","영일제약(주)","성상 부적합 우려(낱알 표면 매끄럽지 못함, 낱알끼리 붙어 있는 현상)로 영업자 회수※ 포장단위 500정에 한함",N,"",20241031,201310133,3018106847,"8806494045907,8806494045914,8806494045921",201310133
"뉴스피린장용정100밀리그램(아스피린)","(주)다산제약","성상 부적합 우려(낱알 표면 매끄럽지 못함, 낱알끼리 붙어 있는 현상)로 영업자 회수※ 포장단위 500정에 한함",N,20241101000000,20241031,201801356,1058184395,"8806786008108,8806786008115,8806786008122",201801356
"아스팜장용정(아스피린)","한국코러스(주)","성상 부적합 우려(낱알 표면 매끄럽지 못함, 낱알끼리 붙어 있는 현상)로 영업자 회수※ 포장단위 500정에 한함",N,20241101000000,20241031,201706882,2058140116,"8806472044403,8806472044410,8806472044427,8806472044434",201706882
"쉴드맥스라이트보건용마스크(KF80)(대형)(흰색,검정색)","주식회사벤투스솔루션","품질부적합(분진포집효율)",Y,20241107000000,20241030,202009010,6068550310,"",
"삼성아스피린장용정100밀리그램","삼성제약(주)","성상 부적합 우려(낱알 표면 매끄럽지 못함, 낱알끼리 붙어 있는 현상)로 영업자 회수※ 포장단위 500정에 한함",N,20241203000000,20241030,202001489,2078100726,"8806423083307,8806423083314,8806423083321",202001489
"광동아스피린장용정100mg","광동제약(주)","성상 부적합 우려(낱알 표면 매끄럽지 못함, 낱알끼리 붙어 있는 현상)로 영업자 회수※ 포장단위 500정에 한함",N,20241203000000,20241030,201702015,1138108888,"8806418062904,8806418062911,8806418062928",201702015
"명문아스피린장용정100mg","명문제약(주)","성상 부적합 우려(낱알 표면 매끄럽지 못함, 낱알끼리 붙어 있는 현상)로 영업자 회수※ 포장단위 500정에 한함",N,20250108000000,20241030,201310207,1248135615,"8806498063808,8806498063815,8806498063822,8806498063839",201310207
"에스오엠정20mg(에스오메프라졸마그네슘삼수화물)","대한뉴팜(주)","성상 부적합 우려(정제 깨짐)로 영업자 회수",N,20250102000000,20241030,201506743,2298110729,"8806699063904,8806699063911",
"에스오엠정40mg(에스오메프라졸마그네슘삼수화물)","대한뉴팜(주)","성상 부적합 우려(정제 깨짐)로 영업자 회수",N,20250102000000,20241030,201506744,2298110729,"8806699064109,8806699064116",
"프라임아스피린장용정100밀리그램","한국프라임제약(주)","성상 부적합 우려(낱알 표면 매끄럽지 못함, 낱알끼리 붙어 있는 현상)로 영업자 회수※ 포장단위 500정에 한함",N,20250408000000,20241030,201301656,4028524506,"8806636056105,8806636056112,8806636056129",201301656
"아나피린장용정100밀리그램(아스피린)","아주약품(주)","성상 부적합 우려(낱알 표면 매끄럽지 못함, 낱알끼리 붙어 있는 현상)로 영업자 회수※ 포장단위 500정에 한함",N,20241217000000,20241030,201207417,8028803696,"8806540042201,8806540042218,8806540042225",201207417
"아스필장용정(아스피린100밀리그람)","익수제약(주)","성상 부적합 우려(낱알 표면 매끄럽지 못함, 낱알끼리 붙어 있는 현상)로 영업자 회수※ 포장단위 500정에 한함",N,20241107000000,20241030,201306112,1268104419,"8806585016007,8806585016014,8806585016021,8806585016038",201306112
"1.쉴드맥스플러스보건용마스크(KF80)(대형)(흰색), 2.쉴드맥스플러스보건용마스크(KF80)(대형)(검정색)","주식회사벤투스솔루션","품질부적합(분진포집효율)",Y,20241111000000,20241030,202103934,6068550310,"",
"이텍스아스피린장용정100mg(아스피린)","(주)테라젠이텍스","성상 부적합 우려(낱알 표면 매끄럽지 못함, 낱알끼리 붙어 있는 현상)로 영업자 회수※ 포장단위 500정에 한함",N,20241224000000,20241028,201206625,1348545665,"8806985023001,8806985023018,8806985023025,8806985023032,8806985023049",201206625
"올본일당귀","주식회사올본","중금속(카드뮴)",Y,20241101000000,20241022,201904014,4858801436,"8800612015902,8800612015919,8800612015926,8800612015933,8800612015940",
"나음방풍","(주)나음제약","중금속(카드뮴)",Y,20241112000000,20241022,201904911,2828601283,"8800645005406,8800645005413,8800645005420",
"엔탭허브단삼","(주)엔탭허브","정량법",Y,20241016000000,20241007,201900571,3308101200,"8800626005500,8800626005517,8800626005524",
"자연세상절패모","(주)자연세상","중금속(카드뮴)",Y,20241022000000,20241007,201306716,1278641862,"8800675010500,8800675010517,8800675010524,8800675010531,8800675010548",
"광덕당귀","(주)광덕생약","품질부적합(카드뮴초과)",Y,20241104000000,20241002,199503805,4098120105,"8800646001209,8800646001216",
"아젤란정(아젤라스틴염산염)","알리코제약(주)","아젤란정(아젤라스틴염산염) 직접 포장용기에 아페낙정(아세클로페낙)으로 표시기재 사항이 일부 오부착 됨에 따른 영업자 회수",N,20241024000000,20240927,200400838,1348115033,"8806560007402,8806560007419,8806560007426,8806560007433",
"듀프렌즈셀라인솔루션(염화나트륨)(수출명:Eye Wash, Premium Saline)","제이케이제약(주)","미생물한도 부적합",Y,20241014000000,20240925,201310705,4098628795,"",
"드림아이에스액(20%염산폴리헥사메칠렌비구아니드)","제이케이제약(주)","미생물한도 부적합",Y,20241014000000,20240925,201400786,4098628795,"",
"이브콘택트렌즈멀티솔루션액(20%염산폴리헥사메칠렌비구아니드)","제이케이제약(주)","미생물 한도 부적합",Y,20241014000000,20240925,201310078,4098628795,"",
"퍼펙트크린아이액(염화나트륨)","제이케이제약(주)","미생물 한도 부적합",Y,20241014000000,20240925,201310517,4098628795,"",
"로세틴캡슐10밀리그램(플루옥세틴염산염)","명문제약(주)","불순물(N-nitroso-fluoxetine) 초과 검출에 따른 사전예방적 조치로 시중 유통품에 대해 영업자 회수",N,20250305000000,20240924,200611319,1248135615,"8806498005808,8806498005815,8806498005822,8806498005839,8806498005846",
"씨케이오약","씨케이(주)","중금속(카드뮴)부적합- 기준1.0ppm 결과 1.2ppm",Y,"",20240920,200700617,2048123491,"8800619010603,8800619010610,8800619010627,8800619010634",
"선일작약","농업회사법인선일생약주식회사","중금속(카드뮴)",Y,20241008000000,20240919,201108776,1328199911,"8800617005007,8800617005014,8800617005021,8800617005038,8800617005045,8800617005052,8800617005069",
"주플리에외용액(에피나코나졸)","(주)대웅제약","안정성시험 결과 기준일탈(유연물질)에 따른 사전예방적 조치로 영업자 회수",N,20250124000000,20240919,202400367,1248601143,"8806416079300,8806416079317,8806416079409,8806416079416",
"서울암로디핀베실산염정","(주)서울제약","낱알 식별 각인이 잘못되어 다른 제품 오인 우려에 따른 영업자회수",N,20241014000000,20240913,201306045,1338130405,"8806529033404,8806529033411,8806529033428",
"한솔절패모","한솔제약(주)","품질부적합(중금속 초과 검출)",Y,20240924000000,20240913,200304605,2048143497,"8800659001807,8800659001814,8800659001821",
"훼로맥스액(폴리말토오스수산화제이철착염)","한미약품(주)","용기 파손 및 파편 혼입 우려에 따른 병 용기 제품 영업자 회수",N,20241007000000,20240909,199902726,1248700613,"8806435039903,8806435039910,8806435039927,8806435039934,8806435039941,8806435039958,8806435039965",199902726
"씨케이저령","씨케이(주)","중금속(납)부적합 기준5ppm 결과 7ppm",N,"",20240903,200700650,2048123491,"",
"현진육두구","(주)현진제약","순도시험 4) 곰팡이독소",Y,20240927000000,20240830,200504604,2048189192,"8800648011800,8800648011817,8800648011824,8800648011831",
"엔탭허브박하","(주)엔탭허브","잔류농약",Y,20240919000000,20240830,201900553,3308101200,"8800626009003,8800626009010,8800626009027",
"콤탄정200밀리그램(엔타카폰)","알보젠코리아(주)","시판후 안정성 시험에서 불순물(NDEA) 초과 검출에 따른 영업자회수",N,20241024000000,20240830,199906916,2158121950,"8806526069208,8806526069215,8806536010702,8806536010719,8806536010726",
"삼원자소엽","(주)삼원제약","순도(이물)시험 부적합",Y,20240903000000,20240829,199805869,1578101075,"8800637024309,8800637024316",
"케이릴정2밀리그램(글리메피리드)","주식회사케이에스제약","시판후 안정성 시험에서 유연물질 초과에 따른 영업자 회수",N,"",20240828,201906365,6218801013,"8800590002109,8800590002116,8800590002123",
"뉴글리필드정2밀리그램(글리메피리드)","안국뉴팜(주)","시판후 안정성 시험에서 유연물질 초과에 따른 영업자 회수",N,20240923000000,20240827,201603555,4938700407,"8800536004402,8800536004419,8800536004426",
"그리피드정(글리메피리드)","아이큐어(주)","시판후 안정성 시험에서 유연물질 초과에 따른 영업자 회수",N,20240930000000,20240826,201600980,1148199306,"8806744006207,8806744006214,8806744006221",
"글리메피릴정2mg(글리메피리드)","(주)보령바이오파마","시판 후 안정성 시험에서 유연물질 기준 초과 우려에 따른 사전예방적 조치에 의한 영업자 회수",N,20240924000000,20240826,201902153,2088120633,"8806705015507,8806705015514,8806705015521",
"나음목단피","(주)나음제약","이산화황",Y,20240902000000,20240823,201904914,2828601283,"8800645004904,8800645004911,8800645004928,8800645004935",
"엔탭허브구척","(주)엔탭허브","중금속(납)",Y,20240906000000,20240823,201900576,3308101200,"8800626004206,8800626004213,8800626004220",
"엔탭허브차전자","(주)엔탭허브","잔류농약",Y,20240919000000,20240823,201900396,3308101200,"8800626019002,8800626019019,8800626019026",
"허브팜절패모","(주)허브팜","중금속(카드뮴)",Y,20240902000000,20240823,200505078,1328180770,"8800665009606,8800665009613,8800665009620,8800665009637,8800665009644",
"메비드정(글리메피리드)","엔비케이제약(주)","시판 후 안시판 후 안정성 시험에서 유연물질 기준 초과 우려에 따른 사전예방적 조치에 의한 영업자 회수",N,20240927000000,20240823,202002116,2158640307,"8800548008405,8800548008412,8800548008429",
"글리메디정(글리메피리드)","(주)인트로바이오파마","시판후 안정성 시험에서 유연물질 초과에 따른 영업자 회수",N,20240910000000,20240822,201901767,1348673663,"8800524012600,8800524012617,8800524012624",
"씨케이오매","씨케이(주)","벤조피렌 부적합  (기준: 5ppb이하, 결과 8ppb)",N,"",20240821,201604612,2048123491,"8800619012201,8800619012218,8800619012225,8800619012232,8800619012249",
"바른오약","(주)바른한방제약","중금속(납, 카드뮴) 부적합",Y,20240910000000,20240821,201605834,2338107882,"8800631013002,8800631013019,8800631013026,8800631013033,8800631013040,8800631013057,8800631013064",
"로글리코정(글리메피리드)","(주)메디카코리아","시판후 안정성 시험에서 유연물질 초과에 따른 영업자 회수",N,20241203000000,20240821,200401371,1208165228,"8806460004501,8806460004518,8806460004525,8806460004532,8806460004549,8806460004556,8806460004563",
"아루텍정(세티리진염산염)","(주)메디카코리아","시판후 안정성 시험에서 함량(세티리진염산염) 부적합에 따른 영업자 회수",N,20241203000000,20240821,199701398,1208165228,"8806460016702,8806460016719,8806460016726,8806460016733,8806460016740,8806460016757,8806460016764,8806460016771,8806460016788,8806460016795,8806460042510",199701398
"크린아이알파액(염화나트륨)","주식회사 케이앤제이씨","미생물 시험 부적합",Y,20240830000000,20240819,201112191,1298175306,"",
"나음사인","(주)나음제약","성상",Y,20240823000000,20240807,201904887,2828601283,"8800645007806,8800645007813,8800645007820,8800645007837",
"동양허브하수오","(주)동양허브","성상",Y,20240823000000,20240807,200608782,2128175118,"8800672022803,8800672022810",
"허브팜박하","(주)허브팜","잔류농약",Y,20240823000000,20240804,200505011,1328180770,"8800665003505,8800665003512,8800665003529",
"광덕제약계내금","농업회사법인(주)광덕","회분 부적합 기준2.0%이하 결과9.0%",Y,20241016000000,20240802,201501166,3058627965,"8800609011009,8800609011016,8800609011023",
"데카신캡슐(배농산급탕)","(주)넥스팜코리아","성상 변화(변색)에 따른 시중 유통품에 대한 영업자회수",N,"",20240801,201802862,3018125427,"8806625040009,8806625040016",
"피엠에스플루옥세틴캡슐10밀리그램(플루옥세틴염산염)","파마사이언스코리아(주)","불순물(N-nitroso-fluoxetine) 초과 검출에 따른 사전예방적 조치로 영업자 회수",N,"",20240801,201405194,2648108658,"8806276000704,8806276000711,8806276000728",
"크린아이액(염화나트륨)(수출명:cleaneye)","주식회사 케이앤제이씨","미생물 오염 우려",N,20240830000000,20240729,200806248,1298175306,"",
"드림아이액(20%염산폴리헥사메틸렌비구아니드)(수출명:MIA, O2 Active Care, Inno Vision Lens, Magia Color, Eurosoft, Europa, Seeshell, Immy Eye, Dream Eye, Any Eye Multi, Any Eye Gold, Golden Eye, Beauty Look, Natural Care, Natural Clear, Julia, Bos, Tint, O Eye, Eye Gem, Glanz, Maxi-Care, Frenz B5, Opti B5, Crystal Eye, OPTI-LUX, Natural Clear Plus, INNO AQUA, Eye Care, SOLO SOFT CARE, Aqua B5, Kiss Eye, Oasys active)","주식회사 케이앤제이씨","미생물 오염 우려",N,20240830000000,20240727,200800460,1298175306,"",
"드림아이알지피(20%염산폴리헥사메칠렌비구아니드)","주식회사 케이앤제이씨","미생물 오염 우려",N,20240830000000,20240727,200900384,1298175306,"",
"드롭드림아이2액(폴리헥사메틸렌비구아니드염산염 액 20%)(수출명: OASYSACTIVE)","주식회사 케이앤제이씨","미생물 오염 우려",N,20240830000000,20240727,201007312,1298175306,"",
"내눈에편안한멀티퍼포스솔루션액(20%염산폴리헥사메칠렌비구아니드)","주식회사 케이앤제이씨","미생물 오염 우려",N,20240830000000,20240727,201007313,1298175306,"",
"드림아이보스크리너(폴록사머407)","주식회사 케이앤제이씨","미생물 오염 우려",N,20240830000000,20240727,201100056,1298175306,"",
"드림아이B5(20%염화폴리헥사메틸렌비구아니드)(수출명: ICARE,MaxOptiFresh,OptiFresh,CLARUSLENS-MultiPurposeSolution,TintEye,DropDreamEyeB5,X2,Aquafresh,TheQueen,freshdreameye, multi-purpose solution EYEPURI)","주식회사 케이앤제이씨","미생물 오염 우려",N,20240830000000,20240727,201109673,1298175306,"",
"크린아이알파액(염화나트륨)","주식회사 케이앤제이씨","미생물 오염 우려",N,20240830000000,20240727,201112191,1298175306,"",
"유렌즈셀라인액(염화나트륨)","주식회사 케이앤제이씨","미생물 오염 우려",N,20240830000000,20240727,201112192,1298175306,"",
"프렌즈프로B5(20%염산폴리헥사메칠비구아니드)","주식회사 케이앤제이씨","미생물 오염 우려",N,20240830000000,20240727,201200684,1298175306,"",
"프렌즈드롭(20%염산폴리헥사메칠렌비구아니드)","주식회사 케이앤제이씨","미생물 오염 우려",N,20240830000000,20240727,201309346,1298175306,"",
"유렌즈드롭액(폴리헥사메틸렌비구아니드염산염 액 20%)","주식회사 케이앤제이씨","미생물 오염 우려",N,20240830000000,20240727,201310669,1298175306,"",
"뜨레뷰스액(20%염산폴리헥사메칠렌비구아니드)","주식회사 케이앤제이씨","미생물 오염 우려",N,20240830000000,20240727,201405959,1298175306,"",
"애니아이멀티(20%염산폴리헥사메틸렌비구아니드)(수출명 : Dream Eye One, Opti-Lux, Natural Clear Plus, Dew Dream Eye, Dew Frenz Pro B5, Premium Any Eye Gold, Opti Fresh, DreamEyeB5)","제이케이제약(주)","미생물 오염 우려",N,20240830000000,20240727,201309583,4098628795,"",
"드롭애니(20%염산폴리헥사메칠렌비구아니드)","제이케이제약(주)","미생물 오염 우려",N,20240830000000,20240727,201310077,4098628795,"",
"이브콘택트렌즈멀티솔루션액(20%염산폴리헥사메칠렌비구아니드)","제이케이제약(주)","미생물 오염 우려",N,20240830000000,20240727,201310078,4098628795,"",
"퍼펙트크린아이액(염화나트륨)","제이케이제약(주)","미생물 오염 우려",N,20240830000000,20240727,201310517,4098628795,"",
"후레쉬드림아이액(20%염산폴리헥사메칠렌비구아니드)(수출명:Glamour Solution,Loroyal Solution,Smart Solution, Clear eye, SHAMBHALA, ICE, Aqua flesh dream eye, Different color, WOL solution, OASYS, Lens me, Luminous, AQUA soft, Wow, NICE EYES, claruslens)","제이케이제약(주)","미생물 오염 우려",N,20240830000000,20240727,201310670,4098628795,"",
"듀프렌즈셀라인솔루션(염화나트륨)(수출명:Eye Wash, Premium Saline)","제이케이제약(주)","미생물 오염 우려",N,20240830000000,20240727,201310705,4098628795,"",
"드림아이에스액(20%염산폴리헥사메칠렌비구아니드)","제이케이제약(주)","미생물 오염 우려",N,20240830000000,20240727,201400786,4098628795,"",
"클리어뷰렌즈액(폴리헥사메틸렌비구아니드염산염액20%)","제이케이제약(주)","미생물 오염 우려",N,20240830000000,20240727,201405724,4098628795,"",
"프리미엄크린워시액(염화나트륨)","제이케이제약(주)","미생물 오염 우려",N,20240830000000,20240727,201500904,4098628795,"",
"유렌즈액(폴리헥사메틸렌비구아니드염산염액20%)","제이케이제약(주)","미생물 오염 우려",N,20240830000000,20240727,201507807,4098628795,"",
"후레쉬드림스톤액(염화나트륨)","제이케이제약(주)","미생물 오염 우려",N,20240830000000,20240727,202006704,4098628795,"",
"네오플러스골드(염화나트륨)","(주)네오비젼","품질부적합(미생물한도) 우려",N,20240903000000,20240725,200903128,2248517690,"",
"휴먼당귀","주식회사휴먼허브","중금속(카드뮴) 부적합",Y,20240731000000,20240719,200406415,5158126442,"8800624010704,8800624010711,8800624010728",
"씨케이오약","씨케이(주)","품질부적합중금속(카드뮴)기준초과 (결과:1.4ppm /기준:1.0ppm이하)",Y,20240812000000,20240719,200700617,2048123491,"8800619010603,8800619010610,8800619010627,8800619010634",
"광덕제약목단피","농업회사법인(주)광덕","이산화황 기준초과 (결과: 163ppm 기준: 30ppm이하 )",Y,20241016000000,20240719,201104842,3058627965,"8800609007507,8800609007514,8800609007521",
"내눈에편안한멀티퍼포스솔루션액(20%염산폴리헥사메칠렌비구아니드)","주식회사 케이앤제이씨","미생물 시험 부적합",N,20240830000000,20240718,201007313,1298175306,"",
"허브팜일당귀","(주)허브팜","중금속(카드뮴)",Y,20240725000000,20240718,201508259,1328180770,"8800665021400,8800665021417,8800665021424,8800665021431",
"드림아이액(20%염산폴리헥사메틸렌비구아니드)(수출명:MIA, O2 Active Care, Inno Vision Lens, Magia Color, Eurosoft, Europa, Seeshell, Immy Eye, Dream Eye, Any Eye Multi, Any Eye Gold, Golden Eye, Beauty Look, Natural Care, Natural Clear, Julia, Bos, Tint, O Eye, Eye Gem, Glanz, Maxi-Care, Frenz B5, Opti B5, Crystal Eye, OPTI-LUX, Natural Clear Plus, INNO AQUA, Eye Care, SOLO SOFT CARE, Aqua B5, Kiss Eye, Oasys active)","주식회사 케이앤제이씨","미생물 시험 부적합",N,20240830000000,20240718,200800460,1298175306,"",
"프렌즈프로B5(20%염산폴리헥사메칠비구아니드)","주식회사 케이앤제이씨","미생물시험 부적합",N,20240830000000,20240718,201200684,1298175306,"",
"삼원천남성","(주)삼원제약","카드뮴 부적합",Y,20240723000000,20240717,199805875,1578101075,"8800637020509,8800637020516",
"삼원한인진","(주)삼원제약","카드뮴 부적합",Y,20240723000000,20240717,201204468,1578101075,"8800637026501,8800637026518",
"허브팜당귀","(주)허브팜","중금속(카드뮴)",Y,20240816000000,20240717,200505008,1328180770,"8800665003406,8800665003413,8800665003420",
"씨케이천마","씨케이(주)","품질부적합 이산화황 기준초과 (기준: 30ppm이하 결과: 122ppm)",Y,20241022000000,20240717,200612462,2048123491,"8800619013901,8800619013918,8800619013925,8800619013932",
"큐세틴캡슐10밀리그램(플루옥세틴염산염)","주식회사 노바엠헬스케어","NDMA 등 불순물 초과 검출 우려에 따른 사전예방적 조치로 시중 유통품에 대한 영업자 회수",N,"",20240716,202107037,3498801372,"8800732002202,8800732002219,8800732002226",
"큐세틴캡슐(플루옥세틴염산염)","주식회사 노바엠헬스케어","NDMA 등 불순물 초과 검출 우려에 따른 사전예방적 조치로 시중 유통품에 대한 영업자 회수",N,"",20240716,202106095,3498801372,"8800732001403,8800732001410,8800732001427",
"카슈웰현탁액(폴리스티렌설폰산칼슘)","주식회사제뉴원사이언스","자사 제조 다른 제품(포 포장) 혼입에 따른 영업자회수",N,20240812000000,20240716,201309944,6218542600,"8806717039201,8806717039218,8806717039225,8806717039232,8806717039249",
"씨케이산조인","씨케이(주)","품질부적합(관능검사 중 성상부적합)",Y,20240812000000,20240709,200612452,2048123491,"8800619006200,8800619006217,8800619006224,8800619006231",
"씨케이산조인초","씨케이(주)","품질부적합(관능검사중 성상부적합)",Y,20240812000000,20240709,201001859,2048123491,"8800619006408,8800619006415,8800619006422,8800619006439",
"아트리플러스주(프리필드)(히알루론산나트륨)","(주)유영제약","아트리플러스주(프리필드) 투여 후 주사부위 부종 및 심한 통증 등 부작용 발생 사례가 신고됨에 따른 영업자회수",N,"",20240708,200612721,3018109728,"8806482010504,8806482010511,8806482010528,8806482010535",
"시타엑스정50밀리그램(시타글립틴염산염수화물)","주식회사제뉴원사이언스","시판후 안정성 시험에서 불순물(NTTP)초과 검출에 따른 영업자회수",N,20240729000000,20240705,202007523,6218542600,"8806717066702,8806717066719,8806717066726,8806717066733",
"시타엑스정100밀리그램(시타글립틴염산염수화물)","주식회사제뉴원사이언스","시판후 안정성 시험에서 불순물(NTTP)초과 검출에 따른 영업자회수",N,20240729000000,20240705,202007734,6218542600,"8806717066801,8806717066818,8806717066825,8806717066832",
"펨타주25밀리그램/밀리리터(페메트렉시드이나트륨2.5수화물)","에이치케이이노엔(주)","시판후 안정성 시험에서 개별 유연물질 기준 초과",N,"",20240628,201501028,2018638914,"8806400068808,8806400068815,8806400069003,8806400069010,8806400069102,8806400069119",
"록시로신정(록시트로마이신)","알리코제약(주)","주성분, 첨가제 함량이 동일한 타사제품 혼입[(주)메디카코리아 '캐스터정')]",N,20240722000000,20240626,200400873,1348115033,"8806560002704,8806560002711,8806560002728,8806560002735,8806560002742",
"나음죽여","(주)나음제약","카드뮴",Y,20240718000000,20240626,201905053,2828601283,"8800645018505,8800645018512,8800645018529",
"푸른무약대황","(주)푸른무약","정량법(센노시드 A)",Y,20240719000000,20240626,200901520,2048181939,"8800687008908,8800687008915,8800687008922,8800687008939,8800687008946",
"한솔절패모","한솔제약(주)","품질부적합",Y,20240717000000,20240625,200304605,2048143497,"8800659001807,8800659001814,8800659001821",
"한솔해방풍","한솔제약(주)","품질부적합",Y,20240717000000,20240625,200601855,2048143497,"8800659018904,8800659018911,8800659018928",
"플루민캡슐(플루옥세틴염산염)","태극제약(주)","불순물(N-nitroso-fluoxetine) 초과 검출에 따른 사전예방적 조치로 시중 유통품에 대해 영업자 회수",N,20240704000000,20240624,200501046,1248134163,"8806448023708,8806448023715,8806448023722,8806448023739",
"아킨지오캡슐","에이치케이이노엔(주)","일부 주성분(팔로노세틑론염산염)의 함량 미달 가능성",N,20240711000000,20240621,201802685,2018638914,"8806400072805,8806400072812",
"펜타비타주(덱스판테놀)","대한뉴팜(주)","시판후 안정성 시험결과(함량)에 따라 사전 예방적 조치로 영업자 회수",N,20240801000000,20240620,200804684,2298110729,"8806699046907,8806699046914,8806699046921",
"아제탄정(아젤라스틴염산염)","(주)씨엠지제약","허가(신고)사항과 다르게 제조",Y,20240624000000,20240617,200402853,1348171976,"8806486012207,8806486012214,8806486012221,8806486012238,8806486012245",
"자스민정(아젤라스틴염산염)","(주)테라젠이텍스","허가(신고)사항과 다르게 제조",Y,20240729000000,20240617,200411068,1348545665,"8806545016702,8806545016719,8806545016726,8806985003102,8806985003119,8806985003126,8806985003133",
"한타돌정(옥수수불검화정량추출물)","(주)씨엠지제약","허가(신고)사항과 다르게 제조  *( 회수대상은 당시 (주)씨엠지제약 자사제조 품목)",Y,20240624000000,20240617,200611310,1348171976,"8806486018704,8806486018711,8806486018728,8806486018735,8806486018742,8806486018759",
"카슈트현탁액(폴리스티렌설폰산칼슘)","하이플생명과학(주)","품질부적합(미생물한도)",Y,20240624000000,20240617,200102214,1338124994,"8806641013407,8806641013414,8806641013421,8806641013438",
"삼원두충염자","(주)삼원제약","성상 부적합",Y,20240624000000,20240614,199805856,1578101075,"8800637007104,8800637007111",
"삼원유백피","(주)삼원제약","성상 부적합",Y,20240624000000,20240614,201204445,1578101075,"8800637019404,8800637019411",
"엔탭허브절패모","(주)엔탭허브","중금속(카드뮴)",Y,20240626000000,20240614,201900361,3308101200,"8800626015806,8800626015813,8800626015820",
"엔탭허브목단피","(주)엔탭허브","이산화황",Y,20240626000000,20240614,201900556,3308101200,"8800626008402,8800626008419,8800626008426",
"나음반하","(주)나음제약","성상",Y,20240619000000,20240614,201904910,2828601283,"8800645005307,8800645005314,8800645005321,8800645005338",
"영천약초도매시장산약","영천약초도매시장주식회사","이산화황  부적합",Y,20240624000000,20240614,201503386,3538100034,"8800651005001,8800651005018,8800651005025,8800651005032,8800651005049,8800651005056",
"플루옥캡슐10밀리그램(플루옥세틴염산염)","한국신텍스제약(주)","불순물(N-nitroso-fluoxetine) 초과 검출에 따른 사전예방적 조치로 시중 유통품에 대해 영업자 회수",N,20240718000000,20240614,202009262,6138163381,"8806230068603,8806230068610,8806230068627",
"플루옥캡슐20밀리그램(플루옥세틴염산염)","한국신텍스제약(주)","불순물(N-nitroso-fluoxetine) 초과 검출에 따른 사전예방적 조치로 시중 유통품에 대해 영업자 회수",N,20241106000000,20240614,201906904,6138163381,"8806230059106,8806230059113,8806230059120",
"현진독활","(주)현진제약","이산화황",Y,20240619000000,20240610,200504532,2048189192,"8800648022509,8800648022516,8800648022523,8800648022530,8800648022547,8800648022554",
"현진황련","(주)현진제약","이산화황",Y,20240619000000,20240610,200504524,2048189192,"8800648019608,8800648019615,8800648019622,8800648019639,8800648019646,8800648019653",
"현진몰약","(주)현진제약","회분, 산불용성회분",Y,20240619000000,20240610,200504568,2048189192,"8800648004901,8800648004918,8800648004925,8800648004932",
"엔탭허브몰약","(주)엔탭허브","회분, 산불용성회분",Y,20240619000000,20240610,201900554,3308101200,"8800626008808,8800626008815,8800626008822",
"녹원한인진","녹원제약(주)","카드뮴",Y,20240619000000,20240610,200608714,1278197022,"8800676009107,8800676009114,8800676009121,8800676009138",
"발트란정500mg(발라시클로비르염산염)","(주)테라젠이텍스","자사의 타 제품* 담긴 병 발견에 따른 영업자회수 * 뮤코다인캡슐200mg(아세틸시스테인)",N,20240704000000,20240605,201308923,1348545665,"8806985024800,8806985024817,8806985024824",
"푸로핀캡슐(플루옥세틴염산염)","알보젠코리아(주)","불순물(N-nitroso-fluoxetine) 초과 검출에 따른 사전예방적 조치로 시중 유통품에 대해 영업자 회수",N,20240710000000,20240605,200202781,2158121950,"8806526040405,8806526040412,8806526040429,8806526040436,8806526040443,8806559027503,8806559027510,8806559027527,8806559027534,8806559027541",
"노르작캡슐10밀리그램(플루옥세틴염산염)","(주)한국파마","불순물(N-nitroso-fluoxetine) 초과 검출에 따른 사전예방적 조치로 시중 유통품에 대해 영업자 회수",N,20240910000000,20240605,201803155,1248115899,"8806530062202,8806530062219,8806530062226",
"노르작캡슐(플루옥세틴염산염)","(주)한국파마","불순물(N-nitroso-fluoxetine) 초과 검출에 따른 사전예방적 조치로 시중 유통품에 대해 영업자 회수",N,20240910000000,20240605,200401722,1248115899,"8806530001300,8806530001317,8806530001324,8806530001331",
"현진포황","(주)현진제약","성상",Y,20240610000000,20240605,200504634,2048189192,"8800648018007,8800648018014,8800648018021,8800648018038",
"상공면고무탄력붕대","(주)상공양행","품질부적합(사수, 중량)",Y,20240614000000,20240531,201102763,5818700835,"",
"로세틴캡슐10밀리그램(플루옥세틴염산염)","명문제약(주)","불순물(N-nitroso-fluoxetine) 초과 검출에 따른 사전예방적 조치로 시중 유통품에 대해 영업자 회수",N,20240618000000,20240531,200611319,1248135615,"8806498005808,8806498005815,8806498005822,8806498005839,8806498005846",
"로세틴캡슐(플루옥세틴염산염)","명문제약(주)","불순물(N-nitroso-fluoxetine) 초과 검출에 따른 사전예방적 조치로 시중 유통품에 대해 영업자 회수",N,20240614000000,20240531,200808226,1248135615,"8806498042209,8806498042216,8806498042223,8806498042230",
"엠케이엠(MKM)탄력붕대","금광양행","중량 부적합",Y,20240611000000,20240530,202204530,5142281426,"",
"오마코연질캡슐(오메가-3-산에틸에스테르90)","건일제약(주)","시판후 안정성시험에서 과산화물가 결과 기준 초과로 인한 영업자회수",N,20240603000000,20240530,200500497,3128106060,"8806468011006,8806468011013,8806468011020,8806468011037,8806468011044",
"듀로셉톨캡슐30밀리그램(둘록세틴염산염)","환인제약(주)","불순물(N-nitroso-duloxetine) 초과 검출에 따른 사전예방적 조치로 시중 유통품에 대해 영업자 회수",N,20240704000000,20240530,201402868,2158136171,"8806572027207,8806572027214,8806572027221",
"듀로셉톨캡슐60밀리그램(둘록세틴염산염)","환인제약(주)","불순물(N-nitroso-duloxetine) 초과 검출에 따른 사전예방적 조치로 시중 유통품에 대해 영업자 회수",N,20240704000000,20240530,201402869,2158136171,"8806572027306,8806572027313,8806572027320",
"성진탄력붕대","성진양행","품질부적합(형상(사수) 및 중량)",Y,20240624000000,20240530,199704205,1553300157,"",
"리옥틴캡슐10밀리그램(플루옥세틴염산염)","(주)이든파마","불순물(N-nitroso-fluoxetine)초과검출에 따른 사전예방적 조치로 시중 유통품에 대한 영업자회수",N,20240610000000,20240529,202000390,2648120986,"8806289015009,8806289015016,8806289015023,8806289015030",
"로랑캡슐(플루옥세틴염산염)","(주)서울제약","불순물(N-nitroso-fluoxetine) 초과 검출에 따른 사전예방적 조치로 시중 유통품에 대한 영업자 회수",N,20240618000000,20240528,200808211,1338130405,"8806529023207,8806529023214,8806529023221",
"로랑캡슐10밀리그램(플루옥세틴염산염)","(주)서울제약","불순물(N-nitroso-fluoxetine) 초과 검출에 따른 사전예방적 조치로 시중 유통품에 대한 영업자 회수",N,20240618000000,20240528,200700022,1338130405,"8806529011105,8806529011112,8806529011129,8806529011136,8806529011143",
"둘록사정30밀리그램 (둘록세틴염산염)","일동제약(주)","불순물(N-nitroso-duloxetine) 초과 검출에 따른 사전예방적 조치로 시중 유통품에 대해 영업자 회수",N,20240805000000,20240528,201402410,6828500435,"8806429051508,8806429051515,8806429051522",
"둘록사정60밀리그램(둘록세틴염산염)","일동제약(주)","불순물(N-nitroso-duloxetine) 초과 검출에 따른 사전예방적 조치로 시중 유통품에 대해 영업자 회수",N,20240805000000,20240528,201402376,6828500435,"8806429051607,8806429051614,8806429051621",
"오베틴캡슐(플루옥세틴염산염)","(주)인트로바이오파마","불순물(N-nitroso-fluoxetine) 초과 검출에 따른 사전예방적 조치로 시중 유통품에 대해 영업자 회수",N,20240607000000,20240527,201801734,1348673663,"8800524007309,8800524007316,8800524007323,8800524007330",
"디프맥스캡슐20밀리그램(플루옥세틴염산염)","(주)라이트팜텍","불순물(N-nitroso-fluoxetine) 초과 검출에 따른 사전예방적 조치로 영업자 회수",N,20240624000000,20240523,201604434,2048189630,"8806255004907,8806255004914,8806255004921,8806903001203,8806903001210,8806903001227,8806903001234",
"디프맥스캡슐10밀리그램(플루옥세틴염산염)","(주)라이트팜텍","불순물(N-nitroso-fluoxetine) 초과 검출에 따른 사전예방적 조치로 영업자 회수",N,20240624000000,20240523,202105363,2048189630,"8806903034409,8806903034416,8806903034423",
"앤티프레스캡슐(플루옥세틴염산염)","구주제약(주)","불순물(N-nitroso-fluoxetine) 초과 검출에 따른 사전예방적 조치로 시중 유통품에 대해 영업자 회수",N,20240624000000,20240522,200403086,1248136268,"8806698020502,8806698020519,8806698020526,8806698020533",
"내린다시럽(아세트아미노펜)","(주)텔콘알에프제약","액체중 결정(주성분) 생성에 따른 영업자회수",N,20240610000000,20240520,202201984,5968500925,"8806255013602,8806255013619,8806255013626",202201984
"씨케이차전자","씨케이(주)","품질부적합(프로시미돈)",Y,20240522000000,20240517,200612582,2048123491,"8800619013000,8800619013017,8800619013024,8800619013031",
"다온절패모","농업회사법인다온허브주식회사","품질부적합(카드뮴)",Y,20240522000000,20240517,201102667,3268101725,"8800633006002,8800633006019,8800633006026,8800633006033",
"오가트황사방역마스크(KF94)(흰색,검정색)","(주)케이와이컴퍼니","품질부적합(분진포집효율)",Y,20240522000000,20240516,202105412,4838101412,"",
"웰화이트수술용마스크","이엘상사","형상(머리끈 길이) 품질부적합",Y,20240624000000,20240516,202005825,3835300726,"",
"1.블레스프리미엄보건용마스크(KF94)(대형)(흰색), 2.블레스프리미엄보건용마스크(KF94)(중형)(흰색), 3.블레스프리미엄보건용마스크(KF94)(소형)(흰색), 4.블레스프리미엄보건용마스크(KF94)(대형)(검정색), 5.블레스프리미엄보건용마스크(KF94)(중형)(검정색), 6.블레스프리미엄보건용마스크(KF94)(소형)(검정색), 7.블레스프리미엄보건용마스크(KF94)(대형)(연한녹색), 8.블레스프리미엄보건용마스크(KF94)(중형)(연한녹색), 9.블레스프리미엄보건용마스크(KF94)(소형)(연한녹색), 10.블레스프리미엄보건용마스크(KF94)(대형)(연한황색), 11.블레스프리미엄보건용마스크(KF94)(중형)(연한황색), 12.블레스프리미엄보건용마스크(KF94)(소형)(황색), 13.블레스프리미엄보건용마스크(KF94)(대형)(진한회색), 14.블레스프리미엄보건용마스크(KF94)(중형)(진한회색), 15.블레스프리미엄보건용마스크(KF94)(대형)(분홍색), 16.블레스프리미엄보건용마스크(KF94)(중형)(분홍색), 17.블레스프리미엄보건용마스크(KF94)(대형)(연한보라색), 18.블레스프리미엄보건용마스크(KF94)(중형)(연한보라색), 19.블레스프리미엄보건용마스크(KF94)(소형)(노란색), 20.블레스프리미엄보건용마스크(KF94)(소형)(산호색)","주식회사제이준","분진포집효율 부적합",Y,20240704000000,20240516,202201678,4408101827,"",
"1.바디앤새부리형방역마스크(KF94)(흰색), 2.바디앤새부리형방역마스크(KF94)(검정색)","(주)모노","분진포집효율 부적합",Y,"",20240516,202203213,2178601746,"",
"현진하수오","(주)현진제약","성상",Y,20240527000000,20240514,200504519,2048189192,"8800648018205,8800648018212,8800648018229,8800648018236,8800648018243",
"현진두충염자","(주)현진제약","성상",Y,20240528000000,20240514,200810325,2048189192,"8800648003706,8800648003713,8800648003720,8800648003737,8800648003744,8800648003751,8800648003768",
"바른파극천","(주)바른한방제약","중금속(납) 부적합",Y,20240517000000,20240510,201605894,2338107882,"8800631001702,8800631001719,8800631001726,8800631001733,8800631001740,8800631001757,8800631001764",
"현진송화분","(주)현진제약","중금속(납)",Y,20240527000000,20240510,200504586,2048189192,"8800648009302,8800648009319,8800648009326,8800648009333",
"현진전호","(주)현진제약","중금속(카드뮴)",Y,20240527000000,20240510,200504614,2048189192,"8800648013408,8800648013415,8800648013422,8800648013439,8800648013446,8800648013453",
"나음구척","(주)나음제약","중금속(납)",Y,20240527000000,20240510,201904881,2828601283,"8800645002702,8800645002719,8800645002726,8800645002733",
"가온보건방역마스크(KF94)","(주)가온산업","품질 부적합(성상, 형상시험, 분진포집효율)",Y,20240607000000,20240509,202007446,1438123750,"",
"1.내추럴키스보건용마스크(KF94)(대형)(흰색), 2.내추럴키스보건용마스크(KF94)(중형)(흰색), 3.내추럴키스보건용마스크(KF94)(소형)(흰색), 4.내추럴키스보건용마스크(KF94)(대형)(검정색), 5.내추럴키스보건용마스크(KF94)(중형)(검정색), 6.내추럴키스보건용마스크(KF94)(소형)(검정색)","주식회사하이즈홀딩스","품질부적합(성상, 분진포집효율)",Y,20240517000000,20240509,202103256,8988102573,"",
"에이앤피황사방역마스크(KF94)(대형)(회색,연한황색)","(주)하이브","품질부적합(분진포집효율)",Y,20240607000000,20240503,202105690,4118603628,"",
"현진육두구","(주)현진제약","곰팡이독소",Y,20240514000000,20240502,200504604,2048189192,"8800648011800,8800648011817,8800648011824,8800648011831",
"현진빈랑자","(주)현진제약","곰팡이독소",Y,20240509000000,20240502,200504670,2048189192,"8800648007209,8800648007216,8800648007223,8800648007230,8800648007247,8800648007254",
"한신궁하탕연조엑스(단미엑스혼합제)","(주)한국신약","포장자재 경화공정 미흡으로 인한 품질불량 우려에 따른 영업자 회",N,20240516000000,20240429,201900050,3148101187,"8806550067201,8806550067218,8806550067225",
"한솔시호","한솔제약(주)","순도",Y,20240510000000,20240426,200206749,2048143497,"8800659015606,8800659015613,8800659015620",
"투디넘버원지킴이마스크(KF94)(대형,소형)(흰색,검정색,진한회색)","(주)해피데이","품질부적합(분진포집효율)",Y,20240426000000,20240423,202102637,2468101623,"",
"다존 입체황사마스크(KF94)","주식회사케이씨테크","품질부적합(분진포집효율)",Y,20240426000000,20240423,201803713,3688801301,"",
"현진조구등","(주)현진제약","순도시험",Y,20240429000000,20240415,200504619,2048189192,"8800648014207,8800648014214,8800648014221,8800648014238,8800648014245,8800648014252",
"허브팜오약","(주)허브팜","카드뮴",Y,20240429000000,20240415,200505075,1328180770,"8800665009309,8800665009316,8800665009323,8800665009330",
"선일산약","농업회사법인선일생약주식회사","이산화황",Y,20240429000000,20240415,201108759,1328199911,"8800617002709,8800617002716,8800617002723",
"퓨어마인드유향","주식회사퓨어마인드농업회사법인","관능(성상) 부적합",Y,20240419000000,20240408,201106488,5050795087,"8800622030308,8800622030315,8800622030322,8800622030339",
"영천약초도매시장두충","영천약초도매시장주식회사","성상 부적합",Y,20240419000000,20240408,201503361,3538100034,"8800651004707,8800651004714,8800651004721,8800651004738,8800651004745,8800651004752",
"멸균폴리글러브","(주)고려양행","형상(폭) 품질부적합",Y,20240411000000,20240403,199906610,6838100385,"",
"듀프렌즈셀라인솔루션(염화나트륨)(수출명:Eye Wash, Premium Saline)","제이케이제약(주)","품질부적합(정량법)",Y,20240415000000,20240403,201310705,4098628795,"",
"텔미암로정40/5mg","지엘파마(주)","자사 제품에 타사 제품* 오표기 된 병 발견에  따른 영업자 회수 *(주)메디카코리아 ‘텔미살탄정40밀리그램(텔미사르탄)’",N,20240417000000,20240403,201903386,1238114470,"8806497022103,8806497022110,8806497022127",
"클로스타정(클로피도그렐황산염)","한국신텍스제약(주)","자진회수",N,20240703000000,20240402,201603516,6138163381,"8806230040500,8806230040517,8806230040524,8806230040531,8806230040548",
"클로큐어정75밀리그램(클로피도그렐황산염)","아이큐어(주)","자진회수",N,20240503000000,20240402,201603497,1148199306,"8806744011409,8806744011416,8806744011423",
"엔탭허브천남성","(주)엔탭허브","성상",Y,20240416000000,20240402,201900380,3308101200,"8800626018500,8800626018517,8800626018524",
"뉴빅스정(클로피도그렐황산염)","에스피씨(주)","시판후 안정성 시험 중 기타 유연물질 기준  초과에 따른 영업자 회수",N,20240422000000,20240401,201306332,1138137651,"8806697000901,8806697000918,8806697000925",
"알피클로피아정(클로피도그렐황산염)","(주)알피바이오","시판후 안정성 시험 중 기타 유연물질 기준  초과에 따른 영업자 회수",N,20240422000000,20240401,201306524,3048511124,"8806616040902,8806616040919,8806616040926,8806616040933",
"우리빅스정(클로피도그렐황산염)","(주)팜젠사이언스","시판후 안정성 시험 중 기타 유연물질 기준  초과에 따른 영업자 회수",N,20240507000000,20240401,201602804,1248136540,"8806701040404,8806701040411,8806701040428",
"트롬빅스정(클로피도그렐황산수소염)","일동제약(주)","시판후 안정성 시험 중 기타 유연물질 기준  초과에 따른 영업자 회수",N,20240626000000,20240401,200607699,6828500435,"8806429023109,8806429023116,8806429023123,8806429023130",
"클로필정(클로피도그렐황산염)","대우제약(주)","자진회수",N,20240405000000,20240401,201307490,6038109769,"8806496042300,8806496042317,8806496042324,8806496042331",
"엘피도그렐정(클로피도그렐황산염)","미래바이오제약(주)","시판후 안정성 시험 중 기타 유연물질 기준  초과에 따른 영업자 회수",N,20240513000000,20240401,201307935,1258139744,"8806575023602,8806575023619,8806575023626,8806575023633,8806575023640,8806575023657,8806575023664",
"에이프로젠클로피도그렐정(클로피도그렐황산염)","(주)에이프로젠바이오로직스","시판후 안정성 시험 중 기타 유연물질 기준  초과에 따른 영업자 회수",N,20240408000000,20240401,200702138,2188100518,"8806452016604,8806452016611,8806452016628,8806452016635,8806452016642",
"클로아트정(클로피도그렐황산염)","(주)대웅제약","시판후 안정성 시험에서 기타 유연물질 기준 초과 우려에 따른 영업자 회수",N,20240424000000,20240329,200608038,1248601143,"8806416023501,8806416023518,8806416023525,8806416023532",
"프로빅트정(클로피도그렐황산염)","광동제약(주)","시판후 안정성 시험 중 기타 유연물질 기준  초과에 따른 영업자 회수",N,20240527000000,20240329,201503157,1138108888,"8806418059201,8806418059218,8806418059225",
"코빅스정75밀리그램(클로피도그렐황산수소염)","코오롱제약(주)","시판후 안정성 시험에서 기타 유연물질 기준 초과 우려에 따른 영업자 회수",N,20240422000000,20240329,200500585,3068507363,"8806703014304,8806703014311,8806703014328",
"건일클로피도그렐정(클로피도그렐황산염)","건일제약(주)","시판후 안정성 시험에서 기타 유연물질 기준 초과 우려에 따른 영업자 회수",N,"",20240329,200500494,3128106060,"8806468004305,8806468004312,8806468004329,8806468004336",
"클로렐정(클로피도그렐황산염)","동국제약(주)","시판후 안정성 시험에서 기타 유연물질 기준 초과 우려에 따른 영업자 회수",N,20240424000000,20240329,201206954,3018508241,"8806534026309,8806534026316,8806534026323",
"이연클로피도그렐황산수소염정","이연제약(주)","시판후 안정성 시험에서 기타 유연물질 기준 초과 우려에 따른 영업자 회수",N,20240424000000,20240329,201308397,3018505394,"8806586028306,8806586028313,8806586028320",
"경보클로피도그렐정(클로피도그렐황산염)","(주)경보제약","시판후 안정성 시험에서 기타 유연물질 기준 초과 우려에 따른 영업자 회수",N,20240429000000,20240329,201300318,3128104567,"8806650017007,8806650017014,8806650017021",
"클로빅스정(클로피도그렐황산염)","(주)보령바이오파마","시판후 안정성 시험에서 기타 유연물질 기준 초과 우려에 따른 영업자 회수",N,20240424000000,20240329,201900807,2088120633,"8806705013008,8806705013015,8806705013022,8806705013039",
"피도빅스정(클로피도그렐황산염)","한림제약(주)","시판후 안정성 시험 중 기타 유연물질 기준  초과에 따른 영업자 회수",N,20240429000000,20240329,200502869,1358102638,"8806453027609,8806453027616,8806453027623,8806453027630,8806453027647",
"클로메디정(클로피도그렐황산수소염)","(주)인트로바이오파마","시판후 안정성 시험 중 기타 유연물질 기준  초과에 따른 영업자 회수",N,20240422000000,20240329,201800992,1348673663,"8800524006302,8800524006319,8800524006326",
"큐오렐정(클로피도그렐황산수소염)","일성아이에스(주)","시판후 안정성 시험 중 기타 유연물질 기준  초과에 따른 영업자 회수",N,20240429000000,20240329,200501380,1068100710,"8806554020806,8806554020813,8806554020820,8806554020837,8806554020844",
"선일자소엽","농업회사법인선일생약주식회사","관능검사(순도시험)(이물)",Y,20240416000000,20240328,201108775,1328199911,"8800617004901,8800617004918,8800617004925,8800617004932,8800617004949",
"유그렐정(클로피도그렐황산염)","(주)유유제약","시판후 안정성 시험에서 기타 유연물질 기준 초과 우려에 따른 영업자 회수",N,20240424000000,20240328,201707642,1238101790,"8806445024807,8806445024814,8806445024821,8806445024838",
"뉴클로파인정(클로피도그렐황산염)","안국뉴팜(주)","시판후 안정성 시험 중 기타 유연물질 기준 초과에 따른 영업자 회수",N,20240422000000,20240328,201801536,4938700407,"8800536007007,8800536007014,8800536007021,8800536007038",
"바소빅스정(클로피도그렐황산염)","구주제약(주)","시판후 안정성 시험 중 기타 유연물질 기준  초과에 따른 영업자 회수",N,20240502000000,20240328,201308626,1248136268,"8806698042801,8806698042818,8806698042825",
"클로피드정(클로피도그렐황산염)","부광약품(주)","시판후 안정성 시험 중 기타 유연물질 기준  초과에 따른 영업자 회수",N,20240603000000,20240328,200503302,1188100450,"8806422034102,8806422034119,8806422034126,8806625016608,8806625016615,8806625016622",
"클로드정75밀리그램(클로피도그렐황산염)","(주)이든파마","시판후 안정성 시험에서 기타 유연물질 기준 초과 우려에 따른 영업자 회수",N,20240424000000,20240328,201405255,2648120986,"8806289003006,8806289003013,8806289003020,8806289003037",
"케이그렐정(클로피도그렐황산염)","한국코러스(주)","시판후 안정성 시험에서 기타 유연물질 기준 초과 우려에 따른 영업자 회수",N,20240424000000,20240328,201402838,2058140116,"8806472036804,8806472036811,8806472036828",
"플라벨정(클로피도그렐황산수소염)","(주)서울제약","시판후 안정성 시험에서 기타 유연물질 기준 초과 우려에 따른 영업자 회수",N,20240424000000,20240328,200701189,1338130405,"8806529008907,8806529008914,8806529008921,8806529008938",
"크린아이액(염화나트륨)(수출명:cleaneye)","주식회사 케이앤제이씨","미생물 한도",N,20240404000000,20240328,200806248,1298175306,"",
"드림아이에스액(20%염산폴리헥사메칠렌비구아니드)","제이케이제약(주)","미생물 한도",Y,20240404000000,20240328,201400786,4098628795,"",
"클로본스정(클로피도그렐황산염)","대웅바이오(주)","시판후 안정성 시험 중 기타 유연물질 기준  초과에 따른 영업자 회수",N,20240429000000,20240325,200608465,1248677584,"8806684000709,8806940000900,8806940000917,8806940000924",
"바른황백","(주)바른한방제약","품질부적합(성상)",Y,20240408000000,20240319,201605969,2338107882,"8800631003805,8800631003812,8800631003829,8800631003836,8800631003843,8800631003850,8800631003867",
"1.그린후레쉬손소독청결제후레쉬겔(에탄올) 2.르몽드베르손소독청결제후레쉬겔(에탄올), 3.르몽드베르핸드세니타이져겔(에탄올)","씨앤앤코스메틱(주)","품질부적합(함량)",Y,20240522000000,20240319,200907846,1078176019,"",
"현진독활","(주)현진제약","이산화황",Y,20240405000000,20240318,200504532,2048189192,"8800648022509,8800648022516,8800648022523,8800648022530,8800648022547,8800648022554",
"나음파극천","(주)나음제약","중급속(납)",Y,20240405000000,20240318,201904982,2828601283,"8800645017003,8800645017010,8800645017027,8800645017034",
"다콤시타정10/100밀리그램(다파글리플로진, 시타글립틴)","광동제약(주)","불순물(NTTP) 초과 검출 우려에 따른 사전예방적  조치로 시중 유통품에 대해 영업자 회수",N,20240422000000,20240304,202300417,1138108888,"8806418072002,8806418072019",
"엔탭허브백부근","(주)엔탭허브","중금속(카드뮴)",Y,20240315000000,20240304,201900476,3308101200,"8800626010009,8800626010016,8800626010023",
"슈가맥스정10/100밀리그램","(주)새한제약","불순물(NTTP) 초과 검출 우려에 따른 사전예방적  조치로 시중 유통품에 대해 영업자 회수",N,20240307000000,20240227,202200500,1258103547,"8806513009705,8806513009712,8806513009729",
"플로시타정10/100밀리그램(다파글리플로진, 시타글립틴)","(주)넥스팜코리아","불순물(NTTP) 초과 검출 우려에 따른 사전예방적 조치로 시중 유통품에 대한 영업자회수",N,20240312000000,20240226,202300910,3018125427,"8806625048500,8806625048517",
"록소리스정(록소프로펜나트륨수화물)","(주)동구바이오제약","허가사항과 다르게 제조",Y,20240710000000,20240226,201206759,1248533615,"8806573058408,8806573058415,8806573058422",
"글리파엠정2/500밀리그램","(주)동구바이오제약","허가사항과 다르게 제조",Y,20240710000000,20240226,201109280,1248533615,"8806573057302,8806573057319,8806573057326,8806573057333,8806573057340",
"다존 입체황사마스크(KF94)","주식회사케이씨테크","품질 부적합(분진포집효율(염화나트륨, 파라핀오일))",Y,20240316000000,20240224,201803713,3688801301,"",
"금아라피네미세먼지황사방역마스크(KF94)(대형,중형)(흰색,검정색,연한황색,상아색,분홍색,연한분홍색,노란색)","금아일렉트론(주)","품질 부적합(분진포집효율(염화나트륨, 파라핀오일))",Y,20240316000000,20240224,202202887,1138624618,"",
"유시다파정10/100밀리그램(다파글리플로진,시타글립틴)","(주)유영제약","불순물(NTTP) 초과 검출 우려에 따른 사전예방적 조치로 시중 유통품에 대한 영업자회수",N,"",20240223,202300381,3018109728,"8806482046800,8806482046817",
"에이다파시타듀오정10/100밀리그램","안국약품(주)","불순물(NTTP) 초과 검출 우려에 따른 사전예방적 조치로 시중 유통품에 대해 영업자 회수",N,20240315000000,20240222,202300306,1188104188,"8806502060007,8806502060014",
"베노플러스겔(수출명:베노포르테겔,트롬보실겔)","(주)유유제약","직접 용기 불량으로 누액 발생에 따른 영업자회수",N,20240328000000,20240219,198700152,1238101790,"8806445007800,8806445007817,8806445007824,8806445007831,8806445007848",198700152
"나누당시가정10/100밀리그램","한국휴텍스제약(주)","불순물(NTTP) 초과 검출 우려에 따른 사전예방적 조치로 시중 유통품에 대해 영업자 회수",N,20240311000000,20240219,202300302,1128122382,"8806491057200,8806491057217",
"젠시가에스정10/100밀리그램(다파글리플로진,시타글립틴)","알보젠코리아(주)","안정성시험(장기, 가속)결과, 불순물(NTTP) 초과 검출에 따른 사전예방적 조치로 시중 유통품에 대해 영업자 회수",N,20240321000000,20240219,202300072,2158121950,"8806526071805,8806526071812",
"자누스틴듀오정10/100밀리그램","(주)경보제약","불순물(NTTP) 초과 검출 우려에 따른 사전예방적 조치로 시중 유통품에 대한 영업자회수",N,20240327000000,20240219,202300384,3128104567,"8806650032406,8806650032413",
"조화음양곽","(주)조화제약","정량법",Y,20240306000000,20240216,201006223,1328625049,"8800700011601,8800700011618,8800700011625,8800700011632",
"허브팜방풍","(주)허브팜","이산화황",Y,20240229000000,20240216,200505029,1328180770,"8800665005301,8800665005318,8800665005325,8800665005332",
"허브팜절패모","(주)허브팜","카드뮴",Y,20240229000000,20240216,200505078,1328180770,"8800665009606,8800665009613,8800665009620,8800665009637,8800665009644",
"허브팜천문동","(주)허브팜","이산화황",Y,20240229000000,20240216,200505043,1328180770,"8800665006506,8800665006513,8800665006520,8800665006537",
"메디카미녹시딜정(미녹시딜)","(주)메디카코리아","의약품 동등성 재평가 결과(생물학적동등성 미입증)에 따라 시중 유통품에 대한 영업자 회수",N,20240219000000,20240208,202105435,1208165228,"8806460053608,8806460053615,8806460053622",
"경동판테놀연고(덱스판테놀)","경동제약(주)","성상변화(변색)에 따른 시중 유통품에 대한 영업자 회수",N,20240307000000,20240207,202107682,1248135518,"8806481047303,8806481047310",202107682
"유니미녹시딜정","한국유니온제약(주)","‘생동시험 결과(비동등)에 대한 조치’에 따라 시중 유통품에 대한 영업자 회수",N,20240208000000,20240207,202102018,6078121765,"8806655082703,8806655082710,8806655082727",
"모모시딜정(미녹시딜)","주식회사더유제약","‘생동시험 결과(비동등)에 대한 조치’에 따라 시중 유통품에 대한 영업자 회수",N,20240305000000,20240207,202103151,1138669177,"8800570016201,8800570016218,8800570016225",
"현진반하","(주)현진제약","이산화황",Y,20240305000000,20240205,200504475,2048189192,"8800648004307,8800648004314,8800648004321,8800648004338,8800648004345,8800648004352",
"다파진에스듀오정10/100밀리그램(다파글리플로진,시타글립틴)","경동제약(주)","안정성시험(장기보존, 가속)결과, 불순물(NTTP)  초과 검출에 따른 사전예방적 조치로 시중  유통품에 대해 영업자 회수",N,20240304000000,20240201,202301844,1248135518,"8806481049109,8806481049116",
"스피리바레스피맷(티오트로퓸브롬화물수화물)","한국베링거인겔하임(주)","카트리지(다회용) 내 약물표시기 결함",N,20240228000000,20240129,200811444,1068108804,"8806535008601,8806535008618,8806535008625,8806535008632",
"녹십자-알부민주20%(사람혈청알부민)[수출명: 볼루민20%(100㎖),알부맥스20%(50㎖)-케이지씨씨,알부미나20%(50㎖),지씨피디알부민주20%(50㎖),바바이오텍-알부민20%,알부셀,휴먼알부민아이피/이피20%(100㎖),알부민주 20%-지씨씨,알부미나 세리카 휴마나 20% 50ml 솔루시옹 인엑터블,알부민 지씨씨,알부벳 20%,휴민 20,알부렌]","(주)녹십자","주사제 내용물의 응고 현상에 따른 영업자회수",N,20240208000000,20240124,200403367,3038117108,"8806436004603,8806436004610,8806436004627,8806436004702,8806436004719,8806436004726",
"제일글리시진주","제일약품(주)","성상 변화(침전물) 우려에 따른 영업자 회수",N,20240307000000,20240123,201606258,2428500620,"8806454048405,8806454048412,8806454048429,8806454048436",
"엔탭허브곡기생","(주)엔탭허브","성상",Y,20240131000000,20240123,201900501,3308101200,"8800626002400,8800626002417,8800626002424",
"다온백강잠","농업회사법인다온허브주식회사","품질부적합(성상)",Y,20240222000000,20240123,201107917,3268101725,"8800633002509,8800633002516,8800633002523,8800633002530",
"씨케이사인","씨케이(주)","품질부적합(성상)",Y,20240222000000,20240123,200612477,2048123491,"8800619008709,8800619008716,8800619008723,8800619008730,8800619008747",
"나눔수질","나눔제약주식회사","중금속(비소) 부적합",Y,20240123000000,20240118,201905198,5058176945,"8800610018608,8800610018615,8800610018622,8800610071504,8800610071511,8800610071528",
"스폴론정(메틸프레드니솔론)","경동제약(주)","타사의 제품*에 자사 포장재가 사용된 1병 발견에 따른 영업자 회수  *주성분·첨가제의 종류, 함량이 동일한 제품(제이더블유신약(주) ‘피디정’)",N,20240304000000,20240118,201403152,1248135518,"8806481034105,8806481034112,8806481034129,8806481034136",
"아세크로나정(아세클로페낙)","삼성제약(주)","제품의 용기 내 타사 제품* 혼입에 따른 영업자 회수 *주성분·첨가제의 종류, 함량이 동일한 제품 [천우신약(주)-툴스페낙정100밀리그램(아세클로페낙)]",N,20240318000000,20240118,200400225,2078100726,"8806423026106,8806423026113,8806423026120,8806423026137",
"에리스정(에페리손염산염)","미래바이오제약(주)","품질부적합(용출시험)",Y,20240219000000,20240112,201306044,1258139744,"8806575025507,8806575025514,8806575025521,8806575025538,8806575025545,8806575025552",
"다이야펜정400밀리그램(이부프로펜)","미래바이오제약(주)","품질부적합(유연물질)",Y,20240315000000,20240112,199102092,1258139744,"8806575001907,8806575001914,8806575001921,8806575001938,8806575001945,8806575001952,8806575001969,8806575001976,8806575001983,8806575001990,8806575040814",199102092
"리코리스주","대한뉴팜(주)","성상 변화(침전물) 우려에 따른 영업자 회수",N,20240226000000,20240111,200805539,2298110729,"8806699047300,8806699047317,8806699047324,8806699047331,8806699047348,8806699062808,8806699062815,8806699062822,8806699062839,8806699062846",
"태흥스왑(에탄올)","태흥메디칼","품질검사 미실",Y,20240217000000,20240110,201303593,3123298510,"",
"트로앤텍트로키(오렌지), 트로앤텍트로키(페퍼민트)","동국제약(주)","금속 이물 혼입에 따른 영업자회수",N,20240125000000,20240103,202100082,3018508241,"8806534048509,8806534048516,8806534048523",202100082
"이토정(이토프리드염산염)","(주)파마킹","허가(신고)사항과 다르게 제조한 원료 사용 완제의약품 영업자회수",N,20240202000000,20240103,200600427,1298107322,"8806523004202,8806523004219,8806523004226,8806523004233",
"카디론정(카르베딜롤)","대우제약(주)","허가사항과 다르게 제조한 원료 사용 완제의약품 영업자 회수",N,20240103000000,20240103,200400683,6038109769,"8806496019609,8806496019616,8806496019623",
"자니틴정150밀리그램(니자티딘)","경동제약(주)","안정성시험(장기보존)결과(NDMA초과검출)에 따라 사전예방적 조치로 시중 유통품에 대해 영업자 회수",N,20240110000000,20240102,200201865,1248135518,"8806481017306,8806481017313,8806481017320,8806481017337,8806481017344",
"딜라돌정25밀리그램(카르베딜롤)","부광약품(주)","허가사항과 다르게 제조한 원료 사용 완제의약품 영업자 회수",N,20240109000000,20240102,200301305,1188100450,"8806422001708,8806422001715",
"본에이드정70밀리그램(알렌드론산나트륨수화물)","(주)동구바이오제약","허가사항과 다르게 제조한 원료 사용 완제의약품 영업자 회수",N,20240307000000,20240102,200501339,1248533615,"8806573020009,8806573020016,8806573020023",
"1.메디랩드레싱(멸균반창고(1회용)), 2.메디랩드레싱베이지(멸균반창고(1회용))","(주)아텍스(Atex.co.,Ltd)","형상(패드 폭) 품질부적합",Y,20240129000000,20231229,201801711,1108175321,"",
"성십자탄력붕대에이","성십자(주)","품질부적합(성상(사수))",Y,20240217000000,20231228,201500243,3078102174,"",
"엘록테이트주[에프모록토코그알파(혈액응고인자VIII-Fc융합단백, 유전자재조합)]","(주)사노피-아벤티스코리아","자진회수",N,"",20231222,201706864,2208100544,"8806520011609,8806520011616,8806520011708,8806520011715,8806520011807,8806520011814,8806520011906,8806520011913,8806520012002,8806520012019,8806541009302,8806541009319,8806541009401,8806541009418,8806541009500,8806541009517,8806541009609,8806541009616,8806541009708,8806541009715",
"성진붕대3호","성진양행","형상(길이) 부적합",Y,20240129000000,20231222,197400555,1553300157,"",
"몰시톤정4밀리그램(몰시도민)","에리슨제약(주)","안정성시험(장기)결과 NMOR(N-니트로소몰포린) 초과검출에 따라 사전 예방적 조치로 영업자 회수",N,20240129000000,20231220,199802244,1248707538,"8806205000508,8806205000515,8806205000522,8806205000539,8806205000546,8806205000553,8806205000560,8806533001901,8806533001918",
"신라의료용산소","(주)신라충전소","유효기간 만료 및 거짓작성",Y,"",20231218,201801780,5138181769,"",
"바른종대황","(주)바른한방제약","품질부적합(회분)",Y,20240108000000,20231215,202301075,2338107882,"8800631019806,8800631019813,8800631019820,8800631019837,8800631019844,8800631019851,8800631019868",
"화림만형자","(주)화림제약","중금속(납) 시험 부적합",Y,20231218000000,20231213,199806073,6178137172,"8800661006500,8800661006517,8800661006524",
"화림국화","(주)화림제약","중금속(카드뮴) 시험 부적합",Y,20231218000000,20231213,201804083,6178137172,"8800661016004,8800661016011",
"화림오약","(주)화림제약","중금속(카드뮴) 시험 부적합",Y,20231218000000,20231213,199604484,6178137172,"8800661009600,8800661009617,8800661009624",
"한일거즈붕대-에이","한일양행(주)","품질부적합(형상시험(길이, 사수), 중량)",Y,20240304000000,20231213,201508216,3128146529,"",
"한일양행면고무탄력붕대","한일양행(주)","품질부적합(형상시험(사수), 중량 )",Y,20240304000000,20231213,200508739,3128146529,"",
"광덕제약상심자","농업회사법인(주)광덕","품질부적합(이산화황)",Y,20231227000000,20231213,201501206,3058627965,"8800609010606,8800609010613,8800609010620",
"모드나캡슐","초당약품공업(주)","성상변화(변색)에 따른 시중 유통품에 대해 영업자 회수",N,20240108000000,20231211,200902909,1138115303,"8806707013204,8806707013211,8806707013228,8806707013235",200902909
"스토제정(스트렙토키나제·스트렙토도르나제)","조아제약(주)","‘스트렙토키나제·스트렙토도르나제’ 제제에 대한 재평가 결과, 유용성이 인정되지 않음",Y,20231212000000,20231207,201502963,6088124071,"8806446031408,8806446031415",
"세라타제정(스트렙토키나제,스트렙토도르나제)","대우제약(주)","‘스트렙토키나제·스트렙토도르나제’ 제제에 대한 재평가 결과, 유용성이 인정되지 않음",Y,20231211000000,20231207,199600683,6038109769,"8806496012709,8806496012716,8806496012723,8806496012730,8806496012747,8806496012754,8806496012761,8806496012778",
"삼화알렌드론산나트륨(원료)","(주)삼화바이오팜","허가(신고)사항과 다르게 제조",Y,20240108000000,20231206,200004277,1358101508,"",
"삼화이토프리드염산염(원료)","(주)삼화바이오팜","허가(신고)사항과 다르게 제조",Y,20240108000000,20231206,201002148,1358101508,"",
"삼화브롬화옥틸로늄","(주)삼화바이오팜","허가(신고)사항과 다르게 제조",Y,20240108000000,20231206,199704709,1358101508,"",
"슈트렙토정(스트렙토키나제·스트렙토도르나제)","한국유니온제약(주)","‘스트렙토키나제·스트렙토도르나제’ 제제에 대한 재평가 결과 유용성 불인정",Y,20240109000000,20231206,201309484,6078121765,"8806655064808,8806655064815",
"프로다제정(스트렙토키나제·스트렙토도르나제)","한국프라임제약(주)","스트렙토키나제.스트렙토도르나제 제제에 대한 재평가 결과, 유용성이 인정되지 않음",Y,20240202000000,20231206,201207595,4028524506,"8806636055306,8806636055313,8806636055320,8806636055337",
"스토나제정(스트렙토키나제ㆍ스트렙토도르나제)","메딕스제약(주)","스트렙토키나제.스트렙토도르나제 제제에 대한 재평가 결과, 유용성이 인정되지 않음",Y,20240205000000,20231206,201403964,4088168921,"8806258002306,8806258002313",
"바나제정(스트렙토키나제및스트렙토도르나제)","알보젠코리아(주)","‘스트렙토키나제·스트렙토도르나제’ 제제에  대한 재평가 결과, 유용성 미입증",Y,20240108000000,20231205,199001735,2158121950,"8806493003809,8806493003816,8806493003823,8806526042201,8806526042218,8806526042225,8806559040700,8806559040717,8806559040724",
"바로타제정","삼천당제약(주)","‘스트렙토키나제·스트렙토도르나제’ 제제에  대한 재평가 결과, 유용성 미입증",Y,20240110000000,20231205,199200935,1248104295,"8806512004701,8806512004718,8806512004725,8806512004732",
"뮤코라제정(스트렙토키나제.스트렙토도르나제분말)","한미약품(주)","‘스트렙토키나제·스트렙토도르나제’ 제제에  대한 재평가 결과, 유용성 미입증",Y,20240102000000,20231205,199202071,1248700613,"8806435010704,8806435010711,8806435010728,8806435010735,8806435010742,8806435010759,8806435010766",
"뮤타제정(스트렙토키나제,스트렙토도르나제)[수출명:엠-탈스정(M-TALS Tab)(Streptokinase, Streptodornase)","고려제약(주)","‘스트렙토키나제·스트렙토도르나제’ 제제에  대한 재평가 결과, 유용성 미입증",Y,20240108000000,20231205,199501577,1268104796,"8806428006509,8806428006516,8806428006523,8806428006530,8806428006547,8806428006554,8806428006561,8806428006578",
"레토나제정","위더스제약(주)","‘스트렙토키나제·스트렙토도르나제’ 제제에  대한 재평가 결과, 유용성 미입증",Y,20240311000000,20231205,199504332,1258522182,"8806607002803,8806607002810,8806607002827,8806607002834,8806607002841",
"레오다제정(스트렙토키나제.스트렙토도르나제)","신풍제약(주)","‘스트렙토키나제·스트렙토도르나제’ 제제에  대한 재평가 결과, 유용성 미입증",Y,20231214000000,20231205,199600048,1348103819,"8806485004609,8806485004616,8806485004623,8806485004630",
"스피다제정(스트렙토키나제·스트렙토도르나제)","(주)동구바이오제약","‘스트렙토키나제·스트렙토도르나제’ 제제에  대한 재평가 결과, 유용성 미입증",Y,20240311000000,20231205,200903245,1248533615,"8806573046207,8806573046214,8806573046221",
"리오다제정(스트렙토키나제·스트렙토도르나제)","(주)테라젠이텍스","‘스트렙토키나제·스트렙토도르나제’ 제제에  대한 재평가 결과, 유용성 미입증",Y,20231212000000,20231205,201003370,1348545665,"8806545029603,8806985010001,8806985010025,8806985010032,8806985010049",
"스키나제정(스트렙토키나제·스트렙토도르나제)","영진약품(주)","‘스트렙토키나제·스트렙토도르나제’ 제제에  대한 재평가 결과, 유용성 미입증",Y,20240112000000,20231205,201303030,2188100352,"8806424036302,8806424036319,8806424036326,8806424036333",
"트리나제정(스트렙토키나제·스트렙토도르나제)","국제약품(주)","‘스트렙토키나제·스트렙토도르나제’ 제제에  대한 재평가 결과, 유용성 미입증",Y,20240213000000,20231205,201303032,2078100309,"8806437036207,8806437036214",
"스파라제정(스트렙토키나제ㆍ스트렙토도르나제)","태극제약(주)","‘스트렙토키나제·스트렙토도르나제’ 제제에  대한 재평가 결과, 유용성 미입증",Y,20231212000000,20231205,201309126,1248134163,"8806448061007,8806448061014,8806998007906,8806998007913",
"도키나제정(스트렙토키나제ㆍ스트렙토도르나제)","경동제약(주)","‘스트렙토키나제·스트렙토도르나제’ 제제에  대한 재평가 결과, 유용성 미입증",Y,20231212000000,20231205,201309460,1248135518,"8806481033306,8806481033313",
"스레토정(스트렙토키나제·스트렙토도르나제)","오스틴제약(주)","‘스트렙토키나제·스트렙토도르나제’ 제제에  대한 재평가 결과, 유용성 미입증",Y,20231212000000,20231205,201309553,1248117301,"8806543048002,8806543048019,8806543048026",
"스토젠정(스트렙토키나제·스트렙토도르나제)","아주약품(주)","‘스트렙토키나제·스트렙토도르나제’ 제제에  대한 재평가 결과, 유용성 미입증",Y,20240108000000,20231205,201309566,8028803696,"8806540043901,8806540043918",
"뮤리나제정(스트렙토키나제·스트렙토도르나제)","대원제약(주)","‘스트렙토키나제·스트렙토도르나제’ 제제에  대한 재평가 결과, 유용성 미입증",Y,20231212000000,20231205,201309738,2078136336,"8806718056306,8806718056313",
"두리다제정(스트렙토키나제·스트렙토도르나제)","제이더블유신약(주)","‘스트렙토키나제·스트렙토도르나제’ 제제에  대한 재평가 결과, 유용성 미입증",Y,20240108000000,20231205,201309888,3128102332,"8806441023408,8806441023415,8806441023422",
"키도라제정(스트렙토키나제·스트렙토도르나제)","한국휴텍스제약(주)","‘스트렙토키나제·스트렙토도르나제’ 제제에  대한 재평가 결과, 유용성 미입증",Y,20240108000000,20231205,201401051,1128122382,"8806491023007,8806491023014",
"세틸라제정10밀리그램(스트렙토키나제.스트렙토도르나제)","환인제약(주)","‘스트렙토키나제·스트렙토도르나제’ 제제에  대한 재평가 결과, 유용성 미입증",Y,20231212000000,20231205,201402804,2158136171,"8806572027108,8806572027115,8806572027122,8806572027139",
"세토나제정(스트렙토키나제·스트렙토도르나제)","(주)비보존제약","‘스트렙토키나제·스트렙토도르나제’ 제제에  대한 재평가 결과, 유용성 미입증",Y,20240108000000,20231205,201502471,1248199564,"8806582028003,8806582028010,8806582028027",
"바다라제정(스트렙토키나제·스트렙토도르나제)","하나제약(주)","‘스트렙토키나제·스트렙토도르나제’ 제제에  대한 재평가 결과, 유용성 미입증",Y,20240213000000,20231205,201508440,1248137632,"8806578057406,8806578057413",
"세로나제정","이연제약(주)","‘스트렙토키나제·스트렙토도르나제’ 제제에 대한 재평가 결과, 유용성이 인정되지 않음",Y,20231215000000,20231205,198800175,3018505394,"8806586004904,8806586004911,8806586004928,8806586004935",
"듀오나제정(스트렙토키나제·스트렙토도르나제)(수출명:코오롱듀오나제정)","코오롱제약(주)","‘스트렙토키나제·스트렙토도르나제’ 제제에 대한 재평가 결과, 유용성이 인정되지 않음",Y,20231215000000,20231205,199600616,3068507363,"8806703001601,8806703001618,8806703001625,8806703001632,8806703001649",
"베라제정(스트렙토키나제·스토렙토도르나제)","한국넬슨제약(주)","‘스트렙토키나제·스트렙토도르나제’ 제제에 대한 재평가 결과, 유용성이 인정되지 않음",Y,20231215000000,20231205,199602023,3038111410,"8806567008501,8806567008518,8806567008525,8806567008532,8806567008549,8806567008556",
"바리다제정(스트렙토키나제,스트렙토도르나제)(군납명:스트렙토키나제-스트렙토도르나제정12500단위)","에스케이케미칼(주)","‘스트렙토키나제·스트렙토도르나제’ 제제에 대한 재평가 결과, 유용성이 인정되지 않음",Y,20231215000000,20231205,200501788,8468100915,"8806447006207,8806447006214,8806447006221,8806447006238",
"킨도라제정(스트렙토키나제스트렙토도르나제)","(주)티디에스팜","‘스트렙토키나제·스트렙토도르나제’ 제제에 대한 재평가 결과, 유용성이 인정되지 않음",Y,20231215000000,20231205,200608454,3038134897,"8806717015007,8806717015014,8806717015021,8806798013909,8806798013916,8806798013923",
"뮤토나제정","신일제약(주)","‘스트렙토키나제·스트렙토도르나제’ 제제에 대한 재평가 결과, 유용성이 인정되지 않음",Y,20231215000000,20231205,201303035,3038113742,"8806538048307,8806538048314",
"스키다제정(스트렙토키나제·스트렙토도르나제)","(주)경보제약","‘스트렙토키나제·스트렙토도르나제’ 제제에 대한 재평가 결과, 유용성이 인정되지 않음",Y,20231215000000,20231205,201308195,3128104567,"8806650017502,8806650017519",
"글로나제정(스트렙토키나제·스트렙토도르나제)","(주)킵스바이오파마","‘스트렙토키나제·스트렙토도르나제’ 제제에 대한 재평가 결과, 유용성이 인정되지 않음",Y,20231215000000,20231205,201308889,2098126571,"8806932009201,8806932009218,8806932009225",
"뮤로다제정(스트렙토키나제·스트렙토도르나제)","삼남제약(주)","‘스트렙토키나제·스트렙토도르나제’ 제제에 대한 재평가 결과, 유용성이 인정되지 않음",Y,20231215000000,20231205,201400200,3058118345,"8806537020106,8806537020113,8806537020120",
"키아제정(스트렙토키나제·스트렙토도르나제)","(주)제뉴파마","‘스트렙토키나제·스트렙토도르나제’ 제제에 대한 재평가 결과, 유용성이 인정되지 않음",Y,20240105000000,20231205,201402711,7338802047,"8806980024102,8806980024119,8806980024126,8806980024133",199600367
"알리나제정(스트렙토키나제·스트렙토도르나제)","알리코제약(주)","‘스트렙토키나제·스트렙토도르나제’ 제제에 대한 재평가 결과, 유용성이 인정되지 않음",Y,20231215000000,20231205,201403934,1348115033,"8806560036808,8806560036815",
"누제정(스트렙토키나제.스트렙토도르나제)","유니메드제약(주)","‘스트렙토키나제·스트렙토도르나제’ 제제에 대한 재평가 결과, 유용성이 인정되지 않음",Y,20231215000000,20231205,201502379,3128109048,"8806495064303,8806495064310,8806495064327",
"벨록사액상주5mg/mL(옥살리플라틴)","(주)종근당","안정성시험 중 일부 항목(특이성 불순물) 부적합(우려)에 따른 영업자회수",N,20240103000000,20231205,200800495,3128560679,"8806433045401,8806433045418,8806433073503,8806433073510,8806433073602,8806433073619",
"케타바실액(벤잘코늄염화물),맨솔액(벤잘코늄염화물),푸조메(벤잘코늄염화물)","제이케이제약(주)","자진회수",N,20240103000000,20231204,201505711,4098628795,"",
"포타겔현탁액(디옥타헤드랄스멕타이트)","대원제약(주)","품질부적합 우려(미생물한도)에 따라 사전예방적 조치로 시중 유통품에 대해 영업자 회수",N,20240108000000,20231124,200201403,2078136336,"8806718034304,8806718034311,8806718034328,8806718034335,8806718034342,8806718034359,8806718034366,8806718034373,8806718034380,8806718034397,8806718034410,8806718034427,8806718034434,8806718034441",200201403
"바른창출","(주)바른한방제약","품질 부적합(확인시험, 순도시험4))",Y,20231122000000,20231122,201605871,2338107882,"8800631000309,8800631000316,8800631000323,8800631000330,8800631000347,8800631000354,8800631000361",
"포타겔현탁액(디옥타헤드랄스멕타이트)","대원제약(주)","품질부적합(미생물한도)",Y,20231219000000,20231122,200201403,2078136336,"8806718034304,8806718034311,8806718034328,8806718034335,8806718034342,8806718034359,8806718034366,8806718034373,8806718034380,8806718034397,8806718034410,8806718034427,8806718034434,8806718034441",200201403
"씨케이천남성","씨케이(주)","품질부적합(중금속(카드뮴 기준초과 ) 결과 0.6ppm 기준 0.3ppm",Y,20231220000000,20231121,200612450,2048123491,"8800619014106,8800619014113,8800619014120,8800619014137",
"현진복분자","(주)현진제약","성상",Y,20231218000000,20231121,200504575,2048189192,"8800648007001,8800648007018,8800648007025,8800648007032",
"현진골쇄보","(주)현진제약","확인시험",Y,20231218000000,20231120,200504652,2048189192,"8800648002006,8800648002013,8800648002020,8800648002037,8800648002044,8800648002051,8800648002068",
"동양숙지황","(주)동양한방제약","함량",Y,20240115000000,20231120,200707258,2318107095,"8800684000103,8800684000110,8800684000127,8800684000134,8800684000141,8800684000158,8800684000165,8800684000172",
"케타바실액(벤잘코늄염화물),맨솔액(벤잘코늄염화물),푸조메(벤잘코늄염화물)","제이케이제약(주)","성상 부적합",Y,20231205000000,20231110,201505711,4098628795,"",
"쏘피 바디피트 볼록맞춤 오버나이트","엘지유니참(주)","이물 혼입",N,20231115000000,20231109,201801598,5138108259,"",
"1.퓨어리퍼블릭황사방역마스크(KF94)(흰색)(대형), 2.퓨어리퍼블릭황사방역마스크(KF94)(흰색)(소형), 3.퓨어리퍼블릭황사방역마스크(KF94)(흰색)(초소형), 4.퓨어리퍼블릭황사방역마스크(KF94)(검정색)(대형), 5.퓨어리퍼블릭황사방역마스크(KF94)(검정색)(소형), 6.퓨어리퍼블릭황사방역마스크(KF94)(검정색)(초소형), 7.퓨어리퍼블릭황사방역마스크(KF94)(회색)(대형), 8.퓨어리퍼블릭황사방역마스크(KF94)(회색)(소형), 9.퓨어리퍼블릭황사방역마스크(KF94)(공룡무늬)(소형)","주식회사퓨어리퍼블릭","품질부적합(분진포집효율)",Y,20231110000000,20231106,202104673,8978801963,"",
"파모접이형(KF94)(흰색, 검정색)(대형)","주식회사파모","품질 부적합(분진포집효율)",Y,20231110000000,20231106,202001242,8168701346,"",
"온장환","한국신텍스제약(주)","허가(신고)사항과 다르게 제조",Y,20231219000000,20231106,199801754,6138163381,"8806230005400,8806230005417,8806230005424,8806230005431,8806230005448,8806230005455,8806230005462,8806230005479,8806528033108,8806528033115,8806528033122,8806528033139,8806528033146,8806528033153,8806528033160",
"신텍스연년익수불로단","한국신텍스제약(주)","허가(신고)사항과 다르게 제조",Y,20231219000000,20231106,199001411,6138163381,"8806230012804,8806230012811,8806230012828,8806230012835,8806230012842,8806230012859,8806230012866,8806230012873,8806230012880,8806230012897,8806230045611,8806230045628,8806230045635,8806230045642,8806230045659,8806230045666,8806528017900,8806528017917,8806528017924,8806528017931",
"신텍스청신환(연라환)","한국신텍스제약(주)","허가(신고)사항과 다르게 제조",Y,20231219000000,20231106,198501005,6138163381,"8806230010305,8806230010312,8806230010329,8806230010336,8806230010343,8806230010350,8806230010367,8806230010374,8806230010381,8806230010398,8806230041019,8806528025608,8806528025615,8806528025622,8806528025639,8806528025646,8806528025653",
"위력환(향사평위산)","한국신텍스제약(주)","허가(신고)사항과 다르게 제조",Y,20231219000000,20231106,200401962,6138163381,"8806230039306,8806230039313,8806230039320,8806230039337,8806230039344,8806230039351,8806230039368,8806528034907,8806528034914",
"신텍스청기환(천왕보심단)","한국신텍스제약(주)","허가(신고)사항과 다르게 제조",Y,20231219000000,20231106,198801365,6138163381,"8806230000108,8806230000115,8806230000122,8806230000139,8806230000146,8806230000153,8806230000160,8806230000177,8806230000184,8806230000191,8806230042313,8806230042320,8806230042337,8806230042344,8806230042351,8806230042368,8806230042375,8806230042382,8806230042399,8806230049619,8806230049626,8806230049633,8806528025004,8806528025011,8806528025028,8806528025035,8806528025042,8806528025059",
"영수환","한국신텍스제약(주)","허가(신고)사항과 다르게 제조",Y,20231219000000,20231106,199901848,6138163381,"8806230000405,8806230000412,8806230000429,8806230000436,8806230000443,8806230000450,8806230000467,8806230000474,8806230000481,8806528032705,8806528032712,8806528032729,8806528032736,8806528032743,8806528032750,8806528032767",
"노박깨끗한손소독제겔(에탄올)","허브홀딩스","품질부적합(함량)",Y,20240516000000,20231102,202007553,7432201243,"",
"이연트롬빈동결건조분말5000단위","이연제약(주)","동일 제품 중 라벨 제조번호 일부 오기재 함에 따른 영업자회수",N,20231130000000,20231101,198700108,3018505394,"8806586015603,8806586015610,8806586015627,8806586015634",
"현진지룡","(주)현진제약","중금속(비소)",Y,20231204000000,20231101,200504545,2048189192,"8800648015204,8800648015211,8800648015228,8800648015235",
"조화지룡","(주)조화제약","중금속(비소)",Y,20231130000000,20231101,201106087,1328625049,"8800700012608,8800700012615,8800700012622,8800700012639",
"경진 육미지황탕엑스과립","경진제약(주)","품질 부적합(확인시험(복령))",Y,20231108000000,20231101,199803363,5768601892,"8806604000802,8806604000819,8806604000826,8806604000833,8806604000840",
"유바이오미세먼지방역마스크(KF94)(중형)","(주)유바이오시스","분진포집효율",Y,20231108000000,20231027,202104491,1298651560,"",
"현진울금","(주)현진제약","성상",Y,20231106000000,20231026,200504679,2048189192,"8800648012302,8800648012319,8800648012326,8800648012333",
"씨케이육두구","씨케이(주)","품질부적합(성상)",Y,20231116000000,20231025,200701113,2048123491,"8800619016209,8800619016216,8800619016223,8800619016230",
"티티베연고0.25%(프레드니카르베이트)","한미약품(주)","용기불량으로 인한 누설 우려에 따른 영업자 회수",N,20231207000000,20231024,200202197,1248700613,"8806435031501,8806435031518,8806435031525",
"모드콜코프시럽","(주)종근당","품질부적합(성상)",Y,20231017000000,20231011,202203444,3128560679,"8806433090609,8806433090616,8806433090623,8806433090708,8806433090715,8806433090722",202203444
"모드콜콜드시럽","(주)종근당","품질부적합(성상)",Y,20231017000000,20231011,202203513,3128560679,"8806433090401,8806433090418,8806433090425,8806433090500,8806433090517,8806433090524",202203513
"영천약초도매시장독활","영천약초도매시장주식회사","성상(기원식물) 부적합",Y,20231020000000,20231011,201503360,3538100034,"8800651005605,8800651005612,8800651005629,8800651005636,8800651005643,8800651005650",
"로수탄젯정10/10밀리그램","동국제약(주)","타 제품 일부 혼입에 따른 영업자회수",N,20231103000000,20231010,201606049,3018508241,"8806534037404,8806534037411",
"에제틴정10밀리그램(에제티미브)","(주)넥스팜코리아","품질부적합(용출시험)",Y,20231025000000,20230926,201802161,3018125427,"8806625039409,8806625039416,8806625039423,8806625039430",
"올본목적","주식회사올본","산불용성회분",Y,20231004000000,20230926,201903940,4858801436,"8800612008102,8800612008119,8800612008126",
"올본음양곽","주식회사올본","정량법",Y,20231004000000,20230926,201904103,4858801436,"8800612014202,8800612014219,8800612014226",
"풍산몰약","풍산주식회사","회분 및 산불용성회분 부적합",Y,20230927000000,20230918,200105262,5088102535,"8800679003102,8800679003119,8800679003126",
"닥터엠클린엣지황사방역마스크(KF94)(흰색,검정색)","디에이치케이대도(주)","분진포집효율 부적합",Y,20231212000000,20230918,202107266,5088601773,"",
"훼로맥스액(폴리말토오스수산화제이철착염)","한미약품(주)","이물 혼입 우려에 따른 영업자 회수",N,20231012000000,20230911,199902726,1248700613,"8806435039903,8806435039910,8806435039927,8806435039934,8806435039941,8806435039958,8806435039965",199902726
"세코라시럽","하나제약(주)","시판후 안정성 시험에서 함량 부적합(아세틸시스테인)에 따른 영업자 회수",N,20231012000000,20230908,202007568,1248137632,"8806578074205,8806578074212,8806578074229,8806578074304,8806578074311",202007568
"씨케이지구자","씨케이(주)","품질부적합(성상)",Y,20231012000000,20230906,200612517,2048123491,"8800619012706,8800619012713,8800619012720,8800619012737",
"말편한황사마스크(KF80)(대형,소형)","주식회사실리만","분진포집효율 부적합",Y,20230927000000,20230906,202103868,1078740449,"",
"현진내복자","(주)현진제약","잔류농약",Y,20231004000000,20230901,200504653,2048189192,"8800648003003,8800648003010,8800648003027,8800648003034,8800648003041,8800648003058,8800648003065",
"명문아스피린장용정100mg","명문제약(주)","‘명문아스피린장용정100mg’ 용기에 타사 제품 일부 오포장에 따른 영업자 회수* 타사 제품(아스텍션장용정100밀리그램(아스피린))은 자사 ‘명문아스피린장용정100mg’과 주성분 및 함량이 동일한 제품임",N,20230904000000,20230824,201310207,1248135615,"8806498063808,8806498063815,8806498063822,8806498063839",201310207
"엔탭허브대황주증","(주)엔탭허브","성상(이물, 곤충 혼입)",Y,20230912000000,20230822,202006317,3308101200,"8800626006200,8800626006217,8800626006224",
"마미렉틴장용정","동국제약(주)","안정성시험(18개월) 중 일부 항목(개개유연물질) 부적합 결과에 따른 영업자 회수",N,20230914000000,20230821,202203701,3018508241,"8806534052506,8806534052513,8806534052520",
"다온절패모","농업회사법인다온허브주식회사","품질부적합(중금속(카드뮴))",Y,20230915000000,20230821,201102667,3268101725,"8800633006002,8800633006019,8800633006026,8800633006033",
"조화몰약","(주)조화제약","회분, 산불용성회분",Y,20230905000000,20230821,201105154,1328625049,"8800700030701,8800700030718,8800700030725,8800700030732",
"뽀솜다이어리생리대중형","주식회사 리만바이오","품질부적합(흡수량)",Y,20231005000000,20230818,202204560,1068688822,"",
"카모딕스현탁정156.25밀리그람(아목시실린·클라불란산칼륨(4:1))","삼아제약(주)","자진회수",N,20230922000000,20230818,200400790,1388105823,"8806457010805,8806457010812,8806457010829",
"아이소렐에이60밀리그램주사액[비스쿰알붐(아종:아비에티스) 60밀리그램에서 추출한 수용성엑스]","(주)엔엠제약","제조소 소재지 변경(허가) 없이 수입·판매",N,20230915000000,20230810,201104669,2158703139,"8806859000206,8806859000213,8806859000220,8806859000237",
"아이소렐에이36밀리그램 주사액 [비스쿰알붐 (아종: 아비에티스) 60밀리그램에서 추출한수용성엑스]","(주)엔엠제약","제조소 소재지 변경(허가) 없이 수입·판매",N,20230915000000,20230810,201107934,2158703139,"8806859000701,8806859000718,8806859000725,8806859000732",
"아이소렐 에이 24밀리그램 주사액 [비스쿰알붐(아종: 아비에티스 60밀리그램에서 추출한수용성엑스]","(주)엔엠제약","제조소 소재지 변경(허가) 없이 수입·판매",N,20230915000000,20230810,201107933,2158703139,"8806859000602,8806859000619,8806859000626,8806859000633",
"아이소렐에이12밀리그램 주사액 [비스쿰알붐(아종: 아비에티스) 60밀리그램에서 추출한 수용성엑스]","(주)엔엠제약","제조소 소재지 변경(허가) 없이 수입·판매",N,20230915000000,20230810,201107932,2158703139,"8806859000503,8806859000510,8806859000527,8806859000534",
"아이소렐에이6밀리그램 주사액 [비스쿰알붐 (아종: 아비에티스) 60밀리그램에서 추출한 수용성엑스]","(주)엔엠제약","제조소 소재지 변경(허가) 없이 수입·판매",N,20230915000000,20230810,201107931,2158703139,"8806859000404,8806859000411,8806859000428,8806859000435",
"아이소렐에이1밀리그램 주사액 [비스쿰알붐 (아종: 아비에티스) 60밀리그램에서 추출한 수용성엑스]","(주)엔엠제약","제조소 소재지 변경(허가) 없이 수입·판매",N,20230915000000,20230810,201107930,2158703139,"8806859000305,8806859000312,8806859000329,8806859000336",
"몰시톤정4밀리그램(몰시도민)","에리슨제약(주)","안정성시험(장기)결과 NMOR(N-니트로소몰포린) 초과검출에 따라 사전 예방적 조치로 영업자 회수",N,20231004000000,20230809,199802244,1248707538,"8806205000508,8806205000515,8806205000522,8806205000539,8806205000546,8806205000553,8806205000560,8806533001901,8806533001918",
"나눔전호","나눔제약주식회사","카드뮴 부적합",Y,20230810000000,20230807,201406286,5058176945,"8800610024906,8800610024913,8800610039702,8800610039719",
"코러스세파클러캅셀250밀리그람(수출명:KEFACCAP)","한국코러스(주)","동일 제품 중 다른 포장단위 제품의 표시라벨을 오부착 함에 따른 영업자회수",N,20230829000000,20230801,199502840,2058140116,"8806472008504,8806472008511,8806472008528,8806472008535,8806472008542,8806472008559,8806472008566,8806472008573",
"노게스타정1.5밀리그램(레보노르게스트렐)","(주)다산제약","최신 영국약전 개정내용 미반영된 제조번호에 대한 영업자회수",N,20230925000000,20230727,202107744,1058184395,"8806786019609,8806786019616",
"이머트라정(레보노르게스트렐)","삼성제약(주)","최신 영국약전 개정내용 미반영된 제조번호에 대한 영업자회수",N,20230821000000,20230726,201902241,2078100726,"8806423076507,8806423076514",
"모드콜노즈시럽","(주)종근당","누설(누액) 등 직접 용기 불량으로 인한 영업자회수",N,20230818000000,20230721,202007833,3128560679,"8806433086602,8806433086619,8806433092603,8806433092610,8806433092627,8806433092900,8806433092917,8806433092924",202007833
"모드콜코프시럽","(주)종근당","누설(누액) 등 직접 용기 불량으로 인한 영업자회수",N,20230818000000,20230721,202203444,3128560679,"8806433090609,8806433090616,8806433090623,8806433090708,8806433090715,8806433090722",202203444
"모드콜콜드시럽","(주)종근당","누설(누액) 등 직접 용기 불량으로 인한 영업자회수",N,20230818000000,20230721,202203513,3128560679,"8806433090401,8806433090418,8806433090425,8806433090500,8806433090517,8806433090524",202203513
"레큐틴정(트리메부틴말레산염)","한국휴텍스제약(주)","허가(신고)사항과 다르게 제조",Y,20230926000000,20230721,198700060,1128122382,"8806491001708,8806491001715,8806491001722,8806491001739,8806491001746,8806491001753,8806491001760",198700060
"록사신정(록시트로마이신)","한국휴텍스제약(주)","허가(신고)사항과 다르게 제조",Y,20230926000000,20230721,199700106,1128122382,"8806491002101,8806491002118,8806491002125",
"에디정(침강탄산칼슘)","한국휴텍스제약(주)","허가(신고)사항과 다르게 제조",Y,20230926000000,20230721,199304554,1128122382,"8806491007304,8806491007311,8806491007328,8806491007335,8806491007342",
"잘나겔정(알마게이트)","한국휴텍스제약(주)","허가(신고)사항과 다르게 제조",Y,20230926000000,20230721,201400606,1128122382,"8806491022604,8806491022611",
"휴모사정(모사프리드시트르산염수화물)","한국휴텍스제약(주)","허가(신고)사항과 다르게 제조",Y,20230926000000,20230721,201207713,1128122382,"8806491020204,8806491020211,8806491020228",
"휴텍스에이에이피정325밀리그람(아세트아미노펜제피세립)","한국휴텍스제약(주)","허가(신고)사항과 다르게 제조",Y,20230926000000,20230721,199600089,1128122382,"8806491013206,8806491013213,8806491013220,8806491013237,8806491013244",
"메디렌즈워시액(염화나트륨)","(주)코리아메디케어","이물혼입",N,20231011000000,20230717,201700106,3828600416,"",
